250, 50176, 1, 0, 0
350, 51840, 1, 0, 0
450, 53120, 1, 0, 0
550, 48640, 1, 0, 0
650, 49920, 1, 0, 0
749, 47838, 1, 0, 0
849, 52480, 1, 0, 0
949, 51200, 1, 0, 0
1049, 49280, 1, 0, 0
1149, 48640, 1, 0, 0
1249, 50560, 1, 0, 0
1349, 51840, 1, 0, 0
1449, 49280, 1, 0, 0
1549, 48000, 1, 0, 0
1649, 51200, 1, 0, 0
1750, 52480, 1, 0, 0
1850, 53760, 1, 0, 0
1950, 51840, 1, 0, 0
2050, 52480, 1, 0, 0
2150, 49280, 1, 0, 0
2249, 53010, 1, 0, 0
2349, 53120, 1, 0, 0
2449, 51200, 1, 0, 0
2549, 51840, 1, 0, 0
2649, 49280, 1, 0, 0
2749, 53120, 1, 0, 0
2849, 50560, 1, 0, 0
2949, 51200, 1, 0, 0
3049, 49920, 1, 0, 0
3149, 52480, 1, 0, 0
3249, 50560, 1, 0, 0
3349, 54400, 1, 0, 0
3450, 50560, 1, 0, 0
3550, 50560, 1, 0, 0
3650, 53760, 1, 0, 0
3749, 51717, 1, 0, 0
3849, 52480, 1, 0, 0
3949, 50560, 1, 0, 0
4049, 51840, 1, 0, 0
4149, 50560, 1, 0, 0
4249, 52480, 1, 0, 0
4349, 55680, 1, 0, 0
4449, 52480, 1, 0, 0
4549, 51200, 1, 0, 0
4649, 51840, 1, 0, 0
4749, 53120, 1, 0, 0
4849, 52480, 1, 0, 0
4949, 51200, 1, 0, 0
5050, 53760, 1, 0, 0
5150, 52480, 1, 0, 0
5249, 53010, 1, 0, 0
5349, 51200, 1, 0, 0
5449, 51840, 1, 0, 0
5549, 48000, 1, 0, 0
5649, 52480, 1, 0, 0
5749, 52480, 1, 0, 0
5849, 49280, 1, 0, 0
5949, 49920, 1, 0, 0
6049, 51840, 1, 0, 0
6149, 51200, 1, 0, 0
6249, 50560, 1, 0, 0
6349, 50560, 1, 0, 0
6449, 51200, 1, 0, 0
6549, 53760, 1, 0, 0
6650, 51200, 1, 0, 0
6750, 53120, 1, 0, 0
6850, 50560, 1, 0, 0
6950, 53120, 1, 0, 0
7050, 48640, 1, 0, 0
7150, 51200, 1, 0, 0
7249, 53010, 1, 0, 0
7349, 51200, 1, 0, 0
7449, 50560, 1, 0, 0
7549, 52480, 1, 0, 0
7649, 54400, 1, 0, 0
7749, 46720, 1, 0, 0
7849, 49920, 1, 0, 0
7949, 51200, 1, 0, 0
8049, 51840, 1, 0, 0
8149, 49280, 1, 0, 0
8250, 50560, 1, 0, 0
8350, 53120, 1, 0, 0
8450, 52480, 1, 0, 0
8550, 53760, 1, 0, 0
8650, 52480, 1, 0, 0
8749, 53010, 1, 0, 0
8849, 52480, 1, 0, 0
8949, 49920, 1, 0, 0
9049, 48640, 1, 0, 0
9149, 51840, 1, 0, 0
9249, 51840, 1, 0, 0
9349, 49920, 1, 0, 0
9449, 51840, 1, 0, 0
9549, 53120, 1, 0, 0
9649, 49280, 1, 0, 0
9749, 52480, 1, 0, 0
9849, 49920, 1, 0, 0
9950, 53760, 1, 0, 0
10050, 53760, 1, 0, 0
10150, 51840, 1, 0, 0
10249, 54303, 1, 0, 0
10349, 54400, 1, 0, 0
10449, 53760, 1, 0, 0
10549, 51840, 1, 0, 0
10649, 51200, 1, 0, 0
10749, 54400, 1, 0, 0
10849, 53120, 1, 0, 0
10949, 53120, 1, 0, 0
11049, 51840, 1, 0, 0
11149, 50560, 1, 0, 0
11249, 53120, 1, 0, 0
11349, 53120, 1, 0, 0
11449, 52480, 1, 0, 0
11550, 52480, 1, 0, 0
11650, 53120, 1, 0, 0
11749, 49777, 1, 0, 0
11849, 53760, 1, 0, 0
11949, 56320, 1, 0, 0
12049, 53760, 1, 0, 0
12149, 51200, 1, 0, 0
12249, 52480, 1, 0, 0
12349, 55040, 1, 0, 0
12449, 53120, 1, 0, 0
12549, 52480, 1, 0, 0
12649, 52480, 1, 0, 0
12749, 52480, 1, 0, 0
12849, 51840, 1, 0, 0
12949, 53120, 1, 0, 0
13049, 52480, 1, 0, 0
13149, 53120, 1, 0, 0
13250, 51840, 1, 0, 0
13350, 55040, 1, 0, 0
13450, 49920, 1, 0, 0
13550, 54400, 1, 0, 0
13650, 49280, 1, 0, 0
13749, 51717, 1, 0, 0
13849, 52480, 1, 0, 0
13949, 55680, 1, 0, 0
14049, 55040, 1, 0, 0
14149, 55680, 1, 0, 0
14249, 56960, 1, 0, 0
14349, 52480, 1, 0, 0
14449, 58880, 1, 0, 0
14549, 53760, 1, 0, 0
14649, 53760, 1, 0, 0
14749, 54400, 1, 0, 0
14850, 55040, 1, 0, 0
14950, 53120, 1, 0, 0
15050, 54400, 1, 0, 0
15150, 53120, 1, 0, 0
15249, 54303, 1, 0, 0
15349, 54400, 1, 0, 0
15449, 51200, 1, 0, 0
15549, 53760, 1, 0, 0
15649, 52480, 1, 0, 0
15749, 51200, 1, 0, 0
15849, 54400, 1, 0, 0
15949, 52480, 1, 0, 0
16049, 52480, 1, 0, 0
16149, 51840, 1, 0, 0
16249, 56320, 1, 0, 0
16349, 56320, 1, 0, 0
16450, 53120, 1, 0, 0
16550, 53760, 1, 0, 0
16650, 52480, 1, 0, 0
16749, 54303, 1, 0, 0
16849, 55040, 1, 0, 0
16949, 51840, 1, 0, 0
17049, 52480, 1, 0, 0
17149, 50560, 1, 0, 0
17249, 55040, 1, 0, 0
17349, 52480, 1, 0, 0
17449, 56960, 1, 0, 0
17549, 54400, 1, 0, 0
17649, 53760, 1, 0, 0
17749, 53760, 1, 0, 0
17849, 53120, 1, 0, 0
17949, 53120, 1, 0, 0
18050, 49280, 1, 0, 0
18150, 54400, 1, 0, 0
18249, 52363, 1, 0, 0
18349, 51840, 1, 0, 0
18449, 53120, 1, 0, 0
18549, 51840, 1, 0, 0
18649, 48640, 1, 0, 0
18749, 54400, 1, 0, 0
18849, 55680, 1, 0, 0
18949, 50560, 1, 0, 0
19049, 49920, 1, 0, 0
19149, 51840, 1, 0, 0
19249, 54400, 1, 0, 0
19349, 54400, 1, 0, 0
19449, 55040, 1, 0, 0
19549, 52480, 1, 0, 0
19650, 53120, 1, 0, 0
19750, 53120, 1, 0, 0
19850, 51840, 1, 0, 0
19950, 56960, 1, 0, 0
20050, 55680, 1, 0, 0
20150, 49280, 1, 0, 0
20249, 53010, 1, 0, 0
20349, 51200, 1, 0, 0
20449, 51840, 1, 0, 0
20549, 51840, 1, 0, 0
20649, 52480, 1, 0, 0
20749, 54400, 1, 0, 0
20849, 53120, 1, 0, 0
20949, 49920, 1, 0, 0
21049, 52480, 1, 0, 0
21149, 55040, 1, 0, 0
21250, 53760, 1, 0, 0
21350, 58240, 1, 0, 0
21450, 53760, 1, 0, 0
21550, 54400, 1, 0, 0
21650, 52480, 1, 0, 0
21749, 53010, 1, 0, 0
21849, 54400, 1, 0, 0
21949, 55040, 1, 0, 0
22049, 55040, 1, 0, 0
22149, 51840, 1, 0, 0
22249, 53760, 1, 0, 0
22349, 53760, 1, 0, 0
22449, 52480, 1, 0, 0
22549, 54400, 1, 0, 0
22649, 56320, 1, 0, 0
22750, 56320, 1, 0, 0
22850, 53760, 1, 0, 0
22950, 53760, 1, 0, 0
23050, 50560, 1, 0, 0
23150, 55680, 1, 0, 0
23249, 53010, 1, 0, 0
23349, 51840, 1, 0, 0
23449, 53760, 1, 0, 0
23549, 52480, 1, 0, 0
23649, 56320, 1, 0, 0
23749, 52480, 1, 0, 0
23849, 57600, 1, 0, 0
23949, 55040, 1, 0, 0
24049, 54400, 1, 0, 0
24149, 53760, 1, 0, 0
24249, 54400, 1, 0, 0
24349, 51840, 1, 0, 0
24449, 53120, 1, 0, 0
24550, 53120, 1, 0, 0
24650, 53120, 1, 0, 0
24749, 53010, 1, 0, 0
24849, 51840, 1, 0, 0
24949, 53760, 1, 0, 0
25049, 53120, 1, 0, 0
25149, 55680, 1, 0, 0
25249, 55040, 1, 0, 0
25349, 55040, 1, 0, 0
25449, 55040, 1, 0, 0
25549, 54400, 1, 0, 0
25649, 55680, 1, 0, 0
25749, 55040, 1, 0, 0
25849, 52480, 1, 0, 0
25949, 51840, 1, 0, 0
26049, 54400, 1, 0, 0
26150, 54400, 1, 0, 0
26249, 53656, 1, 0, 0
26349, 54400, 1, 0, 0
26449, 55680, 1, 0, 0
26549, 53120, 1, 0, 0
26649, 55680, 1, 0, 0
26749, 55040, 1, 0, 0
26849, 52480, 1, 0, 0
26949, 56960, 1, 0, 0
27049, 52480, 1, 0, 0
27149, 49920, 1, 0, 0
27249, 58240, 1, 0, 0
27349, 53760, 1, 0, 0
27449, 57600, 1, 0, 0
27549, 55680, 1, 0, 0
27649, 55040, 1, 0, 0
27750, 57600, 1, 0, 0
27850, 54400, 1, 0, 0
27950, 54400, 1, 0, 0
28050, 54400, 1, 0, 0
28150, 55680, 1, 0, 0
28249, 54303, 1, 0, 0
28349, 55680, 1, 0, 0
28449, 53760, 1, 0, 0
28549, 54400, 1, 0, 0
28649, 52480, 1, 0, 0
28749, 53760, 1, 0, 0
28849, 55680, 1, 0, 0
28949, 54400, 1, 0, 0
29049, 50560, 1, 0, 0
29149, 54400, 1, 0, 0
29249, 58240, 1, 0, 0
29350, 52480, 1, 0, 0
29450, 55680, 1, 0, 0
29550, 54400, 1, 0, 0
29650, 55040, 1, 0, 0
29749, 54303, 1, 0, 0
29849, 55040, 1, 0, 0
29949, 55680, 1, 0, 0
30049, 55680, 1, 0, 0
30149, 52480, 1, 0, 0
30249, 51200, 1, 0, 0
30349, 55040, 1, 0, 0
30449, 53120, 1, 0, 0
30549, 54400, 1, 0, 0
30649, 53760, 1, 0, 0
30749, 53760, 1, 0, 0
30849, 55680, 1, 0, 0
30949, 53760, 1, 0, 0
31050, 55040, 1, 0, 0
31150, 55040, 1, 0, 0
31249, 58181, 1, 0, 0
31349, 53760, 1, 0, 0
31449, 52480, 1, 0, 0
31549, 51840, 1, 0, 0
31649, 53760, 1, 0, 0
31749, 53120, 1, 0, 0
31849, 55040, 1, 0, 0
31949, 53120, 1, 0, 0
32049, 53760, 1, 0, 0
32149, 55680, 1, 0, 0
32249, 55040, 1, 0, 0
32349, 51200, 1, 0, 0
32449, 55040, 1, 0, 0
32549, 52480, 1, 0, 0
32650, 53120, 1, 0, 0
32749, 56242, 1, 0, 0
32849, 53760, 1, 0, 0
32949, 55040, 1, 0, 0
33049, 54400, 1, 0, 0
33149, 54400, 1, 0, 0
33249, 53120, 1, 0, 0
33349, 56320, 1, 0, 0
33449, 55680, 1, 0, 0
33549, 53120, 1, 0, 0
33649, 55040, 1, 0, 0
33749, 58880, 1, 0, 0
33849, 55680, 1, 0, 0
33949, 55680, 1, 0, 0
34049, 56960, 1, 0, 0
34149, 55040, 1, 0, 0
34250, 53120, 1, 0, 0
34350, 53760, 1, 0, 0
34450, 55040, 1, 0, 0
34550, 56320, 1, 0, 0
34650, 55680, 1, 0, 0
34749, 58181, 1, 0, 0
34849, 56320, 1, 0, 0
34949, 56320, 1, 0, 0
35049, 54400, 1, 0, 0
35149, 55680, 1, 0, 0
35249, 53760, 1, 0, 0
35349, 54400, 1, 0, 0
35449, 55040, 1, 0, 0
35549, 55680, 1, 0, 0
35649, 52480, 1, 0, 0
35749, 52480, 1, 0, 0
35849, 53760, 1, 0, 0
35950, 50560, 1, 0, 0
36050, 55680, 1, 0, 0
36150, 55680, 1, 0, 0
36249, 55595, 1, 0, 0
36349, 55680, 1, 0, 0
36449, 54400, 1, 0, 0
36549, 53120, 1, 0, 0
36649, 55040, 1, 0, 0
36749, 54400, 1, 0, 0
36849, 53120, 1, 0, 0
36949, 58880, 1, 0, 0
37049, 56320, 1, 0, 0
37149, 56320, 1, 0, 0
37249, 55680, 1, 0, 0
37349, 52480, 1, 0, 0
37449, 56960, 1, 0, 0
37550, 54400, 1, 0, 0
37650, 53760, 1, 0, 0
37749, 56242, 1, 0, 0
37849, 55680, 1, 0, 0
37949, 57600, 1, 0, 0
38049, 53760, 1, 0, 0
38149, 54400, 1, 0, 0
38249, 55680, 1, 0, 0
38349, 54400, 1, 0, 0
38449, 56960, 1, 0, 0
38549, 55680, 1, 0, 0
38649, 56960, 1, 0, 0
38749, 56960, 1, 0, 0
38849, 52480, 1, 0, 0
38949, 54400, 1, 0, 0
39049, 53760, 1, 0, 0
39149, 53120, 1, 0, 0
39250, 52480, 1, 0, 0
39350, 56960, 1, 0, 0
39450, 54400, 1, 0, 0
39550, 56960, 1, 0, 0
39650, 56320, 1, 0, 0
39749, 56888, 1, 0, 0
39849, 54400, 1, 0, 0
39949, 52480, 1, 0, 0
40049, 55680, 1, 0, 0
40149, 55680, 1, 0, 0
40249, 56320, 1, 0, 0
40349, 54400, 1, 0, 0
40449, 55680, 1, 0, 0
40549, 56320, 1, 0, 0
40649, 56960, 1, 0, 0
40749, 51840, 1, 0, 0
40850, 51200, 1, 0, 0
40950, 55040, 1, 0, 0
41050, 53760, 1, 0, 0
41150, 56320, 1, 0, 0
41249, 53010, 1, 0, 0
41349, 58880, 1, 0, 0
41449, 56320, 1, 0, 0
41549, 54400, 1, 0, 0
41649, 55680, 1, 0, 0
41749, 56960, 1, 0, 0
41849, 58880, 1, 0, 0
41949, 55680, 1, 0, 0
42049, 55040, 1, 0, 0
42149, 56960, 1, 0, 0
42249, 55680, 1, 0, 0
42349, 52480, 1, 0, 0
42450, 56320, 1, 0, 0
42550, 54400, 1, 0, 0
42650, 56960, 1, 0, 0
42749, 52363, 1, 0, 0
42849, 53760, 1, 0, 0
42949, 54400, 1, 0, 0
43049, 55680, 1, 0, 0
43149, 53120, 1, 0, 0
43249, 55680, 1, 0, 0
43349, 55040, 1, 0, 0
43449, 55040, 1, 0, 0
43549, 53760, 1, 0, 0
43649, 54400, 1, 0, 0
43749, 51840, 1, 0, 0
43849, 55040, 1, 0, 0
43949, 51200, 1, 0, 0
44050, 55680, 1, 0, 0
44150, 53120, 1, 0, 0
44249, 54303, 1, 0, 0
44349, 51200, 1, 0, 0
44449, 55680, 1, 0, 0
44549, 55040, 1, 0, 0
44649, 55040, 1, 0, 0
44749, 56960, 1, 0, 0
44849, 55040, 1, 0, 0
44949, 55040, 1, 0, 0
45049, 54400, 1, 0, 0
45149, 55680, 1, 0, 0
45249, 55680, 1, 0, 0
45349, 54400, 1, 0, 0
45449, 58880, 1, 0, 0
45550, 56320, 1, 0, 0
45650, 55040, 1, 0, 0
45749, 55595, 1, 0, 0
45849, 49920, 1, 0, 0
45949, 54400, 1, 0, 0
46049, 53760, 1, 0, 0
46149, 57600, 1, 0, 0
46249, 56320, 1, 0, 0
46349, 56320, 1, 0, 0
46449, 57600, 1, 0, 0
46549, 55040, 1, 0, 0
46649, 55040, 1, 0, 0
46749, 53760, 1, 0, 0
46849, 58240, 1, 0, 0
46949, 58240, 1, 0, 0
47049, 52480, 1, 0, 0
47150, 55040, 1, 0, 0
47250, 55040, 1, 0, 0
47350, 56960, 1, 0, 0
47450, 55680, 1, 0, 0
47550, 55680, 1, 0, 0
47650, 58880, 1, 0, 0
47749, 57535, 1, 0, 0
47849, 55040, 1, 0, 0
47949, 56960, 1, 0, 0
48049, 55040, 1, 0, 0
48149, 58880, 1, 0, 0
48249, 55040, 1, 0, 0
48349, 53120, 1, 0, 0
48449, 54400, 1, 0, 0
48549, 55680, 1, 0, 0
48649, 54400, 1, 0, 0
48750, 50560, 1, 0, 0
48850, 53760, 1, 0, 0
48950, 53760, 1, 0, 0
49050, 55680, 1, 0, 0
49150, 53760, 1, 0, 0
49249, 56242, 1, 0, 0
49349, 55680, 1, 0, 0
49449, 51840, 1, 0, 0
49549, 54400, 1, 0, 0
49649, 55680, 1, 0, 0
49749, 54400, 1, 0, 0
49849, 53760, 1, 0, 0
49949, 54400, 1, 0, 0
50049, 54400, 1, 0, 0
50149, 56960, 1, 0, 0
50250, 56320, 1, 0, 0
50350, 52480, 1, 0, 0
50450, 55680, 1, 0, 0
50550, 53120, 1, 0, 0
50650, 54400, 1, 0, 0
50749, 57535, 1, 0, 0
50849, 56960, 1, 0, 0
50949, 53760, 1, 0, 0
51049, 54400, 1, 0, 0
51149, 56960, 1, 0, 0
51249, 53120, 1, 0, 0
51349, 55040, 1, 0, 0
51449, 56320, 1, 0, 0
51549, 56960, 1, 0, 0
51649, 55040, 1, 0, 0
51749, 55040, 1, 0, 0
51850, 57600, 1, 0, 0
51950, 55040, 1, 0, 0
52050, 55040, 1, 0, 0
52150, 56960, 1, 0, 0
52249, 58181, 1, 0, 0
52349, 55040, 1, 0, 0
52449, 56320, 1, 0, 0
52549, 53760, 1, 0, 0
52649, 58240, 1, 0, 0
52749, 55040, 1, 0, 0
52849, 56320, 1, 0, 0
52949, 56320, 1, 0, 0
53049, 55680, 1, 0, 0
53149, 54400, 1, 0, 0
53249, 57600, 1, 0, 0
53350, 56320, 1, 0, 0
53450, 58240, 1, 0, 0
53550, 56320, 1, 0, 0
53650, 56960, 1, 0, 0
53749, 58181, 1, 0, 0
53849, 55040, 1, 0, 0
53949, 56960, 1, 0, 0
54049, 55680, 1, 0, 0
54149, 57600, 1, 0, 0
54249, 56320, 1, 0, 0
54349, 56320, 1, 0, 0
54449, 58240, 1, 0, 0
54549, 55040, 1, 0, 0
54649, 55680, 1, 0, 0
54749, 55680, 1, 0, 0
54849, 55680, 1, 0, 0
54949, 55680, 1, 0, 0
55050, 57600, 1, 0, 0
55150, 55040, 1, 0, 0
55249, 56888, 1, 0, 0
55349, 53120, 1, 0, 0
55449, 55680, 1, 0, 0
55549, 57600, 1, 0, 0
55649, 55040, 1, 0, 0
55749, 57600, 1, 0, 0
55849, 55680, 1, 0, 0
55949, 58240, 1, 0, 0
56049, 56320, 1, 0, 0
56149, 58880, 1, 0, 0
56249, 57600, 1, 0, 0
56349, 53760, 1, 0, 0
56449, 55040, 1, 0, 0
56549, 58880, 1, 0, 0
56650, 56960, 1, 0, 0
56749, 55595, 1, 0, 0
56849, 57600, 1, 0, 0
56949, 55040, 1, 0, 0
57049, 55040, 1, 0, 0
57149, 56320, 1, 0, 0
57249, 57600, 1, 0, 0
57349, 54400, 1, 0, 0
57449, 56960, 1, 0, 0
57549, 55680, 1, 0, 0
57649, 55680, 1, 0, 0
57749, 58880, 1, 0, 0
57849, 57600, 1, 0, 0
57949, 57600, 1, 0, 0
58049, 55680, 1, 0, 0
58149, 53760, 1, 0, 0
58250, 57600, 1, 0, 0
58350, 55680, 1, 0, 0
58450, 56960, 1, 0, 0
58550, 58880, 1, 0, 0
58650, 56320, 1, 0, 0
58749, 58828, 1, 0, 0
58849, 57600, 1, 0, 0
58949, 53120, 1, 0, 0
59049, 55680, 1, 0, 0
59149, 56320, 1, 0, 0
59249, 55680, 1, 0, 0
59349, 56320, 1, 0, 0
59449, 55040, 1, 0, 0
59549, 55680, 1, 0, 0
59649, 56320, 1, 0, 0
59749, 57600, 1, 0, 0
59850, 57600, 1, 0, 0
59950, 57600, 1, 0, 0
60050, 57600, 1, 0, 0
60150, 58240, 1, 0, 0
60249, 54949, 1, 0, 0
60349, 56960, 1, 0, 0
60449, 56960, 1, 0, 0
60549, 57600, 1, 0, 0
60649, 55680, 1, 0, 0
60749, 55680, 1, 0, 0
60849, 55680, 1, 0, 0
60949, 55680, 1, 0, 0
61049, 52480, 1, 0, 0
61149, 54400, 1, 0, 0
61249, 57600, 1, 0, 0
61349, 56960, 1, 0, 0
61449, 58880, 1, 0, 0
61550, 55680, 1, 0, 0
61650, 57600, 1, 0, 0
61749, 58181, 1, 0, 0
61849, 55040, 1, 0, 0
61949, 54400, 1, 0, 0
62049, 54400, 1, 0, 0
62149, 55040, 1, 0, 0
62249, 58880, 1, 0, 0
62349, 56320, 1, 0, 0
62449, 55040, 1, 0, 0
62549, 56320, 1, 0, 0
62649, 56960, 1, 0, 0
62749, 56960, 1, 0, 0
62849, 58880, 1, 0, 0
62949, 57600, 1, 0, 0
63050, 59520, 1, 0, 0
63150, 55040, 1, 0, 0
63249, 53656, 1, 0, 0
63349, 55040, 1, 0, 0
63449, 53760, 1, 0, 0
63549, 52480, 1, 0, 0
63649, 55040, 1, 0, 0
63749, 55040, 1, 0, 0
63849, 53120, 1, 0, 0
63949, 56960, 1, 0, 0
64049, 55680, 1, 0, 0
64149, 56960, 1, 0, 0
64249, 54400, 1, 0, 0
64349, 58240, 1, 0, 0
64449, 60160, 1, 0, 0
64549, 55040, 1, 0, 0
64649, 56320, 1, 0, 0
64750, 55040, 1, 0, 0
64850, 56960, 1, 0, 0
64950, 56320, 1, 0, 0
65050, 56320, 1, 0, 0
65150, 55680, 1, 0, 0
65249, 60121, 1, 0, 0
65349, 55040, 1, 0, 0
65449, 52480, 1, 0, 0
65549, 56320, 1, 0, 0
65649, 56960, 1, 0, 0
65749, 54400, 1, 0, 0
65849, 54400, 1, 0, 0
65949, 58240, 1, 0, 0
66049, 56320, 1, 0, 0
66149, 55680, 1, 0, 0
66250, 53760, 1, 0, 0
66350, 56320, 1, 0, 0
66450, 54400, 1, 0, 0
66550, 57600, 1, 0, 0
66650, 56960, 1, 0, 0
66749, 56242, 1, 0, 0
66849, 56320, 1, 0, 0
66949, 55680, 1, 0, 0
67049, 55680, 1, 0, 0
67149, 55680, 1, 0, 0
67249, 55680, 1, 0, 0
67349, 57600, 1, 0, 0
67449, 57600, 1, 0, 0
67549, 58880, 1, 0, 0
67649, 55040, 1, 0, 0
67750, 55040, 1, 0, 0
67850, 55040, 1, 0, 0
67950, 53760, 1, 0, 0
68050, 58880, 1, 0, 0
68150, 55680, 1, 0, 0
68249, 53010, 1, 0, 0
68349, 56320, 1, 0, 0
68449, 56960, 1, 0, 0
68549, 56960, 1, 0, 0
68649, 57600, 1, 0, 0
68749, 56320, 1, 0, 0
68849, 55040, 1, 0, 0
68949, 58240, 1, 0, 0
69049, 55040, 1, 0, 0
69149, 56960, 1, 0, 0
69249, 57600, 1, 0, 0
69349, 57600, 1, 0, 0
69450, 57600, 1, 0, 0
69550, 58880, 1, 0, 0
69650, 60800, 1, 0, 0
69749, 56888, 1, 0, 0
69849, 57600, 1, 0, 0
69949, 58240, 1, 0, 0
70049, 56320, 1, 0, 0
70149, 56960, 1, 0, 0
70249, 56320, 1, 0, 0
70349, 56960, 1, 0, 0
70449, 58240, 1, 0, 0
70549, 56960, 1, 0, 0
70649, 56320, 1, 0, 0
70749, 56320, 1, 0, 0
70849, 58880, 1, 0, 0
70949, 58880, 1, 0, 0
71049, 58880, 1, 0, 0
71150, 58880, 1, 0, 0
71250, 57600, 1, 0, 0
71350, 58240, 1, 0, 0
71450, 55680, 1, 0, 0
71550, 55680, 1, 0, 0
71650, 60800, 1, 0, 0
71749, 57535, 1, 0, 0
71849, 53760, 1, 0, 0
71949, 58880, 1, 0, 0
72049, 57600, 1, 0, 0
72149, 56320, 1, 0, 0
72249, 58240, 1, 0, 0
72349, 58240, 1, 0, 0
72449, 55680, 1, 0, 0
72549, 53760, 1, 0, 0
72649, 56960, 1, 0, 0
72750, 56960, 1, 0, 0
72850, 57600, 1, 0, 0
72950, 58240, 1, 0, 0
73050, 56320, 1, 0, 0
73150, 54400, 1, 0, 0
73249, 53010, 1, 0, 0
73349, 56960, 1, 0, 0
73449, 56320, 1, 0, 0
73549, 55040, 1, 0, 0
73649, 55680, 1, 0, 0
73749, 58240, 1, 0, 0
73849, 54400, 1, 0, 0
73949, 57600, 1, 0, 0
74049, 57600, 1, 0, 0
74149, 58240, 1, 0, 0
74250, 55680, 1, 0, 0
74350, 58880, 1, 0, 0
74450, 56320, 1, 0, 0
74550, 56960, 1, 0, 0
74650, 58880, 1, 0, 0
74749, 54949, 1, 0, 0
74849, 56320, 1, 0, 0
74949, 56960, 1, 0, 0
75049, 60160, 1, 0, 0
75149, 57600, 1, 0, 0
75249, 57600, 1, 0, 0
75349, 59520, 1, 0, 0
75449, 58240, 1, 0, 0
75549, 58880, 1, 0, 0
75649, 56320, 1, 0, 0
75749, 54400, 1, 0, 0
75850, 55680, 1, 0, 0
75950, 56960, 1, 0, 0
76050, 56320, 1, 0, 0
76150, 56960, 1, 0, 0
76249, 56888, 1, 0, 0
76349, 58240, 1, 0, 0
76449, 57600, 1, 0, 0
76549, 57600, 1, 0, 0
76649, 57600, 1, 0, 0
76749, 56960, 1, 0, 0
76849, 57600, 1, 0, 0
76949, 57600, 1, 0, 0
77049, 57600, 1, 0, 0
77149, 58240, 1, 0, 0
77249, 58240, 1, 0, 0
77349, 58880, 1, 0, 0
77450, 57600, 1, 0, 0
77550, 57600, 1, 0, 0
77650, 56960, 1, 0, 0
77749, 55595, 1, 0, 0
77849, 56320, 1, 0, 0
77949, 55040, 1, 0, 0
78049, 60160, 1, 0, 0
78149, 61440, 1, 0, 0
78249, 56960, 1, 0, 0
78349, 57600, 1, 0, 0
78449, 56960, 1, 0, 0
78549, 57600, 1, 0, 0
78649, 59520, 1, 0, 0
78749, 58880, 1, 0, 0
78849, 58880, 1, 0, 0
78949, 55040, 1, 0, 0
79050, 59520, 1, 0, 0
79150, 56320, 1, 0, 0
79249, 58181, 1, 0, 0
79349, 55680, 1, 0, 0
79449, 53760, 1, 0, 0
79549, 60160, 1, 0, 0
79649, 57600, 1, 0, 0
79749, 56960, 1, 0, 0
79849, 54400, 1, 0, 0
79949, 58880, 1, 0, 0
80049, 55680, 1, 0, 0
80149, 58880, 1, 0, 0
80249, 56960, 1, 0, 0
80349, 55680, 1, 0, 0
80449, 57600, 1, 0, 0
80549, 55040, 1, 0, 0
80649, 56320, 1, 0, 0
80750, 60160, 1, 0, 0
80850, 58240, 1, 0, 0
80950, 55040, 1, 0, 0
81050, 55040, 1, 0, 0
81150, 55680, 1, 0, 0
81249, 53656, 1, 0, 0
81349, 56320, 1, 0, 0
81449, 57600, 1, 0, 0
81549, 58240, 1, 0, 0
81649, 60160, 1, 0, 0
81749, 57600, 1, 0, 0
81849, 55680, 1, 0, 0
81949, 55040, 1, 0, 0
82049, 57600, 1, 0, 0
82149, 57600, 1, 0, 0
82250, 57600, 1, 0, 0
82350, 55040, 1, 0, 0
82450, 58880, 1, 0, 0
82550, 53760, 1, 0, 0
82650, 56960, 1, 0, 0
82749, 56888, 1, 0, 0
82849, 57600, 1, 0, 0
82949, 57600, 1, 0, 0
83049, 60160, 1, 0, 0
83149, 56320, 1, 0, 0
83249, 61440, 1, 0, 0
83349, 58880, 1, 0, 0
83449, 58880, 1, 0, 0
83549, 58240, 1, 0, 0
83649, 59520, 1, 0, 0
83749, 59520, 1, 0, 0
83849, 57600, 1, 0, 0
83949, 56960, 1, 0, 0
84050, 58240, 1, 0, 0
84150, 58880, 1, 0, 0
84249, 58828, 1, 0, 0
84349, 55680, 1, 0, 0
84449, 58880, 1, 0, 0
84549, 56320, 1, 0, 0
84649, 55040, 1, 0, 0
84749, 54400, 1, 0, 0
84849, 54400, 1, 0, 0
84949, 56960, 1, 0, 0
85049, 54400, 1, 0, 0
85149, 55040, 1, 0, 0
85249, 55680, 1, 0, 0
85349, 56960, 1, 0, 0
85449, 56320, 1, 0, 0
85549, 53760, 1, 0, 0
85650, 55040, 1, 0, 0
85749, 53010, 1, 0, 0
85849, 55040, 1, 0, 0
85949, 54400, 1, 0, 0
86049, 56320, 1, 0, 0
86149, 56960, 1, 0, 0
86249, 55680, 1, 0, 0
86349, 56960, 1, 0, 0
86449, 56320, 1, 0, 0
86549, 56320, 1, 0, 0
86649, 53120, 1, 0, 0
86749, 56960, 1, 0, 0
86849, 60160, 1, 0, 0
86949, 58880, 1, 0, 0
87049, 56320, 1, 0, 0
87149, 58240, 1, 0, 0
87250, 55680, 1, 0, 0
87350, 53760, 1, 0, 0
87450, 59520, 1, 0, 0
87550, 57600, 1, 0, 0
87650, 56960, 1, 0, 0
87749, 56888, 1, 0, 0
87849, 56320, 1, 0, 0
87949, 57600, 1, 0, 0
88049, 57600, 1, 0, 0
88149, 57600, 1, 0, 0
88249, 55040, 1, 0, 0
88349, 56960, 1, 0, 0
88449, 56320, 1, 0, 0
88549, 57600, 1, 0, 0
88649, 59520, 1, 0, 0
88749, 56960, 1, 0, 0
88850, 58880, 1, 0, 0
88950, 56960, 1, 0, 0
89050, 55040, 1, 0, 0
89150, 55680, 1, 0, 0
89249, 56242, 1, 0, 0
89349, 53120, 1, 0, 0
89449, 53760, 1, 0, 0
89549, 55040, 1, 0, 0
89649, 56320, 1, 0, 0
89749, 56320, 1, 0, 0
89849, 54400, 1, 0, 0
89949, 58240, 1, 0, 0
90049, 56960, 1, 0, 0
90149, 56320, 1, 0, 0
90249, 56960, 1, 0, 0
90350, 56960, 1, 0, 0
90450, 57600, 1, 0, 0
90550, 58880, 1, 0, 0
90650, 56320, 1, 0, 0
90749, 58181, 1, 0, 0
90849, 54400, 1, 0, 0
90949, 56960, 1, 0, 0
91049, 58240, 1, 0, 0
91149, 55680, 1, 0, 0
91249, 56320, 1, 0, 0
91349, 55680, 1, 0, 0
91449, 57600, 1, 0, 0
91549, 58240, 1, 0, 0
91649, 59520, 1, 0, 0
91749, 51840, 1, 0, 0
91850, 59520, 1, 0, 0
91950, 56320, 1, 0, 0
92050, 60160, 1, 0, 0
92150, 58240, 1, 0, 0
92249, 56888, 1, 0, 0
92349, 57600, 1, 0, 0
92449, 55680, 1, 0, 0
92549, 57600, 1, 0, 0
92649, 53760, 1, 0, 0
92749, 55680, 1, 0, 0
92849, 56320, 1, 0, 0
92949, 57600, 1, 0, 0
93049, 58880, 1, 0, 0
93149, 57600, 1, 0, 0
93249, 55680, 1, 0, 0
93349, 55040, 1, 0, 0
93449, 55680, 1, 0, 0
93550, 55040, 1, 0, 0
93650, 58880, 1, 0, 0
93749, 57535, 1, 0, 0
93849, 51840, 1, 0, 0
93949, 56320, 1, 0, 0
94049, 57600, 1, 0, 0
94149, 53760, 1, 0, 0
94249, 58240, 1, 0, 0
94349, 59520, 1, 0, 0
94449, 60800, 1, 0, 0
94549, 60160, 1, 0, 0
94649, 55680, 1, 0, 0
94749, 56320, 1, 0, 0
94849, 58880, 1, 0, 0
94949, 58880, 1, 0, 0
95050, 60160, 1, 0, 0
95150, 58240, 1, 0, 0
95249, 59474, 1, 0, 0
95349, 56320, 1, 0, 0
95449, 55040, 1, 0, 0
95549, 55680, 1, 0, 0
95649, 54400, 1, 0, 0
95749, 53760, 1, 0, 0
95849, 55680, 1, 0, 0
95949, 57600, 1, 0, 0
96049, 55040, 1, 0, 0
96149, 57600, 1, 0, 0
96249, 58240, 1, 0, 0
96349, 58880, 1, 0, 0
96449, 55040, 1, 0, 0
96549, 56960, 1, 0, 0
96650, 56320, 1, 0, 0
96749, 57535, 1, 0, 0
96849, 57600, 1, 0, 0
96949, 56320, 1, 0, 0
97049, 55040, 1, 0, 0
97149, 58880, 1, 0, 0
97249, 55680, 1, 0, 0
97349, 56320, 1, 0, 0
97449, 57600, 1, 0, 0
97549, 58240, 1, 0, 0
97649, 56320, 1, 0, 0
97749, 56320, 1, 0, 0
97849, 58880, 1, 0, 0
97949, 59520, 1, 0, 0
98049, 57600, 1, 0, 0
98149, 55040, 1, 0, 0
98250, 56320, 1, 0, 0
98350, 56960, 1, 0, 0
98450, 57600, 1, 0, 0
98550, 58240, 1, 0, 0
98650, 56320, 1, 0, 0
98749, 56888, 1, 0, 0
98849, 56960, 1, 0, 0
98949, 57600, 1, 0, 0
99049, 55680, 1, 0, 0
99149, 58240, 1, 0, 0
99249, 58880, 1, 0, 0
99349, 57600, 1, 0, 0
99449, 61440, 1, 0, 0
99549, 58880, 1, 0, 0
99649, 55040, 1, 0, 0
99749, 57600, 1, 0, 0
99849, 58240, 1, 0, 0
99950, 58880, 1, 0, 0
100050, 58240, 1, 0, 0
100150, 57600, 1, 0, 0
100249, 54949, 1, 0, 0
100349, 58240, 1, 0, 0
100449, 60800, 1, 0, 0
100549, 58880, 1, 0, 0
100649, 55680, 1, 0, 0
100749, 60800, 1, 0, 0
100849, 60160, 1, 0, 0
100949, 58240, 1, 0, 0
101049, 56960, 1, 0, 0
101149, 57600, 1, 0, 0
101249, 59520, 1, 0, 0
101349, 58240, 1, 0, 0
101449, 58240, 1, 0, 0
101550, 56960, 1, 0, 0
101650, 55680, 1, 0, 0
101749, 58181, 1, 0, 0
101849, 56960, 1, 0, 0
101949, 55680, 1, 0, 0
102049, 58880, 1, 0, 0
102149, 58240, 1, 0, 0
102249, 58880, 1, 0, 0
102349, 58240, 1, 0, 0
102449, 57600, 1, 0, 0
102549, 55680, 1, 0, 0
102649, 56960, 1, 0, 0
102749, 58880, 1, 0, 0
102849, 56960, 1, 0, 0
102949, 57600, 1, 0, 0
103050, 57600, 1, 0, 0
103150, 60800, 1, 0, 0
103249, 56888, 1, 0, 0
103349, 56960, 1, 0, 0
103449, 54400, 1, 0, 0
103549, 56960, 1, 0, 0
103649, 56320, 1, 0, 0
103749, 56960, 1, 0, 0
103849, 57600, 1, 0, 0
103949, 54400, 1, 0, 0
104049, 60800, 1, 0, 0
104149, 58880, 1, 0, 0
104249, 57600, 1, 0, 0
104349, 56320, 1, 0, 0
104449, 58240, 1, 0, 0
104549, 55680, 1, 0, 0
104650, 56960, 1, 0, 0
104750, 56960, 1, 0, 0
104850, 58880, 1, 0, 0
104950, 56320, 1, 0, 0
105050, 56960, 1, 0, 0
105150, 58240, 1, 0, 0
105249, 55595, 1, 0, 0
105349, 56960, 1, 0, 0
105449, 53760, 1, 0, 0
105549, 58240, 1, 0, 0
105649, 57600, 1, 0, 0
105749, 59520, 1, 0, 0
105849, 56320, 1, 0, 0
105949, 55040, 1, 0, 0
106049, 56960, 1, 0, 0
106149, 56960, 1, 0, 0
106250, 58880, 1, 0, 0
106350, 58880, 1, 0, 0
106450, 56320, 1, 0, 0
106550, 60160, 1, 0, 0
106650, 59520, 1, 0, 0
106749, 60767, 1, 0, 0
106849, 55680, 1, 0, 0
106949, 58880, 1, 0, 0
107049, 57600, 1, 0, 0
107149, 58880, 1, 0, 0
107249, 60160, 1, 0, 0
107349, 57600, 1, 0, 0
107449, 62080, 1, 0, 0
107549, 56320, 1, 0, 0
107649, 58240, 1, 0, 0
107749, 55680, 1, 0, 0
107849, 56960, 1, 0, 0
107950, 56960, 1, 0, 0
108050, 58240, 1, 0, 0
108150, 57600, 1, 0, 0
108249, 58181, 1, 0, 0
108349, 56960, 1, 0, 0
108449, 60160, 1, 0, 0
108549, 57600, 1, 0, 0
108649, 58880, 1, 0, 0
108749, 53760, 1, 0, 0
108849, 58240, 1, 0, 0
108949, 58880, 1, 0, 0
109049, 55040, 1, 0, 0
109149, 56320, 1, 0, 0
109249, 58240, 1, 0, 0
109349, 56320, 1, 0, 0
109449, 56960, 1, 0, 0
109549, 58240, 1, 0, 0
109650, 58240, 1, 0, 0
109749, 54303, 1, 0, 0
109849, 58880, 1, 0, 0
109949, 57600, 1, 0, 0
110049, 60800, 1, 0, 0
110149, 53760, 1, 0, 0
110249, 55040, 1, 0, 0
110349, 53120, 1, 0, 0
110449, 58240, 1, 0, 0
110549, 60160, 1, 0, 0
110649, 55680, 1, 0, 0
110749, 57600, 1, 0, 0
110849, 55040, 1, 0, 0
110949, 56320, 1, 0, 0
111049, 56320, 1, 0, 0
111149, 56960, 1, 0, 0
111250, 57600, 1, 0, 0
111350, 56320, 1, 0, 0
111450, 58880, 1, 0, 0
111550, 55040, 1, 0, 0
111650, 58880, 1, 0, 0
111749, 58828, 1, 0, 0
111849, 55680, 1, 0, 0
111949, 60160, 1, 0, 0
112049, 59520, 1, 0, 0
112149, 58880, 1, 0, 0
112249, 56960, 1, 0, 0
112349, 55680, 1, 0, 0
112449, 60160, 1, 0, 0
112549, 56960, 1, 0, 0
112649, 56960, 1, 0, 0
112749, 57600, 1, 0, 0
112849, 55680, 1, 0, 0
112949, 58880, 1, 0, 0
113050, 56320, 1, 0, 0
113150, 56960, 1, 0, 0
113249, 55595, 1, 0, 0
113349, 55680, 1, 0, 0
113449, 57600, 1, 0, 0
113549, 55680, 1, 0, 0
113649, 57600, 1, 0, 0
113749, 56960, 1, 0, 0
113849, 53760, 1, 0, 0
113949, 58240, 1, 0, 0
114049, 56960, 1, 0, 0
114149, 56320, 1, 0, 0
114249, 58880, 1, 0, 0
114349, 57600, 1, 0, 0
114449, 59520, 1, 0, 0
114550, 57600, 1, 0, 0
114650, 55040, 1, 0, 0
114749, 55595, 1, 0, 0
114849, 57600, 1, 0, 0
114949, 56320, 1, 0, 0
115049, 57600, 1, 0, 0
115149, 58240, 1, 0, 0
115249, 58880, 1, 0, 0
115349, 56960, 1, 0, 0
115449, 57600, 1, 0, 0
115549, 58880, 1, 0, 0
115649, 56320, 1, 0, 0
115749, 57600, 1, 0, 0
115849, 56960, 1, 0, 0
115949, 58240, 1, 0, 0
116050, 55040, 1, 0, 0
116150, 56320, 1, 0, 0
116249, 58828, 1, 0, 0
116349, 58880, 1, 0, 0
116449, 58240, 1, 0, 0
116549, 58240, 1, 0, 0
116649, 57600, 1, 0, 0
116749, 58240, 1, 0, 0
116849, 58880, 1, 0, 0
116949, 55040, 1, 0, 0
117049, 58240, 1, 0, 0
117149, 56960, 1, 0, 0
117249, 57600, 1, 0, 0
117349, 56320, 1, 0, 0
117449, 55680, 1, 0, 0
117550, 57600, 1, 0, 0
117650, 59520, 1, 0, 0
117749, 55595, 1, 0, 0
117849, 57600, 1, 0, 0
117949, 58240, 1, 0, 0
118049, 54400, 1, 0, 0
118149, 58240, 1, 0, 0
118249, 58880, 1, 0, 0
118349, 56320, 1, 0, 0
118449, 57600, 1, 0, 0
118549, 56960, 1, 0, 0
118649, 55680, 1, 0, 0
118749, 57600, 1, 0, 0
118849, 54400, 1, 0, 0
118949, 55680, 1, 0, 0
119049, 55680, 1, 0, 0
119149, 57600, 1, 0, 0
119250, 56320, 1, 0, 0
119350, 58880, 1, 0, 0
119450, 58240, 1, 0, 0
119550, 56960, 1, 0, 0
119650, 56960, 1, 0, 0
119749, 57535, 1, 0, 0
119849, 59520, 1, 0, 0
119949, 57600, 1, 0, 0
120049, 58880, 1, 0, 0
120149, 56320, 1, 0, 0
120249, 58240, 1, 0, 0
120349, 59520, 1, 0, 0
120449, 56960, 1, 0, 0
120549, 55680, 1, 0, 0
120649, 56960, 1, 0, 0
120749, 57600, 1, 0, 0
120850, 58880, 1, 0, 0
120950, 60160, 1, 0, 0
121050, 55040, 1, 0, 0
121150, 58880, 1, 0, 0
121249, 54949, 1, 0, 0
121349, 55040, 1, 0, 0
121449, 56320, 1, 0, 0
121549, 56960, 1, 0, 0
121649, 58880, 1, 0, 0
121749, 59520, 1, 0, 0
121849, 58240, 1, 0, 0
121949, 60800, 1, 0, 0
122049, 56960, 1, 0, 0
122149, 58880, 1, 0, 0
122249, 60800, 1, 0, 0
122349, 58880, 1, 0, 0
122449, 58240, 1, 0, 0
122550, 53760, 1, 0, 0
122650, 54400, 1, 0, 0
122749, 55595, 1, 0, 0
122849, 57600, 1, 0, 0
122949, 58880, 1, 0, 0
123049, 58240, 1, 0, 0
123149, 58880, 1, 0, 0
123249, 54400, 1, 0, 0
123349, 55040, 1, 0, 0
123449, 56320, 1, 0, 0
123549, 55040, 1, 0, 0
123649, 54400, 1, 0, 0
123749, 55040, 1, 0, 0
123849, 55040, 1, 0, 0
123949, 56320, 1, 0, 0
124049, 53760, 1, 0, 0
124149, 55680, 1, 0, 0
124250, 55680, 1, 0, 0
124350, 57600, 1, 0, 0
124450, 54400, 1, 0, 0
124550, 55040, 1, 0, 0
124650, 56320, 1, 0, 0
124749, 56888, 1, 0, 0
124849, 60160, 1, 0, 0
124949, 56320, 1, 0, 0
125049, 58240, 1, 0, 0
125149, 57600, 1, 0, 0
125249, 56960, 1, 0, 0
125349, 55680, 1, 0, 0
125449, 57600, 1, 0, 0
125549, 59520, 1, 0, 0
125649, 58880, 1, 0, 0
125750, 60160, 1, 0, 0
125850, 58240, 1, 0, 0
125950, 60800, 1, 0, 0
126050, 58240, 1, 0, 0
126150, 56320, 1, 0, 0
126249, 56888, 1, 0, 0
126349, 59520, 1, 0, 0
126449, 58880, 1, 0, 0
126549, 62080, 1, 0, 0
126649, 58880, 1, 0, 0
126749, 58880, 1, 0, 0
126849, 60800, 1, 0, 0
126949, 58240, 1, 0, 0
127049, 58240, 1, 0, 0
127149, 58880, 1, 0, 0
127249, 59520, 1, 0, 0
127350, 60160, 1, 0, 0
127450, 60800, 1, 0, 0
127550, 62080, 1, 0, 0
127650, 57600, 1, 0, 0
127749, 56888, 1, 0, 0
127849, 58880, 1, 0, 0
127949, 58880, 1, 0, 0
128049, 60160, 1, 0, 0
128149, 57600, 1, 0, 0
128249, 57600, 1, 0, 0
128349, 57600, 1, 0, 0
128449, 58240, 1, 0, 0
128549, 58240, 1, 0, 0
128649, 55040, 1, 0, 0
128749, 60160, 1, 0, 0
128849, 57600, 1, 0, 0
128950, 58240, 1, 0, 0
129050, 58240, 1, 0, 0
129150, 59520, 1, 0, 0
129249, 59474, 1, 0, 0
129349, 60800, 1, 0, 0
129449, 60800, 1, 0, 0
129549, 57600, 1, 0, 0
129649, 60800, 1, 0, 0
129749, 60800, 1, 0, 0
129849, 60160, 1, 0, 0
129949, 60800, 1, 0, 0
130049, 58880, 1, 0, 0
130149, 58240, 1, 0, 0
130249, 56960, 1, 0, 0
130349, 58240, 1, 0, 0
130449, 57600, 1, 0, 0
130550, 58880, 1, 0, 0
130650, 60800, 1, 0, 0
130749, 61414, 1, 0, 0
130849, 61440, 1, 0, 0
130949, 60800, 1, 0, 0
131049, 58880, 1, 0, 0
131149, 58240, 1, 0, 0
131249, 59520, 1, 0, 0
131349, 59520, 1, 0, 0
131449, 57600, 1, 0, 0
131549, 59520, 1, 0, 0
131649, 57600, 1, 0, 0
131749, 59520, 1, 0, 0
131849, 63360, 1, 0, 0
131949, 62080, 1, 0, 0
132049, 62080, 1, 0, 0
132150, 62080, 1, 0, 0
132250, 63360, 1, 0, 0
132350, 58240, 1, 0, 0
132450, 58880, 1, 0, 0
132550, 61440, 1, 0, 0
132650, 60800, 1, 0, 0
132749, 58828, 1, 0, 0
132849, 58880, 1, 0, 0
132949, 58240, 1, 0, 0
133049, 59520, 1, 0, 0
133149, 58240, 1, 0, 0
133249, 62080, 1, 0, 0
133349, 61440, 1, 0, 0
133449, 60800, 1, 0, 0
133549, 56960, 1, 0, 0
133649, 60160, 1, 0, 0
133750, 60800, 1, 0, 0
133850, 59520, 1, 0, 0
133950, 61440, 1, 0, 0
134050, 62720, 1, 0, 0
134150, 60800, 1, 0, 0
134249, 62060, 1, 0, 0
134349, 58880, 1, 0, 0
134449, 58240, 1, 0, 0
134549, 56960, 1, 0, 0
134649, 59520, 1, 0, 0
134749, 56320, 1, 0, 0
134849, 60160, 1, 0, 0
134949, 55680, 1, 0, 0
135049, 60800, 1, 0, 0
135149, 57600, 1, 0, 0
135250, 59520, 1, 0, 0
135350, 61440, 1, 0, 0
135450, 59520, 1, 0, 0
135550, 60800, 1, 0, 0
135650, 62080, 1, 0, 0
135749, 60121, 1, 0, 0
135849, 58880, 1, 0, 0
135949, 60160, 1, 0, 0
136049, 59520, 1, 0, 0
136149, 58240, 1, 0, 0
136249, 60800, 1, 0, 0
136349, 62720, 1, 0, 0
136449, 60800, 1, 0, 0
136549, 58240, 1, 0, 0
136649, 58240, 1, 0, 0
136750, 57600, 1, 0, 0
136850, 62080, 1, 0, 0
136950, 58880, 1, 0, 0
137050, 60160, 1, 0, 0
137150, 62080, 1, 0, 0
137249, 60121, 1, 0, 0
137349, 59520, 1, 0, 0
137449, 58880, 1, 0, 0
137549, 60160, 1, 0, 0
137649, 56960, 1, 0, 0
137749, 56960, 1, 0, 0
137849, 57600, 1, 0, 0
137949, 58240, 1, 0, 0
138049, 58240, 1, 0, 0
138149, 58240, 1, 0, 0
138249, 59520, 1, 0, 0
138350, 61440, 1, 0, 0
138450, 60800, 1, 0, 0
138550, 56960, 1, 0, 0
138650, 57600, 1, 0, 0
138749, 58828, 1, 0, 0
138849, 58880, 1, 0, 0
138949, 61440, 1, 0, 0
139049, 56960, 1, 0, 0
139149, 63360, 1, 0, 0
139249, 56960, 1, 0, 0
139349, 58880, 1, 0, 0
139449, 57600, 1, 0, 0
139549, 55680, 1, 0, 0
139649, 57600, 1, 0, 0
139749, 58240, 1, 0, 0
139849, 60160, 1, 0, 0
139950, 62080, 1, 0, 0
140050, 60160, 1, 0, 0
140150, 58880, 1, 0, 0
140249, 59474, 1, 0, 0
140349, 57600, 1, 0, 0
140449, 61440, 1, 0, 0
140549, 56960, 1, 0, 0
140649, 60160, 1, 0, 0
140749, 60800, 1, 0, 0
140849, 60160, 1, 0, 0
140949, 56320, 1, 0, 0
141049, 58880, 1, 0, 0
141149, 59520, 1, 0, 0
141249, 62080, 1, 0, 0
141349, 62080, 1, 0, 0
141449, 60800, 1, 0, 0
141550, 58880, 1, 0, 0
141650, 55040, 1, 0, 0
141749, 60121, 1, 0, 0
141849, 57600, 1, 0, 0
141949, 60800, 1, 0, 0
142049, 58880, 1, 0, 0
142149, 58240, 1, 0, 0
142249, 58880, 1, 0, 0
142349, 58240, 1, 0, 0
142449, 60160, 1, 0, 0
142549, 60160, 1, 0, 0
142649, 56320, 1, 0, 0
142749, 59520, 1, 0, 0
142849, 59520, 1, 0, 0
142949, 57600, 1, 0, 0
143050, 58240, 1, 0, 0
143150, 58240, 1, 0, 0
143249, 58828, 1, 0, 0
143349, 60800, 1, 0, 0
143449, 61440, 1, 0, 0
143549, 58880, 1, 0, 0
143649, 60800, 1, 0, 0
143749, 60160, 1, 0, 0
143849, 63360, 1, 0, 0
143949, 58240, 1, 0, 0
144049, 60800, 1, 0, 0
144149, 56960, 1, 0, 0
144249, 56960, 1, 0, 0
144349, 60800, 1, 0, 0
144449, 58880, 1, 0, 0
144550, 61440, 1, 0, 0
144650, 60160, 1, 0, 0
144749, 62060, 1, 0, 0
144849, 59520, 1, 0, 0
144949, 58240, 1, 0, 0
145049, 61440, 1, 0, 0
145149, 60800, 1, 0, 0
145249, 60800, 1, 0, 0
145349, 58880, 1, 0, 0
145449, 59520, 1, 0, 0
145549, 60160, 1, 0, 0
145649, 59520, 1, 0, 0
145749, 60800, 1, 0, 0
145849, 58880, 1, 0, 0
145949, 58880, 1, 0, 0
146050, 58880, 1, 0, 0
146150, 57600, 1, 0, 0
146249, 62707, 1, 0, 0
146349, 59520, 1, 0, 0
146449, 58240, 1, 0, 0
146549, 60800, 1, 0, 0
146649, 58880, 1, 0, 0
146749, 59520, 1, 0, 0
146849, 58880, 1, 0, 0
146949, 58240, 1, 0, 0
147049, 61440, 1, 0, 0
147149, 58240, 1, 0, 0
147249, 58240, 1, 0, 0
147349, 58240, 1, 0, 0
147449, 60160, 1, 0, 0
147549, 60160, 1, 0, 0
147650, 60160, 1, 0, 0
147749, 59474, 1, 0, 0
147849, 63360, 1, 0, 0
147949, 60800, 1, 0, 0
148049, 60800, 1, 0, 0
148149, 60160, 1, 0, 0
148249, 59520, 1, 0, 0
148349, 58880, 1, 0, 0
148449, 62080, 1, 0, 0
148549, 60160, 1, 0, 0
148649, 61440, 1, 0, 0
148749, 59520, 1, 0, 0
148849, 59520, 1, 0, 0
148949, 60800, 1, 0, 0
149049, 60800, 1, 0, 0
149149, 60160, 1, 0, 0
149250, 62720, 1, 0, 0
149350, 61440, 1, 0, 0
149450, 60800, 1, 0, 0
149550, 60160, 1, 0, 0
149650, 57600, 1, 0, 0
149749, 60121, 1, 0, 0
149849, 59520, 1, 0, 0
149949, 59520, 1, 0, 0
150049, 63360, 1, 0, 0
150149, 60800, 1, 0, 0
150249, 60160, 1, 0, 0
150349, 57600, 1, 0, 0
150449, 58880, 1, 0, 0
150549, 61440, 1, 0, 0
150649, 58880, 1, 0, 0
150749, 60800, 1, 0, 0
150849, 60160, 1, 0, 0
150949, 61440, 1, 0, 0
151050, 60800, 1, 0, 0
151150, 58880, 1, 0, 0
151249, 60121, 1, 0, 0
151349, 58240, 1, 0, 0
151449, 59520, 1, 0, 0
151549, 59520, 1, 0, 0
151649, 59520, 1, 0, 0
151749, 60160, 1, 0, 0
151849, 60160, 1, 0, 0
151949, 60160, 1, 0, 0
152049, 58880, 1, 0, 0
152149, 60160, 1, 0, 0
152249, 59520, 1, 0, 0
152349, 58880, 1, 0, 0
152449, 59520, 1, 0, 0
152550, 61440, 1, 0, 0
152650, 62720, 1, 0, 0
152749, 59474, 1, 0, 0
152849, 56960, 1, 0, 0
152949, 62080, 1, 0, 0
153049, 62080, 1, 0, 0
153149, 61440, 1, 0, 0
153249, 60160, 1, 0, 0
153349, 58240, 1, 0, 0
153449, 59520, 1, 0, 0
153549, 57600, 1, 0, 0
153649, 58880, 1, 0, 0
153749, 60160, 1, 0, 0
153849, 60800, 1, 0, 0
153949, 61440, 1, 0, 0
154049, 60160, 1, 0, 0
154149, 60160, 1, 0, 0
154250, 59520, 1, 0, 0
154350, 60800, 1, 0, 0
154450, 57600, 1, 0, 0
154550, 61440, 1, 0, 0
154650, 56960, 1, 0, 0
154749, 60767, 1, 0, 0
154849, 62080, 1, 0, 0
154949, 61440, 1, 0, 0
155049, 61440, 1, 0, 0
155149, 60800, 1, 0, 0
155249, 58880, 1, 0, 0
155349, 60800, 1, 0, 0
155449, 59520, 1, 0, 0
155549, 59520, 1, 0, 0
155649, 60800, 1, 0, 0
155750, 62720, 1, 0, 0
155850, 62080, 1, 0, 0
155950, 58880, 1, 0, 0
156050, 59520, 1, 0, 0
156150, 57600, 1, 0, 0
156249, 60121, 1, 0, 0
156349, 57600, 1, 0, 0
156449, 61440, 1, 0, 0
156549, 58880, 1, 0, 0
156649, 60160, 1, 0, 0
156749, 58240, 1, 0, 0
156849, 60800, 1, 0, 0
156949, 59520, 1, 0, 0
157049, 58240, 1, 0, 0
157149, 59520, 1, 0, 0
157249, 58880, 1, 0, 0
157349, 58880, 1, 0, 0
157450, 60160, 1, 0, 0
157550, 58240, 1, 0, 0
157650, 58240, 1, 0, 0
157749, 56242, 1, 0, 0
157849, 60800, 1, 0, 0
157949, 60160, 1, 0, 0
158049, 60160, 1, 0, 0
158149, 57600, 1, 0, 0
158249, 60800, 1, 0, 0
158349, 60800, 1, 0, 0
158449, 61440, 1, 0, 0
158549, 61440, 1, 0, 0
158649, 57600, 1, 0, 0
158749, 61440, 1, 0, 0
158849, 57600, 1, 0, 0
158949, 60160, 1, 0, 0
159050, 59520, 1, 0, 0
159150, 58880, 1, 0, 0
159249, 55595, 1, 0, 0
159349, 61440, 1, 0, 0
159449, 58880, 1, 0, 0
159549, 61440, 1, 0, 0
159649, 60800, 1, 0, 0
159749, 62080, 1, 0, 0
159849, 60160, 1, 0, 0
159949, 60800, 1, 0, 0
160049, 60800, 1, 0, 0
160149, 59520, 1, 0, 0
160249, 61440, 1, 0, 0
160349, 57600, 1, 0, 0
160449, 60160, 1, 0, 0
160549, 62720, 1, 0, 0
160650, 58240, 1, 0, 0
160750, 59520, 1, 0, 0
160850, 56320, 1, 0, 0
160950, 56960, 1, 0, 0
161050, 58240, 1, 0, 0
161150, 58880, 1, 0, 0
161249, 60767, 1, 0, 0
161349, 57600, 1, 0, 0
161449, 55680, 1, 0, 0
161549, 58880, 1, 0, 0
161649, 59520, 1, 0, 0
161749, 57600, 1, 0, 0
161849, 59520, 1, 0, 0
161949, 62720, 1, 0, 0
162049, 61440, 1, 0, 0
162149, 57600, 1, 0, 0
162250, 61440, 1, 0, 0
162350, 59520, 1, 0, 0
162450, 59520, 1, 0, 0
162550, 60160, 1, 0, 0
162650, 62080, 1, 0, 0
162749, 60767, 1, 0, 0
162849, 60160, 1, 0, 0
162949, 61440, 1, 0, 0
163049, 62080, 1, 0, 0
163149, 63360, 1, 0, 0
163249, 60800, 1, 0, 0
163349, 60800, 1, 0, 0
163449, 59520, 1, 0, 0
163549, 60800, 1, 0, 0
163649, 58880, 1, 0, 0
163749, 61440, 1, 0, 0
163850, 64000, 1, 0, 0
163950, 56320, 1, 0, 0
164050, 62080, 1, 0, 0
164150, 58880, 1, 0, 0
164249, 60121, 1, 0, 0
164349, 58240, 1, 0, 0
164449, 58880, 1, 0, 0
164549, 58880, 1, 0, 0
164649, 59520, 1, 0, 0
164749, 58880, 1, 0, 0
164849, 56320, 1, 0, 0
164949, 59520, 1, 0, 0
165049, 59520, 1, 0, 0
165149, 60160, 1, 0, 0
165249, 60800, 1, 0, 0
165349, 58240, 1, 0, 0
165450, 60800, 1, 0, 0
165550, 61440, 1, 0, 0
165650, 58880, 1, 0, 0
165749, 57535, 1, 0, 0
165849, 60800, 1, 0, 0
165949, 58240, 1, 0, 0
166049, 57600, 1, 0, 0
166149, 58880, 1, 0, 0
166249, 59520, 1, 0, 0
166349, 56960, 1, 0, 0
166449, 55040, 1, 0, 0
166549, 59520, 1, 0, 0
166649, 60800, 1, 0, 0
166749, 64000, 1, 0, 0
166850, 56960, 1, 0, 0
166950, 57600, 1, 0, 0
167050, 58880, 1, 0, 0
167150, 61440, 1, 0, 0
167249, 58828, 1, 0, 0
167349, 60160, 1, 0, 0
167449, 60800, 1, 0, 0
167549, 62080, 1, 0, 0
167649, 58240, 1, 0, 0
167749, 59520, 1, 0, 0
167849, 60800, 1, 0, 0
167949, 58880, 1, 0, 0
168049, 60800, 1, 0, 0
168149, 58880, 1, 0, 0
168249, 61440, 1, 0, 0
168349, 61440, 1, 0, 0
168450, 60160, 1, 0, 0
168550, 62720, 1, 0, 0
168650, 60160, 1, 0, 0
168749, 58181, 1, 0, 0
168849, 58880, 1, 0, 0
168949, 58880, 1, 0, 0
169049, 60160, 1, 0, 0
169149, 59520, 1, 0, 0
169249, 60800, 1, 0, 0
169349, 62720, 1, 0, 0
169449, 60160, 1, 0, 0
169549, 61440, 1, 0, 0
169649, 59520, 1, 0, 0
169749, 61440, 1, 0, 0
169849, 58240, 1, 0, 0
169949, 58880, 1, 0, 0
170050, 60160, 1, 0, 0
170150, 62720, 1, 0, 0
170249, 62060, 1, 0, 0
170349, 58880, 1, 0, 0
170449, 60800, 1, 0, 0
170549, 59520, 1, 0, 0
170649, 59520, 1, 0, 0
170749, 61440, 1, 0, 0
170849, 60160, 1, 0, 0
170949, 62080, 1, 0, 0
171049, 62720, 1, 0, 0
171149, 62080, 1, 0, 0
171249, 57600, 1, 0, 0
171349, 60160, 1, 0, 0
171449, 60800, 1, 0, 0
171549, 59520, 1, 0, 0
171649, 60160, 1, 0, 0
171750, 60160, 1, 0, 0
171850, 60160, 1, 0, 0
171950, 62720, 1, 0, 0
172050, 60800, 1, 0, 0
172150, 58880, 1, 0, 0
172249, 62060, 1, 0, 0
172349, 60160, 1, 0, 0
172449, 60160, 1, 0, 0
172549, 60800, 1, 0, 0
172649, 60160, 1, 0, 0
172749, 59520, 1, 0, 0
172849, 59520, 1, 0, 0
172949, 62080, 1, 0, 0
173049, 58880, 1, 0, 0
173149, 63360, 1, 0, 0
173250, 56960, 1, 0, 0
173350, 61440, 1, 0, 0
173450, 56960, 1, 0, 0
173550, 60800, 1, 0, 0
173650, 58880, 1, 0, 0
173749, 62707, 1, 0, 0
173849, 62080, 1, 0, 0
173949, 62080, 1, 0, 0
174049, 57600, 1, 0, 0
174149, 58240, 1, 0, 0
174249, 64640, 1, 0, 0
174349, 60800, 1, 0, 0
174449, 60160, 1, 0, 0
174549, 63360, 1, 0, 0
174649, 58880, 1, 0, 0
174749, 62080, 1, 0, 0
174849, 60800, 1, 0, 0
174949, 60160, 1, 0, 0
175050, 60160, 1, 0, 0
175150, 58880, 1, 0, 0
175249, 60767, 1, 0, 0
175349, 60160, 1, 0, 0
175449, 61440, 1, 0, 0
175549, 56320, 1, 0, 0
175649, 59520, 1, 0, 0
175749, 59520, 1, 0, 0
175849, 59520, 1, 0, 0
175949, 60160, 1, 0, 0
176049, 56960, 1, 0, 0
176149, 56320, 1, 0, 0
176249, 59520, 1, 0, 0
176349, 60160, 1, 0, 0
176449, 59520, 1, 0, 0
176550, 58240, 1, 0, 0
176650, 60160, 1, 0, 0
176749, 61414, 1, 0, 0
176849, 59520, 1, 0, 0
176949, 57600, 1, 0, 0
177049, 60800, 1, 0, 0
177149, 60160, 1, 0, 0
177249, 58240, 1, 0, 0
177349, 56960, 1, 0, 0
177449, 60800, 1, 0, 0
177549, 58880, 1, 0, 0
177649, 60800, 1, 0, 0
177749, 58880, 1, 0, 0
177849, 56960, 1, 0, 0
177949, 58240, 1, 0, 0
178049, 59520, 1, 0, 0
178149, 62080, 1, 0, 0
178250, 59520, 1, 0, 0
178350, 58880, 1, 0, 0
178450, 59520, 1, 0, 0
178550, 63360, 1, 0, 0
178650, 58880, 1, 0, 0
178749, 58828, 1, 0, 0
178849, 60160, 1, 0, 0
178949, 62080, 1, 0, 0
179049, 60160, 1, 0, 0
179149, 61440, 1, 0, 0
179249, 59520, 1, 0, 0
179349, 58240, 1, 0, 0
179449, 62080, 1, 0, 0
179549, 60160, 1, 0, 0
179649, 60160, 1, 0, 0
179750, 56960, 1, 0, 0
179850, 58880, 1, 0, 0
179950, 58880, 1, 0, 0
180050, 59520, 1, 0, 0
180150, 56960, 1, 0, 0
180249, 60121, 1, 0, 0
180349, 60160, 1, 0, 0
180449, 56960, 1, 0, 0
180549, 58880, 1, 0, 0
180649, 61440, 1, 0, 0
180749, 60800, 1, 0, 0
180849, 60800, 1, 0, 0
180949, 62720, 1, 0, 0
181049, 56960, 1, 0, 0
181149, 60800, 1, 0, 0
181249, 58880, 1, 0, 0
181350, 60800, 1, 0, 0
181450, 60160, 1, 0, 0
181550, 60800, 1, 0, 0
181650, 59520, 1, 0, 0
181749, 62060, 1, 0, 0
181849, 60160, 1, 0, 0
181949, 57600, 1, 0, 0
182049, 60160, 1, 0, 0
182149, 57600, 1, 0, 0
182249, 63360, 1, 0, 0
182349, 57600, 1, 0, 0
182449, 58880, 1, 0, 0
182549, 59520, 1, 0, 0
182649, 58880, 1, 0, 0
182749, 59520, 1, 0, 0
182849, 59520, 1, 0, 0
182949, 62080, 1, 0, 0
183050, 56320, 1, 0, 0
183150, 59520, 1, 0, 0
183249, 57535, 1, 0, 0
183349, 60160, 1, 0, 0
183449, 59520, 1, 0, 0
183549, 62080, 1, 0, 0
183649, 59520, 1, 0, 0
183749, 61440, 1, 0, 0
183849, 60160, 1, 0, 0
183949, 58240, 1, 0, 0
184049, 59520, 1, 0, 0
184149, 61440, 1, 0, 0
184249, 58240, 1, 0, 0
184349, 58240, 1, 0, 0
184449, 58880, 1, 0, 0
184550, 60160, 1, 0, 0
184650, 59520, 1, 0, 0
184749, 60121, 1, 0, 0
184849, 60800, 1, 0, 0
184949, 58880, 1, 0, 0
185049, 59520, 1, 0, 0
185149, 58880, 1, 0, 0
185249, 58880, 1, 0, 0
185349, 60160, 1, 0, 0
185449, 60160, 1, 0, 0
185549, 62720, 1, 0, 0
185649, 57600, 1, 0, 0
185749, 60160, 1, 0, 0
185849, 58240, 1, 0, 0
185949, 59520, 1, 0, 0
186050, 62720, 1, 0, 0
186150, 58880, 1, 0, 0
186249, 60767, 1, 0, 0
186349, 59520, 1, 0, 0
186449, 60800, 1, 0, 0
186549, 62080, 1, 0, 0
186649, 58880, 1, 0, 0
186749, 61440, 1, 0, 0
186849, 60800, 1, 0, 0
186949, 64640, 1, 0, 0
187049, 61440, 1, 0, 0
187149, 61440, 1, 0, 0
187249, 60160, 1, 0, 0
187349, 58240, 1, 0, 0
187449, 62080, 1, 0, 0
187550, 61440, 1, 0, 0
187650, 60800, 1, 0, 0
187749, 57535, 1, 0, 0
187849, 58240, 1, 0, 0
187949, 61440, 1, 0, 0
188049, 62720, 1, 0, 0
188149, 60160, 1, 0, 0
188249, 59520, 1, 0, 0
188349, 59520, 1, 0, 0
188449, 60160, 1, 0, 0
188549, 58880, 1, 0, 0
188649, 58880, 1, 0, 0
188749, 60800, 1, 0, 0
188849, 62080, 1, 0, 0
188949, 60160, 1, 0, 0
189049, 60160, 1, 0, 0
189149, 60160, 1, 0, 0
189250, 60160, 1, 0, 0
189350, 60160, 1, 0, 0
189450, 58240, 1, 0, 0
189550, 62080, 1, 0, 0
189650, 56960, 1, 0, 0
189749, 56888, 1, 0, 0
189849, 57600, 1, 0, 0
189949, 59520, 1, 0, 0
190049, 59520, 1, 0, 0
190149, 58240, 1, 0, 0
190249, 62720, 1, 0, 0
190349, 59520, 1, 0, 0
190449, 59520, 1, 0, 0
190549, 59520, 1, 0, 0
190649, 62720, 1, 0, 0
190749, 56960, 1, 0, 0
190850, 63360, 1, 0, 0
190950, 62720, 1, 0, 0
191050, 57600, 1, 0, 0
191150, 61440, 1, 0, 0
191249, 60121, 1, 0, 0
191349, 58880, 1, 0, 0
191449, 61440, 1, 0, 0
191549, 59520, 1, 0, 0
191649, 61440, 1, 0, 0
191749, 61440, 1, 0, 0
191849, 60800, 1, 0, 0
191949, 62720, 1, 0, 0
192049, 60160, 1, 0, 0
192149, 62080, 1, 0, 0
192249, 62080, 1, 0, 0
192349, 60800, 1, 0, 0
192449, 59520, 1, 0, 0
192550, 58880, 1, 0, 0
192650, 62720, 1, 0, 0
192749, 59474, 1, 0, 0
192849, 60160, 1, 0, 0
192949, 60800, 1, 0, 0
193049, 58240, 1, 0, 0
193149, 59520, 1, 0, 0
193249, 61440, 1, 0, 0
193349, 58880, 1, 0, 0
193449, 62720, 1, 0, 0
193549, 58240, 1, 0, 0
193649, 61440, 1, 0, 0
193749, 59520, 1, 0, 0
193849, 56960, 1, 0, 0
193949, 62080, 1, 0, 0
194049, 60160, 1, 0, 0
194150, 60160, 1, 0, 0
194250, 58880, 1, 0, 0
194350, 61440, 1, 0, 0
194450, 58880, 1, 0, 0
194550, 60160, 1, 0, 0
194650, 60800, 1, 0, 0
194749, 60767, 1, 0, 0
194849, 64640, 1, 0, 0
194949, 63360, 1, 0, 0
195049, 62720, 1, 0, 0
195149, 58240, 1, 0, 0
195249, 60800, 1, 0, 0
195349, 61440, 1, 0, 0
195449, 60800, 1, 0, 0
195549, 61440, 1, 0, 0
195649, 61440, 1, 0, 0
195750, 60800, 1, 0, 0
195850, 60800, 1, 0, 0
195950, 58880, 1, 0, 0
196050, 59520, 1, 0, 0
196150, 60800, 1, 0, 0
196249, 58181, 1, 0, 0
196349, 57600, 1, 0, 0
196449, 59520, 1, 0, 0
196549, 59520, 1, 0, 0
196649, 59520, 1, 0, 0
196749, 58880, 1, 0, 0
196849, 59520, 1, 0, 0
196949, 63360, 1, 0, 0
197049, 60800, 1, 0, 0
197149, 62720, 1, 0, 0
197249, 60800, 1, 0, 0
197349, 64000, 1, 0, 0
197450, 56960, 1, 0, 0
197550, 61440, 1, 0, 0
197650, 63360, 1, 0, 0
197749, 62707, 1, 0, 0
197849, 62080, 1, 0, 0
197949, 57600, 1, 0, 0
198049, 60800, 1, 0, 0
198149, 60800, 1, 0, 0
198249, 60160, 1, 0, 0
198349, 58240, 1, 0, 0
198449, 57600, 1, 0, 0
198549, 58240, 1, 0, 0
198649, 60160, 1, 0, 0
198749, 60800, 1, 0, 0
198849, 58240, 1, 0, 0
198949, 60160, 1, 0, 0
199050, 58240, 1, 0, 0
199150, 61440, 1, 0, 0
199249, 58181, 1, 0, 0
199349, 60160, 1, 0, 0
199449, 57600, 1, 0, 0
199549, 58240, 1, 0, 0
199649, 60160, 1, 0, 0
199749, 59520, 1, 0, 0
199849, 60160, 1, 0, 0
199949, 58880, 1, 0, 0
200049, 55680, 1, 0, 0
200149, 59520, 1, 0, 0
200249, 55040, 1, 0, 0
200349, 59520, 1, 0, 0
200449, 62080, 1, 0, 0
200549, 59520, 1, 0, 0
200649, 57600, 1, 0, 0
200750, 59520, 1, 0, 0
200850, 57600, 1, 0, 0
200950, 57600, 1, 0, 0
201050, 58880, 1, 0, 0
201150, 60800, 1, 0, 0
201249, 62707, 1, 0, 0
201349, 59520, 1, 0, 0
201449, 57600, 1, 0, 0
201549, 59520, 1, 0, 0
201649, 60160, 1, 0, 0
201749, 60160, 1, 0, 0
201849, 60800, 1, 0, 0
201949, 60800, 1, 0, 0
202049, 63360, 1, 0, 0
202149, 60160, 1, 0, 0
202250, 61440, 1, 0, 0
202350, 62080, 1, 0, 0
202450, 60160, 1, 0, 0
202550, 64000, 1, 0, 0
202650, 60160, 1, 0, 0
202749, 60121, 1, 0, 0
202849, 58880, 1, 0, 0
202949, 62080, 1, 0, 0
203049, 60160, 1, 0, 0
203149, 61440, 1, 0, 0
203249, 60160, 1, 0, 0
203349, 58240, 1, 0, 0
203449, 59520, 1, 0, 0
203549, 56320, 1, 0, 0
203649, 59520, 1, 0, 0
203749, 58240, 1, 0, 0
203850, 58880, 1, 0, 0
203950, 58880, 1, 0, 0
204050, 55680, 1, 0, 0
204150, 58880, 1, 0, 0
204249, 57535, 1, 0, 0
204349, 62720, 1, 0, 0
204449, 59520, 1, 0, 0
204549, 58880, 1, 0, 0
204649, 58880, 1, 0, 0
204749, 60160, 1, 0, 0
204849, 57600, 1, 0, 0
204949, 60800, 1, 0, 0
205049, 60160, 1, 0, 0
205149, 58240, 1, 0, 0
205250, 60800, 1, 0, 0
205350, 58240, 1, 0, 0
205450, 59520, 1, 0, 0
205550, 58240, 1, 0, 0
205650, 58240, 1, 0, 0
205749, 57535, 1, 0, 0
205849, 59520, 1, 0, 0
205949, 58880, 1, 0, 0
206049, 56960, 1, 0, 0
206149, 58880, 1, 0, 0
206249, 56320, 1, 0, 0
206349, 55680, 1, 0, 0
206449, 60160, 1, 0, 0
206549, 56960, 1, 0, 0
206649, 62720, 1, 0, 0
206749, 58880, 1, 0, 0
206849, 59520, 1, 0, 0
206949, 61440, 1, 0, 0
207050, 58880, 1, 0, 0
207150, 59520, 1, 0, 0
207249, 58828, 1, 0, 0
207349, 63360, 1, 0, 0
207449, 60160, 1, 0, 0
207549, 60800, 1, 0, 0
207649, 58880, 1, 0, 0
207749, 58880, 1, 0, 0
207849, 58880, 1, 0, 0
207949, 58880, 1, 0, 0
208049, 55680, 1, 0, 0
208149, 58880, 1, 0, 0
208249, 62080, 1, 0, 0
208349, 58240, 1, 0, 0
208449, 59520, 1, 0, 0
208550, 61440, 1, 0, 0
208650, 59520, 1, 0, 0
208749, 58828, 1, 0, 0
208849, 59520, 1, 0, 0
208949, 56960, 1, 0, 0
209049, 57600, 1, 0, 0
209149, 58880, 1, 0, 0
209249, 59520, 1, 0, 0
209349, 56320, 1, 0, 0
209449, 60160, 1, 0, 0
209549, 58880, 1, 0, 0
209649, 55680, 1, 0, 0
209749, 58240, 1, 0, 0
209849, 59520, 1, 0, 0
209949, 60160, 1, 0, 0
210049, 56960, 1, 0, 0
210150, 58240, 1, 0, 0
210250, 58240, 1, 0, 0
210350, 59520, 1, 0, 0
210450, 55680, 1, 0, 0
210550, 58880, 1, 0, 0
210650, 58880, 1, 0, 0
210749, 60767, 1, 0, 0
210849, 55680, 1, 0, 0
210949, 60160, 1, 0, 0
211049, 58240, 1, 0, 0
211149, 58240, 1, 0, 0
211249, 63360, 1, 0, 0
211349, 61440, 1, 0, 0
211449, 60800, 1, 0, 0
211549, 60800, 1, 0, 0
211649, 57600, 1, 0, 0
211750, 60160, 1, 0, 0
211850, 58880, 1, 0, 0
211950, 60800, 1, 0, 0
212050, 57600, 1, 0, 0
212150, 60160, 1, 0, 0
212249, 57535, 1, 0, 0
212349, 56960, 1, 0, 0
212449, 56320, 1, 0, 0
212549, 64640, 1, 0, 0
212649, 57600, 1, 0, 0
212749, 60160, 1, 0, 0
212849, 60160, 1, 0, 0
212949, 59520, 1, 0, 0
213049, 59520, 1, 0, 0
213149, 58880, 1, 0, 0
213250, 58240, 1, 0, 0
213350, 57600, 1, 0, 0
213450, 56960, 1, 0, 0
213550, 60160, 1, 0, 0
213650, 56320, 1, 0, 0
213749, 58828, 1, 0, 0
213849, 56960, 1, 0, 0
213949, 56960, 1, 0, 0
214049, 58880, 1, 0, 0
214149, 58880, 1, 0, 0
214249, 58880, 1, 0, 0
214349, 59520, 1, 0, 0
214449, 56960, 1, 0, 0
214549, 57600, 1, 0, 0
214649, 62080, 1, 0, 0
214749, 60800, 1, 0, 0
214850, 58240, 1, 0, 0
214950, 61440, 1, 0, 0
215050, 59520, 1, 0, 0
215150, 57600, 1, 0, 0
215249, 57535, 1, 0, 0
215349, 57600, 1, 0, 0
215449, 59520, 1, 0, 0
215549, 61440, 1, 0, 0
215649, 58240, 1, 0, 0
215749, 58880, 1, 0, 0
215849, 58880, 1, 0, 0
215949, 58880, 1, 0, 0
216049, 60800, 1, 0, 0
216149, 58240, 1, 0, 0
216249, 58240, 1, 0, 0
216349, 56960, 1, 0, 0
216450, 56320, 1, 0, 0
216550, 58240, 1, 0, 0
216650, 60800, 1, 0, 0
216749, 60121, 1, 0, 0
216849, 58240, 1, 0, 0
216949, 60160, 1, 0, 0
217049, 57600, 1, 0, 0
217149, 60160, 1, 0, 0
217249, 64000, 1, 0, 0
217349, 58880, 1, 0, 0
217449, 61440, 1, 0, 0
217549, 64640, 1, 0, 0
217649, 59520, 1, 0, 0
217749, 61440, 1, 0, 0
217849, 61440, 1, 0, 0
217949, 60160, 1, 0, 0
218050, 62080, 1, 0, 0
218150, 56960, 1, 0, 0
218249, 60767, 1, 0, 0
218349, 62080, 1, 0, 0
218449, 60160, 1, 0, 0
218549, 56960, 1, 0, 0
218649, 62720, 1, 0, 0
218749, 57600, 1, 0, 0
218849, 60160, 1, 0, 0
218949, 58240, 1, 0, 0
219049, 60160, 1, 0, 0
219149, 60160, 1, 0, 0
219249, 60800, 1, 0, 0
219349, 59520, 1, 0, 0
219449, 61440, 1, 0, 0
219549, 64000, 1, 0, 0
219650, 60800, 1, 0, 0
219750, 58880, 1, 0, 0
219850, 58240, 1, 0, 0
219950, 58240, 1, 0, 0
220050, 60800, 1, 0, 0
220150, 61440, 1, 0, 0
220249, 58181, 1, 0, 0
220349, 60800, 1, 0, 0
220449, 59520, 1, 0, 0
220549, 57600, 1, 0, 0
220649, 58880, 1, 0, 0
220749, 61440, 1, 0, 0
220849, 60160, 1, 0, 0
220949, 59520, 1, 0, 0
221049, 58240, 1, 0, 0
221149, 58880, 1, 0, 0
221250, 58880, 1, 0, 0
221350, 62080, 1, 0, 0
221450, 59520, 1, 0, 0
221550, 60160, 1, 0, 0
221650, 60160, 1, 0, 0
221749, 58181, 1, 0, 0
221849, 60160, 1, 0, 0
221949, 60800, 1, 0, 0
222049, 58880, 1, 0, 0
222149, 60160, 1, 0, 0
222249, 60800, 1, 0, 0
222349, 59520, 1, 0, 0
222449, 60160, 1, 0, 0
222549, 62080, 1, 0, 0
222649, 59520, 1, 0, 0
222749, 60800, 1, 0, 0
222849, 59520, 1, 0, 0
222949, 57600, 1, 0, 0
223050, 60160, 1, 0, 0
223150, 59520, 1, 0, 0
223249, 59474, 1, 0, 0
223349, 60800, 1, 0, 0
223449, 64000, 1, 0, 0
223549, 60800, 1, 0, 0
223649, 61440, 1, 0, 0
223749, 62720, 1, 0, 0
223849, 60160, 1, 0, 0
223949, 62080, 1, 0, 0
224049, 59520, 1, 0, 0
224149, 58880, 1, 0, 0
224249, 58240, 1, 0, 0
224349, 58880, 1, 0, 0
224449, 62080, 1, 0, 0
224549, 60160, 1, 0, 0
224650, 62720, 1, 0, 0
224749, 60767, 1, 0, 0
224849, 60800, 1, 0, 0
224949, 60160, 1, 0, 0
225049, 61440, 1, 0, 0
225149, 63360, 1, 0, 0
225249, 58880, 1, 0, 0
225349, 60800, 1, 0, 0
225449, 58240, 1, 0, 0
225549, 60160, 1, 0, 0
225649, 60160, 1, 0, 0
225749, 61440, 1, 0, 0
225849, 61440, 1, 0, 0
225949, 62080, 1, 0, 0
226049, 58240, 1, 0, 0
226149, 58880, 1, 0, 0
226250, 60800, 1, 0, 0
226350, 58240, 1, 0, 0
226450, 61440, 1, 0, 0
226550, 60800, 1, 0, 0
226650, 62080, 1, 0, 0
226749, 60767, 1, 0, 0
226849, 62080, 1, 0, 0
226949, 60160, 1, 0, 0
227049, 60800, 1, 0, 0
227149, 60800, 1, 0, 0
227249, 59520, 1, 0, 0
227349, 59520, 1, 0, 0
227449, 59520, 1, 0, 0
227549, 58240, 1, 0, 0
227649, 61440, 1, 0, 0
227749, 59520, 1, 0, 0
227849, 59520, 1, 0, 0
227950, 58240, 1, 0, 0
228050, 59520, 1, 0, 0
228150, 56320, 1, 0, 0
228249, 59474, 1, 0, 0
228349, 59520, 1, 0, 0
228449, 62720, 1, 0, 0
228549, 60800, 1, 0, 0
228649, 57600, 1, 0, 0
228749, 61440, 1, 0, 0
228849, 61440, 1, 0, 0
228949, 60160, 1, 0, 0
229049, 56320, 1, 0, 0
229149, 61440, 1, 0, 0
229249, 60800, 1, 0, 0
229349, 62080, 1, 0, 0
229449, 60800, 1, 0, 0
229550, 62720, 1, 0, 0
229650, 61440, 1, 0, 0
229749, 60121, 1, 0, 0
229849, 62080, 1, 0, 0
229949, 59520, 1, 0, 0
230049, 61440, 1, 0, 0
230149, 59520, 1, 0, 0
230249, 61440, 1, 0, 0
230349, 62080, 1, 0, 0
230449, 59520, 1, 0, 0
230549, 58240, 1, 0, 0
230649, 58880, 1, 0, 0
230749, 59520, 1, 0, 0
230849, 58240, 1, 0, 0
230949, 62080, 1, 0, 0
231049, 60160, 1, 0, 0
231149, 61440, 1, 0, 0
231250, 59520, 1, 0, 0
231350, 61440, 1, 0, 0
231450, 60800, 1, 0, 0
231550, 60160, 1, 0, 0
231650, 59520, 1, 0, 0
231749, 61414, 1, 0, 0
231849, 60800, 1, 0, 0
231949, 62080, 1, 0, 0
232049, 58240, 1, 0, 0
232149, 60800, 1, 0, 0
232249, 60800, 1, 0, 0
232349, 60800, 1, 0, 0
232449, 57600, 1, 0, 0
232549, 61440, 1, 0, 0
232649, 61440, 1, 0, 0
232750, 62720, 1, 0, 0
232850, 62720, 1, 0, 0
232950, 62080, 1, 0, 0
233050, 60800, 1, 0, 0
233150, 62080, 1, 0, 0
233249, 62060, 1, 0, 0
233349, 56960, 1, 0, 0
233449, 58880, 1, 0, 0
233549, 62720, 1, 0, 0
233649, 58880, 1, 0, 0
233749, 59520, 1, 0, 0
233849, 61440, 1, 0, 0
233949, 62080, 1, 0, 0
234049, 60800, 1, 0, 0
234149, 60160, 1, 0, 0
234249, 63360, 1, 0, 0
234350, 59520, 1, 0, 0
234450, 58880, 1, 0, 0
234550, 61440, 1, 0, 0
234650, 57600, 1, 0, 0
234749, 56888, 1, 0, 0
234849, 62080, 1, 0, 0
234949, 60800, 1, 0, 0
235049, 61440, 1, 0, 0
235149, 58880, 1, 0, 0
235249, 61440, 1, 0, 0
235349, 58880, 1, 0, 0
235449, 57600, 1, 0, 0
235549, 60160, 1, 0, 0
235649, 60800, 1, 0, 0
235749, 60800, 1, 0, 0
235849, 59520, 1, 0, 0
235949, 59520, 1, 0, 0
236050, 62080, 1, 0, 0
236150, 60800, 1, 0, 0
236249, 58828, 1, 0, 0
236349, 62080, 1, 0, 0
236449, 58240, 1, 0, 0
236549, 62080, 1, 0, 0
236649, 60160, 1, 0, 0
236749, 59520, 1, 0, 0
236849, 61440, 1, 0, 0
236949, 59520, 1, 0, 0
237049, 61440, 1, 0, 0
237149, 59520, 1, 0, 0
237249, 56320, 1, 0, 0
237349, 60160, 1, 0, 0
237449, 58240, 1, 0, 0
237550, 56960, 1, 0, 0
237650, 61440, 1, 0, 0
237749, 64646, 1, 0, 0
237849, 60160, 1, 0, 0
237949, 60160, 1, 0, 0
238049, 62720, 1, 0, 0
238149, 61440, 1, 0, 0
238249, 59520, 1, 0, 0
238349, 60160, 1, 0, 0
238449, 57600, 1, 0, 0
238549, 62080, 1, 0, 0
238649, 60800, 1, 0, 0
238749, 58240, 1, 0, 0
238849, 56960, 1, 0, 0
238949, 58240, 1, 0, 0
239049, 60160, 1, 0, 0
239150, 56320, 1, 0, 0
239250, 60800, 1, 0, 0
239350, 58880, 1, 0, 0
239450, 62720, 1, 0, 0
239550, 60160, 1, 0, 0
239650, 62720, 1, 0, 0
239749, 60767, 1, 0, 0
239849, 62080, 1, 0, 0
239949, 60160, 1, 0, 0
240049, 60800, 1, 0, 0
240149, 58240, 1, 0, 0
240249, 60160, 1, 0, 0
240349, 60160, 1, 0, 0
240449, 60160, 1, 0, 0
240549, 60160, 1, 0, 0
240649, 62080, 1, 0, 0
240749, 59520, 1, 0, 0
240849, 58880, 1, 0, 0
240950, 61440, 1, 0, 0
241050, 60800, 1, 0, 0
241150, 60800, 1, 0, 0
241249, 59474, 1, 0, 0
241349, 57600, 1, 0, 0
241449, 59520, 1, 0, 0
241549, 60160, 1, 0, 0
241649, 58880, 1, 0, 0
241749, 58880, 1, 0, 0
241849, 62080, 1, 0, 0
241949, 58880, 1, 0, 0
242049, 58240, 1, 0, 0
242149, 58240, 1, 0, 0
242249, 60800, 1, 0, 0
242349, 59520, 1, 0, 0
242449, 58240, 1, 0, 0
242550, 59520, 1, 0, 0
242650, 60160, 1, 0, 0
242749, 60121, 1, 0, 0
242849, 60160, 1, 0, 0
242949, 59520, 1, 0, 0
243049, 60800, 1, 0, 0
243149, 56320, 1, 0, 0
243249, 55680, 1, 0, 0
243349, 58880, 1, 0, 0
243449, 57600, 1, 0, 0
243549, 58880, 1, 0, 0
243649, 60160, 1, 0, 0
243749, 56320, 1, 0, 0
243849, 56960, 1, 0, 0
243949, 56960, 1, 0, 0
244050, 61440, 1, 0, 0
244150, 55680, 1, 0, 0
244249, 58181, 1, 0, 0
244349, 55680, 1, 0, 0
244449, 56320, 1, 0, 0
244549, 55680, 1, 0, 0
244649, 53120, 1, 0, 0
244749, 58880, 1, 0, 0
244849, 57600, 1, 0, 0
244949, 57600, 1, 0, 0
245049, 58880, 1, 0, 0
245149, 60160, 1, 0, 0
245249, 56320, 1, 0, 0
245349, 60160, 1, 0, 0
245449, 58240, 1, 0, 0
245549, 60160, 1, 0, 0
245649, 61440, 1, 0, 0
245750, 57600, 1, 0, 0
245850, 56960, 1, 0, 0
245950, 57600, 1, 0, 0
246050, 59520, 1, 0, 0
246150, 57600, 1, 0, 0
246249, 60767, 1, 0, 0
246349, 58240, 1, 0, 0
246449, 58880, 1, 0, 0
246549, 56320, 1, 0, 0
246649, 58240, 1, 0, 0
246749, 55680, 1, 0, 0
246849, 59520, 1, 0, 0
246949, 58880, 1, 0, 0
247049, 57600, 1, 0, 0
247149, 59520, 1, 0, 0
247250, 60800, 1, 0, 0
247350, 60160, 1, 0, 0
247450, 57600, 1, 0, 0
247550, 57600, 1, 0, 0
247650, 58880, 1, 0, 0
247749, 57535, 1, 0, 0
247849, 58880, 1, 0, 0
247949, 56960, 1, 0, 0
248049, 57600, 1, 0, 0
248149, 56960, 1, 0, 0
248249, 58240, 1, 0, 0
248349, 57600, 1, 0, 0
248449, 57600, 1, 0, 0
248549, 56320, 1, 0, 0
248649, 60160, 1, 0, 0
248750, 56960, 1, 0, 0
248850, 61440, 1, 0, 0
248950, 61440, 1, 0, 0
249050, 57600, 1, 0, 0
249150, 59520, 1, 0, 0
249249, 58828, 1, 0, 0
249349, 58240, 1, 0, 0
249449, 54400, 1, 0, 0
249549, 55040, 1, 0, 0
249649, 57600, 1, 0, 0
249749, 58880, 1, 0, 0
249849, 58880, 1, 0, 0
249949, 57600, 1, 0, 0
250049, 57600, 1, 0, 0
250149, 58240, 1, 0, 0
250249, 58240, 1, 0, 0
250349, 61440, 1, 0, 0
250450, 57600, 1, 0, 0
250550, 58880, 1, 0, 0
250650, 59520, 1, 0, 0
250749, 58181, 1, 0, 0
250849, 58240, 1, 0, 0
250949, 58240, 1, 0, 0
251049, 59520, 1, 0, 0
251149, 62080, 1, 0, 0
251249, 58240, 1, 0, 0
251349, 58240, 1, 0, 0
251449, 57600, 1, 0, 0
251549, 58880, 1, 0, 0
251649, 56960, 1, 0, 0
251749, 56960, 1, 0, 0
251849, 56320, 1, 0, 0
251950, 58240, 1, 0, 0
252050, 60800, 1, 0, 0
252150, 60160, 1, 0, 0
252249, 63353, 1, 0, 0
252349, 60160, 1, 0, 0
252449, 59520, 1, 0, 0
252549, 60160, 1, 0, 0
252649, 62080, 1, 0, 0
252749, 58880, 1, 0, 0
252849, 62080, 1, 0, 0
252949, 56320, 1, 0, 0
253049, 60160, 1, 0, 0
253149, 62080, 1, 0, 0
253249, 60160, 1, 0, 0
253349, 58880, 1, 0, 0
253449, 58240, 1, 0, 0
253550, 62080, 1, 0, 0
253650, 60160, 1, 0, 0
253749, 61414, 1, 0, 0
253849, 64000, 1, 0, 0
253949, 61440, 1, 0, 0
254049, 60800, 1, 0, 0
254149, 60800, 1, 0, 0
254249, 57600, 1, 0, 0
254349, 59520, 1, 0, 0
254449, 58880, 1, 0, 0
254549, 59520, 1, 0, 0
254649, 60160, 1, 0, 0
254749, 57600, 1, 0, 0
254849, 60800, 1, 0, 0
254949, 62720, 1, 0, 0
255050, 62080, 1, 0, 0
255150, 58880, 1, 0, 0
255249, 60767, 1, 0, 0
255349, 58880, 1, 0, 0
255449, 62720, 1, 0, 0
255549, 62080, 1, 0, 0
255649, 60160, 1, 0, 0
255749, 60160, 1, 0, 0
255849, 58880, 1, 0, 0
255949, 62080, 1, 0, 0
256049, 59520, 1, 0, 0
256149, 62720, 1, 0, 0
256249, 58880, 1, 0, 0
256349, 57600, 1, 0, 0
256449, 62720, 1, 0, 0
256549, 60160, 1, 0, 0
256649, 62080, 1, 0, 0
256750, 59520, 1, 0, 0
256850, 59520, 1, 0, 0
256950, 64000, 1, 0, 0
257050, 58240, 1, 0, 0
257150, 61440, 1, 0, 0
257249, 58828, 1, 0, 0
257349, 57600, 1, 0, 0
257449, 62080, 1, 0, 0
257549, 60800, 1, 0, 0
257649, 62720, 1, 0, 0
257749, 62080, 1, 0, 0
257849, 63360, 1, 0, 0
257949, 62080, 1, 0, 0
258049, 60800, 1, 0, 0
258149, 60800, 1, 0, 0
258250, 64000, 1, 0, 0
258350, 64000, 1, 0, 0
258450, 62080, 1, 0, 0
258550, 61440, 1, 0, 0
258650, 64000, 1, 0, 0
258749, 60767, 1, 0, 0
258849, 60800, 1, 0, 0
258949, 65280, 1, 0, 0
259049, 63360, 1, 0, 0
259149, 61440, 1, 0, 0
259249, 59520, 1, 0, 0
259349, 59520, 1, 0, 0
259449, 62080, 1, 0, 0
259549, 61440, 1, 0, 0
259649, 63360, 1, 0, 0
259749, 60800, 1, 0, 0
259850, 62080, 1, 0, 0
259950, 56960, 1, 0, 0
260050, 59520, 1, 0, 0
260150, 60800, 1, 0, 0
260249, 58828, 1, 0, 0
260349, 60160, 1, 0, 0
260449, 62720, 1, 0, 0
260549, 61440, 1, 0, 0
260649, 58240, 1, 0, 0
260749, 62080, 1, 0, 0
260849, 58880, 1, 0, 0
260949, 64000, 1, 0, 0
261049, 58240, 1, 0, 0
261149, 59520, 1, 0, 0
261249, 61440, 1, 0, 0
261349, 59520, 1, 0, 0
261449, 61440, 1, 0, 0
261550, 62720, 1, 0, 0
261650, 62720, 1, 0, 0
261749, 60767, 1, 0, 0
261849, 63360, 1, 0, 0
261949, 60800, 1, 0, 0
262049, 62080, 1, 0, 0
262149, 60800, 1, 0, 0
262249, 60160, 1, 0, 0
262349, 61440, 1, 0, 0
262449, 59520, 1, 0, 0
262549, 60160, 1, 0, 0
262649, 56960, 1, 0, 0
262749, 59520, 1, 0, 0
262849, 60160, 1, 0, 0
262949, 64000, 1, 0, 0
263050, 59520, 1, 0, 0
263150, 59520, 1, 0, 0
263249, 62060, 1, 0, 0
263349, 62080, 1, 0, 0
263449, 61440, 1, 0, 0
263549, 62080, 1, 0, 0
263649, 60160, 1, 0, 0
263749, 63360, 1, 0, 0
263849, 60800, 1, 0, 0
263949, 62080, 1, 0, 0
264049, 59520, 1, 0, 0
264149, 62720, 1, 0, 0
264249, 60800, 1, 0, 0
264349, 60800, 1, 0, 0
264449, 62720, 1, 0, 0
264549, 61440, 1, 0, 0
264650, 60160, 1, 0, 0
264750, 57600, 1, 0, 0
264850, 60800, 1, 0, 0
264950, 60160, 1, 0, 0
265050, 60800, 1, 0, 0
265150, 60800, 1, 0, 0
265249, 60767, 1, 0, 0
265349, 60800, 1, 0, 0
265449, 60800, 1, 0, 0
265549, 58240, 1, 0, 0
265649, 60160, 1, 0, 0
265749, 57600, 1, 0, 0
265849, 63360, 1, 0, 0
265949, 58880, 1, 0, 0
266049, 62080, 1, 0, 0
266149, 61440, 1, 0, 0
266250, 62080, 1, 0, 0
266350, 60160, 1, 0, 0
266450, 61440, 1, 0, 0
266550, 59520, 1, 0, 0
266650, 62080, 1, 0, 0
266749, 63353, 1, 0, 0
266849, 58880, 1, 0, 0
266949, 63360, 1, 0, 0
267049, 60800, 1, 0, 0
267149, 58880, 1, 0, 0
267249, 62080, 1, 0, 0
267349, 64640, 1, 0, 0
267449, 58880, 1, 0, 0
267549, 60800, 1, 0, 0
267649, 61440, 1, 0, 0
267750, 62080, 1, 0, 0
267850, 57600, 1, 0, 0
267950, 62720, 1, 0, 0
268050, 62720, 1, 0, 0
268150, 62720, 1, 0, 0
268249, 62060, 1, 0, 0
268349, 60160, 1, 0, 0
268449, 62080, 1, 0, 0
268549, 62080, 1, 0, 0
268649, 59520, 1, 0, 0
268749, 60800, 1, 0, 0
268849, 62080, 1, 0, 0
268949, 63360, 1, 0, 0
269049, 63360, 1, 0, 0
269149, 58880, 1, 0, 0
269249, 56960, 1, 0, 0
269349, 60800, 1, 0, 0
269449, 60160, 1, 0, 0
269550, 60800, 1, 0, 0
269650, 59520, 1, 0, 0
269749, 60121, 1, 0, 0
269849, 60800, 1, 0, 0
269949, 58880, 1, 0, 0
270049, 62080, 1, 0, 0
270149, 61440, 1, 0, 0
270249, 62720, 1, 0, 0
270349, 62080, 1, 0, 0
270449, 62080, 1, 0, 0
270549, 58880, 1, 0, 0
270649, 58880, 1, 0, 0
270749, 61440, 1, 0, 0
270849, 60800, 1, 0, 0
270949, 62080, 1, 0, 0
271049, 57600, 1, 0, 0
271150, 58880, 1, 0, 0
271250, 61440, 1, 0, 0
271350, 62080, 1, 0, 0
271450, 60160, 1, 0, 0
271550, 59520, 1, 0, 0
271650, 61440, 1, 0, 0
271749, 60767, 1, 0, 0
271849, 58240, 1, 0, 0
271949, 60160, 1, 0, 0
272049, 61440, 1, 0, 0
272149, 60800, 1, 0, 0
272249, 60160, 1, 0, 0
272349, 63360, 1, 0, 0
272449, 59520, 1, 0, 0
272549, 62080, 1, 0, 0
272649, 62080, 1, 0, 0
272750, 62080, 1, 0, 0
272850, 58880, 1, 0, 0
272950, 61440, 1, 0, 0
273050, 62080, 1, 0, 0
273150, 62080, 1, 0, 0
273249, 60121, 1, 0, 0
273349, 61440, 1, 0, 0
273449, 61440, 1, 0, 0
273549, 59520, 1, 0, 0
273649, 62080, 1, 0, 0
273749, 58240, 1, 0, 0
273849, 58240, 1, 0, 0
273949, 62720, 1, 0, 0
274049, 60800, 1, 0, 0
274149, 60160, 1, 0, 0
274250, 58240, 1, 0, 0
274350, 62080, 1, 0, 0
274450, 60800, 1, 0, 0
274550, 62720, 1, 0, 0
274650, 62080, 1, 0, 0
274749, 61414, 1, 0, 0
274849, 59520, 1, 0, 0
274949, 60160, 1, 0, 0
275049, 61440, 1, 0, 0
275149, 62080, 1, 0, 0
275249, 60160, 1, 0, 0
275349, 63360, 1, 0, 0
275449, 59520, 1, 0, 0
275549, 61440, 1, 0, 0
275649, 60160, 1, 0, 0
275749, 60160, 1, 0, 0
275850, 59520, 1, 0, 0
275950, 60160, 1, 0, 0
276050, 58240, 1, 0, 0
276150, 61440, 1, 0, 0
276249, 55595, 1, 0, 0
276349, 60160, 1, 0, 0
276449, 62720, 1, 0, 0
276549, 59520, 1, 0, 0
276649, 61440, 1, 0, 0
276749, 61440, 1, 0, 0
276849, 58240, 1, 0, 0
276949, 58240, 1, 0, 0
277049, 59520, 1, 0, 0
277149, 57600, 1, 0, 0
277249, 60800, 1, 0, 0
277349, 58240, 1, 0, 0
277449, 55680, 1, 0, 0
277550, 59520, 1, 0, 0
277650, 58880, 1, 0, 0
277749, 61414, 1, 0, 0
277849, 61440, 1, 0, 0
277949, 58240, 1, 0, 0
278049, 57600, 1, 0, 0
278149, 59520, 1, 0, 0
278249, 58240, 1, 0, 0
278349, 62080, 1, 0, 0
278449, 62080, 1, 0, 0
278549, 60160, 1, 0, 0
278649, 60160, 1, 0, 0
278749, 61440, 1, 0, 0
278849, 58880, 1, 0, 0
278949, 58880, 1, 0, 0
279049, 60160, 1, 0, 0
279150, 60160, 1, 0, 0
279250, 55040, 1, 0, 0
279350, 56320, 1, 0, 0
279450, 59520, 1, 0, 0
279550, 59520, 1, 0, 0
279650, 56320, 1, 0, 0
279749, 58828, 1, 0, 0
279849, 62720, 1, 0, 0
279949, 55680, 1, 0, 0
280049, 63360, 1, 0, 0
280149, 62080, 1, 0, 0
280249, 61440, 1, 0, 0
280349, 61440, 1, 0, 0
280449, 62080, 1, 0, 0
280549, 59520, 1, 0, 0
280649, 62080, 1, 0, 0
280750, 60800, 1, 0, 0
280850, 58880, 1, 0, 0
280950, 60160, 1, 0, 0
281050, 62080, 1, 0, 0
281150, 60800, 1, 0, 0
281249, 61414, 1, 0, 0
281349, 63360, 1, 0, 0
281449, 58880, 1, 0, 0
281549, 60160, 1, 0, 0
281649, 62720, 1, 0, 0
281749, 61440, 1, 0, 0
281849, 58880, 1, 0, 0
281949, 59520, 1, 0, 0
282049, 62080, 1, 0, 0
282149, 62720, 1, 0, 0
282249, 60800, 1, 0, 0
282350, 60160, 1, 0, 0
282450, 61440, 1, 0, 0
282550, 58240, 1, 0, 0
282650, 58880, 1, 0, 0
282749, 58828, 1, 0, 0
282849, 59520, 1, 0, 0
282949, 58240, 1, 0, 0
283049, 60160, 1, 0, 0
283149, 60160, 1, 0, 0
283249, 60800, 1, 0, 0
283349, 62080, 1, 0, 0
283449, 62720, 1, 0, 0
283549, 60800, 1, 0, 0
283649, 60160, 1, 0, 0
283749, 60160, 1, 0, 0
283849, 62720, 1, 0, 0
283949, 61440, 1, 0, 0
284050, 60800, 1, 0, 0
284150, 61440, 1, 0, 0
284249, 56888, 1, 0, 0
284349, 60160, 1, 0, 0
284449, 62080, 1, 0, 0
284549, 59520, 1, 0, 0
284649, 59520, 1, 0, 0
284749, 58240, 1, 0, 0
284849, 61440, 1, 0, 0
284949, 59520, 1, 0, 0
285049, 59520, 1, 0, 0
285149, 56960, 1, 0, 0
285249, 59520, 1, 0, 0
285349, 60160, 1, 0, 0
285449, 59520, 1, 0, 0
285550, 60160, 1, 0, 0
285650, 58240, 1, 0, 0
285749, 61414, 1, 0, 0
285849, 58240, 1, 0, 0
285949, 62080, 1, 0, 0
286049, 53120, 1, 0, 0
286149, 59520, 1, 0, 0
286249, 60800, 1, 0, 0
286349, 60800, 1, 0, 0
286449, 62080, 1, 0, 0
286549, 61440, 1, 0, 0
286649, 60160, 1, 0, 0
286749, 60160, 1, 0, 0
286849, 56320, 1, 0, 0
286949, 61440, 1, 0, 0
287050, 61440, 1, 0, 0
287150, 59520, 1, 0, 0
287249, 60767, 1, 0, 0
287349, 60160, 1, 0, 0
287449, 63360, 1, 0, 0
287549, 64000, 1, 0, 0
287649, 60800, 1, 0, 0
287749, 58240, 1, 0, 0
287849, 60800, 1, 0, 0
287949, 60800, 1, 0, 0
288049, 62080, 1, 0, 0
288149, 62080, 1, 0, 0
288249, 60160, 1, 0, 0
288349, 59520, 1, 0, 0
288449, 62080, 1, 0, 0
288549, 62720, 1, 0, 0
288650, 62720, 1, 0, 0
288750, 60160, 1, 0, 0
288850, 58880, 1, 0, 0
288950, 61440, 1, 0, 0
289050, 60800, 1, 0, 0
289150, 61440, 1, 0, 0
289249, 64000, 1, 0, 0
289349, 62080, 1, 0, 0
289449, 61440, 1, 0, 0
289549, 58880, 1, 0, 0
289649, 60160, 1, 0, 0
289749, 59520, 1, 0, 0
289849, 62720, 1, 0, 0
289949, 62720, 1, 0, 0
290049, 59520, 1, 0, 0
290149, 60800, 1, 0, 0
290250, 60160, 1, 0, 0
290350, 58880, 1, 0, 0
290450, 60160, 1, 0, 0
290550, 60160, 1, 0, 0
290650, 60160, 1, 0, 0
290749, 62060, 1, 0, 0
290849, 58880, 1, 0, 0
290949, 57600, 1, 0, 0
291049, 62080, 1, 0, 0
291149, 60800, 1, 0, 0
291249, 59520, 1, 0, 0
291349, 61440, 1, 0, 0
291449, 62720, 1, 0, 0
291549, 57600, 1, 0, 0
291649, 62080, 1, 0, 0
291749, 62720, 1, 0, 0
291849, 64000, 1, 0, 0
291950, 58240, 1, 0, 0
292050, 57600, 1, 0, 0
292150, 59520, 1, 0, 0
292249, 61414, 1, 0, 0
292349, 59520, 1, 0, 0
292449, 59520, 1, 0, 0
292549, 62080, 1, 0, 0
292649, 57600, 1, 0, 0
292749, 61440, 1, 0, 0
292849, 60160, 1, 0, 0
292949, 55040, 1, 0, 0
293049, 58880, 1, 0, 0
293149, 58880, 1, 0, 0
293249, 62080, 1, 0, 0
293349, 60800, 1, 0, 0
293449, 60160, 1, 0, 0
293550, 60800, 1, 0, 0
293650, 64000, 1, 0, 0
293749, 60121, 1, 0, 0
293849, 60800, 1, 0, 0
293949, 61440, 1, 0, 0
294049, 62080, 1, 0, 0
294149, 62080, 1, 0, 0
294249, 60160, 1, 0, 0
294349, 59520, 1, 0, 0
294449, 58240, 1, 0, 0
294549, 60800, 1, 0, 0
294649, 63360, 1, 0, 0
294749, 60160, 1, 0, 0
294849, 60800, 1, 0, 0
294949, 60800, 1, 0, 0
295050, 61440, 1, 0, 0
295150, 58880, 1, 0, 0
295249, 60121, 1, 0, 0
295349, 59520, 1, 0, 0
295449, 58240, 1, 0, 0
295549, 60160, 1, 0, 0
295649, 58880, 1, 0, 0
295749, 56960, 1, 0, 0
295849, 61440, 1, 0, 0
295949, 55680, 1, 0, 0
296049, 58240, 1, 0, 0
296149, 55040, 1, 0, 0
296249, 56320, 1, 0, 0
296349, 57600, 1, 0, 0
296449, 60160, 1, 0, 0
296549, 64000, 1, 0, 0
296649, 61440, 1, 0, 0
296750, 61440, 1, 0, 0
296850, 62080, 1, 0, 0
296950, 61440, 1, 0, 0
297050, 60160, 1, 0, 0
297150, 62080, 1, 0, 0
297249, 61414, 1, 0, 0
297349, 60160, 1, 0, 0
297449, 54400, 1, 0, 0
297549, 62720, 1, 0, 0
297649, 58880, 1, 0, 0
297749, 61440, 1, 0, 0
297849, 61440, 1, 0, 0
297949, 62720, 1, 0, 0
298049, 60800, 1, 0, 0
298149, 62720, 1, 0, 0
298250, 59520, 1, 0, 0
298350, 59520, 1, 0, 0
298450, 57600, 1, 0, 0
298550, 58880, 1, 0, 0
298650, 55680, 1, 0, 0
298749, 58181, 1, 0, 0
298849, 60160, 1, 0, 0
298949, 58240, 1, 0, 0
299049, 58240, 1, 0, 0
299149, 56960, 1, 0, 0
299249, 60800, 1, 0, 0
299349, 61440, 1, 0, 0
299449, 59520, 1, 0, 0
299549, 59520, 1, 0, 0
299649, 58880, 1, 0, 0
299749, 58240, 1, 0, 0
299849, 60160, 1, 0, 0
299949, 57600, 1, 0, 0
300050, 60160, 1, 0, 0
300150, 59520, 1, 0, 0
300249, 60121, 1, 0, 0
300349, 60800, 1, 0, 0
300449, 60800, 1, 0, 0
300549, 62720, 1, 0, 0
300649, 60800, 1, 0, 0
300749, 62080, 1, 0, 0
300849, 59520, 1, 0, 0
300949, 61440, 1, 0, 0
301049, 60800, 1, 0, 0
301149, 60160, 1, 0, 0
301249, 59520, 1, 0, 0
301349, 57600, 1, 0, 0
301449, 59520, 1, 0, 0
301550, 58240, 1, 0, 0
301650, 58240, 1, 0, 0
301749, 60121, 1, 0, 0
301849, 58880, 1, 0, 0
301949, 60160, 1, 0, 0
302049, 59520, 1, 0, 0
302149, 59520, 1, 0, 0
302249, 60800, 1, 0, 0
302349, 58240, 1, 0, 0
302449, 58880, 1, 0, 0
302549, 56960, 1, 0, 0
302649, 58880, 1, 0, 0
302749, 60160, 1, 0, 0
302849, 58880, 1, 0, 0
302949, 58240, 1, 0, 0
303050, 56960, 1, 0, 0
303150, 58240, 1, 0, 0
303249, 56888, 1, 0, 0
303349, 58240, 1, 0, 0
303449, 60160, 1, 0, 0
303549, 61440, 1, 0, 0
303649, 60800, 1, 0, 0
303749, 59520, 1, 0, 0
303849, 56960, 1, 0, 0
303949, 59520, 1, 0, 0
304049, 58880, 1, 0, 0
304149, 59520, 1, 0, 0
304249, 62080, 1, 0, 0
304349, 58880, 1, 0, 0
304449, 60800, 1, 0, 0
304549, 61440, 1, 0, 0
304649, 56960, 1, 0, 0
304750, 60800, 1, 0, 0
304850, 58880, 1, 0, 0
304950, 60160, 1, 0, 0
305050, 58240, 1, 0, 0
305150, 60160, 1, 0, 0
305249, 58828, 1, 0, 0
305349, 63360, 1, 0, 0
305449, 59520, 1, 0, 0
305549, 59520, 1, 0, 0
305649, 60800, 1, 0, 0
305749, 62080, 1, 0, 0
305849, 60160, 1, 0, 0
305949, 64640, 1, 0, 0
306049, 62080, 1, 0, 0
306149, 62080, 1, 0, 0
306249, 58240, 1, 0, 0
306350, 60800, 1, 0, 0
306450, 60800, 1, 0, 0
306550, 60800, 1, 0, 0
306650, 61440, 1, 0, 0
306749, 61414, 1, 0, 0
306849, 62720, 1, 0, 0
306949, 62080, 1, 0, 0
307049, 55040, 1, 0, 0
307149, 58880, 1, 0, 0
307249, 60160, 1, 0, 0
307349, 62080, 1, 0, 0
307449, 61440, 1, 0, 0
307549, 62080, 1, 0, 0
307650, 62720, 1, 0, 0
307750, 60160, 1, 0, 0
307850, 64000, 1, 0, 0
307950, 60160, 1, 0, 0
308050, 61440, 1, 0, 0
308150, 58880, 1, 0, 0
308249, 59474, 1, 0, 0
308349, 59520, 1, 0, 0
308449, 62080, 1, 0, 0
308549, 58880, 1, 0, 0
308649, 59520, 1, 0, 0
308749, 60800, 1, 0, 0
308849, 60800, 1, 0, 0
308949, 60800, 1, 0, 0
309049, 62720, 1, 0, 0
309149, 62080, 1, 0, 0
309250, 60800, 1, 0, 0
309350, 64000, 1, 0, 0
309450, 59520, 1, 0, 0
309550, 59520, 1, 0, 0
309650, 59520, 1, 0, 0
309749, 58181, 1, 0, 0
309849, 62080, 1, 0, 0
309949, 62720, 1, 0, 0
310049, 63360, 1, 0, 0
310149, 60160, 1, 0, 0
310249, 64640, 1, 0, 0
310349, 59520, 1, 0, 0
310449, 62080, 1, 0, 0
310549, 59520, 1, 0, 0
310649, 60800, 1, 0, 0
310750, 61440, 1, 0, 0
310850, 57600, 1, 0, 0
310950, 62720, 1, 0, 0
311050, 56320, 1, 0, 0
311150, 60160, 1, 0, 0
311249, 62060, 1, 0, 0
311349, 62080, 1, 0, 0
311449, 61440, 1, 0, 0
311549, 63360, 1, 0, 0
311649, 60160, 1, 0, 0
311749, 58880, 1, 0, 0
311849, 57600, 1, 0, 0
311949, 61440, 1, 0, 0
312049, 62720, 1, 0, 0
312149, 60160, 1, 0, 0
312249, 60160, 1, 0, 0
312349, 61440, 1, 0, 0
312449, 62720, 1, 0, 0
312550, 59520, 1, 0, 0
312650, 58880, 1, 0, 0
312749, 60121, 1, 0, 0
312849, 60800, 1, 0, 0
312949, 62080, 1, 0, 0
313049, 55040, 1, 0, 0
313149, 58240, 1, 0, 0
313249, 60800, 1, 0, 0
313349, 61440, 1, 0, 0
313449, 60160, 1, 0, 0
313549, 59520, 1, 0, 0
313649, 60800, 1, 0, 0
313749, 58880, 1, 0, 0
313849, 60160, 1, 0, 0
313949, 60160, 1, 0, 0
314050, 59520, 1, 0, 0
314150, 60160, 1, 0, 0
314249, 61414, 1, 0, 0
314349, 59520, 1, 0, 0
314449, 58240, 1, 0, 0
314549, 58880, 1, 0, 0
314649, 62720, 1, 0, 0
314749, 58240, 1, 0, 0
314849, 61440, 1, 0, 0
314949, 60160, 1, 0, 0
315049, 56960, 1, 0, 0
315149, 56960, 1, 0, 0
315249, 57600, 1, 0, 0
315349, 55680, 1, 0, 0
315449, 60800, 1, 0, 0
315550, 58880, 1, 0, 0
315650, 58880, 1, 0, 0
315749, 62707, 1, 0, 0
315849, 58880, 1, 0, 0
315949, 58880, 1, 0, 0
316049, 58240, 1, 0, 0
316149, 58240, 1, 0, 0
316249, 58240, 1, 0, 0
316349, 57600, 1, 0, 0
316449, 60160, 1, 0, 0
316549, 60160, 1, 0, 0
316649, 58240, 1, 0, 0
316749, 58240, 1, 0, 0
316849, 59520, 1, 0, 0
316949, 62720, 1, 0, 0
317049, 59520, 1, 0, 0
317150, 60800, 1, 0, 0
317250, 57600, 1, 0, 0
317350, 60160, 1, 0, 0
317450, 60160, 1, 0, 0
317550, 59520, 1, 0, 0
317650, 61440, 1, 0, 0
317749, 58828, 1, 0, 0
317849, 59520, 1, 0, 0
317949, 60160, 1, 0, 0
318049, 62080, 1, 0, 0
318149, 59520, 1, 0, 0
318249, 59520, 1, 0, 0
318349, 62080, 1, 0, 0
318449, 59520, 1, 0, 0
318549, 60160, 1, 0, 0
318649, 60160, 1, 0, 0
318750, 60800, 1, 0, 0
318850, 57600, 1, 0, 0
318950, 60800, 1, 0, 0
319050, 59520, 1, 0, 0
319150, 60800, 1, 0, 0
319249, 57535, 1, 0, 0
319349, 62720, 1, 0, 0
319449, 61440, 1, 0, 0
319549, 60160, 1, 0, 0
319649, 60160, 1, 0, 0
319749, 56320, 1, 0, 0
319849, 54400, 1, 0, 0
319949, 57600, 1, 0, 0
320049, 57600, 1, 0, 0
320149, 59520, 1, 0, 0
320250, 58880, 1, 0, 0
320350, 62080, 1, 0, 0
320450, 63360, 1, 0, 0
320550, 61440, 1, 0, 0
320650, 60160, 1, 0, 0
320749, 59474, 1, 0, 0
320849, 58240, 1, 0, 0
320949, 61440, 1, 0, 0
321049, 62080, 1, 0, 0
321149, 58880, 1, 0, 0
321249, 58240, 1, 0, 0
321349, 59520, 1, 0, 0
321449, 60160, 1, 0, 0
321549, 60160, 1, 0, 0
321649, 60800, 1, 0, 0
321749, 58880, 1, 0, 0
321849, 57600, 1, 0, 0
321949, 60160, 1, 0, 0
322050, 60160, 1, 0, 0
322150, 58880, 1, 0, 0
322249, 58181, 1, 0, 0
322349, 60800, 1, 0, 0
322449, 60800, 1, 0, 0
322549, 58880, 1, 0, 0
322649, 60800, 1, 0, 0
322749, 60160, 1, 0, 0
322849, 60160, 1, 0, 0
322949, 57600, 1, 0, 0
323049, 58880, 1, 0, 0
323149, 56960, 1, 0, 0
323249, 56960, 1, 0, 0
323349, 56320, 1, 0, 0
323449, 59520, 1, 0, 0
323550, 59520, 1, 0, 0
323650, 58240, 1, 0, 0
323750, 58880, 1, 0, 0
323850, 60800, 1, 0, 0
323950, 56960, 1, 0, 0
324050, 58880, 1, 0, 0
324150, 59520, 1, 0, 0
324249, 60767, 1, 0, 0
324349, 59520, 1, 0, 0
324449, 57600, 1, 0, 0
324549, 58880, 1, 0, 0
324649, 58880, 1, 0, 0
324749, 56320, 1, 0, 0
324849, 56960, 1, 0, 0
324949, 58240, 1, 0, 0
325049, 58240, 1, 0, 0
325149, 58880, 1, 0, 0
325250, 56960, 1, 0, 0
325350, 58880, 1, 0, 0
325450, 57600, 1, 0, 0
325550, 59520, 1, 0, 0
325650, 59520, 1, 0, 0
325749, 56888, 1, 0, 0
325849, 60800, 1, 0, 0
325949, 60160, 1, 0, 0
326049, 59520, 1, 0, 0
326149, 56320, 1, 0, 0
326249, 60160, 1, 0, 0
326349, 60160, 1, 0, 0
326449, 56320, 1, 0, 0
326549, 59520, 1, 0, 0
326649, 59520, 1, 0, 0
326749, 58240, 1, 0, 0
326850, 59520, 1, 0, 0
326950, 61440, 1, 0, 0
327050, 58240, 1, 0, 0
327150, 60160, 1, 0, 0
327249, 59474, 1, 0, 0
327349, 57600, 1, 0, 0
327449, 57600, 1, 0, 0
327549, 58240, 1, 0, 0
327649, 58880, 1, 0, 0
327749, 58880, 1, 0, 0
327849, 57600, 1, 0, 0
327949, 58240, 1, 0, 0
328049, 56320, 1, 0, 0
328149, 55680, 1, 0, 0
328249, 60160, 1, 0, 0
328349, 59520, 1, 0, 0
328450, 56320, 1, 0, 0
328550, 56960, 1, 0, 0
328650, 59520, 1, 0, 0
328749, 58828, 1, 0, 0
328849, 57600, 1, 0, 0
328949, 60800, 1, 0, 0
329049, 60800, 1, 0, 0
329149, 57600, 1, 0, 0
329249, 60160, 1, 0, 0
329349, 56960, 1, 0, 0
329449, 58880, 1, 0, 0
329549, 59520, 1, 0, 0
329649, 55680, 1, 0, 0
329749, 56960, 1, 0, 0
329850, 57600, 1, 0, 0
329950, 57600, 1, 0, 0
330050, 58240, 1, 0, 0
330150, 56320, 1, 0, 0
330249, 59474, 1, 0, 0
330349, 58880, 1, 0, 0
330449, 58240, 1, 0, 0
330549, 59520, 1, 0, 0
330649, 57600, 1, 0, 0
330749, 57600, 1, 0, 0
330849, 55680, 1, 0, 0
330949, 60160, 1, 0, 0
331049, 56320, 1, 0, 0
331149, 58880, 1, 0, 0
331249, 55040, 1, 0, 0
331350, 55040, 1, 0, 0
331450, 60800, 1, 0, 0
331550, 58880, 1, 0, 0
331650, 56960, 1, 0, 0
331749, 58828, 1, 0, 0
331849, 54400, 1, 0, 0
331949, 56960, 1, 0, 0
332049, 58240, 1, 0, 0
332149, 59520, 1, 0, 0
332249, 58240, 1, 0, 0
332349, 56320, 1, 0, 0
332449, 59520, 1, 0, 0
332549, 57600, 1, 0, 0
332649, 57600, 1, 0, 0
332749, 58880, 1, 0, 0
332850, 59520, 1, 0, 0
332950, 60160, 1, 0, 0
333050, 56960, 1, 0, 0
333150, 56320, 1, 0, 0
333249, 55595, 1, 0, 0
333349, 57600, 1, 0, 0
333449, 60160, 1, 0, 0
333549, 58240, 1, 0, 0
333649, 62080, 1, 0, 0
333749, 60800, 1, 0, 0
333849, 60160, 1, 0, 0
333949, 62720, 1, 0, 0
334049, 58240, 1, 0, 0
334149, 60160, 1, 0, 0
334249, 60160, 1, 0, 0
334349, 58240, 1, 0, 0
334450, 59520, 1, 0, 0
334550, 60160, 1, 0, 0
334650, 56960, 1, 0, 0
334749, 59474, 1, 0, 0
334849, 59520, 1, 0, 0
334949, 57600, 1, 0, 0
335049, 60160, 1, 0, 0
335149, 60160, 1, 0, 0
335249, 59520, 1, 0, 0
335349, 59520, 1, 0, 0
335449, 58880, 1, 0, 0
335549, 55680, 1, 0, 0
335649, 58880, 1, 0, 0
335749, 61440, 1, 0, 0
335849, 63360, 1, 0, 0
335949, 63360, 1, 0, 0
336050, 58240, 1, 0, 0
336150, 60800, 1, 0, 0
336249, 60767, 1, 0, 0
336349, 60800, 1, 0, 0
336449, 62080, 1, 0, 0
336549, 60160, 1, 0, 0
336649, 59520, 1, 0, 0
336749, 62720, 1, 0, 0
336849, 61440, 1, 0, 0
336949, 60800, 1, 0, 0
337049, 65920, 1, 0, 0
337149, 59520, 1, 0, 0
337249, 62080, 1, 0, 0
337349, 63360, 1, 0, 0
337449, 62080, 1, 0, 0
337550, 62720, 1, 0, 0
337650, 60800, 1, 0, 0
337749, 60121, 1, 0, 0
337849, 60160, 1, 0, 0
337949, 57600, 1, 0, 0
338049, 57600, 1, 0, 0
338149, 57600, 1, 0, 0
338249, 56320, 1, 0, 0
338349, 60160, 1, 0, 0
338449, 59520, 1, 0, 0
338549, 64000, 1, 0, 0
338649, 62080, 1, 0, 0
338749, 61440, 1, 0, 0
338849, 62080, 1, 0, 0
338949, 64640, 1, 0, 0
339049, 60160, 1, 0, 0
339149, 63360, 1, 0, 0
339250, 64640, 1, 0, 0
339350, 59520, 1, 0, 0
339450, 58240, 1, 0, 0
339550, 60160, 1, 0, 0
339650, 59520, 1, 0, 0
339749, 56242, 1, 0, 0
339849, 60160, 1, 0, 0
339949, 60160, 1, 0, 0
340049, 56960, 1, 0, 0
340149, 61440, 1, 0, 0
340249, 63360, 1, 0, 0
340349, 58880, 1, 0, 0
340449, 60800, 1, 0, 0
340549, 59520, 1, 0, 0
340649, 61440, 1, 0, 0
340750, 58240, 1, 0, 0
340850, 63360, 1, 0, 0
340950, 59520, 1, 0, 0
341050, 60800, 1, 0, 0
341150, 60160, 1, 0, 0
341249, 62060, 1, 0, 0
341349, 58240, 1, 0, 0
341449, 62080, 1, 0, 0
341549, 61440, 1, 0, 0
341649, 60160, 1, 0, 0
341749, 60160, 1, 0, 0
341849, 61440, 1, 0, 0
341949, 64640, 1, 0, 0
342049, 61440, 1, 0, 0
342149, 60800, 1, 0, 0
342249, 60160, 1, 0, 0
342349, 59520, 1, 0, 0
342449, 63360, 1, 0, 0
342550, 61440, 1, 0, 0
342650, 61440, 1, 0, 0
342749, 62707, 1, 0, 0
342849, 60800, 1, 0, 0
342949, 58240, 1, 0, 0
343049, 57600, 1, 0, 0
343149, 60160, 1, 0, 0
343249, 58880, 1, 0, 0
343349, 59520, 1, 0, 0
343449, 62720, 1, 0, 0
343549, 57600, 1, 0, 0
343649, 60160, 1, 0, 0
343749, 57600, 1, 0, 0
343849, 58240, 1, 0, 0
343949, 58880, 1, 0, 0
344050, 61440, 1, 0, 0
344150, 59520, 1, 0, 0
344250, 61440, 1, 0, 0
344350, 60800, 1, 0, 0
344450, 58880, 1, 0, 0
344550, 60800, 1, 0, 0
344650, 62720, 1, 0, 0
344749, 62707, 1, 0, 0
344849, 61440, 1, 0, 0
344949, 62080, 1, 0, 0
345049, 59520, 1, 0, 0
345149, 62720, 1, 0, 0
345249, 62080, 1, 0, 0
345349, 58240, 1, 0, 0
345449, 62720, 1, 0, 0
345549, 60800, 1, 0, 0
345649, 62720, 1, 0, 0
345750, 58880, 1, 0, 0
345850, 59520, 1, 0, 0
345950, 61440, 1, 0, 0
346050, 60160, 1, 0, 0
346150, 58240, 1, 0, 0
346249, 60121, 1, 0, 0
346349, 59520, 1, 0, 0
346449, 60800, 1, 0, 0
346549, 60160, 1, 0, 0
346649, 57600, 1, 0, 0
346749, 58880, 1, 0, 0
346849, 58880, 1, 0, 0
346949, 57600, 1, 0, 0
347049, 59520, 1, 0, 0
347149, 58240, 1, 0, 0
347250, 59520, 1, 0, 0
347350, 60800, 1, 0, 0
347450, 60160, 1, 0, 0
347550, 57600, 1, 0, 0
347650, 58880, 1, 0, 0
347749, 60767, 1, 0, 0
347849, 58880, 1, 0, 0
347949, 60800, 1, 0, 0
348049, 60160, 1, 0, 0
348149, 58240, 1, 0, 0
348249, 59520, 1, 0, 0
348349, 58240, 1, 0, 0
348449, 61440, 1, 0, 0
348549, 58880, 1, 0, 0
348649, 58880, 1, 0, 0
348750, 60160, 1, 0, 0
348850, 60160, 1, 0, 0
348950, 58880, 1, 0, 0
349050, 57600, 1, 0, 0
349150, 61440, 1, 0, 0
349249, 60121, 1, 0, 0
349349, 61440, 1, 0, 0
349449, 61440, 1, 0, 0
349549, 62080, 1, 0, 0
349649, 60160, 1, 0, 0
349749, 62080, 1, 0, 0
349849, 59520, 1, 0, 0
349949, 60160, 1, 0, 0
350049, 60160, 1, 0, 0
350149, 58880, 1, 0, 0
350250, 60160, 1, 0, 0
350350, 62080, 1, 0, 0
350450, 57600, 1, 0, 0
350550, 58240, 1, 0, 0
350650, 58880, 1, 0, 0
350749, 60121, 1, 0, 0
350849, 58240, 1, 0, 0
350949, 60160, 1, 0, 0
351049, 55680, 1, 0, 0
351149, 58880, 1, 0, 0
351249, 60800, 1, 0, 0
351349, 60800, 1, 0, 0
351449, 59520, 1, 0, 0
351549, 60800, 1, 0, 0
351649, 58880, 1, 0, 0
351749, 61440, 1, 0, 0
351849, 57600, 1, 0, 0
351950, 57600, 1, 0, 0
352050, 59520, 1, 0, 0
352150, 60800, 1, 0, 0
352249, 57535, 1, 0, 0
352349, 60800, 1, 0, 0
352449, 57600, 1, 0, 0
352549, 59520, 1, 0, 0
352649, 58240, 1, 0, 0
352749, 58880, 1, 0, 0
352849, 58240, 1, 0, 0
352949, 61440, 1, 0, 0
353049, 60160, 1, 0, 0
353149, 59520, 1, 0, 0
353249, 59520, 1, 0, 0
353349, 60160, 1, 0, 0
353450, 61440, 1, 0, 0
353550, 61440, 1, 0, 0
353650, 57600, 1, 0, 0
353749, 57535, 1, 0, 0
353849, 56960, 1, 0, 0
353949, 56960, 1, 0, 0
354049, 58880, 1, 0, 0
354149, 55680, 1, 0, 0
354249, 58240, 1, 0, 0
354349, 60800, 1, 0, 0
354449, 57600, 1, 0, 0
354549, 59520, 1, 0, 0
354649, 56960, 1, 0, 0
354749, 55680, 1, 0, 0
354849, 55680, 1, 0, 0
354949, 59520, 1, 0, 0
355050, 58240, 1, 0, 0
355150, 56320, 1, 0, 0
355249, 55595, 1, 0, 0
355349, 60160, 1, 0, 0
355449, 60800, 1, 0, 0
355549, 62720, 1, 0, 0
355649, 60800, 1, 0, 0
355749, 60160, 1, 0, 0
355849, 61440, 1, 0, 0
355949, 54400, 1, 0, 0
356049, 59520, 1, 0, 0
356149, 61440, 1, 0, 0
356249, 62720, 1, 0, 0
356349, 59520, 1, 0, 0
356449, 58240, 1, 0, 0
356550, 60160, 1, 0, 0
356650, 60800, 1, 0, 0
356749, 58828, 1, 0, 0
356849, 58880, 1, 0, 0
356949, 58880, 1, 0, 0
357049, 60800, 1, 0, 0
357149, 61440, 1, 0, 0
357249, 60160, 1, 0, 0
357349, 58880, 1, 0, 0
357449, 62080, 1, 0, 0
357549, 57600, 1, 0, 0
357649, 58880, 1, 0, 0
357749, 57600, 1, 0, 0
357849, 58880, 1, 0, 0
357949, 61440, 1, 0, 0
358049, 60800, 1, 0, 0
358150, 62080, 1, 0, 0
358250, 61440, 1, 0, 0
358350, 58240, 1, 0, 0
358450, 62080, 1, 0, 0
358550, 61440, 1, 0, 0
358650, 61440, 1, 0, 0
358749, 60767, 1, 0, 0
358849, 58240, 1, 0, 0
358949, 61440, 1, 0, 0
359049, 59520, 1, 0, 0
359149, 60800, 1, 0, 0
359249, 62720, 1, 0, 0
359349, 62720, 1, 0, 0
359449, 60800, 1, 0, 0
359549, 59520, 1, 0, 0
359649, 62080, 1, 0, 0
359749, 61440, 1, 0, 0
359850, 60800, 1, 0, 0
359950, 58880, 1, 0, 0
360050, 59520, 1, 0, 0
360150, 60160, 1, 0, 0
360249, 62060, 1, 0, 0
360349, 56960, 1, 0, 0
360449, 59520, 1, 0, 0
360549, 58240, 1, 0, 0
360649, 60160, 1, 0, 0
360749, 60160, 1, 0, 0
360849, 60160, 1, 0, 0
360949, 58880, 1, 0, 0
361049, 58880, 1, 0, 0
361149, 59520, 1, 0, 0
361249, 62080, 1, 0, 0
361349, 61440, 1, 0, 0
361449, 62080, 1, 0, 0
361550, 59520, 1, 0, 0
361650, 58240, 1, 0, 0
361749, 62060, 1, 0, 0
361849, 57600, 1, 0, 0
361949, 60160, 1, 0, 0
362049, 60160, 1, 0, 0
362149, 61440, 1, 0, 0
362249, 58880, 1, 0, 0
362349, 60800, 1, 0, 0
362449, 60160, 1, 0, 0
362549, 55680, 1, 0, 0
362649, 61440, 1, 0, 0
362749, 58240, 1, 0, 0
362849, 61440, 1, 0, 0
362949, 62080, 1, 0, 0
363049, 60160, 1, 0, 0
363149, 58240, 1, 0, 0
363250, 60800, 1, 0, 0
363350, 61440, 1, 0, 0
363450, 60800, 1, 0, 0
363550, 62720, 1, 0, 0
363650, 61440, 1, 0, 0
363749, 60767, 1, 0, 0
363849, 60160, 1, 0, 0
363949, 58880, 1, 0, 0
364049, 61440, 1, 0, 0
364149, 58880, 1, 0, 0
364249, 58240, 1, 0, 0
364349, 56960, 1, 0, 0
364449, 62080, 1, 0, 0
364549, 62080, 1, 0, 0
364649, 61440, 1, 0, 0
364749, 59520, 1, 0, 0
364850, 58880, 1, 0, 0
364950, 60160, 1, 0, 0
365050, 56320, 1, 0, 0
365150, 58240, 1, 0, 0
365249, 56888, 1, 0, 0
365349, 60160, 1, 0, 0
365449, 59520, 1, 0, 0
365549, 60800, 1, 0, 0
365649, 61440, 1, 0, 0
365749, 60800, 1, 0, 0
365849, 58240, 1, 0, 0
365949, 58880, 1, 0, 0
366049, 56320, 1, 0, 0
366149, 60800, 1, 0, 0
366249, 60160, 1, 0, 0
366349, 60160, 1, 0, 0
366450, 59520, 1, 0, 0
366550, 57600, 1, 0, 0
366650, 56960, 1, 0, 0
366749, 58828, 1, 0, 0
366849, 58880, 1, 0, 0
366949, 56320, 1, 0, 0
367049, 60160, 1, 0, 0
367149, 58880, 1, 0, 0
367249, 58240, 1, 0, 0
367349, 60800, 1, 0, 0
367449, 60800, 1, 0, 0
367549, 56320, 1, 0, 0
367649, 60800, 1, 0, 0
367749, 58880, 1, 0, 0
367849, 60160, 1, 0, 0
367949, 58880, 1, 0, 0
368049, 56960, 1, 0, 0
368150, 60800, 1, 0, 0
368250, 60800, 1, 0, 0
368350, 58240, 1, 0, 0
368450, 55040, 1, 0, 0
368550, 58880, 1, 0, 0
368650, 61440, 1, 0, 0
368749, 60767, 1, 0, 0
368849, 56320, 1, 0, 0
368949, 59520, 1, 0, 0
369049, 59520, 1, 0, 0
369149, 56960, 1, 0, 0
369249, 56960, 1, 0, 0
369349, 59520, 1, 0, 0
369449, 57600, 1, 0, 0
369549, 59520, 1, 0, 0
369649, 59520, 1, 0, 0
369750, 59520, 1, 0, 0
369850, 60800, 1, 0, 0
369950, 56960, 1, 0, 0
370050, 60800, 1, 0, 0
370150, 56960, 1, 0, 0
370249, 58828, 1, 0, 0
370349, 57600, 1, 0, 0
370449, 60160, 1, 0, 0
370549, 60160, 1, 0, 0
370649, 60160, 1, 0, 0
370749, 57600, 1, 0, 0
370849, 59520, 1, 0, 0
370949, 61440, 1, 0, 0
371049, 61440, 1, 0, 0
371149, 58880, 1, 0, 0
371250, 61440, 1, 0, 0
371350, 58880, 1, 0, 0
371450, 58880, 1, 0, 0
371550, 55680, 1, 0, 0
371650, 55680, 1, 0, 0
371749, 56888, 1, 0, 0
371849, 58880, 1, 0, 0
371949, 58880, 1, 0, 0
372049, 60160, 1, 0, 0
372149, 58880, 1, 0, 0
372249, 57600, 1, 0, 0
372349, 58880, 1, 0, 0
372449, 59520, 1, 0, 0
372549, 58880, 1, 0, 0
372649, 56960, 1, 0, 0
372750, 57600, 1, 0, 0
372850, 55680, 1, 0, 0
372950, 57600, 1, 0, 0
373050, 58240, 1, 0, 0
373150, 60160, 1, 0, 0
373249, 58828, 1, 0, 0
373349, 57600, 1, 0, 0
373449, 61440, 1, 0, 0
373549, 55680, 1, 0, 0
373649, 58880, 1, 0, 0
373749, 58240, 1, 0, 0
373849, 57600, 1, 0, 0
373949, 57600, 1, 0, 0
374049, 55680, 1, 0, 0
374149, 59520, 1, 0, 0
374249, 56320, 1, 0, 0
374349, 61440, 1, 0, 0
374450, 59520, 1, 0, 0
374550, 58880, 1, 0, 0
374650, 60800, 1, 0, 0
374749, 56888, 1, 0, 0
374849, 56960, 1, 0, 0
374949, 58880, 1, 0, 0
375049, 60160, 1, 0, 0
375149, 58240, 1, 0, 0
375249, 58880, 1, 0, 0
375349, 57600, 1, 0, 0
375449, 56320, 1, 0, 0
375549, 58240, 1, 0, 0
375649, 60800, 1, 0, 0
375750, 60160, 1, 0, 0
375850, 55680, 1, 0, 0
375950, 56960, 1, 0, 0
376050, 60160, 1, 0, 0
376150, 59520, 1, 0, 0
376249, 58181, 1, 0, 0
376349, 58240, 1, 0, 0
376449, 56320, 1, 0, 0
376549, 59520, 1, 0, 0
376649, 61440, 1, 0, 0
376749, 56960, 1, 0, 0
376849, 58240, 1, 0, 0
376949, 57600, 1, 0, 0
377049, 56960, 1, 0, 0
377149, 59520, 1, 0, 0
377249, 58880, 1, 0, 0
377349, 52480, 1, 0, 0
377450, 57600, 1, 0, 0
377550, 60160, 1, 0, 0
377650, 55680, 1, 0, 0
377749, 58181, 1, 0, 0
377849, 59520, 1, 0, 0
377949, 58240, 1, 0, 0
378049, 57600, 1, 0, 0
378149, 56960, 1, 0, 0
378249, 58240, 1, 0, 0
378349, 60800, 1, 0, 0
378449, 56960, 1, 0, 0
378549, 62080, 1, 0, 0
378649, 57600, 1, 0, 0
378749, 61440, 1, 0, 0
378849, 62080, 1, 0, 0
378949, 57600, 1, 0, 0
379050, 60160, 1, 0, 0
379150, 56320, 1, 0, 0
379249, 59474, 1, 0, 0
379349, 55680, 1, 0, 0
379449, 60160, 1, 0, 0
379549, 56960, 1, 0, 0
379649, 59520, 1, 0, 0
379749, 54400, 1, 0, 0
379849, 60160, 1, 0, 0
379949, 60800, 1, 0, 0
380049, 57600, 1, 0, 0
380149, 58880, 1, 0, 0
380249, 59520, 1, 0, 0
380349, 57600, 1, 0, 0
380449, 56320, 1, 0, 0
380549, 60800, 1, 0, 0
380650, 59520, 1, 0, 0
380750, 61440, 1, 0, 0
380850, 60800, 1, 0, 0
380950, 60160, 1, 0, 0
381050, 58880, 1, 0, 0
381150, 58240, 1, 0, 0
381249, 58828, 1, 0, 0
381349, 60160, 1, 0, 0
381449, 60160, 1, 0, 0
381549, 55040, 1, 0, 0
381649, 61440, 1, 0, 0
381749, 57600, 1, 0, 0
381849, 58240, 1, 0, 0
381949, 60160, 1, 0, 0
382049, 62080, 1, 0, 0
382149, 60800, 1, 0, 0
382250, 60800, 1, 0, 0
382350, 61440, 1, 0, 0
382450, 59520, 1, 0, 0
382550, 57600, 1, 0, 0
382650, 58880, 1, 0, 0
382749, 59474, 1, 0, 0
382849, 61440, 1, 0, 0
382949, 58880, 1, 0, 0
383049, 59520, 1, 0, 0
383149, 62080, 1, 0, 0
383249, 62080, 1, 0, 0
383349, 60800, 1, 0, 0
383449, 60160, 1, 0, 0
383549, 60160, 1, 0, 0
383649, 60800, 1, 0, 0
383750, 64000, 1, 0, 0
383850, 58240, 1, 0, 0
383950, 59520, 1, 0, 0
384050, 60800, 1, 0, 0
384150, 64000, 1, 0, 0
384249, 59474, 1, 0, 0
384349, 62720, 1, 0, 0
384449, 62080, 1, 0, 0
384549, 64640, 1, 0, 0
384649, 62720, 1, 0, 0
384749, 59520, 1, 0, 0
384849, 60800, 1, 0, 0
384949, 62720, 1, 0, 0
385049, 60800, 1, 0, 0
385149, 58880, 1, 0, 0
385249, 62080, 1, 0, 0
385349, 58880, 1, 0, 0
385450, 64000, 1, 0, 0
385550, 62080, 1, 0, 0
385650, 61440, 1, 0, 0
385749, 62060, 1, 0, 0
385849, 63360, 1, 0, 0
385949, 62080, 1, 0, 0
386049, 59520, 1, 0, 0
386149, 64000, 1, 0, 0
386249, 64000, 1, 0, 0
386349, 63360, 1, 0, 0
386449, 62720, 1, 0, 0
386549, 61440, 1, 0, 0
386649, 60160, 1, 0, 0
386749, 61440, 1, 0, 0
386849, 59520, 1, 0, 0
386949, 60800, 1, 0, 0
387050, 61440, 1, 0, 0
387150, 62080, 1, 0, 0
387249, 61414, 1, 0, 0
387349, 59520, 1, 0, 0
387449, 60160, 1, 0, 0
387549, 61440, 1, 0, 0
387649, 58880, 1, 0, 0
387749, 62080, 1, 0, 0
387849, 64640, 1, 0, 0
387949, 59520, 1, 0, 0
388049, 61440, 1, 0, 0
388149, 59520, 1, 0, 0
388249, 63360, 1, 0, 0
388349, 62720, 1, 0, 0
388449, 63360, 1, 0, 0
388550, 62080, 1, 0, 0
388650, 59520, 1, 0, 0
388750, 62720, 1, 0, 0
388850, 60800, 1, 0, 0
388950, 60160, 1, 0, 0
389050, 59520, 1, 0, 0
389150, 62080, 1, 0, 0
389249, 60767, 1, 0, 0
389349, 60800, 1, 0, 0
389449, 57600, 1, 0, 0
389549, 62080, 1, 0, 0
389649, 61440, 1, 0, 0
389749, 62080, 1, 0, 0
389849, 61440, 1, 0, 0
389949, 58240, 1, 0, 0
390049, 56960, 1, 0, 0
390149, 58880, 1, 0, 0
390250, 56960, 1, 0, 0
390350, 60160, 1, 0, 0
390450, 59520, 1, 0, 0
390550, 59520, 1, 0, 0
390650, 59520, 1, 0, 0
390749, 60121, 1, 0, 0
390849, 61440, 1, 0, 0
390949, 58240, 1, 0, 0
391049, 59520, 1, 0, 0
391149, 61440, 1, 0, 0
391249, 61440, 1, 0, 0
391349, 62080, 1, 0, 0
391449, 62080, 1, 0, 0
391549, 61440, 1, 0, 0
391649, 58240, 1, 0, 0
391749, 61440, 1, 0, 0
391850, 62720, 1, 0, 0
391950, 59520, 1, 0, 0
392050, 64000, 1, 0, 0
392150, 63360, 1, 0, 0
392249, 62060, 1, 0, 0
392349, 59520, 1, 0, 0
392449, 61440, 1, 0, 0
392549, 62080, 1, 0, 0
392649, 57600, 1, 0, 0
392749, 62080, 1, 0, 0
392849, 62080, 1, 0, 0
392949, 60160, 1, 0, 0
393049, 62720, 1, 0, 0
393149, 58240, 1, 0, 0
393249, 58240, 1, 0, 0
393349, 61440, 1, 0, 0
393449, 61440, 1, 0, 0
393550, 59520, 1, 0, 0
393650, 60800, 1, 0, 0
393749, 59474, 1, 0, 0
393849, 60800, 1, 0, 0
393949, 58240, 1, 0, 0
394049, 62080, 1, 0, 0
394149, 61440, 1, 0, 0
394249, 60160, 1, 0, 0
394349, 58880, 1, 0, 0
394449, 58240, 1, 0, 0
394549, 58240, 1, 0, 0
394649, 60800, 1, 0, 0
394749, 59520, 1, 0, 0
394849, 61440, 1, 0, 0
394949, 58880, 1, 0, 0
395050, 58240, 1, 0, 0
395150, 59520, 1, 0, 0
395249, 62707, 1, 0, 0
395349, 61440, 1, 0, 0
395449, 61440, 1, 0, 0
395549, 59520, 1, 0, 0
395649, 60800, 1, 0, 0
395749, 62080, 1, 0, 0
395849, 62720, 1, 0, 0
395949, 58240, 1, 0, 0
396049, 58240, 1, 0, 0
396149, 60800, 1, 0, 0
396249, 61440, 1, 0, 0
396349, 61440, 1, 0, 0
396449, 59520, 1, 0, 0
396549, 61440, 1, 0, 0
396650, 60160, 1, 0, 0
396750, 64000, 1, 0, 0
396850, 62720, 1, 0, 0
396950, 60800, 1, 0, 0
397050, 58240, 1, 0, 0
397150, 63360, 1, 0, 0
397249, 60121, 1, 0, 0
397349, 60800, 1, 0, 0
397449, 62080, 1, 0, 0
397549, 60800, 1, 0, 0
397649, 58880, 1, 0, 0
397749, 60160, 1, 0, 0
397849, 59520, 1, 0, 0
397949, 60160, 1, 0, 0
398049, 61440, 1, 0, 0
398149, 59520, 1, 0, 0
398250, 59520, 1, 0, 0
398350, 60800, 1, 0, 0
398450, 62080, 1, 0, 0
398550, 61440, 1, 0, 0
398650, 60800, 1, 0, 0
398749, 61414, 1, 0, 0
398849, 58880, 1, 0, 0
398949, 64640, 1, 0, 0
399049, 58880, 1, 0, 0
399149, 60160, 1, 0, 0
399249, 60160, 1, 0, 0
399349, 56960, 1, 0, 0
399449, 63360, 1, 0, 0
399549, 60800, 1, 0, 0
399649, 63360, 1, 0, 0
399750, 63360, 1, 0, 0
399850, 58880, 1, 0, 0
399950, 63360, 1, 0, 0
400050, 60160, 1, 0, 0
400150, 56320, 1, 0, 0
400249, 61414, 1, 0, 0
400349, 61440, 1, 0, 0
400449, 61440, 1, 0, 0
400549, 62720, 1, 0, 0
400649, 61440, 1, 0, 0
400749, 61440, 1, 0, 0
400849, 58880, 1, 0, 0
400949, 60800, 1, 0, 0
401049, 60160, 1, 0, 0
401149, 61440, 1, 0, 0
401249, 58240, 1, 0, 0
401349, 58880, 1, 0, 0
401449, 60160, 1, 0, 0
401550, 58880, 1, 0, 0
401650, 60160, 1, 0, 0
401749, 60767, 1, 0, 0
401849, 60800, 1, 0, 0
401949, 59520, 1, 0, 0
402049, 57600, 1, 0, 0
402149, 60800, 1, 0, 0
402249, 63360, 1, 0, 0
402349, 60800, 1, 0, 0
402449, 62720, 1, 0, 0
402549, 60160, 1, 0, 0
402649, 62080, 1, 0, 0
402749, 60160, 1, 0, 0
402849, 58880, 1, 0, 0
402949, 60800, 1, 0, 0
403050, 62080, 1, 0, 0
403150, 61440, 1, 0, 0
403250, 60800, 1, 0, 0
403350, 64000, 1, 0, 0
403450, 60800, 1, 0, 0
403550, 62080, 1, 0, 0
403650, 58240, 1, 0, 0
403749, 62707, 1, 0, 0
403849, 59520, 1, 0, 0
403949, 58880, 1, 0, 0
404049, 61440, 1, 0, 0
404149, 59520, 1, 0, 0
404249, 61440, 1, 0, 0
404349, 60160, 1, 0, 0
404449, 62080, 1, 0, 0
404549, 62080, 1, 0, 0
404649, 62720, 1, 0, 0
404750, 61440, 1, 0, 0
404850, 62720, 1, 0, 0
404950, 60160, 1, 0, 0
405050, 61440, 1, 0, 0
405150, 60160, 1, 0, 0
405249, 58181, 1, 0, 0
405349, 60800, 1, 0, 0
405449, 63360, 1, 0, 0
405549, 60160, 1, 0, 0
405649, 60160, 1, 0, 0
405749, 58240, 1, 0, 0
405849, 58240, 1, 0, 0
405949, 59520, 1, 0, 0
406049, 57600, 1, 0, 0
406149, 60160, 1, 0, 0
406250, 63360, 1, 0, 0
406350, 59520, 1, 0, 0
406450, 59520, 1, 0, 0
406550, 62080, 1, 0, 0
406650, 59520, 1, 0, 0
406749, 60121, 1, 0, 0
406849, 61440, 1, 0, 0
406949, 58880, 1, 0, 0
407049, 58240, 1, 0, 0
407149, 59520, 1, 0, 0
407249, 60160, 1, 0, 0
407349, 59520, 1, 0, 0
407449, 59520, 1, 0, 0
407549, 61440, 1, 0, 0
407649, 58240, 1, 0, 0
407749, 59520, 1, 0, 0
407850, 60800, 1, 0, 0
407950, 61440, 1, 0, 0
408050, 60160, 1, 0, 0
408150, 62720, 1, 0, 0
408249, 60121, 1, 0, 0
408349, 62080, 1, 0, 0
408449, 58240, 1, 0, 0
408549, 60160, 1, 0, 0
408649, 62080, 1, 0, 0
408749, 64000, 1, 0, 0
408849, 58240, 1, 0, 0
408949, 57600, 1, 0, 0
409049, 58880, 1, 0, 0
409149, 59520, 1, 0, 0
409249, 58240, 1, 0, 0
409349, 60160, 1, 0, 0
409450, 58240, 1, 0, 0
409550, 58880, 1, 0, 0
409650, 61440, 1, 0, 0
409749, 60767, 1, 0, 0
409849, 58880, 1, 0, 0
409949, 59520, 1, 0, 0
410049, 58240, 1, 0, 0
410149, 58880, 1, 0, 0
410249, 56960, 1, 0, 0
410349, 60160, 1, 0, 0
410449, 60800, 1, 0, 0
410549, 60800, 1, 0, 0
410649, 60160, 1, 0, 0
410749, 60800, 1, 0, 0
410849, 61440, 1, 0, 0
410949, 59520, 1, 0, 0
411050, 58240, 1, 0, 0
411150, 58880, 1, 0, 0
411249, 60767, 1, 0, 0
411349, 62720, 1, 0, 0
411449, 61440, 1, 0, 0
411549, 61440, 1, 0, 0
411649, 58880, 1, 0, 0
411749, 60800, 1, 0, 0
411849, 62080, 1, 0, 0
411949, 62720, 1, 0, 0
412049, 62080, 1, 0, 0
412149, 60160, 1, 0, 0
412249, 61440, 1, 0, 0
412349, 60160, 1, 0, 0
412449, 57600, 1, 0, 0
412550, 58240, 1, 0, 0
412650, 61440, 1, 0, 0
412749, 62060, 1, 0, 0
412849, 59520, 1, 0, 0
412949, 59520, 1, 0, 0
413049, 58240, 1, 0, 0
413149, 61440, 1, 0, 0
413249, 60160, 1, 0, 0
413349, 59520, 1, 0, 0
413449, 56960, 1, 0, 0
413549, 58240, 1, 0, 0
413649, 58880, 1, 0, 0
413749, 62720, 1, 0, 0
413849, 60800, 1, 0, 0
413949, 60800, 1, 0, 0
414050, 64000, 1, 0, 0
414150, 60160, 1, 0, 0
414249, 58828, 1, 0, 0
414349, 55680, 1, 0, 0
414449, 62080, 1, 0, 0
414549, 60160, 1, 0, 0
414649, 62720, 1, 0, 0
414749, 62080, 1, 0, 0
414849, 60800, 1, 0, 0
414949, 58880, 1, 0, 0
415049, 59520, 1, 0, 0
415149, 60800, 1, 0, 0
415249, 60160, 1, 0, 0
415349, 59520, 1, 0, 0
415449, 58880, 1, 0, 0
415549, 60160, 1, 0, 0
415650, 62720, 1, 0, 0
415750, 58240, 1, 0, 0
415850, 61440, 1, 0, 0
415950, 58240, 1, 0, 0
416050, 60160, 1, 0, 0
416150, 61440, 1, 0, 0
416249, 59474, 1, 0, 0
416349, 62080, 1, 0, 0
416449, 61440, 1, 0, 0
416549, 58880, 1, 0, 0
416649, 60800, 1, 0, 0
416749, 63360, 1, 0, 0
416849, 57600, 1, 0, 0
416949, 63360, 1, 0, 0
417049, 60160, 1, 0, 0
417149, 62080, 1, 0, 0
417250, 60160, 1, 0, 0
417350, 58240, 1, 0, 0
417450, 61440, 1, 0, 0
417550, 58880, 1, 0, 0
417650, 58240, 1, 0, 0
417749, 62060, 1, 0, 0
417849, 60160, 1, 0, 0
417949, 60800, 1, 0, 0
418049, 60160, 1, 0, 0
418149, 60800, 1, 0, 0
418249, 60800, 1, 0, 0
418349, 61440, 1, 0, 0
418449, 62720, 1, 0, 0
418549, 61440, 1, 0, 0
418649, 59520, 1, 0, 0
418749, 60160, 1, 0, 0
418850, 60800, 1, 0, 0
418950, 62720, 1, 0, 0
419050, 62080, 1, 0, 0
419150, 60800, 1, 0, 0
419249, 56242, 1, 0, 0
419349, 56320, 1, 0, 0
419449, 58880, 1, 0, 0
419549, 58880, 1, 0, 0
419649, 63360, 1, 0, 0
419749, 60800, 1, 0, 0
419849, 61440, 1, 0, 0
419949, 57600, 1, 0, 0
420049, 59520, 1, 0, 0
420149, 60800, 1, 0, 0
420249, 60800, 1, 0, 0
420349, 60160, 1, 0, 0
420449, 58880, 1, 0, 0
420550, 61440, 1, 0, 0
420650, 60160, 1, 0, 0
420749, 58828, 1, 0, 0
420849, 61440, 1, 0, 0
420949, 61440, 1, 0, 0
421049, 62080, 1, 0, 0
421149, 58880, 1, 0, 0
421249, 60160, 1, 0, 0
421349, 60160, 1, 0, 0
421449, 60160, 1, 0, 0
421549, 58240, 1, 0, 0
421649, 60800, 1, 0, 0
421749, 61440, 1, 0, 0
421849, 60800, 1, 0, 0
421949, 62080, 1, 0, 0
422050, 59520, 1, 0, 0
422150, 58240, 1, 0, 0
422249, 61414, 1, 0, 0
422349, 62080, 1, 0, 0
422449, 60800, 1, 0, 0
422549, 62080, 1, 0, 0
422649, 58880, 1, 0, 0
422749, 60160, 1, 0, 0
422849, 60160, 1, 0, 0
422949, 60160, 1, 0, 0
423049, 60160, 1, 0, 0
423149, 58240, 1, 0, 0
423249, 60800, 1, 0, 0
423349, 58240, 1, 0, 0
423449, 60800, 1, 0, 0
423549, 60800, 1, 0, 0
423649, 57600, 1, 0, 0
423750, 61440, 1, 0, 0
423850, 60800, 1, 0, 0
423950, 61440, 1, 0, 0
424050, 60160, 1, 0, 0
424150, 58880, 1, 0, 0
424249, 61414, 1, 0, 0
424349, 59520, 1, 0, 0
424449, 60800, 1, 0, 0
424549, 59520, 1, 0, 0
424649, 57600, 1, 0, 0
424749, 59520, 1, 0, 0
424849, 58240, 1, 0, 0
424949, 59520, 1, 0, 0
425049, 58880, 1, 0, 0
425149, 56960, 1, 0, 0
425250, 62080, 1, 0, 0
425350, 63360, 1, 0, 0
425450, 60160, 1, 0, 0
425550, 58240, 1, 0, 0
425650, 60800, 1, 0, 0
425749, 58828, 1, 0, 0
425849, 60800, 1, 0, 0
425949, 60160, 1, 0, 0
426049, 62720, 1, 0, 0
426149, 58880, 1, 0, 0
426249, 61440, 1, 0, 0
426349, 61440, 1, 0, 0
426449, 58880, 1, 0, 0
426549, 58880, 1, 0, 0
426649, 55680, 1, 0, 0
426750, 56960, 1, 0, 0
426850, 60800, 1, 0, 0
426950, 56960, 1, 0, 0
427050, 59520, 1, 0, 0
427150, 57600, 1, 0, 0
427249, 61414, 1, 0, 0
427349, 61440, 1, 0, 0
427449, 55680, 1, 0, 0
427549, 60160, 1, 0, 0
427649, 60160, 1, 0, 0
427749, 57600, 1, 0, 0
427849, 54400, 1, 0, 0
427949, 57600, 1, 0, 0
428049, 58880, 1, 0, 0
428149, 58240, 1, 0, 0
428249, 59520, 1, 0, 0
428349, 60160, 1, 0, 0
428450, 58880, 1, 0, 0
428550, 58880, 1, 0, 0
428650, 58240, 1, 0, 0
428749, 59474, 1, 0, 0
428849, 61440, 1, 0, 0
428949, 60160, 1, 0, 0
429049, 61440, 1, 0, 0
429149, 58240, 1, 0, 0
429249, 60160, 1, 0, 0
429349, 58880, 1, 0, 0
429449, 59520, 1, 0, 0
429549, 60160, 1, 0, 0
429649, 58880, 1, 0, 0
429749, 57600, 1, 0, 0
429849, 58880, 1, 0, 0
429949, 56960, 1, 0, 0
430050, 60160, 1, 0, 0
430150, 56320, 1, 0, 0
430249, 58828, 1, 0, 0
430349, 61440, 1, 0, 0
430449, 62080, 1, 0, 0
430549, 58880, 1, 0, 0
430649, 59520, 1, 0, 0
430749, 60160, 1, 0, 0
430849, 60800, 1, 0, 0
430949, 60800, 1, 0, 0
431049, 61440, 1, 0, 0
431149, 61440, 1, 0, 0
431249, 60160, 1, 0, 0
431349, 57600, 1, 0, 0
431449, 60800, 1, 0, 0
431549, 60160, 1, 0, 0
431650, 62080, 1, 0, 0
431750, 56960, 1, 0, 0
431850, 60800, 1, 0, 0
431950, 58240, 1, 0, 0
432050, 59520, 1, 0, 0
432150, 55680, 1, 0, 0
432249, 58181, 1, 0, 0
432349, 58240, 1, 0, 0
432449, 56320, 1, 0, 0
432549, 58240, 1, 0, 0
432649, 60160, 1, 0, 0
432749, 62720, 1, 0, 0
432849, 59520, 1, 0, 0
432949, 58240, 1, 0, 0
433049, 59520, 1, 0, 0
433149, 59520, 1, 0, 0
433250, 56320, 1, 0, 0
433350, 58240, 1, 0, 0
433450, 59520, 1, 0, 0
433550, 58240, 1, 0, 0
433650, 58240, 1, 0, 0
433749, 62060, 1, 0, 0
433849, 58880, 1, 0, 0
433949, 58880, 1, 0, 0
434049, 60160, 1, 0, 0
434149, 60800, 1, 0, 0
434249, 61440, 1, 0, 0
434349, 58880, 1, 0, 0
434449, 58880, 1, 0, 0
434549, 60800, 1, 0, 0
434649, 60800, 1, 0, 0
434750, 58880, 1, 0, 0
434850, 58880, 1, 0, 0
434950, 55680, 1, 0, 0
435050, 57600, 1, 0, 0
435150, 58240, 1, 0, 0
435249, 60121, 1, 0, 0
435349, 59520, 1, 0, 0
435449, 58240, 1, 0, 0
435549, 58240, 1, 0, 0
435649, 58880, 1, 0, 0
435749, 57600, 1, 0, 0
435849, 58880, 1, 0, 0
435949, 58240, 1, 0, 0
436049, 58240, 1, 0, 0
436149, 58240, 1, 0, 0
436249, 62080, 1, 0, 0
436350, 59520, 1, 0, 0
436450, 61440, 1, 0, 0
436550, 60800, 1, 0, 0
436650, 57600, 1, 0, 0
436749, 63353, 1, 0, 0
436849, 64000, 1, 0, 0
436949, 60160, 1, 0, 0
437049, 60800, 1, 0, 0
437149, 60160, 1, 0, 0
437249, 61440, 1, 0, 0
437349, 59520, 1, 0, 0
437449, 59520, 1, 0, 0
437549, 60160, 1, 0, 0
437649, 60160, 1, 0, 0
437749, 57600, 1, 0, 0
437850, 59520, 1, 0, 0
437950, 64640, 1, 0, 0
438050, 60800, 1, 0, 0
438150, 59520, 1, 0, 0
438249, 56242, 1, 0, 0
438349, 59520, 1, 0, 0
438449, 62080, 1, 0, 0
438549, 58240, 1, 0, 0
438649, 60160, 1, 0, 0
438749, 59520, 1, 0, 0
438849, 61440, 1, 0, 0
438949, 60160, 1, 0, 0
439049, 57600, 1, 0, 0
439149, 60800, 1, 0, 0
439249, 58240, 1, 0, 0
439349, 60160, 1, 0, 0
439449, 58880, 1, 0, 0
439550, 60800, 1, 0, 0
439650, 56960, 1, 0, 0
439749, 60121, 1, 0, 0
439849, 58240, 1, 0, 0
439949, 63360, 1, 0, 0
440049, 63360, 1, 0, 0
440149, 60160, 1, 0, 0
440249, 59520, 1, 0, 0
440349, 61440, 1, 0, 0
440449, 60800, 1, 0, 0
440549, 62080, 1, 0, 0
440649, 60800, 1, 0, 0
440749, 62080, 1, 0, 0
440849, 61440, 1, 0, 0
440949, 63360, 1, 0, 0
441049, 63360, 1, 0, 0
441149, 62720, 1, 0, 0
441250, 64000, 1, 0, 0
441350, 61440, 1, 0, 0
441450, 58880, 1, 0, 0
441550, 62080, 1, 0, 0
441650, 62080, 1, 0, 0
441749, 60767, 1, 0, 0
441849, 61440, 1, 0, 0
441949, 62080, 1, 0, 0
442049, 60800, 1, 0, 0
442149, 60800, 1, 0, 0
442249, 60800, 1, 0, 0
442349, 63360, 1, 0, 0
442449, 62080, 1, 0, 0
442549, 58240, 1, 0, 0
442649, 57600, 1, 0, 0
442750, 60800, 1, 0, 0
442850, 61440, 1, 0, 0
442950, 60160, 1, 0, 0
443050, 58240, 1, 0, 0
443150, 62080, 1, 0, 0
443249, 62707, 1, 0, 0
443349, 57600, 1, 0, 0
443449, 58240, 1, 0, 0
443549, 60160, 1, 0, 0
443649, 58880, 1, 0, 0
443749, 56960, 1, 0, 0
443849, 57600, 1, 0, 0
443949, 58240, 1, 0, 0
444049, 58240, 1, 0, 0
444149, 62720, 1, 0, 0
444249, 60160, 1, 0, 0
444349, 58880, 1, 0, 0
444450, 57600, 1, 0, 0
444550, 57600, 1, 0, 0
444650, 59520, 1, 0, 0
444749, 61414, 1, 0, 0
444849, 62720, 1, 0, 0
444949, 62080, 1, 0, 0
445049, 61440, 1, 0, 0
445149, 62080, 1, 0, 0
445249, 62720, 1, 0, 0
445349, 60800, 1, 0, 0
445449, 58240, 1, 0, 0
445549, 57600, 1, 0, 0
445649, 60160, 1, 0, 0
445749, 58240, 1, 0, 0
445849, 60160, 1, 0, 0
445949, 60800, 1, 0, 0
446050, 60800, 1, 0, 0
446150, 60800, 1, 0, 0
446249, 57535, 1, 0, 0
446349, 58240, 1, 0, 0
446449, 58880, 1, 0, 0
446549, 60160, 1, 0, 0
446649, 60160, 1, 0, 0
446749, 61440, 1, 0, 0
446849, 58240, 1, 0, 0
446949, 61440, 1, 0, 0
447049, 62080, 1, 0, 0
447149, 60160, 1, 0, 0
447249, 63360, 1, 0, 0
447349, 60800, 1, 0, 0
447449, 60800, 1, 0, 0
447549, 60160, 1, 0, 0
447649, 60160, 1, 0, 0
447750, 60160, 1, 0, 0
447850, 58880, 1, 0, 0
447950, 55040, 1, 0, 0
448050, 60160, 1, 0, 0
448150, 57600, 1, 0, 0
448249, 58181, 1, 0, 0
448349, 60800, 1, 0, 0
448449, 60160, 1, 0, 0
448549, 61440, 1, 0, 0
448649, 59520, 1, 0, 0
448749, 60800, 1, 0, 0
448849, 58880, 1, 0, 0
448949, 59520, 1, 0, 0
449049, 56320, 1, 0, 0
449149, 57600, 1, 0, 0
449249, 59520, 1, 0, 0
449350, 56960, 1, 0, 0
449450, 59520, 1, 0, 0
449550, 55680, 1, 0, 0
449650, 58240, 1, 0, 0
449749, 58828, 1, 0, 0
449849, 60800, 1, 0, 0
449949, 62080, 1, 0, 0
450049, 60800, 1, 0, 0
450149, 59520, 1, 0, 0
450249, 60800, 1, 0, 0
450349, 57600, 1, 0, 0
450449, 61440, 1, 0, 0
450549, 57600, 1, 0, 0
450649, 59520, 1, 0, 0
450749, 62080, 1, 0, 0
450849, 58880, 1, 0, 0
450949, 58880, 1, 0, 0
451050, 64000, 1, 0, 0
451150, 60160, 1, 0, 0
451249, 62707, 1, 0, 0
451349, 60160, 1, 0, 0
451449, 62720, 1, 0, 0
451549, 57600, 1, 0, 0
451649, 61440, 1, 0, 0
451749, 59520, 1, 0, 0
451849, 60800, 1, 0, 0
451949, 59520, 1, 0, 0
452049, 58880, 1, 0, 0
452149, 60160, 1, 0, 0
452249, 60160, 1, 0, 0
452349, 57600, 1, 0, 0
452449, 56960, 1, 0, 0
452550, 58880, 1, 0, 0
452650, 60800, 1, 0, 0
452749, 59474, 1, 0, 0
452849, 60160, 1, 0, 0
452949, 60800, 1, 0, 0
453049, 57600, 1, 0, 0
453149, 60160, 1, 0, 0
453249, 58880, 1, 0, 0
453349, 59520, 1, 0, 0
453449, 56960, 1, 0, 0
453549, 60800, 1, 0, 0
453649, 60800, 1, 0, 0
453749, 58240, 1, 0, 0
453849, 60800, 1, 0, 0
453949, 59520, 1, 0, 0
454049, 57600, 1, 0, 0
454150, 60800, 1, 0, 0
454250, 57600, 1, 0, 0
454350, 61440, 1, 0, 0
454450, 59520, 1, 0, 0
454550, 56320, 1, 0, 0
454650, 57600, 1, 0, 0
454749, 60121, 1, 0, 0
454849, 57600, 1, 0, 0
454949, 58880, 1, 0, 0
455049, 61440, 1, 0, 0
455149, 58880, 1, 0, 0
455249, 58880, 1, 0, 0
455349, 60800, 1, 0, 0
455449, 62720, 1, 0, 0
455549, 60160, 1, 0, 0
455649, 56960, 1, 0, 0
455750, 60160, 1, 0, 0
455850, 60160, 1, 0, 0
455950, 58240, 1, 0, 0
456050, 62080, 1, 0, 0
456150, 60160, 1, 0, 0
456249, 58828, 1, 0, 0
456349, 55680, 1, 0, 0
456449, 59520, 1, 0, 0
456549, 57600, 1, 0, 0
456649, 60800, 1, 0, 0
456749, 59520, 1, 0, 0
456849, 63360, 1, 0, 0
456949, 59520, 1, 0, 0
457049, 61440, 1, 0, 0
457149, 61440, 1, 0, 0
457250, 59520, 1, 0, 0
457350, 60800, 1, 0, 0
457450, 59520, 1, 0, 0
457550, 60160, 1, 0, 0
457650, 60800, 1, 0, 0
457749, 59474, 1, 0, 0
457849, 62720, 1, 0, 0
457949, 61440, 1, 0, 0
458049, 62720, 1, 0, 0
458149, 60160, 1, 0, 0
458249, 59520, 1, 0, 0
458349, 62080, 1, 0, 0
458449, 59520, 1, 0, 0
458549, 62720, 1, 0, 0
458649, 58880, 1, 0, 0
458749, 62080, 1, 0, 0
458850, 59520, 1, 0, 0
458950, 60160, 1, 0, 0
459050, 60800, 1, 0, 0
459150, 61440, 1, 0, 0
459249, 62060, 1, 0, 0
459349, 60160, 1, 0, 0
459449, 59520, 1, 0, 0
459549, 58880, 1, 0, 0
459649, 61440, 1, 0, 0
459749, 62720, 1, 0, 0
459849, 57600, 1, 0, 0
459949, 62080, 1, 0, 0
460049, 60160, 1, 0, 0
460149, 60160, 1, 0, 0
460249, 61440, 1, 0, 0
460349, 60160, 1, 0, 0
460449, 60160, 1, 0, 0
460550, 56320, 1, 0, 0
460650, 58240, 1, 0, 0
460749, 58828, 1, 0, 0
460849, 60800, 1, 0, 0
460949, 62080, 1, 0, 0
461049, 58880, 1, 0, 0
461149, 56960, 1, 0, 0
461249, 60800, 1, 0, 0
461349, 58880, 1, 0, 0
461449, 63360, 1, 0, 0
461549, 62720, 1, 0, 0
461649, 60160, 1, 0, 0
461749, 63360, 1, 0, 0
461849, 61440, 1, 0, 0
461949, 59520, 1, 0, 0
462049, 60800, 1, 0, 0
462149, 62080, 1, 0, 0
462250, 57600, 1, 0, 0
462350, 61440, 1, 0, 0
462450, 63360, 1, 0, 0
462550, 60800, 1, 0, 0
462650, 60800, 1, 0, 0
462749, 61414, 1, 0, 0
462849, 60160, 1, 0, 0
462949, 62080, 1, 0, 0
463049, 64000, 1, 0, 0
463149, 61440, 1, 0, 0
463249, 61440, 1, 0, 0
463349, 63360, 1, 0, 0
463449, 62720, 1, 0, 0
463549, 58240, 1, 0, 0
463649, 61440, 1, 0, 0
463750, 64640, 1, 0, 0
463850, 62720, 1, 0, 0
463950, 60160, 1, 0, 0
464050, 60800, 1, 0, 0
464150, 62080, 1, 0, 0
464249, 61414, 1, 0, 0
464349, 60800, 1, 0, 0
464449, 58880, 1, 0, 0
464549, 61440, 1, 0, 0
464649, 64640, 1, 0, 0
464749, 60160, 1, 0, 0
464849, 60160, 1, 0, 0
464949, 59520, 1, 0, 0
465049, 60160, 1, 0, 0
465149, 60800, 1, 0, 0
465250, 58880, 1, 0, 0
465350, 61440, 1, 0, 0
465450, 63360, 1, 0, 0
465550, 60160, 1, 0, 0
465650, 62080, 1, 0, 0
465749, 62707, 1, 0, 0
465849, 60160, 1, 0, 0
465949, 58240, 1, 0, 0
466049, 56320, 1, 0, 0
466149, 55680, 1, 0, 0
466249, 57600, 1, 0, 0
466349, 58240, 1, 0, 0
466449, 59520, 1, 0, 0
466549, 62720, 1, 0, 0
466649, 60800, 1, 0, 0
466749, 58240, 1, 0, 0
466849, 59520, 1, 0, 0
466950, 57600, 1, 0, 0
467050, 64000, 1, 0, 0
467150, 60800, 1, 0, 0
467249, 60767, 1, 0, 0
467349, 61440, 1, 0, 0
467449, 59520, 1, 0, 0
467549, 60160, 1, 0, 0
467649, 61440, 1, 0, 0
467749, 61440, 1, 0, 0
467849, 60800, 1, 0, 0
467949, 59520, 1, 0, 0
468049, 58240, 1, 0, 0
468149, 60800, 1, 0, 0
468249, 58880, 1, 0, 0
468349, 61440, 1, 0, 0
468449, 59520, 1, 0, 0
468550, 59520, 1, 0, 0
468650, 56960, 1, 0, 0
468749, 59474, 1, 0, 0
468849, 56320, 1, 0, 0
468949, 61440, 1, 0, 0
469049, 61440, 1, 0, 0
469149, 62720, 1, 0, 0
469249, 60160, 1, 0, 0
469349, 59520, 1, 0, 0
469449, 59520, 1, 0, 0
469549, 60800, 1, 0, 0
469649, 60800, 1, 0, 0
469749, 61440, 1, 0, 0
469849, 56320, 1, 0, 0
469949, 62080, 1, 0, 0
470050, 62720, 1, 0, 0
470150, 61440, 1, 0, 0
470250, 58240, 1, 0, 0
470350, 59520, 1, 0, 0
470450, 59520, 1, 0, 0
470550, 58880, 1, 0, 0
470650, 57600, 1, 0, 0
470749, 58181, 1, 0, 0
470849, 59520, 1, 0, 0
470949, 59520, 1, 0, 0
471049, 59520, 1, 0, 0
471149, 59520, 1, 0, 0
471249, 60160, 1, 0, 0
471349, 62080, 1, 0, 0
471449, 58240, 1, 0, 0
471549, 59520, 1, 0, 0
471649, 61440, 1, 0, 0
471750, 60160, 1, 0, 0
471850, 60800, 1, 0, 0
471950, 60800, 1, 0, 0
472050, 58880, 1, 0, 0
472150, 55040, 1, 0, 0
472249, 57535, 1, 0, 0
472349, 60160, 1, 0, 0
472449, 60160, 1, 0, 0
472549, 59520, 1, 0, 0
472649, 58880, 1, 0, 0
472749, 62080, 1, 0, 0
472849, 57600, 1, 0, 0
472949, 58880, 1, 0, 0
473049, 60800, 1, 0, 0
473149, 60800, 1, 0, 0
473250, 60160, 1, 0, 0
473350, 58880, 1, 0, 0
473450, 56960, 1, 0, 0
473550, 61440, 1, 0, 0
473650, 56320, 1, 0, 0
473749, 56888, 1, 0, 0
473849, 56960, 1, 0, 0
473949, 56320, 1, 0, 0
474049, 60160, 1, 0, 0
474149, 61440, 1, 0, 0
474249, 60800, 1, 0, 0
474349, 60160, 1, 0, 0
474449, 59520, 1, 0, 0
474549, 60800, 1, 0, 0
474649, 61440, 1, 0, 0
474749, 59520, 1, 0, 0
474849, 57600, 1, 0, 0
474949, 60800, 1, 0, 0
475050, 60160, 1, 0, 0
475150, 60800, 1, 0, 0
475249, 57535, 1, 0, 0
475349, 62720, 1, 0, 0
475449, 62080, 1, 0, 0
475549, 60800, 1, 0, 0
475649, 58880, 1, 0, 0
475749, 58240, 1, 0, 0
475849, 59520, 1, 0, 0
475949, 58880, 1, 0, 0
476049, 59520, 1, 0, 0
476149, 58880, 1, 0, 0
476249, 60160, 1, 0, 0
476349, 59520, 1, 0, 0
476449, 53760, 1, 0, 0
476550, 60160, 1, 0, 0
476650, 59520, 1, 0, 0
476750, 59520, 1, 0, 0
476850, 61440, 1, 0, 0
476950, 61440, 1, 0, 0
477050, 61440, 1, 0, 0
477150, 61440, 1, 0, 0
477249, 59474, 1, 0, 0
477349, 62720, 1, 0, 0
477449, 59520, 1, 0, 0
477549, 63360, 1, 0, 0
477649, 60800, 1, 0, 0
477749, 61440, 1, 0, 0
477849, 60800, 1, 0, 0
477949, 60160, 1, 0, 0
478050, 58880, 1, 0, 0
478150, 58880, 1, 0, 0
478250, 59520, 1, 0, 0
478350, 58240, 1, 0, 0
478450, 59520, 1, 0, 0
478550, 58240, 1, 0, 0
478650, 59520, 1, 0, 0
478749, 58828, 1, 0, 0
478849, 62080, 1, 0, 0
478949, 60160, 1, 0, 0
479049, 57600, 1, 0, 0
479149, 61440, 1, 0, 0
479249, 59520, 1, 0, 0
479349, 57600, 1, 0, 0
479449, 60160, 1, 0, 0
479549, 60160, 1, 0, 0
479649, 61440, 1, 0, 0
479750, 60800, 1, 0, 0
479850, 58240, 1, 0, 0
479950, 61440, 1, 0, 0
480050, 60160, 1, 0, 0
480150, 60160, 1, 0, 0
480249, 60767, 1, 0, 0
480349, 60800, 1, 0, 0
480449, 60160, 1, 0, 0
480549, 60160, 1, 0, 0
480649, 60160, 1, 0, 0
480749, 58240, 1, 0, 0
480849, 60800, 1, 0, 0
480949, 60800, 1, 0, 0
481049, 62720, 1, 0, 0
481149, 62720, 1, 0, 0
481250, 63360, 1, 0, 0
481350, 58880, 1, 0, 0
481450, 60160, 1, 0, 0
481550, 60160, 1, 0, 0
481650, 62080, 1, 0, 0
481749, 60767, 1, 0, 0
481849, 64640, 1, 0, 0
481949, 60800, 1, 0, 0
482049, 60160, 1, 0, 0
482149, 61440, 1, 0, 0
482249, 62080, 1, 0, 0
482349, 60800, 1, 0, 0
482449, 59520, 1, 0, 0
482549, 62080, 1, 0, 0
482649, 59520, 1, 0, 0
482749, 64000, 1, 0, 0
482849, 62080, 1, 0, 0
482950, 62720, 1, 0, 0
483050, 58880, 1, 0, 0
483150, 58240, 1, 0, 0
483249, 55595, 1, 0, 0
483349, 62720, 1, 0, 0
483449, 60800, 1, 0, 0
483549, 58880, 1, 0, 0
483649, 60800, 1, 0, 0
483749, 61440, 1, 0, 0
483849, 63360, 1, 0, 0
483949, 61440, 1, 0, 0
484049, 60800, 1, 0, 0
484149, 60800, 1, 0, 0
484249, 61440, 1, 0, 0
484349, 61440, 1, 0, 0
484449, 59520, 1, 0, 0
484549, 61440, 1, 0, 0
484650, 62720, 1, 0, 0
484750, 64640, 1, 0, 0
484850, 60160, 1, 0, 0
484950, 62080, 1, 0, 0
485050, 60160, 1, 0, 0
485150, 58880, 1, 0, 0
485249, 64646, 1, 0, 0
485349, 60160, 1, 0, 0
485449, 62080, 1, 0, 0
485549, 62720, 1, 0, 0
485649, 62080, 1, 0, 0
485749, 60160, 1, 0, 0
485849, 57600, 1, 0, 0
485949, 60160, 1, 0, 0
486049, 61440, 1, 0, 0
486149, 62080, 1, 0, 0
486250, 61440, 1, 0, 0
486350, 57600, 1, 0, 0
486450, 62080, 1, 0, 0
486550, 58240, 1, 0, 0
486650, 62720, 1, 0, 0
486749, 58828, 1, 0, 0
486849, 62080, 1, 0, 0
486949, 56960, 1, 0, 0
487049, 60160, 1, 0, 0
487149, 61440, 1, 0, 0
487249, 59520, 1, 0, 0
487349, 61440, 1, 0, 0
487449, 63360, 1, 0, 0
487549, 58240, 1, 0, 0
487649, 62720, 1, 0, 0
487749, 57600, 1, 0, 0
487850, 58880, 1, 0, 0
487950, 62720, 1, 0, 0
488050, 61440, 1, 0, 0
488150, 60800, 1, 0, 0
488249, 58828, 1, 0, 0
488349, 60800, 1, 0, 0
488449, 63360, 1, 0, 0
488549, 62720, 1, 0, 0
488649, 57600, 1, 0, 0
488749, 60160, 1, 0, 0
488849, 58880, 1, 0, 0
488949, 61440, 1, 0, 0
489049, 60160, 1, 0, 0
489149, 59520, 1, 0, 0
489249, 58880, 1, 0, 0
489350, 62720, 1, 0, 0
489450, 56960, 1, 0, 0
489550, 62080, 1, 0, 0
489650, 62080, 1, 0, 0
489749, 58181, 1, 0, 0
489849, 61440, 1, 0, 0
489949, 60160, 1, 0, 0
490049, 59520, 1, 0, 0
490149, 57600, 1, 0, 0
490249, 59520, 1, 0, 0
490349, 62080, 1, 0, 0
490449, 60160, 1, 0, 0
490549, 62720, 1, 0, 0
490649, 61440, 1, 0, 0
490749, 61440, 1, 0, 0
490849, 60800, 1, 0, 0
490949, 60800, 1, 0, 0
491050, 60160, 1, 0, 0
491150, 60160, 1, 0, 0
491249, 59474, 1, 0, 0
491349, 63360, 1, 0, 0
491449, 60160, 1, 0, 0
491549, 58240, 1, 0, 0
491649, 58880, 1, 0, 0
491749, 58880, 1, 0, 0
491849, 56960, 1, 0, 0
491949, 58880, 1, 0, 0
492049, 62080, 1, 0, 0
492149, 60160, 1, 0, 0
492249, 60160, 1, 0, 0
492349, 62720, 1, 0, 0
492449, 62080, 1, 0, 0
492550, 65280, 1, 0, 0
492650, 61440, 1, 0, 0
492749, 62707, 1, 0, 0
492849, 60160, 1, 0, 0
492949, 61440, 1, 0, 0
493049, 61440, 1, 0, 0
493149, 59520, 1, 0, 0
493249, 60160, 1, 0, 0
493349, 59520, 1, 0, 0
493449, 55680, 1, 0, 0
493549, 62080, 1, 0, 0
493649, 58240, 1, 0, 0
493749, 62720, 1, 0, 0
493849, 58880, 1, 0, 0
493949, 60800, 1, 0, 0
494049, 60160, 1, 0, 0
494150, 59520, 1, 0, 0
494250, 60800, 1, 0, 0
494350, 58880, 1, 0, 0
494450, 59520, 1, 0, 0
494550, 60800, 1, 0, 0
494650, 58240, 1, 0, 0
494749, 59474, 1, 0, 0
494849, 61440, 1, 0, 0
494949, 58880, 1, 0, 0
495049, 61440, 1, 0, 0
495149, 60160, 1, 0, 0
495249, 60800, 1, 0, 0
495349, 62720, 1, 0, 0
495449, 62080, 1, 0, 0
495550, 59520, 1, 0, 0
495650, 63360, 1, 0, 0
495750, 59520, 1, 0, 0
495850, 58880, 1, 0, 0
495950, 62080, 1, 0, 0
496050, 60160, 1, 0, 0
496150, 64000, 1, 0, 0
496249, 62060, 1, 0, 0
496349, 62080, 1, 0, 0
496449, 56960, 1, 0, 0
496549, 62720, 1, 0, 0
496649, 58880, 1, 0, 0
496749, 62720, 1, 0, 0
496849, 59520, 1, 0, 0
496949, 62720, 1, 0, 0
497049, 61440, 1, 0, 0
497149, 60800, 1, 0, 0
497250, 60800, 1, 0, 0
497350, 59520, 1, 0, 0
497450, 58880, 1, 0, 0
497550, 60160, 1, 0, 0
497650, 59520, 1, 0, 0
497749, 62060, 1, 0, 0
497849, 60800, 1, 0, 0
497949, 58880, 1, 0, 0
498049, 65280, 1, 0, 0
498149, 60800, 1, 0, 0
498249, 60160, 1, 0, 0
498349, 60160, 1, 0, 0
498449, 61440, 1, 0, 0
498549, 62080, 1, 0, 0
498649, 60800, 1, 0, 0
498750, 58240, 1, 0, 0
498850, 60800, 1, 0, 0
498950, 60160, 1, 0, 0
499050, 60160, 1, 0, 0
499150, 60800, 1, 0, 0
499249, 61414, 1, 0, 0
499349, 60160, 1, 0, 0
499449, 63360, 1, 0, 0
499549, 64000, 1, 0, 0
499649, 60800, 1, 0, 0
499749, 61440, 1, 0, 0
499849, 58880, 1, 0, 0
499949, 62720, 1, 0, 0
500049, 59520, 1, 0, 0
500149, 60160, 1, 0, 0
500249, 58240, 1, 0, 0
500349, 58240, 1, 0, 0
500450, 59520, 1, 0, 0
500550, 60800, 1, 0, 0
500650, 61440, 1, 0, 0
500749, 59474, 1, 0, 0
500849, 63360, 1, 0, 0
500949, 59520, 1, 0, 0
501049, 58880, 1, 0, 0
501149, 61440, 1, 0, 0
501249, 59520, 1, 0, 0
501349, 61440, 1, 0, 0
501449, 59520, 1, 0, 0
501549, 62080, 1, 0, 0
501649, 60800, 1, 0, 0
501749, 63360, 1, 0, 0
501849, 62080, 1, 0, 0
501949, 60160, 1, 0, 0
502050, 56960, 1, 0, 0
502150, 59520, 1, 0, 0
502249, 60767, 1, 0, 0
502349, 60160, 1, 0, 0
502449, 60160, 1, 0, 0
502549, 62720, 1, 0, 0
502649, 62080, 1, 0, 0
502749, 62720, 1, 0, 0
502849, 58880, 1, 0, 0
502949, 60160, 1, 0, 0
503049, 60800, 1, 0, 0
503149, 62720, 1, 0, 0
503249, 58880, 1, 0, 0
503349, 59520, 1, 0, 0
503449, 58880, 1, 0, 0
503550, 60800, 1, 0, 0
503650, 56960, 1, 0, 0
503749, 57535, 1, 0, 0
503849, 62720, 1, 0, 0
503949, 58880, 1, 0, 0
504049, 58880, 1, 0, 0
504149, 60160, 1, 0, 0
504249, 60800, 1, 0, 0
504349, 58880, 1, 0, 0
504449, 60160, 1, 0, 0
504549, 62080, 1, 0, 0
504649, 60160, 1, 0, 0
504749, 61440, 1, 0, 0
504849, 59520, 1, 0, 0
504949, 62080, 1, 0, 0
505049, 58240, 1, 0, 0
505149, 60800, 1, 0, 0
505250, 55040, 1, 0, 0
505350, 59520, 1, 0, 0
505450, 64640, 1, 0, 0
505550, 62080, 1, 0, 0
505650, 59520, 1, 0, 0
505749, 64000, 1, 0, 0
505849, 62080, 1, 0, 0
505949, 57600, 1, 0, 0
506049, 59520, 1, 0, 0
506149, 60800, 1, 0, 0
506249, 62080, 1, 0, 0
506349, 61440, 1, 0, 0
506449, 62080, 1, 0, 0
506549, 60800, 1, 0, 0
506649, 59520, 1, 0, 0
506749, 57600, 1, 0, 0
506849, 60800, 1, 0, 0
506950, 58240, 1, 0, 0
507050, 59520, 1, 0, 0
507150, 57600, 1, 0, 0
507249, 58828, 1, 0, 0
507349, 60160, 1, 0, 0
507449, 58880, 1, 0, 0
507549, 56320, 1, 0, 0
507649, 61440, 1, 0, 0
507749, 60800, 1, 0, 0
507849, 60160, 1, 0, 0
507949, 58880, 1, 0, 0
508049, 59520, 1, 0, 0
508149, 63360, 1, 0, 0
508249, 59520, 1, 0, 0
508349, 58880, 1, 0, 0
508449, 60160, 1, 0, 0
508550, 58880, 1, 0, 0
508650, 59520, 1, 0, 0
508749, 60767, 1, 0, 0
508849, 58880, 1, 0, 0
508949, 55680, 1, 0, 0
509049, 57600, 1, 0, 0
509149, 61440, 1, 0, 0
509249, 61440, 1, 0, 0
509349, 61440, 1, 0, 0
509449, 60800, 1, 0, 0
509549, 62080, 1, 0, 0
509649, 58880, 1, 0, 0
509749, 59520, 1, 0, 0
509849, 60160, 1, 0, 0
509949, 56960, 1, 0, 0
510049, 59520, 1, 0, 0
510149, 61440, 1, 0, 0
510250, 61440, 1, 0, 0
510350, 57600, 1, 0, 0
510450, 59520, 1, 0, 0
510550, 57600, 1, 0, 0
510650, 60800, 1, 0, 0
510749, 59474, 1, 0, 0
510849, 58240, 1, 0, 0
510949, 58880, 1, 0, 0
511049, 60160, 1, 0, 0
511149, 60800, 1, 0, 0
511249, 62080, 1, 0, 0
511349, 58240, 1, 0, 0
511449, 58880, 1, 0, 0
511549, 57600, 1, 0, 0
511649, 58240, 1, 0, 0
511750, 59520, 1, 0, 0
511850, 56320, 1, 0, 0
511950, 58880, 1, 0, 0
512050, 58240, 1, 0, 0
512150, 60160, 1, 0, 0
512249, 61414, 1, 0, 0
512349, 57600, 1, 0, 0
512449, 57600, 1, 0, 0
512549, 60160, 1, 0, 0
512649, 59520, 1, 0, 0
512749, 58240, 1, 0, 0
512849, 56960, 1, 0, 0
512949, 59520, 1, 0, 0
513049, 60800, 1, 0, 0
513149, 56960, 1, 0, 0
513250, 59520, 1, 0, 0
513350, 57600, 1, 0, 0
513450, 59520, 1, 0, 0
513550, 59520, 1, 0, 0
513650, 57600, 1, 0, 0
513749, 59474, 1, 0, 0
513849, 58240, 1, 0, 0
513949, 61440, 1, 0, 0
514049, 62720, 1, 0, 0
514149, 57600, 1, 0, 0
514249, 56320, 1, 0, 0
514349, 59520, 1, 0, 0
514449, 57600, 1, 0, 0
514549, 58240, 1, 0, 0
514649, 59520, 1, 0, 0
514750, 57600, 1, 0, 0
514850, 61440, 1, 0, 0
514950, 60160, 1, 0, 0
515050, 60160, 1, 0, 0
515150, 62720, 1, 0, 0
515249, 62707, 1, 0, 0
515349, 60800, 1, 0, 0
515449, 60800, 1, 0, 0
515549, 62720, 1, 0, 0
515649, 60800, 1, 0, 0
515749, 63360, 1, 0, 0
515849, 61440, 1, 0, 0
515949, 62080, 1, 0, 0
516049, 62080, 1, 0, 0
516149, 62720, 1, 0, 0
516249, 61440, 1, 0, 0
516349, 58880, 1, 0, 0
516450, 60160, 1, 0, 0
516550, 62080, 1, 0, 0
516650, 64000, 1, 0, 0
516749, 63353, 1, 0, 0
516849, 62080, 1, 0, 0
516949, 63360, 1, 0, 0
517049, 64640, 1, 0, 0
517149, 60800, 1, 0, 0
517249, 61440, 1, 0, 0
517349, 63360, 1, 0, 0
517449, 60800, 1, 0, 0
517549, 63360, 1, 0, 0
517649, 62080, 1, 0, 0
517749, 58880, 1, 0, 0
517849, 61440, 1, 0, 0
517949, 57600, 1, 0, 0
518050, 63360, 1, 0, 0
518150, 60800, 1, 0, 0
518249, 62060, 1, 0, 0
518349, 59520, 1, 0, 0
518449, 56960, 1, 0, 0
518549, 59520, 1, 0, 0
518649, 62080, 1, 0, 0
518749, 61440, 1, 0, 0
518849, 63360, 1, 0, 0
518949, 60800, 1, 0, 0
519049, 62080, 1, 0, 0
519149, 58240, 1, 0, 0
519249, 56320, 1, 0, 0
519349, 61440, 1, 0, 0
519449, 60800, 1, 0, 0
519549, 60800, 1, 0, 0
519650, 58240, 1, 0, 0
519750, 62080, 1, 0, 0
519850, 58880, 1, 0, 0
519950, 60800, 1, 0, 0
520050, 60160, 1, 0, 0
520150, 63360, 1, 0, 0
520249, 60767, 1, 0, 0
520349, 60160, 1, 0, 0
520449, 60800, 1, 0, 0
520549, 61440, 1, 0, 0
520649, 62720, 1, 0, 0
520749, 59520, 1, 0, 0
520849, 62720, 1, 0, 0
520949, 61440, 1, 0, 0
521049, 60800, 1, 0, 0
521149, 62720, 1, 0, 0
521250, 60800, 1, 0, 0
521350, 62720, 1, 0, 0
521450, 62720, 1, 0, 0
521550, 62720, 1, 0, 0
521650, 61440, 1, 0, 0
521749, 58828, 1, 0, 0
521849, 62080, 1, 0, 0
521949, 60800, 1, 0, 0
522049, 61440, 1, 0, 0
522149, 64000, 1, 0, 0
522249, 64640, 1, 0, 0
522349, 63360, 1, 0, 0
522449, 58880, 1, 0, 0
522549, 64000, 1, 0, 0
522649, 62080, 1, 0, 0
522749, 61440, 1, 0, 0
522850, 59520, 1, 0, 0
522950, 59520, 1, 0, 0
523050, 58880, 1, 0, 0
523150, 57600, 1, 0, 0
523249, 59474, 1, 0, 0
523349, 60800, 1, 0, 0
523449, 62720, 1, 0, 0
523549, 58240, 1, 0, 0
523649, 60800, 1, 0, 0
523749, 61440, 1, 0, 0
523849, 62080, 1, 0, 0
523949, 61440, 1, 0, 0
524049, 61440, 1, 0, 0
524149, 61440, 1, 0, 0
524249, 60160, 1, 0, 0
524349, 63360, 1, 0, 0
524450, 61440, 1, 0, 0
524550, 61440, 1, 0, 0
524650, 61440, 1, 0, 0
524749, 59474, 1, 0, 0
524849, 60800, 1, 0, 0
524949, 61440, 1, 0, 0
525049, 63360, 1, 0, 0
525149, 62720, 1, 0, 0
525249, 60160, 1, 0, 0
525349, 60160, 1, 0, 0
525449, 58880, 1, 0, 0
525549, 59520, 1, 0, 0
525649, 63360, 1, 0, 0
525749, 60800, 1, 0, 0
525849, 59520, 1, 0, 0
525949, 60800, 1, 0, 0
526050, 59520, 1, 0, 0
526150, 64000, 1, 0, 0
526249, 60121, 1, 0, 0
526349, 61440, 1, 0, 0
526449, 60160, 1, 0, 0
526549, 61440, 1, 0, 0
526649, 60800, 1, 0, 0
526749, 60800, 1, 0, 0
526849, 58880, 1, 0, 0
526949, 61440, 1, 0, 0
527049, 60160, 1, 0, 0
527149, 60160, 1, 0, 0
527249, 62080, 1, 0, 0
527349, 60160, 1, 0, 0
527449, 60800, 1, 0, 0
527549, 58880, 1, 0, 0
527650, 62720, 1, 0, 0
527750, 62720, 1, 0, 0
527850, 61440, 1, 0, 0
527950, 57600, 1, 0, 0
528050, 58240, 1, 0, 0
528150, 59520, 1, 0, 0
528249, 61414, 1, 0, 0
528349, 60160, 1, 0, 0
528449, 60160, 1, 0, 0
528549, 62080, 1, 0, 0
528649, 60800, 1, 0, 0
528749, 60160, 1, 0, 0
528849, 59520, 1, 0, 0
528949, 57600, 1, 0, 0
529049, 60800, 1, 0, 0
529149, 60800, 1, 0, 0
529250, 60800, 1, 0, 0
529350, 60800, 1, 0, 0
529450, 58880, 1, 0, 0
529550, 60800, 1, 0, 0
529650, 60160, 1, 0, 0
529749, 60121, 1, 0, 0
529849, 61440, 1, 0, 0
529949, 56960, 1, 0, 0
530049, 61440, 1, 0, 0
530149, 58880, 1, 0, 0
530249, 61440, 1, 0, 0
530349, 58880, 1, 0, 0
530449, 62080, 1, 0, 0
530549, 60160, 1, 0, 0
530649, 58240, 1, 0, 0
530750, 59520, 1, 0, 0
530850, 61440, 1, 0, 0
530950, 59520, 1, 0, 0
531050, 59520, 1, 0, 0
531150, 59520, 1, 0, 0
531249, 61414, 1, 0, 0
531349, 60800, 1, 0, 0
531449, 60800, 1, 0, 0
531549, 61440, 1, 0, 0
531649, 60160, 1, 0, 0
531749, 60160, 1, 0, 0
531849, 58880, 1, 0, 0
531949, 60160, 1, 0, 0
532049, 60800, 1, 0, 0
532149, 60160, 1, 0, 0
532249, 60160, 1, 0, 0
532350, 58240, 1, 0, 0
532450, 62720, 1, 0, 0
532550, 59520, 1, 0, 0
532650, 60800, 1, 0, 0
532749, 61414, 1, 0, 0
532849, 59520, 1, 0, 0
532949, 62720, 1, 0, 0
533049, 59520, 1, 0, 0
533149, 62720, 1, 0, 0
533249, 59520, 1, 0, 0
533349, 59520, 1, 0, 0
533449, 60160, 1, 0, 0
533549, 58240, 1, 0, 0
533649, 60160, 1, 0, 0
533749, 60160, 1, 0, 0
533850, 60160, 1, 0, 0
533950, 59520, 1, 0, 0
534050, 61440, 1, 0, 0
534150, 58240, 1, 0, 0
534249, 58181, 1, 0, 0
534349, 59520, 1, 0, 0
534449, 58880, 1, 0, 0
534549, 62720, 1, 0, 0
534649, 60160, 1, 0, 0
534749, 63360, 1, 0, 0
534849, 59520, 1, 0, 0
534949, 60160, 1, 0, 0
535049, 61440, 1, 0, 0
535149, 62080, 1, 0, 0
535249, 62720, 1, 0, 0
535349, 62720, 1, 0, 0
535449, 62080, 1, 0, 0
535550, 60160, 1, 0, 0
535650, 56960, 1, 0, 0
535749, 62707, 1, 0, 0
535849, 61440, 1, 0, 0
535949, 61440, 1, 0, 0
536049, 62080, 1, 0, 0
536149, 60800, 1, 0, 0
536249, 60800, 1, 0, 0
536349, 60160, 1, 0, 0
536449, 60160, 1, 0, 0
536549, 62080, 1, 0, 0
536649, 60800, 1, 0, 0
536749, 61440, 1, 0, 0
536849, 63360, 1, 0, 0
536949, 59520, 1, 0, 0
537050, 59520, 1, 0, 0
537150, 59520, 1, 0, 0
537249, 59474, 1, 0, 0
537349, 60800, 1, 0, 0
537449, 56320, 1, 0, 0
537549, 61440, 1, 0, 0
537649, 62720, 1, 0, 0
537749, 60800, 1, 0, 0
537849, 59520, 1, 0, 0
537949, 62080, 1, 0, 0
538049, 60160, 1, 0, 0
538149, 58240, 1, 0, 0
538249, 60800, 1, 0, 0
538349, 61440, 1, 0, 0
538449, 62080, 1, 0, 0
538549, 61440, 1, 0, 0
538649, 58880, 1, 0, 0
538750, 60160, 1, 0, 0
538850, 59520, 1, 0, 0
538950, 62080, 1, 0, 0
539050, 61440, 1, 0, 0
539150, 58240, 1, 0, 0
539249, 60767, 1, 0, 0
539349, 60800, 1, 0, 0
539449, 60800, 1, 0, 0
539549, 60160, 1, 0, 0
539649, 59520, 1, 0, 0
539749, 59520, 1, 0, 0
539849, 60160, 1, 0, 0
539949, 60800, 1, 0, 0
540049, 60800, 1, 0, 0
540149, 61440, 1, 0, 0
540249, 57600, 1, 0, 0
540349, 61440, 1, 0, 0
540449, 58880, 1, 0, 0
540550, 57600, 1, 0, 0
540650, 60160, 1, 0, 0
540749, 61414, 1, 0, 0
540849, 58880, 1, 0, 0
540949, 60160, 1, 0, 0
541049, 62080, 1, 0, 0
541149, 60160, 1, 0, 0
541249, 63360, 1, 0, 0
541349, 59520, 1, 0, 0
541449, 62720, 1, 0, 0
541549, 62080, 1, 0, 0
541649, 60160, 1, 0, 0
541749, 60800, 1, 0, 0
541849, 60800, 1, 0, 0
541949, 58880, 1, 0, 0
542050, 60800, 1, 0, 0
542150, 62080, 1, 0, 0
542249, 60767, 1, 0, 0
542349, 60160, 1, 0, 0
542449, 55680, 1, 0, 0
542549, 60160, 1, 0, 0
542649, 60160, 1, 0, 0
542749, 59520, 1, 0, 0
542849, 59520, 1, 0, 0
542949, 58880, 1, 0, 0
543049, 58880, 1, 0, 0
543149, 60160, 1, 0, 0
543249, 61440, 1, 0, 0
543349, 59520, 1, 0, 0
543449, 61440, 1, 0, 0
543550, 58880, 1, 0, 0
543650, 58240, 1, 0, 0
543750, 58240, 1, 0, 0
543850, 56320, 1, 0, 0
543950, 58880, 1, 0, 0
544050, 56320, 1, 0, 0
544150, 60160, 1, 0, 0
544249, 56888, 1, 0, 0
544349, 59520, 1, 0, 0
544449, 60800, 1, 0, 0
544549, 61440, 1, 0, 0
544649, 58240, 1, 0, 0
544749, 59520, 1, 0, 0
544849, 60160, 1, 0, 0
544949, 55040, 1, 0, 0
545049, 57600, 1, 0, 0
545150, 58880, 1, 0, 0
545250, 60160, 1, 0, 0
545350, 58880, 1, 0, 0
545450, 58880, 1, 0, 0
545550, 58240, 1, 0, 0
545650, 56960, 1, 0, 0
545749, 60121, 1, 0, 0
545849, 60160, 1, 0, 0
545949, 60800, 1, 0, 0
546049, 62720, 1, 0, 0
546149, 59520, 1, 0, 0
546249, 57600, 1, 0, 0
546349, 56960, 1, 0, 0
546449, 58880, 1, 0, 0
546549, 57600, 1, 0, 0
546650, 56320, 1, 0, 0
546750, 58240, 1, 0, 0
546850, 59520, 1, 0, 0
546950, 57600, 1, 0, 0
547050, 61440, 1, 0, 0
547150, 58880, 1, 0, 0
547249, 58181, 1, 0, 0
547349, 57600, 1, 0, 0
547449, 61440, 1, 0, 0
547549, 60160, 1, 0, 0
547649, 60160, 1, 0, 0
547749, 60160, 1, 0, 0
547849, 60800, 1, 0, 0
547949, 58880, 1, 0, 0
548050, 58880, 1, 0, 0
548150, 59520, 1, 0, 0
548250, 56320, 1, 0, 0
548350, 56960, 1, 0, 0
548450, 59520, 1, 0, 0
548550, 57600, 1, 0, 0
548650, 60800, 1, 0, 0
548749, 58828, 1, 0, 0
548849, 58240, 1, 0, 0
548949, 59520, 1, 0, 0
549049, 60800, 1, 0, 0
549149, 60800, 1, 0, 0
549249, 61440, 1, 0, 0
549349, 59520, 1, 0, 0
549449, 58240, 1, 0, 0
549549, 60160, 1, 0, 0
549649, 57600, 1, 0, 0
549750, 57600, 1, 0, 0
549850, 59520, 1, 0, 0
549950, 60800, 1, 0, 0
550050, 58880, 1, 0, 0
550150, 58240, 1, 0, 0
550249, 58181, 1, 0, 0
550349, 57600, 1, 0, 0
550449, 60800, 1, 0, 0
550549, 58240, 1, 0, 0
550649, 62080, 1, 0, 0
550749, 59520, 1, 0, 0
550849, 59520, 1, 0, 0
550949, 61440, 1, 0, 0
551049, 60160, 1, 0, 0
551149, 60800, 1, 0, 0
551250, 58880, 1, 0, 0
551350, 59520, 1, 0, 0
551450, 61440, 1, 0, 0
551550, 60800, 1, 0, 0
551650, 60800, 1, 0, 0
551749, 56242, 1, 0, 0
551849, 60160, 1, 0, 0
551949, 59520, 1, 0, 0
552049, 59520, 1, 0, 0
552149, 60800, 1, 0, 0
552249, 60800, 1, 0, 0
552349, 60160, 1, 0, 0
552449, 59520, 1, 0, 0
552549, 60800, 1, 0, 0
552649, 60160, 1, 0, 0
552750, 58240, 1, 0, 0
552850, 60160, 1, 0, 0
552950, 62720, 1, 0, 0
553050, 61440, 1, 0, 0
553150, 60800, 1, 0, 0
553249, 64646, 1, 0, 0
553349, 60800, 1, 0, 0
553449, 61440, 1, 0, 0
553549, 60160, 1, 0, 0
553649, 60160, 1, 0, 0
553749, 58880, 1, 0, 0
553849, 59520, 1, 0, 0
553949, 61440, 1, 0, 0
554049, 59520, 1, 0, 0
554149, 60800, 1, 0, 0
554249, 62080, 1, 0, 0
554350, 58880, 1, 0, 0
554450, 60160, 1, 0, 0
554550, 65920, 1, 0, 0
554650, 59520, 1, 0, 0
554749, 60767, 1, 0, 0
554849, 60800, 1, 0, 0
554949, 61440, 1, 0, 0
555049, 60160, 1, 0, 0
555149, 58240, 1, 0, 0
555249, 60160, 1, 0, 0
555349, 59520, 1, 0, 0
555449, 56960, 1, 0, 0
555549, 57600, 1, 0, 0
555649, 57600, 1, 0, 0
555749, 59520, 1, 0, 0
555849, 62080, 1, 0, 0
555949, 59520, 1, 0, 0
556049, 56960, 1, 0, 0
556150, 60800, 1, 0, 0
556250, 62080, 1, 0, 0
556350, 60160, 1, 0, 0
556450, 62080, 1, 0, 0
556550, 61440, 1, 0, 0
556650, 63360, 1, 0, 0
556749, 56888, 1, 0, 0
556849, 56320, 1, 0, 0
556949, 59520, 1, 0, 0
557049, 58880, 1, 0, 0
557149, 59520, 1, 0, 0
557249, 61440, 1, 0, 0
557349, 57600, 1, 0, 0
557449, 62720, 1, 0, 0
557549, 61440, 1, 0, 0
557649, 57600, 1, 0, 0
557750, 61440, 1, 0, 0
557850, 64000, 1, 0, 0
557950, 59520, 1, 0, 0
558050, 62080, 1, 0, 0
558150, 62080, 1, 0, 0
558249, 62707, 1, 0, 0
558349, 59520, 1, 0, 0
558449, 61440, 1, 0, 0
558549, 58240, 1, 0, 0
558649, 58880, 1, 0, 0
558749, 60160, 1, 0, 0
558849, 58240, 1, 0, 0
558949, 58880, 1, 0, 0
559049, 61440, 1, 0, 0
559149, 60800, 1, 0, 0
559250, 64640, 1, 0, 0
559350, 60800, 1, 0, 0
559450, 59520, 1, 0, 0
559550, 59520, 1, 0, 0
559650, 58880, 1, 0, 0
559749, 59474, 1, 0, 0
559849, 60160, 1, 0, 0
559949, 63360, 1, 0, 0
560049, 60160, 1, 0, 0
560149, 60160, 1, 0, 0
560249, 59520, 1, 0, 0
560349, 60800, 1, 0, 0
560449, 61440, 1, 0, 0
560549, 57600, 1, 0, 0
560649, 60160, 1, 0, 0
560749, 61440, 1, 0, 0
560849, 60160, 1, 0, 0
560949, 58240, 1, 0, 0
561050, 62080, 1, 0, 0
561150, 55040, 1, 0, 0
561249, 60767, 1, 0, 0
561349, 60160, 1, 0, 0
561449, 59520, 1, 0, 0
561549, 58880, 1, 0, 0
561649, 60160, 1, 0, 0
561749, 61440, 1, 0, 0
561849, 60800, 1, 0, 0
561949, 60800, 1, 0, 0
562049, 58880, 1, 0, 0
562149, 57600, 1, 0, 0
562249, 56960, 1, 0, 0
562349, 59520, 1, 0, 0
562450, 59520, 1, 0, 0
562550, 62720, 1, 0, 0
562650, 58880, 1, 0, 0
562749, 61414, 1, 0, 0
562849, 61440, 1, 0, 0
562949, 62080, 1, 0, 0
563049, 64000, 1, 0, 0
563149, 60160, 1, 0, 0
563249, 62080, 1, 0, 0
563349, 60800, 1, 0, 0
563449, 60800, 1, 0, 0
563549, 62720, 1, 0, 0
563649, 61440, 1, 0, 0
563749, 59520, 1, 0, 0
563849, 58880, 1, 0, 0
563949, 60160, 1, 0, 0
564050, 64000, 1, 0, 0
564150, 60800, 1, 0, 0
564249, 56242, 1, 0, 0
564349, 60160, 1, 0, 0
564449, 60800, 1, 0, 0
564549, 61440, 1, 0, 0
564649, 60800, 1, 0, 0
564749, 62080, 1, 0, 0
564849, 58240, 1, 0, 0
564949, 62720, 1, 0, 0
565049, 63360, 1, 0, 0
565149, 62080, 1, 0, 0
565249, 62080, 1, 0, 0
565349, 59520, 1, 0, 0
565449, 59520, 1, 0, 0
565549, 57600, 1, 0, 0
565650, 59520, 1, 0, 0
565750, 65920, 1, 0, 0
565850, 58240, 1, 0, 0
565950, 61440, 1, 0, 0
566050, 62720, 1, 0, 0
566150, 60160, 1, 0, 0
566249, 58828, 1, 0, 0
566349, 61440, 1, 0, 0
566449, 62720, 1, 0, 0
566549, 61440, 1, 0, 0
566649, 61440, 1, 0, 0
566749, 61440, 1, 0, 0
566849, 63360, 1, 0, 0
566949, 59520, 1, 0, 0
567049, 61440, 1, 0, 0
567149, 60160, 1, 0, 0
567250, 62080, 1, 0, 0
567350, 59520, 1, 0, 0
567450, 62720, 1, 0, 0
567550, 60800, 1, 0, 0
567650, 58880, 1, 0, 0
567749, 64646, 1, 0, 0
567849, 60160, 1, 0, 0
567949, 58240, 1, 0, 0
568049, 60160, 1, 0, 0
568149, 62720, 1, 0, 0
568249, 62080, 1, 0, 0
568349, 61440, 1, 0, 0
568449, 60800, 1, 0, 0
568549, 61440, 1, 0, 0
568649, 61440, 1, 0, 0
568750, 61440, 1, 0, 0
568850, 59520, 1, 0, 0
568950, 58880, 1, 0, 0
569050, 58880, 1, 0, 0
569150, 60800, 1, 0, 0
569249, 62060, 1, 0, 0
569349, 58240, 1, 0, 0
569449, 59520, 1, 0, 0
569549, 62080, 1, 0, 0
569649, 62080, 1, 0, 0
569749, 59520, 1, 0, 0
569849, 58880, 1, 0, 0
569949, 60160, 1, 0, 0
570049, 58880, 1, 0, 0
570149, 60800, 1, 0, 0
570249, 61440, 1, 0, 0
570349, 61440, 1, 0, 0
570450, 60800, 1, 0, 0
570550, 60160, 1, 0, 0
570650, 58240, 1, 0, 0
570749, 62060, 1, 0, 0
570849, 60800, 1, 0, 0
570949, 64640, 1, 0, 0
571049, 61440, 1, 0, 0
571149, 62720, 1, 0, 0
571249, 60800, 1, 0, 0
571349, 63360, 1, 0, 0
571449, 60160, 1, 0, 0
571549, 61440, 1, 0, 0
571649, 57600, 1, 0, 0
571749, 62720, 1, 0, 0
571849, 62080, 1, 0, 0
571949, 62720, 1, 0, 0
572050, 62080, 1, 0, 0
572150, 59520, 1, 0, 0
572249, 59474, 1, 0, 0
572349, 63360, 1, 0, 0
572449, 61440, 1, 0, 0
572549, 62080, 1, 0, 0
572649, 64640, 1, 0, 0
572749, 58880, 1, 0, 0
572849, 63360, 1, 0, 0
572949, 61440, 1, 0, 0
573049, 60160, 1, 0, 0
573149, 61440, 1, 0, 0
573249, 62720, 1, 0, 0
573349, 63360, 1, 0, 0
573449, 62720, 1, 0, 0
573549, 62720, 1, 0, 0
573650, 58240, 1, 0, 0
573750, 60800, 1, 0, 0
573850, 60800, 1, 0, 0
573950, 60160, 1, 0, 0
574050, 58240, 1, 0, 0
574150, 60160, 1, 0, 0
574249, 58828, 1, 0, 0
574349, 59520, 1, 0, 0
574449, 60800, 1, 0, 0
574549, 58240, 1, 0, 0
574649, 59520, 1, 0, 0
574749, 60800, 1, 0, 0
574849, 58880, 1, 0, 0
574949, 61440, 1, 0, 0
575049, 62720, 1, 0, 0
575149, 58880, 1, 0, 0
575249, 58880, 1, 0, 0
575350, 59520, 1, 0, 0
575450, 60160, 1, 0, 0
575550, 62080, 1, 0, 0
575650, 60160, 1, 0, 0
575749, 60767, 1, 0, 0
575849, 61440, 1, 0, 0
575949, 62080, 1, 0, 0
576049, 62720, 1, 0, 0
576149, 62720, 1, 0, 0
576249, 62080, 1, 0, 0
576349, 58880, 1, 0, 0
576449, 60800, 1, 0, 0
576549, 63360, 1, 0, 0
576649, 58240, 1, 0, 0
576749, 58880, 1, 0, 0
576849, 59520, 1, 0, 0
576949, 58880, 1, 0, 0
577050, 58880, 1, 0, 0
577150, 61440, 1, 0, 0
577249, 61414, 1, 0, 0
577349, 62080, 1, 0, 0
577449, 59520, 1, 0, 0
577549, 62080, 1, 0, 0
577649, 58880, 1, 0, 0
577749, 61440, 1, 0, 0
577849, 60800, 1, 0, 0
577949, 62720, 1, 0, 0
578049, 59520, 1, 0, 0
578149, 60800, 1, 0, 0
578249, 60160, 1, 0, 0
578349, 60800, 1, 0, 0
578449, 61440, 1, 0, 0
578550, 60800, 1, 0, 0
578650, 61440, 1, 0, 0
578749, 61414, 1, 0, 0
578849, 58880, 1, 0, 0
578949, 59520, 1, 0, 0
579049, 58240, 1, 0, 0
579149, 60800, 1, 0, 0
579249, 60800, 1, 0, 0
579349, 61440, 1, 0, 0
579449, 63360, 1, 0, 0
579549, 60160, 1, 0, 0
579649, 61440, 1, 0, 0
579749, 62720, 1, 0, 0
579849, 60800, 1, 0, 0
579949, 62080, 1, 0, 0
580050, 62080, 1, 0, 0
580150, 61440, 1, 0, 0
580249, 64000, 1, 0, 0
580349, 61440, 1, 0, 0
580449, 61440, 1, 0, 0
580549, 58880, 1, 0, 0
580649, 58880, 1, 0, 0
580749, 59520, 1, 0, 0
580849, 62080, 1, 0, 0
580949, 60800, 1, 0, 0
581049, 60800, 1, 0, 0
581149, 60800, 1, 0, 0
581249, 61440, 1, 0, 0
581349, 59520, 1, 0, 0
581449, 58880, 1, 0, 0
581549, 58880, 1, 0, 0
581649, 60160, 1, 0, 0
581750, 58880, 1, 0, 0
581850, 61440, 1, 0, 0
581950, 60800, 1, 0, 0
582050, 59520, 1, 0, 0
582150, 58880, 1, 0, 0
582249, 60767, 1, 0, 0
582349, 62080, 1, 0, 0
582449, 60800, 1, 0, 0
582549, 58240, 1, 0, 0
582649, 60800, 1, 0, 0
582749, 62080, 1, 0, 0
582849, 62720, 1, 0, 0
582949, 61440, 1, 0, 0
583049, 60800, 1, 0, 0
583149, 60160, 1, 0, 0
583250, 61440, 1, 0, 0
583350, 58880, 1, 0, 0
583450, 62080, 1, 0, 0
583550, 61440, 1, 0, 0
583650, 57600, 1, 0, 0
583749, 59474, 1, 0, 0
583849, 62720, 1, 0, 0
583949, 58240, 1, 0, 0
584049, 59520, 1, 0, 0
584149, 61440, 1, 0, 0
584249, 62720, 1, 0, 0
584349, 62080, 1, 0, 0
584449, 58240, 1, 0, 0
584549, 62720, 1, 0, 0
584649, 58880, 1, 0, 0
584750, 60800, 1, 0, 0
584850, 60800, 1, 0, 0
584950, 60800, 1, 0, 0
585050, 58880, 1, 0, 0
585150, 59520, 1, 0, 0
585249, 60121, 1, 0, 0
585349, 62080, 1, 0, 0
585449, 60800, 1, 0, 0
585549, 59520, 1, 0, 0
585649, 60160, 1, 0, 0
585749, 59520, 1, 0, 0
585849, 61440, 1, 0, 0
585949, 62720, 1, 0, 0
586049, 61440, 1, 0, 0
586149, 61440, 1, 0, 0
586249, 62080, 1, 0, 0
586350, 59520, 1, 0, 0
586450, 56960, 1, 0, 0
586550, 60160, 1, 0, 0
586650, 60160, 1, 0, 0
586749, 61414, 1, 0, 0
586849, 58880, 1, 0, 0
586949, 60800, 1, 0, 0
587049, 60160, 1, 0, 0
587149, 63360, 1, 0, 0
587249, 58880, 1, 0, 0
587349, 63360, 1, 0, 0
587449, 61440, 1, 0, 0
587549, 61440, 1, 0, 0
587649, 60800, 1, 0, 0
587749, 58880, 1, 0, 0
587849, 61440, 1, 0, 0
587950, 60160, 1, 0, 0
588050, 58240, 1, 0, 0
588150, 58880, 1, 0, 0
588249, 62060, 1, 0, 0
588349, 58880, 1, 0, 0
588449, 58880, 1, 0, 0
588549, 61440, 1, 0, 0
588649, 59520, 1, 0, 0
588749, 59520, 1, 0, 0
588849, 61440, 1, 0, 0
588949, 56960, 1, 0, 0
589049, 57600, 1, 0, 0
589149, 60160, 1, 0, 0
589249, 60160, 1, 0, 0
589349, 60800, 1, 0, 0
589449, 58240, 1, 0, 0
589550, 57600, 1, 0, 0
589650, 58240, 1, 0, 0
589749, 60121, 1, 0, 0
589849, 60160, 1, 0, 0
589949, 58240, 1, 0, 0
590049, 57600, 1, 0, 0
590149, 62720, 1, 0, 0
590249, 58880, 1, 0, 0
590349, 56960, 1, 0, 0
590449, 59520, 1, 0, 0
590549, 62080, 1, 0, 0
590649, 62080, 1, 0, 0
590749, 62720, 1, 0, 0
590849, 60160, 1, 0, 0
590949, 60160, 1, 0, 0
591050, 62080, 1, 0, 0
591150, 60800, 1, 0, 0
591249, 61414, 1, 0, 0
591349, 61440, 1, 0, 0
591449, 58880, 1, 0, 0
591549, 62080, 1, 0, 0
591649, 56960, 1, 0, 0
591749, 60160, 1, 0, 0
591849, 60800, 1, 0, 0
591949, 60800, 1, 0, 0
592049, 57600, 1, 0, 0
592149, 57600, 1, 0, 0
592249, 59520, 1, 0, 0
592349, 60160, 1, 0, 0
592449, 59520, 1, 0, 0
592549, 63360, 1, 0, 0
592649, 60800, 1, 0, 0
592750, 57600, 1, 0, 0
592850, 58880, 1, 0, 0
592950, 58240, 1, 0, 0
593050, 60800, 1, 0, 0
593150, 60800, 1, 0, 0
593249, 60121, 1, 0, 0
593349, 56960, 1, 0, 0
593449, 59520, 1, 0, 0
593549, 58880, 1, 0, 0
593649, 58240, 1, 0, 0
593749, 60800, 1, 0, 0
593849, 59520, 1, 0, 0
593949, 59520, 1, 0, 0
594049, 58880, 1, 0, 0
594149, 58880, 1, 0, 0
594250, 59520, 1, 0, 0
594350, 60160, 1, 0, 0
594450, 61440, 1, 0, 0
594550, 57600, 1, 0, 0
594650, 60160, 1, 0, 0
594749, 56888, 1, 0, 0
594849, 58240, 1, 0, 0
594949, 58880, 1, 0, 0
595049, 60800, 1, 0, 0
595149, 56960, 1, 0, 0
595249, 60800, 1, 0, 0
595349, 62720, 1, 0, 0
595449, 58880, 1, 0, 0
595549, 60160, 1, 0, 0
595649, 60800, 1, 0, 0
595749, 62720, 1, 0, 0
595849, 61440, 1, 0, 0
595950, 60800, 1, 0, 0
596050, 60160, 1, 0, 0
596150, 60160, 1, 0, 0
596249, 63353, 1, 0, 0
596349, 62080, 1, 0, 0
596449, 60160, 1, 0, 0
596549, 60800, 1, 0, 0
596649, 62720, 1, 0, 0
596749, 58880, 1, 0, 0
596849, 60800, 1, 0, 0
596949, 62080, 1, 0, 0
597049, 58880, 1, 0, 0
597149, 61440, 1, 0, 0
597249, 60160, 1, 0, 0
597349, 61440, 1, 0, 0
597449, 61440, 1, 0, 0
597550, 58240, 1, 0, 0
597650, 61440, 1, 0, 0
597749, 62060, 1, 0, 0
597849, 59520, 1, 0, 0
597949, 62720, 1, 0, 0
598049, 61440, 1, 0, 0
598149, 59520, 1, 0, 0
598249, 63360, 1, 0, 0
598349, 60800, 1, 0, 0
598449, 62080, 1, 0, 0
598549, 60800, 1, 0, 0
598649, 60800, 1, 0, 0
598749, 61440, 1, 0, 0
598849, 60160, 1, 0, 0
598949, 62080, 1, 0, 0
599050, 56960, 1, 0, 0
599150, 58880, 1, 0, 0
599249, 60121, 1, 0, 0
599349, 62080, 1, 0, 0
599449, 59520, 1, 0, 0
599549, 60800, 1, 0, 0
599649, 61440, 1, 0, 0
599749, 58880, 1, 0, 0
599849, 62080, 1, 0, 0
599949, 59520, 1, 0, 0
