102, 1040162, 1, 0, 0
200, 1024757, 1, 0, 0
300, 962114, 1, 0, 0
400, 1030381, 1, 0, 0
501, 1036556, 1, 0, 0
600, 957728, 1, 0, 0
700, 960085, 1, 0, 0
800, 935621, 1, 0, 0
900, 1015710, 1, 0, 0
1000, 966934, 1, 0, 0
1100, 984490, 1, 0, 0
1200, 979276, 1, 0, 0
1300, 967393, 1, 0, 0
1400, 947551, 1, 0, 0
1500, 977274, 1, 0, 0
1600, 916972, 1, 0, 0
1700, 1063207, 1, 0, 0
1800, 1017983, 1, 0, 0
1900, 1014838, 1, 0, 0
2000, 1011371, 1, 0, 0
2100, 974277, 1, 0, 0
2200, 956760, 1, 0, 0
2300, 1004030, 1, 0, 0
2400, 960883, 1, 0, 0
2500, 1002351, 1, 0, 0
2600, 1008541, 1, 0, 0
2700, 1008945, 1, 0, 0
2800, 984269, 1, 0, 0
2900, 971188, 1, 0, 0
3000, 957151, 1, 0, 0
3100, 1037529, 1, 0, 0
3200, 984223, 1, 0, 0
3300, 986711, 1, 0, 0
3401, 1016211, 1, 0, 0
3500, 1035679, 1, 0, 0
3600, 1034805, 1, 0, 0
3700, 1002648, 1, 0, 0
3800, 983842, 1, 0, 0
3900, 975768, 1, 0, 0
4000, 1000383, 1, 0, 0
4100, 996067, 1, 0, 0
4200, 949022, 1, 0, 0
4301, 968329, 1, 0, 0
4400, 1008428, 1, 0, 0
4500, 979340, 1, 0, 0
4600, 1002103, 1, 0, 0
4700, 952654, 1, 0, 0
4800, 954909, 1, 0, 0
4900, 973930, 1, 0, 0
5000, 1006564, 1, 0, 0
5100, 979533, 1, 0, 0
5200, 1008009, 1, 0, 0
5300, 1004341, 1, 0, 0
5400, 1032449, 1, 0, 0
5500, 987927, 1, 0, 0
5600, 967123, 1, 0, 0
5700, 1028278, 1, 0, 0
5800, 1052852, 1, 0, 0
5900, 946607, 1, 0, 0
6000, 973319, 1, 0, 0
6100, 1029393, 1, 0, 0
6200, 1024351, 1, 0, 0
6300, 990653, 1, 0, 0
6400, 994431, 1, 0, 0
6500, 1027685, 1, 0, 0
6600, 962163, 1, 0, 0
6701, 964349, 1, 0, 0
6800, 940105, 1, 0, 0
6900, 982151, 1, 0, 0
7000, 996013, 1, 0, 0
7100, 1017569, 1, 0, 0
7200, 1002903, 1, 0, 0
7300, 1045396, 1, 0, 0
7400, 1026069, 1, 0, 0
7500, 990618, 1, 0, 0
7600, 1082151, 1, 0, 0
7700, 974565, 1, 0, 0
7800, 991722, 1, 0, 0
7900, 1012582, 1, 0, 0
8000, 1034750, 1, 0, 0
8100, 1023394, 1, 0, 0
8201, 1000939, 1, 0, 0
8300, 1024430, 1, 0, 0
8400, 963075, 1, 0, 0
8500, 1028585, 1, 0, 0
8602, 1035440, 1, 0, 0
8700, 994791, 1, 0, 0
8801, 973701, 1, 0, 0
8900, 962191, 1, 0, 0
9000, 967482, 1, 0, 0
9100, 982666, 1, 0, 0
9201, 971901, 1, 0, 0
9300, 987338, 1, 0, 0
9400, 908231, 1, 0, 0
9500, 982291, 1, 0, 0
9600, 938673, 1, 0, 0
9700, 955041, 1, 0, 0
9800, 938570, 1, 0, 0
9900, 951423, 1, 0, 0
10000, 963442, 1, 0, 0
10100, 955475, 1, 0, 0
10200, 946579, 1, 0, 0
10300, 946457, 1, 0, 0
10400, 959138, 1, 0, 0
10500, 989872, 1, 0, 0
10600, 934408, 1, 0, 0
10700, 943391, 1, 0, 0
10800, 917056, 1, 0, 0
10900, 936511, 1, 0, 0
11000, 912607, 1, 0, 0
11100, 950219, 1, 0, 0
11200, 947817, 1, 0, 0
11300, 959748, 1, 0, 0
11400, 966316, 1, 0, 0
11500, 929159, 1, 0, 0
11600, 918859, 1, 0, 0
11700, 908631, 1, 0, 0
11800, 976908, 1, 0, 0
11900, 949428, 1, 0, 0
12000, 999419, 1, 0, 0
12100, 967585, 1, 0, 0
12200, 933067, 1, 0, 0
12300, 996163, 1, 0, 0
12401, 1028547, 1, 0, 0
12500, 988069, 1, 0, 0
12600, 961073, 1, 0, 0
12700, 925895, 1, 0, 0
12800, 944159, 1, 0, 0
12901, 963303, 1, 0, 0
13000, 953790, 1, 0, 0
13100, 1000089, 1, 0, 0
13201, 1025381, 1, 0, 0
13300, 1010832, 1, 0, 0
13400, 1021219, 1, 0, 0
13501, 984926, 1, 0, 0
13600, 933089, 1, 0, 0
13700, 940161, 1, 0, 0
13800, 958153, 1, 0, 0
13900, 902209, 1, 0, 0
14000, 920317, 1, 0, 0
14100, 957552, 1, 0, 0
14200, 923912, 1, 0, 0
14300, 928944, 1, 0, 0
14400, 934221, 1, 0, 0
14500, 949171, 1, 0, 0
14600, 927811, 1, 0, 0
14700, 953840, 1, 0, 0
14800, 886501, 1, 0, 0
14900, 967975, 1, 0, 0
15000, 918342, 1, 0, 0
15100, 928352, 1, 0, 0
15201, 922270, 1, 0, 0
15300, 942640, 1, 0, 0
15400, 937989, 1, 0, 0
15500, 968840, 1, 0, 0
15601, 968363, 1, 0, 0
15700, 986248, 1, 0, 0
15800, 944199, 1, 0, 0
15900, 974310, 1, 0, 0
16000, 959291, 1, 0, 0
16100, 955776, 1, 0, 0
16200, 938285, 1, 0, 0
16300, 963828, 1, 0, 0
16400, 963967, 1, 0, 0
16500, 974448, 1, 0, 0
16600, 920500, 1, 0, 0
16700, 984857, 1, 0, 0
16800, 1000370, 1, 0, 0
16900, 912352, 1, 0, 0
17000, 974420, 1, 0, 0
17100, 957506, 1, 0, 0
17200, 930599, 1, 0, 0
17300, 974578, 1, 0, 0
17400, 926033, 1, 0, 0
17500, 922724, 1, 0, 0
17600, 984003, 1, 0, 0
17700, 1010092, 1, 0, 0
17800, 981227, 1, 0, 0
17900, 966422, 1, 0, 0
18000, 923118, 1, 0, 0
18100, 947763, 1, 0, 0
18200, 910271, 1, 0, 0
18302, 924628, 1, 0, 0
18400, 951767, 1, 0, 0
18500, 981384, 1, 0, 0
18600, 987054, 1, 0, 0
18700, 977753, 1, 0, 0
18800, 940542, 1, 0, 0
18901, 979160, 1, 0, 0
19000, 1074420, 1, 0, 0
19100, 956994, 1, 0, 0
19200, 988878, 1, 0, 0
19300, 971278, 1, 0, 0
19400, 955231, 1, 0, 0
19500, 993371, 1, 0, 0
19600, 970418, 1, 0, 0
19700, 991935, 1, 0, 0
19800, 956438, 1, 0, 0
19900, 964082, 1, 0, 0
20000, 958923, 1, 0, 0
20102, 996740, 1, 0, 0
20200, 940469, 1, 0, 0
20301, 991850, 1, 0, 0
20400, 949306, 1, 0, 0
20500, 973377, 1, 0, 0
20600, 982023, 1, 0, 0
20701, 951086, 1, 0, 0
20800, 923292, 1, 0, 0
20901, 968736, 1, 0, 0
21000, 961046, 1, 0, 0
21100, 947873, 1, 0, 0
21200, 918694, 1, 0, 0
21300, 973098, 1, 0, 0
21400, 1033052, 1, 0, 0
21500, 984125, 1, 0, 0
21600, 973546, 1, 0, 0
21700, 948139, 1, 0, 0
21800, 957963, 1, 0, 0
21900, 947842, 1, 0, 0
22000, 954742, 1, 0, 0
22100, 922633, 1, 0, 0
22200, 1045105, 1, 0, 0
22300, 936292, 1, 0, 0
22400, 968040, 1, 0, 0
22500, 940226, 1, 0, 0
22600, 987011, 1, 0, 0
22700, 966380, 1, 0, 0
22800, 953123, 1, 0, 0
22901, 937291, 1, 0, 0
23000, 968165, 1, 0, 0
23100, 947270, 1, 0, 0
23200, 974437, 1, 0, 0
23300, 964904, 1, 0, 0
23400, 969364, 1, 0, 0
23500, 958584, 1, 0, 0
23600, 914004, 1, 0, 0
23700, 940445, 1, 0, 0
23800, 953874, 1, 0, 0
23900, 970891, 1, 0, 0
24000, 958383, 1, 0, 0
24100, 979328, 1, 0, 0
24200, 987406, 1, 0, 0
24300, 954395, 1, 0, 0
24400, 919862, 1, 0, 0
24500, 978952, 1, 0, 0
24600, 934254, 1, 0, 0
24700, 990547, 1, 0, 0
24800, 968367, 1, 0, 0
24900, 1042967, 1, 0, 0
25000, 960385, 1, 0, 0
25100, 1019386, 1, 0, 0
25200, 994817, 1, 0, 0
25300, 1009108, 1, 0, 0
25401, 965213, 1, 0, 0
25500, 997147, 1, 0, 0
25600, 962819, 1, 0, 0
25700, 988899, 1, 0, 0
25800, 912011, 1, 0, 0
25900, 939029, 1, 0, 0
26000, 955358, 1, 0, 0
26100, 945400, 1, 0, 0
26200, 945450, 1, 0, 0
26300, 983962, 1, 0, 0
26400, 967315, 1, 0, 0
26500, 933561, 1, 0, 0
26600, 942349, 1, 0, 0
26700, 926392, 1, 0, 0
26800, 934744, 1, 0, 0
26900, 864546, 1, 0, 0
27000, 993226, 1, 0, 0
27101, 975428, 1, 0, 0
27200, 952753, 1, 0, 0
27300, 974223, 1, 0, 0
27400, 923166, 1, 0, 0
27500, 966600, 1, 0, 0
27600, 901228, 1, 0, 0
27700, 935369, 1, 0, 0
27800, 1001446, 1, 0, 0
27900, 898745, 1, 0, 0
28000, 895503, 1, 0, 0
28100, 932510, 1, 0, 0
28201, 901070, 1, 0, 0
28300, 949746, 1, 0, 0
28400, 879790, 1, 0, 0
28501, 948286, 1, 0, 0
28600, 951596, 1, 0, 0
28700, 894781, 1, 0, 0
28802, 951952, 1, 0, 0
28900, 954498, 1, 0, 0
29000, 932653, 1, 0, 0
29100, 942987, 1, 0, 0
29200, 985232, 1, 0, 0
29300, 916272, 1, 0, 0
29400, 953838, 1, 0, 0
29500, 904974, 1, 0, 0
29600, 939881, 1, 0, 0
29700, 965768, 1, 0, 0
29800, 901204, 1, 0, 0
29900, 1037397, 1, 0, 0
30000, 939891, 1, 0, 0
30100, 936842, 1, 0, 0
30200, 927080, 1, 0, 0
30300, 918590, 1, 0, 0
30400, 944604, 1, 0, 0
30500, 963798, 1, 0, 0
30601, 968777, 1, 0, 0
30700, 904801, 1, 0, 0
30800, 941934, 1, 0, 0
30900, 906506, 1, 0, 0
31000, 1017783, 1, 0, 0
31100, 946519, 1, 0, 0
31200, 978269, 1, 0, 0
31300, 957328, 1, 0, 0
31400, 978381, 1, 0, 0
31500, 941030, 1, 0, 0
31600, 995056, 1, 0, 0
31700, 949067, 1, 0, 0
31800, 943876, 1, 0, 0
31900, 927587, 1, 0, 0
32000, 940293, 1, 0, 0
32100, 990570, 1, 0, 0
32200, 909372, 1, 0, 0
32300, 973271, 1, 0, 0
32401, 957964, 1, 0, 0
32500, 951285, 1, 0, 0
32600, 970118, 1, 0, 0
32700, 874886, 1, 0, 0
32800, 950459, 1, 0, 0
32900, 916268, 1, 0, 0
33001, 974643, 1, 0, 0
33100, 891681, 1, 0, 0
33200, 925449, 1, 0, 0
33300, 905872, 1, 0, 0
33400, 969919, 1, 0, 0
33500, 892810, 1, 0, 0
33600, 1015816, 1, 0, 0
33700, 970492, 1, 0, 0
33800, 888610, 1, 0, 0
33900, 913145, 1, 0, 0
34000, 963140, 1, 0, 0
34100, 959355, 1, 0, 0
34200, 929544, 1, 0, 0
34300, 921597, 1, 0, 0
34400, 925352, 1, 0, 0
34500, 923239, 1, 0, 0
34600, 871473, 1, 0, 0
34700, 936539, 1, 0, 0
34800, 972911, 1, 0, 0
34900, 924332, 1, 0, 0
35000, 963297, 1, 0, 0
35100, 930260, 1, 0, 0
35200, 988890, 1, 0, 0
35300, 928673, 1, 0, 0
35400, 952321, 1, 0, 0
35500, 1026554, 1, 0, 0
35600, 960596, 1, 0, 0
35700, 927411, 1, 0, 0
35800, 947192, 1, 0, 0
35900, 933285, 1, 0, 0
36000, 1033217, 1, 0, 0
36100, 894742, 1, 0, 0
36200, 887589, 1, 0, 0
36300, 944583, 1, 0, 0
36400, 926618, 1, 0, 0
36500, 933623, 1, 0, 0
36600, 997189, 1, 0, 0
36700, 917908, 1, 0, 0
36800, 951085, 1, 0, 0
36900, 1006985, 1, 0, 0
37000, 915562, 1, 0, 0
37100, 887289, 1, 0, 0
37201, 914993, 1, 0, 0
37301, 969509, 1, 0, 0
37400, 959933, 1, 0, 0
37500, 977975, 1, 0, 0
37600, 957709, 1, 0, 0
37700, 945126, 1, 0, 0
37800, 907966, 1, 0, 0
37900, 977177, 1, 0, 0
38000, 951372, 1, 0, 0
38100, 956995, 1, 0, 0
38200, 911632, 1, 0, 0
38300, 966818, 1, 0, 0
38400, 917038, 1, 0, 0
38500, 957530, 1, 0, 0
38600, 914546, 1, 0, 0
38700, 943179, 1, 0, 0
38800, 963861, 1, 0, 0
38900, 974696, 1, 0, 0
39000, 968835, 1, 0, 0
39100, 1064101, 1, 0, 0
39200, 958546, 1, 0, 0
39300, 940928, 1, 0, 0
39400, 927268, 1, 0, 0
39500, 932552, 1, 0, 0
39600, 980331, 1, 0, 0
39700, 935966, 1, 0, 0
39800, 924677, 1, 0, 0
39900, 978259, 1, 0, 0
40000, 960369, 1, 0, 0
40100, 974944, 1, 0, 0
40200, 956315, 1, 0, 0
40300, 901468, 1, 0, 0
40400, 912406, 1, 0, 0
40500, 955002, 1, 0, 0
40600, 952347, 1, 0, 0
40700, 962994, 1, 0, 0
40800, 931848, 1, 0, 0
40900, 961752, 1, 0, 0
41000, 919507, 1, 0, 0
41100, 977220, 1, 0, 0
41200, 996093, 1, 0, 0
41300, 941346, 1, 0, 0
41400, 937648, 1, 0, 0
41500, 981088, 1, 0, 0
41600, 951254, 1, 0, 0
41700, 953226, 1, 0, 0
41800, 953772, 1, 0, 0
41900, 926950, 1, 0, 0
42000, 959179, 1, 0, 0
42101, 923105, 1, 0, 0
42200, 920301, 1, 0, 0
42300, 938366, 1, 0, 0
42400, 962309, 1, 0, 0
42500, 950631, 1, 0, 0
42600, 967851, 1, 0, 0
42700, 939084, 1, 0, 0
42800, 900138, 1, 0, 0
42900, 943664, 1, 0, 0
43000, 981840, 1, 0, 0
43100, 928650, 1, 0, 0
43200, 891023, 1, 0, 0
43300, 965700, 1, 0, 0
43400, 918057, 1, 0, 0
43500, 960086, 1, 0, 0
43600, 921958, 1, 0, 0
43701, 947512, 1, 0, 0
43800, 927245, 1, 0, 0
43900, 927569, 1, 0, 0
44000, 906404, 1, 0, 0
44100, 964690, 1, 0, 0
44200, 962585, 1, 0, 0
44300, 957717, 1, 0, 0
44400, 921827, 1, 0, 0
44500, 923937, 1, 0, 0
44600, 959084, 1, 0, 0
44700, 933833, 1, 0, 0
44800, 952798, 1, 0, 0
44901, 891307, 1, 0, 0
45000, 947322, 1, 0, 0
45100, 913855, 1, 0, 0
45200, 968775, 1, 0, 0
45300, 928472, 1, 0, 0
45400, 904947, 1, 0, 0
45500, 980313, 1, 0, 0
45600, 943191, 1, 0, 0
45700, 945045, 1, 0, 0
45800, 911206, 1, 0, 0
45900, 1016763, 1, 0, 0
46000, 946569, 1, 0, 0
46100, 914534, 1, 0, 0
46200, 995635, 1, 0, 0
46300, 963758, 1, 0, 0
46400, 957998, 1, 0, 0
46500, 963204, 1, 0, 0
46600, 971750, 1, 0, 0
46700, 980465, 1, 0, 0
46800, 937022, 1, 0, 0
46900, 918107, 1, 0, 0
47001, 966490, 1, 0, 0
47100, 914843, 1, 0, 0
47200, 909417, 1, 0, 0
47300, 920687, 1, 0, 0
47400, 976733, 1, 0, 0
47500, 929038, 1, 0, 0
47600, 956152, 1, 0, 0
47700, 959639, 1, 0, 0
47800, 954924, 1, 0, 0
47900, 947063, 1, 0, 0
48000, 891181, 1, 0, 0
48100, 900862, 1, 0, 0
48200, 885463, 1, 0, 0
48300, 888166, 1, 0, 0
48400, 972260, 1, 0, 0
48500, 947901, 1, 0, 0
48600, 919017, 1, 0, 0
48700, 939935, 1, 0, 0
48800, 974593, 1, 0, 0
48900, 938141, 1, 0, 0
49001, 945787, 1, 0, 0
49100, 960512, 1, 0, 0
49200, 955452, 1, 0, 0
49301, 951119, 1, 0, 0
49400, 939308, 1, 0, 0
49500, 990920, 1, 0, 0
49600, 1016585, 1, 0, 0
49701, 950156, 1, 0, 0
49800, 906878, 1, 0, 0
49900, 928383, 1, 0, 0
50000, 950363, 1, 0, 0
50100, 996345, 1, 0, 0
50200, 993448, 1, 0, 0
50300, 978194, 1, 0, 0
50400, 940295, 1, 0, 0
50500, 980637, 1, 0, 0
50600, 911464, 1, 0, 0
50700, 905117, 1, 0, 0
50800, 980005, 1, 0, 0
50900, 950439, 1, 0, 0
51000, 938474, 1, 0, 0
51100, 901575, 1, 0, 0
51200, 898444, 1, 0, 0
51300, 895084, 1, 0, 0
51400, 937931, 1, 0, 0
51501, 967371, 1, 0, 0
51600, 981235, 1, 0, 0
51700, 936627, 1, 0, 0
51800, 927396, 1, 0, 0
51900, 956222, 1, 0, 0
52000, 931143, 1, 0, 0
52101, 1025226, 1, 0, 0
52201, 925209, 1, 0, 0
52300, 944483, 1, 0, 0
52400, 948359, 1, 0, 0
52500, 961672, 1, 0, 0
52600, 946065, 1, 0, 0
52700, 919567, 1, 0, 0
52800, 919544, 1, 0, 0
52900, 1027360, 1, 0, 0
53000, 969080, 1, 0, 0
53100, 1006510, 1, 0, 0
53200, 936249, 1, 0, 0
53300, 961449, 1, 0, 0
53400, 871399, 1, 0, 0
53500, 952941, 1, 0, 0
53600, 962578, 1, 0, 0
53700, 963331, 1, 0, 0
53800, 974675, 1, 0, 0
53900, 924413, 1, 0, 0
54000, 978709, 1, 0, 0
54100, 956569, 1, 0, 0
54200, 971686, 1, 0, 0
54300, 918967, 1, 0, 0
54400, 907979, 1, 0, 0
54500, 979812, 1, 0, 0
54600, 923027, 1, 0, 0
54700, 928334, 1, 0, 0
54800, 936919, 1, 0, 0
54900, 976928, 1, 0, 0
55000, 915103, 1, 0, 0
55100, 927190, 1, 0, 0
55200, 963972, 1, 0, 0
55300, 969985, 1, 0, 0
55400, 919030, 1, 0, 0
55500, 955220, 1, 0, 0
55600, 980660, 1, 0, 0
55700, 926574, 1, 0, 0
55800, 928664, 1, 0, 0
55900, 954872, 1, 0, 0
56000, 928902, 1, 0, 0
56101, 953388, 1, 0, 0
56200, 958114, 1, 0, 0
56300, 985955, 1, 0, 0
56400, 1001006, 1, 0, 0
56500, 942519, 1, 0, 0
56600, 985295, 1, 0, 0
56700, 983017, 1, 0, 0
56800, 938273, 1, 0, 0
56900, 944990, 1, 0, 0
57000, 963911, 1, 0, 0
57100, 1006467, 1, 0, 0
57201, 923252, 1, 0, 0
57300, 941602, 1, 0, 0
57400, 966103, 1, 0, 0
57500, 1001135, 1, 0, 0
57600, 912794, 1, 0, 0
57700, 953673, 1, 0, 0
57800, 931379, 1, 0, 0
57900, 926259, 1, 0, 0
58000, 942317, 1, 0, 0
58100, 913473, 1, 0, 0
58200, 926208, 1, 0, 0
58300, 912764, 1, 0, 0
58400, 915005, 1, 0, 0
58500, 963820, 1, 0, 0
58600, 972363, 1, 0, 0
58700, 929974, 1, 0, 0
58800, 913782, 1, 0, 0
58900, 959013, 1, 0, 0
59000, 936556, 1, 0, 0
59100, 916707, 1, 0, 0
59200, 928255, 1, 0, 0
59300, 915918, 1, 0, 0
59400, 988413, 1, 0, 0
59500, 954574, 1, 0, 0
59600, 986728, 1, 0, 0
59700, 928589, 1, 0, 0
59800, 987583, 1, 0, 0
59900, 907162, 1, 0, 0
60000, 947524, 1, 0, 0
60100, 908561, 1, 0, 0
60200, 920996, 1, 0, 0
60300, 952568, 1, 0, 0
60400, 929072, 1, 0, 0
60500, 956948, 1, 0, 0
60600, 925371, 1, 0, 0
60700, 952483, 1, 0, 0
60800, 934179, 1, 0, 0
60900, 906906, 1, 0, 0
61000, 949860, 1, 0, 0
61100, 932648, 1, 0, 0
61200, 960278, 1, 0, 0
61300, 949356, 1, 0, 0
61400, 896170, 1, 0, 0
61500, 940666, 1, 0, 0
61600, 943022, 1, 0, 0
61700, 974304, 1, 0, 0
61800, 957607, 1, 0, 0
61900, 956789, 1, 0, 0
62000, 933692, 1, 0, 0
62100, 951349, 1, 0, 0
62200, 907167, 1, 0, 0
62300, 960660, 1, 0, 0
62400, 956386, 1, 0, 0
62500, 945104, 1, 0, 0
62601, 913950, 1, 0, 0
62700, 951869, 1, 0, 0
62800, 966517, 1, 0, 0
62900, 927785, 1, 0, 0
63000, 910066, 1, 0, 0
63100, 929714, 1, 0, 0
63200, 947278, 1, 0, 0
63300, 931886, 1, 0, 0
63400, 923743, 1, 0, 0
63500, 933812, 1, 0, 0
63600, 958336, 1, 0, 0
63700, 937306, 1, 0, 0
63800, 948417, 1, 0, 0
63900, 913805, 1, 0, 0
64000, 974948, 1, 0, 0
64100, 936475, 1, 0, 0
64200, 899827, 1, 0, 0
64300, 945517, 1, 0, 0
64400, 914261, 1, 0, 0
64500, 917841, 1, 0, 0
64600, 934146, 1, 0, 0
64700, 931770, 1, 0, 0
64800, 933716, 1, 0, 0
64900, 952079, 1, 0, 0
65000, 892295, 1, 0, 0
65100, 986448, 1, 0, 0
65200, 948715, 1, 0, 0
65300, 938182, 1, 0, 0
65400, 961602, 1, 0, 0
65500, 966441, 1, 0, 0
65600, 964080, 1, 0, 0
65700, 952253, 1, 0, 0
65800, 987911, 1, 0, 0
65900, 975911, 1, 0, 0
66000, 984346, 1, 0, 0
66100, 973006, 1, 0, 0
66200, 975814, 1, 0, 0
66300, 920970, 1, 0, 0
66400, 955362, 1, 0, 0
66500, 949858, 1, 0, 0
66600, 905949, 1, 0, 0
66700, 964977, 1, 0, 0
66800, 898278, 1, 0, 0
66900, 967770, 1, 0, 0
67000, 911922, 1, 0, 0
67100, 939976, 1, 0, 0
67200, 916486, 1, 0, 0
67302, 859306, 1, 0, 0
67400, 941344, 1, 0, 0
67500, 947088, 1, 0, 0
67600, 923300, 1, 0, 0
67700, 987910, 1, 0, 0
67800, 921749, 1, 0, 0
67900, 928290, 1, 0, 0
68000, 984256, 1, 0, 0
68100, 989940, 1, 0, 0
68200, 938398, 1, 0, 0
68300, 1005919, 1, 0, 0
68400, 921727, 1, 0, 0
68500, 955955, 1, 0, 0
68600, 1001708, 1, 0, 0
68700, 964330, 1, 0, 0
68800, 975331, 1, 0, 0
68900, 974989, 1, 0, 0
69000, 926330, 1, 0, 0
69100, 915299, 1, 0, 0
69200, 890334, 1, 0, 0
69300, 954004, 1, 0, 0
69401, 912904, 1, 0, 0
69500, 979933, 1, 0, 0
69600, 954567, 1, 0, 0
69700, 908671, 1, 0, 0
69800, 968641, 1, 0, 0
69901, 958926, 1, 0, 0
70000, 907223, 1, 0, 0
70100, 933027, 1, 0, 0
70200, 1021268, 1, 0, 0
70301, 944850, 1, 0, 0
70400, 966821, 1, 0, 0
70500, 962887, 1, 0, 0
70600, 1023251, 1, 0, 0
70700, 911967, 1, 0, 0
70800, 941008, 1, 0, 0
70900, 915088, 1, 0, 0
71000, 972311, 1, 0, 0
71100, 953731, 1, 0, 0
71200, 923273, 1, 0, 0
71300, 959882, 1, 0, 0
71400, 955479, 1, 0, 0
71500, 945792, 1, 0, 0
71600, 943966, 1, 0, 0
71700, 891827, 1, 0, 0
71800, 979103, 1, 0, 0
71900, 907853, 1, 0, 0
72000, 946547, 1, 0, 0
72101, 960075, 1, 0, 0
72200, 973016, 1, 0, 0
72300, 1057530, 1, 0, 0
72400, 914001, 1, 0, 0
72500, 972015, 1, 0, 0
72600, 925737, 1, 0, 0
72700, 948720, 1, 0, 0
72800, 951365, 1, 0, 0
72900, 925717, 1, 0, 0
73001, 988780, 1, 0, 0
73100, 925071, 1, 0, 0
73200, 959962, 1, 0, 0
73300, 917486, 1, 0, 0
73400, 950562, 1, 0, 0
73500, 942636, 1, 0, 0
73600, 933377, 1, 0, 0
73702, 927832, 1, 0, 0
73800, 960386, 1, 0, 0
73900, 941117, 1, 0, 0
74000, 865662, 1, 0, 0
74100, 984189, 1, 0, 0
74200, 959810, 1, 0, 0
74300, 942993, 1, 0, 0
74400, 979483, 1, 0, 0
74501, 932572, 1, 0, 0
74600, 978113, 1, 0, 0
74700, 966016, 1, 0, 0
74800, 922293, 1, 0, 0
74900, 909673, 1, 0, 0
75000, 916020, 1, 0, 0
75100, 916766, 1, 0, 0
75200, 951860, 1, 0, 0
75300, 952594, 1, 0, 0
75400, 949423, 1, 0, 0
75500, 958674, 1, 0, 0
75600, 917096, 1, 0, 0
75700, 952995, 1, 0, 0
75800, 947394, 1, 0, 0
75900, 1010502, 1, 0, 0
76000, 931180, 1, 0, 0
76100, 930776, 1, 0, 0
76200, 962413, 1, 0, 0
76301, 972800, 1, 0, 0
76400, 1021708, 1, 0, 0
76500, 960691, 1, 0, 0
76600, 1038586, 1, 0, 0
76700, 964363, 1, 0, 0
76800, 933079, 1, 0, 0
76901, 896165, 1, 0, 0
77000, 971492, 1, 0, 0
77100, 1001214, 1, 0, 0
77200, 944161, 1, 0, 0
77300, 884895, 1, 0, 0
77400, 895064, 1, 0, 0
77500, 938821, 1, 0, 0
77600, 920833, 1, 0, 0
77700, 980509, 1, 0, 0
77800, 977722, 1, 0, 0
77900, 890455, 1, 0, 0
78000, 924572, 1, 0, 0
78100, 921547, 1, 0, 0
78200, 900051, 1, 0, 0
78300, 891303, 1, 0, 0
78400, 929077, 1, 0, 0
78500, 939812, 1, 0, 0
78600, 918481, 1, 0, 0
78700, 950837, 1, 0, 0
78800, 999545, 1, 0, 0
78900, 958658, 1, 0, 0
79000, 903653, 1, 0, 0
79100, 923032, 1, 0, 0
79200, 927981, 1, 0, 0
79300, 917481, 1, 0, 0
79400, 912489, 1, 0, 0
79500, 944844, 1, 0, 0
79600, 904733, 1, 0, 0
79700, 896939, 1, 0, 0
79800, 923944, 1, 0, 0
79900, 941552, 1, 0, 0
80000, 965721, 1, 0, 0
80100, 924087, 1, 0, 0
80200, 919544, 1, 0, 0
80300, 978323, 1, 0, 0
80400, 949070, 1, 0, 0
80500, 916663, 1, 0, 0
80600, 960691, 1, 0, 0
80700, 978826, 1, 0, 0
80800, 952380, 1, 0, 0
80900, 907572, 1, 0, 0
81000, 879323, 1, 0, 0
81100, 984341, 1, 0, 0
81200, 950205, 1, 0, 0
81300, 918488, 1, 0, 0
81400, 938318, 1, 0, 0
81500, 915195, 1, 0, 0
81600, 922252, 1, 0, 0
81700, 886933, 1, 0, 0
81801, 975395, 1, 0, 0
81900, 940361, 1, 0, 0
82000, 927062, 1, 0, 0
82100, 919192, 1, 0, 0
82200, 970000, 1, 0, 0
82301, 938391, 1, 0, 0
82400, 960796, 1, 0, 0
82500, 941520, 1, 0, 0
82600, 962064, 1, 0, 0
82700, 917226, 1, 0, 0
82800, 906517, 1, 0, 0
82900, 949806, 1, 0, 0
83000, 962303, 1, 0, 0
83100, 919002, 1, 0, 0
83200, 887829, 1, 0, 0
83300, 959999, 1, 0, 0
83400, 905501, 1, 0, 0
83500, 892293, 1, 0, 0
83600, 953641, 1, 0, 0
83700, 935829, 1, 0, 0
83800, 906854, 1, 0, 0
83901, 937403, 1, 0, 0
84000, 1021344, 1, 0, 0
84100, 948200, 1, 0, 0
84200, 983897, 1, 0, 0
84300, 929891, 1, 0, 0
84400, 955818, 1, 0, 0
84500, 934517, 1, 0, 0
84600, 951652, 1, 0, 0
84700, 922339, 1, 0, 0
84802, 969601, 1, 0, 0
84900, 898215, 1, 0, 0
85000, 925555, 1, 0, 0
85101, 982300, 1, 0, 0
85200, 919908, 1, 0, 0
85300, 906518, 1, 0, 0
85400, 931592, 1, 0, 0
85500, 964190, 1, 0, 0
85600, 1003163, 1, 0, 0
85700, 952136, 1, 0, 0
85800, 939480, 1, 0, 0
85900, 954434, 1, 0, 0
86000, 975044, 1, 0, 0
86100, 933974, 1, 0, 0
86200, 983295, 1, 0, 0
86300, 927638, 1, 0, 0
86400, 923938, 1, 0, 0
86500, 926723, 1, 0, 0
86600, 922919, 1, 0, 0
86700, 929270, 1, 0, 0
86800, 912267, 1, 0, 0
86900, 902060, 1, 0, 0
87000, 886584, 1, 0, 0
87100, 887417, 1, 0, 0
87200, 985302, 1, 0, 0
87300, 965360, 1, 0, 0
87400, 985018, 1, 0, 0
87500, 917837, 1, 0, 0
87600, 901391, 1, 0, 0
87700, 914105, 1, 0, 0
87800, 915046, 1, 0, 0
87900, 935401, 1, 0, 0
88001, 900284, 1, 0, 0
88100, 908408, 1, 0, 0
88200, 914705, 1, 0, 0
88300, 926446, 1, 0, 0
88400, 949685, 1, 0, 0
88500, 912163, 1, 0, 0
88600, 941895, 1, 0, 0
88701, 913103, 1, 0, 0
88800, 911657, 1, 0, 0
88900, 938324, 1, 0, 0
89000, 904653, 1, 0, 0
89100, 939253, 1, 0, 0
89200, 932765, 1, 0, 0
89300, 900770, 1, 0, 0
89400, 918864, 1, 0, 0
89500, 957398, 1, 0, 0
89600, 958666, 1, 0, 0
89700, 933164, 1, 0, 0
89800, 934085, 1, 0, 0
89900, 912943, 1, 0, 0
90000, 958195, 1, 0, 0
90100, 995609, 1, 0, 0
90200, 904226, 1, 0, 0
90300, 908418, 1, 0, 0
90400, 901017, 1, 0, 0
90500, 929939, 1, 0, 0
90600, 884855, 1, 0, 0
90700, 905581, 1, 0, 0
90800, 957956, 1, 0, 0
90900, 958763, 1, 0, 0
91000, 970203, 1, 0, 0
91100, 922969, 1, 0, 0
91200, 942882, 1, 0, 0
91300, 931727, 1, 0, 0
91400, 884544, 1, 0, 0
91500, 917739, 1, 0, 0
91600, 982854, 1, 0, 0
91700, 936441, 1, 0, 0
91800, 954237, 1, 0, 0
91900, 962850, 1, 0, 0
92000, 960067, 1, 0, 0
92100, 917212, 1, 0, 0
92200, 937986, 1, 0, 0
92300, 942543, 1, 0, 0
92400, 898071, 1, 0, 0
92500, 980058, 1, 0, 0
92600, 973364, 1, 0, 0
92700, 971088, 1, 0, 0
92800, 921125, 1, 0, 0
92901, 944761, 1, 0, 0
93000, 910001, 1, 0, 0
93100, 938119, 1, 0, 0
93200, 906194, 1, 0, 0
93300, 939120, 1, 0, 0
93400, 948472, 1, 0, 0
93500, 958062, 1, 0, 0
93600, 889279, 1, 0, 0
93700, 988864, 1, 0, 0
93800, 943868, 1, 0, 0
93900, 918760, 1, 0, 0
94000, 924867, 1, 0, 0
94100, 974611, 1, 0, 0
94200, 945017, 1, 0, 0
94300, 915245, 1, 0, 0
94400, 957588, 1, 0, 0
94500, 915541, 1, 0, 0
94600, 893170, 1, 0, 0
94700, 923826, 1, 0, 0
94800, 978345, 1, 0, 0
94901, 1038361, 1, 0, 0
95000, 951318, 1, 0, 0
95100, 948214, 1, 0, 0
95200, 992651, 1, 0, 0
95300, 940633, 1, 0, 0
95400, 917355, 1, 0, 0
95500, 951603, 1, 0, 0
95600, 909267, 1, 0, 0
95700, 929786, 1, 0, 0
95800, 899254, 1, 0, 0
95901, 927535, 1, 0, 0
96000, 956693, 1, 0, 0
96100, 890585, 1, 0, 0
96200, 921403, 1, 0, 0
96300, 954567, 1, 0, 0
96400, 917357, 1, 0, 0
96500, 931217, 1, 0, 0
96600, 936159, 1, 0, 0
96700, 990131, 1, 0, 0
96800, 942249, 1, 0, 0
96900, 948659, 1, 0, 0
97000, 926054, 1, 0, 0
97100, 906322, 1, 0, 0
97200, 922601, 1, 0, 0
97300, 902445, 1, 0, 0
97400, 916059, 1, 0, 0
97500, 917851, 1, 0, 0
97600, 927590, 1, 0, 0
97700, 962339, 1, 0, 0
97800, 920547, 1, 0, 0
97900, 898424, 1, 0, 0
98000, 963814, 1, 0, 0
98100, 941254, 1, 0, 0
98200, 925916, 1, 0, 0
98300, 957147, 1, 0, 0
98400, 929616, 1, 0, 0
98500, 992664, 1, 0, 0
98600, 968410, 1, 0, 0
98701, 900164, 1, 0, 0
98800, 1001683, 1, 0, 0
98900, 936891, 1, 0, 0
99000, 930442, 1, 0, 0
99100, 919449, 1, 0, 0
99200, 938338, 1, 0, 0
99300, 950450, 1, 0, 0
99400, 897337, 1, 0, 0
99500, 938358, 1, 0, 0
99600, 947025, 1, 0, 0
99700, 943529, 1, 0, 0
99800, 956950, 1, 0, 0
99900, 911420, 1, 0, 0
100000, 960701, 1, 0, 0
100100, 921104, 1, 0, 0
100200, 960712, 1, 0, 0
100300, 926564, 1, 0, 0
100400, 936619, 1, 0, 0
100500, 926058, 1, 0, 0
100600, 952356, 1, 0, 0
100701, 982723, 1, 0, 0
100800, 963061, 1, 0, 0
100900, 941959, 1, 0, 0
101000, 936084, 1, 0, 0
101100, 974057, 1, 0, 0
101200, 973939, 1, 0, 0
101300, 942347, 1, 0, 0
101400, 923170, 1, 0, 0
101501, 956837, 1, 0, 0
101600, 942541, 1, 0, 0
101700, 929151, 1, 0, 0
101800, 983042, 1, 0, 0
101900, 944703, 1, 0, 0
102000, 927111, 1, 0, 0
102100, 964173, 1, 0, 0
102200, 964833, 1, 0, 0
102300, 953117, 1, 0, 0
102400, 975737, 1, 0, 0
102500, 907465, 1, 0, 0
102600, 941792, 1, 0, 0
102700, 935419, 1, 0, 0
102800, 973583, 1, 0, 0
102900, 917948, 1, 0, 0
103000, 979940, 1, 0, 0
103100, 919144, 1, 0, 0
103200, 962177, 1, 0, 0
103301, 989844, 1, 0, 0
103400, 951578, 1, 0, 0
103500, 943762, 1, 0, 0
103600, 964344, 1, 0, 0
103700, 985758, 1, 0, 0
103800, 979282, 1, 0, 0
103900, 947337, 1, 0, 0
104000, 941607, 1, 0, 0
104100, 920655, 1, 0, 0
104200, 956458, 1, 0, 0
104300, 952938, 1, 0, 0
104400, 961588, 1, 0, 0
104500, 937893, 1, 0, 0
104600, 978140, 1, 0, 0
104700, 1015733, 1, 0, 0
104800, 950110, 1, 0, 0
104900, 982761, 1, 0, 0
105000, 963075, 1, 0, 0
105100, 951436, 1, 0, 0
105200, 936228, 1, 0, 0
105300, 909090, 1, 0, 0
105400, 931992, 1, 0, 0
105500, 1009962, 1, 0, 0
105600, 952774, 1, 0, 0
105700, 896111, 1, 0, 0
105800, 953447, 1, 0, 0
105900, 913158, 1, 0, 0
106000, 948616, 1, 0, 0
106100, 930410, 1, 0, 0
106201, 999844, 1, 0, 0
106300, 930079, 1, 0, 0
106400, 961975, 1, 0, 0
106500, 944336, 1, 0, 0
106600, 984049, 1, 0, 0
106700, 981155, 1, 0, 0
106800, 976409, 1, 0, 0
106900, 927011, 1, 0, 0
107000, 1048617, 1, 0, 0
107100, 969440, 1, 0, 0
107200, 905150, 1, 0, 0
107300, 947044, 1, 0, 0
107400, 874684, 1, 0, 0
107500, 963183, 1, 0, 0
107600, 937210, 1, 0, 0
107700, 932361, 1, 0, 0
107800, 904494, 1, 0, 0
107900, 916971, 1, 0, 0
108000, 972388, 1, 0, 0
108100, 936907, 1, 0, 0
108200, 963958, 1, 0, 0
108300, 952555, 1, 0, 0
108400, 980213, 1, 0, 0
108500, 914420, 1, 0, 0
108600, 905120, 1, 0, 0
108700, 942022, 1, 0, 0
108800, 948623, 1, 0, 0
108900, 925239, 1, 0, 0
109000, 947625, 1, 0, 0
109102, 940523, 1, 0, 0
109200, 980890, 1, 0, 0
109300, 959467, 1, 0, 0
109400, 925239, 1, 0, 0
109500, 1005168, 1, 0, 0
109600, 980557, 1, 0, 0
109701, 944039, 1, 0, 0
109800, 953059, 1, 0, 0
109900, 937720, 1, 0, 0
110000, 959466, 1, 0, 0
110100, 924532, 1, 0, 0
110200, 977955, 1, 0, 0
110300, 937853, 1, 0, 0
110400, 890355, 1, 0, 0
110500, 916296, 1, 0, 0
110600, 988075, 1, 0, 0
110700, 971819, 1, 0, 0
110800, 911553, 1, 0, 0
110900, 922228, 1, 0, 0
111000, 899177, 1, 0, 0
111100, 950436, 1, 0, 0
111200, 911495, 1, 0, 0
111300, 949382, 1, 0, 0
111400, 986710, 1, 0, 0
111500, 999686, 1, 0, 0
111600, 969018, 1, 0, 0
111700, 982583, 1, 0, 0
111800, 971079, 1, 0, 0
111900, 923194, 1, 0, 0
112000, 933211, 1, 0, 0
112100, 922179, 1, 0, 0
112200, 961046, 1, 0, 0
112300, 934132, 1, 0, 0
112400, 990074, 1, 0, 0
112500, 936680, 1, 0, 0
112600, 931457, 1, 0, 0
112701, 975710, 1, 0, 0
112800, 955359, 1, 0, 0
112900, 912857, 1, 0, 0
113000, 949815, 1, 0, 0
113101, 964654, 1, 0, 0
113200, 927555, 1, 0, 0
113300, 937299, 1, 0, 0
113400, 910373, 1, 0, 0
113500, 933622, 1, 0, 0
113600, 915707, 1, 0, 0
113700, 975644, 1, 0, 0
113800, 968754, 1, 0, 0
113900, 929729, 1, 0, 0
114000, 884514, 1, 0, 0
114100, 959508, 1, 0, 0
114201, 946268, 1, 0, 0
114301, 969199, 1, 0, 0
114400, 931852, 1, 0, 0
114500, 942803, 1, 0, 0
114600, 939974, 1, 0, 0
114700, 912611, 1, 0, 0
114800, 1015582, 1, 0, 0
114900, 954008, 1, 0, 0
115001, 1022665, 1, 0, 0
115100, 957043, 1, 0, 0
115200, 915713, 1, 0, 0
115300, 915487, 1, 0, 0
115400, 957731, 1, 0, 0
115500, 992460, 1, 0, 0
115601, 924706, 1, 0, 0
115700, 969676, 1, 0, 0
115800, 981329, 1, 0, 0
115900, 967795, 1, 0, 0
116000, 969560, 1, 0, 0
116100, 940985, 1, 0, 0
116200, 987473, 1, 0, 0
116300, 996778, 1, 0, 0
116400, 976468, 1, 0, 0
116500, 1022544, 1, 0, 0
116600, 1010749, 1, 0, 0
116700, 982416, 1, 0, 0
116800, 954290, 1, 0, 0
116900, 937647, 1, 0, 0
117000, 975827, 1, 0, 0
117100, 982529, 1, 0, 0
117200, 925872, 1, 0, 0
117300, 953865, 1, 0, 0
117400, 951155, 1, 0, 0
117500, 955295, 1, 0, 0
117600, 910856, 1, 0, 0
117700, 941333, 1, 0, 0
117800, 961894, 1, 0, 0
117900, 924620, 1, 0, 0
118000, 970976, 1, 0, 0
118101, 929414, 1, 0, 0
118200, 978944, 1, 0, 0
118300, 944491, 1, 0, 0
118400, 979753, 1, 0, 0
118500, 932225, 1, 0, 0
118600, 956762, 1, 0, 0
118700, 978454, 1, 0, 0
118801, 972449, 1, 0, 0
118900, 944233, 1, 0, 0
119000, 934658, 1, 0, 0
119100, 948382, 1, 0, 0
119200, 984674, 1, 0, 0
119300, 934364, 1, 0, 0
119400, 910073, 1, 0, 0
119500, 922628, 1, 0, 0
119600, 942595, 1, 0, 0
119700, 946369, 1, 0, 0
119800, 951199, 1, 0, 0
119900, 972299, 1, 0, 0
120000, 951682, 1, 0, 0
120100, 887231, 1, 0, 0
120200, 906806, 1, 0, 0
120300, 919226, 1, 0, 0
120400, 939662, 1, 0, 0
120500, 900977, 1, 0, 0
120600, 936224, 1, 0, 0
120700, 947531, 1, 0, 0
120800, 942087, 1, 0, 0
120900, 952024, 1, 0, 0
121000, 962277, 1, 0, 0
121101, 986976, 1, 0, 0
121200, 962481, 1, 0, 0
121300, 955333, 1, 0, 0
121400, 1020417, 1, 0, 0
121500, 1018730, 1, 0, 0
121600, 986263, 1, 0, 0
121700, 950726, 1, 0, 0
121800, 988588, 1, 0, 0
121900, 977049, 1, 0, 0
122000, 903351, 1, 0, 0
122100, 925644, 1, 0, 0
122200, 943302, 1, 0, 0
122300, 952206, 1, 0, 0
122400, 913383, 1, 0, 0
122500, 931152, 1, 0, 0
122600, 949135, 1, 0, 0
122700, 886730, 1, 0, 0
122800, 924164, 1, 0, 0
122900, 955049, 1, 0, 0
123000, 938242, 1, 0, 0
123100, 1006054, 1, 0, 0
123200, 981372, 1, 0, 0
123300, 995154, 1, 0, 0
123400, 988529, 1, 0, 0
123500, 985751, 1, 0, 0
123600, 924332, 1, 0, 0
123700, 976281, 1, 0, 0
123800, 925789, 1, 0, 0
123900, 951489, 1, 0, 0
124000, 920426, 1, 0, 0
124100, 919746, 1, 0, 0
124200, 913051, 1, 0, 0
124300, 970625, 1, 0, 0
124400, 902575, 1, 0, 0
124500, 960398, 1, 0, 0
124600, 960945, 1, 0, 0
124700, 975457, 1, 0, 0
124800, 960855, 1, 0, 0
124900, 927162, 1, 0, 0
125000, 954042, 1, 0, 0
125100, 936088, 1, 0, 0
125200, 934988, 1, 0, 0
125300, 935851, 1, 0, 0
125400, 980370, 1, 0, 0
125500, 923382, 1, 0, 0
125600, 922505, 1, 0, 0
125700, 927056, 1, 0, 0
125800, 956650, 1, 0, 0
125900, 1003025, 1, 0, 0
126000, 993142, 1, 0, 0
126100, 937434, 1, 0, 0
126200, 922747, 1, 0, 0
126300, 962003, 1, 0, 0
126400, 964618, 1, 0, 0
126500, 926371, 1, 0, 0
126600, 943587, 1, 0, 0
126700, 899885, 1, 0, 0
126800, 903710, 1, 0, 0
126900, 926318, 1, 0, 0
127000, 900123, 1, 0, 0
127100, 959688, 1, 0, 0
127200, 965232, 1, 0, 0
127300, 956467, 1, 0, 0
127400, 963584, 1, 0, 0
127500, 910826, 1, 0, 0
127600, 903670, 1, 0, 0
127700, 954582, 1, 0, 0
127800, 946339, 1, 0, 0
127901, 910625, 1, 0, 0
128000, 907543, 1, 0, 0
128100, 904921, 1, 0, 0
128200, 1033227, 1, 0, 0
128300, 905236, 1, 0, 0
128400, 923007, 1, 0, 0
128500, 960097, 1, 0, 0
128600, 948703, 1, 0, 0
128700, 909058, 1, 0, 0
128800, 888218, 1, 0, 0
128900, 935782, 1, 0, 0
129000, 984001, 1, 0, 0
129100, 915083, 1, 0, 0
129200, 993966, 1, 0, 0
129300, 946675, 1, 0, 0
129400, 921461, 1, 0, 0
129500, 939948, 1, 0, 0
129600, 976903, 1, 0, 0
129700, 961258, 1, 0, 0
129800, 950283, 1, 0, 0
129900, 939493, 1, 0, 0
130000, 968295, 1, 0, 0
130100, 918006, 1, 0, 0
130200, 902023, 1, 0, 0
130300, 968657, 1, 0, 0
130400, 929273, 1, 0, 0
130500, 950532, 1, 0, 0
130600, 958229, 1, 0, 0
130700, 950655, 1, 0, 0
130800, 989892, 1, 0, 0
130900, 918536, 1, 0, 0
131000, 892299, 1, 0, 0
131100, 952520, 1, 0, 0
131200, 954362, 1, 0, 0
131300, 933850, 1, 0, 0
131401, 915932, 1, 0, 0
131500, 924775, 1, 0, 0
131600, 954755, 1, 0, 0
131700, 901548, 1, 0, 0
131800, 909478, 1, 0, 0
131901, 952493, 1, 0, 0
132000, 960306, 1, 0, 0
132100, 914571, 1, 0, 0
132200, 941340, 1, 0, 0
132300, 924962, 1, 0, 0
132400, 946768, 1, 0, 0
132500, 907549, 1, 0, 0
132600, 941988, 1, 0, 0
132700, 957747, 1, 0, 0
132800, 933347, 1, 0, 0
132900, 912143, 1, 0, 0
133000, 900450, 1, 0, 0
133101, 933056, 1, 0, 0
133200, 935314, 1, 0, 0
133300, 941618, 1, 0, 0
133400, 978717, 1, 0, 0
133500, 911680, 1, 0, 0
133600, 904402, 1, 0, 0
133700, 928630, 1, 0, 0
133800, 902491, 1, 0, 0
133900, 908050, 1, 0, 0
134000, 980241, 1, 0, 0
134100, 937394, 1, 0, 0
134200, 973541, 1, 0, 0
134300, 936485, 1, 0, 0
134400, 971283, 1, 0, 0
134500, 1024181, 1, 0, 0
134601, 959716, 1, 0, 0
134700, 1005563, 1, 0, 0
134800, 945220, 1, 0, 0
134900, 945282, 1, 0, 0
135000, 896461, 1, 0, 0
135100, 897948, 1, 0, 0
135200, 919847, 1, 0, 0
135301, 915590, 1, 0, 0
135400, 931864, 1, 0, 0
135500, 915775, 1, 0, 0
135600, 946149, 1, 0, 0
135700, 894137, 1, 0, 0
135800, 939798, 1, 0, 0
135900, 956562, 1, 0, 0
136000, 991266, 1, 0, 0
136100, 902620, 1, 0, 0
136200, 891194, 1, 0, 0
136300, 973993, 1, 0, 0
136400, 929597, 1, 0, 0
136500, 922092, 1, 0, 0
136601, 908188, 1, 0, 0
136700, 986045, 1, 0, 0
136800, 921083, 1, 0, 0
136900, 913101, 1, 0, 0
137000, 960323, 1, 0, 0
137100, 926747, 1, 0, 0
137200, 915375, 1, 0, 0
137300, 953195, 1, 0, 0
137400, 940997, 1, 0, 0
137500, 906961, 1, 0, 0
137600, 912315, 1, 0, 0
137700, 918950, 1, 0, 0
137800, 926395, 1, 0, 0
137900, 927781, 1, 0, 0
138000, 940240, 1, 0, 0
138101, 935202, 1, 0, 0
138200, 953507, 1, 0, 0
138301, 1001858, 1, 0, 0
138400, 980434, 1, 0, 0
138500, 961269, 1, 0, 0
138600, 928074, 1, 0, 0
138700, 925743, 1, 0, 0
138800, 931143, 1, 0, 0
138900, 932670, 1, 0, 0
139000, 894482, 1, 0, 0
139100, 909024, 1, 0, 0
139200, 964373, 1, 0, 0
139300, 978451, 1, 0, 0
139400, 890913, 1, 0, 0
139500, 981385, 1, 0, 0
139600, 997829, 1, 0, 0
139700, 934674, 1, 0, 0
139800, 984533, 1, 0, 0
139900, 985865, 1, 0, 0
140000, 918596, 1, 0, 0
140100, 915367, 1, 0, 0
140200, 908928, 1, 0, 0
140300, 929830, 1, 0, 0
140400, 968498, 1, 0, 0
140500, 924333, 1, 0, 0
140600, 929531, 1, 0, 0
140700, 974118, 1, 0, 0
140802, 967443, 1, 0, 0
140900, 915787, 1, 0, 0
141000, 927634, 1, 0, 0
141100, 944525, 1, 0, 0
141200, 926106, 1, 0, 0
141300, 933639, 1, 0, 0
141400, 914258, 1, 0, 0
141500, 944763, 1, 0, 0
141600, 902826, 1, 0, 0
141700, 930233, 1, 0, 0
141800, 930310, 1, 0, 0
141900, 933244, 1, 0, 0
142000, 917024, 1, 0, 0
142100, 968710, 1, 0, 0
142200, 965107, 1, 0, 0
142300, 998234, 1, 0, 0
142400, 947011, 1, 0, 0
142500, 949052, 1, 0, 0
142600, 949313, 1, 0, 0
142700, 1005138, 1, 0, 0
142800, 899371, 1, 0, 0
142900, 973480, 1, 0, 0
143000, 1027138, 1, 0, 0
143100, 961990, 1, 0, 0
143200, 985201, 1, 0, 0
143300, 965122, 1, 0, 0
143400, 971602, 1, 0, 0
143500, 958846, 1, 0, 0
143601, 973685, 1, 0, 0
143700, 973745, 1, 0, 0
143800, 920566, 1, 0, 0
143900, 935609, 1, 0, 0
144000, 958542, 1, 0, 0
144100, 930697, 1, 0, 0
144200, 909846, 1, 0, 0
144302, 946290, 1, 0, 0
144400, 938601, 1, 0, 0
144500, 992952, 1, 0, 0
144600, 933545, 1, 0, 0
144700, 908907, 1, 0, 0
144800, 997132, 1, 0, 0
144900, 919547, 1, 0, 0
145000, 1001439, 1, 0, 0
145100, 966016, 1, 0, 0
145200, 945049, 1, 0, 0
145300, 959518, 1, 0, 0
145400, 946235, 1, 0, 0
145500, 989683, 1, 0, 0
145600, 955189, 1, 0, 0
145700, 927839, 1, 0, 0
145800, 933103, 1, 0, 0
145900, 919365, 1, 0, 0
146000, 931757, 1, 0, 0
146100, 972296, 1, 0, 0
146200, 937203, 1, 0, 0
146300, 927164, 1, 0, 0
146400, 941693, 1, 0, 0
146500, 927473, 1, 0, 0
146600, 954162, 1, 0, 0
146700, 941511, 1, 0, 0
146800, 941251, 1, 0, 0
146900, 1008505, 1, 0, 0
147000, 933059, 1, 0, 0
147100, 954043, 1, 0, 0
147200, 915170, 1, 0, 0
147300, 938148, 1, 0, 0
147400, 967369, 1, 0, 0
147500, 974328, 1, 0, 0
147600, 925377, 1, 0, 0
147700, 942439, 1, 0, 0
147800, 941539, 1, 0, 0
147900, 953948, 1, 0, 0
148000, 926825, 1, 0, 0
148100, 928653, 1, 0, 0
148200, 902530, 1, 0, 0
148304, 901991, 1, 0, 0
148400, 969366, 1, 0, 0
148500, 976669, 1, 0, 0
148600, 963606, 1, 0, 0
148700, 1060896, 1, 0, 0
148800, 975090, 1, 0, 0
148900, 966190, 1, 0, 0
149000, 948998, 1, 0, 0
149100, 984326, 1, 0, 0
149200, 954486, 1, 0, 0
149300, 954967, 1, 0, 0
149400, 938204, 1, 0, 0
149500, 954350, 1, 0, 0
149600, 932596, 1, 0, 0
149700, 919028, 1, 0, 0
149800, 959655, 1, 0, 0
149900, 933031, 1, 0, 0
150000, 937844, 1, 0, 0
150100, 989621, 1, 0, 0
150200, 958246, 1, 0, 0
150300, 961146, 1, 0, 0
150400, 979246, 1, 0, 0
150500, 963868, 1, 0, 0
150601, 949909, 1, 0, 0
150700, 920659, 1, 0, 0
150800, 935190, 1, 0, 0
150901, 957673, 1, 0, 0
151000, 913164, 1, 0, 0
151100, 937280, 1, 0, 0
151200, 933823, 1, 0, 0
151300, 947323, 1, 0, 0
151400, 907873, 1, 0, 0
151500, 916990, 1, 0, 0
151600, 900404, 1, 0, 0
151700, 915717, 1, 0, 0
151800, 960448, 1, 0, 0
151900, 910284, 1, 0, 0
152000, 933443, 1, 0, 0
152100, 948841, 1, 0, 0
152200, 907010, 1, 0, 0
152300, 928638, 1, 0, 0
152400, 935601, 1, 0, 0
152500, 947431, 1, 0, 0
152600, 994149, 1, 0, 0
152700, 973406, 1, 0, 0
152800, 995920, 1, 0, 0
152900, 914940, 1, 0, 0
153000, 937351, 1, 0, 0
153100, 959165, 1, 0, 0
153200, 916823, 1, 0, 0
153300, 999052, 1, 0, 0
153400, 969533, 1, 0, 0
153500, 986986, 1, 0, 0
153600, 934504, 1, 0, 0
153700, 927746, 1, 0, 0
153800, 922535, 1, 0, 0
153900, 1007758, 1, 0, 0
154000, 946498, 1, 0, 0
154100, 967099, 1, 0, 0
154201, 940358, 1, 0, 0
154300, 957334, 1, 0, 0
154400, 966182, 1, 0, 0
154500, 955968, 1, 0, 0
154600, 944251, 1, 0, 0
154700, 946102, 1, 0, 0
154800, 921235, 1, 0, 0
154900, 969984, 1, 0, 0
155000, 962195, 1, 0, 0
155100, 1014202, 1, 0, 0
155200, 989640, 1, 0, 0
155301, 937566, 1, 0, 0
155400, 979252, 1, 0, 0
155500, 968252, 1, 0, 0
155600, 980553, 1, 0, 0
155700, 952237, 1, 0, 0
155800, 942897, 1, 0, 0
155900, 926972, 1, 0, 0
156000, 924490, 1, 0, 0
156100, 924468, 1, 0, 0
156200, 936464, 1, 0, 0
156300, 953202, 1, 0, 0
156400, 927546, 1, 0, 0
156500, 925481, 1, 0, 0
156600, 964525, 1, 0, 0
156701, 918154, 1, 0, 0
156800, 945272, 1, 0, 0
156900, 978141, 1, 0, 0
157000, 964345, 1, 0, 0
157100, 880240, 1, 0, 0
157200, 915593, 1, 0, 0
157300, 926743, 1, 0, 0
157400, 891400, 1, 0, 0
157500, 897001, 1, 0, 0
157600, 943074, 1, 0, 0
157700, 884182, 1, 0, 0
157800, 890558, 1, 0, 0
157900, 912661, 1, 0, 0
158000, 927664, 1, 0, 0
158100, 952280, 1, 0, 0
158200, 924906, 1, 0, 0
158300, 938108, 1, 0, 0
158400, 983172, 1, 0, 0
158500, 921540, 1, 0, 0
158600, 905179, 1, 0, 0
158700, 957498, 1, 0, 0
158800, 918060, 1, 0, 0
158900, 962917, 1, 0, 0
159000, 943654, 1, 0, 0
159100, 905084, 1, 0, 0
159200, 858785, 1, 0, 0
159300, 969711, 1, 0, 0
159400, 941045, 1, 0, 0
159500, 970120, 1, 0, 0
159600, 925467, 1, 0, 0
159700, 950910, 1, 0, 0
159800, 943101, 1, 0, 0
159901, 938412, 1, 0, 0
160000, 902596, 1, 0, 0
160100, 928825, 1, 0, 0
160200, 948211, 1, 0, 0
160300, 924888, 1, 0, 0
160400, 944199, 1, 0, 0
160500, 926604, 1, 0, 0
160600, 899369, 1, 0, 0
160700, 923130, 1, 0, 0
160800, 903780, 1, 0, 0
160900, 907376, 1, 0, 0
161000, 955401, 1, 0, 0
161100, 866994, 1, 0, 0
161200, 929511, 1, 0, 0
161300, 918897, 1, 0, 0
161400, 960551, 1, 0, 0
161500, 937687, 1, 0, 0
161600, 950769, 1, 0, 0
161701, 1027738, 1, 0, 0
161800, 920557, 1, 0, 0
161900, 964398, 1, 0, 0
162000, 950804, 1, 0, 0
162100, 934824, 1, 0, 0
162200, 975337, 1, 0, 0
162300, 961863, 1, 0, 0
162400, 883336, 1, 0, 0
162500, 949953, 1, 0, 0
162600, 964873, 1, 0, 0
162700, 930070, 1, 0, 0
162800, 889348, 1, 0, 0
162900, 878556, 1, 0, 0
163001, 980399, 1, 0, 0
163100, 948341, 1, 0, 0
163200, 979137, 1, 0, 0
163300, 909304, 1, 0, 0
163400, 915990, 1, 0, 0
163500, 921280, 1, 0, 0
163600, 939303, 1, 0, 0
163700, 985258, 1, 0, 0
163800, 920793, 1, 0, 0
163900, 997089, 1, 0, 0
164000, 940640, 1, 0, 0
164100, 944274, 1, 0, 0
164200, 920113, 1, 0, 0
164300, 986381, 1, 0, 0
164400, 956530, 1, 0, 0
164500, 936977, 1, 0, 0
164601, 943801, 1, 0, 0
164700, 947945, 1, 0, 0
164800, 938184, 1, 0, 0
164900, 938107, 1, 0, 0
165001, 991970, 1, 0, 0
165100, 937301, 1, 0, 0
165200, 898229, 1, 0, 0
165301, 948879, 1, 0, 0
165400, 974269, 1, 0, 0
165500, 958546, 1, 0, 0
165600, 921957, 1, 0, 0
165701, 940622, 1, 0, 0
165800, 970158, 1, 0, 0
165900, 933039, 1, 0, 0
166000, 966888, 1, 0, 0
166100, 996391, 1, 0, 0
166200, 958468, 1, 0, 0
166300, 931717, 1, 0, 0
166400, 900190, 1, 0, 0
166500, 923423, 1, 0, 0
166600, 1001887, 1, 0, 0
166700, 945004, 1, 0, 0
166800, 976435, 1, 0, 0
166901, 969642, 1, 0, 0
167000, 967354, 1, 0, 0
167100, 1007050, 1, 0, 0
167200, 905623, 1, 0, 0
167300, 994862, 1, 0, 0
167400, 953435, 1, 0, 0
167500, 905911, 1, 0, 0
167600, 943583, 1, 0, 0
167700, 922057, 1, 0, 0
167801, 930038, 1, 0, 0
167900, 942874, 1, 0, 0
168000, 963079, 1, 0, 0
168100, 909980, 1, 0, 0
168200, 979215, 1, 0, 0
168300, 952750, 1, 0, 0
168400, 942774, 1, 0, 0
168500, 936371, 1, 0, 0
168600, 899036, 1, 0, 0
168700, 950195, 1, 0, 0
168800, 955885, 1, 0, 0
168900, 1006786, 1, 0, 0
169000, 928727, 1, 0, 0
169100, 960804, 1, 0, 0
169200, 987708, 1, 0, 0
169300, 915089, 1, 0, 0
169400, 903978, 1, 0, 0
169500, 907007, 1, 0, 0
169600, 917236, 1, 0, 0
169700, 959939, 1, 0, 0
169800, 902079, 1, 0, 0
169900, 895420, 1, 0, 0
170000, 928477, 1, 0, 0
170100, 935182, 1, 0, 0
170200, 934854, 1, 0, 0
170300, 924156, 1, 0, 0
170400, 922989, 1, 0, 0
170500, 954696, 1, 0, 0
170600, 908109, 1, 0, 0
170700, 928858, 1, 0, 0
170800, 951791, 1, 0, 0
170901, 947757, 1, 0, 0
171000, 926907, 1, 0, 0
171100, 916930, 1, 0, 0
171200, 910336, 1, 0, 0
171300, 949658, 1, 0, 0
171400, 917078, 1, 0, 0
171500, 1015762, 1, 0, 0
171600, 971878, 1, 0, 0
171700, 982682, 1, 0, 0
171800, 954583, 1, 0, 0
171900, 996195, 1, 0, 0
172000, 941361, 1, 0, 0
172100, 968710, 1, 0, 0
172200, 897279, 1, 0, 0
172300, 941787, 1, 0, 0
172400, 953358, 1, 0, 0
172500, 904173, 1, 0, 0
172600, 938637, 1, 0, 0
172700, 945412, 1, 0, 0
172800, 905074, 1, 0, 0
172900, 897527, 1, 0, 0
173000, 953255, 1, 0, 0
173100, 1005367, 1, 0, 0
173200, 925047, 1, 0, 0
173302, 924241, 1, 0, 0
173400, 949359, 1, 0, 0
173500, 917507, 1, 0, 0
173600, 947148, 1, 0, 0
173702, 939425, 1, 0, 0
173800, 949634, 1, 0, 0
173900, 918342, 1, 0, 0
174000, 928279, 1, 0, 0
174100, 960577, 1, 0, 0
174200, 951957, 1, 0, 0
174300, 954711, 1, 0, 0
174400, 952141, 1, 0, 0
174500, 962649, 1, 0, 0
174600, 945511, 1, 0, 0
174700, 949140, 1, 0, 0
174800, 908878, 1, 0, 0
174900, 1007235, 1, 0, 0
175000, 924558, 1, 0, 0
175100, 923862, 1, 0, 0
175200, 923693, 1, 0, 0
175300, 903767, 1, 0, 0
175400, 927930, 1, 0, 0
175500, 888561, 1, 0, 0
175600, 961931, 1, 0, 0
175700, 932880, 1, 0, 0
175800, 962022, 1, 0, 0
175900, 943537, 1, 0, 0
176000, 918564, 1, 0, 0
176100, 920252, 1, 0, 0
176200, 908020, 1, 0, 0
176300, 931340, 1, 0, 0
176400, 938246, 1, 0, 0
176500, 961331, 1, 0, 0
176600, 987399, 1, 0, 0
176700, 963118, 1, 0, 0
176800, 954980, 1, 0, 0
176900, 959333, 1, 0, 0
177000, 941121, 1, 0, 0
177100, 948778, 1, 0, 0
177200, 914903, 1, 0, 0
177301, 956728, 1, 0, 0
177400, 958647, 1, 0, 0
177501, 972939, 1, 0, 0
177600, 972778, 1, 0, 0
177700, 966738, 1, 0, 0
177800, 899995, 1, 0, 0
177900, 927518, 1, 0, 0
178000, 927927, 1, 0, 0
178100, 985228, 1, 0, 0
178200, 956322, 1, 0, 0
178300, 945598, 1, 0, 0
178400, 920634, 1, 0, 0
178500, 970813, 1, 0, 0
178600, 915746, 1, 0, 0
178700, 905179, 1, 0, 0
178800, 1012023, 1, 0, 0
178900, 922589, 1, 0, 0
179000, 920509, 1, 0, 0
179100, 921986, 1, 0, 0
179200, 961947, 1, 0, 0
179300, 978954, 1, 0, 0
179400, 996686, 1, 0, 0
179500, 975406, 1, 0, 0
179600, 903195, 1, 0, 0
179700, 961886, 1, 0, 0
179800, 969065, 1, 0, 0
179900, 935799, 1, 0, 0
180000, 926507, 1, 0, 0
180100, 947383, 1, 0, 0
180200, 927475, 1, 0, 0
180300, 925727, 1, 0, 0
180400, 976997, 1, 0, 0
180500, 1012287, 1, 0, 0
180600, 989255, 1, 0, 0
180700, 924254, 1, 0, 0
180800, 940907, 1, 0, 0
180900, 1010613, 1, 0, 0
181000, 951457, 1, 0, 0
181100, 916804, 1, 0, 0
181201, 948101, 1, 0, 0
181300, 947104, 1, 0, 0
181400, 908146, 1, 0, 0
181500, 937102, 1, 0, 0
181600, 968670, 1, 0, 0
181700, 934500, 1, 0, 0
181800, 901287, 1, 0, 0
181900, 928480, 1, 0, 0
182000, 993132, 1, 0, 0
182100, 934737, 1, 0, 0
182200, 902453, 1, 0, 0
182300, 925385, 1, 0, 0
182400, 955701, 1, 0, 0
182500, 962281, 1, 0, 0
182600, 960045, 1, 0, 0
182700, 959619, 1, 0, 0
182800, 946775, 1, 0, 0
182900, 985515, 1, 0, 0
183000, 960254, 1, 0, 0
183100, 997758, 1, 0, 0
183200, 932310, 1, 0, 0
183300, 958808, 1, 0, 0
183400, 948588, 1, 0, 0
183500, 929360, 1, 0, 0
183600, 938543, 1, 0, 0
183700, 931567, 1, 0, 0
183800, 958923, 1, 0, 0
183900, 967298, 1, 0, 0
184001, 953814, 1, 0, 0
184100, 937054, 1, 0, 0
184200, 957938, 1, 0, 0
184300, 951723, 1, 0, 0
184400, 951150, 1, 0, 0
184500, 942786, 1, 0, 0
184600, 915260, 1, 0, 0
184700, 917309, 1, 0, 0
184800, 1000612, 1, 0, 0
184900, 910301, 1, 0, 0
185000, 919389, 1, 0, 0
185100, 930996, 1, 0, 0
185200, 1001840, 1, 0, 0
185300, 984395, 1, 0, 0
185400, 975874, 1, 0, 0
185500, 949212, 1, 0, 0
185600, 1067446, 1, 0, 0
185700, 946746, 1, 0, 0
185800, 984552, 1, 0, 0
185900, 983176, 1, 0, 0
186000, 989936, 1, 0, 0
186100, 937178, 1, 0, 0
186200, 952460, 1, 0, 0
186300, 985701, 1, 0, 0
186400, 927153, 1, 0, 0
186500, 937763, 1, 0, 0
186600, 1002985, 1, 0, 0
186700, 950105, 1, 0, 0
186801, 949772, 1, 0, 0
186900, 923138, 1, 0, 0
187000, 946027, 1, 0, 0
187100, 949877, 1, 0, 0
187200, 906288, 1, 0, 0
187300, 937095, 1, 0, 0
187400, 970227, 1, 0, 0
187500, 890820, 1, 0, 0
187600, 923027, 1, 0, 0
187700, 970951, 1, 0, 0
187800, 949583, 1, 0, 0
187900, 948519, 1, 0, 0
188000, 967971, 1, 0, 0
188100, 977829, 1, 0, 0
188200, 937024, 1, 0, 0
188300, 923876, 1, 0, 0
188400, 978810, 1, 0, 0
188501, 933214, 1, 0, 0
188600, 911058, 1, 0, 0
188700, 893837, 1, 0, 0
188800, 899646, 1, 0, 0
188900, 953812, 1, 0, 0
189000, 911554, 1, 0, 0
189100, 915649, 1, 0, 0
189200, 925737, 1, 0, 0
189300, 902042, 1, 0, 0
189400, 963032, 1, 0, 0
189500, 952359, 1, 0, 0
189600, 883337, 1, 0, 0
189700, 944609, 1, 0, 0
189800, 917394, 1, 0, 0
189900, 910500, 1, 0, 0
190000, 903210, 1, 0, 0
190101, 914193, 1, 0, 0
190200, 878669, 1, 0, 0
190300, 952786, 1, 0, 0
190400, 998470, 1, 0, 0
190500, 932415, 1, 0, 0
190600, 950924, 1, 0, 0
190700, 921472, 1, 0, 0
190800, 971970, 1, 0, 0
190900, 938275, 1, 0, 0
191000, 934920, 1, 0, 0
191100, 969847, 1, 0, 0
191200, 1047195, 1, 0, 0
191300, 936596, 1, 0, 0
191400, 967894, 1, 0, 0
191500, 926261, 1, 0, 0
191600, 940100, 1, 0, 0
191700, 993467, 1, 0, 0
191800, 966749, 1, 0, 0
191900, 955266, 1, 0, 0
192000, 1020336, 1, 0, 0
192100, 953995, 1, 0, 0
192200, 938610, 1, 0, 0
192300, 935936, 1, 0, 0
192400, 962954, 1, 0, 0
192500, 918875, 1, 0, 0
192600, 945561, 1, 0, 0
192700, 992126, 1, 0, 0
192800, 956841, 1, 0, 0
192900, 908769, 1, 0, 0
193000, 925924, 1, 0, 0
193100, 929978, 1, 0, 0
193200, 946587, 1, 0, 0
193300, 949204, 1, 0, 0
193400, 921840, 1, 0, 0
193500, 939567, 1, 0, 0
193600, 969697, 1, 0, 0
193700, 927647, 1, 0, 0
193800, 934399, 1, 0, 0
193900, 971134, 1, 0, 0
194000, 886908, 1, 0, 0
194100, 884080, 1, 0, 0
194200, 940580, 1, 0, 0
194300, 926121, 1, 0, 0
194400, 947243, 1, 0, 0
194500, 893301, 1, 0, 0
194601, 937410, 1, 0, 0
194700, 1021376, 1, 0, 0
194800, 936885, 1, 0, 0
194900, 965964, 1, 0, 0
195001, 1086319, 1, 0, 0
195100, 953720, 1, 0, 0
195200, 955990, 1, 0, 0
195300, 869033, 1, 0, 0
195400, 895573, 1, 0, 0
195500, 929087, 1, 0, 0
195600, 894495, 1, 0, 0
195700, 936889, 1, 0, 0
195800, 909897, 1, 0, 0
195900, 939951, 1, 0, 0
196000, 897306, 1, 0, 0
196100, 986067, 1, 0, 0
196200, 967269, 1, 0, 0
196300, 927397, 1, 0, 0
196400, 930405, 1, 0, 0
196500, 952021, 1, 0, 0
196600, 953161, 1, 0, 0
196700, 921271, 1, 0, 0
196800, 876769, 1, 0, 0
196900, 966329, 1, 0, 0
197000, 942202, 1, 0, 0
197100, 938128, 1, 0, 0
197201, 990988, 1, 0, 0
197301, 993787, 1, 0, 0
197400, 943660, 1, 0, 0
197500, 941789, 1, 0, 0
197600, 902172, 1, 0, 0
197700, 922437, 1, 0, 0
197800, 965571, 1, 0, 0
197900, 954230, 1, 0, 0
198000, 964079, 1, 0, 0
198100, 999965, 1, 0, 0
198200, 920157, 1, 0, 0
198300, 908779, 1, 0, 0
198400, 898426, 1, 0, 0
198500, 967593, 1, 0, 0
198600, 949659, 1, 0, 0
198700, 935276, 1, 0, 0
198800, 925135, 1, 0, 0
198900, 959927, 1, 0, 0
199000, 897834, 1, 0, 0
199100, 935035, 1, 0, 0
199200, 1065022, 1, 0, 0
199300, 908075, 1, 0, 0
199400, 938897, 1, 0, 0
199500, 932176, 1, 0, 0
199600, 1009802, 1, 0, 0
199700, 926914, 1, 0, 0
199800, 925031, 1, 0, 0
199900, 932949, 1, 0, 0
200000, 930009, 1, 0, 0
200101, 942150, 1, 0, 0
200200, 965745, 1, 0, 0
200300, 929648, 1, 0, 0
200400, 948747, 1, 0, 0
200500, 882727, 1, 0, 0
200600, 912619, 1, 0, 0
200700, 884170, 1, 0, 0
200800, 932150, 1, 0, 0
200900, 986402, 1, 0, 0
201000, 993110, 1, 0, 0
201100, 936709, 1, 0, 0
201200, 949230, 1, 0, 0
201300, 956373, 1, 0, 0
201400, 961895, 1, 0, 0
201500, 926486, 1, 0, 0
201600, 969975, 1, 0, 0
201700, 1018009, 1, 0, 0
201800, 954876, 1, 0, 0
201900, 970143, 1, 0, 0
202000, 944176, 1, 0, 0
202100, 981297, 1, 0, 0
202200, 947000, 1, 0, 0
202300, 949340, 1, 0, 0
202400, 906444, 1, 0, 0
202501, 919289, 1, 0, 0
202600, 960933, 1, 0, 0
202700, 914296, 1, 0, 0
202800, 977719, 1, 0, 0
202900, 932545, 1, 0, 0
203000, 953670, 1, 0, 0
203100, 894627, 1, 0, 0
203200, 926233, 1, 0, 0
203300, 916140, 1, 0, 0
203400, 966682, 1, 0, 0
203501, 1085055, 1, 0, 0
203600, 989469, 1, 0, 0
203700, 966610, 1, 0, 0
203800, 931789, 1, 0, 0
203900, 958177, 1, 0, 0
204000, 1001424, 1, 0, 0
204100, 967451, 1, 0, 0
204200, 911489, 1, 0, 0
204300, 948513, 1, 0, 0
204400, 911325, 1, 0, 0
204503, 977171, 1, 0, 0
204600, 950509, 1, 0, 0
204700, 953069, 1, 0, 0
204800, 930055, 1, 0, 0
204900, 932420, 1, 0, 0
205000, 990321, 1, 0, 0
205100, 1007462, 1, 0, 0
205200, 975214, 1, 0, 0
205300, 948461, 1, 0, 0
205400, 947111, 1, 0, 0
205500, 935278, 1, 0, 0
205600, 925057, 1, 0, 0
205700, 926465, 1, 0, 0
205800, 927908, 1, 0, 0
205900, 912877, 1, 0, 0
206000, 904589, 1, 0, 0
206100, 907746, 1, 0, 0
206200, 913218, 1, 0, 0
206300, 955386, 1, 0, 0
206400, 917256, 1, 0, 0
206502, 914075, 1, 0, 0
206600, 942788, 1, 0, 0
206700, 978074, 1, 0, 0
206800, 972430, 1, 0, 0
206900, 916713, 1, 0, 0
207000, 962552, 1, 0, 0
207100, 995400, 1, 0, 0
207200, 1041319, 1, 0, 0
207300, 948868, 1, 0, 0
207400, 1006815, 1, 0, 0
207500, 911297, 1, 0, 0
207600, 1007489, 1, 0, 0
207700, 949994, 1, 0, 0
207800, 974910, 1, 0, 0
207900, 956667, 1, 0, 0
208000, 995441, 1, 0, 0
208100, 898953, 1, 0, 0
208200, 899404, 1, 0, 0
208301, 959984, 1, 0, 0
208400, 894917, 1, 0, 0
208500, 884810, 1, 0, 0
208600, 922745, 1, 0, 0
208700, 956577, 1, 0, 0
208800, 914630, 1, 0, 0
208900, 938611, 1, 0, 0
209000, 944482, 1, 0, 0
209100, 968955, 1, 0, 0
209200, 939939, 1, 0, 0
209300, 964097, 1, 0, 0
209400, 1032215, 1, 0, 0
209500, 944661, 1, 0, 0
209600, 978443, 1, 0, 0
209700, 909201, 1, 0, 0
209800, 970082, 1, 0, 0
209900, 936255, 1, 0, 0
210000, 971932, 1, 0, 0
210100, 969359, 1, 0, 0
210200, 1015070, 1, 0, 0
210300, 977772, 1, 0, 0
210400, 929798, 1, 0, 0
210500, 922377, 1, 0, 0
210600, 938251, 1, 0, 0
210700, 925651, 1, 0, 0
210800, 934344, 1, 0, 0
210900, 1021122, 1, 0, 0
211000, 985414, 1, 0, 0
211100, 936196, 1, 0, 0
211201, 942562, 1, 0, 0
211300, 926748, 1, 0, 0
211400, 990576, 1, 0, 0
211500, 917560, 1, 0, 0
211601, 953782, 1, 0, 0
211700, 954327, 1, 0, 0
211800, 937072, 1, 0, 0
211900, 919034, 1, 0, 0
212000, 898380, 1, 0, 0
212100, 1003549, 1, 0, 0
212200, 931510, 1, 0, 0
212300, 922818, 1, 0, 0
212400, 938851, 1, 0, 0
212500, 908727, 1, 0, 0
212600, 930416, 1, 0, 0
212701, 913739, 1, 0, 0
212801, 1019013, 1, 0, 0
212900, 905601, 1, 0, 0
213000, 970416, 1, 0, 0
213100, 935020, 1, 0, 0
213200, 947585, 1, 0, 0
213300, 933829, 1, 0, 0
213400, 919398, 1, 0, 0
213500, 943691, 1, 0, 0
213600, 955589, 1, 0, 0
213701, 920675, 1, 0, 0
213800, 981957, 1, 0, 0
213900, 969537, 1, 0, 0
214000, 938867, 1, 0, 0
214100, 932758, 1, 0, 0
214202, 954442, 1, 0, 0
214300, 886113, 1, 0, 0
214400, 966701, 1, 0, 0
214500, 947468, 1, 0, 0
214600, 898261, 1, 0, 0
214700, 940699, 1, 0, 0
214800, 938670, 1, 0, 0
214900, 956952, 1, 0, 0
215000, 1002950, 1, 0, 0
215100, 967153, 1, 0, 0
215201, 965098, 1, 0, 0
215300, 962738, 1, 0, 0
215400, 954653, 1, 0, 0
215500, 980116, 1, 0, 0
215600, 930069, 1, 0, 0
215700, 949071, 1, 0, 0
215800, 950996, 1, 0, 0
215900, 902272, 1, 0, 0
216000, 908496, 1, 0, 0
216100, 949032, 1, 0, 0
216200, 930563, 1, 0, 0
216300, 951228, 1, 0, 0
216400, 978664, 1, 0, 0
216500, 917980, 1, 0, 0
216600, 962493, 1, 0, 0
216700, 905627, 1, 0, 0
216800, 936154, 1, 0, 0
216900, 940057, 1, 0, 0
217000, 932542, 1, 0, 0
217100, 940628, 1, 0, 0
217200, 970203, 1, 0, 0
217300, 978895, 1, 0, 0
217400, 971276, 1, 0, 0
217501, 948568, 1, 0, 0
217600, 883135, 1, 0, 0
217700, 946367, 1, 0, 0
217800, 953018, 1, 0, 0
217900, 997450, 1, 0, 0
218000, 938297, 1, 0, 0
218101, 954588, 1, 0, 0
218200, 929737, 1, 0, 0
218300, 916032, 1, 0, 0
218400, 984298, 1, 0, 0
218500, 971030, 1, 0, 0
218600, 964354, 1, 0, 0
218700, 996337, 1, 0, 0
218800, 967560, 1, 0, 0
218900, 985362, 1, 0, 0
219000, 977994, 1, 0, 0
219100, 977783, 1, 0, 0
219200, 997154, 1, 0, 0
219300, 958752, 1, 0, 0
219400, 963671, 1, 0, 0
219500, 960506, 1, 0, 0
219602, 980828, 1, 0, 0
219700, 918619, 1, 0, 0
219800, 958680, 1, 0, 0
219900, 986036, 1, 0, 0
220001, 1003306, 1, 0, 0
220100, 976692, 1, 0, 0
220200, 957491, 1, 0, 0
220300, 928423, 1, 0, 0
220400, 943596, 1, 0, 0
220500, 976566, 1, 0, 0
220600, 954331, 1, 0, 0
220700, 1016614, 1, 0, 0
220800, 936069, 1, 0, 0
220900, 990619, 1, 0, 0
221000, 953905, 1, 0, 0
221100, 891722, 1, 0, 0
221200, 934564, 1, 0, 0
221300, 928356, 1, 0, 0
221400, 962138, 1, 0, 0
221500, 952172, 1, 0, 0
221601, 938961, 1, 0, 0
221700, 962442, 1, 0, 0
221800, 918804, 1, 0, 0
221900, 972824, 1, 0, 0
222000, 926576, 1, 0, 0
222100, 999253, 1, 0, 0
222200, 944889, 1, 0, 0
222300, 912967, 1, 0, 0
222400, 979073, 1, 0, 0
222501, 955491, 1, 0, 0
222600, 969171, 1, 0, 0
222701, 976090, 1, 0, 0
222800, 949708, 1, 0, 0
222900, 930042, 1, 0, 0
223000, 952830, 1, 0, 0
223100, 953712, 1, 0, 0
223200, 921883, 1, 0, 0
223300, 920398, 1, 0, 0
223400, 921518, 1, 0, 0
223500, 963080, 1, 0, 0
223600, 927321, 1, 0, 0
223700, 975351, 1, 0, 0
223800, 952253, 1, 0, 0
223900, 1048640, 1, 0, 0
224000, 981527, 1, 0, 0
224100, 968491, 1, 0, 0
224200, 935189, 1, 0, 0
224300, 928986, 1, 0, 0
224400, 961892, 1, 0, 0
224500, 922827, 1, 0, 0
224600, 920187, 1, 0, 0
224700, 923022, 1, 0, 0
224800, 903444, 1, 0, 0
224900, 951507, 1, 0, 0
225000, 926048, 1, 0, 0
225100, 941168, 1, 0, 0
225200, 970969, 1, 0, 0
225300, 979602, 1, 0, 0
225400, 907899, 1, 0, 0
225500, 921614, 1, 0, 0
225600, 958473, 1, 0, 0
225700, 921175, 1, 0, 0
225800, 943499, 1, 0, 0
225900, 962567, 1, 0, 0
226000, 912611, 1, 0, 0
226101, 1000582, 1, 0, 0
226200, 954314, 1, 0, 0
226300, 949702, 1, 0, 0
226400, 955383, 1, 0, 0
226500, 914326, 1, 0, 0
226600, 1003737, 1, 0, 0
226700, 977040, 1, 0, 0
226800, 933228, 1, 0, 0
226900, 929907, 1, 0, 0
227000, 926552, 1, 0, 0
227100, 960267, 1, 0, 0
227200, 974681, 1, 0, 0
227300, 949313, 1, 0, 0
227400, 920200, 1, 0, 0
227500, 905528, 1, 0, 0
227600, 993957, 1, 0, 0
227700, 929525, 1, 0, 0
227800, 901130, 1, 0, 0
227900, 956918, 1, 0, 0
228002, 941874, 1, 0, 0
228100, 915028, 1, 0, 0
228200, 900554, 1, 0, 0
228301, 910229, 1, 0, 0
228400, 923688, 1, 0, 0
228500, 1053784, 1, 0, 0
228600, 947666, 1, 0, 0
228700, 952169, 1, 0, 0
228800, 955270, 1, 0, 0
228900, 937046, 1, 0, 0
229000, 926527, 1, 0, 0
229100, 954176, 1, 0, 0
229200, 929622, 1, 0, 0
229300, 1003052, 1, 0, 0
229400, 931990, 1, 0, 0
229501, 955900, 1, 0, 0
229600, 959828, 1, 0, 0
229700, 943099, 1, 0, 0
229800, 942399, 1, 0, 0
229900, 925888, 1, 0, 0
230000, 920660, 1, 0, 0
230100, 908978, 1, 0, 0
230200, 885716, 1, 0, 0
230300, 935082, 1, 0, 0
230400, 901941, 1, 0, 0
230500, 955978, 1, 0, 0
230600, 946490, 1, 0, 0
230700, 959918, 1, 0, 0
230801, 974738, 1, 0, 0
230900, 932910, 1, 0, 0
231000, 917987, 1, 0, 0
231100, 943359, 1, 0, 0
231200, 917127, 1, 0, 0
231300, 909138, 1, 0, 0
231400, 969926, 1, 0, 0
231500, 926992, 1, 0, 0
231600, 978820, 1, 0, 0
231700, 967563, 1, 0, 0
231800, 961247, 1, 0, 0
231900, 987219, 1, 0, 0
232000, 937914, 1, 0, 0
232100, 1025579, 1, 0, 0
232200, 913302, 1, 0, 0
232300, 947275, 1, 0, 0
232400, 934313, 1, 0, 0
232500, 929094, 1, 0, 0
232601, 924926, 1, 0, 0
232700, 971857, 1, 0, 0
232800, 953740, 1, 0, 0
232900, 961036, 1, 0, 0
233000, 962325, 1, 0, 0
233100, 972749, 1, 0, 0
233201, 934547, 1, 0, 0
233300, 934130, 1, 0, 0
233400, 958033, 1, 0, 0
233500, 937954, 1, 0, 0
233600, 964852, 1, 0, 0
233700, 901869, 1, 0, 0
233800, 958625, 1, 0, 0
233900, 939725, 1, 0, 0
234000, 964087, 1, 0, 0
234100, 943281, 1, 0, 0
234200, 959273, 1, 0, 0
234300, 992979, 1, 0, 0
234400, 937805, 1, 0, 0
234500, 935251, 1, 0, 0
234600, 927674, 1, 0, 0
234700, 950260, 1, 0, 0
234801, 959167, 1, 0, 0
234900, 926100, 1, 0, 0
235000, 953377, 1, 0, 0
235100, 938196, 1, 0, 0
235200, 955988, 1, 0, 0
235300, 943548, 1, 0, 0
235400, 982043, 1, 0, 0
235500, 940669, 1, 0, 0
235600, 957903, 1, 0, 0
235700, 965226, 1, 0, 0
235800, 971456, 1, 0, 0
235900, 973110, 1, 0, 0
236000, 937536, 1, 0, 0
236100, 987145, 1, 0, 0
236200, 964462, 1, 0, 0
236300, 964915, 1, 0, 0
236400, 964448, 1, 0, 0
236500, 986303, 1, 0, 0
236600, 972135, 1, 0, 0
236700, 929689, 1, 0, 0
236800, 921258, 1, 0, 0
236900, 982871, 1, 0, 0
237000, 929489, 1, 0, 0
237100, 1012835, 1, 0, 0
237200, 955994, 1, 0, 0
237300, 944368, 1, 0, 0
237400, 962867, 1, 0, 0
237500, 968687, 1, 0, 0
237600, 937191, 1, 0, 0
237700, 966498, 1, 0, 0
237800, 908617, 1, 0, 0
237900, 962411, 1, 0, 0
238000, 943174, 1, 0, 0
238100, 966277, 1, 0, 0
238200, 937992, 1, 0, 0
238300, 918802, 1, 0, 0
238400, 936981, 1, 0, 0
238500, 937167, 1, 0, 0
238600, 892481, 1, 0, 0
238700, 940958, 1, 0, 0
238800, 985792, 1, 0, 0
238900, 988794, 1, 0, 0
239000, 936134, 1, 0, 0
239100, 977153, 1, 0, 0
239200, 933804, 1, 0, 0
239300, 980770, 1, 0, 0
239400, 934914, 1, 0, 0
239500, 955646, 1, 0, 0
239600, 934932, 1, 0, 0
239700, 930849, 1, 0, 0
239800, 899976, 1, 0, 0
239900, 997209, 1, 0, 0
240000, 937159, 1, 0, 0
240100, 955090, 1, 0, 0
240200, 971569, 1, 0, 0
240300, 941167, 1, 0, 0
240400, 945185, 1, 0, 0
240500, 892398, 1, 0, 0
240600, 994334, 1, 0, 0
240700, 939825, 1, 0, 0
240800, 975711, 1, 0, 0
240900, 953737, 1, 0, 0
241000, 940086, 1, 0, 0
241100, 955523, 1, 0, 0
241200, 1010997, 1, 0, 0
241301, 986484, 1, 0, 0
241400, 981261, 1, 0, 0
241500, 941378, 1, 0, 0
241600, 922676, 1, 0, 0
241700, 956277, 1, 0, 0
241800, 958764, 1, 0, 0
241900, 918820, 1, 0, 0
242000, 919616, 1, 0, 0
242100, 980391, 1, 0, 0
242200, 998855, 1, 0, 0
242301, 964014, 1, 0, 0
242401, 968580, 1, 0, 0
242500, 983441, 1, 0, 0
242600, 942035, 1, 0, 0
242700, 968617, 1, 0, 0
242800, 944443, 1, 0, 0
242900, 961805, 1, 0, 0
243001, 954817, 1, 0, 0
243100, 950680, 1, 0, 0
243201, 932231, 1, 0, 0
243300, 927084, 1, 0, 0
243401, 976483, 1, 0, 0
243501, 972896, 1, 0, 0
243600, 946229, 1, 0, 0
243700, 1010455, 1, 0, 0
243800, 969433, 1, 0, 0
243900, 928228, 1, 0, 0
244000, 931275, 1, 0, 0
244101, 1026128, 1, 0, 0
244200, 1025769, 1, 0, 0
244300, 961087, 1, 0, 0
244400, 937686, 1, 0, 0
244500, 915206, 1, 0, 0
244600, 944849, 1, 0, 0
244700, 952473, 1, 0, 0
244800, 1000340, 1, 0, 0
244900, 912595, 1, 0, 0
245000, 956273, 1, 0, 0
245100, 1004046, 1, 0, 0
245201, 1011671, 1, 0, 0
245300, 989118, 1, 0, 0
245400, 988862, 1, 0, 0
245500, 958912, 1, 0, 0
245600, 951694, 1, 0, 0
245700, 979125, 1, 0, 0
245800, 973721, 1, 0, 0
245901, 965149, 1, 0, 0
246000, 966217, 1, 0, 0
246100, 951578, 1, 0, 0
246200, 1018464, 1, 0, 0
246300, 960742, 1, 0, 0
246400, 996353, 1, 0, 0
246500, 970926, 1, 0, 0
246600, 958557, 1, 0, 0
246700, 931803, 1, 0, 0
246800, 991980, 1, 0, 0
246900, 998106, 1, 0, 0
247000, 965392, 1, 0, 0
247100, 983974, 1, 0, 0
247200, 1042849, 1, 0, 0
247300, 946921, 1, 0, 0
247401, 922795, 1, 0, 0
247500, 899292, 1, 0, 0
247600, 989642, 1, 0, 0
247700, 923087, 1, 0, 0
247800, 918604, 1, 0, 0
247900, 930651, 1, 0, 0
248000, 908059, 1, 0, 0
248100, 969362, 1, 0, 0
248200, 938983, 1, 0, 0
248300, 909938, 1, 0, 0
248400, 956136, 1, 0, 0
248500, 933652, 1, 0, 0
248600, 889889, 1, 0, 0
248701, 1000408, 1, 0, 0
248800, 936497, 1, 0, 0
248900, 968757, 1, 0, 0
249000, 933589, 1, 0, 0
249100, 930815, 1, 0, 0
249200, 937357, 1, 0, 0
249300, 914302, 1, 0, 0
249400, 917455, 1, 0, 0
249500, 950795, 1, 0, 0
249600, 924685, 1, 0, 0
249700, 944953, 1, 0, 0
249800, 964393, 1, 0, 0
249900, 876915, 1, 0, 0
250000, 907728, 1, 0, 0
250100, 927447, 1, 0, 0
250200, 957124, 1, 0, 0
250300, 934482, 1, 0, 0
250401, 948135, 1, 0, 0
250500, 953084, 1, 0, 0
250600, 911480, 1, 0, 0
250700, 979886, 1, 0, 0
250800, 935163, 1, 0, 0
250900, 923538, 1, 0, 0
251000, 944441, 1, 0, 0
251100, 961321, 1, 0, 0
251200, 980322, 1, 0, 0
251300, 960627, 1, 0, 0
251401, 952484, 1, 0, 0
251500, 914823, 1, 0, 0
251600, 919610, 1, 0, 0
251700, 938265, 1, 0, 0
251801, 939292, 1, 0, 0
251900, 917278, 1, 0, 0
252000, 924273, 1, 0, 0
252100, 921562, 1, 0, 0
252200, 924478, 1, 0, 0
252300, 921529, 1, 0, 0
252400, 899373, 1, 0, 0
252500, 1012923, 1, 0, 0
252600, 935186, 1, 0, 0
252700, 921416, 1, 0, 0
252800, 889979, 1, 0, 0
252900, 910281, 1, 0, 0
253000, 977267, 1, 0, 0
253100, 947803, 1, 0, 0
253200, 930115, 1, 0, 0
253300, 935527, 1, 0, 0
253401, 968623, 1, 0, 0
253500, 973876, 1, 0, 0
253600, 974294, 1, 0, 0
253700, 996178, 1, 0, 0
253800, 1002987, 1, 0, 0
253900, 919844, 1, 0, 0
254000, 952391, 1, 0, 0
254100, 950573, 1, 0, 0
254200, 984426, 1, 0, 0
254300, 946772, 1, 0, 0
254400, 869662, 1, 0, 0
254500, 977569, 1, 0, 0
254600, 968880, 1, 0, 0
254700, 1002245, 1, 0, 0
254800, 956799, 1, 0, 0
254900, 919418, 1, 0, 0
255000, 962164, 1, 0, 0
255100, 940695, 1, 0, 0
255200, 916531, 1, 0, 0
255300, 901687, 1, 0, 0
255400, 941288, 1, 0, 0
255501, 929728, 1, 0, 0
255600, 901551, 1, 0, 0
255700, 963829, 1, 0, 0
255800, 964048, 1, 0, 0
255900, 958708, 1, 0, 0
256000, 917746, 1, 0, 0
256101, 953165, 1, 0, 0
256200, 951437, 1, 0, 0
256300, 947006, 1, 0, 0
256400, 927427, 1, 0, 0
256500, 972080, 1, 0, 0
256600, 921242, 1, 0, 0
256700, 944233, 1, 0, 0
256800, 936879, 1, 0, 0
256900, 950167, 1, 0, 0
257000, 931825, 1, 0, 0
257100, 924874, 1, 0, 0
257200, 965730, 1, 0, 0
257300, 969351, 1, 0, 0
257400, 911222, 1, 0, 0
257501, 929474, 1, 0, 0
257600, 918606, 1, 0, 0
257700, 947372, 1, 0, 0
257801, 976420, 1, 0, 0
257901, 977319, 1, 0, 0
258000, 974499, 1, 0, 0
258100, 958736, 1, 0, 0
258200, 906016, 1, 0, 0
258300, 976288, 1, 0, 0
258400, 940977, 1, 0, 0
258500, 919121, 1, 0, 0
258600, 925396, 1, 0, 0
258700, 949006, 1, 0, 0
258800, 972936, 1, 0, 0
258902, 955013, 1, 0, 0
259000, 904909, 1, 0, 0
259100, 931924, 1, 0, 0
259200, 909374, 1, 0, 0
259301, 939410, 1, 0, 0
259400, 913551, 1, 0, 0
259500, 934610, 1, 0, 0
259600, 931477, 1, 0, 0
259700, 959225, 1, 0, 0
259800, 1005115, 1, 0, 0
259900, 989851, 1, 0, 0
260000, 1009182, 1, 0, 0
260100, 989952, 1, 0, 0
260200, 972878, 1, 0, 0
260300, 947473, 1, 0, 0
260400, 940685, 1, 0, 0
260500, 906791, 1, 0, 0
260600, 969686, 1, 0, 0
260700, 908671, 1, 0, 0
260800, 943941, 1, 0, 0
260901, 1005777, 1, 0, 0
261000, 956773, 1, 0, 0
261100, 947082, 1, 0, 0
261200, 931397, 1, 0, 0
261300, 972981, 1, 0, 0
261400, 932128, 1, 0, 0
261500, 931964, 1, 0, 0
261600, 969177, 1, 0, 0
261700, 967603, 1, 0, 0
261800, 964169, 1, 0, 0
261900, 912714, 1, 0, 0
262000, 962795, 1, 0, 0
262100, 941185, 1, 0, 0
262200, 975901, 1, 0, 0
262300, 980226, 1, 0, 0
262400, 956599, 1, 0, 0
262500, 931477, 1, 0, 0
262600, 922647, 1, 0, 0
262700, 989843, 1, 0, 0
262800, 978542, 1, 0, 0
262901, 1015392, 1, 0, 0
263000, 942404, 1, 0, 0
263100, 950864, 1, 0, 0
263200, 1000966, 1, 0, 0
263300, 955082, 1, 0, 0
263400, 930430, 1, 0, 0
263500, 911125, 1, 0, 0
263600, 952903, 1, 0, 0
263700, 932870, 1, 0, 0
263800, 971801, 1, 0, 0
263900, 977018, 1, 0, 0
264000, 920988, 1, 0, 0
264100, 955033, 1, 0, 0
264200, 965395, 1, 0, 0
264300, 995378, 1, 0, 0
264400, 916766, 1, 0, 0
264500, 925475, 1, 0, 0
264600, 931360, 1, 0, 0
264700, 927440, 1, 0, 0
264800, 936015, 1, 0, 0
264900, 932855, 1, 0, 0
265000, 948930, 1, 0, 0
265100, 924421, 1, 0, 0
265200, 953454, 1, 0, 0
265300, 948088, 1, 0, 0
265400, 937510, 1, 0, 0
265500, 969952, 1, 0, 0
265600, 944182, 1, 0, 0
265700, 941111, 1, 0, 0
265800, 923286, 1, 0, 0
265900, 927161, 1, 0, 0
266000, 932132, 1, 0, 0
266100, 910274, 1, 0, 0
266200, 985115, 1, 0, 0
266300, 968742, 1, 0, 0
266400, 909011, 1, 0, 0
266500, 930666, 1, 0, 0
266600, 931078, 1, 0, 0
266700, 906920, 1, 0, 0
266800, 948848, 1, 0, 0
266900, 917053, 1, 0, 0
267000, 981271, 1, 0, 0
267100, 959629, 1, 0, 0
267200, 901029, 1, 0, 0
267300, 958610, 1, 0, 0
267400, 916700, 1, 0, 0
267500, 964915, 1, 0, 0
267600, 909156, 1, 0, 0
267700, 922033, 1, 0, 0
267800, 928059, 1, 0, 0
267900, 923584, 1, 0, 0
268000, 937722, 1, 0, 0
268100, 993423, 1, 0, 0
268201, 922221, 1, 0, 0
268300, 925816, 1, 0, 0
268400, 943403, 1, 0, 0
268500, 1018675, 1, 0, 0
268600, 943203, 1, 0, 0
268700, 938184, 1, 0, 0
268801, 1006422, 1, 0, 0
268900, 961167, 1, 0, 0
269000, 915291, 1, 0, 0
269100, 948439, 1, 0, 0
269200, 994358, 1, 0, 0
269300, 930777, 1, 0, 0
269400, 977564, 1, 0, 0
269500, 925780, 1, 0, 0
269600, 938843, 1, 0, 0
269700, 940479, 1, 0, 0
269800, 949455, 1, 0, 0
269900, 962096, 1, 0, 0
270000, 950231, 1, 0, 0
270100, 900306, 1, 0, 0
270200, 967938, 1, 0, 0
270300, 928390, 1, 0, 0
270400, 968973, 1, 0, 0
270500, 889915, 1, 0, 0
270600, 914465, 1, 0, 0
270700, 950770, 1, 0, 0
270800, 942950, 1, 0, 0
270900, 927118, 1, 0, 0
271000, 951005, 1, 0, 0
271100, 925384, 1, 0, 0
271200, 1022744, 1, 0, 0
271300, 887085, 1, 0, 0
271400, 935820, 1, 0, 0
271501, 909631, 1, 0, 0
271600, 947970, 1, 0, 0
271700, 890245, 1, 0, 0
271800, 961116, 1, 0, 0
271900, 938252, 1, 0, 0
272000, 937228, 1, 0, 0
272100, 943161, 1, 0, 0
272200, 946140, 1, 0, 0
272300, 1027444, 1, 0, 0
272400, 944423, 1, 0, 0
272500, 956500, 1, 0, 0
272600, 899384, 1, 0, 0
272700, 948282, 1, 0, 0
272800, 992322, 1, 0, 0
272900, 978200, 1, 0, 0
273000, 982044, 1, 0, 0
273100, 987402, 1, 0, 0
273200, 924852, 1, 0, 0
273300, 986024, 1, 0, 0
273400, 984297, 1, 0, 0
273500, 970732, 1, 0, 0
273600, 987578, 1, 0, 0
273700, 954641, 1, 0, 0
273800, 969919, 1, 0, 0
273900, 914971, 1, 0, 0
274000, 924725, 1, 0, 0
274100, 908341, 1, 0, 0
274200, 907892, 1, 0, 0
274301, 961148, 1, 0, 0
274400, 948457, 1, 0, 0
274500, 942710, 1, 0, 0
274600, 913752, 1, 0, 0
274700, 939798, 1, 0, 0
274800, 991012, 1, 0, 0
274900, 978150, 1, 0, 0
275000, 890487, 1, 0, 0
275100, 961388, 1, 0, 0
275200, 934369, 1, 0, 0
275300, 961656, 1, 0, 0
275400, 961971, 1, 0, 0
275500, 1026025, 1, 0, 0
275600, 918799, 1, 0, 0
275700, 918495, 1, 0, 0
275800, 960000, 1, 0, 0
275900, 913763, 1, 0, 0
276000, 914760, 1, 0, 0
276100, 896145, 1, 0, 0
276200, 955835, 1, 0, 0
276300, 978437, 1, 0, 0
276400, 964894, 1, 0, 0
276500, 922063, 1, 0, 0
276600, 965913, 1, 0, 0
276700, 952529, 1, 0, 0
276800, 921597, 1, 0, 0
276900, 987105, 1, 0, 0
277000, 947023, 1, 0, 0
277100, 1000298, 1, 0, 0
277200, 934381, 1, 0, 0
277300, 944700, 1, 0, 0
277400, 945474, 1, 0, 0
277500, 922001, 1, 0, 0
277602, 923012, 1, 0, 0
277700, 967526, 1, 0, 0
277800, 930253, 1, 0, 0
277900, 958776, 1, 0, 0
278001, 933129, 1, 0, 0
278100, 928008, 1, 0, 0
278200, 978218, 1, 0, 0
278300, 944814, 1, 0, 0
278400, 911355, 1, 0, 0
278500, 929032, 1, 0, 0
278600, 946936, 1, 0, 0
278700, 940076, 1, 0, 0
278800, 960718, 1, 0, 0
278900, 902850, 1, 0, 0
279000, 969044, 1, 0, 0
279100, 919519, 1, 0, 0
279200, 959638, 1, 0, 0
279300, 920382, 1, 0, 0
279400, 927148, 1, 0, 0
279500, 901590, 1, 0, 0
279600, 953503, 1, 0, 0
279700, 917035, 1, 0, 0
279800, 968557, 1, 0, 0
279900, 978970, 1, 0, 0
280000, 963662, 1, 0, 0
280100, 971669, 1, 0, 0
280200, 960858, 1, 0, 0
280300, 910018, 1, 0, 0
280400, 900759, 1, 0, 0
280500, 973141, 1, 0, 0
280600, 910533, 1, 0, 0
280701, 943924, 1, 0, 0
280800, 932524, 1, 0, 0
280900, 905119, 1, 0, 0
281000, 898518, 1, 0, 0
281100, 907092, 1, 0, 0
281200, 941505, 1, 0, 0
281300, 948319, 1, 0, 0
281400, 994222, 1, 0, 0
281500, 987911, 1, 0, 0
281600, 952798, 1, 0, 0
281700, 932228, 1, 0, 0
281800, 905347, 1, 0, 0
281900, 950346, 1, 0, 0
282000, 870844, 1, 0, 0
282100, 877066, 1, 0, 0
282200, 926535, 1, 0, 0
282300, 935017, 1, 0, 0
282400, 898953, 1, 0, 0
282500, 921833, 1, 0, 0
282600, 883139, 1, 0, 0
282700, 894436, 1, 0, 0
282800, 940163, 1, 0, 0
282900, 990907, 1, 0, 0
283000, 955241, 1, 0, 0
283100, 958211, 1, 0, 0
283200, 910638, 1, 0, 0
283301, 972106, 1, 0, 0
283400, 915768, 1, 0, 0
283500, 998171, 1, 0, 0
283601, 898431, 1, 0, 0
283700, 939945, 1, 0, 0
283800, 921947, 1, 0, 0
283900, 909680, 1, 0, 0
284000, 925828, 1, 0, 0
284100, 943140, 1, 0, 0
284200, 944012, 1, 0, 0
284300, 965996, 1, 0, 0
284400, 916827, 1, 0, 0
284500, 960573, 1, 0, 0
284600, 920847, 1, 0, 0
284700, 910935, 1, 0, 0
284800, 927045, 1, 0, 0
284900, 931459, 1, 0, 0
285001, 911560, 1, 0, 0
285100, 934937, 1, 0, 0
285201, 943913, 1, 0, 0
285300, 907029, 1, 0, 0
285400, 875777, 1, 0, 0
285500, 884206, 1, 0, 0
285600, 970746, 1, 0, 0
285700, 947414, 1, 0, 0
285800, 962426, 1, 0, 0
285900, 936757, 1, 0, 0
286000, 945660, 1, 0, 0
286100, 942130, 1, 0, 0
286200, 959974, 1, 0, 0
286300, 931204, 1, 0, 0
286400, 940885, 1, 0, 0
286500, 978006, 1, 0, 0
286600, 974529, 1, 0, 0
286700, 918650, 1, 0, 0
286800, 946475, 1, 0, 0
286900, 932989, 1, 0, 0
287000, 937554, 1, 0, 0
287100, 959009, 1, 0, 0
287200, 954600, 1, 0, 0
287301, 927088, 1, 0, 0
287400, 923975, 1, 0, 0
287501, 959785, 1, 0, 0
287600, 939286, 1, 0, 0
287700, 951147, 1, 0, 0
287800, 894086, 1, 0, 0
287900, 911190, 1, 0, 0
288000, 910946, 1, 0, 0
288100, 920208, 1, 0, 0
288200, 919553, 1, 0, 0
288300, 965701, 1, 0, 0
288400, 885823, 1, 0, 0
288500, 977928, 1, 0, 0
288600, 910810, 1, 0, 0
288700, 942799, 1, 0, 0
288800, 917475, 1, 0, 0
288900, 936910, 1, 0, 0
289000, 944774, 1, 0, 0
289100, 926910, 1, 0, 0
289200, 929916, 1, 0, 0
289300, 954177, 1, 0, 0
289400, 929914, 1, 0, 0
289500, 912553, 1, 0, 0
289600, 949867, 1, 0, 0
289700, 943348, 1, 0, 0
289800, 945413, 1, 0, 0
289900, 914749, 1, 0, 0
290000, 947132, 1, 0, 0
290100, 929364, 1, 0, 0
290200, 910449, 1, 0, 0
290300, 943251, 1, 0, 0
290400, 958938, 1, 0, 0
290500, 947174, 1, 0, 0
290600, 923924, 1, 0, 0
290700, 935979, 1, 0, 0
290800, 927804, 1, 0, 0
290900, 925402, 1, 0, 0
291000, 908801, 1, 0, 0
291100, 982454, 1, 0, 0
291200, 1022547, 1, 0, 0
291300, 930651, 1, 0, 0
291400, 954416, 1, 0, 0
291500, 912220, 1, 0, 0
291600, 924745, 1, 0, 0
291700, 926779, 1, 0, 0
291800, 912918, 1, 0, 0
291900, 928529, 1, 0, 0
292000, 972115, 1, 0, 0
292100, 935339, 1, 0, 0
292201, 954404, 1, 0, 0
292300, 920284, 1, 0, 0
292400, 938156, 1, 0, 0
292500, 907338, 1, 0, 0
292600, 916310, 1, 0, 0
292701, 953795, 1, 0, 0
292800, 935955, 1, 0, 0
292900, 897853, 1, 0, 0
293000, 909400, 1, 0, 0
293100, 933899, 1, 0, 0
293200, 907814, 1, 0, 0
293300, 981569, 1, 0, 0
293400, 926047, 1, 0, 0
293500, 950263, 1, 0, 0
293600, 876566, 1, 0, 0
293700, 923245, 1, 0, 0
293800, 989445, 1, 0, 0
293900, 953139, 1, 0, 0
294001, 934956, 1, 0, 0
294100, 973673, 1, 0, 0
294200, 997332, 1, 0, 0
294300, 969145, 1, 0, 0
294400, 938378, 1, 0, 0
294500, 940794, 1, 0, 0
294601, 927517, 1, 0, 0
294701, 933709, 1, 0, 0
294800, 933508, 1, 0, 0
294900, 949452, 1, 0, 0
295001, 948532, 1, 0, 0
295100, 938194, 1, 0, 0
295200, 1009806, 1, 0, 0
295301, 941924, 1, 0, 0
295400, 926305, 1, 0, 0
295500, 942048, 1, 0, 0
295600, 965138, 1, 0, 0
295700, 905235, 1, 0, 0
295800, 952303, 1, 0, 0
295900, 933932, 1, 0, 0
296000, 966355, 1, 0, 0
296100, 957136, 1, 0, 0
296200, 975542, 1, 0, 0
296300, 953407, 1, 0, 0
296400, 976968, 1, 0, 0
296500, 945201, 1, 0, 0
296600, 957649, 1, 0, 0
296700, 923987, 1, 0, 0
296800, 932161, 1, 0, 0
296900, 911811, 1, 0, 0
297000, 954308, 1, 0, 0
297100, 933178, 1, 0, 0
297200, 973152, 1, 0, 0
297300, 986446, 1, 0, 0
297401, 960607, 1, 0, 0
297500, 898437, 1, 0, 0
297600, 924028, 1, 0, 0
297700, 895541, 1, 0, 0
297800, 917866, 1, 0, 0
297900, 940931, 1, 0, 0
298000, 935814, 1, 0, 0
298100, 947768, 1, 0, 0
298200, 940653, 1, 0, 0
298301, 964417, 1, 0, 0
298400, 951573, 1, 0, 0
298500, 983852, 1, 0, 0
298600, 950548, 1, 0, 0
298700, 909541, 1, 0, 0
298800, 893239, 1, 0, 0
298900, 933108, 1, 0, 0
299000, 920285, 1, 0, 0
299100, 928323, 1, 0, 0
299200, 956073, 1, 0, 0
299300, 924063, 1, 0, 0
299400, 921914, 1, 0, 0
299500, 929663, 1, 0, 0
299600, 917809, 1, 0, 0
299700, 1020107, 1, 0, 0
299800, 904846, 1, 0, 0
299900, 934914, 1, 0, 0
300001, 927161, 1, 0, 0
300100, 919796, 1, 0, 0
300200, 901751, 1, 0, 0
300300, 953433, 1, 0, 0
300401, 936027, 1, 0, 0
300500, 896879, 1, 0, 0
300600, 955400, 1, 0, 0
300700, 902911, 1, 0, 0
300800, 934223, 1, 0, 0
300900, 912760, 1, 0, 0
301000, 982584, 1, 0, 0
301100, 959799, 1, 0, 0
301200, 991810, 1, 0, 0
301300, 975512, 1, 0, 0
301400, 950071, 1, 0, 0
301500, 904554, 1, 0, 0
301600, 953079, 1, 0, 0
301700, 945376, 1, 0, 0
301800, 905424, 1, 0, 0
301900, 995087, 1, 0, 0
302000, 922839, 1, 0, 0
302100, 986029, 1, 0, 0
302200, 899893, 1, 0, 0
302300, 969541, 1, 0, 0
302400, 935602, 1, 0, 0
302500, 926416, 1, 0, 0
302600, 955025, 1, 0, 0
302700, 943888, 1, 0, 0
302800, 971447, 1, 0, 0
302900, 950118, 1, 0, 0
303000, 979546, 1, 0, 0
303100, 992120, 1, 0, 0
303200, 969631, 1, 0, 0
303300, 964129, 1, 0, 0
303401, 977155, 1, 0, 0
303500, 987384, 1, 0, 0
303600, 952382, 1, 0, 0
303700, 1000591, 1, 0, 0
303800, 1026123, 1, 0, 0
303900, 998515, 1, 0, 0
304000, 1017344, 1, 0, 0
304100, 968859, 1, 0, 0
304200, 948920, 1, 0, 0
304300, 942985, 1, 0, 0
304400, 944119, 1, 0, 0
304500, 929279, 1, 0, 0
304600, 904447, 1, 0, 0
304700, 970408, 1, 0, 0
304800, 963255, 1, 0, 0
304900, 967288, 1, 0, 0
305000, 940989, 1, 0, 0
305100, 969187, 1, 0, 0
305200, 931090, 1, 0, 0
305300, 939237, 1, 0, 0
305400, 913726, 1, 0, 0
305500, 959084, 1, 0, 0
305600, 1001436, 1, 0, 0
305700, 970583, 1, 0, 0
305800, 949542, 1, 0, 0
305900, 895074, 1, 0, 0
306000, 971638, 1, 0, 0
306100, 902435, 1, 0, 0
306200, 903786, 1, 0, 0
306300, 956637, 1, 0, 0
306400, 887345, 1, 0, 0
306501, 1008854, 1, 0, 0
306600, 930497, 1, 0, 0
306700, 963818, 1, 0, 0
306800, 930487, 1, 0, 0
306900, 926924, 1, 0, 0
307000, 934405, 1, 0, 0
307100, 915099, 1, 0, 0
307200, 934601, 1, 0, 0
307300, 936149, 1, 0, 0
307400, 938714, 1, 0, 0
307501, 932602, 1, 0, 0
307600, 955598, 1, 0, 0
307700, 971799, 1, 0, 0
307800, 991248, 1, 0, 0
307900, 941224, 1, 0, 0
308000, 933866, 1, 0, 0
308100, 914791, 1, 0, 0
308200, 910705, 1, 0, 0
308301, 989184, 1, 0, 0
308400, 981175, 1, 0, 0
308500, 900792, 1, 0, 0
308600, 889911, 1, 0, 0
308700, 965484, 1, 0, 0
308800, 975861, 1, 0, 0
308900, 949218, 1, 0, 0
309000, 907898, 1, 0, 0
309100, 973846, 1, 0, 0
309200, 961430, 1, 0, 0
309300, 914804, 1, 0, 0
309400, 899544, 1, 0, 0
309500, 951589, 1, 0, 0
309600, 937715, 1, 0, 0
309700, 921846, 1, 0, 0
309800, 921547, 1, 0, 0
309900, 938524, 1, 0, 0
310000, 936481, 1, 0, 0
310100, 905564, 1, 0, 0
310200, 982051, 1, 0, 0
310300, 952185, 1, 0, 0
310400, 933005, 1, 0, 0
310500, 945340, 1, 0, 0
310600, 939660, 1, 0, 0
310700, 960853, 1, 0, 0
310800, 899872, 1, 0, 0
310900, 934817, 1, 0, 0
311000, 981083, 1, 0, 0
311100, 922253, 1, 0, 0
311200, 920536, 1, 0, 0
311300, 999409, 1, 0, 0
311400, 943142, 1, 0, 0
311500, 964950, 1, 0, 0
311600, 936941, 1, 0, 0
311700, 900813, 1, 0, 0
311800, 879757, 1, 0, 0
311900, 938326, 1, 0, 0
312000, 965161, 1, 0, 0
312100, 940108, 1, 0, 0
312200, 910407, 1, 0, 0
312300, 915681, 1, 0, 0
312400, 927319, 1, 0, 0
312500, 930722, 1, 0, 0
312600, 904702, 1, 0, 0
312700, 948893, 1, 0, 0
312800, 971717, 1, 0, 0
312901, 934913, 1, 0, 0
313000, 965005, 1, 0, 0
313100, 963064, 1, 0, 0
313200, 957886, 1, 0, 0
313300, 963418, 1, 0, 0
313400, 951607, 1, 0, 0
313500, 933065, 1, 0, 0
313600, 954881, 1, 0, 0
313700, 939268, 1, 0, 0
313800, 968620, 1, 0, 0
313900, 941132, 1, 0, 0
314000, 909954, 1, 0, 0
314100, 936936, 1, 0, 0
314200, 944935, 1, 0, 0
314300, 967359, 1, 0, 0
314400, 969537, 1, 0, 0
314500, 928128, 1, 0, 0
314600, 940196, 1, 0, 0
314700, 954351, 1, 0, 0
314800, 990805, 1, 0, 0
314901, 983439, 1, 0, 0
315000, 983620, 1, 0, 0
315100, 955975, 1, 0, 0
315200, 1032232, 1, 0, 0
315300, 1051011, 1, 0, 0
315400, 953365, 1, 0, 0
315501, 915080, 1, 0, 0
315600, 922487, 1, 0, 0
315700, 982356, 1, 0, 0
315800, 1062267, 1, 0, 0
315900, 979468, 1, 0, 0
316000, 964222, 1, 0, 0
316100, 1001032, 1, 0, 0
316200, 980953, 1, 0, 0
316300, 954001, 1, 0, 0
316400, 951515, 1, 0, 0
316500, 957587, 1, 0, 0
316600, 969290, 1, 0, 0
316700, 933069, 1, 0, 0
316800, 936121, 1, 0, 0
316900, 965626, 1, 0, 0
317000, 897407, 1, 0, 0
317100, 1015515, 1, 0, 0
317200, 949617, 1, 0, 0
317300, 931534, 1, 0, 0
317400, 960729, 1, 0, 0
317500, 964718, 1, 0, 0
317600, 972138, 1, 0, 0
317700, 917759, 1, 0, 0
317801, 926296, 1, 0, 0
317900, 970057, 1, 0, 0
318000, 934436, 1, 0, 0
318100, 967184, 1, 0, 0
318200, 998176, 1, 0, 0
318300, 941864, 1, 0, 0
318400, 914007, 1, 0, 0
318500, 927542, 1, 0, 0
318600, 901207, 1, 0, 0
318700, 906310, 1, 0, 0
318800, 945237, 1, 0, 0
318900, 957467, 1, 0, 0
319001, 945689, 1, 0, 0
319100, 883414, 1, 0, 0
319200, 923313, 1, 0, 0
319300, 960588, 1, 0, 0
319400, 944540, 1, 0, 0
319500, 909467, 1, 0, 0
319600, 966890, 1, 0, 0
319700, 1007425, 1, 0, 0
319800, 928870, 1, 0, 0
319900, 906711, 1, 0, 0
320000, 923261, 1, 0, 0
320100, 962147, 1, 0, 0
320200, 973595, 1, 0, 0
320300, 912210, 1, 0, 0
320400, 923168, 1, 0, 0
320500, 946449, 1, 0, 0
320600, 907917, 1, 0, 0
320700, 904439, 1, 0, 0
320800, 920647, 1, 0, 0
320900, 935348, 1, 0, 0
321000, 976201, 1, 0, 0
321100, 964121, 1, 0, 0
321200, 923091, 1, 0, 0
321300, 909513, 1, 0, 0
321400, 971329, 1, 0, 0
321500, 943184, 1, 0, 0
321600, 1015722, 1, 0, 0
321700, 913809, 1, 0, 0
321800, 967650, 1, 0, 0
321900, 979045, 1, 0, 0
322000, 967805, 1, 0, 0
322100, 915172, 1, 0, 0
322201, 944316, 1, 0, 0
322300, 948242, 1, 0, 0
322400, 976672, 1, 0, 0
322500, 972131, 1, 0, 0
322600, 962209, 1, 0, 0
322701, 886103, 1, 0, 0
322800, 979542, 1, 0, 0
322900, 929108, 1, 0, 0
323000, 954354, 1, 0, 0
323100, 885762, 1, 0, 0
323200, 970268, 1, 0, 0
323300, 936396, 1, 0, 0
323400, 930384, 1, 0, 0
323500, 884800, 1, 0, 0
323601, 935457, 1, 0, 0
323700, 937560, 1, 0, 0
323800, 919753, 1, 0, 0
323900, 921235, 1, 0, 0
324000, 945218, 1, 0, 0
324100, 990877, 1, 0, 0
324200, 1016308, 1, 0, 0
324300, 951414, 1, 0, 0
324400, 933493, 1, 0, 0
324500, 959683, 1, 0, 0
324600, 928889, 1, 0, 0
324700, 989335, 1, 0, 0
324800, 956429, 1, 0, 0
324900, 1014378, 1, 0, 0
325000, 925763, 1, 0, 0
325100, 896957, 1, 0, 0
325200, 931822, 1, 0, 0
325300, 978068, 1, 0, 0
325400, 909318, 1, 0, 0
325500, 890527, 1, 0, 0
325600, 970045, 1, 0, 0
325700, 933588, 1, 0, 0
325800, 905862, 1, 0, 0
325900, 947555, 1, 0, 0
326000, 933941, 1, 0, 0
326100, 949383, 1, 0, 0
326200, 959784, 1, 0, 0
326300, 957180, 1, 0, 0
326400, 952616, 1, 0, 0
326500, 977415, 1, 0, 0
326600, 1003184, 1, 0, 0
326700, 926997, 1, 0, 0
326800, 951794, 1, 0, 0
326900, 950626, 1, 0, 0
327000, 920888, 1, 0, 0
327100, 907822, 1, 0, 0
327200, 909539, 1, 0, 0
327300, 920323, 1, 0, 0
327400, 955753, 1, 0, 0
327500, 912372, 1, 0, 0
327600, 980310, 1, 0, 0
327700, 1026666, 1, 0, 0
327800, 920188, 1, 0, 0
327900, 953488, 1, 0, 0
328000, 964640, 1, 0, 0
328100, 1024265, 1, 0, 0
328200, 922793, 1, 0, 0
328300, 948947, 1, 0, 0
328400, 941190, 1, 0, 0
328500, 978447, 1, 0, 0
328600, 864017, 1, 0, 0
328700, 958467, 1, 0, 0
328800, 959074, 1, 0, 0
328900, 948364, 1, 0, 0
329002, 918375, 1, 0, 0
329100, 917262, 1, 0, 0
329200, 977013, 1, 0, 0
329300, 941861, 1, 0, 0
329400, 920149, 1, 0, 0
329500, 947153, 1, 0, 0
329600, 963231, 1, 0, 0
329700, 909234, 1, 0, 0
329800, 947545, 1, 0, 0
329900, 942488, 1, 0, 0
330000, 938047, 1, 0, 0
330100, 970625, 1, 0, 0
330200, 991765, 1, 0, 0
330300, 946357, 1, 0, 0
330400, 978190, 1, 0, 0
330501, 966759, 1, 0, 0
330600, 931305, 1, 0, 0
330700, 920939, 1, 0, 0
330801, 975044, 1, 0, 0
330900, 1013287, 1, 0, 0
331000, 981389, 1, 0, 0
331100, 939897, 1, 0, 0
331200, 991018, 1, 0, 0
331300, 938678, 1, 0, 0
331400, 917343, 1, 0, 0
331500, 959657, 1, 0, 0
331600, 934227, 1, 0, 0
331700, 947219, 1, 0, 0
331800, 914380, 1, 0, 0
331900, 943064, 1, 0, 0
332000, 949760, 1, 0, 0
332100, 958297, 1, 0, 0
332200, 940430, 1, 0, 0
332300, 985656, 1, 0, 0
332400, 945936, 1, 0, 0
332500, 978043, 1, 0, 0
332600, 1007195, 1, 0, 0
332702, 939828, 1, 0, 0
332801, 967195, 1, 0, 0
332900, 1010313, 1, 0, 0
333000, 951937, 1, 0, 0
333100, 1028826, 1, 0, 0
333201, 983365, 1, 0, 0
333300, 928615, 1, 0, 0
333400, 922669, 1, 0, 0
333500, 938824, 1, 0, 0
333600, 953603, 1, 0, 0
333700, 980984, 1, 0, 0
333800, 991955, 1, 0, 0
333900, 964368, 1, 0, 0
334000, 901303, 1, 0, 0
334100, 955637, 1, 0, 0
334200, 1059892, 1, 0, 0
334300, 939098, 1, 0, 0
334400, 957375, 1, 0, 0
334500, 950985, 1, 0, 0
334600, 1023361, 1, 0, 0
334700, 961047, 1, 0, 0
334800, 960648, 1, 0, 0
334900, 985077, 1, 0, 0
335000, 1001415, 1, 0, 0
335100, 997033, 1, 0, 0
335200, 1023608, 1, 0, 0
335300, 980153, 1, 0, 0
335400, 956550, 1, 0, 0
335500, 968639, 1, 0, 0
335600, 950188, 1, 0, 0
335700, 1023459, 1, 0, 0
335800, 944035, 1, 0, 0
335900, 988389, 1, 0, 0
336000, 950129, 1, 0, 0
336100, 943018, 1, 0, 0
336200, 982102, 1, 0, 0
336300, 959991, 1, 0, 0
336400, 942850, 1, 0, 0
336500, 912454, 1, 0, 0
336600, 914951, 1, 0, 0
336700, 888844, 1, 0, 0
336800, 960664, 1, 0, 0
336900, 911044, 1, 0, 0
337000, 950185, 1, 0, 0
337100, 915900, 1, 0, 0
337200, 1012253, 1, 0, 0
337300, 928478, 1, 0, 0
337400, 969449, 1, 0, 0
337500, 939876, 1, 0, 0
337600, 995793, 1, 0, 0
337700, 981381, 1, 0, 0
337800, 1007506, 1, 0, 0
337900, 1018896, 1, 0, 0
338000, 975582, 1, 0, 0
338100, 923602, 1, 0, 0
338200, 949339, 1, 0, 0
338301, 992671, 1, 0, 0
338400, 989543, 1, 0, 0
338500, 931858, 1, 0, 0
338600, 977210, 1, 0, 0
338700, 971586, 1, 0, 0
338800, 966090, 1, 0, 0
338900, 915385, 1, 0, 0
339000, 925902, 1, 0, 0
339100, 994835, 1, 0, 0
339200, 958686, 1, 0, 0
339300, 906459, 1, 0, 0
339400, 907200, 1, 0, 0
339500, 947153, 1, 0, 0
339600, 976693, 1, 0, 0
339700, 963947, 1, 0, 0
339800, 917783, 1, 0, 0
339900, 945569, 1, 0, 0
340000, 954716, 1, 0, 0
340100, 947892, 1, 0, 0
340200, 958067, 1, 0, 0
340300, 929523, 1, 0, 0
340400, 921767, 1, 0, 0
340500, 921357, 1, 0, 0
340600, 906048, 1, 0, 0
340700, 932024, 1, 0, 0
340800, 928630, 1, 0, 0
340900, 956041, 1, 0, 0
341000, 951441, 1, 0, 0
341100, 950015, 1, 0, 0
341200, 916663, 1, 0, 0
341300, 941820, 1, 0, 0
341400, 941547, 1, 0, 0
341500, 935237, 1, 0, 0
341600, 941434, 1, 0, 0
341700, 988102, 1, 0, 0
341800, 959106, 1, 0, 0
341900, 978794, 1, 0, 0
342000, 994342, 1, 0, 0
342100, 1010002, 1, 0, 0
342200, 946772, 1, 0, 0
342300, 970043, 1, 0, 0
342400, 930775, 1, 0, 0
342500, 953898, 1, 0, 0
342601, 963116, 1, 0, 0
342700, 979516, 1, 0, 0
342800, 908417, 1, 0, 0
342900, 968911, 1, 0, 0
343000, 884927, 1, 0, 0
343100, 1010845, 1, 0, 0
343200, 936419, 1, 0, 0
343300, 959639, 1, 0, 0
343400, 929331, 1, 0, 0
343500, 988528, 1, 0, 0
343600, 939220, 1, 0, 0
343700, 928279, 1, 0, 0
343800, 994652, 1, 0, 0
343900, 1000901, 1, 0, 0
344000, 955131, 1, 0, 0
344100, 972359, 1, 0, 0
344200, 1012446, 1, 0, 0
344300, 949844, 1, 0, 0
344400, 951022, 1, 0, 0
344500, 961036, 1, 0, 0
344600, 980592, 1, 0, 0
344700, 977893, 1, 0, 0
344800, 962943, 1, 0, 0
344900, 1032874, 1, 0, 0
345000, 949106, 1, 0, 0
345100, 1012859, 1, 0, 0
345200, 982077, 1, 0, 0
345300, 958175, 1, 0, 0
345401, 975018, 1, 0, 0
345500, 946902, 1, 0, 0
345600, 978748, 1, 0, 0
345700, 934612, 1, 0, 0
345800, 949955, 1, 0, 0
345900, 914001, 1, 0, 0
346000, 901957, 1, 0, 0
346100, 922369, 1, 0, 0
346200, 988960, 1, 0, 0
346300, 968658, 1, 0, 0
346400, 950467, 1, 0, 0
346500, 951719, 1, 0, 0
346600, 945498, 1, 0, 0
346700, 919052, 1, 0, 0
346800, 956424, 1, 0, 0
346901, 994056, 1, 0, 0
347000, 935028, 1, 0, 0
347100, 959828, 1, 0, 0
347200, 996422, 1, 0, 0
347300, 949134, 1, 0, 0
347401, 1058426, 1, 0, 0
347500, 965430, 1, 0, 0
347600, 977105, 1, 0, 0
347700, 910682, 1, 0, 0
347800, 949318, 1, 0, 0
347900, 909287, 1, 0, 0
348000, 948025, 1, 0, 0
348100, 919230, 1, 0, 0
348200, 926239, 1, 0, 0
348300, 972320, 1, 0, 0
348400, 986283, 1, 0, 0
348500, 929747, 1, 0, 0
348600, 933052, 1, 0, 0
348700, 1000351, 1, 0, 0
348800, 910069, 1, 0, 0
348900, 892040, 1, 0, 0
349000, 966595, 1, 0, 0
349100, 943124, 1, 0, 0
349200, 969754, 1, 0, 0
349300, 918826, 1, 0, 0
349401, 948136, 1, 0, 0
349500, 959466, 1, 0, 0
349600, 971337, 1, 0, 0
349701, 934207, 1, 0, 0
349800, 966579, 1, 0, 0
349900, 916145, 1, 0, 0
350000, 974864, 1, 0, 0
350102, 953251, 1, 0, 0
350200, 916380, 1, 0, 0
350300, 965402, 1, 0, 0
350400, 971719, 1, 0, 0
350500, 928814, 1, 0, 0
350600, 941662, 1, 0, 0
350701, 931936, 1, 0, 0
350800, 1021959, 1, 0, 0
350900, 966423, 1, 0, 0
351000, 915026, 1, 0, 0
351100, 914362, 1, 0, 0
351200, 965333, 1, 0, 0
351300, 886780, 1, 0, 0
351400, 935937, 1, 0, 0
351500, 910854, 1, 0, 0
351600, 941064, 1, 0, 0
351700, 967095, 1, 0, 0
351800, 983744, 1, 0, 0
351900, 996183, 1, 0, 0
352000, 1002922, 1, 0, 0
352100, 997745, 1, 0, 0
352200, 961085, 1, 0, 0
352300, 925560, 1, 0, 0
352400, 949255, 1, 0, 0
352500, 922604, 1, 0, 0
352600, 943524, 1, 0, 0
352700, 934889, 1, 0, 0
352800, 947547, 1, 0, 0
352900, 962142, 1, 0, 0
353000, 954331, 1, 0, 0
353100, 918695, 1, 0, 0
353200, 924623, 1, 0, 0
353300, 895582, 1, 0, 0
353400, 960385, 1, 0, 0
353500, 974494, 1, 0, 0
353600, 985396, 1, 0, 0
353700, 964418, 1, 0, 0
353800, 950772, 1, 0, 0
353900, 951473, 1, 0, 0
354000, 973839, 1, 0, 0
354100, 940066, 1, 0, 0
354200, 970653, 1, 0, 0
354300, 997982, 1, 0, 0
354400, 912250, 1, 0, 0
354500, 956966, 1, 0, 0
354600, 975903, 1, 0, 0
354700, 925007, 1, 0, 0
354801, 949338, 1, 0, 0
354900, 954388, 1, 0, 0
355001, 955158, 1, 0, 0
355100, 942801, 1, 0, 0
355200, 972187, 1, 0, 0
355300, 943371, 1, 0, 0
355400, 992511, 1, 0, 0
355500, 976430, 1, 0, 0
355600, 974520, 1, 0, 0
355700, 970035, 1, 0, 0
355800, 982691, 1, 0, 0
355900, 930952, 1, 0, 0
356000, 932021, 1, 0, 0
356100, 961501, 1, 0, 0
356200, 1010934, 1, 0, 0
356300, 941825, 1, 0, 0
356400, 964896, 1, 0, 0
356500, 905429, 1, 0, 0
356600, 911514, 1, 0, 0
356700, 997066, 1, 0, 0
356800, 971495, 1, 0, 0
356900, 1010978, 1, 0, 0
357000, 962672, 1, 0, 0
357100, 989119, 1, 0, 0
357200, 1019752, 1, 0, 0
357300, 924660, 1, 0, 0
357400, 966571, 1, 0, 0
357500, 952690, 1, 0, 0
357601, 916628, 1, 0, 0
357700, 915955, 1, 0, 0
357800, 924391, 1, 0, 0
357900, 961119, 1, 0, 0
358000, 973365, 1, 0, 0
358100, 941914, 1, 0, 0
358200, 927566, 1, 0, 0
358300, 983154, 1, 0, 0
358400, 959891, 1, 0, 0
358500, 959274, 1, 0, 0
358600, 955153, 1, 0, 0
358700, 935452, 1, 0, 0
358800, 963626, 1, 0, 0
358900, 923720, 1, 0, 0
359000, 943681, 1, 0, 0
359100, 913229, 1, 0, 0
359200, 965403, 1, 0, 0
359300, 946508, 1, 0, 0
359400, 933533, 1, 0, 0
359500, 940096, 1, 0, 0
359600, 926978, 1, 0, 0
359700, 956469, 1, 0, 0
359800, 954863, 1, 0, 0
359900, 962048, 1, 0, 0
360000, 951143, 1, 0, 0
360100, 944193, 1, 0, 0
360200, 940488, 1, 0, 0
360300, 937688, 1, 0, 0
360400, 972019, 1, 0, 0
360500, 978206, 1, 0, 0
360600, 902243, 1, 0, 0
360700, 935880, 1, 0, 0
360800, 981781, 1, 0, 0
360900, 942605, 1, 0, 0
361000, 934728, 1, 0, 0
361100, 908692, 1, 0, 0
361200, 1037217, 1, 0, 0
361300, 977494, 1, 0, 0
361400, 958479, 1, 0, 0
361500, 944517, 1, 0, 0
361600, 1027047, 1, 0, 0
361700, 923531, 1, 0, 0
361800, 950708, 1, 0, 0
361900, 979253, 1, 0, 0
362000, 958409, 1, 0, 0
362101, 954648, 1, 0, 0
362200, 982417, 1, 0, 0
362300, 962725, 1, 0, 0
362400, 911888, 1, 0, 0
362500, 975167, 1, 0, 0
362600, 932891, 1, 0, 0
362700, 946996, 1, 0, 0
362801, 949504, 1, 0, 0
362900, 986374, 1, 0, 0
363000, 972821, 1, 0, 0
363100, 957523, 1, 0, 0
363200, 945279, 1, 0, 0
363300, 939687, 1, 0, 0
363400, 941008, 1, 0, 0
363500, 959830, 1, 0, 0
363600, 905706, 1, 0, 0
363700, 964818, 1, 0, 0
363800, 925094, 1, 0, 0
363900, 942288, 1, 0, 0
364000, 985582, 1, 0, 0
364100, 912895, 1, 0, 0
364200, 965577, 1, 0, 0
364300, 988070, 1, 0, 0
364400, 998086, 1, 0, 0
364500, 972095, 1, 0, 0
364600, 919009, 1, 0, 0
364700, 947946, 1, 0, 0
364801, 992338, 1, 0, 0
364900, 940573, 1, 0, 0
365000, 952105, 1, 0, 0
365100, 991114, 1, 0, 0
365200, 930086, 1, 0, 0
365300, 952765, 1, 0, 0
365400, 901949, 1, 0, 0
365500, 1002197, 1, 0, 0
365600, 964671, 1, 0, 0
365700, 916178, 1, 0, 0
365800, 976083, 1, 0, 0
365900, 976490, 1, 0, 0
366000, 974265, 1, 0, 0
366100, 949778, 1, 0, 0
366200, 945182, 1, 0, 0
366300, 943771, 1, 0, 0
366400, 907150, 1, 0, 0
366500, 943971, 1, 0, 0
366600, 945472, 1, 0, 0
366700, 975506, 1, 0, 0
366800, 974854, 1, 0, 0
366900, 965011, 1, 0, 0
367000, 926352, 1, 0, 0
367100, 957978, 1, 0, 0
367201, 967950, 1, 0, 0
367300, 953744, 1, 0, 0
367400, 994261, 1, 0, 0
367500, 948988, 1, 0, 0
367600, 956799, 1, 0, 0
367700, 919839, 1, 0, 0
367800, 968091, 1, 0, 0
367900, 942591, 1, 0, 0
368000, 964310, 1, 0, 0
368100, 931365, 1, 0, 0
368200, 953165, 1, 0, 0
368300, 984165, 1, 0, 0
368400, 976906, 1, 0, 0
368500, 935221, 1, 0, 0
368600, 952764, 1, 0, 0
368700, 940779, 1, 0, 0
368800, 921026, 1, 0, 0
368900, 911019, 1, 0, 0
369000, 939236, 1, 0, 0
369100, 973680, 1, 0, 0
369200, 999576, 1, 0, 0
369300, 954955, 1, 0, 0
369400, 980079, 1, 0, 0
369500, 936059, 1, 0, 0
369600, 953377, 1, 0, 0
369700, 945410, 1, 0, 0
369800, 955411, 1, 0, 0
369900, 919312, 1, 0, 0
370000, 940704, 1, 0, 0
370100, 930791, 1, 0, 0
370200, 975030, 1, 0, 0
370300, 934767, 1, 0, 0
370400, 925155, 1, 0, 0
370500, 927787, 1, 0, 0
370600, 1005522, 1, 0, 0
370700, 964461, 1, 0, 0
370800, 919599, 1, 0, 0
370900, 936321, 1, 0, 0
371000, 962665, 1, 0, 0
371100, 975618, 1, 0, 0
371200, 1002166, 1, 0, 0
371300, 953938, 1, 0, 0
371400, 967844, 1, 0, 0
371500, 914787, 1, 0, 0
371601, 974908, 1, 0, 0
371700, 947375, 1, 0, 0
371800, 919538, 1, 0, 0
371900, 920773, 1, 0, 0
372000, 948724, 1, 0, 0
372100, 1000941, 1, 0, 0
372200, 934536, 1, 0, 0
372300, 966411, 1, 0, 0
372400, 963534, 1, 0, 0
372500, 964611, 1, 0, 0
372600, 960915, 1, 0, 0
372700, 939638, 1, 0, 0
372800, 953780, 1, 0, 0
372900, 956706, 1, 0, 0
373000, 975752, 1, 0, 0
373100, 930711, 1, 0, 0
373200, 920672, 1, 0, 0
373300, 989774, 1, 0, 0
373400, 934322, 1, 0, 0
373500, 896492, 1, 0, 0
373600, 979858, 1, 0, 0
373700, 981190, 1, 0, 0
373800, 911217, 1, 0, 0
373900, 946478, 1, 0, 0
374000, 964876, 1, 0, 0
374100, 954485, 1, 0, 0
374200, 930720, 1, 0, 0
374300, 999765, 1, 0, 0
374400, 954194, 1, 0, 0
374500, 904632, 1, 0, 0
374600, 915728, 1, 0, 0
374700, 958834, 1, 0, 0
374800, 970274, 1, 0, 0
374900, 952619, 1, 0, 0
375000, 944029, 1, 0, 0
375100, 952124, 1, 0, 0
375200, 1005318, 1, 0, 0
375300, 932193, 1, 0, 0
375400, 960778, 1, 0, 0
375500, 971397, 1, 0, 0
375600, 899894, 1, 0, 0
375700, 977053, 1, 0, 0
375800, 966300, 1, 0, 0
375900, 1010126, 1, 0, 0
376000, 942028, 1, 0, 0
376100, 1070672, 1, 0, 0
376200, 1011688, 1, 0, 0
376300, 981687, 1, 0, 0
376400, 967233, 1, 0, 0
376500, 951893, 1, 0, 0
376600, 1007950, 1, 0, 0
376700, 994286, 1, 0, 0
376800, 1017239, 1, 0, 0
376900, 932317, 1, 0, 0
377000, 967474, 1, 0, 0
377100, 1011170, 1, 0, 0
377200, 968480, 1, 0, 0
377300, 993791, 1, 0, 0
377400, 919998, 1, 0, 0
377500, 944073, 1, 0, 0
377600, 970274, 1, 0, 0
377700, 929058, 1, 0, 0
377800, 940170, 1, 0, 0
377900, 934730, 1, 0, 0
378000, 974270, 1, 0, 0
378100, 955159, 1, 0, 0
378201, 960028, 1, 0, 0
378300, 930813, 1, 0, 0
378400, 970087, 1, 0, 0
378500, 947389, 1, 0, 0
378600, 976133, 1, 0, 0
378700, 935208, 1, 0, 0
378800, 1015618, 1, 0, 0
378900, 971507, 1, 0, 0
379000, 952758, 1, 0, 0
379100, 959592, 1, 0, 0
379200, 955539, 1, 0, 0
379300, 972148, 1, 0, 0
379400, 903550, 1, 0, 0
379500, 962565, 1, 0, 0
379601, 933999, 1, 0, 0
379700, 935419, 1, 0, 0
379800, 952041, 1, 0, 0
379900, 888384, 1, 0, 0
380000, 949656, 1, 0, 0
380100, 928213, 1, 0, 0
380200, 961664, 1, 0, 0
380300, 959242, 1, 0, 0
380401, 942127, 1, 0, 0
380500, 937066, 1, 0, 0
380600, 898335, 1, 0, 0
380700, 942549, 1, 0, 0
380800, 927452, 1, 0, 0
380900, 955104, 1, 0, 0
381000, 970333, 1, 0, 0
381100, 977427, 1, 0, 0
381200, 975328, 1, 0, 0
381300, 1039443, 1, 0, 0
381400, 916645, 1, 0, 0
381500, 937715, 1, 0, 0
381600, 934058, 1, 0, 0
381700, 968712, 1, 0, 0
381800, 983846, 1, 0, 0
381900, 967094, 1, 0, 0
382000, 967363, 1, 0, 0
382100, 1006978, 1, 0, 0
382200, 927890, 1, 0, 0
382300, 945158, 1, 0, 0
382400, 943174, 1, 0, 0
382500, 906639, 1, 0, 0
382600, 979501, 1, 0, 0
382700, 920396, 1, 0, 0
382800, 978654, 1, 0, 0
382900, 1011596, 1, 0, 0
383000, 891382, 1, 0, 0
383100, 957663, 1, 0, 0
383200, 1030795, 1, 0, 0
383300, 974746, 1, 0, 0
383400, 995819, 1, 0, 0
383500, 942869, 1, 0, 0
383600, 950175, 1, 0, 0
383700, 983742, 1, 0, 0
383800, 910856, 1, 0, 0
383900, 943737, 1, 0, 0
384000, 924541, 1, 0, 0
384101, 979089, 1, 0, 0
384200, 982054, 1, 0, 0
384300, 952136, 1, 0, 0
384400, 944072, 1, 0, 0
384500, 1005556, 1, 0, 0
384600, 965006, 1, 0, 0
384700, 948727, 1, 0, 0
384800, 964650, 1, 0, 0
384900, 961942, 1, 0, 0
385000, 977831, 1, 0, 0
385100, 980945, 1, 0, 0
385201, 953419, 1, 0, 0
385300, 960908, 1, 0, 0
385400, 968829, 1, 0, 0
385500, 986061, 1, 0, 0
385600, 938532, 1, 0, 0
385700, 946288, 1, 0, 0
385800, 981889, 1, 0, 0
385900, 969874, 1, 0, 0
386000, 999852, 1, 0, 0
386100, 959883, 1, 0, 0
386200, 950870, 1, 0, 0
386300, 974717, 1, 0, 0
386400, 930169, 1, 0, 0
386500, 929008, 1, 0, 0
386600, 942228, 1, 0, 0
386700, 909228, 1, 0, 0
386800, 983504, 1, 0, 0
386901, 951379, 1, 0, 0
387000, 933404, 1, 0, 0
387100, 943300, 1, 0, 0
387200, 970844, 1, 0, 0
387301, 921711, 1, 0, 0
387400, 911380, 1, 0, 0
387500, 909447, 1, 0, 0
387600, 945097, 1, 0, 0
387700, 969335, 1, 0, 0
387800, 973312, 1, 0, 0
387900, 990724, 1, 0, 0
388000, 980454, 1, 0, 0
388100, 958814, 1, 0, 0
388200, 932630, 1, 0, 0
388300, 920870, 1, 0, 0
388400, 959306, 1, 0, 0
388500, 943866, 1, 0, 0
388600, 959428, 1, 0, 0
388700, 953889, 1, 0, 0
388800, 1011369, 1, 0, 0
388900, 966690, 1, 0, 0
389000, 908077, 1, 0, 0
389100, 959282, 1, 0, 0
389200, 925110, 1, 0, 0
389300, 978860, 1, 0, 0
389400, 965437, 1, 0, 0
389500, 909360, 1, 0, 0
389600, 941319, 1, 0, 0
389700, 949257, 1, 0, 0
389800, 911194, 1, 0, 0
389900, 953583, 1, 0, 0
390000, 966680, 1, 0, 0
390100, 989737, 1, 0, 0
390201, 945295, 1, 0, 0
390300, 934216, 1, 0, 0
390400, 982689, 1, 0, 0
390500, 950820, 1, 0, 0
390601, 985566, 1, 0, 0
390700, 937443, 1, 0, 0
390800, 964414, 1, 0, 0
390900, 952704, 1, 0, 0
391001, 964613, 1, 0, 0
391100, 908533, 1, 0, 0
391200, 954566, 1, 0, 0
391300, 1070670, 1, 0, 0
391400, 966722, 1, 0, 0
391500, 905683, 1, 0, 0
391600, 958283, 1, 0, 0
391700, 928796, 1, 0, 0
391800, 1006511, 1, 0, 0
391900, 944721, 1, 0, 0
392000, 967009, 1, 0, 0
392100, 937018, 1, 0, 0
392200, 964815, 1, 0, 0
392300, 932653, 1, 0, 0
392400, 971771, 1, 0, 0
392500, 982997, 1, 0, 0
392600, 927084, 1, 0, 0
392700, 934018, 1, 0, 0
392800, 991526, 1, 0, 0
392900, 936335, 1, 0, 0
393000, 929848, 1, 0, 0
393100, 979150, 1, 0, 0
393200, 918122, 1, 0, 0
393301, 1001257, 1, 0, 0
393400, 897598, 1, 0, 0
393500, 908830, 1, 0, 0
393600, 971346, 1, 0, 0
393700, 945633, 1, 0, 0
393800, 935584, 1, 0, 0
393900, 982651, 1, 0, 0
394000, 937068, 1, 0, 0
394100, 955180, 1, 0, 0
394200, 977396, 1, 0, 0
394300, 962100, 1, 0, 0
394400, 1010801, 1, 0, 0
394500, 982482, 1, 0, 0
394600, 949560, 1, 0, 0
394701, 940572, 1, 0, 0
394800, 996344, 1, 0, 0
394900, 908029, 1, 0, 0
395000, 1029129, 1, 0, 0
395100, 984854, 1, 0, 0
395200, 961191, 1, 0, 0
395300, 944815, 1, 0, 0
395400, 960653, 1, 0, 0
395500, 962956, 1, 0, 0
395600, 959029, 1, 0, 0
395700, 974654, 1, 0, 0
395800, 986596, 1, 0, 0
395900, 974301, 1, 0, 0
396000, 1016304, 1, 0, 0
396100, 970797, 1, 0, 0
396200, 969072, 1, 0, 0
396301, 965208, 1, 0, 0
396400, 955058, 1, 0, 0
396500, 965126, 1, 0, 0
396602, 999517, 1, 0, 0
396700, 960636, 1, 0, 0
396800, 958121, 1, 0, 0
396900, 955536, 1, 0, 0
397000, 959055, 1, 0, 0
397100, 938654, 1, 0, 0
397200, 984951, 1, 0, 0
397301, 916774, 1, 0, 0
397400, 1069852, 1, 0, 0
397500, 953353, 1, 0, 0
397600, 937701, 1, 0, 0
397700, 918260, 1, 0, 0
397800, 939055, 1, 0, 0
397900, 977236, 1, 0, 0
398000, 987429, 1, 0, 0
398100, 945830, 1, 0, 0
398200, 1043699, 1, 0, 0
398300, 1018546, 1, 0, 0
398400, 952182, 1, 0, 0
398500, 977759, 1, 0, 0
398600, 960682, 1, 0, 0
398700, 917392, 1, 0, 0
398800, 1062617, 1, 0, 0
398900, 974005, 1, 0, 0
399000, 998662, 1, 0, 0
399100, 1016743, 1, 0, 0
399200, 937697, 1, 0, 0
399300, 944344, 1, 0, 0
399400, 937193, 1, 0, 0
399500, 995221, 1, 0, 0
399600, 955282, 1, 0, 0
399700, 930749, 1, 0, 0
399800, 979580, 1, 0, 0
399900, 973447, 1, 0, 0
400000, 945336, 1, 0, 0
400100, 939037, 1, 0, 0
400201, 995096, 1, 0, 0
400300, 953985, 1, 0, 0
400400, 1043521, 1, 0, 0
400500, 988649, 1, 0, 0
400600, 922808, 1, 0, 0
400700, 972666, 1, 0, 0
400800, 925543, 1, 0, 0
400900, 957321, 1, 0, 0
401000, 925780, 1, 0, 0
401100, 965978, 1, 0, 0
401200, 954949, 1, 0, 0
401300, 938741, 1, 0, 0
401400, 967918, 1, 0, 0
401500, 980442, 1, 0, 0
401600, 1009906, 1, 0, 0
401700, 1018766, 1, 0, 0
401800, 920469, 1, 0, 0
401900, 1007251, 1, 0, 0
402000, 973280, 1, 0, 0
402100, 907205, 1, 0, 0
402200, 939599, 1, 0, 0
402300, 960757, 1, 0, 0
402400, 943016, 1, 0, 0
402500, 951334, 1, 0, 0
402600, 926085, 1, 0, 0
402700, 967055, 1, 0, 0
402800, 1011445, 1, 0, 0
402900, 959693, 1, 0, 0
403002, 1060200, 1, 0, 0
403100, 1029558, 1, 0, 0
403200, 990227, 1, 0, 0
403300, 990860, 1, 0, 0
403400, 934687, 1, 0, 0
403500, 935223, 1, 0, 0
403600, 942060, 1, 0, 0
403701, 920224, 1, 0, 0
403800, 989186, 1, 0, 0
403900, 994461, 1, 0, 0
404000, 933859, 1, 0, 0
404100, 893899, 1, 0, 0
404200, 949165, 1, 0, 0
404300, 977032, 1, 0, 0
404400, 933055, 1, 0, 0
404500, 945822, 1, 0, 0
404600, 925541, 1, 0, 0
404700, 929940, 1, 0, 0
404800, 939757, 1, 0, 0
404900, 942871, 1, 0, 0
405000, 956120, 1, 0, 0
405100, 898711, 1, 0, 0
405200, 1012541, 1, 0, 0
405300, 980220, 1, 0, 0
405400, 971530, 1, 0, 0
405500, 925425, 1, 0, 0
405600, 984307, 1, 0, 0
405700, 948024, 1, 0, 0
405800, 927352, 1, 0, 0
405900, 932457, 1, 0, 0
406000, 935043, 1, 0, 0
406100, 968089, 1, 0, 0
406200, 968221, 1, 0, 0
406300, 935159, 1, 0, 0
406400, 951897, 1, 0, 0
406500, 949879, 1, 0, 0
406600, 916869, 1, 0, 0
406700, 969567, 1, 0, 0
406800, 1008582, 1, 0, 0
406900, 947679, 1, 0, 0
407000, 1005234, 1, 0, 0
407100, 978508, 1, 0, 0
407200, 951576, 1, 0, 0
407300, 918107, 1, 0, 0
407400, 1013609, 1, 0, 0
407500, 967511, 1, 0, 0
407600, 1003747, 1, 0, 0
407700, 974481, 1, 0, 0
407800, 973186, 1, 0, 0
407900, 928056, 1, 0, 0
408000, 942884, 1, 0, 0
408100, 947593, 1, 0, 0
408200, 939250, 1, 0, 0
408300, 973753, 1, 0, 0
408400, 1017317, 1, 0, 0
408500, 969485, 1, 0, 0
408600, 944293, 1, 0, 0
408700, 982726, 1, 0, 0
408800, 940064, 1, 0, 0
408900, 937077, 1, 0, 0
409000, 917741, 1, 0, 0
409100, 970848, 1, 0, 0
409200, 900881, 1, 0, 0
409300, 931718, 1, 0, 0
409401, 980096, 1, 0, 0
409500, 902342, 1, 0, 0
409600, 973195, 1, 0, 0
409700, 969365, 1, 0, 0
409800, 1110268, 1, 0, 0
409900, 942879, 1, 0, 0
410000, 981459, 1, 0, 0
410100, 975109, 1, 0, 0
410200, 957130, 1, 0, 0
410300, 934934, 1, 0, 0
410401, 988974, 1, 0, 0
410500, 932188, 1, 0, 0
410600, 971486, 1, 0, 0
410700, 952084, 1, 0, 0
410800, 958393, 1, 0, 0
410901, 996623, 1, 0, 0
411000, 906312, 1, 0, 0
411100, 930305, 1, 0, 0
411200, 966342, 1, 0, 0
411300, 1007232, 1, 0, 0
411400, 917152, 1, 0, 0
411500, 951329, 1, 0, 0
411600, 969570, 1, 0, 0
411700, 911003, 1, 0, 0
411800, 992187, 1, 0, 0
411900, 923976, 1, 0, 0
412000, 962976, 1, 0, 0
412100, 914733, 1, 0, 0
412200, 916803, 1, 0, 0
412300, 969222, 1, 0, 0
412400, 1005921, 1, 0, 0
412500, 966583, 1, 0, 0
412600, 953054, 1, 0, 0
412700, 959952, 1, 0, 0
412800, 977895, 1, 0, 0
412900, 901041, 1, 0, 0
413000, 934051, 1, 0, 0
413101, 956869, 1, 0, 0
413200, 913498, 1, 0, 0
413300, 907411, 1, 0, 0
413400, 950325, 1, 0, 0
413500, 991575, 1, 0, 0
413601, 978376, 1, 0, 0
413700, 945242, 1, 0, 0
413800, 969549, 1, 0, 0
413900, 958533, 1, 0, 0
414000, 941175, 1, 0, 0
414100, 955958, 1, 0, 0
414200, 985899, 1, 0, 0
414300, 980785, 1, 0, 0
414400, 975244, 1, 0, 0
414500, 978975, 1, 0, 0
414600, 940098, 1, 0, 0
414700, 1018858, 1, 0, 0
414800, 959287, 1, 0, 0
414900, 987434, 1, 0, 0
415000, 954380, 1, 0, 0
415100, 928902, 1, 0, 0
415200, 933123, 1, 0, 0
415301, 983535, 1, 0, 0
415400, 971539, 1, 0, 0
415500, 945092, 1, 0, 0
415600, 960343, 1, 0, 0
415700, 951784, 1, 0, 0
415800, 986465, 1, 0, 0
415900, 917600, 1, 0, 0
416000, 978897, 1, 0, 0
416100, 934377, 1, 0, 0
416200, 959042, 1, 0, 0
416300, 979587, 1, 0, 0
416400, 977593, 1, 0, 0
416500, 964908, 1, 0, 0
416600, 969326, 1, 0, 0
416700, 917463, 1, 0, 0
416800, 905662, 1, 0, 0
416900, 903002, 1, 0, 0
417000, 943652, 1, 0, 0
417100, 965316, 1, 0, 0
417200, 982964, 1, 0, 0
417300, 957186, 1, 0, 0
417400, 936947, 1, 0, 0
417500, 961165, 1, 0, 0
417600, 933090, 1, 0, 0
417700, 929646, 1, 0, 0
417800, 929814, 1, 0, 0
417900, 933144, 1, 0, 0
418000, 946243, 1, 0, 0
418100, 931093, 1, 0, 0
418200, 961243, 1, 0, 0
418300, 942759, 1, 0, 0
418400, 930101, 1, 0, 0
418500, 982216, 1, 0, 0
418600, 949924, 1, 0, 0
418700, 991009, 1, 0, 0
418802, 968861, 1, 0, 0
418900, 956776, 1, 0, 0
419000, 953032, 1, 0, 0
419100, 967772, 1, 0, 0
419200, 949291, 1, 0, 0
419300, 967182, 1, 0, 0
419400, 977920, 1, 0, 0
419500, 1010996, 1, 0, 0
419600, 949651, 1, 0, 0
419700, 965068, 1, 0, 0
419800, 974555, 1, 0, 0
419900, 933336, 1, 0, 0
420000, 925184, 1, 0, 0
420100, 914957, 1, 0, 0
420200, 972122, 1, 0, 0
420300, 941362, 1, 0, 0
420400, 946596, 1, 0, 0
420500, 927784, 1, 0, 0
420600, 992276, 1, 0, 0
420700, 933418, 1, 0, 0
420801, 955056, 1, 0, 0
420900, 961823, 1, 0, 0
421000, 971369, 1, 0, 0
421100, 931676, 1, 0, 0
421200, 970325, 1, 0, 0
421300, 932579, 1, 0, 0
421400, 962513, 1, 0, 0
421500, 965585, 1, 0, 0
421600, 937087, 1, 0, 0
421700, 947613, 1, 0, 0
421805, 981473, 1, 0, 0
421900, 951837, 1, 0, 0
422000, 960326, 1, 0, 0
422100, 1016510, 1, 0, 0
422200, 974875, 1, 0, 0
422300, 914404, 1, 0, 0
422400, 940624, 1, 0, 0
422500, 979739, 1, 0, 0
422600, 958916, 1, 0, 0
422700, 970137, 1, 0, 0
422800, 944859, 1, 0, 0
422900, 928232, 1, 0, 0
423000, 979969, 1, 0, 0
423101, 989308, 1, 0, 0
423200, 961359, 1, 0, 0
423300, 929991, 1, 0, 0
423400, 963499, 1, 0, 0
423500, 928601, 1, 0, 0
423600, 923890, 1, 0, 0
423700, 901415, 1, 0, 0
423800, 948290, 1, 0, 0
423900, 980504, 1, 0, 0
424000, 955579, 1, 0, 0
424100, 968189, 1, 0, 0
424200, 956967, 1, 0, 0
424300, 943664, 1, 0, 0
424400, 968263, 1, 0, 0
424500, 957321, 1, 0, 0
424600, 942561, 1, 0, 0
424700, 934988, 1, 0, 0
424800, 983837, 1, 0, 0
424900, 981892, 1, 0, 0
425000, 951543, 1, 0, 0
425100, 996555, 1, 0, 0
425200, 951834, 1, 0, 0
425300, 964685, 1, 0, 0
425401, 988693, 1, 0, 0
425500, 942914, 1, 0, 0
425600, 978620, 1, 0, 0
425700, 969878, 1, 0, 0
425800, 956132, 1, 0, 0
425900, 906312, 1, 0, 0
426000, 983077, 1, 0, 0
426100, 983062, 1, 0, 0
426200, 914247, 1, 0, 0
426301, 991392, 1, 0, 0
426400, 944807, 1, 0, 0
426500, 988382, 1, 0, 0
426600, 945105, 1, 0, 0
426700, 945101, 1, 0, 0
426800, 930912, 1, 0, 0
426900, 1016463, 1, 0, 0
427000, 963849, 1, 0, 0
427100, 924336, 1, 0, 0
427200, 977815, 1, 0, 0
427301, 935365, 1, 0, 0
427400, 927083, 1, 0, 0
427500, 971594, 1, 0, 0
427600, 976122, 1, 0, 0
427700, 959390, 1, 0, 0
427800, 925238, 1, 0, 0
427900, 955189, 1, 0, 0
428000, 959066, 1, 0, 0
428100, 935345, 1, 0, 0
428200, 940972, 1, 0, 0
428300, 938310, 1, 0, 0
428400, 955570, 1, 0, 0
428500, 970846, 1, 0, 0
428600, 955084, 1, 0, 0
428700, 904978, 1, 0, 0
428800, 939356, 1, 0, 0
428900, 915690, 1, 0, 0
429000, 964696, 1, 0, 0
429100, 970883, 1, 0, 0
429200, 979107, 1, 0, 0
429300, 940500, 1, 0, 0
429400, 977938, 1, 0, 0
429500, 968751, 1, 0, 0
429600, 978846, 1, 0, 0
429700, 975773, 1, 0, 0
429800, 984668, 1, 0, 0
429900, 984686, 1, 0, 0
430000, 966078, 1, 0, 0
430102, 945752, 1, 0, 0
430200, 928612, 1, 0, 0
430300, 958524, 1, 0, 0
430401, 1022241, 1, 0, 0
430500, 934566, 1, 0, 0
430600, 987437, 1, 0, 0
430700, 983063, 1, 0, 0
430800, 932484, 1, 0, 0
430900, 950055, 1, 0, 0
431000, 951952, 1, 0, 0
431100, 967694, 1, 0, 0
431200, 944856, 1, 0, 0
431300, 988467, 1, 0, 0
431400, 975016, 1, 0, 0
431500, 961123, 1, 0, 0
431600, 1009059, 1, 0, 0
431700, 972696, 1, 0, 0
431800, 929876, 1, 0, 0
431900, 975402, 1, 0, 0
432000, 1027247, 1, 0, 0
432101, 947276, 1, 0, 0
432201, 987349, 1, 0, 0
432300, 973267, 1, 0, 0
432400, 1029417, 1, 0, 0
432500, 956126, 1, 0, 0
432600, 943709, 1, 0, 0
432700, 930315, 1, 0, 0
432800, 966690, 1, 0, 0
432900, 1026114, 1, 0, 0
433000, 1001500, 1, 0, 0
433100, 959597, 1, 0, 0
433200, 965451, 1, 0, 0
433300, 925626, 1, 0, 0
433400, 941071, 1, 0, 0
433500, 943908, 1, 0, 0
433600, 991518, 1, 0, 0
433700, 959733, 1, 0, 0
433800, 971850, 1, 0, 0
433900, 991863, 1, 0, 0
434000, 983251, 1, 0, 0
434100, 948115, 1, 0, 0
434200, 968941, 1, 0, 0
434301, 974424, 1, 0, 0
434400, 971749, 1, 0, 0
434500, 978074, 1, 0, 0
434600, 969800, 1, 0, 0
434700, 933242, 1, 0, 0
434800, 962354, 1, 0, 0
434900, 960130, 1, 0, 0
435000, 981668, 1, 0, 0
435100, 964820, 1, 0, 0
435200, 915716, 1, 0, 0
435300, 932963, 1, 0, 0
435401, 924067, 1, 0, 0
435500, 943523, 1, 0, 0
435600, 926686, 1, 0, 0
435700, 973348, 1, 0, 0
435800, 965013, 1, 0, 0
435900, 944871, 1, 0, 0
436000, 957399, 1, 0, 0
436100, 961135, 1, 0, 0
436200, 921491, 1, 0, 0
436300, 958460, 1, 0, 0
436400, 1014307, 1, 0, 0
436500, 942012, 1, 0, 0
436600, 1003902, 1, 0, 0
436700, 940812, 1, 0, 0
436800, 945534, 1, 0, 0
436900, 907841, 1, 0, 0
437000, 979597, 1, 0, 0
437100, 1014386, 1, 0, 0
437200, 979037, 1, 0, 0
437300, 982596, 1, 0, 0
437401, 1009166, 1, 0, 0
437500, 953640, 1, 0, 0
437600, 996508, 1, 0, 0
437700, 978042, 1, 0, 0
437800, 989447, 1, 0, 0
437900, 926360, 1, 0, 0
438000, 944748, 1, 0, 0
438100, 942760, 1, 0, 0
438200, 947339, 1, 0, 0
438300, 927032, 1, 0, 0
438400, 963074, 1, 0, 0
438500, 956420, 1, 0, 0
438600, 969799, 1, 0, 0
438701, 945978, 1, 0, 0
438800, 963106, 1, 0, 0
438900, 976513, 1, 0, 0
439000, 990707, 1, 0, 0
439100, 977529, 1, 0, 0
439200, 1007643, 1, 0, 0
439300, 963730, 1, 0, 0
439400, 978509, 1, 0, 0
439500, 976337, 1, 0, 0
439601, 1026786, 1, 0, 0
439700, 957345, 1, 0, 0
439800, 960734, 1, 0, 0
439900, 979881, 1, 0, 0
440001, 986418, 1, 0, 0
440100, 960132, 1, 0, 0
440200, 982883, 1, 0, 0
440300, 987099, 1, 0, 0
440400, 1005638, 1, 0, 0
440500, 959880, 1, 0, 0
440600, 953214, 1, 0, 0
440700, 967695, 1, 0, 0
440800, 964333, 1, 0, 0
440901, 994797, 1, 0, 0
441001, 1021835, 1, 0, 0
441100, 985640, 1, 0, 0
441200, 966600, 1, 0, 0
441300, 940235, 1, 0, 0
441400, 958102, 1, 0, 0
441500, 949511, 1, 0, 0
441600, 993152, 1, 0, 0
441700, 939822, 1, 0, 0
441800, 932955, 1, 0, 0
441900, 963914, 1, 0, 0
442000, 991452, 1, 0, 0
442100, 941940, 1, 0, 0
442200, 990529, 1, 0, 0
442300, 982855, 1, 0, 0
442400, 962299, 1, 0, 0
442500, 941679, 1, 0, 0
442600, 993901, 1, 0, 0
442700, 994888, 1, 0, 0
442800, 955243, 1, 0, 0
442900, 944400, 1, 0, 0
443000, 966547, 1, 0, 0
443100, 961668, 1, 0, 0
443200, 911352, 1, 0, 0
443300, 970503, 1, 0, 0
443400, 936217, 1, 0, 0
443500, 899463, 1, 0, 0
443600, 967661, 1, 0, 0
443700, 944870, 1, 0, 0
443800, 971508, 1, 0, 0
443900, 924016, 1, 0, 0
444000, 958017, 1, 0, 0
444100, 917704, 1, 0, 0
444200, 950612, 1, 0, 0
444300, 966149, 1, 0, 0
444400, 919018, 1, 0, 0
444500, 975236, 1, 0, 0
444600, 925072, 1, 0, 0
444700, 953065, 1, 0, 0
444800, 926148, 1, 0, 0
444900, 950142, 1, 0, 0
445000, 945568, 1, 0, 0
445100, 999840, 1, 0, 0
445200, 942185, 1, 0, 0
445300, 946049, 1, 0, 0
445400, 949840, 1, 0, 0
445500, 932239, 1, 0, 0
445600, 916897, 1, 0, 0
445700, 920425, 1, 0, 0
445800, 932476, 1, 0, 0
445901, 984488, 1, 0, 0
446001, 950749, 1, 0, 0
446100, 1028380, 1, 0, 0
446200, 980591, 1, 0, 0
446300, 1012380, 1, 0, 0
446400, 1004097, 1, 0, 0
446500, 919481, 1, 0, 0
446601, 959735, 1, 0, 0
446700, 979101, 1, 0, 0
446800, 946528, 1, 0, 0
446900, 923207, 1, 0, 0
447000, 972053, 1, 0, 0
447100, 935322, 1, 0, 0
447200, 951416, 1, 0, 0
447300, 926977, 1, 0, 0
447400, 942444, 1, 0, 0
447500, 950807, 1, 0, 0
447600, 1010953, 1, 0, 0
447700, 983906, 1, 0, 0
447800, 939881, 1, 0, 0
447900, 945245, 1, 0, 0
448000, 978946, 1, 0, 0
448100, 946518, 1, 0, 0
448200, 944134, 1, 0, 0
448301, 937387, 1, 0, 0
448400, 972856, 1, 0, 0
448500, 985206, 1, 0, 0
448601, 930304, 1, 0, 0
448700, 926565, 1, 0, 0
448800, 1000467, 1, 0, 0
448900, 960075, 1, 0, 0
449000, 971391, 1, 0, 0
449101, 1035437, 1, 0, 0
449200, 930984, 1, 0, 0
449300, 1001371, 1, 0, 0
449400, 954543, 1, 0, 0
449500, 973535, 1, 0, 0
449600, 983873, 1, 0, 0
449700, 982202, 1, 0, 0
449800, 963835, 1, 0, 0
449900, 968420, 1, 0, 0
450000, 1015507, 1, 0, 0
450100, 977679, 1, 0, 0
450200, 1042941, 1, 0, 0
450300, 948569, 1, 0, 0
450400, 955790, 1, 0, 0
450500, 1030491, 1, 0, 0
450600, 956230, 1, 0, 0
450700, 1015476, 1, 0, 0
450800, 990028, 1, 0, 0
450900, 1018339, 1, 0, 0
451000, 1012903, 1, 0, 0
451101, 1002189, 1, 0, 0
451200, 998003, 1, 0, 0
451300, 1003585, 1, 0, 0
451400, 963703, 1, 0, 0
451500, 966178, 1, 0, 0
451600, 937454, 1, 0, 0
451700, 1015577, 1, 0, 0
451800, 999383, 1, 0, 0
451900, 1078637, 1, 0, 0
452000, 957987, 1, 0, 0
452101, 1023107, 1, 0, 0
452200, 1015232, 1, 0, 0
452300, 970609, 1, 0, 0
452400, 933256, 1, 0, 0
452500, 923526, 1, 0, 0
452600, 946095, 1, 0, 0
452700, 936884, 1, 0, 0
452800, 965726, 1, 0, 0
452902, 951585, 1, 0, 0
453000, 1000457, 1, 0, 0
453100, 956043, 1, 0, 0
453200, 981020, 1, 0, 0
453300, 995280, 1, 0, 0
453400, 1015924, 1, 0, 0
453500, 980587, 1, 0, 0
453600, 948543, 1, 0, 0
453700, 989489, 1, 0, 0
453800, 980753, 1, 0, 0
453900, 995532, 1, 0, 0
454000, 976108, 1, 0, 0
454100, 917582, 1, 0, 0
454200, 958619, 1, 0, 0
454300, 929613, 1, 0, 0
454400, 967152, 1, 0, 0
454500, 951387, 1, 0, 0
454600, 973693, 1, 0, 0
454700, 947821, 1, 0, 0
454800, 940539, 1, 0, 0
454900, 981173, 1, 0, 0
455000, 903292, 1, 0, 0
455100, 958973, 1, 0, 0
455200, 983320, 1, 0, 0
455300, 950862, 1, 0, 0
455400, 911050, 1, 0, 0
455500, 963067, 1, 0, 0
455600, 974459, 1, 0, 0
455700, 998382, 1, 0, 0
455800, 931772, 1, 0, 0
455900, 936953, 1, 0, 0
456000, 936606, 1, 0, 0
456101, 970861, 1, 0, 0
456200, 959088, 1, 0, 0
456300, 918926, 1, 0, 0
456400, 961512, 1, 0, 0
456500, 981117, 1, 0, 0
456600, 914771, 1, 0, 0
456700, 939604, 1, 0, 0
456800, 909038, 1, 0, 0
456900, 963385, 1, 0, 0
457000, 966346, 1, 0, 0
457100, 992399, 1, 0, 0
457200, 992258, 1, 0, 0
457300, 895357, 1, 0, 0
457400, 909265, 1, 0, 0
457500, 987057, 1, 0, 0
457600, 985492, 1, 0, 0
457700, 942610, 1, 0, 0
457800, 986002, 1, 0, 0
457900, 959356, 1, 0, 0
458000, 941481, 1, 0, 0
458100, 984536, 1, 0, 0
458200, 984716, 1, 0, 0
458300, 984795, 1, 0, 0
458400, 909290, 1, 0, 0
458500, 966382, 1, 0, 0
458600, 1013378, 1, 0, 0
458701, 961567, 1, 0, 0
458800, 1081184, 1, 0, 0
458900, 977446, 1, 0, 0
459000, 1033290, 1, 0, 0
459100, 972033, 1, 0, 0
459200, 967703, 1, 0, 0
459300, 979131, 1, 0, 0
459402, 1002635, 1, 0, 0
459501, 951926, 1, 0, 0
459600, 993561, 1, 0, 0
459700, 1035879, 1, 0, 0
459800, 945236, 1, 0, 0
459900, 976903, 1, 0, 0
460000, 954527, 1, 0, 0
460101, 974318, 1, 0, 0
460200, 988756, 1, 0, 0
460300, 964251, 1, 0, 0
460400, 961516, 1, 0, 0
460500, 936221, 1, 0, 0
460600, 1026846, 1, 0, 0
460700, 982695, 1, 0, 0
460800, 1064401, 1, 0, 0
460900, 1004924, 1, 0, 0
461000, 976093, 1, 0, 0
461100, 959437, 1, 0, 0
461200, 967723, 1, 0, 0
461300, 946868, 1, 0, 0
461400, 975337, 1, 0, 0
461500, 987669, 1, 0, 0
461600, 1007861, 1, 0, 0
461700, 972316, 1, 0, 0
461800, 924834, 1, 0, 0
461900, 932854, 1, 0, 0
462000, 909656, 1, 0, 0
462100, 985526, 1, 0, 0
462200, 929365, 1, 0, 0
462300, 1006196, 1, 0, 0
462400, 958604, 1, 0, 0
462500, 1027559, 1, 0, 0
462600, 990179, 1, 0, 0
462700, 995787, 1, 0, 0
462800, 975408, 1, 0, 0
462900, 925918, 1, 0, 0
463000, 940472, 1, 0, 0
463100, 1015012, 1, 0, 0
463200, 989630, 1, 0, 0
463300, 952606, 1, 0, 0
463400, 953335, 1, 0, 0
463500, 912527, 1, 0, 0
463600, 951761, 1, 0, 0
463700, 928843, 1, 0, 0
463800, 959650, 1, 0, 0
463900, 1000608, 1, 0, 0
464001, 936742, 1, 0, 0
464100, 950904, 1, 0, 0
464200, 899294, 1, 0, 0
464300, 931089, 1, 0, 0
464400, 970748, 1, 0, 0
464500, 937250, 1, 0, 0
464600, 1003774, 1, 0, 0
464702, 957742, 1, 0, 0
464800, 928160, 1, 0, 0
464900, 951879, 1, 0, 0
465000, 982349, 1, 0, 0
465100, 923156, 1, 0, 0
465200, 948259, 1, 0, 0
465300, 957222, 1, 0, 0
465400, 986584, 1, 0, 0
465500, 940718, 1, 0, 0
465600, 960476, 1, 0, 0
465700, 948509, 1, 0, 0
465800, 940293, 1, 0, 0
465900, 995199, 1, 0, 0
466000, 928949, 1, 0, 0
466100, 977171, 1, 0, 0
466200, 992351, 1, 0, 0
466300, 973400, 1, 0, 0
466400, 932461, 1, 0, 0
466500, 938479, 1, 0, 0
466601, 967356, 1, 0, 0
466700, 933298, 1, 0, 0
466800, 971679, 1, 0, 0
466900, 1062519, 1, 0, 0
467000, 988211, 1, 0, 0
467100, 1076268, 1, 0, 0
467200, 998747, 1, 0, 0
467300, 966342, 1, 0, 0
467400, 999220, 1, 0, 0
467500, 999368, 1, 0, 0
467600, 988749, 1, 0, 0
467700, 987149, 1, 0, 0
467800, 971026, 1, 0, 0
467900, 971443, 1, 0, 0
468000, 983364, 1, 0, 0
468100, 964680, 1, 0, 0
468201, 978624, 1, 0, 0
468300, 945743, 1, 0, 0
468400, 1006837, 1, 0, 0
468500, 1097102, 1, 0, 0
468600, 960320, 1, 0, 0
468701, 1041480, 1, 0, 0
468800, 952593, 1, 0, 0
468900, 1000430, 1, 0, 0
469000, 959327, 1, 0, 0
469100, 943529, 1, 0, 0
469200, 983732, 1, 0, 0
469300, 948480, 1, 0, 0
469400, 960630, 1, 0, 0
469500, 988950, 1, 0, 0
469600, 1000620, 1, 0, 0
469701, 955403, 1, 0, 0
469800, 966425, 1, 0, 0
469900, 957388, 1, 0, 0
470000, 1017023, 1, 0, 0
470100, 995541, 1, 0, 0
470200, 964023, 1, 0, 0
470300, 993093, 1, 0, 0
470400, 942510, 1, 0, 0
470501, 964931, 1, 0, 0
470600, 943933, 1, 0, 0
470700, 961396, 1, 0, 0
470800, 964847, 1, 0, 0
470900, 946077, 1, 0, 0
471000, 943661, 1, 0, 0
471102, 1020618, 1, 0, 0
471200, 989214, 1, 0, 0
471300, 953283, 1, 0, 0
471400, 967251, 1, 0, 0
471500, 947424, 1, 0, 0
471600, 988466, 1, 0, 0
471700, 945161, 1, 0, 0
471801, 964641, 1, 0, 0
471900, 979278, 1, 0, 0
472000, 988014, 1, 0, 0
472100, 1019791, 1, 0, 0
472200, 954709, 1, 0, 0
472301, 1007493, 1, 0, 0
472400, 940865, 1, 0, 0
472500, 966728, 1, 0, 0
472600, 992243, 1, 0, 0
472700, 1018441, 1, 0, 0
472800, 986542, 1, 0, 0
472900, 954152, 1, 0, 0
473000, 1010132, 1, 0, 0
473100, 1078201, 1, 0, 0
473200, 1016750, 1, 0, 0
473300, 1015375, 1, 0, 0
473400, 949055, 1, 0, 0
473500, 953270, 1, 0, 0
473600, 975796, 1, 0, 0
473700, 979785, 1, 0, 0
473800, 964498, 1, 0, 0
473900, 944561, 1, 0, 0
474000, 977601, 1, 0, 0
474100, 1005537, 1, 0, 0
474200, 961368, 1, 0, 0
474300, 968440, 1, 0, 0
474400, 982157, 1, 0, 0
474500, 927518, 1, 0, 0
474600, 948522, 1, 0, 0
474700, 943162, 1, 0, 0
474800, 958411, 1, 0, 0
474900, 1062450, 1, 0, 0
475000, 957040, 1, 0, 0
475100, 951805, 1, 0, 0
475200, 966660, 1, 0, 0
475300, 946711, 1, 0, 0
475400, 973513, 1, 0, 0
475500, 916068, 1, 0, 0
475600, 1006149, 1, 0, 0
475700, 938453, 1, 0, 0
475800, 938485, 1, 0, 0
475900, 973412, 1, 0, 0
476000, 959501, 1, 0, 0
476100, 928753, 1, 0, 0
476200, 949393, 1, 0, 0
476300, 888309, 1, 0, 0
476400, 889647, 1, 0, 0
476500, 976525, 1, 0, 0
476600, 919046, 1, 0, 0
476700, 956828, 1, 0, 0
476800, 933787, 1, 0, 0
476900, 942160, 1, 0, 0
477000, 917967, 1, 0, 0
477100, 950513, 1, 0, 0
477200, 948221, 1, 0, 0
477300, 909724, 1, 0, 0
477400, 939866, 1, 0, 0
477500, 896024, 1, 0, 0
477600, 920030, 1, 0, 0
477700, 925881, 1, 0, 0
477800, 933791, 1, 0, 0
477900, 997266, 1, 0, 0
478000, 977509, 1, 0, 0
478100, 926942, 1, 0, 0
478200, 952160, 1, 0, 0
478300, 1023780, 1, 0, 0
478401, 943547, 1, 0, 0
478500, 950964, 1, 0, 0
478600, 935286, 1, 0, 0
478700, 939358, 1, 0, 0
478800, 956922, 1, 0, 0
478900, 959043, 1, 0, 0
479000, 950404, 1, 0, 0
479100, 963013, 1, 0, 0
479200, 910277, 1, 0, 0
479300, 944541, 1, 0, 0
479400, 916461, 1, 0, 0
479500, 966001, 1, 0, 0
479600, 952844, 1, 0, 0
479700, 952100, 1, 0, 0
479800, 963891, 1, 0, 0
479900, 950908, 1, 0, 0
480000, 963891, 1, 0, 0
480100, 944925, 1, 0, 0
480200, 969276, 1, 0, 0
480300, 953566, 1, 0, 0
480400, 973300, 1, 0, 0
480500, 924444, 1, 0, 0
480600, 913305, 1, 0, 0
480700, 959100, 1, 0, 0
480800, 971119, 1, 0, 0
480900, 923676, 1, 0, 0
481000, 1015988, 1, 0, 0
481100, 963180, 1, 0, 0
481200, 951437, 1, 0, 0
481300, 978884, 1, 0, 0
481400, 995973, 1, 0, 0
481500, 972964, 1, 0, 0
481600, 936562, 1, 0, 0
481700, 957722, 1, 0, 0
481800, 940448, 1, 0, 0
481900, 951048, 1, 0, 0
482000, 1006372, 1, 0, 0
482100, 977939, 1, 0, 0
482200, 962046, 1, 0, 0
482300, 950388, 1, 0, 0
482400, 977479, 1, 0, 0
482500, 999248, 1, 0, 0
482600, 930996, 1, 0, 0
482700, 887736, 1, 0, 0
482800, 931647, 1, 0, 0
482900, 942291, 1, 0, 0
483000, 925318, 1, 0, 0
483100, 943163, 1, 0, 0
483200, 979971, 1, 0, 0
483300, 974642, 1, 0, 0
483400, 966187, 1, 0, 0
483500, 993382, 1, 0, 0
483600, 925042, 1, 0, 0
483700, 975775, 1, 0, 0
483800, 977703, 1, 0, 0
483900, 957841, 1, 0, 0
484000, 1020353, 1, 0, 0
484100, 943808, 1, 0, 0
484200, 940352, 1, 0, 0
484300, 981848, 1, 0, 0
484400, 910089, 1, 0, 0
484500, 936194, 1, 0, 0
484600, 970952, 1, 0, 0
484700, 1008347, 1, 0, 0
484800, 938423, 1, 0, 0
484900, 982432, 1, 0, 0
485000, 925575, 1, 0, 0
485101, 978850, 1, 0, 0
485200, 940346, 1, 0, 0
485300, 1026464, 1, 0, 0
485400, 946982, 1, 0, 0
485500, 936748, 1, 0, 0
485600, 976861, 1, 0, 0
485700, 954862, 1, 0, 0
485800, 1008374, 1, 0, 0
485900, 962928, 1, 0, 0
486000, 949001, 1, 0, 0
486100, 962842, 1, 0, 0
486200, 958517, 1, 0, 0
486300, 978919, 1, 0, 0
486400, 935595, 1, 0, 0
486500, 991758, 1, 0, 0
486600, 947707, 1, 0, 0
486700, 986747, 1, 0, 0
486800, 930155, 1, 0, 0
486900, 1015645, 1, 0, 0
487000, 1013180, 1, 0, 0
487100, 965794, 1, 0, 0
487201, 949590, 1, 0, 0
487300, 999234, 1, 0, 0
487400, 995588, 1, 0, 0
487500, 990422, 1, 0, 0
487600, 990161, 1, 0, 0
487700, 947338, 1, 0, 0
487800, 904486, 1, 0, 0
487900, 986580, 1, 0, 0
488000, 957469, 1, 0, 0
488100, 949896, 1, 0, 0
488200, 978415, 1, 0, 0
488300, 973370, 1, 0, 0
488400, 973630, 1, 0, 0
488501, 943036, 1, 0, 0
488600, 950622, 1, 0, 0
488700, 941068, 1, 0, 0
488800, 985982, 1, 0, 0
488900, 1031866, 1, 0, 0
489000, 989448, 1, 0, 0
489100, 930999, 1, 0, 0
489200, 981779, 1, 0, 0
489300, 1032590, 1, 0, 0
489400, 1022168, 1, 0, 0
489500, 971368, 1, 0, 0
489600, 966028, 1, 0, 0
489700, 977871, 1, 0, 0
489800, 976103, 1, 0, 0
489900, 985926, 1, 0, 0
490000, 1009011, 1, 0, 0
490100, 963314, 1, 0, 0
490200, 925716, 1, 0, 0
490300, 941185, 1, 0, 0
490400, 933328, 1, 0, 0
490500, 969382, 1, 0, 0
490600, 921748, 1, 0, 0
490700, 927977, 1, 0, 0
490800, 959204, 1, 0, 0
490900, 977887, 1, 0, 0
491000, 1007278, 1, 0, 0
491101, 960924, 1, 0, 0
491200, 913609, 1, 0, 0
491300, 978769, 1, 0, 0
491400, 972592, 1, 0, 0
491500, 959740, 1, 0, 0
491600, 955328, 1, 0, 0
491700, 1017135, 1, 0, 0
491800, 965190, 1, 0, 0
491900, 1014366, 1, 0, 0
492000, 956782, 1, 0, 0
492100, 1001923, 1, 0, 0
492201, 978184, 1, 0, 0
492300, 951169, 1, 0, 0
492400, 978905, 1, 0, 0
492500, 1101486, 1, 0, 0
492600, 952509, 1, 0, 0
492700, 939546, 1, 0, 0
492800, 1010978, 1, 0, 0
492900, 991442, 1, 0, 0
493000, 948078, 1, 0, 0
493100, 1007467, 1, 0, 0
493200, 968481, 1, 0, 0
493300, 919380, 1, 0, 0
493400, 981698, 1, 0, 0
493500, 994625, 1, 0, 0
493600, 957776, 1, 0, 0
493700, 965543, 1, 0, 0
493800, 980161, 1, 0, 0
493900, 985377, 1, 0, 0
494000, 1026231, 1, 0, 0
494100, 989473, 1, 0, 0
494200, 911436, 1, 0, 0
494300, 947652, 1, 0, 0
494400, 940734, 1, 0, 0
494500, 924090, 1, 0, 0
494600, 972777, 1, 0, 0
494700, 968125, 1, 0, 0
494800, 942944, 1, 0, 0
494900, 976559, 1, 0, 0
495000, 980141, 1, 0, 0
495101, 986746, 1, 0, 0
495200, 918351, 1, 0, 0
495300, 953772, 1, 0, 0
495400, 1011918, 1, 0, 0
495500, 984750, 1, 0, 0
495600, 929784, 1, 0, 0
495700, 927562, 1, 0, 0
495800, 918290, 1, 0, 0
495900, 978563, 1, 0, 0
496000, 970895, 1, 0, 0
496100, 992564, 1, 0, 0
496200, 993388, 1, 0, 0
496300, 946060, 1, 0, 0
496400, 936870, 1, 0, 0
496500, 955088, 1, 0, 0
496600, 965009, 1, 0, 0
496700, 923138, 1, 0, 0
496800, 897812, 1, 0, 0
496900, 978462, 1, 0, 0
497000, 996322, 1, 0, 0
497100, 924723, 1, 0, 0
497200, 995038, 1, 0, 0
497300, 917621, 1, 0, 0
497400, 913473, 1, 0, 0
497502, 953807, 1, 0, 0
497600, 1027691, 1, 0, 0
497700, 946319, 1, 0, 0
497800, 905816, 1, 0, 0
497900, 1007691, 1, 0, 0
498000, 1046897, 1, 0, 0
498100, 932452, 1, 0, 0
498200, 914904, 1, 0, 0
498300, 942140, 1, 0, 0
498400, 942393, 1, 0, 0
498501, 979653, 1, 0, 0
498600, 927306, 1, 0, 0
498700, 1047490, 1, 0, 0
498800, 915923, 1, 0, 0
498900, 1031037, 1, 0, 0
499000, 995097, 1, 0, 0
499100, 990432, 1, 0, 0
499200, 1036974, 1, 0, 0
499300, 933583, 1, 0, 0
499400, 967553, 1, 0, 0
499500, 952779, 1, 0, 0
499600, 942777, 1, 0, 0
499700, 912286, 1, 0, 0
499800, 941788, 1, 0, 0
499900, 964774, 1, 0, 0
500000, 985589, 1, 0, 0
500100, 930015, 1, 0, 0
500200, 948489, 1, 0, 0
500300, 1003827, 1, 0, 0
500400, 948874, 1, 0, 0
500500, 924331, 1, 0, 0
500600, 984003, 1, 0, 0
500700, 984520, 1, 0, 0
500800, 949765, 1, 0, 0
500900, 998774, 1, 0, 0
501000, 963962, 1, 0, 0
501100, 949178, 1, 0, 0
501200, 972432, 1, 0, 0
501300, 1033897, 1, 0, 0
501400, 988267, 1, 0, 0
501500, 1030494, 1, 0, 0
501601, 1052456, 1, 0, 0
501700, 934987, 1, 0, 0
501800, 946643, 1, 0, 0
501900, 938033, 1, 0, 0
502000, 942489, 1, 0, 0
502100, 968624, 1, 0, 0
502200, 952600, 1, 0, 0
502300, 909885, 1, 0, 0
502400, 922100, 1, 0, 0
502500, 936241, 1, 0, 0
502600, 934686, 1, 0, 0
502700, 976074, 1, 0, 0
502800, 927292, 1, 0, 0
502900, 943712, 1, 0, 0
503000, 903326, 1, 0, 0
503100, 983866, 1, 0, 0
503200, 920929, 1, 0, 0
503300, 909345, 1, 0, 0
503400, 981083, 1, 0, 0
503500, 985851, 1, 0, 0
503600, 1066999, 1, 0, 0
503700, 967643, 1, 0, 0
503801, 969211, 1, 0, 0
503900, 1001000, 1, 0, 0
504000, 990514, 1, 0, 0
504100, 939412, 1, 0, 0
504200, 942161, 1, 0, 0
504301, 978131, 1, 0, 0
504400, 951018, 1, 0, 0
504501, 991507, 1, 0, 0
504600, 1007601, 1, 0, 0
504700, 969293, 1, 0, 0
504800, 931801, 1, 0, 0
504900, 932773, 1, 0, 0
505000, 959715, 1, 0, 0
505100, 981704, 1, 0, 0
505200, 956036, 1, 0, 0
505300, 1071436, 1, 0, 0
505400, 1009902, 1, 0, 0
505500, 905463, 1, 0, 0
505600, 998477, 1, 0, 0
505701, 996513, 1, 0, 0
505800, 967806, 1, 0, 0
505900, 959041, 1, 0, 0
506000, 966381, 1, 0, 0
506100, 984245, 1, 0, 0
506200, 976840, 1, 0, 0
506300, 966899, 1, 0, 0
506400, 973811, 1, 0, 0
506500, 938102, 1, 0, 0
506600, 937781, 1, 0, 0
506700, 914315, 1, 0, 0
506800, 928200, 1, 0, 0
506900, 913948, 1, 0, 0
507000, 932123, 1, 0, 0
507100, 900188, 1, 0, 0
507200, 963915, 1, 0, 0
507300, 944913, 1, 0, 0
507400, 914606, 1, 0, 0
507500, 948210, 1, 0, 0
507600, 947064, 1, 0, 0
507700, 928478, 1, 0, 0
507800, 964270, 1, 0, 0
507900, 950173, 1, 0, 0
508000, 1000707, 1, 0, 0
508101, 967941, 1, 0, 0
508200, 975203, 1, 0, 0
508300, 940618, 1, 0, 0
508400, 951647, 1, 0, 0
508500, 935700, 1, 0, 0
508600, 914412, 1, 0, 0
508700, 950081, 1, 0, 0
508801, 936307, 1, 0, 0
508900, 987736, 1, 0, 0
509000, 916645, 1, 0, 0
509100, 961508, 1, 0, 0
509201, 1003007, 1, 0, 0
509300, 964725, 1, 0, 0
509400, 943002, 1, 0, 0
509500, 938543, 1, 0, 0
509600, 970519, 1, 0, 0
509700, 954819, 1, 0, 0
509800, 957966, 1, 0, 0
509900, 1001357, 1, 0, 0
510000, 941039, 1, 0, 0
510100, 938903, 1, 0, 0
510204, 1024662, 1, 0, 0
510300, 939052, 1, 0, 0
510400, 961148, 1, 0, 0
510500, 908761, 1, 0, 0
510600, 973228, 1, 0, 0
510700, 958686, 1, 0, 0
510800, 931274, 1, 0, 0
510900, 945571, 1, 0, 0
511000, 1006379, 1, 0, 0
511100, 966562, 1, 0, 0
511200, 1038546, 1, 0, 0
511300, 1050435, 1, 0, 0
511400, 1012877, 1, 0, 0
511500, 999647, 1, 0, 0
511600, 954864, 1, 0, 0
511700, 1010278, 1, 0, 0
511800, 964342, 1, 0, 0
511901, 963202, 1, 0, 0
512000, 959563, 1, 0, 0
512101, 1000309, 1, 0, 0
512200, 934119, 1, 0, 0
512300, 985736, 1, 0, 0
512400, 980535, 1, 0, 0
512500, 941262, 1, 0, 0
512600, 1052955, 1, 0, 0
512700, 952408, 1, 0, 0
512800, 955033, 1, 0, 0
512901, 1012010, 1, 0, 0
513000, 925056, 1, 0, 0
513100, 996855, 1, 0, 0
513200, 941209, 1, 0, 0
513300, 1042360, 1, 0, 0
513400, 947904, 1, 0, 0
513500, 926971, 1, 0, 0
513600, 946754, 1, 0, 0
513700, 972048, 1, 0, 0
513800, 931635, 1, 0, 0
513900, 953216, 1, 0, 0
514000, 995314, 1, 0, 0
514100, 955601, 1, 0, 0
514200, 910864, 1, 0, 0
514300, 964979, 1, 0, 0
514400, 956512, 1, 0, 0
514500, 927924, 1, 0, 0
514600, 985740, 1, 0, 0
514700, 1012477, 1, 0, 0
514800, 965478, 1, 0, 0
514900, 1035109, 1, 0, 0
515000, 981589, 1, 0, 0
515100, 936532, 1, 0, 0
515200, 966385, 1, 0, 0
515300, 936672, 1, 0, 0
515400, 1032910, 1, 0, 0
515500, 962291, 1, 0, 0
515600, 970338, 1, 0, 0
515700, 932743, 1, 0, 0
515800, 964730, 1, 0, 0
515900, 942774, 1, 0, 0
516000, 951484, 1, 0, 0
516100, 972101, 1, 0, 0
516201, 1018497, 1, 0, 0
516300, 947961, 1, 0, 0
516400, 953895, 1, 0, 0
516500, 949540, 1, 0, 0
516600, 947448, 1, 0, 0
516700, 950334, 1, 0, 0
516800, 918371, 1, 0, 0
516900, 963356, 1, 0, 0
517001, 1002985, 1, 0, 0
517100, 953383, 1, 0, 0
517200, 954171, 1, 0, 0
517300, 963780, 1, 0, 0
517400, 940193, 1, 0, 0
517500, 944083, 1, 0, 0
517600, 971314, 1, 0, 0
517700, 950961, 1, 0, 0
517806, 1011194, 1, 0, 0
517900, 965628, 1, 0, 0
518000, 975752, 1, 0, 0
518100, 939740, 1, 0, 0
518200, 1000994, 1, 0, 0
518300, 987432, 1, 0, 0
518400, 966835, 1, 0, 0
518500, 980829, 1, 0, 0
518601, 943710, 1, 0, 0
518700, 933921, 1, 0, 0
518800, 943153, 1, 0, 0
518900, 929604, 1, 0, 0
519000, 947289, 1, 0, 0
519100, 965429, 1, 0, 0
519200, 965814, 1, 0, 0
519301, 1014195, 1, 0, 0
519400, 938378, 1, 0, 0
519500, 1083882, 1, 0, 0
519600, 965897, 1, 0, 0
519700, 977170, 1, 0, 0
519800, 964369, 1, 0, 0
519900, 969845, 1, 0, 0
520000, 960341, 1, 0, 0
520100, 901636, 1, 0, 0
520200, 944703, 1, 0, 0
520300, 891468, 1, 0, 0
520400, 953890, 1, 0, 0
520500, 954894, 1, 0, 0
520600, 942332, 1, 0, 0
520700, 950452, 1, 0, 0
520800, 906922, 1, 0, 0
520900, 924665, 1, 0, 0
521000, 948942, 1, 0, 0
521101, 962000, 1, 0, 0
521200, 916398, 1, 0, 0
521300, 920962, 1, 0, 0
521400, 967453, 1, 0, 0
521500, 1017532, 1, 0, 0
521601, 1067697, 1, 0, 0
521700, 917472, 1, 0, 0
521800, 932813, 1, 0, 0
521900, 916697, 1, 0, 0
522000, 987413, 1, 0, 0
522101, 927940, 1, 0, 0
522200, 941505, 1, 0, 0
522300, 921800, 1, 0, 0
522401, 943231, 1, 0, 0
522500, 965437, 1, 0, 0
522600, 917270, 1, 0, 0
522700, 890706, 1, 0, 0
522800, 912350, 1, 0, 0
522900, 945448, 1, 0, 0
523000, 1034939, 1, 0, 0
523100, 893553, 1, 0, 0
523200, 986953, 1, 0, 0
523300, 907797, 1, 0, 0
523400, 932601, 1, 0, 0
523500, 967550, 1, 0, 0
523600, 986326, 1, 0, 0
523700, 925254, 1, 0, 0
523800, 949685, 1, 0, 0
523900, 903570, 1, 0, 0
524000, 906195, 1, 0, 0
524100, 971903, 1, 0, 0
524200, 924277, 1, 0, 0
524300, 990498, 1, 0, 0
524400, 951253, 1, 0, 0
524500, 950190, 1, 0, 0
524600, 953993, 1, 0, 0
524700, 960654, 1, 0, 0
524800, 962706, 1, 0, 0
524900, 911392, 1, 0, 0
525000, 901335, 1, 0, 0
525100, 885386, 1, 0, 0
525200, 981388, 1, 0, 0
525301, 946294, 1, 0, 0
525400, 978854, 1, 0, 0
525500, 900537, 1, 0, 0
525600, 932656, 1, 0, 0
525702, 956228, 1, 0, 0
525800, 923586, 1, 0, 0
525900, 1048854, 1, 0, 0
526000, 962851, 1, 0, 0
526100, 988141, 1, 0, 0
526200, 941245, 1, 0, 0
526300, 938569, 1, 0, 0
526400, 960061, 1, 0, 0
526500, 953642, 1, 0, 0
526600, 957921, 1, 0, 0
526700, 905541, 1, 0, 0
526800, 995086, 1, 0, 0
526900, 946087, 1, 0, 0
527000, 984054, 1, 0, 0
527100, 951901, 1, 0, 0
527200, 945900, 1, 0, 0
527300, 973947, 1, 0, 0
527400, 930219, 1, 0, 0
527500, 977580, 1, 0, 0
527600, 922196, 1, 0, 0
527700, 991563, 1, 0, 0
527800, 886609, 1, 0, 0
527900, 926258, 1, 0, 0
528000, 979130, 1, 0, 0
528100, 929778, 1, 0, 0
528200, 938801, 1, 0, 0
528300, 960178, 1, 0, 0
528400, 967597, 1, 0, 0
528500, 969718, 1, 0, 0
528600, 937928, 1, 0, 0
528700, 937298, 1, 0, 0
528800, 966548, 1, 0, 0
528900, 960131, 1, 0, 0
529000, 1036502, 1, 0, 0
529100, 933377, 1, 0, 0
529200, 949106, 1, 0, 0
529300, 942766, 1, 0, 0
529400, 945007, 1, 0, 0
529500, 945735, 1, 0, 0
529600, 922917, 1, 0, 0
529700, 972817, 1, 0, 0
529800, 982536, 1, 0, 0
529900, 939502, 1, 0, 0
530000, 948951, 1, 0, 0
530101, 1022146, 1, 0, 0
530200, 972489, 1, 0, 0
530300, 923630, 1, 0, 0
530400, 942434, 1, 0, 0
530500, 1017560, 1, 0, 0
530600, 945298, 1, 0, 0
530700, 946982, 1, 0, 0
530800, 969858, 1, 0, 0
530900, 963961, 1, 0, 0
531000, 925114, 1, 0, 0
531100, 932851, 1, 0, 0
531200, 1002247, 1, 0, 0
531300, 948947, 1, 0, 0
531400, 959923, 1, 0, 0
531500, 951048, 1, 0, 0
531600, 952144, 1, 0, 0
531700, 947315, 1, 0, 0
531800, 969928, 1, 0, 0
531901, 1002693, 1, 0, 0
532000, 995120, 1, 0, 0
532100, 968024, 1, 0, 0
532200, 992432, 1, 0, 0
532300, 958407, 1, 0, 0
532400, 973624, 1, 0, 0
532501, 961295, 1, 0, 0
532600, 953737, 1, 0, 0
532700, 1008698, 1, 0, 0
532800, 999906, 1, 0, 0
532900, 971891, 1, 0, 0
533001, 925257, 1, 0, 0
533101, 951465, 1, 0, 0
533200, 941143, 1, 0, 0
533300, 925566, 1, 0, 0
533400, 973229, 1, 0, 0
533500, 964745, 1, 0, 0
533600, 957079, 1, 0, 0
533700, 950957, 1, 0, 0
533800, 1041226, 1, 0, 0
533900, 942592, 1, 0, 0
534000, 966487, 1, 0, 0
534100, 931927, 1, 0, 0
534200, 924308, 1, 0, 0
534300, 963851, 1, 0, 0
534400, 949596, 1, 0, 0
534500, 915281, 1, 0, 0
534600, 967765, 1, 0, 0
534700, 963055, 1, 0, 0
534800, 937128, 1, 0, 0
534900, 982313, 1, 0, 0
535000, 986721, 1, 0, 0
535101, 963392, 1, 0, 0
535201, 968447, 1, 0, 0
535300, 1021556, 1, 0, 0
535400, 976657, 1, 0, 0
535500, 960768, 1, 0, 0
535600, 930710, 1, 0, 0
535700, 933270, 1, 0, 0
535800, 975964, 1, 0, 0
535900, 961661, 1, 0, 0
536000, 924697, 1, 0, 0
536100, 969821, 1, 0, 0
536200, 942038, 1, 0, 0
536300, 908714, 1, 0, 0
536400, 959607, 1, 0, 0
536500, 948169, 1, 0, 0
536600, 921760, 1, 0, 0
536700, 956914, 1, 0, 0
536800, 961098, 1, 0, 0
536900, 1006042, 1, 0, 0
537000, 975606, 1, 0, 0
537100, 985188, 1, 0, 0
537200, 961477, 1, 0, 0
537300, 963001, 1, 0, 0
537400, 994190, 1, 0, 0
537500, 902268, 1, 0, 0
537600, 965624, 1, 0, 0
537700, 924126, 1, 0, 0
537800, 930489, 1, 0, 0
537900, 926769, 1, 0, 0
538000, 991440, 1, 0, 0
538100, 951610, 1, 0, 0
538200, 924704, 1, 0, 0
538302, 940529, 1, 0, 0
538401, 928921, 1, 0, 0
538500, 975820, 1, 0, 0
538600, 964989, 1, 0, 0
538700, 1047132, 1, 0, 0
538800, 953598, 1, 0, 0
538900, 998387, 1, 0, 0
539000, 954999, 1, 0, 0
539101, 996506, 1, 0, 0
539200, 947681, 1, 0, 0
539300, 945284, 1, 0, 0
539403, 962770, 1, 0, 0
539500, 953353, 1, 0, 0
539600, 1032290, 1, 0, 0
539700, 932798, 1, 0, 0
539800, 963087, 1, 0, 0
539900, 955924, 1, 0, 0
540000, 949655, 1, 0, 0
540100, 1015859, 1, 0, 0
540200, 944906, 1, 0, 0
540300, 926068, 1, 0, 0
540400, 943713, 1, 0, 0
540500, 913216, 1, 0, 0
540600, 930550, 1, 0, 0
540700, 939505, 1, 0, 0
540800, 925860, 1, 0, 0
540900, 977713, 1, 0, 0
541000, 933034, 1, 0, 0
541100, 943721, 1, 0, 0
541200, 962735, 1, 0, 0
541300, 971086, 1, 0, 0
541400, 925531, 1, 0, 0
541500, 949880, 1, 0, 0
541600, 958436, 1, 0, 0
541700, 912579, 1, 0, 0
541800, 963119, 1, 0, 0
541900, 967667, 1, 0, 0
542000, 936361, 1, 0, 0
542100, 971890, 1, 0, 0
542201, 976255, 1, 0, 0
542300, 918661, 1, 0, 0
542400, 949369, 1, 0, 0
542500, 950863, 1, 0, 0
542600, 956881, 1, 0, 0
542700, 952424, 1, 0, 0
542800, 992777, 1, 0, 0
542900, 1003520, 1, 0, 0
543000, 929381, 1, 0, 0
543100, 944030, 1, 0, 0
543200, 986949, 1, 0, 0
543300, 933478, 1, 0, 0
543400, 917585, 1, 0, 0
543500, 934387, 1, 0, 0
543600, 925864, 1, 0, 0
543700, 945188, 1, 0, 0
543800, 952975, 1, 0, 0
543900, 954731, 1, 0, 0
544000, 959476, 1, 0, 0
544100, 1019864, 1, 0, 0
544200, 961527, 1, 0, 0
544300, 959458, 1, 0, 0
544400, 1001185, 1, 0, 0
544500, 973131, 1, 0, 0
544600, 934066, 1, 0, 0
544700, 905900, 1, 0, 0
544800, 973441, 1, 0, 0
544900, 953998, 1, 0, 0
545000, 940022, 1, 0, 0
545100, 997596, 1, 0, 0
545200, 971618, 1, 0, 0
545301, 990929, 1, 0, 0
545400, 967131, 1, 0, 0
545500, 952063, 1, 0, 0
545600, 945785, 1, 0, 0
545700, 917015, 1, 0, 0
545800, 923112, 1, 0, 0
545900, 967820, 1, 0, 0
546000, 928889, 1, 0, 0
546100, 925153, 1, 0, 0
546200, 968638, 1, 0, 0
546301, 971566, 1, 0, 0
546400, 944350, 1, 0, 0
546500, 975726, 1, 0, 0
546600, 944365, 1, 0, 0
546700, 960771, 1, 0, 0
546800, 984415, 1, 0, 0
546900, 947753, 1, 0, 0
547000, 992149, 1, 0, 0
547100, 920048, 1, 0, 0
547200, 985992, 1, 0, 0
547300, 943496, 1, 0, 0
547400, 967390, 1, 0, 0
547500, 989223, 1, 0, 0
547600, 945958, 1, 0, 0
547701, 980328, 1, 0, 0
547800, 938491, 1, 0, 0
547900, 951258, 1, 0, 0
548000, 965693, 1, 0, 0
548100, 1006092, 1, 0, 0
548200, 965876, 1, 0, 0
548300, 979798, 1, 0, 0
548400, 947594, 1, 0, 0
548500, 979916, 1, 0, 0
548601, 948610, 1, 0, 0
548700, 902379, 1, 0, 0
548800, 959869, 1, 0, 0
548900, 985138, 1, 0, 0
549000, 909921, 1, 0, 0
549100, 935828, 1, 0, 0
549200, 986405, 1, 0, 0
549300, 1000149, 1, 0, 0
549400, 940201, 1, 0, 0
549500, 968506, 1, 0, 0
549601, 992312, 1, 0, 0
549700, 986922, 1, 0, 0
549801, 958799, 1, 0, 0
549900, 962007, 1, 0, 0
550000, 991529, 1, 0, 0
550101, 943976, 1, 0, 0
550201, 954789, 1, 0, 0
550300, 954649, 1, 0, 0
550400, 931217, 1, 0, 0
550500, 940525, 1, 0, 0
550600, 927540, 1, 0, 0
550700, 938092, 1, 0, 0
550800, 930787, 1, 0, 0
550901, 943185, 1, 0, 0
551000, 943801, 1, 0, 0
551100, 920550, 1, 0, 0
551200, 953822, 1, 0, 0
551300, 946946, 1, 0, 0
551400, 908976, 1, 0, 0
551500, 936901, 1, 0, 0
551600, 911579, 1, 0, 0
551700, 955035, 1, 0, 0
551800, 973897, 1, 0, 0
551900, 929132, 1, 0, 0
552000, 965560, 1, 0, 0
552100, 972932, 1, 0, 0
552200, 948321, 1, 0, 0
552300, 918535, 1, 0, 0
552400, 935540, 1, 0, 0
552500, 935796, 1, 0, 0
552600, 958754, 1, 0, 0
552700, 943040, 1, 0, 0
552800, 925253, 1, 0, 0
552900, 898914, 1, 0, 0
553000, 943282, 1, 0, 0
553100, 1017676, 1, 0, 0
553200, 953251, 1, 0, 0
553300, 939901, 1, 0, 0
553400, 944603, 1, 0, 0
553500, 967411, 1, 0, 0
553600, 938294, 1, 0, 0
553700, 944753, 1, 0, 0
553800, 908927, 1, 0, 0
553900, 877524, 1, 0, 0
554000, 962815, 1, 0, 0
554100, 953266, 1, 0, 0
554200, 958927, 1, 0, 0
554301, 957206, 1, 0, 0
554400, 958171, 1, 0, 0
554500, 945413, 1, 0, 0
554600, 990997, 1, 0, 0
554700, 893024, 1, 0, 0
554800, 987168, 1, 0, 0
554901, 980333, 1, 0, 0
555000, 971859, 1, 0, 0
555100, 945219, 1, 0, 0
555200, 895323, 1, 0, 0
555300, 983598, 1, 0, 0
555400, 1030669, 1, 0, 0
555500, 887670, 1, 0, 0
555600, 950297, 1, 0, 0
555700, 920149, 1, 0, 0
555800, 915447, 1, 0, 0
555900, 917955, 1, 0, 0
556000, 909143, 1, 0, 0
556100, 942852, 1, 0, 0
556200, 940054, 1, 0, 0
556300, 947978, 1, 0, 0
556400, 937841, 1, 0, 0
556500, 1037237, 1, 0, 0
556600, 956152, 1, 0, 0
556700, 918618, 1, 0, 0
556800, 998336, 1, 0, 0
556900, 949089, 1, 0, 0
557000, 901924, 1, 0, 0
557100, 917880, 1, 0, 0
557200, 1013280, 1, 0, 0
557300, 918374, 1, 0, 0
557400, 905777, 1, 0, 0
557500, 919195, 1, 0, 0
557600, 922516, 1, 0, 0
557700, 954823, 1, 0, 0
557800, 905772, 1, 0, 0
557900, 935973, 1, 0, 0
558000, 927650, 1, 0, 0
558100, 949927, 1, 0, 0
558200, 939930, 1, 0, 0
558300, 967889, 1, 0, 0
558400, 1001291, 1, 0, 0
558500, 988498, 1, 0, 0
558600, 941501, 1, 0, 0
558700, 985580, 1, 0, 0
558801, 999195, 1, 0, 0
558900, 983231, 1, 0, 0
559001, 957572, 1, 0, 0
559100, 1001895, 1, 0, 0
559200, 928814, 1, 0, 0
559300, 952378, 1, 0, 0
559400, 916013, 1, 0, 0
559500, 930220, 1, 0, 0
559600, 988048, 1, 0, 0
559700, 939411, 1, 0, 0
559800, 964790, 1, 0, 0
559900, 929655, 1, 0, 0
560000, 979285, 1, 0, 0
560100, 982136, 1, 0, 0
560200, 989198, 1, 0, 0
560300, 925360, 1, 0, 0
560400, 951998, 1, 0, 0
560500, 969650, 1, 0, 0
560600, 950163, 1, 0, 0
560700, 941741, 1, 0, 0
560800, 977249, 1, 0, 0
560900, 894169, 1, 0, 0
561000, 939402, 1, 0, 0
561100, 918628, 1, 0, 0
561200, 994495, 1, 0, 0
561300, 1001957, 1, 0, 0
561400, 926562, 1, 0, 0
561500, 957486, 1, 0, 0
561600, 942415, 1, 0, 0
561700, 911222, 1, 0, 0
561801, 941495, 1, 0, 0
561900, 975746, 1, 0, 0
562000, 954542, 1, 0, 0
562100, 962567, 1, 0, 0
562200, 949324, 1, 0, 0
562300, 937603, 1, 0, 0
562400, 928197, 1, 0, 0
562500, 938449, 1, 0, 0
562600, 934929, 1, 0, 0
562700, 999927, 1, 0, 0
562800, 973957, 1, 0, 0
562900, 870598, 1, 0, 0
563000, 948833, 1, 0, 0
563100, 964929, 1, 0, 0
563200, 946865, 1, 0, 0
563300, 923517, 1, 0, 0
563400, 957478, 1, 0, 0
563500, 1076951, 1, 0, 0
563600, 994179, 1, 0, 0
563700, 949395, 1, 0, 0
563800, 958567, 1, 0, 0
563900, 972375, 1, 0, 0
564000, 1027970, 1, 0, 0
564100, 983345, 1, 0, 0
564202, 954849, 1, 0, 0
564300, 942722, 1, 0, 0
564400, 896041, 1, 0, 0
564500, 970517, 1, 0, 0
564600, 967261, 1, 0, 0
564700, 995094, 1, 0, 0
564800, 917127, 1, 0, 0
564900, 919488, 1, 0, 0
565000, 1001512, 1, 0, 0
565100, 921270, 1, 0, 0
565200, 939115, 1, 0, 0
565300, 937275, 1, 0, 0
565400, 962138, 1, 0, 0
565500, 985856, 1, 0, 0
565600, 938058, 1, 0, 0
565700, 935324, 1, 0, 0
565800, 945472, 1, 0, 0
565900, 979742, 1, 0, 0
566000, 968104, 1, 0, 0
566100, 922951, 1, 0, 0
566200, 990267, 1, 0, 0
566300, 945780, 1, 0, 0
566400, 933674, 1, 0, 0
566501, 932204, 1, 0, 0
566600, 926158, 1, 0, 0
566700, 988794, 1, 0, 0
566800, 1000128, 1, 0, 0
566900, 1002470, 1, 0, 0
567000, 932005, 1, 0, 0
567100, 953532, 1, 0, 0
567200, 959234, 1, 0, 0
567301, 936074, 1, 0, 0
567401, 1010671, 1, 0, 0
567500, 942099, 1, 0, 0
567601, 972845, 1, 0, 0
567700, 953256, 1, 0, 0
567800, 980554, 1, 0, 0
567900, 932196, 1, 0, 0
568000, 951304, 1, 0, 0
568100, 929820, 1, 0, 0
568200, 958390, 1, 0, 0
568301, 948701, 1, 0, 0
568400, 929015, 1, 0, 0
568500, 911144, 1, 0, 0
568600, 941776, 1, 0, 0
568700, 949329, 1, 0, 0
568800, 968715, 1, 0, 0
568900, 1014210, 1, 0, 0
569000, 986640, 1, 0, 0
569101, 950193, 1, 0, 0
569200, 942845, 1, 0, 0
569300, 957835, 1, 0, 0
569400, 944841, 1, 0, 0
569500, 959395, 1, 0, 0
569600, 944659, 1, 0, 0
569700, 971599, 1, 0, 0
569800, 998684, 1, 0, 0
569900, 920251, 1, 0, 0
570000, 969344, 1, 0, 0
570100, 967634, 1, 0, 0
570200, 974674, 1, 0, 0
570300, 953827, 1, 0, 0
570400, 969322, 1, 0, 0
570501, 939235, 1, 0, 0
570600, 939964, 1, 0, 0
570700, 973159, 1, 0, 0
570800, 939610, 1, 0, 0
570900, 970989, 1, 0, 0
571000, 923614, 1, 0, 0
571100, 954088, 1, 0, 0
571200, 977076, 1, 0, 0
571300, 1003586, 1, 0, 0
571400, 980013, 1, 0, 0
571500, 1004934, 1, 0, 0
571600, 960310, 1, 0, 0
571700, 901989, 1, 0, 0
571800, 933529, 1, 0, 0
571900, 922575, 1, 0, 0
572000, 974838, 1, 0, 0
572100, 939020, 1, 0, 0
572200, 931903, 1, 0, 0
572300, 974964, 1, 0, 0
572400, 941748, 1, 0, 0
572500, 965217, 1, 0, 0
572600, 953133, 1, 0, 0
572700, 990519, 1, 0, 0
572800, 918870, 1, 0, 0
572900, 968198, 1, 0, 0
573000, 954313, 1, 0, 0
573100, 912606, 1, 0, 0
573200, 920829, 1, 0, 0
573300, 986565, 1, 0, 0
573400, 903403, 1, 0, 0
573501, 942949, 1, 0, 0
573600, 916594, 1, 0, 0
573700, 938164, 1, 0, 0
573800, 936509, 1, 0, 0
573900, 978378, 1, 0, 0
574000, 959254, 1, 0, 0
574100, 969523, 1, 0, 0
574200, 921918, 1, 0, 0
574300, 973581, 1, 0, 0
574400, 913977, 1, 0, 0
574500, 909791, 1, 0, 0
574600, 924035, 1, 0, 0
574700, 926335, 1, 0, 0
574800, 979955, 1, 0, 0
574901, 982791, 1, 0, 0
575000, 938843, 1, 0, 0
575100, 941758, 1, 0, 0
575200, 928948, 1, 0, 0
575300, 976050, 1, 0, 0
575400, 935582, 1, 0, 0
575500, 936741, 1, 0, 0
575600, 968914, 1, 0, 0
575700, 934809, 1, 0, 0
575800, 969014, 1, 0, 0
575900, 963937, 1, 0, 0
576001, 1015936, 1, 0, 0
576100, 935918, 1, 0, 0
576200, 1014491, 1, 0, 0
576300, 935509, 1, 0, 0
576400, 943837, 1, 0, 0
576500, 947177, 1, 0, 0
576600, 938385, 1, 0, 0
576700, 925321, 1, 0, 0
576800, 939855, 1, 0, 0
576900, 944088, 1, 0, 0
577000, 944324, 1, 0, 0
577100, 970832, 1, 0, 0
577200, 927832, 1, 0, 0
577300, 975543, 1, 0, 0
577400, 929243, 1, 0, 0
577500, 959661, 1, 0, 0
577601, 979190, 1, 0, 0
577700, 922400, 1, 0, 0
577800, 990178, 1, 0, 0
577900, 954668, 1, 0, 0
578000, 962599, 1, 0, 0
578100, 950552, 1, 0, 0
578200, 993992, 1, 0, 0
578300, 963125, 1, 0, 0
578400, 962085, 1, 0, 0
578501, 957715, 1, 0, 0
578600, 914834, 1, 0, 0
578700, 944680, 1, 0, 0
578800, 892963, 1, 0, 0
578900, 930110, 1, 0, 0
579000, 899626, 1, 0, 0
579100, 918898, 1, 0, 0
579200, 953724, 1, 0, 0
579300, 963195, 1, 0, 0
579400, 961448, 1, 0, 0
579500, 969896, 1, 0, 0
579600, 963712, 1, 0, 0
579700, 967528, 1, 0, 0
579800, 951469, 1, 0, 0
579900, 1018593, 1, 0, 0
580000, 944698, 1, 0, 0
580100, 920976, 1, 0, 0
580200, 947907, 1, 0, 0
580300, 874064, 1, 0, 0
580400, 977903, 1, 0, 0
580500, 963892, 1, 0, 0
580600, 938752, 1, 0, 0
580701, 990571, 1, 0, 0
580800, 980833, 1, 0, 0
580900, 914023, 1, 0, 0
581000, 978580, 1, 0, 0
581100, 926606, 1, 0, 0
581200, 960225, 1, 0, 0
581300, 989533, 1, 0, 0
581400, 945056, 1, 0, 0
581500, 947864, 1, 0, 0
581600, 904834, 1, 0, 0
581700, 928596, 1, 0, 0
581800, 986973, 1, 0, 0
581900, 951057, 1, 0, 0
582001, 962477, 1, 0, 0
582100, 965903, 1, 0, 0
582200, 905792, 1, 0, 0
582300, 970756, 1, 0, 0
582400, 947913, 1, 0, 0
582500, 934451, 1, 0, 0
582600, 931651, 1, 0, 0
582700, 955655, 1, 0, 0
582800, 979642, 1, 0, 0
582900, 956383, 1, 0, 0
583000, 940273, 1, 0, 0
583100, 945471, 1, 0, 0
583200, 902858, 1, 0, 0
583300, 983456, 1, 0, 0
583401, 932803, 1, 0, 0
583500, 984476, 1, 0, 0
583600, 941026, 1, 0, 0
583700, 953896, 1, 0, 0
583800, 920417, 1, 0, 0
583900, 938636, 1, 0, 0
584001, 1006744, 1, 0, 0
584100, 940853, 1, 0, 0
584200, 960050, 1, 0, 0
584300, 940274, 1, 0, 0
584400, 988570, 1, 0, 0
584500, 1058187, 1, 0, 0
584600, 986004, 1, 0, 0
584700, 937275, 1, 0, 0
584800, 1011762, 1, 0, 0
584900, 946005, 1, 0, 0
585000, 927276, 1, 0, 0
585100, 1014114, 1, 0, 0
585200, 978936, 1, 0, 0
585300, 921182, 1, 0, 0
585400, 962091, 1, 0, 0
585500, 1016741, 1, 0, 0
585600, 995939, 1, 0, 0
585700, 923453, 1, 0, 0
585800, 970871, 1, 0, 0
585900, 975262, 1, 0, 0
586000, 946333, 1, 0, 0
586100, 918632, 1, 0, 0
586200, 931733, 1, 0, 0
586300, 991179, 1, 0, 0
586400, 936186, 1, 0, 0
586500, 935478, 1, 0, 0
586600, 961314, 1, 0, 0
586700, 1009644, 1, 0, 0
586801, 960300, 1, 0, 0
586900, 1025048, 1, 0, 0
587000, 971758, 1, 0, 0
587100, 930728, 1, 0, 0
587201, 990682, 1, 0, 0
587300, 951338, 1, 0, 0
587400, 1026922, 1, 0, 0
587500, 869014, 1, 0, 0
587600, 935909, 1, 0, 0
587700, 1001978, 1, 0, 0
587801, 954025, 1, 0, 0
587900, 932463, 1, 0, 0
588000, 879358, 1, 0, 0
588100, 950626, 1, 0, 0
588200, 936163, 1, 0, 0
588300, 939173, 1, 0, 0
588400, 931282, 1, 0, 0
588500, 946843, 1, 0, 0
588600, 900033, 1, 0, 0
588700, 918441, 1, 0, 0
588800, 983529, 1, 0, 0
588900, 924938, 1, 0, 0
589000, 938594, 1, 0, 0
589100, 978509, 1, 0, 0
589200, 954822, 1, 0, 0
589300, 964422, 1, 0, 0
589400, 961338, 1, 0, 0
589500, 1012456, 1, 0, 0
589600, 951449, 1, 0, 0
589700, 973302, 1, 0, 0
589801, 934246, 1, 0, 0
589900, 962420, 1, 0, 0
590000, 964603, 1, 0, 0
590100, 1066482, 1, 0, 0
590200, 988743, 1, 0, 0
590300, 1024555, 1, 0, 0
590400, 959558, 1, 0, 0
590500, 939840, 1, 0, 0
590600, 979129, 1, 0, 0
590700, 941510, 1, 0, 0
590800, 896290, 1, 0, 0
590900, 958700, 1, 0, 0
591000, 946202, 1, 0, 0
591100, 934958, 1, 0, 0
591200, 971705, 1, 0, 0
591300, 909559, 1, 0, 0
591400, 932782, 1, 0, 0
591500, 974987, 1, 0, 0
591600, 932811, 1, 0, 0
591700, 991351, 1, 0, 0
591801, 945928, 1, 0, 0
591900, 969794, 1, 0, 0
592000, 997164, 1, 0, 0
592100, 943620, 1, 0, 0
592200, 986131, 1, 0, 0
592301, 987406, 1, 0, 0
592400, 940880, 1, 0, 0
592500, 986330, 1, 0, 0
592600, 937131, 1, 0, 0
592700, 986004, 1, 0, 0
592800, 979938, 1, 0, 0
592900, 939631, 1, 0, 0
593000, 945775, 1, 0, 0
593100, 943254, 1, 0, 0
593200, 967908, 1, 0, 0
593300, 956936, 1, 0, 0
593400, 949746, 1, 0, 0
593500, 904193, 1, 0, 0
593600, 1013315, 1, 0, 0
593700, 1003138, 1, 0, 0
593800, 995566, 1, 0, 0
593900, 970724, 1, 0, 0
594000, 966142, 1, 0, 0
594100, 929039, 1, 0, 0
594200, 942684, 1, 0, 0
594300, 972503, 1, 0, 0
594400, 983415, 1, 0, 0
594500, 963300, 1, 0, 0
594600, 979268, 1, 0, 0
594700, 934654, 1, 0, 0
594801, 946063, 1, 0, 0
594900, 941322, 1, 0, 0
595000, 1009700, 1, 0, 0
595100, 935800, 1, 0, 0
595200, 937211, 1, 0, 0
595300, 948985, 1, 0, 0
595400, 916680, 1, 0, 0
595500, 908765, 1, 0, 0
595600, 954703, 1, 0, 0
595700, 997041, 1, 0, 0
595800, 969300, 1, 0, 0
595900, 935576, 1, 0, 0
596000, 943190, 1, 0, 0
596100, 977550, 1, 0, 0
596200, 921326, 1, 0, 0
596300, 911976, 1, 0, 0
596400, 940043, 1, 0, 0
596500, 908249, 1, 0, 0
596600, 979439, 1, 0, 0
596700, 956895, 1, 0, 0
596800, 939227, 1, 0, 0
596900, 995910, 1, 0, 0
597000, 912813, 1, 0, 0
597101, 965706, 1, 0, 0
597200, 975385, 1, 0, 0
597300, 970324, 1, 0, 0
597400, 928956, 1, 0, 0
597500, 973637, 1, 0, 0
597600, 964393, 1, 0, 0
597700, 942535, 1, 0, 0
597800, 992091, 1, 0, 0
597900, 964515, 1, 0, 0
598000, 996657, 1, 0, 0
598100, 972943, 1, 0, 0
598200, 964927, 1, 0, 0
598300, 938698, 1, 0, 0
598400, 916950, 1, 0, 0
598500, 963748, 1, 0, 0
598600, 928840, 1, 0, 0
598700, 953692, 1, 0, 0
598800, 944968, 1, 0, 0
598900, 957864, 1, 0, 0
599000, 958846, 1, 0, 0
599100, 979208, 1, 0, 0
599200, 946292, 1, 0, 0
599300, 992609, 1, 0, 0
599400, 945466, 1, 0, 0
599500, 1002261, 1, 0, 0
599600, 943941, 1, 0, 0
599700, 970879, 1, 0, 0
599800, 999662, 1, 0, 0
599900, 959919, 1, 0, 0
600000, 1005800, 1, 0, 0
