250, 684, 1, 0, 0
350, 690, 1, 0, 0
450, 690, 1, 0, 0
550, 680, 1, 0, 0
650, 740, 1, 0, 0
749, 717, 1, 0, 0
849, 730, 1, 0, 0
949, 700, 1, 0, 0
1049, 700, 1, 0, 0
1149, 720, 1, 0, 0
1249, 670, 1, 0, 0
1349, 700, 1, 0, 0
1449, 710, 1, 0, 0
1550, 700, 1, 0, 0
1650, 700, 1, 0, 0
1749, 696, 1, 0, 0
1849, 700, 1, 0, 0
1949, 720, 1, 0, 0
2049, 720, 1, 0, 0
2149, 680, 1, 0, 0
2249, 690, 1, 0, 0
2349, 700, 1, 0, 0
2449, 690, 1, 0, 0
2549, 720, 1, 0, 0
2650, 700, 1, 0, 0
2749, 707, 1, 0, 0
2849, 740, 1, 0, 0
2949, 720, 1, 0, 0
3049, 720, 1, 0, 0
3149, 660, 1, 0, 0
3249, 700, 1, 0, 0
3349, 720, 1, 0, 0
3449, 710, 1, 0, 0
3549, 740, 1, 0, 0
3649, 680, 1, 0, 0
3749, 690, 1, 0, 0
3849, 710, 1, 0, 0
3950, 690, 1, 0, 0
4050, 680, 1, 0, 0
4150, 680, 1, 0, 0
4249, 727, 1, 0, 0
4349, 660, 1, 0, 0
4449, 730, 1, 0, 0
4549, 720, 1, 0, 0
4649, 710, 1, 0, 0
4749, 670, 1, 0, 0
4849, 670, 1, 0, 0
4949, 700, 1, 0, 0
5050, 690, 1, 0, 0
5150, 750, 1, 0, 0
5249, 737, 1, 0, 0
5349, 730, 1, 0, 0
5449, 710, 1, 0, 0
5549, 700, 1, 0, 0
5649, 680, 1, 0, 0
5749, 710, 1, 0, 0
5849, 700, 1, 0, 0
5949, 750, 1, 0, 0
6049, 750, 1, 0, 0
6149, 690, 1, 0, 0
6250, 720, 1, 0, 0
6350, 710, 1, 0, 0
6450, 710, 1, 0, 0
6550, 680, 1, 0, 0
6650, 700, 1, 0, 0
6749, 717, 1, 0, 0
6849, 760, 1, 0, 0
6949, 700, 1, 0, 0
7049, 690, 1, 0, 0
7149, 700, 1, 0, 0
7249, 730, 1, 0, 0
7349, 700, 1, 0, 0
7449, 700, 1, 0, 0
7550, 710, 1, 0, 0
7650, 710, 1, 0, 0
7749, 696, 1, 0, 0
7849, 690, 1, 0, 0
7949, 730, 1, 0, 0
8049, 730, 1, 0, 0
8149, 720, 1, 0, 0
8249, 740, 1, 0, 0
8349, 710, 1, 0, 0
8449, 690, 1, 0, 0
8549, 710, 1, 0, 0
8649, 680, 1, 0, 0
8750, 720, 1, 0, 0
8850, 720, 1, 0, 0
8950, 700, 1, 0, 0
9050, 730, 1, 0, 0
9150, 710, 1, 0, 0
9249, 686, 1, 0, 0
9349, 700, 1, 0, 0
9449, 680, 1, 0, 0
9549, 710, 1, 0, 0
9649, 720, 1, 0, 0
9749, 740, 1, 0, 0
9849, 740, 1, 0, 0
9949, 720, 1, 0, 0
10050, 670, 1, 0, 0
10150, 720, 1, 0, 0
10249, 727, 1, 0, 0
10349, 710, 1, 0, 0
10449, 730, 1, 0, 0
10549, 730, 1, 0, 0
10649, 690, 1, 0, 0
10749, 700, 1, 0, 0
10849, 700, 1, 0, 0
10949, 690, 1, 0, 0
11049, 710, 1, 0, 0
11149, 690, 1, 0, 0
11250, 730, 1, 0, 0
11350, 690, 1, 0, 0
11450, 650, 1, 0, 0
11550, 720, 1, 0, 0
11650, 750, 1, 0, 0
11749, 717, 1, 0, 0
11849, 730, 1, 0, 0
11949, 730, 1, 0, 0
12049, 730, 1, 0, 0
12149, 680, 1, 0, 0
12249, 700, 1, 0, 0
12349, 710, 1, 0, 0
12449, 670, 1, 0, 0
12550, 680, 1, 0, 0
12650, 680, 1, 0, 0
12749, 717, 1, 0, 0
12849, 740, 1, 0, 0
12949, 700, 1, 0, 0
13049, 680, 1, 0, 0
13149, 750, 1, 0, 0
13249, 740, 1, 0, 0
13349, 710, 1, 0, 0
13449, 720, 1, 0, 0
13549, 790, 1, 0, 0
13649, 730, 1, 0, 0
13750, 720, 1, 0, 0
13850, 670, 1, 0, 0
13950, 710, 1, 0, 0
14050, 720, 1, 0, 0
14150, 760, 1, 0, 0
14249, 707, 1, 0, 0
14349, 750, 1, 0, 0
14449, 750, 1, 0, 0
14549, 720, 1, 0, 0
14649, 710, 1, 0, 0
14749, 690, 1, 0, 0
14849, 750, 1, 0, 0
14949, 730, 1, 0, 0
15050, 750, 1, 0, 0
15150, 720, 1, 0, 0
15249, 727, 1, 0, 0
15349, 720, 1, 0, 0
15449, 710, 1, 0, 0
15549, 700, 1, 0, 0
15649, 740, 1, 0, 0
15749, 710, 1, 0, 0
15849, 690, 1, 0, 0
15949, 730, 1, 0, 0
16049, 700, 1, 0, 0
16150, 710, 1, 0, 0
16249, 696, 1, 0, 0
16349, 720, 1, 0, 0
16449, 720, 1, 0, 0
16549, 710, 1, 0, 0
16649, 710, 1, 0, 0
16749, 700, 1, 0, 0
16849, 730, 1, 0, 0
16949, 710, 1, 0, 0
17049, 700, 1, 0, 0
17149, 690, 1, 0, 0
17249, 730, 1, 0, 0
17350, 700, 1, 0, 0
17450, 680, 1, 0, 0
17550, 700, 1, 0, 0
17650, 720, 1, 0, 0
17749, 707, 1, 0, 0
17849, 760, 1, 0, 0
17949, 740, 1, 0, 0
18049, 760, 1, 0, 0
18149, 700, 1, 0, 0
18249, 710, 1, 0, 0
18349, 710, 1, 0, 0
18449, 690, 1, 0, 0
18550, 760, 1, 0, 0
18650, 750, 1, 0, 0
18749, 717, 1, 0, 0
18849, 700, 1, 0, 0
18949, 720, 1, 0, 0
19049, 780, 1, 0, 0
19149, 740, 1, 0, 0
19249, 680, 1, 0, 0
19349, 730, 1, 0, 0
19449, 750, 1, 0, 0
19549, 720, 1, 0, 0
19649, 720, 1, 0, 0
19749, 740, 1, 0, 0
19850, 700, 1, 0, 0
19950, 770, 1, 0, 0
20050, 720, 1, 0, 0
20150, 700, 1, 0, 0
20249, 737, 1, 0, 0
20349, 700, 1, 0, 0
20449, 740, 1, 0, 0
20549, 760, 1, 0, 0
20649, 740, 1, 0, 0
20749, 730, 1, 0, 0
20849, 740, 1, 0, 0
20949, 660, 1, 0, 0
21050, 760, 1, 0, 0
21150, 750, 1, 0, 0
21249, 747, 1, 0, 0
21349, 720, 1, 0, 0
21449, 690, 1, 0, 0
21549, 700, 1, 0, 0
21649, 720, 1, 0, 0
21749, 720, 1, 0, 0
21849, 720, 1, 0, 0
21949, 730, 1, 0, 0
22049, 730, 1, 0, 0
22149, 740, 1, 0, 0
22249, 750, 1, 0, 0
22350, 750, 1, 0, 0
22450, 730, 1, 0, 0
22550, 700, 1, 0, 0
22650, 710, 1, 0, 0
22749, 727, 1, 0, 0
22849, 770, 1, 0, 0
22949, 700, 1, 0, 0
23049, 690, 1, 0, 0
23149, 730, 1, 0, 0
23249, 750, 1, 0, 0
23349, 740, 1, 0, 0
23449, 730, 1, 0, 0
23550, 740, 1, 0, 0
23650, 730, 1, 0, 0
23749, 707, 1, 0, 0
23849, 740, 1, 0, 0
23949, 720, 1, 0, 0
24049, 730, 1, 0, 0
24149, 730, 1, 0, 0
24249, 750, 1, 0, 0
24349, 710, 1, 0, 0
24449, 740, 1, 0, 0
24549, 720, 1, 0, 0
24649, 750, 1, 0, 0
24750, 740, 1, 0, 0
24850, 700, 1, 0, 0
24950, 730, 1, 0, 0
25050, 730, 1, 0, 0
25150, 720, 1, 0, 0
25249, 707, 1, 0, 0
25349, 680, 1, 0, 0
25449, 690, 1, 0, 0
25549, 710, 1, 0, 0
25649, 690, 1, 0, 0
25749, 710, 1, 0, 0
25849, 700, 1, 0, 0
25949, 730, 1, 0, 0
26050, 700, 1, 0, 0
26150, 710, 1, 0, 0
26249, 747, 1, 0, 0
26349, 690, 1, 0, 0
26449, 750, 1, 0, 0
26549, 740, 1, 0, 0
26649, 730, 1, 0, 0
26749, 720, 1, 0, 0
26849, 710, 1, 0, 0
26949, 730, 1, 0, 0
27049, 730, 1, 0, 0
27149, 740, 1, 0, 0
27250, 710, 1, 0, 0
27350, 740, 1, 0, 0
27450, 750, 1, 0, 0
27550, 730, 1, 0, 0
27650, 760, 1, 0, 0
27749, 757, 1, 0, 0
27849, 760, 1, 0, 0
27949, 760, 1, 0, 0
28049, 750, 1, 0, 0
28149, 710, 1, 0, 0
28249, 720, 1, 0, 0
28349, 730, 1, 0, 0
28449, 760, 1, 0, 0
28550, 760, 1, 0, 0
28650, 750, 1, 0, 0
28749, 717, 1, 0, 0
28849, 770, 1, 0, 0
28949, 760, 1, 0, 0
29049, 750, 1, 0, 0
29149, 680, 1, 0, 0
29249, 790, 1, 0, 0
29349, 740, 1, 0, 0
29449, 730, 1, 0, 0
29549, 750, 1, 0, 0
29649, 730, 1, 0, 0
29749, 750, 1, 0, 0
29850, 760, 1, 0, 0
29950, 780, 1, 0, 0
30050, 780, 1, 0, 0
30150, 730, 1, 0, 0
30249, 767, 1, 0, 0
30349, 770, 1, 0, 0
30449, 780, 1, 0, 0
30549, 720, 1, 0, 0
30649, 730, 1, 0, 0
30749, 750, 1, 0, 0
30849, 730, 1, 0, 0
30949, 760, 1, 0, 0
31049, 790, 1, 0, 0
31150, 740, 1, 0, 0
31249, 707, 1, 0, 0
31349, 730, 1, 0, 0
31449, 720, 1, 0, 0
31549, 750, 1, 0, 0
31649, 750, 1, 0, 0
31749, 770, 1, 0, 0
31849, 730, 1, 0, 0
31949, 730, 1, 0, 0
32049, 760, 1, 0, 0
32149, 760, 1, 0, 0
32249, 720, 1, 0, 0
32349, 760, 1, 0, 0
32449, 760, 1, 0, 0
32550, 740, 1, 0, 0
32650, 740, 1, 0, 0
32749, 737, 1, 0, 0
32849, 720, 1, 0, 0
32949, 750, 1, 0, 0
33049, 750, 1, 0, 0
33149, 730, 1, 0, 0
33249, 740, 1, 0, 0
33349, 720, 1, 0, 0
33449, 740, 1, 0, 0
33549, 740, 1, 0, 0
33650, 720, 1, 0, 0
33749, 767, 1, 0, 0
33849, 750, 1, 0, 0
33949, 710, 1, 0, 0
34049, 760, 1, 0, 0
34149, 760, 1, 0, 0
34249, 740, 1, 0, 0
34349, 740, 1, 0, 0
34449, 760, 1, 0, 0
34549, 710, 1, 0, 0
34649, 740, 1, 0, 0
34749, 790, 1, 0, 0
34850, 720, 1, 0, 0
34950, 720, 1, 0, 0
35050, 720, 1, 0, 0
35150, 750, 1, 0, 0
35249, 727, 1, 0, 0
35349, 770, 1, 0, 0
35449, 750, 1, 0, 0
35549, 770, 1, 0, 0
35649, 770, 1, 0, 0
35749, 770, 1, 0, 0
35849, 780, 1, 0, 0
35949, 750, 1, 0, 0
36050, 770, 1, 0, 0
36150, 770, 1, 0, 0
36249, 727, 1, 0, 0
36349, 760, 1, 0, 0
36449, 750, 1, 0, 0
36549, 770, 1, 0, 0
36649, 770, 1, 0, 0
36749, 770, 1, 0, 0
36849, 760, 1, 0, 0
36949, 720, 1, 0, 0
37049, 760, 1, 0, 0
37149, 770, 1, 0, 0
37250, 780, 1, 0, 0
37350, 780, 1, 0, 0
37450, 810, 1, 0, 0
37550, 770, 1, 0, 0
37650, 780, 1, 0, 0
37749, 777, 1, 0, 0
37849, 750, 1, 0, 0
37949, 720, 1, 0, 0
38049, 760, 1, 0, 0
38149, 760, 1, 0, 0
38249, 740, 1, 0, 0
38349, 800, 1, 0, 0
38449, 740, 1, 0, 0
38550, 800, 1, 0, 0
38650, 770, 1, 0, 0
38749, 787, 1, 0, 0
38849, 780, 1, 0, 0
38949, 760, 1, 0, 0
39049, 710, 1, 0, 0
39149, 730, 1, 0, 0
39249, 730, 1, 0, 0
39349, 700, 1, 0, 0
39449, 730, 1, 0, 0
39549, 740, 1, 0, 0
39650, 730, 1, 0, 0
39749, 727, 1, 0, 0
39849, 740, 1, 0, 0
39949, 720, 1, 0, 0
40049, 730, 1, 0, 0
40149, 730, 1, 0, 0
40249, 750, 1, 0, 0
40349, 740, 1, 0, 0
40449, 760, 1, 0, 0
40549, 780, 1, 0, 0
40649, 740, 1, 0, 0
40750, 760, 1, 0, 0
40850, 790, 1, 0, 0
40950, 740, 1, 0, 0
41050, 750, 1, 0, 0
41150, 760, 1, 0, 0
41249, 777, 1, 0, 0
41349, 740, 1, 0, 0
41449, 790, 1, 0, 0
41549, 760, 1, 0, 0
41649, 760, 1, 0, 0
41749, 790, 1, 0, 0
41849, 750, 1, 0, 0
41949, 760, 1, 0, 0
42050, 770, 1, 0, 0
42150, 780, 1, 0, 0
42249, 727, 1, 0, 0
42349, 750, 1, 0, 0
42449, 790, 1, 0, 0
42549, 760, 1, 0, 0
42649, 730, 1, 0, 0
42749, 760, 1, 0, 0
42849, 780, 1, 0, 0
42949, 760, 1, 0, 0
43049, 790, 1, 0, 0
43149, 750, 1, 0, 0
43249, 760, 1, 0, 0
43349, 740, 1, 0, 0
43449, 740, 1, 0, 0
43550, 720, 1, 0, 0
43650, 730, 1, 0, 0
43749, 747, 1, 0, 0
43849, 750, 1, 0, 0
43949, 760, 1, 0, 0
44049, 740, 1, 0, 0
44149, 730, 1, 0, 0
44249, 750, 1, 0, 0
44349, 750, 1, 0, 0
44449, 770, 1, 0, 0
44549, 720, 1, 0, 0
44649, 780, 1, 0, 0
44749, 800, 1, 0, 0
44850, 730, 1, 0, 0
44950, 730, 1, 0, 0
45050, 730, 1, 0, 0
45150, 740, 1, 0, 0
45249, 777, 1, 0, 0
45349, 800, 1, 0, 0
45449, 750, 1, 0, 0
45549, 750, 1, 0, 0
45649, 740, 1, 0, 0
45749, 740, 1, 0, 0
45849, 800, 1, 0, 0
45949, 740, 1, 0, 0
46049, 740, 1, 0, 0
46149, 730, 1, 0, 0
46250, 800, 1, 0, 0
46350, 810, 1, 0, 0
46450, 760, 1, 0, 0
46550, 740, 1, 0, 0
46650, 770, 1, 0, 0
46749, 787, 1, 0, 0
46849, 760, 1, 0, 0
46949, 760, 1, 0, 0
47049, 750, 1, 0, 0
47149, 720, 1, 0, 0
47249, 750, 1, 0, 0
47349, 730, 1, 0, 0
47449, 730, 1, 0, 0
47550, 780, 1, 0, 0
47650, 740, 1, 0, 0
47749, 757, 1, 0, 0
47849, 770, 1, 0, 0
47949, 770, 1, 0, 0
48049, 750, 1, 0, 0
48149, 770, 1, 0, 0
48249, 760, 1, 0, 0
48349, 740, 1, 0, 0
48449, 770, 1, 0, 0
48549, 800, 1, 0, 0
48649, 730, 1, 0, 0
48750, 750, 1, 0, 0
48850, 780, 1, 0, 0
48950, 750, 1, 0, 0
49050, 720, 1, 0, 0
49150, 720, 1, 0, 0
49249, 777, 1, 0, 0
49349, 770, 1, 0, 0
49449, 760, 1, 0, 0
49549, 760, 1, 0, 0
49649, 740, 1, 0, 0
49749, 770, 1, 0, 0
49849, 780, 1, 0, 0
49949, 710, 1, 0, 0
50050, 760, 1, 0, 0
50150, 760, 1, 0, 0
50249, 737, 1, 0, 0
50349, 770, 1, 0, 0
50449, 740, 1, 0, 0
50549, 740, 1, 0, 0
50649, 790, 1, 0, 0
50749, 760, 1, 0, 0
50849, 730, 1, 0, 0
50949, 770, 1, 0, 0
51049, 780, 1, 0, 0
51149, 760, 1, 0, 0
51250, 780, 1, 0, 0
51350, 790, 1, 0, 0
51450, 760, 1, 0, 0
51550, 740, 1, 0, 0
51650, 790, 1, 0, 0
51749, 787, 1, 0, 0
51849, 770, 1, 0, 0
51949, 730, 1, 0, 0
52049, 740, 1, 0, 0
52149, 760, 1, 0, 0
52249, 750, 1, 0, 0
52349, 790, 1, 0, 0
52449, 790, 1, 0, 0
52550, 750, 1, 0, 0
52650, 760, 1, 0, 0
52749, 747, 1, 0, 0
52849, 780, 1, 0, 0
52949, 760, 1, 0, 0
53049, 770, 1, 0, 0
53149, 770, 1, 0, 0
53249, 750, 1, 0, 0
53349, 750, 1, 0, 0
53449, 720, 1, 0, 0
53549, 770, 1, 0, 0
53649, 780, 1, 0, 0
53750, 750, 1, 0, 0
53850, 770, 1, 0, 0
53950, 780, 1, 0, 0
54050, 750, 1, 0, 0
54150, 780, 1, 0, 0
54249, 747, 1, 0, 0
54349, 710, 1, 0, 0
54449, 780, 1, 0, 0
54549, 750, 1, 0, 0
54649, 750, 1, 0, 0
54749, 760, 1, 0, 0
54849, 750, 1, 0, 0
54949, 770, 1, 0, 0
55050, 750, 1, 0, 0
55150, 770, 1, 0, 0
55249, 797, 1, 0, 0
55349, 740, 1, 0, 0
55449, 760, 1, 0, 0
55549, 720, 1, 0, 0
55649, 740, 1, 0, 0
55749, 760, 1, 0, 0
55849, 750, 1, 0, 0
55949, 740, 1, 0, 0
56049, 790, 1, 0, 0
56150, 790, 1, 0, 0
56249, 757, 1, 0, 0
56349, 750, 1, 0, 0
56449, 770, 1, 0, 0
56549, 790, 1, 0, 0
56649, 760, 1, 0, 0
56749, 750, 1, 0, 0
56849, 750, 1, 0, 0
56949, 750, 1, 0, 0
57049, 780, 1, 0, 0
57149, 730, 1, 0, 0
57249, 720, 1, 0, 0
57349, 750, 1, 0, 0
57450, 750, 1, 0, 0
57550, 740, 1, 0, 0
57650, 760, 1, 0, 0
57749, 747, 1, 0, 0
57849, 780, 1, 0, 0
57949, 750, 1, 0, 0
58049, 790, 1, 0, 0
58149, 730, 1, 0, 0
58249, 740, 1, 0, 0
58349, 750, 1, 0, 0
58449, 750, 1, 0, 0
58549, 790, 1, 0, 0
58649, 770, 1, 0, 0
58750, 780, 1, 0, 0
58850, 740, 1, 0, 0
58950, 750, 1, 0, 0
59050, 730, 1, 0, 0
59150, 720, 1, 0, 0
59249, 727, 1, 0, 0
59349, 770, 1, 0, 0
59449, 790, 1, 0, 0
59549, 740, 1, 0, 0
59649, 730, 1, 0, 0
59749, 730, 1, 0, 0
59849, 760, 1, 0, 0
59949, 760, 1, 0, 0
60050, 710, 1, 0, 0
60150, 760, 1, 0, 0
60249, 777, 1, 0, 0
60349, 750, 1, 0, 0
60449, 770, 1, 0, 0
60549, 740, 1, 0, 0
60649, 750, 1, 0, 0
60749, 710, 1, 0, 0
60849, 740, 1, 0, 0
60949, 750, 1, 0, 0
61049, 760, 1, 0, 0
61149, 740, 1, 0, 0
61249, 730, 1, 0, 0
61350, 760, 1, 0, 0
61450, 770, 1, 0, 0
61550, 740, 1, 0, 0
61650, 780, 1, 0, 0
61749, 787, 1, 0, 0
61849, 740, 1, 0, 0
61949, 780, 1, 0, 0
62049, 740, 1, 0, 0
62149, 750, 1, 0, 0
62249, 750, 1, 0, 0
62349, 770, 1, 0, 0
62449, 750, 1, 0, 0
62549, 770, 1, 0, 0
62650, 770, 1, 0, 0
62749, 777, 1, 0, 0
62849, 720, 1, 0, 0
62949, 760, 1, 0, 0
63049, 760, 1, 0, 0
63149, 770, 1, 0, 0
63249, 770, 1, 0, 0
63349, 760, 1, 0, 0
63449, 730, 1, 0, 0
63549, 760, 1, 0, 0
63649, 760, 1, 0, 0
63750, 710, 1, 0, 0
63850, 760, 1, 0, 0
63950, 750, 1, 0, 0
64050, 750, 1, 0, 0
64150, 740, 1, 0, 0
64249, 777, 1, 0, 0
64349, 760, 1, 0, 0
64449, 750, 1, 0, 0
64549, 720, 1, 0, 0
64649, 750, 1, 0, 0
64749, 750, 1, 0, 0
64849, 730, 1, 0, 0
64950, 760, 1, 0, 0
65050, 800, 1, 0, 0
65150, 760, 1, 0, 0
65249, 747, 1, 0, 0
65349, 780, 1, 0, 0
65449, 780, 1, 0, 0
65549, 750, 1, 0, 0
65649, 740, 1, 0, 0
65749, 750, 1, 0, 0
65849, 770, 1, 0, 0
65949, 740, 1, 0, 0
66049, 770, 1, 0, 0
66150, 770, 1, 0, 0
66249, 727, 1, 0, 0
66349, 740, 1, 0, 0
66449, 770, 1, 0, 0
66549, 790, 1, 0, 0
66649, 760, 1, 0, 0
66749, 730, 1, 0, 0
66849, 780, 1, 0, 0
66949, 800, 1, 0, 0
67049, 770, 1, 0, 0
67149, 770, 1, 0, 0
67249, 770, 1, 0, 0
67350, 750, 1, 0, 0
67450, 810, 1, 0, 0
67550, 750, 1, 0, 0
67650, 770, 1, 0, 0
67749, 787, 1, 0, 0
67849, 770, 1, 0, 0
67949, 740, 1, 0, 0
68049, 750, 1, 0, 0
68149, 780, 1, 0, 0
68249, 790, 1, 0, 0
68349, 740, 1, 0, 0
68449, 800, 1, 0, 0
68549, 780, 1, 0, 0
68650, 750, 1, 0, 0
68749, 767, 1, 0, 0
68849, 770, 1, 0, 0
68949, 740, 1, 0, 0
69049, 760, 1, 0, 0
69149, 800, 1, 0, 0
69249, 730, 1, 0, 0
69349, 760, 1, 0, 0
69449, 780, 1, 0, 0
69549, 800, 1, 0, 0
69649, 760, 1, 0, 0
69749, 770, 1, 0, 0
69849, 780, 1, 0, 0
69950, 720, 1, 0, 0
70050, 760, 1, 0, 0
70150, 770, 1, 0, 0
70249, 767, 1, 0, 0
70349, 780, 1, 0, 0
70449, 790, 1, 0, 0
70549, 760, 1, 0, 0
70649, 800, 1, 0, 0
70749, 820, 1, 0, 0
70849, 770, 1, 0, 0
70949, 760, 1, 0, 0
71049, 760, 1, 0, 0
71150, 770, 1, 0, 0
71250, 770, 1, 0, 0
71350, 780, 1, 0, 0
71450, 780, 1, 0, 0
71550, 790, 1, 0, 0
71650, 810, 1, 0, 0
71749, 787, 1, 0, 0
71849, 810, 1, 0, 0
71949, 740, 1, 0, 0
72049, 790, 1, 0, 0
72149, 760, 1, 0, 0
72249, 800, 1, 0, 0
72349, 770, 1, 0, 0
72450, 750, 1, 0, 0
72550, 760, 1, 0, 0
72650, 770, 1, 0, 0
72749, 767, 1, 0, 0
72849, 790, 1, 0, 0
72949, 790, 1, 0, 0
73049, 810, 1, 0, 0
73149, 800, 1, 0, 0
73249, 770, 1, 0, 0
73349, 800, 1, 0, 0
73449, 770, 1, 0, 0
73549, 740, 1, 0, 0
73649, 750, 1, 0, 0
73750, 780, 1, 0, 0
73850, 810, 1, 0, 0
73950, 760, 1, 0, 0
74050, 800, 1, 0, 0
74150, 780, 1, 0, 0
74249, 787, 1, 0, 0
74349, 780, 1, 0, 0
74449, 740, 1, 0, 0
74549, 790, 1, 0, 0
74649, 750, 1, 0, 0
74749, 740, 1, 0, 0
74849, 790, 1, 0, 0
74949, 770, 1, 0, 0
75050, 800, 1, 0, 0
75150, 750, 1, 0, 0
75249, 777, 1, 0, 0
75349, 760, 1, 0, 0
75449, 790, 1, 0, 0
75549, 820, 1, 0, 0
75649, 760, 1, 0, 0
75749, 790, 1, 0, 0
75849, 750, 1, 0, 0
75949, 780, 1, 0, 0
76049, 810, 1, 0, 0
76149, 810, 1, 0, 0
76250, 800, 1, 0, 0
76350, 800, 1, 0, 0
76450, 760, 1, 0, 0
76550, 770, 1, 0, 0
76650, 730, 1, 0, 0
76749, 787, 1, 0, 0
76849, 760, 1, 0, 0
76949, 760, 1, 0, 0
77049, 730, 1, 0, 0
77149, 800, 1, 0, 0
77249, 770, 1, 0, 0
77349, 780, 1, 0, 0
77449, 750, 1, 0, 0
77550, 810, 1, 0, 0
77650, 790, 1, 0, 0
77749, 747, 1, 0, 0
77849, 740, 1, 0, 0
77949, 750, 1, 0, 0
78049, 750, 1, 0, 0
78149, 760, 1, 0, 0
78249, 770, 1, 0, 0
78349, 780, 1, 0, 0
78449, 760, 1, 0, 0
78549, 810, 1, 0, 0
78649, 740, 1, 0, 0
78750, 770, 1, 0, 0
78850, 780, 1, 0, 0
78950, 800, 1, 0, 0
79050, 800, 1, 0, 0
79150, 780, 1, 0, 0
79249, 767, 1, 0, 0
79349, 770, 1, 0, 0
79449, 760, 1, 0, 0
79549, 790, 1, 0, 0
79649, 780, 1, 0, 0
79749, 760, 1, 0, 0
79849, 780, 1, 0, 0
79950, 790, 1, 0, 0
80050, 760, 1, 0, 0
80150, 770, 1, 0, 0
80249, 787, 1, 0, 0
80349, 750, 1, 0, 0
80449, 780, 1, 0, 0
80549, 760, 1, 0, 0
80649, 800, 1, 0, 0
80749, 780, 1, 0, 0
80849, 810, 1, 0, 0
80949, 810, 1, 0, 0
81049, 780, 1, 0, 0
81149, 790, 1, 0, 0
81250, 760, 1, 0, 0
81350, 780, 1, 0, 0
81450, 760, 1, 0, 0
81550, 760, 1, 0, 0
81650, 780, 1, 0, 0
81749, 787, 1, 0, 0
81849, 710, 1, 0, 0
81949, 770, 1, 0, 0
82049, 770, 1, 0, 0
82149, 750, 1, 0, 0
82249, 790, 1, 0, 0
82349, 810, 1, 0, 0
82450, 780, 1, 0, 0
82550, 770, 1, 0, 0
82650, 760, 1, 0, 0
82749, 727, 1, 0, 0
82849, 760, 1, 0, 0
82949, 810, 1, 0, 0
83049, 750, 1, 0, 0
83149, 770, 1, 0, 0
83249, 780, 1, 0, 0
83349, 750, 1, 0, 0
83449, 770, 1, 0, 0
83549, 770, 1, 0, 0
83650, 790, 1, 0, 0
83749, 777, 1, 0, 0
83849, 750, 1, 0, 0
83949, 790, 1, 0, 0
84049, 780, 1, 0, 0
84149, 770, 1, 0, 0
84249, 810, 1, 0, 0
84349, 810, 1, 0, 0
84449, 780, 1, 0, 0
84549, 780, 1, 0, 0
84649, 790, 1, 0, 0
84750, 780, 1, 0, 0
84850, 740, 1, 0, 0
84950, 760, 1, 0, 0
85050, 800, 1, 0, 0
85150, 760, 1, 0, 0
85249, 797, 1, 0, 0
85349, 830, 1, 0, 0
85449, 800, 1, 0, 0
85549, 790, 1, 0, 0
85649, 740, 1, 0, 0
85749, 810, 1, 0, 0
85849, 740, 1, 0, 0
85949, 780, 1, 0, 0
86050, 790, 1, 0, 0
86150, 770, 1, 0, 0
86249, 737, 1, 0, 0
86349, 790, 1, 0, 0
86449, 820, 1, 0, 0
86549, 790, 1, 0, 0
86649, 760, 1, 0, 0
86749, 760, 1, 0, 0
86849, 750, 1, 0, 0
86949, 790, 1, 0, 0
87049, 780, 1, 0, 0
87149, 770, 1, 0, 0
87250, 760, 1, 0, 0
87350, 790, 1, 0, 0
87450, 770, 1, 0, 0
87550, 800, 1, 0, 0
87650, 780, 1, 0, 0
87749, 757, 1, 0, 0
87849, 800, 1, 0, 0
87949, 820, 1, 0, 0
88049, 790, 1, 0, 0
88149, 760, 1, 0, 0
88249, 790, 1, 0, 0
88349, 810, 1, 0, 0
88449, 810, 1, 0, 0
88550, 800, 1, 0, 0
88650, 760, 1, 0, 0
88749, 777, 1, 0, 0
88849, 790, 1, 0, 0
88949, 740, 1, 0, 0
89049, 750, 1, 0, 0
89149, 780, 1, 0, 0
89249, 810, 1, 0, 0
89349, 780, 1, 0, 0
89449, 780, 1, 0, 0
89549, 740, 1, 0, 0
89649, 730, 1, 0, 0
89750, 770, 1, 0, 0
89850, 770, 1, 0, 0
89950, 790, 1, 0, 0
90050, 790, 1, 0, 0
90150, 740, 1, 0, 0
90249, 797, 1, 0, 0
90349, 800, 1, 0, 0
90449, 740, 1, 0, 0
90549, 750, 1, 0, 0
90649, 780, 1, 0, 0
90749, 780, 1, 0, 0
90849, 760, 1, 0, 0
90949, 790, 1, 0, 0
91050, 770, 1, 0, 0
91150, 800, 1, 0, 0
91249, 808, 1, 0, 0
91349, 810, 1, 0, 0
91449, 760, 1, 0, 0
91549, 780, 1, 0, 0
91649, 780, 1, 0, 0
91749, 790, 1, 0, 0
91849, 770, 1, 0, 0
91949, 780, 1, 0, 0
92049, 740, 1, 0, 0
92149, 760, 1, 0, 0
92250, 770, 1, 0, 0
92350, 780, 1, 0, 0
92450, 800, 1, 0, 0
92550, 740, 1, 0, 0
92650, 770, 1, 0, 0
92749, 787, 1, 0, 0
92849, 790, 1, 0, 0
92949, 800, 1, 0, 0
93049, 750, 1, 0, 0
93149, 770, 1, 0, 0
93249, 770, 1, 0, 0
93349, 800, 1, 0, 0
93449, 760, 1, 0, 0
93550, 760, 1, 0, 0
93650, 770, 1, 0, 0
93749, 707, 1, 0, 0
93849, 760, 1, 0, 0
93949, 780, 1, 0, 0
94049, 780, 1, 0, 0
94149, 770, 1, 0, 0
94249, 760, 1, 0, 0
94349, 730, 1, 0, 0
94449, 770, 1, 0, 0
94549, 790, 1, 0, 0
94649, 810, 1, 0, 0
94750, 720, 1, 0, 0
94850, 770, 1, 0, 0
94950, 750, 1, 0, 0
95050, 700, 1, 0, 0
95150, 790, 1, 0, 0
95249, 828, 1, 0, 0
95349, 770, 1, 0, 0
95449, 780, 1, 0, 0
95549, 790, 1, 0, 0
95649, 750, 1, 0, 0
95749, 770, 1, 0, 0
95849, 760, 1, 0, 0
95950, 750, 1, 0, 0
96050, 780, 1, 0, 0
96150, 780, 1, 0, 0
96249, 777, 1, 0, 0
96349, 760, 1, 0, 0
96449, 770, 1, 0, 0
96549, 740, 1, 0, 0
96649, 780, 1, 0, 0
96749, 730, 1, 0, 0
96849, 760, 1, 0, 0
96949, 770, 1, 0, 0
97049, 810, 1, 0, 0
97150, 800, 1, 0, 0
97249, 808, 1, 0, 0
97349, 770, 1, 0, 0
97449, 780, 1, 0, 0
97549, 730, 1, 0, 0
97649, 790, 1, 0, 0
97749, 770, 1, 0, 0
97849, 770, 1, 0, 0
97949, 820, 1, 0, 0
98049, 750, 1, 0, 0
98149, 730, 1, 0, 0
98249, 740, 1, 0, 0
98350, 790, 1, 0, 0
98450, 790, 1, 0, 0
98550, 780, 1, 0, 0
98650, 810, 1, 0, 0
98749, 828, 1, 0, 0
98849, 760, 1, 0, 0
98949, 790, 1, 0, 0
99049, 760, 1, 0, 0
99149, 810, 1, 0, 0
99249, 750, 1, 0, 0
99349, 760, 1, 0, 0
99449, 780, 1, 0, 0
99550, 710, 1, 0, 0
99650, 740, 1, 0, 0
99749, 757, 1, 0, 0
99849, 780, 1, 0, 0
99949, 800, 1, 0, 0
100049, 770, 1, 0, 0
100149, 800, 1, 0, 0
100249, 770, 1, 0, 0
100349, 780, 1, 0, 0
100449, 810, 1, 0, 0
100549, 750, 1, 0, 0
100649, 800, 1, 0, 0
100749, 790, 1, 0, 0
100850, 790, 1, 0, 0
100950, 800, 1, 0, 0
101050, 770, 1, 0, 0
101150, 750, 1, 0, 0
101249, 777, 1, 0, 0
101349, 790, 1, 0, 0
101449, 800, 1, 0, 0
101549, 810, 1, 0, 0
101649, 770, 1, 0, 0
101749, 810, 1, 0, 0
101849, 790, 1, 0, 0
101949, 790, 1, 0, 0
102049, 820, 1, 0, 0
102149, 760, 1, 0, 0
102250, 790, 1, 0, 0
102350, 770, 1, 0, 0
102450, 770, 1, 0, 0
102550, 800, 1, 0, 0
102650, 770, 1, 0, 0
102749, 787, 1, 0, 0
102849, 770, 1, 0, 0
102949, 830, 1, 0, 0
103049, 760, 1, 0, 0
103149, 800, 1, 0, 0
103249, 750, 1, 0, 0
103349, 770, 1, 0, 0
103449, 780, 1, 0, 0
103550, 770, 1, 0, 0
103650, 810, 1, 0, 0
103749, 787, 1, 0, 0
103849, 800, 1, 0, 0
103949, 790, 1, 0, 0
104049, 790, 1, 0, 0
104149, 780, 1, 0, 0
104249, 840, 1, 0, 0
104349, 760, 1, 0, 0
104449, 800, 1, 0, 0
104549, 810, 1, 0, 0
104649, 790, 1, 0, 0
104750, 780, 1, 0, 0
104850, 780, 1, 0, 0
104950, 810, 1, 0, 0
105050, 790, 1, 0, 0
105150, 760, 1, 0, 0
105249, 747, 1, 0, 0
105349, 800, 1, 0, 0
105449, 790, 1, 0, 0
105549, 780, 1, 0, 0
105649, 780, 1, 0, 0
105749, 810, 1, 0, 0
105849, 760, 1, 0, 0
105949, 770, 1, 0, 0
106050, 810, 1, 0, 0
106150, 830, 1, 0, 0
106249, 767, 1, 0, 0
106349, 800, 1, 0, 0
106449, 790, 1, 0, 0
106549, 780, 1, 0, 0
106649, 810, 1, 0, 0
106749, 770, 1, 0, 0
106849, 820, 1, 0, 0
106949, 790, 1, 0, 0
107049, 810, 1, 0, 0
107149, 810, 1, 0, 0
107250, 770, 1, 0, 0
107350, 790, 1, 0, 0
107450, 790, 1, 0, 0
107550, 790, 1, 0, 0
107650, 790, 1, 0, 0
107749, 818, 1, 0, 0
107849, 780, 1, 0, 0
107949, 750, 1, 0, 0
108049, 760, 1, 0, 0
108149, 820, 1, 0, 0
108249, 800, 1, 0, 0
108349, 800, 1, 0, 0
108449, 760, 1, 0, 0
108550, 790, 1, 0, 0
108650, 820, 1, 0, 0
108749, 767, 1, 0, 0
108849, 770, 1, 0, 0
108949, 800, 1, 0, 0
109049, 790, 1, 0, 0
109149, 790, 1, 0, 0
109249, 750, 1, 0, 0
109349, 780, 1, 0, 0
109449, 780, 1, 0, 0
109549, 780, 1, 0, 0
109649, 800, 1, 0, 0
109749, 790, 1, 0, 0
109850, 780, 1, 0, 0
109950, 770, 1, 0, 0
110050, 760, 1, 0, 0
110150, 790, 1, 0, 0
110249, 787, 1, 0, 0
110349, 770, 1, 0, 0
110449, 780, 1, 0, 0
110549, 770, 1, 0, 0
110649, 760, 1, 0, 0
110749, 820, 1, 0, 0
110849, 800, 1, 0, 0
110949, 770, 1, 0, 0
111050, 780, 1, 0, 0
111150, 800, 1, 0, 0
111249, 797, 1, 0, 0
111349, 780, 1, 0, 0
111449, 810, 1, 0, 0
111549, 760, 1, 0, 0
111649, 770, 1, 0, 0
111749, 790, 1, 0, 0
111849, 810, 1, 0, 0
111949, 730, 1, 0, 0
112049, 820, 1, 0, 0
112149, 750, 1, 0, 0
112250, 740, 1, 0, 0
112350, 740, 1, 0, 0
112450, 790, 1, 0, 0
112550, 790, 1, 0, 0
112650, 770, 1, 0, 0
112749, 797, 1, 0, 0
112849, 820, 1, 0, 0
112949, 790, 1, 0, 0
113049, 760, 1, 0, 0
113149, 780, 1, 0, 0
113249, 780, 1, 0, 0
113349, 780, 1, 0, 0
113449, 780, 1, 0, 0
113549, 790, 1, 0, 0
113650, 830, 1, 0, 0
113749, 797, 1, 0, 0
113849, 760, 1, 0, 0
113949, 770, 1, 0, 0
114049, 790, 1, 0, 0
114149, 760, 1, 0, 0
114249, 760, 1, 0, 0
114349, 800, 1, 0, 0
114449, 810, 1, 0, 0
114549, 790, 1, 0, 0
114649, 830, 1, 0, 0
114749, 800, 1, 0, 0
114849, 810, 1, 0, 0
114949, 810, 1, 0, 0
115050, 790, 1, 0, 0
115150, 790, 1, 0, 0
115249, 787, 1, 0, 0
115349, 780, 1, 0, 0
115449, 770, 1, 0, 0
115549, 760, 1, 0, 0
115649, 780, 1, 0, 0
115749, 800, 1, 0, 0
115849, 790, 1, 0, 0
115949, 820, 1, 0, 0
116049, 790, 1, 0, 0
116149, 780, 1, 0, 0
116250, 790, 1, 0, 0
116350, 810, 1, 0, 0
116450, 800, 1, 0, 0
116550, 830, 1, 0, 0
116650, 830, 1, 0, 0
116749, 818, 1, 0, 0
116849, 790, 1, 0, 0
116949, 810, 1, 0, 0
117049, 760, 1, 0, 0
117149, 730, 1, 0, 0
117249, 800, 1, 0, 0
117349, 770, 1, 0, 0
117449, 770, 1, 0, 0
117550, 800, 1, 0, 0
117650, 760, 1, 0, 0
117749, 797, 1, 0, 0
117849, 800, 1, 0, 0
117949, 800, 1, 0, 0
118049, 820, 1, 0, 0
118149, 800, 1, 0, 0
118249, 830, 1, 0, 0
118349, 790, 1, 0, 0
118449, 780, 1, 0, 0
118550, 770, 1, 0, 0
118650, 800, 1, 0, 0
118749, 818, 1, 0, 0
118849, 810, 1, 0, 0
118949, 790, 1, 0, 0
119049, 800, 1, 0, 0
119149, 780, 1, 0, 0
119249, 790, 1, 0, 0
119349, 790, 1, 0, 0
119449, 740, 1, 0, 0
119549, 760, 1, 0, 0
119649, 800, 1, 0, 0
119750, 750, 1, 0, 0
119850, 760, 1, 0, 0
119950, 770, 1, 0, 0
120050, 800, 1, 0, 0
120150, 810, 1, 0, 0
120249, 818, 1, 0, 0
120349, 780, 1, 0, 0
120449, 770, 1, 0, 0
120549, 810, 1, 0, 0
120649, 790, 1, 0, 0
120749, 760, 1, 0, 0
120849, 760, 1, 0, 0
120949, 800, 1, 0, 0
121050, 770, 1, 0, 0
121150, 770, 1, 0, 0
121249, 828, 1, 0, 0
121349, 820, 1, 0, 0
121449, 840, 1, 0, 0
121549, 790, 1, 0, 0
121649, 800, 1, 0, 0
121749, 770, 1, 0, 0
121849, 810, 1, 0, 0
121949, 800, 1, 0, 0
122049, 780, 1, 0, 0
122149, 790, 1, 0, 0
122250, 770, 1, 0, 0
122350, 810, 1, 0, 0
122450, 750, 1, 0, 0
122550, 800, 1, 0, 0
122650, 780, 1, 0, 0
122749, 767, 1, 0, 0
122849, 780, 1, 0, 0
122949, 780, 1, 0, 0
123049, 830, 1, 0, 0
123149, 800, 1, 0, 0
123249, 810, 1, 0, 0
123349, 790, 1, 0, 0
123450, 780, 1, 0, 0
123550, 770, 1, 0, 0
123650, 790, 1, 0, 0
123749, 808, 1, 0, 0
123849, 820, 1, 0, 0
123949, 770, 1, 0, 0
124049, 790, 1, 0, 0
124149, 780, 1, 0, 0
124249, 740, 1, 0, 0
124349, 790, 1, 0, 0
124449, 770, 1, 0, 0
124549, 790, 1, 0, 0
124649, 780, 1, 0, 0
124750, 790, 1, 0, 0
124850, 780, 1, 0, 0
124950, 730, 1, 0, 0
125050, 780, 1, 0, 0
125150, 780, 1, 0, 0
125249, 787, 1, 0, 0
125349, 810, 1, 0, 0
125449, 790, 1, 0, 0
125549, 760, 1, 0, 0
125649, 800, 1, 0, 0
125749, 790, 1, 0, 0
125849, 800, 1, 0, 0
125949, 770, 1, 0, 0
126050, 770, 1, 0, 0
126150, 800, 1, 0, 0
126249, 787, 1, 0, 0
126349, 790, 1, 0, 0
126449, 790, 1, 0, 0
126549, 760, 1, 0, 0
126649, 760, 1, 0, 0
126749, 800, 1, 0, 0
126849, 830, 1, 0, 0
126949, 770, 1, 0, 0
127049, 790, 1, 0, 0
127149, 810, 1, 0, 0
127249, 790, 1, 0, 0
127349, 790, 1, 0, 0
127449, 800, 1, 0, 0
127550, 820, 1, 0, 0
127650, 770, 1, 0, 0
127749, 828, 1, 0, 0
127849, 800, 1, 0, 0
127949, 760, 1, 0, 0
128049, 740, 1, 0, 0
128149, 760, 1, 0, 0
128249, 770, 1, 0, 0
128349, 820, 1, 0, 0
128449, 790, 1, 0, 0
128549, 820, 1, 0, 0
128649, 800, 1, 0, 0
128750, 760, 1, 0, 0
128850, 790, 1, 0, 0
128950, 760, 1, 0, 0
129050, 760, 1, 0, 0
129150, 790, 1, 0, 0
129249, 757, 1, 0, 0
129349, 800, 1, 0, 0
129449, 760, 1, 0, 0
129549, 780, 1, 0, 0
129649, 800, 1, 0, 0
129749, 800, 1, 0, 0
129849, 800, 1, 0, 0
129949, 780, 1, 0, 0
130050, 810, 1, 0, 0
130150, 770, 1, 0, 0
130249, 808, 1, 0, 0
130349, 820, 1, 0, 0
130449, 820, 1, 0, 0
130549, 800, 1, 0, 0
130649, 800, 1, 0, 0
130749, 830, 1, 0, 0
130849, 770, 1, 0, 0
130949, 780, 1, 0, 0
131049, 780, 1, 0, 0
131150, 760, 1, 0, 0
131249, 808, 1, 0, 0
131349, 790, 1, 0, 0
131449, 820, 1, 0, 0
131549, 780, 1, 0, 0
131649, 800, 1, 0, 0
131749, 810, 1, 0, 0
131849, 790, 1, 0, 0
131949, 810, 1, 0, 0
132049, 790, 1, 0, 0
132149, 830, 1, 0, 0
132250, 810, 1, 0, 0
132350, 810, 1, 0, 0
132450, 800, 1, 0, 0
132550, 830, 1, 0, 0
132650, 790, 1, 0, 0
132749, 787, 1, 0, 0
132849, 790, 1, 0, 0
132949, 780, 1, 0, 0
133049, 820, 1, 0, 0
133149, 790, 1, 0, 0
133249, 760, 1, 0, 0
133349, 790, 1, 0, 0
133450, 790, 1, 0, 0
133550, 820, 1, 0, 0
133650, 790, 1, 0, 0
133749, 777, 1, 0, 0
133849, 800, 1, 0, 0
133949, 790, 1, 0, 0
134049, 800, 1, 0, 0
134149, 760, 1, 0, 0
134249, 820, 1, 0, 0
134349, 770, 1, 0, 0
134449, 800, 1, 0, 0
134550, 760, 1, 0, 0
134650, 760, 1, 0, 0
134749, 787, 1, 0, 0
134849, 820, 1, 0, 0
134949, 780, 1, 0, 0
135049, 780, 1, 0, 0
135149, 790, 1, 0, 0
135249, 780, 1, 0, 0
135349, 780, 1, 0, 0
135449, 810, 1, 0, 0
135549, 800, 1, 0, 0
135649, 780, 1, 0, 0
135749, 790, 1, 0, 0
135849, 810, 1, 0, 0
135950, 740, 1, 0, 0
136050, 760, 1, 0, 0
136150, 740, 1, 0, 0
136249, 767, 1, 0, 0
136349, 780, 1, 0, 0
136449, 780, 1, 0, 0
136549, 770, 1, 0, 0
136649, 770, 1, 0, 0
136749, 800, 1, 0, 0
136849, 730, 1, 0, 0
136949, 820, 1, 0, 0
137049, 810, 1, 0, 0
137150, 790, 1, 0, 0
137249, 797, 1, 0, 0
137349, 780, 1, 0, 0
137449, 800, 1, 0, 0
137549, 790, 1, 0, 0
137649, 770, 1, 0, 0
137749, 790, 1, 0, 0
137849, 760, 1, 0, 0
137949, 810, 1, 0, 0
138049, 850, 1, 0, 0
138149, 790, 1, 0, 0
138249, 760, 1, 0, 0
138349, 830, 1, 0, 0
138450, 780, 1, 0, 0
138550, 780, 1, 0, 0
138650, 800, 1, 0, 0
138749, 787, 1, 0, 0
138849, 770, 1, 0, 0
138949, 730, 1, 0, 0
139049, 770, 1, 0, 0
139149, 770, 1, 0, 0
139249, 790, 1, 0, 0
139349, 770, 1, 0, 0
139449, 770, 1, 0, 0
139549, 770, 1, 0, 0
139649, 800, 1, 0, 0
139750, 810, 1, 0, 0
139850, 820, 1, 0, 0
139950, 810, 1, 0, 0
140050, 810, 1, 0, 0
140150, 770, 1, 0, 0
140249, 757, 1, 0, 0
140349, 810, 1, 0, 0
140449, 760, 1, 0, 0
140549, 820, 1, 0, 0
140649, 750, 1, 0, 0
140749, 810, 1, 0, 0
140849, 780, 1, 0, 0
140949, 810, 1, 0, 0
141050, 770, 1, 0, 0
141150, 760, 1, 0, 0
141249, 737, 1, 0, 0
141349, 770, 1, 0, 0
141449, 780, 1, 0, 0
141549, 770, 1, 0, 0
141649, 790, 1, 0, 0
141749, 770, 1, 0, 0
141849, 790, 1, 0, 0
141949, 790, 1, 0, 0
142049, 730, 1, 0, 0
142149, 790, 1, 0, 0
142250, 740, 1, 0, 0
142350, 810, 1, 0, 0
142450, 810, 1, 0, 0
142550, 780, 1, 0, 0
142650, 770, 1, 0, 0
142749, 747, 1, 0, 0
142849, 780, 1, 0, 0
142949, 770, 1, 0, 0
143049, 780, 1, 0, 0
143149, 790, 1, 0, 0
143250, 770, 1, 0, 0
143350, 780, 1, 0, 0
143450, 800, 1, 0, 0
143550, 810, 1, 0, 0
143650, 770, 1, 0, 0
143749, 777, 1, 0, 0
143849, 800, 1, 0, 0
143949, 780, 1, 0, 0
144049, 790, 1, 0, 0
144149, 820, 1, 0, 0
144249, 790, 1, 0, 0
144349, 780, 1, 0, 0
144449, 800, 1, 0, 0
144550, 800, 1, 0, 0
144650, 820, 1, 0, 0
144749, 797, 1, 0, 0
144849, 800, 1, 0, 0
144949, 810, 1, 0, 0
145049, 810, 1, 0, 0
145149, 780, 1, 0, 0
145249, 780, 1, 0, 0
145349, 800, 1, 0, 0
145449, 810, 1, 0, 0
145549, 790, 1, 0, 0
145649, 810, 1, 0, 0
145750, 790, 1, 0, 0
145850, 780, 1, 0, 0
145950, 810, 1, 0, 0
146050, 810, 1, 0, 0
146150, 790, 1, 0, 0
146249, 797, 1, 0, 0
146349, 730, 1, 0, 0
146449, 780, 1, 0, 0
146549, 820, 1, 0, 0
146649, 750, 1, 0, 0
146749, 800, 1, 0, 0
146850, 790, 1, 0, 0
146950, 790, 1, 0, 0
147050, 780, 1, 0, 0
147150, 780, 1, 0, 0
147249, 777, 1, 0, 0
147349, 790, 1, 0, 0
147449, 760, 1, 0, 0
147549, 790, 1, 0, 0
147649, 800, 1, 0, 0
147749, 780, 1, 0, 0
147849, 800, 1, 0, 0
147949, 760, 1, 0, 0
148050, 760, 1, 0, 0
148150, 800, 1, 0, 0
148249, 787, 1, 0, 0
148349, 790, 1, 0, 0
148449, 800, 1, 0, 0
148549, 770, 1, 0, 0
148649, 800, 1, 0, 0
148749, 780, 1, 0, 0
148849, 800, 1, 0, 0
148949, 800, 1, 0, 0
149049, 770, 1, 0, 0
149149, 780, 1, 0, 0
149250, 780, 1, 0, 0
149350, 780, 1, 0, 0
149450, 820, 1, 0, 0
149550, 790, 1, 0, 0
149650, 770, 1, 0, 0
149749, 767, 1, 0, 0
149849, 780, 1, 0, 0
149949, 790, 1, 0, 0
150049, 800, 1, 0, 0
150149, 760, 1, 0, 0
150249, 760, 1, 0, 0
150349, 780, 1, 0, 0
150449, 770, 1, 0, 0
150550, 810, 1, 0, 0
150650, 770, 1, 0, 0
150749, 747, 1, 0, 0
150849, 760, 1, 0, 0
150949, 770, 1, 0, 0
151049, 730, 1, 0, 0
151149, 770, 1, 0, 0
151249, 770, 1, 0, 0
151349, 800, 1, 0, 0
151449, 820, 1, 0, 0
151549, 780, 1, 0, 0
151650, 740, 1, 0, 0
151750, 780, 1, 0, 0
151850, 780, 1, 0, 0
151950, 750, 1, 0, 0
152050, 750, 1, 0, 0
152150, 770, 1, 0, 0
152249, 808, 1, 0, 0
152349, 790, 1, 0, 0
152449, 760, 1, 0, 0
152549, 800, 1, 0, 0
152649, 780, 1, 0, 0
152749, 780, 1, 0, 0
152850, 800, 1, 0, 0
152950, 800, 1, 0, 0
153050, 750, 1, 0, 0
153150, 780, 1, 0, 0
153249, 757, 1, 0, 0
153349, 760, 1, 0, 0
153449, 790, 1, 0, 0
153549, 760, 1, 0, 0
153649, 770, 1, 0, 0
153749, 790, 1, 0, 0
153849, 810, 1, 0, 0
153949, 790, 1, 0, 0
154050, 800, 1, 0, 0
154150, 820, 1, 0, 0
154249, 777, 1, 0, 0
154349, 770, 1, 0, 0
154449, 790, 1, 0, 0
154549, 820, 1, 0, 0
154649, 750, 1, 0, 0
154749, 790, 1, 0, 0
154849, 790, 1, 0, 0
154949, 760, 1, 0, 0
155049, 760, 1, 0, 0
155149, 800, 1, 0, 0
155250, 790, 1, 0, 0
155350, 740, 1, 0, 0
155450, 750, 1, 0, 0
155550, 800, 1, 0, 0
155650, 790, 1, 0, 0
155749, 777, 1, 0, 0
155849, 800, 1, 0, 0
155949, 770, 1, 0, 0
156049, 780, 1, 0, 0
156149, 770, 1, 0, 0
156249, 770, 1, 0, 0
156349, 810, 1, 0, 0
156449, 770, 1, 0, 0
156550, 770, 1, 0, 0
156650, 800, 1, 0, 0
156749, 787, 1, 0, 0
156849, 780, 1, 0, 0
156949, 770, 1, 0, 0
157049, 770, 1, 0, 0
157149, 780, 1, 0, 0
157249, 760, 1, 0, 0
157349, 760, 1, 0, 0
157449, 770, 1, 0, 0
157549, 770, 1, 0, 0
157649, 770, 1, 0, 0
157750, 790, 1, 0, 0
157850, 770, 1, 0, 0
157950, 760, 1, 0, 0
158050, 790, 1, 0, 0
158150, 800, 1, 0, 0
158249, 787, 1, 0, 0
158349, 800, 1, 0, 0
158449, 800, 1, 0, 0
158549, 790, 1, 0, 0
158649, 800, 1, 0, 0
158749, 790, 1, 0, 0
158849, 760, 1, 0, 0
158949, 770, 1, 0, 0
159050, 800, 1, 0, 0
159150, 790, 1, 0, 0
159249, 828, 1, 0, 0
159349, 820, 1, 0, 0
159449, 810, 1, 0, 0
159549, 820, 1, 0, 0
159649, 780, 1, 0, 0
159749, 800, 1, 0, 0
159849, 800, 1, 0, 0
159949, 820, 1, 0, 0
160050, 790, 1, 0, 0
160150, 820, 1, 0, 0
160249, 787, 1, 0, 0
160349, 770, 1, 0, 0
160449, 810, 1, 0, 0
160549, 800, 1, 0, 0
160649, 840, 1, 0, 0
160749, 840, 1, 0, 0
160849, 800, 1, 0, 0
160949, 820, 1, 0, 0
161049, 790, 1, 0, 0
161149, 830, 1, 0, 0
161250, 800, 1, 0, 0
161350, 780, 1, 0, 0
161450, 850, 1, 0, 0
161550, 790, 1, 0, 0
161650, 830, 1, 0, 0
161749, 797, 1, 0, 0
161849, 810, 1, 0, 0
161949, 770, 1, 0, 0
162049, 820, 1, 0, 0
162149, 840, 1, 0, 0
162249, 830, 1, 0, 0
162349, 810, 1, 0, 0
162449, 820, 1, 0, 0
162550, 830, 1, 0, 0
162650, 820, 1, 0, 0
162749, 818, 1, 0, 0
162849, 800, 1, 0, 0
162949, 810, 1, 0, 0
163049, 800, 1, 0, 0
163149, 800, 1, 0, 0
163249, 800, 1, 0, 0
163349, 810, 1, 0, 0
163449, 830, 1, 0, 0
163549, 800, 1, 0, 0
163649, 770, 1, 0, 0
163750, 800, 1, 0, 0
163850, 790, 1, 0, 0
163950, 820, 1, 0, 0
164050, 820, 1, 0, 0
164150, 820, 1, 0, 0
164249, 848, 1, 0, 0
164349, 820, 1, 0, 0
164449, 790, 1, 0, 0
164549, 810, 1, 0, 0
164649, 780, 1, 0, 0
164749, 810, 1, 0, 0
164849, 800, 1, 0, 0
164949, 790, 1, 0, 0
165050, 800, 1, 0, 0
165150, 840, 1, 0, 0
165249, 848, 1, 0, 0
165349, 830, 1, 0, 0
165449, 820, 1, 0, 0
165549, 770, 1, 0, 0
165649, 800, 1, 0, 0
165749, 830, 1, 0, 0
165849, 810, 1, 0, 0
165949, 800, 1, 0, 0
166049, 820, 1, 0, 0
166149, 820, 1, 0, 0
166250, 810, 1, 0, 0
166350, 810, 1, 0, 0
166450, 790, 1, 0, 0
166550, 820, 1, 0, 0
166650, 780, 1, 0, 0
166749, 787, 1, 0, 0
166849, 790, 1, 0, 0
166949, 820, 1, 0, 0
167049, 820, 1, 0, 0
167149, 810, 1, 0, 0
167249, 800, 1, 0, 0
167349, 810, 1, 0, 0
167449, 790, 1, 0, 0
167550, 830, 1, 0, 0
167650, 820, 1, 0, 0
167749, 808, 1, 0, 0
167849, 800, 1, 0, 0
167949, 800, 1, 0, 0
168049, 780, 1, 0, 0
168149, 740, 1, 0, 0
168249, 800, 1, 0, 0
168349, 760, 1, 0, 0
168449, 790, 1, 0, 0
168549, 820, 1, 0, 0
168649, 840, 1, 0, 0
168749, 830, 1, 0, 0
168850, 800, 1, 0, 0
168950, 800, 1, 0, 0
169050, 800, 1, 0, 0
169150, 820, 1, 0, 0
169249, 797, 1, 0, 0
169349, 800, 1, 0, 0
169449, 790, 1, 0, 0
169549, 790, 1, 0, 0
169649, 780, 1, 0, 0
169749, 810, 1, 0, 0
169849, 850, 1, 0, 0
169949, 810, 1, 0, 0
170049, 810, 1, 0, 0
170149, 850, 1, 0, 0
170250, 780, 1, 0, 0
170350, 800, 1, 0, 0
170450, 790, 1, 0, 0
170550, 780, 1, 0, 0
170650, 840, 1, 0, 0
170749, 797, 1, 0, 0
170849, 830, 1, 0, 0
170949, 810, 1, 0, 0
171049, 810, 1, 0, 0
171149, 760, 1, 0, 0
171249, 780, 1, 0, 0
171349, 790, 1, 0, 0
171449, 790, 1, 0, 0
171550, 810, 1, 0, 0
171650, 790, 1, 0, 0
171749, 848, 1, 0, 0
171849, 810, 1, 0, 0
171949, 790, 1, 0, 0
172049, 760, 1, 0, 0
172149, 780, 1, 0, 0
172249, 840, 1, 0, 0
172349, 850, 1, 0, 0
172449, 830, 1, 0, 0
172549, 800, 1, 0, 0
172649, 820, 1, 0, 0
172750, 840, 1, 0, 0
172850, 810, 1, 0, 0
172950, 770, 1, 0, 0
173050, 790, 1, 0, 0
173150, 800, 1, 0, 0
173249, 828, 1, 0, 0
173349, 830, 1, 0, 0
173449, 800, 1, 0, 0
173549, 820, 1, 0, 0
173649, 830, 1, 0, 0
173749, 830, 1, 0, 0
173849, 800, 1, 0, 0
173949, 810, 1, 0, 0
174050, 810, 1, 0, 0
174150, 770, 1, 0, 0
174249, 787, 1, 0, 0
174349, 790, 1, 0, 0
174449, 810, 1, 0, 0
174549, 790, 1, 0, 0
174649, 810, 1, 0, 0
174749, 820, 1, 0, 0
174849, 800, 1, 0, 0
174949, 800, 1, 0, 0
175049, 810, 1, 0, 0
175149, 790, 1, 0, 0
175249, 810, 1, 0, 0
175349, 750, 1, 0, 0
175449, 810, 1, 0, 0
175550, 810, 1, 0, 0
175650, 780, 1, 0, 0
175749, 808, 1, 0, 0
175849, 790, 1, 0, 0
175949, 800, 1, 0, 0
176049, 810, 1, 0, 0
176149, 840, 1, 0, 0
176249, 750, 1, 0, 0
176349, 790, 1, 0, 0
176449, 810, 1, 0, 0
176549, 790, 1, 0, 0
176649, 810, 1, 0, 0
176749, 780, 1, 0, 0
176849, 820, 1, 0, 0
176950, 820, 1, 0, 0
177050, 820, 1, 0, 0
177150, 840, 1, 0, 0
177249, 787, 1, 0, 0
177349, 820, 1, 0, 0
177449, 790, 1, 0, 0
177549, 840, 1, 0, 0
177649, 780, 1, 0, 0
177749, 800, 1, 0, 0
177849, 850, 1, 0, 0
177949, 820, 1, 0, 0
178049, 790, 1, 0, 0
178149, 820, 1, 0, 0
178250, 780, 1, 0, 0
178350, 770, 1, 0, 0
178450, 820, 1, 0, 0
178550, 770, 1, 0, 0
178650, 770, 1, 0, 0
178749, 787, 1, 0, 0
178849, 810, 1, 0, 0
178949, 800, 1, 0, 0
179049, 810, 1, 0, 0
179149, 790, 1, 0, 0
179249, 850, 1, 0, 0
179349, 770, 1, 0, 0
179449, 760, 1, 0, 0
179550, 800, 1, 0, 0
179650, 790, 1, 0, 0
179749, 797, 1, 0, 0
179849, 820, 1, 0, 0
179949, 840, 1, 0, 0
180049, 780, 1, 0, 0
180149, 800, 1, 0, 0
180249, 820, 1, 0, 0
180349, 830, 1, 0, 0
180449, 800, 1, 0, 0
180549, 800, 1, 0, 0
180649, 780, 1, 0, 0
180750, 790, 1, 0, 0
180850, 790, 1, 0, 0
180950, 790, 1, 0, 0
181050, 810, 1, 0, 0
181150, 820, 1, 0, 0
181249, 818, 1, 0, 0
181349, 840, 1, 0, 0
181449, 770, 1, 0, 0
181549, 780, 1, 0, 0
181649, 790, 1, 0, 0
181749, 780, 1, 0, 0
181849, 810, 1, 0, 0
181949, 780, 1, 0, 0
182049, 820, 1, 0, 0
182149, 780, 1, 0, 0
182250, 850, 1, 0, 0
182350, 780, 1, 0, 0
182450, 810, 1, 0, 0
182550, 770, 1, 0, 0
182650, 810, 1, 0, 0
182749, 828, 1, 0, 0
182849, 820, 1, 0, 0
182949, 820, 1, 0, 0
183049, 850, 1, 0, 0
183149, 800, 1, 0, 0
183249, 810, 1, 0, 0
183349, 810, 1, 0, 0
183449, 810, 1, 0, 0
183549, 810, 1, 0, 0
183650, 800, 1, 0, 0
183749, 787, 1, 0, 0
183849, 830, 1, 0, 0
183949, 810, 1, 0, 0
184049, 800, 1, 0, 0
184149, 790, 1, 0, 0
184249, 800, 1, 0, 0
184349, 820, 1, 0, 0
184449, 800, 1, 0, 0
184549, 790, 1, 0, 0
184649, 810, 1, 0, 0
184750, 800, 1, 0, 0
184850, 800, 1, 0, 0
184950, 810, 1, 0, 0
185050, 790, 1, 0, 0
185150, 780, 1, 0, 0
185249, 777, 1, 0, 0
185349, 770, 1, 0, 0
185449, 790, 1, 0, 0
185549, 800, 1, 0, 0
185649, 830, 1, 0, 0
185749, 830, 1, 0, 0
185849, 810, 1, 0, 0
185949, 830, 1, 0, 0
186050, 780, 1, 0, 0
186150, 840, 1, 0, 0
186249, 808, 1, 0, 0
186349, 820, 1, 0, 0
186449, 820, 1, 0, 0
186549, 790, 1, 0, 0
186649, 780, 1, 0, 0
186749, 800, 1, 0, 0
186849, 800, 1, 0, 0
186949, 780, 1, 0, 0
187049, 800, 1, 0, 0
187149, 780, 1, 0, 0
187250, 800, 1, 0, 0
187350, 800, 1, 0, 0
187450, 820, 1, 0, 0
187550, 800, 1, 0, 0
187650, 800, 1, 0, 0
187749, 797, 1, 0, 0
187849, 790, 1, 0, 0
187949, 800, 1, 0, 0
188049, 780, 1, 0, 0
188149, 780, 1, 0, 0
188249, 790, 1, 0, 0
188349, 830, 1, 0, 0
188450, 850, 1, 0, 0
188550, 770, 1, 0, 0
188650, 780, 1, 0, 0
188749, 828, 1, 0, 0
188849, 830, 1, 0, 0
188949, 800, 1, 0, 0
189049, 820, 1, 0, 0
189149, 800, 1, 0, 0
189249, 790, 1, 0, 0
189349, 810, 1, 0, 0
189449, 820, 1, 0, 0
189549, 830, 1, 0, 0
189649, 840, 1, 0, 0
189750, 820, 1, 0, 0
189850, 800, 1, 0, 0
189950, 830, 1, 0, 0
190050, 810, 1, 0, 0
190150, 860, 1, 0, 0
190249, 828, 1, 0, 0
190349, 810, 1, 0, 0
190449, 810, 1, 0, 0
190549, 800, 1, 0, 0
190649, 830, 1, 0, 0
190749, 800, 1, 0, 0
190849, 830, 1, 0, 0
190949, 800, 1, 0, 0
191050, 830, 1, 0, 0
191150, 810, 1, 0, 0
191249, 797, 1, 0, 0
191349, 850, 1, 0, 0
191449, 830, 1, 0, 0
191549, 800, 1, 0, 0
191649, 850, 1, 0, 0
191749, 820, 1, 0, 0
191849, 810, 1, 0, 0
191949, 800, 1, 0, 0
192049, 770, 1, 0, 0
192149, 820, 1, 0, 0
192250, 810, 1, 0, 0
192350, 840, 1, 0, 0
192450, 830, 1, 0, 0
192550, 830, 1, 0, 0
192650, 810, 1, 0, 0
192749, 797, 1, 0, 0
192849, 770, 1, 0, 0
192949, 810, 1, 0, 0
193049, 820, 1, 0, 0
193149, 820, 1, 0, 0
193249, 840, 1, 0, 0
193349, 790, 1, 0, 0
193449, 790, 1, 0, 0
193549, 790, 1, 0, 0
193650, 810, 1, 0, 0
193749, 767, 1, 0, 0
193849, 810, 1, 0, 0
193949, 770, 1, 0, 0
194049, 800, 1, 0, 0
194149, 820, 1, 0, 0
194249, 780, 1, 0, 0
194349, 830, 1, 0, 0
194449, 800, 1, 0, 0
194549, 820, 1, 0, 0
194649, 800, 1, 0, 0
194749, 790, 1, 0, 0
194849, 800, 1, 0, 0
194950, 810, 1, 0, 0
195050, 780, 1, 0, 0
195150, 800, 1, 0, 0
195249, 838, 1, 0, 0
195349, 800, 1, 0, 0
195449, 830, 1, 0, 0
195549, 800, 1, 0, 0
195649, 790, 1, 0, 0
195749, 800, 1, 0, 0
195849, 840, 1, 0, 0
195949, 780, 1, 0, 0
196049, 830, 1, 0, 0
196149, 780, 1, 0, 0
196250, 790, 1, 0, 0
196350, 750, 1, 0, 0
196450, 800, 1, 0, 0
196550, 790, 1, 0, 0
196650, 780, 1, 0, 0
196749, 767, 1, 0, 0
196849, 790, 1, 0, 0
196949, 790, 1, 0, 0
197049, 790, 1, 0, 0
197149, 750, 1, 0, 0
197249, 780, 1, 0, 0
197349, 800, 1, 0, 0
197449, 840, 1, 0, 0
197550, 750, 1, 0, 0
197650, 810, 1, 0, 0
197749, 777, 1, 0, 0
197849, 810, 1, 0, 0
197949, 790, 1, 0, 0
198049, 810, 1, 0, 0
198149, 790, 1, 0, 0
198249, 790, 1, 0, 0
198349, 820, 1, 0, 0
198449, 810, 1, 0, 0
198549, 770, 1, 0, 0
198649, 810, 1, 0, 0
198749, 820, 1, 0, 0
198850, 770, 1, 0, 0
198950, 810, 1, 0, 0
199050, 810, 1, 0, 0
199150, 770, 1, 0, 0
199249, 797, 1, 0, 0
199349, 790, 1, 0, 0
199449, 760, 1, 0, 0
199549, 780, 1, 0, 0
199649, 770, 1, 0, 0
199749, 780, 1, 0, 0
199849, 760, 1, 0, 0
199949, 780, 1, 0, 0
200049, 770, 1, 0, 0
200150, 810, 1, 0, 0
200249, 797, 1, 0, 0
200349, 790, 1, 0, 0
200449, 780, 1, 0, 0
200549, 790, 1, 0, 0
200649, 800, 1, 0, 0
200749, 790, 1, 0, 0
200849, 770, 1, 0, 0
200949, 810, 1, 0, 0
201049, 750, 1, 0, 0
201149, 800, 1, 0, 0
201249, 790, 1, 0, 0
201349, 790, 1, 0, 0
201449, 810, 1, 0, 0
201549, 810, 1, 0, 0
201650, 810, 1, 0, 0
201749, 787, 1, 0, 0
201849, 770, 1, 0, 0
201949, 790, 1, 0, 0
202049, 800, 1, 0, 0
202149, 790, 1, 0, 0
202249, 790, 1, 0, 0
202349, 800, 1, 0, 0
202449, 820, 1, 0, 0
202549, 800, 1, 0, 0
202649, 800, 1, 0, 0
202750, 780, 1, 0, 0
202850, 780, 1, 0, 0
202950, 800, 1, 0, 0
203050, 790, 1, 0, 0
203150, 800, 1, 0, 0
203249, 838, 1, 0, 0
203349, 780, 1, 0, 0
203449, 800, 1, 0, 0
203549, 800, 1, 0, 0
203649, 840, 1, 0, 0
203749, 780, 1, 0, 0
203849, 780, 1, 0, 0
203950, 770, 1, 0, 0
204050, 820, 1, 0, 0
204150, 800, 1, 0, 0
204249, 787, 1, 0, 0
204349, 810, 1, 0, 0
204449, 820, 1, 0, 0
204549, 770, 1, 0, 0
204649, 840, 1, 0, 0
204749, 760, 1, 0, 0
204849, 790, 1, 0, 0
204949, 860, 1, 0, 0
205050, 790, 1, 0, 0
205150, 820, 1, 0, 0
205249, 808, 1, 0, 0
205349, 830, 1, 0, 0
205449, 800, 1, 0, 0
205549, 820, 1, 0, 0
205649, 810, 1, 0, 0
205749, 800, 1, 0, 0
205849, 790, 1, 0, 0
205949, 820, 1, 0, 0
206049, 770, 1, 0, 0
206149, 780, 1, 0, 0
206250, 810, 1, 0, 0
206350, 830, 1, 0, 0
206450, 790, 1, 0, 0
206550, 830, 1, 0, 0
206650, 770, 1, 0, 0
206749, 787, 1, 0, 0
206849, 800, 1, 0, 0
206949, 830, 1, 0, 0
207049, 770, 1, 0, 0
207149, 810, 1, 0, 0
207249, 800, 1, 0, 0
207349, 820, 1, 0, 0
207450, 810, 1, 0, 0
207550, 860, 1, 0, 0
207650, 800, 1, 0, 0
207749, 787, 1, 0, 0
207849, 800, 1, 0, 0
207949, 790, 1, 0, 0
208049, 820, 1, 0, 0
208149, 800, 1, 0, 0
208249, 790, 1, 0, 0
208349, 760, 1, 0, 0
208449, 790, 1, 0, 0
208549, 800, 1, 0, 0
208650, 800, 1, 0, 0
208749, 818, 1, 0, 0
208849, 810, 1, 0, 0
208949, 800, 1, 0, 0
209049, 790, 1, 0, 0
209149, 750, 1, 0, 0
209249, 770, 1, 0, 0
209349, 790, 1, 0, 0
209449, 770, 1, 0, 0
209549, 800, 1, 0, 0
209649, 800, 1, 0, 0
209750, 780, 1, 0, 0
209850, 810, 1, 0, 0
209950, 800, 1, 0, 0
210050, 800, 1, 0, 0
210150, 780, 1, 0, 0
210249, 828, 1, 0, 0
210349, 790, 1, 0, 0
210449, 800, 1, 0, 0
210549, 790, 1, 0, 0
210649, 840, 1, 0, 0
210749, 810, 1, 0, 0
210849, 820, 1, 0, 0
210949, 850, 1, 0, 0
211050, 800, 1, 0, 0
211150, 790, 1, 0, 0
211249, 848, 1, 0, 0
211349, 810, 1, 0, 0
211449, 820, 1, 0, 0
211549, 850, 1, 0, 0
211649, 820, 1, 0, 0
211749, 810, 1, 0, 0
211849, 830, 1, 0, 0
211949, 810, 1, 0, 0
212049, 800, 1, 0, 0
212149, 810, 1, 0, 0
212250, 780, 1, 0, 0
212350, 790, 1, 0, 0
212450, 790, 1, 0, 0
212550, 810, 1, 0, 0
212650, 820, 1, 0, 0
212749, 797, 1, 0, 0
212849, 790, 1, 0, 0
212949, 790, 1, 0, 0
213049, 790, 1, 0, 0
213149, 800, 1, 0, 0
213249, 800, 1, 0, 0
213349, 780, 1, 0, 0
213449, 760, 1, 0, 0
213550, 760, 1, 0, 0
213650, 770, 1, 0, 0
213749, 797, 1, 0, 0
213849, 810, 1, 0, 0
213949, 770, 1, 0, 0
214049, 830, 1, 0, 0
214149, 800, 1, 0, 0
214249, 790, 1, 0, 0
214349, 810, 1, 0, 0
214449, 780, 1, 0, 0
214549, 800, 1, 0, 0
214649, 790, 1, 0, 0
214749, 770, 1, 0, 0
214849, 770, 1, 0, 0
214950, 800, 1, 0, 0
215050, 770, 1, 0, 0
215150, 790, 1, 0, 0
215249, 787, 1, 0, 0
215349, 780, 1, 0, 0
215449, 800, 1, 0, 0
215549, 770, 1, 0, 0
215649, 840, 1, 0, 0
215749, 810, 1, 0, 0
215849, 800, 1, 0, 0
215949, 780, 1, 0, 0
216049, 800, 1, 0, 0
216149, 780, 1, 0, 0
216250, 790, 1, 0, 0
216350, 760, 1, 0, 0
216450, 810, 1, 0, 0
216550, 780, 1, 0, 0
216650, 770, 1, 0, 0
216749, 818, 1, 0, 0
216849, 790, 1, 0, 0
216949, 800, 1, 0, 0
217049, 810, 1, 0, 0
217149, 820, 1, 0, 0
217249, 820, 1, 0, 0
217349, 780, 1, 0, 0
217450, 810, 1, 0, 0
217550, 810, 1, 0, 0
217650, 780, 1, 0, 0
217749, 757, 1, 0, 0
217849, 790, 1, 0, 0
217949, 740, 1, 0, 0
218049, 820, 1, 0, 0
218149, 810, 1, 0, 0
218249, 830, 1, 0, 0
218349, 780, 1, 0, 0
218449, 780, 1, 0, 0
218549, 780, 1, 0, 0
218649, 770, 1, 0, 0
218750, 780, 1, 0, 0
218850, 830, 1, 0, 0
218950, 790, 1, 0, 0
219050, 780, 1, 0, 0
219150, 810, 1, 0, 0
219249, 787, 1, 0, 0
219349, 780, 1, 0, 0
219449, 800, 1, 0, 0
219549, 800, 1, 0, 0
219649, 770, 1, 0, 0
219749, 810, 1, 0, 0
219849, 800, 1, 0, 0
219949, 810, 1, 0, 0
220050, 800, 1, 0, 0
220150, 810, 1, 0, 0
220249, 818, 1, 0, 0
220349, 800, 1, 0, 0
220449, 810, 1, 0, 0
220549, 810, 1, 0, 0
220649, 810, 1, 0, 0
220749, 820, 1, 0, 0
220849, 800, 1, 0, 0
220949, 790, 1, 0, 0
221049, 810, 1, 0, 0
221149, 820, 1, 0, 0
221250, 790, 1, 0, 0
221350, 790, 1, 0, 0
221450, 820, 1, 0, 0
221550, 820, 1, 0, 0
221650, 800, 1, 0, 0
221749, 818, 1, 0, 0
221849, 790, 1, 0, 0
221949, 800, 1, 0, 0
222049, 860, 1, 0, 0
222149, 800, 1, 0, 0
222249, 790, 1, 0, 0
222349, 820, 1, 0, 0
222449, 830, 1, 0, 0
222550, 810, 1, 0, 0
222650, 800, 1, 0, 0
222749, 818, 1, 0, 0
222849, 810, 1, 0, 0
222949, 800, 1, 0, 0
223049, 830, 1, 0, 0
223149, 820, 1, 0, 0
223249, 850, 1, 0, 0
223349, 840, 1, 0, 0
223449, 780, 1, 0, 0
223549, 820, 1, 0, 0
223649, 830, 1, 0, 0
223750, 780, 1, 0, 0
223850, 800, 1, 0, 0
223950, 760, 1, 0, 0
224050, 800, 1, 0, 0
224150, 790, 1, 0, 0
224249, 818, 1, 0, 0
224349, 820, 1, 0, 0
224449, 830, 1, 0, 0
224549, 820, 1, 0, 0
224649, 810, 1, 0, 0
224749, 820, 1, 0, 0
224849, 760, 1, 0, 0
224949, 800, 1, 0, 0
225050, 850, 1, 0, 0
225150, 840, 1, 0, 0
225249, 828, 1, 0, 0
225349, 820, 1, 0, 0
225449, 810, 1, 0, 0
225549, 800, 1, 0, 0
225649, 760, 1, 0, 0
225749, 840, 1, 0, 0
225849, 840, 1, 0, 0
225949, 800, 1, 0, 0
226049, 810, 1, 0, 0
226149, 810, 1, 0, 0
226250, 800, 1, 0, 0
226350, 810, 1, 0, 0
226450, 850, 1, 0, 0
226550, 850, 1, 0, 0
226650, 780, 1, 0, 0
226749, 818, 1, 0, 0
226849, 800, 1, 0, 0
226949, 820, 1, 0, 0
227049, 790, 1, 0, 0
227149, 810, 1, 0, 0
227249, 820, 1, 0, 0
227349, 830, 1, 0, 0
227449, 830, 1, 0, 0
227550, 790, 1, 0, 0
227650, 820, 1, 0, 0
227749, 808, 1, 0, 0
227849, 820, 1, 0, 0
227949, 790, 1, 0, 0
228049, 820, 1, 0, 0
228149, 840, 1, 0, 0
228249, 830, 1, 0, 0
228349, 820, 1, 0, 0
228449, 830, 1, 0, 0
228549, 810, 1, 0, 0
228649, 810, 1, 0, 0
228750, 790, 1, 0, 0
228850, 800, 1, 0, 0
228950, 760, 1, 0, 0
229050, 800, 1, 0, 0
229150, 810, 1, 0, 0
229249, 808, 1, 0, 0
229349, 780, 1, 0, 0
229449, 820, 1, 0, 0
229549, 790, 1, 0, 0
229649, 800, 1, 0, 0
229749, 810, 1, 0, 0
229849, 830, 1, 0, 0
229949, 860, 1, 0, 0
230050, 790, 1, 0, 0
230150, 800, 1, 0, 0
230249, 818, 1, 0, 0
230349, 780, 1, 0, 0
230449, 810, 1, 0, 0
230549, 800, 1, 0, 0
230649, 820, 1, 0, 0
230749, 790, 1, 0, 0
230849, 800, 1, 0, 0
230949, 800, 1, 0, 0
231049, 830, 1, 0, 0
231149, 810, 1, 0, 0
231250, 840, 1, 0, 0
231350, 840, 1, 0, 0
231450, 790, 1, 0, 0
231550, 790, 1, 0, 0
231650, 870, 1, 0, 0
231749, 838, 1, 0, 0
231849, 830, 1, 0, 0
231949, 830, 1, 0, 0
232049, 830, 1, 0, 0
232149, 800, 1, 0, 0
232249, 790, 1, 0, 0
232349, 790, 1, 0, 0
232449, 810, 1, 0, 0
232550, 830, 1, 0, 0
232650, 810, 1, 0, 0
232749, 828, 1, 0, 0
232849, 810, 1, 0, 0
232949, 830, 1, 0, 0
233049, 830, 1, 0, 0
233149, 820, 1, 0, 0
233249, 820, 1, 0, 0
233349, 820, 1, 0, 0
233449, 800, 1, 0, 0
233549, 820, 1, 0, 0
233649, 810, 1, 0, 0
233749, 830, 1, 0, 0
233850, 820, 1, 0, 0
233950, 810, 1, 0, 0
234050, 820, 1, 0, 0
234150, 800, 1, 0, 0
234249, 808, 1, 0, 0
234349, 800, 1, 0, 0
234449, 810, 1, 0, 0
234549, 810, 1, 0, 0
234649, 820, 1, 0, 0
234749, 820, 1, 0, 0
234849, 800, 1, 0, 0
234949, 790, 1, 0, 0
235049, 790, 1, 0, 0
235149, 820, 1, 0, 0
235250, 840, 1, 0, 0
235350, 860, 1, 0, 0
235450, 780, 1, 0, 0
235550, 820, 1, 0, 0
235650, 820, 1, 0, 0
235749, 858, 1, 0, 0
235849, 830, 1, 0, 0
235949, 860, 1, 0, 0
236049, 820, 1, 0, 0
236149, 780, 1, 0, 0
236249, 820, 1, 0, 0
236349, 820, 1, 0, 0
236449, 810, 1, 0, 0
236550, 810, 1, 0, 0
236650, 800, 1, 0, 0
236749, 818, 1, 0, 0
236849, 760, 1, 0, 0
236949, 830, 1, 0, 0
237049, 780, 1, 0, 0
237149, 820, 1, 0, 0
237249, 840, 1, 0, 0
237349, 810, 1, 0, 0
237449, 800, 1, 0, 0
237549, 790, 1, 0, 0
237649, 810, 1, 0, 0
237750, 840, 1, 0, 0
237850, 800, 1, 0, 0
237950, 810, 1, 0, 0
238050, 820, 1, 0, 0
238150, 830, 1, 0, 0
238249, 828, 1, 0, 0
238349, 810, 1, 0, 0
238449, 840, 1, 0, 0
238549, 840, 1, 0, 0
238649, 830, 1, 0, 0
238749, 820, 1, 0, 0
238849, 800, 1, 0, 0
238949, 820, 1, 0, 0
239050, 800, 1, 0, 0
239150, 820, 1, 0, 0
239249, 797, 1, 0, 0
239349, 800, 1, 0, 0
239449, 790, 1, 0, 0
239549, 810, 1, 0, 0
239649, 800, 1, 0, 0
239749, 820, 1, 0, 0
239849, 780, 1, 0, 0
239949, 810, 1, 0, 0
240049, 840, 1, 0, 0
240149, 810, 1, 0, 0
240250, 800, 1, 0, 0
240350, 840, 1, 0, 0
240450, 800, 1, 0, 0
240550, 800, 1, 0, 0
240650, 810, 1, 0, 0
240749, 797, 1, 0, 0
240849, 820, 1, 0, 0
240949, 820, 1, 0, 0
241049, 820, 1, 0, 0
241149, 820, 1, 0, 0
241249, 820, 1, 0, 0
241349, 790, 1, 0, 0
241449, 800, 1, 0, 0
241550, 780, 1, 0, 0
241650, 790, 1, 0, 0
241749, 818, 1, 0, 0
241849, 820, 1, 0, 0
241949, 800, 1, 0, 0
242049, 820, 1, 0, 0
242149, 780, 1, 0, 0
242249, 820, 1, 0, 0
242349, 790, 1, 0, 0
242449, 820, 1, 0, 0
242549, 810, 1, 0, 0
242649, 830, 1, 0, 0
242749, 810, 1, 0, 0
242850, 820, 1, 0, 0
242950, 800, 1, 0, 0
243050, 830, 1, 0, 0
243150, 800, 1, 0, 0
243249, 787, 1, 0, 0
243349, 790, 1, 0, 0
243449, 790, 1, 0, 0
243549, 800, 1, 0, 0
243649, 820, 1, 0, 0
243749, 790, 1, 0, 0
243849, 790, 1, 0, 0
243949, 790, 1, 0, 0
244049, 830, 1, 0, 0
244150, 810, 1, 0, 0
244250, 820, 1, 0, 0
244350, 820, 1, 0, 0
244450, 810, 1, 0, 0
244550, 800, 1, 0, 0
244650, 800, 1, 0, 0
244749, 797, 1, 0, 0
244849, 790, 1, 0, 0
244949, 820, 1, 0, 0
245049, 820, 1, 0, 0
245149, 810, 1, 0, 0
245249, 810, 1, 0, 0
245349, 830, 1, 0, 0
245449, 840, 1, 0, 0
245549, 800, 1, 0, 0
245650, 820, 1, 0, 0
245749, 838, 1, 0, 0
245849, 810, 1, 0, 0
245949, 800, 1, 0, 0
246049, 850, 1, 0, 0
246149, 830, 1, 0, 0
246249, 800, 1, 0, 0
246349, 780, 1, 0, 0
246449, 820, 1, 0, 0
246549, 820, 1, 0, 0
246649, 840, 1, 0, 0
246749, 790, 1, 0, 0
246849, 800, 1, 0, 0
246949, 780, 1, 0, 0
247050, 830, 1, 0, 0
247150, 800, 1, 0, 0
247249, 808, 1, 0, 0
247349, 840, 1, 0, 0
247449, 820, 1, 0, 0
247549, 820, 1, 0, 0
247649, 830, 1, 0, 0
247749, 830, 1, 0, 0
247849, 810, 1, 0, 0
247949, 820, 1, 0, 0
248049, 850, 1, 0, 0
248149, 820, 1, 0, 0
248249, 800, 1, 0, 0
248349, 810, 1, 0, 0
248449, 750, 1, 0, 0
248550, 780, 1, 0, 0
248650, 780, 1, 0, 0
248749, 838, 1, 0, 0
248849, 800, 1, 0, 0
248949, 810, 1, 0, 0
249049, 810, 1, 0, 0
249149, 790, 1, 0, 0
249249, 820, 1, 0, 0
249349, 830, 1, 0, 0
249449, 740, 1, 0, 0
249549, 820, 1, 0, 0
249649, 830, 1, 0, 0
249749, 830, 1, 0, 0
249849, 840, 1, 0, 0
249950, 810, 1, 0, 0
250050, 840, 1, 0, 0
250150, 840, 1, 0, 0
250249, 818, 1, 0, 0
250349, 800, 1, 0, 0
250449, 830, 1, 0, 0
250549, 840, 1, 0, 0
250649, 790, 1, 0, 0
250749, 830, 1, 0, 0
250849, 810, 1, 0, 0
250949, 820, 1, 0, 0
251049, 830, 1, 0, 0
251149, 760, 1, 0, 0
251249, 820, 1, 0, 0
251350, 810, 1, 0, 0
251450, 800, 1, 0, 0
251550, 770, 1, 0, 0
251650, 820, 1, 0, 0
251749, 828, 1, 0, 0
251849, 830, 1, 0, 0
251949, 820, 1, 0, 0
252049, 800, 1, 0, 0
252149, 850, 1, 0, 0
252249, 850, 1, 0, 0
252349, 840, 1, 0, 0
252449, 860, 1, 0, 0
252550, 800, 1, 0, 0
252650, 820, 1, 0, 0
252749, 818, 1, 0, 0
252849, 770, 1, 0, 0
252949, 780, 1, 0, 0
253049, 810, 1, 0, 0
253149, 820, 1, 0, 0
253249, 760, 1, 0, 0
253349, 840, 1, 0, 0
253449, 850, 1, 0, 0
253549, 780, 1, 0, 0
253649, 820, 1, 0, 0
253749, 840, 1, 0, 0
253850, 810, 1, 0, 0
253950, 810, 1, 0, 0
254050, 810, 1, 0, 0
254150, 840, 1, 0, 0
254249, 828, 1, 0, 0
254349, 780, 1, 0, 0
254449, 830, 1, 0, 0
254549, 800, 1, 0, 0
254649, 760, 1, 0, 0
254749, 820, 1, 0, 0
254849, 800, 1, 0, 0
254949, 780, 1, 0, 0
255050, 810, 1, 0, 0
255150, 770, 1, 0, 0
255249, 787, 1, 0, 0
255349, 800, 1, 0, 0
255449, 790, 1, 0, 0
255549, 840, 1, 0, 0
255649, 850, 1, 0, 0
255749, 790, 1, 0, 0
255849, 780, 1, 0, 0
255949, 810, 1, 0, 0
256049, 810, 1, 0, 0
256150, 780, 1, 0, 0
256250, 780, 1, 0, 0
256350, 790, 1, 0, 0
256450, 810, 1, 0, 0
256550, 840, 1, 0, 0
256650, 840, 1, 0, 0
256749, 797, 1, 0, 0
256849, 820, 1, 0, 0
256949, 800, 1, 0, 0
257049, 860, 1, 0, 0
257149, 820, 1, 0, 0
257249, 790, 1, 0, 0
257349, 810, 1, 0, 0
257449, 820, 1, 0, 0
257550, 800, 1, 0, 0
257650, 790, 1, 0, 0
257749, 787, 1, 0, 0
257849, 810, 1, 0, 0
257949, 830, 1, 0, 0
258049, 780, 1, 0, 0
258149, 820, 1, 0, 0
258249, 810, 1, 0, 0
258349, 800, 1, 0, 0
258449, 810, 1, 0, 0
258549, 800, 1, 0, 0
258649, 810, 1, 0, 0
258750, 830, 1, 0, 0
258850, 770, 1, 0, 0
258950, 830, 1, 0, 0
259050, 810, 1, 0, 0
259150, 810, 1, 0, 0
259249, 808, 1, 0, 0
259349, 810, 1, 0, 0
259449, 800, 1, 0, 0
259549, 780, 1, 0, 0
259649, 820, 1, 0, 0
259749, 790, 1, 0, 0
259849, 800, 1, 0, 0
259949, 790, 1, 0, 0
260050, 790, 1, 0, 0
260150, 830, 1, 0, 0
260249, 818, 1, 0, 0
260349, 780, 1, 0, 0
260449, 830, 1, 0, 0
260549, 840, 1, 0, 0
260649, 780, 1, 0, 0
260749, 790, 1, 0, 0
260849, 830, 1, 0, 0
260949, 810, 1, 0, 0
261049, 820, 1, 0, 0
261149, 810, 1, 0, 0
261250, 770, 1, 0, 0
261350, 810, 1, 0, 0
261450, 770, 1, 0, 0
261550, 770, 1, 0, 0
261650, 790, 1, 0, 0
261749, 767, 1, 0, 0
261849, 780, 1, 0, 0
261949, 800, 1, 0, 0
262049, 750, 1, 0, 0
262149, 760, 1, 0, 0
262249, 810, 1, 0, 0
262349, 800, 1, 0, 0
262450, 810, 1, 0, 0
262550, 810, 1, 0, 0
262650, 810, 1, 0, 0
262749, 828, 1, 0, 0
262849, 780, 1, 0, 0
262949, 800, 1, 0, 0
263049, 800, 1, 0, 0
263149, 770, 1, 0, 0
263249, 830, 1, 0, 0
263349, 820, 1, 0, 0
263449, 810, 1, 0, 0
263549, 800, 1, 0, 0
263649, 810, 1, 0, 0
263750, 830, 1, 0, 0
263850, 790, 1, 0, 0
263950, 800, 1, 0, 0
264050, 800, 1, 0, 0
264150, 790, 1, 0, 0
264249, 797, 1, 0, 0
264349, 780, 1, 0, 0
264449, 820, 1, 0, 0
264549, 780, 1, 0, 0
264649, 820, 1, 0, 0
264749, 840, 1, 0, 0
264849, 830, 1, 0, 0
264949, 800, 1, 0, 0
265050, 800, 1, 0, 0
265150, 850, 1, 0, 0
265249, 838, 1, 0, 0
265349, 800, 1, 0, 0
265449, 800, 1, 0, 0
265549, 830, 1, 0, 0
265649, 780, 1, 0, 0
265749, 760, 1, 0, 0
265849, 840, 1, 0, 0
265949, 820, 1, 0, 0
266049, 800, 1, 0, 0
266149, 810, 1, 0, 0
266250, 810, 1, 0, 0
266350, 810, 1, 0, 0
266450, 810, 1, 0, 0
266550, 780, 1, 0, 0
266650, 810, 1, 0, 0
266749, 797, 1, 0, 0
266849, 810, 1, 0, 0
266949, 810, 1, 0, 0
267049, 800, 1, 0, 0
267149, 810, 1, 0, 0
267249, 820, 1, 0, 0
267349, 830, 1, 0, 0
267449, 770, 1, 0, 0
267550, 820, 1, 0, 0
267650, 800, 1, 0, 0
267749, 797, 1, 0, 0
267849, 820, 1, 0, 0
267949, 780, 1, 0, 0
268049, 820, 1, 0, 0
268149, 810, 1, 0, 0
268249, 830, 1, 0, 0
268349, 800, 1, 0, 0
268449, 850, 1, 0, 0
268549, 850, 1, 0, 0
268649, 770, 1, 0, 0
268750, 810, 1, 0, 0
268850, 820, 1, 0, 0
268950, 810, 1, 0, 0
269050, 840, 1, 0, 0
269150, 810, 1, 0, 0
269249, 797, 1, 0, 0
269349, 770, 1, 0, 0
269449, 800, 1, 0, 0
269549, 820, 1, 0, 0
269649, 810, 1, 0, 0
269749, 810, 1, 0, 0
269849, 820, 1, 0, 0
269949, 800, 1, 0, 0
270050, 800, 1, 0, 0
270150, 810, 1, 0, 0
270249, 787, 1, 0, 0
270349, 860, 1, 0, 0
270449, 770, 1, 0, 0
270549, 820, 1, 0, 0
270649, 830, 1, 0, 0
270749, 800, 1, 0, 0
270849, 770, 1, 0, 0
270949, 830, 1, 0, 0
271049, 850, 1, 0, 0
271149, 810, 1, 0, 0
271250, 800, 1, 0, 0
271350, 830, 1, 0, 0
271450, 840, 1, 0, 0
271550, 840, 1, 0, 0
271650, 820, 1, 0, 0
271749, 787, 1, 0, 0
271849, 840, 1, 0, 0
271949, 830, 1, 0, 0
272049, 840, 1, 0, 0
272149, 830, 1, 0, 0
272249, 830, 1, 0, 0
272349, 830, 1, 0, 0
272449, 820, 1, 0, 0
272550, 800, 1, 0, 0
272650, 810, 1, 0, 0
272749, 808, 1, 0, 0
272849, 810, 1, 0, 0
272949, 810, 1, 0, 0
273049, 810, 1, 0, 0
273149, 810, 1, 0, 0
273249, 800, 1, 0, 0
273349, 810, 1, 0, 0
273449, 840, 1, 0, 0
273549, 800, 1, 0, 0
273649, 830, 1, 0, 0
273749, 830, 1, 0, 0
273849, 800, 1, 0, 0
273949, 800, 1, 0, 0
274050, 790, 1, 0, 0
274150, 830, 1, 0, 0
274249, 818, 1, 0, 0
274349, 840, 1, 0, 0
274449, 840, 1, 0, 0
274549, 820, 1, 0, 0
274649, 830, 1, 0, 0
274749, 830, 1, 0, 0
274849, 840, 1, 0, 0
274949, 830, 1, 0, 0
275049, 800, 1, 0, 0
275149, 810, 1, 0, 0
275250, 840, 1, 0, 0
275350, 800, 1, 0, 0
275450, 820, 1, 0, 0
275550, 840, 1, 0, 0
275650, 810, 1, 0, 0
275749, 838, 1, 0, 0
275849, 820, 1, 0, 0
275949, 820, 1, 0, 0
276049, 820, 1, 0, 0
276149, 780, 1, 0, 0
276249, 820, 1, 0, 0
276349, 840, 1, 0, 0
276449, 830, 1, 0, 0
276550, 830, 1, 0, 0
276650, 840, 1, 0, 0
276749, 818, 1, 0, 0
276849, 790, 1, 0, 0
276949, 830, 1, 0, 0
277049, 840, 1, 0, 0
277149, 780, 1, 0, 0
277249, 790, 1, 0, 0
277349, 810, 1, 0, 0
277449, 820, 1, 0, 0
277549, 850, 1, 0, 0
277649, 850, 1, 0, 0
277750, 830, 1, 0, 0
277850, 830, 1, 0, 0
277950, 800, 1, 0, 0
278050, 830, 1, 0, 0
278150, 830, 1, 0, 0
278249, 818, 1, 0, 0
278349, 800, 1, 0, 0
278449, 790, 1, 0, 0
278549, 840, 1, 0, 0
278649, 820, 1, 0, 0
278749, 830, 1, 0, 0
278849, 800, 1, 0, 0
278949, 780, 1, 0, 0
279050, 800, 1, 0, 0
279150, 780, 1, 0, 0
279249, 828, 1, 0, 0
279349, 830, 1, 0, 0
279449, 810, 1, 0, 0
279549, 820, 1, 0, 0
279649, 810, 1, 0, 0
279749, 800, 1, 0, 0
279849, 800, 1, 0, 0
279949, 780, 1, 0, 0
280049, 820, 1, 0, 0
280149, 800, 1, 0, 0
280249, 770, 1, 0, 0
280349, 770, 1, 0, 0
280449, 780, 1, 0, 0
280550, 810, 1, 0, 0
280650, 830, 1, 0, 0
280749, 818, 1, 0, 0
280849, 790, 1, 0, 0
280949, 820, 1, 0, 0
281049, 830, 1, 0, 0
281149, 810, 1, 0, 0
281249, 820, 1, 0, 0
281349, 830, 1, 0, 0
281449, 840, 1, 0, 0
281549, 810, 1, 0, 0
281649, 760, 1, 0, 0
281749, 800, 1, 0, 0
281849, 780, 1, 0, 0
281950, 810, 1, 0, 0
282050, 820, 1, 0, 0
282150, 800, 1, 0, 0
282249, 808, 1, 0, 0
282349, 790, 1, 0, 0
282449, 810, 1, 0, 0
282549, 780, 1, 0, 0
282649, 800, 1, 0, 0
282749, 830, 1, 0, 0
282849, 790, 1, 0, 0
282949, 800, 1, 0, 0
283049, 790, 1, 0, 0
283150, 780, 1, 0, 0
283249, 757, 1, 0, 0
283349, 790, 1, 0, 0
283449, 760, 1, 0, 0
283549, 780, 1, 0, 0
283649, 780, 1, 0, 0
283749, 780, 1, 0, 0
283849, 780, 1, 0, 0
283949, 780, 1, 0, 0
284049, 790, 1, 0, 0
284149, 810, 1, 0, 0
284250, 790, 1, 0, 0
284350, 830, 1, 0, 0
284450, 790, 1, 0, 0
284550, 790, 1, 0, 0
284650, 830, 1, 0, 0
284749, 757, 1, 0, 0
284849, 810, 1, 0, 0
284949, 810, 1, 0, 0
285049, 780, 1, 0, 0
285149, 810, 1, 0, 0
285249, 830, 1, 0, 0
285349, 810, 1, 0, 0
285449, 770, 1, 0, 0
285550, 790, 1, 0, 0
285650, 810, 1, 0, 0
285749, 797, 1, 0, 0
285849, 800, 1, 0, 0
285949, 780, 1, 0, 0
286049, 830, 1, 0, 0
286149, 830, 1, 0, 0
286249, 800, 1, 0, 0
286349, 800, 1, 0, 0
286449, 780, 1, 0, 0
286549, 840, 1, 0, 0
286649, 830, 1, 0, 0
286750, 750, 1, 0, 0
286850, 780, 1, 0, 0
286950, 760, 1, 0, 0
287050, 790, 1, 0, 0
287150, 770, 1, 0, 0
287249, 828, 1, 0, 0
287349, 820, 1, 0, 0
287449, 790, 1, 0, 0
287549, 840, 1, 0, 0
287649, 810, 1, 0, 0
287749, 800, 1, 0, 0
287849, 830, 1, 0, 0
287949, 830, 1, 0, 0
288050, 810, 1, 0, 0
288150, 770, 1, 0, 0
288249, 818, 1, 0, 0
288349, 800, 1, 0, 0
288449, 790, 1, 0, 0
288549, 790, 1, 0, 0
288649, 820, 1, 0, 0
288749, 820, 1, 0, 0
288849, 800, 1, 0, 0
288949, 780, 1, 0, 0
289049, 830, 1, 0, 0
289149, 770, 1, 0, 0
289250, 810, 1, 0, 0
289350, 820, 1, 0, 0
289450, 800, 1, 0, 0
289550, 790, 1, 0, 0
289650, 830, 1, 0, 0
289749, 808, 1, 0, 0
289849, 830, 1, 0, 0
289949, 800, 1, 0, 0
290049, 820, 1, 0, 0
290149, 810, 1, 0, 0
290249, 790, 1, 0, 0
290349, 800, 1, 0, 0
290449, 770, 1, 0, 0
290550, 800, 1, 0, 0
290650, 810, 1, 0, 0
290749, 777, 1, 0, 0
290849, 790, 1, 0, 0
290949, 790, 1, 0, 0
291049, 800, 1, 0, 0
291149, 800, 1, 0, 0
291249, 810, 1, 0, 0
291349, 820, 1, 0, 0
291449, 800, 1, 0, 0
291549, 790, 1, 0, 0
291649, 790, 1, 0, 0
291749, 810, 1, 0, 0
291849, 810, 1, 0, 0
291949, 820, 1, 0, 0
292050, 800, 1, 0, 0
292150, 800, 1, 0, 0
292249, 797, 1, 0, 0
292349, 810, 1, 0, 0
292449, 830, 1, 0, 0
292549, 810, 1, 0, 0
292649, 780, 1, 0, 0
292749, 830, 1, 0, 0
292849, 810, 1, 0, 0
292949, 790, 1, 0, 0
293049, 820, 1, 0, 0
293149, 800, 1, 0, 0
293250, 810, 1, 0, 0
293350, 810, 1, 0, 0
293450, 830, 1, 0, 0
293550, 770, 1, 0, 0
293650, 810, 1, 0, 0
293749, 828, 1, 0, 0
293849, 840, 1, 0, 0
293949, 760, 1, 0, 0
294049, 820, 1, 0, 0
294149, 820, 1, 0, 0
294249, 800, 1, 0, 0
294349, 810, 1, 0, 0
294449, 820, 1, 0, 0
294550, 800, 1, 0, 0
294650, 800, 1, 0, 0
294749, 808, 1, 0, 0
294849, 820, 1, 0, 0
294949, 830, 1, 0, 0
295049, 800, 1, 0, 0
295149, 820, 1, 0, 0
295249, 820, 1, 0, 0
295349, 800, 1, 0, 0
295449, 790, 1, 0, 0
295549, 820, 1, 0, 0
295649, 800, 1, 0, 0
295750, 820, 1, 0, 0
295850, 850, 1, 0, 0
295950, 810, 1, 0, 0
296050, 800, 1, 0, 0
296150, 800, 1, 0, 0
296249, 818, 1, 0, 0
296349, 820, 1, 0, 0
296449, 790, 1, 0, 0
296549, 830, 1, 0, 0
296649, 810, 1, 0, 0
296749, 810, 1, 0, 0
296849, 830, 1, 0, 0
296949, 810, 1, 0, 0
297050, 790, 1, 0, 0
297150, 800, 1, 0, 0
297249, 797, 1, 0, 0
297349, 850, 1, 0, 0
297449, 810, 1, 0, 0
297549, 820, 1, 0, 0
297649, 790, 1, 0, 0
297749, 780, 1, 0, 0
297849, 800, 1, 0, 0
297949, 790, 1, 0, 0
298049, 770, 1, 0, 0
298149, 810, 1, 0, 0
298250, 820, 1, 0, 0
298350, 810, 1, 0, 0
298450, 790, 1, 0, 0
298550, 810, 1, 0, 0
298650, 810, 1, 0, 0
298749, 818, 1, 0, 0
298849, 800, 1, 0, 0
298949, 830, 1, 0, 0
299049, 790, 1, 0, 0
299149, 840, 1, 0, 0
299249, 800, 1, 0, 0
299349, 830, 1, 0, 0
299449, 790, 1, 0, 0
299550, 800, 1, 0, 0
299650, 800, 1, 0, 0
299749, 787, 1, 0, 0
299849, 810, 1, 0, 0
299949, 840, 1, 0, 0
300049, 820, 1, 0, 0
300149, 820, 1, 0, 0
300249, 840, 1, 0, 0
300349, 830, 1, 0, 0
300449, 790, 1, 0, 0
300549, 780, 1, 0, 0
300649, 840, 1, 0, 0
300749, 810, 1, 0, 0
300849, 820, 1, 0, 0
300949, 830, 1, 0, 0
301050, 800, 1, 0, 0
301150, 790, 1, 0, 0
301249, 808, 1, 0, 0
301349, 850, 1, 0, 0
301449, 830, 1, 0, 0
301549, 810, 1, 0, 0
301649, 820, 1, 0, 0
301749, 870, 1, 0, 0
301849, 850, 1, 0, 0
301949, 810, 1, 0, 0
302049, 820, 1, 0, 0
302149, 820, 1, 0, 0
302249, 820, 1, 0, 0
302349, 800, 1, 0, 0
302450, 820, 1, 0, 0
302550, 800, 1, 0, 0
302650, 810, 1, 0, 0
302749, 838, 1, 0, 0
302849, 830, 1, 0, 0
302949, 860, 1, 0, 0
303049, 800, 1, 0, 0
303149, 840, 1, 0, 0
303249, 850, 1, 0, 0
303349, 780, 1, 0, 0
303449, 800, 1, 0, 0
303549, 820, 1, 0, 0
303649, 790, 1, 0, 0
303750, 810, 1, 0, 0
303850, 810, 1, 0, 0
303950, 790, 1, 0, 0
304050, 820, 1, 0, 0
304150, 810, 1, 0, 0
304249, 828, 1, 0, 0
304349, 780, 1, 0, 0
304449, 810, 1, 0, 0
304549, 850, 1, 0, 0
304649, 820, 1, 0, 0
304749, 810, 1, 0, 0
304849, 800, 1, 0, 0
304949, 830, 1, 0, 0
305050, 840, 1, 0, 0
305150, 830, 1, 0, 0
305249, 828, 1, 0, 0
305349, 850, 1, 0, 0
305449, 790, 1, 0, 0
305549, 800, 1, 0, 0
305649, 780, 1, 0, 0
305749, 810, 1, 0, 0
305849, 790, 1, 0, 0
305949, 820, 1, 0, 0
306049, 810, 1, 0, 0
306149, 830, 1, 0, 0
306250, 820, 1, 0, 0
306350, 790, 1, 0, 0
306450, 820, 1, 0, 0
306550, 800, 1, 0, 0
306650, 830, 1, 0, 0
306749, 818, 1, 0, 0
306849, 830, 1, 0, 0
306949, 780, 1, 0, 0
307049, 800, 1, 0, 0
307149, 810, 1, 0, 0
307249, 760, 1, 0, 0
307349, 780, 1, 0, 0
307450, 750, 1, 0, 0
307550, 800, 1, 0, 0
307650, 760, 1, 0, 0
307749, 797, 1, 0, 0
307849, 760, 1, 0, 0
307949, 760, 1, 0, 0
308049, 810, 1, 0, 0
308149, 830, 1, 0, 0
308249, 820, 1, 0, 0
308349, 790, 1, 0, 0
308449, 820, 1, 0, 0
308549, 790, 1, 0, 0
308650, 800, 1, 0, 0
308750, 820, 1, 0, 0
308850, 770, 1, 0, 0
308950, 810, 1, 0, 0
309050, 810, 1, 0, 0
309150, 820, 1, 0, 0
309249, 787, 1, 0, 0
309349, 770, 1, 0, 0
309449, 770, 1, 0, 0
309549, 770, 1, 0, 0
309649, 780, 1, 0, 0
309749, 820, 1, 0, 0
309849, 810, 1, 0, 0
309949, 820, 1, 0, 0
310050, 780, 1, 0, 0
310150, 820, 1, 0, 0
310249, 808, 1, 0, 0
310349, 820, 1, 0, 0
310449, 780, 1, 0, 0
310549, 800, 1, 0, 0
310649, 830, 1, 0, 0
310749, 720, 1, 0, 0
310849, 770, 1, 0, 0
310949, 770, 1, 0, 0
311049, 790, 1, 0, 0
311149, 830, 1, 0, 0
311249, 760, 1, 0, 0
311349, 810, 1, 0, 0
311450, 800, 1, 0, 0
311550, 810, 1, 0, 0
311650, 830, 1, 0, 0
311749, 787, 1, 0, 0
311849, 820, 1, 0, 0
311949, 800, 1, 0, 0
312049, 820, 1, 0, 0
312149, 800, 1, 0, 0
312249, 770, 1, 0, 0
312349, 800, 1, 0, 0
312449, 840, 1, 0, 0
312550, 810, 1, 0, 0
312650, 790, 1, 0, 0
312749, 818, 1, 0, 0
312849, 820, 1, 0, 0
312949, 810, 1, 0, 0
313049, 840, 1, 0, 0
313149, 800, 1, 0, 0
313249, 810, 1, 0, 0
313349, 810, 1, 0, 0
313449, 790, 1, 0, 0
313549, 790, 1, 0, 0
313649, 800, 1, 0, 0
313750, 820, 1, 0, 0
313850, 800, 1, 0, 0
313950, 810, 1, 0, 0
314050, 780, 1, 0, 0
314150, 800, 1, 0, 0
314249, 808, 1, 0, 0
314349, 810, 1, 0, 0
314449, 820, 1, 0, 0
314549, 830, 1, 0, 0
314649, 830, 1, 0, 0
314749, 790, 1, 0, 0
314849, 810, 1, 0, 0
314949, 780, 1, 0, 0
315050, 810, 1, 0, 0
315150, 800, 1, 0, 0
315249, 797, 1, 0, 0
315349, 780, 1, 0, 0
315449, 790, 1, 0, 0
315549, 780, 1, 0, 0
315649, 820, 1, 0, 0
315749, 760, 1, 0, 0
315849, 820, 1, 0, 0
315949, 780, 1, 0, 0
316049, 800, 1, 0, 0
316150, 790, 1, 0, 0
316250, 820, 1, 0, 0
316350, 790, 1, 0, 0
316450, 800, 1, 0, 0
316550, 790, 1, 0, 0
316650, 790, 1, 0, 0
316749, 797, 1, 0, 0
316849, 820, 1, 0, 0
316949, 780, 1, 0, 0
317049, 800, 1, 0, 0
317149, 820, 1, 0, 0
317250, 830, 1, 0, 0
317350, 770, 1, 0, 0
317450, 800, 1, 0, 0
317550, 780, 1, 0, 0
317650, 770, 1, 0, 0
317749, 777, 1, 0, 0
317849, 810, 1, 0, 0
317949, 810, 1, 0, 0
318049, 810, 1, 0, 0
318149, 820, 1, 0, 0
318249, 810, 1, 0, 0
318349, 770, 1, 0, 0
318449, 800, 1, 0, 0
318550, 830, 1, 0, 0
318650, 780, 1, 0, 0
318749, 767, 1, 0, 0
318849, 820, 1, 0, 0
318949, 820, 1, 0, 0
319049, 810, 1, 0, 0
319149, 760, 1, 0, 0
319249, 810, 1, 0, 0
319349, 800, 1, 0, 0
319449, 790, 1, 0, 0
319549, 790, 1, 0, 0
319649, 800, 1, 0, 0
319750, 820, 1, 0, 0
319850, 810, 1, 0, 0
319950, 820, 1, 0, 0
320050, 780, 1, 0, 0
320150, 840, 1, 0, 0
320249, 828, 1, 0, 0
320349, 810, 1, 0, 0
320449, 790, 1, 0, 0
320549, 820, 1, 0, 0
320649, 770, 1, 0, 0
320749, 740, 1, 0, 0
320849, 790, 1, 0, 0
320949, 820, 1, 0, 0
321050, 810, 1, 0, 0
321150, 780, 1, 0, 0
321249, 767, 1, 0, 0
321349, 790, 1, 0, 0
321449, 770, 1, 0, 0
321549, 780, 1, 0, 0
321649, 790, 1, 0, 0
321749, 750, 1, 0, 0
321849, 800, 1, 0, 0
321949, 780, 1, 0, 0
322049, 810, 1, 0, 0
322149, 840, 1, 0, 0
322250, 790, 1, 0, 0
322350, 800, 1, 0, 0
322450, 820, 1, 0, 0
322550, 770, 1, 0, 0
322650, 790, 1, 0, 0
322749, 797, 1, 0, 0
322849, 820, 1, 0, 0
322949, 800, 1, 0, 0
323049, 810, 1, 0, 0
323149, 790, 1, 0, 0
323249, 790, 1, 0, 0
323349, 770, 1, 0, 0
323449, 820, 1, 0, 0
323550, 780, 1, 0, 0
323650, 840, 1, 0, 0
323749, 838, 1, 0, 0
323849, 860, 1, 0, 0
323949, 770, 1, 0, 0
324049, 770, 1, 0, 0
324149, 800, 1, 0, 0
324249, 800, 1, 0, 0
324349, 770, 1, 0, 0
324449, 790, 1, 0, 0
324549, 800, 1, 0, 0
324649, 800, 1, 0, 0
324750, 810, 1, 0, 0
324850, 780, 1, 0, 0
324950, 810, 1, 0, 0
325050, 810, 1, 0, 0
325150, 790, 1, 0, 0
325249, 787, 1, 0, 0
325349, 790, 1, 0, 0
325449, 810, 1, 0, 0
325549, 820, 1, 0, 0
325649, 780, 1, 0, 0
325749, 830, 1, 0, 0
325849, 800, 1, 0, 0
325949, 770, 1, 0, 0
326049, 780, 1, 0, 0
326150, 770, 1, 0, 0
326249, 777, 1, 0, 0
326349, 820, 1, 0, 0
326449, 800, 1, 0, 0
326549, 820, 1, 0, 0
326649, 820, 1, 0, 0
326749, 810, 1, 0, 0
326849, 790, 1, 0, 0
326949, 840, 1, 0, 0
327049, 810, 1, 0, 0
327149, 800, 1, 0, 0
327249, 820, 1, 0, 0
327350, 810, 1, 0, 0
327450, 840, 1, 0, 0
327550, 810, 1, 0, 0
327650, 830, 1, 0, 0
327749, 818, 1, 0, 0
327849, 800, 1, 0, 0
327949, 800, 1, 0, 0
328049, 810, 1, 0, 0
328149, 810, 1, 0, 0
328249, 810, 1, 0, 0
328349, 790, 1, 0, 0
328449, 800, 1, 0, 0
328550, 770, 1, 0, 0
328650, 800, 1, 0, 0
328749, 777, 1, 0, 0
328849, 790, 1, 0, 0
328949, 780, 1, 0, 0
329049, 820, 1, 0, 0
329149, 830, 1, 0, 0
329249, 810, 1, 0, 0
329349, 830, 1, 0, 0
329449, 810, 1, 0, 0
329549, 790, 1, 0, 0
329649, 760, 1, 0, 0
329750, 810, 1, 0, 0
329850, 820, 1, 0, 0
329950, 810, 1, 0, 0
330050, 780, 1, 0, 0
330150, 800, 1, 0, 0
330249, 787, 1, 0, 0
330349, 800, 1, 0, 0
330449, 820, 1, 0, 0
330549, 830, 1, 0, 0
330649, 770, 1, 0, 0
330749, 800, 1, 0, 0
330849, 790, 1, 0, 0
330950, 790, 1, 0, 0
331050, 800, 1, 0, 0
331150, 840, 1, 0, 0
331249, 797, 1, 0, 0
331349, 830, 1, 0, 0
331449, 770, 1, 0, 0
331549, 800, 1, 0, 0
331649, 810, 1, 0, 0
331749, 800, 1, 0, 0
331849, 800, 1, 0, 0
331949, 790, 1, 0, 0
332049, 790, 1, 0, 0
332149, 780, 1, 0, 0
332250, 840, 1, 0, 0
332350, 820, 1, 0, 0
332450, 790, 1, 0, 0
332550, 810, 1, 0, 0
332650, 850, 1, 0, 0
332749, 767, 1, 0, 0
332849, 790, 1, 0, 0
332949, 800, 1, 0, 0
333049, 780, 1, 0, 0
333149, 820, 1, 0, 0
333249, 810, 1, 0, 0
333349, 750, 1, 0, 0
333449, 800, 1, 0, 0
333550, 830, 1, 0, 0
333650, 790, 1, 0, 0
333749, 828, 1, 0, 0
333849, 800, 1, 0, 0
333949, 800, 1, 0, 0
334049, 800, 1, 0, 0
334149, 820, 1, 0, 0
334249, 790, 1, 0, 0
334349, 800, 1, 0, 0
334449, 760, 1, 0, 0
334549, 790, 1, 0, 0
334649, 790, 1, 0, 0
334750, 830, 1, 0, 0
334850, 800, 1, 0, 0
334950, 800, 1, 0, 0
335050, 770, 1, 0, 0
335150, 800, 1, 0, 0
335249, 828, 1, 0, 0
335349, 800, 1, 0, 0
335449, 780, 1, 0, 0
335549, 840, 1, 0, 0
335649, 800, 1, 0, 0
335749, 770, 1, 0, 0
335849, 790, 1, 0, 0
335949, 760, 1, 0, 0
336050, 850, 1, 0, 0
336150, 810, 1, 0, 0
336249, 818, 1, 0, 0
336349, 780, 1, 0, 0
336449, 820, 1, 0, 0
336549, 780, 1, 0, 0
336649, 780, 1, 0, 0
336749, 830, 1, 0, 0
336849, 850, 1, 0, 0
336949, 830, 1, 0, 0
337049, 810, 1, 0, 0
337149, 810, 1, 0, 0
337249, 800, 1, 0, 0
337350, 810, 1, 0, 0
337450, 810, 1, 0, 0
337550, 820, 1, 0, 0
337650, 810, 1, 0, 0
337749, 828, 1, 0, 0
337849, 780, 1, 0, 0
337949, 840, 1, 0, 0
338049, 850, 1, 0, 0
338149, 810, 1, 0, 0
338249, 810, 1, 0, 0
338349, 840, 1, 0, 0
338449, 830, 1, 0, 0
338549, 850, 1, 0, 0
338650, 820, 1, 0, 0
338749, 828, 1, 0, 0
338849, 850, 1, 0, 0
338949, 820, 1, 0, 0
339049, 810, 1, 0, 0
339149, 810, 1, 0, 0
339249, 800, 1, 0, 0
339349, 840, 1, 0, 0
339449, 850, 1, 0, 0
339549, 840, 1, 0, 0
339649, 780, 1, 0, 0
339750, 810, 1, 0, 0
339850, 800, 1, 0, 0
339950, 800, 1, 0, 0
340050, 790, 1, 0, 0
340150, 830, 1, 0, 0
340249, 818, 1, 0, 0
340349, 800, 1, 0, 0
340449, 800, 1, 0, 0
340549, 780, 1, 0, 0
340649, 820, 1, 0, 0
340749, 840, 1, 0, 0
340849, 800, 1, 0, 0
340949, 820, 1, 0, 0
341050, 800, 1, 0, 0
341150, 830, 1, 0, 0
341249, 797, 1, 0, 0
341349, 830, 1, 0, 0
341449, 820, 1, 0, 0
341549, 840, 1, 0, 0
341649, 850, 1, 0, 0
341749, 830, 1, 0, 0
341849, 840, 1, 0, 0
341949, 850, 1, 0, 0
342049, 830, 1, 0, 0
342150, 780, 1, 0, 0
342249, 787, 1, 0, 0
342349, 810, 1, 0, 0
342449, 810, 1, 0, 0
342549, 810, 1, 0, 0
342649, 820, 1, 0, 0
342749, 780, 1, 0, 0
342849, 810, 1, 0, 0
342949, 800, 1, 0, 0
343049, 830, 1, 0, 0
343149, 840, 1, 0, 0
343249, 830, 1, 0, 0
343349, 810, 1, 0, 0
343450, 800, 1, 0, 0
343550, 820, 1, 0, 0
343650, 830, 1, 0, 0
343749, 797, 1, 0, 0
343849, 820, 1, 0, 0
343949, 810, 1, 0, 0
344049, 820, 1, 0, 0
344149, 840, 1, 0, 0
344249, 830, 1, 0, 0
344349, 820, 1, 0, 0
344449, 820, 1, 0, 0
344549, 810, 1, 0, 0
344650, 820, 1, 0, 0
344750, 810, 1, 0, 0
344850, 800, 1, 0, 0
344950, 830, 1, 0, 0
345050, 850, 1, 0, 0
345150, 850, 1, 0, 0
345249, 818, 1, 0, 0
345349, 820, 1, 0, 0
345449, 790, 1, 0, 0
345549, 820, 1, 0, 0
345649, 820, 1, 0, 0
345749, 790, 1, 0, 0
345849, 830, 1, 0, 0
345950, 790, 1, 0, 0
346050, 790, 1, 0, 0
346150, 800, 1, 0, 0
346249, 828, 1, 0, 0
346349, 820, 1, 0, 0
346449, 800, 1, 0, 0
346549, 820, 1, 0, 0
346649, 840, 1, 0, 0
346749, 840, 1, 0, 0
346849, 840, 1, 0, 0
346949, 770, 1, 0, 0
347049, 810, 1, 0, 0
347149, 810, 1, 0, 0
347250, 850, 1, 0, 0
347350, 830, 1, 0, 0
347450, 810, 1, 0, 0
347550, 820, 1, 0, 0
347650, 800, 1, 0, 0
347749, 828, 1, 0, 0
347849, 850, 1, 0, 0
347949, 820, 1, 0, 0
348049, 840, 1, 0, 0
348149, 800, 1, 0, 0
348249, 840, 1, 0, 0
348349, 810, 1, 0, 0
348449, 790, 1, 0, 0
348550, 770, 1, 0, 0
348650, 800, 1, 0, 0
348749, 797, 1, 0, 0
348849, 800, 1, 0, 0
348949, 810, 1, 0, 0
349049, 830, 1, 0, 0
349149, 840, 1, 0, 0
349249, 830, 1, 0, 0
349349, 790, 1, 0, 0
349449, 790, 1, 0, 0
349549, 830, 1, 0, 0
349649, 810, 1, 0, 0
349750, 820, 1, 0, 0
349850, 860, 1, 0, 0
349950, 820, 1, 0, 0
350050, 810, 1, 0, 0
350150, 800, 1, 0, 0
350249, 787, 1, 0, 0
350349, 820, 1, 0, 0
350449, 840, 1, 0, 0
350549, 840, 1, 0, 0
350649, 830, 1, 0, 0
350749, 820, 1, 0, 0
350849, 840, 1, 0, 0
350950, 810, 1, 0, 0
351050, 820, 1, 0, 0
351150, 840, 1, 0, 0
351249, 818, 1, 0, 0
351349, 830, 1, 0, 0
351449, 850, 1, 0, 0
351549, 790, 1, 0, 0
351649, 840, 1, 0, 0
351749, 830, 1, 0, 0
351849, 870, 1, 0, 0
351949, 830, 1, 0, 0
352049, 820, 1, 0, 0
352149, 840, 1, 0, 0
352250, 830, 1, 0, 0
352350, 830, 1, 0, 0
352450, 830, 1, 0, 0
352550, 800, 1, 0, 0
352650, 830, 1, 0, 0
352749, 777, 1, 0, 0
352849, 810, 1, 0, 0
352949, 820, 1, 0, 0
353049, 820, 1, 0, 0
353149, 830, 1, 0, 0
353249, 780, 1, 0, 0
353349, 810, 1, 0, 0
353449, 780, 1, 0, 0
353550, 800, 1, 0, 0
353650, 850, 1, 0, 0
353749, 808, 1, 0, 0
353849, 800, 1, 0, 0
353949, 810, 1, 0, 0
354049, 800, 1, 0, 0
354149, 860, 1, 0, 0
354249, 810, 1, 0, 0
354349, 780, 1, 0, 0
354449, 800, 1, 0, 0
354549, 800, 1, 0, 0
354649, 840, 1, 0, 0
354750, 800, 1, 0, 0
354850, 850, 1, 0, 0
354950, 830, 1, 0, 0
355050, 790, 1, 0, 0
355150, 810, 1, 0, 0
355249, 858, 1, 0, 0
355349, 820, 1, 0, 0
355449, 830, 1, 0, 0
355549, 810, 1, 0, 0
355649, 830, 1, 0, 0
355749, 840, 1, 0, 0
355849, 780, 1, 0, 0
355949, 820, 1, 0, 0
356050, 820, 1, 0, 0
356150, 820, 1, 0, 0
356249, 808, 1, 0, 0
356349, 790, 1, 0, 0
356449, 830, 1, 0, 0
356549, 820, 1, 0, 0
356649, 800, 1, 0, 0
356749, 850, 1, 0, 0
356849, 820, 1, 0, 0
356949, 840, 1, 0, 0
357049, 810, 1, 0, 0
357149, 790, 1, 0, 0
357250, 810, 1, 0, 0
357350, 790, 1, 0, 0
357450, 820, 1, 0, 0
357550, 800, 1, 0, 0
357650, 770, 1, 0, 0
357749, 828, 1, 0, 0
357849, 830, 1, 0, 0
357949, 810, 1, 0, 0
358049, 790, 1, 0, 0
358149, 810, 1, 0, 0
358249, 790, 1, 0, 0
358349, 830, 1, 0, 0
358449, 840, 1, 0, 0
358550, 800, 1, 0, 0
358650, 780, 1, 0, 0
358749, 797, 1, 0, 0
358849, 760, 1, 0, 0
358949, 800, 1, 0, 0
359049, 780, 1, 0, 0
359149, 780, 1, 0, 0
359249, 830, 1, 0, 0
359349, 820, 1, 0, 0
359449, 800, 1, 0, 0
359549, 800, 1, 0, 0
359649, 780, 1, 0, 0
359749, 790, 1, 0, 0
359850, 790, 1, 0, 0
359950, 760, 1, 0, 0
360050, 820, 1, 0, 0
360150, 840, 1, 0, 0
360249, 808, 1, 0, 0
360349, 810, 1, 0, 0
360449, 870, 1, 0, 0
360549, 820, 1, 0, 0
360649, 790, 1, 0, 0
360749, 800, 1, 0, 0
360849, 830, 1, 0, 0
360949, 790, 1, 0, 0
361049, 760, 1, 0, 0
361150, 820, 1, 0, 0
361250, 840, 1, 0, 0
361350, 830, 1, 0, 0
361450, 860, 1, 0, 0
361550, 830, 1, 0, 0
361650, 860, 1, 0, 0
361749, 828, 1, 0, 0
361849, 820, 1, 0, 0
361949, 830, 1, 0, 0
362049, 810, 1, 0, 0
362149, 790, 1, 0, 0
362249, 830, 1, 0, 0
362349, 820, 1, 0, 0
362450, 820, 1, 0, 0
362550, 840, 1, 0, 0
362650, 790, 1, 0, 0
362749, 797, 1, 0, 0
362849, 830, 1, 0, 0
362949, 820, 1, 0, 0
363049, 790, 1, 0, 0
363149, 830, 1, 0, 0
363249, 810, 1, 0, 0
363349, 810, 1, 0, 0
363449, 790, 1, 0, 0
363549, 830, 1, 0, 0
363650, 790, 1, 0, 0
363750, 790, 1, 0, 0
363850, 790, 1, 0, 0
363950, 810, 1, 0, 0
364050, 820, 1, 0, 0
364150, 780, 1, 0, 0
364249, 848, 1, 0, 0
364349, 840, 1, 0, 0
364449, 780, 1, 0, 0
364549, 830, 1, 0, 0
364649, 790, 1, 0, 0
364749, 810, 1, 0, 0
364849, 780, 1, 0, 0
364949, 790, 1, 0, 0
365050, 800, 1, 0, 0
365150, 770, 1, 0, 0
365249, 787, 1, 0, 0
365349, 780, 1, 0, 0
365449, 800, 1, 0, 0
365549, 760, 1, 0, 0
365649, 790, 1, 0, 0
365749, 810, 1, 0, 0
365849, 780, 1, 0, 0
365949, 790, 1, 0, 0
366049, 780, 1, 0, 0
366149, 780, 1, 0, 0
366250, 800, 1, 0, 0
366350, 810, 1, 0, 0
366450, 800, 1, 0, 0
366550, 800, 1, 0, 0
366650, 810, 1, 0, 0
366749, 787, 1, 0, 0
366849, 840, 1, 0, 0
366949, 800, 1, 0, 0
367049, 810, 1, 0, 0
367149, 800, 1, 0, 0
367249, 820, 1, 0, 0
367349, 820, 1, 0, 0
367449, 800, 1, 0, 0
367550, 790, 1, 0, 0
367650, 830, 1, 0, 0
367749, 767, 1, 0, 0
367849, 800, 1, 0, 0
367949, 810, 1, 0, 0
368049, 820, 1, 0, 0
368149, 830, 1, 0, 0
368249, 790, 1, 0, 0
368349, 810, 1, 0, 0
368449, 830, 1, 0, 0
368549, 810, 1, 0, 0
368649, 760, 1, 0, 0
368749, 820, 1, 0, 0
368849, 820, 1, 0, 0
368950, 830, 1, 0, 0
369050, 860, 1, 0, 0
369150, 810, 1, 0, 0
369249, 858, 1, 0, 0
369349, 810, 1, 0, 0
369449, 830, 1, 0, 0
369549, 830, 1, 0, 0
369649, 800, 1, 0, 0
369749, 800, 1, 0, 0
369849, 790, 1, 0, 0
369949, 810, 1, 0, 0
370049, 770, 1, 0, 0
370150, 800, 1, 0, 0
370250, 820, 1, 0, 0
370350, 790, 1, 0, 0
370450, 780, 1, 0, 0
370550, 820, 1, 0, 0
370650, 820, 1, 0, 0
370749, 777, 1, 0, 0
370849, 790, 1, 0, 0
370949, 810, 1, 0, 0
371049, 810, 1, 0, 0
371149, 770, 1, 0, 0
371249, 810, 1, 0, 0
371349, 770, 1, 0, 0
371450, 800, 1, 0, 0
371550, 800, 1, 0, 0
371650, 800, 1, 0, 0
371749, 787, 1, 0, 0
371849, 770, 1, 0, 0
371949, 750, 1, 0, 0
372049, 790, 1, 0, 0
372149, 790, 1, 0, 0
372249, 790, 1, 0, 0
372349, 820, 1, 0, 0
372449, 790, 1, 0, 0
372549, 810, 1, 0, 0
372649, 790, 1, 0, 0
372750, 750, 1, 0, 0
372850, 780, 1, 0, 0
372950, 790, 1, 0, 0
373050, 780, 1, 0, 0
373150, 780, 1, 0, 0
373249, 808, 1, 0, 0
373349, 820, 1, 0, 0
373449, 810, 1, 0, 0
373549, 820, 1, 0, 0
373649, 840, 1, 0, 0
373749, 820, 1, 0, 0
373849, 790, 1, 0, 0
373949, 840, 1, 0, 0
374049, 800, 1, 0, 0
374150, 780, 1, 0, 0
374250, 770, 1, 0, 0
374350, 830, 1, 0, 0
374450, 770, 1, 0, 0
374550, 810, 1, 0, 0
374650, 830, 1, 0, 0
374749, 828, 1, 0, 0
374849, 840, 1, 0, 0
374949, 830, 1, 0, 0
375049, 810, 1, 0, 0
375149, 840, 1, 0, 0
375249, 820, 1, 0, 0
375349, 820, 1, 0, 0
375449, 820, 1, 0, 0
375550, 830, 1, 0, 0
375650, 850, 1, 0, 0
375749, 828, 1, 0, 0
375849, 820, 1, 0, 0
375949, 800, 1, 0, 0
376049, 800, 1, 0, 0
376149, 820, 1, 0, 0
376249, 770, 1, 0, 0
376349, 800, 1, 0, 0
376449, 820, 1, 0, 0
376549, 810, 1, 0, 0
376649, 830, 1, 0, 0
376750, 780, 1, 0, 0
376850, 810, 1, 0, 0
376950, 800, 1, 0, 0
377050, 810, 1, 0, 0
377150, 860, 1, 0, 0
377249, 777, 1, 0, 0
377349, 850, 1, 0, 0
377449, 840, 1, 0, 0
377549, 770, 1, 0, 0
377649, 790, 1, 0, 0
377749, 790, 1, 0, 0
377849, 870, 1, 0, 0
377949, 830, 1, 0, 0
378050, 840, 1, 0, 0
378150, 830, 1, 0, 0
378249, 838, 1, 0, 0
378349, 800, 1, 0, 0
378449, 830, 1, 0, 0
378549, 770, 1, 0, 0
378649, 820, 1, 0, 0
378749, 840, 1, 0, 0
378849, 790, 1, 0, 0
378949, 820, 1, 0, 0
379049, 810, 1, 0, 0
379149, 770, 1, 0, 0
379250, 830, 1, 0, 0
379350, 790, 1, 0, 0
379450, 820, 1, 0, 0
379550, 850, 1, 0, 0
379650, 820, 1, 0, 0
379749, 767, 1, 0, 0
379849, 810, 1, 0, 0
379949, 840, 1, 0, 0
380049, 800, 1, 0, 0
380149, 780, 1, 0, 0
380249, 820, 1, 0, 0
380350, 800, 1, 0, 0
380450, 840, 1, 0, 0
380550, 830, 1, 0, 0
380650, 810, 1, 0, 0
380749, 828, 1, 0, 0
380849, 800, 1, 0, 0
380949, 800, 1, 0, 0
381049, 830, 1, 0, 0
381149, 800, 1, 0, 0
381249, 830, 1, 0, 0
381349, 810, 1, 0, 0
381449, 820, 1, 0, 0
381549, 840, 1, 0, 0
381650, 820, 1, 0, 0
381749, 818, 1, 0, 0
381849, 810, 1, 0, 0
381949, 820, 1, 0, 0
382049, 790, 1, 0, 0
382149, 800, 1, 0, 0
382249, 790, 1, 0, 0
382349, 780, 1, 0, 0
382449, 860, 1, 0, 0
382549, 850, 1, 0, 0
382649, 860, 1, 0, 0
382749, 820, 1, 0, 0
382849, 800, 1, 0, 0
382950, 800, 1, 0, 0
383050, 830, 1, 0, 0
383150, 810, 1, 0, 0
383249, 818, 1, 0, 0
383349, 860, 1, 0, 0
383449, 820, 1, 0, 0
383549, 800, 1, 0, 0
383649, 860, 1, 0, 0
383749, 810, 1, 0, 0
383849, 830, 1, 0, 0
383949, 770, 1, 0, 0
384049, 810, 1, 0, 0
384149, 810, 1, 0, 0
384250, 800, 1, 0, 0
384350, 790, 1, 0, 0
384450, 800, 1, 0, 0
384550, 810, 1, 0, 0
384650, 790, 1, 0, 0
384749, 797, 1, 0, 0
384849, 840, 1, 0, 0
384949, 860, 1, 0, 0
385049, 830, 1, 0, 0
385149, 820, 1, 0, 0
385249, 790, 1, 0, 0
385349, 800, 1, 0, 0
385449, 820, 1, 0, 0
385550, 790, 1, 0, 0
385650, 810, 1, 0, 0
385749, 838, 1, 0, 0
385849, 860, 1, 0, 0
385949, 810, 1, 0, 0
386049, 820, 1, 0, 0
386149, 820, 1, 0, 0
386249, 820, 1, 0, 0
386349, 830, 1, 0, 0
386449, 850, 1, 0, 0
386549, 830, 1, 0, 0
386649, 810, 1, 0, 0
386749, 800, 1, 0, 0
386850, 820, 1, 0, 0
386950, 800, 1, 0, 0
387050, 810, 1, 0, 0
387150, 790, 1, 0, 0
387249, 808, 1, 0, 0
387349, 820, 1, 0, 0
387449, 800, 1, 0, 0
387549, 840, 1, 0, 0
387649, 830, 1, 0, 0
387749, 850, 1, 0, 0
387849, 840, 1, 0, 0
387949, 820, 1, 0, 0
388049, 830, 1, 0, 0
388149, 790, 1, 0, 0
388250, 840, 1, 0, 0
388350, 820, 1, 0, 0
388450, 810, 1, 0, 0
388550, 820, 1, 0, 0
388650, 820, 1, 0, 0
388749, 838, 1, 0, 0
388849, 820, 1, 0, 0
388949, 820, 1, 0, 0
389049, 820, 1, 0, 0
389149, 820, 1, 0, 0
389249, 800, 1, 0, 0
389349, 810, 1, 0, 0
389449, 790, 1, 0, 0
389550, 840, 1, 0, 0
389650, 820, 1, 0, 0
389749, 808, 1, 0, 0
389849, 820, 1, 0, 0
389949, 830, 1, 0, 0
390049, 810, 1, 0, 0
390149, 820, 1, 0, 0
390249, 820, 1, 0, 0
390349, 830, 1, 0, 0
390449, 830, 1, 0, 0
390549, 820, 1, 0, 0
390649, 830, 1, 0, 0
390749, 840, 1, 0, 0
390850, 780, 1, 0, 0
390950, 830, 1, 0, 0
391050, 820, 1, 0, 0
391150, 830, 1, 0, 0
391249, 858, 1, 0, 0
391349, 790, 1, 0, 0
391449, 840, 1, 0, 0
391549, 820, 1, 0, 0
391649, 830, 1, 0, 0
391749, 800, 1, 0, 0
391849, 790, 1, 0, 0
391949, 840, 1, 0, 0
392049, 830, 1, 0, 0
392149, 820, 1, 0, 0
392250, 810, 1, 0, 0
392350, 820, 1, 0, 0
392450, 810, 1, 0, 0
392550, 830, 1, 0, 0
392650, 810, 1, 0, 0
392749, 797, 1, 0, 0
392849, 820, 1, 0, 0
392949, 800, 1, 0, 0
393049, 800, 1, 0, 0
393149, 800, 1, 0, 0
393249, 810, 1, 0, 0
393349, 820, 1, 0, 0
393449, 810, 1, 0, 0
393550, 810, 1, 0, 0
393650, 770, 1, 0, 0
393749, 787, 1, 0, 0
393849, 790, 1, 0, 0
393949, 810, 1, 0, 0
394049, 850, 1, 0, 0
394149, 820, 1, 0, 0
394249, 790, 1, 0, 0
394349, 850, 1, 0, 0
394449, 780, 1, 0, 0
394549, 820, 1, 0, 0
394649, 830, 1, 0, 0
394750, 810, 1, 0, 0
394850, 800, 1, 0, 0
394950, 830, 1, 0, 0
395050, 870, 1, 0, 0
395150, 790, 1, 0, 0
395249, 727, 1, 0, 0
395349, 790, 1, 0, 0
395449, 780, 1, 0, 0
395549, 810, 1, 0, 0
395649, 820, 1, 0, 0
395749, 810, 1, 0, 0
395849, 810, 1, 0, 0
395949, 810, 1, 0, 0
396050, 820, 1, 0, 0
396150, 810, 1, 0, 0
396249, 818, 1, 0, 0
396349, 790, 1, 0, 0
396449, 820, 1, 0, 0
396549, 820, 1, 0, 0
396649, 820, 1, 0, 0
396749, 850, 1, 0, 0
396849, 810, 1, 0, 0
396949, 840, 1, 0, 0
397049, 840, 1, 0, 0
397149, 780, 1, 0, 0
397250, 810, 1, 0, 0
397350, 800, 1, 0, 0
397450, 790, 1, 0, 0
397550, 830, 1, 0, 0
397650, 800, 1, 0, 0
397749, 828, 1, 0, 0
397849, 830, 1, 0, 0
397949, 810, 1, 0, 0
398049, 820, 1, 0, 0
398149, 850, 1, 0, 0
398249, 800, 1, 0, 0
398349, 820, 1, 0, 0
398449, 810, 1, 0, 0
398549, 840, 1, 0, 0
398650, 810, 1, 0, 0
398750, 780, 1, 0, 0
398850, 810, 1, 0, 0
398950, 820, 1, 0, 0
399050, 840, 1, 0, 0
399150, 790, 1, 0, 0
399249, 797, 1, 0, 0
399349, 800, 1, 0, 0
399449, 850, 1, 0, 0
399549, 810, 1, 0, 0
399649, 820, 1, 0, 0
399749, 830, 1, 0, 0
399849, 790, 1, 0, 0
399950, 840, 1, 0, 0
400050, 790, 1, 0, 0
400150, 780, 1, 0, 0
400249, 797, 1, 0, 0
400349, 810, 1, 0, 0
400449, 820, 1, 0, 0
400549, 820, 1, 0, 0
400649, 840, 1, 0, 0
400749, 820, 1, 0, 0
400849, 810, 1, 0, 0
400949, 840, 1, 0, 0
401049, 830, 1, 0, 0
401149, 830, 1, 0, 0
401250, 850, 1, 0, 0
401350, 780, 1, 0, 0
401450, 810, 1, 0, 0
401550, 830, 1, 0, 0
401650, 830, 1, 0, 0
401749, 858, 1, 0, 0
401849, 800, 1, 0, 0
401949, 800, 1, 0, 0
402049, 850, 1, 0, 0
402149, 790, 1, 0, 0
402249, 810, 1, 0, 0
402349, 820, 1, 0, 0
402449, 830, 1, 0, 0
402550, 800, 1, 0, 0
402650, 850, 1, 0, 0
402749, 818, 1, 0, 0
402849, 860, 1, 0, 0
402949, 810, 1, 0, 0
403049, 830, 1, 0, 0
403149, 800, 1, 0, 0
403249, 810, 1, 0, 0
403349, 800, 1, 0, 0
403449, 820, 1, 0, 0
403549, 810, 1, 0, 0
403649, 790, 1, 0, 0
403749, 790, 1, 0, 0
403849, 820, 1, 0, 0
403950, 870, 1, 0, 0
404050, 830, 1, 0, 0
404150, 840, 1, 0, 0
404249, 808, 1, 0, 0
404349, 780, 1, 0, 0
404449, 830, 1, 0, 0
404549, 810, 1, 0, 0
404649, 800, 1, 0, 0
404749, 830, 1, 0, 0
404849, 860, 1, 0, 0
404949, 800, 1, 0, 0
405049, 810, 1, 0, 0
405149, 820, 1, 0, 0
405250, 810, 1, 0, 0
405350, 820, 1, 0, 0
405450, 800, 1, 0, 0
405550, 810, 1, 0, 0
405650, 820, 1, 0, 0
405749, 797, 1, 0, 0
405849, 840, 1, 0, 0
405949, 820, 1, 0, 0
406049, 850, 1, 0, 0
406149, 840, 1, 0, 0
406249, 830, 1, 0, 0
406349, 800, 1, 0, 0
406449, 780, 1, 0, 0
406549, 810, 1, 0, 0
406649, 790, 1, 0, 0
406750, 800, 1, 0, 0
406850, 810, 1, 0, 0
406950, 810, 1, 0, 0
407050, 820, 1, 0, 0
407150, 810, 1, 0, 0
407249, 797, 1, 0, 0
407349, 810, 1, 0, 0
407449, 810, 1, 0, 0
407549, 800, 1, 0, 0
407649, 840, 1, 0, 0
407749, 790, 1, 0, 0
407849, 830, 1, 0, 0
407949, 790, 1, 0, 0
408050, 820, 1, 0, 0
408150, 790, 1, 0, 0
408249, 808, 1, 0, 0
408349, 840, 1, 0, 0
408449, 840, 1, 0, 0
408549, 820, 1, 0, 0
408649, 840, 1, 0, 0
408749, 840, 1, 0, 0
408849, 810, 1, 0, 0
408949, 850, 1, 0, 0
409049, 830, 1, 0, 0
409149, 820, 1, 0, 0
409250, 850, 1, 0, 0
409350, 840, 1, 0, 0
409450, 810, 1, 0, 0
409550, 820, 1, 0, 0
409650, 810, 1, 0, 0
409749, 818, 1, 0, 0
409849, 830, 1, 0, 0
409949, 830, 1, 0, 0
410049, 830, 1, 0, 0
410149, 830, 1, 0, 0
410249, 820, 1, 0, 0
410349, 810, 1, 0, 0
410449, 860, 1, 0, 0
410549, 830, 1, 0, 0
410650, 810, 1, 0, 0
410749, 818, 1, 0, 0
410849, 800, 1, 0, 0
410949, 780, 1, 0, 0
411049, 830, 1, 0, 0
411149, 800, 1, 0, 0
411249, 810, 1, 0, 0
411349, 850, 1, 0, 0
411449, 780, 1, 0, 0
411549, 830, 1, 0, 0
411649, 800, 1, 0, 0
411749, 790, 1, 0, 0
411849, 830, 1, 0, 0
411949, 820, 1, 0, 0
412050, 810, 1, 0, 0
412150, 840, 1, 0, 0
412249, 828, 1, 0, 0
412349, 850, 1, 0, 0
412449, 820, 1, 0, 0
412549, 790, 1, 0, 0
412649, 830, 1, 0, 0
412749, 820, 1, 0, 0
412849, 820, 1, 0, 0
412949, 790, 1, 0, 0
413049, 860, 1, 0, 0
413149, 840, 1, 0, 0
413249, 800, 1, 0, 0
413349, 820, 1, 0, 0
413449, 820, 1, 0, 0
413550, 810, 1, 0, 0
413650, 810, 1, 0, 0
413749, 797, 1, 0, 0
413849, 830, 1, 0, 0
413949, 810, 1, 0, 0
414049, 810, 1, 0, 0
414149, 840, 1, 0, 0
414249, 820, 1, 0, 0
414349, 790, 1, 0, 0
414449, 820, 1, 0, 0
414549, 800, 1, 0, 0
414649, 810, 1, 0, 0
414750, 840, 1, 0, 0
414850, 830, 1, 0, 0
414950, 820, 1, 0, 0
415050, 830, 1, 0, 0
415150, 830, 1, 0, 0
415249, 797, 1, 0, 0
415349, 800, 1, 0, 0
415449, 780, 1, 0, 0
415549, 800, 1, 0, 0
415649, 830, 1, 0, 0
415749, 840, 1, 0, 0
415850, 830, 1, 0, 0
415950, 810, 1, 0, 0
416050, 830, 1, 0, 0
416150, 870, 1, 0, 0
416249, 818, 1, 0, 0
416349, 820, 1, 0, 0
416449, 800, 1, 0, 0
416549, 840, 1, 0, 0
416649, 840, 1, 0, 0
416749, 800, 1, 0, 0
416849, 860, 1, 0, 0
416949, 850, 1, 0, 0
417050, 810, 1, 0, 0
417150, 830, 1, 0, 0
417249, 838, 1, 0, 0
417349, 810, 1, 0, 0
417449, 820, 1, 0, 0
417549, 820, 1, 0, 0
417649, 830, 1, 0, 0
417749, 830, 1, 0, 0
417849, 820, 1, 0, 0
417949, 790, 1, 0, 0
418049, 840, 1, 0, 0
418149, 820, 1, 0, 0
418250, 790, 1, 0, 0
418350, 810, 1, 0, 0
418450, 770, 1, 0, 0
418550, 780, 1, 0, 0
418650, 810, 1, 0, 0
418749, 818, 1, 0, 0
418849, 830, 1, 0, 0
418949, 820, 1, 0, 0
419049, 780, 1, 0, 0
419149, 800, 1, 0, 0
419249, 810, 1, 0, 0
419349, 810, 1, 0, 0
419450, 800, 1, 0, 0
419550, 800, 1, 0, 0
419650, 780, 1, 0, 0
419749, 828, 1, 0, 0
419849, 840, 1, 0, 0
419949, 830, 1, 0, 0
420049, 770, 1, 0, 0
420149, 830, 1, 0, 0
420249, 840, 1, 0, 0
420349, 850, 1, 0, 0
420449, 780, 1, 0, 0
420549, 800, 1, 0, 0
420649, 790, 1, 0, 0
420750, 830, 1, 0, 0
420850, 820, 1, 0, 0
420950, 830, 1, 0, 0
421050, 810, 1, 0, 0
421150, 830, 1, 0, 0
421249, 787, 1, 0, 0
421349, 820, 1, 0, 0
421449, 830, 1, 0, 0
421549, 790, 1, 0, 0
421649, 820, 1, 0, 0
421749, 810, 1, 0, 0
421849, 820, 1, 0, 0
421950, 820, 1, 0, 0
422050, 790, 1, 0, 0
422150, 820, 1, 0, 0
422249, 818, 1, 0, 0
422349, 800, 1, 0, 0
422449, 840, 1, 0, 0
422549, 850, 1, 0, 0
422649, 810, 1, 0, 0
422749, 820, 1, 0, 0
422849, 790, 1, 0, 0
422949, 820, 1, 0, 0
423049, 840, 1, 0, 0
423150, 830, 1, 0, 0
423250, 850, 1, 0, 0
423350, 790, 1, 0, 0
423450, 820, 1, 0, 0
423550, 790, 1, 0, 0
423650, 850, 1, 0, 0
423749, 818, 1, 0, 0
423849, 810, 1, 0, 0
423949, 800, 1, 0, 0
424049, 800, 1, 0, 0
424149, 780, 1, 0, 0
424250, 820, 1, 0, 0
424350, 800, 1, 0, 0
424450, 840, 1, 0, 0
424550, 830, 1, 0, 0
424650, 820, 1, 0, 0
424749, 818, 1, 0, 0
424849, 780, 1, 0, 0
424949, 790, 1, 0, 0
425049, 830, 1, 0, 0
425149, 870, 1, 0, 0
425249, 840, 1, 0, 0
425349, 820, 1, 0, 0
425449, 850, 1, 0, 0
425550, 790, 1, 0, 0
425650, 810, 1, 0, 0
425749, 838, 1, 0, 0
425849, 830, 1, 0, 0
425949, 800, 1, 0, 0
426049, 810, 1, 0, 0
426149, 790, 1, 0, 0
426249, 820, 1, 0, 0
426349, 810, 1, 0, 0
426449, 780, 1, 0, 0
426549, 830, 1, 0, 0
426649, 800, 1, 0, 0
426750, 810, 1, 0, 0
426850, 800, 1, 0, 0
426950, 840, 1, 0, 0
427050, 830, 1, 0, 0
427150, 820, 1, 0, 0
427249, 797, 1, 0, 0
427349, 830, 1, 0, 0
427449, 810, 1, 0, 0
427549, 840, 1, 0, 0
427649, 810, 1, 0, 0
427749, 800, 1, 0, 0
427849, 840, 1, 0, 0
427950, 810, 1, 0, 0
428050, 770, 1, 0, 0
428150, 800, 1, 0, 0
428249, 787, 1, 0, 0
428349, 810, 1, 0, 0
428449, 840, 1, 0, 0
428549, 830, 1, 0, 0
428649, 790, 1, 0, 0
428749, 830, 1, 0, 0
428849, 820, 1, 0, 0
428949, 820, 1, 0, 0
429049, 820, 1, 0, 0
429150, 800, 1, 0, 0
429250, 840, 1, 0, 0
429350, 810, 1, 0, 0
429450, 820, 1, 0, 0
429550, 840, 1, 0, 0
429650, 780, 1, 0, 0
429749, 808, 1, 0, 0
429849, 820, 1, 0, 0
429949, 810, 1, 0, 0
430049, 860, 1, 0, 0
430149, 820, 1, 0, 0
430249, 810, 1, 0, 0
430349, 820, 1, 0, 0
430450, 780, 1, 0, 0
430550, 820, 1, 0, 0
430650, 800, 1, 0, 0
430749, 828, 1, 0, 0
430849, 780, 1, 0, 0
430949, 800, 1, 0, 0
431049, 780, 1, 0, 0
431149, 810, 1, 0, 0
431249, 800, 1, 0, 0
431349, 810, 1, 0, 0
431449, 820, 1, 0, 0
431550, 830, 1, 0, 0
431650, 820, 1, 0, 0
431749, 767, 1, 0, 0
431849, 790, 1, 0, 0
431949, 800, 1, 0, 0
432049, 810, 1, 0, 0
432149, 800, 1, 0, 0
432249, 810, 1, 0, 0
432349, 810, 1, 0, 0
432449, 820, 1, 0, 0
432549, 820, 1, 0, 0
432649, 820, 1, 0, 0
432750, 820, 1, 0, 0
432850, 830, 1, 0, 0
432950, 780, 1, 0, 0
433050, 810, 1, 0, 0
433150, 750, 1, 0, 0
433249, 797, 1, 0, 0
433349, 820, 1, 0, 0
433449, 790, 1, 0, 0
433549, 780, 1, 0, 0
433649, 820, 1, 0, 0
433749, 790, 1, 0, 0
433849, 780, 1, 0, 0
433949, 770, 1, 0, 0
434050, 790, 1, 0, 0
434150, 790, 1, 0, 0
434249, 757, 1, 0, 0
434349, 780, 1, 0, 0
434449, 780, 1, 0, 0
434549, 780, 1, 0, 0
434649, 800, 1, 0, 0
434749, 810, 1, 0, 0
434849, 830, 1, 0, 0
434949, 820, 1, 0, 0
435049, 800, 1, 0, 0
435149, 840, 1, 0, 0
435250, 810, 1, 0, 0
435350, 830, 1, 0, 0
435450, 820, 1, 0, 0
435550, 800, 1, 0, 0
435650, 830, 1, 0, 0
435749, 808, 1, 0, 0
435849, 820, 1, 0, 0
435949, 810, 1, 0, 0
436049, 820, 1, 0, 0
436149, 800, 1, 0, 0
436249, 820, 1, 0, 0
436349, 810, 1, 0, 0
436450, 790, 1, 0, 0
436550, 800, 1, 0, 0
436650, 820, 1, 0, 0
436749, 787, 1, 0, 0
436849, 790, 1, 0, 0
436949, 780, 1, 0, 0
437049, 810, 1, 0, 0
437149, 760, 1, 0, 0
437249, 800, 1, 0, 0
437349, 770, 1, 0, 0
437449, 750, 1, 0, 0
437549, 800, 1, 0, 0
437649, 800, 1, 0, 0
437750, 830, 1, 0, 0
437850, 790, 1, 0, 0
437950, 780, 1, 0, 0
438050, 750, 1, 0, 0
438150, 810, 1, 0, 0
438249, 797, 1, 0, 0
438349, 810, 1, 0, 0
438449, 810, 1, 0, 0
438549, 790, 1, 0, 0
438649, 760, 1, 0, 0
438749, 810, 1, 0, 0
438849, 780, 1, 0, 0
438949, 790, 1, 0, 0
439050, 780, 1, 0, 0
439150, 760, 1, 0, 0
439249, 818, 1, 0, 0
439349, 830, 1, 0, 0
439449, 830, 1, 0, 0
439549, 790, 1, 0, 0
439649, 810, 1, 0, 0
439749, 820, 1, 0, 0
439849, 770, 1, 0, 0
439949, 780, 1, 0, 0
440049, 820, 1, 0, 0
440149, 830, 1, 0, 0
440250, 800, 1, 0, 0
440350, 790, 1, 0, 0
440450, 790, 1, 0, 0
440550, 750, 1, 0, 0
440650, 800, 1, 0, 0
440749, 787, 1, 0, 0
440849, 780, 1, 0, 0
440949, 770, 1, 0, 0
441049, 790, 1, 0, 0
441149, 780, 1, 0, 0
441249, 770, 1, 0, 0
441349, 830, 1, 0, 0
441450, 810, 1, 0, 0
441550, 810, 1, 0, 0
441650, 820, 1, 0, 0
441749, 828, 1, 0, 0
441849, 820, 1, 0, 0
441949, 840, 1, 0, 0
442049, 820, 1, 0, 0
442149, 830, 1, 0, 0
442249, 820, 1, 0, 0
442349, 810, 1, 0, 0
442449, 830, 1, 0, 0
442549, 850, 1, 0, 0
442649, 830, 1, 0, 0
442750, 820, 1, 0, 0
442850, 820, 1, 0, 0
442950, 820, 1, 0, 0
443050, 810, 1, 0, 0
443150, 810, 1, 0, 0
443249, 828, 1, 0, 0
443349, 830, 1, 0, 0
443449, 820, 1, 0, 0
443549, 810, 1, 0, 0
443649, 830, 1, 0, 0
443749, 800, 1, 0, 0
443850, 810, 1, 0, 0
443950, 770, 1, 0, 0
444050, 820, 1, 0, 0
444150, 810, 1, 0, 0
444249, 777, 1, 0, 0
444349, 840, 1, 0, 0
444449, 800, 1, 0, 0
444549, 830, 1, 0, 0
444649, 810, 1, 0, 0
444749, 820, 1, 0, 0
444849, 810, 1, 0, 0
444949, 830, 1, 0, 0
445050, 790, 1, 0, 0
445150, 850, 1, 0, 0
445249, 828, 1, 0, 0
445349, 830, 1, 0, 0
445449, 820, 1, 0, 0
445549, 840, 1, 0, 0
445649, 840, 1, 0, 0
445749, 780, 1, 0, 0
445849, 790, 1, 0, 0
445949, 800, 1, 0, 0
446049, 850, 1, 0, 0
446149, 810, 1, 0, 0
446249, 820, 1, 0, 0
446350, 810, 1, 0, 0
446450, 800, 1, 0, 0
446550, 810, 1, 0, 0
446650, 830, 1, 0, 0
446749, 787, 1, 0, 0
446849, 820, 1, 0, 0
446949, 830, 1, 0, 0
447049, 810, 1, 0, 0
447149, 820, 1, 0, 0
447249, 790, 1, 0, 0
447349, 810, 1, 0, 0
447449, 810, 1, 0, 0
447550, 820, 1, 0, 0
447650, 790, 1, 0, 0
447749, 828, 1, 0, 0
447849, 850, 1, 0, 0
447949, 860, 1, 0, 0
448049, 860, 1, 0, 0
448149, 830, 1, 0, 0
448249, 820, 1, 0, 0
448349, 830, 1, 0, 0
448449, 860, 1, 0, 0
448549, 840, 1, 0, 0
448650, 800, 1, 0, 0
448749, 828, 1, 0, 0
448849, 840, 1, 0, 0
448949, 820, 1, 0, 0
449049, 800, 1, 0, 0
449149, 810, 1, 0, 0
449249, 820, 1, 0, 0
449349, 820, 1, 0, 0
449449, 820, 1, 0, 0
449549, 800, 1, 0, 0
449649, 850, 1, 0, 0
449749, 840, 1, 0, 0
449850, 790, 1, 0, 0
449950, 820, 1, 0, 0
450050, 810, 1, 0, 0
450150, 810, 1, 0, 0
450249, 808, 1, 0, 0
450349, 800, 1, 0, 0
450449, 830, 1, 0, 0
450549, 820, 1, 0, 0
450649, 790, 1, 0, 0
450749, 810, 1, 0, 0
450849, 840, 1, 0, 0
450949, 810, 1, 0, 0
451050, 830, 1, 0, 0
451150, 780, 1, 0, 0
451249, 838, 1, 0, 0
451349, 800, 1, 0, 0
451449, 810, 1, 0, 0
451549, 820, 1, 0, 0
451649, 830, 1, 0, 0
451749, 810, 1, 0, 0
451849, 810, 1, 0, 0
451949, 820, 1, 0, 0
452049, 820, 1, 0, 0
452150, 810, 1, 0, 0
452250, 830, 1, 0, 0
452350, 810, 1, 0, 0
452450, 820, 1, 0, 0
452550, 810, 1, 0, 0
452650, 820, 1, 0, 0
452749, 808, 1, 0, 0
452849, 790, 1, 0, 0
452949, 840, 1, 0, 0
453049, 820, 1, 0, 0
453149, 830, 1, 0, 0
453249, 810, 1, 0, 0
453350, 820, 1, 0, 0
453450, 810, 1, 0, 0
453550, 800, 1, 0, 0
453650, 800, 1, 0, 0
453749, 828, 1, 0, 0
453849, 810, 1, 0, 0
453949, 810, 1, 0, 0
454049, 810, 1, 0, 0
454149, 820, 1, 0, 0
454249, 800, 1, 0, 0
454349, 800, 1, 0, 0
454449, 850, 1, 0, 0
454550, 800, 1, 0, 0
454650, 810, 1, 0, 0
454749, 818, 1, 0, 0
454849, 780, 1, 0, 0
454949, 830, 1, 0, 0
455049, 830, 1, 0, 0
455149, 810, 1, 0, 0
455249, 800, 1, 0, 0
455349, 850, 1, 0, 0
455449, 840, 1, 0, 0
455549, 790, 1, 0, 0
455649, 830, 1, 0, 0
455750, 820, 1, 0, 0
455850, 800, 1, 0, 0
455950, 820, 1, 0, 0
456050, 820, 1, 0, 0
456150, 850, 1, 0, 0
456249, 797, 1, 0, 0
456349, 800, 1, 0, 0
456449, 830, 1, 0, 0
456549, 800, 1, 0, 0
456649, 810, 1, 0, 0
456749, 810, 1, 0, 0
456849, 810, 1, 0, 0
456949, 810, 1, 0, 0
457050, 770, 1, 0, 0
457150, 810, 1, 0, 0
457249, 818, 1, 0, 0
457349, 800, 1, 0, 0
457449, 810, 1, 0, 0
457549, 780, 1, 0, 0
457649, 800, 1, 0, 0
457749, 780, 1, 0, 0
457849, 810, 1, 0, 0
457949, 820, 1, 0, 0
458049, 800, 1, 0, 0
458149, 780, 1, 0, 0
458250, 790, 1, 0, 0
458350, 820, 1, 0, 0
458450, 810, 1, 0, 0
458550, 820, 1, 0, 0
458650, 830, 1, 0, 0
458749, 838, 1, 0, 0
458849, 830, 1, 0, 0
458949, 780, 1, 0, 0
459049, 830, 1, 0, 0
459149, 830, 1, 0, 0
459249, 850, 1, 0, 0
459349, 810, 1, 0, 0
459450, 820, 1, 0, 0
459550, 810, 1, 0, 0
459650, 820, 1, 0, 0
459749, 828, 1, 0, 0
459849, 810, 1, 0, 0
459949, 830, 1, 0, 0
460049, 780, 1, 0, 0
460149, 810, 1, 0, 0
460249, 810, 1, 0, 0
460349, 810, 1, 0, 0
460449, 820, 1, 0, 0
460549, 830, 1, 0, 0
460649, 810, 1, 0, 0
460750, 770, 1, 0, 0
460850, 810, 1, 0, 0
460950, 790, 1, 0, 0
461050, 770, 1, 0, 0
461150, 800, 1, 0, 0
461249, 787, 1, 0, 0
461349, 800, 1, 0, 0
461449, 820, 1, 0, 0
461549, 810, 1, 0, 0
461649, 830, 1, 0, 0
461749, 770, 1, 0, 0
461849, 820, 1, 0, 0
461949, 810, 1, 0, 0
462050, 800, 1, 0, 0
462150, 830, 1, 0, 0
462249, 828, 1, 0, 0
462349, 830, 1, 0, 0
462449, 810, 1, 0, 0
462549, 840, 1, 0, 0
462649, 830, 1, 0, 0
462749, 850, 1, 0, 0
462849, 830, 1, 0, 0
462949, 830, 1, 0, 0
463049, 820, 1, 0, 0
463149, 830, 1, 0, 0
463250, 780, 1, 0, 0
463350, 810, 1, 0, 0
463450, 790, 1, 0, 0
463550, 800, 1, 0, 0
463650, 810, 1, 0, 0
463749, 828, 1, 0, 0
463849, 830, 1, 0, 0
463949, 800, 1, 0, 0
464049, 870, 1, 0, 0
464149, 810, 1, 0, 0
464249, 830, 1, 0, 0
464349, 800, 1, 0, 0
464449, 800, 1, 0, 0
464550, 800, 1, 0, 0
464650, 810, 1, 0, 0
464749, 787, 1, 0, 0
464849, 810, 1, 0, 0
464949, 790, 1, 0, 0
465049, 830, 1, 0, 0
465149, 810, 1, 0, 0
465249, 790, 1, 0, 0
465349, 820, 1, 0, 0
465449, 850, 1, 0, 0
465549, 850, 1, 0, 0
465649, 820, 1, 0, 0
465750, 800, 1, 0, 0
465850, 850, 1, 0, 0
465950, 830, 1, 0, 0
466050, 810, 1, 0, 0
466150, 830, 1, 0, 0
466249, 777, 1, 0, 0
466349, 800, 1, 0, 0
466449, 810, 1, 0, 0
466549, 810, 1, 0, 0
466649, 860, 1, 0, 0
466749, 820, 1, 0, 0
466849, 780, 1, 0, 0
466949, 800, 1, 0, 0
467050, 840, 1, 0, 0
467150, 840, 1, 0, 0
467249, 808, 1, 0, 0
467349, 830, 1, 0, 0
467449, 840, 1, 0, 0
467549, 830, 1, 0, 0
467649, 820, 1, 0, 0
467749, 790, 1, 0, 0
467849, 810, 1, 0, 0
467949, 810, 1, 0, 0
468049, 810, 1, 0, 0
468149, 800, 1, 0, 0
468249, 820, 1, 0, 0
468349, 830, 1, 0, 0
468450, 830, 1, 0, 0
468550, 870, 1, 0, 0
468650, 770, 1, 0, 0
468749, 797, 1, 0, 0
468849, 810, 1, 0, 0
468949, 820, 1, 0, 0
469049, 830, 1, 0, 0
469149, 810, 1, 0, 0
469249, 820, 1, 0, 0
469349, 810, 1, 0, 0
469449, 810, 1, 0, 0
469549, 810, 1, 0, 0
469649, 830, 1, 0, 0
469750, 820, 1, 0, 0
469850, 840, 1, 0, 0
469950, 830, 1, 0, 0
470050, 860, 1, 0, 0
470150, 830, 1, 0, 0
470249, 797, 1, 0, 0
470349, 810, 1, 0, 0
470449, 790, 1, 0, 0
470549, 860, 1, 0, 0
470649, 860, 1, 0, 0
470749, 830, 1, 0, 0
470850, 810, 1, 0, 0
470950, 800, 1, 0, 0
471050, 800, 1, 0, 0
471150, 800, 1, 0, 0
471249, 808, 1, 0, 0
471349, 830, 1, 0, 0
471449, 790, 1, 0, 0
471549, 800, 1, 0, 0
471649, 800, 1, 0, 0
471749, 780, 1, 0, 0
471849, 820, 1, 0, 0
471949, 820, 1, 0, 0
472050, 820, 1, 0, 0
472150, 820, 1, 0, 0
472249, 808, 1, 0, 0
472349, 780, 1, 0, 0
472449, 800, 1, 0, 0
472549, 790, 1, 0, 0
472649, 840, 1, 0, 0
472749, 780, 1, 0, 0
472849, 790, 1, 0, 0
472949, 770, 1, 0, 0
473049, 840, 1, 0, 0
473149, 830, 1, 0, 0
473250, 810, 1, 0, 0
473350, 790, 1, 0, 0
473450, 820, 1, 0, 0
473550, 830, 1, 0, 0
473650, 760, 1, 0, 0
473749, 797, 1, 0, 0
473849, 820, 1, 0, 0
473949, 830, 1, 0, 0
474049, 800, 1, 0, 0
474149, 820, 1, 0, 0
474249, 830, 1, 0, 0
474349, 830, 1, 0, 0
474449, 810, 1, 0, 0
474550, 800, 1, 0, 0
474650, 810, 1, 0, 0
474749, 818, 1, 0, 0
474849, 820, 1, 0, 0
474949, 840, 1, 0, 0
475049, 820, 1, 0, 0
475149, 810, 1, 0, 0
475249, 810, 1, 0, 0
475349, 780, 1, 0, 0
475449, 810, 1, 0, 0
475549, 810, 1, 0, 0
475649, 820, 1, 0, 0
475750, 810, 1, 0, 0
475850, 820, 1, 0, 0
475950, 800, 1, 0, 0
476050, 790, 1, 0, 0
476150, 800, 1, 0, 0
476249, 818, 1, 0, 0
476349, 820, 1, 0, 0
476449, 800, 1, 0, 0
476549, 780, 1, 0, 0
476649, 800, 1, 0, 0
476749, 820, 1, 0, 0
476849, 800, 1, 0, 0
476950, 800, 1, 0, 0
477050, 800, 1, 0, 0
477150, 820, 1, 0, 0
477249, 828, 1, 0, 0
477349, 780, 1, 0, 0
477449, 800, 1, 0, 0
477549, 830, 1, 0, 0
477649, 830, 1, 0, 0
477749, 840, 1, 0, 0
477849, 790, 1, 0, 0
477949, 770, 1, 0, 0
478049, 800, 1, 0, 0
478149, 770, 1, 0, 0
478250, 820, 1, 0, 0
478350, 760, 1, 0, 0
478450, 820, 1, 0, 0
478550, 820, 1, 0, 0
478650, 810, 1, 0, 0
478749, 828, 1, 0, 0
478849, 810, 1, 0, 0
478949, 770, 1, 0, 0
479049, 810, 1, 0, 0
479149, 810, 1, 0, 0
479249, 770, 1, 0, 0
479349, 800, 1, 0, 0
479449, 840, 1, 0, 0
479550, 820, 1, 0, 0
479650, 860, 1, 0, 0
479749, 828, 1, 0, 0
479849, 850, 1, 0, 0
479949, 810, 1, 0, 0
480049, 790, 1, 0, 0
480149, 790, 1, 0, 0
480249, 840, 1, 0, 0
480349, 820, 1, 0, 0
480449, 820, 1, 0, 0
480549, 850, 1, 0, 0
480649, 810, 1, 0, 0
480750, 810, 1, 0, 0
480850, 800, 1, 0, 0
480950, 840, 1, 0, 0
481050, 770, 1, 0, 0
481150, 840, 1, 0, 0
481249, 818, 1, 0, 0
481349, 830, 1, 0, 0
481449, 850, 1, 0, 0
481549, 830, 1, 0, 0
481649, 800, 1, 0, 0
481749, 820, 1, 0, 0
481849, 790, 1, 0, 0
481949, 810, 1, 0, 0
482050, 830, 1, 0, 0
482150, 800, 1, 0, 0
482249, 808, 1, 0, 0
482349, 840, 1, 0, 0
482449, 810, 1, 0, 0
482549, 820, 1, 0, 0
482649, 830, 1, 0, 0
482749, 810, 1, 0, 0
482849, 780, 1, 0, 0
482949, 820, 1, 0, 0
483049, 770, 1, 0, 0
483149, 840, 1, 0, 0
483249, 730, 1, 0, 0
483350, 820, 1, 0, 0
483450, 830, 1, 0, 0
483550, 820, 1, 0, 0
483650, 820, 1, 0, 0
483749, 838, 1, 0, 0
483849, 800, 1, 0, 0
483949, 830, 1, 0, 0
484049, 840, 1, 0, 0
484149, 860, 1, 0, 0
484249, 830, 1, 0, 0
484349, 820, 1, 0, 0
484449, 810, 1, 0, 0
484550, 830, 1, 0, 0
484650, 800, 1, 0, 0
484749, 797, 1, 0, 0
484849, 810, 1, 0, 0
484949, 780, 1, 0, 0
485049, 850, 1, 0, 0
485149, 790, 1, 0, 0
485249, 780, 1, 0, 0
485349, 790, 1, 0, 0
485449, 770, 1, 0, 0
485549, 800, 1, 0, 0
485649, 790, 1, 0, 0
485749, 810, 1, 0, 0
485849, 830, 1, 0, 0
485949, 800, 1, 0, 0
486050, 850, 1, 0, 0
486150, 800, 1, 0, 0
486249, 808, 1, 0, 0
486349, 810, 1, 0, 0
486449, 790, 1, 0, 0
486549, 800, 1, 0, 0
486649, 820, 1, 0, 0
486749, 840, 1, 0, 0
486849, 790, 1, 0, 0
486949, 780, 1, 0, 0
487049, 830, 1, 0, 0
487149, 830, 1, 0, 0
487250, 840, 1, 0, 0
487350, 810, 1, 0, 0
487450, 820, 1, 0, 0
487550, 790, 1, 0, 0
487650, 820, 1, 0, 0
487749, 808, 1, 0, 0
487849, 830, 1, 0, 0
487949, 810, 1, 0, 0
488049, 780, 1, 0, 0
488149, 790, 1, 0, 0
488249, 810, 1, 0, 0
488349, 840, 1, 0, 0
488449, 840, 1, 0, 0
488550, 780, 1, 0, 0
488650, 800, 1, 0, 0
488749, 808, 1, 0, 0
488849, 780, 1, 0, 0
488949, 850, 1, 0, 0
489049, 840, 1, 0, 0
489149, 820, 1, 0, 0
489249, 790, 1, 0, 0
489349, 780, 1, 0, 0
489449, 800, 1, 0, 0
489549, 820, 1, 0, 0
489649, 820, 1, 0, 0
489750, 820, 1, 0, 0
489850, 790, 1, 0, 0
489950, 810, 1, 0, 0
490050, 810, 1, 0, 0
490150, 770, 1, 0, 0
490249, 777, 1, 0, 0
490349, 790, 1, 0, 0
490449, 790, 1, 0, 0
490549, 820, 1, 0, 0
490649, 810, 1, 0, 0
490749, 810, 1, 0, 0
490849, 820, 1, 0, 0
490950, 810, 1, 0, 0
491050, 790, 1, 0, 0
491150, 810, 1, 0, 0
491249, 818, 1, 0, 0
491349, 820, 1, 0, 0
491449, 830, 1, 0, 0
491549, 840, 1, 0, 0
491649, 780, 1, 0, 0
491749, 800, 1, 0, 0
491849, 770, 1, 0, 0
491949, 810, 1, 0, 0
492049, 780, 1, 0, 0
492149, 800, 1, 0, 0
492249, 770, 1, 0, 0
492350, 810, 1, 0, 0
492450, 830, 1, 0, 0
492550, 790, 1, 0, 0
492650, 810, 1, 0, 0
492749, 767, 1, 0, 0
492849, 840, 1, 0, 0
492949, 750, 1, 0, 0
493049, 750, 1, 0, 0
493149, 800, 1, 0, 0
493249, 810, 1, 0, 0
493349, 790, 1, 0, 0
493449, 790, 1, 0, 0
493549, 800, 1, 0, 0
493649, 790, 1, 0, 0
493750, 820, 1, 0, 0
493850, 800, 1, 0, 0
493950, 850, 1, 0, 0
494050, 790, 1, 0, 0
494150, 810, 1, 0, 0
494249, 818, 1, 0, 0
494349, 810, 1, 0, 0
494449, 780, 1, 0, 0
494549, 790, 1, 0, 0
494649, 790, 1, 0, 0
494749, 830, 1, 0, 0
494849, 770, 1, 0, 0
494949, 820, 1, 0, 0
495050, 780, 1, 0, 0
495150, 830, 1, 0, 0
495249, 787, 1, 0, 0
495349, 790, 1, 0, 0
495449, 810, 1, 0, 0
495549, 790, 1, 0, 0
495649, 840, 1, 0, 0
495749, 870, 1, 0, 0
495849, 830, 1, 0, 0
495949, 820, 1, 0, 0
496049, 830, 1, 0, 0
496149, 820, 1, 0, 0
496250, 790, 1, 0, 0
496350, 810, 1, 0, 0
496450, 830, 1, 0, 0
496550, 820, 1, 0, 0
496650, 830, 1, 0, 0
496749, 848, 1, 0, 0
496849, 860, 1, 0, 0
496949, 820, 1, 0, 0
497049, 840, 1, 0, 0
497149, 800, 1, 0, 0
497249, 780, 1, 0, 0
497349, 800, 1, 0, 0
497450, 790, 1, 0, 0
497550, 830, 1, 0, 0
497650, 810, 1, 0, 0
497749, 808, 1, 0, 0
497849, 830, 1, 0, 0
497949, 780, 1, 0, 0
498049, 830, 1, 0, 0
498149, 820, 1, 0, 0
498249, 810, 1, 0, 0
498349, 840, 1, 0, 0
498449, 840, 1, 0, 0
498549, 830, 1, 0, 0
498649, 800, 1, 0, 0
498750, 810, 1, 0, 0
498850, 830, 1, 0, 0
498950, 820, 1, 0, 0
499050, 820, 1, 0, 0
499150, 810, 1, 0, 0
499249, 808, 1, 0, 0
499349, 820, 1, 0, 0
499449, 800, 1, 0, 0
499549, 810, 1, 0, 0
499649, 810, 1, 0, 0
499749, 820, 1, 0, 0
499849, 780, 1, 0, 0
499950, 800, 1, 0, 0
500050, 810, 1, 0, 0
500150, 810, 1, 0, 0
500249, 818, 1, 0, 0
500349, 820, 1, 0, 0
500449, 820, 1, 0, 0
500549, 790, 1, 0, 0
500649, 870, 1, 0, 0
500749, 840, 1, 0, 0
500849, 810, 1, 0, 0
500949, 830, 1, 0, 0
501049, 810, 1, 0, 0
501149, 830, 1, 0, 0
501250, 820, 1, 0, 0
501350, 800, 1, 0, 0
501450, 820, 1, 0, 0
501550, 810, 1, 0, 0
501650, 790, 1, 0, 0
501749, 818, 1, 0, 0
501849, 830, 1, 0, 0
501949, 810, 1, 0, 0
502049, 820, 1, 0, 0
502149, 790, 1, 0, 0
502249, 840, 1, 0, 0
502349, 810, 1, 0, 0
502449, 850, 1, 0, 0
502549, 840, 1, 0, 0
502650, 810, 1, 0, 0
502750, 810, 1, 0, 0
502850, 800, 1, 0, 0
502950, 820, 1, 0, 0
503050, 820, 1, 0, 0
503150, 830, 1, 0, 0
503249, 848, 1, 0, 0
503349, 820, 1, 0, 0
503449, 800, 1, 0, 0
503549, 830, 1, 0, 0
503649, 830, 1, 0, 0
503749, 860, 1, 0, 0
503849, 810, 1, 0, 0
503950, 840, 1, 0, 0
504050, 820, 1, 0, 0
504150, 830, 1, 0, 0
504249, 797, 1, 0, 0
504349, 800, 1, 0, 0
504449, 810, 1, 0, 0
504549, 790, 1, 0, 0
504649, 780, 1, 0, 0
504749, 810, 1, 0, 0
504849, 840, 1, 0, 0
504949, 840, 1, 0, 0
505049, 840, 1, 0, 0
505149, 800, 1, 0, 0
505250, 830, 1, 0, 0
505350, 780, 1, 0, 0
505450, 760, 1, 0, 0
505550, 800, 1, 0, 0
505650, 830, 1, 0, 0
505749, 818, 1, 0, 0
505849, 830, 1, 0, 0
505949, 810, 1, 0, 0
506049, 790, 1, 0, 0
506149, 800, 1, 0, 0
506249, 820, 1, 0, 0
506349, 800, 1, 0, 0
506449, 810, 1, 0, 0
506550, 810, 1, 0, 0
506650, 780, 1, 0, 0
506749, 777, 1, 0, 0
506849, 820, 1, 0, 0
506949, 800, 1, 0, 0
507049, 830, 1, 0, 0
507149, 840, 1, 0, 0
507249, 800, 1, 0, 0
507349, 800, 1, 0, 0
507449, 840, 1, 0, 0
507549, 800, 1, 0, 0
507649, 820, 1, 0, 0
507750, 840, 1, 0, 0
507850, 810, 1, 0, 0
507950, 800, 1, 0, 0
508050, 810, 1, 0, 0
508150, 810, 1, 0, 0
508249, 828, 1, 0, 0
508349, 800, 1, 0, 0
508449, 810, 1, 0, 0
508549, 820, 1, 0, 0
508649, 820, 1, 0, 0
508749, 840, 1, 0, 0
508849, 790, 1, 0, 0
508949, 840, 1, 0, 0
509050, 790, 1, 0, 0
509150, 790, 1, 0, 0
509249, 797, 1, 0, 0
509349, 800, 1, 0, 0
509449, 780, 1, 0, 0
509549, 810, 1, 0, 0
509649, 840, 1, 0, 0
509749, 810, 1, 0, 0
509849, 830, 1, 0, 0
509949, 850, 1, 0, 0
510049, 840, 1, 0, 0
510149, 830, 1, 0, 0
510250, 820, 1, 0, 0
510350, 820, 1, 0, 0
510450, 840, 1, 0, 0
510550, 830, 1, 0, 0
510650, 800, 1, 0, 0
510749, 858, 1, 0, 0
510849, 810, 1, 0, 0
510949, 840, 1, 0, 0
511049, 820, 1, 0, 0
511149, 810, 1, 0, 0
511249, 820, 1, 0, 0
511349, 800, 1, 0, 0
511450, 790, 1, 0, 0
511550, 800, 1, 0, 0
511650, 790, 1, 0, 0
511749, 787, 1, 0, 0
511849, 820, 1, 0, 0
511949, 800, 1, 0, 0
512049, 800, 1, 0, 0
512149, 760, 1, 0, 0
512249, 800, 1, 0, 0
512349, 770, 1, 0, 0
512449, 820, 1, 0, 0
512549, 840, 1, 0, 0
512650, 770, 1, 0, 0
512750, 770, 1, 0, 0
512850, 810, 1, 0, 0
512950, 800, 1, 0, 0
513050, 800, 1, 0, 0
513150, 820, 1, 0, 0
513249, 797, 1, 0, 0
513349, 820, 1, 0, 0
513449, 790, 1, 0, 0
513549, 800, 1, 0, 0
513649, 820, 1, 0, 0
513749, 790, 1, 0, 0
513849, 780, 1, 0, 0
513950, 800, 1, 0, 0
514050, 810, 1, 0, 0
514150, 830, 1, 0, 0
514249, 808, 1, 0, 0
514349, 790, 1, 0, 0
514449, 820, 1, 0, 0
514549, 820, 1, 0, 0
514649, 820, 1, 0, 0
514749, 800, 1, 0, 0
514849, 800, 1, 0, 0
514949, 820, 1, 0, 0
515049, 790, 1, 0, 0
515149, 820, 1, 0, 0
515250, 810, 1, 0, 0
515350, 810, 1, 0, 0
515450, 790, 1, 0, 0
515550, 780, 1, 0, 0
515650, 780, 1, 0, 0
515749, 828, 1, 0, 0
515849, 760, 1, 0, 0
515949, 800, 1, 0, 0
516049, 820, 1, 0, 0
516149, 830, 1, 0, 0
516249, 830, 1, 0, 0
516349, 810, 1, 0, 0
516450, 810, 1, 0, 0
516550, 780, 1, 0, 0
516650, 800, 1, 0, 0
516749, 797, 1, 0, 0
516849, 810, 1, 0, 0
516949, 800, 1, 0, 0
517049, 790, 1, 0, 0
517149, 800, 1, 0, 0
517249, 800, 1, 0, 0
517349, 760, 1, 0, 0
517449, 790, 1, 0, 0
517549, 820, 1, 0, 0
517649, 790, 1, 0, 0
517750, 790, 1, 0, 0
517850, 810, 1, 0, 0
517950, 810, 1, 0, 0
518050, 810, 1, 0, 0
518150, 810, 1, 0, 0
518249, 808, 1, 0, 0
518349, 810, 1, 0, 0
518449, 810, 1, 0, 0
518549, 820, 1, 0, 0
518649, 820, 1, 0, 0
518749, 810, 1, 0, 0
518849, 780, 1, 0, 0
518950, 850, 1, 0, 0
519050, 830, 1, 0, 0
519150, 820, 1, 0, 0
519249, 797, 1, 0, 0
519349, 780, 1, 0, 0
519449, 820, 1, 0, 0
519549, 810, 1, 0, 0
519649, 820, 1, 0, 0
519749, 820, 1, 0, 0
519849, 830, 1, 0, 0
519949, 840, 1, 0, 0
520049, 850, 1, 0, 0
520150, 820, 1, 0, 0
520250, 830, 1, 0, 0
520350, 800, 1, 0, 0
520450, 880, 1, 0, 0
520550, 840, 1, 0, 0
520650, 860, 1, 0, 0
520749, 808, 1, 0, 0
520849, 830, 1, 0, 0
520949, 840, 1, 0, 0
521049, 820, 1, 0, 0
521149, 800, 1, 0, 0
521249, 810, 1, 0, 0
521349, 800, 1, 0, 0
521449, 870, 1, 0, 0
521550, 830, 1, 0, 0
521650, 860, 1, 0, 0
521749, 797, 1, 0, 0
521849, 790, 1, 0, 0
521949, 820, 1, 0, 0
522049, 800, 1, 0, 0
522149, 810, 1, 0, 0
522249, 810, 1, 0, 0
522349, 810, 1, 0, 0
522449, 810, 1, 0, 0
522549, 820, 1, 0, 0
522650, 810, 1, 0, 0
522750, 790, 1, 0, 0
522850, 850, 1, 0, 0
522950, 800, 1, 0, 0
523050, 830, 1, 0, 0
523150, 830, 1, 0, 0
523249, 848, 1, 0, 0
523349, 810, 1, 0, 0
523449, 770, 1, 0, 0
523549, 830, 1, 0, 0
523649, 830, 1, 0, 0
523749, 790, 1, 0, 0
523849, 790, 1, 0, 0
523950, 780, 1, 0, 0
524050, 800, 1, 0, 0
524150, 810, 1, 0, 0
524249, 818, 1, 0, 0
524349, 790, 1, 0, 0
524449, 820, 1, 0, 0
524549, 810, 1, 0, 0
524649, 810, 1, 0, 0
524749, 820, 1, 0, 0
524849, 800, 1, 0, 0
524949, 780, 1, 0, 0
525049, 810, 1, 0, 0
525149, 800, 1, 0, 0
525250, 820, 1, 0, 0
525350, 850, 1, 0, 0
525450, 790, 1, 0, 0
525550, 780, 1, 0, 0
525650, 760, 1, 0, 0
525749, 808, 1, 0, 0
525849, 810, 1, 0, 0
525949, 780, 1, 0, 0
526049, 810, 1, 0, 0
526149, 790, 1, 0, 0
526249, 840, 1, 0, 0
526349, 820, 1, 0, 0
526450, 860, 1, 0, 0
526550, 780, 1, 0, 0
526650, 840, 1, 0, 0
526749, 828, 1, 0, 0
526849, 820, 1, 0, 0
526949, 820, 1, 0, 0
527049, 820, 1, 0, 0
527149, 850, 1, 0, 0
527249, 820, 1, 0, 0
527349, 800, 1, 0, 0
527449, 810, 1, 0, 0
527549, 810, 1, 0, 0
527649, 820, 1, 0, 0
527750, 830, 1, 0, 0
527850, 820, 1, 0, 0
527950, 820, 1, 0, 0
528050, 840, 1, 0, 0
528150, 830, 1, 0, 0
528249, 808, 1, 0, 0
528349, 840, 1, 0, 0
528449, 810, 1, 0, 0
528549, 800, 1, 0, 0
528649, 800, 1, 0, 0
528749, 800, 1, 0, 0
528849, 820, 1, 0, 0
528950, 790, 1, 0, 0
529050, 800, 1, 0, 0
529150, 770, 1, 0, 0
529249, 787, 1, 0, 0
529349, 790, 1, 0, 0
529449, 800, 1, 0, 0
529549, 820, 1, 0, 0
529649, 830, 1, 0, 0
529749, 820, 1, 0, 0
529849, 750, 1, 0, 0
529949, 830, 1, 0, 0
530050, 800, 1, 0, 0
530150, 810, 1, 0, 0
530249, 808, 1, 0, 0
530349, 790, 1, 0, 0
530449, 820, 1, 0, 0
530549, 790, 1, 0, 0
530649, 790, 1, 0, 0
530749, 770, 1, 0, 0
530849, 790, 1, 0, 0
530949, 800, 1, 0, 0
531049, 790, 1, 0, 0
531149, 790, 1, 0, 0
531250, 810, 1, 0, 0
531350, 780, 1, 0, 0
531450, 810, 1, 0, 0
531550, 800, 1, 0, 0
531650, 830, 1, 0, 0
531749, 808, 1, 0, 0
531849, 800, 1, 0, 0
531949, 770, 1, 0, 0
532049, 790, 1, 0, 0
532149, 800, 1, 0, 0
532249, 760, 1, 0, 0
532349, 810, 1, 0, 0
532449, 780, 1, 0, 0
532550, 790, 1, 0, 0
532650, 800, 1, 0, 0
532749, 828, 1, 0, 0
532849, 800, 1, 0, 0
532949, 790, 1, 0, 0
533049, 790, 1, 0, 0
533149, 780, 1, 0, 0
533249, 760, 1, 0, 0
533349, 810, 1, 0, 0
533449, 810, 1, 0, 0
533549, 780, 1, 0, 0
533649, 810, 1, 0, 0
533750, 810, 1, 0, 0
533850, 810, 1, 0, 0
533950, 760, 1, 0, 0
534050, 780, 1, 0, 0
534150, 790, 1, 0, 0
534249, 818, 1, 0, 0
534349, 780, 1, 0, 0
534449, 820, 1, 0, 0
534549, 810, 1, 0, 0
534649, 810, 1, 0, 0
534749, 800, 1, 0, 0
534849, 770, 1, 0, 0
534949, 820, 1, 0, 0
535049, 800, 1, 0, 0
535149, 790, 1, 0, 0
535250, 790, 1, 0, 0
535350, 770, 1, 0, 0
535450, 830, 1, 0, 0
535550, 790, 1, 0, 0
535650, 830, 1, 0, 0
535749, 808, 1, 0, 0
535849, 800, 1, 0, 0
535949, 830, 1, 0, 0
536049, 790, 1, 0, 0
536149, 800, 1, 0, 0
536249, 810, 1, 0, 0
536349, 780, 1, 0, 0
536449, 790, 1, 0, 0
536550, 760, 1, 0, 0
536650, 820, 1, 0, 0
536749, 808, 1, 0, 0
536849, 840, 1, 0, 0
536949, 790, 1, 0, 0
537049, 820, 1, 0, 0
537149, 840, 1, 0, 0
537249, 820, 1, 0, 0
537349, 840, 1, 0, 0
537449, 830, 1, 0, 0
537549, 850, 1, 0, 0
537649, 720, 1, 0, 0
537750, 820, 1, 0, 0
537850, 840, 1, 0, 0
537950, 820, 1, 0, 0
538050, 820, 1, 0, 0
538150, 810, 1, 0, 0
538249, 828, 1, 0, 0
538349, 830, 1, 0, 0
538449, 810, 1, 0, 0
538549, 840, 1, 0, 0
538649, 820, 1, 0, 0
538749, 800, 1, 0, 0
538849, 830, 1, 0, 0
538949, 800, 1, 0, 0
539050, 820, 1, 0, 0
539150, 850, 1, 0, 0
539249, 808, 1, 0, 0
539349, 810, 1, 0, 0
539449, 830, 1, 0, 0
539549, 810, 1, 0, 0
539649, 810, 1, 0, 0
539749, 810, 1, 0, 0
539849, 810, 1, 0, 0
539949, 820, 1, 0, 0
540049, 810, 1, 0, 0
540149, 830, 1, 0, 0
540250, 800, 1, 0, 0
540350, 790, 1, 0, 0
540450, 810, 1, 0, 0
540550, 790, 1, 0, 0
540650, 820, 1, 0, 0
540749, 818, 1, 0, 0
540849, 790, 1, 0, 0
540949, 850, 1, 0, 0
541049, 820, 1, 0, 0
541149, 810, 1, 0, 0
541249, 780, 1, 0, 0
541349, 820, 1, 0, 0
541450, 830, 1, 0, 0
541550, 810, 1, 0, 0
541650, 800, 1, 0, 0
541749, 787, 1, 0, 0
541849, 810, 1, 0, 0
541949, 800, 1, 0, 0
542049, 770, 1, 0, 0
542149, 770, 1, 0, 0
542249, 800, 1, 0, 0
542349, 800, 1, 0, 0
542449, 790, 1, 0, 0
542549, 760, 1, 0, 0
542650, 760, 1, 0, 0
542750, 810, 1, 0, 0
542850, 780, 1, 0, 0
542950, 770, 1, 0, 0
543050, 800, 1, 0, 0
543150, 800, 1, 0, 0
543249, 797, 1, 0, 0
543349, 780, 1, 0, 0
543449, 790, 1, 0, 0
543549, 790, 1, 0, 0
543649, 760, 1, 0, 0
543749, 780, 1, 0, 0
543850, 810, 1, 0, 0
543950, 790, 1, 0, 0
544050, 790, 1, 0, 0
544150, 810, 1, 0, 0
544249, 808, 1, 0, 0
544349, 820, 1, 0, 0
544449, 790, 1, 0, 0
544549, 790, 1, 0, 0
544649, 790, 1, 0, 0
544749, 780, 1, 0, 0
544849, 810, 1, 0, 0
544949, 820, 1, 0, 0
545050, 790, 1, 0, 0
545150, 820, 1, 0, 0
545249, 787, 1, 0, 0
545349, 790, 1, 0, 0
545449, 810, 1, 0, 0
545549, 820, 1, 0, 0
545649, 770, 1, 0, 0
545749, 800, 1, 0, 0
545849, 790, 1, 0, 0
545949, 760, 1, 0, 0
546049, 740, 1, 0, 0
546149, 800, 1, 0, 0
546250, 830, 1, 0, 0
546350, 810, 1, 0, 0
546450, 820, 1, 0, 0
546550, 760, 1, 0, 0
546650, 810, 1, 0, 0
546749, 818, 1, 0, 0
546849, 820, 1, 0, 0
546949, 810, 1, 0, 0
547049, 830, 1, 0, 0
547149, 800, 1, 0, 0
547249, 800, 1, 0, 0
547349, 800, 1, 0, 0
547450, 790, 1, 0, 0
547550, 830, 1, 0, 0
547650, 800, 1, 0, 0
547749, 838, 1, 0, 0
547849, 800, 1, 0, 0
547949, 790, 1, 0, 0
548049, 800, 1, 0, 0
548149, 810, 1, 0, 0
548249, 830, 1, 0, 0
548349, 780, 1, 0, 0
548449, 820, 1, 0, 0
548549, 760, 1, 0, 0
548649, 820, 1, 0, 0
548750, 820, 1, 0, 0
548850, 810, 1, 0, 0
548950, 820, 1, 0, 0
549050, 840, 1, 0, 0
549150, 790, 1, 0, 0
549249, 828, 1, 0, 0
549349, 830, 1, 0, 0
549449, 820, 1, 0, 0
549549, 810, 1, 0, 0
549649, 780, 1, 0, 0
549749, 810, 1, 0, 0
549849, 810, 1, 0, 0
549949, 810, 1, 0, 0
550050, 810, 1, 0, 0
550150, 860, 1, 0, 0
550249, 848, 1, 0, 0
550349, 820, 1, 0, 0
550449, 810, 1, 0, 0
550549, 810, 1, 0, 0
550649, 840, 1, 0, 0
550749, 820, 1, 0, 0
550849, 830, 1, 0, 0
550949, 850, 1, 0, 0
551049, 850, 1, 0, 0
551149, 800, 1, 0, 0
551250, 810, 1, 0, 0
551350, 850, 1, 0, 0
551450, 800, 1, 0, 0
551550, 800, 1, 0, 0
551650, 780, 1, 0, 0
551749, 787, 1, 0, 0
551849, 810, 1, 0, 0
551949, 810, 1, 0, 0
552049, 830, 1, 0, 0
552149, 820, 1, 0, 0
552249, 810, 1, 0, 0
552349, 810, 1, 0, 0
552449, 790, 1, 0, 0
552549, 810, 1, 0, 0
552650, 830, 1, 0, 0
552750, 800, 1, 0, 0
552850, 840, 1, 0, 0
552950, 800, 1, 0, 0
553050, 760, 1, 0, 0
553150, 830, 1, 0, 0
553249, 818, 1, 0, 0
553349, 820, 1, 0, 0
553449, 830, 1, 0, 0
553549, 840, 1, 0, 0
553649, 820, 1, 0, 0
553749, 830, 1, 0, 0
553849, 810, 1, 0, 0
553950, 790, 1, 0, 0
554050, 830, 1, 0, 0
554150, 840, 1, 0, 0
554249, 808, 1, 0, 0
554349, 840, 1, 0, 0
554449, 840, 1, 0, 0
554549, 850, 1, 0, 0
554649, 800, 1, 0, 0
554749, 860, 1, 0, 0
554849, 810, 1, 0, 0
554949, 810, 1, 0, 0
555049, 820, 1, 0, 0
555150, 800, 1, 0, 0
555250, 800, 1, 0, 0
555350, 800, 1, 0, 0
555450, 810, 1, 0, 0
555550, 810, 1, 0, 0
555650, 810, 1, 0, 0
555749, 818, 1, 0, 0
555849, 830, 1, 0, 0
555949, 830, 1, 0, 0
556049, 840, 1, 0, 0
556149, 820, 1, 0, 0
556250, 790, 1, 0, 0
556350, 820, 1, 0, 0
556450, 840, 1, 0, 0
556550, 830, 1, 0, 0
556650, 820, 1, 0, 0
556749, 787, 1, 0, 0
556849, 790, 1, 0, 0
556949, 800, 1, 0, 0
557049, 840, 1, 0, 0
557149, 810, 1, 0, 0
557249, 820, 1, 0, 0
557349, 820, 1, 0, 0
557449, 820, 1, 0, 0
557550, 840, 1, 0, 0
557650, 780, 1, 0, 0
557749, 808, 1, 0, 0
557849, 810, 1, 0, 0
557949, 810, 1, 0, 0
558049, 820, 1, 0, 0
558149, 850, 1, 0, 0
558249, 800, 1, 0, 0
558349, 810, 1, 0, 0
558449, 790, 1, 0, 0
558549, 800, 1, 0, 0
558650, 830, 1, 0, 0
558750, 800, 1, 0, 0
558850, 840, 1, 0, 0
558950, 820, 1, 0, 0
559050, 830, 1, 0, 0
559150, 790, 1, 0, 0
559249, 808, 1, 0, 0
559349, 780, 1, 0, 0
559449, 820, 1, 0, 0
559549, 820, 1, 0, 0
559649, 790, 1, 0, 0
559749, 820, 1, 0, 0
559849, 810, 1, 0, 0
559950, 840, 1, 0, 0
560050, 830, 1, 0, 0
560150, 830, 1, 0, 0
560249, 818, 1, 0, 0
560349, 770, 1, 0, 0
560449, 830, 1, 0, 0
560549, 750, 1, 0, 0
560649, 780, 1, 0, 0
560749, 790, 1, 0, 0
560849, 790, 1, 0, 0
560949, 810, 1, 0, 0
561049, 810, 1, 0, 0
561149, 810, 1, 0, 0
561250, 830, 1, 0, 0
561350, 810, 1, 0, 0
561450, 860, 1, 0, 0
561550, 810, 1, 0, 0
561650, 800, 1, 0, 0
561749, 848, 1, 0, 0
561849, 810, 1, 0, 0
561949, 810, 1, 0, 0
562049, 840, 1, 0, 0
562149, 810, 1, 0, 0
562249, 790, 1, 0, 0
562349, 810, 1, 0, 0
562449, 800, 1, 0, 0
562550, 820, 1, 0, 0
562650, 810, 1, 0, 0
562749, 797, 1, 0, 0
562849, 800, 1, 0, 0
562949, 800, 1, 0, 0
563049, 790, 1, 0, 0
563149, 800, 1, 0, 0
563249, 800, 1, 0, 0
563349, 790, 1, 0, 0
563449, 790, 1, 0, 0
563549, 820, 1, 0, 0
563649, 800, 1, 0, 0
563750, 810, 1, 0, 0
563850, 790, 1, 0, 0
563950, 820, 1, 0, 0
564050, 790, 1, 0, 0
564150, 810, 1, 0, 0
564249, 797, 1, 0, 0
564349, 850, 1, 0, 0
564449, 830, 1, 0, 0
564549, 830, 1, 0, 0
564649, 830, 1, 0, 0
564749, 820, 1, 0, 0
564849, 830, 1, 0, 0
564949, 820, 1, 0, 0
565050, 800, 1, 0, 0
565150, 790, 1, 0, 0
565249, 808, 1, 0, 0
565349, 830, 1, 0, 0
565449, 800, 1, 0, 0
565549, 810, 1, 0, 0
565649, 860, 1, 0, 0
565749, 820, 1, 0, 0
565849, 820, 1, 0, 0
565949, 810, 1, 0, 0
566049, 800, 1, 0, 0
566149, 810, 1, 0, 0
566250, 800, 1, 0, 0
566350, 810, 1, 0, 0
566450, 810, 1, 0, 0
566550, 820, 1, 0, 0
566650, 760, 1, 0, 0
566749, 818, 1, 0, 0
566849, 750, 1, 0, 0
566949, 840, 1, 0, 0
567049, 810, 1, 0, 0
567149, 810, 1, 0, 0
567249, 840, 1, 0, 0
567349, 850, 1, 0, 0
567449, 810, 1, 0, 0
567550, 800, 1, 0, 0
567650, 810, 1, 0, 0
567749, 808, 1, 0, 0
567849, 830, 1, 0, 0
567949, 810, 1, 0, 0
568049, 800, 1, 0, 0
568149, 850, 1, 0, 0
568249, 820, 1, 0, 0
568349, 760, 1, 0, 0
568449, 820, 1, 0, 0
568549, 800, 1, 0, 0
568649, 790, 1, 0, 0
568750, 820, 1, 0, 0
568850, 800, 1, 0, 0
568950, 810, 1, 0, 0
569050, 780, 1, 0, 0
569150, 730, 1, 0, 0
569249, 828, 1, 0, 0
569349, 820, 1, 0, 0
569449, 790, 1, 0, 0
569549, 800, 1, 0, 0
569649, 810, 1, 0, 0
569749, 820, 1, 0, 0
569849, 820, 1, 0, 0
569950, 800, 1, 0, 0
570050, 840, 1, 0, 0
570150, 820, 1, 0, 0
570249, 787, 1, 0, 0
570349, 790, 1, 0, 0
570449, 810, 1, 0, 0
570549, 800, 1, 0, 0
570649, 810, 1, 0, 0
570749, 790, 1, 0, 0
570849, 800, 1, 0, 0
570949, 790, 1, 0, 0
571049, 810, 1, 0, 0
571150, 800, 1, 0, 0
571250, 810, 1, 0, 0
571350, 780, 1, 0, 0
571450, 830, 1, 0, 0
571550, 840, 1, 0, 0
571650, 790, 1, 0, 0
571749, 757, 1, 0, 0
571849, 800, 1, 0, 0
571949, 790, 1, 0, 0
572049, 780, 1, 0, 0
572149, 830, 1, 0, 0
572249, 780, 1, 0, 0
572349, 800, 1, 0, 0
572449, 800, 1, 0, 0
572550, 750, 1, 0, 0
572650, 800, 1, 0, 0
572749, 808, 1, 0, 0
572849, 810, 1, 0, 0
572949, 800, 1, 0, 0
573049, 800, 1, 0, 0
573149, 830, 1, 0, 0
573249, 790, 1, 0, 0
573349, 780, 1, 0, 0
573449, 810, 1, 0, 0
573549, 810, 1, 0, 0
573650, 770, 1, 0, 0
573750, 820, 1, 0, 0
573850, 840, 1, 0, 0
573950, 810, 1, 0, 0
574050, 800, 1, 0, 0
574150, 790, 1, 0, 0
574249, 828, 1, 0, 0
574349, 770, 1, 0, 0
574449, 810, 1, 0, 0
574549, 820, 1, 0, 0
574649, 760, 1, 0, 0
574749, 850, 1, 0, 0
574849, 840, 1, 0, 0
574950, 800, 1, 0, 0
575050, 820, 1, 0, 0
575150, 820, 1, 0, 0
575249, 797, 1, 0, 0
575349, 820, 1, 0, 0
575449, 800, 1, 0, 0
575549, 780, 1, 0, 0
575649, 820, 1, 0, 0
575749, 820, 1, 0, 0
575849, 820, 1, 0, 0
575949, 800, 1, 0, 0
576050, 790, 1, 0, 0
576150, 810, 1, 0, 0
576249, 818, 1, 0, 0
576349, 850, 1, 0, 0
576449, 770, 1, 0, 0
576549, 790, 1, 0, 0
576649, 800, 1, 0, 0
576749, 780, 1, 0, 0
576849, 840, 1, 0, 0
576949, 830, 1, 0, 0
577049, 830, 1, 0, 0
577149, 810, 1, 0, 0
577249, 800, 1, 0, 0
577350, 810, 1, 0, 0
577450, 780, 1, 0, 0
577550, 820, 1, 0, 0
577650, 840, 1, 0, 0
577749, 787, 1, 0, 0
577849, 830, 1, 0, 0
577949, 820, 1, 0, 0
578049, 820, 1, 0, 0
578149, 800, 1, 0, 0
578249, 840, 1, 0, 0
578349, 810, 1, 0, 0
578449, 850, 1, 0, 0
578549, 830, 1, 0, 0
578649, 830, 1, 0, 0
578750, 820, 1, 0, 0
578850, 800, 1, 0, 0
578950, 810, 1, 0, 0
579050, 810, 1, 0, 0
579150, 840, 1, 0, 0
579249, 818, 1, 0, 0
579349, 790, 1, 0, 0
579449, 820, 1, 0, 0
579549, 810, 1, 0, 0
579649, 850, 1, 0, 0
579749, 830, 1, 0, 0
579849, 810, 1, 0, 0
579949, 810, 1, 0, 0
580050, 840, 1, 0, 0
580150, 790, 1, 0, 0
580249, 828, 1, 0, 0
580349, 820, 1, 0, 0
580449, 850, 1, 0, 0
580549, 850, 1, 0, 0
580649, 810, 1, 0, 0
580749, 800, 1, 0, 0
580849, 800, 1, 0, 0
580949, 830, 1, 0, 0
581049, 820, 1, 0, 0
581150, 820, 1, 0, 0
581250, 810, 1, 0, 0
581350, 830, 1, 0, 0
581450, 790, 1, 0, 0
581550, 810, 1, 0, 0
581650, 820, 1, 0, 0
581749, 838, 1, 0, 0
581849, 820, 1, 0, 0
581949, 820, 1, 0, 0
582049, 840, 1, 0, 0
582149, 830, 1, 0, 0
582250, 810, 1, 0, 0
582350, 850, 1, 0, 0
582450, 800, 1, 0, 0
582550, 790, 1, 0, 0
582650, 820, 1, 0, 0
582749, 828, 1, 0, 0
582849, 850, 1, 0, 0
582949, 810, 1, 0, 0
583049, 830, 1, 0, 0
583149, 820, 1, 0, 0
583249, 850, 1, 0, 0
583349, 820, 1, 0, 0
583449, 850, 1, 0, 0
583550, 820, 1, 0, 0
583650, 850, 1, 0, 0
583749, 818, 1, 0, 0
583849, 820, 1, 0, 0
583949, 790, 1, 0, 0
584049, 800, 1, 0, 0
584149, 840, 1, 0, 0
584249, 820, 1, 0, 0
584349, 840, 1, 0, 0
584449, 810, 1, 0, 0
584549, 810, 1, 0, 0
584649, 840, 1, 0, 0
584750, 810, 1, 0, 0
584850, 800, 1, 0, 0
584950, 800, 1, 0, 0
585050, 820, 1, 0, 0
585150, 820, 1, 0, 0
585249, 868, 1, 0, 0
585349, 840, 1, 0, 0
585449, 810, 1, 0, 0
585549, 860, 1, 0, 0
585649, 780, 1, 0, 0
585749, 790, 1, 0, 0
585849, 790, 1, 0, 0
585950, 800, 1, 0, 0
586050, 820, 1, 0, 0
586150, 760, 1, 0, 0
586249, 808, 1, 0, 0
586349, 820, 1, 0, 0
586449, 840, 1, 0, 0
586549, 870, 1, 0, 0
586649, 840, 1, 0, 0
586749, 840, 1, 0, 0
586849, 810, 1, 0, 0
586949, 870, 1, 0, 0
587049, 830, 1, 0, 0
587149, 790, 1, 0, 0
587250, 840, 1, 0, 0
587350, 840, 1, 0, 0
587450, 830, 1, 0, 0
587550, 810, 1, 0, 0
587650, 800, 1, 0, 0
587749, 858, 1, 0, 0
587849, 830, 1, 0, 0
587949, 810, 1, 0, 0
588049, 800, 1, 0, 0
588149, 840, 1, 0, 0
588249, 850, 1, 0, 0
588349, 820, 1, 0, 0
588449, 800, 1, 0, 0
588550, 820, 1, 0, 0
588650, 800, 1, 0, 0
588749, 828, 1, 0, 0
588849, 800, 1, 0, 0
588949, 820, 1, 0, 0
589049, 810, 1, 0, 0
589149, 810, 1, 0, 0
589249, 840, 1, 0, 0
589349, 790, 1, 0, 0
589449, 840, 1, 0, 0
589549, 830, 1, 0, 0
589649, 810, 1, 0, 0
589750, 810, 1, 0, 0
589850, 840, 1, 0, 0
589950, 830, 1, 0, 0
590050, 820, 1, 0, 0
590150, 800, 1, 0, 0
590249, 767, 1, 0, 0
590349, 800, 1, 0, 0
590449, 810, 1, 0, 0
590549, 830, 1, 0, 0
590649, 790, 1, 0, 0
590749, 790, 1, 0, 0
590849, 810, 1, 0, 0
590950, 820, 1, 0, 0
591050, 850, 1, 0, 0
591150, 820, 1, 0, 0
591249, 828, 1, 0, 0
591349, 840, 1, 0, 0
591449, 820, 1, 0, 0
591549, 820, 1, 0, 0
591649, 790, 1, 0, 0
591749, 820, 1, 0, 0
591849, 830, 1, 0, 0
591949, 830, 1, 0, 0
592049, 810, 1, 0, 0
592149, 800, 1, 0, 0
592250, 810, 1, 0, 0
592350, 820, 1, 0, 0
592450, 830, 1, 0, 0
592550, 800, 1, 0, 0
592650, 830, 1, 0, 0
592749, 838, 1, 0, 0
592849, 820, 1, 0, 0
592949, 830, 1, 0, 0
593049, 860, 1, 0, 0
593149, 800, 1, 0, 0
593249, 810, 1, 0, 0
593349, 860, 1, 0, 0
593449, 810, 1, 0, 0
593550, 850, 1, 0, 0
593650, 830, 1, 0, 0
593749, 787, 1, 0, 0
593849, 830, 1, 0, 0
593949, 820, 1, 0, 0
594049, 820, 1, 0, 0
594149, 860, 1, 0, 0
594249, 790, 1, 0, 0
594349, 820, 1, 0, 0
594449, 850, 1, 0, 0
594549, 850, 1, 0, 0
594649, 830, 1, 0, 0
594750, 810, 1, 0, 0
594850, 800, 1, 0, 0
594950, 790, 1, 0, 0
595050, 800, 1, 0, 0
595150, 790, 1, 0, 0
595249, 808, 1, 0, 0
595349, 830, 1, 0, 0
595449, 780, 1, 0, 0
595549, 800, 1, 0, 0
595649, 810, 1, 0, 0
595749, 820, 1, 0, 0
595849, 790, 1, 0, 0
595949, 840, 1, 0, 0
596050, 820, 1, 0, 0
596150, 830, 1, 0, 0
596249, 828, 1, 0, 0
596349, 830, 1, 0, 0
596449, 790, 1, 0, 0
596549, 810, 1, 0, 0
596649, 810, 1, 0, 0
596749, 800, 1, 0, 0
596849, 790, 1, 0, 0
596949, 820, 1, 0, 0
597049, 800, 1, 0, 0
597149, 840, 1, 0, 0
597249, 860, 1, 0, 0
597349, 800, 1, 0, 0
597449, 810, 1, 0, 0
597550, 830, 1, 0, 0
597650, 810, 1, 0, 0
597749, 858, 1, 0, 0
597849, 780, 1, 0, 0
597949, 820, 1, 0, 0
598049, 830, 1, 0, 0
598149, 800, 1, 0, 0
598249, 760, 1, 0, 0
598349, 830, 1, 0, 0
598449, 810, 1, 0, 0
598549, 830, 1, 0, 0
598649, 820, 1, 0, 0
598750, 850, 1, 0, 0
598850, 810, 1, 0, 0
598950, 790, 1, 0, 0
599050, 810, 1, 0, 0
599150, 820, 1, 0, 0
599249, 797, 1, 0, 0
599349, 810, 1, 0, 0
599449, 810, 1, 0, 0
599549, 810, 1, 0, 0
599649, 820, 1, 0, 0
599749, 830, 1, 0, 0
599849, 800, 1, 0, 0
599949, 800, 1, 0, 0
