0, 1859692, 1, 4096, 0
0, 2027650, 1, 4096, 0
0, 2201333, 1, 4096, 0
1, 2457476, 1, 4096, 0
1, 1874989, 1, 4096, 0
2, 1675014, 1, 4096, 0
2, 2140558, 1, 4096, 0
2, 2093077, 1, 4096, 0
3, 1941772, 1, 4096, 0
3, 2469633, 1, 4096, 0
3, 2672059, 1, 4096, 0
4, 1637366, 1, 4096, 0
4, 1932267, 1, 4096, 0
4, 2616214, 1, 4096, 0
5, 1268311, 1, 4096, 0
5, 1688911, 1, 4096, 0
5, 1549340, 1, 4096, 0
5, 2433541, 1, 4096, 0
5, 2612469, 1, 4096, 0
6, 1301941, 1, 4096, 0
6, 1637553, 1, 4096, 0
7, 2201304, 1, 4096, 0
7, 1301327, 1, 4096, 0
7, 1725337, 1, 4096, 0
7, 2396706, 1, 4096, 0
8, 1340837, 1, 4096, 0
8, 1665456, 1, 4096, 0
8, 1731295, 1, 4096, 0
9, 2012581, 1, 4096, 0
9, 1379877, 1, 4096, 0
9, 1350752, 1, 4096, 0
9, 1996182, 1, 4096, 0
10, 2753964, 1, 4096, 0
10, 1305366, 1, 4096, 0
11, 1376122, 1, 4096, 0
11, 2466153, 1, 4096, 0
11, 1889232, 1, 4096, 0
12, 2328916, 1, 4096, 0
12, 2159892, 1, 4096, 0
13, 3305128, 1, 4096, 0
13, 2360019, 1, 4096, 0
14, 2594049, 1, 4096, 0
14, 2549383, 1, 4096, 0
14, 1868138, 1, 4096, 0
14, 1560572, 1, 4096, 0
14, 2586074, 1, 4096, 0
15, 1812328, 1, 4096, 0
15, 1598200, 1, 4096, 0
15, 1795652, 1, 4096, 0
16, 1065738, 1, 4096, 0
17, 2660391, 1, 4096, 0
17, 3472188, 1, 4096, 0
17, 1809509, 1, 4096, 0
17, 3005177, 1, 4096, 0
18, 2249226, 1, 4096, 0
18, 1486779, 1, 4096, 0
19, 1447761, 1, 4096, 0
19, 1725558, 1, 4096, 0
19, 1736213, 1, 4096, 0
19, 1396258, 1, 4096, 0
19, 1352289, 1, 4096, 0
20, 1285475, 1, 4096, 0
20, 1422674, 1, 4096, 0
20, 1620183, 1, 4096, 0
21, 1690368, 1, 4096, 0
21, 2021394, 1, 4096, 0
21, 4042223, 1, 4096, 0
21, 1300204, 1, 4096, 0
22, 1616492, 1, 4096, 0
22, 1404259, 1, 4096, 0
22, 1258286, 1, 4096, 0
23, 1817196, 1, 4096, 0
23, 2137171, 1, 4096, 0
23, 1483797, 1, 4096, 0
24, 978707, 1, 4096, 0
24, 1314571, 1, 4096, 0
25, 3454451, 1, 4096, 0
25, 1512487, 1, 4096, 0
25, 2503745, 1, 4096, 0
25, 1027307, 1, 4096, 0
25, 1064619, 1, 4096, 0
26, 3714378, 1, 4096, 0
26, 1249139, 1, 4096, 0
27, 1563632, 1, 4096, 0
27, 1886939, 1, 4096, 0
27, 1900896, 1, 4096, 0
27, 1424679, 1, 4096, 0
27, 2151660, 1, 4096, 0
28, 1705909, 1, 4096, 0
28, 1888618, 1, 4096, 0
29, 1862129, 1, 4096, 0
29, 2211834, 1, 4096, 0
29, 2436891, 1, 4096, 0
30, 2612153, 1, 4096, 0
30, 1702195, 1, 4096, 0
30, 1696495, 1, 4096, 0
31, 2247466, 1, 4096, 0
31, 1980891, 1, 4096, 0
32, 2009555, 1, 4096, 0
32, 1656655, 1, 4096, 0
32, 1750164, 1, 4096, 0
33, 1697575, 1, 4096, 0
33, 3503269, 1, 4096, 0
33, 1283663, 1, 4096, 0
33, 1979327, 1, 4096, 0
33, 1710952, 1, 4096, 0
34, 1998087, 1, 4096, 0
34, 1761586, 1, 4096, 0
34, 1912479, 1, 4096, 0
34, 1436498, 1, 4096, 0
35, 1486009, 1, 4096, 0
35, 1412456, 1, 4096, 0
35, 2115450, 1, 4096, 0
36, 1655576, 1, 4096, 0
36, 1761372, 1, 4096, 0
36, 1344110, 1, 4096, 0
37, 2126027, 1, 4096, 0
37, 2468464, 1, 4096, 0
37, 1236448, 1, 4096, 0
38, 2372073, 1, 4096, 0
38, 2338822, 1, 4096, 0
38, 1895477, 1, 4096, 0
39, 2222346, 1, 4096, 0
39, 1790872, 1, 4096, 0
40, 2395736, 1, 4096, 0
40, 1386788, 1, 4096, 0
40, 2199077, 1, 4096, 0
40, 1564174, 1, 4096, 0
40, 1755257, 1, 4096, 0
41, 1588199, 1, 4096, 0
41, 1603368, 1, 4096, 0
42, 2151802, 1, 4096, 0
42, 1386350, 1, 4096, 0
42, 1867140, 1, 4096, 0
42, 2139207, 1, 4096, 0
43, 2290178, 1, 4096, 0
43, 1752286, 1, 4096, 0
43, 1618314, 1, 4096, 0
43, 1516478, 1, 4096, 0
44, 1627840, 1, 4096, 0
44, 2536658, 1, 4096, 0
45, 1463079, 1, 4096, 0
45, 1370644, 1, 4096, 0
45, 2068435, 1, 4096, 0
45, 2000924, 1, 4096, 0
45, 1958164, 1, 4096, 0
46, 1419789, 1, 4096, 0
46, 1203828, 1, 4096, 0
47, 1370832, 1, 4096, 0
47, 2032465, 1, 4096, 0
48, 2925876, 1, 4096, 0
48, 2579991, 1, 4096, 0
48, 2147187, 1, 4096, 0
48, 1494428, 1, 4096, 0
49, 2448228, 1, 4096, 0
49, 1032578, 1, 4096, 0
50, 2653071, 1, 4096, 0
50, 2273897, 1, 4096, 0
50, 2341665, 1, 4096, 0
51, 1825454, 1, 4096, 0
51, 2127767, 1, 4096, 0
51, 1201896, 1, 4096, 0
51, 1374545, 1, 4096, 0
52, 3467536, 1, 4096, 0
52, 2250754, 1, 4096, 0
52, 1396190, 1, 4096, 0
53, 1860276, 1, 4096, 0
53, 1796518, 1, 4096, 0
54, 2664205, 1, 4096, 0
54, 1843499, 1, 4096, 0
54, 3064923, 1, 4096, 0
55, 1515785, 1, 4096, 0
55, 2326976, 1, 4096, 0
56, 2107419, 1, 4096, 0
56, 1485648, 1, 4096, 0
56, 3039811, 1, 4096, 0
56, 1729817, 1, 4096, 0
56, 2106246, 1, 4096, 0
57, 2618118, 1, 4096, 0
58, 2014168, 1, 4096, 0
58, 1444616, 1, 4096, 0
58, 1431731, 1, 4096, 0
58, 1614556, 1, 4096, 0
59, 1318536, 1, 4096, 0
59, 2585642, 1, 4096, 0
59, 2855100, 1, 4096, 0
60, 2065521, 1, 4096, 0
60, 1713720, 1, 4096, 0
60, 1026548, 1, 4096, 0
61, 2851270, 1, 4096, 0
61, 2471457, 1, 4096, 0
62, 2415974, 1, 4096, 0
62, 2172200, 1, 4096, 0
63, 2929591, 1, 4096, 0
63, 2583449, 1, 4096, 0
63, 1405373, 1, 4096, 0
63, 2365978, 1, 4096, 0
63, 1395988, 1, 4096, 0
64, 1251845, 1, 4096, 0
64, 1972171, 1, 4096, 0
64, 1403234, 1, 4096, 0
65, 2129356, 1, 4096, 0
65, 2227404, 1, 4096, 0
66, 2481147, 1, 4096, 0
66, 1975675, 1, 4096, 0
66, 2304759, 1, 4096, 0
67, 1943813, 1, 4096, 0
68, 1440098, 1, 4096, 0
68, 1615173, 1, 4096, 0
68, 2339749, 1, 4096, 0
68, 3469665, 1, 4096, 0
68, 3412575, 1, 4096, 0
69, 2208508, 1, 4096, 0
69, 1648539, 1, 4096, 0
69, 1271683, 1, 4096, 0
70, 2040897, 1, 4096, 0
71, 2609479, 1, 4096, 0
71, 2736235, 1, 4096, 0
71, 1940401, 1, 4096, 0
71, 2116225, 1, 4096, 0
72, 1663721, 1, 4096, 0
72, 1132379, 1, 4096, 0
72, 2396474, 1, 4096, 0
73, 1487612, 1, 4096, 0
73, 2691567, 1, 4096, 0
73, 1386258, 1, 4096, 0
74, 1941624, 1, 4096, 0
74, 1444493, 1, 4096, 0
74, 2747816, 1, 4096, 0
74, 2325698, 1, 4096, 0
75, 1568011, 1, 4096, 0
75, 1694766, 1, 4096, 0
75, 1804021, 1, 4096, 0
76, 1439563, 1, 4096, 0
76, 1865265, 1, 4096, 0
76, 1361352, 1, 4096, 0
77, 2206890, 1, 4096, 0
77, 821871, 1, 4096, 0
77, 2062736, 1, 4096, 0
77, 3255640, 1, 4096, 0
78, 1472007, 1, 4096, 0
78, 2562428, 1, 4096, 0
79, 1871088, 1, 4096, 0
79, 1601691, 1, 4096, 0
79, 2227933, 1, 4096, 0
80, 2180755, 1, 4096, 0
80, 2137468, 1, 4096, 0
80, 1862547, 1, 4096, 0
81, 1365185, 1, 4096, 0
81, 1242567, 1, 4096, 0
81, 1238417, 1, 4096, 0
81, 2147099, 1, 4096, 0
81, 1944487, 1, 4096, 0
82, 973785, 1, 4096, 0
82, 1412134, 1, 4096, 0
82, 1666837, 1, 4096, 0
82, 1512543, 1, 4096, 0
82, 1479497, 1, 4096, 0
83, 3179660, 1, 4096, 0
83, 1259202, 1, 4096, 0
84, 1506506, 1, 4096, 0
84, 1654528, 1, 4096, 0
84, 1706956, 1, 4096, 0
85, 2038284, 1, 4096, 0
85, 2063703, 1, 4096, 0
85, 2125543, 1, 4096, 0
86, 1019152, 1, 4096, 0
86, 1803073, 1, 4096, 0
87, 1165412, 1, 4096, 0
87, 3469184, 1, 4096, 0
88, 1824457, 1, 4096, 0
88, 1972739, 1, 4096, 0
88, 3423792, 1, 4096, 0
88, 2545687, 1, 4096, 0
89, 1970506, 1, 4096, 0
89, 1841927, 1, 4096, 0
89, 1844322, 1, 4096, 0
90, 1979355, 1, 4096, 0
90, 2134253, 1, 4096, 0
90, 2050634, 1, 4096, 0
90, 1628258, 1, 4096, 0
91, 1466898, 1, 4096, 0
91, 1830739, 1, 4096, 0
91, 1457223, 1, 4096, 0
92, 2344105, 1, 4096, 0
92, 2129352, 1, 4096, 0
92, 1334576, 1, 4096, 0
93, 1149370, 1, 4096, 0
93, 2491120, 1, 4096, 0
93, 1793187, 1, 4096, 0
93, 2012559, 1, 4096, 0
94, 2385016, 1, 4096, 0
94, 1584590, 1, 4096, 0
94, 1778421, 1, 4096, 0
94, 2292228, 1, 4096, 0
95, 1794826, 1, 4096, 0
96, 1601457, 1, 4096, 0
96, 1565976, 1, 4096, 0
96, 2598493, 1, 4096, 0
96, 1976733, 1, 4096, 0
97, 1661029, 1, 4096, 0
98, 1927532, 1, 4096, 0
98, 3352041, 1, 4096, 0
98, 2099420, 1, 4096, 0
98, 2392549, 1, 4096, 0
98, 2048383, 1, 4096, 0
99, 1777612, 1, 4096, 0
100, 1591645, 1, 4096, 0
100, 1588150, 1, 4096, 0
100, 2117559, 1, 4096, 0
100, 2111529, 1, 4096, 0
100, 1912248, 1, 4096, 0
101, 2614305, 1, 4096, 0
101, 1476866, 1, 4096, 0
102, 1402678, 1, 4096, 0
102, 2292374, 1, 4096, 0
102, 1446133, 1, 4096, 0
103, 2646625, 1, 4096, 0
103, 3210496, 1, 4096, 0
103, 1868056, 1, 4096, 0
104, 2025545, 1, 4096, 0
104, 1713013, 1, 4096, 0
104, 2037262, 1, 4096, 0
104, 2382468, 1, 4096, 0
105, 1993027, 1, 4096, 0
105, 1173548, 1, 4096, 0
105, 2119030, 1, 4096, 0
106, 1705785, 1, 4096, 0
106, 1614162, 1, 4096, 0
107, 1625858, 1, 4096, 0
107, 2464826, 1, 4096, 0
107, 1902329, 1, 4096, 0
107, 1808748, 1, 4096, 0
108, 1713555, 1, 4096, 0
108, 1801581, 1, 4096, 0
109, 1831866, 1, 4096, 0
109, 2196396, 1, 4096, 0
109, 2053555, 1, 4096, 0
109, 1389358, 1, 4096, 0
109, 1329424, 1, 4096, 0
110, 2739528, 1, 4096, 0
110, 1475380, 1, 4096, 0
110, 1843325, 1, 4096, 0
111, 1754664, 1, 4096, 0
111, 1767374, 1, 4096, 0
111, 2205615, 1, 4096, 0
112, 1435119, 1, 4096, 0
112, 1496781, 1, 4096, 0
113, 1764019, 1, 4096, 0
113, 2802005, 1, 4096, 0
113, 1919105, 1, 4096, 0
113, 3056280, 1, 4096, 0
114, 1196680, 1, 4096, 0
114, 1557994, 1, 4096, 0
114, 1915947, 1, 4096, 0
115, 2703393, 1, 4096, 0
115, 1865834, 1, 4096, 0
115, 2074955, 1, 4096, 0
116, 1243986, 1, 4096, 0
116, 1759292, 1, 4096, 0
117, 2818675, 1, 4096, 0
117, 2007527, 1, 4096, 0
117, 1701901, 1, 4096, 0
117, 1974715, 1, 4096, 0
117, 2704975, 1, 4096, 0
118, 1608567, 1, 4096, 0
118, 1621076, 1, 4096, 0
119, 1797484, 1, 4096, 0
119, 1600013, 1, 4096, 0
120, 2441284, 1, 4096, 0
120, 2567805, 1, 4096, 0
120, 1777712, 1, 4096, 0
120, 2932051, 1, 4096, 0
121, 1672777, 1, 4096, 0
121, 1941910, 1, 4096, 0
121, 1743229, 1, 4096, 0
122, 1582155, 1, 4096, 0
122, 1705365, 1, 4096, 0
122, 2678612, 1, 4096, 0
123, 1524211, 1, 4096, 0
123, 1210945, 1, 4096, 0
123, 1068993, 1, 4096, 0
124, 2503067, 1, 4096, 0
124, 1046241, 1, 4096, 0
124, 1918548, 1, 4096, 0
124, 1871817, 1, 4096, 0
125, 1943010, 1, 4096, 0
125, 1399239, 1, 4096, 0
126, 1979952, 1, 4096, 0
126, 1712312, 1, 4096, 0
126, 1365514, 1, 4096, 0
126, 3365985, 1, 4096, 0
126, 1724192, 1, 4096, 0
127, 1899326, 1, 4096, 0
128, 1314543, 1, 4096, 0
128, 2036873, 1, 4096, 0
128, 1995483, 1, 4096, 0
128, 2188040, 1, 4096, 0
128, 1552328, 1, 4096, 0
129, 1705373, 1, 4096, 0
129, 1470191, 1, 4096, 0
129, 1714156, 1, 4096, 0
129, 1735365, 1, 4096, 0
130, 1900340, 1, 4096, 0
131, 1529350, 1, 4096, 0
131, 2092232, 1, 4096, 0
131, 3209218, 1, 4096, 0
132, 2244533, 1, 4096, 0
132, 2536463, 1, 4096, 0
132, 2439019, 1, 4096, 0
132, 1488507, 1, 4096, 0
132, 1668481, 1, 4096, 0
133, 1837614, 1, 4096, 0
133, 1030951, 1, 4096, 0
133, 1908066, 1, 4096, 0
134, 1428440, 1, 4096, 0
134, 1920354, 1, 4096, 0
134, 1524617, 1, 4096, 0
135, 2932372, 1, 4096, 0
135, 2306788, 1, 4096, 0
136, 1769323, 1, 4096, 0
136, 1287539, 1, 4096, 0
136, 2461032, 1, 4096, 0
136, 2056012, 1, 4096, 0
137, 1677828, 1, 4096, 0
137, 1681515, 1, 4096, 0
138, 1944587, 1, 4096, 0
138, 1790485, 1, 4096, 0
138, 2583987, 1, 4096, 0
138, 1744215, 1, 4096, 0
138, 1600512, 1, 4096, 0
139, 1441818, 1, 4096, 0
139, 2764920, 1, 4096, 0
140, 1721834, 1, 4096, 0
140, 1782071, 1, 4096, 0
140, 1708418, 1, 4096, 0
140, 2564874, 1, 4096, 0
141, 1472375, 1, 4096, 0
142, 1601753, 1, 4096, 0
142, 1976502, 1, 4096, 0
142, 2407991, 1, 4096, 0
142, 2287153, 1, 4096, 0
143, 2545212, 1, 4096, 0
143, 2347233, 1, 4096, 0
143, 1223951, 1, 4096, 0
143, 1603671, 1, 4096, 0
143, 1471974, 1, 4096, 0
144, 1355535, 1, 4096, 0
144, 1672110, 1, 4096, 0
145, 1867850, 1, 4096, 0
145, 1237593, 1, 4096, 0
145, 2149760, 1, 4096, 0
145, 1974687, 1, 4096, 0
145, 1923117, 1, 4096, 0
146, 1422974, 1, 4096, 0
147, 1637963, 1, 4096, 0
147, 1405928, 1, 4096, 0
147, 1834108, 1, 4096, 0
147, 1905785, 1, 4096, 0
147, 1995191, 1, 4096, 0
148, 1875721, 1, 4096, 0
148, 1289425, 1, 4096, 0
148, 1258230, 1, 4096, 0
149, 1578959, 1, 4096, 0
149, 2027352, 1, 4096, 0
149, 1987479, 1, 4096, 0
149, 1721938, 1, 4096, 0
150, 1951076, 1, 4096, 0
150, 1399506, 1, 4096, 0
150, 1650547, 1, 4096, 0
151, 1504166, 1, 4096, 0
151, 2268298, 1, 4096, 0
151, 2240571, 1, 4096, 0
151, 1238624, 1, 4096, 0
152, 2064427, 1, 4096, 0
152, 2065042, 1, 4096, 0
153, 1283333, 1, 4096, 0
153, 1938638, 1, 4096, 0
153, 2005618, 1, 4096, 0
153, 1598996, 1, 4096, 0
154, 1653656, 1, 4096, 0
154, 2296878, 1, 4096, 0
154, 1489070, 1, 4096, 0
154, 1758453, 1, 4096, 0
155, 2561158, 1, 4096, 0
156, 2554569, 1, 4096, 0
157, 2675712, 1, 4096, 0
157, 3146482, 1, 4096, 0
157, 3167930, 1, 4096, 0
158, 4976064, 1, 4096, 0
158, 2512476, 1, 4096, 0
159, 2073215, 1, 4096, 0
159, 1654615, 1, 4096, 0
159, 1540497, 1, 4096, 0
159, 1602561, 1, 4096, 0
160, 1665891, 1, 4096, 0
160, 1915560, 1, 4096, 0
160, 1307527, 1, 4096, 0
160, 1399907, 1, 4096, 0
161, 1720010, 1, 4096, 0
161, 1368205, 1, 4096, 0
161, 1982275, 1, 4096, 0
162, 1863213, 1, 4096, 0
162, 2136299, 1, 4096, 0
162, 1084188, 1, 4096, 0
162, 3461749, 1, 4096, 0
163, 1796835, 1, 4096, 0
163, 2863918, 1, 4096, 0
164, 1898807, 1, 4096, 0
164, 1850498, 1, 4096, 0
164, 1954436, 1, 4096, 0
164, 1810608, 1, 4096, 0
165, 1766567, 1, 4096, 0
165, 1679322, 1, 4096, 0
165, 1983751, 1, 4096, 0
166, 1505809, 1, 4096, 0
166, 1755814, 1, 4096, 0
166, 1936270, 1, 4096, 0
167, 1832860, 1, 4096, 0
167, 1525032, 1, 4096, 0
167, 1953734, 1, 4096, 0
167, 1778340, 1, 4096, 0
168, 2098509, 1, 4096, 0
168, 2620717, 1, 4096, 0
168, 1429922, 1, 4096, 0
169, 1712722, 1, 4096, 0
169, 1282521, 1, 4096, 0
169, 1834111, 1, 4096, 0
170, 1421756, 1, 4096, 0
170, 1801583, 1, 4096, 0
170, 1630035, 1, 4096, 0
170, 2108363, 1, 4096, 0
170, 1698734, 1, 4096, 0
171, 1995493, 1, 4096, 0
171, 1707293, 1, 4096, 0
172, 1396567, 1, 4096, 0
172, 1730088, 1, 4096, 0
173, 2119505, 1, 4096, 0
173, 963927, 1, 4096, 0
173, 2690767, 1, 4096, 0
173, 2025458, 1, 4096, 0
174, 2373317, 1, 4096, 0
174, 1051066, 1, 4096, 0
175, 2876084, 1, 4096, 0
175, 2356637, 1, 4096, 0
175, 2532901, 1, 4096, 0
175, 2234367, 1, 4096, 0
176, 1821953, 1, 4096, 0
176, 1351959, 1, 4096, 0
176, 993193, 1, 4096, 0
176, 1285887, 1, 4096, 0
177, 1458277, 1, 4096, 0
177, 1269998, 1, 4096, 0
177, 1617077, 1, 4096, 0
177, 1348493, 1, 4096, 0
177, 1752391, 1, 4096, 0
178, 1750629, 1, 4096, 0
178, 1533217, 1, 4096, 0
179, 1694160, 1, 4096, 0
179, 1744287, 1, 4096, 0
179, 1678952, 1, 4096, 0
179, 1946977, 1, 4096, 0
180, 1601331, 1, 4096, 0
180, 1989402, 1, 4096, 0
180, 1778744, 1, 4096, 0
181, 1891435, 1, 4096, 0
181, 1967965, 1, 4096, 0
181, 1596520, 1, 4096, 0
182, 1098640, 1, 4096, 0
182, 2262435, 1, 4096, 0
182, 1766506, 1, 4096, 0
182, 1504299, 1, 4096, 0
183, 2487597, 1, 4096, 0
183, 1960051, 1, 4096, 0
183, 1174062, 1, 4096, 0
183, 1456164, 1, 4096, 0
184, 2169530, 1, 4096, 0
184, 2510955, 1, 4096, 0
184, 1513468, 1, 4096, 0
185, 1487147, 1, 4096, 0
185, 2062065, 1, 4096, 0
186, 1529911, 1, 4096, 0
186, 1258758, 1, 4096, 0
186, 2721229, 1, 4096, 0
187, 1687520, 1, 4096, 0
187, 1089588, 1, 4096, 0
187, 2292485, 1, 4096, 0
187, 1680324, 1, 4096, 0
187, 1758026, 1, 4096, 0
188, 1982820, 1, 4096, 0
188, 1233403, 1, 4096, 0
188, 1707237, 1, 4096, 0
189, 1764512, 1, 4096, 0
189, 1810701, 1, 4096, 0
189, 1960796, 1, 4096, 0
189, 1679979, 1, 4096, 0
190, 2022685, 1, 4096, 0
190, 1673201, 1, 4096, 0
190, 1524291, 1, 4096, 0
190, 1404223, 1, 4096, 0
191, 1512083, 1, 4096, 0
191, 1106680, 1, 4096, 0
191, 1168884, 1, 4096, 0
191, 865444, 1, 4096, 0
192, 2065306, 1, 4096, 0
192, 2252186, 1, 4096, 0
192, 1486419, 1, 4096, 0
192, 1278542, 1, 4096, 0
193, 1147889, 1, 4096, 0
193, 2058093, 1, 4096, 0
194, 2026848, 1, 4096, 0
194, 1857869, 1, 4096, 0
194, 2697952, 1, 4096, 0
195, 2110866, 1, 4096, 0
195, 1432105, 1, 4096, 0
195, 3059184, 1, 4096, 0
195, 787083, 1, 4096, 0
196, 2002637, 1, 4096, 0
197, 2029443, 1, 4096, 0
197, 2163437, 1, 4096, 0
197, 1903935, 1, 4096, 0
198, 3352326, 1, 4096, 0
198, 3339815, 1, 4096, 0
198, 1789717, 1, 4096, 0
198, 1492613, 1, 4096, 0
199, 1944223, 1, 4096, 0
199, 2178908, 1, 4096, 0
199, 1578386, 1, 4096, 0
199, 1045009, 1, 4096, 0
200, 1466293, 1, 4096, 0
200, 1025815, 1, 4096, 0
200, 1323874, 1, 4096, 0
200, 1952348, 1, 4096, 0
200, 993353, 1, 4096, 0
201, 1429483, 1, 4096, 0
201, 1919192, 1, 4096, 0
201, 1677800, 1, 4096, 0
202, 1561578, 1, 4096, 0
202, 1770308, 1, 4096, 0
203, 2496174, 1, 4096, 0
203, 1734713, 1, 4096, 0
203, 2046530, 1, 4096, 0
203, 1701448, 1, 4096, 0
204, 1265950, 1, 4096, 0
204, 1909979, 1, 4096, 0
204, 2279187, 1, 4096, 0
204, 1302187, 1, 4096, 0
205, 1835237, 1, 4096, 0
205, 1764407, 1, 4096, 0
205, 1290177, 1, 4096, 0
206, 2016085, 1, 4096, 0
206, 2248245, 1, 4096, 0
207, 2160094, 1, 4096, 0
207, 1643683, 1, 4096, 0
207, 1304573, 1, 4096, 0
207, 2654078, 1, 4096, 0
208, 1414073, 1, 4096, 0
208, 1171208, 1, 4096, 0
208, 1613586, 1, 4096, 0
208, 2440494, 1, 4096, 0
209, 1138450, 1, 4096, 0
209, 1245295, 1, 4096, 0
209, 1525226, 1, 4096, 0
209, 2533479, 1, 4096, 0
210, 1745954, 1, 4096, 0
211, 1625041, 1, 4096, 0
211, 2832170, 1, 4096, 0
211, 1960432, 1, 4096, 0
211, 1018518, 1, 4096, 0
211, 2551325, 1, 4096, 0
211, 2572315, 1, 4096, 0
212, 1817635, 1, 4096, 0
213, 1639738, 1, 4096, 0
213, 1712516, 1, 4096, 0
213, 1664268, 1, 4096, 0
213, 1459010, 1, 4096, 0
214, 2306333, 1, 4096, 0
214, 1366382, 1, 4096, 0
214, 1579168, 1, 4096, 0
215, 1884116, 1, 4096, 0
215, 1922224, 1, 4096, 0
215, 1488925, 1, 4096, 0
216, 1155862, 1, 4096, 0
216, 2682842, 1, 4096, 0
216, 1587523, 1, 4096, 0
216, 2391923, 1, 4096, 0
217, 1881144, 1, 4096, 0
217, 1560853, 1, 4096, 0
218, 2058872, 1, 4096, 0
218, 2537476, 1, 4096, 0
219, 2502472, 1, 4096, 0
219, 2107354, 1, 4096, 0
219, 2757217, 1, 4096, 0
219, 2626499, 1, 4096, 0
220, 1956612, 1, 4096, 0
220, 1546184, 1, 4096, 0
220, 1438900, 1, 4096, 0
221, 1998552, 1, 4096, 0
221, 1493902, 1, 4096, 0
221, 1979159, 1, 4096, 0
221, 1677806, 1, 4096, 0
221, 1823316, 1, 4096, 0
222, 1403951, 1, 4096, 0
223, 1586294, 1, 4096, 0
223, 1753984, 1, 4096, 0
223, 1719358, 1, 4096, 0
224, 2692483, 1, 4096, 0
224, 2038695, 1, 4096, 0
224, 2344667, 1, 4096, 0
224, 1240883, 1, 4096, 0
224, 1857179, 1, 4096, 0
225, 1501561, 1, 4096, 0
225, 1978189, 1, 4096, 0
225, 1465343, 1, 4096, 0
225, 1670790, 1, 4096, 0
225, 1765766, 1, 4096, 0
226, 1650272, 1, 4096, 0
227, 1130515, 1, 4096, 0
227, 1350980, 1, 4096, 0
228, 1502429, 1, 4096, 0
228, 2456895, 1, 4096, 0
228, 2490621, 1, 4096, 0
228, 1552953, 1, 4096, 0
228, 2929696, 1, 4096, 0
229, 2178723, 1, 4096, 0
230, 1401963, 1, 4096, 0
230, 2373240, 1, 4096, 0
230, 1200020, 1, 4096, 0
231, 1475814, 1, 4096, 0
231, 1874608, 1, 4096, 0
232, 1932848, 1, 4096, 0
233, 4915484, 1, 4096, 0
233, 4983742, 1, 4096, 0
233, 4373688, 1, 4096, 0
233, 1515705, 1, 4096, 0
234, 2179603, 1, 4096, 0
234, 2823059, 1, 4096, 0
235, 2180655, 1, 4096, 0
235, 2145085, 1, 4096, 0
235, 2217416, 1, 4096, 0
235, 918792, 1, 4096, 0
235, 1145088, 1, 4096, 0
236, 1595894, 1, 4096, 0
236, 1726646, 1, 4096, 0
237, 1244453, 1, 4096, 0
237, 1869339, 1, 4096, 0
237, 3991601, 1, 4096, 0
238, 3083383, 1, 4096, 0
238, 1651144, 1, 4096, 0
238, 1931541, 1, 4096, 0
239, 1889977, 1, 4096, 0
239, 1781441, 1, 4096, 0
239, 1371524, 1, 4096, 0
239, 2334531, 1, 4096, 0
240, 1557230, 1, 4096, 0
240, 1323614, 1, 4096, 0
240, 1722784, 1, 4096, 0
240, 1768237, 1, 4096, 0
241, 2005060, 1, 4096, 0
242, 2384549, 1, 4096, 0
242, 2426133, 1, 4096, 0
242, 2384317, 1, 4096, 0
242, 2016620, 1, 4096, 0
243, 1661140, 1, 4096, 0
243, 2906949, 1, 4096, 0
243, 1690416, 1, 4096, 0
244, 1863568, 1, 4096, 0
244, 1859087, 1, 4096, 0
245, 1894393, 1, 4096, 0
245, 2628338, 1, 4096, 0
245, 2285648, 1, 4096, 0
245, 1235120, 1, 4096, 0
245, 2027514, 1, 4096, 0
246, 1088239, 1, 4096, 0
246, 1385384, 1, 4096, 0
247, 1487886, 1, 4096, 0
247, 1331512, 1, 4096, 0
247, 3367244, 1, 4096, 0
247, 2153198, 1, 4096, 0
248, 1721070, 1, 4096, 0
248, 1936784, 1, 4096, 0
248, 1741857, 1, 4096, 0
249, 2336030, 1, 4096, 0
249, 1614328, 1, 4096, 0
249, 2061247, 1, 4096, 0
250, 1832709, 1, 4096, 0
250, 1994116, 1, 4096, 0
250, 2084197, 1, 4096, 0
251, 2036021, 1, 4096, 0
251, 1348939, 1, 4096, 0
251, 2241866, 1, 4096, 0
252, 1302181, 1, 4096, 0
252, 1499989, 1, 4096, 0
252, 1648595, 1, 4096, 0
253, 2024504, 1, 4096, 0
253, 1053692, 1, 4096, 0
253, 2530298, 1, 4096, 0
253, 1112187, 1, 4096, 0
253, 2246031, 1, 4096, 0
254, 1571992, 1, 4096, 0
254, 1642291, 1, 4096, 0
254, 1662846, 1, 4096, 0
254, 1473279, 1, 4096, 0
255, 2076996, 1, 4096, 0
256, 1624582, 1, 4096, 0
256, 1643140, 1, 4096, 0
256, 1481865, 1, 4096, 0
256, 2523911, 1, 4096, 0
256, 1816570, 1, 4096, 0
257, 1796666, 1, 4096, 0
259, 2578308, 1, 4096, 0
259, 3070445, 1, 4096, 0
259, 2792429, 1, 4096, 0
259, 2632825, 1, 4096, 0
259, 2974817, 1, 4096, 0
259, 2836679, 1, 4096, 0
260, 1003688, 1, 4096, 0
260, 1002008, 1, 4096, 0
260, 1478302, 1, 4096, 0
261, 1821539, 1, 4096, 0
261, 1211561, 1, 4096, 0
261, 1870797, 1, 4096, 0
261, 1404338, 1, 4096, 0
261, 1145715, 1, 4096, 0
262, 1411947, 1, 4096, 0
262, 1190991, 1, 4096, 0
262, 1567549, 1, 4096, 0
263, 1792826, 1, 4096, 0
263, 1807544, 1, 4096, 0
263, 1355124, 1, 4096, 0
263, 2174283, 1, 4096, 0
263, 1412786, 1, 4096, 0
264, 1305002, 1, 4096, 0
264, 1748930, 1, 4096, 0
264, 2007837, 1, 4096, 0
265, 1806248, 1, 4096, 0
265, 1460935, 1, 4096, 0
266, 2540553, 1, 4096, 0
267, 2148626, 1, 4096, 0
267, 3256905, 1, 4096, 0
267, 1930078, 1, 4096, 0
267, 2396496, 1, 4096, 0
267, 1465404, 1, 4096, 0
267, 1862097, 1, 4096, 0
268, 1437829, 1, 4096, 0
268, 1457159, 1, 4096, 0
268, 1651737, 1, 4096, 0
269, 1685938, 1, 4096, 0
269, 1758750, 1, 4096, 0
270, 1659664, 1, 4096, 0
270, 3308697, 1, 4096, 0
270, 1900516, 1, 4096, 0
271, 2087318, 1, 4096, 0
271, 1202393, 1, 4096, 0
271, 2845005, 1, 4096, 0
271, 2400420, 1, 4096, 0
271, 1488976, 1, 4096, 0
272, 1188333, 1, 4096, 0
272, 1257211, 1, 4096, 0
272, 2204219, 1, 4096, 0
272, 1487322, 1, 4096, 0
273, 1549311, 1, 4096, 0
273, 2186826, 1, 4096, 0
273, 1245428, 1, 4096, 0
274, 1469199, 1, 4096, 0
274, 1372701, 1, 4096, 0
274, 1678837, 1, 4096, 0
275, 1341025, 1, 4096, 0
275, 1593923, 1, 4096, 0
275, 992477, 1, 4096, 0
275, 1254504, 1, 4096, 0
275, 2129846, 1, 4096, 0
275, 1850125, 1, 4096, 0
277, 1680460, 1, 4096, 0
277, 1951546, 1, 4096, 0
277, 1903594, 1, 4096, 0
277, 2072388, 1, 4096, 0
277, 1920821, 1, 4096, 0
277, 2308914, 1, 4096, 0
278, 1369924, 1, 4096, 0
279, 1375665, 1, 4096, 0
279, 1900926, 1, 4096, 0
279, 2061516, 1, 4096, 0
279, 1878978, 1, 4096, 0
279, 2321641, 1, 4096, 0
280, 1527006, 1, 4096, 0
280, 1171279, 1, 4096, 0
281, 1897910, 1, 4096, 0
281, 1917775, 1, 4096, 0
281, 1088097, 1, 4096, 0
281, 1938751, 1, 4096, 0
282, 2886591, 1, 4096, 0
282, 1516146, 1, 4096, 0
283, 2342867, 1, 4096, 0
283, 1958431, 1, 4096, 0
283, 1962578, 1, 4096, 0
284, 2909079, 1, 4096, 0
284, 2817465, 1, 4096, 0
284, 1863902, 1, 4096, 0
284, 1417752, 1, 4096, 0
285, 1210292, 1, 4096, 0
285, 1662233, 1, 4096, 0
286, 2389107, 1, 4096, 0
286, 2397136, 1, 4096, 0
286, 2001621, 1, 4096, 0
286, 1473892, 1, 4096, 0
287, 2900153, 1, 4096, 0
288, 1223579, 1, 4096, 0
288, 1777610, 1, 4096, 0
288, 1565136, 1, 4096, 0
288, 2700759, 1, 4096, 0
289, 2930040, 1, 4096, 0
289, 1714411, 1, 4096, 0
289, 1538594, 1, 4096, 0
289, 1792509, 1, 4096, 0
290, 1857156, 1, 4096, 0
290, 1230277, 1, 4096, 0
290, 1939354, 1, 4096, 0
290, 1641628, 1, 4096, 0
290, 1221569, 1, 4096, 0
291, 1456253, 1, 4096, 0
292, 1948210, 1, 4096, 0
292, 2567733, 1, 4096, 0
292, 2796890, 1, 4096, 0
293, 2705343, 1, 4096, 0
293, 1814745, 1, 4096, 0
293, 2959222, 1, 4096, 0
294, 1485451, 1, 4096, 0
294, 1723290, 1, 4096, 0
294, 2420197, 1, 4096, 0
295, 1775570, 1, 4096, 0
295, 1461781, 1, 4096, 0
295, 1970663, 1, 4096, 0
295, 1709646, 1, 4096, 0
295, 1659847, 1, 4096, 0
296, 1762104, 1, 4096, 0
297, 1798900, 1, 4096, 0
297, 1882208, 1, 4096, 0
297, 2262076, 1, 4096, 0
298, 2063715, 1, 4096, 0
298, 2557788, 1, 4096, 0
299, 2378965, 1, 4096, 0
299, 2211614, 1, 4096, 0
299, 1711513, 1, 4096, 0
300, 2096897, 1, 4096, 0
300, 2716973, 1, 4096, 0
300, 2529950, 1, 4096, 0
301, 2207246, 1, 4096, 0
301, 1837920, 1, 4096, 0
301, 2204831, 1, 4096, 0
301, 2222118, 1, 4096, 0
302, 1924104, 1, 4096, 0
302, 1756347, 1, 4096, 0
303, 2056024, 1, 4096, 0
303, 1758681, 1, 4096, 0
303, 1384955, 1, 4096, 0
303, 1867327, 1, 4096, 0
304, 2143765, 1, 4096, 0
304, 2011200, 1, 4096, 0
305, 1497338, 1, 4096, 0
305, 1992804, 1, 4096, 0
305, 2147593, 1, 4096, 0
306, 2303081, 1, 4096, 0
306, 2053433, 1, 4096, 0
306, 2285881, 1, 4096, 0
307, 1821342, 1, 4096, 0
307, 1754698, 1, 4096, 0
307, 1539104, 1, 4096, 0
308, 1669980, 1, 4096, 0
308, 2820227, 1, 4096, 0
308, 2769209, 1, 4096, 0
309, 2705604, 1, 4096, 0
309, 2793745, 1, 4096, 0
310, 1531374, 1, 4096, 0
310, 1705344, 1, 4096, 0
310, 3291071, 1, 4096, 0
311, 3134511, 1, 4096, 0
311, 1876200, 1, 4096, 0
312, 2638114, 1, 4096, 0
312, 2068224, 1, 4096, 0
313, 2865096, 1, 4096, 0
313, 2404687, 1, 4096, 0
314, 2813852, 1, 4096, 0
314, 2384273, 1, 4096, 0
314, 1469330, 1, 4096, 0
314, 1767793, 1, 4096, 0
314, 1526939, 1, 4096, 0
315, 1773940, 1, 4096, 0
315, 1956224, 1, 4096, 0
316, 2166499, 1, 4096, 0
316, 2469079, 1, 4096, 0
317, 1954443, 1, 4096, 0
318, 2489143, 1, 4096, 0
318, 4305015, 1, 4096, 0
318, 3627822, 1, 4096, 0
318, 2429036, 1, 4096, 0
319, 4559661, 1, 4096, 0
319, 1792521, 1, 4096, 0
320, 1467268, 1, 4096, 0
320, 1453106, 1, 4096, 0
320, 1787688, 1, 4096, 0
320, 1562407, 1, 4096, 0
321, 1487446, 1, 4096, 0
321, 3268224, 1, 4096, 0
322, 2192464, 1, 4096, 0
322, 2484041, 1, 4096, 0
322, 2182938, 1, 4096, 0
322, 1784440, 1, 4096, 0
323, 2462834, 1, 4096, 0
324, 1439353, 1, 4096, 0
324, 2077655, 1, 4096, 0
324, 1667972, 1, 4096, 0
324, 1672547, 1, 4096, 0
324, 2255920, 1, 4096, 0
325, 1560009, 1, 4096, 0
325, 1303261, 1, 4096, 0
325, 1350049, 1, 4096, 0
325, 1021983, 1, 4096, 0
326, 2512210, 1, 4096, 0
326, 1017544, 1, 4096, 0
327, 3118080, 1, 4096, 0
327, 1625855, 1, 4096, 0
327, 1457253, 1, 4096, 0
327, 1771628, 1, 4096, 0
327, 1077790, 1, 4096, 0
328, 1966546, 1, 4096, 0
328, 1130425, 1, 4096, 0
329, 1787794, 1, 4096, 0
329, 2324801, 1, 4096, 0
330, 3064855, 1, 4096, 0
332, 1589020, 1, 4096, 0
332, 1652347, 1, 4096, 0
332, 1829255, 1, 4096, 0
332, 1842003, 1, 4096, 0
333, 2018696, 1, 4096, 0
334, 1294024, 1, 4096, 0
334, 2062511, 1, 4096, 0
334, 3707903, 1, 4096, 0
334, 1676070, 1, 4096, 0
334, 1895198, 1, 4096, 0
335, 2475107, 1, 4096, 0
335, 1370951, 1, 4096, 0
336, 1555838, 1, 4096, 0
336, 1670782, 1, 4096, 0
336, 1328924, 1, 4096, 0
336, 1781677, 1, 4096, 0
336, 2291725, 1, 4096, 0
338, 2794570, 1, 4096, 0
338, 1584804, 1, 4096, 0
339, 2747047, 1, 4096, 0
339, 3143971, 1, 4096, 0
339, 3185042, 1, 4096, 0
339, 3377622, 1, 4096, 0
340, 1614237, 1, 4096, 0
340, 1239966, 1, 4096, 0
340, 1414369, 1, 4096, 0
341, 1297342, 1, 4096, 0
341, 1380273, 1, 4096, 0
341, 1190648, 1, 4096, 0
342, 1778870, 1, 4096, 0
342, 1662161, 1, 4096, 0
342, 1531732, 1, 4096, 0
342, 4369336, 1, 4096, 0
343, 1070972, 1, 4096, 0
343, 2174217, 1, 4096, 0
343, 1207422, 1, 4096, 0
343, 2536577, 1, 4096, 0
344, 1816009, 1, 4096, 0
344, 1775874, 1, 4096, 0
344, 1620839, 1, 4096, 0
344, 1814863, 1, 4096, 0
345, 1369569, 1, 4096, 0
345, 1482806, 1, 4096, 0
346, 1611356, 1, 4096, 0
346, 1385850, 1, 4096, 0
346, 1989130, 1, 4096, 0
346, 1531449, 1, 4096, 0
347, 2264790, 1, 4096, 0
348, 1681420, 1, 4096, 0
348, 1671889, 1, 4096, 0
348, 1800334, 1, 4096, 0
349, 2938903, 1, 4096, 0
349, 3814477, 1, 4096, 0
349, 2312194, 1, 4096, 0
349, 1878796, 1, 4096, 0
350, 1980710, 1, 4096, 0
350, 2354304, 1, 4096, 0
350, 1076090, 1, 4096, 0
351, 1346573, 1, 4096, 0
351, 2487839, 1, 4096, 0
351, 2508290, 1, 4096, 0
351, 1461016, 1, 4096, 0
352, 1577937, 1, 4096, 0
352, 1328310, 1, 4096, 0
353, 2643049, 1, 4096, 0
353, 1712824, 1, 4096, 0
353, 2133807, 1, 4096, 0
354, 1495571, 1, 4096, 0
354, 2483691, 1, 4096, 0
354, 1585812, 1, 4096, 0
355, 2495683, 1, 4096, 0
355, 1358258, 1, 4096, 0
355, 1598383, 1, 4096, 0
355, 1507259, 1, 4096, 0
356, 3236929, 1, 4096, 0
356, 1879564, 1, 4096, 0
357, 2086964, 1, 4096, 0
357, 2535710, 1, 4096, 0
357, 2247245, 1, 4096, 0
357, 1500008, 1, 4096, 0
358, 1716728, 1, 4096, 0
358, 2986485, 1, 4096, 0
359, 1909861, 1, 4096, 0
359, 1721061, 1, 4096, 0
359, 976563, 1, 4096, 0
359, 1486675, 1, 4096, 0
359, 1965726, 1, 4096, 0
359, 2080785, 1, 4096, 0
360, 1497495, 1, 4096, 0
361, 2071560, 1, 4096, 0
361, 1829315, 1, 4096, 0
361, 1511345, 1, 4096, 0
361, 1949191, 1, 4096, 0
361, 1907779, 1, 4096, 0
363, 1550446, 1, 4096, 0
363, 2457513, 1, 4096, 0
363, 1512958, 1, 4096, 0
363, 1819897, 1, 4096, 0
363, 1896175, 1, 4096, 0
363, 1831358, 1, 4096, 0
364, 1683978, 1, 4096, 0
365, 2351279, 1, 4096, 0
365, 2670915, 1, 4096, 0
365, 2688640, 1, 4096, 0
365, 2576690, 1, 4096, 0
366, 1570573, 1, 4096, 0
367, 2146433, 1, 4096, 0
367, 4056351, 1, 4096, 0
367, 1832954, 1, 4096, 0
367, 2095974, 1, 4096, 0
368, 2112428, 1, 4096, 0
368, 1520168, 1, 4096, 0
368, 2003677, 1, 4096, 0
369, 1973401, 1, 4096, 0
369, 2022630, 1, 4096, 0
370, 1666527, 1, 4096, 0
370, 2362498, 1, 4096, 0
371, 2287894, 1, 4096, 0
371, 3871482, 1, 4096, 0
371, 1996199, 1, 4096, 0
371, 2012229, 1, 4096, 0
372, 1696176, 1, 4096, 0
372, 1705647, 1, 4096, 0
373, 1752611, 1, 4096, 0
374, 1992795, 1, 4096, 0
374, 2404949, 1, 4096, 0
374, 2885773, 1, 4096, 0
374, 2464972, 1, 4096, 0
374, 3461195, 1, 4096, 0
375, 1540167, 1, 4096, 0
375, 2162047, 1, 4096, 0
376, 1725302, 1, 4096, 0
376, 2125912, 1, 4096, 0
376, 1702646, 1, 4096, 0
376, 2386817, 1, 4096, 0
377, 2139803, 1, 4096, 0
377, 2113553, 1, 4096, 0
378, 1724949, 1, 4096, 0
378, 1516442, 1, 4096, 0
378, 2296050, 1, 4096, 0
379, 1253978, 1, 4096, 0
379, 3405475, 1, 4096, 0
379, 2058145, 1, 4096, 0
380, 1871011, 1, 4096, 0
380, 1942747, 1, 4096, 0
381, 1521279, 1, 4096, 0
381, 2941977, 1, 4096, 0
381, 1656779, 1, 4096, 0
382, 1471585, 1, 4096, 0
382, 3879470, 1, 4096, 0
382, 2881004, 1, 4096, 0
383, 1267371, 1, 4096, 0
383, 2299007, 1, 4096, 0
383, 2475157, 1, 4096, 0
383, 2335543, 1, 4096, 0
384, 1693292, 1, 4096, 0
385, 2211925, 1, 4096, 0
385, 1382297, 1, 4096, 0
385, 1601823, 1, 4096, 0
385, 1653018, 1, 4096, 0
385, 2293826, 1, 4096, 0
386, 1842258, 1, 4096, 0
386, 1319851, 1, 4096, 0
386, 1333957, 1, 4096, 0
387, 1652778, 1, 4096, 0
387, 1552437, 1, 4096, 0
387, 1408860, 1, 4096, 0
387, 1430628, 1, 4096, 0
387, 2480907, 1, 4096, 0
388, 2025496, 1, 4096, 0
388, 1569928, 1, 4096, 0
389, 1530790, 1, 4096, 0
389, 2616700, 1, 4096, 0
389, 1795543, 1, 4096, 0
389, 2080888, 1, 4096, 0
390, 1929135, 1, 4096, 0
391, 1352721, 1, 4096, 0
391, 1890804, 1, 4096, 0
391, 1742499, 1, 4096, 0
391, 2328995, 1, 4096, 0
392, 3255959, 1, 4096, 0
392, 2076306, 1, 4096, 0
392, 1815873, 1, 4096, 0
392, 1170955, 1, 4096, 0
393, 1848749, 1, 4096, 0
393, 1860161, 1, 4096, 0
393, 1169992, 1, 4096, 0
393, 1839311, 1, 4096, 0
394, 1189722, 1, 4096, 0
394, 1899070, 1, 4096, 0
394, 1999538, 1, 4096, 0
395, 1660650, 1, 4096, 0
395, 1545155, 1, 4096, 0
395, 1875604, 1, 4096, 0
395, 1323281, 1, 4096, 0
396, 1893869, 1, 4096, 0
396, 1477705, 1, 4096, 0
396, 1775417, 1, 4096, 0
397, 1978294, 1, 4096, 0
397, 1470265, 1, 4096, 0
397, 2052892, 1, 4096, 0
398, 1584655, 1, 4096, 0
398, 1687920, 1, 4096, 0
398, 1691159, 1, 4096, 0
398, 1156187, 1, 4096, 0
399, 1323143, 1, 4096, 0
399, 2488687, 1, 4096, 0
399, 1375631, 1, 4096, 0
400, 1632952, 1, 4096, 0
400, 1778878, 1, 4096, 0
401, 1167981, 1, 4096, 0
401, 1667524, 1, 4096, 0
401, 2957345, 1, 4096, 0
401, 2345584, 1, 4096, 0
401, 2035411, 1, 4096, 0
401, 1904238, 1, 4096, 0
402, 1167558, 1, 4096, 0
403, 1824216, 1, 4096, 0
403, 1218458, 1, 4096, 0
403, 1832114, 1, 4096, 0
403, 2303956, 1, 4096, 0
404, 1428472, 1, 4096, 0
405, 1491421, 1, 4096, 0
405, 2456841, 1, 4096, 0
405, 2697707, 1, 4096, 0
405, 3834301, 1, 4096, 0
406, 3006636, 1, 4096, 0
406, 1554531, 1, 4096, 0
406, 1617421, 1, 4096, 0
407, 1916455, 1, 4096, 0
407, 1917751, 1, 4096, 0
407, 2047458, 1, 4096, 0
407, 1612593, 1, 4096, 0
407, 1689378, 1, 4096, 0
408, 1430264, 1, 4096, 0
409, 2394168, 1, 4096, 0
409, 1492278, 1, 4096, 0
409, 1905931, 1, 4096, 0
409, 2183111, 1, 4096, 0
409, 2145902, 1, 4096, 0
410, 1807241, 1, 4096, 0
411, 2239608, 1, 4096, 0
411, 1977330, 1, 4096, 0
411, 1497430, 1, 4096, 0
411, 2623690, 1, 4096, 0
412, 1041926, 1, 4096, 0
412, 1155851, 1, 4096, 0
412, 1396800, 1, 4096, 0
412, 2531179, 1, 4096, 0
413, 1631866, 1, 4096, 0
413, 1646924, 1, 4096, 0
414, 1582925, 1, 4096, 0
414, 1984968, 1, 4096, 0
414, 2212990, 1, 4096, 0
414, 3471669, 1, 4096, 0
415, 2003583, 1, 4096, 0
415, 1425029, 1, 4096, 0
415, 2137558, 1, 4096, 0
416, 1820549, 1, 4096, 0
416, 1609444, 1, 4096, 0
416, 2812876, 1, 4096, 0
416, 1215915, 1, 4096, 0
418, 1479129, 1, 4096, 0
418, 2360998, 1, 4096, 0
418, 1559783, 1, 4096, 0
418, 2425033, 1, 4096, 0
418, 1347210, 1, 4096, 0
418, 1704473, 1, 4096, 0
419, 937892, 1, 4096, 0
419, 1332449, 1, 4096, 0
419, 1742952, 1, 4096, 0
420, 2064898, 1, 4096, 0
420, 1727726, 1, 4096, 0
420, 2286175, 1, 4096, 0
420, 1255793, 1, 4096, 0
421, 1870797, 1, 4096, 0
421, 1663440, 1, 4096, 0
422, 991484, 1, 4096, 0
422, 1630452, 1, 4096, 0
422, 2597094, 1, 4096, 0
423, 2731209, 1, 4096, 0
423, 3249216, 1, 4096, 0
423, 3376291, 1, 4096, 0
424, 1296843, 1, 4096, 0
424, 1531510, 1, 4096, 0
424, 1601689, 1, 4096, 0
425, 2028134, 1, 4096, 0
425, 2295061, 1, 4096, 0
425, 1267425, 1, 4096, 0
425, 1787552, 1, 4096, 0
425, 1478836, 1, 4096, 0
426, 2005607, 1, 4096, 0
426, 1210825, 1, 4096, 0
426, 1830268, 1, 4096, 0
426, 1842682, 1, 4096, 0
427, 2059029, 1, 4096, 0
427, 1975479, 1, 4096, 0
428, 1283617, 1, 4096, 0
428, 1713130, 1, 4096, 0
428, 1814073, 1, 4096, 0
429, 2119056, 1, 4096, 0
429, 1365434, 1, 4096, 0
429, 1901016, 1, 4096, 0
429, 1689578, 1, 4096, 0
430, 2079805, 1, 4096, 0
430, 2231047, 1, 4096, 0
430, 1156787, 1, 4096, 0
431, 2602738, 1, 4096, 0
431, 2619617, 1, 4096, 0
431, 1179224, 1, 4096, 0
432, 1052161, 1, 4096, 0
433, 2591415, 1, 4096, 0
433, 2462449, 1, 4096, 0
433, 1495279, 1, 4096, 0
433, 1910903, 1, 4096, 0
433, 3783220, 1, 4096, 0
434, 2072151, 1, 4096, 0
434, 1777065, 1, 4096, 0
435, 1946672, 1, 4096, 0
435, 1672336, 1, 4096, 0
435, 2183098, 1, 4096, 0
436, 1629773, 1, 4096, 0
436, 2999149, 1, 4096, 0
436, 1088618, 1, 4096, 0
436, 1363959, 1, 4096, 0
437, 1832464, 1, 4096, 0
437, 2412640, 1, 4096, 0
438, 1608885, 1, 4096, 0
438, 1599415, 1, 4096, 0
438, 1855015, 1, 4096, 0
438, 1441333, 1, 4096, 0
438, 2013583, 1, 4096, 0
439, 1994257, 1, 4096, 0
439, 1415984, 1, 4096, 0
440, 1911328, 1, 4096, 0
440, 1397336, 1, 4096, 0
440, 2395653, 1, 4096, 0
441, 2252023, 1, 4096, 0
441, 2538794, 1, 4096, 0
441, 1844476, 1, 4096, 0
442, 2121538, 1, 4096, 0
442, 2310083, 1, 4096, 0
443, 2303419, 1, 4096, 0
443, 2314584, 1, 4096, 0
443, 1439622, 1, 4096, 0
444, 1182222, 1, 4096, 0
444, 1174131, 1, 4096, 0
445, 3390300, 1, 4096, 0
445, 3612927, 1, 4096, 0
445, 3135453, 1, 4096, 0
445, 1409162, 1, 4096, 0
445, 2266099, 1, 4096, 0
446, 1454343, 1, 4096, 0
446, 2227820, 1, 4096, 0
447, 1549186, 1, 4096, 0
447, 1705062, 1, 4096, 0
447, 1578225, 1, 4096, 0
447, 2215717, 1, 4096, 0
448, 1439667, 1, 4096, 0
448, 1519730, 1, 4096, 0
448, 1956676, 1, 4096, 0
449, 2726894, 1, 4096, 0
450, 2359538, 1, 4096, 0
450, 1561293, 1, 4096, 0
450, 2141425, 1, 4096, 0
450, 1125194, 1, 4096, 0
450, 2295205, 1, 4096, 0
450, 3705891, 1, 4096, 0
451, 1149930, 1, 4096, 0
451, 1273419, 1, 4096, 0
452, 2022677, 1, 4096, 0
452, 1866031, 1, 4096, 0
452, 1865895, 1, 4096, 0
453, 2014238, 1, 4096, 0
453, 1990372, 1, 4096, 0
453, 3118866, 1, 4096, 0
454, 1481565, 1, 4096, 0
454, 1908883, 1, 4096, 0
454, 1925764, 1, 4096, 0
455, 1123934, 1, 4096, 0
456, 1838008, 1, 4096, 0
456, 1614981, 1, 4096, 0
456, 2953518, 1, 4096, 0
456, 3172921, 1, 4096, 0
457, 3546241, 1, 4096, 0
458, 1629007, 1, 4096, 0
458, 1945787, 1, 4096, 0
458, 1447276, 1, 4096, 0
458, 1556697, 1, 4096, 0
458, 3043711, 1, 4096, 0
459, 1465895, 1, 4096, 0
459, 3546601, 1, 4096, 0
459, 1649387, 1, 4096, 0
459, 1434929, 1, 4096, 0
460, 2418340, 1, 4096, 0
460, 2118237, 1, 4096, 0
461, 1747851, 1, 4096, 0
461, 1695555, 1, 4096, 0
462, 2475108, 1, 4096, 0
462, 1032280, 1, 4096, 0
462, 2938297, 1, 4096, 0
463, 2224748, 1, 4096, 0
463, 2379621, 1, 4096, 0
464, 1750976, 1, 4096, 0
464, 1821284, 1, 4096, 0
464, 3223003, 1, 4096, 0
464, 2722999, 1, 4096, 0
464, 1697051, 1, 4096, 0
465, 1189692, 1, 4096, 0
466, 1388070, 1, 4096, 0
466, 3100597, 1, 4096, 0
466, 1459454, 1, 4096, 0
466, 2176806, 1, 4096, 0
467, 2214819, 1, 4096, 0
467, 1811649, 1, 4096, 0
467, 1736605, 1, 4096, 0
468, 1811602, 1, 4096, 0
469, 2208562, 1, 4096, 0
469, 2237601, 1, 4096, 0
469, 1706389, 1, 4096, 0
470, 1932699, 1, 4096, 0
471, 2067170, 1, 4096, 0
471, 2188143, 1, 4096, 0
471, 1787563, 1, 4096, 0
472, 1804066, 1, 4096, 0
473, 1577301, 1, 4096, 0
475, 4317677, 1, 4096, 0
475, 3427303, 1, 4096, 0
476, 9668337, 1, 4096, 0
476, 9773156, 1, 4096, 0
476, 3275754, 1, 4096, 0
477, 1276699, 1, 4096, 0
478, 6723524, 1, 4096, 0
478, 2077918, 1, 4096, 0
478, 1990885, 1, 4096, 0
478, 2006748, 1, 4096, 0
478, 2625758, 1, 4096, 0
479, 1425992, 1, 4096, 0
479, 2383586, 1, 4096, 0
480, 1993758, 1, 4096, 0
480, 2256015, 1, 4096, 0
480, 2040496, 1, 4096, 0
480, 2394875, 1, 4096, 0
480, 1217069, 1, 4096, 0
482, 1843535, 1, 4096, 0
482, 1999689, 1, 4096, 0
483, 3544841, 1, 4096, 0
483, 2902489, 1, 4096, 0
483, 3263032, 1, 4096, 0
484, 3708610, 1, 4096, 0
485, 1958181, 1, 4096, 0
485, 2790466, 1, 4096, 0
485, 2321689, 1, 4096, 0
485, 1562454, 1, 4096, 0
486, 1596266, 1, 4096, 0
486, 1508495, 1, 4096, 0
486, 3512168, 1, 4096, 0
486, 2509510, 1, 4096, 0
487, 2164690, 1, 4096, 0
487, 2437890, 1, 4096, 0
488, 2094418, 1, 4096, 0
488, 2079188, 1, 4096, 0
488, 2150568, 1, 4096, 0
489, 2373631, 1, 4096, 0
489, 2119644, 1, 4096, 0
489, 1900441, 1, 4096, 0
490, 1437663, 1, 4096, 0
490, 1784570, 1, 4096, 0
491, 2193741, 1, 4096, 0
491, 2014848, 1, 4096, 0
491, 1613894, 1, 4096, 0
492, 1036673, 1, 4096, 0
492, 1583185, 1, 4096, 0
492, 3431392, 1, 4096, 0
492, 3754169, 1, 4096, 0
493, 1756556, 1, 4096, 0
493, 1319183, 1, 4096, 0
493, 1850183, 1, 4096, 0
494, 1993829, 1, 4096, 0
494, 1649708, 1, 4096, 0
494, 1671619, 1, 4096, 0
494, 1720066, 1, 4096, 0
495, 1335504, 1, 4096, 0
495, 1695314, 1, 4096, 0
495, 1385864, 1, 4096, 0
496, 2818423, 1, 4096, 0
496, 1864696, 1, 4096, 0
496, 1728583, 1, 4096, 0
496, 1020216, 1, 4096, 0
497, 1687061, 1, 4096, 0
498, 2171723, 1, 4096, 0
498, 1953504, 1, 4096, 0
498, 3509524, 1, 4096, 0
499, 2706890, 1, 4096, 0
499, 1752323, 1, 4096, 0
500, 3357747, 1, 4096, 0
500, 2078516, 1, 4096, 0
500, 2136528, 1, 4096, 0
501, 3434034, 1, 4096, 0
501, 2150701, 1, 4096, 0
501, 2054827, 1, 4096, 0
501, 1851568, 1, 4096, 0
502, 1567802, 1, 4096, 0
502, 1638385, 1, 4096, 0
503, 1886066, 1, 4096, 0
503, 1228583, 1, 4096, 0
503, 2100657, 1, 4096, 0
504, 2088359, 1, 4096, 0
504, 2264823, 1, 4096, 0
504, 1319222, 1, 4096, 0
504, 1535184, 1, 4096, 0
505, 2404117, 1, 4096, 0
506, 1792021, 1, 4096, 0
506, 2251810, 1, 4096, 0
506, 2118161, 1, 4096, 0
507, 3325012, 1, 4096, 0
507, 2988512, 1, 4096, 0
507, 2566895, 1, 4096, 0
507, 1453631, 1, 4096, 0
507, 1578381, 1, 4096, 0
508, 2434626, 1, 4096, 0
509, 1575275, 1, 4096, 0
509, 1869453, 1, 4096, 0
509, 2193993, 1, 4096, 0
509, 2202448, 1, 4096, 0
510, 1407518, 1, 4096, 0
510, 2047573, 1, 4096, 0
510, 1605193, 1, 4096, 0
511, 3673334, 1, 4096, 0
511, 1949068, 1, 4096, 0
511, 1762089, 1, 4096, 0
512, 1150541, 1, 4096, 0
512, 1559797, 1, 4096, 0
512, 1644675, 1, 4096, 0
513, 1666403, 1, 4096, 0
513, 1988831, 1, 4096, 0
513, 2607666, 1, 4096, 0
514, 1994044, 1, 4096, 0
514, 1907439, 1, 4096, 0
514, 2001025, 1, 4096, 0
515, 1388831, 1, 4096, 0
515, 2189340, 1, 4096, 0
516, 1947448, 1, 4096, 0
516, 2135732, 1, 4096, 0
516, 2267954, 1, 4096, 0
517, 3586791, 1, 4096, 0
518, 1612359, 1, 4096, 0
518, 2857146, 1, 4096, 0
518, 2287332, 1, 4096, 0
518, 2402193, 1, 4096, 0
518, 2985485, 1, 4096, 0
519, 2168621, 1, 4096, 0
519, 1351893, 1, 4096, 0
519, 1261958, 1, 4096, 0
519, 1745187, 1, 4096, 0
521, 1845699, 1, 4096, 0
521, 2870778, 1, 4096, 0
521, 2411300, 1, 4096, 0
521, 3020839, 1, 4096, 0
522, 2153484, 1, 4096, 0
522, 2360959, 1, 4096, 0
523, 1264244, 1, 4096, 0
523, 2601334, 1, 4096, 0
524, 2191627, 1, 4096, 0
524, 2527480, 1, 4096, 0
524, 3042447, 1, 4096, 0
525, 2979880, 1, 4096, 0
525, 2134039, 1, 4096, 0
525, 1727470, 1, 4096, 0
525, 1754096, 1, 4096, 0
526, 1833538, 1, 4096, 0
526, 1080780, 1, 4096, 0
526, 2336049, 1, 4096, 0
527, 1667682, 1, 4096, 0
527, 1453863, 1, 4096, 0
528, 2564581, 1, 4096, 0
528, 2106281, 1, 4096, 0
528, 1869938, 1, 4096, 0
528, 2703069, 1, 4096, 0
529, 1829526, 1, 4096, 0
530, 1533626, 1, 4096, 0
530, 2021944, 1, 4096, 0
530, 2190944, 1, 4096, 0
530, 3331989, 1, 4096, 0
530, 2780410, 1, 4096, 0
531, 2216317, 1, 4096, 0
532, 1729381, 1, 4096, 0
532, 2016372, 1, 4096, 0
532, 2100263, 1, 4096, 0
532, 1848602, 1, 4096, 0
532, 1752227, 1, 4096, 0
533, 1496285, 1, 4096, 0
533, 2227079, 1, 4096, 0
533, 1295413, 1, 4096, 0
534, 1974580, 1, 4096, 0
535, 2708269, 1, 4096, 0
535, 1604306, 1, 4096, 0
535, 1479122, 1, 4096, 0
535, 3100178, 1, 4096, 0
535, 2186093, 1, 4096, 0
536, 2183458, 1, 4096, 0
537, 1379706, 1, 4096, 0
537, 2128430, 1, 4096, 0
537, 2085792, 1, 4096, 0
537, 2302602, 1, 4096, 0
538, 2532256, 1, 4096, 0
538, 2147909, 1, 4096, 0
538, 1421603, 1, 4096, 0
539, 1578258, 1, 4096, 0
539, 1547887, 1, 4096, 0
539, 1376004, 1, 4096, 0
540, 2436328, 1, 4096, 0
540, 1793960, 1, 4096, 0
540, 2630015, 1, 4096, 0
540, 1504803, 1, 4096, 0
541, 2160796, 1, 4096, 0
541, 1733434, 1, 4096, 0
541, 1650164, 1, 4096, 0
542, 1812021, 1, 4096, 0
542, 1684912, 1, 4096, 0
542, 1263500, 1, 4096, 0
542, 1707644, 1, 4096, 0
542, 1531902, 1, 4096, 0
543, 1525086, 1, 4096, 0
544, 2383093, 1, 4096, 0
544, 1905644, 1, 4096, 0
545, 2861299, 1, 4096, 0
545, 2249915, 1, 4096, 0
545, 2665753, 1, 4096, 0
546, 1975875, 1, 4096, 0
546, 1560425, 1, 4096, 0
546, 1614113, 1, 4096, 0
546, 1603543, 1, 4096, 0
547, 3189309, 1, 4096, 0
548, 2310916, 1, 4096, 0
548, 2609366, 1, 4096, 0
548, 3673522, 1, 4096, 0
548, 1712472, 1, 4096, 0
548, 2036298, 1, 4096, 0
549, 2621533, 1, 4096, 0
549, 1196516, 1, 4096, 0
550, 1652518, 1, 4096, 0
550, 1504879, 1, 4096, 0
550, 1799489, 1, 4096, 0
550, 1303796, 1, 4096, 0
550, 1993971, 1, 4096, 0
550, 1559096, 1, 4096, 0
552, 1259914, 1, 4096, 0
553, 951396, 1, 4096, 0
553, 2669393, 1, 4096, 0
553, 3200283, 1, 4096, 0
553, 2986333, 1, 4096, 0
554, 979735, 1, 4096, 0
554, 4104548, 1, 4096, 0
554, 3730253, 1, 4096, 0
554, 1741565, 1, 4096, 0
555, 1965864, 1, 4096, 0
555, 2334880, 1, 4096, 0
555, 1363381, 1, 4096, 0
556, 1876037, 1, 4096, 0
556, 1508172, 1, 4096, 0
556, 1441742, 1, 4096, 0
557, 1354719, 1, 4096, 0
557, 1319171, 1, 4096, 0
558, 2386327, 1, 4096, 0
558, 2748290, 1, 4096, 0
558, 2642753, 1, 4096, 0
559, 3045876, 1, 4096, 0
559, 1986136, 1, 4096, 0
559, 2272243, 1, 4096, 0
560, 1820165, 1, 4096, 0
560, 1749873, 1, 4096, 0
561, 1447833, 1, 4096, 0
561, 2160946, 1, 4096, 0
561, 2000393, 1, 4096, 0
561, 1149442, 1, 4096, 0
561, 2709606, 1, 4096, 0
562, 1563795, 1, 4096, 0
562, 1571033, 1, 4096, 0
562, 1749220, 1, 4096, 0
563, 1867172, 1, 4096, 0
563, 1719427, 1, 4096, 0
564, 1530428, 1, 4096, 0
564, 1997631, 1, 4096, 0
564, 1918136, 1, 4096, 0
565, 2125784, 1, 4096, 0
565, 1828270, 1, 4096, 0
565, 4624567, 1, 4096, 0
565, 1426639, 1, 4096, 0
566, 1760446, 1, 4096, 0
566, 2177438, 1, 4096, 0
567, 2590449, 1, 4096, 0
567, 2619071, 1, 4096, 0
567, 1872713, 1, 4096, 0
568, 2481431, 1, 4096, 0
568, 1894015, 1, 4096, 0
568, 1880341, 1, 4096, 0
569, 1605281, 1, 4096, 0
569, 1966945, 1, 4096, 0
569, 2004476, 1, 4096, 0
569, 1689114, 1, 4096, 0
570, 2005543, 1, 4096, 0
571, 1278548, 1, 4096, 0
571, 2585702, 1, 4096, 0
571, 1607395, 1, 4096, 0
572, 2622207, 1, 4096, 0
572, 2315059, 1, 4096, 0
572, 2194602, 1, 4096, 0
572, 1583188, 1, 4096, 0
572, 1859429, 1, 4096, 0
573, 1838056, 1, 4096, 0
573, 1450000, 1, 4096, 0
573, 1862930, 1, 4096, 0
574, 2446952, 1, 4096, 0
574, 1473152, 1, 4096, 0
574, 2020032, 1, 4096, 0
575, 2276118, 1, 4096, 0
575, 1362039, 1, 4096, 0
575, 1221529, 1, 4096, 0
576, 2136680, 1, 4096, 0
576, 1912718, 1, 4096, 0
576, 1960384, 1, 4096, 0
577, 1890007, 1, 4096, 0
577, 1473006, 1, 4096, 0
577, 2661310, 1, 4096, 0
578, 1704092, 1, 4096, 0
578, 2338605, 1, 4096, 0
578, 1495309, 1, 4096, 0
578, 1852676, 1, 4096, 0
579, 1925629, 1, 4096, 0
579, 1885085, 1, 4096, 0
580, 1630763, 1, 4096, 0
580, 1203997, 1, 4096, 0
580, 1950700, 1, 4096, 0
580, 2056618, 1, 4096, 0
580, 1405758, 1, 4096, 0
581, 1695287, 1, 4096, 0
581, 1480249, 1, 4096, 0
582, 1930104, 1, 4096, 0
582, 1735890, 1, 4096, 0
582, 2336566, 1, 4096, 0
582, 2481447, 1, 4096, 0
582, 1589966, 1, 4096, 0
583, 1875477, 1, 4096, 0
584, 2496597, 1, 4096, 0
584, 1871041, 1, 4096, 0
584, 2016681, 1, 4096, 0
584, 2240263, 1, 4096, 0
584, 2055386, 1, 4096, 0
586, 1476558, 1, 4096, 0
586, 1455154, 1, 4096, 0
586, 1546592, 1, 4096, 0
586, 1988360, 1, 4096, 0
587, 3042565, 1, 4096, 0
587, 3915841, 1, 4096, 0
587, 1387654, 1, 4096, 0
588, 1963275, 1, 4096, 0
588, 2508472, 1, 4096, 0
589, 2970873, 1, 4096, 0
590, 2927800, 1, 4096, 0
590, 2284385, 1, 4096, 0
590, 2182722, 1, 4096, 0
590, 2826229, 1, 4096, 0
590, 1938940, 1, 4096, 0
591, 2118159, 1, 4096, 0
591, 1527645, 1, 4096, 0
591, 1518196, 1, 4096, 0
592, 2292570, 1, 4096, 0
592, 1672176, 1, 4096, 0
592, 1959897, 1, 4096, 0
593, 1638789, 1, 4096, 0
593, 1180167, 1, 4096, 0
594, 1691810, 1, 4096, 0
594, 3052191, 1, 4096, 0
594, 3033474, 1, 4096, 0
594, 2349482, 1, 4096, 0
595, 1088904, 1, 4096, 0
595, 1663744, 1, 4096, 0
595, 2233183, 1, 4096, 0
596, 1423053, 1, 4096, 0
596, 1875843, 1, 4096, 0
597, 2571306, 1, 4096, 0
597, 2462314, 1, 4096, 0
598, 2804738, 1, 4096, 0
598, 1905699, 1, 4096, 0
598, 2700742, 1, 4096, 0
598, 1591167, 1, 4096, 0
599, 2299043, 1, 4096, 0
599, 2938176, 1, 4096, 0
599, 1432202, 1, 4096, 0
600, 1736983, 1, 4096, 0
600, 1327307, 1, 4096, 0
601, 2525173, 1, 4096, 0
601, 1761563, 1, 4096, 0
601, 1297206, 1, 4096, 0
601, 1283493, 1, 4096, 0
601, 1955226, 1, 4096, 0
601, 1711490, 1, 4096, 0
602, 1353734, 1, 4096, 0
602, 1761609, 1, 4096, 0
603, 1542513, 1, 4096, 0
603, 1977968, 1, 4096, 0
603, 2125434, 1, 4096, 0
603, 1308346, 1, 4096, 0
604, 2483490, 1, 4096, 0
604, 1991691, 1, 4096, 0
605, 1760570, 1, 4096, 0
605, 1551137, 1, 4096, 0
605, 1786827, 1, 4096, 0
605, 1605977, 1, 4096, 0
606, 1611557, 1, 4096, 0
607, 1916060, 1, 4096, 0
607, 4190140, 1, 4096, 0
607, 2241974, 1, 4096, 0
607, 1523906, 1, 4096, 0
607, 2374085, 1, 4096, 0
608, 1463402, 1, 4096, 0
608, 2344187, 1, 4096, 0
608, 1896622, 1, 4096, 0
609, 2166111, 1, 4096, 0
609, 2072171, 1, 4096, 0
610, 1139722, 1, 4096, 0
610, 2383381, 1, 4096, 0
610, 1986999, 1, 4096, 0
610, 1849423, 1, 4096, 0
611, 1833341, 1, 4096, 0
612, 1972086, 1, 4096, 0
612, 2210146, 1, 4096, 0
612, 3132266, 1, 4096, 0
612, 2284601, 1, 4096, 0
613, 2882631, 1, 4096, 0
613, 2613202, 1, 4096, 0
614, 1950284, 1, 4096, 0
614, 1743906, 1, 4096, 0
615, 2759253, 1, 4096, 0
615, 2764641, 1, 4096, 0
616, 1961899, 1, 4096, 0
616, 1761475, 1, 4096, 0
616, 2942866, 1, 4096, 0
616, 2781179, 1, 4096, 0
617, 1370514, 1, 4096, 0
617, 2838274, 1, 4096, 0
617, 2610461, 1, 4096, 0
618, 1718126, 1, 4096, 0
618, 2141536, 1, 4096, 0
619, 2406023, 1, 4096, 0
619, 1572926, 1, 4096, 0
619, 1796114, 1, 4096, 0
620, 1814278, 1, 4096, 0
620, 2861741, 1, 4096, 0
621, 873771, 1, 4096, 0
621, 2624395, 1, 4096, 0
621, 1764747, 1, 4096, 0
621, 2217480, 1, 4096, 0
622, 3109483, 1, 4096, 0
622, 3601865, 1, 4096, 0
623, 1261463, 1, 4096, 0
623, 1407532, 1, 4096, 0
623, 2172409, 1, 4096, 0
623, 2085870, 1, 4096, 0
624, 1998089, 1, 4096, 0
624, 2213988, 1, 4096, 0
625, 2381622, 1, 4096, 0
626, 2377831, 1, 4096, 0
626, 2396964, 1, 4096, 0
626, 2017351, 1, 4096, 0
626, 2450511, 1, 4096, 0
626, 1087451, 1, 4096, 0
626, 2441051, 1, 4096, 0
627, 1564436, 1, 4096, 0
627, 1581897, 1, 4096, 0
627, 1182627, 1, 4096, 0
627, 1378625, 1, 4096, 0
627, 1725540, 1, 4096, 0
627, 1784946, 1, 4096, 0
629, 1231870, 1, 4096, 0
629, 1575239, 1, 4096, 0
629, 1442018, 1, 4096, 0
629, 1582843, 1, 4096, 0
629, 1758011, 1, 4096, 0
629, 2006909, 1, 4096, 0
630, 1582895, 1, 4096, 0
631, 1756770, 1, 4096, 0
631, 1729368, 1, 4096, 0
631, 2454017, 1, 4096, 0
631, 2804403, 1, 4096, 0
632, 2933725, 1, 4096, 0
633, 1688307, 1, 4096, 0
633, 2415305, 1, 4096, 0
633, 1997338, 1, 4096, 0
633, 1706751, 1, 4096, 0
634, 2143975, 1, 4096, 0
634, 1242667, 1, 4096, 0
634, 1465492, 1, 4096, 0
635, 3311577, 1, 4096, 0
635, 1736412, 1, 4096, 0
636, 2869496, 1, 4096, 0
636, 1866627, 1, 4096, 0
636, 2147675, 1, 4096, 0
636, 1744281, 1, 4096, 0
637, 2412640, 1, 4096, 0
637, 2099435, 1, 4096, 0
637, 1818641, 1, 4096, 0
638, 2227570, 1, 4096, 0
638, 1691258, 1, 4096, 0
638, 1878497, 1, 4096, 0
638, 1286944, 1, 4096, 0
639, 706497, 1, 4096, 0
639, 2102346, 1, 4096, 0
640, 1516477, 1, 4096, 0
640, 3486597, 1, 4096, 0
640, 1320384, 1, 4096, 0
641, 2496705, 1, 4096, 0
641, 2534122, 1, 4096, 0
641, 1396012, 1, 4096, 0
642, 2216887, 1, 4096, 0
642, 1681430, 1, 4096, 0
642, 1810132, 1, 4096, 0
643, 2000129, 1, 4096, 0
643, 1596989, 1, 4096, 0
643, 1551169, 1, 4096, 0
644, 1407781, 1, 4096, 0
645, 1006145, 1, 4096, 0
645, 3712857, 1, 4096, 0
645, 2569751, 1, 4096, 0
645, 1646329, 1, 4096, 0
645, 2374595, 1, 4096, 0
646, 1244295, 1, 4096, 0
646, 1326210, 1, 4096, 0
646, 3457830, 1, 4096, 0
646, 1595927, 1, 4096, 0
646, 1276951, 1, 4096, 0
647, 1654310, 1, 4096, 0
647, 1599234, 1, 4096, 0
648, 1965621, 1, 4096, 0
648, 1951610, 1, 4096, 0
648, 2046263, 1, 4096, 0
648, 2274317, 1, 4096, 0
648, 1849769, 1, 4096, 0
650, 1623039, 1, 4096, 0
650, 2644689, 1, 4096, 0
650, 2276137, 1, 4096, 0
650, 2341507, 1, 4096, 0
650, 1977728, 1, 4096, 0
651, 2193475, 1, 4096, 0
652, 1511055, 1, 4096, 0
652, 1986206, 1, 4096, 0
653, 1988017, 1, 4096, 0
653, 2735006, 1, 4096, 0
653, 2348609, 1, 4096, 0
653, 1244784, 1, 4096, 0
653, 3062315, 1, 4096, 0
654, 1359263, 1, 4096, 0
654, 1669004, 1, 4096, 0
654, 2021337, 1, 4096, 0
655, 1800456, 1, 4096, 0
655, 1176314, 1, 4096, 0
656, 1430436, 1, 4096, 0
656, 1425258, 1, 4096, 0
656, 3402902, 1, 4096, 0
656, 3408790, 1, 4096, 0
656, 1462921, 1, 4096, 0
656, 1207687, 1, 4096, 0
657, 1473446, 1, 4096, 0
657, 1610084, 1, 4096, 0
658, 1671928, 1, 4096, 0
658, 1745723, 1, 4096, 0
658, 1521438, 1, 4096, 0
659, 2718258, 1, 4096, 0
660, 2250312, 1, 4096, 0
660, 2292038, 1, 4096, 0
660, 2001438, 1, 4096, 0
660, 1948899, 1, 4096, 0
660, 2241492, 1, 4096, 0
661, 1601143, 1, 4096, 0
661, 1055236, 1, 4096, 0
662, 1909080, 1, 4096, 0
662, 1778627, 1, 4096, 0
662, 2256572, 1, 4096, 0
662, 2154400, 1, 4096, 0
663, 1466636, 1, 4096, 0
663, 2297099, 1, 4096, 0
663, 1863382, 1, 4096, 0
664, 1806682, 1, 4096, 0
664, 1665440, 1, 4096, 0
664, 2106416, 1, 4096, 0
664, 1479295, 1, 4096, 0
665, 1896044, 1, 4096, 0
665, 2212822, 1, 4096, 0
666, 2006474, 1, 4096, 0
666, 1602100, 1, 4096, 0
666, 1736417, 1, 4096, 0
666, 2113701, 1, 4096, 0
667, 1305742, 1, 4096, 0
667, 1519946, 1, 4096, 0
668, 1100827, 1, 4096, 0
668, 2119736, 1, 4096, 0
668, 2935763, 1, 4096, 0
668, 3199952, 1, 4096, 0
669, 3138171, 1, 4096, 0
669, 2121491, 1, 4096, 0
670, 1893897, 1, 4096, 0
670, 1356709, 1, 4096, 0
670, 2060325, 1, 4096, 0
670, 1539285, 1, 4096, 0
670, 1950932, 1, 4096, 0
671, 1703970, 1, 4096, 0
671, 1443386, 1, 4096, 0
671, 1512993, 1, 4096, 0
672, 1861071, 1, 4096, 0
672, 2003207, 1, 4096, 0
673, 2080530, 1, 4096, 0
673, 1866578, 1, 4096, 0
673, 1594631, 1, 4096, 0
673, 1959879, 1, 4096, 0
674, 1606671, 1, 4096, 0
674, 1387605, 1, 4096, 0
674, 1320271, 1, 4096, 0
675, 1184449, 1, 4096, 0
675, 2260916, 1, 4096, 0
675, 1470690, 1, 4096, 0
675, 1220201, 1, 4096, 0
676, 2633215, 1, 4096, 0
676, 2897494, 1, 4096, 0
676, 1667125, 1, 4096, 0
677, 1869058, 1, 4096, 0
678, 2402941, 1, 4096, 0
678, 1836217, 1, 4096, 0
678, 1120658, 1, 4096, 0
678, 1686562, 1, 4096, 0
678, 2171155, 1, 4096, 0
679, 2137462, 1, 4096, 0
679, 1957386, 1, 4096, 0
680, 1835387, 1, 4096, 0
680, 2271243, 1, 4096, 0
680, 2445344, 1, 4096, 0
680, 2640577, 1, 4096, 0
680, 1612146, 1, 4096, 0
681, 1475946, 1, 4096, 0
681, 1331987, 1, 4096, 0
682, 1888873, 1, 4096, 0
682, 2427584, 1, 4096, 0
682, 1696678, 1, 4096, 0
682, 1436655, 1, 4096, 0
683, 2770121, 1, 4096, 0
683, 1200329, 1, 4096, 0
683, 2147635, 1, 4096, 0
684, 2000188, 1, 4096, 0
684, 885290, 1, 4096, 0
684, 2034161, 1, 4096, 0
685, 2422736, 1, 4096, 0
685, 1261688, 1, 4096, 0
685, 1966876, 1, 4096, 0
685, 1770146, 1, 4096, 0
685, 1611686, 1, 4096, 0
687, 2752816, 1, 4096, 0
687, 2080412, 1, 4096, 0
687, 1814505, 1, 4096, 0
687, 1848063, 1, 4096, 0
687, 1667060, 1, 4096, 0
687, 1922738, 1, 4096, 0
689, 2167030, 1, 4096, 0
689, 2164176, 1, 4096, 0
689, 2285162, 1, 4096, 0
689, 2320771, 1, 4096, 0
690, 2636882, 1, 4096, 0
690, 2653789, 1, 4096, 0
691, 1625693, 1, 4096, 0
691, 1951097, 1, 4096, 0
691, 2071084, 1, 4096, 0
691, 1761346, 1, 4096, 0
692, 2016954, 1, 4096, 0
692, 1424529, 1, 4096, 0
693, 3058578, 1, 4096, 0
693, 1428662, 1, 4096, 0
693, 2221879, 1, 4096, 0
693, 2145180, 1, 4096, 0
694, 2452350, 1, 4096, 0
695, 2317624, 1, 4096, 0
695, 1777397, 1, 4096, 0
695, 2726908, 1, 4096, 0
695, 3289376, 1, 4096, 0
696, 2047301, 1, 4096, 0
696, 1802510, 1, 4096, 0
697, 2258896, 1, 4096, 0
697, 1897060, 1, 4096, 0
697, 1845338, 1, 4096, 0
698, 2250031, 1, 4096, 0
698, 2967524, 1, 4096, 0
699, 1638816, 1, 4096, 0
699, 1759528, 1, 4096, 0
699, 1428951, 1, 4096, 0
700, 1124626, 1, 4096, 0
700, 4555497, 1, 4096, 0
700, 3264271, 1, 4096, 0
701, 1707847, 1, 4096, 0
701, 2519382, 1, 4096, 0
701, 2206045, 1, 4096, 0
702, 1274910, 1, 4096, 0
702, 2002936, 1, 4096, 0
702, 1917733, 1, 4096, 0
702, 1463303, 1, 4096, 0
703, 2370340, 1, 4096, 0
704, 2130882, 1, 4096, 0
704, 1746856, 1, 4096, 0
704, 1517626, 1, 4096, 0
704, 1786424, 1, 4096, 0
705, 1858281, 1, 4096, 0
705, 2931680, 1, 4096, 0
705, 1491888, 1, 4096, 0
705, 1474217, 1, 4096, 0
706, 2103341, 1, 4096, 0
707, 2311785, 1, 4096, 0
707, 1990981, 1, 4096, 0
707, 1988357, 1, 4096, 0
707, 1905565, 1, 4096, 0
707, 1016540, 1, 4096, 0
707, 3929654, 1, 4096, 0
708, 1464060, 1, 4096, 0
709, 1931485, 1, 4096, 0
709, 1654901, 1, 4096, 0
709, 2015196, 1, 4096, 0
710, 3053431, 1, 4096, 0
710, 3093916, 1, 4096, 0
710, 2010701, 1, 4096, 0
711, 1973495, 1, 4096, 0
711, 2170221, 1, 4096, 0
712, 2247641, 1, 4096, 0
712, 1774147, 1, 4096, 0
712, 1149282, 1, 4096, 0
713, 2193896, 1, 4096, 0
713, 2309615, 1, 4096, 0
714, 1495951, 1, 4096, 0
714, 1768093, 1, 4096, 0
714, 1878731, 1, 4096, 0
714, 2908747, 1, 4096, 0
714, 1432180, 1, 4096, 0
715, 1874143, 1, 4096, 0
715, 2730751, 1, 4096, 0
716, 1479964, 1, 4096, 0
716, 2074191, 1, 4096, 0
716, 2085158, 1, 4096, 0
717, 1293250, 1, 4096, 0
717, 3188816, 1, 4096, 0
718, 2235825, 1, 4096, 0
718, 2145013, 1, 4096, 0
718, 2690980, 1, 4096, 0
718, 1137468, 1, 4096, 0
719, 3138239, 1, 4096, 0
719, 1814958, 1, 4096, 0
719, 1401014, 1, 4096, 0
720, 1904456, 1, 4096, 0
720, 2282165, 1, 4096, 0
720, 1598462, 1, 4096, 0
720, 2051450, 1, 4096, 0
721, 1349287, 1, 4096, 0
721, 2213268, 1, 4096, 0
721, 1474358, 1, 4096, 0
722, 1467244, 1, 4096, 0
722, 1980323, 1, 4096, 0
722, 1966314, 1, 4096, 0
722, 1626140, 1, 4096, 0
723, 1853234, 1, 4096, 0
723, 1948665, 1, 4096, 0
723, 1644952, 1, 4096, 0
724, 1791760, 1, 4096, 0
725, 1277161, 1, 4096, 0
725, 2730771, 1, 4096, 0
725, 2600814, 1, 4096, 0
725, 2237267, 1, 4096, 0
726, 1977235, 1, 4096, 0
726, 3029079, 1, 4096, 0
727, 1835554, 1, 4096, 0
727, 1658538, 1, 4096, 0
727, 2732235, 1, 4096, 0
727, 1598789, 1, 4096, 0
728, 1735944, 1, 4096, 0
728, 3161376, 1, 4096, 0
729, 1836755, 1, 4096, 0
729, 1721833, 1, 4096, 0
729, 2350853, 1, 4096, 0
730, 1552610, 1, 4096, 0
730, 2682674, 1, 4096, 0
731, 2827782, 1, 4096, 0
731, 1769957, 1, 4096, 0
731, 2024053, 1, 4096, 0
731, 2401145, 1, 4096, 0
732, 2460654, 1, 4096, 0
732, 2167163, 1, 4096, 0
733, 2053136, 1, 4096, 0
733, 1953461, 1, 4096, 0
733, 1882688, 1, 4096, 0
733, 1727272, 1, 4096, 0
734, 1810422, 1, 4096, 0
734, 1518316, 1, 4096, 0
734, 1519397, 1, 4096, 0
735, 2422391, 1, 4096, 0
735, 2094865, 1, 4096, 0
735, 2247222, 1, 4096, 0
736, 1026573, 1, 4096, 0
736, 1818396, 1, 4096, 0
736, 2321330, 1, 4096, 0
737, 2119478, 1, 4096, 0
737, 1440670, 1, 4096, 0
737, 1773840, 1, 4096, 0
737, 1167520, 1, 4096, 0
737, 1186469, 1, 4096, 0
738, 1468771, 1, 4096, 0
739, 1973852, 1, 4096, 0
739, 2405499, 1, 4096, 0
739, 2822946, 1, 4096, 0
740, 3088017, 1, 4096, 0
740, 2633065, 1, 4096, 0
740, 1579714, 1, 4096, 0
740, 2206021, 1, 4096, 0
741, 1370753, 1, 4096, 0
741, 2318198, 1, 4096, 0
742, 1240780, 1, 4096, 0
742, 1714297, 1, 4096, 0
742, 1794287, 1, 4096, 0
742, 2018412, 1, 4096, 0
743, 1499214, 1, 4096, 0
744, 1677207, 1, 4096, 0
744, 3012690, 1, 4096, 0
744, 2355054, 1, 4096, 0
744, 2467068, 1, 4096, 0
744, 2221581, 1, 4096, 0
745, 1517064, 1, 4096, 0
745, 1407003, 1, 4096, 0
745, 1695001, 1, 4096, 0
746, 1939945, 1, 4096, 0
746, 1474349, 1, 4096, 0
746, 1258547, 1, 4096, 0
746, 2423664, 1, 4096, 0
748, 2034501, 1, 4096, 0
748, 2631116, 1, 4096, 0
748, 2219949, 1, 4096, 0
748, 2850034, 1, 4096, 0
749, 2907661, 1, 4096, 0
750, 1834485, 1, 4096, 0
750, 3351624, 1, 4096, 0
750, 1679951, 1, 4096, 0
750, 1876690, 1, 4096, 0
750, 2235720, 1, 4096, 0
751, 2046883, 1, 4096, 0
751, 1581701, 1, 4096, 0
751, 1738482, 1, 4096, 0
752, 1093233, 1, 4096, 0
752, 1705508, 1, 4096, 0
752, 1998607, 1, 4096, 0
752, 2529914, 1, 4096, 0
753, 1452665, 1, 4096, 0
753, 1529702, 1, 4096, 0
754, 2354382, 1, 4096, 0
754, 1216706, 1, 4096, 0
754, 2102449, 1, 4096, 0
755, 2508167, 1, 4096, 0
755, 2014532, 1, 4096, 0
755, 1536801, 1, 4096, 0
755, 1144792, 1, 4096, 0
755, 1806488, 1, 4096, 0
756, 2421957, 1, 4096, 0
756, 1265206, 1, 4096, 0
757, 1869253, 1, 4096, 0
757, 2169632, 1, 4096, 0
757, 1339971, 1, 4096, 0
758, 1140414, 1, 4096, 0
758, 1200590, 1, 4096, 0
758, 1744111, 1, 4096, 0
759, 3665063, 1, 4096, 0
759, 1614711, 1, 4096, 0
759, 1418183, 1, 4096, 0
759, 3887601, 1, 4096, 0
760, 1862256, 1, 4096, 0
760, 1886585, 1, 4096, 0
760, 1482090, 1, 4096, 0
761, 1478057, 1, 4096, 0
761, 2134796, 1, 4096, 0
761, 2443639, 1, 4096, 0
762, 2052841, 1, 4096, 0
762, 1471452, 1, 4096, 0
762, 2417858, 1, 4096, 0
763, 1856583, 1, 4096, 0
763, 3492543, 1, 4096, 0
764, 1580293, 1, 4096, 0
764, 1879651, 1, 4096, 0
764, 2719488, 1, 4096, 0
764, 2174665, 1, 4096, 0
765, 1694278, 1, 4096, 0
765, 1891672, 1, 4096, 0
766, 1933277, 1, 4096, 0
766, 2156482, 1, 4096, 0
766, 2371708, 1, 4096, 0
767, 2247135, 1, 4096, 0
767, 2025054, 1, 4096, 0
768, 2186316, 1, 4096, 0
768, 1863568, 1, 4096, 0
768, 1936649, 1, 4096, 0
768, 863497, 1, 4096, 0
768, 1356105, 1, 4096, 0
769, 2739584, 1, 4096, 0
770, 1759605, 1, 4096, 0
770, 3187051, 1, 4096, 0
770, 1908834, 1, 4096, 0
771, 2062551, 1, 4096, 0
771, 2411407, 1, 4096, 0
771, 1028667, 1, 4096, 0
771, 2672180, 1, 4096, 0
771, 1204580, 1, 4096, 0
772, 1837723, 1, 4096, 0
772, 1670981, 1, 4096, 0
773, 2050923, 1, 4096, 0
773, 2595444, 1, 4096, 0
773, 2281569, 1, 4096, 0
773, 2279021, 1, 4096, 0
774, 1932203, 1, 4096, 0
775, 2480278, 1, 4096, 0
775, 1605673, 1, 4096, 0
776, 2924962, 1, 4096, 0
776, 2972484, 1, 4096, 0
777, 1563073, 1, 4096, 0
777, 2929459, 1, 4096, 0
777, 3413572, 1, 4096, 0
778, 1278993, 1, 4096, 0
778, 1406727, 1, 4096, 0
778, 2841294, 1, 4096, 0
778, 1304086, 1, 4096, 0
779, 2073567, 1, 4096, 0
779, 2269558, 1, 4096, 0
779, 1622002, 1, 4096, 0
780, 1913156, 1, 4096, 0
780, 1857545, 1, 4096, 0
780, 1584082, 1, 4096, 0
781, 2929559, 1, 4096, 0
781, 1620693, 1, 4096, 0
781, 2394744, 1, 4096, 0
782, 1926083, 1, 4096, 0
782, 2442029, 1, 4096, 0
782, 1965437, 1, 4096, 0
783, 1687115, 1, 4096, 0
783, 1622624, 1, 4096, 0
783, 1650826, 1, 4096, 0
783, 1533883, 1, 4096, 0
784, 2165859, 1, 4096, 0
784, 1686315, 1, 4096, 0
784, 1731227, 1, 4096, 0
785, 2422078, 1, 4096, 0
785, 2612311, 1, 4096, 0
785, 1796534, 1, 4096, 0
786, 1355537, 1, 4096, 0
786, 1369241, 1, 4096, 0
786, 2174617, 1, 4096, 0
786, 1087261, 1, 4096, 0
787, 1701827, 1, 4096, 0
787, 1796875, 1, 4096, 0
787, 1166283, 1, 4096, 0
788, 1746376, 1, 4096, 0
788, 1857661, 1, 4096, 0
788, 1660678, 1, 4096, 0
788, 1436108, 1, 4096, 0
788, 1639513, 1, 4096, 0
789, 2766763, 1, 4096, 0
789, 1640186, 1, 4096, 0
789, 1606899, 1, 4096, 0
790, 1805581, 1, 4096, 0
790, 2087977, 1, 4096, 0
791, 1221799, 1, 4096, 0
791, 2485934, 1, 4096, 0
791, 2255147, 1, 4096, 0
792, 2181509, 1, 4096, 0
792, 3278395, 1, 4096, 0
792, 2061246, 1, 4096, 0
793, 1767208, 1, 4096, 0
793, 2139908, 1, 4096, 0
794, 2191181, 1, 4096, 0
794, 1648899, 1, 4096, 0
794, 1413348, 1, 4096, 0
794, 1847002, 1, 4096, 0
795, 1429736, 1, 4096, 0
795, 2494363, 1, 4096, 0
795, 2646729, 1, 4096, 0
796, 1841009, 1, 4096, 0
796, 1296201, 1, 4096, 0
797, 2218218, 1, 4096, 0
797, 1715803, 1, 4096, 0
797, 2599193, 1, 4096, 0
798, 1791671, 1, 4096, 0
798, 2884761, 1, 4096, 0
798, 1886714, 1, 4096, 0
798, 1847613, 1, 4096, 0
799, 2035703, 1, 4096, 0
799, 2219590, 1, 4096, 0
800, 2087961, 1, 4096, 0
800, 1777736, 1, 4096, 0
800, 1932515, 1, 4096, 0
800, 2308503, 1, 4096, 0
800, 1464767, 1, 4096, 0
801, 2198788, 1, 4096, 0
802, 2509748, 1, 4096, 0
802, 2078794, 1, 4096, 0
803, 2457456, 1, 4096, 0
803, 1923317, 1, 4096, 0
803, 3060883, 1, 4096, 0
803, 3319238, 1, 4096, 0
804, 1764119, 1, 4096, 0
805, 2499557, 1, 4096, 0
805, 2501557, 1, 4096, 0
805, 2085884, 1, 4096, 0
805, 2271879, 1, 4096, 0
806, 2703147, 1, 4096, 0
807, 3107461, 1, 4096, 0
807, 1893364, 1, 4096, 0
807, 2515361, 1, 4096, 0
808, 2487121, 1, 4096, 0
808, 1942434, 1, 4096, 0
808, 3056606, 1, 4096, 0
809, 1338180, 1, 4096, 0
809, 1588034, 1, 4096, 0
809, 2142966, 1, 4096, 0
809, 1714970, 1, 4096, 0
810, 1512541, 1, 4096, 0
811, 2257642, 1, 4096, 0
811, 1533792, 1, 4096, 0
811, 1540282, 1, 4096, 0
811, 1968416, 1, 4096, 0
812, 2824079, 1, 4096, 0
812, 3209258, 1, 4096, 0
813, 1352495, 1, 4096, 0
813, 1861602, 1, 4096, 0
813, 1817350, 1, 4096, 0
814, 2179817, 1, 4096, 0
814, 2902009, 1, 4096, 0
814, 2273880, 1, 4096, 0
814, 1760525, 1, 4096, 0
815, 1670362, 1, 4096, 0
815, 1618818, 1, 4096, 0
815, 1283900, 1, 4096, 0
816, 1706399, 1, 4096, 0
816, 1716404, 1, 4096, 0
816, 1190342, 1, 4096, 0
816, 1544594, 1, 4096, 0
817, 1610452, 1, 4096, 0
817, 1983399, 1, 4096, 0
818, 1665380, 1, 4096, 0
818, 1949247, 1, 4096, 0
818, 1971603, 1, 4096, 0
818, 1527873, 1, 4096, 0
818, 2672337, 1, 4096, 0
819, 1687986, 1, 4096, 0
819, 1827631, 1, 4096, 0
820, 1375553, 1, 4096, 0
820, 1594154, 1, 4096, 0
820, 2455332, 1, 4096, 0
820, 3432215, 1, 4096, 0
821, 1631740, 1, 4096, 0
822, 2338838, 1, 4096, 0
822, 1736285, 1, 4096, 0
822, 1963591, 1, 4096, 0
822, 2586557, 1, 4096, 0
823, 2773836, 1, 4096, 0
823, 2218563, 1, 4096, 0
823, 1519988, 1, 4096, 0
824, 1340810, 1, 4096, 0
824, 2114734, 1, 4096, 0
824, 1154710, 1, 4096, 0
825, 1390555, 1, 4096, 0
825, 3469455, 1, 4096, 0
826, 1643410, 1, 4096, 0
826, 2437703, 1, 4096, 0
826, 2653357, 1, 4096, 0
826, 1734214, 1, 4096, 0
826, 2508823, 1, 4096, 0
827, 1622110, 1, 4096, 0
828, 1847842, 1, 4096, 0
828, 2010875, 1, 4096, 0
828, 1600855, 1, 4096, 0
828, 1729817, 1, 4096, 0
828, 1576396, 1, 4096, 0
828, 2099821, 1, 4096, 0
829, 994030, 1, 4096, 0
829, 1219345, 1, 4096, 0
830, 1956453, 1, 4096, 0
830, 1693176, 1, 4096, 0
830, 1939818, 1, 4096, 0
830, 2300049, 1, 4096, 0
830, 1673339, 1, 4096, 0
830, 1312729, 1, 4096, 0
831, 1469325, 1, 4096, 0
832, 1614941, 1, 4096, 0
832, 1722089, 1, 4096, 0
833, 2235079, 1, 4096, 0
833, 2691140, 1, 4096, 0
833, 2794183, 1, 4096, 0
833, 1253014, 1, 4096, 0
833, 2259883, 1, 4096, 0
834, 1549863, 1, 4096, 0
834, 1466818, 1, 4096, 0
834, 1529546, 1, 4096, 0
835, 1212171, 1, 4096, 0
835, 1468259, 1, 4096, 0
835, 1419675, 1, 4096, 0
835, 1421427, 1, 4096, 0
836, 1498551, 1, 4096, 0
836, 1787717, 1, 4096, 0
837, 2078382, 1, 4096, 0
837, 1740905, 1, 4096, 0
837, 2744074, 1, 4096, 0
837, 2386157, 1, 4096, 0
837, 1797188, 1, 4096, 0
838, 1688282, 1, 4096, 0
838, 2026199, 1, 4096, 0
839, 1465182, 1, 4096, 0
839, 1267372, 1, 4096, 0
839, 2396632, 1, 4096, 0
840, 3026134, 1, 4096, 0
840, 1499922, 1, 4096, 0
840, 1659435, 1, 4096, 0
840, 1879015, 1, 4096, 0
841, 1441340, 1, 4096, 0
841, 2372456, 1, 4096, 0
842, 1975702, 1, 4096, 0
842, 1257458, 1, 4096, 0
842, 2403597, 1, 4096, 0
842, 2045598, 1, 4096, 0
843, 2340140, 1, 4096, 0
843, 1817492, 1, 4096, 0
843, 1095566, 1, 4096, 0
844, 1563979, 1, 4096, 0
844, 2040896, 1, 4096, 0
844, 1982509, 1, 4096, 0
845, 1814646, 1, 4096, 0
846, 2995714, 1, 4096, 0
846, 2549199, 1, 4096, 0
846, 1676795, 1, 4096, 0
846, 1444079, 1, 4096, 0
846, 1813669, 1, 4096, 0
846, 1540893, 1, 4096, 0
847, 1476531, 1, 4096, 0
847, 1733822, 1, 4096, 0
847, 1405132, 1, 4096, 0
848, 1238204, 1, 4096, 0
849, 1137648, 1, 4096, 0
849, 3169089, 1, 4096, 0
849, 3144969, 1, 4096, 0
849, 2791494, 1, 4096, 0
849, 1892556, 1, 4096, 0
850, 1506275, 1, 4096, 0
850, 1241774, 1, 4096, 0
850, 1220970, 1, 4096, 0
851, 1920936, 1, 4096, 0
851, 1963219, 1, 4096, 0
851, 1185981, 1, 4096, 0
852, 2380869, 1, 4096, 0
852, 1597663, 1, 4096, 0
852, 1938170, 1, 4096, 0
852, 1817400, 1, 4096, 0
853, 1438065, 1, 4096, 0
853, 1970427, 1, 4096, 0
853, 1593115, 1, 4096, 0
854, 1871032, 1, 4096, 0
854, 1417789, 1, 4096, 0
854, 2039161, 1, 4096, 0
854, 1645563, 1, 4096, 0
855, 3182266, 1, 4096, 0
856, 2297951, 1, 4096, 0
856, 1959221, 1, 4096, 0
856, 1620880, 1, 4096, 0
856, 1153652, 1, 4096, 0
857, 2437692, 1, 4096, 0
857, 2760918, 1, 4096, 0
857, 1231256, 1, 4096, 0
857, 1670570, 1, 4096, 0
857, 1666947, 1, 4096, 0
858, 1992445, 1, 4096, 0
859, 1682211, 1, 4096, 0
859, 1735476, 1, 4096, 0
859, 2320222, 1, 4096, 0
860, 2126671, 1, 4096, 0
860, 2697144, 1, 4096, 0
860, 2812899, 1, 4096, 0
860, 1856839, 1, 4096, 0
860, 1428922, 1, 4096, 0
860, 1026035, 1, 4096, 0
861, 1431587, 1, 4096, 0
862, 1823610, 1, 4096, 0
862, 1474777, 1, 4096, 0
862, 2084542, 1, 4096, 0
862, 2116006, 1, 4096, 0
862, 2003382, 1, 4096, 0
863, 1425850, 1, 4096, 0
864, 2120539, 1, 4096, 0
864, 1586979, 1, 4096, 0
864, 2461639, 1, 4096, 0
864, 1851430, 1, 4096, 0
864, 1682247, 1, 4096, 0
865, 2151658, 1, 4096, 0
865, 1341736, 1, 4096, 0
866, 1974684, 1, 4096, 0
866, 2610781, 1, 4096, 0
867, 2170530, 1, 4096, 0
867, 2642009, 1, 4096, 0
867, 2258085, 1, 4096, 0
867, 1486414, 1, 4096, 0
868, 1358941, 1, 4096, 0
868, 1548544, 1, 4096, 0
869, 2153933, 1, 4096, 0
869, 2349325, 1, 4096, 0
869, 2175942, 1, 4096, 0
870, 3327840, 1, 4096, 0
870, 1547189, 1, 4096, 0
870, 1536522, 1, 4096, 0
870, 1944143, 1, 4096, 0
870, 1723573, 1, 4096, 0
870, 2154480, 1, 4096, 0
872, 1567010, 1, 4096, 0
872, 1864056, 1, 4096, 0
872, 1724725, 1, 4096, 0
872, 2220835, 1, 4096, 0
872, 2043430, 1, 4096, 0
873, 2791170, 1, 4096, 0
873, 1458318, 1, 4096, 0
874, 1596217, 1, 4096, 0
874, 1890866, 1, 4096, 0
874, 1833420, 1, 4096, 0
875, 2357595, 1, 4096, 0
875, 1771880, 1, 4096, 0
875, 1741663, 1, 4096, 0
875, 2353513, 1, 4096, 0
877, 2500690, 1, 4096, 0
877, 3037641, 1, 4096, 0
877, 2014981, 1, 4096, 0
877, 1689483, 1, 4096, 0
877, 2338402, 1, 4096, 0
877, 1977056, 1, 4096, 0
878, 1106286, 1, 4096, 0
878, 1082626, 1, 4096, 0
878, 1352777, 1, 4096, 0
879, 2070905, 1, 4096, 0
880, 2185017, 1, 4096, 0
880, 3255834, 1, 4096, 0
881, 3123609, 1, 4096, 0
881, 1764023, 1, 4096, 0
882, 3335728, 1, 4096, 0
882, 4071760, 1, 4096, 0
882, 2125684, 1, 4096, 0
882, 3569008, 1, 4096, 0
883, 1226517, 1, 4096, 0
883, 1787113, 1, 4096, 0
883, 1828294, 1, 4096, 0
884, 1867878, 1, 4096, 0
884, 1898811, 1, 4096, 0
884, 2082486, 1, 4096, 0
885, 2288146, 1, 4096, 0
885, 2091266, 1, 4096, 0
885, 2103348, 1, 4096, 0
887, 1199075, 1, 4096, 0
887, 2909625, 1, 4096, 0
887, 1958765, 1, 4096, 0
887, 2835543, 1, 4096, 0
887, 3163629, 1, 4096, 0
888, 1462510, 1, 4096, 0
888, 2683880, 1, 4096, 0
889, 1637836, 1, 4096, 0
889, 1731258, 1, 4096, 0
890, 2086049, 1, 4096, 0
890, 2394000, 1, 4096, 0
890, 1735265, 1, 4096, 0
890, 1999705, 1, 4096, 0
891, 1850437, 1, 4096, 0
891, 1230049, 1, 4096, 0
891, 2345021, 1, 4096, 0
892, 2072237, 1, 4096, 0
892, 1802596, 1, 4096, 0
892, 1550818, 1, 4096, 0
892, 1406578, 1, 4096, 0
892, 2811006, 1, 4096, 0
893, 1878684, 1, 4096, 0
894, 1232757, 1, 4096, 0
894, 1868364, 1, 4096, 0
894, 2047538, 1, 4096, 0
895, 2485141, 1, 4096, 0
895, 2510647, 1, 4096, 0
895, 1455348, 1, 4096, 0
895, 2304906, 1, 4096, 0
895, 1761359, 1, 4096, 0
895, 1679771, 1, 4096, 0
897, 1896209, 1, 4096, 0
897, 1521178, 1, 4096, 0
897, 1800238, 1, 4096, 0
897, 1620955, 1, 4096, 0
897, 1659989, 1, 4096, 0
897, 2359591, 1, 4096, 0
899, 1485518, 1, 4096, 0
899, 1840070, 1, 4096, 0
899, 2019528, 1, 4096, 0
899, 1851509, 1, 4096, 0
900, 3151072, 1, 4096, 0
900, 3013673, 1, 4096, 0
900, 1373666, 1, 4096, 0
900, 1649647, 1, 4096, 0
901, 1431895, 1, 4096, 0
901, 1263484, 1, 4096, 0
902, 1572464, 1, 4096, 0
902, 1867119, 1, 4096, 0
902, 1678160, 1, 4096, 0
902, 2966197, 1, 4096, 0
903, 2179652, 1, 4096, 0
903, 1173834, 1, 4096, 0
903, 1267397, 1, 4096, 0
903, 1710487, 1, 4096, 0
904, 1383169, 1, 4096, 0
904, 2776648, 1, 4096, 0
904, 1330231, 1, 4096, 0
905, 2127335, 1, 4096, 0
905, 3327660, 1, 4096, 0
905, 2240209, 1, 4096, 0
906, 1670734, 1, 4096, 0
906, 1633866, 1, 4096, 0
907, 1918404, 1, 4096, 0
907, 2957223, 1, 4096, 0
907, 1385880, 1, 4096, 0
908, 2511288, 1, 4096, 0
908, 2606109, 1, 4096, 0
909, 2023133, 1, 4096, 0
910, 3791648, 1, 4096, 0
910, 2430550, 1, 4096, 0
910, 3077882, 1, 4096, 0
910, 2349064, 1, 4096, 0
910, 2892287, 1, 4096, 0
911, 1395552, 1, 4096, 0
911, 1556707, 1, 4096, 0
912, 1196704, 1, 4096, 0
912, 1658077, 1, 4096, 0
912, 1746559, 1, 4096, 0
913, 2215185, 1, 4096, 0
913, 2333877, 1, 4096, 0
913, 1769546, 1, 4096, 0
914, 2039202, 1, 4096, 0
914, 1738988, 1, 4096, 0
914, 2083249, 1, 4096, 0
914, 1669725, 1, 4096, 0
915, 1045542, 1, 4096, 0
915, 2469748, 1, 4096, 0
915, 1225476, 1, 4096, 0
916, 3579524, 1, 4096, 0
917, 2496547, 1, 4096, 0
917, 2350765, 1, 4096, 0
917, 1690178, 1, 4096, 0
917, 1490170, 1, 4096, 0
918, 3282704, 1, 4096, 0
918, 1344656, 1, 4096, 0
919, 1780091, 1, 4096, 0
919, 2181890, 1, 4096, 0
919, 2616255, 1, 4096, 0
920, 1779389, 1, 4096, 0
920, 1799988, 1, 4096, 0
920, 3383014, 1, 4096, 0
920, 1736390, 1, 4096, 0
921, 1812631, 1, 4096, 0
921, 1691185, 1, 4096, 0
922, 3025440, 1, 4096, 0
922, 2209232, 1, 4096, 0
922, 2123837, 1, 4096, 0
922, 2541725, 1, 4096, 0
923, 1865107, 1, 4096, 0
923, 1987257, 1, 4096, 0
924, 1996241, 1, 4096, 0
924, 2482398, 1, 4096, 0
924, 2069202, 1, 4096, 0
924, 2040205, 1, 4096, 0
925, 1891417, 1, 4096, 0
925, 1841243, 1, 4096, 0
926, 1683576, 1, 4096, 0
926, 1301538, 1, 4096, 0
926, 1831501, 1, 4096, 0
927, 2070188, 1, 4096, 0
927, 1756309, 1, 4096, 0
927, 1715435, 1, 4096, 0
927, 1753665, 1, 4096, 0
927, 1870074, 1, 4096, 0
928, 1992024, 1, 4096, 0
928, 1463222, 1, 4096, 0
928, 1905866, 1, 4096, 0
929, 1147564, 1, 4096, 0
929, 2513508, 1, 4096, 0
930, 1572124, 1, 4096, 0
930, 1743141, 1, 4096, 0
930, 1979979, 1, 4096, 0
931, 3311067, 1, 4096, 0
931, 2386996, 1, 4096, 0
932, 1837199, 1, 4096, 0
932, 1793757, 1, 4096, 0
932, 2856902, 1, 4096, 0
932, 2035430, 1, 4096, 0
933, 2535395, 1, 4096, 0
934, 1663885, 1, 4096, 0
934, 1929815, 1, 4096, 0
934, 3345503, 1, 4096, 0
934, 2096581, 1, 4096, 0
934, 2040841, 1, 4096, 0
935, 1276035, 1, 4096, 0
936, 1973456, 1, 4096, 0
936, 2959763, 1, 4096, 0
936, 2641027, 1, 4096, 0
936, 2228991, 1, 4096, 0
937, 2713386, 1, 4096, 0
937, 1575413, 1, 4096, 0
938, 1437796, 1, 4096, 0
938, 1970778, 1, 4096, 0
938, 1869996, 1, 4096, 0
938, 1998671, 1, 4096, 0
940, 2665157, 1, 4096, 0
940, 1796926, 1, 4096, 0
940, 1355715, 1, 4096, 0
940, 3086116, 1, 4096, 0
940, 2289612, 1, 4096, 0
941, 2481990, 1, 4096, 0
941, 1437613, 1, 4096, 0
942, 1985078, 1, 4096, 0
942, 2495654, 1, 4096, 0
943, 3063526, 1, 4096, 0
943, 2948346, 1, 4096, 0
943, 2517738, 1, 4096, 0
943, 1965397, 1, 4096, 0
943, 1711673, 1, 4096, 0
945, 2181520, 1, 4096, 0
945, 1973053, 1, 4096, 0
945, 2054857, 1, 4096, 0
946, 2461713, 1, 4096, 0
946, 2883549, 1, 4096, 0
946, 2705345, 1, 4096, 0
946, 1202731, 1, 4096, 0
947, 1637523, 1, 4096, 0
947, 1735892, 1, 4096, 0
947, 1691751, 1, 4096, 0
947, 1729823, 1, 4096, 0
948, 1890057, 1, 4096, 0
948, 2679168, 1, 4096, 0
949, 2022663, 1, 4096, 0
949, 1922293, 1, 4096, 0
950, 2535028, 1, 4096, 0
950, 2182775, 1, 4096, 0
950, 2260257, 1, 4096, 0
950, 1331709, 1, 4096, 0
951, 1453495, 1, 4096, 0
951, 1444425, 1, 4096, 0
951, 2104397, 1, 4096, 0
952, 2194062, 1, 4096, 0
952, 2138787, 1, 4096, 0
953, 1475216, 1, 4096, 0
953, 1124377, 1, 4096, 0
953, 3300668, 1, 4096, 0
953, 1930796, 1, 4096, 0
953, 1975425, 1, 4096, 0
953, 1586193, 1, 4096, 0
955, 1198894, 1, 4096, 0
955, 1709434, 1, 4096, 0
955, 2297408, 1, 4096, 0
955, 2229855, 1, 4096, 0
955, 2542246, 1, 4096, 0
956, 1538601, 1, 4096, 0
956, 3042212, 1, 4096, 0
956, 1440364, 1, 4096, 0
957, 1277939, 1, 4096, 0
957, 2200070, 1, 4096, 0
957, 1684142, 1, 4096, 0
957, 975763, 1, 4096, 0
958, 2002324, 1, 4096, 0
959, 2566941, 1, 4096, 0
959, 2431967, 1, 4096, 0
959, 2413857, 1, 4096, 0
959, 2251049, 1, 4096, 0
960, 2541900, 1, 4096, 0
960, 1177324, 1, 4096, 0
961, 1716286, 1, 4096, 0
961, 1605068, 1, 4096, 0
962, 1928117, 1, 4096, 0
962, 2208442, 1, 4096, 0
962, 3240152, 1, 4096, 0
962, 1832305, 1, 4096, 0
962, 1583619, 1, 4096, 0
963, 1337641, 1, 4096, 0
963, 2310887, 1, 4096, 0
964, 1676668, 1, 4096, 0
964, 2380116, 1, 4096, 0
965, 2861100, 1, 4096, 0
965, 1550697, 1, 4096, 0
965, 3400594, 1, 4096, 0
965, 2051996, 1, 4096, 0
966, 1455075, 1, 4096, 0
966, 1847981, 1, 4096, 0
966, 2440898, 1, 4096, 0
967, 1814965, 1, 4096, 0
967, 1627849, 1, 4096, 0
967, 2513852, 1, 4096, 0
967, 2506497, 1, 4096, 0
968, 1378769, 1, 4096, 0
969, 2075225, 1, 4096, 0
969, 1277939, 1, 4096, 0
969, 2610037, 1, 4096, 0
969, 1248771, 1, 4096, 0
969, 2045834, 1, 4096, 0
970, 2149134, 1, 4096, 0
971, 1947641, 1, 4096, 0
971, 2071789, 1, 4096, 0
971, 1810811, 1, 4096, 0
971, 1928825, 1, 4096, 0
971, 1787926, 1, 4096, 0
972, 2124253, 1, 4096, 0
972, 1134951, 1, 4096, 0
972, 1274740, 1, 4096, 0
972, 1418199, 1, 4096, 0
973, 2091764, 1, 4096, 0
974, 1863257, 1, 4096, 0
974, 2766929, 1, 4096, 0
974, 1917129, 1, 4096, 0
974, 2127815, 1, 4096, 0
974, 2224124, 1, 4096, 0
975, 1764329, 1, 4096, 0
975, 2604166, 1, 4096, 0
976, 1357733, 1, 4096, 0
976, 2171723, 1, 4096, 0
977, 2830562, 1, 4096, 0
977, 1420344, 1, 4096, 0
977, 2717968, 1, 4096, 0
978, 2371596, 1, 4096, 0
978, 840635, 1, 4096, 0
978, 2429087, 1, 4096, 0
978, 3099699, 1, 4096, 0
979, 1530141, 1, 4096, 0
979, 1796473, 1, 4096, 0
979, 1476303, 1, 4096, 0
980, 2065327, 1, 4096, 0
980, 1712797, 1, 4096, 0
980, 1466967, 1, 4096, 0
981, 1754955, 1, 4096, 0
981, 2259485, 1, 4096, 0
982, 2601645, 1, 4096, 0
982, 2326764, 1, 4096, 0
982, 2282430, 1, 4096, 0
982, 2032918, 1, 4096, 0
982, 1819665, 1, 4096, 0
983, 2016023, 1, 4096, 0
984, 1402835, 1, 4096, 0
984, 1483612, 1, 4096, 0
984, 1804952, 1, 4096, 0
984, 1740820, 1, 4096, 0
985, 2438188, 1, 4096, 0
985, 1948989, 1, 4096, 0
985, 1384018, 1, 4096, 0
986, 1548822, 1, 4096, 0
986, 1022563, 1, 4096, 0
986, 2800545, 1, 4096, 0
986, 1791170, 1, 4096, 0
987, 3156930, 1, 4096, 0
987, 2610015, 1, 4096, 0
988, 1572150, 1, 4096, 0
988, 2646596, 1, 4096, 0
989, 2200119, 1, 4096, 0
989, 2208069, 1, 4096, 0
989, 2450779, 1, 4096, 0
989, 1506944, 1, 4096, 0
990, 2382614, 1, 4096, 0
990, 1842158, 1, 4096, 0
991, 2272069, 1, 4096, 0
991, 1734713, 1, 4096, 0
992, 2867745, 1, 4096, 0
992, 3542959, 1, 4096, 0
992, 3328966, 1, 4096, 0
992, 1004334, 1, 4096, 0
992, 2238958, 1, 4096, 0
993, 1906833, 1, 4096, 0
994, 1861867, 1, 4096, 0
994, 2136783, 1, 4096, 0
994, 2164341, 1, 4096, 0
994, 2065663, 1, 4096, 0
995, 2651903, 1, 4096, 0
996, 2435802, 1, 4096, 0
996, 1722383, 1, 4096, 0
996, 1715366, 1, 4096, 0
996, 2056722, 1, 4096, 0
997, 1265259, 1, 4096, 0
997, 2358828, 1, 4096, 0
997, 2450951, 1, 4096, 0
998, 1985189, 1, 4096, 0
998, 1382496, 1, 4096, 0
998, 1615495, 1, 4096, 0
999, 2223567, 1, 4096, 0
999, 1209325, 1, 4096, 0
999, 2875161, 1, 4096, 0
1000, 1662032, 1, 4096, 0
1000, 1622478, 1, 4096, 0
1000, 1725978, 1, 4096, 0
1001, 1536207, 1, 4096, 0
1001, 1998628, 1, 4096, 0
1001, 2176334, 1, 4096, 0
1002, 961827, 1, 4096, 0
1002, 1384790, 1, 4096, 0
1002, 1289932, 1, 4096, 0
1002, 1829464, 1, 4096, 0
1002, 2751032, 1, 4096, 0
1002, 2653843, 1, 4096, 0
1003, 1522026, 1, 4096, 0
1003, 1580509, 1, 4096, 0
1004, 1187676, 1, 4096, 0
1004, 1665331, 1, 4096, 0
1004, 2851965, 1, 4096, 0
1004, 2084893, 1, 4096, 0
1005, 1314257, 1, 4096, 0
1005, 1321544, 1, 4096, 0
1006, 1086527, 1, 4096, 0
1006, 2884565, 1, 4096, 0
1006, 1381914, 1, 4096, 0
1006, 2181058, 1, 4096, 0
1007, 2108621, 1, 4096, 0
1008, 2009065, 1, 4096, 0
1008, 2625917, 1, 4096, 0
1008, 2056709, 1, 4096, 0
1009, 2117134, 1, 4096, 0
1009, 3275847, 1, 4096, 0
1010, 3367280, 1, 4096, 0
1010, 2170933, 1, 4096, 0
1010, 2308250, 1, 4096, 0
1011, 2959422, 1, 4096, 0
1011, 1878149, 1, 4096, 0
1012, 1779040, 1, 4096, 0
1012, 2018686, 1, 4096, 0
1012, 3348354, 1, 4096, 0
1012, 1190440, 1, 4096, 0
1013, 1153449, 1, 4096, 0
1013, 2328840, 1, 4096, 0
1013, 2409571, 1, 4096, 0
1014, 2096495, 1, 4096, 0
1014, 1571070, 1, 4096, 0
1014, 2199384, 1, 4096, 0
1014, 1720077, 1, 4096, 0
1015, 1995476, 1, 4096, 0
1015, 2108861, 1, 4096, 0
1015, 1711968, 1, 4096, 0
1016, 1636663, 1, 4096, 0
1016, 1902832, 1, 4096, 0
1017, 2879635, 1, 4096, 0
1017, 2341611, 1, 4096, 0
1017, 1760021, 1, 4096, 0
1018, 1756695, 1, 4096, 0
1018, 2719484, 1, 4096, 0
1018, 1789470, 1, 4096, 0
1019, 1719913, 1, 4096, 0
1020, 1644529, 1, 4096, 0
1021, 2354724, 1, 4096, 0
1021, 2433624, 1, 4096, 0
1021, 2529455, 1, 4096, 0
1022, 3070150, 1, 4096, 0
1022, 1604613, 1, 4096, 0
1022, 3320645, 1, 4096, 0
1022, 1115119, 1, 4096, 0
1023, 1502254, 1, 4096, 0
1023, 1935159, 1, 4096, 0
1024, 1385338, 1, 4096, 0
1024, 2475407, 1, 4096, 0
1024, 1546956, 1, 4096, 0
1024, 2369246, 1, 4096, 0
1025, 2447529, 1, 4096, 0
1025, 1528125, 1, 4096, 0
1025, 1797615, 1, 4096, 0
1026, 1798334, 1, 4096, 0
1026, 2145301, 1, 4096, 0
1027, 1103150, 1, 4096, 0
1027, 2030928, 1, 4096, 0
1027, 2303229, 1, 4096, 0
1027, 2425703, 1, 4096, 0
1028, 1609802, 1, 4096, 0
1028, 1828274, 1, 4096, 0
1029, 2036514, 1, 4096, 0
1029, 2335239, 1, 4096, 0
1029, 2246006, 1, 4096, 0
1029, 2170742, 1, 4096, 0
1030, 1861097, 1, 4096, 0
1030, 1487254, 1, 4096, 0
1031, 2228448, 1, 4096, 0
1031, 2275764, 1, 4096, 0
1031, 2720002, 1, 4096, 0
1031, 2219234, 1, 4096, 0
1031, 1097675, 1, 4096, 0
1032, 1461503, 1, 4096, 0
1033, 1663875, 1, 4096, 0
1033, 1915854, 1, 4096, 0
1033, 1952697, 1, 4096, 0
1033, 2584300, 1, 4096, 0
1034, 2774379, 1, 4096, 0
1034, 1066530, 1, 4096, 0
1034, 1146462, 1, 4096, 0
1034, 1178361, 1, 4096, 0
1035, 2567869, 1, 4096, 0
1035, 1454871, 1, 4096, 0
1036, 2336215, 1, 4096, 0
1037, 2624851, 1, 4096, 0
1037, 2324520, 1, 4096, 0
1037, 2475216, 1, 4096, 0
1038, 1129607, 1, 4096, 0
1038, 2233438, 1, 4096, 0
1038, 1488306, 1, 4096, 0
1038, 3501406, 1, 4096, 0
1039, 3203821, 1, 4096, 0
1039, 2095255, 1, 4096, 0
1039, 1443371, 1, 4096, 0
1039, 1675762, 1, 4096, 0
1040, 1706112, 1, 4096, 0
1040, 2373709, 1, 4096, 0
1041, 1949047, 1, 4096, 0
1041, 1400972, 1, 4096, 0
1041, 1890905, 1, 4096, 0
1041, 3249722, 1, 4096, 0
1042, 1444016, 1, 4096, 0
1042, 1282423, 1, 4096, 0
1042, 2143984, 1, 4096, 0
1043, 2153338, 1, 4096, 0
1043, 1540886, 1, 4096, 0
1043, 1346718, 1, 4096, 0
1043, 2223397, 1, 4096, 0
1044, 1030276, 1, 4096, 0
1045, 1804148, 1, 4096, 0
1045, 2222969, 1, 4096, 0
1045, 2458105, 1, 4096, 0
1045, 1643279, 1, 4096, 0
1045, 1621327, 1, 4096, 0
1046, 2703242, 1, 4096, 0
1047, 2005172, 1, 4096, 0
1047, 2305145, 1, 4096, 0
1047, 2315495, 1, 4096, 0
1047, 1583366, 1, 4096, 0
1047, 2041749, 1, 4096, 0
1048, 1651879, 1, 4096, 0
1048, 1187383, 1, 4096, 0
1049, 1354463, 1, 4096, 0
1049, 1605924, 1, 4096, 0
1049, 1859995, 1, 4096, 0
1049, 1913353, 1, 4096, 0
1049, 1298877, 1, 4096, 0
1049, 1541807, 1, 4096, 0
1050, 1298163, 1, 4096, 0
1050, 1504402, 1, 4096, 0
1050, 1083930, 1, 4096, 0
1051, 1741107, 1, 4096, 0
1051, 1940785, 1, 4096, 0
1051, 1960544, 1, 4096, 0
1052, 1431876, 1, 4096, 0
1052, 1738463, 1, 4096, 0
1052, 2358348, 1, 4096, 0
1052, 1591999, 1, 4096, 0
1052, 1653403, 1, 4096, 0
1053, 1627353, 1, 4096, 0
1053, 1593713, 1, 4096, 0
1054, 1388982, 1, 4096, 0
1054, 2624013, 1, 4096, 0
1054, 2057699, 1, 4096, 0
1054, 1943330, 1, 4096, 0
1054, 1851684, 1, 4096, 0
1055, 1038227, 1, 4096, 0
1055, 1495813, 1, 4096, 0
1055, 1234515, 1, 4096, 0
1056, 1367895, 1, 4096, 0
1056, 2046136, 1, 4096, 0
1056, 1515738, 1, 4096, 0
1057, 2061843, 1, 4096, 0
1057, 1858670, 1, 4096, 0
1058, 2963822, 1, 4096, 0
1058, 1533322, 1, 4096, 0
1058, 2500688, 1, 4096, 0
1058, 1828578, 1, 4096, 0
1059, 1981302, 1, 4096, 0
1059, 1728218, 1, 4096, 0
1059, 1345412, 1, 4096, 0
1060, 2102383, 1, 4096, 0
1060, 2026789, 1, 4096, 0
1060, 1737582, 1, 4096, 0
1060, 1316040, 1, 4096, 0
1061, 2716107, 1, 4096, 0
1061, 1363131, 1, 4096, 0
1061, 2258912, 1, 4096, 0
1062, 1205942, 1, 4096, 0
1062, 1597730, 1, 4096, 0
1062, 1367069, 1, 4096, 0
1062, 2284881, 1, 4096, 0
1063, 1361641, 1, 4096, 0
1063, 2024494, 1, 4096, 0
1063, 1591715, 1, 4096, 0
1064, 1770365, 1, 4096, 0
1065, 3080144, 1, 4096, 0
1065, 2516085, 1, 4096, 0
1065, 1918157, 1, 4096, 0
1066, 1582666, 1, 4096, 0
1066, 2157674, 1, 4096, 0
1066, 1861787, 1, 4096, 0
1066, 3454611, 1, 4096, 0
1067, 975189, 1, 4096, 0
1067, 1676362, 1, 4096, 0
1068, 1318637, 1, 4096, 0
1068, 1549895, 1, 4096, 0
1068, 1371913, 1, 4096, 0
1068, 3177913, 1, 4096, 0
1068, 3100725, 1, 4096, 0
1069, 1362968, 1, 4096, 0
1070, 2004663, 1, 4096, 0
1070, 1332593, 1, 4096, 0
1071, 3477214, 1, 4096, 0
1071, 2874412, 1, 4096, 0
1071, 3177321, 1, 4096, 0
1071, 3393599, 1, 4096, 0
1072, 1608662, 1, 4096, 0
1073, 2853488, 1, 4096, 0
1073, 1836489, 1, 4096, 0
1073, 2118226, 1, 4096, 0
1073, 2257326, 1, 4096, 0
1074, 2223293, 1, 4096, 0
1074, 2068235, 1, 4096, 0
1075, 1697657, 1, 4096, 0
1075, 1641233, 1, 4096, 0
1075, 1493282, 1, 4096, 0
1075, 1467511, 1, 4096, 0
1075, 1716829, 1, 4096, 0
1076, 2268605, 1, 4096, 0
1077, 2082064, 1, 4096, 0
1077, 1518394, 1, 4096, 0
1077, 2218704, 1, 4096, 0
1077, 2336840, 1, 4096, 0
1078, 1200037, 1, 4096, 0
1078, 2910771, 1, 4096, 0
1078, 1417794, 1, 4096, 0
1078, 2301632, 1, 4096, 0
1079, 1777901, 1, 4096, 0
1080, 1864754, 1, 4096, 0
1081, 3865940, 1, 4096, 0
1081, 3257302, 1, 4096, 0
1081, 3315560, 1, 4096, 0
1082, 2584198, 1, 4096, 0
1082, 3654101, 1, 4096, 0
1082, 2193736, 1, 4096, 0
1082, 1447973, 1, 4096, 0
1083, 1789845, 1, 4096, 0
1084, 1903981, 1, 4096, 0
1084, 2415445, 1, 4096, 0
1084, 1663990, 1, 4096, 0
1084, 2320572, 1, 4096, 0
1084, 2121615, 1, 4096, 0
1085, 1225802, 1, 4096, 0
1085, 1393042, 1, 4096, 0
1086, 1695820, 1, 4096, 0
1086, 2039299, 1, 4096, 0
1086, 1889345, 1, 4096, 0
1086, 3105165, 1, 4096, 0
1086, 1684768, 1, 4096, 0
1087, 1615594, 1, 4096, 0
1087, 1566033, 1, 4096, 0
1088, 2239247, 1, 4096, 0
1089, 2408911, 1, 4096, 0
1089, 2356410, 1, 4096, 0
1089, 1674875, 1, 4096, 0
1089, 2197254, 1, 4096, 0
1089, 3064350, 1, 4096, 0
1091, 2515790, 1, 4096, 0
1091, 1970055, 1, 4096, 0
1091, 1937561, 1, 4096, 0
1091, 2620443, 1, 4096, 0
1091, 2337760, 1, 4096, 0
1091, 2038895, 1, 4096, 0
1092, 1478234, 1, 4096, 0
1093, 1980045, 1, 4096, 0
1093, 1536547, 1, 4096, 0
1093, 1653282, 1, 4096, 0
1093, 2105908, 1, 4096, 0
1094, 2149795, 1, 4096, 0
1094, 1505510, 1, 4096, 0
1094, 1504569, 1, 4096, 0
1095, 2323171, 1, 4096, 0
1096, 1485615, 1, 4096, 0
1096, 3032057, 1, 4096, 0
1096, 3643247, 1, 4096, 0
1096, 2050615, 1, 4096, 0
1096, 2990750, 1, 4096, 0
1097, 1913843, 1, 4096, 0
1098, 1143174, 1, 4096, 0
1098, 2081116, 1, 4096, 0
1098, 1607096, 1, 4096, 0
1098, 2022135, 1, 4096, 0
1100, 3639808, 1, 4096, 0
1100, 4361058, 1, 4096, 0
1100, 2053849, 1, 4096, 0
1100, 1850273, 1, 4096, 0
1101, 3659495, 1, 4096, 0
1102, 3601082, 1, 4096, 0
1102, 1432727, 1, 4096, 0
1102, 1627118, 1, 4096, 0
1102, 915362, 1, 4096, 0
1103, 2687467, 1, 4096, 0
1103, 1825629, 1, 4096, 0
1103, 2937141, 1, 4096, 0
1103, 1472701, 1, 4096, 0
1103, 1621403, 1, 4096, 0
1104, 1412282, 1, 4096, 0
1105, 1919440, 1, 4096, 0
1105, 1701693, 1, 4096, 0
1105, 1702474, 1, 4096, 0
1105, 1984577, 1, 4096, 0
1106, 2552541, 1, 4096, 0
1106, 2103592, 1, 4096, 0
1106, 1246912, 1, 4096, 0
1106, 1613790, 1, 4096, 0
1107, 1481123, 1, 4096, 0
1107, 2215860, 1, 4096, 0
1108, 1885789, 1, 4096, 0
1108, 1326340, 1, 4096, 0
1108, 1551551, 1, 4096, 0
1109, 2190557, 1, 4096, 0
1109, 2596500, 1, 4096, 0
1109, 1351870, 1, 4096, 0
1109, 1301715, 1, 4096, 0
1109, 1728970, 1, 4096, 0
1110, 2525730, 1, 4096, 0
1111, 2343265, 1, 4096, 0
1112, 2242641, 1, 4096, 0
1112, 3001488, 1, 4096, 0
1112, 2933067, 1, 4096, 0
1112, 1269103, 1, 4096, 0
1112, 1892096, 1, 4096, 0
1113, 1231000, 1, 4096, 0
1113, 1380567, 1, 4096, 0
1113, 4694445, 1, 4096, 0
1113, 1310682, 1, 4096, 0
1114, 1950455, 1, 4096, 0
1115, 2362119, 1, 4096, 0
1115, 1703081, 1, 4096, 0
1115, 2455457, 1, 4096, 0
1116, 2769634, 1, 4096, 0
1116, 2103967, 1, 4096, 0
1116, 1815570, 1, 4096, 0
1116, 1418696, 1, 4096, 0
1117, 2066665, 1, 4096, 0
1117, 1829337, 1, 4096, 0
1118, 1127118, 1, 4096, 0
1118, 2100998, 1, 4096, 0
1118, 2154718, 1, 4096, 0
1118, 1638059, 1, 4096, 0
1118, 1443800, 1, 4096, 0
1119, 1558377, 1, 4096, 0
1119, 1940016, 1, 4096, 0
1120, 1972459, 1, 4096, 0
1120, 1818824, 1, 4096, 0
1120, 2180102, 1, 4096, 0
1120, 2617142, 1, 4096, 0
1121, 2130741, 1, 4096, 0
1121, 1433937, 1, 4096, 0
1122, 2811097, 1, 4096, 0
1122, 1541283, 1, 4096, 0
1122, 2296144, 1, 4096, 0
1122, 2358670, 1, 4096, 0
1122, 1154659, 1, 4096, 0
1124, 1602537, 1, 4096, 0
1124, 1306111, 1, 4096, 0
1124, 1133883, 1, 4096, 0
1124, 1696185, 1, 4096, 0
1124, 1863145, 1, 4096, 0
1124, 2456269, 1, 4096, 0
1125, 1220001, 1, 4096, 0
1125, 1591896, 1, 4096, 0
1126, 1869650, 1, 4096, 0
1126, 1760059, 1, 4096, 0
1126, 2008623, 1, 4096, 0
1126, 2100093, 1, 4096, 0
1127, 1557133, 1, 4096, 0
1127, 1850118, 1, 4096, 0
1127, 1575013, 1, 4096, 0
1127, 1773222, 1, 4096, 0
1127, 1851844, 1, 4096, 0
1128, 2008398, 1, 4096, 0
1129, 1515717, 1, 4096, 0
1129, 1468374, 1, 4096, 0
1129, 1794596, 1, 4096, 0
1129, 2314041, 1, 4096, 0
1130, 2998432, 1, 4096, 0
1130, 3184006, 1, 4096, 0
1130, 1623172, 1, 4096, 0
1131, 1913660, 1, 4096, 0
1131, 1743449, 1, 4096, 0
1131, 1106545, 1, 4096, 0
1132, 2262336, 1, 4096, 0
1132, 1058693, 1, 4096, 0
1132, 2676220, 1, 4096, 0
1133, 1492538, 1, 4096, 0
1133, 2452370, 1, 4096, 0
1133, 1165775, 1, 4096, 0
1133, 2229789, 1, 4096, 0
1134, 1405226, 1, 4096, 0
1134, 2718325, 1, 4096, 0
1134, 1805312, 1, 4096, 0
1135, 1559421, 1, 4096, 0
1135, 1002326, 1, 4096, 0
1135, 1763487, 1, 4096, 0
1135, 1934445, 1, 4096, 0
1136, 2628217, 1, 4096, 0
1136, 1392195, 1, 4096, 0
1137, 1924404, 1, 4096, 0
1137, 1413661, 1, 4096, 0
1138, 2114860, 1, 4096, 0
1138, 2056649, 1, 4096, 0
1138, 2374143, 1, 4096, 0
1138, 2634349, 1, 4096, 0
1139, 1541268, 1, 4096, 0
1139, 1901643, 1, 4096, 0
1139, 1649871, 1, 4096, 0
1140, 1852314, 1, 4096, 0
1140, 1507853, 1, 4096, 0
1140, 2126792, 1, 4096, 0
1140, 1171322, 1, 4096, 0
1140, 1234117, 1, 4096, 0
1141, 1976348, 1, 4096, 0
1141, 1207813, 1, 4096, 0
1141, 1867239, 1, 4096, 0
1142, 1383817, 1, 4096, 0
1142, 2100470, 1, 4096, 0
1142, 2814519, 1, 4096, 0
1143, 1649782, 1, 4096, 0
1143, 1644196, 1, 4096, 0
1144, 2397305, 1, 4096, 0
1144, 1279537, 1, 4096, 0
1144, 2422700, 1, 4096, 0
1145, 2380056, 1, 4096, 0
1145, 2342950, 1, 4096, 0
1145, 3533407, 1, 4096, 0
1146, 1750174, 1, 4096, 0
1146, 1748812, 1, 4096, 0
1146, 1629388, 1, 4096, 0
1146, 1511091, 1, 4096, 0
1147, 1434466, 1, 4096, 0
1147, 1361509, 1, 4096, 0
1148, 2766992, 1, 4096, 0
1148, 2435474, 1, 4096, 0
1148, 1179677, 1, 4096, 0
1148, 2245363, 1, 4096, 0
1148, 1454101, 1, 4096, 0
1149, 2534764, 1, 4096, 0
1150, 1594147, 1, 4096, 0
1150, 1846893, 1, 4096, 0
1150, 2338128, 1, 4096, 0
1150, 1538028, 1, 4096, 0
1151, 2401679, 1, 4096, 0
1151, 2989836, 1, 4096, 0
1151, 1369929, 1, 4096, 0
1152, 1837885, 1, 4096, 0
1152, 2501547, 1, 4096, 0
1152, 1836841, 1, 4096, 0
1153, 2699724, 1, 4096, 0
1153, 1654671, 1, 4096, 0
1153, 2091430, 1, 4096, 0
1154, 1606338, 1, 4096, 0
1154, 1641320, 1, 4096, 0
1155, 2369885, 1, 4096, 0
1155, 1554392, 1, 4096, 0
1155, 1382172, 1, 4096, 0
1155, 2686119, 1, 4096, 0
1155, 2364938, 1, 4096, 0
1156, 1783921, 1, 4096, 0
1157, 1758103, 1, 4096, 0
1157, 2073747, 1, 4096, 0
1157, 1979906, 1, 4096, 0
1157, 1444255, 1, 4096, 0
1157, 1974762, 1, 4096, 0
1158, 2209500, 1, 4096, 0
1158, 1701896, 1, 4096, 0
1159, 1866078, 1, 4096, 0
1159, 1337923, 1, 4096, 0
1159, 1579186, 1, 4096, 0
1159, 2156828, 1, 4096, 0
1160, 1677466, 1, 4096, 0
1160, 1356017, 1, 4096, 0
1160, 3322238, 1, 4096, 0
1161, 1692356, 1, 4096, 0
1161, 2219574, 1, 4096, 0
1161, 1500916, 1, 4096, 0
1162, 2647509, 1, 4096, 0
1162, 1350970, 1, 4096, 0
1162, 2314969, 1, 4096, 0
1163, 978146, 1, 4096, 0
1163, 1421198, 1, 4096, 0
1163, 1930792, 1, 4096, 0
1163, 1752664, 1, 4096, 0
1164, 1757435, 1, 4096, 0
1164, 1480826, 1, 4096, 0
1164, 1272840, 1, 4096, 0
1164, 1605362, 1, 4096, 0
1165, 1852522, 1, 4096, 0
1165, 1152311, 1, 4096, 0
1165, 1886253, 1, 4096, 0
1166, 2820015, 1, 4096, 0
1166, 2100170, 1, 4096, 0
1166, 2131300, 1, 4096, 0
1167, 1546496, 1, 4096, 0
1167, 1253011, 1, 4096, 0
1168, 2073535, 1, 4096, 0
1168, 1677905, 1, 4096, 0
1168, 1261040, 1, 4096, 0
1168, 2349794, 1, 4096, 0
1169, 1976909, 1, 4096, 0
1169, 2702647, 1, 4096, 0
1169, 1333536, 1, 4096, 0
1169, 1281508, 1, 4096, 0
1169, 1616454, 1, 4096, 0
1170, 1891235, 1, 4096, 0
1170, 1368146, 1, 4096, 0
1171, 957553, 1, 4096, 0
1171, 1991683, 1, 4096, 0
1171, 2081178, 1, 4096, 0
1172, 2218056, 1, 4096, 0
1172, 2225707, 1, 4096, 0
1172, 1377415, 1, 4096, 0
1172, 1880680, 1, 4096, 0
1173, 2000617, 1, 4096, 0
1173, 2397328, 1, 4096, 0
1173, 1630242, 1, 4096, 0
1174, 1647159, 1, 4096, 0
1174, 2638081, 1, 4096, 0
1175, 2413324, 1, 4096, 0
1175, 2018978, 1, 4096, 0
1175, 1500534, 1, 4096, 0
1176, 2268258, 1, 4096, 0
1176, 3053841, 1, 4096, 0
1176, 1748434, 1, 4096, 0
1177, 2488938, 1, 4096, 0
1177, 2186132, 1, 4096, 0
1177, 2336560, 1, 4096, 0
1178, 2032595, 1, 4096, 0
1178, 2142028, 1, 4096, 0
1178, 1376070, 1, 4096, 0
1179, 2043528, 1, 4096, 0
1179, 1751531, 1, 4096, 0
1179, 2891699, 1, 4096, 0
1179, 1334980, 1, 4096, 0
1179, 1517985, 1, 4096, 0
1180, 1651803, 1, 4096, 0
1181, 1665572, 1, 4096, 0
1181, 1647102, 1, 4096, 0
1181, 1511392, 1, 4096, 0
1181, 1820280, 1, 4096, 0
1181, 1461089, 1, 4096, 0
1181, 2398562, 1, 4096, 0
1183, 1990523, 1, 4096, 0
1183, 1669020, 1, 4096, 0
1183, 1681377, 1, 4096, 0
1183, 2541152, 1, 4096, 0
1183, 2244603, 1, 4096, 0
1183, 1987131, 1, 4096, 0
1185, 1487735, 1, 4096, 0
1185, 1379085, 1, 4096, 0
1185, 1692969, 1, 4096, 0
1185, 2223113, 1, 4096, 0
1185, 2272025, 1, 4096, 0
1185, 2311901, 1, 4096, 0
1187, 1447348, 1, 4096, 0
1187, 2221622, 1, 4096, 0
1187, 2146815, 1, 4096, 0
1188, 2107972, 1, 4096, 0
1188, 2438887, 1, 4096, 0
1188, 3175644, 1, 4096, 0
1189, 2074885, 1, 4096, 0
1189, 2178980, 1, 4096, 0
1189, 1850846, 1, 4096, 0
1190, 1853545, 1, 4096, 0
1190, 3077433, 1, 4096, 0
1191, 2110695, 1, 4096, 0
1191, 1540007, 1, 4096, 0
1191, 1561750, 1, 4096, 0
1191, 3306054, 1, 4096, 0
1192, 2818916, 1, 4096, 0
1192, 2292397, 1, 4096, 0
1193, 1497270, 1, 4096, 0
1193, 1981613, 1, 4096, 0
1193, 2134547, 1, 4096, 0
1194, 2529814, 1, 4096, 0
1194, 3515483, 1, 4096, 0
1195, 2311782, 1, 4096, 0
1195, 1686036, 1, 4096, 0
1195, 2696995, 1, 4096, 0
1196, 1163866, 1, 4096, 0
1196, 1344711, 1, 4096, 0
1196, 1190227, 1, 4096, 0
1196, 3186092, 1, 4096, 0
1197, 1786366, 1, 4096, 0
1197, 2782144, 1, 4096, 0
1198, 2038294, 1, 4096, 0
1198, 1857613, 1, 4096, 0
1198, 1860788, 1, 4096, 0
1199, 1629829, 1, 4096, 0
1199, 2907997, 1, 4096, 0
1199, 1456860, 1, 4096, 0
1199, 1778452, 1, 4096, 0
1200, 1926515, 1, 4096, 0
1200, 2788449, 1, 4096, 0
1201, 1869359, 1, 4096, 0
1201, 2002483, 1, 4096, 0
1201, 1769266, 1, 4096, 0
1201, 2152472, 1, 4096, 0
1202, 1489792, 1, 4096, 0
1202, 1824309, 1, 4096, 0
1202, 1429774, 1, 4096, 0
1202, 1174162, 1, 4096, 0
1202, 1657730, 1, 4096, 0
1203, 1451430, 1, 4096, 0
1203, 1387654, 1, 4096, 0
1204, 2922232, 1, 4096, 0
1204, 1958523, 1, 4096, 0
1204, 2025013, 1, 4096, 0
1205, 1189677, 1, 4096, 0
1205, 2328373, 1, 4096, 0
1205, 1778845, 1, 4096, 0
1206, 1398821, 1, 4096, 0
1206, 1209000, 1, 4096, 0
1206, 1334315, 1, 4096, 0
1207, 1857778, 1, 4096, 0
1207, 2569196, 1, 4096, 0
1207, 1599169, 1, 4096, 0
1207, 2701685, 1, 4096, 0
1208, 2191579, 1, 4096, 0
1208, 2292282, 1, 4096, 0
1208, 1462499, 1, 4096, 0
1209, 2081804, 1, 4096, 0
1209, 1478038, 1, 4096, 0
1209, 1693917, 1, 4096, 0
1210, 1219545, 1, 4096, 0
1210, 2076946, 1, 4096, 0
1210, 1207796, 1, 4096, 0
1210, 1970734, 1, 4096, 0
1211, 1813201, 1, 4096, 0
1211, 1922560, 1, 4096, 0
1211, 1532212, 1, 4096, 0
1212, 983786, 1, 4096, 0
1212, 2066606, 1, 4096, 0
1212, 1967381, 1, 4096, 0
1212, 1932930, 1, 4096, 0
1213, 1679877, 1, 4096, 0
1213, 1607529, 1, 4096, 0
1213, 2448670, 1, 4096, 0
1213, 1370627, 1, 4096, 0
1214, 2289382, 1, 4096, 0
1214, 2035126, 1, 4096, 0
1215, 1564865, 1, 4096, 0
1215, 1874513, 1, 4096, 0
1215, 1899503, 1, 4096, 0
1216, 2220940, 1, 4096, 0
1216, 1840509, 1, 4096, 0
1216, 1137336, 1, 4096, 0
1217, 1565927, 1, 4096, 0
1217, 1818187, 1, 4096, 0
1217, 3646582, 1, 4096, 0
1218, 1767050, 1, 4096, 0
1218, 2242909, 1, 4096, 0
1218, 1675352, 1, 4096, 0
1219, 1740989, 1, 4096, 0
1219, 1821655, 1, 4096, 0
1219, 2424777, 1, 4096, 0
1220, 2031908, 1, 4096, 0
1220, 1493154, 1, 4096, 0
1220, 1472706, 1, 4096, 0
1220, 1456141, 1, 4096, 0
1221, 2483134, 1, 4096, 0
1221, 2226864, 1, 4096, 0
1221, 1458391, 1, 4096, 0
1221, 1791669, 1, 4096, 0
1222, 1436480, 1, 4096, 0
1222, 2019802, 1, 4096, 0
1223, 1346780, 1, 4096, 0
1223, 2238209, 1, 4096, 0
1223, 1813589, 1, 4096, 0
1223, 2848288, 1, 4096, 0
1224, 1861581, 1, 4096, 0
1225, 3115935, 1, 4096, 0
1225, 1488479, 1, 4096, 0
1225, 1411325, 1, 4096, 0
1225, 2173724, 1, 4096, 0
1225, 1992183, 1, 4096, 0
1226, 1435503, 1, 4096, 0
1226, 1334037, 1, 4096, 0
1226, 2118870, 1, 4096, 0
1226, 1568118, 1, 4096, 0
1226, 1352420, 1, 4096, 0
1227, 1377572, 1, 4096, 0
1227, 1087012, 1, 4096, 0
1227, 1340147, 1, 4096, 0
1228, 1794239, 1, 4096, 0
1228, 1816392, 1, 4096, 0
1229, 1915584, 1, 4096, 0
1229, 1316153, 1, 4096, 0
1229, 1442084, 1, 4096, 0
1229, 1956702, 1, 4096, 0
1230, 3360485, 1, 4096, 0
1230, 2571619, 1, 4096, 0
1231, 1849999, 1, 4096, 0
1231, 1530719, 1, 4096, 0
1231, 1605140, 1, 4096, 0
1231, 1354439, 1, 4096, 0
1231, 1846683, 1, 4096, 0
1232, 2383866, 1, 4096, 0
1232, 1311743, 1, 4096, 0
1233, 2150775, 1, 4096, 0
1233, 1560537, 1, 4096, 0
1233, 1878794, 1, 4096, 0
1233, 1742559, 1, 4096, 0
1233, 1175750, 1, 4096, 0
1234, 2496514, 1, 4096, 0
1235, 1918311, 1, 4096, 0
1235, 2525260, 1, 4096, 0
1235, 2015208, 1, 4096, 0
1235, 1992285, 1, 4096, 0
1235, 2557274, 1, 4096, 0
1236, 2184218, 1, 4096, 0
1237, 1648607, 1, 4096, 0
1237, 1932759, 1, 4096, 0
1237, 2120248, 1, 4096, 0
1237, 2528192, 1, 4096, 0
1237, 2165822, 1, 4096, 0
1238, 2009440, 1, 4096, 0
1238, 1363390, 1, 4096, 0
1239, 1163666, 1, 4096, 0
1239, 1571020, 1, 4096, 0
1239, 1583101, 1, 4096, 0
1239, 2043436, 1, 4096, 0
1240, 1313600, 1, 4096, 0
1241, 2797450, 1, 4096, 0
1241, 2624622, 1, 4096, 0
1241, 1961230, 1, 4096, 0
1241, 2350052, 1, 4096, 0
1242, 2190849, 1, 4096, 0
1242, 1882795, 1, 4096, 0
1242, 1055411, 1, 4096, 0
1242, 1437193, 1, 4096, 0
1243, 1722914, 1, 4096, 0
1243, 1551662, 1, 4096, 0
1243, 1311347, 1, 4096, 0
1244, 2017924, 1, 4096, 0
1244, 1499426, 1, 4096, 0
1244, 1577143, 1, 4096, 0
1245, 3147509, 1, 4096, 0
1245, 1540079, 1, 4096, 0
1245, 1689454, 1, 4096, 0
1245, 1728528, 1, 4096, 0
1245, 1937163, 1, 4096, 0
1246, 1800161, 1, 4096, 0
1247, 1468107, 1, 4096, 0
1247, 2869887, 1, 4096, 0
1247, 2165408, 1, 4096, 0
1248, 2198843, 1, 4096, 0
1248, 3168756, 1, 4096, 0
1248, 1424571, 1, 4096, 0
1249, 2657415, 1, 4096, 0
1249, 1558998, 1, 4096, 0
1249, 1562403, 1, 4096, 0
1250, 2227425, 1, 4096, 0
1250, 2161896, 1, 4096, 0
1251, 1462741, 1, 4096, 0
1251, 2114739, 1, 4096, 0
1251, 2370570, 1, 4096, 0
1252, 1980357, 1, 4096, 0
1252, 1112859, 1, 4096, 0
1252, 3926859, 1, 4096, 0
1253, 2178014, 1, 4096, 0
1253, 3051692, 1, 4096, 0
1254, 2536633, 1, 4096, 0
1254, 2201945, 1, 4096, 0
1254, 2125171, 1, 4096, 0
1255, 2891733, 1, 4096, 0
1255, 1598229, 1, 4096, 0
1255, 1584142, 1, 4096, 0
1255, 1607826, 1, 4096, 0
1256, 1626259, 1, 4096, 0
1256, 1973476, 1, 4096, 0
1256, 1724041, 1, 4096, 0
1257, 1603675, 1, 4096, 0
1257, 1646008, 1, 4096, 0
1257, 1297358, 1, 4096, 0
1258, 1916769, 1, 4096, 0
1258, 1590148, 1, 4096, 0
1258, 1434386, 1, 4096, 0
1258, 2131716, 1, 4096, 0
1258, 1805628, 1, 4096, 0
1259, 1983265, 1, 4096, 0
1259, 1500408, 1, 4096, 0
1260, 1835830, 1, 4096, 0
1260, 1718324, 1, 4096, 0
1260, 2194062, 1, 4096, 0
1261, 1385561, 1, 4096, 0
1261, 2415001, 1, 4096, 0
1261, 2202573, 1, 4096, 0
1261, 1430964, 1, 4096, 0
1262, 1965813, 1, 4096, 0
1262, 1547486, 1, 4096, 0
1262, 2186291, 1, 4096, 0
1263, 1979794, 1, 4096, 0
1263, 1558302, 1, 4096, 0
1263, 2735903, 1, 4096, 0
1263, 1780923, 1, 4096, 0
1264, 1552667, 1, 4096, 0
1264, 1400787, 1, 4096, 0
1264, 1826164, 1, 4096, 0
1265, 2185317, 1, 4096, 0
1265, 1207299, 1, 4096, 0
1267, 2137293, 1, 4096, 0
1267, 2615637, 1, 4096, 0
1267, 3286194, 1, 4096, 0
1267, 2215541, 1, 4096, 0
1267, 3116849, 1, 4096, 0
1267, 2521010, 1, 4096, 0
1268, 1607305, 1, 4096, 0
1268, 1652829, 1, 4096, 0
1268, 1878209, 1, 4096, 0
1269, 1542430, 1, 4096, 0
1269, 1957430, 1, 4096, 0
1269, 2094333, 1, 4096, 0
1270, 1690066, 1, 4096, 0
1270, 1719145, 1, 4096, 0
1270, 1554837, 1, 4096, 0
1271, 2553928, 1, 4096, 0
1271, 2047285, 1, 4096, 0
1271, 2302771, 1, 4096, 0
1272, 1553618, 1, 4096, 0
1272, 1622969, 1, 4096, 0
1272, 1645507, 1, 4096, 0
1272, 1416967, 1, 4096, 0
1273, 1548050, 1, 4096, 0
1273, 1170228, 1, 4096, 0
1273, 2260057, 1, 4096, 0
1274, 2160268, 1, 4096, 0
1274, 2115923, 1, 4096, 0
1274, 1144227, 1, 4096, 0
1274, 1772030, 1, 4096, 0
1275, 1472974, 1, 4096, 0
1275, 1944329, 1, 4096, 0
1276, 1577373, 1, 4096, 0
1276, 1657044, 1, 4096, 0
1276, 1638758, 1, 4096, 0
1277, 2660532, 1, 4096, 0
1277, 1772770, 1, 4096, 0
1277, 1086957, 1, 4096, 0
1277, 2046024, 1, 4096, 0
1277, 1566333, 1, 4096, 0
1278, 2589215, 1, 4096, 0
1278, 1689584, 1, 4096, 0
1279, 2025283, 1, 4096, 0
1279, 1876152, 1, 4096, 0
1279, 2164693, 1, 4096, 0
1279, 2093132, 1, 4096, 0
1280, 1651507, 1, 4096, 0
1280, 1864894, 1, 4096, 0
1281, 2006655, 1, 4096, 0
1281, 1641382, 1, 4096, 0
1281, 1401742, 1, 4096, 0
1281, 2565306, 1, 4096, 0
1282, 1678960, 1, 4096, 0
1282, 1814960, 1, 4096, 0
1282, 1588632, 1, 4096, 0
1283, 2197248, 1, 4096, 0
1283, 1650046, 1, 4096, 0
1283, 1326667, 1, 4096, 0
1283, 2563156, 1, 4096, 0
1284, 1809968, 1, 4096, 0
1284, 1350229, 1, 4096, 0
1285, 1682157, 1, 4096, 0
1285, 2359612, 1, 4096, 0
1285, 1851762, 1, 4096, 0
1285, 1478323, 1, 4096, 0
1286, 2617447, 1, 4096, 0
1286, 1257501, 1, 4096, 0
1287, 1959714, 1, 4096, 0
1287, 1783834, 1, 4096, 0
1287, 1414600, 1, 4096, 0
1287, 2723019, 1, 4096, 0
1287, 1347413, 1, 4096, 0
1288, 1857534, 1, 4096, 0
1288, 1731493, 1, 4096, 0
1289, 952331, 1, 4096, 0
1289, 1898755, 1, 4096, 0
1289, 1776029, 1, 4096, 0
1289, 2268712, 1, 4096, 0
1290, 3119555, 1, 4096, 0
1290, 1610158, 1, 4096, 0
1290, 1824703, 1, 4096, 0
1291, 2304630, 1, 4096, 0
1291, 2229722, 1, 4096, 0
1291, 1370100, 1, 4096, 0
1292, 2229720, 1, 4096, 0
1292, 1732361, 1, 4096, 0
1292, 1749089, 1, 4096, 0
1292, 1168973, 1, 4096, 0
1292, 1309620, 1, 4096, 0
1292, 1439621, 1, 4096, 0
1294, 2051242, 1, 4096, 0
1294, 1446298, 1, 4096, 0
1295, 2489479, 1, 4096, 0
1295, 2501691, 1, 4096, 0
1295, 2521911, 1, 4096, 0
1295, 2377713, 1, 4096, 0
1296, 1799233, 1, 4096, 0
1296, 1563281, 1, 4096, 0
1296, 1837843, 1, 4096, 0
1296, 2670232, 1, 4096, 0
1296, 1926996, 1, 4096, 0
1296, 1930910, 1, 4096, 0
1297, 1591894, 1, 4096, 0
1298, 1257702, 1, 4096, 0
1298, 1586970, 1, 4096, 0
1298, 1410298, 1, 4096, 0
1298, 2061036, 1, 4096, 0
1299, 2043206, 1, 4096, 0
1299, 1303484, 1, 4096, 0
1300, 2031959, 1, 4096, 0
1300, 2120238, 1, 4096, 0
1301, 1951071, 1, 4096, 0
1301, 2116391, 1, 4096, 0
1301, 3081286, 1, 4096, 0
1301, 2385454, 1, 4096, 0
1301, 1554639, 1, 4096, 0
1302, 2305221, 1, 4096, 0
1303, 2186696, 1, 4096, 0
1303, 2287246, 1, 4096, 0
1303, 2565700, 1, 4096, 0
1304, 2877329, 1, 4096, 0
1304, 3529015, 1, 4096, 0
1305, 2266917, 1, 4096, 0
1305, 1518755, 1, 4096, 0
1305, 2357243, 1, 4096, 0
1305, 2345639, 1, 4096, 0
1307, 2137497, 1, 4096, 0
1307, 2824224, 1, 4096, 0
1307, 2845015, 1, 4096, 0
1307, 2129496, 1, 4096, 0
1307, 1951327, 1, 4096, 0
1307, 2169271, 1, 4096, 0
1309, 1399750, 1, 4096, 0
1309, 1650811, 1, 4096, 0
1309, 1667365, 1, 4096, 0
1309, 1663532, 1, 4096, 0
1309, 2117148, 1, 4096, 0
1309, 1923415, 1, 4096, 0
1310, 1461492, 1, 4096, 0
1310, 1825154, 1, 4096, 0
1311, 1709379, 1, 4096, 0
1311, 1771007, 1, 4096, 0
1311, 1900272, 1, 4096, 0
1312, 2707037, 1, 4096, 0
1312, 1393773, 1, 4096, 0
1312, 1828306, 1, 4096, 0
1312, 1593164, 1, 4096, 0
1312, 2174436, 1, 4096, 0
1313, 2191393, 1, 4096, 0
1313, 1632310, 1, 4096, 0
1313, 1369450, 1, 4096, 0
1314, 1197451, 1, 4096, 0
1314, 1697695, 1, 4096, 0
1315, 1734567, 1, 4096, 0
1315, 2909481, 1, 4096, 0
1316, 3336418, 1, 4096, 0
1316, 2725686, 1, 4096, 0
1316, 1665728, 1, 4096, 0
1316, 2506591, 1, 4096, 0
1317, 1961903, 1, 4096, 0
1317, 2075842, 1, 4096, 0
1317, 1707118, 1, 4096, 0
1318, 1670964, 1, 4096, 0
1318, 2153096, 1, 4096, 0
1318, 1394837, 1, 4096, 0
1318, 1034399, 1, 4096, 0
1319, 2404460, 1, 4096, 0
1319, 1182171, 1, 4096, 0
1320, 1730907, 1, 4096, 0
1320, 1741220, 1, 4096, 0
1320, 1375070, 1, 4096, 0
1320, 1849812, 1, 4096, 0
1321, 1442777, 1, 4096, 0
1321, 1771709, 1, 4096, 0
1322, 3015997, 1, 4096, 0
1322, 1844047, 1, 4096, 0
1322, 3769411, 1, 4096, 0
1322, 2300207, 1, 4096, 0
1323, 1319831, 1, 4096, 0
1323, 1720668, 1, 4096, 0
1324, 1569056, 1, 4096, 0
1324, 2353742, 1, 4096, 0
1324, 1969766, 1, 4096, 0
1325, 1895409, 1, 4096, 0
1325, 2467619, 1, 4096, 0
1325, 2051361, 1, 4096, 0
1326, 2055707, 1, 4096, 0
1326, 2129815, 1, 4096, 0
1327, 1997460, 1, 4096, 0
1327, 2274152, 1, 4096, 0
1327, 1774430, 1, 4096, 0
1327, 1528968, 1, 4096, 0
1328, 1472146, 1, 4096, 0
1328, 3254592, 1, 4096, 0
1328, 1495090, 1, 4096, 0
1329, 2066917, 1, 4096, 0
1329, 1645949, 1, 4096, 0
1329, 1525742, 1, 4096, 0
1330, 2893456, 1, 4096, 0
1330, 2145922, 1, 4096, 0
1330, 1827807, 1, 4096, 0
1331, 1499444, 1, 4096, 0
1331, 2014549, 1, 4096, 0
1331, 1627000, 1, 4096, 0
1331, 1375493, 1, 4096, 0
1332, 1881001, 1, 4096, 0
1332, 1539421, 1, 4096, 0
1333, 2018658, 1, 4096, 0
1333, 1549485, 1, 4096, 0
1333, 2073178, 1, 4096, 0
1334, 2877042, 1, 4096, 0
1334, 3986119, 1, 4096, 0
1334, 2023455, 1, 4096, 0
1336, 2613489, 1, 4096, 0
1336, 1918220, 1, 4096, 0
1336, 3163653, 1, 4096, 0
1336, 2627234, 1, 4096, 0
1337, 2309578, 1, 4096, 0
1337, 2867107, 1, 4096, 0
1337, 1336438, 1, 4096, 0
1337, 1480652, 1, 4096, 0
1337, 1653137, 1, 4096, 0
1338, 1846784, 1, 4096, 0
1338, 1880215, 1, 4096, 0
1338, 1776745, 1, 4096, 0
1339, 1551461, 1, 4096, 0
1339, 1507014, 1, 4096, 0
1339, 1990046, 1, 4096, 0
1339, 1827060, 1, 4096, 0
1340, 1726862, 1, 4096, 0
1340, 1330373, 1, 4096, 0
1340, 1940567, 1, 4096, 0
1341, 2033696, 1, 4096, 0
1341, 1658753, 1, 4096, 0
1341, 1718048, 1, 4096, 0
1342, 1635557, 1, 4096, 0
1342, 1519388, 1, 4096, 0
1342, 1430274, 1, 4096, 0
1343, 2269401, 1, 4096, 0
1343, 1088803, 1, 4096, 0
1343, 2445182, 1, 4096, 0
1343, 1636764, 1, 4096, 0
1343, 2717110, 1, 4096, 0
1344, 1500805, 1, 4096, 0
1344, 1509843, 1, 4096, 0
1345, 1106131, 1, 4096, 0
1345, 1221153, 1, 4096, 0
1345, 990491, 1, 4096, 0
1345, 2304520, 1, 4096, 0
1346, 1126851, 1, 4096, 0
1346, 1543627, 1, 4096, 0
1346, 1872606, 1, 4096, 0
1346, 2837705, 1, 4096, 0
1347, 1368563, 1, 4096, 0
1347, 2212974, 1, 4096, 0
1347, 1210222, 1, 4096, 0
1347, 1404963, 1, 4096, 0
1348, 2394984, 1, 4096, 0
1348, 1742465, 1, 4096, 0
1349, 1053982, 1, 4096, 0
1349, 1711057, 1, 4096, 0
1349, 3111734, 1, 4096, 0
1350, 1344079, 1, 4096, 0
1350, 1618279, 1, 4096, 0
1350, 1592942, 1, 4096, 0
1350, 2822648, 1, 4096, 0
1351, 942969, 1, 4096, 0
1351, 1590893, 1, 4096, 0
1351, 1234032, 1, 4096, 0
1351, 2839689, 1, 4096, 0
1352, 1671499, 1, 4096, 0
1352, 2180582, 1, 4096, 0
1352, 1435059, 1, 4096, 0
1352, 1491763, 1, 4096, 0
1353, 1569821, 1, 4096, 0
1353, 1413168, 1, 4096, 0
1354, 2269523, 1, 4096, 0
1354, 1093226, 1, 4096, 0
1354, 1769898, 1, 4096, 0
1354, 1658652, 1, 4096, 0
1354, 1751425, 1, 4096, 0
1355, 1582496, 1, 4096, 0
1355, 1819857, 1, 4096, 0
1356, 1914171, 1, 4096, 0
1356, 2219832, 1, 4096, 0
1357, 2551163, 1, 4096, 0
1357, 2564853, 1, 4096, 0
1357, 2278476, 1, 4096, 0
1358, 2225680, 1, 4096, 0
1358, 1502858, 1, 4096, 0
1358, 1363456, 1, 4096, 0
1358, 1546356, 1, 4096, 0
1358, 2434399, 1, 4096, 0
1359, 1635340, 1, 4096, 0
1359, 2538193, 1, 4096, 0
1360, 1899408, 1, 4096, 0
1360, 2347686, 1, 4096, 0
1360, 1848087, 1, 4096, 0
1360, 2282720, 1, 4096, 0
1361, 1739835, 1, 4096, 0
1361, 1101741, 1, 4096, 0
1362, 1605930, 1, 4096, 0
1362, 1377489, 1, 4096, 0
1362, 2547873, 1, 4096, 0
1362, 2106742, 1, 4096, 0
1363, 2301409, 1, 4096, 0
1364, 2218713, 1, 4096, 0
1364, 2259827, 1, 4096, 0
1364, 2335394, 1, 4096, 0
1364, 2200083, 1, 4096, 0
1365, 1520503, 1, 4096, 0
1365, 3334479, 1, 4096, 0
1366, 1242506, 1, 4096, 0
1366, 1390903, 1, 4096, 0
1366, 2172933, 1, 4096, 0
1366, 1072374, 1, 4096, 0
1366, 2372706, 1, 4096, 0
1367, 981651, 1, 4096, 0
1368, 2609269, 1, 4096, 0
1368, 1969072, 1, 4096, 0
1368, 1601895, 1, 4096, 0
1368, 2420597, 1, 4096, 0
1368, 1958648, 1, 4096, 0
1369, 2924802, 1, 4096, 0
1369, 1535931, 1, 4096, 0
1369, 1598108, 1, 4096, 0
1370, 1387430, 1, 4096, 0
1370, 2036565, 1, 4096, 0
1371, 2078829, 1, 4096, 0
1371, 2386771, 1, 4096, 0
1371, 1406753, 1, 4096, 0
1371, 1616749, 1, 4096, 0
1372, 1954031, 1, 4096, 0
1372, 1569047, 1, 4096, 0
1372, 2141285, 1, 4096, 0
1373, 1857701, 1, 4096, 0
1373, 1871503, 1, 4096, 0
1373, 2221313, 1, 4096, 0
1373, 1383141, 1, 4096, 0
1374, 1249054, 1, 4096, 0
1374, 1573635, 1, 4096, 0
1375, 2031801, 1, 4096, 0
1375, 1519141, 1, 4096, 0
1375, 2518297, 1, 4096, 0
1375, 1546377, 1, 4096, 0
1375, 1533272, 1, 4096, 0
1375, 2218081, 1, 4096, 0
1377, 2060248, 1, 4096, 0
1377, 2317293, 1, 4096, 0
1377, 2091602, 1, 4096, 0
1377, 2230293, 1, 4096, 0
1377, 1950008, 1, 4096, 0
1378, 866481, 1, 4096, 0
1378, 2958813, 1, 4096, 0
1378, 1507379, 1, 4096, 0
1379, 1353458, 1, 4096, 0
1379, 1511752, 1, 4096, 0
1379, 2159548, 1, 4096, 0
1379, 1804254, 1, 4096, 0
1380, 1245292, 1, 4096, 0
1381, 1222735, 1, 4096, 0
1381, 2436555, 1, 4096, 0
1381, 1871851, 1, 4096, 0
1381, 2710103, 1, 4096, 0
1381, 3079358, 1, 4096, 0
1381, 1335446, 1, 4096, 0
1383, 1674357, 1, 4096, 0
1383, 1930953, 1, 4096, 0
1383, 1269538, 1, 4096, 0
1384, 2161261, 1, 4096, 0
1384, 913157, 1, 4096, 0
1384, 2480468, 1, 4096, 0
1384, 1896463, 1, 4096, 0
1385, 3121291, 1, 4096, 0
1385, 2026088, 1, 4096, 0
1385, 1835992, 1, 4096, 0
1386, 1628323, 1, 4096, 0
1386, 2399988, 1, 4096, 0
1386, 2584638, 1, 4096, 0
1386, 1756501, 1, 4096, 0
1387, 2047808, 1, 4096, 0
1387, 1930446, 1, 4096, 0
1388, 1917460, 1, 4096, 0
1388, 1978124, 1, 4096, 0
1388, 2052423, 1, 4096, 0
1389, 1873046, 1, 4096, 0
1389, 2983073, 1, 4096, 0
1389, 2120321, 1, 4096, 0
1390, 1201673, 1, 4096, 0
1390, 1857705, 1, 4096, 0
1390, 1820673, 1, 4096, 0
1390, 2307423, 1, 4096, 0
1391, 2045422, 1, 4096, 0
1391, 1747160, 1, 4096, 0
1392, 1862292, 1, 4096, 0
1392, 1872257, 1, 4096, 0
1392, 2902365, 1, 4096, 0
1393, 2544435, 1, 4096, 0
1393, 1096920, 1, 4096, 0
1393, 1597352, 1, 4096, 0
1393, 2030869, 1, 4096, 0
1394, 1773010, 1, 4096, 0
1394, 1667551, 1, 4096, 0
1394, 1005532, 1, 4096, 0
1394, 1264743, 1, 4096, 0
1395, 1377903, 1, 4096, 0
1395, 2075503, 1, 4096, 0
1395, 1691414, 1, 4096, 0
1396, 1444432, 1, 4096, 0
1396, 1487554, 1, 4096, 0
1396, 1438873, 1, 4096, 0
1397, 2220364, 1, 4096, 0
1397, 1704741, 1, 4096, 0
1397, 1690141, 1, 4096, 0
1397, 1457653, 1, 4096, 0
1398, 2040132, 1, 4096, 0
1399, 3584462, 1, 4096, 0
1399, 1016535, 1, 4096, 0
1399, 2055784, 1, 4096, 0
1399, 2023233, 1, 4096, 0
1399, 2055776, 1, 4096, 0
1399, 2060073, 1, 4096, 0
1401, 2121515, 1, 4096, 0
1401, 1405002, 1, 4096, 0
1401, 2065369, 1, 4096, 0
1401, 2266814, 1, 4096, 0
1402, 2522432, 1, 4096, 0
1402, 2916899, 1, 4096, 0
1402, 1413662, 1, 4096, 0
1403, 1874132, 1, 4096, 0
1403, 1392712, 1, 4096, 0
1403, 2178930, 1, 4096, 0
1403, 1615720, 1, 4096, 0
1404, 1748149, 1, 4096, 0
1404, 1594236, 1, 4096, 0
1404, 1507136, 1, 4096, 0
1405, 2339608, 1, 4096, 0
1405, 1491996, 1, 4096, 0
1405, 2634604, 1, 4096, 0
1405, 1790208, 1, 4096, 0
1405, 1680994, 1, 4096, 0
1407, 1683648, 1, 4096, 0
1407, 1927146, 1, 4096, 0
1407, 1923239, 1, 4096, 0
1407, 1869658, 1, 4096, 0
1407, 2248769, 1, 4096, 0
1407, 3241283, 1, 4096, 0
1409, 1552075, 1, 4096, 0
1409, 2174499, 1, 4096, 0
1410, 2167630, 1, 4096, 0
1410, 3115870, 1, 4096, 0
1410, 2692957, 1, 4096, 0
1410, 3028531, 1, 4096, 0
1411, 1724415, 1, 4096, 0
1411, 1310261, 1, 4096, 0
1411, 1862739, 1, 4096, 0
1412, 1504086, 1, 4096, 0
1412, 1127207, 1, 4096, 0
1412, 1867828, 1, 4096, 0
1413, 1914434, 1, 4096, 0
1413, 2937489, 1, 4096, 0
1413, 1693248, 1, 4096, 0
1414, 2095276, 1, 4096, 0
1414, 1514950, 1, 4096, 0
1414, 2044611, 1, 4096, 0
1414, 2702907, 1, 4096, 0
1415, 1272887, 1, 4096, 0
1416, 2164478, 1, 4096, 0
1416, 2602592, 1, 4096, 0
1416, 1857992, 1, 4096, 0
1416, 2103404, 1, 4096, 0
1417, 1208435, 1, 4096, 0
1417, 1537806, 1, 4096, 0
1417, 3319196, 1, 4096, 0
1418, 1985879, 1, 4096, 0
1418, 1949934, 1, 4096, 0
1418, 2518096, 1, 4096, 0
1419, 1638124, 1, 4096, 0
1419, 2012637, 1, 4096, 0
1419, 2137741, 1, 4096, 0
1420, 2273462, 1, 4096, 0
1420, 1703868, 1, 4096, 0
1420, 1479563, 1, 4096, 0
1420, 1883371, 1, 4096, 0
1421, 2428661, 1, 4096, 0
1421, 2105892, 1, 4096, 0
1422, 1900770, 1, 4096, 0
1422, 1711015, 1, 4096, 0
1422, 1325834, 1, 4096, 0
1423, 1802338, 1, 4096, 0
1423, 2681941, 1, 4096, 0
1424, 3147781, 1, 4096, 0
1424, 2441685, 1, 4096, 0
1424, 2036023, 1, 4096, 0
1425, 2073315, 1, 4096, 0
1425, 2529503, 1, 4096, 0
1425, 1363787, 1, 4096, 0
1425, 2427840, 1, 4096, 0
1426, 1364673, 1, 4096, 0
1427, 1924532, 1, 4096, 0
1427, 2657650, 1, 4096, 0
1427, 2005326, 1, 4096, 0
1427, 1702008, 1, 4096, 0
1427, 3090369, 1, 4096, 0
1428, 1570409, 1, 4096, 0
1428, 1473124, 1, 4096, 0
1429, 1366331, 1, 4096, 0
1429, 2020214, 1, 4096, 0
1429, 1995945, 1, 4096, 0
1429, 1565282, 1, 4096, 0
1430, 2695615, 1, 4096, 0
1430, 1414003, 1, 4096, 0
1431, 1602231, 1, 4096, 0
1431, 2816204, 1, 4096, 0
1431, 1495888, 1, 4096, 0
1431, 2497176, 1, 4096, 0
1431, 2552919, 1, 4096, 0
1432, 1401100, 1, 4096, 0
1433, 2331850, 1, 4096, 0
1433, 1960648, 1, 4096, 0
1433, 2116131, 1, 4096, 0
1433, 2173571, 1, 4096, 0
1434, 2780577, 1, 4096, 0
1434, 1627008, 1, 4096, 0
1434, 1646444, 1, 4096, 0
1435, 1467487, 1, 4096, 0
1435, 1638264, 1, 4096, 0
1435, 1271404, 1, 4096, 0
1436, 1745123, 1, 4096, 0
1436, 1940082, 1, 4096, 0
1437, 2002746, 1, 4096, 0
1437, 3740433, 1, 4096, 0
1437, 1544049, 1, 4096, 0
1438, 2690075, 1, 4096, 0
1438, 2961824, 1, 4096, 0
1438, 1975461, 1, 4096, 0
1438, 1354977, 1, 4096, 0
1438, 1472924, 1, 4096, 0
1439, 1767290, 1, 4096, 0
1439, 1721951, 1, 4096, 0
1441, 2425001, 1, 4096, 0
1441, 2425853, 1, 4096, 0
1441, 2278869, 1, 4096, 0
1441, 2440064, 1, 4096, 0
1441, 1668744, 1, 4096, 0
1441, 1494506, 1, 4096, 0
1442, 1544973, 1, 4096, 0
1443, 1845364, 1, 4096, 0
1443, 2172875, 1, 4096, 0
1443, 2074836, 1, 4096, 0
1443, 2407082, 1, 4096, 0
1444, 1396881, 1, 4096, 0
1444, 3395413, 1, 4096, 0
1444, 1297399, 1, 4096, 0
1444, 1648344, 1, 4096, 0
1445, 2014633, 1, 4096, 0
1445, 1600124, 1, 4096, 0
1445, 1351096, 1, 4096, 0
1445, 1232546, 1, 4096, 0
1446, 1631120, 1, 4096, 0
1446, 2198354, 1, 4096, 0
1447, 1903594, 1, 4096, 0
1447, 2142552, 1, 4096, 0
1447, 1834798, 1, 4096, 0
1447, 2550501, 1, 4096, 0
1447, 1296898, 1, 4096, 0
1447, 1058873, 1, 4096, 0
1449, 1630315, 1, 4096, 0
1449, 2764964, 1, 4096, 0
1449, 2256239, 1, 4096, 0
1449, 1979190, 1, 4096, 0
1449, 2391560, 1, 4096, 0
1450, 2389044, 1, 4096, 0
1450, 1170773, 1, 4096, 0
1451, 1476189, 1, 4096, 0
1451, 1554029, 1, 4096, 0
1451, 2739764, 1, 4096, 0
1452, 974575, 1, 4096, 0
1452, 1251716, 1, 4096, 0
1453, 3228196, 1, 4096, 0
1453, 3309231, 1, 4096, 0
1454, 2136243, 1, 4096, 0
1454, 1572424, 1, 4096, 0
1454, 3296802, 1, 4096, 0
1454, 1124113, 1, 4096, 0
1454, 2363227, 1, 4096, 0
1455, 1492763, 1, 4096, 0
1456, 1353346, 1, 4096, 0
1456, 2366500, 1, 4096, 0
1456, 1736555, 1, 4096, 0
1456, 2845995, 1, 4096, 0
1456, 2682796, 1, 4096, 0
1457, 2853969, 1, 4096, 0
1457, 1205417, 1, 4096, 0
1457, 1173611, 1, 4096, 0
1457, 1018932, 1, 4096, 0
1459, 2484026, 1, 4096, 0
1459, 2385633, 1, 4096, 0
1459, 1485449, 1, 4096, 0
1459, 1897292, 1, 4096, 0
1459, 1407459, 1, 4096, 0
1459, 2253932, 1, 4096, 0
1461, 1683399, 1, 4096, 0
1461, 1776916, 1, 4096, 0
1461, 2141330, 1, 4096, 0
1461, 2140208, 1, 4096, 0
1461, 2168672, 1, 4096, 0
1461, 2302913, 1, 4096, 0
1462, 1930117, 1, 4096, 0
1462, 1416949, 1, 4096, 0
1463, 1977066, 1, 4096, 0
1463, 2095788, 1, 4096, 0
1463, 2574462, 1, 4096, 0
1464, 3046993, 1, 4096, 0
1464, 1833651, 1, 4096, 0
1465, 2238815, 1, 4096, 0
1465, 2116997, 1, 4096, 0
1465, 1986868, 1, 4096, 0
1465, 2041229, 1, 4096, 0
1466, 1669104, 1, 4096, 0
1466, 2084397, 1, 4096, 0
1466, 1582675, 1, 4096, 0
1467, 1627388, 1, 4096, 0
1467, 1505537, 1, 4096, 0
1467, 1879987, 1, 4096, 0
1468, 1637765, 1, 4096, 0
1468, 1581701, 1, 4096, 0
1468, 1646534, 1, 4096, 0
1468, 1362228, 1, 4096, 0
1469, 1994810, 1, 4096, 0
1469, 1866726, 1, 4096, 0
1469, 1452236, 1, 4096, 0
1470, 1520231, 1, 4096, 0
1470, 2269712, 1, 4096, 0
1470, 2028837, 1, 4096, 0
1471, 1428099, 1, 4096, 0
1471, 1878662, 1, 4096, 0
1471, 1508045, 1, 4096, 0
1472, 1808668, 1, 4096, 0
1472, 1815147, 1, 4096, 0
1472, 3092307, 1, 4096, 0
1472, 1131350, 1, 4096, 0
1472, 1801207, 1, 4096, 0
1473, 1613259, 1, 4096, 0
1473, 1607451, 1, 4096, 0
1473, 1676312, 1, 4096, 0
1474, 1846006, 1, 4096, 0
1474, 1630820, 1, 4096, 0
1475, 2218528, 1, 4096, 0
1475, 2057773, 1, 4096, 0
1475, 1246393, 1, 4096, 0
1475, 1290060, 1, 4096, 0
1475, 1593370, 1, 4096, 0
1476, 2146867, 1, 4096, 0
1476, 1359925, 1, 4096, 0
1477, 1889359, 1, 4096, 0
1477, 2295543, 1, 4096, 0
1477, 1955057, 1, 4096, 0
1477, 2176825, 1, 4096, 0
1477, 1624884, 1, 4096, 0
1479, 1825432, 1, 4096, 0
1479, 1627609, 1, 4096, 0
1479, 2322387, 1, 4096, 0
1479, 2475447, 1, 4096, 0
1479, 3115089, 1, 4096, 0
1480, 2318622, 1, 4096, 0
1480, 1168277, 1, 4096, 0
1480, 1584140, 1, 4096, 0
1481, 1686423, 1, 4096, 0
1481, 1616693, 1, 4096, 0
1482, 2543713, 1, 4096, 0
1482, 2103571, 1, 4096, 0
1482, 1818333, 1, 4096, 0
1483, 1738141, 1, 4096, 0
1483, 3142445, 1, 4096, 0
1483, 1690393, 1, 4096, 0
1484, 2247072, 1, 4096, 0
1485, 1707564, 1, 4096, 0
1485, 1970423, 1, 4096, 0
1485, 2155995, 1, 4096, 0
1485, 2835649, 1, 4096, 0
1486, 3567027, 1, 4096, 0
1486, 1437325, 1, 4096, 0
1487, 1990967, 1, 4096, 0
1487, 2095471, 1, 4096, 0
1487, 2278734, 1, 4096, 0
1487, 2690172, 1, 4096, 0
1487, 1788499, 1, 4096, 0
1487, 1859256, 1, 4096, 0
1488, 1574256, 1, 4096, 0
1488, 1581604, 1, 4096, 0
1489, 2116957, 1, 4096, 0
1490, 2251654, 1, 4096, 0
1490, 2225803, 1, 4096, 0
1490, 1363007, 1, 4096, 0
1490, 2622128, 1, 4096, 0
1490, 1668106, 1, 4096, 0
1491, 1475561, 1, 4096, 0
1492, 2245774, 1, 4096, 0
1492, 2249415, 1, 4096, 0
1492, 2861194, 1, 4096, 0
1492, 1808870, 1, 4096, 0
1492, 2271049, 1, 4096, 0
1493, 1880725, 1, 4096, 0
1493, 1595661, 1, 4096, 0
1494, 1781997, 1, 4096, 0
1494, 1833245, 1, 4096, 0
1494, 1985033, 1, 4096, 0
1494, 1918996, 1, 4096, 0
1495, 1385827, 1, 4096, 0
1495, 1888520, 1, 4096, 0
1495, 1360461, 1, 4096, 0
1496, 1880902, 1, 4096, 0
1496, 2164119, 1, 4096, 0
1496, 1808494, 1, 4096, 0
1497, 2013266, 1, 4096, 0
1497, 1489280, 1, 4096, 0
1498, 2111037, 1, 4096, 0
1498, 2364909, 1, 4096, 0
1498, 2585369, 1, 4096, 0
1498, 1552212, 1, 4096, 0
1499, 2678304, 1, 4096, 0
1500, 2024990, 1, 4096, 0
1500, 2317877, 1, 4096, 0
1500, 2367160, 1, 4096, 0
1501, 3127327, 1, 4096, 0
1501, 3500555, 1, 4096, 0
1501, 1502174, 1, 4096, 0
1503, 2516593, 1, 4096, 0
1503, 2847221, 1, 4096, 0
1503, 2567786, 1, 4096, 0
1503, 1960121, 1, 4096, 0
1503, 1992740, 1, 4096, 0
1504, 992781, 1, 4096, 0
1504, 2950953, 1, 4096, 0
1504, 1445380, 1, 4096, 0
1504, 1567184, 1, 4096, 0
1504, 1482966, 1, 4096, 0
1505, 2092705, 1, 4096, 0
1505, 1542209, 1, 4096, 0
1506, 1828303, 1, 4096, 0
1506, 1769587, 1, 4096, 0
1506, 2320598, 1, 4096, 0
1507, 1893834, 1, 4096, 0
1507, 2699330, 1, 4096, 0
1507, 1626486, 1, 4096, 0
1508, 1464027, 1, 4096, 0
1508, 1577226, 1, 4096, 0
1508, 2892737, 1, 4096, 0
1508, 2405164, 1, 4096, 0
1508, 1266909, 1, 4096, 0
1509, 2042502, 1, 4096, 0
1510, 1452729, 1, 4096, 0
1510, 2135865, 1, 4096, 0
1510, 2002028, 1, 4096, 0
1511, 2934266, 1, 4096, 0
1511, 1515695, 1, 4096, 0
1511, 3164243, 1, 4096, 0
1512, 2091950, 1, 4096, 0
1512, 1597241, 1, 4096, 0
1512, 2136859, 1, 4096, 0
1513, 1906386, 1, 4096, 0
1513, 1939303, 1, 4096, 0
1513, 1922212, 1, 4096, 0
1513, 2314067, 1, 4096, 0
1514, 1930559, 1, 4096, 0
1515, 1758712, 1, 4096, 0
1515, 2434250, 1, 4096, 0
1515, 1321517, 1, 4096, 0
1516, 2308443, 1, 4096, 0
1516, 2016596, 1, 4096, 0
1516, 2437721, 1, 4096, 0
1516, 1584868, 1, 4096, 0
1517, 2021766, 1, 4096, 0
1517, 2619585, 1, 4096, 0
1518, 1963416, 1, 4096, 0
1518, 1299848, 1, 4096, 0
1518, 1859545, 1, 4096, 0
1518, 2593089, 1, 4096, 0
1518, 1727094, 1, 4096, 0
1519, 1351529, 1, 4096, 0
1519, 1488907, 1, 4096, 0
1520, 2097856, 1, 4096, 0
1520, 1500835, 1, 4096, 0
1520, 1472977, 1, 4096, 0
1520, 1318764, 1, 4096, 0
1521, 1775032, 1, 4096, 0
1521, 3392704, 1, 4096, 0
1521, 1681991, 1, 4096, 0
1522, 1689419, 1, 4096, 0
1522, 1832046, 1, 4096, 0
1522, 2271455, 1, 4096, 0
1523, 1377754, 1, 4096, 0
1523, 2378558, 1, 4096, 0
1523, 1915675, 1, 4096, 0
1524, 2198136, 1, 4096, 0
1524, 2227456, 1, 4096, 0
1524, 2082299, 1, 4096, 0
1525, 1357452, 1, 4096, 0
1526, 1150082, 1, 4096, 0
1526, 1899926, 1, 4096, 0
1526, 3186788, 1, 4096, 0
1526, 2494523, 1, 4096, 0
1526, 2461027, 1, 4096, 0
1526, 1129312, 1, 4096, 0
1527, 1469434, 1, 4096, 0
1527, 1593586, 1, 4096, 0
1527, 1200751, 1, 4096, 0
1528, 1818412, 1, 4096, 0
1528, 2193785, 1, 4096, 0
1528, 2168531, 1, 4096, 0
1529, 1082644, 1, 4096, 0
1529, 1395377, 1, 4096, 0
1529, 2374813, 1, 4096, 0
1530, 2409311, 1, 4096, 0
1530, 1687609, 1, 4096, 0
1530, 1682908, 1, 4096, 0
1531, 1827023, 1, 4096, 0
1531, 2211965, 1, 4096, 0
1531, 1307694, 1, 4096, 0
1531, 1567132, 1, 4096, 0
1531, 1357025, 1, 4096, 0
1531, 1795096, 1, 4096, 0
1532, 1296183, 1, 4096, 0
1532, 1481045, 1, 4096, 0
1532, 1464716, 1, 4096, 0
1533, 1584609, 1, 4096, 0
1533, 2102245, 1, 4096, 0
1534, 1459768, 1, 4096, 0
1534, 1465390, 1, 4096, 0
1534, 2377336, 1, 4096, 0
1534, 1515328, 1, 4096, 0
1534, 1469043, 1, 4096, 0
1535, 1420669, 1, 4096, 0
1536, 3152768, 1, 4096, 0
1536, 2065512, 1, 4096, 0
1536, 2064445, 1, 4096, 0
1536, 1857139, 1, 4096, 0
1537, 1490153, 1, 4096, 0
1537, 2986626, 1, 4096, 0
1538, 2132887, 1, 4096, 0
1538, 2110409, 1, 4096, 0
1538, 2477993, 1, 4096, 0
1538, 2414747, 1, 4096, 0
1539, 1384270, 1, 4096, 0
1539, 2571435, 1, 4096, 0
1540, 1975923, 1, 4096, 0
1540, 1816886, 1, 4096, 0
1540, 2210400, 1, 4096, 0
1540, 2102958, 1, 4096, 0
1541, 2092178, 1, 4096, 0
1541, 1383038, 1, 4096, 0
1542, 1606546, 1, 4096, 0
1542, 1720863, 1, 4096, 0
1542, 3163677, 1, 4096, 0
1543, 1291821, 1, 4096, 0
1543, 2293501, 1, 4096, 0
1543, 1887452, 1, 4096, 0
1543, 1718191, 1, 4096, 0
1544, 1368160, 1, 4096, 0
1544, 1957088, 1, 4096, 0
1544, 1699903, 1, 4096, 0
1545, 2101767, 1, 4096, 0
1545, 2042746, 1, 4096, 0
1545, 2063036, 1, 4096, 0
1545, 1176165, 1, 4096, 0
1546, 1549535, 1, 4096, 0
1546, 2053675, 1, 4096, 0
1546, 1551495, 1, 4096, 0
1547, 1713385, 1, 4096, 0
1547, 2705796, 1, 4096, 0
1548, 2377620, 1, 4096, 0
1548, 1684271, 1, 4096, 0
1548, 1597318, 1, 4096, 0
1548, 2891287, 1, 4096, 0
1549, 1583872, 1, 4096, 0
1549, 1197238, 1, 4096, 0
1549, 1518200, 1, 4096, 0
1550, 1080684, 1, 4096, 0
1550, 2165648, 1, 4096, 0
1550, 2206363, 1, 4096, 0
1551, 1514527, 1, 4096, 0
1551, 1797108, 1, 4096, 0
1551, 1779351, 1, 4096, 0
1552, 1650765, 1, 4096, 0
1552, 2825999, 1, 4096, 0
1552, 2115235, 1, 4096, 0
1553, 1657455, 1, 4096, 0
1553, 2339645, 1, 4096, 0
1553, 1472276, 1, 4096, 0
1554, 2103293, 1, 4096, 0
1554, 3176949, 1, 4096, 0
1554, 1986122, 1, 4096, 0
1555, 1612327, 1, 4096, 0
1555, 2183101, 1, 4096, 0
1556, 2191528, 1, 4096, 0
1556, 1609707, 1, 4096, 0
1556, 3128333, 1, 4096, 0
1556, 2266971, 1, 4096, 0
1557, 2917657, 1, 4096, 0
1557, 1663074, 1, 4096, 0
1558, 1993520, 1, 4096, 0
1558, 1611431, 1, 4096, 0
1558, 1517749, 1, 4096, 0
1558, 1902016, 1, 4096, 0
1558, 1952140, 1, 4096, 0
1558, 1261422, 1, 4096, 0
1559, 1603794, 1, 4096, 0
1560, 1684733, 1, 4096, 0
1560, 1954736, 1, 4096, 0
1560, 1760400, 1, 4096, 0
1560, 1873651, 1, 4096, 0
1560, 2097712, 1, 4096, 0
1561, 1673065, 1, 4096, 0
1562, 1958473, 1, 4096, 0
1562, 2146457, 1, 4096, 0
1562, 2233381, 1, 4096, 0
1563, 2721335, 1, 4096, 0
1563, 2671270, 1, 4096, 0
1563, 1791010, 1, 4096, 0
1563, 1562305, 1, 4096, 0
1564, 1147376, 1, 4096, 0
1564, 1933570, 1, 4096, 0
1564, 2381945, 1, 4096, 0
1565, 2275150, 1, 4096, 0
1565, 1793642, 1, 4096, 0
1565, 2311287, 1, 4096, 0
1566, 2273678, 1, 4096, 0
1566, 2223385, 1, 4096, 0
1566, 1614251, 1, 4096, 0
1567, 1251779, 1, 4096, 0
1567, 1669742, 1, 4096, 0
1568, 3258462, 1, 4096, 0
1568, 1682053, 1, 4096, 0
1568, 1743885, 1, 4096, 0
1569, 2372579, 1, 4096, 0
1569, 2143715, 1, 4096, 0
1569, 1335868, 1, 4096, 0
1569, 2754064, 1, 4096, 0
1570, 1392361, 1, 4096, 0
1570, 1677662, 1, 4096, 0
1570, 1334133, 1, 4096, 0
1571, 1737518, 1, 4096, 0
1571, 1926168, 1, 4096, 0
1571, 1729972, 1, 4096, 0
1571, 1492241, 1, 4096, 0
1572, 1705644, 1, 4096, 0
1572, 2613505, 1, 4096, 0
1573, 2361460, 1, 4096, 0
1573, 2030348, 1, 4096, 0
1574, 2725753, 1, 4096, 0
1574, 2799395, 1, 4096, 0
1574, 1958034, 1, 4096, 0
1574, 2074880, 1, 4096, 0
1575, 1590406, 1, 4096, 0
1576, 2426970, 1, 4096, 0
1576, 1842204, 1, 4096, 0
1576, 1949914, 1, 4096, 0
1576, 2087609, 1, 4096, 0
1576, 1405537, 1, 4096, 0
1577, 1132305, 1, 4096, 0
1577, 1642676, 1, 4096, 0
1577, 2689751, 1, 4096, 0
1577, 1205809, 1, 4096, 0
1578, 2080664, 1, 4096, 0
1578, 2063604, 1, 4096, 0
1578, 1285465, 1, 4096, 0
1579, 2085682, 1, 4096, 0
1579, 2013891, 1, 4096, 0
1579, 2267131, 1, 4096, 0
1580, 2289086, 1, 4096, 0
1580, 2225628, 1, 4096, 0
1581, 1780311, 1, 4096, 0
1581, 1513432, 1, 4096, 0
1581, 1071981, 1, 4096, 0
1582, 3111141, 1, 4096, 0
1582, 2249578, 1, 4096, 0
1582, 1589140, 1, 4096, 0
1583, 1781928, 1, 4096, 0
1583, 1786291, 1, 4096, 0
1583, 1403338, 1, 4096, 0
1583, 1680518, 1, 4096, 0
1584, 2746385, 1, 4096, 0
1584, 1629095, 1, 4096, 0
1584, 2637913, 1, 4096, 0
1585, 2015065, 1, 4096, 0
1585, 1863770, 1, 4096, 0
1585, 1427209, 1, 4096, 0
1586, 2617885, 1, 4096, 0
1586, 1263575, 1, 4096, 0
1587, 2562835, 1, 4096, 0
1587, 2689438, 1, 4096, 0
1587, 2139161, 1, 4096, 0
1587, 1893401, 1, 4096, 0
1588, 2080313, 1, 4096, 0
1588, 1695778, 1, 4096, 0
1589, 2115418, 1, 4096, 0
1589, 1668527, 1, 4096, 0
1589, 1880704, 1, 4096, 0
1589, 2145883, 1, 4096, 0
1590, 1473196, 1, 4096, 0
1590, 1654112, 1, 4096, 0
1590, 1969054, 1, 4096, 0
1591, 1794723, 1, 4096, 0
1591, 1945732, 1, 4096, 0
1591, 1389606, 1, 4096, 0
1591, 1140246, 1, 4096, 0
1592, 1317933, 1, 4096, 0
1592, 3441576, 1, 4096, 0
1592, 1506531, 1, 4096, 0
1593, 1856503, 1, 4096, 0
1593, 1483189, 1, 4096, 0
1593, 1977155, 1, 4096, 0
1593, 1202716, 1, 4096, 0
1594, 1789175, 1, 4096, 0
1594, 2026404, 1, 4096, 0
1595, 1835252, 1, 4096, 0
1595, 1492135, 1, 4096, 0
1595, 2300597, 1, 4096, 0
1595, 2542173, 1, 4096, 0
1596, 3019715, 1, 4096, 0
1596, 1688228, 1, 4096, 0
1596, 1274645, 1, 4096, 0
1596, 1288553, 1, 4096, 0
1597, 1826110, 1, 4096, 0
1597, 1322234, 1, 4096, 0
1598, 1852848, 1, 4096, 0
1598, 2225333, 1, 4096, 0
1598, 1980229, 1, 4096, 0
1599, 3464796, 1, 4096, 0
1599, 1625383, 1, 4096, 0
1599, 2016565, 1, 4096, 0
1599, 1832358, 1, 4096, 0
1600, 2841303, 1, 4096, 0
1600, 1775780, 1, 4096, 0
1601, 1338540, 1, 4096, 0
1601, 1413059, 1, 4096, 0
1601, 1595212, 1, 4096, 0
1602, 1706637, 1, 4096, 0
1602, 1694020, 1, 4096, 0
1602, 1635658, 1, 4096, 0
1603, 3330726, 1, 4096, 0
1603, 2273997, 1, 4096, 0
1603, 1481396, 1, 4096, 0
1603, 2516432, 1, 4096, 0
1604, 1189247, 1, 4096, 0
1604, 1518945, 1, 4096, 0
1605, 2308806, 1, 4096, 0
1605, 1830558, 1, 4096, 0
1605, 1863282, 1, 4096, 0
1606, 1564706, 1, 4096, 0
1606, 1894981, 1, 4096, 0
1606, 1740259, 1, 4096, 0
1607, 1430857, 1, 4096, 0
1607, 1563354, 1, 4096, 0
1608, 6024539, 1, 4096, 0
1608, 1961750, 1, 4096, 0
1608, 1544146, 1, 4096, 0
1609, 1753224, 1, 4096, 0
1609, 2098530, 1, 4096, 0
1609, 2945572, 1, 4096, 0
1609, 1154731, 1, 4096, 0
1610, 2426614, 1, 4096, 0
1610, 2485131, 1, 4096, 0
1610, 1505934, 1, 4096, 0
1611, 1819708, 1, 4096, 0
1611, 1864221, 1, 4096, 0
1611, 2689118, 1, 4096, 0
1612, 1349489, 1, 4096, 0
1612, 1970244, 1, 4096, 0
1612, 1924694, 1, 4096, 0
1613, 1742944, 1, 4096, 0
1613, 2124210, 1, 4096, 0
1613, 1438134, 1, 4096, 0
1614, 2418684, 1, 4096, 0
1614, 1744046, 1, 4096, 0
1614, 1714871, 1, 4096, 0
1615, 2180312, 1, 4096, 0
1615, 2322732, 1, 4096, 0
1615, 1287683, 1, 4096, 0
1615, 1751859, 1, 4096, 0
1616, 1457191, 1, 4096, 0
1616, 2443301, 1, 4096, 0
1616, 966140, 1, 4096, 0
1617, 1751549, 1, 4096, 0
1617, 1841928, 1, 4096, 0
1617, 1567273, 1, 4096, 0
1617, 1955116, 1, 4096, 0
1617, 2055142, 1, 4096, 0
1618, 1475366, 1, 4096, 0
1618, 1565122, 1, 4096, 0
1619, 2091632, 1, 4096, 0
1619, 1769584, 1, 4096, 0
1620, 2314931, 1, 4096, 0
1620, 1211978, 1, 4096, 0
1620, 1680214, 1, 4096, 0
1620, 2625812, 1, 4096, 0
1621, 1780566, 1, 4096, 0
1621, 3026995, 1, 4096, 0
1622, 1543897, 1, 4096, 0
1622, 2204435, 1, 4096, 0
1622, 1985181, 1, 4096, 0
1622, 2413890, 1, 4096, 0
1622, 1450856, 1, 4096, 0
1623, 1743038, 1, 4096, 0
1623, 1354249, 1, 4096, 0
1623, 1813970, 1, 4096, 0
1624, 1486384, 1, 4096, 0
1624, 1721749, 1, 4096, 0
1624, 2264703, 1, 4096, 0
1624, 1760619, 1, 4096, 0
1625, 1873422, 1, 4096, 0
1625, 1445664, 1, 4096, 0
1626, 2080925, 1, 4096, 0
1626, 1690800, 1, 4096, 0
1626, 2365071, 1, 4096, 0
1627, 2395117, 1, 4096, 0
1628, 2426686, 1, 4096, 0
1628, 2258109, 1, 4096, 0
1628, 1470759, 1, 4096, 0
1628, 1941173, 1, 4096, 0
1629, 1191993, 1, 4096, 0
1629, 2454162, 1, 4096, 0
1629, 3772616, 1, 4096, 0
1630, 1931394, 1, 4096, 0
1630, 2078541, 1, 4096, 0
1630, 2381013, 1, 4096, 0
1631, 1547955, 1, 4096, 0
1631, 2089174, 1, 4096, 0
1631, 1956679, 1, 4096, 0
1631, 1503972, 1, 4096, 0
1631, 1769842, 1, 4096, 0
1632, 1555388, 1, 4096, 0
1632, 983471, 1, 4096, 0
1632, 1523159, 1, 4096, 0
1634, 2285870, 1, 4096, 0
1634, 1367591, 1, 4096, 0
1634, 2383819, 1, 4096, 0
1634, 2355750, 1, 4096, 0
1634, 2272292, 1, 4096, 0
1635, 2448564, 1, 4096, 0
1636, 1912435, 1, 4096, 0
1636, 1710657, 1, 4096, 0
1636, 1163588, 1, 4096, 0
1636, 2203022, 1, 4096, 0
1637, 2702440, 1, 4096, 0
1637, 2991818, 1, 4096, 0
1637, 1386778, 1, 4096, 0
1637, 1551610, 1, 4096, 0
1637, 1794953, 1, 4096, 0
1638, 2209548, 1, 4096, 0
1639, 2275161, 1, 4096, 0
1639, 2464822, 1, 4096, 0
1639, 1924548, 1, 4096, 0
1639, 2107399, 1, 4096, 0
1640, 2315002, 1, 4096, 0
1640, 1701565, 1, 4096, 0
1641, 1797628, 1, 4096, 0
1641, 2056694, 1, 4096, 0
1641, 2043539, 1, 4096, 0
1641, 1608331, 1, 4096, 0
1642, 2321694, 1, 4096, 0
1642, 1214125, 1, 4096, 0
1642, 3052739, 1, 4096, 0
1643, 1967249, 1, 4096, 0
1643, 1156607, 1, 4096, 0
1643, 2453373, 1, 4096, 0
1644, 2750705, 1, 4096, 0
1644, 1448121, 1, 4096, 0
1644, 1806447, 1, 4096, 0
1644, 2405567, 1, 4096, 0
1645, 1441165, 1, 4096, 0
1645, 1923974, 1, 4096, 0
1646, 1419439, 1, 4096, 0
1646, 1522527, 1, 4096, 0
1646, 1518229, 1, 4096, 0
1646, 1640352, 1, 4096, 0
1647, 1130654, 1, 4096, 0
1647, 1694625, 1, 4096, 0
1647, 1423617, 1, 4096, 0
1648, 1961258, 1, 4096, 0
1648, 3262946, 1, 4096, 0
1649, 1457573, 1, 4096, 0
1649, 2536204, 1, 4096, 0
1649, 2124082, 1, 4096, 0
1650, 2653134, 1, 4096, 0
1650, 2157741, 1, 4096, 0
1650, 1640207, 1, 4096, 0
1651, 2795311, 1, 4096, 0
1651, 1781173, 1, 4096, 0
1651, 2129643, 1, 4096, 0
1651, 976536, 1, 4096, 0
1651, 1476535, 1, 4096, 0
1652, 1691370, 1, 4096, 0
1653, 1723818, 1, 4096, 0
1653, 1782779, 1, 4096, 0
1653, 1459056, 1, 4096, 0
1653, 1781386, 1, 4096, 0
1653, 2513828, 1, 4096, 0
1653, 1260344, 1, 4096, 0
1654, 1410272, 1, 4096, 0
1654, 1260530, 1, 4096, 0
1655, 2076668, 1, 4096, 0
1655, 1988775, 1, 4096, 0
1655, 2116945, 1, 4096, 0
1655, 2310261, 1, 4096, 0
1656, 1969468, 1, 4096, 0
1656, 1465192, 1, 4096, 0
1657, 2505845, 1, 4096, 0
1657, 1603325, 1, 4096, 0
1657, 2072903, 1, 4096, 0
1658, 2617655, 1, 4096, 0
1658, 1512082, 1, 4096, 0
1658, 2223219, 1, 4096, 0
1658, 2351399, 1, 4096, 0
1659, 1785946, 1, 4096, 0
1659, 2109498, 1, 4096, 0
1660, 1540925, 1, 4096, 0
1660, 1652182, 1, 4096, 0
1660, 1404950, 1, 4096, 0
1660, 2056728, 1, 4096, 0
1660, 2040151, 1, 4096, 0
1661, 1889519, 1, 4096, 0
1661, 1562211, 1, 4096, 0
1661, 1454737, 1, 4096, 0
1662, 1592422, 1, 4096, 0
1662, 1439187, 1, 4096, 0
1663, 2023572, 1, 4096, 0
1663, 2429622, 1, 4096, 0
1663, 1194540, 1, 4096, 0
1663, 1730920, 1, 4096, 0
1664, 2446609, 1, 4096, 0
1664, 2153116, 1, 4096, 0
1664, 1379155, 1, 4096, 0
1665, 2081357, 1, 4096, 0
1665, 2304256, 1, 4096, 0
1665, 1476143, 1, 4096, 0
1665, 2280185, 1, 4096, 0
1666, 1855295, 1, 4096, 0
1666, 2061084, 1, 4096, 0
1666, 1702565, 1, 4096, 0
1667, 1989154, 1, 4096, 0
1667, 1821688, 1, 4096, 0
1667, 1762917, 1, 4096, 0
1667, 1617134, 1, 4096, 0
1668, 1246844, 1, 4096, 0
1668, 1720353, 1, 4096, 0
1668, 1182331, 1, 4096, 0
1669, 1795127, 1, 4096, 0
1669, 1995703, 1, 4096, 0
1669, 1760763, 1, 4096, 0
1670, 2315769, 1, 4096, 0
1670, 2034402, 1, 4096, 0
1670, 1797371, 1, 4096, 0
1671, 1299787, 1, 4096, 0
1671, 1189743, 1, 4096, 0
1671, 1283489, 1, 4096, 0
1671, 1897782, 1, 4096, 0
1671, 2024155, 1, 4096, 0
1672, 1495962, 1, 4096, 0
1672, 1532702, 1, 4096, 0
1672, 1542211, 1, 4096, 0
1673, 1849892, 1, 4096, 0
1673, 2067301, 1, 4096, 0
1673, 1751748, 1, 4096, 0
1674, 1370037, 1, 4096, 0
1674, 3069213, 1, 4096, 0
1674, 1778474, 1, 4096, 0
1675, 1846117, 1, 4096, 0
1675, 1731305, 1, 4096, 0
1675, 2036384, 1, 4096, 0
1676, 2232371, 1, 4096, 0
1676, 1995957, 1, 4096, 0
1676, 2261359, 1, 4096, 0
1678, 1749975, 1, 4096, 0
1678, 2600093, 1, 4096, 0
1678, 2688238, 1, 4096, 0
1678, 2148879, 1, 4096, 0
1679, 3658720, 1, 4096, 0
1679, 1800621, 1, 4096, 0
1679, 1251144, 1, 4096, 0
1680, 3360914, 1, 4096, 0
1680, 2304519, 1, 4096, 0
1680, 1429861, 1, 4096, 0
1681, 1603859, 1, 4096, 0
1681, 3358188, 1, 4096, 0
1682, 1063702, 1, 4096, 0
1682, 2601310, 1, 4096, 0
1682, 3019993, 1, 4096, 0
1683, 2436435, 1, 4096, 0
1683, 2698978, 1, 4096, 0
1683, 1816994, 1, 4096, 0
1684, 1532398, 1, 4096, 0
1684, 1848016, 1, 4096, 0
1684, 1520330, 1, 4096, 0
1684, 1768803, 1, 4096, 0
1684, 1605500, 1, 4096, 0
1685, 2360931, 1, 4096, 0
1685, 1439069, 1, 4096, 0
1686, 2145732, 1, 4096, 0
1686, 2331831, 1, 4096, 0
1687, 2134723, 1, 4096, 0
1687, 2132460, 1, 4096, 0
1687, 1278239, 1, 4096, 0
1687, 2095038, 1, 4096, 0
1688, 1248528, 1, 4096, 0
1688, 1481795, 1, 4096, 0
1688, 1700264, 1, 4096, 0
1688, 1802354, 1, 4096, 0
1689, 1934708, 1, 4096, 0
1689, 1967590, 1, 4096, 0
1689, 1079449, 1, 4096, 0
1689, 1937044, 1, 4096, 0
1690, 1908242, 1, 4096, 0
1691, 2138456, 1, 4096, 0
1691, 1680067, 1, 4096, 0
1691, 2234427, 1, 4096, 0
1691, 2407119, 1, 4096, 0
1692, 1383417, 1, 4096, 0
1692, 1330841, 1, 4096, 0
1692, 2808403, 1, 4096, 0
1692, 1608110, 1, 4096, 0
1693, 1809319, 1, 4096, 0
1693, 2088307, 1, 4096, 0
1694, 2123463, 1, 4096, 0
1694, 1786118, 1, 4096, 0
1694, 2414625, 1, 4096, 0
1695, 1845728, 1, 4096, 0
1695, 1192428, 1, 4096, 0
1696, 2045170, 1, 4096, 0
1696, 3403054, 1, 4096, 0
1696, 2708766, 1, 4096, 0
1696, 1897010, 1, 4096, 0
1697, 1968523, 1, 4096, 0
1697, 1369996, 1, 4096, 0
1697, 1677092, 1, 4096, 0
1697, 1679519, 1, 4096, 0
1698, 2155917, 1, 4096, 0
1699, 1822374, 1, 4096, 0
1699, 1488785, 1, 4096, 0
1699, 2605149, 1, 4096, 0
1699, 1526475, 1, 4096, 0
1700, 2283767, 1, 4096, 0
1700, 2023874, 1, 4096, 0
1701, 2060132, 1, 4096, 0
1701, 2123526, 1, 4096, 0
1701, 2082211, 1, 4096, 0
1702, 1873304, 1, 4096, 0
1702, 2336236, 1, 4096, 0
1702, 3545724, 1, 4096, 0
1702, 1785023, 1, 4096, 0
1703, 1661946, 1, 4096, 0
1704, 3067957, 1, 4096, 0
1704, 2344379, 1, 4096, 0
1704, 1892056, 1, 4096, 0
1704, 2076976, 1, 4096, 0
1705, 2153764, 1, 4096, 0
1705, 2105508, 1, 4096, 0
1705, 1440661, 1, 4096, 0
1706, 1520718, 1, 4096, 0
1706, 1908609, 1, 4096, 0
1706, 1439238, 1, 4096, 0
1707, 2895996, 1, 4096, 0
1707, 1981707, 1, 4096, 0
1707, 1690260, 1, 4096, 0
1707, 1319113, 1, 4096, 0
1708, 1599821, 1, 4096, 0
1708, 2481810, 1, 4096, 0
1708, 1755275, 1, 4096, 0
1709, 1906163, 1, 4096, 0
1709, 1891790, 1, 4096, 0
1709, 2153473, 1, 4096, 0
1710, 1348998, 1, 4096, 0
1710, 2105689, 1, 4096, 0
1710, 2513297, 1, 4096, 0
1710, 1885929, 1, 4096, 0
1711, 1588084, 1, 4096, 0
1712, 1942738, 1, 4096, 0
1712, 1713603, 1, 4096, 0
1712, 1499071, 1, 4096, 0
1712, 2958366, 1, 4096, 0
1712, 2524113, 1, 4096, 0
1713, 3225836, 1, 4096, 0
1714, 1879184, 1, 4096, 0
1714, 1627802, 1, 4096, 0
1714, 1889222, 1, 4096, 0
1714, 2230021, 1, 4096, 0
1715, 2667613, 1, 4096, 0
1715, 2242386, 1, 4096, 0
1716, 2081008, 1, 4096, 0
1716, 2132019, 1, 4096, 0
1716, 1494168, 1, 4096, 0
1717, 1177402, 1, 4096, 0
1717, 2334092, 1, 4096, 0
1717, 2778668, 1, 4096, 0
1717, 1272191, 1, 4096, 0
1718, 1563170, 1, 4096, 0
1718, 2140344, 1, 4096, 0
1719, 1301155, 1, 4096, 0
1719, 2407071, 1, 4096, 0
1719, 2219314, 1, 4096, 0
1720, 2166151, 1, 4096, 0
1720, 2096008, 1, 4096, 0
1721, 1823416, 1, 4096, 0
1721, 2381562, 1, 4096, 0
1721, 1501213, 1, 4096, 0
1721, 2620275, 1, 4096, 0
1722, 2806065, 1, 4096, 0
1722, 1897623, 1, 4096, 0
1723, 1557255, 1, 4096, 0
1723, 2090859, 1, 4096, 0
1724, 2993369, 1, 4096, 0
1724, 2699892, 1, 4096, 0
1724, 2288969, 1, 4096, 0
1724, 1903821, 1, 4096, 0
1724, 1587277, 1, 4096, 0
1724, 1536276, 1, 4096, 0
1725, 1324273, 1, 4096, 0
1725, 1506522, 1, 4096, 0
1726, 1442473, 1, 4096, 0
1726, 2213925, 1, 4096, 0
1726, 2402492, 1, 4096, 0
1727, 1678138, 1, 4096, 0
1727, 2653389, 1, 4096, 0
1728, 2087347, 1, 4096, 0
1728, 1888389, 1, 4096, 0
1728, 1902136, 1, 4096, 0
1728, 2667467, 1, 4096, 0
1728, 1397274, 1, 4096, 0
1729, 1347369, 1, 4096, 0
1729, 1363587, 1, 4096, 0
1729, 1440992, 1, 4096, 0
1730, 2673366, 1, 4096, 0
1730, 1847272, 1, 4096, 0
1730, 2153120, 1, 4096, 0
1731, 1565280, 1, 4096, 0
1731, 2090659, 1, 4096, 0
1731, 1433643, 1, 4096, 0
1732, 2301132, 1, 4096, 0
1732, 1472073, 1, 4096, 0
1733, 1901539, 1, 4096, 0
1733, 1268972, 1, 4096, 0
1734, 2360554, 1, 4096, 0
1734, 1909660, 1, 4096, 0
1734, 4113957, 1, 4096, 0
1734, 2043553, 1, 4096, 0
1735, 1809436, 1, 4096, 0
1735, 1989071, 1, 4096, 0
1736, 2104771, 1, 4096, 0
1736, 1936378, 1, 4096, 0
1736, 1745652, 1, 4096, 0
1736, 1962825, 1, 4096, 0
1737, 2822421, 1, 4096, 0
1737, 2875911, 1, 4096, 0
1738, 1827423, 1, 4096, 0
1738, 1866033, 1, 4096, 0
1738, 1845662, 1, 4096, 0
1738, 1884160, 1, 4096, 0
1739, 2115892, 1, 4096, 0
1739, 2325098, 1, 4096, 0
1739, 1054697, 1, 4096, 0
1739, 1765694, 1, 4096, 0
1740, 2064214, 1, 4096, 0
1740, 1959378, 1, 4096, 0
1741, 2088500, 1, 4096, 0
1741, 1545407, 1, 4096, 0
1741, 1951736, 1, 4096, 0
1741, 1689658, 1, 4096, 0
1742, 951517, 1, 4096, 0
1742, 1685916, 1, 4096, 0
1742, 2824821, 1, 4096, 0
1742, 1371587, 1, 4096, 0
1743, 2231998, 1, 4096, 0
1743, 1811271, 1, 4096, 0
1744, 1305139, 1, 4096, 0
1744, 1474697, 1, 4096, 0
1744, 1919684, 1, 4096, 0
1745, 1420019, 1, 4096, 0
1745, 1757184, 1, 4096, 0
1745, 1402935, 1, 4096, 0
1745, 3129407, 1, 4096, 0
1745, 1552864, 1, 4096, 0
1745, 1444887, 1, 4096, 0
1746, 1074725, 1, 4096, 0
1746, 1519681, 1, 4096, 0
1747, 1801531, 1, 4096, 0
1747, 1940622, 1, 4096, 0
1747, 1775990, 1, 4096, 0
1747, 2041790, 1, 4096, 0
1747, 1223864, 1, 4096, 0
1748, 2396441, 1, 4096, 0
1748, 1481719, 1, 4096, 0
1749, 1855001, 1, 4096, 0
1749, 1806929, 1, 4096, 0
1749, 1674683, 1, 4096, 0
1750, 1338992, 1, 4096, 0
1750, 2518102, 1, 4096, 0
1750, 1083252, 1, 4096, 0
1751, 1904842, 1, 4096, 0
1751, 2590237, 1, 4096, 0
1751, 2405122, 1, 4096, 0
1751, 1678073, 1, 4096, 0
1752, 1958866, 1, 4096, 0
1752, 2124155, 1, 4096, 0
1752, 1469857, 1, 4096, 0
1753, 1948742, 1, 4096, 0
1754, 1729186, 1, 4096, 0
1754, 2583906, 1, 4096, 0
1754, 2410117, 1, 4096, 0
1754, 1911646, 1, 4096, 0
1754, 1946024, 1, 4096, 0
1755, 1398379, 1, 4096, 0
1755, 1884675, 1, 4096, 0
1756, 2107478, 1, 4096, 0
1756, 2483013, 1, 4096, 0
1756, 2134673, 1, 4096, 0
1757, 2902900, 1, 4096, 0
1757, 1240023, 1, 4096, 0
1757, 1504732, 1, 4096, 0
1758, 1274743, 1, 4096, 0
1758, 1412299, 1, 4096, 0
1758, 1593537, 1, 4096, 0
1758, 2513645, 1, 4096, 0
1758, 1945020, 1, 4096, 0
1759, 1825256, 1, 4096, 0
1760, 1886315, 1, 4096, 0
1760, 1652141, 1, 4096, 0
1760, 3556763, 1, 4096, 0
1760, 1672607, 1, 4096, 0
1761, 2189672, 1, 4096, 0
1762, 2557220, 1, 4096, 0
1762, 1677409, 1, 4096, 0
1762, 2482071, 1, 4096, 0
1762, 2635500, 1, 4096, 0
1763, 2656324, 1, 4096, 0
1763, 2781496, 1, 4096, 0
1764, 2041615, 1, 4096, 0
1764, 1562291, 1, 4096, 0
1764, 1979366, 1, 4096, 0
1764, 1885121, 1, 4096, 0
1765, 2160108, 1, 4096, 0
1765, 2678544, 1, 4096, 0
1766, 1205351, 1, 4096, 0
1766, 2068031, 1, 4096, 0
1767, 2277667, 1, 4096, 0
1767, 1535184, 1, 4096, 0
1767, 2169823, 1, 4096, 0
1767, 2144341, 1, 4096, 0
1768, 1513874, 1, 4096, 0
1768, 1346101, 1, 4096, 0
1768, 2876109, 1, 4096, 0
1769, 1016472, 1, 4096, 0
1769, 1844019, 1, 4096, 0
1769, 2154150, 1, 4096, 0
1769, 2407949, 1, 4096, 0
1769, 1055849, 1, 4096, 0
1770, 2012952, 1, 4096, 0
1770, 1820950, 1, 4096, 0
1770, 1782388, 1, 4096, 0
1771, 1827559, 1, 4096, 0
1771, 1769653, 1, 4096, 0
1771, 1991767, 1, 4096, 0
1772, 1641403, 1, 4096, 0
1772, 1650862, 1, 4096, 0
1772, 1785772, 1, 4096, 0
1772, 1511650, 1, 4096, 0
1773, 1869463, 1, 4096, 0
1773, 2965759, 1, 4096, 0
1774, 1656446, 1, 4096, 0
1774, 1787286, 1, 4096, 0
1774, 1783785, 1, 4096, 0
1775, 2541011, 1, 4096, 0
1775, 984774, 1, 4096, 0
1775, 2599429, 1, 4096, 0
1775, 1659716, 1, 4096, 0
1776, 1821447, 1, 4096, 0
1776, 2712358, 1, 4096, 0
1776, 1269902, 1, 4096, 0
1777, 1507455, 1, 4096, 0
1777, 1813537, 1, 4096, 0
1777, 1071862, 1, 4096, 0
1777, 1734237, 1, 4096, 0
1778, 2223822, 1, 4096, 0
1779, 1214541, 1, 4096, 0
1779, 1199554, 1, 4096, 0
1779, 1507020, 1, 4096, 0
1779, 3787131, 1, 4096, 0
1779, 2672336, 1, 4096, 0
1780, 1607935, 1, 4096, 0
1780, 1369478, 1, 4096, 0
1780, 1798739, 1, 4096, 0
1780, 1922037, 1, 4096, 0
1781, 1580603, 1, 4096, 0
1782, 2250779, 1, 4096, 0
1782, 1545320, 1, 4096, 0
1782, 1760456, 1, 4096, 0
1782, 1365424, 1, 4096, 0
1782, 1406441, 1, 4096, 0
1782, 2043829, 1, 4096, 0
1783, 1193394, 1, 4096, 0
1784, 2232153, 1, 4096, 0
1784, 2576678, 1, 4096, 0
1784, 1302629, 1, 4096, 0
1785, 2791524, 1, 4096, 0
1785, 3077814, 1, 4096, 0
1785, 1091757, 1, 4096, 0
1785, 2808400, 1, 4096, 0
1785, 1128981, 1, 4096, 0
1786, 1525106, 1, 4096, 0
1786, 1491884, 1, 4096, 0
1787, 1672732, 1, 4096, 0
1787, 2176286, 1, 4096, 0
1787, 893799, 1, 4096, 0
1787, 1569959, 1, 4096, 0
1787, 2181359, 1, 4096, 0
1788, 1621429, 1, 4096, 0
1788, 1947499, 1, 4096, 0
1789, 1775526, 1, 4096, 0
1789, 2320421, 1, 4096, 0
1789, 1739188, 1, 4096, 0
1790, 3249381, 1, 4096, 0
1790, 2556551, 1, 4096, 0
1790, 1872919, 1, 4096, 0
1791, 1906352, 1, 4096, 0
1791, 1454819, 1, 4096, 0
1792, 2453982, 1, 4096, 0
1792, 1333047, 1, 4096, 0
1792, 1627433, 1, 4096, 0
1792, 1831534, 1, 4096, 0
1793, 2017458, 1, 4096, 0
1793, 2449162, 1, 4096, 0
1793, 1258541, 1, 4096, 0
1794, 2594667, 1, 4096, 0
1794, 1842269, 1, 4096, 0
1794, 1695561, 1, 4096, 0
1795, 2576928, 1, 4096, 0
1795, 2198069, 1, 4096, 0
1795, 2028816, 1, 4096, 0
1796, 1445595, 1, 4096, 0
1796, 1711626, 1, 4096, 0
1796, 1601440, 1, 4096, 0
1796, 1906100, 1, 4096, 0
1796, 1529119, 1, 4096, 0
1797, 1900901, 1, 4096, 0
1797, 1520146, 1, 4096, 0
1798, 1569309, 1, 4096, 0
1798, 2104123, 1, 4096, 0
1799, 2684186, 1, 4096, 0
1799, 2093379, 1, 4096, 0
1799, 2544752, 1, 4096, 0
1799, 1877309, 1, 4096, 0
1799, 1792426, 1, 4096, 0
1800, 1507559, 1, 4096, 0
1800, 1516392, 1, 4096, 0
1800, 1621323, 1, 4096, 0
1801, 1446153, 1, 4096, 0
1801, 2332869, 1, 4096, 0
1802, 2245798, 1, 4096, 0
1802, 1191297, 1, 4096, 0
1802, 1870236, 1, 4096, 0
1802, 1766720, 1, 4096, 0
1803, 2082758, 1, 4096, 0
1803, 1485749, 1, 4096, 0
1803, 1871518, 1, 4096, 0
1803, 1752580, 1, 4096, 0
1804, 1974455, 1, 4096, 0
1804, 2148443, 1, 4096, 0
1805, 1305341, 1, 4096, 0
1805, 1956633, 1, 4096, 0
1805, 1609481, 1, 4096, 0
1805, 1628159, 1, 4096, 0
1806, 2037725, 1, 4096, 0
1806, 1583897, 1, 4096, 0
1807, 1799023, 1, 4096, 0
1807, 2156475, 1, 4096, 0
1807, 2498773, 1, 4096, 0
1807, 1740240, 1, 4096, 0
1808, 2884190, 1, 4096, 0
1808, 1687748, 1, 4096, 0
1809, 1782065, 1, 4096, 0
1810, 1837401, 1, 4096, 0
1810, 2942453, 1, 4096, 0
1810, 2927193, 1, 4096, 0
1810, 1621663, 1, 4096, 0
1811, 2576258, 1, 4096, 0
1811, 3068884, 1, 4096, 0
1811, 1394851, 1, 4096, 0
1811, 1779928, 1, 4096, 0
1812, 1341854, 1, 4096, 0
1812, 2205176, 1, 4096, 0
1812, 1990198, 1, 4096, 0
1813, 1766872, 1, 4096, 0
1813, 1518852, 1, 4096, 0
1813, 2485281, 1, 4096, 0
1814, 1659061, 1, 4096, 0
1814, 1560825, 1, 4096, 0
1814, 1487954, 1, 4096, 0
1815, 2057323, 1, 4096, 0
1816, 2505055, 1, 4096, 0
1816, 1876773, 1, 4096, 0
1816, 2798411, 1, 4096, 0
1817, 3022376, 1, 4096, 0
1817, 4837726, 1, 4096, 0
1817, 1715107, 1, 4096, 0
1817, 2343954, 1, 4096, 0
1818, 1915572, 1, 4096, 0
1818, 1721137, 1, 4096, 0
1818, 1735214, 1, 4096, 0
1819, 1591437, 1, 4096, 0
1819, 1912236, 1, 4096, 0
1820, 933774, 1, 4096, 0
1820, 1844209, 1, 4096, 0
1820, 1931156, 1, 4096, 0
1820, 1766215, 1, 4096, 0
1821, 1592719, 1, 4096, 0
1821, 3823933, 1, 4096, 0
1821, 1064795, 1, 4096, 0
1821, 1379153, 1, 4096, 0
1821, 1561578, 1, 4096, 0
1822, 1881929, 1, 4096, 0
1822, 1312610, 1, 4096, 0
1823, 1730870, 1, 4096, 0
1823, 1546665, 1, 4096, 0
1823, 1640651, 1, 4096, 0
1823, 2015235, 1, 4096, 0
1824, 2268507, 1, 4096, 0
1824, 1236108, 1, 4096, 0
1824, 2023595, 1, 4096, 0
1824, 1500186, 1, 4096, 0
1826, 2332622, 1, 4096, 0
1826, 2378207, 1, 4096, 0
1826, 1957502, 1, 4096, 0
1826, 1497704, 1, 4096, 0
1826, 2323715, 1, 4096, 0
1827, 2639990, 1, 4096, 0
1828, 2244650, 1, 4096, 0
1828, 1455983, 1, 4096, 0
1828, 2488772, 1, 4096, 0
1829, 2970651, 1, 4096, 0
1829, 2721049, 1, 4096, 0
1829, 2333643, 1, 4096, 0
1830, 1784101, 1, 4096, 0
1830, 1642955, 1, 4096, 0
1830, 2055862, 1, 4096, 0
1830, 1354273, 1, 4096, 0
1831, 2020405, 1, 4096, 0
1831, 1725207, 1, 4096, 0
1831, 1356376, 1, 4096, 0
1831, 1355226, 1, 4096, 0
1831, 1501351, 1, 4096, 0
1831, 1827110, 1, 4096, 0
1832, 1249886, 1, 4096, 0
1833, 1501889, 1, 4096, 0
1833, 2351490, 1, 4096, 0
1833, 1937413, 1, 4096, 0
1833, 2120184, 1, 4096, 0
1833, 1824615, 1, 4096, 0
1834, 2072446, 1, 4096, 0
1835, 1740213, 1, 4096, 0
1835, 1968981, 1, 4096, 0
1835, 1067725, 1, 4096, 0
1835, 2269505, 1, 4096, 0
1835, 2248687, 1, 4096, 0
1836, 2494286, 1, 4096, 0
1836, 1361040, 1, 4096, 0
1837, 1583814, 1, 4096, 0
1837, 2235770, 1, 4096, 0
1837, 1689701, 1, 4096, 0
1838, 2700680, 1, 4096, 0
1838, 1548360, 1, 4096, 0
1838, 2589446, 1, 4096, 0
1838, 1764080, 1, 4096, 0
1839, 1313183, 1, 4096, 0
1839, 1358787, 1, 4096, 0
1839, 1958379, 1, 4096, 0
1840, 1507416, 1, 4096, 0
1840, 869883, 1, 4096, 0
1841, 1496993, 1, 4096, 0
1841, 3124307, 1, 4096, 0
1841, 2549280, 1, 4096, 0
1841, 3124735, 1, 4096, 0
1842, 2284428, 1, 4096, 0
1843, 1834281, 1, 4096, 0
1843, 2237988, 1, 4096, 0
1843, 1838285, 1, 4096, 0
1843, 2927615, 1, 4096, 0
1844, 1524809, 1, 4096, 0
1844, 2531877, 1, 4096, 0
1845, 1610353, 1, 4096, 0
1845, 1930162, 1, 4096, 0
1845, 2038584, 1, 4096, 0
1845, 2354867, 1, 4096, 0
1845, 1734228, 1, 4096, 0
1846, 2223225, 1, 4096, 0
1846, 1430578, 1, 4096, 0
1847, 1408642, 1, 4096, 0
1847, 1967737, 1, 4096, 0
1847, 1805302, 1, 4096, 0
1847, 2038815, 1, 4096, 0
1848, 2051579, 1, 4096, 0
1849, 2483923, 1, 4096, 0
1849, 1364898, 1, 4096, 0
1849, 1657783, 1, 4096, 0
1849, 2164519, 1, 4096, 0
1850, 1933816, 1, 4096, 0
1850, 2584379, 1, 4096, 0
1850, 1862960, 1, 4096, 0
1851, 1974756, 1, 4096, 0
1851, 2132649, 1, 4096, 0
1851, 1143085, 1, 4096, 0
1851, 2579954, 1, 4096, 0
1852, 2021358, 1, 4096, 0
1852, 1530758, 1, 4096, 0
1852, 2037247, 1, 4096, 0
1853, 2149849, 1, 4096, 0
1853, 2214397, 1, 4096, 0
1854, 1807639, 1, 4096, 0
1854, 2720801, 1, 4096, 0
1854, 1559028, 1, 4096, 0
1855, 2848162, 1, 4096, 0
1855, 1644074, 1, 4096, 0
1855, 1450516, 1, 4096, 0
1856, 2545408, 1, 4096, 0
1856, 2365418, 1, 4096, 0
1856, 2451407, 1, 4096, 0
1857, 1705295, 1, 4096, 0
1857, 2014177, 1, 4096, 0
1857, 1680121, 1, 4096, 0
1857, 1068949, 1, 4096, 0
1858, 1366053, 1, 4096, 0
1858, 1924838, 1, 4096, 0
1858, 2477092, 1, 4096, 0
1859, 1734165, 1, 4096, 0
1859, 1548775, 1, 4096, 0
1859, 1438775, 1, 4096, 0
1859, 1281268, 1, 4096, 0
1860, 1593866, 1, 4096, 0
1860, 1577201, 1, 4096, 0
1861, 1281939, 1, 4096, 0
1861, 2084228, 1, 4096, 0
1861, 1105293, 1, 4096, 0
1862, 2899767, 1, 4096, 0
1862, 2102845, 1, 4096, 0
1862, 1472071, 1, 4096, 0
1863, 4495476, 1, 4096, 0
1863, 2039468, 1, 4096, 0
1864, 2456252, 1, 4096, 0
1864, 2395194, 1, 4096, 0
1864, 1365442, 1, 4096, 0
1864, 2806522, 1, 4096, 0
1864, 2412613, 1, 4096, 0
1866, 1369145, 1, 4096, 0
1866, 1805663, 1, 4096, 0
1866, 2964509, 1, 4096, 0
1866, 1591780, 1, 4096, 0
1867, 2535920, 1, 4096, 0
1867, 2510882, 1, 4096, 0
1868, 2252045, 1, 4096, 0
1868, 2159111, 1, 4096, 0
1868, 2381635, 1, 4096, 0
1868, 1607745, 1, 4096, 0
1869, 1523533, 1, 4096, 0
1869, 2886189, 1, 4096, 0
1870, 1721383, 1, 4096, 0
1870, 1929760, 1, 4096, 0
1870, 2092112, 1, 4096, 0
1870, 1823802, 1, 4096, 0
1871, 2238068, 1, 4096, 0
1871, 1939138, 1, 4096, 0
1871, 1389701, 1, 4096, 0
1872, 1781220, 1, 4096, 0
1872, 1891940, 1, 4096, 0
1873, 1551183, 1, 4096, 0
1873, 3420164, 1, 4096, 0
1873, 2177524, 1, 4096, 0
1873, 2440029, 1, 4096, 0
1874, 943868, 1, 4096, 0
1874, 1079464, 1, 4096, 0
1874, 2630372, 1, 4096, 0
1874, 2441126, 1, 4096, 0
1874, 1265518, 1, 4096, 0
1875, 1315668, 1, 4096, 0
1875, 2190878, 1, 4096, 0
1875, 1145291, 1, 4096, 0
1876, 1482403, 1, 4096, 0
1877, 2096861, 1, 4096, 0
1878, 1758862, 1, 4096, 0
1879, 3869781, 1, 4096, 0
1879, 4974853, 1, 4096, 0
1879, 2022764, 1, 4096, 0
1879, 4978616, 1, 4096, 0
1879, 4187145, 1, 4096, 0
1880, 1959431, 1, 4096, 0
1881, 2006546, 1, 4096, 0
1882, 2224829, 1, 4096, 0
1882, 2254784, 1, 4096, 0
1882, 2746745, 1, 4096, 0
1882, 2490116, 1, 4096, 0
1882, 2363258, 1, 4096, 0
1883, 1655445, 1, 4096, 0
1883, 1229921, 1, 4096, 0
1883, 1645739, 1, 4096, 0
1884, 1892011, 1, 4096, 0
1884, 1865845, 1, 4096, 0
1884, 2243552, 1, 4096, 0
1884, 1187689, 1, 4096, 0
1885, 2211770, 1, 4096, 0
1885, 1689411, 1, 4096, 0
1886, 1408722, 1, 4096, 0
1886, 1828168, 1, 4096, 0
1886, 2095926, 1, 4096, 0
1886, 3116786, 1, 4096, 0
1887, 1425842, 1, 4096, 0
1887, 1929496, 1, 4096, 0
1888, 1908714, 1, 4096, 0
1888, 1963989, 1, 4096, 0
1888, 1803988, 1, 4096, 0
1889, 2241803, 1, 4096, 0
1889, 1369184, 1, 4096, 0
1889, 2022483, 1, 4096, 0
1889, 2587949, 1, 4096, 0
1890, 1786286, 1, 4096, 0
1890, 1800501, 1, 4096, 0
1891, 1610645, 1, 4096, 0
1891, 2054807, 1, 4096, 0
1891, 1420267, 1, 4096, 0
1891, 1321684, 1, 4096, 0
1891, 2004616, 1, 4096, 0
1892, 2252461, 1, 4096, 0
1892, 1077171, 1, 4096, 0
1892, 1709394, 1, 4096, 0
1893, 2060506, 1, 4096, 0
1893, 2168469, 1, 4096, 0
1894, 3238143, 1, 4096, 0
1894, 1900246, 1, 4096, 0
1895, 2708368, 1, 4096, 0
1895, 2734548, 1, 4096, 0
1895, 2092502, 1, 4096, 0
1896, 2648193, 1, 4096, 0
1896, 1380241, 1, 4096, 0
1896, 1437773, 1, 4096, 0
1896, 1760277, 1, 4096, 0
1896, 1838846, 1, 4096, 0
1897, 1489670, 1, 4096, 0
1897, 1538923, 1, 4096, 0
1897, 1507138, 1, 4096, 0
1898, 1945153, 1, 4096, 0
1898, 1543510, 1, 4096, 0
1899, 1232656, 1, 4096, 0
1899, 2602197, 1, 4096, 0
1899, 2899985, 1, 4096, 0
1899, 2185782, 1, 4096, 0
1900, 2222262, 1, 4096, 0
1900, 2320244, 1, 4096, 0
1901, 1288699, 1, 4096, 0
1901, 1859422, 1, 4096, 0
1902, 2001241, 1, 4096, 0
1902, 2199588, 1, 4096, 0
1902, 1457935, 1, 4096, 0
1903, 2167565, 1, 4096, 0
1903, 3520635, 1, 4096, 0
1904, 4423688, 1, 4096, 0
1904, 850043, 1, 4096, 0
1904, 1878247, 1, 4096, 0
1904, 2545784, 1, 4096, 0
1904, 2266800, 1, 4096, 0
1905, 1858553, 1, 4096, 0
1905, 1708291, 1, 4096, 0
1906, 2161137, 1, 4096, 0
1906, 2431655, 1, 4096, 0
1906, 1952647, 1, 4096, 0
1907, 1230166, 1, 4096, 0
1907, 2593052, 1, 4096, 0
1907, 3185896, 1, 4096, 0
1908, 1746431, 1, 4096, 0
1908, 2061699, 1, 4096, 0
1908, 1915393, 1, 4096, 0
1909, 1908105, 1, 4096, 0
1909, 1978728, 1, 4096, 0
1910, 2089548, 1, 4096, 0
1910, 1080259, 1, 4096, 0
1910, 1542687, 1, 4096, 0
1910, 1687717, 1, 4096, 0
1910, 2216001, 1, 4096, 0
1911, 1229405, 1, 4096, 0
1911, 1587301, 1, 4096, 0
1912, 2163530, 1, 4096, 0
1912, 2008830, 1, 4096, 0
1912, 1898426, 1, 4096, 0
1912, 2476438, 1, 4096, 0
1913, 1373551, 1, 4096, 0
1914, 1840980, 1, 4096, 0
1914, 2853100, 1, 4096, 0
1914, 1803300, 1, 4096, 0
1914, 2962695, 1, 4096, 0
1914, 2195197, 1, 4096, 0
1915, 1815863, 1, 4096, 0
1915, 1555781, 1, 4096, 0
1915, 1461057, 1, 4096, 0
1915, 1528296, 1, 4096, 0
1916, 1362429, 1, 4096, 0
1916, 2168404, 1, 4096, 0
1916, 1517481, 1, 4096, 0
1917, 1085874, 1, 4096, 0
1917, 1241474, 1, 4096, 0
1917, 1094567, 1, 4096, 0
1918, 1593529, 1, 4096, 0
1918, 1444828, 1, 4096, 0
1919, 1474157, 1, 4096, 0
1920, 1860911, 1, 4096, 0
1921, 1804352, 1, 4096, 0
1921, 5893243, 1, 4096, 0
1921, 3665643, 1, 4096, 0
1922, 4985284, 1, 4096, 0
1922, 1319803, 1, 4096, 0
1922, 2324524, 1, 4096, 0
1923, 1336933, 1, 4096, 0
1923, 1772598, 1, 4096, 0
1923, 2000620, 1, 4096, 0
1925, 2463586, 1, 4096, 0
1925, 9642203, 1, 4096, 0
1925, 1307200, 1, 4096, 0
1925, 2389096, 1, 4096, 0
1925, 1609684, 1, 4096, 0
1926, 1520170, 1, 4096, 0
1926, 1540830, 1, 4096, 0
1926, 3677759, 1, 4096, 0
1926, 1492367, 1, 4096, 0
1926, 1948304, 1, 4096, 0
1928, 2859602, 1, 4096, 0
1928, 1676736, 1, 4096, 0
1928, 1617699, 1, 4096, 0
1928, 1625645, 1, 4096, 0
1929, 2184684, 1, 4096, 0
1929, 2436731, 1, 4096, 0
1930, 1938016, 1, 4096, 0
1930, 1974193, 1, 4096, 0
1930, 1401180, 1, 4096, 0
1931, 1110983, 1, 4096, 0
1931, 2296196, 1, 4096, 0
1931, 2901050, 1, 4096, 0
1931, 3085382, 1, 4096, 0
1932, 1644053, 1, 4096, 0
1932, 1690361, 1, 4096, 0
1933, 1678289, 1, 4096, 0
1933, 2248561, 1, 4096, 0
1933, 1229988, 1, 4096, 0
1933, 2279171, 1, 4096, 0
1933, 2148478, 1, 4096, 0
1934, 1752447, 1, 4096, 0
1935, 2042788, 1, 4096, 0
1935, 1014984, 1, 4096, 0
1935, 2134444, 1, 4096, 0
1935, 2510483, 1, 4096, 0
1936, 3669273, 1, 4096, 0
1936, 3120965, 1, 4096, 0
1937, 1531405, 1, 4096, 0
1937, 1661354, 1, 4096, 0
1937, 1849329, 1, 4096, 0
1937, 1760109, 1, 4096, 0
1937, 2453763, 1, 4096, 0
1938, 1264077, 1, 4096, 0
1939, 1759890, 1, 4096, 0
1939, 1823564, 1, 4096, 0
1939, 1714602, 1, 4096, 0
1939, 2111340, 1, 4096, 0
1939, 1971910, 1, 4096, 0
1940, 1092383, 1, 4096, 0
1940, 2625810, 1, 4096, 0
1941, 1620554, 1, 4096, 0
1941, 2080640, 1, 4096, 0
1941, 1778913, 1, 4096, 0
1941, 1158435, 1, 4096, 0
1942, 1489672, 1, 4096, 0
1942, 2049545, 1, 4096, 0
1942, 1319322, 1, 4096, 0
1944, 2242667, 1, 4096, 0
1944, 1783211, 1, 4096, 0
1944, 1699280, 1, 4096, 0
1944, 1953202, 1, 4096, 0
1945, 3499751, 1, 4096, 0
1945, 5123532, 1, 4096, 0
1946, 1721019, 1, 4096, 0
1946, 2244866, 1, 4096, 0
1946, 2041971, 1, 4096, 0
1946, 2134507, 1, 4096, 0
1946, 1895073, 1, 4096, 0
1947, 2432793, 1, 4096, 0
1947, 1680468, 1, 4096, 0
1947, 1560597, 1, 4096, 0
1948, 1530783, 1, 4096, 0
1948, 1462839, 1, 4096, 0
1949, 2464036, 1, 4096, 0
1949, 1853546, 1, 4096, 0
1949, 1802503, 1, 4096, 0
1949, 1742033, 1, 4096, 0
1949, 1976591, 1, 4096, 0
1950, 2152341, 1, 4096, 0
1950, 1021015, 1, 4096, 0
1951, 2241460, 1, 4096, 0
1951, 1911439, 1, 4096, 0
1951, 1959867, 1, 4096, 0
1951, 1414411, 1, 4096, 0
1952, 1750320, 1, 4096, 0
1952, 3468846, 1, 4096, 0
1952, 1646432, 1, 4096, 0
1952, 984921, 1, 4096, 0
1953, 1684670, 1, 4096, 0
1953, 1712795, 1, 4096, 0
1954, 2440732, 1, 4096, 0
1954, 2016193, 1, 4096, 0
1955, 1503037, 1, 4096, 0
1955, 1838791, 1, 4096, 0
1955, 2813871, 1, 4096, 0
1956, 3384136, 1, 4096, 0
1956, 1516679, 1, 4096, 0
1956, 1515681, 1, 4096, 0
1956, 1853357, 1, 4096, 0
1957, 2091865, 1, 4096, 0
1957, 1468338, 1, 4096, 0
1957, 1398331, 1, 4096, 0
1957, 1687732, 1, 4096, 0
1958, 1219201, 1, 4096, 0
1958, 1568626, 1, 4096, 0
1958, 1456516, 1, 4096, 0
1958, 2019596, 1, 4096, 0
1959, 1719029, 1, 4096, 0
1960, 1698770, 1, 4096, 0
1960, 2247418, 1, 4096, 0
1960, 1971417, 1, 4096, 0
1960, 1780381, 1, 4096, 0
1960, 1451878, 1, 4096, 0
1960, 1477128, 1, 4096, 0
1961, 1530300, 1, 4096, 0
1961, 1777263, 1, 4096, 0
1962, 2028415, 1, 4096, 0
1962, 2034560, 1, 4096, 0
1962, 1584363, 1, 4096, 0
1963, 3164668, 1, 4096, 0
1963, 1572197, 1, 4096, 0
1963, 2026087, 1, 4096, 0
1964, 1634744, 1, 4096, 0
1964, 1387590, 1, 4096, 0
1965, 1562650, 1, 4096, 0
1965, 2743932, 1, 4096, 0
1965, 3308134, 1, 4096, 0
1965, 1921176, 1, 4096, 0
1965, 1783788, 1, 4096, 0
1966, 1910920, 1, 4096, 0
1967, 2009769, 1, 4096, 0
1967, 1924304, 1, 4096, 0
1967, 2006273, 1, 4096, 0
1968, 2271904, 1, 4096, 0
1968, 1439677, 1, 4096, 0
1968, 1133437, 1, 4096, 0
1968, 2913363, 1, 4096, 0
1968, 1160439, 1, 4096, 0
1968, 1846917, 1, 4096, 0
1969, 1590501, 1, 4096, 0
1970, 1795059, 1, 4096, 0
1970, 2174507, 1, 4096, 0
1970, 1478338, 1, 4096, 0
1970, 1886677, 1, 4096, 0
1971, 2659558, 1, 4096, 0
1971, 1511636, 1, 4096, 0
1972, 1678180, 1, 4096, 0
1972, 2190090, 1, 4096, 0
1972, 1448264, 1, 4096, 0
1972, 2826952, 1, 4096, 0
1973, 2105579, 1, 4096, 0
1973, 2908764, 1, 4096, 0
1973, 1604079, 1, 4096, 0
1974, 1901112, 1, 4096, 0
1974, 1983179, 1, 4096, 0
1974, 1871227, 1, 4096, 0
1975, 1981765, 1, 4096, 0
1975, 2090261, 1, 4096, 0
1976, 2429948, 1, 4096, 0
1976, 1378602, 1, 4096, 0
1976, 1564317, 1, 4096, 0
1976, 2207475, 1, 4096, 0
1977, 1750149, 1, 4096, 0
1977, 2316178, 1, 4096, 0
1977, 1844094, 1, 4096, 0
1978, 1835109, 1, 4096, 0
1978, 1771775, 1, 4096, 0
1978, 1382976, 1, 4096, 0
1979, 1820581, 1, 4096, 0
1980, 2652667, 1, 4096, 0
1980, 2374561, 1, 4096, 0
1980, 2242635, 1, 4096, 0
1980, 2545794, 1, 4096, 0
1981, 3417581, 1, 4096, 0
1981, 2016651, 1, 4096, 0
1982, 2110217, 1, 4096, 0
1982, 1861197, 1, 4096, 0
1982, 2304305, 1, 4096, 0
1982, 1744860, 1, 4096, 0
1983, 1864949, 1, 4096, 0
1983, 1282179, 1, 4096, 0
1983, 1668668, 1, 4096, 0
1984, 1631680, 1, 4096, 0
1984, 1970499, 1, 4096, 0
1984, 2395689, 1, 4096, 0
1984, 1651631, 1, 4096, 0
1985, 1366673, 1, 4096, 0
1985, 2056831, 1, 4096, 0
1985, 2363629, 1, 4096, 0
1986, 1355643, 1, 4096, 0
1986, 2603180, 1, 4096, 0
1987, 2489695, 1, 4096, 0
1987, 2008336, 1, 4096, 0
1987, 2042368, 1, 4096, 0
1987, 1498859, 1, 4096, 0
1988, 2501817, 1, 4096, 0
1988, 2179229, 1, 4096, 0
1988, 1356067, 1, 4096, 0
1989, 1620155, 1, 4096, 0
1989, 1589443, 1, 4096, 0
1989, 2670105, 1, 4096, 0
1990, 1554173, 1, 4096, 0
1990, 1983933, 1, 4096, 0
1991, 1473126, 1, 4096, 0
1991, 1577475, 1, 4096, 0
1991, 3998019, 1, 4096, 0
1991, 2774593, 1, 4096, 0
1992, 1717880, 1, 4096, 0
1993, 1467453, 1, 4096, 0
1993, 2555114, 1, 4096, 0
1993, 1920623, 1, 4096, 0
1993, 2114253, 1, 4096, 0
1994, 1262780, 1, 4096, 0
1994, 3085471, 1, 4096, 0
1994, 1273705, 1, 4096, 0
1995, 2079022, 1, 4096, 0
1996, 3667726, 1, 4096, 0
1996, 1783865, 1, 4096, 0
1997, 1343370, 1, 4096, 0
1997, 2548261, 1, 4096, 0
1997, 1195909, 1, 4096, 0
1997, 2938248, 1, 4096, 0
1997, 3773434, 1, 4096, 0
1998, 1476921, 1, 4096, 0
1998, 2604125, 1, 4096, 0
1998, 1811731, 1, 4096, 0
1999, 1937161, 1, 4096, 0
1999, 1799694, 1, 4096, 0
1999, 2132547, 1, 4096, 0
2000, 1369545, 1, 4096, 0
2000, 1618498, 1, 4096, 0
2000, 1711100, 1, 4096, 0
2000, 1657151, 1, 4096, 0
2000, 1705042, 1, 4096, 0
2001, 1890537, 1, 4096, 0
2001, 1372322, 1, 4096, 0
2002, 1494141, 1, 4096, 0
2003, 2579768, 1, 4096, 0
2003, 3117307, 1, 4096, 0
2003, 2488709, 1, 4096, 0
2004, 2487968, 1, 4096, 0
2004, 3350082, 1, 4096, 0
2004, 2877439, 1, 4096, 0
2005, 1734416, 1, 4096, 0
2005, 1879588, 1, 4096, 0
2005, 1997675, 1, 4096, 0
2006, 1286345, 1, 4096, 0
2006, 1479023, 1, 4096, 0
2006, 2105174, 1, 4096, 0
2006, 1704179, 1, 4096, 0
2006, 1827416, 1, 4096, 0
2007, 2036787, 1, 4096, 0
2008, 1514610, 1, 4096, 0
2008, 1683379, 1, 4096, 0
2009, 3066084, 1, 4096, 0
2009, 2762175, 1, 4096, 0
2009, 1560605, 1, 4096, 0
2009, 2430665, 1, 4096, 0
2009, 3039170, 1, 4096, 0
2010, 1649260, 1, 4096, 0
2011, 1442328, 1, 4096, 0
2011, 2767998, 1, 4096, 0
2011, 2186640, 1, 4096, 0
2011, 1572586, 1, 4096, 0
2012, 2565585, 1, 4096, 0
2012, 2061162, 1, 4096, 0
2012, 1537078, 1, 4096, 0
2013, 1979895, 1, 4096, 0
2013, 2211930, 1, 4096, 0
2013, 2387899, 1, 4096, 0
2014, 1413542, 1, 4096, 0
2014, 1926279, 1, 4096, 0
2015, 1258456, 1, 4096, 0
2015, 1737649, 1, 4096, 0
2015, 3206935, 1, 4096, 0
2015, 2810717, 1, 4096, 0
2016, 1407301, 1, 4096, 0
2017, 1944984, 1, 4096, 0
2017, 1181320, 1, 4096, 0
2017, 2394872, 1, 4096, 0
2017, 2138745, 1, 4096, 0
2018, 3788705, 1, 4096, 0
2018, 2664890, 1, 4096, 0
2019, 1672276, 1, 4096, 0
2019, 1668090, 1, 4096, 0
2019, 1594806, 1, 4096, 0
2019, 2443316, 1, 4096, 0
2020, 2688670, 1, 4096, 0
2020, 1494317, 1, 4096, 0
2021, 1124169, 1, 4096, 0
2021, 1991817, 1, 4096, 0
2021, 2749557, 1, 4096, 0
2021, 1759790, 1, 4096, 0
2021, 1470019, 1, 4096, 0
2022, 1469126, 1, 4096, 0
2023, 2122729, 1, 4096, 0
2023, 2297073, 1, 4096, 0
2023, 2694991, 1, 4096, 0
2023, 2114675, 1, 4096, 0
2023, 2153166, 1, 4096, 0
2024, 1284342, 1, 4096, 0
2024, 2352050, 1, 4096, 0
2025, 1927197, 1, 4096, 0
2025, 1762023, 1, 4096, 0
2025, 1883567, 1, 4096, 0
2025, 1980394, 1, 4096, 0
2026, 1967379, 1, 4096, 0
2026, 1753109, 1, 4096, 0
2026, 1775309, 1, 4096, 0
2027, 1933883, 1, 4096, 0
2027, 1860066, 1, 4096, 0
2027, 1851418, 1, 4096, 0
2028, 1546547, 1, 4096, 0
2028, 1674010, 1, 4096, 0
2028, 1727771, 1, 4096, 0
2029, 1992877, 1, 4096, 0
2029, 1875830, 1, 4096, 0
2029, 2468410, 1, 4096, 0
2030, 1642047, 1, 4096, 0
2030, 1905113, 1, 4096, 0
2031, 2697640, 1, 4096, 0
2031, 1618820, 1, 4096, 0
2031, 1745252, 1, 4096, 0
2031, 1522279, 1, 4096, 0
2031, 857172, 1, 4096, 0
2032, 1717509, 1, 4096, 0
2032, 973475, 1, 4096, 0
2032, 1171601, 1, 4096, 0
2032, 2700115, 1, 4096, 0
2034, 2088773, 1, 4096, 0
2034, 2352650, 1, 4096, 0
2034, 2540450, 1, 4096, 0
2034, 2309967, 1, 4096, 0
2034, 2375936, 1, 4096, 0
2034, 3424446, 1, 4096, 0
2035, 1112924, 1, 4096, 0
2036, 1810909, 1, 4096, 0
2036, 1572693, 1, 4096, 0
2036, 1807871, 1, 4096, 0
2037, 1773898, 1, 4096, 0
2037, 2071542, 1, 4096, 0
2037, 932609, 1, 4096, 0
2037, 869492, 1, 4096, 0
2038, 1432309, 1, 4096, 0
2038, 988474, 1, 4096, 0
2038, 4134941, 1, 4096, 0
2039, 3221625, 1, 4096, 0
2039, 3221504, 1, 4096, 0
2040, 2443472, 1, 4096, 0
2040, 1744565, 1, 4096, 0
2040, 2027278, 1, 4096, 0
2041, 2145870, 1, 4096, 0
2041, 2836204, 1, 4096, 0
2041, 2273718, 1, 4096, 0
2041, 1352225, 1, 4096, 0
2041, 1527751, 1, 4096, 0
2042, 1648170, 1, 4096, 0
2043, 1741797, 1, 4096, 0
2043, 1869194, 1, 4096, 0
2043, 2284070, 1, 4096, 0
2043, 2434094, 1, 4096, 0
2043, 2078027, 1, 4096, 0
2044, 1963023, 1, 4096, 0
2044, 1587544, 1, 4096, 0
2045, 1588088, 1, 4096, 0
2045, 1453674, 1, 4096, 0
2045, 1829450, 1, 4096, 0
2046, 2466459, 1, 4096, 0
2046, 1161563, 1, 4096, 0
2047, 3265427, 1, 4096, 0
2047, 1984717, 1, 4096, 0
2047, 1679747, 1, 4096, 0
2048, 1611584, 1, 4096, 0
2048, 3470494, 1, 4096, 0
2048, 2305669, 1, 4096, 0
2049, 1787899, 1, 4096, 0
2049, 1915252, 1, 4096, 0
2049, 2195987, 1, 4096, 0
2049, 1235147, 1, 4096, 0
2049, 1497977, 1, 4096, 0
2050, 1961662, 1, 4096, 0
2050, 1164729, 1, 4096, 0
2051, 2452874, 1, 4096, 0
2051, 2142842, 1, 4096, 0
2051, 1591589, 1, 4096, 0
2052, 2113007, 1, 4096, 0
2052, 2441059, 1, 4096, 0
2052, 2454578, 1, 4096, 0
2053, 1899015, 1, 4096, 0
2053, 2166085, 1, 4096, 0
2053, 2191488, 1, 4096, 0
2054, 1938169, 1, 4096, 0
2054, 1720777, 1, 4096, 0
2055, 2675325, 1, 4096, 0
2055, 1743393, 1, 4096, 0
2055, 1876260, 1, 4096, 0
2056, 2516684, 1, 4096, 0
2056, 2251970, 1, 4096, 0
2057, 3175142, 1, 4096, 0
2057, 1422080, 1, 4096, 0
2057, 1948708, 1, 4096, 0
2058, 2143547, 1, 4096, 0
2058, 2289910, 1, 4096, 0
2058, 1706837, 1, 4096, 0
2058, 2794833, 1, 4096, 0
2059, 2117207, 1, 4096, 0
2059, 1474591, 1, 4096, 0
2060, 2976753, 1, 4096, 0
2061, 3066229, 1, 4096, 0
2061, 2290310, 1, 4096, 0
2061, 1310714, 1, 4096, 0
2061, 2504503, 1, 4096, 0
2061, 2627354, 1, 4096, 0
2062, 1823950, 1, 4096, 0
2062, 1654977, 1, 4096, 0
2063, 1837568, 1, 4096, 0
2063, 1869484, 1, 4096, 0
2063, 2333422, 1, 4096, 0
2063, 2100337, 1, 4096, 0
2064, 1820719, 1, 4096, 0
2064, 1789644, 1, 4096, 0
2064, 1850963, 1, 4096, 0
2065, 1481309, 1, 4096, 0
2065, 1930739, 1, 4096, 0
2066, 3788865, 1, 4096, 0
2066, 1857725, 1, 4096, 0
2066, 1869806, 1, 4096, 0
2066, 2057497, 1, 4096, 0
2067, 2479485, 1, 4096, 0
2068, 2830827, 1, 4096, 0
2068, 1657457, 1, 4096, 0
2068, 2309796, 1, 4096, 0
2068, 1877652, 1, 4096, 0
2069, 2676650, 1, 4096, 0
2069, 1198410, 1, 4096, 0
2069, 1310044, 1, 4096, 0
2069, 1937758, 1, 4096, 0
2071, 2104190, 1, 4096, 0
2071, 2625331, 1, 4096, 0
2071, 1723085, 1, 4096, 0
2071, 2290829, 1, 4096, 0
2072, 3264007, 1, 4096, 0
2073, 3467790, 1, 4096, 0
2073, 2193017, 1, 4096, 0
2073, 2010719, 1, 4096, 0
2073, 2356162, 1, 4096, 0
2074, 1906922, 1, 4096, 0
2074, 2508118, 1, 4096, 0
2075, 1702926, 1, 4096, 0
2075, 1836935, 1, 4096, 0
2076, 2610194, 1, 4096, 0
2076, 3440847, 1, 4096, 0
2076, 1350875, 1, 4096, 0
2076, 2602100, 1, 4096, 0
2076, 2877161, 1, 4096, 0
2078, 2454035, 1, 4096, 0
2078, 2049746, 1, 4096, 0
2078, 3305044, 1, 4096, 0
2078, 1932223, 1, 4096, 0
2079, 2667120, 1, 4096, 0
2079, 2740781, 1, 4096, 0
2080, 1774097, 1, 4096, 0
2080, 1840835, 1, 4096, 0
2080, 1251931, 1, 4096, 0
2080, 2264067, 1, 4096, 0
2080, 1665112, 1, 4096, 0
2081, 2384636, 1, 4096, 0
2082, 1556857, 1, 4096, 0
2082, 1300332, 1, 4096, 0
2082, 1787081, 1, 4096, 0
2082, 1795764, 1, 4096, 0
2083, 2332376, 1, 4096, 0
2083, 2361293, 1, 4096, 0
2083, 1117372, 1, 4096, 0
2083, 1583321, 1, 4096, 0
2084, 2724135, 1, 4096, 0
2085, 2095747, 1, 4096, 0
2085, 2327912, 1, 4096, 0
2086, 2101451, 1, 4096, 0
2086, 2234047, 1, 4096, 0
2086, 3598738, 1, 4096, 0
2086, 1375185, 1, 4096, 0
2087, 1505628, 1, 4096, 0
2087, 1605771, 1, 4096, 0
2087, 2403281, 1, 4096, 0
2088, 2043115, 1, 4096, 0
2088, 2225972, 1, 4096, 0
2088, 2300405, 1, 4096, 0
2088, 1758191, 1, 4096, 0
2088, 1294440, 1, 4096, 0
2089, 1385951, 1, 4096, 0
2089, 1296702, 1, 4096, 0
2090, 2312799, 1, 4096, 0
2090, 1293089, 1, 4096, 0
2091, 2099345, 1, 4096, 0
2091, 2711247, 1, 4096, 0
2091, 1747065, 1, 4096, 0
2091, 1543200, 1, 4096, 0
2092, 1307237, 1, 4096, 0
2092, 3351137, 1, 4096, 0
2092, 1956413, 1, 4096, 0
2093, 2926720, 1, 4096, 0
2093, 1255593, 1, 4096, 0
2093, 1309717, 1, 4096, 0
2093, 2288365, 1, 4096, 0
2093, 939527, 1, 4096, 0
2094, 1827280, 1, 4096, 0
2094, 2041540, 1, 4096, 0
2095, 1478892, 1, 4096, 0
2095, 2248953, 1, 4096, 0
2095, 1722073, 1, 4096, 0
2096, 2432694, 1, 4096, 0
2096, 1747973, 1, 4096, 0
2096, 1775639, 1, 4096, 0
2097, 2381426, 1, 4096, 0
2098, 2942341, 1, 4096, 0
2098, 1656700, 1, 4096, 0
2098, 3300745, 1, 4096, 0
2099, 2802851, 1, 4096, 0
2099, 3442144, 1, 4096, 0
2100, 2313905, 1, 4096, 0
2100, 1733196, 1, 4096, 0
2100, 1820401, 1, 4096, 0
2100, 2299759, 1, 4096, 0
2101, 1756098, 1, 4096, 0
2101, 1573831, 1, 4096, 0
2101, 1858364, 1, 4096, 0
2101, 1257774, 1, 4096, 0
2101, 1924479, 1, 4096, 0
2102, 1893624, 1, 4096, 0
2102, 1644572, 1, 4096, 0
2102, 1288208, 1, 4096, 0
2103, 1787420, 1, 4096, 0
2104, 1863805, 1, 4096, 0
2104, 2685534, 1, 4096, 0
2104, 2133602, 1, 4096, 0
2105, 3736841, 1, 4096, 0
2105, 2488203, 1, 4096, 0
2105, 2010913, 1, 4096, 0
2106, 2005760, 1, 4096, 0
2106, 1394262, 1, 4096, 0
2107, 1686990, 1, 4096, 0
2107, 3185019, 1, 4096, 0
2107, 1178929, 1, 4096, 0
2107, 2712357, 1, 4096, 0
2108, 2346541, 1, 4096, 0
2108, 1383384, 1, 4096, 0
2109, 1798255, 1, 4096, 0
2109, 1841029, 1, 4096, 0
2109, 2601316, 1, 4096, 0
2109, 2231480, 1, 4096, 0
2109, 1736452, 1, 4096, 0
2109, 1698205, 1, 4096, 0
2111, 2599040, 1, 4096, 0
2112, 3159974, 1, 4096, 0
2113, 3749569, 1, 4096, 0
2113, 3905064, 1, 4096, 0
2114, 4406261, 1, 4096, 0
2114, 4802628, 1, 4096, 0
2114, 3023395, 1, 4096, 0
2115, 1824925, 1, 4096, 0
2115, 2743624, 1, 4096, 0
2115, 2173247, 1, 4096, 0
2115, 1549234, 1, 4096, 0
2116, 1792175, 1, 4096, 0
2116, 968175, 1, 4096, 0
2117, 2388141, 1, 4096, 0
2117, 1847836, 1, 4096, 0
2118, 2307378, 1, 4096, 0
2118, 2570800, 1, 4096, 0
2118, 2451852, 1, 4096, 0
2119, 900933, 1, 4096, 0
2119, 1700907, 1, 4096, 0
2119, 2990206, 1, 4096, 0
2119, 2574813, 1, 4096, 0
2120, 1654662, 1, 4096, 0
2120, 2035613, 1, 4096, 0
2120, 1691569, 1, 4096, 0
2121, 1714891, 1, 4096, 0
2121, 2549132, 1, 4096, 0
2121, 1573594, 1, 4096, 0
2121, 1235375, 1, 4096, 0
2122, 2173241, 1, 4096, 0
2122, 1927897, 1, 4096, 0
2123, 2052273, 1, 4096, 0
2123, 1639525, 1, 4096, 0
2123, 1730453, 1, 4096, 0
2123, 1548232, 1, 4096, 0
2123, 1372353, 1, 4096, 0
2124, 1637845, 1, 4096, 0
2124, 1571427, 1, 4096, 0
2124, 1472946, 1, 4096, 0
2125, 1737993, 1, 4096, 0
2125, 1766312, 1, 4096, 0
2125, 2489230, 1, 4096, 0
2127, 2300102, 1, 4096, 0
2127, 2492731, 1, 4096, 0
2127, 2751969, 1, 4096, 0
2128, 3658296, 1, 4096, 0
2128, 3080478, 1, 4096, 0
2128, 2489382, 1, 4096, 0
2128, 1189035, 1, 4096, 0
2129, 1649460, 1, 4096, 0
2129, 1693568, 1, 4096, 0
2130, 2659907, 1, 4096, 0
2130, 1864948, 1, 4096, 0
2130, 2199495, 1, 4096, 0
2131, 2789576, 1, 4096, 0
2131, 1813716, 1, 4096, 0
2131, 1519124, 1, 4096, 0
2131, 1606842, 1, 4096, 0
2132, 1558831, 1, 4096, 0
2132, 2438802, 1, 4096, 0
2133, 2011328, 1, 4096, 0
2133, 1739453, 1, 4096, 0
2133, 1488401, 1, 4096, 0
2133, 1987576, 1, 4096, 0
2133, 2581071, 1, 4096, 0
2134, 1913939, 1, 4096, 0
2135, 2059961, 1, 4096, 0
2135, 1110403, 1, 4096, 0
2135, 1939664, 1, 4096, 0
2135, 2130641, 1, 4096, 0
2136, 3439615, 1, 4096, 0
2137, 1859107, 1, 4096, 0
2137, 2178165, 1, 4096, 0
2137, 3801727, 1, 4096, 0
2137, 2014174, 1, 4096, 0
2137, 2369345, 1, 4096, 0
2138, 1275053, 1, 4096, 0
2139, 1271335, 1, 4096, 0
2139, 1708668, 1, 4096, 0
2139, 1071183, 1, 4096, 0
2139, 1999111, 1, 4096, 0
2140, 2292587, 1, 4096, 0
2140, 1065645, 1, 4096, 0
2141, 924839, 1, 4096, 0
2141, 1274539, 1, 4096, 0
2141, 1080136, 1, 4096, 0
2141, 679935, 1, 4096, 0
2146, 9820178, 1, 4096, 0
2147, 5885154, 1, 4096, 0
2147, 6591698, 1, 4096, 0
2148, 9004152, 1, 4096, 0
2148, 9691680, 1, 4096, 0
2148, 2144870, 1, 4096, 0
2150, 2442456, 1, 4096, 0
2150, 1502129, 1, 4096, 0
2150, 1417372, 1, 4096, 0
2150, 9502465, 1, 4096, 0
2150, 2275076, 1, 4096, 0
2151, 1305563, 1, 4096, 0
2152, 1693318, 1, 4096, 0
2152, 2226932, 1, 4096, 0
2152, 2015794, 1, 4096, 0
2152, 1457966, 1, 4096, 0
2153, 2829342, 1, 4096, 0
2153, 5427577, 1, 4096, 0
2153, 1940413, 1, 4096, 0
2154, 1668270, 1, 4096, 0
2154, 1709800, 1, 4096, 0
2155, 2974647, 1, 4096, 0
2155, 1251745, 1, 4096, 0
2155, 3058000, 1, 4096, 0
2155, 1055563, 1, 4096, 0
2156, 3032001, 1, 4096, 0
2156, 2618262, 1, 4096, 0
2157, 1093197, 1, 4096, 0
2157, 1958137, 1, 4096, 0
2157, 2140572, 1, 4096, 0
2158, 2350790, 1, 4096, 0
2159, 2418331, 1, 4096, 0
2159, 3275575, 1, 4096, 0
2159, 1374511, 1, 4096, 0
2159, 2116252, 1, 4096, 0
2160, 1972803, 1, 4096, 0
2160, 1488399, 1, 4096, 0
2160, 1570563, 1, 4096, 0
2160, 2923767, 1, 4096, 0
2160, 1893027, 1, 4096, 0
2160, 1760203, 1, 4096, 0
2161, 1527800, 1, 4096, 0
2161, 1380681, 1, 4096, 0
2162, 1710642, 1, 4096, 0
2162, 1890427, 1, 4096, 0
2163, 1173130, 1, 4096, 0
2163, 2955821, 1, 4096, 0
2164, 3588855, 1, 4096, 0
2164, 1843598, 1, 4096, 0
2164, 3012898, 1, 4096, 0
2165, 1281141, 1, 4096, 0
2165, 1999598, 1, 4096, 0
2166, 3184584, 1, 4096, 0
2166, 1582421, 1, 4096, 0
2166, 1977119, 1, 4096, 0
2166, 1799392, 1, 4096, 0
2167, 2267785, 1, 4096, 0
2167, 1480285, 1, 4096, 0
2167, 2425044, 1, 4096, 0
2168, 1849893, 1, 4096, 0
2168, 2429234, 1, 4096, 0
2168, 2094626, 1, 4096, 0
2169, 1966371, 1, 4096, 0
2169, 2078211, 1, 4096, 0
2169, 1325840, 1, 4096, 0
2170, 2842903, 1, 4096, 0
2170, 1834402, 1, 4096, 0
2170, 1013980, 1, 4096, 0
2170, 1105220, 1, 4096, 0
2170, 2034121, 1, 4096, 0
2171, 1721703, 1, 4096, 0
2172, 2468259, 1, 4096, 0
2172, 2020242, 1, 4096, 0
2173, 2834233, 1, 4096, 0
2173, 2430121, 1, 4096, 0
2173, 2596601, 1, 4096, 0
2173, 2596861, 1, 4096, 0
2175, 2080293, 1, 4096, 0
2175, 2398463, 1, 4096, 0
2175, 2904457, 1, 4096, 0
2176, 3514507, 1, 4096, 0
2176, 1319757, 1, 4096, 0
2177, 4411499, 1, 4096, 0
2177, 1972023, 1, 4096, 0
2178, 1653110, 1, 4096, 0
2178, 1859952, 1, 4096, 0
2178, 3356050, 1, 4096, 0
2178, 5003486, 1, 4096, 0
2179, 1528855, 1, 4096, 0
2179, 1704012, 1, 4096, 0
2179, 1776760, 1, 4096, 0
2180, 2243204, 1, 4096, 0
2180, 1825948, 1, 4096, 0
2180, 1852580, 1, 4096, 0
2181, 1750027, 1, 4096, 0
2181, 2094154, 1, 4096, 0
2182, 2292029, 1, 4096, 0
2182, 1879802, 1, 4096, 0
2182, 2353560, 1, 4096, 0
2182, 1809238, 1, 4096, 0
2182, 2167649, 1, 4096, 0
2183, 1963458, 1, 4096, 0
2184, 1983375, 1, 4096, 0
2184, 1443931, 1, 4096, 0
2184, 1542772, 1, 4096, 0
2184, 1965219, 1, 4096, 0
2184, 1832723, 1, 4096, 0
2185, 2471553, 1, 4096, 0
2185, 1405000, 1, 4096, 0
2185, 1691265, 1, 4096, 0
2186, 1299000, 1, 4096, 0
2186, 2085536, 1, 4096, 0
2186, 1975980, 1, 4096, 0
2187, 1722982, 1, 4096, 0
2187, 1262569, 1, 4096, 0
2187, 2395736, 1, 4096, 0
2188, 1562224, 1, 4096, 0
2188, 2571088, 1, 4096, 0
2188, 1468358, 1, 4096, 0
2188, 1290429, 1, 4096, 0
2189, 2153343, 1, 4096, 0
2190, 3862182, 1, 4096, 0
2190, 1605381, 1, 4096, 0
2190, 1298257, 1, 4096, 0
2191, 2511097, 1, 4096, 0
2191, 2635440, 1, 4096, 0
2191, 1616231, 1, 4096, 0
2191, 1783184, 1, 4096, 0
2192, 1002154, 1, 4096, 0
2192, 2394301, 1, 4096, 0
2192, 2664717, 1, 4096, 0
2193, 1979356, 1, 4096, 0
2193, 1704277, 1, 4096, 0
2193, 2235349, 1, 4096, 0
2193, 1479472, 1, 4096, 0
2194, 1667652, 1, 4096, 0
2195, 3335403, 1, 4096, 0
2195, 1387407, 1, 4096, 0
2195, 1147612, 1, 4096, 0
2195, 2439983, 1, 4096, 0
2196, 2063178, 1, 4096, 0
2196, 2837266, 1, 4096, 0
2197, 1874998, 1, 4096, 0
2197, 1875684, 1, 4096, 0
2197, 1746368, 1, 4096, 0
2197, 2058669, 1, 4096, 0
2198, 1990020, 1, 4096, 0
2198, 2688793, 1, 4096, 0
2199, 1894149, 1, 4096, 0
2199, 1923013, 1, 4096, 0
2200, 1303688, 1, 4096, 0
2200, 2208236, 1, 4096, 0
2200, 1939208, 1, 4096, 0
2200, 1157059, 1, 4096, 0
2200, 3524925, 1, 4096, 0
2201, 2011026, 1, 4096, 0
2202, 1990433, 1, 4096, 0
2202, 2741786, 1, 4096, 0
2203, 2756936, 1, 4096, 0
2203, 2948582, 1, 4096, 0
2203, 2718320, 1, 4096, 0
2204, 3312956, 1, 4096, 0
2204, 2398844, 1, 4096, 0
2204, 1678036, 1, 4096, 0
2204, 1837498, 1, 4096, 0
2205, 2803348, 1, 4096, 0
2205, 1970500, 1, 4096, 0
2206, 1999075, 1, 4096, 0
2206, 2013958, 1, 4096, 0
2206, 2341825, 1, 4096, 0
2207, 1517559, 1, 4096, 0
2207, 1302416, 1, 4096, 0
2207, 1862978, 1, 4096, 0
2207, 2986116, 1, 4096, 0
2208, 1339591, 1, 4096, 0
2208, 1650190, 1, 4096, 0
2208, 1586072, 1, 4096, 0
2209, 1471657, 1, 4096, 0
2210, 2113923, 1, 4096, 0
2210, 1764193, 1, 4096, 0
2210, 2318467, 1, 4096, 0
2210, 1571653, 1, 4096, 0
2210, 3163302, 1, 4096, 0
2211, 1227721, 1, 4096, 0
2211, 1252492, 1, 4096, 0
2211, 1499663, 1, 4096, 0
2212, 3093471, 1, 4096, 0
2212, 1589071, 1, 4096, 0
2212, 2072829, 1, 4096, 0
2213, 1801911, 1, 4096, 0
2213, 1856074, 1, 4096, 0
2213, 1696878, 1, 4096, 0
2213, 1636965, 1, 4096, 0
2214, 2038805, 1, 4096, 0
2214, 1743530, 1, 4096, 0
2214, 1606506, 1, 4096, 0
2215, 2701009, 1, 4096, 0
2215, 2055064, 1, 4096, 0
2216, 2375376, 1, 4096, 0
2216, 1641503, 1, 4096, 0
2216, 1544190, 1, 4096, 0
2217, 2260165, 1, 4096, 0
2218, 3036538, 1, 4096, 0
2218, 1440301, 1, 4096, 0
2218, 3552694, 1, 4096, 0
2218, 2848522, 1, 4096, 0
2219, 2176553, 1, 4096, 0
2219, 2449457, 1, 4096, 0
2220, 1764246, 1, 4096, 0
2220, 1736177, 1, 4096, 0
2220, 1417466, 1, 4096, 0
2221, 1904972, 1, 4096, 0
2221, 1046369, 1, 4096, 0
2221, 3238799, 1, 4096, 0
2221, 1092923, 1, 4096, 0
2221, 2546481, 1, 4096, 0
2222, 2075973, 1, 4096, 0
2223, 1909108, 1, 4096, 0
2223, 2076224, 1, 4096, 0
2223, 1806183, 1, 4096, 0
2223, 1430042, 1, 4096, 0
2224, 2852217, 1, 4096, 0
2224, 1263367, 1, 4096, 0
2224, 3367152, 1, 4096, 0
2225, 1775590, 1, 4096, 0
2225, 1849065, 1, 4096, 0
2226, 1660891, 1, 4096, 0
2226, 2278213, 1, 4096, 0
2226, 2170917, 1, 4096, 0
2227, 2255860, 1, 4096, 0
2227, 3575827, 1, 4096, 0
2227, 2284953, 1, 4096, 0
2228, 2239152, 1, 4096, 0
2228, 1868048, 1, 4096, 0
2229, 1700135, 1, 4096, 0
2229, 2629232, 1, 4096, 0
2229, 2233464, 1, 4096, 0
2230, 1669935, 1, 4096, 0
2230, 2629387, 1, 4096, 0
2230, 1436533, 1, 4096, 0
2231, 1176607, 1, 4096, 0
2231, 1767155, 1, 4096, 0
2231, 1064851, 1, 4096, 0
2232, 2981840, 1, 4096, 0
2232, 3331139, 1, 4096, 0
2233, 2351333, 1, 4096, 0
2233, 1599060, 1, 4096, 0
2233, 2308689, 1, 4096, 0
2233, 2624571, 1, 4096, 0
2234, 2868926, 1, 4096, 0
2234, 2842292, 1, 4096, 0
2235, 1488467, 1, 4096, 0
2235, 2567223, 1, 4096, 0
2236, 1993964, 1, 4096, 0
2236, 2661833, 1, 4096, 0
2236, 2656861, 1, 4096, 0
2236, 1662202, 1, 4096, 0
2236, 1360616, 1, 4096, 0
2237, 1975324, 1, 4096, 0
2238, 1562309, 1, 4096, 0
2238, 1890958, 1, 4096, 0
2238, 2051966, 1, 4096, 0
2238, 2472188, 1, 4096, 0
2239, 1117376, 1, 4096, 0
2239, 2196047, 1, 4096, 0
2239, 1324488, 1, 4096, 0
2239, 2672943, 1, 4096, 0
2239, 1121012, 1, 4096, 0
2240, 1735188, 1, 4096, 0
2240, 1483972, 1, 4096, 0
2241, 1295375, 1, 4096, 0
2241, 1852563, 1, 4096, 0
2241, 2165941, 1, 4096, 0
2242, 2334322, 1, 4096, 0
2242, 3259128, 1, 4096, 0
2243, 1565515, 1, 4096, 0
2243, 2491422, 1, 4096, 0
2243, 2477676, 1, 4096, 0
2244, 1874017, 1, 4096, 0
2244, 3060057, 1, 4096, 0
2244, 2531189, 1, 4096, 0
2244, 1269364, 1, 4096, 0
2244, 1861010, 1, 4096, 0
2245, 2099729, 1, 4096, 0
2246, 1931678, 1, 4096, 0
2246, 1854323, 1, 4096, 0
2246, 1891034, 1, 4096, 0
2246, 2013627, 1, 4096, 0
2246, 1986570, 1, 4096, 0
2247, 1456628, 1, 4096, 0
2248, 2285612, 1, 4096, 0
2248, 2147133, 1, 4096, 0
2249, 2531884, 1, 4096, 0
2249, 2258536, 1, 4096, 0
2249, 1893333, 1, 4096, 0
2249, 3105052, 1, 4096, 0
2250, 2248146, 1, 4096, 0
2251, 2273585, 1, 4096, 0
2251, 2992100, 1, 4096, 0
2252, 2879891, 1, 4096, 0
2252, 1459404, 1, 4096, 0
2252, 3112274, 1, 4096, 0
2253, 3444997, 1, 4096, 0
2253, 2455675, 1, 4096, 0
2253, 2053619, 1, 4096, 0
2254, 1921486, 1, 4096, 0
2254, 2339017, 1, 4096, 0
2254, 2530700, 1, 4096, 0
2255, 2180174, 1, 4096, 0
2255, 2055628, 1, 4096, 0
2256, 2107827, 1, 4096, 0
2256, 1552554, 1, 4096, 0
2256, 1407894, 1, 4096, 0
2256, 2731139, 1, 4096, 0
2257, 2996389, 1, 4096, 0
2257, 1153585, 1, 4096, 0
2258, 2057612, 1, 4096, 0
2258, 1826348, 1, 4096, 0
2258, 1649136, 1, 4096, 0
2258, 2856238, 1, 4096, 0
2259, 1749191, 1, 4096, 0
2259, 1498739, 1, 4096, 0
2259, 1356047, 1, 4096, 0
2259, 1828961, 1, 4096, 0
2261, 2221105, 1, 4096, 0
2261, 1617998, 1, 4096, 0
2261, 1646960, 1, 4096, 0
2261, 2096747, 1, 4096, 0
2261, 2935983, 1, 4096, 0
2261, 1830886, 1, 4096, 0
2262, 1731810, 1, 4096, 0
2262, 1396133, 1, 4096, 0
2262, 1795135, 1, 4096, 0
2263, 1736355, 1, 4096, 0
2263, 2187240, 1, 4096, 0
2263, 2067894, 1, 4096, 0
2263, 1031077, 1, 4096, 0
2264, 1457776, 1, 4096, 0
2264, 1488758, 1, 4096, 0
2265, 1633101, 1, 4096, 0
2265, 2411694, 1, 4096, 0
2265, 2267466, 1, 4096, 0
2265, 2025178, 1, 4096, 0
2266, 2202829, 1, 4096, 0
2267, 2431297, 1, 4096, 0
2267, 1914378, 1, 4096, 0
2267, 2644935, 1, 4096, 0
2268, 2816198, 1, 4096, 0
2268, 1645363, 1, 4096, 0
2268, 2408001, 1, 4096, 0
2268, 1605415, 1, 4096, 0
2269, 1261875, 1, 4096, 0
2269, 2359318, 1, 4096, 0
2270, 2424852, 1, 4096, 0
2270, 2105194, 1, 4096, 0
2270, 2546144, 1, 4096, 0
2270, 1197646, 1, 4096, 0
2271, 2116890, 1, 4096, 0
2271, 1615140, 1, 4096, 0
2272, 2113400, 1, 4096, 0
2273, 2123064, 1, 4096, 0
2273, 2060006, 1, 4096, 0
2273, 3253726, 1, 4096, 0
2273, 2813061, 1, 4096, 0
2273, 3582687, 1, 4096, 0
2275, 1387970, 1, 4096, 0
2275, 2166157, 1, 4096, 0
2275, 2254103, 1, 4096, 0
2275, 1837453, 1, 4096, 0
2275, 1866103, 1, 4096, 0
2276, 2484979, 1, 4096, 0
2277, 1913912, 1, 4096, 0
2277, 1887787, 1, 4096, 0
2277, 1607855, 1, 4096, 0
2277, 2527845, 1, 4096, 0
2278, 2684449, 1, 4096, 0
2278, 2770279, 1, 4096, 0
2278, 1822815, 1, 4096, 0
2279, 1335592, 1, 4096, 0
2279, 1422846, 1, 4096, 0
2279, 2868814, 1, 4096, 0
2279, 1123182, 1, 4096, 0
2280, 3224536, 1, 4096, 0
2280, 1442267, 1, 4096, 0
2281, 1863308, 1, 4096, 0
2281, 1698171, 1, 4096, 0
2281, 1514435, 1, 4096, 0
2282, 2226531, 1, 4096, 0
2282, 1118452, 1, 4096, 0
2283, 1132346, 1, 4096, 0
2283, 3301254, 1, 4096, 0
2284, 4182454, 1, 4096, 0
2284, 3281720, 1, 4096, 0
2284, 1580851, 1, 4096, 0
2285, 2775662, 1, 4096, 0
2285, 3748323, 1, 4096, 0
2286, 1728295, 1, 4096, 0
2286, 1675589, 1, 4096, 0
2286, 1628180, 1, 4096, 0
2286, 3234083, 1, 4096, 0
2287, 2582205, 1, 4096, 0
2287, 2154448, 1, 4096, 0
2288, 2487248, 1, 4096, 0
2289, 2396581, 1, 4096, 0
2289, 2479104, 1, 4096, 0
2289, 2402190, 1, 4096, 0
2289, 2406145, 1, 4096, 0
2289, 2878050, 1, 4096, 0
2290, 1579795, 1, 4096, 0
2291, 1984464, 1, 4096, 0
2291, 2106736, 1, 4096, 0
2291, 1947795, 1, 4096, 0
2291, 2536578, 1, 4096, 0
2292, 2853370, 1, 4096, 0
2292, 1920648, 1, 4096, 0
2293, 1447657, 1, 4096, 0
2293, 2162772, 1, 4096, 0
2293, 2338565, 1, 4096, 0
2293, 1768484, 1, 4096, 0
2294, 2815915, 1, 4096, 0
2294, 2798237, 1, 4096, 0
2295, 2114615, 1, 4096, 0
2296, 2199084, 1, 4096, 0
2296, 2512397, 1, 4096, 0
2296, 1712889, 1, 4096, 0
2296, 1630933, 1, 4096, 0
2296, 2234908, 1, 4096, 0
2297, 1464729, 1, 4096, 0
2297, 1604501, 1, 4096, 0
2297, 1783668, 1, 4096, 0
2297, 1983716, 1, 4096, 0
2298, 1798847, 1, 4096, 0
2298, 1401134, 1, 4096, 0
2299, 3046928, 1, 4096, 0
2299, 1596635, 1, 4096, 0
2300, 2012068, 1, 4096, 0
2300, 1288201, 1, 4096, 0
2300, 3049775, 1, 4096, 0
2301, 3637150, 1, 4096, 0
2301, 2221095, 1, 4096, 0
2301, 2759771, 1, 4096, 0
2302, 2341576, 1, 4096, 0
2302, 1751668, 1, 4096, 0
2302, 2442920, 1, 4096, 0
2302, 1401904, 1, 4096, 0
2303, 1989093, 1, 4096, 0
2303, 2100043, 1, 4096, 0
2304, 1874084, 1, 4096, 0
2304, 2263140, 1, 4096, 0
2305, 2340844, 1, 4096, 0
2305, 1566008, 1, 4096, 0
2305, 1593363, 1, 4096, 0
2305, 1482486, 1, 4096, 0
2305, 3229880, 1, 4096, 0
2306, 2146377, 1, 4096, 0
2307, 1715599, 1, 4096, 0
2307, 1927175, 1, 4096, 0
2307, 2135466, 1, 4096, 0
2307, 1937672, 1, 4096, 0
2308, 2504652, 1, 4096, 0
2308, 1442183, 1, 4096, 0
2309, 1758980, 1, 4096, 0
2310, 2381392, 1, 4096, 0
2310, 2787564, 1, 4096, 0
2310, 2008471, 1, 4096, 0
2310, 1943802, 1, 4096, 0
2310, 1903192, 1, 4096, 0
2311, 3785498, 1, 4096, 0
2311, 1324417, 1, 4096, 0
2312, 1732504, 1, 4096, 0
2312, 2101710, 1, 4096, 0
2313, 2100000, 1, 4096, 0
2313, 3673756, 1, 4096, 0
2314, 2394506, 1, 4096, 0
2314, 2978870, 1, 4096, 0
2314, 2132417, 1, 4096, 0
2314, 1507774, 1, 4096, 0
2314, 2368451, 1, 4096, 0
2315, 1642031, 1, 4096, 0
2315, 1649976, 1, 4096, 0
2315, 2129421, 1, 4096, 0
2316, 1536225, 1, 4096, 0
2316, 1533187, 1, 4096, 0
2316, 2505543, 1, 4096, 0
2317, 1645914, 1, 4096, 0
2317, 1991784, 1, 4096, 0
2318, 2078596, 1, 4096, 0
2318, 1643138, 1, 4096, 0
2318, 2433683, 1, 4096, 0
2318, 2151439, 1, 4096, 0
2319, 2351743, 1, 4096, 0
2320, 2247018, 1, 4096, 0
2320, 1966276, 1, 4096, 0
2320, 1980216, 1, 4096, 0
2320, 2105225, 1, 4096, 0
2320, 2099331, 1, 4096, 0
2321, 1618812, 1, 4096, 0
2321, 1732937, 1, 4096, 0
2321, 1834859, 1, 4096, 0
2322, 2390841, 1, 4096, 0
2322, 2300748, 1, 4096, 0
2322, 1378218, 1, 4096, 0
2323, 2790730, 1, 4096, 0
2323, 1517935, 1, 4096, 0
2323, 1615512, 1, 4096, 0
2323, 1085504, 1, 4096, 0
2324, 1209734, 1, 4096, 0
2325, 2613468, 1, 4096, 0
2325, 3089036, 1, 4096, 0
2326, 2675266, 1, 4096, 0
2326, 3594983, 1, 4096, 0
2326, 1502247, 1, 4096, 0
2326, 3374689, 1, 4096, 0
2327, 1757244, 1, 4096, 0
2327, 1865495, 1, 4096, 0
2327, 1802447, 1, 4096, 0
2328, 1941300, 1, 4096, 0
2329, 1217085, 1, 4096, 0
2329, 1980021, 1, 4096, 0
2329, 1636194, 1, 4096, 0
2329, 3002025, 1, 4096, 0
2329, 1404954, 1, 4096, 0
2330, 3208467, 1, 4096, 0
2330, 1663954, 1, 4096, 0
2331, 1761573, 1, 4096, 0
2331, 1782825, 1, 4096, 0
2331, 1647657, 1, 4096, 0
2332, 2211610, 1, 4096, 0
2332, 2604236, 1, 4096, 0
2332, 2062375, 1, 4096, 0
2332, 1688106, 1, 4096, 0
2333, 1346848, 1, 4096, 0
2333, 2410359, 1, 4096, 0
2334, 1185231, 1, 4096, 0
2334, 1592989, 1, 4096, 0
2334, 2645676, 1, 4096, 0
2334, 2726910, 1, 4096, 0
2335, 2861613, 1, 4096, 0
2336, 2452824, 1, 4096, 0
2336, 1803568, 1, 4096, 0
2337, 2694266, 1, 4096, 0
2337, 1394600, 1, 4096, 0
2337, 3451229, 1, 4096, 0
2338, 1925900, 1, 4096, 0
2338, 2300600, 1, 4096, 0
2338, 3959323, 1, 4096, 0
2338, 1422838, 1, 4096, 0
2339, 2463582, 1, 4096, 0
2339, 1518913, 1, 4096, 0
2340, 2463462, 1, 4096, 0
2340, 1439557, 1, 4096, 0
2340, 1566989, 1, 4096, 0
2340, 2136446, 1, 4096, 0
2341, 1492723, 1, 4096, 0
2341, 1674671, 1, 4096, 0
2342, 2445046, 1, 4096, 0
2342, 2411139, 1, 4096, 0
2343, 2734994, 1, 4096, 0
2343, 2951008, 1, 4096, 0
2343, 2068103, 1, 4096, 0
2343, 1663718, 1, 4096, 0
2344, 2040125, 1, 4096, 0
2344, 1589327, 1, 4096, 0
2344, 1412257, 1, 4096, 0
2344, 1718445, 1, 4096, 0
2345, 2641800, 1, 4096, 0
2345, 988839, 1, 4096, 0
2345, 2443402, 1, 4096, 0
2345, 1427384, 1, 4096, 0
2346, 1579995, 1, 4096, 0
2346, 2194384, 1, 4096, 0
2347, 1709579, 1, 4096, 0
2347, 2102849, 1, 4096, 0
2347, 1997108, 1, 4096, 0
2348, 2228338, 1, 4096, 0
2348, 1869383, 1, 4096, 0
2348, 1793729, 1, 4096, 0
2349, 1989399, 1, 4096, 0
2349, 2190427, 1, 4096, 0
2349, 1805109, 1, 4096, 0
2350, 2636779, 1, 4096, 0
2350, 1798647, 1, 4096, 0
2350, 2142039, 1, 4096, 0
2351, 1702563, 1, 4096, 0
2351, 1859818, 1, 4096, 0
2352, 1838456, 1, 4096, 0
2352, 2604063, 1, 4096, 0
2352, 1872312, 1, 4096, 0
2352, 2470592, 1, 4096, 0
2353, 1835622, 1, 4096, 0
2353, 1560309, 1, 4096, 0
2353, 3496419, 1, 4096, 0
2354, 1098805, 1, 4096, 0
2354, 1537413, 1, 4096, 0
2354, 1910999, 1, 4096, 0
2355, 2029906, 1, 4096, 0
2356, 2446505, 1, 4096, 0
2356, 3002970, 1, 4096, 0
2356, 2904805, 1, 4096, 0
2356, 2644949, 1, 4096, 0
2357, 1362678, 1, 4096, 0
2357, 3111088, 1, 4096, 0
2357, 1168111, 1, 4096, 0
2358, 1558081, 1, 4096, 0
2358, 1875270, 1, 4096, 0
2358, 2164397, 1, 4096, 0
2358, 1555315, 1, 4096, 0
2359, 1510175, 1, 4096, 0
2359, 1824319, 1, 4096, 0
2359, 1903285, 1, 4096, 0
2360, 1129852, 1, 4096, 0
2361, 1591063, 1, 4096, 0
2361, 3090495, 1, 4096, 0
2361, 3010535, 1, 4096, 0
2361, 2105312, 1, 4096, 0
2361, 2076045, 1, 4096, 0
2361, 1883293, 1, 4096, 0
2362, 1179215, 1, 4096, 0
2363, 1528854, 1, 4096, 0
2363, 1581070, 1, 4096, 0
2363, 1656459, 1, 4096, 0
2363, 1638640, 1, 4096, 0
2364, 1544953, 1, 4096, 0
2364, 3229223, 1, 4096, 0
2364, 2439621, 1, 4096, 0
2365, 1561547, 1, 4096, 0
2365, 2137318, 1, 4096, 0
2366, 2588641, 1, 4096, 0
2366, 1299381, 1, 4096, 0
2366, 1921093, 1, 4096, 0
2366, 1820210, 1, 4096, 0
2366, 1894489, 1, 4096, 0
2367, 1405660, 1, 4096, 0
2367, 1799056, 1, 4096, 0
2368, 1844464, 1, 4096, 0
2368, 1580081, 1, 4096, 0
2368, 1458633, 1, 4096, 0
2368, 1901433, 1, 4096, 0
2368, 2210282, 1, 4096, 0
2369, 1064369, 1, 4096, 0
2369, 1705485, 1, 4096, 0
2370, 1928909, 1, 4096, 0
2370, 1840105, 1, 4096, 0
2370, 1873074, 1, 4096, 0
2370, 1948741, 1, 4096, 0
2371, 1989270, 1, 4096, 0
2371, 1381126, 1, 4096, 0
2371, 1756384, 1, 4096, 0
2372, 1326369, 1, 4096, 0
2372, 1871578, 1, 4096, 0
2372, 1689265, 1, 4096, 0
2372, 1785929, 1, 4096, 0
2373, 1500849, 1, 4096, 0
2373, 2564516, 1, 4096, 0
2374, 1255327, 1, 4096, 0
2374, 1414474, 1, 4096, 0
2374, 2118440, 1, 4096, 0
2375, 3550017, 1, 4096, 0
2375, 2194764, 1, 4096, 0
2375, 2383263, 1, 4096, 0
2375, 1771579, 1, 4096, 0
2376, 1859214, 1, 4096, 0
2376, 2415961, 1, 4096, 0
2377, 1709241, 1, 4096, 0
2377, 1839103, 1, 4096, 0
2377, 2358998, 1, 4096, 0
2377, 2163887, 1, 4096, 0
2378, 1799363, 1, 4096, 0
2378, 2378130, 1, 4096, 0
2379, 1813231, 1, 4096, 0
2379, 1535777, 1, 4096, 0
2379, 1487190, 1, 4096, 0
2379, 1604077, 1, 4096, 0
2379, 1109020, 1, 4096, 0
2380, 1684690, 1, 4096, 0
2381, 1517243, 1, 4096, 0
2381, 2096603, 1, 4096, 0
2381, 1533709, 1, 4096, 0
2381, 3344336, 1, 4096, 0
2382, 2881105, 1, 4096, 0
2382, 1599512, 1, 4096, 0
2382, 1920503, 1, 4096, 0
2384, 1497031, 1, 4096, 0
2384, 1493131, 1, 4096, 0
2385, 1671082, 1, 4096, 0
2385, 1710074, 1, 4096, 0
2385, 1758027, 1, 4096, 0
2385, 2458822, 1, 4096, 0
2386, 1480204, 1, 4096, 0
2386, 1289676, 1, 4096, 0
2386, 1803930, 1, 4096, 0
2387, 2351293, 1, 4096, 0
2388, 3220861, 1, 4096, 0
2388, 1964850, 1, 4096, 0
2388, 2675648, 1, 4096, 0
2388, 2439049, 1, 4096, 0
2388, 1869190, 1, 4096, 0
2389, 1832415, 1, 4096, 0
2389, 1456649, 1, 4096, 0
2389, 1315923, 1, 4096, 0
2389, 1648602, 1, 4096, 0
2390, 1230583, 1, 4096, 0
2390, 1523780, 1, 4096, 0
2390, 1785010, 1, 4096, 0
2391, 1301199, 1, 4096, 0
2392, 1808308, 1, 4096, 0
2392, 1902699, 1, 4096, 0
2392, 2302601, 1, 4096, 0
2393, 1217458, 1, 4096, 0
2393, 1466632, 1, 4096, 0
2393, 3965280, 1, 4096, 0
2393, 2671168, 1, 4096, 0
2393, 3315565, 1, 4096, 0
2395, 2944788, 1, 4096, 0
2395, 1595330, 1, 4096, 0
2395, 1465207, 1, 4096, 0
2395, 1747584, 1, 4096, 0
2395, 1894731, 1, 4096, 0
2395, 2473052, 1, 4096, 0
2396, 1452415, 1, 4096, 0
2396, 1841745, 1, 4096, 0
2396, 1674882, 1, 4096, 0
2396, 1346662, 1, 4096, 0
2397, 1813020, 1, 4096, 0
2397, 1621785, 1, 4096, 0
2398, 1816082, 1, 4096, 0
2398, 1987536, 1, 4096, 0
2399, 1645566, 1, 4096, 0
2399, 2380082, 1, 4096, 0
2399, 2496278, 1, 4096, 0
2399, 2421322, 1, 4096, 0
2400, 1989435, 1, 4096, 0
2400, 1666720, 1, 4096, 0
2401, 1885965, 1, 4096, 0
2401, 1902284, 1, 4096, 0
2401, 2084234, 1, 4096, 0
2401, 1230573, 1, 4096, 0
2402, 3048664, 1, 4096, 0
2402, 2308460, 1, 4096, 0
2403, 1622171, 1, 4096, 0
2403, 2179297, 1, 4096, 0
2403, 1204198, 1, 4096, 0
2403, 2593593, 1, 4096, 0
2404, 2392589, 1, 4096, 0
2404, 1285769, 1, 4096, 0
2405, 1906340, 1, 4096, 0
2405, 2765604, 1, 4096, 0
2405, 2349190, 1, 4096, 0
2406, 2465675, 1, 4096, 0
2406, 1589940, 1, 4096, 0
2407, 2891819, 1, 4096, 0
2407, 2104739, 1, 4096, 0
2408, 2551243, 1, 4096, 0
2409, 3177516, 1, 4096, 0
2409, 2895755, 1, 4096, 0
2409, 1879104, 1, 4096, 0
2409, 2280618, 1, 4096, 0
2409, 1390409, 1, 4096, 0
2410, 4340331, 1, 4096, 0
2410, 1225775, 1, 4096, 0
2410, 1556963, 1, 4096, 0
2411, 1350967, 1, 4096, 0
2411, 1735443, 1, 4096, 0
2411, 2030418, 1, 4096, 0
2411, 1332722, 1, 4096, 0
2412, 2583222, 1, 4096, 0
2412, 1892991, 1, 4096, 0
2412, 2047392, 1, 4096, 0
2412, 1775884, 1, 4096, 0
2413, 1915615, 1, 4096, 0
2413, 1502256, 1, 4096, 0
2414, 1445397, 1, 4096, 0
2414, 1532419, 1, 4096, 0
2414, 1742927, 1, 4096, 0
2414, 1597662, 1, 4096, 0
2414, 1614724, 1, 4096, 0
2415, 1842339, 1, 4096, 0
2415, 1534298, 1, 4096, 0
2416, 1527341, 1, 4096, 0
2416, 1676788, 1, 4096, 0
2416, 1584917, 1, 4096, 0
2416, 2121500, 1, 4096, 0
2417, 2045035, 1, 4096, 0
2417, 1734643, 1, 4096, 0
2418, 2259836, 1, 4096, 0
2418, 2134098, 1, 4096, 0
2418, 2204880, 1, 4096, 0
2419, 2417995, 1, 4096, 0
2419, 1812952, 1, 4096, 0
2419, 1334133, 1, 4096, 0
2419, 1778892, 1, 4096, 0
2420, 2010375, 1, 4096, 0
2420, 1631147, 1, 4096, 0
2420, 1527407, 1, 4096, 0
2420, 1911417, 1, 4096, 0
2421, 1841675, 1, 4096, 0
2421, 2355250, 1, 4096, 0
2422, 2269567, 1, 4096, 0
2422, 1822843, 1, 4096, 0
2423, 1815874, 1, 4096, 0
2423, 2698074, 1, 4096, 0
2423, 1756757, 1, 4096, 0
2423, 3333980, 1, 4096, 0
2423, 1199031, 1, 4096, 0
2424, 1441772, 1, 4096, 0
2425, 1808729, 1, 4096, 0
2425, 1749076, 1, 4096, 0
2425, 2158815, 1, 4096, 0
2426, 2136719, 1, 4096, 0
2426, 2147944, 1, 4096, 0
2426, 1190208, 1, 4096, 0
2426, 1152359, 1, 4096, 0
2426, 3068102, 1, 4096, 0
2428, 1627138, 1, 4096, 0
2428, 3182639, 1, 4096, 0
2428, 1511157, 1, 4096, 0
2428, 2138972, 1, 4096, 0
2428, 1985428, 1, 4096, 0
2428, 2501201, 1, 4096, 0
2429, 1729288, 1, 4096, 0
2430, 1610119, 1, 4096, 0
2430, 1928450, 1, 4096, 0
2430, 2163469, 1, 4096, 0
2431, 2500260, 1, 4096, 0
2431, 2959807, 1, 4096, 0
2431, 1253589, 1, 4096, 0
2431, 1134036, 1, 4096, 0
2431, 1488075, 1, 4096, 0
2432, 1889044, 1, 4096, 0
2432, 1660101, 1, 4096, 0
2433, 2001058, 1, 4096, 0
2433, 2012392, 1, 4096, 0
2433, 1334479, 1, 4096, 0
2433, 1898743, 1, 4096, 0
2434, 2438265, 1, 4096, 0
2435, 2281468, 1, 4096, 0
2435, 2091207, 1, 4096, 0
2435, 2110962, 1, 4096, 0
2435, 1956822, 1, 4096, 0
2435, 1656711, 1, 4096, 0
2436, 2354482, 1, 4096, 0
2436, 1510508, 1, 4096, 0
2436, 1423598, 1, 4096, 0
2436, 1145847, 1, 4096, 0
2436, 1570664, 1, 4096, 0
2437, 2213929, 1, 4096, 0
2437, 1804754, 1, 4096, 0
2437, 1261455, 1, 4096, 0
2438, 1822262, 1, 4096, 0
2439, 2235462, 1, 4096, 0
2439, 1379698, 1, 4096, 0
2439, 2981073, 1, 4096, 0
2439, 1961382, 1, 4096, 0
2439, 2567632, 1, 4096, 0
2440, 1509614, 1, 4096, 0
2440, 1220369, 1, 4096, 0
2440, 1149578, 1, 4096, 0
2441, 1700565, 1, 4096, 0
2441, 1070685, 1, 4096, 0
2441, 2041521, 1, 4096, 0
2442, 1797936, 1, 4096, 0
2442, 1990826, 1, 4096, 0
2443, 3836358, 1, 4096, 0
2443, 1587934, 1, 4096, 0
2443, 1555531, 1, 4096, 0
2443, 1482700, 1, 4096, 0
2444, 1040373, 1, 4096, 0
2444, 2376371, 1, 4096, 0
2444, 2631878, 1, 4096, 0
2445, 2051315, 1, 4096, 0
2445, 1597700, 1, 4096, 0
2445, 1817316, 1, 4096, 0
2446, 1898345, 1, 4096, 0
2446, 2144187, 1, 4096, 0
2447, 2348585, 1, 4096, 0
2447, 2324281, 1, 4096, 0
2448, 2403376, 1, 4096, 0
2448, 3131051, 1, 4096, 0
2448, 2131778, 1, 4096, 0
2448, 2453921, 1, 4096, 0
2449, 1848984, 1, 4096, 0
2449, 1625988, 1, 4096, 0
2450, 2185254, 1, 4096, 0
2450, 3374236, 1, 4096, 0
2450, 1829221, 1, 4096, 0
2450, 1874873, 1, 4096, 0
2450, 1507955, 1, 4096, 0
2451, 1332485, 1, 4096, 0
2451, 1244535, 1, 4096, 0
2451, 1124067, 1, 4096, 0
2452, 1664403, 1, 4096, 0
2452, 2800968, 1, 4096, 0
2453, 1465605, 1, 4096, 0
2453, 1322155, 1, 4096, 0
2453, 1530829, 1, 4096, 0
2453, 3163934, 1, 4096, 0
2453, 1814529, 1, 4096, 0
2454, 1863400, 1, 4096, 0
2454, 1672937, 1, 4096, 0
2455, 1811134, 1, 4096, 0
2455, 1825631, 1, 4096, 0
2456, 2490386, 1, 4096, 0
2456, 1621241, 1, 4096, 0
2456, 1310476, 1, 4096, 0
2456, 1568680, 1, 4096, 0
2456, 3704675, 1, 4096, 0
2457, 1865542, 1, 4096, 0
2458, 2516178, 1, 4096, 0
2458, 1982950, 1, 4096, 0
2458, 1873252, 1, 4096, 0
2458, 2488823, 1, 4096, 0
2459, 1009458, 1, 4096, 0
2459, 2415093, 1, 4096, 0
2459, 1704859, 1, 4096, 0
2459, 1647402, 1, 4096, 0
2460, 1709364, 1, 4096, 0
2460, 1677362, 1, 4096, 0
2460, 1233882, 1, 4096, 0
2461, 2046989, 1, 4096, 0
2461, 1877328, 1, 4096, 0
2461, 1250836, 1, 4096, 0
2461, 1943070, 1, 4096, 0
2462, 1929701, 1, 4096, 0
2462, 1478223, 1, 4096, 0
2462, 2473805, 1, 4096, 0
2463, 1854604, 1, 4096, 0
2463, 2012953, 1, 4096, 0
2464, 1524336, 1, 4096, 0
2464, 2599054, 1, 4096, 0
2465, 3047899, 1, 4096, 0
2465, 2680403, 1, 4096, 0
2465, 1502700, 1, 4096, 0
2465, 1395625, 1, 4096, 0
2465, 1906712, 1, 4096, 0
2465, 1591863, 1, 4096, 0
2467, 2094980, 1, 4096, 0
2467, 1594365, 1, 4096, 0
2467, 1487182, 1, 4096, 0
2467, 1883278, 1, 4096, 0
2467, 2813098, 1, 4096, 0
2467, 2687788, 1, 4096, 0
2468, 1528143, 1, 4096, 0
2469, 1402405, 1, 4096, 0
2469, 2026385, 1, 4096, 0
2469, 1803765, 1, 4096, 0
2469, 2116989, 1, 4096, 0
2470, 2885079, 1, 4096, 0
2471, 2226283, 1, 4096, 0
2471, 1830987, 1, 4096, 0
2471, 1753087, 1, 4096, 0
2471, 2157274, 1, 4096, 0
2471, 1941235, 1, 4096, 0
2471, 1508607, 1, 4096, 0
2472, 1644826, 1, 4096, 0
2473, 1941406, 1, 4096, 0
2473, 1850612, 1, 4096, 0
2473, 1868579, 1, 4096, 0
2473, 1690807, 1, 4096, 0
2473, 2099726, 1, 4096, 0
2474, 1292292, 1, 4096, 0
2474, 1522343, 1, 4096, 0
2474, 1172891, 1, 4096, 0
2474, 1223591, 1, 4096, 0
2475, 1572307, 1, 4096, 0
2475, 1817096, 1, 4096, 0
2475, 1208430, 1, 4096, 0
2476, 2067231, 1, 4096, 0
2476, 1450182, 1, 4096, 0
2476, 1426972, 1, 4096, 0
2477, 1896285, 1, 4096, 0
2477, 1410512, 1, 4096, 0
2477, 1239116, 1, 4096, 0
2477, 2602267, 1, 4096, 0
2478, 1969390, 1, 4096, 0
2478, 1712664, 1, 4096, 0
2478, 1226489, 1, 4096, 0
2479, 2019400, 1, 4096, 0
2479, 2113524, 1, 4096, 0
2479, 2427570, 1, 4096, 0
2479, 1725036, 1, 4096, 0
2480, 2038859, 1, 4096, 0
2480, 1541979, 1, 4096, 0
2481, 2696769, 1, 4096, 0
2481, 1497737, 1, 4096, 0
2481, 1944616, 1, 4096, 0
2481, 1773238, 1, 4096, 0
2481, 2236398, 1, 4096, 0
2482, 1787717, 1, 4096, 0
2482, 1472726, 1, 4096, 0
2483, 1619322, 1, 4096, 0
2483, 1400904, 1, 4096, 0
2484, 975341, 1, 4096, 0
2485, 3719745, 1, 4096, 0
2485, 3535906, 1, 4096, 0
2485, 3767851, 1, 4096, 0
2485, 986887, 1, 4096, 0
2485, 3242875, 1, 4096, 0
2486, 2992809, 1, 4096, 0
2487, 1721059, 1, 4096, 0
2487, 1620660, 1, 4096, 0
2487, 1864319, 1, 4096, 0
2487, 2193979, 1, 4096, 0
2487, 1983695, 1, 4096, 0
2488, 1420292, 1, 4096, 0
2488, 2407836, 1, 4096, 0
2489, 1388996, 1, 4096, 0
2489, 1388840, 1, 4096, 0
2489, 2236014, 1, 4096, 0
2489, 1511749, 1, 4096, 0
2490, 1526589, 1, 4096, 0
2490, 1476449, 1, 4096, 0
2490, 1196916, 1, 4096, 0
2491, 1649593, 1, 4096, 0
2491, 1311521, 1, 4096, 0
2491, 2489838, 1, 4096, 0
2491, 1666475, 1, 4096, 0
2492, 1911229, 1, 4096, 0
2492, 3353614, 1, 4096, 0
2493, 1661897, 1, 4096, 0
2493, 1473991, 1, 4096, 0
2493, 2058456, 1, 4096, 0
2493, 1272012, 1, 4096, 0
2493, 2040369, 1, 4096, 0
2494, 1945467, 1, 4096, 0
2494, 1229088, 1, 4096, 0
2494, 1872663, 1, 4096, 0
2495, 2099693, 1, 4096, 0
2495, 1823342, 1, 4096, 0
2495, 1866163, 1, 4096, 0
2496, 2028657, 1, 4096, 0
2496, 1746961, 1, 4096, 0
2496, 1291604, 1, 4096, 0
2496, 1737670, 1, 4096, 0
2498, 2241837, 1, 4096, 0
2498, 2224968, 1, 4096, 0
2498, 1888027, 1, 4096, 0
2498, 1794984, 1, 4096, 0
2498, 2079345, 1, 4096, 0
2498, 1969070, 1, 4096, 0
2499, 1868160, 1, 4096, 0
2500, 1974166, 1, 4096, 0
2500, 1630265, 1, 4096, 0
2500, 2396465, 1, 4096, 0
2500, 2894810, 1, 4096, 0
2501, 2764067, 1, 4096, 0
2501, 1576529, 1, 4096, 0
2501, 1336294, 1, 4096, 0
2502, 2070868, 1, 4096, 0
2502, 1836785, 1, 4096, 0
2502, 1804073, 1, 4096, 0
2503, 2051161, 1, 4096, 0
2503, 1611328, 1, 4096, 0
2503, 1753566, 1, 4096, 0
2503, 1461358, 1, 4096, 0
2504, 1880948, 1, 4096, 0
2505, 2684698, 1, 4096, 0
2505, 3230343, 1, 4096, 0
2505, 2152815, 1, 4096, 0
2505, 2428119, 1, 4096, 0
2505, 2001200, 1, 4096, 0
2506, 1281288, 1, 4096, 0
2507, 1720364, 1, 4096, 0
2507, 1693753, 1, 4096, 0
2508, 2529348, 1, 4096, 0
2508, 2779139, 1, 4096, 0
2508, 2578028, 1, 4096, 0
2508, 2170833, 1, 4096, 0
2508, 1353733, 1, 4096, 0
2508, 1467108, 1, 4096, 0
2509, 1421070, 1, 4096, 0
2509, 1396932, 1, 4096, 0
2510, 2039527, 1, 4096, 0
2510, 1997333, 1, 4096, 0
2510, 2028607, 1, 4096, 0
2510, 2138709, 1, 4096, 0
2511, 1624204, 1, 4096, 0
2511, 2036588, 1, 4096, 0
2511, 1540478, 1, 4096, 0
2512, 2200547, 1, 4096, 0
2512, 2597860, 1, 4096, 0
2513, 1565663, 1, 4096, 0
2514, 3289706, 1, 4096, 0
2514, 3012200, 1, 4096, 0
2514, 2504788, 1, 4096, 0
2514, 2019705, 1, 4096, 0
2515, 2298986, 1, 4096, 0
2515, 1697817, 1, 4096, 0
2515, 2872428, 1, 4096, 0
2516, 2161548, 1, 4096, 0
2516, 2584679, 1, 4096, 0
2517, 2394601, 1, 4096, 0
2517, 1618989, 1, 4096, 0
2517, 1787277, 1, 4096, 0
2517, 2019647, 1, 4096, 0
2518, 2742843, 1, 4096, 0
2519, 1691398, 1, 4096, 0
2519, 1909548, 1, 4096, 0
2519, 2533206, 1, 4096, 0
2519, 1573603, 1, 4096, 0
2519, 1822364, 1, 4096, 0
2520, 1374846, 1, 4096, 0
2521, 1962621, 1, 4096, 0
2521, 1841463, 1, 4096, 0
2521, 1980388, 1, 4096, 0
2521, 1007961, 1, 4096, 0
2521, 2569262, 1, 4096, 0
2521, 2576330, 1, 4096, 0
2522, 1052328, 1, 4096, 0
2523, 1341278, 1, 4096, 0
2523, 2479916, 1, 4096, 0
2523, 2493439, 1, 4096, 0
2524, 2812731, 1, 4096, 0
2524, 2816981, 1, 4096, 0
2525, 3099804, 1, 4096, 0
2525, 1889961, 1, 4096, 0
2525, 1857492, 1, 4096, 0
2526, 2181428, 1, 4096, 0
2526, 2779155, 1, 4096, 0
2526, 2023235, 1, 4096, 0
2527, 1637250, 1, 4096, 0
2527, 1687866, 1, 4096, 0
2528, 1050934, 1, 4096, 0
2528, 2147353, 1, 4096, 0
2528, 2322601, 1, 4096, 0
2528, 2654683, 1, 4096, 0
2529, 2122111, 1, 4096, 0
2529, 3461016, 1, 4096, 0
2530, 1562813, 1, 4096, 0
2530, 1756759, 1, 4096, 0
2530, 2673550, 1, 4096, 0
2531, 2442585, 1, 4096, 0
2531, 2009838, 1, 4096, 0
2532, 2351769, 1, 4096, 0
2532, 2289940, 1, 4096, 0
2532, 2363231, 1, 4096, 0
2532, 1592248, 1, 4096, 0
2532, 1780500, 1, 4096, 0
2533, 1315801, 1, 4096, 0
2533, 1502422, 1, 4096, 0
2534, 1641120, 1, 4096, 0
2534, 1647287, 1, 4096, 0
2534, 2189789, 1, 4096, 0
2534, 1905153, 1, 4096, 0
2535, 1995868, 1, 4096, 0
2535, 2255246, 1, 4096, 0
2535, 1903678, 1, 4096, 0
2535, 1921414, 1, 4096, 0
2536, 1509510, 1, 4096, 0
2536, 1406401, 1, 4096, 0
2537, 2299219, 1, 4096, 0
2537, 1435103, 1, 4096, 0
2537, 1714653, 1, 4096, 0
2537, 1596977, 1, 4096, 0
2537, 1474325, 1, 4096, 0
2539, 3438476, 1, 4096, 0
2539, 2077915, 1, 4096, 0
2539, 2358747, 1, 4096, 0
2539, 2226686, 1, 4096, 0
2539, 2248712, 1, 4096, 0
2539, 2503868, 1, 4096, 0
2541, 1262861, 1, 4096, 0
2541, 1388027, 1, 4096, 0
2541, 1553104, 1, 4096, 0
2541, 1902677, 1, 4096, 0
2542, 2214903, 1, 4096, 0
2542, 1394122, 1, 4096, 0
2542, 1657222, 1, 4096, 0
2542, 1561398, 1, 4096, 0
2542, 3194245, 1, 4096, 0
2543, 952757, 1, 4096, 0
2543, 1637717, 1, 4096, 0
2543, 2451812, 1, 4096, 0
2544, 1941627, 1, 4096, 0
2545, 2669674, 1, 4096, 0
2545, 2745508, 1, 4096, 0
2546, 2336511, 1, 4096, 0
2546, 1835156, 1, 4096, 0
2546, 2625682, 1, 4096, 0
2547, 1797583, 1, 4096, 0
2547, 4008693, 1, 4096, 0
2547, 2035844, 1, 4096, 0
2547, 1692408, 1, 4096, 0
2547, 1543420, 1, 4096, 0
2548, 2018979, 1, 4096, 0
2548, 1388027, 1, 4096, 0
2549, 1422555, 1, 4096, 0
2549, 2137157, 1, 4096, 0
2550, 1584085, 1, 4096, 0
2550, 2904419, 1, 4096, 0
2550, 2278995, 1, 4096, 0
2550, 1527332, 1, 4096, 0
2550, 3165822, 1, 4096, 0
2551, 1565198, 1, 4096, 0
2551, 1138406, 1, 4096, 0
2552, 1501158, 1, 4096, 0
2552, 1627938, 1, 4096, 0
2552, 1903265, 1, 4096, 0
2552, 1448175, 1, 4096, 0
2553, 2148434, 1, 4096, 0
2553, 1383774, 1, 4096, 0
2553, 2327098, 1, 4096, 0
2554, 1253034, 1, 4096, 0
2554, 1378459, 1, 4096, 0
2554, 2316102, 1, 4096, 0
2554, 2087398, 1, 4096, 0
2554, 1281941, 1, 4096, 0
2556, 2526452, 1, 4096, 0
2556, 2002849, 1, 4096, 0
2556, 2606924, 1, 4096, 0
2556, 2207250, 1, 4096, 0
2556, 2172138, 1, 4096, 0
2558, 3314632, 1, 4096, 0
2558, 2097738, 1, 4096, 0
2558, 2222410, 1, 4096, 0
2558, 1671356, 1, 4096, 0
2558, 1742317, 1, 4096, 0
2559, 2580638, 1, 4096, 0
2559, 1248144, 1, 4096, 0
2560, 1701690, 1, 4096, 0
2560, 1950546, 1, 4096, 0
2560, 2224068, 1, 4096, 0
2561, 3056267, 1, 4096, 0
2561, 2468566, 1, 4096, 0
2562, 1944734, 1, 4096, 0
2562, 1538807, 1, 4096, 0
2562, 1819311, 1, 4096, 0
2562, 2685206, 1, 4096, 0
2563, 2000688, 1, 4096, 0
2563, 1692443, 1, 4096, 0
2564, 2433633, 1, 4096, 0
2564, 2291564, 1, 4096, 0
2564, 2423879, 1, 4096, 0
2564, 2157608, 1, 4096, 0
2565, 2369696, 1, 4096, 0
2566, 1954556, 1, 4096, 0
2566, 1730856, 1, 4096, 0
2566, 2691665, 1, 4096, 0
2567, 2478349, 1, 4096, 0
2567, 1854757, 1, 4096, 0
2567, 2622347, 1, 4096, 0
2567, 1367564, 1, 4096, 0
2567, 1309801, 1, 4096, 0
2568, 1964231, 1, 4096, 0
2569, 1782432, 1, 4096, 0
2569, 2024761, 1, 4096, 0
2569, 2138162, 1, 4096, 0
2569, 1700271, 1, 4096, 0
2570, 2551008, 1, 4096, 0
2570, 1982861, 1, 4096, 0
2570, 1573535, 1, 4096, 0
2571, 1580323, 1, 4096, 0
2571, 1922110, 1, 4096, 0
2571, 2288503, 1, 4096, 0
2572, 1746846, 1, 4096, 0
2572, 2264136, 1, 4096, 0
2572, 1394982, 1, 4096, 0
2572, 1732268, 1, 4096, 0
2573, 1385295, 1, 4096, 0
2573, 3113423, 1, 4096, 0
2573, 1071370, 1, 4096, 0
2574, 1588139, 1, 4096, 0
2574, 1656914, 1, 4096, 0
2574, 2104096, 1, 4096, 0
2575, 1643714, 1, 4096, 0
2575, 1617549, 1, 4096, 0
2575, 2147268, 1, 4096, 0
2575, 1456047, 1, 4096, 0
2576, 1605625, 1, 4096, 0
2576, 1414889, 1, 4096, 0
2576, 2065326, 1, 4096, 0
2577, 2238849, 1, 4096, 0
2577, 1659748, 1, 4096, 0
2577, 1054225, 1, 4096, 0
2578, 2967595, 1, 4096, 0
2578, 2643390, 1, 4096, 0
2578, 1030457, 1, 4096, 0
2578, 1105969, 1, 4096, 0
2579, 2105956, 1, 4096, 0
2579, 1964268, 1, 4096, 0
2580, 2125967, 1, 4096, 0
2580, 2162973, 1, 4096, 0
2580, 2364734, 1, 4096, 0
2580, 1063637, 1, 4096, 0
2581, 2449540, 1, 4096, 0
2581, 2402196, 1, 4096, 0
2581, 1514666, 1, 4096, 0
2582, 2145459, 1, 4096, 0
2582, 2083339, 1, 4096, 0
2583, 2280365, 1, 4096, 0
2584, 2875049, 1, 4096, 0
2584, 3043101, 1, 4096, 0
2584, 2965657, 1, 4096, 0
2585, 2019831, 1, 4096, 0
2585, 2559745, 1, 4096, 0
2585, 2780960, 1, 4096, 0
2585, 1441692, 1, 4096, 0
2586, 1623163, 1, 4096, 0
2587, 1829153, 1, 4096, 0
2587, 1666840, 1, 4096, 0
2588, 2569383, 1, 4096, 0
2588, 1340711, 1, 4096, 0
2588, 4014518, 1, 4096, 0
2588, 1734827, 1, 4096, 0
2589, 4650253, 1, 4096, 0
2590, 2622185, 1, 4096, 0
2590, 1748201, 1, 4096, 0
2590, 2120467, 1, 4096, 0
2590, 1923846, 1, 4096, 0
2592, 4108318, 1, 4096, 0
2592, 2475273, 1, 4096, 0
2592, 3444523, 1, 4096, 0
2592, 2507712, 1, 4096, 0
2592, 2712356, 1, 4096, 0
2592, 2822909, 1, 4096, 0
2594, 1736300, 1, 4096, 0
2594, 1806267, 1, 4096, 0
2594, 2047454, 1, 4096, 0
2594, 2038284, 1, 4096, 0
2595, 2497167, 1, 4096, 0
2595, 2450804, 1, 4096, 0
2596, 1792570, 1, 4096, 0
2596, 1592055, 1, 4096, 0
2596, 1642741, 1, 4096, 0
2596, 1607053, 1, 4096, 0
2597, 2082612, 1, 4096, 0
2597, 1602381, 1, 4096, 0
2597, 1681582, 1, 4096, 0
2598, 3260700, 1, 4096, 0
2598, 2847925, 1, 4096, 0
2598, 2367491, 1, 4096, 0
2599, 1819807, 1, 4096, 0
2600, 2261314, 1, 4096, 0
2600, 2286047, 1, 4096, 0
2600, 1475658, 1, 4096, 0
2600, 1819584, 1, 4096, 0
2601, 2080666, 1, 4096, 0
2602, 3551656, 1, 4096, 0
2602, 1937911, 1, 4096, 0
2602, 2299019, 1, 4096, 0
2602, 1782001, 1, 4096, 0
2602, 1673834, 1, 4096, 0
2603, 3196671, 1, 4096, 0
2604, 1307103, 1, 4096, 0
2604, 1943072, 1, 4096, 0
2604, 2709060, 1, 4096, 0
2605, 1302610, 1, 4096, 0
2605, 2728109, 1, 4096, 0
2605, 2962080, 1, 4096, 0
2605, 1480606, 1, 4096, 0
2605, 1498136, 1, 4096, 0
2607, 1608312, 1, 4096, 0
2607, 2264905, 1, 4096, 0
2607, 1898105, 1, 4096, 0
2607, 2281726, 1, 4096, 0
2607, 2183051, 1, 4096, 0
2607, 2187639, 1, 4096, 0
2608, 1745356, 1, 4096, 0
2609, 1843482, 1, 4096, 0
2609, 1692726, 1, 4096, 0
2610, 2601229, 1, 4096, 0
2610, 2670604, 1, 4096, 0
2610, 2472110, 1, 4096, 0
2610, 1574948, 1, 4096, 0
2611, 1971955, 1, 4096, 0
2611, 2132309, 1, 4096, 0
2612, 2795935, 1, 4096, 0
2612, 2561570, 1, 4096, 0
2613, 2074778, 1, 4096, 0
2613, 2330421, 1, 4096, 0
2613, 3476196, 1, 4096, 0
2613, 3596911, 1, 4096, 0
2615, 2150962, 1, 4096, 0
2615, 1707912, 1, 4096, 0
2615, 1994677, 1, 4096, 0
2615, 2213877, 1, 4096, 0
2615, 1855978, 1, 4096, 0
2615, 2647494, 1, 4096, 0
2616, 1837086, 1, 4096, 0
2616, 1532386, 1, 4096, 0
2617, 1741021, 1, 4096, 0
2617, 1815095, 1, 4096, 0
2617, 1655683, 1, 4096, 0
2617, 2028473, 1, 4096, 0
2618, 1669218, 1, 4096, 0
2618, 1685598, 1, 4096, 0
2619, 1784226, 1, 4096, 0
2619, 2326489, 1, 4096, 0
2619, 2460639, 1, 4096, 0
2620, 1505287, 1, 4096, 0
2620, 1947665, 1, 4096, 0
2620, 1400470, 1, 4096, 0
2621, 4016944, 1, 4096, 0
2621, 2175121, 1, 4096, 0
2622, 3600228, 1, 4096, 0
2622, 1784017, 1, 4096, 0
2622, 1908406, 1, 4096, 0
2623, 1573264, 1, 4096, 0
2623, 2300980, 1, 4096, 0
2623, 2402985, 1, 4096, 0
2623, 1409738, 1, 4096, 0
2624, 1414755, 1, 4096, 0
2624, 2013459, 1, 4096, 0
2625, 2020544, 1, 4096, 0
2625, 1894170, 1, 4096, 0
2625, 2323906, 1, 4096, 0
2625, 1463113, 1, 4096, 0
2625, 1803678, 1, 4096, 0
2627, 2481646, 1, 4096, 0
2627, 2140285, 1, 4096, 0
2627, 1790996, 1, 4096, 0
2627, 2089895, 1, 4096, 0
2627, 2200269, 1, 4096, 0
2627, 2690455, 1, 4096, 0
2628, 1399364, 1, 4096, 0
2629, 2079433, 1, 4096, 0
2629, 2492333, 1, 4096, 0
2629, 1964481, 1, 4096, 0
2629, 1817003, 1, 4096, 0
2629, 1848246, 1, 4096, 0
2630, 2260085, 1, 4096, 0
2631, 1377593, 1, 4096, 0
2631, 1525339, 1, 4096, 0
2631, 1717865, 1, 4096, 0
2631, 1737497, 1, 4096, 0
2631, 2074037, 1, 4096, 0
2632, 1548021, 1, 4096, 0
2632, 1286952, 1, 4096, 0
2632, 1734501, 1, 4096, 0
2632, 1486073, 1, 4096, 0
2633, 2007575, 1, 4096, 0
2633, 1631727, 1, 4096, 0
2634, 1801899, 1, 4096, 0
2634, 2585460, 1, 4096, 0
2635, 1656704, 1, 4096, 0
2635, 2130654, 1, 4096, 0
2635, 1848647, 1, 4096, 0
2635, 2325434, 1, 4096, 0
2635, 1614067, 1, 4096, 0
2636, 1270594, 1, 4096, 0
2636, 1716824, 1, 4096, 0
2636, 1722175, 1, 4096, 0
2636, 1699690, 1, 4096, 0
2637, 1970052, 1, 4096, 0
2637, 1506667, 1, 4096, 0
2638, 1340399, 1, 4096, 0
2638, 1456074, 1, 4096, 0
2638, 1452820, 1, 4096, 0
2638, 1947764, 1, 4096, 0
2638, 1332738, 1, 4096, 0
2638, 1657114, 1, 4096, 0
2639, 1548612, 1, 4096, 0
2639, 1294201, 1, 4096, 0
2640, 2205818, 1, 4096, 0
2640, 1907586, 1, 4096, 0
2640, 2465104, 1, 4096, 0
2641, 1250180, 1, 4096, 0
2641, 3203051, 1, 4096, 0
2641, 2080030, 1, 4096, 0
2642, 1835352, 1, 4096, 0
2642, 2097061, 1, 4096, 0
2642, 1884292, 1, 4096, 0
2642, 1985397, 1, 4096, 0
2643, 1504337, 1, 4096, 0
2644, 1958657, 1, 4096, 0
2644, 2587690, 1, 4096, 0
2644, 2890275, 1, 4096, 0
2644, 1803053, 1, 4096, 0
2645, 1382341, 1, 4096, 0
2645, 2392853, 1, 4096, 0
2646, 2084045, 1, 4096, 0
2646, 1825508, 1, 4096, 0
2646, 2183558, 1, 4096, 0
2647, 2024866, 1, 4096, 0
2647, 2859695, 1, 4096, 0
2648, 3042368, 1, 4096, 0
2648, 1941402, 1, 4096, 0
2648, 2546643, 1, 4096, 0
2649, 2662789, 1, 4096, 0
2649, 2290876, 1, 4096, 0
2649, 2370738, 1, 4096, 0
2650, 2303393, 1, 4096, 0
2650, 2529631, 1, 4096, 0
2650, 1963609, 1, 4096, 0
2651, 1578846, 1, 4096, 0
2652, 2422830, 1, 4096, 0
2652, 2324189, 1, 4096, 0
2652, 1547611, 1, 4096, 0
2652, 1835043, 1, 4096, 0
2652, 2116369, 1, 4096, 0
2654, 2017702, 1, 4096, 0
2654, 2121541, 1, 4096, 0
2654, 1864501, 1, 4096, 0
2654, 2873056, 1, 4096, 0
2654, 1786196, 1, 4096, 0
2655, 2708518, 1, 4096, 0
2655, 1444226, 1, 4096, 0
2656, 1992342, 1, 4096, 0
2656, 1935747, 1, 4096, 0
2656, 1859646, 1, 4096, 0
2657, 1578121, 1, 4096, 0
2657, 1572646, 1, 4096, 0
2657, 2422558, 1, 4096, 0
2657, 3721446, 1, 4096, 0
2657, 1364067, 1, 4096, 0
2658, 2651400, 1, 4096, 0
2658, 923576, 1, 4096, 0
2659, 2175194, 1, 4096, 0
2659, 2299146, 1, 4096, 0
2660, 2546949, 1, 4096, 0
2660, 2427054, 1, 4096, 0
2660, 1569756, 1, 4096, 0
2660, 1483670, 1, 4096, 0
2661, 2065649, 1, 4096, 0
2662, 2130236, 1, 4096, 0
2662, 2173477, 1, 4096, 0
2662, 2156744, 1, 4096, 0
2662, 2217005, 1, 4096, 0
2662, 2548723, 1, 4096, 0
2664, 1455287, 1, 4096, 0
2664, 2094793, 1, 4096, 0
2664, 1723621, 1, 4096, 0
2664, 2956779, 1, 4096, 0
2664, 1713708, 1, 4096, 0
2665, 2452566, 1, 4096, 0
2665, 1605599, 1, 4096, 0
2666, 1761429, 1, 4096, 0
2666, 2499646, 1, 4096, 0
2666, 1654588, 1, 4096, 0
2666, 2347256, 1, 4096, 0
2667, 1469646, 1, 4096, 0
2667, 3138113, 1, 4096, 0
2668, 1525652, 1, 4096, 0
2668, 2625863, 1, 4096, 0
2668, 1623651, 1, 4096, 0
2669, 3259319, 1, 4096, 0
2669, 2519366, 1, 4096, 0
2670, 2208755, 1, 4096, 0
2670, 1730397, 1, 4096, 0
2670, 2269951, 1, 4096, 0
2670, 2420892, 1, 4096, 0
2671, 1589464, 1, 4096, 0
2671, 1725575, 1, 4096, 0
2672, 1996997, 1, 4096, 0
2672, 1994442, 1, 4096, 0
2672, 1177970, 1, 4096, 0
2673, 2502865, 1, 4096, 0
2673, 3069472, 1, 4096, 0
2673, 1294994, 1, 4096, 0
2673, 1645436, 1, 4096, 0
2674, 1815760, 1, 4096, 0
2675, 2151881, 1, 4096, 0
2675, 2606800, 1, 4096, 0
2675, 2545703, 1, 4096, 0
2675, 2427744, 1, 4096, 0
2676, 1476608, 1, 4096, 0
2676, 3150279, 1, 4096, 0
2676, 1769075, 1, 4096, 0
2677, 1465404, 1, 4096, 0
2677, 2156821, 1, 4096, 0
2677, 1822882, 1, 4096, 0
2678, 1912667, 1, 4096, 0
2678, 1686422, 1, 4096, 0
2678, 1551291, 1, 4096, 0
2679, 3163649, 1, 4096, 0
2679, 1672012, 1, 4096, 0
2679, 1709009, 1, 4096, 0
2679, 2080855, 1, 4096, 0
2680, 1430346, 1, 4096, 0
2680, 1569806, 1, 4096, 0
2680, 1622079, 1, 4096, 0
2681, 2839454, 1, 4096, 0
2682, 2476846, 1, 4096, 0
2682, 2000238, 1, 4096, 0
2682, 2110798, 1, 4096, 0
2682, 2496521, 1, 4096, 0
2682, 3116933, 1, 4096, 0
2682, 1453323, 1, 4096, 0
2684, 1652526, 1, 4096, 0
2684, 1674913, 1, 4096, 0
2684, 1914365, 1, 4096, 0
2684, 2127792, 1, 4096, 0
2685, 2172360, 1, 4096, 0
2685, 2208958, 1, 4096, 0
2686, 2320261, 1, 4096, 0
2686, 2347013, 1, 4096, 0
2687, 2492434, 1, 4096, 0
2687, 2526815, 1, 4096, 0
2688, 2915550, 1, 4096, 0
2688, 1643212, 1, 4096, 0
2688, 3000584, 1, 4096, 0
2689, 1846857, 1, 4096, 0
2689, 2509261, 1, 4096, 0
2689, 2586746, 1, 4096, 0
2689, 1710339, 1, 4096, 0
2689, 1789301, 1, 4096, 0
2690, 2318823, 1, 4096, 0
2691, 2099526, 1, 4096, 0
2691, 2599832, 1, 4096, 0
2691, 1496451, 1, 4096, 0
2691, 2184342, 1, 4096, 0
2692, 2323387, 1, 4096, 0
2692, 2878410, 1, 4096, 0
2693, 1598417, 1, 4096, 0
2693, 2042821, 1, 4096, 0
2693, 1364402, 1, 4096, 0
2694, 2228004, 1, 4096, 0
2694, 3040487, 1, 4096, 0
2694, 2514683, 1, 4096, 0
2694, 1353964, 1, 4096, 0
2695, 1478811, 1, 4096, 0
2696, 1764511, 1, 4096, 0
2697, 2776300, 1, 4096, 0
2697, 3059879, 1, 4096, 0
2697, 1636366, 1, 4096, 0
2697, 3198314, 1, 4096, 0
2697, 3281933, 1, 4096, 0
2698, 1236715, 1, 4096, 0
2698, 1317558, 1, 4096, 0
2698, 2000576, 1, 4096, 0
2698, 1384535, 1, 4096, 0
2699, 1543893, 1, 4096, 0
2699, 1486965, 1, 4096, 0
2699, 1296953, 1, 4096, 0
2699, 1434011, 1, 4096, 0
2700, 1962357, 1, 4096, 0
2700, 2437393, 1, 4096, 0
2701, 1689370, 1, 4096, 0
2701, 1815392, 1, 4096, 0
2701, 1803172, 1, 4096, 0
2701, 2061018, 1, 4096, 0
2702, 1736342, 1, 4096, 0
2703, 2005640, 1, 4096, 0
2703, 2578494, 1, 4096, 0
2703, 1551193, 1, 4096, 0
2703, 2011258, 1, 4096, 0
2703, 2277314, 1, 4096, 0
2703, 1580245, 1, 4096, 0
2705, 2259073, 1, 4096, 0
2705, 2165312, 1, 4096, 0
2705, 2294719, 1, 4096, 0
2706, 2674329, 1, 4096, 0
2706, 2709913, 1, 4096, 0
2706, 2871453, 1, 4096, 0
2706, 1243791, 1, 4096, 0
2707, 2165142, 1, 4096, 0
2708, 2037989, 1, 4096, 0
2708, 2476779, 1, 4096, 0
2709, 3317513, 1, 4096, 0
2709, 1401743, 1, 4096, 0
2709, 3181486, 1, 4096, 0
2709, 2684368, 1, 4096, 0
2709, 1453181, 1, 4096, 0
2710, 1776352, 1, 4096, 0
2710, 1270537, 1, 4096, 0
2710, 1462736, 1, 4096, 0
2711, 1951777, 1, 4096, 0
2712, 2093581, 1, 4096, 0
2712, 1782599, 1, 4096, 0
2712, 2994079, 1, 4096, 0
2712, 2489116, 1, 4096, 0
2713, 2170545, 1, 4096, 0
2713, 2888286, 1, 4096, 0
2713, 1732326, 1, 4096, 0
2714, 2280847, 1, 4096, 0
2714, 2439189, 1, 4096, 0
2714, 1803357, 1, 4096, 0
2715, 1946681, 1, 4096, 0
2715, 1882402, 1, 4096, 0
2715, 2642890, 1, 4096, 0
2716, 1867566, 1, 4096, 0
2716, 2263851, 1, 4096, 0
2717, 1663330, 1, 4096, 0
2717, 3042209, 1, 4096, 0
2717, 2085348, 1, 4096, 0
2717, 1815909, 1, 4096, 0
2717, 1387782, 1, 4096, 0
2718, 1943428, 1, 4096, 0
2718, 1224634, 1, 4096, 0
2719, 1743730, 1, 4096, 0
2719, 1299732, 1, 4096, 0
2719, 1782595, 1, 4096, 0
2719, 2193002, 1, 4096, 0
2720, 1573436, 1, 4096, 0
2720, 1606438, 1, 4096, 0
2720, 2015841, 1, 4096, 0
2720, 1981503, 1, 4096, 0
2721, 1419128, 1, 4096, 0
2721, 1397532, 1, 4096, 0
2722, 2305906, 1, 4096, 0
2723, 2118735, 1, 4096, 0
2723, 2372427, 1, 4096, 0
2723, 2589742, 1, 4096, 0
2723, 2969653, 1, 4096, 0
2723, 2516533, 1, 4096, 0
2724, 1655882, 1, 4096, 0
2724, 1629271, 1, 4096, 0
2724, 1527765, 1, 4096, 0
2725, 1572073, 1, 4096, 0
2725, 1670225, 1, 4096, 0
2726, 2874478, 1, 4096, 0
2726, 1773613, 1, 4096, 0
2726, 1585356, 1, 4096, 0
2726, 1487894, 1, 4096, 0
2726, 2213392, 1, 4096, 0
2728, 1447425, 1, 4096, 0
2728, 2631450, 1, 4096, 0
2728, 2188145, 1, 4096, 0
2729, 2960647, 1, 4096, 0
2729, 2596131, 1, 4096, 0
2729, 3189221, 1, 4096, 0
2729, 1223836, 1, 4096, 0
2729, 1662354, 1, 4096, 0
2729, 1832389, 1, 4096, 0
2731, 1765020, 1, 4096, 0
2731, 1433852, 1, 4096, 0
2731, 1840940, 1, 4096, 0
2731, 2330057, 1, 4096, 0
2731, 2113629, 1, 4096, 0
2732, 2753373, 1, 4096, 0
2732, 1205827, 1, 4096, 0
2733, 2022447, 1, 4096, 0
2733, 1650190, 1, 4096, 0
2733, 2051531, 1, 4096, 0
2734, 1579829, 1, 4096, 0
2734, 2613254, 1, 4096, 0
2734, 1575361, 1, 4096, 0
2735, 1820518, 1, 4096, 0
2735, 2218590, 1, 4096, 0
2735, 1478372, 1, 4096, 0
2736, 2762786, 1, 4096, 0
2736, 1787872, 1, 4096, 0
2736, 1697166, 1, 4096, 0
2737, 3038579, 1, 4096, 0
2737, 2013945, 1, 4096, 0
2737, 1705494, 1, 4096, 0
2738, 2420126, 1, 4096, 0
2738, 3089845, 1, 4096, 0
2739, 2130946, 1, 4096, 0
2740, 1548481, 1, 4096, 0
2740, 1291671, 1, 4096, 0
2740, 3343406, 1, 4096, 0
2740, 2663670, 1, 4096, 0
2740, 2753076, 1, 4096, 0
2741, 2037372, 1, 4096, 0
2742, 1978374, 1, 4096, 0
2742, 1513022, 1, 4096, 0
2742, 2029632, 1, 4096, 0
2742, 2328836, 1, 4096, 0
2743, 1788403, 1, 4096, 0
2743, 3182755, 1, 4096, 0
2744, 2078430, 1, 4096, 0
2744, 2160456, 1, 4096, 0
2744, 1885965, 1, 4096, 0
2744, 2162570, 1, 4096, 0
2744, 1440960, 1, 4096, 0
2745, 2797303, 1, 4096, 0
2746, 1754839, 1, 4096, 0
2746, 1998958, 1, 4096, 0
2746, 2448355, 1, 4096, 0
2746, 1988010, 1, 4096, 0
2747, 2723607, 1, 4096, 0
2747, 1638101, 1, 4096, 0
2747, 1044513, 1, 4096, 0
2748, 2056001, 1, 4096, 0
2748, 1968746, 1, 4096, 0
2749, 3145142, 1, 4096, 0
2749, 1927101, 1, 4096, 0
2750, 1925992, 1, 4096, 0
2750, 2758024, 1, 4096, 0
2750, 3912628, 1, 4096, 0
2751, 2890300, 1, 4096, 0
2751, 2101024, 1, 4096, 0
2752, 2689177, 1, 4096, 0
2752, 1720392, 1, 4096, 0
2752, 2491988, 1, 4096, 0
2752, 2695786, 1, 4096, 0
2753, 2179057, 1, 4096, 0
2753, 1196744, 1, 4096, 0
2754, 1719817, 1, 4096, 0
2754, 1322992, 1, 4096, 0
2754, 1450973, 1, 4096, 0
2754, 2950464, 1, 4096, 0
2755, 1884342, 1, 4096, 0
2755, 1610129, 1, 4096, 0
2756, 2077269, 1, 4096, 0
2757, 2931287, 1, 4096, 0
2757, 2113739, 1, 4096, 0
2757, 4035984, 1, 4096, 0
2757, 3286920, 1, 4096, 0
2757, 2026573, 1, 4096, 0
2758, 2425716, 1, 4096, 0
2760, 1698730, 1, 4096, 0
2760, 2588818, 1, 4096, 0
2760, 2607828, 1, 4096, 0
2760, 3460260, 1, 4096, 0
2760, 2756991, 1, 4096, 0
2760, 2882594, 1, 4096, 0
2761, 1372779, 1, 4096, 0
2761, 1449702, 1, 4096, 0
2762, 1320486, 1, 4096, 0
2762, 2139292, 1, 4096, 0
2762, 2306198, 1, 4096, 0
2763, 2596977, 1, 4096, 0
2763, 1807884, 1, 4096, 0
2763, 1848157, 1, 4096, 0
2764, 1503918, 1, 4096, 0
2764, 2216228, 1, 4096, 0
2764, 1818170, 1, 4096, 0
2765, 1977805, 1, 4096, 0
2765, 1427412, 1, 4096, 0
2766, 2061019, 1, 4096, 0
2766, 2452143, 1, 4096, 0
2766, 1879857, 1, 4096, 0
2767, 1104565, 1, 4096, 0
2767, 2097372, 1, 4096, 0
2767, 2140814, 1, 4096, 0
2767, 2720850, 1, 4096, 0
2767, 1378082, 1, 4096, 0
2768, 1487137, 1, 4096, 0
2768, 2602844, 1, 4096, 0
2768, 1585197, 1, 4096, 0
2769, 1452985, 1, 4096, 0
2769, 2250823, 1, 4096, 0
2769, 2467267, 1, 4096, 0
2770, 1589980, 1, 4096, 0
2770, 1487493, 1, 4096, 0
2771, 2324713, 1, 4096, 0
2771, 2488959, 1, 4096, 0
2772, 2454690, 1, 4096, 0
2772, 1209958, 1, 4096, 0
2772, 2665782, 1, 4096, 0
2772, 1923762, 1, 4096, 0
2772, 1399378, 1, 4096, 0
2772, 2417625, 1, 4096, 0
2774, 1664116, 1, 4096, 0
2774, 1501161, 1, 4096, 0
2774, 2123854, 1, 4096, 0
2774, 2512088, 1, 4096, 0
2774, 2027496, 1, 4096, 0
2774, 2474463, 1, 4096, 0
2776, 1555040, 1, 4096, 0
2776, 2218435, 1, 4096, 0
2777, 2586133, 1, 4096, 0
2777, 2395095, 1, 4096, 0
2777, 2373710, 1, 4096, 0
2777, 3262700, 1, 4096, 0
2778, 1807199, 1, 4096, 0
2779, 1806924, 1, 4096, 0
2779, 1885607, 1, 4096, 0
2779, 2239216, 1, 4096, 0
2779, 2997830, 1, 4096, 0
2779, 2460502, 1, 4096, 0
2780, 2500210, 1, 4096, 0
2780, 1760377, 1, 4096, 0
2781, 2223324, 1, 4096, 0
2781, 2076934, 1, 4096, 0
2782, 3231417, 1, 4096, 0
2782, 3063951, 1, 4096, 0
2782, 1919832, 1, 4096, 0
2783, 2431360, 1, 4096, 0
2783, 1561358, 1, 4096, 0
2784, 1235001, 1, 4096, 0
2784, 1296526, 1, 4096, 0
2784, 2114061, 1, 4096, 0
2784, 1250350, 1, 4096, 0
2784, 2355572, 1, 4096, 0
2785, 3742325, 1, 4096, 0
2785, 1854147, 1, 4096, 0
2786, 1894334, 1, 4096, 0
2786, 2200881, 1, 4096, 0
2786, 1972322, 1, 4096, 0
2787, 2108337, 1, 4096, 0
2787, 2381508, 1, 4096, 0
2787, 1568883, 1, 4096, 0
2788, 1745578, 1, 4096, 0
2788, 1725296, 1, 4096, 0
2788, 1736429, 1, 4096, 0
2789, 1734711, 1, 4096, 0
2789, 2880106, 1, 4096, 0
2789, 2171032, 1, 4096, 0
2789, 1470252, 1, 4096, 0
2789, 1500412, 1, 4096, 0
2790, 1426262, 1, 4096, 0
2790, 1361189, 1, 4096, 0
2791, 2238850, 1, 4096, 0
2791, 2173205, 1, 4096, 0
2792, 2172956, 1, 4096, 0
2792, 1593374, 1, 4096, 0
2792, 2521155, 1, 4096, 0
2793, 1975213, 1, 4096, 0
2793, 2702858, 1, 4096, 0
2794, 1810536, 1, 4096, 0
2794, 1884684, 1, 4096, 0
2794, 2419490, 1, 4096, 0
2794, 2992740, 1, 4096, 0
2794, 1725295, 1, 4096, 0
2795, 2292550, 1, 4096, 0
2795, 1679479, 1, 4096, 0
2796, 2091817, 1, 4096, 0
2796, 2040551, 1, 4096, 0
2796, 1041484, 1, 4096, 0
2796, 1728271, 1, 4096, 0
2797, 1373498, 1, 4096, 0
2797, 3003190, 1, 4096, 0
2798, 1716706, 1, 4096, 0
2798, 2013829, 1, 4096, 0
2798, 1887500, 1, 4096, 0
2798, 1981907, 1, 4096, 0
2799, 1780255, 1, 4096, 0
2799, 1828971, 1, 4096, 0
2799, 1303393, 1, 4096, 0
2800, 1744969, 1, 4096, 0
2800, 1870104, 1, 4096, 0
2800, 1999581, 1, 4096, 0
2800, 1499187, 1, 4096, 0
2801, 1810771, 1, 4096, 0
2801, 1480163, 1, 4096, 0
2801, 1310460, 1, 4096, 0
2801, 1366742, 1, 4096, 0
2801, 1608166, 1, 4096, 0
2802, 1780413, 1, 4096, 0
2803, 1858249, 1, 4096, 0
2803, 1338067, 1, 4096, 0
2803, 1567294, 1, 4096, 0
2803, 2462358, 1, 4096, 0
2804, 2167475, 1, 4096, 0
2804, 2643959, 1, 4096, 0
2805, 2547874, 1, 4096, 0
2805, 2519769, 1, 4096, 0
2806, 2367238, 1, 4096, 0
2806, 2234451, 1, 4096, 0
2806, 2045325, 1, 4096, 0
2807, 1301687, 1, 4096, 0
2807, 1585317, 1, 4096, 0
2807, 1267329, 1, 4096, 0
2807, 1464755, 1, 4096, 0
2808, 943865, 1, 4096, 0
2808, 925528, 1, 4096, 0
2808, 1205095, 1, 4096, 0
2808, 5590177, 1, 4096, 0
2809, 2361006, 1, 4096, 0
2809, 1343567, 1, 4096, 0
2809, 1354206, 1, 4096, 0
2809, 1804473, 1, 4096, 0
2810, 1941385, 1, 4096, 0
2810, 1930854, 1, 4096, 0
2810, 1776237, 1, 4096, 0
2811, 2252785, 1, 4096, 0
2812, 1666723, 1, 4096, 0
2812, 1652174, 1, 4096, 0
2812, 1802702, 1, 4096, 0
2812, 3293621, 1, 4096, 0
2812, 2776839, 1, 4096, 0
2813, 1824528, 1, 4096, 0
2813, 1273084, 1, 4096, 0
2814, 2266858, 1, 4096, 0
2814, 2451432, 1, 4096, 0
2815, 2635677, 1, 4096, 0
2815, 2823577, 1, 4096, 0
2815, 1478623, 1, 4096, 0
2815, 2075658, 1, 4096, 0
2816, 1856357, 1, 4096, 0
2817, 1687871, 1, 4096, 0
2817, 2157771, 1, 4096, 0
2817, 2354456, 1, 4096, 0
2817, 2320790, 1, 4096, 0
2817, 1410252, 1, 4096, 0
2818, 1940754, 1, 4096, 0
2819, 3516452, 1, 4096, 0
2819, 2139309, 1, 4096, 0
2819, 1978591, 1, 4096, 0
2820, 2514452, 1, 4096, 0
2820, 2603469, 1, 4096, 0
2820, 1207009, 1, 4096, 0
2820, 1313246, 1, 4096, 0
2821, 2128364, 1, 4096, 0
2821, 1730117, 1, 4096, 0
2822, 2087588, 1, 4096, 0
2822, 1859298, 1, 4096, 0
2822, 2516041, 1, 4096, 0
2823, 1915601, 1, 4096, 0
2823, 2638779, 1, 4096, 0
2824, 2333685, 1, 4096, 0
2824, 2235327, 1, 4096, 0
2824, 2248661, 1, 4096, 0
2824, 2070576, 1, 4096, 0
2825, 2274671, 1, 4096, 0
2826, 1743142, 1, 4096, 0
2826, 1693812, 1, 4096, 0
2826, 1405062, 1, 4096, 0
2827, 3176275, 1, 4096, 0
2827, 2708728, 1, 4096, 0
2827, 4256743, 1, 4096, 0
2828, 1626672, 1, 4096, 0
2828, 2276660, 1, 4096, 0
2829, 1766425, 1, 4096, 0
2829, 2622155, 1, 4096, 0
2829, 2197280, 1, 4096, 0
2829, 2290036, 1, 4096, 0
2829, 1718261, 1, 4096, 0
2830, 1538081, 1, 4096, 0
2830, 841911, 1, 4096, 0
2830, 1145120, 1, 4096, 0
2830, 1301036, 1, 4096, 0
2831, 2160420, 1, 4096, 0
2831, 2154163, 1, 4096, 0
2831, 1336991, 1, 4096, 0
2832, 1982233, 1, 4096, 0
2832, 1470651, 1, 4096, 0
2832, 2051975, 1, 4096, 0
2833, 2449252, 1, 4096, 0
2833, 1326602, 1, 4096, 0
2833, 2114927, 1, 4096, 0
2834, 1869494, 1, 4096, 0
2835, 2166007, 1, 4096, 0
2835, 1774747, 1, 4096, 0
2835, 2503277, 1, 4096, 0
2835, 2513768, 1, 4096, 0
2836, 1282100, 1, 4096, 0
2836, 1263329, 1, 4096, 0
2836, 3128583, 1, 4096, 0
2837, 2618907, 1, 4096, 0
2837, 2096061, 1, 4096, 0
2838, 1957011, 1, 4096, 0
2838, 3834528, 1, 4096, 0
2838, 2383648, 1, 4096, 0
2838, 2543298, 1, 4096, 0
2839, 2011840, 1, 4096, 0
2840, 1657757, 1, 4096, 0
2840, 1379208, 1, 4096, 0
2840, 1656340, 1, 4096, 0
2840, 2824532, 1, 4096, 0
2840, 2359886, 1, 4096, 0
2841, 1362948, 1, 4096, 0
2841, 1733565, 1, 4096, 0
2841, 2146218, 1, 4096, 0
2843, 2505185, 1, 4096, 0
2843, 2443400, 1, 4096, 0
2843, 1906545, 1, 4096, 0
2843, 1749085, 1, 4096, 0
2843, 3178896, 1, 4096, 0
2843, 2041773, 1, 4096, 0
2844, 1558731, 1, 4096, 0
2844, 1944361, 1, 4096, 0
2845, 1529093, 1, 4096, 0
2845, 1495672, 1, 4096, 0
2845, 1804236, 1, 4096, 0
2845, 1974635, 1, 4096, 0
2846, 1421909, 1, 4096, 0
2847, 2077136, 1, 4096, 0
2847, 1252922, 1, 4096, 0
2847, 2552922, 1, 4096, 0
2847, 2728650, 1, 4096, 0
2847, 2583135, 1, 4096, 0
2848, 1675360, 1, 4096, 0
2849, 1601580, 1, 4096, 0
2850, 4157241, 1, 4096, 0
2851, 3990789, 1, 4096, 0
2851, 3511667, 1, 4096, 0
2851, 3817771, 1, 4096, 0
2851, 2064713, 1, 4096, 0
2851, 1660286, 1, 4096, 0
2851, 3084364, 1, 4096, 0
2853, 1665978, 1, 4096, 0
2853, 2502336, 1, 4096, 0
2853, 2480056, 1, 4096, 0
2854, 3343724, 1, 4096, 0
2855, 3850257, 1, 4096, 0
2855, 3766311, 1, 4096, 0
2855, 2032381, 1, 4096, 0
2855, 2028308, 1, 4096, 0
2855, 2289160, 1, 4096, 0
2856, 2177067, 1, 4096, 0
2857, 1578245, 1, 4096, 0
2857, 1979273, 1, 4096, 0
2857, 1813359, 1, 4096, 0
2858, 2384210, 1, 4096, 0
2858, 2249396, 1, 4096, 0
2858, 1268055, 1, 4096, 0
2858, 1161328, 1, 4096, 0
2859, 1970341, 1, 4096, 0
2859, 1191118, 1, 4096, 0
2859, 1872473, 1, 4096, 0
2859, 1894830, 1, 4096, 0
2860, 1643992, 1, 4096, 0
2860, 2352481, 1, 4096, 0
2860, 1288141, 1, 4096, 0
2861, 1862852, 1, 4096, 0
2861, 1914008, 1, 4096, 0
2861, 1444580, 1, 4096, 0
2861, 1995814, 1, 4096, 0
2862, 2134459, 1, 4096, 0
2862, 1606660, 1, 4096, 0
2863, 1338717, 1, 4096, 0
2863, 2783407, 1, 4096, 0
2863, 2205336, 1, 4096, 0
2863, 1994821, 1, 4096, 0
2864, 1980836, 1, 4096, 0
2864, 2039279, 1, 4096, 0
2864, 1223649, 1, 4096, 0
2865, 1985263, 1, 4096, 0
2865, 2234710, 1, 4096, 0
2865, 2259687, 1, 4096, 0
2866, 1484797, 1, 4096, 0
2866, 2109967, 1, 4096, 0
2867, 1517915, 1, 4096, 0
2867, 1892999, 1, 4096, 0
2867, 2462996, 1, 4096, 0
2867, 1593168, 1, 4096, 0
2867, 1887648, 1, 4096, 0
2868, 1532537, 1, 4096, 0
2868, 1290026, 1, 4096, 0
2868, 1576791, 1, 4096, 0
2869, 2096691, 1, 4096, 0
2869, 1970759, 1, 4096, 0
2869, 1952845, 1, 4096, 0
2870, 1469295, 1, 4096, 0
2870, 2068038, 1, 4096, 0
2870, 2364481, 1, 4096, 0
2871, 2311491, 1, 4096, 0
2871, 1368830, 1, 4096, 0
2872, 2279113, 1, 4096, 0
2873, 2214463, 1, 4096, 0
2873, 1713724, 1, 4096, 0
2873, 3804312, 1, 4096, 0
2873, 1701623, 1, 4096, 0
2874, 2434514, 1, 4096, 0
2874, 1271053, 1, 4096, 0
2874, 1506430, 1, 4096, 0
2874, 983601, 1, 4096, 0
2875, 4609241, 1, 4096, 0
2875, 2486356, 1, 4096, 0
2876, 1899842, 1, 4096, 0
2876, 1561319, 1, 4096, 0
2876, 2374577, 1, 4096, 0
2876, 1864696, 1, 4096, 0
2876, 2174751, 1, 4096, 0
2878, 2526510, 1, 4096, 0
2878, 1523460, 1, 4096, 0
2878, 1742302, 1, 4096, 0
2878, 2518447, 1, 4096, 0
2879, 2615265, 1, 4096, 0
2879, 2946983, 1, 4096, 0
2879, 1389010, 1, 4096, 0
2880, 1970641, 1, 4096, 0
2880, 2015035, 1, 4096, 0
2880, 1183429, 1, 4096, 0
2881, 919620, 1, 4096, 0
2881, 2162970, 1, 4096, 0
2881, 2314954, 1, 4096, 0
2881, 2088755, 1, 4096, 0
2882, 1394953, 1, 4096, 0
2883, 1356222, 1, 4096, 0
2883, 2953097, 1, 4096, 0
2883, 3222776, 1, 4096, 0
2883, 2710597, 1, 4096, 0
2883, 2617971, 1, 4096, 0
2885, 1439291, 1, 4096, 0
2885, 2425706, 1, 4096, 0
2886, 3338303, 1, 4096, 0
2886, 2648147, 1, 4096, 0
2886, 2668306, 1, 4096, 0
2886, 2758008, 1, 4096, 0
2886, 1210548, 1, 4096, 0
2887, 1628801, 1, 4096, 0
2888, 2345231, 1, 4096, 0
2888, 1599044, 1, 4096, 0
2888, 1623231, 1, 4096, 0
2888, 1675025, 1, 4096, 0
2889, 1312335, 1, 4096, 0
2889, 3476573, 1, 4096, 0
2890, 2135480, 1, 4096, 0
2891, 3248666, 1, 4096, 0
2891, 3217509, 1, 4096, 0
2891, 3185845, 1, 4096, 0
2891, 1259814, 1, 4096, 0
2892, 2296160, 1, 4096, 0
2892, 2916910, 1, 4096, 0
2892, 1565434, 1, 4096, 0
2893, 1773790, 1, 4096, 0
2893, 1851829, 1, 4096, 0
2893, 1881977, 1, 4096, 0
2893, 1121434, 1, 4096, 0
2894, 1153240, 1, 4096, 0
2894, 1527372, 1, 4096, 0
2894, 2703178, 1, 4096, 0
2894, 2114544, 1, 4096, 0
2895, 2448313, 1, 4096, 0
2896, 2655125, 1, 4096, 0
2896, 1488466, 1, 4096, 0
2896, 2695478, 1, 4096, 0
2896, 2012780, 1, 4096, 0
2897, 2197442, 1, 4096, 0
2897, 2200588, 1, 4096, 0
2897, 1547290, 1, 4096, 0
2897, 1387128, 1, 4096, 0
2898, 1778887, 1, 4096, 0
2899, 1330150, 1, 4096, 0
2899, 2011078, 1, 4096, 0
2899, 2512298, 1, 4096, 0
2899, 1961326, 1, 4096, 0
2899, 2275186, 1, 4096, 0
2900, 1687817, 1, 4096, 0
2900, 1605296, 1, 4096, 0
2900, 1773122, 1, 4096, 0
2901, 1569094, 1, 4096, 0
2901, 1739790, 1, 4096, 0
2902, 2197852, 1, 4096, 0
2902, 2026167, 1, 4096, 0
2902, 1554205, 1, 4096, 0
2902, 1505113, 1, 4096, 0
2903, 2535615, 1, 4096, 0
2903, 1944273, 1, 4096, 0
2904, 1809783, 1, 4096, 0
2904, 1913382, 1, 4096, 0
2904, 2364592, 1, 4096, 0
2904, 2133948, 1, 4096, 0
2905, 1256712, 1, 4096, 0
2905, 2426540, 1, 4096, 0
2906, 2925400, 1, 4096, 0
2906, 2412090, 1, 4096, 0
2906, 1088197, 1, 4096, 0
2906, 2317170, 1, 4096, 0
2907, 2920354, 1, 4096, 0
2907, 1704822, 1, 4096, 0
2907, 1695327, 1, 4096, 0
2908, 1430652, 1, 4096, 0
2909, 2235234, 1, 4096, 0
2909, 1342293, 1, 4096, 0
2909, 2191178, 1, 4096, 0
2909, 1522559, 1, 4096, 0
2909, 2401856, 1, 4096, 0
2910, 2808853, 1, 4096, 0
2910, 1526540, 1, 4096, 0
2910, 1824557, 1, 4096, 0
2910, 1799288, 1, 4096, 0
2911, 1647796, 1, 4096, 0
2912, 1646235, 1, 4096, 0
2912, 2731287, 1, 4096, 0
2912, 1573037, 1, 4096, 0
2912, 1325882, 1, 4096, 0
2913, 2091636, 1, 4096, 0
2913, 2901953, 1, 4096, 0
2914, 1409346, 1, 4096, 0
2914, 1834981, 1, 4096, 0
2914, 1656107, 1, 4096, 0
2914, 1102736, 1, 4096, 0
2914, 2411135, 1, 4096, 0
2914, 1748025, 1, 4096, 0
2916, 2035334, 1, 4096, 0
2916, 2028376, 1, 4096, 0
2916, 2026825, 1, 4096, 0
2916, 1829444, 1, 4096, 0
2917, 2999540, 1, 4096, 0
2917, 2528090, 1, 4096, 0
2917, 1649123, 1, 4096, 0
2917, 1908661, 1, 4096, 0
2918, 1626271, 1, 4096, 0
2918, 2111483, 1, 4096, 0
2919, 1720079, 1, 4096, 0
2919, 1703754, 1, 4096, 0
2919, 1379191, 1, 4096, 0
2920, 2040543, 1, 4096, 0
2920, 1732283, 1, 4096, 0
2920, 1754636, 1, 4096, 0
2920, 1203884, 1, 4096, 0
2921, 2522779, 1, 4096, 0
2922, 3029484, 1, 4096, 0
2922, 2370983, 1, 4096, 0
2922, 2427802, 1, 4096, 0
2922, 2912254, 1, 4096, 0
2923, 3219565, 1, 4096, 0
2923, 1685567, 1, 4096, 0
2924, 2751779, 1, 4096, 0
2925, 2280051, 1, 4096, 0
2925, 2200589, 1, 4096, 0
2925, 1487503, 1, 4096, 0
2925, 2103329, 1, 4096, 0
2925, 3434190, 1, 4096, 0
2926, 1765878, 1, 4096, 0
2926, 1814615, 1, 4096, 0
2927, 1926918, 1, 4096, 0
2927, 2139076, 1, 4096, 0
2927, 2063556, 1, 4096, 0
2927, 1592030, 1, 4096, 0
2928, 2147909, 1, 4096, 0
2928, 1734603, 1, 4096, 0
2929, 1928885, 1, 4096, 0
2929, 1890355, 1, 4096, 0
2929, 2115296, 1, 4096, 0
2929, 1459147, 1, 4096, 0
2930, 1396560, 1, 4096, 0
2930, 3339372, 1, 4096, 0
2931, 1689912, 1, 4096, 0
2931, 2427249, 1, 4096, 0
2931, 1524186, 1, 4096, 0
2932, 2373351, 1, 4096, 0
2932, 2954751, 1, 4096, 0
2932, 1705495, 1, 4096, 0
2933, 2005569, 1, 4096, 0
2934, 2594282, 1, 4096, 0
2934, 3373935, 1, 4096, 0
2934, 2329759, 1, 4096, 0
2934, 2665266, 1, 4096, 0
2934, 1750367, 1, 4096, 0
2935, 1085046, 1, 4096, 0
2935, 3224361, 1, 4096, 0
2936, 1481336, 1, 4096, 0
2936, 1365083, 1, 4096, 0
2936, 1732845, 1, 4096, 0
2937, 2798940, 1, 4096, 0
2937, 2339780, 1, 4096, 0
2937, 2388534, 1, 4096, 0
2937, 1625466, 1, 4096, 0
2938, 1872155, 1, 4096, 0
2938, 2557159, 1, 4096, 0
2939, 1755789, 1, 4096, 0
2939, 2161536, 1, 4096, 0
2940, 2296579, 1, 4096, 0
2940, 1424512, 1, 4096, 0
2940, 2751300, 1, 4096, 0
2941, 1689465, 1, 4096, 0
2941, 2989575, 1, 4096, 0
2941, 2302488, 1, 4096, 0
2942, 1780249, 1, 4096, 0
2942, 2041851, 1, 4096, 0
2942, 2510943, 1, 4096, 0
2943, 1813671, 1, 4096, 0
2943, 2154583, 1, 4096, 0
2943, 1573474, 1, 4096, 0
2944, 2022130, 1, 4096, 0
2944, 1725875, 1, 4096, 0
2945, 1500816, 1, 4096, 0
2945, 2031909, 1, 4096, 0
2945, 1700353, 1, 4096, 0
2945, 4041592, 1, 4096, 0
2946, 1010989, 1, 4096, 0
2946, 1870393, 1, 4096, 0
2947, 3154541, 1, 4096, 0
2947, 1994235, 1, 4096, 0
2948, 2267165, 1, 4096, 0
2948, 2682049, 1, 4096, 0
2948, 2731750, 1, 4096, 0
2949, 2859400, 1, 4096, 0
2949, 2051258, 1, 4096, 0
2950, 2784988, 1, 4096, 0
2950, 2147116, 1, 4096, 0
2950, 2393154, 1, 4096, 0
2950, 1462498, 1, 4096, 0
2951, 2084553, 1, 4096, 0
2951, 2098151, 1, 4096, 0
2951, 1483869, 1, 4096, 0
2952, 1567905, 1, 4096, 0
2952, 1756808, 1, 4096, 0
2952, 2589979, 1, 4096, 0
2953, 2213193, 1, 4096, 0
2953, 2054039, 1, 4096, 0
2953, 2036910, 1, 4096, 0
2954, 2378188, 1, 4096, 0
2955, 2167579, 1, 4096, 0
2955, 1809161, 1, 4096, 0
2955, 2005957, 1, 4096, 0
2955, 2059757, 1, 4096, 0
2956, 1320731, 1, 4096, 0
2956, 1570465, 1, 4096, 0
2956, 4323586, 1, 4096, 0
2957, 1334880, 1, 4096, 0
2957, 2117743, 1, 4096, 0
2957, 1535262, 1, 4096, 0
2958, 1457690, 1, 4096, 0
2958, 2202747, 1, 4096, 0
2958, 2293368, 1, 4096, 0
2958, 1615370, 1, 4096, 0
2958, 1621249, 1, 4096, 0
2959, 1988243, 1, 4096, 0
2960, 2081210, 1, 4096, 0
2960, 1515363, 1, 4096, 0
2960, 1718524, 1, 4096, 0
2960, 1383786, 1, 4096, 0
2961, 2297080, 1, 4096, 0
2961, 2443500, 1, 4096, 0
2961, 1538190, 1, 4096, 0
2961, 1696346, 1, 4096, 0
2962, 1716955, 1, 4096, 0
2962, 1964242, 1, 4096, 0
2962, 1454049, 1, 4096, 0
2963, 1500040, 1, 4096, 0
2963, 1654545, 1, 4096, 0
2963, 2656079, 1, 4096, 0
2963, 2067334, 1, 4096, 0
2964, 1828590, 1, 4096, 0
2965, 2622433, 1, 4096, 0
2965, 1504945, 1, 4096, 0
2965, 2138064, 1, 4096, 0
2965, 1880733, 1, 4096, 0
2966, 2114255, 1, 4096, 0
2966, 3204047, 1, 4096, 0
2967, 1998633, 1, 4096, 0
2967, 1996931, 1, 4096, 0
2968, 2793992, 1, 4096, 0
2968, 3625847, 1, 4096, 0
2968, 2252926, 1, 4096, 0
2969, 2029457, 1, 4096, 0
2970, 954059, 1, 4096, 0
2970, 1237578, 1, 4096, 0
2970, 3273980, 1, 4096, 0
2970, 1494494, 1, 4096, 0
2970, 1964900, 1, 4096, 0
2970, 2986950, 1, 4096, 0
2971, 1079947, 1, 4096, 0
2971, 1434843, 1, 4096, 0
2971, 1640587, 1, 4096, 0
2972, 1586897, 1, 4096, 0
2972, 1823465, 1, 4096, 0
2972, 1281375, 1, 4096, 0
2972, 2135625, 1, 4096, 0
2973, 1572083, 1, 4096, 0
2973, 2244701, 1, 4096, 0
2973, 1748435, 1, 4096, 0
2974, 1908759, 1, 4096, 0
2974, 2187372, 1, 4096, 0
2974, 2923982, 1, 4096, 0
2975, 1890701, 1, 4096, 0
2976, 2044663, 1, 4096, 0
2976, 2671540, 1, 4096, 0
2976, 1112312, 1, 4096, 0
2976, 1880743, 1, 4096, 0
2977, 2773307, 1, 4096, 0
2977, 3436936, 1, 4096, 0
2978, 1473111, 1, 4096, 0
2978, 1280667, 1, 4096, 0
2979, 2828698, 1, 4096, 0
2979, 3247971, 1, 4096, 0
2979, 3334406, 1, 4096, 0
2980, 1575009, 1, 4096, 0
2980, 2894547, 1, 4096, 0
2980, 2450394, 1, 4096, 0
2981, 1561241, 1, 4096, 0
2981, 1042237, 1, 4096, 0
2981, 1578206, 1, 4096, 0
2981, 1676376, 1, 4096, 0
2982, 1183617, 1, 4096, 0
2982, 1597122, 1, 4096, 0
2982, 2414466, 1, 4096, 0
2983, 1805537, 1, 4096, 0
2983, 1744044, 1, 4096, 0
2983, 3460647, 1, 4096, 0
2983, 1421946, 1, 4096, 0
2984, 1739919, 1, 4096, 0
2984, 1419754, 1, 4096, 0
2984, 1897073, 1, 4096, 0
2985, 2138338, 1, 4096, 0
2985, 1209481, 1, 4096, 0
2986, 2239358, 1, 4096, 0
2986, 1250060, 1, 4096, 0
2986, 2355292, 1, 4096, 0
2987, 1851357, 1, 4096, 0
2987, 2785037, 1, 4096, 0
2987, 1844902, 1, 4096, 0
2988, 2892948, 1, 4096, 0
2988, 1995791, 1, 4096, 0
2988, 2512420, 1, 4096, 0
2988, 1480248, 1, 4096, 0
2989, 1639617, 1, 4096, 0
2989, 1627406, 1, 4096, 0
2990, 2108270, 1, 4096, 0
2990, 1866879, 1, 4096, 0
2990, 1711731, 1, 4096, 0
2990, 1791765, 1, 4096, 0
2991, 1930081, 1, 4096, 0
2991, 1806657, 1, 4096, 0
2991, 1471370, 1, 4096, 0
2992, 2720685, 1, 4096, 0
2992, 1609111, 1, 4096, 0
2993, 2795388, 1, 4096, 0
2993, 2584439, 1, 4096, 0
2993, 2321025, 1, 4096, 0
2993, 1707875, 1, 4096, 0
2994, 1552743, 1, 4096, 0
2994, 1923547, 1, 4096, 0
2994, 1604122, 1, 4096, 0
2995, 2127722, 1, 4096, 0
2995, 2119839, 1, 4096, 0
2995, 1059977, 1, 4096, 0
2995, 1412087, 1, 4096, 0
2995, 2632289, 1, 4096, 0
2997, 2080919, 1, 4096, 0
2997, 1399710, 1, 4096, 0
2997, 1439124, 1, 4096, 0
2998, 2902282, 1, 4096, 0
2998, 2913361, 1, 4096, 0
2998, 3479530, 1, 4096, 0
2999, 1977374, 1, 4096, 0
2999, 2014507, 1, 4096, 0
2999, 2361333, 1, 4096, 0
3000, 2094286, 1, 4096, 0
3000, 1626928, 1, 4096, 0
3000, 1407584, 1, 4096, 0
3000, 2069269, 1, 4096, 0
3001, 1968126, 1, 4096, 0
3001, 1372299, 1, 4096, 0
3002, 3014815, 1, 4096, 0
3002, 2084652, 1, 4096, 0
3002, 1309042, 1, 4096, 0
3002, 1962182, 1, 4096, 0
3003, 1872854, 1, 4096, 0
3003, 3040031, 1, 4096, 0
3004, 1517060, 1, 4096, 0
3004, 2488846, 1, 4096, 0
3004, 1082658, 1, 4096, 0
3005, 2671353, 1, 4096, 0
3006, 1542614, 1, 4096, 0
3006, 2553155, 1, 4096, 0
3006, 3803396, 1, 4096, 0
3006, 1717792, 1, 4096, 0
3006, 2665456, 1, 4096, 0
3007, 963299, 1, 4096, 0
3007, 2250642, 1, 4096, 0
3008, 1754205, 1, 4096, 0
3008, 1916311, 1, 4096, 0
3008, 2276454, 1, 4096, 0
3008, 1609904, 1, 4096, 0
3009, 1644610, 1, 4096, 0
3009, 3255279, 1, 4096, 0
3009, 1445008, 1, 4096, 0
3010, 1670402, 1, 4096, 0
3010, 1041231, 1, 4096, 0
3010, 1351836, 1, 4096, 0
3010, 2214976, 1, 4096, 0
3011, 1408591, 1, 4096, 0
3012, 3527017, 1, 4096, 0
3012, 2000788, 1, 4096, 0
3013, 2293391, 1, 4096, 0
3013, 3046132, 1, 4096, 0
3013, 2351470, 1, 4096, 0
3014, 1657598, 1, 4096, 0
3014, 2368500, 1, 4096, 0
3014, 3807791, 1, 4096, 0
3014, 1219105, 1, 4096, 0
3015, 2214429, 1, 4096, 0
3016, 2650804, 1, 4096, 0
3017, 2130330, 1, 4096, 0
3017, 1865611, 1, 4096, 0
3017, 3175149, 1, 4096, 0
3017, 3037761, 1, 4096, 0
3017, 3313548, 1, 4096, 0
3018, 1356833, 1, 4096, 0
3018, 2334631, 1, 4096, 0
3019, 1591651, 1, 4096, 0
3019, 1613879, 1, 4096, 0
3019, 2373359, 1, 4096, 0
3020, 1686747, 1, 4096, 0
3020, 2616165, 1, 4096, 0
3020, 2163010, 1, 4096, 0
3021, 2280771, 1, 4096, 0
3021, 2283493, 1, 4096, 0
3022, 2626567, 1, 4096, 0
3022, 1749609, 1, 4096, 0
3022, 2404191, 1, 4096, 0
3022, 2510393, 1, 4096, 0
3023, 2056916, 1, 4096, 0
3024, 2625647, 1, 4096, 0
3024, 1582010, 1, 4096, 0
3024, 1549718, 1, 4096, 0
3024, 2299435, 1, 4096, 0
3024, 2230041, 1, 4096, 0
3025, 1396008, 1, 4096, 0
3026, 1798651, 1, 4096, 0
3026, 2771773, 1, 4096, 0
3026, 2207509, 1, 4096, 0
3026, 1945350, 1, 4096, 0
3026, 1899228, 1, 4096, 0
3027, 1692904, 1, 4096, 0
3028, 2440475, 1, 4096, 0
3028, 1963002, 1, 4096, 0
3028, 2130614, 1, 4096, 0
3028, 2464557, 1, 4096, 0
3028, 2379856, 1, 4096, 0
3030, 1589842, 1, 4096, 0
3030, 2181394, 1, 4096, 0
3030, 1923130, 1, 4096, 0
3030, 1879344, 1, 4096, 0
3030, 2180520, 1, 4096, 0
3030, 1967468, 1, 4096, 0
3031, 1192395, 1, 4096, 0
3032, 2177143, 1, 4096, 0
3032, 1806349, 1, 4096, 0
3032, 2339660, 1, 4096, 0
3032, 2016967, 1, 4096, 0
3032, 2076551, 1, 4096, 0
3033, 1278722, 1, 4096, 0
3034, 2221354, 1, 4096, 0
3034, 2313599, 1, 4096, 0
3035, 2689664, 1, 4096, 0
3035, 3275390, 1, 4096, 0
3035, 2509948, 1, 4096, 0
3035, 3123361, 1, 4096, 0
3036, 1756161, 1, 4096, 0
3036, 1856201, 1, 4096, 0
3037, 1773783, 1, 4096, 0
3037, 1703001, 1, 4096, 0
3038, 2746181, 1, 4096, 0
3038, 2552116, 1, 4096, 0
3038, 1986784, 1, 4096, 0
3038, 2208596, 1, 4096, 0
3039, 1997359, 1, 4096, 0
3039, 1261051, 1, 4096, 0
3039, 1378820, 1, 4096, 0
3039, 2896269, 1, 4096, 0
3040, 2099331, 1, 4096, 0
3040, 1810664, 1, 4096, 0
3041, 1660602, 1, 4096, 0
3041, 1573834, 1, 4096, 0
3041, 2056956, 1, 4096, 0
3042, 1693955, 1, 4096, 0
3042, 2166989, 1, 4096, 0
3042, 2745848, 1, 4096, 0
3043, 1787437, 1, 4096, 0
3043, 1745764, 1, 4096, 0
3043, 2297287, 1, 4096, 0
3044, 1493212, 1, 4096, 0
3044, 2068977, 1, 4096, 0
3044, 1689267, 1, 4096, 0
3045, 1382766, 1, 4096, 0
3045, 1980980, 1, 4096, 0
3045, 1964161, 1, 4096, 0
3045, 1628636, 1, 4096, 0
3046, 2103403, 1, 4096, 0
3046, 1310138, 1, 4096, 0
3046, 2416668, 1, 4096, 0
3047, 2635951, 1, 4096, 0
3048, 2978322, 1, 4096, 0
3048, 2166413, 1, 4096, 0
3048, 1787847, 1, 4096, 0
3048, 1651631, 1, 4096, 0
3048, 1498682, 1, 4096, 0
3049, 1403942, 1, 4096, 0
3049, 1589705, 1, 4096, 0
3050, 2138744, 1, 4096, 0
3050, 2298581, 1, 4096, 0
3050, 2410902, 1, 4096, 0
3050, 2581245, 1, 4096, 0
3050, 1859717, 1, 4096, 0
3051, 1346303, 1, 4096, 0
3051, 1517877, 1, 4096, 0
3052, 2536232, 1, 4096, 0
3053, 2203619, 1, 4096, 0
3053, 1508445, 1, 4096, 0
3053, 1136727, 1, 4096, 0
3053, 2911465, 1, 4096, 0
3053, 2434100, 1, 4096, 0
3054, 1375730, 1, 4096, 0
3054, 1480973, 1, 4096, 0
3054, 3247889, 1, 4096, 0
3055, 2160314, 1, 4096, 0
3055, 2037403, 1, 4096, 0
3055, 2623446, 1, 4096, 0
3057, 2381930, 1, 4096, 0
3057, 2111198, 1, 4096, 0
3057, 2461131, 1, 4096, 0
3057, 2754665, 1, 4096, 0
3057, 2793316, 1, 4096, 0
3057, 1859617, 1, 4096, 0
3059, 1806065, 1, 4096, 0
3059, 2841976, 1, 4096, 0
3060, 2313450, 1, 4096, 0
3060, 2313678, 1, 4096, 0
3060, 2605960, 1, 4096, 0
3060, 2516849, 1, 4096, 0
3060, 1282573, 1, 4096, 0
3061, 1307238, 1, 4096, 0
3061, 1667235, 1, 4096, 0
3062, 2062348, 1, 4096, 0
3062, 2032280, 1, 4096, 0
3062, 2128759, 1, 4096, 0
3062, 2189504, 1, 4096, 0
3063, 2259116, 1, 4096, 0
3063, 1899257, 1, 4096, 0
3064, 1566951, 1, 4096, 0
3064, 2992661, 1, 4096, 0
3064, 2710307, 1, 4096, 0
3065, 2734466, 1, 4096, 0
3065, 1568209, 1, 4096, 0
3065, 1628986, 1, 4096, 0
3065, 1899618, 1, 4096, 0
3066, 1612600, 1, 4096, 0
3066, 1608830, 1, 4096, 0
3066, 1447931, 1, 4096, 0
3067, 1547524, 1, 4096, 0
3068, 1878676, 1, 4096, 0
3069, 3224845, 1, 4096, 0
3069, 3249700, 1, 4096, 0
3069, 2901732, 1, 4096, 0
3069, 2509958, 1, 4096, 0
3069, 2089812, 1, 4096, 0
3070, 2552611, 1, 4096, 0
3070, 1764646, 1, 4096, 0
3071, 2032979, 1, 4096, 0
3071, 1996026, 1, 4096, 0
3071, 2027556, 1, 4096, 0
3071, 2112491, 1, 4096, 0
3072, 1721010, 1, 4096, 0
3072, 2024166, 1, 4096, 0
3073, 2361602, 1, 4096, 0
3073, 2521464, 1, 4096, 0
3073, 2415330, 1, 4096, 0
3073, 2623893, 1, 4096, 0
3074, 1569011, 1, 4096, 0
3074, 1482064, 1, 4096, 0
3075, 1339478, 1, 4096, 0
3075, 1636703, 1, 4096, 0
3075, 1986913, 1, 4096, 0
3075, 1897380, 1, 4096, 0
3075, 1465638, 1, 4096, 0
3075, 1617242, 1, 4096, 0
3077, 1600776, 1, 4096, 0
3077, 1662926, 1, 4096, 0
3077, 2614988, 1, 4096, 0
3077, 2335999, 1, 4096, 0
3078, 2063254, 1, 4096, 0
3078, 2794703, 1, 4096, 0
3078, 1337983, 1, 4096, 0
3078, 1735530, 1, 4096, 0
3079, 1538585, 1, 4096, 0
3079, 2071836, 1, 4096, 0
3079, 1827527, 1, 4096, 0
3080, 2057234, 1, 4096, 0
3080, 1624231, 1, 4096, 0
3080, 1965352, 1, 4096, 0
3081, 3112553, 1, 4096, 0
3081, 1681739, 1, 4096, 0
3082, 2647192, 1, 4096, 0
3082, 2013425, 1, 4096, 0
3082, 2056058, 1, 4096, 0
3083, 2130199, 1, 4096, 0
3083, 2605582, 1, 4096, 0
3085, 2717161, 1, 4096, 0
3085, 2054187, 1, 4096, 0
3085, 2917253, 1, 4096, 0
3085, 2711373, 1, 4096, 0
3085, 2156267, 1, 4096, 0
3085, 3980281, 1, 4096, 0
3086, 1574070, 1, 4096, 0
3087, 1782597, 1, 4096, 0
3087, 2099560, 1, 4096, 0
3087, 2659282, 1, 4096, 0
3088, 1629188, 1, 4096, 0
3088, 1280340, 1, 4096, 0
3088, 1523604, 1, 4096, 0
3089, 3894529, 1, 4096, 0
3089, 1754519, 1, 4096, 0
3090, 1582129, 1, 4096, 0
3090, 4624779, 1, 4096, 0
3090, 1827636, 1, 4096, 0
3090, 1831723, 1, 4096, 0
3091, 1672091, 1, 4096, 0
3091, 1595955, 1, 4096, 0
3091, 1864459, 1, 4096, 0
3092, 2193270, 1, 4096, 0
3093, 1660021, 1, 4096, 0
3093, 2227220, 1, 4096, 0
3093, 2626001, 1, 4096, 0
3093, 2218866, 1, 4096, 0
3093, 1663400, 1, 4096, 0
3094, 1740097, 1, 4096, 0
3094, 2525323, 1, 4096, 0
3094, 1924470, 1, 4096, 0
3095, 1692101, 1, 4096, 0
3095, 1924516, 1, 4096, 0
3095, 2488269, 1, 4096, 0
3096, 1524443, 1, 4096, 0
3097, 2303886, 1, 4096, 0
3097, 2525043, 1, 4096, 0
3097, 2275467, 1, 4096, 0
3098, 2848150, 1, 4096, 0
3098, 1606053, 1, 4096, 0
3098, 2431387, 1, 4096, 0
3098, 1600129, 1, 4096, 0
3099, 3511058, 1, 4096, 0
3099, 2419262, 1, 4096, 0
3100, 1658930, 1, 4096, 0
3100, 1947961, 1, 4096, 0
3100, 1965008, 1, 4096, 0
3100, 2058421, 1, 4096, 0
3101, 1778829, 1, 4096, 0
3101, 1363114, 1, 4096, 0
3101, 1705499, 1, 4096, 0
3102, 1824079, 1, 4096, 0
3102, 1877773, 1, 4096, 0
3102, 2043144, 1, 4096, 0
3103, 2115930, 1, 4096, 0
3103, 1785102, 1, 4096, 0
3103, 2497502, 1, 4096, 0
3104, 1481890, 1, 4096, 0
3104, 1731657, 1, 4096, 0
3104, 1323711, 1, 4096, 0
3106, 2439427, 1, 4096, 0
3106, 2344255, 1, 4096, 0
3106, 1761305, 1, 4096, 0
3106, 1682560, 1, 4096, 0
3106, 3746326, 1, 4096, 0
3106, 2024346, 1, 4096, 0
3108, 1997951, 1, 4096, 0
3108, 2234473, 1, 4096, 0
3108, 1610952, 1, 4096, 0
3108, 2489396, 1, 4096, 0
3108, 2594083, 1, 4096, 0
3108, 2260120, 1, 4096, 0
3109, 1497885, 1, 4096, 0
3109, 1615606, 1, 4096, 0
3110, 1727590, 1, 4096, 0
3110, 2009976, 1, 4096, 0
3111, 2780173, 1, 4096, 0
3111, 2709536, 1, 4096, 0
3111, 1567090, 1, 4096, 0
3112, 2748986, 1, 4096, 0
3112, 2275332, 1, 4096, 0
3112, 1410080, 1, 4096, 0
3113, 1668945, 1, 4096, 0
3113, 2126258, 1, 4096, 0
3113, 2987319, 1, 4096, 0
3114, 2180791, 1, 4096, 0
3114, 1831571, 1, 4096, 0
3114, 1429934, 1, 4096, 0
3114, 2629433, 1, 4096, 0
3115, 1477432, 1, 4096, 0
3115, 2057367, 1, 4096, 0
3115, 1326818, 1, 4096, 0
3115, 1364204, 1, 4096, 0
3117, 1693101, 1, 4096, 0
3117, 2822780, 1, 4096, 0
3117, 1559989, 1, 4096, 0
3118, 2420969, 1, 4096, 0
3118, 3095688, 1, 4096, 0
3118, 2406328, 1, 4096, 0
3118, 1830542, 1, 4096, 0
3119, 1620730, 1, 4096, 0
3119, 2681264, 1, 4096, 0
3120, 3146308, 1, 4096, 0
3121, 2983672, 1, 4096, 0
3121, 1286609, 1, 4096, 0
3121, 1286922, 1, 4096, 0
3121, 3294187, 1, 4096, 0
3121, 3052348, 1, 4096, 0
3122, 1150974, 1, 4096, 0
3122, 2328000, 1, 4096, 0
3123, 2049953, 1, 4096, 0
3123, 1890951, 1, 4096, 0
3123, 2582407, 1, 4096, 0
3124, 1628637, 1, 4096, 0
3124, 1033712, 1, 4096, 0
3124, 2323504, 1, 4096, 0
3124, 1301363, 1, 4096, 0
3125, 2416902, 1, 4096, 0
3125, 1832514, 1, 4096, 0
3125, 1477604, 1, 4096, 0
3125, 1496193, 1, 4096, 0
3125, 1881527, 1, 4096, 0
3126, 2004266, 1, 4096, 0
3126, 1419654, 1, 4096, 0
3127, 1417045, 1, 4096, 0
3127, 1394371, 1, 4096, 0
3127, 1857868, 1, 4096, 0
3128, 1780544, 1, 4096, 0
3128, 2516661, 1, 4096, 0
3128, 1558792, 1, 4096, 0
3129, 1427092, 1, 4096, 0
3129, 2975375, 1, 4096, 0
3129, 1551980, 1, 4096, 0
3129, 1262710, 1, 4096, 0
3130, 3156502, 1, 4096, 0
3130, 2598014, 1, 4096, 0
3131, 1838826, 1, 4096, 0
3131, 1809949, 1, 4096, 0
3132, 2223293, 1, 4096, 0
3132, 2254586, 1, 4096, 0
3132, 1973322, 1, 4096, 0
3132, 1645525, 1, 4096, 0
3132, 1297086, 1, 4096, 0
3133, 1451472, 1, 4096, 0
3133, 1637883, 1, 4096, 0
3134, 2469667, 1, 4096, 0
3134, 1786847, 1, 4096, 0
3134, 2436900, 1, 4096, 0
3135, 1510700, 1, 4096, 0
3135, 3050645, 1, 4096, 0
3135, 1243140, 1, 4096, 0
3135, 1149035, 1, 4096, 0
3136, 906576, 1, 4096, 0
3136, 1148577, 1, 4096, 0
3136, 2444546, 1, 4096, 0
3136, 1590516, 1, 4096, 0
3137, 2139352, 1, 4096, 0
3137, 2656231, 1, 4096, 0
3137, 1496031, 1, 4096, 0
3138, 1878398, 1, 4096, 0
3138, 2078432, 1, 4096, 0
3138, 2015322, 1, 4096, 0
3139, 2320867, 1, 4096, 0
3139, 2550890, 1, 4096, 0
3140, 2140142, 1, 4096, 0
3140, 2211218, 1, 4096, 0
3140, 1935356, 1, 4096, 0
3141, 2181369, 1, 4096, 0
3141, 908773, 1, 4096, 0
3141, 1634882, 1, 4096, 0
3141, 1544193, 1, 4096, 0
3142, 1885912, 1, 4096, 0
3142, 2504010, 1, 4096, 0
3143, 2005860, 1, 4096, 0
3143, 1641972, 1, 4096, 0
3144, 2720741, 1, 4096, 0
3144, 3095418, 1, 4096, 0
3144, 2669841, 1, 4096, 0
3144, 2485600, 1, 4096, 0
3145, 2155630, 1, 4096, 0
3146, 2902811, 1, 4096, 0
3146, 1983563, 1, 4096, 0
3146, 2085731, 1, 4096, 0
3146, 1976387, 1, 4096, 0
3147, 2877384, 1, 4096, 0
3147, 1933958, 1, 4096, 0
3147, 2068443, 1, 4096, 0
3148, 1764774, 1, 4096, 0
3148, 2146185, 1, 4096, 0
3148, 1151434, 1, 4096, 0
3148, 2471510, 1, 4096, 0
3149, 1233770, 1, 4096, 0
3149, 1454876, 1, 4096, 0
3149, 1199760, 1, 4096, 0
3150, 1978647, 1, 4096, 0
3150, 1892171, 1, 4096, 0
3151, 1843316, 1, 4096, 0
3151, 1598584, 1, 4096, 0
3151, 1576673, 1, 4096, 0
3152, 1844219, 1, 4096, 0
3152, 1579273, 1, 4096, 0
3152, 2046599, 1, 4096, 0
3152, 1898065, 1, 4096, 0
3153, 2384681, 1, 4096, 0
3153, 1566744, 1, 4096, 0
3154, 1092323, 1, 4096, 0
3154, 1742883, 1, 4096, 0
3154, 1974595, 1, 4096, 0
3155, 1331632, 1, 4096, 0
3155, 1426279, 1, 4096, 0
3156, 1782182, 1, 4096, 0
3156, 1614357, 1, 4096, 0
3156, 8365781, 1, 4096, 0
3157, 1652805, 1, 4096, 0
3158, 1436667, 1, 4096, 0
3158, 1531734, 1, 4096, 0
3158, 3733759, 1, 4096, 0
3158, 1807430, 1, 4096, 0
3159, 1464536, 1, 4096, 0
3159, 1575933, 1, 4096, 0
3159, 1484102, 1, 4096, 0
3159, 1437499, 1, 4096, 0
3160, 1732759, 1, 4096, 0
3160, 7802363, 1, 4096, 0
3160, 1759806, 1, 4096, 0
3161, 1406155, 1, 4096, 0
3161, 1416139, 1, 4096, 0
3161, 1779447, 1, 4096, 0
3162, 2133968, 1, 4096, 0
3162, 1917062, 1, 4096, 0
3162, 1589890, 1, 4096, 0
3162, 1315982, 1, 4096, 0
3163, 1797573, 1, 4096, 0
3163, 1929234, 1, 4096, 0
3164, 2302361, 1, 4096, 0
3165, 2770065, 1, 4096, 0
3165, 2873638, 1, 4096, 0
3165, 2988228, 1, 4096, 0
3165, 1922949, 1, 4096, 0
3166, 2915259, 1, 4096, 0
3166, 2515704, 1, 4096, 0
3166, 1336959, 1, 4096, 0
3167, 2049894, 1, 4096, 0
3167, 1300330, 1, 4096, 0
3168, 1533669, 1, 4096, 0
3168, 2662908, 1, 4096, 0
3168, 1288712, 1, 4096, 0
3168, 1126095, 1, 4096, 0
3168, 3039460, 1, 4096, 0
3169, 2476396, 1, 4096, 0
3169, 1272467, 1, 4096, 0
3170, 1953527, 1, 4096, 0
3170, 1558728, 1, 4096, 0
3171, 2444540, 1, 4096, 0
3171, 2848738, 1, 4096, 0
3171, 2462605, 1, 4096, 0
3171, 2066818, 1, 4096, 0
3172, 1875032, 1, 4096, 0
3173, 1599466, 1, 4096, 0
3173, 1608021, 1, 4096, 0
3173, 2040165, 1, 4096, 0
3173, 2850775, 1, 4096, 0
3174, 2748898, 1, 4096, 0
3174, 1760090, 1, 4096, 0
3174, 1763707, 1, 4096, 0
3174, 1908105, 1, 4096, 0
3174, 2454561, 1, 4096, 0
3174, 1909842, 1, 4096, 0
3176, 1362659, 1, 4096, 0
3176, 1437669, 1, 4096, 0
3176, 1464964, 1, 4096, 0
3176, 2489504, 1, 4096, 0
3176, 2017995, 1, 4096, 0
3177, 2389235, 1, 4096, 0
3177, 1352234, 1, 4096, 0
3177, 1514269, 1, 4096, 0
3178, 1443130, 1, 4096, 0
3178, 2068159, 1, 4096, 0
3179, 1861535, 1, 4096, 0
3179, 2209238, 1, 4096, 0
3179, 1681586, 1, 4096, 0
3179, 1456982, 1, 4096, 0
3179, 1801009, 1, 4096, 0
3179, 1520037, 1, 4096, 0
3181, 1456969, 1, 4096, 0
3181, 1838592, 1, 4096, 0
3181, 1291710, 1, 4096, 0
3181, 1957386, 1, 4096, 0
3181, 1915056, 1, 4096, 0
3181, 2141790, 1, 4096, 0
3182, 1605536, 1, 4096, 0
3182, 1628337, 1, 4096, 0
3182, 1755669, 1, 4096, 0
3183, 2003491, 1, 4096, 0
3183, 2208681, 1, 4096, 0
3184, 2637671, 1, 4096, 0
3184, 1717745, 1, 4096, 0
3184, 2116787, 1, 4096, 0
3184, 1865009, 1, 4096, 0
3185, 2305654, 1, 4096, 0
3185, 1870581, 1, 4096, 0
3186, 2556013, 1, 4096, 0
3186, 1950932, 1, 4096, 0
3187, 2436353, 1, 4096, 0
3187, 2111609, 1, 4096, 0
3187, 2753152, 1, 4096, 0
3187, 1250130, 1, 4096, 0
3187, 1117294, 1, 4096, 0
3188, 3060398, 1, 4096, 0
3188, 1663759, 1, 4096, 0
3189, 1467163, 1, 4096, 0
3189, 1697902, 1, 4096, 0
3189, 2502856, 1, 4096, 0
3190, 3094301, 1, 4096, 0
3190, 1347187, 1, 4096, 0
3190, 1197622, 1, 4096, 0
3191, 2385413, 1, 4096, 0
3191, 2646458, 1, 4096, 0
3191, 2238462, 1, 4096, 0
3192, 1728855, 1, 4096, 0
3192, 2039664, 1, 4096, 0
3192, 1503595, 1, 4096, 0
3192, 1382815, 1, 4096, 0
3193, 1500587, 1, 4096, 0
3193, 1711492, 1, 4096, 0
3194, 1743715, 1, 4096, 0
3194, 1939764, 1, 4096, 0
3194, 1352908, 1, 4096, 0
3195, 2227257, 1, 4096, 0
3195, 3424253, 1, 4096, 0
3195, 1505421, 1, 4096, 0
3195, 1404293, 1, 4096, 0
3195, 2194530, 1, 4096, 0
3195, 1660787, 1, 4096, 0
3197, 1755248, 1, 4096, 0
3197, 2097398, 1, 4096, 0
3197, 1681245, 1, 4096, 0
3197, 2325012, 1, 4096, 0
3198, 2568496, 1, 4096, 0
3198, 1125630, 1, 4096, 0
3198, 2816656, 1, 4096, 0
3198, 1469486, 1, 4096, 0
3199, 2137692, 1, 4096, 0
3200, 1288247, 1, 4096, 0
3200, 2447964, 1, 4096, 0
3200, 2035127, 1, 4096, 0
3200, 2200466, 1, 4096, 0
3201, 2133584, 1, 4096, 0
3201, 1448466, 1, 4096, 0
3202, 1587016, 1, 4096, 0
3202, 2852259, 1, 4096, 0
3202, 2376936, 1, 4096, 0
3203, 2111397, 1, 4096, 0
3203, 2996805, 1, 4096, 0
3203, 2297277, 1, 4096, 0
3203, 1538327, 1, 4096, 0
3204, 1738760, 1, 4096, 0
3204, 1997541, 1, 4096, 0
3204, 1315278, 1, 4096, 0
3204, 1216548, 1, 4096, 0
3206, 2126684, 1, 4096, 0
3206, 1962564, 1, 4096, 0
3206, 2380016, 1, 4096, 0
3206, 2157529, 1, 4096, 0
3207, 2981396, 1, 4096, 0
3207, 2463052, 1, 4096, 0
3208, 1891841, 1, 4096, 0
3208, 1830721, 1, 4096, 0
3208, 2274754, 1, 4096, 0
3208, 2371378, 1, 4096, 0
3208, 1393502, 1, 4096, 0
3209, 1666708, 1, 4096, 0
3209, 1785204, 1, 4096, 0
3210, 1540370, 1, 4096, 0
3210, 2227802, 1, 4096, 0
3210, 2063469, 1, 4096, 0
3211, 1924965, 1, 4096, 0
3211, 2474286, 1, 4096, 0
3211, 1524714, 1, 4096, 0
3211, 1489045, 1, 4096, 0
3212, 1959792, 1, 4096, 0
3212, 2051973, 1, 4096, 0
3213, 1748437, 1, 4096, 0
3213, 1265814, 1, 4096, 0
3213, 1404567, 1, 4096, 0
3213, 2127478, 1, 4096, 0
3213, 2812119, 1, 4096, 0
3214, 1776659, 1, 4096, 0
3214, 1463202, 1, 4096, 0
3214, 1589036, 1, 4096, 0
3215, 1813488, 1, 4096, 0
3215, 1933825, 1, 4096, 0
3215, 1336078, 1, 4096, 0
3216, 1376319, 1, 4096, 0
3216, 1936481, 1, 4096, 0
3216, 3079638, 1, 4096, 0
3217, 1494713, 1, 4096, 0
3217, 2146874, 1, 4096, 0
3217, 1213794, 1, 4096, 0
3217, 2554413, 1, 4096, 0
3218, 1252373, 1, 4096, 0
3219, 1596465, 1, 4096, 0
3219, 2615151, 1, 4096, 0
3219, 2843641, 1, 4096, 0
3219, 3035758, 1, 4096, 0
3219, 2299033, 1, 4096, 0
3220, 1545875, 1, 4096, 0
3220, 1220871, 1, 4096, 0
3221, 1371898, 1, 4096, 0
3221, 2388597, 1, 4096, 0
3221, 1490078, 1, 4096, 0
3221, 1845966, 1, 4096, 0
3222, 2458644, 1, 4096, 0
3223, 2211374, 1, 4096, 0
3223, 2101566, 1, 4096, 0
3223, 1988629, 1, 4096, 0
3223, 1938207, 1, 4096, 0
3223, 2075235, 1, 4096, 0
3224, 1762631, 1, 4096, 0
3225, 1584611, 1, 4096, 0
3225, 2436605, 1, 4096, 0
3226, 2166932, 1, 4096, 0
3226, 2644808, 1, 4096, 0
3226, 3094428, 1, 4096, 0
3226, 1390308, 1, 4096, 0
3226, 2789701, 1, 4096, 0
3227, 1343795, 1, 4096, 0
3227, 1470545, 1, 4096, 0
3227, 1522742, 1, 4096, 0
3228, 1926566, 1, 4096, 0
3228, 1860642, 1, 4096, 0
3228, 2043192, 1, 4096, 0
3229, 1473316, 1, 4096, 0
3229, 1737284, 1, 4096, 0
3229, 1742330, 1, 4096, 0
3229, 1207614, 1, 4096, 0
3230, 1369131, 1, 4096, 0
3230, 2048968, 1, 4096, 0
3230, 1578480, 1, 4096, 0
3230, 1795409, 1, 4096, 0
3232, 3085418, 1, 4096, 0
3232, 1349528, 1, 4096, 0
3232, 2082472, 1, 4096, 0
3232, 3594455, 1, 4096, 0
3233, 2801658, 1, 4096, 0
3233, 2463343, 1, 4096, 0
3233, 1409693, 1, 4096, 0
3234, 1886708, 1, 4096, 0
3234, 1535923, 1, 4096, 0
3234, 1998529, 1, 4096, 0
3235, 1637136, 1, 4096, 0
3235, 1828314, 1, 4096, 0
3235, 1552278, 1, 4096, 0
3236, 1973799, 1, 4096, 0
3236, 2291658, 1, 4096, 0
3236, 1555789, 1, 4096, 0
3236, 1623462, 1, 4096, 0
3237, 2035371, 1, 4096, 0
3237, 1433448, 1, 4096, 0
3237, 3307445, 1, 4096, 0
3237, 1335670, 1, 4096, 0
3238, 1873693, 1, 4096, 0
3239, 1458608, 1, 4096, 0
3239, 2414256, 1, 4096, 0
3239, 2051425, 1, 4096, 0
3240, 3138010, 1, 4096, 0
3240, 2357404, 1, 4096, 0
3240, 1631776, 1, 4096, 0
3241, 1741225, 1, 4096, 0
3242, 3992180, 1, 4096, 0
3242, 1798611, 1, 4096, 0
3242, 3012979, 1, 4096, 0
3242, 1135490, 1, 4096, 0
3242, 3428415, 1, 4096, 0
3243, 2792682, 1, 4096, 0
3244, 1619529, 1, 4096, 0
3244, 1725221, 1, 4096, 0
3244, 1713798, 1, 4096, 0
3244, 1765586, 1, 4096, 0
3245, 2155027, 1, 4096, 0
3245, 2153183, 1, 4096, 0
3245, 1600219, 1, 4096, 0
3246, 1390300, 1, 4096, 0
3246, 2353606, 1, 4096, 0
3246, 1564808, 1, 4096, 0
3246, 1724423, 1, 4096, 0
3246, 2837149, 1, 4096, 0
3247, 1514802, 1, 4096, 0
3247, 1374200, 1, 4096, 0
3247, 1670565, 1, 4096, 0
3248, 1824174, 1, 4096, 0
3249, 2092620, 1, 4096, 0
3249, 2601405, 1, 4096, 0
3249, 2593079, 1, 4096, 0
3249, 1590808, 1, 4096, 0
3250, 1643814, 1, 4096, 0
3250, 2468187, 1, 4096, 0
3250, 1223762, 1, 4096, 0
3251, 1872144, 1, 4096, 0
3251, 1891985, 1, 4096, 0
3252, 1573896, 1, 4096, 0
3252, 2472402, 1, 4096, 0
3252, 1397240, 1, 4096, 0
3252, 2300474, 1, 4096, 0
3253, 1697247, 1, 4096, 0
3253, 1221467, 1, 4096, 0
3253, 1286989, 1, 4096, 0
3253, 2563297, 1, 4096, 0
3253, 1524800, 1, 4096, 0
3254, 1996343, 1, 4096, 0
3254, 1203214, 1, 4096, 0
3254, 1489935, 1, 4096, 0
3255, 1916317, 1, 4096, 0
3255, 1984936, 1, 4096, 0
3256, 2050929, 1, 4096, 0
3256, 2187195, 1, 4096, 0
3256, 1440800, 1, 4096, 0
3256, 3060412, 1, 4096, 0
3256, 2195579, 1, 4096, 0
3257, 1557708, 1, 4096, 0
3258, 1774569, 1, 4096, 0
3258, 2797601, 1, 4096, 0
3258, 1822985, 1, 4096, 0
3258, 2099583, 1, 4096, 0
3258, 2010963, 1, 4096, 0
3259, 2021245, 1, 4096, 0
3260, 1891908, 1, 4096, 0
3260, 1759046, 1, 4096, 0
3260, 1241120, 1, 4096, 0
3261, 2855763, 1, 4096, 0
3261, 3328396, 1, 4096, 0
3261, 2939389, 1, 4096, 0
3262, 1638116, 1, 4096, 0
3262, 1803632, 1, 4096, 0
3262, 1806212, 1, 4096, 0
3263, 1558922, 1, 4096, 0
3263, 1550595, 1, 4096, 0
3263, 1835709, 1, 4096, 0
3263, 1299878, 1, 4096, 0
3264, 1836004, 1, 4096, 0
3264, 2255150, 1, 4096, 0
3265, 1846142, 1, 4096, 0
3265, 1671335, 1, 4096, 0
3265, 1934564, 1, 4096, 0
3265, 2042054, 1, 4096, 0
3265, 1703705, 1, 4096, 0
3267, 2136040, 1, 4096, 0
3267, 1456982, 1, 4096, 0
3267, 2276767, 1, 4096, 0
3267, 1580581, 1, 4096, 0
3267, 2278544, 1, 4096, 0
3267, 2620389, 1, 4096, 0
3268, 1727436, 1, 4096, 0
3269, 1724975, 1, 4096, 0
3269, 2173122, 1, 4096, 0
3269, 2123043, 1, 4096, 0
3269, 2064490, 1, 4096, 0
3270, 2690532, 1, 4096, 0
3270, 1385892, 1, 4096, 0
3270, 1399496, 1, 4096, 0
3271, 2121009, 1, 4096, 0
3271, 1978728, 1, 4096, 0
3272, 2627581, 1, 4096, 0
3272, 2213540, 1, 4096, 0
3272, 2065301, 1, 4096, 0
3272, 1806836, 1, 4096, 0
3273, 1985013, 1, 4096, 0
3273, 1090145, 1, 4096, 0
3274, 1818214, 1, 4096, 0
3274, 1822672, 1, 4096, 0
3274, 1169349, 1, 4096, 0
3275, 2267253, 1, 4096, 0
3275, 2028728, 1, 4096, 0
3275, 1205912, 1, 4096, 0
3275, 1647046, 1, 4096, 0
3276, 2194485, 1, 4096, 0
3276, 1217899, 1, 4096, 0
3276, 5205940, 1, 4096, 0
3277, 1677899, 1, 4096, 0
3277, 2175402, 1, 4096, 0
3277, 1353111, 1, 4096, 0
3277, 1603556, 1, 4096, 0
3278, 2391243, 1, 4096, 0
3278, 1397377, 1, 4096, 0
3279, 1392132, 1, 4096, 0
3279, 1743471, 1, 4096, 0
3279, 1648584, 1, 4096, 0
3279, 1347692, 1, 4096, 0
3280, 2848846, 1, 4096, 0
3280, 2484325, 1, 4096, 0
3281, 1925893, 1, 4096, 0
3281, 2132428, 1, 4096, 0
3281, 1720747, 1, 4096, 0
3281, 2396405, 1, 4096, 0
3282, 1930802, 1, 4096, 0
3282, 1992105, 1, 4096, 0
3283, 2037782, 1, 4096, 0
3283, 1736810, 1, 4096, 0
3283, 2633334, 1, 4096, 0
3283, 2403200, 1, 4096, 0
3284, 1313252, 1, 4096, 0
3284, 1541547, 1, 4096, 0
3284, 1717819, 1, 4096, 0
3285, 1623368, 1, 4096, 0
3285, 1791269, 1, 4096, 0
3285, 1734870, 1, 4096, 0
3286, 1119279, 1, 4096, 0
3286, 3820987, 1, 4096, 0
3286, 1953535, 1, 4096, 0
3286, 2023443, 1, 4096, 0
3287, 1278870, 1, 4096, 0
3287, 1497964, 1, 4096, 0
3288, 1439948, 1, 4096, 0
3288, 1300476, 1, 4096, 0
3288, 1650015, 1, 4096, 0
3288, 2095163, 1, 4096, 0
3289, 2078135, 1, 4096, 0
3289, 2208753, 1, 4096, 0
3290, 1842457, 1, 4096, 0
3290, 2422448, 1, 4096, 0
3290, 2017549, 1, 4096, 0
3290, 1598950, 1, 4096, 0
3290, 1847432, 1, 4096, 0
3290, 2598434, 1, 4096, 0
3291, 1065470, 1, 4096, 0
3291, 1483710, 1, 4096, 0
3292, 1852599, 1, 4096, 0
3292, 1543316, 1, 4096, 0
3292, 1734759, 1, 4096, 0
3293, 2616072, 1, 4096, 0
3293, 1967867, 1, 4096, 0
3293, 1621123, 1, 4096, 0
3293, 1640206, 1, 4096, 0
3294, 1912136, 1, 4096, 0
3294, 1857619, 1, 4096, 0
3295, 1638363, 1, 4096, 0
3295, 2339038, 1, 4096, 0
3295, 1453685, 1, 4096, 0
3296, 2837954, 1, 4096, 0
3296, 1354515, 1, 4096, 0
3296, 2638893, 1, 4096, 0
3297, 2949844, 1, 4096, 0
3297, 968456, 1, 4096, 0
3297, 1574398, 1, 4096, 0
3297, 1168787, 1, 4096, 0
3297, 1749212, 1, 4096, 0
3298, 1742022, 1, 4096, 0
3298, 1490781, 1, 4096, 0
3298, 1424192, 1, 4096, 0
3298, 1250870, 1, 4096, 0
3299, 1529969, 1, 4096, 0
3299, 1996060, 1, 4096, 0
3300, 1693662, 1, 4096, 0
3300, 1655463, 1, 4096, 0
3300, 1733741, 1, 4096, 0
3300, 1846259, 1, 4096, 0
3300, 1470976, 1, 4096, 0
3300, 1508238, 1, 4096, 0
3301, 1875508, 1, 4096, 0
3301, 1381410, 1, 4096, 0
3302, 1770249, 1, 4096, 0
3302, 1475195, 1, 4096, 0
3303, 2420821, 1, 4096, 0
3303, 1724969, 1, 4096, 0
3303, 1533899, 1, 4096, 0
3303, 1907962, 1, 4096, 0
3303, 3105156, 1, 4096, 0
3304, 2634669, 1, 4096, 0
3304, 1226674, 1, 4096, 0
3305, 1314643, 1, 4096, 0
3305, 1456954, 1, 4096, 0
3305, 2402485, 1, 4096, 0
3305, 1986666, 1, 4096, 0
3306, 1208142, 1, 4096, 0
3306, 1469629, 1, 4096, 0
3307, 1572137, 1, 4096, 0
3307, 2042251, 1, 4096, 0
3307, 1693274, 1, 4096, 0
3307, 2626602, 1, 4096, 0
3308, 2836560, 1, 4096, 0
3308, 1670386, 1, 4096, 0
3308, 1519166, 1, 4096, 0
3309, 1565575, 1, 4096, 0
3309, 1599135, 1, 4096, 0
3309, 1328543, 1, 4096, 0
3309, 2187831, 1, 4096, 0
3310, 1445215, 1, 4096, 0
3310, 1334236, 1, 4096, 0
3310, 2643407, 1, 4096, 0
3311, 2250218, 1, 4096, 0
3312, 2164506, 1, 4096, 0
3312, 1999487, 1, 4096, 0
3312, 1882231, 1, 4096, 0
3312, 3601452, 1, 4096, 0
3312, 2289828, 1, 4096, 0
3313, 1570850, 1, 4096, 0
3313, 1426777, 1, 4096, 0
3313, 1257801, 1, 4096, 0
3314, 1323905, 1, 4096, 0
3314, 1692579, 1, 4096, 0
3314, 1440842, 1, 4096, 0
3314, 1780501, 1, 4096, 0
3315, 1611553, 1, 4096, 0
3315, 1568819, 1, 4096, 0
3315, 1377816, 1, 4096, 0
3315, 1575679, 1, 4096, 0
3316, 1438672, 1, 4096, 0
3316, 1429022, 1, 4096, 0
3317, 1413249, 1, 4096, 0
3317, 1491580, 1, 4096, 0
3317, 3168836, 1, 4096, 0
3317, 2611498, 1, 4096, 0
3318, 2672080, 1, 4096, 0
3318, 1330557, 1, 4096, 0
3319, 2619279, 1, 4096, 0
3319, 1483781, 1, 4096, 0
3319, 1672281, 1, 4096, 0
3319, 1471796, 1, 4096, 0
3320, 2192913, 1, 4096, 0
3320, 1484995, 1, 4096, 0
3320, 1773662, 1, 4096, 0
3320, 1623850, 1, 4096, 0
3321, 1450460, 1, 4096, 0
3321, 1254075, 1, 4096, 0
3321, 2346697, 1, 4096, 0
3322, 1449280, 1, 4096, 0
3322, 1869059, 1, 4096, 0
3322, 1523044, 1, 4096, 0
3323, 3565289, 1, 4096, 0
3323, 2311597, 1, 4096, 0
3324, 1549515, 1, 4096, 0
3324, 2683283, 1, 4096, 0
3324, 2117959, 1, 4096, 0
3324, 2087447, 1, 4096, 0
3324, 1238414, 1, 4096, 0
3325, 1770912, 1, 4096, 0
3325, 1358233, 1, 4096, 0
3326, 1730526, 1, 4096, 0
3326, 1741834, 1, 4096, 0
3326, 1541118, 1, 4096, 0
3326, 1605709, 1, 4096, 0
3326, 1147267, 1, 4096, 0
3327, 1384695, 1, 4096, 0
3328, 1855425, 1, 4096, 0
3328, 1681706, 1, 4096, 0
3328, 2007165, 1, 4096, 0
3328, 2493426, 1, 4096, 0
3328, 2235527, 1, 4096, 0
3329, 2127945, 1, 4096, 0
3329, 1638469, 1, 4096, 0
3329, 1487470, 1, 4096, 0
3330, 1716155, 1, 4096, 0
3330, 1458801, 1, 4096, 0
3330, 1608913, 1, 4096, 0
3331, 2106668, 1, 4096, 0
3331, 1848589, 1, 4096, 0
3331, 1896219, 1, 4096, 0
3331, 1613639, 1, 4096, 0
3331, 1621246, 1, 4096, 0
3332, 1844333, 1, 4096, 0
3332, 1277192, 1, 4096, 0
3333, 1577624, 1, 4096, 0
3333, 1598538, 1, 4096, 0
3333, 1493202, 1, 4096, 0
3333, 1492547, 1, 4096, 0
3333, 1244976, 1, 4096, 0
3334, 1341112, 1, 4096, 0
3334, 2385123, 1, 4096, 0
3335, 1744881, 1, 4096, 0
3335, 1854827, 1, 4096, 0
3335, 2116154, 1, 4096, 0
3335, 1752233, 1, 4096, 0
3336, 1585166, 1, 4096, 0
3336, 1581651, 1, 4096, 0
3336, 1460216, 1, 4096, 0
3336, 1960809, 1, 4096, 0
3337, 1280275, 1, 4096, 0
3338, 2996692, 1, 4096, 0
3338, 2169799, 1, 4096, 0
3338, 2224044, 1, 4096, 0
3338, 1279842, 1, 4096, 0
3338, 1464748, 1, 4096, 0
3338, 1531310, 1, 4096, 0
3339, 1385864, 1, 4096, 0
3340, 1781453, 1, 4096, 0
3340, 2102150, 1, 4096, 0
3340, 2040522, 1, 4096, 0
3340, 2686347, 1, 4096, 0
3340, 1177134, 1, 4096, 0
3340, 2668264, 1, 4096, 0
3342, 1700371, 1, 4096, 0
3342, 1753784, 1, 4096, 0
3342, 1695378, 1, 4096, 0
3342, 1442386, 1, 4096, 0
3342, 1906782, 1, 4096, 0
3342, 2143055, 1, 4096, 0
3343, 1384182, 1, 4096, 0
3343, 1462578, 1, 4096, 0
3343, 1237475, 1, 4096, 0
3343, 1887334, 1, 4096, 0
3343, 1814663, 1, 4096, 0
3345, 2417213, 1, 4096, 0
3345, 1653985, 1, 4096, 0
3345, 1740283, 1, 4096, 0
3345, 1586483, 1, 4096, 0
3346, 2266793, 1, 4096, 0
3346, 3028722, 1, 4096, 0
3347, 1728013, 1, 4096, 0
3347, 1765697, 1, 4096, 0
3347, 1990471, 1, 4096, 0
3347, 2244152, 1, 4096, 0
3347, 1108304, 1, 4096, 0
3348, 2062081, 1, 4096, 0
3348, 1383327, 1, 4096, 0
3349, 1876385, 1, 4096, 0
3349, 1995852, 1, 4096, 0
3349, 2289475, 1, 4096, 0
3349, 1178588, 1, 4096, 0
3350, 2530225, 1, 4096, 0
3350, 2025089, 1, 4096, 0
3350, 1409669, 1, 4096, 0
3352, 2488284, 1, 4096, 0
3352, 2200745, 1, 4096, 0
3352, 1881955, 1, 4096, 0
3352, 1878649, 1, 4096, 0
3352, 2771589, 1, 4096, 0
3352, 3387978, 1, 4096, 0
3353, 1589871, 1, 4096, 0
3353, 1833067, 1, 4096, 0
3354, 2003192, 1, 4096, 0
3354, 1938939, 1, 4096, 0
3354, 1856048, 1, 4096, 0
3355, 1439931, 1, 4096, 0
3355, 2145132, 1, 4096, 0
3355, 1487715, 1, 4096, 0
3356, 1391994, 1, 4096, 0
3356, 2343239, 1, 4096, 0
3357, 2396172, 1, 4096, 0
3357, 2087045, 1, 4096, 0
3357, 2367602, 1, 4096, 0
3357, 2379704, 1, 4096, 0
3357, 1532616, 1, 4096, 0
3358, 1546599, 1, 4096, 0
3359, 1821653, 1, 4096, 0
3359, 1949741, 1, 4096, 0
3359, 1627819, 1, 4096, 0
3359, 1775278, 1, 4096, 0
3359, 1738189, 1, 4096, 0
3360, 2646250, 1, 4096, 0
3360, 1561405, 1, 4096, 0
3360, 1448365, 1, 4096, 0
3360, 1805571, 1, 4096, 0
3361, 1156180, 1, 4096, 0
3361, 1975036, 1, 4096, 0
3361, 1948389, 1, 4096, 0
3362, 1371786, 1, 4096, 0
3362, 1569560, 1, 4096, 0
3362, 1941684, 1, 4096, 0
3362, 1767037, 1, 4096, 0
3363, 2379095, 1, 4096, 0
3363, 1339797, 1, 4096, 0
3363, 2105174, 1, 4096, 0
3364, 2065725, 1, 4096, 0
3364, 1866387, 1, 4096, 0
3364, 1950530, 1, 4096, 0
3365, 1574652, 1, 4096, 0
3365, 1573351, 1, 4096, 0
3365, 1270988, 1, 4096, 0
3365, 1806784, 1, 4096, 0
3366, 1237265, 1, 4096, 0
3366, 2334424, 1, 4096, 0
3366, 1446924, 1, 4096, 0
3367, 1763553, 1, 4096, 0
3367, 1601767, 1, 4096, 0
3367, 2004379, 1, 4096, 0
3367, 1226715, 1, 4096, 0
3368, 2050232, 1, 4096, 0
3368, 1660929, 1, 4096, 0
3369, 1860814, 1, 4096, 0
3369, 1860873, 1, 4096, 0
3369, 2148110, 1, 4096, 0
3370, 1821417, 1, 4096, 0
3370, 2138744, 1, 4096, 0
3370, 1379117, 1, 4096, 0
3370, 2166971, 1, 4096, 0
3371, 1745448, 1, 4096, 0
3371, 1096899, 1, 4096, 0
3371, 1474910, 1, 4096, 0
3372, 2718205, 1, 4096, 0
3372, 2374812, 1, 4096, 0
3372, 1572523, 1, 4096, 0
3373, 2861678, 1, 4096, 0
3373, 1594611, 1, 4096, 0
3374, 1410141, 1, 4096, 0
3374, 2948137, 1, 4096, 0
3374, 2185052, 1, 4096, 0
3374, 2389875, 1, 4096, 0
3375, 1773083, 1, 4096, 0
3375, 1688095, 1, 4096, 0
3375, 1820491, 1, 4096, 0
3376, 2064001, 1, 4096, 0
3376, 1939027, 1, 4096, 0
3377, 2899452, 1, 4096, 0
3377, 1430422, 1, 4096, 0
3377, 2343414, 1, 4096, 0
3378, 2084906, 1, 4096, 0
3378, 2818571, 1, 4096, 0
3378, 1822325, 1, 4096, 0
3378, 1117135, 1, 4096, 0
3379, 2647143, 1, 4096, 0
3379, 2328552, 1, 4096, 0
3380, 1537177, 1, 4096, 0
3380, 2430982, 1, 4096, 0
3380, 1282729, 1, 4096, 0
3380, 2596044, 1, 4096, 0
3381, 2207951, 1, 4096, 0
3381, 1957750, 1, 4096, 0
3381, 1102663, 1, 4096, 0
3382, 1432498, 1, 4096, 0
3382, 2231820, 1, 4096, 0
3383, 1920367, 1, 4096, 0
3383, 2704809, 1, 4096, 0
3383, 1751285, 1, 4096, 0
3384, 2273756, 1, 4096, 0
3384, 1724451, 1, 4096, 0
3384, 2573019, 1, 4096, 0
3385, 1640492, 1, 4096, 0
3385, 1865213, 1, 4096, 0
3385, 2143517, 1, 4096, 0
3386, 1947223, 1, 4096, 0
3386, 1250264, 1, 4096, 0
3386, 1381416, 1, 4096, 0
3386, 1951423, 1, 4096, 0
3387, 2385331, 1, 4096, 0
3387, 1779326, 1, 4096, 0
3388, 3330758, 1, 4096, 0
3388, 2416617, 1, 4096, 0
3388, 2327631, 1, 4096, 0
3388, 1870058, 1, 4096, 0
3388, 1527812, 1, 4096, 0
3389, 1568268, 1, 4096, 0
3390, 2175537, 1, 4096, 0
3390, 1627350, 1, 4096, 0
3390, 1534445, 1, 4096, 0
3390, 1972073, 1, 4096, 0
3391, 2712670, 1, 4096, 0
3391, 1447843, 1, 4096, 0
3391, 2202175, 1, 4096, 0
3392, 2124613, 1, 4096, 0
3393, 2715080, 1, 4096, 0
3393, 1670117, 1, 4096, 0
3393, 1844767, 1, 4096, 0
3393, 2436499, 1, 4096, 0
3393, 1746432, 1, 4096, 0
3394, 2312895, 1, 4096, 0
3394, 1353831, 1, 4096, 0
3394, 1737721, 1, 4096, 0
3395, 2009876, 1, 4096, 0
3395, 2293345, 1, 4096, 0
3396, 1201780, 1, 4096, 0
3396, 2247831, 1, 4096, 0
3396, 1056950, 1, 4096, 0
3396, 1950463, 1, 4096, 0
3396, 2714174, 1, 4096, 0
3397, 1605790, 1, 4096, 0
3397, 1051292, 1, 4096, 0
3397, 1630187, 1, 4096, 0
3398, 2451666, 1, 4096, 0
3398, 2038544, 1, 4096, 0
3398, 1685750, 1, 4096, 0
3399, 1828414, 1, 4096, 0
3399, 1789799, 1, 4096, 0
3399, 2810045, 1, 4096, 0
3400, 1830859, 1, 4096, 0
3400, 1952225, 1, 4096, 0
3400, 1705512, 1, 4096, 0
3401, 1350442, 1, 4096, 0
3401, 1476642, 1, 4096, 0
3401, 1936999, 1, 4096, 0
3401, 1441705, 1, 4096, 0
3401, 1586565, 1, 4096, 0
3402, 1613733, 1, 4096, 0
3403, 1531115, 1, 4096, 0
3404, 945571, 1, 4096, 0
3404, 2280729, 1, 4096, 0
3405, 4529356, 1, 4096, 0
3405, 3318126, 1, 4096, 0
3405, 4234563, 1, 4096, 0
3405, 2861111, 1, 4096, 0
3405, 1511647, 1, 4096, 0
3405, 1745762, 1, 4096, 0
3407, 2041642, 1, 4096, 0
3407, 1903031, 1, 4096, 0
3407, 2764715, 1, 4096, 0
3407, 2653303, 1, 4096, 0
3407, 2178123, 1, 4096, 0
3407, 2427172, 1, 4096, 0
3409, 1538161, 1, 4096, 0
3409, 1733390, 1, 4096, 0
3409, 2226270, 1, 4096, 0
3409, 1798369, 1, 4096, 0
3409, 1766550, 1, 4096, 0
3409, 1942415, 1, 4096, 0
3411, 1703507, 1, 4096, 0
3411, 2028629, 1, 4096, 0
3411, 2208635, 1, 4096, 0
3412, 2641553, 1, 4096, 0
3412, 2503430, 1, 4096, 0
3412, 2804041, 1, 4096, 0
3412, 1394101, 1, 4096, 0
3412, 1456895, 1, 4096, 0
3413, 1668578, 1, 4096, 0
3414, 2103654, 1, 4096, 0
3414, 1855558, 1, 4096, 0
3414, 1342246, 1, 4096, 0
3414, 1211413, 1, 4096, 0
3414, 2193065, 1, 4096, 0
3415, 1295051, 1, 4096, 0
3415, 1526030, 1, 4096, 0
3415, 1697739, 1, 4096, 0
3416, 2040080, 1, 4096, 0
3416, 2342801, 1, 4096, 0
3416, 1427531, 1, 4096, 0
3416, 956423, 1, 4096, 0
3417, 1794092, 1, 4096, 0
3417, 1270047, 1, 4096, 0
3417, 3410603, 1, 4096, 0
3418, 1353561, 1, 4096, 0
3418, 2179818, 1, 4096, 0
3419, 1602213, 1, 4096, 0
3419, 2381280, 1, 4096, 0
3419, 1567145, 1, 4096, 0
3419, 1204270, 1, 4096, 0
3419, 1816878, 1, 4096, 0
3419, 1529210, 1, 4096, 0
3420, 1310763, 1, 4096, 0
3420, 1436063, 1, 4096, 0
3420, 1178662, 1, 4096, 0
3421, 1427306, 1, 4096, 0
3421, 1856621, 1, 4096, 0
3421, 2134124, 1, 4096, 0
3422, 1771815, 1, 4096, 0
3422, 1825237, 1, 4096, 0
3422, 1910194, 1, 4096, 0
3423, 1651684, 1, 4096, 0
3423, 2070131, 1, 4096, 0
3423, 2852813, 1, 4096, 0
3423, 1651815, 1, 4096, 0
3424, 2023062, 1, 4096, 0
3425, 1561307, 1, 4096, 0
3425, 1967848, 1, 4096, 0
3425, 2671466, 1, 4096, 0
3425, 1614108, 1, 4096, 0
3425, 1951450, 1, 4096, 0
3426, 1427368, 1, 4096, 0
3426, 2378484, 1, 4096, 0
3426, 1631658, 1, 4096, 0
3426, 1419252, 1, 4096, 0
3427, 1869181, 1, 4096, 0
3428, 1494921, 1, 4096, 0
3428, 1784232, 1, 4096, 0
3428, 2756407, 1, 4096, 0
3428, 2001476, 1, 4096, 0
3428, 2135620, 1, 4096, 0
3429, 1979929, 1, 4096, 0
3430, 1763027, 1, 4096, 0
3430, 1937421, 1, 4096, 0
3430, 2191755, 1, 4096, 0
3430, 2161072, 1, 4096, 0
3431, 1280033, 1, 4096, 0
3431, 1826404, 1, 4096, 0
3432, 3642969, 1, 4096, 0
3432, 2324173, 1, 4096, 0
3433, 2152537, 1, 4096, 0
3433, 2406616, 1, 4096, 0
3433, 3281961, 1, 4096, 0
3433, 1750735, 1, 4096, 0
3433, 1384429, 1, 4096, 0
3434, 1521018, 1, 4096, 0
3434, 1633050, 1, 4096, 0
3434, 1730455, 1, 4096, 0
3435, 999895, 1, 4096, 0
3435, 1938822, 1, 4096, 0
3436, 2603806, 1, 4096, 0
3436, 1504283, 1, 4096, 0
3436, 2975406, 1, 4096, 0
3437, 2309865, 1, 4096, 0
3437, 2415523, 1, 4096, 0
3437, 1304680, 1, 4096, 0
3437, 1410717, 1, 4096, 0
3437, 1653751, 1, 4096, 0
3437, 2134416, 1, 4096, 0
3438, 1694533, 1, 4096, 0
3438, 1128300, 1, 4096, 0
3439, 1244774, 1, 4096, 0
3439, 1278691, 1, 4096, 0
3439, 1813238, 1, 4096, 0
3439, 2056469, 1, 4096, 0
3440, 1470473, 1, 4096, 0
3440, 1375624, 1, 4096, 0
3440, 2046685, 1, 4096, 0
3441, 2312762, 1, 4096, 0
3441, 1750645, 1, 4096, 0
3441, 1420130, 1, 4096, 0
3441, 1998284, 1, 4096, 0
3441, 1203957, 1, 4096, 0
3442, 1233641, 1, 4096, 0
3442, 1490710, 1, 4096, 0
3443, 1548467, 1, 4096, 0
3443, 1588199, 1, 4096, 0
3443, 1648799, 1, 4096, 0
3443, 1449618, 1, 4096, 0
3443, 2161487, 1, 4096, 0
3445, 2016415, 1, 4096, 0
3445, 1476062, 1, 4096, 0
3445, 1831546, 1, 4096, 0
3445, 2084945, 1, 4096, 0
3445, 2014388, 1, 4096, 0
3446, 2320938, 1, 4096, 0
3446, 1657040, 1, 4096, 0
3448, 3248345, 1, 4096, 0
3448, 3231725, 1, 4096, 0
3448, 2919450, 1, 4096, 0
3448, 1751489, 1, 4096, 0
3448, 3141424, 1, 4096, 0
3448, 2571714, 1, 4096, 0
3450, 1703468, 1, 4096, 0
3450, 1843911, 1, 4096, 0
3450, 1801377, 1, 4096, 0
3450, 1844053, 1, 4096, 0
3450, 2176215, 1, 4096, 0
3450, 1860342, 1, 4096, 0
3451, 1811997, 1, 4096, 0
3451, 1509812, 1, 4096, 0
3451, 1764401, 1, 4096, 0
3452, 1773114, 1, 4096, 0
3452, 1747659, 1, 4096, 0
3453, 1266090, 1, 4096, 0
3453, 1249915, 1, 4096, 0
3453, 1534044, 1, 4096, 0
3453, 3247597, 1, 4096, 0
3453, 1790855, 1, 4096, 0
3454, 2047766, 1, 4096, 0
3454, 1723533, 1, 4096, 0
3455, 1675198, 1, 4096, 0
3455, 1542572, 1, 4096, 0
3455, 1303402, 1, 4096, 0
3455, 2014781, 1, 4096, 0
3455, 2013899, 1, 4096, 0
3456, 1737362, 1, 4096, 0
3456, 1444021, 1, 4096, 0
3457, 1886205, 1, 4096, 0
3457, 1882347, 1, 4096, 0
3457, 1824431, 1, 4096, 0
3458, 1461963, 1, 4096, 0
3458, 2378647, 1, 4096, 0
3458, 1240374, 1, 4096, 0
3458, 1540022, 1, 4096, 0
3458, 1494703, 1, 4096, 0
3458, 1945855, 1, 4096, 0
3460, 1713751, 1, 4096, 0
3460, 1843082, 1, 4096, 0
3460, 1852894, 1, 4096, 0
3460, 2089902, 1, 4096, 0
3460, 1743545, 1, 4096, 0
3460, 1453628, 1, 4096, 0
3461, 1715579, 1, 4096, 0
3461, 1490330, 1, 4096, 0
3461, 1887973, 1, 4096, 0
3462, 1748829, 1, 4096, 0
3462, 2269454, 1, 4096, 0
3463, 2637969, 1, 4096, 0
3463, 1719542, 1, 4096, 0
3463, 1361180, 1, 4096, 0
3463, 1632435, 1, 4096, 0
3463, 2103970, 1, 4096, 0
3464, 1790817, 1, 4096, 0
3465, 2071929, 1, 4096, 0
3465, 1759033, 1, 4096, 0
3465, 1590529, 1, 4096, 0
3465, 2263038, 1, 4096, 0
3465, 2444906, 1, 4096, 0
3466, 1611808, 1, 4096, 0
3466, 1461800, 1, 4096, 0
3467, 1531283, 1, 4096, 0
3467, 1494263, 1, 4096, 0
3467, 2296912, 1, 4096, 0
3468, 2838738, 1, 4096, 0
3468, 1806365, 1, 4096, 0
3468, 2281208, 1, 4096, 0
3468, 1514066, 1, 4096, 0
3469, 2156207, 1, 4096, 0
3469, 2059134, 1, 4096, 0
3469, 1425968, 1, 4096, 0
3470, 1435379, 1, 4096, 0
3470, 1085111, 1, 4096, 0
3470, 2371000, 1, 4096, 0
3471, 2760888, 1, 4096, 0
3472, 2017361, 1, 4096, 0
3472, 2690346, 1, 4096, 0
3472, 1898264, 1, 4096, 0
3472, 2076942, 1, 4096, 0
3473, 1897932, 1, 4096, 0
3473, 4212777, 1, 4096, 0
3474, 1518331, 1, 4096, 0
3474, 1891708, 1, 4096, 0
3474, 1720841, 1, 4096, 0
3474, 2260130, 1, 4096, 0
3475, 2459682, 1, 4096, 0
3475, 1773810, 1, 4096, 0
3475, 1813573, 1, 4096, 0
3476, 2290111, 1, 4096, 0
3476, 1673634, 1, 4096, 0
3476, 2380857, 1, 4096, 0
3477, 2172117, 1, 4096, 0
3477, 2211573, 1, 4096, 0
3477, 1950338, 1, 4096, 0
3478, 1863130, 1, 4096, 0
3478, 2296567, 1, 4096, 0
3478, 1199768, 1, 4096, 0
3479, 1534389, 1, 4096, 0
3479, 2469498, 1, 4096, 0
3479, 1565519, 1, 4096, 0
3480, 1707318, 1, 4096, 0
3480, 1407769, 1, 4096, 0
3480, 1393209, 1, 4096, 0
3480, 1466841, 1, 4096, 0
3480, 1538986, 1, 4096, 0
3481, 2034532, 1, 4096, 0
3482, 1872558, 1, 4096, 0
3482, 2075472, 1, 4096, 0
3482, 1926386, 1, 4096, 0
3483, 2608806, 1, 4096, 0
3483, 2295182, 1, 4096, 0
3483, 2626075, 1, 4096, 0
3484, 2099617, 1, 4096, 0
3484, 2561366, 1, 4096, 0
3484, 1943814, 1, 4096, 0
3484, 1611765, 1, 4096, 0
3485, 1873508, 1, 4096, 0
3486, 2862677, 1, 4096, 0
3486, 1944197, 1, 4096, 0
3486, 1899509, 1, 4096, 0
3486, 1722320, 1, 4096, 0
3486, 1713438, 1, 4096, 0
3487, 1674260, 1, 4096, 0
3487, 3144957, 1, 4096, 0
3487, 1214382, 1, 4096, 0
3488, 1756525, 1, 4096, 0
3488, 1606281, 1, 4096, 0
3488, 1516482, 1, 4096, 0
3488, 1109654, 1, 4096, 0
3489, 1207291, 1, 4096, 0
3489, 1453509, 1, 4096, 0
3490, 1980910, 1, 4096, 0
3490, 2211077, 1, 4096, 0
3491, 1708612, 1, 4096, 0
3491, 2224090, 1, 4096, 0
3491, 2321214, 1, 4096, 0
3491, 2919343, 1, 4096, 0
3491, 1502773, 1, 4096, 0
3491, 1678918, 1, 4096, 0
3492, 1110873, 1, 4096, 0
3492, 1394844, 1, 4096, 0
3493, 1854280, 1, 4096, 0
3493, 1611771, 1, 4096, 0
3494, 2604706, 1, 4096, 0
3494, 2090216, 1, 4096, 0
3494, 2681979, 1, 4096, 0
3494, 2102825, 1, 4096, 0
3495, 2089193, 1, 4096, 0
3495, 2147343, 1, 4096, 0
3495, 1753164, 1, 4096, 0
3495, 1564286, 1, 4096, 0
3495, 1432277, 1, 4096, 0
3496, 1548364, 1, 4096, 0
3497, 1752879, 1, 4096, 0
3497, 2335033, 1, 4096, 0
3497, 1708715, 1, 4096, 0
3497, 2215301, 1, 4096, 0
3498, 2144805, 1, 4096, 0
3498, 1748066, 1, 4096, 0
3498, 1467041, 1, 4096, 0
3498, 1441768, 1, 4096, 0
3498, 1417265, 1, 4096, 0
3499, 1752993, 1, 4096, 0
3499, 1844881, 1, 4096, 0
3500, 2146468, 1, 4096, 0
3501, 2183474, 1, 4096, 0
3501, 2649245, 1, 4096, 0
3501, 3016843, 1, 4096, 0
3501, 2147392, 1, 4096, 0
3501, 1614248, 1, 4096, 0
3502, 2524882, 1, 4096, 0
3503, 1952055, 1, 4096, 0
3503, 1592547, 1, 4096, 0
3503, 1776878, 1, 4096, 0
3504, 2334029, 1, 4096, 0
3504, 2406850, 1, 4096, 0
3504, 2315132, 1, 4096, 0
3504, 1534834, 1, 4096, 0
3505, 1006416, 1, 4096, 0
3505, 1435445, 1, 4096, 0
3505, 2706875, 1, 4096, 0
3505, 1346276, 1, 4096, 0
3506, 2398491, 1, 4096, 0
3507, 1321876, 1, 4096, 0
3507, 3358973, 1, 4096, 0
3507, 1637171, 1, 4096, 0
3507, 2120584, 1, 4096, 0
3508, 1242839, 1, 4096, 0
3508, 2076910, 1, 4096, 0
3508, 3083388, 1, 4096, 0
3508, 1826388, 1, 4096, 0
3509, 2570587, 1, 4096, 0
3509, 2211066, 1, 4096, 0
3510, 1441245, 1, 4096, 0
3510, 1620083, 1, 4096, 0
3510, 1944775, 1, 4096, 0
3511, 1197787, 1, 4096, 0
3511, 2756357, 1, 4096, 0
3512, 1526820, 1, 4096, 0
3512, 2587530, 1, 4096, 0
3513, 2170423, 1, 4096, 0
3513, 1379274, 1, 4096, 0
3513, 3023231, 1, 4096, 0
3513, 2157021, 1, 4096, 0
3514, 1429153, 1, 4096, 0
3514, 2164822, 1, 4096, 0
3514, 1415359, 1, 4096, 0
3514, 2766886, 1, 4096, 0
3514, 1963244, 1, 4096, 0
3515, 1673956, 1, 4096, 0
3516, 1606027, 1, 4096, 0
3516, 1766117, 1, 4096, 0
3516, 1661465, 1, 4096, 0
3516, 2352527, 1, 4096, 0
3517, 1029128, 1, 4096, 0
3517, 2309233, 1, 4096, 0
3517, 2709052, 1, 4096, 0
3518, 1555696, 1, 4096, 0
3518, 1031534, 1, 4096, 0
3518, 1709340, 1, 4096, 0
3518, 1544000, 1, 4096, 0
3519, 2333764, 1, 4096, 0
3519, 1365810, 1, 4096, 0
3519, 1842161, 1, 4096, 0
3520, 1574013, 1, 4096, 0
3520, 1530257, 1, 4096, 0
3520, 1653666, 1, 4096, 0
3520, 2692924, 1, 4096, 0
3521, 2436674, 1, 4096, 0
3521, 1136582, 1, 4096, 0
3521, 1304932, 1, 4096, 0
3522, 2010282, 1, 4096, 0
3522, 1676482, 1, 4096, 0
3523, 2428159, 1, 4096, 0
3523, 3145133, 1, 4096, 0
3523, 1860450, 1, 4096, 0
3524, 3151849, 1, 4096, 0
3524, 2371313, 1, 4096, 0
3524, 1270954, 1, 4096, 0
3524, 2566676, 1, 4096, 0
3526, 2280231, 1, 4096, 0
3526, 1293890, 1, 4096, 0
3526, 2151741, 1, 4096, 0
3526, 2148232, 1, 4096, 0
3526, 1597457, 1, 4096, 0
3526, 2953429, 1, 4096, 0
3527, 1303729, 1, 4096, 0
3528, 1653749, 1, 4096, 0
3528, 1676536, 1, 4096, 0
3528, 1219694, 1, 4096, 0
3528, 1911346, 1, 4096, 0
3528, 2006510, 1, 4096, 0
3529, 1776062, 1, 4096, 0
3529, 1762721, 1, 4096, 0
3529, 1662998, 1, 4096, 0
3530, 1876218, 1, 4096, 0
3530, 2095308, 1, 4096, 0
3530, 2095152, 1, 4096, 0
3531, 1460591, 1, 4096, 0
3531, 1502278, 1, 4096, 0
3531, 1526978, 1, 4096, 0
3531, 1876313, 1, 4096, 0
3531, 1846760, 1, 4096, 0
3532, 2664875, 1, 4096, 0
3533, 1637136, 1, 4096, 0
3533, 1808999, 1, 4096, 0
3533, 1615992, 1, 4096, 0
3533, 1751146, 1, 4096, 0
3534, 2005831, 1, 4096, 0
3534, 1111253, 1, 4096, 0
3535, 2316801, 1, 4096, 0
3535, 3724578, 1, 4096, 0
3535, 2568825, 1, 4096, 0
3535, 1595029, 1, 4096, 0
3535, 2074109, 1, 4096, 0
3536, 2139544, 1, 4096, 0
3536, 1577337, 1, 4096, 0
3537, 1779276, 1, 4096, 0
3537, 1861850, 1, 4096, 0
3537, 1828064, 1, 4096, 0
3538, 2112806, 1, 4096, 0
3538, 1719047, 1, 4096, 0
3538, 2755645, 1, 4096, 0
3539, 1656004, 1, 4096, 0
3540, 2094727, 1, 4096, 0
3540, 2137192, 1, 4096, 0
3540, 1556490, 1, 4096, 0
3540, 1283378, 1, 4096, 0
3540, 1906228, 1, 4096, 0
3540, 3212384, 1, 4096, 0
3541, 1373077, 1, 4096, 0
3541, 1214589, 1, 4096, 0
3541, 1509270, 1, 4096, 0
3542, 1385203, 1, 4096, 0
3542, 1888053, 1, 4096, 0
3542, 1935700, 1, 4096, 0
3543, 1643992, 1, 4096, 0
3543, 1928442, 1, 4096, 0
3544, 2714557, 1, 4096, 0
3544, 2142965, 1, 4096, 0
3544, 1368912, 1, 4096, 0
3544, 2181014, 1, 4096, 0
3545, 1838775, 1, 4096, 0
3546, 1858864, 1, 4096, 0
3546, 2166155, 1, 4096, 0
3546, 2078178, 1, 4096, 0
3546, 2257073, 1, 4096, 0
3546, 3194247, 1, 4096, 0
3546, 1751316, 1, 4096, 0
3547, 1317786, 1, 4096, 0
3547, 1592218, 1, 4096, 0
3548, 1712904, 1, 4096, 0
3548, 1909040, 1, 4096, 0
3549, 2763295, 1, 4096, 0
3549, 3536036, 1, 4096, 0
3549, 1894533, 1, 4096, 0
3550, 2165404, 1, 4096, 0
3550, 2551205, 1, 4096, 0
3551, 3181297, 1, 4096, 0
3551, 1639694, 1, 4096, 0
3551, 1649664, 1, 4096, 0
3551, 2261585, 1, 4096, 0
3552, 2058254, 1, 4096, 0
3552, 1435511, 1, 4096, 0
3552, 1862502, 1, 4096, 0
3553, 2011056, 1, 4096, 0
3553, 2356480, 1, 4096, 0
3554, 1835083, 1, 4096, 0
3554, 2282653, 1, 4096, 0
3555, 3032531, 1, 4096, 0
3555, 1681394, 1, 4096, 0
3555, 1460102, 1, 4096, 0
3556, 3416025, 1, 4096, 0
3556, 1921144, 1, 4096, 0
3556, 2007835, 1, 4096, 0
3556, 1216906, 1, 4096, 0
3557, 2013575, 1, 4096, 0
3557, 1790415, 1, 4096, 0
3557, 1457263, 1, 4096, 0
3557, 1553419, 1, 4096, 0
3557, 1325410, 1, 4096, 0
3558, 2162472, 1, 4096, 0
3558, 1887297, 1, 4096, 0
3559, 1696449, 1, 4096, 0
3559, 2268618, 1, 4096, 0
3559, 2004810, 1, 4096, 0
3560, 1519800, 1, 4096, 0
3560, 2254176, 1, 4096, 0
3560, 1999777, 1, 4096, 0
3561, 1454784, 1, 4096, 0
3561, 2464222, 1, 4096, 0
3561, 2688467, 1, 4096, 0
3561, 1957935, 1, 4096, 0
3562, 1939230, 1, 4096, 0
3563, 1492299, 1, 4096, 0
3563, 2001872, 1, 4096, 0
3564, 2139969, 1, 4096, 0
3564, 3272641, 1, 4096, 0
3564, 2441856, 1, 4096, 0
3564, 1376428, 1, 4096, 0
3565, 2972063, 1, 4096, 0
3565, 1286036, 1, 4096, 0
3565, 1569972, 1, 4096, 0
3566, 1918592, 1, 4096, 0
3566, 1809671, 1, 4096, 0
3566, 2344843, 1, 4096, 0
3567, 2097343, 1, 4096, 0
3567, 2040697, 1, 4096, 0
3567, 1259097, 1, 4096, 0
3568, 1388292, 1, 4096, 0
3568, 2495257, 1, 4096, 0
3568, 1551535, 1, 4096, 0
3569, 2173860, 1, 4096, 0
3570, 4636660, 1, 4096, 0
3570, 2632919, 1, 4096, 0
3571, 2414236, 1, 4096, 0
3571, 3899302, 1, 4096, 0
3571, 2744000, 1, 4096, 0
3571, 2106030, 1, 4096, 0
3572, 1781537, 1, 4096, 0
3572, 1579132, 1, 4096, 0
3572, 1455881, 1, 4096, 0
3572, 2694726, 1, 4096, 0
3573, 2028206, 1, 4096, 0
3574, 2971553, 1, 4096, 0
3574, 1499667, 1, 4096, 0
3574, 1961824, 1, 4096, 0
3574, 2004078, 1, 4096, 0
3574, 1977825, 1, 4096, 0
3575, 1369081, 1, 4096, 0
3576, 1807982, 1, 4096, 0
3576, 1779895, 1, 4096, 0
3576, 1489269, 1, 4096, 0
3576, 2183905, 1, 4096, 0
3576, 1878887, 1, 4096, 0
3577, 1767294, 1, 4096, 0
3577, 1771914, 1, 4096, 0
3578, 2959154, 1, 4096, 0
3578, 1873742, 1, 4096, 0
3578, 1818022, 1, 4096, 0
3578, 1946207, 1, 4096, 0
3579, 1685049, 1, 4096, 0
3580, 2272732, 1, 4096, 0
3580, 2082745, 1, 4096, 0
3580, 2671495, 1, 4096, 0
3580, 2140976, 1, 4096, 0
3580, 2675088, 1, 4096, 0
3581, 1551723, 1, 4096, 0
3581, 1063844, 1, 4096, 0
3582, 2038506, 1, 4096, 0
3582, 2156889, 1, 4096, 0
3583, 1318726, 1, 4096, 0
3583, 2825824, 1, 4096, 0
3583, 2710551, 1, 4096, 0
3583, 2627792, 1, 4096, 0
3584, 2047601, 1, 4096, 0
3584, 1437466, 1, 4096, 0
3584, 2057908, 1, 4096, 0
3584, 1440878, 1, 4096, 0
3585, 1440385, 1, 4096, 0
3585, 2559933, 1, 4096, 0
3586, 1807001, 1, 4096, 0
3586, 1923489, 1, 4096, 0
3586, 2141780, 1, 4096, 0
3586, 1559120, 1, 4096, 0
3587, 2428697, 1, 4096, 0
3587, 1782479, 1, 4096, 0
3588, 1364569, 1, 4096, 0
3588, 1705617, 1, 4096, 0
3588, 1677278, 1, 4096, 0
3588, 1606761, 1, 4096, 0
3588, 1860338, 1, 4096, 0
3589, 1814807, 1, 4096, 0
3589, 1236354, 1, 4096, 0
3589, 1566014, 1, 4096, 0
3590, 1476947, 1, 4096, 0
3590, 2354904, 1, 4096, 0
3590, 1902396, 1, 4096, 0
3591, 2182513, 1, 4096, 0
3591, 1632696, 1, 4096, 0
3591, 1852307, 1, 4096, 0
3592, 1895691, 1, 4096, 0
3592, 1790168, 1, 4096, 0
3592, 2167371, 1, 4096, 0
3593, 1375725, 1, 4096, 0
3593, 1720266, 1, 4096, 0
3593, 1855573, 1, 4096, 0
3593, 1350262, 1, 4096, 0
3594, 1916736, 1, 4096, 0
3594, 1471760, 1, 4096, 0
3594, 2106906, 1, 4096, 0
3594, 1615187, 1, 4096, 0
3595, 1642860, 1, 4096, 0
3595, 2136818, 1, 4096, 0
3595, 1871615, 1, 4096, 0
3596, 1421623, 1, 4096, 0
3596, 1690575, 1, 4096, 0
3596, 1445559, 1, 4096, 0
3597, 2717243, 1, 4096, 0
3597, 1675685, 1, 4096, 0
3597, 1352293, 1, 4096, 0
3598, 2864614, 1, 4096, 0
3598, 2103890, 1, 4096, 0
3599, 2715186, 1, 4096, 0
3599, 1758165, 1, 4096, 0
3599, 2361676, 1, 4096, 0
3599, 1939627, 1, 4096, 0
3600, 2190773, 1, 4096, 0
3600, 1623348, 1, 4096, 0
3600, 1290741, 1, 4096, 0
3601, 1105344, 1, 4096, 0
3601, 2463468, 1, 4096, 0
3601, 1977101, 1, 4096, 0
3601, 1374778, 1, 4096, 0
3602, 1821625, 1, 4096, 0
3602, 1782680, 1, 4096, 0
3602, 1656376, 1, 4096, 0
3602, 1159049, 1, 4096, 0
3603, 1682463, 1, 4096, 0
3603, 2153194, 1, 4096, 0
3603, 1033455, 1, 4096, 0
3604, 1653806, 1, 4096, 0
3604, 1255351, 1, 4096, 0
3604, 1581335, 1, 4096, 0
3604, 1925153, 1, 4096, 0
3605, 2353907, 1, 4096, 0
3605, 1229009, 1, 4096, 0
3606, 1628558, 1, 4096, 0
3606, 2062498, 1, 4096, 0
3606, 2944302, 1, 4096, 0
3606, 2053505, 1, 4096, 0
3606, 1758678, 1, 4096, 0
3607, 1485258, 1, 4096, 0
3607, 2476240, 1, 4096, 0
3608, 1628123, 1, 4096, 0
3609, 2505197, 1, 4096, 0
3609, 2352339, 1, 4096, 0
3609, 1273938, 1, 4096, 0
3609, 2453723, 1, 4096, 0
3609, 1606588, 1, 4096, 0
3609, 2032985, 1, 4096, 0
3610, 1402351, 1, 4096, 0
3611, 1756121, 1, 4096, 0
3611, 1919146, 1, 4096, 0
3611, 2012493, 1, 4096, 0
3612, 3257997, 1, 4096, 0
3612, 3266693, 1, 4096, 0
3613, 2002104, 1, 4096, 0
3613, 2131478, 1, 4096, 0
3613, 2612528, 1, 4096, 0
3613, 1450298, 1, 4096, 0
3614, 2097425, 1, 4096, 0
3614, 2123489, 1, 4096, 0
3615, 1726779, 1, 4096, 0
3615, 1399759, 1, 4096, 0
3615, 2247848, 1, 4096, 0
3615, 1475288, 1, 4096, 0
3615, 2478242, 1, 4096, 0
3616, 2062351, 1, 4096, 0
3616, 1662145, 1, 4096, 0
3617, 1802984, 1, 4096, 0
3617, 2228066, 1, 4096, 0
3617, 2525055, 1, 4096, 0
3618, 2529289, 1, 4096, 0
3618, 1738828, 1, 4096, 0
3618, 2191524, 1, 4096, 0
3618, 1549058, 1, 4096, 0
3619, 1599034, 1, 4096, 0
3619, 1606922, 1, 4096, 0
3620, 2328290, 1, 4096, 0
3620, 1543691, 1, 4096, 0
3620, 1595157, 1, 4096, 0
3620, 1880474, 1, 4096, 0
3621, 1319533, 1, 4096, 0
3621, 1469546, 1, 4096, 0
3622, 1358487, 1, 4096, 0
3622, 1723884, 1, 4096, 0
3622, 2836754, 1, 4096, 0
3622, 1568547, 1, 4096, 0
3623, 1574675, 1, 4096, 0
3624, 3050150, 1, 4096, 0
3624, 4340213, 1, 4096, 0
3624, 1694735, 1, 4096, 0
3624, 2474001, 1, 4096, 0
3624, 2671932, 1, 4096, 0
3624, 1294612, 1, 4096, 0
3625, 1318775, 1, 4096, 0
3626, 1649965, 1, 4096, 0
3626, 1610133, 1, 4096, 0
3626, 1978982, 1, 4096, 0
3626, 2138834, 1, 4096, 0
3627, 2415898, 1, 4096, 0
3627, 1394157, 1, 4096, 0
3628, 1851063, 1, 4096, 0
3628, 2223080, 1, 4096, 0
3628, 1586803, 1, 4096, 0
3628, 1916415, 1, 4096, 0
3629, 2307250, 1, 4096, 0
3630, 1928660, 1, 4096, 0
3630, 3337918, 1, 4096, 0
3630, 1980915, 1, 4096, 0
3631, 2818555, 1, 4096, 0
3631, 1350201, 1, 4096, 0
3632, 3498990, 1, 4096, 0
3632, 1784139, 1, 4096, 0
3632, 2953153, 1, 4096, 0
3632, 2285619, 1, 4096, 0
3632, 1286094, 1, 4096, 0
3633, 1254178, 1, 4096, 0
3633, 1672156, 1, 4096, 0
3634, 2050143, 1, 4096, 0
3634, 2275736, 1, 4096, 0
3634, 2139658, 1, 4096, 0
3634, 2201922, 1, 4096, 0
3634, 1842693, 1, 4096, 0
3635, 1333609, 1, 4096, 0
3635, 1511749, 1, 4096, 0
3635, 1178524, 1, 4096, 0
3636, 1328450, 1, 4096, 0
3636, 1933920, 1, 4096, 0
3636, 1948723, 1, 4096, 0
3637, 2175467, 1, 4096, 0
3637, 1487587, 1, 4096, 0
3637, 1668280, 1, 4096, 0
3637, 1231104, 1, 4096, 0
3637, 1641691, 1, 4096, 0
3638, 1352406, 1, 4096, 0
3639, 1978878, 1, 4096, 0
3639, 1907254, 1, 4096, 0
3639, 2128091, 1, 4096, 0
3639, 1663038, 1, 4096, 0
3640, 2030387, 1, 4096, 0
3640, 2844226, 1, 4096, 0
3641, 1703443, 1, 4096, 0
3641, 1806079, 1, 4096, 0
3641, 2405372, 1, 4096, 0
3641, 2103235, 1, 4096, 0
3641, 2167590, 1, 4096, 0
3642, 2126681, 1, 4096, 0
3643, 1167650, 1, 4096, 0
3643, 1705162, 1, 4096, 0
3643, 2144503, 1, 4096, 0
3643, 1646189, 1, 4096, 0
3644, 1970721, 1, 4096, 0
3644, 2793409, 1, 4096, 0
3644, 1804413, 1, 4096, 0
3645, 1514899, 1, 4096, 0
3645, 1552638, 1, 4096, 0
3646, 2056426, 1, 4096, 0
3646, 3052154, 1, 4096, 0
3646, 1993897, 1, 4096, 0
3647, 2155416, 1, 4096, 0
3647, 2597847, 1, 4096, 0
3647, 2073091, 1, 4096, 0
3648, 1488369, 1, 4096, 0
3648, 1867097, 1, 4096, 0
3649, 1828423, 1, 4096, 0
3649, 1864579, 1, 4096, 0
3649, 2724800, 1, 4096, 0
3649, 3458652, 1, 4096, 0
3650, 1569820, 1, 4096, 0
3650, 1703070, 1, 4096, 0
3650, 2112702, 1, 4096, 0
3650, 1460190, 1, 4096, 0
3651, 2253360, 1, 4096, 0
3652, 3175581, 1, 4096, 0
3652, 2074338, 1, 4096, 0
3653, 2363810, 1, 4096, 0
3653, 2240094, 1, 4096, 0
3653, 2320184, 1, 4096, 0
3653, 2358565, 1, 4096, 0
3654, 1347418, 1, 4096, 0
3654, 1665021, 1, 4096, 0
3654, 1765286, 1, 4096, 0
3655, 1691339, 1, 4096, 0
3655, 2568899, 1, 4096, 0
3656, 1826629, 1, 4096, 0
3656, 3349717, 1, 4096, 0
3656, 1842885, 1, 4096, 0
3656, 2109348, 1, 4096, 0
3657, 1355789, 1, 4096, 0
3657, 2099844, 1, 4096, 0
3657, 1464448, 1, 4096, 0
3657, 1530154, 1, 4096, 0
3657, 1655970, 1, 4096, 0
3658, 1933152, 1, 4096, 0
3658, 1958583, 1, 4096, 0
3659, 1793667, 1, 4096, 0
3659, 1183801, 1, 4096, 0
3660, 2318559, 1, 4096, 0
3660, 2372867, 1, 4096, 0
3660, 1994069, 1, 4096, 0
3660, 1921314, 1, 4096, 0
3661, 2048289, 1, 4096, 0
3661, 2057579, 1, 4096, 0
3662, 2532228, 1, 4096, 0
3662, 1981588, 1, 4096, 0
3663, 1967144, 1, 4096, 0
3663, 2543962, 1, 4096, 0
3663, 3120210, 1, 4096, 0
3663, 2314013, 1, 4096, 0
3664, 1548835, 1, 4096, 0
3664, 1828860, 1, 4096, 0
3664, 1803434, 1, 4096, 0
3664, 2117142, 1, 4096, 0
3665, 2339045, 1, 4096, 0
3665, 1994111, 1, 4096, 0
3666, 1540829, 1, 4096, 0
3666, 1807021, 1, 4096, 0
3666, 1617889, 1, 4096, 0
3667, 2099517, 1, 4096, 0
3667, 2210936, 1, 4096, 0
3667, 1764461, 1, 4096, 0
3667, 1212029, 1, 4096, 0
3668, 1618842, 1, 4096, 0
3668, 1551654, 1, 4096, 0
3668, 1431855, 1, 4096, 0
3668, 1628417, 1, 4096, 0
3669, 2196849, 1, 4096, 0
3669, 1831663, 1, 4096, 0
3671, 3060211, 1, 4096, 0
3671, 2663340, 1, 4096, 0
3671, 2506663, 1, 4096, 0
3671, 1902684, 1, 4096, 0
3671, 2885004, 1, 4096, 0
3671, 1951521, 1, 4096, 0
3672, 1328668, 1, 4096, 0
3672, 1428507, 1, 4096, 0
3672, 1669211, 1, 4096, 0
3673, 1886193, 1, 4096, 0
3673, 2024165, 1, 4096, 0
3674, 1444364, 1, 4096, 0
3674, 1929556, 1, 4096, 0
3674, 1886249, 1, 4096, 0
3674, 3145647, 1, 4096, 0
3675, 2000908, 1, 4096, 0
3675, 1844708, 1, 4096, 0
3676, 1633468, 1, 4096, 0
3676, 2208140, 1, 4096, 0
3676, 2042235, 1, 4096, 0
3676, 1692007, 1, 4096, 0
3677, 2765842, 1, 4096, 0
3677, 2290298, 1, 4096, 0
3678, 1807129, 1, 4096, 0
3678, 2036777, 1, 4096, 0
3679, 1644468, 1, 4096, 0
3679, 2749661, 1, 4096, 0
3680, 1418460, 1, 4096, 0
3680, 2807690, 1, 4096, 0
3680, 1708776, 1, 4096, 0
3680, 3402906, 1, 4096, 0
3680, 1340282, 1, 4096, 0
3680, 1661960, 1, 4096, 0
3681, 1878680, 1, 4096, 0
3682, 2063446, 1, 4096, 0
3682, 1508126, 1, 4096, 0
3682, 2161022, 1, 4096, 0
3682, 2101259, 1, 4096, 0
3683, 2377733, 1, 4096, 0
3683, 1467418, 1, 4096, 0
3683, 1893311, 1, 4096, 0
3684, 1767641, 1, 4096, 0
3684, 1900837, 1, 4096, 0
3684, 2000675, 1, 4096, 0
3684, 1322374, 1, 4096, 0
3684, 1087952, 1, 4096, 0
3685, 1191766, 1, 4096, 0
3685, 1433307, 1, 4096, 0
3685, 1871805, 1, 4096, 0
3685, 2029664, 1, 4096, 0
3686, 1879927, 1, 4096, 0
3686, 2449820, 1, 4096, 0
3687, 1846705, 1, 4096, 0
3688, 2399947, 1, 4096, 0
3688, 2456476, 1, 4096, 0
3688, 2860395, 1, 4096, 0
3688, 2976085, 1, 4096, 0
3688, 2100683, 1, 4096, 0
3689, 1267449, 1, 4096, 0
3689, 1339780, 1, 4096, 0
3690, 2478668, 1, 4096, 0
3690, 1174548, 1, 4096, 0
3690, 899860, 1, 4096, 0
3691, 2207964, 1, 4096, 0
3691, 1875325, 1, 4096, 0
3691, 2637622, 1, 4096, 0
3691, 1544060, 1, 4096, 0
3692, 2953716, 1, 4096, 0
3692, 1538863, 1, 4096, 0
3693, 1704711, 1, 4096, 0
3693, 2358236, 1, 4096, 0
3693, 2290465, 1, 4096, 0
3693, 2865408, 1, 4096, 0
3694, 1329744, 1, 4096, 0
3694, 1974825, 1, 4096, 0
3694, 1899768, 1, 4096, 0
3694, 1546778, 1, 4096, 0
3696, 1752908, 1, 4096, 0
3697, 3734397, 1, 4096, 0
3697, 2813839, 1, 4096, 0
3697, 1367270, 1, 4096, 0
3697, 3060429, 1, 4096, 0
3698, 3553219, 1, 4096, 0
3698, 4423455, 1, 4096, 0
3699, 1474888, 1, 4096, 0
3699, 1081345, 1, 4096, 0
3699, 1763388, 1, 4096, 0
3700, 1757571, 1, 4096, 0
3700, 2740805, 1, 4096, 0
3700, 1193402, 1, 4096, 0
3700, 3210992, 1, 4096, 0
3701, 1419196, 1, 4096, 0
3701, 2126523, 1, 4096, 0
3701, 1110223, 1, 4096, 0
3701, 2552269, 1, 4096, 0
3702, 1380602, 1, 4096, 0
3702, 1433937, 1, 4096, 0
3702, 1135510, 1, 4096, 0
3702, 1323809, 1, 4096, 0
3703, 1383605, 1, 4096, 0
3704, 1381942, 1, 4096, 0
3704, 2190746, 1, 4096, 0
3704, 2700851, 1, 4096, 0
3704, 2470308, 1, 4096, 0
3705, 2403011, 1, 4096, 0
3705, 1482016, 1, 4096, 0
3705, 2439973, 1, 4096, 0
3706, 1883132, 1, 4096, 0
3706, 1598076, 1, 4096, 0
3706, 2267215, 1, 4096, 0
3706, 1464099, 1, 4096, 0
3706, 1304368, 1, 4096, 0
3707, 1306460, 1, 4096, 0
3708, 1934222, 1, 4096, 0
3708, 1796471, 1, 4096, 0
3708, 1774538, 1, 4096, 0
3708, 1880676, 1, 4096, 0
3708, 1422917, 1, 4096, 0
3708, 1879887, 1, 4096, 0
3709, 1239837, 1, 4096, 0
3709, 1559572, 1, 4096, 0
3710, 1890408, 1, 4096, 0
3710, 2278380, 1, 4096, 0
3710, 1611851, 1, 4096, 0
3711, 1453761, 1, 4096, 0
3711, 1477838, 1, 4096, 0
3711, 3518875, 1, 4096, 0
3711, 2483530, 1, 4096, 0
3712, 1740762, 1, 4096, 0
3712, 1395347, 1, 4096, 0
3712, 1890919, 1, 4096, 0
3713, 1142231, 1, 4096, 0
3713, 1349158, 1, 4096, 0
3713, 1768446, 1, 4096, 0
3714, 1554666, 1, 4096, 0
3714, 1984302, 1, 4096, 0
3714, 1274788, 1, 4096, 0
3714, 2194856, 1, 4096, 0
3714, 1700037, 1, 4096, 0
3715, 1383365, 1, 4096, 0
3715, 1454208, 1, 4096, 0
3716, 1313649, 1, 4096, 0
3716, 1506770, 1, 4096, 0
3716, 800476, 1, 4096, 0
3717, 1664078, 1, 4096, 0
3717, 1264886, 1, 4096, 0
3717, 3141704, 1, 4096, 0
3717, 3370273, 1, 4096, 0
3717, 2612447, 1, 4096, 0
3718, 1763445, 1, 4096, 0
3718, 1371338, 1, 4096, 0
3719, 2295943, 1, 4096, 0
3719, 2139329, 1, 4096, 0
3719, 2256476, 1, 4096, 0
3720, 1019831, 1, 4096, 0
3720, 2076910, 1, 4096, 0
3720, 3162491, 1, 4096, 0
3721, 2891820, 1, 4096, 0
3721, 1820346, 1, 4096, 0
3722, 2472080, 1, 4096, 0
3722, 2358360, 1, 4096, 0
3723, 2620882, 1, 4096, 0
3723, 1859918, 1, 4096, 0
3723, 3110775, 1, 4096, 0
3724, 1892534, 1, 4096, 0
3724, 1464862, 1, 4096, 0
3724, 3326776, 1, 4096, 0
3725, 1624507, 1, 4096, 0
3725, 2986156, 1, 4096, 0
3725, 1857741, 1, 4096, 0
3726, 1284157, 1, 4096, 0
3726, 2142586, 1, 4096, 0
3727, 2022979, 1, 4096, 0
3727, 2372319, 1, 4096, 0
3727, 1649247, 1, 4096, 0
3727, 1921211, 1, 4096, 0
3728, 1883080, 1, 4096, 0
3728, 2390755, 1, 4096, 0
3728, 1646568, 1, 4096, 0
3729, 2191815, 1, 4096, 0
3729, 1995464, 1, 4096, 0
3730, 3071937, 1, 4096, 0
3730, 2643821, 1, 4096, 0
3731, 2643833, 1, 4096, 0
3731, 2002763, 1, 4096, 0
3731, 2841092, 1, 4096, 0
3732, 2554858, 1, 4096, 0
3732, 1601045, 1, 4096, 0
3732, 1816594, 1, 4096, 0
3733, 1711016, 1, 4096, 0
3733, 1878707, 1, 4096, 0
3733, 1346658, 1, 4096, 0
3733, 2360761, 1, 4096, 0
3733, 1482751, 1, 4096, 0
3734, 1563817, 1, 4096, 0
3734, 1256644, 1, 4096, 0
3735, 1884967, 1, 4096, 0
3735, 2149235, 1, 4096, 0
3735, 2145377, 1, 4096, 0
3736, 1956415, 1, 4096, 0
3736, 2200851, 1, 4096, 0
3737, 1793919, 1, 4096, 0
3737, 1615060, 1, 4096, 0
3737, 2231544, 1, 4096, 0
3738, 2592686, 1, 4096, 0
3738, 1256814, 1, 4096, 0
3738, 1701815, 1, 4096, 0
3738, 2826469, 1, 4096, 0
3739, 2932690, 1, 4096, 0
3739, 2591270, 1, 4096, 0
3739, 1428326, 1, 4096, 0
3740, 2352037, 1, 4096, 0
3740, 1708783, 1, 4096, 0
3740, 2146582, 1, 4096, 0
3741, 1374352, 1, 4096, 0
3741, 2203926, 1, 4096, 0
3742, 2239834, 1, 4096, 0
3742, 1434244, 1, 4096, 0
3742, 1770351, 1, 4096, 0
3742, 2446550, 1, 4096, 0
3743, 2554333, 1, 4096, 0
3743, 1388087, 1, 4096, 0
3744, 1700209, 1, 4096, 0
3744, 2084793, 1, 4096, 0
3744, 1645213, 1, 4096, 0
3744, 3762183, 1, 4096, 0
3745, 1307220, 1, 4096, 0
3745, 1802622, 1, 4096, 0
3745, 1600786, 1, 4096, 0
3746, 1463585, 1, 4096, 0
3746, 2139433, 1, 4096, 0
3746, 1489655, 1, 4096, 0
3746, 2221371, 1, 4096, 0
3747, 1544837, 1, 4096, 0
3748, 2392676, 1, 4096, 0
3748, 2632401, 1, 4096, 0
3748, 3186851, 1, 4096, 0
3748, 2237392, 1, 4096, 0
3749, 2279483, 1, 4096, 0
3749, 1791218, 1, 4096, 0
3750, 1757235, 1, 4096, 0
3750, 1638656, 1, 4096, 0
3750, 1381178, 1, 4096, 0
3750, 1922650, 1, 4096, 0
3751, 2386187, 1, 4096, 0
3751, 2813678, 1, 4096, 0
3752, 1713526, 1, 4096, 0
3752, 1742278, 1, 4096, 0
3752, 1625278, 1, 4096, 0
3752, 2350397, 1, 4096, 0
3753, 1608897, 1, 4096, 0
3753, 1894949, 1, 4096, 0
3753, 1515315, 1, 4096, 0
3753, 1519483, 1, 4096, 0
3755, 1651487, 1, 4096, 0
3755, 3050824, 1, 4096, 0
3755, 2592591, 1, 4096, 0
3755, 2309433, 1, 4096, 0
3755, 2209196, 1, 4096, 0
3756, 2541632, 1, 4096, 0
3756, 1691306, 1, 4096, 0
3756, 1525617, 1, 4096, 0
3757, 1566594, 1, 4096, 0
3757, 1030347, 1, 4096, 0
3758, 2630484, 1, 4096, 0
3758, 1820096, 1, 4096, 0
3758, 1770299, 1, 4096, 0
3758, 2738898, 1, 4096, 0
3759, 2071244, 1, 4096, 0
3759, 2039436, 1, 4096, 0
3759, 1521930, 1, 4096, 0
3759, 1742520, 1, 4096, 0
3760, 2078517, 1, 4096, 0
3760, 2309560, 1, 4096, 0
3761, 1700646, 1, 4096, 0
3761, 1530691, 1, 4096, 0
3761, 1854823, 1, 4096, 0
3762, 2288718, 1, 4096, 0
3762, 1653019, 1, 4096, 0
3762, 1130718, 1, 4096, 0
3763, 1063576, 1, 4096, 0
3763, 2603538, 1, 4096, 0
3763, 2103130, 1, 4096, 0
3763, 2718133, 1, 4096, 0
3764, 1384779, 1, 4096, 0
3764, 1054197, 1, 4096, 0
3764, 1572971, 1, 4096, 0
3764, 1364890, 1, 4096, 0
3764, 1574723, 1, 4096, 0
3765, 1974101, 1, 4096, 0
3766, 2029029, 1, 4096, 0
3766, 1864669, 1, 4096, 0
3766, 1532118, 1, 4096, 0
3766, 2079571, 1, 4096, 0
3766, 1792434, 1, 4096, 0
3767, 1430219, 1, 4096, 0
3767, 1351336, 1, 4096, 0
3768, 1797211, 1, 4096, 0
3768, 2556334, 1, 4096, 0
3768, 2207265, 1, 4096, 0
3768, 1411139, 1, 4096, 0
3768, 3381297, 1, 4096, 0
3769, 1210228, 1, 4096, 0
3770, 2171929, 1, 4096, 0
3770, 1338131, 1, 4096, 0
3770, 1345650, 1, 4096, 0
3770, 2221561, 1, 4096, 0
3770, 1929306, 1, 4096, 0
3771, 1531650, 1, 4096, 0
3771, 1412632, 1, 4096, 0
3771, 1818661, 1, 4096, 0
3772, 1431028, 1, 4096, 0
3772, 1565030, 1, 4096, 0
3772, 1078382, 1, 4096, 0
3773, 3279252, 1, 4096, 0
3773, 2243556, 1, 4096, 0
3773, 2005628, 1, 4096, 0
3774, 1796880, 1, 4096, 0
3774, 1729710, 1, 4096, 0
3774, 1500444, 1, 4096, 0
3774, 1441310, 1, 4096, 0
3774, 2688355, 1, 4096, 0
3775, 1329221, 1, 4096, 0
3775, 1489688, 1, 4096, 0
3776, 1367604, 1, 4096, 0
3776, 1594048, 1, 4096, 0
3776, 1924932, 1, 4096, 0
3777, 1660755, 1, 4096, 0
3777, 2643684, 1, 4096, 0
3777, 2859945, 1, 4096, 0
3778, 2001868, 1, 4096, 0
3778, 2179261, 1, 4096, 0
3779, 2467200, 1, 4096, 0
3779, 2356937, 1, 4096, 0
3780, 2604321, 1, 4096, 0
3780, 2133710, 1, 4096, 0
3780, 1813878, 1, 4096, 0
3780, 1562015, 1, 4096, 0
3781, 2753281, 1, 4096, 0
3781, 1642770, 1, 4096, 0
3781, 1320930, 1, 4096, 0
3782, 1964567, 1, 4096, 0
3782, 2002219, 1, 4096, 0
3782, 1709006, 1, 4096, 0
3782, 996320, 1, 4096, 0
3783, 1791405, 1, 4096, 0
3783, 1411807, 1, 4096, 0
3783, 1313452, 1, 4096, 0
3784, 2993083, 1, 4096, 0
3784, 2452579, 1, 4096, 0
3785, 2676426, 1, 4096, 0
3785, 2185001, 1, 4096, 0
3785, 1911721, 1, 4096, 0
3785, 1460547, 1, 4096, 0
3786, 1763135, 1, 4096, 0
3786, 2712896, 1, 4096, 0
3786, 1669361, 1, 4096, 0
3787, 1684603, 1, 4096, 0
3787, 1916998, 1, 4096, 0
3788, 1564170, 1, 4096, 0
3788, 1412801, 1, 4096, 0
3788, 1950105, 1, 4096, 0
3788, 2454337, 1, 4096, 0
3789, 2245106, 1, 4096, 0
3789, 2192914, 1, 4096, 0
3790, 1774626, 1, 4096, 0
3790, 2609619, 1, 4096, 0
3790, 2533594, 1, 4096, 0
3791, 3477629, 1, 4096, 0
3791, 2418474, 1, 4096, 0
3791, 1694717, 1, 4096, 0
3792, 2774097, 1, 4096, 0
3792, 1908054, 1, 4096, 0
3792, 1832925, 1, 4096, 0
3792, 1402950, 1, 4096, 0
3793, 1722894, 1, 4096, 0
3793, 1922289, 1, 4096, 0
3794, 2105182, 1, 4096, 0
3795, 1436326, 1, 4096, 0
3795, 2672903, 1, 4096, 0
3795, 2756793, 1, 4096, 0
3795, 1313383, 1, 4096, 0
3795, 2584008, 1, 4096, 0
3796, 1551541, 1, 4096, 0
3796, 2924179, 1, 4096, 0
3796, 1622647, 1, 4096, 0
3797, 1969610, 1, 4096, 0
3797, 2166814, 1, 4096, 0
3797, 2084160, 1, 4096, 0
3798, 1960888, 1, 4096, 0
3798, 1728408, 1, 4096, 0
3798, 2038028, 1, 4096, 0
3799, 1491685, 1, 4096, 0
3799, 1799991, 1, 4096, 0
3799, 1792900, 1, 4096, 0
3800, 1567500, 1, 4096, 0
3800, 1430273, 1, 4096, 0
3800, 1901592, 1, 4096, 0
3800, 1735412, 1, 4096, 0
3801, 1763800, 1, 4096, 0
3801, 2637016, 1, 4096, 0
3801, 1751319, 1, 4096, 0
3802, 1977008, 1, 4096, 0
3802, 1867019, 1, 4096, 0
3803, 2772730, 1, 4096, 0
3803, 2360429, 1, 4096, 0
3803, 1825786, 1, 4096, 0
3804, 2132488, 1, 4096, 0
3804, 1939162, 1, 4096, 0
3804, 2672740, 1, 4096, 0
3805, 1827588, 1, 4096, 0
3805, 2093200, 1, 4096, 0
3805, 2581312, 1, 4096, 0
3806, 1999317, 1, 4096, 0
3807, 2224117, 1, 4096, 0
3807, 2505463, 1, 4096, 0
3807, 2094835, 1, 4096, 0
3807, 2244979, 1, 4096, 0
3807, 1856208, 1, 4096, 0
3808, 2100778, 1, 4096, 0
3809, 2107674, 1, 4096, 0
3809, 1812606, 1, 4096, 0
3809, 1970443, 1, 4096, 0
3809, 2592213, 1, 4096, 0
3809, 2271933, 1, 4096, 0
3809, 1612870, 1, 4096, 0
3811, 1601862, 1, 4096, 0
3811, 1400167, 1, 4096, 0
3811, 1565015, 1, 4096, 0
3811, 1695813, 1, 4096, 0
3811, 2112899, 1, 4096, 0
3812, 2284182, 1, 4096, 0
3812, 1290127, 1, 4096, 0
3812, 1458012, 1, 4096, 0
3813, 1967131, 1, 4096, 0
3813, 1845127, 1, 4096, 0
3814, 2572011, 1, 4096, 0
3814, 2244433, 1, 4096, 0
3814, 3294862, 1, 4096, 0
3815, 2571773, 1, 4096, 0
3816, 3162490, 1, 4096, 0
3816, 1825104, 1, 4096, 0
3816, 1642580, 1, 4096, 0
3816, 3473356, 1, 4096, 0
3816, 1781981, 1, 4096, 0
3816, 1698292, 1, 4096, 0
3817, 1324038, 1, 4096, 0
3817, 898992, 1, 4096, 0
3818, 1821251, 1, 4096, 0
3818, 1998637, 1, 4096, 0
3818, 1902288, 1, 4096, 0
3819, 2031151, 1, 4096, 0
3819, 2090041, 1, 4096, 0
3819, 3229808, 1, 4096, 0
3820, 2324829, 1, 4096, 0
3820, 1361766, 1, 4096, 0
3821, 2437663, 1, 4096, 0
3821, 2856742, 1, 4096, 0
3821, 2129894, 1, 4096, 0
3822, 2331814, 1, 4096, 0
3822, 1333635, 1, 4096, 0
3822, 1950352, 1, 4096, 0
3822, 1706879, 1, 4096, 0
3823, 1661080, 1, 4096, 0
3823, 2212272, 1, 4096, 0
3824, 1780300, 1, 4096, 0
3824, 2180478, 1, 4096, 0
3824, 1657219, 1, 4096, 0
3824, 2015013, 1, 4096, 0
3825, 1116693, 1, 4096, 0
3825, 1259684, 1, 4096, 0
3825, 2111855, 1, 4096, 0
3825, 1442541, 1, 4096, 0
3826, 1532284, 1, 4096, 0
3826, 3266614, 1, 4096, 0
3827, 2375337, 1, 4096, 0
3827, 1203159, 1, 4096, 0
3827, 2099797, 1, 4096, 0
3828, 1600757, 1, 4096, 0
3828, 1661781, 1, 4096, 0
3828, 2756355, 1, 4096, 0
3828, 1542554, 1, 4096, 0
3829, 1558353, 1, 4096, 0
3829, 2104568, 1, 4096, 0
3830, 1870096, 1, 4096, 0
3830, 1911775, 1, 4096, 0
3830, 2127451, 1, 4096, 0
3830, 1834862, 1, 4096, 0
3831, 2779565, 1, 4096, 0
3832, 2155569, 1, 4096, 0
3832, 3189221, 1, 4096, 0
3833, 2103654, 1, 4096, 0
3833, 2762341, 1, 4096, 0
3833, 2571775, 1, 4096, 0
3833, 1939534, 1, 4096, 0
3834, 1876842, 1, 4096, 0
3834, 1331205, 1, 4096, 0
3834, 2074052, 1, 4096, 0
3835, 1936779, 1, 4096, 0
3835, 2175774, 1, 4096, 0
3835, 1167047, 1, 4096, 0
3835, 2466481, 1, 4096, 0
3836, 1786980, 1, 4096, 0
3836, 2037878, 1, 4096, 0
3836, 1625953, 1, 4096, 0
3837, 1562767, 1, 4096, 0
3837, 1199421, 1, 4096, 0
3837, 2129184, 1, 4096, 0
3838, 2994283, 1, 4096, 0
3839, 2325003, 1, 4096, 0
3839, 3086869, 1, 4096, 0
3839, 2427069, 1, 4096, 0
3839, 1643326, 1, 4096, 0
3840, 2850541, 1, 4096, 0
3840, 2337840, 1, 4096, 0
3841, 2165662, 1, 4096, 0
3841, 2372445, 1, 4096, 0
3842, 2380809, 1, 4096, 0
3842, 2751154, 1, 4096, 0
3842, 2108000, 1, 4096, 0
3843, 2370452, 1, 4096, 0
3843, 1737646, 1, 4096, 0
3843, 2782604, 1, 4096, 0
3843, 1997421, 1, 4096, 0
3844, 2519974, 1, 4096, 0
3844, 2390917, 1, 4096, 0
3845, 2147168, 1, 4096, 0
3846, 2332553, 1, 4096, 0
3846, 1664922, 1, 4096, 0
3846, 1974249, 1, 4096, 0
3847, 3515829, 1, 4096, 0
3847, 1589813, 1, 4096, 0
3847, 1832825, 1, 4096, 0
3847, 1512561, 1, 4096, 0
3848, 1868025, 1, 4096, 0
3848, 4568927, 1, 4096, 0
3849, 2015703, 1, 4096, 0
3849, 2492254, 1, 4096, 0
3849, 2047456, 1, 4096, 0
3850, 2298029, 1, 4096, 0
3850, 2317306, 1, 4096, 0
3851, 1039018, 1, 4096, 0
3851, 2549129, 1, 4096, 0
3852, 3611994, 1, 4096, 0
3852, 1873323, 1, 4096, 0
3852, 1845331, 1, 4096, 0
3852, 2579922, 1, 4096, 0
3853, 3222676, 1, 4096, 0
3853, 1472308, 1, 4096, 0
3854, 1669262, 1, 4096, 0
3854, 1992743, 1, 4096, 0
3855, 2976064, 1, 4096, 0
3855, 2009206, 1, 4096, 0
3855, 2741349, 1, 4096, 0
3856, 2724406, 1, 4096, 0
3856, 1680064, 1, 4096, 0
3856, 1291948, 1, 4096, 0
3856, 1710091, 1, 4096, 0
3856, 2101353, 1, 4096, 0
3857, 1149656, 1, 4096, 0
3857, 1841979, 1, 4096, 0
3857, 1694385, 1, 4096, 0
3857, 1376570, 1, 4096, 0
3858, 1926052, 1, 4096, 0
3858, 1594923, 1, 4096, 0
3859, 1315040, 1, 4096, 0
3859, 1625473, 1, 4096, 0
3859, 2184458, 1, 4096, 0
3859, 1649392, 1, 4096, 0
3860, 1186395, 1, 4096, 0
3860, 1170555, 1, 4096, 0
3860, 1809758, 1, 4096, 0
3861, 2004868, 1, 4096, 0
3861, 1687286, 1, 4096, 0
3861, 2130306, 1, 4096, 0
3861, 1275305, 1, 4096, 0
3862, 2104523, 1, 4096, 0
3862, 2420497, 1, 4096, 0
3862, 1906471, 1, 4096, 0
3863, 2144315, 1, 4096, 0
3863, 2045587, 1, 4096, 0
3863, 2304924, 1, 4096, 0
3863, 1140929, 1, 4096, 0
3864, 1454566, 1, 4096, 0
3865, 2072740, 1, 4096, 0
3865, 2917591, 1, 4096, 0
3866, 3212188, 1, 4096, 0
3866, 1416930, 1, 4096, 0
3866, 3145354, 1, 4096, 0
3867, 3835977, 1, 4096, 0
3867, 2109626, 1, 4096, 0
3867, 2503446, 1, 4096, 0
3868, 1980304, 1, 4096, 0
3868, 1704691, 1, 4096, 0
3868, 2184716, 1, 4096, 0
3869, 1838725, 1, 4096, 0
3870, 2402099, 1, 4096, 0
3870, 2641290, 1, 4096, 0
3870, 2795390, 1, 4096, 0
3870, 2421085, 1, 4096, 0
3870, 2583190, 1, 4096, 0
3871, 1010239, 1, 4096, 0
3872, 2768157, 1, 4096, 0
3872, 1583816, 1, 4096, 0
3872, 2208420, 1, 4096, 0
3873, 2271965, 1, 4096, 0
3873, 2392470, 1, 4096, 0
3873, 1365003, 1, 4096, 0
3873, 1371354, 1, 4096, 0
3873, 1990952, 1, 4096, 0
3874, 1472895, 1, 4096, 0
3875, 1863723, 1, 4096, 0
3875, 1434791, 1, 4096, 0
3875, 2573281, 1, 4096, 0
3875, 2346156, 1, 4096, 0
3876, 2095187, 1, 4096, 0
3876, 3318937, 1, 4096, 0
3876, 1806323, 1, 4096, 0
3877, 1433598, 1, 4096, 0
3877, 2108686, 1, 4096, 0
3878, 2871254, 1, 4096, 0
3878, 2379507, 1, 4096, 0
3878, 1185557, 1, 4096, 0
3879, 2651643, 1, 4096, 0
3879, 1911465, 1, 4096, 0
3880, 1949907, 1, 4096, 0
3880, 2177398, 1, 4096, 0
3880, 2217048, 1, 4096, 0
3880, 2027067, 1, 4096, 0
3881, 1829439, 1, 4096, 0
3881, 1431365, 1, 4096, 0
3881, 1619012, 1, 4096, 0
3881, 1619617, 1, 4096, 0
3881, 1976877, 1, 4096, 0
3881, 1978289, 1, 4096, 0
3882, 1537097, 1, 4096, 0
3882, 1459527, 1, 4096, 0
3883, 1350576, 1, 4096, 0
3884, 2381465, 1, 4096, 0
3884, 2327661, 1, 4096, 0
3884, 1495200, 1, 4096, 0
3884, 1511601, 1, 4096, 0
3885, 2645734, 1, 4096, 0
3885, 3970777, 1, 4096, 0
3885, 1673405, 1, 4096, 0
3886, 2277646, 1, 4096, 0
3886, 1932188, 1, 4096, 0
3886, 1871875, 1, 4096, 0
3887, 1359520, 1, 4096, 0
3887, 1183424, 1, 4096, 0
3888, 1898605, 1, 4096, 0
3888, 1428882, 1, 4096, 0
3888, 2197540, 1, 4096, 0
3889, 2182422, 1, 4096, 0
3889, 3338090, 1, 4096, 0
3889, 3216617, 1, 4096, 0
3889, 1413421, 1, 4096, 0
3890, 1514205, 1, 4096, 0
3891, 2793576, 1, 4096, 0
3891, 3383274, 1, 4096, 0
3891, 2350114, 1, 4096, 0
3891, 2318190, 1, 4096, 0
3892, 2003479, 1, 4096, 0
3892, 1849324, 1, 4096, 0
3893, 2172174, 1, 4096, 0
3893, 1774981, 1, 4096, 0
3894, 2479800, 1, 4096, 0
3894, 2308527, 1, 4096, 0
3894, 2403032, 1, 4096, 0
3894, 1230655, 1, 4096, 0
3895, 1586738, 1, 4096, 0
3895, 2359151, 1, 4096, 0
3895, 1072137, 1, 4096, 0
3895, 1223614, 1, 4096, 0
3895, 1545223, 1, 4096, 0
3896, 1777546, 1, 4096, 0
3896, 1539030, 1, 4096, 0
3896, 1426031, 1, 4096, 0
3896, 1331344, 1, 4096, 0
3897, 2682273, 1, 4096, 0
3897, 2576448, 1, 4096, 0
3898, 1642638, 1, 4096, 0
3898, 1567111, 1, 4096, 0
3898, 1536909, 1, 4096, 0
3898, 1912446, 1, 4096, 0
3899, 2251182, 1, 4096, 0
3899, 2174523, 1, 4096, 0
3899, 1327563, 1, 4096, 0
3900, 2203232, 1, 4096, 0
3900, 1943436, 1, 4096, 0
3901, 1350657, 1, 4096, 0
3901, 1747820, 1, 4096, 0
3902, 3733696, 1, 4096, 0
3902, 1593463, 1, 4096, 0
3903, 2294018, 1, 4096, 0
3903, 2317478, 1, 4096, 0
3903, 3396720, 1, 4096, 0
3903, 1778801, 1, 4096, 0
3904, 3077632, 1, 4096, 0
3904, 1326021, 1, 4096, 0
3904, 1706728, 1, 4096, 0
3904, 2152154, 1, 4096, 0
3904, 1932787, 1, 4096, 0
3906, 1723860, 1, 4096, 0
3906, 1808563, 1, 4096, 0
3906, 1407627, 1, 4096, 0
3906, 1423403, 1, 4096, 0
3906, 2602417, 1, 4096, 0
3907, 2271973, 1, 4096, 0
3907, 1274316, 1, 4096, 0
3907, 1372951, 1, 4096, 0
3908, 1408642, 1, 4096, 0
3908, 1932413, 1, 4096, 0
3908, 1438613, 1, 4096, 0
3908, 2257274, 1, 4096, 0
3909, 1641336, 1, 4096, 0
3909, 1934278, 1, 4096, 0
3909, 1708722, 1, 4096, 0
3910, 1885135, 1, 4096, 0
3910, 1682006, 1, 4096, 0
3911, 1138435, 1, 4096, 0
3911, 2115345, 1, 4096, 0
3912, 1989863, 1, 4096, 0
3912, 2812485, 1, 4096, 0
3912, 2895508, 1, 4096, 0
3912, 1269520, 1, 4096, 0
3913, 2171889, 1, 4096, 0
3913, 1076670, 1, 4096, 0
3913, 5065792, 1, 4096, 0
3913, 1694244, 1, 4096, 0
3914, 2641299, 1, 4096, 0
3915, 1641338, 1, 4096, 0
3915, 2772611, 1, 4096, 0
3915, 2053807, 1, 4096, 0
3915, 2008899, 1, 4096, 0
3916, 2370846, 1, 4096, 0
3916, 1860402, 1, 4096, 0
3916, 1333212, 1, 4096, 0
3917, 1714064, 1, 4096, 0
3917, 1079453, 1, 4096, 0
3917, 1781901, 1, 4096, 0
3917, 2388816, 1, 4096, 0
3917, 2232319, 1, 4096, 0
3918, 1317507, 1, 4096, 0
3919, 1832500, 1, 4096, 0
3919, 2371562, 1, 4096, 0
3919, 1890832, 1, 4096, 0
3920, 1908122, 1, 4096, 0
3920, 2427002, 1, 4096, 0
3920, 2331019, 1, 4096, 0
3921, 1799651, 1, 4096, 0
3921, 1744650, 1, 4096, 0
3921, 2046265, 1, 4096, 0
3922, 1895782, 1, 4096, 0
3922, 2481961, 1, 4096, 0
3922, 2086280, 1, 4096, 0
3923, 1514235, 1, 4096, 0
3923, 1732808, 1, 4096, 0
3923, 2026348, 1, 4096, 0
3924, 1747741, 1, 4096, 0
3925, 2884269, 1, 4096, 0
3925, 2885164, 1, 4096, 0
3925, 3290527, 1, 4096, 0
3926, 2247145, 1, 4096, 0
3926, 2754040, 1, 4096, 0
3926, 1694842, 1, 4096, 0
3926, 1631017, 1, 4096, 0
3926, 1561581, 1, 4096, 0
3927, 1482311, 1, 4096, 0
3928, 1284972, 1, 4096, 0
3928, 1514532, 1, 4096, 0
3928, 3043816, 1, 4096, 0
3928, 2234659, 1, 4096, 0
3929, 2154165, 1, 4096, 0
3929, 2137610, 1, 4096, 0
3929, 1919417, 1, 4096, 0
3930, 2245513, 1, 4096, 0
3930, 2081808, 1, 4096, 0
3931, 3060365, 1, 4096, 0
3931, 2266905, 1, 4096, 0
3931, 1616000, 1, 4096, 0
3931, 1355751, 1, 4096, 0
3932, 2616673, 1, 4096, 0
3932, 1415783, 1, 4096, 0
3932, 1376777, 1, 4096, 0
3933, 1426632, 1, 4096, 0
3934, 3668437, 1, 4096, 0
3934, 2338489, 1, 4096, 0
3934, 2533563, 1, 4096, 0
3934, 1501842, 1, 4096, 0
3934, 1813835, 1, 4096, 0
3935, 1463879, 1, 4096, 0
3935, 1543057, 1, 4096, 0
3936, 1921054, 1, 4096, 0
3936, 2830203, 1, 4096, 0
3937, 1458410, 1, 4096, 0
3937, 2987395, 1, 4096, 0
3937, 1930007, 1, 4096, 0
3937, 1694575, 1, 4096, 0
3938, 3811918, 1, 4096, 0
3938, 1112092, 1, 4096, 0
3938, 1670042, 1, 4096, 0
3938, 1499197, 1, 4096, 0
3938, 971027, 1, 4096, 0
3939, 1692740, 1, 4096, 0
3939, 1338264, 1, 4096, 0
3940, 1653735, 1, 4096, 0
3940, 2045450, 1, 4096, 0
3940, 1789493, 1, 4096, 0
3940, 2297173, 1, 4096, 0
3941, 1927371, 1, 4096, 0
3941, 1789307, 1, 4096, 0
3941, 1431950, 1, 4096, 0
3941, 1723728, 1, 4096, 0
3942, 1984816, 1, 4096, 0
3942, 2054305, 1, 4096, 0
3943, 1747363, 1, 4096, 0
3943, 2192293, 1, 4096, 0
3943, 2104880, 1, 4096, 0
3943, 1421458, 1, 4096, 0
3943, 2089120, 1, 4096, 0
3944, 1108474, 1, 4096, 0
3944, 1742481, 1, 4096, 0
3945, 1546895, 1, 4096, 0
3945, 1499867, 1, 4096, 0
3945, 1183507, 1, 4096, 0
3945, 2112089, 1, 4096, 0
3945, 2111223, 1, 4096, 0
3946, 1412020, 1, 4096, 0
3946, 2185468, 1, 4096, 0
3947, 1827602, 1, 4096, 0
3948, 2148191, 1, 4096, 0
3948, 1084822, 1, 4096, 0
3948, 1750984, 1, 4096, 0
3948, 1823227, 1, 4096, 0
3948, 2834049, 1, 4096, 0
3949, 3831363, 1, 4096, 0
3949, 1569795, 1, 4096, 0
3950, 1984778, 1, 4096, 0
3950, 1360970, 1, 4096, 0
3950, 2006923, 1, 4096, 0
3951, 1962413, 1, 4096, 0
3951, 2493929, 1, 4096, 0
3951, 1342076, 1, 4096, 0
3951, 1693295, 1, 4096, 0
3951, 1816726, 1, 4096, 0
3952, 1693202, 1, 4096, 0
3953, 2022181, 1, 4096, 0
3953, 1469088, 1, 4096, 0
3953, 1633257, 1, 4096, 0
3953, 1967920, 1, 4096, 0
3953, 2911687, 1, 4096, 0
3954, 1218841, 1, 4096, 0
3954, 1528253, 1, 4096, 0
3955, 1827473, 1, 4096, 0
3955, 2434782, 1, 4096, 0
3955, 2403662, 1, 4096, 0
3956, 1193501, 1, 4096, 0
3956, 3405017, 1, 4096, 0
3956, 1891400, 1, 4096, 0
3956, 2057987, 1, 4096, 0
3957, 1428791, 1, 4096, 0
3957, 1929029, 1, 4096, 0
3957, 1897005, 1, 4096, 0
3958, 1780023, 1, 4096, 0
3958, 2132056, 1, 4096, 0
3958, 2471216, 1, 4096, 0
3959, 1503446, 1, 4096, 0
3959, 1620592, 1, 4096, 0
3960, 1608129, 1, 4096, 0
3960, 2664265, 1, 4096, 0
3960, 1245192, 1, 4096, 0
3960, 1725522, 1, 4096, 0
3960, 1385813, 1, 4096, 0
3960, 2014724, 1, 4096, 0
3961, 1813807, 1, 4096, 0
3962, 1646214, 1, 4096, 0
3962, 2100908, 1, 4096, 0
3962, 2124505, 1, 4096, 0
3962, 1850065, 1, 4096, 0
3962, 2112369, 1, 4096, 0
3964, 2202821, 1, 4096, 0
3964, 2130117, 1, 4096, 0
3964, 1949610, 1, 4096, 0
3964, 2194111, 1, 4096, 0
3964, 2260229, 1, 4096, 0
3964, 2110383, 1, 4096, 0
3966, 2145448, 1, 4096, 0
3966, 1963864, 1, 4096, 0
3966, 1727441, 1, 4096, 0
3966, 1399250, 1, 4096, 0
3966, 1730291, 1, 4096, 0
3967, 2287228, 1, 4096, 0
3967, 1425464, 1, 4096, 0
3967, 1413331, 1, 4096, 0
3968, 1955017, 1, 4096, 0
3968, 2375534, 1, 4096, 0
3969, 3077772, 1, 4096, 0
3969, 1736683, 1, 4096, 0
3969, 2117732, 1, 4096, 0
3970, 2266888, 1, 4096, 0
3970, 2517478, 1, 4096, 0
3970, 2173941, 1, 4096, 0
3970, 1507459, 1, 4096, 0
3971, 1845015, 1, 4096, 0
3971, 1869074, 1, 4096, 0
3971, 1961943, 1, 4096, 0
3972, 1344825, 1, 4096, 0
3972, 1718985, 1, 4096, 0
3973, 2267807, 1, 4096, 0
3973, 2371612, 1, 4096, 0
3974, 3581340, 1, 4096, 0
3974, 2450407, 1, 4096, 0
3974, 1892017, 1, 4096, 0
3975, 1794685, 1, 4096, 0
3975, 2932473, 1, 4096, 0
3975, 1397515, 1, 4096, 0
3975, 1445293, 1, 4096, 0
3975, 2694619, 1, 4096, 0
3975, 1489168, 1, 4096, 0
3977, 2135756, 1, 4096, 0
3978, 2371470, 1, 4096, 0
3978, 3326730, 1, 4096, 0
3978, 2577104, 1, 4096, 0
3978, 2726865, 1, 4096, 0
3978, 2879894, 1, 4096, 0
3979, 1469584, 1, 4096, 0
3980, 1915652, 1, 4096, 0
3980, 1574015, 1, 4096, 0
3980, 2293628, 1, 4096, 0
3981, 1081812, 1, 4096, 0
3981, 2554253, 1, 4096, 0
3981, 1911411, 1, 4096, 0
3981, 3262884, 1, 4096, 0
3982, 1805815, 1, 4096, 0
3982, 2680746, 1, 4096, 0
3983, 1804046, 1, 4096, 0
3983, 2205508, 1, 4096, 0
3983, 1685535, 1, 4096, 0
3984, 3395030, 1, 4096, 0
3984, 1465336, 1, 4096, 0
3985, 2002844, 1, 4096, 0
3985, 2288809, 1, 4096, 0
3985, 1768778, 1, 4096, 0
3985, 2977470, 1, 4096, 0
3986, 1144851, 1, 4096, 0
3986, 1755537, 1, 4096, 0
3987, 1600344, 1, 4096, 0
3987, 2191367, 1, 4096, 0
3987, 2555390, 1, 4096, 0
3987, 2731336, 1, 4096, 0
3987, 1489212, 1, 4096, 0
3988, 1425315, 1, 4096, 0
3988, 1283779, 1, 4096, 0
3989, 1718996, 1, 4096, 0
3989, 1834416, 1, 4096, 0
3989, 1766175, 1, 4096, 0
3989, 1235391, 1, 4096, 0
3989, 2559045, 1, 4096, 0
3990, 1271748, 1, 4096, 0
3990, 1182129, 1, 4096, 0
3990, 1764787, 1, 4096, 0
3991, 1489146, 1, 4096, 0
3991, 2305804, 1, 4096, 0
3991, 1834668, 1, 4096, 0
3991, 1075689, 1, 4096, 0
3992, 1463060, 1, 4096, 0
3992, 2005843, 1, 4096, 0
3992, 1445356, 1, 4096, 0
3992, 1592855, 1, 4096, 0
3993, 2622952, 1, 4096, 0
3994, 3275448, 1, 4096, 0
3994, 1404325, 1, 4096, 0
3994, 1404056, 1, 4096, 0
3994, 2217302, 1, 4096, 0
3995, 2183265, 1, 4096, 0
3995, 1320237, 1, 4096, 0
3996, 1866867, 1, 4096, 0
3996, 1934114, 1, 4096, 0
3996, 1419290, 1, 4096, 0
3996, 2011846, 1, 4096, 0
3996, 1348001, 1, 4096, 0
3997, 1800742, 1, 4096, 0
3997, 1338862, 1, 4096, 0
3998, 1946000, 1, 4096, 0
3998, 1453582, 1, 4096, 0
3998, 2381780, 1, 4096, 0
3998, 2575394, 1, 4096, 0
3999, 1340013, 1, 4096, 0
3999, 3250732, 1, 4096, 0
4000, 2402763, 1, 4096, 0
4000, 1602242, 1, 4096, 0
4001, 2488680, 1, 4096, 0
4001, 1900573, 1, 4096, 0
4001, 2263799, 1, 4096, 0
4002, 1787981, 1, 4096, 0
4002, 3546111, 1, 4096, 0
4002, 2299451, 1, 4096, 0
4002, 1587628, 1, 4096, 0
4002, 1502519, 1, 4096, 0
4003, 1197106, 1, 4096, 0
4003, 2068447, 1, 4096, 0
4003, 1612443, 1, 4096, 0
4004, 1231124, 1, 4096, 0
4004, 2634325, 1, 4096, 0
4004, 2339449, 1, 4096, 0
4005, 1397978, 1, 4096, 0
4005, 1688018, 1, 4096, 0
4005, 1692265, 1, 4096, 0
4006, 2116336, 1, 4096, 0
4006, 1765854, 1, 4096, 0
4006, 1719460, 1, 4096, 0
4006, 1153664, 1, 4096, 0
4006, 1587825, 1, 4096, 0
4006, 1404874, 1, 4096, 0
4008, 1868055, 1, 4096, 0
4008, 1774937, 1, 4096, 0
4008, 1720480, 1, 4096, 0
4008, 2359503, 1, 4096, 0
4009, 2227361, 1, 4096, 0
4009, 2730757, 1, 4096, 0
4010, 1882655, 1, 4096, 0
4010, 2301199, 1, 4096, 0
4010, 2732811, 1, 4096, 0
4011, 2059624, 1, 4096, 0
4011, 2194937, 1, 4096, 0
4011, 1936445, 1, 4096, 0
4012, 1903445, 1, 4096, 0
4012, 1405355, 1, 4096, 0
4012, 1415131, 1, 4096, 0
4012, 1313540, 1, 4096, 0
4012, 2387820, 1, 4096, 0
4013, 1611185, 1, 4096, 0
4013, 1040053, 1, 4096, 0
4013, 1027694, 1, 4096, 0
4013, 1569812, 1, 4096, 0
4014, 1340150, 1, 4096, 0
4014, 1416961, 1, 4096, 0
4014, 1758662, 1, 4096, 0
4015, 1575477, 1, 4096, 0
4015, 1484321, 1, 4096, 0
4016, 2620560, 1, 4096, 0
4016, 3591512, 1, 4096, 0
4016, 1420523, 1, 4096, 0
4016, 1781710, 1, 4096, 0
4016, 1338571, 1, 4096, 0
4018, 1238683, 1, 4096, 0
4018, 2149475, 1, 4096, 0
4018, 2350619, 1, 4096, 0
4018, 2310445, 1, 4096, 0
4018, 3187208, 1, 4096, 0
4019, 2726133, 1, 4096, 0
4019, 1190062, 1, 4096, 0
4019, 1506913, 1, 4096, 0
4020, 1473477, 1, 4096, 0
4020, 1586656, 1, 4096, 0
4020, 2419954, 1, 4096, 0
4021, 1905561, 1, 4096, 0
4021, 1665245, 1, 4096, 0
4021, 2010715, 1, 4096, 0
4021, 1438072, 1, 4096, 0
4022, 1395242, 1, 4096, 0
4023, 1787969, 1, 4096, 0
4023, 2921533, 1, 4096, 0
4023, 1329003, 1, 4096, 0
4023, 2601597, 1, 4096, 0
4023, 1907039, 1, 4096, 0
4024, 1791413, 1, 4096, 0
4024, 1363219, 1, 4096, 0
4025, 1980728, 1, 4096, 0
4025, 2142281, 1, 4096, 0
4025, 2223947, 1, 4096, 0
4025, 2029227, 1, 4096, 0
4026, 1745991, 1, 4096, 0
4026, 2301219, 1, 4096, 0
4027, 1754944, 1, 4096, 0
4027, 2063670, 1, 4096, 0
4027, 2252037, 1, 4096, 0
4027, 1761974, 1, 4096, 0
4027, 1291353, 1, 4096, 0
4028, 1775358, 1, 4096, 0
4029, 1510936, 1, 4096, 0
4029, 1595887, 1, 4096, 0
4029, 2077746, 1, 4096, 0
4029, 1652011, 1, 4096, 0
4029, 3451835, 1, 4096, 0
4030, 1260650, 1, 4096, 0
4030, 1627599, 1, 4096, 0
4030, 1456076, 1, 4096, 0
4030, 1968009, 1, 4096, 0
4031, 2414797, 1, 4096, 0
4031, 1730444, 1, 4096, 0
4032, 1141647, 1, 4096, 0
4032, 1616268, 1, 4096, 0
4032, 2094755, 1, 4096, 0
4032, 1667989, 1, 4096, 0
4033, 2355966, 1, 4096, 0
4033, 1793067, 1, 4096, 0
4034, 2633822, 1, 4096, 0
4034, 1763534, 1, 4096, 0
4034, 1695178, 1, 4096, 0
4034, 1736380, 1, 4096, 0
4035, 1233181, 1, 4096, 0
4035, 1351313, 1, 4096, 0
4035, 1691858, 1, 4096, 0
4035, 1514254, 1, 4096, 0
4036, 1959728, 1, 4096, 0
4036, 2187741, 1, 4096, 0
4036, 1444078, 1, 4096, 0
4037, 2257742, 1, 4096, 0
4037, 1873356, 1, 4096, 0
4037, 2414912, 1, 4096, 0
4038, 1801703, 1, 4096, 0
4038, 2169927, 1, 4096, 0
4038, 2724836, 1, 4096, 0
4039, 1391442, 1, 4096, 0
4039, 1846159, 1, 4096, 0
4040, 2450571, 1, 4096, 0
4040, 1892449, 1, 4096, 0
4040, 1729068, 1, 4096, 0
4040, 1906551, 1, 4096, 0
4041, 2431339, 1, 4096, 0
4041, 2053282, 1, 4096, 0
4042, 1590970, 1, 4096, 0
4042, 2156082, 1, 4096, 0
4042, 2155514, 1, 4096, 0
4042, 2646062, 1, 4096, 0
4042, 1325612, 1, 4096, 0
4043, 2869830, 1, 4096, 0
4043, 1235423, 1, 4096, 0
4044, 1835962, 1, 4096, 0
4044, 2225321, 1, 4096, 0
4044, 2255308, 1, 4096, 0
4045, 2233647, 1, 4096, 0
4046, 2554514, 1, 4096, 0
4046, 2422473, 1, 4096, 0
4046, 1724770, 1, 4096, 0
4046, 1886405, 1, 4096, 0
4046, 1913981, 1, 4096, 0
4046, 2350473, 1, 4096, 0
4048, 1855273, 1, 4096, 0
4048, 1525601, 1, 4096, 0
4048, 2529094, 1, 4096, 0
4048, 2237392, 1, 4096, 0
4049, 2064832, 1, 4096, 0
4049, 2183753, 1, 4096, 0
4049, 1207148, 1, 4096, 0
4049, 1484419, 1, 4096, 0
4050, 1278193, 1, 4096, 0
4050, 1698645, 1, 4096, 0
4050, 1826101, 1, 4096, 0
4051, 2414345, 1, 4096, 0
4051, 2517312, 1, 4096, 0
4051, 1539478, 1, 4096, 0
4051, 1101797, 1, 4096, 0
4052, 1268414, 1, 4096, 0
4052, 1601192, 1, 4096, 0
4053, 1442203, 1, 4096, 0
4053, 1846106, 1, 4096, 0
4053, 2172692, 1, 4096, 0
4054, 3129527, 1, 4096, 0
4054, 2311849, 1, 4096, 0
4054, 2747307, 1, 4096, 0
4054, 1526428, 1, 4096, 0
4055, 1943580, 1, 4096, 0
4055, 1940734, 1, 4096, 0
4056, 1457646, 1, 4096, 0
4056, 1871915, 1, 4096, 0
4057, 2355900, 1, 4096, 0
4057, 1730208, 1, 4096, 0
4058, 3590052, 1, 4096, 0
4058, 2966186, 1, 4096, 0
4058, 3035856, 1, 4096, 0
4059, 1843319, 1, 4096, 0
4059, 3008494, 1, 4096, 0
4059, 1867066, 1, 4096, 0
4059, 1538339, 1, 4096, 0
4060, 2448158, 1, 4096, 0
4060, 2064128, 1, 4096, 0
4061, 2051909, 1, 4096, 0
4061, 1690681, 1, 4096, 0
4061, 2154279, 1, 4096, 0
4061, 1259402, 1, 4096, 0
4061, 2212521, 1, 4096, 0
4062, 2033196, 1, 4096, 0
4062, 1701635, 1, 4096, 0
4062, 1435080, 1, 4096, 0
4063, 1203875, 1, 4096, 0
4063, 1694302, 1, 4096, 0
4063, 936001, 1, 4096, 0
4063, 1804651, 1, 4096, 0
4065, 2028491, 1, 4096, 0
4065, 2715906, 1, 4096, 0
4066, 2269253, 1, 4096, 0
4066, 3254010, 1, 4096, 0
4066, 2553760, 1, 4096, 0
4066, 3785113, 1, 4096, 0
4067, 1489836, 1, 4096, 0
4067, 1349707, 1, 4096, 0
4067, 1579553, 1, 4096, 0
4067, 1700180, 1, 4096, 0
4067, 2136567, 1, 4096, 0
4068, 1438502, 1, 4096, 0
4069, 1523034, 1, 4096, 0
4069, 1347888, 1, 4096, 0
4069, 1610855, 1, 4096, 0
4069, 1809564, 1, 4096, 0
4070, 2868839, 1, 4096, 0
4070, 2707017, 1, 4096, 0
4070, 1255748, 1, 4096, 0
4070, 1564088, 1, 4096, 0
4071, 1950697, 1, 4096, 0
4071, 2628877, 1, 4096, 0
4072, 1786389, 1, 4096, 0
4072, 2387933, 1, 4096, 0
4072, 2082190, 1, 4096, 0
4073, 2858973, 1, 4096, 0
4073, 1656142, 1, 4096, 0
4073, 2115115, 1, 4096, 0
4073, 1920541, 1, 4096, 0
4074, 1829732, 1, 4096, 0
4074, 1043482, 1, 4096, 0
4074, 2098399, 1, 4096, 0
4075, 1409763, 1, 4096, 0
4075, 1818435, 1, 4096, 0
4076, 1578880, 1, 4096, 0
4076, 1645405, 1, 4096, 0
4076, 1672826, 1, 4096, 0
4076, 1505115, 1, 4096, 0
4077, 1901417, 1, 4096, 0
4078, 4516554, 1, 4096, 0
4078, 2063398, 1, 4096, 0
4078, 2131857, 1, 4096, 0
4078, 2529506, 1, 4096, 0
4078, 2102326, 1, 4096, 0
4080, 2836911, 1, 4096, 0
4080, 2076546, 1, 4096, 0
4080, 2298622, 1, 4096, 0
4080, 1727320, 1, 4096, 0
4080, 2153028, 1, 4096, 0
4080, 1756332, 1, 4096, 0
4081, 1040819, 1, 4096, 0
4081, 1262823, 1, 4096, 0
4082, 1906935, 1, 4096, 0
4082, 1675735, 1, 4096, 0
4082, 1917842, 1, 4096, 0
4082, 1442914, 1, 4096, 0
4083, 2339789, 1, 4096, 0
4083, 1644858, 1, 4096, 0
4083, 1483321, 1, 4096, 0
4084, 1459554, 1, 4096, 0
4084, 1717814, 1, 4096, 0
4084, 2650084, 1, 4096, 0
4084, 2291111, 1, 4096, 0
4086, 3167193, 1, 4096, 0
4086, 1484983, 1, 4096, 0
4087, 2632508, 1, 4096, 0
4087, 3638418, 1, 4096, 0
4087, 3072787, 1, 4096, 0
4087, 2767650, 1, 4096, 0
4088, 2203785, 1, 4096, 0
4088, 2595324, 1, 4096, 0
4089, 1597195, 1, 4096, 0
4089, 1738999, 1, 4096, 0
4089, 1989564, 1, 4096, 0
4089, 2394696, 1, 4096, 0
4090, 1665299, 1, 4096, 0
4091, 2158714, 1, 4096, 0
4091, 1369904, 1, 4096, 0
4091, 1880229, 1, 4096, 0
4091, 2417455, 1, 4096, 0
4092, 1950943, 1, 4096, 0
4092, 1534413, 1, 4096, 0
4092, 1505344, 1, 4096, 0
4092, 1253014, 1, 4096, 0
4093, 4408403, 1, 4096, 0
4093, 1707320, 1, 4096, 0
4094, 1771665, 1, 4096, 0
4094, 3072068, 1, 4096, 0
4094, 1105171, 1, 4096, 0
4094, 2157119, 1, 4096, 0
4095, 1478018, 1, 4096, 0
4095, 1186312, 1, 4096, 0
4095, 940416, 1, 4096, 0
4096, 3653820, 1, 4096, 0
4096, 1515339, 1, 4096, 0
4096, 2531123, 1, 4096, 0
4097, 1750008, 1, 4096, 0
4097, 1911705, 1, 4096, 0
4098, 1808128, 1, 4096, 0
4098, 1833048, 1, 4096, 0
4098, 1469122, 1, 4096, 0
4098, 3013468, 1, 4096, 0
4098, 1786162, 1, 4096, 0
4099, 2007391, 1, 4096, 0
4100, 1808554, 1, 4096, 0
4100, 1338436, 1, 4096, 0
4100, 1472210, 1, 4096, 0
4100, 930122, 1, 4096, 0
4100, 2086591, 1, 4096, 0
4100, 2741289, 1, 4096, 0
4101, 1166195, 1, 4096, 0
4101, 1746974, 1, 4096, 0
4102, 1928680, 1, 4096, 0
4102, 1814938, 1, 4096, 0
4102, 1807490, 1, 4096, 0
4102, 1476048, 1, 4096, 0
4103, 2463903, 1, 4096, 0
4103, 2019681, 1, 4096, 0
4103, 1679366, 1, 4096, 0
4104, 1772425, 1, 4096, 0
4104, 1631873, 1, 4096, 0
4104, 1696911, 1, 4096, 0
4104, 1057817, 1, 4096, 0
4105, 1568979, 1, 4096, 0
4106, 1953593, 1, 4096, 0
4106, 1126384, 1, 4096, 0
4106, 1309852, 1, 4096, 0
4106, 2381370, 1, 4096, 0
4106, 2259052, 1, 4096, 0
4107, 2657573, 1, 4096, 0
4108, 1621913, 1, 4096, 0
4108, 1863494, 1, 4096, 0
4108, 2306135, 1, 4096, 0
4108, 2312946, 1, 4096, 0
4108, 2426977, 1, 4096, 0
4108, 1753376, 1, 4096, 0
4109, 1390414, 1, 4096, 0
4110, 2052393, 1, 4096, 0
4110, 2089554, 1, 4096, 0
4110, 1644805, 1, 4096, 0
4110, 1350510, 1, 4096, 0
4111, 1212360, 1, 4096, 0
4111, 1502197, 1, 4096, 0
4112, 1994244, 1, 4096, 0
4112, 2104815, 1, 4096, 0
4112, 3897025, 1, 4096, 0
4112, 2767951, 1, 4096, 0
4112, 1344929, 1, 4096, 0
4112, 1331351, 1, 4096, 0
4113, 1039618, 1, 4096, 0
4114, 1842886, 1, 4096, 0
4114, 1956051, 1, 4096, 0
4114, 1763739, 1, 4096, 0
4114, 2416991, 1, 4096, 0
4115, 2679213, 1, 4096, 0
4115, 1291123, 1, 4096, 0
4115, 1795770, 1, 4096, 0
4116, 1731480, 1, 4096, 0
4116, 2146904, 1, 4096, 0
4116, 1794352, 1, 4096, 0
4116, 1406782, 1, 4096, 0
4117, 1387476, 1, 4096, 0
4117, 1587047, 1, 4096, 0
4117, 2276591, 1, 4096, 0
4118, 2287489, 1, 4096, 0
4118, 2513135, 1, 4096, 0
4118, 2204435, 1, 4096, 0
4119, 1897978, 1, 4096, 0
4119, 1734887, 1, 4096, 0
4119, 942596, 1, 4096, 0
4119, 1840034, 1, 4096, 0
4119, 965187, 1, 4096, 0
4120, 2184591, 1, 4096, 0
4121, 1666616, 1, 4096, 0
4121, 1553881, 1, 4096, 0
4121, 2054035, 1, 4096, 0
4121, 1591527, 1, 4096, 0
4121, 1485812, 1, 4096, 0
4121, 1662380, 1, 4096, 0
4123, 1918690, 1, 4096, 0
4123, 2060707, 1, 4096, 0
4123, 2014842, 1, 4096, 0
4123, 2135521, 1, 4096, 0
4124, 3142014, 1, 4096, 0
4124, 1265415, 1, 4096, 0
4124, 2841580, 1, 4096, 0
4124, 1424606, 1, 4096, 0
4124, 1413240, 1, 4096, 0
4125, 1835909, 1, 4096, 0
4126, 1357054, 1, 4096, 0
4126, 2332083, 1, 4096, 0
4127, 2109557, 1, 4096, 0
4127, 2348646, 1, 4096, 0
4127, 2639622, 1, 4096, 0
4127, 1110599, 1, 4096, 0
4128, 3321401, 1, 4096, 0
4128, 1771937, 1, 4096, 0
4129, 1722298, 1, 4096, 0
4129, 1264885, 1, 4096, 0
4129, 2977637, 1, 4096, 0
4129, 2847623, 1, 4096, 0
4130, 1997903, 1, 4096, 0
4130, 1236804, 1, 4096, 0
4130, 1304055, 1, 4096, 0
4131, 2363348, 1, 4096, 0
4131, 1866987, 1, 4096, 0
4132, 1956635, 1, 4096, 0
4132, 3272018, 1, 4096, 0
4132, 1720567, 1, 4096, 0
4132, 1990996, 1, 4096, 0
4132, 1232954, 1, 4096, 0
4133, 1705500, 1, 4096, 0
4134, 1994715, 1, 4096, 0
4134, 2152660, 1, 4096, 0
4134, 2221362, 1, 4096, 0
4134, 1692495, 1, 4096, 0
4134, 1855595, 1, 4096, 0
4136, 2592149, 1, 4096, 0
4136, 1998736, 1, 4096, 0
4136, 1782782, 1, 4096, 0
4136, 1858902, 1, 4096, 0
4137, 2965619, 1, 4096, 0
4137, 1397972, 1, 4096, 0
4137, 1598634, 1, 4096, 0
4138, 1801417, 1, 4096, 0
4138, 3702391, 1, 4096, 0
4138, 1937906, 1, 4096, 0
4138, 1454021, 1, 4096, 0
4139, 1585957, 1, 4096, 0
4139, 1576476, 1, 4096, 0
4139, 1898317, 1, 4096, 0
4139, 1576447, 1, 4096, 0
4140, 2685191, 1, 4096, 0
4140, 1269922, 1, 4096, 0
4141, 2065266, 1, 4096, 0
4141, 1804540, 1, 4096, 0
4141, 1841751, 1, 4096, 0
4141, 1313958, 1, 4096, 0
4141, 2083371, 1, 4096, 0
4142, 1142509, 1, 4096, 0
4142, 1891360, 1, 4096, 0
4143, 1293520, 1, 4096, 0
4143, 1674785, 1, 4096, 0
4143, 1757137, 1, 4096, 0
4143, 1882541, 1, 4096, 0
4143, 1508864, 1, 4096, 0
4144, 1279833, 1, 4096, 0
4144, 1492633, 1, 4096, 0
4145, 1916335, 1, 4096, 0
4146, 2701905, 1, 4096, 0
4146, 3056962, 1, 4096, 0
4146, 2072821, 1, 4096, 0
4146, 3068273, 1, 4096, 0
4147, 2929266, 1, 4096, 0
4147, 1162630, 1, 4096, 0
4147, 2114659, 1, 4096, 0
4147, 1341745, 1, 4096, 0
4148, 2050914, 1, 4096, 0
4148, 1269319, 1, 4096, 0
4149, 2552405, 1, 4096, 0
4149, 2255264, 1, 4096, 0
4150, 1927364, 1, 4096, 0
4150, 3279284, 1, 4096, 0
4150, 2047956, 1, 4096, 0
4150, 3581441, 1, 4096, 0
4150, 1753028, 1, 4096, 0
4151, 1444593, 1, 4096, 0
4151, 1270340, 1, 4096, 0
4151, 1615461, 1, 4096, 0
4153, 2442138, 1, 4096, 0
4153, 2186652, 1, 4096, 0
4153, 2193657, 1, 4096, 0
4153, 1264458, 1, 4096, 0
4153, 2334519, 1, 4096, 0
4153, 1497846, 1, 4096, 0
4154, 1544419, 1, 4096, 0
4155, 1999542, 1, 4096, 0
4155, 1784217, 1, 4096, 0
4155, 2152086, 1, 4096, 0
4155, 2008198, 1, 4096, 0
4156, 1365606, 1, 4096, 0
4156, 1322506, 1, 4096, 0
4157, 3770945, 1, 4096, 0
4157, 1968487, 1, 4096, 0
4157, 934978, 1, 4096, 0
4158, 3492780, 1, 4096, 0
4158, 1897669, 1, 4096, 0
4158, 3335420, 1, 4096, 0
4158, 1641369, 1, 4096, 0
4159, 2371105, 1, 4096, 0
4159, 1641382, 1, 4096, 0
4159, 1347803, 1, 4096, 0
4160, 1863325, 1, 4096, 0
4160, 1673522, 1, 4096, 0
4160, 1564192, 1, 4096, 0
4161, 1725995, 1, 4096, 0
4161, 1777269, 1, 4096, 0
4162, 3603657, 1, 4096, 0
4162, 1270652, 1, 4096, 0
4162, 2385512, 1, 4096, 0
4163, 2067224, 1, 4096, 0
4163, 2802494, 1, 4096, 0
4163, 2166330, 1, 4096, 0
4163, 1468265, 1, 4096, 0
4163, 1238819, 1, 4096, 0
4164, 1256067, 1, 4096, 0
4164, 1797081, 1, 4096, 0
4165, 1901028, 1, 4096, 0
4165, 1989075, 1, 4096, 0
4166, 2330374, 1, 4096, 0
4166, 2537812, 1, 4096, 0
4166, 2130484, 1, 4096, 0
4166, 1702810, 1, 4096, 0
4167, 1858338, 1, 4096, 0
4167, 1309690, 1, 4096, 0
4167, 1555567, 1, 4096, 0
4167, 3128881, 1, 4096, 0
4168, 1598543, 1, 4096, 0
4169, 2937162, 1, 4096, 0
4169, 2289965, 1, 4096, 0
4169, 2009507, 1, 4096, 0
4170, 3602975, 1, 4096, 0
4170, 1763166, 1, 4096, 0
4171, 2951270, 1, 4096, 0
4172, 1482570, 1, 4096, 0
4172, 2959596, 1, 4096, 0
4172, 2826595, 1, 4096, 0
4172, 5118521, 1, 4096, 0
4173, 1940371, 1, 4096, 0
4173, 775471, 1, 4096, 0
4173, 2790671, 1, 4096, 0
4174, 1312711, 1, 4096, 0
4174, 2180685, 1, 4096, 0
4174, 1032450, 1, 4096, 0
4174, 1910105, 1, 4096, 0
4175, 1910564, 1, 4096, 0
4175, 2315982, 1, 4096, 0
4175, 1211911, 1, 4096, 0
4176, 1320345, 1, 4096, 0
4176, 2254585, 1, 4096, 0
4176, 1674545, 1, 4096, 0
4177, 2719101, 1, 4096, 0
4177, 1504163, 1, 4096, 0
4177, 1879899, 1, 4096, 0
4179, 2000376, 1, 4096, 0
4179, 3339680, 1, 4096, 0
4179, 2997640, 1, 4096, 0
4179, 1819874, 1, 4096, 0
4179, 2159679, 1, 4096, 0
4180, 3634587, 1, 4096, 0
4180, 1482798, 1, 4096, 0
4181, 1804197, 1, 4096, 0
4181, 2175464, 1, 4096, 0
4181, 2221126, 1, 4096, 0
4181, 2783357, 1, 4096, 0
4181, 1232042, 1, 4096, 0
4182, 1182462, 1, 4096, 0
4183, 2625126, 1, 4096, 0
4184, 1704430, 1, 4096, 0
4184, 2609126, 1, 4096, 0
4184, 2792195, 1, 4096, 0
4184, 2869296, 1, 4096, 0
4184, 1281359, 1, 4096, 0
4184, 3102983, 1, 4096, 0
4185, 1312868, 1, 4096, 0
4185, 1352146, 1, 4096, 0
4186, 1413056, 1, 4096, 0
4186, 1669962, 1, 4096, 0
4186, 1873837, 1, 4096, 0
4186, 2179124, 1, 4096, 0
4187, 1885426, 1, 4096, 0
4187, 1691354, 1, 4096, 0
4187, 1349128, 1, 4096, 0
4187, 1825153, 1, 4096, 0
4188, 1422797, 1, 4096, 0
4188, 2127408, 1, 4096, 0
4189, 1360422, 1, 4096, 0
4189, 2090430, 1, 4096, 0
4189, 1887536, 1, 4096, 0
4190, 2354804, 1, 4096, 0
4190, 1787260, 1, 4096, 0
4190, 3341981, 1, 4096, 0
4191, 2159847, 1, 4096, 0
4191, 1903100, 1, 4096, 0
4192, 2276963, 1, 4096, 0
4192, 1760179, 1, 4096, 0
4192, 1806355, 1, 4096, 0
4192, 1869795, 1, 4096, 0
4193, 2074157, 1, 4096, 0
4193, 2175394, 1, 4096, 0
4193, 1686396, 1, 4096, 0
4194, 1606639, 1, 4096, 0
4194, 2026734, 1, 4096, 0
4194, 2362320, 1, 4096, 0
4194, 1666078, 1, 4096, 0
4195, 1776051, 1, 4096, 0
4195, 1456694, 1, 4096, 0
4195, 815390, 1, 4096, 0
4195, 1060336, 1, 4096, 0
4196, 1982655, 1, 4096, 0
4196, 1210456, 1, 4096, 0
4197, 1880402, 1, 4096, 0
4197, 2919624, 1, 4096, 0
4197, 2067303, 1, 4096, 0
4197, 1527147, 1, 4096, 0
4198, 1968908, 1, 4096, 0
4198, 2219995, 1, 4096, 0
4198, 1554755, 1, 4096, 0
4199, 1651131, 1, 4096, 0
4200, 2747477, 1, 4096, 0
4200, 1752126, 1, 4096, 0
4200, 2601994, 1, 4096, 0
4200, 2601937, 1, 4096, 0
4200, 2706498, 1, 4096, 0
4201, 2053135, 1, 4096, 0
4202, 1804272, 1, 4096, 0
4202, 2014734, 1, 4096, 0
4202, 2323416, 1, 4096, 0
4203, 1562850, 1, 4096, 0
4203, 2913801, 1, 4096, 0
4203, 2215020, 1, 4096, 0
4204, 3436291, 1, 4096, 0
4204, 1400371, 1, 4096, 0
4204, 1954134, 1, 4096, 0
4205, 1559296, 1, 4096, 0
4205, 1922814, 1, 4096, 0
4205, 1950686, 1, 4096, 0
4205, 1783764, 1, 4096, 0
4206, 2745076, 1, 4096, 0
4207, 1627513, 1, 4096, 0
4207, 1658518, 1, 4096, 0
4207, 3038048, 1, 4096, 0
4207, 1833535, 1, 4096, 0
4207, 1703372, 1, 4096, 0
4207, 1186679, 1, 4096, 0
4209, 1483695, 1, 4096, 0
4209, 1915386, 1, 4096, 0
4209, 2039221, 1, 4096, 0
4209, 2151017, 1, 4096, 0
4209, 2208821, 1, 4096, 0
4210, 2523729, 1, 4096, 0
4211, 1634380, 1, 4096, 0
4211, 1655237, 1, 4096, 0
4211, 1643900, 1, 4096, 0
4211, 2176697, 1, 4096, 0
4211, 2222881, 1, 4096, 0
4211, 1401995, 1, 4096, 0
4212, 1219089, 1, 4096, 0
4212, 1091607, 1, 4096, 0
4212, 1725172, 1, 4096, 0
4213, 1258172, 1, 4096, 0
4213, 1730290, 1, 4096, 0
4213, 2201687, 1, 4096, 0
4213, 1365429, 1, 4096, 0
4214, 2095938, 1, 4096, 0
4214, 1715978, 1, 4096, 0
4215, 2025868, 1, 4096, 0
4215, 1523253, 1, 4096, 0
4215, 2133681, 1, 4096, 0
4215, 2153851, 1, 4096, 0
4216, 1382383, 1, 4096, 0
4216, 1253891, 1, 4096, 0
4216, 2268593, 1, 4096, 0
4217, 2582907, 1, 4096, 0
4217, 1550355, 1, 4096, 0
4218, 2363594, 1, 4096, 0
4218, 1734779, 1, 4096, 0
4218, 2008499, 1, 4096, 0
4218, 1944282, 1, 4096, 0
4218, 1533719, 1, 4096, 0
4219, 2187561, 1, 4096, 0
4219, 1363979, 1, 4096, 0
4219, 1345027, 1, 4096, 0
4220, 1836775, 1, 4096, 0
4220, 1925799, 1, 4096, 0
4220, 1845856, 1, 4096, 0
4220, 1401164, 1, 4096, 0
4221, 2093214, 1, 4096, 0
4222, 1767829, 1, 4096, 0
4222, 2595949, 1, 4096, 0
4222, 2153139, 1, 4096, 0
4222, 2370244, 1, 4096, 0
4224, 3476839, 1, 4096, 0
4224, 2276036, 1, 4096, 0
4224, 2454169, 1, 4096, 0
4225, 2249019, 1, 4096, 0
4225, 2713176, 1, 4096, 0
4225, 3545090, 1, 4096, 0
4226, 1958534, 1, 4096, 0
4226, 2146258, 1, 4096, 0
4226, 1931242, 1, 4096, 0
4227, 2204862, 1, 4096, 0
4227, 2409061, 1, 4096, 0
4227, 2464798, 1, 4096, 0
4227, 1571535, 1, 4096, 0
4227, 1058062, 1, 4096, 0
4228, 1205508, 1, 4096, 0
4228, 1312285, 1, 4096, 0
4228, 2127002, 1, 4096, 0
4229, 1726048, 1, 4096, 0
4229, 2502840, 1, 4096, 0
4229, 2091006, 1, 4096, 0
4230, 1526588, 1, 4096, 0
4230, 1838449, 1, 4096, 0
4230, 1732848, 1, 4096, 0
4230, 1450950, 1, 4096, 0
4231, 1614363, 1, 4096, 0
4231, 1582843, 1, 4096, 0
4231, 1397187, 1, 4096, 0
4232, 1589513, 1, 4096, 0
4232, 1791160, 1, 4096, 0
4232, 1171550, 1, 4096, 0
4233, 1725739, 1, 4096, 0
4233, 2504979, 1, 4096, 0
4233, 1637172, 1, 4096, 0
4233, 1361641, 1, 4096, 0
4233, 1515280, 1, 4096, 0
4234, 1437514, 1, 4096, 0
4234, 1448572, 1, 4096, 0
4235, 1639663, 1, 4096, 0
4235, 1540008, 1, 4096, 0
4235, 2122071, 1, 4096, 0
4235, 1752407, 1, 4096, 0
4236, 1791650, 1, 4096, 0
4237, 1865150, 1, 4096, 0
4237, 2287015, 1, 4096, 0
4238, 3933303, 1, 4096, 0
4238, 3225019, 1, 4096, 0
4238, 3577861, 1, 4096, 0
4239, 1318265, 1, 4096, 0
4239, 2053602, 1, 4096, 0
4239, 2236653, 1, 4096, 0
4240, 1827500, 1, 4096, 0
4240, 2220277, 1, 4096, 0
4240, 1404605, 1, 4096, 0
4240, 1735563, 1, 4096, 0
4241, 2376329, 1, 4096, 0
4241, 2153365, 1, 4096, 0
4242, 2124575, 1, 4096, 0
4242, 2104879, 1, 4096, 0
4242, 2017104, 1, 4096, 0
4242, 2188673, 1, 4096, 0
4242, 1446691, 1, 4096, 0
4243, 1252848, 1, 4096, 0
4243, 1113890, 1, 4096, 0
4244, 1750367, 1, 4096, 0
4244, 1602792, 1, 4096, 0
4244, 1111262, 1, 4096, 0
4244, 3146809, 1, 4096, 0
4245, 1509231, 1, 4096, 0
4245, 2888522, 1, 4096, 0
4246, 1753718, 1, 4096, 0
4246, 1807805, 1, 4096, 0
4246, 2016954, 1, 4096, 0
4246, 2229072, 1, 4096, 0
4246, 1645439, 1, 4096, 0
4247, 1810319, 1, 4096, 0
4248, 1484553, 1, 4096, 0
4248, 2623040, 1, 4096, 0
4248, 2661136, 1, 4096, 0
4248, 1265979, 1, 4096, 0
4249, 2263234, 1, 4096, 0
4249, 2758819, 1, 4096, 0
4249, 1935574, 1, 4096, 0
4250, 1945027, 1, 4096, 0
4251, 2386795, 1, 4096, 0
4251, 2839052, 1, 4096, 0
4251, 1554443, 1, 4096, 0
4251, 2812959, 1, 4096, 0
4252, 2960781, 1, 4096, 0
4253, 2080042, 1, 4096, 0
4253, 2573813, 1, 4096, 0
4253, 1633980, 1, 4096, 0
4253, 2090799, 1, 4096, 0
4253, 2203222, 1, 4096, 0
4254, 1692236, 1, 4096, 0
4255, 1959718, 1, 4096, 0
4255, 2241652, 1, 4096, 0
4255, 1913060, 1, 4096, 0
4255, 1279807, 1, 4096, 0
4255, 1883728, 1, 4096, 0
4255, 2152842, 1, 4096, 0
4256, 1135404, 1, 4096, 0
4256, 1566059, 1, 4096, 0
4257, 1648808, 1, 4096, 0
4257, 2405569, 1, 4096, 0
4257, 2397467, 1, 4096, 0
4258, 1370844, 1, 4096, 0
4258, 2799255, 1, 4096, 0
4258, 2063432, 1, 4096, 0
4259, 1738722, 1, 4096, 0
4259, 2402851, 1, 4096, 0
4259, 1826807, 1, 4096, 0
4259, 1322811, 1, 4096, 0
4260, 1316482, 1, 4096, 0
4261, 1488816, 1, 4096, 0
4261, 1694250, 1, 4096, 0
4261, 1955695, 1, 4096, 0
4261, 1997699, 1, 4096, 0
4261, 1753130, 1, 4096, 0
4261, 3216285, 1, 4096, 0
4262, 1651943, 1, 4096, 0
4263, 1741801, 1, 4096, 0
4263, 1408642, 1, 4096, 0
4263, 1748250, 1, 4096, 0
4263, 2274000, 1, 4096, 0
4263, 2081659, 1, 4096, 0
4264, 1993934, 1, 4096, 0
4264, 1513359, 1, 4096, 0
4265, 1672429, 1, 4096, 0
4265, 2311161, 1, 4096, 0
4265, 1866592, 1, 4096, 0
4266, 1588949, 1, 4096, 0
4266, 1700373, 1, 4096, 0
4266, 2253105, 1, 4096, 0
4267, 1797622, 1, 4096, 0
4267, 1773591, 1, 4096, 0
4267, 3687503, 1, 4096, 0
4268, 1137840, 1, 4096, 0
4268, 1330071, 1, 4096, 0
4268, 1999002, 1, 4096, 0
4268, 1665939, 1, 4096, 0
4268, 1582677, 1, 4096, 0
4269, 1923113, 1, 4096, 0
4269, 1725424, 1, 4096, 0
4270, 2233858, 1, 4096, 0
4270, 1655963, 1, 4096, 0
4270, 1527106, 1, 4096, 0
4270, 2144753, 1, 4096, 0
4271, 1587636, 1, 4096, 0
4271, 2453047, 1, 4096, 0
4272, 2355405, 1, 4096, 0
4272, 2172398, 1, 4096, 0
4272, 2245573, 1, 4096, 0
4272, 2296960, 1, 4096, 0
4272, 1525916, 1, 4096, 0
4273, 1925095, 1, 4096, 0
4274, 2279296, 1, 4096, 0
4274, 2180496, 1, 4096, 0
4274, 2302890, 1, 4096, 0
4275, 2174377, 1, 4096, 0
4275, 1852473, 1, 4096, 0
4276, 3491808, 1, 4096, 0
4276, 1263618, 1, 4096, 0
4277, 1428033, 1, 4096, 0
4277, 2175523, 1, 4096, 0
4277, 2315798, 1, 4096, 0
4277, 2334110, 1, 4096, 0
4277, 1149490, 1, 4096, 0
4277, 1623507, 1, 4096, 0
4278, 1562035, 1, 4096, 0
4279, 1894015, 1, 4096, 0
4279, 2231216, 1, 4096, 0
4279, 2323525, 1, 4096, 0
4280, 2018570, 1, 4096, 0
4280, 830928, 1, 4096, 0
4280, 1729550, 1, 4096, 0
4280, 3152746, 1, 4096, 0
4281, 1437087, 1, 4096, 0
4281, 2169333, 1, 4096, 0
4282, 2117480, 1, 4096, 0
4282, 1922091, 1, 4096, 0
4282, 1901959, 1, 4096, 0
4282, 1899573, 1, 4096, 0
4282, 1258349, 1, 4096, 0
4283, 2187058, 1, 4096, 0
4283, 1616712, 1, 4096, 0
4284, 1940267, 1, 4096, 0
4284, 1741973, 1, 4096, 0
4284, 1460975, 1, 4096, 0
4284, 2127846, 1, 4096, 0
4285, 1694045, 1, 4096, 0
4285, 2050252, 1, 4096, 0
4286, 2706016, 1, 4096, 0
4286, 2043710, 1, 4096, 0
4286, 2316532, 1, 4096, 0
4286, 2414666, 1, 4096, 0
4287, 1325793, 1, 4096, 0
4287, 1994100, 1, 4096, 0
4287, 1740876, 1, 4096, 0
4287, 1972839, 1, 4096, 0
4288, 2325689, 1, 4096, 0
4288, 2267132, 1, 4096, 0
4289, 1794666, 1, 4096, 0
4289, 1994958, 1, 4096, 0
4289, 1687325, 1, 4096, 0
4290, 1623174, 1, 4096, 0
4290, 2633252, 1, 4096, 0
4291, 1350003, 1, 4096, 0
4291, 2330050, 1, 4096, 0
4291, 1511634, 1, 4096, 0
4291, 1696725, 1, 4096, 0
4291, 1346003, 1, 4096, 0
4291, 1398466, 1, 4096, 0
4292, 1372097, 1, 4096, 0
4292, 1588351, 1, 4096, 0
4293, 2157007, 1, 4096, 0
4293, 1830867, 1, 4096, 0
4294, 1480718, 1, 4096, 0
4294, 2458943, 1, 4096, 0
4294, 2572749, 1, 4096, 0
4294, 1933673, 1, 4096, 0
4295, 1849171, 1, 4096, 0
4295, 1853973, 1, 4096, 0
4295, 1290680, 1, 4096, 0
4296, 1497740, 1, 4096, 0
4296, 2169831, 1, 4096, 0
4296, 1437181, 1, 4096, 0
4296, 2114685, 1, 4096, 0
4296, 1792584, 1, 4096, 0
4297, 1674041, 1, 4096, 0
4297, 1241083, 1, 4096, 0
4298, 1257799, 1, 4096, 0
4298, 2412815, 1, 4096, 0
4298, 2212372, 1, 4096, 0
4298, 1548687, 1, 4096, 0
4298, 1508843, 1, 4096, 0
4300, 1910034, 1, 4096, 0
4300, 1365020, 1, 4096, 0
4300, 1539037, 1, 4096, 0
4300, 1646809, 1, 4096, 0
4300, 2162338, 1, 4096, 0
4300, 4239592, 1, 4096, 0
4301, 1577555, 1, 4096, 0
4301, 1606702, 1, 4096, 0
4301, 1452045, 1, 4096, 0
4302, 1444491, 1, 4096, 0
4302, 1776326, 1, 4096, 0
4303, 1963102, 1, 4096, 0
4304, 3433802, 1, 4096, 0
4304, 2890746, 1, 4096, 0
4304, 3327567, 1, 4096, 0
4304, 2860468, 1, 4096, 0
4304, 1273492, 1, 4096, 0
4304, 2501640, 1, 4096, 0
4306, 1860389, 1, 4096, 0
4306, 1817882, 1, 4096, 0
4307, 2033761, 1, 4096, 0
4307, 1209758, 1, 4096, 0
4307, 2300048, 1, 4096, 0
4307, 2747989, 1, 4096, 0
4307, 2811472, 1, 4096, 0
4308, 2036680, 1, 4096, 0
4308, 1439325, 1, 4096, 0
4309, 1631715, 1, 4096, 0
4310, 1708854, 1, 4096, 0
4310, 1056361, 1, 4096, 0
4310, 3302859, 1, 4096, 0
4310, 3533513, 1, 4096, 0
4311, 3520840, 1, 4096, 0
4311, 2807078, 1, 4096, 0
4311, 1601887, 1, 4096, 0
4311, 1357338, 1, 4096, 0
4312, 1549787, 1, 4096, 0
4312, 1514717, 1, 4096, 0
4313, 1949944, 1, 4096, 0
4313, 1216570, 1, 4096, 0
4313, 2500163, 1, 4096, 0
4313, 2006821, 1, 4096, 0
4313, 2004774, 1, 4096, 0
4313, 1762630, 1, 4096, 0
4315, 2052561, 1, 4096, 0
4315, 1885047, 1, 4096, 0
4315, 1740375, 1, 4096, 0
4315, 1833921, 1, 4096, 0
4315, 2071096, 1, 4096, 0
4316, 2345892, 1, 4096, 0
4316, 1707367, 1, 4096, 0
4317, 2132748, 1, 4096, 0
4317, 2344425, 1, 4096, 0
4318, 1847555, 1, 4096, 0
4318, 2697595, 1, 4096, 0
4318, 1732607, 1, 4096, 0
4319, 3722995, 1, 4096, 0
4319, 1199309, 1, 4096, 0
4319, 1720156, 1, 4096, 0
4319, 1198214, 1, 4096, 0
4320, 2531397, 1, 4096, 0
4320, 1851435, 1, 4096, 0
4321, 3390100, 1, 4096, 0
4321, 1679662, 1, 4096, 0
4322, 2357156, 1, 4096, 0
4322, 2350862, 1, 4096, 0
4323, 3347558, 1, 4096, 0
4323, 2136937, 1, 4096, 0
4324, 2233951, 1, 4096, 0
4324, 2480415, 1, 4096, 0
4325, 4382887, 1, 4096, 0
4325, 3109611, 1, 4096, 0
4326, 2697548, 1, 4096, 0
4326, 1828676, 1, 4096, 0
4326, 1820071, 1, 4096, 0
4326, 3286474, 1, 4096, 0
4326, 1224255, 1, 4096, 0
4327, 1394486, 1, 4096, 0
4327, 1629993, 1, 4096, 0
4327, 2370939, 1, 4096, 0
4327, 1475301, 1, 4096, 0
4328, 2135839, 1, 4096, 0
4328, 2129248, 1, 4096, 0
4329, 1416291, 1, 4096, 0
4329, 1520735, 1, 4096, 0
4329, 1858107, 1, 4096, 0
4330, 2498684, 1, 4096, 0
4331, 2319962, 1, 4096, 0
4331, 2714482, 1, 4096, 0
4331, 2264206, 1, 4096, 0
4331, 2423163, 1, 4096, 0
4332, 2513814, 1, 4096, 0
4333, 2040504, 1, 4096, 0
4333, 3086303, 1, 4096, 0
4333, 1950268, 1, 4096, 0
4333, 1908469, 1, 4096, 0
4333, 1619620, 1, 4096, 0
4333, 2321535, 1, 4096, 0
4335, 2110316, 1, 4096, 0
4335, 2029804, 1, 4096, 0
4335, 1437479, 1, 4096, 0
4335, 2126387, 1, 4096, 0
4335, 1633305, 1, 4096, 0
4335, 1915839, 1, 4096, 0
4337, 1869759, 1, 4096, 0
4337, 1803338, 1, 4096, 0
4337, 1766388, 1, 4096, 0
4337, 2142160, 1, 4096, 0
4337, 2026118, 1, 4096, 0
4337, 2255105, 1, 4096, 0
4338, 1172484, 1, 4096, 0
4338, 1235033, 1, 4096, 0
4338, 1673935, 1, 4096, 0
4338, 1141876, 1, 4096, 0
4338, 1741114, 1, 4096, 0
4338, 1845811, 1, 4096, 0
4340, 1968652, 1, 4096, 0
4340, 1959643, 1, 4096, 0
4340, 2354049, 1, 4096, 0
4341, 2236657, 1, 4096, 0
4341, 2265540, 1, 4096, 0
4341, 2778416, 1, 4096, 0
4342, 1613774, 1, 4096, 0
4342, 2134759, 1, 4096, 0
4343, 1968711, 1, 4096, 0
4343, 2191645, 1, 4096, 0
4343, 1978935, 1, 4096, 0
4343, 1780934, 1, 4096, 0
4344, 2018638, 1, 4096, 0
4344, 1893652, 1, 4096, 0
4344, 1567971, 1, 4096, 0
4344, 1849661, 1, 4096, 0
4345, 2185860, 1, 4096, 0
4346, 2998594, 1, 4096, 0
4346, 2011898, 1, 4096, 0
4346, 2504969, 1, 4096, 0
4347, 2261944, 1, 4096, 0
4347, 1499325, 1, 4096, 0
4347, 2612024, 1, 4096, 0
4347, 1628428, 1, 4096, 0
4348, 1967082, 1, 4096, 0
4348, 2013231, 1, 4096, 0
4349, 2517693, 1, 4096, 0
4349, 2004606, 1, 4096, 0
4349, 2553572, 1, 4096, 0
4349, 2683875, 1, 4096, 0
4350, 1631853, 1, 4096, 0
4350, 1161235, 1, 4096, 0
4351, 2545676, 1, 4096, 0
4351, 1394397, 1, 4096, 0
4351, 1360020, 1, 4096, 0
4351, 1483040, 1, 4096, 0
4352, 1697160, 1, 4096, 0
4352, 2099622, 1, 4096, 0
4353, 1835430, 1, 4096, 0
4353, 1998242, 1, 4096, 0
4353, 1933948, 1, 4096, 0
4353, 2686448, 1, 4096, 0
4354, 1453720, 1, 4096, 0
4355, 2056176, 1, 4096, 0
4355, 2443119, 1, 4096, 0
4355, 2860147, 1, 4096, 0
4355, 2203689, 1, 4096, 0
4356, 2229583, 1, 4096, 0
4356, 1119317, 1, 4096, 0
4357, 2925273, 1, 4096, 0
4357, 2077039, 1, 4096, 0
4357, 2224964, 1, 4096, 0
4358, 2257246, 1, 4096, 0
4358, 1246891, 1, 4096, 0
4358, 1660808, 1, 4096, 0
4359, 3601381, 1, 4096, 0
4359, 3095787, 1, 4096, 0
4359, 2568051, 1, 4096, 0
4360, 1326952, 1, 4096, 0
4360, 1591730, 1, 4096, 0
4360, 1815284, 1, 4096, 0
4360, 1821515, 1, 4096, 0
4361, 1485275, 1, 4096, 0
4362, 1261859, 1, 4096, 0
4362, 3374714, 1, 4096, 0
4362, 1713943, 1, 4096, 0
4362, 2016476, 1, 4096, 0
4363, 2435777, 1, 4096, 0
4363, 3123119, 1, 4096, 0
4364, 1844782, 1, 4096, 0
4364, 2155904, 1, 4096, 0
4364, 1618378, 1, 4096, 0
4364, 1906412, 1, 4096, 0
4365, 2925867, 1, 4096, 0
4365, 1800054, 1, 4096, 0
4366, 2618508, 1, 4096, 0
4366, 2058845, 1, 4096, 0
4366, 2014019, 1, 4096, 0
4367, 1426884, 1, 4096, 0
4368, 1352044, 1, 4096, 0
4368, 2130631, 1, 4096, 0
4368, 2826154, 1, 4096, 0
4368, 2486576, 1, 4096, 0
4368, 3734422, 1, 4096, 0
4369, 1030777, 1, 4096, 0
4370, 2987541, 1, 4096, 0
4370, 1955247, 1, 4096, 0
4370, 2532379, 1, 4096, 0
4370, 2623238, 1, 4096, 0
4371, 2956720, 1, 4096, 0
4371, 2332445, 1, 4096, 0
4372, 1329322, 1, 4096, 0
4372, 1695608, 1, 4096, 0
4372, 2302890, 1, 4096, 0
4373, 2779828, 1, 4096, 0
4373, 1784351, 1, 4096, 0
4373, 1487629, 1, 4096, 0
4373, 1400828, 1, 4096, 0
4374, 2074097, 1, 4096, 0
4374, 1188882, 1, 4096, 0
4374, 1844403, 1, 4096, 0
4374, 1434371, 1, 4096, 0
4375, 1422953, 1, 4096, 0
4375, 2448828, 1, 4096, 0
4376, 1221625, 1, 4096, 0
4376, 2294041, 1, 4096, 0
4376, 2793077, 1, 4096, 0
4377, 2310440, 1, 4096, 0
4377, 1609089, 1, 4096, 0
4377, 1376495, 1, 4096, 0
4378, 2415391, 1, 4096, 0
4378, 2328639, 1, 4096, 0
4378, 1975536, 1, 4096, 0
4378, 1597369, 1, 4096, 0
4379, 1832127, 1, 4096, 0
4379, 1407347, 1, 4096, 0
4379, 1851216, 1, 4096, 0
4380, 2242604, 1, 4096, 0
4380, 1201522, 1, 4096, 0
4380, 2227738, 1, 4096, 0
4380, 1194491, 1, 4096, 0
4381, 1682801, 1, 4096, 0
4382, 1296130, 1, 4096, 0
4382, 917154, 1, 4096, 0
4382, 1960282, 1, 4096, 0
4382, 4176634, 1, 4096, 0
4383, 2453908, 1, 4096, 0
4383, 2527767, 1, 4096, 0
4383, 1254318, 1, 4096, 0
4383, 1532770, 1, 4096, 0
4384, 1584138, 1, 4096, 0
4385, 1636454, 1, 4096, 0
4385, 2204211, 1, 4096, 0
4385, 1985115, 1, 4096, 0
4385, 2758053, 1, 4096, 0
4386, 2595154, 1, 4096, 0
4386, 1464841, 1, 4096, 0
4386, 2650001, 1, 4096, 0
4386, 1843899, 1, 4096, 0
4387, 2038352, 1, 4096, 0
4388, 1698990, 1, 4096, 0
4388, 1580967, 1, 4096, 0
4388, 1221363, 1, 4096, 0
4388, 1743143, 1, 4096, 0
4388, 2416401, 1, 4096, 0
4389, 1242041, 1, 4096, 0
4389, 1186385, 1, 4096, 0
4389, 2747953, 1, 4096, 0
4390, 2404985, 1, 4096, 0
4390, 2837476, 1, 4096, 0
4391, 2806448, 1, 4096, 0
4391, 1522029, 1, 4096, 0
4391, 1801625, 1, 4096, 0
4391, 2185843, 1, 4096, 0
4392, 1969395, 1, 4096, 0
4392, 1613929, 1, 4096, 0
4393, 2639648, 1, 4096, 0
4393, 2784906, 1, 4096, 0
4393, 2157438, 1, 4096, 0
4394, 2628102, 1, 4096, 0
4394, 1634272, 1, 4096, 0
4394, 2042723, 1, 4096, 0
4395, 1545539, 1, 4096, 0
4395, 1949848, 1, 4096, 0
4395, 1455619, 1, 4096, 0
4396, 1609773, 1, 4096, 0
4396, 2529934, 1, 4096, 0
4397, 3169714, 1, 4096, 0
4397, 2260041, 1, 4096, 0
4397, 1854751, 1, 4096, 0
4397, 1331183, 1, 4096, 0
4397, 1216938, 1, 4096, 0
4398, 1169261, 1, 4096, 0
4399, 1764679, 1, 4096, 0
4399, 2246502, 1, 4096, 0
4399, 1773846, 1, 4096, 0
4399, 3549880, 1, 4096, 0
4399, 2177241, 1, 4096, 0
4400, 1591891, 1, 4096, 0
4401, 1991392, 1, 4096, 0
4401, 2261351, 1, 4096, 0
4401, 1401571, 1, 4096, 0
4401, 2011543, 1, 4096, 0
4402, 2662803, 1, 4096, 0
4403, 3692096, 1, 4096, 0
4403, 1413306, 1, 4096, 0
4403, 1411328, 1, 4096, 0
4403, 1674233, 1, 4096, 0
4403, 2544329, 1, 4096, 0
4404, 2610029, 1, 4096, 0
4405, 1913034, 1, 4096, 0
4405, 2045857, 1, 4096, 0
4405, 1954991, 1, 4096, 0
4406, 3087120, 1, 4096, 0
4406, 2751044, 1, 4096, 0
4406, 2054730, 1, 4096, 0
4407, 1835836, 1, 4096, 0
4407, 2212932, 1, 4096, 0
4407, 2463892, 1, 4096, 0
4408, 1432131, 1, 4096, 0
4408, 1842872, 1, 4096, 0
4408, 2450625, 1, 4096, 0
4408, 1547978, 1, 4096, 0
4409, 2082331, 1, 4096, 0
4409, 2064680, 1, 4096, 0
4410, 1457226, 1, 4096, 0
4410, 2510417, 1, 4096, 0
4410, 1965220, 1, 4096, 0
4410, 2199815, 1, 4096, 0
4411, 2788588, 1, 4096, 0
4412, 2235550, 1, 4096, 0
4412, 1378029, 1, 4096, 0
4412, 1717227, 1, 4096, 0
4412, 1985259, 1, 4096, 0
4412, 2132826, 1, 4096, 0
4413, 2249108, 1, 4096, 0
4414, 1691003, 1, 4096, 0
4414, 2371392, 1, 4096, 0
4414, 2628535, 1, 4096, 0
4414, 2475050, 1, 4096, 0
4415, 2660045, 1, 4096, 0
4415, 1333777, 1, 4096, 0
4415, 2121958, 1, 4096, 0
4415, 1522824, 1, 4096, 0
4416, 1410477, 1, 4096, 0
4417, 1582426, 1, 4096, 0
4417, 2371920, 1, 4096, 0
4417, 1338054, 1, 4096, 0
4417, 1417520, 1, 4096, 0
4418, 2004077, 1, 4096, 0
4418, 2306164, 1, 4096, 0
4418, 1634458, 1, 4096, 0
4419, 1943330, 1, 4096, 0
4419, 1945941, 1, 4096, 0
4420, 2093894, 1, 4096, 0
4420, 2741465, 1, 4096, 0
4420, 2382730, 1, 4096, 0
4420, 1795197, 1, 4096, 0
4420, 1546159, 1, 4096, 0
4420, 1808393, 1, 4096, 0
4422, 2133861, 1, 4096, 0
4422, 1881160, 1, 4096, 0
4422, 2483000, 1, 4096, 0
4422, 2209754, 1, 4096, 0
4423, 2316692, 1, 4096, 0
4423, 2942906, 1, 4096, 0
4424, 1678761, 1, 4096, 0
4424, 1962705, 1, 4096, 0
4425, 1896837, 1, 4096, 0
4425, 2390049, 1, 4096, 0
4425, 2570244, 1, 4096, 0
4425, 1322136, 1, 4096, 0
4425, 1765315, 1, 4096, 0
4426, 2933026, 1, 4096, 0
4426, 1660969, 1, 4096, 0
4426, 1711583, 1, 4096, 0
4427, 2093962, 1, 4096, 0
4427, 1739313, 1, 4096, 0
4427, 1565758, 1, 4096, 0
4428, 1201016, 1, 4096, 0
4428, 2032005, 1, 4096, 0
4428, 1361936, 1, 4096, 0
4429, 1105208, 1, 4096, 0
4429, 1812481, 1, 4096, 0
4429, 2387154, 1, 4096, 0
4429, 1950660, 1, 4096, 0
4430, 1849708, 1, 4096, 0
4430, 2600180, 1, 4096, 0
4430, 1656570, 1, 4096, 0
4431, 1365473, 1, 4096, 0
4431, 1880388, 1, 4096, 0
4432, 1820906, 1, 4096, 0
4432, 2494354, 1, 4096, 0
4432, 1859310, 1, 4096, 0
4432, 1578715, 1, 4096, 0
4433, 3977632, 1, 4096, 0
4433, 1147266, 1, 4096, 0
4434, 1350310, 1, 4096, 0
4434, 2627302, 1, 4096, 0
4434, 1937205, 1, 4096, 0
4434, 1870046, 1, 4096, 0
4435, 2662038, 1, 4096, 0
4436, 1398766, 1, 4096, 0
4436, 2187565, 1, 4096, 0
4436, 2062760, 1, 4096, 0
4437, 1559844, 1, 4096, 0
4437, 4169796, 1, 4096, 0
4437, 1456633, 1, 4096, 0
4437, 3209639, 1, 4096, 0
4437, 1050965, 1, 4096, 0
4438, 1492965, 1, 4096, 0
4439, 2166614, 1, 4096, 0
4439, 1960643, 1, 4096, 0
4439, 1949175, 1, 4096, 0
4439, 2274564, 1, 4096, 0
4440, 1973816, 1, 4096, 0
4440, 2695616, 1, 4096, 0
4441, 1607035, 1, 4096, 0
4441, 1481783, 1, 4096, 0
4441, 1584642, 1, 4096, 0
4441, 2586209, 1, 4096, 0
4442, 1868602, 1, 4096, 0
4442, 2537469, 1, 4096, 0
4442, 1658285, 1, 4096, 0
4442, 1663986, 1, 4096, 0
4443, 1606826, 1, 4096, 0
4443, 1763951, 1, 4096, 0
4443, 1444619, 1, 4096, 0
4445, 1812569, 1, 4096, 0
4445, 2663711, 1, 4096, 0
4445, 3102866, 1, 4096, 0
4445, 2129282, 1, 4096, 0
4445, 2124715, 1, 4096, 0
4446, 4143228, 1, 4096, 0
4446, 1599750, 1, 4096, 0
4447, 1620858, 1, 4096, 0
4447, 2245519, 1, 4096, 0
4447, 1898576, 1, 4096, 0
4447, 2266705, 1, 4096, 0
4448, 1391010, 1, 4096, 0
4448, 1914196, 1, 4096, 0
4449, 1676188, 1, 4096, 0
4449, 2481353, 1, 4096, 0
4450, 2049160, 1, 4096, 0
4450, 2778232, 1, 4096, 0
4450, 2707907, 1, 4096, 0
4450, 1307976, 1, 4096, 0
4451, 2229072, 1, 4096, 0
4451, 2004335, 1, 4096, 0
4452, 1838648, 1, 4096, 0
4453, 2459911, 1, 4096, 0
4453, 1940168, 1, 4096, 0
4453, 2546984, 1, 4096, 0
4453, 2818927, 1, 4096, 0
4453, 2142023, 1, 4096, 0
4454, 1659020, 1, 4096, 0
4454, 1563450, 1, 4096, 0
4454, 1620544, 1, 4096, 0
4454, 1792087, 1, 4096, 0
4455, 1735638, 1, 4096, 0
4455, 2071950, 1, 4096, 0
4456, 1801283, 1, 4096, 0
4456, 1596728, 1, 4096, 0
4456, 1735006, 1, 4096, 0
4456, 1972577, 1, 4096, 0
4456, 1632093, 1, 4096, 0
4457, 1429399, 1, 4096, 0
4458, 2369170, 1, 4096, 0
4458, 1856752, 1, 4096, 0
4459, 2253709, 1, 4096, 0
4459, 3825575, 1, 4096, 0
4459, 2454586, 1, 4096, 0
4459, 1703129, 1, 4096, 0
4460, 1537686, 1, 4096, 0
4460, 1767646, 1, 4096, 0
4460, 1385165, 1, 4096, 0
4460, 1386889, 1, 4096, 0
4460, 1664142, 1, 4096, 0
4461, 2196624, 1, 4096, 0
4461, 1667985, 1, 4096, 0
4461, 1503151, 1, 4096, 0
4462, 1502623, 1, 4096, 0
4462, 2216298, 1, 4096, 0
4463, 2970266, 1, 4096, 0
4463, 1497902, 1, 4096, 0
4463, 1286939, 1, 4096, 0
4463, 1801992, 1, 4096, 0
4464, 1013852, 1, 4096, 0
4464, 1733190, 1, 4096, 0
4464, 2123425, 1, 4096, 0
4464, 1451628, 1, 4096, 0
4465, 1961112, 1, 4096, 0
4465, 2595735, 1, 4096, 0
4465, 1696914, 1, 4096, 0
4466, 1569197, 1, 4096, 0
4466, 1955466, 1, 4096, 0
4466, 2134534, 1, 4096, 0
4467, 1532390, 1, 4096, 0
4467, 2265032, 1, 4096, 0
4468, 1568641, 1, 4096, 0
4468, 3005051, 1, 4096, 0
4468, 2856302, 1, 4096, 0
4469, 3290130, 1, 4096, 0
4469, 1490510, 1, 4096, 0
4469, 1350207, 1, 4096, 0
4470, 2129398, 1, 4096, 0
4470, 2003249, 1, 4096, 0
4470, 2739868, 1, 4096, 0
4471, 2085757, 1, 4096, 0
4471, 1640575, 1, 4096, 0
4471, 1168979, 1, 4096, 0
4472, 2333902, 1, 4096, 0
4472, 2451320, 1, 4096, 0
4472, 1319914, 1, 4096, 0
4473, 1445427, 1, 4096, 0
4473, 2670264, 1, 4096, 0
4473, 1525721, 1, 4096, 0
4473, 1512722, 1, 4096, 0
4473, 1337181, 1, 4096, 0
4475, 1886187, 1, 4096, 0
4475, 1725125, 1, 4096, 0
4475, 1753944, 1, 4096, 0
4475, 2576640, 1, 4096, 0
4475, 2241006, 1, 4096, 0
4476, 3255881, 1, 4096, 0
4476, 1828676, 1, 4096, 0
4477, 2174650, 1, 4096, 0
4477, 2035953, 1, 4096, 0
4477, 1437386, 1, 4096, 0
4478, 2212351, 1, 4096, 0
4478, 1568742, 1, 4096, 0
4478, 2660872, 1, 4096, 0
4479, 1479373, 1, 4096, 0
4479, 1803924, 1, 4096, 0
4479, 1549843, 1, 4096, 0
4480, 1506358, 1, 4096, 0
4480, 1664583, 1, 4096, 0
4480, 3202719, 1, 4096, 0
4480, 1606958, 1, 4096, 0
4481, 1897276, 1, 4096, 0
4481, 1379098, 1, 4096, 0
4481, 2151045, 1, 4096, 0
4481, 1816351, 1, 4096, 0
4482, 1638780, 1, 4096, 0
4482, 1959913, 1, 4096, 0
4482, 973908, 1, 4096, 0
4483, 1198727, 1, 4096, 0
4483, 2040287, 1, 4096, 0
4484, 2953153, 1, 4096, 0
4484, 2135470, 1, 4096, 0
4484, 2512808, 1, 4096, 0
4485, 1526186, 1, 4096, 0
4485, 2313758, 1, 4096, 0
4485, 2623252, 1, 4096, 0
4485, 1246513, 1, 4096, 0
4486, 1465535, 1, 4096, 0
4486, 2461527, 1, 4096, 0
4487, 2122784, 1, 4096, 0
4487, 1811287, 1, 4096, 0
4487, 1773748, 1, 4096, 0
4487, 2284021, 1, 4096, 0
4488, 1637603, 1, 4096, 0
4488, 1742724, 1, 4096, 0
4488, 1659982, 1, 4096, 0
4488, 1715714, 1, 4096, 0
4489, 2040491, 1, 4096, 0
4489, 1989424, 1, 4096, 0
4490, 1432650, 1, 4096, 0
4490, 1916547, 1, 4096, 0
4490, 1866020, 1, 4096, 0
4491, 2430522, 1, 4096, 0
4491, 2237871, 1, 4096, 0
4491, 2257956, 1, 4096, 0
4492, 1705608, 1, 4096, 0
4492, 1054186, 1, 4096, 0
4493, 2197444, 1, 4096, 0
4493, 3676831, 1, 4096, 0
4494, 1449671, 1, 4096, 0
4494, 2077214, 1, 4096, 0
4494, 3590508, 1, 4096, 0
4495, 3852682, 1, 4096, 0
4495, 1822047, 1, 4096, 0
4495, 1705273, 1, 4096, 0
4495, 2438507, 1, 4096, 0
4495, 1560744, 1, 4096, 0
4496, 2372281, 1, 4096, 0
4497, 1610945, 1, 4096, 0
4497, 1607967, 1, 4096, 0
4497, 2262532, 1, 4096, 0
4497, 1897309, 1, 4096, 0
4497, 1990909, 1, 4096, 0
4499, 1865281, 1, 4096, 0
4499, 2091823, 1, 4096, 0
4499, 1519488, 1, 4096, 0
4499, 2577998, 1, 4096, 0
4499, 1937385, 1, 4096, 0
4500, 2717683, 1, 4096, 0
4501, 1672750, 1, 4096, 0
4501, 1548771, 1, 4096, 0
4501, 2063543, 1, 4096, 0
4501, 2248080, 1, 4096, 0
4501, 2376048, 1, 4096, 0
4502, 1148180, 1, 4096, 0
4503, 1934196, 1, 4096, 0
4503, 2639797, 1, 4096, 0
4503, 1497884, 1, 4096, 0
4503, 1996440, 1, 4096, 0
4504, 2926679, 1, 4096, 0
4504, 1786004, 1, 4096, 0
4504, 1853630, 1, 4096, 0
4504, 2062914, 1, 4096, 0
4505, 1635655, 1, 4096, 0
4505, 1870271, 1, 4096, 0
4505, 1409483, 1, 4096, 0
4506, 1908952, 1, 4096, 0
4506, 2086354, 1, 4096, 0
4506, 2090409, 1, 4096, 0
4507, 1597221, 1, 4096, 0
4507, 2906854, 1, 4096, 0
4508, 1208138, 1, 4096, 0
4508, 1387456, 1, 4096, 0
4509, 2133904, 1, 4096, 0
4509, 4443583, 1, 4096, 0
4509, 1294475, 1, 4096, 0
4509, 2848352, 1, 4096, 0
4509, 1686492, 1, 4096, 0
4509, 1534286, 1, 4096, 0
4510, 1357626, 1, 4096, 0
4511, 1866336, 1, 4096, 0
4511, 1719330, 1, 4096, 0
4512, 2238004, 1, 4096, 0
4512, 2590622, 1, 4096, 0
4512, 3178390, 1, 4096, 0
4512, 1600512, 1, 4096, 0
4513, 1739777, 1, 4096, 0
4513, 3117009, 1, 4096, 0
4513, 1851334, 1, 4096, 0
4514, 1909670, 1, 4096, 0
4514, 1545284, 1, 4096, 0
4514, 1726211, 1, 4096, 0
4514, 2099428, 1, 4096, 0
4515, 1784423, 1, 4096, 0
4515, 1507115, 1, 4096, 0
4515, 1309918, 1, 4096, 0
4516, 2106205, 1, 4096, 0
4516, 1381566, 1, 4096, 0
4516, 1605529, 1, 4096, 0
4517, 2533027, 1, 4096, 0
4517, 1514385, 1, 4096, 0
4518, 2619825, 1, 4096, 0
4518, 2287012, 1, 4096, 0
4519, 1675229, 1, 4096, 0
4519, 1266240, 1, 4096, 0
4519, 3457917, 1, 4096, 0
4519, 1651032, 1, 4096, 0
4519, 2812665, 1, 4096, 0
4520, 2291583, 1, 4096, 0
4520, 1160014, 1, 4096, 0
4521, 2373157, 1, 4096, 0
4521, 1846755, 1, 4096, 0
4522, 1616541, 1, 4096, 0
4522, 2497890, 1, 4096, 0
4522, 1277307, 1, 4096, 0
4523, 3362355, 1, 4096, 0
4523, 3108650, 1, 4096, 0
4523, 1828304, 1, 4096, 0
4523, 1256743, 1, 4096, 0
4523, 1663725, 1, 4096, 0
4524, 2067735, 1, 4096, 0
4525, 1885904, 1, 4096, 0
4525, 1974198, 1, 4096, 0
4525, 1619081, 1, 4096, 0
4525, 1967793, 1, 4096, 0
4526, 1327227, 1, 4096, 0
4526, 1298520, 1, 4096, 0
4526, 3010395, 1, 4096, 0
4526, 2098018, 1, 4096, 0
4526, 1733566, 1, 4096, 0
4527, 1509683, 1, 4096, 0
4528, 2328240, 1, 4096, 0
4528, 1767962, 1, 4096, 0
4528, 1953424, 1, 4096, 0
4529, 2141294, 1, 4096, 0
4529, 2178468, 1, 4096, 0
4530, 1685288, 1, 4096, 0
4530, 2774736, 1, 4096, 0
4530, 2574006, 1, 4096, 0
4530, 2743824, 1, 4096, 0
4531, 2036184, 1, 4096, 0
4531, 2048324, 1, 4096, 0
4531, 1208265, 1, 4096, 0
4531, 1884256, 1, 4096, 0
4532, 1566881, 1, 4096, 0
4532, 1974547, 1, 4096, 0
4533, 2559344, 1, 4096, 0
4533, 2548312, 1, 4096, 0
4533, 1326956, 1, 4096, 0
4534, 2081544, 1, 4096, 0
4534, 1912610, 1, 4096, 0
4534, 2789828, 1, 4096, 0
4535, 1626053, 1, 4096, 0
4535, 1690868, 1, 4096, 0
4535, 1827928, 1, 4096, 0
4535, 1854682, 1, 4096, 0
4536, 1554193, 1, 4096, 0
4536, 2328630, 1, 4096, 0
4537, 2263930, 1, 4096, 0
4537, 2655484, 1, 4096, 0
4537, 1806864, 1, 4096, 0
4538, 1426862, 1, 4096, 0
4538, 2601807, 1, 4096, 0
4538, 1539111, 1, 4096, 0
4539, 1645528, 1, 4096, 0
4539, 1974424, 1, 4096, 0
4539, 1657526, 1, 4096, 0
4540, 1830255, 1, 4096, 0
4540, 2100759, 1, 4096, 0
4540, 2061351, 1, 4096, 0
4540, 1881949, 1, 4096, 0
4542, 2961403, 1, 4096, 0
4542, 2003988, 1, 4096, 0
4542, 1893027, 1, 4096, 0
4542, 3073766, 1, 4096, 0
4542, 1636574, 1, 4096, 0
4542, 2398782, 1, 4096, 0
4543, 1699757, 1, 4096, 0
4544, 1536044, 1, 4096, 0
4544, 1874546, 1, 4096, 0
4544, 2318568, 1, 4096, 0
4544, 1929026, 1, 4096, 0
4545, 1352900, 1, 4096, 0
4545, 1274273, 1, 4096, 0
4546, 2010510, 1, 4096, 0
4546, 2556448, 1, 4096, 0
4546, 4267126, 1, 4096, 0
4546, 2126154, 1, 4096, 0
4546, 1115410, 1, 4096, 0
4548, 1553633, 1, 4096, 0
4548, 2686861, 1, 4096, 0
4548, 1743386, 1, 4096, 0
4548, 1432456, 1, 4096, 0
4548, 2205652, 1, 4096, 0
4548, 1767582, 1, 4096, 0
4549, 1678811, 1, 4096, 0
4550, 1808251, 1, 4096, 0
4550, 2127887, 1, 4096, 0
4550, 2172692, 1, 4096, 0
4551, 2793759, 1, 4096, 0
4551, 1255123, 1, 4096, 0
4551, 1681182, 1, 4096, 0
4551, 3077037, 1, 4096, 0
4552, 1398483, 1, 4096, 0
4552, 1178674, 1, 4096, 0
4552, 1909482, 1, 4096, 0
4552, 1463284, 1, 4096, 0
4553, 1842853, 1, 4096, 0
4553, 1844812, 1, 4096, 0
4554, 2040105, 1, 4096, 0
4554, 1396181, 1, 4096, 0
4554, 1359231, 1, 4096, 0
4554, 1261016, 1, 4096, 0
4554, 1486156, 1, 4096, 0
4555, 2708255, 1, 4096, 0
4555, 1285476, 1, 4096, 0
4555, 1268290, 1, 4096, 0
4556, 2205929, 1, 4096, 0
4556, 2286331, 1, 4096, 0
4556, 2154648, 1, 4096, 0
4556, 1157822, 1, 4096, 0
4556, 1225956, 1, 4096, 0
4557, 2104216, 1, 4096, 0
4558, 1960756, 1, 4096, 0
4559, 2294537, 1, 4096, 0
4559, 2521997, 1, 4096, 0
4559, 2856766, 1, 4096, 0
4559, 3347068, 1, 4096, 0
4560, 2003337, 1, 4096, 0
4560, 1149704, 1, 4096, 0
4560, 1047135, 1, 4096, 0
4560, 3386050, 1, 4096, 0
4561, 2164352, 1, 4096, 0
4562, 1798407, 1, 4096, 0
4562, 1503534, 1, 4096, 0
4562, 3104684, 1, 4096, 0
4562, 1993237, 1, 4096, 0
4562, 1966487, 1, 4096, 0
4563, 2670632, 1, 4096, 0
4564, 1946579, 1, 4096, 0
4564, 2110446, 1, 4096, 0
4564, 1836817, 1, 4096, 0
4564, 1658986, 1, 4096, 0
4564, 2087174, 1, 4096, 0
4565, 1398645, 1, 4096, 0
4565, 1248492, 1, 4096, 0
4565, 1757499, 1, 4096, 0
4566, 1570427, 1, 4096, 0
4566, 2098120, 1, 4096, 0
4566, 1995920, 1, 4096, 0
4567, 1206139, 1, 4096, 0
4567, 1721589, 1, 4096, 0
4567, 2067931, 1, 4096, 0
4567, 1581534, 1, 4096, 0
4568, 1779556, 1, 4096, 0
4568, 1925400, 1, 4096, 0
4569, 1804503, 1, 4096, 0
4569, 2063539, 1, 4096, 0
4569, 1416574, 1, 4096, 0
4569, 2418676, 1, 4096, 0
4570, 1749549, 1, 4096, 0
4570, 1378860, 1, 4096, 0
4571, 3386389, 1, 4096, 0
4571, 2261507, 1, 4096, 0
4571, 2229026, 1, 4096, 0
4571, 2041235, 1, 4096, 0
4572, 1755513, 1, 4096, 0
4572, 2005774, 1, 4096, 0
4573, 1582452, 1, 4096, 0
4573, 2275577, 1, 4096, 0
4573, 1674727, 1, 4096, 0
4574, 2781192, 1, 4096, 0
4574, 1346885, 1, 4096, 0
4574, 2604862, 1, 4096, 0
4574, 1695078, 1, 4096, 0
4575, 2704590, 1, 4096, 0
4575, 1222532, 1, 4096, 0
4576, 3198749, 1, 4096, 0
4577, 2296962, 1, 4096, 0
4577, 2315817, 1, 4096, 0
4578, 1517611, 1, 4096, 0
4578, 3473260, 1, 4096, 0
4578, 3478563, 1, 4096, 0
4578, 3200740, 1, 4096, 0
4578, 1242838, 1, 4096, 0
4578, 1727803, 1, 4096, 0
4580, 1621164, 1, 4096, 0
4580, 2131379, 1, 4096, 0
4580, 2031679, 1, 4096, 0
4580, 2067966, 1, 4096, 0
4580, 1658286, 1, 4096, 0
4580, 1691346, 1, 4096, 0
4581, 1416704, 1, 4096, 0
4581, 1283834, 1, 4096, 0
4582, 2197996, 1, 4096, 0
4582, 1843813, 1, 4096, 0
4582, 2803240, 1, 4096, 0
4583, 1506429, 1, 4096, 0
4583, 3250546, 1, 4096, 0
4584, 1687577, 1, 4096, 0
4584, 1449938, 1, 4096, 0
4584, 2058305, 1, 4096, 0
4584, 2500396, 1, 4096, 0
4585, 1626852, 1, 4096, 0
4585, 1861439, 1, 4096, 0
4586, 2690542, 1, 4096, 0
4586, 1985515, 1, 4096, 0
4586, 2109967, 1, 4096, 0
4586, 2493456, 1, 4096, 0
4587, 1414116, 1, 4096, 0
4587, 1941276, 1, 4096, 0
4588, 1595237, 1, 4096, 0
4588, 2386163, 1, 4096, 0
4588, 1466152, 1, 4096, 0
4588, 2412846, 1, 4096, 0
4589, 1682909, 1, 4096, 0
4589, 1944486, 1, 4096, 0
4589, 1695933, 1, 4096, 0
4590, 1370517, 1, 4096, 0
4590, 2171860, 1, 4096, 0
4590, 2542037, 1, 4096, 0
4591, 1557844, 1, 4096, 0
4591, 1961762, 1, 4096, 0
4591, 1919523, 1, 4096, 0
4591, 1427528, 1, 4096, 0
4592, 1864824, 1, 4096, 0
4593, 1813090, 1, 4096, 0
4593, 1440812, 1, 4096, 0
4593, 2727013, 1, 4096, 0
4593, 2371508, 1, 4096, 0
4593, 1514945, 1, 4096, 0
4594, 3314273, 1, 4096, 0
4594, 1645755, 1, 4096, 0
4594, 1802218, 1, 4096, 0
4595, 1262613, 1, 4096, 0
4595, 1903488, 1, 4096, 0
4595, 2539514, 1, 4096, 0
4595, 1250829, 1, 4096, 0
4596, 1287634, 1, 4096, 0
4596, 1741898, 1, 4096, 0
4597, 2163190, 1, 4096, 0
4598, 2405326, 1, 4096, 0
4598, 2772605, 1, 4096, 0
4598, 2407875, 1, 4096, 0
4598, 2063130, 1, 4096, 0
4598, 2043447, 1, 4096, 0
4599, 2277370, 1, 4096, 0
4599, 1253381, 1, 4096, 0
4599, 1081999, 1, 4096, 0
4599, 1672930, 1, 4096, 0
4600, 1785163, 1, 4096, 0
4600, 2534480, 1, 4096, 0
4600, 1564215, 1, 4096, 0
4601, 1951784, 1, 4096, 0
4601, 1895776, 1, 4096, 0
4601, 1537599, 1, 4096, 0
4602, 2411722, 1, 4096, 0
4602, 1236001, 1, 4096, 0
4602, 1716889, 1, 4096, 0
4603, 1701653, 1, 4096, 0
4603, 1668126, 1, 4096, 0
4604, 2286208, 1, 4096, 0
4604, 2314264, 1, 4096, 0
4604, 983391, 1, 4096, 0
4604, 2611986, 1, 4096, 0
4604, 2344343, 1, 4096, 0
4605, 1988891, 1, 4096, 0
4605, 1723065, 1, 4096, 0
4606, 1600915, 1, 4096, 0
4606, 1779401, 1, 4096, 0
4606, 1495073, 1, 4096, 0
4606, 2061894, 1, 4096, 0
4607, 1140556, 1, 4096, 0
4607, 2094471, 1, 4096, 0
4607, 1484146, 1, 4096, 0
4607, 1754399, 1, 4096, 0
4608, 1702271, 1, 4096, 0
4609, 2822635, 1, 4096, 0
4609, 2145783, 1, 4096, 0
4610, 2239753, 1, 4096, 0
4610, 2861906, 1, 4096, 0
4610, 2826130, 1, 4096, 0
4610, 1711932, 1, 4096, 0
4611, 1331054, 1, 4096, 0
4611, 1336270, 1, 4096, 0
4611, 1341599, 1, 4096, 0
4612, 2613320, 1, 4096, 0
4612, 3124022, 1, 4096, 0
4612, 2373499, 1, 4096, 0
4613, 1517708, 1, 4096, 0
4613, 1875567, 1, 4096, 0
4613, 1896807, 1, 4096, 0
4614, 1727223, 1, 4096, 0
4614, 2413664, 1, 4096, 0
4614, 2443874, 1, 4096, 0
4614, 1413277, 1, 4096, 0
4614, 1435979, 1, 4096, 0
4615, 1819097, 1, 4096, 0
4615, 1340712, 1, 4096, 0
4616, 1718074, 1, 4096, 0
4616, 1206715, 1, 4096, 0
4616, 1060170, 1, 4096, 0
4616, 1367497, 1, 4096, 0
4617, 1389241, 1, 4096, 0
4617, 2652471, 1, 4096, 0
4618, 2051013, 1, 4096, 0
4618, 1447144, 1, 4096, 0
4618, 2686047, 1, 4096, 0
4618, 2933498, 1, 4096, 0
4619, 1745598, 1, 4096, 0
4619, 3366435, 1, 4096, 0
4619, 1444905, 1, 4096, 0
4620, 1882393, 1, 4096, 0
4620, 1479055, 1, 4096, 0
4621, 2133367, 1, 4096, 0
4621, 2083052, 1, 4096, 0
4621, 2486764, 1, 4096, 0
4621, 1818571, 1, 4096, 0
4622, 1245532, 1, 4096, 0
4622, 1612640, 1, 4096, 0
4622, 1666978, 1, 4096, 0
4623, 1933632, 1, 4096, 0
4623, 2300942, 1, 4096, 0
4623, 2317916, 1, 4096, 0
4624, 1400995, 1, 4096, 0
4624, 1890308, 1, 4096, 0
4624, 1733380, 1, 4096, 0
4625, 2207212, 1, 4096, 0
4625, 2060840, 1, 4096, 0
4625, 2659862, 1, 4096, 0
4625, 1106610, 1, 4096, 0
4626, 2168383, 1, 4096, 0
4627, 1979089, 1, 4096, 0
4627, 2272324, 1, 4096, 0
4627, 2889019, 1, 4096, 0
4627, 2052997, 1, 4096, 0
4627, 2113111, 1, 4096, 0
4628, 2235060, 1, 4096, 0
4629, 1632076, 1, 4096, 0
4629, 2083973, 1, 4096, 0
4629, 1869562, 1, 4096, 0
4629, 2594299, 1, 4096, 0
4629, 2365049, 1, 4096, 0
4630, 1644462, 1, 4096, 0
4630, 1445852, 1, 4096, 0
4631, 1928236, 1, 4096, 0
4631, 1313195, 1, 4096, 0
4631, 1908534, 1, 4096, 0
4632, 2639327, 1, 4096, 0
4632, 1827290, 1, 4096, 0
4633, 1761965, 1, 4096, 0
4633, 1674936, 1, 4096, 0
4634, 4357208, 1, 4096, 0
4634, 817440, 1, 4096, 0
4635, 765779, 1, 4096, 0
4635, 3486796, 1, 4096, 0
4635, 2382699, 1, 4096, 0
4635, 1069392, 1, 4096, 0
4635, 1740962, 1, 4096, 0
4636, 4845580, 1, 4096, 0
4637, 2014558, 1, 4096, 0
4637, 2637607, 1, 4096, 0
4637, 2909725, 1, 4096, 0
4637, 2257892, 1, 4096, 0
4638, 1677445, 1, 4096, 0
4638, 1667957, 1, 4096, 0
4639, 1143004, 1, 4096, 0
4641, 6158468, 1, 4096, 0
4641, 3994726, 1, 4096, 0
4642, 4114314, 1, 4096, 0
4642, 4462047, 1, 4096, 0
4642, 2922547, 1, 4096, 0
4642, 3497804, 1, 4096, 0
4643, 1709091, 1, 4096, 0
4643, 1751350, 1, 4096, 0
4643, 2406467, 1, 4096, 0
4644, 2211986, 1, 4096, 0
4644, 2103372, 1, 4096, 0
4644, 2304548, 1, 4096, 0
4645, 1688242, 1, 4096, 0
4645, 1593944, 1, 4096, 0
4646, 2173706, 1, 4096, 0
4646, 2385635, 1, 4096, 0
4646, 1972735, 1, 4096, 0
4646, 1039129, 1, 4096, 0
4646, 2766618, 1, 4096, 0
4648, 2063261, 1, 4096, 0
4648, 1682652, 1, 4096, 0
4648, 2799938, 1, 4096, 0
4648, 2467767, 1, 4096, 0
4648, 1739162, 1, 4096, 0
4649, 2141362, 1, 4096, 0
4649, 1011078, 1, 4096, 0
4649, 1505324, 1, 4096, 0
4651, 2484600, 1, 4096, 0
4651, 2453747, 1, 4096, 0
4651, 2141714, 1, 4096, 0
4651, 3104949, 1, 4096, 0
4651, 2065859, 1, 4096, 0
4652, 1101252, 1, 4096, 0
4652, 1510652, 1, 4096, 0
4652, 4144640, 1, 4096, 0
4653, 1536229, 1, 4096, 0
4653, 1499957, 1, 4096, 0
4653, 1999727, 1, 4096, 0
4654, 1521782, 1, 4096, 0
4654, 1461900, 1, 4096, 0
4654, 1651607, 1, 4096, 0
4655, 1787619, 1, 4096, 0
4655, 1103370, 1, 4096, 0
4655, 1308138, 1, 4096, 0
4655, 2334788, 1, 4096, 0
4655, 3243548, 1, 4096, 0
4656, 1659510, 1, 4096, 0
4656, 1051236, 1, 4096, 0
4657, 1788019, 1, 4096, 0
4657, 1690399, 1, 4096, 0
4657, 1913906, 1, 4096, 0
4658, 2725319, 1, 4096, 0
4659, 1925243, 1, 4096, 0
4659, 2995165, 1, 4096, 0
4659, 3027145, 1, 4096, 0
4659, 2004570, 1, 4096, 0
4660, 2334506, 1, 4096, 0
4660, 1354472, 1, 4096, 0
4660, 3306457, 1, 4096, 0
4661, 1802169, 1, 4096, 0
4661, 1766737, 1, 4096, 0
4661, 2089492, 1, 4096, 0
4662, 1622101, 1, 4096, 0
4663, 2041373, 1, 4096, 0
4663, 2381191, 1, 4096, 0
4663, 2053035, 1, 4096, 0
4663, 2857472, 1, 4096, 0
4663, 1628547, 1, 4096, 0
4663, 1628816, 1, 4096, 0
4664, 1488657, 1, 4096, 0
4665, 1986747, 1, 4096, 0
4665, 1989312, 1, 4096, 0
4665, 2249240, 1, 4096, 0
4665, 2358642, 1, 4096, 0
4665, 1753079, 1, 4096, 0
4666, 1584879, 1, 4096, 0
4667, 2273790, 1, 4096, 0
4667, 2143810, 1, 4096, 0
4667, 1839872, 1, 4096, 0
4668, 1336570, 1, 4096, 0
4668, 3114583, 1, 4096, 0
4668, 3007089, 1, 4096, 0
4668, 1834673, 1, 4096, 0
4668, 1496931, 1, 4096, 0
4669, 1742109, 1, 4096, 0
4669, 1256512, 1, 4096, 0
4670, 1734733, 1, 4096, 0
4670, 1299089, 1, 4096, 0
4670, 2135867, 1, 4096, 0
4671, 1299655, 1, 4096, 0
4671, 2307613, 1, 4096, 0
4672, 3424375, 1, 4096, 0
4672, 2002263, 1, 4096, 0
4672, 1939376, 1, 4096, 0
4672, 1717329, 1, 4096, 0
4672, 2167916, 1, 4096, 0
4673, 1806155, 1, 4096, 0
4673, 1491575, 1, 4096, 0
4674, 2094642, 1, 4096, 0
4674, 1564684, 1, 4096, 0
4674, 1960988, 1, 4096, 0
4674, 1556712, 1, 4096, 0
4674, 1271840, 1, 4096, 0
4674, 2881316, 1, 4096, 0
4675, 1517040, 1, 4096, 0
4676, 1571015, 1, 4096, 0
4676, 1263716, 1, 4096, 0
4676, 1280887, 1, 4096, 0
4676, 1347234, 1, 4096, 0
4676, 1987637, 1, 4096, 0
4677, 1344612, 1, 4096, 0
4677, 1775293, 1, 4096, 0
4678, 2095848, 1, 4096, 0
4678, 1014915, 1, 4096, 0
4678, 1167969, 1, 4096, 0
4679, 3106645, 1, 4096, 0
4679, 2421721, 1, 4096, 0
4679, 928326, 1, 4096, 0
4679, 1102566, 1, 4096, 0
4679, 3524377, 1, 4096, 0
4680, 2428224, 1, 4096, 0
4681, 1643652, 1, 4096, 0
4681, 2079305, 1, 4096, 0
4681, 2303519, 1, 4096, 0
4682, 3367237, 1, 4096, 0
4683, 2335824, 1, 4096, 0
4683, 3448581, 1, 4096, 0
4683, 1853995, 1, 4096, 0
4684, 2776676, 1, 4096, 0
4684, 1467524, 1, 4096, 0
4684, 1860455, 1, 4096, 0
4685, 3752718, 1, 4096, 0
4685, 2632818, 1, 4096, 0
4685, 1342345, 1, 4096, 0
4685, 2536712, 1, 4096, 0
4686, 1768582, 1, 4096, 0
4686, 1664007, 1, 4096, 0
4686, 1989935, 1, 4096, 0
4687, 2088563, 1, 4096, 0
4687, 2195923, 1, 4096, 0
4688, 2756885, 1, 4096, 0
4688, 1670407, 1, 4096, 0
4688, 1989296, 1, 4096, 0
4689, 2498257, 1, 4096, 0
4689, 1679444, 1, 4096, 0
4690, 1742372, 1, 4096, 0
4690, 2355811, 1, 4096, 0
4690, 1274597, 1, 4096, 0
4690, 2058400, 1, 4096, 0
4690, 2361208, 1, 4096, 0
4691, 1910110, 1, 4096, 0
4691, 1072998, 1, 4096, 0
4691, 1857633, 1, 4096, 0
4692, 2368141, 1, 4096, 0
4692, 1735886, 1, 4096, 0
4692, 2123344, 1, 4096, 0
4692, 2253847, 1, 4096, 0
4693, 1282788, 1, 4096, 0
4693, 1497885, 1, 4096, 0
4694, 1900337, 1, 4096, 0
4694, 1747957, 1, 4096, 0
4694, 1769776, 1, 4096, 0
4695, 1742946, 1, 4096, 0
4695, 2405703, 1, 4096, 0
4695, 2788789, 1, 4096, 0
4696, 1939070, 1, 4096, 0
4696, 1548536, 1, 4096, 0
4696, 2345023, 1, 4096, 0
4697, 2141955, 1, 4096, 0
4697, 1876963, 1, 4096, 0
4697, 1599347, 1, 4096, 0
4698, 1875152, 1, 4096, 0
4698, 1976665, 1, 4096, 0
4698, 1696406, 1, 4096, 0
4699, 2018875, 1, 4096, 0
4699, 2555923, 1, 4096, 0
4699, 2695714, 1, 4096, 0
4700, 1645836, 1, 4096, 0
4700, 1401958, 1, 4096, 0
4700, 1937146, 1, 4096, 0
4701, 1862897, 1, 4096, 0
4701, 1370952, 1, 4096, 0
4701, 1766466, 1, 4096, 0
4701, 2446863, 1, 4096, 0
4703, 2295890, 1, 4096, 0
4703, 1515479, 1, 4096, 0
4703, 1561396, 1, 4096, 0
4703, 2288861, 1, 4096, 0
4703, 3444287, 1, 4096, 0
4703, 2212476, 1, 4096, 0
4704, 1365129, 1, 4096, 0
4705, 1996704, 1, 4096, 0
4705, 2711297, 1, 4096, 0
4706, 2340075, 1, 4096, 0
4706, 1797209, 1, 4096, 0
4706, 3579770, 1, 4096, 0
4706, 1599967, 1, 4096, 0
4707, 3427831, 1, 4096, 0
4707, 1863987, 1, 4096, 0
4708, 2076158, 1, 4096, 0
4708, 1847267, 1, 4096, 0
4708, 3114987, 1, 4096, 0
4709, 2309805, 1, 4096, 0
4710, 1330040, 1, 4096, 0
4710, 1684943, 1, 4096, 0
4710, 3737849, 1, 4096, 0
4710, 2811194, 1, 4096, 0
4710, 2076437, 1, 4096, 0
4711, 2376367, 1, 4096, 0
4712, 1414371, 1, 4096, 0
4713, 2960918, 1, 4096, 0
4713, 2497593, 1, 4096, 0
4713, 2550423, 1, 4096, 0
4713, 2576601, 1, 4096, 0
4713, 1340802, 1, 4096, 0
4713, 2809795, 1, 4096, 0
4715, 1754582, 1, 4096, 0
4715, 2041672, 1, 4096, 0
4715, 2204683, 1, 4096, 0
4715, 2430042, 1, 4096, 0
4715, 2428702, 1, 4096, 0
4715, 1821138, 1, 4096, 0
4716, 1614409, 1, 4096, 0
4717, 1903502, 1, 4096, 0
4717, 1925766, 1, 4096, 0
4717, 1717371, 1, 4096, 0
4717, 1636713, 1, 4096, 0
4717, 1728928, 1, 4096, 0
4719, 2273549, 1, 4096, 0
4719, 2217550, 1, 4096, 0
4719, 2146371, 1, 4096, 0
4719, 2078525, 1, 4096, 0
4719, 2375303, 1, 4096, 0
4719, 2289663, 1, 4096, 0
4721, 1601782, 1, 4096, 0
4721, 2044394, 1, 4096, 0
4721, 2364167, 1, 4096, 0
4721, 2125831, 1, 4096, 0
4722, 2644313, 1, 4096, 0
4722, 2334581, 1, 4096, 0
4723, 1682550, 1, 4096, 0
4723, 2333222, 1, 4096, 0
4723, 1475609, 1, 4096, 0
4723, 1693876, 1, 4096, 0
4723, 2385318, 1, 4096, 0
4724, 2749184, 1, 4096, 0
4725, 1742576, 1, 4096, 0
4725, 1871326, 1, 4096, 0
4725, 1850725, 1, 4096, 0
4725, 2159661, 1, 4096, 0
4726, 2132698, 1, 4096, 0
4726, 2070615, 1, 4096, 0
4726, 1418189, 1, 4096, 0
4726, 1920335, 1, 4096, 0
4727, 1852207, 1, 4096, 0
4727, 2164450, 1, 4096, 0
4728, 2791897, 1, 4096, 0
4728, 2176359, 1, 4096, 0
4728, 1945469, 1, 4096, 0
4728, 2257467, 1, 4096, 0
4729, 1376450, 1, 4096, 0
4729, 1969509, 1, 4096, 0
4730, 1369955, 1, 4096, 0
4730, 1407343, 1, 4096, 0
4730, 1921786, 1, 4096, 0
4731, 2107232, 1, 4096, 0
4731, 2629719, 1, 4096, 0
4732, 2474279, 1, 4096, 0
4732, 2111644, 1, 4096, 0
4733, 2064691, 1, 4096, 0
4733, 1693800, 1, 4096, 0
4733, 3244850, 1, 4096, 0
4733, 2505890, 1, 4096, 0
4734, 2421093, 1, 4096, 0
4735, 1954027, 1, 4096, 0
4735, 2995597, 1, 4096, 0
4735, 1962384, 1, 4096, 0
4735, 2297421, 1, 4096, 0
4736, 2786535, 1, 4096, 0
4736, 1385185, 1, 4096, 0
4736, 1617777, 1, 4096, 0
4737, 1279540, 1, 4096, 0
4737, 1645241, 1, 4096, 0
4737, 1392678, 1, 4096, 0
4737, 1393019, 1, 4096, 0
4737, 2169574, 1, 4096, 0
4738, 1358178, 1, 4096, 0
4738, 1794589, 1, 4096, 0
4738, 1436958, 1, 4096, 0
4739, 2129490, 1, 4096, 0
4739, 1714611, 1, 4096, 0
4739, 2139985, 1, 4096, 0
4740, 2400131, 1, 4096, 0
4740, 1597739, 1, 4096, 0
4740, 1514513, 1, 4096, 0
4740, 1370030, 1, 4096, 0
4740, 1659700, 1, 4096, 0
4741, 1878517, 1, 4096, 0
4742, 1848965, 1, 4096, 0
4742, 2255458, 1, 4096, 0
4742, 2145557, 1, 4096, 0
4742, 2441364, 1, 4096, 0
4743, 1531782, 1, 4096, 0
4743, 1493070, 1, 4096, 0
4743, 1195180, 1, 4096, 0
4744, 1304538, 1, 4096, 0
4744, 3668715, 1, 4096, 0
4744, 1436419, 1, 4096, 0
4745, 2287566, 1, 4096, 0
4745, 1567278, 1, 4096, 0
4745, 1283255, 1, 4096, 0
4746, 2467307, 1, 4096, 0
4746, 1784912, 1, 4096, 0
4748, 2801400, 1, 4096, 0
4748, 4570531, 1, 4096, 0
4749, 2618862, 1, 4096, 0
4749, 3244553, 1, 4096, 0
4749, 4561749, 1, 4096, 0
4749, 2844056, 1, 4096, 0
4750, 1331060, 1, 4096, 0
4750, 2404075, 1, 4096, 0
4750, 1947124, 1, 4096, 0
4750, 1901714, 1, 4096, 0
4751, 2570007, 1, 4096, 0
4751, 1446433, 1, 4096, 0
4751, 1534893, 1, 4096, 0
4752, 1454279, 1, 4096, 0
4752, 1481477, 1, 4096, 0
4753, 2460998, 1, 4096, 0
4753, 2585201, 1, 4096, 0
4753, 1431493, 1, 4096, 0
4754, 1446902, 1, 4096, 0
4754, 3461709, 1, 4096, 0
4754, 1589128, 1, 4096, 0
4754, 1167666, 1, 4096, 0
4755, 3163153, 1, 4096, 0
4755, 1365067, 1, 4096, 0
4755, 1421350, 1, 4096, 0
4756, 1118084, 1, 4096, 0
4756, 2387796, 1, 4096, 0
4756, 2220052, 1, 4096, 0
4757, 1446920, 1, 4096, 0
4757, 2349777, 1, 4096, 0
4758, 3289924, 1, 4096, 0
4759, 2667318, 1, 4096, 0
4759, 1926804, 1, 4096, 0
4759, 2403367, 1, 4096, 0
4759, 2699442, 1, 4096, 0
4759, 2210790, 1, 4096, 0
4760, 2733829, 1, 4096, 0
4761, 1747989, 1, 4096, 0
4761, 2189955, 1, 4096, 0
4761, 2067937, 1, 4096, 0
4761, 2753039, 1, 4096, 0
4762, 2825699, 1, 4096, 0
4762, 1543142, 1, 4096, 0
4762, 1718541, 1, 4096, 0
4762, 1278918, 1, 4096, 0
4763, 1395508, 1, 4096, 0
4763, 1397616, 1, 4096, 0
4764, 1508213, 1, 4096, 0
4764, 1973710, 1, 4096, 0
4764, 2200353, 1, 4096, 0
4765, 1900129, 1, 4096, 0
4765, 1930288, 1, 4096, 0
4765, 1097465, 1, 4096, 0
4765, 2542036, 1, 4096, 0
4766, 1149986, 1, 4096, 0
4766, 2406725, 1, 4096, 0
4766, 1360481, 1, 4096, 0
4766, 1991555, 1, 4096, 0
4766, 1740667, 1, 4096, 0
4766, 1682093, 1, 4096, 0
4768, 1606930, 1, 4096, 0
4768, 1486370, 1, 4096, 0
4768, 2080280, 1, 4096, 0
4768, 1845420, 1, 4096, 0
4769, 1674397, 1, 4096, 0
4769, 3670070, 1, 4096, 0
4769, 3006425, 1, 4096, 0
4770, 1721159, 1, 4096, 0
4770, 1785797, 1, 4096, 0
4771, 3180087, 1, 4096, 0
4771, 2248484, 1, 4096, 0
4772, 2344376, 1, 4096, 0
4772, 2407321, 1, 4096, 0
4772, 2166853, 1, 4096, 0
4772, 2152878, 1, 4096, 0
4773, 1667811, 1, 4096, 0
4773, 1432838, 1, 4096, 0
4773, 1922375, 1, 4096, 0
4773, 1452177, 1, 4096, 0
4774, 1690469, 1, 4096, 0
4774, 1855141, 1, 4096, 0
4775, 1749798, 1, 4096, 0
4775, 1598212, 1, 4096, 0
4775, 1808896, 1, 4096, 0
4775, 2082589, 1, 4096, 0
4776, 2499382, 1, 4096, 0
4776, 3051884, 1, 4096, 0
4777, 1495761, 1, 4096, 0
4777, 1901038, 1, 4096, 0
4778, 2617222, 1, 4096, 0
4778, 2814306, 1, 4096, 0
4778, 1356624, 1, 4096, 0
4778, 2601294, 1, 4096, 0
4779, 2211832, 1, 4096, 0
4779, 1638963, 1, 4096, 0
4780, 1790376, 1, 4096, 0
4780, 2025814, 1, 4096, 0
4780, 2076034, 1, 4096, 0
4781, 2347373, 1, 4096, 0
4781, 1792438, 1, 4096, 0
4782, 2868090, 1, 4096, 0
4782, 1727582, 1, 4096, 0
4782, 2392401, 1, 4096, 0
4782, 1577786, 1, 4096, 0
4782, 2061980, 1, 4096, 0
4783, 1964288, 1, 4096, 0
4783, 1563260, 1, 4096, 0
4783, 1140568, 1, 4096, 0
4783, 1271130, 1, 4096, 0
4784, 1838037, 1, 4096, 0
4784, 1714196, 1, 4096, 0
4784, 1789727, 1, 4096, 0
4785, 1801820, 1, 4096, 0
4785, 1697521, 1, 4096, 0
4785, 2113310, 1, 4096, 0
4786, 1396143, 1, 4096, 0
4786, 1963438, 1, 4096, 0
4787, 3494013, 1, 4096, 0
4787, 1692975, 1, 4096, 0
4787, 1932330, 1, 4096, 0
4788, 2651760, 1, 4096, 0
4788, 1204892, 1, 4096, 0
4788, 2457780, 1, 4096, 0
4788, 982155, 1, 4096, 0
4789, 2695297, 1, 4096, 0
4789, 1941950, 1, 4096, 0
4790, 1274124, 1, 4096, 0
4790, 1741929, 1, 4096, 0
4791, 2391342, 1, 4096, 0
4791, 2985621, 1, 4096, 0
4791, 1751548, 1, 4096, 0
4792, 1550138, 1, 4096, 0
4792, 2121098, 1, 4096, 0
4792, 3054589, 1, 4096, 0
4792, 1368861, 1, 4096, 0
4792, 1587682, 1, 4096, 0
4792, 1769236, 1, 4096, 0
4793, 1268067, 1, 4096, 0
4794, 1708784, 1, 4096, 0
4794, 2137333, 1, 4096, 0
4794, 2052595, 1, 4096, 0
4795, 1105906, 1, 4096, 0
4795, 2681696, 1, 4096, 0
4795, 1353662, 1, 4096, 0
4795, 1821020, 1, 4096, 0
4795, 3384180, 1, 4096, 0
4795, 1062146, 1, 4096, 0
4797, 1942314, 1, 4096, 0
4797, 1802602, 1, 4096, 0
4797, 1580328, 1, 4096, 0
4797, 1685787, 1, 4096, 0
4797, 2242225, 1, 4096, 0
4797, 1975277, 1, 4096, 0
4798, 1780551, 1, 4096, 0
4798, 1732069, 1, 4096, 0
4799, 2121545, 1, 4096, 0
4799, 2312090, 1, 4096, 0
4799, 1655441, 1, 4096, 0
4799, 1967250, 1, 4096, 0
4800, 1077961, 1, 4096, 0
4800, 1166969, 1, 4096, 0
4800, 2051384, 1, 4096, 0
4801, 1907112, 1, 4096, 0
4801, 1396694, 1, 4096, 0
4801, 2107600, 1, 4096, 0
4801, 2377674, 1, 4096, 0
4802, 1095000, 1, 4096, 0
4802, 920252, 1, 4096, 0
4803, 2703622, 1, 4096, 0
4803, 1978068, 1, 4096, 0
4803, 1634153, 1, 4096, 0
4803, 1235431, 1, 4096, 0
4803, 2928748, 1, 4096, 0
4804, 1505076, 1, 4096, 0
4804, 1367834, 1, 4096, 0
4804, 2074809, 1, 4096, 0
4805, 1624433, 1, 4096, 0
4805, 1732730, 1, 4096, 0
4805, 1522833, 1, 4096, 0
4806, 1538179, 1, 4096, 0
4806, 1954349, 1, 4096, 0
4806, 2003223, 1, 4096, 0
4806, 1598063, 1, 4096, 0
4807, 2063988, 1, 4096, 0
4807, 2223142, 1, 4096, 0
4808, 1866232, 1, 4096, 0
4809, 2526499, 1, 4096, 0
4809, 2428266, 1, 4096, 0
4809, 2920595, 1, 4096, 0
4809, 3065497, 1, 4096, 0
4809, 2748736, 1, 4096, 0
4810, 1866680, 1, 4096, 0
4811, 2013574, 1, 4096, 0
4812, 2583984, 1, 4096, 0
4812, 2691201, 1, 4096, 0
4812, 2449125, 1, 4096, 0
4812, 2039503, 1, 4096, 0
4812, 2823163, 1, 4096, 0
4813, 1488926, 1, 4096, 0
4814, 2406021, 1, 4096, 0
4814, 1822006, 1, 4096, 0
4814, 2015947, 1, 4096, 0
4814, 2567852, 1, 4096, 0
4815, 2709175, 1, 4096, 0
4815, 2069846, 1, 4096, 0
4816, 1418946, 1, 4096, 0
4816, 1964489, 1, 4096, 0
4816, 2131385, 1, 4096, 0
4816, 2317167, 1, 4096, 0
4817, 1750774, 1, 4096, 0
4817, 1545949, 1, 4096, 0
4818, 2433452, 1, 4096, 0
4818, 2646576, 1, 4096, 0
4819, 2819186, 1, 4096, 0
4819, 2350203, 1, 4096, 0
4819, 2494716, 1, 4096, 0
4819, 2618029, 1, 4096, 0
4820, 1147370, 1, 4096, 0
4820, 1279128, 1, 4096, 0
4820, 1221914, 1, 4096, 0
4820, 1927248, 1, 4096, 0
4821, 1601656, 1, 4096, 0
4821, 1797169, 1, 4096, 0
4822, 2017794, 1, 4096, 0
4822, 2271619, 1, 4096, 0
4822, 2192977, 1, 4096, 0
4822, 1758476, 1, 4096, 0
4822, 1571320, 1, 4096, 0
4823, 2339051, 1, 4096, 0
4824, 1274933, 1, 4096, 0
4824, 1800869, 1, 4096, 0
4824, 1838699, 1, 4096, 0
4824, 2097844, 1, 4096, 0
4824, 1674462, 1, 4096, 0
4825, 1211464, 1, 4096, 0
4825, 1943643, 1, 4096, 0
4825, 1964740, 1, 4096, 0
4826, 2360211, 1, 4096, 0
4827, 1352676, 1, 4096, 0
4827, 1095860, 1, 4096, 0
4828, 3535630, 1, 4096, 0
4828, 2904364, 1, 4096, 0
4828, 3691251, 1, 4096, 0
4828, 1139480, 1, 4096, 0
4828, 2802556, 1, 4096, 0
4829, 1467334, 1, 4096, 0
4830, 2285772, 1, 4096, 0
4830, 2594027, 1, 4096, 0
4830, 2254417, 1, 4096, 0
4830, 3018902, 1, 4096, 0
4830, 2210961, 1, 4096, 0
4831, 1774653, 1, 4096, 0
4832, 2053278, 1, 4096, 0
4833, 2345737, 1, 4096, 0
4833, 2149793, 1, 4096, 0
4833, 2628093, 1, 4096, 0
4833, 2807432, 1, 4096, 0
4833, 2261772, 1, 4096, 0
4834, 2049387, 1, 4096, 0
4835, 1623124, 1, 4096, 0
4835, 2487096, 1, 4096, 0
4835, 2887711, 1, 4096, 0
4836, 2909872, 1, 4096, 0
4836, 2297955, 1, 4096, 0
4836, 1415850, 1, 4096, 0
4837, 1331599, 1, 4096, 0
4837, 2683040, 1, 4096, 0
4837, 2061762, 1, 4096, 0
4837, 1671697, 1, 4096, 0
4837, 1837956, 1, 4096, 0
4838, 1601844, 1, 4096, 0
4839, 1900527, 1, 4096, 0
4839, 1846651, 1, 4096, 0
4839, 2118893, 1, 4096, 0
4839, 2115591, 1, 4096, 0
4840, 2051075, 1, 4096, 0
4840, 3003942, 1, 4096, 0
4840, 1565627, 1, 4096, 0
4840, 1158182, 1, 4096, 0
4841, 1702990, 1, 4096, 0
4841, 1818641, 1, 4096, 0
4841, 1487823, 1, 4096, 0
4841, 999672, 1, 4096, 0
4842, 1667730, 1, 4096, 0
4842, 1745615, 1, 4096, 0
4843, 1533553, 1, 4096, 0
4843, 2110068, 1, 4096, 0
4843, 1487972, 1, 4096, 0
4843, 2064794, 1, 4096, 0
4844, 3101762, 1, 4096, 0
4844, 2228320, 1, 4096, 0
4845, 2029665, 1, 4096, 0
4845, 1610752, 1, 4096, 0
4845, 1656990, 1, 4096, 0
4845, 2162588, 1, 4096, 0
4847, 1861982, 1, 4096, 0
4847, 1627217, 1, 4096, 0
4847, 2281054, 1, 4096, 0
4847, 3087203, 1, 4096, 0
4847, 2422265, 1, 4096, 0
4847, 2787843, 1, 4096, 0
4848, 1398654, 1, 4096, 0
4849, 1548245, 1, 4096, 0
4849, 1893493, 1, 4096, 0
4849, 2129237, 1, 4096, 0
4850, 3048661, 1, 4096, 0
4850, 3142476, 1, 4096, 0
4851, 1925705, 1, 4096, 0
4851, 2245408, 1, 4096, 0
4851, 1599049, 1, 4096, 0
4851, 1822870, 1, 4096, 0
4851, 1181704, 1, 4096, 0
4853, 1836030, 1, 4096, 0
4853, 2761807, 1, 4096, 0
4853, 3081565, 1, 4096, 0
4853, 2533480, 1, 4096, 0
4854, 3786379, 1, 4096, 0
4854, 3677386, 1, 4096, 0
4855, 2145658, 1, 4096, 0
4855, 2150278, 1, 4096, 0
4856, 2388455, 1, 4096, 0
4856, 2403779, 1, 4096, 0
4856, 1860828, 1, 4096, 0
4856, 1994771, 1, 4096, 0
4857, 1445736, 1, 4096, 0
4858, 2067570, 1, 4096, 0
4858, 1813148, 1, 4096, 0
4858, 1525475, 1, 4096, 0
4858, 1539304, 1, 4096, 0
4858, 2497037, 1, 4096, 0
4858, 1533280, 1, 4096, 0
4859, 1279119, 1, 4096, 0
4860, 2098382, 1, 4096, 0
4860, 1748725, 1, 4096, 0
4860, 2087465, 1, 4096, 0
4860, 1442757, 1, 4096, 0
4860, 1836769, 1, 4096, 0
4861, 1963607, 1, 4096, 0
4861, 1318072, 1, 4096, 0
4861, 1413632, 1, 4096, 0
4862, 1630061, 1, 4096, 0
4863, 1707013, 1, 4096, 0
4863, 1634660, 1, 4096, 0
4863, 2492081, 1, 4096, 0
4863, 3007737, 1, 4096, 0
4863, 2466579, 1, 4096, 0
4864, 1376712, 1, 4096, 0
4864, 1693341, 1, 4096, 0
4864, 2793615, 1, 4096, 0
4865, 1996039, 1, 4096, 0
4866, 3144737, 1, 4096, 0
4866, 2414405, 1, 4096, 0
4866, 1783243, 1, 4096, 0
4866, 1941620, 1, 4096, 0
4867, 2343032, 1, 4096, 0
4867, 1839427, 1, 4096, 0
4867, 1551914, 1, 4096, 0
4868, 1146574, 1, 4096, 0
4868, 2080241, 1, 4096, 0
4868, 1373412, 1, 4096, 0
4868, 2255428, 1, 4096, 0
4869, 1173230, 1, 4096, 0
4869, 3039692, 1, 4096, 0
4870, 1476307, 1, 4096, 0
4870, 2192261, 1, 4096, 0
4870, 1895663, 1, 4096, 0
4870, 2001353, 1, 4096, 0
4871, 2072038, 1, 4096, 0
4871, 1787232, 1, 4096, 0
4872, 1964592, 1, 4096, 0
4872, 2256256, 1, 4096, 0
4872, 1717880, 1, 4096, 0
4872, 2637184, 1, 4096, 0
4873, 1500796, 1, 4096, 0
4873, 1389551, 1, 4096, 0
4873, 1797843, 1, 4096, 0
4874, 2187209, 1, 4096, 0
4874, 2299307, 1, 4096, 0
4874, 1403168, 1, 4096, 0
4875, 1471867, 1, 4096, 0
4875, 2436195, 1, 4096, 0
4875, 2124216, 1, 4096, 0
4876, 1878922, 1, 4096, 0
4876, 1959145, 1, 4096, 0
4876, 3459531, 1, 4096, 0
4876, 1359518, 1, 4096, 0
4877, 1462522, 1, 4096, 0
4878, 2077936, 1, 4096, 0
4878, 2011499, 1, 4096, 0
4878, 1691904, 1, 4096, 0
4878, 2499428, 1, 4096, 0
4879, 2266063, 1, 4096, 0
4879, 1898330, 1, 4096, 0
4879, 1506493, 1, 4096, 0
4880, 1675235, 1, 4096, 0
4880, 2104309, 1, 4096, 0
4880, 2084252, 1, 4096, 0
4880, 1386564, 1, 4096, 0
4880, 1811682, 1, 4096, 0
4881, 1668951, 1, 4096, 0
4881, 1130981, 1, 4096, 0
4882, 1725566, 1, 4096, 0
4882, 2350666, 1, 4096, 0
4882, 2019014, 1, 4096, 0
4882, 1794023, 1, 4096, 0
4883, 1387950, 1, 4096, 0
4883, 1711787, 1, 4096, 0
4883, 926233, 1, 4096, 0
4884, 2336421, 1, 4096, 0
4884, 1785341, 1, 4096, 0
4884, 1930568, 1, 4096, 0
4884, 1722997, 1, 4096, 0
4885, 1964570, 1, 4096, 0
4886, 1616947, 1, 4096, 0
4886, 1619579, 1, 4096, 0
4886, 3081545, 1, 4096, 0
4886, 1580444, 1, 4096, 0
4886, 1119240, 1, 4096, 0
4887, 2876225, 1, 4096, 0
4887, 1015344, 1, 4096, 0
4888, 1737291, 1, 4096, 0
4888, 1785125, 1, 4096, 0
4888, 2458580, 1, 4096, 0
4888, 2398661, 1, 4096, 0
4889, 2083925, 1, 4096, 0
4889, 2221725, 1, 4096, 0
4889, 1736416, 1, 4096, 0
4890, 1503151, 1, 4096, 0
4890, 2628755, 1, 4096, 0
4890, 2348850, 1, 4096, 0
4891, 1586505, 1, 4096, 0
4891, 1843335, 1, 4096, 0
4891, 1829536, 1, 4096, 0
4892, 2613056, 1, 4096, 0
4892, 1947448, 1, 4096, 0
4893, 1233086, 1, 4096, 0
4893, 1808946, 1, 4096, 0
4893, 1943962, 1, 4096, 0
4894, 3269930, 1, 4096, 0
4894, 1868749, 1, 4096, 0
4895, 2028320, 1, 4096, 0
4895, 1788309, 1, 4096, 0
4895, 2338062, 1, 4096, 0
4895, 2059950, 1, 4096, 0
4896, 2387805, 1, 4096, 0
4896, 2679821, 1, 4096, 0
4897, 1828294, 1, 4096, 0
4897, 2201567, 1, 4096, 0
4898, 2847383, 1, 4096, 0
4898, 2910945, 1, 4096, 0
4898, 1764604, 1, 4096, 0
4898, 2033066, 1, 4096, 0
4898, 1596750, 1, 4096, 0
4899, 1616962, 1, 4096, 0
4899, 1771742, 1, 4096, 0
4899, 1767803, 1, 4096, 0
4900, 2060005, 1, 4096, 0
4901, 2388550, 1, 4096, 0
4901, 2041268, 1, 4096, 0
4901, 2652257, 1, 4096, 0
4901, 1457594, 1, 4096, 0
4901, 1677908, 1, 4096, 0
4902, 1392407, 1, 4096, 0
4902, 1405177, 1, 4096, 0
4903, 1760695, 1, 4096, 0
4903, 1969076, 1, 4096, 0
4903, 1485940, 1, 4096, 0
4903, 2287959, 1, 4096, 0
4904, 2259080, 1, 4096, 0
4904, 1787799, 1, 4096, 0
4904, 2435322, 1, 4096, 0
4905, 1837513, 1, 4096, 0
4905, 2817006, 1, 4096, 0
4905, 2837412, 1, 4096, 0
4906, 1880893, 1, 4096, 0
4906, 1598325, 1, 4096, 0
4906, 1932664, 1, 4096, 0
4907, 2015570, 1, 4096, 0
4907, 1590091, 1, 4096, 0
4907, 1813732, 1, 4096, 0
4908, 1884795, 1, 4096, 0
4908, 1621092, 1, 4096, 0
4908, 1563245, 1, 4096, 0
4909, 2638683, 1, 4096, 0
4909, 1517971, 1, 4096, 0
4909, 2153129, 1, 4096, 0
4909, 1989391, 1, 4096, 0
4909, 1833458, 1, 4096, 0
4910, 1573272, 1, 4096, 0
4911, 1755903, 1, 4096, 0
4911, 1664941, 1, 4096, 0
4911, 1792743, 1, 4096, 0
4911, 1987782, 1, 4096, 0
4912, 1734588, 1, 4096, 0
4912, 2292427, 1, 4096, 0
4912, 1350391, 1, 4096, 0
4912, 1292188, 1, 4096, 0
4912, 1416578, 1, 4096, 0
4914, 2351836, 1, 4096, 0
4914, 1576611, 1, 4096, 0
4914, 1972681, 1, 4096, 0
4914, 2342144, 1, 4096, 0
4915, 3049331, 1, 4096, 0
4916, 2027030, 1, 4096, 0
4916, 3362601, 1, 4096, 0
4916, 1781191, 1, 4096, 0
4916, 1825263, 1, 4096, 0
4916, 2284764, 1, 4096, 0
4917, 1189539, 1, 4096, 0
4917, 1501645, 1, 4096, 0
4917, 1566776, 1, 4096, 0
4918, 1881102, 1, 4096, 0
4918, 2208424, 1, 4096, 0
4918, 3407934, 1, 4096, 0
4919, 1833907, 1, 4096, 0
4919, 1819337, 1, 4096, 0
4920, 2114056, 1, 4096, 0
4920, 1887312, 1, 4096, 0
4920, 2581963, 1, 4096, 0
4920, 2838492, 1, 4096, 0
4921, 1830392, 1, 4096, 0
4922, 1490502, 1, 4096, 0
4922, 1689139, 1, 4096, 0
4922, 1506211, 1, 4096, 0
4922, 2587893, 1, 4096, 0
4922, 1773287, 1, 4096, 0
4923, 2162395, 1, 4096, 0
4924, 1679454, 1, 4096, 0
4924, 1921934, 1, 4096, 0
4924, 1987199, 1, 4096, 0
4924, 1984456, 1, 4096, 0
4925, 3020441, 1, 4096, 0
4925, 1843532, 1, 4096, 0
4925, 1376802, 1, 4096, 0
4925, 1828311, 1, 4096, 0
4926, 1699357, 1, 4096, 0
4926, 1427500, 1, 4096, 0
4926, 2492755, 1, 4096, 0
4927, 1684031, 1, 4096, 0
4927, 1930585, 1, 4096, 0
4927, 1452905, 1, 4096, 0
4927, 1703971, 1, 4096, 0
4928, 1724471, 1, 4096, 0
4928, 2011357, 1, 4096, 0
4928, 1150257, 1, 4096, 0
4929, 1950346, 1, 4096, 0
4929, 1838881, 1, 4096, 0
4929, 1720019, 1, 4096, 0
4930, 1442075, 1, 4096, 0
4930, 1003271, 1, 4096, 0
4930, 2045039, 1, 4096, 0
4930, 1807615, 1, 4096, 0
4931, 1193530, 1, 4096, 0
4932, 2860092, 1, 4096, 0
4932, 1679129, 1, 4096, 0
4932, 1950797, 1, 4096, 0
4932, 1642602, 1, 4096, 0
4933, 3077261, 1, 4096, 0
4933, 3993367, 1, 4096, 0
4933, 1394095, 1, 4096, 0
4934, 1652959, 1, 4096, 0
4934, 1144290, 1, 4096, 0
4934, 1710032, 1, 4096, 0
4934, 2696531, 1, 4096, 0
4935, 1939198, 1, 4096, 0
4935, 2262951, 1, 4096, 0
4936, 952498, 1, 4096, 0
4936, 2017429, 1, 4096, 0
4936, 1803600, 1, 4096, 0
4936, 2189950, 1, 4096, 0
4936, 1509551, 1, 4096, 0
4937, 3035013, 1, 4096, 0
4938, 1765519, 1, 4096, 0
4938, 2071038, 1, 4096, 0
4938, 2382485, 1, 4096, 0
4939, 2182284, 1, 4096, 0
4939, 2370101, 1, 4096, 0
4939, 1670192, 1, 4096, 0
4940, 1805000, 1, 4096, 0
4940, 1178753, 1, 4096, 0
4940, 2125469, 1, 4096, 0
4940, 2227185, 1, 4096, 0
4941, 1891555, 1, 4096, 0
4941, 1229980, 1, 4096, 0
4941, 1348359, 1, 4096, 0
4941, 2518299, 1, 4096, 0
4942, 1966460, 1, 4096, 0
4942, 1798225, 1, 4096, 0
4942, 1262302, 1, 4096, 0
4942, 1285690, 1, 4096, 0
4943, 2000878, 1, 4096, 0
4943, 1865970, 1, 4096, 0
4944, 1886111, 1, 4096, 0
4944, 1997995, 1, 4096, 0
4944, 1939561, 1, 4096, 0
4944, 2352768, 1, 4096, 0
4944, 1285709, 1, 4096, 0
4945, 1326782, 1, 4096, 0
4945, 2107571, 1, 4096, 0
4946, 1336080, 1, 4096, 0
4946, 1479377, 1, 4096, 0
4946, 2357959, 1, 4096, 0
4946, 1554383, 1, 4096, 0
4946, 2209748, 1, 4096, 0
4948, 2309038, 1, 4096, 0
4948, 2908469, 1, 4096, 0
4948, 2263823, 1, 4096, 0
4949, 2865053, 1, 4096, 0
4949, 2162060, 1, 4096, 0
4949, 2187785, 1, 4096, 0
4950, 1893224, 1, 4096, 0
4950, 1823702, 1, 4096, 0
4950, 1920439, 1, 4096, 0
4951, 2539403, 1, 4096, 0
4951, 2564326, 1, 4096, 0
4952, 1676928, 1, 4096, 0
4952, 3435341, 1, 4096, 0
4952, 1591492, 1, 4096, 0
4953, 1707215, 1, 4096, 0
4953, 2785087, 1, 4096, 0
4954, 2487845, 1, 4096, 0
4954, 2077455, 1, 4096, 0
4954, 2087134, 1, 4096, 0
4955, 3504314, 1, 4096, 0
4955, 2262423, 1, 4096, 0
4955, 2215014, 1, 4096, 0
4955, 1518775, 1, 4096, 0
4956, 2050235, 1, 4096, 0
4956, 1775572, 1, 4096, 0
4957, 1634464, 1, 4096, 0
4957, 1740458, 1, 4096, 0
4957, 1555281, 1, 4096, 0
4958, 2584270, 1, 4096, 0
4958, 2518571, 1, 4096, 0
4959, 1755688, 1, 4096, 0
4959, 1874224, 1, 4096, 0
4959, 2166318, 1, 4096, 0
4959, 3370638, 1, 4096, 0
4959, 1184369, 1, 4096, 0
4960, 1804300, 1, 4096, 0
4960, 1055132, 1, 4096, 0
4960, 1288786, 1, 4096, 0
4961, 1931993, 1, 4096, 0
4962, 2568855, 1, 4096, 0
4962, 1695701, 1, 4096, 0
4962, 1218474, 1, 4096, 0
4962, 3471784, 1, 4096, 0
4963, 2649701, 1, 4096, 0
4963, 2769941, 1, 4096, 0
4964, 1819454, 1, 4096, 0
4964, 2149232, 1, 4096, 0
4964, 2430956, 1, 4096, 0
4964, 1438679, 1, 4096, 0
4966, 1890108, 1, 4096, 0
4966, 1560618, 1, 4096, 0
4966, 2006448, 1, 4096, 0
4966, 4213346, 1, 4096, 0
4966, 3255860, 1, 4096, 0
4967, 2985675, 1, 4096, 0
4967, 1575826, 1, 4096, 0
4968, 1351147, 1, 4096, 0
4968, 2045365, 1, 4096, 0
4968, 2533160, 1, 4096, 0
4968, 2061688, 1, 4096, 0
4969, 1944691, 1, 4096, 0
4969, 1541555, 1, 4096, 0
4970, 2581598, 1, 4096, 0
4970, 1099652, 1, 4096, 0
4971, 2429492, 1, 4096, 0
4971, 2427416, 1, 4096, 0
4971, 2409839, 1, 4096, 0
4972, 2977007, 1, 4096, 0
4972, 2128304, 1, 4096, 0
4972, 1589537, 1, 4096, 0
4973, 2345603, 1, 4096, 0
4973, 2073269, 1, 4096, 0
4974, 2293101, 1, 4096, 0
4974, 1643461, 1, 4096, 0
4974, 3645640, 1, 4096, 0
4975, 2113255, 1, 4096, 0
4975, 2253965, 1, 4096, 0
4975, 2972683, 1, 4096, 0
4976, 2200598, 1, 4096, 0
4976, 1908940, 1, 4096, 0
4977, 1614668, 1, 4096, 0
4977, 1649531, 1, 4096, 0
4977, 2002176, 1, 4096, 0
4978, 3331205, 1, 4096, 0
4978, 2178741, 1, 4096, 0
4978, 1736311, 1, 4096, 0
4978, 1760465, 1, 4096, 0
4979, 2702121, 1, 4096, 0
4979, 1527156, 1, 4096, 0
4980, 1658265, 1, 4096, 0
4980, 1180845, 1, 4096, 0
4980, 2272304, 1, 4096, 0
4980, 1813527, 1, 4096, 0
4981, 2251576, 1, 4096, 0
4981, 2150882, 1, 4096, 0
4981, 1514297, 1, 4096, 0
4982, 1519741, 1, 4096, 0
4982, 1109335, 1, 4096, 0
4982, 1944861, 1, 4096, 0
4982, 2015833, 1, 4096, 0
4982, 1235783, 1, 4096, 0
4983, 1345492, 1, 4096, 0
4983, 1354731, 1, 4096, 0
4983, 1283313, 1, 4096, 0
4984, 1813619, 1, 4096, 0
4984, 2238689, 1, 4096, 0
4984, 2271567, 1, 4096, 0
4985, 2007561, 1, 4096, 0
4985, 2104244, 1, 4096, 0
4985, 2358354, 1, 4096, 0
4986, 1208186, 1, 4096, 0
4986, 1972953, 1, 4096, 0
4986, 2846040, 1, 4096, 0
4987, 1975004, 1, 4096, 0
4987, 1628924, 1, 4096, 0
4987, 1797503, 1, 4096, 0
4988, 2066529, 1, 4096, 0
4989, 2200472, 1, 4096, 0
4989, 2170541, 1, 4096, 0
4989, 1718182, 1, 4096, 0
4989, 1863306, 1, 4096, 0
4989, 2651322, 1, 4096, 0
4990, 1330295, 1, 4096, 0
4990, 3395675, 1, 4096, 0
4991, 1964668, 1, 4096, 0
4991, 1646031, 1, 4096, 0
4991, 2645273, 1, 4096, 0
4992, 2223834, 1, 4096, 0
4992, 1939833, 1, 4096, 0
4992, 2492064, 1, 4096, 0
4993, 1674949, 1, 4096, 0
4993, 1921176, 1, 4096, 0
4993, 2136219, 1, 4096, 0
4993, 1846107, 1, 4096, 0
4994, 1548058, 1, 4096, 0
4994, 1759184, 1, 4096, 0
4995, 1676070, 1, 4096, 0
4995, 1980351, 1, 4096, 0
4995, 2354543, 1, 4096, 0
4995, 1407956, 1, 4096, 0
4995, 1987954, 1, 4096, 0
4996, 1821516, 1, 4096, 0
4996, 1008445, 1, 4096, 0
4997, 2312476, 1, 4096, 0
4998, 820784, 1, 4096, 0
4998, 2731322, 1, 4096, 0
4999, 2768581, 1, 4096, 0
4999, 3399772, 1, 4096, 0
4999, 3370034, 1, 4096, 0
4999, 3093530, 1, 4096, 0
5000, 1652060, 1, 4096, 0
5000, 2022294, 1, 4096, 0
5000, 2140035, 1, 4096, 0
5001, 1913543, 1, 4096, 0
5001, 2285354, 1, 4096, 0
5001, 2507228, 1, 4096, 0
5001, 1214228, 1, 4096, 0
5002, 1749429, 1, 4096, 0
5002, 1834532, 1, 4096, 0
5002, 1287171, 1, 4096, 0
5003, 1640399, 1, 4096, 0
5003, 2020954, 1, 4096, 0
5003, 2449220, 1, 4096, 0
5003, 1443195, 1, 4096, 0
5004, 1375867, 1, 4096, 0
5005, 2882759, 1, 4096, 0
5005, 1713042, 1, 4096, 0
5005, 2036296, 1, 4096, 0
5005, 1843849, 1, 4096, 0
5006, 2775768, 1, 4096, 0
5006, 2996535, 1, 4096, 0
5006, 1342003, 1, 4096, 0
5006, 1261431, 1, 4096, 0
5007, 2130596, 1, 4096, 0
5008, 1620976, 1, 4096, 0
5008, 2498780, 1, 4096, 0
5008, 1676519, 1, 4096, 0
5009, 2250009, 1, 4096, 0
5009, 2204419, 1, 4096, 0
5009, 1761186, 1, 4096, 0
5010, 2180411, 1, 4096, 0
5010, 2257991, 1, 4096, 0
5011, 2372648, 1, 4096, 0
5011, 2333398, 1, 4096, 0
5011, 2990734, 1, 4096, 0
5012, 2077927, 1, 4096, 0
5012, 1570481, 1, 4096, 0
5012, 2993162, 1, 4096, 0
5012, 1440976, 1, 4096, 0
5013, 1683132, 1, 4096, 0
5013, 2261648, 1, 4096, 0
5014, 2060315, 1, 4096, 0
5014, 2378507, 1, 4096, 0
5014, 1787542, 1, 4096, 0
5014, 1819086, 1, 4096, 0
5015, 1485641, 1, 4096, 0
5015, 2652505, 1, 4096, 0
5015, 1325277, 1, 4096, 0
5016, 1919813, 1, 4096, 0
5016, 1455497, 1, 4096, 0
5016, 1749996, 1, 4096, 0
5017, 2120809, 1, 4096, 0
5017, 2783030, 1, 4096, 0
5017, 1780401, 1, 4096, 0
5018, 1398961, 1, 4096, 0
5018, 1932965, 1, 4096, 0
5018, 1995422, 1, 4096, 0
5018, 1988751, 1, 4096, 0
5019, 1655578, 1, 4096, 0
5019, 1837431, 1, 4096, 0
5019, 1531759, 1, 4096, 0
5020, 1458017, 1, 4096, 0
5020, 1890236, 1, 4096, 0
5021, 1922763, 1, 4096, 0
5021, 2355743, 1, 4096, 0
5021, 1677028, 1, 4096, 0
5021, 2473143, 1, 4096, 0
5021, 1348697, 1, 4096, 0
5022, 1635541, 1, 4096, 0
5022, 2373203, 1, 4096, 0
5023, 1623347, 1, 4096, 0
5023, 2292152, 1, 4096, 0
5023, 1912188, 1, 4096, 0
5023, 2309167, 1, 4096, 0
5024, 1370666, 1, 4096, 0
5024, 1848887, 1, 4096, 0
5025, 1902302, 1, 4096, 0
5025, 2237914, 1, 4096, 0
5025, 1885093, 1, 4096, 0
5025, 1992395, 1, 4096, 0
5026, 1539796, 1, 4096, 0
5026, 3114057, 1, 4096, 0
5026, 1443173, 1, 4096, 0
5027, 1347653, 1, 4096, 0
5027, 1810092, 1, 4096, 0
5027, 1668149, 1, 4096, 0
5028, 1153423, 1, 4096, 0
5028, 2140459, 1, 4096, 0
5028, 1857050, 1, 4096, 0
5028, 1383213, 1, 4096, 0
5029, 1862027, 1, 4096, 0
5029, 1501648, 1, 4096, 0
5030, 2375059, 1, 4096, 0
5030, 2165084, 1, 4096, 0
5030, 1840946, 1, 4096, 0
5030, 1565126, 1, 4096, 0
5030, 2100762, 1, 4096, 0
5031, 1401724, 1, 4096, 0
5032, 1564964, 1, 4096, 0
5032, 2115948, 1, 4096, 0
5032, 2400525, 1, 4096, 0
5032, 1646209, 1, 4096, 0
5032, 1804827, 1, 4096, 0
5033, 999239, 1, 4096, 0
5033, 2560403, 1, 4096, 0
5033, 1244062, 1, 4096, 0
5033, 1382815, 1, 4096, 0
5034, 1892038, 1, 4096, 0
5034, 1476629, 1, 4096, 0
5035, 2213473, 1, 4096, 0
5035, 1446031, 1, 4096, 0
5035, 1972880, 1, 4096, 0
5035, 1931058, 1, 4096, 0
5036, 1444260, 1, 4096, 0
5036, 1850438, 1, 4096, 0
5036, 1348851, 1, 4096, 0
5037, 3182086, 1, 4096, 0
5037, 2184973, 1, 4096, 0
5037, 1537488, 1, 4096, 0
5038, 1808699, 1, 4096, 0
5038, 1375853, 1, 4096, 0
5038, 1788799, 1, 4096, 0
5038, 1892670, 1, 4096, 0
5039, 1921056, 1, 4096, 0
5039, 1564133, 1, 4096, 0
5039, 1379311, 1, 4096, 0
5040, 1893622, 1, 4096, 0
5040, 1963309, 1, 4096, 0
5040, 1908611, 1, 4096, 0
5041, 2085682, 1, 4096, 0
5041, 2163693, 1, 4096, 0
5041, 1141457, 1, 4096, 0
5042, 1440070, 1, 4096, 0
5042, 1799365, 1, 4096, 0
5042, 1304034, 1, 4096, 0
5042, 2806310, 1, 4096, 0
5042, 1565568, 1, 4096, 0
5043, 1082826, 1, 4096, 0
5044, 1357585, 1, 4096, 0
5044, 1958905, 1, 4096, 0
5044, 2550813, 1, 4096, 0
5045, 1185067, 1, 4096, 0
5045, 2363453, 1, 4096, 0
5045, 3230889, 1, 4096, 0
5045, 4104866, 1, 4096, 0
5045, 1535436, 1, 4096, 0
5046, 1853707, 1, 4096, 0
5047, 2242668, 1, 4096, 0
5047, 1890561, 1, 4096, 0
5047, 2060663, 1, 4096, 0
5048, 2352283, 1, 4096, 0
5048, 2492852, 1, 4096, 0
5048, 2450840, 1, 4096, 0
5049, 1972771, 1, 4096, 0
5049, 2228703, 1, 4096, 0
5049, 2227266, 1, 4096, 0
5050, 1903877, 1, 4096, 0
5050, 1376575, 1, 4096, 0
5050, 2119124, 1, 4096, 0
5051, 1127983, 1, 4096, 0
5051, 1478810, 1, 4096, 0
5051, 1857695, 1, 4096, 0
5051, 1439312, 1, 4096, 0
5051, 1326730, 1, 4096, 0
5051, 1624461, 1, 4096, 0
5052, 1589443, 1, 4096, 0
5052, 1212066, 1, 4096, 0
5052, 1873117, 1, 4096, 0
5054, 2312960, 1, 4096, 0
5054, 2411096, 1, 4096, 0
5054, 1248207, 1, 4096, 0
5054, 2553277, 1, 4096, 0
5055, 2175643, 1, 4096, 0
5055, 2249345, 1, 4096, 0
5055, 1483646, 1, 4096, 0
5056, 2031709, 1, 4096, 0
5056, 2109701, 1, 4096, 0
5056, 2014753, 1, 4096, 0
5056, 1572676, 1, 4096, 0
5057, 1960834, 1, 4096, 0
5057, 1540781, 1, 4096, 0
5058, 1954105, 1, 4096, 0
5058, 2580454, 1, 4096, 0
5058, 2668178, 1, 4096, 0
5059, 1875024, 1, 4096, 0
5059, 1862534, 1, 4096, 0
5059, 2580752, 1, 4096, 0
5059, 1831958, 1, 4096, 0
5060, 1595892, 1, 4096, 0
5060, 1490215, 1, 4096, 0
5061, 1827521, 1, 4096, 0
5061, 2221572, 1, 4096, 0
5061, 2839865, 1, 4096, 0
5061, 1988834, 1, 4096, 0
5062, 1865584, 1, 4096, 0
5062, 1854100, 1, 4096, 0
5062, 1666819, 1, 4096, 0
5063, 2344559, 1, 4096, 0
5063, 1336734, 1, 4096, 0
5064, 2254260, 1, 4096, 0
5064, 2276321, 1, 4096, 0
5064, 1921686, 1, 4096, 0
5064, 2191171, 1, 4096, 0
5064, 1514713, 1, 4096, 0
5065, 1666243, 1, 4096, 0
5065, 1592341, 1, 4096, 0
5065, 1771679, 1, 4096, 0
5066, 2003881, 1, 4096, 0
5066, 1388721, 1, 4096, 0
5067, 1954998, 1, 4096, 0
5067, 2640969, 1, 4096, 0
5067, 1771655, 1, 4096, 0
5068, 1868127, 1, 4096, 0
5068, 2061719, 1, 4096, 0
5068, 2832796, 1, 4096, 0
5069, 1560146, 1, 4096, 0
5069, 1980106, 1, 4096, 0
5069, 1285272, 1, 4096, 0
5069, 1450650, 1, 4096, 0
5069, 2034584, 1, 4096, 0
5070, 1225232, 1, 4096, 0
5070, 1896963, 1, 4096, 0
5071, 1780828, 1, 4096, 0
5071, 2150661, 1, 4096, 0
5072, 2354770, 1, 4096, 0
5072, 1862267, 1, 4096, 0
5072, 2748491, 1, 4096, 0
5072, 2183463, 1, 4096, 0
5073, 2114147, 1, 4096, 0
5073, 2034507, 1, 4096, 0
5073, 1758986, 1, 4096, 0
5074, 1607418, 1, 4096, 0
5074, 2365451, 1, 4096, 0
5074, 1366717, 1, 4096, 0
5074, 2392573, 1, 4096, 0
5075, 1409674, 1, 4096, 0
5075, 1235189, 1, 4096, 0
5076, 2158684, 1, 4096, 0
5076, 1734876, 1, 4096, 0
5076, 2111359, 1, 4096, 0
5076, 2257714, 1, 4096, 0
5077, 1422830, 1, 4096, 0
5077, 1289612, 1, 4096, 0
5078, 2437091, 1, 4096, 0
5078, 1379985, 1, 4096, 0
5078, 1702427, 1, 4096, 0
5078, 3422997, 1, 4096, 0
5079, 2378709, 1, 4096, 0
5079, 1546088, 1, 4096, 0
5080, 2260760, 1, 4096, 0
5080, 2020282, 1, 4096, 0
5081, 2589405, 1, 4096, 0
5081, 1899002, 1, 4096, 0
5081, 2681537, 1, 4096, 0
5082, 1255413, 1, 4096, 0
5082, 1281781, 1, 4096, 0
5082, 1738138, 1, 4096, 0
5082, 4309058, 1, 4096, 0
5083, 2788135, 1, 4096, 0
5083, 1535163, 1, 4096, 0
5083, 1482146, 1, 4096, 0
5084, 2270179, 1, 4096, 0
5084, 1771104, 1, 4096, 0
5085, 2702606, 1, 4096, 0
5085, 1521783, 1, 4096, 0
5085, 1964980, 1, 4096, 0
5085, 1826169, 1, 4096, 0
5086, 2638693, 1, 4096, 0
5087, 3188155, 1, 4096, 0
5087, 1648626, 1, 4096, 0
5087, 2048251, 1, 4096, 0
5088, 2553375, 1, 4096, 0
5088, 1151920, 1, 4096, 0
5088, 912978, 1, 4096, 0
5088, 3117198, 1, 4096, 0
5088, 2217098, 1, 4096, 0
5089, 1764028, 1, 4096, 0
5089, 1490167, 1, 4096, 0
5090, 2907839, 1, 4096, 0
5090, 1946353, 1, 4096, 0
5090, 1813541, 1, 4096, 0
5091, 2417345, 1, 4096, 0
5091, 1445089, 1, 4096, 0
5092, 2334130, 1, 4096, 0
5092, 1625232, 1, 4096, 0
5092, 2442500, 1, 4096, 0
5092, 1835889, 1, 4096, 0
5092, 1794312, 1, 4096, 0
5093, 2039879, 1, 4096, 0
5093, 1590543, 1, 4096, 0
5093, 1653278, 1, 4096, 0
5094, 1690412, 1, 4096, 0
5094, 1289341, 1, 4096, 0
5095, 1384090, 1, 4096, 0
5095, 1314708, 1, 4096, 0
5095, 1980473, 1, 4096, 0
5096, 3376369, 1, 4096, 0
5097, 1791250, 1, 4096, 0
5097, 1562741, 1, 4096, 0
5097, 3798932, 1, 4096, 0
5097, 2976270, 1, 4096, 0
5097, 1720242, 1, 4096, 0
5098, 2209607, 1, 4096, 0
5098, 1379093, 1, 4096, 0
5098, 1806119, 1, 4096, 0
5098, 1729551, 1, 4096, 0
5099, 2000787, 1, 4096, 0
5099, 1766008, 1, 4096, 0
5100, 2152012, 1, 4096, 0
5100, 1146123, 1, 4096, 0
5100, 1819862, 1, 4096, 0
5100, 1838151, 1, 4096, 0
5101, 2535022, 1, 4096, 0
5101, 2276084, 1, 4096, 0
5101, 1736195, 1, 4096, 0
5102, 1823181, 1, 4096, 0
5102, 2122822, 1, 4096, 0
5102, 1877795, 1, 4096, 0
5103, 2259401, 1, 4096, 0
5103, 1388388, 1, 4096, 0
5103, 1856342, 1, 4096, 0
5104, 2183904, 1, 4096, 0
5104, 1556047, 1, 4096, 0
5104, 1568413, 1, 4096, 0
5105, 1875556, 1, 4096, 0
5105, 2305053, 1, 4096, 0
5105, 1197964, 1, 4096, 0
5105, 2950212, 1, 4096, 0
5105, 1706856, 1, 4096, 0
5106, 2220088, 1, 4096, 0
5106, 1262866, 1, 4096, 0
5106, 1333293, 1, 4096, 0
5107, 1511466, 1, 4096, 0
5107, 1673796, 1, 4096, 0
5108, 1329182, 1, 4096, 0
5108, 1962116, 1, 4096, 0
5108, 1937730, 1, 4096, 0
5109, 1501145, 1, 4096, 0
5109, 3336184, 1, 4096, 0
5110, 3279331, 1, 4096, 0
5110, 1270322, 1, 4096, 0
5110, 1556927, 1, 4096, 0
5110, 1416891, 1, 4096, 0
5110, 1936363, 1, 4096, 0
5111, 1675795, 1, 4096, 0
5112, 4001074, 1, 4096, 0
5112, 1779912, 1, 4096, 0
5112, 2164322, 1, 4096, 0
5112, 2884535, 1, 4096, 0
5116, 1716004, 1, 4096, 0
5116, 1753899, 1, 4096, 0
5116, 2119786, 1, 4096, 0
5116, 2112670, 1, 4096, 0
5117, 2561255, 1, 4096, 0
5118, 1606748, 1, 4096, 0
5118, 4037477, 1, 4096, 0
5119, 1644879, 1, 4096, 0
5119, 2681608, 1, 4096, 0
5119, 2716646, 1, 4096, 0
5119, 1603018, 1, 4096, 0
5120, 3166887, 1, 4096, 0
5120, 1857826, 1, 4096, 0
5120, 2032142, 1, 4096, 0
5121, 1988603, 1, 4096, 0
5122, 1123679, 1, 4096, 0
5122, 2408593, 1, 4096, 0
5122, 1878854, 1, 4096, 0
5123, 3991886, 1, 4096, 0
5123, 1793661, 1, 4096, 0
5123, 3728419, 1, 4096, 0
5123, 1570205, 1, 4096, 0
5124, 2098876, 1, 4096, 0
5124, 1950718, 1, 4096, 0
5124, 1537386, 1, 4096, 0
5124, 1398583, 1, 4096, 0
5124, 1327217, 1, 4096, 0
5126, 2770382, 1, 4096, 0
5126, 1602890, 1, 4096, 0
5126, 1489532, 1, 4096, 0
5126, 1731138, 1, 4096, 0
5126, 1700464, 1, 4096, 0
5126, 1914895, 1, 4096, 0
5127, 1664584, 1, 4096, 0
5127, 1689334, 1, 4096, 0
5128, 1425230, 1, 4096, 0
5128, 1872390, 1, 4096, 0
5128, 2228436, 1, 4096, 0
5129, 2485272, 1, 4096, 0
5129, 1581150, 1, 4096, 0
5129, 1630447, 1, 4096, 0
5130, 2298479, 1, 4096, 0
5130, 1248479, 1, 4096, 0
5131, 2890352, 1, 4096, 0
5131, 2197175, 1, 4096, 0
5131, 2870317, 1, 4096, 0
5132, 2985808, 1, 4096, 0
5132, 1929073, 1, 4096, 0
5132, 2194203, 1, 4096, 0
5133, 2093981, 1, 4096, 0
5133, 2160169, 1, 4096, 0
5133, 2378398, 1, 4096, 0
5134, 1615369, 1, 4096, 0
5134, 1456696, 1, 4096, 0
5134, 1732780, 1, 4096, 0
5134, 1369574, 1, 4096, 0
5135, 2067837, 1, 4096, 0
5135, 1190172, 1, 4096, 0
5136, 2026183, 1, 4096, 0
5137, 2276852, 1, 4096, 0
5137, 3594516, 1, 4096, 0
5137, 3059208, 1, 4096, 0
5137, 1456320, 1, 4096, 0
5137, 1906193, 1, 4096, 0
5137, 1428417, 1, 4096, 0
5138, 1217359, 1, 4096, 0
5139, 2058899, 1, 4096, 0
5139, 2201153, 1, 4096, 0
5139, 2241245, 1, 4096, 0
5139, 2084189, 1, 4096, 0
5139, 2237590, 1, 4096, 0
5140, 1718749, 1, 4096, 0
5140, 1317150, 1, 4096, 0
5141, 1718379, 1, 4096, 0
5141, 2171066, 1, 4096, 0
5141, 1970975, 1, 4096, 0
5141, 2090981, 1, 4096, 0
5142, 1890261, 1, 4096, 0
5142, 1254801, 1, 4096, 0
5142, 1502605, 1, 4096, 0
5142, 1186852, 1, 4096, 0
5143, 1912583, 1, 4096, 0
5143, 2932426, 1, 4096, 0
5144, 1861014, 1, 4096, 0
5144, 1943472, 1, 4096, 0
5144, 2067385, 1, 4096, 0
5145, 1962296, 1, 4096, 0
5146, 1954451, 1, 4096, 0
5146, 1168182, 1, 4096, 0
5146, 3549422, 1, 4096, 0
5146, 3005394, 1, 4096, 0
5146, 2003993, 1, 4096, 0
5147, 1236771, 1, 4096, 0
5147, 2429841, 1, 4096, 0
5148, 2123018, 1, 4096, 0
5148, 1960870, 1, 4096, 0
5148, 1958011, 1, 4096, 0
5148, 1239943, 1, 4096, 0
5149, 2430738, 1, 4096, 0
5149, 1732446, 1, 4096, 0
5150, 2160991, 1, 4096, 0
5150, 2060016, 1, 4096, 0
5150, 2310316, 1, 4096, 0
5150, 2010382, 1, 4096, 0
5151, 1794037, 1, 4096, 0
5151, 1656475, 1, 4096, 0
5151, 1672508, 1, 4096, 0
5152, 1594598, 1, 4096, 0
5152, 1883671, 1, 4096, 0
5152, 2581247, 1, 4096, 0
5153, 1146664, 1, 4096, 0
5153, 2287132, 1, 4096, 0
5153, 2185227, 1, 4096, 0
5154, 1969622, 1, 4096, 0
5154, 2806417, 1, 4096, 0
5154, 1994306, 1, 4096, 0
5155, 1831616, 1, 4096, 0
5155, 2111293, 1, 4096, 0
5156, 1559937, 1, 4096, 0
5156, 2253865, 1, 4096, 0
5156, 3647225, 1, 4096, 0
5157, 2375370, 1, 4096, 0
5157, 2424963, 1, 4096, 0
5158, 2103512, 1, 4096, 0
5158, 1890904, 1, 4096, 0
5158, 1609930, 1, 4096, 0
5158, 2027156, 1, 4096, 0
5159, 2450268, 1, 4096, 0
5159, 1867519, 1, 4096, 0
5159, 1498638, 1, 4096, 0
5159, 1400546, 1, 4096, 0
5160, 2165284, 1, 4096, 0
5161, 1443097, 1, 4096, 0
5161, 2196128, 1, 4096, 0
5161, 1861592, 1, 4096, 0
5161, 1884093, 1, 4096, 0
5161, 2271566, 1, 4096, 0
5162, 1253760, 1, 4096, 0
5162, 1832327, 1, 4096, 0
5163, 1826320, 1, 4096, 0
5163, 1439889, 1, 4096, 0
5163, 2257186, 1, 4096, 0
5163, 2152270, 1, 4096, 0
5164, 1687652, 1, 4096, 0
5164, 2248198, 1, 4096, 0
5164, 1741283, 1, 4096, 0
5165, 1521785, 1, 4096, 0
5165, 1829629, 1, 4096, 0
5165, 2100061, 1, 4096, 0
5165, 1665686, 1, 4096, 0
5166, 1630299, 1, 4096, 0
5166, 1361219, 1, 4096, 0
5166, 1400903, 1, 4096, 0
5166, 1443980, 1, 4096, 0
5166, 1713854, 1, 4096, 0
5167, 2025100, 1, 4096, 0
5168, 1411911, 1, 4096, 0
5168, 1887353, 1, 4096, 0
5168, 2028470, 1, 4096, 0
5169, 2488734, 1, 4096, 0
5169, 2275260, 1, 4096, 0
5169, 2015255, 1, 4096, 0
5169, 1660137, 1, 4096, 0
5170, 1124157, 1, 4096, 0
5170, 2027803, 1, 4096, 0
5170, 2035644, 1, 4096, 0
5171, 1390210, 1, 4096, 0
5171, 2053776, 1, 4096, 0
5171, 1577164, 1, 4096, 0
5171, 1373534, 1, 4096, 0
5172, 1928608, 1, 4096, 0
5172, 2183930, 1, 4096, 0
5172, 1068721, 1, 4096, 0
5172, 1541331, 1, 4096, 0
5172, 1792326, 1, 4096, 0
5173, 2017218, 1, 4096, 0
5173, 1327159, 1, 4096, 0
5174, 1813069, 1, 4096, 0
5174, 1592156, 1, 4096, 0
5174, 2081699, 1, 4096, 0
5174, 2741019, 1, 4096, 0
5175, 1539991, 1, 4096, 0
5176, 1680710, 1, 4096, 0
5176, 2420689, 1, 4096, 0
5176, 1385542, 1, 4096, 0
5176, 1414040, 1, 4096, 0
5176, 1968259, 1, 4096, 0
5176, 2467294, 1, 4096, 0
5177, 1495590, 1, 4096, 0
5177, 1268439, 1, 4096, 0
5177, 1136828, 1, 4096, 0
5178, 2497583, 1, 4096, 0
5178, 2713820, 1, 4096, 0
5179, 2084833, 1, 4096, 0
5179, 1177637, 1, 4096, 0
5179, 1469496, 1, 4096, 0
5179, 2001995, 1, 4096, 0
5180, 1131081, 1, 4096, 0
5180, 1424275, 1, 4096, 0
5180, 1274819, 1, 4096, 0
5181, 2131277, 1, 4096, 0
5181, 2715460, 1, 4096, 0
5182, 1917752, 1, 4096, 0
5182, 2474649, 1, 4096, 0
5182, 3075528, 1, 4096, 0
5183, 2982819, 1, 4096, 0
5184, 2869994, 1, 4096, 0
5184, 2580141, 1, 4096, 0
5184, 2286545, 1, 4096, 0
5184, 2177275, 1, 4096, 0
5185, 2846347, 1, 4096, 0
5185, 1743877, 1, 4096, 0
5185, 1417017, 1, 4096, 0
5186, 1394242, 1, 4096, 0
5186, 1332116, 1, 4096, 0
5186, 1905633, 1, 4096, 0
5187, 2033971, 1, 4096, 0
5188, 3814487, 1, 4096, 0
5188, 2385836, 1, 4096, 0
5188, 1120684, 1, 4096, 0
5188, 1552124, 1, 4096, 0
5188, 2033465, 1, 4096, 0
5188, 2197403, 1, 4096, 0
5189, 1305306, 1, 4096, 0
5189, 1397790, 1, 4096, 0
5189, 1477137, 1, 4096, 0
5189, 1403111, 1, 4096, 0
5189, 1399399, 1, 4096, 0
5190, 1576635, 1, 4096, 0
5191, 1430526, 1, 4096, 0
5191, 1948771, 1, 4096, 0
5191, 2641828, 1, 4096, 0
5192, 2354949, 1, 4096, 0
5192, 3052468, 1, 4096, 0
5192, 1626518, 1, 4096, 0
5193, 3350353, 1, 4096, 0
5193, 1673500, 1, 4096, 0
5193, 2440895, 1, 4096, 0
5193, 1939532, 1, 4096, 0
5194, 1308480, 1, 4096, 0
5194, 1352547, 1, 4096, 0
5195, 1493005, 1, 4096, 0
5195, 2936773, 1, 4096, 0
5196, 2321395, 1, 4096, 0
5196, 2342241, 1, 4096, 0
5196, 3036556, 1, 4096, 0
5196, 1837571, 1, 4096, 0
5197, 1446141, 1, 4096, 0
5197, 1958838, 1, 4096, 0
5198, 1685640, 1, 4096, 0
5198, 2258840, 1, 4096, 0
5198, 2821601, 1, 4096, 0
5199, 1447629, 1, 4096, 0
5199, 2402091, 1, 4096, 0
5199, 1813098, 1, 4096, 0
5199, 1394369, 1, 4096, 0
5200, 1719367, 1, 4096, 0
5200, 1877345, 1, 4096, 0
5201, 1984756, 1, 4096, 0
5201, 2481312, 1, 4096, 0
5202, 2000673, 1, 4096, 0
5202, 2175675, 1, 4096, 0
5202, 3881676, 1, 4096, 0
5202, 1661886, 1, 4096, 0
5203, 2149144, 1, 4096, 0
5203, 1446364, 1, 4096, 0
5204, 1852354, 1, 4096, 0
5204, 2459675, 1, 4096, 0
5204, 2105734, 1, 4096, 0
5205, 2471334, 1, 4096, 0
5205, 1145513, 1, 4096, 0
5205, 2868031, 1, 4096, 0
5206, 1492963, 1, 4096, 0
5206, 1675951, 1, 4096, 0
5206, 3035844, 1, 4096, 0
5207, 1835464, 1, 4096, 0
5207, 2061416, 1, 4096, 0
5207, 1433910, 1, 4096, 0
5207, 1468039, 1, 4096, 0
5207, 1986221, 1, 4096, 0
5208, 1891147, 1, 4096, 0
5208, 1230545, 1, 4096, 0
5208, 1750255, 1, 4096, 0
5210, 2060543, 1, 4096, 0
5210, 3314164, 1, 4096, 0
5210, 3001524, 1, 4096, 0
5210, 1580183, 1, 4096, 0
5210, 2268934, 1, 4096, 0
5210, 1690425, 1, 4096, 0
5211, 1249584, 1, 4096, 0
5211, 1864544, 1, 4096, 0
5211, 1381161, 1, 4096, 0
5212, 1586610, 1, 4096, 0
5212, 1695761, 1, 4096, 0
5212, 2452705, 1, 4096, 0
5213, 1667223, 1, 4096, 0
5213, 1625338, 1, 4096, 0
5214, 2423834, 1, 4096, 0
5214, 1427040, 1, 4096, 0
5214, 2220827, 1, 4096, 0
5214, 3099011, 1, 4096, 0
5215, 1552423, 1, 4096, 0
5215, 1199093, 1, 4096, 0
5215, 1170936, 1, 4096, 0
5215, 2383621, 1, 4096, 0
5216, 1663851, 1, 4096, 0
5216, 1846547, 1, 4096, 0
5217, 1068284, 1, 4096, 0
5217, 1231781, 1, 4096, 0
5217, 2054269, 1, 4096, 0
5217, 1826734, 1, 4096, 0
5217, 2166169, 1, 4096, 0
5217, 1642451, 1, 4096, 0
5218, 1437143, 1, 4096, 0
5219, 2040156, 1, 4096, 0
5219, 1608354, 1, 4096, 0
5219, 2058826, 1, 4096, 0
5219, 1592890, 1, 4096, 0
5219, 2018731, 1, 4096, 0
5221, 1546168, 1, 4096, 0
5221, 2605371, 1, 4096, 0
5221, 1584090, 1, 4096, 0
5221, 1892762, 1, 4096, 0
5221, 1940389, 1, 4096, 0
5221, 1647754, 1, 4096, 0
5222, 1479298, 1, 4096, 0
5222, 1587211, 1, 4096, 0
5222, 1293074, 1, 4096, 0
5222, 1536320, 1, 4096, 0
5223, 1923174, 1, 4096, 0
5223, 2008624, 1, 4096, 0
5224, 1590609, 1, 4096, 0
5224, 1689468, 1, 4096, 0
5224, 2058970, 1, 4096, 0
5225, 1960864, 1, 4096, 0
5225, 2350770, 1, 4096, 0
5226, 1673238, 1, 4096, 0
5226, 2987603, 1, 4096, 0
5226, 1464435, 1, 4096, 0
5226, 2363305, 1, 4096, 0
5226, 1650386, 1, 4096, 0
5227, 2471500, 1, 4096, 0
5227, 1623965, 1, 4096, 0
5227, 1723606, 1, 4096, 0
5228, 1635400, 1, 4096, 0
5228, 1992688, 1, 4096, 0
5228, 2327285, 1, 4096, 0
5229, 1361657, 1, 4096, 0
5229, 2116848, 1, 4096, 0
5229, 1736655, 1, 4096, 0
5230, 1769802, 1, 4096, 0
5230, 2320689, 1, 4096, 0
5231, 1992698, 1, 4096, 0
5231, 1886058, 1, 4096, 0
5231, 2801672, 1, 4096, 0
5231, 2353588, 1, 4096, 0
5232, 1968908, 1, 4096, 0
5232, 2350074, 1, 4096, 0
5233, 1819773, 1, 4096, 0
5233, 2209785, 1, 4096, 0
5233, 1638983, 1, 4096, 0
5233, 1853313, 1, 4096, 0
5234, 1764003, 1, 4096, 0
5234, 1549975, 1, 4096, 0
5234, 1133549, 1, 4096, 0
5234, 1202153, 1, 4096, 0
5234, 1652380, 1, 4096, 0
5235, 2025326, 1, 4096, 0
5236, 1914890, 1, 4096, 0
5236, 1649474, 1, 4096, 0
5236, 1937755, 1, 4096, 0
5236, 1801857, 1, 4096, 0
5236, 2100584, 1, 4096, 0
5237, 1416543, 1, 4096, 0
5237, 1479985, 1, 4096, 0
5238, 1823442, 1, 4096, 0
5238, 2102394, 1, 4096, 0
5238, 1458054, 1, 4096, 0
5238, 2466638, 1, 4096, 0
5238, 2027609, 1, 4096, 0
5239, 1355936, 1, 4096, 0
5240, 1453582, 1, 4096, 0
5240, 2535892, 1, 4096, 0
5240, 1933552, 1, 4096, 0
5240, 1564572, 1, 4096, 0
5240, 1339173, 1, 4096, 0
5241, 2772499, 1, 4096, 0
5241, 1563182, 1, 4096, 0
5241, 1807318, 1, 4096, 0
5242, 1947955, 1, 4096, 0
5242, 1903426, 1, 4096, 0
5243, 1328382, 1, 4096, 0
5243, 1408614, 1, 4096, 0
5243, 2966229, 1, 4096, 0
5244, 1670956, 1, 4096, 0
5244, 1126114, 1, 4096, 0
5244, 1484511, 1, 4096, 0
5244, 2738670, 1, 4096, 0
5244, 2487593, 1, 4096, 0
5245, 1576045, 1, 4096, 0
5245, 1216546, 1, 4096, 0
5246, 2481825, 1, 4096, 0
5246, 2019913, 1, 4096, 0
5246, 1873674, 1, 4096, 0
5246, 2278679, 1, 4096, 0
5247, 1869494, 1, 4096, 0
5247, 2096141, 1, 4096, 0
5247, 1763656, 1, 4096, 0
5248, 2088602, 1, 4096, 0
5248, 2008812, 1, 4096, 0
5249, 1404872, 1, 4096, 0
5249, 2993914, 1, 4096, 0
5249, 2123175, 1, 4096, 0
5249, 1847509, 1, 4096, 0
5250, 1268812, 1, 4096, 0
5250, 2066394, 1, 4096, 0
5251, 1517801, 1, 4096, 0
5251, 1942816, 1, 4096, 0
5251, 1943583, 1, 4096, 0
5252, 2079390, 1, 4096, 0
5252, 2566581, 1, 4096, 0
5252, 2123512, 1, 4096, 0
5252, 1589009, 1, 4096, 0
5252, 1654515, 1, 4096, 0
5253, 2738565, 1, 4096, 0
5254, 1628353, 1, 4096, 0
5254, 1349414, 1, 4096, 0
5254, 2414252, 1, 4096, 0
5254, 1902972, 1, 4096, 0
5255, 2692363, 1, 4096, 0
5255, 1724895, 1, 4096, 0
5255, 1824083, 1, 4096, 0
5256, 1579562, 1, 4096, 0
5256, 1570641, 1, 4096, 0
5256, 2600995, 1, 4096, 0
5257, 1624256, 1, 4096, 0
5258, 2848615, 1, 4096, 0
5258, 2552944, 1, 4096, 0
5258, 1952086, 1, 4096, 0
5258, 3302633, 1, 4096, 0
5259, 2796792, 1, 4096, 0
5259, 1116265, 1, 4096, 0
5259, 1391968, 1, 4096, 0
5260, 2190959, 1, 4096, 0
5260, 1241157, 1, 4096, 0
5260, 1309263, 1, 4096, 0
5261, 1799419, 1, 4096, 0
5261, 1467126, 1, 4096, 0
5261, 3144410, 1, 4096, 0
5262, 1226245, 1, 4096, 0
5262, 1853705, 1, 4096, 0
5262, 2533014, 1, 4096, 0
5262, 2743426, 1, 4096, 0
5262, 1909613, 1, 4096, 0
5263, 1066800, 1, 4096, 0
5263, 1374852, 1, 4096, 0
5264, 1161644, 1, 4096, 0
5264, 2204074, 1, 4096, 0
5264, 1452593, 1, 4096, 0
5264, 2026276, 1, 4096, 0
5265, 1642467, 1, 4096, 0
5265, 1680756, 1, 4096, 0
5265, 1713942, 1, 4096, 0
5265, 2090325, 1, 4096, 0
5266, 1573970, 1, 4096, 0
5266, 1992635, 1, 4096, 0
5267, 2145673, 1, 4096, 0
5267, 1704941, 1, 4096, 0
5268, 2258224, 1, 4096, 0
5268, 2260306, 1, 4096, 0
5268, 2346766, 1, 4096, 0
5268, 1111947, 1, 4096, 0
5275, 8928042, 1, 4096, 0
5275, 7186737, 1, 4096, 0
5275, 7658167, 1, 4096, 0
5275, 7419828, 1, 4096, 0
5275, 7464378, 1, 4096, 0
5275, 6749572, 1, 4096, 0
5277, 1513446, 1, 4096, 0
5277, 1926991, 1, 4096, 0
5277, 1673694, 1, 4096, 0
5277, 2054185, 1, 4096, 0
5277, 1934081, 1, 4096, 0
5277, 2249528, 1, 4096, 0
5278, 1592886, 1, 4096, 0
5279, 1531875, 1, 4096, 0
5279, 1556722, 1, 4096, 0
5279, 1896529, 1, 4096, 0
5279, 2274988, 1, 4096, 0
5279, 2246758, 1, 4096, 0
5280, 1329474, 1, 4096, 0
5280, 1794150, 1, 4096, 0
5280, 1383149, 1, 4096, 0
5280, 1591261, 1, 4096, 0
5281, 1614999, 1, 4096, 0
5281, 1850631, 1, 4096, 0
5281, 1281865, 1, 4096, 0
5282, 1592184, 1, 4096, 0
5282, 1504950, 1, 4096, 0
5282, 1428726, 1, 4096, 0
5282, 2493910, 1, 4096, 0
5283, 1542101, 1, 4096, 0
5283, 1612227, 1, 4096, 0
5283, 1926390, 1, 4096, 0
5284, 1411843, 1, 4096, 0
5284, 2501274, 1, 4096, 0
5284, 2098366, 1, 4096, 0
5284, 1852293, 1, 4096, 0
5285, 1427424, 1, 4096, 0
5285, 1607705, 1, 4096, 0
5286, 1623186, 1, 4096, 0
5286, 1654718, 1, 4096, 0
5286, 1592011, 1, 4096, 0
5286, 2139501, 1, 4096, 0
5287, 1889899, 1, 4096, 0
5287, 1571318, 1, 4096, 0
5288, 2311759, 1, 4096, 0
5288, 2027704, 1, 4096, 0
5289, 1908243, 1, 4096, 0
5289, 4015295, 1, 4096, 0
5289, 2813180, 1, 4096, 0
5289, 1518175, 1, 4096, 0
5290, 2248732, 1, 4096, 0
5290, 1768777, 1, 4096, 0
5291, 1852593, 1, 4096, 0
5291, 1280342, 1, 4096, 0
5291, 2038999, 1, 4096, 0
5292, 2946709, 1, 4096, 0
5292, 2413021, 1, 4096, 0
5292, 1939346, 1, 4096, 0
5293, 1118635, 1, 4096, 0
5293, 3127082, 1, 4096, 0
5293, 2843651, 1, 4096, 0
5294, 1408115, 1, 4096, 0
5294, 1177209, 1, 4096, 0
5294, 2243951, 1, 4096, 0
5294, 1618989, 1, 4096, 0
5295, 2117466, 1, 4096, 0
5295, 1143046, 1, 4096, 0
5295, 1762977, 1, 4096, 0
5296, 1303318, 1, 4096, 0
5296, 2319855, 1, 4096, 0
5296, 1104784, 1, 4096, 0
5297, 4088325, 1, 4096, 0
5298, 1768274, 1, 4096, 0
5298, 3098605, 1, 4096, 0
5298, 2058675, 1, 4096, 0
5298, 2700188, 1, 4096, 0
5298, 2007282, 1, 4096, 0
5299, 1649850, 1, 4096, 0
5300, 1639811, 1, 4096, 0
5300, 1707839, 1, 4096, 0
5300, 2449944, 1, 4096, 0
5300, 2462945, 1, 4096, 0
5301, 1768895, 1, 4096, 0
5301, 1547293, 1, 4096, 0
5302, 4118023, 1, 4096, 0
5302, 1922456, 1, 4096, 0
5302, 1857066, 1, 4096, 0
5302, 1870524, 1, 4096, 0
5303, 1231497, 1, 4096, 0
5303, 1718633, 1, 4096, 0
5303, 2004524, 1, 4096, 0
5304, 2065474, 1, 4096, 0
5304, 1843359, 1, 4096, 0
5304, 1212991, 1, 4096, 0
5304, 2260668, 1, 4096, 0
5305, 2063751, 1, 4096, 0
5306, 1531948, 1, 4096, 0
5306, 2446850, 1, 4096, 0
5306, 2682226, 1, 4096, 0
5307, 1409547, 1, 4096, 0
5307, 2567197, 1, 4096, 0
5307, 2727675, 1, 4096, 0
5307, 1759180, 1, 4096, 0
5308, 2080495, 1, 4096, 0
5308, 1330444, 1, 4096, 0
5308, 1713704, 1, 4096, 0
5308, 1979887, 1, 4096, 0
5309, 1589231, 1, 4096, 0
5309, 1687123, 1, 4096, 0
5309, 1114027, 1, 4096, 0
5310, 2881252, 1, 4096, 0
5310, 1634073, 1, 4096, 0
5310, 1257527, 1, 4096, 0
5311, 1200853, 1, 4096, 0
5311, 2867446, 1, 4096, 0
5311, 1714258, 1, 4096, 0
5311, 1298848, 1, 4096, 0
5311, 1110983, 1, 4096, 0
5312, 1157533, 1, 4096, 0
5312, 1455143, 1, 4096, 0
5312, 1012564, 1, 4096, 0
5313, 2589549, 1, 4096, 0
5313, 1389250, 1, 4096, 0
5314, 1474309, 1, 4096, 0
5314, 1128789, 1, 4096, 0
5314, 1923411, 1, 4096, 0
5314, 2707154, 1, 4096, 0
5314, 2588981, 1, 4096, 0
5316, 2168829, 1, 4096, 0
5316, 2458264, 1, 4096, 0
5316, 2205860, 1, 4096, 0
5316, 2540496, 1, 4096, 0
5316, 2357329, 1, 4096, 0
5317, 1246435, 1, 4096, 0
5317, 1054279, 1, 4096, 0
5317, 1486827, 1, 4096, 0
5318, 3678366, 1, 4096, 0
5318, 1893534, 1, 4096, 0
5318, 2085840, 1, 4096, 0
5319, 1495143, 1, 4096, 0
5319, 1330898, 1, 4096, 0
5320, 2616614, 1, 4096, 0
5320, 1763202, 1, 4096, 0
5320, 1674064, 1, 4096, 0
5320, 2486457, 1, 4096, 0
5321, 1889649, 1, 4096, 0
5321, 3030466, 1, 4096, 0
5322, 1413223, 1, 4096, 0
5322, 1539498, 1, 4096, 0
5322, 1686318, 1, 4096, 0
5322, 1500206, 1, 4096, 0
5322, 2041254, 1, 4096, 0
5324, 4098866, 1, 4096, 0
5324, 1868361, 1, 4096, 0
5324, 1824888, 1, 4096, 0
5324, 1744827, 1, 4096, 0
5324, 1896201, 1, 4096, 0
5325, 2352739, 1, 4096, 0
5325, 1288490, 1, 4096, 0
5325, 1384834, 1, 4096, 0
5325, 1528022, 1, 4096, 0
5325, 1529252, 1, 4096, 0
5325, 1647724, 1, 4096, 0
5327, 1791583, 1, 4096, 0
5327, 1738672, 1, 4096, 0
5327, 2387940, 1, 4096, 0
5327, 1712631, 1, 4096, 0
5327, 1732487, 1, 4096, 0
5327, 1910560, 1, 4096, 0
5329, 2222228, 1, 4096, 0
5329, 2407710, 1, 4096, 0
5329, 2429318, 1, 4096, 0
5329, 2327198, 1, 4096, 0
5329, 2272561, 1, 4096, 0
5330, 2556100, 1, 4096, 0
5331, 1597653, 1, 4096, 0
5331, 2117582, 1, 4096, 0
5331, 1412356, 1, 4096, 0
5331, 1931674, 1, 4096, 0
5331, 1977820, 1, 4096, 0
5332, 2832674, 1, 4096, 0
5333, 2022723, 1, 4096, 0
5333, 1961617, 1, 4096, 0
5333, 1819406, 1, 4096, 0
5333, 2225053, 1, 4096, 0
5334, 2573718, 1, 4096, 0
5334, 1680555, 1, 4096, 0
5335, 1973641, 1, 4096, 0
5335, 1987891, 1, 4096, 0
5336, 1632291, 1, 4096, 0
5336, 1647717, 1, 4096, 0
5336, 2500093, 1, 4096, 0
5337, 3584605, 1, 4096, 0
5337, 1631747, 1, 4096, 0
5337, 1427388, 1, 4096, 0
5337, 1951583, 1, 4096, 0
5338, 2228135, 1, 4096, 0
5338, 2034088, 1, 4096, 0
5339, 1362373, 1, 4096, 0
5339, 1281160, 1, 4096, 0
5339, 1718791, 1, 4096, 0
5339, 1993875, 1, 4096, 0
5339, 1825074, 1, 4096, 0
5340, 3242235, 1, 4096, 0
5340, 1582701, 1, 4096, 0
5340, 1575582, 1, 4096, 0
5340, 1127514, 1, 4096, 0
5341, 1670137, 1, 4096, 0
5341, 2222254, 1, 4096, 0
5342, 2210946, 1, 4096, 0
5342, 947222, 1, 4096, 0
5343, 2291699, 1, 4096, 0
5343, 3331395, 1, 4096, 0
5344, 1361115, 1, 4096, 0
5344, 1047457, 1, 4096, 0
5344, 3498137, 1, 4096, 0
5344, 1734568, 1, 4096, 0
5344, 3690427, 1, 4096, 0
5345, 1946747, 1, 4096, 0
5346, 1910932, 1, 4096, 0
5346, 1740633, 1, 4096, 0
5347, 2445801, 1, 4096, 0
5347, 2672394, 1, 4096, 0
5347, 1251451, 1, 4096, 0
5347, 1422663, 1, 4096, 0
5347, 1480477, 1, 4096, 0
5348, 3979447, 1, 4096, 0
5349, 1413422, 1, 4096, 0
5349, 1972345, 1, 4096, 0
5349, 2086164, 1, 4096, 0
5349, 1999885, 1, 4096, 0
5350, 1225413, 1, 4096, 0
5350, 1628261, 1, 4096, 0
5350, 1692207, 1, 4096, 0
5350, 3747745, 1, 4096, 0
5350, 2275371, 1, 4096, 0
5352, 2451084, 1, 4096, 0
5352, 1643957, 1, 4096, 0
5352, 1724839, 1, 4096, 0
5352, 1929141, 1, 4096, 0
5352, 1966082, 1, 4096, 0
5353, 1724065, 1, 4096, 0
5354, 3727312, 1, 4096, 0
5354, 1927167, 1, 4096, 0
5354, 1586705, 1, 4096, 0
5356, 3880450, 1, 4096, 0
5356, 1958896, 1, 4096, 0
5356, 3555749, 1, 4096, 0
5356, 2729912, 1, 4096, 0
5357, 3306393, 1, 4096, 0
5357, 2845275, 1, 4096, 0
5358, 1777664, 1, 4096, 0
5358, 2048171, 1, 4096, 0
5358, 2067959, 1, 4096, 0
5358, 1596838, 1, 4096, 0
5358, 1778822, 1, 4096, 0
5358, 1784140, 1, 4096, 0
5360, 1653640, 1, 4096, 0
5360, 2094428, 1, 4096, 0
5360, 1660359, 1, 4096, 0
5361, 2813293, 1, 4096, 0
5361, 2652527, 1, 4096, 0
5361, 2843329, 1, 4096, 0
5361, 1438180, 1, 4096, 0
5362, 1899839, 1, 4096, 0
5362, 2641260, 1, 4096, 0
5363, 1894939, 1, 4096, 0
5363, 1678226, 1, 4096, 0
5364, 2995933, 1, 4096, 0
5364, 2701423, 1, 4096, 0
5364, 2078777, 1, 4096, 0
5365, 3425224, 1, 4096, 0
5365, 1362965, 1, 4096, 0
5365, 2322668, 1, 4096, 0
5366, 1812198, 1, 4096, 0
5366, 2910827, 1, 4096, 0
5367, 2141680, 1, 4096, 0
5367, 1840777, 1, 4096, 0
5367, 1687310, 1, 4096, 0
5367, 2011210, 1, 4096, 0
5367, 1898081, 1, 4096, 0
5368, 2338186, 1, 4096, 0
5369, 1216697, 1, 4096, 0
5369, 2223035, 1, 4096, 0
5369, 2246343, 1, 4096, 0
5370, 3103150, 1, 4096, 0
5370, 1692303, 1, 4096, 0
5370, 2527154, 1, 4096, 0
5370, 1316278, 1, 4096, 0
5371, 1782187, 1, 4096, 0
5371, 2271022, 1, 4096, 0
5371, 1460332, 1, 4096, 0
5372, 1902833, 1, 4096, 0
5372, 1909578, 1, 4096, 0
5372, 1743608, 1, 4096, 0
5372, 1431258, 1, 4096, 0
5372, 1607230, 1, 4096, 0
5373, 1505339, 1, 4096, 0
5374, 1825601, 1, 4096, 0
5374, 1629204, 1, 4096, 0
5374, 1384936, 1, 4096, 0
5374, 1777230, 1, 4096, 0
5374, 1770243, 1, 4096, 0
5374, 2402924, 1, 4096, 0
5375, 1589401, 1, 4096, 0
5375, 1682786, 1, 4096, 0
5376, 1755980, 1, 4096, 0
5376, 1549631, 1, 4096, 0
5376, 1853947, 1, 4096, 0
5376, 1690451, 1, 4096, 0
5377, 1503637, 1, 4096, 0
5378, 2361195, 1, 4096, 0
5378, 2211226, 1, 4096, 0
5378, 2377166, 1, 4096, 0
5378, 2633875, 1, 4096, 0
5379, 1660260, 1, 4096, 0
5379, 1324996, 1, 4096, 0
5380, 3641520, 1, 4096, 0
5380, 2331439, 1, 4096, 0
5380, 1522589, 1, 4096, 0
5381, 3387962, 1, 4096, 0
5381, 1685719, 1, 4096, 0
5381, 1854617, 1, 4096, 0
5381, 2102898, 1, 4096, 0
5382, 1576275, 1, 4096, 0
5382, 1745392, 1, 4096, 0
5383, 1616246, 1, 4096, 0
5383, 1202860, 1, 4096, 0
5383, 1356525, 1, 4096, 0
5383, 1700649, 1, 4096, 0
5383, 1599594, 1, 4096, 0
5384, 1589227, 1, 4096, 0
5384, 1182201, 1, 4096, 0
5385, 1826129, 1, 4096, 0
5385, 2074117, 1, 4096, 0
5385, 2181878, 1, 4096, 0
5385, 3452531, 1, 4096, 0
5386, 1385486, 1, 4096, 0
5386, 2006678, 1, 4096, 0
5386, 1447142, 1, 4096, 0
5387, 1741394, 1, 4096, 0
5387, 1990228, 1, 4096, 0
5387, 1668194, 1, 4096, 0
5388, 3665230, 1, 4096, 0
5388, 2002327, 1, 4096, 0
5389, 2682521, 1, 4096, 0
5389, 2262195, 1, 4096, 0
5389, 1888627, 1, 4096, 0
5390, 2896507, 1, 4096, 0
5390, 1471349, 1, 4096, 0
5391, 1693542, 1, 4096, 0
5391, 2857852, 1, 4096, 0
5392, 2472720, 1, 4096, 0
5392, 2825919, 1, 4096, 0
5392, 1886683, 1, 4096, 0
5392, 2130707, 1, 4096, 0
5393, 1850881, 1, 4096, 0
5393, 1878778, 1, 4096, 0
5393, 1665922, 1, 4096, 0
5394, 1772573, 1, 4096, 0
5394, 1792845, 1, 4096, 0
5394, 1362474, 1, 4096, 0
5394, 2175113, 1, 4096, 0
5395, 1822691, 1, 4096, 0
5395, 1827529, 1, 4096, 0
5396, 2184233, 1, 4096, 0
5396, 2499890, 1, 4096, 0
5397, 2450820, 1, 4096, 0
5397, 3093247, 1, 4096, 0
5397, 1668777, 1, 4096, 0
5397, 1271979, 1, 4096, 0
5397, 1880043, 1, 4096, 0
5397, 2651526, 1, 4096, 0
5399, 1604347, 1, 4096, 0
5399, 2015871, 1, 4096, 0
5399, 1784813, 1, 4096, 0
5399, 1404107, 1, 4096, 0
5399, 1628355, 1, 4096, 0
5400, 2434414, 1, 4096, 0
5400, 1675259, 1, 4096, 0
5400, 1526122, 1, 4096, 0
5400, 1414518, 1, 4096, 0
5400, 1816561, 1, 4096, 0
5402, 1058491, 1, 4096, 0
5402, 2831592, 1, 4096, 0
5402, 1380238, 1, 4096, 0
5402, 1503653, 1, 4096, 0
5403, 1799788, 1, 4096, 0
5404, 1623710, 1, 4096, 0
5404, 3794600, 1, 4096, 0
5404, 2045494, 1, 4096, 0
5404, 1812828, 1, 4096, 0
5404, 3965679, 1, 4096, 0
5405, 1551184, 1, 4096, 0
5406, 1982391, 1, 4096, 0
5406, 2144899, 1, 4096, 0
5406, 2008219, 1, 4096, 0
5406, 1805848, 1, 4096, 0
5406, 1193214, 1, 4096, 0
5406, 2784593, 1, 4096, 0
5407, 1523577, 1, 4096, 0
5408, 1052242, 1, 4096, 0
5408, 2032821, 1, 4096, 0
5408, 1445619, 1, 4096, 0
5408, 2239801, 1, 4096, 0
5409, 1511872, 1, 4096, 0
5409, 1237443, 1, 4096, 0
5409, 1156447, 1, 4096, 0
5409, 2521038, 1, 4096, 0
5410, 1826123, 1, 4096, 0
5410, 2142345, 1, 4096, 0
5410, 1392757, 1, 4096, 0
5410, 1518960, 1, 4096, 0
5411, 1834239, 1, 4096, 0
5411, 2003949, 1, 4096, 0
5412, 1869056, 1, 4096, 0
5412, 1393561, 1, 4096, 0
5412, 1976974, 1, 4096, 0
5412, 1562118, 1, 4096, 0
5412, 1556022, 1, 4096, 0
5413, 2628948, 1, 4096, 0
5413, 1491638, 1, 4096, 0
5413, 1931041, 1, 4096, 0
5413, 1807558, 1, 4096, 0
5414, 2151571, 1, 4096, 0
5415, 2606840, 1, 4096, 0
5415, 1733594, 1, 4096, 0
5416, 1755061, 1, 4096, 0
5416, 2232895, 1, 4096, 0
5416, 2446892, 1, 4096, 0
5416, 2795132, 1, 4096, 0
5417, 2241605, 1, 4096, 0
5417, 1619755, 1, 4096, 0
5417, 1739562, 1, 4096, 0
5418, 2533358, 1, 4096, 0
5418, 1584080, 1, 4096, 0
5418, 1894164, 1, 4096, 0
5418, 1480499, 1, 4096, 0
5420, 2059213, 1, 4096, 0
5420, 2181160, 1, 4096, 0
5420, 2258445, 1, 4096, 0
5420, 1392619, 1, 4096, 0
5420, 2222155, 1, 4096, 0
5420, 2447777, 1, 4096, 0
5422, 1932794, 1, 4096, 0
5422, 1751763, 1, 4096, 0
5422, 2229088, 1, 4096, 0
5422, 2072027, 1, 4096, 0
5422, 2351271, 1, 4096, 0
5423, 2719331, 1, 4096, 0
5423, 1794700, 1, 4096, 0
5424, 1893879, 1, 4096, 0
5424, 2249904, 1, 4096, 0
5425, 3061020, 1, 4096, 0
5425, 2962928, 1, 4096, 0
5425, 1585410, 1, 4096, 0
5426, 1469865, 1, 4096, 0
5426, 3151012, 1, 4096, 0
5427, 2130129, 1, 4096, 0
5427, 3808242, 1, 4096, 0
5427, 2537712, 1, 4096, 0
5428, 2303993, 1, 4096, 0
5428, 3010894, 1, 4096, 0
5428, 2612571, 1, 4096, 0
5429, 1950148, 1, 4096, 0
5429, 2277482, 1, 4096, 0
5430, 2310820, 1, 4096, 0
5430, 1490032, 1, 4096, 0
5430, 1592450, 1, 4096, 0
5430, 2052090, 1, 4096, 0
5431, 1418797, 1, 4096, 0
5432, 2394815, 1, 4096, 0
5432, 2221960, 1, 4096, 0
5432, 1656942, 1, 4096, 0
5432, 2442060, 1, 4096, 0
5432, 3294755, 1, 4096, 0
5432, 1256841, 1, 4096, 0
5434, 1817288, 1, 4096, 0
5434, 1476197, 1, 4096, 0
5434, 1704291, 1, 4096, 0
5434, 1865902, 1, 4096, 0
5435, 2736863, 1, 4096, 0
5435, 2506554, 1, 4096, 0
5435, 1842150, 1, 4096, 0
5436, 1990314, 1, 4096, 0
5436, 1609777, 1, 4096, 0
5436, 2165763, 1, 4096, 0
5437, 1641948, 1, 4096, 0
5437, 2268653, 1, 4096, 0
5437, 1760396, 1, 4096, 0
5439, 2046496, 1, 4096, 0
5439, 1723937, 1, 4096, 0
5439, 3133130, 1, 4096, 0
5439, 3429917, 1, 4096, 0
5439, 3014473, 1, 4096, 0
5440, 2145363, 1, 4096, 0
5441, 1764483, 1, 4096, 0
5441, 2216154, 1, 4096, 0
5441, 2251341, 1, 4096, 0
5441, 2299381, 1, 4096, 0
5441, 2277085, 1, 4096, 0
5441, 1794681, 1, 4096, 0
5443, 2055219, 1, 4096, 0
5443, 2312220, 1, 4096, 0
5443, 2078807, 1, 4096, 0
5443, 2018487, 1, 4096, 0
5443, 2300572, 1, 4096, 0
5443, 2289330, 1, 4096, 0
5445, 1075763, 1, 4096, 0
5445, 2180255, 1, 4096, 0
5445, 2107966, 1, 4096, 0
5446, 2083463, 1, 4096, 0
5446, 2302948, 1, 4096, 0
5446, 2162353, 1, 4096, 0
5446, 1728808, 1, 4096, 0
5447, 1406909, 1, 4096, 0
5447, 2638777, 1, 4096, 0
5448, 2227328, 1, 4096, 0
5448, 2328901, 1, 4096, 0
5448, 1671186, 1, 4096, 0
5449, 2342325, 1, 4096, 0
5449, 3863243, 1, 4096, 0
5450, 2451333, 1, 4096, 0
5450, 2090832, 1, 4096, 0
5451, 2000658, 1, 4096, 0
5451, 1869566, 1, 4096, 0
5452, 3648778, 1, 4096, 0
5452, 3626382, 1, 4096, 0
5452, 1799634, 1, 4096, 0
5453, 1695711, 1, 4096, 0
5453, 1227185, 1, 4096, 0
5453, 3142185, 1, 4096, 0
5453, 1927978, 1, 4096, 0
5453, 1837189, 1, 4096, 0
5454, 1447509, 1, 4096, 0
5454, 1304905, 1, 4096, 0
5454, 2897704, 1, 4096, 0
5455, 2013119, 1, 4096, 0
5455, 1834364, 1, 4096, 0
5455, 1950951, 1, 4096, 0
5456, 1371296, 1, 4096, 0
5456, 1291233, 1, 4096, 0
5457, 2070230, 1, 4096, 0
5457, 1574422, 1, 4096, 0
5457, 2413105, 1, 4096, 0
5458, 2561640, 1, 4096, 0
5458, 1732805, 1, 4096, 0
5459, 2914233, 1, 4096, 0
5459, 3374257, 1, 4096, 0
5459, 1689322, 1, 4096, 0
5459, 2360130, 1, 4096, 0
5461, 2280002, 1, 4096, 0
5461, 2458201, 1, 4096, 0
5461, 1903922, 1, 4096, 0
5461, 2198520, 1, 4096, 0
5461, 1787666, 1, 4096, 0
5461, 2041186, 1, 4096, 0
5462, 1176479, 1, 4096, 0
5463, 1558517, 1, 4096, 0
5463, 2057905, 1, 4096, 0
5463, 1982313, 1, 4096, 0
5463, 2070419, 1, 4096, 0
5464, 1866489, 1, 4096, 0
5464, 2730893, 1, 4096, 0
5464, 1671933, 1, 4096, 0
5464, 1698712, 1, 4096, 0
5465, 1363191, 1, 4096, 0
5465, 2414621, 1, 4096, 0
5465, 2781826, 1, 4096, 0
5466, 1281100, 1, 4096, 0
5466, 1309224, 1, 4096, 0
5466, 2472950, 1, 4096, 0
5467, 1647587, 1, 4096, 0
5467, 1813787, 1, 4096, 0
5467, 1931526, 1, 4096, 0
5468, 2299748, 1, 4096, 0
5468, 2473076, 1, 4096, 0
5468, 1140788, 1, 4096, 0
5468, 2422472, 1, 4096, 0
5469, 2512311, 1, 4096, 0
5470, 3043474, 1, 4096, 0
5470, 1532766, 1, 4096, 0
5470, 1733553, 1, 4096, 0
5470, 1512765, 1, 4096, 0
5471, 2050054, 1, 4096, 0
5471, 1470836, 1, 4096, 0
5471, 1473926, 1, 4096, 0
5471, 1549426, 1, 4096, 0
5472, 1573229, 1, 4096, 0
5472, 2023856, 1, 4096, 0
5472, 1073350, 1, 4096, 0
5473, 1418024, 1, 4096, 0
5473, 2273895, 1, 4096, 0
5473, 1620998, 1, 4096, 0
5474, 1982738, 1, 4096, 0
5474, 1367005, 1, 4096, 0
5474, 2670320, 1, 4096, 0
5474, 1541456, 1, 4096, 0
5475, 2514598, 1, 4096, 0
5475, 1980357, 1, 4096, 0
5476, 1861032, 1, 4096, 0
5476, 1308862, 1, 4096, 0
5476, 1834379, 1, 4096, 0
5476, 1876697, 1, 4096, 0
5477, 2211686, 1, 4096, 0
5477, 2593656, 1, 4096, 0
5477, 1419259, 1, 4096, 0
5477, 1685950, 1, 4096, 0
5477, 1440434, 1, 4096, 0
5478, 1870299, 1, 4096, 0
5478, 928804, 1, 4096, 0
5479, 2020085, 1, 4096, 0
5479, 2157987, 1, 4096, 0
5479, 2127808, 1, 4096, 0
5479, 1379085, 1, 4096, 0
5480, 1692648, 1, 4096, 0
5480, 3243157, 1, 4096, 0
5481, 1332611, 1, 4096, 0
5481, 1513779, 1, 4096, 0
5481, 1404795, 1, 4096, 0
5481, 1752859, 1, 4096, 0
5481, 2086213, 1, 4096, 0
5482, 1424626, 1, 4096, 0
5483, 1145632, 1, 4096, 0
5483, 1651946, 1, 4096, 0
5483, 2015411, 1, 4096, 0
5483, 2403783, 1, 4096, 0
5484, 2504048, 1, 4096, 0
5484, 3016227, 1, 4096, 0
5485, 1504281, 1, 4096, 0
5485, 1755934, 1, 4096, 0
5485, 1808156, 1, 4096, 0
5485, 1817180, 1, 4096, 0
5486, 2031087, 1, 4096, 0
5486, 1350882, 1, 4096, 0
5486, 1706538, 1, 4096, 0
5486, 2085715, 1, 4096, 0
5487, 2240873, 1, 4096, 0
5487, 1260528, 1, 4096, 0
5488, 2060284, 1, 4096, 0
5488, 2988622, 1, 4096, 0
5488, 1539693, 1, 4096, 0
5488, 1710377, 1, 4096, 0
5489, 1756434, 1, 4096, 0
5489, 2285456, 1, 4096, 0
5489, 1590086, 1, 4096, 0
5489, 1551722, 1, 4096, 0
5491, 2470119, 1, 4096, 0
5491, 1239147, 1, 4096, 0
5491, 1661057, 1, 4096, 0
5491, 3058827, 1, 4096, 0
5492, 2779055, 1, 4096, 0
5492, 2523642, 1, 4096, 0
5492, 1790731, 1, 4096, 0
5492, 1837378, 1, 4096, 0
5493, 1672149, 1, 4096, 0
5493, 1617803, 1, 4096, 0
5493, 1553315, 1, 4096, 0
5493, 1506235, 1, 4096, 0
5494, 2079862, 1, 4096, 0
5495, 1878206, 1, 4096, 0
5495, 2498580, 1, 4096, 0
5495, 2238784, 1, 4096, 0
5495, 1650022, 1, 4096, 0
5495, 2165184, 1, 4096, 0
5496, 1826165, 1, 4096, 0
5497, 1830900, 1, 4096, 0
5497, 1807510, 1, 4096, 0
5497, 2369559, 1, 4096, 0
5497, 2745982, 1, 4096, 0
5497, 1214790, 1, 4096, 0
5497, 2588210, 1, 4096, 0
5499, 1408604, 1, 4096, 0
5499, 1860841, 1, 4096, 0
5499, 1915469, 1, 4096, 0
5499, 2476327, 1, 4096, 0
5500, 2405079, 1, 4096, 0
5500, 2200924, 1, 4096, 0
5501, 1893292, 1, 4096, 0
5501, 1433015, 1, 4096, 0
5501, 1994256, 1, 4096, 0
5501, 1938507, 1, 4096, 0
5501, 2164429, 1, 4096, 0
5502, 2045472, 1, 4096, 0
5502, 1729232, 1, 4096, 0
5503, 1925797, 1, 4096, 0
5503, 2047975, 1, 4096, 0
5503, 1871164, 1, 4096, 0
5504, 1894928, 1, 4096, 0
5504, 1424799, 1, 4096, 0
5504, 3034500, 1, 4096, 0
5505, 1433727, 1, 4096, 0
5505, 2433332, 1, 4096, 0
5506, 2406288, 1, 4096, 0
5506, 2668742, 1, 4096, 0
5506, 2070128, 1, 4096, 0
5506, 2669694, 1, 4096, 0
5507, 1282352, 1, 4096, 0
5507, 1475627, 1, 4096, 0
5507, 1382484, 1, 4096, 0
5508, 1444275, 1, 4096, 0
5508, 2449903, 1, 4096, 0
5508, 1408239, 1, 4096, 0
5508, 1452694, 1, 4096, 0
5509, 2616701, 1, 4096, 0
5509, 2110453, 1, 4096, 0
5509, 1637733, 1, 4096, 0
5510, 1588792, 1, 4096, 0
5510, 2503915, 1, 4096, 0
5510, 2194873, 1, 4096, 0
5511, 1639461, 1, 4096, 0
5511, 1393033, 1, 4096, 0
5512, 2285610, 1, 4096, 0
5512, 2936224, 1, 4096, 0
5512, 1966903, 1, 4096, 0
5513, 2692653, 1, 4096, 0
5513, 2332868, 1, 4096, 0
5514, 2201944, 1, 4096, 0
5514, 2037264, 1, 4096, 0
5514, 2202521, 1, 4096, 0
5515, 2418160, 1, 4096, 0
5515, 1501368, 1, 4096, 0
5515, 1815372, 1, 4096, 0
5515, 2137972, 1, 4096, 0
5516, 1357523, 1, 4096, 0
5517, 1708451, 1, 4096, 0
5517, 3069378, 1, 4096, 0
5517, 3601941, 1, 4096, 0
5517, 2341660, 1, 4096, 0
5517, 2237104, 1, 4096, 0
5519, 2573144, 1, 4096, 0
5519, 1772222, 1, 4096, 0
5519, 1643656, 1, 4096, 0
5519, 1682570, 1, 4096, 0
5521, 3126112, 1, 4096, 0
5521, 2032256, 1, 4096, 0
5521, 3565780, 1, 4096, 0
5522, 2696863, 1, 4096, 0
5522, 2871221, 1, 4096, 0
5522, 3220100, 1, 4096, 0
5522, 1755133, 1, 4096, 0
5523, 2435313, 1, 4096, 0
5523, 1625978, 1, 4096, 0
5524, 1890494, 1, 4096, 0
5524, 3126971, 1, 4096, 0
5524, 1897762, 1, 4096, 0
5524, 2125951, 1, 4096, 0
5525, 2105651, 1, 4096, 0
5525, 1654419, 1, 4096, 0
5526, 1066414, 1, 4096, 0
5526, 2006788, 1, 4096, 0
5526, 2472406, 1, 4096, 0
5526, 2208363, 1, 4096, 0
5527, 1513386, 1, 4096, 0
5527, 1172500, 1, 4096, 0
5527, 1424715, 1, 4096, 0
5527, 1720197, 1, 4096, 0
5527, 1719729, 1, 4096, 0
5527, 1451132, 1, 4096, 0
5528, 1735517, 1, 4096, 0
5529, 1459197, 1, 4096, 0
5529, 1316951, 1, 4096, 0
5529, 1852954, 1, 4096, 0
5530, 2863777, 1, 4096, 0
5531, 1994649, 1, 4096, 0
5531, 3585418, 1, 4096, 0
5531, 2490913, 1, 4096, 0
5531, 2177509, 1, 4096, 0
5531, 2934080, 1, 4096, 0
5531, 1269705, 1, 4096, 0
5532, 1722645, 1, 4096, 0
5533, 2027006, 1, 4096, 0
5533, 2004211, 1, 4096, 0
5534, 2597152, 1, 4096, 0
5534, 3218410, 1, 4096, 0
5535, 2222216, 1, 4096, 0
5535, 3349248, 1, 4096, 0
5535, 1710661, 1, 4096, 0
5536, 1903225, 1, 4096, 0
5536, 2883691, 1, 4096, 0
5536, 2562985, 1, 4096, 0
5536, 1504659, 1, 4096, 0
5537, 1929411, 1, 4096, 0
5537, 1886302, 1, 4096, 0
5538, 1822240, 1, 4096, 0
5539, 2234601, 1, 4096, 0
5539, 2457311, 1, 4096, 0
5539, 2541715, 1, 4096, 0
5539, 3074405, 1, 4096, 0
5539, 2431984, 1, 4096, 0
5540, 1514972, 1, 4096, 0
5541, 2266294, 1, 4096, 0
5542, 1573980, 1, 4096, 0
5542, 3116903, 1, 4096, 0
5542, 3601474, 1, 4096, 0
5542, 3546673, 1, 4096, 0
5543, 1783556, 1, 4096, 0
5544, 1554375, 1, 4096, 0
5544, 4708895, 1, 4096, 0
5544, 1335209, 1, 4096, 0
5544, 2000619, 1, 4096, 0
5544, 2297591, 1, 4096, 0
5545, 1402940, 1, 4096, 0
5545, 1716185, 1, 4096, 0
5545, 1353007, 1, 4096, 0
5546, 2273486, 1, 4096, 0
5546, 3157666, 1, 4096, 0
5546, 1869434, 1, 4096, 0
5546, 1375997, 1, 4096, 0
5547, 1228424, 1, 4096, 0
5547, 1416130, 1, 4096, 0
5548, 1749256, 1, 4096, 0
5548, 1902872, 1, 4096, 0
5548, 3089730, 1, 4096, 0
5549, 2568137, 1, 4096, 0
5549, 2409529, 1, 4096, 0
5549, 1365330, 1, 4096, 0
5550, 2782411, 1, 4096, 0
5551, 2739683, 1, 4096, 0
5551, 2035112, 1, 4096, 0
5551, 1843989, 1, 4096, 0
5551, 2919477, 1, 4096, 0
5552, 2828123, 1, 4096, 0
5552, 1044582, 1, 4096, 0
5552, 1804410, 1, 4096, 0
5552, 2212723, 1, 4096, 0
5553, 1657131, 1, 4096, 0
5553, 2131540, 1, 4096, 0
5553, 1725247, 1, 4096, 0
5554, 1972307, 1, 4096, 0
5555, 2025516, 1, 4096, 0
5555, 2103754, 1, 4096, 0
5555, 1397556, 1, 4096, 0
5555, 2060572, 1, 4096, 0
5555, 2966715, 1, 4096, 0
5556, 1777622, 1, 4096, 0
5556, 1509768, 1, 4096, 0
5557, 2305922, 1, 4096, 0
5557, 1478077, 1, 4096, 0
5557, 2399168, 1, 4096, 0
5558, 1331842, 1, 4096, 0
5558, 1702094, 1, 4096, 0
5558, 3039898, 1, 4096, 0
5558, 1615569, 1, 4096, 0
5559, 2038238, 1, 4096, 0
5560, 1901859, 1, 4096, 0
5560, 1469697, 1, 4096, 0
5560, 2080753, 1, 4096, 0
5560, 1644544, 1, 4096, 0
5560, 3071923, 1, 4096, 0
5561, 1728277, 1, 4096, 0
5562, 1850074, 1, 4096, 0
5562, 2099847, 1, 4096, 0
5562, 2276632, 1, 4096, 0
5562, 2698267, 1, 4096, 0
5563, 2583773, 1, 4096, 0
5564, 1657877, 1, 4096, 0
5564, 3193302, 1, 4096, 0
5564, 2064463, 1, 4096, 0
5564, 1847666, 1, 4096, 0
5565, 2465921, 1, 4096, 0
5565, 1727039, 1, 4096, 0
5565, 1345601, 1, 4096, 0
5565, 1482775, 1, 4096, 0
5566, 1226769, 1, 4096, 0
5566, 1712412, 1, 4096, 0
5566, 1897536, 1, 4096, 0
5567, 1542867, 1, 4096, 0
5567, 1828475, 1, 4096, 0
5567, 2633186, 1, 4096, 0
5568, 1777582, 1, 4096, 0
5568, 1713540, 1, 4096, 0
5568, 1858344, 1, 4096, 0
5568, 1184505, 1, 4096, 0
5569, 1974036, 1, 4096, 0
5569, 1748319, 1, 4096, 0
5570, 2025435, 1, 4096, 0
5570, 2163851, 1, 4096, 0
5570, 1468224, 1, 4096, 0
5570, 2451877, 1, 4096, 0
5571, 1131581, 1, 4096, 0
5571, 2642318, 1, 4096, 0
5572, 1854043, 1, 4096, 0
5572, 1995996, 1, 4096, 0
5573, 2815466, 1, 4096, 0
5573, 1553588, 1, 4096, 0
5573, 1466047, 1, 4096, 0
5574, 1641874, 1, 4096, 0
5574, 4565786, 1, 4096, 0
5574, 2555717, 1, 4096, 0
5574, 1745664, 1, 4096, 0
5575, 1842228, 1, 4096, 0
5575, 1855901, 1, 4096, 0
5575, 1495505, 1, 4096, 0
5576, 1240857, 1, 4096, 0
5576, 1810853, 1, 4096, 0
5577, 1654172, 1, 4096, 0
5577, 3360737, 1, 4096, 0
5577, 2612621, 1, 4096, 0
5577, 3100151, 1, 4096, 0
5578, 1273283, 1, 4096, 0
5578, 1796678, 1, 4096, 0
5579, 1727687, 1, 4096, 0
5579, 2048342, 1, 4096, 0
5579, 2793087, 1, 4096, 0
5579, 1799062, 1, 4096, 0
5581, 1780535, 1, 4096, 0
5581, 2088776, 1, 4096, 0
5581, 3886066, 1, 4096, 0
5581, 1522859, 1, 4096, 0
5581, 2743172, 1, 4096, 0
5582, 2442481, 1, 4096, 0
5582, 1503255, 1, 4096, 0
5582, 1658428, 1, 4096, 0
5583, 1371863, 1, 4096, 0
5583, 1911316, 1, 4096, 0
5583, 1929188, 1, 4096, 0
5583, 1709018, 1, 4096, 0
5584, 1740143, 1, 4096, 0
5584, 1966929, 1, 4096, 0
5584, 1749896, 1, 4096, 0
5585, 2079562, 1, 4096, 0
5585, 1576618, 1, 4096, 0
5585, 2467128, 1, 4096, 0
5586, 1416080, 1, 4096, 0
5586, 1544790, 1, 4096, 0
5586, 1677134, 1, 4096, 0
5586, 1604266, 1, 4096, 0
5587, 1512218, 1, 4096, 0
5587, 1530864, 1, 4096, 0
5587, 1311632, 1, 4096, 0
5587, 2318663, 1, 4096, 0
5588, 1773607, 1, 4096, 0
5589, 2673997, 1, 4096, 0
5589, 1881564, 1, 4096, 0
5589, 2953821, 1, 4096, 0
5590, 1412945, 1, 4096, 0
5590, 2435647, 1, 4096, 0
5590, 2850290, 1, 4096, 0
5590, 1332485, 1, 4096, 0
5591, 1409684, 1, 4096, 0
5591, 1413030, 1, 4096, 0
5591, 1701184, 1, 4096, 0
5592, 1586085, 1, 4096, 0
5592, 2195605, 1, 4096, 0
5592, 1905332, 1, 4096, 0
5593, 1354975, 1, 4096, 0
5593, 2066382, 1, 4096, 0
5593, 1181877, 1, 4096, 0
5593, 2364021, 1, 4096, 0
5594, 2002980, 1, 4096, 0
5594, 1403351, 1, 4096, 0
5595, 1460553, 1, 4096, 0
5595, 1403209, 1, 4096, 0
5597, 4478564, 1, 4096, 0
5597, 3707698, 1, 4096, 0
5597, 3973345, 1, 4096, 0
5597, 1402256, 1, 4096, 0
5597, 1439639, 1, 4096, 0
5598, 4242535, 1, 4096, 0
5599, 1986530, 1, 4096, 0
5599, 2223361, 1, 4096, 0
5599, 2206654, 1, 4096, 0
5599, 2280293, 1, 4096, 0
5599, 1899736, 1, 4096, 0
5600, 3119553, 1, 4096, 0
5601, 1302114, 1, 4096, 0
5601, 2247536, 1, 4096, 0
5601, 2087518, 1, 4096, 0
5602, 1814728, 1, 4096, 0
5602, 3085998, 1, 4096, 0
5602, 3549608, 1, 4096, 0
5603, 2025152, 1, 4096, 0
5603, 2235825, 1, 4096, 0
5603, 2333924, 1, 4096, 0
5604, 1792081, 1, 4096, 0
5604, 1795822, 1, 4096, 0
5604, 1353100, 1, 4096, 0
5605, 1774134, 1, 4096, 0
5605, 1707157, 1, 4096, 0
5605, 2908416, 1, 4096, 0
5605, 2061458, 1, 4096, 0
5606, 1854036, 1, 4096, 0
5606, 1245060, 1, 4096, 0
5606, 1863696, 1, 4096, 0
5607, 1180223, 1, 4096, 0
5607, 1533245, 1, 4096, 0
5608, 2072749, 1, 4096, 0
5608, 2653887, 1, 4096, 0
5608, 2663341, 1, 4096, 0
5608, 2094639, 1, 4096, 0
5608, 1267067, 1, 4096, 0
5609, 2623918, 1, 4096, 0
5609, 1458063, 1, 4096, 0
5610, 1582734, 1, 4096, 0
5610, 1576938, 1, 4096, 0
5610, 1921404, 1, 4096, 0
5611, 2765119, 1, 4096, 0
5611, 1641409, 1, 4096, 0
5611, 2046572, 1, 4096, 0
5611, 1480717, 1, 4096, 0
5611, 1560620, 1, 4096, 0
5611, 2036219, 1, 4096, 0
5613, 1676196, 1, 4096, 0
5613, 1856207, 1, 4096, 0
5613, 1454696, 1, 4096, 0
5613, 1726558, 1, 4096, 0
5614, 2670291, 1, 4096, 0
5615, 1925524, 1, 4096, 0
5615, 2009721, 1, 4096, 0
5615, 3538128, 1, 4096, 0
5615, 1279916, 1, 4096, 0
5616, 3025361, 1, 4096, 0
5616, 3390362, 1, 4096, 0
5617, 1968339, 1, 4096, 0
5618, 2213809, 1, 4096, 0
5618, 2701768, 1, 4096, 0
5618, 1804262, 1, 4096, 0
5618, 1513144, 1, 4096, 0
5618, 3094946, 1, 4096, 0
5619, 1181481, 1, 4096, 0
5619, 1726412, 1, 4096, 0
5620, 1416563, 1, 4096, 0
5620, 2267858, 1, 4096, 0
5620, 2422609, 1, 4096, 0
5620, 3503936, 1, 4096, 0
5621, 1790094, 1, 4096, 0
5621, 1295809, 1, 4096, 0
5621, 1598177, 1, 4096, 0
5622, 1372007, 1, 4096, 0
5622, 1718192, 1, 4096, 0
5622, 1845526, 1, 4096, 0
5622, 1606346, 1, 4096, 0
5622, 1222829, 1, 4096, 0
5623, 1444855, 1, 4096, 0
5623, 2734628, 1, 4096, 0
5623, 1497883, 1, 4096, 0
5624, 1634542, 1, 4096, 0
5624, 1938636, 1, 4096, 0
5625, 1529714, 1, 4096, 0
5625, 1417717, 1, 4096, 0
5625, 3099500, 1, 4096, 0
5626, 1769834, 1, 4096, 0
5626, 1306687, 1, 4096, 0
5626, 1597830, 1, 4096, 0
5626, 2925059, 1, 4096, 0
5626, 1420286, 1, 4096, 0
5627, 1778468, 1, 4096, 0
5628, 2872343, 1, 4096, 0
5628, 1344770, 1, 4096, 0
5629, 2636515, 1, 4096, 0
5629, 2257712, 1, 4096, 0
5629, 2907502, 1, 4096, 0
5629, 1539861, 1, 4096, 0
5629, 1511761, 1, 4096, 0
5630, 1018991, 1, 4096, 0
5630, 1344967, 1, 4096, 0
5630, 1597390, 1, 4096, 0
5630, 2714837, 1, 4096, 0
5631, 1508173, 1, 4096, 0
5631, 1821754, 1, 4096, 0
5632, 2480794, 1, 4096, 0
5632, 1374066, 1, 4096, 0
5632, 1653874, 1, 4096, 0
5632, 1237793, 1, 4096, 0
5632, 1633824, 1, 4096, 0
5634, 2311860, 1, 4096, 0
5634, 1812271, 1, 4096, 0
5634, 2071027, 1, 4096, 0
5634, 2365884, 1, 4096, 0
5634, 2340286, 1, 4096, 0
5635, 3259087, 1, 4096, 0
5635, 1635080, 1, 4096, 0
5636, 1411299, 1, 4096, 0
5636, 1729942, 1, 4096, 0
5636, 1744135, 1, 4096, 0
5637, 1838444, 1, 4096, 0
5637, 2646698, 1, 4096, 0
5637, 1251038, 1, 4096, 0
5637, 1498082, 1, 4096, 0
5637, 1575596, 1, 4096, 0
5637, 1940969, 1, 4096, 0
5638, 934587, 1, 4096, 0
5639, 2127837, 1, 4096, 0
5639, 2300326, 1, 4096, 0
5639, 1920979, 1, 4096, 0
5639, 2202592, 1, 4096, 0
5639, 2149591, 1, 4096, 0
5640, 1889324, 1, 4096, 0
5640, 1524306, 1, 4096, 0
5640, 1248457, 1, 4096, 0
5641, 1348075, 1, 4096, 0
5641, 2188944, 1, 4096, 0
5642, 2285474, 1, 4096, 0
5642, 2743350, 1, 4096, 0
5642, 1748864, 1, 4096, 0
5643, 1585313, 1, 4096, 0
5643, 2302422, 1, 4096, 0
5644, 1831301, 1, 4096, 0
5644, 1926834, 1, 4096, 0
5644, 1469323, 1, 4096, 0
5644, 2736449, 1, 4096, 0
5644, 3311836, 1, 4096, 0
5644, 1738211, 1, 4096, 0
5646, 1337830, 1, 4096, 0
5646, 1642067, 1, 4096, 0
5646, 1392878, 1, 4096, 0
5646, 1963012, 1, 4096, 0
5646, 1908547, 1, 4096, 0
5646, 2062666, 1, 4096, 0
5648, 2434269, 1, 4096, 0
5648, 2483296, 1, 4096, 0
5648, 2375859, 1, 4096, 0
5648, 2637914, 1, 4096, 0
5649, 2686889, 1, 4096, 0
5649, 2616672, 1, 4096, 0
5650, 1681616, 1, 4096, 0
5650, 1952068, 1, 4096, 0
5650, 2049555, 1, 4096, 0
5650, 2144012, 1, 4096, 0
5651, 1760119, 1, 4096, 0
5651, 1911850, 1, 4096, 0
5652, 1424978, 1, 4096, 0
5652, 1992214, 1, 4096, 0
5652, 1906218, 1, 4096, 0
5653, 1764452, 1, 4096, 0
5653, 2418700, 1, 4096, 0
5653, 2691173, 1, 4096, 0
5654, 2118440, 1, 4096, 0
5655, 2335773, 1, 4096, 0
5655, 1989892, 1, 4096, 0
5655, 2378288, 1, 4096, 0
5655, 2312500, 1, 4096, 0
5656, 1874201, 1, 4096, 0
5656, 3133010, 1, 4096, 0
5656, 1850103, 1, 4096, 0
5657, 2042252, 1, 4096, 0
5657, 1577558, 1, 4096, 0
5657, 3210734, 1, 4096, 0
5658, 1381315, 1, 4096, 0
5658, 1935789, 1, 4096, 0
5659, 2386250, 1, 4096, 0
5659, 2646387, 1, 4096, 0
5659, 2255489, 1, 4096, 0
5659, 2722238, 1, 4096, 0
5660, 1672659, 1, 4096, 0
5660, 1508310, 1, 4096, 0
5661, 2397454, 1, 4096, 0
5661, 1711683, 1, 4096, 0
5661, 1231575, 1, 4096, 0
5663, 3345586, 1, 4096, 0
5663, 2031117, 1, 4096, 0
5663, 3542738, 1, 4096, 0
5663, 2099130, 1, 4096, 0
5663, 2273346, 1, 4096, 0
5663, 2134198, 1, 4096, 0
5664, 1072207, 1, 4096, 0
5665, 1947222, 1, 4096, 0
5665, 2508148, 1, 4096, 0
5666, 2075698, 1, 4096, 0
5666, 3195598, 1, 4096, 0
5666, 3532400, 1, 4096, 0
5666, 3064465, 1, 4096, 0
5668, 2493738, 1, 4096, 0
5668, 1895552, 1, 4096, 0
5668, 1956447, 1, 4096, 0
5668, 2453474, 1, 4096, 0
5668, 1632944, 1, 4096, 0
5668, 1912179, 1, 4096, 0
5669, 1178535, 1, 4096, 0
5669, 1904001, 1, 4096, 0
5670, 2221353, 1, 4096, 0
5670, 1326586, 1, 4096, 0
5670, 2333696, 1, 4096, 0
5670, 2196290, 1, 4096, 0
5671, 3081260, 1, 4096, 0
5672, 1453183, 1, 4096, 0
5672, 1728367, 1, 4096, 0
5672, 2606147, 1, 4096, 0
5672, 2248935, 1, 4096, 0
5673, 2028734, 1, 4096, 0
5674, 3214843, 1, 4096, 0
5674, 2054100, 1, 4096, 0
5674, 1870487, 1, 4096, 0
5674, 1818003, 1, 4096, 0
5674, 1580346, 1, 4096, 0
5675, 2464090, 1, 4096, 0
5675, 1415566, 1, 4096, 0
5675, 1642258, 1, 4096, 0
5675, 1725708, 1, 4096, 0
5676, 1648550, 1, 4096, 0
5676, 1667060, 1, 4096, 0
5677, 1297718, 1, 4096, 0
5677, 1358071, 1, 4096, 0
5677, 2061435, 1, 4096, 0
5677, 1549874, 1, 4096, 0
5677, 1836665, 1, 4096, 0
5678, 2113019, 1, 4096, 0
5678, 1805055, 1, 4096, 0
5679, 2195634, 1, 4096, 0
5679, 1948506, 1, 4096, 0
5679, 2202794, 1, 4096, 0
5679, 1985057, 1, 4096, 0
5680, 1545174, 1, 4096, 0
5680, 2037529, 1, 4096, 0
5681, 1919539, 1, 4096, 0
5681, 2392236, 1, 4096, 0
5681, 1618448, 1, 4096, 0
5682, 2999846, 1, 4096, 0
5682, 1617222, 1, 4096, 0
5682, 3015362, 1, 4096, 0
5683, 1326455, 1, 4096, 0
5683, 1907068, 1, 4096, 0
5683, 1838422, 1, 4096, 0
5684, 2082041, 1, 4096, 0
5684, 1751591, 1, 4096, 0
5686, 1552832, 1, 4096, 0
5686, 1753855, 1, 4096, 0
5686, 4442002, 1, 4096, 0
5687, 4138115, 1, 4096, 0
5687, 4789649, 1, 4096, 0
5688, 5278495, 1, 4096, 0
5688, 2053135, 1, 4096, 0
5688, 1875987, 1, 4096, 0
5688, 1958239, 1, 4096, 0
5689, 1314574, 1, 4096, 0
5689, 1895340, 1, 4096, 0
5689, 2034160, 1, 4096, 0
5690, 2002241, 1, 4096, 0
5690, 1548889, 1, 4096, 0
5690, 2003926, 1, 4096, 0
5691, 1923970, 1, 4096, 0
5691, 1919021, 1, 4096, 0
5692, 1501342, 1, 4096, 0
5692, 1506546, 1, 4096, 0
5692, 2540154, 1, 4096, 0
5692, 2980186, 1, 4096, 0
5693, 1780705, 1, 4096, 0
5693, 1529480, 1, 4096, 0
5694, 2315456, 1, 4096, 0
5694, 1677710, 1, 4096, 0
5694, 1878846, 1, 4096, 0
5694, 1301453, 1, 4096, 0
5694, 1696706, 1, 4096, 0
5695, 1359323, 1, 4096, 0
5695, 1114357, 1, 4096, 0
5695, 1500011, 1, 4096, 0
5696, 1730017, 1, 4096, 0
5696, 1914685, 1, 4096, 0
5697, 1977414, 1, 4096, 0
5697, 1797473, 1, 4096, 0
5698, 6739444, 1, 4096, 0
5698, 2659769, 1, 4096, 0
5699, 2382722, 1, 4096, 0
5699, 1718977, 1, 4096, 0
5699, 1982592, 1, 4096, 0
5700, 3388117, 1, 4096, 0
5700, 2112945, 1, 4096, 0
5700, 1277427, 1, 4096, 0
5701, 2457037, 1, 4096, 0
5701, 2317602, 1, 4096, 0
5701, 1381585, 1, 4096, 0
5701, 1511331, 1, 4096, 0
5701, 2175630, 1, 4096, 0
5701, 1840879, 1, 4096, 0
5702, 1745994, 1, 4096, 0
5703, 1702272, 1, 4096, 0
5703, 1488724, 1, 4096, 0
5703, 2005304, 1, 4096, 0
5704, 2828631, 1, 4096, 0
5704, 1855657, 1, 4096, 0
5704, 2826038, 1, 4096, 0
5704, 1431745, 1, 4096, 0
5704, 1569255, 1, 4096, 0
5705, 1812041, 1, 4096, 0
5705, 1249851, 1, 4096, 0
5706, 1430140, 1, 4096, 0
5706, 1612379, 1, 4096, 0
5706, 1712012, 1, 4096, 0
5706, 1872447, 1, 4096, 0
5707, 1851878, 1, 4096, 0
5708, 2220315, 1, 4096, 0
5708, 1681472, 1, 4096, 0
5708, 1699715, 1, 4096, 0
5708, 2341737, 1, 4096, 0
5708, 2230304, 1, 4096, 0
5710, 1874373, 1, 4096, 0
5710, 1968392, 1, 4096, 0
5710, 1342563, 1, 4096, 0
5710, 2651057, 1, 4096, 0
5710, 2185040, 1, 4096, 0
5710, 1587621, 1, 4096, 0
5711, 1631363, 1, 4096, 0
5712, 1843393, 1, 4096, 0
5712, 1995417, 1, 4096, 0
5712, 1989761, 1, 4096, 0
5712, 1825067, 1, 4096, 0
5712, 2798223, 1, 4096, 0
5714, 2363946, 1, 4096, 0
5714, 2523118, 1, 4096, 0
5715, 2975634, 1, 4096, 0
5715, 2975991, 1, 4096, 0
5715, 2984061, 1, 4096, 0
5715, 2157661, 1, 4096, 0
5716, 2197003, 1, 4096, 0
5716, 1244517, 1, 4096, 0
5716, 1638137, 1, 4096, 0
5716, 2111064, 1, 4096, 0
5716, 1840814, 1, 4096, 0
5717, 1418195, 1, 4096, 0
5718, 1907749, 1, 4096, 0
5718, 1979265, 1, 4096, 0
5718, 1796313, 1, 4096, 0
5719, 1457051, 1, 4096, 0
5719, 2411178, 1, 4096, 0
5719, 4545301, 1, 4096, 0
5719, 1610969, 1, 4096, 0
5720, 1631705, 1, 4096, 0
5721, 2637999, 1, 4096, 0
5721, 2154367, 1, 4096, 0
5721, 2527169, 1, 4096, 0
5721, 2560178, 1, 4096, 0
5722, 2331686, 1, 4096, 0
5723, 1365608, 1, 4096, 0
5723, 1998297, 1, 4096, 0
5723, 1978337, 1, 4096, 0
5723, 3488636, 1, 4096, 0
5723, 1726630, 1, 4096, 0
5723, 2192621, 1, 4096, 0
5724, 1636865, 1, 4096, 0
5725, 2096608, 1, 4096, 0
5725, 2160951, 1, 4096, 0
5726, 2889087, 1, 4096, 0
5726, 2343878, 1, 4096, 0
5726, 2344294, 1, 4096, 0
5727, 2507958, 1, 4096, 0
5727, 1860787, 1, 4096, 0
5727, 1526578, 1, 4096, 0
5728, 2198259, 1, 4096, 0
5728, 2337725, 1, 4096, 0
5728, 2234302, 1, 4096, 0
5729, 1164252, 1, 4096, 0
5729, 1560734, 1, 4096, 0
5729, 1414484, 1, 4096, 0
5729, 1614127, 1, 4096, 0
5730, 2729908, 1, 4096, 0
5730, 1817268, 1, 4096, 0
5731, 2092727, 1, 4096, 0
5731, 1329315, 1, 4096, 0
5731, 1373917, 1, 4096, 0
5731, 2072641, 1, 4096, 0
5732, 1838529, 1, 4096, 0
5732, 1835231, 1, 4096, 0
5733, 3783251, 1, 4096, 0
5733, 2274607, 1, 4096, 0
5734, 2337330, 1, 4096, 0
5734, 2325219, 1, 4096, 0
5734, 2471048, 1, 4096, 0
5734, 1754109, 1, 4096, 0
5734, 1346050, 1, 4096, 0
5735, 2197380, 1, 4096, 0
5736, 1442873, 1, 4096, 0
5736, 1828378, 1, 4096, 0
5736, 1488774, 1, 4096, 0
5736, 2484275, 1, 4096, 0
5736, 2455836, 1, 4096, 0
5736, 1509933, 1, 4096, 0
5737, 1660794, 1, 4096, 0
5738, 1671213, 1, 4096, 0
5738, 1685136, 1, 4096, 0
5738, 2232870, 1, 4096, 0
5738, 2198676, 1, 4096, 0
5739, 1366965, 1, 4096, 0
5739, 1136179, 1, 4096, 0
5739, 1448117, 1, 4096, 0
5740, 3468862, 1, 4096, 0
5740, 1900725, 1, 4096, 0
5740, 1210465, 1, 4096, 0
5740, 1997232, 1, 4096, 0
5741, 1916800, 1, 4096, 0
5741, 2227331, 1, 4096, 0
5741, 1403270, 1, 4096, 0
5742, 1567675, 1, 4096, 0
5742, 1291264, 1, 4096, 0
5742, 2216974, 1, 4096, 0
5743, 1633948, 1, 4096, 0
5743, 2165739, 1, 4096, 0
5743, 1914127, 1, 4096, 0
5743, 1857592, 1, 4096, 0
5743, 1855506, 1, 4096, 0
5744, 1234245, 1, 4096, 0
5744, 2204888, 1, 4096, 0
5746, 2312195, 1, 4096, 0
5746, 2566724, 1, 4096, 0
5746, 2441635, 1, 4096, 0
5746, 2449384, 1, 4096, 0
5746, 1881807, 1, 4096, 0
5746, 2151565, 1, 4096, 0
5748, 1730696, 1, 4096, 0
5748, 1825891, 1, 4096, 0
5748, 2514559, 1, 4096, 0
5748, 2517006, 1, 4096, 0
5748, 2454759, 1, 4096, 0
5749, 3374209, 1, 4096, 0
5749, 1721700, 1, 4096, 0
5750, 2205808, 1, 4096, 0
5750, 2114003, 1, 4096, 0
5751, 2244062, 1, 4096, 0
5751, 1430738, 1, 4096, 0
5751, 1874956, 1, 4096, 0
5751, 2845990, 1, 4096, 0
5752, 1960125, 1, 4096, 0
5752, 1351923, 1, 4096, 0
5752, 1412010, 1, 4096, 0
5752, 1355138, 1, 4096, 0
5752, 1286141, 1, 4096, 0
5753, 1499591, 1, 4096, 0
5754, 1817524, 1, 4096, 0
5754, 1526383, 1, 4096, 0
5754, 1464270, 1, 4096, 0
5754, 2041802, 1, 4096, 0
5754, 2411680, 1, 4096, 0
5755, 2086722, 1, 4096, 0
5756, 1523991, 1, 4096, 0
5756, 1944563, 1, 4096, 0
5756, 1416667, 1, 4096, 0
5756, 2074715, 1, 4096, 0
5756, 2375504, 1, 4096, 0
5756, 1661877, 1, 4096, 0
5757, 1264428, 1, 4096, 0
5757, 1450624, 1, 4096, 0
5757, 1530417, 1, 4096, 0
5758, 2002280, 1, 4096, 0
5758, 2007279, 1, 4096, 0
5758, 1139055, 1, 4096, 0
5758, 1980635, 1, 4096, 0
5759, 1395607, 1, 4096, 0
5759, 1797325, 1, 4096, 0
5760, 2053884, 1, 4096, 0
5760, 1852186, 1, 4096, 0
5760, 1491119, 1, 4096, 0
5760, 1908417, 1, 4096, 0
5760, 1462658, 1, 4096, 0
5761, 2505846, 1, 4096, 0
5761, 1635965, 1, 4096, 0
5761, 1350404, 1, 4096, 0
5761, 1332485, 1, 4096, 0
5762, 2009869, 1, 4096, 0
5762, 2055695, 1, 4096, 0
5762, 1503844, 1, 4096, 0
5763, 963544, 1, 4096, 0
5763, 1849099, 1, 4096, 0
5763, 2045324, 1, 4096, 0
5764, 2104297, 1, 4096, 0
5764, 1147755, 1, 4096, 0
5765, 2613573, 1, 4096, 0
5765, 2426587, 1, 4096, 0
5765, 2258165, 1, 4096, 0
5766, 2090431, 1, 4096, 0
5766, 2000253, 1, 4096, 0
5766, 2229741, 1, 4096, 0
5767, 1502073, 1, 4096, 0
5767, 1649456, 1, 4096, 0
5767, 1938018, 1, 4096, 0
5768, 1836105, 1, 4096, 0
5768, 2115248, 1, 4096, 0
5768, 2402993, 1, 4096, 0
5768, 1531950, 1, 4096, 0
5769, 1752862, 1, 4096, 0
5769, 1382754, 1, 4096, 0
5769, 1754740, 1, 4096, 0
5769, 1338700, 1, 4096, 0
5770, 2001127, 1, 4096, 0
5770, 2060661, 1, 4096, 0
5771, 1391295, 1, 4096, 0
5771, 1814059, 1, 4096, 0
5771, 2305307, 1, 4096, 0
5771, 2265750, 1, 4096, 0
5772, 1803217, 1, 4096, 0
5772, 1974400, 1, 4096, 0
5772, 1320910, 1, 4096, 0
5773, 1491047, 1, 4096, 0
5773, 1775680, 1, 4096, 0
5773, 1141139, 1, 4096, 0
5773, 2374676, 1, 4096, 0
5774, 2454688, 1, 4096, 0
5774, 2874699, 1, 4096, 0
5775, 1500303, 1, 4096, 0
5775, 1879165, 1, 4096, 0
5775, 1327678, 1, 4096, 0
5775, 1515360, 1, 4096, 0
5776, 1839206, 1, 4096, 0
5776, 1633718, 1, 4096, 0
5776, 1815245, 1, 4096, 0
5777, 1881521, 1, 4096, 0
5777, 2491780, 1, 4096, 0
5778, 1502104, 1, 4096, 0
5778, 2998109, 1, 4096, 0
5779, 2124969, 1, 4096, 0
5779, 1826202, 1, 4096, 0
5779, 1451181, 1, 4096, 0
5779, 2462219, 1, 4096, 0
5779, 3201977, 1, 4096, 0
5779, 1623251, 1, 4096, 0
5780, 1792835, 1, 4096, 0
5780, 1518635, 1, 4096, 0
5781, 1835567, 1, 4096, 0
5781, 1782983, 1, 4096, 0
5781, 1590932, 1, 4096, 0
5781, 2159880, 1, 4096, 0
5782, 1819445, 1, 4096, 0
5783, 2594547, 1, 4096, 0
5783, 2106120, 1, 4096, 0
5783, 2036378, 1, 4096, 0
5783, 2296360, 1, 4096, 0
5783, 2381266, 1, 4096, 0
5785, 1624676, 1, 4096, 0
5785, 3094830, 1, 4096, 0
5785, 2429164, 1, 4096, 0
5786, 2555327, 1, 4096, 0
5786, 2591004, 1, 4096, 0
5787, 3184296, 1, 4096, 0
5787, 1586570, 1, 4096, 0
5787, 1919964, 1, 4096, 0
5787, 1711676, 1, 4096, 0
5787, 1956187, 1, 4096, 0
5788, 1905840, 1, 4096, 0
5788, 1100680, 1, 4096, 0
5789, 1664579, 1, 4096, 0
5789, 1808943, 1, 4096, 0
5789, 1662474, 1, 4096, 0
5790, 2106663, 1, 4096, 0
5790, 2513889, 1, 4096, 0
5790, 1428518, 1, 4096, 0
5790, 1622903, 1, 4096, 0
5791, 2763211, 1, 4096, 0
5791, 1492966, 1, 4096, 0
5791, 2567817, 1, 4096, 0
5792, 1686122, 1, 4096, 0
5792, 1334169, 1, 4096, 0
5793, 2176998, 1, 4096, 0
5793, 1653128, 1, 4096, 0
5793, 1663473, 1, 4096, 0
5793, 1473004, 1, 4096, 0
5794, 3709146, 1, 4096, 0
5795, 3005840, 1, 4096, 0
5795, 1941735, 1, 4096, 0
5795, 1794012, 1, 4096, 0
5795, 1975389, 1, 4096, 0
5795, 1849637, 1, 4096, 0
5796, 1516057, 1, 4096, 0
5796, 1126395, 1, 4096, 0
5796, 1297982, 1, 4096, 0
5796, 1412513, 1, 4096, 0
5797, 1908232, 1, 4096, 0
5797, 1916743, 1, 4096, 0
5797, 1461636, 1, 4096, 0
5798, 1511230, 1, 4096, 0
5798, 2387407, 1, 4096, 0
5798, 2729130, 1, 4096, 0
5798, 1835549, 1, 4096, 0
5798, 1625078, 1, 4096, 0
5799, 1911696, 1, 4096, 0
5800, 2017011, 1, 4096, 0
5800, 1973870, 1, 4096, 0
5801, 1508237, 1, 4096, 0
5801, 2672916, 1, 4096, 0
5801, 2678898, 1, 4096, 0
5801, 1301251, 1, 4096, 0
5801, 3283953, 1, 4096, 0
5802, 1768419, 1, 4096, 0
5803, 1194098, 1, 4096, 0
5803, 2249996, 1, 4096, 0
5804, 1694052, 1, 4096, 0
5804, 3629306, 1, 4096, 0
5804, 3054539, 1, 4096, 0
5804, 2400670, 1, 4096, 0
5805, 3557050, 1, 4096, 0
5805, 2138822, 1, 4096, 0
5806, 1196362, 1, 4096, 0
5806, 1556697, 1, 4096, 0
5807, 1896968, 1, 4096, 0
5807, 2412670, 1, 4096, 0
5807, 1616275, 1, 4096, 0
5807, 1715081, 1, 4096, 0
5807, 1312574, 1, 4096, 0
5808, 3050175, 1, 4096, 0
5809, 2336976, 1, 4096, 0
5809, 2108526, 1, 4096, 0
5809, 1771115, 1, 4096, 0
5809, 2013686, 1, 4096, 0
5809, 1938565, 1, 4096, 0
5810, 1973800, 1, 4096, 0
5810, 1480377, 1, 4096, 0
5811, 1077832, 1, 4096, 0
5811, 1546432, 1, 4096, 0
5811, 2362368, 1, 4096, 0
5811, 2580434, 1, 4096, 0
5812, 2398213, 1, 4096, 0
5812, 1267368, 1, 4096, 0
5812, 1440370, 1, 4096, 0
5812, 1931064, 1, 4096, 0
5813, 2033415, 1, 4096, 0
5814, 1675561, 1, 4096, 0
5814, 2054851, 1, 4096, 0
5814, 1577874, 1, 4096, 0
5814, 1921922, 1, 4096, 0
5814, 918446, 1, 4096, 0
5815, 3254132, 1, 4096, 0
5815, 1579990, 1, 4096, 0
5815, 1283956, 1, 4096, 0
5816, 2045697, 1, 4096, 0
5816, 1519494, 1, 4096, 0
5816, 1822374, 1, 4096, 0
5817, 1919664, 1, 4096, 0
5817, 1622302, 1, 4096, 0
5817, 1624713, 1, 4096, 0
5818, 2189858, 1, 4096, 0
5818, 2590426, 1, 4096, 0
5818, 2323069, 1, 4096, 0
5819, 1683852, 1, 4096, 0
5819, 1908655, 1, 4096, 0
5819, 1548822, 1, 4096, 0
5820, 1984727, 1, 4096, 0
5820, 1902657, 1, 4096, 0
5820, 1542519, 1, 4096, 0
5820, 2400798, 1, 4096, 0
5821, 2258927, 1, 4096, 0
5821, 2616802, 1, 4096, 0
5821, 1457672, 1, 4096, 0
5822, 1232893, 1, 4096, 0
5822, 1128266, 1, 4096, 0
5822, 1485560, 1, 4096, 0
5822, 2402479, 1, 4096, 0
5823, 1470857, 1, 4096, 0
5823, 1184303, 1, 4096, 0
5823, 2748439, 1, 4096, 0
5824, 1849369, 1, 4096, 0
5824, 1568703, 1, 4096, 0
5824, 1883324, 1, 4096, 0
5825, 1832859, 1, 4096, 0
5825, 1378649, 1, 4096, 0
5825, 2372392, 1, 4096, 0
5826, 1192711, 1, 4096, 0
5826, 1737463, 1, 4096, 0
5826, 1756657, 1, 4096, 0
5826, 2297080, 1, 4096, 0
5826, 1792031, 1, 4096, 0
5827, 1994249, 1, 4096, 0
5827, 1476693, 1, 4096, 0
5828, 1596023, 1, 4096, 0
5828, 1899551, 1, 4096, 0
5829, 1948421, 1, 4096, 0
5829, 1435353, 1, 4096, 0
5829, 3422523, 1, 4096, 0
5829, 2997106, 1, 4096, 0
5830, 1353049, 1, 4096, 0
5830, 1883869, 1, 4096, 0
5831, 1816593, 1, 4096, 0
5831, 3891267, 1, 4096, 0
5832, 1256593, 1, 4096, 0
5832, 2391169, 1, 4096, 0
5832, 1947740, 1, 4096, 0
5832, 2921902, 1, 4096, 0
5833, 1834081, 1, 4096, 0
5833, 1413683, 1, 4096, 0
5833, 2132600, 1, 4096, 0
5834, 1803180, 1, 4096, 0
5834, 1821750, 1, 4096, 0
5834, 1658089, 1, 4096, 0
5834, 1472256, 1, 4096, 0
5835, 1855853, 1, 4096, 0
5835, 1812993, 1, 4096, 0
5836, 2009194, 1, 4096, 0
5836, 1729957, 1, 4096, 0
5836, 1206509, 1, 4096, 0
5836, 1386351, 1, 4096, 0
5836, 2797286, 1, 4096, 0
5837, 2011858, 1, 4096, 0
5837, 1382196, 1, 4096, 0
5837, 1564591, 1, 4096, 0
5837, 1568399, 1, 4096, 0
5838, 2402734, 1, 4096, 0
5838, 1662759, 1, 4096, 0
5840, 2394569, 1, 4096, 0
5840, 2177365, 1, 4096, 0
5840, 2194379, 1, 4096, 0
5840, 2916339, 1, 4096, 0
5840, 2149922, 1, 4096, 0
5841, 2896161, 1, 4096, 0
5842, 2131720, 1, 4096, 0
5842, 2344653, 1, 4096, 0
5842, 1649811, 1, 4096, 0
5842, 962577, 1, 4096, 0
5842, 2624855, 1, 4096, 0
5842, 2293958, 1, 4096, 0
5843, 1387747, 1, 4096, 0
5843, 1310336, 1, 4096, 0
5844, 1592405, 1, 4096, 0
5844, 1605467, 1, 4096, 0
5844, 1886142, 1, 4096, 0
5844, 1263912, 1, 4096, 0
5844, 2344708, 1, 4096, 0
5845, 1635345, 1, 4096, 0
5846, 2168125, 1, 4096, 0
5846, 1633415, 1, 4096, 0
5846, 1819213, 1, 4096, 0
5846, 1888848, 1, 4096, 0
5846, 3165373, 1, 4096, 0
5847, 1627135, 1, 4096, 0
5847, 1431445, 1, 4096, 0
5847, 1436890, 1, 4096, 0
5848, 1287321, 1, 4096, 0
5848, 1424702, 1, 4096, 0
5848, 1834540, 1, 4096, 0
5849, 1574343, 1, 4096, 0
5849, 1714175, 1, 4096, 0
5849, 3027177, 1, 4096, 0
5849, 1254562, 1, 4096, 0
5850, 1628139, 1, 4096, 0
5850, 2559968, 1, 4096, 0
5851, 1717852, 1, 4096, 0
5851, 1605086, 1, 4096, 0
5852, 2484746, 1, 4096, 0
5852, 2147603, 1, 4096, 0
5852, 1519695, 1, 4096, 0
5852, 3003699, 1, 4096, 0
5853, 1789757, 1, 4096, 0
5853, 1436015, 1, 4096, 0
5854, 1587652, 1, 4096, 0
5854, 2185718, 1, 4096, 0
5854, 1559304, 1, 4096, 0
5855, 2923101, 1, 4096, 0
5855, 3299480, 1, 4096, 0
5855, 2818186, 1, 4096, 0
5856, 1290992, 1, 4096, 0
5856, 1297912, 1, 4096, 0
5856, 2542170, 1, 4096, 0
5856, 2313148, 1, 4096, 0
5857, 2084967, 1, 4096, 0
5857, 1436272, 1, 4096, 0
5857, 2011343, 1, 4096, 0
5858, 2415160, 1, 4096, 0
5858, 2171732, 1, 4096, 0
5859, 2459248, 1, 4096, 0
5859, 1967657, 1, 4096, 0
5859, 1769115, 1, 4096, 0
5860, 2396980, 1, 4096, 0
5860, 1557171, 1, 4096, 0
5860, 2028259, 1, 4096, 0
5860, 1869846, 1, 4096, 0
5861, 1413776, 1, 4096, 0
5861, 1428789, 1, 4096, 0
5862, 2745287, 1, 4096, 0
5862, 2333435, 1, 4096, 0
5863, 2597069, 1, 4096, 0
5863, 2337127, 1, 4096, 0
5863, 1124208, 1, 4096, 0
5863, 1802631, 1, 4096, 0
5863, 2695809, 1, 4096, 0
5864, 2010857, 1, 4096, 0
5864, 1635650, 1, 4096, 0
5865, 1724838, 1, 4096, 0
5865, 1294782, 1, 4096, 0
5865, 2403729, 1, 4096, 0
5865, 2492824, 1, 4096, 0
5866, 1819592, 1, 4096, 0
5866, 1815449, 1, 4096, 0
5866, 1922543, 1, 4096, 0
5867, 2065808, 1, 4096, 0
5867, 1519359, 1, 4096, 0
5867, 1773151, 1, 4096, 0
5868, 1323884, 1, 4096, 0
5868, 1237265, 1, 4096, 0
5868, 1916649, 1, 4096, 0
5868, 1174631, 1, 4096, 0
5868, 1547936, 1, 4096, 0
5868, 2271631, 1, 4096, 0
5869, 1132477, 1, 4096, 0
5869, 1132864, 1, 4096, 0
5870, 1366865, 1, 4096, 0
5870, 1552249, 1, 4096, 0
5870, 1977145, 1, 4096, 0
5871, 2326157, 1, 4096, 0
5871, 1688582, 1, 4096, 0
5871, 1606724, 1, 4096, 0
5871, 1526665, 1, 4096, 0
5871, 1999070, 1, 4096, 0
5872, 1923815, 1, 4096, 0
5872, 974750, 1, 4096, 0
5873, 1891182, 1, 4096, 0
5873, 1428390, 1, 4096, 0
5873, 1452991, 1, 4096, 0
5873, 1979104, 1, 4096, 0
5873, 1393147, 1, 4096, 0
5874, 2497961, 1, 4096, 0
5874, 1016189, 1, 4096, 0
5874, 1385548, 1, 4096, 0
5875, 1824074, 1, 4096, 0
5875, 1357799, 1, 4096, 0
5875, 1994322, 1, 4096, 0
5875, 2017991, 1, 4096, 0
5876, 2574552, 1, 4096, 0
5877, 3030734, 1, 4096, 0
5877, 2130470, 1, 4096, 0
5877, 1880666, 1, 4096, 0
5877, 2037443, 1, 4096, 0
5878, 2262518, 1, 4096, 0
5878, 1381139, 1, 4096, 0
5879, 2275547, 1, 4096, 0
5880, 2270905, 1, 4096, 0
5880, 2039328, 1, 4096, 0
5880, 3059680, 1, 4096, 0
5880, 1930544, 1, 4096, 0
5880, 3207870, 1, 4096, 0
5880, 1713999, 1, 4096, 0
5881, 1684695, 1, 4096, 0
5882, 1563492, 1, 4096, 0
5882, 1661411, 1, 4096, 0
5882, 2603502, 1, 4096, 0
5882, 1950140, 1, 4096, 0
5883, 2693985, 1, 4096, 0
5883, 1733663, 1, 4096, 0
5884, 1866090, 1, 4096, 0
5884, 1542882, 1, 4096, 0
5884, 1494815, 1, 4096, 0
5885, 1876418, 1, 4096, 0
5885, 2555357, 1, 4096, 0
5885, 2139810, 1, 4096, 0
5885, 1681482, 1, 4096, 0
5886, 2186045, 1, 4096, 0
5886, 1172403, 1, 4096, 0
5886, 1417648, 1, 4096, 0
5887, 1217985, 1, 4096, 0
5887, 1296493, 1, 4096, 0
5887, 2012559, 1, 4096, 0
5888, 2414683, 1, 4096, 0
5888, 2025783, 1, 4096, 0
5889, 5178395, 1, 4096, 0
5889, 2141714, 1, 4096, 0
5889, 2228262, 1, 4096, 0
5889, 2359694, 1, 4096, 0
5891, 2680818, 1, 4096, 0
5891, 2472509, 1, 4096, 0
5891, 1374038, 1, 4096, 0
5891, 2162095, 1, 4096, 0
5891, 1611106, 1, 4096, 0
5891, 1824926, 1, 4096, 0
5892, 1860412, 1, 4096, 0
5893, 1615558, 1, 4096, 0
5893, 1754774, 1, 4096, 0
5893, 2339541, 1, 4096, 0
5893, 1869331, 1, 4096, 0
5894, 3208194, 1, 4096, 0
5894, 1102123, 1, 4096, 0
5894, 1732837, 1, 4096, 0
5895, 2348703, 1, 4096, 0
5895, 2028765, 1, 4096, 0
5896, 3546333, 1, 4096, 0
5897, 1766963, 1, 4096, 0
5897, 2610659, 1, 4096, 0
5897, 2792013, 1, 4096, 0
5897, 1863385, 1, 4096, 0
5897, 2778297, 1, 4096, 0
5898, 1650947, 1, 4096, 0
5898, 1605831, 1, 4096, 0
5899, 2239466, 1, 4096, 0
5899, 1592744, 1, 4096, 0
5900, 2440801, 1, 4096, 0
5900, 2620367, 1, 4096, 0
5900, 1730521, 1, 4096, 0
5901, 1610303, 1, 4096, 0
5901, 1386881, 1, 4096, 0
5901, 4328687, 1, 4096, 0
5901, 1747104, 1, 4096, 0
5902, 2172376, 1, 4096, 0
5902, 2617163, 1, 4096, 0
5903, 1658440, 1, 4096, 0
5903, 1989601, 1, 4096, 0
5903, 2355707, 1, 4096, 0
5904, 1296136, 1, 4096, 0
5904, 2670393, 1, 4096, 0
5904, 2237699, 1, 4096, 0
5905, 2268193, 1, 4096, 0
5906, 1946533, 1, 4096, 0
5906, 3272150, 1, 4096, 0
5906, 3890228, 1, 4096, 0
5907, 2142465, 1, 4096, 0
5907, 1191757, 1, 4096, 0
5907, 2216746, 1, 4096, 0
5908, 3606464, 1, 4096, 0
5908, 1177526, 1, 4096, 0
5908, 1744236, 1, 4096, 0
5908, 1856430, 1, 4096, 0
5909, 1807737, 1, 4096, 0
5909, 1568582, 1, 4096, 0
5910, 2965322, 1, 4096, 0
5910, 1793213, 1, 4096, 0
5910, 1690387, 1, 4096, 0
5910, 1940760, 1, 4096, 0
5911, 1568659, 1, 4096, 0
5912, 1533105, 1, 4096, 0
5912, 1350308, 1, 4096, 0
5912, 1589472, 1, 4096, 0
5912, 4278204, 1, 4096, 0
5912, 2048771, 1, 4096, 0
5912, 1652769, 1, 4096, 0
5914, 2019287, 1, 4096, 0
5914, 2162299, 1, 4096, 0
5914, 1768972, 1, 4096, 0
5914, 2079366, 1, 4096, 0
5915, 2605046, 1, 4096, 0
5915, 2231034, 1, 4096, 0
5916, 2149364, 1, 4096, 0
5916, 2458669, 1, 4096, 0
5916, 2265593, 1, 4096, 0
5916, 1546368, 1, 4096, 0
5917, 1807584, 1, 4096, 0
5917, 2822806, 1, 4096, 0
5918, 1932265, 1, 4096, 0
5918, 1965965, 1, 4096, 0
5918, 2054924, 1, 4096, 0
5918, 2277904, 1, 4096, 0
5918, 1792260, 1, 4096, 0
5919, 2040597, 1, 4096, 0
5920, 1484530, 1, 4096, 0
5920, 1640448, 1, 4096, 0
5920, 2088448, 1, 4096, 0
5920, 2519371, 1, 4096, 0
5921, 1785087, 1, 4096, 0
5921, 2898270, 1, 4096, 0
5921, 1659402, 1, 4096, 0
5922, 2071411, 1, 4096, 0
5922, 1929904, 1, 4096, 0
5922, 1906875, 1, 4096, 0
5923, 1717601, 1, 4096, 0
5923, 2080197, 1, 4096, 0
5923, 1609476, 1, 4096, 0
5924, 1603312, 1, 4096, 0
5924, 1236162, 1, 4096, 0
5925, 2799704, 1, 4096, 0
5925, 2645713, 1, 4096, 0
5925, 2633831, 1, 4096, 0
5925, 2840691, 1, 4096, 0
5927, 2524070, 1, 4096, 0
5927, 2044539, 1, 4096, 0
5928, 3300643, 1, 4096, 0
5928, 2180854, 1, 4096, 0
5928, 2919976, 1, 4096, 0
5928, 3463054, 1, 4096, 0
5928, 1626068, 1, 4096, 0
5929, 1375457, 1, 4096, 0
5930, 2443951, 1, 4096, 0
5930, 2060476, 1, 4096, 0
5930, 2167827, 1, 4096, 0
5930, 1507012, 1, 4096, 0
5930, 1880222, 1, 4096, 0
5932, 2526360, 1, 4096, 0
5932, 1999473, 1, 4096, 0
5932, 2534536, 1, 4096, 0
5932, 2130288, 1, 4096, 0
5933, 2751654, 1, 4096, 0
5933, 2876162, 1, 4096, 0
5933, 1557060, 1, 4096, 0
5934, 1500255, 1, 4096, 0
5934, 2217145, 1, 4096, 0
5934, 1555357, 1, 4096, 0
5934, 2015908, 1, 4096, 0
5935, 1324822, 1, 4096, 0
5935, 1796840, 1, 4096, 0
5936, 1793967, 1, 4096, 0
5936, 1720639, 1, 4096, 0
5936, 2083446, 1, 4096, 0
5936, 3123217, 1, 4096, 0
5937, 2483857, 1, 4096, 0
5937, 1479321, 1, 4096, 0
5937, 1525403, 1, 4096, 0
5937, 2075781, 1, 4096, 0
5939, 2154522, 1, 4096, 0
5939, 1533899, 1, 4096, 0
5940, 2954243, 1, 4096, 0
5940, 4099216, 1, 4096, 0
5940, 3298770, 1, 4096, 0
5940, 3164567, 1, 4096, 0
5940, 1947934, 1, 4096, 0
5941, 1650064, 1, 4096, 0
5942, 1494364, 1, 4096, 0
5942, 1491179, 1, 4096, 0
5942, 2119635, 1, 4096, 0
5943, 1169277, 1, 4096, 0
5943, 2684433, 1, 4096, 0
5943, 2542046, 1, 4096, 0
5944, 3609735, 1, 4096, 0
5944, 2237580, 1, 4096, 0
5945, 1440819, 1, 4096, 0
5945, 1464299, 1, 4096, 0
5945, 2502099, 1, 4096, 0
5946, 3115104, 1, 4096, 0
5946, 2369124, 1, 4096, 0
5946, 1818463, 1, 4096, 0
5947, 2582016, 1, 4096, 0
5947, 1888659, 1, 4096, 0
5948, 1971515, 1, 4096, 0
5948, 2054833, 1, 4096, 0
5948, 1408042, 1, 4096, 0
5948, 1405802, 1, 4096, 0
5948, 1620526, 1, 4096, 0
5949, 2109582, 1, 4096, 0
5949, 1363832, 1, 4096, 0
5950, 2177976, 1, 4096, 0
5950, 1818396, 1, 4096, 0
5950, 2342622, 1, 4096, 0
5950, 2934260, 1, 4096, 0
5951, 1610287, 1, 4096, 0
5951, 2602136, 1, 4096, 0
5952, 1140134, 1, 4096, 0
5952, 2092192, 1, 4096, 0
5952, 1883483, 1, 4096, 0
5953, 1736052, 1, 4096, 0
5953, 3270285, 1, 4096, 0
5953, 2169385, 1, 4096, 0
5953, 1444982, 1, 4096, 0
5954, 2278082, 1, 4096, 0
5954, 1493728, 1, 4096, 0
5955, 2035523, 1, 4096, 0
5955, 2682368, 1, 4096, 0
5955, 2082460, 1, 4096, 0
5956, 2285957, 1, 4096, 0
5957, 3045388, 1, 4096, 0
5957, 1844253, 1, 4096, 0
5957, 1858666, 1, 4096, 0
5957, 1867021, 1, 4096, 0
5957, 2531848, 1, 4096, 0
5958, 1483263, 1, 4096, 0
5959, 1650754, 1, 4096, 0
5959, 3108443, 1, 4096, 0
5959, 1953099, 1, 4096, 0
5959, 1939765, 1, 4096, 0
5959, 2286016, 1, 4096, 0
5960, 1503336, 1, 4096, 0
5961, 1600317, 1, 4096, 0
5961, 2006922, 1, 4096, 0
5961, 2212836, 1, 4096, 0
5961, 1642135, 1, 4096, 0
5961, 1975177, 1, 4096, 0
5961, 1491477, 1, 4096, 0
5962, 1271698, 1, 4096, 0
5962, 1406734, 1, 4096, 0
5963, 1895777, 1, 4096, 0
5963, 2059739, 1, 4096, 0
5963, 1884006, 1, 4096, 0
5963, 1667182, 1, 4096, 0
5964, 2460335, 1, 4096, 0
5964, 1711404, 1, 4096, 0
5964, 1663418, 1, 4096, 0
5965, 2310639, 1, 4096, 0
5965, 1987960, 1, 4096, 0
5965, 1754980, 1, 4096, 0
5966, 1652242, 1, 4096, 0
5966, 2080449, 1, 4096, 0
5966, 1703649, 1, 4096, 0
5967, 2218121, 1, 4096, 0
5967, 2409157, 1, 4096, 0
5967, 2362627, 1, 4096, 0
5968, 868472, 1, 4096, 0
5968, 1256657, 1, 4096, 0
5968, 1705216, 1, 4096, 0
5969, 2166865, 1, 4096, 0
5969, 2288331, 1, 4096, 0
5969, 1791086, 1, 4096, 0
5970, 1994530, 1, 4096, 0
5970, 3176451, 1, 4096, 0
5970, 1723520, 1, 4096, 0
5971, 2338445, 1, 4096, 0
5971, 1807471, 1, 4096, 0
5971, 1432263, 1, 4096, 0
5972, 1606021, 1, 4096, 0
5972, 2392187, 1, 4096, 0
5972, 2951498, 1, 4096, 0
5973, 1559618, 1, 4096, 0
5974, 2065399, 1, 4096, 0
5974, 2828422, 1, 4096, 0
5974, 2971527, 1, 4096, 0
5974, 1817733, 1, 4096, 0
5975, 2363676, 1, 4096, 0
5975, 2979597, 1, 4096, 0
5976, 1748699, 1, 4096, 0
5976, 1568701, 1, 4096, 0
5976, 1677733, 1, 4096, 0
5976, 1521137, 1, 4096, 0
5977, 2060211, 1, 4096, 0
5977, 1982856, 1, 4096, 0
5977, 1255319, 1, 4096, 0
5978, 1973950, 1, 4096, 0
5978, 2147672, 1, 4096, 0
5978, 2704481, 1, 4096, 0
5978, 1479827, 1, 4096, 0
5979, 2192887, 1, 4096, 0
5979, 2518290, 1, 4096, 0
5979, 1814545, 1, 4096, 0
5980, 1405715, 1, 4096, 0
5980, 1855354, 1, 4096, 0
5980, 2846431, 1, 4096, 0
5981, 2066366, 1, 4096, 0
5982, 2037273, 1, 4096, 0
5982, 1881739, 1, 4096, 0
5982, 2090512, 1, 4096, 0
5982, 1378025, 1, 4096, 0
5982, 2076263, 1, 4096, 0
5984, 2116186, 1, 4096, 0
5984, 2082163, 1, 4096, 0
5984, 1219930, 1, 4096, 0
5984, 2237440, 1, 4096, 0
5984, 2188176, 1, 4096, 0
5984, 2139644, 1, 4096, 0
5986, 1980843, 1, 4096, 0
5986, 2011555, 1, 4096, 0
5986, 2016742, 1, 4096, 0
5986, 2282128, 1, 4096, 0
5986, 2270687, 1, 4096, 0
5987, 3127149, 1, 4096, 0
5987, 1458636, 1, 4096, 0
5988, 1841514, 1, 4096, 0
5988, 2123183, 1, 4096, 0
5988, 1791116, 1, 4096, 0
5988, 2147329, 1, 4096, 0
5989, 1696447, 1, 4096, 0
5989, 2529094, 1, 4096, 0
5989, 1663260, 1, 4096, 0
5990, 2206936, 1, 4096, 0
5990, 1845027, 1, 4096, 0
5990, 1977509, 1, 4096, 0
5991, 1500094, 1, 4096, 0
5992, 1855276, 1, 4096, 0
5992, 1995089, 1, 4096, 0
5992, 2417378, 1, 4096, 0
5992, 2134742, 1, 4096, 0
5992, 2706614, 1, 4096, 0
5992, 1487319, 1, 4096, 0
5993, 1400027, 1, 4096, 0
5993, 1724050, 1, 4096, 0
5994, 2498538, 1, 4096, 0
5994, 1470442, 1, 4096, 0
5995, 2695991, 1, 4096, 0
5995, 2396160, 1, 4096, 0
5995, 2793728, 1, 4096, 0
5996, 2195815, 1, 4096, 0
5996, 1338454, 1, 4096, 0
5996, 1909252, 1, 4096, 0
5996, 1876067, 1, 4096, 0
5996, 1715314, 1, 4096, 0
5997, 1579245, 1, 4096, 0
5997, 2672168, 1, 4096, 0
5998, 2060431, 1, 4096, 0
5998, 1311196, 1, 4096, 0
5998, 1617357, 1, 4096, 0
5998, 1791075, 1, 4096, 0
5999, 1332111, 1, 4096, 0
6000, 1639422, 1, 4096, 0
6000, 2300877, 1, 4096, 0
6000, 2214671, 1, 4096, 0
6000, 2572764, 1, 4096, 0
6001, 2323454, 1, 4096, 0
6001, 1343610, 1, 4096, 0
6001, 2566240, 1, 4096, 0
6002, 1766157, 1, 4096, 0
6003, 2151448, 1, 4096, 0
6003, 1825981, 1, 4096, 0
6003, 3145723, 1, 4096, 0
6003, 3247142, 1, 4096, 0
6003, 2178960, 1, 4096, 0
6003, 1779914, 1, 4096, 0
6005, 1989195, 1, 4096, 0
6005, 2252325, 1, 4096, 0
6005, 2380897, 1, 4096, 0
6006, 2219200, 1, 4096, 0
6006, 2348512, 1, 4096, 0
6007, 3526680, 1, 4096, 0
6007, 1344074, 1, 4096, 0
6007, 2229741, 1, 4096, 0
6007, 1804312, 1, 4096, 0
6007, 1792977, 1, 4096, 0
6008, 1887769, 1, 4096, 0
6008, 1371683, 1, 4096, 0
6009, 1666388, 1, 4096, 0
6009, 1824430, 1, 4096, 0
6009, 1606427, 1, 4096, 0
6009, 2573233, 1, 4096, 0
6010, 2201494, 1, 4096, 0
6011, 1658530, 1, 4096, 0
6011, 1912504, 1, 4096, 0
6011, 2384690, 1, 4096, 0
6011, 1731771, 1, 4096, 0
6011, 1390024, 1, 4096, 0
6011, 2833017, 1, 4096, 0
6012, 1486303, 1, 4096, 0
6012, 1830029, 1, 4096, 0
6013, 2371590, 1, 4096, 0
6013, 1669089, 1, 4096, 0
6013, 2183422, 1, 4096, 0
6013, 1824942, 1, 4096, 0
6014, 1486770, 1, 4096, 0
6014, 1402021, 1, 4096, 0
6014, 1295089, 1, 4096, 0
6015, 1382698, 1, 4096, 0
6015, 1649483, 1, 4096, 0
6015, 2152761, 1, 4096, 0
6016, 1786745, 1, 4096, 0
6016, 2119458, 1, 4096, 0
6016, 1721048, 1, 4096, 0
6016, 2045486, 1, 4096, 0
6017, 1789255, 1, 4096, 0
6018, 1601580, 1, 4096, 0
6018, 3263907, 1, 4096, 0
6018, 2415604, 1, 4096, 0
6018, 1649500, 1, 4096, 0
6018, 1779902, 1, 4096, 0
6019, 1618444, 1, 4096, 0
6020, 2306833, 1, 4096, 0
6020, 2023852, 1, 4096, 0
6020, 2235686, 1, 4096, 0
6020, 2244569, 1, 4096, 0
6020, 2276621, 1, 4096, 0
6021, 1557046, 1, 4096, 0
6021, 2454461, 1, 4096, 0
6022, 1736358, 1, 4096, 0
6022, 2340943, 1, 4096, 0
6023, 2462366, 1, 4096, 0
6023, 2730398, 1, 4096, 0
6023, 1520261, 1, 4096, 0
6023, 1170575, 1, 4096, 0
6023, 2076820, 1, 4096, 0
6024, 1787275, 1, 4096, 0
6024, 1444652, 1, 4096, 0
6025, 1764120, 1, 4096, 0
6025, 1293040, 1, 4096, 0
6025, 2028927, 1, 4096, 0
6025, 2201489, 1, 4096, 0
6026, 1660320, 1, 4096, 0
6026, 1945876, 1, 4096, 0
6026, 1547712, 1, 4096, 0
6027, 1501667, 1, 4096, 0
6027, 1492870, 1, 4096, 0
6028, 2085174, 1, 4096, 0
6028, 3083133, 1, 4096, 0
6028, 3589948, 1, 4096, 0
6028, 1867092, 1, 4096, 0
6029, 1265931, 1, 4096, 0
6029, 2865886, 1, 4096, 0
6029, 1257541, 1, 4096, 0
6030, 1725849, 1, 4096, 0
6030, 1405836, 1, 4096, 0
6031, 2045159, 1, 4096, 0
6032, 1789828, 1, 4096, 0
6032, 3347475, 1, 4096, 0
6032, 2042784, 1, 4096, 0
6032, 2400701, 1, 4096, 0
6032, 3029575, 1, 4096, 0
6033, 2014856, 1, 4096, 0
6034, 2448499, 1, 4096, 0
6034, 2591094, 1, 4096, 0
6034, 2126676, 1, 4096, 0
6034, 2571531, 1, 4096, 0
6035, 1762457, 1, 4096, 0
6035, 3113651, 1, 4096, 0
6035, 1171268, 1, 4096, 0
6036, 1290140, 1, 4096, 0
6036, 1599902, 1, 4096, 0
6036, 1940826, 1, 4096, 0
6037, 1907610, 1, 4096, 0
6037, 1689397, 1, 4096, 0
6037, 1858667, 1, 4096, 0
6038, 1519177, 1, 4096, 0
6038, 1511752, 1, 4096, 0
6039, 1801084, 1, 4096, 0
6039, 1535970, 1, 4096, 0
6040, 3188474, 1, 4096, 0
6040, 2176512, 1, 4096, 0
6040, 1580354, 1, 4096, 0
6040, 5425937, 1, 4096, 0
6041, 1939083, 1, 4096, 0
6042, 1977910, 1, 4096, 0
6042, 2138302, 1, 4096, 0
6042, 2394048, 1, 4096, 0
6042, 2213731, 1, 4096, 0
6042, 3447692, 1, 4096, 0
6044, 2859946, 1, 4096, 0
6044, 1725956, 1, 4096, 0
6044, 2034957, 1, 4096, 0
6044, 2410319, 1, 4096, 0
6045, 2149263, 1, 4096, 0
6045, 2943130, 1, 4096, 0
6046, 1789860, 1, 4096, 0
6046, 2003446, 1, 4096, 0
6047, 2208954, 1, 4096, 0
6047, 2833247, 1, 4096, 0
6047, 2777420, 1, 4096, 0
6047, 2500398, 1, 4096, 0
6047, 1539931, 1, 4096, 0
6048, 2207010, 1, 4096, 0
6048, 1533703, 1, 4096, 0
6049, 2334202, 1, 4096, 0
6049, 2163718, 1, 4096, 0
6049, 2499993, 1, 4096, 0
6050, 2580429, 1, 4096, 0
6050, 1966213, 1, 4096, 0
6050, 1554441, 1, 4096, 0
6051, 1732695, 1, 4096, 0
6051, 2012159, 1, 4096, 0
6051, 2050979, 1, 4096, 0
6052, 1609299, 1, 4096, 0
6052, 2092731, 1, 4096, 0
6052, 2394439, 1, 4096, 0
6053, 1738463, 1, 4096, 0
6053, 1895368, 1, 4096, 0
6054, 2466161, 1, 4096, 0
6054, 2868692, 1, 4096, 0
6054, 2723324, 1, 4096, 0
6054, 1927437, 1, 4096, 0
6055, 1948272, 1, 4096, 0
6056, 2518882, 1, 4096, 0
6056, 1343767, 1, 4096, 0
6056, 1396159, 1, 4096, 0
6057, 2399138, 1, 4096, 0
6057, 1843731, 1, 4096, 0
6057, 1339555, 1, 4096, 0
6057, 1763224, 1, 4096, 0
6058, 3529374, 1, 4096, 0
6058, 1756604, 1, 4096, 0
6059, 2808550, 1, 4096, 0
6059, 1774189, 1, 4096, 0
6059, 2235413, 1, 4096, 0
6060, 1713267, 1, 4096, 0
6060, 2262869, 1, 4096, 0
6060, 1544179, 1, 4096, 0
6060, 1394917, 1, 4096, 0
6061, 1875612, 1, 4096, 0
6061, 2346641, 1, 4096, 0
6061, 1160460, 1, 4096, 0
6061, 1449098, 1, 4096, 0
6063, 2140557, 1, 4096, 0
6063, 2582719, 1, 4096, 0
6063, 2170023, 1, 4096, 0
6063, 2294574, 1, 4096, 0
6063, 2329086, 1, 4096, 0
6064, 2702504, 1, 4096, 0
6065, 2050624, 1, 4096, 0
6065, 1592846, 1, 4096, 0
6065, 2092166, 1, 4096, 0
6065, 2586577, 1, 4096, 0
6065, 2757648, 1, 4096, 0
6066, 1494893, 1, 4096, 0
6067, 3036571, 1, 4096, 0
6067, 1905900, 1, 4096, 0
6067, 1929399, 1, 4096, 0
6067, 2323126, 1, 4096, 0
6067, 2171242, 1, 4096, 0
6068, 1370274, 1, 4096, 0
6068, 1797240, 1, 4096, 0
6069, 1595714, 1, 4096, 0
6069, 1518673, 1, 4096, 0
6069, 1700419, 1, 4096, 0
6069, 1785928, 1, 4096, 0
6069, 1606859, 1, 4096, 0
6070, 1577797, 1, 4096, 0
6070, 1459779, 1, 4096, 0
6070, 1504414, 1, 4096, 0
6071, 1671190, 1, 4096, 0
6071, 1799117, 1, 4096, 0
6071, 2391083, 1, 4096, 0
6072, 1365702, 1, 4096, 0
6072, 1029309, 1, 4096, 0
6072, 1493048, 1, 4096, 0
6072, 2340617, 1, 4096, 0
6072, 1937941, 1, 4096, 0
6073, 1028721, 1, 4096, 0
6074, 2095147, 1, 4096, 0
6074, 1700968, 1, 4096, 0
6074, 2092449, 1, 4096, 0
6075, 1877739, 1, 4096, 0
6075, 2380292, 1, 4096, 0
6075, 1425991, 1, 4096, 0
6075, 3261408, 1, 4096, 0
6076, 1964785, 1, 4096, 0
6077, 1260595, 1, 4096, 0
6077, 1856802, 1, 4096, 0
6077, 1905908, 1, 4096, 0
6077, 2357154, 1, 4096, 0
6078, 2707816, 1, 4096, 0
6078, 1351206, 1, 4096, 0
6078, 1507464, 1, 4096, 0
6078, 2414170, 1, 4096, 0
6078, 1895451, 1, 4096, 0
6079, 2225191, 1, 4096, 0
6079, 1187009, 1, 4096, 0
6080, 1279259, 1, 4096, 0
6080, 2099526, 1, 4096, 0
6080, 2086816, 1, 4096, 0
6080, 1771658, 1, 4096, 0
6081, 1758310, 1, 4096, 0
6081, 2093776, 1, 4096, 0
6081, 1164021, 1, 4096, 0
6082, 1580201, 1, 4096, 0
6082, 1783107, 1, 4096, 0
6082, 2119787, 1, 4096, 0
6083, 1306216, 1, 4096, 0
6083, 2367370, 1, 4096, 0
6083, 1311477, 1, 4096, 0
6083, 2323878, 1, 4096, 0
6084, 1677988, 1, 4096, 0
6084, 2028959, 1, 4096, 0
6084, 1689023, 1, 4096, 0
6084, 1398250, 1, 4096, 0
6085, 1709699, 1, 4096, 0
6085, 1661633, 1, 4096, 0
6086, 2187020, 1, 4096, 0
6086, 1795661, 1, 4096, 0
6087, 3010728, 1, 4096, 0
6087, 2315086, 1, 4096, 0
6087, 1643226, 1, 4096, 0
6088, 3290540, 1, 4096, 0
6088, 3400478, 1, 4096, 0
6089, 1388968, 1, 4096, 0
6089, 2606621, 1, 4096, 0
6089, 1666366, 1, 4096, 0
6089, 2294815, 1, 4096, 0
6090, 1358555, 1, 4096, 0
6090, 2580529, 1, 4096, 0
6091, 1361947, 1, 4096, 0
6091, 1686996, 1, 4096, 0
6091, 2826548, 1, 4096, 0
6091, 2342152, 1, 4096, 0
6092, 1828097, 1, 4096, 0
6092, 1625449, 1, 4096, 0
6092, 1561368, 1, 4096, 0
6092, 1509012, 1, 4096, 0
6092, 1511522, 1, 4096, 0
6093, 2140643, 1, 4096, 0
6094, 1887373, 1, 4096, 0
6094, 1881516, 1, 4096, 0
6094, 2234109, 1, 4096, 0
6095, 2510302, 1, 4096, 0
6095, 2059167, 1, 4096, 0
6095, 1298179, 1, 4096, 0
6096, 3487182, 1, 4096, 0
6096, 1764736, 1, 4096, 0
6096, 2158957, 1, 4096, 0
6096, 1437500, 1, 4096, 0
6097, 1983296, 1, 4096, 0
6097, 1092731, 1, 4096, 0
6097, 2197328, 1, 4096, 0
6098, 1450567, 1, 4096, 0
6098, 1967436, 1, 4096, 0
6099, 2115937, 1, 4096, 0
6099, 1991213, 1, 4096, 0
6099, 1951865, 1, 4096, 0
6099, 1834737, 1, 4096, 0
6099, 1376882, 1, 4096, 0
6100, 2060534, 1, 4096, 0
6100, 1573883, 1, 4096, 0
6100, 1474135, 1, 4096, 0
6101, 1483233, 1, 4096, 0
6101, 1333524, 1, 4096, 0
6101, 2461096, 1, 4096, 0
6101, 1812873, 1, 4096, 0
6101, 2247555, 1, 4096, 0
6102, 1597567, 1, 4096, 0
6103, 1714503, 1, 4096, 0
6103, 2537660, 1, 4096, 0
6104, 2359647, 1, 4096, 0
6104, 2651807, 1, 4096, 0
6104, 2138501, 1, 4096, 0
6105, 1686702, 1, 4096, 0
6105, 3706803, 1, 4096, 0
6106, 2503607, 1, 4096, 0
6106, 1970776, 1, 4096, 0
6106, 2329158, 1, 4096, 0
6107, 2750520, 1, 4096, 0
6107, 2033362, 1, 4096, 0
6108, 2950811, 1, 4096, 0
6108, 2491341, 1, 4096, 0
6108, 1221569, 1, 4096, 0
6108, 2117934, 1, 4096, 0
6109, 1669875, 1, 4096, 0
6109, 3328415, 1, 4096, 0
6110, 1966171, 1, 4096, 0
6110, 1953860, 1, 4096, 0
6110, 1731615, 1, 4096, 0
6110, 2065948, 1, 4096, 0
6112, 1196243, 1, 4096, 0
6112, 3409112, 1, 4096, 0
6112, 2109327, 1, 4096, 0
6112, 1614749, 1, 4096, 0
6113, 2855507, 1, 4096, 0
6113, 1426218, 1, 4096, 0
6113, 1390878, 1, 4096, 0
6114, 1960701, 1, 4096, 0
6114, 4136545, 1, 4096, 0
6115, 1769734, 1, 4096, 0
6115, 3583292, 1, 4096, 0
6115, 2219061, 1, 4096, 0
6116, 2011516, 1, 4096, 0
6116, 2914983, 1, 4096, 0
6116, 1741315, 1, 4096, 0
6117, 2388535, 1, 4096, 0
6117, 2107585, 1, 4096, 0
6118, 2645283, 1, 4096, 0
6118, 1335478, 1, 4096, 0
6118, 2084887, 1, 4096, 0
6118, 2237317, 1, 4096, 0
6119, 2133507, 1, 4096, 0
6119, 1875923, 1, 4096, 0
6119, 1411637, 1, 4096, 0
6120, 2024876, 1, 4096, 0
6120, 2252864, 1, 4096, 0
6120, 2299107, 1, 4096, 0
6121, 1658343, 1, 4096, 0
6121, 1801162, 1, 4096, 0
6121, 1379935, 1, 4096, 0
6121, 2032225, 1, 4096, 0
6122, 1996806, 1, 4096, 0
6122, 963351, 1, 4096, 0
6122, 2018955, 1, 4096, 0
6123, 2034504, 1, 4096, 0
6123, 2266002, 1, 4096, 0
6124, 2347062, 1, 4096, 0
6124, 1657783, 1, 4096, 0
6124, 1880884, 1, 4096, 0
6124, 2036019, 1, 4096, 0
6125, 2907971, 1, 4096, 0
6125, 1983840, 1, 4096, 0
6126, 1262164, 1, 4096, 0
6126, 2497369, 1, 4096, 0
6126, 1876594, 1, 4096, 0
6127, 1704516, 1, 4096, 0
6127, 1365318, 1, 4096, 0
6127, 1815237, 1, 4096, 0
6128, 2061102, 1, 4096, 0
6128, 3881890, 1, 4096, 0
6128, 1991059, 1, 4096, 0
6129, 1738474, 1, 4096, 0
6129, 2284594, 1, 4096, 0
6129, 2036622, 1, 4096, 0
6130, 1773231, 1, 4096, 0
6130, 1813196, 1, 4096, 0
6131, 2021015, 1, 4096, 0
6131, 2784266, 1, 4096, 0
6131, 2243063, 1, 4096, 0
6132, 1801171, 1, 4096, 0
6132, 2868549, 1, 4096, 0
6132, 1895406, 1, 4096, 0
6133, 1953320, 1, 4096, 0
6133, 2178343, 1, 4096, 0
6134, 1885277, 1, 4096, 0
6134, 1678782, 1, 4096, 0
6134, 2598014, 1, 4096, 0
6134, 2010623, 1, 4096, 0
6134, 1402786, 1, 4096, 0
6135, 2301672, 1, 4096, 0
6136, 2315016, 1, 4096, 0
6136, 2117402, 1, 4096, 0
6136, 2472909, 1, 4096, 0
6136, 1873880, 1, 4096, 0
6137, 3215426, 1, 4096, 0
6137, 1460440, 1, 4096, 0
6138, 2231657, 1, 4096, 0
6138, 1744870, 1, 4096, 0
6138, 2154918, 1, 4096, 0
6138, 1271790, 1, 4096, 0
6139, 1100351, 1, 4096, 0
6139, 1521585, 1, 4096, 0
6140, 4138843, 1, 4096, 0
6141, 2736988, 1, 4096, 0
6141, 3191686, 1, 4096, 0
6141, 2558988, 1, 4096, 0
6141, 2054536, 1, 4096, 0
6142, 2345929, 1, 4096, 0
6142, 2058357, 1, 4096, 0
6143, 2045673, 1, 4096, 0
6143, 2372368, 1, 4096, 0
6143, 1562558, 1, 4096, 0
6144, 3355112, 1, 4096, 0
6144, 1420366, 1, 4096, 0
6144, 2997979, 1, 4096, 0
6144, 1960775, 1, 4096, 0
6144, 1398295, 1, 4096, 0
6145, 1934066, 1, 4096, 0
6146, 1478616, 1, 4096, 0
6146, 1657398, 1, 4096, 0
6146, 1866413, 1, 4096, 0
6147, 2089079, 1, 4096, 0
6147, 1511442, 1, 4096, 0
6147, 1136656, 1, 4096, 0
6148, 3999368, 1, 4096, 0
6148, 1969540, 1, 4096, 0
6148, 1602885, 1, 4096, 0
6148, 2423851, 1, 4096, 0
6149, 2040514, 1, 4096, 0
6149, 1920240, 1, 4096, 0
6150, 1602806, 1, 4096, 0
6150, 1633618, 1, 4096, 0
6150, 2063498, 1, 4096, 0
6150, 1696799, 1, 4096, 0
6150, 2394862, 1, 4096, 0
6151, 2473498, 1, 4096, 0
6151, 1302511, 1, 4096, 0
6152, 1678190, 1, 4096, 0
6152, 1864784, 1, 4096, 0
6153, 1904893, 1, 4096, 0
6153, 2272239, 1, 4096, 0
6153, 1768927, 1, 4096, 0
6154, 3491569, 1, 4096, 0
6154, 1516231, 1, 4096, 0
6154, 2412322, 1, 4096, 0
6154, 2102478, 1, 4096, 0
6154, 1648521, 1, 4096, 0
6155, 1147890, 1, 4096, 0
6156, 1852553, 1, 4096, 0
6156, 1618271, 1, 4096, 0
6156, 1959108, 1, 4096, 0
6156, 1946460, 1, 4096, 0
6156, 3075828, 1, 4096, 0
6157, 1684385, 1, 4096, 0
6157, 1623791, 1, 4096, 0
6158, 1310442, 1, 4096, 0
6158, 1491331, 1, 4096, 0
6158, 2097398, 1, 4096, 0
6159, 2386579, 1, 4096, 0
6159, 1974121, 1, 4096, 0
6159, 2093087, 1, 4096, 0
6159, 1779473, 1, 4096, 0
6159, 1536756, 1, 4096, 0
6160, 1157325, 1, 4096, 0
6161, 3027801, 1, 4096, 0
6161, 1464235, 1, 4096, 0
6162, 3261947, 1, 4096, 0
6162, 1276680, 1, 4096, 0
6162, 2574432, 1, 4096, 0
6162, 1505224, 1, 4096, 0
6162, 1725053, 1, 4096, 0
6162, 2755534, 1, 4096, 0
6164, 1729686, 1, 4096, 0
6164, 1849411, 1, 4096, 0
6164, 1869342, 1, 4096, 0
6164, 1920973, 1, 4096, 0
6164, 2405017, 1, 4096, 0
6164, 2368749, 1, 4096, 0
6166, 1906811, 1, 4096, 0
6166, 1857362, 1, 4096, 0
6166, 1490770, 1, 4096, 0
6166, 1953651, 1, 4096, 0
6166, 1585290, 1, 4096, 0
6166, 2108698, 1, 4096, 0
6167, 1538653, 1, 4096, 0
6168, 1653062, 1, 4096, 0
6168, 1895658, 1, 4096, 0
6169, 2602025, 1, 4096, 0
6169, 2998347, 1, 4096, 0
6169, 3337525, 1, 4096, 0
6170, 1919380, 1, 4096, 0
6170, 2453912, 1, 4096, 0
6170, 2243152, 1, 4096, 0
6170, 1387786, 1, 4096, 0
6170, 1488510, 1, 4096, 0
6170, 1895982, 1, 4096, 0
6171, 1050991, 1, 4096, 0
6171, 1584541, 1, 4096, 0
6172, 2241808, 1, 4096, 0
6172, 1740014, 1, 4096, 0
6172, 1903145, 1, 4096, 0
6173, 2346666, 1, 4096, 0
6173, 1882131, 1, 4096, 0
6174, 1662070, 1, 4096, 0
6174, 1606997, 1, 4096, 0
6174, 1886595, 1, 4096, 0
6174, 3413858, 1, 4096, 0
6174, 1555158, 1, 4096, 0
6175, 2029343, 1, 4096, 0
6175, 1411206, 1, 4096, 0
6176, 1941238, 1, 4096, 0
6176, 1619555, 1, 4096, 0
6177, 2521689, 1, 4096, 0
6177, 2473703, 1, 4096, 0
6177, 1496807, 1, 4096, 0
6177, 1594912, 1, 4096, 0
6177, 1117686, 1, 4096, 0
6178, 1936908, 1, 4096, 0
6179, 1872738, 1, 4096, 0
6179, 2615909, 1, 4096, 0
6179, 2518669, 1, 4096, 0
6179, 2515837, 1, 4096, 0
6180, 2477562, 1, 4096, 0
6180, 2124258, 1, 4096, 0
6180, 1837751, 1, 4096, 0
6182, 2181068, 1, 4096, 0
6182, 2792655, 1, 4096, 0
6183, 3147219, 1, 4096, 0
6183, 2220678, 1, 4096, 0
6183, 2921583, 1, 4096, 0
6183, 3118335, 1, 4096, 0
6183, 1398512, 1, 4096, 0
6183, 937271, 1, 4096, 0
6184, 1244883, 1, 4096, 0
6184, 1657548, 1, 4096, 0
6185, 1247198, 1, 4096, 0
6185, 1099940, 1, 4096, 0
6185, 2497777, 1, 4096, 0
6186, 2975460, 1, 4096, 0
6186, 2782097, 1, 4096, 0
6187, 3861031, 1, 4096, 0
6187, 1586631, 1, 4096, 0
6187, 1924463, 1, 4096, 0
6188, 1733959, 1, 4096, 0
6188, 2827800, 1, 4096, 0
6188, 2525201, 1, 4096, 0
6188, 1607647, 1, 4096, 0
6189, 1311131, 1, 4096, 0
6189, 1832852, 1, 4096, 0
6190, 1917913, 1, 4096, 0
6190, 3676428, 1, 4096, 0
6190, 2338734, 1, 4096, 0
6190, 1740746, 1, 4096, 0
6191, 2232698, 1, 4096, 0
6191, 1333142, 1, 4096, 0
6191, 2028167, 1, 4096, 0
6192, 1431660, 1, 4096, 0
6193, 2093057, 1, 4096, 0
6193, 2685960, 1, 4096, 0
6193, 2922191, 1, 4096, 0
6193, 2065779, 1, 4096, 0
6194, 1408283, 1, 4096, 0
6194, 2115299, 1, 4096, 0
6194, 1122137, 1, 4096, 0
6195, 2050143, 1, 4096, 0
6196, 2085302, 1, 4096, 0
6196, 2194989, 1, 4096, 0
6196, 2245690, 1, 4096, 0
6196, 2517073, 1, 4096, 0
6196, 2420048, 1, 4096, 0
6196, 1341785, 1, 4096, 0
6198, 2178155, 1, 4096, 0
6198, 1957478, 1, 4096, 0
6198, 1833910, 1, 4096, 0
6198, 2352373, 1, 4096, 0
6199, 2830738, 1, 4096, 0
6199, 3040079, 1, 4096, 0
6200, 1415521, 1, 4096, 0
6200, 1588666, 1, 4096, 0
6200, 1183073, 1, 4096, 0
6201, 2855512, 1, 4096, 0
6201, 2678953, 1, 4096, 0
6201, 2553168, 1, 4096, 0
6201, 1680490, 1, 4096, 0
6202, 2434546, 1, 4096, 0
6202, 1453542, 1, 4096, 0
6202, 1994188, 1, 4096, 0
6202, 1298372, 1, 4096, 0
6203, 1533554, 1, 4096, 0
6203, 2073501, 1, 4096, 0
6204, 1619765, 1, 4096, 0
6204, 1656001, 1, 4096, 0
6204, 1940880, 1, 4096, 0
6204, 2123380, 1, 4096, 0
6205, 1921141, 1, 4096, 0
6205, 1610354, 1, 4096, 0
6205, 1359410, 1, 4096, 0
6206, 1904194, 1, 4096, 0
6206, 2455599, 1, 4096, 0
6206, 1698475, 1, 4096, 0
6207, 2719114, 1, 4096, 0
6207, 1709354, 1, 4096, 0
6207, 1356774, 1, 4096, 0
6207, 1775509, 1, 4096, 0
6208, 1272954, 1, 4096, 0
6208, 1920264, 1, 4096, 0
6209, 1966850, 1, 4096, 0
6209, 2067887, 1, 4096, 0
6209, 1872440, 1, 4096, 0
6209, 1241468, 1, 4096, 0
6210, 1494253, 1, 4096, 0
6210, 2863746, 1, 4096, 0
6210, 1717727, 1, 4096, 0
6211, 2137324, 1, 4096, 0
6211, 2268646, 1, 4096, 0
6211, 2413925, 1, 4096, 0
6211, 1306359, 1, 4096, 0
6212, 1613476, 1, 4096, 0
6212, 1799499, 1, 4096, 0
6213, 2067544, 1, 4096, 0
6213, 1980881, 1, 4096, 0
6213, 1550095, 1, 4096, 0
6213, 2225466, 1, 4096, 0
6215, 1523877, 1, 4096, 0
6215, 1375092, 1, 4096, 0
6215, 3035419, 1, 4096, 0
6215, 3166479, 1, 4096, 0
6216, 2915058, 1, 4096, 0
6216, 2537480, 1, 4096, 0
6216, 1563915, 1, 4096, 0
6216, 1673271, 1, 4096, 0
6217, 1298088, 1, 4096, 0
6217, 2256816, 1, 4096, 0
6217, 1717576, 1, 4096, 0
6218, 2407914, 1, 4096, 0
6218, 2095998, 1, 4096, 0
6218, 1732765, 1, 4096, 0
6218, 1374437, 1, 4096, 0
6219, 1724431, 1, 4096, 0
6219, 983553, 1, 4096, 0
6219, 1988990, 1, 4096, 0
6220, 1710156, 1, 4096, 0
6220, 1756717, 1, 4096, 0
6221, 1630960, 1, 4096, 0
6221, 2358998, 1, 4096, 0
6221, 1830545, 1, 4096, 0
6221, 1963356, 1, 4096, 0
6222, 1701394, 1, 4096, 0
6222, 2085118, 1, 4096, 0
6222, 1491111, 1, 4096, 0
6223, 2060505, 1, 4096, 0
6223, 1999308, 1, 4096, 0
6223, 2170418, 1, 4096, 0
6223, 1380753, 1, 4096, 0
6224, 1851396, 1, 4096, 0
6224, 1755073, 1, 4096, 0
6225, 1966152, 1, 4096, 0
6225, 2363822, 1, 4096, 0
6225, 2427252, 1, 4096, 0
6225, 2189195, 1, 4096, 0
6226, 1586185, 1, 4096, 0
6227, 1761866, 1, 4096, 0
6227, 2963571, 1, 4096, 0
6227, 2399799, 1, 4096, 0
6228, 2552997, 1, 4096, 0
6229, 2099776, 1, 4096, 0
6229, 2263122, 1, 4096, 0
6229, 3155507, 1, 4096, 0
6229, 3805541, 1, 4096, 0
6230, 2391899, 1, 4096, 0
6230, 2199607, 1, 4096, 0
6231, 1998695, 1, 4096, 0
6231, 2051485, 1, 4096, 0
6231, 2473472, 1, 4096, 0
6232, 2580841, 1, 4096, 0
6232, 1667479, 1, 4096, 0
6232, 2285449, 1, 4096, 0
6233, 1675331, 1, 4096, 0
6233, 1293570, 1, 4096, 0
6233, 1398438, 1, 4096, 0
6233, 1540982, 1, 4096, 0
6233, 2152257, 1, 4096, 0
6234, 2381670, 1, 4096, 0
6234, 1424134, 1, 4096, 0
6235, 1567882, 1, 4096, 0
6235, 1984353, 1, 4096, 0
6235, 2087500, 1, 4096, 0
6235, 2273847, 1, 4096, 0
6236, 1653342, 1, 4096, 0
6236, 1364972, 1, 4096, 0
6236, 1747547, 1, 4096, 0
6237, 2290951, 1, 4096, 0
6237, 1537683, 1, 4096, 0
6237, 2247155, 1, 4096, 0
6238, 1748103, 1, 4096, 0
6238, 2255702, 1, 4096, 0
6238, 1810271, 1, 4096, 0
6239, 1735506, 1, 4096, 0
6239, 1699970, 1, 4096, 0
6239, 2610732, 1, 4096, 0
6239, 1877422, 1, 4096, 0
6240, 2072887, 1, 4096, 0
6241, 2437320, 1, 4096, 0
6241, 2051175, 1, 4096, 0
6241, 2050201, 1, 4096, 0
6241, 2110314, 1, 4096, 0
6241, 2011069, 1, 4096, 0
6242, 1413949, 1, 4096, 0
6242, 1490506, 1, 4096, 0
6243, 2003670, 1, 4096, 0
6243, 1702513, 1, 4096, 0
6243, 2365046, 1, 4096, 0
6244, 2142345, 1, 4096, 0
6244, 1538615, 1, 4096, 0
6245, 2816503, 1, 4096, 0
6245, 1481592, 1, 4096, 0
6245, 1605751, 1, 4096, 0
6245, 2605795, 1, 4096, 0
6245, 2099610, 1, 4096, 0
6246, 2017745, 1, 4096, 0
6246, 1842595, 1, 4096, 0
6247, 1951167, 1, 4096, 0
6247, 1453769, 1, 4096, 0
6247, 2053385, 1, 4096, 0
6248, 1753179, 1, 4096, 0
6248, 1215085, 1, 4096, 0
6248, 1642813, 1, 4096, 0
6248, 2819820, 1, 4096, 0
6249, 1940005, 1, 4096, 0
6249, 1954048, 1, 4096, 0
6249, 1312741, 1, 4096, 0
6249, 1582551, 1, 4096, 0
6250, 2204094, 1, 4096, 0
6250, 2643997, 1, 4096, 0
6250, 1069203, 1, 4096, 0
6251, 2386010, 1, 4096, 0
6251, 1823720, 1, 4096, 0
6251, 2106010, 1, 4096, 0
6252, 1897797, 1, 4096, 0
6252, 2001420, 1, 4096, 0
6252, 2005157, 1, 4096, 0
6252, 1177293, 1, 4096, 0
6253, 1748771, 1, 4096, 0
6254, 2274720, 1, 4096, 0
6254, 1332532, 1, 4096, 0
6254, 1663203, 1, 4096, 0
6255, 2111058, 1, 4096, 0
6255, 1924159, 1, 4096, 0
6255, 1054872, 1, 4096, 0
6255, 3150068, 1, 4096, 0
6257, 2807625, 1, 4096, 0
6257, 2934104, 1, 4096, 0
6257, 2048984, 1, 4096, 0
6257, 2269754, 1, 4096, 0
6257, 2433152, 1, 4096, 0
6258, 1544623, 1, 4096, 0
6258, 2923898, 1, 4096, 0
6258, 1619413, 1, 4096, 0
6259, 2231019, 1, 4096, 0
6259, 2033689, 1, 4096, 0
6260, 2066161, 1, 4096, 0
6260, 1677356, 1, 4096, 0
6260, 1562629, 1, 4096, 0
6261, 2923733, 1, 4096, 0
6261, 2520707, 1, 4096, 0
6261, 1857683, 1, 4096, 0
6262, 1496401, 1, 4096, 0
6262, 3862860, 1, 4096, 0
6263, 1611227, 1, 4096, 0
6263, 2592114, 1, 4096, 0
6263, 1187820, 1, 4096, 0
6263, 1788466, 1, 4096, 0
6264, 2086534, 1, 4096, 0
6265, 2460200, 1, 4096, 0
6265, 2002921, 1, 4096, 0
6265, 2484337, 1, 4096, 0
6265, 2231069, 1, 4096, 0
6265, 3997022, 1, 4096, 0
6266, 1896375, 1, 4096, 0
6267, 1410347, 1, 4096, 0
6267, 1457503, 1, 4096, 0
6267, 864427, 1, 4096, 0
6268, 759822, 1, 4096, 0
6268, 3335313, 1, 4096, 0
6269, 3393775, 1, 4096, 0
6269, 3812483, 1, 4096, 0
6269, 3022398, 1, 4096, 0
6270, 2263060, 1, 4096, 0
6270, 2470154, 1, 4096, 0
6270, 1446676, 1, 4096, 0
6270, 1824689, 1, 4096, 0
6271, 2213141, 1, 4096, 0
6271, 1507269, 1, 4096, 0
6271, 1178823, 1, 4096, 0
6271, 2041841, 1, 4096, 0
6272, 1727961, 1, 4096, 0
6272, 2179152, 1, 4096, 0
6272, 1157597, 1, 4096, 0
6272, 1300952, 1, 4096, 0
6273, 1321554, 1, 4096, 0
6273, 1545281, 1, 4096, 0
6274, 1619997, 1, 4096, 0
6274, 1458522, 1, 4096, 0
6274, 2006734, 1, 4096, 0
6274, 1774326, 1, 4096, 0
6274, 1567929, 1, 4096, 0
6274, 1969686, 1, 4096, 0
6276, 1188100, 1, 4096, 0
6276, 1689869, 1, 4096, 0
6277, 2331850, 1, 4096, 0
6277, 2395501, 1, 4096, 0
6277, 1108192, 1, 4096, 0
6277, 1085364, 1, 4096, 0
6277, 2977364, 1, 4096, 0
6277, 2909710, 1, 4096, 0
6278, 1173332, 1, 4096, 0
6278, 1254338, 1, 4096, 0
6278, 1022378, 1, 4096, 0
6278, 1539415, 1, 4096, 0
6279, 861085, 1, 4096, 0
6279, 2031968, 1, 4096, 0
6279, 2095460, 1, 4096, 0
6280, 2406734, 1, 4096, 0
6280, 1374664, 1, 4096, 0
6280, 1746571, 1, 4096, 0
6280, 1711194, 1, 4096, 0
6281, 2836701, 1, 4096, 0
6281, 2775650, 1, 4096, 0
6283, 2601882, 1, 4096, 0
6283, 2587451, 1, 4096, 0
6283, 2534188, 1, 4096, 0
6283, 2612777, 1, 4096, 0
6284, 2475347, 1, 4096, 0
6285, 4275876, 1, 4096, 0
6285, 2186468, 1, 4096, 0
6285, 2187183, 1, 4096, 0
6285, 1872479, 1, 4096, 0
6286, 2687064, 1, 4096, 0
6286, 2054714, 1, 4096, 0
6286, 1709182, 1, 4096, 0
6288, 2423069, 1, 4096, 0
6288, 2472025, 1, 4096, 0
6288, 2075904, 1, 4096, 0
6288, 1956034, 1, 4096, 0
6289, 3550818, 1, 4096, 0
6289, 3112646, 1, 4096, 0
6289, 1472510, 1, 4096, 0
6290, 2366023, 1, 4096, 0
6290, 1430206, 1, 4096, 0
6291, 3266063, 1, 4096, 0
6291, 2499061, 1, 4096, 0
6292, 3165813, 1, 4096, 0
6292, 2597616, 1, 4096, 0
6292, 1499950, 1, 4096, 0
6293, 1227456, 1, 4096, 0
6293, 1438265, 1, 4096, 0
6293, 3096635, 1, 4096, 0
6294, 1156873, 1, 4096, 0
6294, 2150666, 1, 4096, 0
6294, 3666209, 1, 4096, 0
6294, 1363179, 1, 4096, 0
6295, 1690170, 1, 4096, 0
6295, 1848415, 1, 4096, 0
6296, 1877304, 1, 4096, 0
6296, 1715999, 1, 4096, 0
6296, 1798833, 1, 4096, 0
6296, 2516848, 1, 4096, 0
6296, 1257659, 1, 4096, 0
6297, 1868050, 1, 4096, 0
6297, 1753392, 1, 4096, 0
6297, 1762890, 1, 4096, 0
6297, 1541919, 1, 4096, 0
6298, 1970747, 1, 4096, 0
6298, 1686339, 1, 4096, 0
6299, 1302244, 1, 4096, 0
6299, 1411008, 1, 4096, 0
6299, 1201035, 1, 4096, 0
6299, 1691997, 1, 4096, 0
6299, 2070149, 1, 4096, 0
6300, 1154750, 1, 4096, 0
6300, 1385353, 1, 4096, 0
6301, 2059723, 1, 4096, 0
6301, 2284955, 1, 4096, 0
6301, 1826827, 1, 4096, 0
6301, 3708917, 1, 4096, 0
6301, 1246692, 1, 4096, 0
6302, 1585740, 1, 4096, 0
6303, 1686537, 1, 4096, 0
6303, 1546092, 1, 4096, 0
6303, 2325616, 1, 4096, 0
6303, 2123099, 1, 4096, 0
6304, 2247989, 1, 4096, 0
6304, 1997901, 1, 4096, 0
6304, 1568733, 1, 4096, 0
6305, 1896053, 1, 4096, 0
6305, 1781948, 1, 4096, 0
6305, 1722990, 1, 4096, 0
6306, 1177404, 1, 4096, 0
6306, 1606103, 1, 4096, 0
6306, 1293079, 1, 4096, 0
6307, 1735312, 1, 4096, 0
6307, 2931997, 1, 4096, 0
6307, 1364565, 1, 4096, 0
6307, 2170615, 1, 4096, 0
6308, 2192490, 1, 4096, 0
6309, 1964566, 1, 4096, 0
6309, 1686732, 1, 4096, 0
6309, 3380650, 1, 4096, 0
6309, 2375223, 1, 4096, 0
6309, 2196209, 1, 4096, 0
6310, 1519733, 1, 4096, 0
6311, 2050634, 1, 4096, 0
6311, 2077726, 1, 4096, 0
6311, 1897157, 1, 4096, 0
6312, 2045659, 1, 4096, 0
6312, 2863429, 1, 4096, 0
6312, 3372500, 1, 4096, 0
6313, 1480425, 1, 4096, 0
6313, 2642990, 1, 4096, 0
6313, 2663225, 1, 4096, 0
6314, 1688595, 1, 4096, 0
6314, 1820999, 1, 4096, 0
6314, 919724, 1, 4096, 0
6314, 1839055, 1, 4096, 0
6315, 1777548, 1, 4096, 0
6315, 1633736, 1, 4096, 0
6315, 1995792, 1, 4096, 0
6316, 1517604, 1, 4096, 0
6316, 2270357, 1, 4096, 0
6316, 2674761, 1, 4096, 0
6317, 1736724, 1, 4096, 0
6317, 2098474, 1, 4096, 0
6317, 1387711, 1, 4096, 0
6318, 2511766, 1, 4096, 0
6319, 2615840, 1, 4096, 0
6319, 3738064, 1, 4096, 0
6319, 1436907, 1, 4096, 0
6319, 1429660, 1, 4096, 0
6319, 1437851, 1, 4096, 0
6319, 1949911, 1, 4096, 0
6320, 1447165, 1, 4096, 0
6321, 1786602, 1, 4096, 0
6321, 2160784, 1, 4096, 0
6322, 2646390, 1, 4096, 0
6322, 2675407, 1, 4096, 0
6322, 2143505, 1, 4096, 0
6322, 3019008, 1, 4096, 0
6323, 1514131, 1, 4096, 0
6323, 1620008, 1, 4096, 0
6324, 2950113, 1, 4096, 0
6324, 2275532, 1, 4096, 0
6325, 2267593, 1, 4096, 0
6325, 2263294, 1, 4096, 0
6325, 2204427, 1, 4096, 0
6325, 2702436, 1, 4096, 0
6326, 2502080, 1, 4096, 0
6326, 1703362, 1, 4096, 0
6327, 2925535, 1, 4096, 0
6327, 1436946, 1, 4096, 0
6327, 2425627, 1, 4096, 0
6327, 1970257, 1, 4096, 0
6327, 1318083, 1, 4096, 0
6329, 1940716, 1, 4096, 0
6329, 1806361, 1, 4096, 0
6330, 2235873, 1, 4096, 0
6330, 2878713, 1, 4096, 0
6330, 3852432, 1, 4096, 0
6330, 2813450, 1, 4096, 0
6331, 2044957, 1, 4096, 0
6331, 2117595, 1, 4096, 0
6331, 1837827, 1, 4096, 0
6332, 1505755, 1, 4096, 0
6332, 2242617, 1, 4096, 0
6332, 1838516, 1, 4096, 0
6332, 1462114, 1, 4096, 0
6332, 1456725, 1, 4096, 0
6334, 1705601, 1, 4096, 0
6334, 2378244, 1, 4096, 0
6334, 1996384, 1, 4096, 0
6334, 2518574, 1, 4096, 0
6334, 2053287, 1, 4096, 0
6335, 2419397, 1, 4096, 0
6335, 1534270, 1, 4096, 0
6336, 1863463, 1, 4096, 0
6336, 1889216, 1, 4096, 0
6336, 2080076, 1, 4096, 0
6337, 1790151, 1, 4096, 0
6337, 2235436, 1, 4096, 0
6338, 2362466, 1, 4096, 0
6338, 2044036, 1, 4096, 0
6338, 1594657, 1, 4096, 0
6338, 2711573, 1, 4096, 0
6339, 2566610, 1, 4096, 0
6339, 1771017, 1, 4096, 0
6340, 1707815, 1, 4096, 0
6340, 1028395, 1, 4096, 0
6340, 3284959, 1, 4096, 0
6340, 1693106, 1, 4096, 0
6340, 2491514, 1, 4096, 0
6341, 1358280, 1, 4096, 0
6342, 1582296, 1, 4096, 0
6342, 1638949, 1, 4096, 0
6342, 2404799, 1, 4096, 0
6342, 1781486, 1, 4096, 0
6342, 2040825, 1, 4096, 0
6343, 1841256, 1, 4096, 0
6343, 1798161, 1, 4096, 0
6343, 2034346, 1, 4096, 0
6343, 1510836, 1, 4096, 0
6345, 2666239, 1, 4096, 0
6345, 1439477, 1, 4096, 0
6345, 2545441, 1, 4096, 0
6345, 1814179, 1, 4096, 0
6345, 1854361, 1, 4096, 0
6347, 3232867, 1, 4096, 0
6347, 2416570, 1, 4096, 0
6347, 1773810, 1, 4096, 0
6347, 2542810, 1, 4096, 0
6348, 2688882, 1, 4096, 0
6349, 1477327, 1, 4096, 0
6349, 1885309, 1, 4096, 0
6349, 3316412, 1, 4096, 0
6349, 1526051, 1, 4096, 0
6349, 2185923, 1, 4096, 0
6350, 2373380, 1, 4096, 0
6350, 1394542, 1, 4096, 0
6350, 1361194, 1, 4096, 0
6351, 1701511, 1, 4096, 0
6351, 1560666, 1, 4096, 0
6352, 1751492, 1, 4096, 0
6352, 2881698, 1, 4096, 0
6352, 2160190, 1, 4096, 0
6353, 1853762, 1, 4096, 0
6353, 4764000, 1, 4096, 0
6354, 1498118, 1, 4096, 0
6354, 1060145, 1, 4096, 0
6354, 2388444, 1, 4096, 0
6354, 2615702, 1, 4096, 0
6354, 2763599, 1, 4096, 0
6355, 2124602, 1, 4096, 0
6356, 2141531, 1, 4096, 0
6356, 1974992, 1, 4096, 0
6356, 2106742, 1, 4096, 0
6357, 2256568, 1, 4096, 0
6357, 1381383, 1, 4096, 0
6357, 2758538, 1, 4096, 0
6358, 1660163, 1, 4096, 0
6358, 1431618, 1, 4096, 0
6358, 2479440, 1, 4096, 0
6358, 2989043, 1, 4096, 0
6359, 1715634, 1, 4096, 0
6359, 2176937, 1, 4096, 0
6359, 1717325, 1, 4096, 0
6360, 1534028, 1, 4096, 0
6360, 1697587, 1, 4096, 0
6360, 1760465, 1, 4096, 0
6360, 1446012, 1, 4096, 0
6361, 1466989, 1, 4096, 0
6361, 1941964, 1, 4096, 0
6361, 1938930, 1, 4096, 0
6362, 1483905, 1, 4096, 0
6362, 1871409, 1, 4096, 0
6362, 1936998, 1, 4096, 0
6362, 1064880, 1, 4096, 0
6363, 1267398, 1, 4096, 0
6363, 1573796, 1, 4096, 0
6363, 1660533, 1, 4096, 0
6364, 2015339, 1, 4096, 0
6364, 1528060, 1, 4096, 0
6364, 1465939, 1, 4096, 0
6364, 2057578, 1, 4096, 0
6365, 1454984, 1, 4096, 0
6365, 2598551, 1, 4096, 0
6366, 1673197, 1, 4096, 0
6366, 2203946, 1, 4096, 0
6366, 2486633, 1, 4096, 0
6367, 1720569, 1, 4096, 0
6367, 2264693, 1, 4096, 0
6367, 1113194, 1, 4096, 0
6368, 2224623, 1, 4096, 0
6368, 1385567, 1, 4096, 0
6368, 1390020, 1, 4096, 0
6369, 1150095, 1, 4096, 0
6369, 3065489, 1, 4096, 0
6369, 3075207, 1, 4096, 0
6369, 2581173, 1, 4096, 0
6370, 1932040, 1, 4096, 0
6370, 2494859, 1, 4096, 0
6370, 1047498, 1, 4096, 0
6371, 1227470, 1, 4096, 0
6371, 1735258, 1, 4096, 0
6371, 1908383, 1, 4096, 0
6372, 1730823, 1, 4096, 0
6372, 1750012, 1, 4096, 0
6372, 2433772, 1, 4096, 0
6373, 1745143, 1, 4096, 0
6373, 2028967, 1, 4096, 0
6373, 2346058, 1, 4096, 0
6374, 1714041, 1, 4096, 0
6374, 1409872, 1, 4096, 0
6374, 1788320, 1, 4096, 0
6376, 1455045, 1, 4096, 0
6376, 2112739, 1, 4096, 0
6376, 3610617, 1, 4096, 0
6376, 2404658, 1, 4096, 0
6376, 3457045, 1, 4096, 0
6376, 2063972, 1, 4096, 0
6377, 1830997, 1, 4096, 0
6378, 1951280, 1, 4096, 0
6378, 1883674, 1, 4096, 0
6378, 1948518, 1, 4096, 0
6378, 2791944, 1, 4096, 0
6379, 2441256, 1, 4096, 0
6379, 1492327, 1, 4096, 0
6379, 1842444, 1, 4096, 0
6379, 1725782, 1, 4096, 0
6380, 1602712, 1, 4096, 0
6380, 1632789, 1, 4096, 0
6380, 1864603, 1, 4096, 0
6381, 1397490, 1, 4096, 0
6381, 1133671, 1, 4096, 0
6381, 1440743, 1, 4096, 0
6382, 1826129, 1, 4096, 0
6382, 1580776, 1, 4096, 0
6382, 1306565, 1, 4096, 0
6382, 1896185, 1, 4096, 0
6382, 1761369, 1, 4096, 0
6383, 1330236, 1, 4096, 0
6383, 1267890, 1, 4096, 0
6384, 3075443, 1, 4096, 0
6384, 1828870, 1, 4096, 0
6384, 1373371, 1, 4096, 0
6384, 1940510, 1, 4096, 0
6385, 1572810, 1, 4096, 0
6385, 2258281, 1, 4096, 0
6385, 1764900, 1, 4096, 0
6386, 1815306, 1, 4096, 0
6386, 2781300, 1, 4096, 0
6386, 1889437, 1, 4096, 0
6387, 1402652, 1, 4096, 0
6387, 3519607, 1, 4096, 0
6388, 1761116, 1, 4096, 0
6388, 1761241, 1, 4096, 0
6388, 2140442, 1, 4096, 0
6388, 3260882, 1, 4096, 0
6389, 900401, 1, 4096, 0
6390, 2882278, 1, 4096, 0
6390, 2726608, 1, 4096, 0
6391, 2413015, 1, 4096, 0
6391, 1964731, 1, 4096, 0
6391, 3039671, 1, 4096, 0
6391, 3034207, 1, 4096, 0
6391, 1409686, 1, 4096, 0
6392, 1897508, 1, 4096, 0
6394, 2308752, 1, 4096, 0
6394, 1954013, 1, 4096, 0
6394, 3030658, 1, 4096, 0
6394, 3000302, 1, 4096, 0
6394, 3242148, 1, 4096, 0
6395, 3285248, 1, 4096, 0
6395, 1540188, 1, 4096, 0
6396, 2123398, 1, 4096, 0
6396, 2063939, 1, 4096, 0
6397, 2229977, 1, 4096, 0
6397, 2750465, 1, 4096, 0
6397, 2598239, 1, 4096, 0
6397, 2054988, 1, 4096, 0
6397, 1640671, 1, 4096, 0
6398, 1871180, 1, 4096, 0
6399, 1706581, 1, 4096, 0
6399, 1726538, 1, 4096, 0
6399, 2190932, 1, 4096, 0
6399, 2270799, 1, 4096, 0
6400, 2472615, 1, 4096, 0
6400, 2592604, 1, 4096, 0
6401, 1518451, 1, 4096, 0
6401, 1581306, 1, 4096, 0
6401, 2682587, 1, 4096, 0
6402, 1385937, 1, 4096, 0
6402, 2482697, 1, 4096, 0
6402, 2747472, 1, 4096, 0
6402, 1675294, 1, 4096, 0
6403, 1420855, 1, 4096, 0
6403, 1325751, 1, 4096, 0
6404, 2778277, 1, 4096, 0
6404, 1449861, 1, 4096, 0
6404, 2678297, 1, 4096, 0
6404, 2038373, 1, 4096, 0
6405, 1331808, 1, 4096, 0
6406, 1635399, 1, 4096, 0
6406, 2680172, 1, 4096, 0
6406, 2434660, 1, 4096, 0
6406, 2849533, 1, 4096, 0
6407, 1575887, 1, 4096, 0
6408, 1799440, 1, 4096, 0
6408, 3596714, 1, 4096, 0
6408, 2085106, 1, 4096, 0
6408, 1931168, 1, 4096, 0
6408, 1825964, 1, 4096, 0
6408, 1463520, 1, 4096, 0
6410, 1991469, 1, 4096, 0
6410, 2051923, 1, 4096, 0
6410, 1583742, 1, 4096, 0
6410, 2105782, 1, 4096, 0
6410, 1681597, 1, 4096, 0
6410, 2093348, 1, 4096, 0
6411, 1719346, 1, 4096, 0
6412, 1839747, 1, 4096, 0
6412, 1764879, 1, 4096, 0
6412, 2359573, 1, 4096, 0
6412, 2518148, 1, 4096, 0
6413, 2643658, 1, 4096, 0
6413, 1401863, 1, 4096, 0
6414, 1455395, 1, 4096, 0
6414, 2134036, 1, 4096, 0
6414, 2133424, 1, 4096, 0
6414, 1847190, 1, 4096, 0
6415, 2391674, 1, 4096, 0
6416, 2035670, 1, 4096, 0
6416, 2219613, 1, 4096, 0
6416, 3132096, 1, 4096, 0
6416, 1544167, 1, 4096, 0
6416, 1817771, 1, 4096, 0
6417, 2795229, 1, 4096, 0
6417, 1498785, 1, 4096, 0
6418, 1142841, 1, 4096, 0
6418, 1687109, 1, 4096, 0
6418, 2049302, 1, 4096, 0
6418, 2238751, 1, 4096, 0
6418, 2277756, 1, 4096, 0
6420, 2238782, 1, 4096, 0
6420, 1698690, 1, 4096, 0
6420, 1381857, 1, 4096, 0
6420, 2271359, 1, 4096, 0
6420, 2734761, 1, 4096, 0
6420, 2419532, 1, 4096, 0
6421, 1012322, 1, 4096, 0
6422, 2204730, 1, 4096, 0
6422, 1676491, 1, 4096, 0
6423, 2916751, 1, 4096, 0
6423, 2592013, 1, 4096, 0
6423, 2998881, 1, 4096, 0
6424, 1643898, 1, 4096, 0
6424, 1940120, 1, 4096, 0
6424, 3527027, 1, 4096, 0
6425, 1870203, 1, 4096, 0
6425, 1673073, 1, 4096, 0
6425, 1194273, 1, 4096, 0
6425, 1894758, 1, 4096, 0
6426, 2184505, 1, 4096, 0
6426, 2195875, 1, 4096, 0
6427, 1511037, 1, 4096, 0
6427, 2220980, 1, 4096, 0
6427, 2434929, 1, 4096, 0
6427, 1408821, 1, 4096, 0
6428, 2224608, 1, 4096, 0
6428, 1941613, 1, 4096, 0
6428, 1468290, 1, 4096, 0
6428, 1635785, 1, 4096, 0
6428, 1362750, 1, 4096, 0
6429, 1308316, 1, 4096, 0
6430, 2558184, 1, 4096, 0
6430, 1851406, 1, 4096, 0
6430, 1589232, 1, 4096, 0
6430, 1870437, 1, 4096, 0
6431, 2298912, 1, 4096, 0
6431, 2221848, 1, 4096, 0
6431, 1412803, 1, 4096, 0
6432, 1626318, 1, 4096, 0
6432, 2315866, 1, 4096, 0
6432, 2570943, 1, 4096, 0
6433, 1877917, 1, 4096, 0
6433, 1786556, 1, 4096, 0
6433, 1652297, 1, 4096, 0
6433, 1556091, 1, 4096, 0
6434, 1545721, 1, 4096, 0
6434, 1889815, 1, 4096, 0
6435, 2033550, 1, 4096, 0
6435, 1798244, 1, 4096, 0
6435, 1273486, 1, 4096, 0
6435, 1902744, 1, 4096, 0
6435, 1403155, 1, 4096, 0
6436, 1510725, 1, 4096, 0
6436, 1722804, 1, 4096, 0
6437, 1622109, 1, 4096, 0
6437, 2346459, 1, 4096, 0
6437, 2102880, 1, 4096, 0
6437, 1986830, 1, 4096, 0
6437, 1322108, 1, 4096, 0
6438, 1886247, 1, 4096, 0
6438, 1832158, 1, 4096, 0
6438, 1602977, 1, 4096, 0
6439, 2083103, 1, 4096, 0
6439, 1894207, 1, 4096, 0
6439, 1890167, 1, 4096, 0
6440, 1187022, 1, 4096, 0
6440, 1478561, 1, 4096, 0
6440, 1856673, 1, 4096, 0
6440, 1651797, 1, 4096, 0
6440, 1589121, 1, 4096, 0
6441, 1765249, 1, 4096, 0
6441, 1608264, 1, 4096, 0
6442, 1801764, 1, 4096, 0
6442, 1688255, 1, 4096, 0
6442, 1439230, 1, 4096, 0
6442, 1609911, 1, 4096, 0
6443, 1483431, 1, 4096, 0
6443, 1457634, 1, 4096, 0
6443, 1392345, 1, 4096, 0
6443, 1524223, 1, 4096, 0
6444, 2522242, 1, 4096, 0
6444, 1421399, 1, 4096, 0
6444, 2599238, 1, 4096, 0
6445, 1427065, 1, 4096, 0
6445, 1492604, 1, 4096, 0
6445, 1562877, 1, 4096, 0
6445, 1939838, 1, 4096, 0
6446, 1403717, 1, 4096, 0
6446, 1649853, 1, 4096, 0
6447, 2576958, 1, 4096, 0
6447, 1526694, 1, 4096, 0
6447, 946152, 1, 4096, 0
6447, 2490554, 1, 4096, 0
6448, 1901559, 1, 4096, 0
6448, 1430213, 1, 4096, 0
6448, 2789445, 1, 4096, 0
6449, 2399147, 1, 4096, 0
6449, 1127395, 1, 4096, 0
6449, 1907656, 1, 4096, 0
6450, 2349281, 1, 4096, 0
6450, 1538579, 1, 4096, 0
6450, 2532665, 1, 4096, 0
6450, 1099163, 1, 4096, 0
6451, 1679846, 1, 4096, 0
6451, 1550643, 1, 4096, 0
6451, 1675690, 1, 4096, 0
6451, 1702352, 1, 4096, 0
6452, 1370462, 1, 4096, 0
6452, 1239224, 1, 4096, 0
6452, 2029359, 1, 4096, 0
6452, 1525587, 1, 4096, 0
6454, 2323082, 1, 4096, 0
6454, 2193262, 1, 4096, 0
6454, 1376419, 1, 4096, 0
6454, 2165173, 1, 4096, 0
6454, 2657989, 1, 4096, 0
6455, 2404071, 1, 4096, 0
6455, 1696657, 1, 4096, 0
6456, 2004302, 1, 4096, 0
6456, 2369796, 1, 4096, 0
6456, 1651253, 1, 4096, 0
6456, 1932796, 1, 4096, 0
6457, 2081075, 1, 4096, 0
6457, 1535998, 1, 4096, 0
6458, 1738125, 1, 4096, 0
6458, 1489050, 1, 4096, 0
6458, 2090009, 1, 4096, 0
6459, 1744691, 1, 4096, 0
6459, 2007967, 1, 4096, 0
6459, 2684600, 1, 4096, 0
6459, 1611808, 1, 4096, 0
6460, 1531539, 1, 4096, 0
6460, 2167142, 1, 4096, 0
6460, 2516192, 1, 4096, 0
6461, 1905057, 1, 4096, 0
6461, 2221886, 1, 4096, 0
6461, 1747505, 1, 4096, 0
6461, 1263732, 1, 4096, 0
6462, 1526121, 1, 4096, 0
6463, 2313242, 1, 4096, 0
6463, 1747153, 1, 4096, 0
6463, 1863306, 1, 4096, 0
6464, 2159042, 1, 4096, 0
6464, 2939815, 1, 4096, 0
6464, 2030642, 1, 4096, 0
6464, 1555651, 1, 4096, 0
6464, 1564710, 1, 4096, 0
6464, 1559909, 1, 4096, 0
6465, 1059571, 1, 4096, 0
6465, 1745909, 1, 4096, 0
6466, 2217380, 1, 4096, 0
6466, 2338385, 1, 4096, 0
6466, 2324399, 1, 4096, 0
6467, 1371837, 1, 4096, 0
6467, 2702096, 1, 4096, 0
6468, 3413239, 1, 4096, 0
6468, 1462459, 1, 4096, 0
6468, 2239793, 1, 4096, 0
6469, 2029989, 1, 4096, 0
6469, 1488572, 1, 4096, 0
6469, 2128460, 1, 4096, 0
6470, 1730754, 1, 4096, 0
6470, 1571301, 1, 4096, 0
6470, 2172230, 1, 4096, 0
6471, 2468501, 1, 4096, 0
6471, 2571952, 1, 4096, 0
6471, 2730571, 1, 4096, 0
6471, 1389457, 1, 4096, 0
6472, 1699000, 1, 4096, 0
6472, 1466814, 1, 4096, 0
6473, 2009056, 1, 4096, 0
6473, 1857655, 1, 4096, 0
6474, 1759105, 1, 4096, 0
6474, 2042807, 1, 4096, 0
6474, 2280902, 1, 4096, 0
6474, 2553236, 1, 4096, 0
6474, 1032829, 1, 4096, 0
6475, 1715032, 1, 4096, 0
6476, 1945134, 1, 4096, 0
6476, 1619111, 1, 4096, 0
6476, 1784372, 1, 4096, 0
6477, 2922071, 1, 4096, 0
6477, 3128823, 1, 4096, 0
6477, 2077546, 1, 4096, 0
6477, 1293758, 1, 4096, 0
6478, 2187108, 1, 4096, 0
6478, 1482273, 1, 4096, 0
6479, 1964307, 1, 4096, 0
6479, 3510834, 1, 4096, 0
6479, 2343292, 1, 4096, 0
6480, 1277136, 1, 4096, 0
6480, 3376375, 1, 4096, 0
6480, 1360925, 1, 4096, 0
6481, 2671200, 1, 4096, 0
6481, 2189774, 1, 4096, 0
6481, 2583891, 1, 4096, 0
6482, 1949143, 1, 4096, 0
6482, 1576142, 1, 4096, 0
6483, 2164072, 1, 4096, 0
6483, 1961363, 1, 4096, 0
6483, 1348725, 1, 4096, 0
6483, 1201417, 1, 4096, 0
6484, 1991503, 1, 4096, 0
6484, 2642822, 1, 4096, 0
6484, 1292672, 1, 4096, 0
6484, 1500477, 1, 4096, 0
6485, 2552947, 1, 4096, 0
6485, 1627661, 1, 4096, 0
6486, 1877606, 1, 4096, 0
6486, 3066284, 1, 4096, 0
6486, 1572731, 1, 4096, 0
6487, 3002008, 1, 4096, 0
6487, 1785488, 1, 4096, 0
6487, 1573880, 1, 4096, 0
6488, 1927144, 1, 4096, 0
6488, 2246118, 1, 4096, 0
6488, 2518841, 1, 4096, 0
6489, 1477008, 1, 4096, 0
6489, 1408681, 1, 4096, 0
6489, 2186010, 1, 4096, 0
6489, 1495375, 1, 4096, 0
6490, 1451983, 1, 4096, 0
6490, 1011325, 1, 4096, 0
6490, 2109567, 1, 4096, 0
6490, 1187095, 1, 4096, 0
6490, 2487481, 1, 4096, 0
6491, 2673570, 1, 4096, 0
6492, 1393853, 1, 4096, 0
6492, 1943959, 1, 4096, 0
6492, 2302142, 1, 4096, 0
6492, 2062555, 1, 4096, 0
6493, 2439544, 1, 4096, 0
6493, 1607185, 1, 4096, 0
6493, 2165684, 1, 4096, 0
6494, 1796651, 1, 4096, 0
6494, 1449027, 1, 4096, 0
6495, 2209570, 1, 4096, 0
6495, 2538724, 1, 4096, 0
6495, 1835713, 1, 4096, 0
6495, 1376724, 1, 4096, 0
6496, 2384424, 1, 4096, 0
6497, 1894592, 1, 4096, 0
6497, 3721856, 1, 4096, 0
6497, 2025360, 1, 4096, 0
6497, 2506071, 1, 4096, 0
6499, 1838618, 1, 4096, 0
6499, 4123549, 1, 4096, 0
6499, 1846959, 1, 4096, 0
6499, 1873349, 1, 4096, 0
6499, 2762274, 1, 4096, 0
6500, 2698650, 1, 4096, 0
6500, 1400561, 1, 4096, 0
6501, 1625294, 1, 4096, 0
6501, 1856876, 1, 4096, 0
6501, 1659001, 1, 4096, 0
6501, 1017569, 1, 4096, 0
6501, 2014250, 1, 4096, 0
6502, 1160386, 1, 4096, 0
6502, 1410619, 1, 4096, 0
6502, 1769763, 1, 4096, 0
6502, 1307413, 1, 4096, 0
6503, 1876402, 1, 4096, 0
6503, 1925577, 1, 4096, 0
6503, 932334, 1, 4096, 0
6504, 2109384, 1, 4096, 0
6504, 2155710, 1, 4096, 0
6505, 1587943, 1, 4096, 0
6505, 2453505, 1, 4096, 0
6505, 1811009, 1, 4096, 0
6505, 2046324, 1, 4096, 0
6506, 1348639, 1, 4096, 0
6506, 2036890, 1, 4096, 0
6506, 1507616, 1, 4096, 0
6506, 1810283, 1, 4096, 0
6507, 2257906, 1, 4096, 0
6507, 2179355, 1, 4096, 0
6508, 2495042, 1, 4096, 0
6509, 2322987, 1, 4096, 0
6509, 2507569, 1, 4096, 0
6509, 2359420, 1, 4096, 0
6509, 2460885, 1, 4096, 0
6509, 2845243, 1, 4096, 0
6510, 1428533, 1, 4096, 0
6511, 1441040, 1, 4096, 0
6511, 1741333, 1, 4096, 0
6511, 2170106, 1, 4096, 0
6511, 2055901, 1, 4096, 0
6511, 2677952, 1, 4096, 0
6511, 1552182, 1, 4096, 0
6513, 1616944, 1, 4096, 0
6513, 1869429, 1, 4096, 0
6513, 1814943, 1, 4096, 0
6513, 2688512, 1, 4096, 0
6513, 2184090, 1, 4096, 0
6513, 2130973, 1, 4096, 0
6514, 960667, 1, 4096, 0
6515, 1398257, 1, 4096, 0
6515, 1455858, 1, 4096, 0
6515, 1449669, 1, 4096, 0
6515, 2170192, 1, 4096, 0
6515, 1531693, 1, 4096, 0
6515, 1675047, 1, 4096, 0
6516, 1371383, 1, 4096, 0
6516, 1572876, 1, 4096, 0
6516, 1506953, 1, 4096, 0
6517, 1683903, 1, 4096, 0
6517, 2204073, 1, 4096, 0
6517, 2200928, 1, 4096, 0
6518, 1871487, 1, 4096, 0
6518, 1586945, 1, 4096, 0
6518, 1744341, 1, 4096, 0
6518, 1439567, 1, 4096, 0
6519, 2003626, 1, 4096, 0
6519, 2114010, 1, 4096, 0
6520, 1693127, 1, 4096, 0
6520, 1531917, 1, 4096, 0
6520, 1811475, 1, 4096, 0
6520, 2470636, 1, 4096, 0
6521, 1417109, 1, 4096, 0
6521, 1158931, 1, 4096, 0
6521, 1270358, 1, 4096, 0
6521, 1763083, 1, 4096, 0
6521, 1578522, 1, 4096, 0
6522, 1925015, 1, 4096, 0
6522, 1534156, 1, 4096, 0
6523, 1893021, 1, 4096, 0
6523, 1837917, 1, 4096, 0
6523, 2026888, 1, 4096, 0
6524, 2529225, 1, 4096, 0
6524, 1306447, 1, 4096, 0
6525, 1993170, 1, 4096, 0
6525, 2627119, 1, 4096, 0
6525, 2654695, 1, 4096, 0
6525, 2044431, 1, 4096, 0
6525, 1466868, 1, 4096, 0
6526, 1868774, 1, 4096, 0
6526, 1567395, 1, 4096, 0
6527, 1482730, 1, 4096, 0
6527, 1642930, 1, 4096, 0
6527, 1551072, 1, 4096, 0
6527, 2065484, 1, 4096, 0
6528, 1794844, 1, 4096, 0
6529, 2405570, 1, 4096, 0
6529, 2073703, 1, 4096, 0
6529, 2340157, 1, 4096, 0
6529, 2360007, 1, 4096, 0
6529, 2442364, 1, 4096, 0
6530, 1325647, 1, 4096, 0
6530, 1419912, 1, 4096, 0
6530, 1855713, 1, 4096, 0
6530, 1526949, 1, 4096, 0
6531, 1616034, 1, 4096, 0
6531, 1302296, 1, 4096, 0
6532, 1331091, 1, 4096, 0
6533, 1310434, 1, 4096, 0
6533, 3510681, 1, 4096, 0
6533, 2875384, 1, 4096, 0
6533, 3012895, 1, 4096, 0
6533, 2217326, 1, 4096, 0
6533, 1602208, 1, 4096, 0
6535, 2072051, 1, 4096, 0
6535, 2273324, 1, 4096, 0
6535, 2314208, 1, 4096, 0
6536, 2095237, 1, 4096, 0
6536, 2607422, 1, 4096, 0
6537, 3713197, 1, 4096, 0
6537, 1440723, 1, 4096, 0
6537, 2000369, 1, 4096, 0
6537, 2293966, 1, 4096, 0
6538, 2780997, 1, 4096, 0
6538, 2496906, 1, 4096, 0
6539, 1720293, 1, 4096, 0
6539, 2509117, 1, 4096, 0
6539, 2204424, 1, 4096, 0
6540, 1889548, 1, 4096, 0
6540, 2464659, 1, 4096, 0
6540, 2192821, 1, 4096, 0
6541, 1521631, 1, 4096, 0
6542, 2429274, 1, 4096, 0
6542, 1973597, 1, 4096, 0
6542, 1586122, 1, 4096, 0
6542, 3282486, 1, 4096, 0
6542, 2774493, 1, 4096, 0
6543, 1808892, 1, 4096, 0
6544, 1148655, 1, 4096, 0
6544, 2124160, 1, 4096, 0
6544, 3575464, 1, 4096, 0
6545, 2909064, 1, 4096, 0
6545, 1098581, 1, 4096, 0
6545, 2742733, 1, 4096, 0
6545, 1375997, 1, 4096, 0
6546, 2138105, 1, 4096, 0
6546, 1939122, 1, 4096, 0
6547, 2550318, 1, 4096, 0
6547, 3027054, 1, 4096, 0
6548, 2504233, 1, 4096, 0
6548, 2993089, 1, 4096, 0
6548, 1415818, 1, 4096, 0
6549, 2123502, 1, 4096, 0
6549, 1751528, 1, 4096, 0
6549, 1464974, 1, 4096, 0
6550, 2264439, 1, 4096, 0
6550, 2449439, 1, 4096, 0
6550, 2254571, 1, 4096, 0
6550, 1701962, 1, 4096, 0
6551, 2005324, 1, 4096, 0
6551, 2298691, 1, 4096, 0
6552, 1554788, 1, 4096, 0
6552, 1969723, 1, 4096, 0
6552, 2241872, 1, 4096, 0
6552, 1931233, 1, 4096, 0
6552, 1528154, 1, 4096, 0
6553, 1425427, 1, 4096, 0
6554, 1740245, 1, 4096, 0
6554, 1834747, 1, 4096, 0
6554, 1468207, 1, 4096, 0
6554, 1440955, 1, 4096, 0
6554, 1938931, 1, 4096, 0
6554, 1784100, 1, 4096, 0
6556, 1476869, 1, 4096, 0
6556, 1527135, 1, 4096, 0
6556, 2145024, 1, 4096, 0
6556, 1764557, 1, 4096, 0
6556, 2275411, 1, 4096, 0
6557, 1555056, 1, 4096, 0
6557, 3834678, 1, 4096, 0
6558, 2200085, 1, 4096, 0
6558, 2006636, 1, 4096, 0
6558, 2462496, 1, 4096, 0
6558, 2689693, 1, 4096, 0
6559, 1497361, 1, 4096, 0
6559, 926168, 1, 4096, 0
6559, 1890825, 1, 4096, 0
6560, 1378898, 1, 4096, 0
6560, 1166489, 1, 4096, 0
6561, 1612801, 1, 4096, 0
6561, 919723, 1, 4096, 0
6561, 1881198, 1, 4096, 0
6561, 2915559, 1, 4096, 0
6561, 1905355, 1, 4096, 0
6562, 1198522, 1, 4096, 0
6562, 1147795, 1, 4096, 0
6563, 1899980, 1, 4096, 0
6563, 2191951, 1, 4096, 0
6563, 1073213, 1, 4096, 0
6563, 2461920, 1, 4096, 0
6563, 3784172, 1, 4096, 0
6564, 2214236, 1, 4096, 0
6564, 1775568, 1, 4096, 0
6565, 1465450, 1, 4096, 0
6565, 1895961, 1, 4096, 0
6565, 2061191, 1, 4096, 0
6566, 1162764, 1, 4096, 0
6566, 2881415, 1, 4096, 0
6566, 1508245, 1, 4096, 0
6567, 1128381, 1, 4096, 0
6567, 2009886, 1, 4096, 0
6567, 1940685, 1, 4096, 0
6567, 1375041, 1, 4096, 0
6568, 1703794, 1, 4096, 0
6568, 2152075, 1, 4096, 0
6568, 1589065, 1, 4096, 0
6569, 1778951, 1, 4096, 0
6569, 2659877, 1, 4096, 0
6569, 1218961, 1, 4096, 0
6569, 1748349, 1, 4096, 0
6570, 1954941, 1, 4096, 0
6570, 3042021, 1, 4096, 0
6570, 1506492, 1, 4096, 0
6571, 1318636, 1, 4096, 0
6571, 1622733, 1, 4096, 0
6572, 1826071, 1, 4096, 0
6572, 1738121, 1, 4096, 0
6572, 2998763, 1, 4096, 0
6573, 2642109, 1, 4096, 0
6573, 1733282, 1, 4096, 0
6573, 2225548, 1, 4096, 0
6573, 1422172, 1, 4096, 0
6574, 1625884, 1, 4096, 0
6575, 2938958, 1, 4096, 0
6575, 1993567, 1, 4096, 0
6575, 2191127, 1, 4096, 0
6575, 2256837, 1, 4096, 0
6575, 1259680, 1, 4096, 0
6576, 2632157, 1, 4096, 0
6576, 1652809, 1, 4096, 0
6577, 1666698, 1, 4096, 0
6577, 1526167, 1, 4096, 0
6577, 1242219, 1, 4096, 0
6577, 2076879, 1, 4096, 0
6577, 2219343, 1, 4096, 0
6578, 1517719, 1, 4096, 0
6578, 1493466, 1, 4096, 0
6578, 1494734, 1, 4096, 0
6579, 1639366, 1, 4096, 0
6579, 1516501, 1, 4096, 0
6579, 1336062, 1, 4096, 0
6579, 2585402, 1, 4096, 0
6579, 1254553, 1, 4096, 0
6580, 1686177, 1, 4096, 0
6581, 1365557, 1, 4096, 0
6581, 1476475, 1, 4096, 0
6581, 1501877, 1, 4096, 0
6581, 2482362, 1, 4096, 0
6582, 2747417, 1, 4096, 0
6582, 2133926, 1, 4096, 0
6582, 1463423, 1, 4096, 0
6582, 1578464, 1, 4096, 0
6582, 1891402, 1, 4096, 0
6583, 1662285, 1, 4096, 0
6583, 2163945, 1, 4096, 0
6583, 1535717, 1, 4096, 0
6584, 1289715, 1, 4096, 0
6585, 1125135, 1, 4096, 0
6585, 2268416, 1, 4096, 0
6585, 2341925, 1, 4096, 0
6586, 2648375, 1, 4096, 0
6586, 2418814, 1, 4096, 0
6586, 2111991, 1, 4096, 0
6586, 1774586, 1, 4096, 0
6586, 1732686, 1, 4096, 0
6587, 2017336, 1, 4096, 0
6587, 1450299, 1, 4096, 0
6588, 1394197, 1, 4096, 0
6588, 2210690, 1, 4096, 0
6588, 2236437, 1, 4096, 0
6589, 2229283, 1, 4096, 0
6589, 1605290, 1, 4096, 0
6590, 2235673, 1, 4096, 0
6590, 3147427, 1, 4096, 0
6590, 1238378, 1, 4096, 0
6590, 1757746, 1, 4096, 0
6590, 1771636, 1, 4096, 0
6591, 1420860, 1, 4096, 0
6591, 1358849, 1, 4096, 0
6591, 1472025, 1, 4096, 0
6591, 1635682, 1, 4096, 0
6592, 2466999, 1, 4096, 0
6592, 2423189, 1, 4096, 0
6593, 1874422, 1, 4096, 0
6593, 2301960, 1, 4096, 0
6593, 2150324, 1, 4096, 0
6594, 2433648, 1, 4096, 0
6595, 2590456, 1, 4096, 0
6595, 1740128, 1, 4096, 0
6595, 1823096, 1, 4096, 0
6595, 3167012, 1, 4096, 0
6595, 1400571, 1, 4096, 0
6596, 2327198, 1, 4096, 0
6597, 1826762, 1, 4096, 0
6597, 2257735, 1, 4096, 0
6597, 1946540, 1, 4096, 0
6598, 2985381, 1, 4096, 0
6598, 2375776, 1, 4096, 0
6598, 2647337, 1, 4096, 0
6599, 1719483, 1, 4096, 0
6600, 1681177, 1, 4096, 0
6600, 1214619, 1, 4096, 0
6600, 1843880, 1, 4096, 0
6600, 2949844, 1, 4096, 0
6600, 3045615, 1, 4096, 0
6601, 3270288, 1, 4096, 0
6601, 1414391, 1, 4096, 0
6602, 1947759, 1, 4096, 0
6602, 2295204, 1, 4096, 0
6602, 1980034, 1, 4096, 0
6602, 2797080, 1, 4096, 0
6603, 1354114, 1, 4096, 0
6603, 1538040, 1, 4096, 0
6604, 1499102, 1, 4096, 0
6604, 1640443, 1, 4096, 0
6604, 1911105, 1, 4096, 0
6605, 2423457, 1, 4096, 0
6606, 1778471, 1, 4096, 0
6606, 3547457, 1, 4096, 0
6606, 2698016, 1, 4096, 0
6607, 2512542, 1, 4096, 0
6607, 4697896, 1, 4096, 0
6607, 2138027, 1, 4096, 0
6608, 2069108, 1, 4096, 0
6608, 1757291, 1, 4096, 0
6609, 2969507, 1, 4096, 0
6609, 1785349, 1, 4096, 0
6609, 1375333, 1, 4096, 0
6609, 1556325, 1, 4096, 0
6610, 1961719, 1, 4096, 0
6610, 1398595, 1, 4096, 0
6610, 2345026, 1, 4096, 0
6611, 1829813, 1, 4096, 0
6611, 2045421, 1, 4096, 0
6611, 1786497, 1, 4096, 0
6611, 1389963, 1, 4096, 0
6613, 2014108, 1, 4096, 0
6613, 2229853, 1, 4096, 0
6613, 2784004, 1, 4096, 0
6613, 1686589, 1, 4096, 0
6613, 3134508, 1, 4096, 0
6613, 2775443, 1, 4096, 0
6614, 1904396, 1, 4096, 0
6615, 1800981, 1, 4096, 0
6616, 2276946, 1, 4096, 0
6616, 2938988, 1, 4096, 0
6616, 2759267, 1, 4096, 0
6616, 2798912, 1, 4096, 0
6616, 1546856, 1, 4096, 0
6617, 2177557, 1, 4096, 0
6617, 1571109, 1, 4096, 0
6618, 1869630, 1, 4096, 0
6618, 1676539, 1, 4096, 0
6618, 1880990, 1, 4096, 0
6618, 2199820, 1, 4096, 0
6619, 1931277, 1, 4096, 0
6619, 1496626, 1, 4096, 0
6619, 1362008, 1, 4096, 0
6620, 2356494, 1, 4096, 0
6620, 2042646, 1, 4096, 0
6620, 2132151, 1, 4096, 0
6621, 2094127, 1, 4096, 0
6621, 2108404, 1, 4096, 0
6621, 1728480, 1, 4096, 0
6622, 1840530, 1, 4096, 0
6622, 2039561, 1, 4096, 0
6622, 2492632, 1, 4096, 0
6622, 1776910, 1, 4096, 0
6622, 1457686, 1, 4096, 0
6622, 1449795, 1, 4096, 0
6624, 1336851, 1, 4096, 0
6624, 1940205, 1, 4096, 0
6624, 1785450, 1, 4096, 0
6625, 2570843, 1, 4096, 0
6625, 2108279, 1, 4096, 0
6625, 2608164, 1, 4096, 0
6626, 2203287, 1, 4096, 0
6626, 1538587, 1, 4096, 0
6626, 2286769, 1, 4096, 0
6627, 2158446, 1, 4096, 0
6627, 2757902, 1, 4096, 0
6627, 2151886, 1, 4096, 0
6627, 1135495, 1, 4096, 0
6628, 1870660, 1, 4096, 0
6628, 1642401, 1, 4096, 0
6629, 2687495, 1, 4096, 0
6629, 1969387, 1, 4096, 0
6629, 2098224, 1, 4096, 0
6629, 1613235, 1, 4096, 0
6631, 1614488, 1, 4096, 0
6631, 3355532, 1, 4096, 0
6631, 2629511, 1, 4096, 0
6631, 2181171, 1, 4096, 0
6631, 1974066, 1, 4096, 0
6632, 2207174, 1, 4096, 0
6632, 1708276, 1, 4096, 0
6632, 1858089, 1, 4096, 0
6633, 2003106, 1, 4096, 0
6633, 1408032, 1, 4096, 0
6633, 2205078, 1, 4096, 0
6634, 1244194, 1, 4096, 0
6634, 1459256, 1, 4096, 0
6634, 2482873, 1, 4096, 0
6635, 1661382, 1, 4096, 0
6635, 1801178, 1, 4096, 0
6635, 1356299, 1, 4096, 0
6636, 1832652, 1, 4096, 0
6636, 1944397, 1, 4096, 0
6636, 1394001, 1, 4096, 0
6637, 1717971, 1, 4096, 0
6637, 3852299, 1, 4096, 0
6637, 2491707, 1, 4096, 0
6638, 1953282, 1, 4096, 0
6638, 1983147, 1, 4096, 0
6639, 1628368, 1, 4096, 0
6639, 2195444, 1, 4096, 0
6639, 1757985, 1, 4096, 0
6639, 2612931, 1, 4096, 0
6639, 1816648, 1, 4096, 0
6639, 1730386, 1, 4096, 0
6640, 1746937, 1, 4096, 0
6640, 1765196, 1, 4096, 0
6641, 1304494, 1, 4096, 0
6641, 1592266, 1, 4096, 0
6641, 1919962, 1, 4096, 0
6641, 1686231, 1, 4096, 0
6642, 1792499, 1, 4096, 0
6643, 2135591, 1, 4096, 0
6643, 1558032, 1, 4096, 0
6643, 2198754, 1, 4096, 0
6643, 1947557, 1, 4096, 0
6643, 2371465, 1, 4096, 0
6644, 1830562, 1, 4096, 0
6644, 1562632, 1, 4096, 0
6644, 1669502, 1, 4096, 0
6644, 1592864, 1, 4096, 0
6645, 2021638, 1, 4096, 0
6646, 1222691, 1, 4096, 0
6646, 1536844, 1, 4096, 0
6646, 1665834, 1, 4096, 0
6646, 2989740, 1, 4096, 0
6646, 2192572, 1, 4096, 0
6648, 2162795, 1, 4096, 0
6648, 2280540, 1, 4096, 0
6648, 2826730, 1, 4096, 0
6649, 2510534, 1, 4096, 0
6649, 2134679, 1, 4096, 0
6649, 3803505, 1, 4096, 0
6650, 2202262, 1, 4096, 0
6650, 1577801, 1, 4096, 0
6650, 1867445, 1, 4096, 0
6651, 3318280, 1, 4096, 0
6651, 1090674, 1, 4096, 0
6651, 2902562, 1, 4096, 0
6651, 2162626, 1, 4096, 0
6652, 1647355, 1, 4096, 0
6653, 2892320, 1, 4096, 0
6653, 2456688, 1, 4096, 0
6654, 2245896, 1, 4096, 0
6654, 2516497, 1, 4096, 0
6654, 2189246, 1, 4096, 0
6654, 2691682, 1, 4096, 0
6655, 1641127, 1, 4096, 0
6655, 1579991, 1, 4096, 0
6656, 1888224, 1, 4096, 0
6656, 1126891, 1, 4096, 0
6657, 2919583, 1, 4096, 0
6657, 1561426, 1, 4096, 0
6657, 3104121, 1, 4096, 0
6657, 3156748, 1, 4096, 0
6657, 1440699, 1, 4096, 0
6657, 1549346, 1, 4096, 0
6658, 1602650, 1, 4096, 0
6658, 1523297, 1, 4096, 0
6659, 2056442, 1, 4096, 0
6659, 1690928, 1, 4096, 0
6659, 1938236, 1, 4096, 0
6660, 1362533, 1, 4096, 0
6660, 2142688, 1, 4096, 0
6660, 1613800, 1, 4096, 0
6660, 1398281, 1, 4096, 0
6661, 1270527, 1, 4096, 0
6661, 1841563, 1, 4096, 0
6661, 1358228, 1, 4096, 0
6661, 2201496, 1, 4096, 0
6662, 1993826, 1, 4096, 0
6662, 1933076, 1, 4096, 0
6663, 1863236, 1, 4096, 0
6663, 1153701, 1, 4096, 0
6663, 2301104, 1, 4096, 0
6664, 2062998, 1, 4096, 0
6664, 2368693, 1, 4096, 0
6664, 2930185, 1, 4096, 0
6665, 1401979, 1, 4096, 0
6665, 1962499, 1, 4096, 0
6666, 2384663, 1, 4096, 0
6666, 2252625, 1, 4096, 0
6666, 1783621, 1, 4096, 0
6666, 1891466, 1, 4096, 0
6666, 2767413, 1, 4096, 0
6667, 2284529, 1, 4096, 0
6668, 1372230, 1, 4096, 0
6668, 1550202, 1, 4096, 0
6668, 1575845, 1, 4096, 0
6668, 2209054, 1, 4096, 0
6668, 2399632, 1, 4096, 0
6669, 2011684, 1, 4096, 0
6669, 1590118, 1, 4096, 0
6669, 1335877, 1, 4096, 0
6670, 2062320, 1, 4096, 0
6670, 2415031, 1, 4096, 0
6671, 1358102, 1, 4096, 0
6671, 1546778, 1, 4096, 0
6671, 2925939, 1, 4096, 0
6671, 2689834, 1, 4096, 0
6672, 1876325, 1, 4096, 0
6672, 1665435, 1, 4096, 0
6672, 1641335, 1, 4096, 0
6672, 1208425, 1, 4096, 0
6673, 1835664, 1, 4096, 0
6673, 1387656, 1, 4096, 0
6673, 2298543, 1, 4096, 0
6674, 1475920, 1, 4096, 0
6674, 1790117, 1, 4096, 0
6675, 2133022, 1, 4096, 0
6675, 1804145, 1, 4096, 0
6675, 1739153, 1, 4096, 0
6675, 1534673, 1, 4096, 0
6675, 1842485, 1, 4096, 0
6676, 1693850, 1, 4096, 0
6677, 1373826, 1, 4096, 0
6677, 2332759, 1, 4096, 0
6677, 2257429, 1, 4096, 0
6677, 1879696, 1, 4096, 0
6677, 1959047, 1, 4096, 0
6678, 1590018, 1, 4096, 0
6678, 1859082, 1, 4096, 0
6679, 1631021, 1, 4096, 0
6680, 2938552, 1, 4096, 0
6680, 2665224, 1, 4096, 0
6680, 1959347, 1, 4096, 0
6680, 2897940, 1, 4096, 0
6680, 1601338, 1, 4096, 0
6680, 1561065, 1, 4096, 0
6681, 1847133, 1, 4096, 0
6682, 1572679, 1, 4096, 0
6682, 1964854, 1, 4096, 0
6682, 2234918, 1, 4096, 0
6682, 1850688, 1, 4096, 0
6682, 2193679, 1, 4096, 0
6683, 1251437, 1, 4096, 0
6683, 1583507, 1, 4096, 0
6683, 1575503, 1, 4096, 0
6684, 2073396, 1, 4096, 0
6684, 2600539, 1, 4096, 0
6684, 1874202, 1, 4096, 0
6685, 1717307, 1, 4096, 0
6686, 1606701, 1, 4096, 0
6686, 2467576, 1, 4096, 0
6686, 2510429, 1, 4096, 0
6686, 2149171, 1, 4096, 0
6686, 1223810, 1, 4096, 0
6687, 3104278, 1, 4096, 0
6687, 1629992, 1, 4096, 0
6687, 1850661, 1, 4096, 0
6688, 1563324, 1, 4096, 0
6688, 1654750, 1, 4096, 0
6688, 1952069, 1, 4096, 0
6689, 1647554, 1, 4096, 0
6689, 1349194, 1, 4096, 0
6689, 1918464, 1, 4096, 0
6690, 1933852, 1, 4096, 0
6690, 2234345, 1, 4096, 0
6690, 2929826, 1, 4096, 0
6691, 1636257, 1, 4096, 0
6691, 2138580, 1, 4096, 0
6692, 1913230, 1, 4096, 0
6692, 2460408, 1, 4096, 0
6692, 1363101, 1, 4096, 0
6692, 1890795, 1, 4096, 0
6692, 2024130, 1, 4096, 0
6693, 1587682, 1, 4096, 0
6693, 1567217, 1, 4096, 0
6693, 1234452, 1, 4096, 0
6693, 1838007, 1, 4096, 0
6693, 1159936, 1, 4096, 0
6694, 1885432, 1, 4096, 0
6695, 1661489, 1, 4096, 0
6695, 2338197, 1, 4096, 0
6696, 2236411, 1, 4096, 0
6696, 2011364, 1, 4096, 0
6696, 2577457, 1, 4096, 0
6696, 2936527, 1, 4096, 0
6697, 1478047, 1, 4096, 0
6698, 2467263, 1, 4096, 0
6698, 1828222, 1, 4096, 0
6698, 1793160, 1, 4096, 0
6699, 3465523, 1, 4096, 0
6699, 1859833, 1, 4096, 0
6699, 1642314, 1, 4096, 0
6700, 2390984, 1, 4096, 0
6700, 4510534, 1, 4096, 0
6701, 1742603, 1, 4096, 0
6701, 2922554, 1, 4096, 0
6702, 2440335, 1, 4096, 0
6702, 1624487, 1, 4096, 0
6702, 2222108, 1, 4096, 0
6702, 3291335, 1, 4096, 0
6703, 1870302, 1, 4096, 0
6703, 1175426, 1, 4096, 0
6703, 2282177, 1, 4096, 0
6703, 1653983, 1, 4096, 0
6704, 1528275, 1, 4096, 0
6705, 1588126, 1, 4096, 0
6705, 2309531, 1, 4096, 0
6705, 2184155, 1, 4096, 0
6705, 3102410, 1, 4096, 0
6706, 2694748, 1, 4096, 0
6706, 1846085, 1, 4096, 0
6706, 1640897, 1, 4096, 0
6707, 1787071, 1, 4096, 0
6707, 1603977, 1, 4096, 0
6707, 1834589, 1, 4096, 0
6707, 1083478, 1, 4096, 0
6708, 2371694, 1, 4096, 0
6708, 1144099, 1, 4096, 0
6708, 1838538, 1, 4096, 0
6709, 1496850, 1, 4096, 0
6709, 2984138, 1, 4096, 0
6709, 1324163, 1, 4096, 0
6710, 2366290, 1, 4096, 0
6711, 2090472, 1, 4096, 0
6711, 1732992, 1, 4096, 0
6711, 1682424, 1, 4096, 0
6711, 2554941, 1, 4096, 0
6711, 1504517, 1, 4096, 0
6712, 2805246, 1, 4096, 0
6712, 1446350, 1, 4096, 0
6713, 1395486, 1, 4096, 0
6713, 2212865, 1, 4096, 0
6713, 1757516, 1, 4096, 0
6713, 1396742, 1, 4096, 0
6713, 2592804, 1, 4096, 0
6714, 1258899, 1, 4096, 0
6714, 2664201, 1, 4096, 0
6715, 1896293, 1, 4096, 0
6715, 2092363, 1, 4096, 0
6715, 1559059, 1, 4096, 0
6716, 2284127, 1, 4096, 0
6716, 1699749, 1, 4096, 0
6716, 1139680, 1, 4096, 0
6716, 1849189, 1, 4096, 0
6717, 1852761, 1, 4096, 0
6717, 1905550, 1, 4096, 0
6717, 1408846, 1, 4096, 0
6717, 1488719, 1, 4096, 0
6718, 2100041, 1, 4096, 0
6718, 1674695, 1, 4096, 0
6719, 1467303, 1, 4096, 0
6720, 2694821, 1, 4096, 0
6720, 2220744, 1, 4096, 0
6720, 1895658, 1, 4096, 0
6720, 3391703, 1, 4096, 0
6720, 4194004, 1, 4096, 0
6721, 2288127, 1, 4096, 0
6721, 1520338, 1, 4096, 0
6722, 1407742, 1, 4096, 0
6722, 1191448, 1, 4096, 0
6723, 2364042, 1, 4096, 0
6723, 1452458, 1, 4096, 0
6723, 2650915, 1, 4096, 0
6723, 3151255, 1, 4096, 0
6724, 2030029, 1, 4096, 0
6724, 1279028, 1, 4096, 0
6724, 2231233, 1, 4096, 0
6725, 1716572, 1, 4096, 0
6725, 2083807, 1, 4096, 0
6725, 1316133, 1, 4096, 0
6725, 1819484, 1, 4096, 0
6725, 1558102, 1, 4096, 0
6726, 1236444, 1, 4096, 0
6726, 1227311, 1, 4096, 0
6727, 1019793, 1, 4096, 0
6727, 1663168, 1, 4096, 0
6727, 1617258, 1, 4096, 0
6728, 1946436, 1, 4096, 0
6728, 1695630, 1, 4096, 0
6729, 1415756, 1, 4096, 0
6729, 2495389, 1, 4096, 0
6729, 4298764, 1, 4096, 0
6729, 4305443, 1, 4096, 0
6730, 2329019, 1, 4096, 0
6730, 1669868, 1, 4096, 0
6730, 1570957, 1, 4096, 0
6732, 1340875, 1, 4096, 0
6732, 1692042, 1, 4096, 0
6732, 2533525, 1, 4096, 0
6732, 2882910, 1, 4096, 0
6733, 886127, 1, 4096, 0
6733, 2982311, 1, 4096, 0
6733, 961686, 1, 4096, 0
6733, 3609263, 1, 4096, 0
6734, 1702948, 1, 4096, 0
6734, 1718143, 1, 4096, 0
6734, 1771706, 1, 4096, 0
6735, 1404201, 1, 4096, 0
6735, 2170405, 1, 4096, 0
6735, 2434485, 1, 4096, 0
6735, 2423222, 1, 4096, 0
6736, 2704187, 1, 4096, 0
6737, 1634139, 1, 4096, 0
6737, 2911753, 1, 4096, 0
6738, 3038184, 1, 4096, 0
6738, 1862916, 1, 4096, 0
6738, 3375184, 1, 4096, 0
6738, 1457753, 1, 4096, 0
6739, 3373899, 1, 4096, 0
6740, 2154673, 1, 4096, 0
6740, 2272251, 1, 4096, 0
6741, 1798962, 1, 4096, 0
6741, 2126416, 1, 4096, 0
6741, 1488516, 1, 4096, 0
6742, 1321180, 1, 4096, 0
6742, 1440900, 1, 4096, 0
6742, 3967089, 1, 4096, 0
6742, 4356071, 1, 4096, 0
6743, 1453818, 1, 4096, 0
6743, 2522497, 1, 4096, 0
6744, 1113044, 1, 4096, 0
6744, 2448112, 1, 4096, 0
6744, 2066485, 1, 4096, 0
6745, 2996860, 1, 4096, 0
6745, 2498267, 1, 4096, 0
6745, 2572581, 1, 4096, 0
6745, 989145, 1, 4096, 0
6745, 1280276, 1, 4096, 0
6746, 1618045, 1, 4096, 0
6746, 1190098, 1, 4096, 0
6746, 1313728, 1, 4096, 0
6746, 1555804, 1, 4096, 0
6747, 1499450, 1, 4096, 0
6748, 2159888, 1, 4096, 0
6748, 1656465, 1, 4096, 0
6748, 1610072, 1, 4096, 0
6748, 1623435, 1, 4096, 0
6749, 1583320, 1, 4096, 0
6749, 2631708, 1, 4096, 0
6749, 1877685, 1, 4096, 0
6750, 2356841, 1, 4096, 0
6750, 1935818, 1, 4096, 0
6750, 1731085, 1, 4096, 0
6751, 2698142, 1, 4096, 0
6751, 1023941, 1, 4096, 0
6752, 3008406, 1, 4096, 0
6752, 2079644, 1, 4096, 0
6752, 1615649, 1, 4096, 0
6752, 1765064, 1, 4096, 0
6753, 1856591, 1, 4096, 0
6754, 1944865, 1, 4096, 0
6754, 3024274, 1, 4096, 0
6754, 2640471, 1, 4096, 0
6754, 2733376, 1, 4096, 0
6755, 1170858, 1, 4096, 0
6755, 3161047, 1, 4096, 0
6755, 1292339, 1, 4096, 0
6755, 1414576, 1, 4096, 0
6756, 1869626, 1, 4096, 0
6757, 1673475, 1, 4096, 0
6757, 2072949, 1, 4096, 0
6757, 2151541, 1, 4096, 0
6757, 1627777, 1, 4096, 0
6757, 3203966, 1, 4096, 0
6758, 1336837, 1, 4096, 0
6758, 2201511, 1, 4096, 0
6758, 1688839, 1, 4096, 0
6759, 1710352, 1, 4096, 0
6759, 1899505, 1, 4096, 0
6759, 1114657, 1, 4096, 0
6760, 2235350, 1, 4096, 0
6760, 1587575, 1, 4096, 0
6760, 1494389, 1, 4096, 0
6760, 1467842, 1, 4096, 0
6760, 1819333, 1, 4096, 0
6761, 2114501, 1, 4096, 0
6762, 1560306, 1, 4096, 0
6762, 1520705, 1, 4096, 0
6762, 1789190, 1, 4096, 0
6762, 2178219, 1, 4096, 0
6762, 1898064, 1, 4096, 0
6763, 1588805, 1, 4096, 0
6763, 1362502, 1, 4096, 0
6763, 1223451, 1, 4096, 0
6763, 1316838, 1, 4096, 0
6764, 1763786, 1, 4096, 0
6764, 1523180, 1, 4096, 0
6765, 1481807, 1, 4096, 0
6765, 3181937, 1, 4096, 0
6765, 2046171, 1, 4096, 0
6765, 1961619, 1, 4096, 0
6766, 1402729, 1, 4096, 0
6766, 2175758, 1, 4096, 0
6766, 1728721, 1, 4096, 0
6767, 2212266, 1, 4096, 0
6767, 2157059, 1, 4096, 0
6767, 2418850, 1, 4096, 0
6767, 1357266, 1, 4096, 0
6768, 1561758, 1, 4096, 0
6768, 1828439, 1, 4096, 0
6769, 1445187, 1, 4096, 0
6769, 1397891, 1, 4096, 0
6769, 1562460, 1, 4096, 0
6769, 1480742, 1, 4096, 0
6769, 1204484, 1, 4096, 0
6769, 1697914, 1, 4096, 0
6770, 1603823, 1, 4096, 0
6771, 1992380, 1, 4096, 0
6771, 2211416, 1, 4096, 0
6771, 2109752, 1, 4096, 0
6771, 2004903, 1, 4096, 0
6772, 1652292, 1, 4096, 0
6772, 3002890, 1, 4096, 0
6772, 1937267, 1, 4096, 0
6773, 2123263, 1, 4096, 0
6773, 1853802, 1, 4096, 0
6773, 1505040, 1, 4096, 0
6773, 1404043, 1, 4096, 0
6775, 3386785, 1, 4096, 0
6775, 1351736, 1, 4096, 0
6775, 1392943, 1, 4096, 0
6775, 2241293, 1, 4096, 0
6775, 1955449, 1, 4096, 0
6775, 2091055, 1, 4096, 0
6777, 2144735, 1, 4096, 0
6777, 2264984, 1, 4096, 0
6777, 2445472, 1, 4096, 0
6777, 2494115, 1, 4096, 0
6777, 2079106, 1, 4096, 0
6777, 2287713, 1, 4096, 0
6778, 1584871, 1, 4096, 0
6779, 2140816, 1, 4096, 0
6779, 2008040, 1, 4096, 0
6780, 2425641, 1, 4096, 0
6780, 2489407, 1, 4096, 0
6780, 3035476, 1, 4096, 0
6781, 2132822, 1, 4096, 0
6781, 1474489, 1, 4096, 0
6781, 1764686, 1, 4096, 0
6781, 1558534, 1, 4096, 0
6781, 1469624, 1, 4096, 0
6782, 1685476, 1, 4096, 0
6783, 1333995, 1, 4096, 0
6783, 1392260, 1, 4096, 0
6783, 1900823, 1, 4096, 0
6783, 1370194, 1, 4096, 0
6783, 2113298, 1, 4096, 0
6784, 3571249, 1, 4096, 0
6784, 1562496, 1, 4096, 0
6785, 1792836, 1, 4096, 0
6785, 2344687, 1, 4096, 0
6785, 2019549, 1, 4096, 0
6786, 2159007, 1, 4096, 0
6787, 1891280, 1, 4096, 0
6787, 3544591, 1, 4096, 0
6787, 2556178, 1, 4096, 0
6787, 2204153, 1, 4096, 0
6788, 3439032, 1, 4096, 0
6788, 1542132, 1, 4096, 0
6789, 1737507, 1, 4096, 0
6789, 2145842, 1, 4096, 0
6789, 2107454, 1, 4096, 0
6790, 3214342, 1, 4096, 0
6791, 1717696, 1, 4096, 0
6792, 2108251, 1, 4096, 0
6792, 4082563, 1, 4096, 0
6792, 1250997, 1, 4096, 0
6792, 3447987, 1, 4096, 0
6792, 3065012, 1, 4096, 0
6792, 2918006, 1, 4096, 0
6794, 1896857, 1, 4096, 0
6794, 2088213, 1, 4096, 0
6795, 3138763, 1, 4096, 0
6795, 3060861, 1, 4096, 0
6795, 2552750, 1, 4096, 0
6795, 3218477, 1, 4096, 0
6796, 2516523, 1, 4096, 0
6796, 2485900, 1, 4096, 0
6797, 1656484, 1, 4096, 0
6797, 2065714, 1, 4096, 0
6797, 2417821, 1, 4096, 0
6797, 2519110, 1, 4096, 0
6798, 1673511, 1, 4096, 0
6798, 1554620, 1, 4096, 0
6799, 1760114, 1, 4096, 0
6799, 1408376, 1, 4096, 0
6799, 2654669, 1, 4096, 0
6799, 2045364, 1, 4096, 0
6800, 1645730, 1, 4096, 0
6800, 1873072, 1, 4096, 0
6800, 1260841, 1, 4096, 0
6801, 2161902, 1, 4096, 0
6801, 1499953, 1, 4096, 0
6801, 3450716, 1, 4096, 0
6802, 1261117, 1, 4096, 0
6802, 1613863, 1, 4096, 0
6803, 1728189, 1, 4096, 0
6803, 1345484, 1, 4096, 0
6803, 2413549, 1, 4096, 0
6803, 2275797, 1, 4096, 0
6804, 3497245, 1, 4096, 0
6804, 2256425, 1, 4096, 0
6805, 2113829, 1, 4096, 0
6805, 1741721, 1, 4096, 0
6805, 2195578, 1, 4096, 0
6805, 1728140, 1, 4096, 0
6806, 2244615, 1, 4096, 0
6806, 1970104, 1, 4096, 0
6806, 1144236, 1, 4096, 0
6806, 1505861, 1, 4096, 0
6807, 1702945, 1, 4096, 0
6807, 1538231, 1, 4096, 0
6808, 1191940, 1, 4096, 0
6808, 1770603, 1, 4096, 0
6808, 2372165, 1, 4096, 0
6809, 2329882, 1, 4096, 0
6809, 2507965, 1, 4096, 0
6809, 2994273, 1, 4096, 0
6810, 1759223, 1, 4096, 0
6810, 2253660, 1, 4096, 0
6811, 2064572, 1, 4096, 0
6811, 1671201, 1, 4096, 0
6811, 2522786, 1, 4096, 0
6812, 1960202, 1, 4096, 0
6812, 2442880, 1, 4096, 0
6813, 2173303, 1, 4096, 0
6813, 2139011, 1, 4096, 0
6813, 1441143, 1, 4096, 0
6813, 2144370, 1, 4096, 0
6814, 1159468, 1, 4096, 0
6815, 3517805, 1, 4096, 0
6815, 2807659, 1, 4096, 0
6815, 1916243, 1, 4096, 0
6815, 2688449, 1, 4096, 0
6816, 2506992, 1, 4096, 0
6816, 2268837, 1, 4096, 0
6817, 1986597, 1, 4096, 0
6817, 2538094, 1, 4096, 0
6817, 2274041, 1, 4096, 0
6818, 2075689, 1, 4096, 0
6818, 1288207, 1, 4096, 0
6818, 1098323, 1, 4096, 0
6819, 1034528, 1, 4096, 0
6819, 2963940, 1, 4096, 0
6819, 2457674, 1, 4096, 0
6819, 4107249, 1, 4096, 0
6820, 1633896, 1, 4096, 0
6820, 1875287, 1, 4096, 0
6820, 1740973, 1, 4096, 0
6821, 1616014, 1, 4096, 0
6821, 2184929, 1, 4096, 0
6822, 1405812, 1, 4096, 0
6822, 2811873, 1, 4096, 0
6822, 2337742, 1, 4096, 0
6823, 2266428, 1, 4096, 0
6823, 1729752, 1, 4096, 0
6824, 2595020, 1, 4096, 0
6824, 2656184, 1, 4096, 0
6825, 1268414, 1, 4096, 0
6825, 3493873, 1, 4096, 0
6825, 2823251, 1, 4096, 0
6826, 3170360, 1, 4096, 0
6826, 2085671, 1, 4096, 0
6826, 1068029, 1, 4096, 0
6826, 3080708, 1, 4096, 0
6827, 1768075, 1, 4096, 0
6827, 2524915, 1, 4096, 0
6828, 2035649, 1, 4096, 0
6828, 1192040, 1, 4096, 0
6828, 1898179, 1, 4096, 0
6829, 2080756, 1, 4096, 0
6830, 2052300, 1, 4096, 0
6830, 3267332, 1, 4096, 0
6830, 2200834, 1, 4096, 0
6830, 2294872, 1, 4096, 0
6831, 2959671, 1, 4096, 0
6831, 1583212, 1, 4096, 0
6831, 1502455, 1, 4096, 0
6832, 2330267, 1, 4096, 0
6832, 2188293, 1, 4096, 0
6833, 2905715, 1, 4096, 0
6833, 1981388, 1, 4096, 0
6833, 2776871, 1, 4096, 0
6833, 2516212, 1, 4096, 0
6834, 1683556, 1, 4096, 0
6834, 2563204, 1, 4096, 0
6835, 1997075, 1, 4096, 0
6835, 1548434, 1, 4096, 0
6835, 1334190, 1, 4096, 0
6835, 1595948, 1, 4096, 0
6835, 1743307, 1, 4096, 0
6837, 2147933, 1, 4096, 0
6837, 1653156, 1, 4096, 0
6837, 2437484, 1, 4096, 0
6837, 2265520, 1, 4096, 0
6837, 2145366, 1, 4096, 0
6837, 2216450, 1, 4096, 0
6838, 1228953, 1, 4096, 0
6839, 2012767, 1, 4096, 0
6839, 2037950, 1, 4096, 0
6839, 2311334, 1, 4096, 0
6839, 2389194, 1, 4096, 0
6839, 1973892, 1, 4096, 0
6840, 1533382, 1, 4096, 0
6841, 1324473, 1, 4096, 0
6841, 1900049, 1, 4096, 0
6841, 2266463, 1, 4096, 0
6842, 2640552, 1, 4096, 0
6842, 2518438, 1, 4096, 0
6842, 3199718, 1, 4096, 0
6842, 1394012, 1, 4096, 0
6843, 1599258, 1, 4096, 0
6844, 1989969, 1, 4096, 0
6844, 1796289, 1, 4096, 0
6844, 1054883, 1, 4096, 0
6844, 3682547, 1, 4096, 0
6844, 1987068, 1, 4096, 0
6845, 2154734, 1, 4096, 0
6845, 1372256, 1, 4096, 0
6846, 1483955, 1, 4096, 0
6846, 2036691, 1, 4096, 0
6846, 1756415, 1, 4096, 0
6847, 2434109, 1, 4096, 0
6847, 2951468, 1, 4096, 0
6848, 1888115, 1, 4096, 0
6848, 1464915, 1, 4096, 0
6848, 2475690, 1, 4096, 0
6848, 1293833, 1, 4096, 0
6849, 1643989, 1, 4096, 0
6849, 2536502, 1, 4096, 0
6850, 1869520, 1, 4096, 0
6850, 1880327, 1, 4096, 0
6850, 1163534, 1, 4096, 0
6850, 2147625, 1, 4096, 0
6851, 1981472, 1, 4096, 0
6851, 2698972, 1, 4096, 0
6851, 1298831, 1, 4096, 0
6851, 1605209, 1, 4096, 0
6852, 1851523, 1, 4096, 0
6852, 1663910, 1, 4096, 0
6852, 1766971, 1, 4096, 0
6853, 1513052, 1, 4096, 0
6853, 2135412, 1, 4096, 0
6853, 1676067, 1, 4096, 0
6853, 1995225, 1, 4096, 0
6854, 2431357, 1, 4096, 0
6854, 1897407, 1, 4096, 0
6854, 1608324, 1, 4096, 0
6855, 1388295, 1, 4096, 0
6855, 2434665, 1, 4096, 0
6855, 1788689, 1, 4096, 0
6855, 1440661, 1, 4096, 0
6856, 1425552, 1, 4096, 0
6856, 1553422, 1, 4096, 0
6857, 1577377, 1, 4096, 0
6857, 1258799, 1, 4096, 0
6857, 1182688, 1, 4096, 0
6857, 2445541, 1, 4096, 0
6857, 2145909, 1, 4096, 0
6857, 1521652, 1, 4096, 0
6858, 1440072, 1, 4096, 0
6859, 1679992, 1, 4096, 0
6859, 1524435, 1, 4096, 0
6859, 2340743, 1, 4096, 0
6859, 1504679, 1, 4096, 0
6860, 2819650, 1, 4096, 0
6861, 1962567, 1, 4096, 0
6861, 1698109, 1, 4096, 0
6861, 2359995, 1, 4096, 0
6861, 4074141, 1, 4096, 0
6861, 2017787, 1, 4096, 0
6863, 1889872, 1, 4096, 0
6863, 1772688, 1, 4096, 0
6863, 1743312, 1, 4096, 0
6863, 3797692, 1, 4096, 0
6864, 2419856, 1, 4096, 0
6864, 2521070, 1, 4096, 0
6865, 1711583, 1, 4096, 0
6865, 2164286, 1, 4096, 0
6866, 3232702, 1, 4096, 0
6866, 1563650, 1, 4096, 0
6866, 3019331, 1, 4096, 0
6867, 3136509, 1, 4096, 0
6867, 2867001, 1, 4096, 0
6868, 2461085, 1, 4096, 0
6868, 1826334, 1, 4096, 0
6869, 2400860, 1, 4096, 0
6869, 2195115, 1, 4096, 0
6870, 1346609, 1, 4096, 0
6870, 3500834, 1, 4096, 0
6870, 3017817, 1, 4096, 0
6870, 1278608, 1, 4096, 0
6870, 2741707, 1, 4096, 0
6871, 1860624, 1, 4096, 0
6872, 1722222, 1, 4096, 0
6872, 2004950, 1, 4096, 0
6872, 1323972, 1, 4096, 0
6872, 2249260, 1, 4096, 0
6872, 1901017, 1, 4096, 0
6872, 1571826, 1, 4096, 0
6873, 1638355, 1, 4096, 0
6873, 1936934, 1, 4096, 0
6873, 1803717, 1, 4096, 0
6874, 2207358, 1, 4096, 0
6874, 2077558, 1, 4096, 0
6875, 1086512, 1, 4096, 0
6875, 2915706, 1, 4096, 0
6875, 1518107, 1, 4096, 0
6875, 1600569, 1, 4096, 0
6876, 1616981, 1, 4096, 0
6877, 1344251, 1, 4096, 0
6877, 2388454, 1, 4096, 0
6877, 2657330, 1, 4096, 0
6877, 3832580, 1, 4096, 0
6878, 2640083, 1, 4096, 0
6878, 1955862, 1, 4096, 0
6879, 1709006, 1, 4096, 0
6879, 1720826, 1, 4096, 0
6879, 2013523, 1, 4096, 0
6879, 1867083, 1, 4096, 0
6880, 3181847, 1, 4096, 0
6881, 1771510, 1, 4096, 0
6881, 2850025, 1, 4096, 0
6881, 2232037, 1, 4096, 0
6881, 1763324, 1, 4096, 0
6881, 2129786, 1, 4096, 0
6882, 1852913, 1, 4096, 0
6882, 1418144, 1, 4096, 0
6883, 2122878, 1, 4096, 0
6883, 1704541, 1, 4096, 0
6883, 1781663, 1, 4096, 0
6883, 1252198, 1, 4096, 0
6884, 1123152, 1, 4096, 0
6884, 1841821, 1, 4096, 0
6884, 1179446, 1, 4096, 0
6885, 1728082, 1, 4096, 0
6885, 1950745, 1, 4096, 0
6885, 3783141, 1, 4096, 0
6886, 1683688, 1, 4096, 0
6887, 1831053, 1, 4096, 0
6887, 2483344, 1, 4096, 0
6887, 1986494, 1, 4096, 0
6887, 2574007, 1, 4096, 0
6888, 2173346, 1, 4096, 0
6888, 1502747, 1, 4096, 0
6888, 1533467, 1, 4096, 0
6889, 1227408, 1, 4096, 0
6889, 4438373, 1, 4096, 0
6890, 1363660, 1, 4096, 0
6890, 3317208, 1, 4096, 0
6890, 3145339, 1, 4096, 0
6890, 2041555, 1, 4096, 0
6891, 1747294, 1, 4096, 0
6891, 2064493, 1, 4096, 0
6892, 2073127, 1, 4096, 0
6893, 2678115, 1, 4096, 0
6893, 2854088, 1, 4096, 0
6893, 1488027, 1, 4096, 0
6893, 2590006, 1, 4096, 0
6893, 1705693, 1, 4096, 0
6893, 2438254, 1, 4096, 0
6894, 1399945, 1, 4096, 0
6894, 1464664, 1, 4096, 0
6895, 2644119, 1, 4096, 0
6896, 2549375, 1, 4096, 0
6896, 2170736, 1, 4096, 0
6896, 2295019, 1, 4096, 0
6897, 2313765, 1, 4096, 0
6897, 2284032, 1, 4096, 0
6897, 1640833, 1, 4096, 0
6897, 1853258, 1, 4096, 0
6897, 1914120, 1, 4096, 0
6898, 2229370, 1, 4096, 0
6898, 1422902, 1, 4096, 0
6898, 958117, 1, 4096, 0
6899, 1123532, 1, 4096, 0
6899, 2055810, 1, 4096, 0
6899, 2241004, 1, 4096, 0
6900, 1781910, 1, 4096, 0
6900, 910184, 1, 4096, 0
6900, 1604057, 1, 4096, 0
6900, 1583026, 1, 4096, 0
6900, 1605584, 1, 4096, 0
6900, 1750037, 1, 4096, 0
6902, 1922325, 1, 4096, 0
6902, 2231602, 1, 4096, 0
6902, 2413101, 1, 4096, 0
6903, 2952101, 1, 4096, 0
6903, 2352398, 1, 4096, 0
6903, 2924005, 1, 4096, 0
6904, 1656868, 1, 4096, 0
6904, 1206811, 1, 4096, 0
6904, 1787639, 1, 4096, 0
6904, 1867080, 1, 4096, 0
6905, 2431289, 1, 4096, 0
6905, 1392619, 1, 4096, 0
6905, 1916312, 1, 4096, 0
6905, 1643777, 1, 4096, 0
6905, 1531373, 1, 4096, 0
6906, 1469993, 1, 4096, 0
6907, 1554440, 1, 4096, 0
6907, 1468803, 1, 4096, 0
6907, 1413423, 1, 4096, 0
6907, 1366705, 1, 4096, 0
6907, 2128658, 1, 4096, 0
6908, 1436825, 1, 4096, 0
6908, 2374075, 1, 4096, 0
6908, 1589467, 1, 4096, 0
6909, 1854869, 1, 4096, 0
6909, 1721905, 1, 4096, 0
6909, 2905508, 1, 4096, 0
6910, 1657942, 1, 4096, 0
6910, 2125238, 1, 4096, 0
6910, 1898315, 1, 4096, 0
6911, 2296808, 1, 4096, 0
6911, 2278152, 1, 4096, 0
6912, 1576544, 1, 4096, 0
6912, 2051621, 1, 4096, 0
6912, 2386732, 1, 4096, 0
6912, 1424920, 1, 4096, 0
6913, 2151108, 1, 4096, 0
6914, 1810567, 1, 4096, 0
6914, 1810783, 1, 4096, 0
6914, 2336395, 1, 4096, 0
6914, 1610904, 1, 4096, 0
6914, 1489683, 1, 4096, 0
6914, 2263951, 1, 4096, 0
6915, 1498474, 1, 4096, 0
6915, 1658097, 1, 4096, 0
6915, 1278168, 1, 4096, 0
6915, 1827466, 1, 4096, 0
6916, 1900149, 1, 4096, 0
6916, 1160125, 1, 4096, 0
6916, 2196880, 1, 4096, 0
6917, 1296208, 1, 4096, 0
6917, 1804862, 1, 4096, 0
6917, 1948318, 1, 4096, 0
6918, 1972302, 1, 4096, 0
6918, 1964121, 1, 4096, 0
6919, 1926353, 1, 4096, 0
6919, 1372618, 1, 4096, 0
6919, 1317499, 1, 4096, 0
6919, 2330934, 1, 4096, 0
6920, 1458640, 1, 4096, 0
6920, 1512807, 1, 4096, 0
6920, 2537613, 1, 4096, 0
6920, 1543893, 1, 4096, 0
6920, 1652361, 1, 4096, 0
6920, 1612600, 1, 4096, 0
6921, 1501657, 1, 4096, 0
6922, 1622504, 1, 4096, 0
6922, 1836160, 1, 4096, 0
6922, 1878602, 1, 4096, 0
6922, 2068125, 1, 4096, 0
6922, 1257673, 1, 4096, 0
6923, 2239405, 1, 4096, 0
6923, 1257718, 1, 4096, 0
6923, 1418186, 1, 4096, 0
6924, 1839196, 1, 4096, 0
6925, 1381204, 1, 4096, 0
6925, 2189243, 1, 4096, 0
6925, 2104527, 1, 4096, 0
6925, 1441399, 1, 4096, 0
6925, 3003628, 1, 4096, 0
6925, 1111172, 1, 4096, 0
6926, 1652751, 1, 4096, 0
6926, 1802155, 1, 4096, 0
6927, 1933437, 1, 4096, 0
6927, 2171091, 1, 4096, 0
6927, 1945837, 1, 4096, 0
6928, 1885756, 1, 4096, 0
6928, 1767733, 1, 4096, 0
6928, 1981022, 1, 4096, 0
6928, 1515088, 1, 4096, 0
6929, 1732434, 1, 4096, 0
6929, 3917942, 1, 4096, 0
6930, 1490949, 1, 4096, 0
6930, 1466867, 1, 4096, 0
6930, 1767082, 1, 4096, 0
6931, 2383015, 1, 4096, 0
6931, 1554326, 1, 4096, 0
6932, 2001859, 1, 4096, 0
6932, 2801561, 1, 4096, 0
6932, 3468210, 1, 4096, 0
6932, 2051819, 1, 4096, 0
6933, 2372956, 1, 4096, 0
6934, 1644734, 1, 4096, 0
6934, 2499545, 1, 4096, 0
6934, 2509960, 1, 4096, 0
6935, 2929101, 1, 4096, 0
6935, 3198789, 1, 4096, 0
6935, 2210012, 1, 4096, 0
6936, 2165821, 1, 4096, 0
6936, 1547794, 1, 4096, 0
6938, 1693180, 1, 4096, 0
6938, 2260142, 1, 4096, 0
6938, 2323453, 1, 4096, 0
6938, 2850190, 1, 4096, 0
6938, 2239534, 1, 4096, 0
6938, 4357554, 1, 4096, 0
6939, 1119343, 1, 4096, 0
6939, 1468752, 1, 4096, 0
6939, 1284094, 1, 4096, 0
6940, 1295912, 1, 4096, 0
6940, 2234752, 1, 4096, 0
6940, 2478909, 1, 4096, 0
6941, 1418392, 1, 4096, 0
6941, 2007345, 1, 4096, 0
6941, 1660012, 1, 4096, 0
6941, 2017480, 1, 4096, 0
6942, 1848814, 1, 4096, 0
6942, 1707222, 1, 4096, 0
6943, 1704863, 1, 4096, 0
6943, 2842354, 1, 4096, 0
6943, 1854104, 1, 4096, 0
6944, 2166482, 1, 4096, 0
6944, 1664830, 1, 4096, 0
6944, 1642061, 1, 4096, 0
6944, 2425598, 1, 4096, 0
6944, 1339161, 1, 4096, 0
6945, 2310203, 1, 4096, 0
6946, 1551226, 1, 4096, 0
6946, 2269065, 1, 4096, 0
6946, 1694560, 1, 4096, 0
6946, 1991158, 1, 4096, 0
6947, 2754112, 1, 4096, 0
6947, 1552453, 1, 4096, 0
6948, 1938829, 1, 4096, 0
6948, 2582489, 1, 4096, 0
6949, 1502280, 1, 4096, 0
6949, 1529269, 1, 4096, 0
6950, 1208476, 1, 4096, 0
6950, 4296879, 1, 4096, 0
6951, 4647685, 1, 4096, 0
6951, 2954778, 1, 4096, 0
6951, 1325227, 1, 4096, 0
6951, 2087027, 1, 4096, 0
6953, 5210358, 1, 4096, 0
6953, 2194616, 1, 4096, 0
6953, 3192462, 1, 4096, 0
6953, 2686092, 1, 4096, 0
6954, 2437098, 1, 4096, 0
6954, 2952094, 1, 4096, 0
6954, 1733335, 1, 4096, 0
6955, 1997321, 1, 4096, 0
6955, 1786737, 1, 4096, 0
6955, 2008844, 1, 4096, 0
6956, 1530629, 1, 4096, 0
6956, 2212889, 1, 4096, 0
6956, 1810217, 1, 4096, 0
6957, 2726488, 1, 4096, 0
6958, 2356023, 1, 4096, 0
6958, 1383192, 1, 4096, 0
6958, 1826547, 1, 4096, 0
6958, 2701669, 1, 4096, 0
6958, 2446117, 1, 4096, 0
6959, 1889567, 1, 4096, 0
6960, 2056900, 1, 4096, 0
6960, 2194130, 1, 4096, 0
6960, 1729568, 1, 4096, 0
6960, 2233046, 1, 4096, 0
6961, 2165171, 1, 4096, 0
6962, 1803351, 1, 4096, 0
6962, 1808067, 1, 4096, 0
6962, 2029202, 1, 4096, 0
6962, 2059181, 1, 4096, 0
6962, 2682549, 1, 4096, 0
6962, 1773284, 1, 4096, 0
6963, 1427803, 1, 4096, 0
6963, 1736312, 1, 4096, 0
6964, 1138535, 1, 4096, 0
6965, 2772674, 1, 4096, 0
6965, 1907181, 1, 4096, 0
6965, 1771505, 1, 4096, 0
6965, 1602469, 1, 4096, 0
6965, 3783722, 1, 4096, 0
6966, 4073542, 1, 4096, 0
6966, 1732054, 1, 4096, 0
6967, 1403279, 1, 4096, 0
6967, 1583319, 1, 4096, 0
6967, 1488402, 1, 4096, 0
6967, 1301128, 1, 4096, 0
6968, 1717225, 1, 4096, 0
6968, 1666035, 1, 4096, 0
6969, 2140939, 1, 4096, 0
6969, 2725228, 1, 4096, 0
6969, 2728958, 1, 4096, 0
6970, 2961157, 1, 4096, 0
6970, 993774, 1, 4096, 0
6970, 2178355, 1, 4096, 0
6971, 1862869, 1, 4096, 0
6971, 1561864, 1, 4096, 0
6972, 3653825, 1, 4096, 0
6972, 1818749, 1, 4096, 0
6972, 1501378, 1, 4096, 0
6972, 2504216, 1, 4096, 0
6972, 2552624, 1, 4096, 0
6973, 1245947, 1, 4096, 0
6973, 2430121, 1, 4096, 0
6974, 2469606, 1, 4096, 0
6974, 1263471, 1, 4096, 0
6975, 2464343, 1, 4096, 0
6975, 2576437, 1, 4096, 0
6975, 2801122, 1, 4096, 0
6975, 1977142, 1, 4096, 0
6976, 1458026, 1, 4096, 0
6976, 1765680, 1, 4096, 0
6976, 1847577, 1, 4096, 0
6977, 2551755, 1, 4096, 0
6977, 1934869, 1, 4096, 0
6978, 2502865, 1, 4096, 0
6978, 1569796, 1, 4096, 0
6978, 2164969, 1, 4096, 0
6979, 2299657, 1, 4096, 0
6979, 1584173, 1, 4096, 0
6979, 1455684, 1, 4096, 0
6979, 1912314, 1, 4096, 0
6980, 1499430, 1, 4096, 0
6980, 2000480, 1, 4096, 0
6980, 2514254, 1, 4096, 0
6980, 1715309, 1, 4096, 0
6981, 1258561, 1, 4096, 0
6981, 1541594, 1, 4096, 0
6982, 2238844, 1, 4096, 0
6983, 2147285, 1, 4096, 0
6983, 1756070, 1, 4096, 0
6983, 2404236, 1, 4096, 0
6983, 2696161, 1, 4096, 0
6984, 3548340, 1, 4096, 0
6984, 1842925, 1, 4096, 0
6985, 2344607, 1, 4096, 0
6985, 2091115, 1, 4096, 0
6985, 2376360, 1, 4096, 0
6986, 1436152, 1, 4096, 0
6986, 3119468, 1, 4096, 0
6986, 1307548, 1, 4096, 0
6986, 1366613, 1, 4096, 0
6987, 2241049, 1, 4096, 0
6987, 1887510, 1, 4096, 0
6987, 1016504, 1, 4096, 0
6988, 1311952, 1, 4096, 0
6988, 1328104, 1, 4096, 0
6988, 1570504, 1, 4096, 0
6989, 2500294, 1, 4096, 0
6989, 3280634, 1, 4096, 0
6989, 2448886, 1, 4096, 0
6990, 2002697, 1, 4096, 0
6990, 1583874, 1, 4096, 0
6990, 1331166, 1, 4096, 0
6991, 2678353, 1, 4096, 0
6991, 2341913, 1, 4096, 0
6991, 1815437, 1, 4096, 0
6992, 2384610, 1, 4096, 0
6992, 1775326, 1, 4096, 0
6992, 2208645, 1, 4096, 0
6993, 1831896, 1, 4096, 0
6993, 1394302, 1, 4096, 0
6993, 2522361, 1, 4096, 0
6993, 2003409, 1, 4096, 0
6994, 2305123, 1, 4096, 0
6995, 2615098, 1, 4096, 0
6995, 1878079, 1, 4096, 0
6995, 1609596, 1, 4096, 0
6995, 1628433, 1, 4096, 0
6995, 2036727, 1, 4096, 0
6996, 2194431, 1, 4096, 0
6997, 1931051, 1, 4096, 0
6997, 2253433, 1, 4096, 0
6997, 1941396, 1, 4096, 0
6997, 2445315, 1, 4096, 0
6998, 2222020, 1, 4096, 0
6998, 1247267, 1, 4096, 0
6998, 1403633, 1, 4096, 0
6999, 1335119, 1, 4096, 0
7000, 3129004, 1, 4096, 0
7000, 2607500, 1, 4096, 0
7000, 2534923, 1, 4096, 0
7000, 2382472, 1, 4096, 0
7001, 2044445, 1, 4096, 0
7001, 1876514, 1, 4096, 0
7003, 3027270, 1, 4096, 0
7004, 5548224, 1, 4096, 0
7004, 4091880, 1, 4096, 0
7004, 3651077, 1, 4096, 0
7004, 3043760, 1, 4096, 0
7005, 3281263, 1, 4096, 0
7005, 1536420, 1, 4096, 0
7005, 2465113, 1, 4096, 0
7005, 1653721, 1, 4096, 0
7006, 2703474, 1, 4096, 0
7007, 1554852, 1, 4096, 0
7007, 2508419, 1, 4096, 0
7007, 2765479, 1, 4096, 0
7007, 2139597, 1, 4096, 0
7007, 2267105, 1, 4096, 0
7008, 1927332, 1, 4096, 0
7008, 1570121, 1, 4096, 0
7009, 1786155, 1, 4096, 0
7009, 2169429, 1, 4096, 0
7009, 2047642, 1, 4096, 0
7009, 2013042, 1, 4096, 0
7010, 1548497, 1, 4096, 0
7010, 2032636, 1, 4096, 0
7011, 1936873, 1, 4096, 0
7011, 1642596, 1, 4096, 0
7011, 1641006, 1, 4096, 0
7011, 1129648, 1, 4096, 0
7012, 2230979, 1, 4096, 0
7012, 1344753, 1, 4096, 0
7013, 2733196, 1, 4096, 0
7013, 2445536, 1, 4096, 0
7013, 2330089, 1, 4096, 0
7014, 1975035, 1, 4096, 0
7014, 3321583, 1, 4096, 0
7015, 1495293, 1, 4096, 0
7015, 1456587, 1, 4096, 0
7016, 2191817, 1, 4096, 0
7016, 1408203, 1, 4096, 0
7016, 4220467, 1, 4096, 0
7016, 1917280, 1, 4096, 0
7016, 2093922, 1, 4096, 0
7017, 1817883, 1, 4096, 0
7017, 1264303, 1, 4096, 0
7018, 1670508, 1, 4096, 0
7018, 1732075, 1, 4096, 0
7018, 1558132, 1, 4096, 0
7019, 1265760, 1, 4096, 0
7019, 2960916, 1, 4096, 0
7019, 2977873, 1, 4096, 0
7020, 3440963, 1, 4096, 0
7020, 2644737, 1, 4096, 0
7021, 2758944, 1, 4096, 0
7021, 1797222, 1, 4096, 0
7022, 1896705, 1, 4096, 0
7022, 3554088, 1, 4096, 0
7022, 2200583, 1, 4096, 0
7023, 1688646, 1, 4096, 0
7023, 3557916, 1, 4096, 0
7023, 1928005, 1, 4096, 0
7024, 1456771, 1, 4096, 0
7024, 1928815, 1, 4096, 0
7024, 1741079, 1, 4096, 0
7024, 1482680, 1, 4096, 0
7025, 1716394, 1, 4096, 0
7025, 1885148, 1, 4096, 0
7025, 1241094, 1, 4096, 0
7026, 1101035, 1, 4096, 0
7026, 1857150, 1, 4096, 0
7026, 1080865, 1, 4096, 0
7026, 2013616, 1, 4096, 0
7027, 1490904, 1, 4096, 0
7027, 2047080, 1, 4096, 0
7027, 1903164, 1, 4096, 0
7027, 1785344, 1, 4096, 0
7028, 2259856, 1, 4096, 0
7029, 2163274, 1, 4096, 0
7029, 2877277, 1, 4096, 0
7029, 1386071, 1, 4096, 0
7030, 2094124, 1, 4096, 0
7030, 2279527, 1, 4096, 0
7030, 1148198, 1, 4096, 0
7030, 2075070, 1, 4096, 0
7031, 1710559, 1, 4096, 0
7031, 2012850, 1, 4096, 0
7031, 1264422, 1, 4096, 0
7031, 1874956, 1, 4096, 0
7032, 1299153, 1, 4096, 0
7032, 2653759, 1, 4096, 0
7032, 1494649, 1, 4096, 0
7033, 1948272, 1, 4096, 0
7033, 1481923, 1, 4096, 0
7033, 1384409, 1, 4096, 0
7033, 1097961, 1, 4096, 0
7033, 1926137, 1, 4096, 0
7034, 983969, 1, 4096, 0
7034, 1607337, 1, 4096, 0
7034, 1863338, 1, 4096, 0
7035, 1492659, 1, 4096, 0
7035, 1305909, 1, 4096, 0
7035, 1477500, 1, 4096, 0
7035, 2150507, 1, 4096, 0
7036, 2994884, 1, 4096, 0
7037, 1780780, 1, 4096, 0
7037, 2145453, 1, 4096, 0
7037, 1393948, 1, 4096, 0
7037, 1908343, 1, 4096, 0
7037, 1568108, 1, 4096, 0
7039, 1995455, 1, 4096, 0
7039, 2353579, 1, 4096, 0
7039, 2195955, 1, 4096, 0
7039, 2071941, 1, 4096, 0
7039, 2380011, 1, 4096, 0
7039, 2758984, 1, 4096, 0
7040, 1498773, 1, 4096, 0
7041, 1989339, 1, 4096, 0
7042, 2323033, 1, 4096, 0
7042, 2880008, 1, 4096, 0
7042, 2883581, 1, 4096, 0
7043, 3755051, 1, 4096, 0
7043, 2508438, 1, 4096, 0
7043, 2716209, 1, 4096, 0
7043, 1510141, 1, 4096, 0
7044, 2644958, 1, 4096, 0
7044, 1515364, 1, 4096, 0
7045, 1311149, 1, 4096, 0
7045, 2940517, 1, 4096, 0
7045, 1129567, 1, 4096, 0
7045, 2114321, 1, 4096, 0
7046, 2529866, 1, 4096, 0
7046, 1828016, 1, 4096, 0
7047, 2435714, 1, 4096, 0
7047, 2247662, 1, 4096, 0
7047, 2034288, 1, 4096, 0
7047, 1705418, 1, 4096, 0
7048, 2674679, 1, 4096, 0
7048, 1930968, 1, 4096, 0
7049, 1736341, 1, 4096, 0
7049, 1785986, 1, 4096, 0
7050, 1564593, 1, 4096, 0
7050, 2994683, 1, 4096, 0
7050, 1555695, 1, 4096, 0
7050, 2793286, 1, 4096, 0
7050, 2364879, 1, 4096, 0
7051, 1778114, 1, 4096, 0
7051, 1373698, 1, 4096, 0
7052, 1867693, 1, 4096, 0
7052, 1468076, 1, 4096, 0
7052, 2274397, 1, 4096, 0
7052, 2374358, 1, 4096, 0
7052, 2149235, 1, 4096, 0
7053, 1562517, 1, 4096, 0
7054, 2105163, 1, 4096, 0
7054, 1991346, 1, 4096, 0
7054, 2120917, 1, 4096, 0
7055, 2144133, 1, 4096, 0
7055, 2239637, 1, 4096, 0
7055, 1975076, 1, 4096, 0
7057, 2252436, 1, 4096, 0
7057, 2514261, 1, 4096, 0
7057, 2846902, 1, 4096, 0
7057, 2935739, 1, 4096, 0
7058, 3312494, 1, 4096, 0
7059, 2059660, 1, 4096, 0
7059, 4077717, 1, 4096, 0
7059, 2261942, 1, 4096, 0
7059, 2488284, 1, 4096, 0
7060, 2896858, 1, 4096, 0
7061, 2551246, 1, 4096, 0
7061, 1861085, 1, 4096, 0
7062, 2528499, 1, 4096, 0
7062, 2700217, 1, 4096, 0
7062, 3021061, 1, 4096, 0
7062, 1429978, 1, 4096, 0
7063, 2772689, 1, 4096, 0
7063, 1947946, 1, 4096, 0
7064, 3396066, 1, 4096, 0
7064, 2276419, 1, 4096, 0
7064, 1855291, 1, 4096, 0
7065, 2145779, 1, 4096, 0
7066, 3186131, 1, 4096, 0
7067, 2316300, 1, 4096, 0
7067, 3369049, 1, 4096, 0
7067, 1577003, 1, 4096, 0
7067, 3748823, 1, 4096, 0
7067, 1784308, 1, 4096, 0
7067, 3413480, 1, 4096, 0
7069, 1944643, 1, 4096, 0
7069, 1697799, 1, 4096, 0
7069, 1797453, 1, 4096, 0
7069, 1939706, 1, 4096, 0
7069, 1891833, 1, 4096, 0
7070, 2514334, 1, 4096, 0
7070, 1233034, 1, 4096, 0
7071, 1648238, 1, 4096, 0
7071, 2078973, 1, 4096, 0
7071, 2866354, 1, 4096, 0
7072, 1590339, 1, 4096, 0
7072, 2897441, 1, 4096, 0
7072, 2428099, 1, 4096, 0
7074, 2834067, 1, 4096, 0
7074, 2523107, 1, 4096, 0
7074, 2090931, 1, 4096, 0
7074, 2452716, 1, 4096, 0
7075, 2500205, 1, 4096, 0
7075, 1622916, 1, 4096, 0
7075, 1590541, 1, 4096, 0
7075, 3454399, 1, 4096, 0
7076, 1653847, 1, 4096, 0
7077, 1387801, 1, 4096, 0
7077, 1710254, 1, 4096, 0
7077, 1369327, 1, 4096, 0
7077, 3255164, 1, 4096, 0
7077, 1929154, 1, 4096, 0
7078, 1003308, 1, 4096, 0
7078, 1599966, 1, 4096, 0
7079, 1116879, 1, 4096, 0
7084, 7075331, 1, 4096, 0
7084, 7082755, 1, 4096, 0
7084, 7102559, 1, 4096, 0
7084, 6808151, 1, 4096, 0
7085, 7035148, 1, 4096, 0
7085, 6252253, 1, 4096, 0
7085, 1387344, 1, 4096, 0
7085, 1574578, 1, 4096, 0
7086, 1737345, 1, 4096, 0
7086, 1996279, 1, 4096, 0
7087, 2069266, 1, 4096, 0
7087, 1941684, 1, 4096, 0
7087, 2060180, 1, 4096, 0
7087, 1754261, 1, 4096, 0
7087, 1944259, 1, 4096, 0
7088, 2304021, 1, 4096, 0
7088, 1603733, 1, 4096, 0
7089, 1428625, 1, 4096, 0
7089, 1953786, 1, 4096, 0
7090, 1597068, 1, 4096, 0
7090, 2210420, 1, 4096, 0
7090, 2315167, 1, 4096, 0
7090, 1680354, 1, 4096, 0
7091, 1315004, 1, 4096, 0
7091, 1748801, 1, 4096, 0
7091, 3034516, 1, 4096, 0
7091, 2374561, 1, 4096, 0
7092, 1998978, 1, 4096, 0
7092, 1894787, 1, 4096, 0
7093, 2007305, 1, 4096, 0
7093, 1810167, 1, 4096, 0
7094, 2282510, 1, 4096, 0
7094, 2850328, 1, 4096, 0
7094, 2946135, 1, 4096, 0
7095, 2830126, 1, 4096, 0
7095, 1989861, 1, 4096, 0
7096, 2275295, 1, 4096, 0
7096, 2576344, 1, 4096, 0
7096, 2941442, 1, 4096, 0
7097, 1620415, 1, 4096, 0
7097, 2654651, 1, 4096, 0
7098, 2219727, 1, 4096, 0
7098, 1368698, 1, 4096, 0
7098, 1540931, 1, 4096, 0
7098, 1918773, 1, 4096, 0
7099, 1994433, 1, 4096, 0
7100, 2187563, 1, 4096, 0
7100, 1850737, 1, 4096, 0
7100, 1188134, 1, 4096, 0
7100, 3531663, 1, 4096, 0
7100, 2986964, 1, 4096, 0
7101, 1410652, 1, 4096, 0
7101, 1318853, 1, 4096, 0
7101, 1017609, 1, 4096, 0
7102, 1892822, 1, 4096, 0
7102, 1264529, 1, 4096, 0
7102, 4011094, 1, 4096, 0
7103, 1437134, 1, 4096, 0
7103, 2136004, 1, 4096, 0
7103, 2135860, 1, 4096, 0
7104, 2460097, 1, 4096, 0
7105, 3070067, 1, 4096, 0
7105, 2942091, 1, 4096, 0
7105, 1685389, 1, 4096, 0
7106, 2015742, 1, 4096, 0
7106, 1458822, 1, 4096, 0
7106, 2219366, 1, 4096, 0
7106, 992427, 1, 4096, 0
7106, 1561746, 1, 4096, 0
7107, 1016889, 1, 4096, 0
7107, 2380957, 1, 4096, 0
7107, 1546599, 1, 4096, 0
7108, 2363085, 1, 4096, 0
7108, 2032214, 1, 4096, 0
7108, 2281868, 1, 4096, 0
7108, 1628882, 1, 4096, 0
7110, 1499983, 1, 4096, 0
7110, 1245622, 1, 4096, 0
7110, 1472689, 1, 4096, 0
7110, 1635554, 1, 4096, 0
7110, 3402210, 1, 4096, 0
7111, 3734006, 1, 4096, 0
7111, 1244686, 1, 4096, 0
7111, 1373121, 1, 4096, 0
7111, 1577947, 1, 4096, 0
7112, 1851995, 1, 4096, 0
7112, 1331104, 1, 4096, 0
7112, 1236365, 1, 4096, 0
7113, 1822755, 1, 4096, 0
7113, 1735019, 1, 4096, 0
7113, 1773512, 1, 4096, 0
7114, 2220607, 1, 4096, 0
7114, 2005737, 1, 4096, 0
7114, 1973173, 1, 4096, 0
7115, 2355909, 1, 4096, 0
7115, 2417234, 1, 4096, 0
7115, 1818847, 1, 4096, 0
7116, 1669988, 1, 4096, 0
7116, 2405275, 1, 4096, 0
7116, 2414912, 1, 4096, 0
7116, 1348510, 1, 4096, 0
7117, 1703471, 1, 4096, 0
7117, 2096346, 1, 4096, 0
7118, 1446760, 1, 4096, 0
7118, 1887648, 1, 4096, 0
7118, 2634944, 1, 4096, 0
7119, 3061758, 1, 4096, 0
7119, 2178468, 1, 4096, 0
7119, 1179288, 1, 4096, 0
7119, 1300382, 1, 4096, 0
7120, 2226832, 1, 4096, 0
7120, 1339246, 1, 4096, 0
7121, 1878979, 1, 4096, 0
7121, 1822988, 1, 4096, 0
7121, 2192628, 1, 4096, 0
7121, 2667548, 1, 4096, 0
7122, 2499988, 1, 4096, 0
7122, 2102452, 1, 4096, 0
7123, 1536264, 1, 4096, 0
7123, 1622737, 1, 4096, 0
7123, 1815668, 1, 4096, 0
7124, 2454574, 1, 4096, 0
7124, 2198474, 1, 4096, 0
7124, 1833798, 1, 4096, 0
7125, 1781875, 1, 4096, 0
7125, 2128059, 1, 4096, 0
7126, 2231527, 1, 4096, 0
7126, 1703543, 1, 4096, 0
7127, 2273665, 1, 4096, 0
7127, 2390496, 1, 4096, 0
7127, 5141325, 1, 4096, 0
7127, 1193786, 1, 4096, 0
7127, 2687553, 1, 4096, 0
7128, 2409816, 1, 4096, 0
7129, 1390614, 1, 4096, 0
7129, 2159182, 1, 4096, 0
7129, 2147904, 1, 4096, 0
7130, 2200571, 1, 4096, 0
7130, 2714720, 1, 4096, 0
7130, 1371939, 1, 4096, 0
7131, 2317594, 1, 4096, 0
7131, 1957443, 1, 4096, 0
7131, 1376632, 1, 4096, 0
7132, 1753746, 1, 4096, 0
7132, 2548865, 1, 4096, 0
7132, 2175519, 1, 4096, 0
7132, 1686967, 1, 4096, 0
7133, 1997538, 1, 4096, 0
7133, 1178551, 1, 4096, 0
7133, 1181870, 1, 4096, 0
7134, 1041063, 1, 4096, 0
7134, 1437876, 1, 4096, 0
7134, 3029534, 1, 4096, 0
7134, 1702663, 1, 4096, 0
7135, 1920813, 1, 4096, 0
7135, 1522097, 1, 4096, 0
7135, 1723446, 1, 4096, 0
7135, 1432675, 1, 4096, 0
7135, 2232137, 1, 4096, 0
7137, 1676738, 1, 4096, 0
7137, 2920819, 1, 4096, 0
7137, 2143328, 1, 4096, 0
7137, 1912931, 1, 4096, 0
7138, 2154700, 1, 4096, 0
7138, 2274585, 1, 4096, 0
7139, 1571225, 1, 4096, 0
7139, 1512054, 1, 4096, 0
7139, 2054754, 1, 4096, 0
7139, 1466440, 1, 4096, 0
7140, 3389799, 1, 4096, 0
7140, 2678986, 1, 4096, 0
7141, 2425043, 1, 4096, 0
7141, 2159840, 1, 4096, 0
7142, 2706385, 1, 4096, 0
7142, 1556631, 1, 4096, 0
7142, 2922697, 1, 4096, 0
7143, 2609945, 1, 4096, 0
7143, 1775413, 1, 4096, 0
7143, 1514624, 1, 4096, 0
7144, 1870923, 1, 4096, 0
7144, 2229914, 1, 4096, 0
7144, 2765730, 1, 4096, 0
7144, 1262587, 1, 4096, 0
7145, 1349104, 1, 4096, 0
7145, 2148706, 1, 4096, 0
7146, 2258141, 1, 4096, 0
7146, 1924996, 1, 4096, 0
7146, 2353324, 1, 4096, 0
7146, 2290830, 1, 4096, 0
7147, 1509633, 1, 4096, 0
7147, 1818270, 1, 4096, 0
7148, 1796634, 1, 4096, 0
7148, 2087467, 1, 4096, 0
7148, 1900583, 1, 4096, 0
7148, 1614111, 1, 4096, 0
7148, 2001110, 1, 4096, 0
7149, 1937043, 1, 4096, 0
7150, 3018393, 1, 4096, 0
7150, 2193136, 1, 4096, 0
7150, 1728907, 1, 4096, 0
7150, 1980885, 1, 4096, 0
7150, 1971246, 1, 4096, 0
7151, 1195652, 1, 4096, 0
7151, 1986530, 1, 4096, 0
7152, 1740564, 1, 4096, 0
7152, 2124210, 1, 4096, 0
7153, 2928727, 1, 4096, 0
7153, 2575010, 1, 4096, 0
7153, 1465490, 1, 4096, 0
7154, 2483335, 1, 4096, 0
7154, 1831885, 1, 4096, 0
7154, 1618915, 1, 4096, 0
7155, 2448238, 1, 4096, 0
7155, 2191684, 1, 4096, 0
7155, 1517162, 1, 4096, 0
7155, 2278893, 1, 4096, 0
7156, 2079120, 1, 4096, 0
7157, 1663795, 1, 4096, 0
7158, 3731564, 1, 4096, 0
7158, 1536837, 1, 4096, 0
7158, 2890380, 1, 4096, 0
7158, 3414275, 1, 4096, 0
7158, 3259275, 1, 4096, 0
7159, 2536682, 1, 4096, 0
7160, 1774399, 1, 4096, 0
7160, 1983895, 1, 4096, 0
7160, 2387069, 1, 4096, 0
7161, 2088913, 1, 4096, 0
7161, 2686587, 1, 4096, 0
7161, 1737565, 1, 4096, 0
7162, 2011922, 1, 4096, 0
7162, 1878387, 1, 4096, 0
7162, 2276733, 1, 4096, 0
7163, 1843654, 1, 4096, 0
7163, 2256837, 1, 4096, 0
7163, 1961763, 1, 4096, 0
7164, 2196481, 1, 4096, 0
7165, 2740710, 1, 4096, 0
7165, 1670168, 1, 4096, 0
7165, 2527574, 1, 4096, 0
7165, 3050920, 1, 4096, 0
7165, 2515266, 1, 4096, 0
7166, 1386422, 1, 4096, 0
7166, 1174229, 1, 4096, 0
7166, 2202133, 1, 4096, 0
7167, 1692124, 1, 4096, 0
7167, 1950234, 1, 4096, 0
7168, 3179670, 1, 4096, 0
7168, 1852249, 1, 4096, 0
7168, 1806963, 1, 4096, 0
7169, 1945500, 1, 4096, 0
7170, 3148330, 1, 4096, 0
7170, 2323237, 1, 4096, 0
7170, 2132673, 1, 4096, 0
7170, 1895101, 1, 4096, 0
7170, 2422125, 1, 4096, 0
7171, 1518831, 1, 4096, 0
7171, 1437819, 1, 4096, 0
7172, 1354872, 1, 4096, 0
7172, 2203886, 1, 4096, 0
7172, 2635573, 1, 4096, 0
7172, 2331485, 1, 4096, 0
7173, 1052257, 1, 4096, 0
7173, 2801905, 1, 4096, 0
7174, 2439580, 1, 4096, 0
7174, 1354465, 1, 4096, 0
7174, 1624049, 1, 4096, 0
7174, 1362066, 1, 4096, 0
7175, 2313288, 1, 4096, 0
7175, 1632984, 1, 4096, 0
7175, 1639239, 1, 4096, 0
7176, 1632087, 1, 4096, 0
7176, 2481354, 1, 4096, 0
7176, 1380960, 1, 4096, 0
7176, 1045295, 1, 4096, 0
7176, 2668541, 1, 4096, 0
7177, 1512786, 1, 4096, 0
7178, 1892497, 1, 4096, 0
7178, 1627697, 1, 4096, 0
7179, 2123988, 1, 4096, 0
7179, 2874082, 1, 4096, 0
7179, 3375738, 1, 4096, 0
7179, 2541239, 1, 4096, 0
7180, 2032622, 1, 4096, 0
7180, 2717864, 1, 4096, 0
7181, 1723971, 1, 4096, 0
7181, 2478844, 1, 4096, 0
7181, 1889456, 1, 4096, 0
7182, 2349926, 1, 4096, 0
7182, 1851008, 1, 4096, 0
7182, 1724824, 1, 4096, 0
7183, 1584736, 1, 4096, 0
7183, 2259364, 1, 4096, 0
7184, 2468389, 1, 4096, 0
7184, 1960212, 1, 4096, 0
7184, 2486462, 1, 4096, 0
7185, 2037191, 1, 4096, 0
7185, 2306242, 1, 4096, 0
7185, 2188973, 1, 4096, 0
7185, 1223512, 1, 4096, 0
7186, 1956833, 1, 4096, 0
7186, 1851317, 1, 4096, 0
7187, 1435274, 1, 4096, 0
7187, 2866359, 1, 4096, 0
7188, 3079773, 1, 4096, 0
7189, 5118609, 1, 4096, 0
7189, 3812008, 1, 4096, 0
7189, 2723376, 1, 4096, 0
7190, 2196857, 1, 4096, 0
7190, 2302425, 1, 4096, 0
7190, 1951833, 1, 4096, 0
7190, 1368382, 1, 4096, 0
7191, 1693568, 1, 4096, 0
7191, 2447379, 1, 4096, 0
7191, 1366487, 1, 4096, 0
7191, 1645746, 1, 4096, 0
7192, 1449271, 1, 4096, 0
7193, 2842564, 1, 4096, 0
7193, 1979308, 1, 4096, 0
7194, 2140133, 1, 4096, 0
7194, 2312746, 1, 4096, 0
7194, 2433522, 1, 4096, 0
7194, 1234320, 1, 4096, 0
7194, 3230393, 1, 4096, 0
7195, 1483138, 1, 4096, 0
7195, 1622399, 1, 4096, 0
7195, 1686297, 1, 4096, 0
7196, 1927217, 1, 4096, 0
7196, 1558518, 1, 4096, 0
7196, 2075398, 1, 4096, 0
7197, 2504075, 1, 4096, 0
7197, 1697797, 1, 4096, 0
7197, 2188947, 1, 4096, 0
7198, 1950573, 1, 4096, 0
7198, 1922262, 1, 4096, 0
7199, 3283789, 1, 4096, 0
7199, 1681517, 1, 4096, 0
7200, 2805026, 1, 4096, 0
7200, 1629797, 1, 4096, 0
7200, 2654174, 1, 4096, 0
7200, 3004537, 1, 4096, 0
7200, 2738690, 1, 4096, 0
7201, 1792843, 1, 4096, 0
7202, 1435214, 1, 4096, 0
7202, 1956230, 1, 4096, 0
7202, 1871458, 1, 4096, 0
7202, 2148220, 1, 4096, 0
7203, 1920113, 1, 4096, 0
7203, 2443843, 1, 4096, 0
7204, 1800432, 1, 4096, 0
7204, 1606865, 1, 4096, 0
7204, 1235901, 1, 4096, 0
7204, 1980506, 1, 4096, 0
7205, 2272972, 1, 4096, 0
7205, 2564650, 1, 4096, 0
7205, 1806512, 1, 4096, 0
7206, 1783468, 1, 4096, 0
7206, 2228412, 1, 4096, 0
7206, 2155475, 1, 4096, 0
7207, 1733004, 1, 4096, 0
7208, 1919129, 1, 4096, 0
7208, 2023317, 1, 4096, 0
7208, 1768409, 1, 4096, 0
7208, 3450221, 1, 4096, 0
7209, 3712429, 1, 4096, 0
7209, 899243, 1, 4096, 0
7210, 3474982, 1, 4096, 0
7210, 1512603, 1, 4096, 0
7210, 1463646, 1, 4096, 0
7210, 2263600, 1, 4096, 0
7211, 1653372, 1, 4096, 0
7211, 1473612, 1, 4096, 0
7212, 2793894, 1, 4096, 0
7212, 2573310, 1, 4096, 0
7212, 1151167, 1, 4096, 0
7212, 3213719, 1, 4096, 0
7213, 3092403, 1, 4096, 0
7214, 1694687, 1, 4096, 0
7214, 1898305, 1, 4096, 0
7214, 2779966, 1, 4096, 0
7215, 2665520, 1, 4096, 0
7215, 1281365, 1, 4096, 0
7215, 1677181, 1, 4096, 0
7215, 2861955, 1, 4096, 0
7216, 1348948, 1, 4096, 0
7217, 1607510, 1, 4096, 0
7217, 1555177, 1, 4096, 0
7217, 2953215, 1, 4096, 0
7217, 1719855, 1, 4096, 0
7217, 2028164, 1, 4096, 0
7218, 2070178, 1, 4096, 0
7218, 1185488, 1, 4096, 0
7218, 1673075, 1, 4096, 0
7218, 1659336, 1, 4096, 0
7220, 2970453, 1, 4096, 0
7220, 1807898, 1, 4096, 0
7220, 2688315, 1, 4096, 0
7220, 2241801, 1, 4096, 0
7220, 1839176, 1, 4096, 0
7221, 1584693, 1, 4096, 0
7221, 1580144, 1, 4096, 0
7222, 1852646, 1, 4096, 0
7222, 3912584, 1, 4096, 0
7223, 1281648, 1, 4096, 0
7223, 3354949, 1, 4096, 0
7224, 3225062, 1, 4096, 0
7224, 2570735, 1, 4096, 0
7224, 2079482, 1, 4096, 0
7225, 1345834, 1, 4096, 0
7225, 1643226, 1, 4096, 0
7226, 1478087, 1, 4096, 0
7226, 4254565, 1, 4096, 0
7226, 2142636, 1, 4096, 0
7226, 1300380, 1, 4096, 0
7226, 1653190, 1, 4096, 0
7226, 1876576, 1, 4096, 0
7227, 1104241, 1, 4096, 0
7227, 1819719, 1, 4096, 0
7228, 1197697, 1, 4096, 0
7228, 2000371, 1, 4096, 0
7228, 1777030, 1, 4096, 0
7228, 2446119, 1, 4096, 0
7229, 1716767, 1, 4096, 0
7229, 1778423, 1, 4096, 0
7230, 1887246, 1, 4096, 0
7230, 1618919, 1, 4096, 0
7231, 2608302, 1, 4096, 0
7231, 3086599, 1, 4096, 0
7231, 3502429, 1, 4096, 0
7231, 1938893, 1, 4096, 0
7232, 1514040, 1, 4096, 0
7232, 1672704, 1, 4096, 0
7233, 2386934, 1, 4096, 0
7234, 1999700, 1, 4096, 0
7234, 2962517, 1, 4096, 0
7234, 3153842, 1, 4096, 0
7234, 2619601, 1, 4096, 0
7234, 2875343, 1, 4096, 0
7234, 1246518, 1, 4096, 0
7236, 1849566, 1, 4096, 0
7236, 2118343, 1, 4096, 0
7236, 2270174, 1, 4096, 0
7236, 1909852, 1, 4096, 0
7237, 2482101, 1, 4096, 0
7238, 3269563, 1, 4096, 0
7238, 1789393, 1, 4096, 0
7238, 1919524, 1, 4096, 0
7238, 2153283, 1, 4096, 0
7239, 1953805, 1, 4096, 0
7239, 1666517, 1, 4096, 0
7239, 1759811, 1, 4096, 0
7239, 3187554, 1, 4096, 0
7240, 2487500, 1, 4096, 0
7241, 2297298, 1, 4096, 0
7241, 1521003, 1, 4096, 0
7241, 2169370, 1, 4096, 0
7241, 1625869, 1, 4096, 0
7241, 1752265, 1, 4096, 0
7242, 1797702, 1, 4096, 0
7243, 2158103, 1, 4096, 0
7243, 1851623, 1, 4096, 0
7243, 2157423, 1, 4096, 0
7243, 1902561, 1, 4096, 0
7244, 1691473, 1, 4096, 0
7244, 2729529, 1, 4096, 0
7244, 1292091, 1, 4096, 0
7245, 1771148, 1, 4096, 0
7245, 1294692, 1, 4096, 0
7245, 1448157, 1, 4096, 0
7246, 2833715, 1, 4096, 0
7246, 2936957, 1, 4096, 0
7247, 3174003, 1, 4096, 0
7247, 2480584, 1, 4096, 0
7247, 2030760, 1, 4096, 0
7247, 2262821, 1, 4096, 0
7248, 1617469, 1, 4096, 0
7248, 2073315, 1, 4096, 0
7249, 1778638, 1, 4096, 0
7249, 2122734, 1, 4096, 0
7250, 1944085, 1, 4096, 0
7250, 2454524, 1, 4096, 0
7250, 2307983, 1, 4096, 0
7250, 1369799, 1, 4096, 0
7251, 3337416, 1, 4096, 0
7251, 1413765, 1, 4096, 0
7251, 2023528, 1, 4096, 0
7252, 1081385, 1, 4096, 0
7252, 1455191, 1, 4096, 0
7252, 2730412, 1, 4096, 0
7253, 1732326, 1, 4096, 0
7254, 2080177, 1, 4096, 0
7254, 2108684, 1, 4096, 0
7254, 3006032, 1, 4096, 0
7254, 4464426, 1, 4096, 0
7255, 2315287, 1, 4096, 0
7255, 2255357, 1, 4096, 0
7255, 1279484, 1, 4096, 0
7256, 2052820, 1, 4096, 0
7256, 1701968, 1, 4096, 0
7256, 1685879, 1, 4096, 0
7258, 2705582, 1, 4096, 0
7258, 1827487, 1, 4096, 0
7258, 1948072, 1, 4096, 0
7259, 4023226, 1, 4096, 0
7259, 2904492, 1, 4096, 0
7259, 1240085, 1, 4096, 0
7259, 4103332, 1, 4096, 0
7260, 2049216, 1, 4096, 0
7260, 2087687, 1, 4096, 0
7260, 1175787, 1, 4096, 0
7261, 1801877, 1, 4096, 0
7261, 1706824, 1, 4096, 0
7262, 1472773, 1, 4096, 0
7262, 2717823, 1, 4096, 0
7262, 1860188, 1, 4096, 0
7263, 1985455, 1, 4096, 0
7263, 2151482, 1, 4096, 0
7263, 2870244, 1, 4096, 0
7263, 1531523, 1, 4096, 0
7264, 2189159, 1, 4096, 0
7264, 1609332, 1, 4096, 0
7265, 2179916, 1, 4096, 0
7265, 3188697, 1, 4096, 0
7265, 1087896, 1, 4096, 0
7265, 1672761, 1, 4096, 0
7266, 1131342, 1, 4096, 0
7266, 2666782, 1, 4096, 0
7267, 1711849, 1, 4096, 0
7267, 2091172, 1, 4096, 0
7267, 1865706, 1, 4096, 0
7267, 1812264, 1, 4096, 0
7268, 1286164, 1, 4096, 0
7268, 2773419, 1, 4096, 0
7269, 4150807, 1, 4096, 0
7269, 2136340, 1, 4096, 0
7269, 2056784, 1, 4096, 0
7269, 2133257, 1, 4096, 0
7270, 1677295, 1, 4096, 0
7271, 1669833, 1, 4096, 0
7271, 1522423, 1, 4096, 0
7271, 2617500, 1, 4096, 0
7272, 2598276, 1, 4096, 0
7272, 2527845, 1, 4096, 0
7273, 2968825, 1, 4096, 0
7273, 2230944, 1, 4096, 0
7273, 2400722, 1, 4096, 0
7273, 1948302, 1, 4096, 0
7273, 1442908, 1, 4096, 0
7273, 1099434, 1, 4096, 0
7275, 1935505, 1, 4096, 0
7275, 2127125, 1, 4096, 0
7275, 2390214, 1, 4096, 0
7275, 2347800, 1, 4096, 0
7276, 2613636, 1, 4096, 0
7276, 2776087, 1, 4096, 0
7277, 2024586, 1, 4096, 0
7277, 1754945, 1, 4096, 0
7277, 1667160, 1, 4096, 0
7277, 2291285, 1, 4096, 0
7277, 2391890, 1, 4096, 0
7278, 2304609, 1, 4096, 0
7279, 2054766, 1, 4096, 0
7279, 1358427, 1, 4096, 0
7279, 1680384, 1, 4096, 0
7279, 1719796, 1, 4096, 0
7279, 2015321, 1, 4096, 0
7280, 1424090, 1, 4096, 0
7280, 1620644, 1, 4096, 0
7282, 2512740, 1, 4096, 0
7282, 3953424, 1, 4096, 0
7282, 2845567, 1, 4096, 0
7282, 2858673, 1, 4096, 0
7282, 1828904, 1, 4096, 0
7283, 2233189, 1, 4096, 0
7283, 1597367, 1, 4096, 0
7284, 1816704, 1, 4096, 0
7284, 1796842, 1, 4096, 0
7284, 1948840, 1, 4096, 0
7284, 2429259, 1, 4096, 0
7285, 2215884, 1, 4096, 0
7285, 2057463, 1, 4096, 0
7286, 1940379, 1, 4096, 0
7286, 2115106, 1, 4096, 0
7286, 2251954, 1, 4096, 0
7286, 1375364, 1, 4096, 0
7287, 1586183, 1, 4096, 0
7288, 1466093, 1, 4096, 0
7288, 3404226, 1, 4096, 0
7288, 2249495, 1, 4096, 0
7288, 1773255, 1, 4096, 0
7289, 1647609, 1, 4096, 0
7289, 3298446, 1, 4096, 0
7290, 1926630, 1, 4096, 0
7290, 1834728, 1, 4096, 0
7290, 1878792, 1, 4096, 0
7290, 2052231, 1, 4096, 0
7291, 2238873, 1, 4096, 0
7291, 1466249, 1, 4096, 0
7291, 1321292, 1, 4096, 0
7292, 1827649, 1, 4096, 0
7292, 1959867, 1, 4096, 0
7292, 2019661, 1, 4096, 0
7292, 1660002, 1, 4096, 0
7292, 1665725, 1, 4096, 0
7293, 1706055, 1, 4096, 0
7294, 1703358, 1, 4096, 0
7294, 2718173, 1, 4096, 0
7294, 1889899, 1, 4096, 0
7294, 2641947, 1, 4096, 0
7295, 1243069, 1, 4096, 0
7295, 1764975, 1, 4096, 0
7296, 2409578, 1, 4096, 0
7296, 1774681, 1, 4096, 0
7296, 1244961, 1, 4096, 0
7296, 1912570, 1, 4096, 0
7297, 949007, 1, 4096, 0
7297, 1723817, 1, 4096, 0
7297, 1212528, 1, 4096, 0
7298, 1374839, 1, 4096, 0
7299, 1365561, 1, 4096, 0
7299, 1082091, 1, 4096, 0
7300, 1050970, 1, 4096, 0
7300, 1238955, 1, 4096, 0
7301, 8221760, 1, 4096, 0
7301, 1055329, 1, 4096, 0
7302, 5075884, 1, 4096, 0
7302, 4737023, 1, 4096, 0
7303, 6719850, 1, 4096, 0
7303, 2033983, 1, 4096, 0
7303, 2640692, 1, 4096, 0
7303, 3530730, 1, 4096, 0
7304, 1544701, 1, 4096, 0
7304, 1608410, 1, 4096, 0
7304, 1517390, 1, 4096, 0
7305, 1743393, 1, 4096, 0
7305, 2447445, 1, 4096, 0
7306, 1846074, 1, 4096, 0
7306, 2674382, 1, 4096, 0
7307, 2476027, 1, 4096, 0
7307, 2777985, 1, 4096, 0
7307, 1402207, 1, 4096, 0
7307, 2366645, 1, 4096, 0
7307, 2312823, 1, 4096, 0
7308, 2129827, 1, 4096, 0
7309, 1555939, 1, 4096, 0
7309, 1350098, 1, 4096, 0
7309, 2319918, 1, 4096, 0
7309, 1798979, 1, 4096, 0
7310, 3430925, 1, 4096, 0
7310, 2054978, 1, 4096, 0
7310, 1799282, 1, 4096, 0
7310, 1483003, 1, 4096, 0
7311, 1791503, 1, 4096, 0
7311, 1656920, 1, 4096, 0
7312, 1637410, 1, 4096, 0
7312, 1858382, 1, 4096, 0
7312, 1507003, 1, 4096, 0
7312, 1558466, 1, 4096, 0
7312, 1949272, 1, 4096, 0
7313, 1820200, 1, 4096, 0
7314, 1727260, 1, 4096, 0
7315, 2202066, 1, 4096, 0
7315, 1893404, 1, 4096, 0
7315, 2897070, 1, 4096, 0
7315, 1099759, 1, 4096, 0
7315, 3189793, 1, 4096, 0
7316, 3701282, 1, 4096, 0
7316, 1482702, 1, 4096, 0
7317, 1993612, 1, 4096, 0
7317, 1889418, 1, 4096, 0
7317, 1753966, 1, 4096, 0
7317, 2394625, 1, 4096, 0
7318, 1851344, 1, 4096, 0
7318, 1699446, 1, 4096, 0
7318, 1397795, 1, 4096, 0
7318, 1694277, 1, 4096, 0
7319, 1550635, 1, 4096, 0
7319, 1954014, 1, 4096, 0
7319, 1331451, 1, 4096, 0
7319, 1113187, 1, 4096, 0
7320, 1817891, 1, 4096, 0
7320, 1176017, 1, 4096, 0
7321, 2435145, 1, 4096, 0
7321, 2017598, 1, 4096, 0
7321, 1378689, 1, 4096, 0
7322, 3821988, 1, 4096, 0
7322, 2100071, 1, 4096, 0
7322, 3396302, 1, 4096, 0
7323, 1252288, 1, 4096, 0
7324, 1962266, 1, 4096, 0
7324, 2150745, 1, 4096, 0
7324, 2417875, 1, 4096, 0
7324, 1965968, 1, 4096, 0
7324, 2430140, 1, 4096, 0
7324, 1788746, 1, 4096, 0
7326, 2213838, 1, 4096, 0
7326, 2538844, 1, 4096, 0
7326, 1960024, 1, 4096, 0
7326, 2183401, 1, 4096, 0
7327, 2933990, 1, 4096, 0
7327, 2316523, 1, 4096, 0
7327, 1581265, 1, 4096, 0
7328, 1982740, 1, 4096, 0
7328, 1603068, 1, 4096, 0
7328, 1602921, 1, 4096, 0
7329, 1414919, 1, 4096, 0
7329, 2460609, 1, 4096, 0
7329, 2743791, 1, 4096, 0
7330, 1672965, 1, 4096, 0
7330, 1988042, 1, 4096, 0
7330, 1097171, 1, 4096, 0
7330, 1967214, 1, 4096, 0
7331, 2131462, 1, 4096, 0
7331, 2092154, 1, 4096, 0
7332, 1440561, 1, 4096, 0
7332, 1862215, 1, 4096, 0
7332, 1902490, 1, 4096, 0
7332, 2231887, 1, 4096, 0
7333, 2420058, 1, 4096, 0
7334, 2973303, 1, 4096, 0
7334, 2117675, 1, 4096, 0
7334, 1939800, 1, 4096, 0
7335, 2666166, 1, 4096, 0
7335, 2025906, 1, 4096, 0
7336, 3437609, 1, 4096, 0
7336, 2540361, 1, 4096, 0
7337, 2722859, 1, 4096, 0
7337, 1955074, 1, 4096, 0
7337, 2777894, 1, 4096, 0
7338, 1762510, 1, 4096, 0
7338, 2437313, 1, 4096, 0
7338, 1266358, 1, 4096, 0
7338, 1395074, 1, 4096, 0
7339, 1141886, 1, 4096, 0
7339, 2420032, 1, 4096, 0
7339, 1408232, 1, 4096, 0
7340, 2180306, 1, 4096, 0
7340, 2042354, 1, 4096, 0
7340, 3396271, 1, 4096, 0
7340, 1258057, 1, 4096, 0
7341, 2117783, 1, 4096, 0
7341, 1415814, 1, 4096, 0
7341, 2166531, 1, 4096, 0
7342, 1735115, 1, 4096, 0
7342, 2315045, 1, 4096, 0
7342, 1178126, 1, 4096, 0
7343, 1358250, 1, 4096, 0
7343, 1542695, 1, 4096, 0
7343, 1916144, 1, 4096, 0
7343, 2813723, 1, 4096, 0
7343, 1153820, 1, 4096, 0
7345, 1251739, 1, 4096, 0
7345, 2486202, 1, 4096, 0
7345, 1933857, 1, 4096, 0
7345, 1778164, 1, 4096, 0
7346, 2418185, 1, 4096, 0
7346, 2935488, 1, 4096, 0
7346, 1388905, 1, 4096, 0
7347, 1417651, 1, 4096, 0
7347, 2469155, 1, 4096, 0
7347, 2611938, 1, 4096, 0
7347, 2777028, 1, 4096, 0
7348, 1693094, 1, 4096, 0
7348, 1579108, 1, 4096, 0
7349, 2347009, 1, 4096, 0
7349, 2029877, 1, 4096, 0
7350, 1616304, 1, 4096, 0
7350, 2223766, 1, 4096, 0
7350, 2356581, 1, 4096, 0
7350, 2444180, 1, 4096, 0
7351, 1870309, 1, 4096, 0
7351, 1521499, 1, 4096, 0
7351, 1870533, 1, 4096, 0
7351, 2047384, 1, 4096, 0
7352, 1918803, 1, 4096, 0
7352, 1711910, 1, 4096, 0
7353, 1126491, 1, 4096, 0
7353, 1451555, 1, 4096, 0
7353, 1551630, 1, 4096, 0
7354, 2185777, 1, 4096, 0
7354, 1865636, 1, 4096, 0
7354, 2083421, 1, 4096, 0
7355, 2016624, 1, 4096, 0
7355, 1983129, 1, 4096, 0
7355, 2824001, 1, 4096, 0
7356, 2053398, 1, 4096, 0
7356, 2343389, 1, 4096, 0
7356, 1555309, 1, 4096, 0
7356, 2899748, 1, 4096, 0
7357, 1654341, 1, 4096, 0
7357, 1465717, 1, 4096, 0
7358, 1787957, 1, 4096, 0
7358, 1745533, 1, 4096, 0
7358, 2828102, 1, 4096, 0
7358, 1452916, 1, 4096, 0
7358, 1268992, 1, 4096, 0
7359, 2232803, 1, 4096, 0
7360, 2121690, 1, 4096, 0
7360, 1749333, 1, 4096, 0
7360, 1407017, 1, 4096, 0
7360, 2033881, 1, 4096, 0
7361, 2201756, 1, 4096, 0
7361, 2618726, 1, 4096, 0
7361, 1311868, 1, 4096, 0
7362, 1514615, 1, 4096, 0
7362, 1224211, 1, 4096, 0
7362, 1859642, 1, 4096, 0
7362, 2075346, 1, 4096, 0
7362, 1177412, 1, 4096, 0
7363, 1470666, 1, 4096, 0
7363, 1576567, 1, 4096, 0
7363, 1529904, 1, 4096, 0
7364, 1420527, 1, 4096, 0
7365, 2514365, 1, 4096, 0
7365, 3020115, 1, 4096, 0
7365, 1749667, 1, 4096, 0
7366, 3875048, 1, 4096, 0
7366, 1418999, 1, 4096, 0
7366, 2051498, 1, 4096, 0
7366, 2908023, 1, 4096, 0
7366, 1542791, 1, 4096, 0
7366, 1242546, 1, 4096, 0
7367, 1165615, 1, 4096, 0
7368, 1656751, 1, 4096, 0
7368, 1882453, 1, 4096, 0
7368, 2199406, 1, 4096, 0
7369, 2289403, 1, 4096, 0
7369, 1966399, 1, 4096, 0
7369, 2812903, 1, 4096, 0
7370, 1888605, 1, 4096, 0
7370, 2462817, 1, 4096, 0
7370, 1857043, 1, 4096, 0
7371, 1878428, 1, 4096, 0
7371, 2382430, 1, 4096, 0
7371, 2362254, 1, 4096, 0
7372, 1808629, 1, 4096, 0
7372, 1520238, 1, 4096, 0
7372, 2045237, 1, 4096, 0
7373, 1835378, 1, 4096, 0
7373, 1987717, 1, 4096, 0
7373, 1689335, 1, 4096, 0
7373, 1225044, 1, 4096, 0
7373, 1795184, 1, 4096, 0
7374, 1599966, 1, 4096, 0
7374, 1195645, 1, 4096, 0
7374, 1715791, 1, 4096, 0
7375, 2237209, 1, 4096, 0
7375, 1423225, 1, 4096, 0
7376, 1353445, 1, 4096, 0
7376, 3291875, 1, 4096, 0
7377, 2414866, 1, 4096, 0
7377, 2133573, 1, 4096, 0
7377, 2035400, 1, 4096, 0
7377, 1920228, 1, 4096, 0
7377, 1238750, 1, 4096, 0
7378, 1520008, 1, 4096, 0
7378, 1592569, 1, 4096, 0
7378, 1645955, 1, 4096, 0
7378, 1663791, 1, 4096, 0
7379, 1698370, 1, 4096, 0
7379, 1865819, 1, 4096, 0
7380, 1819869, 1, 4096, 0
7380, 1497668, 1, 4096, 0
7380, 1937547, 1, 4096, 0
7380, 1756876, 1, 4096, 0
7380, 1545654, 1, 4096, 0
7381, 2669885, 1, 4096, 0
7381, 1212332, 1, 4096, 0
7382, 1380837, 1, 4096, 0
7382, 1931621, 1, 4096, 0
7383, 1985217, 1, 4096, 0
7383, 3053784, 1, 4096, 0
7383, 1697090, 1, 4096, 0
7383, 3089451, 1, 4096, 0
7384, 2234041, 1, 4096, 0
7384, 1980716, 1, 4096, 0
7384, 1238688, 1, 4096, 0
7385, 1492326, 1, 4096, 0
7385, 1900521, 1, 4096, 0
7385, 2369989, 1, 4096, 0
7386, 1924788, 1, 4096, 0
7386, 1922801, 1, 4096, 0
7387, 2434217, 1, 4096, 0
7387, 2027020, 1, 4096, 0
7387, 1843663, 1, 4096, 0
7387, 1692012, 1, 4096, 0
7387, 2668601, 1, 4096, 0
7388, 1916288, 1, 4096, 0
7388, 1294050, 1, 4096, 0
7388, 1848929, 1, 4096, 0
7389, 1599596, 1, 4096, 0
7389, 1440285, 1, 4096, 0
7389, 1610151, 1, 4096, 0
7390, 1522261, 1, 4096, 0
7390, 1852231, 1, 4096, 0
7390, 1276618, 1, 4096, 0
7391, 2155077, 1, 4096, 0
7391, 2683665, 1, 4096, 0
7391, 2417976, 1, 4096, 0
7392, 1229190, 1, 4096, 0
7392, 2566817, 1, 4096, 0
7392, 1315974, 1, 4096, 0
7393, 2488766, 1, 4096, 0
7393, 1889108, 1, 4096, 0
7394, 3273264, 1, 4096, 0
7394, 1306049, 1, 4096, 0
7394, 2655119, 1, 4096, 0
7394, 2309308, 1, 4096, 0
7395, 1436647, 1, 4096, 0
7395, 1604052, 1, 4096, 0
7395, 1647970, 1, 4096, 0
7396, 1726892, 1, 4096, 0
7396, 2811568, 1, 4096, 0
7396, 1979072, 1, 4096, 0
7397, 1938920, 1, 4096, 0
7397, 2214331, 1, 4096, 0
7397, 1605678, 1, 4096, 0
7398, 2352838, 1, 4096, 0
7398, 1640685, 1, 4096, 0
7399, 2198260, 1, 4096, 0
7399, 3099477, 1, 4096, 0
7400, 2445777, 1, 4096, 0
7400, 1939106, 1, 4096, 0
7400, 2595017, 1, 4096, 0
7401, 1097867, 1, 4096, 0
7401, 1606950, 1, 4096, 0
7401, 4106905, 1, 4096, 0
7401, 1768590, 1, 4096, 0
7401, 1910351, 1, 4096, 0
7403, 2545455, 1, 4096, 0
7403, 1839537, 1, 4096, 0
7403, 1688177, 1, 4096, 0
7403, 1917540, 1, 4096, 0
7403, 2686723, 1, 4096, 0
7404, 1366886, 1, 4096, 0
7405, 3351330, 1, 4096, 0
7405, 2199038, 1, 4096, 0
7406, 2793283, 1, 4096, 0
7406, 2792538, 1, 4096, 0
7406, 2426233, 1, 4096, 0
7407, 2254172, 1, 4096, 0
7407, 1419190, 1, 4096, 0
7407, 1402988, 1, 4096, 0
7408, 2360077, 1, 4096, 0
7408, 3970518, 1, 4096, 0
7409, 2015851, 1, 4096, 0
7410, 2308156, 1, 4096, 0
7410, 2124602, 1, 4096, 0
7410, 2627672, 1, 4096, 0
7410, 4059450, 1, 4096, 0
7410, 2118245, 1, 4096, 0
7411, 1741597, 1, 4096, 0
7411, 1320567, 1, 4096, 0
7411, 1869079, 1, 4096, 0
7412, 1692810, 1, 4096, 0
7412, 2125605, 1, 4096, 0
7413, 2156407, 1, 4096, 0
7413, 1363529, 1, 4096, 0
7413, 1769236, 1, 4096, 0
7413, 3371262, 1, 4096, 0
7413, 1425265, 1, 4096, 0
7414, 1855013, 1, 4096, 0
7415, 1955458, 1, 4096, 0
7415, 1528869, 1, 4096, 0
7415, 2494653, 1, 4096, 0
7415, 2466147, 1, 4096, 0
7416, 1820559, 1, 4096, 0
7416, 2672303, 1, 4096, 0
7416, 1495115, 1, 4096, 0
7417, 1594254, 1, 4096, 0
7417, 1953942, 1, 4096, 0
7417, 1718550, 1, 4096, 0
7417, 1345474, 1, 4096, 0
7418, 1775220, 1, 4096, 0
7418, 1065476, 1, 4096, 0
7418, 1468661, 1, 4096, 0
7419, 1668967, 1, 4096, 0
7419, 1727173, 1, 4096, 0
7419, 1582105, 1, 4096, 0
7419, 2081318, 1, 4096, 0
7420, 2399871, 1, 4096, 0
7420, 1344812, 1, 4096, 0
7420, 1697630, 1, 4096, 0
7420, 1669976, 1, 4096, 0
7420, 1320912, 1, 4096, 0
7421, 1277153, 1, 4096, 0
7422, 1588514, 1, 4096, 0
7422, 1158273, 1, 4096, 0
7422, 2073258, 1, 4096, 0
7422, 1938929, 1, 4096, 0
7422, 1897242, 1, 4096, 0
7424, 2071598, 1, 4096, 0
7424, 3156279, 1, 4096, 0
7424, 2023512, 1, 4096, 0
7424, 1611722, 1, 4096, 0
7424, 2038927, 1, 4096, 0
7424, 2269134, 1, 4096, 0
7425, 1721894, 1, 4096, 0
7426, 1915919, 1, 4096, 0
7426, 1955148, 1, 4096, 0
7426, 1868891, 1, 4096, 0
7426, 1906350, 1, 4096, 0
7426, 2363958, 1, 4096, 0
7427, 1605148, 1, 4096, 0
7427, 1544980, 1, 4096, 0
7427, 1378547, 1, 4096, 0
7427, 1609522, 1, 4096, 0
7428, 1657939, 1, 4096, 0
7428, 1196423, 1, 4096, 0
7429, 2027602, 1, 4096, 0
7429, 1508032, 1, 4096, 0
7429, 1622939, 1, 4096, 0
7429, 1653650, 1, 4096, 0
7430, 1294182, 1, 4096, 0
7430, 1848498, 1, 4096, 0
7430, 1590955, 1, 4096, 0
7430, 1813223, 1, 4096, 0
7431, 2058098, 1, 4096, 0
7431, 1720298, 1, 4096, 0
7432, 1302625, 1, 4096, 0
7432, 3107718, 1, 4096, 0
7432, 2170308, 1, 4096, 0
7432, 1855376, 1, 4096, 0
7433, 1953301, 1, 4096, 0
7434, 1824756, 1, 4096, 0
7434, 3127294, 1, 4096, 0
7434, 1899229, 1, 4096, 0
7434, 2279657, 1, 4096, 0
7435, 1281479, 1, 4096, 0
7435, 1341758, 1, 4096, 0
7435, 3626852, 1, 4096, 0
7436, 1953021, 1, 4096, 0
7436, 1692179, 1, 4096, 0
7436, 1694782, 1, 4096, 0
7437, 2064122, 1, 4096, 0
7437, 1304031, 1, 4096, 0
7437, 1625564, 1, 4096, 0
7438, 2638276, 1, 4096, 0
7438, 2414464, 1, 4096, 0
7438, 2079303, 1, 4096, 0
7439, 1991083, 1, 4096, 0
7439, 1345903, 1, 4096, 0
7440, 2284740, 1, 4096, 0
7440, 1855612, 1, 4096, 0
7440, 1738842, 1, 4096, 0
7440, 2332207, 1, 4096, 0
7440, 1292813, 1, 4096, 0
7440, 1591252, 1, 4096, 0
7441, 1176664, 1, 4096, 0
7442, 1826695, 1, 4096, 0
7442, 2132496, 1, 4096, 0
7442, 1356974, 1, 4096, 0
7442, 2505252, 1, 4096, 0
7442, 1845102, 1, 4096, 0
7443, 2051206, 1, 4096, 0
7443, 1259947, 1, 4096, 0
7444, 1560448, 1, 4096, 0
7444, 1997987, 1, 4096, 0
7444, 911608, 1, 4096, 0
7444, 2319841, 1, 4096, 0
7444, 2799718, 1, 4096, 0
7445, 1074165, 1, 4096, 0
7445, 1403075, 1, 4096, 0
7445, 1806860, 1, 4096, 0
7446, 1837175, 1, 4096, 0
7446, 1893544, 1, 4096, 0
7446, 1505455, 1, 4096, 0
7446, 1080072, 1, 4096, 0
7447, 1658511, 1, 4096, 0
7447, 2340365, 1, 4096, 0
7447, 1425842, 1, 4096, 0
7448, 2346320, 1, 4096, 0
7448, 2067777, 1, 4096, 0
7448, 1488205, 1, 4096, 0
7449, 2802931, 1, 4096, 0
7449, 2265523, 1, 4096, 0
7449, 1759572, 1, 4096, 0
7450, 1458630, 1, 4096, 0
7450, 1855214, 1, 4096, 0
7450, 1517713, 1, 4096, 0
7451, 1428671, 1, 4096, 0
7451, 2092810, 1, 4096, 0
7451, 1524721, 1, 4096, 0
7451, 1091541, 1, 4096, 0
7452, 1634056, 1, 4096, 0
7452, 2103234, 1, 4096, 0
7453, 2262921, 1, 4096, 0
7453, 2227943, 1, 4096, 0
7453, 1270125, 1, 4096, 0
7453, 2337986, 1, 4096, 0
7454, 3338483, 1, 4096, 0
7454, 2419039, 1, 4096, 0
7454, 1386468, 1, 4096, 0
7455, 1676125, 1, 4096, 0
7455, 2151928, 1, 4096, 0
7456, 1432073, 1, 4096, 0
7456, 1679271, 1, 4096, 0
7456, 3056747, 1, 4096, 0
7456, 1539193, 1, 4096, 0
7456, 1786346, 1, 4096, 0
7458, 1639645, 1, 4096, 0
7458, 1870841, 1, 4096, 0
7458, 1885195, 1, 4096, 0
7458, 2338080, 1, 4096, 0
7458, 3107331, 1, 4096, 0
7458, 1928763, 1, 4096, 0
7460, 1468159, 1, 4096, 0
7460, 1856585, 1, 4096, 0
7460, 1766301, 1, 4096, 0
7460, 1626023, 1, 4096, 0
7460, 2504159, 1, 4096, 0
7461, 1448571, 1, 4096, 0
7461, 1341710, 1, 4096, 0
7461, 3645628, 1, 4096, 0
7462, 1752195, 1, 4096, 0
7462, 1911871, 1, 4096, 0
7462, 1142602, 1, 4096, 0
7462, 1024648, 1, 4096, 0
7463, 2392238, 1, 4096, 0
7463, 2231460, 1, 4096, 0
7463, 1923750, 1, 4096, 0
7464, 1868647, 1, 4096, 0
7464, 1513633, 1, 4096, 0
7464, 1655943, 1, 4096, 0
7464, 2219011, 1, 4096, 0
7465, 1064831, 1, 4096, 0
7465, 2071275, 1, 4096, 0
7465, 1965375, 1, 4096, 0
7466, 1334840, 1, 4096, 0
7466, 1421473, 1, 4096, 0
7466, 1310457, 1, 4096, 0
7466, 2239822, 1, 4096, 0
7467, 1709732, 1, 4096, 0
7467, 1832721, 1, 4096, 0
7467, 1390997, 1, 4096, 0
7467, 1597985, 1, 4096, 0
7467, 1677927, 1, 4096, 0
7468, 1342355, 1, 4096, 0
7469, 1550484, 1, 4096, 0
7469, 1345139, 1, 4096, 0
7469, 1800469, 1, 4096, 0
7470, 2296852, 1, 4096, 0
7470, 2238185, 1, 4096, 0
7470, 2499159, 1, 4096, 0
7470, 1480088, 1, 4096, 0
7471, 1718709, 1, 4096, 0
7472, 2842668, 1, 4096, 0
7472, 2401338, 1, 4096, 0
7472, 2277299, 1, 4096, 0
7473, 1311254, 1, 4096, 0
7474, 4539934, 1, 4096, 0
7474, 2145233, 1, 4096, 0
7474, 3612032, 1, 4096, 0
7474, 2166748, 1, 4096, 0
7474, 4212454, 1, 4096, 0
7475, 1314718, 1, 4096, 0
7476, 1440956, 1, 4096, 0
7476, 1675638, 1, 4096, 0
7476, 2190353, 1, 4096, 0
7476, 2039054, 1, 4096, 0
7477, 2051550, 1, 4096, 0
7477, 2402289, 1, 4096, 0
7477, 1433260, 1, 4096, 0
7478, 1982491, 1, 4096, 0
7478, 1399153, 1, 4096, 0
7478, 1531801, 1, 4096, 0
7479, 2335984, 1, 4096, 0
7479, 2468868, 1, 4096, 0
7479, 1815493, 1, 4096, 0
7480, 1878064, 1, 4096, 0
7480, 1739448, 1, 4096, 0
7480, 1032216, 1, 4096, 0
7481, 1551205, 1, 4096, 0
7481, 2776415, 1, 4096, 0
7481, 2214870, 1, 4096, 0
7482, 2193570, 1, 4096, 0
7482, 1804101, 1, 4096, 0
7482, 2266348, 1, 4096, 0
7482, 1595787, 1, 4096, 0
7483, 1926069, 1, 4096, 0
7483, 1379496, 1, 4096, 0
7484, 1820117, 1, 4096, 0
7484, 2418178, 1, 4096, 0
7484, 2030640, 1, 4096, 0
7484, 1593828, 1, 4096, 0
7484, 1476662, 1, 4096, 0
7485, 1173573, 1, 4096, 0
7485, 1360273, 1, 4096, 0
7486, 2445775, 1, 4096, 0
7486, 980166, 1, 4096, 0
7486, 2263925, 1, 4096, 0
7486, 2200091, 1, 4096, 0
7487, 1047425, 1, 4096, 0
7487, 1724542, 1, 4096, 0
7487, 1108721, 1, 4096, 0
7487, 3081434, 1, 4096, 0
7488, 1405515, 1, 4096, 0
7488, 1738066, 1, 4096, 0
7489, 1871285, 1, 4096, 0
7489, 2609116, 1, 4096, 0
7489, 3024811, 1, 4096, 0
7490, 2618146, 1, 4096, 0
7490, 1338881, 1, 4096, 0
7490, 1432326, 1, 4096, 0
7490, 1968160, 1, 4096, 0
7491, 1425930, 1, 4096, 0
7491, 2155465, 1, 4096, 0
7492, 3052334, 1, 4096, 0
7492, 1604282, 1, 4096, 0
7492, 1010295, 1, 4096, 0
7493, 3669500, 1, 4096, 0
7493, 3006039, 1, 4096, 0
7494, 1547106, 1, 4096, 0
7494, 1615497, 1, 4096, 0
7494, 2719859, 1, 4096, 0
7495, 1801264, 1, 4096, 0
7495, 1766590, 1, 4096, 0
7495, 3566965, 1, 4096, 0
7497, 2954627, 1, 4096, 0
7497, 3150664, 1, 4096, 0
7497, 1943302, 1, 4096, 0
7497, 3594324, 1, 4096, 0
7497, 2231460, 1, 4096, 0
7498, 2545308, 1, 4096, 0
7498, 1653069, 1, 4096, 0
7499, 1381605, 1, 4096, 0
7499, 2216642, 1, 4096, 0
7499, 2266406, 1, 4096, 0
7500, 1697883, 1, 4096, 0
7500, 2978633, 1, 4096, 0
7500, 1632069, 1, 4096, 0
7501, 2838251, 1, 4096, 0
7501, 1725435, 1, 4096, 0
7501, 1101632, 1, 4096, 0
7501, 1732611, 1, 4096, 0
7502, 1384351, 1, 4096, 0
7502, 2035883, 1, 4096, 0
7503, 1909348, 1, 4096, 0
7503, 1419479, 1, 4096, 0
7503, 1979631, 1, 4096, 0
7503, 2202253, 1, 4096, 0
7503, 2307301, 1, 4096, 0
7504, 1556203, 1, 4096, 0
7504, 2010056, 1, 4096, 0
7505, 1371188, 1, 4096, 0
7505, 1608990, 1, 4096, 0
7505, 1616600, 1, 4096, 0
7505, 1593174, 1, 4096, 0
7506, 1435526, 1, 4096, 0
7506, 1464056, 1, 4096, 0
7507, 967533, 1, 4096, 0
7508, 2313461, 1, 4096, 0
7509, 626682, 1, 4096, 0
7509, 2225176, 1, 4096, 0
7510, 4740579, 1, 4096, 0
7510, 5397680, 1, 4096, 0
7510, 5066685, 1, 4096, 0
7510, 5205413, 1, 4096, 0
7511, 1388582, 1, 4096, 0
7511, 1654376, 1, 4096, 0
7511, 2371781, 1, 4096, 0
7512, 2176531, 1, 4096, 0
7512, 2625967, 1, 4096, 0
7513, 2889923, 1, 4096, 0
7513, 1499234, 1, 4096, 0
7513, 2136016, 1, 4096, 0
7514, 3176671, 1, 4096, 0
7514, 1760498, 1, 4096, 0
7514, 1698810, 1, 4096, 0
7515, 3264518, 1, 4096, 0
7515, 1325285, 1, 4096, 0
7515, 1689125, 1, 4096, 0
7516, 1690447, 1, 4096, 0
7516, 1772683, 1, 4096, 0
7516, 1327235, 1, 4096, 0
7516, 2072311, 1, 4096, 0
7516, 1516288, 1, 4096, 0
7517, 1299753, 1, 4096, 0
7517, 1950520, 1, 4096, 0
7518, 1334639, 1, 4096, 0
7518, 1865187, 1, 4096, 0
7518, 2184781, 1, 4096, 0
7518, 1210394, 1, 4096, 0
7518, 2123235, 1, 4096, 0
7518, 1524676, 1, 4096, 0
7519, 1653447, 1, 4096, 0
7520, 1603510, 1, 4096, 0
7520, 2123622, 1, 4096, 0
7520, 1958722, 1, 4096, 0
7520, 2322719, 1, 4096, 0
7521, 2527448, 1, 4096, 0
7521, 1210869, 1, 4096, 0
7521, 2192377, 1, 4096, 0
7522, 1852948, 1, 4096, 0
7522, 1944135, 1, 4096, 0
7522, 1758955, 1, 4096, 0
7523, 2239727, 1, 4096, 0
7523, 1242369, 1, 4096, 0
7523, 1472563, 1, 4096, 0
7523, 1751844, 1, 4096, 0
7524, 1829190, 1, 4096, 0
7524, 1424597, 1, 4096, 0
7524, 1878332, 1, 4096, 0
7525, 1485615, 1, 4096, 0
7525, 1760432, 1, 4096, 0
7525, 2025426, 1, 4096, 0
7526, 2005505, 1, 4096, 0
7527, 2318428, 1, 4096, 0
7527, 2706096, 1, 4096, 0
7527, 2395616, 1, 4096, 0
7527, 2500470, 1, 4096, 0
7527, 2939609, 1, 4096, 0
7528, 2082123, 1, 4096, 0
7529, 1977063, 1, 4096, 0
7529, 1665145, 1, 4096, 0
7529, 1968359, 1, 4096, 0
7529, 2329244, 1, 4096, 0
7529, 2192621, 1, 4096, 0
7531, 2123644, 1, 4096, 0
7531, 1770098, 1, 4096, 0
7531, 1331638, 1, 4096, 0
7531, 1834819, 1, 4096, 0
7532, 2633421, 1, 4096, 0
7532, 1575947, 1, 4096, 0
7532, 2828638, 1, 4096, 0
7532, 1513225, 1, 4096, 0
7532, 1877127, 1, 4096, 0
7533, 1962005, 1, 4096, 0
7533, 1608949, 1, 4096, 0
7534, 1337811, 1, 4096, 0
7534, 2226878, 1, 4096, 0
7534, 1299338, 1, 4096, 0
7535, 2563665, 1, 4096, 0
7535, 1939213, 1, 4096, 0
7535, 2541637, 1, 4096, 0
7536, 2182481, 1, 4096, 0
7536, 1484233, 1, 4096, 0
7537, 1881193, 1, 4096, 0
7537, 2244826, 1, 4096, 0
7537, 1902183, 1, 4096, 0
7537, 2381257, 1, 4096, 0
7538, 2164638, 1, 4096, 0
7538, 1453525, 1, 4096, 0
7538, 1758372, 1, 4096, 0
7538, 1582982, 1, 4096, 0
7539, 1439128, 1, 4096, 0
7540, 1646481, 1, 4096, 0
7541, 3829901, 1, 4096, 0
7541, 3872677, 1, 4096, 0
7541, 2123185, 1, 4096, 0
7541, 2387230, 1, 4096, 0
7541, 1292722, 1, 4096, 0
7541, 2012668, 1, 4096, 0
7542, 1627598, 1, 4096, 0
7542, 1478396, 1, 4096, 0
7543, 2157621, 1, 4096, 0
7543, 2232039, 1, 4096, 0
7543, 1861166, 1, 4096, 0
7544, 3486945, 1, 4096, 0
7544, 2050206, 1, 4096, 0
7545, 1920715, 1, 4096, 0
7545, 1950008, 1, 4096, 0
7545, 2215407, 1, 4096, 0
7546, 4308608, 1, 4096, 0
7547, 2213354, 1, 4096, 0
7547, 2604884, 1, 4096, 0
7547, 2966038, 1, 4096, 0
7547, 2035432, 1, 4096, 0
7548, 3417613, 1, 4096, 0
7548, 1651377, 1, 4096, 0
7549, 2119199, 1, 4096, 0
7549, 1819182, 1, 4096, 0
7549, 1048377, 1, 4096, 0
7549, 1893116, 1, 4096, 0
7549, 2192388, 1, 4096, 0
7551, 1411009, 1, 4096, 0
7551, 1354037, 1, 4096, 0
7551, 1825765, 1, 4096, 0
7551, 3096055, 1, 4096, 0
7551, 1961678, 1, 4096, 0
7552, 2128415, 1, 4096, 0
7552, 1488320, 1, 4096, 0
7552, 1615955, 1, 4096, 0
7552, 1370338, 1, 4096, 0
7553, 1619965, 1, 4096, 0
7553, 1485371, 1, 4096, 0
7554, 2984352, 1, 4096, 0
7554, 1614274, 1, 4096, 0
7554, 1765412, 1, 4096, 0
7554, 2359019, 1, 4096, 0
7555, 2192526, 1, 4096, 0
7556, 1233306, 1, 4096, 0
7556, 1773697, 1, 4096, 0
7556, 1860755, 1, 4096, 0
7556, 2638500, 1, 4096, 0
7556, 2317126, 1, 4096, 0
7557, 1518198, 1, 4096, 0
7557, 1683893, 1, 4096, 0
7557, 1753047, 1, 4096, 0
7557, 1761587, 1, 4096, 0
7557, 1321451, 1, 4096, 0
7558, 2371050, 1, 4096, 0
7559, 1171324, 1, 4096, 0
7559, 1490958, 1, 4096, 0
7559, 1774730, 1, 4096, 0
7560, 2934601, 1, 4096, 0
7560, 3355384, 1, 4096, 0
7561, 1727958, 1, 4096, 0
7561, 1495487, 1, 4096, 0
7561, 3587066, 1, 4096, 0
7562, 1123152, 1, 4096, 0
7562, 2036387, 1, 4096, 0
7563, 3798845, 1, 4096, 0
7563, 2181807, 1, 4096, 0
7563, 2492692, 1, 4096, 0
7563, 2651863, 1, 4096, 0
7564, 1306729, 1, 4096, 0
7564, 1971065, 1, 4096, 0
7564, 1816590, 1, 4096, 0
7566, 1696441, 1, 4096, 0
7566, 2851514, 1, 4096, 0
7566, 2777491, 1, 4096, 0
7566, 2240476, 1, 4096, 0
7566, 2594164, 1, 4096, 0
7568, 1363039, 1, 4096, 0
7568, 1719898, 1, 4096, 0
7568, 2450946, 1, 4096, 0
7568, 1996828, 1, 4096, 0
7568, 2266938, 1, 4096, 0
7569, 1557360, 1, 4096, 0
7569, 1616841, 1, 4096, 0
7570, 1679510, 1, 4096, 0
7570, 1879694, 1, 4096, 0
7570, 2042709, 1, 4096, 0
7571, 1421601, 1, 4096, 0
7571, 8136484, 1, 4096, 0
7571, 1594259, 1, 4096, 0
7572, 1585950, 1, 4096, 0
7572, 1802217, 1, 4096, 0
7572, 1573675, 1, 4096, 0
7573, 2382654, 1, 4096, 0
7573, 2581199, 1, 4096, 0
7574, 1570326, 1, 4096, 0
7574, 1987420, 1, 4096, 0
7574, 2367198, 1, 4096, 0
7575, 1295214, 1, 4096, 0
7575, 1959372, 1, 4096, 0
7576, 1512078, 1, 4096, 0
7576, 1566437, 1, 4096, 0
7576, 2334915, 1, 4096, 0
7576, 5093718, 1, 4096, 0
7576, 1579558, 1, 4096, 0
7578, 1701901, 1, 4096, 0
7578, 2250615, 1, 4096, 0
7578, 2174219, 1, 4096, 0
7578, 2051724, 1, 4096, 0
7579, 3636364, 1, 4096, 0
7579, 2586998, 1, 4096, 0
7579, 1278906, 1, 4096, 0
7579, 1569461, 1, 4096, 0
7579, 1852536, 1, 4096, 0
7579, 1447489, 1, 4096, 0
7580, 1297329, 1, 4096, 0
7581, 1739607, 1, 4096, 0
7581, 1334884, 1, 4096, 0
7581, 1587713, 1, 4096, 0
7581, 1704367, 1, 4096, 0
7581, 1806694, 1, 4096, 0
7582, 1572800, 1, 4096, 0
7582, 2327782, 1, 4096, 0
7582, 1273131, 1, 4096, 0
7583, 2410201, 1, 4096, 0
7583, 1948030, 1, 4096, 0
7583, 2238302, 1, 4096, 0
7584, 826352, 1, 4096, 0
7584, 1919444, 1, 4096, 0
7584, 2337075, 1, 4096, 0
7585, 2077004, 1, 4096, 0
7585, 1789821, 1, 4096, 0
7585, 936857, 1, 4096, 0
7586, 2415881, 1, 4096, 0
7586, 1216230, 1, 4096, 0
7586, 1288712, 1, 4096, 0
7586, 2459152, 1, 4096, 0
7587, 1039375, 1, 4096, 0
7587, 1276698, 1, 4096, 0
7587, 2279378, 1, 4096, 0
7588, 1991860, 1, 4096, 0
7588, 2518345, 1, 4096, 0
7589, 1872131, 1, 4096, 0
7589, 1937827, 1, 4096, 0
7590, 3162294, 1, 4096, 0
7590, 2700171, 1, 4096, 0
7590, 1790036, 1, 4096, 0
7590, 2036188, 1, 4096, 0
7590, 1401794, 1, 4096, 0
7591, 1843254, 1, 4096, 0
7592, 2000426, 1, 4096, 0
7592, 2680822, 1, 4096, 0
7592, 2868649, 1, 4096, 0
7593, 2425798, 1, 4096, 0
7593, 2967119, 1, 4096, 0
7593, 1940398, 1, 4096, 0
7594, 2271449, 1, 4096, 0
7594, 1521464, 1, 4096, 0
7595, 1594749, 1, 4096, 0
7595, 2235037, 1, 4096, 0
7595, 2112675, 1, 4096, 0
7595, 2285250, 1, 4096, 0
7596, 1784292, 1, 4096, 0
7596, 1970957, 1, 4096, 0
7597, 1657383, 1, 4096, 0
7597, 2355421, 1, 4096, 0
7597, 2929756, 1, 4096, 0
7597, 1529386, 1, 4096, 0
7598, 2984456, 1, 4096, 0
7598, 1176755, 1, 4096, 0
7598, 1985134, 1, 4096, 0
7598, 1363995, 1, 4096, 0
7600, 1779065, 1, 4096, 0
7600, 2497034, 1, 4096, 0
7600, 2222000, 1, 4096, 0
7600, 1771073, 1, 4096, 0
7600, 2941311, 1, 4096, 0
7601, 3016661, 1, 4096, 0
7601, 1402553, 1, 4096, 0
7601, 1481067, 1, 4096, 0
7601, 1749218, 1, 4096, 0
7602, 1276330, 1, 4096, 0
7602, 2358873, 1, 4096, 0
7603, 1201176, 1, 4096, 0
7603, 1783589, 1, 4096, 0
7603, 2884485, 1, 4096, 0
7605, 1890865, 1, 4096, 0
7605, 1694750, 1, 4096, 0
7605, 2179690, 1, 4096, 0
7606, 3065600, 1, 4096, 0
7606, 4196064, 1, 4096, 0
7606, 3994818, 1, 4096, 0
7606, 1365997, 1, 4096, 0
7607, 1781547, 1, 4096, 0
7607, 1664361, 1, 4096, 0
7607, 1502020, 1, 4096, 0
7607, 1685388, 1, 4096, 0
7608, 1750544, 1, 4096, 0
7609, 1726678, 1, 4096, 0
7609, 3259925, 1, 4096, 0
7609, 2239575, 1, 4096, 0
7609, 2589077, 1, 4096, 0
7609, 2050105, 1, 4096, 0
7609, 1822838, 1, 4096, 0
7610, 1182084, 1, 4096, 0
7610, 1295543, 1, 4096, 0
7611, 1343749, 1, 4096, 0
7611, 1803890, 1, 4096, 0
7611, 1765803, 1, 4096, 0
7612, 2086891, 1, 4096, 0
7613, 3128906, 1, 4096, 0
7614, 3080323, 1, 4096, 0
7614, 2943909, 1, 4096, 0
7614, 2376833, 1, 4096, 0
7614, 2256200, 1, 4096, 0
7614, 1870156, 1, 4096, 0
7614, 3158777, 1, 4096, 0
7616, 2769833, 1, 4096, 0
7616, 2776246, 1, 4096, 0
7616, 2962705, 1, 4096, 0
7617, 2268119, 1, 4096, 0
7617, 3000105, 1, 4096, 0
7618, 1207063, 1, 4096, 0
7618, 1352983, 1, 4096, 0
7618, 1347029, 1, 4096, 0
7618, 3716342, 1, 4096, 0
7619, 2150989, 1, 4096, 0
7619, 1468673, 1, 4096, 0
7620, 2646908, 1, 4096, 0
7620, 2397913, 1, 4096, 0
7620, 2383457, 1, 4096, 0
7620, 2278812, 1, 4096, 0
7621, 1601950, 1, 4096, 0
7621, 2533067, 1, 4096, 0
7622, 1481998, 1, 4096, 0
7622, 1895379, 1, 4096, 0
7622, 2101954, 1, 4096, 0
7623, 1616915, 1, 4096, 0
7623, 2214418, 1, 4096, 0
7623, 1627015, 1, 4096, 0
7623, 1532678, 1, 4096, 0
7624, 3144362, 1, 4096, 0
7625, 1713136, 1, 4096, 0
7625, 2258047, 1, 4096, 0
7625, 2030911, 1, 4096, 0
7626, 2140540, 1, 4096, 0
7626, 1320408, 1, 4096, 0
7626, 2696068, 1, 4096, 0
7626, 2678628, 1, 4096, 0
7626, 1437852, 1, 4096, 0
7627, 2096416, 1, 4096, 0
7627, 1289278, 1, 4096, 0
7627, 1688937, 1, 4096, 0
7628, 1410598, 1, 4096, 0
7628, 2180308, 1, 4096, 0
7628, 1307878, 1, 4096, 0
7629, 2041821, 1, 4096, 0
7629, 1722828, 1, 4096, 0
7630, 3223503, 1, 4096, 0
7630, 2179075, 1, 4096, 0
7630, 1903575, 1, 4096, 0
7630, 1094732, 1, 4096, 0
7631, 2075091, 1, 4096, 0
7631, 2403786, 1, 4096, 0
7631, 1593420, 1, 4096, 0
7631, 1932031, 1, 4096, 0
7632, 1801543, 1, 4096, 0
7632, 1249438, 1, 4096, 0
7633, 1590777, 1, 4096, 0
7633, 3336385, 1, 4096, 0
7634, 1440925, 1, 4096, 0
7634, 1979220, 1, 4096, 0
7634, 3318790, 1, 4096, 0
7634, 1179412, 1, 4096, 0
7635, 1097590, 1, 4096, 0
7635, 1017153, 1, 4096, 0
7635, 3442897, 1, 4096, 0
7635, 1055126, 1, 4096, 0
7636, 2122160, 1, 4096, 0
7636, 1691441, 1, 4096, 0
7636, 2161187, 1, 4096, 0
7636, 1208592, 1, 4096, 0
7637, 1734195, 1, 4096, 0
7637, 2611364, 1, 4096, 0
7638, 1433482, 1, 4096, 0
7638, 1329502, 1, 4096, 0
7638, 1984859, 1, 4096, 0
7638, 1376297, 1, 4096, 0
7638, 1875656, 1, 4096, 0
7639, 1465701, 1, 4096, 0
7639, 1425284, 1, 4096, 0
7639, 1288991, 1, 4096, 0
7640, 1708509, 1, 4096, 0
7640, 2085968, 1, 4096, 0
7640, 1799832, 1, 4096, 0
7641, 1463635, 1, 4096, 0
7641, 2339272, 1, 4096, 0
7641, 1649033, 1, 4096, 0
7642, 1870722, 1, 4096, 0
7642, 1920202, 1, 4096, 0
7642, 2592843, 1, 4096, 0
7643, 1977208, 1, 4096, 0
7643, 2471622, 1, 4096, 0
7643, 1969753, 1, 4096, 0
7643, 1443587, 1, 4096, 0
7644, 1750624, 1, 4096, 0
7644, 2264958, 1, 4096, 0
7645, 1805987, 1, 4096, 0
7645, 1613846, 1, 4096, 0
7645, 2265026, 1, 4096, 0
7646, 2355994, 1, 4096, 0
7646, 2906874, 1, 4096, 0
7646, 2285623, 1, 4096, 0
7647, 1570172, 1, 4096, 0
7647, 2249092, 1, 4096, 0
7648, 2016901, 1, 4096, 0
7648, 1654370, 1, 4096, 0
7648, 2503596, 1, 4096, 0
7648, 1317473, 1, 4096, 0
7648, 1749218, 1, 4096, 0
7649, 1684785, 1, 4096, 0
7650, 2522458, 1, 4096, 0
7650, 2316265, 1, 4096, 0
7651, 3117841, 1, 4096, 0
7651, 2640415, 1, 4096, 0
7651, 2982688, 1, 4096, 0
7651, 1981144, 1, 4096, 0
7652, 1709665, 1, 4096, 0
7652, 1576395, 1, 4096, 0
7652, 2093622, 1, 4096, 0
7652, 1255903, 1, 4096, 0
7653, 1637213, 1, 4096, 0
7653, 2614073, 1, 4096, 0
7654, 1558754, 1, 4096, 0
7654, 1756822, 1, 4096, 0
7654, 1794869, 1, 4096, 0
7654, 2087315, 1, 4096, 0
7655, 1996288, 1, 4096, 0
7655, 1274465, 1, 4096, 0
7655, 1865926, 1, 4096, 0
7655, 1460731, 1, 4096, 0
7656, 1987267, 1, 4096, 0
7657, 1584166, 1, 4096, 0
7657, 2491203, 1, 4096, 0
7657, 1746399, 1, 4096, 0
7657, 2242220, 1, 4096, 0
7658, 1832702, 1, 4096, 0
7658, 3126729, 1, 4096, 0
7659, 1820090, 1, 4096, 0
7659, 2302793, 1, 4096, 0
7659, 2595609, 1, 4096, 0
7659, 2021843, 1, 4096, 0
7659, 1286373, 1, 4096, 0
7660, 2475834, 1, 4096, 0
7660, 1367009, 1, 4096, 0
7661, 1667267, 1, 4096, 0
7661, 1705059, 1, 4096, 0
7661, 1762648, 1, 4096, 0
7662, 1235821, 1, 4096, 0
7662, 2286533, 1, 4096, 0
7663, 2227973, 1, 4096, 0
7663, 2123298, 1, 4096, 0
7663, 1827755, 1, 4096, 0
7663, 1505551, 1, 4096, 0
7663, 1555436, 1, 4096, 0
7663, 2124218, 1, 4096, 0
7664, 1290772, 1, 4096, 0
7664, 1657057, 1, 4096, 0
7664, 1749871, 1, 4096, 0
7665, 1754889, 1, 4096, 0
7665, 2021087, 1, 4096, 0
7666, 1059958, 1, 4096, 0
7666, 1448481, 1, 4096, 0
7666, 1319074, 1, 4096, 0
7666, 3281011, 1, 4096, 0
7667, 1556172, 1, 4096, 0
7667, 2715445, 1, 4096, 0
7668, 2281882, 1, 4096, 0
7668, 1913244, 1, 4096, 0
7668, 1938685, 1, 4096, 0
7668, 1286987, 1, 4096, 0
7669, 1063694, 1, 4096, 0
7669, 2401953, 1, 4096, 0
7669, 1377458, 1, 4096, 0
7669, 1506796, 1, 4096, 0
7669, 1456662, 1, 4096, 0
7670, 1426375, 1, 4096, 0
7670, 1031367, 1, 4096, 0
7670, 1521821, 1, 4096, 0
7671, 1843052, 1, 4096, 0
7671, 1976168, 1, 4096, 0
7672, 1637936, 1, 4096, 0
7672, 2465295, 1, 4096, 0
7672, 1434728, 1, 4096, 0
7673, 1687614, 1, 4096, 0
7673, 1532321, 1, 4096, 0
7673, 4374856, 1, 4096, 0
7673, 3679236, 1, 4096, 0
7674, 1262954, 1, 4096, 0
7674, 1684485, 1, 4096, 0
7675, 1929335, 1, 4096, 0
7675, 2135924, 1, 4096, 0
7676, 2184707, 1, 4096, 0
7676, 2150080, 1, 4096, 0
7676, 2968300, 1, 4096, 0
7676, 2496311, 1, 4096, 0
7677, 1020659, 1, 4096, 0
7677, 2300033, 1, 4096, 0
7677, 1432721, 1, 4096, 0
7677, 1832574, 1, 4096, 0
7677, 1204945, 1, 4096, 0
7678, 1261411, 1, 4096, 0
7679, 2057819, 1, 4096, 0
7679, 1662455, 1, 4096, 0
7679, 2033214, 1, 4096, 0
7680, 1347156, 1, 4096, 0
7680, 2870622, 1, 4096, 0
7680, 2585560, 1, 4096, 0
7680, 1063867, 1, 4096, 0
7680, 2325791, 1, 4096, 0
7681, 2109580, 1, 4096, 0
7682, 2091596, 1, 4096, 0
7682, 1957571, 1, 4096, 0
7682, 1886187, 1, 4096, 0
7683, 2721318, 1, 4096, 0
7683, 2845241, 1, 4096, 0
7684, 1688726, 1, 4096, 0
7684, 1850807, 1, 4096, 0
7684, 3434971, 1, 4096, 0
7685, 1682279, 1, 4096, 0
7685, 2432383, 1, 4096, 0
7685, 3006307, 1, 4096, 0
7686, 1713367, 1, 4096, 0
7686, 2139411, 1, 4096, 0
7686, 1967714, 1, 4096, 0
7687, 1536966, 1, 4096, 0
7687, 1652763, 1, 4096, 0
7688, 2188908, 1, 4096, 0
7688, 1840242, 1, 4096, 0
7688, 3430346, 1, 4096, 0
7688, 1780537, 1, 4096, 0
7689, 2095928, 1, 4096, 0
7689, 1073047, 1, 4096, 0
7689, 2380447, 1, 4096, 0
7690, 1735497, 1, 4096, 0
7690, 1645165, 1, 4096, 0
7690, 1370427, 1, 4096, 0
7691, 1487673, 1, 4096, 0
7691, 3371762, 1, 4096, 0
7692, 3325614, 1, 4096, 0
7692, 1622486, 1, 4096, 0
7692, 1724206, 1, 4096, 0
7693, 3127113, 1, 4096, 0
7694, 2145337, 1, 4096, 0
7694, 2466451, 1, 4096, 0
7695, 3178254, 1, 4096, 0
7695, 4585583, 1, 4096, 0
7695, 3569273, 1, 4096, 0
7695, 2680774, 1, 4096, 0
7696, 2297591, 1, 4096, 0
7697, 2349299, 1, 4096, 0
7697, 1353366, 1, 4096, 0
7697, 1525912, 1, 4096, 0
7697, 2633574, 1, 4096, 0
7698, 2345437, 1, 4096, 0
7698, 1406897, 1, 4096, 0
7699, 1486766, 1, 4096, 0
7699, 2128793, 1, 4096, 0
7699, 2033250, 1, 4096, 0
7699, 2163435, 1, 4096, 0
7699, 1456223, 1, 4096, 0
7700, 1992409, 1, 4096, 0
7701, 2017771, 1, 4096, 0
7701, 2243080, 1, 4096, 0
7701, 1741924, 1, 4096, 0
7701, 2073210, 1, 4096, 0
7702, 2182232, 1, 4096, 0
7702, 1466414, 1, 4096, 0
7703, 1639590, 1, 4096, 0
7703, 3968892, 1, 4096, 0
7703, 1990282, 1, 4096, 0
7704, 1883382, 1, 4096, 0
7704, 2892650, 1, 4096, 0
7704, 1714845, 1, 4096, 0
7705, 1933171, 1, 4096, 0
7705, 1899592, 1, 4096, 0
7705, 1972680, 1, 4096, 0
7705, 1220261, 1, 4096, 0
7706, 1582041, 1, 4096, 0
7706, 1436677, 1, 4096, 0
7706, 1257099, 1, 4096, 0
7706, 1785288, 1, 4096, 0
7706, 1716844, 1, 4096, 0
7707, 1463612, 1, 4096, 0
7708, 1256782, 1, 4096, 0
7708, 1410003, 1, 4096, 0
7708, 1756698, 1, 4096, 0
7709, 3383917, 1, 4096, 0
7709, 4435266, 1, 4096, 0
7710, 2052763, 1, 4096, 0
7710, 2645268, 1, 4096, 0
7710, 1805424, 1, 4096, 0
7710, 1299223, 1, 4096, 0
7711, 2821204, 1, 4096, 0
7711, 1461988, 1, 4096, 0
7711, 2210656, 1, 4096, 0
7711, 1693302, 1, 4096, 0
7712, 1351332, 1, 4096, 0
7712, 2037719, 1, 4096, 0
7713, 2363098, 1, 4096, 0
7713, 2305069, 1, 4096, 0
7714, 2334171, 1, 4096, 0
7714, 2373217, 1, 4096, 0
7714, 1859518, 1, 4096, 0
7714, 2445811, 1, 4096, 0
7714, 1222255, 1, 4096, 0
7716, 1783254, 1, 4096, 0
7716, 2041079, 1, 4096, 0
7716, 2002067, 1, 4096, 0
7716, 1968066, 1, 4096, 0
7716, 1847852, 1, 4096, 0
7717, 2243595, 1, 4096, 0
7717, 1776438, 1, 4096, 0
7717, 1411284, 1, 4096, 0
7718, 1973484, 1, 4096, 0
7718, 2090806, 1, 4096, 0
7718, 2161257, 1, 4096, 0
7719, 1197739, 1, 4096, 0
7719, 2338868, 1, 4096, 0
7719, 1495362, 1, 4096, 0
7719, 1872826, 1, 4096, 0
7720, 1646850, 1, 4096, 0
7720, 2419867, 1, 4096, 0
7720, 1285088, 1, 4096, 0
7720, 1326327, 1, 4096, 0
7720, 1951298, 1, 4096, 0
7720, 1265171, 1, 4096, 0
7721, 1371635, 1, 4096, 0
7722, 1529584, 1, 4096, 0
7722, 1967828, 1, 4096, 0
7722, 2153369, 1, 4096, 0
7723, 2523901, 1, 4096, 0
7723, 1892348, 1, 4096, 0
7724, 3578300, 1, 4096, 0
7724, 2305262, 1, 4096, 0
7724, 1886529, 1, 4096, 0
7725, 1964557, 1, 4096, 0
7725, 1846039, 1, 4096, 0
7725, 2550673, 1, 4096, 0
7726, 1263738, 1, 4096, 0
7726, 2397844, 1, 4096, 0
7727, 2564312, 1, 4096, 0
7727, 2569942, 1, 4096, 0
7727, 2471425, 1, 4096, 0
7727, 1700731, 1, 4096, 0
7728, 2050610, 1, 4096, 0
7728, 3308143, 1, 4096, 0
7728, 1254192, 1, 4096, 0
7729, 2272713, 1, 4096, 0
7729, 2353563, 1, 4096, 0
7730, 2090614, 1, 4096, 0
7730, 2221380, 1, 4096, 0
7730, 2081264, 1, 4096, 0
7730, 2092067, 1, 4096, 0
7730, 1217742, 1, 4096, 0
7731, 1528651, 1, 4096, 0
7732, 2107433, 1, 4096, 0
7732, 1342909, 1, 4096, 0
7732, 1703479, 1, 4096, 0
7732, 1755744, 1, 4096, 0
7732, 1805136, 1, 4096, 0
7733, 1933678, 1, 4096, 0
7734, 1999361, 1, 4096, 0
7734, 1668625, 1, 4096, 0
7734, 2482296, 1, 4096, 0
7735, 2449101, 1, 4096, 0
7735, 2317239, 1, 4096, 0
7735, 1976461, 1, 4096, 0
7736, 2046944, 1, 4096, 0
7736, 2027931, 1, 4096, 0
7737, 2245396, 1, 4096, 0
7737, 2171087, 1, 4096, 0
7738, 3069225, 1, 4096, 0
7738, 1081849, 1, 4096, 0
7738, 1380658, 1, 4096, 0
7738, 3720675, 1, 4096, 0
7738, 2436379, 1, 4096, 0
7739, 2999921, 1, 4096, 0
7740, 2221495, 1, 4096, 0
7740, 2431992, 1, 4096, 0
7740, 1796724, 1, 4096, 0
7740, 1780745, 1, 4096, 0
7740, 2361888, 1, 4096, 0
7740, 1661825, 1, 4096, 0
7741, 1333463, 1, 4096, 0
7742, 2208488, 1, 4096, 0
7742, 2273569, 1, 4096, 0
7743, 2581502, 1, 4096, 0
7743, 3104145, 1, 4096, 0
7743, 3046415, 1, 4096, 0
7744, 1175885, 1, 4096, 0
7744, 2550696, 1, 4096, 0
7745, 1276814, 1, 4096, 0
7745, 2006893, 1, 4096, 0
7745, 1493605, 1, 4096, 0
7745, 2736998, 1, 4096, 0
7746, 1828250, 1, 4096, 0
7746, 2601308, 1, 4096, 0
7746, 1499204, 1, 4096, 0
7747, 1549457, 1, 4096, 0
7747, 1696780, 1, 4096, 0
7747, 1499391, 1, 4096, 0
7747, 1552740, 1, 4096, 0
7748, 2895420, 1, 4096, 0
7748, 1201222, 1, 4096, 0
7749, 2162792, 1, 4096, 0
7749, 2043079, 1, 4096, 0
7749, 1166414, 1, 4096, 0
7749, 1837790, 1, 4096, 0
7750, 2135164, 1, 4096, 0
7750, 1836714, 1, 4096, 0
7750, 1747140, 1, 4096, 0
7751, 1933526, 1, 4096, 0
7751, 1465886, 1, 4096, 0
7751, 2240239, 1, 4096, 0
7751, 2231445, 1, 4096, 0
7752, 1800973, 1, 4096, 0
7753, 1222491, 1, 4096, 0
7753, 2151353, 1, 4096, 0
7753, 2404067, 1, 4096, 0
7753, 1582365, 1, 4096, 0
7753, 2403441, 1, 4096, 0
7753, 1787994, 1, 4096, 0
7754, 1601030, 1, 4096, 0
7754, 1678232, 1, 4096, 0
7755, 1915430, 1, 4096, 0
7755, 2067401, 1, 4096, 0
7755, 1483462, 1, 4096, 0
7755, 1728608, 1, 4096, 0
7756, 1410402, 1, 4096, 0
7756, 1348984, 1, 4096, 0
7756, 1723920, 1, 4096, 0
7757, 1904578, 1, 4096, 0
7757, 1962192, 1, 4096, 0
7757, 2981219, 1, 4096, 0
7757, 1667686, 1, 4096, 0
7758, 1388791, 1, 4096, 0
7759, 2427359, 1, 4096, 0
7759, 1718152, 1, 4096, 0
7759, 1586177, 1, 4096, 0
7759, 1899052, 1, 4096, 0
7760, 2367697, 1, 4096, 0
7760, 2159143, 1, 4096, 0
7760, 1753935, 1, 4096, 0
7761, 2342720, 1, 4096, 0
7761, 2218039, 1, 4096, 0
7761, 1540969, 1, 4096, 0
7762, 3372273, 1, 4096, 0
7762, 2006886, 1, 4096, 0
7762, 2476036, 1, 4096, 0
7763, 1909976, 1, 4096, 0
7763, 1486056, 1, 4096, 0
7764, 2304764, 1, 4096, 0
7764, 1273243, 1, 4096, 0
7764, 2272560, 1, 4096, 0
7764, 1317334, 1, 4096, 0
7765, 1736701, 1, 4096, 0
7765, 1365739, 1, 4096, 0
7765, 1429084, 1, 4096, 0
7765, 2056621, 1, 4096, 0
7766, 2111880, 1, 4096, 0
7766, 1162508, 1, 4096, 0
7766, 1296499, 1, 4096, 0
7766, 2701831, 1, 4096, 0
7767, 1775396, 1, 4096, 0
7767, 1857077, 1, 4096, 0
7767, 897522, 1, 4096, 0
7767, 1650507, 1, 4096, 0
7768, 1872170, 1, 4096, 0
7768, 1971641, 1, 4096, 0
7769, 1911579, 1, 4096, 0
7769, 1902580, 1, 4096, 0
7769, 2047110, 1, 4096, 0
7770, 2269311, 1, 4096, 0
7770, 1943980, 1, 4096, 0
7770, 2436446, 1, 4096, 0
7771, 1741912, 1, 4096, 0
7771, 1391379, 1, 4096, 0
7771, 1603834, 1, 4096, 0
7772, 2041216, 1, 4096, 0
7772, 1495180, 1, 4096, 0
7772, 2014020, 1, 4096, 0
7772, 1883379, 1, 4096, 0
7772, 1486983, 1, 4096, 0
7774, 1536285, 1, 4096, 0
7774, 3257134, 1, 4096, 0
7774, 2313034, 1, 4096, 0
7774, 2353193, 1, 4096, 0
7774, 1862292, 1, 4096, 0
7775, 2399526, 1, 4096, 0
7775, 1538570, 1, 4096, 0
7775, 1501818, 1, 4096, 0
7776, 1781232, 1, 4096, 0
7776, 1755678, 1, 4096, 0
7776, 2268739, 1, 4096, 0
7777, 1349673, 1, 4096, 0
7777, 1747860, 1, 4096, 0
7777, 1231925, 1, 4096, 0
7777, 2569774, 1, 4096, 0
7778, 2199254, 1, 4096, 0
7778, 2122888, 1, 4096, 0
7779, 1228598, 1, 4096, 0
7779, 1893918, 1, 4096, 0
7779, 1978368, 1, 4096, 0
7779, 1467171, 1, 4096, 0
7780, 2379683, 1, 4096, 0
7780, 1414392, 1, 4096, 0
7780, 1524852, 1, 4096, 0
7781, 1534381, 1, 4096, 0
7781, 2914290, 1, 4096, 0
7781, 1764360, 1, 4096, 0
7782, 2196119, 1, 4096, 0
7782, 1680866, 1, 4096, 0
7782, 1730026, 1, 4096, 0
7783, 1518065, 1, 4096, 0
7783, 1332785, 1, 4096, 0
7783, 1270832, 1, 4096, 0
7783, 2537309, 1, 4096, 0
7783, 2190792, 1, 4096, 0
7784, 1428095, 1, 4096, 0
7785, 2831918, 1, 4096, 0
7785, 1849692, 1, 4096, 0
7785, 1629191, 1, 4096, 0
7785, 1861510, 1, 4096, 0
7786, 2209168, 1, 4096, 0
7786, 1973053, 1, 4096, 0
7786, 1607657, 1, 4096, 0
7787, 1849676, 1, 4096, 0
7787, 954517, 1, 4096, 0
7787, 1597079, 1, 4096, 0
7787, 2410754, 1, 4096, 0
7788, 1268026, 1, 4096, 0
7788, 1436992, 1, 4096, 0
7789, 2186172, 1, 4096, 0
7789, 2168871, 1, 4096, 0
7789, 2325070, 1, 4096, 0
7789, 1413943, 1, 4096, 0
7790, 1313771, 1, 4096, 0
7790, 1489088, 1, 4096, 0
7791, 1833131, 1, 4096, 0
7791, 3157905, 1, 4096, 0
7791, 3252172, 1, 4096, 0
7791, 1766039, 1, 4096, 0
7792, 1518529, 1, 4096, 0
7792, 1051024, 1, 4096, 0
7793, 1815585, 1, 4096, 0
7793, 1815918, 1, 4096, 0
7793, 2838309, 1, 4096, 0
7793, 1414679, 1, 4096, 0
7793, 2799711, 1, 4096, 0
7794, 1853154, 1, 4096, 0
7794, 1392688, 1, 4096, 0
7795, 1886684, 1, 4096, 0
7795, 2193319, 1, 4096, 0
7795, 1331553, 1, 4096, 0
7796, 2488097, 1, 4096, 0
7796, 2054472, 1, 4096, 0
7796, 1346273, 1, 4096, 0
7796, 1774902, 1, 4096, 0
7797, 2250332, 1, 4096, 0
7797, 2609150, 1, 4096, 0
7797, 1506740, 1, 4096, 0
7798, 2309355, 1, 4096, 0
7798, 2072244, 1, 4096, 0
7799, 2004701, 1, 4096, 0
7799, 1587377, 1, 4096, 0
7799, 1909873, 1, 4096, 0
7799, 2047739, 1, 4096, 0
7800, 1876569, 1, 4096, 0
7800, 2044050, 1, 4096, 0
7800, 1886237, 1, 4096, 0
7801, 1997598, 1, 4096, 0
7801, 1559172, 1, 4096, 0
7801, 2232790, 1, 4096, 0
7802, 1719717, 1, 4096, 0
7802, 1720904, 1, 4096, 0
7802, 1575409, 1, 4096, 0
7803, 1977663, 1, 4096, 0
7803, 2190024, 1, 4096, 0
7804, 3024555, 1, 4096, 0
7804, 2046576, 1, 4096, 0
7804, 2396581, 1, 4096, 0
7804, 2710784, 1, 4096, 0
7805, 1094650, 1, 4096, 0
7805, 1944364, 1, 4096, 0
7805, 1670681, 1, 4096, 0
7806, 1532961, 1, 4096, 0
7806, 2047535, 1, 4096, 0
7806, 2029487, 1, 4096, 0
7807, 1859959, 1, 4096, 0
7807, 2273946, 1, 4096, 0
7808, 3436885, 1, 4096, 0
7808, 1769459, 1, 4096, 0
7808, 1562528, 1, 4096, 0
7808, 1407111, 1, 4096, 0
7809, 1835682, 1, 4096, 0
7809, 3197188, 1, 4096, 0
7809, 1432051, 1, 4096, 0
7810, 2147310, 1, 4096, 0
7810, 1727107, 1, 4096, 0
7810, 1424591, 1, 4096, 0
7810, 1297869, 1, 4096, 0
7811, 1262160, 1, 4096, 0
7811, 2067306, 1, 4096, 0
7812, 1995989, 1, 4096, 0
7812, 1935962, 1, 4096, 0
7812, 2086492, 1, 4096, 0
7812, 2471699, 1, 4096, 0
7813, 2126288, 1, 4096, 0
7813, 1754893, 1, 4096, 0
7814, 1855964, 1, 4096, 0
7814, 1531082, 1, 4096, 0
7814, 2234336, 1, 4096, 0
7814, 2049992, 1, 4096, 0
7815, 1475536, 1, 4096, 0
7815, 1528240, 1, 4096, 0
7816, 2757879, 1, 4096, 0
7816, 1438458, 1, 4096, 0
7816, 1870128, 1, 4096, 0
7816, 1434358, 1, 4096, 0
7816, 2349758, 1, 4096, 0
7816, 1204960, 1, 4096, 0
7817, 1793875, 1, 4096, 0
7817, 1763665, 1, 4096, 0
7817, 1674696, 1, 4096, 0
7819, 2521148, 1, 4096, 0
7819, 2349922, 1, 4096, 0
7819, 1396744, 1, 4096, 0
7819, 1717959, 1, 4096, 0
7819, 1852946, 1, 4096, 0
7819, 3051800, 1, 4096, 0
7821, 1823866, 1, 4096, 0
7821, 2029112, 1, 4096, 0
7821, 2177881, 1, 4096, 0
7821, 1920098, 1, 4096, 0
7821, 2054846, 1, 4096, 0
7822, 2474100, 1, 4096, 0
7822, 1402253, 1, 4096, 0
7823, 1585760, 1, 4096, 0
7823, 2204241, 1, 4096, 0
7823, 966307, 1, 4096, 0
7823, 2026768, 1, 4096, 0
7824, 1972404, 1, 4096, 0
7824, 2853735, 1, 4096, 0
7825, 2230556, 1, 4096, 0
7825, 2284079, 1, 4096, 0
7825, 2130906, 1, 4096, 0
7825, 1657116, 1, 4096, 0
7825, 1842030, 1, 4096, 0
7826, 2086470, 1, 4096, 0
7826, 1378898, 1, 4096, 0
7826, 1425380, 1, 4096, 0
7827, 1487561, 1, 4096, 0
7827, 1930933, 1, 4096, 0
7827, 2073632, 1, 4096, 0
7827, 2225407, 1, 4096, 0
7828, 1342114, 1, 4096, 0
7828, 1910421, 1, 4096, 0
7830, 2279473, 1, 4096, 0
7830, 2050415, 1, 4096, 0
7830, 2584863, 1, 4096, 0
7831, 3064250, 1, 4096, 0
7831, 3486609, 1, 4096, 0
7831, 3327622, 1, 4096, 0
7831, 1641613, 1, 4096, 0
7832, 1464054, 1, 4096, 0
7832, 1934687, 1, 4096, 0
7833, 2382693, 1, 4096, 0
7833, 2171965, 1, 4096, 0
7833, 1921932, 1, 4096, 0
7834, 1907215, 1, 4096, 0
7834, 1384124, 1, 4096, 0
7834, 2779308, 1, 4096, 0
7834, 1585803, 1, 4096, 0
7835, 2599417, 1, 4096, 0
7835, 1476297, 1, 4096, 0
7835, 1596914, 1, 4096, 0
7835, 2756055, 1, 4096, 0
7835, 1431939, 1, 4096, 0
7837, 2442506, 1, 4096, 0
7837, 1526227, 1, 4096, 0
7837, 1424966, 1, 4096, 0
7838, 2244077, 1, 4096, 0
7838, 2491188, 1, 4096, 0
7838, 2905102, 1, 4096, 0
7839, 1685366, 1, 4096, 0
7839, 1995906, 1, 4096, 0
7839, 2237133, 1, 4096, 0
7840, 2247878, 1, 4096, 0
7840, 1660152, 1, 4096, 0
7840, 1403901, 1, 4096, 0
7840, 1222655, 1, 4096, 0
7841, 2672977, 1, 4096, 0
7841, 2497528, 1, 4096, 0
7841, 1395542, 1, 4096, 0
7842, 1318186, 1, 4096, 0
7842, 1750950, 1, 4096, 0
7842, 1908081, 1, 4096, 0
7842, 1394311, 1, 4096, 0
7843, 1030703, 1, 4096, 0
7843, 1453023, 1, 4096, 0
7843, 1381744, 1, 4096, 0
7843, 1786138, 1, 4096, 0
7843, 2161816, 1, 4096, 0
7844, 1918625, 1, 4096, 0
7845, 1374260, 1, 4096, 0
7845, 1206886, 1, 4096, 0
7845, 2274860, 1, 4096, 0
7845, 1814664, 1, 4096, 0
7845, 2550877, 1, 4096, 0
7845, 2584118, 1, 4096, 0
7847, 1688176, 1, 4096, 0
7847, 1415806, 1, 4096, 0
7847, 1546878, 1, 4096, 0
7847, 2255265, 1, 4096, 0
7847, 2021444, 1, 4096, 0
7848, 2308666, 1, 4096, 0
7848, 1235477, 1, 4096, 0
7848, 1363857, 1, 4096, 0
7848, 1481158, 1, 4096, 0
7849, 1249833, 1, 4096, 0
7849, 1477134, 1, 4096, 0
7849, 1821852, 1, 4096, 0
7849, 1488975, 1, 4096, 0
7850, 1478161, 1, 4096, 0
7850, 1606828, 1, 4096, 0
7850, 1185004, 1, 4096, 0
7851, 2079561, 1, 4096, 0
7851, 1677049, 1, 4096, 0
7851, 1336802, 1, 4096, 0
7852, 2154321, 1, 4096, 0
7852, 2595048, 1, 4096, 0
7852, 2041495, 1, 4096, 0
7853, 2316316, 1, 4096, 0
7853, 1756628, 1, 4096, 0
7854, 1720509, 1, 4096, 0
7854, 2688518, 1, 4096, 0
7854, 1187127, 1, 4096, 0
7854, 2626566, 1, 4096, 0
7855, 3122808, 1, 4096, 0
7855, 1409390, 1, 4096, 0
7855, 1823864, 1, 4096, 0
7856, 1710687, 1, 4096, 0
7856, 1764795, 1, 4096, 0
7856, 2853489, 1, 4096, 0
7856, 1889970, 1, 4096, 0
7857, 1615167, 1, 4096, 0
7857, 1005459, 1, 4096, 0
7857, 2028700, 1, 4096, 0
7857, 1282025, 1, 4096, 0
7858, 1248751, 1, 4096, 0
7858, 1108592, 1, 4096, 0
7858, 1688608, 1, 4096, 0
7859, 1500715, 1, 4096, 0
7859, 1533323, 1, 4096, 0
7859, 1799601, 1, 4096, 0
7859, 1800136, 1, 4096, 0
7860, 1724466, 1, 4096, 0
7860, 1375136, 1, 4096, 0
7861, 1674455, 1, 4096, 0
7861, 2067594, 1, 4096, 0
7861, 3310661, 1, 4096, 0
7862, 1718094, 1, 4096, 0
7862, 1213838, 1, 4096, 0
7863, 2443428, 1, 4096, 0
7863, 1762828, 1, 4096, 0
7863, 2215231, 1, 4096, 0
7863, 3946899, 1, 4096, 0
7864, 1663122, 1, 4096, 0
7864, 2451212, 1, 4096, 0
7865, 1324009, 1, 4096, 0
7865, 1675307, 1, 4096, 0
7865, 1862598, 1, 4096, 0
7865, 1787465, 1, 4096, 0
7866, 2051598, 1, 4096, 0
7866, 1969303, 1, 4096, 0
7866, 1544711, 1, 4096, 0
7866, 1848442, 1, 4096, 0
7867, 2457350, 1, 4096, 0
7867, 2232271, 1, 4096, 0
7868, 1731103, 1, 4096, 0
7868, 1791012, 1, 4096, 0
7868, 1940077, 1, 4096, 0
7869, 1472002, 1, 4096, 0
7869, 2751507, 1, 4096, 0
7869, 1505543, 1, 4096, 0
7870, 1754476, 1, 4096, 0
7870, 1470949, 1, 4096, 0
7870, 2836927, 1, 4096, 0
7870, 1381509, 1, 4096, 0
7870, 1495313, 1, 4096, 0
7871, 1396260, 1, 4096, 0
7871, 1736287, 1, 4096, 0
7872, 1727522, 1, 4096, 0
7873, 1739096, 1, 4096, 0
7873, 1825757, 1, 4096, 0
7873, 2941097, 1, 4096, 0
7873, 3327039, 1, 4096, 0
7873, 2953609, 1, 4096, 0
7874, 2463486, 1, 4096, 0
7874, 1465681, 1, 4096, 0
7875, 1821788, 1, 4096, 0
7875, 1892985, 1, 4096, 0
7875, 2168656, 1, 4096, 0
7876, 1516237, 1, 4096, 0
7876, 1930502, 1, 4096, 0
7876, 1094717, 1, 4096, 0
7877, 3488128, 1, 4096, 0
7877, 2630093, 1, 4096, 0
7877, 2095624, 1, 4096, 0
7877, 1339008, 1, 4096, 0
7877, 1515827, 1, 4096, 0
7878, 1197120, 1, 4096, 0
7878, 1522698, 1, 4096, 0
7878, 1298842, 1, 4096, 0
7878, 1319502, 1, 4096, 0
7879, 1616216, 1, 4096, 0
7879, 1445931, 1, 4096, 0
7880, 1630792, 1, 4096, 0
7880, 1778389, 1, 4096, 0
7881, 3437436, 1, 4096, 0
7881, 935598, 1, 4096, 0
7881, 1741414, 1, 4096, 0
7882, 3226432, 1, 4096, 0
7882, 1569322, 1, 4096, 0
7882, 3422527, 1, 4096, 0
7883, 1935110, 1, 4096, 0
7883, 1865431, 1, 4096, 0
7883, 1988888, 1, 4096, 0
7883, 1544975, 1, 4096, 0
7884, 2179202, 1, 4096, 0
7884, 1583299, 1, 4096, 0
7884, 1679975, 1, 4096, 0
7884, 1675222, 1, 4096, 0
7885, 2418900, 1, 4096, 0
7885, 1100468, 1, 4096, 0
7886, 2146735, 1, 4096, 0
7886, 2171339, 1, 4096, 0
7886, 2322895, 1, 4096, 0
7886, 1906935, 1, 4096, 0
7887, 1504340, 1, 4096, 0
7887, 1703811, 1, 4096, 0
7888, 1386440, 1, 4096, 0
7888, 1682121, 1, 4096, 0
7888, 2197658, 1, 4096, 0
7888, 1575389, 1, 4096, 0
7889, 988799, 1, 4096, 0
7889, 2244346, 1, 4096, 0
7889, 1410855, 1, 4096, 0
7889, 1670887, 1, 4096, 0
7890, 2671285, 1, 4096, 0
7890, 2011399, 1, 4096, 0
7890, 1084071, 1, 4096, 0
7890, 1810423, 1, 4096, 0
7891, 1640837, 1, 4096, 0
7891, 1296308, 1, 4096, 0
7891, 1847027, 1, 4096, 0
7892, 1626691, 1, 4096, 0
7892, 1579705, 1, 4096, 0
7892, 1066942, 1, 4096, 0
7893, 2178652, 1, 4096, 0
7893, 1631260, 1, 4096, 0
7893, 3434468, 1, 4096, 0
7894, 1403564, 1, 4096, 0
7894, 1109880, 1, 4096, 0
7894, 1473435, 1, 4096, 0
7894, 1335683, 1, 4096, 0
7894, 2484287, 1, 4096, 0
7895, 1725871, 1, 4096, 0
7895, 1624952, 1, 4096, 0
7895, 1592868, 1, 4096, 0
7896, 1732027, 1, 4096, 0
7896, 2002030, 1, 4096, 0
7897, 2359465, 1, 4096, 0
7897, 2401117, 1, 4096, 0
7898, 2417588, 1, 4096, 0
7898, 1659650, 1, 4096, 0
7898, 2644935, 1, 4096, 0
7898, 2079023, 1, 4096, 0
7899, 3341280, 1, 4096, 0
7900, 2327393, 1, 4096, 0
7900, 2226692, 1, 4096, 0
7900, 1649740, 1, 4096, 0
7900, 1607775, 1, 4096, 0
7900, 2240810, 1, 4096, 0
7900, 2009916, 1, 4096, 0
7901, 1554726, 1, 4096, 0
7901, 1603190, 1, 4096, 0
7902, 1943301, 1, 4096, 0
7902, 1561999, 1, 4096, 0
7902, 1925720, 1, 4096, 0
7903, 2324707, 1, 4096, 0
7903, 1372830, 1, 4096, 0
7904, 1851443, 1, 4096, 0
7904, 2478220, 1, 4096, 0
7904, 1923069, 1, 4096, 0
7905, 1969380, 1, 4096, 0
7905, 1090316, 1, 4096, 0
7905, 2192986, 1, 4096, 0
7905, 1458624, 1, 4096, 0
7906, 1998646, 1, 4096, 0
7906, 1309812, 1, 4096, 0
7906, 3830582, 1, 4096, 0
7906, 1397170, 1, 4096, 0
7906, 1763522, 1, 4096, 0
7907, 1968802, 1, 4096, 0
7907, 1161394, 1, 4096, 0
7908, 1662310, 1, 4096, 0
7908, 2254024, 1, 4096, 0
7908, 2128316, 1, 4096, 0
7909, 2165964, 1, 4096, 0
7909, 1272903, 1, 4096, 0
7909, 1762557, 1, 4096, 0
7910, 1394405, 1, 4096, 0
7910, 1238540, 1, 4096, 0
7910, 1387400, 1, 4096, 0
7910, 1532068, 1, 4096, 0
7911, 2982752, 1, 4096, 0
7912, 2380832, 1, 4096, 0
7912, 1956947, 1, 4096, 0
7912, 1996055, 1, 4096, 0
7912, 2122794, 1, 4096, 0
7912, 1951740, 1, 4096, 0
7913, 2002210, 1, 4096, 0
7913, 1363366, 1, 4096, 0
7914, 1509410, 1, 4096, 0
7914, 2185884, 1, 4096, 0
7914, 1785176, 1, 4096, 0
7914, 2207657, 1, 4096, 0
7915, 1499689, 1, 4096, 0
7915, 2111733, 1, 4096, 0
7915, 1588243, 1, 4096, 0
7916, 1709069, 1, 4096, 0
7916, 2965273, 1, 4096, 0
7916, 2027745, 1, 4096, 0
7917, 1488367, 1, 4096, 0
7917, 1856314, 1, 4096, 0
7917, 1893764, 1, 4096, 0
7918, 2029738, 1, 4096, 0
7918, 2392762, 1, 4096, 0
7919, 1740957, 1, 4096, 0
7919, 3588234, 1, 4096, 0
7919, 1539475, 1, 4096, 0
7919, 2029125, 1, 4096, 0
7919, 1612950, 1, 4096, 0
7919, 1841442, 1, 4096, 0
7920, 1438694, 1, 4096, 0
7921, 1930302, 1, 4096, 0
7921, 1030213, 1, 4096, 0
7922, 3662944, 1, 4096, 0
7922, 3068134, 1, 4096, 0
7923, 3575222, 1, 4096, 0
7923, 1247082, 1, 4096, 0
7923, 3491822, 1, 4096, 0
7923, 1894806, 1, 4096, 0
7924, 1301116, 1, 4096, 0
7924, 1292600, 1, 4096, 0
7924, 1383547, 1, 4096, 0
7924, 1896207, 1, 4096, 0
7925, 1682755, 1, 4096, 0
7926, 2943068, 1, 4096, 0
7926, 1856401, 1, 4096, 0
7926, 2078253, 1, 4096, 0
7927, 3158063, 1, 4096, 0
7927, 1636949, 1, 4096, 0
7927, 2734587, 1, 4096, 0
7928, 1837625, 1, 4096, 0
7928, 1983079, 1, 4096, 0
7929, 1493619, 1, 4096, 0
7929, 3629035, 1, 4096, 0
7929, 1488732, 1, 4096, 0
7930, 4211562, 1, 4096, 0
7930, 2842201, 1, 4096, 0
7930, 1593215, 1, 4096, 0
7931, 1469336, 1, 4096, 0
7931, 2394101, 1, 4096, 0
7931, 1193763, 1, 4096, 0
7932, 1461618, 1, 4096, 0
7932, 1933586, 1, 4096, 0
7932, 2822106, 1, 4096, 0
7932, 1208426, 1, 4096, 0
7933, 1656846, 1, 4096, 0
7933, 1755871, 1, 4096, 0
7933, 1539912, 1, 4096, 0
7933, 1203839, 1, 4096, 0
7934, 1464472, 1, 4096, 0
7934, 1780159, 1, 4096, 0
7934, 1537589, 1, 4096, 0
7935, 1559910, 1, 4096, 0
7935, 1344815, 1, 4096, 0
7935, 1804738, 1, 4096, 0
7935, 1871278, 1, 4096, 0
7935, 2894707, 1, 4096, 0
7937, 2232279, 1, 4096, 0
7937, 1861493, 1, 4096, 0
7937, 1707024, 1, 4096, 0
7937, 1323531, 1, 4096, 0
7937, 1996341, 1, 4096, 0
7937, 1586666, 1, 4096, 0
7938, 1268191, 1, 4096, 0
7938, 1567089, 1, 4096, 0
7939, 1820264, 1, 4096, 0
7939, 2020675, 1, 4096, 0
7939, 1743917, 1, 4096, 0
7939, 2067522, 1, 4096, 0
7940, 1836637, 1, 4096, 0
7940, 2217958, 1, 4096, 0
7940, 1581709, 1, 4096, 0
7941, 1632367, 1, 4096, 0
7941, 2798530, 1, 4096, 0
7941, 1432867, 1, 4096, 0
7942, 3212871, 1, 4096, 0
7942, 1633953, 1, 4096, 0
7942, 1563083, 1, 4096, 0
7942, 1587800, 1, 4096, 0
7943, 1803161, 1, 4096, 0
7943, 1387333, 1, 4096, 0
7943, 1189431, 1, 4096, 0
7944, 2074598, 1, 4096, 0
7944, 1757226, 1, 4096, 0
7945, 1453197, 1, 4096, 0
7945, 1435682, 1, 4096, 0
7945, 2937427, 1, 4096, 0
7945, 1904565, 1, 4096, 0
7946, 2168572, 1, 4096, 0
7946, 2731121, 1, 4096, 0
7946, 1526373, 1, 4096, 0
7947, 1992487, 1, 4096, 0
7947, 2235489, 1, 4096, 0
7947, 1514077, 1, 4096, 0
7947, 1809240, 1, 4096, 0
7948, 1421419, 1, 4096, 0
7948, 1639673, 1, 4096, 0
7948, 1051004, 1, 4096, 0
7948, 1723143, 1, 4096, 0
7949, 1714302, 1, 4096, 0
7950, 1140810, 1, 4096, 0
7950, 1400214, 1, 4096, 0
7950, 3133995, 1, 4096, 0
7950, 2612143, 1, 4096, 0
7951, 2773000, 1, 4096, 0
7951, 3437073, 1, 4096, 0
7952, 2079237, 1, 4096, 0
7952, 1984188, 1, 4096, 0
7953, 1509154, 1, 4096, 0
7953, 3056310, 1, 4096, 0
7954, 3200429, 1, 4096, 0
7954, 2526915, 1, 4096, 0
7954, 1809816, 1, 4096, 0
7954, 1420059, 1, 4096, 0
7954, 1649373, 1, 4096, 0
7954, 1698370, 1, 4096, 0
7955, 912213, 1, 4096, 0
7955, 1698652, 1, 4096, 0
7955, 1396820, 1, 4096, 0
7956, 1518561, 1, 4096, 0
7956, 1560179, 1, 4096, 0
7956, 1388134, 1, 4096, 0
7956, 890432, 1, 4096, 0
7957, 1357709, 1, 4096, 0
7957, 1605640, 1, 4096, 0
7957, 2741721, 1, 4096, 0
7957, 1809914, 1, 4096, 0
7958, 1310982, 1, 4096, 0
7959, 2929543, 1, 4096, 0
7959, 1233721, 1, 4096, 0
7959, 1731061, 1, 4096, 0
7959, 2208039, 1, 4096, 0
7960, 2251961, 1, 4096, 0
7960, 2909014, 1, 4096, 0
7961, 1670497, 1, 4096, 0
7961, 2106476, 1, 4096, 0
7961, 1490135, 1, 4096, 0
7961, 1310923, 1, 4096, 0
7962, 2225881, 1, 4096, 0
7962, 1287223, 1, 4096, 0
7962, 2744716, 1, 4096, 0
7962, 1272706, 1, 4096, 0
7963, 1757675, 1, 4096, 0
7964, 1703963, 1, 4096, 0
7964, 1932493, 1, 4096, 0
7964, 2969146, 1, 4096, 0
7964, 1951468, 1, 4096, 0
7964, 2510373, 1, 4096, 0
7965, 1481734, 1, 4096, 0
7965, 2763505, 1, 4096, 0
7966, 1602722, 1, 4096, 0
7966, 1957320, 1, 4096, 0
7966, 2303802, 1, 4096, 0
7966, 2010889, 1, 4096, 0
7967, 1583941, 1, 4096, 0
7967, 1286607, 1, 4096, 0
7968, 1235028, 1, 4096, 0
7968, 2045009, 1, 4096, 0
7968, 1219423, 1, 4096, 0
7968, 3169775, 1, 4096, 0
7969, 1489978, 1, 4096, 0
7969, 2178144, 1, 4096, 0
7970, 1398987, 1, 4096, 0
7970, 1362850, 1, 4096, 0
7970, 1987048, 1, 4096, 0
7970, 3784494, 1, 4096, 0
7970, 1400279, 1, 4096, 0
7971, 1386569, 1, 4096, 0
7971, 1365003, 1, 4096, 0
7971, 1932610, 1, 4096, 0
7971, 1906986, 1, 4096, 0
7972, 1596368, 1, 4096, 0
7972, 2069344, 1, 4096, 0
7973, 2169954, 1, 4096, 0
7973, 1644613, 1, 4096, 0
7973, 1782578, 1, 4096, 0
7973, 1226504, 1, 4096, 0
7974, 2552393, 1, 4096, 0
7974, 1855503, 1, 4096, 0
7974, 1423984, 1, 4096, 0
7974, 1295162, 1, 4096, 0
7975, 1929884, 1, 4096, 0
7975, 1970081, 1, 4096, 0
7976, 1720044, 1, 4096, 0
7976, 2108778, 1, 4096, 0
7977, 2202860, 1, 4096, 0
7977, 1445433, 1, 4096, 0
7977, 3095937, 1, 4096, 0
7977, 1621175, 1, 4096, 0
7978, 1282579, 1, 4096, 0
7978, 2280127, 1, 4096, 0
7978, 1763359, 1, 4096, 0
7978, 1453360, 1, 4096, 0
7978, 1275216, 1, 4096, 0
7979, 2593467, 1, 4096, 0
7979, 1177419, 1, 4096, 0
7980, 1851949, 1, 4096, 0
7980, 1855229, 1, 4096, 0
7980, 2216471, 1, 4096, 0
7980, 2013502, 1, 4096, 0
7981, 1377328, 1, 4096, 0
7981, 1778333, 1, 4096, 0
7982, 2080382, 1, 4096, 0
7982, 1884701, 1, 4096, 0
7982, 2349903, 1, 4096, 0
7983, 1533955, 1, 4096, 0
7983, 2070255, 1, 4096, 0
7983, 1145285, 1, 4096, 0
7984, 3354847, 1, 4096, 0
7984, 1557410, 1, 4096, 0
7984, 1443716, 1, 4096, 0
7984, 1720027, 1, 4096, 0
7985, 2083854, 1, 4096, 0
7985, 2686085, 1, 4096, 0
7985, 1658404, 1, 4096, 0
7986, 2178214, 1, 4096, 0
7986, 1792730, 1, 4096, 0
7987, 1161384, 1, 4096, 0
7987, 2700269, 1, 4096, 0
7988, 2413003, 1, 4096, 0
7988, 2863422, 1, 4096, 0
7988, 3228874, 1, 4096, 0
7988, 2082551, 1, 4096, 0
7989, 1681085, 1, 4096, 0
7989, 1731892, 1, 4096, 0
7990, 1919884, 1, 4096, 0
7990, 1936440, 1, 4096, 0
7990, 2365721, 1, 4096, 0
7990, 1800150, 1, 4096, 0
7991, 1731677, 1, 4096, 0
7991, 1598517, 1, 4096, 0
7991, 2171039, 1, 4096, 0
7992, 1295865, 1, 4096, 0
7992, 2479780, 1, 4096, 0
7993, 1876248, 1, 4096, 0
7993, 3172797, 1, 4096, 0
7993, 3689497, 1, 4096, 0
7994, 1523192, 1, 4096, 0
7994, 2040273, 1, 4096, 0
7994, 2887872, 1, 4096, 0
7995, 1671675, 1, 4096, 0
7995, 2189439, 1, 4096, 0
7996, 1791463, 1, 4096, 0
7996, 2466480, 1, 4096, 0
7996, 1855238, 1, 4096, 0
7996, 2249452, 1, 4096, 0
7996, 1771022, 1, 4096, 0
7996, 1112815, 1, 4096, 0
7998, 1589133, 1, 4096, 0
7998, 1897005, 1, 4096, 0
7998, 2022017, 1, 4096, 0
7998, 1365582, 1, 4096, 0
7998, 1522255, 1, 4096, 0
7999, 2270287, 1, 4096, 0
7999, 1219257, 1, 4096, 0
7999, 1662481, 1, 4096, 0
7999, 1701084, 1, 4096, 0
8000, 2047978, 1, 4096, 0
8001, 1391390, 1, 4096, 0
8001, 1767176, 1, 4096, 0
8001, 3011464, 1, 4096, 0
8001, 2440033, 1, 4096, 0
8001, 1821396, 1, 4096, 0
8002, 1785965, 1, 4096, 0
8002, 1530143, 1, 4096, 0
8002, 1256236, 1, 4096, 0
8002, 1664415, 1, 4096, 0
8003, 1644955, 1, 4096, 0
8003, 1758040, 1, 4096, 0
8004, 1419769, 1, 4096, 0
8004, 1591119, 1, 4096, 0
8004, 1382605, 1, 4096, 0
8005, 2206817, 1, 4096, 0
8005, 3025660, 1, 4096, 0
8005, 1399592, 1, 4096, 0
8006, 2554991, 1, 4096, 0
8006, 2078820, 1, 4096, 0
8006, 2075005, 1, 4096, 0
8007, 2141044, 1, 4096, 0
8007, 1457209, 1, 4096, 0
8007, 1258959, 1, 4096, 0
8008, 3149024, 1, 4096, 0
8008, 1618170, 1, 4096, 0
8008, 1749147, 1, 4096, 0
8008, 1351830, 1, 4096, 0
8008, 1709540, 1, 4096, 0
8009, 2415054, 1, 4096, 0
8009, 1600762, 1, 4096, 0
8010, 1888215, 1, 4096, 0
8010, 2076633, 1, 4096, 0
8010, 1889417, 1, 4096, 0
8010, 1743486, 1, 4096, 0
8011, 1624280, 1, 4096, 0
8011, 1652638, 1, 4096, 0
8011, 1454306, 1, 4096, 0
8012, 1367838, 1, 4096, 0
8012, 1799634, 1, 4096, 0
8012, 1838394, 1, 4096, 0
8012, 1296269, 1, 4096, 0
8013, 1779019, 1, 4096, 0
8013, 1571348, 1, 4096, 0
8013, 2155094, 1, 4096, 0
8013, 1653724, 1, 4096, 0
8013, 1415406, 1, 4096, 0
8014, 1773099, 1, 4096, 0
8015, 1700285, 1, 4096, 0
8015, 1842563, 1, 4096, 0
8015, 1545542, 1, 4096, 0
8015, 1838799, 1, 4096, 0
8016, 1729053, 1, 4096, 0
8016, 2395117, 1, 4096, 0
8016, 1203716, 1, 4096, 0
8016, 1653507, 1, 4096, 0
8017, 1739182, 1, 4096, 0
8017, 1554197, 1, 4096, 0
8017, 1713647, 1, 4096, 0
8017, 2402091, 1, 4096, 0
8017, 1313762, 1, 4096, 0
8019, 2677215, 1, 4096, 0
8019, 2008221, 1, 4096, 0
8019, 2640639, 1, 4096, 0
8019, 2394709, 1, 4096, 0
8020, 2292554, 1, 4096, 0
8020, 2777775, 1, 4096, 0
8021, 1212273, 1, 4096, 0
8021, 1748635, 1, 4096, 0
8021, 1913632, 1, 4096, 0
8021, 2222982, 1, 4096, 0
8021, 2104183, 1, 4096, 0
8022, 1505683, 1, 4096, 0
8022, 2138925, 1, 4096, 0
8023, 1532095, 1, 4096, 0
8023, 1641188, 1, 4096, 0
8023, 1961123, 1, 4096, 0
8024, 2237536, 1, 4096, 0
8024, 1758346, 1, 4096, 0
8024, 1869386, 1, 4096, 0
8024, 1362998, 1, 4096, 0
8025, 2290127, 1, 4096, 0
8026, 1585865, 1, 4096, 0
8026, 2582966, 1, 4096, 0
8026, 2031604, 1, 4096, 0
8026, 2369490, 1, 4096, 0
8026, 2210321, 1, 4096, 0
8027, 1608724, 1, 4096, 0
8027, 1634226, 1, 4096, 0
8028, 1546566, 1, 4096, 0
8028, 1864137, 1, 4096, 0
8028, 2371558, 1, 4096, 0
8028, 1518187, 1, 4096, 0
8029, 1231346, 1, 4096, 0
8029, 2429401, 1, 4096, 0
8029, 1278349, 1, 4096, 0
8029, 1671195, 1, 4096, 0
8030, 1744070, 1, 4096, 0
8030, 1411187, 1, 4096, 0
8031, 2082371, 1, 4096, 0
8031, 1694391, 1, 4096, 0
8031, 1922899, 1, 4096, 0
8031, 1019666, 1, 4096, 0
8031, 1787928, 1, 4096, 0
8032, 1256317, 1, 4096, 0
8032, 1484301, 1, 4096, 0
8032, 2309006, 1, 4096, 0
8033, 2404633, 1, 4096, 0
8033, 1828341, 1, 4096, 0
8033, 2221376, 1, 4096, 0
8034, 1418760, 1, 4096, 0
8034, 1177421, 1, 4096, 0
8034, 1753159, 1, 4096, 0
8035, 1531717, 1, 4096, 0
8035, 2056900, 1, 4096, 0
8035, 1282851, 1, 4096, 0
8036, 2103398, 1, 4096, 0
8036, 2466174, 1, 4096, 0
8036, 2323960, 1, 4096, 0
8036, 1420182, 1, 4096, 0
8038, 2529564, 1, 4096, 0
8038, 2018233, 1, 4096, 0
8038, 2388769, 1, 4096, 0
8038, 2269106, 1, 4096, 0
8038, 3307035, 1, 4096, 0
8039, 3309758, 1, 4096, 0
8040, 1753882, 1, 4096, 0
8040, 1852816, 1, 4096, 0
8040, 1617474, 1, 4096, 0
8040, 2403383, 1, 4096, 0
8040, 2294174, 1, 4096, 0
8041, 1300078, 1, 4096, 0
8041, 2000620, 1, 4096, 0
8041, 1458073, 1, 4096, 0
8041, 1696338, 1, 4096, 0
8042, 2029360, 1, 4096, 0
8043, 1807851, 1, 4096, 0
8044, 3098796, 1, 4096, 0
8044, 2592802, 1, 4096, 0
8044, 2757002, 1, 4096, 0
8044, 2478614, 1, 4096, 0
8045, 2763879, 1, 4096, 0
8046, 2092524, 1, 4096, 0
8046, 1892092, 1, 4096, 0
8046, 2770780, 1, 4096, 0
8046, 2430810, 1, 4096, 0
8046, 2471501, 1, 4096, 0
8047, 2436708, 1, 4096, 0
8047, 1576123, 1, 4096, 0
8048, 1899177, 1, 4096, 0
8048, 1027085, 1, 4096, 0
8048, 1895532, 1, 4096, 0
8049, 2368528, 1, 4096, 0
8049, 2952240, 1, 4096, 0
8049, 1838999, 1, 4096, 0
8050, 2207411, 1, 4096, 0
8050, 1388485, 1, 4096, 0
8050, 2218486, 1, 4096, 0
8051, 2904725, 1, 4096, 0
8051, 2335160, 1, 4096, 0
8052, 1644507, 1, 4096, 0
8052, 3153908, 1, 4096, 0
8052, 905626, 1, 4096, 0
8053, 2387897, 1, 4096, 0
8053, 1051874, 1, 4096, 0
8053, 1723238, 1, 4096, 0
8053, 1443160, 1, 4096, 0
8053, 2837034, 1, 4096, 0
8054, 1968508, 1, 4096, 0
8055, 2064308, 1, 4096, 0
8055, 1622759, 1, 4096, 0
8055, 1923740, 1, 4096, 0
8056, 2765102, 1, 4096, 0
8056, 2054981, 1, 4096, 0
8056, 3354275, 1, 4096, 0
8056, 1357189, 1, 4096, 0
8057, 1738014, 1, 4096, 0
8057, 1457712, 1, 4096, 0
8057, 1252778, 1, 4096, 0
8058, 1253458, 1, 4096, 0
8058, 2176218, 1, 4096, 0
8058, 1721438, 1, 4096, 0
8058, 2294255, 1, 4096, 0
8058, 1832185, 1, 4096, 0
8059, 1419326, 1, 4096, 0
8060, 2040115, 1, 4096, 0
8060, 1855032, 1, 4096, 0
8060, 1347004, 1, 4096, 0
8060, 1672558, 1, 4096, 0
8061, 2183702, 1, 4096, 0
8061, 1522240, 1, 4096, 0
8061, 1720288, 1, 4096, 0
8062, 1972568, 1, 4096, 0
8062, 2935839, 1, 4096, 0
8062, 1817689, 1, 4096, 0
8063, 1672587, 1, 4096, 0
8063, 927700, 1, 4096, 0
8063, 2522401, 1, 4096, 0
8063, 1994213, 1, 4096, 0
8064, 1612956, 1, 4096, 0
8064, 2420930, 1, 4096, 0
8064, 2753116, 1, 4096, 0
8064, 1390253, 1, 4096, 0
8066, 1493679, 1, 4096, 0
8066, 2596704, 1, 4096, 0
8066, 1877735, 1, 4096, 0
8066, 1767327, 1, 4096, 0
8067, 2126533, 1, 4096, 0
8067, 3774094, 1, 4096, 0
8068, 1616839, 1, 4096, 0
8068, 1766508, 1, 4096, 0
8068, 1210706, 1, 4096, 0
8068, 1858856, 1, 4096, 0
8068, 1741003, 1, 4096, 0
8068, 2039018, 1, 4096, 0
8069, 1184954, 1, 4096, 0
8069, 1303532, 1, 4096, 0
8069, 1282832, 1, 4096, 0
8070, 1295185, 1, 4096, 0
8071, 1130450, 1, 4096, 0
8071, 2596787, 1, 4096, 0
8071, 2470283, 1, 4096, 0
8071, 1921514, 1, 4096, 0
8071, 2573156, 1, 4096, 0
8072, 2511664, 1, 4096, 0
8072, 1414537, 1, 4096, 0
8072, 1582075, 1, 4096, 0
8073, 1969509, 1, 4096, 0
8073, 2430073, 1, 4096, 0
8074, 2162243, 1, 4096, 0
8074, 2362998, 1, 4096, 0
8074, 1929496, 1, 4096, 0
8075, 2924067, 1, 4096, 0
8075, 2093349, 1, 4096, 0
8075, 2769272, 1, 4096, 0
8076, 1755282, 1, 4096, 0
8076, 2653588, 1, 4096, 0
8076, 2712543, 1, 4096, 0
8077, 1466882, 1, 4096, 0
8077, 1969077, 1, 4096, 0
8078, 1587599, 1, 4096, 0
8078, 2573273, 1, 4096, 0
8078, 2004145, 1, 4096, 0
8078, 2008267, 1, 4096, 0
8079, 1433380, 1, 4096, 0
8079, 2367544, 1, 4096, 0
8079, 1076780, 1, 4096, 0
8080, 2115970, 1, 4096, 0
8080, 1968546, 1, 4096, 0
8081, 1641014, 1, 4096, 0
8081, 3745414, 1, 4096, 0
8081, 1947749, 1, 4096, 0
8082, 1222694, 1, 4096, 0
8083, 1416599, 1, 4096, 0
8083, 2221123, 1, 4096, 0
8083, 2806569, 1, 4096, 0
8083, 3117435, 1, 4096, 0
8083, 4023828, 1, 4096, 0
8084, 1951969, 1, 4096, 0
8085, 1398797, 1, 4096, 0
8085, 1812651, 1, 4096, 0
8086, 2672298, 1, 4096, 0
8086, 2608830, 1, 4096, 0
8086, 2024764, 1, 4096, 0
8086, 3073229, 1, 4096, 0
8086, 1826827, 1, 4096, 0
8087, 1466267, 1, 4096, 0
8088, 2796947, 1, 4096, 0
8088, 1596386, 1, 4096, 0
8088, 1369804, 1, 4096, 0
8088, 2161461, 1, 4096, 0
8089, 2084294, 1, 4096, 0
8089, 2092866, 1, 4096, 0
8089, 1711211, 1, 4096, 0
8089, 1856159, 1, 4096, 0
8089, 1575886, 1, 4096, 0
8090, 1846577, 1, 4096, 0
8090, 1579653, 1, 4096, 0
8091, 1297834, 1, 4096, 0
8091, 1447545, 1, 4096, 0
8092, 2316377, 1, 4096, 0
8092, 1868990, 1, 4096, 0
8092, 2758981, 1, 4096, 0
8092, 1272972, 1, 4096, 0
8092, 2237840, 1, 4096, 0
8093, 1180566, 1, 4096, 0
8093, 1507873, 1, 4096, 0
8094, 2957195, 1, 4096, 0
8094, 1892207, 1, 4096, 0
8094, 2374612, 1, 4096, 0
8095, 2622155, 1, 4096, 0
8095, 1494548, 1, 4096, 0
8095, 1965754, 1, 4096, 0
8096, 1793584, 1, 4096, 0
8096, 1562907, 1, 4096, 0
8097, 2526330, 1, 4096, 0
8097, 1782512, 1, 4096, 0
8098, 1173615, 1, 4096, 0
8098, 3760798, 1, 4096, 0
8098, 3816916, 1, 4096, 0
8098, 3793983, 1, 4096, 0
8099, 1913579, 1, 4096, 0
8099, 1724244, 1, 4096, 0
8100, 2333037, 1, 4096, 0
8100, 1987990, 1, 4096, 0
8100, 1699623, 1, 4096, 0
8101, 2644156, 1, 4096, 0
8101, 1732427, 1, 4096, 0
8101, 1793161, 1, 4096, 0
8101, 1716349, 1, 4096, 0
8102, 2007293, 1, 4096, 0
8102, 2454394, 1, 4096, 0
8103, 1585577, 1, 4096, 0
8103, 1902382, 1, 4096, 0
8103, 1319246, 1, 4096, 0
8103, 2680995, 1, 4096, 0
8104, 2117283, 1, 4096, 0
8104, 1310715, 1, 4096, 0
8104, 2034143, 1, 4096, 0
8105, 1180243, 1, 4096, 0
8105, 1971339, 1, 4096, 0
8106, 1723786, 1, 4096, 0
8106, 2759523, 1, 4096, 0
8106, 1979928, 1, 4096, 0
8106, 2915210, 1, 4096, 0
8107, 2154957, 1, 4096, 0
8107, 2362643, 1, 4096, 0
8108, 1341759, 1, 4096, 0
8108, 1610383, 1, 4096, 0
8109, 2226364, 1, 4096, 0
8109, 1890910, 1, 4096, 0
8109, 2420183, 1, 4096, 0
8109, 1929449, 1, 4096, 0
8109, 1749669, 1, 4096, 0
8110, 2009218, 1, 4096, 0
8110, 1328381, 1, 4096, 0
8110, 1441816, 1, 4096, 0
8111, 2000684, 1, 4096, 0
8111, 1893942, 1, 4096, 0
8111, 1353238, 1, 4096, 0
8112, 2067397, 1, 4096, 0
8112, 1804621, 1, 4096, 0
8112, 1411591, 1, 4096, 0
8112, 2282121, 1, 4096, 0
8112, 1725087, 1, 4096, 0
8113, 2412409, 1, 4096, 0
8113, 1435750, 1, 4096, 0
8114, 1627101, 1, 4096, 0
8114, 1619722, 1, 4096, 0
8114, 1832869, 1, 4096, 0
8114, 992956, 1, 4096, 0
8115, 2396271, 1, 4096, 0
8115, 1810158, 1, 4096, 0
8115, 1394247, 1, 4096, 0
8116, 1863438, 1, 4096, 0
8116, 1558205, 1, 4096, 0
8116, 2565724, 1, 4096, 0
8116, 1804465, 1, 4096, 0
8117, 1970431, 1, 4096, 0
8117, 2028293, 1, 4096, 0
8117, 1188864, 1, 4096, 0
8118, 1491072, 1, 4096, 0
8118, 1511181, 1, 4096, 0
8119, 2670301, 1, 4096, 0
8119, 1368444, 1, 4096, 0
8119, 1754308, 1, 4096, 0
8119, 1472843, 1, 4096, 0
8119, 2483686, 1, 4096, 0
8120, 2512231, 1, 4096, 0
8120, 1738951, 1, 4096, 0
8121, 1625873, 1, 4096, 0
8121, 2102760, 1, 4096, 0
8121, 1640880, 1, 4096, 0
8121, 2214865, 1, 4096, 0
8122, 2309497, 1, 4096, 0
8122, 1506668, 1, 4096, 0
8123, 1178971, 1, 4096, 0
8123, 1737839, 1, 4096, 0
8123, 1647717, 1, 4096, 0
8123, 1889090, 1, 4096, 0
8123, 1514806, 1, 4096, 0
8123, 1897547, 1, 4096, 0
8124, 1441524, 1, 4096, 0
8124, 1501202, 1, 4096, 0
8124, 1117986, 1, 4096, 0
8125, 1681509, 1, 4096, 0
8125, 1772708, 1, 4096, 0
8125, 1371687, 1, 4096, 0
8126, 1780385, 1, 4096, 0
8126, 2382893, 1, 4096, 0
8126, 2194602, 1, 4096, 0
8127, 2121005, 1, 4096, 0
8127, 1725436, 1, 4096, 0
8127, 1440459, 1, 4096, 0
8127, 1831699, 1, 4096, 0
8128, 1555657, 1, 4096, 0
8128, 2333440, 1, 4096, 0
8128, 1362027, 1, 4096, 0
8129, 1768047, 1, 4096, 0
8129, 1554119, 1, 4096, 0
8129, 2083425, 1, 4096, 0
8130, 1515875, 1, 4096, 0
8130, 1351351, 1, 4096, 0
8130, 1561674, 1, 4096, 0
8131, 1934529, 1, 4096, 0
8131, 1948876, 1, 4096, 0
8132, 2073046, 1, 4096, 0
8132, 2501113, 1, 4096, 0
8132, 3427496, 1, 4096, 0
8133, 1770822, 1, 4096, 0
8133, 1899281, 1, 4096, 0
8133, 3555733, 1, 4096, 0
8133, 1446492, 1, 4096, 0
8133, 1372722, 1, 4096, 0
8134, 2507109, 1, 4096, 0
8135, 2146717, 1, 4096, 0
8135, 1537597, 1, 4096, 0
8135, 1887419, 1, 4096, 0
8136, 2645703, 1, 4096, 0
8136, 2753179, 1, 4096, 0
8136, 2133448, 1, 4096, 0
8137, 1957087, 1, 4096, 0
8137, 2131203, 1, 4096, 0
8137, 1508044, 1, 4096, 0
8138, 1956221, 1, 4096, 0
8138, 2278432, 1, 4096, 0
8138, 1568833, 1, 4096, 0
8138, 2226934, 1, 4096, 0
8139, 1618279, 1, 4096, 0
8139, 1903406, 1, 4096, 0
8140, 1119825, 1, 4096, 0
8140, 1659937, 1, 4096, 0
8140, 1676788, 1, 4096, 0
8140, 1808620, 1, 4096, 0
8140, 1783510, 1, 4096, 0
8141, 2336615, 1, 4096, 0
8141, 1566336, 1, 4096, 0
8142, 1886867, 1, 4096, 0
8142, 1817320, 1, 4096, 0
8142, 1854887, 1, 4096, 0
8143, 2275115, 1, 4096, 0
8143, 1996490, 1, 4096, 0
8143, 3042233, 1, 4096, 0
8143, 1163157, 1, 4096, 0
8144, 1791391, 1, 4096, 0
8145, 1333626, 1, 4096, 0
8145, 1750168, 1, 4096, 0
8145, 3222302, 1, 4096, 0
8145, 1634851, 1, 4096, 0
8145, 2276804, 1, 4096, 0
8146, 2867239, 1, 4096, 0
8146, 1336775, 1, 4096, 0
8146, 1210529, 1, 4096, 0
8146, 1470811, 1, 4096, 0
8147, 1724137, 1, 4096, 0
8147, 1183702, 1, 4096, 0
8149, 2506733, 1, 4096, 0
8149, 2315986, 1, 4096, 0
8149, 3577268, 1, 4096, 0
8149, 2877255, 1, 4096, 0
8149, 2509738, 1, 4096, 0
8149, 1869444, 1, 4096, 0
8151, 1567720, 1, 4096, 0
8151, 1578580, 1, 4096, 0
8151, 1944966, 1, 4096, 0
8151, 2068247, 1, 4096, 0
8151, 2199561, 1, 4096, 0
8151, 2494492, 1, 4096, 0
8152, 1903644, 1, 4096, 0
8152, 1908568, 1, 4096, 0
8153, 2029754, 1, 4096, 0
8153, 1439788, 1, 4096, 0
8153, 2113098, 1, 4096, 0
8153, 2117288, 1, 4096, 0
8154, 1221068, 1, 4096, 0
8155, 1451155, 1, 4096, 0
8155, 2272750, 1, 4096, 0
8155, 1937268, 1, 4096, 0
8156, 1203562, 1, 4096, 0
8156, 1183424, 1, 4096, 0
8156, 2523141, 1, 4096, 0
8156, 3569968, 1, 4096, 0
8157, 3202121, 1, 4096, 0
8157, 2676267, 1, 4096, 0
8158, 1983624, 1, 4096, 0
8158, 2056373, 1, 4096, 0
8159, 2020966, 1, 4096, 0
8159, 2523742, 1, 4096, 0
8159, 2413953, 1, 4096, 0
8159, 1507966, 1, 4096, 0
8159, 1546422, 1, 4096, 0
8160, 1412755, 1, 4096, 0
8160, 1285175, 1, 4096, 0
8160, 2500754, 1, 4096, 0
8161, 1130434, 1, 4096, 0
8161, 1815630, 1, 4096, 0
8161, 1809322, 1, 4096, 0
8162, 1693234, 1, 4096, 0
8162, 1815805, 1, 4096, 0
8162, 1658716, 1, 4096, 0
8162, 1843395, 1, 4096, 0
8163, 1759950, 1, 4096, 0
8163, 2230213, 1, 4096, 0
8164, 1323129, 1, 4096, 0
8164, 2344843, 1, 4096, 0
8164, 2216983, 1, 4096, 0
8164, 2435277, 1, 4096, 0
8165, 2285901, 1, 4096, 0
8165, 2148658, 1, 4096, 0
8165, 1539235, 1, 4096, 0
8166, 1771670, 1, 4096, 0
8166, 2178398, 1, 4096, 0
8166, 1584397, 1, 4096, 0
8167, 2245362, 1, 4096, 0
8167, 1868188, 1, 4096, 0
8167, 1746643, 1, 4096, 0
8168, 1703470, 1, 4096, 0
8168, 1374536, 1, 4096, 0
8168, 1978701, 1, 4096, 0
8168, 1818310, 1, 4096, 0
8169, 2718985, 1, 4096, 0
8169, 2126392, 1, 4096, 0
8170, 1493141, 1, 4096, 0
8170, 1958214, 1, 4096, 0
8171, 2592922, 1, 4096, 0
8171, 1451600, 1, 4096, 0
8171, 3246143, 1, 4096, 0
8171, 2044042, 1, 4096, 0
8171, 1058742, 1, 4096, 0
8172, 1045180, 1, 4096, 0
8172, 3158634, 1, 4096, 0
8173, 1404667, 1, 4096, 0
8173, 1354977, 1, 4096, 0
8173, 2039951, 1, 4096, 0
8173, 1031053, 1, 4096, 0
8174, 2798266, 1, 4096, 0
8175, 2242921, 1, 4096, 0
8175, 1770200, 1, 4096, 0
8175, 1485981, 1, 4096, 0
8175, 2080293, 1, 4096, 0
8175, 2020355, 1, 4096, 0
8176, 2001941, 1, 4096, 0
8176, 1608329, 1, 4096, 0
8176, 1763089, 1, 4096, 0
8176, 1774554, 1, 4096, 0
8177, 1940352, 1, 4096, 0
8177, 1160182, 1, 4096, 0
8177, 2583294, 1, 4096, 0
8178, 1769240, 1, 4096, 0
8178, 1964004, 1, 4096, 0
8179, 1470134, 1, 4096, 0
8179, 2492705, 1, 4096, 0
8179, 1094902, 1, 4096, 0
8179, 2309320, 1, 4096, 0
8180, 2487186, 1, 4096, 0
8180, 1735575, 1, 4096, 0
8181, 2099917, 1, 4096, 0
8181, 2660495, 1, 4096, 0
8181, 2000890, 1, 4096, 0
8182, 1152935, 1, 4096, 0
8182, 1405285, 1, 4096, 0
8182, 1464205, 1, 4096, 0
8182, 3046100, 1, 4096, 0
8184, 3976234, 1, 4096, 0
8184, 2847645, 1, 4096, 0
8184, 2401070, 1, 4096, 0
8184, 1527646, 1, 4096, 0
8185, 2102218, 1, 4096, 0
8185, 2534537, 1, 4096, 0
8186, 1707008, 1, 4096, 0
8186, 2221512, 1, 4096, 0
8186, 2433087, 1, 4096, 0
8187, 866452, 1, 4096, 0
8187, 2582395, 1, 4096, 0
8187, 2047789, 1, 4096, 0
8187, 1690719, 1, 4096, 0
8188, 1806882, 1, 4096, 0
8188, 1378851, 1, 4096, 0
8188, 1720573, 1, 4096, 0
8188, 1955609, 1, 4096, 0
8189, 2144282, 1, 4096, 0
8189, 1960640, 1, 4096, 0
8189, 1231116, 1, 4096, 0
8190, 2039451, 1, 4096, 0
8190, 1702144, 1, 4096, 0
8190, 1892145, 1, 4096, 0
8190, 2466336, 1, 4096, 0
8192, 1404918, 1, 4096, 0
8192, 3269431, 1, 4096, 0
8192, 1580999, 1, 4096, 0
8192, 1870109, 1, 4096, 0
8192, 3383473, 1, 4096, 0
8193, 2279446, 1, 4096, 0
8193, 946535, 1, 4096, 0
8193, 1566366, 1, 4096, 0
8194, 1346353, 1, 4096, 0
8194, 1337163, 1, 4096, 0
8194, 2039114, 1, 4096, 0
8194, 1667191, 1, 4096, 0
8194, 2385764, 1, 4096, 0
8195, 1618004, 1, 4096, 0
8195, 1912299, 1, 4096, 0
8196, 1503307, 1, 4096, 0
8196, 1358643, 1, 4096, 0
8196, 1385130, 1, 4096, 0
8197, 1783549, 1, 4096, 0
8197, 2757078, 1, 4096, 0
8197, 1494661, 1, 4096, 0
8198, 2051942, 1, 4096, 0
8198, 2156179, 1, 4096, 0
8198, 2674158, 1, 4096, 0
8199, 1462903, 1, 4096, 0
8199, 1463669, 1, 4096, 0
8199, 1051448, 1, 4096, 0
8199, 1950249, 1, 4096, 0
8199, 1719206, 1, 4096, 0
8200, 1273235, 1, 4096, 0
8200, 2068069, 1, 4096, 0
8200, 1461641, 1, 4096, 0
8201, 2075879, 1, 4096, 0
8201, 2069122, 1, 4096, 0
8202, 2559620, 1, 4096, 0
8202, 2281297, 1, 4096, 0
8202, 2413545, 1, 4096, 0
8203, 1936090, 1, 4096, 0
8203, 2759275, 1, 4096, 0
8203, 2022746, 1, 4096, 0
8204, 1826835, 1, 4096, 0
8204, 2219021, 1, 4096, 0
8204, 1930219, 1, 4096, 0
8205, 1567019, 1, 4096, 0
8206, 1320406, 1, 4096, 0
8206, 1061692, 1, 4096, 0
8206, 2819536, 1, 4096, 0
8206, 3411027, 1, 4096, 0
8206, 1902796, 1, 4096, 0
8206, 2235190, 1, 4096, 0
8207, 1941561, 1, 4096, 0
8208, 1882597, 1, 4096, 0
8208, 1894709, 1, 4096, 0
8208, 1918785, 1, 4096, 0
8209, 2421771, 1, 4096, 0
8209, 3011383, 1, 4096, 0
8209, 1690135, 1, 4096, 0
8209, 2011978, 1, 4096, 0
8209, 1576762, 1, 4096, 0
8210, 1880311, 1, 4096, 0
8210, 1470902, 1, 4096, 0
8211, 1184407, 1, 4096, 0
8211, 1556596, 1, 4096, 0
8211, 1671994, 1, 4096, 0
8211, 1698598, 1, 4096, 0
8211, 1463321, 1, 4096, 0
8212, 2524203, 1, 4096, 0
8213, 1419725, 1, 4096, 0
8213, 1739084, 1, 4096, 0
8213, 1339057, 1, 4096, 0
8213, 2026580, 1, 4096, 0
8214, 2467620, 1, 4096, 0
8214, 1397551, 1, 4096, 0
8215, 2931544, 1, 4096, 0
8215, 2734630, 1, 4096, 0
8216, 2640423, 1, 4096, 0
8216, 1372798, 1, 4096, 0
8216, 2228274, 1, 4096, 0
8216, 3157347, 1, 4096, 0
8216, 1278805, 1, 4096, 0
8217, 1644840, 1, 4096, 0
8217, 1475862, 1, 4096, 0
8217, 1605508, 1, 4096, 0
8218, 2049692, 1, 4096, 0
8219, 1050049, 1, 4096, 0
8219, 1982624, 1, 4096, 0
8219, 1562506, 1, 4096, 0
8219, 3522160, 1, 4096, 0
8219, 3590881, 1, 4096, 0
8219, 2381953, 1, 4096, 0
8220, 1515109, 1, 4096, 0
8220, 1449903, 1, 4096, 0
8221, 1783029, 1, 4096, 0
8221, 1376855, 1, 4096, 0
8222, 1139205, 1, 4096, 0
8222, 2474072, 1, 4096, 0
8222, 2630604, 1, 4096, 0
8223, 2422540, 1, 4096, 0
8223, 2004940, 1, 4096, 0
8223, 2381802, 1, 4096, 0
8223, 1255181, 1, 4096, 0
8224, 1781232, 1, 4096, 0
8224, 1355705, 1, 4096, 0
8224, 2331513, 1, 4096, 0
8224, 1567181, 1, 4096, 0
8225, 1325749, 1, 4096, 0
8225, 1790855, 1, 4096, 0
8226, 1464794, 1, 4096, 0
8226, 1238927, 1, 4096, 0
8226, 1894181, 1, 4096, 0
8226, 2023650, 1, 4096, 0
8226, 1796474, 1, 4096, 0
8227, 1845147, 1, 4096, 0
8228, 1988074, 1, 4096, 0
8228, 1598211, 1, 4096, 0
8229, 2923488, 1, 4096, 0
8229, 2768118, 1, 4096, 0
8229, 2874456, 1, 4096, 0
8229, 1627503, 1, 4096, 0
8230, 1284528, 1, 4096, 0
8231, 1734521, 1, 4096, 0
8231, 1906556, 1, 4096, 0
8231, 4587583, 1, 4096, 0
8231, 3658986, 1, 4096, 0
8232, 1969732, 1, 4096, 0
8232, 1452872, 1, 4096, 0
8232, 3011176, 1, 4096, 0
8233, 1937623, 1, 4096, 0
8233, 1466279, 1, 4096, 0
8233, 2074358, 1, 4096, 0
8234, 1628312, 1, 4096, 0
8234, 1578973, 1, 4096, 0
8235, 2652290, 1, 4096, 0
8235, 2317375, 1, 4096, 0
8235, 2708049, 1, 4096, 0
8235, 1678790, 1, 4096, 0
8235, 1779644, 1, 4096, 0
8236, 1808980, 1, 4096, 0
8236, 1586187, 1, 4096, 0
8237, 1297410, 1, 4096, 0
8237, 1714054, 1, 4096, 0
8238, 2099481, 1, 4096, 0
8238, 1451357, 1, 4096, 0
8238, 3508773, 1, 4096, 0
8238, 2885195, 1, 4096, 0
8238, 1654923, 1, 4096, 0
8240, 2557443, 1, 4096, 0
8240, 2155286, 1, 4096, 0
8240, 1922151, 1, 4096, 0
8241, 2504636, 1, 4096, 0
8241, 2585184, 1, 4096, 0
8241, 2800681, 1, 4096, 0
8241, 1609025, 1, 4096, 0
8242, 2117764, 1, 4096, 0
8242, 1148926, 1, 4096, 0
8242, 2218808, 1, 4096, 0
8243, 2042621, 1, 4096, 0
8243, 2061929, 1, 4096, 0
8243, 2044889, 1, 4096, 0
8244, 1599427, 1, 4096, 0
8244, 1652374, 1, 4096, 0
8244, 1349333, 1, 4096, 0
8244, 2195163, 1, 4096, 0
8244, 1704156, 1, 4096, 0
8245, 1858172, 1, 4096, 0
8245, 1600262, 1, 4096, 0
8246, 1703718, 1, 4096, 0
8246, 2124991, 1, 4096, 0
8246, 1906711, 1, 4096, 0
8246, 1927101, 1, 4096, 0
8247, 1905040, 1, 4096, 0
8247, 1388251, 1, 4096, 0
8247, 1321518, 1, 4096, 0
8248, 1223068, 1, 4096, 0
8248, 1508787, 1, 4096, 0
8248, 1534694, 1, 4096, 0
8249, 1697803, 1, 4096, 0
8249, 1897662, 1, 4096, 0
8249, 2154982, 1, 4096, 0
8249, 1375979, 1, 4096, 0
8249, 1456730, 1, 4096, 0
8250, 1403620, 1, 4096, 0
8250, 2348224, 1, 4096, 0
8250, 1426575, 1, 4096, 0
8250, 1160538, 1, 4096, 0
8250, 931771, 1, 4096, 0
8251, 2025686, 1, 4096, 0
8251, 1359127, 1, 4096, 0
8252, 1626042, 1, 4096, 0
8252, 1880905, 1, 4096, 0
8252, 2091804, 1, 4096, 0
8253, 1815490, 1, 4096, 0
8253, 2423463, 1, 4096, 0
8253, 1570727, 1, 4096, 0
8253, 1572105, 1, 4096, 0
8254, 1517732, 1, 4096, 0
8254, 1246516, 1, 4096, 0
8254, 1750523, 1, 4096, 0
8254, 1477986, 1, 4096, 0
8255, 1928773, 1, 4096, 0
8255, 1327276, 1, 4096, 0
8255, 1967257, 1, 4096, 0
8255, 1464440, 1, 4096, 0
8256, 1526869, 1, 4096, 0
8256, 1640383, 1, 4096, 0
8257, 1527639, 1, 4096, 0
8257, 1548597, 1, 4096, 0
8257, 1297427, 1, 4096, 0
8257, 2005946, 1, 4096, 0
8257, 1881455, 1, 4096, 0
8257, 1672742, 1, 4096, 0
8258, 1054405, 1, 4096, 0
8258, 1632759, 1, 4096, 0
8258, 1909644, 1, 4096, 0
8259, 1662303, 1, 4096, 0
8259, 1808254, 1, 4096, 0
8259, 1485441, 1, 4096, 0
8260, 2577520, 1, 4096, 0
8260, 1564112, 1, 4096, 0
8260, 1645057, 1, 4096, 0
8261, 1787801, 1, 4096, 0
8261, 1390413, 1, 4096, 0
8261, 1381041, 1, 4096, 0
8261, 2814284, 1, 4096, 0
8261, 1258857, 1, 4096, 0
8262, 1766726, 1, 4096, 0
8263, 2055576, 1, 4096, 0
8263, 1592176, 1, 4096, 0
8263, 1756797, 1, 4096, 0
8263, 2230334, 1, 4096, 0
8263, 2145583, 1, 4096, 0
8264, 1866961, 1, 4096, 0
8264, 1004161, 1, 4096, 0
8265, 1813371, 1, 4096, 0
8265, 2083350, 1, 4096, 0
8265, 1595649, 1, 4096, 0
8265, 1115282, 1, 4096, 0
8265, 2467667, 1, 4096, 0
8266, 1267921, 1, 4096, 0
8267, 1661669, 1, 4096, 0
8267, 2709735, 1, 4096, 0
8267, 2301682, 1, 4096, 0
8268, 2432923, 1, 4096, 0
8268, 2881031, 1, 4096, 0
8268, 1895326, 1, 4096, 0
8268, 1362370, 1, 4096, 0
8269, 2535815, 1, 4096, 0
8270, 1722164, 1, 4096, 0
8270, 2129741, 1, 4096, 0
8270, 3227506, 1, 4096, 0
8270, 1860885, 1, 4096, 0
8271, 1862138, 1, 4096, 0
8271, 2822756, 1, 4096, 0
8271, 1455751, 1, 4096, 0
8271, 1349899, 1, 4096, 0
8272, 2019563, 1, 4096, 0
8272, 1475451, 1, 4096, 0
8273, 2394980, 1, 4096, 0
8273, 1598466, 1, 4096, 0
8273, 1562307, 1, 4096, 0
8273, 1803726, 1, 4096, 0
8274, 1910250, 1, 4096, 0
8274, 1337716, 1, 4096, 0
8274, 1189598, 1, 4096, 0
8274, 1660516, 1, 4096, 0
8274, 1933329, 1, 4096, 0
8275, 1612922, 1, 4096, 0
8276, 1516845, 1, 4096, 0
8276, 1947973, 1, 4096, 0
8277, 2623381, 1, 4096, 0
8277, 2024396, 1, 4096, 0
8277, 2476829, 1, 4096, 0
8277, 2833010, 1, 4096, 0
8278, 1958527, 1, 4096, 0
8278, 1729023, 1, 4096, 0
8279, 2633787, 1, 4096, 0
8279, 2881486, 1, 4096, 0
8280, 2583626, 1, 4096, 0
8280, 3179687, 1, 4096, 0
8281, 2083471, 1, 4096, 0
8281, 2857715, 1, 4096, 0
8281, 2085246, 1, 4096, 0
8281, 1760023, 1, 4096, 0
8281, 1664235, 1, 4096, 0
8282, 1340409, 1, 4096, 0
8282, 2148429, 1, 4096, 0
8282, 1710330, 1, 4096, 0
8282, 1802806, 1, 4096, 0
8283, 1591434, 1, 4096, 0
8283, 2126125, 1, 4096, 0
8284, 1692229, 1, 4096, 0
8284, 1993002, 1, 4096, 0
8284, 1030154, 1, 4096, 0
8284, 1777109, 1, 4096, 0
8284, 1950547, 1, 4096, 0
8285, 1348603, 1, 4096, 0
8286, 1532736, 1, 4096, 0
8286, 2209848, 1, 4096, 0
8286, 1715423, 1, 4096, 0
8286, 2369328, 1, 4096, 0
8287, 1962456, 1, 4096, 0
8288, 2031752, 1, 4096, 0
8288, 1694790, 1, 4096, 0
8288, 3622342, 1, 4096, 0
8289, 2261719, 1, 4096, 0
8289, 3179067, 1, 4096, 0
8289, 2281970, 1, 4096, 0
8289, 1656756, 1, 4096, 0
8289, 1703345, 1, 4096, 0
8290, 1149415, 1, 4096, 0
8290, 1839825, 1, 4096, 0
8290, 1532902, 1, 4096, 0
8291, 2923581, 1, 4096, 0
8291, 1289369, 1, 4096, 0
8291, 985169, 1, 4096, 0
8291, 2155003, 1, 4096, 0
8292, 2240976, 1, 4096, 0
8292, 1210660, 1, 4096, 0
8293, 1557796, 1, 4096, 0
8293, 2667272, 1, 4096, 0
8293, 1790102, 1, 4096, 0
8294, 2095359, 1, 4096, 0
8294, 2633311, 1, 4096, 0
8294, 1328620, 1, 4096, 0
8294, 1185808, 1, 4096, 0
8295, 1437939, 1, 4096, 0
8295, 2726419, 1, 4096, 0
8295, 1146984, 1, 4096, 0
8296, 1333146, 1, 4096, 0
8296, 1517984, 1, 4096, 0
8296, 1731593, 1, 4096, 0
8297, 2019749, 1, 4096, 0
8297, 2449612, 1, 4096, 0
8297, 2742063, 1, 4096, 0
8297, 1478566, 1, 4096, 0
8298, 2011684, 1, 4096, 0
8298, 1891133, 1, 4096, 0
8298, 1536714, 1, 4096, 0
8299, 1220566, 1, 4096, 0
8299, 1353142, 1, 4096, 0
8300, 2218503, 1, 4096, 0
8300, 2110567, 1, 4096, 0
8300, 2889063, 1, 4096, 0
8300, 1344904, 1, 4096, 0
8300, 2057111, 1, 4096, 0
8300, 1811880, 1, 4096, 0
8301, 1438807, 1, 4096, 0
8302, 1736528, 1, 4096, 0
8302, 1822148, 1, 4096, 0
8302, 2049305, 1, 4096, 0
8303, 1173730, 1, 4096, 0
8303, 3266674, 1, 4096, 0
8304, 1978481, 1, 4096, 0
8304, 3213771, 1, 4096, 0
8304, 1555058, 1, 4096, 0
8304, 1829802, 1, 4096, 0
8305, 2272144, 1, 4096, 0
8305, 1864769, 1, 4096, 0
8305, 1424692, 1, 4096, 0
8306, 1801023, 1, 4096, 0
8306, 2856665, 1, 4096, 0
8307, 3499156, 1, 4096, 0
8307, 2168012, 1, 4096, 0
8307, 1864981, 1, 4096, 0
8308, 1934938, 1, 4096, 0
8308, 2917979, 1, 4096, 0
8308, 1412286, 1, 4096, 0
8309, 1512611, 1, 4096, 0
8309, 3473571, 1, 4096, 0
8310, 1541565, 1, 4096, 0
8310, 2748227, 1, 4096, 0
8310, 1430938, 1, 4096, 0
8311, 2631885, 1, 4096, 0
8311, 2081265, 1, 4096, 0
8311, 2426763, 1, 4096, 0
8312, 2360047, 1, 4096, 0
8312, 2026611, 1, 4096, 0
8312, 2531985, 1, 4096, 0
8313, 1588947, 1, 4096, 0
8313, 2064079, 1, 4096, 0
8314, 2635518, 1, 4096, 0
8314, 1922199, 1, 4096, 0
8314, 1662630, 1, 4096, 0
8314, 1903254, 1, 4096, 0
8315, 2612037, 1, 4096, 0
8315, 1714519, 1, 4096, 0
8316, 1657879, 1, 4096, 0
8316, 1452457, 1, 4096, 0
8316, 2363946, 1, 4096, 0
8316, 1913240, 1, 4096, 0
8317, 1206006, 1, 4096, 0
8317, 2520328, 1, 4096, 0
8317, 2197434, 1, 4096, 0
8318, 1522275, 1, 4096, 0
8318, 2734639, 1, 4096, 0
8319, 2417170, 1, 4096, 0
8319, 1015490, 1, 4096, 0
8319, 2319457, 1, 4096, 0
8319, 2043987, 1, 4096, 0
8320, 1349546, 1, 4096, 0
8320, 3139474, 1, 4096, 0
8320, 1454806, 1, 4096, 0
8321, 2291817, 1, 4096, 0
8321, 1033600, 1, 4096, 0
8322, 1792644, 1, 4096, 0
8322, 2331615, 1, 4096, 0
8322, 1801809, 1, 4096, 0
8323, 1373306, 1, 4096, 0
8323, 1769717, 1, 4096, 0
8323, 3648616, 1, 4096, 0
8323, 1053453, 1, 4096, 0
8323, 1740044, 1, 4096, 0
8324, 1376862, 1, 4096, 0
8324, 2259465, 1, 4096, 0
8324, 1844193, 1, 4096, 0
8325, 1138142, 1, 4096, 0
8325, 2825808, 1, 4096, 0
8326, 2845755, 1, 4096, 0
8326, 1475817, 1, 4096, 0
8327, 2806002, 1, 4096, 0
8327, 2637575, 1, 4096, 0
8327, 1731216, 1, 4096, 0
8327, 1810825, 1, 4096, 0
8328, 3078815, 1, 4096, 0
8328, 2118038, 1, 4096, 0
8328, 1147461, 1, 4096, 0
8328, 1102341, 1, 4096, 0
8328, 1403096, 1, 4096, 0
8329, 1764083, 1, 4096, 0
8329, 1759999, 1, 4096, 0
8330, 1864817, 1, 4096, 0
8330, 1202959, 1, 4096, 0
8330, 1498277, 1, 4096, 0
8331, 2267957, 1, 4096, 0
8331, 1243487, 1, 4096, 0
8331, 1721806, 1, 4096, 0
8331, 1666688, 1, 4096, 0
8331, 1932895, 1, 4096, 0
8332, 1940954, 1, 4096, 0
8332, 1371297, 1, 4096, 0
8333, 2504273, 1, 4096, 0
8333, 2776961, 1, 4096, 0
8334, 1309306, 1, 4096, 0
8334, 1609105, 1, 4096, 0
8334, 3162860, 1, 4096, 0
8334, 3168008, 1, 4096, 0
8335, 1762058, 1, 4096, 0
8336, 2206402, 1, 4096, 0
8336, 2608872, 1, 4096, 0
8336, 2508112, 1, 4096, 0
8336, 1730110, 1, 4096, 0
8336, 2068162, 1, 4096, 0
8337, 2004315, 1, 4096, 0
8337, 1237439, 1, 4096, 0
8337, 954791, 1, 4096, 0
8338, 1938343, 1, 4096, 0
8338, 2510578, 1, 4096, 0
8339, 2683111, 1, 4096, 0
8339, 1315096, 1, 4096, 0
8339, 1615975, 1, 4096, 0
8339, 1922359, 1, 4096, 0
8340, 1857144, 1, 4096, 0
8341, 1084532, 1, 4096, 0
8342, 3187139, 1, 4096, 0
8342, 2694362, 1, 4096, 0
8342, 3246489, 1, 4096, 0
8342, 1517041, 1, 4096, 0
8342, 3464261, 1, 4096, 0
8343, 4329712, 1, 4096, 0
8343, 1192813, 1, 4096, 0
8343, 1360653, 1, 4096, 0
8344, 1453592, 1, 4096, 0
8344, 1475581, 1, 4096, 0
8345, 2610065, 1, 4096, 0
8345, 1989962, 1, 4096, 0
8345, 1615003, 1, 4096, 0
8345, 1237146, 1, 4096, 0
8345, 1922827, 1, 4096, 0
8345, 1799216, 1, 4096, 0
8346, 1397222, 1, 4096, 0
8346, 1255520, 1, 4096, 0
8347, 1173530, 1, 4096, 0
8347, 1816292, 1, 4096, 0
8347, 2599929, 1, 4096, 0
8348, 1764712, 1, 4096, 0
8348, 1510338, 1, 4096, 0
8348, 2277863, 1, 4096, 0
8348, 1542922, 1, 4096, 0
8348, 3115018, 1, 4096, 0
8349, 1080995, 1, 4096, 0
8349, 1556156, 1, 4096, 0
8350, 1808382, 1, 4096, 0
8350, 1689503, 1, 4096, 0
8350, 2157527, 1, 4096, 0
8350, 1556679, 1, 4096, 0
8351, 1879371, 1, 4096, 0
8351, 2798565, 1, 4096, 0
8352, 1401765, 1, 4096, 0
8352, 2166681, 1, 4096, 0
8352, 1926107, 1, 4096, 0
8352, 1629933, 1, 4096, 0
8353, 1639293, 1, 4096, 0
8354, 1330835, 1, 4096, 0
8354, 3676498, 1, 4096, 0
8354, 1814099, 1, 4096, 0
8354, 1544034, 1, 4096, 0
8354, 2139362, 1, 4096, 0
8354, 1773095, 1, 4096, 0
8356, 1941644, 1, 4096, 0
8356, 2111012, 1, 4096, 0
8356, 2187241, 1, 4096, 0
8356, 1488668, 1, 4096, 0
8356, 2136293, 1, 4096, 0
8357, 2148020, 1, 4096, 0
8357, 1407016, 1, 4096, 0
8358, 1873621, 1, 4096, 0
8358, 1999020, 1, 4096, 0
8358, 1975151, 1, 4096, 0
8358, 1858694, 1, 4096, 0
8359, 1193688, 1, 4096, 0
8359, 2487124, 1, 4096, 0
8359, 1569079, 1, 4096, 0
8360, 1845005, 1, 4096, 0
8360, 2265730, 1, 4096, 0
8360, 1932413, 1, 4096, 0
8360, 1667218, 1, 4096, 0
8361, 1627632, 1, 4096, 0
8361, 1892597, 1, 4096, 0
8361, 1653435, 1, 4096, 0
8362, 1116146, 1, 4096, 0
8362, 1995268, 1, 4096, 0
8362, 1601616, 1, 4096, 0
8362, 1245081, 1, 4096, 0
8363, 1293894, 1, 4096, 0
8363, 3037180, 1, 4096, 0
8363, 1385023, 1, 4096, 0
8363, 1481776, 1, 4096, 0
8364, 1825694, 1, 4096, 0
8364, 1735652, 1, 4096, 0
8365, 2019320, 1, 4096, 0
8365, 2472210, 1, 4096, 0
8366, 3296734, 1, 4096, 0
8366, 3933668, 1, 4096, 0
8366, 2205595, 1, 4096, 0
8367, 1597149, 1, 4096, 0
8367, 2511828, 1, 4096, 0
8367, 2227954, 1, 4096, 0
8368, 1377652, 1, 4096, 0
8368, 1961232, 1, 4096, 0
8369, 1195952, 1, 4096, 0
8369, 1809378, 1, 4096, 0
8369, 2504522, 1, 4096, 0
8370, 3678365, 1, 4096, 0
8370, 1631504, 1, 4096, 0
8370, 1929714, 1, 4096, 0
8370, 1597126, 1, 4096, 0
8371, 2184483, 1, 4096, 0
8371, 1969798, 1, 4096, 0
8372, 2026930, 1, 4096, 0
8372, 2139673, 1, 4096, 0
8373, 2124982, 1, 4096, 0
8373, 2092772, 1, 4096, 0
8373, 2719428, 1, 4096, 0
8373, 2856553, 1, 4096, 0
8374, 1762314, 1, 4096, 0
8375, 1999609, 1, 4096, 0
8375, 2180564, 1, 4096, 0
8375, 2633140, 1, 4096, 0
8375, 2144495, 1, 4096, 0
8375, 2168623, 1, 4096, 0
8376, 2568032, 1, 4096, 0
8376, 1494600, 1, 4096, 0
8376, 1583849, 1, 4096, 0
8377, 2154179, 1, 4096, 0
8377, 1906029, 1, 4096, 0
8378, 2456172, 1, 4096, 0
8378, 1189883, 1, 4096, 0
8378, 1426520, 1, 4096, 0
8379, 1931593, 1, 4096, 0
8379, 2640896, 1, 4096, 0
8379, 1851739, 1, 4096, 0
8379, 1558911, 1, 4096, 0
8380, 2034977, 1, 4096, 0
8380, 2304586, 1, 4096, 0
8381, 1568468, 1, 4096, 0
8381, 1420853, 1, 4096, 0
8381, 1260921, 1, 4096, 0
8381, 1868550, 1, 4096, 0
8381, 2313463, 1, 4096, 0
8382, 2119486, 1, 4096, 0
8383, 1665737, 1, 4096, 0
8383, 1864515, 1, 4096, 0
8383, 1966313, 1, 4096, 0
8383, 2511789, 1, 4096, 0
8383, 1392000, 1, 4096, 0
8384, 2457835, 1, 4096, 0
8384, 1945470, 1, 4096, 0
8385, 1789556, 1, 4096, 0
8385, 2280035, 1, 4096, 0
8385, 1873340, 1, 4096, 0
8386, 2291251, 1, 4096, 0
8386, 2440206, 1, 4096, 0
8386, 1540747, 1, 4096, 0
8387, 1836865, 1, 4096, 0
8387, 2373774, 1, 4096, 0
8387, 1789403, 1, 4096, 0
8388, 1681028, 1, 4096, 0
8388, 1912617, 1, 4096, 0
8388, 1120967, 1, 4096, 0
8388, 2138986, 1, 4096, 0
8389, 962165, 1, 4096, 0
8389, 2126215, 1, 4096, 0
8390, 1999554, 1, 4096, 0
8391, 3875398, 1, 4096, 0
8391, 3068157, 1, 4096, 0
8391, 2207648, 1, 4096, 0
8391, 2904843, 1, 4096, 0
8392, 2487264, 1, 4096, 0
8392, 2053194, 1, 4096, 0
8392, 1352447, 1, 4096, 0
8393, 2325817, 1, 4096, 0
8393, 1970873, 1, 4096, 0
8393, 2659743, 1, 4096, 0
8394, 1712535, 1, 4096, 0
8394, 2414957, 1, 4096, 0
8394, 2342405, 1, 4096, 0
8395, 1304641, 1, 4096, 0
8395, 1748396, 1, 4096, 0
8395, 1357476, 1, 4096, 0
8396, 2026858, 1, 4096, 0
8396, 2971656, 1, 4096, 0
8397, 1704434, 1, 4096, 0
8397, 1993156, 1, 4096, 0
8397, 2149857, 1, 4096, 0
8397, 2006803, 1, 4096, 0
8398, 1641582, 1, 4096, 0
8399, 2082785, 1, 4096, 0
8399, 1248337, 1, 4096, 0
8400, 987938, 1, 4096, 0
8401, 4212121, 1, 4096, 0
8401, 4348067, 1, 4096, 0
8401, 4551064, 1, 4096, 0
8401, 4152644, 1, 4096, 0
8402, 3201496, 1, 4096, 0
8402, 2199354, 1, 4096, 0
8403, 1775821, 1, 4096, 0
8403, 2055874, 1, 4096, 0
8403, 1925946, 1, 4096, 0
8403, 1449890, 1, 4096, 0
8404, 2670535, 1, 4096, 0
8404, 2076383, 1, 4096, 0
8405, 1890732, 1, 4096, 0
8405, 1801386, 1, 4096, 0
8405, 2330688, 1, 4096, 0
8405, 1791534, 1, 4096, 0
8406, 1607717, 1, 4096, 0
8406, 2533242, 1, 4096, 0
8406, 1264768, 1, 4096, 0
8407, 1283151, 1, 4096, 0
8408, 2900321, 1, 4096, 0
8408, 3506262, 1, 4096, 0
8408, 3014498, 1, 4096, 0
8409, 2242698, 1, 4096, 0
8409, 2164217, 1, 4096, 0
8409, 1284188, 1, 4096, 0
8409, 1557115, 1, 4096, 0
8409, 1245924, 1, 4096, 0
8409, 1325446, 1, 4096, 0
8410, 1544403, 1, 4096, 0
8410, 1735567, 1, 4096, 0
8411, 1455839, 1, 4096, 0
8412, 2105732, 1, 4096, 0
8412, 1450857, 1, 4096, 0
8412, 2905302, 1, 4096, 0
8412, 2437887, 1, 4096, 0
8412, 1732869, 1, 4096, 0
8412, 927685, 1, 4096, 0
8412, 1581209, 1, 4096, 0
8413, 1966018, 1, 4096, 0
8414, 2206033, 1, 4096, 0
8414, 2227541, 1, 4096, 0
8414, 1858812, 1, 4096, 0
8414, 1637502, 1, 4096, 0
8414, 1909272, 1, 4096, 0
8415, 1952992, 1, 4096, 0
8416, 1785233, 1, 4096, 0
8416, 1921878, 1, 4096, 0
8416, 1584918, 1, 4096, 0
8416, 2060990, 1, 4096, 0
8417, 2222058, 1, 4096, 0
8417, 1853960, 1, 4096, 0
8418, 1891307, 1, 4096, 0
8418, 2055165, 1, 4096, 0
8418, 2124576, 1, 4096, 0
8419, 1981386, 1, 4096, 0
8419, 3081096, 1, 4096, 0
8419, 1511120, 1, 4096, 0
8419, 1269911, 1, 4096, 0
8419, 1467553, 1, 4096, 0
8420, 1295572, 1, 4096, 0
8420, 2615202, 1, 4096, 0
8421, 1706292, 1, 4096, 0
8421, 1517260, 1, 4096, 0
8421, 1467677, 1, 4096, 0
8421, 1981944, 1, 4096, 0
8422, 1830175, 1, 4096, 0
8422, 1378848, 1, 4096, 0
8422, 1585620, 1, 4096, 0
8422, 1939478, 1, 4096, 0
8423, 1859033, 1, 4096, 0
8423, 1928675, 1, 4096, 0
8423, 981985, 1, 4096, 0
8424, 1288653, 1, 4096, 0
8424, 1690628, 1, 4096, 0
8424, 2108299, 1, 4096, 0
8424, 1472828, 1, 4096, 0
8424, 1649152, 1, 4096, 0
8425, 2228323, 1, 4096, 0
8425, 1541401, 1, 4096, 0
8426, 1848158, 1, 4096, 0
8426, 2097696, 1, 4096, 0
8426, 2154760, 1, 4096, 0
8426, 1452344, 1, 4096, 0
8427, 2745085, 1, 4096, 0
8427, 1444840, 1, 4096, 0
8428, 1530176, 1, 4096, 0
8428, 1971185, 1, 4096, 0
8428, 2611718, 1, 4096, 0
8428, 1922685, 1, 4096, 0
8428, 1697972, 1, 4096, 0
8430, 1799608, 1, 4096, 0
8430, 3197017, 1, 4096, 0
8430, 2034261, 1, 4096, 0
8431, 2228170, 1, 4096, 0
8431, 2242732, 1, 4096, 0
8431, 2243335, 1, 4096, 0
8432, 1610813, 1, 4096, 0
8432, 2490358, 1, 4096, 0
8433, 2007975, 1, 4096, 0
8433, 2052267, 1, 4096, 0
8433, 2910390, 1, 4096, 0
8433, 1932064, 1, 4096, 0
8433, 2938226, 1, 4096, 0
8434, 1301456, 1, 4096, 0
8434, 2144842, 1, 4096, 0
8435, 2550216, 1, 4096, 0
8435, 1829215, 1, 4096, 0
8435, 1996940, 1, 4096, 0
8436, 2133403, 1, 4096, 0
8436, 1220760, 1, 4096, 0
8437, 2713939, 1, 4096, 0
8437, 1632210, 1, 4096, 0
8437, 2598363, 1, 4096, 0
8437, 1629919, 1, 4096, 0
8437, 1821176, 1, 4096, 0
8438, 1535396, 1, 4096, 0
8438, 1189660, 1, 4096, 0
8438, 1395306, 1, 4096, 0
8439, 1995104, 1, 4096, 0
8439, 1334446, 1, 4096, 0
8439, 1360061, 1, 4096, 0
8440, 3079772, 1, 4096, 0
8440, 1922968, 1, 4096, 0
8441, 2327980, 1, 4096, 0
8441, 1943138, 1, 4096, 0
8441, 2219671, 1, 4096, 0
8442, 1552660, 1, 4096, 0
8442, 2583808, 1, 4096, 0
8442, 2113704, 1, 4096, 0
8442, 1594207, 1, 4096, 0
8442, 1658681, 1, 4096, 0
8443, 2557322, 1, 4096, 0
8443, 1573662, 1, 4096, 0
8444, 1122362, 1, 4096, 0
8444, 1928191, 1, 4096, 0
8444, 1785404, 1, 4096, 0
8445, 2776055, 1, 4096, 0
8445, 1589472, 1, 4096, 0
8445, 2014716, 1, 4096, 0
8446, 2284229, 1, 4096, 0
8446, 2377775, 1, 4096, 0
8447, 1505711, 1, 4096, 0
8447, 1798385, 1, 4096, 0
8447, 1736659, 1, 4096, 0
8447, 1072305, 1, 4096, 0
8447, 1469562, 1, 4096, 0
8448, 3409998, 1, 4096, 0
8448, 1196477, 1, 4096, 0
8449, 1437871, 1, 4096, 0
8449, 1611681, 1, 4096, 0
8449, 1562107, 1, 4096, 0
8449, 2068961, 1, 4096, 0
8449, 1418168, 1, 4096, 0
8449, 1557140, 1, 4096, 0
8450, 1354722, 1, 4096, 0
8450, 1561287, 1, 4096, 0
8450, 1799247, 1, 4096, 0
8451, 1358258, 1, 4096, 0
8451, 1876931, 1, 4096, 0
8451, 2490338, 1, 4096, 0
8452, 1848547, 1, 4096, 0
8452, 1845878, 1, 4096, 0
8452, 1498118, 1, 4096, 0
8453, 1822591, 1, 4096, 0
8453, 3080972, 1, 4096, 0
8454, 1721456, 1, 4096, 0
8454, 2840454, 1, 4096, 0
8454, 1806812, 1, 4096, 0
8454, 1444225, 1, 4096, 0
8454, 1251893, 1, 4096, 0
8454, 2237779, 1, 4096, 0
8456, 1574620, 1, 4096, 0
8456, 1207894, 1, 4096, 0
8456, 1833990, 1, 4096, 0
8456, 2181403, 1, 4096, 0
8456, 1919192, 1, 4096, 0
8457, 1104563, 1, 4096, 0
8457, 1207751, 1, 4096, 0
8457, 1355447, 1, 4096, 0
8457, 1520852, 1, 4096, 0
8458, 1519319, 1, 4096, 0
8458, 3790280, 1, 4096, 0
8459, 1760008, 1, 4096, 0
8459, 1842242, 1, 4096, 0
8459, 1347449, 1, 4096, 0
8459, 1598624, 1, 4096, 0
8459, 1859671, 1, 4096, 0
8460, 1857056, 1, 4096, 0
8461, 1886688, 1, 4096, 0
8461, 2112154, 1, 4096, 0
8461, 1842633, 1, 4096, 0
8461, 2388439, 1, 4096, 0
8461, 2531568, 1, 4096, 0
8462, 1392201, 1, 4096, 0
8463, 1222671, 1, 4096, 0
8463, 2127920, 1, 4096, 0
8463, 1553036, 1, 4096, 0
8463, 2452722, 1, 4096, 0
8463, 2362589, 1, 4096, 0
8463, 2089853, 1, 4096, 0
8464, 1555864, 1, 4096, 0
8465, 2036269, 1, 4096, 0
8465, 2453423, 1, 4096, 0
8465, 1824393, 1, 4096, 0
8465, 1698664, 1, 4096, 0
8465, 2300160, 1, 4096, 0
8466, 995189, 1, 4096, 0
8466, 1161242, 1, 4096, 0
8467, 1497002, 1, 4096, 0
8467, 1582817, 1, 4096, 0
8467, 1608963, 1, 4096, 0
8468, 3625116, 1, 4096, 0
8468, 1488340, 1, 4096, 0
8468, 2277639, 1, 4096, 0
8469, 1948527, 1, 4096, 0
8469, 1863999, 1, 4096, 0
8469, 2607224, 1, 4096, 0
8469, 1530707, 1, 4096, 0
8469, 1584454, 1, 4096, 0
8471, 1685319, 1, 4096, 0
8471, 1420680, 1, 4096, 0
8471, 2362577, 1, 4096, 0
8471, 1721994, 1, 4096, 0
8471, 2750076, 1, 4096, 0
8471, 1800182, 1, 4096, 0
8472, 1263714, 1, 4096, 0
8473, 1607078, 1, 4096, 0
8473, 2054474, 1, 4096, 0
8473, 2268084, 1, 4096, 0
8473, 1995772, 1, 4096, 0
8474, 1192404, 1, 4096, 0
8474, 2825267, 1, 4096, 0
8474, 1667109, 1, 4096, 0
8474, 1182067, 1, 4096, 0
8475, 2037482, 1, 4096, 0
8475, 2250073, 1, 4096, 0
8475, 1316911, 1, 4096, 0
8475, 1217083, 1, 4096, 0
8476, 1482542, 1, 4096, 0
8476, 2325592, 1, 4096, 0
8476, 1506257, 1, 4096, 0
8477, 2162294, 1, 4096, 0
8478, 2160302, 1, 4096, 0
8478, 2275557, 1, 4096, 0
8478, 1669557, 1, 4096, 0
8478, 2219933, 1, 4096, 0
8479, 1404923, 1, 4096, 0
8479, 2335391, 1, 4096, 0
8480, 2074608, 1, 4096, 0
8480, 2330777, 1, 4096, 0
8480, 2419937, 1, 4096, 0
8480, 1809573, 1, 4096, 0
8481, 1072602, 1, 4096, 0
8481, 3044346, 1, 4096, 0
8481, 2266838, 1, 4096, 0
8482, 1813878, 1, 4096, 0
8482, 2167627, 1, 4096, 0
8482, 1888581, 1, 4096, 0
8483, 1991636, 1, 4096, 0
8483, 2201662, 1, 4096, 0
8483, 945945, 1, 4096, 0
8484, 2534192, 1, 4096, 0
8484, 1626525, 1, 4096, 0
8484, 1983634, 1, 4096, 0
8485, 1960185, 1, 4096, 0
8485, 1778880, 1, 4096, 0
8485, 1812845, 1, 4096, 0
8485, 2161688, 1, 4096, 0
8487, 2743904, 1, 4096, 0
8487, 2993105, 1, 4096, 0
8487, 2606031, 1, 4096, 0
8487, 2676690, 1, 4096, 0
8488, 2595936, 1, 4096, 0
8488, 2782322, 1, 4096, 0
8488, 1537047, 1, 4096, 0
8489, 1788677, 1, 4096, 0
8489, 2376182, 1, 4096, 0
8490, 2770469, 1, 4096, 0
8490, 2293718, 1, 4096, 0
8490, 2205948, 1, 4096, 0
8491, 2447947, 1, 4096, 0
8491, 1880286, 1, 4096, 0
8492, 1520690, 1, 4096, 0
8492, 1345110, 1, 4096, 0
8492, 2481133, 1, 4096, 0
8492, 1482886, 1, 4096, 0
8492, 1620425, 1, 4096, 0
8492, 1201239, 1, 4096, 0
8494, 1659965, 1, 4096, 0
8494, 1639278, 1, 4096, 0
8494, 2209997, 1, 4096, 0
8494, 1444938, 1, 4096, 0
8494, 1875738, 1, 4096, 0
8495, 2588575, 1, 4096, 0
8495, 1259754, 1, 4096, 0
8496, 1207787, 1, 4096, 0
8496, 2162583, 1, 4096, 0
8496, 2493965, 1, 4096, 0
8496, 2449916, 1, 4096, 0
8496, 2269013, 1, 4096, 0
8497, 2226373, 1, 4096, 0
8497, 1528797, 1, 4096, 0
8497, 1225642, 1, 4096, 0
8498, 1609864, 1, 4096, 0
8498, 1931318, 1, 4096, 0
8498, 1795056, 1, 4096, 0
8499, 2169957, 1, 4096, 0
8499, 1673001, 1, 4096, 0
8499, 1858158, 1, 4096, 0
8499, 1647586, 1, 4096, 0
8500, 2596568, 1, 4096, 0
8500, 2071749, 1, 4096, 0
8501, 1406568, 1, 4096, 0
8501, 1854949, 1, 4096, 0
8501, 1823511, 1, 4096, 0
8501, 2008535, 1, 4096, 0
8502, 1719815, 1, 4096, 0
8502, 2268903, 1, 4096, 0
8502, 1389292, 1, 4096, 0
8503, 1617287, 1, 4096, 0
8503, 2606488, 1, 4096, 0
8503, 2006307, 1, 4096, 0
8505, 1282235, 1, 4096, 0
8505, 3132409, 1, 4096, 0
8505, 2708219, 1, 4096, 0
8505, 2449833, 1, 4096, 0
8505, 2892005, 1, 4096, 0
8506, 2355188, 1, 4096, 0
8507, 1995235, 1, 4096, 0
8507, 1500636, 1, 4096, 0
8507, 1803018, 1, 4096, 0
8507, 2001419, 1, 4096, 0
8507, 2490273, 1, 4096, 0
8507, 1734273, 1, 4096, 0
8508, 1187865, 1, 4096, 0
8509, 2441924, 1, 4096, 0
8509, 1746396, 1, 4096, 0
8509, 2132749, 1, 4096, 0
8509, 2337307, 1, 4096, 0
8509, 1920999, 1, 4096, 0
8510, 1877531, 1, 4096, 0
8511, 1535060, 1, 4096, 0
8511, 1459587, 1, 4096, 0
8511, 1596990, 1, 4096, 0
8511, 2054972, 1, 4096, 0
8512, 1523242, 1, 4096, 0
8512, 3041979, 1, 4096, 0
8513, 2850273, 1, 4096, 0
8513, 1855888, 1, 4096, 0
8513, 2155300, 1, 4096, 0
8513, 2040933, 1, 4096, 0
8514, 1223607, 1, 4096, 0
8514, 1569349, 1, 4096, 0
8514, 1803990, 1, 4096, 0
8514, 1867538, 1, 4096, 0
8515, 1596734, 1, 4096, 0
8515, 1779523, 1, 4096, 0
8515, 1743559, 1, 4096, 0
8516, 1852898, 1, 4096, 0
8516, 1572113, 1, 4096, 0
8517, 1759628, 1, 4096, 0
8517, 1334252, 1, 4096, 0
8517, 1815216, 1, 4096, 0
8517, 2895348, 1, 4096, 0
8517, 1429997, 1, 4096, 0
8518, 1629023, 1, 4096, 0
8518, 1469218, 1, 4096, 0
8518, 1405036, 1, 4096, 0
8519, 2287048, 1, 4096, 0
8519, 2540256, 1, 4096, 0
8520, 2095132, 1, 4096, 0
8520, 2193084, 1, 4096, 0
8520, 2075037, 1, 4096, 0
8521, 1842096, 1, 4096, 0
8521, 2472501, 1, 4096, 0
8521, 1972977, 1, 4096, 0
8522, 2135498, 1, 4096, 0
8523, 2268796, 1, 4096, 0
8523, 1731771, 1, 4096, 0
8523, 1715849, 1, 4096, 0
8523, 1802948, 1, 4096, 0
8523, 3523140, 1, 4096, 0
8523, 1362207, 1, 4096, 0
8524, 1949219, 1, 4096, 0
8525, 1957628, 1, 4096, 0
8525, 1501530, 1, 4096, 0
8525, 1916101, 1, 4096, 0
8525, 2327664, 1, 4096, 0
8526, 2188117, 1, 4096, 0
8526, 1334277, 1, 4096, 0
8526, 1638940, 1, 4096, 0
8527, 2879672, 1, 4096, 0
8527, 2570486, 1, 4096, 0
8527, 2614466, 1, 4096, 0
8528, 2276023, 1, 4096, 0
8528, 2096919, 1, 4096, 0
8528, 2933935, 1, 4096, 0
8529, 1856780, 1, 4096, 0
8529, 2009231, 1, 4096, 0
8530, 2042063, 1, 4096, 0
8530, 2028696, 1, 4096, 0
8530, 2949648, 1, 4096, 0
8531, 2112492, 1, 4096, 0
8531, 1137579, 1, 4096, 0
8531, 2019095, 1, 4096, 0
8532, 1355064, 1, 4096, 0
8532, 1867696, 1, 4096, 0
8532, 1795764, 1, 4096, 0
8532, 2110704, 1, 4096, 0
8532, 1817985, 1, 4096, 0
8533, 1584236, 1, 4096, 0
8533, 1288297, 1, 4096, 0
8534, 1684625, 1, 4096, 0
8534, 1604862, 1, 4096, 0
8534, 1499531, 1, 4096, 0
8534, 1587024, 1, 4096, 0
8534, 1505587, 1, 4096, 0
8535, 1210731, 1, 4096, 0
8535, 1801693, 1, 4096, 0
8536, 1941298, 1, 4096, 0
8537, 2145733, 1, 4096, 0
8537, 3148337, 1, 4096, 0
8537, 3307731, 1, 4096, 0
8537, 2410685, 1, 4096, 0
8537, 2526781, 1, 4096, 0
8538, 1588813, 1, 4096, 0
8538, 1670760, 1, 4096, 0
8539, 1405058, 1, 4096, 0
8539, 1262384, 1, 4096, 0
8539, 1720384, 1, 4096, 0
8539, 1857275, 1, 4096, 0
8540, 1814971, 1, 4096, 0
8541, 3225961, 1, 4096, 0
8541, 2374975, 1, 4096, 0
8541, 2276501, 1, 4096, 0
8541, 1896631, 1, 4096, 0
8541, 2799527, 1, 4096, 0
8542, 2342828, 1, 4096, 0
8543, 1847312, 1, 4096, 0
8543, 1441980, 1, 4096, 0
8543, 1481845, 1, 4096, 0
8543, 1638918, 1, 4096, 0
8544, 2464388, 1, 4096, 0
8544, 1710370, 1, 4096, 0
8545, 1660395, 1, 4096, 0
8545, 2349497, 1, 4096, 0
8545, 2379663, 1, 4096, 0
8545, 2395901, 1, 4096, 0
8546, 1756432, 1, 4096, 0
8547, 1799103, 1, 4096, 0
8547, 3083450, 1, 4096, 0
8547, 1978040, 1, 4096, 0
8547, 2391439, 1, 4096, 0
8548, 3446569, 1, 4096, 0
8548, 1353284, 1, 4096, 0
8548, 1565166, 1, 4096, 0
8548, 1730792, 1, 4096, 0
8549, 1198279, 1, 4096, 0
8549, 2204586, 1, 4096, 0
8550, 1926791, 1, 4096, 0
8550, 1761994, 1, 4096, 0
8550, 1337371, 1, 4096, 0
8550, 1852134, 1, 4096, 0
8550, 2337644, 1, 4096, 0
8551, 1434632, 1, 4096, 0
8551, 1345534, 1, 4096, 0
8552, 2058594, 1, 4096, 0
8552, 2180724, 1, 4096, 0
8552, 2695698, 1, 4096, 0
8552, 2536000, 1, 4096, 0
8553, 1892514, 1, 4096, 0
8553, 2059385, 1, 4096, 0
8554, 1340161, 1, 4096, 0
8554, 1537648, 1, 4096, 0
8554, 1320172, 1, 4096, 0
8555, 2442875, 1, 4096, 0
8555, 2538670, 1, 4096, 0
8555, 1946488, 1, 4096, 0
8556, 1466281, 1, 4096, 0
8556, 2168988, 1, 4096, 0
8556, 1079667, 1, 4096, 0
8556, 2244169, 1, 4096, 0
8557, 1823343, 1, 4096, 0
8557, 2388688, 1, 4096, 0
8557, 1920597, 1, 4096, 0
8558, 2053028, 1, 4096, 0
8558, 2516010, 1, 4096, 0
8559, 2566117, 1, 4096, 0
8559, 1789041, 1, 4096, 0
8559, 1681615, 1, 4096, 0
8560, 2353037, 1, 4096, 0
8560, 1406850, 1, 4096, 0
8560, 1237698, 1, 4096, 0
8561, 2083844, 1, 4096, 0
8561, 1496790, 1, 4096, 0
8562, 2108819, 1, 4096, 0
8563, 4277520, 1, 4096, 0
8563, 3958326, 1, 4096, 0
8563, 2379649, 1, 4096, 0
8563, 2107501, 1, 4096, 0
8564, 2866378, 1, 4096, 0
8565, 2523104, 1, 4096, 0
8565, 2297935, 1, 4096, 0
8565, 2426556, 1, 4096, 0
8565, 2715857, 1, 4096, 0
8565, 3332475, 1, 4096, 0
8566, 1728894, 1, 4096, 0
8567, 1897528, 1, 4096, 0
8567, 1718463, 1, 4096, 0
8567, 1929362, 1, 4096, 0
8567, 1859243, 1, 4096, 0
8567, 2026763, 1, 4096, 0
8568, 2404769, 1, 4096, 0
8569, 1536074, 1, 4096, 0
8569, 1786556, 1, 4096, 0
8569, 1956639, 1, 4096, 0
8570, 2561566, 1, 4096, 0
8570, 2637218, 1, 4096, 0
8570, 1620146, 1, 4096, 0
8570, 1800909, 1, 4096, 0
8571, 1959279, 1, 4096, 0
8571, 1594356, 1, 4096, 0
8572, 2154081, 1, 4096, 0
8572, 1343113, 1, 4096, 0
8572, 2209686, 1, 4096, 0
8572, 1637941, 1, 4096, 0
8573, 2774038, 1, 4096, 0
8573, 1835301, 1, 4096, 0
8574, 1875594, 1, 4096, 0
8574, 1928110, 1, 4096, 0
8574, 1888533, 1, 4096, 0
8574, 1646833, 1, 4096, 0
8574, 1852319, 1, 4096, 0
8575, 2725550, 1, 4096, 0
8575, 1656399, 1, 4096, 0
8575, 1819423, 1, 4096, 0
8576, 1726812, 1, 4096, 0
8576, 1922974, 1, 4096, 0
8577, 2753267, 1, 4096, 0
8578, 2156732, 1, 4096, 0
8578, 1738989, 1, 4096, 0
8578, 2788226, 1, 4096, 0
8579, 1586937, 1, 4096, 0
8579, 1279292, 1, 4096, 0
8580, 1907848, 1, 4096, 0
8580, 1624496, 1, 4096, 0
8580, 1419119, 1, 4096, 0
8581, 1181366, 1, 4096, 0
8582, 1407543, 1, 4096, 0
8582, 1890561, 1, 4096, 0
8583, 8278593, 1, 4096, 0
8583, 1462806, 1, 4096, 0
8584, 1717114, 1, 4096, 0
8584, 2984924, 1, 4096, 0
8584, 8057657, 1, 4096, 0
8585, 1800875, 1, 4096, 0
8585, 7255217, 1, 4096, 0
8585, 2291590, 1, 4096, 0
8586, 1694242, 1, 4096, 0
8586, 1670003, 1, 4096, 0
8586, 1821844, 1, 4096, 0
8587, 1746784, 1, 4096, 0
8587, 1984168, 1, 4096, 0
8588, 2793898, 1, 4096, 0
8588, 2346668, 1, 4096, 0
8588, 1520330, 1, 4096, 0
8589, 2628442, 1, 4096, 0
8589, 3088868, 1, 4096, 0
8589, 2328565, 1, 4096, 0
8589, 1290351, 1, 4096, 0
8590, 1147652, 1, 4096, 0
8590, 1538042, 1, 4096, 0
8590, 1701344, 1, 4096, 0
8591, 2227705, 1, 4096, 0
8591, 1723210, 1, 4096, 0
8591, 2117182, 1, 4096, 0
8591, 1836683, 1, 4096, 0
8592, 1613255, 1, 4096, 0
8592, 2016086, 1, 4096, 0
8593, 2274162, 1, 4096, 0
8593, 1914809, 1, 4096, 0
8593, 1606227, 1, 4096, 0
8593, 1981540, 1, 4096, 0
8594, 1542255, 1, 4096, 0
8595, 2106321, 1, 4096, 0
8595, 1876190, 1, 4096, 0
8595, 2135093, 1, 4096, 0
8595, 2980289, 1, 4096, 0
8596, 1669787, 1, 4096, 0
8596, 2267480, 1, 4096, 0
8596, 1224295, 1, 4096, 0
8596, 1473208, 1, 4096, 0
8597, 1530807, 1, 4096, 0
8597, 1820429, 1, 4096, 0
8597, 1712963, 1, 4096, 0
8598, 1417360, 1, 4096, 0
8598, 1894554, 1, 4096, 0
8598, 2348311, 1, 4096, 0
8598, 1594584, 1, 4096, 0
8598, 1353206, 1, 4096, 0
8599, 1241032, 1, 4096, 0
8599, 1964901, 1, 4096, 0
8600, 1446934, 1, 4096, 0
8600, 1905212, 1, 4096, 0
8601, 1551158, 1, 4096, 0
8601, 2431894, 1, 4096, 0
8601, 1260631, 1, 4096, 0
8601, 1838135, 1, 4096, 0
8601, 3474440, 1, 4096, 0
8602, 1186774, 1, 4096, 0
8603, 3119740, 1, 4096, 0
8603, 2035693, 1, 4096, 0
8603, 2117915, 1, 4096, 0
8604, 2366774, 1, 4096, 0
8604, 2609942, 1, 4096, 0
8604, 1514856, 1, 4096, 0
8604, 1558960, 1, 4096, 0
8604, 2186164, 1, 4096, 0
8604, 1596003, 1, 4096, 0
8606, 2193766, 1, 4096, 0
8606, 2235018, 1, 4096, 0
8606, 1489586, 1, 4096, 0
8607, 2153003, 1, 4096, 0
8608, 3065582, 1, 4096, 0
8608, 1832986, 1, 4096, 0
8608, 1799227, 1, 4096, 0
8608, 3563404, 1, 4096, 0
8608, 1913927, 1, 4096, 0
8609, 1177113, 1, 4096, 0
8609, 2612646, 1, 4096, 0
8610, 1630584, 1, 4096, 0
8610, 2156888, 1, 4096, 0
8610, 2123424, 1, 4096, 0
8610, 2890036, 1, 4096, 0
8611, 1859491, 1, 4096, 0
8611, 2093974, 1, 4096, 0
8611, 1688890, 1, 4096, 0
8611, 1912424, 1, 4096, 0
8611, 1443220, 1, 4096, 0
8612, 1198153, 1, 4096, 0
8613, 1296428, 1, 4096, 0
8613, 1551156, 1, 4096, 0
8614, 1831168, 1, 4096, 0
8614, 2169364, 1, 4096, 0
8614, 3421548, 1, 4096, 0
8614, 2649498, 1, 4096, 0
8614, 1241417, 1, 4096, 0
8615, 2035228, 1, 4096, 0
8616, 2331710, 1, 4096, 0
8616, 2365423, 1, 4096, 0
8616, 2681611, 1, 4096, 0
8616, 1624091, 1, 4096, 0
8617, 2909954, 1, 4096, 0
8617, 2816443, 1, 4096, 0
8618, 1358061, 1, 4096, 0
8618, 1560202, 1, 4096, 0
8619, 2559640, 1, 4096, 0
8619, 1876497, 1, 4096, 0
8619, 2374502, 1, 4096, 0
8619, 1143136, 1, 4096, 0
8620, 2610891, 1, 4096, 0
8620, 2187285, 1, 4096, 0
8620, 1878322, 1, 4096, 0
8621, 1928309, 1, 4096, 0
8621, 2159814, 1, 4096, 0
8621, 1912515, 1, 4096, 0
8621, 1418532, 1, 4096, 0
8622, 2561649, 1, 4096, 0
8622, 1348862, 1, 4096, 0
8623, 1596787, 1, 4096, 0
8623, 2127902, 1, 4096, 0
8623, 1849895, 1, 4096, 0
8623, 2325832, 1, 4096, 0
8624, 2057420, 1, 4096, 0
8625, 1975795, 1, 4096, 0
8625, 1663851, 1, 4096, 0
8625, 2333804, 1, 4096, 0
8625, 2918143, 1, 4096, 0
8625, 2789207, 1, 4096, 0
8627, 2084175, 1, 4096, 0
8627, 2353003, 1, 4096, 0
8627, 1505147, 1, 4096, 0
8627, 1586545, 1, 4096, 0
8627, 2395259, 1, 4096, 0
8627, 2479110, 1, 4096, 0
8629, 2149722, 1, 4096, 0
8629, 2187588, 1, 4096, 0
8629, 2020928, 1, 4096, 0
8629, 2009007, 1, 4096, 0
8630, 2653584, 1, 4096, 0
8630, 2528108, 1, 4096, 0
8631, 1411507, 1, 4096, 0
8631, 1487938, 1, 4096, 0
8631, 2394348, 1, 4096, 0
8631, 2412371, 1, 4096, 0
8632, 2368046, 1, 4096, 0
8632, 2848475, 1, 4096, 0
8633, 1983180, 1, 4096, 0
8633, 1987812, 1, 4096, 0
8633, 1998983, 1, 4096, 0
8633, 2023534, 1, 4096, 0
8634, 1135849, 1, 4096, 0
8634, 1332285, 1, 4096, 0
8634, 2031814, 1, 4096, 0
8635, 1403810, 1, 4096, 0
8635, 1870743, 1, 4096, 0
8635, 1339716, 1, 4096, 0
8636, 2103857, 1, 4096, 0
8636, 2385800, 1, 4096, 0
8637, 1990634, 1, 4096, 0
8637, 1853667, 1, 4096, 0
8637, 2839593, 1, 4096, 0
8637, 1510546, 1, 4096, 0
8638, 2014602, 1, 4096, 0
8638, 1584202, 1, 4096, 0
8638, 1784324, 1, 4096, 0
8638, 2514091, 1, 4096, 0
8639, 1946730, 1, 4096, 0
8639, 1718029, 1, 4096, 0
8640, 1892648, 1, 4096, 0
8640, 1269165, 1, 4096, 0
8640, 1467620, 1, 4096, 0
8640, 1606643, 1, 4096, 0
8640, 1742554, 1, 4096, 0
8640, 1809800, 1, 4096, 0
8641, 1415109, 1, 4096, 0
8641, 957773, 1, 4096, 0
8641, 1827839, 1, 4096, 0
8642, 1539410, 1, 4096, 0
8642, 2548350, 1, 4096, 0
8642, 2308033, 1, 4096, 0
8643, 1137007, 1, 4096, 0
8643, 1359638, 1, 4096, 0
8643, 1589730, 1, 4096, 0
8644, 2820983, 1, 4096, 0
8645, 3391009, 1, 4096, 0
8645, 2455677, 1, 4096, 0
8645, 1520041, 1, 4096, 0
8645, 2640949, 1, 4096, 0
8646, 2234200, 1, 4096, 0
8646, 1890602, 1, 4096, 0
8646, 1141729, 1, 4096, 0
8647, 1701044, 1, 4096, 0
8647, 1683396, 1, 4096, 0
8647, 1675829, 1, 4096, 0
8647, 1356798, 1, 4096, 0
8648, 1901226, 1, 4096, 0
8648, 1466280, 1, 4096, 0
8648, 3676153, 1, 4096, 0
8649, 2412901, 1, 4096, 0
8649, 1523908, 1, 4096, 0
8649, 2107297, 1, 4096, 0
8650, 2146305, 1, 4096, 0
8650, 1365685, 1, 4096, 0
8651, 2362924, 1, 4096, 0
8651, 1756088, 1, 4096, 0
8651, 1918865, 1, 4096, 0
8651, 1903463, 1, 4096, 0
8652, 1935856, 1, 4096, 0
8652, 2282233, 1, 4096, 0
8652, 1559031, 1, 4096, 0
8653, 1179925, 1, 4096, 0
8653, 1677254, 1, 4096, 0
8653, 2038178, 1, 4096, 0
8654, 2156201, 1, 4096, 0
8654, 2292746, 1, 4096, 0
8654, 2290306, 1, 4096, 0
8655, 2001785, 1, 4096, 0
8656, 2445503, 1, 4096, 0
8656, 2299481, 1, 4096, 0
8656, 2006331, 1, 4096, 0
8657, 3293328, 1, 4096, 0
8657, 3680326, 1, 4096, 0
8657, 1795145, 1, 4096, 0
8658, 2050060, 1, 4096, 0
8658, 1925614, 1, 4096, 0
8658, 1937181, 1, 4096, 0
8659, 1695176, 1, 4096, 0
8659, 1670878, 1, 4096, 0
8659, 1976162, 1, 4096, 0
8660, 2028907, 1, 4096, 0
8660, 2308822, 1, 4096, 0
8661, 1999634, 1, 4096, 0
8661, 2054947, 1, 4096, 0
8661, 1949707, 1, 4096, 0
8661, 3212178, 1, 4096, 0
8662, 2363375, 1, 4096, 0
8662, 1747654, 1, 4096, 0
8663, 1469973, 1, 4096, 0
8663, 3095702, 1, 4096, 0
8663, 2450256, 1, 4096, 0
8663, 2449025, 1, 4096, 0
8664, 1307603, 1, 4096, 0
8664, 2045792, 1, 4096, 0
8665, 1651096, 1, 4096, 0
8665, 1105107, 1, 4096, 0
8665, 2870900, 1, 4096, 0
8665, 2025221, 1, 4096, 0
8666, 1311650, 1, 4096, 0
8666, 2700252, 1, 4096, 0
8667, 1846401, 1, 4096, 0
8667, 1531630, 1, 4096, 0
8667, 1823930, 1, 4096, 0
8668, 1932253, 1, 4096, 0
8668, 2695621, 1, 4096, 0
8668, 1340471, 1, 4096, 0
8668, 2218956, 1, 4096, 0
8669, 1637855, 1, 4096, 0
8669, 2363836, 1, 4096, 0
8669, 2242555, 1, 4096, 0
8670, 2173307, 1, 4096, 0
8670, 1952868, 1, 4096, 0
8670, 2080109, 1, 4096, 0
8671, 1882034, 1, 4096, 0
8671, 1268369, 1, 4096, 0
8671, 1313918, 1, 4096, 0
8671, 2320529, 1, 4096, 0
8672, 2160260, 1, 4096, 0
8673, 2346411, 1, 4096, 0
8673, 1748722, 1, 4096, 0
8673, 1531759, 1, 4096, 0
8673, 1730454, 1, 4096, 0
8675, 1745675, 1, 4096, 0
8675, 3142543, 1, 4096, 0
8675, 2260791, 1, 4096, 0
8675, 4259251, 1, 4096, 0
8675, 2943582, 1, 4096, 0
8676, 1654634, 1, 4096, 0
8677, 2148867, 1, 4096, 0
8677, 1884826, 1, 4096, 0
8677, 2076504, 1, 4096, 0
8677, 2811739, 1, 4096, 0
8678, 4630411, 1, 4096, 0
8678, 1687991, 1, 4096, 0
8679, 1223830, 1, 4096, 0
8679, 1730533, 1, 4096, 0
8680, 1969665, 1, 4096, 0
8680, 2856601, 1, 4096, 0
8681, 2017688, 1, 4096, 0
8681, 1817751, 1, 4096, 0
8681, 3894054, 1, 4096, 0
8682, 3670230, 1, 4096, 0
8682, 1509924, 1, 4096, 0
8682, 1918010, 1, 4096, 0
8682, 1670478, 1, 4096, 0
8683, 1684394, 1, 4096, 0
8683, 1589734, 1, 4096, 0
8684, 1785307, 1, 4096, 0
8684, 1816175, 1, 4096, 0
8684, 1983160, 1, 4096, 0
8684, 1415858, 1, 4096, 0
8684, 1998532, 1, 4096, 0
8685, 1206053, 1, 4096, 0
8685, 2115154, 1, 4096, 0
8686, 2326593, 1, 4096, 0
8686, 2358807, 1, 4096, 0
8686, 1591735, 1, 4096, 0
8686, 1781527, 1, 4096, 0
8688, 1591091, 1, 4096, 0
8688, 1743821, 1, 4096, 0
8688, 2951879, 1, 4096, 0
8688, 3134602, 1, 4096, 0
8688, 2117627, 1, 4096, 0
8689, 2713512, 1, 4096, 0
8689, 1610957, 1, 4096, 0
8689, 1663589, 1, 4096, 0
8689, 1596356, 1, 4096, 0
8690, 1369835, 1, 4096, 0
8690, 1968849, 1, 4096, 0
8691, 2108638, 1, 4096, 0
8691, 1773155, 1, 4096, 0
8691, 1839169, 1, 4096, 0
8691, 1674471, 1, 4096, 0
8691, 1505747, 1, 4096, 0
8691, 1792267, 1, 4096, 0
8692, 1241202, 1, 4096, 0
8692, 1531390, 1, 4096, 0
8693, 1577170, 1, 4096, 0
8693, 1721606, 1, 4096, 0
8693, 1549963, 1, 4096, 0
8693, 1879548, 1, 4096, 0
8694, 1228094, 1, 4096, 0
8694, 1756745, 1, 4096, 0
8694, 1347328, 1, 4096, 0
8694, 1452966, 1, 4096, 0
8695, 1701234, 1, 4096, 0
8695, 1751908, 1, 4096, 0
8695, 1629429, 1, 4096, 0
8695, 1482769, 1, 4096, 0
8696, 1186865, 1, 4096, 0
8696, 2015199, 1, 4096, 0
8696, 2188322, 1, 4096, 0
8697, 2066602, 1, 4096, 0
8697, 1513718, 1, 4096, 0
8698, 2452123, 1, 4096, 0
8698, 1525731, 1, 4096, 0
8698, 1448963, 1, 4096, 0
8699, 2193943, 1, 4096, 0
8699, 2130310, 1, 4096, 0
8699, 2848262, 1, 4096, 0
8699, 1434050, 1, 4096, 0
8699, 1549454, 1, 4096, 0
8700, 1178382, 1, 4096, 0
8700, 1620057, 1, 4096, 0
8701, 1112311, 1, 4096, 0
8701, 2702242, 1, 4096, 0
8701, 1348905, 1, 4096, 0
8701, 1992314, 1, 4096, 0
8702, 1505682, 1, 4096, 0
8702, 1248466, 1, 4096, 0
8702, 1263807, 1, 4096, 0
8702, 1586864, 1, 4096, 0
8702, 1517205, 1, 4096, 0
8703, 1999906, 1, 4096, 0
8703, 1426873, 1, 4096, 0
8704, 1559397, 1, 4096, 0
8704, 1291787, 1, 4096, 0
8704, 2814139, 1, 4096, 0
8704, 2707234, 1, 4096, 0
8705, 2416704, 1, 4096, 0
8705, 1966249, 1, 4096, 0
8705, 1569016, 1, 4096, 0
8706, 2336420, 1, 4096, 0
8707, 2533255, 1, 4096, 0
8707, 1755115, 1, 4096, 0
8707, 1755584, 1, 4096, 0
8707, 2733921, 1, 4096, 0
8708, 2014095, 1, 4096, 0
8709, 1524058, 1, 4096, 0
8709, 1532432, 1, 4096, 0
8709, 4370810, 1, 4096, 0
8709, 2081100, 1, 4096, 0
8709, 2205678, 1, 4096, 0
8710, 1488497, 1, 4096, 0
8710, 1836920, 1, 4096, 0
8711, 1801220, 1, 4096, 0
8711, 1101572, 1, 4096, 0
8711, 1211814, 1, 4096, 0
8712, 1046373, 1, 4096, 0
8712, 1449640, 1, 4096, 0
8713, 866913, 1, 4096, 0
8713, 4930188, 1, 4096, 0
8714, 4462253, 1, 4096, 0
8714, 4750936, 1, 4096, 0
8714, 2652571, 1, 4096, 0
8715, 2380090, 1, 4096, 0
8715, 1710370, 1, 4096, 0
8715, 1591934, 1, 4096, 0
8716, 1294314, 1, 4096, 0
8716, 2329500, 1, 4096, 0
8716, 2408754, 1, 4096, 0
8716, 1485379, 1, 4096, 0
8716, 1347239, 1, 4096, 0
8717, 2379812, 1, 4096, 0
8718, 1553433, 1, 4096, 0
8718, 1723342, 1, 4096, 0
8718, 1782428, 1, 4096, 0
8718, 1837674, 1, 4096, 0
8719, 2701555, 1, 4096, 0
8719, 2135423, 1, 4096, 0
8720, 1860052, 1, 4096, 0
8720, 1510695, 1, 4096, 0
8720, 2316710, 1, 4096, 0
8720, 1820763, 1, 4096, 0
8721, 3069293, 1, 4096, 0
8721, 2355773, 1, 4096, 0
8721, 1359035, 1, 4096, 0
8721, 1600194, 1, 4096, 0
8722, 1885979, 1, 4096, 0
8723, 1401521, 1, 4096, 0
8723, 2571068, 1, 4096, 0
8723, 1795957, 1, 4096, 0
8723, 2051988, 1, 4096, 0
8724, 2554293, 1, 4096, 0
8724, 1803276, 1, 4096, 0
8725, 2254595, 1, 4096, 0
8725, 1908324, 1, 4096, 0
8725, 1404159, 1, 4096, 0
8725, 2030375, 1, 4096, 0
8726, 3459911, 1, 4096, 0
8726, 2028782, 1, 4096, 0
8727, 1958497, 1, 4096, 0
8727, 2386986, 1, 4096, 0
8728, 1468385, 1, 4096, 0
8728, 3048557, 1, 4096, 0
8729, 1046375, 1, 4096, 0
8729, 1877376, 1, 4096, 0
8729, 2878891, 1, 4096, 0
8730, 1284743, 1, 4096, 0
8730, 1588679, 1, 4096, 0
8730, 5327761, 1, 4096, 0
8730, 2700387, 1, 4096, 0
8731, 2823339, 1, 4096, 0
8731, 1240381, 1, 4096, 0
8731, 2361191, 1, 4096, 0
8732, 2132702, 1, 4096, 0
8733, 2599909, 1, 4096, 0
8733, 2595525, 1, 4096, 0
8733, 2400507, 1, 4096, 0
8733, 2061757, 1, 4096, 0
8734, 2158959, 1, 4096, 0
8734, 1685248, 1, 4096, 0
8735, 1973133, 1, 4096, 0
8735, 1886014, 1, 4096, 0
8735, 2183872, 1, 4096, 0
8735, 1742216, 1, 4096, 0
8736, 2286660, 1, 4096, 0
8736, 2357624, 1, 4096, 0
8737, 1813412, 1, 4096, 0
8737, 1959007, 1, 4096, 0
8738, 2400802, 1, 4096, 0
8738, 2682099, 1, 4096, 0
8738, 1840495, 1, 4096, 0
8738, 1595422, 1, 4096, 0
8739, 2954591, 1, 4096, 0
8739, 2006419, 1, 4096, 0
8739, 1042951, 1, 4096, 0
8740, 2238180, 1, 4096, 0
8740, 1967592, 1, 4096, 0
8741, 3100901, 1, 4096, 0
8741, 1921224, 1, 4096, 0
8741, 2045655, 1, 4096, 0
8741, 1746339, 1, 4096, 0
8742, 2167100, 1, 4096, 0
8743, 1889066, 1, 4096, 0
8743, 3073778, 1, 4096, 0
8743, 2149056, 1, 4096, 0
8743, 1788951, 1, 4096, 0
8743, 1785381, 1, 4096, 0
8744, 1779728, 1, 4096, 0
8744, 1556104, 1, 4096, 0
8744, 1432672, 1, 4096, 0
8745, 1789113, 1, 4096, 0
8745, 1810277, 1, 4096, 0
8745, 1967774, 1, 4096, 0
8746, 1777080, 1, 4096, 0
8746, 1460127, 1, 4096, 0
8746, 2287494, 1, 4096, 0
8746, 2418041, 1, 4096, 0
8747, 2739848, 1, 4096, 0
8748, 2670769, 1, 4096, 0
8748, 1777064, 1, 4096, 0
8748, 1850611, 1, 4096, 0
8748, 1925871, 1, 4096, 0
8749, 2378258, 1, 4096, 0
8750, 2107210, 1, 4096, 0
8750, 1808720, 1, 4096, 0
8750, 1414943, 1, 4096, 0
8750, 2509717, 1, 4096, 0
8751, 2629859, 1, 4096, 0
8751, 2814352, 1, 4096, 0
8751, 1679629, 1, 4096, 0
8752, 2340209, 1, 4096, 0
8752, 1976511, 1, 4096, 0
8752, 2332539, 1, 4096, 0
8753, 1627464, 1, 4096, 0
8753, 1852151, 1, 4096, 0
8754, 2257123, 1, 4096, 0
8754, 2096497, 1, 4096, 0
8755, 2106020, 1, 4096, 0
8755, 2598526, 1, 4096, 0
8755, 1966590, 1, 4096, 0
8755, 2560631, 1, 4096, 0
8755, 1333485, 1, 4096, 0
8755, 1808425, 1, 4096, 0
8756, 1356522, 1, 4096, 0
8757, 1751962, 1, 4096, 0
8757, 2459326, 1, 4096, 0
8757, 2011843, 1, 4096, 0
8758, 2667531, 1, 4096, 0
8758, 1402057, 1, 4096, 0
8758, 1839601, 1, 4096, 0
8759, 3246577, 1, 4096, 0
8760, 3592338, 1, 4096, 0
8760, 1589753, 1, 4096, 0
8760, 2043803, 1, 4096, 0
8760, 1791988, 1, 4096, 0
8761, 3122361, 1, 4096, 0
8761, 1995623, 1, 4096, 0
8761, 1948466, 1, 4096, 0
8762, 1637485, 1, 4096, 0
8763, 1990193, 1, 4096, 0
8763, 2697146, 1, 4096, 0
8763, 2796483, 1, 4096, 0
8763, 2729813, 1, 4096, 0
8763, 1616045, 1, 4096, 0
8764, 1379095, 1, 4096, 0
8765, 2526059, 1, 4096, 0
8765, 2179700, 1, 4096, 0
8765, 2282560, 1, 4096, 0
8765, 2152900, 1, 4096, 0
8765, 2116683, 1, 4096, 0
8766, 996360, 1, 4096, 0
8766, 2085063, 1, 4096, 0
8767, 1810486, 1, 4096, 0
8767, 1714919, 1, 4096, 0
8767, 1445930, 1, 4096, 0
8767, 2281193, 1, 4096, 0
8768, 2169330, 1, 4096, 0
8769, 2080616, 1, 4096, 0
8769, 1973763, 1, 4096, 0
8769, 3712744, 1, 4096, 0
8769, 1586538, 1, 4096, 0
8769, 1816701, 1, 4096, 0
8770, 2108061, 1, 4096, 0
8770, 1786944, 1, 4096, 0
8771, 1430719, 1, 4096, 0
8771, 1967676, 1, 4096, 0
8771, 1597795, 1, 4096, 0
8771, 2213330, 1, 4096, 0
8772, 1765469, 1, 4096, 0
8772, 1690565, 1, 4096, 0
8772, 1640593, 1, 4096, 0
8773, 1845442, 1, 4096, 0
8773, 2584288, 1, 4096, 0
8774, 1493176, 1, 4096, 0
8774, 3097866, 1, 4096, 0
8774, 2011249, 1, 4096, 0
8774, 1516356, 1, 4096, 0
8775, 1571133, 1, 4096, 0
8775, 1522742, 1, 4096, 0
8776, 1933788, 1, 4096, 0
8776, 1422261, 1, 4096, 0
8776, 3559713, 1, 4096, 0
8776, 1409292, 1, 4096, 0
8776, 1987155, 1, 4096, 0
8778, 1480183, 1, 4096, 0
8778, 2188863, 1, 4096, 0
8778, 1795685, 1, 4096, 0
8778, 2305745, 1, 4096, 0
8778, 2233110, 1, 4096, 0
8778, 2109178, 1, 4096, 0
8779, 1398001, 1, 4096, 0
8779, 1357370, 1, 4096, 0
8779, 1580194, 1, 4096, 0
8780, 1964820, 1, 4096, 0
8780, 1757215, 1, 4096, 0
8780, 2110592, 1, 4096, 0
8781, 1509442, 1, 4096, 0
8781, 1407880, 1, 4096, 0
8781, 1399780, 1, 4096, 0
8782, 1676791, 1, 4096, 0
8782, 2546277, 1, 4096, 0
8782, 1362175, 1, 4096, 0
8783, 1882246, 1, 4096, 0
8783, 3071968, 1, 4096, 0
8783, 1216997, 1, 4096, 0
8783, 1306424, 1, 4096, 0
8784, 1174572, 1, 4096, 0
8784, 1735916, 1, 4096, 0
8784, 939481, 1, 4096, 0
8784, 3631122, 1, 4096, 0
8785, 2397482, 1, 4096, 0
8785, 1887494, 1, 4096, 0
8786, 2168361, 1, 4096, 0
8786, 2583619, 1, 4096, 0
8787, 2774104, 1, 4096, 0
8787, 2800343, 1, 4096, 0
8787, 1863683, 1, 4096, 0
8787, 2078630, 1, 4096, 0
8788, 1698457, 1, 4096, 0
8788, 1877015, 1, 4096, 0
8789, 2044180, 1, 4096, 0
8789, 1763878, 1, 4096, 0
8789, 2128198, 1, 4096, 0
8790, 2233646, 1, 4096, 0
8790, 1641770, 1, 4096, 0
8790, 1638723, 1, 4096, 0
8790, 1566355, 1, 4096, 0
8792, 2124355, 1, 4096, 0
8792, 2122125, 1, 4096, 0
8792, 2122936, 1, 4096, 0
8792, 2961045, 1, 4096, 0
8792, 1966125, 1, 4096, 0
8793, 3440348, 1, 4096, 0
8793, 886260, 1, 4096, 0
8793, 1751743, 1, 4096, 0
8794, 1777963, 1, 4096, 0
8794, 2037471, 1, 4096, 0
8794, 2239018, 1, 4096, 0
8795, 1936579, 1, 4096, 0
8795, 1903410, 1, 4096, 0
8796, 1600750, 1, 4096, 0
8796, 2458235, 1, 4096, 0
8796, 2031508, 1, 4096, 0
8796, 2912885, 1, 4096, 0
8796, 1715793, 1, 4096, 0
8797, 1206824, 1, 4096, 0
8797, 1548422, 1, 4096, 0
8797, 1397357, 1, 4096, 0
8798, 1692202, 1, 4096, 0
8798, 1971001, 1, 4096, 0
8799, 1367296, 1, 4096, 0
8799, 1472864, 1, 4096, 0
8799, 2495143, 1, 4096, 0
8800, 1885937, 1, 4096, 0
8800, 3391804, 1, 4096, 0
8800, 1383385, 1, 4096, 0
8800, 1893112, 1, 4096, 0
8801, 2028533, 1, 4096, 0
8801, 2568045, 1, 4096, 0
8802, 1573821, 1, 4096, 0
8802, 2324812, 1, 4096, 0
8802, 2617365, 1, 4096, 0
8802, 2627691, 1, 4096, 0
8803, 1119673, 1, 4096, 0
8803, 1757726, 1, 4096, 0
8803, 1500161, 1, 4096, 0
8804, 1167460, 1, 4096, 0
8804, 1868542, 1, 4096, 0
8804, 1951999, 1, 4096, 0
8804, 1586127, 1, 4096, 0
8805, 1532316, 1, 4096, 0
8805, 2493460, 1, 4096, 0
8805, 1207270, 1, 4096, 0
8806, 1964256, 1, 4096, 0
8806, 2075687, 1, 4096, 0
8806, 1797915, 1, 4096, 0
8807, 1203566, 1, 4096, 0
8807, 2570397, 1, 4096, 0
8808, 1522940, 1, 4096, 0
8808, 3053681, 1, 4096, 0
8809, 2446559, 1, 4096, 0
8809, 4072973, 1, 4096, 0
8809, 2386164, 1, 4096, 0
8809, 2108718, 1, 4096, 0
8810, 1373940, 1, 4096, 0
8810, 1636747, 1, 4096, 0
8811, 2257360, 1, 4096, 0
8811, 2250910, 1, 4096, 0
8811, 2742313, 1, 4096, 0
8812, 2122736, 1, 4096, 0
8812, 1181358, 1, 4096, 0
8813, 1507146, 1, 4096, 0
8813, 2664508, 1, 4096, 0
8813, 2664651, 1, 4096, 0
8814, 2101831, 1, 4096, 0
8814, 2855796, 1, 4096, 0
8814, 1996886, 1, 4096, 0
8814, 1490095, 1, 4096, 0
8814, 1656199, 1, 4096, 0
8815, 1799251, 1, 4096, 0
8816, 2331539, 1, 4096, 0
8816, 1618804, 1, 4096, 0
8816, 2218030, 1, 4096, 0
8817, 2541051, 1, 4096, 0
8817, 2381606, 1, 4096, 0
8817, 2833527, 1, 4096, 0
8818, 1798132, 1, 4096, 0
8818, 1835488, 1, 4096, 0
8818, 1965334, 1, 4096, 0
8818, 1454748, 1, 4096, 0
8819, 1920176, 1, 4096, 0
8819, 1454791, 1, 4096, 0
8820, 1762625, 1, 4096, 0
8820, 1993616, 1, 4096, 0
8820, 2462993, 1, 4096, 0
8820, 1617985, 1, 4096, 0
8821, 2454110, 1, 4096, 0
8821, 1506399, 1, 4096, 0
8821, 1400611, 1, 4096, 0
8822, 2050722, 1, 4096, 0
8822, 2601230, 1, 4096, 0
8822, 2236918, 1, 4096, 0
8823, 1869508, 1, 4096, 0
8823, 2104607, 1, 4096, 0
8824, 1618221, 1, 4096, 0
8824, 2774853, 1, 4096, 0
8824, 2017246, 1, 4096, 0
8824, 2050987, 1, 4096, 0
8825, 2431491, 1, 4096, 0
8826, 1178066, 1, 4096, 0
8826, 3003530, 1, 4096, 0
8826, 2149883, 1, 4096, 0
8826, 2578892, 1, 4096, 0
8827, 1664496, 1, 4096, 0
8827, 2606138, 1, 4096, 0
8827, 1514782, 1, 4096, 0
8828, 2014429, 1, 4096, 0
8828, 2008090, 1, 4096, 0
8828, 1384485, 1, 4096, 0
8828, 1729819, 1, 4096, 0
8829, 2556811, 1, 4096, 0
8829, 967243, 1, 4096, 0
8830, 1814641, 1, 4096, 0
8830, 1048380, 1, 4096, 0
8830, 2394895, 1, 4096, 0
8830, 1292704, 1, 4096, 0
8830, 1122572, 1, 4096, 0
8831, 1820214, 1, 4096, 0
8831, 1720828, 1, 4096, 0
8832, 2139815, 1, 4096, 0
8832, 2218802, 1, 4096, 0
8832, 1980971, 1, 4096, 0
8832, 2956135, 1, 4096, 0
8833, 1576080, 1, 4096, 0
8834, 2181172, 1, 4096, 0
8834, 1926193, 1, 4096, 0
8834, 1648645, 1, 4096, 0
8834, 2204281, 1, 4096, 0
8834, 2212370, 1, 4096, 0
8835, 2252556, 1, 4096, 0
8836, 2139299, 1, 4096, 0
8836, 2029290, 1, 4096, 0
8836, 2465605, 1, 4096, 0
8836, 2416065, 1, 4096, 0
8836, 2524638, 1, 4096, 0
8838, 1725585, 1, 4096, 0
8838, 2049986, 1, 4096, 0
8838, 2590807, 1, 4096, 0
8838, 2013995, 1, 4096, 0
8839, 2821910, 1, 4096, 0
8839, 2398502, 1, 4096, 0
8840, 2193699, 1, 4096, 0
8840, 2348004, 1, 4096, 0
8840, 2439867, 1, 4096, 0
8840, 2317020, 1, 4096, 0
8842, 1690271, 1, 4096, 0
8842, 3031101, 1, 4096, 0
8842, 1563351, 1, 4096, 0
8842, 3289816, 1, 4096, 0
8842, 1834075, 1, 4096, 0
8842, 2039378, 1, 4096, 0
8843, 1365048, 1, 4096, 0
8843, 1600065, 1, 4096, 0
8844, 1425272, 1, 4096, 0
8844, 1873456, 1, 4096, 0
8844, 1791684, 1, 4096, 0
8845, 1661213, 1, 4096, 0
8845, 1295237, 1, 4096, 0
8845, 1585723, 1, 4096, 0
8845, 1787847, 1, 4096, 0
8845, 3180420, 1, 4096, 0
8846, 2822506, 1, 4096, 0
8847, 1939303, 1, 4096, 0
8847, 1685545, 1, 4096, 0
8847, 1618105, 1, 4096, 0
8847, 1718256, 1, 4096, 0
8847, 1939847, 1, 4096, 0
8848, 1963040, 1, 4096, 0
8849, 2177676, 1, 4096, 0
8849, 1746769, 1, 4096, 0
8849, 2219183, 1, 4096, 0
8849, 2214438, 1, 4096, 0
8849, 2235130, 1, 4096, 0
8851, 1601885, 1, 4096, 0
8851, 2394889, 1, 4096, 0
8851, 1780058, 1, 4096, 0
8851, 2111379, 1, 4096, 0
8852, 2625412, 1, 4096, 0
8852, 2512702, 1, 4096, 0
8853, 1240650, 1, 4096, 0
8853, 1788579, 1, 4096, 0
8853, 2349088, 1, 4096, 0
8853, 2279298, 1, 4096, 0
8854, 2075946, 1, 4096, 0
8854, 1519231, 1, 4096, 0
8854, 1862280, 1, 4096, 0
8855, 2219734, 1, 4096, 0
8855, 1814882, 1, 4096, 0
8855, 3011110, 1, 4096, 0
8856, 1897479, 1, 4096, 0
8856, 1251047, 1, 4096, 0
8856, 1473249, 1, 4096, 0
8857, 2367100, 1, 4096, 0
8857, 2700096, 1, 4096, 0
8857, 1664124, 1, 4096, 0
8858, 2826705, 1, 4096, 0
8858, 1452697, 1, 4096, 0
8859, 1731064, 1, 4096, 0
8859, 1694422, 1, 4096, 0
8859, 1814162, 1, 4096, 0
8860, 3041456, 1, 4096, 0
8860, 3704224, 1, 4096, 0
8860, 2496560, 1, 4096, 0
8861, 1609104, 1, 4096, 0
8861, 1747332, 1, 4096, 0
8861, 1584720, 1, 4096, 0
8862, 2185274, 1, 4096, 0
8862, 1860616, 1, 4096, 0
8862, 1721873, 1, 4096, 0
8863, 1368049, 1, 4096, 0
8863, 2511518, 1, 4096, 0
8863, 1818344, 1, 4096, 0
8864, 2071641, 1, 4096, 0
8864, 2344583, 1, 4096, 0
8864, 3793667, 1, 4096, 0
8865, 1284286, 1, 4096, 0
8865, 1833065, 1, 4096, 0
8865, 2588317, 1, 4096, 0
8866, 2254305, 1, 4096, 0
8867, 2314241, 1, 4096, 0
8867, 1515342, 1, 4096, 0
8867, 1382112, 1, 4096, 0
8867, 2698382, 1, 4096, 0
8867, 1367653, 1, 4096, 0
8867, 1937714, 1, 4096, 0
8869, 1803357, 1, 4096, 0
8869, 1962674, 1, 4096, 0
8869, 2172610, 1, 4096, 0
8870, 1270182, 1, 4096, 0
8870, 1419860, 1, 4096, 0
8871, 3659582, 1, 4096, 0
8871, 4053098, 1, 4096, 0
8871, 3720506, 1, 4096, 0
8872, 1715661, 1, 4096, 0
8872, 3308201, 1, 4096, 0
8872, 1409614, 1, 4096, 0
8872, 2084563, 1, 4096, 0
8873, 1886449, 1, 4096, 0
8873, 1905126, 1, 4096, 0
8873, 1437568, 1, 4096, 0
8874, 1864046, 1, 4096, 0
8874, 1633808, 1, 4096, 0
8874, 2056597, 1, 4096, 0
8875, 1753731, 1, 4096, 0
8875, 1997533, 1, 4096, 0
8875, 1791963, 1, 4096, 0
8876, 1594744, 1, 4096, 0
8876, 1931471, 1, 4096, 0
8876, 1607947, 1, 4096, 0
8876, 1426958, 1, 4096, 0
8876, 2359083, 1, 4096, 0
8877, 1795542, 1, 4096, 0
8877, 1538773, 1, 4096, 0
8877, 1546459, 1, 4096, 0
8878, 1384795, 1, 4096, 0
8878, 1465954, 1, 4096, 0
8879, 1417532, 1, 4096, 0
8879, 2050075, 1, 4096, 0
8880, 2912861, 1, 4096, 0
8880, 2018311, 1, 4096, 0
8880, 3569523, 1, 4096, 0
8880, 1566910, 1, 4096, 0
8881, 2971721, 1, 4096, 0
8881, 1721695, 1, 4096, 0
8881, 1386272, 1, 4096, 0
8881, 1748562, 1, 4096, 0
8882, 2411140, 1, 4096, 0
8882, 1544861, 1, 4096, 0
8883, 1755747, 1, 4096, 0
8883, 2023474, 1, 4096, 0
8883, 1565301, 1, 4096, 0
8883, 2754550, 1, 4096, 0
8884, 1824086, 1, 4096, 0
8885, 2418942, 1, 4096, 0
8885, 2110435, 1, 4096, 0
8885, 2190952, 1, 4096, 0
8885, 1886897, 1, 4096, 0
8885, 2471293, 1, 4096, 0
8886, 1852391, 1, 4096, 0
8886, 1340731, 1, 4096, 0
8887, 1792146, 1, 4096, 0
8887, 2123933, 1, 4096, 0
8887, 2272819, 1, 4096, 0
8887, 2043392, 1, 4096, 0
8888, 1712497, 1, 4096, 0
8888, 2403493, 1, 4096, 0
8889, 1439009, 1, 4096, 0
8889, 1651224, 1, 4096, 0
8889, 2331000, 1, 4096, 0
8889, 1316797, 1, 4096, 0
8891, 2037047, 1, 4096, 0
8891, 3314657, 1, 4096, 0
8891, 2434605, 1, 4096, 0
8891, 2090257, 1, 4096, 0
8891, 1927362, 1, 4096, 0
8892, 3048568, 1, 4096, 0
8892, 1832087, 1, 4096, 0
8893, 2131326, 1, 4096, 0
8893, 2162027, 1, 4096, 0
8893, 1796515, 1, 4096, 0
8893, 2083220, 1, 4096, 0
8894, 1918318, 1, 4096, 0
8894, 1319454, 1, 4096, 0
8894, 1427163, 1, 4096, 0
8894, 1652420, 1, 4096, 0
8895, 1175812, 1, 4096, 0
8895, 1853321, 1, 4096, 0
8896, 2088740, 1, 4096, 0
8896, 1068520, 1, 4096, 0
8896, 1382844, 1, 4096, 0
8896, 1802644, 1, 4096, 0
8897, 1776210, 1, 4096, 0
8897, 2959490, 1, 4096, 0
8898, 2012733, 1, 4096, 0
8898, 1913851, 1, 4096, 0
8898, 2086676, 1, 4096, 0
8899, 1828886, 1, 4096, 0
8899, 2554385, 1, 4096, 0
8899, 2140726, 1, 4096, 0
8900, 1776884, 1, 4096, 0
8900, 1054983, 1, 4096, 0
8900, 1182700, 1, 4096, 0
8900, 2469224, 1, 4096, 0
8900, 2730368, 1, 4096, 0
8901, 1110033, 1, 4096, 0
8901, 2237168, 1, 4096, 0
8901, 888294, 1, 4096, 0
8902, 2444871, 1, 4096, 0
8902, 2136397, 1, 4096, 0
8903, 2039442, 1, 4096, 0
8903, 2000504, 1, 4096, 0
8903, 1668196, 1, 4096, 0
8903, 1948951, 1, 4096, 0
8904, 1646545, 1, 4096, 0
8904, 1749286, 1, 4096, 0
8904, 1597288, 1, 4096, 0
8905, 2217305, 1, 4096, 0
8905, 2466640, 1, 4096, 0
8905, 2829634, 1, 4096, 0
8905, 1615082, 1, 4096, 0
8906, 1422605, 1, 4096, 0
8906, 2246940, 1, 4096, 0
8907, 1844515, 1, 4096, 0
8907, 1902770, 1, 4096, 0
8907, 1783703, 1, 4096, 0
8907, 1903981, 1, 4096, 0
8907, 1665811, 1, 4096, 0
8908, 1099518, 1, 4096, 0
8908, 1036260, 1, 4096, 0
8908, 1181571, 1, 4096, 0
8909, 1724689, 1, 4096, 0
8910, 3009581, 1, 4096, 0
8910, 2158970, 1, 4096, 0
8910, 3644656, 1, 4096, 0
8910, 1890161, 1, 4096, 0
8910, 1225014, 1, 4096, 0
8911, 2861747, 1, 4096, 0
8912, 1738530, 1, 4096, 0
8912, 2134052, 1, 4096, 0
8913, 2375160, 1, 4096, 0
8913, 2471136, 1, 4096, 0
8913, 1570580, 1, 4096, 0
8913, 2911689, 1, 4096, 0
8914, 2112695, 1, 4096, 0
8914, 1535414, 1, 4096, 0
8915, 2285111, 1, 4096, 0
8915, 2631311, 1, 4096, 0
8915, 2320119, 1, 4096, 0
8916, 3184962, 1, 4096, 0
8916, 1394749, 1, 4096, 0
8916, 2145560, 1, 4096, 0
8917, 2262914, 1, 4096, 0
8918, 2093401, 1, 4096, 0
8918, 2735367, 1, 4096, 0
8919, 2445417, 1, 4096, 0
8919, 2841418, 1, 4096, 0
8919, 3283575, 1, 4096, 0
8919, 1986595, 1, 4096, 0
8919, 1707989, 1, 4096, 0
8920, 1289123, 1, 4096, 0
8920, 2221559, 1, 4096, 0
8920, 1917700, 1, 4096, 0
8921, 1665651, 1, 4096, 0
8921, 1332944, 1, 4096, 0
8921, 2740942, 1, 4096, 0
8921, 2361696, 1, 4096, 0
8922, 1597198, 1, 4096, 0
8922, 1617499, 1, 4096, 0
8923, 1533392, 1, 4096, 0
8923, 1413184, 1, 4096, 0
8924, 2081118, 1, 4096, 0
8924, 2511747, 1, 4096, 0
8924, 2606655, 1, 4096, 0
8925, 2776683, 1, 4096, 0
8925, 1343526, 1, 4096, 0
8925, 2193513, 1, 4096, 0
8925, 1623090, 1, 4096, 0
8925, 1691402, 1, 4096, 0
8926, 2194642, 1, 4096, 0
8926, 1200979, 1, 4096, 0
8926, 1621055, 1, 4096, 0
8927, 2198851, 1, 4096, 0
8928, 2627018, 1, 4096, 0
8928, 1680664, 1, 4096, 0
8928, 3072768, 1, 4096, 0
8929, 2261249, 1, 4096, 0
8929, 2301644, 1, 4096, 0
8929, 1688807, 1, 4096, 0
8929, 1797235, 1, 4096, 0
8930, 2131013, 1, 4096, 0
8930, 1449115, 1, 4096, 0
8930, 2251991, 1, 4096, 0
8930, 1398550, 1, 4096, 0
8930, 913567, 1, 4096, 0
8931, 1193401, 1, 4096, 0
8932, 1598649, 1, 4096, 0
8932, 2413181, 1, 4096, 0
8932, 2523744, 1, 4096, 0
8932, 2128795, 1, 4096, 0
8933, 2462130, 1, 4096, 0
8933, 1662093, 1, 4096, 0
8933, 1558551, 1, 4096, 0
8934, 2527929, 1, 4096, 0
8934, 2391059, 1, 4096, 0
8935, 1971287, 1, 4096, 0
8935, 2291300, 1, 4096, 0
8935, 2540788, 1, 4096, 0
8935, 1671546, 1, 4096, 0
8936, 1760566, 1, 4096, 0
8937, 2339542, 1, 4096, 0
8937, 1924582, 1, 4096, 0
8937, 1950926, 1, 4096, 0
8937, 1962218, 1, 4096, 0
8937, 2050192, 1, 4096, 0
8938, 1722622, 1, 4096, 0
8938, 1355763, 1, 4096, 0
8939, 2130657, 1, 4096, 0
8939, 2257220, 1, 4096, 0
8939, 1396491, 1, 4096, 0
8939, 2434050, 1, 4096, 0
8940, 1683215, 1, 4096, 0
8940, 3008697, 1, 4096, 0
8940, 1420059, 1, 4096, 0
8941, 1684510, 1, 4096, 0
8941, 2018660, 1, 4096, 0
8942, 3115012, 1, 4096, 0
8943, 2683451, 1, 4096, 0
8943, 2814787, 1, 4096, 0
8943, 2416082, 1, 4096, 0
8943, 2445201, 1, 4096, 0
8944, 1728606, 1, 4096, 0
8944, 1346885, 1, 4096, 0
8944, 2754150, 1, 4096, 0
8945, 1947837, 1, 4096, 0
8945, 1923958, 1, 4096, 0
8945, 1527496, 1, 4096, 0
8946, 1496518, 1, 4096, 0
8946, 1220491, 1, 4096, 0
8946, 1899185, 1, 4096, 0
8947, 3277713, 1, 4096, 0
8947, 1743056, 1, 4096, 0
8947, 1799765, 1, 4096, 0
8948, 2842772, 1, 4096, 0
8948, 3184443, 1, 4096, 0
8948, 2007024, 1, 4096, 0
8949, 1388467, 1, 4096, 0
8950, 1769885, 1, 4096, 0
8950, 2167024, 1, 4096, 0
8950, 2743485, 1, 4096, 0
8950, 2045129, 1, 4096, 0
8950, 2672703, 1, 4096, 0
8950, 1244426, 1, 4096, 0
8951, 1526870, 1, 4096, 0
8951, 1474781, 1, 4096, 0
8952, 1456718, 1, 4096, 0
8952, 1789403, 1, 4096, 0
8952, 1842713, 1, 4096, 0
8952, 2009028, 1, 4096, 0
8953, 1411526, 1, 4096, 0
8953, 1845859, 1, 4096, 0
8954, 1725175, 1, 4096, 0
8954, 1928077, 1, 4096, 0
8954, 2814546, 1, 4096, 0
8954, 1538727, 1, 4096, 0
8955, 1300920, 1, 4096, 0
8955, 2935280, 1, 4096, 0
8955, 1916429, 1, 4096, 0
8956, 1937605, 1, 4096, 0
8957, 2902074, 1, 4096, 0
8957, 1748018, 1, 4096, 0
8957, 3230809, 1, 4096, 0
8957, 1991591, 1, 4096, 0
8957, 1782308, 1, 4096, 0
8958, 2394160, 1, 4096, 0
8959, 1347074, 1, 4096, 0
8959, 1782998, 1, 4096, 0
8959, 1994235, 1, 4096, 0
8960, 1345880, 1, 4096, 0
8960, 1419971, 1, 4096, 0
8960, 2988701, 1, 4096, 0
8960, 3065266, 1, 4096, 0
8960, 2705172, 1, 4096, 0
8961, 1808082, 1, 4096, 0
8962, 1640382, 1, 4096, 0
8962, 1858154, 1, 4096, 0
8962, 2096501, 1, 4096, 0
8962, 1807481, 1, 4096, 0
8962, 1699452, 1, 4096, 0
8962, 2236946, 1, 4096, 0
8964, 1607860, 1, 4096, 0
8964, 1533441, 1, 4096, 0
8964, 1914131, 1, 4096, 0
8964, 1908876, 1, 4096, 0
8964, 1837718, 1, 4096, 0
8965, 1225493, 1, 4096, 0
8965, 1261710, 1, 4096, 0
8966, 1435614, 1, 4096, 0
8966, 2104113, 1, 4096, 0
8966, 3941565, 1, 4096, 0
8967, 1379863, 1, 4096, 0
8968, 1616396, 1, 4096, 0
8968, 1013913, 1, 4096, 0
8968, 3585303, 1, 4096, 0
8968, 1632858, 1, 4096, 0
8968, 2949574, 1, 4096, 0
8969, 3247562, 1, 4096, 0
8969, 1227714, 1, 4096, 0
8969, 1329094, 1, 4096, 0
8969, 1700304, 1, 4096, 0
8969, 1601546, 1, 4096, 0
8970, 1779738, 1, 4096, 0
8970, 1729096, 1, 4096, 0
8970, 1544195, 1, 4096, 0
8971, 1709927, 1, 4096, 0
8971, 1918690, 1, 4096, 0
8971, 1044438, 1, 4096, 0
8972, 1986162, 1, 4096, 0
8972, 2943875, 1, 4096, 0
8973, 2196508, 1, 4096, 0
8973, 2042007, 1, 4096, 0
8973, 1332215, 1, 4096, 0
8974, 2729478, 1, 4096, 0
8974, 1783155, 1, 4096, 0
8975, 2230928, 1, 4096, 0
8975, 2358549, 1, 4096, 0
8975, 2960855, 1, 4096, 0
8976, 2831789, 1, 4096, 0
8976, 1121577, 1, 4096, 0
8977, 2695692, 1, 4096, 0
8977, 2689709, 1, 4096, 0
8977, 2460524, 1, 4096, 0
8978, 1549570, 1, 4096, 0
8978, 2518106, 1, 4096, 0
8978, 2396198, 1, 4096, 0
8979, 1871360, 1, 4096, 0
8979, 2309213, 1, 4096, 0
8979, 1747098, 1, 4096, 0
8980, 2382932, 1, 4096, 0
8980, 2392926, 1, 4096, 0
8980, 2179727, 1, 4096, 0
8980, 1944691, 1, 4096, 0
8981, 2164594, 1, 4096, 0
8981, 1960340, 1, 4096, 0
8982, 1533470, 1, 4096, 0
8982, 1590959, 1, 4096, 0
8982, 1947674, 1, 4096, 0
8982, 1960233, 1, 4096, 0
8983, 1417583, 1, 4096, 0
8983, 1701404, 1, 4096, 0
8983, 1412478, 1, 4096, 0
8984, 1997885, 1, 4096, 0
8984, 1303699, 1, 4096, 0
8984, 2106380, 1, 4096, 0
8984, 1332638, 1, 4096, 0
8984, 1230153, 1, 4096, 0
8985, 1551100, 1, 4096, 0
8985, 1553309, 1, 4096, 0
8986, 2939659, 1, 4096, 0
8986, 1600152, 1, 4096, 0
8986, 1154057, 1, 4096, 0
8987, 2812872, 1, 4096, 0
8987, 2434868, 1, 4096, 0
8987, 1564669, 1, 4096, 0
8987, 1740637, 1, 4096, 0
8987, 1426944, 1, 4096, 0
8988, 1544147, 1, 4096, 0
8988, 1714616, 1, 4096, 0
8989, 1816463, 1, 4096, 0
8989, 1732664, 1, 4096, 0
8989, 2624674, 1, 4096, 0
8989, 1928634, 1, 4096, 0
8990, 1607850, 1, 4096, 0
8990, 1392048, 1, 4096, 0
8990, 1789896, 1, 4096, 0
8991, 1900328, 1, 4096, 0
8991, 1718390, 1, 4096, 0
8991, 2126029, 1, 4096, 0
8991, 1856524, 1, 4096, 0
8992, 1664539, 1, 4096, 0
8992, 1769269, 1, 4096, 0
8993, 1536421, 1, 4096, 0
8993, 1867831, 1, 4096, 0
8994, 2064022, 1, 4096, 0
8994, 1993755, 1, 4096, 0
8994, 1496704, 1, 4096, 0
8995, 2807057, 1, 4096, 0
8996, 2694976, 1, 4096, 0
8996, 4555251, 1, 4096, 0
8996, 2536035, 1, 4096, 0
8997, 2488975, 1, 4096, 0
8997, 1635869, 1, 4096, 0
8997, 3383707, 1, 4096, 0
8997, 2604244, 1, 4096, 0
8998, 1513321, 1, 4096, 0
8998, 1896448, 1, 4096, 0
8999, 1744162, 1, 4096, 0
8999, 1417916, 1, 4096, 0
8999, 1795933, 1, 4096, 0
9000, 2120253, 1, 4096, 0
9000, 2585085, 1, 4096, 0
9000, 2671427, 1, 4096, 0
9000, 1484561, 1, 4096, 0
9000, 1103073, 1, 4096, 0
9000, 1065074, 1, 4096, 0
9001, 1074309, 1, 4096, 0
9002, 1873710, 1, 4096, 0
9002, 1782798, 1, 4096, 0
9002, 2034752, 1, 4096, 0
9002, 1950411, 1, 4096, 0
9002, 1996236, 1, 4096, 0
9003, 2220742, 1, 4096, 0
9004, 2057118, 1, 4096, 0
9004, 2185637, 1, 4096, 0
9004, 2595427, 1, 4096, 0
9004, 2292536, 1, 4096, 0
9005, 3065241, 1, 4096, 0
9005, 2168353, 1, 4096, 0
9005, 1656731, 1, 4096, 0
9006, 1467363, 1, 4096, 0
9006, 1435688, 1, 4096, 0
9006, 1875218, 1, 4096, 0
9007, 1102644, 1, 4096, 0
9007, 1746599, 1, 4096, 0
9008, 2407579, 1, 4096, 0
9008, 2289658, 1, 4096, 0
9008, 2128728, 1, 4096, 0
9009, 2717791, 1, 4096, 0
9009, 2252276, 1, 4096, 0
9010, 2638942, 1, 4096, 0
9010, 1962136, 1, 4096, 0
9010, 1695123, 1, 4096, 0
9010, 2310076, 1, 4096, 0
9011, 1430633, 1, 4096, 0
9011, 1952997, 1, 4096, 0
9012, 2015013, 1, 4096, 0
9012, 2252132, 1, 4096, 0
9012, 1915737, 1, 4096, 0
9012, 1502520, 1, 4096, 0
9012, 2497593, 1, 4096, 0
9012, 1491650, 1, 4096, 0
9014, 1562364, 1, 4096, 0
9014, 1815087, 1, 4096, 0
9014, 1987143, 1, 4096, 0
9014, 2184617, 1, 4096, 0
9015, 2617826, 1, 4096, 0
9015, 1496634, 1, 4096, 0
9016, 1952662, 1, 4096, 0
9016, 1382570, 1, 4096, 0
9016, 3291690, 1, 4096, 0
9016, 1971886, 1, 4096, 0
9016, 1372102, 1, 4096, 0
9017, 2176754, 1, 4096, 0
9017, 1669097, 1, 4096, 0
9018, 1940133, 1, 4096, 0
9018, 2118612, 1, 4096, 0
9018, 2486577, 1, 4096, 0
9018, 2341943, 1, 4096, 0
9019, 1526140, 1, 4096, 0
9019, 1474581, 1, 4096, 0
9019, 1552235, 1, 4096, 0
9019, 2008636, 1, 4096, 0
9020, 2005004, 1, 4096, 0
9020, 2029304, 1, 4096, 0
9021, 1470366, 1, 4096, 0
9021, 1967865, 1, 4096, 0
9022, 2224249, 1, 4096, 0
9022, 2895623, 1, 4096, 0
9022, 2299347, 1, 4096, 0
9023, 1761699, 1, 4096, 0
9023, 2320202, 1, 4096, 0
9023, 1504413, 1, 4096, 0
9024, 3063987, 1, 4096, 0
9024, 1834649, 1, 4096, 0
9024, 2766239, 1, 4096, 0
9025, 1957471, 1, 4096, 0
9025, 2398258, 1, 4096, 0
9026, 2539205, 1, 4096, 0
9026, 1581304, 1, 4096, 0
9026, 1670705, 1, 4096, 0
9027, 2274295, 1, 4096, 0
9027, 1584866, 1, 4096, 0
9028, 3539530, 1, 4096, 0
9028, 1576713, 1, 4096, 0
9028, 2075416, 1, 4096, 0
9028, 1410954, 1, 4096, 0
9028, 1758133, 1, 4096, 0
9029, 3268763, 1, 4096, 0
9030, 1785670, 1, 4096, 0
9030, 1674273, 1, 4096, 0
9030, 1524140, 1, 4096, 0
9030, 2204223, 1, 4096, 0
9031, 2991867, 1, 4096, 0
9031, 1553033, 1, 4096, 0
9031, 1698670, 1, 4096, 0
9032, 1791746, 1, 4096, 0
9033, 1496890, 1, 4096, 0
9033, 3010055, 1, 4096, 0
9033, 2033149, 1, 4096, 0
9033, 2017534, 1, 4096, 0
9034, 4657729, 1, 4096, 0
9034, 2551209, 1, 4096, 0
9034, 1641946, 1, 4096, 0
9034, 1521522, 1, 4096, 0
9034, 1067568, 1, 4096, 0
9036, 2317941, 1, 4096, 0
9036, 2898349, 1, 4096, 0
9036, 2221670, 1, 4096, 0
9037, 2486836, 1, 4096, 0
9037, 3008403, 1, 4096, 0
9037, 2998209, 1, 4096, 0
9038, 1949276, 1, 4096, 0
9038, 2168886, 1, 4096, 0
9038, 1296707, 1, 4096, 0
9039, 2208550, 1, 4096, 0
9039, 1205574, 1, 4096, 0
9039, 1976660, 1, 4096, 0
9040, 1782716, 1, 4096, 0
9040, 1617294, 1, 4096, 0
9040, 1377318, 1, 4096, 0
9041, 1919713, 1, 4096, 0
9041, 2034008, 1, 4096, 0
9041, 2356122, 1, 4096, 0
9041, 1408340, 1, 4096, 0
9042, 1662043, 1, 4096, 0
9042, 2102889, 1, 4096, 0
9042, 1723412, 1, 4096, 0
9043, 2114706, 1, 4096, 0
9043, 1609680, 1, 4096, 0
9043, 1481625, 1, 4096, 0
9043, 2104678, 1, 4096, 0
9044, 1818612, 1, 4096, 0
9045, 2350118, 1, 4096, 0
9045, 1987047, 1, 4096, 0
9045, 2542768, 1, 4096, 0
9045, 2063140, 1, 4096, 0
9046, 1964335, 1, 4096, 0
9046, 1684932, 1, 4096, 0
9046, 3368286, 1, 4096, 0
9047, 1582779, 1, 4096, 0
9048, 1977287, 1, 4096, 0
9048, 1385583, 1, 4096, 0
9048, 2624356, 1, 4096, 0
9048, 1432707, 1, 4096, 0
9048, 2817204, 1, 4096, 0
9049, 2236540, 1, 4096, 0
9049, 1744943, 1, 4096, 0
9050, 1852456, 1, 4096, 0
9050, 2117718, 1, 4096, 0
9051, 2900787, 1, 4096, 0
9051, 1755319, 1, 4096, 0
9051, 2600040, 1, 4096, 0
9051, 3478590, 1, 4096, 0
9052, 2209516, 1, 4096, 0
9053, 3028782, 1, 4096, 0
9053, 1890887, 1, 4096, 0
9053, 1635441, 1, 4096, 0
9053, 2124877, 1, 4096, 0
9053, 2193699, 1, 4096, 0
9054, 1534136, 1, 4096, 0
9055, 1440816, 1, 4096, 0
9055, 1798902, 1, 4096, 0
9055, 2147058, 1, 4096, 0
9056, 3437456, 1, 4096, 0
9056, 2439892, 1, 4096, 0
9056, 1759712, 1, 4096, 0
9057, 1603530, 1, 4096, 0
9057, 2024596, 1, 4096, 0
9057, 1540961, 1, 4096, 0
9057, 1616344, 1, 4096, 0
9058, 1795204, 1, 4096, 0
9059, 3555912, 1, 4096, 0
9059, 2171915, 1, 4096, 0
9059, 2395692, 1, 4096, 0
9060, 2308524, 1, 4096, 0
9060, 2985696, 1, 4096, 0
9060, 2986461, 1, 4096, 0
9061, 1379935, 1, 4096, 0
9061, 1351406, 1, 4096, 0
9061, 2415845, 1, 4096, 0
9063, 3796183, 1, 4096, 0
9063, 2594267, 1, 4096, 0
9063, 2288855, 1, 4096, 0
9063, 2095481, 1, 4096, 0
9064, 3688842, 1, 4096, 0
9064, 2487965, 1, 4096, 0
9064, 1649013, 1, 4096, 0
9065, 1769919, 1, 4096, 0
9066, 1935599, 1, 4096, 0
9066, 2344737, 1, 4096, 0
9066, 2846579, 1, 4096, 0
9067, 1240597, 1, 4096, 0
9067, 3196254, 1, 4096, 0
9067, 2822900, 1, 4096, 0
9067, 1334344, 1, 4096, 0
9067, 2860652, 1, 4096, 0
9068, 1863959, 1, 4096, 0
9069, 2317589, 1, 4096, 0
9070, 1891445, 1, 4096, 0
9070, 2698448, 1, 4096, 0
9070, 2818634, 1, 4096, 0
9070, 2881608, 1, 4096, 0
9070, 3352372, 1, 4096, 0
9071, 1430103, 1, 4096, 0
9071, 1443151, 1, 4096, 0
9072, 1949659, 1, 4096, 0
9073, 2311079, 1, 4096, 0
9073, 3038383, 1, 4096, 0
9073, 3555586, 1, 4096, 0
9073, 2100375, 1, 4096, 0
9073, 2348013, 1, 4096, 0
9074, 1806405, 1, 4096, 0
9074, 1335560, 1, 4096, 0
9075, 1998365, 1, 4096, 0
9075, 1931300, 1, 4096, 0
9075, 1494612, 1, 4096, 0
9075, 1957553, 1, 4096, 0
9076, 1518801, 1, 4096, 0
9076, 1477873, 1, 4096, 0
9077, 2054032, 1, 4096, 0
9077, 1688160, 1, 4096, 0
9077, 2637968, 1, 4096, 0
9077, 2324433, 1, 4096, 0
9077, 1805173, 1, 4096, 0
9078, 1357937, 1, 4096, 0
9079, 1689116, 1, 4096, 0
9079, 1912405, 1, 4096, 0
9079, 1620022, 1, 4096, 0
9079, 2406731, 1, 4096, 0
9079, 2169205, 1, 4096, 0
9080, 1828574, 1, 4096, 0
9081, 2196682, 1, 4096, 0
9081, 3251643, 1, 4096, 0
9082, 2680374, 1, 4096, 0
9082, 3152045, 1, 4096, 0
9082, 2872142, 1, 4096, 0
9083, 1844430, 1, 4096, 0
9084, 2696340, 1, 4096, 0
9084, 1452512, 1, 4096, 0
9084, 2245919, 1, 4096, 0
9084, 3808208, 1, 4096, 0
9084, 2065352, 1, 4096, 0
9085, 1947348, 1, 4096, 0
9085, 1374873, 1, 4096, 0
9086, 2104580, 1, 4096, 0
9086, 1820387, 1, 4096, 0
9086, 1581006, 1, 4096, 0
9087, 1876354, 1, 4096, 0
9087, 2898725, 1, 4096, 0
9088, 4268150, 1, 4096, 0
9088, 2451719, 1, 4096, 0
9088, 2344752, 1, 4096, 0
9090, 3843001, 1, 4096, 0
9090, 3646922, 1, 4096, 0
9091, 2492045, 1, 4096, 0
9091, 2547853, 1, 4096, 0
9091, 2417676, 1, 4096, 0
9091, 3936851, 1, 4096, 0
9092, 1153412, 1, 4096, 0
9092, 1161491, 1, 4096, 0
9092, 1747348, 1, 4096, 0
9092, 1803366, 1, 4096, 0
9093, 1757884, 1, 4096, 0
9093, 1810965, 1, 4096, 0
9094, 1735627, 1, 4096, 0
9094, 1912538, 1, 4096, 0
9094, 2091447, 1, 4096, 0
9094, 2462597, 1, 4096, 0
9095, 2081616, 1, 4096, 0
9095, 1829380, 1, 4096, 0
9096, 1844015, 1, 4096, 0
9096, 1996553, 1, 4096, 0
9096, 1177504, 1, 4096, 0
9096, 1597789, 1, 4096, 0
9097, 1466815, 1, 4096, 0
9098, 3354493, 1, 4096, 0
9098, 3205842, 1, 4096, 0
9098, 2104341, 1, 4096, 0
9099, 2776241, 1, 4096, 0
9099, 1394165, 1, 4096, 0
9099, 3557924, 1, 4096, 0
9099, 1975195, 1, 4096, 0
9100, 1974640, 1, 4096, 0
9100, 1880726, 1, 4096, 0
9101, 1177631, 1, 4096, 0
9101, 2106461, 1, 4096, 0
9102, 2154564, 1, 4096, 0
9102, 1907939, 1, 4096, 0
9102, 1590702, 1, 4096, 0
9102, 3708050, 1, 4096, 0
9103, 3924452, 1, 4096, 0
9103, 975511, 1, 4096, 0
9103, 1549622, 1, 4096, 0
9104, 2370245, 1, 4096, 0
9104, 1759545, 1, 4096, 0
9104, 2029066, 1, 4096, 0
9105, 1464226, 1, 4096, 0
9105, 1538947, 1, 4096, 0
9105, 2095208, 1, 4096, 0
9106, 2054200, 1, 4096, 0
9106, 2419192, 1, 4096, 0
9106, 3131038, 1, 4096, 0
9107, 1619012, 1, 4096, 0
9107, 1895141, 1, 4096, 0
9108, 1536619, 1, 4096, 0
9108, 2946603, 1, 4096, 0
9108, 2201064, 1, 4096, 0
9109, 2117433, 1, 4096, 0
9109, 1994303, 1, 4096, 0
9109, 2163329, 1, 4096, 0
9109, 1605062, 1, 4096, 0
9110, 1428075, 1, 4096, 0
9110, 1811952, 1, 4096, 0
9110, 1620533, 1, 4096, 0
9111, 1594178, 1, 4096, 0
9111, 2777478, 1, 4096, 0
9112, 1761771, 1, 4096, 0
9112, 2485815, 1, 4096, 0
9112, 1980171, 1, 4096, 0
9112, 1656594, 1, 4096, 0
9112, 1914193, 1, 4096, 0
9113, 1481543, 1, 4096, 0
9114, 2374897, 1, 4096, 0
9114, 1697659, 1, 4096, 0
9114, 1762574, 1, 4096, 0
9114, 2365089, 1, 4096, 0
9115, 2326089, 1, 4096, 0
9115, 1753904, 1, 4096, 0
9116, 2398301, 1, 4096, 0
9116, 2391476, 1, 4096, 0
9116, 1996148, 1, 4096, 0
9117, 2932110, 1, 4096, 0
9117, 2043532, 1, 4096, 0
9117, 2173897, 1, 4096, 0
9118, 1581599, 1, 4096, 0
9118, 1709792, 1, 4096, 0
9118, 1705989, 1, 4096, 0
9119, 2064421, 1, 4096, 0
9119, 2991158, 1, 4096, 0
9119, 2180980, 1, 4096, 0
9119, 1518452, 1, 4096, 0
9120, 2121181, 1, 4096, 0
9121, 2016435, 1, 4096, 0
9121, 1511436, 1, 4096, 0
9121, 3130530, 1, 4096, 0
9121, 2027166, 1, 4096, 0
9122, 1342035, 1, 4096, 0
9122, 2702389, 1, 4096, 0
9122, 1372278, 1, 4096, 0
9123, 1515716, 1, 4096, 0
9124, 1976389, 1, 4096, 0
9124, 1439833, 1, 4096, 0
9124, 1949805, 1, 4096, 0
9124, 2878324, 1, 4096, 0
9125, 2874295, 1, 4096, 0
9125, 4856286, 1, 4096, 0
9126, 1333613, 1, 4096, 0
9126, 2264556, 1, 4096, 0
9127, 1676616, 1, 4096, 0
9127, 1969002, 1, 4096, 0
9127, 1658152, 1, 4096, 0
9127, 3275945, 1, 4096, 0
9128, 3883997, 1, 4096, 0
9128, 1553625, 1, 4096, 0
9129, 2555809, 1, 4096, 0
9130, 2340520, 1, 4096, 0
9130, 2416992, 1, 4096, 0
9130, 2854325, 1, 4096, 0
9130, 1498576, 1, 4096, 0
9131, 2760633, 1, 4096, 0
9131, 2481594, 1, 4096, 0
9131, 1841571, 1, 4096, 0
9132, 1864307, 1, 4096, 0
9132, 2126483, 1, 4096, 0
9132, 2408730, 1, 4096, 0
9133, 1991649, 1, 4096, 0
9133, 1321801, 1, 4096, 0
9133, 1551802, 1, 4096, 0
9133, 1433135, 1, 4096, 0
9134, 1607248, 1, 4096, 0
9134, 1575900, 1, 4096, 0
9134, 1573470, 1, 4096, 0
9135, 1743008, 1, 4096, 0
9135, 2043935, 1, 4096, 0
9135, 2151077, 1, 4096, 0
9136, 1836635, 1, 4096, 0
9136, 2037802, 1, 4096, 0
9137, 1771182, 1, 4096, 0
9137, 2243240, 1, 4096, 0
9137, 1858553, 1, 4096, 0
9138, 1963038, 1, 4096, 0
9138, 1970128, 1, 4096, 0
9138, 2270412, 1, 4096, 0
9138, 1514299, 1, 4096, 0
9138, 1803406, 1, 4096, 0
9139, 2062885, 1, 4096, 0
9139, 1562529, 1, 4096, 0
9139, 1682332, 1, 4096, 0
9139, 1780687, 1, 4096, 0
9141, 2783484, 1, 4096, 0
9141, 1480988, 1, 4096, 0
9141, 2845902, 1, 4096, 0
9142, 2977496, 1, 4096, 0
9143, 4237169, 1, 4096, 0
9143, 1718607, 1, 4096, 0
9143, 2182665, 1, 4096, 0
9143, 3833316, 1, 4096, 0
9144, 1733269, 1, 4096, 0
9145, 2116431, 1, 4096, 0
9145, 2403080, 1, 4096, 0
9146, 4791267, 1, 4096, 0
9146, 1830888, 1, 4096, 0
9146, 3075469, 1, 4096, 0
9146, 2985477, 1, 4096, 0
9147, 2049351, 1, 4096, 0
9147, 1739970, 1, 4096, 0
9148, 1681974, 1, 4096, 0
9148, 2065155, 1, 4096, 0
9148, 2287858, 1, 4096, 0
9149, 3082260, 1, 4096, 0
9149, 1819700, 1, 4096, 0
9149, 1984748, 1, 4096, 0
9150, 2011620, 1, 4096, 0
9150, 1867102, 1, 4096, 0
9150, 2946439, 1, 4096, 0
9151, 1543687, 1, 4096, 0
9151, 1645820, 1, 4096, 0
9152, 2071058, 1, 4096, 0
9152, 1820767, 1, 4096, 0
9152, 2775834, 1, 4096, 0
9152, 1639390, 1, 4096, 0
9152, 1740005, 1, 4096, 0
9153, 2736200, 1, 4096, 0
9153, 1618762, 1, 4096, 0
9154, 1720590, 1, 4096, 0
9154, 1603585, 1, 4096, 0
9154, 1377416, 1, 4096, 0
9154, 1636190, 1, 4096, 0
9155, 1297143, 1, 4096, 0
9155, 1690195, 1, 4096, 0
9155, 1416276, 1, 4096, 0
9155, 2228014, 1, 4096, 0
9156, 1949241, 1, 4096, 0
9156, 2249384, 1, 4096, 0
9157, 1493777, 1, 4096, 0
9157, 1673815, 1, 4096, 0
9157, 1760395, 1, 4096, 0
9157, 2811149, 1, 4096, 0
9158, 1785315, 1, 4096, 0
9158, 1992524, 1, 4096, 0
9159, 1915568, 1, 4096, 0
9159, 2025346, 1, 4096, 0
9159, 1409331, 1, 4096, 0
9160, 2155732, 1, 4096, 0
9160, 3016693, 1, 4096, 0
9160, 3302127, 1, 4096, 0
9161, 1738596, 1, 4096, 0
9161, 2662085, 1, 4096, 0
9162, 2095702, 1, 4096, 0
9162, 2327268, 1, 4096, 0
9162, 2076097, 1, 4096, 0
9162, 2116262, 1, 4096, 0
9163, 1770718, 1, 4096, 0
9163, 1876385, 1, 4096, 0
9164, 2270370, 1, 4096, 0
9164, 1941606, 1, 4096, 0
9164, 2347712, 1, 4096, 0
9165, 2531423, 1, 4096, 0
9165, 2517196, 1, 4096, 0
9166, 2091878, 1, 4096, 0
9166, 2293118, 1, 4096, 0
9167, 2225299, 1, 4096, 0
9167, 2679005, 1, 4096, 0
9168, 2565649, 1, 4096, 0
9168, 3426412, 1, 4096, 0
9169, 3020876, 1, 4096, 0
9169, 1940603, 1, 4096, 0
9169, 2719680, 1, 4096, 0
9169, 3383706, 1, 4096, 0
9170, 1611140, 1, 4096, 0
9170, 1586137, 1, 4096, 0
9170, 1628378, 1, 4096, 0
9171, 1218576, 1, 4096, 0
9171, 2514808, 1, 4096, 0
9171, 1716058, 1, 4096, 0
9171, 1878692, 1, 4096, 0
9172, 1953235, 1, 4096, 0
9173, 2724989, 1, 4096, 0
9174, 3856044, 1, 4096, 0
9175, 3412985, 1, 4096, 0
9175, 3731102, 1, 4096, 0
9175, 2164187, 1, 4096, 0
9175, 3244882, 1, 4096, 0
9176, 1595078, 1, 4096, 0
9176, 1414180, 1, 4096, 0
9176, 1637788, 1, 4096, 0
9176, 1522343, 1, 4096, 0
9176, 3103167, 1, 4096, 0
9177, 1838881, 1, 4096, 0
9178, 1588093, 1, 4096, 0
9178, 1510701, 1, 4096, 0
9178, 1872739, 1, 4096, 0
9179, 3197242, 1, 4096, 0
9179, 2259060, 1, 4096, 0
9179, 2773296, 1, 4096, 0
9180, 2031570, 1, 4096, 0
9180, 2422817, 1, 4096, 0
9181, 1862541, 1, 4096, 0
9181, 2081355, 1, 4096, 0
9181, 1943719, 1, 4096, 0
9181, 2799350, 1, 4096, 0
9181, 1502595, 1, 4096, 0
9182, 1977409, 1, 4096, 0
9183, 2266492, 1, 4096, 0
9183, 1989857, 1, 4096, 0
9183, 2428775, 1, 4096, 0
9184, 2633525, 1, 4096, 0
9184, 2669380, 1, 4096, 0
9184, 1749536, 1, 4096, 0
9184, 1290481, 1, 4096, 0
9185, 1743152, 1, 4096, 0
9186, 1742256, 1, 4096, 0
9186, 1391111, 1, 4096, 0
9186, 2613461, 1, 4096, 0
9186, 2762973, 1, 4096, 0
9187, 3066246, 1, 4096, 0
9187, 1876145, 1, 4096, 0
9188, 1607841, 1, 4096, 0
9188, 1579341, 1, 4096, 0
9188, 2371835, 1, 4096, 0
9188, 2076446, 1, 4096, 0
9189, 2721771, 1, 4096, 0
9189, 1321740, 1, 4096, 0
9190, 1598224, 1, 4096, 0
9190, 1872804, 1, 4096, 0
9190, 2127021, 1, 4096, 0
9190, 3919272, 1, 4096, 0
9191, 1545589, 1, 4096, 0
9191, 1806398, 1, 4096, 0
9191, 1184183, 1, 4096, 0
9192, 2141029, 1, 4096, 0
9192, 1403539, 1, 4096, 0
9192, 2200115, 1, 4096, 0
9193, 1942414, 1, 4096, 0
9193, 1043704, 1, 4096, 0
9193, 2092948, 1, 4096, 0
9193, 2415833, 1, 4096, 0
9193, 1420612, 1, 4096, 0
9194, 1890277, 1, 4096, 0
9195, 1740609, 1, 4096, 0
9195, 2010621, 1, 4096, 0
9196, 2602954, 1, 4096, 0
9196, 2577194, 1, 4096, 0
9196, 2530530, 1, 4096, 0
9197, 1973583, 1, 4096, 0
9197, 3604553, 1, 4096, 0
9197, 1916279, 1, 4096, 0
9198, 1667821, 1, 4096, 0
9198, 2056668, 1, 4096, 0
9198, 1140130, 1, 4096, 0
9199, 3087255, 1, 4096, 0
9199, 2514407, 1, 4096, 0
9199, 1666488, 1, 4096, 0
9200, 2614496, 1, 4096, 0
9200, 1585454, 1, 4096, 0
9200, 1851909, 1, 4096, 0
9201, 1700213, 1, 4096, 0
9201, 1749909, 1, 4096, 0
9202, 2337958, 1, 4096, 0
9202, 3002695, 1, 4096, 0
9202, 2779429, 1, 4096, 0
9203, 2984740, 1, 4096, 0
9203, 1973958, 1, 4096, 0
9203, 1295779, 1, 4096, 0
9204, 2647209, 1, 4096, 0
9204, 2409727, 1, 4096, 0
9205, 1403220, 1, 4096, 0
9205, 2566045, 1, 4096, 0
9205, 2207336, 1, 4096, 0
9205, 1794487, 1, 4096, 0
9206, 1902783, 1, 4096, 0
9207, 2386308, 1, 4096, 0
9207, 3083958, 1, 4096, 0
9207, 2218882, 1, 4096, 0
9207, 2219688, 1, 4096, 0
9208, 1362545, 1, 4096, 0
9209, 3676150, 1, 4096, 0
9209, 2099671, 1, 4096, 0
9210, 2449134, 1, 4096, 0
9210, 1775626, 1, 4096, 0
9210, 4580892, 1, 4096, 0
9211, 1513872, 1, 4096, 0
9211, 4114486, 1, 4096, 0
9211, 3032198, 1, 4096, 0
9212, 1464949, 1, 4096, 0
9212, 1736271, 1, 4096, 0
9213, 2939675, 1, 4096, 0
9213, 2073345, 1, 4096, 0
9213, 1875700, 1, 4096, 0
9214, 2422700, 1, 4096, 0
9214, 1916561, 1, 4096, 0
9214, 1673053, 1, 4096, 0
9215, 1551595, 1, 4096, 0
9215, 2293221, 1, 4096, 0
9216, 3060790, 1, 4096, 0
9216, 1724608, 1, 4096, 0
9216, 1869920, 1, 4096, 0
9216, 1989128, 1, 4096, 0
9217, 2272930, 1, 4096, 0
9217, 2052640, 1, 4096, 0
9217, 1723667, 1, 4096, 0
9217, 1704002, 1, 4096, 0
9218, 2420429, 1, 4096, 0
9218, 2584736, 1, 4096, 0
9218, 1240101, 1, 4096, 0
9219, 1681748, 1, 4096, 0
9219, 1119100, 1, 4096, 0
9220, 1464571, 1, 4096, 0
9220, 2453815, 1, 4096, 0
9220, 3422158, 1, 4096, 0
9221, 2326389, 1, 4096, 0
9221, 1875765, 1, 4096, 0
9221, 1535159, 1, 4096, 0
9222, 2325947, 1, 4096, 0
9222, 1751719, 1, 4096, 0
9222, 2804903, 1, 4096, 0
9223, 1349397, 1, 4096, 0
9223, 1934770, 1, 4096, 0
9223, 1947911, 1, 4096, 0
9223, 1702850, 1, 4096, 0
9224, 1507873, 1, 4096, 0
9224, 1933555, 1, 4096, 0
9225, 1976034, 1, 4096, 0
9225, 1384052, 1, 4096, 0
9225, 1807294, 1, 4096, 0
9226, 2726103, 1, 4096, 0
9226, 3240216, 1, 4096, 0
9226, 1676391, 1, 4096, 0
9227, 2280722, 1, 4096, 0
9227, 1657385, 1, 4096, 0
9227, 1395975, 1, 4096, 0
9228, 3022312, 1, 4096, 0
9228, 2097921, 1, 4096, 0
9229, 2797224, 1, 4096, 0
9229, 2124130, 1, 4096, 0
9229, 1603038, 1, 4096, 0
9229, 2387981, 1, 4096, 0
9230, 3113833, 1, 4096, 0
9230, 1481311, 1, 4096, 0
9231, 2793573, 1, 4096, 0
9231, 1373087, 1, 4096, 0
9232, 2362597, 1, 4096, 0
9232, 2289226, 1, 4096, 0
9232, 2149831, 1, 4096, 0
9232, 1605589, 1, 4096, 0
9232, 2218873, 1, 4096, 0
9233, 1584787, 1, 4096, 0
9234, 2816677, 1, 4096, 0
9234, 2041203, 1, 4096, 0
9234, 1884405, 1, 4096, 0
9234, 1944251, 1, 4096, 0
9235, 2277765, 1, 4096, 0
9236, 2371136, 1, 4096, 0
9236, 2194607, 1, 4096, 0
9236, 2226748, 1, 4096, 0
9236, 2119317, 1, 4096, 0
9237, 1384096, 1, 4096, 0
9237, 1510024, 1, 4096, 0
9237, 1953376, 1, 4096, 0
9238, 3162893, 1, 4096, 0
9238, 2915323, 1, 4096, 0
9238, 1502490, 1, 4096, 0
9239, 1640618, 1, 4096, 0
9239, 1602540, 1, 4096, 0
9239, 1900735, 1, 4096, 0
9239, 1573320, 1, 4096, 0
9240, 1865465, 1, 4096, 0
9240, 2187301, 1, 4096, 0
9241, 1615456, 1, 4096, 0
9241, 1798893, 1, 4096, 0
9241, 2245854, 1, 4096, 0
9242, 1951825, 1, 4096, 0
9242, 2094820, 1, 4096, 0
9242, 2483401, 1, 4096, 0
9243, 1829182, 1, 4096, 0
9243, 1467863, 1, 4096, 0
9243, 1591885, 1, 4096, 0
9244, 2326475, 1, 4096, 0
9244, 1774760, 1, 4096, 0
9244, 3449991, 1, 4096, 0
9244, 2916199, 1, 4096, 0
9245, 1707213, 1, 4096, 0
9246, 2587669, 1, 4096, 0
9246, 1645532, 1, 4096, 0
9246, 1670419, 1, 4096, 0
9246, 1592591, 1, 4096, 0
9247, 2172624, 1, 4096, 0
9247, 1309025, 1, 4096, 0
9248, 1602594, 1, 4096, 0
9248, 3173358, 1, 4096, 0
9248, 2129364, 1, 4096, 0
9248, 2226799, 1, 4096, 0
9249, 1812465, 1, 4096, 0
9249, 2116092, 1, 4096, 0
9249, 1757155, 1, 4096, 0
9250, 1486229, 1, 4096, 0
9250, 2404021, 1, 4096, 0
9250, 1867512, 1, 4096, 0
9250, 1498536, 1, 4096, 0
9251, 1154709, 1, 4096, 0
9251, 1544077, 1, 4096, 0
9252, 1542715, 1, 4096, 0
9252, 1916840, 1, 4096, 0
9252, 1916579, 1, 4096, 0
9253, 2718424, 1, 4096, 0
9253, 1178193, 1, 4096, 0
9253, 3515725, 1, 4096, 0
9253, 2627969, 1, 4096, 0
9254, 1898014, 1, 4096, 0
9254, 1859818, 1, 4096, 0
9254, 1249832, 1, 4096, 0
9255, 2362456, 1, 4096, 0
9255, 2210387, 1, 4096, 0
9255, 1316813, 1, 4096, 0
9256, 2436896, 1, 4096, 0
9256, 1902936, 1, 4096, 0
9257, 2305917, 1, 4096, 0
9257, 1454637, 1, 4096, 0
9257, 1382995, 1, 4096, 0
9258, 2909376, 1, 4096, 0
9258, 2910986, 1, 4096, 0
9258, 1664032, 1, 4096, 0
9258, 1630880, 1, 4096, 0
9259, 2309456, 1, 4096, 0
9259, 2195320, 1, 4096, 0
9260, 1595905, 1, 4096, 0
9260, 1692963, 1, 4096, 0
9260, 1936241, 1, 4096, 0
9260, 2041764, 1, 4096, 0
9261, 2021442, 1, 4096, 0
9261, 1790124, 1, 4096, 0
9261, 1676504, 1, 4096, 0
9262, 1656907, 1, 4096, 0
9262, 1408246, 1, 4096, 0
9263, 1669005, 1, 4096, 0
9263, 3365810, 1, 4096, 0
9263, 2010274, 1, 4096, 0
9263, 2666143, 1, 4096, 0
9264, 1827179, 1, 4096, 0
9265, 1205169, 1, 4096, 0
9265, 1939296, 1, 4096, 0
9265, 2708646, 1, 4096, 0
9265, 2034697, 1, 4096, 0
9265, 1733944, 1, 4096, 0
9266, 2445328, 1, 4096, 0
9266, 1755105, 1, 4096, 0
9266, 1901487, 1, 4096, 0
9267, 1575161, 1, 4096, 0
9267, 2689394, 1, 4096, 0
9267, 1853903, 1, 4096, 0
9268, 1479708, 1, 4096, 0
9268, 2050495, 1, 4096, 0
9269, 3239742, 1, 4096, 0
9269, 1592784, 1, 4096, 0
9269, 1422909, 1, 4096, 0
9270, 2616900, 1, 4096, 0
9270, 2565973, 1, 4096, 0
9270, 1450593, 1, 4096, 0
9270, 1836694, 1, 4096, 0
9271, 1429071, 1, 4096, 0
9271, 1717631, 1, 4096, 0
9272, 3079714, 1, 4096, 0
9272, 3563176, 1, 4096, 0
9272, 1013215, 1, 4096, 0
9272, 2549497, 1, 4096, 0
9273, 2677174, 1, 4096, 0
9273, 1900243, 1, 4096, 0
9274, 1488249, 1, 4096, 0
9274, 1591655, 1, 4096, 0
9274, 1646564, 1, 4096, 0
9275, 1510272, 1, 4096, 0
9275, 1310204, 1, 4096, 0
9275, 3099564, 1, 4096, 0
9275, 2344208, 1, 4096, 0
9277, 2437663, 1, 4096, 0
9277, 1467775, 1, 4096, 0
9277, 2983832, 1, 4096, 0
9277, 2248326, 1, 4096, 0
9277, 1916806, 1, 4096, 0
9278, 2133215, 1, 4096, 0
9278, 1280597, 1, 4096, 0
9278, 1471046, 1, 4096, 0
9279, 2239805, 1, 4096, 0
9280, 2317691, 1, 4096, 0
9280, 2807041, 1, 4096, 0
9280, 1678207, 1, 4096, 0
9281, 3130136, 1, 4096, 0
9282, 1538078, 1, 4096, 0
9282, 1882755, 1, 4096, 0
9282, 2982032, 1, 4096, 0
9282, 3504921, 1, 4096, 0
9282, 2327981, 1, 4096, 0
9283, 1345918, 1, 4096, 0
9283, 2677997, 1, 4096, 0
9283, 1860633, 1, 4096, 0
9283, 1823656, 1, 4096, 0
9284, 1947492, 1, 4096, 0
9284, 1880227, 1, 4096, 0
9285, 1653078, 1, 4096, 0
9285, 1368823, 1, 4096, 0
9285, 1748212, 1, 4096, 0
9286, 2832239, 1, 4096, 0
9286, 2747554, 1, 4096, 0
9286, 2576649, 1, 4096, 0
9286, 1691188, 1, 4096, 0
9287, 2059893, 1, 4096, 0
9288, 1832724, 1, 4096, 0
9288, 1893763, 1, 4096, 0
9289, 2185888, 1, 4096, 0
9289, 3972455, 1, 4096, 0
9289, 2302753, 1, 4096, 0
9289, 1570607, 1, 4096, 0
9290, 1510831, 1, 4096, 0
9291, 1808634, 1, 4096, 0
9291, 2362357, 1, 4096, 0
9292, 2748465, 1, 4096, 0
9292, 3263653, 1, 4096, 0
9292, 2579651, 1, 4096, 0
9292, 1830056, 1, 4096, 0
9293, 3978349, 1, 4096, 0
9293, 1732262, 1, 4096, 0
9294, 2534030, 1, 4096, 0
9294, 1477764, 1, 4096, 0
9296, 2879356, 1, 4096, 0
9296, 2211194, 1, 4096, 0
9296, 4200891, 1, 4096, 0
9296, 2282998, 1, 4096, 0
9296, 2272831, 1, 4096, 0
9297, 4630716, 1, 4096, 0
9297, 1732566, 1, 4096, 0
9298, 1677817, 1, 4096, 0
9298, 1766335, 1, 4096, 0
9298, 2178685, 1, 4096, 0
9298, 2099507, 1, 4096, 0
9299, 2033504, 1, 4096, 0
9299, 1705732, 1, 4096, 0
9299, 1869308, 1, 4096, 0
9300, 1930034, 1, 4096, 0
9300, 2109810, 1, 4096, 0
9300, 1716785, 1, 4096, 0
9301, 1540851, 1, 4096, 0
9301, 1791017, 1, 4096, 0
9301, 2561975, 1, 4096, 0
9302, 2678431, 1, 4096, 0
9302, 1321503, 1, 4096, 0
9303, 1139555, 1, 4096, 0
9303, 2758712, 1, 4096, 0
9303, 2825532, 1, 4096, 0
9303, 1676780, 1, 4096, 0
9304, 1671601, 1, 4096, 0
9304, 1370940, 1, 4096, 0
9304, 1589748, 1, 4096, 0
9305, 1904596, 1, 4096, 0
9305, 2496898, 1, 4096, 0
9305, 1077901, 1, 4096, 0
9305, 1119165, 1, 4096, 0
9305, 3771430, 1, 4096, 0
9306, 1345883, 1, 4096, 0
9307, 1805891, 1, 4096, 0
9307, 1434865, 1, 4096, 0
9307, 1957100, 1, 4096, 0
9307, 1832593, 1, 4096, 0
9308, 2001574, 1, 4096, 0
9308, 2467879, 1, 4096, 0
9308, 1555538, 1, 4096, 0
9308, 1272490, 1, 4096, 0
9309, 2224087, 1, 4096, 0
9309, 1385968, 1, 4096, 0
9309, 1959895, 1, 4096, 0
9310, 1429897, 1, 4096, 0
9310, 1952896, 1, 4096, 0
9310, 2312076, 1, 4096, 0
9311, 2164983, 1, 4096, 0
9311, 2271528, 1, 4096, 0
9311, 2174108, 1, 4096, 0
9312, 1772943, 1, 4096, 0
9312, 1983498, 1, 4096, 0
9312, 1414451, 1, 4096, 0
9312, 1996522, 1, 4096, 0
9313, 1501541, 1, 4096, 0
9313, 1530307, 1, 4096, 0
9314, 1236053, 1, 4096, 0
9314, 1433885, 1, 4096, 0
9314, 2992401, 1, 4096, 0
9315, 2117747, 1, 4096, 0
9315, 1245673, 1, 4096, 0
9315, 1674876, 1, 4096, 0
9315, 3436147, 1, 4096, 0
9317, 1687742, 1, 4096, 0
9317, 1704333, 1, 4096, 0
9317, 2568722, 1, 4096, 0
9317, 2961809, 1, 4096, 0
9317, 2697284, 1, 4096, 0
9319, 3844264, 1, 4096, 0
9319, 2194242, 1, 4096, 0
9319, 2504201, 1, 4096, 0
9320, 2769061, 1, 4096, 0
9320, 1290610, 1, 4096, 0
9321, 3555623, 1, 4096, 0
9321, 2305475, 1, 4096, 0
9321, 4555989, 1, 4096, 0
9322, 1811509, 1, 4096, 0
9322, 1395044, 1, 4096, 0
9322, 3111390, 1, 4096, 0
9323, 1313471, 1, 4096, 0
9323, 1930272, 1, 4096, 0
9323, 1842919, 1, 4096, 0
9323, 1476958, 1, 4096, 0
9325, 1810343, 1, 4096, 0
9325, 2820588, 1, 4096, 0
9325, 2440521, 1, 4096, 0
9325, 2055234, 1, 4096, 0
9325, 1426894, 1, 4096, 0
9325, 1822239, 1, 4096, 0
9326, 1755423, 1, 4096, 0
9327, 2419623, 1, 4096, 0
9327, 2444267, 1, 4096, 0
9327, 2494668, 1, 4096, 0
9327, 2266293, 1, 4096, 0
9328, 3057206, 1, 4096, 0
9328, 1347540, 1, 4096, 0
9329, 1604244, 1, 4096, 0
9329, 2266808, 1, 4096, 0
9329, 754446, 1, 4096, 0
9329, 1974355, 1, 4096, 0
9329, 2405949, 1, 4096, 0
9330, 2090590, 1, 4096, 0
9331, 2142090, 1, 4096, 0
9331, 1940062, 1, 4096, 0
9332, 2954655, 1, 4096, 0
9332, 3344140, 1, 4096, 0
9332, 2551191, 1, 4096, 0
9333, 1255562, 1, 4096, 0
9333, 2477125, 1, 4096, 0
9333, 2572967, 1, 4096, 0
9334, 3095144, 1, 4096, 0
9334, 2130142, 1, 4096, 0
9334, 2107192, 1, 4096, 0
9335, 1736412, 1, 4096, 0
9335, 2082343, 1, 4096, 0
9335, 1375291, 1, 4096, 0
9336, 2220992, 1, 4096, 0
9336, 2377656, 1, 4096, 0
9336, 2059146, 1, 4096, 0
9337, 1371114, 1, 4096, 0
9337, 1379446, 1, 4096, 0
9337, 1615480, 1, 4096, 0
9337, 1974700, 1, 4096, 0
9337, 2054138, 1, 4096, 0
9339, 1388037, 1, 4096, 0
9339, 2620699, 1, 4096, 0
9339, 2091103, 1, 4096, 0
9339, 1619619, 1, 4096, 0
9340, 2292272, 1, 4096, 0
9340, 3061285, 1, 4096, 0
9340, 1691154, 1, 4096, 0
9341, 1704402, 1, 4096, 0
9341, 1564163, 1, 4096, 0
9342, 2885431, 1, 4096, 0
9342, 2797750, 1, 4096, 0
9342, 2080936, 1, 4096, 0
9342, 2270699, 1, 4096, 0
9343, 1228962, 1, 4096, 0
9343, 2635692, 1, 4096, 0
9343, 1558838, 1, 4096, 0
9344, 1432538, 1, 4096, 0
9345, 1755738, 1, 4096, 0
9345, 3987118, 1, 4096, 0
9345, 2059847, 1, 4096, 0
9346, 3262004, 1, 4096, 0
9346, 1212706, 1, 4096, 0
9348, 4170640, 1, 4096, 0
9348, 2187638, 1, 4096, 0
9348, 2943610, 1, 4096, 0
9348, 3948670, 1, 4096, 0
9348, 1985133, 1, 4096, 0
9348, 1582440, 1, 4096, 0
9350, 1808924, 1, 4096, 0
9350, 1908405, 1, 4096, 0
9350, 2343580, 1, 4096, 0
9350, 2507669, 1, 4096, 0
9351, 3430055, 1, 4096, 0
9351, 3467624, 1, 4096, 0
9351, 1309754, 1, 4096, 0
9352, 1670286, 1, 4096, 0
9352, 2290097, 1, 4096, 0
9353, 1328188, 1, 4096, 0
9353, 3269730, 1, 4096, 0
9353, 1640478, 1, 4096, 0
9353, 1650827, 1, 4096, 0
9354, 1830912, 1, 4096, 0
9355, 3625317, 1, 4096, 0
9355, 2735363, 1, 4096, 0
9355, 1705400, 1, 4096, 0
9355, 2387692, 1, 4096, 0
9356, 1368844, 1, 4096, 0
9356, 2907368, 1, 4096, 0
9356, 1786314, 1, 4096, 0
9357, 2134827, 1, 4096, 0
9357, 2266390, 1, 4096, 0
9357, 1740976, 1, 4096, 0
9357, 2110523, 1, 4096, 0
9358, 1168708, 1, 4096, 0
9358, 2017084, 1, 4096, 0
9359, 2866873, 1, 4096, 0
9360, 1738124, 1, 4096, 0
9360, 2945106, 1, 4096, 0
9360, 2658864, 1, 4096, 0
9360, 2653547, 1, 4096, 0
9361, 2449590, 1, 4096, 0
9361, 1048674, 1, 4096, 0
9361, 2678725, 1, 4096, 0
9362, 1778006, 1, 4096, 0
9363, 2626675, 1, 4096, 0
9363, 2783698, 1, 4096, 0
9363, 1964400, 1, 4096, 0
9363, 2092281, 1, 4096, 0
9364, 1716034, 1, 4096, 0
9364, 1255825, 1, 4096, 0
9364, 3065235, 1, 4096, 0
9365, 1591091, 1, 4096, 0
9365, 1270087, 1, 4096, 0
9365, 2268374, 1, 4096, 0
9366, 2254649, 1, 4096, 0
9366, 1987514, 1, 4096, 0
9366, 3215330, 1, 4096, 0
9367, 2249993, 1, 4096, 0
9367, 2126800, 1, 4096, 0
9368, 1866741, 1, 4096, 0
9368, 2574277, 1, 4096, 0
9368, 2022331, 1, 4096, 0
9369, 2037433, 1, 4096, 0
9369, 1685616, 1, 4096, 0
9370, 1748323, 1, 4096, 0
9370, 1750658, 1, 4096, 0
9370, 1714404, 1, 4096, 0
9370, 3126676, 1, 4096, 0
9371, 2240744, 1, 4096, 0
9371, 2103643, 1, 4096, 0
9371, 1603929, 1, 4096, 0
9372, 2376860, 1, 4096, 0
9373, 1748949, 1, 4096, 0
9373, 3468894, 1, 4096, 0
9373, 1988406, 1, 4096, 0
9373, 1201068, 1, 4096, 0
9373, 2439151, 1, 4096, 0
9373, 3017897, 1, 4096, 0
9375, 2171287, 1, 4096, 0
9375, 1734122, 1, 4096, 0
9375, 1981165, 1, 4096, 0
9375, 1982950, 1, 4096, 0
9375, 2011483, 1, 4096, 0
9376, 1340019, 1, 4096, 0
9376, 3292373, 1, 4096, 0
9377, 1370340, 1, 4096, 0
9377, 1956527, 1, 4096, 0
9377, 1894437, 1, 4096, 0
9377, 1914445, 1, 4096, 0
9378, 1405314, 1, 4096, 0
9378, 2325763, 1, 4096, 0
9379, 2118351, 1, 4096, 0
9379, 2396794, 1, 4096, 0
9379, 2218898, 1, 4096, 0
9380, 2280170, 1, 4096, 0
9380, 2591311, 1, 4096, 0
9380, 1981672, 1, 4096, 0
9380, 1811509, 1, 4096, 0
9381, 1875532, 1, 4096, 0
9382, 2049954, 1, 4096, 0
9382, 1904209, 1, 4096, 0
9382, 2164388, 1, 4096, 0
9382, 2890163, 1, 4096, 0
9383, 1401262, 1, 4096, 0
9383, 1206334, 1, 4096, 0
9383, 2688549, 1, 4096, 0
9383, 1033072, 1, 4096, 0
9384, 1875335, 1, 4096, 0
9385, 2401988, 1, 4096, 0
9385, 2550514, 1, 4096, 0
9385, 2068478, 1, 4096, 0
9385, 1717870, 1, 4096, 0
9385, 2526729, 1, 4096, 0
9386, 1972606, 1, 4096, 0
9386, 1338444, 1, 4096, 0
9387, 1820591, 1, 4096, 0
9387, 1949753, 1, 4096, 0
9387, 1850839, 1, 4096, 0
9387, 2191375, 1, 4096, 0
9388, 1583341, 1, 4096, 0
9388, 2175183, 1, 4096, 0
9389, 2173092, 1, 4096, 0
9389, 1727811, 1, 4096, 0
9389, 1946344, 1, 4096, 0
9390, 2781402, 1, 4096, 0
9390, 1790852, 1, 4096, 0
9391, 1725371, 1, 4096, 0
9391, 1673914, 1, 4096, 0
9391, 2143776, 1, 4096, 0
9391, 2831953, 1, 4096, 0
9392, 2087805, 1, 4096, 0
9393, 1844922, 1, 4096, 0
9393, 2325345, 1, 4096, 0
9393, 2076022, 1, 4096, 0
9393, 1626266, 1, 4096, 0
9393, 2124826, 1, 4096, 0
9393, 1457580, 1, 4096, 0
9395, 2132093, 1, 4096, 0
9395, 2135368, 1, 4096, 0
9395, 2190515, 1, 4096, 0
9395, 2573898, 1, 4096, 0
9395, 1973861, 1, 4096, 0
9395, 2722721, 1, 4096, 0
9396, 855121, 1, 4096, 0
9397, 1808908, 1, 4096, 0
9397, 1268372, 1, 4096, 0
9397, 1969837, 1, 4096, 0
9397, 2200209, 1, 4096, 0
9397, 2020292, 1, 4096, 0
9398, 1416819, 1, 4096, 0
9399, 2168731, 1, 4096, 0
9399, 2011436, 1, 4096, 0
9399, 1695388, 1, 4096, 0
9399, 2402326, 1, 4096, 0
9399, 1872290, 1, 4096, 0
9400, 1420067, 1, 4096, 0
9400, 1435300, 1, 4096, 0
9401, 2108125, 1, 4096, 0
9401, 2017591, 1, 4096, 0
9401, 1832375, 1, 4096, 0
9401, 1446303, 1, 4096, 0
9401, 1909674, 1, 4096, 0
9402, 2839888, 1, 4096, 0
9403, 2194637, 1, 4096, 0
9403, 1404266, 1, 4096, 0
9403, 2101739, 1, 4096, 0
9403, 2403716, 1, 4096, 0
9403, 1986584, 1, 4096, 0
9403, 1283094, 1, 4096, 0
9404, 1596584, 1, 4096, 0
9405, 2043570, 1, 4096, 0
9405, 1824448, 1, 4096, 0
9405, 1888437, 1, 4096, 0
9406, 2320672, 1, 4096, 0
9406, 2824452, 1, 4096, 0
9407, 2550058, 1, 4096, 0
9407, 1714021, 1, 4096, 0
9407, 2295146, 1, 4096, 0
9408, 2255903, 1, 4096, 0
9408, 1192732, 1, 4096, 0
9408, 2673354, 1, 4096, 0
9408, 2496068, 1, 4096, 0
9409, 1835488, 1, 4096, 0
9409, 2485727, 1, 4096, 0
9410, 1377227, 1, 4096, 0
9410, 2346931, 1, 4096, 0
9411, 2319248, 1, 4096, 0
9411, 2644494, 1, 4096, 0
9411, 2131729, 1, 4096, 0
9412, 2242389, 1, 4096, 0
9412, 2177998, 1, 4096, 0
9412, 2422221, 1, 4096, 0
9412, 1345385, 1, 4096, 0
9413, 1545533, 1, 4096, 0
9413, 2087136, 1, 4096, 0
9413, 1522612, 1, 4096, 0
9413, 1671176, 1, 4096, 0
9414, 1419996, 1, 4096, 0
9414, 1534969, 1, 4096, 0
9414, 1954092, 1, 4096, 0
9415, 2133585, 1, 4096, 0
9415, 1778286, 1, 4096, 0
9415, 1740327, 1, 4096, 0
9415, 1636024, 1, 4096, 0
9416, 1899074, 1, 4096, 0
9416, 2166200, 1, 4096, 0
9417, 1366984, 1, 4096, 0
9417, 2122232, 1, 4096, 0
9417, 2308726, 1, 4096, 0
9418, 2350293, 1, 4096, 0
9418, 1852562, 1, 4096, 0
9418, 2058319, 1, 4096, 0
9418, 1846102, 1, 4096, 0
9419, 1591406, 1, 4096, 0
9419, 2229218, 1, 4096, 0
9420, 2380548, 1, 4096, 0
9420, 1293614, 1, 4096, 0
9420, 1718716, 1, 4096, 0
9421, 1580782, 1, 4096, 0
9421, 1645702, 1, 4096, 0
9421, 2910950, 1, 4096, 0
9421, 1850040, 1, 4096, 0
9422, 1913082, 1, 4096, 0
9423, 3451214, 1, 4096, 0
9423, 1843027, 1, 4096, 0
9423, 2087543, 1, 4096, 0
9424, 1546131, 1, 4096, 0
9424, 2396693, 1, 4096, 0
9424, 2875240, 1, 4096, 0
9425, 1994788, 1, 4096, 0
9425, 1286433, 1, 4096, 0
9425, 2113715, 1, 4096, 0
9426, 1943015, 1, 4096, 0
9426, 2801645, 1, 4096, 0
9427, 3841736, 1, 4096, 0
9427, 2046379, 1, 4096, 0
9427, 1954947, 1, 4096, 0
9428, 2282090, 1, 4096, 0
9428, 1722690, 1, 4096, 0
9428, 2703093, 1, 4096, 0
9429, 1775057, 1, 4096, 0
9429, 2049525, 1, 4096, 0
9429, 1739850, 1, 4096, 0
9430, 2656583, 1, 4096, 0
9430, 1802180, 1, 4096, 0
9430, 2126390, 1, 4096, 0
9430, 1657936, 1, 4096, 0
9431, 1698817, 1, 4096, 0
9432, 1628986, 1, 4096, 0
9432, 1493893, 1, 4096, 0
9432, 3092284, 1, 4096, 0
9433, 2896792, 1, 4096, 0
9433, 2974818, 1, 4096, 0
9433, 1468459, 1, 4096, 0
9434, 1003863, 1, 4096, 0
9434, 3794738, 1, 4096, 0
9434, 1516039, 1, 4096, 0
9435, 2192845, 1, 4096, 0
9435, 3009876, 1, 4096, 0
9436, 2010285, 1, 4096, 0
9436, 1792170, 1, 4096, 0
9436, 2053952, 1, 4096, 0
9437, 1893581, 1, 4096, 0
9437, 3539023, 1, 4096, 0
9437, 2549184, 1, 4096, 0
9438, 1540223, 1, 4096, 0
9439, 1989717, 1, 4096, 0
9439, 2018033, 1, 4096, 0
9439, 2400884, 1, 4096, 0
9439, 2183652, 1, 4096, 0
9439, 2944542, 1, 4096, 0
9440, 2080836, 1, 4096, 0
9440, 1552964, 1, 4096, 0
9441, 1922758, 1, 4096, 0
9441, 1859319, 1, 4096, 0
9441, 1826189, 1, 4096, 0
9442, 2632982, 1, 4096, 0
9442, 2184590, 1, 4096, 0
9442, 2014961, 1, 4096, 0
9442, 1676500, 1, 4096, 0
9443, 1913916, 1, 4096, 0
9443, 1820122, 1, 4096, 0
9443, 1912939, 1, 4096, 0
9444, 1520630, 1, 4096, 0
9445, 2274758, 1, 4096, 0
9445, 1965808, 1, 4096, 0
9445, 1516863, 1, 4096, 0
9445, 2145862, 1, 4096, 0
9445, 851054, 1, 4096, 0
9446, 2324931, 1, 4096, 0
9446, 1940122, 1, 4096, 0
9446, 1197868, 1, 4096, 0
9446, 1747189, 1, 4096, 0
9447, 1925744, 1, 4096, 0
9448, 2232625, 1, 4096, 0
9448, 2016428, 1, 4096, 0
9448, 2054993, 1, 4096, 0
9448, 1823560, 1, 4096, 0
9449, 2407272, 1, 4096, 0
9450, 3923552, 1, 4096, 0
9450, 2165936, 1, 4096, 0
9450, 2285283, 1, 4096, 0
9451, 2770868, 1, 4096, 0
9451, 1878599, 1, 4096, 0
9451, 3269848, 1, 4096, 0
9452, 2038702, 1, 4096, 0
9452, 1308341, 1, 4096, 0
9452, 2183280, 1, 4096, 0
9452, 2196141, 1, 4096, 0
9452, 1666927, 1, 4096, 0
9453, 1362265, 1, 4096, 0
9454, 1945195, 1, 4096, 0
9454, 1950422, 1, 4096, 0
9454, 2048289, 1, 4096, 0
9454, 2570979, 1, 4096, 0
9454, 2202781, 1, 4096, 0
9455, 1924365, 1, 4096, 0
9456, 1795382, 1, 4096, 0
9456, 1966334, 1, 4096, 0
9456, 1382480, 1, 4096, 0
9456, 2097212, 1, 4096, 0
9457, 2248401, 1, 4096, 0
9457, 2308424, 1, 4096, 0
9458, 2044387, 1, 4096, 0
9458, 2290559, 1, 4096, 0
9459, 2110651, 1, 4096, 0
9459, 2942120, 1, 4096, 0
9459, 2915895, 1, 4096, 0
9460, 3668037, 1, 4096, 0
9460, 1997344, 1, 4096, 0
9460, 1926764, 1, 4096, 0
9461, 1918776, 1, 4096, 0
9461, 1647543, 1, 4096, 0
9461, 1926131, 1, 4096, 0
9462, 1731129, 1, 4096, 0
9462, 1667522, 1, 4096, 0
9462, 1462679, 1, 4096, 0
9463, 1918963, 1, 4096, 0
9463, 2581962, 1, 4096, 0
9463, 2455391, 1, 4096, 0
9463, 1173824, 1, 4096, 0
9464, 1917614, 1, 4096, 0
9466, 2361223, 1, 4096, 0
9466, 3644866, 1, 4096, 0
9466, 2777656, 1, 4096, 0
9466, 1589511, 1, 4096, 0
9466, 2751312, 1, 4096, 0
9466, 3045169, 1, 4096, 0
9467, 1509872, 1, 4096, 0
9467, 1401863, 1, 4096, 0
9467, 1747711, 1, 4096, 0
9468, 1784693, 1, 4096, 0
9468, 2011642, 1, 4096, 0
9468, 2350608, 1, 4096, 0
9469, 1146843, 1, 4096, 0
9469, 2139153, 1, 4096, 0
9469, 2236753, 1, 4096, 0
9469, 1881547, 1, 4096, 0
9470, 2159034, 1, 4096, 0
9470, 1306744, 1, 4096, 0
9470, 2418700, 1, 4096, 0
9471, 1391322, 1, 4096, 0
9471, 2002465, 1, 4096, 0
9472, 2341031, 1, 4096, 0
9472, 1598513, 1, 4096, 0
9472, 2292440, 1, 4096, 0
9473, 2411217, 1, 4096, 0
9473, 2556472, 1, 4096, 0
9473, 2170770, 1, 4096, 0
9474, 2548230, 1, 4096, 0
9474, 2229343, 1, 4096, 0
9474, 1784838, 1, 4096, 0
9475, 2169614, 1, 4096, 0
9476, 1474063, 1, 4096, 0
9476, 1312591, 1, 4096, 0
9476, 2345361, 1, 4096, 0
9477, 2292498, 1, 4096, 0
9477, 2027884, 1, 4096, 0
9477, 3710637, 1, 4096, 0
9477, 1197262, 1, 4096, 0
9478, 2301633, 1, 4096, 0
9478, 2596851, 1, 4096, 0
9478, 1861487, 1, 4096, 0
9478, 1571325, 1, 4096, 0
9479, 1891814, 1, 4096, 0
9479, 2302447, 1, 4096, 0
9480, 2051247, 1, 4096, 0
9481, 1689081, 1, 4096, 0
9481, 2185477, 1, 4096, 0
9481, 2493769, 1, 4096, 0
9481, 2995589, 1, 4096, 0
9482, 3084417, 1, 4096, 0
9483, 2273326, 1, 4096, 0
9483, 2290426, 1, 4096, 0
9483, 1858701, 1, 4096, 0
9483, 1980503, 1, 4096, 0
9483, 2407093, 1, 4096, 0
9484, 1892153, 1, 4096, 0
9484, 1366654, 1, 4096, 0
9484, 1371706, 1, 4096, 0
9485, 1880269, 1, 4096, 0
9485, 1852150, 1, 4096, 0
9486, 2329077, 1, 4096, 0
9486, 2009848, 1, 4096, 0
9486, 2031188, 1, 4096, 0
9486, 3585486, 1, 4096, 0
9487, 2157355, 1, 4096, 0
9487, 2272931, 1, 4096, 0
9488, 1691579, 1, 4096, 0
9489, 2407537, 1, 4096, 0
9489, 2584295, 1, 4096, 0
9489, 1847249, 1, 4096, 0
9490, 1848892, 1, 4096, 0
9490, 1178419, 1, 4096, 0
9490, 1545976, 1, 4096, 0
9491, 4177150, 1, 4096, 0
9491, 4415937, 1, 4096, 0
9492, 1944294, 1, 4096, 0
9492, 2197327, 1, 4096, 0
9493, 3517978, 1, 4096, 0
9493, 1989995, 1, 4096, 0
9493, 2821566, 1, 4096, 0
9493, 1864799, 1, 4096, 0
9493, 1576004, 1, 4096, 0
9494, 1456396, 1, 4096, 0
9494, 1974014, 1, 4096, 0
9495, 1935017, 1, 4096, 0
9495, 1740245, 1, 4096, 0
9495, 1981243, 1, 4096, 0
9496, 1804488, 1, 4096, 0
9496, 3335493, 1, 4096, 0
9496, 2435081, 1, 4096, 0
9497, 1238231, 1, 4096, 0
9497, 2141275, 1, 4096, 0
9498, 1804971, 1, 4096, 0
9499, 2442180, 1, 4096, 0
9499, 2053331, 1, 4096, 0
9499, 4526932, 1, 4096, 0
9499, 4537054, 1, 4096, 0
9500, 2830009, 1, 4096, 0
9500, 2264201, 1, 4096, 0
9501, 1564045, 1, 4096, 0
9501, 2270143, 1, 4096, 0
9501, 2024633, 1, 4096, 0
9502, 1780698, 1, 4096, 0
9503, 1447490, 1, 4096, 0
9503, 1397542, 1, 4096, 0
9503, 1632140, 1, 4096, 0
9503, 3854247, 1, 4096, 0
9503, 2770587, 1, 4096, 0
9504, 1325148, 1, 4096, 0
9504, 2071644, 1, 4096, 0
9505, 2020464, 1, 4096, 0
9505, 1822169, 1, 4096, 0
9505, 1791755, 1, 4096, 0
9505, 2419939, 1, 4096, 0
9506, 1826707, 1, 4096, 0
9506, 1560114, 1, 4096, 0
9506, 1245974, 1, 4096, 0
9507, 1773661, 1, 4096, 0
9507, 2125757, 1, 4096, 0
9507, 1476541, 1, 4096, 0
9507, 2288946, 1, 4096, 0
9508, 1859001, 1, 4096, 0
9508, 2356962, 1, 4096, 0
9509, 1952688, 1, 4096, 0
9509, 1545460, 1, 4096, 0
9509, 1782744, 1, 4096, 0
9510, 3029288, 1, 4096, 0
9510, 1814982, 1, 4096, 0
9511, 1117519, 1, 4096, 0
9511, 1743033, 1, 4096, 0
9511, 2439968, 1, 4096, 0
9511, 2095573, 1, 4096, 0
9511, 2453078, 1, 4096, 0
9512, 1922819, 1, 4096, 0
9513, 2125229, 1, 4096, 0
9513, 2075548, 1, 4096, 0
9513, 2347033, 1, 4096, 0
9513, 2144777, 1, 4096, 0
9514, 2613441, 1, 4096, 0
9514, 2045933, 1, 4096, 0
9515, 2074011, 1, 4096, 0
9515, 1877676, 1, 4096, 0
9515, 2165909, 1, 4096, 0
9515, 1893744, 1, 4096, 0
9516, 2556520, 1, 4096, 0
9516, 2617035, 1, 4096, 0
9516, 1329516, 1, 4096, 0
9517, 1863220, 1, 4096, 0
9517, 1790067, 1, 4096, 0
9517, 1842521, 1, 4096, 0
9517, 1893506, 1, 4096, 0
9518, 1843535, 1, 4096, 0
9519, 1872485, 1, 4096, 0
9519, 3113318, 1, 4096, 0
9519, 1925580, 1, 4096, 0
9520, 1590885, 1, 4096, 0
9520, 2574848, 1, 4096, 0
9520, 3079448, 1, 4096, 0
9521, 1230406, 1, 4096, 0
9521, 2492489, 1, 4096, 0
9522, 2241713, 1, 4096, 0
9522, 1836850, 1, 4096, 0
9522, 2020160, 1, 4096, 0
9523, 3289858, 1, 4096, 0
9523, 2138886, 1, 4096, 0
9523, 1854034, 1, 4096, 0
9523, 1454523, 1, 4096, 0
9523, 1690654, 1, 4096, 0
9524, 1837769, 1, 4096, 0
9525, 1884533, 1, 4096, 0
9525, 1210030, 1, 4096, 0
9525, 2227516, 1, 4096, 0
9526, 1431625, 1, 4096, 0
9526, 2549783, 1, 4096, 0
9526, 3009647, 1, 4096, 0
9527, 1887423, 1, 4096, 0
9527, 1838840, 1, 4096, 0
9527, 1558986, 1, 4096, 0
9527, 2884117, 1, 4096, 0
9528, 2012072, 1, 4096, 0
9528, 2734797, 1, 4096, 0
9529, 2473019, 1, 4096, 0
9529, 1920473, 1, 4096, 0
9529, 2003172, 1, 4096, 0
9529, 1346274, 1, 4096, 0
9530, 2564567, 1, 4096, 0
9531, 1387198, 1, 4096, 0
9531, 2013404, 1, 4096, 0
9531, 2018319, 1, 4096, 0
9531, 1922832, 1, 4096, 0
9532, 1752005, 1, 4096, 0
9532, 4027640, 1, 4096, 0
9533, 2063753, 1, 4096, 0
9533, 2647093, 1, 4096, 0
9534, 2791037, 1, 4096, 0
9534, 2258267, 1, 4096, 0
9535, 4329920, 1, 4096, 0
9535, 2954329, 1, 4096, 0
9535, 2165842, 1, 4096, 0
9535, 1948491, 1, 4096, 0
9536, 1865881, 1, 4096, 0
9536, 2100200, 1, 4096, 0
9537, 1495049, 1, 4096, 0
9537, 1517768, 1, 4096, 0
9537, 1949012, 1, 4096, 0
9537, 1494432, 1, 4096, 0
9538, 2181862, 1, 4096, 0
9538, 1494571, 1, 4096, 0
9539, 1663176, 1, 4096, 0
9539, 1818727, 1, 4096, 0
9539, 2393597, 1, 4096, 0
9539, 3478175, 1, 4096, 0
9539, 1857888, 1, 4096, 0
9541, 1599938, 1, 4096, 0
9541, 2399156, 1, 4096, 0
9541, 1851316, 1, 4096, 0
9541, 2208861, 1, 4096, 0
9542, 2143801, 1, 4096, 0
9542, 2463911, 1, 4096, 0
9542, 1044021, 1, 4096, 0
9543, 2087420, 1, 4096, 0
9543, 1939496, 1, 4096, 0
9544, 1995315, 1, 4096, 0
9544, 2098025, 1, 4096, 0
9544, 2644641, 1, 4096, 0
9544, 3194723, 1, 4096, 0
9545, 2020130, 1, 4096, 0
9546, 2822764, 1, 4096, 0
9546, 1911032, 1, 4096, 0
9546, 2689982, 1, 4096, 0
9547, 2700074, 1, 4096, 0
9547, 3363659, 1, 4096, 0
9547, 1790938, 1, 4096, 0
9548, 2065856, 1, 4096, 0
9548, 1528348, 1, 4096, 0
9549, 2177548, 1, 4096, 0
9549, 1609597, 1, 4096, 0
9549, 2227358, 1, 4096, 0
9549, 2019315, 1, 4096, 0
9549, 1687264, 1, 4096, 0
9550, 1700574, 1, 4096, 0
9550, 943878, 1, 4096, 0
9551, 1517835, 1, 4096, 0
9551, 1604289, 1, 4096, 0
9551, 2588458, 1, 4096, 0
9551, 2440441, 1, 4096, 0
9551, 1705831, 1, 4096, 0
9552, 1889899, 1, 4096, 0
9553, 1890106, 1, 4096, 0
9553, 1506547, 1, 4096, 0
9553, 1494003, 1, 4096, 0
9553, 1846404, 1, 4096, 0
9553, 2347734, 1, 4096, 0
9554, 2739193, 1, 4096, 0
9555, 2186551, 1, 4096, 0
9555, 2456116, 1, 4096, 0
9555, 2538905, 1, 4096, 0
9555, 1925788, 1, 4096, 0
9555, 2219508, 1, 4096, 0
9556, 1878315, 1, 4096, 0
9557, 2086355, 1, 4096, 0
9557, 1804803, 1, 4096, 0
9558, 2611230, 1, 4096, 0
9559, 3258404, 1, 4096, 0
9559, 3377609, 1, 4096, 0
9559, 1552302, 1, 4096, 0
9559, 2865218, 1, 4096, 0
9560, 3118318, 1, 4096, 0
9560, 1943977, 1, 4096, 0
9561, 2937131, 1, 4096, 0
9561, 2372326, 1, 4096, 0
9561, 2638552, 1, 4096, 0
9562, 1576872, 1, 4096, 0
9562, 1350682, 1, 4096, 0
9562, 3174150, 1, 4096, 0
9563, 2189124, 1, 4096, 0
9563, 1280856, 1, 4096, 0
9563, 2243996, 1, 4096, 0
9563, 2061316, 1, 4096, 0
9563, 1536416, 1, 4096, 0
9564, 1891911, 1, 4096, 0
9565, 1791573, 1, 4096, 0
9565, 1717876, 1, 4096, 0
9565, 2129106, 1, 4096, 0
9566, 2516475, 1, 4096, 0
9566, 3201598, 1, 4096, 0
9567, 2560571, 1, 4096, 0
9567, 1840577, 1, 4096, 0
9568, 1804422, 1, 4096, 0
9568, 2690420, 1, 4096, 0
9568, 2724707, 1, 4096, 0
9568, 1537354, 1, 4096, 0
9569, 1811240, 1, 4096, 0
9569, 1745167, 1, 4096, 0
9569, 1236638, 1, 4096, 0
9569, 1410110, 1, 4096, 0
9569, 1302130, 1, 4096, 0
9570, 1910956, 1, 4096, 0
9570, 1335261, 1, 4096, 0
9571, 2373277, 1, 4096, 0
9571, 2633547, 1, 4096, 0
9571, 2736724, 1, 4096, 0
9572, 2210050, 1, 4096, 0
9572, 1501430, 1, 4096, 0
9573, 2774167, 1, 4096, 0
9574, 2258267, 1, 4096, 0
9574, 2614818, 1, 4096, 0
9574, 2697800, 1, 4096, 0
9574, 2468897, 1, 4096, 0
9574, 2136322, 1, 4096, 0
9574, 1562567, 1, 4096, 0
9576, 2094245, 1, 4096, 0
9576, 1753093, 1, 4096, 0
9576, 2248307, 1, 4096, 0
9576, 2260317, 1, 4096, 0
9576, 2489923, 1, 4096, 0
9577, 3080153, 1, 4096, 0
9577, 1672699, 1, 4096, 0
9577, 1483500, 1, 4096, 0
9578, 1347800, 1, 4096, 0
9578, 2244725, 1, 4096, 0
9579, 2260047, 1, 4096, 0
9579, 1662026, 1, 4096, 0
9580, 1293068, 1, 4096, 0
9580, 2872126, 1, 4096, 0
9580, 2994870, 1, 4096, 0
9581, 2309981, 1, 4096, 0
9581, 3470835, 1, 4096, 0
9582, 1743348, 1, 4096, 0
9582, 4232557, 1, 4096, 0
9582, 2047035, 1, 4096, 0
9583, 2032428, 1, 4096, 0
9583, 1678601, 1, 4096, 0
9584, 1939958, 1, 4096, 0
9584, 1706234, 1, 4096, 0
9584, 1493542, 1, 4096, 0
9584, 1628263, 1, 4096, 0
9585, 1915032, 1, 4096, 0
9586, 1364810, 1, 4096, 0
9586, 4066728, 1, 4096, 0
9586, 2103587, 1, 4096, 0
9586, 1850152, 1, 4096, 0
9586, 2234120, 1, 4096, 0
9587, 1763358, 1, 4096, 0
9587, 1295452, 1, 4096, 0
9587, 1838924, 1, 4096, 0
9588, 2174127, 1, 4096, 0
9588, 2306200, 1, 4096, 0
9588, 1554137, 1, 4096, 0
9588, 2349577, 1, 4096, 0
9589, 1734747, 1, 4096, 0
9589, 1408910, 1, 4096, 0
9589, 1337958, 1, 4096, 0
9590, 1321847, 1, 4096, 0
9590, 1993863, 1, 4096, 0
9590, 1833565, 1, 4096, 0
9591, 1850040, 1, 4096, 0
9591, 2857095, 1, 4096, 0
9591, 2092546, 1, 4096, 0
9592, 1000731, 1, 4096, 0
9592, 2083507, 1, 4096, 0
9592, 1671431, 1, 4096, 0
9593, 2020182, 1, 4096, 0
9593, 2272101, 1, 4096, 0
9593, 1830746, 1, 4096, 0
9593, 1649492, 1, 4096, 0
9594, 1754687, 1, 4096, 0
9595, 1942625, 1, 4096, 0
9595, 1819358, 1, 4096, 0
9595, 2017971, 1, 4096, 0
9595, 2270268, 1, 4096, 0
9597, 4681094, 1, 4096, 0
9597, 1871343, 1, 4096, 0
9597, 1864091, 1, 4096, 0
9597, 2683204, 1, 4096, 0
9598, 3954488, 1, 4096, 0
9598, 3104735, 1, 4096, 0
9599, 2131795, 1, 4096, 0
9599, 2424413, 1, 4096, 0
9599, 1216492, 1, 4096, 0
9599, 2171342, 1, 4096, 0
9599, 1917542, 1, 4096, 0
9600, 2553512, 1, 4096, 0
9601, 1559219, 1, 4096, 0
9601, 1911648, 1, 4096, 0
9601, 1611188, 1, 4096, 0
9601, 1610070, 1, 4096, 0
9601, 1467210, 1, 4096, 0
9601, 2380679, 1, 4096, 0
9603, 1767419, 1, 4096, 0
9603, 1501984, 1, 4096, 0
9603, 1776344, 1, 4096, 0
9603, 1889454, 1, 4096, 0
9603, 2236837, 1, 4096, 0
9604, 2877052, 1, 4096, 0
9605, 1958394, 1, 4096, 0
9605, 1799589, 1, 4096, 0
9605, 1964136, 1, 4096, 0
9605, 1990481, 1, 4096, 0
9605, 2404342, 1, 4096, 0
9606, 1040470, 1, 4096, 0
9606, 1576887, 1, 4096, 0
9607, 1882221, 1, 4096, 0
9607, 2059819, 1, 4096, 0
9607, 1761974, 1, 4096, 0
9607, 1457712, 1, 4096, 0
9607, 1992312, 1, 4096, 0
9609, 1740655, 1, 4096, 0
9609, 2728569, 1, 4096, 0
9609, 1848826, 1, 4096, 0
9609, 2630972, 1, 4096, 0
9609, 2312792, 1, 4096, 0
9610, 2552719, 1, 4096, 0
9610, 1814744, 1, 4096, 0
9611, 1666399, 1, 4096, 0
9611, 2112549, 1, 4096, 0
9612, 2487286, 1, 4096, 0
9612, 1342067, 1, 4096, 0
9612, 1815850, 1, 4096, 0
9613, 3223749, 1, 4096, 0
9613, 3501925, 1, 4096, 0
9614, 1465594, 1, 4096, 0
9614, 1305780, 1, 4096, 0
9614, 1341628, 1, 4096, 0
9615, 2295001, 1, 4096, 0
9615, 3591432, 1, 4096, 0
9616, 5457796, 1, 4096, 0
9616, 2381851, 1, 4096, 0
9616, 1644418, 1, 4096, 0
9616, 2552336, 1, 4096, 0
9617, 1634340, 1, 4096, 0
9617, 1351218, 1, 4096, 0
9617, 1450889, 1, 4096, 0
9618, 1823505, 1, 4096, 0
9618, 3089615, 1, 4096, 0
9618, 2413477, 1, 4096, 0
9619, 1403914, 1, 4096, 0
9619, 1806894, 1, 4096, 0
9620, 2514065, 1, 4096, 0
9620, 1349391, 1, 4096, 0
9620, 1494814, 1, 4096, 0
9620, 1646775, 1, 4096, 0
9621, 2103316, 1, 4096, 0
9621, 1483951, 1, 4096, 0
9621, 1757985, 1, 4096, 0
9622, 1929660, 1, 4096, 0
9622, 2129698, 1, 4096, 0
9622, 2662446, 1, 4096, 0
9623, 1931953, 1, 4096, 0
9623, 1755192, 1, 4096, 0
9623, 1705738, 1, 4096, 0
9623, 1521122, 1, 4096, 0
9623, 1597921, 1, 4096, 0
9624, 2462606, 1, 4096, 0
9624, 1610161, 1, 4096, 0
9625, 1665006, 1, 4096, 0
9625, 1915886, 1, 4096, 0
9625, 1200243, 1, 4096, 0
9625, 2208098, 1, 4096, 0
9626, 1073509, 1, 4096, 0
9626, 3225294, 1, 4096, 0
9626, 1537753, 1, 4096, 0
9627, 1497720, 1, 4096, 0
9627, 2658213, 1, 4096, 0
9627, 1051976, 1, 4096, 0
9628, 2084838, 1, 4096, 0
9628, 1553789, 1, 4096, 0
9628, 1441694, 1, 4096, 0
9629, 1920277, 1, 4096, 0
9629, 2405787, 1, 4096, 0
9629, 1985424, 1, 4096, 0
9630, 1848691, 1, 4096, 0
9630, 2287313, 1, 4096, 0
9630, 2963711, 1, 4096, 0
9633, 3037725, 1, 4096, 0
9633, 3113069, 1, 4096, 0
9633, 2769145, 1, 4096, 0
9633, 3429198, 1, 4096, 0
9633, 3274883, 1, 4096, 0
9633, 3790621, 1, 4096, 0
9634, 1592353, 1, 4096, 0
9634, 1330150, 1, 4096, 0
9635, 2156182, 1, 4096, 0
9635, 1474468, 1, 4096, 0
9635, 2392781, 1, 4096, 0
9636, 2724359, 1, 4096, 0
9636, 1516533, 1, 4096, 0
9637, 2454570, 1, 4096, 0
9637, 1938995, 1, 4096, 0
9637, 2859454, 1, 4096, 0
9637, 2537039, 1, 4096, 0
9638, 2165398, 1, 4096, 0
9638, 1415571, 1, 4096, 0
9638, 1650304, 1, 4096, 0
9639, 2176542, 1, 4096, 0
9640, 3203911, 1, 4096, 0
9641, 3454929, 1, 4096, 0
9641, 2838397, 1, 4096, 0
9641, 2919884, 1, 4096, 0
9641, 2890712, 1, 4096, 0
9641, 2432654, 1, 4096, 0
9642, 1584165, 1, 4096, 0
9642, 1402135, 1, 4096, 0
9643, 2165089, 1, 4096, 0
9643, 2340398, 1, 4096, 0
9644, 2370899, 1, 4096, 0
9644, 1597551, 1, 4096, 0
9644, 1292398, 1, 4096, 0
9645, 2401158, 1, 4096, 0
9645, 3644925, 1, 4096, 0
9646, 1639258, 1, 4096, 0
9646, 2345864, 1, 4096, 0
9646, 2939100, 1, 4096, 0
9646, 2522750, 1, 4096, 0
9647, 2132040, 1, 4096, 0
9647, 2327193, 1, 4096, 0
9647, 1169535, 1, 4096, 0
9648, 1652121, 1, 4096, 0
9648, 1440319, 1, 4096, 0
9648, 1540226, 1, 4096, 0
9649, 1355216, 1, 4096, 0
9649, 2957847, 1, 4096, 0
9649, 3024493, 1, 4096, 0
9649, 1246968, 1, 4096, 0
9651, 3515711, 1, 4096, 0
9651, 1685257, 1, 4096, 0
9651, 1601627, 1, 4096, 0
9651, 2502627, 1, 4096, 0
9651, 1939737, 1, 4096, 0
9651, 1907201, 1, 4096, 0
9652, 1493742, 1, 4096, 0
9652, 1723079, 1, 4096, 0
9653, 1817512, 1, 4096, 0
9653, 2217814, 1, 4096, 0
9653, 2021025, 1, 4096, 0
9654, 2262210, 1, 4096, 0
9654, 1841928, 1, 4096, 0
9654, 1363941, 1, 4096, 0
9655, 2460669, 1, 4096, 0
9655, 1843434, 1, 4096, 0
9655, 1521491, 1, 4096, 0
9655, 1169652, 1, 4096, 0
9656, 1677377, 1, 4096, 0
9656, 1485915, 1, 4096, 0
9656, 3449076, 1, 4096, 0
9657, 1737008, 1, 4096, 0
9657, 2040291, 1, 4096, 0
9657, 2185173, 1, 4096, 0
9658, 1743838, 1, 4096, 0
9658, 1138710, 1, 4096, 0
9659, 2201843, 1, 4096, 0
9659, 1420087, 1, 4096, 0
9659, 2844408, 1, 4096, 0
9660, 2479679, 1, 4096, 0
9660, 2299572, 1, 4096, 0
9660, 1849015, 1, 4096, 0
9661, 3102085, 1, 4096, 0
9661, 1612324, 1, 4096, 0
9662, 2751436, 1, 4096, 0
9662, 2518462, 1, 4096, 0
9662, 1806311, 1, 4096, 0
9663, 2388452, 1, 4096, 0
9663, 2244331, 1, 4096, 0
9663, 1131041, 1, 4096, 0
9663, 1423788, 1, 4096, 0
9664, 2139208, 1, 4096, 0
9664, 1545061, 1, 4096, 0
9665, 1778041, 1, 4096, 0
9665, 1251416, 1, 4096, 0
9665, 1913854, 1, 4096, 0
9665, 2135027, 1, 4096, 0
9665, 1525471, 1, 4096, 0
9665, 2381119, 1, 4096, 0
9666, 1356665, 1, 4096, 0
9667, 1515251, 1, 4096, 0
9667, 2036377, 1, 4096, 0
9667, 2016539, 1, 4096, 0
9667, 2366126, 1, 4096, 0
9667, 2053607, 1, 4096, 0
9668, 1931555, 1, 4096, 0
9669, 1494912, 1, 4096, 0
9669, 2147949, 1, 4096, 0
9669, 1685745, 1, 4096, 0
9669, 1729902, 1, 4096, 0
9669, 2204486, 1, 4096, 0
9670, 1698080, 1, 4096, 0
9670, 1453650, 1, 4096, 0
9671, 2278058, 1, 4096, 0
9671, 2610645, 1, 4096, 0
9671, 2352579, 1, 4096, 0
9671, 1564389, 1, 4096, 0
9671, 2178781, 1, 4096, 0
9672, 1196462, 1, 4096, 0
9673, 1614881, 1, 4096, 0
9673, 2018981, 1, 4096, 0
9673, 2212499, 1, 4096, 0
9674, 2003036, 1, 4096, 0
9674, 2488069, 1, 4096, 0
9675, 1241940, 1, 4096, 0
9675, 4251632, 1, 4096, 0
9676, 2446482, 1, 4096, 0
9676, 3026641, 1, 4096, 0
9676, 2471681, 1, 4096, 0
9677, 2954380, 1, 4096, 0
9677, 1593100, 1, 4096, 0
9677, 2254237, 1, 4096, 0
9678, 2050979, 1, 4096, 0
9678, 2138921, 1, 4096, 0
9679, 1924725, 1, 4096, 0
9679, 2226867, 1, 4096, 0
9679, 2544036, 1, 4096, 0
9679, 3228512, 1, 4096, 0
9680, 2112281, 1, 4096, 0
9680, 2084038, 1, 4096, 0
9681, 1845591, 1, 4096, 0
9681, 1536457, 1, 4096, 0
9681, 1332695, 1, 4096, 0
9682, 2685188, 1, 4096, 0
9682, 2488557, 1, 4096, 0
9682, 3275506, 1, 4096, 0
9683, 1326973, 1, 4096, 0
9683, 1340786, 1, 4096, 0
9683, 1307258, 1, 4096, 0
9683, 1595901, 1, 4096, 0
9684, 1741913, 1, 4096, 0
9684, 2444203, 1, 4096, 0
9685, 2330104, 1, 4096, 0
9685, 1867803, 1, 4096, 0
9685, 2382214, 1, 4096, 0
9686, 3084841, 1, 4096, 0
9686, 2049917, 1, 4096, 0
9686, 2001825, 1, 4096, 0
9686, 1409604, 1, 4096, 0
9687, 1819635, 1, 4096, 0
9687, 1354696, 1, 4096, 0
9688, 2544352, 1, 4096, 0
9688, 1416102, 1, 4096, 0
9688, 1826498, 1, 4096, 0
9688, 1542680, 1, 4096, 0
9689, 2104759, 1, 4096, 0
9690, 2109991, 1, 4096, 0
9690, 2690367, 1, 4096, 0
9690, 2306349, 1, 4096, 0
9690, 2572092, 1, 4096, 0
9691, 2782032, 1, 4096, 0
9691, 2307115, 1, 4096, 0
9691, 1344748, 1, 4096, 0
9692, 1353101, 1, 4096, 0
9692, 1255924, 1, 4096, 0
9692, 2120384, 1, 4096, 0
9693, 1405479, 1, 4096, 0
9693, 2583468, 1, 4096, 0
9693, 1712331, 1, 4096, 0
9694, 2541497, 1, 4096, 0
9694, 2420970, 1, 4096, 0
9695, 2531399, 1, 4096, 0
9695, 2242863, 1, 4096, 0
9695, 2199125, 1, 4096, 0
9696, 1754556, 1, 4096, 0
9696, 2733727, 1, 4096, 0
9696, 2026694, 1, 4096, 0
9697, 1702991, 1, 4096, 0
9697, 1776660, 1, 4096, 0
9697, 1870751, 1, 4096, 0
9697, 1814807, 1, 4096, 0
9698, 1572624, 1, 4096, 0
9698, 2173286, 1, 4096, 0
9698, 1850445, 1, 4096, 0
9699, 2399032, 1, 4096, 0
9699, 2052120, 1, 4096, 0
9699, 1720739, 1, 4096, 0
9700, 2013735, 1, 4096, 0
9700, 1751263, 1, 4096, 0
9701, 2103143, 1, 4096, 0
9701, 1449703, 1, 4096, 0
9701, 2228324, 1, 4096, 0
9701, 2615316, 1, 4096, 0
9702, 2197173, 1, 4096, 0
9702, 2031406, 1, 4096, 0
9703, 1657004, 1, 4096, 0
9703, 1789582, 1, 4096, 0
9703, 2204026, 1, 4096, 0
9704, 1854834, 1, 4096, 0
9705, 1734698, 1, 4096, 0
9705, 2632312, 1, 4096, 0
9705, 4641809, 1, 4096, 0
9705, 2490069, 1, 4096, 0
9706, 3226153, 1, 4096, 0
9707, 1425853, 1, 4096, 0
9707, 1787913, 1, 4096, 0
9707, 2412597, 1, 4096, 0
9707, 1532894, 1, 4096, 0
9708, 3285004, 1, 4096, 0
9708, 1360125, 1, 4096, 0
9708, 1616624, 1, 4096, 0
9708, 3319057, 1, 4096, 0
9709, 1687040, 1, 4096, 0
9709, 1727157, 1, 4096, 0
9710, 2213157, 1, 4096, 0
9710, 1503227, 1, 4096, 0
9710, 2136144, 1, 4096, 0
9711, 2260099, 1, 4096, 0
9711, 2165366, 1, 4096, 0
9711, 2495205, 1, 4096, 0
9712, 1723953, 1, 4096, 0
9712, 2415287, 1, 4096, 0
9713, 2021341, 1, 4096, 0
9713, 2579471, 1, 4096, 0
9714, 1931437, 1, 4096, 0
9714, 2952505, 1, 4096, 0
9714, 2954062, 1, 4096, 0
9715, 2354183, 1, 4096, 0
9715, 3145346, 1, 4096, 0
9715, 1868165, 1, 4096, 0
9715, 2354892, 1, 4096, 0
9716, 2385924, 1, 4096, 0
9716, 2354411, 1, 4096, 0
9717, 1308034, 1, 4096, 0
9717, 1682237, 1, 4096, 0
9717, 1628951, 1, 4096, 0
9717, 1859069, 1, 4096, 0
9719, 2184484, 1, 4096, 0
9719, 1615956, 1, 4096, 0
9719, 1952426, 1, 4096, 0
9719, 2744372, 1, 4096, 0
9720, 1497559, 1, 4096, 0
9720, 1795717, 1, 4096, 0
9720, 3648595, 1, 4096, 0
9722, 1287812, 1, 4096, 0
9722, 4628397, 1, 4096, 0
9722, 2745471, 1, 4096, 0
9722, 1491493, 1, 4096, 0
9722, 3399883, 1, 4096, 0
9722, 2126854, 1, 4096, 0
9723, 1233321, 1, 4096, 0
9724, 2115338, 1, 4096, 0
9724, 2085999, 1, 4096, 0
9724, 2005379, 1, 4096, 0
9724, 2569084, 1, 4096, 0
9724, 2046980, 1, 4096, 0
9725, 2257898, 1, 4096, 0
9726, 1900228, 1, 4096, 0
9726, 1848311, 1, 4096, 0
9726, 1690355, 1, 4096, 0
9726, 2307649, 1, 4096, 0
9727, 2411605, 1, 4096, 0
9727, 1733441, 1, 4096, 0
9728, 1784233, 1, 4096, 0
9728, 1967066, 1, 4096, 0
9729, 2581241, 1, 4096, 0
9729, 1827443, 1, 4096, 0
9729, 2313152, 1, 4096, 0
9729, 1446221, 1, 4096, 0
9729, 2870177, 1, 4096, 0
9730, 2504306, 1, 4096, 0
9731, 1659710, 1, 4096, 0
9731, 1780898, 1, 4096, 0
9731, 2338182, 1, 4096, 0
9732, 2472577, 1, 4096, 0
9732, 3147553, 1, 4096, 0
9732, 1619057, 1, 4096, 0
9733, 1829111, 1, 4096, 0
9733, 1453939, 1, 4096, 0
9733, 1271089, 1, 4096, 0
9734, 1354016, 1, 4096, 0
9734, 3851853, 1, 4096, 0
9734, 1631838, 1, 4096, 0
9735, 1819946, 1, 4096, 0
9735, 1640724, 1, 4096, 0
9735, 1358090, 1, 4096, 0
9735, 3289588, 1, 4096, 0
9736, 1953967, 1, 4096, 0
9737, 2084648, 1, 4096, 0
9737, 2613502, 1, 4096, 0
9737, 2200891, 1, 4096, 0
9738, 3164229, 1, 4096, 0
9738, 1590019, 1, 4096, 0
9739, 1420048, 1, 4096, 0
9739, 4190245, 1, 4096, 0
9739, 2581414, 1, 4096, 0
9739, 1903670, 1, 4096, 0
9740, 1699002, 1, 4096, 0
9741, 2012154, 1, 4096, 0
9741, 2501757, 1, 4096, 0
9741, 2357726, 1, 4096, 0
9742, 3185423, 1, 4096, 0
9742, 2843976, 1, 4096, 0
9742, 1233230, 1, 4096, 0
9742, 2525181, 1, 4096, 0
9743, 1798353, 1, 4096, 0
9744, 1738936, 1, 4096, 0
9744, 2038700, 1, 4096, 0
9744, 2501805, 1, 4096, 0
9744, 3075091, 1, 4096, 0
9744, 1962507, 1, 4096, 0
9746, 2162860, 1, 4096, 0
9746, 2154180, 1, 4096, 0
9746, 2401908, 1, 4096, 0
9746, 1674517, 1, 4096, 0
9746, 2180211, 1, 4096, 0
9748, 1374630, 1, 4096, 0
9748, 1656204, 1, 4096, 0
9748, 2167168, 1, 4096, 0
9748, 1917924, 1, 4096, 0
9748, 3763501, 1, 4096, 0
9748, 2460457, 1, 4096, 0
9749, 1310717, 1, 4096, 0
9749, 1486059, 1, 4096, 0
9749, 1792423, 1, 4096, 0
9750, 1888849, 1, 4096, 0
9750, 2546069, 1, 4096, 0
9750, 2297885, 1, 4096, 0
9751, 1982964, 1, 4096, 0
9751, 1860984, 1, 4096, 0
9752, 1834089, 1, 4096, 0
9752, 2186618, 1, 4096, 0
9753, 3351075, 1, 4096, 0
9753, 2119139, 1, 4096, 0
9753, 2528409, 1, 4096, 0
9754, 1769650, 1, 4096, 0
9754, 2789201, 1, 4096, 0
9754, 2209451, 1, 4096, 0
9755, 1705548, 1, 4096, 0
9755, 2060231, 1, 4096, 0
9755, 1866115, 1, 4096, 0
9756, 2358203, 1, 4096, 0
9757, 2149899, 1, 4096, 0
9757, 2555611, 1, 4096, 0
9757, 2132612, 1, 4096, 0
9757, 2422183, 1, 4096, 0
9757, 2501096, 1, 4096, 0
9758, 1400138, 1, 4096, 0
9758, 1585473, 1, 4096, 0
9759, 2378470, 1, 4096, 0
9759, 1642080, 1, 4096, 0
9759, 1720560, 1, 4096, 0
9759, 2118598, 1, 4096, 0
9760, 2121157, 1, 4096, 0
9760, 2283092, 1, 4096, 0
9760, 1408287, 1, 4096, 0
9760, 1839358, 1, 4096, 0
9761, 2195893, 1, 4096, 0
9762, 1638416, 1, 4096, 0
9762, 1180340, 1, 4096, 0
9762, 1801705, 1, 4096, 0
9762, 2026735, 1, 4096, 0
9763, 3468825, 1, 4096, 0
9763, 2903056, 1, 4096, 0
9764, 1991485, 1, 4096, 0
9764, 1616995, 1, 4096, 0
9764, 2140598, 1, 4096, 0
9765, 1529460, 1, 4096, 0
9765, 2927816, 1, 4096, 0
9766, 2796893, 1, 4096, 0
9766, 1761439, 1, 4096, 0
9766, 1491064, 1, 4096, 0
9767, 1302754, 1, 4096, 0
9767, 2562842, 1, 4096, 0
9767, 2485470, 1, 4096, 0
9768, 1682549, 1, 4096, 0
9768, 2347340, 1, 4096, 0
9768, 1615677, 1, 4096, 0
9768, 1884302, 1, 4096, 0
9768, 2738991, 1, 4096, 0
9769, 2173051, 1, 4096, 0
9770, 1503703, 1, 4096, 0
9770, 1455548, 1, 4096, 0
9771, 2235645, 1, 4096, 0
9771, 2075336, 1, 4096, 0
9771, 2895095, 1, 4096, 0
9771, 1254585, 1, 4096, 0
9771, 3340612, 1, 4096, 0
9772, 1930888, 1, 4096, 0
9772, 1641950, 1, 4096, 0
9773, 1776893, 1, 4096, 0
9773, 2041883, 1, 4096, 0
9773, 1736046, 1, 4096, 0
9773, 2456958, 1, 4096, 0
9774, 1747160, 1, 4096, 0
9774, 1747825, 1, 4096, 0
9775, 2775867, 1, 4096, 0
9775, 2124114, 1, 4096, 0
9775, 1870398, 1, 4096, 0
9775, 1933893, 1, 4096, 0
9776, 1858292, 1, 4096, 0
9776, 1120527, 1, 4096, 0
9776, 2038787, 1, 4096, 0
9777, 1864496, 1, 4096, 0
9777, 2605050, 1, 4096, 0
9778, 2754262, 1, 4096, 0
9778, 1687569, 1, 4096, 0
9779, 2179554, 1, 4096, 0
9779, 2064812, 1, 4096, 0
9779, 1957914, 1, 4096, 0
9779, 1092288, 1, 4096, 0
9779, 1080750, 1, 4096, 0
9779, 1807891, 1, 4096, 0
9780, 1554645, 1, 4096, 0
9781, 2156484, 1, 4096, 0
9781, 1913013, 1, 4096, 0
9781, 2326888, 1, 4096, 0
9781, 2285866, 1, 4096, 0
9782, 3207729, 1, 4096, 0
9783, 1482971, 1, 4096, 0
9783, 1987651, 1, 4096, 0
9783, 1816888, 1, 4096, 0
9783, 2179327, 1, 4096, 0
9783, 2963813, 1, 4096, 0
9784, 1870066, 1, 4096, 0
9785, 1742128, 1, 4096, 0
9785, 2339050, 1, 4096, 0
9786, 2982036, 1, 4096, 0
9786, 2750536, 1, 4096, 0
9786, 3134666, 1, 4096, 0
9786, 1585861, 1, 4096, 0
9787, 2524188, 1, 4096, 0
9788, 1558184, 1, 4096, 0
9788, 1954325, 1, 4096, 0
9788, 2896799, 1, 4096, 0
9788, 1819767, 1, 4096, 0
9788, 2755266, 1, 4096, 0
9789, 2403503, 1, 4096, 0
9789, 1799387, 1, 4096, 0
9789, 1891194, 1, 4096, 0
9790, 1348848, 1, 4096, 0
9791, 2307437, 1, 4096, 0
9791, 1476057, 1, 4096, 0
9791, 1406743, 1, 4096, 0
9791, 3450441, 1, 4096, 0
9792, 2172631, 1, 4096, 0
9792, 1568779, 1, 4096, 0
9792, 1761452, 1, 4096, 0
9793, 3127819, 1, 4096, 0
9793, 1241577, 1, 4096, 0
9793, 1860613, 1, 4096, 0
9793, 1233918, 1, 4096, 0
9793, 1038953, 1, 4096, 0
9794, 1891147, 1, 4096, 0
9794, 1600833, 1, 4096, 0
9794, 1894356, 1, 4096, 0
9795, 1027226, 1, 4096, 0
9795, 2774410, 1, 4096, 0
9796, 3103690, 1, 4096, 0
9796, 3127062, 1, 4096, 0
9796, 1848565, 1, 4096, 0
9797, 1587068, 1, 4096, 0
9798, 2659657, 1, 4096, 0
9798, 1750628, 1, 4096, 0
9798, 2108648, 1, 4096, 0
9798, 2055665, 1, 4096, 0
9799, 1544707, 1, 4096, 0
9799, 4504932, 1, 4096, 0
9800, 1578851, 1, 4096, 0
9800, 1450766, 1, 4096, 0
9800, 2115217, 1, 4096, 0
9801, 2389866, 1, 4096, 0
9801, 2240783, 1, 4096, 0
9802, 3553430, 1, 4096, 0
9802, 2470700, 1, 4096, 0
9802, 1498029, 1, 4096, 0
9803, 2415729, 1, 4096, 0
9803, 2504077, 1, 4096, 0
9804, 1635454, 1, 4096, 0
9805, 2326894, 1, 4096, 0
9805, 1952150, 1, 4096, 0
9805, 4913712, 1, 4096, 0
9806, 2010438, 1, 4096, 0
9806, 4545133, 1, 4096, 0
9807, 4388985, 1, 4096, 0
9807, 2069347, 1, 4096, 0
9807, 2398387, 1, 4096, 0
9808, 1823244, 1, 4096, 0
9808, 2922519, 1, 4096, 0
9808, 1640514, 1, 4096, 0
9809, 3270613, 1, 4096, 0
9809, 1846655, 1, 4096, 0
9809, 1967511, 1, 4096, 0
9810, 1929356, 1, 4096, 0
9810, 2039428, 1, 4096, 0
9810, 1098650, 1, 4096, 0
9811, 1741657, 1, 4096, 0
9811, 2555632, 1, 4096, 0
9811, 2027245, 1, 4096, 0
9812, 2027433, 1, 4096, 0
9812, 1361814, 1, 4096, 0
9813, 2265679, 1, 4096, 0
9813, 1452069, 1, 4096, 0
9813, 2688546, 1, 4096, 0
9814, 1489240, 1, 4096, 0
9814, 3821310, 1, 4096, 0
9814, 3230819, 1, 4096, 0
9815, 1999560, 1, 4096, 0
9815, 1286393, 1, 4096, 0
9816, 1441090, 1, 4096, 0
9816, 3956061, 1, 4096, 0
9817, 2899587, 1, 4096, 0
9817, 3680911, 1, 4096, 0
9817, 1991544, 1, 4096, 0
9818, 1883239, 1, 4096, 0
9818, 2154488, 1, 4096, 0
9818, 2975378, 1, 4096, 0
9819, 1461189, 1, 4096, 0
9819, 1758378, 1, 4096, 0
9819, 1108767, 1, 4096, 0
9820, 2068186, 1, 4096, 0
9820, 1491766, 1, 4096, 0
9821, 1628831, 1, 4096, 0
9821, 2428143, 1, 4096, 0
9821, 3053051, 1, 4096, 0
9822, 1435640, 1, 4096, 0
9822, 1701489, 1, 4096, 0
9822, 4378419, 1, 4096, 0
9822, 1495179, 1, 4096, 0
9823, 1550608, 1, 4096, 0
9823, 1876275, 1, 4096, 0
9824, 1348261, 1, 4096, 0
9824, 1764313, 1, 4096, 0
9824, 1861968, 1, 4096, 0
9824, 1110549, 1, 4096, 0
9824, 2545611, 1, 4096, 0
9825, 1331983, 1, 4096, 0
9825, 1356356, 1, 4096, 0
9825, 1814620, 1, 4096, 0
9825, 1500556, 1, 4096, 0
9825, 1496784, 1, 4096, 0
9826, 1976482, 1, 4096, 0
9827, 2179208, 1, 4096, 0
9827, 1942093, 1, 4096, 0
9827, 2246631, 1, 4096, 0
9827, 2455557, 1, 4096, 0
9828, 2840242, 1, 4096, 0
9828, 1880494, 1, 4096, 0
9829, 1724947, 1, 4096, 0
9829, 1433210, 1, 4096, 0
9830, 2176621, 1, 4096, 0
9830, 2089197, 1, 4096, 0
9830, 2325055, 1, 4096, 0
9830, 3003811, 1, 4096, 0
9831, 1265635, 1, 4096, 0
9831, 1730692, 1, 4096, 0
9831, 1708024, 1, 4096, 0
9832, 1634622, 1, 4096, 0
9832, 2265314, 1, 4096, 0
9832, 2004974, 1, 4096, 0
9832, 1668204, 1, 4096, 0
9833, 1384202, 1, 4096, 0
9833, 3485936, 1, 4096, 0
9834, 2011192, 1, 4096, 0
9834, 2031541, 1, 4096, 0
9835, 2369109, 1, 4096, 0
9835, 1669080, 1, 4096, 0
9835, 2415488, 1, 4096, 0
9835, 2829016, 1, 4096, 0
9836, 1161567, 1, 4096, 0
9836, 1983757, 1, 4096, 0
9836, 1777816, 1, 4096, 0
9836, 1771769, 1, 4096, 0
9837, 1536322, 1, 4096, 0
9837, 2490398, 1, 4096, 0
9838, 2140963, 1, 4096, 0
9838, 1187370, 1, 4096, 0
9839, 1372866, 1, 4096, 0
9840, 3192288, 1, 4096, 0
9840, 3274608, 1, 4096, 0
9840, 3279305, 1, 4096, 0
9840, 1429131, 1, 4096, 0
9841, 3066708, 1, 4096, 0
9841, 2544371, 1, 4096, 0
9841, 1167055, 1, 4096, 0
9841, 1809118, 1, 4096, 0
9842, 1850098, 1, 4096, 0
9842, 2488757, 1, 4096, 0
9843, 2170340, 1, 4096, 0
9843, 1493437, 1, 4096, 0
9843, 2384108, 1, 4096, 0
9843, 2483196, 1, 4096, 0
9844, 1184891, 1, 4096, 0
9844, 2289313, 1, 4096, 0
9844, 1640199, 1, 4096, 0
9844, 2353331, 1, 4096, 0
9845, 1687359, 1, 4096, 0
9846, 1436004, 1, 4096, 0
9846, 1740847, 1, 4096, 0
9846, 2873155, 1, 4096, 0
9846, 2287785, 1, 4096, 0
9847, 2744781, 1, 4096, 0
9847, 2558788, 1, 4096, 0
9848, 1471921, 1, 4096, 0
9848, 2062408, 1, 4096, 0
9848, 2226190, 1, 4096, 0
9848, 2019612, 1, 4096, 0
9850, 1796193, 1, 4096, 0
9850, 2171460, 1, 4096, 0
9850, 2184510, 1, 4096, 0
9850, 2898070, 1, 4096, 0
9850, 1678443, 1, 4096, 0
9850, 1984498, 1, 4096, 0
9852, 1969162, 1, 4096, 0
9852, 1840293, 1, 4096, 0
9852, 2008072, 1, 4096, 0
9853, 2130277, 1, 4096, 0
9853, 2779600, 1, 4096, 0
9853, 3758299, 1, 4096, 0
9854, 2069114, 1, 4096, 0
9854, 1455835, 1, 4096, 0
9854, 2278813, 1, 4096, 0
9855, 2794513, 1, 4096, 0
9855, 2249873, 1, 4096, 0
9855, 1884902, 1, 4096, 0
9855, 1560685, 1, 4096, 0
9857, 1336103, 1, 4096, 0
9857, 2597710, 1, 4096, 0
9857, 2025350, 1, 4096, 0
9857, 1576906, 1, 4096, 0
9857, 1692877, 1, 4096, 0
9858, 1082422, 1, 4096, 0
9858, 1306211, 1, 4096, 0
9858, 4012567, 1, 4096, 0
9859, 1785269, 1, 4096, 0
9859, 2136382, 1, 4096, 0
9859, 1563604, 1, 4096, 0
9860, 1806056, 1, 4096, 0
9860, 3861072, 1, 4096, 0
9861, 2732167, 1, 4096, 0
9861, 2321890, 1, 4096, 0
9861, 2022184, 1, 4096, 0
9862, 3523122, 1, 4096, 0
9863, 1571451, 1, 4096, 0
9863, 2544637, 1, 4096, 0
9863, 2425480, 1, 4096, 0
9863, 2571033, 1, 4096, 0
9863, 1635982, 1, 4096, 0
9864, 1809224, 1, 4096, 0
9865, 1978499, 1, 4096, 0
9865, 2101701, 1, 4096, 0
9865, 2080030, 1, 4096, 0
9865, 2158673, 1, 4096, 0
9865, 2497482, 1, 4096, 0
9866, 1693399, 1, 4096, 0
9867, 1755641, 1, 4096, 0
9867, 1801231, 1, 4096, 0
9867, 2312864, 1, 4096, 0
9867, 1781617, 1, 4096, 0
9868, 2224989, 1, 4096, 0
9868, 3375938, 1, 4096, 0
9869, 2129702, 1, 4096, 0
9869, 2191128, 1, 4096, 0
9869, 1971363, 1, 4096, 0
9869, 1771133, 1, 4096, 0
9870, 2651695, 1, 4096, 0
9871, 1113222, 1, 4096, 0
9871, 2516532, 1, 4096, 0
9871, 1315152, 1, 4096, 0
9871, 1718617, 1, 4096, 0
9872, 1770212, 1, 4096, 0
9872, 2862191, 1, 4096, 0
9872, 2757751, 1, 4096, 0
9872, 1710710, 1, 4096, 0
9872, 1551595, 1, 4096, 0
9873, 1915502, 1, 4096, 0
9874, 1343251, 1, 4096, 0
9874, 1396525, 1, 4096, 0
9874, 1748503, 1, 4096, 0
9875, 2377191, 1, 4096, 0
9875, 2026120, 1, 4096, 0
9875, 2324500, 1, 4096, 0
9875, 1531931, 1, 4096, 0
9876, 1927872, 1, 4096, 0
9876, 1332812, 1, 4096, 0
9877, 2889991, 1, 4096, 0
9877, 1948031, 1, 4096, 0
9878, 3022288, 1, 4096, 0
9878, 1745567, 1, 4096, 0
9879, 2119916, 1, 4096, 0
9879, 3768015, 1, 4096, 0
9879, 2889221, 1, 4096, 0
9879, 2841607, 1, 4096, 0
9880, 1409928, 1, 4096, 0
9880, 2167942, 1, 4096, 0
9880, 1630614, 1, 4096, 0
9881, 1602936, 1, 4096, 0
9881, 1974797, 1, 4096, 0
9882, 2014593, 1, 4096, 0
9882, 1323625, 1, 4096, 0
9882, 1577707, 1, 4096, 0
9882, 3043961, 1, 4096, 0
9882, 2293678, 1, 4096, 0
9883, 1699079, 1, 4096, 0
9884, 1835763, 1, 4096, 0
9884, 1925901, 1, 4096, 0
9884, 1961245, 1, 4096, 0
9884, 1983237, 1, 4096, 0
9885, 2503904, 1, 4096, 0
9885, 1214315, 1, 4096, 0
9885, 2853775, 1, 4096, 0
9886, 2006882, 1, 4096, 0
9886, 2646878, 1, 4096, 0
9886, 1627147, 1, 4096, 0
9886, 2443679, 1, 4096, 0
9887, 1444258, 1, 4096, 0
9887, 1464326, 1, 4096, 0
9888, 1128172, 1, 4096, 0
9888, 1397547, 1, 4096, 0
9888, 2030239, 1, 4096, 0
9888, 1420253, 1, 4096, 0
9889, 2226422, 1, 4096, 0
9889, 2482405, 1, 4096, 0
9889, 1399240, 1, 4096, 0
9889, 1678350, 1, 4096, 0
9890, 1986505, 1, 4096, 0
9890, 1102654, 1, 4096, 0
9891, 2465294, 1, 4096, 0
9891, 2260239, 1, 4096, 0
9891, 1499915, 1, 4096, 0
9892, 3280245, 1, 4096, 0
9892, 1815084, 1, 4096, 0
9893, 1501750, 1, 4096, 0
9893, 1849552, 1, 4096, 0
9893, 4088868, 1, 4096, 0
9894, 2109900, 1, 4096, 0
9894, 3134654, 1, 4096, 0
9894, 2408658, 1, 4096, 0
9894, 1199954, 1, 4096, 0
9895, 2032995, 1, 4096, 0
9896, 2312524, 1, 4096, 0
9896, 2364862, 1, 4096, 0
9896, 1943752, 1, 4096, 0
9897, 2251781, 1, 4096, 0
9897, 2900746, 1, 4096, 0
9897, 1857174, 1, 4096, 0
9898, 1847806, 1, 4096, 0
9898, 2188310, 1, 4096, 0
9898, 2067618, 1, 4096, 0
9898, 1907926, 1, 4096, 0
9899, 2067024, 1, 4096, 0
9900, 2498194, 1, 4096, 0
9900, 1328703, 1, 4096, 0
9900, 1348476, 1, 4096, 0
9901, 2796037, 1, 4096, 0
9901, 3135676, 1, 4096, 0
9901, 1569242, 1, 4096, 0
9901, 1461680, 1, 4096, 0
9902, 2623444, 1, 4096, 0
9902, 2377460, 1, 4096, 0
9903, 1624797, 1, 4096, 0
9903, 2112040, 1, 4096, 0
9903, 2120552, 1, 4096, 0
9903, 1810049, 1, 4096, 0
9904, 1605453, 1, 4096, 0
9904, 2411736, 1, 4096, 0
9905, 1604458, 1, 4096, 0
9905, 1554437, 1, 4096, 0
9905, 2065749, 1, 4096, 0
9905, 2177204, 1, 4096, 0
9905, 1497655, 1, 4096, 0
9906, 1331669, 1, 4096, 0
9906, 1776428, 1, 4096, 0
9907, 1375237, 1, 4096, 0
9907, 1743574, 1, 4096, 0
9907, 1511218, 1, 4096, 0
9907, 1460905, 1, 4096, 0
9908, 3325387, 1, 4096, 0
9908, 2136468, 1, 4096, 0
9908, 1658195, 1, 4096, 0
9909, 2211663, 1, 4096, 0
9909, 1493216, 1, 4096, 0
9909, 2617490, 1, 4096, 0
9910, 1339030, 1, 4096, 0
9910, 2175511, 1, 4096, 0
9911, 1709656, 1, 4096, 0
9911, 2301546, 1, 4096, 0
9911, 1906027, 1, 4096, 0
9912, 2201456, 1, 4096, 0
9912, 3803926, 1, 4096, 0
9913, 2374132, 1, 4096, 0
9913, 2144477, 1, 4096, 0
9913, 1206662, 1, 4096, 0
9913, 1888008, 1, 4096, 0
9914, 1948611, 1, 4096, 0
9914, 2562018, 1, 4096, 0
9914, 1566526, 1, 4096, 0
9915, 2085210, 1, 4096, 0
9915, 1756137, 1, 4096, 0
9915, 2648878, 1, 4096, 0
9916, 2039777, 1, 4096, 0
9916, 2344747, 1, 4096, 0
9916, 1542663, 1, 4096, 0
9917, 2266968, 1, 4096, 0
9917, 1821392, 1, 4096, 0
9917, 1256618, 1, 4096, 0
9918, 2679921, 1, 4096, 0
9918, 1702623, 1, 4096, 0
9918, 2661472, 1, 4096, 0
9918, 2091043, 1, 4096, 0
9919, 1409968, 1, 4096, 0
9920, 2558627, 1, 4096, 0
9920, 1710678, 1, 4096, 0
9920, 1710285, 1, 4096, 0
9920, 2269308, 1, 4096, 0
9921, 1692933, 1, 4096, 0
9922, 1954811, 1, 4096, 0
9922, 1560823, 1, 4096, 0
9922, 1614324, 1, 4096, 0
9922, 3606999, 1, 4096, 0
9922, 2276041, 1, 4096, 0
9923, 1053226, 1, 4096, 0
9923, 2130843, 1, 4096, 0
9923, 967567, 1, 4096, 0
9924, 1391939, 1, 4096, 0
9924, 2288195, 1, 4096, 0
9925, 2883739, 1, 4096, 0
9925, 1714099, 1, 4096, 0
9925, 2706869, 1, 4096, 0
9926, 1891707, 1, 4096, 0
9926, 3406084, 1, 4096, 0
9926, 1870575, 1, 4096, 0
9927, 1487211, 1, 4096, 0
9928, 1210781, 1, 4096, 0
9928, 4446620, 1, 4096, 0
9929, 1364894, 1, 4096, 0
9929, 2758265, 1, 4096, 0
9929, 3418591, 1, 4096, 0
9929, 4101292, 1, 4096, 0
9930, 2164152, 1, 4096, 0
9930, 1620493, 1, 4096, 0
9931, 2102143, 1, 4096, 0
9931, 1869778, 1, 4096, 0
9931, 2173370, 1, 4096, 0
9931, 1242931, 1, 4096, 0
9931, 2699671, 1, 4096, 0
9932, 1321068, 1, 4096, 0
9932, 1807441, 1, 4096, 0
9933, 2057372, 1, 4096, 0
9934, 1203601, 1, 4096, 0
9935, 4035754, 1, 4096, 0
9935, 4328725, 1, 4096, 0
9935, 3268655, 1, 4096, 0
9935, 1732672, 1, 4096, 0
9935, 3307389, 1, 4096, 0
9936, 1971087, 1, 4096, 0
9936, 1621244, 1, 4096, 0
9937, 1813989, 1, 4096, 0
9937, 1730395, 1, 4096, 0
9937, 2002744, 1, 4096, 0
9937, 1772963, 1, 4096, 0
9938, 2695955, 1, 4096, 0
9938, 1230649, 1, 4096, 0
9939, 2163262, 1, 4096, 0
9939, 1969383, 1, 4096, 0
9939, 2090949, 1, 4096, 0
9940, 1596651, 1, 4096, 0
9940, 1336954, 1, 4096, 0
9940, 1679951, 1, 4096, 0
9940, 3622720, 1, 4096, 0
9940, 2251047, 1, 4096, 0
9941, 1303523, 1, 4096, 0
9942, 1738011, 1, 4096, 0
9942, 1381624, 1, 4096, 0
9942, 1287858, 1, 4096, 0
9942, 3523427, 1, 4096, 0
9942, 2030555, 1, 4096, 0
9943, 1581496, 1, 4096, 0
9944, 1809638, 1, 4096, 0
9944, 1896848, 1, 4096, 0
9944, 2090812, 1, 4096, 0
9944, 1934548, 1, 4096, 0
9944, 1357870, 1, 4096, 0
9945, 2308612, 1, 4096, 0
9946, 2083734, 1, 4096, 0
9946, 2242724, 1, 4096, 0
9946, 1793485, 1, 4096, 0
9946, 2441127, 1, 4096, 0
9946, 2398099, 1, 4096, 0
9948, 3055120, 1, 4096, 0
9948, 1851568, 1, 4096, 0
9948, 1731948, 1, 4096, 0
9948, 2188000, 1, 4096, 0
9949, 2945393, 1, 4096, 0
9949, 1091306, 1, 4096, 0
9949, 1088458, 1, 4096, 0
9949, 1735379, 1, 4096, 0
9950, 3160861, 1, 4096, 0
9950, 1586276, 1, 4096, 0
9951, 1918891, 1, 4096, 0
9951, 2376527, 1, 4096, 0
9951, 2434855, 1, 4096, 0
9951, 2049792, 1, 4096, 0
9952, 1596750, 1, 4096, 0
9952, 2077472, 1, 4096, 0
9952, 1254856, 1, 4096, 0
9953, 1398061, 1, 4096, 0
9954, 1327039, 1, 4096, 0
9954, 2086403, 1, 4096, 0
9954, 2269614, 1, 4096, 0
9954, 2674312, 1, 4096, 0
9954, 3690036, 1, 4096, 0
9955, 1354543, 1, 4096, 0
9955, 2165532, 1, 4096, 0
9955, 1400422, 1, 4096, 0
9956, 1948937, 1, 4096, 0
9956, 2117405, 1, 4096, 0
9957, 2732616, 1, 4096, 0
9957, 2267169, 1, 4096, 0
9957, 2302987, 1, 4096, 0
9958, 2327877, 1, 4096, 0
9958, 2256075, 1, 4096, 0
9958, 3268445, 1, 4096, 0
9959, 1897657, 1, 4096, 0
9959, 1138620, 1, 4096, 0
9960, 1663876, 1, 4096, 0
9960, 2478605, 1, 4096, 0
9960, 2825073, 1, 4096, 0
9961, 2431755, 1, 4096, 0
9961, 2186117, 1, 4096, 0
9961, 2355069, 1, 4096, 0
9962, 1846226, 1, 4096, 0
9962, 1632067, 1, 4096, 0
9962, 1868120, 1, 4096, 0
9962, 1578334, 1, 4096, 0
9964, 2383296, 1, 4096, 0
9964, 2345709, 1, 4096, 0
9964, 2394774, 1, 4096, 0
9964, 1533767, 1, 4096, 0
9964, 1864155, 1, 4096, 0
9964, 2589274, 1, 4096, 0
9965, 1524348, 1, 4096, 0
9966, 1486050, 1, 4096, 0
9966, 1958927, 1, 4096, 0
9966, 2066544, 1, 4096, 0
9966, 1993981, 1, 4096, 0
9966, 963777, 1, 4096, 0
9967, 1351938, 1, 4096, 0
9967, 1353869, 1, 4096, 0
9967, 1367480, 1, 4096, 0
9968, 3805734, 1, 4096, 0
9968, 1776702, 1, 4096, 0
9968, 1112581, 1, 4096, 0
9968, 1888047, 1, 4096, 0
9969, 1288849, 1, 4096, 0
9969, 1422370, 1, 4096, 0
9969, 1550786, 1, 4096, 0
9970, 1773933, 1, 4096, 0
9970, 1300165, 1, 4096, 0
9970, 2178547, 1, 4096, 0
9970, 1783882, 1, 4096, 0
9971, 2189492, 1, 4096, 0
9972, 2272532, 1, 4096, 0
9972, 2164300, 1, 4096, 0
9972, 1782487, 1, 4096, 0
9972, 1531592, 1, 4096, 0
9972, 1853868, 1, 4096, 0
9973, 1995617, 1, 4096, 0
9973, 1386276, 1, 4096, 0
9973, 1455189, 1, 4096, 0
9973, 1921199, 1, 4096, 0
9973, 1594684, 1, 4096, 0
9974, 1088974, 1, 4096, 0
9974, 2231950, 1, 4096, 0
9975, 1327512, 1, 4096, 0
9975, 1851714, 1, 4096, 0
9975, 1925921, 1, 4096, 0
9976, 2107401, 1, 4096, 0
9976, 2780072, 1, 4096, 0
9977, 2368929, 1, 4096, 0
9977, 2212709, 1, 4096, 0
9977, 2383204, 1, 4096, 0
9977, 1418307, 1, 4096, 0
9979, 2387509, 1, 4096, 0
9979, 1720446, 1, 4096, 0
9979, 4170105, 1, 4096, 0
9979, 2776240, 1, 4096, 0
9979, 778054, 1, 4096, 0
9980, 2476800, 1, 4096, 0
9980, 1093897, 1, 4096, 0
9980, 3010444, 1, 4096, 0
9981, 1247153, 1, 4096, 0
9981, 1315279, 1, 4096, 0
9981, 1583277, 1, 4096, 0
9981, 1597079, 1, 4096, 0
9982, 1564737, 1, 4096, 0
9982, 1517973, 1, 4096, 0
9982, 1411084, 1, 4096, 0
9983, 1658767, 1, 4096, 0
9983, 2892266, 1, 4096, 0
9983, 1471521, 1, 4096, 0
9983, 2263418, 1, 4096, 0
9984, 1972836, 1, 4096, 0
9984, 1597563, 1, 4096, 0
9985, 2372807, 1, 4096, 0
9985, 1756334, 1, 4096, 0
9985, 1873526, 1, 4096, 0
9986, 1152932, 1, 4096, 0
9986, 3075729, 1, 4096, 0
9986, 1571542, 1, 4096, 0
9987, 1417045, 1, 4096, 0
9987, 1461679, 1, 4096, 0
9987, 2244384, 1, 4096, 0
9987, 2681389, 1, 4096, 0
9988, 2606956, 1, 4096, 0
9989, 2980420, 1, 4096, 0
9989, 1648829, 1, 4096, 0
9989, 1999594, 1, 4096, 0
9990, 2758846, 1, 4096, 0
9990, 2807483, 1, 4096, 0
9990, 3183607, 1, 4096, 0
9991, 1969389, 1, 4096, 0
9991, 1094368, 1, 4096, 0
9991, 1952127, 1, 4096, 0
9993, 3156508, 1, 4096, 0
9993, 2769327, 1, 4096, 0
9993, 2108412, 1, 4096, 0
9993, 2803267, 1, 4096, 0
9993, 1789476, 1, 4096, 0
9994, 2818335, 1, 4096, 0
9994, 1944830, 1, 4096, 0
9995, 1781275, 1, 4096, 0
9995, 1719979, 1, 4096, 0
9995, 2447858, 1, 4096, 0
9995, 2481907, 1, 4096, 0
9996, 1448464, 1, 4096, 0
9996, 2098677, 1, 4096, 0
9997, 2234032, 1, 4096, 0
9997, 1656394, 1, 4096, 0
9997, 2096845, 1, 4096, 0
9997, 2472448, 1, 4096, 0
9997, 1526693, 1, 4096, 0
9998, 1766055, 1, 4096, 0
9999, 1945555, 1, 4096, 0
9999, 1301367, 1, 4096, 0
9999, 1435122, 1, 4096, 0
9999, 2215004, 1, 4096, 0
9999, 2099270, 1, 4096, 0
9999, 1466213, 1, 4096, 0
10000, 1092733, 1, 4096, 0
10001, 1906044, 1, 4096, 0
10001, 1995788, 1, 4096, 0
10001, 1626155, 1, 4096, 0
10001, 1284588, 1, 4096, 0
10001, 1294140, 1, 4096, 0
