100, 1626570, 1, 0, 0
200, 1901027, 1, 0, 0
300, 1836781, 1, 0, 0
401, 1673569, 1, 0, 0
501, 1654013, 1, 0, 0
600, 1622791, 1, 0, 0
701, 1707700, 1, 0, 0
800, 1726891, 1, 0, 0
900, 1617592, 1, 0, 0
1001, 1647053, 1, 0, 0
1100, 1659080, 1, 0, 0
1203, 1566777, 1, 0, 0
1300, 1623313, 1, 0, 0
1401, 1596899, 1, 0, 0
1500, 1527311, 1, 0, 0
1600, 1662615, 1, 0, 0
1700, 1674251, 1, 0, 0
1800, 1764664, 1, 0, 0
1900, 1616696, 1, 0, 0
2002, 1601924, 1, 0, 0
2100, 1522331, 1, 0, 0
2201, 1591384, 1, 0, 0
2301, 1593291, 1, 0, 0
2400, 1523978, 1, 0, 0
2501, 1598026, 1, 0, 0
2600, 1608536, 1, 0, 0
2702, 1754496, 1, 0, 0
2800, 1557686, 1, 0, 0
2901, 1707361, 1, 0, 0
3000, 1635229, 1, 0, 0
3100, 1569372, 1, 0, 0
3200, 1779849, 1, 0, 0
3300, 1549823, 1, 0, 0
3400, 1633771, 1, 0, 0
3502, 1621054, 1, 0, 0
3601, 1631901, 1, 0, 0
3701, 1567258, 1, 0, 0
3801, 1566159, 1, 0, 0
3900, 1548145, 1, 0, 0
4000, 1595544, 1, 0, 0
4100, 1563495, 1, 0, 0
4200, 1537079, 1, 0, 0
4301, 1549532, 1, 0, 0
4402, 1693434, 1, 0, 0
4501, 1550234, 1, 0, 0
4601, 1490120, 1, 0, 0
4700, 1596744, 1, 0, 0
4800, 1599703, 1, 0, 0
4901, 1600301, 1, 0, 0
5000, 1479448, 1, 0, 0
5100, 1512948, 1, 0, 0
5201, 1485684, 1, 0, 0
5301, 1649056, 1, 0, 0
5400, 1507110, 1, 0, 0
5500, 1558246, 1, 0, 0
5600, 1567971, 1, 0, 0
5701, 1550481, 1, 0, 0
5801, 1620269, 1, 0, 0
5900, 1574805, 1, 0, 0
6000, 1501992, 1, 0, 0
6100, 1542682, 1, 0, 0
6200, 1494311, 1, 0, 0
6302, 1524195, 1, 0, 0
6400, 1555800, 1, 0, 0
6500, 1596832, 1, 0, 0
6600, 1502417, 1, 0, 0
6700, 1672861, 1, 0, 0
6801, 1603916, 1, 0, 0
6901, 1586305, 1, 0, 0
7000, 1585399, 1, 0, 0
7100, 1515107, 1, 0, 0
7201, 1465237, 1, 0, 0
7301, 1508300, 1, 0, 0
7400, 1507369, 1, 0, 0
7500, 1472388, 1, 0, 0
7603, 1705621, 1, 0, 0
7700, 1651406, 1, 0, 0
7800, 1539944, 1, 0, 0
7900, 1544183, 1, 0, 0
8001, 1541820, 1, 0, 0
8100, 1664126, 1, 0, 0
8201, 1558711, 1, 0, 0
8301, 1600784, 1, 0, 0
8401, 1490871, 1, 0, 0
8500, 1578353, 1, 0, 0
8601, 1685694, 1, 0, 0
8700, 1637882, 1, 0, 0
8800, 1598210, 1, 0, 0
8900, 1557887, 1, 0, 0
9000, 1543062, 1, 0, 0
9100, 1569225, 1, 0, 0
9200, 1493865, 1, 0, 0
9301, 1551652, 1, 0, 0
9400, 1457271, 1, 0, 0
9500, 1595733, 1, 0, 0
9602, 1614178, 1, 0, 0
9700, 1601463, 1, 0, 0
9801, 1577031, 1, 0, 0
9900, 1586783, 1, 0, 0
10001, 1688954, 1, 0, 0
10100, 1520645, 1, 0, 0
10200, 1588439, 1, 0, 0
10301, 1511982, 1, 0, 0
10400, 1427253, 1, 0, 0
10501, 1606865, 1, 0, 0
10600, 1632147, 1, 0, 0
10701, 1549163, 1, 0, 0
10800, 1483370, 1, 0, 0
10901, 1650106, 1, 0, 0
11000, 1572774, 1, 0, 0
11100, 1548893, 1, 0, 0
11200, 1562694, 1, 0, 0
11300, 1730903, 1, 0, 0
11402, 1551391, 1, 0, 0
11500, 1626867, 1, 0, 0
11600, 1645713, 1, 0, 0
11700, 1546088, 1, 0, 0
11800, 1646466, 1, 0, 0
11900, 1617547, 1, 0, 0
12000, 1593693, 1, 0, 0
12101, 1629230, 1, 0, 0
12200, 1748743, 1, 0, 0
12300, 1597507, 1, 0, 0
12401, 1499939, 1, 0, 0
12500, 1528940, 1, 0, 0
12601, 1478046, 1, 0, 0
12701, 1538272, 1, 0, 0
12800, 1632547, 1, 0, 0
12901, 1676063, 1, 0, 0
13000, 1573829, 1, 0, 0
13100, 1550240, 1, 0, 0
13200, 1637363, 1, 0, 0
13300, 1594027, 1, 0, 0
13400, 1508657, 1, 0, 0
13501, 1579493, 1, 0, 0
13600, 1604211, 1, 0, 0
13700, 1538046, 1, 0, 0
13800, 1586379, 1, 0, 0
13900, 1596653, 1, 0, 0
14000, 1652108, 1, 0, 0
14100, 1494248, 1, 0, 0
14201, 1567497, 1, 0, 0
14301, 1559148, 1, 0, 0
14400, 1607901, 1, 0, 0
14500, 1562366, 1, 0, 0
14600, 1729656, 1, 0, 0
14700, 1620275, 1, 0, 0
14800, 1645455, 1, 0, 0
14900, 1612793, 1, 0, 0
15000, 1688812, 1, 0, 0
15101, 1740508, 1, 0, 0
15200, 1655219, 1, 0, 0
15300, 1589916, 1, 0, 0
15401, 1626311, 1, 0, 0
15502, 1584704, 1, 0, 0
15600, 1746928, 1, 0, 0
15700, 1641776, 1, 0, 0
15800, 1670545, 1, 0, 0
15900, 1730964, 1, 0, 0
16001, 1652658, 1, 0, 0
16101, 1656670, 1, 0, 0
16200, 1718867, 1, 0, 0
16301, 1518049, 1, 0, 0
16400, 1687307, 1, 0, 0
16500, 1641976, 1, 0, 0
16600, 1700012, 1, 0, 0
16703, 1621185, 1, 0, 0
16800, 1771053, 1, 0, 0
16900, 1666079, 1, 0, 0
17000, 1695519, 1, 0, 0
17100, 1669924, 1, 0, 0
17200, 1674451, 1, 0, 0
17300, 1693530, 1, 0, 0
17400, 1675081, 1, 0, 0
17501, 1628683, 1, 0, 0
17601, 1642408, 1, 0, 0
17700, 1666665, 1, 0, 0
17801, 1742374, 1, 0, 0
17900, 1710878, 1, 0, 0
18000, 1593566, 1, 0, 0
18101, 1621901, 1, 0, 0
18200, 1744403, 1, 0, 0
18301, 1710416, 1, 0, 0
18401, 1704127, 1, 0, 0
18501, 1662766, 1, 0, 0
18600, 1624780, 1, 0, 0
18700, 1683622, 1, 0, 0
18800, 1577313, 1, 0, 0
18900, 1648112, 1, 0, 0
19000, 1584715, 1, 0, 0
19100, 1601676, 1, 0, 0
19200, 1607457, 1, 0, 0
19300, 1651231, 1, 0, 0
19400, 1756577, 1, 0, 0
19501, 1657169, 1, 0, 0
19600, 1605628, 1, 0, 0
19701, 1616938, 1, 0, 0
19801, 1625908, 1, 0, 0
19900, 1526710, 1, 0, 0
20003, 1637478, 1, 0, 0
20100, 1593573, 1, 0, 0
20200, 1574803, 1, 0, 0
20300, 1637032, 1, 0, 0
20400, 1717026, 1, 0, 0
20500, 1528236, 1, 0, 0
20600, 1518566, 1, 0, 0
20700, 1616384, 1, 0, 0
20800, 1566321, 1, 0, 0
20902, 1770858, 1, 0, 0
21001, 1618423, 1, 0, 0
21100, 1525838, 1, 0, 0
21201, 1561121, 1, 0, 0
21301, 1613231, 1, 0, 0
21401, 1562756, 1, 0, 0
21501, 1589336, 1, 0, 0
21600, 1629538, 1, 0, 0
21700, 1588354, 1, 0, 0
21800, 1612014, 1, 0, 0
21900, 1593927, 1, 0, 0
22001, 1556760, 1, 0, 0
22100, 1603749, 1, 0, 0
22200, 1474604, 1, 0, 0
22300, 1718827, 1, 0, 0
22400, 1708717, 1, 0, 0
22501, 1577819, 1, 0, 0
22600, 1634224, 1, 0, 0
22700, 1689134, 1, 0, 0
22800, 1522513, 1, 0, 0
22901, 1571387, 1, 0, 0
23001, 1562283, 1, 0, 0
23100, 1654432, 1, 0, 0
23201, 1727814, 1, 0, 0
23300, 1547545, 1, 0, 0
23401, 1532058, 1, 0, 0
23501, 1588926, 1, 0, 0
23600, 1622036, 1, 0, 0
23700, 1660150, 1, 0, 0
23800, 1725903, 1, 0, 0
23901, 1657878, 1, 0, 0
24001, 1562380, 1, 0, 0
24100, 1608708, 1, 0, 0
24200, 1535980, 1, 0, 0
24300, 1672916, 1, 0, 0
24400, 1523827, 1, 0, 0
24500, 1624264, 1, 0, 0
24600, 1733823, 1, 0, 0
24702, 1595293, 1, 0, 0
24802, 1726660, 1, 0, 0
24900, 1648747, 1, 0, 0
25000, 1665224, 1, 0, 0
25101, 1563812, 1, 0, 0
25200, 1550160, 1, 0, 0
25301, 1684586, 1, 0, 0
25400, 1714343, 1, 0, 0
25501, 1490014, 1, 0, 0
25601, 1645244, 1, 0, 0
25700, 1654806, 1, 0, 0
25800, 1578823, 1, 0, 0
25901, 1680051, 1, 0, 0
26000, 1635063, 1, 0, 0
26100, 1588219, 1, 0, 0
26200, 1621562, 1, 0, 0
26300, 1536868, 1, 0, 0
26400, 1706864, 1, 0, 0
26500, 1645558, 1, 0, 0
26600, 1609443, 1, 0, 0
26701, 1726464, 1, 0, 0
26800, 1682279, 1, 0, 0
26900, 1630323, 1, 0, 0
27000, 1617576, 1, 0, 0
27100, 1604006, 1, 0, 0
27200, 1652877, 1, 0, 0
27300, 1645032, 1, 0, 0
27400, 1710848, 1, 0, 0
27501, 1593961, 1, 0, 0
27600, 1698092, 1, 0, 0
27700, 1641897, 1, 0, 0
27800, 1585548, 1, 0, 0
27900, 1761878, 1, 0, 0
28001, 1574311, 1, 0, 0
28100, 1552674, 1, 0, 0
28200, 1672371, 1, 0, 0
28300, 1647359, 1, 0, 0
28401, 1569396, 1, 0, 0
28500, 1481971, 1, 0, 0
28600, 1519644, 1, 0, 0
28701, 1502412, 1, 0, 0
28801, 1616490, 1, 0, 0
28901, 1593020, 1, 0, 0
29003, 1618216, 1, 0, 0
29100, 1634860, 1, 0, 0
29200, 1535497, 1, 0, 0
29300, 1524962, 1, 0, 0
29400, 1720768, 1, 0, 0
29502, 1619800, 1, 0, 0
29601, 1656235, 1, 0, 0
29701, 1594672, 1, 0, 0
29800, 1602660, 1, 0, 0
29901, 1711692, 1, 0, 0
30001, 1596541, 1, 0, 0
30100, 1580469, 1, 0, 0
30201, 1549775, 1, 0, 0
30301, 1525704, 1, 0, 0
30400, 1451097, 1, 0, 0
30500, 1573477, 1, 0, 0
30600, 1545616, 1, 0, 0
30700, 1532495, 1, 0, 0
30802, 1499618, 1, 0, 0
30901, 1442130, 1, 0, 0
31000, 1408751, 1, 0, 0
31101, 1516388, 1, 0, 0
31200, 1598016, 1, 0, 0
31301, 1480089, 1, 0, 0
31400, 1553728, 1, 0, 0
31500, 1478712, 1, 0, 0
31600, 1492435, 1, 0, 0
31700, 1443531, 1, 0, 0
31800, 1548443, 1, 0, 0
31903, 1529559, 1, 0, 0
32001, 1589976, 1, 0, 0
32100, 1504377, 1, 0, 0
32200, 1496309, 1, 0, 0
32300, 1519318, 1, 0, 0
32400, 1445420, 1, 0, 0
32502, 1487687, 1, 0, 0
32600, 1438942, 1, 0, 0
32700, 1545332, 1, 0, 0
32800, 1438295, 1, 0, 0
32900, 1564399, 1, 0, 0
33000, 1469006, 1, 0, 0
33101, 1591938, 1, 0, 0
33201, 1577818, 1, 0, 0
33300, 1529060, 1, 0, 0
33401, 1512142, 1, 0, 0
33501, 1384027, 1, 0, 0
33600, 1459792, 1, 0, 0
33700, 1521044, 1, 0, 0
33800, 1539297, 1, 0, 0
33900, 1537656, 1, 0, 0
34002, 1602667, 1, 0, 0
34100, 1531566, 1, 0, 0
34200, 1535074, 1, 0, 0
34301, 1539376, 1, 0, 0
34400, 1499542, 1, 0, 0
34502, 1525980, 1, 0, 0
34601, 1460976, 1, 0, 0
34700, 1442118, 1, 0, 0
34800, 1565023, 1, 0, 0
34901, 1527337, 1, 0, 0
35000, 1571990, 1, 0, 0
35102, 1507536, 1, 0, 0
35200, 1538146, 1, 0, 0
35301, 1464763, 1, 0, 0
35401, 1568251, 1, 0, 0
35501, 1569038, 1, 0, 0
35600, 1525593, 1, 0, 0
35701, 1607422, 1, 0, 0
35801, 1558503, 1, 0, 0
35901, 1565665, 1, 0, 0
36000, 1532211, 1, 0, 0
36101, 1473638, 1, 0, 0
36200, 1479639, 1, 0, 0
36300, 1531987, 1, 0, 0
36400, 1575526, 1, 0, 0
36500, 1442498, 1, 0, 0
36600, 1523749, 1, 0, 0
36700, 1536347, 1, 0, 0
36802, 1523825, 1, 0, 0
36901, 1452841, 1, 0, 0
37001, 1577237, 1, 0, 0
37100, 1521693, 1, 0, 0
37200, 1473073, 1, 0, 0
37301, 1532296, 1, 0, 0
37401, 1516855, 1, 0, 0
37500, 1495601, 1, 0, 0
37601, 1487109, 1, 0, 0
37700, 1574235, 1, 0, 0
37800, 1477721, 1, 0, 0
37900, 1539286, 1, 0, 0
38000, 1585110, 1, 0, 0
38100, 1571082, 1, 0, 0
38201, 1624553, 1, 0, 0
38303, 1502320, 1, 0, 0
38400, 1528075, 1, 0, 0
38500, 1588054, 1, 0, 0
38600, 1589413, 1, 0, 0
38700, 1655689, 1, 0, 0
38800, 1725649, 1, 0, 0
38900, 1545057, 1, 0, 0
39001, 1580987, 1, 0, 0
39100, 1462600, 1, 0, 0
39200, 1495237, 1, 0, 0
39300, 1561013, 1, 0, 0
39400, 1649960, 1, 0, 0
39500, 1466564, 1, 0, 0
39600, 1515414, 1, 0, 0
39700, 1626083, 1, 0, 0
39800, 1569684, 1, 0, 0
39900, 1540899, 1, 0, 0
40000, 1492330, 1, 0, 0
40100, 1547310, 1, 0, 0
40201, 1488067, 1, 0, 0
40300, 1573756, 1, 0, 0
40400, 1578641, 1, 0, 0
40500, 1527505, 1, 0, 0
40600, 1550120, 1, 0, 0
40700, 1597153, 1, 0, 0
40800, 1557137, 1, 0, 0
40900, 1569258, 1, 0, 0
41000, 1583486, 1, 0, 0
41100, 1543021, 1, 0, 0
41200, 1650824, 1, 0, 0
41300, 1562817, 1, 0, 0
41400, 1672930, 1, 0, 0
41500, 1593349, 1, 0, 0
41601, 1658693, 1, 0, 0
41701, 1607574, 1, 0, 0
41801, 1594129, 1, 0, 0
41900, 1682617, 1, 0, 0
42000, 1615782, 1, 0, 0
42100, 1602634, 1, 0, 0
42201, 1617799, 1, 0, 0
42300, 1686939, 1, 0, 0
42401, 1625443, 1, 0, 0
42501, 1543413, 1, 0, 0
42601, 1681532, 1, 0, 0
42700, 1544919, 1, 0, 0
42801, 1602798, 1, 0, 0
42900, 1525110, 1, 0, 0
43000, 1592334, 1, 0, 0
43102, 1590131, 1, 0, 0
43201, 1655395, 1, 0, 0
43301, 1597343, 1, 0, 0
43401, 1666665, 1, 0, 0
43501, 1644502, 1, 0, 0
43601, 1633458, 1, 0, 0
43702, 1590485, 1, 0, 0
43800, 1623782, 1, 0, 0
43900, 1541467, 1, 0, 0
44000, 1613759, 1, 0, 0
44101, 1637143, 1, 0, 0
44200, 1527098, 1, 0, 0
44300, 1564641, 1, 0, 0
44400, 1612293, 1, 0, 0
44501, 1670943, 1, 0, 0
44600, 1625193, 1, 0, 0
44701, 1715244, 1, 0, 0
44800, 1534046, 1, 0, 0
44901, 1657167, 1, 0, 0
45000, 1598417, 1, 0, 0
45100, 1594979, 1, 0, 0
45200, 1516926, 1, 0, 0
45300, 1586389, 1, 0, 0
45400, 1476926, 1, 0, 0
45501, 1555560, 1, 0, 0
45600, 1556695, 1, 0, 0
45701, 1463741, 1, 0, 0
45801, 1499509, 1, 0, 0
45900, 1479985, 1, 0, 0
46001, 1505100, 1, 0, 0
46100, 1579723, 1, 0, 0
46202, 1627358, 1, 0, 0
46301, 1513027, 1, 0, 0
46400, 1632255, 1, 0, 0
46500, 1573213, 1, 0, 0
46600, 1620894, 1, 0, 0
46701, 1638971, 1, 0, 0
46801, 1578868, 1, 0, 0
46900, 1608526, 1, 0, 0
47000, 1617660, 1, 0, 0
47100, 1570032, 1, 0, 0
47200, 1590661, 1, 0, 0
47300, 1520771, 1, 0, 0
47400, 1643135, 1, 0, 0
47500, 1595211, 1, 0, 0
47601, 1547765, 1, 0, 0
47700, 1610248, 1, 0, 0
47801, 1571223, 1, 0, 0
47900, 1531679, 1, 0, 0
48001, 1657200, 1, 0, 0
48101, 1547069, 1, 0, 0
48200, 1544300, 1, 0, 0
48301, 1484464, 1, 0, 0
48400, 1466193, 1, 0, 0
48501, 1566983, 1, 0, 0
48600, 1559958, 1, 0, 0
48700, 1489393, 1, 0, 0
48800, 1576151, 1, 0, 0
48900, 1602638, 1, 0, 0
49000, 1617177, 1, 0, 0
49100, 1659193, 1, 0, 0
49200, 1598862, 1, 0, 0
49300, 1675675, 1, 0, 0
49400, 1605849, 1, 0, 0
49502, 1571814, 1, 0, 0
49600, 1609291, 1, 0, 0
49701, 1615126, 1, 0, 0
49800, 1598183, 1, 0, 0
49900, 1644582, 1, 0, 0
50000, 1574038, 1, 0, 0
50100, 1582142, 1, 0, 0
50200, 1624836, 1, 0, 0
50301, 1626898, 1, 0, 0
50400, 1599002, 1, 0, 0
50500, 1647790, 1, 0, 0
50601, 1687025, 1, 0, 0
50701, 1593860, 1, 0, 0
50800, 1598187, 1, 0, 0
50900, 1593184, 1, 0, 0
51000, 1539923, 1, 0, 0
51101, 1556361, 1, 0, 0
51200, 1538192, 1, 0, 0
51300, 1507835, 1, 0, 0
51401, 1539205, 1, 0, 0
51501, 1509159, 1, 0, 0
51601, 1451529, 1, 0, 0
51701, 1617384, 1, 0, 0
51800, 1505482, 1, 0, 0
51900, 1541037, 1, 0, 0
52000, 1543332, 1, 0, 0
52100, 1539451, 1, 0, 0
52200, 1597293, 1, 0, 0
52300, 1446346, 1, 0, 0
52400, 1604858, 1, 0, 0
52501, 1541942, 1, 0, 0
52600, 1490608, 1, 0, 0
52702, 1498215, 1, 0, 0
52801, 1469846, 1, 0, 0
52902, 1521380, 1, 0, 0
53000, 1466987, 1, 0, 0
53100, 1544510, 1, 0, 0
53201, 1543730, 1, 0, 0
53301, 1614214, 1, 0, 0
53401, 1565011, 1, 0, 0
53500, 1472942, 1, 0, 0
53601, 1534065, 1, 0, 0
53702, 1589069, 1, 0, 0
53801, 1494569, 1, 0, 0
53901, 1593976, 1, 0, 0
54000, 1561062, 1, 0, 0
54100, 1534643, 1, 0, 0
54201, 1527836, 1, 0, 0
54300, 1536472, 1, 0, 0
54400, 1537365, 1, 0, 0
54500, 1535665, 1, 0, 0
54600, 1519365, 1, 0, 0
54701, 1582116, 1, 0, 0
54800, 1539816, 1, 0, 0
54901, 1507245, 1, 0, 0
55001, 1464124, 1, 0, 0
55100, 1576459, 1, 0, 0
55201, 1518342, 1, 0, 0
55300, 1519327, 1, 0, 0
55400, 1547937, 1, 0, 0
55500, 1430207, 1, 0, 0
55601, 1521238, 1, 0, 0
55700, 1479114, 1, 0, 0
55800, 1594695, 1, 0, 0
55900, 1523870, 1, 0, 0
56001, 1505468, 1, 0, 0
56100, 1572666, 1, 0, 0
56200, 1569398, 1, 0, 0
56300, 1540387, 1, 0, 0
56400, 1609982, 1, 0, 0
56501, 1558600, 1, 0, 0
56600, 1502562, 1, 0, 0
56700, 1499801, 1, 0, 0
56800, 1537062, 1, 0, 0
56900, 1501691, 1, 0, 0
57000, 1469378, 1, 0, 0
57101, 1575113, 1, 0, 0
57200, 1513624, 1, 0, 0
57300, 1644506, 1, 0, 0
57401, 1579802, 1, 0, 0
57500, 1502568, 1, 0, 0
57600, 1511754, 1, 0, 0
57700, 1519716, 1, 0, 0
57800, 1593133, 1, 0, 0
57900, 1571347, 1, 0, 0
58000, 1507575, 1, 0, 0
58101, 1423606, 1, 0, 0
58201, 1573847, 1, 0, 0
58302, 1440358, 1, 0, 0
58400, 1417103, 1, 0, 0
58500, 1548500, 1, 0, 0
58600, 1539052, 1, 0, 0
58700, 1515995, 1, 0, 0
58800, 1526052, 1, 0, 0
58901, 1576976, 1, 0, 0
59000, 1506672, 1, 0, 0
59100, 1569053, 1, 0, 0
59200, 1512805, 1, 0, 0
59301, 1579467, 1, 0, 0
59400, 1531211, 1, 0, 0
59500, 1469139, 1, 0, 0
59600, 1520610, 1, 0, 0
59700, 1502119, 1, 0, 0
59800, 1577005, 1, 0, 0
59901, 1500552, 1, 0, 0
60000, 1481539, 1, 0, 0
60100, 1564402, 1, 0, 0
60200, 1490723, 1, 0, 0
60300, 1617517, 1, 0, 0
60401, 1520521, 1, 0, 0
60500, 1545295, 1, 0, 0
60600, 1521267, 1, 0, 0
60701, 1548814, 1, 0, 0
60801, 1475244, 1, 0, 0
60901, 1694242, 1, 0, 0
61001, 1476306, 1, 0, 0
61100, 1575210, 1, 0, 0
61201, 1481010, 1, 0, 0
61301, 1495956, 1, 0, 0
61400, 1526493, 1, 0, 0
61501, 1521913, 1, 0, 0
61600, 1626396, 1, 0, 0
61701, 1579368, 1, 0, 0
61800, 1639840, 1, 0, 0
61901, 1579349, 1, 0, 0
62000, 1575941, 1, 0, 0
62100, 1542647, 1, 0, 0
62201, 1556026, 1, 0, 0
62300, 1635165, 1, 0, 0
62401, 1679823, 1, 0, 0
62501, 1571061, 1, 0, 0
62600, 1631098, 1, 0, 0
62700, 1643590, 1, 0, 0
62801, 1605349, 1, 0, 0
62901, 1594153, 1, 0, 0
63001, 1536760, 1, 0, 0
63100, 1554643, 1, 0, 0
63200, 1547291, 1, 0, 0
63300, 1753365, 1, 0, 0
63400, 1553871, 1, 0, 0
63500, 1465400, 1, 0, 0
63602, 1612495, 1, 0, 0
63700, 1531445, 1, 0, 0
63800, 1542893, 1, 0, 0
63901, 1558387, 1, 0, 0
64000, 1543736, 1, 0, 0
64100, 1631032, 1, 0, 0
64201, 1515688, 1, 0, 0
64302, 1536278, 1, 0, 0
64401, 1525133, 1, 0, 0
64500, 1579985, 1, 0, 0
64600, 1540115, 1, 0, 0
64700, 1613362, 1, 0, 0
64802, 1553042, 1, 0, 0
64901, 1525023, 1, 0, 0
65001, 1582626, 1, 0, 0
65100, 1612680, 1, 0, 0
65201, 1542022, 1, 0, 0
65300, 1693586, 1, 0, 0
65400, 1589087, 1, 0, 0
65501, 1710457, 1, 0, 0
65600, 1595677, 1, 0, 0
65701, 1627145, 1, 0, 0
65800, 1583683, 1, 0, 0
65900, 1707109, 1, 0, 0
66000, 1592207, 1, 0, 0
66101, 1657737, 1, 0, 0
66200, 1599187, 1, 0, 0
66300, 1514453, 1, 0, 0
66400, 1592890, 1, 0, 0
66500, 1596591, 1, 0, 0
66601, 1600639, 1, 0, 0
66700, 1573886, 1, 0, 0
66800, 1678007, 1, 0, 0
66900, 1563245, 1, 0, 0
67000, 1641280, 1, 0, 0
67100, 1604674, 1, 0, 0
67200, 1610825, 1, 0, 0
67301, 1529997, 1, 0, 0
67400, 1559068, 1, 0, 0
67500, 1519445, 1, 0, 0
67600, 1510939, 1, 0, 0
67700, 1492939, 1, 0, 0
67800, 1601042, 1, 0, 0
67900, 1558634, 1, 0, 0
68000, 1591355, 1, 0, 0
68101, 1664321, 1, 0, 0
68200, 1555942, 1, 0, 0
68300, 1676044, 1, 0, 0
68402, 1570261, 1, 0, 0
68500, 1606724, 1, 0, 0
68600, 1481955, 1, 0, 0
68700, 1493250, 1, 0, 0
68801, 1482114, 1, 0, 0
68901, 1514025, 1, 0, 0
69000, 1588863, 1, 0, 0
69102, 1590511, 1, 0, 0
69200, 1559754, 1, 0, 0
69300, 1602280, 1, 0, 0
69401, 1653217, 1, 0, 0
69501, 1520231, 1, 0, 0
69600, 1576450, 1, 0, 0
69700, 1589564, 1, 0, 0
69800, 1599951, 1, 0, 0
69900, 1543911, 1, 0, 0
70000, 1568916, 1, 0, 0
70100, 1631583, 1, 0, 0
70200, 1508087, 1, 0, 0
70300, 1537711, 1, 0, 0
70400, 1541312, 1, 0, 0
70501, 1525759, 1, 0, 0
70600, 1634202, 1, 0, 0
70700, 1594026, 1, 0, 0
70800, 1595789, 1, 0, 0
70901, 1530402, 1, 0, 0
71000, 1583494, 1, 0, 0
71100, 1616686, 1, 0, 0
71200, 1553439, 1, 0, 0
71300, 1476819, 1, 0, 0
71401, 1553613, 1, 0, 0
71501, 1744518, 1, 0, 0
71603, 1540121, 1, 0, 0
71700, 1534337, 1, 0, 0
71800, 1484411, 1, 0, 0
71901, 1641841, 1, 0, 0
72000, 1593595, 1, 0, 0
72100, 1593234, 1, 0, 0
72200, 1499068, 1, 0, 0
72300, 1680746, 1, 0, 0
72401, 1597713, 1, 0, 0
72501, 1593410, 1, 0, 0
72600, 1533374, 1, 0, 0
72700, 1587230, 1, 0, 0
72801, 1579163, 1, 0, 0
72900, 1527584, 1, 0, 0
73000, 1542008, 1, 0, 0
73100, 1626328, 1, 0, 0
73200, 1497979, 1, 0, 0
73300, 1644058, 1, 0, 0
73400, 1543794, 1, 0, 0
73500, 1609795, 1, 0, 0
73602, 1655595, 1, 0, 0
73700, 1641955, 1, 0, 0
73800, 1699365, 1, 0, 0
73900, 1671819, 1, 0, 0
74001, 1629424, 1, 0, 0
74100, 1437702, 1, 0, 0
74201, 1556580, 1, 0, 0
74301, 1539394, 1, 0, 0
74400, 1605421, 1, 0, 0
74500, 1480778, 1, 0, 0
74601, 1574666, 1, 0, 0
74700, 1504143, 1, 0, 0
74801, 1528852, 1, 0, 0
74901, 1562071, 1, 0, 0
75000, 1479280, 1, 0, 0
75100, 1517334, 1, 0, 0
75200, 1475520, 1, 0, 0
75300, 1641110, 1, 0, 0
75401, 1522640, 1, 0, 0
75501, 1552147, 1, 0, 0
75600, 1589647, 1, 0, 0
75700, 1563338, 1, 0, 0
75801, 1661785, 1, 0, 0
75901, 1605830, 1, 0, 0
76000, 1559855, 1, 0, 0
76101, 1569936, 1, 0, 0
76200, 1559927, 1, 0, 0
76300, 1510218, 1, 0, 0
76400, 1543355, 1, 0, 0
76500, 1613614, 1, 0, 0
76600, 1527950, 1, 0, 0
76700, 1585974, 1, 0, 0
76800, 1640742, 1, 0, 0
76900, 1650265, 1, 0, 0
77000, 1574178, 1, 0, 0
77100, 1593192, 1, 0, 0
77200, 1588063, 1, 0, 0
77302, 1648533, 1, 0, 0
77400, 1583474, 1, 0, 0
77501, 1601272, 1, 0, 0
77600, 1630572, 1, 0, 0
77700, 1591476, 1, 0, 0
77801, 1572516, 1, 0, 0
77901, 1572416, 1, 0, 0
78000, 1608424, 1, 0, 0
78101, 1648134, 1, 0, 0
78200, 1603510, 1, 0, 0
78301, 1690896, 1, 0, 0
78400, 1534616, 1, 0, 0
78500, 1554449, 1, 0, 0
78601, 1637105, 1, 0, 0
78700, 1521582, 1, 0, 0
78800, 1660122, 1, 0, 0
78901, 1653575, 1, 0, 0
79001, 1515960, 1, 0, 0
79100, 1602090, 1, 0, 0
79201, 1578201, 1, 0, 0
79301, 1565480, 1, 0, 0
79400, 1763008, 1, 0, 0
79500, 1610267, 1, 0, 0
79600, 1540386, 1, 0, 0
79700, 1593200, 1, 0, 0
79800, 1546537, 1, 0, 0
79900, 1558609, 1, 0, 0
80000, 1633580, 1, 0, 0
80100, 1619102, 1, 0, 0
80200, 1759554, 1, 0, 0
80301, 1714010, 1, 0, 0
80401, 1642818, 1, 0, 0
80501, 1598377, 1, 0, 0
80600, 1594850, 1, 0, 0
80700, 1636742, 1, 0, 0
80800, 1625221, 1, 0, 0
80901, 1631926, 1, 0, 0
81000, 1788906, 1, 0, 0
81100, 1491030, 1, 0, 0
81200, 1665523, 1, 0, 0
81300, 1673595, 1, 0, 0
81400, 1672767, 1, 0, 0
81500, 1764621, 1, 0, 0
81601, 1606828, 1, 0, 0
81700, 1625328, 1, 0, 0
81800, 1629631, 1, 0, 0
81901, 1621984, 1, 0, 0
82001, 1658426, 1, 0, 0
82100, 1601738, 1, 0, 0
82200, 1489689, 1, 0, 0
82300, 1592815, 1, 0, 0
82401, 1551034, 1, 0, 0
82501, 1532336, 1, 0, 0
82601, 1705977, 1, 0, 0
82700, 1583848, 1, 0, 0
82800, 1647269, 1, 0, 0
82900, 1592292, 1, 0, 0
83001, 1569633, 1, 0, 0
83100, 1573561, 1, 0, 0
83200, 1654853, 1, 0, 0
83300, 1623773, 1, 0, 0
83401, 1553560, 1, 0, 0
83501, 1672116, 1, 0, 0
83600, 1533762, 1, 0, 0
83700, 1555679, 1, 0, 0
83800, 1491020, 1, 0, 0
83900, 1552468, 1, 0, 0
84000, 1614274, 1, 0, 0
84100, 1619810, 1, 0, 0
84200, 1638100, 1, 0, 0
84300, 1625898, 1, 0, 0
84401, 1557132, 1, 0, 0
84501, 1588472, 1, 0, 0
84600, 1549711, 1, 0, 0
84701, 1612617, 1, 0, 0
84800, 1562128, 1, 0, 0
84900, 1601163, 1, 0, 0
85000, 1611757, 1, 0, 0
85100, 1681046, 1, 0, 0
85201, 1682898, 1, 0, 0
85300, 1619712, 1, 0, 0
85400, 1625562, 1, 0, 0
85500, 1821230, 1, 0, 0
85600, 1707667, 1, 0, 0
85700, 1647038, 1, 0, 0
85800, 1727507, 1, 0, 0
85900, 1636694, 1, 0, 0
86000, 1767303, 1, 0, 0
86100, 1646891, 1, 0, 0
86201, 1611337, 1, 0, 0
86301, 1671279, 1, 0, 0
86400, 1855534, 1, 0, 0
86501, 1680804, 1, 0, 0
86601, 1626675, 1, 0, 0
86701, 1673494, 1, 0, 0
86800, 1715408, 1, 0, 0
86900, 1567174, 1, 0, 0
87001, 1576590, 1, 0, 0
87100, 1636059, 1, 0, 0
87200, 1619198, 1, 0, 0
87300, 1700004, 1, 0, 0
87400, 1646426, 1, 0, 0
87500, 1620139, 1, 0, 0
87601, 1618262, 1, 0, 0
87701, 1569178, 1, 0, 0
87802, 1590536, 1, 0, 0
87900, 1787389, 1, 0, 0
88001, 1581546, 1, 0, 0
88101, 1761877, 1, 0, 0
88201, 1651515, 1, 0, 0
88300, 1653665, 1, 0, 0
88400, 1673748, 1, 0, 0
88501, 1612760, 1, 0, 0
88603, 1801661, 1, 0, 0
88701, 1639253, 1, 0, 0
88800, 1686847, 1, 0, 0
88901, 1635943, 1, 0, 0
89000, 1544298, 1, 0, 0
89100, 1738947, 1, 0, 0
89201, 1600271, 1, 0, 0
89301, 1702835, 1, 0, 0
89401, 1609532, 1, 0, 0
89500, 1577625, 1, 0, 0
89601, 1607816, 1, 0, 0
89700, 1639513, 1, 0, 0
89800, 1587235, 1, 0, 0
89900, 1636930, 1, 0, 0
90000, 1985108, 1, 0, 0
90101, 1731237, 1, 0, 0
90200, 1716399, 1, 0, 0
90300, 1580605, 1, 0, 0
90401, 1694792, 1, 0, 0
90500, 1748303, 1, 0, 0
90602, 1820084, 1, 0, 0
90700, 1617732, 1, 0, 0
90800, 1621257, 1, 0, 0
90900, 1860383, 1, 0, 0
91000, 1654393, 1, 0, 0
91101, 1598120, 1, 0, 0
91200, 1757130, 1, 0, 0
91300, 1558332, 1, 0, 0
91401, 1748515, 1, 0, 0
91501, 1592860, 1, 0, 0
91605, 1743089, 1, 0, 0
91700, 1571718, 1, 0, 0
91800, 1669348, 1, 0, 0
91901, 1668509, 1, 0, 0
92000, 1589272, 1, 0, 0
92100, 1675389, 1, 0, 0
92200, 1686639, 1, 0, 0
92301, 1596923, 1, 0, 0
92400, 1606175, 1, 0, 0
92501, 1602311, 1, 0, 0
92600, 1642262, 1, 0, 0
92700, 1587340, 1, 0, 0
92802, 1730034, 1, 0, 0
92901, 1638062, 1, 0, 0
93000, 1658844, 1, 0, 0
93100, 1586530, 1, 0, 0
93200, 1738872, 1, 0, 0
93300, 1610635, 1, 0, 0
93400, 1601409, 1, 0, 0
93502, 1677270, 1, 0, 0
93601, 1519444, 1, 0, 0
93700, 1525961, 1, 0, 0
93801, 1603611, 1, 0, 0
93901, 1708707, 1, 0, 0
94000, 1649882, 1, 0, 0
94102, 1579764, 1, 0, 0
94200, 1692895, 1, 0, 0
94301, 1722410, 1, 0, 0
94400, 1593314, 1, 0, 0
94501, 1626022, 1, 0, 0
94601, 1630842, 1, 0, 0
94700, 1628845, 1, 0, 0
94800, 1640469, 1, 0, 0
94900, 1795997, 1, 0, 0
95000, 1567608, 1, 0, 0
95101, 1740913, 1, 0, 0
95201, 1770901, 1, 0, 0
95307, 1873381, 1, 0, 0
95401, 1623465, 1, 0, 0
95500, 1809013, 1, 0, 0
95601, 1579523, 1, 0, 0
95702, 1724488, 1, 0, 0
95800, 1583560, 1, 0, 0
95902, 1606391, 1, 0, 0
96000, 1658994, 1, 0, 0
96100, 1625224, 1, 0, 0
96200, 1648810, 1, 0, 0
96300, 1784157, 1, 0, 0
96400, 1707340, 1, 0, 0
96500, 1617878, 1, 0, 0
96600, 1597712, 1, 0, 0
96700, 1642321, 1, 0, 0
96800, 1757044, 1, 0, 0
96901, 1725917, 1, 0, 0
97000, 1749506, 1, 0, 0
97101, 1627482, 1, 0, 0
97201, 1592161, 1, 0, 0
97301, 1622465, 1, 0, 0
97400, 1689254, 1, 0, 0
97500, 1648012, 1, 0, 0
97600, 1644397, 1, 0, 0
97700, 1736027, 1, 0, 0
97800, 1621279, 1, 0, 0
97901, 1838994, 1, 0, 0
98000, 1683680, 1, 0, 0
98101, 1717415, 1, 0, 0
98201, 1643383, 1, 0, 0
98301, 1623514, 1, 0, 0
98401, 1589653, 1, 0, 0
98501, 1645697, 1, 0, 0
98600, 1678137, 1, 0, 0
98701, 1633359, 1, 0, 0
98801, 1654956, 1, 0, 0
98900, 1590622, 1, 0, 0
99000, 1619016, 1, 0, 0
99101, 1601668, 1, 0, 0
99200, 1606061, 1, 0, 0
99301, 1579324, 1, 0, 0
99400, 1662921, 1, 0, 0
99501, 1684932, 1, 0, 0
99600, 1659385, 1, 0, 0
99701, 1664206, 1, 0, 0
99801, 1700980, 1, 0, 0
99901, 1641653, 1, 0, 0
100000, 1561477, 1, 0, 0
100102, 1696392, 1, 0, 0
100200, 1672502, 1, 0, 0
100301, 1632730, 1, 0, 0
100401, 1643859, 1, 0, 0
100500, 1592106, 1, 0, 0
100600, 1674860, 1, 0, 0
100700, 1622628, 1, 0, 0
100800, 1572771, 1, 0, 0
100900, 1636080, 1, 0, 0
101002, 1571808, 1, 0, 0
101101, 1756251, 1, 0, 0
101200, 1546391, 1, 0, 0
101300, 1559802, 1, 0, 0
101400, 1618813, 1, 0, 0
101500, 1593670, 1, 0, 0
101601, 1691648, 1, 0, 0
101700, 1598956, 1, 0, 0
101801, 1585312, 1, 0, 0
101900, 1601311, 1, 0, 0
102000, 1536393, 1, 0, 0
102101, 1720049, 1, 0, 0
102201, 1643488, 1, 0, 0
102300, 1724271, 1, 0, 0
102400, 1613106, 1, 0, 0
102500, 1652834, 1, 0, 0
102600, 1567849, 1, 0, 0
102701, 1607914, 1, 0, 0
102801, 1670327, 1, 0, 0
102901, 1580783, 1, 0, 0
103001, 1516981, 1, 0, 0
103101, 1519597, 1, 0, 0
103200, 1579760, 1, 0, 0
103300, 1597139, 1, 0, 0
103401, 1624548, 1, 0, 0
103500, 1660730, 1, 0, 0
103600, 1598050, 1, 0, 0
103700, 1513086, 1, 0, 0
103800, 1645755, 1, 0, 0
103900, 1581661, 1, 0, 0
104000, 1732080, 1, 0, 0
104101, 1581613, 1, 0, 0
104200, 1608178, 1, 0, 0
104300, 1589143, 1, 0, 0
104400, 1619862, 1, 0, 0
104501, 1576376, 1, 0, 0
104601, 1617548, 1, 0, 0
104700, 1546772, 1, 0, 0
104801, 1643383, 1, 0, 0
104900, 1623995, 1, 0, 0
105001, 1655723, 1, 0, 0
105101, 1645080, 1, 0, 0
105201, 1642693, 1, 0, 0
105301, 1536317, 1, 0, 0
105400, 1575797, 1, 0, 0
105500, 1494980, 1, 0, 0
105600, 1617853, 1, 0, 0
105700, 1597731, 1, 0, 0
105801, 1602063, 1, 0, 0
105901, 1589335, 1, 0, 0
106001, 1539581, 1, 0, 0
106100, 1590055, 1, 0, 0
106200, 1665457, 1, 0, 0
106300, 1590235, 1, 0, 0
106400, 1467339, 1, 0, 0
106500, 1653651, 1, 0, 0
106600, 1567449, 1, 0, 0
106700, 1763874, 1, 0, 0
106800, 1486617, 1, 0, 0
106900, 1699122, 1, 0, 0
107000, 1559490, 1, 0, 0
107100, 1554528, 1, 0, 0
107202, 1563385, 1, 0, 0
107301, 1529234, 1, 0, 0
107400, 1604732, 1, 0, 0
107501, 1596940, 1, 0, 0
107600, 1603763, 1, 0, 0
107701, 1561004, 1, 0, 0
107800, 1508263, 1, 0, 0
107900, 1538544, 1, 0, 0
108001, 1526057, 1, 0, 0
108100, 1581329, 1, 0, 0
108200, 1550473, 1, 0, 0
108301, 1686292, 1, 0, 0
108400, 1621101, 1, 0, 0
108500, 1548956, 1, 0, 0
108600, 1580181, 1, 0, 0
108700, 1607383, 1, 0, 0
108800, 1557755, 1, 0, 0
108901, 1601252, 1, 0, 0
109000, 1602583, 1, 0, 0
109100, 1546106, 1, 0, 0
109200, 1590285, 1, 0, 0
109301, 1490501, 1, 0, 0
109400, 1600596, 1, 0, 0
109500, 1506439, 1, 0, 0
109601, 1539140, 1, 0, 0
109701, 1585615, 1, 0, 0
109802, 1616548, 1, 0, 0
109900, 1628543, 1, 0, 0
110001, 1589381, 1, 0, 0
110100, 1630837, 1, 0, 0
110200, 1672799, 1, 0, 0
110300, 1671231, 1, 0, 0
110401, 1637724, 1, 0, 0
110500, 1709409, 1, 0, 0
110600, 1574059, 1, 0, 0
110700, 1728202, 1, 0, 0
110800, 1563517, 1, 0, 0
110901, 1739741, 1, 0, 0
111001, 1601559, 1, 0, 0
111100, 1620276, 1, 0, 0
111200, 1565583, 1, 0, 0
111301, 1661793, 1, 0, 0
111400, 1550622, 1, 0, 0
111500, 1618728, 1, 0, 0
111601, 1520268, 1, 0, 0
111700, 1515412, 1, 0, 0
111801, 1578526, 1, 0, 0
111901, 1620040, 1, 0, 0
112001, 1631556, 1, 0, 0
112100, 1579656, 1, 0, 0
112200, 1596198, 1, 0, 0
112300, 1616852, 1, 0, 0
112400, 1735301, 1, 0, 0
112500, 1515127, 1, 0, 0
112600, 1699532, 1, 0, 0
112701, 1579322, 1, 0, 0
112800, 1666410, 1, 0, 0
112901, 1649805, 1, 0, 0
113003, 1675476, 1, 0, 0
113100, 1584525, 1, 0, 0
113203, 1601092, 1, 0, 0
113300, 1650582, 1, 0, 0
113401, 1722340, 1, 0, 0
113500, 1659199, 1, 0, 0
113601, 1667632, 1, 0, 0
113701, 1784322, 1, 0, 0
113800, 1602690, 1, 0, 0
113901, 1698718, 1, 0, 0
114000, 1651732, 1, 0, 0
114101, 1577856, 1, 0, 0
114201, 1622128, 1, 0, 0
114300, 1639307, 1, 0, 0
114400, 1552818, 1, 0, 0
114500, 1736891, 1, 0, 0
114601, 1725185, 1, 0, 0
114700, 1678098, 1, 0, 0
114800, 1795651, 1, 0, 0
114900, 1607970, 1, 0, 0
115001, 1689062, 1, 0, 0
115100, 1654381, 1, 0, 0
115200, 1668356, 1, 0, 0
115300, 1550623, 1, 0, 0
115400, 1659892, 1, 0, 0
115501, 1666202, 1, 0, 0
115600, 1631102, 1, 0, 0
115700, 1642910, 1, 0, 0
115801, 1627931, 1, 0, 0
115901, 1597910, 1, 0, 0
116000, 1663130, 1, 0, 0
116100, 1689613, 1, 0, 0
116201, 1639452, 1, 0, 0
116301, 1614528, 1, 0, 0
116401, 1468873, 1, 0, 0
116501, 1734164, 1, 0, 0
116600, 1601736, 1, 0, 0
116700, 1696566, 1, 0, 0
116800, 1612392, 1, 0, 0
116900, 1738207, 1, 0, 0
117000, 1614249, 1, 0, 0
117100, 1611498, 1, 0, 0
117200, 1562671, 1, 0, 0
117300, 1622336, 1, 0, 0
117400, 1536688, 1, 0, 0
117501, 1656017, 1, 0, 0
117600, 1531893, 1, 0, 0
117701, 1598838, 1, 0, 0
117800, 1510168, 1, 0, 0
117900, 1578956, 1, 0, 0
118001, 1583081, 1, 0, 0
118100, 1553964, 1, 0, 0
118201, 1722693, 1, 0, 0
118301, 1567400, 1, 0, 0
118401, 1754630, 1, 0, 0
118500, 1516462, 1, 0, 0
118600, 1634529, 1, 0, 0
118701, 1562504, 1, 0, 0
118800, 1554076, 1, 0, 0
118900, 1541921, 1, 0, 0
119001, 1628104, 1, 0, 0
119101, 1570674, 1, 0, 0
119200, 1547335, 1, 0, 0
119301, 1633645, 1, 0, 0
119400, 1717208, 1, 0, 0
119501, 1662631, 1, 0, 0
119601, 1534198, 1, 0, 0
119701, 1775980, 1, 0, 0
119800, 1633924, 1, 0, 0
119900, 1636050, 1, 0, 0
120001, 1560061, 1, 0, 0
120101, 1570573, 1, 0, 0
120200, 1551940, 1, 0, 0
120300, 1611875, 1, 0, 0
120401, 1576860, 1, 0, 0
120500, 1563029, 1, 0, 0
120600, 1591732, 1, 0, 0
120700, 1752282, 1, 0, 0
120800, 1622425, 1, 0, 0
120901, 1633863, 1, 0, 0
121000, 1628457, 1, 0, 0
121100, 1600904, 1, 0, 0
121200, 1531766, 1, 0, 0
121300, 1660434, 1, 0, 0
121400, 1629212, 1, 0, 0
121501, 1621722, 1, 0, 0
121601, 1534305, 1, 0, 0
121700, 1774199, 1, 0, 0
121800, 1527787, 1, 0, 0
121901, 1548616, 1, 0, 0
122000, 1584963, 1, 0, 0
122100, 1679272, 1, 0, 0
122201, 1565344, 1, 0, 0
122300, 1726992, 1, 0, 0
122400, 1583861, 1, 0, 0
122500, 1734333, 1, 0, 0
122601, 1682251, 1, 0, 0
122701, 1680287, 1, 0, 0
122801, 1804906, 1, 0, 0
122901, 1637273, 1, 0, 0
123001, 1566361, 1, 0, 0
123100, 1609311, 1, 0, 0
123200, 1583447, 1, 0, 0
123300, 1679958, 1, 0, 0
123400, 1526599, 1, 0, 0
123500, 1644565, 1, 0, 0
123600, 1529141, 1, 0, 0
123701, 1634364, 1, 0, 0
123800, 1633520, 1, 0, 0
123900, 1649488, 1, 0, 0
124000, 1762853, 1, 0, 0
124100, 1516929, 1, 0, 0
124200, 1591145, 1, 0, 0
124302, 1651461, 1, 0, 0
124401, 1542327, 1, 0, 0
124500, 1588628, 1, 0, 0
124600, 1691719, 1, 0, 0
124701, 1555885, 1, 0, 0
124802, 1604977, 1, 0, 0
124900, 1548108, 1, 0, 0
125000, 1695262, 1, 0, 0
125101, 1610149, 1, 0, 0
125201, 1734249, 1, 0, 0
125300, 1553604, 1, 0, 0
125400, 1641596, 1, 0, 0
125500, 1619003, 1, 0, 0
125600, 1606930, 1, 0, 0
125701, 1615200, 1, 0, 0
125800, 1654435, 1, 0, 0
125902, 1556777, 1, 0, 0
126001, 1672458, 1, 0, 0
126100, 1588364, 1, 0, 0
126200, 1530542, 1, 0, 0
126300, 1525501, 1, 0, 0
126401, 1606107, 1, 0, 0
126501, 1559932, 1, 0, 0
126600, 1607982, 1, 0, 0
126700, 1524174, 1, 0, 0
126800, 1511495, 1, 0, 0
126903, 1640263, 1, 0, 0
127000, 1614443, 1, 0, 0
127101, 1533657, 1, 0, 0
127201, 1489739, 1, 0, 0
127301, 1449072, 1, 0, 0
127400, 1549361, 1, 0, 0
127501, 1535010, 1, 0, 0
127600, 1632869, 1, 0, 0
127700, 1672008, 1, 0, 0
127801, 1560608, 1, 0, 0
127901, 1580797, 1, 0, 0
128001, 1651691, 1, 0, 0
128100, 1553467, 1, 0, 0
128203, 1555001, 1, 0, 0
128301, 1496216, 1, 0, 0
128401, 1465772, 1, 0, 0
128500, 1526501, 1, 0, 0
128600, 1601780, 1, 0, 0
128700, 1563138, 1, 0, 0
128800, 1672361, 1, 0, 0
128900, 1546460, 1, 0, 0
129000, 1731906, 1, 0, 0
129100, 1689182, 1, 0, 0
129201, 1590790, 1, 0, 0
129301, 1565935, 1, 0, 0
129400, 1598132, 1, 0, 0
129501, 1719588, 1, 0, 0
129600, 1600610, 1, 0, 0
129701, 1636102, 1, 0, 0
129801, 1641120, 1, 0, 0
129900, 1553490, 1, 0, 0
130000, 1620395, 1, 0, 0
130100, 1645705, 1, 0, 0
130201, 1674761, 1, 0, 0
130301, 1676408, 1, 0, 0
130401, 1590432, 1, 0, 0
130501, 1571628, 1, 0, 0
130600, 1717102, 1, 0, 0
130700, 1591922, 1, 0, 0
130801, 1718198, 1, 0, 0
130900, 1478659, 1, 0, 0
131000, 1589251, 1, 0, 0
131101, 1603939, 1, 0, 0
131200, 1688695, 1, 0, 0
131300, 1538536, 1, 0, 0
131401, 1675362, 1, 0, 0
131500, 1670149, 1, 0, 0
131602, 1560852, 1, 0, 0
131700, 1588427, 1, 0, 0
131800, 1559653, 1, 0, 0
131900, 1544610, 1, 0, 0
132001, 1707342, 1, 0, 0
132100, 1536735, 1, 0, 0
132200, 1636793, 1, 0, 0
132300, 1682865, 1, 0, 0
132400, 1561094, 1, 0, 0
132500, 1623340, 1, 0, 0
132601, 1548523, 1, 0, 0
132700, 1632391, 1, 0, 0
132800, 1672363, 1, 0, 0
132900, 1619433, 1, 0, 0
133003, 1685721, 1, 0, 0
133100, 1578001, 1, 0, 0
133201, 1624338, 1, 0, 0
133300, 1772393, 1, 0, 0
133400, 1623189, 1, 0, 0
133500, 1610974, 1, 0, 0
133601, 1633735, 1, 0, 0
133700, 1606264, 1, 0, 0
133800, 1681988, 1, 0, 0
133900, 1642975, 1, 0, 0
134001, 1628739, 1, 0, 0
134100, 1546236, 1, 0, 0
134200, 1597232, 1, 0, 0
134301, 1635931, 1, 0, 0
134400, 1653576, 1, 0, 0
134500, 1667962, 1, 0, 0
134601, 1615489, 1, 0, 0
134701, 1726111, 1, 0, 0
134802, 1720140, 1, 0, 0
134901, 1808898, 1, 0, 0
135000, 1759754, 1, 0, 0
135100, 1645319, 1, 0, 0
135200, 1604523, 1, 0, 0
135301, 1779972, 1, 0, 0
135400, 1582065, 1, 0, 0
135501, 1655146, 1, 0, 0
135600, 1574694, 1, 0, 0
135701, 1607049, 1, 0, 0
135800, 1610297, 1, 0, 0
135900, 1689150, 1, 0, 0
136000, 1537275, 1, 0, 0
136100, 1701943, 1, 0, 0
136201, 1588049, 1, 0, 0
136300, 1553945, 1, 0, 0
136401, 1650048, 1, 0, 0
136500, 1696893, 1, 0, 0
136601, 1648095, 1, 0, 0
136700, 1578831, 1, 0, 0
136801, 1596800, 1, 0, 0
136900, 1574652, 1, 0, 0
137000, 1630030, 1, 0, 0
137100, 1763286, 1, 0, 0
137201, 1579422, 1, 0, 0
137301, 1512374, 1, 0, 0
137401, 1562974, 1, 0, 0
137502, 1614438, 1, 0, 0
137600, 1723032, 1, 0, 0
137700, 1648043, 1, 0, 0
137801, 1743856, 1, 0, 0
137901, 1638313, 1, 0, 0
138001, 1651973, 1, 0, 0
138102, 1742641, 1, 0, 0
138200, 1647752, 1, 0, 0
138300, 1697866, 1, 0, 0
138401, 1684033, 1, 0, 0
138500, 1666060, 1, 0, 0
138600, 1699434, 1, 0, 0
138700, 1637389, 1, 0, 0
138800, 1802081, 1, 0, 0
138900, 1648022, 1, 0, 0
139001, 1599500, 1, 0, 0
139101, 1620969, 1, 0, 0
139202, 1609607, 1, 0, 0
139300, 1644639, 1, 0, 0
139401, 1547674, 1, 0, 0
139501, 1572066, 1, 0, 0
139601, 1669913, 1, 0, 0
139701, 1790771, 1, 0, 0
139800, 1670106, 1, 0, 0
139901, 1648142, 1, 0, 0
140000, 1606105, 1, 0, 0
140100, 1593663, 1, 0, 0
140200, 1652898, 1, 0, 0
140300, 1553046, 1, 0, 0
140401, 1784023, 1, 0, 0
140500, 1607644, 1, 0, 0
140600, 1589798, 1, 0, 0
140700, 1653616, 1, 0, 0
140800, 1849026, 1, 0, 0
140901, 1756920, 1, 0, 0
141000, 1711713, 1, 0, 0
141100, 1672720, 1, 0, 0
141200, 1502963, 1, 0, 0
141300, 1643854, 1, 0, 0
141400, 1594311, 1, 0, 0
141501, 1718737, 1, 0, 0
141600, 1769041, 1, 0, 0
141700, 1625861, 1, 0, 0
141800, 1590349, 1, 0, 0
141900, 1603944, 1, 0, 0
142000, 1600473, 1, 0, 0
142100, 1699091, 1, 0, 0
142200, 1566781, 1, 0, 0
142300, 1660455, 1, 0, 0
142401, 1692241, 1, 0, 0
142500, 1664623, 1, 0, 0
142600, 1641311, 1, 0, 0
142700, 1678741, 1, 0, 0
142801, 1598284, 1, 0, 0
142901, 1596153, 1, 0, 0
143000, 1629099, 1, 0, 0
143100, 1584153, 1, 0, 0
143200, 1675331, 1, 0, 0
143301, 1580197, 1, 0, 0
143401, 1700266, 1, 0, 0
143503, 1677344, 1, 0, 0
143601, 1634405, 1, 0, 0
143702, 1691220, 1, 0, 0
143801, 1717805, 1, 0, 0
143900, 1634827, 1, 0, 0
144001, 1710234, 1, 0, 0
144101, 1646984, 1, 0, 0
144201, 1672306, 1, 0, 0
144302, 1522318, 1, 0, 0
144401, 1542072, 1, 0, 0
144500, 1604516, 1, 0, 0
144600, 1514432, 1, 0, 0
144703, 1759012, 1, 0, 0
144800, 1687752, 1, 0, 0
144900, 1530453, 1, 0, 0
145000, 1740455, 1, 0, 0
145101, 1552016, 1, 0, 0
145200, 1562630, 1, 0, 0
145300, 1605186, 1, 0, 0
145400, 1526084, 1, 0, 0
145500, 1555456, 1, 0, 0
145600, 1567653, 1, 0, 0
145701, 1641450, 1, 0, 0
145800, 1710608, 1, 0, 0
145900, 1655926, 1, 0, 0
146000, 1532152, 1, 0, 0
146100, 1648460, 1, 0, 0
146200, 1650518, 1, 0, 0
146300, 1566733, 1, 0, 0
146401, 1548790, 1, 0, 0
146501, 1678353, 1, 0, 0
146600, 1557589, 1, 0, 0
146700, 1616595, 1, 0, 0
146800, 1509121, 1, 0, 0
146901, 1642710, 1, 0, 0
147002, 1747658, 1, 0, 0
147100, 1650654, 1, 0, 0
147200, 1733545, 1, 0, 0
147303, 1553190, 1, 0, 0
147400, 1780501, 1, 0, 0
147501, 1530554, 1, 0, 0
147601, 1593138, 1, 0, 0
147701, 1564057, 1, 0, 0
147800, 1659166, 1, 0, 0
147902, 1486339, 1, 0, 0
148000, 1566253, 1, 0, 0
148101, 1546203, 1, 0, 0
148200, 1611562, 1, 0, 0
148301, 1550676, 1, 0, 0
148400, 1486001, 1, 0, 0
148501, 1735255, 1, 0, 0
148601, 1523416, 1, 0, 0
148701, 1592329, 1, 0, 0
148800, 1526725, 1, 0, 0
148900, 1613344, 1, 0, 0
149000, 1605874, 1, 0, 0
149101, 1499725, 1, 0, 0
149200, 1602745, 1, 0, 0
149301, 1533036, 1, 0, 0
149400, 1527402, 1, 0, 0
149500, 1496779, 1, 0, 0
149600, 1566551, 1, 0, 0
149700, 1448921, 1, 0, 0
149800, 1672736, 1, 0, 0
149900, 1528913, 1, 0, 0
150001, 1664167, 1, 0, 0
150100, 1664555, 1, 0, 0
150201, 1626557, 1, 0, 0
150300, 1663274, 1, 0, 0
150400, 1589614, 1, 0, 0
150501, 1531157, 1, 0, 0
150600, 1573531, 1, 0, 0
150700, 1564989, 1, 0, 0
150801, 1532623, 1, 0, 0
150900, 1685555, 1, 0, 0
151001, 1527098, 1, 0, 0
151100, 1522057, 1, 0, 0
151200, 1525663, 1, 0, 0
151300, 1494974, 1, 0, 0
151400, 1615701, 1, 0, 0
151500, 1590674, 1, 0, 0
151601, 1579711, 1, 0, 0
151700, 1557590, 1, 0, 0
151801, 1573274, 1, 0, 0
151900, 1577732, 1, 0, 0
152000, 1562546, 1, 0, 0
152100, 1581046, 1, 0, 0
152200, 1635078, 1, 0, 0
152301, 1691167, 1, 0, 0
152400, 1605758, 1, 0, 0
152500, 1560706, 1, 0, 0
152600, 1529582, 1, 0, 0
152700, 1531441, 1, 0, 0
152801, 1462941, 1, 0, 0
152901, 1702171, 1, 0, 0
153001, 1522608, 1, 0, 0
153101, 1542373, 1, 0, 0
153200, 1608026, 1, 0, 0
153300, 1702380, 1, 0, 0
153401, 1678347, 1, 0, 0
153500, 1557364, 1, 0, 0
153600, 1585792, 1, 0, 0
153700, 1552061, 1, 0, 0
153801, 1601863, 1, 0, 0
153901, 1724381, 1, 0, 0
154000, 1611341, 1, 0, 0
154100, 1558758, 1, 0, 0
154201, 1698588, 1, 0, 0
154300, 1641968, 1, 0, 0
154401, 1557086, 1, 0, 0
154501, 1569496, 1, 0, 0
154600, 1532898, 1, 0, 0
154700, 1599622, 1, 0, 0
154800, 1527156, 1, 0, 0
154900, 1535591, 1, 0, 0
155000, 1528071, 1, 0, 0
155101, 1561974, 1, 0, 0
155200, 1630553, 1, 0, 0
155301, 1523913, 1, 0, 0
155400, 1529441, 1, 0, 0
155500, 1591336, 1, 0, 0
155600, 1702112, 1, 0, 0
155700, 1593493, 1, 0, 0
155800, 1494851, 1, 0, 0
155901, 1629351, 1, 0, 0
156001, 1566549, 1, 0, 0
156100, 1552808, 1, 0, 0
156201, 1544083, 1, 0, 0
156301, 1551296, 1, 0, 0
156400, 1471788, 1, 0, 0
156501, 1561912, 1, 0, 0
156600, 1574377, 1, 0, 0
156700, 1466390, 1, 0, 0
156800, 1596708, 1, 0, 0
156901, 1526456, 1, 0, 0
157000, 1553065, 1, 0, 0
157100, 1491871, 1, 0, 0
157200, 1573066, 1, 0, 0
157300, 1586552, 1, 0, 0
157403, 1699087, 1, 0, 0
157501, 1665708, 1, 0, 0
157600, 1548868, 1, 0, 0
157700, 1520588, 1, 0, 0
157800, 1570510, 1, 0, 0
157900, 1729092, 1, 0, 0
158001, 1587291, 1, 0, 0
158101, 1589506, 1, 0, 0
158200, 1606744, 1, 0, 0
158300, 1514458, 1, 0, 0
158400, 1547175, 1, 0, 0
158501, 1595189, 1, 0, 0
158600, 1555261, 1, 0, 0
158700, 1707018, 1, 0, 0
158800, 1581464, 1, 0, 0
158900, 1658998, 1, 0, 0
159002, 1519183, 1, 0, 0
159100, 1526474, 1, 0, 0
159201, 1549591, 1, 0, 0
159301, 1522463, 1, 0, 0
159400, 1541208, 1, 0, 0
159500, 1538014, 1, 0, 0
159600, 1503179, 1, 0, 0
159701, 1572503, 1, 0, 0
159800, 1631679, 1, 0, 0
159900, 1590290, 1, 0, 0
160001, 1607377, 1, 0, 0
160100, 1529187, 1, 0, 0
160200, 1567713, 1, 0, 0
160301, 1549136, 1, 0, 0
160400, 1608888, 1, 0, 0
160501, 1578645, 1, 0, 0
160601, 1643475, 1, 0, 0
160700, 1504031, 1, 0, 0
160800, 1565270, 1, 0, 0
160901, 1578968, 1, 0, 0
161000, 1560898, 1, 0, 0
161100, 1579784, 1, 0, 0
161200, 1518514, 1, 0, 0
161300, 1593917, 1, 0, 0
161401, 1552835, 1, 0, 0
161501, 1674466, 1, 0, 0
161600, 1662254, 1, 0, 0
161703, 1722220, 1, 0, 0
161802, 1630044, 1, 0, 0
161901, 1648385, 1, 0, 0
162000, 1631741, 1, 0, 0
162100, 1674670, 1, 0, 0
162200, 1518460, 1, 0, 0
162300, 1667637, 1, 0, 0
162401, 1637840, 1, 0, 0
162500, 1664595, 1, 0, 0
162600, 1592715, 1, 0, 0
162700, 1584484, 1, 0, 0
162802, 1570853, 1, 0, 0
162901, 1664032, 1, 0, 0
163000, 1523874, 1, 0, 0
163100, 1615681, 1, 0, 0
163200, 1502642, 1, 0, 0
163302, 1510883, 1, 0, 0
163407, 1621356, 1, 0, 0
163501, 1569929, 1, 0, 0
163601, 1569173, 1, 0, 0
163700, 1624104, 1, 0, 0
163800, 1592446, 1, 0, 0
163901, 1559146, 1, 0, 0
164000, 1582835, 1, 0, 0
164101, 1562943, 1, 0, 0
164200, 1562508, 1, 0, 0
164301, 1533374, 1, 0, 0
164401, 1566692, 1, 0, 0
164501, 1591696, 1, 0, 0
164600, 1553572, 1, 0, 0
164701, 1661079, 1, 0, 0
164801, 1596614, 1, 0, 0
164901, 1614055, 1, 0, 0
165000, 1524889, 1, 0, 0
165101, 1586846, 1, 0, 0
165201, 1617194, 1, 0, 0
165300, 1559133, 1, 0, 0
165400, 1694758, 1, 0, 0
165500, 1504641, 1, 0, 0
165600, 1610758, 1, 0, 0
165700, 1542783, 1, 0, 0
165800, 1737531, 1, 0, 0
165900, 1618417, 1, 0, 0
166000, 1622492, 1, 0, 0
166102, 1587445, 1, 0, 0
166200, 1654223, 1, 0, 0
166300, 1561077, 1, 0, 0
166400, 1559621, 1, 0, 0
166501, 1636554, 1, 0, 0
166601, 1616191, 1, 0, 0
166700, 1536369, 1, 0, 0
166801, 1557591, 1, 0, 0
166900, 1595821, 1, 0, 0
167000, 1621973, 1, 0, 0
167100, 1533566, 1, 0, 0
167201, 1609861, 1, 0, 0
167302, 1691285, 1, 0, 0
167400, 1559027, 1, 0, 0
167501, 1508326, 1, 0, 0
167600, 1548143, 1, 0, 0
167701, 1620676, 1, 0, 0
167800, 1594719, 1, 0, 0
167900, 1647346, 1, 0, 0
168002, 1563207, 1, 0, 0
168101, 1505804, 1, 0, 0
168200, 1584531, 1, 0, 0
168300, 1512997, 1, 0, 0
168400, 1623734, 1, 0, 0
168502, 1501720, 1, 0, 0
168601, 1711431, 1, 0, 0
168700, 1525576, 1, 0, 0
168801, 1576311, 1, 0, 0
168901, 1588659, 1, 0, 0
169001, 1680054, 1, 0, 0
169101, 1546960, 1, 0, 0
169201, 1534371, 1, 0, 0
169301, 1539514, 1, 0, 0
169400, 1507138, 1, 0, 0
169500, 1473345, 1, 0, 0
169601, 1632390, 1, 0, 0
169701, 1610505, 1, 0, 0
169801, 1616209, 1, 0, 0
169900, 1655812, 1, 0, 0
170000, 1456115, 1, 0, 0
170102, 1623808, 1, 0, 0
170200, 1536468, 1, 0, 0
170302, 1642812, 1, 0, 0
170401, 1536345, 1, 0, 0
170501, 1640422, 1, 0, 0
170600, 1580674, 1, 0, 0
170701, 1551765, 1, 0, 0
170800, 1523541, 1, 0, 0
170901, 1532899, 1, 0, 0
171000, 1555387, 1, 0, 0
171100, 1571594, 1, 0, 0
171200, 1588273, 1, 0, 0
171301, 1535580, 1, 0, 0
171401, 1646037, 1, 0, 0
171500, 1539698, 1, 0, 0
171601, 1565718, 1, 0, 0
171700, 1571836, 1, 0, 0
171801, 1548826, 1, 0, 0
171900, 1658287, 1, 0, 0
172001, 1644912, 1, 0, 0
172105, 1592607, 1, 0, 0
172201, 1608157, 1, 0, 0
172301, 1547195, 1, 0, 0
172400, 1608858, 1, 0, 0
172500, 1554657, 1, 0, 0
172600, 1593707, 1, 0, 0
172701, 1467393, 1, 0, 0
172800, 1549767, 1, 0, 0
172900, 1549750, 1, 0, 0
173000, 1607302, 1, 0, 0
173100, 1523394, 1, 0, 0
173201, 1551490, 1, 0, 0
173300, 1636940, 1, 0, 0
173400, 1567334, 1, 0, 0
173500, 1663552, 1, 0, 0
173600, 1770328, 1, 0, 0
173701, 1658181, 1, 0, 0
173800, 1694950, 1, 0, 0
173901, 1571658, 1, 0, 0
174001, 1738831, 1, 0, 0
174100, 1498426, 1, 0, 0
174202, 1713502, 1, 0, 0
174300, 1635749, 1, 0, 0
174401, 1630009, 1, 0, 0
174501, 1626503, 1, 0, 0
174600, 1652579, 1, 0, 0
174701, 1555932, 1, 0, 0
174800, 1601650, 1, 0, 0
174901, 1638903, 1, 0, 0
175000, 1630515, 1, 0, 0
175101, 1547550, 1, 0, 0
175200, 1582611, 1, 0, 0
175300, 1699678, 1, 0, 0
175400, 1582876, 1, 0, 0
175500, 1648655, 1, 0, 0
175601, 1667836, 1, 0, 0
175700, 1530657, 1, 0, 0
175800, 1619430, 1, 0, 0
175901, 1599865, 1, 0, 0
176000, 1575235, 1, 0, 0
176101, 1581624, 1, 0, 0
176201, 1617463, 1, 0, 0
176300, 1510980, 1, 0, 0
176400, 1613115, 1, 0, 0
176501, 1661220, 1, 0, 0
176601, 1524533, 1, 0, 0
176700, 1517161, 1, 0, 0
176800, 1650793, 1, 0, 0
176902, 1605893, 1, 0, 0
177000, 1560278, 1, 0, 0
177101, 1574305, 1, 0, 0
177200, 1527046, 1, 0, 0
177301, 1639745, 1, 0, 0
177401, 1664093, 1, 0, 0
177500, 1535778, 1, 0, 0
177601, 1655403, 1, 0, 0
177700, 1671293, 1, 0, 0
177800, 1616287, 1, 0, 0
177900, 1540941, 1, 0, 0
178000, 1617585, 1, 0, 0
178100, 1559247, 1, 0, 0
178200, 1625197, 1, 0, 0
178300, 1519520, 1, 0, 0
178401, 1528550, 1, 0, 0
178500, 1534574, 1, 0, 0
178601, 1567742, 1, 0, 0
178701, 1677931, 1, 0, 0
178800, 1559589, 1, 0, 0
178901, 1645498, 1, 0, 0
179000, 1557242, 1, 0, 0
179100, 1702308, 1, 0, 0
179200, 1538406, 1, 0, 0
179301, 1607228, 1, 0, 0
179401, 1544719, 1, 0, 0
179500, 1551628, 1, 0, 0
179600, 1544062, 1, 0, 0
179700, 1648222, 1, 0, 0
179801, 1592527, 1, 0, 0
179900, 1587811, 1, 0, 0
180003, 1713155, 1, 0, 0
180100, 1464020, 1, 0, 0
180200, 1539485, 1, 0, 0
180300, 1590265, 1, 0, 0
180400, 1591639, 1, 0, 0
180501, 1648532, 1, 0, 0
180600, 1558686, 1, 0, 0
180702, 1567459, 1, 0, 0
180801, 1601762, 1, 0, 0
180900, 1742506, 1, 0, 0
181000, 1545300, 1, 0, 0
181101, 1691462, 1, 0, 0
181200, 1577523, 1, 0, 0
181301, 1604226, 1, 0, 0
181400, 1661177, 1, 0, 0
181500, 1669017, 1, 0, 0
181601, 1504947, 1, 0, 0
181700, 1666243, 1, 0, 0
181800, 1636670, 1, 0, 0
181900, 1619217, 1, 0, 0
182002, 1623891, 1, 0, 0
182101, 1649897, 1, 0, 0
182201, 1640375, 1, 0, 0
182300, 1614620, 1, 0, 0
182401, 1592178, 1, 0, 0
182500, 1577821, 1, 0, 0
182601, 1667954, 1, 0, 0
182700, 1555121, 1, 0, 0
182803, 1599928, 1, 0, 0
182900, 1638081, 1, 0, 0
183001, 1595827, 1, 0, 0
183101, 1553726, 1, 0, 0
183201, 1634137, 1, 0, 0
183301, 1568610, 1, 0, 0
183400, 1632910, 1, 0, 0
183500, 1581525, 1, 0, 0
183600, 1574631, 1, 0, 0
183702, 1707762, 1, 0, 0
183800, 1768051, 1, 0, 0
183900, 1567889, 1, 0, 0
184000, 1642696, 1, 0, 0
184100, 1641198, 1, 0, 0
184200, 1572841, 1, 0, 0
184300, 1643357, 1, 0, 0
184401, 1623776, 1, 0, 0
184501, 1572618, 1, 0, 0
184600, 1603495, 1, 0, 0
184701, 1577245, 1, 0, 0
184801, 1545565, 1, 0, 0
184901, 1736909, 1, 0, 0
185000, 1553941, 1, 0, 0
185100, 1643688, 1, 0, 0
185200, 1545199, 1, 0, 0
185300, 1790177, 1, 0, 0
185400, 1586350, 1, 0, 0
185500, 1679557, 1, 0, 0
185600, 1561250, 1, 0, 0
185700, 1604036, 1, 0, 0
185800, 1762675, 1, 0, 0
185901, 1659196, 1, 0, 0
186001, 1724365, 1, 0, 0
186101, 1652407, 1, 0, 0
186200, 1625516, 1, 0, 0
186301, 1852340, 1, 0, 0
186401, 1640964, 1, 0, 0
186500, 1584489, 1, 0, 0
186600, 1611867, 1, 0, 0
186700, 1625259, 1, 0, 0
186800, 1613419, 1, 0, 0
186900, 1503218, 1, 0, 0
187001, 1623509, 1, 0, 0
187101, 1619291, 1, 0, 0
187201, 1620556, 1, 0, 0
187300, 1556438, 1, 0, 0
187400, 1789417, 1, 0, 0
187500, 1617506, 1, 0, 0
187601, 1561199, 1, 0, 0
187701, 1590773, 1, 0, 0
187800, 1647042, 1, 0, 0
187900, 1615741, 1, 0, 0
188002, 1545586, 1, 0, 0
188100, 1651200, 1, 0, 0
188200, 1565784, 1, 0, 0
188300, 1547149, 1, 0, 0
188401, 1781177, 1, 0, 0
188501, 1562097, 1, 0, 0
188600, 1674654, 1, 0, 0
188700, 1707668, 1, 0, 0
188801, 1635344, 1, 0, 0
188902, 1595836, 1, 0, 0
189000, 1644398, 1, 0, 0
189101, 1532125, 1, 0, 0
189201, 1637041, 1, 0, 0
189301, 1620638, 1, 0, 0
189401, 1532609, 1, 0, 0
189500, 1628702, 1, 0, 0
189600, 1619967, 1, 0, 0
189700, 1646129, 1, 0, 0
189800, 1539702, 1, 0, 0
189900, 1607935, 1, 0, 0
190000, 1521205, 1, 0, 0
190100, 1679628, 1, 0, 0
190200, 1664667, 1, 0, 0
190300, 1620021, 1, 0, 0
190401, 1579009, 1, 0, 0
190501, 1586999, 1, 0, 0
190600, 1663554, 1, 0, 0
190701, 1624502, 1, 0, 0
190800, 1629828, 1, 0, 0
190901, 1660018, 1, 0, 0
191000, 1628905, 1, 0, 0
191100, 1590070, 1, 0, 0
191201, 1563407, 1, 0, 0
191301, 1617382, 1, 0, 0
191400, 1602478, 1, 0, 0
191500, 1616889, 1, 0, 0
191600, 1651482, 1, 0, 0
191701, 1521789, 1, 0, 0
191800, 1638542, 1, 0, 0
191901, 1627268, 1, 0, 0
192000, 1664760, 1, 0, 0
192101, 1663814, 1, 0, 0
192201, 1551908, 1, 0, 0
192301, 1494394, 1, 0, 0
192400, 1608453, 1, 0, 0
192501, 1559522, 1, 0, 0
192601, 1584780, 1, 0, 0
192700, 1627526, 1, 0, 0
192800, 1563404, 1, 0, 0
192900, 1565453, 1, 0, 0
193000, 1542797, 1, 0, 0
193101, 1663634, 1, 0, 0
193200, 1558770, 1, 0, 0
193300, 1607924, 1, 0, 0
193400, 1597356, 1, 0, 0
193501, 1756565, 1, 0, 0
193601, 1581075, 1, 0, 0
193700, 1749150, 1, 0, 0
193801, 1601058, 1, 0, 0
193901, 1564899, 1, 0, 0
194001, 1540699, 1, 0, 0
194100, 1657347, 1, 0, 0
194200, 1682790, 1, 0, 0
194300, 1559125, 1, 0, 0
194400, 1671535, 1, 0, 0
194500, 1617620, 1, 0, 0
194600, 1546636, 1, 0, 0
194700, 1535254, 1, 0, 0
194800, 1627341, 1, 0, 0
194901, 1602067, 1, 0, 0
195000, 1533057, 1, 0, 0
195101, 1554563, 1, 0, 0
195200, 1527190, 1, 0, 0
195301, 1629835, 1, 0, 0
195400, 1528102, 1, 0, 0
195500, 1624284, 1, 0, 0
195601, 1576414, 1, 0, 0
195700, 1592797, 1, 0, 0
195801, 1509519, 1, 0, 0
195900, 1549004, 1, 0, 0
196000, 1595843, 1, 0, 0
196100, 1498338, 1, 0, 0
196200, 1666450, 1, 0, 0
196300, 1571564, 1, 0, 0
196401, 1677569, 1, 0, 0
196501, 1562986, 1, 0, 0
196601, 1546719, 1, 0, 0
196700, 1595865, 1, 0, 0
196801, 1633387, 1, 0, 0
196901, 1591597, 1, 0, 0
197000, 1721905, 1, 0, 0
197101, 1551610, 1, 0, 0
197200, 1699627, 1, 0, 0
197301, 1626503, 1, 0, 0
197400, 1502239, 1, 0, 0
197500, 1559991, 1, 0, 0
197600, 1627088, 1, 0, 0
197700, 1669480, 1, 0, 0
197801, 1521757, 1, 0, 0
197900, 1655012, 1, 0, 0
198001, 1641680, 1, 0, 0
198100, 1782644, 1, 0, 0
198200, 1585874, 1, 0, 0
198301, 1682783, 1, 0, 0
198400, 1728075, 1, 0, 0
198501, 1655979, 1, 0, 0
198600, 1628448, 1, 0, 0
198700, 1643200, 1, 0, 0
198800, 1677230, 1, 0, 0
198901, 1752127, 1, 0, 0
199000, 1656723, 1, 0, 0
199100, 1644185, 1, 0, 0
199200, 1624287, 1, 0, 0
199300, 1662141, 1, 0, 0
199401, 1615318, 1, 0, 0
199501, 1623469, 1, 0, 0
199600, 1570774, 1, 0, 0
199700, 1653655, 1, 0, 0
199801, 1602294, 1, 0, 0
199901, 1639292, 1, 0, 0
200000, 1634863, 1, 0, 0
200100, 1592177, 1, 0, 0
200200, 1597444, 1, 0, 0
200300, 1611854, 1, 0, 0
200400, 1693783, 1, 0, 0
200500, 1602426, 1, 0, 0
200600, 1614082, 1, 0, 0
200701, 1676510, 1, 0, 0
200801, 1586064, 1, 0, 0
200900, 1651652, 1, 0, 0
201000, 1805328, 1, 0, 0
201100, 1604681, 1, 0, 0
201201, 1640128, 1, 0, 0
201301, 1640199, 1, 0, 0
201401, 1703634, 1, 0, 0
201500, 1556271, 1, 0, 0
201600, 1670449, 1, 0, 0
201700, 1588787, 1, 0, 0
201801, 1597397, 1, 0, 0
201900, 1590345, 1, 0, 0
202000, 1605742, 1, 0, 0
202100, 1685764, 1, 0, 0
202200, 1590456, 1, 0, 0
202300, 1577209, 1, 0, 0
202401, 1669313, 1, 0, 0
202500, 1545512, 1, 0, 0
202601, 1659287, 1, 0, 0
202700, 1556343, 1, 0, 0
202800, 1543265, 1, 0, 0
202900, 1494873, 1, 0, 0
203001, 1601329, 1, 0, 0
203101, 1520587, 1, 0, 0
203200, 1608515, 1, 0, 0
203300, 1540264, 1, 0, 0
203400, 1597083, 1, 0, 0
203500, 1537497, 1, 0, 0
203602, 1699013, 1, 0, 0
203700, 1620400, 1, 0, 0
203800, 1564284, 1, 0, 0
203900, 1514156, 1, 0, 0
204000, 1603850, 1, 0, 0
204100, 1613663, 1, 0, 0
204200, 1570546, 1, 0, 0
204300, 1734795, 1, 0, 0
204400, 1508575, 1, 0, 0
204501, 1699452, 1, 0, 0
204601, 1534704, 1, 0, 0
204700, 1690413, 1, 0, 0
204801, 1588773, 1, 0, 0
204900, 1516905, 1, 0, 0
205001, 1639853, 1, 0, 0
205100, 1544969, 1, 0, 0
205200, 1550780, 1, 0, 0
205300, 1612696, 1, 0, 0
205400, 1568304, 1, 0, 0
205501, 1506476, 1, 0, 0
205601, 1674235, 1, 0, 0
205701, 1587315, 1, 0, 0
205800, 1622438, 1, 0, 0
205901, 1609503, 1, 0, 0
206001, 1523795, 1, 0, 0
206100, 1633941, 1, 0, 0
206201, 1688484, 1, 0, 0
206301, 1663702, 1, 0, 0
206401, 1541177, 1, 0, 0
206500, 1560116, 1, 0, 0
206600, 1634560, 1, 0, 0
206701, 1584266, 1, 0, 0
206801, 1627630, 1, 0, 0
206900, 1565476, 1, 0, 0
207001, 1514743, 1, 0, 0
207100, 1636148, 1, 0, 0
207200, 1579236, 1, 0, 0
207301, 1581043, 1, 0, 0
207400, 1575124, 1, 0, 0
207501, 1583711, 1, 0, 0
207601, 1569123, 1, 0, 0
207700, 1584096, 1, 0, 0
207800, 1559528, 1, 0, 0
207901, 1479410, 1, 0, 0
208000, 1511670, 1, 0, 0
208101, 1549541, 1, 0, 0
208201, 1804126, 1, 0, 0
208301, 1588822, 1, 0, 0
208401, 1642038, 1, 0, 0
208500, 1610091, 1, 0, 0
208601, 1604406, 1, 0, 0
208700, 1645905, 1, 0, 0
208800, 1697122, 1, 0, 0
208900, 1572860, 1, 0, 0
209001, 1660544, 1, 0, 0
209100, 1656432, 1, 0, 0
209201, 1532838, 1, 0, 0
209301, 1665220, 1, 0, 0
209401, 1670360, 1, 0, 0
209501, 1736056, 1, 0, 0
209600, 1741270, 1, 0, 0
209700, 1682922, 1, 0, 0
209800, 1621802, 1, 0, 0
209901, 1678150, 1, 0, 0
210001, 1572968, 1, 0, 0
210100, 1631548, 1, 0, 0
210200, 1741843, 1, 0, 0
210301, 1648046, 1, 0, 0
210401, 1594837, 1, 0, 0
210500, 1641875, 1, 0, 0
210600, 1610355, 1, 0, 0
210701, 1668083, 1, 0, 0
210801, 1614264, 1, 0, 0
210900, 1662302, 1, 0, 0
211001, 1591518, 1, 0, 0
211101, 1564662, 1, 0, 0
211200, 1535482, 1, 0, 0
211300, 1664565, 1, 0, 0
211401, 1570224, 1, 0, 0
211500, 1586027, 1, 0, 0
211600, 1637651, 1, 0, 0
211700, 1492148, 1, 0, 0
211801, 1608870, 1, 0, 0
211900, 1608629, 1, 0, 0
212000, 1555892, 1, 0, 0
212101, 1659955, 1, 0, 0
212201, 1652352, 1, 0, 0
212300, 1634271, 1, 0, 0
212401, 1547083, 1, 0, 0
212501, 1568732, 1, 0, 0
212601, 1597267, 1, 0, 0
212700, 1718349, 1, 0, 0
212800, 1730103, 1, 0, 0
212901, 1628155, 1, 0, 0
213002, 1539847, 1, 0, 0
213100, 1561120, 1, 0, 0
213201, 1621682, 1, 0, 0
213300, 1631040, 1, 0, 0
213401, 1557513, 1, 0, 0
213500, 1666125, 1, 0, 0
213600, 1638838, 1, 0, 0
213701, 1612329, 1, 0, 0
213801, 1665608, 1, 0, 0
213900, 1685917, 1, 0, 0
214000, 1594145, 1, 0, 0
214100, 1501535, 1, 0, 0
214200, 1587669, 1, 0, 0
214300, 1572533, 1, 0, 0
214400, 1537927, 1, 0, 0
214500, 1691983, 1, 0, 0
214600, 1564879, 1, 0, 0
214701, 1609793, 1, 0, 0
214801, 1652704, 1, 0, 0
214900, 1571746, 1, 0, 0
215000, 1572099, 1, 0, 0
215100, 1609233, 1, 0, 0
215200, 1598459, 1, 0, 0
215300, 1522131, 1, 0, 0
215400, 1634492, 1, 0, 0
215501, 1641005, 1, 0, 0
215600, 1629382, 1, 0, 0
215700, 1612584, 1, 0, 0
215801, 1587305, 1, 0, 0
215900, 1557385, 1, 0, 0
216000, 1469614, 1, 0, 0
216100, 1539696, 1, 0, 0
216201, 1500588, 1, 0, 0
216300, 1499962, 1, 0, 0
216400, 1520396, 1, 0, 0
216500, 1550853, 1, 0, 0
216600, 1610783, 1, 0, 0
216700, 1545175, 1, 0, 0
216800, 1625495, 1, 0, 0
216900, 1588817, 1, 0, 0
217000, 1573379, 1, 0, 0
217102, 1617042, 1, 0, 0
217200, 1483101, 1, 0, 0
217300, 1543914, 1, 0, 0
217400, 1693439, 1, 0, 0
217501, 1536451, 1, 0, 0
217600, 1530209, 1, 0, 0
217700, 1589005, 1, 0, 0
217800, 1564642, 1, 0, 0
217900, 1624004, 1, 0, 0
218000, 1540842, 1, 0, 0
218100, 1581565, 1, 0, 0
218201, 1557370, 1, 0, 0
218301, 1540334, 1, 0, 0
218401, 1617998, 1, 0, 0
218500, 1538025, 1, 0, 0
218601, 1599009, 1, 0, 0
218700, 1599854, 1, 0, 0
218800, 1515526, 1, 0, 0
218900, 1646511, 1, 0, 0
219001, 1525165, 1, 0, 0
219101, 1642706, 1, 0, 0
219200, 1558220, 1, 0, 0
219301, 1503513, 1, 0, 0
219400, 1572872, 1, 0, 0
219501, 1536585, 1, 0, 0
219601, 1644349, 1, 0, 0
219700, 1549560, 1, 0, 0
219801, 1586236, 1, 0, 0
219900, 1560752, 1, 0, 0
220001, 1531219, 1, 0, 0
220100, 1502115, 1, 0, 0
220200, 1669230, 1, 0, 0
220300, 1543845, 1, 0, 0
220400, 1563061, 1, 0, 0
220500, 1588296, 1, 0, 0
220600, 1515250, 1, 0, 0
220700, 1577290, 1, 0, 0
220801, 1623250, 1, 0, 0
220901, 1569210, 1, 0, 0
221000, 1530365, 1, 0, 0
221100, 1696485, 1, 0, 0
221201, 1584537, 1, 0, 0
221300, 1573513, 1, 0, 0
221401, 1555812, 1, 0, 0
221500, 1586629, 1, 0, 0
221600, 1569248, 1, 0, 0
221700, 1606859, 1, 0, 0
221800, 1552511, 1, 0, 0
221900, 1614405, 1, 0, 0
222000, 1634059, 1, 0, 0
222100, 1597412, 1, 0, 0
222201, 1604412, 1, 0, 0
222301, 1645568, 1, 0, 0
222400, 1659446, 1, 0, 0
222500, 1549610, 1, 0, 0
222600, 1530207, 1, 0, 0
222700, 1507336, 1, 0, 0
222801, 1594101, 1, 0, 0
222900, 1635222, 1, 0, 0
223000, 1566779, 1, 0, 0
223100, 1582771, 1, 0, 0
223200, 1495339, 1, 0, 0
223300, 1641218, 1, 0, 0
223400, 1526832, 1, 0, 0
223500, 1585767, 1, 0, 0
223602, 1524179, 1, 0, 0
223700, 1592676, 1, 0, 0
223800, 1516434, 1, 0, 0
223900, 1468236, 1, 0, 0
224000, 1537896, 1, 0, 0
224102, 1502159, 1, 0, 0
224200, 1532588, 1, 0, 0
224300, 1610359, 1, 0, 0
224401, 1635169, 1, 0, 0
224500, 1626399, 1, 0, 0
224600, 1596572, 1, 0, 0
224700, 1589707, 1, 0, 0
224801, 1598576, 1, 0, 0
224900, 1558874, 1, 0, 0
225001, 1623765, 1, 0, 0
225101, 1562194, 1, 0, 0
225200, 1628497, 1, 0, 0
225301, 1558451, 1, 0, 0
225400, 1713754, 1, 0, 0
225501, 1634097, 1, 0, 0
225601, 1672820, 1, 0, 0
225700, 1562308, 1, 0, 0
225800, 1676228, 1, 0, 0
225900, 1604606, 1, 0, 0
226001, 1646981, 1, 0, 0
226100, 1524596, 1, 0, 0
226202, 1580282, 1, 0, 0
226301, 1504787, 1, 0, 0
226402, 1623394, 1, 0, 0
226501, 1575859, 1, 0, 0
226600, 1668033, 1, 0, 0
226701, 1709773, 1, 0, 0
226801, 1593232, 1, 0, 0
226900, 1609641, 1, 0, 0
227001, 1681424, 1, 0, 0
227101, 1727644, 1, 0, 0
227200, 1717723, 1, 0, 0
227300, 1636071, 1, 0, 0
227401, 1504727, 1, 0, 0
227500, 1639636, 1, 0, 0
227601, 1556479, 1, 0, 0
227701, 1719696, 1, 0, 0
227800, 1562296, 1, 0, 0
227901, 1690214, 1, 0, 0
228001, 1613685, 1, 0, 0
228100, 1664384, 1, 0, 0
228200, 1527351, 1, 0, 0
228300, 1682210, 1, 0, 0
228400, 1492786, 1, 0, 0
228500, 1614384, 1, 0, 0
228601, 1526593, 1, 0, 0
228701, 1582900, 1, 0, 0
228800, 1608653, 1, 0, 0
228900, 1546662, 1, 0, 0
229000, 1527300, 1, 0, 0
229100, 1567243, 1, 0, 0
229200, 1568332, 1, 0, 0
229300, 1520419, 1, 0, 0
229400, 1588424, 1, 0, 0
229500, 1542320, 1, 0, 0
229600, 1630301, 1, 0, 0
229700, 1604507, 1, 0, 0
229801, 1543484, 1, 0, 0
229901, 1555403, 1, 0, 0
230000, 1588826, 1, 0, 0
230101, 1481382, 1, 0, 0
230201, 1510643, 1, 0, 0
230301, 1602776, 1, 0, 0
230400, 1473160, 1, 0, 0
230501, 1504347, 1, 0, 0
230600, 1535841, 1, 0, 0
230700, 1529495, 1, 0, 0
230801, 1505998, 1, 0, 0
230901, 1563659, 1, 0, 0
231001, 1515488, 1, 0, 0
231101, 1571139, 1, 0, 0
231200, 1687313, 1, 0, 0
231300, 1459644, 1, 0, 0
231401, 1619673, 1, 0, 0
231500, 1538166, 1, 0, 0
231600, 1585453, 1, 0, 0
231701, 1607277, 1, 0, 0
231800, 1526323, 1, 0, 0
231900, 1575590, 1, 0, 0
232000, 1561715, 1, 0, 0
232102, 1521757, 1, 0, 0
232200, 1646771, 1, 0, 0
232301, 1638816, 1, 0, 0
232401, 1557442, 1, 0, 0
232500, 1607057, 1, 0, 0
232602, 1495517, 1, 0, 0
232700, 1543093, 1, 0, 0
232801, 1608630, 1, 0, 0
232901, 1693250, 1, 0, 0
233000, 1553449, 1, 0, 0
233101, 1561866, 1, 0, 0
233200, 1628448, 1, 0, 0
233300, 1615560, 1, 0, 0
233400, 1594934, 1, 0, 0
233500, 1569156, 1, 0, 0
233600, 1606970, 1, 0, 0
233700, 1574851, 1, 0, 0
233801, 1678375, 1, 0, 0
233901, 1593095, 1, 0, 0
234001, 1646887, 1, 0, 0
234101, 1588468, 1, 0, 0
234200, 1790701, 1, 0, 0
234300, 1560101, 1, 0, 0
234401, 1670326, 1, 0, 0
234500, 1572529, 1, 0, 0
234600, 1568886, 1, 0, 0
234700, 1519575, 1, 0, 0
234801, 1621270, 1, 0, 0
234900, 1583668, 1, 0, 0
235000, 1619436, 1, 0, 0
235100, 1535058, 1, 0, 0
235200, 1541746, 1, 0, 0
235300, 1567200, 1, 0, 0
235400, 1621006, 1, 0, 0
235500, 1568558, 1, 0, 0
235601, 1556969, 1, 0, 0
235700, 1551712, 1, 0, 0
235800, 1571590, 1, 0, 0
235900, 1639858, 1, 0, 0
236000, 1621549, 1, 0, 0
236100, 1536001, 1, 0, 0
236200, 1580626, 1, 0, 0
236301, 1525065, 1, 0, 0
236400, 1626897, 1, 0, 0
236501, 1605638, 1, 0, 0
236600, 1698660, 1, 0, 0
236700, 1639825, 1, 0, 0
236801, 1577247, 1, 0, 0
236900, 1500045, 1, 0, 0
237000, 1550506, 1, 0, 0
237101, 1655679, 1, 0, 0
237201, 1571183, 1, 0, 0
237302, 1662485, 1, 0, 0
237401, 1651336, 1, 0, 0
237501, 1528812, 1, 0, 0
237601, 1580659, 1, 0, 0
237700, 1574766, 1, 0, 0
237800, 1546464, 1, 0, 0
237900, 1728199, 1, 0, 0
238002, 1661690, 1, 0, 0
238100, 1526781, 1, 0, 0
238200, 1620028, 1, 0, 0
238300, 1552925, 1, 0, 0
238400, 1633466, 1, 0, 0
238502, 1511799, 1, 0, 0
238600, 1532294, 1, 0, 0
238700, 1513605, 1, 0, 0
238801, 1464599, 1, 0, 0
238900, 1528209, 1, 0, 0
239002, 1597942, 1, 0, 0
239101, 1570495, 1, 0, 0
239201, 1568889, 1, 0, 0
239300, 1652791, 1, 0, 0
239400, 1546368, 1, 0, 0
239500, 1583524, 1, 0, 0
239601, 1536263, 1, 0, 0
239700, 1634698, 1, 0, 0
239800, 1557248, 1, 0, 0
239901, 1530066, 1, 0, 0
240001, 1538341, 1, 0, 0
240100, 1528952, 1, 0, 0
240200, 1597905, 1, 0, 0
240300, 1547870, 1, 0, 0
240400, 1577965, 1, 0, 0
240500, 1503684, 1, 0, 0
240600, 1562827, 1, 0, 0
240701, 1587704, 1, 0, 0
240800, 1563801, 1, 0, 0
240900, 1485540, 1, 0, 0
241001, 1521789, 1, 0, 0
241100, 1607566, 1, 0, 0
241200, 1497709, 1, 0, 0
241300, 1594791, 1, 0, 0
241400, 1467921, 1, 0, 0
241500, 1542196, 1, 0, 0
241601, 1615307, 1, 0, 0
241700, 1451203, 1, 0, 0
241800, 1470134, 1, 0, 0
241900, 1545746, 1, 0, 0
242001, 1532216, 1, 0, 0
242101, 1536936, 1, 0, 0
242200, 1507688, 1, 0, 0
242300, 1539231, 1, 0, 0
242400, 1519353, 1, 0, 0
242500, 1580372, 1, 0, 0
242600, 1540818, 1, 0, 0
242700, 1573461, 1, 0, 0
242800, 1556981, 1, 0, 0
242901, 1530994, 1, 0, 0
243000, 1512731, 1, 0, 0
243100, 1532567, 1, 0, 0
243202, 1657202, 1, 0, 0
243300, 1586455, 1, 0, 0
243400, 1523213, 1, 0, 0
243500, 1489684, 1, 0, 0
243600, 1500294, 1, 0, 0
243700, 1643802, 1, 0, 0
243801, 1554894, 1, 0, 0
243900, 1602013, 1, 0, 0
244000, 1510998, 1, 0, 0
244100, 1530797, 1, 0, 0
244200, 1544599, 1, 0, 0
244300, 1581483, 1, 0, 0
244401, 1606007, 1, 0, 0
244500, 1524166, 1, 0, 0
244601, 1637745, 1, 0, 0
244700, 1554980, 1, 0, 0
244800, 1501183, 1, 0, 0
244900, 1527263, 1, 0, 0
245000, 1602080, 1, 0, 0
245102, 1588996, 1, 0, 0
245200, 1679345, 1, 0, 0
245301, 1462347, 1, 0, 0
245401, 1554862, 1, 0, 0
245500, 1486033, 1, 0, 0
245600, 1531708, 1, 0, 0
245700, 1493270, 1, 0, 0
245800, 1457291, 1, 0, 0
245900, 1488047, 1, 0, 0
246001, 1466415, 1, 0, 0
246100, 1622720, 1, 0, 0
246200, 1523154, 1, 0, 0
246301, 1572537, 1, 0, 0
246400, 1553846, 1, 0, 0
246500, 1609748, 1, 0, 0
246601, 1424465, 1, 0, 0
246701, 1474321, 1, 0, 0
246800, 1548918, 1, 0, 0
246900, 1501743, 1, 0, 0
247000, 1563175, 1, 0, 0
247101, 1463943, 1, 0, 0
247200, 1611131, 1, 0, 0
247300, 1486687, 1, 0, 0
247400, 1573961, 1, 0, 0
247500, 1491997, 1, 0, 0
247600, 1624779, 1, 0, 0
247700, 1516991, 1, 0, 0
247801, 1545996, 1, 0, 0
247900, 1572105, 1, 0, 0
248001, 1509232, 1, 0, 0
248100, 1514742, 1, 0, 0
248200, 1634394, 1, 0, 0
248301, 1639488, 1, 0, 0
248400, 1507627, 1, 0, 0
248500, 1564970, 1, 0, 0
248601, 1629628, 1, 0, 0
248701, 1495795, 1, 0, 0
248800, 1503876, 1, 0, 0
248900, 1539752, 1, 0, 0
249000, 1543177, 1, 0, 0
249100, 1551041, 1, 0, 0
249201, 1555776, 1, 0, 0
249300, 1531411, 1, 0, 0
249401, 1524077, 1, 0, 0
249500, 1611138, 1, 0, 0
249600, 1615016, 1, 0, 0
249701, 1509042, 1, 0, 0
249800, 1598808, 1, 0, 0
249900, 1455210, 1, 0, 0
250000, 1452799, 1, 0, 0
250101, 1606561, 1, 0, 0
250200, 1571089, 1, 0, 0
250302, 1525864, 1, 0, 0
250400, 1545400, 1, 0, 0
250501, 1569814, 1, 0, 0
250601, 1591189, 1, 0, 0
250700, 1536279, 1, 0, 0
250800, 1583033, 1, 0, 0
250900, 1597965, 1, 0, 0
251000, 1620110, 1, 0, 0
251100, 1554423, 1, 0, 0
251201, 1609848, 1, 0, 0
251300, 1560380, 1, 0, 0
251401, 1621679, 1, 0, 0
251501, 1569064, 1, 0, 0
251601, 1669008, 1, 0, 0
251700, 1526538, 1, 0, 0
251800, 1653714, 1, 0, 0
251900, 1520327, 1, 0, 0
252000, 1578529, 1, 0, 0
252101, 1533442, 1, 0, 0
252200, 1532284, 1, 0, 0
252301, 1639596, 1, 0, 0
252400, 1574508, 1, 0, 0
252500, 1560970, 1, 0, 0
252601, 1509955, 1, 0, 0
252700, 1629152, 1, 0, 0
252800, 1560014, 1, 0, 0
252900, 1675964, 1, 0, 0
253001, 1509072, 1, 0, 0
253101, 1516617, 1, 0, 0
253201, 1602615, 1, 0, 0
253300, 1524389, 1, 0, 0
253401, 1484311, 1, 0, 0
253500, 1474375, 1, 0, 0
253602, 1572654, 1, 0, 0
253700, 1461912, 1, 0, 0
253800, 1577353, 1, 0, 0
253900, 1463608, 1, 0, 0
254002, 1552228, 1, 0, 0
254100, 1578009, 1, 0, 0
254200, 1569159, 1, 0, 0
254301, 1465250, 1, 0, 0
254400, 1575754, 1, 0, 0
254501, 1532045, 1, 0, 0
254600, 1560020, 1, 0, 0
254700, 1491966, 1, 0, 0
254800, 1595047, 1, 0, 0
254901, 1571751, 1, 0, 0
255001, 1544265, 1, 0, 0
255102, 1463436, 1, 0, 0
255200, 1534214, 1, 0, 0
255300, 1683961, 1, 0, 0
255401, 1478488, 1, 0, 0
255500, 1557674, 1, 0, 0
255600, 1535863, 1, 0, 0
255700, 1593518, 1, 0, 0
255801, 1558362, 1, 0, 0
255900, 1650280, 1, 0, 0
256001, 1567820, 1, 0, 0
256101, 1560843, 1, 0, 0
256200, 1530776, 1, 0, 0
256301, 1601503, 1, 0, 0
256400, 1578441, 1, 0, 0
256502, 1644462, 1, 0, 0
256600, 1671248, 1, 0, 0
256700, 1645946, 1, 0, 0
256800, 1547860, 1, 0, 0
256901, 1571019, 1, 0, 0
257001, 1651770, 1, 0, 0
257100, 1555630, 1, 0, 0
257201, 1602769, 1, 0, 0
257301, 1546387, 1, 0, 0
257400, 1541421, 1, 0, 0
257500, 1623199, 1, 0, 0
257600, 1569405, 1, 0, 0
257701, 1628469, 1, 0, 0
257800, 1527385, 1, 0, 0
257900, 1595298, 1, 0, 0
258000, 1598520, 1, 0, 0
258100, 1563760, 1, 0, 0
258201, 1602265, 1, 0, 0
258302, 1550796, 1, 0, 0
258400, 1621309, 1, 0, 0
258500, 1794328, 1, 0, 0
258600, 1645431, 1, 0, 0
258700, 1572968, 1, 0, 0
258800, 1596097, 1, 0, 0
258900, 1609506, 1, 0, 0
259000, 1584693, 1, 0, 0
259101, 1537092, 1, 0, 0
259200, 1500538, 1, 0, 0
259300, 1516697, 1, 0, 0
259400, 1685790, 1, 0, 0
259500, 1561611, 1, 0, 0
259601, 1504876, 1, 0, 0
259700, 1547469, 1, 0, 0
259800, 1552243, 1, 0, 0
259901, 1577585, 1, 0, 0
260000, 1558965, 1, 0, 0
260100, 1581003, 1, 0, 0
260202, 1576144, 1, 0, 0
260301, 1473501, 1, 0, 0
260400, 1560454, 1, 0, 0
260502, 1548586, 1, 0, 0
260600, 1550517, 1, 0, 0
260700, 1574032, 1, 0, 0
260802, 1560213, 1, 0, 0
260901, 1504607, 1, 0, 0
261002, 1660670, 1, 0, 0
261101, 1497097, 1, 0, 0
261201, 1620871, 1, 0, 0
261301, 1607396, 1, 0, 0
261401, 1640182, 1, 0, 0
261501, 1566295, 1, 0, 0
261601, 1589846, 1, 0, 0
261700, 1579595, 1, 0, 0
261800, 1567441, 1, 0, 0
261900, 1518553, 1, 0, 0
262000, 1588169, 1, 0, 0
262100, 1592194, 1, 0, 0
262200, 1553594, 1, 0, 0
262301, 1569534, 1, 0, 0
262400, 1668625, 1, 0, 0
262500, 1558707, 1, 0, 0
262601, 1629748, 1, 0, 0
262701, 1545672, 1, 0, 0
262800, 1602018, 1, 0, 0
262900, 1545110, 1, 0, 0
263000, 1488430, 1, 0, 0
263100, 1656247, 1, 0, 0
263200, 1641409, 1, 0, 0
263300, 1638635, 1, 0, 0
263401, 1581416, 1, 0, 0
263500, 1625836, 1, 0, 0
263601, 1623690, 1, 0, 0
263700, 1620358, 1, 0, 0
263800, 1573837, 1, 0, 0
263900, 1669025, 1, 0, 0
264001, 1608358, 1, 0, 0
264100, 1628900, 1, 0, 0
264200, 1662473, 1, 0, 0
264300, 1651775, 1, 0, 0
264400, 1570902, 1, 0, 0
264501, 1594550, 1, 0, 0
264601, 1529307, 1, 0, 0
264700, 1578355, 1, 0, 0
264801, 1574809, 1, 0, 0
264901, 1663885, 1, 0, 0
265001, 1498879, 1, 0, 0
265101, 1565285, 1, 0, 0
265200, 1519342, 1, 0, 0
265300, 1605433, 1, 0, 0
265400, 1688279, 1, 0, 0
265500, 1601106, 1, 0, 0
265601, 1513955, 1, 0, 0
265700, 1599254, 1, 0, 0
265800, 1539542, 1, 0, 0
265900, 1585297, 1, 0, 0
266000, 1570588, 1, 0, 0
266100, 1562563, 1, 0, 0
266200, 1576676, 1, 0, 0
266300, 1562961, 1, 0, 0
266401, 1632087, 1, 0, 0
266501, 1619407, 1, 0, 0
266600, 1558522, 1, 0, 0
266701, 1654290, 1, 0, 0
266800, 1527052, 1, 0, 0
266900, 1594110, 1, 0, 0
267001, 1605975, 1, 0, 0
267100, 1625692, 1, 0, 0
267200, 1520006, 1, 0, 0
267300, 1592524, 1, 0, 0
267400, 1677488, 1, 0, 0
267500, 1545069, 1, 0, 0
267601, 1628541, 1, 0, 0
267700, 1683748, 1, 0, 0
267801, 1485701, 1, 0, 0
267900, 1751472, 1, 0, 0
268001, 1628009, 1, 0, 0
268100, 1577845, 1, 0, 0
268200, 1564134, 1, 0, 0
268300, 1599265, 1, 0, 0
268400, 1707203, 1, 0, 0
268501, 1552898, 1, 0, 0
268602, 1594841, 1, 0, 0
268700, 1614791, 1, 0, 0
268800, 1588628, 1, 0, 0
268901, 1610706, 1, 0, 0
269001, 1538824, 1, 0, 0
269100, 1511147, 1, 0, 0
269202, 1613128, 1, 0, 0
269300, 1671635, 1, 0, 0
269401, 1576125, 1, 0, 0
269500, 1529719, 1, 0, 0
269600, 1616617, 1, 0, 0
269700, 1536499, 1, 0, 0
269800, 1614720, 1, 0, 0
269900, 1555251, 1, 0, 0
270001, 1552430, 1, 0, 0
270101, 1545545, 1, 0, 0
270200, 1595681, 1, 0, 0
270300, 1576621, 1, 0, 0
270400, 1519215, 1, 0, 0
270501, 1552990, 1, 0, 0
270601, 1615993, 1, 0, 0
270702, 1528530, 1, 0, 0
270800, 1569015, 1, 0, 0
270901, 1572532, 1, 0, 0
271001, 1619209, 1, 0, 0
271100, 1630290, 1, 0, 0
271201, 1591847, 1, 0, 0
271300, 1519876, 1, 0, 0
271401, 1754076, 1, 0, 0
271501, 1512075, 1, 0, 0
271600, 1531871, 1, 0, 0
271700, 1594160, 1, 0, 0
271801, 1483584, 1, 0, 0
271900, 1546886, 1, 0, 0
272000, 1525026, 1, 0, 0
272100, 1544752, 1, 0, 0
272200, 1530162, 1, 0, 0
272301, 1606645, 1, 0, 0
272400, 1559115, 1, 0, 0
272500, 1592003, 1, 0, 0
272600, 1618164, 1, 0, 0
272701, 1575402, 1, 0, 0
272800, 1607505, 1, 0, 0
272900, 1571640, 1, 0, 0
273001, 1658906, 1, 0, 0
273100, 1601541, 1, 0, 0
273200, 1594210, 1, 0, 0
273300, 1636438, 1, 0, 0
273401, 1560916, 1, 0, 0
273500, 1605944, 1, 0, 0
273600, 1567219, 1, 0, 0
273700, 1725609, 1, 0, 0
273800, 1648277, 1, 0, 0
273900, 1616214, 1, 0, 0
274002, 1587460, 1, 0, 0
274101, 1632247, 1, 0, 0
274200, 1527346, 1, 0, 0
274301, 1611948, 1, 0, 0
274400, 1743901, 1, 0, 0
274500, 1614480, 1, 0, 0
274600, 1593543, 1, 0, 0
274700, 1666567, 1, 0, 0
274801, 1594055, 1, 0, 0
274901, 1690756, 1, 0, 0
275000, 1556456, 1, 0, 0
275101, 1738310, 1, 0, 0
275201, 1549976, 1, 0, 0
275301, 1534471, 1, 0, 0
275401, 1495700, 1, 0, 0
275501, 1515602, 1, 0, 0
275601, 1622127, 1, 0, 0
275700, 1497194, 1, 0, 0
275800, 1654877, 1, 0, 0
275901, 1507753, 1, 0, 0
276000, 1576087, 1, 0, 0
276100, 1492095, 1, 0, 0
276200, 1615952, 1, 0, 0
276301, 1533258, 1, 0, 0
276400, 1612920, 1, 0, 0
276500, 1593167, 1, 0, 0
276600, 1630346, 1, 0, 0
276700, 1578337, 1, 0, 0
276800, 1506432, 1, 0, 0
276900, 1596596, 1, 0, 0
277001, 1556631, 1, 0, 0
277100, 1535481, 1, 0, 0
277201, 1597033, 1, 0, 0
277301, 1570450, 1, 0, 0
277401, 1562659, 1, 0, 0
277500, 1557242, 1, 0, 0
277601, 1485768, 1, 0, 0
277700, 1658734, 1, 0, 0
277800, 1610202, 1, 0, 0
277901, 1666876, 1, 0, 0
278000, 1535095, 1, 0, 0
278102, 1648419, 1, 0, 0
278200, 1487894, 1, 0, 0
278301, 1627735, 1, 0, 0
278401, 1639636, 1, 0, 0
278501, 1647045, 1, 0, 0
278600, 1576144, 1, 0, 0
278701, 1609705, 1, 0, 0
278800, 1606155, 1, 0, 0
278900, 1609113, 1, 0, 0
279000, 1544073, 1, 0, 0
279101, 1660449, 1, 0, 0
279200, 1584351, 1, 0, 0
279301, 1636374, 1, 0, 0
279400, 1704240, 1, 0, 0
279500, 1621124, 1, 0, 0
279602, 1628870, 1, 0, 0
279700, 1669330, 1, 0, 0
279800, 1697813, 1, 0, 0
279900, 1573979, 1, 0, 0
280001, 1634186, 1, 0, 0
280100, 1596445, 1, 0, 0
280201, 1591325, 1, 0, 0
280300, 1552599, 1, 0, 0
280400, 1649316, 1, 0, 0
280500, 1558828, 1, 0, 0
280600, 1521666, 1, 0, 0
280701, 1653852, 1, 0, 0
280800, 1586400, 1, 0, 0
280900, 1651214, 1, 0, 0
281000, 1664932, 1, 0, 0
281100, 1591935, 1, 0, 0
281200, 1621170, 1, 0, 0
281300, 1591792, 1, 0, 0
281400, 1614030, 1, 0, 0
281500, 1593331, 1, 0, 0
281601, 1613214, 1, 0, 0
281700, 1554545, 1, 0, 0
281800, 1535120, 1, 0, 0
281900, 1653537, 1, 0, 0
282001, 1644284, 1, 0, 0
282100, 1556217, 1, 0, 0
282202, 1617573, 1, 0, 0
282300, 1596171, 1, 0, 0
282401, 1711295, 1, 0, 0
282501, 1518506, 1, 0, 0
282600, 1631533, 1, 0, 0
282700, 1668529, 1, 0, 0
282800, 1679910, 1, 0, 0
282902, 1650916, 1, 0, 0
283001, 1627593, 1, 0, 0
283101, 1584727, 1, 0, 0
283202, 1618016, 1, 0, 0
283300, 1631958, 1, 0, 0
283400, 1602820, 1, 0, 0
283500, 1587710, 1, 0, 0
283601, 1632468, 1, 0, 0
283700, 1581740, 1, 0, 0
283800, 1675544, 1, 0, 0
283900, 1648422, 1, 0, 0
284001, 1519674, 1, 0, 0
284100, 1690246, 1, 0, 0
284201, 1612357, 1, 0, 0
284301, 1646213, 1, 0, 0
284401, 1589372, 1, 0, 0
284500, 1586391, 1, 0, 0
284600, 1723826, 1, 0, 0
284701, 1607337, 1, 0, 0
284800, 1744950, 1, 0, 0
284901, 1784428, 1, 0, 0
285000, 1690796, 1, 0, 0
285101, 1653362, 1, 0, 0
285201, 1658711, 1, 0, 0
285300, 1574439, 1, 0, 0
285400, 1585979, 1, 0, 0
285500, 1622587, 1, 0, 0
285601, 1575874, 1, 0, 0
285700, 1530425, 1, 0, 0
285800, 1655001, 1, 0, 0
285900, 1589378, 1, 0, 0
286000, 1589860, 1, 0, 0
286100, 1567720, 1, 0, 0
286200, 1616532, 1, 0, 0
286300, 1622698, 1, 0, 0
286400, 1640626, 1, 0, 0
286501, 1714096, 1, 0, 0
286601, 1541475, 1, 0, 0
286701, 1566299, 1, 0, 0
286800, 1566530, 1, 0, 0
286900, 1658008, 1, 0, 0
287001, 1562377, 1, 0, 0
287100, 1725320, 1, 0, 0
287200, 1588624, 1, 0, 0
287301, 1819668, 1, 0, 0
287401, 1643265, 1, 0, 0
287500, 1566954, 1, 0, 0
287600, 1603309, 1, 0, 0
287700, 1562622, 1, 0, 0
287801, 1688333, 1, 0, 0
287901, 1633454, 1, 0, 0
288001, 1618353, 1, 0, 0
288101, 1876452, 1, 0, 0
288200, 1617762, 1, 0, 0
288300, 1629046, 1, 0, 0
288401, 1657896, 1, 0, 0
288503, 1760867, 1, 0, 0
288601, 1638481, 1, 0, 0
288701, 1711404, 1, 0, 0
288800, 1601815, 1, 0, 0
288900, 1647717, 1, 0, 0
289000, 1565058, 1, 0, 0
289101, 1658606, 1, 0, 0
289200, 1656730, 1, 0, 0
289301, 1611048, 1, 0, 0
289401, 1517930, 1, 0, 0
289500, 1630870, 1, 0, 0
289601, 1523738, 1, 0, 0
289700, 1533273, 1, 0, 0
289801, 1571543, 1, 0, 0
289900, 1583671, 1, 0, 0
290000, 1643260, 1, 0, 0
290101, 1606872, 1, 0, 0
290201, 1626628, 1, 0, 0
290300, 1573730, 1, 0, 0
290400, 1556083, 1, 0, 0
290500, 1624540, 1, 0, 0
290601, 1657447, 1, 0, 0
290700, 1615982, 1, 0, 0
290800, 1547943, 1, 0, 0
290901, 1582266, 1, 0, 0
291000, 1721858, 1, 0, 0
291100, 1634506, 1, 0, 0
291200, 1678889, 1, 0, 0
291300, 1737987, 1, 0, 0
291400, 1765079, 1, 0, 0
291501, 1711320, 1, 0, 0
291601, 1665264, 1, 0, 0
291700, 1584016, 1, 0, 0
291800, 1610282, 1, 0, 0
291900, 1599411, 1, 0, 0
292000, 1761392, 1, 0, 0
292101, 1629711, 1, 0, 0
292200, 1637505, 1, 0, 0
292301, 1746058, 1, 0, 0
292401, 1656549, 1, 0, 0
292501, 1671945, 1, 0, 0
292600, 1623646, 1, 0, 0
292700, 1762548, 1, 0, 0
292800, 1770934, 1, 0, 0
292901, 1712364, 1, 0, 0
293001, 1538852, 1, 0, 0
293101, 1671694, 1, 0, 0
293200, 1605387, 1, 0, 0
293300, 1640708, 1, 0, 0
293401, 1603671, 1, 0, 0
293503, 1737582, 1, 0, 0
293601, 1696007, 1, 0, 0
293701, 1901636, 1, 0, 0
293800, 1655845, 1, 0, 0
293901, 1642831, 1, 0, 0
294001, 1722200, 1, 0, 0
294100, 1726044, 1, 0, 0
294200, 1787712, 1, 0, 0
294302, 1612696, 1, 0, 0
294400, 1584478, 1, 0, 0
294500, 1660352, 1, 0, 0
294600, 1654455, 1, 0, 0
294700, 1544869, 1, 0, 0
294801, 1722250, 1, 0, 0
294900, 1699050, 1, 0, 0
295001, 1610525, 1, 0, 0
295100, 1658171, 1, 0, 0
295200, 1615809, 1, 0, 0
295301, 1685098, 1, 0, 0
295400, 1614536, 1, 0, 0
295500, 1730605, 1, 0, 0
295601, 1599540, 1, 0, 0
295701, 1652803, 1, 0, 0
295800, 1683784, 1, 0, 0
295900, 1622361, 1, 0, 0
296000, 1639271, 1, 0, 0
296101, 1690719, 1, 0, 0
296201, 1619173, 1, 0, 0
296300, 1581609, 1, 0, 0
296401, 1580608, 1, 0, 0
296500, 1628678, 1, 0, 0
296601, 1511271, 1, 0, 0
296700, 1666279, 1, 0, 0
296800, 1608878, 1, 0, 0
296900, 1592923, 1, 0, 0
297000, 1578838, 1, 0, 0
297100, 1666627, 1, 0, 0
297201, 1578215, 1, 0, 0
297301, 1651003, 1, 0, 0
297401, 1536455, 1, 0, 0
297501, 1621456, 1, 0, 0
297600, 1503019, 1, 0, 0
297701, 1722453, 1, 0, 0
297801, 1648220, 1, 0, 0
297900, 1687895, 1, 0, 0
298001, 1602941, 1, 0, 0
298101, 1675960, 1, 0, 0
298200, 1623667, 1, 0, 0
298302, 1607981, 1, 0, 0
298400, 1765675, 1, 0, 0
298500, 1658964, 1, 0, 0
298600, 1680048, 1, 0, 0
298701, 1746168, 1, 0, 0
298801, 1642512, 1, 0, 0
298900, 1638113, 1, 0, 0
299001, 1657534, 1, 0, 0
299100, 1561918, 1, 0, 0
299201, 1621862, 1, 0, 0
299300, 1630530, 1, 0, 0
299401, 1562237, 1, 0, 0
299500, 1624785, 1, 0, 0
299600, 1673719, 1, 0, 0
299700, 1567846, 1, 0, 0
299800, 1595043, 1, 0, 0
299901, 1658844, 1, 0, 0
300000, 1626753, 1, 0, 0
300102, 1625398, 1, 0, 0
300202, 1741721, 1, 0, 0
300300, 1615269, 1, 0, 0
300400, 1708039, 1, 0, 0
300500, 1604746, 1, 0, 0
300600, 1632279, 1, 0, 0
300700, 1676092, 1, 0, 0
300801, 1604563, 1, 0, 0
300901, 1609150, 1, 0, 0
301001, 1596309, 1, 0, 0
301100, 1665588, 1, 0, 0
301201, 1654922, 1, 0, 0
301301, 1615034, 1, 0, 0
301400, 1483169, 1, 0, 0
301500, 1831274, 1, 0, 0
301600, 1599933, 1, 0, 0
301701, 1623553, 1, 0, 0
301800, 1604182, 1, 0, 0
301901, 1737482, 1, 0, 0
302001, 1700855, 1, 0, 0
302100, 1612972, 1, 0, 0
302200, 1697238, 1, 0, 0
302307, 1824382, 1, 0, 0
302400, 1560892, 1, 0, 0
302501, 1635608, 1, 0, 0
302600, 1674470, 1, 0, 0
302701, 1639652, 1, 0, 0
302800, 1690386, 1, 0, 0
302901, 1601539, 1, 0, 0
303001, 1637963, 1, 0, 0
303100, 1560511, 1, 0, 0
303200, 1638956, 1, 0, 0
303300, 1733825, 1, 0, 0
303401, 1615546, 1, 0, 0
303500, 1626636, 1, 0, 0
303601, 1710555, 1, 0, 0
303700, 1679439, 1, 0, 0
303805, 1804626, 1, 0, 0
303901, 1650182, 1, 0, 0
304001, 1642659, 1, 0, 0
304100, 1612939, 1, 0, 0
304201, 1653045, 1, 0, 0
304300, 1751128, 1, 0, 0
304400, 1649527, 1, 0, 0
304500, 1699666, 1, 0, 0
304600, 1839476, 1, 0, 0
304700, 1704221, 1, 0, 0
304800, 1732862, 1, 0, 0
304900, 1643907, 1, 0, 0
305001, 1648623, 1, 0, 0
305100, 1660466, 1, 0, 0
305201, 1658954, 1, 0, 0
305301, 1673126, 1, 0, 0
305401, 1703488, 1, 0, 0
305500, 1588452, 1, 0, 0
305600, 1514847, 1, 0, 0
305700, 1659049, 1, 0, 0
305800, 1650553, 1, 0, 0
305900, 1697408, 1, 0, 0
306001, 1688414, 1, 0, 0
306100, 1683364, 1, 0, 0
306200, 1652462, 1, 0, 0
306300, 1615260, 1, 0, 0
306400, 1612156, 1, 0, 0
306500, 1568497, 1, 0, 0
306600, 1600494, 1, 0, 0
306701, 1653146, 1, 0, 0
306800, 1760380, 1, 0, 0
306901, 1628465, 1, 0, 0
307001, 1545706, 1, 0, 0
307100, 1627470, 1, 0, 0
307201, 1601101, 1, 0, 0
307300, 1604993, 1, 0, 0
307401, 1625630, 1, 0, 0
307500, 1629850, 1, 0, 0
307600, 1588519, 1, 0, 0
307701, 1534526, 1, 0, 0
307802, 1822652, 1, 0, 0
307900, 1582864, 1, 0, 0
308001, 1583098, 1, 0, 0
308100, 1603161, 1, 0, 0
308201, 1559116, 1, 0, 0
308301, 1640849, 1, 0, 0
308400, 1611377, 1, 0, 0
308500, 1564002, 1, 0, 0
308601, 1626553, 1, 0, 0
308700, 1583867, 1, 0, 0
308800, 1513844, 1, 0, 0
308901, 1560452, 1, 0, 0
309000, 1650016, 1, 0, 0
309101, 1642274, 1, 0, 0
309200, 1810943, 1, 0, 0
309300, 1535318, 1, 0, 0
309400, 1598423, 1, 0, 0
309500, 1528670, 1, 0, 0
309600, 1530916, 1, 0, 0
309700, 1552469, 1, 0, 0
309800, 1519623, 1, 0, 0
309900, 1577741, 1, 0, 0
310001, 1625600, 1, 0, 0
310101, 1563904, 1, 0, 0
310200, 1715598, 1, 0, 0
310301, 1676255, 1, 0, 0
310400, 1513833, 1, 0, 0
310500, 1526654, 1, 0, 0
310600, 1582650, 1, 0, 0
310700, 1589391, 1, 0, 0
310800, 1492069, 1, 0, 0
310900, 1618569, 1, 0, 0
311000, 1654728, 1, 0, 0
311100, 1599142, 1, 0, 0
311200, 1537445, 1, 0, 0
311300, 1635639, 1, 0, 0
311400, 1500316, 1, 0, 0
311501, 1525600, 1, 0, 0
311600, 1627102, 1, 0, 0
311702, 1664882, 1, 0, 0
311801, 1538429, 1, 0, 0
311900, 1554858, 1, 0, 0
312000, 1615748, 1, 0, 0
312101, 1556001, 1, 0, 0
312200, 1513868, 1, 0, 0
312300, 1552145, 1, 0, 0
312401, 1693847, 1, 0, 0
312500, 1584475, 1, 0, 0
312601, 1630514, 1, 0, 0
312700, 1550681, 1, 0, 0
312801, 1626331, 1, 0, 0
312900, 1575350, 1, 0, 0
313001, 1537763, 1, 0, 0
313100, 1681661, 1, 0, 0
313201, 1534034, 1, 0, 0
313300, 1574158, 1, 0, 0
313401, 1557540, 1, 0, 0
313500, 1524921, 1, 0, 0
313600, 1537079, 1, 0, 0
313700, 1650354, 1, 0, 0
313800, 1645001, 1, 0, 0
313902, 1640999, 1, 0, 0
314000, 1591719, 1, 0, 0
314100, 1564604, 1, 0, 0
314200, 1540662, 1, 0, 0
314301, 1550113, 1, 0, 0
314400, 1577483, 1, 0, 0
314500, 1521480, 1, 0, 0
314600, 1593832, 1, 0, 0
314700, 1646754, 1, 0, 0
314802, 1595027, 1, 0, 0
314900, 1702618, 1, 0, 0
315001, 1523320, 1, 0, 0
315101, 1597233, 1, 0, 0
315200, 1496833, 1, 0, 0
315301, 1604658, 1, 0, 0
315400, 1576725, 1, 0, 0
315500, 1623945, 1, 0, 0
315600, 1624810, 1, 0, 0
315701, 1715981, 1, 0, 0
315800, 1552025, 1, 0, 0
315901, 1546935, 1, 0, 0
316000, 1544546, 1, 0, 0
316101, 1539241, 1, 0, 0
316200, 1648390, 1, 0, 0
316300, 1592902, 1, 0, 0
316400, 1647226, 1, 0, 0
316501, 1602540, 1, 0, 0
316600, 1679939, 1, 0, 0
316700, 1563705, 1, 0, 0
316801, 1558977, 1, 0, 0
316900, 1558358, 1, 0, 0
317001, 1596744, 1, 0, 0
317101, 1546560, 1, 0, 0
317201, 1620955, 1, 0, 0
317300, 1594128, 1, 0, 0
317400, 1566737, 1, 0, 0
317501, 1579651, 1, 0, 0
317601, 1574310, 1, 0, 0
317700, 1595404, 1, 0, 0
317800, 1573915, 1, 0, 0
317902, 1682735, 1, 0, 0
318000, 1609132, 1, 0, 0
318101, 1556010, 1, 0, 0
318202, 1668556, 1, 0, 0
318301, 1592471, 1, 0, 0
318401, 1631505, 1, 0, 0
318500, 1627142, 1, 0, 0
318600, 1644879, 1, 0, 0
318700, 1667742, 1, 0, 0
318801, 1645262, 1, 0, 0
318900, 1703788, 1, 0, 0
319001, 1633251, 1, 0, 0
319100, 1633399, 1, 0, 0
319201, 1715578, 1, 0, 0
319301, 1613410, 1, 0, 0
319400, 1697609, 1, 0, 0
319500, 1611421, 1, 0, 0
319600, 1635422, 1, 0, 0
319700, 1623170, 1, 0, 0
319801, 1707957, 1, 0, 0
319901, 1682678, 1, 0, 0
320000, 1677095, 1, 0, 0
320100, 1751227, 1, 0, 0
320200, 1601214, 1, 0, 0
320300, 1658077, 1, 0, 0
320401, 1747494, 1, 0, 0
320501, 1703963, 1, 0, 0
320600, 1690094, 1, 0, 0
320700, 1660851, 1, 0, 0
320800, 1586508, 1, 0, 0
320900, 1647594, 1, 0, 0
321000, 1735853, 1, 0, 0
321100, 1697519, 1, 0, 0
321200, 1673249, 1, 0, 0
321301, 1625067, 1, 0, 0
321400, 1683039, 1, 0, 0
321501, 1699864, 1, 0, 0
321600, 1750957, 1, 0, 0
321701, 1739616, 1, 0, 0
321800, 1749790, 1, 0, 0
321900, 1590112, 1, 0, 0
322001, 1722976, 1, 0, 0
322100, 1765884, 1, 0, 0
322200, 1625654, 1, 0, 0
322301, 1631537, 1, 0, 0
322402, 1689430, 1, 0, 0
322500, 1737637, 1, 0, 0
322600, 1663117, 1, 0, 0
322701, 1687513, 1, 0, 0
322800, 1743621, 1, 0, 0
322901, 1687041, 1, 0, 0
323000, 1696709, 1, 0, 0
323103, 1805289, 1, 0, 0
323200, 1684646, 1, 0, 0
323300, 1855982, 1, 0, 0
323401, 1573364, 1, 0, 0
323500, 1654851, 1, 0, 0
323601, 1658384, 1, 0, 0
323700, 1597263, 1, 0, 0
323801, 1608136, 1, 0, 0
323900, 1682074, 1, 0, 0
324000, 1712986, 1, 0, 0
324101, 1610047, 1, 0, 0
324200, 1623408, 1, 0, 0
324301, 1679319, 1, 0, 0
324401, 1590983, 1, 0, 0
324501, 1615180, 1, 0, 0
324600, 1637197, 1, 0, 0
324700, 1747722, 1, 0, 0
324800, 1673176, 1, 0, 0
324900, 1707098, 1, 0, 0
325001, 1742948, 1, 0, 0
325101, 1644687, 1, 0, 0
325200, 1721546, 1, 0, 0
325300, 1666623, 1, 0, 0
325400, 1643502, 1, 0, 0
325501, 1661270, 1, 0, 0
325600, 1629715, 1, 0, 0
325700, 1629924, 1, 0, 0
325800, 1731633, 1, 0, 0
325900, 1570429, 1, 0, 0
326000, 1588769, 1, 0, 0
326101, 1580798, 1, 0, 0
326200, 1604996, 1, 0, 0
326300, 1614937, 1, 0, 0
326401, 1787827, 1, 0, 0
326501, 1728465, 1, 0, 0
326600, 1604321, 1, 0, 0
326700, 1705265, 1, 0, 0
326801, 1600481, 1, 0, 0
326901, 1551485, 1, 0, 0
327001, 1720827, 1, 0, 0
327100, 1605328, 1, 0, 0
327201, 1552889, 1, 0, 0
327301, 1648495, 1, 0, 0
327400, 1684994, 1, 0, 0
327501, 1665173, 1, 0, 0
327600, 1709999, 1, 0, 0
327703, 1730310, 1, 0, 0
327800, 1588767, 1, 0, 0
327900, 1645611, 1, 0, 0
328002, 1592966, 1, 0, 0
328100, 1547478, 1, 0, 0
328201, 1799565, 1, 0, 0
328300, 1583406, 1, 0, 0
328401, 1634068, 1, 0, 0
328500, 1596937, 1, 0, 0
328601, 1630782, 1, 0, 0
328701, 1570501, 1, 0, 0
328800, 1635100, 1, 0, 0
328900, 1631214, 1, 0, 0
329000, 1655445, 1, 0, 0
329100, 1607177, 1, 0, 0
329201, 1690135, 1, 0, 0
329300, 1604382, 1, 0, 0
329401, 1602543, 1, 0, 0
329500, 1608477, 1, 0, 0
329600, 1612142, 1, 0, 0
329701, 1625955, 1, 0, 0
329800, 1586381, 1, 0, 0
329900, 1589345, 1, 0, 0
330001, 1502476, 1, 0, 0
330101, 1639989, 1, 0, 0
330200, 1530021, 1, 0, 0
330300, 1488332, 1, 0, 0
330401, 1563728, 1, 0, 0
330500, 1519999, 1, 0, 0
330600, 1620298, 1, 0, 0
330700, 1500569, 1, 0, 0
330800, 1605946, 1, 0, 0
330900, 1551212, 1, 0, 0
331000, 1632979, 1, 0, 0
331101, 1585879, 1, 0, 0
331200, 1574540, 1, 0, 0
331301, 1554591, 1, 0, 0
331401, 1591614, 1, 0, 0
331502, 1556234, 1, 0, 0
331600, 1521268, 1, 0, 0
331700, 1579306, 1, 0, 0
331800, 1503095, 1, 0, 0
331901, 1548473, 1, 0, 0
332001, 1472619, 1, 0, 0
332100, 1651278, 1, 0, 0
332200, 1516460, 1, 0, 0
332300, 1631800, 1, 0, 0
332400, 1583943, 1, 0, 0
332500, 1536182, 1, 0, 0
332600, 1550395, 1, 0, 0
332701, 1600149, 1, 0, 0
332801, 1642150, 1, 0, 0
332900, 1574722, 1, 0, 0
333001, 1665253, 1, 0, 0
333101, 1517427, 1, 0, 0
333200, 1600605, 1, 0, 0
333301, 1510831, 1, 0, 0
333404, 1668906, 1, 0, 0
333500, 1546210, 1, 0, 0
333600, 1636679, 1, 0, 0
333701, 1640480, 1, 0, 0
333801, 1664647, 1, 0, 0
333900, 1575315, 1, 0, 0
334000, 1645240, 1, 0, 0
334100, 1597778, 1, 0, 0
334200, 1731920, 1, 0, 0
334303, 1752096, 1, 0, 0
334400, 1677282, 1, 0, 0
334501, 1604227, 1, 0, 0
334600, 1557162, 1, 0, 0
334700, 1700860, 1, 0, 0
334800, 1564920, 1, 0, 0
334900, 1525885, 1, 0, 0
335001, 1522091, 1, 0, 0
335100, 1569744, 1, 0, 0
335200, 1671565, 1, 0, 0
335300, 1594767, 1, 0, 0
335401, 1530673, 1, 0, 0
335500, 1532183, 1, 0, 0
335600, 1608734, 1, 0, 0
335701, 1558241, 1, 0, 0
335800, 1574406, 1, 0, 0
335900, 1598053, 1, 0, 0
336000, 1645829, 1, 0, 0
336100, 1600059, 1, 0, 0
336200, 1586373, 1, 0, 0
336301, 1553738, 1, 0, 0
336401, 1639409, 1, 0, 0
336501, 1592238, 1, 0, 0
336601, 1682365, 1, 0, 0
336700, 1558069, 1, 0, 0
336800, 1610401, 1, 0, 0
336900, 1593273, 1, 0, 0
337001, 1653012, 1, 0, 0
337100, 1474024, 1, 0, 0
337201, 1636018, 1, 0, 0
337300, 1574747, 1, 0, 0
337401, 1634490, 1, 0, 0
337500, 1631453, 1, 0, 0
337600, 1665409, 1, 0, 0
337700, 1576894, 1, 0, 0
337800, 1579842, 1, 0, 0
337900, 1528725, 1, 0, 0
338001, 1599325, 1, 0, 0
338100, 1547448, 1, 0, 0
338201, 1599066, 1, 0, 0
338301, 1588541, 1, 0, 0
338400, 1574356, 1, 0, 0
338500, 1574629, 1, 0, 0
338600, 1491358, 1, 0, 0
338700, 1740912, 1, 0, 0
338800, 1557592, 1, 0, 0
338900, 1540599, 1, 0, 0
339000, 1594547, 1, 0, 0
339101, 1456754, 1, 0, 0
339200, 1603167, 1, 0, 0
339300, 1682077, 1, 0, 0
339400, 1495877, 1, 0, 0
339501, 1583727, 1, 0, 0
339600, 1539873, 1, 0, 0
339700, 1549094, 1, 0, 0
339800, 1499674, 1, 0, 0
339903, 1656611, 1, 0, 0
340001, 1670319, 1, 0, 0
340100, 1576159, 1, 0, 0
340200, 1542466, 1, 0, 0
340300, 1625615, 1, 0, 0
340400, 1528601, 1, 0, 0
340500, 1549618, 1, 0, 0
340601, 1556530, 1, 0, 0
340700, 1654124, 1, 0, 0
340802, 1628523, 1, 0, 0
340900, 1534592, 1, 0, 0
341000, 1796110, 1, 0, 0
341101, 1537912, 1, 0, 0
341201, 1486930, 1, 0, 0
341300, 1610339, 1, 0, 0
341401, 1766763, 1, 0, 0
341501, 1662505, 1, 0, 0
341600, 1596980, 1, 0, 0
341701, 1587448, 1, 0, 0
341801, 1579532, 1, 0, 0
341900, 1658562, 1, 0, 0
342001, 1607144, 1, 0, 0
342101, 1592774, 1, 0, 0
342201, 1612796, 1, 0, 0
342300, 1531914, 1, 0, 0
342400, 1539437, 1, 0, 0
342500, 1586769, 1, 0, 0
342601, 1586018, 1, 0, 0
342701, 1605400, 1, 0, 0
342800, 1577287, 1, 0, 0
342901, 1546520, 1, 0, 0
343000, 1559325, 1, 0, 0
343100, 1608685, 1, 0, 0
343202, 1517405, 1, 0, 0
343300, 1539648, 1, 0, 0
343400, 1520102, 1, 0, 0
343501, 1522800, 1, 0, 0
343600, 1503850, 1, 0, 0
343700, 1520652, 1, 0, 0
343800, 1549816, 1, 0, 0
343900, 1629720, 1, 0, 0
344002, 1720545, 1, 0, 0
344101, 1569157, 1, 0, 0
344201, 1592782, 1, 0, 0
344301, 1560272, 1, 0, 0
344400, 1504994, 1, 0, 0
344501, 1687336, 1, 0, 0
344601, 1496069, 1, 0, 0
344700, 1550130, 1, 0, 0
344800, 1577258, 1, 0, 0
344900, 1535157, 1, 0, 0
345000, 1516207, 1, 0, 0
345101, 1557401, 1, 0, 0
345201, 1597036, 1, 0, 0
345300, 1661980, 1, 0, 0
345400, 1603737, 1, 0, 0
345500, 1481868, 1, 0, 0
345600, 1564005, 1, 0, 0
345700, 1532473, 1, 0, 0
345802, 1625465, 1, 0, 0
345901, 1570183, 1, 0, 0
346001, 1573716, 1, 0, 0
346101, 1728837, 1, 0, 0
346200, 1578369, 1, 0, 0
346300, 1642686, 1, 0, 0
346400, 1624723, 1, 0, 0
346500, 1580636, 1, 0, 0
346601, 1664831, 1, 0, 0
346700, 1636031, 1, 0, 0
346800, 1722157, 1, 0, 0
346900, 1574797, 1, 0, 0
347000, 1598886, 1, 0, 0
347101, 1683583, 1, 0, 0
347200, 1600046, 1, 0, 0
347300, 1629318, 1, 0, 0
347400, 1578485, 1, 0, 0
347500, 1569901, 1, 0, 0
347601, 1492585, 1, 0, 0
347701, 1564017, 1, 0, 0
347800, 1687092, 1, 0, 0
347901, 1479271, 1, 0, 0
348001, 1500696, 1, 0, 0
348100, 1603111, 1, 0, 0
348201, 1550221, 1, 0, 0
348300, 1556847, 1, 0, 0
348401, 1509869, 1, 0, 0
348500, 1525125, 1, 0, 0
348602, 1576305, 1, 0, 0
348702, 1585251, 1, 0, 0
348802, 1571213, 1, 0, 0
348901, 1499054, 1, 0, 0
349000, 1607665, 1, 0, 0
349100, 1539415, 1, 0, 0
349200, 1592093, 1, 0, 0
349300, 1501623, 1, 0, 0
349401, 1573633, 1, 0, 0
349500, 1533963, 1, 0, 0
349600, 1568383, 1, 0, 0
349700, 1613622, 1, 0, 0
349800, 1565020, 1, 0, 0
349900, 1597644, 1, 0, 0
350000, 1535671, 1, 0, 0
350100, 1560046, 1, 0, 0
350201, 1555015, 1, 0, 0
350300, 1600014, 1, 0, 0
350400, 1619411, 1, 0, 0
350501, 1668331, 1, 0, 0
350600, 1609714, 1, 0, 0
350701, 1568179, 1, 0, 0
350800, 1581443, 1, 0, 0
350900, 1568641, 1, 0, 0
351002, 1567622, 1, 0, 0
351101, 1549038, 1, 0, 0
351201, 1617609, 1, 0, 0
351300, 1513360, 1, 0, 0
351400, 1505520, 1, 0, 0
351500, 1593215, 1, 0, 0
351600, 1565425, 1, 0, 0
351700, 1596072, 1, 0, 0
351800, 1600756, 1, 0, 0
351900, 1426604, 1, 0, 0
352001, 1607506, 1, 0, 0
352100, 1552094, 1, 0, 0
352200, 1580405, 1, 0, 0
352301, 1533854, 1, 0, 0
352400, 1667790, 1, 0, 0
352501, 1650751, 1, 0, 0
352600, 1613996, 1, 0, 0
352700, 1576697, 1, 0, 0
352800, 1622827, 1, 0, 0
352900, 1616916, 1, 0, 0
353000, 1551138, 1, 0, 0
353101, 1571042, 1, 0, 0
353200, 1696999, 1, 0, 0
353301, 1521443, 1, 0, 0
353400, 1550535, 1, 0, 0
353500, 1562306, 1, 0, 0
353601, 1658400, 1, 0, 0
353700, 1533350, 1, 0, 0
353800, 1604421, 1, 0, 0
353901, 1560085, 1, 0, 0
354000, 1576425, 1, 0, 0
354102, 1586532, 1, 0, 0
354202, 1518680, 1, 0, 0
354300, 1527531, 1, 0, 0
354400, 1525770, 1, 0, 0
354500, 1581224, 1, 0, 0
354600, 1600802, 1, 0, 0
354701, 1651166, 1, 0, 0
354801, 1619517, 1, 0, 0
354901, 1516732, 1, 0, 0
355002, 1577295, 1, 0, 0
355100, 1623009, 1, 0, 0
355200, 1590276, 1, 0, 0
355300, 1570724, 1, 0, 0
355400, 1582838, 1, 0, 0
355501, 1532730, 1, 0, 0
355600, 1559052, 1, 0, 0
355701, 1547481, 1, 0, 0
355801, 1559728, 1, 0, 0
355900, 1636372, 1, 0, 0
356000, 1699171, 1, 0, 0
356101, 1700627, 1, 0, 0
356201, 1669131, 1, 0, 0
356301, 1588993, 1, 0, 0
356401, 1585890, 1, 0, 0
356501, 1542062, 1, 0, 0
356600, 1533641, 1, 0, 0
356700, 1643504, 1, 0, 0
356800, 1706660, 1, 0, 0
356901, 1647318, 1, 0, 0
357000, 1584892, 1, 0, 0
357102, 1568923, 1, 0, 0
357200, 1516549, 1, 0, 0
357301, 1652913, 1, 0, 0
357400, 1639192, 1, 0, 0
357501, 1682098, 1, 0, 0
357601, 1592464, 1, 0, 0
357701, 1612182, 1, 0, 0
357800, 1573721, 1, 0, 0
357901, 1557344, 1, 0, 0
358001, 1612054, 1, 0, 0
358100, 1532301, 1, 0, 0
358201, 1625579, 1, 0, 0
358301, 1567130, 1, 0, 0
358400, 1629740, 1, 0, 0
358501, 1544529, 1, 0, 0
358601, 1608367, 1, 0, 0
358700, 1575041, 1, 0, 0
358800, 1593367, 1, 0, 0
358900, 1519237, 1, 0, 0
359000, 1625777, 1, 0, 0
359100, 1476405, 1, 0, 0
359201, 1710789, 1, 0, 0
359302, 1440778, 1, 0, 0
359400, 1568010, 1, 0, 0
359502, 1573600, 1, 0, 0
359600, 1517960, 1, 0, 0
359700, 1783666, 1, 0, 0
359800, 1539633, 1, 0, 0
359900, 1628963, 1, 0, 0
360003, 1579396, 1, 0, 0
360100, 1522575, 1, 0, 0
360200, 1569433, 1, 0, 0
360300, 1568077, 1, 0, 0
360400, 1566051, 1, 0, 0
360500, 1566856, 1, 0, 0
360600, 1570614, 1, 0, 0
360701, 1628226, 1, 0, 0
360800, 1601246, 1, 0, 0
360902, 1679851, 1, 0, 0
361000, 1621440, 1, 0, 0
361100, 1609145, 1, 0, 0
361200, 1683686, 1, 0, 0
361300, 1616417, 1, 0, 0
361401, 1658794, 1, 0, 0
361500, 1594555, 1, 0, 0
361600, 1517613, 1, 0, 0
361700, 1572494, 1, 0, 0
361800, 1585740, 1, 0, 0
361900, 1560919, 1, 0, 0
362001, 1585926, 1, 0, 0
362101, 1598850, 1, 0, 0
362200, 1714596, 1, 0, 0
362301, 1529752, 1, 0, 0
362400, 1559215, 1, 0, 0
362500, 1566985, 1, 0, 0
362600, 1606921, 1, 0, 0
362700, 1553605, 1, 0, 0
362800, 1582601, 1, 0, 0
362900, 1489201, 1, 0, 0
363000, 1598274, 1, 0, 0
363100, 1615565, 1, 0, 0
363201, 1582763, 1, 0, 0
363300, 1565904, 1, 0, 0
363400, 1548275, 1, 0, 0
363500, 1523567, 1, 0, 0
363600, 1588941, 1, 0, 0
363700, 1609065, 1, 0, 0
363801, 1579558, 1, 0, 0
363900, 1530719, 1, 0, 0
364000, 1526597, 1, 0, 0
364100, 1555455, 1, 0, 0
364201, 1661220, 1, 0, 0
364300, 1529478, 1, 0, 0
364400, 1639853, 1, 0, 0
364501, 1583718, 1, 0, 0
364600, 1554477, 1, 0, 0
364700, 1586037, 1, 0, 0
364802, 1598736, 1, 0, 0
364901, 1657392, 1, 0, 0
365000, 1556310, 1, 0, 0
365100, 1566296, 1, 0, 0
365200, 1535181, 1, 0, 0
365300, 1543271, 1, 0, 0
365401, 1666304, 1, 0, 0
365501, 1559816, 1, 0, 0
365601, 1540044, 1, 0, 0
365700, 1556201, 1, 0, 0
365801, 1610134, 1, 0, 0
365900, 1681438, 1, 0, 0
366000, 1700967, 1, 0, 0
366100, 1588785, 1, 0, 0
366200, 1630147, 1, 0, 0
366300, 1665992, 1, 0, 0
366400, 1592820, 1, 0, 0
366501, 1772383, 1, 0, 0
366600, 1694181, 1, 0, 0
366700, 1674889, 1, 0, 0
366801, 1594579, 1, 0, 0
366901, 1770175, 1, 0, 0
367000, 1656739, 1, 0, 0
367100, 1644955, 1, 0, 0
367200, 1675408, 1, 0, 0
367300, 1650231, 1, 0, 0
367400, 1675386, 1, 0, 0
367501, 1619802, 1, 0, 0
367600, 1657874, 1, 0, 0
367702, 1576176, 1, 0, 0
367800, 1641077, 1, 0, 0
367901, 1579877, 1, 0, 0
368000, 1691877, 1, 0, 0
368101, 1606728, 1, 0, 0
368201, 1637591, 1, 0, 0
368301, 1647628, 1, 0, 0
368400, 1625972, 1, 0, 0
368500, 1842431, 1, 0, 0
368601, 1598758, 1, 0, 0
368700, 1685328, 1, 0, 0
368801, 1635166, 1, 0, 0
368900, 1628521, 1, 0, 0
369000, 1623296, 1, 0, 0
369100, 1789940, 1, 0, 0
369200, 1620733, 1, 0, 0
369301, 1715764, 1, 0, 0
369400, 1547752, 1, 0, 0
369501, 1705868, 1, 0, 0
369601, 1559382, 1, 0, 0
369701, 1668604, 1, 0, 0
369801, 1567425, 1, 0, 0
369900, 1653427, 1, 0, 0
370000, 1619289, 1, 0, 0
370101, 1663237, 1, 0, 0
370201, 1617195, 1, 0, 0
370301, 1862460, 1, 0, 0
370400, 1773699, 1, 0, 0
370500, 1761295, 1, 0, 0
370601, 1783944, 1, 0, 0
370701, 1731936, 1, 0, 0
370800, 1548017, 1, 0, 0
370901, 1630300, 1, 0, 0
371000, 1671108, 1, 0, 0
371101, 1644815, 1, 0, 0
371200, 1734730, 1, 0, 0
371300, 1620240, 1, 0, 0
371400, 1643067, 1, 0, 0
371501, 1573125, 1, 0, 0
371600, 1546296, 1, 0, 0
371701, 1621162, 1, 0, 0
371800, 1543076, 1, 0, 0
371900, 1591877, 1, 0, 0
372001, 1658371, 1, 0, 0
372101, 1515407, 1, 0, 0
372201, 1619053, 1, 0, 0
372300, 1596075, 1, 0, 0
372400, 1541256, 1, 0, 0
372500, 1509684, 1, 0, 0
372600, 1600811, 1, 0, 0
372700, 1528303, 1, 0, 0
372800, 1492247, 1, 0, 0
372901, 1584538, 1, 0, 0
373001, 1561877, 1, 0, 0
373101, 1540953, 1, 0, 0
373200, 1602157, 1, 0, 0
373300, 1626345, 1, 0, 0
373400, 1640820, 1, 0, 0
373500, 1568146, 1, 0, 0
373601, 1631124, 1, 0, 0
373701, 1570946, 1, 0, 0
373801, 1620147, 1, 0, 0
373900, 1539426, 1, 0, 0
374000, 1707758, 1, 0, 0
374100, 1504412, 1, 0, 0
374200, 1669783, 1, 0, 0
374300, 1532169, 1, 0, 0
374400, 1589085, 1, 0, 0
374500, 1631693, 1, 0, 0
374600, 1560141, 1, 0, 0
374700, 1621191, 1, 0, 0
374800, 1688357, 1, 0, 0
374900, 1574561, 1, 0, 0
375000, 1672861, 1, 0, 0
375101, 1526635, 1, 0, 0
375200, 1557120, 1, 0, 0
375301, 1612099, 1, 0, 0
375400, 1597311, 1, 0, 0
375500, 1571325, 1, 0, 0
375600, 1673680, 1, 0, 0
375700, 1562718, 1, 0, 0
375800, 1525419, 1, 0, 0
375900, 1612853, 1, 0, 0
376000, 1644990, 1, 0, 0
376101, 1557067, 1, 0, 0
376200, 1596978, 1, 0, 0
376300, 1526059, 1, 0, 0
376400, 1790596, 1, 0, 0
376501, 1533786, 1, 0, 0
376600, 1601525, 1, 0, 0
376700, 1701164, 1, 0, 0
376800, 1574579, 1, 0, 0
376901, 1555791, 1, 0, 0
377000, 1558118, 1, 0, 0
377102, 1525811, 1, 0, 0
377200, 1558042, 1, 0, 0
377301, 1623425, 1, 0, 0
377401, 1572316, 1, 0, 0
377500, 1605855, 1, 0, 0
377600, 1691963, 1, 0, 0
377701, 1629768, 1, 0, 0
377800, 1637364, 1, 0, 0
377900, 1737599, 1, 0, 0
378001, 1579644, 1, 0, 0
378100, 1577421, 1, 0, 0
378200, 1546251, 1, 0, 0
378300, 1588573, 1, 0, 0
378400, 1622193, 1, 0, 0
378501, 1597519, 1, 0, 0
378600, 1588507, 1, 0, 0
378700, 1690252, 1, 0, 0
378801, 1579547, 1, 0, 0
378900, 1577112, 1, 0, 0
379000, 1579852, 1, 0, 0
379100, 1673866, 1, 0, 0
379200, 1700496, 1, 0, 0
379300, 1542652, 1, 0, 0
379400, 1591319, 1, 0, 0
379501, 1524596, 1, 0, 0
379601, 1700752, 1, 0, 0
379701, 1649051, 1, 0, 0
379800, 1751507, 1, 0, 0
379901, 1686099, 1, 0, 0
380001, 1650240, 1, 0, 0
380101, 1639735, 1, 0, 0
380200, 1900762, 1, 0, 0
380300, 1748704, 1, 0, 0
380400, 1630686, 1, 0, 0
380501, 1597646, 1, 0, 0
380600, 1669843, 1, 0, 0
380701, 1774463, 1, 0, 0
380800, 1632373, 1, 0, 0
380900, 1573673, 1, 0, 0
381000, 1511677, 1, 0, 0
381101, 1586051, 1, 0, 0
381200, 1648223, 1, 0, 0
381300, 1474222, 1, 0, 0
381400, 1734034, 1, 0, 0
381500, 1545029, 1, 0, 0
381600, 1618501, 1, 0, 0
381701, 1600965, 1, 0, 0
381800, 1612821, 1, 0, 0
381900, 1621242, 1, 0, 0
382000, 1661907, 1, 0, 0
382100, 1594572, 1, 0, 0
382200, 1618783, 1, 0, 0
382301, 1658951, 1, 0, 0
382401, 1595684, 1, 0, 0
382500, 1612758, 1, 0, 0
382600, 1509719, 1, 0, 0
382700, 1644247, 1, 0, 0
382800, 1576285, 1, 0, 0
382900, 1754225, 1, 0, 0
383000, 1604506, 1, 0, 0
383101, 1715776, 1, 0, 0
383201, 1612226, 1, 0, 0
383300, 1629757, 1, 0, 0
383401, 1622419, 1, 0, 0
383500, 1563005, 1, 0, 0
383601, 1631229, 1, 0, 0
383700, 1574956, 1, 0, 0
383801, 1657887, 1, 0, 0
383901, 1614705, 1, 0, 0
384000, 1713614, 1, 0, 0
384100, 1674179, 1, 0, 0
384201, 1635185, 1, 0, 0
384300, 1692996, 1, 0, 0
384400, 1707773, 1, 0, 0
384500, 1617241, 1, 0, 0
384601, 1602824, 1, 0, 0
384700, 1658085, 1, 0, 0
384801, 1623166, 1, 0, 0
384900, 1660584, 1, 0, 0
385000, 1639298, 1, 0, 0
385100, 1639518, 1, 0, 0
385201, 1551795, 1, 0, 0
385300, 1630106, 1, 0, 0
385401, 1696752, 1, 0, 0
385500, 1707134, 1, 0, 0
385600, 1747016, 1, 0, 0
385700, 1697576, 1, 0, 0
385801, 1552833, 1, 0, 0
385900, 1624437, 1, 0, 0
386001, 1563740, 1, 0, 0
386100, 1638394, 1, 0, 0
386200, 1585948, 1, 0, 0
386301, 1657354, 1, 0, 0
386402, 1663418, 1, 0, 0
386501, 1684647, 1, 0, 0
386600, 1634877, 1, 0, 0
386700, 1675580, 1, 0, 0
386801, 1653263, 1, 0, 0
386900, 1630713, 1, 0, 0
387001, 1639485, 1, 0, 0
387100, 1616804, 1, 0, 0
387201, 1719922, 1, 0, 0
387300, 1758984, 1, 0, 0
387400, 1704826, 1, 0, 0
387500, 1617171, 1, 0, 0
387601, 1657852, 1, 0, 0
387700, 1548808, 1, 0, 0
387801, 1669454, 1, 0, 0
387900, 1606872, 1, 0, 0
388000, 1614789, 1, 0, 0
388101, 1582127, 1, 0, 0
388200, 1545512, 1, 0, 0
388300, 1598395, 1, 0, 0
388400, 1572890, 1, 0, 0
388501, 1629498, 1, 0, 0
388600, 1529334, 1, 0, 0
388700, 1696334, 1, 0, 0
388802, 1501854, 1, 0, 0
388900, 1555739, 1, 0, 0
389001, 1588103, 1, 0, 0
389100, 1694089, 1, 0, 0
389200, 1701506, 1, 0, 0
389300, 1560781, 1, 0, 0
389400, 1676147, 1, 0, 0
389501, 1584790, 1, 0, 0
389600, 1650203, 1, 0, 0
389700, 1540342, 1, 0, 0
389800, 1590183, 1, 0, 0
389900, 1549249, 1, 0, 0
390000, 1589095, 1, 0, 0
390101, 1581578, 1, 0, 0
390202, 1658838, 1, 0, 0
390300, 1700449, 1, 0, 0
390400, 1595528, 1, 0, 0
390500, 1623220, 1, 0, 0
390601, 1570268, 1, 0, 0
390700, 1583640, 1, 0, 0
390800, 1522281, 1, 0, 0
390900, 1612462, 1, 0, 0
391000, 1522124, 1, 0, 0
391100, 1642094, 1, 0, 0
391200, 1564230, 1, 0, 0
391300, 1632866, 1, 0, 0
391400, 1620424, 1, 0, 0
391500, 1541144, 1, 0, 0
391600, 1573240, 1, 0, 0
391700, 1639293, 1, 0, 0
391802, 1709862, 1, 0, 0
391900, 1585424, 1, 0, 0
392001, 1659045, 1, 0, 0
392100, 1528114, 1, 0, 0
392202, 1764753, 1, 0, 0
392300, 1642926, 1, 0, 0
392402, 1625849, 1, 0, 0
392500, 1556013, 1, 0, 0
392600, 1533747, 1, 0, 0
392701, 1582120, 1, 0, 0
392800, 1550647, 1, 0, 0
392900, 1516520, 1, 0, 0
393000, 1538778, 1, 0, 0
393101, 1578914, 1, 0, 0
393201, 1644261, 1, 0, 0
393301, 1511154, 1, 0, 0
393402, 1639149, 1, 0, 0
393500, 1578569, 1, 0, 0
393600, 1593692, 1, 0, 0
393700, 1615108, 1, 0, 0
393800, 1600641, 1, 0, 0
393900, 1588712, 1, 0, 0
394001, 1524754, 1, 0, 0
394100, 1691453, 1, 0, 0
394201, 1623047, 1, 0, 0
394300, 1634503, 1, 0, 0
394401, 1706326, 1, 0, 0
394500, 1697589, 1, 0, 0
394600, 1668278, 1, 0, 0
394701, 1595488, 1, 0, 0
394800, 1599785, 1, 0, 0
394900, 1649696, 1, 0, 0
395000, 1564988, 1, 0, 0
395100, 1602085, 1, 0, 0
395201, 1623755, 1, 0, 0
395300, 1583096, 1, 0, 0
395400, 1621048, 1, 0, 0
395500, 1495925, 1, 0, 0
395601, 1659498, 1, 0, 0
395700, 1542902, 1, 0, 0
395800, 1615693, 1, 0, 0
395901, 1489081, 1, 0, 0
396000, 1659772, 1, 0, 0
396101, 1597613, 1, 0, 0
396201, 1741464, 1, 0, 0
396301, 1519946, 1, 0, 0
396401, 1525802, 1, 0, 0
396500, 1610038, 1, 0, 0
396600, 1506067, 1, 0, 0
396701, 1587307, 1, 0, 0
396801, 1542256, 1, 0, 0
396900, 1649753, 1, 0, 0
397000, 1621367, 1, 0, 0
397101, 1532150, 1, 0, 0
397200, 1614280, 1, 0, 0
397300, 1579942, 1, 0, 0
397401, 1561563, 1, 0, 0
397500, 1662772, 1, 0, 0
397600, 1556928, 1, 0, 0
397701, 1610801, 1, 0, 0
397801, 1611923, 1, 0, 0
397901, 1587512, 1, 0, 0
398000, 1710187, 1, 0, 0
398101, 1581838, 1, 0, 0
398201, 1710037, 1, 0, 0
398300, 1596085, 1, 0, 0
398401, 1683187, 1, 0, 0
398504, 1587795, 1, 0, 0
398600, 1665626, 1, 0, 0
398701, 1586361, 1, 0, 0
398800, 1651721, 1, 0, 0
398901, 1663400, 1, 0, 0
399001, 1767881, 1, 0, 0
399100, 1885370, 1, 0, 0
399200, 1679649, 1, 0, 0
399300, 1578699, 1, 0, 0
399400, 1578467, 1, 0, 0
399501, 1601378, 1, 0, 0
399600, 1553844, 1, 0, 0
399700, 1728571, 1, 0, 0
399801, 1576369, 1, 0, 0
399900, 1662928, 1, 0, 0
400001, 1654538, 1, 0, 0
400100, 1658743, 1, 0, 0
400200, 1741692, 1, 0, 0
400301, 1658050, 1, 0, 0
400402, 1656360, 1, 0, 0
400500, 1639771, 1, 0, 0
400600, 1710025, 1, 0, 0
400700, 1672904, 1, 0, 0
400800, 1610238, 1, 0, 0
400901, 1689055, 1, 0, 0
401000, 1633688, 1, 0, 0
401101, 1623364, 1, 0, 0
401200, 1873827, 1, 0, 0
401301, 1588451, 1, 0, 0
401400, 1654803, 1, 0, 0
401500, 1609882, 1, 0, 0
401600, 1624031, 1, 0, 0
401702, 1600332, 1, 0, 0
401800, 1725608, 1, 0, 0
401900, 1604703, 1, 0, 0
402000, 1550953, 1, 0, 0
402101, 1622108, 1, 0, 0
402202, 1585439, 1, 0, 0
402300, 1522422, 1, 0, 0
402401, 1677329, 1, 0, 0
402500, 1752586, 1, 0, 0
402601, 1545451, 1, 0, 0
402700, 1586081, 1, 0, 0
402800, 1755611, 1, 0, 0
402901, 1624857, 1, 0, 0
403001, 1643921, 1, 0, 0
403101, 1562753, 1, 0, 0
403200, 1685618, 1, 0, 0
403300, 1613078, 1, 0, 0
403402, 1738470, 1, 0, 0
403500, 1642288, 1, 0, 0
403601, 1844657, 1, 0, 0
403702, 1634097, 1, 0, 0
403801, 1628010, 1, 0, 0
403900, 1558749, 1, 0, 0
404001, 1710569, 1, 0, 0
404101, 1646277, 1, 0, 0
404201, 1536968, 1, 0, 0
404301, 1620822, 1, 0, 0
404400, 1710641, 1, 0, 0
404500, 1578599, 1, 0, 0
404600, 1482063, 1, 0, 0
404700, 1544234, 1, 0, 0
404800, 1522270, 1, 0, 0
404900, 1733576, 1, 0, 0
405001, 1584993, 1, 0, 0
405100, 1645520, 1, 0, 0
405201, 1637419, 1, 0, 0
405300, 1775638, 1, 0, 0
405401, 1537118, 1, 0, 0
405500, 1624318, 1, 0, 0
405601, 1559335, 1, 0, 0
405700, 1599294, 1, 0, 0
405800, 1617833, 1, 0, 0
405900, 1653071, 1, 0, 0
406000, 1594701, 1, 0, 0
406101, 1555078, 1, 0, 0
406202, 1660338, 1, 0, 0
406300, 1531441, 1, 0, 0
406401, 1572888, 1, 0, 0
406500, 1711003, 1, 0, 0
406600, 1599612, 1, 0, 0
406701, 1575147, 1, 0, 0
406800, 1686358, 1, 0, 0
406900, 1697187, 1, 0, 0
407000, 1623195, 1, 0, 0
407100, 1609372, 1, 0, 0
407200, 1589886, 1, 0, 0
407301, 1628721, 1, 0, 0
407401, 1616712, 1, 0, 0
407500, 1600372, 1, 0, 0
407601, 1610001, 1, 0, 0
407700, 1668733, 1, 0, 0
407801, 1599082, 1, 0, 0
407900, 1597091, 1, 0, 0
408000, 1703357, 1, 0, 0
408101, 1671393, 1, 0, 0
408200, 1622535, 1, 0, 0
408300, 1617613, 1, 0, 0
408401, 1681599, 1, 0, 0
408500, 1710150, 1, 0, 0
408600, 1618245, 1, 0, 0
408701, 1722890, 1, 0, 0
408801, 1619113, 1, 0, 0
408902, 1537579, 1, 0, 0
409000, 1580690, 1, 0, 0
409101, 1577833, 1, 0, 0
409200, 1660959, 1, 0, 0
409301, 1614108, 1, 0, 0
409400, 1644912, 1, 0, 0
409501, 1489764, 1, 0, 0
409600, 1480119, 1, 0, 0
409700, 1570135, 1, 0, 0
409801, 1571960, 1, 0, 0
409901, 1540351, 1, 0, 0
410000, 1556415, 1, 0, 0
410101, 1632304, 1, 0, 0
410200, 1696661, 1, 0, 0
410300, 1554380, 1, 0, 0
410401, 1632791, 1, 0, 0
410501, 1590309, 1, 0, 0
410601, 1616515, 1, 0, 0
410700, 1582271, 1, 0, 0
410800, 1667137, 1, 0, 0
410901, 1604246, 1, 0, 0
411001, 1645192, 1, 0, 0
411100, 1552017, 1, 0, 0
411200, 1586620, 1, 0, 0
411301, 1604264, 1, 0, 0
411400, 1586564, 1, 0, 0
411501, 1681405, 1, 0, 0
411601, 1673430, 1, 0, 0
411700, 1579802, 1, 0, 0
411800, 1646793, 1, 0, 0
411900, 1598260, 1, 0, 0
412000, 1617158, 1, 0, 0
412101, 1536770, 1, 0, 0
412200, 1504216, 1, 0, 0
412300, 1607352, 1, 0, 0
412400, 1496282, 1, 0, 0
412500, 1592452, 1, 0, 0
412600, 1599800, 1, 0, 0
412700, 1562346, 1, 0, 0
412800, 1675548, 1, 0, 0
412900, 1560080, 1, 0, 0
413001, 1606880, 1, 0, 0
413100, 1584786, 1, 0, 0
413201, 1572606, 1, 0, 0
413300, 1642393, 1, 0, 0
413400, 1610717, 1, 0, 0
413500, 1647066, 1, 0, 0
413601, 1549933, 1, 0, 0
413700, 1660776, 1, 0, 0
413800, 1458397, 1, 0, 0
413900, 1608199, 1, 0, 0
414001, 1707213, 1, 0, 0
414101, 1551506, 1, 0, 0
414200, 1603698, 1, 0, 0
414300, 1570537, 1, 0, 0
414400, 1614785, 1, 0, 0
414500, 1545569, 1, 0, 0
414601, 1504065, 1, 0, 0
414700, 1588367, 1, 0, 0
414800, 1541913, 1, 0, 0
414902, 1586579, 1, 0, 0
415000, 1615049, 1, 0, 0
415101, 1658190, 1, 0, 0
415201, 1673050, 1, 0, 0
415300, 1550896, 1, 0, 0
415400, 1701045, 1, 0, 0
415501, 1606874, 1, 0, 0
415601, 1655075, 1, 0, 0
415700, 1594036, 1, 0, 0
415801, 1577841, 1, 0, 0
415900, 1580078, 1, 0, 0
416000, 1727226, 1, 0, 0
416100, 1714233, 1, 0, 0
416200, 1561516, 1, 0, 0
416300, 1703712, 1, 0, 0
416400, 1582073, 1, 0, 0
416500, 1627647, 1, 0, 0
416601, 1645675, 1, 0, 0
416700, 1698995, 1, 0, 0
416801, 1595400, 1, 0, 0
416900, 1728478, 1, 0, 0
417001, 1707527, 1, 0, 0
417101, 1641145, 1, 0, 0
417200, 1749175, 1, 0, 0
417300, 1573851, 1, 0, 0
417400, 1659548, 1, 0, 0
417501, 1581531, 1, 0, 0
417601, 1621695, 1, 0, 0
417701, 1701931, 1, 0, 0
417801, 1619941, 1, 0, 0
417900, 1710832, 1, 0, 0
418001, 1553901, 1, 0, 0
418100, 1634732, 1, 0, 0
418200, 1583801, 1, 0, 0
418300, 1743939, 1, 0, 0
418401, 1629041, 1, 0, 0
418501, 1725239, 1, 0, 0
418600, 1629229, 1, 0, 0
418700, 1742890, 1, 0, 0
418800, 1642608, 1, 0, 0
418900, 1590682, 1, 0, 0
419000, 1618694, 1, 0, 0
419100, 1723761, 1, 0, 0
419204, 1550044, 1, 0, 0
419300, 1638363, 1, 0, 0
419400, 1616756, 1, 0, 0
419502, 1696901, 1, 0, 0
419600, 1572032, 1, 0, 0
419701, 1708385, 1, 0, 0
419800, 1571723, 1, 0, 0
419900, 1745050, 1, 0, 0
420001, 1572819, 1, 0, 0
420100, 1670531, 1, 0, 0
420200, 1666262, 1, 0, 0
420300, 1585001, 1, 0, 0
420400, 1564513, 1, 0, 0
420501, 1595255, 1, 0, 0
420600, 1552976, 1, 0, 0
420700, 1552762, 1, 0, 0
420800, 1623663, 1, 0, 0
420900, 1565158, 1, 0, 0
421000, 1728009, 1, 0, 0
421100, 1643322, 1, 0, 0
421200, 1642437, 1, 0, 0
421300, 1631907, 1, 0, 0
421400, 1665328, 1, 0, 0
421500, 1617186, 1, 0, 0
421601, 1609170, 1, 0, 0
421701, 1558625, 1, 0, 0
421802, 1607311, 1, 0, 0
421900, 1591741, 1, 0, 0
422001, 1660886, 1, 0, 0
422100, 1660474, 1, 0, 0
422200, 1635268, 1, 0, 0
422301, 1562771, 1, 0, 0
422400, 1577801, 1, 0, 0
422500, 1674737, 1, 0, 0
422600, 1458661, 1, 0, 0
422700, 1598612, 1, 0, 0
422801, 1503797, 1, 0, 0
422900, 1605521, 1, 0, 0
423000, 1542230, 1, 0, 0
423100, 1523245, 1, 0, 0
423201, 1629747, 1, 0, 0
423301, 1623748, 1, 0, 0
423402, 1595223, 1, 0, 0
423500, 1586331, 1, 0, 0
423601, 1559297, 1, 0, 0
423700, 1580711, 1, 0, 0
423801, 1629214, 1, 0, 0
423900, 1627833, 1, 0, 0
424000, 1571570, 1, 0, 0
424100, 1537036, 1, 0, 0
424200, 1620425, 1, 0, 0
424300, 1549178, 1, 0, 0
424402, 1526355, 1, 0, 0
424501, 1681157, 1, 0, 0
424600, 1549985, 1, 0, 0
424700, 1642348, 1, 0, 0
424800, 1541770, 1, 0, 0
424901, 1538918, 1, 0, 0
425000, 1602152, 1, 0, 0
425100, 1568590, 1, 0, 0
425200, 1632009, 1, 0, 0
425300, 1529145, 1, 0, 0
425400, 1631972, 1, 0, 0
425500, 1545620, 1, 0, 0
425600, 1646409, 1, 0, 0
425701, 1580865, 1, 0, 0
425801, 1543887, 1, 0, 0
425901, 1640444, 1, 0, 0
426000, 1547307, 1, 0, 0
426100, 1521662, 1, 0, 0
426200, 1565556, 1, 0, 0
426300, 1585617, 1, 0, 0
426401, 1532790, 1, 0, 0
426500, 1529022, 1, 0, 0
426600, 1566590, 1, 0, 0
426700, 1645166, 1, 0, 0
426800, 1511756, 1, 0, 0
426900, 1571090, 1, 0, 0
427000, 1592230, 1, 0, 0
427100, 1617945, 1, 0, 0
427201, 1602950, 1, 0, 0
427301, 1616146, 1, 0, 0
427400, 1555448, 1, 0, 0
427500, 1570013, 1, 0, 0
427600, 1563238, 1, 0, 0
427701, 1599095, 1, 0, 0
427801, 1541466, 1, 0, 0
427900, 1529458, 1, 0, 0
428001, 1592322, 1, 0, 0
428100, 1560375, 1, 0, 0
428200, 1604336, 1, 0, 0
428300, 1590233, 1, 0, 0
428400, 1676569, 1, 0, 0
428501, 1525090, 1, 0, 0
428601, 1540948, 1, 0, 0
428700, 1520661, 1, 0, 0
428801, 1557974, 1, 0, 0
428901, 1515497, 1, 0, 0
429001, 1675717, 1, 0, 0
429100, 1538574, 1, 0, 0
429200, 1692496, 1, 0, 0
429300, 1619759, 1, 0, 0
429401, 1580916, 1, 0, 0
429500, 1610827, 1, 0, 0
429600, 1537529, 1, 0, 0
429701, 1485385, 1, 0, 0
429801, 1450668, 1, 0, 0
429900, 1652594, 1, 0, 0
430001, 1567925, 1, 0, 0
430100, 1543260, 1, 0, 0
430201, 1688843, 1, 0, 0
430300, 1585112, 1, 0, 0
430400, 1581776, 1, 0, 0
430500, 1576091, 1, 0, 0
430602, 1639694, 1, 0, 0
430700, 1567284, 1, 0, 0
430800, 1609841, 1, 0, 0
430902, 1622460, 1, 0, 0
431000, 1536990, 1, 0, 0
431101, 1690601, 1, 0, 0
431201, 1570821, 1, 0, 0
431301, 1560711, 1, 0, 0
431400, 1582600, 1, 0, 0
431501, 1505298, 1, 0, 0
431600, 1468511, 1, 0, 0
431700, 1514231, 1, 0, 0
431800, 1482907, 1, 0, 0
431901, 1489435, 1, 0, 0
432000, 1642297, 1, 0, 0
432101, 1548670, 1, 0, 0
432200, 1572583, 1, 0, 0
432300, 1496213, 1, 0, 0
432400, 1573387, 1, 0, 0
432501, 1577365, 1, 0, 0
432600, 1606251, 1, 0, 0
432700, 1584091, 1, 0, 0
432800, 1703873, 1, 0, 0
432901, 1627039, 1, 0, 0
433003, 1605962, 1, 0, 0
433100, 1596164, 1, 0, 0
433201, 1687799, 1, 0, 0
433300, 1625020, 1, 0, 0
433400, 1573799, 1, 0, 0
433500, 1559712, 1, 0, 0
433600, 1560458, 1, 0, 0
433700, 1620225, 1, 0, 0
433800, 1649780, 1, 0, 0
433900, 1545126, 1, 0, 0
434000, 1583279, 1, 0, 0
434101, 1555177, 1, 0, 0
434200, 1745917, 1, 0, 0
434300, 1590454, 1, 0, 0
434401, 1532160, 1, 0, 0
434501, 1512685, 1, 0, 0
434600, 1695047, 1, 0, 0
434701, 1597403, 1, 0, 0
434800, 1583794, 1, 0, 0
434900, 1589052, 1, 0, 0
435001, 1579998, 1, 0, 0
435100, 1694185, 1, 0, 0
435200, 1733445, 1, 0, 0
435301, 1620019, 1, 0, 0
435400, 1578424, 1, 0, 0
435501, 1605332, 1, 0, 0
435600, 1662568, 1, 0, 0
435700, 1637234, 1, 0, 0
435801, 1610127, 1, 0, 0
435900, 1554453, 1, 0, 0
436000, 1682480, 1, 0, 0
436100, 1610459, 1, 0, 0
436201, 1527668, 1, 0, 0
436301, 1602618, 1, 0, 0
436400, 1766861, 1, 0, 0
436500, 1738461, 1, 0, 0
436600, 1623523, 1, 0, 0
436705, 1643782, 1, 0, 0
436801, 1628585, 1, 0, 0
436900, 1573165, 1, 0, 0
437000, 1602149, 1, 0, 0
437100, 1640707, 1, 0, 0
437200, 1563019, 1, 0, 0
437300, 1726224, 1, 0, 0
437400, 1568883, 1, 0, 0
437501, 1675238, 1, 0, 0
437601, 1472155, 1, 0, 0
437701, 1616711, 1, 0, 0
437800, 1546954, 1, 0, 0
437900, 1596219, 1, 0, 0
438001, 1651088, 1, 0, 0
438100, 1684034, 1, 0, 0
438200, 1576590, 1, 0, 0
438301, 1616789, 1, 0, 0
438401, 1592502, 1, 0, 0
438500, 1690282, 1, 0, 0
438601, 1578565, 1, 0, 0
438700, 1594204, 1, 0, 0
438800, 1607887, 1, 0, 0
438900, 1623749, 1, 0, 0
439000, 1672250, 1, 0, 0
439100, 1590326, 1, 0, 0
439200, 1675197, 1, 0, 0
439300, 1570948, 1, 0, 0
439401, 1635314, 1, 0, 0
439501, 1640286, 1, 0, 0
439600, 1657706, 1, 0, 0
439700, 1594618, 1, 0, 0
439800, 1698412, 1, 0, 0
439900, 1586975, 1, 0, 0
440001, 1593679, 1, 0, 0
440101, 1608219, 1, 0, 0
440200, 1656573, 1, 0, 0
440301, 1585060, 1, 0, 0
440400, 1663506, 1, 0, 0
440500, 1641690, 1, 0, 0
440600, 1522656, 1, 0, 0
440700, 1585618, 1, 0, 0
440801, 1627223, 1, 0, 0
440900, 1606986, 1, 0, 0
441000, 1612688, 1, 0, 0
441100, 1543987, 1, 0, 0
441201, 1601632, 1, 0, 0
441300, 1558158, 1, 0, 0
441400, 1585445, 1, 0, 0
441500, 1588948, 1, 0, 0
441601, 1658330, 1, 0, 0
441700, 1547515, 1, 0, 0
441801, 1667646, 1, 0, 0
441900, 1527110, 1, 0, 0
442000, 1617566, 1, 0, 0
442101, 1551797, 1, 0, 0
442200, 1641217, 1, 0, 0
442300, 1581865, 1, 0, 0
442400, 1578288, 1, 0, 0
442502, 1616580, 1, 0, 0
442600, 1633789, 1, 0, 0
442700, 1602431, 1, 0, 0
442800, 1612862, 1, 0, 0
442900, 1762414, 1, 0, 0
443001, 1581779, 1, 0, 0
443100, 1664847, 1, 0, 0
443200, 1541322, 1, 0, 0
443300, 1562021, 1, 0, 0
443400, 1550890, 1, 0, 0
443500, 1554020, 1, 0, 0
443601, 1617580, 1, 0, 0
443701, 1641482, 1, 0, 0
443801, 1591157, 1, 0, 0
443900, 1528002, 1, 0, 0
444001, 1667744, 1, 0, 0
444101, 1634863, 1, 0, 0
444201, 1651298, 1, 0, 0
444301, 1542820, 1, 0, 0
444400, 1601540, 1, 0, 0
444501, 1556852, 1, 0, 0
444600, 1571996, 1, 0, 0
444700, 1570074, 1, 0, 0
444801, 1549464, 1, 0, 0
444900, 1458173, 1, 0, 0
445001, 1652338, 1, 0, 0
445100, 1510721, 1, 0, 0
445201, 1547045, 1, 0, 0
445300, 1524184, 1, 0, 0
445400, 1544778, 1, 0, 0
445501, 1550173, 1, 0, 0
445601, 1593095, 1, 0, 0
445701, 1569003, 1, 0, 0
445800, 1630246, 1, 0, 0
445900, 1568993, 1, 0, 0
446000, 1644437, 1, 0, 0
446100, 1581319, 1, 0, 0
446202, 1612990, 1, 0, 0
446301, 1641095, 1, 0, 0
446400, 1702173, 1, 0, 0
446500, 1584523, 1, 0, 0
446601, 1682746, 1, 0, 0
446700, 1686730, 1, 0, 0
446801, 1726190, 1, 0, 0
446900, 1597932, 1, 0, 0
447001, 1605208, 1, 0, 0
447101, 1677980, 1, 0, 0
447200, 1518072, 1, 0, 0
447300, 1666553, 1, 0, 0
447400, 1594273, 1, 0, 0
447501, 1595056, 1, 0, 0
447600, 1636987, 1, 0, 0
447701, 1717219, 1, 0, 0
447801, 1786549, 1, 0, 0
447901, 1762041, 1, 0, 0
448001, 1562153, 1, 0, 0
448101, 1674622, 1, 0, 0
448200, 1632653, 1, 0, 0
448301, 1714304, 1, 0, 0
448401, 1609104, 1, 0, 0
448500, 1607674, 1, 0, 0
448600, 1538672, 1, 0, 0
448700, 1537917, 1, 0, 0
448800, 1541783, 1, 0, 0
448901, 1602948, 1, 0, 0
449002, 1504957, 1, 0, 0
449100, 1506611, 1, 0, 0
449200, 1570162, 1, 0, 0
449300, 1620058, 1, 0, 0
449401, 1558878, 1, 0, 0
449501, 1614307, 1, 0, 0
449600, 1524631, 1, 0, 0
449700, 1674308, 1, 0, 0
449800, 1625443, 1, 0, 0
449900, 1765137, 1, 0, 0
450000, 1585309, 1, 0, 0
450101, 1567097, 1, 0, 0
450201, 1484300, 1, 0, 0
450301, 1648703, 1, 0, 0
450401, 1700341, 1, 0, 0
450500, 1582249, 1, 0, 0
450600, 1541124, 1, 0, 0
450700, 1571554, 1, 0, 0
450800, 1537605, 1, 0, 0
450900, 1537267, 1, 0, 0
451000, 1591285, 1, 0, 0
451101, 1589323, 1, 0, 0
451200, 1554306, 1, 0, 0
451301, 1621378, 1, 0, 0
451401, 1674710, 1, 0, 0
451500, 1638200, 1, 0, 0
451602, 1522427, 1, 0, 0
451700, 1563619, 1, 0, 0
451800, 1539126, 1, 0, 0
451901, 1530476, 1, 0, 0
452001, 1614950, 1, 0, 0
452100, 1608525, 1, 0, 0
452200, 1670824, 1, 0, 0
452300, 1596638, 1, 0, 0
452402, 1696622, 1, 0, 0
452500, 1519865, 1, 0, 0
452600, 1619104, 1, 0, 0
452701, 1625763, 1, 0, 0
452800, 1632809, 1, 0, 0
452900, 1765679, 1, 0, 0
453000, 1760010, 1, 0, 0
453103, 1624994, 1, 0, 0
453200, 1546381, 1, 0, 0
453301, 1594311, 1, 0, 0
453401, 1632914, 1, 0, 0
453501, 1609496, 1, 0, 0
453601, 1620691, 1, 0, 0
453701, 1727885, 1, 0, 0
453800, 1690672, 1, 0, 0
453900, 1618665, 1, 0, 0
454000, 1468582, 1, 0, 0
454100, 1644012, 1, 0, 0
454202, 1638063, 1, 0, 0
454300, 1558704, 1, 0, 0
454401, 1506022, 1, 0, 0
454501, 1637172, 1, 0, 0
454600, 1623918, 1, 0, 0
454700, 1520967, 1, 0, 0
454801, 1580472, 1, 0, 0
454900, 1512169, 1, 0, 0
455001, 1527189, 1, 0, 0
455100, 1607726, 1, 0, 0
455200, 1541453, 1, 0, 0
455303, 1652394, 1, 0, 0
455400, 1718901, 1, 0, 0
455500, 1615592, 1, 0, 0
455600, 1646280, 1, 0, 0
455701, 1559462, 1, 0, 0
455804, 1716699, 1, 0, 0
455900, 1583597, 1, 0, 0
456000, 1586152, 1, 0, 0
456101, 1634478, 1, 0, 0
456200, 1668747, 1, 0, 0
456300, 1603242, 1, 0, 0
456400, 1561591, 1, 0, 0
456501, 1592338, 1, 0, 0
456600, 1672244, 1, 0, 0
456700, 1587797, 1, 0, 0
456800, 1575853, 1, 0, 0
456900, 1657425, 1, 0, 0
457002, 1632179, 1, 0, 0
457100, 1578784, 1, 0, 0
457200, 1591474, 1, 0, 0
457301, 1623166, 1, 0, 0
457401, 1644759, 1, 0, 0
457502, 1673423, 1, 0, 0
457600, 1557491, 1, 0, 0
457700, 1732694, 1, 0, 0
457801, 1554391, 1, 0, 0
457901, 1735045, 1, 0, 0
458000, 1646993, 1, 0, 0
458100, 1547227, 1, 0, 0
458200, 1465856, 1, 0, 0
458301, 1698490, 1, 0, 0
458400, 1574708, 1, 0, 0
458500, 1795280, 1, 0, 0
458600, 1583409, 1, 0, 0
458700, 1714808, 1, 0, 0
458801, 1623287, 1, 0, 0
458900, 1717549, 1, 0, 0
459000, 1588976, 1, 0, 0
459100, 1645709, 1, 0, 0
459201, 1602756, 1, 0, 0
459300, 1710839, 1, 0, 0
459400, 1542742, 1, 0, 0
459501, 1554702, 1, 0, 0
459600, 1693636, 1, 0, 0
459700, 1551513, 1, 0, 0
459801, 1659739, 1, 0, 0
459901, 1540674, 1, 0, 0
460000, 1665379, 1, 0, 0
460101, 1482741, 1, 0, 0
460201, 1602156, 1, 0, 0
460301, 1567733, 1, 0, 0
460401, 1638636, 1, 0, 0
460500, 1694967, 1, 0, 0
460600, 1506707, 1, 0, 0
460702, 1599269, 1, 0, 0
460801, 1541672, 1, 0, 0
460902, 1531270, 1, 0, 0
461001, 1476415, 1, 0, 0
461101, 1677847, 1, 0, 0
461201, 1515463, 1, 0, 0
461300, 1619952, 1, 0, 0
461400, 1541044, 1, 0, 0
461501, 1580266, 1, 0, 0
461602, 1537086, 1, 0, 0
461700, 1580702, 1, 0, 0
461800, 1644434, 1, 0, 0
461901, 1583552, 1, 0, 0
462000, 1622963, 1, 0, 0
462100, 1628499, 1, 0, 0
462200, 1615318, 1, 0, 0
462301, 1636869, 1, 0, 0
462400, 1586161, 1, 0, 0
462500, 1643186, 1, 0, 0
462601, 1530122, 1, 0, 0
462700, 1612296, 1, 0, 0
462800, 1581337, 1, 0, 0
462900, 1570242, 1, 0, 0
463000, 1533587, 1, 0, 0
463100, 1773828, 1, 0, 0
463201, 1552918, 1, 0, 0
463300, 1621132, 1, 0, 0
463400, 1627234, 1, 0, 0
463500, 1613241, 1, 0, 0
463601, 1628792, 1, 0, 0
463700, 1653126, 1, 0, 0
463800, 1566959, 1, 0, 0
463902, 1566039, 1, 0, 0
464000, 1728766, 1, 0, 0
464100, 1627979, 1, 0, 0
464200, 1530781, 1, 0, 0
464301, 1715301, 1, 0, 0
464400, 1624556, 1, 0, 0
464500, 1651285, 1, 0, 0
464600, 1618170, 1, 0, 0
464700, 1800015, 1, 0, 0
464801, 1627183, 1, 0, 0
464901, 1615538, 1, 0, 0
465000, 1527464, 1, 0, 0
465100, 1620709, 1, 0, 0
465201, 1581485, 1, 0, 0
465300, 1683782, 1, 0, 0
465401, 1820474, 1, 0, 0
465500, 1519177, 1, 0, 0
465600, 1686830, 1, 0, 0
465700, 1588732, 1, 0, 0
465800, 1801799, 1, 0, 0
465900, 1659007, 1, 0, 0
466000, 1775517, 1, 0, 0
466101, 1549601, 1, 0, 0
466200, 1626083, 1, 0, 0
466300, 1592738, 1, 0, 0
466400, 1677025, 1, 0, 0
466500, 1676963, 1, 0, 0
466601, 1767484, 1, 0, 0
466700, 1665673, 1, 0, 0
466801, 1654138, 1, 0, 0
466901, 1700470, 1, 0, 0
467001, 1635697, 1, 0, 0
467100, 1759110, 1, 0, 0
467201, 1705555, 1, 0, 0
467300, 1782072, 1, 0, 0
467400, 1642610, 1, 0, 0
467500, 1767527, 1, 0, 0
467601, 1603793, 1, 0, 0
467701, 1701153, 1, 0, 0
467801, 1645132, 1, 0, 0
467901, 1672801, 1, 0, 0
468001, 1584942, 1, 0, 0
468101, 1699338, 1, 0, 0
468200, 1656933, 1, 0, 0
468300, 1700957, 1, 0, 0
468400, 1712467, 1, 0, 0
468500, 1605797, 1, 0, 0
468600, 1620884, 1, 0, 0
468700, 1595994, 1, 0, 0
468800, 1614344, 1, 0, 0
468900, 1548964, 1, 0, 0
469001, 1715385, 1, 0, 0
469101, 1584408, 1, 0, 0
469201, 1613740, 1, 0, 0
469300, 1659337, 1, 0, 0
469400, 1575097, 1, 0, 0
469500, 1603530, 1, 0, 0
469603, 1572392, 1, 0, 0
469701, 1632605, 1, 0, 0
469800, 1555920, 1, 0, 0
469900, 1611983, 1, 0, 0
470001, 1651523, 1, 0, 0
470100, 1637295, 1, 0, 0
470200, 1751918, 1, 0, 0
470300, 1642532, 1, 0, 0
470400, 1565441, 1, 0, 0
470500, 1657605, 1, 0, 0
470600, 1618558, 1, 0, 0
470700, 1631919, 1, 0, 0
470800, 1730166, 1, 0, 0
470901, 1582138, 1, 0, 0
471000, 1692345, 1, 0, 0
471101, 1666816, 1, 0, 0
471201, 1693940, 1, 0, 0
471300, 1679170, 1, 0, 0
471400, 1675876, 1, 0, 0
471501, 1686270, 1, 0, 0
471601, 1745812, 1, 0, 0
471700, 1714739, 1, 0, 0
471800, 1664920, 1, 0, 0
471900, 1713782, 1, 0, 0
472001, 1546789, 1, 0, 0
472102, 1842896, 1, 0, 0
472200, 1706212, 1, 0, 0
472300, 1721014, 1, 0, 0
472402, 1683725, 1, 0, 0
472500, 1730796, 1, 0, 0
472601, 1624438, 1, 0, 0
472700, 1688259, 1, 0, 0
472800, 1638725, 1, 0, 0
472901, 1726624, 1, 0, 0
473000, 1719185, 1, 0, 0
473101, 1722110, 1, 0, 0
473201, 1612991, 1, 0, 0
473301, 1668090, 1, 0, 0
473400, 1631060, 1, 0, 0
473501, 1633719, 1, 0, 0
473600, 1844423, 1, 0, 0
473700, 1771119, 1, 0, 0
473800, 1759267, 1, 0, 0
473900, 1730882, 1, 0, 0
474001, 1660523, 1, 0, 0
474100, 1711124, 1, 0, 0
474201, 1670548, 1, 0, 0
474300, 1750545, 1, 0, 0
474400, 1641935, 1, 0, 0
474501, 1726427, 1, 0, 0
474601, 1755443, 1, 0, 0
474700, 1856557, 1, 0, 0
474801, 1620830, 1, 0, 0
474901, 1795107, 1, 0, 0
475000, 1694984, 1, 0, 0
475100, 1678116, 1, 0, 0
475200, 1748392, 1, 0, 0
475301, 1755792, 1, 0, 0
475400, 1632015, 1, 0, 0
475500, 1608339, 1, 0, 0
475600, 1621672, 1, 0, 0
475700, 1739662, 1, 0, 0
475800, 1696596, 1, 0, 0
475903, 1780676, 1, 0, 0
476000, 1652249, 1, 0, 0
476101, 1759998, 1, 0, 0
476200, 1658418, 1, 0, 0
476301, 1914884, 1, 0, 0
476400, 1678928, 1, 0, 0
476500, 1679088, 1, 0, 0
476600, 1725159, 1, 0, 0
476701, 1856531, 1, 0, 0
476801, 1691287, 1, 0, 0
476901, 1637358, 1, 0, 0
477001, 1771981, 1, 0, 0
477100, 1643310, 1, 0, 0
477200, 1735749, 1, 0, 0
477300, 1653233, 1, 0, 0
477401, 1621382, 1, 0, 0
477501, 1794784, 1, 0, 0
477601, 1736982, 1, 0, 0
477700, 1635896, 1, 0, 0
477800, 1755397, 1, 0, 0
477901, 1726302, 1, 0, 0
478000, 1745907, 1, 0, 0
478100, 1641655, 1, 0, 0
478200, 1682725, 1, 0, 0
478300, 1661137, 1, 0, 0
478401, 1565305, 1, 0, 0
478500, 1626924, 1, 0, 0
478601, 1659926, 1, 0, 0
478701, 1588593, 1, 0, 0
478801, 1619882, 1, 0, 0
478900, 1661581, 1, 0, 0
479000, 1646079, 1, 0, 0
479100, 1577901, 1, 0, 0
479200, 1711598, 1, 0, 0
479300, 1608511, 1, 0, 0
479401, 1717309, 1, 0, 0
479500, 1527440, 1, 0, 0
479600, 1650920, 1, 0, 0
479701, 1653284, 1, 0, 0
479800, 1659666, 1, 0, 0
479901, 1683500, 1, 0, 0
480001, 1679067, 1, 0, 0
480100, 1603454, 1, 0, 0
480201, 1529974, 1, 0, 0
480300, 1583650, 1, 0, 0
480402, 1639804, 1, 0, 0
480500, 1619598, 1, 0, 0
480600, 1516416, 1, 0, 0
480700, 1708314, 1, 0, 0
480801, 1653057, 1, 0, 0
480901, 1711472, 1, 0, 0
481001, 1668733, 1, 0, 0
481100, 1596188, 1, 0, 0
481201, 1630747, 1, 0, 0
481300, 1642697, 1, 0, 0
481400, 1616927, 1, 0, 0
481500, 1611035, 1, 0, 0
481600, 1588904, 1, 0, 0
481702, 1624953, 1, 0, 0
481800, 1705668, 1, 0, 0
481901, 1634282, 1, 0, 0
482003, 1616903, 1, 0, 0
482100, 1511863, 1, 0, 0
482202, 1601294, 1, 0, 0
482300, 1566870, 1, 0, 0
482400, 1722683, 1, 0, 0
482500, 1588003, 1, 0, 0
482601, 1604401, 1, 0, 0
482701, 1521845, 1, 0, 0
482800, 1484340, 1, 0, 0
482900, 1592052, 1, 0, 0
483000, 1592197, 1, 0, 0
483100, 1582940, 1, 0, 0
483201, 1751838, 1, 0, 0
483300, 1661329, 1, 0, 0
483400, 1704602, 1, 0, 0
483500, 1565081, 1, 0, 0
483600, 1621307, 1, 0, 0
483700, 1609683, 1, 0, 0
483801, 1637072, 1, 0, 0
483901, 1670558, 1, 0, 0
484001, 1714908, 1, 0, 0
484101, 1643385, 1, 0, 0
484201, 1695009, 1, 0, 0
484300, 1658513, 1, 0, 0
484400, 1594811, 1, 0, 0
484500, 1665382, 1, 0, 0
484601, 1696369, 1, 0, 0
484700, 1654545, 1, 0, 0
484800, 1568526, 1, 0, 0
484900, 1674833, 1, 0, 0
485001, 1579777, 1, 0, 0
485101, 1648117, 1, 0, 0
485201, 1636996, 1, 0, 0
485300, 1609307, 1, 0, 0
485400, 1753635, 1, 0, 0
485501, 1694458, 1, 0, 0
485600, 1612260, 1, 0, 0
485700, 1591235, 1, 0, 0
485801, 1592881, 1, 0, 0
485901, 1621928, 1, 0, 0
486000, 1637478, 1, 0, 0
486100, 1584458, 1, 0, 0
486200, 1668687, 1, 0, 0
486300, 1540462, 1, 0, 0
486400, 1654161, 1, 0, 0
486501, 1783563, 1, 0, 0
486601, 1505141, 1, 0, 0
486701, 1672533, 1, 0, 0
486800, 1655733, 1, 0, 0
486900, 1606254, 1, 0, 0
487000, 1580187, 1, 0, 0
487100, 1496345, 1, 0, 0
487201, 1577222, 1, 0, 0
487300, 1640545, 1, 0, 0
487400, 1606400, 1, 0, 0
487500, 1671835, 1, 0, 0
487601, 1558680, 1, 0, 0
487701, 1569823, 1, 0, 0
487800, 1547053, 1, 0, 0
487901, 1558219, 1, 0, 0
488000, 1578518, 1, 0, 0
488101, 1558294, 1, 0, 0
488200, 1660345, 1, 0, 0
488301, 1580700, 1, 0, 0
488400, 1723280, 1, 0, 0
488500, 1644210, 1, 0, 0
488601, 1570054, 1, 0, 0
488700, 1511778, 1, 0, 0
488801, 1622055, 1, 0, 0
488900, 1600149, 1, 0, 0
489000, 1546013, 1, 0, 0
489100, 1647853, 1, 0, 0
489200, 1590494, 1, 0, 0
489300, 1545677, 1, 0, 0
489400, 1646305, 1, 0, 0
489500, 1540668, 1, 0, 0
489602, 1623751, 1, 0, 0
489701, 1620317, 1, 0, 0
489800, 1529866, 1, 0, 0
489900, 1584712, 1, 0, 0
490002, 1558521, 1, 0, 0
490100, 1700187, 1, 0, 0
490200, 1507079, 1, 0, 0
490300, 1594189, 1, 0, 0
490401, 1489024, 1, 0, 0
490500, 1544249, 1, 0, 0
490600, 1572103, 1, 0, 0
490700, 1534251, 1, 0, 0
490800, 1621735, 1, 0, 0
490900, 1647357, 1, 0, 0
491000, 1667847, 1, 0, 0
491101, 1556877, 1, 0, 0
491200, 1854515, 1, 0, 0
491300, 1724581, 1, 0, 0
491401, 1657629, 1, 0, 0
491501, 1629492, 1, 0, 0
491601, 1553263, 1, 0, 0
491700, 1587745, 1, 0, 0
491800, 1674270, 1, 0, 0
491900, 1555471, 1, 0, 0
492000, 1651396, 1, 0, 0
492100, 1644006, 1, 0, 0
492201, 1579118, 1, 0, 0
492300, 1651439, 1, 0, 0
492400, 1567750, 1, 0, 0
492500, 1681194, 1, 0, 0
492600, 1635255, 1, 0, 0
492700, 1710031, 1, 0, 0
492801, 1625406, 1, 0, 0
492901, 1733058, 1, 0, 0
493001, 1593801, 1, 0, 0
493100, 1685585, 1, 0, 0
493200, 1677511, 1, 0, 0
493300, 1610373, 1, 0, 0
493401, 1556518, 1, 0, 0
493500, 1605185, 1, 0, 0
493602, 1740873, 1, 0, 0
493701, 1655524, 1, 0, 0
493801, 1763401, 1, 0, 0
493901, 1541736, 1, 0, 0
494000, 1585814, 1, 0, 0
494101, 1625873, 1, 0, 0
494200, 1554239, 1, 0, 0
494300, 1581658, 1, 0, 0
494400, 1549099, 1, 0, 0
494501, 1517840, 1, 0, 0
494601, 1591097, 1, 0, 0
494700, 1718544, 1, 0, 0
494801, 1668078, 1, 0, 0
494900, 1627711, 1, 0, 0
495001, 1690655, 1, 0, 0
495101, 1620428, 1, 0, 0
495200, 1571209, 1, 0, 0
495301, 1652858, 1, 0, 0
495401, 1622877, 1, 0, 0
495500, 1598871, 1, 0, 0
495600, 1650336, 1, 0, 0
495700, 1737212, 1, 0, 0
495800, 1639311, 1, 0, 0
495900, 1665422, 1, 0, 0
496000, 1766975, 1, 0, 0
496101, 1610490, 1, 0, 0
496200, 1624172, 1, 0, 0
496300, 1650320, 1, 0, 0
496400, 1662484, 1, 0, 0
496500, 1614849, 1, 0, 0
496600, 1585599, 1, 0, 0
496701, 1508157, 1, 0, 0
496801, 1714073, 1, 0, 0
496901, 1701847, 1, 0, 0
497001, 1580593, 1, 0, 0
497100, 1588633, 1, 0, 0
497201, 1603002, 1, 0, 0
497301, 1693611, 1, 0, 0
497401, 1621893, 1, 0, 0
497501, 1600141, 1, 0, 0
497601, 1555257, 1, 0, 0
497700, 1639987, 1, 0, 0
497803, 1611115, 1, 0, 0
497900, 1639020, 1, 0, 0
498000, 1705710, 1, 0, 0
498100, 1590532, 1, 0, 0
498201, 1640641, 1, 0, 0
498301, 1664551, 1, 0, 0
498401, 1731882, 1, 0, 0
498500, 1655454, 1, 0, 0
498601, 1721880, 1, 0, 0
498700, 1768513, 1, 0, 0
498800, 1698798, 1, 0, 0
498901, 1726532, 1, 0, 0
499001, 1757420, 1, 0, 0
499100, 1668959, 1, 0, 0
499201, 1803114, 1, 0, 0
499301, 1713308, 1, 0, 0
499401, 1686491, 1, 0, 0
499501, 1799540, 1, 0, 0
499600, 1634653, 1, 0, 0
499700, 1674065, 1, 0, 0
499800, 1698756, 1, 0, 0
499901, 1628590, 1, 0, 0
500000, 1633239, 1, 0, 0
500101, 1785800, 1, 0, 0
500200, 1620508, 1, 0, 0
500300, 1627623, 1, 0, 0
500400, 1640086, 1, 0, 0
500500, 1606624, 1, 0, 0
500600, 1601965, 1, 0, 0
500700, 1702991, 1, 0, 0
500801, 1656929, 1, 0, 0
500900, 1650569, 1, 0, 0
501001, 1690181, 1, 0, 0
501101, 1592500, 1, 0, 0
501200, 1749540, 1, 0, 0
501300, 1643301, 1, 0, 0
501401, 1632929, 1, 0, 0
501501, 1670541, 1, 0, 0
501600, 1720778, 1, 0, 0
501700, 1659988, 1, 0, 0
501801, 1715335, 1, 0, 0
501901, 1643298, 1, 0, 0
502001, 1762525, 1, 0, 0
502101, 1643184, 1, 0, 0
502200, 1658565, 1, 0, 0
502300, 1730197, 1, 0, 0
502401, 1740041, 1, 0, 0
502500, 1586166, 1, 0, 0
502600, 1564413, 1, 0, 0
502700, 1659197, 1, 0, 0
502801, 1584978, 1, 0, 0
502901, 1739073, 1, 0, 0
503000, 1720004, 1, 0, 0
503100, 1659735, 1, 0, 0
503200, 1601910, 1, 0, 0
503300, 1638263, 1, 0, 0
503401, 1560627, 1, 0, 0
503500, 1851508, 1, 0, 0
503601, 1596027, 1, 0, 0
503700, 1639989, 1, 0, 0
503800, 1666724, 1, 0, 0
503900, 1700488, 1, 0, 0
504001, 1575304, 1, 0, 0
504100, 1556070, 1, 0, 0
504200, 1563834, 1, 0, 0
504301, 1564699, 1, 0, 0
504400, 1596661, 1, 0, 0
504500, 1645098, 1, 0, 0
504600, 1733627, 1, 0, 0
504700, 1766160, 1, 0, 0
504801, 1746403, 1, 0, 0
504900, 1583358, 1, 0, 0
505001, 1678914, 1, 0, 0
505100, 1605487, 1, 0, 0
505200, 1676614, 1, 0, 0
505301, 1635321, 1, 0, 0
505400, 1654496, 1, 0, 0
505501, 1636429, 1, 0, 0
505601, 1669064, 1, 0, 0
505701, 1708613, 1, 0, 0
505800, 1782810, 1, 0, 0
505900, 1620986, 1, 0, 0
506001, 1711153, 1, 0, 0
506100, 1723477, 1, 0, 0
506200, 1607299, 1, 0, 0
506300, 1630328, 1, 0, 0
506405, 1660379, 1, 0, 0
506500, 1543439, 1, 0, 0
506600, 1591226, 1, 0, 0
506700, 1611276, 1, 0, 0
506800, 1543176, 1, 0, 0
506901, 1667164, 1, 0, 0
507000, 1568817, 1, 0, 0
507100, 1644909, 1, 0, 0
507201, 1582544, 1, 0, 0
507300, 1782406, 1, 0, 0
507400, 1608904, 1, 0, 0
507501, 1659959, 1, 0, 0
507600, 1610736, 1, 0, 0
507701, 1689204, 1, 0, 0
507800, 1662494, 1, 0, 0
507900, 1667665, 1, 0, 0
508002, 1702200, 1, 0, 0
508101, 1691392, 1, 0, 0
508202, 1713998, 1, 0, 0
508300, 1583768, 1, 0, 0
508401, 1721416, 1, 0, 0
508500, 1755559, 1, 0, 0
508600, 1783395, 1, 0, 0
508701, 1637729, 1, 0, 0
508801, 1758842, 1, 0, 0
508901, 1675727, 1, 0, 0
509000, 1747194, 1, 0, 0
509100, 1708579, 1, 0, 0
509200, 1690157, 1, 0, 0
509300, 1855465, 1, 0, 0
509400, 1796390, 1, 0, 0
509500, 1740998, 1, 0, 0
509601, 1686535, 1, 0, 0
509700, 1661000, 1, 0, 0
509801, 1743878, 1, 0, 0
509900, 1719548, 1, 0, 0
510001, 1804988, 1, 0, 0
510100, 1714694, 1, 0, 0
510200, 1711015, 1, 0, 0
510301, 1777403, 1, 0, 0
510401, 1648516, 1, 0, 0
510500, 1577496, 1, 0, 0
510600, 1671338, 1, 0, 0
510702, 1623735, 1, 0, 0
510800, 1647986, 1, 0, 0
510903, 1533431, 1, 0, 0
511000, 1651341, 1, 0, 0
511100, 1843202, 1, 0, 0
511200, 1606078, 1, 0, 0
511301, 1586787, 1, 0, 0
511401, 1729568, 1, 0, 0
511500, 1662844, 1, 0, 0
511600, 1672792, 1, 0, 0
511701, 1652676, 1, 0, 0
511800, 1662024, 1, 0, 0
511900, 1759876, 1, 0, 0
512001, 1586493, 1, 0, 0
512100, 1697433, 1, 0, 0
512200, 1603840, 1, 0, 0
512300, 1800912, 1, 0, 0
512400, 1650735, 1, 0, 0
512500, 1622673, 1, 0, 0
512600, 1762361, 1, 0, 0
512701, 1601765, 1, 0, 0
512800, 1612579, 1, 0, 0
512900, 1667230, 1, 0, 0
513000, 1740807, 1, 0, 0
513100, 1683740, 1, 0, 0
513201, 1752864, 1, 0, 0
513301, 1704430, 1, 0, 0
513400, 1664773, 1, 0, 0
513500, 1632122, 1, 0, 0
513600, 1602491, 1, 0, 0
513700, 1701616, 1, 0, 0
513801, 1573743, 1, 0, 0
513901, 1619559, 1, 0, 0
514000, 1712646, 1, 0, 0
514102, 1606368, 1, 0, 0
514201, 1649938, 1, 0, 0
514301, 1698718, 1, 0, 0
514401, 1573294, 1, 0, 0
514500, 1592176, 1, 0, 0
514600, 1603621, 1, 0, 0
514701, 1683318, 1, 0, 0
514800, 1656278, 1, 0, 0
514900, 1595561, 1, 0, 0
515001, 1597806, 1, 0, 0
515100, 1577167, 1, 0, 0
515200, 1618415, 1, 0, 0
515300, 1620394, 1, 0, 0
515400, 1603639, 1, 0, 0
515500, 1606923, 1, 0, 0
515600, 1655726, 1, 0, 0
515700, 1610315, 1, 0, 0
515801, 1562106, 1, 0, 0
515902, 1635707, 1, 0, 0
516001, 1621845, 1, 0, 0
516100, 1698061, 1, 0, 0
516200, 1610047, 1, 0, 0
516300, 1706780, 1, 0, 0
516401, 1604732, 1, 0, 0
516501, 1675656, 1, 0, 0
516600, 1632558, 1, 0, 0
516700, 1719688, 1, 0, 0
516801, 1584569, 1, 0, 0
516900, 1623358, 1, 0, 0
517000, 1615668, 1, 0, 0
517100, 1681845, 1, 0, 0
517200, 1706373, 1, 0, 0
517300, 1606835, 1, 0, 0
517401, 1553720, 1, 0, 0
517501, 1566299, 1, 0, 0
517600, 1550092, 1, 0, 0
517700, 1572278, 1, 0, 0
517800, 1673868, 1, 0, 0
517900, 1514172, 1, 0, 0
518003, 1631575, 1, 0, 0
518100, 1572722, 1, 0, 0
518200, 1569905, 1, 0, 0
518300, 1513170, 1, 0, 0
518401, 1600925, 1, 0, 0
518501, 1575127, 1, 0, 0
518600, 1674489, 1, 0, 0
518700, 1579809, 1, 0, 0
518800, 1534291, 1, 0, 0
518901, 1551006, 1, 0, 0
519000, 1626862, 1, 0, 0
519100, 1615688, 1, 0, 0
519200, 1624655, 1, 0, 0
519300, 1568309, 1, 0, 0
519401, 1597951, 1, 0, 0
519501, 1593153, 1, 0, 0
519601, 1673953, 1, 0, 0
519700, 1656168, 1, 0, 0
519800, 1595551, 1, 0, 0
519900, 1662147, 1, 0, 0
520000, 1593797, 1, 0, 0
520101, 1750105, 1, 0, 0
520200, 1629688, 1, 0, 0
520301, 1507887, 1, 0, 0
520400, 1666720, 1, 0, 0
520500, 1642605, 1, 0, 0
520600, 1619910, 1, 0, 0
520700, 1708628, 1, 0, 0
520802, 1756788, 1, 0, 0
520900, 1620924, 1, 0, 0
521000, 1670530, 1, 0, 0
521101, 1606805, 1, 0, 0
521200, 1688623, 1, 0, 0
521300, 1789655, 1, 0, 0
521401, 1583663, 1, 0, 0
521501, 1772887, 1, 0, 0
521601, 1611750, 1, 0, 0
521701, 1623061, 1, 0, 0
521801, 1591242, 1, 0, 0
521900, 1636575, 1, 0, 0
522002, 1567896, 1, 0, 0
522101, 1808226, 1, 0, 0
522200, 1607104, 1, 0, 0
522301, 1605719, 1, 0, 0
522401, 1623837, 1, 0, 0
522500, 1654210, 1, 0, 0
522601, 1577021, 1, 0, 0
522700, 1604844, 1, 0, 0
522802, 1684183, 1, 0, 0
522900, 1633553, 1, 0, 0
523000, 1672118, 1, 0, 0
523100, 1643557, 1, 0, 0
523200, 1775216, 1, 0, 0
523301, 1579649, 1, 0, 0
523401, 1586275, 1, 0, 0
523500, 1577848, 1, 0, 0
523601, 1662395, 1, 0, 0
523700, 1692593, 1, 0, 0
523800, 1695402, 1, 0, 0
523900, 1597773, 1, 0, 0
524000, 1611373, 1, 0, 0
524102, 1627677, 1, 0, 0
524200, 1608058, 1, 0, 0
524301, 1880737, 1, 0, 0
524400, 1682819, 1, 0, 0
524500, 1642579, 1, 0, 0
524600, 1622006, 1, 0, 0
524700, 1728504, 1, 0, 0
524801, 1607916, 1, 0, 0
524901, 1671595, 1, 0, 0
525002, 1608098, 1, 0, 0
525101, 1687860, 1, 0, 0
525201, 1540803, 1, 0, 0
525301, 1712549, 1, 0, 0
525401, 1614661, 1, 0, 0
525502, 1718004, 1, 0, 0
525601, 1721962, 1, 0, 0
525701, 1615723, 1, 0, 0
525800, 1610082, 1, 0, 0
525900, 1638805, 1, 0, 0
526000, 1639468, 1, 0, 0
526100, 1610835, 1, 0, 0
526201, 1691235, 1, 0, 0
526300, 1658592, 1, 0, 0
526400, 1618024, 1, 0, 0
526500, 1620302, 1, 0, 0
526602, 1733194, 1, 0, 0
526700, 1635988, 1, 0, 0
526800, 1675452, 1, 0, 0
526900, 1733133, 1, 0, 0
527001, 1679960, 1, 0, 0
527100, 1687917, 1, 0, 0
527201, 1573931, 1, 0, 0
527302, 1749285, 1, 0, 0
527400, 1651529, 1, 0, 0
527500, 1700339, 1, 0, 0
527600, 1672191, 1, 0, 0
527700, 1566377, 1, 0, 0
527800, 1547205, 1, 0, 0
527900, 1592752, 1, 0, 0
528000, 1639051, 1, 0, 0
528101, 1630550, 1, 0, 0
528200, 1625951, 1, 0, 0
528300, 1604650, 1, 0, 0
528400, 1659001, 1, 0, 0
528501, 1619256, 1, 0, 0
528602, 1745794, 1, 0, 0
528700, 1613823, 1, 0, 0
528800, 1726454, 1, 0, 0
528901, 1585551, 1, 0, 0
529003, 1629354, 1, 0, 0
529101, 1692970, 1, 0, 0
529202, 1630953, 1, 0, 0
529301, 1688363, 1, 0, 0
529402, 1603623, 1, 0, 0
529500, 1560339, 1, 0, 0
529601, 1585358, 1, 0, 0
529700, 1554679, 1, 0, 0
529801, 1656169, 1, 0, 0
529901, 1499248, 1, 0, 0
530000, 1617418, 1, 0, 0
530100, 1687659, 1, 0, 0
530201, 1620543, 1, 0, 0
530300, 1784770, 1, 0, 0
530401, 1558642, 1, 0, 0
530500, 1618640, 1, 0, 0
530600, 1539726, 1, 0, 0
530700, 1589127, 1, 0, 0
530800, 1599310, 1, 0, 0
530902, 1601874, 1, 0, 0
531001, 1593399, 1, 0, 0
531103, 1595716, 1, 0, 0
531200, 1554746, 1, 0, 0
531301, 1742569, 1, 0, 0
531400, 1529784, 1, 0, 0
531500, 1647742, 1, 0, 0
531601, 1613428, 1, 0, 0
531700, 1563486, 1, 0, 0
531800, 1597416, 1, 0, 0
531900, 1584391, 1, 0, 0
532001, 1639091, 1, 0, 0
532100, 1754386, 1, 0, 0
532200, 1567795, 1, 0, 0
532300, 1622034, 1, 0, 0
532400, 1611114, 1, 0, 0
532500, 1653461, 1, 0, 0
532600, 1579321, 1, 0, 0
532700, 1622087, 1, 0, 0
532800, 1724972, 1, 0, 0
532900, 1592202, 1, 0, 0
533001, 1666111, 1, 0, 0
533100, 1780018, 1, 0, 0
533200, 1785844, 1, 0, 0
533300, 1819987, 1, 0, 0
533401, 1608314, 1, 0, 0
533501, 1620498, 1, 0, 0
533600, 1686368, 1, 0, 0
533701, 1630479, 1, 0, 0
533800, 1559588, 1, 0, 0
533900, 1616990, 1, 0, 0
534000, 1588102, 1, 0, 0
534100, 1625669, 1, 0, 0
534201, 1619929, 1, 0, 0
534301, 1624252, 1, 0, 0
534403, 1570594, 1, 0, 0
534500, 1601621, 1, 0, 0
534600, 1606903, 1, 0, 0
534700, 1588808, 1, 0, 0
534800, 1599683, 1, 0, 0
534900, 1579408, 1, 0, 0
535001, 1583853, 1, 0, 0
535101, 1544310, 1, 0, 0
535200, 1593614, 1, 0, 0
535301, 1578480, 1, 0, 0
535401, 1651800, 1, 0, 0
535501, 1536707, 1, 0, 0
535601, 1559828, 1, 0, 0
535702, 1608518, 1, 0, 0
535800, 1543693, 1, 0, 0
535900, 1609033, 1, 0, 0
536001, 1692314, 1, 0, 0
536100, 1597356, 1, 0, 0
536201, 1646785, 1, 0, 0
536300, 1655633, 1, 0, 0
536401, 1547603, 1, 0, 0
536501, 1519554, 1, 0, 0
536600, 1575146, 1, 0, 0
536700, 1586640, 1, 0, 0
536800, 1654841, 1, 0, 0
536901, 1626335, 1, 0, 0
537000, 1528372, 1, 0, 0
537101, 1577582, 1, 0, 0
537200, 1600998, 1, 0, 0
537300, 1709034, 1, 0, 0
537400, 1534753, 1, 0, 0
537500, 1551586, 1, 0, 0
537600, 1604203, 1, 0, 0
537701, 1697093, 1, 0, 0
537802, 1658242, 1, 0, 0
537900, 1705087, 1, 0, 0
538000, 1631456, 1, 0, 0
538100, 1524752, 1, 0, 0
538200, 1562261, 1, 0, 0
538300, 1591977, 1, 0, 0
538403, 1637677, 1, 0, 0
538500, 1525188, 1, 0, 0
538602, 1608887, 1, 0, 0
538701, 1664318, 1, 0, 0
538801, 1617149, 1, 0, 0
538901, 1623371, 1, 0, 0
539001, 1583631, 1, 0, 0
539100, 1607877, 1, 0, 0
539201, 1607594, 1, 0, 0
539301, 1611010, 1, 0, 0
539401, 1493806, 1, 0, 0
539500, 1580733, 1, 0, 0
539600, 1613003, 1, 0, 0
539700, 1515000, 1, 0, 0
539800, 1587062, 1, 0, 0
539900, 1627611, 1, 0, 0
540001, 1647776, 1, 0, 0
540100, 1723308, 1, 0, 0
540200, 1613633, 1, 0, 0
540300, 1692026, 1, 0, 0
540400, 1552007, 1, 0, 0
540500, 1717637, 1, 0, 0
540601, 1638157, 1, 0, 0
540700, 1687681, 1, 0, 0
540801, 1581608, 1, 0, 0
540900, 1680022, 1, 0, 0
541000, 1655807, 1, 0, 0
541101, 1649198, 1, 0, 0
541200, 1761767, 1, 0, 0
541300, 1638702, 1, 0, 0
541400, 1754106, 1, 0, 0
541501, 1753276, 1, 0, 0
541600, 1606548, 1, 0, 0
541700, 1591264, 1, 0, 0
541801, 1635769, 1, 0, 0
541900, 1592479, 1, 0, 0
542000, 1529195, 1, 0, 0
542100, 1634857, 1, 0, 0
542200, 1763790, 1, 0, 0
542301, 1583775, 1, 0, 0
542400, 1584717, 1, 0, 0
542501, 1597057, 1, 0, 0
542600, 1640316, 1, 0, 0
542700, 1642477, 1, 0, 0
542800, 1564721, 1, 0, 0
542900, 1619757, 1, 0, 0
543000, 1702111, 1, 0, 0
543101, 1659304, 1, 0, 0
543201, 1650240, 1, 0, 0
543300, 1673739, 1, 0, 0
543401, 1610411, 1, 0, 0
543500, 1536723, 1, 0, 0
543601, 1628305, 1, 0, 0
543700, 1647210, 1, 0, 0
543801, 1464109, 1, 0, 0
543900, 1718075, 1, 0, 0
544000, 1491136, 1, 0, 0
544100, 1670980, 1, 0, 0
544200, 1682636, 1, 0, 0
544300, 1785351, 1, 0, 0
544401, 1784826, 1, 0, 0
544500, 1705423, 1, 0, 0
544600, 1798268, 1, 0, 0
544700, 1692773, 1, 0, 0
544801, 1533388, 1, 0, 0
544901, 1561331, 1, 0, 0
545001, 1571344, 1, 0, 0
545100, 1509394, 1, 0, 0
545201, 1596978, 1, 0, 0
545301, 1493176, 1, 0, 0
545400, 1601094, 1, 0, 0
545500, 1540475, 1, 0, 0
545600, 1574475, 1, 0, 0
545700, 1645167, 1, 0, 0
545800, 1563199, 1, 0, 0
545901, 1578883, 1, 0, 0
546000, 1605032, 1, 0, 0
546100, 1619488, 1, 0, 0
546200, 1565816, 1, 0, 0
546300, 1590086, 1, 0, 0
546401, 1505892, 1, 0, 0
546501, 1669659, 1, 0, 0
546600, 1586823, 1, 0, 0
546703, 1714696, 1, 0, 0
546800, 1631295, 1, 0, 0
546900, 1615784, 1, 0, 0
547001, 1681942, 1, 0, 0
547100, 1579329, 1, 0, 0
547200, 1572941, 1, 0, 0
547300, 1583124, 1, 0, 0
547400, 1574245, 1, 0, 0
547500, 1520062, 1, 0, 0
547601, 1683988, 1, 0, 0
547700, 1662872, 1, 0, 0
547801, 1625522, 1, 0, 0
547900, 1605999, 1, 0, 0
548000, 1596053, 1, 0, 0
548101, 1571779, 1, 0, 0
548200, 1598458, 1, 0, 0
548300, 1606231, 1, 0, 0
548402, 1616551, 1, 0, 0
548500, 1504144, 1, 0, 0
548600, 1631075, 1, 0, 0
548700, 1552144, 1, 0, 0
548800, 1599161, 1, 0, 0
548901, 1532351, 1, 0, 0
549000, 1687751, 1, 0, 0
549100, 1590868, 1, 0, 0
549200, 1700246, 1, 0, 0
549300, 1562115, 1, 0, 0
549401, 1628798, 1, 0, 0
549501, 1567453, 1, 0, 0
549600, 1659894, 1, 0, 0
549701, 1607860, 1, 0, 0
549800, 1576423, 1, 0, 0
549900, 1610530, 1, 0, 0
550001, 1639385, 1, 0, 0
550101, 1726488, 1, 0, 0
550201, 1646682, 1, 0, 0
550300, 1699230, 1, 0, 0
550400, 1587863, 1, 0, 0
550500, 1591980, 1, 0, 0
550600, 1517312, 1, 0, 0
550701, 1597592, 1, 0, 0
550801, 1568645, 1, 0, 0
550900, 1660063, 1, 0, 0
551001, 1601338, 1, 0, 0
551100, 1685521, 1, 0, 0
551200, 1829271, 1, 0, 0
551301, 1719650, 1, 0, 0
551402, 1660905, 1, 0, 0
551500, 1697549, 1, 0, 0
551601, 1664030, 1, 0, 0
551700, 1632844, 1, 0, 0
551801, 1532142, 1, 0, 0
551900, 1683865, 1, 0, 0
552000, 1703344, 1, 0, 0
552100, 1680264, 1, 0, 0
552200, 1733001, 1, 0, 0
552302, 1765348, 1, 0, 0
552400, 1634071, 1, 0, 0
552502, 1732957, 1, 0, 0
552601, 1761884, 1, 0, 0
552700, 1703861, 1, 0, 0
552800, 1623792, 1, 0, 0
552900, 1669862, 1, 0, 0
553001, 1656888, 1, 0, 0
553100, 1714887, 1, 0, 0
553200, 1775864, 1, 0, 0
553301, 1687751, 1, 0, 0
553400, 1686223, 1, 0, 0
553501, 1715542, 1, 0, 0
553601, 1640031, 1, 0, 0
553700, 1640451, 1, 0, 0
553800, 1586175, 1, 0, 0
553901, 1690721, 1, 0, 0
554000, 1626257, 1, 0, 0
554101, 1553715, 1, 0, 0
554201, 1592281, 1, 0, 0
554300, 1585918, 1, 0, 0
554400, 1589141, 1, 0, 0
554500, 1633015, 1, 0, 0
554601, 1534172, 1, 0, 0
554701, 1645463, 1, 0, 0
554800, 1634260, 1, 0, 0
554902, 1670935, 1, 0, 0
555000, 1569711, 1, 0, 0
555100, 1736530, 1, 0, 0
555201, 1600437, 1, 0, 0
555300, 1610011, 1, 0, 0
555402, 1645151, 1, 0, 0
555500, 1661961, 1, 0, 0
555600, 1568590, 1, 0, 0
555700, 1617945, 1, 0, 0
555800, 1613253, 1, 0, 0
555900, 1613414, 1, 0, 0
556000, 1696246, 1, 0, 0
556100, 1522388, 1, 0, 0
556200, 1697541, 1, 0, 0
556300, 1642823, 1, 0, 0
556400, 1623969, 1, 0, 0
556501, 1705815, 1, 0, 0
556601, 1703126, 1, 0, 0
556700, 1688286, 1, 0, 0
556800, 1695397, 1, 0, 0
556900, 1610310, 1, 0, 0
557000, 1670706, 1, 0, 0
557101, 1633555, 1, 0, 0
557201, 1640235, 1, 0, 0
557300, 1750739, 1, 0, 0
557400, 1609572, 1, 0, 0
557500, 1646481, 1, 0, 0
557601, 1685223, 1, 0, 0
557700, 1678148, 1, 0, 0
557801, 1639153, 1, 0, 0
557900, 1691912, 1, 0, 0
558000, 1665320, 1, 0, 0
558100, 1704884, 1, 0, 0
558200, 1673335, 1, 0, 0
558301, 1623994, 1, 0, 0
558400, 1729652, 1, 0, 0
558500, 1641959, 1, 0, 0
558600, 1665177, 1, 0, 0
558700, 1524439, 1, 0, 0
558800, 1633749, 1, 0, 0
558900, 1632285, 1, 0, 0
559000, 1605572, 1, 0, 0
559100, 1706054, 1, 0, 0
559201, 1725318, 1, 0, 0
559300, 1771325, 1, 0, 0
559401, 1630830, 1, 0, 0
559500, 1663780, 1, 0, 0
559601, 1524703, 1, 0, 0
559702, 1557921, 1, 0, 0
559802, 1496271, 1, 0, 0
559900, 1603928, 1, 0, 0
560000, 1607407, 1, 0, 0
560100, 1578361, 1, 0, 0
560200, 1593756, 1, 0, 0
560301, 1618178, 1, 0, 0
560400, 1546907, 1, 0, 0
560500, 1616828, 1, 0, 0
560600, 1698729, 1, 0, 0
560700, 1554169, 1, 0, 0
560802, 1569661, 1, 0, 0
560902, 1672099, 1, 0, 0
561000, 1586977, 1, 0, 0
561100, 1617607, 1, 0, 0
561201, 1496249, 1, 0, 0
561301, 1674716, 1, 0, 0
561400, 1499808, 1, 0, 0
561501, 1584085, 1, 0, 0
561601, 1563834, 1, 0, 0
561702, 1750485, 1, 0, 0
561800, 1681819, 1, 0, 0
561900, 1671432, 1, 0, 0
562000, 1643835, 1, 0, 0
562101, 1714516, 1, 0, 0
562201, 1565134, 1, 0, 0
562301, 1566313, 1, 0, 0
562401, 1619744, 1, 0, 0
562500, 1648387, 1, 0, 0
562601, 1630504, 1, 0, 0
562700, 1572954, 1, 0, 0
562800, 1553405, 1, 0, 0
562901, 1623934, 1, 0, 0
563001, 1669974, 1, 0, 0
563100, 1631022, 1, 0, 0
563201, 1657808, 1, 0, 0
563301, 1655780, 1, 0, 0
563400, 1603229, 1, 0, 0
563501, 1685537, 1, 0, 0
563600, 1683422, 1, 0, 0
563700, 1762014, 1, 0, 0
563800, 1615893, 1, 0, 0
563900, 1650563, 1, 0, 0
564000, 1731710, 1, 0, 0
564100, 1660927, 1, 0, 0
564200, 1707387, 1, 0, 0
564300, 1710837, 1, 0, 0
564401, 1744226, 1, 0, 0
564501, 1798710, 1, 0, 0
564601, 1789462, 1, 0, 0
564700, 1725031, 1, 0, 0
564801, 1742730, 1, 0, 0
564900, 1637786, 1, 0, 0
565001, 1704646, 1, 0, 0
565101, 1685062, 1, 0, 0
565201, 1793080, 1, 0, 0
565300, 1681385, 1, 0, 0
565400, 1712482, 1, 0, 0
565500, 1664552, 1, 0, 0
565600, 1620232, 1, 0, 0
565701, 1656267, 1, 0, 0
565800, 1715851, 1, 0, 0
565901, 1628138, 1, 0, 0
566000, 1811320, 1, 0, 0
566100, 1536533, 1, 0, 0
566201, 1726028, 1, 0, 0
566301, 1612397, 1, 0, 0
566400, 1657009, 1, 0, 0
566500, 1583524, 1, 0, 0
566600, 1624865, 1, 0, 0
566700, 1638703, 1, 0, 0
566801, 1586643, 1, 0, 0
566900, 1688607, 1, 0, 0
567000, 1700058, 1, 0, 0
567100, 1666867, 1, 0, 0
567202, 1683271, 1, 0, 0
567300, 1698028, 1, 0, 0
567400, 1675472, 1, 0, 0
567500, 1751831, 1, 0, 0
567600, 1686961, 1, 0, 0
567700, 1674916, 1, 0, 0
567801, 1659579, 1, 0, 0
567901, 1724757, 1, 0, 0
568001, 1679879, 1, 0, 0
568100, 1648371, 1, 0, 0
568200, 1676485, 1, 0, 0
568300, 1632362, 1, 0, 0
568403, 1697607, 1, 0, 0
568501, 1584292, 1, 0, 0
568601, 1707557, 1, 0, 0
568700, 1548680, 1, 0, 0
568800, 1625954, 1, 0, 0
568901, 1596089, 1, 0, 0
569000, 1632938, 1, 0, 0
569102, 1595773, 1, 0, 0
569201, 1611932, 1, 0, 0
569300, 1711481, 1, 0, 0
569400, 1517593, 1, 0, 0
569502, 1488686, 1, 0, 0
569601, 1554506, 1, 0, 0
569701, 1588756, 1, 0, 0
569801, 1576770, 1, 0, 0
569900, 1599254, 1, 0, 0
570000, 1507543, 1, 0, 0
570100, 1590114, 1, 0, 0
570200, 1575744, 1, 0, 0
570300, 1700167, 1, 0, 0
570400, 1537157, 1, 0, 0
570500, 1561331, 1, 0, 0
570600, 1601762, 1, 0, 0
570701, 1542140, 1, 0, 0
570800, 1692267, 1, 0, 0
570900, 1589692, 1, 0, 0
571000, 1704164, 1, 0, 0
571100, 1617955, 1, 0, 0
571200, 1607502, 1, 0, 0
571300, 1564955, 1, 0, 0
571401, 1666225, 1, 0, 0
571501, 1619005, 1, 0, 0
571600, 1600793, 1, 0, 0
571700, 1596411, 1, 0, 0
571801, 1660552, 1, 0, 0
571900, 1620726, 1, 0, 0
572002, 1653600, 1, 0, 0
572101, 1609522, 1, 0, 0
572200, 1545500, 1, 0, 0
572300, 1592753, 1, 0, 0
572400, 1598103, 1, 0, 0
572501, 1651118, 1, 0, 0
572601, 1593787, 1, 0, 0
572700, 1757603, 1, 0, 0
572801, 1630195, 1, 0, 0
572900, 1582458, 1, 0, 0
573000, 1579804, 1, 0, 0
573100, 1631984, 1, 0, 0
573201, 1553619, 1, 0, 0
573300, 1651187, 1, 0, 0
573402, 1632983, 1, 0, 0
573501, 1677718, 1, 0, 0
573601, 1613756, 1, 0, 0
573700, 1556637, 1, 0, 0
573801, 1605531, 1, 0, 0
573901, 1587823, 1, 0, 0
574001, 1594527, 1, 0, 0
574101, 1564613, 1, 0, 0
574201, 1574409, 1, 0, 0
574300, 1621730, 1, 0, 0
574400, 1654398, 1, 0, 0
574500, 1675204, 1, 0, 0
574601, 1657116, 1, 0, 0
574700, 1681211, 1, 0, 0
574801, 1530254, 1, 0, 0
574900, 1562822, 1, 0, 0
575000, 1610603, 1, 0, 0
575100, 1620146, 1, 0, 0
575201, 1602953, 1, 0, 0
575300, 1557231, 1, 0, 0
575401, 1578976, 1, 0, 0
575500, 1693368, 1, 0, 0
575600, 1642832, 1, 0, 0
575701, 1714991, 1, 0, 0
575800, 1625291, 1, 0, 0
575900, 1646292, 1, 0, 0
576002, 1593774, 1, 0, 0
576100, 1614830, 1, 0, 0
576200, 1563264, 1, 0, 0
576301, 1640895, 1, 0, 0
576401, 1611401, 1, 0, 0
576501, 1735997, 1, 0, 0
576601, 1564125, 1, 0, 0
576700, 1749266, 1, 0, 0
576800, 1652956, 1, 0, 0
576901, 1681718, 1, 0, 0
577001, 1673856, 1, 0, 0
577100, 1635924, 1, 0, 0
577200, 1678342, 1, 0, 0
577300, 1582373, 1, 0, 0
577401, 1660699, 1, 0, 0
577501, 1680270, 1, 0, 0
577600, 1604747, 1, 0, 0
577701, 1687622, 1, 0, 0
577801, 1666398, 1, 0, 0
577901, 1730722, 1, 0, 0
578000, 1637040, 1, 0, 0
578100, 1673315, 1, 0, 0
578200, 1671283, 1, 0, 0
578301, 1689273, 1, 0, 0
578400, 1583363, 1, 0, 0
578502, 1697903, 1, 0, 0
578601, 1499286, 1, 0, 0
578701, 1667906, 1, 0, 0
578800, 1581482, 1, 0, 0
578900, 1640249, 1, 0, 0
579001, 1735905, 1, 0, 0
579101, 1854537, 1, 0, 0
579201, 1624737, 1, 0, 0
579300, 1623061, 1, 0, 0
579400, 1567515, 1, 0, 0
579501, 1700600, 1, 0, 0
579600, 1653294, 1, 0, 0
579700, 1706020, 1, 0, 0
579800, 1676713, 1, 0, 0
579900, 1578699, 1, 0, 0
580000, 1577257, 1, 0, 0
580101, 1571909, 1, 0, 0
580200, 1666738, 1, 0, 0
580300, 1582782, 1, 0, 0
580400, 1649769, 1, 0, 0
580501, 1505005, 1, 0, 0
580600, 1655299, 1, 0, 0
580700, 1657585, 1, 0, 0
580800, 1542944, 1, 0, 0
580900, 1588792, 1, 0, 0
581001, 1548862, 1, 0, 0
581101, 1591818, 1, 0, 0
581200, 1583805, 1, 0, 0
581300, 1613907, 1, 0, 0
581401, 1665068, 1, 0, 0
581500, 1580333, 1, 0, 0
581602, 1656067, 1, 0, 0
581700, 1631981, 1, 0, 0
581800, 1569306, 1, 0, 0
581901, 1557125, 1, 0, 0
582000, 1570986, 1, 0, 0
582100, 1563103, 1, 0, 0
582201, 1529797, 1, 0, 0
582300, 1576080, 1, 0, 0
582400, 1624258, 1, 0, 0
582501, 1712847, 1, 0, 0
582601, 1544989, 1, 0, 0
582700, 1635837, 1, 0, 0
582800, 1482421, 1, 0, 0
582901, 1532667, 1, 0, 0
583000, 1631360, 1, 0, 0
583101, 1575568, 1, 0, 0
583200, 1629692, 1, 0, 0
583301, 1661097, 1, 0, 0
583400, 1503246, 1, 0, 0
583500, 1670098, 1, 0, 0
583601, 1531472, 1, 0, 0
583701, 1564868, 1, 0, 0
583801, 1670782, 1, 0, 0
583900, 1631232, 1, 0, 0
584001, 1609232, 1, 0, 0
584101, 1549438, 1, 0, 0
584200, 1471503, 1, 0, 0
584301, 1580809, 1, 0, 0
584400, 1595414, 1, 0, 0
584500, 1591442, 1, 0, 0
584601, 1611097, 1, 0, 0
584701, 1616012, 1, 0, 0
584800, 1716777, 1, 0, 0
584900, 1650073, 1, 0, 0
585000, 1644654, 1, 0, 0
585100, 1622364, 1, 0, 0
585200, 1590879, 1, 0, 0
585300, 1553562, 1, 0, 0
585400, 1646482, 1, 0, 0
585500, 1598278, 1, 0, 0
585600, 1594466, 1, 0, 0
585700, 1580244, 1, 0, 0
585801, 1509066, 1, 0, 0
585901, 1701698, 1, 0, 0
586000, 1598750, 1, 0, 0
586101, 1635813, 1, 0, 0
586200, 1530309, 1, 0, 0
586300, 1585627, 1, 0, 0
586401, 1558550, 1, 0, 0
586500, 1595422, 1, 0, 0
586600, 1562601, 1, 0, 0
586700, 1493702, 1, 0, 0
586800, 1593085, 1, 0, 0
586902, 1645418, 1, 0, 0
587001, 1542966, 1, 0, 0
587101, 1644068, 1, 0, 0
587200, 1689512, 1, 0, 0
587300, 1669691, 1, 0, 0
587400, 1647499, 1, 0, 0
587500, 1518765, 1, 0, 0
587600, 1715445, 1, 0, 0
587700, 1564523, 1, 0, 0
587800, 1600496, 1, 0, 0
587900, 1586644, 1, 0, 0
588001, 1651846, 1, 0, 0
588100, 1661263, 1, 0, 0
588200, 1640035, 1, 0, 0
588300, 1650451, 1, 0, 0
588400, 1635469, 1, 0, 0
588500, 1574843, 1, 0, 0
588600, 1612430, 1, 0, 0
588701, 1624899, 1, 0, 0
588801, 1618273, 1, 0, 0
588900, 1658589, 1, 0, 0
589000, 1707964, 1, 0, 0
589100, 1689182, 1, 0, 0
589201, 1584978, 1, 0, 0
589301, 1701553, 1, 0, 0
589401, 1644708, 1, 0, 0
589500, 1503619, 1, 0, 0
589601, 1581752, 1, 0, 0
589700, 1655432, 1, 0, 0
589801, 1580661, 1, 0, 0
589901, 1617209, 1, 0, 0
590002, 1603247, 1, 0, 0
590100, 1705560, 1, 0, 0
590200, 1622871, 1, 0, 0
590301, 1607138, 1, 0, 0
590400, 1707720, 1, 0, 0
590501, 1580345, 1, 0, 0
590600, 1610673, 1, 0, 0
590702, 1700582, 1, 0, 0
590802, 1596882, 1, 0, 0
590900, 1634904, 1, 0, 0
591000, 1646965, 1, 0, 0
591100, 1680812, 1, 0, 0
591200, 1663454, 1, 0, 0
591301, 1612319, 1, 0, 0
591400, 1813741, 1, 0, 0
591501, 1645675, 1, 0, 0
591600, 1753806, 1, 0, 0
591700, 1641176, 1, 0, 0
591801, 1608294, 1, 0, 0
591901, 1587574, 1, 0, 0
592001, 1698079, 1, 0, 0
592101, 1650363, 1, 0, 0
592200, 1714800, 1, 0, 0
592302, 1644552, 1, 0, 0
592401, 1569911, 1, 0, 0
592500, 1614043, 1, 0, 0
592601, 1573176, 1, 0, 0
592700, 1626938, 1, 0, 0
592800, 1565173, 1, 0, 0
592901, 1718465, 1, 0, 0
593001, 1639445, 1, 0, 0
593100, 1658848, 1, 0, 0
593201, 1586096, 1, 0, 0
593300, 1661596, 1, 0, 0
593400, 1614556, 1, 0, 0
593500, 1762671, 1, 0, 0
593600, 1616667, 1, 0, 0
593701, 1578887, 1, 0, 0
593801, 1646387, 1, 0, 0
593900, 1680679, 1, 0, 0
594000, 1866588, 1, 0, 0
594101, 1686150, 1, 0, 0
594201, 1742924, 1, 0, 0
594300, 1683598, 1, 0, 0
594400, 1666006, 1, 0, 0
594500, 1667466, 1, 0, 0
594600, 1590122, 1, 0, 0
594700, 1596911, 1, 0, 0
594800, 1576135, 1, 0, 0
594900, 1670779, 1, 0, 0
595001, 1658778, 1, 0, 0
595100, 1598623, 1, 0, 0
595201, 1552243, 1, 0, 0
595300, 1723723, 1, 0, 0
595401, 1682218, 1, 0, 0
595500, 1750903, 1, 0, 0
595600, 1643278, 1, 0, 0
595700, 1601753, 1, 0, 0
595800, 1632918, 1, 0, 0
595900, 1631642, 1, 0, 0
596000, 1591804, 1, 0, 0
596101, 1598271, 1, 0, 0
596200, 1581974, 1, 0, 0
596300, 1696158, 1, 0, 0
596400, 1709029, 1, 0, 0
596501, 1625952, 1, 0, 0
596600, 1608072, 1, 0, 0
596700, 1690963, 1, 0, 0
596801, 1605213, 1, 0, 0
596900, 1657459, 1, 0, 0
597000, 1681222, 1, 0, 0
597100, 1567083, 1, 0, 0
597200, 1597260, 1, 0, 0
597300, 1633439, 1, 0, 0
597401, 1604319, 1, 0, 0
597500, 1588151, 1, 0, 0
597601, 1545829, 1, 0, 0
597700, 1653861, 1, 0, 0
597802, 1653885, 1, 0, 0
597901, 1716229, 1, 0, 0
598001, 1644546, 1, 0, 0
598100, 1632597, 1, 0, 0
598201, 1648440, 1, 0, 0
598303, 1625161, 1, 0, 0
598400, 1569050, 1, 0, 0
598501, 1633045, 1, 0, 0
598600, 1588181, 1, 0, 0
598701, 1596871, 1, 0, 0
598801, 1703076, 1, 0, 0
598900, 1601978, 1, 0, 0
599000, 1594033, 1, 0, 0
599101, 1603643, 1, 0, 0
599201, 1651381, 1, 0, 0
599301, 1591301, 1, 0, 0
599400, 1627036, 1, 0, 0
599501, 1654938, 1, 0, 0
599600, 1682508, 1, 0, 0
599701, 1633073, 1, 0, 0
599800, 1552187, 1, 0, 0
599900, 1576779, 1, 0, 0
600000, 1563723, 1, 0, 0
