0, 7661, 1, 4096, 0
0, 9477, 1, 4096, 0
0, 5957, 1, 4096, 0
1, 9243, 1, 4096, 0
1, 12221, 1, 4096, 0
1, 4558, 1, 4096, 0
2, 9617, 1, 4096, 0
2, 7066, 1, 4096, 0
2, 6483, 1, 4096, 0
3, 9971, 1, 4096, 0
3, 10336, 1, 4096, 0
3, 3144, 1, 4096, 0
4, 8300, 1, 4096, 0
4, 5626, 1, 4096, 0
5, 7339, 1, 4096, 0
5, 6062, 1, 4096, 0
5, 6050, 1, 4096, 0
6, 7854, 1, 4096, 0
6, 10210, 1, 4096, 0
6, 5487, 1, 4096, 0
7, 7438, 1, 4096, 0
7, 3304, 1, 4096, 0
8, 7098, 1, 4096, 0
8, 10411, 1, 4096, 0
8, 2916, 1, 4096, 0
9, 5495, 1, 4096, 0
9, 10576, 1, 4096, 0
9, 8313, 1, 4096, 0
10, 10345, 1, 4096, 0
10, 6830, 1, 4096, 0
10, 7697, 1, 4096, 0
11, 3722, 1, 4096, 0
11, 10305, 1, 4096, 0
12, 9925, 1, 4096, 0
12, 4605, 1, 4096, 0
12, 10929, 1, 4096, 0
12, 8241, 1, 4096, 0
13, 7873, 1, 4096, 0
13, 8495, 1, 4096, 0
14, 5100, 1, 4096, 0
14, 9124, 1, 4096, 0
15, 10595, 1, 4096, 0
15, 7768, 1, 4096, 0
15, 8041, 1, 4096, 0
16, 10489, 1, 4096, 0
16, 8946, 1, 4096, 0
16, 2954, 1, 4096, 0
17, 5039, 1, 4096, 0
17, 8952, 1, 4096, 0
17, 7222, 1, 4096, 0
18, 9605, 1, 4096, 0
18, 7586, 1, 4096, 0
18, 3162, 1, 4096, 0
19, 10119, 1, 4096, 0
19, 5083, 1, 4096, 0
19, 9734, 1, 4096, 0
20, 9424, 1, 4096, 0
21, 4164, 1, 4096, 0
21, 2507, 1, 4096, 0
22, 8400, 1, 4096, 0
22, 8287, 1, 4096, 0
22, 8256, 1, 4096, 0
23, 9141, 1, 4096, 0
23, 6464, 1, 4096, 0
23, 2852, 1, 4096, 0
24, 8702, 1, 4096, 0
24, 6875, 1, 4096, 0
24, 3542, 1, 4096, 0
25, 8002, 1, 4096, 0
25, 3328, 1, 4096, 0
25, 7291, 1, 4096, 0
26, 8901, 1, 4096, 0
26, 3077, 1, 4096, 0
26, 7703, 1, 4096, 0
27, 10854, 1, 4096, 0
27, 5391, 1, 4096, 0
28, 5937, 1, 4096, 0
28, 7416, 1, 4096, 0
28, 12766, 1, 4096, 0
29, 6422, 1, 4096, 0
29, 4431, 1, 4096, 0
29, 8323, 1, 4096, 0
30, 6619, 1, 4096, 0
30, 4182, 1, 4096, 0
30, 11204, 1, 4096, 0
31, 9611, 1, 4096, 0
31, 7308, 1, 4096, 0
31, 4377, 1, 4096, 0
32, 7821, 1, 4096, 0
32, 5666, 1, 4096, 0
32, 6877, 1, 4096, 0
33, 6309, 1, 4096, 0
33, 4646, 1, 4096, 0
34, 8275, 1, 4096, 0
34, 7083, 1, 4096, 0
34, 4072, 1, 4096, 0
35, 9041, 1, 4096, 0
36, 8962, 1, 4096, 0
36, 7437, 1, 4096, 0
36, 6748, 1, 4096, 0
37, 5139, 1, 4096, 0
37, 7687, 1, 4096, 0
37, 6191, 1, 4096, 0
38, 9589, 1, 4096, 0
38, 5609, 1, 4096, 0
38, 6002, 1, 4096, 0
39, 9359, 1, 4096, 0
39, 3882, 1, 4096, 0
39, 6919, 1, 4096, 0
39, 8371, 1, 4096, 0
40, 9576, 1, 4096, 0
41, 6160, 1, 4096, 0
41, 6655, 1, 4096, 0
41, 4957, 1, 4096, 0
41, 4570, 1, 4096, 0
42, 6082, 1, 4096, 0
42, 8384, 1, 4096, 0
42, 2262, 1, 4096, 0
43, 9609, 1, 4096, 0
43, 9518, 1, 4096, 0
43, 4916, 1, 4096, 0
44, 7175, 1, 4096, 0
44, 4074, 1, 4096, 0
44, 9189, 1, 4096, 0
45, 8703, 1, 4096, 0
45, 6845, 1, 4096, 0
45, 8790, 1, 4096, 0
46, 10665, 1, 4096, 0
46, 4581, 1, 4096, 0
46, 10470, 1, 4096, 0
47, 7119, 1, 4096, 0
47, 6567, 1, 4096, 0
48, 10543, 1, 4096, 0
48, 6772, 1, 4096, 0
48, 9546, 1, 4096, 0
49, 6347, 1, 4096, 0
49, 7727, 1, 4096, 0
49, 6847, 1, 4096, 0
50, 5503, 1, 4096, 0
50, 8796, 1, 4096, 0
50, 4467, 1, 4096, 0
51, 7011, 1, 4096, 0
51, 4902, 1, 4096, 0
51, 9662, 1, 4096, 0
52, 4813, 1, 4096, 0
52, 5576, 1, 4096, 0
53, 6773, 1, 4096, 0
53, 10528, 1, 4096, 0
53, 6818, 1, 4096, 0
54, 6864, 1, 4096, 0
54, 3087, 1, 4096, 0
54, 11005, 1, 4096, 0
55, 10403, 1, 4096, 0
55, 5477, 1, 4096, 0
55, 5053, 1, 4096, 0
56, 8197, 1, 4096, 0
56, 8919, 1, 4096, 0
56, 7181, 1, 4096, 0
57, 6420, 1, 4096, 0
57, 3502, 1, 4096, 0
57, 6099, 1, 4096, 0
58, 6991, 1, 4096, 0
58, 6197, 1, 4096, 0
58, 4797, 1, 4096, 0
59, 8795, 1, 4096, 0
59, 5264, 1, 4096, 0
59, 8913, 1, 4096, 0
60, 9358, 1, 4096, 0
60, 5117, 1, 4096, 0
61, 7309, 1, 4096, 0
61, 8161, 1, 4096, 0
61, 8801, 1, 4096, 0
62, 7221, 1, 4096, 0
62, 9624, 1, 4096, 0
62, 4124, 1, 4096, 0
63, 8929, 1, 4096, 0
63, 8533, 1, 4096, 0
63, 8559, 1, 4096, 0
64, 5795, 1, 4096, 0
64, 9502, 1, 4096, 0
65, 7529, 1, 4096, 0
65, 10131, 1, 4096, 0
65, 9804, 1, 4096, 0
66, 7326, 1, 4096, 0
66, 8851, 1, 4096, 0
66, 6704, 1, 4096, 0
67, 7034, 1, 4096, 0
67, 5813, 1, 4096, 0
67, 4841, 1, 4096, 0
68, 3550, 1, 4096, 0
68, 4116, 1, 4096, 0
69, 4954, 1, 4096, 0
69, 7480, 1, 4096, 0
70, 5211, 1, 4096, 0
70, 4746, 1, 4096, 0
70, 5197, 1, 4096, 0
71, 7008, 1, 4096, 0
71, 4314, 1, 4096, 0
71, 7951, 1, 4096, 0
72, 6632, 1, 4096, 0
72, 8594, 1, 4096, 0
72, 7832, 1, 4096, 0
73, 11204, 1, 4096, 0
73, 9683, 1, 4096, 0
73, 4355, 1, 4096, 0
74, 10206, 1, 4096, 0
75, 6557, 1, 4096, 0
75, 11857, 1, 4096, 0
75, 9163, 1, 4096, 0
76, 7195, 1, 4096, 0
76, 3364, 1, 4096, 0
76, 8175, 1, 4096, 0
77, 5988, 1, 4096, 0
77, 9340, 1, 4096, 0
77, 5578, 1, 4096, 0
78, 7632, 1, 4096, 0
78, 7443, 1, 4096, 0
78, 3956, 1, 4096, 0
79, 8690, 1, 4096, 0
79, 6041, 1, 4096, 0
79, 4083, 1, 4096, 0
80, 4200, 1, 4096, 0
80, 8466, 1, 4096, 0
80, 7855, 1, 4096, 0
81, 11206, 1, 4096, 0
81, 11268, 1, 4096, 0
81, 6798, 1, 4096, 0
82, 10425, 1, 4096, 0
82, 2997, 1, 4096, 0
82, 6066, 1, 4096, 0
83, 9801, 1, 4096, 0
83, 9038, 1, 4096, 0
84, 5742, 1, 4096, 0
84, 7366, 1, 4096, 0
84, 5664, 1, 4096, 0
85, 7264, 1, 4096, 0
85, 6416, 1, 4096, 0
85, 3478, 1, 4096, 0
86, 8374, 1, 4096, 0
86, 6955, 1, 4096, 0
86, 3429, 1, 4096, 0
87, 7590, 1, 4096, 0
88, 5347, 1, 4096, 0
88, 9626, 1, 4096, 0
88, 6884, 1, 4096, 0
89, 8323, 1, 4096, 0
89, 9785, 1, 4096, 0
89, 5842, 1, 4096, 0
90, 10406, 1, 4096, 0
90, 7839, 1, 4096, 0
90, 8575, 1, 4096, 0
91, 6396, 1, 4096, 0
91, 8788, 1, 4096, 0
92, 4575, 1, 4096, 0
92, 10876, 1, 4096, 0
92, 12563, 1, 4096, 0
93, 9799, 1, 4096, 0
93, 8367, 1, 4096, 0
93, 8725, 1, 4096, 0
94, 7667, 1, 4096, 0
94, 4302, 1, 4096, 0
94, 8016, 1, 4096, 0
95, 9831, 1, 4096, 0
95, 9105, 1, 4096, 0
95, 4748, 1, 4096, 0
96, 7697, 1, 4096, 0
96, 5080, 1, 4096, 0
97, 7696, 1, 4096, 0
97, 4985, 1, 4096, 0
97, 6097, 1, 4096, 0
98, 10829, 1, 4096, 0
98, 4670, 1, 4096, 0
98, 2591, 1, 4096, 0
99, 9129, 1, 4096, 0
100, 5496, 1, 4096, 0
100, 4097, 1, 4096, 0
101, 5035, 1, 4096, 0
101, 5796, 1, 4096, 0
101, 5278, 1, 4096, 0
102, 6580, 1, 4096, 0
102, 8007, 1, 4096, 0
103, 11078, 1, 4096, 0
103, 13537, 1, 4096, 0
103, 5009, 1, 4096, 0
104, 4791, 1, 4096, 0
104, 10768, 1, 4096, 0
104, 10037, 1, 4096, 0
105, 9568, 1, 4096, 0
105, 7110, 1, 4096, 0
105, 4047, 1, 4096, 0
106, 14522, 1, 4096, 0
106, 5429, 1, 4096, 0
107, 7039, 1, 4096, 0
108, 6953, 1, 4096, 0
108, 8391, 1, 4096, 0
108, 6704, 1, 4096, 0
109, 9786, 1, 4096, 0
109, 8567, 1, 4096, 0
109, 7463, 1, 4096, 0
110, 5121, 1, 4096, 0
110, 8488, 1, 4096, 0
110, 4279, 1, 4096, 0
111, 9044, 1, 4096, 0
111, 10101, 1, 4096, 0
111, 3859, 1, 4096, 0
112, 7131, 1, 4096, 0
112, 1955, 1, 4096, 0
112, 11514, 1, 4096, 0
113, 5038, 1, 4096, 0
113, 5686, 1, 4096, 0
113, 4376, 1, 4096, 0
114, 5284, 1, 4096, 0
114, 4448, 1, 4096, 0
115, 11018, 1, 4096, 0
115, 6266, 1, 4096, 0
115, 3808, 1, 4096, 0
116, 7290, 1, 4096, 0
116, 12158, 1, 4096, 0
116, 4728, 1, 4096, 0
117, 8915, 1, 4096, 0
117, 5597, 1, 4096, 0
118, 4932, 1, 4096, 0
118, 5176, 1, 4096, 0
118, 8078, 1, 4096, 0
119, 9733, 1, 4096, 0
119, 9214, 1, 4096, 0
120, 6846, 1, 4096, 0
120, 7126, 1, 4096, 0
120, 8987, 1, 4096, 0
121, 6651, 1, 4096, 0
121, 4887, 1, 4096, 0
122, 8034, 1, 4096, 0
122, 7355, 1, 4096, 0
122, 6014, 1, 4096, 0
123, 9710, 1, 4096, 0
123, 7116, 1, 4096, 0
123, 8435, 1, 4096, 0
124, 7563, 1, 4096, 0
124, 3102, 1, 4096, 0
124, 3486, 1, 4096, 0
125, 9608, 1, 4096, 0
126, 6555, 1, 4096, 0
126, 5959, 1, 4096, 0
126, 6744, 1, 4096, 0
127, 9004, 1, 4096, 0
127, 8639, 1, 4096, 0
127, 10788, 1, 4096, 0
128, 7553, 1, 4096, 0
128, 12246, 1, 4096, 0
129, 9768, 1, 4096, 0
129, 7128, 1, 4096, 0
129, 4414, 1, 4096, 0
130, 22007, 1, 4096, 0
130, 4004, 1, 4096, 0
130, 3018, 1, 4096, 0
131, 6703, 1, 4096, 0
131, 3314, 1, 4096, 0
131, 3606, 1, 4096, 0
132, 13469, 1, 4096, 0
132, 4298, 1, 4096, 0
132, 3504, 1, 4096, 0
133, 8901, 1, 4096, 0
133, 10264, 1, 4096, 0
134, 6754, 1, 4096, 0
134, 10884, 1, 4096, 0
135, 10185, 1, 4096, 0
135, 3766, 1, 4096, 0
136, 10097, 1, 4096, 0
136, 4548, 1, 4096, 0
136, 8761, 1, 4096, 0
137, 7724, 1, 4096, 0
137, 8232, 1, 4096, 0
137, 8081, 1, 4096, 0
138, 7067, 1, 4096, 0
138, 10100, 1, 4096, 0
138, 7947, 1, 4096, 0
139, 7480, 1, 4096, 0
139, 4617, 1, 4096, 0
139, 8065, 1, 4096, 0
140, 8120, 1, 4096, 0
140, 9473, 1, 4096, 0
140, 5377, 1, 4096, 0
141, 6893, 1, 4096, 0
141, 8667, 1, 4096, 0
141, 3991, 1, 4096, 0
142, 7323, 1, 4096, 0
142, 11626, 1, 4096, 0
142, 4274, 1, 4096, 0
143, 5172, 1, 4096, 0
143, 10328, 1, 4096, 0
143, 7797, 1, 4096, 0
144, 9909, 1, 4096, 0
144, 10142, 1, 4096, 0
144, 7183, 1, 4096, 0
145, 8501, 1, 4096, 0
145, 4486, 1, 4096, 0
145, 7436, 1, 4096, 0
146, 5524, 1, 4096, 0
146, 4207, 1, 4096, 0
146, 8320, 1, 4096, 0
147, 6006, 1, 4096, 0
147, 6471, 1, 4096, 0
148, 5802, 1, 4096, 0
149, 11676, 1, 4096, 0
149, 8572, 1, 4096, 0
149, 9911, 1, 4096, 0
149, 6312, 1, 4096, 0
150, 14107, 1, 4096, 0
150, 5798, 1, 4096, 0
150, 6018, 1, 4096, 0
151, 8581, 1, 4096, 0
151, 8238, 1, 4096, 0
151, 5141, 1, 4096, 0
152, 8389, 1, 4096, 0
152, 4213, 1, 4096, 0
152, 4728, 1, 4096, 0
153, 8537, 1, 4096, 0
153, 3858, 1, 4096, 0
153, 6919, 1, 4096, 0
154, 6805, 1, 4096, 0
154, 5076, 1, 4096, 0
154, 8829, 1, 4096, 0
155, 6120, 1, 4096, 0
155, 11425, 1, 4096, 0
155, 7099, 1, 4096, 0
156, 21886, 1, 4096, 0
156, 6169, 1, 4096, 0
156, 7972, 1, 4096, 0
157, 6311, 1, 4096, 0
157, 10863, 1, 4096, 0
158, 10569, 1, 4096, 0
158, 3674, 1, 4096, 0
158, 6162, 1, 4096, 0
159, 7653, 1, 4096, 0
159, 12458, 1, 4096, 0
159, 5056, 1, 4096, 0
160, 9751, 1, 4096, 0
160, 9254, 1, 4096, 0
161, 5971, 1, 4096, 0
161, 10157, 1, 4096, 0
162, 11472, 1, 4096, 0
162, 7776, 1, 4096, 0
162, 8327, 1, 4096, 0
163, 9262, 1, 4096, 0
163, 4522, 1, 4096, 0
163, 5049, 1, 4096, 0
164, 9360, 1, 4096, 0
164, 10836, 1, 4096, 0
165, 11570, 1, 4096, 0
165, 7138, 1, 4096, 0
166, 4767, 1, 4096, 0
166, 6535, 1, 4096, 0
166, 9168, 1, 4096, 0
167, 6728, 1, 4096, 0
167, 8891, 1, 4096, 0
168, 7846, 1, 4096, 0
168, 4647, 1, 4096, 0
168, 8283, 1, 4096, 0
168, 7993, 1, 4096, 0
169, 11111, 1, 4096, 0
170, 6891, 1, 4096, 0
170, 4067, 1, 4096, 0
170, 21800, 1, 4096, 0
171, 6505, 1, 4096, 0
171, 5056, 1, 4096, 0
171, 4900, 1, 4096, 0
172, 7693, 1, 4096, 0
172, 8507, 1, 4096, 0
173, 10557, 1, 4096, 0
173, 10660, 1, 4096, 0
173, 8418, 1, 4096, 0
173, 10147, 1, 4096, 0
174, 8805, 1, 4096, 0
174, 4597, 1, 4096, 0
174, 3250, 1, 4096, 0
175, 11379, 1, 4096, 0
175, 7375, 1, 4096, 0
176, 7001, 1, 4096, 0
177, 10512, 1, 4096, 0
177, 8433, 1, 4096, 0
177, 8583, 1, 4096, 0
178, 6430, 1, 4096, 0
178, 11067, 1, 4096, 0
179, 9914, 1, 4096, 0
180, 6548, 1, 4096, 0
180, 5284, 1, 4096, 0
180, 7296, 1, 4096, 0
181, 14949, 1, 4096, 0
181, 9181, 1, 4096, 0
181, 5020, 1, 4096, 0
182, 6525, 1, 4096, 0
182, 8794, 1, 4096, 0
182, 2607, 1, 4096, 0
183, 10449, 1, 4096, 0
183, 7221, 1, 4096, 0
184, 4536, 1, 4096, 0
184, 8538, 1, 4096, 0
184, 7450, 1, 4096, 0
185, 4722, 1, 4096, 0
185, 4595, 1, 4096, 0
185, 3901, 1, 4096, 0
186, 3831, 1, 4096, 0
186, 5352, 1, 4096, 0
187, 5957, 1, 4096, 0
187, 12186, 1, 4096, 0
187, 3212, 1, 4096, 0
188, 5685, 1, 4096, 0
188, 6482, 1, 4096, 0
188, 4211, 1, 4096, 0
189, 7549, 1, 4096, 0
189, 8925, 1, 4096, 0
190, 8886, 1, 4096, 0
190, 7943, 1, 4096, 0
190, 7497, 1, 4096, 0
191, 6145, 1, 4096, 0
191, 8220, 1, 4096, 0
191, 5639, 1, 4096, 0
192, 9382, 1, 4096, 0
192, 2527, 1, 4096, 0
193, 8256, 1, 4096, 0
193, 8025, 1, 4096, 0
193, 4765, 1, 4096, 0
194, 5588, 1, 4096, 0
194, 4818, 1, 4096, 0
194, 4780, 1, 4096, 0
195, 9719, 1, 4096, 0
195, 8350, 1, 4096, 0
195, 5166, 1, 4096, 0
196, 7451, 1, 4096, 0
196, 8232, 1, 4096, 0
196, 4679, 1, 4096, 0
197, 11099, 1, 4096, 0
197, 6695, 1, 4096, 0
198, 7345, 1, 4096, 0
198, 6374, 1, 4096, 0
198, 9642, 1, 4096, 0
199, 5435, 1, 4096, 0
200, 4919, 1, 4096, 0
200, 4441, 1, 4096, 0
200, 3809, 1, 4096, 0
201, 4742, 1, 4096, 0
201, 5418, 1, 4096, 0
201, 2250, 1, 4096, 0
201, 4055, 1, 4096, 0
202, 10515, 1, 4096, 0
202, 2955, 1, 4096, 0
203, 8701, 1, 4096, 0
203, 6520, 1, 4096, 0
203, 7999, 1, 4096, 0
204, 6165, 1, 4096, 0
204, 10259, 1, 4096, 0
205, 7815, 1, 4096, 0
205, 2235, 1, 4096, 0
205, 11428, 1, 4096, 0
206, 9256, 1, 4096, 0
206, 4154, 1, 4096, 0
206, 11611, 1, 4096, 0
207, 10165, 1, 4096, 0
207, 17417, 1, 4096, 0
209, 9776, 1, 4096, 0
209, 5481, 1, 4096, 0
210, 7328, 1, 4096, 0
210, 7017, 1, 4096, 0
210, 5748, 1, 4096, 0
211, 8446, 1, 4096, 0
211, 4199, 1, 4096, 0
212, 9980, 1, 4096, 0
212, 7293, 1, 4096, 0
213, 5075, 1, 4096, 0
213, 10278, 1, 4096, 0
214, 7705, 1, 4096, 0
214, 7475, 1, 4096, 0
215, 4944, 1, 4096, 0
215, 8132, 1, 4096, 0
215, 5274, 1, 4096, 0
216, 4747, 1, 4096, 0
216, 3835, 1, 4096, 0
216, 3885, 1, 4096, 0
217, 9072, 1, 4096, 0
217, 5303, 1, 4096, 0
217, 4345, 1, 4096, 0
218, 5321, 1, 4096, 0
218, 4745, 1, 4096, 0
218, 3260, 1, 4096, 0
219, 4273, 1, 4096, 0
219, 8079, 1, 4096, 0
219, 3649, 1, 4096, 0
220, 9210, 1, 4096, 0
220, 5855, 1, 4096, 0
220, 3128, 1, 4096, 0
221, 7244, 1, 4096, 0
221, 3052, 1, 4096, 0
221, 4838, 1, 4096, 0
222, 9710, 1, 4096, 0
223, 8729, 1, 4096, 0
223, 13798, 1, 4096, 0
223, 7738, 1, 4096, 0
224, 8546, 1, 4096, 0
224, 6489, 1, 4096, 0
225, 8106, 1, 4096, 0
225, 8417, 1, 4096, 0
225, 2268, 1, 4096, 0
226, 10677, 1, 4096, 0
226, 9207, 1, 4096, 0
226, 1764, 1, 4096, 0
228, 6919, 1, 4096, 0
228, 7092, 1, 4096, 0
228, 6352, 1, 4096, 0
229, 5108, 1, 4096, 0
229, 9089, 1, 4096, 0
229, 9075, 1, 4096, 0
230, 5716, 1, 4096, 0
230, 6846, 1, 4096, 0
230, 4809, 1, 4096, 0
231, 7169, 1, 4096, 0
231, 4391, 1, 4096, 0
231, 11062, 1, 4096, 0
232, 5269, 1, 4096, 0
232, 6374, 1, 4096, 0
232, 3220, 1, 4096, 0
233, 9155, 1, 4096, 0
233, 9258, 1, 4096, 0
234, 5577, 1, 4096, 0
234, 8055, 1, 4096, 0
234, 6929, 1, 4096, 0
234, 6336, 1, 4096, 0
235, 10222, 1, 4096, 0
235, 3976, 1, 4096, 0
235, 6282, 1, 4096, 0
236, 8129, 1, 4096, 0
236, 4347, 1, 4096, 0
237, 12159, 1, 4096, 0
237, 7106, 1, 4096, 0
237, 6059, 1, 4096, 0
238, 9971, 1, 4096, 0
238, 7496, 1, 4096, 0
238, 7673, 1, 4096, 0
239, 11035, 1, 4096, 0
239, 8140, 1, 4096, 0
239, 7810, 1, 4096, 0
240, 9431, 1, 4096, 0
240, 10444, 1, 4096, 0
240, 10458, 1, 4096, 0
241, 12381, 1, 4096, 0
241, 8255, 1, 4096, 0
242, 9103, 1, 4096, 0
242, 5157, 1, 4096, 0
243, 11058, 1, 4096, 0
243, 6522, 1, 4096, 0
243, 7342, 1, 4096, 0
244, 8674, 1, 4096, 0
244, 8697, 1, 4096, 0
244, 7315, 1, 4096, 0
245, 8623, 1, 4096, 0
245, 5684, 1, 4096, 0
245, 6425, 1, 4096, 0
246, 5217, 1, 4096, 0
246, 10769, 1, 4096, 0
246, 6385, 1, 4096, 0
247, 3561, 1, 4096, 0
248, 10606, 1, 4096, 0
248, 9227, 1, 4096, 0
248, 3975, 1, 4096, 0
249, 9447, 1, 4096, 0
249, 8270, 1, 4096, 0
249, 3801, 1, 4096, 0
250, 8408, 1, 4096, 0
250, 11291, 1, 4096, 0
251, 8606, 1, 4096, 0
251, 8206, 1, 4096, 0
252, 8117, 1, 4096, 0
252, 5381, 1, 4096, 0
252, 9180, 1, 4096, 0
252, 10172, 1, 4096, 0
253, 15598, 1, 4096, 0
253, 8444, 1, 4096, 0
253, 3805, 1, 4096, 0
254, 3182, 1, 4096, 0
254, 6792, 1, 4096, 0
255, 7372, 1, 4096, 0
255, 11496, 1, 4096, 0
255, 3295, 1, 4096, 0
256, 5247, 1, 4096, 0
256, 3238, 1, 4096, 0
256, 6991, 1, 4096, 0
257, 6422, 1, 4096, 0
257, 5553, 1, 4096, 0
258, 8627, 1, 4096, 0
258, 10003, 1, 4096, 0
258, 4642, 1, 4096, 0
259, 6764, 1, 4096, 0
259, 6682, 1, 4096, 0
259, 6689, 1, 4096, 0
260, 7180, 1, 4096, 0
260, 4624, 1, 4096, 0
260, 8646, 1, 4096, 0
261, 10309, 1, 4096, 0
261, 3668, 1, 4096, 0
261, 8645, 1, 4096, 0
262, 7256, 1, 4096, 0
262, 6390, 1, 4096, 0
262, 5361, 1, 4096, 0
263, 9457, 1, 4096, 0
263, 2494, 1, 4096, 0
264, 7853, 1, 4096, 0
264, 6301, 1, 4096, 0
264, 7151, 1, 4096, 0
265, 7689, 1, 4096, 0
265, 6164, 1, 4096, 0
265, 3912, 1, 4096, 0
266, 4980, 1, 4096, 0
266, 3866, 1, 4096, 0
266, 8251, 1, 4096, 0
267, 6320, 1, 4096, 0
267, 10022, 1, 4096, 0
267, 7296, 1, 4096, 0
268, 6041, 1, 4096, 0
268, 6404, 1, 4096, 0
269, 6829, 1, 4096, 0
269, 7582, 1, 4096, 0
269, 5083, 1, 4096, 0
270, 15915, 1, 4096, 0
270, 4709, 1, 4096, 0
271, 4592, 1, 4096, 0
271, 8733, 1, 4096, 0
272, 4438, 1, 4096, 0
272, 5542, 1, 4096, 0
272, 4433, 1, 4096, 0
273, 6908, 1, 4096, 0
273, 10617, 1, 4096, 0
273, 6846, 1, 4096, 0
274, 9440, 1, 4096, 0
274, 10008, 1, 4096, 0
275, 10901, 1, 4096, 0
275, 29411, 1, 4096, 0
275, 5453, 1, 4096, 0
276, 8716, 1, 4096, 0
276, 9167, 1, 4096, 0
277, 7938, 1, 4096, 0
277, 3962, 1, 4096, 0
277, 7936, 1, 4096, 0
278, 9814, 1, 4096, 0
278, 18199, 1, 4096, 0
278, 10442, 1, 4096, 0
279, 7435, 1, 4096, 0
279, 6090, 1, 4096, 0
279, 5792, 1, 4096, 0
280, 9511, 1, 4096, 0
280, 9282, 1, 4096, 0
280, 3876, 1, 4096, 0
281, 7797, 1, 4096, 0
282, 6341, 1, 4096, 0
282, 9595, 1, 4096, 0
282, 5516, 1, 4096, 0
283, 8475, 1, 4096, 0
283, 7683, 1, 4096, 0
283, 6417, 1, 4096, 0
284, 7397, 1, 4096, 0
284, 7398, 1, 4096, 0
284, 4787, 1, 4096, 0
284, 6964, 1, 4096, 0
285, 12170, 1, 4096, 0
285, 6987, 1, 4096, 0
285, 7269, 1, 4096, 0
286, 9985, 1, 4096, 0
286, 4283, 1, 4096, 0
286, 7729, 1, 4096, 0
287, 10110, 1, 4096, 0
287, 5794, 1, 4096, 0
287, 3480, 1, 4096, 0
288, 7064, 1, 4096, 0
288, 7436, 1, 4096, 0
288, 3456, 1, 4096, 0
289, 10949, 1, 4096, 0
289, 5561, 1, 4096, 0
289, 8178, 1, 4096, 0
290, 4896, 1, 4096, 0
291, 7018, 1, 4096, 0
291, 8366, 1, 4096, 0
292, 6972, 1, 4096, 0
292, 2933, 1, 4096, 0
292, 8387, 1, 4096, 0
293, 9911, 1, 4096, 0
293, 3134, 1, 4096, 0
293, 4659, 1, 4096, 0
294, 7103, 1, 4096, 0
294, 3359, 1, 4096, 0
294, 4952, 1, 4096, 0
295, 8402, 1, 4096, 0
295, 4693, 1, 4096, 0
296, 6678, 1, 4096, 0
296, 6938, 1, 4096, 0
296, 8147, 1, 4096, 0
297, 6071, 1, 4096, 0
297, 15136, 1, 4096, 0
298, 8507, 1, 4096, 0
298, 6210, 1, 4096, 0
298, 4765, 1, 4096, 0
299, 7237, 1, 4096, 0
299, 6506, 1, 4096, 0
299, 8556, 1, 4096, 0
300, 8412, 1, 4096, 0
300, 2960, 1, 4096, 0
300, 6152, 1, 4096, 0
301, 11066, 1, 4096, 0
301, 6467, 1, 4096, 0
301, 4452, 1, 4096, 0
302, 7889, 1, 4096, 0
302, 3710, 1, 4096, 0
302, 7878, 1, 4096, 0
303, 10407, 1, 4096, 0
303, 9891, 1, 4096, 0
304, 7009, 1, 4096, 0
305, 6241, 1, 4096, 0
305, 6520, 1, 4096, 0
306, 7403, 1, 4096, 0
306, 5125, 1, 4096, 0
306, 5109, 1, 4096, 0
307, 10905, 1, 4096, 0
307, 10924, 1, 4096, 0
307, 7112, 1, 4096, 0
308, 5933, 1, 4096, 0
308, 7489, 1, 4096, 0
308, 3314, 1, 4096, 0
309, 9966, 1, 4096, 0
309, 8032, 1, 4096, 0
309, 7653, 1, 4096, 0
310, 6121, 1, 4096, 0
310, 4518, 1, 4096, 0
310, 3984, 1, 4096, 0
311, 10436, 1, 4096, 0
311, 5739, 1, 4096, 0
312, 10998, 1, 4096, 0
312, 7024, 1, 4096, 0
313, 10008, 1, 4096, 0
313, 3584, 1, 4096, 0
313, 6207, 1, 4096, 0
313, 5160, 1, 4096, 0
314, 5484, 1, 4096, 0
314, 5228, 1, 4096, 0
315, 6140, 1, 4096, 0
315, 9997, 1, 4096, 0
316, 10052, 1, 4096, 0
316, 6819, 1, 4096, 0
316, 8783, 1, 4096, 0
317, 13004, 1, 4096, 0
317, 4918, 1, 4096, 0
317, 9344, 1, 4096, 0
318, 5980, 1, 4096, 0
318, 9173, 1, 4096, 0
318, 2226, 1, 4096, 0
319, 9619, 1, 4096, 0
319, 8184, 1, 4096, 0
319, 4588, 1, 4096, 0
320, 9266, 1, 4096, 0
320, 9326, 1, 4096, 0
320, 5162, 1, 4096, 0
321, 7191, 1, 4096, 0
321, 9709, 1, 4096, 0
321, 7887, 1, 4096, 0
322, 12962, 1, 4096, 0
322, 8983, 1, 4096, 0
323, 9187, 1, 4096, 0
323, 5671, 1, 4096, 0
324, 8959, 1, 4096, 0
324, 16045, 1, 4096, 0
324, 5093, 1, 4096, 0
325, 10900, 1, 4096, 0
325, 9317, 1, 4096, 0
325, 5914, 1, 4096, 0
326, 12147, 1, 4096, 0
327, 7260, 1, 4096, 0
327, 8277, 1, 4096, 0
327, 6011, 1, 4096, 0
328, 7620, 1, 4096, 0
328, 4050, 1, 4096, 0
328, 9339, 1, 4096, 0
329, 8087, 1, 4096, 0
329, 5995, 1, 4096, 0
329, 7837, 1, 4096, 0
330, 11546, 1, 4096, 0
330, 12555, 1, 4096, 0
330, 7114, 1, 4096, 0
331, 6668, 1, 4096, 0
331, 3390, 1, 4096, 0
331, 2466, 1, 4096, 0
332, 8936, 1, 4096, 0
332, 7345, 1, 4096, 0
332, 3033, 1, 4096, 0
333, 9521, 1, 4096, 0
333, 7926, 1, 4096, 0
333, 9016, 1, 4096, 0
334, 11768, 1, 4096, 0
334, 4509, 1, 4096, 0
335, 9125, 1, 4096, 0
335, 8355, 1, 4096, 0
336, 9276, 1, 4096, 0
336, 9808, 1, 4096, 0
337, 5274, 1, 4096, 0
337, 3287, 1, 4096, 0
337, 5978, 1, 4096, 0
338, 6463, 1, 4096, 0
338, 4341, 1, 4096, 0
339, 5964, 1, 4096, 0
339, 9560, 1, 4096, 0
339, 8972, 1, 4096, 0
340, 11775, 1, 4096, 0
340, 6764, 1, 4096, 0
340, 5426, 1, 4096, 0
341, 8994, 1, 4096, 0
341, 8352, 1, 4096, 0
341, 6730, 1, 4096, 0
342, 7679, 1, 4096, 0
342, 6637, 1, 4096, 0
342, 5571, 1, 4096, 0
343, 9373, 1, 4096, 0
343, 12848, 1, 4096, 0
343, 3475, 1, 4096, 0
344, 8980, 1, 4096, 0
344, 6916, 1, 4096, 0
344, 5140, 1, 4096, 0
345, 8115, 1, 4096, 0
345, 10861, 1, 4096, 0
345, 4829, 1, 4096, 0
347, 15586, 1, 4096, 0
347, 3000, 1, 4096, 0
347, 8832, 1, 4096, 0
347, 7471, 1, 4096, 0
347, 2620, 1, 4096, 0
348, 10539, 1, 4096, 0
348, 6042, 1, 4096, 0
349, 9020, 1, 4096, 0
349, 4839, 1, 4096, 0
350, 9381, 1, 4096, 0
350, 8725, 1, 4096, 0
350, 9406, 1, 4096, 0
350, 4191, 1, 4096, 0
351, 8850, 1, 4096, 0
351, 5638, 1, 4096, 0
351, 5128, 1, 4096, 0
352, 6836, 1, 4096, 0
352, 5428, 1, 4096, 0
352, 4250, 1, 4096, 0
353, 8818, 1, 4096, 0
353, 7077, 1, 4096, 0
353, 8949, 1, 4096, 0
355, 7285, 1, 4096, 0
355, 3262, 1, 4096, 0
355, 8088, 1, 4096, 0
356, 8876, 1, 4096, 0
357, 8447, 1, 4096, 0
357, 8963, 1, 4096, 0
357, 8408, 1, 4096, 0
357, 6462, 1, 4096, 0
358, 3982, 1, 4096, 0
358, 11388, 1, 4096, 0
359, 8635, 1, 4096, 0
359, 10578, 1, 4096, 0
359, 5066, 1, 4096, 0
360, 8508, 1, 4096, 0
360, 6972, 1, 4096, 0
360, 2477, 1, 4096, 0
361, 5729, 1, 4096, 0
361, 9140, 1, 4096, 0
361, 6486, 1, 4096, 0
362, 12368, 1, 4096, 0
363, 6079, 1, 4096, 0
363, 4895, 1, 4096, 0
363, 8272, 1, 4096, 0
364, 6070, 1, 4096, 0
364, 4142, 1, 4096, 0
364, 8043, 1, 4096, 0
365, 4965, 1, 4096, 0
365, 6995, 1, 4096, 0
365, 9637, 1, 4096, 0
366, 6568, 1, 4096, 0
366, 9981, 1, 4096, 0
367, 4974, 1, 4096, 0
367, 7749, 1, 4096, 0
368, 8926, 1, 4096, 0
368, 11582, 1, 4096, 0
368, 3565, 1, 4096, 0
369, 9624, 1, 4096, 0
369, 4330, 1, 4096, 0
369, 13195, 1, 4096, 0
369, 9276, 1, 4096, 0
370, 4928, 1, 4096, 0
370, 9136, 1, 4096, 0
370, 9445, 1, 4096, 0
371, 5569, 1, 4096, 0
371, 8045, 1, 4096, 0
372, 5447, 1, 4096, 0
372, 4442, 1, 4096, 0
373, 6578, 1, 4096, 0
373, 5075, 1, 4096, 0
373, 4870, 1, 4096, 0
374, 8379, 1, 4096, 0
374, 5085, 1, 4096, 0
375, 7602, 1, 4096, 0
375, 6038, 1, 4096, 0
376, 6032, 1, 4096, 0
376, 8815, 1, 4096, 0
377, 6191, 1, 4096, 0
377, 10455, 1, 4096, 0
377, 8782, 1, 4096, 0
378, 5196, 1, 4096, 0
378, 10728, 1, 4096, 0
378, 9797, 1, 4096, 0
379, 9030, 1, 4096, 0
379, 11279, 1, 4096, 0
379, 11573, 1, 4096, 0
380, 8717, 1, 4096, 0
380, 8726, 1, 4096, 0
381, 8854, 1, 4096, 0
381, 6314, 1, 4096, 0
381, 10300, 1, 4096, 0
382, 9584, 1, 4096, 0
382, 5907, 1, 4096, 0
382, 5286, 1, 4096, 0
383, 9975, 1, 4096, 0
383, 7930, 1, 4096, 0
384, 9142, 1, 4096, 0
390, 7255, 1, 4096, 0
390, 6158, 1, 4096, 0
390, 4922, 1, 4096, 0
392, 11917, 1, 4096, 0
392, 2574, 1, 4096, 0
392, 2880, 1, 4096, 0
393, 11327, 1, 4096, 0
393, 3544, 1, 4096, 0
393, 7632, 1, 4096, 0
394, 6766, 1, 4096, 0
394, 5171, 1, 4096, 0
394, 6720, 1, 4096, 0
395, 5349, 1, 4096, 0
395, 7812, 1, 4096, 0
395, 6736, 1, 4096, 0
396, 8169, 1, 4096, 0
396, 9813, 1, 4096, 0
396, 4837, 1, 4096, 0
397, 9852, 1, 4096, 0
397, 5787, 1, 4096, 0
397, 8167, 1, 4096, 0
398, 9873, 1, 4096, 0
398, 5296, 1, 4096, 0
398, 13410, 1, 4096, 0
399, 6786, 1, 4096, 0
399, 10177, 1, 4096, 0
399, 7673, 1, 4096, 0
400, 4954, 1, 4096, 0
400, 3008, 1, 4096, 0
400, 7659, 1, 4096, 0
401, 5502, 1, 4096, 0
402, 9908, 1, 4096, 0
402, 8014, 1, 4096, 0
404, 14205, 1, 4096, 0
404, 4854, 1, 4096, 0
404, 4007, 1, 4096, 0
405, 4427, 1, 4096, 0
405, 2732, 1, 4096, 0
405, 4799, 1, 4096, 0
406, 7685, 1, 4096, 0
406, 10244, 1, 4096, 0
406, 8127, 1, 4096, 0
407, 7951, 1, 4096, 0
407, 9583, 1, 4096, 0
408, 7800, 1, 4096, 0
408, 12816, 1, 4096, 0
408, 4803, 1, 4096, 0
409, 5658, 1, 4096, 0
409, 5138, 1, 4096, 0
410, 7789, 1, 4096, 0
410, 7600, 1, 4096, 0
410, 4951, 1, 4096, 0
411, 8621, 1, 4096, 0
411, 5529, 1, 4096, 0
412, 11286, 1, 4096, 0
412, 8482, 1, 4096, 0
412, 8440, 1, 4096, 0
413, 6230, 1, 4096, 0
413, 9169, 1, 4096, 0
414, 7960, 1, 4096, 0
414, 5628, 1, 4096, 0
414, 5081, 1, 4096, 0
415, 3564, 1, 4096, 0
415, 6278, 1, 4096, 0
416, 6930, 1, 4096, 0
416, 7201, 1, 4096, 0
416, 4501, 1, 4096, 0
417, 4723, 1, 4096, 0
417, 10675, 1, 4096, 0
417, 15583, 1, 4096, 0
418, 9388, 1, 4096, 0
418, 7646, 1, 4096, 0
418, 7600, 1, 4096, 0
419, 6249, 1, 4096, 0
419, 3426, 1, 4096, 0
420, 6087, 1, 4096, 0
420, 7564, 1, 4096, 0
421, 9331, 1, 4096, 0
421, 6143, 1, 4096, 0
421, 5627, 1, 4096, 0
422, 8275, 1, 4096, 0
422, 5832, 1, 4096, 0
422, 5823, 1, 4096, 0
423, 6997, 1, 4096, 0
423, 5546, 1, 4096, 0
423, 5629, 1, 4096, 0
424, 9361, 1, 4096, 0
424, 9961, 1, 4096, 0
425, 5493, 1, 4096, 0
425, 10819, 1, 4096, 0
426, 10485, 1, 4096, 0
426, 9510, 1, 4096, 0
426, 9388, 1, 4096, 0
427, 5024, 1, 4096, 0
427, 7280, 1, 4096, 0
427, 9547, 1, 4096, 0
428, 7040, 1, 4096, 0
428, 12191, 1, 4096, 0
429, 7384, 1, 4096, 0
429, 9256, 1, 4096, 0
430, 16034, 1, 4096, 0
430, 4387, 1, 4096, 0
431, 7144, 1, 4096, 0
431, 7750, 1, 4096, 0
431, 4370, 1, 4096, 0
432, 4986, 1, 4096, 0
432, 4778, 1, 4096, 0
432, 5769, 1, 4096, 0
433, 4258, 1, 4096, 0
433, 10374, 1, 4096, 0
433, 20656, 1, 4096, 0
434, 8274, 1, 4096, 0
434, 8411, 1, 4096, 0
434, 6280, 1, 4096, 0
435, 9083, 1, 4096, 0
435, 4634, 1, 4096, 0
436, 10303, 1, 4096, 0
436, 7771, 1, 4096, 0
437, 5588, 1, 4096, 0
437, 9709, 1, 4096, 0
437, 7781, 1, 4096, 0
438, 4827, 1, 4096, 0
438, 5377, 1, 4096, 0
438, 7062, 1, 4096, 0
439, 8376, 1, 4096, 0
439, 4271, 1, 4096, 0
439, 8105, 1, 4096, 0
440, 5238, 1, 4096, 0
440, 4439, 1, 4096, 0
440, 6385, 1, 4096, 0
441, 9968, 1, 4096, 0
441, 7831, 1, 4096, 0
442, 5619, 1, 4096, 0
442, 6164, 1, 4096, 0
442, 9624, 1, 4096, 0
443, 5319, 1, 4096, 0
443, 5999, 1, 4096, 0
443, 7932, 1, 4096, 0
444, 7907, 1, 4096, 0
444, 11351, 1, 4096, 0
445, 10422, 1, 4096, 0
445, 3561, 1, 4096, 0
445, 6319, 1, 4096, 0
446, 6577, 1, 4096, 0
446, 9659, 1, 4096, 0
446, 5986, 1, 4096, 0
447, 8123, 1, 4096, 0
447, 5948, 1, 4096, 0
448, 8438, 1, 4096, 0
449, 8098, 1, 4096, 0
449, 10088, 1, 4096, 0
449, 5506, 1, 4096, 0
449, 9315, 1, 4096, 0
450, 9296, 1, 4096, 0
451, 7382, 1, 4096, 0
451, 10614, 1, 4096, 0
451, 4237, 1, 4096, 0
452, 10235, 1, 4096, 0
452, 9522, 1, 4096, 0
452, 7394, 1, 4096, 0
453, 5948, 1, 4096, 0
453, 6963, 1, 4096, 0
454, 7826, 1, 4096, 0
454, 7667, 1, 4096, 0
454, 5451, 1, 4096, 0
455, 5080, 1, 4096, 0
455, 5878, 1, 4096, 0
456, 6823, 1, 4096, 0
456, 8028, 1, 4096, 0
457, 4714, 1, 4096, 0
457, 10151, 1, 4096, 0
457, 4780, 1, 4096, 0
458, 7170, 1, 4096, 0
458, 4649, 1, 4096, 0
458, 7860, 1, 4096, 0
459, 8460, 1, 4096, 0
459, 4414, 1, 4096, 0
459, 2728, 1, 4096, 0
460, 6082, 1, 4096, 0
460, 10265, 1, 4096, 0
461, 8054, 1, 4096, 0
461, 6576, 1, 4096, 0
461, 8161, 1, 4096, 0
462, 9496, 1, 4096, 0
462, 4651, 1, 4096, 0
462, 8454, 1, 4096, 0
463, 8749, 1, 4096, 0
464, 8693, 1, 4096, 0
464, 3765, 1, 4096, 0
465, 9996, 1, 4096, 0
465, 8529, 1, 4096, 0
465, 6211, 1, 4096, 0
466, 9865, 1, 4096, 0
466, 2674, 1, 4096, 0
466, 6917, 1, 4096, 0
466, 9465, 1, 4096, 0
466, 5592, 1, 4096, 0
467, 3518, 1, 4096, 0
467, 10782, 1, 4096, 0
468, 4481, 1, 4096, 0
468, 5696, 1, 4096, 0
468, 4964, 1, 4096, 0
469, 6719, 1, 4096, 0
469, 2144, 1, 4096, 0
470, 7740, 1, 4096, 0
470, 4473, 1, 4096, 0
470, 4693, 1, 4096, 0
471, 6191, 1, 4096, 0
471, 6938, 1, 4096, 0
471, 7375, 1, 4096, 0
472, 8055, 1, 4096, 0
472, 4546, 1, 4096, 0
472, 9107, 1, 4096, 0
473, 8915, 1, 4096, 0
473, 5684, 1, 4096, 0
474, 6689, 1, 4096, 0
474, 9688, 1, 4096, 0
475, 6478, 1, 4096, 0
475, 8715, 1, 4096, 0
475, 7265, 1, 4096, 0
476, 11568, 1, 4096, 0
476, 7102, 1, 4096, 0
476, 5089, 1, 4096, 0
477, 7922, 1, 4096, 0
477, 2676, 1, 4096, 0
478, 10150, 1, 4096, 0
478, 8850, 1, 4096, 0
478, 8358, 1, 4096, 0
479, 6965, 1, 4096, 0
479, 8112, 1, 4096, 0
479, 5895, 1, 4096, 0
480, 6986, 1, 4096, 0
480, 5148, 1, 4096, 0
480, 8086, 1, 4096, 0
481, 8375, 1, 4096, 0
481, 3352, 1, 4096, 0
481, 7259, 1, 4096, 0
482, 9145, 1, 4096, 0
482, 5109, 1, 4096, 0
483, 11067, 1, 4096, 0
483, 6121, 1, 4096, 0
484, 10423, 1, 4096, 0
484, 11412, 1, 4096, 0
484, 4613, 1, 4096, 0
485, 5944, 1, 4096, 0
485, 8645, 1, 4096, 0
485, 4878, 1, 4096, 0
486, 7416, 1, 4096, 0
486, 8744, 1, 4096, 0
487, 8455, 1, 4096, 0
487, 11131, 1, 4096, 0
487, 7807, 1, 4096, 0
488, 8277, 1, 4096, 0
488, 10518, 1, 4096, 0
488, 10551, 1, 4096, 0
489, 9570, 1, 4096, 0
489, 5257, 1, 4096, 0
490, 10351, 1, 4096, 0
490, 6494, 1, 4096, 0
491, 6985, 1, 4096, 0
491, 5678, 1, 4096, 0
492, 11440, 1, 4096, 0
492, 7371, 1, 4096, 0
492, 7091, 1, 4096, 0
492, 5143, 1, 4096, 0
493, 6771, 1, 4096, 0
494, 8835, 1, 4096, 0
494, 8511, 1, 4096, 0
494, 7072, 1, 4096, 0
495, 8865, 1, 4096, 0
495, 4123, 1, 4096, 0
496, 10062, 1, 4096, 0
496, 8891, 1, 4096, 0
496, 6764, 1, 4096, 0
497, 9890, 1, 4096, 0
497, 8436, 1, 4096, 0
497, 8610, 1, 4096, 0
498, 12228, 1, 4096, 0
498, 7206, 1, 4096, 0
498, 3598, 1, 4096, 0
499, 6502, 1, 4096, 0
499, 7463, 1, 4096, 0
500, 7535, 1, 4096, 0
500, 7784, 1, 4096, 0
500, 13060, 1, 4096, 0
501, 5931, 1, 4096, 0
501, 9566, 1, 4096, 0
501, 16199, 1, 4096, 0
501, 7102, 1, 4096, 0
502, 11776, 1, 4096, 0
502, 7396, 1, 4096, 0
503, 7398, 1, 4096, 0
503, 4222, 1, 4096, 0
503, 9283, 1, 4096, 0
504, 6494, 1, 4096, 0
504, 4006, 1, 4096, 0
504, 4550, 1, 4096, 0
505, 5393, 1, 4096, 0
505, 5011, 1, 4096, 0
506, 9121, 1, 4096, 0
506, 10994, 1, 4096, 0
507, 5533, 1, 4096, 0
507, 13766, 1, 4096, 0
508, 9396, 1, 4096, 0
508, 3016, 1, 4096, 0
508, 3386, 1, 4096, 0
509, 9756, 1, 4096, 0
509, 5186, 1, 4096, 0
509, 7003, 1, 4096, 0
510, 10240, 1, 4096, 0
510, 4889, 1, 4096, 0
510, 9313, 1, 4096, 0
511, 6622, 1, 4096, 0
511, 6637, 1, 4096, 0
512, 3531, 1, 4096, 0
512, 3989, 1, 4096, 0
512, 5295, 1, 4096, 0
513, 4696, 1, 4096, 0
513, 6565, 1, 4096, 0
513, 5513, 1, 4096, 0
514, 4983, 1, 4096, 0
514, 8720, 1, 4096, 0
515, 8749, 1, 4096, 0
515, 7321, 1, 4096, 0
516, 8930, 1, 4096, 0
516, 6841, 1, 4096, 0
516, 8233, 1, 4096, 0
517, 5716, 1, 4096, 0
517, 6306, 1, 4096, 0
517, 7858, 1, 4096, 0
518, 5662, 1, 4096, 0
518, 8398, 1, 4096, 0
519, 6700, 1, 4096, 0
519, 9328, 1, 4096, 0
519, 5238, 1, 4096, 0
520, 7899, 1, 4096, 0
520, 10679, 1, 4096, 0
520, 6203, 1, 4096, 0
521, 8608, 1, 4096, 0
521, 4089, 1, 4096, 0
521, 2643, 1, 4096, 0
522, 10532, 1, 4096, 0
523, 6857, 1, 4096, 0
523, 8308, 1, 4096, 0
524, 8023, 1, 4096, 0
524, 8355, 1, 4096, 0
524, 17581, 1, 4096, 0
525, 9686, 1, 4096, 0
525, 5074, 1, 4096, 0
525, 4006, 1, 4096, 0
526, 11706, 1, 4096, 0
526, 8174, 1, 4096, 0
527, 5092, 1, 4096, 0
527, 8600, 1, 4096, 0
528, 6401, 1, 4096, 0
528, 8343, 1, 4096, 0
528, 3914, 1, 4096, 0
529, 7869, 1, 4096, 0
529, 5391, 1, 4096, 0
529, 4534, 1, 4096, 0
530, 8342, 1, 4096, 0
530, 10065, 1, 4096, 0
530, 5284, 1, 4096, 0
531, 7156, 1, 4096, 0
531, 4606, 1, 4096, 0
531, 6123, 1, 4096, 0
532, 6858, 1, 4096, 0
532, 8921, 1, 4096, 0
532, 8247, 1, 4096, 0
533, 10054, 1, 4096, 0
534, 8319, 1, 4096, 0
534, 9757, 1, 4096, 0
534, 6933, 1, 4096, 0
535, 5629, 1, 4096, 0
535, 8346, 1, 4096, 0
535, 7991, 1, 4096, 0
536, 5451, 1, 4096, 0
536, 7605, 1, 4096, 0
537, 10703, 1, 4096, 0
537, 8199, 1, 4096, 0
537, 5875, 1, 4096, 0
538, 9704, 1, 4096, 0
538, 9201, 1, 4096, 0
539, 8210, 1, 4096, 0
539, 11027, 1, 4096, 0
539, 6390, 1, 4096, 0
540, 11240, 1, 4096, 0
540, 3249, 1, 4096, 0
540, 10504, 1, 4096, 0
540, 11198, 1, 4096, 0
541, 10048, 1, 4096, 0
541, 6191, 1, 4096, 0
542, 5653, 1, 4096, 0
542, 8942, 1, 4096, 0
542, 4142, 1, 4096, 0
543, 3566, 1, 4096, 0
543, 13024, 1, 4096, 0
543, 3373, 1, 4096, 0
544, 8523, 1, 4096, 0
544, 8187, 1, 4096, 0
544, 5583, 1, 4096, 0
545, 6282, 1, 4096, 0
545, 7835, 1, 4096, 0
546, 8592, 1, 4096, 0
546, 12502, 1, 4096, 0
546, 9610, 1, 4096, 0
547, 11069, 1, 4096, 0
547, 5348, 1, 4096, 0
548, 10537, 1, 4096, 0
548, 7285, 1, 4096, 0
548, 6139, 1, 4096, 0
549, 4600, 1, 4096, 0
549, 5658, 1, 4096, 0
549, 7018, 1, 4096, 0
550, 7085, 1, 4096, 0
550, 5587, 1, 4096, 0
551, 9300, 1, 4096, 0
551, 10878, 1, 4096, 0
552, 7379, 1, 4096, 0
552, 7101, 1, 4096, 0
553, 6980, 1, 4096, 0
553, 7659, 1, 4096, 0
553, 4702, 1, 4096, 0
554, 10515, 1, 4096, 0
554, 8841, 1, 4096, 0
554, 9344, 1, 4096, 0
555, 6929, 1, 4096, 0
556, 8395, 1, 4096, 0
556, 2461, 1, 4096, 0
556, 10983, 1, 4096, 0
557, 10251, 1, 4096, 0
557, 7281, 1, 4096, 0
557, 8771, 1, 4096, 0
558, 7658, 1, 4096, 0
558, 4680, 1, 4096, 0
558, 7982, 1, 4096, 0
559, 7550, 1, 4096, 0
559, 7386, 1, 4096, 0
559, 3179, 1, 4096, 0
560, 8304, 1, 4096, 0
560, 6836, 1, 4096, 0
560, 4475, 1, 4096, 0
561, 8842, 1, 4096, 0
561, 4647, 1, 4096, 0
561, 8819, 1, 4096, 0
562, 8018, 1, 4096, 0
562, 3287, 1, 4096, 0
562, 4006, 1, 4096, 0
563, 7161, 1, 4096, 0
563, 3313, 1, 4096, 0
563, 3629, 1, 4096, 0
564, 9155, 1, 4096, 0
565, 5465, 1, 4096, 0
565, 2660, 1, 4096, 0
566, 10332, 1, 4096, 0
566, 8030, 1, 4096, 0
566, 11855, 1, 4096, 0
567, 9143, 1, 4096, 0
567, 6250, 1, 4096, 0
567, 3568, 1, 4096, 0
568, 7319, 1, 4096, 0
568, 3476, 1, 4096, 0
568, 5021, 1, 4096, 0
569, 8840, 1, 4096, 0
569, 8037, 1, 4096, 0
569, 8929, 1, 4096, 0
570, 6864, 1, 4096, 0
570, 10587, 1, 4096, 0
570, 11915, 1, 4096, 0
571, 8911, 1, 4096, 0
572, 7298, 1, 4096, 0
572, 3867, 1, 4096, 0
572, 8531, 1, 4096, 0
573, 6048, 1, 4096, 0
573, 5700, 1, 4096, 0
573, 6975, 1, 4096, 0
574, 9573, 1, 4096, 0
574, 8641, 1, 4096, 0
574, 8301, 1, 4096, 0
575, 7365, 1, 4096, 0
575, 4578, 1, 4096, 0
575, 3770, 1, 4096, 0
576, 7429, 1, 4096, 0
576, 7113, 1, 4096, 0
576, 11764, 1, 4096, 0
577, 8612, 1, 4096, 0
577, 4700, 1, 4096, 0
577, 8111, 1, 4096, 0
578, 9211, 1, 4096, 0
578, 8264, 1, 4096, 0
579, 9110, 1, 4096, 0
580, 6332, 1, 4096, 0
580, 4980, 1, 4096, 0
580, 9520, 1, 4096, 0
581, 6369, 1, 4096, 0
581, 5955, 1, 4096, 0
581, 3676, 1, 4096, 0
582, 9544, 1, 4096, 0
583, 10714, 1, 4096, 0
583, 6674, 1, 4096, 0
583, 5018, 1, 4096, 0
583, 7184, 1, 4096, 0
584, 8065, 1, 4096, 0
584, 10117, 1, 4096, 0
585, 11795, 1, 4096, 0
585, 9065, 1, 4096, 0
585, 9368, 1, 4096, 0
586, 6150, 1, 4096, 0
586, 7323, 1, 4096, 0
586, 7915, 1, 4096, 0
587, 8127, 1, 4096, 0
587, 6246, 1, 4096, 0
587, 7340, 1, 4096, 0
588, 6369, 1, 4096, 0
588, 10151, 1, 4096, 0
589, 9537, 1, 4096, 0
589, 7202, 1, 4096, 0
590, 11268, 1, 4096, 0
590, 8599, 1, 4096, 0
590, 2443, 1, 4096, 0
590, 7949, 1, 4096, 0
591, 7595, 1, 4096, 0
591, 7058, 1, 4096, 0
591, 3866, 1, 4096, 0
592, 4463, 1, 4096, 0
592, 9729, 1, 4096, 0
592, 5227, 1, 4096, 0
593, 9445, 1, 4096, 0
593, 11286, 1, 4096, 0
593, 10114, 1, 4096, 0
594, 7230, 1, 4096, 0
594, 8918, 1, 4096, 0
595, 5955, 1, 4096, 0
595, 9048, 1, 4096, 0
596, 10078, 1, 4096, 0
596, 6025, 1, 4096, 0
596, 10079, 1, 4096, 0
596, 8816, 1, 4096, 0
597, 6307, 1, 4096, 0
598, 8723, 1, 4096, 0
598, 2571, 1, 4096, 0
598, 4574, 1, 4096, 0
599, 6737, 1, 4096, 0
599, 8005, 1, 4096, 0
599, 4473, 1, 4096, 0
600, 9690, 1, 4096, 0
600, 4679, 1, 4096, 0
600, 6342, 1, 4096, 0
601, 4995, 1, 4096, 0
601, 3271, 1, 4096, 0
602, 7271, 1, 4096, 0
602, 3172, 1, 4096, 0
602, 4500, 1, 4096, 0
603, 6364, 1, 4096, 0
603, 7983, 1, 4096, 0
604, 8340, 1, 4096, 0
604, 6871, 1, 4096, 0
604, 4036, 1, 4096, 0
605, 8649, 1, 4096, 0
605, 5369, 1, 4096, 0
605, 3438, 1, 4096, 0
606, 9302, 1, 4096, 0
607, 4383, 1, 4096, 0
607, 9182, 1, 4096, 0
608, 7183, 1, 4096, 0
608, 12708, 1, 4096, 0
608, 9703, 1, 4096, 0
609, 8488, 1, 4096, 0
609, 7295, 1, 4096, 0
610, 9266, 1, 4096, 0
610, 8043, 1, 4096, 0
610, 9074, 1, 4096, 0
611, 6665, 1, 4096, 0
611, 6141, 1, 4096, 0
611, 5375, 1, 4096, 0
612, 4856, 1, 4096, 0
612, 10742, 1, 4096, 0
613, 10388, 1, 4096, 0
613, 8336, 1, 4096, 0
613, 6553, 1, 4096, 0
614, 5042, 1, 4096, 0
614, 7129, 1, 4096, 0
614, 4932, 1, 4096, 0
615, 8676, 1, 4096, 0
615, 5177, 1, 4096, 0
615, 4411, 1, 4096, 0
616, 8053, 1, 4096, 0
616, 7519, 1, 4096, 0
616, 4802, 1, 4096, 0
617, 9166, 1, 4096, 0
617, 3461, 1, 4096, 0
617, 3457, 1, 4096, 0
618, 5818, 1, 4096, 0
618, 6155, 1, 4096, 0
619, 3952, 1, 4096, 0
619, 11350, 1, 4096, 0
619, 3417, 1, 4096, 0
620, 8604, 1, 4096, 0
621, 5925, 1, 4096, 0
621, 6702, 1, 4096, 0
621, 5458, 1, 4096, 0
622, 8523, 1, 4096, 0
622, 5753, 1, 4096, 0
622, 4270, 1, 4096, 0
623, 8077, 1, 4096, 0
623, 3745, 1, 4096, 0
623, 5114, 1, 4096, 0
624, 10786, 1, 4096, 0
624, 6031, 1, 4096, 0
625, 10115, 1, 4096, 0
625, 8071, 1, 4096, 0
625, 2450, 1, 4096, 0
626, 19379, 1, 4096, 0
626, 8761, 1, 4096, 0
626, 7040, 1, 4096, 0
627, 8140, 1, 4096, 0
627, 10276, 1, 4096, 0
627, 8958, 1, 4096, 0
628, 7557, 1, 4096, 0
628, 4383, 1, 4096, 0
628, 5574, 1, 4096, 0
629, 9144, 1, 4096, 0
629, 9352, 1, 4096, 0
629, 8809, 1, 4096, 0
630, 8165, 1, 4096, 0
631, 9680, 1, 4096, 0
631, 10744, 1, 4096, 0
631, 2902, 1, 4096, 0
632, 9160, 1, 4096, 0
632, 7348, 1, 4096, 0
632, 2806, 1, 4096, 0
632, 8516, 1, 4096, 0
633, 8825, 1, 4096, 0
633, 7441, 1, 4096, 0
633, 4689, 1, 4096, 0
634, 7775, 1, 4096, 0
634, 5701, 1, 4096, 0
634, 4980, 1, 4096, 0
635, 5857, 1, 4096, 0
635, 8900, 1, 4096, 0
636, 4208, 1, 4096, 0
636, 6955, 1, 4096, 0
636, 7260, 1, 4096, 0
637, 3342, 1, 4096, 0
637, 9383, 1, 4096, 0
637, 6880, 1, 4096, 0
638, 13347, 1, 4096, 0
638, 5782, 1, 4096, 0
638, 5705, 1, 4096, 0
639, 9876, 1, 4096, 0
639, 10278, 1, 4096, 0
640, 9254, 1, 4096, 0
640, 9671, 1, 4096, 0
640, 7858, 1, 4096, 0
641, 5034, 1, 4096, 0
641, 8150, 1, 4096, 0
641, 4308, 1, 4096, 0
642, 4967, 1, 4096, 0
642, 3365, 1, 4096, 0
642, 9818, 1, 4096, 0
643, 8052, 1, 4096, 0
643, 3129, 1, 4096, 0
643, 8740, 1, 4096, 0
644, 5717, 1, 4096, 0
645, 4328, 1, 4096, 0
645, 4225, 1, 4096, 0
646, 7869, 1, 4096, 0
646, 3980, 1, 4096, 0
646, 2461, 1, 4096, 0
647, 5880, 1, 4096, 0
647, 9582, 1, 4096, 0
647, 3669, 1, 4096, 0
648, 8388, 1, 4096, 0
648, 8260, 1, 4096, 0
648, 7921, 1, 4096, 0
649, 5567, 1, 4096, 0
650, 5275, 1, 4096, 0
650, 5886, 1, 4096, 0
650, 11168, 1, 4096, 0
651, 9589, 1, 4096, 0
651, 6437, 1, 4096, 0
651, 10655, 1, 4096, 0
652, 7717, 1, 4096, 0
652, 8685, 1, 4096, 0
653, 8968, 1, 4096, 0
653, 6247, 1, 4096, 0
654, 9103, 1, 4096, 0
654, 8118, 1, 4096, 0
655, 9880, 1, 4096, 0
655, 8226, 1, 4096, 0
655, 3276, 1, 4096, 0
656, 8519, 1, 4096, 0
656, 9986, 1, 4096, 0
656, 7575, 1, 4096, 0
657, 10335, 1, 4096, 0
657, 7340, 1, 4096, 0
658, 8463, 1, 4096, 0
658, 8664, 1, 4096, 0
659, 7838, 1, 4096, 0
659, 9238, 1, 4096, 0
659, 10973, 1, 4096, 0
660, 5972, 1, 4096, 0
660, 4675, 1, 4096, 0
661, 7518, 1, 4096, 0
661, 9310, 1, 4096, 0
661, 5534, 1, 4096, 0
661, 7505, 1, 4096, 0
662, 7894, 1, 4096, 0
662, 7888, 1, 4096, 0
662, 4491, 1, 4096, 0
663, 6087, 1, 4096, 0
663, 6021, 1, 4096, 0
663, 4817, 1, 4096, 0
664, 6125, 1, 4096, 0
664, 8723, 1, 4096, 0
665, 10038, 1, 4096, 0
665, 6282, 1, 4096, 0
666, 8319, 1, 4096, 0
666, 10099, 1, 4096, 0
667, 5009, 1, 4096, 0
667, 10037, 1, 4096, 0
667, 7301, 1, 4096, 0
668, 10453, 1, 4096, 0
668, 4036, 1, 4096, 0
668, 8612, 1, 4096, 0
669, 9595, 1, 4096, 0
669, 10513, 1, 4096, 0
670, 7957, 1, 4096, 0
670, 7829, 1, 4096, 0
671, 9007, 1, 4096, 0
671, 4516, 1, 4096, 0
672, 8514, 1, 4096, 0
672, 9812, 1, 4096, 0
672, 3561, 1, 4096, 0
673, 12883, 1, 4096, 0
673, 3949, 1, 4096, 0
673, 4793, 1, 4096, 0
674, 11092, 1, 4096, 0
674, 5081, 1, 4096, 0
674, 4639, 1, 4096, 0
675, 5203, 1, 4096, 0
675, 2577, 1, 4096, 0
676, 10623, 1, 4096, 0
677, 5163, 1, 4096, 0
677, 3918, 1, 4096, 0
677, 7413, 1, 4096, 0
678, 9565, 1, 4096, 0
678, 8816, 1, 4096, 0
678, 6568, 1, 4096, 0
679, 7344, 1, 4096, 0
679, 5833, 1, 4096, 0
679, 2400, 1, 4096, 0
680, 4332, 1, 4096, 0
680, 8807, 1, 4096, 0
681, 6146, 1, 4096, 0
681, 4900, 1, 4096, 0
681, 6937, 1, 4096, 0
682, 8632, 1, 4096, 0
682, 5052, 1, 4096, 0
682, 10332, 1, 4096, 0
683, 7201, 1, 4096, 0
683, 4843, 1, 4096, 0
683, 9637, 1, 4096, 0
684, 11259, 1, 4096, 0
684, 7527, 1, 4096, 0
685, 9737, 1, 4096, 0
686, 6561, 1, 4096, 0
686, 5688, 1, 4096, 0
686, 13961, 1, 4096, 0
687, 7580, 1, 4096, 0
687, 6484, 1, 4096, 0
687, 3287, 1, 4096, 0
688, 9244, 1, 4096, 0
688, 13155, 1, 4096, 0
688, 4473, 1, 4096, 0
688, 4589, 1, 4096, 0
689, 10187, 1, 4096, 0
689, 8351, 1, 4096, 0
690, 7162, 1, 4096, 0
691, 6851, 1, 4096, 0
691, 7121, 1, 4096, 0
692, 8455, 1, 4096, 0
692, 3281, 1, 4096, 0
692, 12322, 1, 4096, 0
693, 8205, 1, 4096, 0
693, 9025, 1, 4096, 0
693, 4598, 1, 4096, 0
694, 8709, 1, 4096, 0
694, 5909, 1, 4096, 0
694, 4952, 1, 4096, 0
695, 9968, 1, 4096, 0
695, 6975, 1, 4096, 0
696, 9637, 1, 4096, 0
696, 9776, 1, 4096, 0
696, 3814, 1, 4096, 0
697, 6902, 1, 4096, 0
697, 5548, 1, 4096, 0
697, 2383, 1, 4096, 0
698, 7797, 1, 4096, 0
698, 10438, 1, 4096, 0
699, 5958, 1, 4096, 0
699, 6357, 1, 4096, 0
699, 8429, 1, 4096, 0
700, 4346, 1, 4096, 0
701, 10429, 1, 4096, 0
702, 10582, 1, 4096, 0
702, 7755, 1, 4096, 0
705, 8711, 1, 4096, 0
705, 5703, 1, 4096, 0
706, 12808, 1, 4096, 0
707, 9008, 1, 4096, 0
707, 5019, 1, 4096, 0
707, 9665, 1, 4096, 0
707, 11987, 1, 4096, 0
708, 6868, 1, 4096, 0
709, 7527, 1, 4096, 0
709, 8889, 1, 4096, 0
709, 7073, 1, 4096, 0
710, 7997, 1, 4096, 0
710, 8215, 1, 4096, 0
710, 6745, 1, 4096, 0
711, 8436, 1, 4096, 0
711, 8266, 1, 4096, 0
711, 2463, 1, 4096, 0
712, 10243, 1, 4096, 0
712, 8762, 1, 4096, 0
713, 6139, 1, 4096, 0
713, 7583, 1, 4096, 0
713, 5632, 1, 4096, 0
714, 10144, 1, 4096, 0
714, 8215, 1, 4096, 0
714, 11654, 1, 4096, 0
715, 10044, 1, 4096, 0
715, 5892, 1, 4096, 0
715, 10224, 1, 4096, 0
716, 9694, 1, 4096, 0
716, 7081, 1, 4096, 0
716, 4854, 1, 4096, 0
717, 8280, 1, 4096, 0
718, 11157, 1, 4096, 0
718, 9893, 1, 4096, 0
719, 5790, 1, 4096, 0
719, 3956, 1, 4096, 0
720, 8703, 1, 4096, 0
720, 10961, 1, 4096, 0
720, 10192, 1, 4096, 0
721, 7632, 1, 4096, 0
721, 8919, 1, 4096, 0
721, 2692, 1, 4096, 0
722, 8027, 1, 4096, 0
722, 8613, 1, 4096, 0
723, 5372, 1, 4096, 0
723, 7554, 1, 4096, 0
723, 4771, 1, 4096, 0
724, 6510, 1, 4096, 0
724, 5849, 1, 4096, 0
724, 8261, 1, 4096, 0
725, 7346, 1, 4096, 0
725, 8096, 1, 4096, 0
725, 5040, 1, 4096, 0
726, 6238, 1, 4096, 0
726, 2294, 1, 4096, 0
726, 6183, 1, 4096, 0
727, 7801, 1, 4096, 0
727, 10563, 1, 4096, 0
728, 6260, 1, 4096, 0
728, 6279, 1, 4096, 0
728, 6464, 1, 4096, 0
729, 8842, 1, 4096, 0
729, 7825, 1, 4096, 0
730, 7300, 1, 4096, 0
730, 6167, 1, 4096, 0
730, 10113, 1, 4096, 0
731, 5430, 1, 4096, 0
731, 9289, 1, 4096, 0
731, 4099, 1, 4096, 0
732, 8252, 1, 4096, 0
732, 7827, 1, 4096, 0
733, 6528, 1, 4096, 0
733, 8315, 1, 4096, 0
733, 8516, 1, 4096, 0
733, 8961, 1, 4096, 0
734, 10150, 1, 4096, 0
734, 6582, 1, 4096, 0
735, 5998, 1, 4096, 0
735, 7006, 1, 4096, 0
736, 7577, 1, 4096, 0
736, 7039, 1, 4096, 0
736, 8445, 1, 4096, 0
737, 6465, 1, 4096, 0
737, 6446, 1, 4096, 0
738, 5415, 1, 4096, 0
738, 4180, 1, 4096, 0
738, 8723, 1, 4096, 0
739, 6271, 1, 4096, 0
739, 9148, 1, 4096, 0
739, 6728, 1, 4096, 0
740, 9243, 1, 4096, 0
740, 4524, 1, 4096, 0
740, 9896, 1, 4096, 0
741, 9233, 1, 4096, 0
741, 2726, 1, 4096, 0
741, 9861, 1, 4096, 0
741, 8314, 1, 4096, 0
742, 12695, 1, 4096, 0
743, 5065, 1, 4096, 0
743, 6304, 1, 4096, 0
743, 5483, 1, 4096, 0
744, 9978, 1, 4096, 0
744, 7144, 1, 4096, 0
744, 9391, 1, 4096, 0
745, 4491, 1, 4096, 0
745, 3842, 1, 4096, 0
745, 8502, 1, 4096, 0
746, 3659, 1, 4096, 0
746, 8135, 1, 4096, 0
746, 7629, 1, 4096, 0
747, 7241, 1, 4096, 0
747, 5444, 1, 4096, 0
747, 7351, 1, 4096, 0
748, 4363, 1, 4096, 0
748, 3397, 1, 4096, 0
748, 6210, 1, 4096, 0
749, 5117, 1, 4096, 0
749, 5512, 1, 4096, 0
749, 7691, 1, 4096, 0
750, 3997, 1, 4096, 0
750, 9748, 1, 4096, 0
750, 8351, 1, 4096, 0
751, 7601, 1, 4096, 0
751, 6602, 1, 4096, 0
751, 9807, 1, 4096, 0
752, 10749, 1, 4096, 0
752, 10684, 1, 4096, 0
753, 9878, 1, 4096, 0
753, 12556, 1, 4096, 0
753, 9372, 1, 4096, 0
753, 3190, 1, 4096, 0
754, 7474, 1, 4096, 0
754, 6473, 1, 4096, 0
755, 5835, 1, 4096, 0
755, 8670, 1, 4096, 0
756, 6357, 1, 4096, 0
756, 6583, 1, 4096, 0
757, 4210, 1, 4096, 0
757, 8863, 1, 4096, 0
757, 6076, 1, 4096, 0
757, 7854, 1, 4096, 0
758, 9068, 1, 4096, 0
758, 9889, 1, 4096, 0
758, 10233, 1, 4096, 0
759, 8402, 1, 4096, 0
759, 8649, 1, 4096, 0
760, 6042, 1, 4096, 0
760, 5066, 1, 4096, 0
760, 8514, 1, 4096, 0
761, 8545, 1, 4096, 0
761, 8206, 1, 4096, 0
761, 8918, 1, 4096, 0
762, 7433, 1, 4096, 0
762, 9140, 1, 4096, 0
762, 6245, 1, 4096, 0
763, 6309, 1, 4096, 0
763, 11144, 1, 4096, 0
764, 9087, 1, 4096, 0
764, 21718, 1, 4096, 0
764, 5409, 1, 4096, 0
765, 8213, 1, 4096, 0
765, 5656, 1, 4096, 0
766, 7615, 1, 4096, 0
766, 4733, 1, 4096, 0
767, 7596, 1, 4096, 0
767, 5739, 1, 4096, 0
767, 4331, 1, 4096, 0
768, 5705, 1, 4096, 0
768, 4755, 1, 4096, 0
768, 2869, 1, 4096, 0
769, 8512, 1, 4096, 0
769, 7530, 1, 4096, 0
769, 9869, 1, 4096, 0
770, 8173, 1, 4096, 0
770, 3697, 1, 4096, 0
770, 4730, 1, 4096, 0
771, 9399, 1, 4096, 0
771, 7273, 1, 4096, 0
771, 10676, 1, 4096, 0
772, 7988, 1, 4096, 0
772, 5763, 1, 4096, 0
772, 11281, 1, 4096, 0
773, 7538, 1, 4096, 0
774, 6793, 1, 4096, 0
774, 2682, 1, 4096, 0
775, 8846, 1, 4096, 0
775, 7319, 1, 4096, 0
775, 8824, 1, 4096, 0
776, 9300, 1, 4096, 0
776, 4053, 1, 4096, 0
776, 6559, 1, 4096, 0
777, 9112, 1, 4096, 0
777, 2496, 1, 4096, 0
778, 10769, 1, 4096, 0
778, 8113, 1, 4096, 0
778, 4759, 1, 4096, 0
779, 8412, 1, 4096, 0
779, 8318, 1, 4096, 0
779, 4428, 1, 4096, 0
780, 7726, 1, 4096, 0
780, 10258, 1, 4096, 0
780, 7582, 1, 4096, 0
781, 9297, 1, 4096, 0
781, 5686, 1, 4096, 0
781, 6348, 1, 4096, 0
782, 8245, 1, 4096, 0
782, 5485, 1, 4096, 0
782, 8016, 1, 4096, 0
783, 3876, 1, 4096, 0
783, 6509, 1, 4096, 0
783, 9310, 1, 4096, 0
784, 7066, 1, 4096, 0
784, 3967, 1, 4096, 0
784, 6243, 1, 4096, 0
785, 6193, 1, 4096, 0
785, 4534, 1, 4096, 0
786, 6525, 1, 4096, 0
786, 10218, 1, 4096, 0
786, 5127, 1, 4096, 0
787, 11278, 1, 4096, 0
787, 11149, 1, 4096, 0
787, 5005, 1, 4096, 0
788, 7489, 1, 4096, 0
788, 3432, 1, 4096, 0
789, 9755, 1, 4096, 0
789, 8982, 1, 4096, 0
789, 3748, 1, 4096, 0
790, 6611, 1, 4096, 0
790, 8194, 1, 4096, 0
790, 5984, 1, 4096, 0
791, 6200, 1, 4096, 0
791, 8989, 1, 4096, 0
791, 6978, 1, 4096, 0
794, 7845, 1, 4096, 0
794, 7765, 1, 4096, 0
794, 5312, 1, 4096, 0
795, 11435, 1, 4096, 0
795, 5524, 1, 4096, 0
795, 7189, 1, 4096, 0
796, 5666, 1, 4096, 0
796, 5534, 1, 4096, 0
797, 6413, 1, 4096, 0
797, 7749, 1, 4096, 0
798, 5220, 1, 4096, 0
798, 9837, 1, 4096, 0
798, 9707, 1, 4096, 0
799, 10051, 1, 4096, 0
799, 8438, 1, 4096, 0
799, 11356, 1, 4096, 0
800, 6144, 1, 4096, 0
800, 6465, 1, 4096, 0
800, 4183, 1, 4096, 0
801, 8709, 1, 4096, 0
801, 10743, 1, 4096, 0
801, 3492, 1, 4096, 0
802, 5616, 1, 4096, 0
803, 6200, 1, 4096, 0
803, 4474, 1, 4096, 0
803, 5658, 1, 4096, 0
804, 9299, 1, 4096, 0
804, 6950, 1, 4096, 0
804, 5426, 1, 4096, 0
805, 6811, 1, 4096, 0
805, 10883, 1, 4096, 0
805, 10919, 1, 4096, 0
805, 7560, 1, 4096, 0
806, 7836, 1, 4096, 0
806, 8285, 1, 4096, 0
806, 10236, 1, 4096, 0
807, 8062, 1, 4096, 0
807, 10001, 1, 4096, 0
808, 7082, 1, 4096, 0
808, 5711, 1, 4096, 0
808, 10193, 1, 4096, 0
809, 6868, 1, 4096, 0
809, 8184, 1, 4096, 0
809, 11405, 1, 4096, 0
810, 6682, 1, 4096, 0
810, 6566, 1, 4096, 0
810, 9231, 1, 4096, 0
811, 4405, 1, 4096, 0
811, 10777, 1, 4096, 0
811, 7390, 1, 4096, 0
812, 7224, 1, 4096, 0
812, 11048, 1, 4096, 0
812, 8894, 1, 4096, 0
813, 8226, 1, 4096, 0
813, 4648, 1, 4096, 0
813, 6161, 1, 4096, 0
814, 8587, 1, 4096, 0
814, 3805, 1, 4096, 0
814, 5875, 1, 4096, 0
815, 5576, 1, 4096, 0
815, 8503, 1, 4096, 0
815, 5538, 1, 4096, 0
816, 11911, 1, 4096, 0
816, 4290, 1, 4096, 0
817, 4952, 1, 4096, 0
817, 3965, 1, 4096, 0
817, 5992, 1, 4096, 0
818, 5487, 1, 4096, 0
818, 9940, 1, 4096, 0
818, 7390, 1, 4096, 0
819, 9232, 1, 4096, 0
819, 4353, 1, 4096, 0
819, 7932, 1, 4096, 0
820, 5545, 1, 4096, 0
820, 8776, 1, 4096, 0
821, 6313, 1, 4096, 0
822, 4193, 1, 4096, 0
822, 6617, 1, 4096, 0
822, 3320, 1, 4096, 0
823, 9673, 1, 4096, 0
823, 3996, 1, 4096, 0
823, 11106, 1, 4096, 0
823, 9800, 1, 4096, 0
824, 8689, 1, 4096, 0
824, 9593, 1, 4096, 0
824, 4894, 1, 4096, 0
825, 8268, 1, 4096, 0
825, 9188, 1, 4096, 0
825, 4043, 1, 4096, 0
826, 4572, 1, 4096, 0
826, 10738, 1, 4096, 0
826, 5444, 1, 4096, 0
827, 6184, 1, 4096, 0
827, 9666, 1, 4096, 0
827, 8605, 1, 4096, 0
828, 8507, 1, 4096, 0
828, 4538, 1, 4096, 0
829, 9880, 1, 4096, 0
829, 7354, 1, 4096, 0
829, 7707, 1, 4096, 0
830, 5993, 1, 4096, 0
830, 10309, 1, 4096, 0
830, 8066, 1, 4096, 0
831, 10850, 1, 4096, 0
831, 10129, 1, 4096, 0
831, 7503, 1, 4096, 0
832, 6114, 1, 4096, 0
832, 4238, 1, 4096, 0
833, 6701, 1, 4096, 0
833, 3016, 1, 4096, 0
833, 9483, 1, 4096, 0
834, 10135, 1, 4096, 0
834, 5426, 1, 4096, 0
834, 4958, 1, 4096, 0
835, 10381, 1, 4096, 0
835, 3783, 1, 4096, 0
835, 11196, 1, 4096, 0
836, 11314, 1, 4096, 0
836, 10520, 1, 4096, 0
837, 10209, 1, 4096, 0
837, 5886, 1, 4096, 0
837, 11329, 1, 4096, 0
838, 9797, 1, 4096, 0
838, 12292, 1, 4096, 0
838, 9565, 1, 4096, 0
839, 9804, 1, 4096, 0
840, 12892, 1, 4096, 0
840, 7775, 1, 4096, 0
841, 8109, 1, 4096, 0
841, 15095, 1, 4096, 0
841, 5401, 1, 4096, 0
842, 5904, 1, 4096, 0
842, 11809, 1, 4096, 0
842, 3008, 1, 4096, 0
843, 8233, 1, 4096, 0
843, 9455, 1, 4096, 0
843, 4651, 1, 4096, 0
844, 9320, 1, 4096, 0
844, 6326, 1, 4096, 0
845, 9546, 1, 4096, 0
845, 5900, 1, 4096, 0
846, 10747, 1, 4096, 0
846, 6970, 1, 4096, 0
846, 13387, 1, 4096, 0
847, 7181, 1, 4096, 0
847, 22645, 1, 4096, 0
847, 6533, 1, 4096, 0
848, 7104, 1, 4096, 0
848, 9608, 1, 4096, 0
848, 8852, 1, 4096, 0
849, 6455, 1, 4096, 0
849, 8197, 1, 4096, 0
850, 9742, 1, 4096, 0
850, 6740, 1, 4096, 0
850, 8789, 1, 4096, 0
850, 7148, 1, 4096, 0
851, 4929, 1, 4096, 0
851, 7733, 1, 4096, 0
851, 3733, 1, 4096, 0
852, 9514, 1, 4096, 0
852, 6133, 1, 4096, 0
852, 7547, 1, 4096, 0
853, 4502, 1, 4096, 0
853, 9642, 1, 4096, 0
853, 3273, 1, 4096, 0
854, 7145, 1, 4096, 0
854, 11346, 1, 4096, 0
854, 3115, 1, 4096, 0
855, 12609, 1, 4096, 0
855, 10586, 1, 4096, 0
856, 5511, 1, 4096, 0
856, 5564, 1, 4096, 0
856, 7502, 1, 4096, 0
857, 5404, 1, 4096, 0
857, 5618, 1, 4096, 0
857, 9386, 1, 4096, 0
858, 7767, 1, 4096, 0
858, 8930, 1, 4096, 0
859, 10863, 1, 4096, 0
859, 3807, 1, 4096, 0
859, 8550, 1, 4096, 0
860, 9621, 1, 4096, 0
860, 3785, 1, 4096, 0
860, 3436, 1, 4096, 0
861, 9424, 1, 4096, 0
861, 13086, 1, 4096, 0
861, 4497, 1, 4096, 0
862, 9156, 1, 4096, 0
862, 5922, 1, 4096, 0
862, 5437, 1, 4096, 0
863, 10675, 1, 4096, 0
863, 7093, 1, 4096, 0
863, 9163, 1, 4096, 0
864, 6333, 1, 4096, 0
864, 6918, 1, 4096, 0
865, 6564, 1, 4096, 0
865, 6542, 1, 4096, 0
865, 4142, 1, 4096, 0
866, 10479, 1, 4096, 0
866, 2971, 1, 4096, 0
866, 4715, 1, 4096, 0
867, 7138, 1, 4096, 0
867, 5553, 1, 4096, 0
867, 6009, 1, 4096, 0
868, 9874, 1, 4096, 0
868, 4850, 1, 4096, 0
868, 4092, 1, 4096, 0
869, 24656, 1, 4096, 0
869, 5806, 1, 4096, 0
869, 5192, 1, 4096, 0
870, 4856, 1, 4096, 0
870, 3060, 1, 4096, 0
870, 11677, 1, 4096, 0
871, 5486, 1, 4096, 0
871, 6357, 1, 4096, 0
871, 3756, 1, 4096, 0
872, 10060, 1, 4096, 0
872, 8372, 1, 4096, 0
872, 9530, 1, 4096, 0
873, 5305, 1, 4096, 0
874, 5694, 1, 4096, 0
874, 6548, 1, 4096, 0
875, 7423, 1, 4096, 0
875, 5049, 1, 4096, 0
876, 16656, 1, 4096, 0
876, 3594, 1, 4096, 0
876, 8829, 1, 4096, 0
877, 12449, 1, 4096, 0
877, 3469, 1, 4096, 0
877, 6012, 1, 4096, 0
878, 5227, 1, 4096, 0
878, 8461, 1, 4096, 0
879, 10804, 1, 4096, 0
879, 9556, 1, 4096, 0
879, 4599, 1, 4096, 0
880, 8416, 1, 4096, 0
880, 6690, 1, 4096, 0
881, 8185, 1, 4096, 0
881, 8967, 1, 4096, 0
882, 6905, 1, 4096, 0
882, 10545, 1, 4096, 0
882, 10331, 1, 4096, 0
883, 4837, 1, 4096, 0
883, 11592, 1, 4096, 0
884, 11582, 1, 4096, 0
884, 8232, 1, 4096, 0
884, 4266, 1, 4096, 0
885, 9935, 1, 4096, 0
885, 5047, 1, 4096, 0
885, 5065, 1, 4096, 0
886, 8192, 1, 4096, 0
886, 8438, 1, 4096, 0
886, 11243, 1, 4096, 0
887, 10910, 1, 4096, 0
887, 5315, 1, 4096, 0
887, 7581, 1, 4096, 0
887, 9371, 1, 4096, 0
888, 9514, 1, 4096, 0
888, 10343, 1, 4096, 0
888, 6845, 1, 4096, 0
889, 2821, 1, 4096, 0
889, 11679, 1, 4096, 0
890, 19301, 1, 4096, 0
890, 3932, 1, 4096, 0
891, 5968, 1, 4096, 0
891, 11080, 1, 4096, 0
891, 5965, 1, 4096, 0
892, 9997, 1, 4096, 0
892, 5393, 1, 4096, 0
892, 7106, 1, 4096, 0
893, 8483, 1, 4096, 0
893, 5423, 1, 4096, 0
894, 9295, 1, 4096, 0
894, 17313, 1, 4096, 0
894, 10088, 1, 4096, 0
895, 9597, 1, 4096, 0
895, 9373, 1, 4096, 0
895, 5450, 1, 4096, 0
896, 7934, 1, 4096, 0
896, 10583, 1, 4096, 0
896, 8956, 1, 4096, 0
897, 8616, 1, 4096, 0
897, 7815, 1, 4096, 0
898, 6453, 1, 4096, 0
898, 8369, 1, 4096, 0
898, 10063, 1, 4096, 0
899, 8211, 1, 4096, 0
899, 4213, 1, 4096, 0
899, 10417, 1, 4096, 0
900, 3546, 1, 4096, 0
900, 7537, 1, 4096, 0
901, 11029, 1, 4096, 0
901, 10884, 1, 4096, 0
901, 5774, 1, 4096, 0
902, 5778, 1, 4096, 0
902, 8384, 1, 4096, 0
902, 2783, 1, 4096, 0
903, 7255, 1, 4096, 0
903, 5647, 1, 4096, 0
903, 5419, 1, 4096, 0
904, 7451, 1, 4096, 0
904, 10049, 1, 4096, 0
904, 2692, 1, 4096, 0
905, 9050, 1, 4096, 0
905, 10172, 1, 4096, 0
905, 5691, 1, 4096, 0
906, 10951, 1, 4096, 0
906, 3569, 1, 4096, 0
907, 4126, 1, 4096, 0
907, 5736, 1, 4096, 0
907, 4294, 1, 4096, 0
907, 4778, 1, 4096, 0
908, 7138, 1, 4096, 0
909, 6469, 1, 4096, 0
909, 3334, 1, 4096, 0
909, 9577, 1, 4096, 0
910, 8132, 1, 4096, 0
910, 3489, 1, 4096, 0
910, 8822, 1, 4096, 0
911, 7432, 1, 4096, 0
911, 8404, 1, 4096, 0
911, 5867, 1, 4096, 0
912, 5231, 1, 4096, 0
912, 3938, 1, 4096, 0
913, 8349, 1, 4096, 0
913, 9325, 1, 4096, 0
913, 6949, 1, 4096, 0
913, 6717, 1, 4096, 0
914, 10005, 1, 4096, 0
914, 5442, 1, 4096, 0
914, 3555, 1, 4096, 0
915, 8504, 1, 4096, 0
915, 4244, 1, 4096, 0
915, 11548, 1, 4096, 0
916, 11266, 1, 4096, 0
917, 6304, 1, 4096, 0
917, 4875, 1, 4096, 0
918, 8661, 1, 4096, 0
918, 6676, 1, 4096, 0
918, 9250, 1, 4096, 0
919, 9834, 1, 4096, 0
919, 4317, 1, 4096, 0
919, 7817, 1, 4096, 0
920, 7377, 1, 4096, 0
920, 10025, 1, 4096, 0
920, 6785, 1, 4096, 0
921, 9865, 1, 4096, 0
921, 4017, 1, 4096, 0
922, 6507, 1, 4096, 0
922, 6897, 1, 4096, 0
922, 2985, 1, 4096, 0
923, 7101, 1, 4096, 0
923, 4593, 1, 4096, 0
923, 9349, 1, 4096, 0
924, 10322, 1, 4096, 0
924, 6154, 1, 4096, 0
924, 4471, 1, 4096, 0
925, 7714, 1, 4096, 0
925, 7939, 1, 4096, 0
926, 6048, 1, 4096, 0
926, 9494, 1, 4096, 0
926, 5492, 1, 4096, 0
927, 8642, 1, 4096, 0
927, 2478, 1, 4096, 0
927, 10357, 1, 4096, 0
928, 9569, 1, 4096, 0
929, 10761, 1, 4096, 0
929, 7374, 1, 4096, 0
930, 11220, 1, 4096, 0
930, 3117, 1, 4096, 0
930, 5790, 1, 4096, 0
931, 5855, 1, 4096, 0
931, 6369, 1, 4096, 0
931, 8652, 1, 4096, 0
932, 10028, 1, 4096, 0
932, 11652, 1, 4096, 0
932, 3454, 1, 4096, 0
934, 9716, 1, 4096, 0
934, 8497, 1, 4096, 0
934, 4096, 1, 4096, 0
935, 9436, 1, 4096, 0
935, 4204, 1, 4096, 0
935, 10182, 1, 4096, 0
935, 10682, 1, 4096, 0
936, 7336, 1, 4096, 0
936, 5270, 1, 4096, 0
937, 7960, 1, 4096, 0
937, 5952, 1, 4096, 0
937, 6036, 1, 4096, 0
938, 6407, 1, 4096, 0
938, 6570, 1, 4096, 0
938, 4595, 1, 4096, 0
939, 4869, 1, 4096, 0
939, 6829, 1, 4096, 0
939, 7281, 1, 4096, 0
940, 4750, 1, 4096, 0
940, 3652, 1, 4096, 0
941, 7725, 1, 4096, 0
941, 9375, 1, 4096, 0
941, 6790, 1, 4096, 0
942, 18408, 1, 4096, 0
942, 7688, 1, 4096, 0
942, 3796, 1, 4096, 0
943, 6147, 1, 4096, 0
943, 5538, 1, 4096, 0
944, 8506, 1, 4096, 0
944, 5484, 1, 4096, 0
944, 7706, 1, 4096, 0
945, 8864, 1, 4096, 0
945, 3343, 1, 4096, 0
945, 3889, 1, 4096, 0
946, 10057, 1, 4096, 0
947, 5064, 1, 4096, 0
947, 9590, 1, 4096, 0
948, 5716, 1, 4096, 0
948, 10279, 1, 4096, 0
948, 10120, 1, 4096, 0
949, 5207, 1, 4096, 0
949, 3253, 1, 4096, 0
949, 5654, 1, 4096, 0
950, 6607, 1, 4096, 0
950, 4389, 1, 4096, 0
950, 7389, 1, 4096, 0
951, 5319, 1, 4096, 0
951, 6215, 1, 4096, 0
951, 3166, 1, 4096, 0
952, 10885, 1, 4096, 0
952, 8369, 1, 4096, 0
952, 5205, 1, 4096, 0
953, 8370, 1, 4096, 0
953, 12447, 1, 4096, 0
954, 5795, 1, 4096, 0
954, 7798, 1, 4096, 0
955, 9627, 1, 4096, 0
955, 5553, 1, 4096, 0
955, 7035, 1, 4096, 0
956, 4088, 1, 4096, 0
956, 4584, 1, 4096, 0
957, 10874, 1, 4096, 0
957, 7334, 1, 4096, 0
957, 7291, 1, 4096, 0
958, 5975, 1, 4096, 0
958, 8596, 1, 4096, 0
958, 8914, 1, 4096, 0
959, 10546, 1, 4096, 0
959, 5444, 1, 4096, 0
959, 3657, 1, 4096, 0
960, 5850, 1, 4096, 0
960, 3998, 1, 4096, 0
960, 7863, 1, 4096, 0
961, 18589, 1, 4096, 0
961, 6846, 1, 4096, 0
961, 9791, 1, 4096, 0
962, 8544, 1, 4096, 0
962, 2642, 1, 4096, 0
962, 10731, 1, 4096, 0
963, 8882, 1, 4096, 0
963, 9673, 1, 4096, 0
963, 5569, 1, 4096, 0
964, 10566, 1, 4096, 0
964, 4607, 1, 4096, 0
964, 5235, 1, 4096, 0
965, 10966, 1, 4096, 0
966, 11039, 1, 4096, 0
966, 5452, 1, 4096, 0
966, 10001, 1, 4096, 0
967, 7528, 1, 4096, 0
967, 10989, 1, 4096, 0
968, 7481, 1, 4096, 0
968, 2301, 1, 4096, 0
968, 4476, 1, 4096, 0
969, 9721, 1, 4096, 0
969, 3785, 1, 4096, 0
969, 4666, 1, 4096, 0
970, 8676, 1, 4096, 0
971, 10054, 1, 4096, 0
971, 5408, 1, 4096, 0
972, 7375, 1, 4096, 0
972, 4807, 1, 4096, 0
972, 9191, 1, 4096, 0
973, 5839, 1, 4096, 0
973, 3832, 1, 4096, 0
973, 5230, 1, 4096, 0
974, 9624, 1, 4096, 0
974, 4617, 1, 4096, 0
974, 8846, 1, 4096, 0
975, 9769, 1, 4096, 0
975, 7028, 1, 4096, 0
975, 2390, 1, 4096, 0
976, 17382, 1, 4096, 0
976, 3290, 1, 4096, 0
976, 9442, 1, 4096, 0
977, 9879, 1, 4096, 0
977, 5030, 1, 4096, 0
978, 7686, 1, 4096, 0
978, 7453, 1, 4096, 0
978, 8061, 1, 4096, 0
979, 9531, 1, 4096, 0
979, 8862, 1, 4096, 0
980, 11962, 1, 4096, 0
980, 6268, 1, 4096, 0
980, 11988, 1, 4096, 0
981, 6289, 1, 4096, 0
981, 9234, 1, 4096, 0
981, 7114, 1, 4096, 0
982, 5545, 1, 4096, 0
982, 11201, 1, 4096, 0
982, 7655, 1, 4096, 0
983, 9293, 1, 4096, 0
984, 9125, 1, 4096, 0
984, 11167, 1, 4096, 0
985, 9623, 1, 4096, 0
985, 9263, 1, 4096, 0
985, 8400, 1, 4096, 0
985, 5565, 1, 4096, 0
986, 10377, 1, 4096, 0
986, 12917, 1, 4096, 0
986, 5416, 1, 4096, 0
987, 6077, 1, 4096, 0
987, 10502, 1, 4096, 0
987, 8446, 1, 4096, 0
988, 7747, 1, 4096, 0
988, 5930, 1, 4096, 0
989, 9946, 1, 4096, 0
989, 6574, 1, 4096, 0
989, 10242, 1, 4096, 0
990, 8211, 1, 4096, 0
990, 7509, 1, 4096, 0
991, 9092, 1, 4096, 0
991, 5283, 1, 4096, 0
992, 8866, 1, 4096, 0
992, 5475, 1, 4096, 0
992, 6204, 1, 4096, 0
993, 5616, 1, 4096, 0
993, 9842, 1, 4096, 0
994, 8030, 1, 4096, 0
994, 5911, 1, 4096, 0
995, 4059, 1, 4096, 0
995, 4549, 1, 4096, 0
995, 5410, 1, 4096, 0
996, 6602, 1, 4096, 0
996, 9256, 1, 4096, 0
996, 10353, 1, 4096, 0
997, 5639, 1, 4096, 0
997, 8923, 1, 4096, 0
997, 8352, 1, 4096, 0
997, 3746, 1, 4096, 0
998, 8866, 1, 4096, 0
998, 5514, 1, 4096, 0
998, 5898, 1, 4096, 0
999, 5863, 1, 4096, 0
1000, 10325, 1, 4096, 0
1000, 8846, 1, 4096, 0
1001, 6224, 1, 4096, 0
1001, 6399, 1, 4096, 0
1001, 6463, 1, 4096, 0
1002, 4536, 1, 4096, 0
1002, 6310, 1, 4096, 0
1003, 4431, 1, 4096, 0
1003, 7746, 1, 4096, 0
1003, 4704, 1, 4096, 0
1003, 6322, 1, 4096, 0
1004, 9216, 1, 4096, 0
1004, 5934, 1, 4096, 0
1004, 5228, 1, 4096, 0
1005, 7189, 1, 4096, 0
1005, 3348, 1, 4096, 0
1006, 4885, 1, 4096, 0
1006, 11681, 1, 4096, 0
1006, 8373, 1, 4096, 0
1007, 7844, 1, 4096, 0
1007, 9748, 1, 4096, 0
1007, 7695, 1, 4096, 0
1008, 5873, 1, 4096, 0
1008, 5259, 1, 4096, 0
1009, 5638, 1, 4096, 0
1009, 9628, 1, 4096, 0
1009, 8304, 1, 4096, 0
1010, 9749, 1, 4096, 0
1010, 3169, 1, 4096, 0
1011, 8833, 1, 4096, 0
1011, 11008, 1, 4096, 0
1011, 4320, 1, 4096, 0
1012, 8816, 1, 4096, 0
1012, 5709, 1, 4096, 0
1012, 5591, 1, 4096, 0
1013, 8654, 1, 4096, 0
1013, 8751, 1, 4096, 0
1013, 3349, 1, 4096, 0
1014, 9288, 1, 4096, 0
1014, 6768, 1, 4096, 0
1014, 8623, 1, 4096, 0
1015, 5160, 1, 4096, 0
1015, 4201, 1, 4096, 0
1016, 10501, 1, 4096, 0
1016, 6262, 1, 4096, 0
1016, 5763, 1, 4096, 0
1017, 9560, 1, 4096, 0
1017, 11091, 1, 4096, 0
1018, 7106, 1, 4096, 0
1018, 9909, 1, 4096, 0
1018, 8079, 1, 4096, 0
1019, 8794, 1, 4096, 0
1019, 12199, 1, 4096, 0
1019, 7237, 1, 4096, 0
1020, 12046, 1, 4096, 0
1020, 6661, 1, 4096, 0
1020, 5719, 1, 4096, 0
1021, 8560, 1, 4096, 0
1022, 9144, 1, 4096, 0
1022, 7294, 1, 4096, 0
1022, 4401, 1, 4096, 0
1023, 8904, 1, 4096, 0
1023, 9305, 1, 4096, 0
1023, 7871, 1, 4096, 0
1023, 7155, 1, 4096, 0
1024, 5569, 1, 4096, 0
1024, 3609, 1, 4096, 0
1025, 7354, 1, 4096, 0
1026, 7665, 1, 4096, 0
1026, 3256, 1, 4096, 0
1026, 9140, 1, 4096, 0
1027, 8976, 1, 4096, 0
1027, 11051, 1, 4096, 0
1027, 9618, 1, 4096, 0
1028, 5695, 1, 4096, 0
1028, 4218, 1, 4096, 0
1028, 10862, 1, 4096, 0
1029, 7862, 1, 4096, 0
1029, 8355, 1, 4096, 0
1029, 5627, 1, 4096, 0
1030, 7167, 1, 4096, 0
1030, 10239, 1, 4096, 0
1031, 5200, 1, 4096, 0
1031, 5466, 1, 4096, 0
1031, 6718, 1, 4096, 0
1032, 2737, 1, 4096, 0
1032, 10134, 1, 4096, 0
1033, 6841, 1, 4096, 0
1033, 5568, 1, 4096, 0
1033, 3305, 1, 4096, 0
1034, 8130, 1, 4096, 0
1034, 6135, 1, 4096, 0
1034, 3626, 1, 4096, 0
1035, 9686, 1, 4096, 0
1035, 4294, 1, 4096, 0
1035, 4988, 1, 4096, 0
1036, 8199, 1, 4096, 0
1036, 6241, 1, 4096, 0
1037, 9357, 1, 4096, 0
1037, 8390, 1, 4096, 0
1038, 8982, 1, 4096, 0
1038, 5913, 1, 4096, 0
1038, 9140, 1, 4096, 0
1039, 4384, 1, 4096, 0
1039, 8185, 1, 4096, 0
1039, 6530, 1, 4096, 0
1040, 9954, 1, 4096, 0
1040, 7100, 1, 4096, 0
1041, 10944, 1, 4096, 0
1042, 4770, 1, 4096, 0
1042, 11856, 1, 4096, 0
1043, 5154, 1, 4096, 0
1043, 5839, 1, 4096, 0
1043, 4929, 1, 4096, 0
1044, 9997, 1, 4096, 0
1044, 4991, 1, 4096, 0
1044, 9228, 1, 4096, 0
1045, 9246, 1, 4096, 0
1045, 8802, 1, 4096, 0
1045, 11583, 1, 4096, 0
1046, 13067, 1, 4096, 0
1046, 10741, 1, 4096, 0
1047, 10040, 1, 4096, 0
1047, 27141, 1, 4096, 0
1047, 5552, 1, 4096, 0
1048, 8770, 1, 4096, 0
1048, 6897, 1, 4096, 0
1048, 5754, 1, 4096, 0
1049, 9735, 1, 4096, 0
1049, 1835, 1, 4096, 0
1049, 5861, 1, 4096, 0
1050, 11756, 1, 4096, 0
1050, 4160, 1, 4096, 0
1050, 7795, 1, 4096, 0
1051, 10930, 1, 4096, 0
1052, 6630, 1, 4096, 0
1052, 8994, 1, 4096, 0
1052, 7413, 1, 4096, 0
1053, 5875, 1, 4096, 0
1053, 6277, 1, 4096, 0
1053, 8905, 1, 4096, 0
1054, 5196, 1, 4096, 0
1054, 4157, 1, 4096, 0
1054, 10837, 1, 4096, 0
1055, 8011, 1, 4096, 0
1055, 20400, 1, 4096, 0
1055, 6667, 1, 4096, 0
1056, 8395, 1, 4096, 0
1056, 10098, 1, 4096, 0
1056, 4543, 1, 4096, 0
1057, 11052, 1, 4096, 0
1057, 10695, 1, 4096, 0
1057, 5535, 1, 4096, 0
1058, 19595, 1, 4096, 0
1058, 10903, 1, 4096, 0
1058, 8267, 1, 4096, 0
1059, 16508, 1, 4096, 0
1059, 8071, 1, 4096, 0
1059, 4658, 1, 4096, 0
1060, 6441, 1, 4096, 0
1060, 6262, 1, 4096, 0
1061, 7644, 1, 4096, 0
1061, 7177, 1, 4096, 0
1061, 13083, 1, 4096, 0
1062, 8130, 1, 4096, 0
1062, 6262, 1, 4096, 0
1062, 10446, 1, 4096, 0
1062, 6579, 1, 4096, 0
1063, 6286, 1, 4096, 0
1063, 8032, 1, 4096, 0
1064, 7201, 1, 4096, 0
1064, 7355, 1, 4096, 0
1064, 10718, 1, 4096, 0
1065, 6934, 1, 4096, 0
1065, 10295, 1, 4096, 0
1065, 3695, 1, 4096, 0
1066, 10213, 1, 4096, 0
1066, 7204, 1, 4096, 0
1067, 8172, 1, 4096, 0
1067, 4535, 1, 4096, 0
1067, 5552, 1, 4096, 0
1068, 4680, 1, 4096, 0
1068, 5731, 1, 4096, 0
1068, 12089, 1, 4096, 0
1069, 10016, 1, 4096, 0
1069, 5954, 1, 4096, 0
1069, 11005, 1, 4096, 0
1070, 7560, 1, 4096, 0
1070, 10772, 1, 4096, 0
1071, 8695, 1, 4096, 0
1071, 11434, 1, 4096, 0
1072, 9282, 1, 4096, 0
1072, 8247, 1, 4096, 0
1072, 3592, 1, 4096, 0
1073, 8714, 1, 4096, 0
1073, 10241, 1, 4096, 0
1073, 5514, 1, 4096, 0
1074, 11573, 1, 4096, 0
1074, 8640, 1, 4096, 0
1075, 8985, 1, 4096, 0
1075, 9438, 1, 4096, 0
1075, 6347, 1, 4096, 0
1076, 8011, 1, 4096, 0
1076, 6991, 1, 4096, 0
1076, 8270, 1, 4096, 0
1077, 5169, 1, 4096, 0
1077, 6838, 1, 4096, 0
1078, 6514, 1, 4096, 0
1078, 6904, 1, 4096, 0
1078, 9183, 1, 4096, 0
1079, 9666, 1, 4096, 0
1079, 6433, 1, 4096, 0
1080, 5164, 1, 4096, 0
1080, 4100, 1, 4096, 0
1080, 6946, 1, 4096, 0
1082, 9202, 1, 4096, 0
1082, 4849, 1, 4096, 0
1082, 17250, 1, 4096, 0
1083, 6606, 1, 4096, 0
1083, 3933, 1, 4096, 0
1083, 4466, 1, 4096, 0
1084, 6475, 1, 4096, 0
1084, 4390, 1, 4096, 0
1085, 7121, 1, 4096, 0
1085, 7908, 1, 4096, 0
1085, 9572, 1, 4096, 0
1086, 5204, 1, 4096, 0
1086, 8022, 1, 4096, 0
1086, 4687, 1, 4096, 0
1087, 7613, 1, 4096, 0
1087, 8262, 1, 4096, 0
1088, 8846, 1, 4096, 0
1088, 8567, 1, 4096, 0
1089, 6308, 1, 4096, 0
1089, 4020, 1, 4096, 0
1089, 6901, 1, 4096, 0
1090, 11785, 1, 4096, 0
1090, 9917, 1, 4096, 0
1090, 5206, 1, 4096, 0
1091, 7533, 1, 4096, 0
1091, 3603, 1, 4096, 0
1091, 2763, 1, 4096, 0
1092, 10942, 1, 4096, 0
1092, 5225, 1, 4096, 0
1092, 12301, 1, 4096, 0
1093, 8423, 1, 4096, 0
1093, 4522, 1, 4096, 0
1093, 11185, 1, 4096, 0
1094, 10616, 1, 4096, 0
1094, 7979, 1, 4096, 0
1094, 9716, 1, 4096, 0
1095, 8879, 1, 4096, 0
1095, 4981, 1, 4096, 0
1096, 9764, 1, 4096, 0
1096, 10556, 1, 4096, 0
1097, 9038, 1, 4096, 0
1097, 9659, 1, 4096, 0
1097, 6149, 1, 4096, 0
1097, 6098, 1, 4096, 0
1098, 9520, 1, 4096, 0
1098, 7820, 1, 4096, 0
1099, 7791, 1, 4096, 0
1100, 12232, 1, 4096, 0
1100, 4643, 1, 4096, 0
1100, 6391, 1, 4096, 0
1100, 6395, 1, 4096, 0
1101, 4957, 1, 4096, 0
1101, 6885, 1, 4096, 0
1102, 10515, 1, 4096, 0
1102, 2940, 1, 4096, 0
1102, 12902, 1, 4096, 0
1103, 10396, 1, 4096, 0
1103, 8444, 1, 4096, 0
1103, 10430, 1, 4096, 0
1104, 6604, 1, 4096, 0
1105, 7377, 1, 4096, 0
1105, 8365, 1, 4096, 0
1105, 6744, 1, 4096, 0
1106, 8054, 1, 4096, 0
1106, 9563, 1, 4096, 0
1106, 4247, 1, 4096, 0
1107, 5940, 1, 4096, 0
1107, 8131, 1, 4096, 0
1107, 9798, 1, 4096, 0
1108, 7156, 1, 4096, 0
1108, 7044, 1, 4096, 0
1108, 8135, 1, 4096, 0
1109, 6935, 1, 4096, 0
1109, 9269, 1, 4096, 0
1109, 11245, 1, 4096, 0
1110, 6227, 1, 4096, 0
1110, 8405, 1, 4096, 0
1110, 6916, 1, 4096, 0
1111, 7066, 1, 4096, 0
1111, 8061, 1, 4096, 0
1112, 7742, 1, 4096, 0
1112, 2522, 1, 4096, 0
1112, 5488, 1, 4096, 0
1113, 12190, 1, 4096, 0
1113, 10705, 1, 4096, 0
1114, 3884, 1, 4096, 0
1114, 14124, 1, 4096, 0
1114, 8312, 1, 4096, 0
1115, 7223, 1, 4096, 0
1115, 10976, 1, 4096, 0
1116, 5079, 1, 4096, 0
1116, 9425, 1, 4096, 0
1116, 12107, 1, 4096, 0
1117, 4967, 1, 4096, 0
1117, 10391, 1, 4096, 0
1117, 10156, 1, 4096, 0
1117, 8275, 1, 4096, 0
1118, 10553, 1, 4096, 0
1118, 8943, 1, 4096, 0
1119, 5576, 1, 4096, 0
1119, 6758, 1, 4096, 0
1120, 9714, 1, 4096, 0
1120, 7602, 1, 4096, 0
1121, 5960, 1, 4096, 0
1121, 5414, 1, 4096, 0
1121, 9087, 1, 4096, 0
1122, 6147, 1, 4096, 0
1122, 6960, 1, 4096, 0
1122, 9801, 1, 4096, 0
1123, 5052, 1, 4096, 0
1123, 6294, 1, 4096, 0
1123, 6689, 1, 4096, 0
1124, 9430, 1, 4096, 0
1125, 7339, 1, 4096, 0
1125, 5285, 1, 4096, 0
1125, 6713, 1, 4096, 0
1126, 8245, 1, 4096, 0
1126, 5100, 1, 4096, 0
1126, 9638, 1, 4096, 0
1127, 7308, 1, 4096, 0
1127, 4288, 1, 4096, 0
1127, 4528, 1, 4096, 0
1128, 6269, 1, 4096, 0
1129, 10253, 1, 4096, 0
1129, 5236, 1, 4096, 0
1129, 3723, 1, 4096, 0
1130, 8030, 1, 4096, 0
1130, 2409, 1, 4096, 0
1130, 2532, 1, 4096, 0
1131, 9364, 1, 4096, 0
1132, 10122, 1, 4096, 0
1133, 7645, 1, 4096, 0
1133, 7709, 1, 4096, 0
1133, 4933, 1, 4096, 0
1133, 11195, 1, 4096, 0
1134, 7945, 1, 4096, 0
1134, 10017, 1, 4096, 0
1134, 11005, 1, 4096, 0
1135, 8944, 1, 4096, 0
1135, 4585, 1, 4096, 0
1136, 11766, 1, 4096, 0
1136, 8474, 1, 4096, 0
1136, 5705, 1, 4096, 0
1137, 6195, 1, 4096, 0
1137, 6184, 1, 4096, 0
1138, 5727, 1, 4096, 0
1139, 10565, 1, 4096, 0
1139, 5054, 1, 4096, 0
1139, 3937, 1, 4096, 0
1140, 7470, 1, 4096, 0
1140, 12715, 1, 4096, 0
1140, 9908, 1, 4096, 0
1141, 9326, 1, 4096, 0
1141, 6161, 1, 4096, 0
1141, 5944, 1, 4096, 0
1142, 6835, 1, 4096, 0
1142, 2557, 1, 4096, 0
1142, 6366, 1, 4096, 0
1143, 7326, 1, 4096, 0
1143, 2777, 1, 4096, 0
1144, 14036, 1, 4096, 0
1144, 10247, 1, 4096, 0
1144, 3933, 1, 4096, 0
1145, 7815, 1, 4096, 0
1145, 5080, 1, 4096, 0
1145, 8799, 1, 4096, 0
1146, 10037, 1, 4096, 0
1146, 8488, 1, 4096, 0
1146, 6416, 1, 4096, 0
1147, 12516, 1, 4096, 0
1147, 7914, 1, 4096, 0
1147, 12256, 1, 4096, 0
1148, 6904, 1, 4096, 0
1149, 5412, 1, 4096, 0
1149, 11018, 1, 4096, 0
1150, 10031, 1, 4096, 0
1150, 5633, 1, 4096, 0
1150, 6453, 1, 4096, 0
1151, 9348, 1, 4096, 0
1151, 5763, 1, 4096, 0
1151, 9486, 1, 4096, 0
1152, 7041, 1, 4096, 0
1152, 6566, 1, 4096, 0
1152, 3593, 1, 4096, 0
1153, 7613, 1, 4096, 0
1153, 6950, 1, 4096, 0
1154, 8939, 1, 4096, 0
1154, 5271, 1, 4096, 0
1155, 8316, 1, 4096, 0
1155, 11154, 1, 4096, 0
1156, 5254, 1, 4096, 0
1156, 11388, 1, 4096, 0
1156, 5740, 1, 4096, 0
1157, 9633, 1, 4096, 0
1157, 4283, 1, 4096, 0
1157, 6496, 1, 4096, 0
1158, 9827, 1, 4096, 0
1158, 4989, 1, 4096, 0
1159, 8357, 1, 4096, 0
1159, 8526, 1, 4096, 0
1159, 4677, 1, 4096, 0
1160, 9926, 1, 4096, 0
1160, 8627, 1, 4096, 0
1161, 7972, 1, 4096, 0
1161, 4344, 1, 4096, 0
1162, 7056, 1, 4096, 0
1162, 10562, 1, 4096, 0
1162, 9048, 1, 4096, 0
1162, 8381, 1, 4096, 0
1163, 5649, 1, 4096, 0
1163, 10739, 1, 4096, 0
1164, 9765, 1, 4096, 0
1164, 9872, 1, 4096, 0
1165, 7844, 1, 4096, 0
1165, 10801, 1, 4096, 0
1165, 4416, 1, 4096, 0
1166, 11757, 1, 4096, 0
1166, 12223, 1, 4096, 0
1166, 9423, 1, 4096, 0
1167, 14361, 1, 4096, 0
1167, 6119, 1, 4096, 0
1168, 8614, 1, 4096, 0
1168, 5405, 1, 4096, 0
1168, 8789, 1, 4096, 0
1168, 4203, 1, 4096, 0
1169, 8300, 1, 4096, 0
1170, 5002, 1, 4096, 0
1170, 5393, 1, 4096, 0
1171, 9803, 1, 4096, 0
1171, 9435, 1, 4096, 0
1171, 11238, 1, 4096, 0
1172, 7296, 1, 4096, 0
1172, 22415, 1, 4096, 0
1173, 10821, 1, 4096, 0
1173, 5549, 1, 4096, 0
1173, 9241, 1, 4096, 0
1174, 9006, 1, 4096, 0
1174, 5415, 1, 4096, 0
1174, 9003, 1, 4096, 0
1175, 8713, 1, 4096, 0
1175, 7163, 1, 4096, 0
1175, 5232, 1, 4096, 0
1176, 8266, 1, 4096, 0
1176, 8757, 1, 4096, 0
1176, 7102, 1, 4096, 0
1178, 11046, 1, 4096, 0
1178, 3735, 1, 4096, 0
1178, 4699, 1, 4096, 0
1179, 11550, 1, 4096, 0
1179, 4158, 1, 4096, 0
1180, 7839, 1, 4096, 0
1180, 9269, 1, 4096, 0
1181, 5273, 1, 4096, 0
1181, 5965, 1, 4096, 0
1182, 8103, 1, 4096, 0
1182, 8444, 1, 4096, 0
1182, 11197, 1, 4096, 0
1183, 5871, 1, 4096, 0
1183, 10887, 1, 4096, 0
1183, 7865, 1, 4096, 0
1184, 8251, 1, 4096, 0
1184, 3201, 1, 4096, 0
1184, 5861, 1, 4096, 0
1185, 10482, 1, 4096, 0
1185, 4329, 1, 4096, 0
1186, 9565, 1, 4096, 0
1186, 8937, 1, 4096, 0
1186, 10145, 1, 4096, 0
1187, 4971, 1, 4096, 0
1187, 5462, 1, 4096, 0
1188, 7619, 1, 4096, 0
1188, 7107, 1, 4096, 0
1189, 6125, 1, 4096, 0
1189, 6282, 1, 4096, 0
1189, 4687, 1, 4096, 0
1190, 8758, 1, 4096, 0
1190, 7181, 1, 4096, 0
1190, 10077, 1, 4096, 0
1191, 10443, 1, 4096, 0
1191, 6688, 1, 4096, 0
1191, 7217, 1, 4096, 0
1192, 8659, 1, 4096, 0
1192, 14059, 1, 4096, 0
1192, 11226, 1, 4096, 0
1193, 7792, 1, 4096, 0
1194, 5648, 1, 4096, 0
1194, 3334, 1, 4096, 0
1194, 10287, 1, 4096, 0
1195, 4508, 1, 4096, 0
1195, 5416, 1, 4096, 0
1196, 10800, 1, 4096, 0
1196, 12643, 1, 4096, 0
1196, 3417, 1, 4096, 0
1197, 8604, 1, 4096, 0
1197, 3116, 1, 4096, 0
1197, 8858, 1, 4096, 0
1198, 15153, 1, 4096, 0
1198, 10684, 1, 4096, 0
1198, 10110, 1, 4096, 0
1199, 10454, 1, 4096, 0
1199, 7858, 1, 4096, 0
1199, 2415, 1, 4096, 0
1200, 5009, 1, 4096, 0
1201, 7631, 1, 4096, 0
1201, 4877, 1, 4096, 0
1201, 8733, 1, 4096, 0
1201, 3831, 1, 4096, 0
1202, 4508, 1, 4096, 0
1203, 9464, 1, 4096, 0
1203, 6275, 1, 4096, 0
1203, 5225, 1, 4096, 0
1204, 7300, 1, 4096, 0
1204, 5012, 1, 4096, 0
1204, 7324, 1, 4096, 0
1205, 9582, 1, 4096, 0
1205, 3505, 1, 4096, 0
1205, 6377, 1, 4096, 0
1206, 6310, 1, 4096, 0
1206, 10830, 1, 4096, 0
1206, 7533, 1, 4096, 0
1207, 7977, 1, 4096, 0
1207, 6870, 1, 4096, 0
1207, 8672, 1, 4096, 0
1208, 7798, 1, 4096, 0
1208, 6720, 1, 4096, 0
1208, 8870, 1, 4096, 0
1209, 8808, 1, 4096, 0
1209, 8001, 1, 4096, 0
1210, 7760, 1, 4096, 0
1211, 8593, 1, 4096, 0
1211, 4860, 1, 4096, 0
1211, 9759, 1, 4096, 0
1212, 11226, 1, 4096, 0
1212, 16255, 1, 4096, 0
1212, 12524, 1, 4096, 0
1213, 6251, 1, 4096, 0
1213, 7675, 1, 4096, 0
1214, 9610, 1, 4096, 0
1214, 6404, 1, 4096, 0
1215, 6674, 1, 4096, 0
1215, 5469, 1, 4096, 0
1215, 3589, 1, 4096, 0
1216, 8723, 1, 4096, 0
1216, 11410, 1, 4096, 0
1217, 9268, 1, 4096, 0
1217, 5448, 1, 4096, 0
1218, 4440, 1, 4096, 0
1218, 8745, 1, 4096, 0
1218, 6364, 1, 4096, 0
1219, 9734, 1, 4096, 0
1219, 11528, 1, 4096, 0
1219, 5693, 1, 4096, 0
1220, 10809, 1, 4096, 0
1220, 8478, 1, 4096, 0
1221, 5774, 1, 4096, 0
1221, 9066, 1, 4096, 0
1221, 5457, 1, 4096, 0
1222, 7408, 1, 4096, 0
1222, 6802, 1, 4096, 0
1222, 10099, 1, 4096, 0
1223, 5839, 1, 4096, 0
1223, 4279, 1, 4096, 0
1223, 11327, 1, 4096, 0
1224, 12441, 1, 4096, 0
1225, 8899, 1, 4096, 0
1225, 8082, 1, 4096, 0
1225, 11615, 1, 4096, 0
1226, 10816, 1, 4096, 0
1226, 5542, 1, 4096, 0
1227, 9696, 1, 4096, 0
1227, 9244, 1, 4096, 0
1227, 3646, 1, 4096, 0
1228, 6767, 1, 4096, 0
1228, 8560, 1, 4096, 0
1228, 9007, 1, 4096, 0
1228, 8559, 1, 4096, 0
1229, 7008, 1, 4096, 0
1229, 5077, 1, 4096, 0
1230, 9971, 1, 4096, 0
1230, 3914, 1, 4096, 0
1231, 13232, 1, 4096, 0
1231, 9636, 1, 4096, 0
1231, 11332, 1, 4096, 0
1232, 10595, 1, 4096, 0
1232, 6782, 1, 4096, 0
1233, 8062, 1, 4096, 0
1233, 9622, 1, 4096, 0
1233, 3659, 1, 4096, 0
1234, 10579, 1, 4096, 0
1234, 9449, 1, 4096, 0
1234, 3250, 1, 4096, 0
1235, 6995, 1, 4096, 0
1235, 7357, 1, 4096, 0
1236, 5711, 1, 4096, 0
1236, 6014, 1, 4096, 0
1237, 6020, 1, 4096, 0
1237, 4601, 1, 4096, 0
1238, 8042, 1, 4096, 0
1238, 6554, 1, 4096, 0
1238, 9412, 1, 4096, 0
1239, 10099, 1, 4096, 0
1239, 5986, 1, 4096, 0
1239, 8596, 1, 4096, 0
1240, 9441, 1, 4096, 0
1241, 9031, 1, 4096, 0
1241, 3659, 1, 4096, 0
1241, 8187, 1, 4096, 0
1242, 8294, 1, 4096, 0
1243, 7831, 1, 4096, 0
1243, 3759, 1, 4096, 0
1243, 6540, 1, 4096, 0
1244, 7023, 1, 4096, 0
1244, 7626, 1, 4096, 0
1244, 6891, 1, 4096, 0
1245, 4433, 1, 4096, 0
1245, 5393, 1, 4096, 0
1246, 10574, 1, 4096, 0
1246, 11772, 1, 4096, 0
1247, 9741, 1, 4096, 0
1247, 7458, 1, 4096, 0
1247, 6731, 1, 4096, 0
1248, 6710, 1, 4096, 0
1248, 1717, 1, 4096, 0
1249, 9962, 1, 4096, 0
1249, 3807, 1, 4096, 0
1249, 5746, 1, 4096, 0
1250, 6739, 1, 4096, 0
1250, 7458, 1, 4096, 0
1250, 5044, 1, 4096, 0
1251, 7546, 1, 4096, 0
1251, 6971, 1, 4096, 0
1251, 7254, 1, 4096, 0
1252, 5842, 1, 4096, 0
1252, 2482, 1, 4096, 0
1252, 7266, 1, 4096, 0
1253, 10169, 1, 4096, 0
1253, 3347, 1, 4096, 0
1254, 7860, 1, 4096, 0
1254, 7864, 1, 4096, 0
1255, 9941, 1, 4096, 0
1255, 6599, 1, 4096, 0
1256, 9298, 1, 4096, 0
1256, 8467, 1, 4096, 0
1256, 9588, 1, 4096, 0
1257, 8571, 1, 4096, 0
1257, 8068, 1, 4096, 0
1257, 2237, 1, 4096, 0
1258, 8526, 1, 4096, 0
1259, 8280, 1, 4096, 0
1259, 5302, 1, 4096, 0
1259, 8481, 1, 4096, 0
1260, 8380, 1, 4096, 0
1260, 4694, 1, 4096, 0
1260, 6985, 1, 4096, 0
1261, 10819, 1, 4096, 0
1261, 3791, 1, 4096, 0
1261, 10340, 1, 4096, 0
1262, 11396, 1, 4096, 0
1262, 8138, 1, 4096, 0
1263, 4798, 1, 4096, 0
1263, 8682, 1, 4096, 0
1264, 7603, 1, 4096, 0
1264, 9020, 1, 4096, 0
1264, 10359, 1, 4096, 0
1265, 7085, 1, 4096, 0
1265, 5254, 1, 4096, 0
1265, 5818, 1, 4096, 0
1266, 8213, 1, 4096, 0
1266, 9468, 1, 4096, 0
1267, 9439, 1, 4096, 0
1267, 6794, 1, 4096, 0
1267, 6268, 1, 4096, 0
1268, 9646, 1, 4096, 0
1268, 10537, 1, 4096, 0
1268, 6876, 1, 4096, 0
1269, 8251, 1, 4096, 0
1269, 7812, 1, 4096, 0
1270, 5229, 1, 4096, 0
1270, 7980, 1, 4096, 0
1271, 7192, 1, 4096, 0
1271, 10409, 1, 4096, 0
1272, 7942, 1, 4096, 0
1272, 5934, 1, 4096, 0
1273, 10010, 1, 4096, 0
1273, 9971, 1, 4096, 0
1273, 3472, 1, 4096, 0
1274, 7467, 1, 4096, 0
1274, 6785, 1, 4096, 0
1274, 6173, 1, 4096, 0
1275, 6592, 1, 4096, 0
1275, 3217, 1, 4096, 0
1275, 4925, 1, 4096, 0
1276, 11556, 1, 4096, 0
1276, 3248, 1, 4096, 0
1277, 10992, 1, 4096, 0
1277, 8818, 1, 4096, 0
1278, 12177, 1, 4096, 0
1278, 4412, 1, 4096, 0
1279, 6260, 1, 4096, 0
1279, 10850, 1, 4096, 0
1279, 9796, 1, 4096, 0
1280, 8823, 1, 4096, 0
1280, 8077, 1, 4096, 0
1280, 5368, 1, 4096, 0
1281, 8763, 1, 4096, 0
1281, 8237, 1, 4096, 0
1281, 10472, 1, 4096, 0
1282, 10156, 1, 4096, 0
1282, 5608, 1, 4096, 0
1282, 9557, 1, 4096, 0
1283, 6530, 1, 4096, 0
1283, 9017, 1, 4096, 0
1284, 8913, 1, 4096, 0
1284, 4324, 1, 4096, 0
1285, 7270, 1, 4096, 0
1285, 3387, 1, 4096, 0
1285, 11234, 1, 4096, 0
1285, 10386, 1, 4096, 0
1286, 10676, 1, 4096, 0
1286, 9092, 1, 4096, 0
1286, 4250, 1, 4096, 0
1287, 11710, 1, 4096, 0
1287, 6239, 1, 4096, 0
1287, 6637, 1, 4096, 0
1288, 10538, 1, 4096, 0
1288, 4674, 1, 4096, 0
1288, 7927, 1, 4096, 0
1289, 9146, 1, 4096, 0
1289, 5958, 1, 4096, 0
1289, 7629, 1, 4096, 0
1290, 9086, 1, 4096, 0
1290, 4932, 1, 4096, 0
1290, 6496, 1, 4096, 0
1291, 5678, 1, 4096, 0
1292, 6226, 1, 4096, 0
1292, 26230, 1, 4096, 0
1292, 7525, 1, 4096, 0
1293, 10921, 1, 4096, 0
1293, 6650, 1, 4096, 0
1294, 8963, 1, 4096, 0
1294, 5478, 1, 4096, 0
1295, 5536, 1, 4096, 0
1295, 4632, 1, 4096, 0
1295, 9234, 1, 4096, 0
1296, 7560, 1, 4096, 0
1296, 7624, 1, 4096, 0
1296, 8630, 1, 4096, 0
1297, 10252, 1, 4096, 0
1297, 8441, 1, 4096, 0
1297, 7561, 1, 4096, 0
1298, 6535, 1, 4096, 0
1299, 8842, 1, 4096, 0
1299, 9246, 1, 4096, 0
1299, 8012, 1, 4096, 0
1300, 6853, 1, 4096, 0
1300, 7956, 1, 4096, 0
1301, 7096, 1, 4096, 0
1301, 6125, 1, 4096, 0
1302, 8240, 1, 4096, 0
1302, 6681, 1, 4096, 0
1302, 8738, 1, 4096, 0
1303, 14152, 1, 4096, 0
1303, 7629, 1, 4096, 0
1303, 2900, 1, 4096, 0
1304, 5202, 1, 4096, 0
1304, 4480, 1, 4096, 0
1304, 4908, 1, 4096, 0
1305, 7540, 1, 4096, 0
1305, 5795, 1, 4096, 0
1306, 6638, 1, 4096, 0
1306, 5838, 1, 4096, 0
1306, 5076, 1, 4096, 0
1306, 7412, 1, 4096, 0
1307, 9721, 1, 4096, 0
1307, 7830, 1, 4096, 0
1307, 8493, 1, 4096, 0
1308, 7548, 1, 4096, 0
1309, 10698, 1, 4096, 0
1309, 7700, 1, 4096, 0
1309, 6673, 1, 4096, 0
1309, 3364, 1, 4096, 0
1310, 9396, 1, 4096, 0
1310, 9951, 1, 4096, 0
1310, 4738, 1, 4096, 0
1311, 9316, 1, 4096, 0
1311, 10926, 1, 4096, 0
1311, 13024, 1, 4096, 0
1312, 7551, 1, 4096, 0
1312, 8226, 1, 4096, 0
1313, 8719, 1, 4096, 0
1313, 10426, 1, 4096, 0
1313, 4501, 1, 4096, 0
1314, 12201, 1, 4096, 0
1314, 6602, 1, 4096, 0
1314, 4210, 1, 4096, 0
1315, 9035, 1, 4096, 0
1315, 10113, 1, 4096, 0
1315, 4578, 1, 4096, 0
1316, 6649, 1, 4096, 0
1316, 3369, 1, 4096, 0
1316, 4216, 1, 4096, 0
1317, 10755, 1, 4096, 0
1317, 9011, 1, 4096, 0
1318, 5918, 1, 4096, 0
1318, 8671, 1, 4096, 0
1319, 9762, 1, 4096, 0
1319, 8519, 1, 4096, 0
1319, 6228, 1, 4096, 0
1320, 4146, 1, 4096, 0
1320, 4011, 1, 4096, 0
1320, 3092, 1, 4096, 0
1321, 8992, 1, 4096, 0
1321, 8141, 1, 4096, 0
1321, 8744, 1, 4096, 0
1322, 9710, 1, 4096, 0
1322, 7285, 1, 4096, 0
1322, 5445, 1, 4096, 0
1324, 10775, 1, 4096, 0
1324, 4016, 1, 4096, 0
1324, 5961, 1, 4096, 0
1325, 6137, 1, 4096, 0
1325, 5346, 1, 4096, 0
1325, 10787, 1, 4096, 0
1326, 6678, 1, 4096, 0
1326, 10800, 1, 4096, 0
1326, 10167, 1, 4096, 0
1327, 5442, 1, 4096, 0
1327, 3990, 1, 4096, 0
1328, 8524, 1, 4096, 0
1328, 6278, 1, 4096, 0
1328, 8669, 1, 4096, 0
1329, 13388, 1, 4096, 0
1329, 8943, 1, 4096, 0
1330, 6770, 1, 4096, 0
1330, 9417, 1, 4096, 0
1330, 6794, 1, 4096, 0
1331, 11101, 1, 4096, 0
1331, 8891, 1, 4096, 0
1331, 7859, 1, 4096, 0
1332, 9039, 1, 4096, 0
1332, 9692, 1, 4096, 0
1333, 8263, 1, 4096, 0
1334, 9976, 1, 4096, 0
1334, 5600, 1, 4096, 0
1334, 8575, 1, 4096, 0
1335, 6177, 1, 4096, 0
1335, 10376, 1, 4096, 0
1336, 10050, 1, 4096, 0
1336, 4236, 1, 4096, 0
1336, 4413, 1, 4096, 0
1337, 8378, 1, 4096, 0
1337, 2950, 1, 4096, 0
1337, 3814, 1, 4096, 0
1338, 8835, 1, 4096, 0
1338, 11441, 1, 4096, 0
1338, 5256, 1, 4096, 0
1339, 9365, 1, 4096, 0
1339, 8313, 1, 4096, 0
1340, 7996, 1, 4096, 0
1340, 8703, 1, 4096, 0
1341, 12099, 1, 4096, 0
1341, 9889, 1, 4096, 0
1342, 4283, 1, 4096, 0
1342, 10416, 1, 4096, 0
1342, 8570, 1, 4096, 0
1343, 6987, 1, 4096, 0
1343, 4747, 1, 4096, 0
1344, 9403, 1, 4096, 0
1344, 16014, 1, 4096, 0
1344, 10549, 1, 4096, 0
1345, 11460, 1, 4096, 0
1345, 6892, 1, 4096, 0
1345, 8371, 1, 4096, 0
1345, 4842, 1, 4096, 0
1346, 7483, 1, 4096, 0
1346, 5143, 1, 4096, 0
1346, 7727, 1, 4096, 0
1347, 9073, 1, 4096, 0
1347, 8437, 1, 4096, 0
1347, 9793, 1, 4096, 0
1348, 4651, 1, 4096, 0
1348, 4669, 1, 4096, 0
1348, 4039, 1, 4096, 0
1349, 9770, 1, 4096, 0
1350, 6501, 1, 4096, 0
1350, 4688, 1, 4096, 0
1350, 8138, 1, 4096, 0
1351, 8147, 1, 4096, 0
1351, 10245, 1, 4096, 0
1352, 8563, 1, 4096, 0
1352, 9464, 1, 4096, 0
1352, 4692, 1, 4096, 0
1353, 12209, 1, 4096, 0
1353, 3194, 1, 4096, 0
1353, 5091, 1, 4096, 0
1354, 6957, 1, 4096, 0
1354, 7918, 1, 4096, 0
1354, 10241, 1, 4096, 0
1355, 5670, 1, 4096, 0
1355, 3764, 1, 4096, 0
1355, 6518, 1, 4096, 0
1356, 8862, 1, 4096, 0
1356, 5170, 1, 4096, 0
1357, 16300, 1, 4096, 0
1357, 8214, 1, 4096, 0
1357, 7847, 1, 4096, 0
1358, 6445, 1, 4096, 0
1358, 6499, 1, 4096, 0
1358, 5295, 1, 4096, 0
1359, 7667, 1, 4096, 0
1359, 3761, 1, 4096, 0
1360, 9652, 1, 4096, 0
1360, 9419, 1, 4096, 0
1360, 10733, 1, 4096, 0
1361, 11111, 1, 4096, 0
1361, 4840, 1, 4096, 0
1362, 8630, 1, 4096, 0
1362, 11024, 1, 4096, 0
1363, 9025, 1, 4096, 0
1363, 13498, 1, 4096, 0
1364, 7047, 1, 4096, 0
1364, 9095, 1, 4096, 0
1364, 4908, 1, 4096, 0
1365, 9468, 1, 4096, 0
1365, 4572, 1, 4096, 0
1365, 6502, 1, 4096, 0
1366, 10514, 1, 4096, 0
1366, 6361, 1, 4096, 0
1366, 3043, 1, 4096, 0
1367, 10992, 1, 4096, 0
1367, 8866, 1, 4096, 0
1368, 7069, 1, 4096, 0
1368, 9209, 1, 4096, 0
1368, 7718, 1, 4096, 0
1369, 5853, 1, 4096, 0
1369, 8377, 1, 4096, 0
1369, 2625, 1, 4096, 0
1370, 7847, 1, 4096, 0
1370, 8829, 1, 4096, 0
1371, 5458, 1, 4096, 0
1371, 7841, 1, 4096, 0
1371, 8995, 1, 4096, 0
1372, 13895, 1, 4096, 0
1372, 8809, 1, 4096, 0
1372, 8097, 1, 4096, 0
1373, 8530, 1, 4096, 0
1373, 3679, 1, 4096, 0
1373, 5027, 1, 4096, 0
1375, 11591, 1, 4096, 0
1375, 4078, 1, 4096, 0
1375, 3932, 1, 4096, 0
1375, 11687, 1, 4096, 0
1376, 8933, 1, 4096, 0
1376, 7896, 1, 4096, 0
1376, 9659, 1, 4096, 0
1377, 9158, 1, 4096, 0
1377, 10194, 1, 4096, 0
1377, 5015, 1, 4096, 0
1378, 10034, 1, 4096, 0
1378, 4323, 1, 4096, 0
1379, 6719, 1, 4096, 0
1379, 7241, 1, 4096, 0
1379, 5238, 1, 4096, 0
1380, 4547, 1, 4096, 0
1381, 11477, 1, 4096, 0
1381, 10782, 1, 4096, 0
1381, 9145, 1, 4096, 0
1382, 9683, 1, 4096, 0
1382, 4145, 1, 4096, 0
1382, 5685, 1, 4096, 0
1383, 8991, 1, 4096, 0
1383, 7752, 1, 4096, 0
1383, 9249, 1, 4096, 0
1384, 10463, 1, 4096, 0
1384, 3514, 1, 4096, 0
1385, 8947, 1, 4096, 0
1385, 11690, 1, 4096, 0
1385, 8212, 1, 4096, 0
1386, 4972, 1, 4096, 0
1387, 11244, 1, 4096, 0
1387, 3935, 1, 4096, 0
1387, 7655, 1, 4096, 0
1388, 10038, 1, 4096, 0
1388, 4357, 1, 4096, 0
1388, 6526, 1, 4096, 0
1389, 9237, 1, 4096, 0
1389, 4909, 1, 4096, 0
1389, 8043, 1, 4096, 0
1390, 8958, 1, 4096, 0
1390, 8077, 1, 4096, 0
1390, 4035, 1, 4096, 0
1391, 10668, 1, 4096, 0
1391, 5814, 1, 4096, 0
1391, 8323, 1, 4096, 0
1392, 8576, 1, 4096, 0
1392, 9140, 1, 4096, 0
1392, 7918, 1, 4096, 0
1393, 7970, 1, 4096, 0
1393, 4079, 1, 4096, 0
1393, 6433, 1, 4096, 0
1394, 8631, 1, 4096, 0
1394, 4078, 1, 4096, 0
1394, 2398, 1, 4096, 0
1395, 5832, 1, 4096, 0
1395, 5475, 1, 4096, 0
1396, 4255, 1, 4096, 0
1396, 7642, 1, 4096, 0
1397, 5754, 1, 4096, 0
1397, 7161, 1, 4096, 0
1398, 8631, 1, 4096, 0
1398, 11048, 1, 4096, 0
1399, 8676, 1, 4096, 0
1399, 6264, 1, 4096, 0
1399, 6037, 1, 4096, 0
1400, 16477, 1, 4096, 0
1400, 4186, 1, 4096, 0
1400, 6539, 1, 4096, 0
1401, 6931, 1, 4096, 0
1401, 3360, 1, 4096, 0
1401, 8046, 1, 4096, 0
1402, 8650, 1, 4096, 0
1402, 6026, 1, 4096, 0
1402, 5932, 1, 4096, 0
1403, 16261, 1, 4096, 0
1403, 4602, 1, 4096, 0
1403, 6972, 1, 4096, 0
1404, 7531, 1, 4096, 0
1404, 7311, 1, 4096, 0
1405, 8538, 1, 4096, 0
1405, 10542, 1, 4096, 0
1405, 4437, 1, 4096, 0
1406, 8936, 1, 4096, 0
1406, 7920, 1, 4096, 0
1406, 6727, 1, 4096, 0
1407, 6259, 1, 4096, 0
1407, 8236, 1, 4096, 0
1407, 6448, 1, 4096, 0
1408, 4335, 1, 4096, 0
1408, 7705, 1, 4096, 0
1409, 5113, 1, 4096, 0
1409, 8260, 1, 4096, 0
1409, 3486, 1, 4096, 0
1410, 5002, 1, 4096, 0
1410, 6788, 1, 4096, 0
1411, 6910, 1, 4096, 0
1411, 4268, 1, 4096, 0
1411, 8296, 1, 4096, 0
1412, 8651, 1, 4096, 0
1412, 7301, 1, 4096, 0
1413, 9770, 1, 4096, 0
1413, 5220, 1, 4096, 0
1414, 10087, 1, 4096, 0
1414, 10279, 1, 4096, 0
1414, 8440, 1, 4096, 0
1414, 5184, 1, 4096, 0
1415, 12411, 1, 4096, 0
1416, 8560, 1, 4096, 0
1416, 5657, 1, 4096, 0
1416, 5975, 1, 4096, 0
1417, 7752, 1, 4096, 0
1417, 4473, 1, 4096, 0
1417, 7448, 1, 4096, 0
1418, 5994, 1, 4096, 0
1418, 7213, 1, 4096, 0
1419, 6789, 1, 4096, 0
1419, 2553, 1, 4096, 0
1419, 8328, 1, 4096, 0
1420, 7427, 1, 4096, 0
1420, 6582, 1, 4096, 0
1420, 5784, 1, 4096, 0
1421, 8623, 1, 4096, 0
1422, 6067, 1, 4096, 0
1422, 3145, 1, 4096, 0
1422, 9537, 1, 4096, 0
1423, 6839, 1, 4096, 0
1423, 7633, 1, 4096, 0
1423, 3682, 1, 4096, 0
1424, 6916, 1, 4096, 0
1425, 9589, 1, 4096, 0
1425, 7789, 1, 4096, 0
1425, 6409, 1, 4096, 0
1426, 5962, 1, 4096, 0
1426, 6731, 1, 4096, 0
1426, 3672, 1, 4096, 0
1427, 7844, 1, 4096, 0
1427, 3067, 1, 4096, 0
1427, 8307, 1, 4096, 0
1428, 6122, 1, 4096, 0
1428, 7823, 1, 4096, 0
1428, 6535, 1, 4096, 0
1429, 8429, 1, 4096, 0
1429, 9676, 1, 4096, 0
1429, 6284, 1, 4096, 0
1430, 7730, 1, 4096, 0
1430, 4668, 1, 4096, 0
1431, 7954, 1, 4096, 0
1431, 4561, 1, 4096, 0
1431, 8664, 1, 4096, 0
1432, 8267, 1, 4096, 0
1432, 8911, 1, 4096, 0
1433, 8093, 1, 4096, 0
1433, 11615, 1, 4096, 0
1434, 10456, 1, 4096, 0
1434, 7490, 1, 4096, 0
1434, 7438, 1, 4096, 0
1435, 8902, 1, 4096, 0
1435, 7624, 1, 4096, 0
1435, 4778, 1, 4096, 0
1436, 9546, 1, 4096, 0
1437, 7251, 1, 4096, 0
1437, 8449, 1, 4096, 0
1437, 7100, 1, 4096, 0
1437, 10057, 1, 4096, 0
1438, 8250, 1, 4096, 0
1438, 5379, 1, 4096, 0
1439, 12831, 1, 4096, 0
1439, 8171, 1, 4096, 0
1440, 6361, 1, 4096, 0
1440, 10512, 1, 4096, 0
1440, 10684, 1, 4096, 0
1441, 10006, 1, 4096, 0
1441, 12172, 1, 4096, 0
1442, 10488, 1, 4096, 0
1442, 4796, 1, 4096, 0
1442, 5841, 1, 4096, 0
1442, 8994, 1, 4096, 0
1443, 6577, 1, 4096, 0
1443, 4905, 1, 4096, 0
1443, 5627, 1, 4096, 0
1444, 8134, 1, 4096, 0
1445, 6785, 1, 4096, 0
1445, 4972, 1, 4096, 0
1445, 5346, 1, 4096, 0
1446, 7114, 1, 4096, 0
1447, 6819, 1, 4096, 0
1447, 9862, 1, 4096, 0
1447, 8843, 1, 4096, 0
1448, 10821, 1, 4096, 0
1449, 10844, 1, 4096, 0
1449, 5584, 1, 4096, 0
1449, 2746, 1, 4096, 0
1450, 7920, 1, 4096, 0
1450, 3198, 1, 4096, 0
1450, 7574, 1, 4096, 0
1451, 8263, 1, 4096, 0
1451, 3115, 1, 4096, 0
1451, 9577, 1, 4096, 0
1452, 7418, 1, 4096, 0
1452, 8815, 1, 4096, 0
1452, 6617, 1, 4096, 0
1453, 9465, 1, 4096, 0
1453, 2578, 1, 4096, 0
1453, 3405, 1, 4096, 0
1454, 6312, 1, 4096, 0
1454, 3518, 1, 4096, 0
1454, 1922, 1, 4096, 0
1455, 8056, 1, 4096, 0
1455, 8917, 1, 4096, 0
1455, 4728, 1, 4096, 0
1456, 8424, 1, 4096, 0
1456, 5900, 1, 4096, 0
1456, 6116, 1, 4096, 0
1457, 11437, 1, 4096, 0
1457, 7037, 1, 4096, 0
1457, 4247, 1, 4096, 0
1458, 5776, 1, 4096, 0
1458, 5210, 1, 4096, 0
1458, 4290, 1, 4096, 0
1459, 5966, 1, 4096, 0
1459, 8354, 1, 4096, 0
1459, 3675, 1, 4096, 0
1460, 11844, 1, 4096, 0
1461, 5629, 1, 4096, 0
1461, 2772, 1, 4096, 0
1461, 10767, 1, 4096, 0
1461, 5365, 1, 4096, 0
1462, 7107, 1, 4096, 0
1463, 8380, 1, 4096, 0
1463, 5795, 1, 4096, 0
1463, 10847, 1, 4096, 0
1464, 6415, 1, 4096, 0
1464, 11738, 1, 4096, 0
1464, 4323, 1, 4096, 0
1465, 7759, 1, 4096, 0
1465, 9590, 1, 4096, 0
1465, 2574, 1, 4096, 0
1466, 5797, 1, 4096, 0
1466, 9262, 1, 4096, 0
1466, 2770, 1, 4096, 0
1467, 9246, 1, 4096, 0
1467, 7759, 1, 4096, 0
1467, 4452, 1, 4096, 0
1469, 10071, 1, 4096, 0
1469, 6220, 1, 4096, 0
1469, 7444, 1, 4096, 0
1470, 5844, 1, 4096, 0
1470, 6469, 1, 4096, 0
1470, 3808, 1, 4096, 0
1471, 5966, 1, 4096, 0
1471, 6250, 1, 4096, 0
1471, 3399, 1, 4096, 0
1471, 4664, 1, 4096, 0
1472, 6439, 1, 4096, 0
1472, 5265, 1, 4096, 0
1473, 4754, 1, 4096, 0
1473, 10288, 1, 4096, 0
1473, 4037, 1, 4096, 0
1473, 4213, 1, 4096, 0
1474, 10915, 1, 4096, 0
1475, 8137, 1, 4096, 0
1475, 4330, 1, 4096, 0
1475, 11801, 1, 4096, 0
1475, 10284, 1, 4096, 0
1476, 7318, 1, 4096, 0
1477, 12872, 1, 4096, 0
1477, 4958, 1, 4096, 0
1477, 11299, 1, 4096, 0
1478, 13985, 1, 4096, 0
1478, 5739, 1, 4096, 0
1478, 10393, 1, 4096, 0
1479, 3455, 1, 4096, 0
1479, 5009, 1, 4096, 0
1479, 7161, 1, 4096, 0
1480, 6144, 1, 4096, 0
1480, 6096, 1, 4096, 0
1481, 7100, 1, 4096, 0
1481, 5600, 1, 4096, 0
1482, 6053, 1, 4096, 0
1482, 4263, 1, 4096, 0
1482, 9830, 1, 4096, 0
1482, 6758, 1, 4096, 0
1483, 7885, 1, 4096, 0
1483, 9522, 1, 4096, 0
1483, 5342, 1, 4096, 0
1484, 8145, 1, 4096, 0
1484, 9209, 1, 4096, 0
1485, 5272, 1, 4096, 0
1485, 5504, 1, 4096, 0
1485, 11656, 1, 4096, 0
1485, 5011, 1, 4096, 0
1486, 6332, 1, 4096, 0
1486, 8167, 1, 4096, 0
1487, 5356, 1, 4096, 0
1487, 5613, 1, 4096, 0
1487, 3620, 1, 4096, 0
1487, 3391, 1, 4096, 0
1488, 3558, 1, 4096, 0
1488, 2166, 1, 4096, 0
1488, 5390, 1, 4096, 0
1489, 8568, 1, 4096, 0
1489, 3512, 1, 4096, 0
1489, 6551, 1, 4096, 0
1490, 5429, 1, 4096, 0
1490, 3844, 1, 4096, 0
1491, 8833, 1, 4096, 0
1491, 9898, 1, 4096, 0
1491, 5977, 1, 4096, 0
1492, 6750, 1, 4096, 0
1492, 9449, 1, 4096, 0
1492, 4385, 1, 4096, 0
1493, 8416, 1, 4096, 0
1493, 8421, 1, 4096, 0
1493, 3196, 1, 4096, 0
1494, 7583, 1, 4096, 0
1494, 10202, 1, 4096, 0
1494, 8007, 1, 4096, 0
1495, 5013, 1, 4096, 0
1495, 7758, 1, 4096, 0
1496, 7469, 1, 4096, 0
1496, 10793, 1, 4096, 0
1496, 4368, 1, 4096, 0
1497, 5522, 1, 4096, 0
1497, 8542, 1, 4096, 0
1497, 8941, 1, 4096, 0
1498, 7579, 1, 4096, 0
1498, 8920, 1, 4096, 0
1498, 9317, 1, 4096, 0
1499, 7585, 1, 4096, 0
1499, 8674, 1, 4096, 0
1500, 7715, 1, 4096, 0
1500, 7515, 1, 4096, 0
1500, 10615, 1, 4096, 0
1501, 4036, 1, 4096, 0
1501, 4489, 1, 4096, 0
1501, 5965, 1, 4096, 0
1502, 7324, 1, 4096, 0
1502, 5267, 1, 4096, 0
1503, 5887, 1, 4096, 0
1503, 3446, 1, 4096, 0
1503, 7474, 1, 4096, 0
1504, 5324, 1, 4096, 0
1504, 3984, 1, 4096, 0
1504, 6394, 1, 4096, 0
1505, 8688, 1, 4096, 0
1505, 8676, 1, 4096, 0
1505, 9152, 1, 4096, 0
1506, 9296, 1, 4096, 0
1506, 10005, 1, 4096, 0
1506, 3327, 1, 4096, 0
1507, 8449, 1, 4096, 0
1507, 10502, 1, 4096, 0
1508, 7203, 1, 4096, 0
1508, 5301, 1, 4096, 0
1509, 8711, 1, 4096, 0
1509, 7385, 1, 4096, 0
1509, 6170, 1, 4096, 0
1510, 9880, 1, 4096, 0
1510, 6724, 1, 4096, 0
1511, 12528, 1, 4096, 0
1511, 6005, 1, 4096, 0
1511, 9248, 1, 4096, 0
1511, 6301, 1, 4096, 0
1512, 9364, 1, 4096, 0
1513, 9082, 1, 4096, 0
1513, 7311, 1, 4096, 0
1513, 8104, 1, 4096, 0
1514, 9472, 1, 4096, 0
1514, 8426, 1, 4096, 0
1514, 10376, 1, 4096, 0
1515, 7235, 1, 4096, 0
1515, 6615, 1, 4096, 0
1515, 7476, 1, 4096, 0
1516, 13522, 1, 4096, 0
1516, 6275, 1, 4096, 0
1517, 8477, 1, 4096, 0
1517, 12716, 1, 4096, 0
1518, 5096, 1, 4096, 0
1518, 8922, 1, 4096, 0
1519, 10470, 1, 4096, 0
1519, 6943, 1, 4096, 0
1519, 12721, 1, 4096, 0
1520, 10780, 1, 4096, 0
1520, 9909, 1, 4096, 0
1520, 4272, 1, 4096, 0
1521, 6744, 1, 4096, 0
1521, 7983, 1, 4096, 0
1521, 4311, 1, 4096, 0
1522, 6651, 1, 4096, 0
1522, 6539, 1, 4096, 0
1522, 4654, 1, 4096, 0
1523, 11062, 1, 4096, 0
1523, 9920, 1, 4096, 0
1523, 3362, 1, 4096, 0
1524, 7792, 1, 4096, 0
1525, 10141, 1, 4096, 0
1525, 5881, 1, 4096, 0
1526, 10388, 1, 4096, 0
1526, 7343, 1, 4096, 0
1527, 9513, 1, 4096, 0
1527, 5726, 1, 4096, 0
1527, 7978, 1, 4096, 0
1528, 10652, 1, 4096, 0
1528, 8933, 1, 4096, 0
1529, 5056, 1, 4096, 0
1529, 5417, 1, 4096, 0
1529, 6053, 1, 4096, 0
1530, 8381, 1, 4096, 0
1530, 8612, 1, 4096, 0
1531, 7106, 1, 4096, 0
1531, 13055, 1, 4096, 0
1531, 4189, 1, 4096, 0
1531, 5139, 1, 4096, 0
1532, 4715, 1, 4096, 0
1532, 10507, 1, 4096, 0
1532, 9918, 1, 4096, 0
1533, 10314, 1, 4096, 0
1534, 5826, 1, 4096, 0
1534, 3135, 1, 4096, 0
1534, 9389, 1, 4096, 0
1535, 7490, 1, 4096, 0
1535, 2252, 1, 4096, 0
1535, 9151, 1, 4096, 0
1536, 9693, 1, 4096, 0
1536, 7362, 1, 4096, 0
1537, 8632, 1, 4096, 0
1537, 6743, 1, 4096, 0
1537, 2935, 1, 4096, 0
1538, 5860, 1, 4096, 0
1538, 4502, 1, 4096, 0
1538, 8126, 1, 4096, 0
1539, 8849, 1, 4096, 0
1539, 9336, 1, 4096, 0
1539, 6634, 1, 4096, 0
1540, 7692, 1, 4096, 0
1540, 3285, 1, 4096, 0
1540, 8825, 1, 4096, 0
1541, 10407, 1, 4096, 0
1541, 9831, 1, 4096, 0
1541, 8120, 1, 4096, 0
1542, 9727, 1, 4096, 0
1542, 8096, 1, 4096, 0
1543, 10374, 1, 4096, 0
1543, 6103, 1, 4096, 0
1543, 5066, 1, 4096, 0
1544, 10680, 1, 4096, 0
1545, 8328, 1, 4096, 0
1545, 4223, 1, 4096, 0
1546, 7233, 1, 4096, 0
1546, 5868, 1, 4096, 0
1547, 7971, 1, 4096, 0
1547, 12042, 1, 4096, 0
1547, 15164, 1, 4096, 0
1548, 11172, 1, 4096, 0
1548, 8299, 1, 4096, 0
1548, 6037, 1, 4096, 0
1549, 10900, 1, 4096, 0
1549, 5201, 1, 4096, 0
1549, 7853, 1, 4096, 0
1550, 6911, 1, 4096, 0
1550, 5247, 1, 4096, 0
1550, 5520, 1, 4096, 0
1551, 11849, 1, 4096, 0
1551, 8781, 1, 4096, 0
1551, 8024, 1, 4096, 0
1552, 13493, 1, 4096, 0
1552, 5307, 1, 4096, 0
1553, 10185, 1, 4096, 0
1553, 9877, 1, 4096, 0
1553, 7972, 1, 4096, 0
1554, 11487, 1, 4096, 0
1554, 3223, 1, 4096, 0
1554, 5151, 1, 4096, 0
1555, 7240, 1, 4096, 0
1555, 11628, 1, 4096, 0
1555, 5954, 1, 4096, 0
1556, 7883, 1, 4096, 0
1556, 8386, 1, 4096, 0
1557, 5747, 1, 4096, 0
1557, 5393, 1, 4096, 0
1557, 9453, 1, 4096, 0
1558, 9178, 1, 4096, 0
1558, 7259, 1, 4096, 0
1559, 9383, 1, 4096, 0
1559, 8074, 1, 4096, 0
1559, 7115, 1, 4096, 0
1560, 5539, 1, 4096, 0
1560, 4795, 1, 4096, 0
1560, 7473, 1, 4096, 0
1561, 7258, 1, 4096, 0
1561, 11784, 1, 4096, 0
1562, 7480, 1, 4096, 0
1562, 6546, 1, 4096, 0
1562, 4931, 1, 4096, 0
1563, 8418, 1, 4096, 0
1563, 8373, 1, 4096, 0
1563, 11030, 1, 4096, 0
1564, 10102, 1, 4096, 0
1564, 9263, 1, 4096, 0
1565, 7776, 1, 4096, 0
1565, 9662, 1, 4096, 0
1566, 7194, 1, 4096, 0
1566, 8035, 1, 4096, 0
1566, 9464, 1, 4096, 0
1567, 9623, 1, 4096, 0
1567, 5574, 1, 4096, 0
1567, 3435, 1, 4096, 0
1568, 9135, 1, 4096, 0
1568, 6745, 1, 4096, 0
1568, 3570, 1, 4096, 0
1569, 8143, 1, 4096, 0
1569, 5760, 1, 4096, 0
1569, 8394, 1, 4096, 0
1570, 7334, 1, 4096, 0
1570, 9827, 1, 4096, 0
1571, 7613, 1, 4096, 0
1571, 8878, 1, 4096, 0
1572, 5941, 1, 4096, 0
1572, 9797, 1, 4096, 0
1573, 9797, 1, 4096, 0
1573, 21537, 1, 4096, 0
1573, 6698, 1, 4096, 0
1574, 7852, 1, 4096, 0
1574, 8464, 1, 4096, 0
1574, 4162, 1, 4096, 0
1575, 6198, 1, 4096, 0
1575, 7754, 1, 4096, 0
1575, 2883, 1, 4096, 0
1576, 9005, 1, 4096, 0
1576, 11078, 1, 4096, 0
1577, 6588, 1, 4096, 0
1577, 9410, 1, 4096, 0
1578, 6507, 1, 4096, 0
1578, 7813, 1, 4096, 0
1578, 6457, 1, 4096, 0
1579, 7419, 1, 4096, 0
1579, 9432, 1, 4096, 0
1580, 15051, 1, 4096, 0
1580, 7970, 1, 4096, 0
1581, 11361, 1, 4096, 0
1581, 2718, 1, 4096, 0
1581, 4583, 1, 4096, 0
1581, 12433, 1, 4096, 0
1582, 5601, 1, 4096, 0
1582, 8354, 1, 4096, 0
1583, 6677, 1, 4096, 0
1583, 7165, 1, 4096, 0
1583, 9524, 1, 4096, 0
1584, 12021, 1, 4096, 0
1584, 5793, 1, 4096, 0
1584, 2799, 1, 4096, 0
1585, 7608, 1, 4096, 0
1585, 4822, 1, 4096, 0
1585, 5025, 1, 4096, 0
1586, 7524, 1, 4096, 0
1586, 13920, 1, 4096, 0
1586, 7498, 1, 4096, 0
1587, 9167, 1, 4096, 0
1587, 4056, 1, 4096, 0
1588, 9353, 1, 4096, 0
1588, 8165, 1, 4096, 0
1588, 3226, 1, 4096, 0
1589, 6018, 1, 4096, 0
1589, 5830, 1, 4096, 0
1590, 4897, 1, 4096, 0
1590, 9916, 1, 4096, 0
1591, 10120, 1, 4096, 0
1591, 10154, 1, 4096, 0
1592, 6956, 1, 4096, 0
1592, 13988, 1, 4096, 0
1592, 4785, 1, 4096, 0
1593, 8643, 1, 4096, 0
1593, 6534, 1, 4096, 0
1593, 5459, 1, 4096, 0
1594, 4980, 1, 4096, 0
1594, 4641, 1, 4096, 0
1594, 8167, 1, 4096, 0
1595, 8221, 1, 4096, 0
1595, 8008, 1, 4096, 0
1596, 6651, 1, 4096, 0
1597, 6866, 1, 4096, 0
1597, 7648, 1, 4096, 0
1597, 5821, 1, 4096, 0
1598, 6365, 1, 4096, 0
1598, 7462, 1, 4096, 0
1598, 7339, 1, 4096, 0
1599, 4615, 1, 4096, 0
1599, 9619, 1, 4096, 0
1599, 8470, 1, 4096, 0
1600, 5623, 1, 4096, 0
1600, 7296, 1, 4096, 0
1600, 3565, 1, 4096, 0
1601, 7934, 1, 4096, 0
1601, 7307, 1, 4096, 0
1602, 8440, 1, 4096, 0
1602, 7960, 1, 4096, 0
1602, 8287, 1, 4096, 0
1603, 7100, 1, 4096, 0
1603, 6384, 1, 4096, 0
1604, 9645, 1, 4096, 0
1604, 5648, 1, 4096, 0
1604, 8096, 1, 4096, 0
1604, 6303, 1, 4096, 0
1605, 6125, 1, 4096, 0
1605, 5035, 1, 4096, 0
1605, 11850, 1, 4096, 0
1606, 6675, 1, 4096, 0
1606, 6945, 1, 4096, 0
1607, 8202, 1, 4096, 0
1607, 6172, 1, 4096, 0
1608, 7609, 1, 4096, 0
1608, 9053, 1, 4096, 0
1608, 9037, 1, 4096, 0
1609, 6549, 1, 4096, 0
1609, 8122, 1, 4096, 0
1609, 9042, 1, 4096, 0
1610, 8461, 1, 4096, 0
1610, 9801, 1, 4096, 0
1611, 6288, 1, 4096, 0
1611, 11333, 1, 4096, 0
1611, 8506, 1, 4096, 0
1611, 6988, 1, 4096, 0
1612, 6852, 1, 4096, 0
1612, 12753, 1, 4096, 0
1613, 7492, 1, 4096, 0
1613, 10216, 1, 4096, 0
1614, 7302, 1, 4096, 0
1614, 5314, 1, 4096, 0
1614, 13240, 1, 4096, 0
1615, 8333, 1, 4096, 0
1615, 7496, 1, 4096, 0
1616, 9209, 1, 4096, 0
1617, 6913, 1, 4096, 0
1617, 10418, 1, 4096, 0
1617, 8318, 1, 4096, 0
1618, 6171, 1, 4096, 0
1618, 9854, 1, 4096, 0
1619, 9131, 1, 4096, 0
1619, 9655, 1, 4096, 0
1619, 10013, 1, 4096, 0
1620, 8901, 1, 4096, 0
1620, 4777, 1, 4096, 0
1620, 4662, 1, 4096, 0
1621, 6461, 1, 4096, 0
1621, 8208, 1, 4096, 0
1621, 7536, 1, 4096, 0
1622, 6141, 1, 4096, 0
1622, 8573, 1, 4096, 0
1623, 7395, 1, 4096, 0
1623, 11354, 1, 4096, 0
1624, 6458, 1, 4096, 0
1624, 4509, 1, 4096, 0
1624, 5487, 1, 4096, 0
1625, 9125, 1, 4096, 0
1625, 9225, 1, 4096, 0
1626, 7150, 1, 4096, 0
1626, 2548, 1, 4096, 0
1626, 8946, 1, 4096, 0
1627, 4807, 1, 4096, 0
1627, 10773, 1, 4096, 0
1627, 10227, 1, 4096, 0
1628, 8452, 1, 4096, 0
1628, 8992, 1, 4096, 0
1628, 7853, 1, 4096, 0
1629, 5355, 1, 4096, 0
1629, 7473, 1, 4096, 0
1629, 4078, 1, 4096, 0
1629, 7925, 1, 4096, 0
1630, 5884, 1, 4096, 0
1630, 9679, 1, 4096, 0
1631, 10869, 1, 4096, 0
1632, 6577, 1, 4096, 0
1632, 4417, 1, 4096, 0
1632, 4972, 1, 4096, 0
1632, 6924, 1, 4096, 0
1633, 6159, 1, 4096, 0
1633, 5338, 1, 4096, 0
1633, 6401, 1, 4096, 0
1634, 4675, 1, 4096, 0
1634, 8600, 1, 4096, 0
1634, 9489, 1, 4096, 0
1635, 9324, 1, 4096, 0
1635, 4221, 1, 4096, 0
1635, 9099, 1, 4096, 0
1636, 7861, 1, 4096, 0
1636, 7164, 1, 4096, 0
1637, 7769, 1, 4096, 0
1637, 8590, 1, 4096, 0
1638, 4475, 1, 4096, 0
1638, 9241, 1, 4096, 0
1639, 10201, 1, 4096, 0
1639, 3285, 1, 4096, 0
1639, 24027, 1, 4096, 0
1640, 8731, 1, 4096, 0
1641, 5236, 1, 4096, 0
1641, 9136, 1, 4096, 0
1641, 9358, 1, 4096, 0
1642, 7842, 1, 4096, 0
1642, 9521, 1, 4096, 0
1642, 8058, 1, 4096, 0
1642, 4707, 1, 4096, 0
1643, 10119, 1, 4096, 0
1644, 8339, 1, 4096, 0
1644, 4170, 1, 4096, 0
1645, 9210, 1, 4096, 0
1645, 4476, 1, 4096, 0
1645, 5833, 1, 4096, 0
1646, 8869, 1, 4096, 0
1646, 8351, 1, 4096, 0
1646, 14787, 1, 4096, 0
1647, 4444, 1, 4096, 0
1647, 5966, 1, 4096, 0
1647, 3898, 1, 4096, 0
1648, 9166, 1, 4096, 0
1648, 5809, 1, 4096, 0
1648, 5556, 1, 4096, 0
1649, 6665, 1, 4096, 0
1649, 11033, 1, 4096, 0
1649, 5217, 1, 4096, 0
1650, 7967, 1, 4096, 0
1650, 10451, 1, 4096, 0
1650, 6483, 1, 4096, 0
1651, 9175, 1, 4096, 0
1651, 5669, 1, 4096, 0
1651, 11546, 1, 4096, 0
1652, 3438, 1, 4096, 0
1652, 8831, 1, 4096, 0
1652, 3142, 1, 4096, 0
1653, 14773, 1, 4096, 0
1654, 8033, 1, 4096, 0
1654, 10111, 1, 4096, 0
1654, 8479, 1, 4096, 0
1655, 7926, 1, 4096, 0
1656, 10120, 1, 4096, 0
1656, 3474, 1, 4096, 0
1656, 11969, 1, 4096, 0
1657, 5323, 1, 4096, 0
1657, 2213, 1, 4096, 0
1657, 5643, 1, 4096, 0
1658, 6908, 1, 4096, 0
1658, 6884, 1, 4096, 0
1658, 8147, 1, 4096, 0
1659, 12870, 1, 4096, 0
1659, 9229, 1, 4096, 0
1660, 3652, 1, 4096, 0
1660, 4085, 1, 4096, 0
1660, 9121, 1, 4096, 0
1661, 6185, 1, 4096, 0
1661, 11173, 1, 4096, 0
1662, 7955, 1, 4096, 0
1662, 5638, 1, 4096, 0
1663, 8203, 1, 4096, 0
1663, 8829, 1, 4096, 0
1663, 6343, 1, 4096, 0
1664, 5789, 1, 4096, 0
1664, 4258, 1, 4096, 0
1664, 9432, 1, 4096, 0
1665, 7378, 1, 4096, 0
1665, 4826, 1, 4096, 0
1665, 6251, 1, 4096, 0
1666, 9487, 1, 4096, 0
1666, 7899, 1, 4096, 0
1666, 10152, 1, 4096, 0
1667, 9280, 1, 4096, 0
1667, 7195, 1, 4096, 0
1667, 4693, 1, 4096, 0
1668, 7584, 1, 4096, 0
1668, 10130, 1, 4096, 0
1669, 9029, 1, 4096, 0
1669, 9182, 1, 4096, 0
1669, 3954, 1, 4096, 0
1670, 5149, 1, 4096, 0
1670, 8715, 1, 4096, 0
1671, 9782, 1, 4096, 0
1671, 7713, 1, 4096, 0
1672, 5584, 1, 4096, 0
1673, 5987, 1, 4096, 0
1673, 9131, 1, 4096, 0
1674, 11460, 1, 4096, 0
1674, 8623, 1, 4096, 0
1674, 3451, 1, 4096, 0
1675, 10958, 1, 4096, 0
1675, 7589, 1, 4096, 0
1675, 6226, 1, 4096, 0
1676, 11379, 1, 4096, 0
1676, 3503, 1, 4096, 0
1676, 9538, 1, 4096, 0
1677, 7254, 1, 4096, 0
1677, 6047, 1, 4096, 0
1678, 7427, 1, 4096, 0
1678, 5606, 1, 4096, 0
1678, 7090, 1, 4096, 0
1679, 8560, 1, 4096, 0
1679, 7115, 1, 4096, 0
1679, 7163, 1, 4096, 0
1680, 6772, 1, 4096, 0
1680, 4517, 1, 4096, 0
1680, 5428, 1, 4096, 0
1681, 4964, 1, 4096, 0
1681, 3679, 1, 4096, 0
1682, 13906, 1, 4096, 0
1682, 6314, 1, 4096, 0
1682, 11627, 1, 4096, 0
1683, 10254, 1, 4096, 0
1683, 4172, 1, 4096, 0
1683, 8318, 1, 4096, 0
1684, 6470, 1, 4096, 0
1684, 8367, 1, 4096, 0
1685, 6506, 1, 4096, 0
1685, 4537, 1, 4096, 0
1685, 3316, 1, 4096, 0
1686, 6053, 1, 4096, 0
1686, 4656, 1, 4096, 0
1686, 5837, 1, 4096, 0
1687, 7829, 1, 4096, 0
1687, 8706, 1, 4096, 0
1687, 2252, 1, 4096, 0
1688, 10688, 1, 4096, 0
1688, 4183, 1, 4096, 0
1688, 2184, 1, 4096, 0
1689, 10003, 1, 4096, 0
1689, 9099, 1, 4096, 0
1689, 8658, 1, 4096, 0
1690, 10648, 1, 4096, 0
1690, 6540, 1, 4096, 0
1690, 3775, 1, 4096, 0
1692, 8901, 1, 4096, 0
1692, 2387, 1, 4096, 0
1692, 6295, 1, 4096, 0
1693, 9387, 1, 4096, 0
1693, 11107, 1, 4096, 0
1693, 6921, 1, 4096, 0
1694, 15521, 1, 4096, 0
1694, 10673, 1, 4096, 0
1694, 8206, 1, 4096, 0
1695, 9888, 1, 4096, 0
1695, 8567, 1, 4096, 0
1695, 4178, 1, 4096, 0
1696, 8953, 1, 4096, 0
1696, 5441, 1, 4096, 0
1696, 3751, 1, 4096, 0
1697, 9351, 1, 4096, 0
1697, 5089, 1, 4096, 0
1698, 8719, 1, 4096, 0
1698, 7660, 1, 4096, 0
1698, 2839, 1, 4096, 0
1699, 9153, 1, 4096, 0
1699, 4995, 1, 4096, 0
1699, 7950, 1, 4096, 0
1700, 5639, 1, 4096, 0
1700, 6496, 1, 4096, 0
1701, 13302, 1, 4096, 0
1701, 8700, 1, 4096, 0
1701, 11317, 1, 4096, 0
1702, 7247, 1, 4096, 0
1702, 4928, 1, 4096, 0
1703, 5577, 1, 4096, 0
1703, 11294, 1, 4096, 0
1703, 3708, 1, 4096, 0
1704, 8425, 1, 4096, 0
1704, 9589, 1, 4096, 0
1704, 4705, 1, 4096, 0
1705, 7574, 1, 4096, 0
1705, 12671, 1, 4096, 0
1705, 6419, 1, 4096, 0
1706, 6671, 1, 4096, 0
1706, 11247, 1, 4096, 0
1706, 6275, 1, 4096, 0
1707, 9999, 1, 4096, 0
1707, 8348, 1, 4096, 0
1708, 7991, 1, 4096, 0
1708, 4180, 1, 4096, 0
1708, 2201, 1, 4096, 0
1709, 7595, 1, 4096, 0
1709, 6969, 1, 4096, 0
1709, 4676, 1, 4096, 0
1710, 5696, 1, 4096, 0
1710, 30084, 1, 4096, 0
1711, 7012, 1, 4096, 0
1711, 6162, 1, 4096, 0
1712, 9135, 1, 4096, 0
1712, 10838, 1, 4096, 0
1712, 4875, 1, 4096, 0
1712, 10757, 1, 4096, 0
1713, 7700, 1, 4096, 0
1713, 3634, 1, 4096, 0
1714, 5596, 1, 4096, 0
1714, 6491, 1, 4096, 0
1714, 6489, 1, 4096, 0
1715, 7676, 1, 4096, 0
1715, 7069, 1, 4096, 0
1716, 8007, 1, 4096, 0
1716, 3088, 1, 4096, 0
1717, 9837, 1, 4096, 0
1717, 8061, 1, 4096, 0
1717, 3843, 1, 4096, 0
1718, 11810, 1, 4096, 0
1718, 3163, 1, 4096, 0
1718, 4466, 1, 4096, 0
1719, 8462, 1, 4096, 0
1719, 4646, 1, 4096, 0
1719, 4752, 1, 4096, 0
1720, 8985, 1, 4096, 0
1720, 2402, 1, 4096, 0
1720, 4431, 1, 4096, 0
1721, 9945, 1, 4096, 0
1721, 3976, 1, 4096, 0
1721, 4892, 1, 4096, 0
1722, 6874, 1, 4096, 0
1722, 5788, 1, 4096, 0
1722, 3585, 1, 4096, 0
1723, 7673, 1, 4096, 0
1723, 5753, 1, 4096, 0
1724, 4766, 1, 4096, 0
1724, 8480, 1, 4096, 0
1725, 4281, 1, 4096, 0
1725, 6586, 1, 4096, 0
1725, 12501, 1, 4096, 0
1726, 6514, 1, 4096, 0
1726, 6700, 1, 4096, 0
1727, 6319, 1, 4096, 0
1727, 8626, 1, 4096, 0
1727, 3039, 1, 4096, 0
1728, 11002, 1, 4096, 0
1728, 18025, 1, 4096, 0
1729, 7665, 1, 4096, 0
1729, 7889, 1, 4096, 0
1729, 9687, 1, 4096, 0
1730, 8568, 1, 4096, 0
1730, 10764, 1, 4096, 0
1730, 4503, 1, 4096, 0
1731, 8627, 1, 4096, 0
1731, 10298, 1, 4096, 0
1732, 10086, 1, 4096, 0
1732, 7473, 1, 4096, 0
1733, 7378, 1, 4096, 0
1733, 2584, 1, 4096, 0
1733, 9049, 1, 4096, 0
1734, 8699, 1, 4096, 0
1734, 6282, 1, 4096, 0
1734, 9731, 1, 4096, 0
1735, 10125, 1, 4096, 0
1735, 5318, 1, 4096, 0
1735, 3888, 1, 4096, 0
1736, 9972, 1, 4096, 0
1737, 9905, 1, 4096, 0
1737, 6678, 1, 4096, 0
1738, 8418, 1, 4096, 0
1738, 8025, 1, 4096, 0
1738, 7216, 1, 4096, 0
1738, 7083, 1, 4096, 0
1739, 8884, 1, 4096, 0
1739, 8563, 1, 4096, 0
1739, 9859, 1, 4096, 0
1740, 9164, 1, 4096, 0
1740, 8927, 1, 4096, 0
1740, 3400, 1, 4096, 0
1741, 13758, 1, 4096, 0
1741, 8992, 1, 4096, 0
1741, 3251, 1, 4096, 0
1742, 8178, 1, 4096, 0
1742, 1946, 1, 4096, 0
1742, 2746, 1, 4096, 0
1743, 8976, 1, 4096, 0
1744, 4464, 1, 4096, 0
1744, 1900, 1, 4096, 0
1745, 8850, 1, 4096, 0
1745, 4018, 1, 4096, 0
1745, 5234, 1, 4096, 0
1746, 7255, 1, 4096, 0
1746, 6832, 1, 4096, 0
1746, 6830, 1, 4096, 0
1747, 8929, 1, 4096, 0
1747, 2295, 1, 4096, 0
1747, 5721, 1, 4096, 0
1748, 6989, 1, 4096, 0
1748, 4681, 1, 4096, 0
1748, 3625, 1, 4096, 0
1749, 9770, 1, 4096, 0
1749, 5524, 1, 4096, 0
1749, 2374, 1, 4096, 0
1750, 9624, 1, 4096, 0
1750, 6447, 1, 4096, 0
1751, 6415, 1, 4096, 0
1751, 8374, 1, 4096, 0
1751, 7697, 1, 4096, 0
1752, 7225, 1, 4096, 0
1752, 9276, 1, 4096, 0
1753, 11309, 1, 4096, 0
1753, 7751, 1, 4096, 0
1753, 7816, 1, 4096, 0
1754, 8417, 1, 4096, 0
1755, 7905, 1, 4096, 0
1755, 7618, 1, 4096, 0
1755, 6673, 1, 4096, 0
1755, 5063, 1, 4096, 0
1756, 6312, 1, 4096, 0
1756, 4374, 1, 4096, 0
1757, 6875, 1, 4096, 0
1757, 7125, 1, 4096, 0
1757, 3591, 1, 4096, 0
1759, 6941, 1, 4096, 0
1759, 4890, 1, 4096, 0
1759, 3067, 1, 4096, 0
1760, 6683, 1, 4096, 0
1760, 2763, 1, 4096, 0
1760, 8007, 1, 4096, 0
1761, 4793, 1, 4096, 0
1761, 6463, 1, 4096, 0
1761, 4773, 1, 4096, 0
1762, 5495, 1, 4096, 0
1762, 5205, 1, 4096, 0
1762, 6816, 1, 4096, 0
1763, 9968, 1, 4096, 0
1763, 5160, 1, 4096, 0
1763, 4545, 1, 4096, 0
1764, 9323, 1, 4096, 0
1764, 4258, 1, 4096, 0
1764, 2347, 1, 4096, 0
1765, 5513, 1, 4096, 0
1765, 6285, 1, 4096, 0
1765, 5811, 1, 4096, 0
1766, 9139, 1, 4096, 0
1766, 6265, 1, 4096, 0
1767, 10597, 1, 4096, 0
1767, 7904, 1, 4096, 0
1767, 5394, 1, 4096, 0
1768, 7506, 1, 4096, 0
1769, 6210, 1, 4096, 0
1769, 7500, 1, 4096, 0
1770, 5415, 1, 4096, 0
1770, 7608, 1, 4096, 0
1770, 5819, 1, 4096, 0
1771, 12620, 1, 4096, 0
1771, 6573, 1, 4096, 0
1772, 8932, 1, 4096, 0
1772, 10886, 1, 4096, 0
1772, 10065, 1, 4096, 0
1773, 6903, 1, 4096, 0
1773, 8851, 1, 4096, 0
1773, 6184, 1, 4096, 0
1774, 4198, 1, 4096, 0
1775, 9935, 1, 4096, 0
1775, 7882, 1, 4096, 0
1775, 7548, 1, 4096, 0
1776, 7051, 1, 4096, 0
1776, 6135, 1, 4096, 0
1776, 4822, 1, 4096, 0
1777, 7585, 1, 4096, 0
1777, 6797, 1, 4096, 0
1777, 7000, 1, 4096, 0
1778, 6935, 1, 4096, 0
1778, 9247, 1, 4096, 0
1779, 5795, 1, 4096, 0
1779, 8658, 1, 4096, 0
1780, 9619, 1, 4096, 0
1780, 6511, 1, 4096, 0
1780, 11075, 1, 4096, 0
1781, 5635, 1, 4096, 0
1781, 6683, 1, 4096, 0
1781, 8390, 1, 4096, 0
1782, 10536, 1, 4096, 0
1782, 8807, 1, 4096, 0
1782, 5659, 1, 4096, 0
1783, 6912, 1, 4096, 0
1783, 12147, 1, 4096, 0
1783, 7698, 1, 4096, 0
1784, 10919, 1, 4096, 0
1784, 10485, 1, 4096, 0
1785, 4562, 1, 4096, 0
1785, 4730, 1, 4096, 0
1786, 8006, 1, 4096, 0
1786, 3336, 1, 4096, 0
1786, 10611, 1, 4096, 0
1787, 7952, 1, 4096, 0
1787, 15458, 1, 4096, 0
1787, 9929, 1, 4096, 0
1788, 6000, 1, 4096, 0
1788, 6527, 1, 4096, 0
1789, 12225, 1, 4096, 0
1789, 5165, 1, 4096, 0
1789, 10722, 1, 4096, 0
1790, 15584, 1, 4096, 0
1790, 10113, 1, 4096, 0
1790, 3482, 1, 4096, 0
1791, 9649, 1, 4096, 0
1791, 6642, 1, 4096, 0
1791, 9921, 1, 4096, 0
1792, 7879, 1, 4096, 0
1792, 6385, 1, 4096, 0
1793, 7077, 1, 4096, 0
1793, 6482, 1, 4096, 0
1794, 7237, 1, 4096, 0
1794, 4324, 1, 4096, 0
1794, 6187, 1, 4096, 0
1795, 4874, 1, 4096, 0
1795, 3409, 1, 4096, 0
1795, 8763, 1, 4096, 0
1796, 5736, 1, 4096, 0
1796, 5040, 1, 4096, 0
1796, 4622, 1, 4096, 0
1797, 8085, 1, 4096, 0
1798, 11514, 1, 4096, 0
1798, 4437, 1, 4096, 0
1799, 9309, 1, 4096, 0
1799, 7706, 1, 4096, 0
1799, 6532, 1, 4096, 0
1800, 5163, 1, 4096, 0
1800, 7427, 1, 4096, 0
1800, 2015, 1, 4096, 0
1801, 9696, 1, 4096, 0
1802, 7647, 1, 4096, 0
1802, 4559, 1, 4096, 0
1802, 6388, 1, 4096, 0
1803, 4127, 1, 4096, 0
1803, 8752, 1, 4096, 0
1803, 7820, 1, 4096, 0
1804, 9474, 1, 4096, 0
1805, 10994, 1, 4096, 0
1805, 4548, 1, 4096, 0
1805, 7776, 1, 4096, 0
1805, 7628, 1, 4096, 0
1806, 4832, 1, 4096, 0
1806, 4979, 1, 4096, 0
1806, 5618, 1, 4096, 0
1807, 8629, 1, 4096, 0
1808, 10196, 1, 4096, 0
1808, 3396, 1, 4096, 0
1809, 7995, 1, 4096, 0
1809, 5776, 1, 4096, 0
1809, 2875, 1, 4096, 0
1809, 9170, 1, 4096, 0
1810, 3763, 1, 4096, 0
1810, 6599, 1, 4096, 0
1810, 7580, 1, 4096, 0
1811, 10229, 1, 4096, 0
1811, 9485, 1, 4096, 0
1812, 7963, 1, 4096, 0
1812, 8583, 1, 4096, 0
1812, 4189, 1, 4096, 0
1813, 5679, 1, 4096, 0
1813, 3466, 1, 4096, 0
1813, 6539, 1, 4096, 0
1814, 8827, 1, 4096, 0
1815, 5260, 1, 4096, 0
1815, 4237, 1, 4096, 0
1815, 12782, 1, 4096, 0
1816, 6873, 1, 4096, 0
1816, 2716, 1, 4096, 0
1817, 10591, 1, 4096, 0
1817, 10221, 1, 4096, 0
1817, 3824, 1, 4096, 0
1818, 8509, 1, 4096, 0
1818, 8860, 1, 4096, 0
1818, 10361, 1, 4096, 0
1819, 15941, 1, 4096, 0
1819, 8731, 1, 4096, 0
1819, 5552, 1, 4096, 0
1820, 9443, 1, 4096, 0
1820, 3790, 1, 4096, 0
1821, 8412, 1, 4096, 0
1821, 7633, 1, 4096, 0
1822, 5822, 1, 4096, 0
1822, 8919, 1, 4096, 0
1822, 2652, 1, 4096, 0
1823, 10606, 1, 4096, 0
1823, 5594, 1, 4096, 0
1824, 7780, 1, 4096, 0
1824, 8300, 1, 4096, 0
1824, 2749, 1, 4096, 0
1825, 8152, 1, 4096, 0
1825, 8740, 1, 4096, 0
1833, 6191, 1, 4096, 0
1833, 13156, 1, 4096, 0
1834, 6910, 1, 4096, 0
1834, 12008, 1, 4096, 0
1835, 8447, 1, 4096, 0
1835, 6417, 1, 4096, 0
1835, 6141, 1, 4096, 0
1836, 7607, 1, 4096, 0
1837, 9841, 1, 4096, 0
1837, 3279, 1, 4096, 0
1837, 10105, 1, 4096, 0
1838, 4964, 1, 4096, 0
1838, 7573, 1, 4096, 0
1839, 9028, 1, 4096, 0
1839, 3883, 1, 4096, 0
1839, 9934, 1, 4096, 0
1839, 9317, 1, 4096, 0
1840, 7992, 1, 4096, 0
1841, 9662, 1, 4096, 0
1841, 9339, 1, 4096, 0
1842, 5798, 1, 4096, 0
1842, 10724, 1, 4096, 0
1842, 5565, 1, 4096, 0
1843, 17436, 1, 4096, 0
1843, 4519, 1, 4096, 0
1843, 9605, 1, 4096, 0
1844, 8368, 1, 4096, 0
1845, 10475, 1, 4096, 0
1845, 7870, 1, 4096, 0
1845, 10568, 1, 4096, 0
1846, 10739, 1, 4096, 0
1846, 5707, 1, 4096, 0
1846, 4576, 1, 4096, 0
1847, 13356, 1, 4096, 0
1847, 7009, 1, 4096, 0
1847, 7300, 1, 4096, 0
1848, 4160, 1, 4096, 0
1849, 12205, 1, 4096, 0
1849, 3076, 1, 4096, 0
1849, 9009, 1, 4096, 0
1850, 5837, 1, 4096, 0
1850, 4123, 1, 4096, 0
1850, 4482, 1, 4096, 0
1850, 6320, 1, 4096, 0
1851, 10038, 1, 4096, 0
1851, 9939, 1, 4096, 0
1852, 4976, 1, 4096, 0
1852, 6091, 1, 4096, 0
1853, 8440, 1, 4096, 0
1853, 7222, 1, 4096, 0
1853, 10985, 1, 4096, 0
1854, 6232, 1, 4096, 0
1861, 13271, 1, 4096, 0
1861, 11240, 1, 4096, 0
1861, 8135, 1, 4096, 0
1862, 7316, 1, 4096, 0
1862, 7186, 1, 4096, 0
1862, 2747, 1, 4096, 0
1863, 8269, 1, 4096, 0
1864, 10847, 1, 4096, 0
1864, 7163, 1, 4096, 0
1864, 6933, 1, 4096, 0
1865, 7136, 1, 4096, 0
1865, 3219, 1, 4096, 0
1865, 5526, 1, 4096, 0
1866, 8894, 1, 4096, 0
1866, 8990, 1, 4096, 0
1866, 6513, 1, 4096, 0
1867, 6922, 1, 4096, 0
1868, 7817, 1, 4096, 0
1868, 5285, 1, 4096, 0
1868, 13281, 1, 4096, 0
1869, 6401, 1, 4096, 0
1869, 9324, 1, 4096, 0
1869, 10975, 1, 4096, 0
1870, 5247, 1, 4096, 0
1870, 6447, 1, 4096, 0
1870, 11414, 1, 4096, 0
1871, 5931, 1, 4096, 0
1871, 5377, 1, 4096, 0
1872, 8982, 1, 4096, 0
1872, 6097, 1, 4096, 0
1873, 5875, 1, 4096, 0
1873, 5635, 1, 4096, 0
1873, 7326, 1, 4096, 0
1874, 8005, 1, 4096, 0
1874, 12421, 1, 4096, 0
1875, 7666, 1, 4096, 0
1875, 9322, 1, 4096, 0
1876, 7721, 1, 4096, 0
1876, 6021, 1, 4096, 0
1876, 9023, 1, 4096, 0
1877, 8450, 1, 4096, 0
1877, 2670, 1, 4096, 0
1877, 6681, 1, 4096, 0
1878, 7600, 1, 4096, 0
1879, 6365, 1, 4096, 0
1879, 9883, 1, 4096, 0
1879, 5965, 1, 4096, 0
1880, 6453, 1, 4096, 0
1880, 8229, 1, 4096, 0
1881, 6264, 1, 4096, 0
1881, 3762, 1, 4096, 0
1881, 7809, 1, 4096, 0
1882, 10508, 1, 4096, 0
1882, 9257, 1, 4096, 0
1883, 6829, 1, 4096, 0
1883, 9475, 1, 4096, 0
1883, 3907, 1, 4096, 0
1884, 11191, 1, 4096, 0
1884, 8580, 1, 4096, 0
1884, 7675, 1, 4096, 0
1885, 9558, 1, 4096, 0
1885, 8978, 1, 4096, 0
1885, 11629, 1, 4096, 0
1886, 6191, 1, 4096, 0
1886, 4877, 1, 4096, 0
1887, 5523, 1, 4096, 0
1887, 6190, 1, 4096, 0
1888, 4891, 1, 4096, 0
1888, 10801, 1, 4096, 0
1889, 9250, 1, 4096, 0
1890, 7633, 1, 4096, 0
1890, 8078, 1, 4096, 0
1890, 8608, 1, 4096, 0
1891, 8575, 1, 4096, 0
1891, 6790, 1, 4096, 0
1891, 7630, 1, 4096, 0
1892, 8044, 1, 4096, 0
1892, 8211, 1, 4096, 0
1893, 8730, 1, 4096, 0
1893, 10713, 1, 4096, 0
1894, 6286, 1, 4096, 0
1894, 5467, 1, 4096, 0
1894, 4561, 1, 4096, 0
1895, 6738, 1, 4096, 0
1895, 6071, 1, 4096, 0
1895, 7949, 1, 4096, 0
1896, 7281, 1, 4096, 0
1896, 7846, 1, 4096, 0
1896, 7830, 1, 4096, 0
1897, 8231, 1, 4096, 0
1897, 10522, 1, 4096, 0
1898, 10902, 1, 4096, 0
1898, 9165, 1, 4096, 0
1898, 5014, 1, 4096, 0
1899, 8323, 1, 4096, 0
1899, 5017, 1, 4096, 0
1900, 4423, 1, 4096, 0
1900, 7117, 1, 4096, 0
1900, 4666, 1, 4096, 0
1901, 5038, 1, 4096, 0
1902, 5788, 1, 4096, 0
1902, 8246, 1, 4096, 0
1903, 8540, 1, 4096, 0
1903, 7937, 1, 4096, 0
1903, 5005, 1, 4096, 0
1904, 10401, 1, 4096, 0
1904, 4252, 1, 4096, 0
1905, 9049, 1, 4096, 0
1905, 10998, 1, 4096, 0
1905, 8487, 1, 4096, 0
1906, 9173, 1, 4096, 0
1906, 6049, 1, 4096, 0
1907, 6771, 1, 4096, 0
1907, 8581, 1, 4096, 0
1908, 7632, 1, 4096, 0
1908, 5522, 1, 4096, 0
1908, 10511, 1, 4096, 0
1909, 10226, 1, 4096, 0
1909, 11465, 1, 4096, 0
1909, 5476, 1, 4096, 0
1910, 7907, 1, 4096, 0
1910, 4659, 1, 4096, 0
1910, 4501, 1, 4096, 0
1911, 11892, 1, 4096, 0
1912, 4751, 1, 4096, 0
1912, 2349, 1, 4096, 0
1912, 6948, 1, 4096, 0
1912, 5669, 1, 4096, 0
1913, 4632, 1, 4096, 0
1913, 10394, 1, 4096, 0
1914, 5257, 1, 4096, 0
1914, 8836, 1, 4096, 0
1915, 7668, 1, 4096, 0
1915, 5765, 1, 4096, 0
1915, 4578, 1, 4096, 0
1916, 9785, 1, 4096, 0
1916, 4780, 1, 4096, 0
1916, 4250, 1, 4096, 0
1917, 5539, 1, 4096, 0
1917, 8685, 1, 4096, 0
1917, 6031, 1, 4096, 0
1918, 12398, 1, 4096, 0
1918, 8539, 1, 4096, 0
1919, 6751, 1, 4096, 0
1919, 4186, 1, 4096, 0
1919, 9776, 1, 4096, 0
1920, 6356, 1, 4096, 0
1920, 4568, 1, 4096, 0
1920, 8880, 1, 4096, 0
1921, 6785, 1, 4096, 0
1921, 7924, 1, 4096, 0
1922, 10157, 1, 4096, 0
1922, 5944, 1, 4096, 0
1922, 5455, 1, 4096, 0
1923, 7810, 1, 4096, 0
1923, 8731, 1, 4096, 0
1923, 4904, 1, 4096, 0
1924, 6784, 1, 4096, 0
1924, 8915, 1, 4096, 0
1925, 6029, 1, 4096, 0
1925, 10846, 1, 4096, 0
1925, 9024, 1, 4096, 0
1926, 9113, 1, 4096, 0
1926, 7110, 1, 4096, 0
1926, 3158, 1, 4096, 0
1927, 9544, 1, 4096, 0
1927, 4980, 1, 4096, 0
1928, 5462, 1, 4096, 0
1928, 9331, 1, 4096, 0
1928, 4859, 1, 4096, 0
1929, 6566, 1, 4096, 0
1929, 10788, 1, 4096, 0
1929, 10942, 1, 4096, 0
1930, 8749, 1, 4096, 0
1930, 7768, 1, 4096, 0
1931, 6632, 1, 4096, 0
1931, 6825, 1, 4096, 0
1931, 9493, 1, 4096, 0
1932, 4185, 1, 4096, 0
1932, 5801, 1, 4096, 0
1933, 8167, 1, 4096, 0
1933, 7851, 1, 4096, 0
1933, 3060, 1, 4096, 0
1933, 5294, 1, 4096, 0
1934, 7547, 1, 4096, 0
1934, 7253, 1, 4096, 0
1935, 10713, 1, 4096, 0
1935, 5260, 1, 4096, 0
1935, 6937, 1, 4096, 0
1936, 9396, 1, 4096, 0
1937, 9702, 1, 4096, 0
1937, 8491, 1, 4096, 0
1937, 9045, 1, 4096, 0
1938, 6742, 1, 4096, 0
1938, 10312, 1, 4096, 0
1938, 6863, 1, 4096, 0
1938, 9469, 1, 4096, 0
1939, 4336, 1, 4096, 0
1939, 9853, 1, 4096, 0
1940, 7686, 1, 4096, 0
1940, 5472, 1, 4096, 0
1940, 9590, 1, 4096, 0
1941, 4632, 1, 4096, 0
1941, 3917, 1, 4096, 0
1941, 7769, 1, 4096, 0
1942, 6113, 1, 4096, 0
1942, 5256, 1, 4096, 0
1942, 2304, 1, 4096, 0
1943, 10939, 1, 4096, 0
1943, 5114, 1, 4096, 0
1943, 7656, 1, 4096, 0
1944, 5746, 1, 4096, 0
1944, 7185, 1, 4096, 0
1945, 4832, 1, 4096, 0
1945, 7782, 1, 4096, 0
1946, 4930, 1, 4096, 0
1946, 8016, 1, 4096, 0
1946, 9941, 1, 4096, 0
1947, 7840, 1, 4096, 0
1947, 13129, 1, 4096, 0
1948, 7504, 1, 4096, 0
1948, 8746, 1, 4096, 0
1948, 5022, 1, 4096, 0
1949, 7720, 1, 4096, 0
1949, 10919, 1, 4096, 0
1949, 2392, 1, 4096, 0
1950, 6463, 1, 4096, 0
1950, 2936, 1, 4096, 0
1951, 10811, 1, 4096, 0
1951, 7780, 1, 4096, 0
1951, 2263, 1, 4096, 0
1952, 5360, 1, 4096, 0
1952, 5502, 1, 4096, 0
1952, 10646, 1, 4096, 0
1953, 7999, 1, 4096, 0
1953, 10131, 1, 4096, 0
1953, 2551, 1, 4096, 0
1954, 10439, 1, 4096, 0
1954, 5519, 1, 4096, 0
1954, 6539, 1, 4096, 0
1955, 10398, 1, 4096, 0
1955, 9424, 1, 4096, 0
1955, 3374, 1, 4096, 0
1956, 9299, 1, 4096, 0
1957, 9734, 1, 4096, 0
1957, 6982, 1, 4096, 0
1957, 9711, 1, 4096, 0
1958, 6176, 1, 4096, 0
1958, 10758, 1, 4096, 0
1958, 4094, 1, 4096, 0
1959, 21044, 1, 4096, 0
1960, 8330, 1, 4096, 0
1960, 8141, 1, 4096, 0
1960, 10791, 1, 4096, 0
1961, 11002, 1, 4096, 0
1961, 8391, 1, 4096, 0
1961, 7803, 1, 4096, 0
1962, 12762, 1, 4096, 0
1962, 4669, 1, 4096, 0
1962, 9009, 1, 4096, 0
1963, 7806, 1, 4096, 0
1963, 9619, 1, 4096, 0
1963, 4760, 1, 4096, 0
1964, 6409, 1, 4096, 0
1964, 7021, 1, 4096, 0
1965, 8147, 1, 4096, 0
1965, 6553, 1, 4096, 0
1965, 9494, 1, 4096, 0
1966, 5145, 1, 4096, 0
1966, 8727, 1, 4096, 0
1966, 6397, 1, 4096, 0
1966, 6026, 1, 4096, 0
1967, 6916, 1, 4096, 0
1968, 4900, 1, 4096, 0
1968, 9901, 1, 4096, 0
1968, 8998, 1, 4096, 0
1969, 10082, 1, 4096, 0
1969, 6847, 1, 4096, 0
1969, 6996, 1, 4096, 0
1969, 5724, 1, 4096, 0
1970, 6076, 1, 4096, 0
1970, 5224, 1, 4096, 0
1970, 7864, 1, 4096, 0
1971, 7009, 1, 4096, 0
1971, 10721, 1, 4096, 0
1972, 5896, 1, 4096, 0
1972, 7709, 1, 4096, 0
1972, 6434, 1, 4096, 0
1973, 6179, 1, 4096, 0
1973, 4675, 1, 4096, 0
1973, 14000, 1, 4096, 0
1974, 5512, 1, 4096, 0
1974, 4835, 1, 4096, 0
1974, 9309, 1, 4096, 0
1975, 7560, 1, 4096, 0
1975, 6434, 1, 4096, 0
1976, 9716, 1, 4096, 0
1976, 6597, 1, 4096, 0
1977, 10864, 1, 4096, 0
1977, 10223, 1, 4096, 0
1977, 7621, 1, 4096, 0
1978, 7702, 1, 4096, 0
1978, 8230, 1, 4096, 0
1978, 3068, 1, 4096, 0
1979, 10119, 1, 4096, 0
1979, 6616, 1, 4096, 0
1980, 10622, 1, 4096, 0
1980, 4226, 1, 4096, 0
1981, 7373, 1, 4096, 0
1981, 10686, 1, 4096, 0
1981, 6299, 1, 4096, 0
1982, 9341, 1, 4096, 0
1983, 9854, 1, 4096, 0
1983, 9391, 1, 4096, 0
1983, 8242, 1, 4096, 0
1984, 9734, 1, 4096, 0
1984, 4936, 1, 4096, 0
1985, 11110, 1, 4096, 0
1985, 2663, 1, 4096, 0
1985, 6272, 1, 4096, 0
1985, 5822, 1, 4096, 0
1986, 5240, 1, 4096, 0
1986, 11504, 1, 4096, 0
1986, 9704, 1, 4096, 0
1987, 23078, 1, 4096, 0
1988, 6897, 1, 4096, 0
1988, 11853, 1, 4096, 0
1988, 8260, 1, 4096, 0
1989, 8212, 1, 4096, 0
1989, 9200, 1, 4096, 0
1989, 8534, 1, 4096, 0
1990, 8058, 1, 4096, 0
1990, 6816, 1, 4096, 0
1990, 6553, 1, 4096, 0
1991, 7561, 1, 4096, 0
1991, 4849, 1, 4096, 0
1991, 9174, 1, 4096, 0
1992, 8443, 1, 4096, 0
1993, 8729, 1, 4096, 0
1993, 7217, 1, 4096, 0
1993, 6010, 1, 4096, 0
1993, 6655, 1, 4096, 0
1994, 7213, 1, 4096, 0
1994, 10591, 1, 4096, 0
1995, 13691, 1, 4096, 0
1995, 9291, 1, 4096, 0
1995, 8136, 1, 4096, 0
1996, 11185, 1, 4096, 0
1996, 7425, 1, 4096, 0
1997, 7378, 1, 4096, 0
1997, 10605, 1, 4096, 0
1998, 8438, 1, 4096, 0
1998, 3960, 1, 4096, 0
1999, 7971, 1, 4096, 0
1999, 4884, 1, 4096, 0
1999, 5440, 1, 4096, 0
2000, 8248, 1, 4096, 0
2000, 10186, 1, 4096, 0
2000, 9884, 1, 4096, 0
2000, 5991, 1, 4096, 0
2001, 8878, 1, 4096, 0
2001, 7238, 1, 4096, 0
2002, 6389, 1, 4096, 0
2002, 3656, 1, 4096, 0
2002, 7551, 1, 4096, 0
2003, 6550, 1, 4096, 0
2003, 6569, 1, 4096, 0
2003, 5244, 1, 4096, 0
2004, 6892, 1, 4096, 0
2004, 5532, 1, 4096, 0
2004, 7602, 1, 4096, 0
2005, 9788, 1, 4096, 0
2006, 8733, 1, 4096, 0
2007, 7291, 1, 4096, 0
2008, 9219, 1, 4096, 0
2008, 4883, 1, 4096, 0
2009, 4131, 1, 4096, 0
2009, 4032, 1, 4096, 0
2012, 5700, 1, 4096, 0
2012, 4107, 1, 4096, 0
2013, 8088, 1, 4096, 0
2013, 4646, 1, 4096, 0
2013, 9983, 1, 4096, 0
2014, 10400, 1, 4096, 0
2014, 8866, 1, 4096, 0
2014, 8543, 1, 4096, 0
2015, 9740, 1, 4096, 0
2016, 10350, 1, 4096, 0
2016, 5266, 1, 4096, 0
2016, 3576, 1, 4096, 0
2017, 8246, 1, 4096, 0
2017, 2897, 1, 4096, 0
2017, 21233, 1, 4096, 0
2018, 8058, 1, 4096, 0
2018, 5561, 1, 4096, 0
2018, 3989, 1, 4096, 0
2019, 6996, 1, 4096, 0
2019, 7597, 1, 4096, 0
2019, 5495, 1, 4096, 0
2020, 8244, 1, 4096, 0
2020, 9285, 1, 4096, 0
2021, 10516, 1, 4096, 0
2022, 5327, 1, 4096, 0
2022, 3543, 1, 4096, 0
2023, 6682, 1, 4096, 0
2023, 5039, 1, 4096, 0
2023, 4811, 1, 4096, 0
2023, 8747, 1, 4096, 0
2024, 7792, 1, 4096, 0
2024, 8930, 1, 4096, 0
2024, 2052, 1, 4096, 0
2025, 8382, 1, 4096, 0
2025, 4968, 1, 4096, 0
2025, 7654, 1, 4096, 0
2026, 10360, 1, 4096, 0
2026, 9018, 1, 4096, 0
2027, 9101, 1, 4096, 0
2027, 9074, 1, 4096, 0
2027, 7057, 1, 4096, 0
2028, 9327, 1, 4096, 0
2028, 9833, 1, 4096, 0
2028, 5935, 1, 4096, 0
2029, 8820, 1, 4096, 0
2029, 9305, 1, 4096, 0
2029, 4370, 1, 4096, 0
2030, 12670, 1, 4096, 0
2030, 9074, 1, 4096, 0
2031, 11272, 1, 4096, 0
2031, 8133, 1, 4096, 0
2032, 10311, 1, 4096, 0
2032, 2621, 1, 4096, 0
2033, 8346, 1, 4096, 0
2033, 19613, 1, 4096, 0
2033, 6828, 1, 4096, 0
2034, 6907, 1, 4096, 0
2034, 6231, 1, 4096, 0
2035, 6070, 1, 4096, 0
2035, 8167, 1, 4096, 0
2035, 8662, 1, 4096, 0
2035, 4740, 1, 4096, 0
2036, 5651, 1, 4096, 0
2036, 7856, 1, 4096, 0
2036, 5358, 1, 4096, 0
2037, 9593, 1, 4096, 0
2037, 3387, 1, 4096, 0
2037, 4271, 1, 4096, 0
2038, 4122, 1, 4096, 0
2039, 6243, 1, 4096, 0
2040, 5944, 1, 4096, 0
2040, 6225, 1, 4096, 0
2041, 6441, 1, 4096, 0
2041, 5765, 1, 4096, 0
2041, 10686, 1, 4096, 0
2041, 8517, 1, 4096, 0
2042, 9554, 1, 4096, 0
2042, 3712, 1, 4096, 0
2043, 6928, 1, 4096, 0
2043, 6170, 1, 4096, 0
2043, 12133, 1, 4096, 0
2044, 6769, 1, 4096, 0
2044, 6030, 1, 4096, 0
2044, 6027, 1, 4096, 0
2045, 6029, 1, 4096, 0
2045, 4923, 1, 4096, 0
2046, 14755, 1, 4096, 0
2046, 11446, 1, 4096, 0
2046, 6736, 1, 4096, 0
2047, 6431, 1, 4096, 0
2047, 4711, 1, 4096, 0
2047, 10170, 1, 4096, 0
2048, 11221, 1, 4096, 0
2048, 5644, 1, 4096, 0
2049, 7885, 1, 4096, 0
2049, 7452, 1, 4096, 0
2050, 9801, 1, 4096, 0
2050, 6779, 1, 4096, 0
2050, 8259, 1, 4096, 0
2051, 9873, 1, 4096, 0
2051, 7899, 1, 4096, 0
2052, 7971, 1, 4096, 0
2052, 6701, 1, 4096, 0
2052, 13501, 1, 4096, 0
2053, 8844, 1, 4096, 0
2053, 5554, 1, 4096, 0
2053, 2373, 1, 4096, 0
2054, 8857, 1, 4096, 0
2054, 4897, 1, 4096, 0
2055, 11522, 1, 4096, 0
2055, 10560, 1, 4096, 0
2055, 9779, 1, 4096, 0
2056, 14360, 1, 4096, 0
2056, 6957, 1, 4096, 0
2057, 8602, 1, 4096, 0
2058, 7540, 1, 4096, 0
2058, 13838, 1, 4096, 0
2059, 6141, 1, 4096, 0
2059, 10159, 1, 4096, 0
2059, 8369, 1, 4096, 0
2060, 5454, 1, 4096, 0
2060, 4645, 1, 4096, 0
2061, 9290, 1, 4096, 0
2061, 6859, 1, 4096, 0
2061, 4944, 1, 4096, 0
2062, 7405, 1, 4096, 0
2062, 6287, 1, 4096, 0
2062, 5596, 1, 4096, 0
2063, 5298, 1, 4096, 0
2063, 8168, 1, 4096, 0
2063, 5131, 1, 4096, 0
2064, 6934, 1, 4096, 0
2065, 8710, 1, 4096, 0
2065, 7698, 1, 4096, 0
2066, 7337, 1, 4096, 0
2066, 10378, 1, 4096, 0
2066, 2904, 1, 4096, 0
2066, 7233, 1, 4096, 0
2067, 9913, 1, 4096, 0
2067, 2936, 1, 4096, 0
2068, 10857, 1, 4096, 0
2068, 5091, 1, 4096, 0
2068, 2439, 1, 4096, 0
2069, 14812, 1, 4096, 0
2069, 6573, 1, 4096, 0
2069, 9984, 1, 4096, 0
2070, 6664, 1, 4096, 0
2070, 4541, 1, 4096, 0
2070, 10704, 1, 4096, 0
2071, 8765, 1, 4096, 0
2071, 8431, 1, 4096, 0
2071, 5802, 1, 4096, 0
2072, 10306, 1, 4096, 0
2073, 9527, 1, 4096, 0
2073, 5400, 1, 4096, 0
2073, 7461, 1, 4096, 0
2073, 5209, 1, 4096, 0
2074, 8370, 1, 4096, 0
2074, 5914, 1, 4096, 0
2075, 9431, 1, 4096, 0
2075, 7109, 1, 4096, 0
2075, 3938, 1, 4096, 0
2076, 9052, 1, 4096, 0
2076, 7977, 1, 4096, 0
2076, 2538, 1, 4096, 0
2077, 7225, 1, 4096, 0
2077, 11211, 1, 4096, 0
2078, 6254, 1, 4096, 0
2078, 10589, 1, 4096, 0
2079, 8346, 1, 4096, 0
2080, 5586, 1, 4096, 0
2080, 8931, 1, 4096, 0
2080, 9657, 1, 4096, 0
2080, 5114, 1, 4096, 0
2081, 12932, 1, 4096, 0
2081, 5915, 1, 4096, 0
2082, 9797, 1, 4096, 0
2082, 10212, 1, 4096, 0
2082, 5322, 1, 4096, 0
2083, 6751, 1, 4096, 0
2083, 9533, 1, 4096, 0
2084, 8318, 1, 4096, 0
2084, 8531, 1, 4096, 0
2084, 7880, 1, 4096, 0
2085, 8418, 1, 4096, 0
2085, 4847, 1, 4096, 0
2086, 7524, 1, 4096, 0
2086, 5684, 1, 4096, 0
2086, 7798, 1, 4096, 0
2087, 4794, 1, 4096, 0
2087, 10345, 1, 4096, 0
2088, 9333, 1, 4096, 0
2088, 8680, 1, 4096, 0
2089, 6760, 1, 4096, 0
2089, 4232, 1, 4096, 0
2089, 4675, 1, 4096, 0
2090, 10544, 1, 4096, 0
2090, 4683, 1, 4096, 0
2090, 7695, 1, 4096, 0
2091, 12070, 1, 4096, 0
2091, 7396, 1, 4096, 0
2092, 9275, 1, 4096, 0
2092, 9723, 1, 4096, 0
2092, 9799, 1, 4096, 0
2093, 4643, 1, 4096, 0
2093, 10818, 1, 4096, 0
2094, 6241, 1, 4096, 0
2094, 8647, 1, 4096, 0
2094, 6925, 1, 4096, 0
2095, 6537, 1, 4096, 0
2096, 11570, 1, 4096, 0
2096, 3277, 1, 4096, 0
2096, 5383, 1, 4096, 0
2097, 7872, 1, 4096, 0
2097, 5922, 1, 4096, 0
2097, 6218, 1, 4096, 0
2098, 9272, 1, 4096, 0
2098, 11829, 1, 4096, 0
2098, 6130, 1, 4096, 0
2099, 6944, 1, 4096, 0
2100, 5320, 1, 4096, 0
2100, 9113, 1, 4096, 0
2100, 6185, 1, 4096, 0
2101, 10123, 1, 4096, 0
2101, 11069, 1, 4096, 0
2101, 7332, 1, 4096, 0
2101, 11157, 1, 4096, 0
2102, 9481, 1, 4096, 0
2102, 10795, 1, 4096, 0
2103, 5532, 1, 4096, 0
2103, 4888, 1, 4096, 0
2103, 11425, 1, 4096, 0
2104, 7681, 1, 4096, 0
2104, 7886, 1, 4096, 0
2105, 10175, 1, 4096, 0
2105, 9708, 1, 4096, 0
2105, 6730, 1, 4096, 0
2105, 4674, 1, 4096, 0
2106, 5483, 1, 4096, 0
2107, 10395, 1, 4096, 0
2107, 6473, 1, 4096, 0
2107, 6542, 1, 4096, 0
2108, 15688, 1, 4096, 0
2108, 7395, 1, 4096, 0
2108, 4813, 1, 4096, 0
2109, 12020, 1, 4096, 0
2109, 7360, 1, 4096, 0
2109, 7246, 1, 4096, 0
2110, 12370, 1, 4096, 0
2110, 6843, 1, 4096, 0
2111, 8064, 1, 4096, 0
2111, 7042, 1, 4096, 0
2112, 9985, 1, 4096, 0
2112, 9654, 1, 4096, 0
2113, 11148, 1, 4096, 0
2113, 24141, 1, 4096, 0
2113, 5396, 1, 4096, 0
2114, 6159, 1, 4096, 0
2114, 5295, 1, 4096, 0
2114, 7696, 1, 4096, 0
2115, 4745, 1, 4096, 0
2115, 6145, 1, 4096, 0
2116, 5616, 1, 4096, 0
2116, 5581, 1, 4096, 0
2116, 7537, 1, 4096, 0
2117, 5827, 1, 4096, 0
2118, 5202, 1, 4096, 0
2118, 17081, 1, 4096, 0
2118, 6217, 1, 4096, 0
2119, 12501, 1, 4096, 0
2119, 5681, 1, 4096, 0
2119, 3912, 1, 4096, 0
2120, 9545, 1, 4096, 0
2120, 5672, 1, 4096, 0
2121, 6046, 1, 4096, 0
2121, 7935, 1, 4096, 0
2122, 6457, 1, 4096, 0
2122, 6093, 1, 4096, 0
2122, 5055, 1, 4096, 0
2123, 5853, 1, 4096, 0
2123, 5173, 1, 4096, 0
2124, 11477, 1, 4096, 0
2124, 6997, 1, 4096, 0
2125, 6546, 1, 4096, 0
2125, 7720, 1, 4096, 0
2125, 10797, 1, 4096, 0
2126, 9382, 1, 4096, 0
2126, 3062, 1, 4096, 0
2126, 9301, 1, 4096, 0
2127, 6558, 1, 4096, 0
2127, 8232, 1, 4096, 0
2128, 8961, 1, 4096, 0
2128, 12915, 1, 4096, 0
2128, 4657, 1, 4096, 0
2129, 8350, 1, 4096, 0
2129, 4010, 1, 4096, 0
2129, 7197, 1, 4096, 0
2130, 6947, 1, 4096, 0
2130, 7717, 1, 4096, 0
2131, 9220, 1, 4096, 0
2131, 5225, 1, 4096, 0
2131, 7917, 1, 4096, 0
2132, 9220, 1, 4096, 0
2132, 5667, 1, 4096, 0
2133, 8435, 1, 4096, 0
2133, 7579, 1, 4096, 0
2133, 12495, 1, 4096, 0
2134, 11726, 1, 4096, 0
2134, 9996, 1, 4096, 0
2135, 6768, 1, 4096, 0
2135, 5232, 1, 4096, 0
2136, 10703, 1, 4096, 0
2136, 7349, 1, 4096, 0
2136, 8708, 1, 4096, 0
2137, 9585, 1, 4096, 0
2137, 9507, 1, 4096, 0
2138, 6653, 1, 4096, 0
2138, 6299, 1, 4096, 0
2138, 10613, 1, 4096, 0
2139, 5651, 1, 4096, 0
2139, 6770, 1, 4096, 0
2139, 9109, 1, 4096, 0
2140, 6855, 1, 4096, 0
2140, 8522, 1, 4096, 0
2141, 7904, 1, 4096, 0
2141, 10871, 1, 4096, 0
2141, 9721, 1, 4096, 0
2142, 10288, 1, 4096, 0
2142, 6523, 1, 4096, 0
2143, 5911, 1, 4096, 0
2143, 9245, 1, 4096, 0
2143, 8909, 1, 4096, 0
2144, 8390, 1, 4096, 0
2144, 7730, 1, 4096, 0
2145, 11266, 1, 4096, 0
2145, 8797, 1, 4096, 0
2145, 4529, 1, 4096, 0
2146, 10048, 1, 4096, 0
2146, 5911, 1, 4096, 0
2147, 8841, 1, 4096, 0
2147, 4852, 1, 4096, 0
2147, 8148, 1, 4096, 0
2148, 9066, 1, 4096, 0
2148, 8852, 1, 4096, 0
2148, 9816, 1, 4096, 0
2149, 15742, 1, 4096, 0
2149, 5681, 1, 4096, 0
2149, 9489, 1, 4096, 0
2150, 11288, 1, 4096, 0
2150, 5933, 1, 4096, 0
2151, 10806, 1, 4096, 0
2151, 6686, 1, 4096, 0
2152, 9345, 1, 4096, 0
2152, 10683, 1, 4096, 0
2152, 3945, 1, 4096, 0
2153, 9395, 1, 4096, 0
2153, 6596, 1, 4096, 0
2153, 4954, 1, 4096, 0
2154, 9027, 1, 4096, 0
2154, 8760, 1, 4096, 0
2155, 8890, 1, 4096, 0
2155, 6012, 1, 4096, 0
2155, 4719, 1, 4096, 0
2156, 5525, 1, 4096, 0
2156, 6801, 1, 4096, 0
2156, 6318, 1, 4096, 0
2157, 10578, 1, 4096, 0
2157, 3374, 1, 4096, 0
2157, 10999, 1, 4096, 0
2158, 7105, 1, 4096, 0
2158, 6286, 1, 4096, 0
2158, 6606, 1, 4096, 0
2159, 7120, 1, 4096, 0
2159, 10532, 1, 4096, 0
2159, 3288, 1, 4096, 0
2160, 6847, 1, 4096, 0
2160, 3173, 1, 4096, 0
2161, 8520, 1, 4096, 0
2161, 11154, 1, 4096, 0
2162, 6102, 1, 4096, 0
2162, 7068, 1, 4096, 0
2162, 5338, 1, 4096, 0
2163, 9513, 1, 4096, 0
2163, 6437, 1, 4096, 0
2164, 6148, 1, 4096, 0
2164, 6033, 1, 4096, 0
2165, 8433, 1, 4096, 0
2165, 5236, 1, 4096, 0
2165, 7434, 1, 4096, 0
2166, 9595, 1, 4096, 0
2167, 6455, 1, 4096, 0
2167, 7504, 1, 4096, 0
2168, 9693, 1, 4096, 0
2168, 5206, 1, 4096, 0
2168, 10403, 1, 4096, 0
2169, 9235, 1, 4096, 0
2169, 8619, 1, 4096, 0
2170, 4896, 1, 4096, 0
2170, 9874, 1, 4096, 0
2170, 8225, 1, 4096, 0
2171, 8264, 1, 4096, 0
2171, 9012, 1, 4096, 0
2171, 8915, 1, 4096, 0
2172, 6200, 1, 4096, 0
2173, 8570, 1, 4096, 0
2173, 7143, 1, 4096, 0
2173, 8612, 1, 4096, 0
2174, 7963, 1, 4096, 0
2174, 8317, 1, 4096, 0
2174, 9530, 1, 4096, 0
2175, 10946, 1, 4096, 0
2175, 5594, 1, 4096, 0
2176, 6660, 1, 4096, 0
2176, 10818, 1, 4096, 0
2176, 8375, 1, 4096, 0
2177, 5786, 1, 4096, 0
2177, 12095, 1, 4096, 0
2178, 9590, 1, 4096, 0
2178, 6806, 1, 4096, 0
2178, 9999, 1, 4096, 0
2179, 12993, 1, 4096, 0
2179, 8626, 1, 4096, 0
2179, 10129, 1, 4096, 0
2180, 8178, 1, 4096, 0
2180, 8601, 1, 4096, 0
2180, 5497, 1, 4096, 0
2181, 7676, 1, 4096, 0
2182, 5929, 1, 4096, 0
2182, 10562, 1, 4096, 0
2182, 8371, 1, 4096, 0
2183, 6595, 1, 4096, 0
2183, 4314, 1, 4096, 0
2183, 6989, 1, 4096, 0
2183, 6415, 1, 4096, 0
2184, 8896, 1, 4096, 0
2184, 8242, 1, 4096, 0
2185, 5072, 1, 4096, 0
2185, 10362, 1, 4096, 0
2186, 8496, 1, 4096, 0
2186, 7857, 1, 4096, 0
2186, 8421, 1, 4096, 0
2187, 9022, 1, 4096, 0
2187, 4037, 1, 4096, 0
2187, 8729, 1, 4096, 0
2188, 9421, 1, 4096, 0
2188, 4843, 1, 4096, 0
2188, 4631, 1, 4096, 0
2189, 9074, 1, 4096, 0
2190, 6607, 1, 4096, 0
2190, 10532, 1, 4096, 0
2191, 9463, 1, 4096, 0
2191, 9469, 1, 4096, 0
2191, 3259, 1, 4096, 0
2192, 8367, 1, 4096, 0
2192, 3185, 1, 4096, 0
2192, 9888, 1, 4096, 0
2193, 8259, 1, 4096, 0
2193, 5248, 1, 4096, 0
2193, 4912, 1, 4096, 0
2194, 9649, 1, 4096, 0
2194, 9308, 1, 4096, 0
2195, 8455, 1, 4096, 0
2195, 8436, 1, 4096, 0
2196, 9071, 1, 4096, 0
2196, 8126, 1, 4096, 0
2196, 8187, 1, 4096, 0
2197, 6527, 1, 4096, 0
2197, 2913, 1, 4096, 0
2197, 7018, 1, 4096, 0
2198, 6361, 1, 4096, 0
2198, 10216, 1, 4096, 0
2198, 3715, 1, 4096, 0
2199, 9738, 1, 4096, 0
2199, 8080, 1, 4096, 0
2199, 9975, 1, 4096, 0
2200, 10342, 1, 4096, 0
2200, 4322, 1, 4096, 0
2201, 8046, 1, 4096, 0
2201, 10344, 1, 4096, 0
2201, 7879, 1, 4096, 0
2202, 4613, 1, 4096, 0
2202, 10450, 1, 4096, 0
2202, 8895, 1, 4096, 0
2203, 7328, 1, 4096, 0
2203, 6139, 1, 4096, 0
2204, 6619, 1, 4096, 0
2204, 5347, 1, 4096, 0
2204, 6022, 1, 4096, 0
2205, 7211, 1, 4096, 0
2205, 9665, 1, 4096, 0
2205, 3955, 1, 4096, 0
2206, 5268, 1, 4096, 0
2206, 12908, 1, 4096, 0
2206, 4672, 1, 4096, 0
2207, 6808, 1, 4096, 0
2207, 5542, 1, 4096, 0
2207, 3845, 1, 4096, 0
2208, 9515, 1, 4096, 0
2208, 9730, 1, 4096, 0
2209, 8045, 1, 4096, 0
2209, 5823, 1, 4096, 0
2209, 6743, 1, 4096, 0
2210, 9162, 1, 4096, 0
2210, 5676, 1, 4096, 0
2211, 9167, 1, 4096, 0
2211, 8738, 1, 4096, 0
2211, 5876, 1, 4096, 0
2212, 8368, 1, 4096, 0
2212, 4106, 1, 4096, 0
2212, 5355, 1, 4096, 0
2213, 12527, 1, 4096, 0
2213, 4353, 1, 4096, 0
2213, 8144, 1, 4096, 0
2214, 8290, 1, 4096, 0
2214, 7387, 1, 4096, 0
2215, 6304, 1, 4096, 0
2215, 4021, 1, 4096, 0
2216, 9931, 1, 4096, 0
2216, 8345, 1, 4096, 0
2217, 9655, 1, 4096, 0
2217, 10834, 1, 4096, 0
2217, 7048, 1, 4096, 0
2217, 8673, 1, 4096, 0
2218, 5140, 1, 4096, 0
2218, 7646, 1, 4096, 0
2218, 8640, 1, 4096, 0
2219, 9812, 1, 4096, 0
2219, 8420, 1, 4096, 0
2220, 8504, 1, 4096, 0
2220, 11044, 1, 4096, 0
2220, 8679, 1, 4096, 0
2220, 3483, 1, 4096, 0
2221, 6735, 1, 4096, 0
2221, 5832, 1, 4096, 0
2221, 1847, 1, 4096, 0
2221, 3400, 1, 4096, 0
2222, 6726, 1, 4096, 0
2222, 9572, 1, 4096, 0
2223, 7255, 1, 4096, 0
2223, 9977, 1, 4096, 0
2223, 4625, 1, 4096, 0
2224, 8448, 1, 4096, 0
2224, 8969, 1, 4096, 0
2224, 6423, 1, 4096, 0
2225, 10194, 1, 4096, 0
2225, 5347, 1, 4096, 0
2225, 5442, 1, 4096, 0
2226, 7535, 1, 4096, 0
2226, 8898, 1, 4096, 0
2226, 8971, 1, 4096, 0
2227, 8413, 1, 4096, 0
2227, 4498, 1, 4096, 0
2228, 5643, 1, 4096, 0
2228, 10104, 1, 4096, 0
2228, 4671, 1, 4096, 0
2228, 3961, 1, 4096, 0
2229, 8568, 1, 4096, 0
2229, 7517, 1, 4096, 0
2230, 4658, 1, 4096, 0
2230, 11390, 1, 4096, 0
2231, 12012, 1, 4096, 0
2231, 5010, 1, 4096, 0
2231, 5775, 1, 4096, 0
2232, 8193, 1, 4096, 0
2232, 5736, 1, 4096, 0
2232, 7242, 1, 4096, 0
2233, 8260, 1, 4096, 0
2234, 5306, 1, 4096, 0
2234, 4156, 1, 4096, 0
2234, 8587, 1, 4096, 0
2235, 10145, 1, 4096, 0
2235, 5038, 1, 4096, 0
2235, 8447, 1, 4096, 0
2236, 8489, 1, 4096, 0
2236, 10781, 1, 4096, 0
2237, 7566, 1, 4096, 0
2237, 6749, 1, 4096, 0
2237, 7492, 1, 4096, 0
2238, 9472, 1, 4096, 0
2238, 9107, 1, 4096, 0
2238, 8428, 1, 4096, 0
2239, 6952, 1, 4096, 0
2239, 8668, 1, 4096, 0
2239, 5908, 1, 4096, 0
2240, 9776, 1, 4096, 0
2240, 7193, 1, 4096, 0
2240, 8497, 1, 4096, 0
2241, 9038, 1, 4096, 0
2241, 4664, 1, 4096, 0
2241, 3993, 1, 4096, 0
2242, 5632, 1, 4096, 0
2243, 4978, 1, 4096, 0
2243, 4623, 1, 4096, 0
2243, 8200, 1, 4096, 0
2244, 7175, 1, 4096, 0
2244, 9076, 1, 4096, 0
2245, 9862, 1, 4096, 0
2245, 13917, 1, 4096, 0
2245, 4173, 1, 4096, 0
2246, 8241, 1, 4096, 0
2246, 10868, 1, 4096, 0
2246, 8666, 1, 4096, 0
2247, 6329, 1, 4096, 0
2247, 4468, 1, 4096, 0
2247, 5295, 1, 4096, 0
2248, 7753, 1, 4096, 0
2248, 3316, 1, 4096, 0
2249, 8702, 1, 4096, 0
2249, 6933, 1, 4096, 0
2249, 5520, 1, 4096, 0
2250, 6957, 1, 4096, 0
2250, 8996, 1, 4096, 0
2251, 4033, 1, 4096, 0
2251, 9832, 1, 4096, 0
2251, 9455, 1, 4096, 0
2251, 3808, 1, 4096, 0
2252, 8646, 1, 4096, 0
2252, 6125, 1, 4096, 0
2253, 10381, 1, 4096, 0
2253, 7815, 1, 4096, 0
2253, 9904, 1, 4096, 0
2254, 7536, 1, 4096, 0
2254, 9220, 1, 4096, 0
2254, 3193, 1, 4096, 0
2254, 4805, 1, 4096, 0
2255, 6833, 1, 4096, 0
2256, 8245, 1, 4096, 0
2256, 7689, 1, 4096, 0
2257, 9639, 1, 4096, 0
2257, 2303, 1, 4096, 0
2257, 12799, 1, 4096, 0
2258, 8843, 1, 4096, 0
2258, 7133, 1, 4096, 0
2258, 5425, 1, 4096, 0
2259, 7645, 1, 4096, 0
2259, 10828, 1, 4096, 0
2259, 6349, 1, 4096, 0
2260, 8644, 1, 4096, 0
2260, 10111, 1, 4096, 0
2260, 7022, 1, 4096, 0
2261, 9009, 1, 4096, 0
2261, 7780, 1, 4096, 0
2262, 8413, 1, 4096, 0
2262, 10538, 1, 4096, 0
2262, 9959, 1, 4096, 0
2263, 7519, 1, 4096, 0
2263, 10772, 1, 4096, 0
2263, 3088, 1, 4096, 0
2263, 6765, 1, 4096, 0
2264, 8507, 1, 4096, 0
2264, 12034, 1, 4096, 0
2265, 8132, 1, 4096, 0
2265, 11143, 1, 4096, 0
2265, 10265, 1, 4096, 0
2266, 11530, 1, 4096, 0
2266, 6443, 1, 4096, 0
2267, 8650, 1, 4096, 0
2267, 6297, 1, 4096, 0
2268, 5798, 1, 4096, 0
2268, 14865, 1, 4096, 0
2269, 8220, 1, 4096, 0
2269, 3983, 1, 4096, 0
2269, 8474, 1, 4096, 0
2270, 6119, 1, 4096, 0
2270, 5686, 1, 4096, 0
2270, 6631, 1, 4096, 0
2271, 5111, 1, 4096, 0
2271, 4349, 1, 4096, 0
2271, 9274, 1, 4096, 0
2272, 8234, 1, 4096, 0
2272, 9187, 1, 4096, 0
2272, 6552, 1, 4096, 0
2273, 8465, 1, 4096, 0
2274, 5662, 1, 4096, 0
2274, 8533, 1, 4096, 0
2275, 9948, 1, 4096, 0
2275, 8992, 1, 4096, 0
2275, 7888, 1, 4096, 0
2276, 4768, 1, 4096, 0
2276, 10646, 1, 4096, 0
2276, 8999, 1, 4096, 0
2277, 5135, 1, 4096, 0
2277, 7419, 1, 4096, 0
2278, 7482, 1, 4096, 0
2278, 10621, 1, 4096, 0
2279, 8792, 1, 4096, 0
2279, 7802, 1, 4096, 0
2279, 10273, 1, 4096, 0
2280, 8909, 1, 4096, 0
2280, 4344, 1, 4096, 0
2280, 3958, 1, 4096, 0
2280, 14018, 1, 4096, 0
2281, 11336, 1, 4096, 0
2282, 5737, 1, 4096, 0
2282, 8469, 1, 4096, 0
2282, 12518, 1, 4096, 0
2283, 8466, 1, 4096, 0
2283, 9575, 1, 4096, 0
2284, 9726, 1, 4096, 0
2284, 10476, 1, 4096, 0
2284, 6809, 1, 4096, 0
2285, 8714, 1, 4096, 0
2285, 5000, 1, 4096, 0
2285, 10068, 1, 4096, 0
2286, 9404, 1, 4096, 0
2286, 4807, 1, 4096, 0
2286, 7295, 1, 4096, 0
2287, 14428, 1, 4096, 0
2288, 6086, 1, 4096, 0
2288, 11297, 1, 4096, 0
2288, 5974, 1, 4096, 0
2288, 4429, 1, 4096, 0
2289, 5977, 1, 4096, 0
2290, 7505, 1, 4096, 0
2290, 9480, 1, 4096, 0
2291, 8410, 1, 4096, 0
2291, 3992, 1, 4096, 0
2291, 5437, 1, 4096, 0
2292, 9713, 1, 4096, 0
2292, 8816, 1, 4096, 0
2293, 9027, 1, 4096, 0
2293, 11597, 1, 4096, 0
2293, 2907, 1, 4096, 0
2294, 12672, 1, 4096, 0
2294, 7996, 1, 4096, 0
2295, 11302, 1, 4096, 0
2295, 6363, 1, 4096, 0
2296, 10102, 1, 4096, 0
2296, 2899, 1, 4096, 0
2296, 7031, 1, 4096, 0
2297, 6730, 1, 4096, 0
2297, 10420, 1, 4096, 0
2297, 6982, 1, 4096, 0
2298, 10353, 1, 4096, 0
2298, 8434, 1, 4096, 0
2298, 4541, 1, 4096, 0
2299, 8754, 1, 4096, 0
2299, 4272, 1, 4096, 0
2300, 8538, 1, 4096, 0
2300, 5672, 1, 4096, 0
2300, 2290, 1, 4096, 0
2301, 5608, 1, 4096, 0
2301, 4496, 1, 4096, 0
2302, 9281, 1, 4096, 0
2302, 4477, 1, 4096, 0
2302, 5893, 1, 4096, 0
2302, 13731, 1, 4096, 0
2303, 9233, 1, 4096, 0
2303, 11049, 1, 4096, 0
2303, 3130, 1, 4096, 0
2304, 8461, 1, 4096, 0
2304, 10082, 1, 4096, 0
2304, 6215, 1, 4096, 0
2305, 7763, 1, 4096, 0
2305, 5964, 1, 4096, 0
2306, 5205, 1, 4096, 0
2306, 9713, 1, 4096, 0
2306, 7713, 1, 4096, 0
2306, 11261, 1, 4096, 0
2307, 10096, 1, 4096, 0
2307, 6383, 1, 4096, 0
2308, 6082, 1, 4096, 0
2308, 10118, 1, 4096, 0
2309, 7329, 1, 4096, 0
2309, 7942, 1, 4096, 0
2310, 8567, 1, 4096, 0
2310, 7479, 1, 4096, 0
2310, 9329, 1, 4096, 0
2311, 9235, 1, 4096, 0
2311, 10477, 1, 4096, 0
2311, 5821, 1, 4096, 0
2312, 9086, 1, 4096, 0
2312, 8271, 1, 4096, 0
2312, 9836, 1, 4096, 0
2313, 4974, 1, 4096, 0
2313, 5530, 1, 4096, 0
2313, 5036, 1, 4096, 0
2314, 8440, 1, 4096, 0
2314, 4646, 1, 4096, 0
2314, 5273, 1, 4096, 0
2314, 5503, 1, 4096, 0
2315, 8941, 1, 4096, 0
2316, 8033, 1, 4096, 0
2316, 7001, 1, 4096, 0
2317, 9210, 1, 4096, 0
2317, 5277, 1, 4096, 0
2317, 10989, 1, 4096, 0
2318, 7962, 1, 4096, 0
2318, 8115, 1, 4096, 0
2318, 6294, 1, 4096, 0
2319, 9646, 1, 4096, 0
2319, 8345, 1, 4096, 0
2319, 5729, 1, 4096, 0
2320, 7833, 1, 4096, 0
2320, 7673, 1, 4096, 0
2321, 9469, 1, 4096, 0
2321, 8919, 1, 4096, 0
2321, 7293, 1, 4096, 0
2321, 5120, 1, 4096, 0
2322, 6594, 1, 4096, 0
2322, 8489, 1, 4096, 0
2323, 6219, 1, 4096, 0
2323, 6927, 1, 4096, 0
2323, 8518, 1, 4096, 0
2324, 6874, 1, 4096, 0
2324, 6423, 1, 4096, 0
2324, 5551, 1, 4096, 0
2325, 4635, 1, 4096, 0
2325, 10364, 1, 4096, 0
2326, 5875, 1, 4096, 0
2326, 4644, 1, 4096, 0
2326, 10088, 1, 4096, 0
2327, 6804, 1, 4096, 0
2327, 9934, 1, 4096, 0
2327, 9078, 1, 4096, 0
2328, 9185, 1, 4096, 0
2328, 7384, 1, 4096, 0
2328, 9207, 1, 4096, 0
2329, 8780, 1, 4096, 0
2329, 6466, 1, 4096, 0
2330, 9612, 1, 4096, 0
2330, 8123, 1, 4096, 0
2330, 6245, 1, 4096, 0
2331, 6643, 1, 4096, 0
2331, 17818, 1, 4096, 0
2331, 10526, 1, 4096, 0
2332, 8982, 1, 4096, 0
2332, 9616, 1, 4096, 0
2333, 10189, 1, 4096, 0
2333, 4270, 1, 4096, 0
2333, 3766, 1, 4096, 0
2333, 4934, 1, 4096, 0
2334, 6099, 1, 4096, 0
2334, 6994, 1, 4096, 0
2335, 8983, 1, 4096, 0
2335, 5255, 1, 4096, 0
2335, 6780, 1, 4096, 0
2335, 2918, 1, 4096, 0
2336, 7969, 1, 4096, 0
2337, 10795, 1, 4096, 0
2337, 5750, 1, 4096, 0
2337, 7576, 1, 4096, 0
2337, 8951, 1, 4096, 0
2338, 9664, 1, 4096, 0
2338, 3923, 1, 4096, 0
2339, 10710, 1, 4096, 0
2339, 7674, 1, 4096, 0
2340, 5158, 1, 4096, 0
2340, 5829, 1, 4096, 0
2340, 4662, 1, 4096, 0
2341, 9827, 1, 4096, 0
2341, 11612, 1, 4096, 0
2341, 7441, 1, 4096, 0
2342, 8035, 1, 4096, 0
2342, 2135, 1, 4096, 0
2342, 3116, 1, 4096, 0
2343, 10750, 1, 4096, 0
2343, 5838, 1, 4096, 0
2343, 2927, 1, 4096, 0
2345, 11305, 1, 4096, 0
2345, 7328, 1, 4096, 0
2345, 3742, 1, 4096, 0
2346, 14987, 1, 4096, 0
2346, 12826, 1, 4096, 0
2346, 2301, 1, 4096, 0
2347, 7083, 1, 4096, 0
2347, 10975, 1, 4096, 0
2347, 4949, 1, 4096, 0
2348, 10639, 1, 4096, 0
2348, 3695, 1, 4096, 0
2348, 6256, 1, 4096, 0
2349, 11928, 1, 4096, 0
2349, 5510, 1, 4096, 0
2350, 9612, 1, 4096, 0
2350, 13636, 1, 4096, 0
2351, 7959, 1, 4096, 0
2351, 6244, 1, 4096, 0
2351, 5137, 1, 4096, 0
2352, 13993, 1, 4096, 0
2352, 4837, 1, 4096, 0
2353, 8472, 1, 4096, 0
2353, 11139, 1, 4096, 0
2354, 9253, 1, 4096, 0
2354, 9169, 1, 4096, 0
2354, 7172, 1, 4096, 0
2355, 8010, 1, 4096, 0
2356, 8418, 1, 4096, 0
2356, 6010, 1, 4096, 0
2356, 6059, 1, 4096, 0
2357, 5785, 1, 4096, 0
2357, 8326, 1, 4096, 0
2357, 5374, 1, 4096, 0
2358, 10233, 1, 4096, 0
2358, 4372, 1, 4096, 0
2358, 6186, 1, 4096, 0
2359, 4695, 1, 4096, 0
2359, 4509, 1, 4096, 0
2360, 10289, 1, 4096, 0
2360, 10298, 1, 4096, 0
2360, 4654, 1, 4096, 0
2361, 8281, 1, 4096, 0
2361, 5869, 1, 4096, 0
2361, 2844, 1, 4096, 0
2362, 8064, 1, 4096, 0
2362, 2069, 1, 4096, 0
2362, 6834, 1, 4096, 0
2363, 9695, 1, 4096, 0
2363, 4418, 1, 4096, 0
2364, 8086, 1, 4096, 0
2364, 4569, 1, 4096, 0
2364, 4609, 1, 4096, 0
2365, 8410, 1, 4096, 0
2365, 7052, 1, 4096, 0
2366, 6654, 1, 4096, 0
2366, 8988, 1, 4096, 0
2367, 12634, 1, 4096, 0
2367, 4598, 1, 4096, 0
2368, 10186, 1, 4096, 0
2368, 5578, 1, 4096, 0
2368, 10722, 1, 4096, 0
2368, 9682, 1, 4096, 0
2369, 6242, 1, 4096, 0
2370, 6173, 1, 4096, 0
2370, 4799, 1, 4096, 0
2370, 6991, 1, 4096, 0
2371, 20788, 1, 4096, 0
2371, 6244, 1, 4096, 0
2371, 10503, 1, 4096, 0
2372, 9933, 1, 4096, 0
2372, 5872, 1, 4096, 0
2373, 9832, 1, 4096, 0
2373, 7284, 1, 4096, 0
2373, 5550, 1, 4096, 0
2374, 8963, 1, 4096, 0
2374, 4165, 1, 4096, 0
2374, 9039, 1, 4096, 0
2375, 7568, 1, 4096, 0
2375, 5221, 1, 4096, 0
2375, 5523, 1, 4096, 0
2376, 7521, 1, 4096, 0
2376, 9729, 1, 4096, 0
2377, 8124, 1, 4096, 0
2377, 5771, 1, 4096, 0
2377, 6130, 1, 4096, 0
2378, 4608, 1, 4096, 0
2378, 4086, 1, 4096, 0
2379, 8776, 1, 4096, 0
2379, 2874, 1, 4096, 0
2379, 5878, 1, 4096, 0
2380, 9921, 1, 4096, 0
2380, 9725, 1, 4096, 0
2380, 5534, 1, 4096, 0
2381, 8000, 1, 4096, 0
2381, 7699, 1, 4096, 0
2381, 6856, 1, 4096, 0
2382, 10697, 1, 4096, 0
2382, 7853, 1, 4096, 0
2382, 11916, 1, 4096, 0
2383, 9480, 1, 4096, 0
2383, 9210, 1, 4096, 0
2383, 3974, 1, 4096, 0
2384, 10812, 1, 4096, 0
2384, 6493, 1, 4096, 0
2385, 5049, 1, 4096, 0
2385, 10303, 1, 4096, 0
2385, 5959, 1, 4096, 0
2386, 9229, 1, 4096, 0
2386, 9170, 1, 4096, 0
2386, 4875, 1, 4096, 0
2387, 11463, 1, 4096, 0
2388, 11752, 1, 4096, 0
2388, 5566, 1, 4096, 0
2388, 7051, 1, 4096, 0
2389, 6807, 1, 4096, 0
2389, 5156, 1, 4096, 0
2389, 4633, 1, 4096, 0
2390, 7831, 1, 4096, 0
2390, 10990, 1, 4096, 0
2390, 5006, 1, 4096, 0
2391, 8488, 1, 4096, 0
2391, 5196, 1, 4096, 0
2392, 5638, 1, 4096, 0
2392, 10289, 1, 4096, 0
2392, 9233, 1, 4096, 0
2393, 7319, 1, 4096, 0
2393, 8097, 1, 4096, 0
2394, 9515, 1, 4096, 0
2394, 8862, 1, 4096, 0
2394, 6779, 1, 4096, 0
2395, 11689, 1, 4096, 0
2395, 9655, 1, 4096, 0
2396, 14375, 1, 4096, 0
2396, 7512, 1, 4096, 0
2396, 6438, 1, 4096, 0
2397, 9622, 1, 4096, 0
2397, 9365, 1, 4096, 0
2398, 6331, 1, 4096, 0
2398, 8210, 1, 4096, 0
2398, 9298, 1, 4096, 0
2399, 6604, 1, 4096, 0
2399, 6471, 1, 4096, 0
2400, 8746, 1, 4096, 0
2400, 9032, 1, 4096, 0
2400, 9962, 1, 4096, 0
2401, 6696, 1, 4096, 0
2401, 2482, 1, 4096, 0
2401, 8357, 1, 4096, 0
2402, 9962, 1, 4096, 0
2402, 8138, 1, 4096, 0
2403, 7704, 1, 4096, 0
2403, 8496, 1, 4096, 0
2403, 10344, 1, 4096, 0
2404, 9814, 1, 4096, 0
2404, 10052, 1, 4096, 0
2404, 8744, 1, 4096, 0
2405, 9666, 1, 4096, 0
2405, 12217, 1, 4096, 0
2406, 8385, 1, 4096, 0
2406, 12185, 1, 4096, 0
2407, 6807, 1, 4096, 0
2407, 10134, 1, 4096, 0
2407, 7756, 1, 4096, 0
2407, 5488, 1, 4096, 0
2408, 10412, 1, 4096, 0
2408, 10267, 1, 4096, 0
2409, 7880, 1, 4096, 0
2409, 9147, 1, 4096, 0
2410, 10977, 1, 4096, 0
2410, 4575, 1, 4096, 0
2410, 8183, 1, 4096, 0
2410, 7189, 1, 4096, 0
2411, 9042, 1, 4096, 0
2411, 2302, 1, 4096, 0
2412, 7425, 1, 4096, 0
2412, 9787, 1, 4096, 0
2413, 7901, 1, 4096, 0
2413, 9075, 1, 4096, 0
2413, 6480, 1, 4096, 0
2414, 7247, 1, 4096, 0
2414, 10533, 1, 4096, 0
2414, 6813, 1, 4096, 0
2415, 9440, 1, 4096, 0
2415, 4277, 1, 4096, 0
2415, 4745, 1, 4096, 0
2416, 9767, 1, 4096, 0
2416, 7888, 1, 4096, 0
2417, 11888, 1, 4096, 0
2417, 10206, 1, 4096, 0
2418, 6950, 1, 4096, 0
2418, 15789, 1, 4096, 0
2418, 3411, 1, 4096, 0
2419, 9072, 1, 4096, 0
2419, 12413, 1, 4096, 0
2419, 9595, 1, 4096, 0
2420, 10346, 1, 4096, 0
2420, 5409, 1, 4096, 0
2420, 5009, 1, 4096, 0
2421, 10246, 1, 4096, 0
2421, 3249, 1, 4096, 0
2421, 4968, 1, 4096, 0
2422, 8153, 1, 4096, 0
2422, 7814, 1, 4096, 0
2422, 2685, 1, 4096, 0
2423, 9494, 1, 4096, 0
2423, 6066, 1, 4096, 0
2423, 8942, 1, 4096, 0
2424, 10639, 1, 4096, 0
2424, 9375, 1, 4096, 0
2424, 9968, 1, 4096, 0
2425, 7008, 1, 4096, 0
2425, 7400, 1, 4096, 0
2426, 7008, 1, 4096, 0
2426, 7166, 1, 4096, 0
2427, 10529, 1, 4096, 0
2427, 13825, 1, 4096, 0
2427, 10354, 1, 4096, 0
2428, 8537, 1, 4096, 0
2428, 10863, 1, 4096, 0
2428, 8740, 1, 4096, 0
2429, 10149, 1, 4096, 0
2429, 5140, 1, 4096, 0
2429, 9907, 1, 4096, 0
2430, 10165, 1, 4096, 0
2430, 9058, 1, 4096, 0
2430, 4592, 1, 4096, 0
2431, 7574, 1, 4096, 0
2431, 5244, 1, 4096, 0
2432, 6543, 1, 4096, 0
2433, 9930, 1, 4096, 0
2433, 5722, 1, 4096, 0
2433, 8345, 1, 4096, 0
2434, 8023, 1, 4096, 0
2434, 7208, 1, 4096, 0
2434, 9055, 1, 4096, 0
2434, 9084, 1, 4096, 0
2435, 8476, 1, 4096, 0
2435, 5597, 1, 4096, 0
2436, 10668, 1, 4096, 0
2436, 3146, 1, 4096, 0
2436, 10307, 1, 4096, 0
2437, 8303, 1, 4096, 0
2437, 2911, 1, 4096, 0
2438, 10150, 1, 4096, 0
2438, 16613, 1, 4096, 0
2438, 6232, 1, 4096, 0
2439, 10224, 1, 4096, 0
2439, 6385, 1, 4096, 0
2439, 7850, 1, 4096, 0
2440, 8915, 1, 4096, 0
2440, 6322, 1, 4096, 0
2440, 9880, 1, 4096, 0
2441, 7447, 1, 4096, 0
2441, 10106, 1, 4096, 0
2441, 7453, 1, 4096, 0
2442, 9013, 1, 4096, 0
2442, 3243, 1, 4096, 0
2443, 7938, 1, 4096, 0
2443, 4738, 1, 4096, 0
2443, 3145, 1, 4096, 0
2444, 6413, 1, 4096, 0
2444, 6929, 1, 4096, 0
2444, 2486, 1, 4096, 0
2445, 7225, 1, 4096, 0
2445, 5233, 1, 4096, 0
2445, 5238, 1, 4096, 0
2445, 5609, 1, 4096, 0
2446, 9786, 1, 4096, 0
2446, 6597, 1, 4096, 0
2447, 7739, 1, 4096, 0
2447, 6041, 1, 4096, 0
2447, 5664, 1, 4096, 0
2448, 6055, 1, 4096, 0
2449, 9410, 1, 4096, 0
2449, 8729, 1, 4096, 0
2449, 6451, 1, 4096, 0
2450, 8293, 1, 4096, 0
2450, 8363, 1, 4096, 0
2450, 8106, 1, 4096, 0
2451, 6193, 1, 4096, 0
2451, 8939, 1, 4096, 0
2451, 2157, 1, 4096, 0
2452, 5084, 1, 4096, 0
2452, 10795, 1, 4096, 0
2452, 3133, 1, 4096, 0
2453, 10206, 1, 4096, 0
2453, 5071, 1, 4096, 0
2453, 9147, 1, 4096, 0
2454, 10087, 1, 4096, 0
2454, 5579, 1, 4096, 0
2454, 7918, 1, 4096, 0
2455, 12007, 1, 4096, 0
2455, 4195, 1, 4096, 0
2455, 6770, 1, 4096, 0
2456, 8121, 1, 4096, 0
2456, 5512, 1, 4096, 0
2456, 5329, 1, 4096, 0
2457, 10555, 1, 4096, 0
2458, 6951, 1, 4096, 0
2458, 4676, 1, 4096, 0
2458, 6582, 1, 4096, 0
2459, 7635, 1, 4096, 0
2459, 7607, 1, 4096, 0
2459, 9142, 1, 4096, 0
2460, 5592, 1, 4096, 0
2460, 6430, 1, 4096, 0
2461, 8275, 1, 4096, 0
2461, 4036, 1, 4096, 0
2461, 9557, 1, 4096, 0
2462, 8817, 1, 4096, 0
2462, 15688, 1, 4096, 0
2462, 7215, 1, 4096, 0
2463, 9106, 1, 4096, 0
2463, 5353, 1, 4096, 0
2463, 5337, 1, 4096, 0
2464, 13376, 1, 4096, 0
2464, 7956, 1, 4096, 0
2464, 5932, 1, 4096, 0
2465, 5030, 1, 4096, 0
2466, 11324, 1, 4096, 0
2466, 9180, 1, 4096, 0
2466, 8853, 1, 4096, 0
2467, 7367, 1, 4096, 0
2467, 6840, 1, 4096, 0
2467, 9031, 1, 4096, 0
2468, 7019, 1, 4096, 0
2468, 2082, 1, 4096, 0
2469, 9883, 1, 4096, 0
2469, 10567, 1, 4096, 0
2469, 4007, 1, 4096, 0
2470, 7738, 1, 4096, 0
2470, 10789, 1, 4096, 0
2471, 10264, 1, 4096, 0
2471, 5920, 1, 4096, 0
2472, 9632, 1, 4096, 0
2472, 4924, 1, 4096, 0
2473, 8083, 1, 4096, 0
2473, 3727, 1, 4096, 0
2473, 9493, 1, 4096, 0
2474, 19781, 1, 4096, 0
2474, 5282, 1, 4096, 0
2474, 11367, 1, 4096, 0
2475, 11206, 1, 4096, 0
2475, 6471, 1, 4096, 0
2475, 10097, 1, 4096, 0
2476, 5599, 1, 4096, 0
2476, 6061, 1, 4096, 0
2476, 5104, 1, 4096, 0
2476, 5742, 1, 4096, 0
2477, 9058, 1, 4096, 0
2477, 5606, 1, 4096, 0
2478, 5133, 1, 4096, 0
2479, 7971, 1, 4096, 0
2479, 2526, 1, 4096, 0
2479, 3695, 1, 4096, 0
2480, 7184, 1, 4096, 0
2480, 2739, 1, 4096, 0
2480, 3552, 1, 4096, 0
2481, 7038, 1, 4096, 0
2481, 4467, 1, 4096, 0
2481, 3871, 1, 4096, 0
2482, 7660, 1, 4096, 0
2482, 6376, 1, 4096, 0
2482, 7977, 1, 4096, 0
2483, 4726, 1, 4096, 0
2483, 8921, 1, 4096, 0
2483, 7249, 1, 4096, 0
2484, 11501, 1, 4096, 0
2484, 6285, 1, 4096, 0
2485, 10858, 1, 4096, 0
2485, 4650, 1, 4096, 0
2485, 10297, 1, 4096, 0
2486, 11502, 1, 4096, 0
2487, 7653, 1, 4096, 0
2487, 10832, 1, 4096, 0
2487, 5799, 1, 4096, 0
2488, 7830, 1, 4096, 0
2488, 3047, 1, 4096, 0
2489, 6349, 1, 4096, 0
2489, 12812, 1, 4096, 0
2489, 12116, 1, 4096, 0
2489, 6658, 1, 4096, 0
2491, 10862, 1, 4096, 0
2491, 8358, 1, 4096, 0
2492, 8102, 1, 4096, 0
2492, 6851, 1, 4096, 0
2492, 8943, 1, 4096, 0
2493, 5621, 1, 4096, 0
2493, 6906, 1, 4096, 0
2494, 7027, 1, 4096, 0
2494, 7489, 1, 4096, 0
2494, 4585, 1, 4096, 0
2495, 7999, 1, 4096, 0
2495, 4715, 1, 4096, 0
2496, 7372, 1, 4096, 0
2496, 7040, 1, 4096, 0
2496, 7301, 1, 4096, 0
2497, 5974, 1, 4096, 0
2497, 4642, 1, 4096, 0
2497, 3492, 1, 4096, 0
2499, 5724, 1, 4096, 0
2499, 3942, 1, 4096, 0
2499, 5203, 1, 4096, 0
2500, 8834, 1, 4096, 0
2500, 6415, 1, 4096, 0
2500, 5985, 1, 4096, 0
2501, 8266, 1, 4096, 0
2501, 7846, 1, 4096, 0
2501, 9366, 1, 4096, 0
2502, 9815, 1, 4096, 0
2502, 8134, 1, 4096, 0
2503, 5606, 1, 4096, 0
2503, 7223, 1, 4096, 0
2503, 3223, 1, 4096, 0
2503, 10330, 1, 4096, 0
2504, 7093, 1, 4096, 0
2504, 4755, 1, 4096, 0
2505, 8244, 1, 4096, 0
2505, 5720, 1, 4096, 0
2506, 6994, 1, 4096, 0
2506, 5963, 1, 4096, 0
2507, 5876, 1, 4096, 0
2507, 3857, 1, 4096, 0
2507, 10648, 1, 4096, 0
2507, 4493, 1, 4096, 0
2508, 6991, 1, 4096, 0
2508, 3952, 1, 4096, 0
2509, 8813, 1, 4096, 0
2509, 3349, 1, 4096, 0
2510, 10597, 1, 4096, 0
2510, 7374, 1, 4096, 0
2510, 10233, 1, 4096, 0
2511, 10246, 1, 4096, 0
2511, 11023, 1, 4096, 0
2511, 6728, 1, 4096, 0
2512, 9083, 1, 4096, 0
2512, 5750, 1, 4096, 0
2513, 7112, 1, 4096, 0
2513, 7199, 1, 4096, 0
2513, 2265, 1, 4096, 0
2514, 21070, 1, 4096, 0
2514, 6081, 1, 4096, 0
2514, 5114, 1, 4096, 0
2515, 9722, 1, 4096, 0
2515, 8759, 1, 4096, 0
2516, 9905, 1, 4096, 0
2516, 4908, 1, 4096, 0
2516, 4922, 1, 4096, 0
2517, 8246, 1, 4096, 0
2517, 7635, 1, 4096, 0
2518, 6233, 1, 4096, 0
2518, 6157, 1, 4096, 0
2518, 6497, 1, 4096, 0
2519, 5746, 1, 4096, 0
2519, 11778, 1, 4096, 0
2520, 7117, 1, 4096, 0
2520, 10180, 1, 4096, 0
2520, 10028, 1, 4096, 0
2521, 7159, 1, 4096, 0
2521, 5505, 1, 4096, 0
2521, 11226, 1, 4096, 0
2522, 6806, 1, 4096, 0
2522, 3414, 1, 4096, 0
2522, 2146, 1, 4096, 0
2523, 7156, 1, 4096, 0
2523, 3958, 1, 4096, 0
2523, 4522, 1, 4096, 0
2524, 10789, 1, 4096, 0
2524, 9759, 1, 4096, 0
2524, 8712, 1, 4096, 0
2525, 9878, 1, 4096, 0
2525, 6140, 1, 4096, 0
2526, 4935, 1, 4096, 0
2526, 5079, 1, 4096, 0
2527, 5477, 1, 4096, 0
2527, 6205, 1, 4096, 0
2527, 10412, 1, 4096, 0
2528, 5895, 1, 4096, 0
2528, 10059, 1, 4096, 0
2528, 10884, 1, 4096, 0
2529, 8945, 1, 4096, 0
2529, 10354, 1, 4096, 0
2529, 7661, 1, 4096, 0
2530, 4001, 1, 4096, 0
2530, 10759, 1, 4096, 0
2530, 3945, 1, 4096, 0
2531, 7395, 1, 4096, 0
2531, 11318, 1, 4096, 0
2531, 10545, 1, 4096, 0
2532, 5387, 1, 4096, 0
2532, 5448, 1, 4096, 0
2532, 7993, 1, 4096, 0
2533, 7376, 1, 4096, 0
2533, 5487, 1, 4096, 0
2534, 9331, 1, 4096, 0
2534, 7675, 1, 4096, 0
2534, 7346, 1, 4096, 0
2535, 4419, 1, 4096, 0
2535, 5251, 1, 4096, 0
2535, 5262, 1, 4096, 0
2535, 6989, 1, 4096, 0
2536, 8491, 1, 4096, 0
2536, 12295, 1, 4096, 0
2536, 4986, 1, 4096, 0
2537, 8401, 1, 4096, 0
2537, 9646, 1, 4096, 0
2537, 6781, 1, 4096, 0
2538, 10245, 1, 4096, 0
2538, 3945, 1, 4096, 0
2539, 7951, 1, 4096, 0
2539, 8244, 1, 4096, 0
2539, 5546, 1, 4096, 0
2539, 9194, 1, 4096, 0
2540, 9138, 1, 4096, 0
2540, 6005, 1, 4096, 0
2541, 5177, 1, 4096, 0
2541, 8640, 1, 4096, 0
2541, 7470, 1, 4096, 0
2541, 2382, 1, 4096, 0
2543, 8585, 1, 4096, 0
2543, 3824, 1, 4096, 0
2543, 14928, 1, 4096, 0
2543, 7648, 1, 4096, 0
2544, 5140, 1, 4096, 0
2544, 11035, 1, 4096, 0
2544, 5412, 1, 4096, 0
2545, 7507, 1, 4096, 0
2545, 6496, 1, 4096, 0
2546, 5521, 1, 4096, 0
2546, 12976, 1, 4096, 0
2547, 11216, 1, 4096, 0
2547, 9362, 1, 4096, 0
2548, 6699, 1, 4096, 0
2548, 5036, 1, 4096, 0
2548, 4718, 1, 4096, 0
2548, 8986, 1, 4096, 0
2549, 8507, 1, 4096, 0
2549, 6351, 1, 4096, 0
2549, 10559, 1, 4096, 0
2550, 5062, 1, 4096, 0
2550, 5918, 1, 4096, 0
2550, 7815, 1, 4096, 0
2551, 5741, 1, 4096, 0
2551, 5702, 1, 4096, 0
2552, 7886, 1, 4096, 0
2552, 13418, 1, 4096, 0
2552, 6320, 1, 4096, 0
2553, 10971, 1, 4096, 0
2553, 6354, 1, 4096, 0
2554, 10435, 1, 4096, 0
2554, 6661, 1, 4096, 0
2554, 10541, 1, 4096, 0
2555, 6991, 1, 4096, 0
2555, 7860, 1, 4096, 0
2555, 8082, 1, 4096, 0
2556, 6501, 1, 4096, 0
2556, 7062, 1, 4096, 0
2556, 9891, 1, 4096, 0
2557, 6815, 1, 4096, 0
2557, 8204, 1, 4096, 0
2558, 6725, 1, 4096, 0
2558, 8776, 1, 4096, 0
2558, 8238, 1, 4096, 0
2558, 2003, 1, 4096, 0
2559, 8901, 1, 4096, 0
2559, 8289, 1, 4096, 0
2559, 3290, 1, 4096, 0
2560, 11083, 1, 4096, 0
2560, 6039, 1, 4096, 0
2560, 3724, 1, 4096, 0
2561, 7468, 1, 4096, 0
2561, 9823, 1, 4096, 0
2562, 8716, 1, 4096, 0
2562, 7079, 1, 4096, 0
2563, 5959, 1, 4096, 0
2563, 20429, 1, 4096, 0
2563, 8228, 1, 4096, 0
2564, 9644, 1, 4096, 0
2564, 8824, 1, 4096, 0
2565, 7071, 1, 4096, 0
2565, 5990, 1, 4096, 0
2565, 3961, 1, 4096, 0
2566, 3668, 1, 4096, 0
2566, 4099, 1, 4096, 0
2567, 11457, 1, 4096, 0
2567, 4266, 1, 4096, 0
2567, 11456, 1, 4096, 0
2568, 8265, 1, 4096, 0
2568, 11596, 1, 4096, 0
2569, 11870, 1, 4096, 0
2569, 10551, 1, 4096, 0
2569, 11204, 1, 4096, 0
2569, 5267, 1, 4096, 0
2570, 8488, 1, 4096, 0
2570, 6551, 1, 4096, 0
2570, 9479, 1, 4096, 0
2571, 11364, 1, 4096, 0
2571, 6616, 1, 4096, 0
2572, 4758, 1, 4096, 0
2572, 6634, 1, 4096, 0
2573, 11321, 1, 4096, 0
2573, 4667, 1, 4096, 0
2573, 7803, 1, 4096, 0
2574, 6963, 1, 4096, 0
2574, 3083, 1, 4096, 0
2574, 8559, 1, 4096, 0
2575, 6438, 1, 4096, 0
2575, 6218, 1, 4096, 0
2575, 2787, 1, 4096, 0
2576, 9267, 1, 4096, 0
2576, 8643, 1, 4096, 0
2576, 4116, 1, 4096, 0
2577, 11202, 1, 4096, 0
2577, 4608, 1, 4096, 0
2577, 4840, 1, 4096, 0
2578, 10460, 1, 4096, 0
2578, 8228, 1, 4096, 0
2578, 6874, 1, 4096, 0
2579, 9363, 1, 4096, 0
2579, 4127, 1, 4096, 0
2579, 6549, 1, 4096, 0
2580, 7287, 1, 4096, 0
2580, 11302, 1, 4096, 0
2581, 7610, 1, 4096, 0
2581, 5251, 1, 4096, 0
2581, 11216, 1, 4096, 0
2582, 8868, 1, 4096, 0
2582, 3072, 1, 4096, 0
2582, 4561, 1, 4096, 0
2583, 6909, 1, 4096, 0
2583, 9133, 1, 4096, 0
2583, 9007, 1, 4096, 0
2584, 9191, 1, 4096, 0
2584, 8767, 1, 4096, 0
2584, 5869, 1, 4096, 0
2585, 9054, 1, 4096, 0
2585, 9473, 1, 4096, 0
2586, 6960, 1, 4096, 0
2586, 7283, 1, 4096, 0
2586, 4602, 1, 4096, 0
2587, 10038, 1, 4096, 0
2587, 7734, 1, 4096, 0
2587, 12404, 1, 4096, 0
2588, 8302, 1, 4096, 0
2588, 3223, 1, 4096, 0
2588, 8582, 1, 4096, 0
2589, 24147, 1, 4096, 0
2589, 5918, 1, 4096, 0
2590, 10249, 1, 4096, 0
2590, 10186, 1, 4096, 0
2590, 8745, 1, 4096, 0
2591, 5764, 1, 4096, 0
2591, 5578, 1, 4096, 0
2591, 3883, 1, 4096, 0
2592, 10545, 1, 4096, 0
2592, 11248, 1, 4096, 0
2592, 6464, 1, 4096, 0
2592, 5398, 1, 4096, 0
2593, 10958, 1, 4096, 0
2593, 9534, 1, 4096, 0
2594, 5271, 1, 4096, 0
2595, 9957, 1, 4096, 0
2595, 4504, 1, 4096, 0
2595, 5121, 1, 4096, 0
2596, 7747, 1, 4096, 0
2596, 13596, 1, 4096, 0
2596, 10019, 1, 4096, 0
2597, 6407, 1, 4096, 0
2597, 4573, 1, 4096, 0
2597, 5682, 1, 4096, 0
2598, 8513, 1, 4096, 0
2598, 7970, 1, 4096, 0
2598, 4848, 1, 4096, 0
2599, 10619, 1, 4096, 0
2599, 8714, 1, 4096, 0
2600, 6650, 1, 4096, 0
2600, 6091, 1, 4096, 0
2600, 3748, 1, 4096, 0
2601, 10878, 1, 4096, 0
2601, 11356, 1, 4096, 0
2601, 3145, 1, 4096, 0
2602, 5063, 1, 4096, 0
2603, 9241, 1, 4096, 0
2603, 5332, 1, 4096, 0
2603, 9245, 1, 4096, 0
2604, 7579, 1, 4096, 0
2604, 5385, 1, 4096, 0
2605, 6449, 1, 4096, 0
2605, 10660, 1, 4096, 0
2605, 4696, 1, 4096, 0
2606, 6342, 1, 4096, 0
2606, 2456, 1, 4096, 0
2607, 7245, 1, 4096, 0
2607, 9183, 1, 4096, 0
2607, 5882, 1, 4096, 0
2608, 7238, 1, 4096, 0
2608, 6482, 1, 4096, 0
2609, 8197, 1, 4096, 0
2609, 9551, 1, 4096, 0
2610, 10403, 1, 4096, 0
2610, 11132, 1, 4096, 0
2610, 10876, 1, 4096, 0
2611, 8435, 1, 4096, 0
2611, 6424, 1, 4096, 0
2612, 9820, 1, 4096, 0
2612, 8567, 1, 4096, 0
2612, 8835, 1, 4096, 0
2613, 8789, 1, 4096, 0
2613, 8685, 1, 4096, 0
2613, 3310, 1, 4096, 0
2614, 9486, 1, 4096, 0
2614, 15107, 1, 4096, 0
2614, 5832, 1, 4096, 0
2615, 9402, 1, 4096, 0
2615, 4864, 1, 4096, 0
2615, 6124, 1, 4096, 0
2616, 8287, 1, 4096, 0
2616, 14847, 1, 4096, 0
2616, 8874, 1, 4096, 0
2617, 5672, 1, 4096, 0
2617, 6959, 1, 4096, 0
2617, 8159, 1, 4096, 0
2618, 5871, 1, 4096, 0
2618, 3723, 1, 4096, 0
2618, 8794, 1, 4096, 0
2619, 5848, 1, 4096, 0
2619, 6446, 1, 4096, 0
2619, 9624, 1, 4096, 0
2620, 7966, 1, 4096, 0
2620, 6760, 1, 4096, 0
2621, 6980, 1, 4096, 0
2621, 9709, 1, 4096, 0
2621, 10103, 1, 4096, 0
2622, 8905, 1, 4096, 0
2622, 6700, 1, 4096, 0
2622, 5503, 1, 4096, 0
2623, 6814, 1, 4096, 0
2623, 9056, 1, 4096, 0
2623, 2371, 1, 4096, 0
2624, 7769, 1, 4096, 0
2625, 6475, 1, 4096, 0
2625, 5638, 1, 4096, 0
2625, 4249, 1, 4096, 0
2626, 7807, 1, 4096, 0
2626, 8967, 1, 4096, 0
2626, 5961, 1, 4096, 0
2627, 10968, 1, 4096, 0
2627, 9221, 1, 4096, 0
2628, 10406, 1, 4096, 0
2628, 4841, 1, 4096, 0
2628, 5852, 1, 4096, 0
2629, 10251, 1, 4096, 0
2629, 9595, 1, 4096, 0
2629, 7217, 1, 4096, 0
2630, 7151, 1, 4096, 0
2630, 4501, 1, 4096, 0
2630, 9546, 1, 4096, 0
2631, 7325, 1, 4096, 0
2632, 6768, 1, 4096, 0
2632, 5380, 1, 4096, 0
2632, 7127, 1, 4096, 0
2633, 6598, 1, 4096, 0
2633, 9251, 1, 4096, 0
2634, 6771, 1, 4096, 0
2634, 8705, 1, 4096, 0
2634, 8542, 1, 4096, 0
2635, 9872, 1, 4096, 0
2635, 9511, 1, 4096, 0
2636, 7207, 1, 4096, 0
2636, 10449, 1, 4096, 0
2636, 2385, 1, 4096, 0
2637, 7319, 1, 4096, 0
2637, 8295, 1, 4096, 0
2637, 3370, 1, 4096, 0
2638, 5527, 1, 4096, 0
2638, 11162, 1, 4096, 0
2639, 6454, 1, 4096, 0
2639, 6363, 1, 4096, 0
2639, 5625, 1, 4096, 0
2640, 7673, 1, 4096, 0
2640, 5672, 1, 4096, 0
2640, 5798, 1, 4096, 0
2641, 7277, 1, 4096, 0
2641, 11013, 1, 4096, 0
2641, 8915, 1, 4096, 0
2642, 7363, 1, 4096, 0
2642, 10790, 1, 4096, 0
2642, 9384, 1, 4096, 0
2643, 7009, 1, 4096, 0
2643, 4762, 1, 4096, 0
2644, 4501, 1, 4096, 0
2644, 4732, 1, 4096, 0
2644, 8712, 1, 4096, 0
2645, 8065, 1, 4096, 0
2645, 6249, 1, 4096, 0
2645, 7182, 1, 4096, 0
2646, 7216, 1, 4096, 0
2646, 8242, 1, 4096, 0
2646, 6720, 1, 4096, 0
2647, 7356, 1, 4096, 0
2647, 9468, 1, 4096, 0
2647, 11576, 1, 4096, 0
2648, 6713, 1, 4096, 0
2648, 4251, 1, 4096, 0
2649, 13205, 1, 4096, 0
2649, 5936, 1, 4096, 0
2650, 9582, 1, 4096, 0
2650, 9063, 1, 4096, 0
2650, 7052, 1, 4096, 0
2651, 5636, 1, 4096, 0
2651, 3716, 1, 4096, 0
2651, 8721, 1, 4096, 0
2652, 7069, 1, 4096, 0
2652, 11196, 1, 4096, 0
2652, 8517, 1, 4096, 0
2653, 8980, 1, 4096, 0
2653, 7519, 1, 4096, 0
2653, 6240, 1, 4096, 0
2654, 6779, 1, 4096, 0
2654, 11256, 1, 4096, 0
2655, 8241, 1, 4096, 0
2655, 6301, 1, 4096, 0
2655, 9407, 1, 4096, 0
2656, 6377, 1, 4096, 0
2656, 6109, 1, 4096, 0
2657, 10178, 1, 4096, 0
2657, 3155, 1, 4096, 0
2657, 3437, 1, 4096, 0
2658, 8764, 1, 4096, 0
2658, 6350, 1, 4096, 0
2658, 9799, 1, 4096, 0
2659, 4856, 1, 4096, 0
2659, 5962, 1, 4096, 0
2660, 11636, 1, 4096, 0
2660, 15409, 1, 4096, 0
2660, 8550, 1, 4096, 0
2660, 12959, 1, 4096, 0
2661, 10640, 1, 4096, 0
2661, 8804, 1, 4096, 0
2661, 8676, 1, 4096, 0
2662, 6851, 1, 4096, 0
2662, 6529, 1, 4096, 0
2663, 6141, 1, 4096, 0
2663, 8695, 1, 4096, 0
2663, 9806, 1, 4096, 0
2664, 6014, 1, 4096, 0
2664, 7634, 1, 4096, 0
2664, 7090, 1, 4096, 0
2665, 7079, 1, 4096, 0
2665, 3599, 1, 4096, 0
2666, 7412, 1, 4096, 0
2666, 6417, 1, 4096, 0
2667, 6591, 1, 4096, 0
2667, 11128, 1, 4096, 0
2667, 8553, 1, 4096, 0
2668, 10405, 1, 4096, 0
2668, 5129, 1, 4096, 0
2668, 6940, 1, 4096, 0
2669, 9233, 1, 4096, 0
2669, 5070, 1, 4096, 0
2669, 9989, 1, 4096, 0
2670, 7222, 1, 4096, 0
2670, 7565, 1, 4096, 0
2670, 6316, 1, 4096, 0
2671, 8066, 1, 4096, 0
2671, 9718, 1, 4096, 0
2671, 11567, 1, 4096, 0
2672, 6323, 1, 4096, 0
2673, 6942, 1, 4096, 0
2673, 6455, 1, 4096, 0
2673, 4559, 1, 4096, 0
2674, 6045, 1, 4096, 0
2674, 9021, 1, 4096, 0
2674, 2656, 1, 4096, 0
2675, 8168, 1, 4096, 0
2675, 4230, 1, 4096, 0
2676, 3603, 1, 4096, 0
2676, 6312, 1, 4096, 0
2677, 5698, 1, 4096, 0
2677, 6066, 1, 4096, 0
2677, 8522, 1, 4096, 0
2678, 5978, 1, 4096, 0
2678, 8413, 1, 4096, 0
2678, 6075, 1, 4096, 0
2679, 7567, 1, 4096, 0
2679, 9478, 1, 4096, 0
2679, 9721, 1, 4096, 0
2680, 6761, 1, 4096, 0
2680, 8793, 1, 4096, 0
2680, 7379, 1, 4096, 0
2681, 8786, 1, 4096, 0
2681, 2297, 1, 4096, 0
2682, 4398, 1, 4096, 0
2682, 7968, 1, 4096, 0
2683, 7627, 1, 4096, 0
2683, 6124, 1, 4096, 0
2683, 7047, 1, 4096, 0
2683, 7684, 1, 4096, 0
2684, 8488, 1, 4096, 0
2684, 9762, 1, 4096, 0
2684, 4718, 1, 4096, 0
2685, 8863, 1, 4096, 0
2685, 7895, 1, 4096, 0
2685, 4176, 1, 4096, 0
2686, 11632, 1, 4096, 0
2686, 3963, 1, 4096, 0
2686, 3665, 1, 4096, 0
2687, 7065, 1, 4096, 0
2687, 3473, 1, 4096, 0
2687, 4374, 1, 4096, 0
2688, 7976, 1, 4096, 0
2688, 2836, 1, 4096, 0
2688, 6114, 1, 4096, 0
2689, 8629, 1, 4096, 0
2689, 5034, 1, 4096, 0
2690, 6939, 1, 4096, 0
2690, 8033, 1, 4096, 0
2690, 6975, 1, 4096, 0
2691, 5129, 1, 4096, 0
2691, 7427, 1, 4096, 0
2692, 6022, 1, 4096, 0
2692, 2304, 1, 4096, 0
2692, 6953, 1, 4096, 0
2693, 9795, 1, 4096, 0
2693, 7003, 1, 4096, 0
2693, 4200, 1, 4096, 0
2694, 8096, 1, 4096, 0
2694, 8569, 1, 4096, 0
2694, 9224, 1, 4096, 0
2695, 10270, 1, 4096, 0
2695, 10406, 1, 4096, 0
2695, 6032, 1, 4096, 0
2696, 7663, 1, 4096, 0
2696, 6304, 1, 4096, 0
2696, 5465, 1, 4096, 0
2697, 9521, 1, 4096, 0
2697, 9750, 1, 4096, 0
2697, 9156, 1, 4096, 0
2698, 7208, 1, 4096, 0
2698, 5573, 1, 4096, 0
2698, 2719, 1, 4096, 0
2699, 10235, 1, 4096, 0
2700, 5819, 1, 4096, 0
2700, 9920, 1, 4096, 0
2700, 7539, 1, 4096, 0
2701, 9339, 1, 4096, 0
2701, 11850, 1, 4096, 0
2702, 7731, 1, 4096, 0
2702, 7132, 1, 4096, 0
2702, 7997, 1, 4096, 0
2703, 4947, 1, 4096, 0
2703, 8862, 1, 4096, 0
2703, 6407, 1, 4096, 0
2703, 4325, 1, 4096, 0
2705, 10161, 1, 4096, 0
2705, 9067, 1, 4096, 0
2705, 9458, 1, 4096, 0
2706, 7657, 1, 4096, 0
2706, 10529, 1, 4096, 0
2706, 4954, 1, 4096, 0
2707, 10471, 1, 4096, 0
2707, 3431, 1, 4096, 0
2707, 2932, 1, 4096, 0
2708, 4908, 1, 4096, 0
2708, 10316, 1, 4096, 0
2708, 5336, 1, 4096, 0
2709, 5981, 1, 4096, 0
2709, 8470, 1, 4096, 0
2709, 5298, 1, 4096, 0
2710, 9956, 1, 4096, 0
2710, 4366, 1, 4096, 0
2711, 10862, 1, 4096, 0
2711, 5375, 1, 4096, 0
2711, 3297, 1, 4096, 0
2712, 8635, 1, 4096, 0
2712, 4816, 1, 4096, 0
2712, 4661, 1, 4096, 0
2713, 5628, 1, 4096, 0
2713, 10645, 1, 4096, 0
2713, 2933, 1, 4096, 0
2714, 5053, 1, 4096, 0
2714, 9706, 1, 4096, 0
2714, 10412, 1, 4096, 0
2715, 11652, 1, 4096, 0
2715, 5151, 1, 4096, 0
2715, 6380, 1, 4096, 0
2716, 10338, 1, 4096, 0
2716, 8614, 1, 4096, 0
2716, 8614, 1, 4096, 0
2717, 9244, 1, 4096, 0
2717, 8377, 1, 4096, 0
2717, 9121, 1, 4096, 0
2718, 9595, 1, 4096, 0
2718, 8324, 1, 4096, 0
2718, 3430, 1, 4096, 0
2719, 8361, 1, 4096, 0
2719, 8744, 1, 4096, 0
2719, 4680, 1, 4096, 0
2720, 9235, 1, 4096, 0
2721, 7761, 1, 4096, 0
2721, 2934, 1, 4096, 0
2721, 10159, 1, 4096, 0
2722, 7095, 1, 4096, 0
2722, 3943, 1, 4096, 0
2723, 8853, 1, 4096, 0
2723, 6365, 1, 4096, 0
2723, 13323, 1, 4096, 0
2724, 10155, 1, 4096, 0
2724, 8194, 1, 4096, 0
2724, 7055, 1, 4096, 0
2725, 8791, 1, 4096, 0
2725, 5774, 1, 4096, 0
2725, 8205, 1, 4096, 0
2726, 7555, 1, 4096, 0
2726, 8013, 1, 4096, 0
2726, 4619, 1, 4096, 0
2727, 5229, 1, 4096, 0
2727, 7266, 1, 4096, 0
2728, 7065, 1, 4096, 0
2728, 7148, 1, 4096, 0
2728, 6804, 1, 4096, 0
2729, 7973, 1, 4096, 0
2729, 9527, 1, 4096, 0
2729, 7044, 1, 4096, 0
2730, 6961, 1, 4096, 0
2730, 10547, 1, 4096, 0
2730, 10073, 1, 4096, 0
2731, 6973, 1, 4096, 0
2731, 4085, 1, 4096, 0
2731, 4433, 1, 4096, 0
2733, 12226, 1, 4096, 0
2733, 8823, 1, 4096, 0
2734, 9967, 1, 4096, 0
2734, 9513, 1, 4096, 0
2735, 8207, 1, 4096, 0
2735, 6584, 1, 4096, 0
2735, 7429, 1, 4096, 0
2736, 7425, 1, 4096, 0
2736, 12069, 1, 4096, 0
2737, 6316, 1, 4096, 0
2737, 6302, 1, 4096, 0
2737, 5877, 1, 4096, 0
2738, 7684, 1, 4096, 0
2738, 4934, 1, 4096, 0
2738, 10549, 1, 4096, 0
2739, 11979, 1, 4096, 0
2739, 10232, 1, 4096, 0
2740, 23184, 1, 4096, 0
2740, 9553, 1, 4096, 0
2740, 3933, 1, 4096, 0
2741, 9457, 1, 4096, 0
2741, 3010, 1, 4096, 0
2741, 3388, 1, 4096, 0
2742, 10635, 1, 4096, 0
2742, 6300, 1, 4096, 0
2742, 4448, 1, 4096, 0
2743, 7271, 1, 4096, 0
2743, 4462, 1, 4096, 0
2743, 3492, 1, 4096, 0
2744, 9261, 1, 4096, 0
2745, 4414, 1, 4096, 0
2745, 8065, 1, 4096, 0
2745, 4358, 1, 4096, 0
2745, 7444, 1, 4096, 0
2746, 7242, 1, 4096, 0
2746, 6218, 1, 4096, 0
2747, 6864, 1, 4096, 0
2748, 11507, 1, 4096, 0
2748, 8039, 1, 4096, 0
2749, 6313, 1, 4096, 0
2749, 3955, 1, 4096, 0
2749, 11071, 1, 4096, 0
2750, 10431, 1, 4096, 0
2750, 7990, 1, 4096, 0
2750, 5458, 1, 4096, 0
2751, 11223, 1, 4096, 0
2751, 10093, 1, 4096, 0
2751, 9623, 1, 4096, 0
2751, 4299, 1, 4096, 0
2752, 6833, 1, 4096, 0
2752, 6063, 1, 4096, 0
2753, 8631, 1, 4096, 0
2753, 14747, 1, 4096, 0
2753, 10556, 1, 4096, 0
2754, 11268, 1, 4096, 0
2754, 10730, 1, 4096, 0
2754, 8668, 1, 4096, 0
2755, 9644, 1, 4096, 0
2756, 4822, 1, 4096, 0
2756, 3942, 1, 4096, 0
2757, 8131, 1, 4096, 0
2757, 3990, 1, 4096, 0
2757, 8693, 1, 4096, 0
2758, 6818, 1, 4096, 0
2758, 5358, 1, 4096, 0
2758, 11723, 1, 4096, 0
2759, 8600, 1, 4096, 0
2759, 4487, 1, 4096, 0
2759, 7824, 1, 4096, 0
2760, 8035, 1, 4096, 0
2760, 4177, 1, 4096, 0
2760, 9090, 1, 4096, 0
2761, 10266, 1, 4096, 0
2761, 3343, 1, 4096, 0
2761, 9987, 1, 4096, 0
2762, 7222, 1, 4096, 0
2762, 8239, 1, 4096, 0
2763, 7344, 1, 4096, 0
2763, 11064, 1, 4096, 0
2763, 3513, 1, 4096, 0
2764, 6474, 1, 4096, 0
2764, 8454, 1, 4096, 0
2764, 4861, 1, 4096, 0
2765, 6419, 1, 4096, 0
2765, 7271, 1, 4096, 0
2765, 5855, 1, 4096, 0
2766, 7961, 1, 4096, 0
2766, 8456, 1, 4096, 0
2767, 9572, 1, 4096, 0
2768, 9018, 1, 4096, 0
2768, 8825, 1, 4096, 0
2769, 7551, 1, 4096, 0
2769, 18640, 1, 4096, 0
2769, 5999, 1, 4096, 0
2770, 6578, 1, 4096, 0
2770, 7326, 1, 4096, 0
2770, 7062, 1, 4096, 0
2770, 10870, 1, 4096, 0
2771, 8302, 1, 4096, 0
2771, 9603, 1, 4096, 0
2772, 5160, 1, 4096, 0
2773, 14480, 1, 4096, 0
2773, 2083, 1, 4096, 0
2773, 3294, 1, 4096, 0
2774, 9172, 1, 4096, 0
2774, 10212, 1, 4096, 0
2774, 5588, 1, 4096, 0
2775, 7842, 1, 4096, 0
2775, 6459, 1, 4096, 0
2775, 4750, 1, 4096, 0
2776, 26397, 1, 4096, 0
2776, 10164, 1, 4096, 0
2776, 4383, 1, 4096, 0
2777, 12689, 1, 4096, 0
2777, 4216, 1, 4096, 0
2777, 6508, 1, 4096, 0
2778, 8591, 1, 4096, 0
2778, 5156, 1, 4096, 0
2778, 9300, 1, 4096, 0
2779, 9319, 1, 4096, 0
2779, 11166, 1, 4096, 0
2779, 7666, 1, 4096, 0
2780, 8756, 1, 4096, 0
2780, 4031, 1, 4096, 0
2780, 7813, 1, 4096, 0
2781, 5125, 1, 4096, 0
2781, 6203, 1, 4096, 0
2781, 9107, 1, 4096, 0
2782, 8482, 1, 4096, 0
2782, 7557, 1, 4096, 0
2782, 5171, 1, 4096, 0
2783, 6730, 1, 4096, 0
2783, 7700, 1, 4096, 0
2783, 4113, 1, 4096, 0
2784, 8178, 1, 4096, 0
2785, 9822, 1, 4096, 0
2785, 4007, 1, 4096, 0
2785, 5565, 1, 4096, 0
2786, 10236, 1, 4096, 0
2786, 7627, 1, 4096, 0
2786, 7283, 1, 4096, 0
2787, 7646, 1, 4096, 0
2787, 9101, 1, 4096, 0
2787, 8769, 1, 4096, 0
2788, 10495, 1, 4096, 0
2789, 5489, 1, 4096, 0
2789, 10538, 1, 4096, 0
2789, 9191, 1, 4096, 0
2789, 7515, 1, 4096, 0
2790, 11350, 1, 4096, 0
2790, 7875, 1, 4096, 0
2791, 9238, 1, 4096, 0
2791, 9365, 1, 4096, 0
2791, 8270, 1, 4096, 0
2792, 8433, 1, 4096, 0
2792, 15431, 1, 4096, 0
2793, 8765, 1, 4096, 0
2793, 8726, 1, 4096, 0
2793, 4578, 1, 4096, 0
2794, 8965, 1, 4096, 0
2794, 11142, 1, 4096, 0
2794, 5578, 1, 4096, 0
2795, 8553, 1, 4096, 0
2795, 4643, 1, 4096, 0
2795, 8783, 1, 4096, 0
2796, 10198, 1, 4096, 0
2796, 5129, 1, 4096, 0
2796, 6148, 1, 4096, 0
2797, 11057, 1, 4096, 0
2797, 8029, 1, 4096, 0
2798, 8110, 1, 4096, 0
2798, 5233, 1, 4096, 0
2799, 10025, 1, 4096, 0
2799, 5849, 1, 4096, 0
2799, 9257, 1, 4096, 0
2800, 10019, 1, 4096, 0
2800, 3478, 1, 4096, 0
2800, 3332, 1, 4096, 0
2801, 10812, 1, 4096, 0
2802, 8696, 1, 4096, 0
2802, 9558, 1, 4096, 0
2803, 5015, 1, 4096, 0
2803, 3994, 1, 4096, 0
2803, 6937, 1, 4096, 0
2804, 3700, 1, 4096, 0
2804, 7006, 1, 4096, 0
2804, 7943, 1, 4096, 0
2806, 8153, 1, 4096, 0
2806, 9875, 1, 4096, 0
2806, 9673, 1, 4096, 0
2807, 8987, 1, 4096, 0
2807, 6071, 1, 4096, 0
2807, 13057, 1, 4096, 0
2808, 6624, 1, 4096, 0
2808, 11308, 1, 4096, 0
2809, 8461, 1, 4096, 0
2809, 5114, 1, 4096, 0
2809, 10025, 1, 4096, 0
2810, 5980, 1, 4096, 0
2810, 8756, 1, 4096, 0
2811, 8300, 1, 4096, 0
2811, 10410, 1, 4096, 0
2811, 3778, 1, 4096, 0
2812, 8145, 1, 4096, 0
2812, 5521, 1, 4096, 0
2812, 11646, 1, 4096, 0
2813, 10721, 1, 4096, 0
2813, 10043, 1, 4096, 0
2813, 7086, 1, 4096, 0
2814, 5561, 1, 4096, 0
2814, 6845, 1, 4096, 0
2814, 9214, 1, 4096, 0
2815, 13231, 1, 4096, 0
2815, 8058, 1, 4096, 0
2816, 7985, 1, 4096, 0
2816, 6874, 1, 4096, 0
2816, 4235, 1, 4096, 0
2817, 11356, 1, 4096, 0
2817, 3802, 1, 4096, 0
2817, 5140, 1, 4096, 0
2818, 9939, 1, 4096, 0
2818, 4379, 1, 4096, 0
2818, 6716, 1, 4096, 0
2819, 11938, 1, 4096, 0
2819, 10843, 1, 4096, 0
2820, 10448, 1, 4096, 0
2820, 5830, 1, 4096, 0
2820, 4119, 1, 4096, 0
2821, 5315, 1, 4096, 0
2821, 6186, 1, 4096, 0
2821, 2799, 1, 4096, 0
2822, 9734, 1, 4096, 0
2822, 11596, 1, 4096, 0
2822, 5585, 1, 4096, 0
2822, 7781, 1, 4096, 0
2823, 10081, 1, 4096, 0
2823, 3515, 1, 4096, 0
2824, 6934, 1, 4096, 0
2824, 10581, 1, 4096, 0
2824, 9577, 1, 4096, 0
2825, 6466, 1, 4096, 0
2825, 10359, 1, 4096, 0
2826, 9151, 1, 4096, 0
2826, 5408, 1, 4096, 0
2827, 9793, 1, 4096, 0
2827, 6894, 1, 4096, 0
2827, 6041, 1, 4096, 0
2828, 9997, 1, 4096, 0
2828, 11495, 1, 4096, 0
2829, 4353, 1, 4096, 0
2829, 12480, 1, 4096, 0
2830, 7837, 1, 4096, 0
2830, 7940, 1, 4096, 0
2830, 6130, 1, 4096, 0
2831, 4970, 1, 4096, 0
2831, 8051, 1, 4096, 0
2831, 8827, 1, 4096, 0
2832, 10000, 1, 4096, 0
2832, 11596, 1, 4096, 0
2832, 5120, 1, 4096, 0
2833, 12310, 1, 4096, 0
2833, 7777, 1, 4096, 0
2833, 7085, 1, 4096, 0
2834, 10416, 1, 4096, 0
2834, 9001, 1, 4096, 0
2834, 10547, 1, 4096, 0
2835, 7933, 1, 4096, 0
2835, 8981, 1, 4096, 0
2836, 12154, 1, 4096, 0
2836, 5865, 1, 4096, 0
2837, 8231, 1, 4096, 0
2837, 7028, 1, 4096, 0
2837, 8477, 1, 4096, 0
2838, 8191, 1, 4096, 0
2839, 5274, 1, 4096, 0
2839, 4243, 1, 4096, 0
2839, 5182, 1, 4096, 0
2840, 7081, 1, 4096, 0
2840, 5794, 1, 4096, 0
2840, 9865, 1, 4096, 0
2840, 13894, 1, 4096, 0
2841, 5578, 1, 4096, 0
2841, 9581, 1, 4096, 0
2842, 8540, 1, 4096, 0
2842, 10311, 1, 4096, 0
2842, 5264, 1, 4096, 0
2843, 8571, 1, 4096, 0
2843, 6539, 1, 4096, 0
2843, 5890, 1, 4096, 0
2844, 5299, 1, 4096, 0
2844, 5492, 1, 4096, 0
2844, 10937, 1, 4096, 0
2845, 9451, 1, 4096, 0
2845, 3789, 1, 4096, 0
2845, 6422, 1, 4096, 0
2846, 9444, 1, 4096, 0
2846, 6562, 1, 4096, 0
2846, 11181, 1, 4096, 0
2847, 9333, 1, 4096, 0
2847, 5142, 1, 4096, 0
2848, 5674, 1, 4096, 0
2848, 11991, 1, 4096, 0
2848, 3698, 1, 4096, 0
2849, 11373, 1, 4096, 0
2849, 4588, 1, 4096, 0
2849, 11190, 1, 4096, 0
2850, 10918, 1, 4096, 0
2850, 6798, 1, 4096, 0
2851, 5190, 1, 4096, 0
2851, 19217, 1, 4096, 0
2852, 9303, 1, 4096, 0
2852, 9316, 1, 4096, 0
2853, 9117, 1, 4096, 0
2853, 2502, 1, 4096, 0
2853, 9223, 1, 4096, 0
2854, 9332, 1, 4096, 0
2854, 5614, 1, 4096, 0
2854, 5858, 1, 4096, 0
2855, 9934, 1, 4096, 0
2856, 6998, 1, 4096, 0
2856, 8522, 1, 4096, 0
2856, 4946, 1, 4096, 0
2857, 7709, 1, 4096, 0
2857, 16038, 1, 4096, 0
2857, 5757, 1, 4096, 0
2858, 7571, 1, 4096, 0
2858, 9377, 1, 4096, 0
2859, 8574, 1, 4096, 0
2859, 11383, 1, 4096, 0
2859, 8787, 1, 4096, 0
2860, 8590, 1, 4096, 0
2860, 4550, 1, 4096, 0
2860, 5044, 1, 4096, 0
2861, 7143, 1, 4096, 0
2861, 9006, 1, 4096, 0
2861, 8188, 1, 4096, 0
2862, 7362, 1, 4096, 0
2862, 6218, 1, 4096, 0
2863, 6887, 1, 4096, 0
2863, 9270, 1, 4096, 0
2864, 9824, 1, 4096, 0
2864, 5582, 1, 4096, 0
2865, 5222, 1, 4096, 0
2865, 6294, 1, 4096, 0
2865, 9734, 1, 4096, 0
2866, 8621, 1, 4096, 0
2866, 9233, 1, 4096, 0
2867, 7051, 1, 4096, 0
2867, 9435, 1, 4096, 0
2867, 8949, 1, 4096, 0
2868, 9846, 1, 4096, 0
2868, 8936, 1, 4096, 0
2868, 3787, 1, 4096, 0
2869, 8629, 1, 4096, 0
2869, 9223, 1, 4096, 0
2869, 6360, 1, 4096, 0
2870, 9256, 1, 4096, 0
2870, 9140, 1, 4096, 0
2870, 3053, 1, 4096, 0
2871, 8363, 1, 4096, 0
2871, 8325, 1, 4096, 0
2871, 4282, 1, 4096, 0
2872, 8808, 1, 4096, 0
2872, 9029, 1, 4096, 0
2872, 2823, 1, 4096, 0
2873, 7138, 1, 4096, 0
2873, 10732, 1, 4096, 0
2874, 8968, 1, 4096, 0
2874, 7351, 1, 4096, 0
2875, 8893, 1, 4096, 0
2875, 3900, 1, 4096, 0
2875, 9564, 1, 4096, 0
2876, 4623, 1, 4096, 0
2876, 7228, 1, 4096, 0
2876, 6956, 1, 4096, 0
2877, 6141, 1, 4096, 0
2877, 4833, 1, 4096, 0
2877, 4087, 1, 4096, 0
2878, 9251, 1, 4096, 0
2878, 2360, 1, 4096, 0
2878, 6802, 1, 4096, 0
2879, 6449, 1, 4096, 0
2879, 3321, 1, 4096, 0
2880, 8895, 1, 4096, 0
2880, 7234, 1, 4096, 0
2881, 8796, 1, 4096, 0
2881, 8873, 1, 4096, 0
2881, 5458, 1, 4096, 0
2882, 4143, 1, 4096, 0
2882, 16438, 1, 4096, 0
2882, 9674, 1, 4096, 0
2883, 12529, 1, 4096, 0
2883, 7583, 1, 4096, 0
2883, 6174, 1, 4096, 0
2884, 8040, 1, 4096, 0
2884, 4209, 1, 4096, 0
2884, 5929, 1, 4096, 0
2885, 6452, 1, 4096, 0
2885, 9135, 1, 4096, 0
2885, 4450, 1, 4096, 0
2886, 8985, 1, 4096, 0
2886, 6799, 1, 4096, 0
2886, 8706, 1, 4096, 0
2887, 9923, 1, 4096, 0
2887, 7950, 1, 4096, 0
2888, 8281, 1, 4096, 0
2888, 9718, 1, 4096, 0
2888, 4895, 1, 4096, 0
2888, 6909, 1, 4096, 0
2889, 9176, 1, 4096, 0
2889, 3590, 1, 4096, 0
2889, 9774, 1, 4096, 0
2890, 5774, 1, 4096, 0
2890, 4150, 1, 4096, 0
2890, 8462, 1, 4096, 0
2891, 10035, 1, 4096, 0
2891, 6677, 1, 4096, 0
2891, 8270, 1, 4096, 0
2892, 8758, 1, 4096, 0
2892, 3264, 1, 4096, 0
2892, 4523, 1, 4096, 0
2893, 10487, 1, 4096, 0
2894, 6688, 1, 4096, 0
2894, 4893, 1, 4096, 0
2894, 9129, 1, 4096, 0
2895, 3349, 1, 4096, 0
2895, 5876, 1, 4096, 0
2896, 9264, 1, 4096, 0
2896, 4940, 1, 4096, 0
2897, 4790, 1, 4096, 0
2897, 2241, 1, 4096, 0
2897, 5134, 1, 4096, 0
2898, 11133, 1, 4096, 0
2898, 5220, 1, 4096, 0
2898, 4886, 1, 4096, 0
2899, 9410, 1, 4096, 0
2899, 5486, 1, 4096, 0
2900, 6132, 1, 4096, 0
2900, 10048, 1, 4096, 0
2901, 6313, 1, 4096, 0
2901, 4836, 1, 4096, 0
2902, 9498, 1, 4096, 0
2902, 5563, 1, 4096, 0
2902, 9934, 1, 4096, 0
2903, 4979, 1, 4096, 0
2903, 3996, 1, 4096, 0
2903, 4912, 1, 4096, 0
2904, 10338, 1, 4096, 0
2904, 8061, 1, 4096, 0
2904, 5361, 1, 4096, 0
2905, 9234, 1, 4096, 0
2905, 2448, 1, 4096, 0
2905, 9602, 1, 4096, 0
2906, 10589, 1, 4096, 0
2906, 6685, 1, 4096, 0
2906, 9582, 1, 4096, 0
2907, 9225, 1, 4096, 0
2908, 4761, 1, 4096, 0
2908, 8454, 1, 4096, 0
2908, 5788, 1, 4096, 0
2908, 8711, 1, 4096, 0
2909, 8851, 1, 4096, 0
2909, 4854, 1, 4096, 0
2910, 9620, 1, 4096, 0
2910, 7744, 1, 4096, 0
2910, 2727, 1, 4096, 0
2911, 6881, 1, 4096, 0
2911, 12499, 1, 4096, 0
2911, 7487, 1, 4096, 0
2912, 6863, 1, 4096, 0
2912, 17119, 1, 4096, 0
2912, 7529, 1, 4096, 0
2913, 6089, 1, 4096, 0
2913, 8018, 1, 4096, 0
2914, 6939, 1, 4096, 0
2914, 7378, 1, 4096, 0
2914, 6595, 1, 4096, 0
2915, 6234, 1, 4096, 0
2915, 7781, 1, 4096, 0
2915, 7340, 1, 4096, 0
2916, 19548, 1, 4096, 0
2916, 9650, 1, 4096, 0
2916, 8205, 1, 4096, 0
2917, 9253, 1, 4096, 0
2917, 9806, 1, 4096, 0
2918, 9111, 1, 4096, 0
2918, 5068, 1, 4096, 0
2918, 7183, 1, 4096, 0
2919, 10563, 1, 4096, 0
2919, 9888, 1, 4096, 0
2919, 5964, 1, 4096, 0
2920, 7838, 1, 4096, 0
2920, 2331, 1, 4096, 0
2921, 8447, 1, 4096, 0
2921, 9530, 1, 4096, 0
2921, 7131, 1, 4096, 0
2921, 6414, 1, 4096, 0
2922, 8071, 1, 4096, 0
2922, 9702, 1, 4096, 0
2923, 5170, 1, 4096, 0
2923, 9099, 1, 4096, 0
2924, 11360, 1, 4096, 0
2924, 10392, 1, 4096, 0
2924, 8716, 1, 4096, 0
2925, 6017, 1, 4096, 0
2925, 8563, 1, 4096, 0
2926, 10449, 1, 4096, 0
2926, 3352, 1, 4096, 0
2926, 9031, 1, 4096, 0
2927, 8623, 1, 4096, 0
2927, 7994, 1, 4096, 0
2927, 8642, 1, 4096, 0
2928, 6763, 1, 4096, 0
2928, 6182, 1, 4096, 0
2928, 5708, 1, 4096, 0
2929, 5633, 1, 4096, 0
2929, 8396, 1, 4096, 0
2930, 9870, 1, 4096, 0
2930, 8501, 1, 4096, 0
2930, 6908, 1, 4096, 0
2931, 10438, 1, 4096, 0
2931, 8541, 1, 4096, 0
2931, 10073, 1, 4096, 0
2932, 5868, 1, 4096, 0
2932, 14428, 1, 4096, 0
2932, 8016, 1, 4096, 0
2933, 4969, 1, 4096, 0
2933, 5854, 1, 4096, 0
2933, 10626, 1, 4096, 0
2934, 7575, 1, 4096, 0
2934, 5113, 1, 4096, 0
2934, 6008, 1, 4096, 0
2935, 5264, 1, 4096, 0
2935, 3608, 1, 4096, 0
2935, 5093, 1, 4096, 0
2936, 10883, 1, 4096, 0
2936, 10420, 1, 4096, 0
2936, 5426, 1, 4096, 0
2937, 12450, 1, 4096, 0
2937, 8788, 1, 4096, 0
2937, 5759, 1, 4096, 0
2938, 9399, 1, 4096, 0
2938, 10559, 1, 4096, 0
2939, 9524, 1, 4096, 0
2939, 8300, 1, 4096, 0
2940, 8946, 1, 4096, 0
2940, 10485, 1, 4096, 0
2940, 8307, 1, 4096, 0
2940, 8336, 1, 4096, 0
2941, 8705, 1, 4096, 0
2941, 7679, 1, 4096, 0
2942, 6393, 1, 4096, 0
2942, 9359, 1, 4096, 0
2942, 7902, 1, 4096, 0
2943, 8404, 1, 4096, 0
2943, 6543, 1, 4096, 0
2943, 3867, 1, 4096, 0
2944, 5466, 1, 4096, 0
2945, 10265, 1, 4096, 0
2945, 10548, 1, 4096, 0
2945, 9134, 1, 4096, 0
2945, 6023, 1, 4096, 0
2946, 8389, 1, 4096, 0
2946, 8950, 1, 4096, 0
2947, 8601, 1, 4096, 0
2947, 10470, 1, 4096, 0
2947, 7686, 1, 4096, 0
2948, 6679, 1, 4096, 0
2948, 5946, 1, 4096, 0
2949, 11263, 1, 4096, 0
2949, 5630, 1, 4096, 0
2949, 9395, 1, 4096, 0
2949, 4382, 1, 4096, 0
2950, 10974, 1, 4096, 0
2950, 4965, 1, 4096, 0
2950, 2658, 1, 4096, 0
2952, 9211, 1, 4096, 0
2952, 6292, 1, 4096, 0
2952, 9733, 1, 4096, 0
2952, 8728, 1, 4096, 0
2953, 4354, 1, 4096, 0
2953, 10055, 1, 4096, 0
2954, 7344, 1, 4096, 0
2954, 11120, 1, 4096, 0
2955, 9716, 1, 4096, 0
2955, 15791, 1, 4096, 0
2956, 6943, 1, 4096, 0
2956, 6829, 1, 4096, 0
2956, 7456, 1, 4096, 0
2957, 6943, 1, 4096, 0
2957, 7248, 1, 4096, 0
2957, 8542, 1, 4096, 0
2958, 6125, 1, 4096, 0
2958, 2275, 1, 4096, 0
2958, 9144, 1, 4096, 0
2959, 4347, 1, 4096, 0
2959, 8489, 1, 4096, 0
2959, 10493, 1, 4096, 0
2960, 10383, 1, 4096, 0
2960, 5847, 1, 4096, 0
2960, 7480, 1, 4096, 0
2961, 7371, 1, 4096, 0
2961, 8754, 1, 4096, 0
2961, 6584, 1, 4096, 0
2962, 7156, 1, 4096, 0
2962, 8180, 1, 4096, 0
2962, 9068, 1, 4096, 0
2963, 9064, 1, 4096, 0
2963, 11063, 1, 4096, 0
2964, 9861, 1, 4096, 0
2964, 7637, 1, 4096, 0
2964, 7691, 1, 4096, 0
2965, 7010, 1, 4096, 0
2965, 6937, 1, 4096, 0
2966, 6347, 1, 4096, 0
2966, 12876, 1, 4096, 0
2966, 5182, 1, 4096, 0
2967, 6820, 1, 4096, 0
2967, 5546, 1, 4096, 0
2967, 12308, 1, 4096, 0
2968, 10338, 1, 4096, 0
2968, 4415, 1, 4096, 0
2968, 5236, 1, 4096, 0
2969, 10995, 1, 4096, 0
2970, 10151, 1, 4096, 0
2970, 4884, 1, 4096, 0
2970, 9658, 1, 4096, 0
2971, 10056, 1, 4096, 0
2971, 9311, 1, 4096, 0
2972, 9112, 1, 4096, 0
2972, 5766, 1, 4096, 0
2972, 10578, 1, 4096, 0
2972, 10116, 1, 4096, 0
2973, 7697, 1, 4096, 0
2973, 6596, 1, 4096, 0
2974, 4909, 1, 4096, 0
2974, 6386, 1, 4096, 0
2974, 4872, 1, 4096, 0
2975, 7937, 1, 4096, 0
2975, 9751, 1, 4096, 0
2975, 5976, 1, 4096, 0
2976, 6305, 1, 4096, 0
2976, 7704, 1, 4096, 0
2977, 5958, 1, 4096, 0
2977, 8379, 1, 4096, 0
2977, 9577, 1, 4096, 0
2978, 7540, 1, 4096, 0
2978, 3533, 1, 4096, 0
2978, 9210, 1, 4096, 0
2979, 8967, 1, 4096, 0
2979, 3472, 1, 4096, 0
2979, 7856, 1, 4096, 0
2980, 8954, 1, 4096, 0
2980, 4270, 1, 4096, 0
2981, 4613, 1, 4096, 0
2981, 8739, 1, 4096, 0
2982, 8039, 1, 4096, 0
2982, 4780, 1, 4096, 0
2982, 8393, 1, 4096, 0
2983, 6034, 1, 4096, 0
2983, 4196, 1, 4096, 0
2983, 4591, 1, 4096, 0
2984, 6325, 1, 4096, 0
2984, 6705, 1, 4096, 0
2985, 7124, 1, 4096, 0
2985, 3387, 1, 4096, 0
2986, 11360, 1, 4096, 0
2987, 9003, 1, 4096, 0
2987, 7643, 1, 4096, 0
2988, 8009, 1, 4096, 0
2988, 9336, 1, 4096, 0
2989, 9533, 1, 4096, 0
2989, 10362, 1, 4096, 0
2990, 8328, 1, 4096, 0
2990, 4091, 1, 4096, 0
2990, 8349, 1, 4096, 0
2990, 6237, 1, 4096, 0
2991, 4959, 1, 4096, 0
2991, 10701, 1, 4096, 0
2992, 20539, 1, 4096, 0
2992, 10038, 1, 4096, 0
2993, 8870, 1, 4096, 0
2993, 9802, 1, 4096, 0
2993, 5389, 1, 4096, 0
2994, 7899, 1, 4096, 0
2994, 6171, 1, 4096, 0
2994, 5139, 1, 4096, 0
2995, 10030, 1, 4096, 0
2995, 10724, 1, 4096, 0
2995, 4137, 1, 4096, 0
2996, 12328, 1, 4096, 0
2996, 10865, 1, 4096, 0
2997, 8410, 1, 4096, 0
2997, 2504, 1, 4096, 0
2997, 7999, 1, 4096, 0
2999, 9080, 1, 4096, 0
2999, 8987, 1, 4096, 0
2999, 7550, 1, 4096, 0
3000, 9099, 1, 4096, 0
3000, 12961, 1, 4096, 0
3000, 5468, 1, 4096, 0
3001, 8922, 1, 4096, 0
3001, 5335, 1, 4096, 0
3001, 8178, 1, 4096, 0
3002, 7206, 1, 4096, 0
3002, 7839, 1, 4096, 0
3003, 13328, 1, 4096, 0
3003, 4644, 1, 4096, 0
3003, 9847, 1, 4096, 0
3004, 10328, 1, 4096, 0
3004, 9859, 1, 4096, 0
3004, 9846, 1, 4096, 0
3005, 11072, 1, 4096, 0
3005, 9062, 1, 4096, 0
3006, 10188, 1, 4096, 0
3006, 7222, 1, 4096, 0
3006, 9569, 1, 4096, 0
3007, 9314, 1, 4096, 0
3007, 5702, 1, 4096, 0
3007, 8192, 1, 4096, 0
3008, 7364, 1, 4096, 0
3008, 10625, 1, 4096, 0
3009, 8915, 1, 4096, 0
3009, 6387, 1, 4096, 0
3009, 6816, 1, 4096, 0
3009, 7310, 1, 4096, 0
3010, 8124, 1, 4096, 0
3010, 10021, 1, 4096, 0
3010, 5260, 1, 4096, 0
3011, 11609, 1, 4096, 0
3011, 8617, 1, 4096, 0
3012, 8710, 1, 4096, 0
3012, 11727, 1, 4096, 0
3013, 10591, 1, 4096, 0
3014, 5847, 1, 4096, 0
3014, 11787, 1, 4096, 0
3014, 10224, 1, 4096, 0
3015, 7483, 1, 4096, 0
3015, 10755, 1, 4096, 0
3015, 10258, 1, 4096, 0
3015, 4431, 1, 4096, 0
3016, 8335, 1, 4096, 0
3017, 10038, 1, 4096, 0
3017, 7382, 1, 4096, 0
3017, 7690, 1, 4096, 0
3018, 7363, 1, 4096, 0
3018, 5590, 1, 4096, 0
3019, 10460, 1, 4096, 0
3019, 6413, 1, 4096, 0
3019, 10020, 1, 4096, 0
3019, 8656, 1, 4096, 0
3020, 4706, 1, 4096, 0
3020, 11740, 1, 4096, 0
3020, 3223, 1, 4096, 0
3021, 9124, 1, 4096, 0
3021, 9684, 1, 4096, 0
3022, 8806, 1, 4096, 0
3022, 6615, 1, 4096, 0
3023, 8279, 1, 4096, 0
3023, 12906, 1, 4096, 0
3024, 9791, 1, 4096, 0
3024, 7384, 1, 4096, 0
3024, 7821, 1, 4096, 0
3025, 11044, 1, 4096, 0
3025, 4828, 1, 4096, 0
3026, 7623, 1, 4096, 0
3026, 10268, 1, 4096, 0
3026, 2198, 1, 4096, 0
3027, 7070, 1, 4096, 0
3027, 10505, 1, 4096, 0
3027, 6706, 1, 4096, 0
3028, 7713, 1, 4096, 0
3028, 6210, 1, 4096, 0
3028, 8557, 1, 4096, 0
3029, 6182, 1, 4096, 0
3029, 7511, 1, 4096, 0
3029, 8607, 1, 4096, 0
3030, 6905, 1, 4096, 0
3030, 8006, 1, 4096, 0
3030, 6368, 1, 4096, 0
3031, 4312, 1, 4096, 0
3031, 6804, 1, 4096, 0
3031, 4935, 1, 4096, 0
3032, 9985, 1, 4096, 0
3032, 5851, 1, 4096, 0
3032, 9349, 1, 4096, 0
3033, 10803, 1, 4096, 0
3033, 6781, 1, 4096, 0
3034, 6343, 1, 4096, 0
3034, 9319, 1, 4096, 0
3035, 7093, 1, 4096, 0
3036, 6054, 1, 4096, 0
3036, 8386, 1, 4096, 0
3036, 5279, 1, 4096, 0
3037, 10025, 1, 4096, 0
3037, 10825, 1, 4096, 0
3037, 6402, 1, 4096, 0
3038, 6846, 1, 4096, 0
3038, 4240, 1, 4096, 0
3038, 4626, 1, 4096, 0
3039, 5085, 1, 4096, 0
3039, 3304, 1, 4096, 0
3039, 10622, 1, 4096, 0
3040, 6959, 1, 4096, 0
3040, 2222, 1, 4096, 0
3041, 12796, 1, 4096, 0
3041, 4159, 1, 4096, 0
3041, 3407, 1, 4096, 0
3042, 9142, 1, 4096, 0
3042, 6300, 1, 4096, 0
3042, 8423, 1, 4096, 0
3043, 10472, 1, 4096, 0
3043, 9020, 1, 4096, 0
3043, 9325, 1, 4096, 0
3044, 8213, 1, 4096, 0
3044, 5924, 1, 4096, 0
3044, 4522, 1, 4096, 0
3045, 9869, 1, 4096, 0
3045, 3198, 1, 4096, 0
3045, 3554, 1, 4096, 0
3047, 7993, 1, 4096, 0
3047, 2080, 1, 4096, 0
3047, 8211, 1, 4096, 0
3047, 7356, 1, 4096, 0
3047, 3521, 1, 4096, 0
3048, 9278, 1, 4096, 0
3048, 6512, 1, 4096, 0
3049, 5915, 1, 4096, 0
3049, 3893, 1, 4096, 0
3049, 3787, 1, 4096, 0
3050, 10813, 1, 4096, 0
3050, 9217, 1, 4096, 0
3051, 10289, 1, 4096, 0
3051, 9618, 1, 4096, 0
3051, 3949, 1, 4096, 0
3052, 7282, 1, 4096, 0
3052, 6870, 1, 4096, 0
3052, 4199, 1, 4096, 0
3053, 5517, 1, 4096, 0
3053, 4080, 1, 4096, 0
3053, 8718, 1, 4096, 0
3054, 5811, 1, 4096, 0
3054, 4341, 1, 4096, 0
3054, 8073, 1, 4096, 0
3055, 6681, 1, 4096, 0
3055, 4951, 1, 4096, 0
3055, 4212, 1, 4096, 0
3056, 5604, 1, 4096, 0
3056, 4933, 1, 4096, 0
3057, 10746, 1, 4096, 0
3057, 5032, 1, 4096, 0
3057, 6395, 1, 4096, 0
3058, 10388, 1, 4096, 0
3058, 6520, 1, 4096, 0
3059, 11981, 1, 4096, 0
3059, 5427, 1, 4096, 0
3059, 4975, 1, 4096, 0
3060, 7337, 1, 4096, 0
3061, 9062, 1, 4096, 0
3061, 5364, 1, 4096, 0
3062, 8670, 1, 4096, 0
3062, 6024, 1, 4096, 0
3062, 6271, 1, 4096, 0
3063, 7745, 1, 4096, 0
3063, 12233, 1, 4096, 0
3063, 8420, 1, 4096, 0
3064, 8771, 1, 4096, 0
3064, 4474, 1, 4096, 0
3064, 7953, 1, 4096, 0
3065, 9901, 1, 4096, 0
3065, 6410, 1, 4096, 0
3065, 7708, 1, 4096, 0
3066, 11506, 1, 4096, 0
3067, 7198, 1, 4096, 0
3067, 2704, 1, 4096, 0
3067, 3962, 1, 4096, 0
3068, 4428, 1, 4096, 0
3068, 10922, 1, 4096, 0
3068, 7802, 1, 4096, 0
3069, 6472, 1, 4096, 0
3069, 10428, 1, 4096, 0
3070, 5947, 1, 4096, 0
3070, 1929, 1, 4096, 0
3070, 9990, 1, 4096, 0
3071, 6539, 1, 4096, 0
3071, 9894, 1, 4096, 0
3071, 7962, 1, 4096, 0
3072, 9125, 1, 4096, 0
3072, 2798, 1, 4096, 0
3072, 2818, 1, 4096, 0
3073, 9277, 1, 4096, 0
3073, 5180, 1, 4096, 0
3074, 9233, 1, 4096, 0
3074, 10189, 1, 4096, 0
3074, 4147, 1, 4096, 0
3075, 6674, 1, 4096, 0
3075, 10798, 1, 4096, 0
3076, 8591, 1, 4096, 0
3076, 9262, 1, 4096, 0
3077, 7372, 1, 4096, 0
3077, 3541, 1, 4096, 0
3077, 6983, 1, 4096, 0
3078, 10738, 1, 4096, 0
3078, 6391, 1, 4096, 0
3078, 8918, 1, 4096, 0
3079, 10789, 1, 4096, 0
3079, 10801, 1, 4096, 0
3079, 7948, 1, 4096, 0
3080, 11124, 1, 4096, 0
3080, 3418, 1, 4096, 0
3081, 8264, 1, 4096, 0
3081, 9357, 1, 4096, 0
3081, 7547, 1, 4096, 0
3082, 10306, 1, 4096, 0
3083, 5412, 1, 4096, 0
3083, 5080, 1, 4096, 0
3083, 6123, 1, 4096, 0
3084, 5615, 1, 4096, 0
3084, 6346, 1, 4096, 0
3084, 6870, 1, 4096, 0
3086, 10106, 1, 4096, 0
3086, 8847, 1, 4096, 0
3086, 8805, 1, 4096, 0
3087, 6740, 1, 4096, 0
3087, 7734, 1, 4096, 0
3087, 4010, 1, 4096, 0
3088, 9365, 1, 4096, 0
3088, 7107, 1, 4096, 0
3088, 9913, 1, 4096, 0
3089, 13383, 1, 4096, 0
3089, 3787, 1, 4096, 0
3089, 7773, 1, 4096, 0
3090, 10123, 1, 4096, 0
3090, 4317, 1, 4096, 0
3091, 12471, 1, 4096, 0
3091, 6380, 1, 4096, 0
3091, 8131, 1, 4096, 0
3092, 12780, 1, 4096, 0
3092, 9705, 1, 4096, 0
3093, 5384, 1, 4096, 0
3093, 8022, 1, 4096, 0
3094, 7523, 1, 4096, 0
3094, 5040, 1, 4096, 0
3094, 7170, 1, 4096, 0
3095, 9279, 1, 4096, 0
3095, 7105, 1, 4096, 0
3095, 9514, 1, 4096, 0
3096, 8228, 1, 4096, 0
3096, 9926, 1, 4096, 0
3096, 6670, 1, 4096, 0
3097, 12244, 1, 4096, 0
3097, 4528, 1, 4096, 0
3098, 12418, 1, 4096, 0
3098, 8269, 1, 4096, 0
3098, 10724, 1, 4096, 0
3099, 7256, 1, 4096, 0
3099, 9303, 1, 4096, 0
3099, 9209, 1, 4096, 0
3100, 8191, 1, 4096, 0
3100, 2391, 1, 4096, 0
3100, 6971, 1, 4096, 0
3101, 8839, 1, 4096, 0
3101, 10922, 1, 4096, 0
3102, 7676, 1, 4096, 0
3102, 12282, 1, 4096, 0
3103, 8103, 1, 4096, 0
3103, 5376, 1, 4096, 0
3103, 9448, 1, 4096, 0
3104, 8836, 1, 4096, 0
3104, 2242, 1, 4096, 0
3104, 6274, 1, 4096, 0
3104, 5442, 1, 4096, 0
3104, 1963, 1, 4096, 0
3105, 10163, 1, 4096, 0
3105, 5899, 1, 4096, 0
3106, 4922, 1, 4096, 0
3106, 9802, 1, 4096, 0
3107, 9399, 1, 4096, 0
3107, 5396, 1, 4096, 0
3107, 6847, 1, 4096, 0
3108, 6015, 1, 4096, 0
3108, 6471, 1, 4096, 0
3109, 6698, 1, 4096, 0
3109, 9667, 1, 4096, 0
3109, 12419, 1, 4096, 0
3110, 9108, 1, 4096, 0
3110, 4904, 1, 4096, 0
3110, 5270, 1, 4096, 0
3111, 11296, 1, 4096, 0
3111, 7118, 1, 4096, 0
3112, 9058, 1, 4096, 0
3112, 10142, 1, 4096, 0
3112, 4733, 1, 4096, 0
3113, 7432, 1, 4096, 0
3113, 9256, 1, 4096, 0
3114, 8081, 1, 4096, 0
3114, 5360, 1, 4096, 0
3114, 6610, 1, 4096, 0
3115, 5323, 1, 4096, 0
3115, 8759, 1, 4096, 0
3116, 8219, 1, 4096, 0
3116, 5215, 1, 4096, 0
3117, 10640, 1, 4096, 0
3117, 9374, 1, 4096, 0
3117, 6974, 1, 4096, 0
3118, 7493, 1, 4096, 0
3118, 7262, 1, 4096, 0
3118, 6645, 1, 4096, 0
3120, 9133, 1, 4096, 0
3120, 10714, 1, 4096, 0
3120, 9343, 1, 4096, 0
3121, 8179, 1, 4096, 0
3121, 10722, 1, 4096, 0
3122, 11360, 1, 4096, 0
3122, 8158, 1, 4096, 0
3123, 5329, 1, 4096, 0
3123, 10547, 1, 4096, 0
3123, 4481, 1, 4096, 0
3124, 6947, 1, 4096, 0
3124, 9528, 1, 4096, 0
3125, 9928, 1, 4096, 0
3125, 8829, 1, 4096, 0
3126, 9892, 1, 4096, 0
3126, 23753, 1, 4096, 0
3126, 10103, 1, 4096, 0
3127, 24624, 1, 4096, 0
3127, 3957, 1, 4096, 0
3128, 7666, 1, 4096, 0
3128, 8373, 1, 4096, 0
3128, 6565, 1, 4096, 0
3129, 9905, 1, 4096, 0
3129, 8243, 1, 4096, 0
3130, 10353, 1, 4096, 0
3130, 5611, 1, 4096, 0
3130, 7653, 1, 4096, 0
3131, 9151, 1, 4096, 0
3131, 7638, 1, 4096, 0
3131, 4063, 1, 4096, 0
3132, 12401, 1, 4096, 0
3132, 7143, 1, 4096, 0
3133, 9072, 1, 4096, 0
3133, 5806, 1, 4096, 0
3133, 5048, 1, 4096, 0
3134, 9307, 1, 4096, 0
3134, 7434, 1, 4096, 0
3135, 5006, 1, 4096, 0
3135, 10625, 1, 4096, 0
3135, 9251, 1, 4096, 0
3136, 7186, 1, 4096, 0
3136, 8486, 1, 4096, 0
3136, 8272, 1, 4096, 0
3137, 5175, 1, 4096, 0
3137, 8090, 1, 4096, 0
3138, 7126, 1, 4096, 0
3139, 8715, 1, 4096, 0
3139, 3351, 1, 4096, 0
3139, 5474, 1, 4096, 0
3140, 5467, 1, 4096, 0
3140, 5208, 1, 4096, 0
3140, 12058, 1, 4096, 0
3141, 6727, 1, 4096, 0
3141, 4735, 1, 4096, 0
3142, 6734, 1, 4096, 0
3142, 4528, 1, 4096, 0
3142, 4164, 1, 4096, 0
3143, 9937, 1, 4096, 0
3143, 7867, 1, 4096, 0
3143, 3017, 1, 4096, 0
3144, 9448, 1, 4096, 0
3144, 3122, 1, 4096, 0
3144, 10313, 1, 4096, 0
3145, 10768, 1, 4096, 0
3145, 3524, 1, 4096, 0
3145, 7218, 1, 4096, 0
3146, 7093, 1, 4096, 0
3146, 3784, 1, 4096, 0
3147, 10013, 1, 4096, 0
3147, 5846, 1, 4096, 0
3148, 4754, 1, 4096, 0
3148, 5494, 1, 4096, 0
3149, 7053, 1, 4096, 0
3149, 5218, 1, 4096, 0
3149, 6054, 1, 4096, 0
3150, 9414, 1, 4096, 0
3150, 8834, 1, 4096, 0
3150, 9355, 1, 4096, 0
3151, 6427, 1, 4096, 0
3151, 14490, 1, 4096, 0
3151, 5657, 1, 4096, 0
3152, 9111, 1, 4096, 0
3152, 6635, 1, 4096, 0
3153, 8179, 1, 4096, 0
3153, 5614, 1, 4096, 0
3154, 8812, 1, 4096, 0
3154, 8698, 1, 4096, 0
3154, 3490, 1, 4096, 0
3155, 6274, 1, 4096, 0
3155, 8723, 1, 4096, 0
3155, 8623, 1, 4096, 0
3156, 8901, 1, 4096, 0
3156, 9975, 1, 4096, 0
3156, 4590, 1, 4096, 0
3157, 6322, 1, 4096, 0
3157, 4823, 1, 4096, 0
3157, 9672, 1, 4096, 0
3158, 5458, 1, 4096, 0
3158, 9195, 1, 4096, 0
3158, 6033, 1, 4096, 0
3159, 9135, 1, 4096, 0
3159, 5890, 1, 4096, 0
3160, 7507, 1, 4096, 0
3160, 8649, 1, 4096, 0
3160, 6165, 1, 4096, 0
3161, 5893, 1, 4096, 0
3161, 9588, 1, 4096, 0
3162, 4835, 1, 4096, 0
3162, 8083, 1, 4096, 0
3162, 7701, 1, 4096, 0
3163, 4910, 1, 4096, 0
3163, 10590, 1, 4096, 0
3164, 9814, 1, 4096, 0
3164, 10252, 1, 4096, 0
3164, 8567, 1, 4096, 0
3165, 6838, 1, 4096, 0
3165, 8602, 1, 4096, 0
3165, 11934, 1, 4096, 0
3166, 8200, 1, 4096, 0
3166, 8474, 1, 4096, 0
3166, 10160, 1, 4096, 0
3167, 4367, 1, 4096, 0
3167, 5930, 1, 4096, 0
3168, 8632, 1, 4096, 0
3168, 4086, 1, 4096, 0
3168, 9225, 1, 4096, 0
3169, 7650, 1, 4096, 0
3169, 7218, 1, 4096, 0
3169, 6543, 1, 4096, 0
3170, 7300, 1, 4096, 0
3170, 9936, 1, 4096, 0
3170, 8404, 1, 4096, 0
3171, 9833, 1, 4096, 0
3171, 5638, 1, 4096, 0
3172, 5611, 1, 4096, 0
3172, 7191, 1, 4096, 0
3172, 4282, 1, 4096, 0
3173, 6499, 1, 4096, 0
3174, 6960, 1, 4096, 0
3174, 3120, 1, 4096, 0
3175, 6977, 1, 4096, 0
3175, 4633, 1, 4096, 0
3175, 8005, 1, 4096, 0
3176, 8893, 1, 4096, 0
3176, 8684, 1, 4096, 0
3176, 5080, 1, 4096, 0
3177, 9671, 1, 4096, 0
3177, 8297, 1, 4096, 0
3178, 9492, 1, 4096, 0
3178, 7740, 1, 4096, 0
3179, 9852, 1, 4096, 0
3179, 8544, 1, 4096, 0
3179, 11095, 1, 4096, 0
3180, 10694, 1, 4096, 0
3180, 9095, 1, 4096, 0
3180, 4254, 1, 4096, 0
3181, 8383, 1, 4096, 0
3181, 12563, 1, 4096, 0
3181, 7890, 1, 4096, 0
3182, 9787, 1, 4096, 0
3182, 3812, 1, 4096, 0
3182, 6053, 1, 4096, 0
3183, 6382, 1, 4096, 0
3183, 8531, 1, 4096, 0
3184, 9207, 1, 4096, 0
3184, 8367, 1, 4096, 0
3184, 10680, 1, 4096, 0
3185, 11912, 1, 4096, 0
3185, 5128, 1, 4096, 0
3185, 12453, 1, 4096, 0
3186, 8062, 1, 4096, 0
3186, 2651, 1, 4096, 0
3187, 10439, 1, 4096, 0
3188, 10883, 1, 4096, 0
3188, 11668, 1, 4096, 0
3188, 9434, 1, 4096, 0
3189, 9848, 1, 4096, 0
3189, 7629, 1, 4096, 0
3189, 10358, 1, 4096, 0
3190, 7145, 1, 4096, 0
3190, 10451, 1, 4096, 0
3191, 9504, 1, 4096, 0
3191, 3684, 1, 4096, 0
3191, 12253, 1, 4096, 0
3191, 6873, 1, 4096, 0
3192, 7142, 1, 4096, 0
3192, 11442, 1, 4096, 0
3193, 4741, 1, 4096, 0
3193, 6420, 1, 4096, 0
3194, 7912, 1, 4096, 0
3194, 8359, 1, 4096, 0
3194, 6273, 1, 4096, 0
3195, 7409, 1, 4096, 0
3195, 4006, 1, 4096, 0
3195, 10191, 1, 4096, 0
3196, 7728, 1, 4096, 0
3196, 1779, 1, 4096, 0
3196, 10850, 1, 4096, 0
3197, 9881, 1, 4096, 0
3197, 7974, 1, 4096, 0
3198, 10091, 1, 4096, 0
3198, 8480, 1, 4096, 0
3199, 7679, 1, 4096, 0
3199, 5322, 1, 4096, 0
3199, 4654, 1, 4096, 0
3200, 8252, 1, 4096, 0
3200, 2377, 1, 4096, 0
3200, 9377, 1, 4096, 0
3202, 10123, 1, 4096, 0
3202, 10572, 1, 4096, 0
3202, 4808, 1, 4096, 0
3203, 9829, 1, 4096, 0
3203, 7906, 1, 4096, 0
3203, 10588, 1, 4096, 0
3204, 10713, 1, 4096, 0
3204, 7684, 1, 4096, 0
3204, 2757, 1, 4096, 0
3205, 8148, 1, 4096, 0
3205, 10226, 1, 4096, 0
3206, 11330, 1, 4096, 0
3206, 3219, 1, 4096, 0
3207, 10087, 1, 4096, 0
3207, 10715, 1, 4096, 0
3207, 5635, 1, 4096, 0
3208, 10536, 1, 4096, 0
3208, 6433, 1, 4096, 0
3208, 4987, 1, 4096, 0
3209, 10871, 1, 4096, 0
3209, 8090, 1, 4096, 0
3210, 8737, 1, 4096, 0
3210, 6639, 1, 4096, 0
3210, 4634, 1, 4096, 0
3211, 8936, 1, 4096, 0
3211, 8659, 1, 4096, 0
3211, 8336, 1, 4096, 0
3212, 7437, 1, 4096, 0
3212, 11931, 1, 4096, 0
3212, 2995, 1, 4096, 0
3213, 8459, 1, 4096, 0
3213, 11053, 1, 4096, 0
3213, 7661, 1, 4096, 0
3214, 6140, 1, 4096, 0
3214, 9106, 1, 4096, 0
3214, 8263, 1, 4096, 0
3215, 7721, 1, 4096, 0
3216, 8644, 1, 4096, 0
3217, 8256, 1, 4096, 0
3217, 5933, 1, 4096, 0
3217, 7346, 1, 4096, 0
3218, 12822, 1, 4096, 0
3218, 6304, 1, 4096, 0
3218, 9031, 1, 4096, 0
3219, 6976, 1, 4096, 0
3219, 9182, 1, 4096, 0
3219, 9965, 1, 4096, 0
3220, 8951, 1, 4096, 0
3220, 6283, 1, 4096, 0
3220, 8744, 1, 4096, 0
3221, 9822, 1, 4096, 0
3221, 5361, 1, 4096, 0
3221, 10566, 1, 4096, 0
3222, 11293, 1, 4096, 0
3222, 5088, 1, 4096, 0
3222, 3356, 1, 4096, 0
3223, 6174, 1, 4096, 0
3224, 10337, 1, 4096, 0
3224, 8837, 1, 4096, 0
3225, 5520, 1, 4096, 0
3225, 10135, 1, 4096, 0
3225, 5792, 1, 4096, 0
3226, 12863, 1, 4096, 0
3226, 9717, 1, 4096, 0
3226, 6534, 1, 4096, 0
3226, 3010, 1, 4096, 0
3228, 9895, 1, 4096, 0
3228, 8426, 1, 4096, 0
3228, 11319, 1, 4096, 0
3229, 5688, 1, 4096, 0
3229, 5086, 1, 4096, 0
3229, 4055, 1, 4096, 0
3230, 6050, 1, 4096, 0
3230, 6513, 1, 4096, 0
3231, 7783, 1, 4096, 0
3231, 6482, 1, 4096, 0
3232, 7114, 1, 4096, 0
3232, 3821, 1, 4096, 0
3233, 10151, 1, 4096, 0
3233, 9746, 1, 4096, 0
3233, 4254, 1, 4096, 0
3234, 6587, 1, 4096, 0
3234, 5982, 1, 4096, 0
3234, 4821, 1, 4096, 0
3235, 7325, 1, 4096, 0
3235, 10385, 1, 4096, 0
3235, 3263, 1, 4096, 0
3236, 7825, 1, 4096, 0
3236, 6936, 1, 4096, 0
3236, 3852, 1, 4096, 0
3237, 9666, 1, 4096, 0
3237, 8601, 1, 4096, 0
3237, 10397, 1, 4096, 0
3238, 7445, 1, 4096, 0
3238, 5191, 1, 4096, 0
3238, 9795, 1, 4096, 0
3239, 8436, 1, 4096, 0
3239, 6106, 1, 4096, 0
3239, 9552, 1, 4096, 0
3240, 7014, 1, 4096, 0
3240, 10546, 1, 4096, 0
3240, 6414, 1, 4096, 0
3241, 5227, 1, 4096, 0
3242, 6318, 1, 4096, 0
3242, 5285, 1, 4096, 0
3242, 4077, 1, 4096, 0
3243, 9280, 1, 4096, 0
3243, 5099, 1, 4096, 0
3243, 13861, 1, 4096, 0
3244, 10285, 1, 4096, 0
3244, 5721, 1, 4096, 0
3244, 5294, 1, 4096, 0
3245, 8338, 1, 4096, 0
3245, 9273, 1, 4096, 0
3245, 4516, 1, 4096, 0
3245, 8353, 1, 4096, 0
3246, 7038, 1, 4096, 0
3246, 9972, 1, 4096, 0
3246, 4684, 1, 4096, 0
3247, 6672, 1, 4096, 0
3247, 5919, 1, 4096, 0
3248, 6108, 1, 4096, 0
3248, 5923, 1, 4096, 0
3249, 9735, 1, 4096, 0
3249, 6162, 1, 4096, 0
3249, 8482, 1, 4096, 0
3250, 9087, 1, 4096, 0
3250, 5173, 1, 4096, 0
3250, 3997, 1, 4096, 0
3251, 8072, 1, 4096, 0
3251, 9629, 1, 4096, 0
3251, 4048, 1, 4096, 0
3252, 10982, 1, 4096, 0
3252, 2282, 1, 4096, 0
3252, 8767, 1, 4096, 0
3253, 20784, 1, 4096, 0
3253, 4599, 1, 4096, 0
3253, 5842, 1, 4096, 0
3254, 8644, 1, 4096, 0
3254, 9920, 1, 4096, 0
3254, 8570, 1, 4096, 0
3255, 8433, 1, 4096, 0
3255, 11534, 1, 4096, 0
3255, 7359, 1, 4096, 0
3256, 8877, 1, 4096, 0
3256, 9986, 1, 4096, 0
3256, 8354, 1, 4096, 0
3257, 9085, 1, 4096, 0
3257, 7387, 1, 4096, 0
3258, 4579, 1, 4096, 0
3258, 3052, 1, 4096, 0
3258, 6132, 1, 4096, 0
3259, 11219, 1, 4096, 0
3259, 5157, 1, 4096, 0
3259, 11504, 1, 4096, 0
3260, 7229, 1, 4096, 0
3260, 2129, 1, 4096, 0
3261, 8330, 1, 4096, 0
3261, 4149, 1, 4096, 0
3261, 10466, 1, 4096, 0
3262, 5291, 1, 4096, 0
3262, 2277, 1, 4096, 0
3262, 6014, 1, 4096, 0
3263, 7682, 1, 4096, 0
3263, 8988, 1, 4096, 0
3263, 5740, 1, 4096, 0
3264, 7144, 1, 4096, 0
3264, 5278, 1, 4096, 0
3264, 3646, 1, 4096, 0
3265, 9536, 1, 4096, 0
3265, 6506, 1, 4096, 0
3265, 4878, 1, 4096, 0
3266, 5307, 1, 4096, 0
3266, 11792, 1, 4096, 0
3266, 4956, 1, 4096, 0
3267, 7545, 1, 4096, 0
3268, 7655, 1, 4096, 0
3268, 11579, 1, 4096, 0
3268, 4847, 1, 4096, 0
3269, 8876, 1, 4096, 0
3269, 8963, 1, 4096, 0
3269, 10236, 1, 4096, 0
3270, 8491, 1, 4096, 0
3270, 7350, 1, 4096, 0
3270, 5122, 1, 4096, 0
3271, 15578, 1, 4096, 0
3271, 4037, 1, 4096, 0
3271, 6329, 1, 4096, 0
3272, 10229, 1, 4096, 0
3272, 10290, 1, 4096, 0
3273, 8453, 1, 4096, 0
3273, 8795, 1, 4096, 0
3273, 8207, 1, 4096, 0
3274, 9178, 1, 4096, 0
3274, 4884, 1, 4096, 0
3274, 6008, 1, 4096, 0
3275, 21281, 1, 4096, 0
3275, 8015, 1, 4096, 0
3275, 2800, 1, 4096, 0
3276, 7958, 1, 4096, 0
3276, 7602, 1, 4096, 0
3276, 9181, 1, 4096, 0
3277, 6078, 1, 4096, 0
3277, 2947, 1, 4096, 0
3277, 2433, 1, 4096, 0
3278, 9752, 1, 4096, 0
3278, 3767, 1, 4096, 0
3279, 7781, 1, 4096, 0
3279, 8392, 1, 4096, 0
3279, 6021, 1, 4096, 0
3279, 9099, 1, 4096, 0
3280, 7812, 1, 4096, 0
3281, 10016, 1, 4096, 0
3281, 3290, 1, 4096, 0
3282, 7794, 1, 4096, 0
3282, 11201, 1, 4096, 0
3283, 8630, 1, 4096, 0
3283, 8161, 1, 4096, 0
3283, 9967, 1, 4096, 0
3284, 8567, 1, 4096, 0
3284, 4373, 1, 4096, 0
3284, 10161, 1, 4096, 0
3285, 11473, 1, 4096, 0
3285, 4585, 1, 4096, 0
3285, 5434, 1, 4096, 0
3286, 7143, 1, 4096, 0
3287, 7224, 1, 4096, 0
3287, 15081, 1, 4096, 0
3288, 9590, 1, 4096, 0
3288, 7612, 1, 4096, 0
3288, 4709, 1, 4096, 0
3289, 7674, 1, 4096, 0
3289, 10274, 1, 4096, 0
3289, 6143, 1, 4096, 0
3290, 6403, 1, 4096, 0
3290, 8464, 1, 4096, 0
3291, 7032, 1, 4096, 0
3291, 2621, 1, 4096, 0
3291, 8336, 1, 4096, 0
3292, 10157, 1, 4096, 0
3292, 3020, 1, 4096, 0
3292, 9400, 1, 4096, 0
3293, 7526, 1, 4096, 0
3293, 4298, 1, 4096, 0
3293, 8087, 1, 4096, 0
3293, 7200, 1, 4096, 0
3294, 7173, 1, 4096, 0
3294, 2385, 1, 4096, 0
3295, 6598, 1, 4096, 0
3296, 9681, 1, 4096, 0
3297, 6828, 1, 4096, 0
3297, 9664, 1, 4096, 0
3297, 4889, 1, 4096, 0
3298, 10509, 1, 4096, 0
3298, 2871, 1, 4096, 0
3298, 9320, 1, 4096, 0
3299, 7765, 1, 4096, 0
3299, 8167, 1, 4096, 0
3299, 2185, 1, 4096, 0
3300, 9157, 1, 4096, 0
3300, 9043, 1, 4096, 0
3301, 5607, 1, 4096, 0
3301, 9289, 1, 4096, 0
3301, 3064, 1, 4096, 0
3302, 11203, 1, 4096, 0
3302, 10369, 1, 4096, 0
3302, 9373, 1, 4096, 0
3303, 7164, 1, 4096, 0
3303, 6443, 1, 4096, 0
3304, 10927, 1, 4096, 0
3305, 8818, 1, 4096, 0
3305, 4701, 1, 4096, 0
3305, 4870, 1, 4096, 0
3306, 11818, 1, 4096, 0
3306, 12255, 1, 4096, 0
3306, 8059, 1, 4096, 0
3307, 15066, 1, 4096, 0
3307, 6967, 1, 4096, 0
3308, 10426, 1, 4096, 0
3308, 6446, 1, 4096, 0
3308, 9559, 1, 4096, 0
3308, 3185, 1, 4096, 0
3309, 5179, 1, 4096, 0
3310, 9958, 1, 4096, 0
3310, 11365, 1, 4096, 0
3310, 6487, 1, 4096, 0
3311, 7977, 1, 4096, 0
3311, 2170, 1, 4096, 0
3311, 6304, 1, 4096, 0
3312, 7452, 1, 4096, 0
3312, 6040, 1, 4096, 0
3312, 6539, 1, 4096, 0
3313, 7252, 1, 4096, 0
3313, 7209, 1, 4096, 0
3313, 13823, 1, 4096, 0
3314, 8268, 1, 4096, 0
3314, 3105, 1, 4096, 0
3315, 5803, 1, 4096, 0
3315, 9069, 1, 4096, 0
3316, 6187, 1, 4096, 0
3316, 9079, 1, 4096, 0
3316, 6423, 1, 4096, 0
3317, 9588, 1, 4096, 0
3317, 7895, 1, 4096, 0
3318, 8652, 1, 4096, 0
3318, 4203, 1, 4096, 0
3318, 6389, 1, 4096, 0
3319, 8560, 1, 4096, 0
3319, 9295, 1, 4096, 0
3319, 7023, 1, 4096, 0
3320, 9479, 1, 4096, 0
3320, 3930, 1, 4096, 0
3320, 4631, 1, 4096, 0
3321, 6544, 1, 4096, 0
3321, 3426, 1, 4096, 0
3321, 11835, 1, 4096, 0
3322, 9089, 1, 4096, 0
3322, 4686, 1, 4096, 0
3323, 5975, 1, 4096, 0
3323, 7162, 1, 4096, 0
3323, 4107, 1, 4096, 0
3324, 4679, 1, 4096, 0
3324, 7100, 1, 4096, 0
3325, 7750, 1, 4096, 0
3326, 12425, 1, 4096, 0
3326, 2989, 1, 4096, 0
3327, 9749, 1, 4096, 0
3327, 3461, 1, 4096, 0
3327, 9719, 1, 4096, 0
3328, 5628, 1, 4096, 0
3328, 8209, 1, 4096, 0
3328, 10154, 1, 4096, 0
3329, 10126, 1, 4096, 0
3329, 5777, 1, 4096, 0
3329, 8359, 1, 4096, 0
3330, 7431, 1, 4096, 0
3330, 9458, 1, 4096, 0
3330, 8732, 1, 4096, 0
3331, 6792, 1, 4096, 0
3331, 12956, 1, 4096, 0
3332, 9087, 1, 4096, 0
3332, 10606, 1, 4096, 0
3332, 7034, 1, 4096, 0
3333, 7484, 1, 4096, 0
3333, 7637, 1, 4096, 0
3334, 8887, 1, 4096, 0
3334, 5307, 1, 4096, 0
3334, 4506, 1, 4096, 0
3335, 8195, 1, 4096, 0
3335, 7110, 1, 4096, 0
3335, 7130, 1, 4096, 0
3335, 8114, 1, 4096, 0
3336, 11785, 1, 4096, 0
3337, 5765, 1, 4096, 0
3337, 9371, 1, 4096, 0
3337, 8292, 1, 4096, 0
3338, 9543, 1, 4096, 0
3338, 10051, 1, 4096, 0
3338, 4927, 1, 4096, 0
3339, 5598, 1, 4096, 0
3339, 8002, 1, 4096, 0
3340, 8431, 1, 4096, 0
3340, 2776, 1, 4096, 0
3340, 5971, 1, 4096, 0
3341, 7750, 1, 4096, 0
3341, 2789, 1, 4096, 0
3341, 10461, 1, 4096, 0
3342, 9092, 1, 4096, 0
3343, 11091, 1, 4096, 0
3343, 4083, 1, 4096, 0
3343, 7202, 1, 4096, 0
3344, 12437, 1, 4096, 0
3344, 8240, 1, 4096, 0
3344, 3735, 1, 4096, 0
3345, 9438, 1, 4096, 0
3345, 8969, 1, 4096, 0
3345, 4928, 1, 4096, 0
3346, 11617, 1, 4096, 0
3346, 4626, 1, 4096, 0
3346, 8828, 1, 4096, 0
3347, 10041, 1, 4096, 0
3348, 7406, 1, 4096, 0
3348, 4334, 1, 4096, 0
3348, 9435, 1, 4096, 0
3349, 8070, 1, 4096, 0
3349, 8857, 1, 4096, 0
3349, 7099, 1, 4096, 0
3350, 10612, 1, 4096, 0
3350, 6989, 1, 4096, 0
3351, 9645, 1, 4096, 0
3351, 12335, 1, 4096, 0
3351, 5455, 1, 4096, 0
3352, 8095, 1, 4096, 0
3352, 5180, 1, 4096, 0
3352, 3961, 1, 4096, 0
3353, 10036, 1, 4096, 0
3353, 11104, 1, 4096, 0
3353, 9851, 1, 4096, 0
3354, 8105, 1, 4096, 0
3354, 5958, 1, 4096, 0
3354, 4483, 1, 4096, 0
3355, 6330, 1, 4096, 0
3355, 14238, 1, 4096, 0
3355, 4981, 1, 4096, 0
3356, 29085, 1, 4096, 0
3356, 4571, 1, 4096, 0
3357, 7415, 1, 4096, 0
3357, 6591, 1, 4096, 0
3357, 4689, 1, 4096, 0
3358, 10745, 1, 4096, 0
3358, 5282, 1, 4096, 0
3359, 7609, 1, 4096, 0
3359, 5021, 1, 4096, 0
3360, 7061, 1, 4096, 0
3360, 8260, 1, 4096, 0
3360, 7456, 1, 4096, 0
3361, 5629, 1, 4096, 0
3361, 4858, 1, 4096, 0
3361, 3887, 1, 4096, 0
3362, 6122, 1, 4096, 0
3362, 10607, 1, 4096, 0
3362, 6383, 1, 4096, 0
3363, 8435, 1, 4096, 0
3363, 9652, 1, 4096, 0
3363, 2993, 1, 4096, 0
3363, 6048, 1, 4096, 0
3364, 9580, 1, 4096, 0
3364, 8712, 1, 4096, 0
3365, 6731, 1, 4096, 0
3365, 7342, 1, 4096, 0
3366, 4783, 1, 4096, 0
3366, 4618, 1, 4096, 0
3366, 10441, 1, 4096, 0
3367, 8291, 1, 4096, 0
3367, 5501, 1, 4096, 0
3368, 7512, 1, 4096, 0
3368, 8384, 1, 4096, 0
3369, 8350, 1, 4096, 0
3369, 3855, 1, 4096, 0
3370, 10367, 1, 4096, 0
3370, 2974, 1, 4096, 0
3371, 10861, 1, 4096, 0
3371, 2670, 1, 4096, 0
3372, 15405, 1, 4096, 0
3372, 5269, 1, 4096, 0
3373, 10500, 1, 4096, 0
3373, 8855, 1, 4096, 0
3373, 10661, 1, 4096, 0
3374, 9805, 1, 4096, 0
3374, 7616, 1, 4096, 0
3375, 4132, 1, 4096, 0
3375, 8958, 1, 4096, 0
3376, 5764, 1, 4096, 0
3376, 8593, 1, 4096, 0
3376, 6598, 1, 4096, 0
3377, 9668, 1, 4096, 0
3377, 6598, 1, 4096, 0
3378, 11146, 1, 4096, 0
3378, 6447, 1, 4096, 0
3378, 4018, 1, 4096, 0
3379, 10984, 1, 4096, 0
3379, 6209, 1, 4096, 0
3379, 9887, 1, 4096, 0
3380, 8825, 1, 4096, 0
3380, 7423, 1, 4096, 0
3380, 3246, 1, 4096, 0
3381, 9569, 1, 4096, 0
3381, 4831, 1, 4096, 0
3382, 4920, 1, 4096, 0
3382, 8370, 1, 4096, 0
3382, 5348, 1, 4096, 0
3383, 6034, 1, 4096, 0
3383, 8619, 1, 4096, 0
3384, 5671, 1, 4096, 0
3385, 6832, 1, 4096, 0
3385, 7660, 1, 4096, 0
3385, 5427, 1, 4096, 0
3386, 5275, 1, 4096, 0
3386, 11633, 1, 4096, 0
3386, 10485, 1, 4096, 0
3387, 8369, 1, 4096, 0
3387, 4871, 1, 4096, 0
3387, 8722, 1, 4096, 0
3388, 8816, 1, 4096, 0
3389, 10319, 1, 4096, 0
3389, 5158, 1, 4096, 0
3389, 5127, 1, 4096, 0
3390, 6950, 1, 4096, 0
3390, 8710, 1, 4096, 0
3390, 5544, 1, 4096, 0
3391, 9275, 1, 4096, 0
3391, 3070, 1, 4096, 0
3391, 4650, 1, 4096, 0
3392, 9122, 1, 4096, 0
3392, 9434, 1, 4096, 0
3392, 9725, 1, 4096, 0
3393, 6406, 1, 4096, 0
3394, 6163, 1, 4096, 0
3394, 7985, 1, 4096, 0
3394, 10323, 1, 4096, 0
3395, 6879, 1, 4096, 0
3395, 6614, 1, 4096, 0
3395, 10476, 1, 4096, 0
3396, 11197, 1, 4096, 0
3396, 8767, 1, 4096, 0
3396, 2588, 1, 4096, 0
3397, 10080, 1, 4096, 0
3397, 9609, 1, 4096, 0
3397, 7980, 1, 4096, 0
3398, 7663, 1, 4096, 0
3398, 4022, 1, 4096, 0
3399, 10046, 1, 4096, 0
3399, 8056, 1, 4096, 0
3399, 6684, 1, 4096, 0
3400, 10393, 1, 4096, 0
3400, 10138, 1, 4096, 0
3401, 6222, 1, 4096, 0
3401, 6784, 1, 4096, 0
3401, 8799, 1, 4096, 0
3402, 5954, 1, 4096, 0
3402, 7669, 1, 4096, 0
3402, 4193, 1, 4096, 0
3403, 14994, 1, 4096, 0
3403, 5315, 1, 4096, 0
3404, 9652, 1, 4096, 0
3404, 3335, 1, 4096, 0
3404, 3946, 1, 4096, 0
3405, 5325, 1, 4096, 0
3405, 6467, 1, 4096, 0
3406, 8548, 1, 4096, 0
3406, 8934, 1, 4096, 0
3406, 8017, 1, 4096, 0
3407, 5773, 1, 4096, 0
3407, 7382, 1, 4096, 0
3408, 7123, 1, 4096, 0
3408, 4322, 1, 4096, 0
3408, 9817, 1, 4096, 0
3409, 4936, 1, 4096, 0
3409, 8944, 1, 4096, 0
3410, 8350, 1, 4096, 0
3410, 3984, 1, 4096, 0
3410, 4331, 1, 4096, 0
3411, 5821, 1, 4096, 0
3411, 4423, 1, 4096, 0
3411, 8373, 1, 4096, 0
3412, 8021, 1, 4096, 0
3412, 10009, 1, 4096, 0
3412, 6679, 1, 4096, 0
3413, 8052, 1, 4096, 0
3413, 10201, 1, 4096, 0
3413, 2916, 1, 4096, 0
3414, 17654, 1, 4096, 0
3414, 11228, 1, 4096, 0
3414, 5312, 1, 4096, 0
3415, 7356, 1, 4096, 0
3415, 2844, 1, 4096, 0
3416, 8935, 1, 4096, 0
3416, 13620, 1, 4096, 0
3416, 9186, 1, 4096, 0
3417, 7088, 1, 4096, 0
3417, 3137, 1, 4096, 0
3417, 6869, 1, 4096, 0
3418, 10906, 1, 4096, 0
3418, 2541, 1, 4096, 0
3418, 7718, 1, 4096, 0
3419, 5156, 1, 4096, 0
3419, 7354, 1, 4096, 0
3420, 6913, 1, 4096, 0
3420, 7969, 1, 4096, 0
3420, 6873, 1, 4096, 0
3421, 10433, 1, 4096, 0
3421, 6844, 1, 4096, 0
3422, 3652, 1, 4096, 0
3422, 10500, 1, 4096, 0
3422, 7752, 1, 4096, 0
3422, 4555, 1, 4096, 0
3424, 8272, 1, 4096, 0
3424, 6936, 1, 4096, 0
3424, 4504, 1, 4096, 0
3425, 8407, 1, 4096, 0
3425, 5780, 1, 4096, 0
3425, 6336, 1, 4096, 0
3426, 7971, 1, 4096, 0
3426, 9899, 1, 4096, 0
3426, 8101, 1, 4096, 0
3427, 11956, 1, 4096, 0
3427, 5456, 1, 4096, 0
3427, 8362, 1, 4096, 0
3428, 4532, 1, 4096, 0
3428, 4267, 1, 4096, 0
3429, 7362, 1, 4096, 0
3429, 8674, 1, 4096, 0
3430, 9767, 1, 4096, 0
3430, 3204, 1, 4096, 0
3430, 6605, 1, 4096, 0
3430, 9272, 1, 4096, 0
3431, 6894, 1, 4096, 0
3431, 6428, 1, 4096, 0
3432, 8216, 1, 4096, 0
3432, 9143, 1, 4096, 0
3433, 8328, 1, 4096, 0
3433, 6980, 1, 4096, 0
3433, 5479, 1, 4096, 0
3434, 6240, 1, 4096, 0
3434, 10804, 1, 4096, 0
3434, 2244, 1, 4096, 0
3435, 5034, 1, 4096, 0
3435, 6852, 1, 4096, 0
3436, 10645, 1, 4096, 0
3436, 6569, 1, 4096, 0
3436, 6336, 1, 4096, 0
3437, 6436, 1, 4096, 0
3437, 4497, 1, 4096, 0
3438, 5465, 1, 4096, 0
3438, 5227, 1, 4096, 0
3439, 5591, 1, 4096, 0
3439, 4766, 1, 4096, 0
3440, 11804, 1, 4096, 0
3440, 10236, 1, 4096, 0
3440, 5961, 1, 4096, 0
3441, 9232, 1, 4096, 0
3441, 7006, 1, 4096, 0
3441, 4285, 1, 4096, 0
3442, 6511, 1, 4096, 0
3442, 6788, 1, 4096, 0
3442, 2998, 1, 4096, 0
3443, 9615, 1, 4096, 0
3443, 6144, 1, 4096, 0
3443, 7402, 1, 4096, 0
3443, 8607, 1, 4096, 0
3444, 8318, 1, 4096, 0
3444, 2636, 1, 4096, 0
3445, 8772, 1, 4096, 0
3445, 7354, 1, 4096, 0
3446, 7976, 1, 4096, 0
3446, 8499, 1, 4096, 0
3446, 6617, 1, 4096, 0
3447, 9650, 1, 4096, 0
3447, 11344, 1, 4096, 0
3447, 5724, 1, 4096, 0
3448, 10031, 1, 4096, 0
3448, 8291, 1, 4096, 0
3448, 2021, 1, 4096, 0
3449, 5549, 1, 4096, 0
3449, 10852, 1, 4096, 0
3449, 4936, 1, 4096, 0
3450, 10147, 1, 4096, 0
3450, 9893, 1, 4096, 0
3450, 6688, 1, 4096, 0
3451, 7674, 1, 4096, 0
3451, 4048, 1, 4096, 0
3451, 6515, 1, 4096, 0
3452, 4391, 1, 4096, 0
3452, 4403, 1, 4096, 0
3452, 6533, 1, 4096, 0
3453, 8007, 1, 4096, 0
3453, 6679, 1, 4096, 0
3453, 7504, 1, 4096, 0
3454, 9699, 1, 4096, 0
3454, 7302, 1, 4096, 0
3455, 8266, 1, 4096, 0
3455, 4441, 1, 4096, 0
3456, 3716, 1, 4096, 0
3456, 6972, 1, 4096, 0
3456, 5723, 1, 4096, 0
3457, 11664, 1, 4096, 0
3457, 8737, 1, 4096, 0
3458, 8066, 1, 4096, 0
3458, 7255, 1, 4096, 0
3458, 7322, 1, 4096, 0
3459, 7263, 1, 4096, 0
3459, 9986, 1, 4096, 0
3459, 4385, 1, 4096, 0
3460, 2892, 1, 4096, 0
3460, 6846, 1, 4096, 0
3460, 9978, 1, 4096, 0
3461, 11914, 1, 4096, 0
3462, 5724, 1, 4096, 0
3462, 2589, 1, 4096, 0
3463, 4788, 1, 4096, 0
3463, 3915, 1, 4096, 0
3464, 4921, 1, 4096, 0
3464, 9476, 1, 4096, 0
3464, 6015, 1, 4096, 0
3465, 6808, 1, 4096, 0
3465, 8838, 1, 4096, 0
3465, 7269, 1, 4096, 0
3465, 3732, 1, 4096, 0
3466, 15391, 1, 4096, 0
3466, 2339, 1, 4096, 0
3467, 5221, 1, 4096, 0
3468, 8723, 1, 4096, 0
3468, 5315, 1, 4096, 0
3468, 6701, 1, 4096, 0
3469, 5088, 1, 4096, 0
3469, 7727, 1, 4096, 0
3469, 5408, 1, 4096, 0
3470, 7660, 1, 4096, 0
3470, 8729, 1, 4096, 0
3470, 11271, 1, 4096, 0
3470, 8086, 1, 4096, 0
3471, 10712, 1, 4096, 0
3471, 13369, 1, 4096, 0
3472, 5420, 1, 4096, 0
3472, 5324, 1, 4096, 0
3472, 5972, 1, 4096, 0
3472, 6179, 1, 4096, 0
3473, 8315, 1, 4096, 0
3473, 4645, 1, 4096, 0
3474, 3905, 1, 4096, 0
3474, 6334, 1, 4096, 0
3475, 5354, 1, 4096, 0
3475, 4497, 1, 4096, 0
3475, 9365, 1, 4096, 0
3476, 9217, 1, 4096, 0
3476, 5862, 1, 4096, 0
3476, 6327, 1, 4096, 0
3477, 9013, 1, 4096, 0
3477, 7846, 1, 4096, 0
3477, 7059, 1, 4096, 0
3478, 4906, 1, 4096, 0
3478, 7189, 1, 4096, 0
3479, 8443, 1, 4096, 0
3479, 7857, 1, 4096, 0
3479, 5006, 1, 4096, 0
3480, 10256, 1, 4096, 0
3480, 4140, 1, 4096, 0
3481, 8379, 1, 4096, 0
3481, 8810, 1, 4096, 0
3482, 7279, 1, 4096, 0
3482, 7856, 1, 4096, 0
3483, 8355, 1, 4096, 0
3483, 5002, 1, 4096, 0
3483, 8471, 1, 4096, 0
3484, 6258, 1, 4096, 0
3484, 3680, 1, 4096, 0
3484, 10152, 1, 4096, 0
3485, 7803, 1, 4096, 0
3485, 4714, 1, 4096, 0
3485, 8518, 1, 4096, 0
3486, 9843, 1, 4096, 0
3486, 7569, 1, 4096, 0
3486, 6869, 1, 4096, 0
3487, 12286, 1, 4096, 0
3487, 12300, 1, 4096, 0
3488, 7438, 1, 4096, 0
3488, 10874, 1, 4096, 0
3489, 7937, 1, 4096, 0
3489, 5806, 1, 4096, 0
3489, 4503, 1, 4096, 0
3490, 5784, 1, 4096, 0
3490, 23337, 1, 4096, 0
3490, 8645, 1, 4096, 0
3491, 10179, 1, 4096, 0
3491, 6779, 1, 4096, 0
3491, 6356, 1, 4096, 0
3492, 13768, 1, 4096, 0
3492, 8817, 1, 4096, 0
3493, 7047, 1, 4096, 0
3493, 5078, 1, 4096, 0
3493, 2397, 1, 4096, 0
3494, 8279, 1, 4096, 0
3494, 3302, 1, 4096, 0
3494, 6887, 1, 4096, 0
3495, 7825, 1, 4096, 0
3495, 3963, 1, 4096, 0
3495, 5534, 1, 4096, 0
3496, 20627, 1, 4096, 0
3496, 10387, 1, 4096, 0
3496, 6827, 1, 4096, 0
3497, 9891, 1, 4096, 0
3497, 11605, 1, 4096, 0
3497, 7568, 1, 4096, 0
3498, 7958, 1, 4096, 0
3498, 5981, 1, 4096, 0
3499, 5461, 1, 4096, 0
3499, 8558, 1, 4096, 0
3499, 7586, 1, 4096, 0
3500, 8659, 1, 4096, 0
3500, 8485, 1, 4096, 0
3501, 10035, 1, 4096, 0
3501, 13182, 1, 4096, 0
3501, 9740, 1, 4096, 0
3502, 7417, 1, 4096, 0
3502, 6411, 1, 4096, 0
3502, 6709, 1, 4096, 0
3503, 8409, 1, 4096, 0
3503, 6909, 1, 4096, 0
3503, 7450, 1, 4096, 0
3504, 4718, 1, 4096, 0
3504, 7575, 1, 4096, 0
3505, 10275, 1, 4096, 0
3506, 4858, 1, 4096, 0
3506, 12239, 1, 4096, 0
3506, 5680, 1, 4096, 0
3507, 9158, 1, 4096, 0
3507, 8015, 1, 4096, 0
3508, 5862, 1, 4096, 0
3508, 8270, 1, 4096, 0
3508, 9367, 1, 4096, 0
3509, 8897, 1, 4096, 0
3509, 7322, 1, 4096, 0
3509, 7850, 1, 4096, 0
3510, 8398, 1, 4096, 0
3510, 19071, 1, 4096, 0
3510, 8938, 1, 4096, 0
3511, 8764, 1, 4096, 0
3511, 9220, 1, 4096, 0
3512, 8919, 1, 4096, 0
3512, 7608, 1, 4096, 0
3512, 10210, 1, 4096, 0
3513, 9830, 1, 4096, 0
3513, 10520, 1, 4096, 0
3513, 7577, 1, 4096, 0
3514, 9980, 1, 4096, 0
3515, 7532, 1, 4096, 0
3515, 6754, 1, 4096, 0
3516, 5489, 1, 4096, 0
3516, 3914, 1, 4096, 0
3516, 6911, 1, 4096, 0
3516, 9776, 1, 4096, 0
3517, 6532, 1, 4096, 0
3517, 7747, 1, 4096, 0
3517, 4963, 1, 4096, 0
3518, 8446, 1, 4096, 0
3518, 7234, 1, 4096, 0
3519, 6623, 1, 4096, 0
3520, 12135, 1, 4096, 0
3520, 10031, 1, 4096, 0
3520, 6786, 1, 4096, 0
3521, 5707, 1, 4096, 0
3521, 6602, 1, 4096, 0
3521, 4706, 1, 4096, 0
3522, 9844, 1, 4096, 0
3523, 5736, 1, 4096, 0
3523, 5318, 1, 4096, 0
3524, 10235, 1, 4096, 0
3524, 5503, 1, 4096, 0
3524, 6975, 1, 4096, 0
3525, 6627, 1, 4096, 0
3525, 12556, 1, 4096, 0
3525, 5873, 1, 4096, 0
3526, 7755, 1, 4096, 0
3526, 8949, 1, 4096, 0
3526, 2664, 1, 4096, 0
3527, 5040, 1, 4096, 0
3528, 5915, 1, 4096, 0
3528, 4465, 1, 4096, 0
3528, 9968, 1, 4096, 0
3529, 10120, 1, 4096, 0
3529, 3203, 1, 4096, 0
3529, 13223, 1, 4096, 0
3530, 11785, 1, 4096, 0
3530, 9373, 1, 4096, 0
3530, 12442, 1, 4096, 0
3531, 10233, 1, 4096, 0
3531, 5236, 1, 4096, 0
3531, 2295, 1, 4096, 0
3532, 6674, 1, 4096, 0
3532, 5280, 1, 4096, 0
3532, 3662, 1, 4096, 0
3533, 7059, 1, 4096, 0
3533, 3231, 1, 4096, 0
3533, 7806, 1, 4096, 0
3534, 9648, 1, 4096, 0
3534, 8155, 1, 4096, 0
3534, 4350, 1, 4096, 0
3535, 11085, 1, 4096, 0
3535, 8117, 1, 4096, 0
3536, 9568, 1, 4096, 0
3537, 8118, 1, 4096, 0
3537, 7342, 1, 4096, 0
3537, 6584, 1, 4096, 0
3538, 7302, 1, 4096, 0
3538, 9763, 1, 4096, 0
3539, 7196, 1, 4096, 0
3539, 6007, 1, 4096, 0
3539, 4834, 1, 4096, 0
3540, 8273, 1, 4096, 0
3540, 5286, 1, 4096, 0
3540, 3865, 1, 4096, 0
3541, 12516, 1, 4096, 0
3541, 9975, 1, 4096, 0
3542, 6156, 1, 4096, 0
3542, 4038, 1, 4096, 0
3543, 10398, 1, 4096, 0
3543, 8818, 1, 4096, 0
3543, 8164, 1, 4096, 0
3544, 7378, 1, 4096, 0
3544, 4789, 1, 4096, 0
3545, 9681, 1, 4096, 0
3545, 2587, 1, 4096, 0
3545, 10445, 1, 4096, 0
3546, 11569, 1, 4096, 0
3546, 3920, 1, 4096, 0
3547, 10368, 1, 4096, 0
3547, 3160, 1, 4096, 0
3548, 7365, 1, 4096, 0
3548, 5976, 1, 4096, 0
3548, 3244, 1, 4096, 0
3549, 9615, 1, 4096, 0
3550, 3752, 1, 4096, 0
3550, 4737, 1, 4096, 0
3551, 6836, 1, 4096, 0
3551, 8525, 1, 4096, 0
3551, 7943, 1, 4096, 0
3552, 10349, 1, 4096, 0
3552, 10898, 1, 4096, 0
3552, 6107, 1, 4096, 0
3553, 7235, 1, 4096, 0
3553, 3842, 1, 4096, 0
3553, 5842, 1, 4096, 0
3554, 10708, 1, 4096, 0
3554, 6321, 1, 4096, 0
3555, 4665, 1, 4096, 0
3555, 11489, 1, 4096, 0
3555, 6614, 1, 4096, 0
3556, 8412, 1, 4096, 0
3556, 7965, 1, 4096, 0
3556, 6976, 1, 4096, 0
3557, 10535, 1, 4096, 0
3557, 9221, 1, 4096, 0
3557, 5075, 1, 4096, 0
3557, 10317, 1, 4096, 0
3558, 9346, 1, 4096, 0
3558, 6731, 1, 4096, 0
3559, 10850, 1, 4096, 0
3559, 7705, 1, 4096, 0
3560, 8928, 1, 4096, 0
3560, 5360, 1, 4096, 0
3560, 5684, 1, 4096, 0
3561, 7005, 1, 4096, 0
3561, 6589, 1, 4096, 0
3561, 7980, 1, 4096, 0
3561, 3499, 1, 4096, 0
3562, 6766, 1, 4096, 0
3562, 8096, 1, 4096, 0
3563, 8876, 1, 4096, 0
3563, 10140, 1, 4096, 0
3563, 8938, 1, 4096, 0
3564, 8300, 1, 4096, 0
3565, 8241, 1, 4096, 0
3565, 2000, 1, 4096, 0
3565, 4623, 1, 4096, 0
3566, 7078, 1, 4096, 0
3566, 5429, 1, 4096, 0
3566, 8189, 1, 4096, 0
3567, 8031, 1, 4096, 0
3567, 9520, 1, 4096, 0
3567, 4256, 1, 4096, 0
3568, 5002, 1, 4096, 0
3568, 7991, 1, 4096, 0
3569, 5932, 1, 4096, 0
3569, 9402, 1, 4096, 0
3569, 8673, 1, 4096, 0
3570, 8363, 1, 4096, 0
3570, 8933, 1, 4096, 0
3571, 9464, 1, 4096, 0
3571, 7506, 1, 4096, 0
3571, 3871, 1, 4096, 0
3572, 9789, 1, 4096, 0
3572, 6698, 1, 4096, 0
3573, 10748, 1, 4096, 0
3573, 7480, 1, 4096, 0
3573, 3043, 1, 4096, 0
3574, 5962, 1, 4096, 0
3574, 6535, 1, 4096, 0
3575, 6414, 1, 4096, 0
3575, 7083, 1, 4096, 0
3575, 9264, 1, 4096, 0
3576, 10534, 1, 4096, 0
3576, 8372, 1, 4096, 0
3577, 8048, 1, 4096, 0
3577, 9444, 1, 4096, 0
3578, 4363, 1, 4096, 0
3578, 7093, 1, 4096, 0
3578, 6486, 1, 4096, 0
3579, 6352, 1, 4096, 0
3579, 7618, 1, 4096, 0
3580, 5419, 1, 4096, 0
3580, 8881, 1, 4096, 0
3580, 8691, 1, 4096, 0
3581, 7125, 1, 4096, 0
3581, 6340, 1, 4096, 0
3581, 6473, 1, 4096, 0
3582, 6348, 1, 4096, 0
3582, 8360, 1, 4096, 0
3583, 6540, 1, 4096, 0
3583, 7885, 1, 4096, 0
3583, 6463, 1, 4096, 0
3584, 4291, 1, 4096, 0
3584, 9243, 1, 4096, 0
3585, 5015, 1, 4096, 0
3585, 5189, 1, 4096, 0
3585, 9767, 1, 4096, 0
3586, 6392, 1, 4096, 0
3586, 7844, 1, 4096, 0
3586, 6751, 1, 4096, 0
3586, 3007, 1, 4096, 0
3587, 7352, 1, 4096, 0
3587, 11215, 1, 4096, 0
3588, 6100, 1, 4096, 0
3588, 9733, 1, 4096, 0
3588, 4237, 1, 4096, 0
3589, 8610, 1, 4096, 0
3590, 9887, 1, 4096, 0
3590, 3602, 1, 4096, 0
3590, 6349, 1, 4096, 0
3591, 10015, 1, 4096, 0
3591, 3814, 1, 4096, 0
3591, 3281, 1, 4096, 0
3592, 6835, 1, 4096, 0
3592, 5023, 1, 4096, 0
3592, 6675, 1, 4096, 0
3593, 9780, 1, 4096, 0
3593, 4679, 1, 4096, 0
3594, 10915, 1, 4096, 0
3595, 10254, 1, 4096, 0
3595, 3162, 1, 4096, 0
3595, 4994, 1, 4096, 0
3596, 10299, 1, 4096, 0
3596, 12754, 1, 4096, 0
3596, 6374, 1, 4096, 0
3597, 7096, 1, 4096, 0
3597, 7765, 1, 4096, 0
3597, 3412, 1, 4096, 0
3598, 7316, 1, 4096, 0
3598, 11489, 1, 4096, 0
3598, 5316, 1, 4096, 0
3599, 7098, 1, 4096, 0
3599, 7654, 1, 4096, 0
3600, 8676, 1, 4096, 0
3600, 3289, 1, 4096, 0
3601, 6804, 1, 4096, 0
3602, 8510, 1, 4096, 0
3602, 3029, 1, 4096, 0
3602, 4227, 1, 4096, 0
3603, 7797, 1, 4096, 0
3603, 2244, 1, 4096, 0
3603, 5438, 1, 4096, 0
3604, 9433, 1, 4096, 0
3604, 7535, 1, 4096, 0
3604, 9886, 1, 4096, 0
3605, 9283, 1, 4096, 0
3605, 6272, 1, 4096, 0
3606, 8063, 1, 4096, 0
3606, 11566, 1, 4096, 0
3606, 7042, 1, 4096, 0
3607, 6382, 1, 4096, 0
3607, 5505, 1, 4096, 0
3607, 8722, 1, 4096, 0
3608, 8129, 1, 4096, 0
3608, 2874, 1, 4096, 0
3609, 8223, 1, 4096, 0
3609, 4439, 1, 4096, 0
3609, 5252, 1, 4096, 0
3610, 7074, 1, 4096, 0
3610, 5733, 1, 4096, 0
3611, 7754, 1, 4096, 0
3612, 6718, 1, 4096, 0
3612, 4350, 1, 4096, 0
3612, 10216, 1, 4096, 0
3613, 6012, 1, 4096, 0
3613, 13988, 1, 4096, 0
3613, 6384, 1, 4096, 0
3614, 8261, 1, 4096, 0
3614, 5800, 1, 4096, 0
3614, 4985, 1, 4096, 0
3615, 10870, 1, 4096, 0
3615, 7537, 1, 4096, 0
3615, 11136, 1, 4096, 0
3616, 5295, 1, 4096, 0
3616, 2207, 1, 4096, 0
3617, 10334, 1, 4096, 0
3617, 13440, 1, 4096, 0
3617, 3276, 1, 4096, 0
3618, 8505, 1, 4096, 0
3619, 10302, 1, 4096, 0
3619, 10024, 1, 4096, 0
3619, 5713, 1, 4096, 0
3620, 7918, 1, 4096, 0
3620, 6305, 1, 4096, 0
3620, 3045, 1, 4096, 0
3621, 8902, 1, 4096, 0
3621, 8701, 1, 4096, 0
3622, 6275, 1, 4096, 0
3622, 6362, 1, 4096, 0
3623, 8343, 1, 4096, 0
3623, 9213, 1, 4096, 0
3623, 10680, 1, 4096, 0
3624, 9955, 1, 4096, 0
3624, 5882, 1, 4096, 0
3624, 7459, 1, 4096, 0
3625, 7906, 1, 4096, 0
3625, 4881, 1, 4096, 0
3626, 5821, 1, 4096, 0
3626, 9675, 1, 4096, 0
3626, 4206, 1, 4096, 0
3627, 9072, 1, 4096, 0
3627, 7826, 1, 4096, 0
3627, 12858, 1, 4096, 0
3628, 9358, 1, 4096, 0
3628, 10960, 1, 4096, 0
3629, 8933, 1, 4096, 0
3629, 7269, 1, 4096, 0
3629, 5838, 1, 4096, 0
3630, 9372, 1, 4096, 0
3630, 10900, 1, 4096, 0
3631, 5764, 1, 4096, 0
3632, 6438, 1, 4096, 0
3632, 3377, 1, 4096, 0
3632, 5050, 1, 4096, 0
3633, 6143, 1, 4096, 0
3633, 8986, 1, 4096, 0
3634, 9950, 1, 4096, 0
3634, 8524, 1, 4096, 0
3635, 9973, 1, 4096, 0
3635, 11851, 1, 4096, 0
3636, 10145, 1, 4096, 0
3636, 6486, 1, 4096, 0
3636, 9217, 1, 4096, 0
3637, 5764, 1, 4096, 0
3637, 4313, 1, 4096, 0
3638, 5868, 1, 4096, 0
3638, 5578, 1, 4096, 0
3638, 9807, 1, 4096, 0
3639, 7240, 1, 4096, 0
3639, 4974, 1, 4096, 0
3639, 3152, 1, 4096, 0
3640, 7247, 1, 4096, 0
3641, 5417, 1, 4096, 0
3641, 17965, 1, 4096, 0
3641, 8043, 1, 4096, 0
3642, 3936, 1, 4096, 0
3642, 7784, 1, 4096, 0
3643, 10179, 1, 4096, 0
3643, 9635, 1, 4096, 0
3643, 4693, 1, 4096, 0
3644, 9024, 1, 4096, 0
3644, 4720, 1, 4096, 0
3644, 8033, 1, 4096, 0
3645, 9151, 1, 4096, 0
3645, 3972, 1, 4096, 0
3645, 4784, 1, 4096, 0
3646, 8818, 1, 4096, 0
3646, 2593, 1, 4096, 0
3647, 10960, 1, 4096, 0
3647, 5425, 1, 4096, 0
3647, 5871, 1, 4096, 0
3648, 9023, 1, 4096, 0
3648, 10494, 1, 4096, 0
3648, 6186, 1, 4096, 0
3649, 5388, 1, 4096, 0
3650, 6559, 1, 4096, 0
3650, 3414, 1, 4096, 0
3650, 6562, 1, 4096, 0
3651, 4798, 1, 4096, 0
3651, 6056, 1, 4096, 0
3651, 5832, 1, 4096, 0
3651, 4023, 1, 4096, 0
3652, 8927, 1, 4096, 0
3652, 9300, 1, 4096, 0
3652, 5299, 1, 4096, 0
3653, 7791, 1, 4096, 0
3653, 8696, 1, 4096, 0
3654, 9308, 1, 4096, 0
3654, 8829, 1, 4096, 0
3655, 9170, 1, 4096, 0
3655, 8897, 1, 4096, 0
3655, 8424, 1, 4096, 0
3656, 12150, 1, 4096, 0
3657, 9265, 1, 4096, 0
3657, 7901, 1, 4096, 0
3657, 8295, 1, 4096, 0
3658, 8139, 1, 4096, 0
3658, 6162, 1, 4096, 0
3658, 3804, 1, 4096, 0
3659, 8072, 1, 4096, 0
3659, 9811, 1, 4096, 0
3660, 5924, 1, 4096, 0
3660, 7301, 1, 4096, 0
3660, 8179, 1, 4096, 0
3660, 3807, 1, 4096, 0
3661, 3952, 1, 4096, 0
3661, 3735, 1, 4096, 0
3661, 4090, 1, 4096, 0
3662, 11164, 1, 4096, 0
3662, 3235, 1, 4096, 0
3662, 5414, 1, 4096, 0
3663, 7349, 1, 4096, 0
3663, 8716, 1, 4096, 0
3663, 11350, 1, 4096, 0
3664, 10346, 1, 4096, 0
3665, 9470, 1, 4096, 0
3665, 8826, 1, 4096, 0
3665, 3343, 1, 4096, 0
3666, 8651, 1, 4096, 0
3666, 7576, 1, 4096, 0
3666, 11488, 1, 4096, 0
3667, 8975, 1, 4096, 0
3667, 7275, 1, 4096, 0
3667, 10805, 1, 4096, 0
3668, 8217, 1, 4096, 0
3668, 7056, 1, 4096, 0
3669, 8056, 1, 4096, 0
3669, 4285, 1, 4096, 0
3669, 3104, 1, 4096, 0
3670, 12583, 1, 4096, 0
3670, 2286, 1, 4096, 0
3671, 7133, 1, 4096, 0
3672, 9955, 1, 4096, 0
3672, 8773, 1, 4096, 0
3672, 7540, 1, 4096, 0
3673, 4920, 1, 4096, 0
3673, 14723, 1, 4096, 0
3673, 10212, 1, 4096, 0
3674, 6733, 1, 4096, 0
3674, 4816, 1, 4096, 0
3675, 5432, 1, 4096, 0
3675, 10273, 1, 4096, 0
3675, 6030, 1, 4096, 0
3676, 8822, 1, 4096, 0
3676, 4435, 1, 4096, 0
3676, 4410, 1, 4096, 0
3677, 12198, 1, 4096, 0
3677, 4030, 1, 4096, 0
3677, 5467, 1, 4096, 0
3678, 8345, 1, 4096, 0
3678, 3788, 1, 4096, 0
3678, 10957, 1, 4096, 0
3679, 7895, 1, 4096, 0
3679, 9095, 1, 4096, 0
3680, 5078, 1, 4096, 0
3680, 10846, 1, 4096, 0
3680, 3852, 1, 4096, 0
3680, 5541, 1, 4096, 0
3682, 12532, 1, 4096, 0
3682, 4838, 1, 4096, 0
3682, 8688, 1, 4096, 0
3682, 11661, 1, 4096, 0
3683, 6446, 1, 4096, 0
3683, 8321, 1, 4096, 0
3684, 9660, 1, 4096, 0
3684, 10431, 1, 4096, 0
3684, 2343, 1, 4096, 0
3685, 10005, 1, 4096, 0
3685, 9773, 1, 4096, 0
3685, 9987, 1, 4096, 0
3686, 7346, 1, 4096, 0
3686, 3532, 1, 4096, 0
3687, 9550, 1, 4096, 0
3687, 8034, 1, 4096, 0
3688, 6801, 1, 4096, 0
3688, 4319, 1, 4096, 0
3688, 9735, 1, 4096, 0
3689, 11500, 1, 4096, 0
3689, 5587, 1, 4096, 0
3689, 5916, 1, 4096, 0
3690, 9747, 1, 4096, 0
3690, 3988, 1, 4096, 0
3691, 8149, 1, 4096, 0
3691, 5598, 1, 4096, 0
3691, 4769, 1, 4096, 0
3693, 8432, 1, 4096, 0
3693, 2407, 1, 4096, 0
3693, 1941, 1, 4096, 0
3694, 7440, 1, 4096, 0
3694, 3156, 1, 4096, 0
3694, 2675, 1, 4096, 0
3695, 24066, 1, 4096, 0
3695, 5407, 1, 4096, 0
3695, 9842, 1, 4096, 0
3696, 7829, 1, 4096, 0
3696, 4002, 1, 4096, 0
3696, 9973, 1, 4096, 0
3697, 10368, 1, 4096, 0
3697, 3319, 1, 4096, 0
3698, 4917, 1, 4096, 0
3698, 9611, 1, 4096, 0
3698, 7037, 1, 4096, 0
3699, 6920, 1, 4096, 0
3699, 6941, 1, 4096, 0
3700, 10524, 1, 4096, 0
3700, 4290, 1, 4096, 0
3700, 6029, 1, 4096, 0
3701, 7527, 1, 4096, 0
3701, 3740, 1, 4096, 0
3701, 4540, 1, 4096, 0
3702, 9906, 1, 4096, 0
3702, 9502, 1, 4096, 0
3703, 7388, 1, 4096, 0
3703, 8578, 1, 4096, 0
3703, 6961, 1, 4096, 0
3704, 7408, 1, 4096, 0
3705, 9283, 1, 4096, 0
3705, 2566, 1, 4096, 0
3705, 3701, 1, 4096, 0
3706, 6665, 1, 4096, 0
3706, 3430, 1, 4096, 0
3706, 11733, 1, 4096, 0
3707, 6934, 1, 4096, 0
3707, 3932, 1, 4096, 0
3707, 4017, 1, 4096, 0
3708, 7642, 1, 4096, 0
3708, 12180, 1, 4096, 0
3708, 10570, 1, 4096, 0
3709, 10319, 1, 4096, 0
3709, 11300, 1, 4096, 0
3709, 3802, 1, 4096, 0
3710, 4407, 1, 4096, 0
3710, 7935, 1, 4096, 0
3710, 4949, 1, 4096, 0
3711, 5817, 1, 4096, 0
3711, 6240, 1, 4096, 0
3711, 5271, 1, 4096, 0
3712, 5220, 1, 4096, 0
3713, 6787, 1, 4096, 0
3713, 6230, 1, 4096, 0
3713, 9512, 1, 4096, 0
3714, 5762, 1, 4096, 0
3714, 8806, 1, 4096, 0
3714, 8417, 1, 4096, 0
3715, 6149, 1, 4096, 0
3716, 10010, 1, 4096, 0
3716, 4736, 1, 4096, 0
3716, 6599, 1, 4096, 0
3716, 6640, 1, 4096, 0
3717, 8423, 1, 4096, 0
3717, 5059, 1, 4096, 0
3718, 12864, 1, 4096, 0
3718, 11542, 1, 4096, 0
3718, 5742, 1, 4096, 0
3719, 8667, 1, 4096, 0
3719, 4181, 1, 4096, 0
3719, 8981, 1, 4096, 0
3720, 6689, 1, 4096, 0
3720, 9013, 1, 4096, 0
3721, 7880, 1, 4096, 0
3721, 9449, 1, 4096, 0
3721, 7454, 1, 4096, 0
3722, 10237, 1, 4096, 0
3722, 11688, 1, 4096, 0
3723, 9803, 1, 4096, 0
3723, 8893, 1, 4096, 0
3724, 10793, 1, 4096, 0
3724, 6879, 1, 4096, 0
3724, 5704, 1, 4096, 0
3725, 10736, 1, 4096, 0
3725, 6720, 1, 4096, 0
3725, 4711, 1, 4096, 0
3726, 7297, 1, 4096, 0
3726, 6101, 1, 4096, 0
3726, 5991, 1, 4096, 0
3727, 7823, 1, 4096, 0
3727, 9726, 1, 4096, 0
3728, 5684, 1, 4096, 0
3728, 6845, 1, 4096, 0
3728, 2736, 1, 4096, 0
3728, 6375, 1, 4096, 0
3729, 8952, 1, 4096, 0
3729, 4247, 1, 4096, 0
3729, 3924, 1, 4096, 0
3730, 8447, 1, 4096, 0
3730, 8180, 1, 4096, 0
3731, 11772, 1, 4096, 0
3731, 10169, 1, 4096, 0
3732, 6027, 1, 4096, 0
3732, 10014, 1, 4096, 0
3732, 4600, 1, 4096, 0
3733, 8763, 1, 4096, 0
3733, 2823, 1, 4096, 0
3733, 5803, 1, 4096, 0
3734, 7972, 1, 4096, 0
3734, 4178, 1, 4096, 0
3735, 6710, 1, 4096, 0
3735, 6620, 1, 4096, 0
3737, 7613, 1, 4096, 0
3737, 2770, 1, 4096, 0
3737, 5072, 1, 4096, 0
3738, 8530, 1, 4096, 0
3738, 4224, 1, 4096, 0
3738, 9777, 1, 4096, 0
3739, 9694, 1, 4096, 0
3739, 11746, 1, 4096, 0
3739, 11928, 1, 4096, 0
3740, 8615, 1, 4096, 0
3740, 4537, 1, 4096, 0
3741, 5360, 1, 4096, 0
3741, 3059, 1, 4096, 0
3741, 2484, 1, 4096, 0
3742, 5478, 1, 4096, 0
3742, 6131, 1, 4096, 0
3742, 2149, 1, 4096, 0
3743, 6107, 1, 4096, 0
3743, 3738, 1, 4096, 0
3743, 2870, 1, 4096, 0
3744, 7694, 1, 4096, 0
3744, 7409, 1, 4096, 0
3745, 13287, 1, 4096, 0
3745, 10165, 1, 4096, 0
3745, 4315, 1, 4096, 0
3746, 7870, 1, 4096, 0
3747, 7762, 1, 4096, 0
3747, 2244, 1, 4096, 0
3747, 6177, 1, 4096, 0
3747, 3722, 1, 4096, 0
3748, 9816, 1, 4096, 0
3748, 9116, 1, 4096, 0
3749, 5404, 1, 4096, 0
3749, 5748, 1, 4096, 0
3749, 11164, 1, 4096, 0
3750, 7514, 1, 4096, 0
3750, 4581, 1, 4096, 0
3750, 8427, 1, 4096, 0
3751, 78042, 1, 4096, 0
3751, 2908, 1, 4096, 0
3751, 5239, 1, 4096, 0
3752, 7657, 1, 4096, 0
3752, 8715, 1, 4096, 0
3753, 6789, 1, 4096, 0
3753, 9279, 1, 4096, 0
3754, 8653, 1, 4096, 0
3754, 8940, 1, 4096, 0
3755, 8884, 1, 4096, 0
3755, 5978, 1, 4096, 0
3756, 7517, 1, 4096, 0
3756, 4119, 1, 4096, 0
3756, 8392, 1, 4096, 0
3757, 5988, 1, 4096, 0
3757, 5635, 1, 4096, 0
3758, 8510, 1, 4096, 0
3758, 2776, 1, 4096, 0
3758, 4756, 1, 4096, 0
3759, 16217, 1, 4096, 0
3759, 6361, 1, 4096, 0
3760, 8312, 1, 4096, 0
3760, 6443, 1, 4096, 0
3760, 7916, 1, 4096, 0
3761, 10281, 1, 4096, 0
3762, 7823, 1, 4096, 0
3762, 2792, 1, 4096, 0
3762, 9553, 1, 4096, 0
3763, 7935, 1, 4096, 0
3763, 7352, 1, 4096, 0
3763, 6901, 1, 4096, 0
3764, 9747, 1, 4096, 0
3764, 6613, 1, 4096, 0
3765, 7154, 1, 4096, 0
3765, 3386, 1, 4096, 0
3765, 4721, 1, 4096, 0
3766, 6503, 1, 4096, 0
3766, 7659, 1, 4096, 0
3766, 7116, 1, 4096, 0
3767, 8148, 1, 4096, 0
3767, 9308, 1, 4096, 0
3768, 7247, 1, 4096, 0
3768, 5358, 1, 4096, 0
3768, 8892, 1, 4096, 0
3769, 7476, 1, 4096, 0
3769, 8657, 1, 4096, 0
3769, 10893, 1, 4096, 0
3770, 4530, 1, 4096, 0
3770, 9077, 1, 4096, 0
3771, 12441, 1, 4096, 0
3771, 7952, 1, 4096, 0
3771, 4777, 1, 4096, 0
3772, 9214, 1, 4096, 0
3772, 7248, 1, 4096, 0
3772, 2849, 1, 4096, 0
3773, 6732, 1, 4096, 0
3773, 6070, 1, 4096, 0
3774, 4856, 1, 4096, 0
3775, 7379, 1, 4096, 0
3775, 5425, 1, 4096, 0
3775, 2363, 1, 4096, 0
3776, 10823, 1, 4096, 0
3776, 11277, 1, 4096, 0
3776, 6519, 1, 4096, 0
3777, 8403, 1, 4096, 0
3777, 10991, 1, 4096, 0
3777, 7122, 1, 4096, 0
3778, 8841, 1, 4096, 0
3778, 4420, 1, 4096, 0
3778, 7103, 1, 4096, 0
3779, 6393, 1, 4096, 0
3779, 5589, 1, 4096, 0
3779, 3804, 1, 4096, 0
3780, 7426, 1, 4096, 0
3780, 3762, 1, 4096, 0
3780, 4002, 1, 4096, 0
3781, 8283, 1, 4096, 0
3782, 4051, 1, 4096, 0
3782, 7169, 1, 4096, 0
3783, 10719, 1, 4096, 0
3783, 5217, 1, 4096, 0
3784, 7005, 1, 4096, 0
3784, 5528, 1, 4096, 0
3784, 3840, 1, 4096, 0
3785, 8502, 1, 4096, 0
3785, 4907, 1, 4096, 0
3785, 6560, 1, 4096, 0
3786, 7286, 1, 4096, 0
3786, 3223, 1, 4096, 0
3786, 19776, 1, 4096, 0
3787, 3504, 1, 4096, 0
3787, 9329, 1, 4096, 0
3788, 7369, 1, 4096, 0
3788, 2049, 1, 4096, 0
3788, 7427, 1, 4096, 0
3789, 6158, 1, 4096, 0
3789, 8538, 1, 4096, 0
3790, 8564, 1, 4096, 0
3790, 4318, 1, 4096, 0
3790, 9663, 1, 4096, 0
3791, 6771, 1, 4096, 0
3791, 9001, 1, 4096, 0
3792, 10131, 1, 4096, 0
3792, 9880, 1, 4096, 0
3793, 8873, 1, 4096, 0
3793, 8854, 1, 4096, 0
3793, 3206, 1, 4096, 0
3794, 3392, 1, 4096, 0
3794, 10252, 1, 4096, 0
3794, 7090, 1, 4096, 0
3795, 6638, 1, 4096, 0
3796, 9392, 1, 4096, 0
3796, 4095, 1, 4096, 0
3796, 8219, 1, 4096, 0
3797, 6985, 1, 4096, 0
3797, 9575, 1, 4096, 0
3797, 6254, 1, 4096, 0
3798, 5533, 1, 4096, 0
3798, 2706, 1, 4096, 0
3798, 6131, 1, 4096, 0
3799, 4374, 1, 4096, 0
3799, 11863, 1, 4096, 0
3799, 2865, 1, 4096, 0
3800, 9561, 1, 4096, 0
3801, 5425, 1, 4096, 0
3801, 5271, 1, 4096, 0
3802, 5947, 1, 4096, 0
3802, 5870, 1, 4096, 0
3802, 3963, 1, 4096, 0
3803, 13468, 1, 4096, 0
3803, 13372, 1, 4096, 0
3803, 7071, 1, 4096, 0
3804, 8639, 1, 4096, 0
3804, 7369, 1, 4096, 0
3805, 8035, 1, 4096, 0
3805, 9017, 1, 4096, 0
3806, 8400, 1, 4096, 0
3806, 6255, 1, 4096, 0
3806, 10412, 1, 4096, 0
3807, 9006, 1, 4096, 0
3807, 10804, 1, 4096, 0
3807, 2295, 1, 4096, 0
3808, 7904, 1, 4096, 0
3808, 12310, 1, 4096, 0
3809, 9955, 1, 4096, 0
3809, 6186, 1, 4096, 0
3810, 6493, 1, 4096, 0
3810, 3603, 1, 4096, 0
3810, 4183, 1, 4096, 0
3811, 5675, 1, 4096, 0
3811, 8776, 1, 4096, 0
3811, 3634, 1, 4096, 0
3812, 6286, 1, 4096, 0
3812, 7589, 1, 4096, 0
3813, 7951, 1, 4096, 0
3813, 13048, 1, 4096, 0
3814, 8862, 1, 4096, 0
3814, 7926, 1, 4096, 0
3815, 8669, 1, 4096, 0
3815, 5955, 1, 4096, 0
3816, 7878, 1, 4096, 0
3816, 9832, 1, 4096, 0
3816, 8347, 1, 4096, 0
3817, 8362, 1, 4096, 0
3817, 6147, 1, 4096, 0
3817, 9333, 1, 4096, 0
3818, 7855, 1, 4096, 0
3819, 8322, 1, 4096, 0
3819, 5337, 1, 4096, 0
3820, 6794, 1, 4096, 0
3820, 7497, 1, 4096, 0
3820, 5370, 1, 4096, 0
3821, 9376, 1, 4096, 0
3821, 9029, 1, 4096, 0
3822, 10597, 1, 4096, 0
3822, 10390, 1, 4096, 0
3823, 8503, 1, 4096, 0
3823, 24920, 1, 4096, 0
3823, 5310, 1, 4096, 0
3824, 7433, 1, 4096, 0
3824, 5408, 1, 4096, 0
3824, 4645, 1, 4096, 0
3825, 6645, 1, 4096, 0
3826, 7874, 1, 4096, 0
3827, 10408, 1, 4096, 0
3827, 11059, 1, 4096, 0
3827, 8759, 1, 4096, 0
3828, 9244, 1, 4096, 0
3828, 5542, 1, 4096, 0
3828, 8813, 1, 4096, 0
3829, 6925, 1, 4096, 0
3829, 8830, 1, 4096, 0
3830, 7015, 1, 4096, 0
3830, 8453, 1, 4096, 0
3831, 5311, 1, 4096, 0
3831, 14783, 1, 4096, 0
3831, 10128, 1, 4096, 0
3832, 8174, 1, 4096, 0
3832, 8017, 1, 4096, 0
3833, 8513, 1, 4096, 0
3833, 10625, 1, 4096, 0
3833, 7855, 1, 4096, 0
3834, 8253, 1, 4096, 0
3834, 11732, 1, 4096, 0
3834, 6269, 1, 4096, 0
3835, 6850, 1, 4096, 0
3835, 11258, 1, 4096, 0
3836, 10609, 1, 4096, 0
3836, 7886, 1, 4096, 0
3837, 10892, 1, 4096, 0
3837, 9320, 1, 4096, 0
3837, 8847, 1, 4096, 0
3838, 9348, 1, 4096, 0
3838, 5531, 1, 4096, 0
3838, 3130, 1, 4096, 0
3839, 10315, 1, 4096, 0
3839, 7677, 1, 4096, 0
3839, 7139, 1, 4096, 0
3840, 9952, 1, 4096, 0
3840, 6890, 1, 4096, 0
3841, 6123, 1, 4096, 0
3841, 5550, 1, 4096, 0
3842, 6472, 1, 4096, 0
3842, 8739, 1, 4096, 0
3843, 4525, 1, 4096, 0
3843, 5752, 1, 4096, 0
3843, 7652, 1, 4096, 0
3844, 8661, 1, 4096, 0
3844, 5909, 1, 4096, 0
3844, 2225, 1, 4096, 0
3845, 7348, 1, 4096, 0
3845, 10024, 1, 4096, 0
3845, 10750, 1, 4096, 0
3846, 6897, 1, 4096, 0
3846, 9605, 1, 4096, 0
3847, 6831, 1, 4096, 0
3847, 9652, 1, 4096, 0
3848, 11172, 1, 4096, 0
3848, 8147, 1, 4096, 0
3849, 9085, 1, 4096, 0
3849, 5800, 1, 4096, 0
3850, 9404, 1, 4096, 0
3850, 8745, 1, 4096, 0
3850, 9706, 1, 4096, 0
3851, 7989, 1, 4096, 0
3851, 5808, 1, 4096, 0
3851, 5124, 1, 4096, 0
3852, 8080, 1, 4096, 0
3852, 2129, 1, 4096, 0
3852, 5612, 1, 4096, 0
3853, 7280, 1, 4096, 0
3853, 4264, 1, 4096, 0
3853, 8273, 1, 4096, 0
3854, 11657, 1, 4096, 0
3854, 8717, 1, 4096, 0
3854, 4869, 1, 4096, 0
3855, 6315, 1, 4096, 0
3855, 11842, 1, 4096, 0
3856, 5270, 1, 4096, 0
3856, 5747, 1, 4096, 0
3856, 7578, 1, 4096, 0
3856, 8657, 1, 4096, 0
3857, 5393, 1, 4096, 0
3857, 3297, 1, 4096, 0
3858, 9704, 1, 4096, 0
3858, 12436, 1, 4096, 0
3859, 6669, 1, 4096, 0
3859, 3068, 1, 4096, 0
3859, 9803, 1, 4096, 0
3860, 6682, 1, 4096, 0
3860, 3682, 1, 4096, 0
3860, 10375, 1, 4096, 0
3861, 8555, 1, 4096, 0
3861, 9225, 1, 4096, 0
3862, 7338, 1, 4096, 0
3862, 6075, 1, 4096, 0
3862, 3115, 1, 4096, 0
3862, 6506, 1, 4096, 0
3863, 9434, 1, 4096, 0
3863, 2935, 1, 4096, 0
3863, 4314, 1, 4096, 0
3864, 9160, 1, 4096, 0
3865, 9512, 1, 4096, 0
3865, 2624, 1, 4096, 0
3865, 10253, 1, 4096, 0
3866, 11032, 1, 4096, 0
3866, 8350, 1, 4096, 0
3867, 9286, 1, 4096, 0
3867, 2897, 1, 4096, 0
3867, 7386, 1, 4096, 0
3868, 6830, 1, 4096, 0
3868, 2937, 1, 4096, 0
3868, 6590, 1, 4096, 0
3869, 13846, 1, 4096, 0
3870, 8740, 1, 4096, 0
3870, 2942, 1, 4096, 0
3871, 7241, 1, 4096, 0
3871, 9700, 1, 4096, 0
3871, 4976, 1, 4096, 0
3872, 7133, 1, 4096, 0
3872, 3300, 1, 4096, 0
3872, 5889, 1, 4096, 0
3873, 5924, 1, 4096, 0
3873, 5986, 1, 4096, 0
3873, 10469, 1, 4096, 0
3874, 9245, 1, 4096, 0
3874, 5127, 1, 4096, 0
3875, 11265, 1, 4096, 0
3875, 3103, 1, 4096, 0
3875, 10843, 1, 4096, 0
3876, 5731, 1, 4096, 0
3876, 4738, 1, 4096, 0
3877, 6212, 1, 4096, 0
3877, 6179, 1, 4096, 0
3877, 3304, 1, 4096, 0
3878, 8278, 1, 4096, 0
3879, 4570, 1, 4096, 0
3879, 3456, 1, 4096, 0
3880, 10097, 1, 4096, 0
3880, 5425, 1, 4096, 0
3880, 6569, 1, 4096, 0
3881, 5260, 1, 4096, 0
3881, 10874, 1, 4096, 0
3881, 7722, 1, 4096, 0
3882, 10722, 1, 4096, 0
3882, 5528, 1, 4096, 0
3883, 8699, 1, 4096, 0
3883, 5515, 1, 4096, 0
3883, 5967, 1, 4096, 0
3884, 10527, 1, 4096, 0
3884, 11429, 1, 4096, 0
3885, 10092, 1, 4096, 0
3885, 11262, 1, 4096, 0
3886, 11695, 1, 4096, 0
3886, 20096, 1, 4096, 0
3887, 8732, 1, 4096, 0
3887, 2711, 1, 4096, 0
3887, 10837, 1, 4096, 0
3888, 6801, 1, 4096, 0
3888, 13687, 1, 4096, 0
3889, 8631, 1, 4096, 0
3889, 7215, 1, 4096, 0
3890, 8009, 1, 4096, 0
3890, 8388, 1, 4096, 0
3890, 9915, 1, 4096, 0
3891, 10940, 1, 4096, 0
3891, 11608, 1, 4096, 0
3891, 9275, 1, 4096, 0
3892, 9886, 1, 4096, 0
3892, 6636, 1, 4096, 0
3892, 5868, 1, 4096, 0
3893, 7418, 1, 4096, 0
3893, 2685, 1, 4096, 0
3894, 8346, 1, 4096, 0
3894, 4924, 1, 4096, 0
3894, 3091, 1, 4096, 0
3895, 6125, 1, 4096, 0
3895, 5465, 1, 4096, 0
3895, 4191, 1, 4096, 0
3896, 4492, 1, 4096, 0
3896, 5828, 1, 4096, 0
3896, 4287, 1, 4096, 0
3897, 5409, 1, 4096, 0
3897, 9390, 1, 4096, 0
3898, 7417, 1, 4096, 0
3898, 8576, 1, 4096, 0
3898, 8098, 1, 4096, 0
3899, 9355, 1, 4096, 0
3899, 9296, 1, 4096, 0
3900, 10029, 1, 4096, 0
3900, 10845, 1, 4096, 0
3900, 10687, 1, 4096, 0
3901, 7895, 1, 4096, 0
3901, 6823, 1, 4096, 0
3901, 8517, 1, 4096, 0
3902, 8140, 1, 4096, 0
3902, 7726, 1, 4096, 0
3903, 9259, 1, 4096, 0
3903, 5644, 1, 4096, 0
3903, 8594, 1, 4096, 0
3904, 5691, 1, 4096, 0
3904, 4242, 1, 4096, 0
3904, 11123, 1, 4096, 0
3905, 6682, 1, 4096, 0
3906, 10857, 1, 4096, 0
3906, 5235, 1, 4096, 0
3907, 6885, 1, 4096, 0
3907, 4528, 1, 4096, 0
3907, 3965, 1, 4096, 0
3908, 7239, 1, 4096, 0
3908, 7796, 1, 4096, 0
3908, 3464, 1, 4096, 0
3909, 7354, 1, 4096, 0
3909, 4355, 1, 4096, 0
3910, 4121, 1, 4096, 0
3910, 8173, 1, 4096, 0
3911, 5141, 1, 4096, 0
3911, 2267, 1, 4096, 0
3912, 6643, 1, 4096, 0
3912, 10052, 1, 4096, 0
3912, 8944, 1, 4096, 0
3913, 11489, 1, 4096, 0
3913, 5589, 1, 4096, 0
3913, 6680, 1, 4096, 0
3914, 7084, 1, 4096, 0
3914, 6077, 1, 4096, 0
3915, 8074, 1, 4096, 0
3915, 9705, 1, 4096, 0
3916, 8590, 1, 4096, 0
3916, 6383, 1, 4096, 0
3916, 7718, 1, 4096, 0
3917, 7007, 1, 4096, 0
3917, 10077, 1, 4096, 0
3918, 10701, 1, 4096, 0
3918, 8823, 1, 4096, 0
3919, 10729, 1, 4096, 0
3919, 10899, 1, 4096, 0
3919, 9112, 1, 4096, 0
3920, 7842, 1, 4096, 0
3920, 11731, 1, 4096, 0
3921, 6139, 1, 4096, 0
3921, 3007, 1, 4096, 0
3921, 10000, 1, 4096, 0
3922, 5270, 1, 4096, 0
3922, 7382, 1, 4096, 0
3922, 9678, 1, 4096, 0
3923, 10996, 1, 4096, 0
3923, 5786, 1, 4096, 0
3923, 7611, 1, 4096, 0
3924, 8683, 1, 4096, 0
3924, 6932, 1, 4096, 0
3925, 5594, 1, 4096, 0
3925, 5012, 1, 4096, 0
3925, 10479, 1, 4096, 0
3926, 8730, 1, 4096, 0
3926, 8170, 1, 4096, 0
3926, 4434, 1, 4096, 0
3927, 7190, 1, 4096, 0
3927, 8768, 1, 4096, 0
3928, 5847, 1, 4096, 0
3928, 5891, 1, 4096, 0
3928, 7485, 1, 4096, 0
3928, 9860, 1, 4096, 0
3929, 9575, 1, 4096, 0
3929, 7297, 1, 4096, 0
3929, 5541, 1, 4096, 0
3930, 5181, 1, 4096, 0
3930, 7766, 1, 4096, 0
3931, 7036, 1, 4096, 0
3931, 26541, 1, 4096, 0
3931, 9776, 1, 4096, 0
3932, 5026, 1, 4096, 0
3932, 3975, 1, 4096, 0
3933, 8743, 1, 4096, 0
3933, 9556, 1, 4096, 0
3933, 8987, 1, 4096, 0
3934, 7692, 1, 4096, 0
3934, 9655, 1, 4096, 0
3935, 8381, 1, 4096, 0
3935, 5348, 1, 4096, 0
3935, 5972, 1, 4096, 0
3936, 7982, 1, 4096, 0
3936, 2474, 1, 4096, 0
3936, 1873, 1, 4096, 0
3937, 4973, 1, 4096, 0
3937, 2497, 1, 4096, 0
3938, 4585, 1, 4096, 0
3938, 10778, 1, 4096, 0
3938, 7720, 1, 4096, 0
3939, 11290, 1, 4096, 0
3940, 9445, 1, 4096, 0
3940, 2580, 1, 4096, 0
3940, 9153, 1, 4096, 0
3941, 6884, 1, 4096, 0
3941, 7993, 1, 4096, 0
3941, 9086, 1, 4096, 0
3942, 6960, 1, 4096, 0
3942, 4413, 1, 4096, 0
3942, 7230, 1, 4096, 0
3943, 10695, 1, 4096, 0
3943, 4669, 1, 4096, 0
3944, 8955, 1, 4096, 0
3944, 5206, 1, 4096, 0
3944, 9324, 1, 4096, 0
3945, 6642, 1, 4096, 0
3945, 7491, 1, 4096, 0
3945, 3693, 1, 4096, 0
3946, 9534, 1, 4096, 0
3946, 8939, 1, 4096, 0
3946, 2776, 1, 4096, 0
3947, 10738, 1, 4096, 0
3947, 2883, 1, 4096, 0
3947, 4365, 1, 4096, 0
3948, 8896, 1, 4096, 0
3948, 5275, 1, 4096, 0
3948, 7329, 1, 4096, 0
3949, 16304, 1, 4096, 0
3950, 10456, 1, 4096, 0
3950, 5631, 1, 4096, 0
3950, 5282, 1, 4096, 0
3950, 10596, 1, 4096, 0
3951, 10932, 1, 4096, 0
3952, 11083, 1, 4096, 0
3952, 5746, 1, 4096, 0
3952, 6944, 1, 4096, 0
3953, 8158, 1, 4096, 0
3953, 9195, 1, 4096, 0
3953, 3427, 1, 4096, 0
3954, 8932, 1, 4096, 0
3954, 5836, 1, 4096, 0
3955, 10587, 1, 4096, 0
3955, 7176, 1, 4096, 0
3956, 10624, 1, 4096, 0
3956, 10343, 1, 4096, 0
3956, 7244, 1, 4096, 0
3957, 8653, 1, 4096, 0
3957, 8597, 1, 4096, 0
3958, 11992, 1, 4096, 0
3958, 9900, 1, 4096, 0
3958, 5868, 1, 4096, 0
3958, 2942, 1, 4096, 0
3959, 8897, 1, 4096, 0
3959, 10426, 1, 4096, 0
3959, 4266, 1, 4096, 0
3960, 4782, 1, 4096, 0
3961, 5577, 1, 4096, 0
3961, 6497, 1, 4096, 0
3962, 15256, 1, 4096, 0
3962, 22960, 1, 4096, 0
3962, 8504, 1, 4096, 0
3963, 7751, 1, 4096, 0
3963, 4813, 1, 4096, 0
3964, 5964, 1, 4096, 0
3964, 6241, 1, 4096, 0
3964, 8584, 1, 4096, 0
3965, 4890, 1, 4096, 0
3965, 6696, 1, 4096, 0
3965, 8194, 1, 4096, 0
3966, 5643, 1, 4096, 0
3966, 7451, 1, 4096, 0
3966, 3678, 1, 4096, 0
3967, 9916, 1, 4096, 0
3967, 8861, 1, 4096, 0
3968, 4836, 1, 4096, 0
3968, 5175, 1, 4096, 0
3968, 7188, 1, 4096, 0
3969, 4155, 1, 4096, 0
3969, 5918, 1, 4096, 0
3969, 4690, 1, 4096, 0
3970, 7569, 1, 4096, 0
3970, 8456, 1, 4096, 0
3970, 3296, 1, 4096, 0
3971, 6194, 1, 4096, 0
3971, 9083, 1, 4096, 0
3972, 6243, 1, 4096, 0
3972, 8952, 1, 4096, 0
3972, 8519, 1, 4096, 0
3973, 10230, 1, 4096, 0
3973, 6452, 1, 4096, 0
3973, 3396, 1, 4096, 0
3974, 6814, 1, 4096, 0
3974, 9766, 1, 4096, 0
3975, 6917, 1, 4096, 0
3975, 8752, 1, 4096, 0
3975, 10665, 1, 4096, 0
3976, 10575, 1, 4096, 0
3976, 9083, 1, 4096, 0
3977, 10454, 1, 4096, 0
3977, 3038, 1, 4096, 0
3977, 8799, 1, 4096, 0
3978, 7936, 1, 4096, 0
3979, 7086, 1, 4096, 0
3979, 6193, 1, 4096, 0
3979, 4688, 1, 4096, 0
3980, 11497, 1, 4096, 0
3980, 10611, 1, 4096, 0
3980, 4341, 1, 4096, 0
3981, 6478, 1, 4096, 0
3981, 7439, 1, 4096, 0
3981, 3253, 1, 4096, 0
3982, 7061, 1, 4096, 0
3982, 8697, 1, 4096, 0
3982, 4470, 1, 4096, 0
3983, 11778, 1, 4096, 0
3983, 8495, 1, 4096, 0
3983, 5325, 1, 4096, 0
3984, 10631, 1, 4096, 0
3985, 7860, 1, 4096, 0
3985, 9936, 1, 4096, 0
3985, 8598, 1, 4096, 0
3986, 8413, 1, 4096, 0
3986, 4542, 1, 4096, 0
3986, 7076, 1, 4096, 0
3987, 7337, 1, 4096, 0
3987, 14488, 1, 4096, 0
3987, 10752, 1, 4096, 0
3988, 7139, 1, 4096, 0
3988, 10161, 1, 4096, 0
3988, 8197, 1, 4096, 0
3989, 6647, 1, 4096, 0
3989, 9384, 1, 4096, 0
3989, 12613, 1, 4096, 0
3990, 5572, 1, 4096, 0
3991, 7378, 1, 4096, 0
3991, 18202, 1, 4096, 0
3991, 11698, 1, 4096, 0
3992, 9403, 1, 4096, 0
3992, 7404, 1, 4096, 0
3992, 7816, 1, 4096, 0
3993, 8448, 1, 4096, 0
3993, 4494, 1, 4096, 0
3994, 3939, 1, 4096, 0
3994, 6695, 1, 4096, 0
3994, 8605, 1, 4096, 0
3995, 6525, 1, 4096, 0
3995, 6592, 1, 4096, 0
3995, 9184, 1, 4096, 0
3996, 4699, 1, 4096, 0
3996, 9409, 1, 4096, 0
3997, 8078, 1, 4096, 0
3997, 8024, 1, 4096, 0
3997, 6670, 1, 4096, 0
3998, 6016, 1, 4096, 0
3998, 8845, 1, 4096, 0
3998, 10726, 1, 4096, 0
3998, 4177, 1, 4096, 0
3999, 9897, 1, 4096, 0
3999, 10269, 1, 4096, 0
4000, 13091, 1, 4096, 0
4000, 6309, 1, 4096, 0
4001, 8791, 1, 4096, 0
4001, 10260, 1, 4096, 0
4001, 11009, 1, 4096, 0
4002, 8828, 1, 4096, 0
4002, 8275, 1, 4096, 0
4002, 9226, 1, 4096, 0
4003, 5592, 1, 4096, 0
4004, 16395, 1, 4096, 0
4004, 8463, 1, 4096, 0
4004, 3541, 1, 4096, 0
4005, 10187, 1, 4096, 0
4005, 3329, 1, 4096, 0
4006, 4997, 1, 4096, 0
4006, 8103, 1, 4096, 0
4006, 3014, 1, 4096, 0
4007, 7984, 1, 4096, 0
4007, 11298, 1, 4096, 0
4007, 8478, 1, 4096, 0
4008, 8641, 1, 4096, 0
4009, 9129, 1, 4096, 0
4009, 2198, 1, 4096, 0
4009, 5944, 1, 4096, 0
4010, 10312, 1, 4096, 0
4010, 5347, 1, 4096, 0
4010, 6078, 1, 4096, 0
4011, 4633, 1, 4096, 0
4011, 10190, 1, 4096, 0
4011, 4628, 1, 4096, 0
4012, 13349, 1, 4096, 0
4012, 7161, 1, 4096, 0
4012, 9736, 1, 4096, 0
4013, 6959, 1, 4096, 0
4013, 9916, 1, 4096, 0
4013, 10024, 1, 4096, 0
4014, 11312, 1, 4096, 0
4014, 7133, 1, 4096, 0
4014, 2389, 1, 4096, 0
4015, 8438, 1, 4096, 0
4015, 4822, 1, 4096, 0
4015, 5568, 1, 4096, 0
4016, 6857, 1, 4096, 0
4016, 3442, 1, 4096, 0
4017, 10531, 1, 4096, 0
4017, 6519, 1, 4096, 0
4017, 5935, 1, 4096, 0
4018, 8039, 1, 4096, 0
4018, 9996, 1, 4096, 0
4019, 7529, 1, 4096, 0
4019, 6700, 1, 4096, 0
4019, 5862, 1, 4096, 0
4020, 7672, 1, 4096, 0
4020, 4529, 1, 4096, 0
4020, 2411, 1, 4096, 0
4021, 8298, 1, 4096, 0
4021, 6379, 1, 4096, 0
4021, 8968, 1, 4096, 0
4022, 9087, 1, 4096, 0
4023, 7122, 1, 4096, 0
4023, 3558, 1, 4096, 0
4024, 10365, 1, 4096, 0
4024, 11138, 1, 4096, 0
4024, 10117, 1, 4096, 0
4025, 9098, 1, 4096, 0
4025, 8834, 1, 4096, 0
4025, 4965, 1, 4096, 0
4026, 9403, 1, 4096, 0
4026, 9560, 1, 4096, 0
4026, 2846, 1, 4096, 0
4027, 10865, 1, 4096, 0
4028, 7193, 1, 4096, 0
4028, 4048, 1, 4096, 0
4028, 5715, 1, 4096, 0
4029, 6898, 1, 4096, 0
4029, 3952, 1, 4096, 0
4029, 4901, 1, 4096, 0
4029, 6166, 1, 4096, 0
4030, 9865, 1, 4096, 0
4030, 8878, 1, 4096, 0
4031, 5790, 1, 4096, 0
4031, 9607, 1, 4096, 0
4031, 12715, 1, 4096, 0
4032, 9952, 1, 4096, 0
4032, 3870, 1, 4096, 0
4032, 8904, 1, 4096, 0
4033, 9370, 1, 4096, 0
4033, 4116, 1, 4096, 0
4034, 8977, 1, 4096, 0
4034, 10455, 1, 4096, 0
4035, 10252, 1, 4096, 0
4035, 7769, 1, 4096, 0
4035, 6121, 1, 4096, 0
4036, 8582, 1, 4096, 0
4036, 5652, 1, 4096, 0
4037, 4625, 1, 4096, 0
4037, 7976, 1, 4096, 0
4037, 4982, 1, 4096, 0
4038, 9049, 1, 4096, 0
4039, 12513, 1, 4096, 0
4039, 2965, 1, 4096, 0
4039, 2904, 1, 4096, 0
4039, 8971, 1, 4096, 0
4040, 11282, 1, 4096, 0
4040, 3898, 1, 4096, 0
4040, 6337, 1, 4096, 0
4041, 6375, 1, 4096, 0
4042, 3423, 1, 4096, 0
4042, 4417, 1, 4096, 0
4042, 7544, 1, 4096, 0
4043, 10338, 1, 4096, 0
4043, 3269, 1, 4096, 0
4043, 7571, 1, 4096, 0
4044, 8258, 1, 4096, 0
4044, 7970, 1, 4096, 0
4045, 8056, 1, 4096, 0
4045, 8658, 1, 4096, 0
4045, 8001, 1, 4096, 0
4046, 7443, 1, 4096, 0
4046, 7672, 1, 4096, 0
4046, 6762, 1, 4096, 0
4047, 5427, 1, 4096, 0
4047, 10667, 1, 4096, 0
4047, 9035, 1, 4096, 0
4047, 4788, 1, 4096, 0
4048, 12446, 1, 4096, 0
4048, 6753, 1, 4096, 0
4049, 5367, 1, 4096, 0
4050, 6703, 1, 4096, 0
4050, 4749, 1, 4096, 0
4050, 4199, 1, 4096, 0
4051, 8301, 1, 4096, 0
4051, 7389, 1, 4096, 0
4051, 2507, 1, 4096, 0
4052, 7319, 1, 4096, 0
4052, 3470, 1, 4096, 0
4052, 8416, 1, 4096, 0
4053, 6097, 1, 4096, 0
4053, 9295, 1, 4096, 0
4053, 5796, 1, 4096, 0
4054, 4678, 1, 4096, 0
4054, 10114, 1, 4096, 0
4054, 9048, 1, 4096, 0
4055, 9187, 1, 4096, 0
4055, 7316, 1, 4096, 0
4055, 4695, 1, 4096, 0
4056, 7404, 1, 4096, 0
4056, 4880, 1, 4096, 0
4056, 12364, 1, 4096, 0
4057, 8905, 1, 4096, 0
4057, 4086, 1, 4096, 0
4058, 6556, 1, 4096, 0
4058, 10286, 1, 4096, 0
4058, 5216, 1, 4096, 0
4059, 5900, 1, 4096, 0
4060, 9627, 1, 4096, 0
4060, 6578, 1, 4096, 0
4060, 10056, 1, 4096, 0
4061, 5938, 1, 4096, 0
4061, 7591, 1, 4096, 0
4061, 10723, 1, 4096, 0
4062, 5626, 1, 4096, 0
4062, 8882, 1, 4096, 0
4062, 8291, 1, 4096, 0
4062, 3514, 1, 4096, 0
4063, 8739, 1, 4096, 0
4063, 8291, 1, 4096, 0
4064, 8610, 1, 4096, 0
4064, 5855, 1, 4096, 0
4065, 11299, 1, 4096, 0
4065, 11906, 1, 4096, 0
4065, 4771, 1, 4096, 0
4066, 9637, 1, 4096, 0
4066, 6380, 1, 4096, 0
4066, 10817, 1, 4096, 0
4067, 8608, 1, 4096, 0
4067, 8380, 1, 4096, 0
4068, 7226, 1, 4096, 0
4068, 9691, 1, 4096, 0
4068, 8706, 1, 4096, 0
4069, 6124, 1, 4096, 0
4069, 11322, 1, 4096, 0
4069, 8006, 1, 4096, 0
4070, 7163, 1, 4096, 0
4070, 7203, 1, 4096, 0
4070, 7600, 1, 4096, 0
4071, 8745, 1, 4096, 0
4071, 6482, 1, 4096, 0
4071, 3818, 1, 4096, 0
4072, 8141, 1, 4096, 0
4072, 5613, 1, 4096, 0
4072, 9047, 1, 4096, 0
4073, 6382, 1, 4096, 0
4073, 6871, 1, 4096, 0
4074, 8933, 1, 4096, 0
4074, 6264, 1, 4096, 0
4074, 4607, 1, 4096, 0
4075, 3752, 1, 4096, 0
4076, 11757, 1, 4096, 0
4076, 5980, 1, 4096, 0
4076, 6485, 1, 4096, 0
4077, 15255, 1, 4096, 0
4077, 5778, 1, 4096, 0
4077, 4569, 1, 4096, 0
4078, 10827, 1, 4096, 0
4078, 10757, 1, 4096, 0
4079, 7407, 1, 4096, 0
4079, 6321, 1, 4096, 0
4080, 5559, 1, 4096, 0
4080, 3355, 1, 4096, 0
4080, 8866, 1, 4096, 0
4081, 12754, 1, 4096, 0
4081, 2750, 1, 4096, 0
4082, 7595, 1, 4096, 0
4082, 8836, 1, 4096, 0
4083, 8455, 1, 4096, 0
4083, 4734, 1, 4096, 0
4084, 4290, 1, 4096, 0
4084, 5251, 1, 4096, 0
4084, 10156, 1, 4096, 0
4085, 10270, 1, 4096, 0
4085, 9384, 1, 4096, 0
4085, 7902, 1, 4096, 0
4086, 4910, 1, 4096, 0
4086, 7063, 1, 4096, 0
4086, 4370, 1, 4096, 0
4087, 15738, 1, 4096, 0
4088, 5738, 1, 4096, 0
4088, 3534, 1, 4096, 0
4088, 4935, 1, 4096, 0
4088, 10105, 1, 4096, 0
4089, 7929, 1, 4096, 0
4090, 9481, 1, 4096, 0
4090, 5558, 1, 4096, 0
4090, 3587, 1, 4096, 0
4091, 5739, 1, 4096, 0
4091, 5188, 1, 4096, 0
4091, 3672, 1, 4096, 0
4092, 11707, 1, 4096, 0
4092, 3542, 1, 4096, 0
4092, 9707, 1, 4096, 0
4093, 6769, 1, 4096, 0
4093, 5355, 1, 4096, 0
4093, 6875, 1, 4096, 0
4094, 15767, 1, 4096, 0
4094, 8143, 1, 4096, 0
4094, 4696, 1, 4096, 0
4095, 5396, 1, 4096, 0
4096, 16303, 1, 4096, 0
4096, 6045, 1, 4096, 0
4097, 7038, 1, 4096, 0
4097, 8168, 1, 4096, 0
4097, 16315, 1, 4096, 0
4098, 5985, 1, 4096, 0
4098, 7117, 1, 4096, 0
4098, 2406, 1, 4096, 0
4099, 10750, 1, 4096, 0
4099, 10287, 1, 4096, 0
4099, 5577, 1, 4096, 0
4100, 10154, 1, 4096, 0
4101, 5518, 1, 4096, 0
4101, 2769, 1, 4096, 0
4102, 7729, 1, 4096, 0
4102, 9071, 1, 4096, 0
4102, 7269, 1, 4096, 0
4103, 5413, 1, 4096, 0
4103, 6053, 1, 4096, 0
4104, 7769, 1, 4096, 0
4104, 10598, 1, 4096, 0
4105, 4651, 1, 4096, 0
4105, 5434, 1, 4096, 0
4106, 9278, 1, 4096, 0
4106, 5750, 1, 4096, 0
4106, 3573, 1, 4096, 0
4106, 6014, 1, 4096, 0
4107, 11436, 1, 4096, 0
4107, 4919, 1, 4096, 0
4107, 6367, 1, 4096, 0
4108, 6775, 1, 4096, 0
4108, 7557, 1, 4096, 0
4108, 5978, 1, 4096, 0
4109, 7087, 1, 4096, 0
4109, 6913, 1, 4096, 0
4110, 6778, 1, 4096, 0
4110, 3289, 1, 4096, 0
4110, 10524, 1, 4096, 0
4111, 10894, 1, 4096, 0
4111, 4610, 1, 4096, 0
4111, 6932, 1, 4096, 0
4112, 10119, 1, 4096, 0
4112, 4627, 1, 4096, 0
4112, 7939, 1, 4096, 0
4113, 8931, 1, 4096, 0
4113, 26248, 1, 4096, 0
4113, 4418, 1, 4096, 0
4113, 7941, 1, 4096, 0
4114, 7235, 1, 4096, 0
4114, 5533, 1, 4096, 0
4114, 8028, 1, 4096, 0
4115, 6144, 1, 4096, 0
4115, 1630, 1, 4096, 0
4116, 5844, 1, 4096, 0
4116, 6080, 1, 4096, 0
4117, 4725, 1, 4096, 0
4117, 5079, 1, 4096, 0
4117, 10766, 1, 4096, 0
4117, 6096, 1, 4096, 0
4118, 11366, 1, 4096, 0
4118, 5543, 1, 4096, 0
4118, 6180, 1, 4096, 0
4119, 8459, 1, 4096, 0
4119, 8177, 1, 4096, 0
4119, 5611, 1, 4096, 0
4119, 4006, 1, 4096, 0
4120, 5050, 1, 4096, 0
4121, 6286, 1, 4096, 0
4121, 2827, 1, 4096, 0
4122, 9208, 1, 4096, 0
4122, 4141, 1, 4096, 0
4123, 8214, 1, 4096, 0
4123, 3270, 1, 4096, 0
4123, 8121, 1, 4096, 0
4124, 8071, 1, 4096, 0
4124, 4012, 1, 4096, 0
4124, 5782, 1, 4096, 0
4125, 10009, 1, 4096, 0
4125, 3813, 1, 4096, 0
4126, 6808, 1, 4096, 0
4126, 24536, 1, 4096, 0
4126, 7356, 1, 4096, 0
4126, 5683, 1, 4096, 0
4127, 6670, 1, 4096, 0
4127, 10483, 1, 4096, 0
4127, 10689, 1, 4096, 0
4128, 7489, 1, 4096, 0
4128, 2466, 1, 4096, 0
4128, 7755, 1, 4096, 0
4129, 9795, 1, 4096, 0
4129, 8065, 1, 4096, 0
4130, 9356, 1, 4096, 0
4130, 9391, 1, 4096, 0
4130, 8367, 1, 4096, 0
4131, 6913, 1, 4096, 0
4131, 2651, 1, 4096, 0
4132, 5900, 1, 4096, 0
4132, 4102, 1, 4096, 0
4132, 8763, 1, 4096, 0
4133, 7177, 1, 4096, 0
4133, 4930, 1, 4096, 0
4133, 8236, 1, 4096, 0
4134, 6241, 1, 4096, 0
4134, 3125, 1, 4096, 0
4135, 9488, 1, 4096, 0
4136, 7485, 1, 4096, 0
4136, 6064, 1, 4096, 0
4136, 2533, 1, 4096, 0
4137, 9743, 1, 4096, 0
4137, 5538, 1, 4096, 0
4137, 10087, 1, 4096, 0
4138, 9360, 1, 4096, 0
4138, 1936, 1, 4096, 0
4138, 6667, 1, 4096, 0
4139, 9403, 1, 4096, 0
4139, 5143, 1, 4096, 0
4139, 12291, 1, 4096, 0
4140, 9526, 1, 4096, 0
4140, 10167, 1, 4096, 0
4141, 10388, 1, 4096, 0
4141, 8103, 1, 4096, 0
4142, 6696, 1, 4096, 0
4142, 7782, 1, 4096, 0
4142, 9966, 1, 4096, 0
4143, 6500, 1, 4096, 0
4143, 7674, 1, 4096, 0
4144, 8553, 1, 4096, 0
4144, 6917, 1, 4096, 0
4144, 3552, 1, 4096, 0
4145, 7319, 1, 4096, 0
4145, 4143, 1, 4096, 0
4145, 9860, 1, 4096, 0
4146, 7500, 1, 4096, 0
4146, 7496, 1, 4096, 0
4146, 8018, 1, 4096, 0
4147, 10284, 1, 4096, 0
4147, 2900, 1, 4096, 0
4147, 11845, 1, 4096, 0
4148, 10619, 1, 4096, 0
4148, 10035, 1, 4096, 0
4148, 2569, 1, 4096, 0
4149, 17326, 1, 4096, 0
4149, 7082, 1, 4096, 0
4150, 6599, 1, 4096, 0
4150, 8494, 1, 4096, 0
4151, 6526, 1, 4096, 0
4151, 5746, 1, 4096, 0
4151, 13898, 1, 4096, 0
4152, 5505, 1, 4096, 0
4152, 11099, 1, 4096, 0
4152, 6521, 1, 4096, 0
4153, 5309, 1, 4096, 0
4153, 8236, 1, 4096, 0
4153, 3043, 1, 4096, 0
4154, 9154, 1, 4096, 0
4154, 7942, 1, 4096, 0
4155, 10626, 1, 4096, 0
4155, 3480, 1, 4096, 0
4156, 4677, 1, 4096, 0
4156, 3968, 1, 4096, 0
4157, 11440, 1, 4096, 0
4157, 7576, 1, 4096, 0
4157, 8750, 1, 4096, 0
4158, 6394, 1, 4096, 0
4159, 10708, 1, 4096, 0
4159, 4598, 1, 4096, 0
4159, 6663, 1, 4096, 0
4160, 8397, 1, 4096, 0
4160, 5380, 1, 4096, 0
4160, 7385, 1, 4096, 0
4160, 6313, 1, 4096, 0
4161, 5280, 1, 4096, 0
4161, 7500, 1, 4096, 0
4161, 9710, 1, 4096, 0
4161, 2636, 1, 4096, 0
4162, 8046, 1, 4096, 0
4162, 1881, 1, 4096, 0
4163, 3630, 1, 4096, 0
4164, 9031, 1, 4096, 0
4164, 3315, 1, 4096, 0
4165, 9789, 1, 4096, 0
4165, 5530, 1, 4096, 0
4165, 4616, 1, 4096, 0
4166, 10635, 1, 4096, 0
4166, 9685, 1, 4096, 0
4166, 8847, 1, 4096, 0
4167, 9535, 1, 4096, 0
4167, 6525, 1, 4096, 0
4167, 8009, 1, 4096, 0
4168, 9374, 1, 4096, 0
4168, 7686, 1, 4096, 0
4169, 7972, 1, 4096, 0
4169, 5266, 1, 4096, 0
4169, 3856, 1, 4096, 0
4169, 7000, 1, 4096, 0
4170, 13211, 1, 4096, 0
4170, 6993, 1, 4096, 0
4170, 7706, 1, 4096, 0
4171, 7941, 1, 4096, 0
4171, 6526, 1, 4096, 0
4171, 6531, 1, 4096, 0
4172, 4354, 1, 4096, 0
4172, 6784, 1, 4096, 0
4173, 8537, 1, 4096, 0
4173, 7532, 1, 4096, 0
4174, 7109, 1, 4096, 0
4174, 7043, 1, 4096, 0
4174, 7991, 1, 4096, 0
4175, 9709, 1, 4096, 0
4175, 8884, 1, 4096, 0
4175, 8357, 1, 4096, 0
4176, 10953, 1, 4096, 0
4176, 5787, 1, 4096, 0
4177, 8934, 1, 4096, 0
4177, 9351, 1, 4096, 0
4177, 11437, 1, 4096, 0
4178, 8338, 1, 4096, 0
4178, 3178, 1, 4096, 0
4178, 13349, 1, 4096, 0
4179, 6232, 1, 4096, 0
4179, 8642, 1, 4096, 0
4179, 10403, 1, 4096, 0
4180, 5786, 1, 4096, 0
4180, 5013, 1, 4096, 0
4180, 4696, 1, 4096, 0
4181, 8772, 1, 4096, 0
4181, 6485, 1, 4096, 0
4181, 6747, 1, 4096, 0
4182, 8990, 1, 4096, 0
4182, 9093, 1, 4096, 0
4182, 10584, 1, 4096, 0
4183, 8884, 1, 4096, 0
4183, 8450, 1, 4096, 0
4184, 10334, 1, 4096, 0
4184, 8702, 1, 4096, 0
4184, 5535, 1, 4096, 0
4185, 4778, 1, 4096, 0
4185, 7476, 1, 4096, 0
4186, 7531, 1, 4096, 0
4186, 6389, 1, 4096, 0
4186, 9006, 1, 4096, 0
4187, 6449, 1, 4096, 0
4187, 11012, 1, 4096, 0
4188, 10397, 1, 4096, 0
4189, 4981, 1, 4096, 0
4189, 4461, 1, 4096, 0
4189, 8037, 1, 4096, 0
4190, 8950, 1, 4096, 0
4190, 5839, 1, 4096, 0
4190, 10735, 1, 4096, 0
4191, 4197, 1, 4096, 0
4191, 4636, 1, 4096, 0
4191, 11060, 1, 4096, 0
4192, 6285, 1, 4096, 0
4192, 8755, 1, 4096, 0
4193, 10036, 1, 4096, 0
4193, 7377, 1, 4096, 0
4193, 6255, 1, 4096, 0
4193, 5208, 1, 4096, 0
4194, 8409, 1, 4096, 0
4195, 11768, 1, 4096, 0
4195, 4301, 1, 4096, 0
4196, 7162, 1, 4096, 0
4196, 9705, 1, 4096, 0
4196, 4632, 1, 4096, 0
4197, 9644, 1, 4096, 0
4197, 6522, 1, 4096, 0
4197, 8730, 1, 4096, 0
4198, 7833, 1, 4096, 0
4198, 3359, 1, 4096, 0
4199, 7157, 1, 4096, 0
4199, 7154, 1, 4096, 0
4199, 8117, 1, 4096, 0
4200, 10251, 1, 4096, 0
4200, 8560, 1, 4096, 0
4200, 4531, 1, 4096, 0
4201, 10534, 1, 4096, 0
4201, 7294, 1, 4096, 0
4201, 8141, 1, 4096, 0
4202, 5278, 1, 4096, 0
4202, 7206, 1, 4096, 0
4202, 4851, 1, 4096, 0
4203, 8091, 1, 4096, 0
4204, 4897, 1, 4096, 0
4204, 7887, 1, 4096, 0
4204, 10895, 1, 4096, 0
4205, 8261, 1, 4096, 0
4205, 5369, 1, 4096, 0
4206, 9177, 1, 4096, 0
4206, 5885, 1, 4096, 0
4206, 2161, 1, 4096, 0
4207, 12381, 1, 4096, 0
4207, 8118, 1, 4096, 0
4207, 8002, 1, 4096, 0
4208, 7208, 1, 4096, 0
4208, 7994, 1, 4096, 0
4208, 3033, 1, 4096, 0
4209, 7510, 1, 4096, 0
4209, 8056, 1, 4096, 0
4210, 13238, 1, 4096, 0
4210, 7659, 1, 4096, 0
4211, 8141, 1, 4096, 0
4211, 3737, 1, 4096, 0
4211, 7434, 1, 4096, 0
4212, 8414, 1, 4096, 0
4212, 5671, 1, 4096, 0
4212, 8043, 1, 4096, 0
4213, 5758, 1, 4096, 0
4213, 12135, 1, 4096, 0
4213, 6419, 1, 4096, 0
4214, 7690, 1, 4096, 0
4214, 8665, 1, 4096, 0
4215, 5941, 1, 4096, 0
4215, 9751, 1, 4096, 0
4216, 6746, 1, 4096, 0
4216, 5807, 1, 4096, 0
4217, 5356, 1, 4096, 0
4217, 11638, 1, 4096, 0
4218, 11324, 1, 4096, 0
4218, 10760, 1, 4096, 0
4218, 10949, 1, 4096, 0
4219, 5182, 1, 4096, 0
4219, 9123, 1, 4096, 0
4220, 8523, 1, 4096, 0
4220, 5648, 1, 4096, 0
4220, 10732, 1, 4096, 0
4221, 8899, 1, 4096, 0
4221, 9489, 1, 4096, 0
4221, 5769, 1, 4096, 0
4222, 4827, 1, 4096, 0
4222, 7236, 1, 4096, 0
4222, 4817, 1, 4096, 0
4223, 13653, 1, 4096, 0
4223, 3789, 1, 4096, 0
4224, 6721, 1, 4096, 0
4224, 4111, 1, 4096, 0
4224, 8495, 1, 4096, 0
4225, 7179, 1, 4096, 0
4225, 6987, 1, 4096, 0
4225, 4312, 1, 4096, 0
4226, 6619, 1, 4096, 0
4226, 7322, 1, 4096, 0
4226, 3605, 1, 4096, 0
4227, 11101, 1, 4096, 0
4227, 6374, 1, 4096, 0
4227, 3016, 1, 4096, 0
4228, 5236, 1, 4096, 0
4229, 6398, 1, 4096, 0
4229, 7246, 1, 4096, 0
4229, 3609, 1, 4096, 0
4230, 5878, 1, 4096, 0
4230, 3377, 1, 4096, 0
4231, 9472, 1, 4096, 0
4231, 3697, 1, 4096, 0
4231, 12119, 1, 4096, 0
4232, 8716, 1, 4096, 0
4232, 5532, 1, 4096, 0
4232, 3032, 1, 4096, 0
4233, 9809, 1, 4096, 0
4233, 3382, 1, 4096, 0
4233, 7126, 1, 4096, 0
4234, 11613, 1, 4096, 0
4234, 9298, 1, 4096, 0
4235, 5348, 1, 4096, 0
4235, 10627, 1, 4096, 0
4235, 5652, 1, 4096, 0
4236, 6700, 1, 4096, 0
4237, 8179, 1, 4096, 0
4237, 4039, 1, 4096, 0
4237, 14876, 1, 4096, 0
4238, 8473, 1, 4096, 0
4238, 4146, 1, 4096, 0
4238, 4364, 1, 4096, 0
4239, 7603, 1, 4096, 0
4239, 9158, 1, 4096, 0
4239, 7996, 1, 4096, 0
4240, 8288, 1, 4096, 0
4240, 6644, 1, 4096, 0
4240, 5266, 1, 4096, 0
4241, 7233, 1, 4096, 0
4241, 6852, 1, 4096, 0
4241, 4182, 1, 4096, 0
4242, 9549, 1, 4096, 0
4243, 4235, 1, 4096, 0
4243, 5574, 1, 4096, 0
4243, 7003, 1, 4096, 0
4244, 7220, 1, 4096, 0
4244, 9384, 1, 4096, 0
4245, 9377, 1, 4096, 0
4245, 5713, 1, 4096, 0
4245, 14549, 1, 4096, 0
4246, 6243, 1, 4096, 0
4246, 5523, 1, 4096, 0
4246, 6317, 1, 4096, 0
4247, 7751, 1, 4096, 0
4247, 6674, 1, 4096, 0
4247, 2655, 1, 4096, 0
4248, 9265, 1, 4096, 0
4248, 4696, 1, 4096, 0
4248, 11679, 1, 4096, 0
4249, 8904, 1, 4096, 0
4249, 4438, 1, 4096, 0
4249, 10512, 1, 4096, 0
4250, 8929, 1, 4096, 0
4250, 10244, 1, 4096, 0
4251, 5592, 1, 4096, 0
4251, 5911, 1, 4096, 0
4251, 7736, 1, 4096, 0
4252, 10943, 1, 4096, 0
4252, 7934, 1, 4096, 0
4252, 5300, 1, 4096, 0
4253, 5946, 1, 4096, 0
4253, 9362, 1, 4096, 0
4253, 10037, 1, 4096, 0
4254, 6848, 1, 4096, 0
4254, 9195, 1, 4096, 0
4254, 5551, 1, 4096, 0
4255, 9305, 1, 4096, 0
4255, 5873, 1, 4096, 0
4256, 10125, 1, 4096, 0
4256, 10349, 1, 4096, 0
4256, 9306, 1, 4096, 0
4257, 9920, 1, 4096, 0
4257, 6641, 1, 4096, 0
4257, 7294, 1, 4096, 0
4258, 8127, 1, 4096, 0
4258, 5415, 1, 4096, 0
4258, 3768, 1, 4096, 0
4259, 8364, 1, 4096, 0
4259, 9759, 1, 4096, 0
4259, 4840, 1, 4096, 0
4260, 7997, 1, 4096, 0
4260, 4326, 1, 4096, 0
4260, 8734, 1, 4096, 0
4261, 9321, 1, 4096, 0
4261, 7030, 1, 4096, 0
4262, 6750, 1, 4096, 0
4262, 10591, 1, 4096, 0
4262, 8593, 1, 4096, 0
4263, 13855, 1, 4096, 0
4263, 11613, 1, 4096, 0
4263, 7538, 1, 4096, 0
4264, 23531, 1, 4096, 0
4264, 4933, 1, 4096, 0
4264, 7071, 1, 4096, 0
4265, 10231, 1, 4096, 0
4265, 5658, 1, 4096, 0
4266, 8221, 1, 4096, 0
4266, 7318, 1, 4096, 0
4267, 5999, 1, 4096, 0
4267, 2073, 1, 4096, 0
4267, 9163, 1, 4096, 0
4268, 10307, 1, 4096, 0
4268, 3210, 1, 4096, 0
4269, 9714, 1, 4096, 0
4269, 8835, 1, 4096, 0
4269, 10652, 1, 4096, 0
4269, 4861, 1, 4096, 0
4270, 8893, 1, 4096, 0
4270, 6757, 1, 4096, 0
4270, 10058, 1, 4096, 0
4271, 9256, 1, 4096, 0
4271, 9859, 1, 4096, 0
4271, 3954, 1, 4096, 0
4272, 12366, 1, 4096, 0
4272, 9109, 1, 4096, 0
4273, 5167, 1, 4096, 0
4273, 7786, 1, 4096, 0
4274, 4222, 1, 4096, 0
4274, 6263, 1, 4096, 0
4274, 9712, 1, 4096, 0
4275, 6581, 1, 4096, 0
4275, 8562, 1, 4096, 0
4276, 7213, 1, 4096, 0
4276, 4103, 1, 4096, 0
4276, 3540, 1, 4096, 0
4277, 4703, 1, 4096, 0
4277, 2195, 1, 4096, 0
4278, 5563, 1, 4096, 0
4278, 5606, 1, 4096, 0
4279, 5379, 1, 4096, 0
4279, 10150, 1, 4096, 0
4280, 6265, 1, 4096, 0
4280, 4010, 1, 4096, 0
4280, 7513, 1, 4096, 0
4281, 13020, 1, 4096, 0
4281, 7449, 1, 4096, 0
4281, 9031, 1, 4096, 0
4282, 9165, 1, 4096, 0
4282, 3766, 1, 4096, 0
4282, 3126, 1, 4096, 0
4283, 6545, 1, 4096, 0
4283, 5660, 1, 4096, 0
4283, 8088, 1, 4096, 0
4284, 8668, 1, 4096, 0
4284, 8342, 1, 4096, 0
4284, 8580, 1, 4096, 0
4285, 10844, 1, 4096, 0
4285, 2940, 1, 4096, 0
4285, 9354, 1, 4096, 0
4286, 9240, 1, 4096, 0
4286, 7458, 1, 4096, 0
4286, 8560, 1, 4096, 0
4287, 11299, 1, 4096, 0
4287, 9692, 1, 4096, 0
4288, 10615, 1, 4096, 0
4289, 10497, 1, 4096, 0
4289, 8289, 1, 4096, 0
4290, 7887, 1, 4096, 0
4290, 8356, 1, 4096, 0
4291, 4186, 1, 4096, 0
4292, 9080, 1, 4096, 0
4292, 3714, 1, 4096, 0
4293, 9416, 1, 4096, 0
4293, 9539, 1, 4096, 0
4294, 6160, 1, 4096, 0
4294, 4222, 1, 4096, 0
4295, 7782, 1, 4096, 0
4295, 5005, 1, 4096, 0
4295, 8977, 1, 4096, 0
4296, 10751, 1, 4096, 0
4296, 8396, 1, 4096, 0
4296, 11108, 1, 4096, 0
4297, 5476, 1, 4096, 0
4297, 2544, 1, 4096, 0
4297, 12769, 1, 4096, 0
4298, 4204, 1, 4096, 0
4298, 5206, 1, 4096, 0
4298, 9453, 1, 4096, 0
4299, 7418, 1, 4096, 0
4299, 10249, 1, 4096, 0
4300, 6680, 1, 4096, 0
4300, 8192, 1, 4096, 0
4301, 8824, 1, 4096, 0
4301, 6404, 1, 4096, 0
4302, 8606, 1, 4096, 0
4302, 6921, 1, 4096, 0
4302, 10889, 1, 4096, 0
4303, 11111, 1, 4096, 0
4303, 5000, 1, 4096, 0
4303, 10097, 1, 4096, 0
4304, 7282, 1, 4096, 0
4304, 6532, 1, 4096, 0
4304, 7507, 1, 4096, 0
4305, 9309, 1, 4096, 0
4306, 5543, 1, 4096, 0
4306, 9412, 1, 4096, 0
4306, 5061, 1, 4096, 0
4307, 5437, 1, 4096, 0
4307, 8347, 1, 4096, 0
4307, 10713, 1, 4096, 0
4308, 6122, 1, 4096, 0
4308, 8179, 1, 4096, 0
4308, 7700, 1, 4096, 0
4309, 9204, 1, 4096, 0
4309, 7933, 1, 4096, 0
4309, 4305, 1, 4096, 0
4310, 8661, 1, 4096, 0
4310, 7044, 1, 4096, 0
4310, 10841, 1, 4096, 0
4311, 9171, 1, 4096, 0
4311, 2890, 1, 4096, 0
4312, 6928, 1, 4096, 0
4312, 10187, 1, 4096, 0
4313, 6650, 1, 4096, 0
4313, 9186, 1, 4096, 0
4313, 9762, 1, 4096, 0
4314, 4086, 1, 4096, 0
4314, 3510, 1, 4096, 0
4315, 7274, 1, 4096, 0
4315, 4879, 1, 4096, 0
4315, 4203, 1, 4096, 0
4316, 7413, 1, 4096, 0
4316, 5865, 1, 4096, 0
4316, 8492, 1, 4096, 0
4317, 8872, 1, 4096, 0
4317, 10064, 1, 4096, 0
4318, 8642, 1, 4096, 0
4318, 10184, 1, 4096, 0
4319, 8546, 1, 4096, 0
4319, 5699, 1, 4096, 0
4319, 4354, 1, 4096, 0
4319, 3962, 1, 4096, 0
4320, 5696, 1, 4096, 0
4320, 10808, 1, 4096, 0
4321, 6460, 1, 4096, 0
4321, 7593, 1, 4096, 0
4321, 6600, 1, 4096, 0
4322, 10743, 1, 4096, 0
4322, 8214, 1, 4096, 0
4322, 8438, 1, 4096, 0
4323, 9361, 1, 4096, 0
4323, 7269, 1, 4096, 0
4323, 7378, 1, 4096, 0
4324, 5512, 1, 4096, 0
4324, 4169, 1, 4096, 0
4325, 7628, 1, 4096, 0
4325, 5083, 1, 4096, 0
4325, 9687, 1, 4096, 0
4326, 7950, 1, 4096, 0
4326, 8437, 1, 4096, 0
4326, 6956, 1, 4096, 0
4327, 11098, 1, 4096, 0
4327, 8011, 1, 4096, 0
4327, 4386, 1, 4096, 0
4328, 8249, 1, 4096, 0
4328, 7100, 1, 4096, 0
4328, 9565, 1, 4096, 0
4329, 9239, 1, 4096, 0
4329, 11194, 1, 4096, 0
4330, 8551, 1, 4096, 0
4330, 4989, 1, 4096, 0
4330, 2345, 1, 4096, 0
4330, 7686, 1, 4096, 0
4331, 3986, 1, 4096, 0
4331, 4708, 1, 4096, 0
4332, 9613, 1, 4096, 0
4332, 9496, 1, 4096, 0
4333, 4425, 1, 4096, 0
4333, 5120, 1, 4096, 0
4333, 9601, 1, 4096, 0
4334, 10677, 1, 4096, 0
4334, 10117, 1, 4096, 0
4335, 8012, 1, 4096, 0
4335, 6724, 1, 4096, 0
4335, 7502, 1, 4096, 0
4336, 12170, 1, 4096, 0
4336, 11100, 1, 4096, 0
4336, 7226, 1, 4096, 0
4337, 8767, 1, 4096, 0
4337, 8877, 1, 4096, 0
4338, 6726, 1, 4096, 0
4338, 7137, 1, 4096, 0
4339, 9613, 1, 4096, 0
4339, 8290, 1, 4096, 0
4339, 7854, 1, 4096, 0
4340, 10730, 1, 4096, 0
4340, 5020, 1, 4096, 0
4340, 4139, 1, 4096, 0
4341, 9865, 1, 4096, 0
4341, 9080, 1, 4096, 0
4342, 9938, 1, 4096, 0
4342, 4194, 1, 4096, 0
4343, 6214, 1, 4096, 0
4343, 4916, 1, 4096, 0
4344, 14030, 1, 4096, 0
4344, 4938, 1, 4096, 0
4345, 8936, 1, 4096, 0
4345, 6094, 1, 4096, 0
4345, 4060, 1, 4096, 0
4346, 4806, 1, 4096, 0
4346, 6803, 1, 4096, 0
4346, 8995, 1, 4096, 0
4347, 8396, 1, 4096, 0
4347, 3066, 1, 4096, 0
4347, 8347, 1, 4096, 0
4348, 13519, 1, 4096, 0
4348, 7243, 1, 4096, 0
4348, 4623, 1, 4096, 0
4349, 5551, 1, 4096, 0
4349, 5870, 1, 4096, 0
4349, 3087, 1, 4096, 0
4350, 4885, 1, 4096, 0
4350, 10942, 1, 4096, 0
4350, 7820, 1, 4096, 0
4351, 7883, 1, 4096, 0
4351, 9227, 1, 4096, 0
4351, 4551, 1, 4096, 0
4352, 13521, 1, 4096, 0
4353, 6541, 1, 4096, 0
4353, 4408, 1, 4096, 0
4353, 6929, 1, 4096, 0
4354, 10643, 1, 4096, 0
4354, 5292, 1, 4096, 0
4354, 3553, 1, 4096, 0
4355, 7451, 1, 4096, 0
4355, 8285, 1, 4096, 0
4355, 6915, 1, 4096, 0
4356, 7310, 1, 4096, 0
4356, 5379, 1, 4096, 0
4356, 7855, 1, 4096, 0
4357, 5415, 1, 4096, 0
4357, 8635, 1, 4096, 0
4357, 5389, 1, 4096, 0
4358, 22867, 1, 4096, 0
4358, 6469, 1, 4096, 0
4358, 7740, 1, 4096, 0
4359, 6234, 1, 4096, 0
4359, 7593, 1, 4096, 0
4360, 6800, 1, 4096, 0
4360, 9031, 1, 4096, 0
4360, 6671, 1, 4096, 0
4361, 6828, 1, 4096, 0
4361, 8111, 1, 4096, 0
4362, 4455, 1, 4096, 0
4362, 5203, 1, 4096, 0
4362, 4853, 1, 4096, 0
4363, 5113, 1, 4096, 0
4363, 4350, 1, 4096, 0
4363, 5889, 1, 4096, 0
4364, 4523, 1, 4096, 0
4364, 6626, 1, 4096, 0
4364, 3181, 1, 4096, 0
4365, 4778, 1, 4096, 0
4365, 7807, 1, 4096, 0
4365, 5429, 1, 4096, 0
4366, 9796, 1, 4096, 0
4366, 10726, 1, 4096, 0
4366, 5629, 1, 4096, 0
4367, 8905, 1, 4096, 0
4367, 6167, 1, 4096, 0
4368, 7759, 1, 4096, 0
4368, 8406, 1, 4096, 0
4368, 7220, 1, 4096, 0
4369, 8816, 1, 4096, 0
4369, 9096, 1, 4096, 0
4369, 5753, 1, 4096, 0
4370, 6168, 1, 4096, 0
4370, 6755, 1, 4096, 0
4370, 5158, 1, 4096, 0
4371, 9280, 1, 4096, 0
4371, 4857, 1, 4096, 0
4372, 4838, 1, 4096, 0
4372, 9750, 1, 4096, 0
4372, 3660, 1, 4096, 0
4373, 7105, 1, 4096, 0
4373, 4448, 1, 4096, 0
4373, 6936, 1, 4096, 0
4374, 8531, 1, 4096, 0
4374, 5853, 1, 4096, 0
4375, 5702, 1, 4096, 0
4375, 4840, 1, 4096, 0
4376, 9893, 1, 4096, 0
4376, 3806, 1, 4096, 0
4376, 8464, 1, 4096, 0
4377, 6228, 1, 4096, 0
4377, 21414, 1, 4096, 0
4377, 4739, 1, 4096, 0
4378, 7628, 1, 4096, 0
4378, 9559, 1, 4096, 0
4379, 10115, 1, 4096, 0
4379, 10237, 1, 4096, 0
4379, 9201, 1, 4096, 0
4380, 6748, 1, 4096, 0
4380, 4904, 1, 4096, 0
4380, 3972, 1, 4096, 0
4381, 8732, 1, 4096, 0
4382, 8226, 1, 4096, 0
4382, 9171, 1, 4096, 0
4382, 8997, 1, 4096, 0
4383, 7596, 1, 4096, 0
4384, 8413, 1, 4096, 0
4384, 7222, 1, 4096, 0
4385, 6685, 1, 4096, 0
4385, 8438, 1, 4096, 0
4385, 11268, 1, 4096, 0
4385, 5914, 1, 4096, 0
4386, 9035, 1, 4096, 0
4386, 5420, 1, 4096, 0
4387, 6586, 1, 4096, 0
4387, 5128, 1, 4096, 0
4387, 8742, 1, 4096, 0
4388, 5106, 1, 4096, 0
4388, 2199, 1, 4096, 0
4388, 7773, 1, 4096, 0
4389, 4533, 1, 4096, 0
4389, 7294, 1, 4096, 0
4389, 5858, 1, 4096, 0
4390, 9722, 1, 4096, 0
4390, 7373, 1, 4096, 0
4390, 8937, 1, 4096, 0
4391, 5697, 1, 4096, 0
4391, 9895, 1, 4096, 0
4392, 13832, 1, 4096, 0
4393, 9562, 1, 4096, 0
4393, 7188, 1, 4096, 0
4393, 7433, 1, 4096, 0
4394, 5349, 1, 4096, 0
4394, 4134, 1, 4096, 0
4395, 7267, 1, 4096, 0
4395, 4870, 1, 4096, 0
4395, 9180, 1, 4096, 0
4396, 5199, 1, 4096, 0
4396, 2175, 1, 4096, 0
4396, 9026, 1, 4096, 0
4397, 5662, 1, 4096, 0
4397, 3598, 1, 4096, 0
4398, 4399, 1, 4096, 0
4398, 10107, 1, 4096, 0
4398, 10509, 1, 4096, 0
4399, 8142, 1, 4096, 0
4399, 8899, 1, 4096, 0
4399, 7736, 1, 4096, 0
4400, 7209, 1, 4096, 0
4400, 10478, 1, 4096, 0
4401, 8795, 1, 4096, 0
4401, 7875, 1, 4096, 0
4401, 5196, 1, 4096, 0
4402, 8859, 1, 4096, 0
4402, 13111, 1, 4096, 0
4402, 7715, 1, 4096, 0
4403, 8203, 1, 4096, 0
4403, 9312, 1, 4096, 0
4403, 5314, 1, 4096, 0
4404, 8156, 1, 4096, 0
4404, 5515, 1, 4096, 0
4404, 7279, 1, 4096, 0
4405, 8761, 1, 4096, 0
4405, 6792, 1, 4096, 0
4405, 8575, 1, 4096, 0
4406, 9951, 1, 4096, 0
4406, 6415, 1, 4096, 0
4406, 5084, 1, 4096, 0
4407, 8210, 1, 4096, 0
4407, 8422, 1, 4096, 0
4407, 6877, 1, 4096, 0
4408, 14048, 1, 4096, 0
4408, 8470, 1, 4096, 0
4408, 8214, 1, 4096, 0
4409, 5957, 1, 4096, 0
4409, 2748, 1, 4096, 0
4409, 9645, 1, 4096, 0
4410, 6774, 1, 4096, 0
4410, 9510, 1, 4096, 0
4410, 9785, 1, 4096, 0
4411, 7047, 1, 4096, 0
4411, 9991, 1, 4096, 0
4411, 8193, 1, 4096, 0
4412, 9675, 1, 4096, 0
4412, 10069, 1, 4096, 0
4412, 6991, 1, 4096, 0
4413, 11537, 1, 4096, 0
4413, 3479, 1, 4096, 0
4414, 7176, 1, 4096, 0
4414, 8950, 1, 4096, 0
4414, 10946, 1, 4096, 0
4415, 7749, 1, 4096, 0
4415, 8554, 1, 4096, 0
4415, 6151, 1, 4096, 0
4416, 8090, 1, 4096, 0
4416, 6622, 1, 4096, 0
4417, 3876, 1, 4096, 0
4417, 4875, 1, 4096, 0
4418, 6842, 1, 4096, 0
4418, 6582, 1, 4096, 0
4418, 4187, 1, 4096, 0
4419, 8766, 1, 4096, 0
4419, 4830, 1, 4096, 0
4419, 4317, 1, 4096, 0
4420, 10881, 1, 4096, 0
4420, 5405, 1, 4096, 0
4420, 7473, 1, 4096, 0
4421, 5049, 1, 4096, 0
4421, 3316, 1, 4096, 0
4422, 7748, 1, 4096, 0
4422, 9110, 1, 4096, 0
4422, 9437, 1, 4096, 0
4423, 6822, 1, 4096, 0
4423, 6395, 1, 4096, 0
4424, 7523, 1, 4096, 0
4424, 7807, 1, 4096, 0
4424, 7401, 1, 4096, 0
4425, 5262, 1, 4096, 0
4425, 5880, 1, 4096, 0
4426, 7494, 1, 4096, 0
4426, 9120, 1, 4096, 0
4426, 8844, 1, 4096, 0
4427, 4853, 1, 4096, 0
4427, 3774, 1, 4096, 0
4427, 9632, 1, 4096, 0
4428, 11783, 1, 4096, 0
4428, 8565, 1, 4096, 0
4429, 6721, 1, 4096, 0
4429, 9459, 1, 4096, 0
4430, 8172, 1, 4096, 0
4430, 10082, 1, 4096, 0
4430, 6801, 1, 4096, 0
4431, 7399, 1, 4096, 0
4431, 6380, 1, 4096, 0
4432, 4810, 1, 4096, 0
4432, 6487, 1, 4096, 0
4432, 7710, 1, 4096, 0
4433, 5915, 1, 4096, 0
4433, 9415, 1, 4096, 0
4433, 4762, 1, 4096, 0
4434, 4395, 1, 4096, 0
4434, 6316, 1, 4096, 0
4435, 5936, 1, 4096, 0
4435, 5158, 1, 4096, 0
4435, 5653, 1, 4096, 0
4436, 6596, 1, 4096, 0
4436, 3147, 1, 4096, 0
4436, 9060, 1, 4096, 0
4437, 9854, 1, 4096, 0
4437, 7769, 1, 4096, 0
4437, 7847, 1, 4096, 0
4438, 14647, 1, 4096, 0
4438, 5574, 1, 4096, 0
4439, 6367, 1, 4096, 0
4439, 6478, 1, 4096, 0
4440, 9207, 1, 4096, 0
4440, 4882, 1, 4096, 0
4440, 13706, 1, 4096, 0
4441, 6073, 1, 4096, 0
4441, 7578, 1, 4096, 0
4442, 10165, 1, 4096, 0
4442, 11545, 1, 4096, 0
4443, 6577, 1, 4096, 0
4443, 10404, 1, 4096, 0
4443, 7247, 1, 4096, 0
4443, 5035, 1, 4096, 0
4444, 10377, 1, 4096, 0
4444, 8321, 1, 4096, 0
4445, 8999, 1, 4096, 0
4445, 11021, 1, 4096, 0
4445, 7868, 1, 4096, 0
4446, 6304, 1, 4096, 0
4446, 9051, 1, 4096, 0
4446, 6354, 1, 4096, 0
4447, 9163, 1, 4096, 0
4447, 5084, 1, 4096, 0
4447, 2934, 1, 4096, 0
4448, 7233, 1, 4096, 0
4448, 4405, 1, 4096, 0
4448, 4814, 1, 4096, 0
4449, 5787, 1, 4096, 0
4449, 7895, 1, 4096, 0
4449, 11149, 1, 4096, 0
4450, 10520, 1, 4096, 0
4450, 4572, 1, 4096, 0
4451, 7111, 1, 4096, 0
4452, 7785, 1, 4096, 0
4452, 13093, 1, 4096, 0
4453, 4985, 1, 4096, 0
4453, 8051, 1, 4096, 0
4454, 7326, 1, 4096, 0
4454, 7003, 1, 4096, 0
4454, 4717, 1, 4096, 0
4455, 4656, 1, 4096, 0
4455, 4632, 1, 4096, 0
4455, 3967, 1, 4096, 0
4456, 5296, 1, 4096, 0
4456, 4070, 1, 4096, 0
4457, 9121, 1, 4096, 0
4457, 9501, 1, 4096, 0
4457, 5718, 1, 4096, 0
4458, 9663, 1, 4096, 0
4458, 10918, 1, 4096, 0
4458, 8444, 1, 4096, 0
4460, 7260, 1, 4096, 0
4460, 11505, 1, 4096, 0
4460, 8271, 1, 4096, 0
4461, 12071, 1, 4096, 0
4461, 6531, 1, 4096, 0
4461, 2401, 1, 4096, 0
4462, 9146, 1, 4096, 0
4463, 8076, 1, 4096, 0
4463, 3853, 1, 4096, 0
4463, 11610, 1, 4096, 0
4464, 11523, 1, 4096, 0
4464, 10127, 1, 4096, 0
4464, 5522, 1, 4096, 0
4465, 7676, 1, 4096, 0
4465, 3491, 1, 4096, 0
4465, 4903, 1, 4096, 0
4466, 6100, 1, 4096, 0
4467, 5748, 1, 4096, 0
4467, 5047, 1, 4096, 0
4467, 11044, 1, 4096, 0
4468, 7095, 1, 4096, 0
4468, 8725, 1, 4096, 0
4468, 5676, 1, 4096, 0
4469, 8290, 1, 4096, 0
4469, 9340, 1, 4096, 0
4469, 7303, 1, 4096, 0
4470, 6092, 1, 4096, 0
4470, 4015, 1, 4096, 0
4471, 7324, 1, 4096, 0
4471, 3482, 1, 4096, 0
4471, 10737, 1, 4096, 0
4472, 11053, 1, 4096, 0
4472, 10331, 1, 4096, 0
4472, 4824, 1, 4096, 0
4473, 7983, 1, 4096, 0
4473, 7286, 1, 4096, 0
4474, 4443, 1, 4096, 0
4475, 9047, 1, 4096, 0
4475, 5171, 1, 4096, 0
4475, 6397, 1, 4096, 0
4476, 5691, 1, 4096, 0
4476, 3365, 1, 4096, 0
4477, 10793, 1, 4096, 0
4477, 5486, 1, 4096, 0
4477, 16657, 1, 4096, 0
4478, 6827, 1, 4096, 0
4478, 10336, 1, 4096, 0
4478, 8196, 1, 4096, 0
4479, 9490, 1, 4096, 0
4479, 4927, 1, 4096, 0
4479, 6203, 1, 4096, 0
4480, 5106, 1, 4096, 0
4480, 19372, 1, 4096, 0
4480, 4311, 1, 4096, 0
4481, 5552, 1, 4096, 0
4481, 8882, 1, 4096, 0
4482, 7907, 1, 4096, 0
4482, 13163, 1, 4096, 0
4482, 14274, 1, 4096, 0
4483, 8301, 1, 4096, 0
4484, 7987, 1, 4096, 0
4484, 5458, 1, 4096, 0
4484, 7715, 1, 4096, 0
4485, 4184, 1, 4096, 0
4485, 8486, 1, 4096, 0
4486, 7674, 1, 4096, 0
4486, 4957, 1, 4096, 0
4486, 5988, 1, 4096, 0
4487, 6624, 1, 4096, 0
4487, 10814, 1, 4096, 0
4488, 6940, 1, 4096, 0
4488, 9070, 1, 4096, 0
4488, 8511, 1, 4096, 0
4489, 8408, 1, 4096, 0
4489, 7021, 1, 4096, 0
4490, 7417, 1, 4096, 0
4490, 10651, 1, 4096, 0
4490, 6054, 1, 4096, 0
4491, 11633, 1, 4096, 0
4491, 21572, 1, 4096, 0
4491, 4600, 1, 4096, 0
4492, 6829, 1, 4096, 0
4492, 2440, 1, 4096, 0
4492, 9394, 1, 4096, 0
4493, 5395, 1, 4096, 0
4493, 2368, 1, 4096, 0
4493, 11040, 1, 4096, 0
4494, 8115, 1, 4096, 0
4494, 9892, 1, 4096, 0
4494, 7522, 1, 4096, 0
4495, 8721, 1, 4096, 0
4495, 10485, 1, 4096, 0
4495, 2398, 1, 4096, 0
4496, 6473, 1, 4096, 0
4497, 8009, 1, 4096, 0
4497, 12886, 1, 4096, 0
4497, 6764, 1, 4096, 0
4498, 8959, 1, 4096, 0
4498, 6149, 1, 4096, 0
4498, 4475, 1, 4096, 0
4499, 10199, 1, 4096, 0
4499, 3057, 1, 4096, 0
4500, 5295, 1, 4096, 0
4500, 4445, 1, 4096, 0
4501, 8512, 1, 4096, 0
4501, 9369, 1, 4096, 0
4502, 7237, 1, 4096, 0
4502, 7792, 1, 4096, 0
4502, 3356, 1, 4096, 0
4503, 10541, 1, 4096, 0
4503, 10471, 1, 4096, 0
4503, 6249, 1, 4096, 0
4504, 10019, 1, 4096, 0
4504, 6990, 1, 4096, 0
4505, 6834, 1, 4096, 0
4505, 7323, 1, 4096, 0
4505, 10548, 1, 4096, 0
4506, 9717, 1, 4096, 0
4507, 7585, 1, 4096, 0
4507, 3091, 1, 4096, 0
4507, 3221, 1, 4096, 0
4507, 4447, 1, 4096, 0
4508, 9619, 1, 4096, 0
4508, 10240, 1, 4096, 0
4509, 9548, 1, 4096, 0
4509, 5359, 1, 4096, 0
4510, 6351, 1, 4096, 0
4510, 6737, 1, 4096, 0
4511, 7833, 1, 4096, 0
4511, 6946, 1, 4096, 0
4512, 6355, 1, 4096, 0
4512, 10217, 1, 4096, 0
4512, 5092, 1, 4096, 0
4512, 2666, 1, 4096, 0
4513, 5609, 1, 4096, 0
4513, 6136, 1, 4096, 0
4514, 4796, 1, 4096, 0
4514, 9214, 1, 4096, 0
4515, 10154, 1, 4096, 0
4515, 9502, 1, 4096, 0
4515, 5962, 1, 4096, 0
4516, 8092, 1, 4096, 0
4516, 3271, 1, 4096, 0
4516, 8029, 1, 4096, 0
4517, 7009, 1, 4096, 0
4517, 9712, 1, 4096, 0
4517, 9309, 1, 4096, 0
4518, 7626, 1, 4096, 0
4518, 9024, 1, 4096, 0
4518, 6467, 1, 4096, 0
4519, 9682, 1, 4096, 0
4520, 10114, 1, 4096, 0
4520, 3376, 1, 4096, 0
4520, 4068, 1, 4096, 0
4521, 6700, 1, 4096, 0
4521, 8165, 1, 4096, 0
4522, 4708, 1, 4096, 0
4522, 8886, 1, 4096, 0
4522, 9190, 1, 4096, 0
4523, 6498, 1, 4096, 0
4523, 7559, 1, 4096, 0
4524, 7649, 1, 4096, 0
4524, 2380, 1, 4096, 0
4524, 8094, 1, 4096, 0
4525, 5709, 1, 4096, 0
4525, 8438, 1, 4096, 0
4525, 6069, 1, 4096, 0
4526, 8813, 1, 4096, 0
4526, 7545, 1, 4096, 0
4526, 6493, 1, 4096, 0
4527, 12515, 1, 4096, 0
4527, 4473, 1, 4096, 0
4527, 11304, 1, 4096, 0
4528, 9117, 1, 4096, 0
4528, 4638, 1, 4096, 0
4528, 7147, 1, 4096, 0
4529, 10332, 1, 4096, 0
4529, 10339, 1, 4096, 0
4529, 7451, 1, 4096, 0
4530, 6190, 1, 4096, 0
4530, 3642, 1, 4096, 0
4530, 4882, 1, 4096, 0
4531, 6090, 1, 4096, 0
4531, 3214, 1, 4096, 0
4531, 8039, 1, 4096, 0
4532, 5033, 1, 4096, 0
4532, 8366, 1, 4096, 0
4533, 7797, 1, 4096, 0
4533, 6866, 1, 4096, 0
4533, 3388, 1, 4096, 0
4534, 6900, 1, 4096, 0
4535, 9893, 1, 4096, 0
4535, 5117, 1, 4096, 0
4536, 8058, 1, 4096, 0
4536, 5300, 1, 4096, 0
4537, 9256, 1, 4096, 0
4537, 4871, 1, 4096, 0
4538, 8810, 1, 4096, 0
4538, 9819, 1, 4096, 0
4538, 9035, 1, 4096, 0
4539, 8957, 1, 4096, 0
4539, 7342, 1, 4096, 0
4540, 8750, 1, 4096, 0
4540, 3621, 1, 4096, 0
4540, 3214, 1, 4096, 0
4541, 6268, 1, 4096, 0
4541, 3392, 1, 4096, 0
4541, 8985, 1, 4096, 0
4542, 8693, 1, 4096, 0
4542, 6898, 1, 4096, 0
4542, 10912, 1, 4096, 0
4543, 8406, 1, 4096, 0
4543, 7304, 1, 4096, 0
4543, 8799, 1, 4096, 0
4544, 3362, 1, 4096, 0
4544, 6082, 1, 4096, 0
4545, 10828, 1, 4096, 0
4545, 4630, 1, 4096, 0
4545, 5849, 1, 4096, 0
4546, 8402, 1, 4096, 0
4546, 7838, 1, 4096, 0
4546, 4745, 1, 4096, 0
4547, 7602, 1, 4096, 0
4547, 8057, 1, 4096, 0
4547, 8749, 1, 4096, 0
4548, 10010, 1, 4096, 0
4548, 6303, 1, 4096, 0
4549, 11519, 1, 4096, 0
4549, 10264, 1, 4096, 0
4549, 7073, 1, 4096, 0
4550, 9684, 1, 4096, 0
4550, 8732, 1, 4096, 0
4550, 5951, 1, 4096, 0
4551, 6397, 1, 4096, 0
4551, 9130, 1, 4096, 0
4551, 6882, 1, 4096, 0
4552, 8375, 1, 4096, 0
4552, 4912, 1, 4096, 0
4553, 6440, 1, 4096, 0
4553, 7640, 1, 4096, 0
4554, 4993, 1, 4096, 0
4554, 15618, 1, 4096, 0
4554, 9012, 1, 4096, 0
4555, 5419, 1, 4096, 0
4555, 5387, 1, 4096, 0
4555, 10032, 1, 4096, 0
4556, 9024, 1, 4096, 0
4556, 5172, 1, 4096, 0
4556, 10175, 1, 4096, 0
4557, 11543, 1, 4096, 0
4557, 3268, 1, 4096, 0
4558, 10087, 1, 4096, 0
4558, 9703, 1, 4096, 0
4558, 3586, 1, 4096, 0
4559, 9366, 1, 4096, 0
4559, 3289, 1, 4096, 0
4560, 7881, 1, 4096, 0
4560, 10517, 1, 4096, 0
4561, 6383, 1, 4096, 0
4561, 9590, 1, 4096, 0
4561, 10117, 1, 4096, 0
4562, 8847, 1, 4096, 0
4562, 7333, 1, 4096, 0
4562, 5048, 1, 4096, 0
4563, 7696, 1, 4096, 0
4563, 3562, 1, 4096, 0
4564, 10078, 1, 4096, 0
4564, 10100, 1, 4096, 0
4564, 7528, 1, 4096, 0
4565, 8224, 1, 4096, 0
4565, 8394, 1, 4096, 0
4565, 6603, 1, 4096, 0
4566, 10496, 1, 4096, 0
4566, 8318, 1, 4096, 0
4566, 8300, 1, 4096, 0
4567, 6725, 1, 4096, 0
4567, 4185, 1, 4096, 0
4568, 11080, 1, 4096, 0
4568, 5243, 1, 4096, 0
4568, 2992, 1, 4096, 0
4569, 8483, 1, 4096, 0
4569, 5948, 1, 4096, 0
4569, 4939, 1, 4096, 0
4570, 9189, 1, 4096, 0
4570, 8586, 1, 4096, 0
4570, 4667, 1, 4096, 0
4571, 15381, 1, 4096, 0
4571, 6170, 1, 4096, 0
4571, 8710, 1, 4096, 0
4572, 10724, 1, 4096, 0
4572, 8172, 1, 4096, 0
4573, 9665, 1, 4096, 0
4573, 14392, 1, 4096, 0
4573, 8254, 1, 4096, 0
4574, 10775, 1, 4096, 0
4574, 9495, 1, 4096, 0
4574, 6390, 1, 4096, 0
4575, 25897, 1, 4096, 0
4575, 4925, 1, 4096, 0
4575, 6205, 1, 4096, 0
4576, 11293, 1, 4096, 0
4576, 6881, 1, 4096, 0
4577, 6422, 1, 4096, 0
4577, 7104, 1, 4096, 0
4577, 4429, 1, 4096, 0
4578, 7354, 1, 4096, 0
4578, 3723, 1, 4096, 0
4578, 10040, 1, 4096, 0
4579, 10587, 1, 4096, 0
4579, 4821, 1, 4096, 0
4579, 5755, 1, 4096, 0
4580, 8528, 1, 4096, 0
4580, 9999, 1, 4096, 0
4580, 3009, 1, 4096, 0
4582, 8515, 1, 4096, 0
4582, 8840, 1, 4096, 0
4582, 10047, 1, 4096, 0
4582, 6245, 1, 4096, 0
4583, 11695, 1, 4096, 0
4583, 9745, 1, 4096, 0
4583, 9110, 1, 4096, 0
4584, 7134, 1, 4096, 0
4584, 7259, 1, 4096, 0
4585, 4058, 1, 4096, 0
4585, 5706, 1, 4096, 0
4585, 6288, 1, 4096, 0
4586, 10544, 1, 4096, 0
4586, 8422, 1, 4096, 0
4586, 5246, 1, 4096, 0
4587, 11000, 1, 4096, 0
4587, 10364, 1, 4096, 0
4588, 10003, 1, 4096, 0
4588, 7157, 1, 4096, 0
4589, 9414, 1, 4096, 0
4589, 10434, 1, 4096, 0
4589, 6307, 1, 4096, 0
4590, 6841, 1, 4096, 0
4590, 3951, 1, 4096, 0
4591, 8748, 1, 4096, 0
4591, 5563, 1, 4096, 0
4591, 4674, 1, 4096, 0
4592, 9915, 1, 4096, 0
4592, 9575, 1, 4096, 0
4592, 3835, 1, 4096, 0
4593, 7106, 1, 4096, 0
4593, 6556, 1, 4096, 0
4594, 6569, 1, 4096, 0
4594, 8963, 1, 4096, 0
4594, 10187, 1, 4096, 0
4595, 6349, 1, 4096, 0
4595, 3424, 1, 4096, 0
4596, 8014, 1, 4096, 0
4596, 7132, 1, 4096, 0
4596, 2313, 1, 4096, 0
4597, 7980, 1, 4096, 0
4597, 9150, 1, 4096, 0
4597, 2845, 1, 4096, 0
4598, 6357, 1, 4096, 0
4598, 10238, 1, 4096, 0
4598, 6945, 1, 4096, 0
4599, 7344, 1, 4096, 0
4599, 5777, 1, 4096, 0
4600, 6181, 1, 4096, 0
4600, 8071, 1, 4096, 0
4600, 8400, 1, 4096, 0
4601, 8167, 1, 4096, 0
4601, 7411, 1, 4096, 0
4602, 7359, 1, 4096, 0
4602, 6577, 1, 4096, 0
4602, 13594, 1, 4096, 0
4603, 6773, 1, 4096, 0
4603, 10168, 1, 4096, 0
4603, 7977, 1, 4096, 0
4604, 8424, 1, 4096, 0
4604, 4976, 1, 4096, 0
4604, 6165, 1, 4096, 0
4605, 9954, 1, 4096, 0
4605, 5520, 1, 4096, 0
4605, 5062, 1, 4096, 0
4606, 8049, 1, 4096, 0
4606, 7921, 1, 4096, 0
4606, 10864, 1, 4096, 0
4607, 5765, 1, 4096, 0
4607, 10991, 1, 4096, 0
4608, 7745, 1, 4096, 0
4608, 5023, 1, 4096, 0
4608, 7438, 1, 4096, 0
4608, 7827, 1, 4096, 0
4609, 3764, 1, 4096, 0
4610, 11106, 1, 4096, 0
4610, 2335, 1, 4096, 0
4610, 1994, 1, 4096, 0
4610, 10399, 1, 4096, 0
4610, 7617, 1, 4096, 0
4611, 7834, 1, 4096, 0
4612, 5924, 1, 4096, 0
4612, 7031, 1, 4096, 0
4612, 4611, 1, 4096, 0
4613, 6328, 1, 4096, 0
4613, 5395, 1, 4096, 0
4613, 6402, 1, 4096, 0
4614, 7206, 1, 4096, 0
4614, 4569, 1, 4096, 0
4614, 14335, 1, 4096, 0
4615, 4797, 1, 4096, 0
4615, 7154, 1, 4096, 0
4616, 3251, 1, 4096, 0
4616, 6981, 1, 4096, 0
4617, 7876, 1, 4096, 0
4617, 2709, 1, 4096, 0
4617, 3186, 1, 4096, 0
4618, 11957, 1, 4096, 0
4618, 2768, 1, 4096, 0
4618, 10905, 1, 4096, 0
4619, 9322, 1, 4096, 0
4619, 11424, 1, 4096, 0
4619, 8478, 1, 4096, 0
4620, 9434, 1, 4096, 0
4620, 4727, 1, 4096, 0
4621, 4773, 1, 4096, 0
4621, 2515, 1, 4096, 0
4621, 9153, 1, 4096, 0
4622, 6833, 1, 4096, 0
4622, 6516, 1, 4096, 0
4623, 7660, 1, 4096, 0
4624, 5499, 1, 4096, 0
4624, 3957, 1, 4096, 0
4624, 8506, 1, 4096, 0
4625, 11148, 1, 4096, 0
4625, 6469, 1, 4096, 0
4625, 4436, 1, 4096, 0
4626, 8469, 1, 4096, 0
4626, 6696, 1, 4096, 0
4627, 5112, 1, 4096, 0
4627, 5032, 1, 4096, 0
4627, 2136, 1, 4096, 0
4628, 10717, 1, 4096, 0
4628, 7332, 1, 4096, 0
4629, 10136, 1, 4096, 0
4629, 10746, 1, 4096, 0
4629, 4569, 1, 4096, 0
4629, 5523, 1, 4096, 0
4630, 9638, 1, 4096, 0
4630, 7773, 1, 4096, 0
4630, 4414, 1, 4096, 0
4631, 7656, 1, 4096, 0
4631, 6189, 1, 4096, 0
4632, 10804, 1, 4096, 0
4632, 11786, 1, 4096, 0
4633, 9041, 1, 4096, 0
4633, 6593, 1, 4096, 0
4633, 7673, 1, 4096, 0
4634, 5763, 1, 4096, 0
4634, 11545, 1, 4096, 0
4634, 8298, 1, 4096, 0
4635, 9580, 1, 4096, 0
4635, 7051, 1, 4096, 0
4635, 7111, 1, 4096, 0
4636, 6902, 1, 4096, 0
4636, 8882, 1, 4096, 0
4636, 2609, 1, 4096, 0
4637, 8171, 1, 4096, 0
4638, 8525, 1, 4096, 0
4638, 3462, 1, 4096, 0
4638, 8878, 1, 4096, 0
4639, 4684, 1, 4096, 0
4639, 5273, 1, 4096, 0
4639, 9581, 1, 4096, 0
4640, 8769, 1, 4096, 0
4640, 6657, 1, 4096, 0
4640, 8990, 1, 4096, 0
4641, 12073, 1, 4096, 0
4641, 4332, 1, 4096, 0
4641, 8381, 1, 4096, 0
4642, 10284, 1, 4096, 0
4642, 10948, 1, 4096, 0
4642, 5201, 1, 4096, 0
4643, 5178, 1, 4096, 0
4643, 8276, 1, 4096, 0
4643, 7271, 1, 4096, 0
4644, 8847, 1, 4096, 0
4644, 12122, 1, 4096, 0
4644, 7956, 1, 4096, 0
4645, 7746, 1, 4096, 0
4646, 8861, 1, 4096, 0
4647, 7375, 1, 4096, 0
4647, 4215, 1, 4096, 0
4647, 4868, 1, 4096, 0
4647, 7730, 1, 4096, 0
4648, 7764, 1, 4096, 0
4648, 8268, 1, 4096, 0
4649, 7037, 1, 4096, 0
4649, 9891, 1, 4096, 0
4650, 8280, 1, 4096, 0
4650, 4235, 1, 4096, 0
4651, 7159, 1, 4096, 0
4651, 4992, 1, 4096, 0
4651, 4567, 1, 4096, 0
4652, 8278, 1, 4096, 0
4652, 2197, 1, 4096, 0
4652, 6984, 1, 4096, 0
4652, 6855, 1, 4096, 0
4653, 8151, 1, 4096, 0
4653, 6804, 1, 4096, 0
4654, 5701, 1, 4096, 0
4654, 3440, 1, 4096, 0
4654, 6837, 1, 4096, 0
4655, 5642, 1, 4096, 0
4655, 7267, 1, 4096, 0
4655, 5175, 1, 4096, 0
4656, 6604, 1, 4096, 0
4656, 9007, 1, 4096, 0
4656, 4382, 1, 4096, 0
4657, 9112, 1, 4096, 0
4657, 5388, 1, 4096, 0
4657, 7682, 1, 4096, 0
4658, 8838, 1, 4096, 0
4658, 10842, 1, 4096, 0
4658, 7743, 1, 4096, 0
4659, 10174, 1, 4096, 0
4659, 5673, 1, 4096, 0
4659, 5923, 1, 4096, 0
4660, 14492, 1, 4096, 0
4660, 5051, 1, 4096, 0
4661, 5575, 1, 4096, 0
4661, 5542, 1, 4096, 0
4661, 8132, 1, 4096, 0
4662, 10719, 1, 4096, 0
4662, 6907, 1, 4096, 0
4663, 6062, 1, 4096, 0
4663, 3894, 1, 4096, 0
4664, 7092, 1, 4096, 0
4664, 7078, 1, 4096, 0
4664, 3243, 1, 4096, 0
4665, 9417, 1, 4096, 0
4665, 11598, 1, 4096, 0
4665, 4062, 1, 4096, 0
4665, 5270, 1, 4096, 0
4666, 4787, 1, 4096, 0
4666, 8575, 1, 4096, 0
4666, 7831, 1, 4096, 0
4667, 7026, 1, 4096, 0
4667, 5997, 1, 4096, 0
4667, 3902, 1, 4096, 0
4668, 3777, 1, 4096, 0
4668, 5165, 1, 4096, 0
4669, 5875, 1, 4096, 0
4669, 4517, 1, 4096, 0
4669, 6407, 1, 4096, 0
4670, 7378, 1, 4096, 0
4670, 9124, 1, 4096, 0
4671, 5798, 1, 4096, 0
4672, 11055, 1, 4096, 0
4672, 7597, 1, 4096, 0
4672, 6098, 1, 4096, 0
4673, 7201, 1, 4096, 0
4673, 4011, 1, 4096, 0
4673, 9367, 1, 4096, 0
4674, 9839, 1, 4096, 0
4674, 10315, 1, 4096, 0
4675, 4901, 1, 4096, 0
4675, 14953, 1, 4096, 0
4675, 6339, 1, 4096, 0
4676, 10158, 1, 4096, 0
4676, 8547, 1, 4096, 0
4676, 5697, 1, 4096, 0
4677, 8054, 1, 4096, 0
4677, 7537, 1, 4096, 0
4678, 9522, 1, 4096, 0
4678, 7723, 1, 4096, 0
4678, 4016, 1, 4096, 0
4679, 9053, 1, 4096, 0
4679, 4802, 1, 4096, 0
4680, 11098, 1, 4096, 0
4680, 7954, 1, 4096, 0
4681, 6755, 1, 4096, 0
4681, 4298, 1, 4096, 0
4681, 12656, 1, 4096, 0
4681, 7356, 1, 4096, 0
4681, 3388, 1, 4096, 0
4682, 10146, 1, 4096, 0
4683, 8625, 1, 4096, 0
4683, 5217, 1, 4096, 0
4683, 8269, 1, 4096, 0
4684, 8355, 1, 4096, 0
4684, 8613, 1, 4096, 0
4684, 12192, 1, 4096, 0
4685, 7799, 1, 4096, 0
4685, 4328, 1, 4096, 0
4685, 6343, 1, 4096, 0
4686, 7947, 1, 4096, 0
4686, 6859, 1, 4096, 0
4686, 2962, 1, 4096, 0
4687, 6515, 1, 4096, 0
4687, 5174, 1, 4096, 0
4687, 8181, 1, 4096, 0
4688, 8377, 1, 4096, 0
4688, 8169, 1, 4096, 0
4688, 2961, 1, 4096, 0
4689, 9814, 1, 4096, 0
4689, 7814, 1, 4096, 0
4689, 4302, 1, 4096, 0
4690, 10486, 1, 4096, 0
4690, 5992, 1, 4096, 0
4691, 7678, 1, 4096, 0
4691, 8301, 1, 4096, 0
4691, 6251, 1, 4096, 0
4692, 5273, 1, 4096, 0
4692, 5311, 1, 4096, 0
4692, 9015, 1, 4096, 0
4693, 3758, 1, 4096, 0
4693, 6025, 1, 4096, 0
4693, 9173, 1, 4096, 0
4694, 7206, 1, 4096, 0
4694, 6281, 1, 4096, 0
4695, 9235, 1, 4096, 0
4695, 3890, 1, 4096, 0
4695, 10217, 1, 4096, 0
4696, 3989, 1, 4096, 0
4696, 5498, 1, 4096, 0
4696, 5833, 1, 4096, 0
4696, 4291, 1, 4096, 0
4697, 8167, 1, 4096, 0
4698, 14137, 1, 4096, 0
4698, 6239, 1, 4096, 0
4698, 3787, 1, 4096, 0
4699, 8215, 1, 4096, 0
4699, 6310, 1, 4096, 0
4699, 4764, 1, 4096, 0
4700, 4323, 1, 4096, 0
4700, 4797, 1, 4096, 0
4700, 4554, 1, 4096, 0
4701, 9959, 1, 4096, 0
4702, 4458, 1, 4096, 0
4702, 11183, 1, 4096, 0
4703, 6123, 1, 4096, 0
4703, 6978, 1, 4096, 0
4703, 9357, 1, 4096, 0
4704, 7372, 1, 4096, 0
4704, 8665, 1, 4096, 0
4704, 5165, 1, 4096, 0
4705, 6091, 1, 4096, 0
4705, 7271, 1, 4096, 0
4706, 6089, 1, 4096, 0
4706, 5483, 1, 4096, 0
4706, 2863, 1, 4096, 0
4708, 9028, 1, 4096, 0
4708, 6207, 1, 4096, 0
4708, 9059, 1, 4096, 0
4709, 7060, 1, 4096, 0
4709, 4539, 1, 4096, 0
4709, 3652, 1, 4096, 0
4710, 21558, 1, 4096, 0
4710, 5183, 1, 4096, 0
4710, 6187, 1, 4096, 0
4711, 9655, 1, 4096, 0
4711, 3061, 1, 4096, 0
4711, 3116, 1, 4096, 0
4712, 10017, 1, 4096, 0
4712, 5164, 1, 4096, 0
4713, 11137, 1, 4096, 0
4713, 12708, 1, 4096, 0
4713, 10066, 1, 4096, 0
4714, 5847, 1, 4096, 0
4714, 7233, 1, 4096, 0
4714, 7370, 1, 4096, 0
4715, 8918, 1, 4096, 0
4715, 2360, 1, 4096, 0
4716, 7830, 1, 4096, 0
4716, 5969, 1, 4096, 0
4716, 2755, 1, 4096, 0
4717, 9701, 1, 4096, 0
4717, 7421, 1, 4096, 0
4717, 5247, 1, 4096, 0
4718, 9094, 1, 4096, 0
4718, 6818, 1, 4096, 0
4718, 7884, 1, 4096, 0
4719, 8844, 1, 4096, 0
4719, 9120, 1, 4096, 0
4719, 2916, 1, 4096, 0
4720, 9728, 1, 4096, 0
4720, 3448, 1, 4096, 0
4720, 8603, 1, 4096, 0
4721, 8791, 1, 4096, 0
4721, 6157, 1, 4096, 0
4722, 5183, 1, 4096, 0
4722, 9237, 1, 4096, 0
4722, 6871, 1, 4096, 0
4722, 7178, 1, 4096, 0
4723, 6360, 1, 4096, 0
4724, 7424, 1, 4096, 0
4724, 8334, 1, 4096, 0
4724, 9841, 1, 4096, 0
4725, 7935, 1, 4096, 0
4725, 6035, 1, 4096, 0
4725, 6715, 1, 4096, 0
4726, 8294, 1, 4096, 0
4726, 3622, 1, 4096, 0
4726, 8442, 1, 4096, 0
4726, 7907, 1, 4096, 0
4727, 8686, 1, 4096, 0
4727, 6953, 1, 4096, 0
4727, 7776, 1, 4096, 0
4728, 11158, 1, 4096, 0
4728, 7251, 1, 4096, 0
4728, 10707, 1, 4096, 0
4728, 11009, 1, 4096, 0
4729, 9049, 1, 4096, 0
4729, 4553, 1, 4096, 0
4729, 6798, 1, 4096, 0
4730, 7057, 1, 4096, 0
4731, 4182, 1, 4096, 0
4731, 11891, 1, 4096, 0
4731, 10385, 1, 4096, 0
4732, 4847, 1, 4096, 0
4732, 3681, 1, 4096, 0
4732, 5311, 1, 4096, 0
4733, 10052, 1, 4096, 0
4733, 10011, 1, 4096, 0
4734, 9118, 1, 4096, 0
4734, 8008, 1, 4096, 0
4734, 4630, 1, 4096, 0
4735, 6919, 1, 4096, 0
4735, 7775, 1, 4096, 0
4735, 2658, 1, 4096, 0
4736, 6944, 1, 4096, 0
4736, 10392, 1, 4096, 0
4737, 9595, 1, 4096, 0
4737, 9352, 1, 4096, 0
4738, 6176, 1, 4096, 0
4738, 11212, 1, 4096, 0
4738, 10722, 1, 4096, 0
4739, 5688, 1, 4096, 0
4739, 7777, 1, 4096, 0
4740, 5453, 1, 4096, 0
4740, 9789, 1, 4096, 0
4740, 4572, 1, 4096, 0
4741, 11404, 1, 4096, 0
4741, 6714, 1, 4096, 0
4741, 8609, 1, 4096, 0
4742, 6107, 1, 4096, 0
4742, 6614, 1, 4096, 0
4743, 7844, 1, 4096, 0
4743, 6148, 1, 4096, 0
4743, 9581, 1, 4096, 0
4744, 4863, 1, 4096, 0
4744, 10138, 1, 4096, 0
4744, 6836, 1, 4096, 0
4745, 8851, 1, 4096, 0
4745, 5751, 1, 4096, 0
4746, 11565, 1, 4096, 0
4746, 5642, 1, 4096, 0
4746, 4778, 1, 4096, 0
4747, 18586, 1, 4096, 0
4747, 5302, 1, 4096, 0
4748, 8332, 1, 4096, 0
4748, 8210, 1, 4096, 0
4749, 9642, 1, 4096, 0
4749, 8166, 1, 4096, 0
4750, 5297, 1, 4096, 0
4750, 3513, 1, 4096, 0
4750, 6490, 1, 4096, 0
4751, 10715, 1, 4096, 0
4751, 5799, 1, 4096, 0
4752, 7415, 1, 4096, 0
4752, 2686, 1, 4096, 0
4752, 8097, 1, 4096, 0
4753, 10467, 1, 4096, 0
4753, 4938, 1, 4096, 0
4753, 3926, 1, 4096, 0
4754, 8592, 1, 4096, 0
4754, 6926, 1, 4096, 0
4754, 4836, 1, 4096, 0
4755, 8208, 1, 4096, 0
4755, 4891, 1, 4096, 0
4756, 6680, 1, 4096, 0
4756, 7563, 1, 4096, 0
4757, 6931, 1, 4096, 0
4757, 5889, 1, 4096, 0
4757, 20802, 1, 4096, 0
4758, 7850, 1, 4096, 0
4758, 8570, 1, 4096, 0
4758, 10400, 1, 4096, 0
4759, 10302, 1, 4096, 0
4759, 10396, 1, 4096, 0
4760, 8032, 1, 4096, 0
4760, 8034, 1, 4096, 0
4760, 6170, 1, 4096, 0
4761, 7507, 1, 4096, 0
4761, 8575, 1, 4096, 0
4762, 12052, 1, 4096, 0
4762, 9838, 1, 4096, 0
4763, 9928, 1, 4096, 0
4763, 5019, 1, 4096, 0
4763, 3496, 1, 4096, 0
4764, 7520, 1, 4096, 0
4764, 3520, 1, 4096, 0
4765, 11161, 1, 4096, 0
4765, 5835, 1, 4096, 0
4766, 8769, 1, 4096, 0
4766, 6584, 1, 4096, 0
4766, 9782, 1, 4096, 0
4767, 9545, 1, 4096, 0
4767, 6583, 1, 4096, 0
4768, 9994, 1, 4096, 0
4769, 4575, 1, 4096, 0
4769, 3895, 1, 4096, 0
4770, 10332, 1, 4096, 0
4770, 8411, 1, 4096, 0
4770, 7124, 1, 4096, 0
4771, 6556, 1, 4096, 0
4771, 10825, 1, 4096, 0
4771, 4535, 1, 4096, 0
4772, 8068, 1, 4096, 0
4772, 4201, 1, 4096, 0
4773, 4977, 1, 4096, 0
4773, 5547, 1, 4096, 0
4774, 8898, 1, 4096, 0
4774, 4436, 1, 4096, 0
4774, 11229, 1, 4096, 0
4775, 8657, 1, 4096, 0
4775, 6380, 1, 4096, 0
4775, 9394, 1, 4096, 0
4776, 12522, 1, 4096, 0
4776, 6839, 1, 4096, 0
4776, 2680, 1, 4096, 0
4777, 7972, 1, 4096, 0
4777, 8883, 1, 4096, 0
4778, 5940, 1, 4096, 0
4778, 7464, 1, 4096, 0
4778, 8999, 1, 4096, 0
4779, 3262, 1, 4096, 0
4779, 6472, 1, 4096, 0
4779, 7569, 1, 4096, 0
4780, 7886, 1, 4096, 0
4780, 13120, 1, 4096, 0
4781, 6281, 1, 4096, 0
4781, 9969, 1, 4096, 0
4782, 6980, 1, 4096, 0
4782, 8108, 1, 4096, 0
4782, 1847, 1, 4096, 0
4783, 8705, 1, 4096, 0
4783, 5951, 1, 4096, 0
4783, 6743, 1, 4096, 0
4784, 3782, 1, 4096, 0
4784, 7812, 1, 4096, 0
4784, 4033, 1, 4096, 0
4785, 4399, 1, 4096, 0
4785, 4925, 1, 4096, 0
4785, 8870, 1, 4096, 0
4786, 7083, 1, 4096, 0
4786, 7783, 1, 4096, 0
4786, 9551, 1, 4096, 0
4787, 8372, 1, 4096, 0
4787, 7483, 1, 4096, 0
4788, 10219, 1, 4096, 0
4788, 4232, 1, 4096, 0
4788, 10615, 1, 4096, 0
4789, 5328, 1, 4096, 0
4789, 5585, 1, 4096, 0
4789, 5384, 1, 4096, 0
4790, 8969, 1, 4096, 0
4790, 3438, 1, 4096, 0
4790, 10581, 1, 4096, 0
4791, 6012, 1, 4096, 0
4791, 6607, 1, 4096, 0
4791, 11777, 1, 4096, 0
4792, 7967, 1, 4096, 0
4792, 3602, 1, 4096, 0
4793, 7122, 1, 4096, 0
4793, 5665, 1, 4096, 0
4793, 7158, 1, 4096, 0
4794, 9038, 1, 4096, 0
4795, 7997, 1, 4096, 0
4795, 7654, 1, 4096, 0
4795, 11242, 1, 4096, 0
4796, 4610, 1, 4096, 0
4796, 4842, 1, 4096, 0
4796, 3846, 1, 4096, 0
4797, 6106, 1, 4096, 0
4797, 7266, 1, 4096, 0
4797, 3434, 1, 4096, 0
4798, 8159, 1, 4096, 0
4798, 6458, 1, 4096, 0
4799, 5897, 1, 4096, 0
4799, 7403, 1, 4096, 0
4799, 5133, 1, 4096, 0
4799, 5898, 1, 4096, 0
4800, 9763, 1, 4096, 0
4800, 6125, 1, 4096, 0
4801, 6286, 1, 4096, 0
4801, 6083, 1, 4096, 0
4801, 6410, 1, 4096, 0
4802, 8827, 1, 4096, 0
4802, 5050, 1, 4096, 0
4802, 8735, 1, 4096, 0
4803, 5648, 1, 4096, 0
4803, 8825, 1, 4096, 0
4804, 23690, 1, 4096, 0
4804, 4933, 1, 4096, 0
4805, 5668, 1, 4096, 0
4805, 8651, 1, 4096, 0
4805, 5826, 1, 4096, 0
4805, 5215, 1, 4096, 0
4806, 7546, 1, 4096, 0
4806, 10514, 1, 4096, 0
4806, 4875, 1, 4096, 0
4807, 7867, 1, 4096, 0
4807, 8381, 1, 4096, 0
4807, 8852, 1, 4096, 0
4808, 9368, 1, 4096, 0
4808, 7708, 1, 4096, 0
4808, 4043, 1, 4096, 0
4809, 8651, 1, 4096, 0
4810, 6057, 1, 4096, 0
4810, 6628, 1, 4096, 0
4811, 7778, 1, 4096, 0
4811, 12410, 1, 4096, 0
4811, 5812, 1, 4096, 0
4812, 9404, 1, 4096, 0
4812, 3823, 1, 4096, 0
4812, 6276, 1, 4096, 0
4813, 10220, 1, 4096, 0
4813, 4193, 1, 4096, 0
4813, 8740, 1, 4096, 0
4814, 9122, 1, 4096, 0
4814, 4678, 1, 4096, 0
4814, 2292, 1, 4096, 0
4815, 6493, 1, 4096, 0
4816, 9418, 1, 4096, 0
4816, 9177, 1, 4096, 0
4816, 8182, 1, 4096, 0
4817, 5660, 1, 4096, 0
4817, 7270, 1, 4096, 0
4818, 9498, 1, 4096, 0
4818, 5909, 1, 4096, 0
4819, 6366, 1, 4096, 0
4819, 12794, 1, 4096, 0
4819, 11090, 1, 4096, 0
4820, 5130, 1, 4096, 0
4820, 8790, 1, 4096, 0
4820, 6165, 1, 4096, 0
4821, 9487, 1, 4096, 0
4821, 6970, 1, 4096, 0
4822, 7954, 1, 4096, 0
4822, 4214, 1, 4096, 0
4822, 9266, 1, 4096, 0
4823, 6033, 1, 4096, 0
4823, 11383, 1, 4096, 0
4823, 4436, 1, 4096, 0
4824, 9359, 1, 4096, 0
4824, 3215, 1, 4096, 0
4824, 4969, 1, 4096, 0
4825, 6317, 1, 4096, 0
4825, 9671, 1, 4096, 0
4826, 13720, 1, 4096, 0
4826, 9922, 1, 4096, 0
4827, 4770, 1, 4096, 0
4827, 5963, 1, 4096, 0
4827, 4981, 1, 4096, 0
4828, 5366, 1, 4096, 0
4828, 9586, 1, 4096, 0
4829, 7383, 1, 4096, 0
4829, 6889, 1, 4096, 0
4830, 9279, 1, 4096, 0
4830, 10904, 1, 4096, 0
4830, 4701, 1, 4096, 0
4831, 7201, 1, 4096, 0
4831, 9972, 1, 4096, 0
4831, 8220, 1, 4096, 0
4832, 6901, 1, 4096, 0
4832, 8672, 1, 4096, 0
4833, 3874, 1, 4096, 0
4833, 10064, 1, 4096, 0
4833, 3053, 1, 4096, 0
4834, 9353, 1, 4096, 0
4834, 9328, 1, 4096, 0
4835, 13351, 1, 4096, 0
4835, 6523, 1, 4096, 0
4835, 7520, 1, 4096, 0
4836, 5925, 1, 4096, 0
4836, 3677, 1, 4096, 0
4837, 6835, 1, 4096, 0
4837, 4828, 1, 4096, 0
4837, 2488, 1, 4096, 0
4837, 9324, 1, 4096, 0
4838, 4921, 1, 4096, 0
4838, 5144, 1, 4096, 0
4838, 6087, 1, 4096, 0
4839, 4760, 1, 4096, 0
4839, 9066, 1, 4096, 0
4840, 6800, 1, 4096, 0
4840, 9725, 1, 4096, 0
4841, 6453, 1, 4096, 0
4841, 7191, 1, 4096, 0
4841, 6691, 1, 4096, 0
4842, 10176, 1, 4096, 0
4842, 9023, 1, 4096, 0
4842, 9717, 1, 4096, 0
4843, 10301, 1, 4096, 0
4843, 11985, 1, 4096, 0
4843, 5320, 1, 4096, 0
4844, 8665, 1, 4096, 0
4844, 5263, 1, 4096, 0
4844, 7743, 1, 4096, 0
4845, 5459, 1, 4096, 0
4845, 9677, 1, 4096, 0
4846, 5486, 1, 4096, 0
4846, 13653, 1, 4096, 0
4847, 5555, 1, 4096, 0
4847, 8320, 1, 4096, 0
4848, 9166, 1, 4096, 0
4848, 9921, 1, 4096, 0
4848, 7806, 1, 4096, 0
4848, 3728, 1, 4096, 0
4850, 9999, 1, 4096, 0
4850, 4154, 1, 4096, 0
4850, 8330, 1, 4096, 0
4850, 9411, 1, 4096, 0
4851, 7651, 1, 4096, 0
4851, 9328, 1, 4096, 0
4851, 6151, 1, 4096, 0
4852, 6372, 1, 4096, 0
4852, 2834, 1, 4096, 0
4852, 8806, 1, 4096, 0
4853, 8167, 1, 4096, 0
4854, 8776, 1, 4096, 0
4854, 1993, 1, 4096, 0
4854, 9396, 1, 4096, 0
4855, 6667, 1, 4096, 0
4855, 8998, 1, 4096, 0
4855, 4891, 1, 4096, 0
4856, 8732, 1, 4096, 0
4856, 4417, 1, 4096, 0
4856, 6964, 1, 4096, 0
4857, 6258, 1, 4096, 0
4857, 11050, 1, 4096, 0
4858, 6684, 1, 4096, 0
4858, 8865, 1, 4096, 0
4859, 9570, 1, 4096, 0
4859, 3673, 1, 4096, 0
4859, 8724, 1, 4096, 0
4860, 3898, 1, 4096, 0
4860, 6170, 1, 4096, 0
4860, 4143, 1, 4096, 0
4861, 8452, 1, 4096, 0
4861, 9490, 1, 4096, 0
4861, 5352, 1, 4096, 0
4862, 6235, 1, 4096, 0
4862, 6527, 1, 4096, 0
4862, 9314, 1, 4096, 0
4863, 7007, 1, 4096, 0
4863, 10347, 1, 4096, 0
4864, 8706, 1, 4096, 0
4864, 8054, 1, 4096, 0
4865, 5986, 1, 4096, 0
4865, 9020, 1, 4096, 0
4865, 11665, 1, 4096, 0
4866, 7413, 1, 4096, 0
4866, 10276, 1, 4096, 0
4866, 7459, 1, 4096, 0
4867, 8316, 1, 4096, 0
4867, 8568, 1, 4096, 0
4868, 11498, 1, 4096, 0
4868, 8537, 1, 4096, 0
4869, 11673, 1, 4096, 0
4869, 4518, 1, 4096, 0
4869, 14129, 1, 4096, 0
4870, 11342, 1, 4096, 0
4870, 10569, 1, 4096, 0
4870, 8149, 1, 4096, 0
4871, 7014, 1, 4096, 0
4871, 8543, 1, 4096, 0
4872, 10486, 1, 4096, 0
4872, 4511, 1, 4096, 0
4873, 8776, 1, 4096, 0
4873, 5804, 1, 4096, 0
4873, 5941, 1, 4096, 0
4874, 6474, 1, 4096, 0
4874, 7721, 1, 4096, 0
4874, 10163, 1, 4096, 0
4875, 5173, 1, 4096, 0
4876, 9336, 1, 4096, 0
4876, 12459, 1, 4096, 0
4877, 10416, 1, 4096, 0
4877, 9480, 1, 4096, 0
4877, 6349, 1, 4096, 0
4878, 9259, 1, 4096, 0
4878, 5384, 1, 4096, 0
4878, 9350, 1, 4096, 0
4879, 9924, 1, 4096, 0
4879, 3937, 1, 4096, 0
4879, 6073, 1, 4096, 0
4880, 8360, 1, 4096, 0
4880, 10809, 1, 4096, 0
4881, 8165, 1, 4096, 0
4881, 4159, 1, 4096, 0
4882, 9033, 1, 4096, 0
4882, 5110, 1, 4096, 0
4883, 8337, 1, 4096, 0
4883, 10484, 1, 4096, 0
4883, 6624, 1, 4096, 0
4884, 9702, 1, 4096, 0
4884, 8474, 1, 4096, 0
4884, 10934, 1, 4096, 0
4885, 9031, 1, 4096, 0
4885, 4174, 1, 4096, 0
4886, 8657, 1, 4096, 0
4886, 6927, 1, 4096, 0
4886, 5740, 1, 4096, 0
4887, 11758, 1, 4096, 0
4887, 9122, 1, 4096, 0
4887, 7625, 1, 4096, 0
4888, 10316, 1, 4096, 0
4888, 5322, 1, 4096, 0
4889, 9092, 1, 4096, 0
4889, 8494, 1, 4096, 0
4890, 6923, 1, 4096, 0
4890, 6179, 1, 4096, 0
4891, 8039, 1, 4096, 0
4891, 8271, 1, 4096, 0
4891, 2793, 1, 4096, 0
4892, 8723, 1, 4096, 0
4892, 8094, 1, 4096, 0
4893, 7262, 1, 4096, 0
4893, 7908, 1, 4096, 0
4893, 7764, 1, 4096, 0
4894, 8400, 1, 4096, 0
4894, 9173, 1, 4096, 0
4895, 8982, 1, 4096, 0
4895, 5877, 1, 4096, 0
4895, 3962, 1, 4096, 0
4896, 8169, 1, 4096, 0
4897, 12537, 1, 4096, 0
4897, 2940, 1, 4096, 0
4897, 9324, 1, 4096, 0
4897, 4798, 1, 4096, 0
4898, 5778, 1, 4096, 0
4898, 10053, 1, 4096, 0
4899, 8757, 1, 4096, 0
4899, 4456, 1, 4096, 0
4900, 6059, 1, 4096, 0
4900, 9064, 1, 4096, 0
4900, 5506, 1, 4096, 0
4901, 7516, 1, 4096, 0
4902, 8273, 1, 4096, 0
4903, 4536, 1, 4096, 0
4903, 6276, 1, 4096, 0
4904, 4198, 1, 4096, 0
4904, 9254, 1, 4096, 0
4904, 11427, 1, 4096, 0
4905, 13120, 1, 4096, 0
4905, 2483, 1, 4096, 0
4906, 7484, 1, 4096, 0
4906, 10996, 1, 4096, 0
4906, 6661, 1, 4096, 0
4907, 12713, 1, 4096, 0
4907, 4871, 1, 4096, 0
4907, 7856, 1, 4096, 0
4908, 10387, 1, 4096, 0
4908, 11482, 1, 4096, 0
4908, 3938, 1, 4096, 0
4909, 7837, 1, 4096, 0
4910, 10266, 1, 4096, 0
4910, 10257, 1, 4096, 0
4911, 10109, 1, 4096, 0
4911, 7392, 1, 4096, 0
4911, 6142, 1, 4096, 0
4912, 7314, 1, 4096, 0
4912, 8526, 1, 4096, 0
4913, 5698, 1, 4096, 0
4913, 5135, 1, 4096, 0
4914, 3289, 1, 4096, 0
4914, 5928, 1, 4096, 0
4915, 9802, 1, 4096, 0
4915, 11321, 1, 4096, 0
4915, 7615, 1, 4096, 0
4916, 8871, 1, 4096, 0
4916, 5239, 1, 4096, 0
4916, 10257, 1, 4096, 0
4916, 8839, 1, 4096, 0
4917, 4680, 1, 4096, 0
4917, 8381, 1, 4096, 0
4918, 8708, 1, 4096, 0
4918, 5277, 1, 4096, 0
4918, 4461, 1, 4096, 0
4919, 7516, 1, 4096, 0
4919, 4733, 1, 4096, 0
4920, 7606, 1, 4096, 0
4920, 5881, 1, 4096, 0
4921, 8331, 1, 4096, 0
4921, 5460, 1, 4096, 0
4921, 7935, 1, 4096, 0
4922, 7505, 1, 4096, 0
4923, 10513, 1, 4096, 0
4923, 4495, 1, 4096, 0
4923, 6120, 1, 4096, 0
4924, 5403, 1, 4096, 0
4924, 6154, 1, 4096, 0
4925, 6278, 1, 4096, 0
4925, 4767, 1, 4096, 0
4925, 4367, 1, 4096, 0
4926, 7743, 1, 4096, 0
4926, 3654, 1, 4096, 0
4926, 9667, 1, 4096, 0
4927, 11038, 1, 4096, 0
4927, 4568, 1, 4096, 0
4927, 9690, 1, 4096, 0
4928, 9196, 1, 4096, 0
4928, 7852, 1, 4096, 0
4928, 4931, 1, 4096, 0
4930, 9924, 1, 4096, 0
4930, 7529, 1, 4096, 0
4930, 3552, 1, 4096, 0
4931, 8029, 1, 4096, 0
4931, 3762, 1, 4096, 0
4931, 3909, 1, 4096, 0
4932, 5989, 1, 4096, 0
4932, 13578, 1, 4096, 0
4932, 5817, 1, 4096, 0
4933, 9292, 1, 4096, 0
4933, 8156, 1, 4096, 0
4933, 7973, 1, 4096, 0
4934, 8746, 1, 4096, 0
4935, 7467, 1, 4096, 0
4935, 4017, 1, 4096, 0
4935, 7318, 1, 4096, 0
4936, 13779, 1, 4096, 0
4936, 8610, 1, 4096, 0
4936, 8752, 1, 4096, 0
4937, 7689, 1, 4096, 0
4937, 4140, 1, 4096, 0
4937, 9059, 1, 4096, 0
4938, 7295, 1, 4096, 0
4938, 23571, 1, 4096, 0
4939, 10071, 1, 4096, 0
4939, 8426, 1, 4096, 0
4939, 4679, 1, 4096, 0
4940, 9277, 1, 4096, 0
4940, 8221, 1, 4096, 0
4940, 7474, 1, 4096, 0
4941, 9959, 1, 4096, 0
4941, 6723, 1, 4096, 0
4941, 5294, 1, 4096, 0
4942, 6057, 1, 4096, 0
4942, 5149, 1, 4096, 0
4942, 10231, 1, 4096, 0
4943, 8784, 1, 4096, 0
4943, 8613, 1, 4096, 0
4944, 5890, 1, 4096, 0
4944, 11320, 1, 4096, 0
4944, 4366, 1, 4096, 0
4945, 7210, 1, 4096, 0
4945, 6034, 1, 4096, 0
4946, 6651, 1, 4096, 0
4946, 4959, 1, 4096, 0
4946, 9425, 1, 4096, 0
4947, 9044, 1, 4096, 0
4947, 6457, 1, 4096, 0
4947, 8155, 1, 4096, 0
4948, 10028, 1, 4096, 0
4948, 10526, 1, 4096, 0
4948, 4709, 1, 4096, 0
4949, 9455, 1, 4096, 0
4949, 4830, 1, 4096, 0
4949, 4426, 1, 4096, 0
4950, 8867, 1, 4096, 0
4951, 8454, 1, 4096, 0
4951, 8009, 1, 4096, 0
4952, 7212, 1, 4096, 0
4952, 11720, 1, 4096, 0
4953, 5453, 1, 4096, 0
4953, 4210, 1, 4096, 0
4954, 6289, 1, 4096, 0
4954, 9132, 1, 4096, 0
4954, 10403, 1, 4096, 0
4955, 9957, 1, 4096, 0
4956, 5864, 1, 4096, 0
4956, 5403, 1, 4096, 0
4956, 9427, 1, 4096, 0
4957, 7697, 1, 4096, 0
4957, 22506, 1, 4096, 0
4958, 10953, 1, 4096, 0
4958, 5973, 1, 4096, 0
4958, 9471, 1, 4096, 0
4959, 9495, 1, 4096, 0
4959, 9141, 1, 4096, 0
4959, 6906, 1, 4096, 0
4960, 8489, 1, 4096, 0
4960, 7245, 1, 4096, 0
4960, 7746, 1, 4096, 0
4961, 14189, 1, 4096, 0
4961, 8358, 1, 4096, 0
4961, 11496, 1, 4096, 0
4962, 6505, 1, 4096, 0
4963, 8503, 1, 4096, 0
4963, 2233, 1, 4096, 0
4963, 10382, 1, 4096, 0
4964, 6561, 1, 4096, 0
4964, 5385, 1, 4096, 0
4965, 11221, 1, 4096, 0
4965, 7919, 1, 4096, 0
4966, 5531, 1, 4096, 0
4966, 9513, 1, 4096, 0
4966, 3169, 1, 4096, 0
4967, 9542, 1, 4096, 0
4967, 8672, 1, 4096, 0
4967, 8157, 1, 4096, 0
4968, 8535, 1, 4096, 0
4968, 3408, 1, 4096, 0
4969, 12015, 1, 4096, 0
4969, 9043, 1, 4096, 0
4970, 6353, 1, 4096, 0
4970, 5912, 1, 4096, 0
4970, 4286, 1, 4096, 0
4971, 7334, 1, 4096, 0
4971, 3479, 1, 4096, 0
4971, 4006, 1, 4096, 0
4972, 6610, 1, 4096, 0
4973, 9937, 1, 4096, 0
4973, 5076, 1, 4096, 0
4974, 9525, 1, 4096, 0
4974, 2918, 1, 4096, 0
4974, 4955, 1, 4096, 0
4975, 7391, 1, 4096, 0
4975, 5866, 1, 4096, 0
4975, 3225, 1, 4096, 0
4976, 8082, 1, 4096, 0
4976, 5041, 1, 4096, 0
4976, 4118, 1, 4096, 0
4977, 6955, 1, 4096, 0
4977, 5091, 1, 4096, 0
4977, 8749, 1, 4096, 0
4978, 5449, 1, 4096, 0
4978, 6608, 1, 4096, 0
4979, 7215, 1, 4096, 0
4979, 5302, 1, 4096, 0
4980, 5054, 1, 4096, 0
4980, 7307, 1, 4096, 0
4980, 3853, 1, 4096, 0
4981, 9632, 1, 4096, 0
4981, 3577, 1, 4096, 0
4981, 8027, 1, 4096, 0
4983, 9247, 1, 4096, 0
4983, 6102, 1, 4096, 0
4983, 8780, 1, 4096, 0
4984, 9786, 1, 4096, 0
4984, 6005, 1, 4096, 0
4984, 5627, 1, 4096, 0
4985, 9537, 1, 4096, 0
4985, 7797, 1, 4096, 0
4985, 11084, 1, 4096, 0
4986, 6473, 1, 4096, 0
4986, 8113, 1, 4096, 0
4986, 8536, 1, 4096, 0
4987, 8331, 1, 4096, 0
4988, 9688, 1, 4096, 0
4988, 4113, 1, 4096, 0
4988, 1958, 1, 4096, 0
4989, 14262, 1, 4096, 0
4989, 6430, 1, 4096, 0
4989, 5709, 1, 4096, 0
4990, 5932, 1, 4096, 0
4990, 4511, 1, 4096, 0
4990, 6168, 1, 4096, 0
4991, 12082, 1, 4096, 0
4991, 4825, 1, 4096, 0
4992, 6071, 1, 4096, 0
4992, 12770, 1, 4096, 0
4993, 13621, 1, 4096, 0
4993, 9955, 1, 4096, 0
4993, 3011, 1, 4096, 0
4994, 15585, 1, 4096, 0
4994, 5076, 1, 4096, 0
4994, 4500, 1, 4096, 0
4995, 8408, 1, 4096, 0
4995, 8508, 1, 4096, 0
4995, 9334, 1, 4096, 0
4996, 4855, 1, 4096, 0
4996, 6376, 1, 4096, 0
4996, 6817, 1, 4096, 0
4997, 5648, 1, 4096, 0
4997, 10500, 1, 4096, 0
4997, 6925, 1, 4096, 0
4998, 8935, 1, 4096, 0
4998, 10802, 1, 4096, 0
4999, 8362, 1, 4096, 0
4999, 9047, 1, 4096, 0
5000, 8492, 1, 4096, 0
5000, 6591, 1, 4096, 0
5000, 10296, 1, 4096, 0
5001, 11551, 1, 4096, 0
5001, 7994, 1, 4096, 0
5002, 5848, 1, 4096, 0
5002, 5925, 1, 4096, 0
5002, 8281, 1, 4096, 0
5003, 7716, 1, 4096, 0
5003, 9811, 1, 4096, 0
5004, 5356, 1, 4096, 0
5004, 4888, 1, 4096, 0
5005, 7489, 1, 4096, 0
5005, 6406, 1, 4096, 0
5005, 4458, 1, 4096, 0
5006, 10003, 1, 4096, 0
5006, 7578, 1, 4096, 0
5006, 5909, 1, 4096, 0
5007, 7369, 1, 4096, 0
5007, 4243, 1, 4096, 0
5007, 4941, 1, 4096, 0
5008, 7901, 1, 4096, 0
5008, 8887, 1, 4096, 0
5008, 4276, 1, 4096, 0
5009, 8091, 1, 4096, 0
5009, 10122, 1, 4096, 0
5010, 12739, 1, 4096, 0
5010, 10241, 1, 4096, 0
5010, 3985, 1, 4096, 0
5011, 7555, 1, 4096, 0
5011, 9282, 1, 4096, 0
5012, 8358, 1, 4096, 0
5012, 6424, 1, 4096, 0
5012, 3163, 1, 4096, 0
5012, 10581, 1, 4096, 0
5013, 11909, 1, 4096, 0
5013, 2911, 1, 4096, 0
5014, 8692, 1, 4096, 0
5014, 10937, 1, 4096, 0
5015, 9408, 1, 4096, 0
5015, 5131, 1, 4096, 0
5015, 5710, 1, 4096, 0
5016, 9647, 1, 4096, 0
5016, 8726, 1, 4096, 0
5016, 5799, 1, 4096, 0
5017, 5768, 1, 4096, 0
5017, 9314, 1, 4096, 0
5017, 8357, 1, 4096, 0
5018, 14849, 1, 4096, 0
5018, 12442, 1, 4096, 0
5019, 6591, 1, 4096, 0
5019, 8370, 1, 4096, 0
5020, 9182, 1, 4096, 0
5020, 6956, 1, 4096, 0
5020, 8448, 1, 4096, 0
5021, 4523, 1, 4096, 0
5021, 6550, 1, 4096, 0
5021, 7253, 1, 4096, 0
5022, 6585, 1, 4096, 0
5022, 11285, 1, 4096, 0
5023, 4658, 1, 4096, 0
5023, 8086, 1, 4096, 0
5024, 7934, 1, 4096, 0
5024, 9491, 1, 4096, 0
5024, 7401, 1, 4096, 0
5025, 8529, 1, 4096, 0
5025, 7112, 1, 4096, 0
5026, 15284, 1, 4096, 0
5026, 2867, 1, 4096, 0
5026, 6381, 1, 4096, 0
5027, 11019, 1, 4096, 0
5028, 11131, 1, 4096, 0
5028, 4820, 1, 4096, 0
5028, 4436, 1, 4096, 0
5029, 10085, 1, 4096, 0
5029, 5780, 1, 4096, 0
5029, 4657, 1, 4096, 0
5030, 7361, 1, 4096, 0
5030, 6407, 1, 4096, 0
5030, 4694, 1, 4096, 0
5031, 6558, 1, 4096, 0
5031, 3806, 1, 4096, 0
5032, 4522, 1, 4096, 0
5032, 6936, 1, 4096, 0
5033, 8806, 1, 4096, 0
5033, 7628, 1, 4096, 0
5034, 6431, 1, 4096, 0
5034, 5561, 1, 4096, 0
5034, 8681, 1, 4096, 0
5035, 6465, 1, 4096, 0
5035, 10114, 1, 4096, 0
5035, 5246, 1, 4096, 0
5036, 6707, 1, 4096, 0
5036, 10873, 1, 4096, 0
5036, 7741, 1, 4096, 0
5037, 5303, 1, 4096, 0
5038, 10852, 1, 4096, 0
5038, 3895, 1, 4096, 0
5038, 8948, 1, 4096, 0
5038, 10686, 1, 4096, 0
5039, 8260, 1, 4096, 0
5039, 6639, 1, 4096, 0
5040, 10363, 1, 4096, 0
5040, 7384, 1, 4096, 0
5040, 8232, 1, 4096, 0
5041, 9372, 1, 4096, 0
5041, 8142, 1, 4096, 0
5042, 8647, 1, 4096, 0
5042, 11085, 1, 4096, 0
5042, 4607, 1, 4096, 0
5043, 8841, 1, 4096, 0
5043, 9672, 1, 4096, 0
5044, 4788, 1, 4096, 0
5044, 3549, 1, 4096, 0
5045, 6070, 1, 4096, 0
5045, 4785, 1, 4096, 0
5046, 18002, 1, 4096, 0
5046, 3767, 1, 4096, 0
5047, 5720, 1, 4096, 0
5047, 3520, 1, 4096, 0
5047, 8286, 1, 4096, 0
5048, 6486, 1, 4096, 0
5048, 6635, 1, 4096, 0
5049, 5815, 1, 4096, 0
5049, 9692, 1, 4096, 0
5050, 6004, 1, 4096, 0
5050, 9189, 1, 4096, 0
5050, 8405, 1, 4096, 0
5051, 11342, 1, 4096, 0
5051, 3259, 1, 4096, 0
5052, 6271, 1, 4096, 0
5052, 16075, 1, 4096, 0
5052, 8454, 1, 4096, 0
5053, 10513, 1, 4096, 0
5053, 5662, 1, 4096, 0
5054, 8388, 1, 4096, 0
5054, 8614, 1, 4096, 0
5054, 5934, 1, 4096, 0
5055, 9308, 1, 4096, 0
5055, 4900, 1, 4096, 0
5056, 9522, 1, 4096, 0
5056, 8562, 1, 4096, 0
5056, 6707, 1, 4096, 0
5057, 5927, 1, 4096, 0
5057, 6618, 1, 4096, 0
5057, 8794, 1, 4096, 0
5058, 6367, 1, 4096, 0
5058, 3437, 1, 4096, 0
5059, 9221, 1, 4096, 0
5059, 12070, 1, 4096, 0
5059, 5138, 1, 4096, 0
5060, 7272, 1, 4096, 0
5060, 9143, 1, 4096, 0
5061, 4053, 1, 4096, 0
5061, 6960, 1, 4096, 0
5061, 6084, 1, 4096, 0
5062, 5709, 1, 4096, 0
5062, 4327, 1, 4096, 0
5062, 5311, 1, 4096, 0
5063, 5685, 1, 4096, 0
5063, 11797, 1, 4096, 0
5064, 6266, 1, 4096, 0
5064, 23739, 1, 4096, 0
5064, 8461, 1, 4096, 0
5065, 7971, 1, 4096, 0
5065, 5081, 1, 4096, 0
5065, 4529, 1, 4096, 0
5066, 10636, 1, 4096, 0
5066, 5284, 1, 4096, 0
5066, 6005, 1, 4096, 0
5067, 9058, 1, 4096, 0
5067, 4000, 1, 4096, 0
5067, 8104, 1, 4096, 0
5068, 8144, 1, 4096, 0
5068, 4194, 1, 4096, 0
5068, 11498, 1, 4096, 0
5069, 4642, 1, 4096, 0
5069, 3776, 1, 4096, 0
5070, 10392, 1, 4096, 0
5070, 9435, 1, 4096, 0
5070, 3239, 1, 4096, 0
5071, 23550, 1, 4096, 0
5071, 4576, 1, 4096, 0
5071, 7974, 1, 4096, 0
5072, 6703, 1, 4096, 0
5072, 9018, 1, 4096, 0
5073, 13841, 1, 4096, 0
5073, 11196, 1, 4096, 0
5074, 11486, 1, 4096, 0
5074, 10916, 1, 4096, 0
5074, 6295, 1, 4096, 0
5075, 8698, 1, 4096, 0
5075, 7959, 1, 4096, 0
5076, 6042, 1, 4096, 0
5076, 3552, 1, 4096, 0
5076, 7145, 1, 4096, 0
5077, 6643, 1, 4096, 0
5077, 4391, 1, 4096, 0
5077, 3299, 1, 4096, 0
5079, 5024, 1, 4096, 0
5079, 3749, 1, 4096, 0
5079, 6112, 1, 4096, 0
5080, 8430, 1, 4096, 0
5080, 2280, 1, 4096, 0
5080, 3677, 1, 4096, 0
5081, 8234, 1, 4096, 0
5082, 7233, 1, 4096, 0
5082, 7521, 1, 4096, 0
5082, 8275, 1, 4096, 0
5084, 5914, 1, 4096, 0
5084, 9030, 1, 4096, 0
5085, 5252, 1, 4096, 0
5085, 7487, 1, 4096, 0
5085, 8700, 1, 4096, 0
5086, 9569, 1, 4096, 0
5086, 6263, 1, 4096, 0
5087, 8820, 1, 4096, 0
5087, 5069, 1, 4096, 0
5087, 3708, 1, 4096, 0
5088, 13297, 1, 4096, 0
5088, 10129, 1, 4096, 0
5088, 7585, 1, 4096, 0
5089, 5912, 1, 4096, 0
5089, 11976, 1, 4096, 0
5090, 9340, 1, 4096, 0
5090, 7945, 1, 4096, 0
5090, 4573, 1, 4096, 0
5091, 6983, 1, 4096, 0
5091, 2594, 1, 4096, 0
5091, 4867, 1, 4096, 0
5092, 7597, 1, 4096, 0
5093, 9784, 1, 4096, 0
5093, 9760, 1, 4096, 0
5094, 10303, 1, 4096, 0
5094, 10255, 1, 4096, 0
5094, 5046, 1, 4096, 0
5095, 9480, 1, 4096, 0
5095, 4971, 1, 4096, 0
5095, 8809, 1, 4096, 0
5096, 9107, 1, 4096, 0
5096, 6035, 1, 4096, 0
5096, 7464, 1, 4096, 0
5097, 13531, 1, 4096, 0
5097, 8478, 1, 4096, 0
5097, 6228, 1, 4096, 0
5098, 7870, 1, 4096, 0
5098, 12494, 1, 4096, 0
5099, 9250, 1, 4096, 0
5099, 9687, 1, 4096, 0
5099, 3473, 1, 4096, 0
5099, 9697, 1, 4096, 0
5100, 8140, 1, 4096, 0
5100, 10010, 1, 4096, 0
5101, 10345, 1, 4096, 0
5101, 7809, 1, 4096, 0
5102, 5421, 1, 4096, 0
5102, 8207, 1, 4096, 0
5103, 6845, 1, 4096, 0
5103, 4833, 1, 4096, 0
5103, 10804, 1, 4096, 0
5104, 5533, 1, 4096, 0
5104, 6748, 1, 4096, 0
5105, 6545, 1, 4096, 0
5105, 7667, 1, 4096, 0
5105, 3724, 1, 4096, 0
5106, 4894, 1, 4096, 0
5107, 9221, 1, 4096, 0
5107, 36423, 1, 4096, 0
5107, 6879, 1, 4096, 0
5108, 8205, 1, 4096, 0
5108, 5749, 1, 4096, 0
5108, 11183, 1, 4096, 0
5109, 7921, 1, 4096, 0
5109, 10711, 1, 4096, 0
5109, 5676, 1, 4096, 0
5110, 8297, 1, 4096, 0
5110, 6082, 1, 4096, 0
5110, 7979, 1, 4096, 0
5111, 8379, 1, 4096, 0
5111, 6252, 1, 4096, 0
5112, 9214, 1, 4096, 0
5112, 4945, 1, 4096, 0
5113, 10646, 1, 4096, 0
5113, 6794, 1, 4096, 0
5113, 5008, 1, 4096, 0
5114, 7484, 1, 4096, 0
5114, 7157, 1, 4096, 0
5115, 7311, 1, 4096, 0
5115, 3452, 1, 4096, 0
5115, 6387, 1, 4096, 0
5116, 10882, 1, 4096, 0
5116, 4829, 1, 4096, 0
5116, 10924, 1, 4096, 0
5117, 9385, 1, 4096, 0
5117, 4139, 1, 4096, 0
5118, 7119, 1, 4096, 0
5118, 10100, 1, 4096, 0
5118, 7985, 1, 4096, 0
5118, 5536, 1, 4096, 0
5119, 10344, 1, 4096, 0
5120, 11077, 1, 4096, 0
5120, 9169, 1, 4096, 0
5120, 6676, 1, 4096, 0
5121, 6840, 1, 4096, 0
5121, 10628, 1, 4096, 0
5122, 8024, 1, 4096, 0
5122, 5989, 1, 4096, 0
5122, 7319, 1, 4096, 0
5123, 9003, 1, 4096, 0
5123, 9324, 1, 4096, 0
5123, 6030, 1, 4096, 0
5124, 9230, 1, 4096, 0
5125, 8776, 1, 4096, 0
5125, 4192, 1, 4096, 0
5125, 3929, 1, 4096, 0
5126, 6635, 1, 4096, 0
5126, 7064, 1, 4096, 0
5126, 4770, 1, 4096, 0
5127, 10616, 1, 4096, 0
5127, 9176, 1, 4096, 0
5127, 8743, 1, 4096, 0
5128, 14453, 1, 4096, 0
5128, 9562, 1, 4096, 0
5128, 9723, 1, 4096, 0
5129, 7466, 1, 4096, 0
5129, 5106, 1, 4096, 0
5129, 5469, 1, 4096, 0
5130, 7279, 1, 4096, 0
5130, 3947, 1, 4096, 0
5130, 7869, 1, 4096, 0
5131, 6955, 1, 4096, 0
5131, 6479, 1, 4096, 0
5132, 8115, 1, 4096, 0
5132, 5407, 1, 4096, 0
5132, 4192, 1, 4096, 0
5133, 11111, 1, 4096, 0
5133, 3551, 1, 4096, 0
5133, 8019, 1, 4096, 0
5134, 9167, 1, 4096, 0
5134, 6337, 1, 4096, 0
5134, 3618, 1, 4096, 0
5135, 10028, 1, 4096, 0
5135, 8535, 1, 4096, 0
5135, 9820, 1, 4096, 0
5136, 6960, 1, 4096, 0
5136, 8710, 1, 4096, 0
5136, 6300, 1, 4096, 0
5137, 7304, 1, 4096, 0
5137, 7551, 1, 4096, 0
5137, 4705, 1, 4096, 0
5138, 6878, 1, 4096, 0
5138, 5873, 1, 4096, 0
5139, 5747, 1, 4096, 0
5139, 7678, 1, 4096, 0
5139, 8130, 1, 4096, 0
5140, 8433, 1, 4096, 0
5140, 7071, 1, 4096, 0
5140, 4406, 1, 4096, 0
5141, 4977, 1, 4096, 0
5141, 5508, 1, 4096, 0
5141, 8943, 1, 4096, 0
5142, 8039, 1, 4096, 0
5142, 7673, 1, 4096, 0
5143, 5553, 1, 4096, 0
5143, 5148, 1, 4096, 0
5143, 6294, 1, 4096, 0
5144, 7725, 1, 4096, 0
5144, 6649, 1, 4096, 0
5144, 5978, 1, 4096, 0
5145, 7624, 1, 4096, 0
5145, 9772, 1, 4096, 0
5146, 5921, 1, 4096, 0
5146, 6623, 1, 4096, 0
5146, 5353, 1, 4096, 0
5147, 4127, 1, 4096, 0
5147, 3854, 1, 4096, 0
5147, 5909, 1, 4096, 0
5148, 7630, 1, 4096, 0
5148, 7696, 1, 4096, 0
5149, 8017, 1, 4096, 0
5149, 7018, 1, 4096, 0
5149, 2911, 1, 4096, 0
5150, 4950, 1, 4096, 0
5151, 7904, 1, 4096, 0
5151, 3480, 1, 4096, 0
5151, 5271, 1, 4096, 0
5152, 8014, 1, 4096, 0
5152, 5648, 1, 4096, 0
5152, 5202, 1, 4096, 0
5153, 7389, 1, 4096, 0
5153, 4409, 1, 4096, 0
5153, 8819, 1, 4096, 0
5154, 5940, 1, 4096, 0
5155, 7557, 1, 4096, 0
5155, 6102, 1, 4096, 0
5155, 9596, 1, 4096, 0
5156, 8817, 1, 4096, 0
5156, 5352, 1, 4096, 0
5156, 9567, 1, 4096, 0
5157, 5931, 1, 4096, 0
5157, 3372, 1, 4096, 0
5157, 11653, 1, 4096, 0
5158, 5240, 1, 4096, 0
5158, 4981, 1, 4096, 0
5158, 10301, 1, 4096, 0
5158, 8575, 1, 4096, 0
5159, 8132, 1, 4096, 0
5159, 5073, 1, 4096, 0
5160, 8041, 1, 4096, 0
5160, 6039, 1, 4096, 0
5161, 8127, 1, 4096, 0
5161, 5763, 1, 4096, 0
5161, 3864, 1, 4096, 0
5161, 4894, 1, 4096, 0
5162, 11261, 1, 4096, 0
5162, 4674, 1, 4096, 0
5163, 9190, 1, 4096, 0
5164, 10689, 1, 4096, 0
5164, 8045, 1, 4096, 0
5164, 6657, 1, 4096, 0
5165, 14588, 1, 4096, 0
5165, 5437, 1, 4096, 0
5165, 2934, 1, 4096, 0
5166, 7529, 1, 4096, 0
5166, 2826, 1, 4096, 0
5166, 6086, 1, 4096, 0
5167, 10528, 1, 4096, 0
5167, 5876, 1, 4096, 0
5167, 3171, 1, 4096, 0
5168, 11222, 1, 4096, 0
5168, 5785, 1, 4096, 0
5168, 5417, 1, 4096, 0
5169, 13382, 1, 4096, 0
5169, 4938, 1, 4096, 0
5170, 6274, 1, 4096, 0
5170, 8013, 1, 4096, 0
5170, 11849, 1, 4096, 0
5171, 9120, 1, 4096, 0
5171, 8991, 1, 4096, 0
5171, 7105, 1, 4096, 0
5172, 8385, 1, 4096, 0
5172, 10628, 1, 4096, 0
5173, 7280, 1, 4096, 0
5173, 5627, 1, 4096, 0
5173, 9557, 1, 4096, 0
5174, 7537, 1, 4096, 0
5174, 10136, 1, 4096, 0
5174, 8066, 1, 4096, 0
5175, 10829, 1, 4096, 0
5175, 5131, 1, 4096, 0
5176, 5183, 1, 4096, 0
5176, 5463, 1, 4096, 0
5177, 9931, 1, 4096, 0
5177, 2325, 1, 4096, 0
5177, 8144, 1, 4096, 0
5178, 5948, 1, 4096, 0
5178, 5592, 1, 4096, 0
5178, 9151, 1, 4096, 0
5179, 6341, 1, 4096, 0
5179, 8342, 1, 4096, 0
5179, 2481, 1, 4096, 0
5179, 9627, 1, 4096, 0
5180, 9568, 1, 4096, 0
5180, 8443, 1, 4096, 0
5181, 4520, 1, 4096, 0
5182, 8953, 1, 4096, 0
5182, 5816, 1, 4096, 0
5182, 2385, 1, 4096, 0
5183, 7951, 1, 4096, 0
5183, 9106, 1, 4096, 0
5183, 17137, 1, 4096, 0
5184, 8601, 1, 4096, 0
5184, 6952, 1, 4096, 0
5184, 8874, 1, 4096, 0
5185, 9546, 1, 4096, 0
5185, 7825, 1, 4096, 0
5185, 8059, 1, 4096, 0
5186, 7609, 1, 4096, 0
5186, 11036, 1, 4096, 0
5187, 10626, 1, 4096, 0
5187, 9237, 1, 4096, 0
5187, 5468, 1, 4096, 0
5188, 7158, 1, 4096, 0
5188, 6677, 1, 4096, 0
5188, 2035, 1, 4096, 0
5189, 9149, 1, 4096, 0
5189, 8311, 1, 4096, 0
5190, 5586, 1, 4096, 0
5190, 6508, 1, 4096, 0
5191, 7135, 1, 4096, 0
5191, 7371, 1, 4096, 0
5192, 5022, 1, 4096, 0
5192, 7455, 1, 4096, 0
5192, 7540, 1, 4096, 0
5193, 5080, 1, 4096, 0
5193, 8443, 1, 4096, 0
5193, 7934, 1, 4096, 0
5194, 10245, 1, 4096, 0
5194, 2526, 1, 4096, 0
5195, 11991, 1, 4096, 0
5195, 9733, 1, 4096, 0
5195, 8477, 1, 4096, 0
5196, 10921, 1, 4096, 0
5196, 19957, 1, 4096, 0
5197, 6191, 1, 4096, 0
5197, 9896, 1, 4096, 0
5197, 7467, 1, 4096, 0
5198, 8434, 1, 4096, 0
5198, 10961, 1, 4096, 0
5198, 7302, 1, 4096, 0
5199, 8667, 1, 4096, 0
5199, 7406, 1, 4096, 0
5200, 9980, 1, 4096, 0
5200, 6434, 1, 4096, 0
5200, 5857, 1, 4096, 0
5201, 6371, 1, 4096, 0
5201, 5573, 1, 4096, 0
5201, 8401, 1, 4096, 0
5202, 9242, 1, 4096, 0
5202, 4705, 1, 4096, 0
5203, 6732, 1, 4096, 0
5203, 7171, 1, 4096, 0
5203, 5873, 1, 4096, 0
5204, 9682, 1, 4096, 0
5204, 8665, 1, 4096, 0
5205, 5068, 1, 4096, 0
5205, 6890, 1, 4096, 0
5205, 12864, 1, 4096, 0
5205, 2254, 1, 4096, 0
5206, 7075, 1, 4096, 0
5206, 8664, 1, 4096, 0
5207, 8626, 1, 4096, 0
5207, 7627, 1, 4096, 0
5207, 7168, 1, 4096, 0
5208, 5582, 1, 4096, 0
5209, 8531, 1, 4096, 0
5209, 8115, 1, 4096, 0
5209, 6933, 1, 4096, 0
5210, 8572, 1, 4096, 0
5210, 4788, 1, 4096, 0
5210, 3627, 1, 4096, 0
5211, 7988, 1, 4096, 0
5211, 5243, 1, 4096, 0
5211, 5214, 1, 4096, 0
5212, 12381, 1, 4096, 0
5212, 4335, 1, 4096, 0
5212, 2667, 1, 4096, 0
5213, 8093, 1, 4096, 0
5213, 6289, 1, 4096, 0
5213, 10007, 1, 4096, 0
5214, 6735, 1, 4096, 0
5214, 8406, 1, 4096, 0
5215, 4593, 1, 4096, 0
5215, 5807, 1, 4096, 0
5215, 10233, 1, 4096, 0
5216, 14593, 1, 4096, 0
5216, 6758, 1, 4096, 0
5217, 7557, 1, 4096, 0
5217, 8514, 1, 4096, 0
5217, 6699, 1, 4096, 0
5218, 5663, 1, 4096, 0
5218, 9977, 1, 4096, 0
5219, 6893, 1, 4096, 0
5219, 9026, 1, 4096, 0
5220, 8296, 1, 4096, 0
5220, 6258, 1, 4096, 0
5220, 7887, 1, 4096, 0
5221, 6802, 1, 4096, 0
5221, 11969, 1, 4096, 0
5222, 9364, 1, 4096, 0
5222, 3084, 1, 4096, 0
5222, 8024, 1, 4096, 0
5222, 5398, 1, 4096, 0
5223, 5373, 1, 4096, 0
5223, 5212, 1, 4096, 0
5223, 2414, 1, 4096, 0
5224, 7456, 1, 4096, 0
5224, 9206, 1, 4096, 0
5225, 7540, 1, 4096, 0
5225, 4981, 1, 4096, 0
5225, 7192, 1, 4096, 0
5226, 4118, 1, 4096, 0
5226, 9882, 1, 4096, 0
5226, 8923, 1, 4096, 0
5227, 7993, 1, 4096, 0
5227, 7030, 1, 4096, 0
5228, 10856, 1, 4096, 0
5228, 5247, 1, 4096, 0
5228, 6139, 1, 4096, 0
5229, 7526, 1, 4096, 0
5229, 4934, 1, 4096, 0
5230, 10584, 1, 4096, 0
5230, 7961, 1, 4096, 0
5230, 2816, 1, 4096, 0
5231, 5165, 1, 4096, 0
5231, 7575, 1, 4096, 0
5231, 4666, 1, 4096, 0
5232, 5886, 1, 4096, 0
5232, 5944, 1, 4096, 0
5232, 4203, 1, 4096, 0
5233, 4818, 1, 4096, 0
5234, 6346, 1, 4096, 0
5234, 10358, 1, 4096, 0
5234, 8760, 1, 4096, 0
5235, 8749, 1, 4096, 0
5235, 10558, 1, 4096, 0
5235, 8873, 1, 4096, 0
5236, 8434, 1, 4096, 0
5236, 6802, 1, 4096, 0
5236, 3941, 1, 4096, 0
5237, 7953, 1, 4096, 0
5237, 5879, 1, 4096, 0
5237, 10239, 1, 4096, 0
5238, 5004, 1, 4096, 0
5238, 5597, 1, 4096, 0
5238, 11324, 1, 4096, 0
5239, 7882, 1, 4096, 0
5239, 3092, 1, 4096, 0
5239, 12465, 1, 4096, 0
5240, 8451, 1, 4096, 0
5240, 13235, 1, 4096, 0
5240, 6445, 1, 4096, 0
5241, 7329, 1, 4096, 0
5241, 8500, 1, 4096, 0
5241, 4490, 1, 4096, 0
5242, 11578, 1, 4096, 0
5242, 6896, 1, 4096, 0
5242, 3405, 1, 4096, 0
5244, 9785, 1, 4096, 0
5244, 3278, 1, 4096, 0
5245, 9568, 1, 4096, 0
5245, 8760, 1, 4096, 0
5245, 5625, 1, 4096, 0
5246, 10582, 1, 4096, 0
5246, 9582, 1, 4096, 0
5246, 6190, 1, 4096, 0
5247, 9731, 1, 4096, 0
5247, 4705, 1, 4096, 0
5247, 7317, 1, 4096, 0
5248, 9796, 1, 4096, 0
5248, 6278, 1, 4096, 0
5249, 7442, 1, 4096, 0
5249, 9322, 1, 4096, 0
5249, 4981, 1, 4096, 0
5250, 6687, 1, 4096, 0
5251, 6402, 1, 4096, 0
5251, 5299, 1, 4096, 0
5251, 5111, 1, 4096, 0
5252, 5905, 1, 4096, 0
5252, 10625, 1, 4096, 0
5253, 6207, 1, 4096, 0
5253, 8308, 1, 4096, 0
5253, 4900, 1, 4096, 0
5254, 6327, 1, 4096, 0
5254, 3529, 1, 4096, 0
5254, 4101, 1, 4096, 0
5255, 7046, 1, 4096, 0
5255, 3061, 1, 4096, 0
5255, 4334, 1, 4096, 0
5255, 10030, 1, 4096, 0
5256, 6374, 1, 4096, 0
5256, 24972, 1, 4096, 0
5256, 11232, 1, 4096, 0
5257, 5800, 1, 4096, 0
5257, 5273, 1, 4096, 0
5257, 5377, 1, 4096, 0
5258, 4466, 1, 4096, 0
5258, 6729, 1, 4096, 0
5259, 5378, 1, 4096, 0
5259, 5386, 1, 4096, 0
5259, 8080, 1, 4096, 0
5259, 6158, 1, 4096, 0
5260, 7689, 1, 4096, 0
5261, 8896, 1, 4096, 0
5261, 5612, 1, 4096, 0
5261, 9782, 1, 4096, 0
5262, 12967, 1, 4096, 0
5262, 8057, 1, 4096, 0
5263, 8144, 1, 4096, 0
5263, 11165, 1, 4096, 0
5263, 10279, 1, 4096, 0
5264, 8231, 1, 4096, 0
5264, 9548, 1, 4096, 0
5265, 5518, 1, 4096, 0
5265, 10393, 1, 4096, 0
5266, 9835, 1, 4096, 0
5266, 6979, 1, 4096, 0
5266, 11966, 1, 4096, 0
5267, 9702, 1, 4096, 0
5267, 3505, 1, 4096, 0
5267, 4283, 1, 4096, 0
5268, 9725, 1, 4096, 0
5268, 4081, 1, 4096, 0
5269, 8521, 1, 4096, 0
5269, 11402, 1, 4096, 0
5270, 11894, 1, 4096, 0
5271, 6008, 1, 4096, 0
5271, 9702, 1, 4096, 0
5271, 5636, 1, 4096, 0
5271, 5203, 1, 4096, 0
5272, 7653, 1, 4096, 0
5272, 8052, 1, 4096, 0
5273, 6674, 1, 4096, 0
5273, 10363, 1, 4096, 0
5274, 8923, 1, 4096, 0
5274, 11339, 1, 4096, 0
5274, 8774, 1, 4096, 0
5275, 10507, 1, 4096, 0
5275, 9873, 1, 4096, 0
5275, 5632, 1, 4096, 0
5276, 8463, 1, 4096, 0
5276, 3071, 1, 4096, 0
5276, 6876, 1, 4096, 0
5277, 6953, 1, 4096, 0
5277, 7150, 1, 4096, 0
5277, 3121, 1, 4096, 0
5278, 11481, 1, 4096, 0
5278, 3756, 1, 4096, 0
5278, 4505, 1, 4096, 0
5279, 10324, 1, 4096, 0
5279, 4728, 1, 4096, 0
5280, 9067, 1, 4096, 0
5280, 7321, 1, 4096, 0
5280, 10676, 1, 4096, 0
5281, 8573, 1, 4096, 0
5281, 5612, 1, 4096, 0
5282, 9903, 1, 4096, 0
5282, 10298, 1, 4096, 0
5282, 3498, 1, 4096, 0
5283, 6039, 1, 4096, 0
5283, 10402, 1, 4096, 0
5284, 9684, 1, 4096, 0
5284, 8827, 1, 4096, 0
5285, 7762, 1, 4096, 0
5285, 12163, 1, 4096, 0
5285, 3307, 1, 4096, 0
5286, 6273, 1, 4096, 0
5286, 9176, 1, 4096, 0
5286, 16638, 1, 4096, 0
5287, 7423, 1, 4096, 0
5287, 4589, 1, 4096, 0
5287, 10902, 1, 4096, 0
5288, 10522, 1, 4096, 0
5288, 5006, 1, 4096, 0
5289, 10270, 1, 4096, 0
5289, 8215, 1, 4096, 0
5289, 9161, 1, 4096, 0
5289, 5431, 1, 4096, 0
5290, 10068, 1, 4096, 0
5291, 8155, 1, 4096, 0
5291, 6728, 1, 4096, 0
5292, 9967, 1, 4096, 0
5292, 3594, 1, 4096, 0
5292, 4231, 1, 4096, 0
5293, 6295, 1, 4096, 0
5293, 6169, 1, 4096, 0
5293, 3014, 1, 4096, 0
5294, 11337, 1, 4096, 0
5294, 5383, 1, 4096, 0
5294, 6050, 1, 4096, 0
5295, 8256, 1, 4096, 0
5295, 3765, 1, 4096, 0
5295, 9579, 1, 4096, 0
5296, 7821, 1, 4096, 0
5296, 8532, 1, 4096, 0
5296, 4934, 1, 4096, 0
5297, 8075, 1, 4096, 0
5297, 7308, 1, 4096, 0
5297, 6262, 1, 4096, 0
5298, 8044, 1, 4096, 0
5298, 9988, 1, 4096, 0
5299, 8084, 1, 4096, 0
5299, 11387, 1, 4096, 0
5299, 7208, 1, 4096, 0
5299, 4881, 1, 4096, 0
5300, 9809, 1, 4096, 0
5300, 5692, 1, 4096, 0
5301, 7301, 1, 4096, 0
5301, 5479, 1, 4096, 0
5301, 10732, 1, 4096, 0
5302, 7199, 1, 4096, 0
5303, 5093, 1, 4096, 0
5303, 11097, 1, 4096, 0
5303, 6169, 1, 4096, 0
5304, 12359, 1, 4096, 0
5305, 4367, 1, 4096, 0
5305, 2116, 1, 4096, 0
5305, 5478, 1, 4096, 0
5305, 10030, 1, 4096, 0
5306, 6741, 1, 4096, 0
5306, 7287, 1, 4096, 0
5307, 7664, 1, 4096, 0
5307, 4665, 1, 4096, 0
5307, 7435, 1, 4096, 0
5308, 9932, 1, 4096, 0
5308, 9689, 1, 4096, 0
5309, 8350, 1, 4096, 0
5309, 12552, 1, 4096, 0
5310, 9038, 1, 4096, 0
5310, 6773, 1, 4096, 0
5310, 9733, 1, 4096, 0
5311, 14086, 1, 4096, 0
5311, 8892, 1, 4096, 0
5311, 9713, 1, 4096, 0
5312, 6323, 1, 4096, 0
5312, 6045, 1, 4096, 0
5312, 8801, 1, 4096, 0
5313, 5395, 1, 4096, 0
5314, 10586, 1, 4096, 0
5314, 9841, 1, 4096, 0
5315, 9296, 1, 4096, 0
5315, 10512, 1, 4096, 0
5315, 9641, 1, 4096, 0
5316, 21910, 1, 4096, 0
5316, 2920, 1, 4096, 0
5316, 4773, 1, 4096, 0
5317, 10240, 1, 4096, 0
5317, 9556, 1, 4096, 0
5317, 2996, 1, 4096, 0
5318, 8454, 1, 4096, 0
5318, 4921, 1, 4096, 0
5318, 5319, 1, 4096, 0
5319, 8553, 1, 4096, 0
5319, 10099, 1, 4096, 0
5320, 7966, 1, 4096, 0
5320, 7726, 1, 4096, 0
5320, 9952, 1, 4096, 0
5320, 11942, 1, 4096, 0
5321, 6610, 1, 4096, 0
5321, 3773, 1, 4096, 0
5322, 5224, 1, 4096, 0
5322, 6197, 1, 4096, 0
5323, 5286, 1, 4096, 0
5323, 3777, 1, 4096, 0
5324, 7628, 1, 4096, 0
5324, 11606, 1, 4096, 0
5324, 8562, 1, 4096, 0
5325, 6172, 1, 4096, 0
5325, 7145, 1, 4096, 0
5326, 6434, 1, 4096, 0
5326, 5886, 1, 4096, 0
5326, 6377, 1, 4096, 0
5326, 8222, 1, 4096, 0
5327, 11287, 1, 4096, 0
5327, 7261, 1, 4096, 0
5328, 8792, 1, 4096, 0
5328, 5263, 1, 4096, 0
5328, 3550, 1, 4096, 0
5329, 8549, 1, 4096, 0
5329, 7983, 1, 4096, 0
5329, 8828, 1, 4096, 0
5330, 9228, 1, 4096, 0
5330, 9334, 1, 4096, 0
5330, 8698, 1, 4096, 0
5331, 6129, 1, 4096, 0
5331, 9045, 1, 4096, 0
5331, 6983, 1, 4096, 0
5332, 9185, 1, 4096, 0
5332, 3113, 1, 4096, 0
5332, 2520, 1, 4096, 0
5334, 10089, 1, 4096, 0
5334, 9558, 1, 4096, 0
5334, 8936, 1, 4096, 0
5335, 8290, 1, 4096, 0
5335, 10420, 1, 4096, 0
5335, 9776, 1, 4096, 0
5336, 8482, 1, 4096, 0
5337, 12009, 1, 4096, 0
5337, 8387, 1, 4096, 0
5337, 6266, 1, 4096, 0
5338, 12222, 1, 4096, 0
5338, 8560, 1, 4096, 0
5339, 8017, 1, 4096, 0
5339, 8506, 1, 4096, 0
5339, 5989, 1, 4096, 0
5340, 6729, 1, 4096, 0
5340, 8378, 1, 4096, 0
5340, 7329, 1, 4096, 0
5341, 8207, 1, 4096, 0
5341, 6307, 1, 4096, 0
5341, 7471, 1, 4096, 0
5342, 7738, 1, 4096, 0
5342, 6643, 1, 4096, 0
5343, 9048, 1, 4096, 0
5343, 2654, 1, 4096, 0
5343, 2898, 1, 4096, 0
5344, 7804, 1, 4096, 0
5344, 5839, 1, 4096, 0
5344, 6425, 1, 4096, 0
5345, 11476, 1, 4096, 0
5345, 10725, 1, 4096, 0
5345, 6906, 1, 4096, 0
5346, 10500, 1, 4096, 0
5346, 8444, 1, 4096, 0
5346, 8581, 1, 4096, 0
5347, 8210, 1, 4096, 0
5348, 7252, 1, 4096, 0
5348, 8244, 1, 4096, 0
5348, 7190, 1, 4096, 0
5348, 9321, 1, 4096, 0
5349, 4610, 1, 4096, 0
5349, 6507, 1, 4096, 0
5350, 6534, 1, 4096, 0
5350, 4108, 1, 4096, 0
5350, 8854, 1, 4096, 0
5351, 9224, 1, 4096, 0
5351, 12425, 1, 4096, 0
5351, 8937, 1, 4096, 0
5352, 11066, 1, 4096, 0
5352, 9701, 1, 4096, 0
5353, 11922, 1, 4096, 0
5353, 6270, 1, 4096, 0
5353, 9379, 1, 4096, 0
5354, 8836, 1, 4096, 0
5355, 7150, 1, 4096, 0
5355, 2916, 1, 4096, 0
5355, 10976, 1, 4096, 0
5356, 7502, 1, 4096, 0
5356, 9265, 1, 4096, 0
5356, 11034, 1, 4096, 0
5357, 9639, 1, 4096, 0
5357, 11133, 1, 4096, 0
5357, 9077, 1, 4096, 0
5358, 5631, 1, 4096, 0
5358, 5657, 1, 4096, 0
5358, 3972, 1, 4096, 0
5359, 7104, 1, 4096, 0
5359, 5529, 1, 4096, 0
5359, 7743, 1, 4096, 0
5360, 8491, 1, 4096, 0
5360, 9619, 1, 4096, 0
5361, 15679, 1, 4096, 0
5361, 9482, 1, 4096, 0
5362, 4959, 1, 4096, 0
5362, 9674, 1, 4096, 0
5362, 8588, 1, 4096, 0
5362, 2667, 1, 4096, 0
5363, 8300, 1, 4096, 0
5364, 7410, 1, 4096, 0
5364, 5146, 1, 4096, 0
5364, 4486, 1, 4096, 0
5365, 6599, 1, 4096, 0
5365, 5131, 1, 4096, 0
5365, 7484, 1, 4096, 0
5366, 8355, 1, 4096, 0
5366, 4500, 1, 4096, 0
5366, 7676, 1, 4096, 0
5367, 11179, 1, 4096, 0
5367, 3662, 1, 4096, 0
5367, 7578, 1, 4096, 0
5368, 10536, 1, 4096, 0
5368, 10443, 1, 4096, 0
5369, 8078, 1, 4096, 0
5369, 6375, 1, 4096, 0
5369, 5847, 1, 4096, 0
5370, 6292, 1, 4096, 0
5370, 5542, 1, 4096, 0
5371, 6291, 1, 4096, 0
5371, 8371, 1, 4096, 0
5371, 10670, 1, 4096, 0
5372, 5706, 1, 4096, 0
5373, 9274, 1, 4096, 0
5373, 6367, 1, 4096, 0
5373, 4582, 1, 4096, 0
5374, 7952, 1, 4096, 0
5374, 8264, 1, 4096, 0
5375, 5444, 1, 4096, 0
5375, 4652, 1, 4096, 0
5375, 9579, 1, 4096, 0
5376, 7553, 1, 4096, 0
5376, 4091, 1, 4096, 0
5376, 4675, 1, 4096, 0
5377, 11063, 1, 4096, 0
5377, 8153, 1, 4096, 0
5377, 11251, 1, 4096, 0
5378, 9876, 1, 4096, 0
5378, 5475, 1, 4096, 0
5378, 4709, 1, 4096, 0
5380, 11373, 1, 4096, 0
5380, 6287, 1, 4096, 0
5380, 6036, 1, 4096, 0
5381, 7627, 1, 4096, 0
5381, 5446, 1, 4096, 0
5381, 3070, 1, 4096, 0
5382, 9492, 1, 4096, 0
5382, 4691, 1, 4096, 0
5382, 5269, 1, 4096, 0
5383, 7169, 1, 4096, 0
5383, 8678, 1, 4096, 0
5383, 6276, 1, 4096, 0
5384, 10665, 1, 4096, 0
5384, 4698, 1, 4096, 0
5384, 10778, 1, 4096, 0
5385, 8587, 1, 4096, 0
5385, 7141, 1, 4096, 0
5385, 10118, 1, 4096, 0
5386, 23671, 1, 4096, 0
5386, 6915, 1, 4096, 0
5386, 7964, 1, 4096, 0
5387, 9741, 1, 4096, 0
5387, 6480, 1, 4096, 0
5387, 5326, 1, 4096, 0
5388, 9939, 1, 4096, 0
5388, 9629, 1, 4096, 0
5389, 8560, 1, 4096, 0
5389, 4458, 1, 4096, 0
5390, 10730, 1, 4096, 0
5391, 9938, 1, 4096, 0
5391, 9754, 1, 4096, 0
5391, 7450, 1, 4096, 0
5392, 9117, 1, 4096, 0
5392, 3173, 1, 4096, 0
5392, 6671, 1, 4096, 0
5393, 6809, 1, 4096, 0
5393, 2353, 1, 4096, 0
5394, 5177, 1, 4096, 0
5395, 7381, 1, 4096, 0
5395, 4961, 1, 4096, 0
5395, 7195, 1, 4096, 0
5396, 5396, 1, 4096, 0
5396, 7213, 1, 4096, 0
5397, 4900, 1, 4096, 0
5397, 5614, 1, 4096, 0
5397, 4551, 1, 4096, 0
5398, 8955, 1, 4096, 0
5398, 9736, 1, 4096, 0
5398, 6792, 1, 4096, 0
5399, 9487, 1, 4096, 0
5399, 11169, 1, 4096, 0
5399, 7612, 1, 4096, 0
5400, 7227, 1, 4096, 0
5400, 4052, 1, 4096, 0
5400, 2997, 1, 4096, 0
5401, 6001, 1, 4096, 0
5401, 9929, 1, 4096, 0
5401, 3199, 1, 4096, 0
5402, 11815, 1, 4096, 0
5403, 7311, 1, 4096, 0
5403, 7782, 1, 4096, 0
5403, 7701, 1, 4096, 0
5403, 7921, 1, 4096, 0
5404, 52116, 1, 4096, 0
5404, 7160, 1, 4096, 0
5405, 7303, 1, 4096, 0
5405, 10202, 1, 4096, 0
5406, 7292, 1, 4096, 0
5406, 11085, 1, 4096, 0
5406, 6481, 1, 4096, 0
5407, 8852, 1, 4096, 0
5408, 5641, 1, 4096, 0
5408, 5095, 1, 4096, 0
5408, 8959, 1, 4096, 0
5409, 9585, 1, 4096, 0
5409, 6374, 1, 4096, 0
5410, 7268, 1, 4096, 0
5410, 5114, 1, 4096, 0
5410, 3943, 1, 4096, 0
5411, 7387, 1, 4096, 0
5411, 6493, 1, 4096, 0
5411, 10961, 1, 4096, 0
5412, 6698, 1, 4096, 0
5412, 9422, 1, 4096, 0
5412, 11949, 1, 4096, 0
5413, 6906, 1, 4096, 0
5413, 4414, 1, 4096, 0
5413, 4816, 1, 4096, 0
5414, 10828, 1, 4096, 0
5414, 10678, 1, 4096, 0
5415, 9762, 1, 4096, 0
5415, 3534, 1, 4096, 0
5416, 16254, 1, 4096, 0
5416, 9907, 1, 4096, 0
5416, 3873, 1, 4096, 0
5417, 6675, 1, 4096, 0
5417, 6160, 1, 4096, 0
5417, 4759, 1, 4096, 0
5418, 7150, 1, 4096, 0
5419, 6790, 1, 4096, 0
5419, 5603, 1, 4096, 0
5419, 6461, 1, 4096, 0
5420, 10035, 1, 4096, 0
5420, 8500, 1, 4096, 0
5420, 7105, 1, 4096, 0
5421, 7255, 1, 4096, 0
5421, 7732, 1, 4096, 0
5421, 5260, 1, 4096, 0
5422, 11027, 1, 4096, 0
5423, 7288, 1, 4096, 0
5423, 5397, 1, 4096, 0
5423, 7216, 1, 4096, 0
5424, 6303, 1, 4096, 0
5424, 7318, 1, 4096, 0
5425, 5691, 1, 4096, 0
5425, 6207, 1, 4096, 0
5425, 7762, 1, 4096, 0
5426, 8381, 1, 4096, 0
5426, 4207, 1, 4096, 0
5426, 5898, 1, 4096, 0
5427, 10759, 1, 4096, 0
5427, 7481, 1, 4096, 0
5427, 8236, 1, 4096, 0
5428, 9015, 1, 4096, 0
5428, 5199, 1, 4096, 0
5428, 6435, 1, 4096, 0
5429, 4940, 1, 4096, 0
5429, 2314, 1, 4096, 0
5430, 10105, 1, 4096, 0
5430, 7769, 1, 4096, 0
5430, 3176, 1, 4096, 0
5431, 8753, 1, 4096, 0
5431, 8634, 1, 4096, 0
5432, 2916, 1, 4096, 0
5432, 7272, 1, 4096, 0
5432, 8175, 1, 4096, 0
5433, 7409, 1, 4096, 0
5433, 7798, 1, 4096, 0
5434, 11433, 1, 4096, 0
5434, 11039, 1, 4096, 0
5434, 5089, 1, 4096, 0
5435, 8850, 1, 4096, 0
5435, 7120, 1, 4096, 0
5435, 9295, 1, 4096, 0
5436, 20348, 1, 4096, 0
5436, 8264, 1, 4096, 0
5436, 3135, 1, 4096, 0
5437, 10250, 1, 4096, 0
5437, 7418, 1, 4096, 0
5437, 9180, 1, 4096, 0
5438, 10228, 1, 4096, 0
5438, 9342, 1, 4096, 0
5438, 6570, 1, 4096, 0
5439, 5735, 1, 4096, 0
5439, 5231, 1, 4096, 0
5440, 6705, 1, 4096, 0
5440, 3820, 1, 4096, 0
5441, 6364, 1, 4096, 0
5441, 3903, 1, 4096, 0
5441, 10272, 1, 4096, 0
5441, 9278, 1, 4096, 0
5442, 9560, 1, 4096, 0
5442, 9096, 1, 4096, 0
5443, 9556, 1, 4096, 0
5443, 12373, 1, 4096, 0
5443, 8943, 1, 4096, 0
5444, 3999, 1, 4096, 0
5444, 6173, 1, 4096, 0
5445, 8365, 1, 4096, 0
5445, 10658, 1, 4096, 0
5446, 11226, 1, 4096, 0
5446, 8115, 1, 4096, 0
5446, 10530, 1, 4096, 0
5447, 10856, 1, 4096, 0
5447, 5803, 1, 4096, 0
5448, 3238, 1, 4096, 0
5448, 8595, 1, 4096, 0
5448, 9536, 1, 4096, 0
5449, 4718, 1, 4096, 0
5449, 6297, 1, 4096, 0
5449, 4073, 1, 4096, 0
5450, 8934, 1, 4096, 0
5450, 7958, 1, 4096, 0
5450, 6987, 1, 4096, 0
5451, 3785, 1, 4096, 0
5451, 8068, 1, 4096, 0
5451, 9452, 1, 4096, 0
5452, 9734, 1, 4096, 0
5452, 6992, 1, 4096, 0
5453, 7084, 1, 4096, 0
5453, 7807, 1, 4096, 0
5453, 9754, 1, 4096, 0
5454, 6416, 1, 4096, 0
5454, 6715, 1, 4096, 0
5455, 8044, 1, 4096, 0
5455, 4729, 1, 4096, 0
5455, 3696, 1, 4096, 0
5456, 6238, 1, 4096, 0
5456, 10118, 1, 4096, 0
5457, 11559, 1, 4096, 0
5457, 5419, 1, 4096, 0
5458, 10843, 1, 4096, 0
5458, 9925, 1, 4096, 0
5459, 8895, 1, 4096, 0
5459, 7524, 1, 4096, 0
5459, 8983, 1, 4096, 0
5459, 5135, 1, 4096, 0
5460, 8806, 1, 4096, 0
5461, 8564, 1, 4096, 0
5461, 3794, 1, 4096, 0
5462, 9476, 1, 4096, 0
5462, 8142, 1, 4096, 0
5462, 3312, 1, 4096, 0
5463, 9997, 1, 4096, 0
5463, 4257, 1, 4096, 0
5463, 6013, 1, 4096, 0
5464, 9174, 1, 4096, 0
5464, 5276, 1, 4096, 0
5464, 10598, 1, 4096, 0
5465, 9144, 1, 4096, 0
5465, 1607, 1, 4096, 0
5465, 4956, 1, 4096, 0
5466, 8173, 1, 4096, 0
5466, 4161, 1, 4096, 0
5466, 8856, 1, 4096, 0
5467, 7866, 1, 4096, 0
5467, 7653, 1, 4096, 0
5467, 5576, 1, 4096, 0
5468, 6346, 1, 4096, 0
5468, 4608, 1, 4096, 0
5468, 5349, 1, 4096, 0
5469, 10525, 1, 4096, 0
5469, 3615, 1, 4096, 0
5470, 7956, 1, 4096, 0
5470, 4325, 1, 4096, 0
5470, 6996, 1, 4096, 0
5471, 9210, 1, 4096, 0
5471, 6742, 1, 4096, 0
5471, 7541, 1, 4096, 0
5472, 5976, 1, 4096, 0
5472, 5191, 1, 4096, 0
5473, 9130, 1, 4096, 0
5473, 9685, 1, 4096, 0
5473, 7683, 1, 4096, 0
5474, 8497, 1, 4096, 0
5474, 6135, 1, 4096, 0
5474, 7574, 1, 4096, 0
5475, 8516, 1, 4096, 0
5475, 9950, 1, 4096, 0
5475, 6400, 1, 4096, 0
5476, 7126, 1, 4096, 0
5476, 12000, 1, 4096, 0
5477, 4207, 1, 4096, 0
5477, 9891, 1, 4096, 0
5478, 7829, 1, 4096, 0
5478, 3606, 1, 4096, 0
5478, 3552, 1, 4096, 0
5479, 8675, 1, 4096, 0
5479, 8688, 1, 4096, 0
5479, 7939, 1, 4096, 0
5480, 5524, 1, 4096, 0
5480, 7115, 1, 4096, 0
5480, 6293, 1, 4096, 0
5481, 5955, 1, 4096, 0
5481, 5951, 1, 4096, 0
5481, 2347, 1, 4096, 0
5482, 7583, 1, 4096, 0
5482, 9785, 1, 4096, 0
5483, 7546, 1, 4096, 0
5483, 9155, 1, 4096, 0
5484, 9958, 1, 4096, 0
5484, 8492, 1, 4096, 0
5484, 6737, 1, 4096, 0
5485, 8629, 1, 4096, 0
5485, 6184, 1, 4096, 0
5485, 10714, 1, 4096, 0
5486, 5103, 1, 4096, 0
5486, 2968, 1, 4096, 0
5487, 5919, 1, 4096, 0
5487, 9063, 1, 4096, 0
5487, 7988, 1, 4096, 0
5488, 4661, 1, 4096, 0
5488, 6234, 1, 4096, 0
5489, 9040, 1, 4096, 0
5489, 8616, 1, 4096, 0
5489, 5643, 1, 4096, 0
5490, 7974, 1, 4096, 0
5490, 3357, 1, 4096, 0
5490, 7166, 1, 4096, 0
5491, 5341, 1, 4096, 0
5491, 5566, 1, 4096, 0
5492, 10170, 1, 4096, 0
5492, 5221, 1, 4096, 0
5492, 8532, 1, 4096, 0
5493, 6322, 1, 4096, 0
5493, 4355, 1, 4096, 0
5494, 7403, 1, 4096, 0
5495, 6896, 1, 4096, 0
5495, 10840, 1, 4096, 0
5495, 6661, 1, 4096, 0
5496, 6237, 1, 4096, 0
5496, 8785, 1, 4096, 0
5496, 15823, 1, 4096, 0
5497, 6551, 1, 4096, 0
5497, 4297, 1, 4096, 0
5497, 7525, 1, 4096, 0
5497, 8940, 1, 4096, 0
5498, 5264, 1, 4096, 0
5498, 8094, 1, 4096, 0
5499, 9988, 1, 4096, 0
5499, 4366, 1, 4096, 0
5499, 11492, 1, 4096, 0
5500, 9157, 1, 4096, 0
5500, 8197, 1, 4096, 0
5500, 7620, 1, 4096, 0
5501, 8791, 1, 4096, 0
5501, 8399, 1, 4096, 0
5501, 6354, 1, 4096, 0
5501, 6669, 1, 4096, 0
5502, 7016, 1, 4096, 0
5502, 10497, 1, 4096, 0
5503, 6953, 1, 4096, 0
5503, 5727, 1, 4096, 0
5503, 6840, 1, 4096, 0
5504, 5209, 1, 4096, 0
5504, 5245, 1, 4096, 0
5504, 8374, 1, 4096, 0
5504, 5682, 1, 4096, 0
5505, 5810, 1, 4096, 0
5505, 8130, 1, 4096, 0
5505, 3160, 1, 4096, 0
5506, 7674, 1, 4096, 0
5506, 9033, 1, 4096, 0
5507, 7098, 1, 4096, 0
5507, 10165, 1, 4096, 0
5507, 7240, 1, 4096, 0
5508, 10585, 1, 4096, 0
5508, 8630, 1, 4096, 0
5509, 8409, 1, 4096, 0
5509, 5092, 1, 4096, 0
5509, 8756, 1, 4096, 0
5510, 6740, 1, 4096, 0
5510, 6846, 1, 4096, 0
5510, 9488, 1, 4096, 0
5511, 7399, 1, 4096, 0
5511, 8759, 1, 4096, 0
5511, 4054, 1, 4096, 0
5512, 9960, 1, 4096, 0
5512, 7776, 1, 4096, 0
5513, 9731, 1, 4096, 0
5513, 7328, 1, 4096, 0
5513, 7399, 1, 4096, 0
5514, 8365, 1, 4096, 0
5514, 4420, 1, 4096, 0
5514, 8488, 1, 4096, 0
5515, 7645, 1, 4096, 0
5515, 3708, 1, 4096, 0
5515, 8998, 1, 4096, 0
5516, 9481, 1, 4096, 0
5516, 3396, 1, 4096, 0
5516, 8750, 1, 4096, 0
5517, 7173, 1, 4096, 0
5517, 6139, 1, 4096, 0
5518, 6619, 1, 4096, 0
5518, 11661, 1, 4096, 0
5519, 4677, 1, 4096, 0
5519, 2038, 1, 4096, 0
5520, 8905, 1, 4096, 0
5520, 3049, 1, 4096, 0
5520, 2949, 1, 4096, 0
5521, 9613, 1, 4096, 0
5521, 8774, 1, 4096, 0
5521, 6504, 1, 4096, 0
5522, 15039, 1, 4096, 0
5523, 8568, 1, 4096, 0
5523, 3265, 1, 4096, 0
5523, 9158, 1, 4096, 0
5524, 8537, 1, 4096, 0
5524, 6653, 1, 4096, 0
5524, 4436, 1, 4096, 0
5525, 10521, 1, 4096, 0
5525, 8308, 1, 4096, 0
5525, 10508, 1, 4096, 0
5526, 6433, 1, 4096, 0
5527, 10745, 1, 4096, 0
5528, 5242, 1, 4096, 0
5531, 6587, 1, 4096, 0
5532, 8613, 1, 4096, 0
5532, 4431, 1, 4096, 0
5533, 6015, 1, 4096, 0
5533, 7380, 1, 4096, 0
5533, 8206, 1, 4096, 0
5534, 9262, 1, 4096, 0
5534, 8600, 1, 4096, 0
5535, 7811, 1, 4096, 0
5535, 6356, 1, 4096, 0
5535, 7291, 1, 4096, 0
5536, 6982, 1, 4096, 0
5536, 9391, 1, 4096, 0
5537, 9930, 1, 4096, 0
5537, 8843, 1, 4096, 0
5537, 6458, 1, 4096, 0
5538, 10397, 1, 4096, 0
5538, 4368, 1, 4096, 0
5538, 5126, 1, 4096, 0
5539, 7222, 1, 4096, 0
5539, 8161, 1, 4096, 0
5540, 5412, 1, 4096, 0
5540, 6242, 1, 4096, 0
5541, 7050, 1, 4096, 0
5541, 8364, 1, 4096, 0
5542, 7684, 1, 4096, 0
5542, 10354, 1, 4096, 0
5542, 10313, 1, 4096, 0
5543, 7249, 1, 4096, 0
5543, 5009, 1, 4096, 0
5543, 6713, 1, 4096, 0
5544, 7395, 1, 4096, 0
5544, 4545, 1, 4096, 0
5545, 5657, 1, 4096, 0
5545, 9452, 1, 4096, 0
5545, 7016, 1, 4096, 0
5545, 3749, 1, 4096, 0
5546, 8548, 1, 4096, 0
5547, 7913, 1, 4096, 0
5547, 5013, 1, 4096, 0
5547, 7469, 1, 4096, 0
5548, 5850, 1, 4096, 0
5548, 2939, 1, 4096, 0
5548, 7253, 1, 4096, 0
5549, 8009, 1, 4096, 0
5549, 3615, 1, 4096, 0
5549, 4306, 1, 4096, 0
5550, 7930, 1, 4096, 0
5550, 2894, 1, 4096, 0
5551, 3895, 1, 4096, 0
5551, 8393, 1, 4096, 0
5551, 4613, 1, 4096, 0
5552, 8214, 1, 4096, 0
5552, 3173, 1, 4096, 0
5553, 3029, 1, 4096, 0
5553, 6844, 1, 4096, 0
5553, 2171, 1, 4096, 0
5554, 5935, 1, 4096, 0
5554, 7750, 1, 4096, 0
5554, 8063, 1, 4096, 0
5555, 8018, 1, 4096, 0
5555, 7243, 1, 4096, 0
5555, 6042, 1, 4096, 0
5556, 10179, 1, 4096, 0
5556, 12512, 1, 4096, 0
5556, 3426, 1, 4096, 0
5557, 11499, 1, 4096, 0
5558, 6535, 1, 4096, 0
5558, 7155, 1, 4096, 0
5558, 5821, 1, 4096, 0
5559, 4914, 1, 4096, 0
5559, 4873, 1, 4096, 0
5559, 16500, 1, 4096, 0
5560, 9489, 1, 4096, 0
5560, 3026, 1, 4096, 0
5560, 7121, 1, 4096, 0
5561, 8484, 1, 4096, 0
5561, 9066, 1, 4096, 0
5562, 8636, 1, 4096, 0
5562, 6437, 1, 4096, 0
5562, 6330, 1, 4096, 0
5563, 11435, 1, 4096, 0
5564, 8513, 1, 4096, 0
5564, 3466, 1, 4096, 0
5564, 4142, 1, 4096, 0
5565, 7513, 1, 4096, 0
5565, 8985, 1, 4096, 0
5565, 3614, 1, 4096, 0
5566, 4661, 1, 4096, 0
5566, 4423, 1, 4096, 0
5566, 1891, 1, 4096, 0
5567, 7091, 1, 4096, 0
5567, 6350, 1, 4096, 0
5567, 5267, 1, 4096, 0
5568, 6896, 1, 4096, 0
5568, 6057, 1, 4096, 0
5569, 6033, 1, 4096, 0
5569, 5156, 1, 4096, 0
5569, 7717, 1, 4096, 0
5570, 3904, 1, 4096, 0
5570, 7484, 1, 4096, 0
5570, 9678, 1, 4096, 0
5571, 5915, 1, 4096, 0
5571, 10354, 1, 4096, 0
5572, 8365, 1, 4096, 0
5572, 3817, 1, 4096, 0
5572, 10945, 1, 4096, 0
5573, 6846, 1, 4096, 0
5573, 4409, 1, 4096, 0
5573, 11413, 1, 4096, 0
5574, 5042, 1, 4096, 0
5574, 3732, 1, 4096, 0
5574, 2705, 1, 4096, 0
5575, 6479, 1, 4096, 0
5575, 10627, 1, 4096, 0
5575, 4850, 1, 4096, 0
5576, 6833, 1, 4096, 0
5576, 7506, 1, 4096, 0
5576, 7621, 1, 4096, 0
5577, 6137, 1, 4096, 0
5577, 5554, 1, 4096, 0
5577, 2864, 1, 4096, 0
5578, 8996, 1, 4096, 0
5578, 7269, 1, 4096, 0
5579, 11665, 1, 4096, 0
5579, 9984, 1, 4096, 0
5580, 9048, 1, 4096, 0
5580, 6840, 1, 4096, 0
5580, 8949, 1, 4096, 0
5581, 9424, 1, 4096, 0
5581, 5964, 1, 4096, 0
5581, 7509, 1, 4096, 0
5582, 8018, 1, 4096, 0
5582, 6771, 1, 4096, 0
5582, 5875, 1, 4096, 0
5583, 4479, 1, 4096, 0
5583, 7230, 1, 4096, 0
5583, 7899, 1, 4096, 0
5584, 6207, 1, 4096, 0
5584, 7035, 1, 4096, 0
5584, 4075, 1, 4096, 0
5585, 9286, 1, 4096, 0
5585, 6431, 1, 4096, 0
5585, 5882, 1, 4096, 0
5586, 8783, 1, 4096, 0
5587, 7593, 1, 4096, 0
5587, 6028, 1, 4096, 0
5587, 7718, 1, 4096, 0
5588, 7620, 1, 4096, 0
5588, 4262, 1, 4096, 0
5588, 19805, 1, 4096, 0
5589, 7713, 1, 4096, 0
5589, 7619, 1, 4096, 0
5589, 3932, 1, 4096, 0
5590, 11420, 1, 4096, 0
5590, 3315, 1, 4096, 0
5590, 3555, 1, 4096, 0
5591, 8888, 1, 4096, 0
5591, 7172, 1, 4096, 0
5591, 7189, 1, 4096, 0
5592, 8664, 1, 4096, 0
5592, 9920, 1, 4096, 0
5593, 9679, 1, 4096, 0
5594, 9553, 1, 4096, 0
5594, 8762, 1, 4096, 0
5594, 5497, 1, 4096, 0
5595, 8529, 1, 4096, 0
5595, 8723, 1, 4096, 0
5595, 10356, 1, 4096, 0
5596, 6179, 1, 4096, 0
5596, 10581, 1, 4096, 0
5597, 10132, 1, 4096, 0
5597, 12717, 1, 4096, 0
5597, 6923, 1, 4096, 0
5598, 7017, 1, 4096, 0
5598, 9551, 1, 4096, 0
5599, 11047, 1, 4096, 0
5599, 6726, 1, 4096, 0
5599, 7944, 1, 4096, 0
5600, 4832, 1, 4096, 0
5600, 5895, 1, 4096, 0
5600, 9069, 1, 4096, 0
5601, 10271, 1, 4096, 0
5601, 7254, 1, 4096, 0
5602, 8271, 1, 4096, 0
5602, 6400, 1, 4096, 0
5602, 4989, 1, 4096, 0
5603, 8649, 1, 4096, 0
5604, 6705, 1, 4096, 0
5605, 9287, 1, 4096, 0
5605, 7988, 1, 4096, 0
5605, 5616, 1, 4096, 0
5606, 5287, 1, 4096, 0
5606, 7787, 1, 4096, 0
5607, 5620, 1, 4096, 0
5607, 8507, 1, 4096, 0
5607, 9751, 1, 4096, 0
5608, 7559, 1, 4096, 0
5608, 10250, 1, 4096, 0
5609, 7969, 1, 4096, 0
5609, 10855, 1, 4096, 0
5609, 9925, 1, 4096, 0
5610, 10895, 1, 4096, 0
5610, 4371, 1, 4096, 0
5610, 10689, 1, 4096, 0
5611, 9415, 1, 4096, 0
5611, 4998, 1, 4096, 0
5611, 6984, 1, 4096, 0
5611, 8021, 1, 4096, 0
5612, 6149, 1, 4096, 0
5612, 6356, 1, 4096, 0
5613, 6371, 1, 4096, 0
5613, 4579, 1, 4096, 0
5613, 10614, 1, 4096, 0
5614, 8303, 1, 4096, 0
5614, 4898, 1, 4096, 0
5615, 10138, 1, 4096, 0
5615, 9486, 1, 4096, 0
5615, 6918, 1, 4096, 0
5616, 7121, 1, 4096, 0
5616, 4063, 1, 4096, 0
5617, 7677, 1, 4096, 0
5617, 10744, 1, 4096, 0
5617, 6530, 1, 4096, 0
5618, 11782, 1, 4096, 0
5618, 8035, 1, 4096, 0
5618, 5480, 1, 4096, 0
5619, 10149, 1, 4096, 0
5619, 9037, 1, 4096, 0
5619, 7949, 1, 4096, 0
5620, 8622, 1, 4096, 0
5620, 5683, 1, 4096, 0
5621, 6487, 1, 4096, 0
5621, 10450, 1, 4096, 0
5621, 11110, 1, 4096, 0
5622, 7698, 1, 4096, 0
5622, 5145, 1, 4096, 0
5622, 8823, 1, 4096, 0
5623, 6975, 1, 4096, 0
5623, 5088, 1, 4096, 0
5623, 6284, 1, 4096, 0
5623, 5677, 1, 4096, 0
5624, 7825, 1, 4096, 0
5624, 6033, 1, 4096, 0
5625, 7155, 1, 4096, 0
5625, 4033, 1, 4096, 0
5625, 5709, 1, 4096, 0
5626, 7470, 1, 4096, 0
5626, 9474, 1, 4096, 0
5627, 7385, 1, 4096, 0
5627, 5218, 1, 4096, 0
5628, 7833, 1, 4096, 0
5628, 6525, 1, 4096, 0
5629, 8146, 1, 4096, 0
5629, 4881, 1, 4096, 0
5629, 3709, 1, 4096, 0
5630, 10455, 1, 4096, 0
5630, 11327, 1, 4096, 0
5630, 6794, 1, 4096, 0
5631, 9028, 1, 4096, 0
5631, 9068, 1, 4096, 0
5632, 3717, 1, 4096, 0
5632, 6880, 1, 4096, 0
5632, 11004, 1, 4096, 0
5633, 10558, 1, 4096, 0
5633, 4395, 1, 4096, 0
5633, 9822, 1, 4096, 0
5634, 9041, 1, 4096, 0
5634, 9426, 1, 4096, 0
5635, 10036, 1, 4096, 0
5635, 6200, 1, 4096, 0
5635, 3721, 1, 4096, 0
5636, 7775, 1, 4096, 0
5636, 10391, 1, 4096, 0
5636, 8185, 1, 4096, 0
5637, 8756, 1, 4096, 0
5637, 6540, 1, 4096, 0
5638, 10927, 1, 4096, 0
5638, 5720, 1, 4096, 0
5639, 7278, 1, 4096, 0
5639, 10502, 1, 4096, 0
5639, 8093, 1, 4096, 0
5639, 5612, 1, 4096, 0
5640, 5264, 1, 4096, 0
5640, 9767, 1, 4096, 0
5641, 8999, 1, 4096, 0
5641, 8688, 1, 4096, 0
5641, 3191, 1, 4096, 0
5641, 5675, 1, 4096, 0
5642, 9477, 1, 4096, 0
5643, 7921, 1, 4096, 0
5643, 8287, 1, 4096, 0
5643, 8394, 1, 4096, 0
5644, 5330, 1, 4096, 0
5644, 5414, 1, 4096, 0
5645, 6002, 1, 4096, 0
5645, 4023, 1, 4096, 0
5645, 6943, 1, 4096, 0
5646, 5570, 1, 4096, 0
5646, 4618, 1, 4096, 0
5646, 9150, 1, 4096, 0
5647, 9777, 1, 4096, 0
5647, 10527, 1, 4096, 0
5647, 9313, 1, 4096, 0
5648, 7753, 1, 4096, 0
5648, 9094, 1, 4096, 0
5648, 8548, 1, 4096, 0
5649, 6697, 1, 4096, 0
5649, 8417, 1, 4096, 0
5650, 6617, 1, 4096, 0
5650, 7552, 1, 4096, 0
5650, 8697, 1, 4096, 0
5651, 8129, 1, 4096, 0
5651, 9576, 1, 4096, 0
5651, 10116, 1, 4096, 0
5652, 9171, 1, 4096, 0
5652, 7373, 1, 4096, 0
5652, 5501, 1, 4096, 0
5653, 6145, 1, 4096, 0
5653, 9930, 1, 4096, 0
5653, 7119, 1, 4096, 0
5654, 7240, 1, 4096, 0
5654, 7151, 1, 4096, 0
5655, 3935, 1, 4096, 0
5655, 9339, 1, 4096, 0
5655, 7579, 1, 4096, 0
5656, 9250, 1, 4096, 0
5656, 6073, 1, 4096, 0
5656, 3396, 1, 4096, 0
5656, 7942, 1, 4096, 0
5657, 5546, 1, 4096, 0
5657, 3615, 1, 4096, 0
5658, 8324, 1, 4096, 0
5659, 8627, 1, 4096, 0
5659, 7863, 1, 4096, 0
5659, 5717, 1, 4096, 0
5660, 6107, 1, 4096, 0
5660, 8049, 1, 4096, 0
5660, 3978, 1, 4096, 0
5661, 9063, 1, 4096, 0
5661, 6759, 1, 4096, 0
5661, 4950, 1, 4096, 0
5662, 5875, 1, 4096, 0
5662, 12257, 1, 4096, 0
5662, 3228, 1, 4096, 0
5663, 9084, 1, 4096, 0
5663, 7664, 1, 4096, 0
5664, 10298, 1, 4096, 0
5664, 9279, 1, 4096, 0
5664, 2439, 1, 4096, 0
5665, 9010, 1, 4096, 0
5665, 4722, 1, 4096, 0
5665, 8372, 1, 4096, 0
5666, 9005, 1, 4096, 0
5666, 4139, 1, 4096, 0
5666, 6655, 1, 4096, 0
5667, 6281, 1, 4096, 0
5667, 8050, 1, 4096, 0
5668, 6555, 1, 4096, 0
5668, 10064, 1, 4096, 0
5668, 8526, 1, 4096, 0
5669, 7007, 1, 4096, 0
5669, 5539, 1, 4096, 0
5669, 10854, 1, 4096, 0
5670, 14671, 1, 4096, 0
5670, 8687, 1, 4096, 0
5671, 12661, 1, 4096, 0
5671, 12120, 1, 4096, 0
5671, 6336, 1, 4096, 0
5672, 8396, 1, 4096, 0
5672, 8911, 1, 4096, 0
5672, 6854, 1, 4096, 0
5673, 9370, 1, 4096, 0
5674, 10487, 1, 4096, 0
5674, 4995, 1, 4096, 0
5674, 8332, 1, 4096, 0
5675, 6638, 1, 4096, 0
5675, 7226, 1, 4096, 0
5676, 7866, 1, 4096, 0
5676, 3905, 1, 4096, 0
5676, 5229, 1, 4096, 0
5677, 8797, 1, 4096, 0
5677, 10159, 1, 4096, 0
5677, 6425, 1, 4096, 0
5678, 13461, 1, 4096, 0
5678, 12459, 1, 4096, 0
5678, 6704, 1, 4096, 0
5679, 4856, 1, 4096, 0
5679, 5679, 1, 4096, 0
5680, 8888, 1, 4096, 0
5680, 1904, 1, 4096, 0
5680, 9286, 1, 4096, 0
5681, 9777, 1, 4096, 0
5681, 5716, 1, 4096, 0
5681, 6251, 1, 4096, 0
5682, 9398, 1, 4096, 0
5683, 4612, 1, 4096, 0
5683, 4184, 1, 4096, 0
5683, 13008, 1, 4096, 0
5683, 8364, 1, 4096, 0
5684, 7705, 1, 4096, 0
5685, 8629, 1, 4096, 0
5685, 3114, 1, 4096, 0
5685, 9334, 1, 4096, 0
5686, 7969, 1, 4096, 0
5686, 5459, 1, 4096, 0
5686, 10356, 1, 4096, 0
5687, 7011, 1, 4096, 0
5687, 7441, 1, 4096, 0
5688, 7880, 1, 4096, 0
5688, 5157, 1, 4096, 0
5688, 17437, 1, 4096, 0
5688, 7118, 1, 4096, 0
5689, 7109, 1, 4096, 0
5690, 8317, 1, 4096, 0
5690, 5159, 1, 4096, 0
5690, 4660, 1, 4096, 0
5691, 2774, 1, 4096, 0
5691, 9624, 1, 4096, 0
5692, 5704, 1, 4096, 0
5692, 6031, 1, 4096, 0
5692, 5897, 1, 4096, 0
5693, 10052, 1, 4096, 0
5693, 7484, 1, 4096, 0
5693, 9002, 1, 4096, 0
5694, 7684, 1, 4096, 0
5694, 7415, 1, 4096, 0
5694, 2085, 1, 4096, 0
5695, 9739, 1, 4096, 0
5695, 4613, 1, 4096, 0
5695, 6347, 1, 4096, 0
5696, 7680, 1, 4096, 0
5696, 8693, 1, 4096, 0
5697, 9078, 1, 4096, 0
5697, 8255, 1, 4096, 0
5697, 9004, 1, 4096, 0
5698, 8911, 1, 4096, 0
5698, 8017, 1, 4096, 0
5698, 7495, 1, 4096, 0
5699, 8078, 1, 4096, 0
5699, 8257, 1, 4096, 0
5699, 7682, 1, 4096, 0
5700, 13465, 1, 4096, 0
5700, 9850, 1, 4096, 0
5700, 4390, 1, 4096, 0
5701, 8272, 1, 4096, 0
5701, 10604, 1, 4096, 0
5701, 6687, 1, 4096, 0
5702, 7666, 1, 4096, 0
5702, 4809, 1, 4096, 0
5702, 7785, 1, 4096, 0
5703, 8204, 1, 4096, 0
5703, 4119, 1, 4096, 0
5704, 9225, 1, 4096, 0
5704, 6801, 1, 4096, 0
5705, 8800, 1, 4096, 0
5705, 3586, 1, 4096, 0
5705, 8290, 1, 4096, 0
5706, 6997, 1, 4096, 0
5707, 9730, 1, 4096, 0
5707, 10155, 1, 4096, 0
5707, 6197, 1, 4096, 0
5708, 7184, 1, 4096, 0
5708, 9056, 1, 4096, 0
5708, 5884, 1, 4096, 0
5709, 6420, 1, 4096, 0
5709, 6272, 1, 4096, 0
5709, 4246, 1, 4096, 0
5710, 9761, 1, 4096, 0
5710, 5693, 1, 4096, 0
5710, 7234, 1, 4096, 0
5711, 6296, 1, 4096, 0
5711, 3794, 1, 4096, 0
5711, 10528, 1, 4096, 0
5712, 8684, 1, 4096, 0
5713, 10766, 1, 4096, 0
5713, 4036, 1, 4096, 0
5713, 8818, 1, 4096, 0
5713, 5889, 1, 4096, 0
5714, 6326, 1, 4096, 0
5714, 3425, 1, 4096, 0
5714, 6607, 1, 4096, 0
5715, 9708, 1, 4096, 0
5715, 11494, 1, 4096, 0
5715, 3972, 1, 4096, 0
5716, 9956, 1, 4096, 0
5717, 6338, 1, 4096, 0
5717, 4217, 1, 4096, 0
5717, 5285, 1, 4096, 0
5718, 15517, 1, 4096, 0
5718, 8023, 1, 4096, 0
5718, 7207, 1, 4096, 0
5719, 8571, 1, 4096, 0
5719, 9962, 1, 4096, 0
5719, 7406, 1, 4096, 0
5720, 6527, 1, 4096, 0
5720, 7789, 1, 4096, 0
5720, 5697, 1, 4096, 0
5721, 11115, 1, 4096, 0
5722, 6581, 1, 4096, 0
5722, 5996, 1, 4096, 0
5723, 6418, 1, 4096, 0
5723, 7392, 1, 4096, 0
5724, 8856, 1, 4096, 0
5724, 7303, 1, 4096, 0
5724, 4339, 1, 4096, 0
5725, 9699, 1, 4096, 0
5725, 7304, 1, 4096, 0
5725, 6787, 1, 4096, 0
5726, 4420, 1, 4096, 0
5726, 10667, 1, 4096, 0
5727, 6094, 1, 4096, 0
5727, 3491, 1, 4096, 0
5728, 4995, 1, 4096, 0
5728, 12168, 1, 4096, 0
5728, 3519, 1, 4096, 0
5729, 12327, 1, 4096, 0
5729, 3692, 1, 4096, 0
5729, 5116, 1, 4096, 0
5730, 9135, 1, 4096, 0
5730, 2799, 1, 4096, 0
5731, 12902, 1, 4096, 0
5732, 9755, 1, 4096, 0
5732, 4246, 1, 4096, 0
5732, 5639, 1, 4096, 0
5733, 5308, 1, 4096, 0
5733, 12806, 1, 4096, 0
5733, 5158, 1, 4096, 0
5734, 7964, 1, 4096, 0
5734, 5356, 1, 4096, 0
5735, 6522, 1, 4096, 0
5735, 4545, 1, 4096, 0
5735, 6925, 1, 4096, 0
5736, 8592, 1, 4096, 0
5736, 6947, 1, 4096, 0
5737, 6803, 1, 4096, 0
5737, 4410, 1, 4096, 0
5737, 10338, 1, 4096, 0
5738, 5191, 1, 4096, 0
5738, 6289, 1, 4096, 0
5738, 8907, 1, 4096, 0
5739, 10111, 1, 4096, 0
5739, 5233, 1, 4096, 0
5739, 4612, 1, 4096, 0
5739, 7043, 1, 4096, 0
5740, 6178, 1, 4096, 0
5741, 6786, 1, 4096, 0
5741, 6679, 1, 4096, 0
5741, 9843, 1, 4096, 0
5742, 7022, 1, 4096, 0
5742, 8670, 1, 4096, 0
5742, 6804, 1, 4096, 0
5743, 9857, 1, 4096, 0
5743, 7935, 1, 4096, 0
5744, 5638, 1, 4096, 0
5744, 7871, 1, 4096, 0
5744, 4123, 1, 4096, 0
5745, 8428, 1, 4096, 0
5746, 14093, 1, 4096, 0
5746, 3306, 1, 4096, 0
5746, 7577, 1, 4096, 0
5747, 9175, 1, 4096, 0
5747, 9629, 1, 4096, 0
5747, 5450, 1, 4096, 0
5748, 10942, 1, 4096, 0
5748, 6354, 1, 4096, 0
5748, 5653, 1, 4096, 0
5749, 6553, 1, 4096, 0
5749, 7290, 1, 4096, 0
5749, 3461, 1, 4096, 0
5750, 11415, 1, 4096, 0
5750, 5200, 1, 4096, 0
5750, 8589, 1, 4096, 0
5751, 7494, 1, 4096, 0
5751, 6695, 1, 4096, 0
5752, 11099, 1, 4096, 0
5752, 9035, 1, 4096, 0
5753, 10330, 1, 4096, 0
5754, 7696, 1, 4096, 0
5754, 6847, 1, 4096, 0
5754, 8637, 1, 4096, 0
5755, 7439, 1, 4096, 0
5755, 7965, 1, 4096, 0
5755, 8875, 1, 4096, 0
5756, 8470, 1, 4096, 0
5756, 10369, 1, 4096, 0
5756, 8548, 1, 4096, 0
5757, 10231, 1, 4096, 0
5757, 11039, 1, 4096, 0
5758, 4883, 1, 4096, 0
5758, 20022, 1, 4096, 0
5758, 11252, 1, 4096, 0
5759, 7736, 1, 4096, 0
5759, 6927, 1, 4096, 0
5759, 7638, 1, 4096, 0
5760, 4066, 1, 4096, 0
5760, 4882, 1, 4096, 0
5760, 6050, 1, 4096, 0
5761, 8187, 1, 4096, 0
5761, 8888, 1, 4096, 0
5761, 5373, 1, 4096, 0
5762, 11265, 1, 4096, 0
5762, 3032, 1, 4096, 0
5763, 6554, 1, 4096, 0
5763, 7513, 1, 4096, 0
5763, 4445, 1, 4096, 0
5764, 9934, 1, 4096, 0
5764, 8847, 1, 4096, 0
5765, 8274, 1, 4096, 0
5765, 10493, 1, 4096, 0
5766, 4996, 1, 4096, 0
5767, 6775, 1, 4096, 0
5767, 2650, 1, 4096, 0
5767, 7086, 1, 4096, 0
5767, 6358, 1, 4096, 0
5768, 7878, 1, 4096, 0
5768, 9338, 1, 4096, 0
5768, 8655, 1, 4096, 0
5768, 2949, 1, 4096, 0
5769, 10344, 1, 4096, 0
5770, 10387, 1, 4096, 0
5770, 4642, 1, 4096, 0
5770, 10362, 1, 4096, 0
5771, 6769, 1, 4096, 0
5771, 4766, 1, 4096, 0
5772, 8015, 1, 4096, 0
5772, 4762, 1, 4096, 0
5773, 8026, 1, 4096, 0
5773, 3808, 1, 4096, 0
5773, 3930, 1, 4096, 0
5773, 7227, 1, 4096, 0
5774, 7515, 1, 4096, 0
5774, 3637, 1, 4096, 0
5774, 6120, 1, 4096, 0
5775, 10386, 1, 4096, 0
5775, 5444, 1, 4096, 0
5776, 7857, 1, 4096, 0
5776, 11166, 1, 4096, 0
5777, 10969, 1, 4096, 0
5777, 7180, 1, 4096, 0
5777, 8585, 1, 4096, 0
5778, 9671, 1, 4096, 0
5778, 9250, 1, 4096, 0
5778, 8859, 1, 4096, 0
5779, 10303, 1, 4096, 0
5779, 8618, 1, 4096, 0
5779, 6917, 1, 4096, 0
5780, 10138, 1, 4096, 0
5780, 4429, 1, 4096, 0
5781, 6959, 1, 4096, 0
5781, 10471, 1, 4096, 0
5782, 7753, 1, 4096, 0
5782, 9138, 1, 4096, 0
5782, 6024, 1, 4096, 0
5783, 7140, 1, 4096, 0
5783, 5857, 1, 4096, 0
5784, 9083, 1, 4096, 0
5784, 7134, 1, 4096, 0
5785, 8926, 1, 4096, 0
5785, 10725, 1, 4096, 0
5785, 5585, 1, 4096, 0
5786, 5951, 1, 4096, 0
5786, 4457, 1, 4096, 0
5786, 8554, 1, 4096, 0
5787, 5340, 1, 4096, 0
5787, 3999, 1, 4096, 0
5787, 11335, 1, 4096, 0
5788, 5393, 1, 4096, 0
5788, 4032, 1, 4096, 0
5789, 4276, 1, 4096, 0
5789, 4239, 1, 4096, 0
5789, 4151, 1, 4096, 0
5789, 5556, 1, 4096, 0
5790, 4789, 1, 4096, 0
5790, 2950, 1, 4096, 0
5790, 4269, 1, 4096, 0
5791, 3126, 1, 4096, 0
5791, 4491, 1, 4096, 0
5791, 4255, 1, 4096, 0
5792, 4118, 1, 4096, 0
5792, 3803, 1, 4096, 0
5792, 5566, 1, 4096, 0
5793, 4571, 1, 4096, 0
5796, 9871, 1, 4096, 0
5796, 10282, 1, 4096, 0
5796, 9392, 1, 4096, 0
5796, 5663, 1, 4096, 0
5797, 8601, 1, 4096, 0
5797, 10078, 1, 4096, 0
5798, 6944, 1, 4096, 0
5798, 8497, 1, 4096, 0
5799, 9123, 1, 4096, 0
5799, 3976, 1, 4096, 0
5799, 2279, 1, 4096, 0
5799, 6094, 1, 4096, 0
5800, 8607, 1, 4096, 0
5800, 10053, 1, 4096, 0
5800, 5065, 1, 4096, 0
5802, 9339, 1, 4096, 0
5802, 4859, 1, 4096, 0
5802, 6612, 1, 4096, 0
5803, 6412, 1, 4096, 0
5803, 4783, 1, 4096, 0
5803, 11771, 1, 4096, 0
5804, 5453, 1, 4096, 0
5804, 10203, 1, 4096, 0
5804, 10964, 1, 4096, 0
5805, 9587, 1, 4096, 0
5805, 2777, 1, 4096, 0
5805, 3580, 1, 4096, 0
5806, 8551, 1, 4096, 0
5806, 4369, 1, 4096, 0
5806, 2633, 1, 4096, 0
5807, 7409, 1, 4096, 0
5807, 9757, 1, 4096, 0
5808, 13951, 1, 4096, 0
5808, 4141, 1, 4096, 0
5808, 10307, 1, 4096, 0
5809, 7011, 1, 4096, 0
5809, 8987, 1, 4096, 0
5809, 4895, 1, 4096, 0
5810, 5972, 1, 4096, 0
5810, 6951, 1, 4096, 0
5810, 7129, 1, 4096, 0
5811, 7321, 1, 4096, 0
5811, 5642, 1, 4096, 0
5812, 9591, 1, 4096, 0
5812, 4725, 1, 4096, 0
5812, 4892, 1, 4096, 0
5813, 7829, 1, 4096, 0
5813, 3991, 1, 4096, 0
5813, 8888, 1, 4096, 0
5814, 9168, 1, 4096, 0
5814, 8748, 1, 4096, 0
5815, 6187, 1, 4096, 0
5815, 3685, 1, 4096, 0
5815, 5981, 1, 4096, 0
5816, 8094, 1, 4096, 0
5816, 5198, 1, 4096, 0
5816, 2886, 1, 4096, 0
5817, 8395, 1, 4096, 0
5819, 7090, 1, 4096, 0
5819, 4260, 1, 4096, 0
5819, 10637, 1, 4096, 0
5820, 8905, 1, 4096, 0
5820, 5235, 1, 4096, 0
5820, 9687, 1, 4096, 0
5820, 7371, 1, 4096, 0
5821, 8895, 1, 4096, 0
5821, 6352, 1, 4096, 0
5822, 7360, 1, 4096, 0
5822, 3117, 1, 4096, 0
5822, 12742, 1, 4096, 0
5823, 10622, 1, 4096, 0
5823, 6194, 1, 4096, 0
5823, 9169, 1, 4096, 0
5824, 8719, 1, 4096, 0
5824, 10203, 1, 4096, 0
5824, 10617, 1, 4096, 0
5825, 7770, 1, 4096, 0
5825, 3784, 1, 4096, 0
5825, 3755, 1, 4096, 0
5826, 9739, 1, 4096, 0
5826, 6937, 1, 4096, 0
5826, 7493, 1, 4096, 0
5827, 5340, 1, 4096, 0
5827, 12585, 1, 4096, 0
5827, 5090, 1, 4096, 0
5828, 5643, 1, 4096, 0
5828, 7078, 1, 4096, 0
5828, 2885, 1, 4096, 0
5829, 9182, 1, 4096, 0
5829, 8794, 1, 4096, 0
5829, 4199, 1, 4096, 0
5830, 10902, 1, 4096, 0
5830, 8940, 1, 4096, 0
5831, 5268, 1, 4096, 0
5831, 10409, 1, 4096, 0
5831, 7314, 1, 4096, 0
5831, 8131, 1, 4096, 0
5832, 7219, 1, 4096, 0
5832, 9136, 1, 4096, 0
5832, 3145, 1, 4096, 0
5833, 7974, 1, 4096, 0
5833, 7268, 1, 4096, 0
5834, 5443, 1, 4096, 0
5834, 4682, 1, 4096, 0
5835, 9180, 1, 4096, 0
5835, 4582, 1, 4096, 0
5835, 12494, 1, 4096, 0
5836, 15750, 1, 4096, 0
5836, 8865, 1, 4096, 0
5836, 7391, 1, 4096, 0
5837, 9900, 1, 4096, 0
5837, 4711, 1, 4096, 0
5838, 10282, 1, 4096, 0
5838, 10964, 1, 4096, 0
5838, 6889, 1, 4096, 0
5839, 8419, 1, 4096, 0
5839, 7140, 1, 4096, 0
5839, 3757, 1, 4096, 0
5840, 7587, 1, 4096, 0
5840, 8020, 1, 4096, 0
5841, 8628, 1, 4096, 0
5841, 5190, 1, 4096, 0
5841, 9997, 1, 4096, 0
5842, 20640, 1, 4096, 0
5842, 5611, 1, 4096, 0
5842, 7040, 1, 4096, 0
5843, 9291, 1, 4096, 0
5843, 3802, 1, 4096, 0
5844, 9754, 1, 4096, 0
5844, 2602, 1, 4096, 0
5844, 6455, 1, 4096, 0
5845, 7295, 1, 4096, 0
5845, 5071, 1, 4096, 0
5845, 6519, 1, 4096, 0
5846, 5506, 1, 4096, 0
5846, 9694, 1, 4096, 0
5847, 10544, 1, 4096, 0
5847, 5919, 1, 4096, 0
5847, 10145, 1, 4096, 0
5847, 5987, 1, 4096, 0
5848, 10165, 1, 4096, 0
5848, 9060, 1, 4096, 0
5848, 3303, 1, 4096, 0
5849, 4184, 1, 4096, 0
5849, 7554, 1, 4096, 0
5850, 4814, 1, 4096, 0
5850, 5628, 1, 4096, 0
5851, 4677, 1, 4096, 0
5851, 2534, 1, 4096, 0
5851, 8655, 1, 4096, 0
5852, 7078, 1, 4096, 0
5852, 3143, 1, 4096, 0
5852, 9480, 1, 4096, 0
5853, 7431, 1, 4096, 0
5853, 3394, 1, 4096, 0
5853, 6721, 1, 4096, 0
5854, 5611, 1, 4096, 0
5854, 5855, 1, 4096, 0
5854, 8478, 1, 4096, 0
5855, 8511, 1, 4096, 0
5855, 9894, 1, 4096, 0
5855, 6900, 1, 4096, 0
5856, 10301, 1, 4096, 0
5857, 8854, 1, 4096, 0
5857, 3746, 1, 4096, 0
5858, 10048, 1, 4096, 0
5858, 9488, 1, 4096, 0
5858, 7873, 1, 4096, 0
5859, 6711, 1, 4096, 0
5859, 7676, 1, 4096, 0
5860, 8445, 1, 4096, 0
5860, 8981, 1, 4096, 0
5861, 9831, 1, 4096, 0
5861, 7858, 1, 4096, 0
5862, 7594, 1, 4096, 0
5862, 4393, 1, 4096, 0
5862, 9573, 1, 4096, 0
5863, 6111, 1, 4096, 0
5863, 8889, 1, 4096, 0
5863, 6900, 1, 4096, 0
5863, 5025, 1, 4096, 0
5864, 5379, 1, 4096, 0
5864, 7674, 1, 4096, 0
5865, 4746, 1, 4096, 0
5865, 5008, 1, 4096, 0
5866, 7550, 1, 4096, 0
5866, 6461, 1, 4096, 0
5866, 8118, 1, 4096, 0
5867, 9265, 1, 4096, 0
5867, 4017, 1, 4096, 0
5867, 8096, 1, 4096, 0
5868, 14589, 1, 4096, 0
5868, 9402, 1, 4096, 0
5868, 10133, 1, 4096, 0
5869, 13307, 1, 4096, 0
5869, 7102, 1, 4096, 0
5870, 19315, 1, 4096, 0
5870, 3243, 1, 4096, 0
5870, 9487, 1, 4096, 0
5871, 7658, 1, 4096, 0
5871, 7441, 1, 4096, 0
5871, 4440, 1, 4096, 0
5872, 7742, 1, 4096, 0
5872, 9702, 1, 4096, 0
5872, 11233, 1, 4096, 0
5873, 8956, 1, 4096, 0
5873, 4241, 1, 4096, 0
5874, 12921, 1, 4096, 0
5874, 3468, 1, 4096, 0
5874, 5652, 1, 4096, 0
5875, 4855, 1, 4096, 0
5875, 5354, 1, 4096, 0
5875, 5850, 1, 4096, 0
5876, 6955, 1, 4096, 0
5876, 3121, 1, 4096, 0
5876, 7755, 1, 4096, 0
5877, 11375, 1, 4096, 0
5877, 8244, 1, 4096, 0
5878, 6116, 1, 4096, 0
5878, 10168, 1, 4096, 0
5878, 10840, 1, 4096, 0
5879, 5200, 1, 4096, 0
5880, 6196, 1, 4096, 0
5880, 6244, 1, 4096, 0
5880, 9193, 1, 4096, 0
5881, 7529, 1, 4096, 0
5881, 2504, 1, 4096, 0
5881, 7728, 1, 4096, 0
5882, 14910, 1, 4096, 0
5882, 10271, 1, 4096, 0
5883, 4680, 1, 4096, 0
5884, 7333, 1, 4096, 0
5884, 4763, 1, 4096, 0
5885, 3993, 1, 4096, 0
5885, 8369, 1, 4096, 0
5885, 9106, 1, 4096, 0
5886, 10879, 1, 4096, 0
5886, 8860, 1, 4096, 0
5887, 8550, 1, 4096, 0
5887, 8963, 1, 4096, 0
5888, 8047, 1, 4096, 0
5888, 5324, 1, 4096, 0
5888, 6240, 1, 4096, 0
5889, 6397, 1, 4096, 0
5889, 9851, 1, 4096, 0
5889, 6394, 1, 4096, 0
5889, 5555, 1, 4096, 0
5890, 8317, 1, 4096, 0
5890, 11625, 1, 4096, 0
5890, 5919, 1, 4096, 0
5891, 6483, 1, 4096, 0
5891, 8513, 1, 4096, 0
5891, 4160, 1, 4096, 0
5892, 8309, 1, 4096, 0
5892, 4552, 1, 4096, 0
5892, 6087, 1, 4096, 0
5893, 9234, 1, 4096, 0
5893, 5670, 1, 4096, 0
5893, 3064, 1, 4096, 0
5894, 5684, 1, 4096, 0
5894, 10677, 1, 4096, 0
5895, 5003, 1, 4096, 0
5895, 6083, 1, 4096, 0
5896, 8653, 1, 4096, 0
5896, 9344, 1, 4096, 0
5897, 8199, 1, 4096, 0
5897, 5328, 1, 4096, 0
5897, 5138, 1, 4096, 0
5898, 3955, 1, 4096, 0
5898, 5591, 1, 4096, 0
5898, 11462, 1, 4096, 0
5899, 9925, 1, 4096, 0
5899, 7831, 1, 4096, 0
5899, 3780, 1, 4096, 0
5900, 9451, 1, 4096, 0
5901, 7302, 1, 4096, 0
5901, 5947, 1, 4096, 0
5901, 5515, 1, 4096, 0
5902, 10734, 1, 4096, 0
5902, 8811, 1, 4096, 0
5902, 4807, 1, 4096, 0
5903, 10344, 1, 4096, 0
5904, 7713, 1, 4096, 0
5904, 7290, 1, 4096, 0
5904, 11384, 1, 4096, 0
5905, 8130, 1, 4096, 0
5905, 10342, 1, 4096, 0
5906, 9718, 1, 4096, 0
5906, 6600, 1, 4096, 0
5906, 8294, 1, 4096, 0
5907, 6987, 1, 4096, 0
5907, 2996, 1, 4096, 0
5907, 4756, 1, 4096, 0
5908, 8939, 1, 4096, 0
5908, 3936, 1, 4096, 0
5908, 9168, 1, 4096, 0
5909, 10227, 1, 4096, 0
5909, 4015, 1, 4096, 0
5910, 5526, 1, 4096, 0
5910, 7882, 1, 4096, 0
5911, 8168, 1, 4096, 0
5911, 10733, 1, 4096, 0
5912, 6939, 1, 4096, 0
5912, 9615, 1, 4096, 0
5912, 2229, 1, 4096, 0
5913, 8396, 1, 4096, 0
5913, 6615, 1, 4096, 0
5913, 2558, 1, 4096, 0
5914, 5945, 1, 4096, 0
5914, 8469, 1, 4096, 0
5914, 6749, 1, 4096, 0
5915, 8150, 1, 4096, 0
5915, 6145, 1, 4096, 0
5915, 6836, 1, 4096, 0
5916, 7890, 1, 4096, 0
5916, 8210, 1, 4096, 0
5917, 9378, 1, 4096, 0
5917, 6529, 1, 4096, 0
5917, 8444, 1, 4096, 0
5918, 5247, 1, 4096, 0
5918, 6733, 1, 4096, 0
5918, 2070, 1, 4096, 0
5919, 9337, 1, 4096, 0
5920, 10383, 1, 4096, 0
5920, 8102, 1, 4096, 0
5920, 13887, 1, 4096, 0
5921, 9903, 1, 4096, 0
5921, 8168, 1, 4096, 0
5921, 10082, 1, 4096, 0
5922, 11421, 1, 4096, 0
5922, 3135, 1, 4096, 0
5923, 9144, 1, 4096, 0
5923, 8452, 1, 4096, 0
5923, 5204, 1, 4096, 0
5924, 4810, 1, 4096, 0
5924, 4303, 1, 4096, 0
5925, 4844, 1, 4096, 0
5925, 3984, 1, 4096, 0
5926, 10619, 1, 4096, 0
5926, 10479, 1, 4096, 0
5926, 6465, 1, 4096, 0
5927, 9717, 1, 4096, 0
5927, 8109, 1, 4096, 0
5927, 3745, 1, 4096, 0
5928, 7975, 1, 4096, 0
5928, 8281, 1, 4096, 0
5928, 5418, 1, 4096, 0
5929, 7989, 1, 4096, 0
5929, 2138, 1, 4096, 0
5929, 6764, 1, 4096, 0
5930, 8002, 1, 4096, 0
5930, 6774, 1, 4096, 0
5931, 8100, 1, 4096, 0
5931, 10366, 1, 4096, 0
5932, 9169, 1, 4096, 0
5932, 3995, 1, 4096, 0
5932, 4954, 1, 4096, 0
5933, 10923, 1, 4096, 0
5934, 5650, 1, 4096, 0
5934, 8073, 1, 4096, 0
5935, 9181, 1, 4096, 0
5935, 8092, 1, 4096, 0
5935, 7909, 1, 4096, 0
5936, 7267, 1, 4096, 0
5936, 13667, 1, 4096, 0
5936, 4873, 1, 4096, 0
5937, 9961, 1, 4096, 0
5937, 7684, 1, 4096, 0
5937, 3941, 1, 4096, 0
5938, 6195, 1, 4096, 0
5938, 6839, 1, 4096, 0
5938, 3063, 1, 4096, 0
5939, 7764, 1, 4096, 0
5939, 8464, 1, 4096, 0
5939, 6341, 1, 4096, 0
5940, 7023, 1, 4096, 0
5940, 5874, 1, 4096, 0
5941, 6207, 1, 4096, 0
5941, 8355, 1, 4096, 0
5941, 6208, 1, 4096, 0
5942, 8028, 1, 4096, 0
5942, 3351, 1, 4096, 0
5943, 8146, 1, 4096, 0
5943, 9851, 1, 4096, 0
5943, 8638, 1, 4096, 0
5944, 4728, 1, 4096, 0
5944, 9829, 1, 4096, 0
5945, 7205, 1, 4096, 0
5945, 9551, 1, 4096, 0
5945, 5493, 1, 4096, 0
5946, 6412, 1, 4096, 0
5946, 7612, 1, 4096, 0
5946, 7305, 1, 4096, 0
5947, 7582, 1, 4096, 0
5947, 8559, 1, 4096, 0
5947, 9465, 1, 4096, 0
5948, 8239, 1, 4096, 0
5948, 4034, 1, 4096, 0
5949, 7795, 1, 4096, 0
5949, 5304, 1, 4096, 0
5950, 7010, 1, 4096, 0
5950, 4219, 1, 4096, 0
5951, 14628, 1, 4096, 0
5954, 20758, 1, 4096, 0
5954, 3950, 1, 4096, 0
5954, 2200, 1, 4096, 0
5955, 10365, 1, 4096, 0
5955, 10253, 1, 4096, 0
5955, 5917, 1, 4096, 0
5956, 8376, 1, 4096, 0
5956, 6342, 1, 4096, 0
5956, 9738, 1, 4096, 0
5957, 7964, 1, 4096, 0
5957, 4601, 1, 4096, 0
5957, 2532, 1, 4096, 0
5958, 5888, 1, 4096, 0
5959, 3855, 1, 4096, 0
5959, 9066, 1, 4096, 0
5959, 9090, 1, 4096, 0
5960, 8737, 1, 4096, 0
5960, 10111, 1, 4096, 0
5960, 10269, 1, 4096, 0
5961, 7719, 1, 4096, 0
5961, 4863, 1, 4096, 0
5961, 8566, 1, 4096, 0
5962, 11444, 1, 4096, 0
5962, 3487, 1, 4096, 0
5963, 8798, 1, 4096, 0
5963, 4630, 1, 4096, 0
5963, 5881, 1, 4096, 0
5964, 9327, 1, 4096, 0
5964, 2675, 1, 4096, 0
5964, 4015, 1, 4096, 0
5965, 7759, 1, 4096, 0
5965, 9597, 1, 4096, 0
5966, 8192, 1, 4096, 0
5966, 4656, 1, 4096, 0
5966, 8711, 1, 4096, 0
5967, 7622, 1, 4096, 0
5967, 7347, 1, 4096, 0
5967, 5177, 1, 4096, 0
5968, 6371, 1, 4096, 0
5968, 11117, 1, 4096, 0
5969, 10282, 1, 4096, 0
5969, 6774, 1, 4096, 0
5969, 4692, 1, 4096, 0
5970, 6016, 1, 4096, 0
5971, 6445, 1, 4096, 0
5971, 2088, 1, 4096, 0
5971, 8469, 1, 4096, 0
5972, 4712, 1, 4096, 0
5972, 5863, 1, 4096, 0
5973, 14232, 1, 4096, 0
5973, 4216, 1, 4096, 0
5973, 8848, 1, 4096, 0
5974, 6898, 1, 4096, 0
5974, 9446, 1, 4096, 0
5975, 7726, 1, 4096, 0
5975, 6840, 1, 4096, 0
5975, 3043, 1, 4096, 0
5976, 9073, 1, 4096, 0
5976, 11145, 1, 4096, 0
5976, 9925, 1, 4096, 0
5976, 5110, 1, 4096, 0
5977, 13177, 1, 4096, 0
5977, 5808, 1, 4096, 0
5977, 15740, 1, 4096, 0
5978, 7583, 1, 4096, 0
5979, 7816, 1, 4096, 0
5979, 8019, 1, 4096, 0
5979, 6082, 1, 4096, 0
5980, 6896, 1, 4096, 0
5980, 10778, 1, 4096, 0
5980, 7490, 1, 4096, 0
5981, 10594, 1, 4096, 0
5982, 7785, 1, 4096, 0
5982, 13316, 1, 4096, 0
5982, 5694, 1, 4096, 0
5982, 9689, 1, 4096, 0
5983, 8198, 1, 4096, 0
5983, 5600, 1, 4096, 0
5984, 7233, 1, 4096, 0
5984, 12774, 1, 4096, 0
5984, 6791, 1, 4096, 0
5985, 7379, 1, 4096, 0
5985, 7229, 1, 4096, 0
5985, 4892, 1, 4096, 0
5986, 9893, 1, 4096, 0
5986, 7461, 1, 4096, 0
5986, 3345, 1, 4096, 0
5988, 10213, 1, 4096, 0
5988, 4278, 1, 4096, 0
5988, 6215, 1, 4096, 0
5989, 7626, 1, 4096, 0
5989, 9199, 1, 4096, 0
5989, 4777, 1, 4096, 0
5990, 7112, 1, 4096, 0
5990, 6284, 1, 4096, 0
5991, 9275, 1, 4096, 0
5991, 6348, 1, 4096, 0
5992, 4970, 1, 4096, 0
5993, 5037, 1, 4096, 0
5993, 7466, 1, 4096, 0
5993, 4147, 1, 4096, 0
5994, 6192, 1, 4096, 0
5994, 8700, 1, 4096, 0
5995, 9394, 1, 4096, 0
5995, 7740, 1, 4096, 0
5995, 9631, 1, 4096, 0
5996, 3951, 1, 4096, 0
5996, 7524, 1, 4096, 0
5997, 7419, 1, 4096, 0
5997, 10538, 1, 4096, 0
5998, 6141, 1, 4096, 0
5998, 13770, 1, 4096, 0
5998, 4355, 1, 4096, 0
5999, 8391, 1, 4096, 0
5999, 4277, 1, 4096, 0
6000, 8009, 1, 4096, 0
6000, 7329, 1, 4096, 0
6001, 10773, 1, 4096, 0
6001, 5214, 1, 4096, 0
6001, 13269, 1, 4096, 0
6002, 5727, 1, 4096, 0
6003, 4804, 1, 4096, 0
6003, 6519, 1, 4096, 0
6004, 8620, 1, 4096, 0
6004, 7071, 1, 4096, 0
6004, 7916, 1, 4096, 0
6005, 11021, 1, 4096, 0
6006, 6718, 1, 4096, 0
6006, 3131, 1, 4096, 0
6006, 7262, 1, 4096, 0
6007, 10643, 1, 4096, 0
6007, 7284, 1, 4096, 0
6008, 6698, 1, 4096, 0
6008, 5465, 1, 4096, 0
6009, 9105, 1, 4096, 0
6009, 4570, 1, 4096, 0
6009, 9664, 1, 4096, 0
6010, 5395, 1, 4096, 0
6011, 7430, 1, 4096, 0
6011, 6286, 1, 4096, 0
6011, 10533, 1, 4096, 0
6012, 7734, 1, 4096, 0
6012, 5397, 1, 4096, 0
6012, 9915, 1, 4096, 0
6013, 8831, 1, 4096, 0
6013, 5681, 1, 4096, 0
6013, 9322, 1, 4096, 0
6014, 11588, 1, 4096, 0
6015, 5540, 1, 4096, 0
6015, 3274, 1, 4096, 0
6015, 2469, 1, 4096, 0
6016, 3869, 1, 4096, 0
6016, 4112, 1, 4096, 0
6016, 4075, 1, 4096, 0
6017, 15205, 1, 4096, 0
6017, 5425, 1, 4096, 0
6017, 5022, 1, 4096, 0
6018, 10201, 1, 4096, 0
6018, 4801, 1, 4096, 0
6018, 2020, 1, 4096, 0
6019, 11064, 1, 4096, 0
6019, 7163, 1, 4096, 0
6020, 8121, 1, 4096, 0
6020, 11068, 1, 4096, 0
6021, 6696, 1, 4096, 0
6021, 8225, 1, 4096, 0
6021, 7101, 1, 4096, 0
6022, 4237, 1, 4096, 0
6022, 10299, 1, 4096, 0
6022, 6544, 1, 4096, 0
6023, 9038, 1, 4096, 0
6024, 6259, 1, 4096, 0
6024, 5468, 1, 4096, 0
6025, 8602, 1, 4096, 0
6025, 3798, 1, 4096, 0
6025, 6535, 1, 4096, 0
6026, 7912, 1, 4096, 0
6026, 6496, 1, 4096, 0
6026, 6302, 1, 4096, 0
6027, 8428, 1, 4096, 0
6027, 11353, 1, 4096, 0
6027, 10706, 1, 4096, 0
6028, 7754, 1, 4096, 0
6028, 8323, 1, 4096, 0
6028, 8922, 1, 4096, 0
6030, 14297, 1, 4096, 0
6030, 4753, 1, 4096, 0
6030, 11041, 1, 4096, 0
6030, 5053, 1, 4096, 0
6031, 10827, 1, 4096, 0
6031, 5193, 1, 4096, 0
6031, 5053, 1, 4096, 0
6032, 10569, 1, 4096, 0
6032, 10546, 1, 4096, 0
6033, 3554, 1, 4096, 0
6033, 10649, 1, 4096, 0
6034, 8492, 1, 4096, 0
6034, 4419, 1, 4096, 0
6035, 8003, 1, 4096, 0
6035, 10094, 1, 4096, 0
6036, 8961, 1, 4096, 0
6036, 9808, 1, 4096, 0
6036, 7096, 1, 4096, 0
6037, 4156, 1, 4096, 0
6037, 10812, 1, 4096, 0
6038, 5438, 1, 4096, 0
6038, 8955, 1, 4096, 0
6039, 16016, 1, 4096, 0
6039, 8710, 1, 4096, 0
6040, 9092, 1, 4096, 0
6040, 9210, 1, 4096, 0
6040, 10077, 1, 4096, 0
6041, 12345, 1, 4096, 0
6041, 4480, 1, 4096, 0
6042, 8942, 1, 4096, 0
6042, 9450, 1, 4096, 0
6042, 7525, 1, 4096, 0
6044, 8770, 1, 4096, 0
6044, 7271, 1, 4096, 0
6044, 4798, 1, 4096, 0
6045, 9825, 1, 4096, 0
6045, 8766, 1, 4096, 0
6045, 3438, 1, 4096, 0
6046, 8978, 1, 4096, 0
6046, 9062, 1, 4096, 0
6047, 9853, 1, 4096, 0
6047, 9572, 1, 4096, 0
6047, 7075, 1, 4096, 0
6048, 9022, 1, 4096, 0
6049, 7639, 1, 4096, 0
6050, 5780, 1, 4096, 0
6050, 11731, 1, 4096, 0
6050, 8020, 1, 4096, 0
6051, 7784, 1, 4096, 0
6051, 6693, 1, 4096, 0
6052, 9357, 1, 4096, 0
6052, 7300, 1, 4096, 0
6053, 8501, 1, 4096, 0
6053, 6704, 1, 4096, 0
6053, 9585, 1, 4096, 0
6054, 4985, 1, 4096, 0
6054, 8732, 1, 4096, 0
6054, 6407, 1, 4096, 0
6055, 4553, 1, 4096, 0
6056, 8927, 1, 4096, 0
6056, 9208, 1, 4096, 0
6056, 3724, 1, 4096, 0
6057, 4619, 1, 4096, 0
6057, 5600, 1, 4096, 0
6057, 3404, 1, 4096, 0
6058, 6789, 1, 4096, 0
6058, 11346, 1, 4096, 0
6058, 3502, 1, 4096, 0
6060, 11174, 1, 4096, 0
6060, 16355, 1, 4096, 0
6060, 7968, 1, 4096, 0
6061, 10025, 1, 4096, 0
6061, 8065, 1, 4096, 0
6061, 5299, 1, 4096, 0
6061, 10224, 1, 4096, 0
6062, 5803, 1, 4096, 0
6062, 4375, 1, 4096, 0
6063, 5358, 1, 4096, 0
6063, 4945, 1, 4096, 0
6063, 7942, 1, 4096, 0
6064, 7829, 1, 4096, 0
6064, 7560, 1, 4096, 0
6065, 5122, 1, 4096, 0
6065, 7362, 1, 4096, 0
6065, 5743, 1, 4096, 0
6066, 8067, 1, 4096, 0
6067, 9882, 1, 4096, 0
6067, 9215, 1, 4096, 0
6067, 7010, 1, 4096, 0
6068, 4857, 1, 4096, 0
6068, 3303, 1, 4096, 0
6069, 6787, 1, 4096, 0
6069, 7190, 1, 4096, 0
6069, 7672, 1, 4096, 0
6070, 5309, 1, 4096, 0
6070, 10668, 1, 4096, 0
6071, 5949, 1, 4096, 0
6071, 5857, 1, 4096, 0
6071, 7143, 1, 4096, 0
6072, 6270, 1, 4096, 0
6072, 5212, 1, 4096, 0
6072, 7103, 1, 4096, 0
6073, 9547, 1, 4096, 0
6073, 5247, 1, 4096, 0
6074, 8109, 1, 4096, 0
6074, 9220, 1, 4096, 0
6074, 3331, 1, 4096, 0
6075, 7673, 1, 4096, 0
6076, 15025, 1, 4096, 0
6076, 12867, 1, 4096, 0
6077, 12814, 1, 4096, 0
6077, 5366, 1, 4096, 0
6078, 11378, 1, 4096, 0
6078, 11636, 1, 4096, 0
6078, 2283, 1, 4096, 0
6080, 8689, 1, 4096, 0
6080, 8558, 1, 4096, 0
6080, 7639, 1, 4096, 0
6080, 8654, 1, 4096, 0
6081, 9680, 1, 4096, 0
6081, 8842, 1, 4096, 0
6082, 4725, 1, 4096, 0
6082, 6244, 1, 4096, 0
6083, 14600, 1, 4096, 0
6083, 11394, 1, 4096, 0
6083, 10059, 1, 4096, 0
6084, 10724, 1, 4096, 0
6085, 7616, 1, 4096, 0
6085, 11834, 1, 4096, 0
6085, 9918, 1, 4096, 0
6086, 6151, 1, 4096, 0
6086, 11066, 1, 4096, 0
6087, 7147, 1, 4096, 0
6087, 4581, 1, 4096, 0
6087, 10330, 1, 4096, 0
6088, 11205, 1, 4096, 0
6088, 5995, 1, 4096, 0
6089, 5831, 1, 4096, 0
6089, 10023, 1, 4096, 0
6090, 8758, 1, 4096, 0
6090, 5389, 1, 4096, 0
6091, 8013, 1, 4096, 0
6091, 9223, 1, 4096, 0
6091, 21446, 1, 4096, 0
6092, 7688, 1, 4096, 0
6092, 12199, 1, 4096, 0
6093, 6901, 1, 4096, 0
6093, 5238, 1, 4096, 0
6094, 7169, 1, 4096, 0
6094, 9001, 1, 4096, 0
6094, 6373, 1, 4096, 0
6095, 11051, 1, 4096, 0
6095, 5988, 1, 4096, 0
6096, 6256, 1, 4096, 0
6096, 9054, 1, 4096, 0
6097, 8423, 1, 4096, 0
6097, 9707, 1, 4096, 0
6098, 4090, 1, 4096, 0
6098, 8017, 1, 4096, 0
6099, 11101, 1, 4096, 0
6099, 5700, 1, 4096, 0
6100, 9517, 1, 4096, 0
6100, 6773, 1, 4096, 0
6101, 4648, 1, 4096, 0
6101, 10510, 1, 4096, 0
6102, 9741, 1, 4096, 0
6102, 8351, 1, 4096, 0
6103, 10206, 1, 4096, 0
6103, 9890, 1, 4096, 0
6103, 6763, 1, 4096, 0
6104, 5425, 1, 4096, 0
6104, 3880, 1, 4096, 0
6105, 6655, 1, 4096, 0
6105, 3408, 1, 4096, 0
6106, 7138, 1, 4096, 0
6106, 11425, 1, 4096, 0
6107, 9269, 1, 4096, 0
6107, 7720, 1, 4096, 0
6108, 10533, 1, 4096, 0
6108, 5730, 1, 4096, 0
6109, 3741, 1, 4096, 0
6109, 5270, 1, 4096, 0
6109, 4623, 1, 4096, 0
6110, 11300, 1, 4096, 0
6110, 5354, 1, 4096, 0
6111, 13840, 1, 4096, 0
6111, 9067, 1, 4096, 0
6112, 10937, 1, 4096, 0
6112, 4016, 1, 4096, 0
6113, 9422, 1, 4096, 0
6114, 7376, 1, 4096, 0
6114, 8720, 1, 4096, 0
6114, 3663, 1, 4096, 0
6115, 8795, 1, 4096, 0
6115, 9842, 1, 4096, 0
6116, 5555, 1, 4096, 0
6116, 2242, 1, 4096, 0
6116, 5883, 1, 4096, 0
6117, 8105, 1, 4096, 0
6117, 6182, 1, 4096, 0
6118, 4920, 1, 4096, 0
6119, 6580, 1, 4096, 0
6119, 10419, 1, 4096, 0
6120, 6555, 1, 4096, 0
6120, 22926, 1, 4096, 0
6120, 10458, 1, 4096, 0
6120, 7278, 1, 4096, 0
6122, 9544, 1, 4096, 0
6122, 12946, 1, 4096, 0
6123, 8783, 1, 4096, 0
6123, 7072, 1, 4096, 0
6124, 11553, 1, 4096, 0
6124, 9046, 1, 4096, 0
6124, 5376, 1, 4096, 0
6125, 6174, 1, 4096, 0
6125, 6853, 1, 4096, 0
6126, 7336, 1, 4096, 0
6127, 9516, 1, 4096, 0
6127, 4233, 1, 4096, 0
6128, 15794, 1, 4096, 0
6128, 8150, 1, 4096, 0
6128, 5355, 1, 4096, 0
6129, 7494, 1, 4096, 0
6129, 6615, 1, 4096, 0
6129, 9094, 1, 4096, 0
6129, 7489, 1, 4096, 0
6130, 6101, 1, 4096, 0
6131, 8221, 1, 4096, 0
6131, 10369, 1, 4096, 0
6131, 5391, 1, 4096, 0
6131, 11062, 1, 4096, 0
6133, 7683, 1, 4096, 0
6133, 9685, 1, 4096, 0
6133, 7363, 1, 4096, 0
6134, 12622, 1, 4096, 0
6134, 5268, 1, 4096, 0
6134, 8585, 1, 4096, 0
6135, 8846, 1, 4096, 0
6135, 10333, 1, 4096, 0
6135, 4480, 1, 4096, 0
6136, 8688, 1, 4096, 0
6136, 12726, 1, 4096, 0
6136, 7163, 1, 4096, 0
6137, 5502, 1, 4096, 0
6137, 9620, 1, 4096, 0
6137, 4356, 1, 4096, 0
6138, 9049, 1, 4096, 0
6139, 6611, 1, 4096, 0
6139, 10582, 1, 4096, 0
6140, 10985, 1, 4096, 0
6140, 9624, 1, 4096, 0
6140, 3281, 1, 4096, 0
6141, 9538, 1, 4096, 0
6141, 8253, 1, 4096, 0
6141, 6884, 1, 4096, 0
6142, 14624, 1, 4096, 0
6142, 3374, 1, 4096, 0
6143, 4618, 1, 4096, 0
6143, 9030, 1, 4096, 0
6144, 7870, 1, 4096, 0
6144, 7303, 1, 4096, 0
6145, 5131, 1, 4096, 0
6145, 5216, 1, 4096, 0
6145, 5217, 1, 4096, 0
6146, 14279, 1, 4096, 0
6146, 7972, 1, 4096, 0
6147, 7757, 1, 4096, 0
6147, 3278, 1, 4096, 0
6147, 4546, 1, 4096, 0
6148, 7258, 1, 4096, 0
6148, 4283, 1, 4096, 0
6149, 7591, 1, 4096, 0
6149, 9621, 1, 4096, 0
6149, 6035, 1, 4096, 0
6150, 7915, 1, 4096, 0
6151, 6758, 1, 4096, 0
6151, 5938, 1, 4096, 0
6152, 7674, 1, 4096, 0
6152, 10634, 1, 4096, 0
6153, 8809, 1, 4096, 0
6153, 3220, 1, 4096, 0
6153, 6955, 1, 4096, 0
6154, 6955, 1, 4096, 0
6154, 5546, 1, 4096, 0
6154, 4318, 1, 4096, 0
6155, 9392, 1, 4096, 0
6155, 10795, 1, 4096, 0
6156, 10724, 1, 4096, 0
6156, 6173, 1, 4096, 0
6156, 4109, 1, 4096, 0
6157, 9152, 1, 4096, 0
6157, 5960, 1, 4096, 0
6157, 5567, 1, 4096, 0
6158, 8741, 1, 4096, 0
6159, 9561, 1, 4096, 0
6159, 9861, 1, 4096, 0
6159, 11874, 1, 4096, 0
6160, 11485, 1, 4096, 0
6161, 7925, 1, 4096, 0
6161, 9913, 1, 4096, 0
6162, 10412, 1, 4096, 0
6162, 4806, 1, 4096, 0
6162, 10069, 1, 4096, 0
6163, 10824, 1, 4096, 0
6163, 12063, 1, 4096, 0
6164, 10235, 1, 4096, 0
6164, 8734, 1, 4096, 0
6165, 8350, 1, 4096, 0
6165, 10597, 1, 4096, 0
6165, 6681, 1, 4096, 0
6166, 5819, 1, 4096, 0
6166, 6218, 1, 4096, 0
6167, 8570, 1, 4096, 0
6167, 4927, 1, 4096, 0
6167, 7380, 1, 4096, 0
6168, 7287, 1, 4096, 0
6168, 9735, 1, 4096, 0
6169, 6424, 1, 4096, 0
6169, 9855, 1, 4096, 0
6169, 9878, 1, 4096, 0
6170, 5277, 1, 4096, 0
6171, 5129, 1, 4096, 0
6171, 5082, 1, 4096, 0
6171, 4469, 1, 4096, 0
6172, 9990, 1, 4096, 0
6172, 7324, 1, 4096, 0
6173, 4669, 1, 4096, 0
6173, 7147, 1, 4096, 0
6173, 6702, 1, 4096, 0
6174, 4360, 1, 4096, 0
6174, 11002, 1, 4096, 0
6174, 9116, 1, 4096, 0
6176, 7686, 1, 4096, 0
6176, 4878, 1, 4096, 0
6176, 6789, 1, 4096, 0
6177, 10877, 1, 4096, 0
6177, 7253, 1, 4096, 0
6177, 8025, 1, 4096, 0
6178, 5947, 1, 4096, 0
6178, 5275, 1, 4096, 0
6179, 6962, 1, 4096, 0
6179, 7285, 1, 4096, 0
6180, 5628, 1, 4096, 0
6180, 7675, 1, 4096, 0
6181, 6706, 1, 4096, 0
6181, 8341, 1, 4096, 0
6182, 7072, 1, 4096, 0
6182, 6985, 1, 4096, 0
6182, 9233, 1, 4096, 0
6183, 6796, 1, 4096, 0
6184, 11533, 1, 4096, 0
6184, 3522, 1, 4096, 0
6185, 7305, 1, 4096, 0
6185, 3929, 1, 4096, 0
6185, 8277, 1, 4096, 0
6186, 6386, 1, 4096, 0
6186, 7129, 1, 4096, 0
6187, 4439, 1, 4096, 0
6187, 4066, 1, 4096, 0
6187, 10443, 1, 4096, 0
6188, 10391, 1, 4096, 0
6189, 10373, 1, 4096, 0
6190, 11789, 1, 4096, 0
6190, 6229, 1, 4096, 0
6190, 12634, 1, 4096, 0
6191, 7911, 1, 4096, 0
6192, 7756, 1, 4096, 0
6192, 3428, 1, 4096, 0
6192, 5548, 1, 4096, 0
6193, 8082, 1, 4096, 0
6193, 5999, 1, 4096, 0
6194, 4944, 1, 4096, 0
6194, 6279, 1, 4096, 0
6194, 10020, 1, 4096, 0
6195, 10305, 1, 4096, 0
6196, 6984, 1, 4096, 0
6196, 10010, 1, 4096, 0
6196, 5440, 1, 4096, 0
6197, 9293, 1, 4096, 0
6197, 6895, 1, 4096, 0
6197, 14416, 1, 4096, 0
6198, 9850, 1, 4096, 0
6199, 6280, 1, 4096, 0
6199, 9535, 1, 4096, 0
6199, 2698, 1, 4096, 0
6200, 11685, 1, 4096, 0
6200, 8265, 1, 4096, 0
6200, 8732, 1, 4096, 0
6201, 7423, 1, 4096, 0
6201, 5317, 1, 4096, 0
6201, 13158, 1, 4096, 0
6202, 11066, 1, 4096, 0
6202, 8837, 1, 4096, 0
6203, 10505, 1, 4096, 0
6204, 6843, 1, 4096, 0
6204, 3569, 1, 4096, 0
6204, 9649, 1, 4096, 0
6205, 11191, 1, 4096, 0
6206, 7778, 1, 4096, 0
6206, 8817, 1, 4096, 0
6207, 9964, 1, 4096, 0
6207, 7869, 1, 4096, 0
6208, 15953, 1, 4096, 0
6208, 7715, 1, 4096, 0
6209, 9231, 1, 4096, 0
6209, 2222, 1, 4096, 0
6210, 6789, 1, 4096, 0
6210, 7362, 1, 4096, 0
6211, 8493, 1, 4096, 0
6211, 5786, 1, 4096, 0
6211, 4228, 1, 4096, 0
6212, 9425, 1, 4096, 0
6212, 5788, 1, 4096, 0
6213, 6140, 1, 4096, 0
6214, 9257, 1, 4096, 0
6214, 8107, 1, 4096, 0
6214, 9689, 1, 4096, 0
6215, 9684, 1, 4096, 0
6215, 3950, 1, 4096, 0
6216, 4708, 1, 4096, 0
6217, 7218, 1, 4096, 0
6217, 7525, 1, 4096, 0
6217, 6008, 1, 4096, 0
6218, 6624, 1, 4096, 0
6218, 5220, 1, 4096, 0
6218, 6894, 1, 4096, 0
6219, 9378, 1, 4096, 0
6219, 5908, 1, 4096, 0
6220, 10248, 1, 4096, 0
6221, 13049, 1, 4096, 0
6221, 4932, 1, 4096, 0
6221, 7607, 1, 4096, 0
6222, 12332, 1, 4096, 0
6222, 9719, 1, 4096, 0
6222, 4611, 1, 4096, 0
6223, 10575, 1, 4096, 0
6223, 5018, 1, 4096, 0
6224, 8450, 1, 4096, 0
6224, 7281, 1, 4096, 0
6225, 8879, 1, 4096, 0
6225, 9431, 1, 4096, 0
6225, 3268, 1, 4096, 0
6226, 6137, 1, 4096, 0
6227, 7353, 1, 4096, 0
6227, 8672, 1, 4096, 0
6228, 6311, 1, 4096, 0
6228, 4994, 1, 4096, 0
6229, 6035, 1, 4096, 0
6229, 5464, 1, 4096, 0
6230, 10251, 1, 4096, 0
6230, 3340, 1, 4096, 0
6231, 7600, 1, 4096, 0
6231, 11036, 1, 4096, 0
6231, 3468, 1, 4096, 0
6232, 15611, 1, 4096, 0
6232, 7891, 1, 4096, 0
6232, 3591, 1, 4096, 0
6234, 10891, 1, 4096, 0
6234, 4882, 1, 4096, 0
6234, 11247, 1, 4096, 0
6235, 10624, 1, 4096, 0
6235, 10973, 1, 4096, 0
6235, 4717, 1, 4096, 0
6236, 8251, 1, 4096, 0
6236, 10269, 1, 4096, 0
6236, 4274, 1, 4096, 0
6237, 6879, 1, 4096, 0
6237, 8434, 1, 4096, 0
6237, 6183, 1, 4096, 0
6238, 7727, 1, 4096, 0
6239, 9405, 1, 4096, 0
6240, 7870, 1, 4096, 0
6240, 6061, 1, 4096, 0
6240, 9994, 1, 4096, 0
6241, 5295, 1, 4096, 0
6241, 9459, 1, 4096, 0
6242, 6941, 1, 4096, 0
6242, 15150, 1, 4096, 0
6243, 6623, 1, 4096, 0
6243, 7373, 1, 4096, 0
6244, 5428, 1, 4096, 0
6244, 5801, 1, 4096, 0
6245, 10120, 1, 4096, 0
6245, 5534, 1, 4096, 0
6246, 7039, 1, 4096, 0
6246, 4610, 1, 4096, 0
6246, 4117, 1, 4096, 0
6247, 15814, 1, 4096, 0
6247, 5683, 1, 4096, 0
6248, 10815, 1, 4096, 0
6248, 9565, 1, 4096, 0
6249, 6005, 1, 4096, 0
6249, 9270, 1, 4096, 0
6250, 6388, 1, 4096, 0
6251, 7069, 1, 4096, 0
6251, 9102, 1, 4096, 0
6251, 5856, 1, 4096, 0
6252, 7118, 1, 4096, 0
6252, 7036, 1, 4096, 0
6252, 9862, 1, 4096, 0
6253, 9517, 1, 4096, 0
6254, 6434, 1, 4096, 0
6254, 10870, 1, 4096, 0
6254, 8936, 1, 4096, 0
6255, 10628, 1, 4096, 0
6255, 5191, 1, 4096, 0
6255, 6368, 1, 4096, 0
6256, 6918, 1, 4096, 0
6256, 7883, 1, 4096, 0
6257, 10257, 1, 4096, 0
6257, 8142, 1, 4096, 0
6258, 8437, 1, 4096, 0
6258, 7915, 1, 4096, 0
6259, 20205, 1, 4096, 0
6259, 11146, 1, 4096, 0
6259, 7899, 1, 4096, 0
6260, 10299, 1, 4096, 0
6260, 4772, 1, 4096, 0
6260, 4289, 1, 4096, 0
6262, 6182, 1, 4096, 0
6262, 6481, 1, 4096, 0
6262, 7285, 1, 4096, 0
6263, 7988, 1, 4096, 0
6263, 6069, 1, 4096, 0
6263, 10271, 1, 4096, 0
6263, 10529, 1, 4096, 0
6264, 8119, 1, 4096, 0
6264, 6832, 1, 4096, 0
6266, 7812, 1, 4096, 0
6266, 11282, 1, 4096, 0
6266, 3205, 1, 4096, 0
6267, 9598, 1, 4096, 0
6267, 9870, 1, 4096, 0
6267, 7109, 1, 4096, 0
6268, 7411, 1, 4096, 0
6268, 7159, 1, 4096, 0
6269, 6678, 1, 4096, 0
6269, 6438, 1, 4096, 0
6269, 12866, 1, 4096, 0
6270, 7072, 1, 4096, 0
6270, 10317, 1, 4096, 0
6270, 5965, 1, 4096, 0
6271, 15220, 1, 4096, 0
6271, 9751, 1, 4096, 0
6272, 11672, 1, 4096, 0
6272, 7377, 1, 4096, 0
6273, 7399, 1, 4096, 0
6273, 8111, 1, 4096, 0
6274, 7859, 1, 4096, 0
6274, 4775, 1, 4096, 0
6275, 5864, 1, 4096, 0
6275, 10132, 1, 4096, 0
6275, 8413, 1, 4096, 0
6276, 9680, 1, 4096, 0
6276, 7756, 1, 4096, 0
6276, 6488, 1, 4096, 0
6277, 10939, 1, 4096, 0
6277, 4362, 1, 4096, 0
6277, 4873, 1, 4096, 0
6278, 15380, 1, 4096, 0
6279, 6881, 1, 4096, 0
6279, 10815, 1, 4096, 0
6280, 10389, 1, 4096, 0
6280, 10794, 1, 4096, 0
6280, 5998, 1, 4096, 0
6280, 5551, 1, 4096, 0
6282, 9837, 1, 4096, 0
6282, 8761, 1, 4096, 0
6282, 9349, 1, 4096, 0
6283, 6888, 1, 4096, 0
6283, 7001, 1, 4096, 0
6283, 3924, 1, 4096, 0
6284, 8264, 1, 4096, 0
6285, 6744, 1, 4096, 0
6285, 7969, 1, 4096, 0
6286, 7829, 1, 4096, 0
6286, 5720, 1, 4096, 0
6286, 7093, 1, 4096, 0
6288, 9637, 1, 4096, 0
6288, 4536, 1, 4096, 0
6288, 7187, 1, 4096, 0
6289, 9649, 1, 4096, 0
6289, 9973, 1, 4096, 0
6289, 8337, 1, 4096, 0
6290, 9189, 1, 4096, 0
6291, 7259, 1, 4096, 0
6291, 7186, 1, 4096, 0
6291, 9534, 1, 4096, 0
6292, 15964, 1, 4096, 0
6292, 4075, 1, 4096, 0
6292, 4481, 1, 4096, 0
6293, 6829, 1, 4096, 0
6293, 10092, 1, 4096, 0
6293, 10070, 1, 4096, 0
6294, 10780, 1, 4096, 0
6294, 6033, 1, 4096, 0
6295, 8258, 1, 4096, 0
6296, 11026, 1, 4096, 0
6296, 7304, 1, 4096, 0
6296, 7371, 1, 4096, 0
6297, 9351, 1, 4096, 0
6297, 4264, 1, 4096, 0
6297, 4831, 1, 4096, 0
6298, 9913, 1, 4096, 0
6298, 10152, 1, 4096, 0
6298, 3504, 1, 4096, 0
6299, 7517, 1, 4096, 0
6299, 4251, 1, 4096, 0
6300, 6631, 1, 4096, 0
6301, 5731, 1, 4096, 0
6301, 4484, 1, 4096, 0
6302, 12346, 1, 4096, 0
6302, 9442, 1, 4096, 0
6302, 1599, 1, 4096, 0
6303, 8283, 1, 4096, 0
6303, 5217, 1, 4096, 0
6304, 12819, 1, 4096, 0
6304, 8684, 1, 4096, 0
6305, 8270, 1, 4096, 0
6305, 9854, 1, 4096, 0
6305, 7615, 1, 4096, 0
6305, 4944, 1, 4096, 0
6306, 12085, 1, 4096, 0
6307, 8865, 1, 4096, 0
6307, 8173, 1, 4096, 0
6308, 9762, 1, 4096, 0
6308, 8165, 1, 4096, 0
6308, 4405, 1, 4096, 0
6309, 8141, 1, 4096, 0
6309, 5242, 1, 4096, 0
6310, 12445, 1, 4096, 0
6310, 8933, 1, 4096, 0
6311, 9065, 1, 4096, 0
6312, 10097, 1, 4096, 0
6312, 5050, 1, 4096, 0
6312, 10322, 1, 4096, 0
6313, 9107, 1, 4096, 0
6313, 5218, 1, 4096, 0
6314, 5726, 1, 4096, 0
6315, 7780, 1, 4096, 0
6315, 8017, 1, 4096, 0
6315, 13446, 1, 4096, 0
6316, 6185, 1, 4096, 0
6316, 10527, 1, 4096, 0
6317, 8069, 1, 4096, 0
6317, 5714, 1, 4096, 0
6318, 8369, 1, 4096, 0
6318, 4846, 1, 4096, 0
6318, 7952, 1, 4096, 0
6319, 10446, 1, 4096, 0
6320, 7318, 1, 4096, 0
6320, 8643, 1, 4096, 0
6320, 10354, 1, 4096, 0
6321, 9643, 1, 4096, 0
6321, 5055, 1, 4096, 0
6321, 8947, 1, 4096, 0
6323, 12521, 1, 4096, 0
6323, 4940, 1, 4096, 0
6323, 7363, 1, 4096, 0
6324, 11035, 1, 4096, 0
6324, 12664, 1, 4096, 0
6325, 7106, 1, 4096, 0
6325, 6589, 1, 4096, 0
6325, 4805, 1, 4096, 0
6326, 7369, 1, 4096, 0
6327, 8848, 1, 4096, 0
6327, 10242, 1, 4096, 0
6327, 6589, 1, 4096, 0
6328, 9692, 1, 4096, 0
6328, 6085, 1, 4096, 0
6329, 8340, 1, 4096, 0
6329, 8386, 1, 4096, 0
6329, 10272, 1, 4096, 0
6330, 10102, 1, 4096, 0
6330, 7216, 1, 4096, 0
6331, 8158, 1, 4096, 0
6331, 5736, 1, 4096, 0
6332, 9361, 1, 4096, 0
6332, 8589, 1, 4096, 0
6332, 6881, 1, 4096, 0
6333, 10419, 1, 4096, 0
6333, 4460, 1, 4096, 0
6333, 5196, 1, 4096, 0
6334, 8041, 1, 4096, 0
6334, 7400, 1, 4096, 0
6334, 7294, 1, 4096, 0
6335, 8200, 1, 4096, 0
6335, 2324, 1, 4096, 0
6336, 6960, 1, 4096, 0
6336, 9705, 1, 4096, 0
6337, 9139, 1, 4096, 0
6338, 10284, 1, 4096, 0
6338, 6181, 1, 4096, 0
6338, 4401, 1, 4096, 0
6339, 7141, 1, 4096, 0
6339, 5671, 1, 4096, 0
6340, 4518, 1, 4096, 0
6340, 8459, 1, 4096, 0
6340, 2991, 1, 4096, 0
6341, 4706, 1, 4096, 0
6342, 10857, 1, 4096, 0
6342, 9805, 1, 4096, 0
6343, 10186, 1, 4096, 0
6343, 5525, 1, 4096, 0
6343, 6319, 1, 4096, 0
6344, 7786, 1, 4096, 0
6345, 8091, 1, 4096, 0
6345, 11300, 1, 4096, 0
6345, 10051, 1, 4096, 0
6346, 4956, 1, 4096, 0
6346, 10752, 1, 4096, 0
6347, 9120, 1, 4096, 0
6347, 9031, 1, 4096, 0
6348, 8494, 1, 4096, 0
6348, 3649, 1, 4096, 0
6348, 7924, 1, 4096, 0
6349, 4908, 1, 4096, 0
6349, 7949, 1, 4096, 0
6350, 6959, 1, 4096, 0
6350, 4245, 1, 4096, 0
6351, 5255, 1, 4096, 0
6351, 8705, 1, 4096, 0
6351, 10587, 1, 4096, 0
6352, 8104, 1, 4096, 0
6353, 7722, 1, 4096, 0
6353, 9836, 1, 4096, 0
6353, 6687, 1, 4096, 0
6354, 7977, 1, 4096, 0
6354, 8219, 1, 4096, 0
6355, 7573, 1, 4096, 0
6355, 6693, 1, 4096, 0
6355, 4273, 1, 4096, 0
6356, 6553, 1, 4096, 0
6357, 10852, 1, 4096, 0
6358, 14223, 1, 4096, 0
6358, 7230, 1, 4096, 0
6358, 6139, 1, 4096, 0
6359, 10760, 1, 4096, 0
6359, 8153, 1, 4096, 0
6359, 4840, 1, 4096, 0
6360, 8864, 1, 4096, 0
6361, 9548, 1, 4096, 0
6361, 7304, 1, 4096, 0
6362, 8771, 1, 4096, 0
6362, 13511, 1, 4096, 0
6363, 9100, 1, 4096, 0
6363, 3532, 1, 4096, 0
6363, 10030, 1, 4096, 0
6365, 9570, 1, 4096, 0
6365, 5927, 1, 4096, 0
6365, 13594, 1, 4096, 0
6366, 8988, 1, 4096, 0
6366, 12343, 1, 4096, 0
6367, 6114, 1, 4096, 0
6367, 9294, 1, 4096, 0
6368, 7891, 1, 4096, 0
6368, 7187, 1, 4096, 0
6369, 5207, 1, 4096, 0
6369, 6258, 1, 4096, 0
6369, 5694, 1, 4096, 0
6370, 9584, 1, 4096, 0
6370, 9318, 1, 4096, 0
6370, 7626, 1, 4096, 0
6371, 8307, 1, 4096, 0
6371, 6775, 1, 4096, 0
6372, 7346, 1, 4096, 0
6373, 11656, 1, 4096, 0
6373, 2396, 1, 4096, 0
6373, 6141, 1, 4096, 0
6374, 7869, 1, 4096, 0
6374, 5655, 1, 4096, 0
6374, 9414, 1, 4096, 0
6375, 11160, 1, 4096, 0
6376, 8948, 1, 4096, 0
6376, 12909, 1, 4096, 0
6376, 5786, 1, 4096, 0
6377, 5128, 1, 4096, 0
6377, 10795, 1, 4096, 0
6378, 4573, 1, 4096, 0
6378, 6555, 1, 4096, 0
6378, 4873, 1, 4096, 0
6379, 8399, 1, 4096, 0
6380, 7358, 1, 4096, 0
6380, 3267, 1, 4096, 0
6381, 9355, 1, 4096, 0
6381, 3453, 1, 4096, 0
6381, 6450, 1, 4096, 0
6382, 10195, 1, 4096, 0
6382, 9606, 1, 4096, 0
6383, 8101, 1, 4096, 0
6384, 8462, 1, 4096, 0
6384, 6071, 1, 4096, 0
6384, 4561, 1, 4096, 0
6384, 7913, 1, 4096, 0
6385, 7178, 1, 4096, 0
6385, 5685, 1, 4096, 0
6386, 8170, 1, 4096, 0
6386, 7111, 1, 4096, 0
6387, 6004, 1, 4096, 0
6387, 12360, 1, 4096, 0
6387, 9448, 1, 4096, 0
6388, 7434, 1, 4096, 0
6388, 3219, 1, 4096, 0
6389, 9822, 1, 4096, 0
6389, 6024, 1, 4096, 0
6390, 10381, 1, 4096, 0
6391, 5041, 1, 4096, 0
6391, 9282, 1, 4096, 0
6391, 9923, 1, 4096, 0
6392, 8548, 1, 4096, 0
6392, 3394, 1, 4096, 0
6392, 5867, 1, 4096, 0
6393, 9294, 1, 4096, 0
6393, 4501, 1, 4096, 0
6394, 6595, 1, 4096, 0
6395, 7660, 1, 4096, 0
6395, 5055, 1, 4096, 0
6395, 3569, 1, 4096, 0
6396, 9899, 1, 4096, 0
6397, 7390, 1, 4096, 0
6397, 4359, 1, 4096, 0
6398, 9069, 1, 4096, 0
6398, 6156, 1, 4096, 0
6398, 10391, 1, 4096, 0
6399, 9886, 1, 4096, 0
6399, 9422, 1, 4096, 0
6399, 4838, 1, 4096, 0
6400, 4854, 1, 4096, 0
6400, 5249, 1, 4096, 0
6401, 7491, 1, 4096, 0
6401, 5661, 1, 4096, 0
6402, 6675, 1, 4096, 0
6402, 10173, 1, 4096, 0
6403, 9268, 1, 4096, 0
6403, 5784, 1, 4096, 0
6403, 6896, 1, 4096, 0
6404, 9540, 1, 4096, 0
6404, 8378, 1, 4096, 0
6404, 9967, 1, 4096, 0
6404, 6450, 1, 4096, 0
6405, 7469, 1, 4096, 0
6405, 6752, 1, 4096, 0
6405, 2792, 1, 4096, 0
6406, 6222, 1, 4096, 0
6407, 8971, 1, 4096, 0
6407, 9784, 1, 4096, 0
6408, 7901, 1, 4096, 0
6408, 10012, 1, 4096, 0
6409, 9824, 1, 4096, 0
6409, 11725, 1, 4096, 0
6409, 4267, 1, 4096, 0
6410, 10278, 1, 4096, 0
6410, 9711, 1, 4096, 0
6411, 9076, 1, 4096, 0
6411, 5418, 1, 4096, 0
6412, 7002, 1, 4096, 0
6412, 8830, 1, 4096, 0
6412, 7964, 1, 4096, 0
6413, 9639, 1, 4096, 0
6413, 8292, 1, 4096, 0
6414, 7406, 1, 4096, 0
6414, 10357, 1, 4096, 0
6414, 6648, 1, 4096, 0
6415, 11081, 1, 4096, 0
6415, 2747, 1, 4096, 0
6416, 8448, 1, 4096, 0
6416, 8203, 1, 4096, 0
6416, 4057, 1, 4096, 0
6417, 7247, 1, 4096, 0
6417, 5869, 1, 4096, 0
6417, 4623, 1, 4096, 0
6418, 7378, 1, 4096, 0
6419, 9381, 1, 4096, 0
6419, 4452, 1, 4096, 0
6419, 10787, 1, 4096, 0
6420, 8335, 1, 4096, 0
6420, 8223, 1, 4096, 0
6420, 6353, 1, 4096, 0
6421, 10308, 1, 4096, 0
6421, 7565, 1, 4096, 0
6421, 10736, 1, 4096, 0
6422, 9282, 1, 4096, 0
6422, 10246, 1, 4096, 0
6423, 5529, 1, 4096, 0
6423, 4119, 1, 4096, 0
6424, 7522, 1, 4096, 0
6424, 11870, 1, 4096, 0
6424, 4007, 1, 4096, 0
6425, 9481, 1, 4096, 0
6425, 10406, 1, 4096, 0
6426, 7026, 1, 4096, 0
6426, 6677, 1, 4096, 0
6427, 4985, 1, 4096, 0
6427, 7867, 1, 4096, 0
6428, 5790, 1, 4096, 0
6428, 4897, 1, 4096, 0
6428, 3829, 1, 4096, 0
6429, 12412, 1, 4096, 0
6429, 4356, 1, 4096, 0
6429, 6232, 1, 4096, 0
6431, 10331, 1, 4096, 0
6431, 7174, 1, 4096, 0
6431, 7677, 1, 4096, 0
6432, 6008, 1, 4096, 0
6432, 6281, 1, 4096, 0
6433, 9199, 1, 4096, 0
6433, 7643, 1, 4096, 0
6434, 6586, 1, 4096, 0
6434, 8198, 1, 4096, 0
6435, 8781, 1, 4096, 0
6435, 9751, 1, 4096, 0
6436, 10093, 1, 4096, 0
6436, 9662, 1, 4096, 0
6437, 6769, 1, 4096, 0
6437, 4724, 1, 4096, 0
6438, 7385, 1, 4096, 0
6438, 6652, 1, 4096, 0
6438, 8236, 1, 4096, 0
6439, 8309, 1, 4096, 0
6439, 5501, 1, 4096, 0
6440, 11616, 1, 4096, 0
6441, 8179, 1, 4096, 0
6441, 5635, 1, 4096, 0
6441, 8088, 1, 4096, 0
6442, 8404, 1, 4096, 0
6442, 8336, 1, 4096, 0
6442, 9219, 1, 4096, 0
6443, 8019, 1, 4096, 0
6443, 8643, 1, 4096, 0
6444, 10520, 1, 4096, 0
6444, 7060, 1, 4096, 0
6444, 6542, 1, 4096, 0
6445, 6501, 1, 4096, 0
6445, 7490, 1, 4096, 0
6446, 7955, 1, 4096, 0
6446, 6043, 1, 4096, 0
6447, 8006, 1, 4096, 0
6447, 12551, 1, 4096, 0
6447, 10679, 1, 4096, 0
6448, 9305, 1, 4096, 0
6448, 5625, 1, 4096, 0
6449, 7057, 1, 4096, 0
6450, 7266, 1, 4096, 0
6450, 9487, 1, 4096, 0
6450, 5158, 1, 4096, 0
6450, 5898, 1, 4096, 0
6451, 6193, 1, 4096, 0
6451, 12440, 1, 4096, 0
6451, 4094, 1, 4096, 0
6453, 12058, 1, 4096, 0
6453, 6787, 1, 4096, 0
6454, 8780, 1, 4096, 0
6454, 7992, 1, 4096, 0
6455, 7481, 1, 4096, 0
6455, 5655, 1, 4096, 0
6455, 4422, 1, 4096, 0
6456, 6757, 1, 4096, 0
6456, 5433, 1, 4096, 0
6456, 3208, 1, 4096, 0
6457, 11506, 1, 4096, 0
6457, 5496, 1, 4096, 0
6458, 7821, 1, 4096, 0
6459, 8397, 1, 4096, 0
6459, 6813, 1, 4096, 0
6459, 4520, 1, 4096, 0
6460, 7965, 1, 4096, 0
6460, 10168, 1, 4096, 0
6460, 4499, 1, 4096, 0
6461, 9729, 1, 4096, 0
6462, 9689, 1, 4096, 0
6462, 6405, 1, 4096, 0
6462, 4215, 1, 4096, 0
6463, 5324, 1, 4096, 0
6463, 7707, 1, 4096, 0
6463, 8771, 1, 4096, 0
6464, 10999, 1, 4096, 0
6464, 9212, 1, 4096, 0
6464, 2363, 1, 4096, 0
6465, 17033, 1, 4096, 0
6466, 9298, 1, 4096, 0
6466, 5354, 1, 4096, 0
6466, 8918, 1, 4096, 0
6467, 5705, 1, 4096, 0
6467, 9835, 1, 4096, 0
6467, 5241, 1, 4096, 0
6468, 7980, 1, 4096, 0
6468, 4365, 1, 4096, 0
6469, 8009, 1, 4096, 0
6469, 8642, 1, 4096, 0
6469, 7584, 1, 4096, 0
6470, 12842, 1, 4096, 0
6471, 6666, 1, 4096, 0
6471, 4009, 1, 4096, 0
6471, 10823, 1, 4096, 0
6472, 7212, 1, 4096, 0
6472, 9278, 1, 4096, 0
6472, 6194, 1, 4096, 0
6473, 8661, 1, 4096, 0
6473, 4040, 1, 4096, 0
6473, 6085, 1, 4096, 0
6474, 8770, 1, 4096, 0
6474, 7807, 1, 4096, 0
6475, 4119, 1, 4096, 0
6475, 9051, 1, 4096, 0
6476, 9709, 1, 4096, 0
6476, 7861, 1, 4096, 0
6477, 4534, 1, 4096, 0
6477, 10244, 1, 4096, 0
6478, 6432, 1, 4096, 0
6478, 11326, 1, 4096, 0
6478, 6405, 1, 4096, 0
6479, 5697, 1, 4096, 0
6479, 10298, 1, 4096, 0
6480, 9740, 1, 4096, 0
6480, 5333, 1, 4096, 0
6480, 7223, 1, 4096, 0
6481, 6067, 1, 4096, 0
6481, 15205, 1, 4096, 0
6482, 9177, 1, 4096, 0
6482, 5253, 1, 4096, 0
6482, 7897, 1, 4096, 0
6483, 9665, 1, 4096, 0
6483, 8971, 1, 4096, 0
6484, 6977, 1, 4096, 0
6484, 5967, 1, 4096, 0
6484, 4173, 1, 4096, 0
6485, 9561, 1, 4096, 0
6485, 9026, 1, 4096, 0
6485, 3919, 1, 4096, 0
6486, 9955, 1, 4096, 0
6487, 11089, 1, 4096, 0
6487, 9349, 1, 4096, 0
6487, 6077, 1, 4096, 0
6488, 5531, 1, 4096, 0
6488, 5364, 1, 4096, 0
6489, 10453, 1, 4096, 0
6489, 9126, 1, 4096, 0
6489, 8542, 1, 4096, 0
6490, 11348, 1, 4096, 0
6490, 7005, 1, 4096, 0
6490, 4903, 1, 4096, 0
6492, 5605, 1, 4096, 0
6492, 11414, 1, 4096, 0
6492, 7763, 1, 4096, 0
6493, 6720, 1, 4096, 0
6493, 6834, 1, 4096, 0
6494, 5944, 1, 4096, 0
6494, 7504, 1, 4096, 0
6495, 9167, 1, 4096, 0
6495, 5627, 1, 4096, 0
6496, 8775, 1, 4096, 0
6496, 9624, 1, 4096, 0
6496, 6074, 1, 4096, 0
6497, 9863, 1, 4096, 0
6497, 8900, 1, 4096, 0
6497, 3831, 1, 4096, 0
6498, 7168, 1, 4096, 0
6498, 10198, 1, 4096, 0
6499, 10164, 1, 4096, 0
6499, 9596, 1, 4096, 0
6499, 9279, 1, 4096, 0
6500, 10618, 1, 4096, 0
6501, 6351, 1, 4096, 0
6501, 10212, 1, 4096, 0
6501, 10864, 1, 4096, 0
6502, 10160, 1, 4096, 0
6502, 8498, 1, 4096, 0
6503, 9238, 1, 4096, 0
6503, 12250, 1, 4096, 0
6503, 10403, 1, 4096, 0
6504, 10343, 1, 4096, 0
6504, 5641, 1, 4096, 0
6504, 5495, 1, 4096, 0
6505, 10872, 1, 4096, 0
6506, 8388, 1, 4096, 0
6506, 9488, 1, 4096, 0
6506, 6769, 1, 4096, 0
6507, 4990, 1, 4096, 0
6507, 4613, 1, 4096, 0
6507, 4107, 1, 4096, 0
6508, 5764, 1, 4096, 0
6509, 11044, 1, 4096, 0
6509, 8303, 1, 4096, 0
6509, 4773, 1, 4096, 0
6510, 4900, 1, 4096, 0
6510, 9594, 1, 4096, 0
6510, 5010, 1, 4096, 0
6511, 8299, 1, 4096, 0
6511, 3653, 1, 4096, 0
6511, 3928, 1, 4096, 0
6512, 5978, 1, 4096, 0
6512, 5406, 1, 4096, 0
6512, 4891, 1, 4096, 0
6513, 8133, 1, 4096, 0
6513, 7882, 1, 4096, 0
6514, 6982, 1, 4096, 0
6514, 4940, 1, 4096, 0
6515, 7322, 1, 4096, 0
6516, 8757, 1, 4096, 0
6516, 9291, 1, 4096, 0
6516, 6126, 1, 4096, 0
6517, 10809, 1, 4096, 0
6517, 9435, 1, 4096, 0
6517, 8479, 1, 4096, 0
6518, 6897, 1, 4096, 0
6518, 9534, 1, 4096, 0
6518, 4657, 1, 4096, 0
6519, 10516, 1, 4096, 0
6519, 7011, 1, 4096, 0
6519, 4448, 1, 4096, 0
6520, 9599, 1, 4096, 0
6520, 5546, 1, 4096, 0
6521, 6385, 1, 4096, 0
6522, 7819, 1, 4096, 0
6522, 12289, 1, 4096, 0
6522, 7261, 1, 4096, 0
6523, 8688, 1, 4096, 0
6523, 3182, 1, 4096, 0
6523, 7947, 1, 4096, 0
6524, 5540, 1, 4096, 0
6524, 7720, 1, 4096, 0
6524, 5606, 1, 4096, 0
6525, 8062, 1, 4096, 0
6525, 4567, 1, 4096, 0
6525, 3701, 1, 4096, 0
6527, 14247, 1, 4096, 0
6527, 10405, 1, 4096, 0
6527, 7808, 1, 4096, 0
6528, 8622, 1, 4096, 0
6528, 10308, 1, 4096, 0
6528, 4132, 1, 4096, 0
6529, 7834, 1, 4096, 0
6529, 5490, 1, 4096, 0
6530, 7559, 1, 4096, 0
6530, 9522, 1, 4096, 0
6530, 7806, 1, 4096, 0
6531, 7224, 1, 4096, 0
6532, 7284, 1, 4096, 0
6532, 10424, 1, 4096, 0
6532, 10054, 1, 4096, 0
6532, 4181, 1, 4096, 0
6533, 10261, 1, 4096, 0
6533, 9723, 1, 4096, 0
6534, 11071, 1, 4096, 0
6534, 6801, 1, 4096, 0
6535, 11131, 1, 4096, 0
6535, 4159, 1, 4096, 0
6536, 9777, 1, 4096, 0
6537, 10294, 1, 4096, 0
6537, 6206, 1, 4096, 0
6537, 4964, 1, 4096, 0
6538, 7148, 1, 4096, 0
6538, 14293, 1, 4096, 0
6538, 8784, 1, 4096, 0
6539, 8394, 1, 4096, 0
6539, 8380, 1, 4096, 0
6540, 11651, 1, 4096, 0
6540, 7339, 1, 4096, 0
6540, 9650, 1, 4096, 0
6541, 8439, 1, 4096, 0
6542, 12535, 1, 4096, 0
6542, 9049, 1, 4096, 0
6542, 8741, 1, 4096, 0
6543, 6783, 1, 4096, 0
6543, 7573, 1, 4096, 0
6543, 2942, 1, 4096, 0
6544, 8006, 1, 4096, 0
6544, 7768, 1, 4096, 0
6544, 6293, 1, 4096, 0
6544, 9209, 1, 4096, 0
6545, 8673, 1, 4096, 0
6545, 7408, 1, 4096, 0
6545, 11936, 1, 4096, 0
6546, 6652, 1, 4096, 0
6546, 7640, 1, 4096, 0
6546, 4033, 1, 4096, 0
6548, 8701, 1, 4096, 0
6548, 4731, 1, 4096, 0
6548, 9103, 1, 4096, 0
6549, 9528, 1, 4096, 0
6549, 5228, 1, 4096, 0
6549, 7990, 1, 4096, 0
6550, 6273, 1, 4096, 0
6550, 10030, 1, 4096, 0
6550, 4264, 1, 4096, 0
6551, 9924, 1, 4096, 0
6552, 5891, 1, 4096, 0
6552, 12302, 1, 4096, 0
6553, 9038, 1, 4096, 0
6553, 4694, 1, 4096, 0
6553, 8419, 1, 4096, 0
6554, 6145, 1, 4096, 0
6554, 7960, 1, 4096, 0
6555, 5206, 1, 4096, 0
6555, 3875, 1, 4096, 0
6555, 8532, 1, 4096, 0
6556, 5218, 1, 4096, 0
6556, 9598, 1, 4096, 0
6557, 9399, 1, 4096, 0
6557, 7527, 1, 4096, 0
6557, 2753, 1, 4096, 0
6558, 5720, 1, 4096, 0
6558, 9244, 1, 4096, 0
6559, 9323, 1, 4096, 0
6559, 22248, 1, 4096, 0
6559, 12126, 1, 4096, 0
6560, 7428, 1, 4096, 0
6560, 6169, 1, 4096, 0
6561, 9182, 1, 4096, 0
6561, 9736, 1, 4096, 0
6561, 6504, 1, 4096, 0
6562, 5482, 1, 4096, 0
6563, 9620, 1, 4096, 0
6563, 8970, 1, 4096, 0
6563, 3268, 1, 4096, 0
6564, 6077, 1, 4096, 0
6565, 9095, 1, 4096, 0
6565, 6991, 1, 4096, 0
6565, 3889, 1, 4096, 0
6566, 9257, 1, 4096, 0
6566, 3605, 1, 4096, 0
6566, 4115, 1, 4096, 0
6567, 7547, 1, 4096, 0
6568, 4684, 1, 4096, 0
6568, 9950, 1, 4096, 0
6568, 11412, 1, 4096, 0
6569, 6133, 1, 4096, 0
6569, 5262, 1, 4096, 0
6570, 10024, 1, 4096, 0
6571, 6612, 1, 4096, 0
6571, 6382, 1, 4096, 0
6572, 10166, 1, 4096, 0
6572, 8757, 1, 4096, 0
6572, 4018, 1, 4096, 0
6573, 8317, 1, 4096, 0
6574, 5457, 1, 4096, 0
6574, 7285, 1, 4096, 0
6574, 6397, 1, 4096, 0
6575, 8093, 1, 4096, 0
6575, 10699, 1, 4096, 0
6576, 5484, 1, 4096, 0
6576, 9103, 1, 4096, 0
6576, 4507, 1, 4096, 0
6577, 9197, 1, 4096, 0
6577, 5531, 1, 4096, 0
6577, 6360, 1, 4096, 0
6578, 6061, 1, 4096, 0
6578, 7388, 1, 4096, 0
6579, 13249, 1, 4096, 0
6579, 11219, 1, 4096, 0
6580, 9480, 1, 4096, 0
6580, 7213, 1, 4096, 0
6580, 5265, 1, 4096, 0
6581, 9392, 1, 4096, 0
6581, 7638, 1, 4096, 0
6581, 8726, 1, 4096, 0
6582, 10895, 1, 4096, 0
6582, 15016, 1, 4096, 0
6583, 6440, 1, 4096, 0
6583, 6925, 1, 4096, 0
6584, 8976, 1, 4096, 0
6584, 9293, 1, 4096, 0
6585, 7858, 1, 4096, 0
6585, 6569, 1, 4096, 0
6586, 10339, 1, 4096, 0
6586, 3551, 1, 4096, 0
6586, 11297, 1, 4096, 0
6587, 6326, 1, 4096, 0
6587, 3771, 1, 4096, 0
6587, 4987, 1, 4096, 0
6588, 7703, 1, 4096, 0
6588, 7800, 1, 4096, 0
6589, 6578, 1, 4096, 0
6589, 6331, 1, 4096, 0
6589, 10720, 1, 4096, 0
6590, 9968, 1, 4096, 0
6590, 3876, 1, 4096, 0
6591, 8571, 1, 4096, 0
6591, 4262, 1, 4096, 0
6592, 8809, 1, 4096, 0
6592, 10383, 1, 4096, 0
6593, 6421, 1, 4096, 0
6593, 9177, 1, 4096, 0
6593, 4937, 1, 4096, 0
6594, 6961, 1, 4096, 0
6594, 7989, 1, 4096, 0
6594, 9222, 1, 4096, 0
6595, 5592, 1, 4096, 0
6595, 8244, 1, 4096, 0
6596, 10547, 1, 4096, 0
6596, 5145, 1, 4096, 0
6597, 9908, 1, 4096, 0
6597, 7843, 1, 4096, 0
6598, 7344, 1, 4096, 0
6598, 4766, 1, 4096, 0
6598, 5351, 1, 4096, 0
6599, 9671, 1, 4096, 0
6599, 5122, 1, 4096, 0
6600, 9777, 1, 4096, 0
6600, 10858, 1, 4096, 0
6601, 7300, 1, 4096, 0
6601, 11650, 1, 4096, 0
6601, 3826, 1, 4096, 0
6602, 9456, 1, 4096, 0
6603, 9609, 1, 4096, 0
6603, 5540, 1, 4096, 0
6603, 8648, 1, 4096, 0
6604, 11024, 1, 4096, 0
6604, 10394, 1, 4096, 0
6605, 9215, 1, 4096, 0
6605, 10904, 1, 4096, 0
6606, 8938, 1, 4096, 0
6606, 4991, 1, 4096, 0
6606, 10105, 1, 4096, 0
6607, 9793, 1, 4096, 0
6607, 10399, 1, 4096, 0
6608, 11493, 1, 4096, 0
6608, 4268, 1, 4096, 0
6608, 9617, 1, 4096, 0
6609, 7319, 1, 4096, 0
6609, 10446, 1, 4096, 0
6610, 5008, 1, 4096, 0
6610, 8496, 1, 4096, 0
6611, 7525, 1, 4096, 0
6611, 10835, 1, 4096, 0
6612, 7368, 1, 4096, 0
6612, 10219, 1, 4096, 0
6612, 9782, 1, 4096, 0
6613, 9498, 1, 4096, 0
6613, 10384, 1, 4096, 0
6613, 9086, 1, 4096, 0
6614, 4720, 1, 4096, 0
6615, 9165, 1, 4096, 0
6615, 7306, 1, 4096, 0
6615, 9742, 1, 4096, 0
6616, 10543, 1, 4096, 0
6616, 6482, 1, 4096, 0
6616, 6141, 1, 4096, 0
6617, 9825, 1, 4096, 0
6618, 4257, 1, 4096, 0
6618, 7347, 1, 4096, 0
6619, 9814, 1, 4096, 0
6619, 3385, 1, 4096, 0
6619, 9826, 1, 4096, 0
6620, 5646, 1, 4096, 0
6620, 4019, 1, 4096, 0
6621, 7891, 1, 4096, 0
6621, 4285, 1, 4096, 0
6621, 4629, 1, 4096, 0
6622, 7196, 1, 4096, 0
6622, 2449, 1, 4096, 0
6622, 6042, 1, 4096, 0
6623, 5939, 1, 4096, 0
6623, 4516, 1, 4096, 0
6623, 6816, 1, 4096, 0
6624, 7650, 1, 4096, 0
6625, 9770, 1, 4096, 0
6625, 4627, 1, 4096, 0
6626, 5151, 1, 4096, 0
6626, 6708, 1, 4096, 0
6627, 6659, 1, 4096, 0
6627, 8726, 1, 4096, 0
6628, 3221, 1, 4096, 0
6628, 6049, 1, 4096, 0
6629, 7355, 1, 4096, 0
6629, 4422, 1, 4096, 0
6629, 8971, 1, 4096, 0
6630, 9146, 1, 4096, 0
6631, 6916, 1, 4096, 0
6631, 9815, 1, 4096, 0
6631, 5177, 1, 4096, 0
6632, 24411, 1, 4096, 0
6632, 8835, 1, 4096, 0
6633, 8162, 1, 4096, 0
6633, 7839, 1, 4096, 0
6634, 8441, 1, 4096, 0
6635, 7223, 1, 4096, 0
6635, 5097, 1, 4096, 0
6635, 6352, 1, 4096, 0
6636, 11868, 1, 4096, 0
6636, 4913, 1, 4096, 0
6636, 3328, 1, 4096, 0
6637, 10364, 1, 4096, 0
6637, 7040, 1, 4096, 0
6638, 9212, 1, 4096, 0
6639, 7441, 1, 4096, 0
6639, 11373, 1, 4096, 0
6639, 8985, 1, 4096, 0
6640, 5972, 1, 4096, 0
6640, 6662, 1, 4096, 0
6641, 10366, 1, 4096, 0
6641, 11492, 1, 4096, 0
6641, 6580, 1, 4096, 0
6642, 5922, 1, 4096, 0
6643, 9310, 1, 4096, 0
6643, 4366, 1, 4096, 0
6643, 4848, 1, 4096, 0
6644, 5862, 1, 4096, 0
6644, 6322, 1, 4096, 0
6644, 8984, 1, 4096, 0
6645, 7454, 1, 4096, 0
6645, 4478, 1, 4096, 0
6645, 10615, 1, 4096, 0
6647, 9115, 1, 4096, 0
6647, 4603, 1, 4096, 0
6648, 9557, 1, 4096, 0
6648, 9006, 1, 4096, 0
6648, 7871, 1, 4096, 0
6649, 5476, 1, 4096, 0
6649, 5102, 1, 4096, 0
6649, 10144, 1, 4096, 0
6649, 6754, 1, 4096, 0
6650, 5194, 1, 4096, 0
6651, 11520, 1, 4096, 0
6651, 5101, 1, 4096, 0
6651, 9266, 1, 4096, 0
6652, 8421, 1, 4096, 0
6652, 3685, 1, 4096, 0
6653, 9012, 1, 4096, 0
6653, 7519, 1, 4096, 0
6653, 4500, 1, 4096, 0
6654, 10351, 1, 4096, 0
6654, 12403, 1, 4096, 0
6655, 7259, 1, 4096, 0
6655, 10348, 1, 4096, 0
6656, 9468, 1, 4096, 0
6656, 7443, 1, 4096, 0
6657, 7332, 1, 4096, 0
6657, 6296, 1, 4096, 0
6658, 9261, 1, 4096, 0
6658, 9690, 1, 4096, 0
6658, 7444, 1, 4096, 0
6658, 9623, 1, 4096, 0
6659, 8541, 1, 4096, 0
6660, 7732, 1, 4096, 0
6660, 7988, 1, 4096, 0
6660, 5658, 1, 4096, 0
6661, 5130, 1, 4096, 0
6661, 10912, 1, 4096, 0
6661, 6319, 1, 4096, 0
6662, 9829, 1, 4096, 0
6662, 4153, 1, 4096, 0
6663, 6826, 1, 4096, 0
6663, 9162, 1, 4096, 0
6664, 9199, 1, 4096, 0
6664, 5741, 1, 4096, 0
6664, 7423, 1, 4096, 0
6665, 7499, 1, 4096, 0
6665, 9384, 1, 4096, 0
6666, 6160, 1, 4096, 0
6666, 8471, 1, 4096, 0
6667, 5587, 1, 4096, 0
6667, 6020, 1, 4096, 0
6668, 7825, 1, 4096, 0
6668, 4448, 1, 4096, 0
6669, 12363, 1, 4096, 0
6669, 5867, 1, 4096, 0
6669, 3714, 1, 4096, 0
6670, 8644, 1, 4096, 0
6670, 7835, 1, 4096, 0
6671, 5789, 1, 4096, 0
6671, 6557, 1, 4096, 0
6672, 9382, 1, 4096, 0
6672, 10805, 1, 4096, 0
6673, 10033, 1, 4096, 0
6673, 7159, 1, 4096, 0
6674, 10664, 1, 4096, 0
6674, 7808, 1, 4096, 0
6674, 4402, 1, 4096, 0
6675, 8037, 1, 4096, 0
6676, 7325, 1, 4096, 0
6676, 5420, 1, 4096, 0
6676, 9338, 1, 4096, 0
6677, 8042, 1, 4096, 0
6677, 4072, 1, 4096, 0
6677, 7021, 1, 4096, 0
6678, 8796, 1, 4096, 0
6678, 3172, 1, 4096, 0
6678, 10172, 1, 4096, 0
6679, 11138, 1, 4096, 0
6680, 8862, 1, 4096, 0
6680, 7926, 1, 4096, 0
6681, 9078, 1, 4096, 0
6681, 5826, 1, 4096, 0
6681, 3915, 1, 4096, 0
6682, 8219, 1, 4096, 0
6682, 10643, 1, 4096, 0
6683, 8711, 1, 4096, 0
6683, 7090, 1, 4096, 0
6683, 6258, 1, 4096, 0
6684, 5887, 1, 4096, 0
6684, 4742, 1, 4096, 0
6684, 7645, 1, 4096, 0
6685, 12144, 1, 4096, 0
6685, 5904, 1, 4096, 0
6685, 11305, 1, 4096, 0
6686, 8726, 1, 4096, 0
6686, 3265, 1, 4096, 0
6687, 6065, 1, 4096, 0
6687, 8137, 1, 4096, 0
6688, 10126, 1, 4096, 0
6688, 10834, 1, 4096, 0
6689, 8903, 1, 4096, 0
6689, 5100, 1, 4096, 0
6689, 10134, 1, 4096, 0
6690, 8521, 1, 4096, 0
6690, 4442, 1, 4096, 0
6690, 6537, 1, 4096, 0
6691, 6230, 1, 4096, 0
6691, 6349, 1, 4096, 0
6691, 10180, 1, 4096, 0
6692, 6367, 1, 4096, 0
6692, 3302, 1, 4096, 0
6692, 3996, 1, 4096, 0
6694, 17360, 1, 4096, 0
6694, 10089, 1, 4096, 0
6694, 11529, 1, 4096, 0
6695, 10316, 1, 4096, 0
6695, 8610, 1, 4096, 0
6695, 4787, 1, 4096, 0
6696, 7858, 1, 4096, 0
6696, 5527, 1, 4096, 0
6696, 5663, 1, 4096, 0
6697, 8947, 1, 4096, 0
6697, 7666, 1, 4096, 0
6698, 9302, 1, 4096, 0
6698, 6329, 1, 4096, 0
6698, 8138, 1, 4096, 0
6699, 10332, 1, 4096, 0
6699, 10933, 1, 4096, 0
6700, 5982, 1, 4096, 0
6701, 8982, 1, 4096, 0
6701, 8953, 1, 4096, 0
6701, 13351, 1, 4096, 0
6702, 8936, 1, 4096, 0
6702, 6269, 1, 4096, 0
6702, 7382, 1, 4096, 0
6703, 4571, 1, 4096, 0
6703, 5665, 1, 4096, 0
6704, 6379, 1, 4096, 0
6704, 11529, 1, 4096, 0
6704, 9814, 1, 4096, 0
6705, 9820, 1, 4096, 0
6705, 10305, 1, 4096, 0
6705, 5263, 1, 4096, 0
6706, 11173, 1, 4096, 0
6707, 8535, 1, 4096, 0
6707, 9991, 1, 4096, 0
6707, 10558, 1, 4096, 0
6707, 9240, 1, 4096, 0
6708, 8648, 1, 4096, 0
6708, 9517, 1, 4096, 0
6708, 7271, 1, 4096, 0
6709, 8805, 1, 4096, 0
6710, 9693, 1, 4096, 0
6710, 8267, 1, 4096, 0
6710, 3070, 1, 4096, 0
6711, 5250, 1, 4096, 0
6711, 5137, 1, 4096, 0
6712, 7559, 1, 4096, 0
6713, 5661, 1, 4096, 0
6713, 2253, 1, 4096, 0
6713, 7318, 1, 4096, 0
6714, 8828, 1, 4096, 0
6714, 4200, 1, 4096, 0
6714, 11537, 1, 4096, 0
6716, 11132, 1, 4096, 0
6716, 10196, 1, 4096, 0
6716, 7590, 1, 4096, 0
6717, 6705, 1, 4096, 0
6717, 3806, 1, 4096, 0
6718, 7197, 1, 4096, 0
6718, 5642, 1, 4096, 0
6719, 8793, 1, 4096, 0
6719, 6621, 1, 4096, 0
6720, 8269, 1, 4096, 0
6720, 9327, 1, 4096, 0
6720, 8638, 1, 4096, 0
6721, 7175, 1, 4096, 0
6722, 11406, 1, 4096, 0
6722, 5959, 1, 4096, 0
6722, 10554, 1, 4096, 0
6722, 6540, 1, 4096, 0
6723, 6642, 1, 4096, 0
6724, 9859, 1, 4096, 0
6724, 3456, 1, 4096, 0
6724, 15362, 1, 4096, 0
6725, 10478, 1, 4096, 0
6725, 7596, 1, 4096, 0
6725, 7248, 1, 4096, 0
6726, 6166, 1, 4096, 0
6727, 9450, 1, 4096, 0
6727, 5086, 1, 4096, 0
6727, 4445, 1, 4096, 0
6728, 8930, 1, 4096, 0
6728, 11038, 1, 4096, 0
6728, 5491, 1, 4096, 0
6729, 10628, 1, 4096, 0
6729, 4376, 1, 4096, 0
6729, 8564, 1, 4096, 0
6730, 8547, 1, 4096, 0
6730, 2242, 1, 4096, 0
6731, 6050, 1, 4096, 0
6731, 5533, 1, 4096, 0
6732, 5599, 1, 4096, 0
6733, 10949, 1, 4096, 0
6733, 9651, 1, 4096, 0
6733, 3728, 1, 4096, 0
6734, 8642, 1, 4096, 0
6734, 3706, 1, 4096, 0
6734, 6517, 1, 4096, 0
6735, 5923, 1, 4096, 0
6735, 10083, 1, 4096, 0
6736, 10260, 1, 4096, 0
6736, 8449, 1, 4096, 0
6737, 10156, 1, 4096, 0
6737, 7489, 1, 4096, 0
6737, 8450, 1, 4096, 0
6738, 9313, 1, 4096, 0
6738, 10052, 1, 4096, 0
6738, 7395, 1, 4096, 0
6739, 6412, 1, 4096, 0
6740, 11180, 1, 4096, 0
6740, 3104, 1, 4096, 0
6741, 9173, 1, 4096, 0
6741, 6530, 1, 4096, 0
6741, 8116, 1, 4096, 0
6742, 7877, 1, 4096, 0
6742, 3391, 1, 4096, 0
6742, 10924, 1, 4096, 0
6743, 9982, 1, 4096, 0
6743, 4885, 1, 4096, 0
6744, 7970, 1, 4096, 0
6744, 9705, 1, 4096, 0
6744, 4891, 1, 4096, 0
6745, 6358, 1, 4096, 0
6745, 8312, 1, 4096, 0
6746, 9326, 1, 4096, 0
6746, 9925, 1, 4096, 0
6747, 6719, 1, 4096, 0
6747, 5297, 1, 4096, 0
6748, 9155, 1, 4096, 0
6748, 3263, 1, 4096, 0
6748, 5047, 1, 4096, 0
6749, 8221, 1, 4096, 0
6749, 10519, 1, 4096, 0
6749, 5392, 1, 4096, 0
6750, 7942, 1, 4096, 0
6750, 8882, 1, 4096, 0
6751, 8742, 1, 4096, 0
6751, 19577, 1, 4096, 0
6751, 8796, 1, 4096, 0
6752, 13681, 1, 4096, 0
6752, 7406, 1, 4096, 0
6753, 7282, 1, 4096, 0
6753, 7164, 1, 4096, 0
6754, 8285, 1, 4096, 0
6754, 8402, 1, 4096, 0
6754, 5795, 1, 4096, 0
6755, 7584, 1, 4096, 0
6755, 6481, 1, 4096, 0
6756, 7664, 1, 4096, 0
6756, 10918, 1, 4096, 0
6756, 6246, 1, 4096, 0
6757, 9605, 1, 4096, 0
6757, 8507, 1, 4096, 0
6757, 8329, 1, 4096, 0
6758, 8223, 1, 4096, 0
6758, 6342, 1, 4096, 0
6758, 4751, 1, 4096, 0
6759, 9081, 1, 4096, 0
6759, 7263, 1, 4096, 0
6759, 11654, 1, 4096, 0
6761, 10000, 1, 4096, 0
6761, 8797, 1, 4096, 0
6761, 8645, 1, 4096, 0
6762, 7495, 1, 4096, 0
6762, 5626, 1, 4096, 0
6763, 7104, 1, 4096, 0
6763, 9659, 1, 4096, 0
6764, 8944, 1, 4096, 0
6764, 5387, 1, 4096, 0
6764, 6171, 1, 4096, 0
6765, 8599, 1, 4096, 0
6765, 10152, 1, 4096, 0
6766, 5993, 1, 4096, 0
6766, 5943, 1, 4096, 0
6767, 8563, 1, 4096, 0
6767, 6558, 1, 4096, 0
6767, 6448, 1, 4096, 0
6768, 10963, 1, 4096, 0
6768, 7248, 1, 4096, 0
6769, 8047, 1, 4096, 0
6769, 6157, 1, 4096, 0
6769, 4155, 1, 4096, 0
6770, 5761, 1, 4096, 0
6770, 5789, 1, 4096, 0
6770, 3381, 1, 4096, 0
6771, 4830, 1, 4096, 0
6772, 5940, 1, 4096, 0
6772, 4470, 1, 4096, 0
6773, 9458, 1, 4096, 0
6773, 4171, 1, 4096, 0
6773, 4836, 1, 4096, 0
6774, 4774, 1, 4096, 0
6774, 8642, 1, 4096, 0
6774, 7394, 1, 4096, 0
6775, 4367, 1, 4096, 0
6775, 8047, 1, 4096, 0
6776, 9170, 1, 4096, 0
6776, 7702, 1, 4096, 0
6776, 9794, 1, 4096, 0
6777, 12450, 1, 4096, 0
6777, 10283, 1, 4096, 0
6777, 3607, 1, 4096, 0
6779, 10461, 1, 4096, 0
6779, 9102, 1, 4096, 0
6780, 9543, 1, 4096, 0
6780, 8996, 1, 4096, 0
6781, 7093, 1, 4096, 0
6781, 5781, 1, 4096, 0
6781, 3522, 1, 4096, 0
6782, 11960, 1, 4096, 0
6782, 7011, 1, 4096, 0
6782, 5089, 1, 4096, 0
6783, 9411, 1, 4096, 0
6783, 8469, 1, 4096, 0
6783, 8863, 1, 4096, 0
6784, 6545, 1, 4096, 0
6784, 7705, 1, 4096, 0
6785, 6222, 1, 4096, 0
6785, 9622, 1, 4096, 0
6786, 6258, 1, 4096, 0
6786, 5206, 1, 4096, 0
6787, 4708, 1, 4096, 0
6787, 4944, 1, 4096, 0
6787, 5510, 1, 4096, 0
6788, 16339, 1, 4096, 0
6788, 9795, 1, 4096, 0
6789, 9640, 1, 4096, 0
6789, 7180, 1, 4096, 0
6789, 7511, 1, 4096, 0
6790, 8394, 1, 4096, 0
6790, 7289, 1, 4096, 0
6791, 7841, 1, 4096, 0
6791, 5371, 1, 4096, 0
6792, 9169, 1, 4096, 0
6792, 6756, 1, 4096, 0
6792, 6039, 1, 4096, 0
6793, 8228, 1, 4096, 0
6793, 4561, 1, 4096, 0
6794, 7980, 1, 4096, 0
6794, 6598, 1, 4096, 0
6794, 9884, 1, 4096, 0
6795, 8443, 1, 4096, 0
6795, 3190, 1, 4096, 0
6796, 8981, 1, 4096, 0
6797, 7472, 1, 4096, 0
6797, 6525, 1, 4096, 0
6798, 9373, 1, 4096, 0
6798, 2971, 1, 4096, 0
6798, 9465, 1, 4096, 0
6799, 7591, 1, 4096, 0
6799, 10884, 1, 4096, 0
6799, 6167, 1, 4096, 0
6800, 9069, 1, 4096, 0
6800, 3833, 1, 4096, 0
6801, 6571, 1, 4096, 0
6801, 8900, 1, 4096, 0
6801, 7804, 1, 4096, 0
6802, 7440, 1, 4096, 0
6802, 9066, 1, 4096, 0
6803, 9183, 1, 4096, 0
6803, 4849, 1, 4096, 0
6803, 6694, 1, 4096, 0
6804, 5941, 1, 4096, 0
6804, 10031, 1, 4096, 0
6804, 7992, 1, 4096, 0
6805, 7387, 1, 4096, 0
6805, 7345, 1, 4096, 0
6805, 7676, 1, 4096, 0
6806, 8305, 1, 4096, 0
6807, 6670, 1, 4096, 0
6807, 12148, 1, 4096, 0
6807, 5006, 1, 4096, 0
6808, 10801, 1, 4096, 0
6808, 4600, 1, 4096, 0
6809, 7514, 1, 4096, 0
6809, 5712, 1, 4096, 0
6809, 10005, 1, 4096, 0
6810, 9670, 1, 4096, 0
6811, 7312, 1, 4096, 0
6811, 5382, 1, 4096, 0
6812, 10195, 1, 4096, 0
6812, 3795, 1, 4096, 0
6812, 10380, 1, 4096, 0
6814, 5663, 1, 4096, 0
6814, 2289, 1, 4096, 0
6814, 4603, 1, 4096, 0
6815, 7301, 1, 4096, 0
6815, 7110, 1, 4096, 0
6816, 4512, 1, 4096, 0
6816, 8774, 1, 4096, 0
6816, 9210, 1, 4096, 0
6817, 4369, 1, 4096, 0
6817, 10848, 1, 4096, 0
6817, 8427, 1, 4096, 0
6818, 7621, 1, 4096, 0
6819, 10274, 1, 4096, 0
6819, 7531, 1, 4096, 0
6819, 5077, 1, 4096, 0
6820, 9445, 1, 4096, 0
6820, 6666, 1, 4096, 0
6821, 10989, 1, 4096, 0
6821, 7728, 1, 4096, 0
6821, 8937, 1, 4096, 0
6822, 11222, 1, 4096, 0
6823, 5652, 1, 4096, 0
6823, 8734, 1, 4096, 0
6823, 7204, 1, 4096, 0
6824, 7315, 1, 4096, 0
6824, 7198, 1, 4096, 0
6825, 7696, 1, 4096, 0
6826, 7546, 1, 4096, 0
6826, 3356, 1, 4096, 0
6826, 6429, 1, 4096, 0
6827, 4916, 1, 4096, 0
6827, 4737, 1, 4096, 0
6827, 6119, 1, 4096, 0
6828, 10562, 1, 4096, 0
6828, 11573, 1, 4096, 0
6828, 5690, 1, 4096, 0
6828, 10792, 1, 4096, 0
6829, 7898, 1, 4096, 0
6829, 7225, 1, 4096, 0
6830, 10615, 1, 4096, 0
6830, 9533, 1, 4096, 0
6831, 8663, 1, 4096, 0
6831, 5144, 1, 4096, 0
6832, 6205, 1, 4096, 0
6832, 4613, 1, 4096, 0
6832, 5003, 1, 4096, 0
6833, 6436, 1, 4096, 0
6833, 7717, 1, 4096, 0
6833, 4290, 1, 4096, 0
6834, 6402, 1, 4096, 0
6834, 7328, 1, 4096, 0
6835, 7919, 1, 4096, 0
6835, 8522, 1, 4096, 0
6836, 7999, 1, 4096, 0
6836, 6875, 1, 4096, 0
6836, 8394, 1, 4096, 0
6837, 8408, 1, 4096, 0
6837, 7830, 1, 4096, 0
6838, 6245, 1, 4096, 0
6838, 6928, 1, 4096, 0
6839, 6163, 1, 4096, 0
6839, 6051, 1, 4096, 0
6839, 7244, 1, 4096, 0
6840, 8286, 1, 4096, 0
6840, 6129, 1, 4096, 0
6841, 8927, 1, 4096, 0
6841, 9922, 1, 4096, 0
6842, 5281, 1, 4096, 0
6842, 4898, 1, 4096, 0
6843, 6814, 1, 4096, 0
6843, 8205, 1, 4096, 0
6843, 5155, 1, 4096, 0
6844, 9233, 1, 4096, 0
6844, 6660, 1, 4096, 0
6845, 6814, 1, 4096, 0
6845, 8822, 1, 4096, 0
6846, 10288, 1, 4096, 0
6846, 6884, 1, 4096, 0
6846, 7009, 1, 4096, 0
6847, 7466, 1, 4096, 0
6848, 9301, 1, 4096, 0
6848, 5641, 1, 4096, 0
6848, 9582, 1, 4096, 0
6849, 8705, 1, 4096, 0
6849, 8579, 1, 4096, 0
6849, 7070, 1, 4096, 0
6851, 7957, 1, 4096, 0
6851, 11854, 1, 4096, 0
6851, 4838, 1, 4096, 0
6852, 4191, 1, 4096, 0
6852, 3373, 1, 4096, 0
6852, 8624, 1, 4096, 0
6853, 6108, 1, 4096, 0
6853, 2517, 1, 4096, 0
6853, 4213, 1, 4096, 0
6855, 9909, 1, 4096, 0
6855, 4102, 1, 4096, 0
6855, 4517, 1, 4096, 0
6856, 6364, 1, 4096, 0
6856, 3338, 1, 4096, 0
6856, 7671, 1, 4096, 0
6857, 11718, 1, 4096, 0
6857, 10829, 1, 4096, 0
6858, 5934, 1, 4096, 0
6859, 6485, 1, 4096, 0
6859, 4236, 1, 4096, 0
6859, 4592, 1, 4096, 0
6860, 5885, 1, 4096, 0
6860, 4722, 1, 4096, 0
6861, 6604, 1, 4096, 0
6861, 4781, 1, 4096, 0
6862, 8660, 1, 4096, 0
6862, 3726, 1, 4096, 0
6863, 6067, 1, 4096, 0
6863, 7794, 1, 4096, 0
6863, 7133, 1, 4096, 0
6864, 8071, 1, 4096, 0
6864, 7865, 1, 4096, 0
6864, 6262, 1, 4096, 0
6865, 8113, 1, 4096, 0
6865, 4321, 1, 4096, 0
6866, 7950, 1, 4096, 0
6866, 5159, 1, 4096, 0
6867, 3729, 1, 4096, 0
6867, 11259, 1, 4096, 0
6867, 6306, 1, 4096, 0
6868, 8318, 1, 4096, 0
6869, 5998, 1, 4096, 0
6869, 3288, 1, 4096, 0
6869, 7795, 1, 4096, 0
6870, 12666, 1, 4096, 0
6870, 4204, 1, 4096, 0
6870, 11249, 1, 4096, 0
6871, 5313, 1, 4096, 0
6872, 7315, 1, 4096, 0
6872, 8958, 1, 4096, 0
6873, 7268, 1, 4096, 0
6873, 4056, 1, 4096, 0
6873, 5880, 1, 4096, 0
6874, 5368, 1, 4096, 0
6874, 8989, 1, 4096, 0
6875, 6133, 1, 4096, 0
6875, 6865, 1, 4096, 0
6876, 8555, 1, 4096, 0
6877, 10403, 1, 4096, 0
6877, 7145, 1, 4096, 0
6877, 8471, 1, 4096, 0
6878, 8985, 1, 4096, 0
6878, 7449, 1, 4096, 0
6879, 10188, 1, 4096, 0
6880, 10004, 1, 4096, 0
6880, 5020, 1, 4096, 0
6880, 4776, 1, 4096, 0
6881, 4688, 1, 4096, 0
6881, 9573, 1, 4096, 0
6881, 8136, 1, 4096, 0
6882, 10444, 1, 4096, 0
6883, 10398, 1, 4096, 0
6883, 8843, 1, 4096, 0
6883, 5000, 1, 4096, 0
6884, 9865, 1, 4096, 0
6884, 4549, 1, 4096, 0
6884, 8478, 1, 4096, 0
6885, 10266, 1, 4096, 0
6886, 11795, 1, 4096, 0
6886, 4405, 1, 4096, 0
6887, 9742, 1, 4096, 0
6888, 7385, 1, 4096, 0
6888, 4060, 1, 4096, 0
6888, 9847, 1, 4096, 0
6889, 11029, 1, 4096, 0
6889, 8727, 1, 4096, 0
6889, 10434, 1, 4096, 0
6890, 8728, 1, 4096, 0
6890, 5686, 1, 4096, 0
6891, 8544, 1, 4096, 0
6891, 8015, 1, 4096, 0
6891, 4209, 1, 4096, 0
6892, 9392, 1, 4096, 0
6893, 5366, 1, 4096, 0
6893, 3918, 1, 4096, 0
6893, 9950, 1, 4096, 0
6894, 5475, 1, 4096, 0
6894, 10585, 1, 4096, 0
6895, 8642, 1, 4096, 0
6896, 7478, 1, 4096, 0
6896, 2752, 1, 4096, 0
6896, 4966, 1, 4096, 0
6897, 8678, 1, 4096, 0
6897, 10418, 1, 4096, 0
6897, 3388, 1, 4096, 0
6898, 7824, 1, 4096, 0
6898, 10891, 1, 4096, 0
6898, 3265, 1, 4096, 0
6899, 6849, 1, 4096, 0
6899, 9056, 1, 4096, 0
6899, 8389, 1, 4096, 0
6900, 7442, 1, 4096, 0
6901, 6207, 1, 4096, 0
6901, 4375, 1, 4096, 0
6901, 6510, 1, 4096, 0
6902, 10590, 1, 4096, 0
6902, 4162, 1, 4096, 0
6902, 9742, 1, 4096, 0
6903, 8493, 1, 4096, 0
6903, 9039, 1, 4096, 0
6903, 3583, 1, 4096, 0
6904, 6183, 1, 4096, 0
6904, 3786, 1, 4096, 0
6904, 9572, 1, 4096, 0
6906, 11275, 1, 4096, 0
6906, 10477, 1, 4096, 0
6906, 8804, 1, 4096, 0
6907, 6704, 1, 4096, 0
6907, 5586, 1, 4096, 0
6907, 10095, 1, 4096, 0
6908, 8917, 1, 4096, 0
6908, 7424, 1, 4096, 0
6909, 6757, 1, 4096, 0
6909, 8893, 1, 4096, 0
6909, 4833, 1, 4096, 0
6910, 8582, 1, 4096, 0
6910, 7143, 1, 4096, 0
6911, 7116, 1, 4096, 0
6911, 7879, 1, 4096, 0
6912, 7136, 1, 4096, 0
6913, 4145, 1, 4096, 0
6913, 8835, 1, 4096, 0
6913, 7443, 1, 4096, 0
6914, 6090, 1, 4096, 0
6915, 7673, 1, 4096, 0
6915, 4866, 1, 4096, 0
6915, 8004, 1, 4096, 0
6916, 6563, 1, 4096, 0
6916, 15677, 1, 4096, 0
6916, 6378, 1, 4096, 0
6917, 5948, 1, 4096, 0
6917, 7103, 1, 4096, 0
6917, 6439, 1, 4096, 0
6918, 6606, 1, 4096, 0
6918, 8608, 1, 4096, 0
6919, 7922, 1, 4096, 0
6920, 9273, 1, 4096, 0
6920, 7842, 1, 4096, 0
6920, 3323, 1, 4096, 0
6921, 9007, 1, 4096, 0
6921, 4510, 1, 4096, 0
6922, 9102, 1, 4096, 0
6922, 7503, 1, 4096, 0
6922, 8338, 1, 4096, 0
6923, 6544, 1, 4096, 0
6924, 9035, 1, 4096, 0
6924, 5674, 1, 4096, 0
6924, 5252, 1, 4096, 0
6925, 10929, 1, 4096, 0
6925, 6958, 1, 4096, 0
6925, 7352, 1, 4096, 0
6926, 8729, 1, 4096, 0
6927, 9678, 1, 4096, 0
6927, 5412, 1, 4096, 0
6928, 8093, 1, 4096, 0
6928, 9532, 1, 4096, 0
6929, 8294, 1, 4096, 0
6929, 3918, 1, 4096, 0
6929, 8631, 1, 4096, 0
6930, 7900, 1, 4096, 0
6930, 5545, 1, 4096, 0
6931, 6055, 1, 4096, 0
6931, 8296, 1, 4096, 0
6932, 7037, 1, 4096, 0
6932, 8670, 1, 4096, 0
6932, 7537, 1, 4096, 0
6933, 8808, 1, 4096, 0
6933, 7434, 1, 4096, 0
6934, 5677, 1, 4096, 0
6934, 10434, 1, 4096, 0
6934, 8252, 1, 4096, 0
6935, 8700, 1, 4096, 0
6936, 9464, 1, 4096, 0
6936, 6289, 1, 4096, 0
6936, 4309, 1, 4096, 0
6937, 7474, 1, 4096, 0
6937, 13898, 1, 4096, 0
6937, 11003, 1, 4096, 0
6938, 8960, 1, 4096, 0
6938, 9010, 1, 4096, 0
6938, 8119, 1, 4096, 0
6939, 8633, 1, 4096, 0
6940, 7468, 1, 4096, 0
6940, 8751, 1, 4096, 0
6940, 11027, 1, 4096, 0
6941, 5322, 1, 4096, 0
6942, 8532, 1, 4096, 0
6942, 4643, 1, 4096, 0
6942, 3516, 1, 4096, 0
6943, 7535, 1, 4096, 0
6943, 6524, 1, 4096, 0
6943, 3607, 1, 4096, 0
6944, 10661, 1, 4096, 0
6944, 9721, 1, 4096, 0
6944, 11813, 1, 4096, 0
6945, 16996, 1, 4096, 0
6945, 8728, 1, 4096, 0
6946, 8852, 1, 4096, 0
6946, 9923, 1, 4096, 0
6946, 7525, 1, 4096, 0
6947, 11751, 1, 4096, 0
6947, 9198, 1, 4096, 0
6947, 5260, 1, 4096, 0
6948, 6070, 1, 4096, 0
6949, 4548, 1, 4096, 0
6949, 6984, 1, 4096, 0
6949, 8333, 1, 4096, 0
6950, 9434, 1, 4096, 0
6950, 6870, 1, 4096, 0
6951, 7058, 1, 4096, 0
6951, 9336, 1, 4096, 0
6951, 7537, 1, 4096, 0
6952, 7374, 1, 4096, 0
6952, 5478, 1, 4096, 0
6952, 3763, 1, 4096, 0
6953, 7419, 1, 4096, 0
6954, 11178, 1, 4096, 0
6954, 8435, 1, 4096, 0
6954, 9911, 1, 4096, 0
6955, 9246, 1, 4096, 0
6955, 11047, 1, 4096, 0
6955, 7919, 1, 4096, 0
6956, 9142, 1, 4096, 0
6957, 9865, 1, 4096, 0
6957, 3771, 1, 4096, 0
6957, 7762, 1, 4096, 0
6957, 4198, 1, 4096, 0
6957, 3425, 1, 4096, 0
6959, 9938, 1, 4096, 0
6959, 5121, 1, 4096, 0
6959, 6527, 1, 4096, 0
6960, 9274, 1, 4096, 0
6961, 9608, 1, 4096, 0
6961, 9206, 1, 4096, 0
6961, 7950, 1, 4096, 0
6962, 10194, 1, 4096, 0
6962, 11067, 1, 4096, 0
6962, 9945, 1, 4096, 0
6963, 15123, 1, 4096, 0
6964, 11018, 1, 4096, 0
6964, 10608, 1, 4096, 0
6964, 6047, 1, 4096, 0
6965, 6857, 1, 4096, 0
6965, 9489, 1, 4096, 0
6966, 5777, 1, 4096, 0
6966, 5021, 1, 4096, 0
6967, 11089, 1, 4096, 0
6967, 6252, 1, 4096, 0
6968, 10721, 1, 4096, 0
6968, 11029, 1, 4096, 0
6969, 7157, 1, 4096, 0
6969, 3644, 1, 4096, 0
6969, 9447, 1, 4096, 0
6969, 8843, 1, 4096, 0
6970, 4956, 1, 4096, 0
6970, 9383, 1, 4096, 0
6971, 4083, 1, 4096, 0
6972, 6643, 1, 4096, 0
6972, 8217, 1, 4096, 0
6972, 9467, 1, 4096, 0
6973, 6277, 1, 4096, 0
6973, 6358, 1, 4096, 0
6973, 8694, 1, 4096, 0
6974, 8665, 1, 4096, 0
6974, 8887, 1, 4096, 0
6975, 6093, 1, 4096, 0
6975, 14728, 1, 4096, 0
6975, 9897, 1, 4096, 0
6976, 6728, 1, 4096, 0
6977, 8094, 1, 4096, 0
6977, 7444, 1, 4096, 0
6978, 9465, 1, 4096, 0
6978, 17736, 1, 4096, 0
6978, 8966, 1, 4096, 0
6979, 7898, 1, 4096, 0
6979, 6861, 1, 4096, 0
6979, 5627, 1, 4096, 0
6980, 10016, 1, 4096, 0
6980, 6494, 1, 4096, 0
6981, 9709, 1, 4096, 0
6981, 9181, 1, 4096, 0
6981, 6007, 1, 4096, 0
6981, 9697, 1, 4096, 0
6982, 7850, 1, 4096, 0
6982, 8072, 1, 4096, 0
6983, 10707, 1, 4096, 0
6983, 6876, 1, 4096, 0
6984, 6827, 1, 4096, 0
6984, 6630, 1, 4096, 0
6984, 3797, 1, 4096, 0
6985, 6357, 1, 4096, 0
6985, 2777, 1, 4096, 0
6986, 9017, 1, 4096, 0
6987, 9317, 1, 4096, 0
6987, 3962, 1, 4096, 0
6987, 8031, 1, 4096, 0
6988, 8329, 1, 4096, 0
6988, 5522, 1, 4096, 0
6988, 4659, 1, 4096, 0
6989, 5331, 1, 4096, 0
6989, 5599, 1, 4096, 0
6990, 7129, 1, 4096, 0
6990, 4433, 1, 4096, 0
6990, 8034, 1, 4096, 0
6991, 4621, 1, 4096, 0
6991, 7765, 1, 4096, 0
6991, 10736, 1, 4096, 0
6992, 6057, 1, 4096, 0
6993, 11684, 1, 4096, 0
6993, 5338, 1, 4096, 0
6993, 10417, 1, 4096, 0
6994, 10050, 1, 4096, 0
6994, 10685, 1, 4096, 0
6995, 6619, 1, 4096, 0
6995, 9518, 1, 4096, 0
6995, 5875, 1, 4096, 0
6996, 7246, 1, 4096, 0
6996, 21163, 1, 4096, 0
6997, 10168, 1, 4096, 0
6997, 9306, 1, 4096, 0
6997, 6908, 1, 4096, 0
6998, 9441, 1, 4096, 0
6998, 6738, 1, 4096, 0
6999, 5544, 1, 4096, 0
6999, 10255, 1, 4096, 0
7000, 6522, 1, 4096, 0
7000, 6106, 1, 4096, 0
7000, 4824, 1, 4096, 0
7001, 12106, 1, 4096, 0
7001, 2449, 1, 4096, 0
7001, 9031, 1, 4096, 0
7002, 9582, 1, 4096, 0
7002, 7771, 1, 4096, 0
7002, 8580, 1, 4096, 0
7003, 7456, 1, 4096, 0
7003, 7197, 1, 4096, 0
7004, 11036, 1, 4096, 0
7004, 11096, 1, 4096, 0
7005, 5849, 1, 4096, 0
7005, 4946, 1, 4096, 0
7006, 7762, 1, 4096, 0
7006, 5936, 1, 4096, 0
7006, 7680, 1, 4096, 0
7007, 9732, 1, 4096, 0
7007, 3153, 1, 4096, 0
7007, 6063, 1, 4096, 0
7008, 8671, 1, 4096, 0
7008, 8185, 1, 4096, 0
7008, 9065, 1, 4096, 0
7009, 9935, 1, 4096, 0
7009, 11455, 1, 4096, 0
7010, 7958, 1, 4096, 0
7010, 7396, 1, 4096, 0
7010, 7735, 1, 4096, 0
7011, 5420, 1, 4096, 0
7012, 5963, 1, 4096, 0
7012, 4313, 1, 4096, 0
7012, 8276, 1, 4096, 0
7013, 6598, 1, 4096, 0
7013, 7623, 1, 4096, 0
7013, 15348, 1, 4096, 0
7014, 7648, 1, 4096, 0
7014, 10446, 1, 4096, 0
7014, 9663, 1, 4096, 0
7015, 10593, 1, 4096, 0
7015, 10352, 1, 4096, 0
7016, 11429, 1, 4096, 0
7016, 8158, 1, 4096, 0
7016, 5726, 1, 4096, 0
7017, 8938, 1, 4096, 0
7017, 8761, 1, 4096, 0
7017, 6251, 1, 4096, 0
7018, 10926, 1, 4096, 0
7018, 7472, 1, 4096, 0
7018, 4701, 1, 4096, 0
7019, 12264, 1, 4096, 0
7019, 7463, 1, 4096, 0
7020, 9090, 1, 4096, 0
7020, 4863, 1, 4096, 0
7021, 8829, 1, 4096, 0
7021, 4350, 1, 4096, 0
7022, 8720, 1, 4096, 0
7022, 8275, 1, 4096, 0
7022, 4103, 1, 4096, 0
7023, 10000, 1, 4096, 0
7023, 5311, 1, 4096, 0
7024, 6166, 1, 4096, 0
7025, 9003, 1, 4096, 0
7025, 11483, 1, 4096, 0
7025, 7198, 1, 4096, 0
7026, 9682, 1, 4096, 0
7026, 6393, 1, 4096, 0
7026, 6361, 1, 4096, 0
7027, 9355, 1, 4096, 0
7027, 9206, 1, 4096, 0
7027, 9391, 1, 4096, 0
7028, 6014, 1, 4096, 0
7029, 17091, 1, 4096, 0
7030, 9066, 1, 4096, 0
7030, 6262, 1, 4096, 0
7030, 13981, 1, 4096, 0
7031, 9294, 1, 4096, 0
7031, 21716, 1, 4096, 0
7032, 7775, 1, 4096, 0
7032, 8684, 1, 4096, 0
7032, 9544, 1, 4096, 0
7033, 5539, 1, 4096, 0
7033, 8154, 1, 4096, 0
7034, 9932, 1, 4096, 0
7034, 10539, 1, 4096, 0
7034, 3160, 1, 4096, 0
7034, 4848, 1, 4096, 0
7035, 8262, 1, 4096, 0
7035, 5280, 1, 4096, 0
7035, 3353, 1, 4096, 0
7036, 9374, 1, 4096, 0
7037, 3085, 1, 4096, 0
7037, 8402, 1, 4096, 0
7037, 8409, 1, 4096, 0
7038, 10036, 1, 4096, 0
7038, 10228, 1, 4096, 0
7039, 8099, 1, 4096, 0
7039, 5299, 1, 4096, 0
7039, 10284, 1, 4096, 0
7040, 19554, 1, 4096, 0
7040, 10611, 1, 4096, 0
7040, 6447, 1, 4096, 0
7041, 9400, 1, 4096, 0
7041, 4352, 1, 4096, 0
7042, 8803, 1, 4096, 0
7043, 10091, 1, 4096, 0
7043, 6091, 1, 4096, 0
7043, 5811, 1, 4096, 0
7044, 5875, 1, 4096, 0
7044, 11497, 1, 4096, 0
7044, 5068, 1, 4096, 0
7045, 9056, 1, 4096, 0
7045, 4552, 1, 4096, 0
7046, 5228, 1, 4096, 0
7046, 9286, 1, 4096, 0
7046, 3438, 1, 4096, 0
7047, 7254, 1, 4096, 0
7047, 9135, 1, 4096, 0
7048, 4096, 1, 4096, 0
7048, 6081, 1, 4096, 0
7049, 6713, 1, 4096, 0
7049, 6142, 1, 4096, 0
7049, 8683, 1, 4096, 0
7050, 5863, 1, 4096, 0
7050, 5748, 1, 4096, 0
7051, 4668, 1, 4096, 0
7051, 9599, 1, 4096, 0
7051, 8087, 1, 4096, 0
7052, 8843, 1, 4096, 0
7052, 8536, 1, 4096, 0
7053, 6078, 1, 4096, 0
7053, 6548, 1, 4096, 0
7053, 9577, 1, 4096, 0
7054, 6935, 1, 4096, 0
7054, 7460, 1, 4096, 0
7054, 6065, 1, 4096, 0
7055, 9236, 1, 4096, 0
7055, 8781, 1, 4096, 0
7056, 10146, 1, 4096, 0
7056, 9355, 1, 4096, 0
7057, 8983, 1, 4096, 0
7057, 9514, 1, 4096, 0
7057, 3755, 1, 4096, 0
7059, 7427, 1, 4096, 0
7059, 3563, 1, 4096, 0
7059, 3889, 1, 4096, 0
7060, 10097, 1, 4096, 0
7061, 6268, 1, 4096, 0
7061, 6910, 1, 4096, 0
7061, 9920, 1, 4096, 0
7062, 9821, 1, 4096, 0
7062, 6804, 1, 4096, 0
7062, 7434, 1, 4096, 0
7063, 6881, 1, 4096, 0
7063, 8784, 1, 4096, 0
7063, 5833, 1, 4096, 0
7064, 8904, 1, 4096, 0
7064, 8134, 1, 4096, 0
7064, 5804, 1, 4096, 0
7065, 9814, 1, 4096, 0
7066, 7394, 1, 4096, 0
7067, 9425, 1, 4096, 0
7067, 9311, 1, 4096, 0
7067, 5445, 1, 4096, 0
7067, 8471, 1, 4096, 0
7067, 9340, 1, 4096, 0
7068, 7430, 1, 4096, 0
7068, 3459, 1, 4096, 0
7069, 4407, 1, 4096, 0
7069, 10834, 1, 4096, 0
7070, 5573, 1, 4096, 0
7070, 8319, 1, 4096, 0
7070, 10656, 1, 4096, 0
7070, 7716, 1, 4096, 0
7071, 7979, 1, 4096, 0
7071, 6174, 1, 4096, 0
7071, 8265, 1, 4096, 0
7072, 7163, 1, 4096, 0
7072, 9420, 1, 4096, 0
7073, 8761, 1, 4096, 0
7073, 5989, 1, 4096, 0
7073, 3775, 1, 4096, 0
7074, 8954, 1, 4096, 0
7074, 9912, 1, 4096, 0
7074, 4085, 1, 4096, 0
7075, 5097, 1, 4096, 0
7076, 9205, 1, 4096, 0
7076, 5437, 1, 4096, 0
7076, 3336, 1, 4096, 0
7077, 7844, 1, 4096, 0
7078, 8245, 1, 4096, 0
7078, 8101, 1, 4096, 0
7079, 6630, 1, 4096, 0
7079, 6569, 1, 4096, 0
7080, 12371, 1, 4096, 0
7080, 7691, 1, 4096, 0
7080, 9453, 1, 4096, 0
7081, 6388, 1, 4096, 0
7081, 7890, 1, 4096, 0
7082, 7978, 1, 4096, 0
7082, 9662, 1, 4096, 0
7082, 14210, 1, 4096, 0
7083, 10769, 1, 4096, 0
7083, 4152, 1, 4096, 0
7083, 12680, 1, 4096, 0
7084, 6379, 1, 4096, 0
7084, 7717, 1, 4096, 0
7085, 9222, 1, 4096, 0
7085, 11055, 1, 4096, 0
7086, 5914, 1, 4096, 0
7086, 9320, 1, 4096, 0
7087, 8612, 1, 4096, 0
7087, 4398, 1, 4096, 0
7087, 12501, 1, 4096, 0
7088, 9188, 1, 4096, 0
7088, 7973, 1, 4096, 0
7088, 5649, 1, 4096, 0
7089, 9252, 1, 4096, 0
7089, 4832, 1, 4096, 0
7089, 3695, 1, 4096, 0
7090, 10307, 1, 4096, 0
7090, 7421, 1, 4096, 0
7091, 4985, 1, 4096, 0
7092, 7709, 1, 4096, 0
7092, 2398, 1, 4096, 0
7092, 6045, 1, 4096, 0
7093, 6498, 1, 4096, 0
7093, 5722, 1, 4096, 0
7094, 9469, 1, 4096, 0
7094, 9732, 1, 4096, 0
7095, 6616, 1, 4096, 0
7095, 8028, 1, 4096, 0
7096, 9929, 1, 4096, 0
7096, 7628, 1, 4096, 0
7096, 5570, 1, 4096, 0
7096, 5212, 1, 4096, 0
7097, 8040, 1, 4096, 0
7097, 9226, 1, 4096, 0
7097, 4675, 1, 4096, 0
7098, 9537, 1, 4096, 0
7098, 4101, 1, 4096, 0
7099, 10035, 1, 4096, 0
7100, 10168, 1, 4096, 0
7100, 4746, 1, 4096, 0
7100, 10754, 1, 4096, 0
7101, 8493, 1, 4096, 0
7102, 7384, 1, 4096, 0
7102, 5932, 1, 4096, 0
7102, 9664, 1, 4096, 0
7102, 3731, 1, 4096, 0
7103, 7791, 1, 4096, 0
7104, 10057, 1, 4096, 0
7104, 8480, 1, 4096, 0
7105, 6758, 1, 4096, 0
7105, 8114, 1, 4096, 0
7105, 6999, 1, 4096, 0
7106, 8976, 1, 4096, 0
7106, 16411, 1, 4096, 0
7107, 9703, 1, 4096, 0
7107, 11813, 1, 4096, 0
7108, 14152, 1, 4096, 0
7108, 3761, 1, 4096, 0
7109, 7395, 1, 4096, 0
7109, 10492, 1, 4096, 0
7109, 3099, 1, 4096, 0
7110, 4402, 1, 4096, 0
7111, 8600, 1, 4096, 0
7111, 5529, 1, 4096, 0
7111, 6170, 1, 4096, 0
7112, 9621, 1, 4096, 0
7112, 6601, 1, 4096, 0
7113, 10694, 1, 4096, 0
7113, 12464, 1, 4096, 0
7114, 8960, 1, 4096, 0
7114, 6458, 1, 4096, 0
7114, 7007, 1, 4096, 0
7115, 7876, 1, 4096, 0
7115, 5012, 1, 4096, 0
7115, 11526, 1, 4096, 0
7116, 10475, 1, 4096, 0
7117, 8405, 1, 4096, 0
7118, 8879, 1, 4096, 0
7118, 8934, 1, 4096, 0
7118, 7885, 1, 4096, 0
7119, 7213, 1, 4096, 0
7119, 11124, 1, 4096, 0
7119, 3169, 1, 4096, 0
7120, 9959, 1, 4096, 0
7120, 8417, 1, 4096, 0
7120, 5777, 1, 4096, 0
7122, 5796, 1, 4096, 0
7122, 2724, 1, 4096, 0
7122, 4575, 1, 4096, 0
7123, 10471, 1, 4096, 0
7123, 4454, 1, 4096, 0
7123, 3939, 1, 4096, 0
7124, 9725, 1, 4096, 0
7124, 8463, 1, 4096, 0
7125, 8359, 1, 4096, 0
7125, 11679, 1, 4096, 0
7126, 6947, 1, 4096, 0
7126, 8756, 1, 4096, 0
7127, 6004, 1, 4096, 0
7127, 11237, 1, 4096, 0
7127, 10324, 1, 4096, 0
7128, 7571, 1, 4096, 0
7128, 5129, 1, 4096, 0
7129, 11423, 1, 4096, 0
7130, 8629, 1, 4096, 0
7130, 3953, 1, 4096, 0
7131, 8301, 1, 4096, 0
7131, 10458, 1, 4096, 0
7131, 9086, 1, 4096, 0
7132, 9273, 1, 4096, 0
7132, 7406, 1, 4096, 0
7133, 9645, 1, 4096, 0
7133, 4575, 1, 4096, 0
7133, 8314, 1, 4096, 0
7134, 6454, 1, 4096, 0
7134, 10402, 1, 4096, 0
7134, 6563, 1, 4096, 0
7135, 8878, 1, 4096, 0
7136, 5774, 1, 4096, 0
7136, 9002, 1, 4096, 0
7137, 7916, 1, 4096, 0
7137, 7752, 1, 4096, 0
7137, 5153, 1, 4096, 0
7138, 7967, 1, 4096, 0
7138, 6352, 1, 4096, 0
7138, 10291, 1, 4096, 0
7139, 9052, 1, 4096, 0
7140, 8665, 1, 4096, 0
7140, 8117, 1, 4096, 0
7140, 6324, 1, 4096, 0
7141, 10755, 1, 4096, 0
7141, 11282, 1, 4096, 0
7141, 9429, 1, 4096, 0
7142, 8891, 1, 4096, 0
7143, 8568, 1, 4096, 0
7143, 9592, 1, 4096, 0
7143, 7783, 1, 4096, 0
7144, 7660, 1, 4096, 0
7144, 11424, 1, 4096, 0
7145, 6597, 1, 4096, 0
7145, 3603, 1, 4096, 0
7145, 8991, 1, 4096, 0
7146, 12622, 1, 4096, 0
7146, 10371, 1, 4096, 0
7146, 3098, 1, 4096, 0
7147, 5687, 1, 4096, 0
7148, 18949, 1, 4096, 0
7148, 4429, 1, 4096, 0
7148, 7477, 1, 4096, 0
7148, 4265, 1, 4096, 0
7149, 4709, 1, 4096, 0
7149, 2626, 1, 4096, 0
7149, 6488, 1, 4096, 0
7150, 10107, 1, 4096, 0
7150, 7380, 1, 4096, 0
7150, 2735, 1, 4096, 0
7151, 4218, 1, 4096, 0
7152, 7518, 1, 4096, 0
7152, 13819, 1, 4096, 0
7153, 7399, 1, 4096, 0
7153, 10858, 1, 4096, 0
7153, 7225, 1, 4096, 0
7155, 9763, 1, 4096, 0
7155, 7121, 1, 4096, 0
7155, 6219, 1, 4096, 0
7155, 2669, 1, 4096, 0
7156, 6803, 1, 4096, 0
7156, 6120, 1, 4096, 0
7156, 3278, 1, 4096, 0
7157, 10362, 1, 4096, 0
7157, 4224, 1, 4096, 0
7158, 6162, 1, 4096, 0
7158, 8368, 1, 4096, 0
7159, 10728, 1, 4096, 0
7159, 4215, 1, 4096, 0
7159, 4239, 1, 4096, 0
7160, 8166, 1, 4096, 0
7160, 10096, 1, 4096, 0
7161, 10590, 1, 4096, 0
7161, 5491, 1, 4096, 0
7162, 7255, 1, 4096, 0
7162, 3599, 1, 4096, 0
7162, 5220, 1, 4096, 0
7163, 5119, 1, 4096, 0
7163, 6305, 1, 4096, 0
7164, 6035, 1, 4096, 0
7164, 9370, 1, 4096, 0
7164, 12449, 1, 4096, 0
7165, 9577, 1, 4096, 0
7165, 7659, 1, 4096, 0
7166, 9156, 1, 4096, 0
7166, 9997, 1, 4096, 0
7167, 8299, 1, 4096, 0
7167, 5155, 1, 4096, 0
7167, 9127, 1, 4096, 0
7168, 7679, 1, 4096, 0
7168, 6900, 1, 4096, 0
7169, 3599, 1, 4096, 0
7169, 8766, 1, 4096, 0
7169, 8457, 1, 4096, 0
7170, 6373, 1, 4096, 0
7170, 5018, 1, 4096, 0
7171, 5654, 1, 4096, 0
7171, 9164, 1, 4096, 0
7171, 4921, 1, 4096, 0
7172, 7093, 1, 4096, 0
7172, 5881, 1, 4096, 0
7172, 10854, 1, 4096, 0
7173, 8272, 1, 4096, 0
7173, 9354, 1, 4096, 0
7174, 7969, 1, 4096, 0
7174, 3307, 1, 4096, 0
7174, 8791, 1, 4096, 0
7175, 5130, 1, 4096, 0
7175, 10023, 1, 4096, 0
7175, 4777, 1, 4096, 0
7176, 9929, 1, 4096, 0
7176, 2637, 1, 4096, 0
7176, 4220, 1, 4096, 0
7177, 10675, 1, 4096, 0
7178, 5561, 1, 4096, 0
7178, 4949, 1, 4096, 0
7178, 6389, 1, 4096, 0
7179, 5486, 1, 4096, 0
7179, 9084, 1, 4096, 0
7179, 8307, 1, 4096, 0
7180, 10335, 1, 4096, 0
7180, 6739, 1, 4096, 0
7180, 6720, 1, 4096, 0
7181, 7931, 1, 4096, 0
7182, 7755, 1, 4096, 0
7182, 9491, 1, 4096, 0
7183, 11345, 1, 4096, 0
7183, 8866, 1, 4096, 0
7183, 5387, 1, 4096, 0
7184, 22402, 1, 4096, 0
7184, 6700, 1, 4096, 0
7185, 7516, 1, 4096, 0
7185, 7498, 1, 4096, 0
7185, 6332, 1, 4096, 0
7186, 6895, 1, 4096, 0
7186, 6894, 1, 4096, 0
7187, 6097, 1, 4096, 0
7187, 3741, 1, 4096, 0
7188, 6889, 1, 4096, 0
7188, 5830, 1, 4096, 0
7188, 10595, 1, 4096, 0
7189, 8267, 1, 4096, 0
7189, 5306, 1, 4096, 0
7189, 4814, 1, 4096, 0
7190, 8125, 1, 4096, 0
7191, 7664, 1, 4096, 0
7191, 7236, 1, 4096, 0
7192, 6296, 1, 4096, 0
7192, 8316, 1, 4096, 0
7192, 6364, 1, 4096, 0
7193, 7205, 1, 4096, 0
7193, 9825, 1, 4096, 0
7194, 9741, 1, 4096, 0
7194, 4501, 1, 4096, 0
7194, 9350, 1, 4096, 0
7195, 7250, 1, 4096, 0
7195, 10452, 1, 4096, 0
7196, 7286, 1, 4096, 0
7196, 8317, 1, 4096, 0
7197, 9193, 1, 4096, 0
7197, 6605, 1, 4096, 0
7198, 11011, 1, 4096, 0
7198, 9039, 1, 4096, 0
7198, 4637, 1, 4096, 0
7199, 9215, 1, 4096, 0
7199, 7209, 1, 4096, 0
7199, 10003, 1, 4096, 0
7200, 6730, 1, 4096, 0
7201, 8925, 1, 4096, 0
7201, 7820, 1, 4096, 0
7201, 8583, 1, 4096, 0
7202, 8759, 1, 4096, 0
7202, 7720, 1, 4096, 0
7202, 6379, 1, 4096, 0
7203, 6905, 1, 4096, 0
7203, 6734, 1, 4096, 0
7204, 6082, 1, 4096, 0
7204, 6734, 1, 4096, 0
7205, 8088, 1, 4096, 0
7205, 11356, 1, 4096, 0
7206, 7263, 1, 4096, 0
7206, 8354, 1, 4096, 0
7206, 10192, 1, 4096, 0
7207, 9497, 1, 4096, 0
7207, 4466, 1, 4096, 0
7208, 12151, 1, 4096, 0
7208, 9177, 1, 4096, 0
7208, 5399, 1, 4096, 0
7209, 8906, 1, 4096, 0
7209, 9544, 1, 4096, 0
7210, 4933, 1, 4096, 0
7210, 7942, 1, 4096, 0
7211, 5868, 1, 4096, 0
7211, 8203, 1, 4096, 0
7212, 5012, 1, 4096, 0
7212, 8495, 1, 4096, 0
7212, 5640, 1, 4096, 0
7213, 7207, 1, 4096, 0
7214, 9337, 1, 4096, 0
7214, 7886, 1, 4096, 0
7214, 9319, 1, 4096, 0
7214, 8570, 1, 4096, 0
7215, 9502, 1, 4096, 0
7215, 9417, 1, 4096, 0
7216, 8956, 1, 4096, 0
7217, 7748, 1, 4096, 0
7217, 9652, 1, 4096, 0
7217, 2566, 1, 4096, 0
7218, 10483, 1, 4096, 0
7218, 6466, 1, 4096, 0
7219, 4388, 1, 4096, 0
7219, 9193, 1, 4096, 0
7219, 6974, 1, 4096, 0
7220, 9276, 1, 4096, 0
7221, 10531, 1, 4096, 0
7221, 9388, 1, 4096, 0
7222, 6907, 1, 4096, 0
7222, 4697, 1, 4096, 0
7223, 4661, 1, 4096, 0
7223, 7049, 1, 4096, 0
7223, 5786, 1, 4096, 0
7223, 7148, 1, 4096, 0
7224, 7414, 1, 4096, 0
7224, 7620, 1, 4096, 0
7225, 9704, 1, 4096, 0
7225, 10747, 1, 4096, 0
7225, 8606, 1, 4096, 0
7226, 9860, 1, 4096, 0
7226, 10732, 1, 4096, 0
7226, 6726, 1, 4096, 0
7227, 14566, 1, 4096, 0
7227, 4041, 1, 4096, 0
7228, 5867, 1, 4096, 0
7228, 9400, 1, 4096, 0
7229, 7342, 1, 4096, 0
7229, 9383, 1, 4096, 0
7229, 5651, 1, 4096, 0
7230, 6045, 1, 4096, 0
7230, 6885, 1, 4096, 0
7231, 12919, 1, 4096, 0
7231, 6181, 1, 4096, 0
7231, 12649, 1, 4096, 0
7232, 9374, 1, 4096, 0
7232, 9896, 1, 4096, 0
7233, 6886, 1, 4096, 0
7233, 22674, 1, 4096, 0
7233, 5434, 1, 4096, 0
7234, 7184, 1, 4096, 0
7234, 11241, 1, 4096, 0
7234, 5899, 1, 4096, 0
7235, 8300, 1, 4096, 0
7236, 5373, 1, 4096, 0
7236, 7630, 1, 4096, 0
7237, 7588, 1, 4096, 0
7237, 3772, 1, 4096, 0
7237, 9357, 1, 4096, 0
7238, 5249, 1, 4096, 0
7238, 6663, 1, 4096, 0
7238, 5140, 1, 4096, 0
7239, 8526, 1, 4096, 0
7240, 4047, 1, 4096, 0
7240, 4196, 1, 4096, 0
7241, 7924, 1, 4096, 0
7241, 2297, 1, 4096, 0
7241, 5034, 1, 4096, 0
7242, 10960, 1, 4096, 0
7242, 8969, 1, 4096, 0
7242, 5799, 1, 4096, 0
7243, 9490, 1, 4096, 0
7243, 8443, 1, 4096, 0
7244, 8376, 1, 4096, 0
7244, 5948, 1, 4096, 0
7244, 5638, 1, 4096, 0
7245, 5985, 1, 4096, 0
7246, 6308, 1, 4096, 0
7246, 3613, 1, 4096, 0
7246, 10544, 1, 4096, 0
7247, 8337, 1, 4096, 0
7248, 7341, 1, 4096, 0
7248, 7768, 1, 4096, 0
7248, 7932, 1, 4096, 0
7249, 9697, 1, 4096, 0
7249, 8701, 1, 4096, 0
7249, 6468, 1, 4096, 0
7250, 7689, 1, 4096, 0
7251, 10381, 1, 4096, 0
7251, 8053, 1, 4096, 0
7251, 9415, 1, 4096, 0
7252, 7588, 1, 4096, 0
7252, 1907, 1, 4096, 0
7253, 4121, 1, 4096, 0
7254, 8291, 1, 4096, 0
7254, 4277, 1, 4096, 0
7254, 7703, 1, 4096, 0
7255, 8285, 1, 4096, 0
7255, 5373, 1, 4096, 0
7256, 4496, 1, 4096, 0
7256, 9321, 1, 4096, 0
7257, 10992, 1, 4096, 0
7257, 7262, 1, 4096, 0
7257, 8567, 1, 4096, 0
7258, 9000, 1, 4096, 0
7258, 8616, 1, 4096, 0
7259, 8358, 1, 4096, 0
7259, 8167, 1, 4096, 0
7260, 10926, 1, 4096, 0
7260, 9742, 1, 4096, 0
7261, 9947, 1, 4096, 0
7261, 6543, 1, 4096, 0
7262, 8190, 1, 4096, 0
7262, 7231, 1, 4096, 0
7262, 7832, 1, 4096, 0
7263, 3506, 1, 4096, 0
7263, 10119, 1, 4096, 0
7264, 9074, 1, 4096, 0
7264, 5269, 1, 4096, 0
7264, 6592, 1, 4096, 0
7265, 8680, 1, 4096, 0
7265, 8082, 1, 4096, 0
7266, 7686, 1, 4096, 0
7266, 8349, 1, 4096, 0
7266, 8364, 1, 4096, 0
7268, 7163, 1, 4096, 0
7268, 8038, 1, 4096, 0
7268, 4679, 1, 4096, 0
7269, 7651, 1, 4096, 0
7269, 7076, 1, 4096, 0
7269, 4105, 1, 4096, 0
7270, 11075, 1, 4096, 0
7270, 9366, 1, 4096, 0
7271, 6951, 1, 4096, 0
7271, 4266, 1, 4096, 0
7272, 8343, 1, 4096, 0
7272, 11100, 1, 4096, 0
7272, 4333, 1, 4096, 0
7273, 13942, 1, 4096, 0
7273, 6199, 1, 4096, 0
7273, 7575, 1, 4096, 0
7274, 8589, 1, 4096, 0
7274, 7337, 1, 4096, 0
7274, 12512, 1, 4096, 0
7275, 7360, 1, 4096, 0
7275, 10272, 1, 4096, 0
7276, 9576, 1, 4096, 0
7276, 9148, 1, 4096, 0
7277, 7843, 1, 4096, 0
7277, 5344, 1, 4096, 0
7278, 6764, 1, 4096, 0
7278, 7114, 1, 4096, 0
7279, 8877, 1, 4096, 0
7279, 5476, 1, 4096, 0
7280, 7522, 1, 4096, 0
7280, 6227, 1, 4096, 0
7281, 8240, 1, 4096, 0
7281, 3528, 1, 4096, 0
7281, 7346, 1, 4096, 0
7282, 9873, 1, 4096, 0
7282, 8459, 1, 4096, 0
7282, 8245, 1, 4096, 0
7283, 6463, 1, 4096, 0
7283, 6255, 1, 4096, 0
7284, 10067, 1, 4096, 0
7284, 5362, 1, 4096, 0
7285, 8506, 1, 4096, 0
7285, 8606, 1, 4096, 0
7286, 7001, 1, 4096, 0
7286, 5270, 1, 4096, 0
7287, 11860, 1, 4096, 0
7287, 2908, 1, 4096, 0
7287, 4991, 1, 4096, 0
7288, 8279, 1, 4096, 0
7288, 5045, 1, 4096, 0
7288, 6358, 1, 4096, 0
7289, 5403, 1, 4096, 0
7290, 6821, 1, 4096, 0
7290, 10158, 1, 4096, 0
7291, 5566, 1, 4096, 0
7292, 4091, 1, 4096, 0
7292, 7185, 1, 4096, 0
7292, 2932, 1, 4096, 0
7293, 10203, 1, 4096, 0
7293, 5622, 1, 4096, 0
7293, 11430, 1, 4096, 0
7294, 9439, 1, 4096, 0
7294, 5563, 1, 4096, 0
7295, 6660, 1, 4096, 0
7295, 10287, 1, 4096, 0
7296, 8816, 1, 4096, 0
7296, 9008, 1, 4096, 0
7296, 6700, 1, 4096, 0
7297, 9860, 1, 4096, 0
7298, 9847, 1, 4096, 0
7298, 9671, 1, 4096, 0
7298, 5309, 1, 4096, 0
7299, 7939, 1, 4096, 0
7299, 9693, 1, 4096, 0
7299, 9165, 1, 4096, 0
7300, 7675, 1, 4096, 0
7300, 13608, 1, 4096, 0
7301, 9015, 1, 4096, 0
7301, 11638, 1, 4096, 0
7301, 7729, 1, 4096, 0
7302, 8560, 1, 4096, 0
7302, 6908, 1, 4096, 0
7302, 11775, 1, 4096, 0
7303, 8772, 1, 4096, 0
7303, 8743, 1, 4096, 0
7303, 3088, 1, 4096, 0
7304, 8638, 1, 4096, 0
7304, 8688, 1, 4096, 0
7305, 6100, 1, 4096, 0
7305, 8548, 1, 4096, 0
7306, 10135, 1, 4096, 0
7306, 2332, 1, 4096, 0
7307, 8168, 1, 4096, 0
7307, 11099, 1, 4096, 0
7307, 8504, 1, 4096, 0
7308, 6909, 1, 4096, 0
7309, 8511, 1, 4096, 0
7309, 8014, 1, 4096, 0
7309, 9690, 1, 4096, 0
7310, 8379, 1, 4096, 0
7310, 8201, 1, 4096, 0
7310, 7359, 1, 4096, 0
7311, 4423, 1, 4096, 0
7311, 3558, 1, 4096, 0
7312, 13502, 1, 4096, 0
7312, 9874, 1, 4096, 0
7312, 2983, 1, 4096, 0
7313, 9883, 1, 4096, 0
7313, 5627, 1, 4096, 0
7314, 10792, 1, 4096, 0
7314, 4908, 1, 4096, 0
7314, 3137, 1, 4096, 0
7315, 4124, 1, 4096, 0
7315, 11781, 1, 4096, 0
7316, 6184, 1, 4096, 0
7316, 10327, 1, 4096, 0
7317, 10885, 1, 4096, 0
7317, 7506, 1, 4096, 0
7317, 9082, 1, 4096, 0
7318, 8445, 1, 4096, 0
7318, 6754, 1, 4096, 0
7318, 8790, 1, 4096, 0
7319, 10195, 1, 4096, 0
7319, 6805, 1, 4096, 0
7320, 4789, 1, 4096, 0
7320, 7996, 1, 4096, 0
7321, 10971, 1, 4096, 0
7321, 7787, 1, 4096, 0
7321, 6239, 1, 4096, 0
7322, 9606, 1, 4096, 0
7322, 8607, 1, 4096, 0
7323, 6023, 1, 4096, 0
7323, 8377, 1, 4096, 0
7324, 8699, 1, 4096, 0
7324, 6817, 1, 4096, 0
7324, 9465, 1, 4096, 0
7325, 7648, 1, 4096, 0
7325, 3762, 1, 4096, 0
7326, 8800, 1, 4096, 0
7326, 2997, 1, 4096, 0
7326, 6261, 1, 4096, 0
7327, 6114, 1, 4096, 0
7327, 8495, 1, 4096, 0
7328, 7975, 1, 4096, 0
7329, 10536, 1, 4096, 0
7329, 7856, 1, 4096, 0
7329, 6261, 1, 4096, 0
7330, 9288, 1, 4096, 0
7330, 5833, 1, 4096, 0
7331, 9369, 1, 4096, 0
7332, 9676, 1, 4096, 0
7332, 14503, 1, 4096, 0
7333, 6165, 1, 4096, 0
7333, 8487, 1, 4096, 0
7333, 17205, 1, 4096, 0
7334, 7768, 1, 4096, 0
7334, 6823, 1, 4096, 0
7334, 4097, 1, 4096, 0
7335, 3484, 1, 4096, 0
7336, 4939, 1, 4096, 0
7337, 14237, 1, 4096, 0
7337, 5103, 1, 4096, 0
7337, 11181, 1, 4096, 0
7338, 8366, 1, 4096, 0
7339, 4646, 1, 4096, 0
7339, 8063, 1, 4096, 0
7340, 5907, 1, 4096, 0
7341, 6817, 1, 4096, 0
7341, 2771, 1, 4096, 0
7341, 9369, 1, 4096, 0
7342, 6757, 1, 4096, 0
7342, 2925, 1, 4096, 0
7342, 10557, 1, 4096, 0
7343, 7204, 1, 4096, 0
7343, 3599, 1, 4096, 0
7344, 5183, 1, 4096, 0
7344, 10039, 1, 4096, 0
7344, 9251, 1, 4096, 0
7344, 7142, 1, 4096, 0
7345, 8163, 1, 4096, 0
7345, 8214, 1, 4096, 0
7346, 8326, 1, 4096, 0
7346, 9723, 1, 4096, 0
7347, 6126, 1, 4096, 0
7347, 8350, 1, 4096, 0
7348, 5419, 1, 4096, 0
7348, 6275, 1, 4096, 0
7348, 7964, 1, 4096, 0
7349, 12915, 1, 4096, 0
7349, 8105, 1, 4096, 0
7349, 3917, 1, 4096, 0
7350, 9691, 1, 4096, 0
7350, 6579, 1, 4096, 0
7350, 10832, 1, 4096, 0
7351, 6116, 1, 4096, 0
7352, 9969, 1, 4096, 0
7352, 5746, 1, 4096, 0
7352, 4388, 1, 4096, 0
7353, 9727, 1, 4096, 0
7353, 7675, 1, 4096, 0
7354, 7831, 1, 4096, 0
7354, 3721, 1, 4096, 0
7354, 8053, 1, 4096, 0
7355, 11214, 1, 4096, 0
7355, 7154, 1, 4096, 0
7356, 9584, 1, 4096, 0
7357, 10120, 1, 4096, 0
7357, 4679, 1, 4096, 0
7358, 9090, 1, 4096, 0
7358, 8126, 1, 4096, 0
7358, 4237, 1, 4096, 0
7358, 7510, 1, 4096, 0
7359, 6080, 1, 4096, 0
7360, 10139, 1, 4096, 0
7361, 4871, 1, 4096, 0
7361, 3998, 1, 4096, 0
7361, 7947, 1, 4096, 0
7362, 7777, 1, 4096, 0
7362, 8062, 1, 4096, 0
7363, 7637, 1, 4096, 0
7363, 9045, 1, 4096, 0
7364, 7425, 1, 4096, 0
7364, 11717, 1, 4096, 0
7365, 10425, 1, 4096, 0
7365, 7480, 1, 4096, 0
7365, 8989, 1, 4096, 0
7366, 9773, 1, 4096, 0
7366, 5234, 1, 4096, 0
7366, 4374, 1, 4096, 0
7367, 23096, 1, 4096, 0
7367, 6227, 1, 4096, 0
7368, 6673, 1, 4096, 0
7368, 6474, 1, 4096, 0
7368, 5495, 1, 4096, 0
7369, 8166, 1, 4096, 0
7370, 5172, 1, 4096, 0
7370, 6468, 1, 4096, 0
7370, 9785, 1, 4096, 0
7371, 7622, 1, 4096, 0
7371, 7028, 1, 4096, 0
7371, 4365, 1, 4096, 0
7372, 10994, 1, 4096, 0
7372, 7356, 1, 4096, 0
7372, 5679, 1, 4096, 0
7373, 5071, 1, 4096, 0
7373, 6989, 1, 4096, 0
7374, 4961, 1, 4096, 0
7375, 5983, 1, 4096, 0
7375, 9640, 1, 4096, 0
7375, 8986, 1, 4096, 0
7376, 6868, 1, 4096, 0
7377, 10588, 1, 4096, 0
7377, 5963, 1, 4096, 0
7378, 11542, 1, 4096, 0
7378, 7204, 1, 4096, 0
7378, 5956, 1, 4096, 0
7379, 10261, 1, 4096, 0
7379, 9787, 1, 4096, 0
7379, 13655, 1, 4096, 0
7380, 8471, 1, 4096, 0
7380, 3707, 1, 4096, 0
7381, 10412, 1, 4096, 0
7381, 9791, 1, 4096, 0
7381, 9988, 1, 4096, 0
7382, 7024, 1, 4096, 0
7382, 6603, 1, 4096, 0
7382, 7522, 1, 4096, 0
7384, 6991, 1, 4096, 0
7384, 2932, 1, 4096, 0
7384, 7593, 1, 4096, 0
7385, 8787, 1, 4096, 0
7385, 6132, 1, 4096, 0
7385, 6161, 1, 4096, 0
7386, 8450, 1, 4096, 0
7387, 7923, 1, 4096, 0
7387, 8359, 1, 4096, 0
7387, 6884, 1, 4096, 0
7388, 9497, 1, 4096, 0
7388, 9676, 1, 4096, 0
7389, 9837, 1, 4096, 0
7389, 9128, 1, 4096, 0
7389, 9080, 1, 4096, 0
7390, 8107, 1, 4096, 0
7390, 3970, 1, 4096, 0
7390, 7620, 1, 4096, 0
7391, 11000, 1, 4096, 0
7391, 9958, 1, 4096, 0
7391, 6921, 1, 4096, 0
7392, 8978, 1, 4096, 0
7392, 5149, 1, 4096, 0
7393, 4078, 1, 4096, 0
7394, 6009, 1, 4096, 0
7394, 2779, 1, 4096, 0
7395, 6414, 1, 4096, 0
7395, 9539, 1, 4096, 0
7395, 7981, 1, 4096, 0
7396, 7455, 1, 4096, 0
7396, 8830, 1, 4096, 0
7396, 8119, 1, 4096, 0
7397, 16107, 1, 4096, 0
7397, 5934, 1, 4096, 0
7398, 6208, 1, 4096, 0
7398, 11146, 1, 4096, 0
7398, 6426, 1, 4096, 0
7399, 8265, 1, 4096, 0
7399, 10866, 1, 4096, 0
7400, 6428, 1, 4096, 0
7400, 11609, 1, 4096, 0
7400, 9378, 1, 4096, 0
7401, 7850, 1, 4096, 0
7401, 9434, 1, 4096, 0
7402, 10095, 1, 4096, 0
7402, 2696, 1, 4096, 0
7402, 12202, 1, 4096, 0
7403, 8302, 1, 4096, 0
7404, 10213, 1, 4096, 0
7404, 2667, 1, 4096, 0
7404, 11657, 1, 4096, 0
7405, 10027, 1, 4096, 0
7405, 8169, 1, 4096, 0
7406, 6951, 1, 4096, 0
7406, 4667, 1, 4096, 0
7407, 4630, 1, 4096, 0
7407, 5915, 1, 4096, 0
7407, 8851, 1, 4096, 0
7408, 7188, 1, 4096, 0
7408, 7755, 1, 4096, 0
7409, 6136, 1, 4096, 0
7409, 6159, 1, 4096, 0
7409, 7761, 1, 4096, 0
7410, 5422, 1, 4096, 0
7410, 4049, 1, 4096, 0
7410, 7813, 1, 4096, 0
7411, 7415, 1, 4096, 0
7411, 4893, 1, 4096, 0
7411, 3881, 1, 4096, 0
7412, 7053, 1, 4096, 0
7413, 6233, 1, 4096, 0
7413, 3290, 1, 4096, 0
7414, 10269, 1, 4096, 0
7414, 8634, 1, 4096, 0
7414, 4166, 1, 4096, 0
7415, 8002, 1, 4096, 0
7415, 9881, 1, 4096, 0
7415, 9825, 1, 4096, 0
7416, 9955, 1, 4096, 0
7416, 6388, 1, 4096, 0
7416, 8325, 1, 4096, 0
7418, 9377, 1, 4096, 0
7418, 4923, 1, 4096, 0
7418, 21474, 1, 4096, 0
7419, 5654, 1, 4096, 0
7419, 2278, 1, 4096, 0
7419, 8419, 1, 4096, 0
7420, 10559, 1, 4096, 0
7420, 8694, 1, 4096, 0
7420, 11431, 1, 4096, 0
7421, 6649, 1, 4096, 0
7421, 9677, 1, 4096, 0
7422, 3024, 1, 4096, 0
7422, 9119, 1, 4096, 0
7423, 13459, 1, 4096, 0
7423, 6761, 1, 4096, 0
7424, 8043, 1, 4096, 0
7425, 8984, 1, 4096, 0
7425, 15121, 1, 4096, 0
7426, 5505, 1, 4096, 0
7427, 8914, 1, 4096, 0
7427, 9126, 1, 4096, 0
7428, 4644, 1, 4096, 0
7428, 5201, 1, 4096, 0
7429, 10205, 1, 4096, 0
7429, 11026, 1, 4096, 0
7430, 11735, 1, 4096, 0
7430, 3309, 1, 4096, 0
7430, 11187, 1, 4096, 0
7431, 10835, 1, 4096, 0
7431, 8230, 1, 4096, 0
7431, 8512, 1, 4096, 0
7432, 7666, 1, 4096, 0
7432, 2924, 1, 4096, 0
7433, 9204, 1, 4096, 0
7433, 6846, 1, 4096, 0
7434, 8928, 1, 4096, 0
7435, 10187, 1, 4096, 0
7435, 7358, 1, 4096, 0
7435, 4642, 1, 4096, 0
7436, 10072, 1, 4096, 0
7436, 3683, 1, 4096, 0
7436, 8137, 1, 4096, 0
7437, 10509, 1, 4096, 0
7437, 7366, 1, 4096, 0
7438, 8414, 1, 4096, 0
7438, 9471, 1, 4096, 0
7439, 8369, 1, 4096, 0
7439, 8399, 1, 4096, 0
7440, 5213, 1, 4096, 0
7440, 6750, 1, 4096, 0
7441, 7445, 1, 4096, 0
7441, 6885, 1, 4096, 0
7441, 8522, 1, 4096, 0
7442, 8458, 1, 4096, 0
7442, 9216, 1, 4096, 0
7443, 9390, 1, 4096, 0
7443, 12073, 1, 4096, 0
7444, 6046, 1, 4096, 0
7444, 4271, 1, 4096, 0
7444, 11405, 1, 4096, 0
7445, 7478, 1, 4096, 0
7445, 6329, 1, 4096, 0
7446, 4573, 1, 4096, 0
7446, 11002, 1, 4096, 0
7447, 7705, 1, 4096, 0
7447, 5263, 1, 4096, 0
7447, 4279, 1, 4096, 0
7448, 7789, 1, 4096, 0
7448, 6022, 1, 4096, 0
7448, 4870, 1, 4096, 0
7449, 8431, 1, 4096, 0
7449, 5917, 1, 4096, 0
7450, 8601, 1, 4096, 0
7450, 9225, 1, 4096, 0
7450, 5295, 1, 4096, 0
7451, 4254, 1, 4096, 0
7452, 8294, 1, 4096, 0
7452, 9924, 1, 4096, 0
7452, 10907, 1, 4096, 0
7453, 7471, 1, 4096, 0
7453, 4007, 1, 4096, 0
7453, 8668, 1, 4096, 0
7454, 5832, 1, 4096, 0
7454, 6447, 1, 4096, 0
7455, 7933, 1, 4096, 0
7455, 5520, 1, 4096, 0
7455, 6634, 1, 4096, 0
7456, 5674, 1, 4096, 0
7456, 5589, 1, 4096, 0
7457, 12223, 1, 4096, 0
7457, 11010, 1, 4096, 0
7457, 15168, 1, 4096, 0
7458, 10298, 1, 4096, 0
7459, 7652, 1, 4096, 0
7459, 6396, 1, 4096, 0
7459, 7504, 1, 4096, 0
7460, 9650, 1, 4096, 0
7460, 5532, 1, 4096, 0
7461, 4549, 1, 4096, 0
7461, 9714, 1, 4096, 0
7462, 6059, 1, 4096, 0
7462, 9302, 1, 4096, 0
7462, 6773, 1, 4096, 0
7463, 9267, 1, 4096, 0
7463, 2956, 1, 4096, 0
7464, 8933, 1, 4096, 0
7465, 8760, 1, 4096, 0
7465, 5608, 1, 4096, 0
7465, 11168, 1, 4096, 0
7465, 5466, 1, 4096, 0
7466, 5953, 1, 4096, 0
7467, 9516, 1, 4096, 0
7467, 8391, 1, 4096, 0
7467, 5391, 1, 4096, 0
7468, 9275, 1, 4096, 0
7468, 4066, 1, 4096, 0
7469, 6012, 1, 4096, 0
7469, 6758, 1, 4096, 0
7469, 10745, 1, 4096, 0
7469, 3576, 1, 4096, 0
7470, 8564, 1, 4096, 0
7470, 6128, 1, 4096, 0
7471, 8636, 1, 4096, 0
7471, 7857, 1, 4096, 0
7471, 9176, 1, 4096, 0
7472, 19529, 1, 4096, 0
7472, 7692, 1, 4096, 0
7473, 9018, 1, 4096, 0
7473, 5837, 1, 4096, 0
7474, 7763, 1, 4096, 0
7474, 10531, 1, 4096, 0
7475, 10045, 1, 4096, 0
7475, 9044, 1, 4096, 0
7476, 11608, 1, 4096, 0
7476, 5826, 1, 4096, 0
7476, 8636, 1, 4096, 0
7477, 9924, 1, 4096, 0
7477, 4169, 1, 4096, 0
7477, 5796, 1, 4096, 0
7478, 6905, 1, 4096, 0
7478, 7043, 1, 4096, 0
7478, 6598, 1, 4096, 0
7479, 7630, 1, 4096, 0
7479, 3012, 1, 4096, 0
7479, 6700, 1, 4096, 0
7480, 10637, 1, 4096, 0
7481, 8347, 1, 4096, 0
7481, 8200, 1, 4096, 0
7482, 10108, 1, 4096, 0
7482, 4497, 1, 4096, 0
7482, 4634, 1, 4096, 0
7483, 7278, 1, 4096, 0
7484, 12508, 1, 4096, 0
7484, 3761, 1, 4096, 0
7485, 7438, 1, 4096, 0
7486, 9769, 1, 4096, 0
7486, 7271, 1, 4096, 0
7486, 3550, 1, 4096, 0
7487, 7353, 1, 4096, 0
7488, 7233, 1, 4096, 0
7488, 10194, 1, 4096, 0
7488, 5841, 1, 4096, 0
7489, 7499, 1, 4096, 0
7489, 4829, 1, 4096, 0
7489, 6486, 1, 4096, 0
7490, 9454, 1, 4096, 0
7490, 3530, 1, 4096, 0
7490, 11517, 1, 4096, 0
7491, 6745, 1, 4096, 0
7491, 9641, 1, 4096, 0
7492, 12321, 1, 4096, 0
7493, 6518, 1, 4096, 0
7493, 8121, 1, 4096, 0
7493, 9930, 1, 4096, 0
7494, 5737, 1, 4096, 0
7494, 9718, 1, 4096, 0
7495, 8145, 1, 4096, 0
7495, 8446, 1, 4096, 0
7495, 9132, 1, 4096, 0
7496, 8931, 1, 4096, 0
7496, 6362, 1, 4096, 0
7497, 7046, 1, 4096, 0
7497, 8345, 1, 4096, 0
7498, 5835, 1, 4096, 0
7498, 4386, 1, 4096, 0
7499, 10255, 1, 4096, 0
7499, 17636, 1, 4096, 0
7499, 9622, 1, 4096, 0
7500, 15332, 1, 4096, 0
7500, 5257, 1, 4096, 0
7500, 10810, 1, 4096, 0
7501, 6181, 1, 4096, 0
7501, 3800, 1, 4096, 0
7502, 4960, 1, 4096, 0
7502, 4851, 1, 4096, 0
7503, 5230, 1, 4096, 0
7503, 9023, 1, 4096, 0
7504, 5829, 1, 4096, 0
7504, 10297, 1, 4096, 0
7505, 8126, 1, 4096, 0
7505, 7124, 1, 4096, 0
7505, 9037, 1, 4096, 0
7506, 8998, 1, 4096, 0
7506, 4540, 1, 4096, 0
7506, 7782, 1, 4096, 0
7507, 9466, 1, 4096, 0
7508, 8424, 1, 4096, 0
7508, 5254, 1, 4096, 0
7508, 8398, 1, 4096, 0
7509, 6976, 1, 4096, 0
7509, 7714, 1, 4096, 0
7509, 7515, 1, 4096, 0
7510, 9942, 1, 4096, 0
7511, 13298, 1, 4096, 0
7511, 3262, 1, 4096, 0
7511, 7268, 1, 4096, 0
7512, 9087, 1, 4096, 0
7512, 7840, 1, 4096, 0
7513, 8819, 1, 4096, 0
7513, 3116, 1, 4096, 0
7513, 6952, 1, 4096, 0
7514, 7698, 1, 4096, 0
7514, 10247, 1, 4096, 0
7515, 3512, 1, 4096, 0
7515, 6323, 1, 4096, 0
7515, 5137, 1, 4096, 0
7516, 4212, 1, 4096, 0
7516, 11315, 1, 4096, 0
7516, 4352, 1, 4096, 0
7517, 7788, 1, 4096, 0
7517, 6844, 1, 4096, 0
7518, 7539, 1, 4096, 0
7518, 8246, 1, 4096, 0
7518, 4431, 1, 4096, 0
7519, 11917, 1, 4096, 0
7520, 6430, 1, 4096, 0
7520, 9561, 1, 4096, 0
7520, 6965, 1, 4096, 0
7521, 15554, 1, 4096, 0
7521, 5664, 1, 4096, 0
7521, 3392, 1, 4096, 0
7522, 10076, 1, 4096, 0
7522, 2941, 1, 4096, 0
7523, 5499, 1, 4096, 0
7524, 6678, 1, 4096, 0
7524, 5049, 1, 4096, 0
7524, 6432, 1, 4096, 0
7525, 7848, 1, 4096, 0
7525, 6248, 1, 4096, 0
7526, 7697, 1, 4096, 0
7526, 7146, 1, 4096, 0
7526, 10722, 1, 4096, 0
7527, 6536, 1, 4096, 0
7527, 8632, 1, 4096, 0
7527, 9787, 1, 4096, 0
7528, 5156, 1, 4096, 0
7528, 5411, 1, 4096, 0
7528, 4054, 1, 4096, 0
7529, 7589, 1, 4096, 0
7529, 6781, 1, 4096, 0
7530, 6598, 1, 4096, 0
7530, 5618, 1, 4096, 0
7531, 7042, 1, 4096, 0
7531, 4496, 1, 4096, 0
7531, 5359, 1, 4096, 0
7532, 8578, 1, 4096, 0
7532, 6730, 1, 4096, 0
7532, 2887, 1, 4096, 0
7533, 9062, 1, 4096, 0
7533, 8350, 1, 4096, 0
7534, 6818, 1, 4096, 0
7534, 8617, 1, 4096, 0
7535, 7224, 1, 4096, 0
7535, 9782, 1, 4096, 0
7535, 5986, 1, 4096, 0
7536, 5232, 1, 4096, 0
7536, 7497, 1, 4096, 0
7536, 3056, 1, 4096, 0
7537, 10024, 1, 4096, 0
7537, 10182, 1, 4096, 0
7538, 5844, 1, 4096, 0
7538, 10533, 1, 4096, 0
7539, 6226, 1, 4096, 0
7540, 9445, 1, 4096, 0
7540, 9557, 1, 4096, 0
7540, 6024, 1, 4096, 0
7541, 9883, 1, 4096, 0
7541, 12467, 1, 4096, 0
7541, 8407, 1, 4096, 0
7541, 6413, 1, 4096, 0
7542, 9506, 1, 4096, 0
7542, 5591, 1, 4096, 0
7543, 8013, 1, 4096, 0
7543, 8858, 1, 4096, 0
7544, 9307, 1, 4096, 0
7544, 8352, 1, 4096, 0
7545, 7256, 1, 4096, 0
7545, 4687, 1, 4096, 0
7545, 8933, 1, 4096, 0
7546, 8774, 1, 4096, 0
7546, 8239, 1, 4096, 0
7547, 10300, 1, 4096, 0
7547, 6213, 1, 4096, 0
7547, 10887, 1, 4096, 0
7548, 9669, 1, 4096, 0
7548, 8618, 1, 4096, 0
7549, 5764, 1, 4096, 0
7549, 4123, 1, 4096, 0
7549, 7300, 1, 4096, 0
7551, 5842, 1, 4096, 0
7551, 6769, 1, 4096, 0
7551, 9709, 1, 4096, 0
7552, 9799, 1, 4096, 0
7552, 5288, 1, 4096, 0
7553, 2969, 1, 4096, 0
7554, 8534, 1, 4096, 0
7554, 3356, 1, 4096, 0
7554, 8689, 1, 4096, 0
7555, 7626, 1, 4096, 0
7555, 10507, 1, 4096, 0
7555, 8947, 1, 4096, 0
7556, 15056, 1, 4096, 0
7556, 6639, 1, 4096, 0
7556, 8383, 1, 4096, 0
7557, 8696, 1, 4096, 0
7557, 5607, 1, 4096, 0
7557, 7878, 1, 4096, 0
7558, 14486, 1, 4096, 0
7559, 7652, 1, 4096, 0
7559, 9383, 1, 4096, 0
7559, 8528, 1, 4096, 0
7560, 9555, 1, 4096, 0
7560, 15280, 1, 4096, 0
7560, 8310, 1, 4096, 0
7561, 4385, 1, 4096, 0
7561, 8395, 1, 4096, 0
7562, 7586, 1, 4096, 0
7562, 7465, 1, 4096, 0
7563, 8248, 1, 4096, 0
7563, 5994, 1, 4096, 0
7564, 7303, 1, 4096, 0
7564, 7263, 1, 4096, 0
7564, 3645, 1, 4096, 0
7565, 10934, 1, 4096, 0
7565, 7580, 1, 4096, 0
7566, 7481, 1, 4096, 0
7566, 7340, 1, 4096, 0
7567, 9005, 1, 4096, 0
7567, 7676, 1, 4096, 0
7568, 11103, 1, 4096, 0
7568, 6993, 1, 4096, 0
7568, 12356, 1, 4096, 0
7569, 7774, 1, 4096, 0
7569, 8605, 1, 4096, 0
7570, 7350, 1, 4096, 0
7570, 9145, 1, 4096, 0
7571, 5927, 1, 4096, 0
7571, 5615, 1, 4096, 0
7571, 8151, 1, 4096, 0
7572, 4798, 1, 4096, 0
7572, 6499, 1, 4096, 0
7573, 7252, 1, 4096, 0
7573, 6644, 1, 4096, 0
7573, 8427, 1, 4096, 0
7574, 9926, 1, 4096, 0
7574, 5707, 1, 4096, 0
7575, 6312, 1, 4096, 0
7575, 4197, 1, 4096, 0
7575, 8990, 1, 4096, 0
7575, 5123, 1, 4096, 0
7576, 9624, 1, 4096, 0
7577, 11007, 1, 4096, 0
7577, 6351, 1, 4096, 0
7578, 5036, 1, 4096, 0
7578, 10160, 1, 4096, 0
7579, 9133, 1, 4096, 0
7579, 5489, 1, 4096, 0
7579, 8720, 1, 4096, 0
7580, 9793, 1, 4096, 0
7580, 6572, 1, 4096, 0
7580, 5589, 1, 4096, 0
7581, 10497, 1, 4096, 0
7581, 8500, 1, 4096, 0
7582, 5216, 1, 4096, 0
7583, 7460, 1, 4096, 0
7583, 7202, 1, 4096, 0
7583, 7229, 1, 4096, 0
7584, 5758, 1, 4096, 0
7584, 4923, 1, 4096, 0
7585, 8779, 1, 4096, 0
7585, 8129, 1, 4096, 0
7585, 5915, 1, 4096, 0
7586, 5868, 1, 4096, 0
7586, 10445, 1, 4096, 0
7586, 8362, 1, 4096, 0
7587, 5800, 1, 4096, 0
7587, 8428, 1, 4096, 0
7588, 5633, 1, 4096, 0
7588, 7927, 1, 4096, 0
7589, 4361, 1, 4096, 0
7589, 7181, 1, 4096, 0
7589, 7942, 1, 4096, 0
7590, 6226, 1, 4096, 0
7590, 4079, 1, 4096, 0
7591, 10895, 1, 4096, 0
7591, 5691, 1, 4096, 0
7592, 11312, 1, 4096, 0
7592, 10681, 1, 4096, 0
7592, 7154, 1, 4096, 0
7593, 7039, 1, 4096, 0
7593, 9549, 1, 4096, 0
7594, 8297, 1, 4096, 0
7594, 7740, 1, 4096, 0
7594, 10464, 1, 4096, 0
7595, 8266, 1, 4096, 0
7595, 6928, 1, 4096, 0
7595, 10780, 1, 4096, 0
7596, 7167, 1, 4096, 0
7597, 8465, 1, 4096, 0
7597, 4403, 1, 4096, 0
7597, 7824, 1, 4096, 0
7598, 6991, 1, 4096, 0
7598, 17173, 1, 4096, 0
7598, 6799, 1, 4096, 0
7599, 6200, 1, 4096, 0
7599, 6568, 1, 4096, 0
7599, 6302, 1, 4096, 0
7600, 6845, 1, 4096, 0
7600, 5793, 1, 4096, 0
7601, 8604, 1, 4096, 0
7601, 6181, 1, 4096, 0
7602, 11207, 1, 4096, 0
7602, 10492, 1, 4096, 0
7602, 4891, 1, 4096, 0
7603, 6554, 1, 4096, 0
7603, 5912, 1, 4096, 0
7604, 7858, 1, 4096, 0
7604, 6117, 1, 4096, 0
7605, 6831, 1, 4096, 0
7606, 7851, 1, 4096, 0
7606, 8174, 1, 4096, 0
7606, 9638, 1, 4096, 0
7607, 10470, 1, 4096, 0
7608, 6436, 1, 4096, 0
7608, 9704, 1, 4096, 0
7608, 7729, 1, 4096, 0
7609, 6730, 1, 4096, 0
7609, 5151, 1, 4096, 0
7610, 7864, 1, 4096, 0
7610, 5172, 1, 4096, 0
7610, 4072, 1, 4096, 0
7611, 12241, 1, 4096, 0
7611, 9682, 1, 4096, 0
7612, 9897, 1, 4096, 0
7612, 3366, 1, 4096, 0
7612, 9260, 1, 4096, 0
7613, 18434, 1, 4096, 0
7613, 5662, 1, 4096, 0
7613, 9576, 1, 4096, 0
7614, 7927, 1, 4096, 0
7614, 7065, 1, 4096, 0
7614, 6855, 1, 4096, 0
7615, 9325, 1, 4096, 0
7615, 12285, 1, 4096, 0
7616, 5580, 1, 4096, 0
7616, 7362, 1, 4096, 0
7617, 6013, 1, 4096, 0
7617, 7603, 1, 4096, 0
7618, 8037, 1, 4096, 0
7618, 1849, 1, 4096, 0
7618, 7438, 1, 4096, 0
7619, 6953, 1, 4096, 0
7619, 11218, 1, 4096, 0
7619, 4532, 1, 4096, 0
7620, 7371, 1, 4096, 0
7620, 4294, 1, 4096, 0
7620, 6227, 1, 4096, 0
7621, 9395, 1, 4096, 0
7621, 8459, 1, 4096, 0
7621, 8481, 1, 4096, 0
7623, 11386, 1, 4096, 0
7623, 3688, 1, 4096, 0
7624, 8146, 1, 4096, 0
7624, 8664, 1, 4096, 0
7625, 11160, 1, 4096, 0
7625, 5866, 1, 4096, 0
7626, 10808, 1, 4096, 0
7626, 9365, 1, 4096, 0
7626, 5294, 1, 4096, 0
7627, 5690, 1, 4096, 0
7628, 9703, 1, 4096, 0
7628, 4051, 1, 4096, 0
7628, 9675, 1, 4096, 0
7629, 7939, 1, 4096, 0
7629, 3177, 1, 4096, 0
7629, 7431, 1, 4096, 0
7630, 6993, 1, 4096, 0
7630, 5889, 1, 4096, 0
7630, 4993, 1, 4096, 0
7631, 10449, 1, 4096, 0
7632, 11115, 1, 4096, 0
7632, 4191, 1, 4096, 0
7633, 11286, 1, 4096, 0
7634, 6761, 1, 4096, 0
7634, 7815, 1, 4096, 0
7635, 8997, 1, 4096, 0
7635, 8647, 1, 4096, 0
7635, 8927, 1, 4096, 0
7636, 13597, 1, 4096, 0
7636, 6891, 1, 4096, 0
7637, 9086, 1, 4096, 0
7637, 5058, 1, 4096, 0
7637, 7636, 1, 4096, 0
7638, 6565, 1, 4096, 0
7638, 8831, 1, 4096, 0
7639, 5918, 1, 4096, 0
7639, 19340, 1, 4096, 0
7639, 8393, 1, 4096, 0
7640, 6253, 1, 4096, 0
7640, 12596, 1, 4096, 0
7641, 5318, 1, 4096, 0
7642, 3641, 1, 4096, 0
7642, 2494, 1, 4096, 0
7642, 11980, 1, 4096, 0
7643, 10603, 1, 4096, 0
7643, 9307, 1, 4096, 0
7643, 4909, 1, 4096, 0
7644, 6963, 1, 4096, 0
7644, 3898, 1, 4096, 0
7645, 5409, 1, 4096, 0
7645, 6033, 1, 4096, 0
7645, 3552, 1, 4096, 0
7645, 6786, 1, 4096, 0
7646, 9477, 1, 4096, 0
7646, 3211, 1, 4096, 0
7647, 4561, 1, 4096, 0
7647, 6597, 1, 4096, 0
7647, 2443, 1, 4096, 0
7648, 8286, 1, 4096, 0
7649, 7817, 1, 4096, 0
7649, 4933, 1, 4096, 0
7649, 5278, 1, 4096, 0
7650, 7417, 1, 4096, 0
7650, 9603, 1, 4096, 0
7650, 5129, 1, 4096, 0
7650, 6214, 1, 4096, 0
7651, 8923, 1, 4096, 0
7652, 4906, 1, 4096, 0
7652, 9736, 1, 4096, 0
7652, 4857, 1, 4096, 0
7653, 6258, 1, 4096, 0
7653, 5900, 1, 4096, 0
7653, 7711, 1, 4096, 0
7653, 4761, 1, 4096, 0
7654, 7381, 1, 4096, 0
7654, 8536, 1, 4096, 0
7654, 9078, 1, 4096, 0
7655, 9107, 1, 4096, 0
7656, 5769, 1, 4096, 0
7656, 4371, 1, 4096, 0
7656, 4795, 1, 4096, 0
7657, 8391, 1, 4096, 0
7657, 6522, 1, 4096, 0
7658, 4859, 1, 4096, 0
7658, 5347, 1, 4096, 0
7658, 3865, 1, 4096, 0
7659, 6402, 1, 4096, 0
7659, 11757, 1, 4096, 0
7659, 3371, 1, 4096, 0
7660, 7303, 1, 4096, 0
7661, 4718, 1, 4096, 0
7661, 8665, 1, 4096, 0
7661, 10837, 1, 4096, 0
7662, 16576, 1, 4096, 0
7662, 9485, 1, 4096, 0
7663, 4966, 1, 4096, 0
7664, 9304, 1, 4096, 0
7664, 5735, 1, 4096, 0
7664, 9048, 1, 4096, 0
7665, 8171, 1, 4096, 0
7665, 9202, 1, 4096, 0
7666, 9611, 1, 4096, 0
7666, 9249, 1, 4096, 0
7666, 3562, 1, 4096, 0
7667, 10166, 1, 4096, 0
7667, 13948, 1, 4096, 0
7668, 4454, 1, 4096, 0
7668, 4933, 1, 4096, 0
7669, 8621, 1, 4096, 0
7669, 6462, 1, 4096, 0
7669, 5078, 1, 4096, 0
7670, 6716, 1, 4096, 0
7670, 7903, 1, 4096, 0
7670, 4763, 1, 4096, 0
7671, 8055, 1, 4096, 0
7672, 9032, 1, 4096, 0
7672, 6394, 1, 4096, 0
7672, 7423, 1, 4096, 0
7673, 21765, 1, 4096, 0
7674, 11120, 1, 4096, 0
7674, 11401, 1, 4096, 0
7674, 3647, 1, 4096, 0
7675, 11865, 1, 4096, 0
7675, 8863, 1, 4096, 0
7675, 8806, 1, 4096, 0
7677, 16204, 1, 4096, 0
7677, 2593, 1, 4096, 0
7677, 3808, 1, 4096, 0
7677, 8500, 1, 4096, 0
7678, 10042, 1, 4096, 0
7678, 7622, 1, 4096, 0
7679, 7731, 1, 4096, 0
7679, 4491, 1, 4096, 0
7680, 8933, 1, 4096, 0
7680, 6583, 1, 4096, 0
7681, 11026, 1, 4096, 0
7681, 6309, 1, 4096, 0
7681, 6347, 1, 4096, 0
7682, 5686, 1, 4096, 0
7682, 7845, 1, 4096, 0
7683, 10564, 1, 4096, 0
7683, 7378, 1, 4096, 0
7684, 10247, 1, 4096, 0
7684, 6656, 1, 4096, 0
7685, 9326, 1, 4096, 0
7685, 10628, 1, 4096, 0
7685, 5092, 1, 4096, 0
7686, 10620, 1, 4096, 0
7686, 4355, 1, 4096, 0
7686, 4102, 1, 4096, 0
7688, 11832, 1, 4096, 0
7688, 3662, 1, 4096, 0
7689, 9917, 1, 4096, 0
7689, 7168, 1, 4096, 0
7690, 8080, 1, 4096, 0
7690, 13869, 1, 4096, 0
7690, 10383, 1, 4096, 0
7691, 7873, 1, 4096, 0
7691, 7673, 1, 4096, 0
7692, 8294, 1, 4096, 0
7692, 6800, 1, 4096, 0
7693, 8732, 1, 4096, 0
7693, 5223, 1, 4096, 0
7693, 4070, 1, 4096, 0
7694, 9058, 1, 4096, 0
7695, 9296, 1, 4096, 0
7695, 7110, 1, 4096, 0
7696, 9085, 1, 4096, 0
7696, 3200, 1, 4096, 0
7696, 9670, 1, 4096, 0
7697, 5449, 1, 4096, 0
7697, 9064, 1, 4096, 0
7697, 9263, 1, 4096, 0
7698, 9342, 1, 4096, 0
7698, 7022, 1, 4096, 0
7699, 10720, 1, 4096, 0
7699, 3795, 1, 4096, 0
7699, 5962, 1, 4096, 0
7700, 5468, 1, 4096, 0
7700, 4788, 1, 4096, 0
7701, 7134, 1, 4096, 0
7702, 7711, 1, 4096, 0
7702, 4631, 1, 4096, 0
7702, 4532, 1, 4096, 0
7703, 9166, 1, 4096, 0
7703, 3446, 1, 4096, 0
7704, 9488, 1, 4096, 0
7704, 10245, 1, 4096, 0
7704, 7648, 1, 4096, 0
7705, 9251, 1, 4096, 0
7705, 8298, 1, 4096, 0
7706, 7890, 1, 4096, 0
7706, 11139, 1, 4096, 0
7706, 7188, 1, 4096, 0
7706, 6443, 1, 4096, 0
7707, 9130, 1, 4096, 0
7708, 7679, 1, 4096, 0
7708, 4414, 1, 4096, 0
7709, 6353, 1, 4096, 0
7709, 6436, 1, 4096, 0
7709, 9530, 1, 4096, 0
7710, 9344, 1, 4096, 0
7710, 7072, 1, 4096, 0
7711, 8893, 1, 4096, 0
7711, 8407, 1, 4096, 0
7711, 9892, 1, 4096, 0
7711, 7835, 1, 4096, 0
7712, 7239, 1, 4096, 0
7712, 6145, 1, 4096, 0
7712, 4230, 1, 4096, 0
7713, 5893, 1, 4096, 0
7714, 6407, 1, 4096, 0
7714, 5172, 1, 4096, 0
7714, 8358, 1, 4096, 0
7715, 4605, 1, 4096, 0
7715, 5048, 1, 4096, 0
7716, 4118, 1, 4096, 0
7716, 10843, 1, 4096, 0
7716, 3361, 1, 4096, 0
7717, 7273, 1, 4096, 0
7718, 10075, 1, 4096, 0
7718, 6944, 1, 4096, 0
7718, 8683, 1, 4096, 0
7719, 10924, 1, 4096, 0
7719, 9191, 1, 4096, 0
7720, 6499, 1, 4096, 0
7720, 8402, 1, 4096, 0
7721, 7056, 1, 4096, 0
7721, 4527, 1, 4096, 0
7722, 8853, 1, 4096, 0
7722, 8596, 1, 4096, 0
7722, 7700, 1, 4096, 0
7723, 5584, 1, 4096, 0
7723, 5829, 1, 4096, 0
7723, 6241, 1, 4096, 0
7724, 7890, 1, 4096, 0
7724, 3998, 1, 4096, 0
7724, 5183, 1, 4096, 0
7725, 6219, 1, 4096, 0
7725, 6645, 1, 4096, 0
7726, 7004, 1, 4096, 0
7726, 10336, 1, 4096, 0
7727, 8619, 1, 4096, 0
7727, 8944, 1, 4096, 0
7727, 9332, 1, 4096, 0
7728, 7972, 1, 4096, 0
7729, 11751, 1, 4096, 0
7729, 2881, 1, 4096, 0
7729, 5473, 1, 4096, 0
7730, 9856, 1, 4096, 0
7730, 2799, 1, 4096, 0
7731, 10656, 1, 4096, 0
7731, 3183, 1, 4096, 0
7731, 9929, 1, 4096, 0
7732, 6874, 1, 4096, 0
7732, 3053, 1, 4096, 0
7732, 4346, 1, 4096, 0
7733, 6929, 1, 4096, 0
7733, 5026, 1, 4096, 0
7734, 4982, 1, 4096, 0
7734, 4155, 1, 4096, 0
7735, 4644, 1, 4096, 0
7735, 12715, 1, 4096, 0
7736, 12539, 1, 4096, 0
7736, 10134, 1, 4096, 0
7737, 6030, 1, 4096, 0
7737, 13304, 1, 4096, 0
7738, 6390, 1, 4096, 0
7738, 11056, 1, 4096, 0
7738, 8500, 1, 4096, 0
7739, 8954, 1, 4096, 0
7739, 6483, 1, 4096, 0
7739, 8834, 1, 4096, 0
7740, 7627, 1, 4096, 0
7740, 9930, 1, 4096, 0
7741, 10979, 1, 4096, 0
7741, 8391, 1, 4096, 0
7741, 6761, 1, 4096, 0
7742, 6808, 1, 4096, 0
7742, 7463, 1, 4096, 0
7742, 2746, 1, 4096, 0
7743, 7365, 1, 4096, 0
7743, 8961, 1, 4096, 0
7744, 8989, 1, 4096, 0
7744, 9540, 1, 4096, 0
7745, 6525, 1, 4096, 0
7745, 9028, 1, 4096, 0
7745, 11336, 1, 4096, 0
7746, 7560, 1, 4096, 0
7746, 3256, 1, 4096, 0
7747, 6451, 1, 4096, 0
7747, 4838, 1, 4096, 0
7748, 9344, 1, 4096, 0
7748, 4377, 1, 4096, 0
7749, 8545, 1, 4096, 0
7749, 9944, 1, 4096, 0
7749, 10091, 1, 4096, 0
7750, 10425, 1, 4096, 0
7750, 6975, 1, 4096, 0
7750, 2741, 1, 4096, 0
7751, 8116, 1, 4096, 0
7751, 4836, 1, 4096, 0
7752, 9783, 1, 4096, 0
7752, 7006, 1, 4096, 0
7752, 4246, 1, 4096, 0
7753, 5855, 1, 4096, 0
7754, 9049, 1, 4096, 0
7754, 5976, 1, 4096, 0
7754, 10850, 1, 4096, 0
7755, 9233, 1, 4096, 0
7755, 3020, 1, 4096, 0
7755, 5724, 1, 4096, 0
7756, 6049, 1, 4096, 0
7756, 9825, 1, 4096, 0
7756, 5673, 1, 4096, 0
7757, 6082, 1, 4096, 0
7757, 3862, 1, 4096, 0
7757, 8170, 1, 4096, 0
7758, 6877, 1, 4096, 0
7758, 10262, 1, 4096, 0
7758, 8696, 1, 4096, 0
7759, 9579, 1, 4096, 0
7759, 8034, 1, 4096, 0
7760, 8269, 1, 4096, 0
7760, 2048, 1, 4096, 0
7761, 7286, 1, 4096, 0
7761, 6183, 1, 4096, 0
7761, 2489, 1, 4096, 0
7761, 5377, 1, 4096, 0
7763, 6176, 1, 4096, 0
7763, 3114, 1, 4096, 0
7763, 4271, 1, 4096, 0
7763, 6308, 1, 4096, 0
7764, 4535, 1, 4096, 0
7764, 5528, 1, 4096, 0
7765, 8495, 1, 4096, 0
7765, 7845, 1, 4096, 0
7765, 4144, 1, 4096, 0
7766, 5113, 1, 4096, 0
7766, 8875, 1, 4096, 0
7766, 3443, 1, 4096, 0
7767, 20612, 1, 4096, 0
7767, 8608, 1, 4096, 0
7768, 8857, 1, 4096, 0
7768, 9163, 1, 4096, 0
7769, 8819, 1, 4096, 0
7769, 6569, 1, 4096, 0
7769, 4485, 1, 4096, 0
7770, 8445, 1, 4096, 0
7770, 9304, 1, 4096, 0
7771, 4412, 1, 4096, 0
7771, 6219, 1, 4096, 0
7771, 8920, 1, 4096, 0
7772, 9303, 1, 4096, 0
7773, 8847, 1, 4096, 0
7773, 7855, 1, 4096, 0
7774, 7913, 1, 4096, 0
7774, 7360, 1, 4096, 0
7774, 5300, 1, 4096, 0
7775, 10320, 1, 4096, 0
7775, 3215, 1, 4096, 0
7775, 10430, 1, 4096, 0
7776, 9467, 1, 4096, 0
7776, 9463, 1, 4096, 0
7777, 7826, 1, 4096, 0
7777, 8277, 1, 4096, 0
7778, 6081, 1, 4096, 0
7778, 5704, 1, 4096, 0
7778, 4331, 1, 4096, 0
7779, 7800, 1, 4096, 0
7779, 8998, 1, 4096, 0
7780, 15207, 1, 4096, 0
7780, 11784, 1, 4096, 0
7780, 7018, 1, 4096, 0
7781, 7372, 1, 4096, 0
7781, 4769, 1, 4096, 0
7781, 3925, 1, 4096, 0
7782, 9421, 1, 4096, 0
7782, 10464, 1, 4096, 0
7783, 7348, 1, 4096, 0
7784, 8416, 1, 4096, 0
7784, 7905, 1, 4096, 0
7784, 5738, 1, 4096, 0
7785, 9963, 1, 4096, 0
7785, 5070, 1, 4096, 0
7785, 3540, 1, 4096, 0
7786, 8773, 1, 4096, 0
7786, 3139, 1, 4096, 0
7786, 7911, 1, 4096, 0
7787, 10032, 1, 4096, 0
7788, 6831, 1, 4096, 0
7788, 8683, 1, 4096, 0
7788, 2560, 1, 4096, 0
7789, 7671, 1, 4096, 0
7789, 6499, 1, 4096, 0
7790, 6327, 1, 4096, 0
7790, 8422, 1, 4096, 0
7790, 7858, 1, 4096, 0
7791, 13785, 1, 4096, 0
7792, 10508, 1, 4096, 0
7792, 7123, 1, 4096, 0
7793, 9252, 1, 4096, 0
7793, 3668, 1, 4096, 0
7793, 5892, 1, 4096, 0
7794, 10574, 1, 4096, 0
7794, 3436, 1, 4096, 0
7794, 5991, 1, 4096, 0
7795, 17503, 1, 4096, 0
7795, 6271, 1, 4096, 0
7795, 10533, 1, 4096, 0
7796, 8863, 1, 4096, 0
7796, 5834, 1, 4096, 0
7796, 1856, 1, 4096, 0
7797, 9500, 1, 4096, 0
7797, 9452, 1, 4096, 0
7797, 5925, 1, 4096, 0
7798, 5940, 1, 4096, 0
7798, 7816, 1, 4096, 0
7798, 4509, 1, 4096, 0
7799, 8040, 1, 4096, 0
7800, 6266, 1, 4096, 0
7800, 8858, 1, 4096, 0
7800, 7262, 1, 4096, 0
7801, 5107, 1, 4096, 0
7801, 3663, 1, 4096, 0
7802, 5597, 1, 4096, 0
7802, 10338, 1, 4096, 0
7802, 10124, 1, 4096, 0
7803, 6097, 1, 4096, 0
7803, 11079, 1, 4096, 0
7803, 10655, 1, 4096, 0
7803, 9535, 1, 4096, 0
7804, 5390, 1, 4096, 0
7804, 8763, 1, 4096, 0
7805, 3653, 1, 4096, 0
7805, 9909, 1, 4096, 0
7806, 5559, 1, 4096, 0
7806, 6279, 1, 4096, 0
7806, 6285, 1, 4096, 0
7807, 5397, 1, 4096, 0
7807, 9504, 1, 4096, 0
7808, 11918, 1, 4096, 0
7808, 8221, 1, 4096, 0
7808, 8745, 1, 4096, 0
7809, 9879, 1, 4096, 0
7809, 8992, 1, 4096, 0
7809, 6467, 1, 4096, 0
7811, 5745, 1, 4096, 0
7811, 7217, 1, 4096, 0
7811, 8524, 1, 4096, 0
7812, 10198, 1, 4096, 0
7812, 5794, 1, 4096, 0
7813, 12358, 1, 4096, 0
7813, 5841, 1, 4096, 0
7814, 21514, 1, 4096, 0
7814, 3726, 1, 4096, 0
7814, 7159, 1, 4096, 0
7815, 7242, 1, 4096, 0
7816, 6107, 1, 4096, 0
7816, 5519, 1, 4096, 0
7816, 6560, 1, 4096, 0
7817, 8904, 1, 4096, 0
7817, 9955, 1, 4096, 0
7817, 7917, 1, 4096, 0
7818, 6947, 1, 4096, 0
7818, 5619, 1, 4096, 0
7819, 8250, 1, 4096, 0
7819, 9931, 1, 4096, 0
7820, 9514, 1, 4096, 0
7820, 3844, 1, 4096, 0
7820, 7559, 1, 4096, 0
7820, 8079, 1, 4096, 0
7821, 3753, 1, 4096, 0
7821, 7838, 1, 4096, 0
7822, 11165, 1, 4096, 0
7822, 7252, 1, 4096, 0
7822, 10341, 1, 4096, 0
7823, 7539, 1, 4096, 0
7823, 2670, 1, 4096, 0
7824, 5748, 1, 4096, 0
7824, 8736, 1, 4096, 0
7825, 7897, 1, 4096, 0
7825, 4626, 1, 4096, 0
7825, 6570, 1, 4096, 0
7826, 8730, 1, 4096, 0
7826, 7631, 1, 4096, 0
7826, 5884, 1, 4096, 0
7827, 7624, 1, 4096, 0
7827, 8980, 1, 4096, 0
7827, 3735, 1, 4096, 0
7828, 9217, 1, 4096, 0
7829, 8630, 1, 4096, 0
7829, 9993, 1, 4096, 0
7830, 8659, 1, 4096, 0
7830, 16064, 1, 4096, 0
7830, 5842, 1, 4096, 0
7831, 9693, 1, 4096, 0
7831, 9117, 1, 4096, 0
7832, 7998, 1, 4096, 0
7832, 5760, 1, 4096, 0
7832, 9041, 1, 4096, 0
7833, 6521, 1, 4096, 0
7833, 7966, 1, 4096, 0
7834, 6037, 1, 4096, 0
7834, 4357, 1, 4096, 0
7835, 7684, 1, 4096, 0
7835, 10509, 1, 4096, 0
7836, 12285, 1, 4096, 0
7836, 9619, 1, 4096, 0
7836, 4059, 1, 4096, 0
7837, 9812, 1, 4096, 0
7837, 3395, 1, 4096, 0
7837, 10507, 1, 4096, 0
7838, 25160, 1, 4096, 0
7838, 5455, 1, 4096, 0
7838, 2367, 1, 4096, 0
7839, 5389, 1, 4096, 0
7840, 5379, 1, 4096, 0
7840, 2850, 1, 4096, 0
7840, 7694, 1, 4096, 0
7841, 8922, 1, 4096, 0
7841, 5541, 1, 4096, 0
7841, 9991, 1, 4096, 0
7842, 11029, 1, 4096, 0
7842, 4625, 1, 4096, 0
7843, 8659, 1, 4096, 0
7843, 4962, 1, 4096, 0
7843, 6812, 1, 4096, 0
7844, 6343, 1, 4096, 0
7844, 4639, 1, 4096, 0
7844, 9122, 1, 4096, 0
7845, 9586, 1, 4096, 0
7845, 5767, 1, 4096, 0
7846, 7047, 1, 4096, 0
7846, 7792, 1, 4096, 0
7846, 4194, 1, 4096, 0
7847, 8636, 1, 4096, 0
7847, 9381, 1, 4096, 0
7848, 7715, 1, 4096, 0
7848, 11164, 1, 4096, 0
7849, 9408, 1, 4096, 0
7850, 10064, 1, 4096, 0
7850, 7037, 1, 4096, 0
7850, 5952, 1, 4096, 0
7851, 5647, 1, 4096, 0
7851, 4894, 1, 4096, 0
7851, 10727, 1, 4096, 0
7851, 5072, 1, 4096, 0
7852, 10439, 1, 4096, 0
7852, 7099, 1, 4096, 0
7852, 4321, 1, 4096, 0
7853, 10524, 1, 4096, 0
7853, 11136, 1, 4096, 0
7853, 2885, 1, 4096, 0
7854, 11400, 1, 4096, 0
7854, 2750, 1, 4096, 0
7855, 9831, 1, 4096, 0
7855, 8232, 1, 4096, 0
7856, 6425, 1, 4096, 0
7856, 5600, 1, 4096, 0
7857, 10110, 1, 4096, 0
7857, 2223, 1, 4096, 0
7857, 7238, 1, 4096, 0
7858, 4850, 1, 4096, 0
7858, 7596, 1, 4096, 0
7858, 9980, 1, 4096, 0
7859, 9546, 1, 4096, 0
7860, 8801, 1, 4096, 0
7860, 6994, 1, 4096, 0
7860, 8588, 1, 4096, 0
7861, 7723, 1, 4096, 0
7862, 7975, 1, 4096, 0
7862, 6936, 1, 4096, 0
7863, 8717, 1, 4096, 0
7863, 3726, 1, 4096, 0
7863, 11191, 1, 4096, 0
7864, 8044, 1, 4096, 0
7864, 10042, 1, 4096, 0
7864, 7680, 1, 4096, 0
7865, 6745, 1, 4096, 0
7865, 7310, 1, 4096, 0
7866, 6703, 1, 4096, 0
7866, 6488, 1, 4096, 0
7867, 12768, 1, 4096, 0
7867, 6636, 1, 4096, 0
7868, 5885, 1, 4096, 0
7868, 8220, 1, 4096, 0
7869, 5425, 1, 4096, 0
7870, 8697, 1, 4096, 0
7870, 4260, 1, 4096, 0
7870, 3756, 1, 4096, 0
7871, 8389, 1, 4096, 0
7871, 6320, 1, 4096, 0
7871, 4073, 1, 4096, 0
7873, 10448, 1, 4096, 0
7873, 9721, 1, 4096, 0
7873, 6173, 1, 4096, 0
7875, 6536, 1, 4096, 0
7875, 5516, 1, 4096, 0
7875, 7137, 1, 4096, 0
7876, 9769, 1, 4096, 0
7876, 9600, 1, 4096, 0
7877, 9450, 1, 4096, 0
7877, 7739, 1, 4096, 0
7877, 7092, 1, 4096, 0
7878, 5319, 1, 4096, 0
7878, 6567, 1, 4096, 0
7879, 6490, 1, 4096, 0
7879, 5692, 1, 4096, 0
7879, 10354, 1, 4096, 0
7880, 8970, 1, 4096, 0
7880, 10780, 1, 4096, 0
7880, 4929, 1, 4096, 0
7881, 4740, 1, 4096, 0
7881, 7114, 1, 4096, 0
7882, 10386, 1, 4096, 0
7882, 3685, 1, 4096, 0
7882, 6428, 1, 4096, 0
7883, 5988, 1, 4096, 0
7883, 4930, 1, 4096, 0
7883, 5812, 1, 4096, 0
7884, 8366, 1, 4096, 0
7884, 6268, 1, 4096, 0
7884, 9010, 1, 4096, 0
7885, 8053, 1, 4096, 0
7885, 5488, 1, 4096, 0
7886, 6144, 1, 4096, 0
7886, 8566, 1, 4096, 0
7887, 7896, 1, 4096, 0
7887, 10507, 1, 4096, 0
7888, 5849, 1, 4096, 0
7888, 9800, 1, 4096, 0
7888, 14365, 1, 4096, 0
7889, 8060, 1, 4096, 0
7889, 5469, 1, 4096, 0
7890, 10557, 1, 4096, 0
7890, 3414, 1, 4096, 0
7890, 10300, 1, 4096, 0
7891, 10960, 1, 4096, 0
7891, 4928, 1, 4096, 0
7891, 9087, 1, 4096, 0
7892, 5497, 1, 4096, 0
7892, 5460, 1, 4096, 0
7892, 4124, 1, 4096, 0
7893, 10200, 1, 4096, 0
7893, 6125, 1, 4096, 0
7894, 6709, 1, 4096, 0
7894, 3982, 1, 4096, 0
7894, 6889, 1, 4096, 0
7895, 14735, 1, 4096, 0
7895, 8609, 1, 4096, 0
7895, 7403, 1, 4096, 0
7897, 5973, 1, 4096, 0
7897, 9470, 1, 4096, 0
7897, 11192, 1, 4096, 0
7898, 5439, 1, 4096, 0
7898, 5016, 1, 4096, 0
7898, 6082, 1, 4096, 0
7898, 6688, 1, 4096, 0
7899, 3802, 1, 4096, 0
7899, 2530, 1, 4096, 0
7900, 9152, 1, 4096, 0
7900, 5536, 1, 4096, 0
7900, 3613, 1, 4096, 0
7901, 6463, 1, 4096, 0
7901, 10894, 1, 4096, 0
7902, 14581, 1, 4096, 0
7903, 7928, 1, 4096, 0
7903, 4942, 1, 4096, 0
7903, 6156, 1, 4096, 0
7904, 7558, 1, 4096, 0
7904, 5700, 1, 4096, 0
7905, 9237, 1, 4096, 0
7905, 4937, 1, 4096, 0
7905, 3160, 1, 4096, 0
7906, 7820, 1, 4096, 0
7906, 6441, 1, 4096, 0
7906, 5293, 1, 4096, 0
7907, 7105, 1, 4096, 0
7907, 8289, 1, 4096, 0
7908, 9193, 1, 4096, 0
7908, 9233, 1, 4096, 0
7908, 8336, 1, 4096, 0
7909, 9607, 1, 4096, 0
7909, 9537, 1, 4096, 0
7910, 9964, 1, 4096, 0
7910, 6271, 1, 4096, 0
7911, 9108, 1, 4096, 0
7911, 6276, 1, 4096, 0
7911, 8927, 1, 4096, 0
7912, 9103, 1, 4096, 0
7912, 5971, 1, 4096, 0
7913, 7757, 1, 4096, 0
7913, 6407, 1, 4096, 0
7913, 8455, 1, 4096, 0
7914, 7284, 1, 4096, 0
7914, 6361, 1, 4096, 0
7915, 6985, 1, 4096, 0
7915, 5274, 1, 4096, 0
7915, 2479, 1, 4096, 0
7916, 6096, 1, 4096, 0
7916, 4943, 1, 4096, 0
7916, 5196, 1, 4096, 0
7917, 6384, 1, 4096, 0
7917, 4424, 1, 4096, 0
7917, 3601, 1, 4096, 0
7918, 5372, 1, 4096, 0
7918, 9727, 1, 4096, 0
7918, 3096, 1, 4096, 0
7920, 9640, 1, 4096, 0
7920, 6603, 1, 4096, 0
7920, 8028, 1, 4096, 0
7921, 9199, 1, 4096, 0
7921, 7752, 1, 4096, 0
7921, 5252, 1, 4096, 0
7922, 10838, 1, 4096, 0
7922, 4885, 1, 4096, 0
7923, 7408, 1, 4096, 0
7923, 4749, 1, 4096, 0
7924, 10902, 1, 4096, 0
7924, 8917, 1, 4096, 0
7925, 7578, 1, 4096, 0
7925, 5359, 1, 4096, 0
7925, 11366, 1, 4096, 0
7926, 8275, 1, 4096, 0
7926, 3718, 1, 4096, 0
7926, 8343, 1, 4096, 0
7927, 6340, 1, 4096, 0
7928, 4676, 1, 4096, 0
7931, 3663, 1, 4096, 0
7931, 3229, 1, 4096, 0
7931, 2754, 1, 4096, 0
7932, 9491, 1, 4096, 0
7933, 14344, 1, 4096, 0
7933, 5981, 1, 4096, 0
7934, 9214, 1, 4096, 0
7934, 11174, 1, 4096, 0
7934, 11788, 1, 4096, 0
7935, 10517, 1, 4096, 0
7935, 6157, 1, 4096, 0
7936, 6067, 1, 4096, 0
7936, 5633, 1, 4096, 0
7937, 7107, 1, 4096, 0
7937, 9742, 1, 4096, 0
7937, 7900, 1, 4096, 0
7938, 9245, 1, 4096, 0
7938, 4645, 1, 4096, 0
7938, 4952, 1, 4096, 0
7939, 7560, 1, 4096, 0
7939, 7060, 1, 4096, 0
7940, 8399, 1, 4096, 0
7940, 5538, 1, 4096, 0
7940, 10717, 1, 4096, 0
7941, 5061, 1, 4096, 0
7941, 4681, 1, 4096, 0
7942, 7268, 1, 4096, 0
7942, 9614, 1, 4096, 0
7942, 9527, 1, 4096, 0
7943, 7969, 1, 4096, 0
7943, 11229, 1, 4096, 0
7943, 8516, 1, 4096, 0
7944, 7156, 1, 4096, 0
7945, 8921, 1, 4096, 0
7945, 7495, 1, 4096, 0
7945, 8636, 1, 4096, 0
7946, 6777, 1, 4096, 0
7946, 11739, 1, 4096, 0
7946, 10636, 1, 4096, 0
7947, 9858, 1, 4096, 0
7947, 7585, 1, 4096, 0
7947, 4137, 1, 4096, 0
7948, 13228, 1, 4096, 0
7948, 3941, 1, 4096, 0
7949, 8565, 1, 4096, 0
7950, 6228, 1, 4096, 0
7950, 3719, 1, 4096, 0
7950, 6213, 1, 4096, 0
7951, 8215, 1, 4096, 0
7951, 6803, 1, 4096, 0
7952, 9240, 1, 4096, 0
7952, 7028, 1, 4096, 0
7953, 5470, 1, 4096, 0
7954, 7190, 1, 4096, 0
7954, 9143, 1, 4096, 0
7954, 8535, 1, 4096, 0
7955, 6476, 1, 4096, 0
7955, 8788, 1, 4096, 0
7955, 6417, 1, 4096, 0
7956, 10328, 1, 4096, 0
7956, 7204, 1, 4096, 0
7956, 5769, 1, 4096, 0
7957, 7466, 1, 4096, 0
7957, 5087, 1, 4096, 0
7957, 7493, 1, 4096, 0
7958, 11640, 1, 4096, 0
7959, 7261, 1, 4096, 0
7959, 5949, 1, 4096, 0
7959, 9380, 1, 4096, 0
7960, 10333, 1, 4096, 0
7960, 11186, 1, 4096, 0
7961, 9160, 1, 4096, 0
7961, 3666, 1, 4096, 0
7961, 8443, 1, 4096, 0
7962, 10050, 1, 4096, 0
7962, 6615, 1, 4096, 0
7962, 12766, 1, 4096, 0
7963, 9215, 1, 4096, 0
7963, 17046, 1, 4096, 0
7963, 8482, 1, 4096, 0
7964, 5504, 1, 4096, 0
7964, 7282, 1, 4096, 0
7965, 12329, 1, 4096, 0
7965, 4465, 1, 4096, 0
7966, 4725, 1, 4096, 0
7966, 11548, 1, 4096, 0
7967, 13994, 1, 4096, 0
7967, 5408, 1, 4096, 0
7967, 7391, 1, 4096, 0
7968, 9895, 1, 4096, 0
7968, 5564, 1, 4096, 0
7968, 6095, 1, 4096, 0
7969, 8142, 1, 4096, 0
7969, 8671, 1, 4096, 0
7970, 9543, 1, 4096, 0
7970, 8355, 1, 4096, 0
7970, 8518, 1, 4096, 0
7971, 6680, 1, 4096, 0
7971, 6583, 1, 4096, 0
7972, 6114, 1, 4096, 0
7972, 7218, 1, 4096, 0
7973, 8441, 1, 4096, 0
7973, 8738, 1, 4096, 0
7973, 8727, 1, 4096, 0
7974, 7149, 1, 4096, 0
7974, 6598, 1, 4096, 0
7974, 8070, 1, 4096, 0
7975, 6140, 1, 4096, 0
7975, 12413, 1, 4096, 0
7976, 7082, 1, 4096, 0
7976, 7981, 1, 4096, 0
7976, 11518, 1, 4096, 0
7977, 8130, 1, 4096, 0
7977, 7734, 1, 4096, 0
7978, 10610, 1, 4096, 0
7978, 4935, 1, 4096, 0
7979, 6971, 1, 4096, 0
7979, 9068, 1, 4096, 0
7979, 3974, 1, 4096, 0
7979, 10160, 1, 4096, 0
7980, 6638, 1, 4096, 0
7980, 9342, 1, 4096, 0
7981, 6894, 1, 4096, 0
7981, 10411, 1, 4096, 0
7982, 5300, 1, 4096, 0
7982, 7514, 1, 4096, 0
7983, 8438, 1, 4096, 0
7983, 4607, 1, 4096, 0
7984, 4946, 1, 4096, 0
7984, 9965, 1, 4096, 0
7984, 4794, 1, 4096, 0
7985, 8229, 1, 4096, 0
7985, 6034, 1, 4096, 0
7986, 5590, 1, 4096, 0
7986, 6789, 1, 4096, 0
7987, 9409, 1, 4096, 0
7987, 3636, 1, 4096, 0
7987, 8441, 1, 4096, 0
7988, 5294, 1, 4096, 0
7988, 6072, 1, 4096, 0
7989, 9044, 1, 4096, 0
7989, 9489, 1, 4096, 0
7989, 7111, 1, 4096, 0
7990, 10015, 1, 4096, 0
7990, 11367, 1, 4096, 0
7990, 5092, 1, 4096, 0
7991, 8555, 1, 4096, 0
7991, 3119, 1, 4096, 0
7992, 16766, 1, 4096, 0
7992, 9542, 1, 4096, 0
7993, 8410, 1, 4096, 0
7993, 7067, 1, 4096, 0
7993, 3861, 1, 4096, 0
7994, 8105, 1, 4096, 0
7994, 4185, 1, 4096, 0
7994, 7065, 1, 4096, 0
7995, 10915, 1, 4096, 0
7995, 7900, 1, 4096, 0
7995, 10343, 1, 4096, 0
7996, 7410, 1, 4096, 0
7996, 7156, 1, 4096, 0
7997, 8601, 1, 4096, 0
7997, 7407, 1, 4096, 0
7998, 8839, 1, 4096, 0
7998, 9430, 1, 4096, 0
7998, 6890, 1, 4096, 0
7999, 10486, 1, 4096, 0
7999, 9640, 1, 4096, 0
8000, 7737, 1, 4096, 0
8000, 10782, 1, 4096, 0
8001, 8417, 1, 4096, 0
8001, 6901, 1, 4096, 0
8002, 7987, 1, 4096, 0
8002, 3330, 1, 4096, 0
8002, 5656, 1, 4096, 0
8003, 15424, 1, 4096, 0
8003, 5984, 1, 4096, 0
8003, 4096, 1, 4096, 0
8004, 9407, 1, 4096, 0
8005, 17043, 1, 4096, 0
8005, 7060, 1, 4096, 0
8006, 7688, 1, 4096, 0
8006, 7291, 1, 4096, 0
8007, 6280, 1, 4096, 0
8007, 3127, 1, 4096, 0
8008, 8202, 1, 4096, 0
8008, 5794, 1, 4096, 0
8008, 3911, 1, 4096, 0
8009, 6977, 1, 4096, 0
8009, 7662, 1, 4096, 0
8009, 4652, 1, 4096, 0
8010, 6255, 1, 4096, 0
8010, 8455, 1, 4096, 0
8010, 7198, 1, 4096, 0
8011, 5395, 1, 4096, 0
8012, 7470, 1, 4096, 0
8012, 4043, 1, 4096, 0
8012, 7783, 1, 4096, 0
8013, 8224, 1, 4096, 0
8013, 8874, 1, 4096, 0
8014, 8636, 1, 4096, 0
8014, 8596, 1, 4096, 0
8014, 8793, 1, 4096, 0
8015, 9731, 1, 4096, 0
8016, 4596, 1, 4096, 0
8016, 5269, 1, 4096, 0
8017, 10561, 1, 4096, 0
8017, 9517, 1, 4096, 0
8017, 6699, 1, 4096, 0
8018, 6859, 1, 4096, 0
8018, 7322, 1, 4096, 0
8018, 10417, 1, 4096, 0
8019, 5475, 1, 4096, 0
8019, 4456, 1, 4096, 0
8019, 5140, 1, 4096, 0
8020, 8281, 1, 4096, 0
8020, 3419, 1, 4096, 0
8021, 9721, 1, 4096, 0
8021, 5426, 1, 4096, 0
8021, 10387, 1, 4096, 0
8022, 7578, 1, 4096, 0
8022, 5898, 1, 4096, 0
8023, 5522, 1, 4096, 0
8023, 5222, 1, 4096, 0
8024, 9757, 1, 4096, 0
8024, 5283, 1, 4096, 0
8025, 8583, 1, 4096, 0
8025, 2667, 1, 4096, 0
8026, 7330, 1, 4096, 0
8026, 9790, 1, 4096, 0
8026, 7117, 1, 4096, 0
8027, 9525, 1, 4096, 0
8027, 9765, 1, 4096, 0
8027, 8330, 1, 4096, 0
8028, 8881, 1, 4096, 0
8028, 4529, 1, 4096, 0
8029, 6595, 1, 4096, 0
8029, 8990, 1, 4096, 0
8029, 3025, 1, 4096, 0
8030, 10593, 1, 4096, 0
8031, 7795, 1, 4096, 0
8031, 8491, 1, 4096, 0
8032, 7948, 1, 4096, 0
8032, 6697, 1, 4096, 0
8032, 6238, 1, 4096, 0
8033, 10228, 1, 4096, 0
8033, 3477, 1, 4096, 0
8033, 11484, 1, 4096, 0
8034, 7148, 1, 4096, 0
8034, 7344, 1, 4096, 0
8034, 4672, 1, 4096, 0
8035, 7992, 1, 4096, 0
8035, 5477, 1, 4096, 0
8036, 4998, 1, 4096, 0
8036, 9089, 1, 4096, 0
8036, 3793, 1, 4096, 0
8037, 5558, 1, 4096, 0
8037, 6375, 1, 4096, 0
8038, 6775, 1, 4096, 0
8038, 11106, 1, 4096, 0
8039, 10114, 1, 4096, 0
8039, 7860, 1, 4096, 0
8040, 8547, 1, 4096, 0
8040, 9890, 1, 4096, 0
8041, 8577, 1, 4096, 0
8042, 11168, 1, 4096, 0
8042, 7477, 1, 4096, 0
8042, 7477, 1, 4096, 0
8043, 10228, 1, 4096, 0
8043, 10263, 1, 4096, 0
8044, 7709, 1, 4096, 0
8044, 4062, 1, 4096, 0
8044, 9411, 1, 4096, 0
8045, 9981, 1, 4096, 0
8045, 8408, 1, 4096, 0
8046, 10095, 1, 4096, 0
8046, 6183, 1, 4096, 0
8047, 9793, 1, 4096, 0
8047, 5281, 1, 4096, 0
8048, 5372, 1, 4096, 0
8048, 10882, 1, 4096, 0
8048, 4844, 1, 4096, 0
8049, 9259, 1, 4096, 0
8049, 5539, 1, 4096, 0
8049, 9909, 1, 4096, 0
8050, 8021, 1, 4096, 0
8050, 4649, 1, 4096, 0
8051, 7244, 1, 4096, 0
8051, 8929, 1, 4096, 0
8051, 5075, 1, 4096, 0
8052, 6001, 1, 4096, 0
8052, 9269, 1, 4096, 0
8053, 4920, 1, 4096, 0
8053, 9540, 1, 4096, 0
8054, 6131, 1, 4096, 0
8054, 7163, 1, 4096, 0
8055, 8817, 1, 4096, 0
8055, 3645, 1, 4096, 0
8055, 6758, 1, 4096, 0
8056, 8977, 1, 4096, 0
8056, 8817, 1, 4096, 0
8056, 4581, 1, 4096, 0
8057, 9331, 1, 4096, 0
8058, 6152, 1, 4096, 0
8058, 8244, 1, 4096, 0
8058, 6885, 1, 4096, 0
8058, 4597, 1, 4096, 0
8060, 4654, 1, 4096, 0
8060, 7335, 1, 4096, 0
8060, 4613, 1, 4096, 0
8061, 11423, 1, 4096, 0
8061, 5300, 1, 4096, 0
8061, 6134, 1, 4096, 0
8062, 6847, 1, 4096, 0
8062, 6005, 1, 4096, 0
8062, 13038, 1, 4096, 0
8063, 6003, 1, 4096, 0
8063, 5430, 1, 4096, 0
8063, 5384, 1, 4096, 0
8064, 4138, 1, 4096, 0
8064, 3188, 1, 4096, 0
8065, 8161, 1, 4096, 0
8065, 5694, 1, 4096, 0
8066, 5312, 1, 4096, 0
8066, 9359, 1, 4096, 0
8067, 11101, 1, 4096, 0
8067, 7194, 1, 4096, 0
8067, 5686, 1, 4096, 0
8068, 9813, 1, 4096, 0
8068, 9331, 1, 4096, 0
8068, 9886, 1, 4096, 0
8069, 7686, 1, 4096, 0
8069, 10273, 1, 4096, 0
8069, 6122, 1, 4096, 0
8070, 5686, 1, 4096, 0
8070, 6362, 1, 4096, 0
8071, 9841, 1, 4096, 0
8071, 14001, 1, 4096, 0
8072, 8250, 1, 4096, 0
8072, 6657, 1, 4096, 0
8072, 8872, 1, 4096, 0
8073, 5256, 1, 4096, 0
8073, 6829, 1, 4096, 0
8073, 9377, 1, 4096, 0
8074, 8774, 1, 4096, 0
8074, 3794, 1, 4096, 0
8074, 1964, 1, 4096, 0
8076, 6611, 1, 4096, 0
8076, 11255, 1, 4096, 0
8076, 3166, 1, 4096, 0
8077, 7803, 1, 4096, 0
8077, 8222, 1, 4096, 0
8077, 4989, 1, 4096, 0
8078, 11468, 1, 4096, 0
8078, 9065, 1, 4096, 0
8079, 9429, 1, 4096, 0
8079, 2316, 1, 4096, 0
8080, 7348, 1, 4096, 0
8080, 5765, 1, 4096, 0
8080, 6713, 1, 4096, 0
8081, 6497, 1, 4096, 0
8081, 10077, 1, 4096, 0
8081, 5434, 1, 4096, 0
8082, 6823, 1, 4096, 0
8082, 4921, 1, 4096, 0
8083, 7597, 1, 4096, 0
8083, 27974, 1, 4096, 0
8083, 4889, 1, 4096, 0
8084, 9064, 1, 4096, 0
8084, 12205, 1, 4096, 0
8085, 9750, 1, 4096, 0
8085, 7993, 1, 4096, 0
8085, 6225, 1, 4096, 0
8085, 6714, 1, 4096, 0
8086, 9910, 1, 4096, 0
8086, 5018, 1, 4096, 0
8087, 5773, 1, 4096, 0
8087, 4547, 1, 4096, 0
8087, 7173, 1, 4096, 0
8088, 7039, 1, 4096, 0
8088, 3658, 1, 4096, 0
8089, 5539, 1, 4096, 0
8089, 4218, 1, 4096, 0
8090, 6715, 1, 4096, 0
8090, 11454, 1, 4096, 0
8090, 11968, 1, 4096, 0
8091, 6278, 1, 4096, 0
8091, 4518, 1, 4096, 0
8092, 8430, 1, 4096, 0
8092, 5600, 1, 4096, 0
8093, 14414, 1, 4096, 0
8093, 7949, 1, 4096, 0
8093, 9461, 1, 4096, 0
8094, 7922, 1, 4096, 0
8095, 10823, 1, 4096, 0
8095, 7356, 1, 4096, 0
8096, 7230, 1, 4096, 0
8096, 3187, 1, 4096, 0
8097, 7791, 1, 4096, 0
8097, 20718, 1, 4096, 0
8097, 8097, 1, 4096, 0
8097, 9767, 1, 4096, 0
8098, 8126, 1, 4096, 0
8098, 4165, 1, 4096, 0
8099, 11184, 1, 4096, 0
8099, 7122, 1, 4096, 0
8100, 4524, 1, 4096, 0
8100, 9803, 1, 4096, 0
8101, 8460, 1, 4096, 0
8101, 14193, 1, 4096, 0
8101, 8491, 1, 4096, 0
8102, 5655, 1, 4096, 0
8102, 4539, 1, 4096, 0
8102, 5489, 1, 4096, 0
8103, 10823, 1, 4096, 0
8103, 9406, 1, 4096, 0
8103, 7011, 1, 4096, 0
8104, 11540, 1, 4096, 0
8104, 7738, 1, 4096, 0
8105, 9800, 1, 4096, 0
8105, 6455, 1, 4096, 0
8106, 6362, 1, 4096, 0
8106, 4335, 1, 4096, 0
8107, 6164, 1, 4096, 0
8107, 8066, 1, 4096, 0
8107, 6268, 1, 4096, 0
8108, 3557, 1, 4096, 0
8108, 8893, 1, 4096, 0
8108, 4542, 1, 4096, 0
8109, 4095, 1, 4096, 0
8110, 9585, 1, 4096, 0
8110, 7593, 1, 4096, 0
8110, 2232, 1, 4096, 0
8111, 7250, 1, 4096, 0
8111, 6910, 1, 4096, 0
8111, 10132, 1, 4096, 0
8112, 8764, 1, 4096, 0
8112, 5932, 1, 4096, 0
8112, 9738, 1, 4096, 0
8113, 5045, 1, 4096, 0
8113, 8793, 1, 4096, 0
8113, 8198, 1, 4096, 0
8114, 8491, 1, 4096, 0
8114, 10954, 1, 4096, 0
8115, 4613, 1, 4096, 0
8115, 6290, 1, 4096, 0
8116, 6237, 1, 4096, 0
8116, 8324, 1, 4096, 0
8116, 4372, 1, 4096, 0
8117, 7192, 1, 4096, 0
8117, 7529, 1, 4096, 0
8118, 8604, 1, 4096, 0
8118, 7398, 1, 4096, 0
8119, 6691, 1, 4096, 0
8119, 5522, 1, 4096, 0
8119, 11993, 1, 4096, 0
8120, 6077, 1, 4096, 0
8120, 6773, 1, 4096, 0
8120, 7011, 1, 4096, 0
8121, 5656, 1, 4096, 0
8121, 11836, 1, 4096, 0
8123, 8560, 1, 4096, 0
8123, 7974, 1, 4096, 0
8123, 10544, 1, 4096, 0
8125, 8595, 1, 4096, 0
8125, 11187, 1, 4096, 0
8126, 11288, 1, 4096, 0
8126, 7231, 1, 4096, 0
8126, 7748, 1, 4096, 0
8127, 9830, 1, 4096, 0
8127, 7262, 1, 4096, 0
8128, 8962, 1, 4096, 0
8128, 6286, 1, 4096, 0
8129, 7387, 1, 4096, 0
8129, 9239, 1, 4096, 0
8130, 8819, 1, 4096, 0
8130, 7962, 1, 4096, 0
8130, 10108, 1, 4096, 0
8131, 7515, 1, 4096, 0
8131, 2610, 1, 4096, 0
8131, 1955, 1, 4096, 0
8132, 8316, 1, 4096, 0
8133, 8126, 1, 4096, 0
8133, 5423, 1, 4096, 0
8133, 14017, 1, 4096, 0
8134, 5707, 1, 4096, 0
8134, 6210, 1, 4096, 0
8134, 8077, 1, 4096, 0
8135, 5971, 1, 4096, 0
8135, 7822, 1, 4096, 0
8135, 3230, 1, 4096, 0
8135, 4761, 1, 4096, 0
8136, 9139, 1, 4096, 0
8136, 8993, 1, 4096, 0
8137, 6456, 1, 4096, 0
8137, 5866, 1, 4096, 0
8138, 8157, 1, 4096, 0
8138, 8923, 1, 4096, 0
8139, 7651, 1, 4096, 0
8139, 5879, 1, 4096, 0
8139, 10841, 1, 4096, 0
8140, 4146, 1, 4096, 0
8140, 3867, 1, 4096, 0
8140, 11502, 1, 4096, 0
8141, 7860, 1, 4096, 0
8141, 8826, 1, 4096, 0
8142, 9143, 1, 4096, 0
8142, 12703, 1, 4096, 0
8143, 7240, 1, 4096, 0
8143, 9837, 1, 4096, 0
8143, 5662, 1, 4096, 0
8144, 8106, 1, 4096, 0
8144, 5545, 1, 4096, 0
8145, 5604, 1, 4096, 0
8145, 4794, 1, 4096, 0
8145, 9424, 1, 4096, 0
8146, 4897, 1, 4096, 0
8147, 9412, 1, 4096, 0
8147, 6754, 1, 4096, 0
8147, 9459, 1, 4096, 0
8148, 10270, 1, 4096, 0
8148, 4650, 1, 4096, 0
8148, 7124, 1, 4096, 0
8149, 9142, 1, 4096, 0
8149, 9752, 1, 4096, 0
8150, 3859, 1, 4096, 0
8151, 9167, 1, 4096, 0
8151, 5088, 1, 4096, 0
8152, 9287, 1, 4096, 0
8152, 8608, 1, 4096, 0
8152, 6351, 1, 4096, 0
8153, 6999, 1, 4096, 0
8153, 7202, 1, 4096, 0
8154, 9237, 1, 4096, 0
8154, 10275, 1, 4096, 0
8155, 6785, 1, 4096, 0
8155, 9077, 1, 4096, 0
8155, 8223, 1, 4096, 0
8156, 6978, 1, 4096, 0
8156, 5304, 1, 4096, 0
8156, 8710, 1, 4096, 0
8157, 6736, 1, 4096, 0
8157, 7947, 1, 4096, 0
8158, 9358, 1, 4096, 0
8159, 6953, 1, 4096, 0
8159, 6119, 1, 4096, 0
8159, 8750, 1, 4096, 0
8160, 9114, 1, 4096, 0
8160, 5410, 1, 4096, 0
8161, 8450, 1, 4096, 0
8161, 7376, 1, 4096, 0
8161, 5967, 1, 4096, 0
8162, 7464, 1, 4096, 0
8162, 10097, 1, 4096, 0
8162, 5719, 1, 4096, 0
8163, 6758, 1, 4096, 0
8163, 4911, 1, 4096, 0
8164, 9701, 1, 4096, 0
8165, 5873, 1, 4096, 0
8165, 6893, 1, 4096, 0
8166, 8713, 1, 4096, 0
8166, 4346, 1, 4096, 0
8167, 6726, 1, 4096, 0
8167, 5932, 1, 4096, 0
8167, 11420, 1, 4096, 0
8168, 10253, 1, 4096, 0
8168, 6250, 1, 4096, 0
8168, 7191, 1, 4096, 0
8169, 7768, 1, 4096, 0
8170, 7272, 1, 4096, 0
8170, 4103, 1, 4096, 0
8171, 6903, 1, 4096, 0
8171, 5319, 1, 4096, 0
8171, 6266, 1, 4096, 0
8172, 9532, 1, 4096, 0
8172, 6291, 1, 4096, 0
8172, 5538, 1, 4096, 0
8174, 9353, 1, 4096, 0
8174, 7212, 1, 4096, 0
8174, 8651, 1, 4096, 0
8175, 5369, 1, 4096, 0
8175, 5425, 1, 4096, 0
8175, 5091, 1, 4096, 0
8176, 7784, 1, 4096, 0
8176, 8251, 1, 4096, 0
8176, 5999, 1, 4096, 0
8177, 8554, 1, 4096, 0
8177, 10209, 1, 4096, 0
8178, 7867, 1, 4096, 0
8178, 5268, 1, 4096, 0
8178, 12608, 1, 4096, 0
8179, 6398, 1, 4096, 0
8179, 5040, 1, 4096, 0
8179, 11114, 1, 4096, 0
8180, 9192, 1, 4096, 0
8180, 11136, 1, 4096, 0
8180, 8979, 1, 4096, 0
8180, 4077, 1, 4096, 0
8181, 9036, 1, 4096, 0
8182, 10319, 1, 4096, 0
8182, 10708, 1, 4096, 0
8182, 8766, 1, 4096, 0
8182, 7168, 1, 4096, 0
8184, 6896, 1, 4096, 0
8184, 14721, 1, 4096, 0
8185, 6694, 1, 4096, 0
8186, 5208, 1, 4096, 0
8186, 7917, 1, 4096, 0
8186, 17101, 1, 4096, 0
8187, 8618, 1, 4096, 0
8187, 4239, 1, 4096, 0
8187, 6347, 1, 4096, 0
8188, 6706, 1, 4096, 0
8188, 3556, 1, 4096, 0
8188, 4984, 1, 4096, 0
8189, 8524, 1, 4096, 0
8189, 10231, 1, 4096, 0
8190, 10263, 1, 4096, 0
8190, 10599, 1, 4096, 0
8191, 6874, 1, 4096, 0
8191, 6455, 1, 4096, 0
8192, 10883, 1, 4096, 0
8192, 9911, 1, 4096, 0
8193, 8170, 1, 4096, 0
8193, 6183, 1, 4096, 0
8193, 6870, 1, 4096, 0
8194, 7871, 1, 4096, 0
8194, 6316, 1, 4096, 0
8195, 6248, 1, 4096, 0
8195, 5779, 1, 4096, 0
8196, 9755, 1, 4096, 0
8196, 3833, 1, 4096, 0
8197, 5270, 1, 4096, 0
8197, 6946, 1, 4096, 0
8197, 11532, 1, 4096, 0
8198, 7638, 1, 4096, 0
8198, 3061, 1, 4096, 0
8199, 8600, 1, 4096, 0
8199, 11634, 1, 4096, 0
8199, 4118, 1, 4096, 0
8200, 5657, 1, 4096, 0
8200, 8323, 1, 4096, 0
8200, 10564, 1, 4096, 0
8201, 4845, 1, 4096, 0
8201, 7274, 1, 4096, 0
8201, 4573, 1, 4096, 0
8202, 8838, 1, 4096, 0
8202, 8198, 1, 4096, 0
8203, 12509, 1, 4096, 0
8203, 4456, 1, 4096, 0
8203, 6081, 1, 4096, 0
8204, 9688, 1, 4096, 0
8204, 4654, 1, 4096, 0
8205, 6620, 1, 4096, 0
8205, 7403, 1, 4096, 0
8205, 4398, 1, 4096, 0
8206, 7214, 1, 4096, 0
8207, 9054, 1, 4096, 0
8207, 5034, 1, 4096, 0
8207, 8363, 1, 4096, 0
8208, 8061, 1, 4096, 0
8208, 7007, 1, 4096, 0
8209, 5736, 1, 4096, 0
8209, 4193, 1, 4096, 0
8210, 5418, 1, 4096, 0
8210, 10250, 1, 4096, 0
8210, 7784, 1, 4096, 0
8211, 4995, 1, 4096, 0
8211, 10865, 1, 4096, 0
8211, 8258, 1, 4096, 0
8212, 9911, 1, 4096, 0
8212, 4024, 1, 4096, 0
8213, 6844, 1, 4096, 0
8213, 6275, 1, 4096, 0
8213, 5666, 1, 4096, 0
8214, 5380, 1, 4096, 0
8214, 6205, 1, 4096, 0
8215, 9007, 1, 4096, 0
8215, 9202, 1, 4096, 0
8215, 6785, 1, 4096, 0
8216, 10901, 1, 4096, 0
8216, 4705, 1, 4096, 0
8216, 5437, 1, 4096, 0
8218, 8855, 1, 4096, 0
8218, 7340, 1, 4096, 0
8218, 4134, 1, 4096, 0
8219, 6014, 1, 4096, 0
8219, 6398, 1, 4096, 0
8219, 6138, 1, 4096, 0
8220, 10051, 1, 4096, 0
8220, 8963, 1, 4096, 0
8221, 7775, 1, 4096, 0
8221, 6739, 1, 4096, 0
8222, 4989, 1, 4096, 0
8222, 3021, 1, 4096, 0
8222, 12719, 1, 4096, 0
8222, 7621, 1, 4096, 0
8223, 7231, 1, 4096, 0
8223, 7966, 1, 4096, 0
8224, 8915, 1, 4096, 0
8225, 9869, 1, 4096, 0
8225, 7134, 1, 4096, 0
8225, 8261, 1, 4096, 0
8226, 7101, 1, 4096, 0
8226, 9316, 1, 4096, 0
8226, 10059, 1, 4096, 0
8227, 9265, 1, 4096, 0
8227, 11434, 1, 4096, 0
8228, 6309, 1, 4096, 0
8228, 6922, 1, 4096, 0
8228, 4035, 1, 4096, 0
8229, 9478, 1, 4096, 0
8229, 4152, 1, 4096, 0
8229, 5407, 1, 4096, 0
8230, 8456, 1, 4096, 0
8231, 7161, 1, 4096, 0
8231, 6846, 1, 4096, 0
8232, 9638, 1, 4096, 0
8232, 3900, 1, 4096, 0
8232, 9866, 1, 4096, 0
8233, 11304, 1, 4096, 0
8233, 4317, 1, 4096, 0
8233, 6346, 1, 4096, 0
8234, 8948, 1, 4096, 0
8234, 8318, 1, 4096, 0
8234, 3649, 1, 4096, 0
8235, 10176, 1, 4096, 0
8235, 7211, 1, 4096, 0
8236, 9973, 1, 4096, 0
8236, 5108, 1, 4096, 0
8237, 8601, 1, 4096, 0
8237, 6432, 1, 4096, 0
8237, 7694, 1, 4096, 0
8238, 8555, 1, 4096, 0
8238, 8662, 1, 4096, 0
8239, 8929, 1, 4096, 0
8239, 2881, 1, 4096, 0
8239, 11265, 1, 4096, 0
8240, 6846, 1, 4096, 0
8240, 8315, 1, 4096, 0
8240, 7229, 1, 4096, 0
8241, 7634, 1, 4096, 0
8241, 10631, 1, 4096, 0
8241, 8454, 1, 4096, 0
8242, 10050, 1, 4096, 0
8242, 13181, 1, 4096, 0
8243, 8739, 1, 4096, 0
8244, 6276, 1, 4096, 0
8244, 10324, 1, 4096, 0
8244, 10035, 1, 4096, 0
8245, 9052, 1, 4096, 0
8245, 10511, 1, 4096, 0
8245, 7682, 1, 4096, 0
8247, 7406, 1, 4096, 0
8247, 13083, 1, 4096, 0
8247, 4234, 1, 4096, 0
8248, 9802, 1, 4096, 0
8248, 6507, 1, 4096, 0
8249, 9470, 1, 4096, 0
8249, 3832, 1, 4096, 0
8249, 4128, 1, 4096, 0
8250, 8058, 1, 4096, 0
8250, 7971, 1, 4096, 0
8250, 9067, 1, 4096, 0
8251, 11033, 1, 4096, 0
8251, 11411, 1, 4096, 0
8252, 8999, 1, 4096, 0
8252, 4717, 1, 4096, 0
8252, 9052, 1, 4096, 0
8253, 7351, 1, 4096, 0
8253, 8976, 1, 4096, 0
8254, 6388, 1, 4096, 0
8254, 5705, 1, 4096, 0
8255, 8585, 1, 4096, 0
8255, 6276, 1, 4096, 0
8255, 10433, 1, 4096, 0
8256, 8296, 1, 4096, 0
8256, 10303, 1, 4096, 0
8256, 2630, 1, 4096, 0
8257, 6052, 1, 4096, 0
8258, 6105, 1, 4096, 0
8258, 4206, 1, 4096, 0
8258, 6572, 1, 4096, 0
8259, 7613, 1, 4096, 0
8259, 7835, 1, 4096, 0
8259, 5228, 1, 4096, 0
8260, 5949, 1, 4096, 0
8260, 3865, 1, 4096, 0
8261, 11000, 1, 4096, 0
8261, 8079, 1, 4096, 0
8262, 3624, 1, 4096, 0
8262, 4399, 1, 4096, 0
8262, 9476, 1, 4096, 0
8262, 8397, 1, 4096, 0
8263, 7259, 1, 4096, 0
8264, 7694, 1, 4096, 0
8264, 6835, 1, 4096, 0
8265, 11182, 1, 4096, 0
8265, 7433, 1, 4096, 0
8265, 6285, 1, 4096, 0
8266, 7744, 1, 4096, 0
8266, 6542, 1, 4096, 0
8267, 8981, 1, 4096, 0
8267, 5411, 1, 4096, 0
8267, 7962, 1, 4096, 0
8268, 8198, 1, 4096, 0
8268, 5593, 1, 4096, 0
8269, 8481, 1, 4096, 0
8269, 9912, 1, 4096, 0
8270, 9088, 1, 4096, 0
8270, 9362, 1, 4096, 0
8270, 3277, 1, 4096, 0
8271, 8338, 1, 4096, 0
8271, 7288, 1, 4096, 0
8271, 5995, 1, 4096, 0
8272, 9505, 1, 4096, 0
8272, 6742, 1, 4096, 0
8273, 7858, 1, 4096, 0
8273, 6470, 1, 4096, 0
8274, 7018, 1, 4096, 0
8274, 6844, 1, 4096, 0
8274, 9407, 1, 4096, 0
8275, 8387, 1, 4096, 0
8275, 8501, 1, 4096, 0
8275, 7147, 1, 4096, 0
8276, 10108, 1, 4096, 0
8277, 5092, 1, 4096, 0
8277, 3970, 1, 4096, 0
8277, 9453, 1, 4096, 0
8277, 4374, 1, 4096, 0
8278, 5115, 1, 4096, 0
8278, 5467, 1, 4096, 0
8279, 10656, 1, 4096, 0
8279, 6360, 1, 4096, 0
8280, 7320, 1, 4096, 0
8280, 8056, 1, 4096, 0
8280, 6820, 1, 4096, 0
8281, 5752, 1, 4096, 0
8281, 7995, 1, 4096, 0
8282, 8606, 1, 4096, 0
8282, 10629, 1, 4096, 0
8282, 8133, 1, 4096, 0
8283, 7285, 1, 4096, 0
8283, 6735, 1, 4096, 0
8284, 6173, 1, 4096, 0
8284, 1581, 1, 4096, 0
8284, 8769, 1, 4096, 0
8285, 3124, 1, 4096, 0
8285, 1889, 1, 4096, 0
8285, 3357, 1, 4096, 0
8286, 4272, 1, 4096, 0
8286, 7454, 1, 4096, 0
8287, 8044, 1, 4096, 0
8287, 6392, 1, 4096, 0
8287, 6508, 1, 4096, 0
8288, 7111, 1, 4096, 0
8288, 9004, 1, 4096, 0
8289, 10225, 1, 4096, 0
8289, 5212, 1, 4096, 0
8289, 10263, 1, 4096, 0
8290, 25516, 1, 4096, 0
8290, 9119, 1, 4096, 0
8290, 4648, 1, 4096, 0
8291, 9338, 1, 4096, 0
8291, 9876, 1, 4096, 0
8292, 7120, 1, 4096, 0
8292, 9698, 1, 4096, 0
8292, 3793, 1, 4096, 0
8293, 10441, 1, 4096, 0
8293, 7468, 1, 4096, 0
8293, 7069, 1, 4096, 0
8294, 10191, 1, 4096, 0
8294, 7402, 1, 4096, 0
8294, 3226, 1, 4096, 0
8295, 10134, 1, 4096, 0
8295, 5621, 1, 4096, 0
8296, 4976, 1, 4096, 0
8296, 9278, 1, 4096, 0
8297, 7033, 1, 4096, 0
8297, 4400, 1, 4096, 0
8297, 8517, 1, 4096, 0
8298, 9505, 1, 4096, 0
8298, 9385, 1, 4096, 0
8299, 6875, 1, 4096, 0
8299, 8634, 1, 4096, 0
8299, 8493, 1, 4096, 0
8300, 9392, 1, 4096, 0
8300, 9047, 1, 4096, 0
8301, 6228, 1, 4096, 0
8301, 3007, 1, 4096, 0
8302, 9067, 1, 4096, 0
8302, 4839, 1, 4096, 0
8302, 4284, 1, 4096, 0
8303, 8686, 1, 4096, 0
8303, 7699, 1, 4096, 0
8303, 4192, 1, 4096, 0
8304, 9230, 1, 4096, 0
8304, 2196, 1, 4096, 0
8304, 5173, 1, 4096, 0
8305, 7195, 1, 4096, 0
8305, 9532, 1, 4096, 0
8305, 5197, 1, 4096, 0
8306, 7016, 1, 4096, 0
8306, 4466, 1, 4096, 0
8307, 9270, 1, 4096, 0
8307, 5264, 1, 4096, 0
8308, 10792, 1, 4096, 0
8308, 5636, 1, 4096, 0
8308, 5007, 1, 4096, 0
8308, 7016, 1, 4096, 0
8309, 9671, 1, 4096, 0
8309, 10212, 1, 4096, 0
8310, 7185, 1, 4096, 0
8310, 6494, 1, 4096, 0
8311, 4401, 1, 4096, 0
8311, 9063, 1, 4096, 0
8311, 6167, 1, 4096, 0
8312, 6791, 1, 4096, 0
8312, 6418, 1, 4096, 0
8312, 8627, 1, 4096, 0
8313, 6260, 1, 4096, 0
8313, 8830, 1, 4096, 0
8314, 3491, 1, 4096, 0
8314, 5669, 1, 4096, 0
8315, 7614, 1, 4096, 0
8315, 5111, 1, 4096, 0
8316, 6997, 1, 4096, 0
8316, 11100, 1, 4096, 0
8316, 3171, 1, 4096, 0
8317, 11301, 1, 4096, 0
8317, 5455, 1, 4096, 0
8317, 5856, 1, 4096, 0
8317, 6159, 1, 4096, 0
8318, 6199, 1, 4096, 0
8318, 8340, 1, 4096, 0
8318, 9427, 1, 4096, 0
8319, 9467, 1, 4096, 0
8319, 4940, 1, 4096, 0
8320, 7559, 1, 4096, 0
8320, 6425, 1, 4096, 0
8321, 8833, 1, 4096, 0
8321, 9300, 1, 4096, 0
8321, 5570, 1, 4096, 0
8322, 9026, 1, 4096, 0
8322, 7202, 1, 4096, 0
8322, 10134, 1, 4096, 0
8323, 8086, 1, 4096, 0
8323, 2916, 1, 4096, 0
8324, 9607, 1, 4096, 0
8324, 10463, 1, 4096, 0
8324, 6682, 1, 4096, 0
8325, 11653, 1, 4096, 0
8325, 9440, 1, 4096, 0
8325, 8964, 1, 4096, 0
8326, 10236, 1, 4096, 0
8326, 7434, 1, 4096, 0
8327, 13935, 1, 4096, 0
8327, 2942, 1, 4096, 0
8328, 7009, 1, 4096, 0
8328, 8863, 1, 4096, 0
8328, 3543, 1, 4096, 0
8329, 9511, 1, 4096, 0
8329, 7816, 1, 4096, 0
8330, 12517, 1, 4096, 0
8330, 7301, 1, 4096, 0
8331, 8387, 1, 4096, 0
8331, 9966, 1, 4096, 0
8331, 6538, 1, 4096, 0
8332, 8336, 1, 4096, 0
8332, 7050, 1, 4096, 0
8332, 6792, 1, 4096, 0
8333, 9018, 1, 4096, 0
8333, 7301, 1, 4096, 0
8334, 4844, 1, 4096, 0
8334, 10032, 1, 4096, 0
8335, 9167, 1, 4096, 0
8335, 8219, 1, 4096, 0
8335, 11032, 1, 4096, 0
8336, 7346, 1, 4096, 0
8336, 11457, 1, 4096, 0
8336, 7020, 1, 4096, 0
8337, 7680, 1, 4096, 0
8337, 6621, 1, 4096, 0
8338, 3783, 1, 4096, 0
8338, 7573, 1, 4096, 0
8338, 6853, 1, 4096, 0
8339, 7817, 1, 4096, 0
8339, 7138, 1, 4096, 0
8340, 10750, 1, 4096, 0
8340, 9835, 1, 4096, 0
8340, 7392, 1, 4096, 0
8341, 5687, 1, 4096, 0
8341, 6237, 1, 4096, 0
8341, 6229, 1, 4096, 0
8342, 5486, 1, 4096, 0
8342, 6287, 1, 4096, 0
8342, 6602, 1, 4096, 0
8343, 8110, 1, 4096, 0
8343, 9789, 1, 4096, 0
8343, 5624, 1, 4096, 0
8344, 10624, 1, 4096, 0
8344, 9486, 1, 4096, 0
8344, 8407, 1, 4096, 0
8345, 7240, 1, 4096, 0
8345, 3849, 1, 4096, 0
8346, 10987, 1, 4096, 0
8347, 7240, 1, 4096, 0
8347, 10980, 1, 4096, 0
8347, 8440, 1, 4096, 0
8348, 4149, 1, 4096, 0
8349, 8698, 1, 4096, 0
8349, 5059, 1, 4096, 0
8349, 4643, 1, 4096, 0
8350, 6135, 1, 4096, 0
8350, 4539, 1, 4096, 0
8350, 5132, 1, 4096, 0
8351, 11555, 1, 4096, 0
8352, 10193, 1, 4096, 0
8352, 4773, 1, 4096, 0
8352, 9455, 1, 4096, 0
8353, 7890, 1, 4096, 0
8353, 3775, 1, 4096, 0
8353, 3708, 1, 4096, 0
8354, 5625, 1, 4096, 0
8354, 4468, 1, 4096, 0
8354, 6661, 1, 4096, 0
8355, 5499, 1, 4096, 0
8355, 9247, 1, 4096, 0
8355, 8119, 1, 4096, 0
8356, 8899, 1, 4096, 0
8356, 5419, 1, 4096, 0
8356, 3101, 1, 4096, 0
8357, 8620, 1, 4096, 0
8357, 9335, 1, 4096, 0
8357, 8075, 1, 4096, 0
8358, 8946, 1, 4096, 0
8359, 7356, 1, 4096, 0
8359, 3000, 1, 4096, 0
8359, 6431, 1, 4096, 0
8360, 8069, 1, 4096, 0
8360, 8170, 1, 4096, 0
8360, 4443, 1, 4096, 0
8361, 9902, 1, 4096, 0
8361, 11203, 1, 4096, 0
8361, 6705, 1, 4096, 0
8362, 5517, 1, 4096, 0
8363, 9817, 1, 4096, 0
8363, 6664, 1, 4096, 0
8363, 5035, 1, 4096, 0
8364, 10161, 1, 4096, 0
8364, 5150, 1, 4096, 0
8364, 7898, 1, 4096, 0
8365, 6354, 1, 4096, 0
8365, 8662, 1, 4096, 0
8365, 7444, 1, 4096, 0
8366, 6049, 1, 4096, 0
8366, 6553, 1, 4096, 0
8366, 7379, 1, 4096, 0
8367, 9066, 1, 4096, 0
8367, 5014, 1, 4096, 0
8367, 6519, 1, 4096, 0
8368, 9017, 1, 4096, 0
8368, 9675, 1, 4096, 0
8369, 10787, 1, 4096, 0
8369, 8837, 1, 4096, 0
8370, 7082, 1, 4096, 0
8370, 6361, 1, 4096, 0
8370, 10293, 1, 4096, 0
8370, 8098, 1, 4096, 0
8371, 6555, 1, 4096, 0
8371, 5982, 1, 4096, 0
8372, 8216, 1, 4096, 0
8372, 6352, 1, 4096, 0
8372, 6972, 1, 4096, 0
8373, 6273, 1, 4096, 0
8373, 6802, 1, 4096, 0
8374, 9935, 1, 4096, 0
8375, 8380, 1, 4096, 0
8377, 10251, 1, 4096, 0
8378, 8210, 1, 4096, 0
8379, 8939, 1, 4096, 0
8379, 10196, 1, 4096, 0
8379, 10301, 1, 4096, 0
8380, 6631, 1, 4096, 0
8380, 9215, 1, 4096, 0
8380, 3592, 1, 4096, 0
8381, 8845, 1, 4096, 0
8381, 8480, 1, 4096, 0
8382, 7700, 1, 4096, 0
8382, 3602, 1, 4096, 0
8383, 9080, 1, 4096, 0
8383, 4711, 1, 4096, 0
8383, 10288, 1, 4096, 0
8384, 9216, 1, 4096, 0
8384, 4663, 1, 4096, 0
8384, 7517, 1, 4096, 0
8385, 6461, 1, 4096, 0
8385, 10248, 1, 4096, 0
8385, 10231, 1, 4096, 0
8386, 9351, 1, 4096, 0
8386, 9067, 1, 4096, 0
8386, 6988, 1, 4096, 0
8387, 11258, 1, 4096, 0
8388, 8636, 1, 4096, 0
8388, 9185, 1, 4096, 0
8388, 7522, 1, 4096, 0
8389, 8830, 1, 4096, 0
8389, 10714, 1, 4096, 0
8389, 6524, 1, 4096, 0
8390, 7460, 1, 4096, 0
8390, 6953, 1, 4096, 0
8391, 6752, 1, 4096, 0
8392, 11320, 1, 4096, 0
8392, 7874, 1, 4096, 0
8393, 5877, 1, 4096, 0
8393, 8283, 1, 4096, 0
8394, 9306, 1, 4096, 0
8394, 9857, 1, 4096, 0
8395, 5590, 1, 4096, 0
8395, 8581, 1, 4096, 0
8395, 8898, 1, 4096, 0
8395, 6840, 1, 4096, 0
8396, 5534, 1, 4096, 0
8396, 7903, 1, 4096, 0
8397, 4498, 1, 4096, 0
8397, 10445, 1, 4096, 0
8398, 5426, 1, 4096, 0
8398, 9408, 1, 4096, 0
8398, 5549, 1, 4096, 0
8399, 11260, 1, 4096, 0
8399, 7950, 1, 4096, 0
8400, 8000, 1, 4096, 0
8400, 7060, 1, 4096, 0
8400, 10920, 1, 4096, 0
8401, 5254, 1, 4096, 0
8401, 5957, 1, 4096, 0
8401, 4052, 1, 4096, 0
8402, 9985, 1, 4096, 0
8403, 6504, 1, 4096, 0
8403, 10258, 1, 4096, 0
8403, 10663, 1, 4096, 0
8404, 9249, 1, 4096, 0
8404, 6163, 1, 4096, 0
8404, 6703, 1, 4096, 0
8405, 11111, 1, 4096, 0
8405, 7592, 1, 4096, 0
8405, 9397, 1, 4096, 0
8406, 7549, 1, 4096, 0
8406, 7906, 1, 4096, 0
8408, 12273, 1, 4096, 0
8408, 9467, 1, 4096, 0
8408, 10053, 1, 4096, 0
8409, 6296, 1, 4096, 0
8409, 6598, 1, 4096, 0
8410, 8925, 1, 4096, 0
8410, 7653, 1, 4096, 0
8410, 7428, 1, 4096, 0
8411, 7751, 1, 4096, 0
8411, 4744, 1, 4096, 0
8411, 3044, 1, 4096, 0
8412, 10514, 1, 4096, 0
8413, 6203, 1, 4096, 0
8413, 2708, 1, 4096, 0
8413, 5772, 1, 4096, 0
8414, 9921, 1, 4096, 0
8414, 9018, 1, 4096, 0
8414, 4929, 1, 4096, 0
8415, 8074, 1, 4096, 0
8415, 4215, 1, 4096, 0
8415, 3890, 1, 4096, 0
8416, 6510, 1, 4096, 0
8416, 4551, 1, 4096, 0
8417, 7128, 1, 4096, 0
8417, 8715, 1, 4096, 0
8418, 7840, 1, 4096, 0
8418, 7331, 1, 4096, 0
8418, 7639, 1, 4096, 0
8419, 10679, 1, 4096, 0
8419, 7415, 1, 4096, 0
8419, 5183, 1, 4096, 0
8420, 9299, 1, 4096, 0
8420, 6034, 1, 4096, 0
8421, 9827, 1, 4096, 0
8421, 8438, 1, 4096, 0
8422, 9820, 1, 4096, 0
8422, 4914, 1, 4096, 0
8423, 7545, 1, 4096, 0
8423, 8117, 1, 4096, 0
8423, 9227, 1, 4096, 0
8424, 13973, 1, 4096, 0
8424, 7851, 1, 4096, 0
8424, 9681, 1, 4096, 0
8425, 9166, 1, 4096, 0
8425, 9651, 1, 4096, 0
8425, 6509, 1, 4096, 0
8427, 13028, 1, 4096, 0
8427, 5077, 1, 4096, 0
8427, 4424, 1, 4096, 0
8427, 6044, 1, 4096, 0
8428, 6606, 1, 4096, 0
8428, 5048, 1, 4096, 0
8429, 7279, 1, 4096, 0
8429, 7131, 1, 4096, 0
8429, 5356, 1, 4096, 0
8430, 10902, 1, 4096, 0
8430, 10005, 1, 4096, 0
8430, 4083, 1, 4096, 0
8431, 7781, 1, 4096, 0
8432, 10315, 1, 4096, 0
8432, 4873, 1, 4096, 0
8432, 3134, 1, 4096, 0
8433, 9389, 1, 4096, 0
8433, 4613, 1, 4096, 0
8433, 9645, 1, 4096, 0
8434, 10501, 1, 4096, 0
8434, 10581, 1, 4096, 0
8434, 10863, 1, 4096, 0
8435, 6717, 1, 4096, 0
8436, 10380, 1, 4096, 0
8436, 9272, 1, 4096, 0
8437, 7016, 1, 4096, 0
8437, 8461, 1, 4096, 0
8437, 6307, 1, 4096, 0
8437, 9057, 1, 4096, 0
8438, 3777, 1, 4096, 0
8439, 9841, 1, 4096, 0
8439, 7832, 1, 4096, 0
8439, 9475, 1, 4096, 0
8440, 3849, 1, 4096, 0
8440, 6715, 1, 4096, 0
8441, 9889, 1, 4096, 0
8441, 10540, 1, 4096, 0
8442, 6583, 1, 4096, 0
8442, 7804, 1, 4096, 0
8442, 11194, 1, 4096, 0
8443, 8073, 1, 4096, 0
8443, 6075, 1, 4096, 0
8443, 5826, 1, 4096, 0
8444, 6961, 1, 4096, 0
8445, 11949, 1, 4096, 0
8445, 7565, 1, 4096, 0
8445, 8935, 1, 4096, 0
8446, 8573, 1, 4096, 0
8447, 6784, 1, 4096, 0
8447, 7036, 1, 4096, 0
8448, 8359, 1, 4096, 0
8448, 4264, 1, 4096, 0
8449, 8874, 1, 4096, 0
8449, 9782, 1, 4096, 0
8449, 20811, 1, 4096, 0
8450, 10048, 1, 4096, 0
8450, 10602, 1, 4096, 0
8450, 12476, 1, 4096, 0
8451, 6216, 1, 4096, 0
8451, 11089, 1, 4096, 0
8452, 7668, 1, 4096, 0
8452, 3660, 1, 4096, 0
8452, 6396, 1, 4096, 0
8453, 10362, 1, 4096, 0
8453, 2923, 1, 4096, 0
8453, 7674, 1, 4096, 0
8454, 13705, 1, 4096, 0
8454, 4062, 1, 4096, 0
8454, 8358, 1, 4096, 0
8454, 7454, 1, 4096, 0
8455, 11706, 1, 4096, 0
8455, 6800, 1, 4096, 0
8456, 8222, 1, 4096, 0
8456, 11182, 1, 4096, 0
8456, 7311, 1, 4096, 0
8457, 14303, 1, 4096, 0
8458, 4260, 1, 4096, 0
8458, 9908, 1, 4096, 0
8458, 8863, 1, 4096, 0
8458, 9619, 1, 4096, 0
8459, 14224, 1, 4096, 0
8459, 9871, 1, 4096, 0
8460, 13383, 1, 4096, 0
8461, 10542, 1, 4096, 0
8461, 3881, 1, 4096, 0
8461, 9850, 1, 4096, 0
8462, 5364, 1, 4096, 0
8462, 6325, 1, 4096, 0
8463, 4770, 1, 4096, 0
8463, 5411, 1, 4096, 0
8464, 5390, 1, 4096, 0
8464, 6623, 1, 4096, 0
8465, 7364, 1, 4096, 0
8465, 8226, 1, 4096, 0
8466, 5424, 1, 4096, 0
8466, 10457, 1, 4096, 0
8467, 4481, 1, 4096, 0
8467, 11232, 1, 4096, 0
8468, 7301, 1, 4096, 0
8468, 4172, 1, 4096, 0
8469, 5355, 1, 4096, 0
8469, 11265, 1, 4096, 0
8469, 6775, 1, 4096, 0
8470, 19181, 1, 4096, 0
8470, 9314, 1, 4096, 0
8470, 2424, 1, 4096, 0
8471, 10101, 1, 4096, 0
8471, 8731, 1, 4096, 0
8471, 6478, 1, 4096, 0
8472, 4878, 1, 4096, 0
8472, 9497, 1, 4096, 0
8472, 2408, 1, 4096, 0
8473, 9104, 1, 4096, 0
8473, 3145, 1, 4096, 0
8474, 20150, 1, 4096, 0
8474, 8265, 1, 4096, 0
8475, 5745, 1, 4096, 0
8475, 18269, 1, 4096, 0
8475, 6303, 1, 4096, 0
8476, 7231, 1, 4096, 0
8476, 10851, 1, 4096, 0
8476, 7828, 1, 4096, 0
8477, 10522, 1, 4096, 0
8477, 6137, 1, 4096, 0
8477, 6634, 1, 4096, 0
8478, 9780, 1, 4096, 0
8479, 7162, 1, 4096, 0
8479, 6452, 1, 4096, 0
8479, 6546, 1, 4096, 0
8480, 9280, 1, 4096, 0
8480, 7227, 1, 4096, 0
8480, 4955, 1, 4096, 0
8481, 8521, 1, 4096, 0
8481, 6562, 1, 4096, 0
8482, 6351, 1, 4096, 0
8482, 8995, 1, 4096, 0
8482, 6827, 1, 4096, 0
8483, 10660, 1, 4096, 0
8483, 4572, 1, 4096, 0
8484, 8586, 1, 4096, 0
8484, 9300, 1, 4096, 0
8484, 3580, 1, 4096, 0
8485, 5980, 1, 4096, 0
8485, 6488, 1, 4096, 0
8485, 12615, 1, 4096, 0
8486, 6821, 1, 4096, 0
8487, 7687, 1, 4096, 0
8487, 7980, 1, 4096, 0
8488, 7648, 1, 4096, 0
8488, 10037, 1, 4096, 0
8488, 5671, 1, 4096, 0
8489, 7589, 1, 4096, 0
8489, 7556, 1, 4096, 0
8489, 14670, 1, 4096, 0
8490, 9460, 1, 4096, 0
8490, 5059, 1, 4096, 0
8491, 11253, 1, 4096, 0
8491, 10367, 1, 4096, 0
8491, 8335, 1, 4096, 0
8492, 8051, 1, 4096, 0
8492, 3949, 1, 4096, 0
8492, 4670, 1, 4096, 0
8494, 7454, 1, 4096, 0
8494, 3496, 1, 4096, 0
8494, 4694, 1, 4096, 0
8495, 7859, 1, 4096, 0
8495, 7064, 1, 4096, 0
8495, 7260, 1, 4096, 0
8496, 12223, 1, 4096, 0
8497, 8991, 1, 4096, 0
8497, 6920, 1, 4096, 0
8497, 6258, 1, 4096, 0
8498, 7275, 1, 4096, 0
8498, 7645, 1, 4096, 0
8498, 6837, 1, 4096, 0
8499, 10825, 1, 4096, 0
8499, 10903, 1, 4096, 0
8500, 9959, 1, 4096, 0
8500, 10146, 1, 4096, 0
8500, 9244, 1, 4096, 0
8501, 6922, 1, 4096, 0
8501, 3734, 1, 4096, 0
8501, 15551, 1, 4096, 0
8502, 12135, 1, 4096, 0
8502, 10889, 1, 4096, 0
8502, 7249, 1, 4096, 0
8503, 9148, 1, 4096, 0
8503, 7483, 1, 4096, 0
8503, 10209, 1, 4096, 0
8504, 9032, 1, 4096, 0
8504, 4979, 1, 4096, 0
8505, 9138, 1, 4096, 0
8505, 9451, 1, 4096, 0
8506, 6161, 1, 4096, 0
8506, 6234, 1, 4096, 0
8507, 5475, 1, 4096, 0
8507, 2470, 1, 4096, 0
8507, 4531, 1, 4096, 0
8508, 8310, 1, 4096, 0
8508, 5450, 1, 4096, 0
8508, 9331, 1, 4096, 0
8509, 6589, 1, 4096, 0
8510, 11227, 1, 4096, 0
8510, 7576, 1, 4096, 0
8510, 9405, 1, 4096, 0
8510, 6773, 1, 4096, 0
8511, 7088, 1, 4096, 0
8511, 3517, 1, 4096, 0
8511, 7140, 1, 4096, 0
8512, 7699, 1, 4096, 0
8512, 4256, 1, 4096, 0
8513, 8968, 1, 4096, 0
8513, 9810, 1, 4096, 0
8514, 5337, 1, 4096, 0
8514, 4902, 1, 4096, 0
8515, 6434, 1, 4096, 0
8515, 10127, 1, 4096, 0
8516, 6840, 1, 4096, 0
8516, 7833, 1, 4096, 0
8517, 7083, 1, 4096, 0
8517, 15875, 1, 4096, 0
8518, 10458, 1, 4096, 0
8518, 6527, 1, 4096, 0
8518, 9871, 1, 4096, 0
8519, 6600, 1, 4096, 0
8519, 4794, 1, 4096, 0
8519, 8758, 1, 4096, 0
8520, 7422, 1, 4096, 0
8520, 6723, 1, 4096, 0
8521, 8246, 1, 4096, 0
8521, 6209, 1, 4096, 0
8521, 5930, 1, 4096, 0
8522, 10384, 1, 4096, 0
8522, 3319, 1, 4096, 0
8523, 6370, 1, 4096, 0
8523, 8499, 1, 4096, 0
8524, 6518, 1, 4096, 0
8525, 10505, 1, 4096, 0
8525, 9547, 1, 4096, 0
8526, 3914, 1, 4096, 0
8526, 7155, 1, 4096, 0
8526, 14699, 1, 4096, 0
8527, 5376, 1, 4096, 0
8527, 6934, 1, 4096, 0
8527, 8811, 1, 4096, 0
8528, 8276, 1, 4096, 0
8528, 6390, 1, 4096, 0
8528, 3431, 1, 4096, 0
8529, 7180, 1, 4096, 0
8529, 4730, 1, 4096, 0
8529, 4853, 1, 4096, 0
8530, 6147, 1, 4096, 0
8530, 8289, 1, 4096, 0
8531, 9758, 1, 4096, 0
8531, 5288, 1, 4096, 0
8532, 9959, 1, 4096, 0
8532, 9156, 1, 4096, 0
8533, 6421, 1, 4096, 0
8533, 7918, 1, 4096, 0
8533, 8884, 1, 4096, 0
8534, 7085, 1, 4096, 0
8534, 5471, 1, 4096, 0
8534, 9129, 1, 4096, 0
8535, 10938, 1, 4096, 0
8535, 8986, 1, 4096, 0
8535, 8694, 1, 4096, 0
8536, 7795, 1, 4096, 0
8537, 9124, 1, 4096, 0
8537, 6210, 1, 4096, 0
8537, 3500, 1, 4096, 0
8538, 9305, 1, 4096, 0
8538, 8774, 1, 4096, 0
8539, 10219, 1, 4096, 0
8539, 8441, 1, 4096, 0
8540, 7165, 1, 4096, 0
8540, 4514, 1, 4096, 0
8540, 5390, 1, 4096, 0
8541, 9271, 1, 4096, 0
8541, 3948, 1, 4096, 0
8542, 7720, 1, 4096, 0
8542, 5248, 1, 4096, 0
8542, 10637, 1, 4096, 0
8543, 7938, 1, 4096, 0
8543, 4290, 1, 4096, 0
8543, 6211, 1, 4096, 0
8544, 9180, 1, 4096, 0
8544, 4674, 1, 4096, 0
8545, 7944, 1, 4096, 0
8545, 7307, 1, 4096, 0
8545, 8702, 1, 4096, 0
8546, 6749, 1, 4096, 0
8546, 7616, 1, 4096, 0
8547, 6013, 1, 4096, 0
8547, 4411, 1, 4096, 0
8548, 6899, 1, 4096, 0
8548, 11323, 1, 4096, 0
8548, 8298, 1, 4096, 0
8549, 16009, 1, 4096, 0
8549, 6725, 1, 4096, 0
8549, 11593, 1, 4096, 0
8550, 8360, 1, 4096, 0
8550, 8933, 1, 4096, 0
8551, 14007, 1, 4096, 0
8551, 6342, 1, 4096, 0
8551, 11014, 1, 4096, 0
8552, 9573, 1, 4096, 0
8552, 9738, 1, 4096, 0
8553, 5732, 1, 4096, 0
8553, 5876, 1, 4096, 0
8554, 7707, 1, 4096, 0
8554, 6746, 1, 4096, 0
8555, 5697, 1, 4096, 0
8555, 4063, 1, 4096, 0
8555, 4368, 1, 4096, 0
8556, 8716, 1, 4096, 0
8556, 8447, 1, 4096, 0
8557, 7518, 1, 4096, 0
8557, 13816, 1, 4096, 0
8558, 5918, 1, 4096, 0
8558, 4640, 1, 4096, 0
8559, 11479, 1, 4096, 0
8559, 2930, 1, 4096, 0
8560, 8006, 1, 4096, 0
8561, 6658, 1, 4096, 0
8561, 3846, 1, 4096, 0
8561, 5141, 1, 4096, 0
8562, 5889, 1, 4096, 0
8562, 12789, 1, 4096, 0
8563, 5012, 1, 4096, 0
8563, 18634, 1, 4096, 0
8563, 8278, 1, 4096, 0
8564, 6594, 1, 4096, 0
8564, 9693, 1, 4096, 0
8565, 8746, 1, 4096, 0
8565, 8423, 1, 4096, 0
8566, 5818, 1, 4096, 0
8566, 6247, 1, 4096, 0
8566, 7272, 1, 4096, 0
8567, 8220, 1, 4096, 0
8568, 6866, 1, 4096, 0
8568, 5433, 1, 4096, 0
8568, 14803, 1, 4096, 0
8569, 6088, 1, 4096, 0
8569, 7451, 1, 4096, 0
8569, 5544, 1, 4096, 0
8570, 8792, 1, 4096, 0
8570, 5982, 1, 4096, 0
8570, 6549, 1, 4096, 0
8571, 11272, 1, 4096, 0
8571, 2732, 1, 4096, 0
8571, 6244, 1, 4096, 0
8572, 8944, 1, 4096, 0
8573, 8749, 1, 4096, 0
8573, 6821, 1, 4096, 0
8573, 5632, 1, 4096, 0
8574, 10858, 1, 4096, 0
8574, 10133, 1, 4096, 0
8574, 6758, 1, 4096, 0
8575, 10398, 1, 4096, 0
8575, 5638, 1, 4096, 0
8575, 3843, 1, 4096, 0
8576, 8446, 1, 4096, 0
8576, 11381, 1, 4096, 0
8577, 8507, 1, 4096, 0
8577, 8668, 1, 4096, 0
8577, 4300, 1, 4096, 0
8578, 7504, 1, 4096, 0
8579, 7319, 1, 4096, 0
8579, 7241, 1, 4096, 0
8580, 13898, 1, 4096, 0
8580, 10109, 1, 4096, 0
8581, 6610, 1, 4096, 0
8581, 4754, 1, 4096, 0
8582, 5897, 1, 4096, 0
8582, 4973, 1, 4096, 0
8582, 9236, 1, 4096, 0
8583, 5673, 1, 4096, 0
8583, 8140, 1, 4096, 0
8584, 5739, 1, 4096, 0
8584, 7192, 1, 4096, 0
8584, 4433, 1, 4096, 0
8585, 6154, 1, 4096, 0
8585, 9464, 1, 4096, 0
8586, 7618, 1, 4096, 0
8586, 10942, 1, 4096, 0
8586, 5668, 1, 4096, 0
8587, 5314, 1, 4096, 0
8587, 9055, 1, 4096, 0
8587, 4823, 1, 4096, 0
8588, 5649, 1, 4096, 0
8589, 7365, 1, 4096, 0
8589, 2932, 1, 4096, 0
8589, 9237, 1, 4096, 0
8590, 9809, 1, 4096, 0
8590, 8282, 1, 4096, 0
8590, 3544, 1, 4096, 0
8591, 9149, 1, 4096, 0
8591, 5554, 1, 4096, 0
8591, 4785, 1, 4096, 0
8592, 7692, 1, 4096, 0
8592, 9164, 1, 4096, 0
8593, 9546, 1, 4096, 0
8593, 5475, 1, 4096, 0
8594, 5006, 1, 4096, 0
8594, 9176, 1, 4096, 0
8594, 5962, 1, 4096, 0
8595, 6055, 1, 4096, 0
8595, 14914, 1, 4096, 0
8596, 10170, 1, 4096, 0
8596, 10950, 1, 4096, 0
8596, 6952, 1, 4096, 0
8597, 9318, 1, 4096, 0
8597, 5933, 1, 4096, 0
8597, 5467, 1, 4096, 0
8598, 5026, 1, 4096, 0
8598, 7866, 1, 4096, 0
8599, 8137, 1, 4096, 0
8599, 9762, 1, 4096, 0
8599, 5461, 1, 4096, 0
8600, 8079, 1, 4096, 0
8600, 8823, 1, 4096, 0
8600, 7928, 1, 4096, 0
8601, 8029, 1, 4096, 0
8601, 13121, 1, 4096, 0
8602, 4971, 1, 4096, 0
8602, 14821, 1, 4096, 0
8602, 10161, 1, 4096, 0
8603, 9887, 1, 4096, 0
8603, 6864, 1, 4096, 0
8603, 5585, 1, 4096, 0
8604, 6832, 1, 4096, 0
8604, 5524, 1, 4096, 0
8604, 9887, 1, 4096, 0
8605, 14263, 1, 4096, 0
8605, 9474, 1, 4096, 0
8606, 8042, 1, 4096, 0
8607, 7373, 1, 4096, 0
8607, 10035, 1, 4096, 0
8608, 8793, 1, 4096, 0
8608, 9372, 1, 4096, 0
8608, 2713, 1, 4096, 0
8609, 7053, 1, 4096, 0
8609, 9061, 1, 4096, 0
8609, 10873, 1, 4096, 0
8610, 8835, 1, 4096, 0
8610, 7198, 1, 4096, 0
8610, 3812, 1, 4096, 0
8611, 9341, 1, 4096, 0
8611, 10890, 1, 4096, 0
8611, 4230, 1, 4096, 0
8612, 9158, 1, 4096, 0
8612, 8808, 1, 4096, 0
8612, 2751, 1, 4096, 0
8613, 11512, 1, 4096, 0
8614, 8066, 1, 4096, 0
8614, 9961, 1, 4096, 0
8614, 7837, 1, 4096, 0
8615, 8936, 1, 4096, 0
8615, 8454, 1, 4096, 0
8615, 7006, 1, 4096, 0
8616, 8970, 1, 4096, 0
8617, 6681, 1, 4096, 0
8617, 8144, 1, 4096, 0
8617, 6468, 1, 4096, 0
8618, 6102, 1, 4096, 0
8618, 7243, 1, 4096, 0
8618, 9311, 1, 4096, 0
8619, 9189, 1, 4096, 0
8619, 8242, 1, 4096, 0
8619, 8020, 1, 4096, 0
8620, 5727, 1, 4096, 0
8620, 7498, 1, 4096, 0
8621, 9920, 1, 4096, 0
8621, 8439, 1, 4096, 0
8621, 10288, 1, 4096, 0
8622, 8820, 1, 4096, 0
8622, 7122, 1, 4096, 0
8623, 5130, 1, 4096, 0
8623, 4754, 1, 4096, 0
8623, 8124, 1, 4096, 0
8624, 8816, 1, 4096, 0
8624, 9715, 1, 4096, 0
8625, 12998, 1, 4096, 0
8625, 3702, 1, 4096, 0
8625, 4046, 1, 4096, 0
8626, 9162, 1, 4096, 0
8626, 6508, 1, 4096, 0
8626, 7175, 1, 4096, 0
8627, 6158, 1, 4096, 0
8627, 3140, 1, 4096, 0
8627, 8287, 1, 4096, 0
8628, 9955, 1, 4096, 0
8628, 6792, 1, 4096, 0
8628, 8577, 1, 4096, 0
8629, 4442, 1, 4096, 0
8629, 13144, 1, 4096, 0
8630, 5651, 1, 4096, 0
8630, 6925, 1, 4096, 0
8631, 3070, 1, 4096, 0
8631, 7490, 1, 4096, 0
8631, 10990, 1, 4096, 0
8632, 6949, 1, 4096, 0
8632, 10707, 1, 4096, 0
8632, 7472, 1, 4096, 0
8633, 6820, 1, 4096, 0
8633, 6276, 1, 4096, 0
8634, 5995, 1, 4096, 0
8635, 10950, 1, 4096, 0
8635, 8225, 1, 4096, 0
8636, 11035, 1, 4096, 0
8636, 8942, 1, 4096, 0
8637, 5923, 1, 4096, 0
8637, 6073, 1, 4096, 0
8638, 13324, 1, 4096, 0
8638, 3571, 1, 4096, 0
8638, 6307, 1, 4096, 0
8638, 6471, 1, 4096, 0
8639, 7571, 1, 4096, 0
8639, 10551, 1, 4096, 0
8639, 2393, 1, 4096, 0
8640, 10611, 1, 4096, 0
8641, 6028, 1, 4096, 0
8642, 9046, 1, 4096, 0
8642, 5294, 1, 4096, 0
8642, 9813, 1, 4096, 0
8643, 6533, 1, 4096, 0
8643, 10065, 1, 4096, 0
8643, 8837, 1, 4096, 0
8644, 10583, 1, 4096, 0
8644, 8595, 1, 4096, 0
8644, 10784, 1, 4096, 0
8645, 5848, 1, 4096, 0
8646, 9710, 1, 4096, 0
8646, 6027, 1, 4096, 0
8646, 4492, 1, 4096, 0
8647, 5944, 1, 4096, 0
8647, 3489, 1, 4096, 0
8648, 6490, 1, 4096, 0
8648, 8477, 1, 4096, 0
8649, 9963, 1, 4096, 0
8649, 8095, 1, 4096, 0
8649, 11324, 1, 4096, 0
8649, 7987, 1, 4096, 0
8650, 10245, 1, 4096, 0
8650, 3463, 1, 4096, 0
8651, 6434, 1, 4096, 0
8651, 7730, 1, 4096, 0
8652, 6553, 1, 4096, 0
8652, 8345, 1, 4096, 0
8653, 5254, 1, 4096, 0
8653, 7799, 1, 4096, 0
8654, 6240, 1, 4096, 0
8654, 7683, 1, 4096, 0
8654, 10278, 1, 4096, 0
8654, 6193, 1, 4096, 0
8655, 10283, 1, 4096, 0
8656, 5859, 1, 4096, 0
8656, 7632, 1, 4096, 0
8656, 2192, 1, 4096, 0
8657, 6403, 1, 4096, 0
8657, 9205, 1, 4096, 0
8658, 9869, 1, 4096, 0
8659, 9603, 1, 4096, 0
8660, 15779, 1, 4096, 0
8660, 8905, 1, 4096, 0
8660, 7023, 1, 4096, 0
8661, 7827, 1, 4096, 0
8661, 4369, 1, 4096, 0
8662, 5835, 1, 4096, 0
8663, 5567, 1, 4096, 0
8663, 7953, 1, 4096, 0
8664, 8255, 1, 4096, 0
8664, 3248, 1, 4096, 0
8664, 6359, 1, 4096, 0
8665, 9735, 1, 4096, 0
8665, 6551, 1, 4096, 0
8665, 6337, 1, 4096, 0
8666, 5466, 1, 4096, 0
8666, 7119, 1, 4096, 0
8666, 2527, 1, 4096, 0
8667, 15591, 1, 4096, 0
8667, 10286, 1, 4096, 0
8667, 7502, 1, 4096, 0
8668, 9270, 1, 4096, 0
8668, 4332, 1, 4096, 0
8669, 7229, 1, 4096, 0
8669, 10981, 1, 4096, 0
8670, 7804, 1, 4096, 0
8670, 10905, 1, 4096, 0
8671, 10325, 1, 4096, 0
8671, 9348, 1, 4096, 0
8671, 4142, 1, 4096, 0
8672, 9574, 1, 4096, 0
8672, 9925, 1, 4096, 0
8672, 5755, 1, 4096, 0
8673, 11790, 1, 4096, 0
8673, 6417, 1, 4096, 0
8673, 4014, 1, 4096, 0
8674, 11472, 1, 4096, 0
8674, 6691, 1, 4096, 0
8674, 10694, 1, 4096, 0
8675, 11112, 1, 4096, 0
8675, 9018, 1, 4096, 0
8676, 9462, 1, 4096, 0
8676, 6690, 1, 4096, 0
8676, 6452, 1, 4096, 0
8677, 10188, 1, 4096, 0
8677, 10321, 1, 4096, 0
8678, 11480, 1, 4096, 0
8678, 7231, 1, 4096, 0
8678, 2318, 1, 4096, 0
8679, 5391, 1, 4096, 0
8679, 9658, 1, 4096, 0
8680, 8816, 1, 4096, 0
8680, 3139, 1, 4096, 0
8681, 9253, 1, 4096, 0
8681, 10899, 1, 4096, 0
8681, 9517, 1, 4096, 0
8682, 7975, 1, 4096, 0
8682, 5881, 1, 4096, 0
8682, 7861, 1, 4096, 0
8683, 13187, 1, 4096, 0
8684, 8713, 1, 4096, 0
8684, 10602, 1, 4096, 0
8684, 11629, 1, 4096, 0
8685, 6700, 1, 4096, 0
8685, 4656, 1, 4096, 0
8685, 10179, 1, 4096, 0
8686, 8539, 1, 4096, 0
8687, 7309, 1, 4096, 0
8687, 7543, 1, 4096, 0
8687, 9226, 1, 4096, 0
8688, 5042, 1, 4096, 0
8688, 2720, 1, 4096, 0
8688, 5960, 1, 4096, 0
8689, 8101, 1, 4096, 0
8689, 7628, 1, 4096, 0
8689, 7583, 1, 4096, 0
8690, 9741, 1, 4096, 0
8690, 9943, 1, 4096, 0
8691, 12298, 1, 4096, 0
8691, 8271, 1, 4096, 0
8691, 7893, 1, 4096, 0
8692, 8336, 1, 4096, 0
8692, 10180, 1, 4096, 0
8692, 10177, 1, 4096, 0
8693, 16583, 1, 4096, 0
8693, 8698, 1, 4096, 0
8693, 5902, 1, 4096, 0
8694, 10885, 1, 4096, 0
8694, 3270, 1, 4096, 0
8694, 6749, 1, 4096, 0
8695, 7587, 1, 4096, 0
8695, 4126, 1, 4096, 0
8695, 9580, 1, 4096, 0
8696, 7472, 1, 4096, 0
8697, 7791, 1, 4096, 0
8697, 8746, 1, 4096, 0
8697, 4614, 1, 4096, 0
8698, 6029, 1, 4096, 0
8698, 9369, 1, 4096, 0
8699, 8433, 1, 4096, 0
8699, 8819, 1, 4096, 0
8699, 5949, 1, 4096, 0
8700, 10862, 1, 4096, 0
8700, 8607, 1, 4096, 0
8701, 6471, 1, 4096, 0
8701, 5004, 1, 4096, 0
8702, 8347, 1, 4096, 0
8702, 8873, 1, 4096, 0
8703, 7167, 1, 4096, 0
8703, 1954, 1, 4096, 0
8703, 6133, 1, 4096, 0
8704, 10649, 1, 4096, 0
8704, 8025, 1, 4096, 0
8704, 10829, 1, 4096, 0
8705, 6628, 1, 4096, 0
8706, 8443, 1, 4096, 0
8706, 11231, 1, 4096, 0
8706, 3995, 1, 4096, 0
8707, 5460, 1, 4096, 0
8707, 9499, 1, 4096, 0
8708, 6926, 1, 4096, 0
8708, 7904, 1, 4096, 0
8708, 7022, 1, 4096, 0
8709, 10029, 1, 4096, 0
8710, 9688, 1, 4096, 0
8710, 3263, 1, 4096, 0
8710, 10866, 1, 4096, 0
8711, 9910, 1, 4096, 0
8712, 11664, 1, 4096, 0
8712, 7892, 1, 4096, 0
8712, 6500, 1, 4096, 0
8713, 6384, 1, 4096, 0
8713, 4933, 1, 4096, 0
8714, 9453, 1, 4096, 0
8714, 9129, 1, 4096, 0
8715, 9412, 1, 4096, 0
8715, 8879, 1, 4096, 0
8716, 7987, 1, 4096, 0
8716, 7498, 1, 4096, 0
8716, 4396, 1, 4096, 0
8717, 7403, 1, 4096, 0
8717, 8456, 1, 4096, 0
8718, 9972, 1, 4096, 0
8718, 6691, 1, 4096, 0
8719, 7827, 1, 4096, 0
8719, 8795, 1, 4096, 0
8719, 4752, 1, 4096, 0
8720, 8499, 1, 4096, 0
8720, 9214, 1, 4096, 0
8721, 12862, 1, 4096, 0
8721, 7653, 1, 4096, 0
8721, 6681, 1, 4096, 0
8722, 9903, 1, 4096, 0
8722, 10603, 1, 4096, 0
8723, 7605, 1, 4096, 0
8723, 9879, 1, 4096, 0
8723, 10129, 1, 4096, 0
8724, 7164, 1, 4096, 0
8724, 6001, 1, 4096, 0
8724, 10548, 1, 4096, 0
8725, 8855, 1, 4096, 0
8726, 9179, 1, 4096, 0
8726, 7789, 1, 4096, 0
8726, 9485, 1, 4096, 0
8727, 7718, 1, 4096, 0
8727, 6654, 1, 4096, 0
8727, 6790, 1, 4096, 0
8728, 8070, 1, 4096, 0
8728, 4055, 1, 4096, 0
8728, 3925, 1, 4096, 0
8729, 8992, 1, 4096, 0
8729, 7580, 1, 4096, 0
8730, 6080, 1, 4096, 0
8730, 9044, 1, 4096, 0
8731, 8716, 1, 4096, 0
8731, 5643, 1, 4096, 0
8731, 7036, 1, 4096, 0
8732, 5473, 1, 4096, 0
8732, 6663, 1, 4096, 0
8733, 5153, 1, 4096, 0
8733, 9634, 1, 4096, 0
8734, 9203, 1, 4096, 0
8734, 3704, 1, 4096, 0
8734, 8409, 1, 4096, 0
8735, 8865, 1, 4096, 0
8735, 8938, 1, 4096, 0
8736, 7625, 1, 4096, 0
8736, 20595, 1, 4096, 0
8736, 8916, 1, 4096, 0
8737, 8014, 1, 4096, 0
8737, 6948, 1, 4096, 0
8738, 11161, 1, 4096, 0
8738, 8334, 1, 4096, 0
8738, 6301, 1, 4096, 0
8739, 6507, 1, 4096, 0
8739, 7460, 1, 4096, 0
8740, 7067, 1, 4096, 0
8740, 9246, 1, 4096, 0
8741, 6854, 1, 4096, 0
8741, 10068, 1, 4096, 0
8741, 9295, 1, 4096, 0
8742, 8610, 1, 4096, 0
8742, 6378, 1, 4096, 0
8743, 4923, 1, 4096, 0
8743, 8210, 1, 4096, 0
8743, 8358, 1, 4096, 0
8745, 11692, 1, 4096, 0
8745, 8649, 1, 4096, 0
8745, 6874, 1, 4096, 0
8746, 10956, 1, 4096, 0
8746, 7588, 1, 4096, 0
8746, 6366, 1, 4096, 0
8747, 7890, 1, 4096, 0
8747, 7914, 1, 4096, 0
8747, 8494, 1, 4096, 0
8748, 7402, 1, 4096, 0
8748, 10106, 1, 4096, 0
8749, 8915, 1, 4096, 0
8749, 9067, 1, 4096, 0
8749, 4484, 1, 4096, 0
8750, 6666, 1, 4096, 0
8750, 7681, 1, 4096, 0
8751, 7746, 1, 4096, 0
8751, 6933, 1, 4096, 0
8752, 8826, 1, 4096, 0
8752, 8210, 1, 4096, 0
8752, 9140, 1, 4096, 0
8753, 5586, 1, 4096, 0
8753, 8612, 1, 4096, 0
8753, 9280, 1, 4096, 0
8754, 7860, 1, 4096, 0
8754, 9538, 1, 4096, 0
8754, 5112, 1, 4096, 0
8755, 9879, 1, 4096, 0
8755, 7943, 1, 4096, 0
8755, 8640, 1, 4096, 0
8756, 5671, 1, 4096, 0
8756, 4573, 1, 4096, 0
8757, 6951, 1, 4096, 0
8758, 9037, 1, 4096, 0
8758, 4654, 1, 4096, 0
8758, 6524, 1, 4096, 0
8759, 6602, 1, 4096, 0
8759, 5208, 1, 4096, 0
8759, 5745, 1, 4096, 0
8760, 7083, 1, 4096, 0
8760, 7941, 1, 4096, 0
8760, 3597, 1, 4096, 0
8761, 3159, 1, 4096, 0
8761, 8482, 1, 4096, 0
8762, 9561, 1, 4096, 0
8762, 18490, 1, 4096, 0
8763, 7418, 1, 4096, 0
8763, 10505, 1, 4096, 0
8764, 9139, 1, 4096, 0
8764, 3939, 1, 4096, 0
8764, 8072, 1, 4096, 0
8765, 9665, 1, 4096, 0
8765, 7966, 1, 4096, 0
8765, 3831, 1, 4096, 0
8766, 12420, 1, 4096, 0
8766, 6231, 1, 4096, 0
8766, 5209, 1, 4096, 0
8767, 25278, 1, 4096, 0
8767, 8736, 1, 4096, 0
8768, 7405, 1, 4096, 0
8768, 3584, 1, 4096, 0
8769, 9535, 1, 4096, 0
8769, 5723, 1, 4096, 0
8769, 8796, 1, 4096, 0
8770, 9206, 1, 4096, 0
8770, 7366, 1, 4096, 0
8771, 8617, 1, 4096, 0
8771, 7045, 1, 4096, 0
8771, 6713, 1, 4096, 0
8772, 10770, 1, 4096, 0
8772, 10997, 1, 4096, 0
8772, 3247, 1, 4096, 0
8773, 10087, 1, 4096, 0
8773, 7016, 1, 4096, 0
8774, 10353, 1, 4096, 0
8774, 8687, 1, 4096, 0
8775, 9550, 1, 4096, 0
8775, 5141, 1, 4096, 0
8775, 8363, 1, 4096, 0
8776, 8099, 1, 4096, 0
8776, 9024, 1, 4096, 0
8776, 7323, 1, 4096, 0
8777, 8941, 1, 4096, 0
8777, 9501, 1, 4096, 0
8777, 5687, 1, 4096, 0
8778, 7215, 1, 4096, 0
8779, 8169, 1, 4096, 0
8779, 11117, 1, 4096, 0
8779, 9277, 1, 4096, 0
8780, 5952, 1, 4096, 0
8780, 9145, 1, 4096, 0
8780, 9997, 1, 4096, 0
8781, 9407, 1, 4096, 0
8781, 9906, 1, 4096, 0
8781, 5961, 1, 4096, 0
8782, 11644, 1, 4096, 0
8782, 10953, 1, 4096, 0
8782, 6069, 1, 4096, 0
8783, 10884, 1, 4096, 0
8784, 9440, 1, 4096, 0
8784, 6391, 1, 4096, 0
8784, 8023, 1, 4096, 0
8785, 10803, 1, 4096, 0
8785, 16183, 1, 4096, 0
8785, 11023, 1, 4096, 0
8786, 8248, 1, 4096, 0
8786, 5048, 1, 4096, 0
8787, 7084, 1, 4096, 0
8787, 5464, 1, 4096, 0
8787, 4094, 1, 4096, 0
8788, 7183, 1, 4096, 0
8788, 4378, 1, 4096, 0
8789, 9929, 1, 4096, 0
8789, 13993, 1, 4096, 0
8790, 10223, 1, 4096, 0
8790, 10083, 1, 4096, 0
8791, 5725, 1, 4096, 0
8791, 11372, 1, 4096, 0
8791, 10434, 1, 4096, 0
8792, 10817, 1, 4096, 0
8792, 9031, 1, 4096, 0
8793, 7712, 1, 4096, 0
8793, 9362, 1, 4096, 0
8794, 4905, 1, 4096, 0
8794, 10165, 1, 4096, 0
8795, 6829, 1, 4096, 0
8795, 7645, 1, 4096, 0
8795, 10027, 1, 4096, 0
8796, 10920, 1, 4096, 0
8796, 10198, 1, 4096, 0
8796, 10336, 1, 4096, 0
8797, 7308, 1, 4096, 0
8797, 4669, 1, 4096, 0
8797, 12688, 1, 4096, 0
8798, 9227, 1, 4096, 0
8798, 3208, 1, 4096, 0
8799, 6017, 1, 4096, 0
8799, 4171, 1, 4096, 0
8799, 8576, 1, 4096, 0
8800, 3643, 1, 4096, 0
8800, 7834, 1, 4096, 0
8801, 12742, 1, 4096, 0
8801, 8995, 1, 4096, 0
8801, 5632, 1, 4096, 0
8801, 4869, 1, 4096, 0
8802, 8006, 1, 4096, 0
8802, 4878, 1, 4096, 0
8802, 4309, 1, 4096, 0
8803, 6350, 1, 4096, 0
8803, 7185, 1, 4096, 0
8804, 3899, 1, 4096, 0
8804, 11611, 1, 4096, 0
8805, 6503, 1, 4096, 0
8805, 5260, 1, 4096, 0
8806, 11284, 1, 4096, 0
8806, 9492, 1, 4096, 0
8806, 3481, 1, 4096, 0
8807, 8729, 1, 4096, 0
8807, 5388, 1, 4096, 0
8807, 6784, 1, 4096, 0
8808, 10719, 1, 4096, 0
8808, 9919, 1, 4096, 0
8808, 4936, 1, 4096, 0
8810, 8358, 1, 4096, 0
8810, 8550, 1, 4096, 0
8810, 8796, 1, 4096, 0
8811, 11966, 1, 4096, 0
8811, 6799, 1, 4096, 0
8811, 5806, 1, 4096, 0
8812, 9777, 1, 4096, 0
8812, 6667, 1, 4096, 0
8812, 9963, 1, 4096, 0
8813, 7604, 1, 4096, 0
8813, 8570, 1, 4096, 0
8813, 5345, 1, 4096, 0
8813, 6537, 1, 4096, 0
8814, 8477, 1, 4096, 0
8814, 6574, 1, 4096, 0
8815, 11793, 1, 4096, 0
8815, 9570, 1, 4096, 0
8816, 6888, 1, 4096, 0
8816, 14368, 1, 4096, 0
8816, 8496, 1, 4096, 0
8817, 10639, 1, 4096, 0
8817, 5204, 1, 4096, 0
8818, 8117, 1, 4096, 0
8818, 5134, 1, 4096, 0
8818, 12833, 1, 4096, 0
8819, 4812, 1, 4096, 0
8819, 7968, 1, 4096, 0
8820, 7011, 1, 4096, 0
8820, 8708, 1, 4096, 0
8820, 6380, 1, 4096, 0
8820, 10121, 1, 4096, 0
8821, 4645, 1, 4096, 0
8821, 6117, 1, 4096, 0
8822, 5720, 1, 4096, 0
8822, 5692, 1, 4096, 0
8822, 5598, 1, 4096, 0
8823, 8361, 1, 4096, 0
8823, 9089, 1, 4096, 0
8823, 7556, 1, 4096, 0
8824, 10854, 1, 4096, 0
8824, 5958, 1, 4096, 0
8825, 6809, 1, 4096, 0
8825, 6629, 1, 4096, 0
8826, 3263, 1, 4096, 0
8826, 5640, 1, 4096, 0
8827, 6944, 1, 4096, 0
8827, 7786, 1, 4096, 0
8827, 8408, 1, 4096, 0
8828, 5009, 1, 4096, 0
8828, 4316, 1, 4096, 0
8829, 7571, 1, 4096, 0
8829, 10686, 1, 4096, 0
8829, 9940, 1, 4096, 0
8830, 11070, 1, 4096, 0
8830, 11093, 1, 4096, 0
8830, 3191, 1, 4096, 0
8831, 10589, 1, 4096, 0
8831, 8451, 1, 4096, 0
8832, 5770, 1, 4096, 0
8832, 9679, 1, 4096, 0
8833, 8354, 1, 4096, 0
8833, 8439, 1, 4096, 0
8833, 7519, 1, 4096, 0
8834, 8037, 1, 4096, 0
8834, 8635, 1, 4096, 0
8834, 7045, 1, 4096, 0
8835, 6566, 1, 4096, 0
8836, 7534, 1, 4096, 0
8836, 7770, 1, 4096, 0
8836, 10297, 1, 4096, 0
8837, 5042, 1, 4096, 0
8837, 5173, 1, 4096, 0
8838, 9551, 1, 4096, 0
8838, 4467, 1, 4096, 0
8838, 7456, 1, 4096, 0
8839, 8983, 1, 4096, 0
8839, 10481, 1, 4096, 0
8840, 7450, 1, 4096, 0
8840, 4327, 1, 4096, 0
8840, 10148, 1, 4096, 0
8841, 11346, 1, 4096, 0
8841, 6461, 1, 4096, 0
8842, 7176, 1, 4096, 0
8842, 8661, 1, 4096, 0
8843, 10011, 1, 4096, 0
8843, 11324, 1, 4096, 0
8844, 8524, 1, 4096, 0
8844, 8790, 1, 4096, 0
8844, 5820, 1, 4096, 0
8845, 7919, 1, 4096, 0
8845, 4245, 1, 4096, 0
8846, 5212, 1, 4096, 0
8846, 6878, 1, 4096, 0
8847, 8392, 1, 4096, 0
8847, 9402, 1, 4096, 0
8847, 5809, 1, 4096, 0
8848, 6461, 1, 4096, 0
8848, 9842, 1, 4096, 0
8849, 7984, 1, 4096, 0
8849, 8426, 1, 4096, 0
8850, 8844, 1, 4096, 0
8850, 8467, 1, 4096, 0
8850, 6829, 1, 4096, 0
8851, 8311, 1, 4096, 0
8851, 10016, 1, 4096, 0
8851, 8083, 1, 4096, 0
8852, 8851, 1, 4096, 0
8852, 9417, 1, 4096, 0
8852, 6302, 1, 4096, 0
8853, 10309, 1, 4096, 0
8853, 6127, 1, 4096, 0
8853, 7196, 1, 4096, 0
8854, 10223, 1, 4096, 0
8854, 6744, 1, 4096, 0
8855, 9410, 1, 4096, 0
8855, 8567, 1, 4096, 0
8856, 8495, 1, 4096, 0
8856, 5015, 1, 4096, 0
8857, 10118, 1, 4096, 0
8857, 6854, 1, 4096, 0
8857, 8090, 1, 4096, 0
8858, 6952, 1, 4096, 0
8858, 8552, 1, 4096, 0
8858, 7903, 1, 4096, 0
8859, 6164, 1, 4096, 0
8859, 15284, 1, 4096, 0
8860, 8347, 1, 4096, 0
8860, 8205, 1, 4096, 0
8861, 9373, 1, 4096, 0
8861, 14201, 1, 4096, 0
8861, 9193, 1, 4096, 0
8862, 6501, 1, 4096, 0
8862, 9086, 1, 4096, 0
8863, 8508, 1, 4096, 0
8863, 4444, 1, 4096, 0
8863, 5307, 1, 4096, 0
8864, 4966, 1, 4096, 0
8864, 9896, 1, 4096, 0
8865, 8448, 1, 4096, 0
8865, 10922, 1, 4096, 0
8866, 5817, 1, 4096, 0
8866, 7759, 1, 4096, 0
8866, 8024, 1, 4096, 0
8867, 9994, 1, 4096, 0
8867, 9196, 1, 4096, 0
8868, 6718, 1, 4096, 0
8868, 8523, 1, 4096, 0
8868, 9312, 1, 4096, 0
8869, 6731, 1, 4096, 0
8869, 11081, 1, 4096, 0
8870, 6871, 1, 4096, 0
8870, 4688, 1, 4096, 0
8871, 8571, 1, 4096, 0
8871, 7423, 1, 4096, 0
8871, 7442, 1, 4096, 0
8872, 6588, 1, 4096, 0
8872, 4630, 1, 4096, 0
8872, 11532, 1, 4096, 0
8873, 5208, 1, 4096, 0
8873, 8469, 1, 4096, 0
8874, 8588, 1, 4096, 0
8874, 5483, 1, 4096, 0
8874, 8959, 1, 4096, 0
8875, 8771, 1, 4096, 0
8876, 7344, 1, 4096, 0
8876, 3720, 1, 4096, 0
8876, 6536, 1, 4096, 0
8877, 7988, 1, 4096, 0
8877, 8699, 1, 4096, 0
8878, 7674, 1, 4096, 0
8878, 4101, 1, 4096, 0
8879, 11087, 1, 4096, 0
8879, 5735, 1, 4096, 0
8880, 11435, 1, 4096, 0
8880, 5061, 1, 4096, 0
8881, 7551, 1, 4096, 0
8881, 4157, 1, 4096, 0
8882, 4747, 1, 4096, 0
8882, 3806, 1, 4096, 0
8882, 4282, 1, 4096, 0
8883, 4464, 1, 4096, 0
8883, 4116, 1, 4096, 0
8883, 10390, 1, 4096, 0
8884, 7852, 1, 4096, 0
8884, 7898, 1, 4096, 0
8884, 5413, 1, 4096, 0
8885, 7388, 1, 4096, 0
8885, 4855, 1, 4096, 0
8885, 6793, 1, 4096, 0
8886, 4087, 1, 4096, 0
8886, 9661, 1, 4096, 0
8887, 3100, 1, 4096, 0
8888, 6379, 1, 4096, 0
8888, 9253, 1, 4096, 0
8888, 3553, 1, 4096, 0
8889, 6213, 1, 4096, 0
8889, 4799, 1, 4096, 0
8889, 5296, 1, 4096, 0
8890, 6358, 1, 4096, 0
8890, 10487, 1, 4096, 0
8891, 8742, 1, 4096, 0
8891, 6100, 1, 4096, 0
8892, 7009, 1, 4096, 0
8892, 7174, 1, 4096, 0
8892, 10168, 1, 4096, 0
8893, 6105, 1, 4096, 0
8893, 9775, 1, 4096, 0
8893, 7210, 1, 4096, 0
8894, 8169, 1, 4096, 0
8894, 15122, 1, 4096, 0
8894, 4516, 1, 4096, 0
8895, 8023, 1, 4096, 0
8895, 4774, 1, 4096, 0
8895, 6878, 1, 4096, 0
8896, 9979, 1, 4096, 0
8896, 8813, 1, 4096, 0
8896, 8601, 1, 4096, 0
8898, 9369, 1, 4096, 0
8898, 4263, 1, 4096, 0
8898, 9421, 1, 4096, 0
8899, 10666, 1, 4096, 0
8899, 7832, 1, 4096, 0
8899, 9658, 1, 4096, 0
8900, 9554, 1, 4096, 0
8900, 9017, 1, 4096, 0
8900, 5577, 1, 4096, 0
8901, 5517, 1, 4096, 0
8902, 5510, 1, 4096, 0
8902, 5562, 1, 4096, 0
8902, 11815, 1, 4096, 0
8903, 9919, 1, 4096, 0
8903, 8672, 1, 4096, 0
8903, 8065, 1, 4096, 0
8904, 6661, 1, 4096, 0
8904, 5890, 1, 4096, 0
8905, 9754, 1, 4096, 0
8905, 11432, 1, 4096, 0
8906, 9345, 1, 4096, 0
8906, 13607, 1, 4096, 0
8906, 6333, 1, 4096, 0
8907, 8773, 1, 4096, 0
8907, 11366, 1, 4096, 0
8907, 10448, 1, 4096, 0
8908, 6331, 1, 4096, 0
8909, 7596, 1, 4096, 0
8909, 4880, 1, 4096, 0
8910, 7544, 1, 4096, 0
8910, 3723, 1, 4096, 0
8910, 7580, 1, 4096, 0
8911, 10999, 1, 4096, 0
8911, 7941, 1, 4096, 0
8911, 7560, 1, 4096, 0
8912, 9023, 1, 4096, 0
8912, 7960, 1, 4096, 0
8913, 9858, 1, 4096, 0
8914, 9215, 1, 4096, 0
8915, 10553, 1, 4096, 0
8915, 4309, 1, 4096, 0
8915, 5381, 1, 4096, 0
8916, 7930, 1, 4096, 0
8916, 3652, 1, 4096, 0
8916, 5070, 1, 4096, 0
8917, 8787, 1, 4096, 0
8917, 2836, 1, 4096, 0
8917, 5956, 1, 4096, 0
8918, 9024, 1, 4096, 0
8918, 5022, 1, 4096, 0
8918, 6564, 1, 4096, 0
8919, 9458, 1, 4096, 0
8919, 7026, 1, 4096, 0
8920, 9510, 1, 4096, 0
8920, 15410, 1, 4096, 0
8920, 4705, 1, 4096, 0
8921, 13438, 1, 4096, 0
8921, 4159, 1, 4096, 0
8921, 7566, 1, 4096, 0
8922, 7474, 1, 4096, 0
8922, 3788, 1, 4096, 0
8922, 4995, 1, 4096, 0
8923, 8823, 1, 4096, 0
8924, 5068, 1, 4096, 0
8924, 3872, 1, 4096, 0
8924, 10301, 1, 4096, 0
8925, 8024, 1, 4096, 0
8925, 7417, 1, 4096, 0
8926, 5401, 1, 4096, 0
8926, 3690, 1, 4096, 0
8926, 4538, 1, 4096, 0
8927, 7680, 1, 4096, 0
8927, 10928, 1, 4096, 0
8928, 5035, 1, 4096, 0
8928, 5751, 1, 4096, 0
8929, 8753, 1, 4096, 0
8929, 5193, 1, 4096, 0
8929, 4389, 1, 4096, 0
8929, 9601, 1, 4096, 0
8930, 7800, 1, 4096, 0
8930, 5846, 1, 4096, 0
8930, 3728, 1, 4096, 0
8931, 7013, 1, 4096, 0
8931, 8890, 1, 4096, 0
8932, 7408, 1, 4096, 0
8932, 6302, 1, 4096, 0
8933, 8696, 1, 4096, 0
8933, 4088, 1, 4096, 0
8934, 10820, 1, 4096, 0
8934, 6050, 1, 4096, 0
8934, 4404, 1, 4096, 0
8935, 10556, 1, 4096, 0
8935, 8678, 1, 4096, 0
8936, 5650, 1, 4096, 0
8936, 9430, 1, 4096, 0
8936, 5647, 1, 4096, 0
8936, 10894, 1, 4096, 0
8937, 8097, 1, 4096, 0
8938, 5981, 1, 4096, 0
8938, 11541, 1, 4096, 0
8938, 9100, 1, 4096, 0
8939, 7170, 1, 4096, 0
8939, 10218, 1, 4096, 0
8939, 10906, 1, 4096, 0
8940, 10373, 1, 4096, 0
8940, 3794, 1, 4096, 0
8940, 4411, 1, 4096, 0
8941, 7203, 1, 4096, 0
8941, 11103, 1, 4096, 0
8941, 7776, 1, 4096, 0
8942, 8135, 1, 4096, 0
8942, 9167, 1, 4096, 0
8943, 8036, 1, 4096, 0
8944, 7118, 1, 4096, 0
8944, 7094, 1, 4096, 0
8944, 8640, 1, 4096, 0
8945, 4577, 1, 4096, 0
8945, 3289, 1, 4096, 0
8945, 9915, 1, 4096, 0
8946, 7759, 1, 4096, 0
8946, 5421, 1, 4096, 0
8947, 6988, 1, 4096, 0
8947, 3633, 1, 4096, 0
8948, 6307, 1, 4096, 0
8948, 8730, 1, 4096, 0
8948, 9420, 1, 4096, 0
8949, 10762, 1, 4096, 0
8949, 9051, 1, 4096, 0
8950, 12373, 1, 4096, 0
8950, 5992, 1, 4096, 0
8950, 8094, 1, 4096, 0
8951, 10147, 1, 4096, 0
8951, 8150, 1, 4096, 0
8951, 2896, 1, 4096, 0
8952, 9442, 1, 4096, 0
8953, 9175, 1, 4096, 0
8953, 5709, 1, 4096, 0
8953, 11328, 1, 4096, 0
8954, 5455, 1, 4096, 0
8955, 9629, 1, 4096, 0
8955, 5917, 1, 4096, 0
8955, 3586, 1, 4096, 0
8956, 9795, 1, 4096, 0
8956, 9330, 1, 4096, 0
8956, 6959, 1, 4096, 0
8957, 7874, 1, 4096, 0
8957, 6127, 1, 4096, 0
8957, 5448, 1, 4096, 0
8958, 6707, 1, 4096, 0
8958, 5012, 1, 4096, 0
8959, 6961, 1, 4096, 0
8959, 8268, 1, 4096, 0
8959, 4016, 1, 4096, 0
8960, 9831, 1, 4096, 0
8961, 8585, 1, 4096, 0
8961, 6334, 1, 4096, 0
8962, 7636, 1, 4096, 0
8962, 7832, 1, 4096, 0
8962, 4549, 1, 4096, 0
8963, 6127, 1, 4096, 0
8963, 9336, 1, 4096, 0
8963, 10112, 1, 4096, 0
8964, 5953, 1, 4096, 0
8964, 5944, 1, 4096, 0
8965, 10344, 1, 4096, 0
8965, 3719, 1, 4096, 0
8965, 3996, 1, 4096, 0
8966, 8821, 1, 4096, 0
8966, 4498, 1, 4096, 0
8966, 8697, 1, 4096, 0
8967, 8348, 1, 4096, 0
8967, 6992, 1, 4096, 0
8968, 7318, 1, 4096, 0
8968, 6715, 1, 4096, 0
8968, 9817, 1, 4096, 0
8969, 10099, 1, 4096, 0
8969, 7939, 1, 4096, 0
8970, 9361, 1, 4096, 0
8970, 6378, 1, 4096, 0
8970, 10226, 1, 4096, 0
8971, 11934, 1, 4096, 0
8971, 7791, 1, 4096, 0
8971, 5525, 1, 4096, 0
8972, 9063, 1, 4096, 0
8973, 9146, 1, 4096, 0
8973, 9115, 1, 4096, 0
8974, 6860, 1, 4096, 0
8974, 5384, 1, 4096, 0
8974, 7781, 1, 4096, 0
8975, 5853, 1, 4096, 0
8975, 5650, 1, 4096, 0
8976, 8246, 1, 4096, 0
8977, 8357, 1, 4096, 0
8977, 10915, 1, 4096, 0
8977, 3791, 1, 4096, 0
8978, 7344, 1, 4096, 0
8978, 9569, 1, 4096, 0
8978, 8318, 1, 4096, 0
8979, 7960, 1, 4096, 0
8980, 7452, 1, 4096, 0
8980, 10209, 1, 4096, 0
8980, 4208, 1, 4096, 0
8981, 7104, 1, 4096, 0
8981, 3458, 1, 4096, 0
8981, 3603, 1, 4096, 0
8982, 9673, 1, 4096, 0
8982, 6035, 1, 4096, 0
8982, 12930, 1, 4096, 0
8983, 4793, 1, 4096, 0
8984, 6899, 1, 4096, 0
8984, 5250, 1, 4096, 0
8985, 8468, 1, 4096, 0
8985, 4659, 1, 4096, 0
8985, 4568, 1, 4096, 0
8986, 7729, 1, 4096, 0
8986, 10198, 1, 4096, 0
8986, 4912, 1, 4096, 0
8987, 5294, 1, 4096, 0
8987, 7930, 1, 4096, 0
8987, 5049, 1, 4096, 0
8988, 7012, 1, 4096, 0
8988, 5261, 1, 4096, 0
8989, 6390, 1, 4096, 0
8990, 9728, 1, 4096, 0
8990, 8328, 1, 4096, 0
8990, 4404, 1, 4096, 0
8991, 7174, 1, 4096, 0
8991, 5096, 1, 4096, 0
8992, 8052, 1, 4096, 0
8993, 11013, 1, 4096, 0
8993, 21942, 1, 4096, 0
8993, 4339, 1, 4096, 0
8994, 8675, 1, 4096, 0
8994, 4255, 1, 4096, 0
8994, 9988, 1, 4096, 0
8995, 10274, 1, 4096, 0
8995, 4303, 1, 4096, 0
8995, 5526, 1, 4096, 0
8996, 4602, 1, 4096, 0
8996, 5756, 1, 4096, 0
8997, 7993, 1, 4096, 0
8997, 8962, 1, 4096, 0
8997, 3026, 1, 4096, 0
8997, 10024, 1, 4096, 0
8998, 8864, 1, 4096, 0
8999, 10024, 1, 4096, 0
8999, 8605, 1, 4096, 0
9000, 10008, 1, 4096, 0
9000, 3556, 1, 4096, 0
9001, 9482, 1, 4096, 0
9001, 5982, 1, 4096, 0
9001, 10941, 1, 4096, 0
9002, 4455, 1, 4096, 0
9002, 9831, 1, 4096, 0
9002, 4447, 1, 4096, 0
9003, 9429, 1, 4096, 0
9003, 5461, 1, 4096, 0
9004, 7582, 1, 4096, 0
9004, 5631, 1, 4096, 0
9005, 5573, 1, 4096, 0
9005, 4566, 1, 4096, 0
9006, 9299, 1, 4096, 0
9006, 6739, 1, 4096, 0
9006, 4346, 1, 4096, 0
9007, 6835, 1, 4096, 0
9008, 5382, 1, 4096, 0
9008, 6838, 1, 4096, 0
9008, 10139, 1, 4096, 0
9009, 4160, 1, 4096, 0
9009, 4984, 1, 4096, 0
9010, 3976, 1, 4096, 0
9010, 9709, 1, 4096, 0
9011, 11054, 1, 4096, 0
9011, 3192, 1, 4096, 0
9011, 8930, 1, 4096, 0
9012, 8577, 1, 4096, 0
9012, 13549, 1, 4096, 0
9012, 2583, 1, 4096, 0
9013, 8306, 1, 4096, 0
9013, 5348, 1, 4096, 0
9013, 11462, 1, 4096, 0
9014, 11034, 1, 4096, 0
9014, 9443, 1, 4096, 0
9014, 3272, 1, 4096, 0
9015, 6104, 1, 4096, 0
9016, 7190, 1, 4096, 0
9016, 9270, 1, 4096, 0
9016, 18830, 1, 4096, 0
9017, 8674, 1, 4096, 0
9017, 8870, 1, 4096, 0
9017, 7143, 1, 4096, 0
9018, 8747, 1, 4096, 0
9018, 4631, 1, 4096, 0
9019, 10068, 1, 4096, 0
9019, 9977, 1, 4096, 0
9019, 6927, 1, 4096, 0
9020, 10209, 1, 4096, 0
9020, 5416, 1, 4096, 0
9020, 2810, 1, 4096, 0
9021, 8097, 1, 4096, 0
9022, 8395, 1, 4096, 0
9022, 7074, 1, 4096, 0
9023, 19243, 1, 4096, 0
9023, 6738, 1, 4096, 0
9023, 9528, 1, 4096, 0
9024, 7382, 1, 4096, 0
9024, 8587, 1, 4096, 0
9025, 8382, 1, 4096, 0
9025, 9426, 1, 4096, 0
9025, 9372, 1, 4096, 0
9026, 8675, 1, 4096, 0
9027, 4365, 1, 4096, 0
9027, 2875, 1, 4096, 0
9027, 12497, 1, 4096, 0
9028, 8601, 1, 4096, 0
9029, 9776, 1, 4096, 0
9029, 6552, 1, 4096, 0
9029, 8325, 1, 4096, 0
9030, 8347, 1, 4096, 0
9030, 4230, 1, 4096, 0
9030, 4031, 1, 4096, 0
9031, 10754, 1, 4096, 0
9031, 5103, 1, 4096, 0
9031, 10510, 1, 4096, 0
9032, 9988, 1, 4096, 0
9032, 10673, 1, 4096, 0
9032, 7937, 1, 4096, 0
9033, 10163, 1, 4096, 0
9033, 6898, 1, 4096, 0
9034, 6672, 1, 4096, 0
9034, 6264, 1, 4096, 0
9035, 5340, 1, 4096, 0
9035, 8659, 1, 4096, 0
9035, 10748, 1, 4096, 0
9036, 10678, 1, 4096, 0
9036, 11752, 1, 4096, 0
9037, 9675, 1, 4096, 0
9037, 11106, 1, 4096, 0
9038, 8872, 1, 4096, 0
9038, 7595, 1, 4096, 0
9038, 3959, 1, 4096, 0
9038, 2644, 1, 4096, 0
9040, 5438, 1, 4096, 0
9040, 12870, 1, 4096, 0
9040, 6885, 1, 4096, 0
9041, 6211, 1, 4096, 0
9041, 8196, 1, 4096, 0
9042, 9000, 1, 4096, 0
9042, 7390, 1, 4096, 0
9042, 9108, 1, 4096, 0
9043, 5267, 1, 4096, 0
9043, 4789, 1, 4096, 0
9043, 9647, 1, 4096, 0
9044, 8075, 1, 4096, 0
9044, 10220, 1, 4096, 0
9044, 5618, 1, 4096, 0
9045, 8343, 1, 4096, 0
9045, 7660, 1, 4096, 0
9046, 8514, 1, 4096, 0
9046, 10454, 1, 4096, 0
9047, 8523, 1, 4096, 0
9047, 8352, 1, 4096, 0
9048, 7498, 1, 4096, 0
9048, 6012, 1, 4096, 0
9049, 8160, 1, 4096, 0
9049, 7917, 1, 4096, 0
9049, 7075, 1, 4096, 0
9050, 10289, 1, 4096, 0
9050, 2947, 1, 4096, 0
9050, 10492, 1, 4096, 0
9051, 9484, 1, 4096, 0
9051, 8002, 1, 4096, 0
9052, 6272, 1, 4096, 0
9052, 9894, 1, 4096, 0
9052, 4676, 1, 4096, 0
9053, 14862, 1, 4096, 0
9053, 8229, 1, 4096, 0
9054, 4713, 1, 4096, 0
9054, 1612, 1, 4096, 0
9055, 8258, 1, 4096, 0
9056, 7486, 1, 4096, 0
9056, 3956, 1, 4096, 0
9056, 9741, 1, 4096, 0
9057, 8309, 1, 4096, 0
9057, 8132, 1, 4096, 0
9058, 9308, 1, 4096, 0
9058, 8130, 1, 4096, 0
9058, 6709, 1, 4096, 0
9059, 6974, 1, 4096, 0
9059, 7912, 1, 4096, 0
9059, 8435, 1, 4096, 0
9060, 3882, 1, 4096, 0
9061, 9847, 1, 4096, 0
9061, 4324, 1, 4096, 0
9062, 8026, 1, 4096, 0
9062, 6433, 1, 4096, 0
9062, 10959, 1, 4096, 0
9063, 9535, 1, 4096, 0
9063, 5773, 1, 4096, 0
9064, 6987, 1, 4096, 0
9064, 7241, 1, 4096, 0
9064, 3056, 1, 4096, 0
9065, 9552, 1, 4096, 0
9065, 7662, 1, 4096, 0
9065, 8842, 1, 4096, 0
9066, 8595, 1, 4096, 0
9066, 5270, 1, 4096, 0
9066, 5422, 1, 4096, 0
9067, 8419, 1, 4096, 0
9067, 7600, 1, 4096, 0
9068, 7155, 1, 4096, 0
9068, 8594, 1, 4096, 0
9068, 9599, 1, 4096, 0
9069, 8544, 1, 4096, 0
9069, 5727, 1, 4096, 0
9069, 5695, 1, 4096, 0
9070, 6243, 1, 4096, 0
9070, 4615, 1, 4096, 0
9070, 9932, 1, 4096, 0
9071, 10612, 1, 4096, 0
9071, 6809, 1, 4096, 0
9072, 6871, 1, 4096, 0
9072, 10281, 1, 4096, 0
9073, 9804, 1, 4096, 0
9073, 12643, 1, 4096, 0
9073, 15074, 1, 4096, 0
9074, 8086, 1, 4096, 0
9074, 3951, 1, 4096, 0
9074, 5873, 1, 4096, 0
9075, 10312, 1, 4096, 0
9075, 11375, 1, 4096, 0
9075, 5814, 1, 4096, 0
9076, 7126, 1, 4096, 0
9076, 6985, 1, 4096, 0
9077, 9413, 1, 4096, 0
9077, 6400, 1, 4096, 0
9078, 9279, 1, 4096, 0
9078, 3553, 1, 4096, 0
9078, 11563, 1, 4096, 0
9079, 7156, 1, 4096, 0
9079, 6801, 1, 4096, 0
9079, 10607, 1, 4096, 0
9080, 9523, 1, 4096, 0
9080, 5902, 1, 4096, 0
9080, 10946, 1, 4096, 0
9081, 9068, 1, 4096, 0
9081, 10245, 1, 4096, 0
9081, 3657, 1, 4096, 0
9082, 9288, 1, 4096, 0
9082, 4864, 1, 4096, 0
9083, 7876, 1, 4096, 0
9084, 9822, 1, 4096, 0
9084, 9619, 1, 4096, 0
9085, 5282, 1, 4096, 0
9085, 3890, 1, 4096, 0
9086, 5673, 1, 4096, 0
9086, 4418, 1, 4096, 0
9086, 12008, 1, 4096, 0
9087, 6919, 1, 4096, 0
9087, 9944, 1, 4096, 0
9088, 8157, 1, 4096, 0
9088, 8269, 1, 4096, 0
9089, 5339, 1, 4096, 0
9089, 9150, 1, 4096, 0
9090, 6874, 1, 4096, 0
9090, 11844, 1, 4096, 0
9090, 6768, 1, 4096, 0
9091, 8337, 1, 4096, 0
9091, 11324, 1, 4096, 0
9092, 7630, 1, 4096, 0
9092, 7781, 1, 4096, 0
9092, 4623, 1, 4096, 0
9093, 6478, 1, 4096, 0
9094, 9261, 1, 4096, 0
9094, 5936, 1, 4096, 0
9094, 9464, 1, 4096, 0
9095, 10059, 1, 4096, 0
9095, 5774, 1, 4096, 0
9095, 5885, 1, 4096, 0
9096, 5765, 1, 4096, 0
9096, 7584, 1, 4096, 0
9096, 2717, 1, 4096, 0
9097, 7227, 1, 4096, 0
9098, 11168, 1, 4096, 0
9098, 11841, 1, 4096, 0
9098, 7311, 1, 4096, 0
9099, 5843, 1, 4096, 0
9099, 6960, 1, 4096, 0
9100, 9275, 1, 4096, 0
9100, 11100, 1, 4096, 0
9101, 10412, 1, 4096, 0
9101, 6545, 1, 4096, 0
9101, 13637, 1, 4096, 0
9103, 9868, 1, 4096, 0
9103, 10369, 1, 4096, 0
9103, 9318, 1, 4096, 0
9104, 7022, 1, 4096, 0
9104, 10682, 1, 4096, 0
9104, 4121, 1, 4096, 0
9105, 4449, 1, 4096, 0
9105, 10799, 1, 4096, 0
9105, 5356, 1, 4096, 0
9106, 19139, 1, 4096, 0
9106, 6003, 1, 4096, 0
9107, 12273, 1, 4096, 0
9107, 8223, 1, 4096, 0
9108, 5391, 1, 4096, 0
9108, 8194, 1, 4096, 0
9108, 4939, 1, 4096, 0
9109, 8098, 1, 4096, 0
9109, 9868, 1, 4096, 0
9110, 6811, 1, 4096, 0
9110, 9522, 1, 4096, 0
9110, 9252, 1, 4096, 0
9111, 5037, 1, 4096, 0
9111, 8956, 1, 4096, 0
9111, 8022, 1, 4096, 0
9112, 10627, 1, 4096, 0
9113, 7252, 1, 4096, 0
9113, 10688, 1, 4096, 0
9113, 5274, 1, 4096, 0
9113, 7298, 1, 4096, 0
9114, 7038, 1, 4096, 0
9114, 7933, 1, 4096, 0
9114, 8796, 1, 4096, 0
9115, 6579, 1, 4096, 0
9115, 9203, 1, 4096, 0
9115, 10753, 1, 4096, 0
9116, 6689, 1, 4096, 0
9117, 8121, 1, 4096, 0
9117, 4290, 1, 4096, 0
9117, 10453, 1, 4096, 0
9118, 8371, 1, 4096, 0
9118, 5680, 1, 4096, 0
9118, 8865, 1, 4096, 0
9119, 5945, 1, 4096, 0
9120, 4640, 1, 4096, 0
9120, 6054, 1, 4096, 0
9121, 6444, 1, 4096, 0
9121, 4103, 1, 4096, 0
9121, 9130, 1, 4096, 0
9122, 4845, 1, 4096, 0
9122, 6925, 1, 4096, 0
9122, 4826, 1, 4096, 0
9123, 7803, 1, 4096, 0
9124, 8239, 1, 4096, 0
9124, 7041, 1, 4096, 0
9124, 6373, 1, 4096, 0
9125, 10656, 1, 4096, 0
9125, 12106, 1, 4096, 0
9126, 11221, 1, 4096, 0
9126, 10170, 1, 4096, 0
9126, 5610, 1, 4096, 0
9127, 9057, 1, 4096, 0
9127, 9657, 1, 4096, 0
9127, 4427, 1, 4096, 0
9128, 10724, 1, 4096, 0
9128, 11362, 1, 4096, 0
9129, 7122, 1, 4096, 0
9129, 11023, 1, 4096, 0
9130, 7754, 1, 4096, 0
9130, 10024, 1, 4096, 0
9130, 6838, 1, 4096, 0
9131, 5621, 1, 4096, 0
9131, 11741, 1, 4096, 0
9131, 7818, 1, 4096, 0
9132, 9981, 1, 4096, 0
9133, 3811, 1, 4096, 0
9133, 7814, 1, 4096, 0
9134, 4352, 1, 4096, 0
9134, 4272, 1, 4096, 0
9134, 6140, 1, 4096, 0
9135, 6843, 1, 4096, 0
9135, 5342, 1, 4096, 0
9135, 5753, 1, 4096, 0
9136, 9738, 1, 4096, 0
9136, 7238, 1, 4096, 0
9136, 12981, 1, 4096, 0
9137, 10440, 1, 4096, 0
9138, 9142, 1, 4096, 0
9138, 5620, 1, 4096, 0
9139, 6346, 1, 4096, 0
9139, 17812, 1, 4096, 0
9139, 9927, 1, 4096, 0
9140, 8338, 1, 4096, 0
9140, 8883, 1, 4096, 0
9140, 2500, 1, 4096, 0
9140, 6013, 1, 4096, 0
9141, 5456, 1, 4096, 0
9141, 5361, 1, 4096, 0
9142, 4669, 1, 4096, 0
9142, 5396, 1, 4096, 0
9142, 7263, 1, 4096, 0
9142, 2536, 1, 4096, 0
9143, 8476, 1, 4096, 0
9144, 6768, 1, 4096, 0
9144, 6019, 1, 4096, 0
9145, 10017, 1, 4096, 0
9145, 7185, 1, 4096, 0
9145, 9413, 1, 4096, 0
9146, 4838, 1, 4096, 0
9146, 7629, 1, 4096, 0
9147, 6841, 1, 4096, 0
9147, 10883, 1, 4096, 0
9147, 7375, 1, 4096, 0
9148, 9319, 1, 4096, 0
9148, 10601, 1, 4096, 0
9149, 6317, 1, 4096, 0
9149, 5667, 1, 4096, 0
9149, 7788, 1, 4096, 0
9150, 8651, 1, 4096, 0
9150, 10247, 1, 4096, 0
9150, 8792, 1, 4096, 0
9151, 7175, 1, 4096, 0
9151, 4843, 1, 4096, 0
9151, 8060, 1, 4096, 0
9152, 5222, 1, 4096, 0
9152, 5939, 1, 4096, 0
9152, 7123, 1, 4096, 0
9153, 6557, 1, 4096, 0
9153, 8309, 1, 4096, 0
9154, 7636, 1, 4096, 0
9154, 8156, 1, 4096, 0
9155, 9826, 1, 4096, 0
9155, 9125, 1, 4096, 0
9155, 5447, 1, 4096, 0
9156, 6148, 1, 4096, 0
9156, 6058, 1, 4096, 0
9156, 9757, 1, 4096, 0
9157, 5937, 1, 4096, 0
9157, 6708, 1, 4096, 0
9157, 8406, 1, 4096, 0
9158, 7702, 1, 4096, 0
9158, 9949, 1, 4096, 0
9158, 3483, 1, 4096, 0
9159, 6581, 1, 4096, 0
9159, 10158, 1, 4096, 0
9160, 5621, 1, 4096, 0
9160, 5181, 1, 4096, 0
9161, 10079, 1, 4096, 0
9161, 10382, 1, 4096, 0
9161, 6590, 1, 4096, 0
9162, 9977, 1, 4096, 0
9163, 8585, 1, 4096, 0
9163, 3532, 1, 4096, 0
9164, 7769, 1, 4096, 0
9164, 4180, 1, 4096, 0
9164, 12895, 1, 4096, 0
9165, 9793, 1, 4096, 0
9165, 5768, 1, 4096, 0
9165, 4415, 1, 4096, 0
9166, 6893, 1, 4096, 0
9166, 8516, 1, 4096, 0
9167, 7856, 1, 4096, 0
9167, 8097, 1, 4096, 0
9167, 8352, 1, 4096, 0
9168, 10865, 1, 4096, 0
9168, 5667, 1, 4096, 0
9169, 6793, 1, 4096, 0
9169, 10170, 1, 4096, 0
9169, 11407, 1, 4096, 0
9170, 11129, 1, 4096, 0
9171, 10216, 1, 4096, 0
9171, 8139, 1, 4096, 0
9171, 7802, 1, 4096, 0
9172, 13113, 1, 4096, 0
9172, 9221, 1, 4096, 0
9173, 8995, 1, 4096, 0
9173, 5544, 1, 4096, 0
9174, 9066, 1, 4096, 0
9174, 9077, 1, 4096, 0
9174, 6879, 1, 4096, 0
9175, 8233, 1, 4096, 0
9175, 9969, 1, 4096, 0
9176, 8493, 1, 4096, 0
9176, 10395, 1, 4096, 0
9176, 8033, 1, 4096, 0
9177, 4583, 1, 4096, 0
9177, 5265, 1, 4096, 0
9177, 6836, 1, 4096, 0
9177, 5746, 1, 4096, 0
9178, 8444, 1, 4096, 0
9178, 4614, 1, 4096, 0
9178, 4717, 1, 4096, 0
9179, 6317, 1, 4096, 0
9179, 6900, 1, 4096, 0
9180, 10393, 1, 4096, 0
9181, 10718, 1, 4096, 0
9181, 6017, 1, 4096, 0
9181, 6440, 1, 4096, 0
9182, 7485, 1, 4096, 0
9182, 5256, 1, 4096, 0
9182, 9730, 1, 4096, 0
9183, 6758, 1, 4096, 0
9183, 4830, 1, 4096, 0
9183, 4982, 1, 4096, 0
9184, 8549, 1, 4096, 0
9185, 10152, 1, 4096, 0
9185, 4631, 1, 4096, 0
9185, 9283, 1, 4096, 0
9185, 3654, 1, 4096, 0
9186, 7888, 1, 4096, 0
9187, 8023, 1, 4096, 0
9187, 4596, 1, 4096, 0
9188, 10451, 1, 4096, 0
9188, 9033, 1, 4096, 0
9188, 3587, 1, 4096, 0
9189, 9689, 1, 4096, 0
9189, 10593, 1, 4096, 0
9189, 5156, 1, 4096, 0
9190, 9946, 1, 4096, 0
9190, 4582, 1, 4096, 0
9191, 7072, 1, 4096, 0
9191, 10020, 1, 4096, 0
9192, 10379, 1, 4096, 0
9192, 6121, 1, 4096, 0
9192, 2971, 1, 4096, 0
9193, 8166, 1, 4096, 0
9193, 5902, 1, 4096, 0
9193, 3099, 1, 4096, 0
9194, 10453, 1, 4096, 0
9194, 5020, 1, 4096, 0
9194, 3826, 1, 4096, 0
9195, 8650, 1, 4096, 0
9195, 2858, 1, 4096, 0
9195, 2715, 1, 4096, 0
9196, 8078, 1, 4096, 0
9196, 4574, 1, 4096, 0
9197, 9079, 1, 4096, 0
9197, 9350, 1, 4096, 0
9198, 9691, 1, 4096, 0
9198, 9530, 1, 4096, 0
9198, 8364, 1, 4096, 0
9199, 19270, 1, 4096, 0
9199, 7216, 1, 4096, 0
9200, 5773, 1, 4096, 0
9200, 3644, 1, 4096, 0
9200, 10035, 1, 4096, 0
9201, 6705, 1, 4096, 0
9202, 7984, 1, 4096, 0
9202, 10542, 1, 4096, 0
9203, 6651, 1, 4096, 0
9203, 7566, 1, 4096, 0
9204, 6740, 1, 4096, 0
9204, 3796, 1, 4096, 0
9204, 5668, 1, 4096, 0
9205, 10158, 1, 4096, 0
9205, 6025, 1, 4096, 0
9205, 11497, 1, 4096, 0
9206, 8561, 1, 4096, 0
9206, 3207, 1, 4096, 0
9207, 7004, 1, 4096, 0
9207, 3462, 1, 4096, 0
9207, 6696, 1, 4096, 0
9208, 9779, 1, 4096, 0
9208, 11261, 1, 4096, 0
9208, 9248, 1, 4096, 0
9209, 8867, 1, 4096, 0
9209, 6258, 1, 4096, 0
9209, 11781, 1, 4096, 0
9211, 6454, 1, 4096, 0
9211, 4070, 1, 4096, 0
9211, 5033, 1, 4096, 0
9212, 10378, 1, 4096, 0
9212, 3913, 1, 4096, 0
9212, 5973, 1, 4096, 0
9213, 10361, 1, 4096, 0
9213, 10674, 1, 4096, 0
9213, 11418, 1, 4096, 0
9214, 9564, 1, 4096, 0
9214, 7897, 1, 4096, 0
9215, 13511, 1, 4096, 0
9215, 4939, 1, 4096, 0
9216, 6875, 1, 4096, 0
9216, 4794, 1, 4096, 0
9216, 8489, 1, 4096, 0
9217, 5584, 1, 4096, 0
9217, 4606, 1, 4096, 0
9218, 11889, 1, 4096, 0
9218, 8999, 1, 4096, 0
9218, 6284, 1, 4096, 0
9219, 9153, 1, 4096, 0
9219, 7584, 1, 4096, 0
9220, 3661, 1, 4096, 0
9220, 5096, 1, 4096, 0
9220, 7064, 1, 4096, 0
9221, 10845, 1, 4096, 0
9221, 8874, 1, 4096, 0
9222, 6282, 1, 4096, 0
9222, 10226, 1, 4096, 0
9223, 10381, 1, 4096, 0
9223, 8337, 1, 4096, 0
9223, 4834, 1, 4096, 0
9224, 8811, 1, 4096, 0
9224, 3332, 1, 4096, 0
9224, 9242, 1, 4096, 0
9225, 8818, 1, 4096, 0
9226, 6950, 1, 4096, 0
9226, 5691, 1, 4096, 0
9226, 4863, 1, 4096, 0
9226, 6189, 1, 4096, 0
9227, 8204, 1, 4096, 0
9227, 6484, 1, 4096, 0
9228, 6189, 1, 4096, 0
9228, 8807, 1, 4096, 0
9229, 4315, 1, 4096, 0
9229, 10718, 1, 4096, 0
9230, 8764, 1, 4096, 0
9230, 5071, 1, 4096, 0
9231, 8666, 1, 4096, 0
9231, 5506, 1, 4096, 0
9231, 3338, 1, 4096, 0
9232, 6889, 1, 4096, 0
9232, 6058, 1, 4096, 0
9232, 6336, 1, 4096, 0
9233, 6044, 1, 4096, 0
9233, 2662, 1, 4096, 0
9234, 4877, 1, 4096, 0
9234, 9306, 1, 4096, 0
9235, 4880, 1, 4096, 0
9236, 8162, 1, 4096, 0
9236, 3231, 1, 4096, 0
9236, 7281, 1, 4096, 0
9237, 11007, 1, 4096, 0
9237, 7671, 1, 4096, 0
9238, 8386, 1, 4096, 0
9238, 6426, 1, 4096, 0
9238, 3213, 1, 4096, 0
9238, 7694, 1, 4096, 0
9239, 5944, 1, 4096, 0
9239, 5752, 1, 4096, 0
9240, 9734, 1, 4096, 0
9240, 9568, 1, 4096, 0
9240, 4548, 1, 4096, 0
9241, 9888, 1, 4096, 0
9241, 3395, 1, 4096, 0
9242, 2487, 1, 4096, 0
9242, 7551, 1, 4096, 0
9243, 7295, 1, 4096, 0
9243, 3733, 1, 4096, 0
9243, 4993, 1, 4096, 0
9244, 6302, 1, 4096, 0
9245, 8528, 1, 4096, 0
9245, 6721, 1, 4096, 0
9246, 6970, 1, 4096, 0
9246, 2446, 1, 4096, 0
9247, 7988, 1, 4096, 0
9247, 3978, 1, 4096, 0
9248, 8037, 1, 4096, 0
9248, 7043, 1, 4096, 0
9248, 7510, 1, 4096, 0
9248, 11240, 1, 4096, 0
9249, 7769, 1, 4096, 0
9249, 2953, 1, 4096, 0
9249, 5971, 1, 4096, 0
9250, 7899, 1, 4096, 0
9250, 6524, 1, 4096, 0
9251, 8521, 1, 4096, 0
9251, 5265, 1, 4096, 0
9251, 9700, 1, 4096, 0
9252, 9183, 1, 4096, 0
9252, 9370, 1, 4096, 0
9252, 5697, 1, 4096, 0
9253, 7727, 1, 4096, 0
9254, 7417, 1, 4096, 0
9254, 5040, 1, 4096, 0
9255, 9093, 1, 4096, 0
9255, 4355, 1, 4096, 0
9255, 6148, 1, 4096, 0
9256, 7375, 1, 4096, 0
9256, 8191, 1, 4096, 0
9256, 5124, 1, 4096, 0
9257, 6107, 1, 4096, 0
9257, 7394, 1, 4096, 0
9257, 2708, 1, 4096, 0
9258, 8431, 1, 4096, 0
9258, 4027, 1, 4096, 0
9260, 8508, 1, 4096, 0
9260, 9690, 1, 4096, 0
9260, 9737, 1, 4096, 0
9261, 5480, 1, 4096, 0
9261, 9937, 1, 4096, 0
9261, 8023, 1, 4096, 0
9262, 6127, 1, 4096, 0
9262, 7720, 1, 4096, 0
9263, 5001, 1, 4096, 0
9263, 4425, 1, 4096, 0
9263, 4853, 1, 4096, 0
9264, 6350, 1, 4096, 0
9264, 4778, 1, 4096, 0
9265, 10374, 1, 4096, 0
9265, 9423, 1, 4096, 0
9266, 5473, 1, 4096, 0
9266, 3895, 1, 4096, 0
9267, 12326, 1, 4096, 0
9267, 7539, 1, 4096, 0
9267, 5772, 1, 4096, 0
9268, 6605, 1, 4096, 0
9268, 11200, 1, 4096, 0
9268, 9103, 1, 4096, 0
9269, 4456, 1, 4096, 0
9269, 4828, 1, 4096, 0
9270, 4845, 1, 4096, 0
9270, 9536, 1, 4096, 0
9270, 8380, 1, 4096, 0
9271, 7256, 1, 4096, 0
9271, 8884, 1, 4096, 0
9272, 7793, 1, 4096, 0
9272, 9194, 1, 4096, 0
9272, 5044, 1, 4096, 0
9273, 6062, 1, 4096, 0
9273, 4129, 1, 4096, 0
9274, 4449, 1, 4096, 0
9274, 7115, 1, 4096, 0
9275, 6982, 1, 4096, 0
9275, 6434, 1, 4096, 0
9276, 9912, 1, 4096, 0
9276, 6571, 1, 4096, 0
9276, 7329, 1, 4096, 0
9277, 7779, 1, 4096, 0
9277, 8685, 1, 4096, 0
9277, 4474, 1, 4096, 0
9278, 9995, 1, 4096, 0
9278, 6357, 1, 4096, 0
9279, 6911, 1, 4096, 0
9279, 10349, 1, 4096, 0
9280, 10826, 1, 4096, 0
9280, 7279, 1, 4096, 0
9280, 7717, 1, 4096, 0
9281, 9305, 1, 4096, 0
9281, 5483, 1, 4096, 0
9281, 5263, 1, 4096, 0
9282, 9395, 1, 4096, 0
9282, 5921, 1, 4096, 0
9282, 9684, 1, 4096, 0
9283, 7956, 1, 4096, 0
9283, 7858, 1, 4096, 0
9283, 10522, 1, 4096, 0
9284, 12091, 1, 4096, 0
9284, 8289, 1, 4096, 0
9284, 3078, 1, 4096, 0
9285, 9283, 1, 4096, 0
9286, 9327, 1, 4096, 0
9286, 9351, 1, 4096, 0
9287, 9586, 1, 4096, 0
9287, 8254, 1, 4096, 0
9288, 9458, 1, 4096, 0
9288, 15911, 1, 4096, 0
9289, 7215, 1, 4096, 0
9289, 9022, 1, 4096, 0
9289, 6482, 1, 4096, 0
9290, 8183, 1, 4096, 0
9290, 3931, 1, 4096, 0
9290, 5140, 1, 4096, 0
9291, 9604, 1, 4096, 0
9291, 8719, 1, 4096, 0
9292, 4169, 1, 4096, 0
9292, 3784, 1, 4096, 0
9293, 9022, 1, 4096, 0
9293, 10345, 1, 4096, 0
9293, 8840, 1, 4096, 0
9294, 5860, 1, 4096, 0
9295, 5108, 1, 4096, 0
9295, 9953, 1, 4096, 0
9295, 9083, 1, 4096, 0
9296, 5595, 1, 4096, 0
9296, 3132, 1, 4096, 0
9296, 7661, 1, 4096, 0
9297, 8358, 1, 4096, 0
9297, 4491, 1, 4096, 0
9297, 7145, 1, 4096, 0
9298, 9485, 1, 4096, 0
9299, 5009, 1, 4096, 0
9299, 5913, 1, 4096, 0
9300, 8399, 1, 4096, 0
9300, 3719, 1, 4096, 0
9300, 3436, 1, 4096, 0
9301, 10043, 1, 4096, 0
9301, 9231, 1, 4096, 0
9301, 3365, 1, 4096, 0
9302, 10018, 1, 4096, 0
9302, 8733, 1, 4096, 0
9303, 5943, 1, 4096, 0
9303, 9654, 1, 4096, 0
9304, 6462, 1, 4096, 0
9304, 8800, 1, 4096, 0
9304, 9662, 1, 4096, 0
9305, 5456, 1, 4096, 0
9305, 9165, 1, 4096, 0
9306, 13486, 1, 4096, 0
9306, 3450, 1, 4096, 0
9307, 12294, 1, 4096, 0
9307, 7786, 1, 4096, 0
9307, 7885, 1, 4096, 0
9308, 11626, 1, 4096, 0
9308, 7345, 1, 4096, 0
9308, 5226, 1, 4096, 0
9309, 9474, 1, 4096, 0
9310, 5855, 1, 4096, 0
9311, 6178, 1, 4096, 0
9311, 4150, 1, 4096, 0
9311, 9376, 1, 4096, 0
9311, 12224, 1, 4096, 0
9312, 4976, 1, 4096, 0
9312, 9942, 1, 4096, 0
9313, 5763, 1, 4096, 0
9313, 4263, 1, 4096, 0
9313, 7175, 1, 4096, 0
9314, 6698, 1, 4096, 0
9314, 4443, 1, 4096, 0
9314, 5310, 1, 4096, 0
9315, 6806, 1, 4096, 0
9315, 4753, 1, 4096, 0
9315, 9822, 1, 4096, 0
9316, 8964, 1, 4096, 0
9316, 6001, 1, 4096, 0
9317, 8857, 1, 4096, 0
9317, 7391, 1, 4096, 0
9317, 4657, 1, 4096, 0
9318, 8858, 1, 4096, 0
9318, 5768, 1, 4096, 0
9318, 10636, 1, 4096, 0
9319, 5185, 1, 4096, 0
9320, 6244, 1, 4096, 0
9320, 4403, 1, 4096, 0
9321, 11209, 1, 4096, 0
9321, 2990, 1, 4096, 0
9321, 6033, 1, 4096, 0
9322, 8374, 1, 4096, 0
9322, 6654, 1, 4096, 0
9323, 6332, 1, 4096, 0
9323, 7106, 1, 4096, 0
9323, 6948, 1, 4096, 0
9324, 7807, 1, 4096, 0
9324, 7796, 1, 4096, 0
9325, 7996, 1, 4096, 0
9325, 6500, 1, 4096, 0
9325, 4359, 1, 4096, 0
9326, 6664, 1, 4096, 0
9327, 6985, 1, 4096, 0
9327, 7650, 1, 4096, 0
9327, 7347, 1, 4096, 0
9328, 8841, 1, 4096, 0
9328, 10394, 1, 4096, 0
9328, 5746, 1, 4096, 0
9329, 7457, 1, 4096, 0
9329, 6871, 1, 4096, 0
9330, 8804, 1, 4096, 0
9330, 10115, 1, 4096, 0
9331, 8333, 1, 4096, 0
9331, 8737, 1, 4096, 0
9331, 7267, 1, 4096, 0
9332, 7183, 1, 4096, 0
9332, 8445, 1, 4096, 0
9332, 6085, 1, 4096, 0
9332, 3656, 1, 4096, 0
9334, 8821, 1, 4096, 0
9334, 3020, 1, 4096, 0
9334, 7920, 1, 4096, 0
9335, 7931, 1, 4096, 0
9335, 5896, 1, 4096, 0
9335, 6783, 1, 4096, 0
9336, 4973, 1, 4096, 0
9336, 8025, 1, 4096, 0
9337, 7973, 1, 4096, 0
9337, 9769, 1, 4096, 0
9337, 9819, 1, 4096, 0
9338, 7088, 1, 4096, 0
9338, 11017, 1, 4096, 0
9338, 7102, 1, 4096, 0
9339, 6555, 1, 4096, 0
9339, 4588, 1, 4096, 0
9339, 11825, 1, 4096, 0
9340, 9964, 1, 4096, 0
9341, 7874, 1, 4096, 0
9341, 10215, 1, 4096, 0
9342, 7896, 1, 4096, 0
9342, 7506, 1, 4096, 0
9343, 8369, 1, 4096, 0
9343, 4781, 1, 4096, 0
9343, 4894, 1, 4096, 0
9343, 9785, 1, 4096, 0
9344, 13530, 1, 4096, 0
9345, 6416, 1, 4096, 0
9345, 10943, 1, 4096, 0
9345, 5743, 1, 4096, 0
9346, 10358, 1, 4096, 0
9346, 9529, 1, 4096, 0
9347, 6974, 1, 4096, 0
9347, 8458, 1, 4096, 0
9347, 6504, 1, 4096, 0
9347, 7489, 1, 4096, 0
9348, 7531, 1, 4096, 0
9349, 8561, 1, 4096, 0
9349, 10145, 1, 4096, 0
9349, 7205, 1, 4096, 0
9350, 11794, 1, 4096, 0
9350, 8443, 1, 4096, 0
9351, 5619, 1, 4096, 0
9351, 10930, 1, 4096, 0
9352, 6853, 1, 4096, 0
9352, 6431, 1, 4096, 0
9353, 8816, 1, 4096, 0
9353, 3944, 1, 4096, 0
9353, 7183, 1, 4096, 0
9354, 8122, 1, 4096, 0
9354, 6847, 1, 4096, 0
9354, 5003, 1, 4096, 0
9355, 17416, 1, 4096, 0
9355, 10153, 1, 4096, 0
9355, 8065, 1, 4096, 0
9356, 9912, 1, 4096, 0
9356, 9228, 1, 4096, 0
9357, 8881, 1, 4096, 0
9357, 9639, 1, 4096, 0
9358, 14583, 1, 4096, 0
9358, 13769, 1, 4096, 0
9358, 3795, 1, 4096, 0
9359, 8157, 1, 4096, 0
9359, 3198, 1, 4096, 0
9359, 4526, 1, 4096, 0
9361, 10750, 1, 4096, 0
9361, 4898, 1, 4096, 0
9361, 16552, 1, 4096, 0
9362, 9080, 1, 4096, 0
9362, 12472, 1, 4096, 0
9362, 9674, 1, 4096, 0
9362, 6343, 1, 4096, 0
9363, 8141, 1, 4096, 0
9363, 5382, 1, 4096, 0
9364, 8157, 1, 4096, 0
9365, 11243, 1, 4096, 0
9365, 6171, 1, 4096, 0
9365, 10216, 1, 4096, 0
9366, 8603, 1, 4096, 0
9366, 9416, 1, 4096, 0
9366, 4223, 1, 4096, 0
9367, 7170, 1, 4096, 0
9368, 7129, 1, 4096, 0
9368, 9152, 1, 4096, 0
9368, 7331, 1, 4096, 0
9369, 6514, 1, 4096, 0
9369, 6594, 1, 4096, 0
9369, 5247, 1, 4096, 0
9370, 6467, 1, 4096, 0
9370, 7275, 1, 4096, 0
9371, 9090, 1, 4096, 0
9371, 6538, 1, 4096, 0
9372, 7123, 1, 4096, 0
9372, 4941, 1, 4096, 0
9372, 3869, 1, 4096, 0
9373, 6992, 1, 4096, 0
9373, 6375, 1, 4096, 0
9373, 9971, 1, 4096, 0
9374, 10517, 1, 4096, 0
9374, 6912, 1, 4096, 0
9375, 8565, 1, 4096, 0
9375, 14791, 1, 4096, 0
9376, 5077, 1, 4096, 0
9376, 13216, 1, 4096, 0
9376, 11868, 1, 4096, 0
9377, 7293, 1, 4096, 0
9377, 9263, 1, 4096, 0
9377, 10234, 1, 4096, 0
9378, 9190, 1, 4096, 0
9378, 5417, 1, 4096, 0
9379, 9941, 1, 4096, 0
9380, 9895, 1, 4096, 0
9380, 4547, 1, 4096, 0
9381, 10140, 1, 4096, 0
9381, 10922, 1, 4096, 0
9381, 10202, 1, 4096, 0
9382, 6680, 1, 4096, 0
9382, 4075, 1, 4096, 0
9383, 10772, 1, 4096, 0
9383, 10985, 1, 4096, 0
9383, 9812, 1, 4096, 0
9384, 9620, 1, 4096, 0
9384, 10684, 1, 4096, 0
9384, 7974, 1, 4096, 0
9384, 3337, 1, 4096, 0
9385, 6222, 1, 4096, 0
9386, 12036, 1, 4096, 0
9386, 5734, 1, 4096, 0
9387, 7818, 1, 4096, 0
9387, 6804, 1, 4096, 0
9387, 7518, 1, 4096, 0
9388, 7645, 1, 4096, 0
9388, 4218, 1, 4096, 0
9389, 9732, 1, 4096, 0
9389, 6242, 1, 4096, 0
9390, 9526, 1, 4096, 0
9390, 6392, 1, 4096, 0
9391, 8532, 1, 4096, 0
9391, 10800, 1, 4096, 0
9391, 4261, 1, 4096, 0
9392, 10820, 1, 4096, 0
9392, 5378, 1, 4096, 0
9392, 5284, 1, 4096, 0
9393, 5859, 1, 4096, 0
9393, 5250, 1, 4096, 0
9393, 5991, 1, 4096, 0
9394, 4824, 1, 4096, 0
9394, 4893, 1, 4096, 0
9395, 7638, 1, 4096, 0
9395, 4756, 1, 4096, 0
9396, 8254, 1, 4096, 0
9396, 5674, 1, 4096, 0
9397, 9493, 1, 4096, 0
9397, 8358, 1, 4096, 0
9397, 7354, 1, 4096, 0
9397, 4432, 1, 4096, 0
9398, 9996, 1, 4096, 0
9399, 9279, 1, 4096, 0
9399, 2783, 1, 4096, 0
9400, 12883, 1, 4096, 0
9400, 6918, 1, 4096, 0
9400, 10626, 1, 4096, 0
9401, 10725, 1, 4096, 0
9401, 5718, 1, 4096, 0
9401, 5795, 1, 4096, 0
9402, 6236, 1, 4096, 0
9402, 14306, 1, 4096, 0
9402, 9223, 1, 4096, 0
9402, 5422, 1, 4096, 0
9403, 10364, 1, 4096, 0
9403, 5509, 1, 4096, 0
9404, 9644, 1, 4096, 0
9404, 9813, 1, 4096, 0
9404, 4394, 1, 4096, 0
9406, 8655, 1, 4096, 0
9406, 4944, 1, 4096, 0
9406, 3883, 1, 4096, 0
9407, 9909, 1, 4096, 0
9407, 8098, 1, 4096, 0
9407, 6184, 1, 4096, 0
9408, 10795, 1, 4096, 0
9408, 4589, 1, 4096, 0
9409, 8022, 1, 4096, 0
9410, 11711, 1, 4096, 0
9410, 12972, 1, 4096, 0
9410, 6664, 1, 4096, 0
9411, 7352, 1, 4096, 0
9411, 4267, 1, 4096, 0
9411, 8803, 1, 4096, 0
9412, 10185, 1, 4096, 0
9412, 5577, 1, 4096, 0
9412, 7638, 1, 4096, 0
9413, 6971, 1, 4096, 0
9414, 7096, 1, 4096, 0
9414, 16431, 1, 4096, 0
9415, 9882, 1, 4096, 0
9415, 10855, 1, 4096, 0
9415, 5011, 1, 4096, 0
9416, 7356, 1, 4096, 0
9417, 6923, 1, 4096, 0
9417, 4297, 1, 4096, 0
9417, 9170, 1, 4096, 0
9418, 5764, 1, 4096, 0
9418, 6206, 1, 4096, 0
9418, 10687, 1, 4096, 0
9419, 7520, 1, 4096, 0
9419, 4541, 1, 4096, 0
9420, 5505, 1, 4096, 0
9420, 6783, 1, 4096, 0
9421, 9001, 1, 4096, 0
9421, 7309, 1, 4096, 0
9422, 7499, 1, 4096, 0
9422, 4292, 1, 4096, 0
9422, 5528, 1, 4096, 0
9423, 7688, 1, 4096, 0
9423, 9680, 1, 4096, 0
9423, 9381, 1, 4096, 0
9424, 7218, 1, 4096, 0
9424, 7634, 1, 4096, 0
9424, 5452, 1, 4096, 0
9425, 9737, 1, 4096, 0
9425, 3510, 1, 4096, 0
9426, 8212, 1, 4096, 0
9426, 7642, 1, 4096, 0
9426, 9922, 1, 4096, 0
9427, 6151, 1, 4096, 0
9427, 7413, 1, 4096, 0
9428, 7037, 1, 4096, 0
9428, 7608, 1, 4096, 0
9429, 12883, 1, 4096, 0
9429, 3311, 1, 4096, 0
9429, 15687, 1, 4096, 0
9430, 8180, 1, 4096, 0
9430, 8836, 1, 4096, 0
9431, 8904, 1, 4096, 0
9431, 9458, 1, 4096, 0
9431, 5493, 1, 4096, 0
9432, 11656, 1, 4096, 0
9433, 7260, 1, 4096, 0
9433, 5011, 1, 4096, 0
9433, 4187, 1, 4096, 0
9434, 5420, 1, 4096, 0
9435, 6286, 1, 4096, 0
9435, 4137, 1, 4096, 0
9435, 4364, 1, 4096, 0
9436, 8599, 1, 4096, 0
9436, 6452, 1, 4096, 0
9436, 9997, 1, 4096, 0
9437, 10765, 1, 4096, 0
9437, 6880, 1, 4096, 0
9437, 6452, 1, 4096, 0
9438, 6630, 1, 4096, 0
9439, 6913, 1, 4096, 0
9439, 10666, 1, 4096, 0
9440, 9757, 1, 4096, 0
9440, 7737, 1, 4096, 0
9440, 6518, 1, 4096, 0
9441, 7016, 1, 4096, 0
9441, 5393, 1, 4096, 0
9441, 6496, 1, 4096, 0
9442, 8124, 1, 4096, 0
9442, 7574, 1, 4096, 0
9442, 4498, 1, 4096, 0
9443, 9440, 1, 4096, 0
9443, 9140, 1, 4096, 0
9444, 7407, 1, 4096, 0
9444, 5532, 1, 4096, 0
9445, 10014, 1, 4096, 0
9445, 4035, 1, 4096, 0
9445, 7380, 1, 4096, 0
9446, 7489, 1, 4096, 0
9446, 9077, 1, 4096, 0
9446, 8047, 1, 4096, 0
9447, 6570, 1, 4096, 0
9448, 11531, 1, 4096, 0
9448, 8665, 1, 4096, 0
9448, 8039, 1, 4096, 0
9449, 6725, 1, 4096, 0
9449, 5368, 1, 4096, 0
9449, 7898, 1, 4096, 0
9450, 11364, 1, 4096, 0
9450, 6300, 1, 4096, 0
9451, 7095, 1, 4096, 0
9451, 4503, 1, 4096, 0
9452, 9785, 1, 4096, 0
9452, 5205, 1, 4096, 0
9452, 9382, 1, 4096, 0
9453, 5908, 1, 4096, 0
9454, 7081, 1, 4096, 0
9454, 5995, 1, 4096, 0
9454, 4380, 1, 4096, 0
9455, 6928, 1, 4096, 0
9455, 4062, 1, 4096, 0
9455, 7159, 1, 4096, 0
9456, 11324, 1, 4096, 0
9456, 3418, 1, 4096, 0
9457, 10983, 1, 4096, 0
9457, 11570, 1, 4096, 0
9457, 9878, 1, 4096, 0
9458, 20032, 1, 4096, 0
9458, 7201, 1, 4096, 0
9458, 4780, 1, 4096, 0
9459, 21968, 1, 4096, 0
9459, 5189, 1, 4096, 0
9459, 9953, 1, 4096, 0
9460, 8965, 1, 4096, 0
9460, 5011, 1, 4096, 0
9460, 5249, 1, 4096, 0
9461, 10994, 1, 4096, 0
9461, 3150, 1, 4096, 0
9461, 5730, 1, 4096, 0
9462, 9070, 1, 4096, 0
9463, 7642, 1, 4096, 0
9463, 3986, 1, 4096, 0
9464, 7866, 1, 4096, 0
9464, 8138, 1, 4096, 0
9465, 9639, 1, 4096, 0
9465, 5182, 1, 4096, 0
9465, 7489, 1, 4096, 0
9466, 8961, 1, 4096, 0
9466, 6152, 1, 4096, 0
9467, 7331, 1, 4096, 0
9467, 5092, 1, 4096, 0
9468, 10375, 1, 4096, 0
9468, 6255, 1, 4096, 0
9469, 6469, 1, 4096, 0
9469, 10951, 1, 4096, 0
9470, 9288, 1, 4096, 0
9470, 5788, 1, 4096, 0
9470, 8016, 1, 4096, 0
9471, 9645, 1, 4096, 0
9472, 9116, 1, 4096, 0
9472, 8060, 1, 4096, 0
9472, 9040, 1, 4096, 0
9473, 5129, 1, 4096, 0
9473, 4907, 1, 4096, 0
9474, 7055, 1, 4096, 0
9474, 3346, 1, 4096, 0
9474, 3305, 1, 4096, 0
9475, 9473, 1, 4096, 0
9475, 4471, 1, 4096, 0
9475, 9225, 1, 4096, 0
9476, 7664, 1, 4096, 0
9476, 10169, 1, 4096, 0
9476, 4990, 1, 4096, 0
9477, 10810, 1, 4096, 0
9477, 6102, 1, 4096, 0
9477, 6765, 1, 4096, 0
9478, 8601, 1, 4096, 0
9479, 2818, 1, 4096, 0
9479, 7372, 1, 4096, 0
9479, 9056, 1, 4096, 0
9480, 8968, 1, 4096, 0
9481, 4701, 1, 4096, 0
9481, 4959, 1, 4096, 0
9481, 9438, 1, 4096, 0
9482, 9599, 1, 4096, 0
9482, 10474, 1, 4096, 0
9483, 9853, 1, 4096, 0
9483, 9087, 1, 4096, 0
9484, 9283, 1, 4096, 0
9484, 7508, 1, 4096, 0
9484, 3710, 1, 4096, 0
9485, 6872, 1, 4096, 0
9485, 8354, 1, 4096, 0
9486, 7003, 1, 4096, 0
9486, 9178, 1, 4096, 0
9486, 7223, 1, 4096, 0
9486, 8624, 1, 4096, 0
9487, 9081, 1, 4096, 0
9487, 4993, 1, 4096, 0
9488, 9602, 1, 4096, 0
9489, 10760, 1, 4096, 0
9489, 6308, 1, 4096, 0
9489, 2583, 1, 4096, 0
9490, 6818, 1, 4096, 0
9490, 4007, 1, 4096, 0
9490, 9167, 1, 4096, 0
9491, 10379, 1, 4096, 0
9491, 6864, 1, 4096, 0
9491, 8395, 1, 4096, 0
9492, 5860, 1, 4096, 0
9492, 11725, 1, 4096, 0
9493, 5626, 1, 4096, 0
9493, 3683, 1, 4096, 0
9494, 7610, 1, 4096, 0
9494, 4340, 1, 4096, 0
9494, 10409, 1, 4096, 0
9495, 9332, 1, 4096, 0
9495, 9155, 1, 4096, 0
9495, 9735, 1, 4096, 0
9496, 10093, 1, 4096, 0
9496, 4445, 1, 4096, 0
9497, 6844, 1, 4096, 0
9498, 8158, 1, 4096, 0
9498, 5640, 1, 4096, 0
9498, 2791, 1, 4096, 0
9499, 10087, 1, 4096, 0
9499, 7789, 1, 4096, 0
9499, 7420, 1, 4096, 0
9500, 5382, 1, 4096, 0
9501, 8089, 1, 4096, 0
9501, 3088, 1, 4096, 0
9501, 2655, 1, 4096, 0
9501, 6253, 1, 4096, 0
9502, 5460, 1, 4096, 0
9502, 7906, 1, 4096, 0
9503, 6475, 1, 4096, 0
9503, 8945, 1, 4096, 0
9503, 8294, 1, 4096, 0
9504, 7562, 1, 4096, 0
9504, 7303, 1, 4096, 0
9505, 9180, 1, 4096, 0
9505, 3118, 1, 4096, 0
9506, 8921, 1, 4096, 0
9506, 6968, 1, 4096, 0
9506, 4948, 1, 4096, 0
9507, 11127, 1, 4096, 0
9507, 15987, 1, 4096, 0
9507, 3246, 1, 4096, 0
9508, 10368, 1, 4096, 0
9508, 6832, 1, 4096, 0
9508, 5613, 1, 4096, 0
9509, 9119, 1, 4096, 0
9509, 4872, 1, 4096, 0
9510, 11330, 1, 4096, 0
9510, 7495, 1, 4096, 0
9510, 9956, 1, 4096, 0
9511, 8274, 1, 4096, 0
9511, 9392, 1, 4096, 0
9511, 9865, 1, 4096, 0
9512, 8019, 1, 4096, 0
9512, 8403, 1, 4096, 0
9512, 3480, 1, 4096, 0
9513, 8879, 1, 4096, 0
9513, 5832, 1, 4096, 0
9514, 3960, 1, 4096, 0
9514, 8008, 1, 4096, 0
9515, 8411, 1, 4096, 0
9515, 7349, 1, 4096, 0
9516, 6687, 1, 4096, 0
9516, 2240, 1, 4096, 0
9516, 10940, 1, 4096, 0
9517, 7007, 1, 4096, 0
9517, 10316, 1, 4096, 0
9517, 6384, 1, 4096, 0
9518, 4430, 1, 4096, 0
9518, 4508, 1, 4096, 0
9518, 10262, 1, 4096, 0
9519, 5166, 1, 4096, 0
9519, 4111, 1, 4096, 0
9520, 6103, 1, 4096, 0
9521, 7389, 1, 4096, 0
9521, 5427, 1, 4096, 0
9521, 3704, 1, 4096, 0
9522, 6049, 1, 4096, 0
9522, 4111, 1, 4096, 0
9522, 6248, 1, 4096, 0
9523, 4596, 1, 4096, 0
9523, 10580, 1, 4096, 0
9523, 9688, 1, 4096, 0
9524, 7037, 1, 4096, 0
9524, 8645, 1, 4096, 0
9525, 10142, 1, 4096, 0
9525, 8913, 1, 4096, 0
9525, 8457, 1, 4096, 0
9526, 5904, 1, 4096, 0
9526, 5029, 1, 4096, 0
9527, 8888, 1, 4096, 0
9527, 7889, 1, 4096, 0
9528, 10395, 1, 4096, 0
9528, 8038, 1, 4096, 0
9529, 8375, 1, 4096, 0
9529, 5749, 1, 4096, 0
9530, 6054, 1, 4096, 0
9530, 8357, 1, 4096, 0
9531, 6053, 1, 4096, 0
9531, 6367, 1, 4096, 0
9531, 8096, 1, 4096, 0
9532, 3831, 1, 4096, 0
9532, 4196, 1, 4096, 0
9532, 9423, 1, 4096, 0
9533, 8165, 1, 4096, 0
9533, 8665, 1, 4096, 0
9533, 7592, 1, 4096, 0
9534, 5670, 1, 4096, 0
9534, 7456, 1, 4096, 0
9534, 6905, 1, 4096, 0
9535, 6498, 1, 4096, 0
9535, 8840, 1, 4096, 0
9536, 11255, 1, 4096, 0
9536, 6398, 1, 4096, 0
9536, 7986, 1, 4096, 0
9537, 4214, 1, 4096, 0
9537, 3876, 1, 4096, 0
9537, 4105, 1, 4096, 0
9539, 7504, 1, 4096, 0
9539, 4088, 1, 4096, 0
9539, 9498, 1, 4096, 0
9540, 7953, 1, 4096, 0
9540, 7151, 1, 4096, 0
9541, 9144, 1, 4096, 0
9541, 8533, 1, 4096, 0
9541, 6974, 1, 4096, 0
9541, 5942, 1, 4096, 0
9542, 6772, 1, 4096, 0
9542, 10435, 1, 4096, 0
9543, 9861, 1, 4096, 0
9543, 8990, 1, 4096, 0
9543, 8250, 1, 4096, 0
9544, 5417, 1, 4096, 0
9544, 4802, 1, 4096, 0
9544, 11577, 1, 4096, 0
9545, 10538, 1, 4096, 0
9545, 3808, 1, 4096, 0
9545, 9665, 1, 4096, 0
9546, 9970, 1, 4096, 0
9546, 5079, 1, 4096, 0
9547, 10648, 1, 4096, 0
9547, 10293, 1, 4096, 0
9548, 7925, 1, 4096, 0
9548, 5134, 1, 4096, 0
9548, 4160, 1, 4096, 0
9549, 13433, 1, 4096, 0
9550, 8575, 1, 4096, 0
9550, 3867, 1, 4096, 0
9550, 7791, 1, 4096, 0
9550, 11009, 1, 4096, 0
9551, 9291, 1, 4096, 0
9551, 10810, 1, 4096, 0
9551, 14259, 1, 4096, 0
9552, 8010, 1, 4096, 0
9553, 8428, 1, 4096, 0
9553, 11517, 1, 4096, 0
9553, 8511, 1, 4096, 0
9554, 8305, 1, 4096, 0
9554, 5596, 1, 4096, 0
9554, 6493, 1, 4096, 0
9555, 8677, 1, 4096, 0
9555, 9755, 1, 4096, 0
9556, 8410, 1, 4096, 0
9556, 3766, 1, 4096, 0
9557, 5184, 1, 4096, 0
9557, 7863, 1, 4096, 0
9558, 8107, 1, 4096, 0
9558, 5804, 1, 4096, 0
9558, 6988, 1, 4096, 0
9559, 7055, 1, 4096, 0
9559, 7441, 1, 4096, 0
9559, 4079, 1, 4096, 0
9560, 8121, 1, 4096, 0
9560, 12439, 1, 4096, 0
9560, 4248, 1, 4096, 0
9561, 9885, 1, 4096, 0
9561, 8454, 1, 4096, 0
9562, 12864, 1, 4096, 0
9562, 10594, 1, 4096, 0
9563, 3376, 1, 4096, 0
9564, 10185, 1, 4096, 0
9564, 7657, 1, 4096, 0
9564, 7583, 1, 4096, 0
9565, 7167, 1, 4096, 0
9565, 10857, 1, 4096, 0
9565, 5453, 1, 4096, 0
9566, 14582, 1, 4096, 0
9566, 5956, 1, 4096, 0
9566, 3071, 1, 4096, 0
9567, 10222, 1, 4096, 0
9567, 8891, 1, 4096, 0
9568, 5844, 1, 4096, 0
9568, 10113, 1, 4096, 0
9569, 7937, 1, 4096, 0
9569, 14577, 1, 4096, 0
9570, 11166, 1, 4096, 0
9570, 2979, 1, 4096, 0
9570, 9559, 1, 4096, 0
9571, 7263, 1, 4096, 0
9571, 6789, 1, 4096, 0
9571, 4624, 1, 4096, 0
9572, 8654, 1, 4096, 0
9572, 5594, 1, 4096, 0
9573, 11521, 1, 4096, 0
9573, 8730, 1, 4096, 0
9573, 3665, 1, 4096, 0
9574, 10491, 1, 4096, 0
9574, 8081, 1, 4096, 0
9574, 7503, 1, 4096, 0
9575, 8426, 1, 4096, 0
9575, 9507, 1, 4096, 0
9575, 4257, 1, 4096, 0
9576, 7052, 1, 4096, 0
9577, 8176, 1, 4096, 0
9578, 9108, 1, 4096, 0
9579, 7297, 1, 4096, 0
9579, 4452, 1, 4096, 0
9579, 4114, 1, 4096, 0
9580, 8695, 1, 4096, 0
9580, 14811, 1, 4096, 0
9581, 9378, 1, 4096, 0
9581, 7583, 1, 4096, 0
9582, 3882, 1, 4096, 0
9582, 5754, 1, 4096, 0
9582, 5355, 1, 4096, 0
9583, 4214, 1, 4096, 0
9583, 5320, 1, 4096, 0
9583, 10206, 1, 4096, 0
9584, 10045, 1, 4096, 0
9585, 7956, 1, 4096, 0
9585, 5249, 1, 4096, 0
9585, 9037, 1, 4096, 0
9586, 4860, 1, 4096, 0
9586, 6425, 1, 4096, 0
9587, 10409, 1, 4096, 0
9587, 7846, 1, 4096, 0
9588, 7118, 1, 4096, 0
9588, 4532, 1, 4096, 0
9588, 5750, 1, 4096, 0
9589, 16343, 1, 4096, 0
9589, 7615, 1, 4096, 0
9589, 6289, 1, 4096, 0
9590, 9459, 1, 4096, 0
9590, 6439, 1, 4096, 0
9590, 8996, 1, 4096, 0
9591, 5576, 1, 4096, 0
9591, 10454, 1, 4096, 0
9592, 7009, 1, 4096, 0
9592, 7738, 1, 4096, 0
9593, 7789, 1, 4096, 0
9593, 5703, 1, 4096, 0
9594, 7131, 1, 4096, 0
9594, 7435, 1, 4096, 0
9594, 9310, 1, 4096, 0
9595, 6274, 1, 4096, 0
9595, 5903, 1, 4096, 0
9596, 11583, 1, 4096, 0
9596, 8940, 1, 4096, 0
9597, 12081, 1, 4096, 0
9597, 6538, 1, 4096, 0
9598, 10703, 1, 4096, 0
9598, 5177, 1, 4096, 0
9598, 4231, 1, 4096, 0
9599, 8245, 1, 4096, 0
9599, 9495, 1, 4096, 0
9599, 2162, 1, 4096, 0
9601, 6414, 1, 4096, 0
9601, 8483, 1, 4096, 0
9601, 3988, 1, 4096, 0
9602, 8176, 1, 4096, 0
9602, 4278, 1, 4096, 0
9602, 4869, 1, 4096, 0
9603, 4579, 1, 4096, 0
9603, 9318, 1, 4096, 0
9604, 8636, 1, 4096, 0
9604, 8623, 1, 4096, 0
9604, 5902, 1, 4096, 0
9605, 5550, 1, 4096, 0
9606, 5748, 1, 4096, 0
9606, 4273, 1, 4096, 0
9607, 8999, 1, 4096, 0
9607, 6671, 1, 4096, 0
9607, 9122, 1, 4096, 0
9607, 8436, 1, 4096, 0
9608, 9475, 1, 4096, 0
9609, 12045, 1, 4096, 0
9609, 7977, 1, 4096, 0
9609, 6241, 1, 4096, 0
9610, 11205, 1, 4096, 0
9610, 5977, 1, 4096, 0
9611, 9534, 1, 4096, 0
9611, 2976, 1, 4096, 0
9611, 5909, 1, 4096, 0
9613, 8732, 1, 4096, 0
9613, 4238, 1, 4096, 0
9613, 11675, 1, 4096, 0
9614, 8556, 1, 4096, 0
9614, 8050, 1, 4096, 0
9615, 6404, 1, 4096, 0
9615, 5532, 1, 4096, 0
9615, 3212, 1, 4096, 0
9616, 8818, 1, 4096, 0
9616, 11655, 1, 4096, 0
9617, 6868, 1, 4096, 0
9617, 11171, 1, 4096, 0
9618, 11137, 1, 4096, 0
9618, 4375, 1, 4096, 0
9618, 9138, 1, 4096, 0
9619, 4268, 1, 4096, 0
9619, 6844, 1, 4096, 0
9620, 6037, 1, 4096, 0
9620, 9752, 1, 4096, 0
9621, 8790, 1, 4096, 0
9621, 7721, 1, 4096, 0
9621, 4617, 1, 4096, 0
9622, 9586, 1, 4096, 0
9622, 4811, 1, 4096, 0
9623, 9574, 1, 4096, 0
9623, 8466, 1, 4096, 0
9623, 5558, 1, 4096, 0
9624, 11342, 1, 4096, 0
9624, 10449, 1, 4096, 0
9624, 7177, 1, 4096, 0
9625, 8905, 1, 4096, 0
9625, 10513, 1, 4096, 0
9626, 6089, 1, 4096, 0
9627, 8905, 1, 4096, 0
9628, 7484, 1, 4096, 0
9628, 7363, 1, 4096, 0
9629, 9348, 1, 4096, 0
9629, 2872, 1, 4096, 0
9629, 3590, 1, 4096, 0
9630, 10945, 1, 4096, 0
9630, 7653, 1, 4096, 0
9630, 8108, 1, 4096, 0
9631, 10102, 1, 4096, 0
9631, 4698, 1, 4096, 0
9632, 7887, 1, 4096, 0
9632, 9502, 1, 4096, 0
9632, 6014, 1, 4096, 0
9633, 11427, 1, 4096, 0
9633, 3464, 1, 4096, 0
9634, 8760, 1, 4096, 0
9634, 9822, 1, 4096, 0
9634, 8518, 1, 4096, 0
9635, 7113, 1, 4096, 0
9635, 4302, 1, 4096, 0
9636, 9626, 1, 4096, 0
9637, 10012, 1, 4096, 0
9637, 3558, 1, 4096, 0
9637, 8189, 1, 4096, 0
9638, 7478, 1, 4096, 0
9639, 5045, 1, 4096, 0
9639, 3849, 1, 4096, 0
9640, 9551, 1, 4096, 0
9640, 9029, 1, 4096, 0
9641, 8695, 1, 4096, 0
9641, 9107, 1, 4096, 0
9642, 9895, 1, 4096, 0
9642, 9031, 1, 4096, 0
9642, 8980, 1, 4096, 0
9643, 8929, 1, 4096, 0
9643, 7636, 1, 4096, 0
9644, 7820, 1, 4096, 0
9644, 6031, 1, 4096, 0
9644, 9584, 1, 4096, 0
9645, 9536, 1, 4096, 0
9645, 6833, 1, 4096, 0
9645, 4126, 1, 4096, 0
9646, 6919, 1, 4096, 0
9646, 9297, 1, 4096, 0
9647, 7968, 1, 4096, 0
9647, 9774, 1, 4096, 0
9648, 8796, 1, 4096, 0
9648, 9448, 1, 4096, 0
9649, 11930, 1, 4096, 0
9649, 8067, 1, 4096, 0
9649, 5749, 1, 4096, 0
9650, 6825, 1, 4096, 0
9651, 7350, 1, 4096, 0
9651, 8483, 1, 4096, 0
9651, 5433, 1, 4096, 0
9652, 7005, 1, 4096, 0
9652, 5613, 1, 4096, 0
9652, 6787, 1, 4096, 0
9654, 9075, 1, 4096, 0
9654, 9387, 1, 4096, 0
9654, 4926, 1, 4096, 0
9655, 4612, 1, 4096, 0
9655, 4752, 1, 4096, 0
9656, 9548, 1, 4096, 0
9656, 10315, 1, 4096, 0
9657, 8271, 1, 4096, 0
9657, 7301, 1, 4096, 0
9657, 4210, 1, 4096, 0
9658, 6165, 1, 4096, 0
9659, 10888, 1, 4096, 0
9659, 2464, 1, 4096, 0
9659, 8605, 1, 4096, 0
9660, 8272, 1, 4096, 0
9660, 8229, 1, 4096, 0
9661, 9289, 1, 4096, 0
9661, 5314, 1, 4096, 0
9661, 7179, 1, 4096, 0
9662, 5175, 1, 4096, 0
9662, 3180, 1, 4096, 0
9662, 9741, 1, 4096, 0
9663, 5537, 1, 4096, 0
9663, 2451, 1, 4096, 0
9664, 9427, 1, 4096, 0
9664, 10479, 1, 4096, 0
9665, 9069, 1, 4096, 0
9665, 3945, 1, 4096, 0
9665, 8718, 1, 4096, 0
9666, 7275, 1, 4096, 0
9667, 4037, 1, 4096, 0
9667, 9118, 1, 4096, 0
9667, 8751, 1, 4096, 0
9668, 8419, 1, 4096, 0
9668, 5895, 1, 4096, 0
9669, 5486, 1, 4096, 0
9669, 9590, 1, 4096, 0
9670, 4791, 1, 4096, 0
9670, 7222, 1, 4096, 0
9671, 7459, 1, 4096, 0
9671, 6989, 1, 4096, 0
9671, 6049, 1, 4096, 0
9672, 6840, 1, 4096, 0
9672, 6721, 1, 4096, 0
9672, 4734, 1, 4096, 0
9673, 10183, 1, 4096, 0
9673, 7122, 1, 4096, 0
9673, 4479, 1, 4096, 0
9674, 10656, 1, 4096, 0
9674, 10050, 1, 4096, 0
9675, 6045, 1, 4096, 0
9675, 7937, 1, 4096, 0
9676, 6967, 1, 4096, 0
9676, 2056, 1, 4096, 0
9677, 7483, 1, 4096, 0
9677, 8573, 1, 4096, 0
9677, 4656, 1, 4096, 0
9678, 7082, 1, 4096, 0
9678, 5524, 1, 4096, 0
9679, 10259, 1, 4096, 0
9679, 8493, 1, 4096, 0
9679, 7537, 1, 4096, 0
9680, 9061, 1, 4096, 0
9681, 10285, 1, 4096, 0
9681, 9750, 1, 4096, 0
9681, 8498, 1, 4096, 0
9682, 5238, 1, 4096, 0
9682, 6636, 1, 4096, 0
9682, 8263, 1, 4096, 0
9683, 5855, 1, 4096, 0
9683, 10301, 1, 4096, 0
9684, 7797, 1, 4096, 0
9684, 6576, 1, 4096, 0
9684, 6837, 1, 4096, 0
9685, 8685, 1, 4096, 0
9685, 7914, 1, 4096, 0
9686, 10391, 1, 4096, 0
9686, 11861, 1, 4096, 0
9687, 6164, 1, 4096, 0
9687, 5188, 1, 4096, 0
9688, 6536, 1, 4096, 0
9688, 7416, 1, 4096, 0
9688, 17465, 1, 4096, 0
9689, 7748, 1, 4096, 0
9689, 8238, 1, 4096, 0
9689, 4978, 1, 4096, 0
9690, 8262, 1, 4096, 0
9690, 4709, 1, 4096, 0
9690, 5674, 1, 4096, 0
9691, 3714, 1, 4096, 0
9691, 4840, 1, 4096, 0
9691, 7313, 1, 4096, 0
9692, 10048, 1, 4096, 0
9692, 6559, 1, 4096, 0
9692, 6150, 1, 4096, 0
9694, 9590, 1, 4096, 0
9694, 4103, 1, 4096, 0
9694, 14086, 1, 4096, 0
9695, 7087, 1, 4096, 0
9695, 5063, 1, 4096, 0
9696, 9597, 1, 4096, 0
9696, 9865, 1, 4096, 0
9696, 8849, 1, 4096, 0
9697, 5592, 1, 4096, 0
9697, 6291, 1, 4096, 0
9697, 9007, 1, 4096, 0
9698, 7270, 1, 4096, 0
9698, 5354, 1, 4096, 0
9699, 8010, 1, 4096, 0
9699, 9265, 1, 4096, 0
9699, 7737, 1, 4096, 0
9700, 7660, 1, 4096, 0
9700, 4725, 1, 4096, 0
9701, 10563, 1, 4096, 0
9702, 6577, 1, 4096, 0
9702, 11056, 1, 4096, 0
9702, 8454, 1, 4096, 0
9703, 6259, 1, 4096, 0
9703, 14168, 1, 4096, 0
9703, 3975, 1, 4096, 0
9704, 7531, 1, 4096, 0
9704, 7907, 1, 4096, 0
9704, 5275, 1, 4096, 0
9705, 8119, 1, 4096, 0
9705, 2090, 1, 4096, 0
9706, 9603, 1, 4096, 0
9706, 4569, 1, 4096, 0
9707, 8804, 1, 4096, 0
9707, 7042, 1, 4096, 0
9708, 4676, 1, 4096, 0
9708, 8495, 1, 4096, 0
9709, 7079, 1, 4096, 0
9709, 6667, 1, 4096, 0
9710, 10768, 1, 4096, 0
9710, 6599, 1, 4096, 0
9710, 6245, 1, 4096, 0
9711, 8042, 1, 4096, 0
9711, 5272, 1, 4096, 0
9711, 4734, 1, 4096, 0
9712, 9159, 1, 4096, 0
9713, 10112, 1, 4096, 0
9713, 6716, 1, 4096, 0
9714, 8183, 1, 4096, 0
9714, 8999, 1, 4096, 0
9714, 5454, 1, 4096, 0
9715, 10552, 1, 4096, 0
9715, 6079, 1, 4096, 0
9715, 2911, 1, 4096, 0
9716, 9635, 1, 4096, 0
9716, 6552, 1, 4096, 0
9717, 5869, 1, 4096, 0
9717, 10549, 1, 4096, 0
9718, 10358, 1, 4096, 0
9718, 15607, 1, 4096, 0
9719, 6465, 1, 4096, 0
9719, 3391, 1, 4096, 0
9719, 4590, 1, 4096, 0
9720, 9518, 1, 4096, 0
9720, 4953, 1, 4096, 0
9720, 5076, 1, 4096, 0
9721, 10491, 1, 4096, 0
9721, 6934, 1, 4096, 0
9721, 7424, 1, 4096, 0
9722, 11690, 1, 4096, 0
9722, 8643, 1, 4096, 0
9723, 5481, 1, 4096, 0
9724, 7806, 1, 4096, 0
9724, 5173, 1, 4096, 0
9724, 11074, 1, 4096, 0
9725, 6862, 1, 4096, 0
9725, 4903, 1, 4096, 0
9726, 6535, 1, 4096, 0
9726, 9228, 1, 4096, 0
9726, 6925, 1, 4096, 0
9727, 2687, 1, 4096, 0
9728, 9613, 1, 4096, 0
9728, 4387, 1, 4096, 0
9728, 2777, 1, 4096, 0
9729, 8461, 1, 4096, 0
9729, 5559, 1, 4096, 0
9729, 7571, 1, 4096, 0
9729, 7557, 1, 4096, 0
9730, 8695, 1, 4096, 0
9730, 9960, 1, 4096, 0
9731, 10965, 1, 4096, 0
9731, 7374, 1, 4096, 0
9731, 7376, 1, 4096, 0
9732, 9313, 1, 4096, 0
9732, 5425, 1, 4096, 0
9733, 7453, 1, 4096, 0
9733, 4271, 1, 4096, 0
9733, 7223, 1, 4096, 0
9734, 7896, 1, 4096, 0
9734, 6577, 1, 4096, 0
9734, 9526, 1, 4096, 0
9735, 7778, 1, 4096, 0
9735, 4013, 1, 4096, 0
9735, 10348, 1, 4096, 0
9736, 8513, 1, 4096, 0
9736, 7608, 1, 4096, 0
9736, 6526, 1, 4096, 0
9737, 6788, 1, 4096, 0
9737, 4354, 1, 4096, 0
9737, 4909, 1, 4096, 0
9738, 7978, 1, 4096, 0
9738, 10520, 1, 4096, 0
9739, 7592, 1, 4096, 0
9739, 7510, 1, 4096, 0
9740, 6056, 1, 4096, 0
9740, 9569, 1, 4096, 0
9740, 7969, 1, 4096, 0
9741, 8662, 1, 4096, 0
9741, 13312, 1, 4096, 0
9742, 8887, 1, 4096, 0
9742, 4318, 1, 4096, 0
9743, 10672, 1, 4096, 0
9743, 5631, 1, 4096, 0
9743, 2808, 1, 4096, 0
9744, 10466, 1, 4096, 0
9744, 4412, 1, 4096, 0
9745, 3943, 1, 4096, 0
9746, 9458, 1, 4096, 0
9746, 11973, 1, 4096, 0
9746, 4681, 1, 4096, 0
9747, 11437, 1, 4096, 0
9747, 4737, 1, 4096, 0
9747, 6154, 1, 4096, 0
9748, 5103, 1, 4096, 0
9748, 9221, 1, 4096, 0
9748, 8449, 1, 4096, 0
9749, 9433, 1, 4096, 0
9749, 4766, 1, 4096, 0
9749, 7885, 1, 4096, 0
9750, 10949, 1, 4096, 0
9750, 8263, 1, 4096, 0
9750, 5998, 1, 4096, 0
9751, 5556, 1, 4096, 0
9751, 7782, 1, 4096, 0
9751, 7372, 1, 4096, 0
9752, 5660, 1, 4096, 0
9752, 9162, 1, 4096, 0
9752, 7808, 1, 4096, 0
9753, 5832, 1, 4096, 0
9754, 5635, 1, 4096, 0
9754, 8978, 1, 4096, 0
9754, 10293, 1, 4096, 0
9755, 6064, 1, 4096, 0
9755, 9114, 1, 4096, 0
9755, 10198, 1, 4096, 0
9756, 8913, 1, 4096, 0
9756, 8277, 1, 4096, 0
9757, 7124, 1, 4096, 0
9757, 10117, 1, 4096, 0
9757, 5578, 1, 4096, 0
9758, 4909, 1, 4096, 0
9758, 7324, 1, 4096, 0
9758, 5849, 1, 4096, 0
9759, 5519, 1, 4096, 0
9760, 9581, 1, 4096, 0
9760, 3040, 1, 4096, 0
9760, 2483, 1, 4096, 0
9761, 10469, 1, 4096, 0
9761, 4592, 1, 4096, 0
9762, 4338, 1, 4096, 0
9762, 7130, 1, 4096, 0
9762, 10676, 1, 4096, 0
9763, 8295, 1, 4096, 0
9763, 7045, 1, 4096, 0
9764, 7723, 1, 4096, 0
9764, 7205, 1, 4096, 0
9765, 9581, 1, 4096, 0
9765, 9432, 1, 4096, 0
9766, 8511, 1, 4096, 0
9766, 3586, 1, 4096, 0
9767, 11047, 1, 4096, 0
9767, 2983, 1, 4096, 0
9767, 10254, 1, 4096, 0
9768, 5902, 1, 4096, 0
9768, 6058, 1, 4096, 0
9768, 7010, 1, 4096, 0
9769, 7641, 1, 4096, 0
9769, 5358, 1, 4096, 0
9770, 8859, 1, 4096, 0
9770, 9540, 1, 4096, 0
9770, 6508, 1, 4096, 0
9771, 9972, 1, 4096, 0
9772, 10716, 1, 4096, 0
9772, 9146, 1, 4096, 0
9772, 7323, 1, 4096, 0
9773, 19871, 1, 4096, 0
9773, 4174, 1, 4096, 0
9773, 8818, 1, 4096, 0
9774, 8017, 1, 4096, 0
9774, 8221, 1, 4096, 0
9774, 9865, 1, 4096, 0
9775, 7638, 1, 4096, 0
9776, 6758, 1, 4096, 0
9776, 7287, 1, 4096, 0
9776, 13958, 1, 4096, 0
9777, 8885, 1, 4096, 0
9777, 7048, 1, 4096, 0
9778, 9479, 1, 4096, 0
9778, 5534, 1, 4096, 0
9778, 5520, 1, 4096, 0
9779, 9669, 1, 4096, 0
9779, 8696, 1, 4096, 0
9779, 8746, 1, 4096, 0
9780, 14731, 1, 4096, 0
9780, 6010, 1, 4096, 0
9781, 6863, 1, 4096, 0
9781, 9892, 1, 4096, 0
9782, 4506, 1, 4096, 0
9782, 4474, 1, 4096, 0
9783, 7295, 1, 4096, 0
9783, 11477, 1, 4096, 0
9783, 9904, 1, 4096, 0
9784, 7525, 1, 4096, 0
9785, 7998, 1, 4096, 0
9785, 10279, 1, 4096, 0
9785, 6147, 1, 4096, 0
9785, 5083, 1, 4096, 0
9786, 6852, 1, 4096, 0
9787, 9386, 1, 4096, 0
9787, 9336, 1, 4096, 0
9788, 7251, 1, 4096, 0
9788, 10777, 1, 4096, 0
9788, 5945, 1, 4096, 0
9789, 8718, 1, 4096, 0
9789, 15222, 1, 4096, 0
9789, 6151, 1, 4096, 0
9790, 9825, 1, 4096, 0
9790, 4357, 1, 4096, 0
9790, 6420, 1, 4096, 0
9791, 8296, 1, 4096, 0
9791, 8936, 1, 4096, 0
9791, 10965, 1, 4096, 0
9792, 8974, 1, 4096, 0
9792, 9335, 1, 4096, 0
9793, 5717, 1, 4096, 0
9793, 9168, 1, 4096, 0
9793, 11574, 1, 4096, 0
9794, 9286, 1, 4096, 0
9794, 9325, 1, 4096, 0
9795, 8586, 1, 4096, 0
9795, 5611, 1, 4096, 0
9795, 5635, 1, 4096, 0
9796, 8953, 1, 4096, 0
9797, 10637, 1, 4096, 0
9797, 9782, 1, 4096, 0
9797, 13138, 1, 4096, 0
9797, 5436, 1, 4096, 0
9798, 6435, 1, 4096, 0
9799, 6294, 1, 4096, 0
9799, 10646, 1, 4096, 0
9799, 2998, 1, 4096, 0
9800, 7650, 1, 4096, 0
9800, 2404, 1, 4096, 0
9800, 7874, 1, 4096, 0
9802, 10228, 1, 4096, 0
9802, 8288, 1, 4096, 0
9802, 13585, 1, 4096, 0
9803, 5466, 1, 4096, 0
9803, 7898, 1, 4096, 0
9803, 7816, 1, 4096, 0
9804, 8487, 1, 4096, 0
9804, 3267, 1, 4096, 0
9804, 4734, 1, 4096, 0
9805, 6000, 1, 4096, 0
9805, 11309, 1, 4096, 0
9806, 8976, 1, 4096, 0
9806, 5747, 1, 4096, 0
9806, 8031, 1, 4096, 0
9807, 5928, 1, 4096, 0
9807, 17937, 1, 4096, 0
9807, 8357, 1, 4096, 0
9808, 9310, 1, 4096, 0
9808, 7590, 1, 4096, 0
9809, 7262, 1, 4096, 0
9809, 6912, 1, 4096, 0
9809, 7807, 1, 4096, 0
9810, 8535, 1, 4096, 0
9810, 10300, 1, 4096, 0
9811, 8195, 1, 4096, 0
9811, 7281, 1, 4096, 0
9812, 8491, 1, 4096, 0
9812, 5938, 1, 4096, 0
9812, 4813, 1, 4096, 0
9813, 9571, 1, 4096, 0
9813, 6767, 1, 4096, 0
9814, 8173, 1, 4096, 0
9814, 4697, 1, 4096, 0
9814, 7821, 1, 4096, 0
9815, 11760, 1, 4096, 0
9815, 8441, 1, 4096, 0
9815, 10824, 1, 4096, 0
9816, 7971, 1, 4096, 0
9816, 9902, 1, 4096, 0
9816, 11418, 1, 4096, 0
9817, 5619, 1, 4096, 0
9817, 2542, 1, 4096, 0
9817, 5673, 1, 4096, 0
9818, 10316, 1, 4096, 0
9819, 9209, 1, 4096, 0
9819, 7160, 1, 4096, 0
9819, 9321, 1, 4096, 0
9820, 10809, 1, 4096, 0
9820, 4844, 1, 4096, 0
9821, 9579, 1, 4096, 0
9821, 7100, 1, 4096, 0
9821, 8208, 1, 4096, 0
9822, 5801, 1, 4096, 0
9822, 4874, 1, 4096, 0
9822, 5824, 1, 4096, 0
9823, 7319, 1, 4096, 0
9823, 6977, 1, 4096, 0
9824, 8871, 1, 4096, 0
9824, 7062, 1, 4096, 0
9824, 9750, 1, 4096, 0
9825, 9506, 1, 4096, 0
9825, 6945, 1, 4096, 0
9826, 10280, 1, 4096, 0
9826, 7723, 1, 4096, 0
9826, 4632, 1, 4096, 0
9827, 6360, 1, 4096, 0
9828, 10879, 1, 4096, 0
9828, 4293, 1, 4096, 0
9828, 7966, 1, 4096, 0
9829, 7366, 1, 4096, 0
9829, 7893, 1, 4096, 0
9829, 9640, 1, 4096, 0
9830, 16600, 1, 4096, 0
9831, 10237, 1, 4096, 0
9831, 3427, 1, 4096, 0
9831, 10399, 1, 4096, 0
9832, 6758, 1, 4096, 0
9832, 6757, 1, 4096, 0
9832, 4071, 1, 4096, 0
9833, 6972, 1, 4096, 0
9833, 9858, 1, 4096, 0
9833, 7447, 1, 4096, 0
9834, 6966, 1, 4096, 0
9834, 7858, 1, 4096, 0
9835, 6809, 1, 4096, 0
9836, 5697, 1, 4096, 0
9836, 5957, 1, 4096, 0
9836, 8446, 1, 4096, 0
9837, 8007, 1, 4096, 0
9837, 6255, 1, 4096, 0
9838, 9229, 1, 4096, 0
9838, 7665, 1, 4096, 0
9839, 3450, 1, 4096, 0
9839, 9785, 1, 4096, 0
9840, 8832, 1, 4096, 0
9840, 7618, 1, 4096, 0
9840, 10463, 1, 4096, 0
9841, 5960, 1, 4096, 0
9841, 11545, 1, 4096, 0
9842, 6445, 1, 4096, 0
9842, 4301, 1, 4096, 0
9842, 7251, 1, 4096, 0
9842, 3004, 1, 4096, 0
9842, 4834, 1, 4096, 0
9843, 7073, 1, 4096, 0
9844, 6247, 1, 4096, 0
9844, 9192, 1, 4096, 0
9845, 10345, 1, 4096, 0
9845, 4076, 1, 4096, 0
9845, 4792, 1, 4096, 0
9847, 9994, 1, 4096, 0
9847, 2585, 1, 4096, 0
9847, 8343, 1, 4096, 0
9848, 10436, 1, 4096, 0
9848, 6583, 1, 4096, 0
9849, 5972, 1, 4096, 0
9849, 7601, 1, 4096, 0
9850, 9536, 1, 4096, 0
9850, 10679, 1, 4096, 0
9850, 7084, 1, 4096, 0
9851, 8646, 1, 4096, 0
9851, 8454, 1, 4096, 0
9851, 6549, 1, 4096, 0
9852, 7873, 1, 4096, 0
9852, 8128, 1, 4096, 0
9853, 13084, 1, 4096, 0
9853, 4927, 1, 4096, 0
9854, 8991, 1, 4096, 0
9854, 7230, 1, 4096, 0
9855, 9991, 1, 4096, 0
9855, 8881, 1, 4096, 0
9855, 6668, 1, 4096, 0
9856, 7792, 1, 4096, 0
9856, 7846, 1, 4096, 0
9856, 5298, 1, 4096, 0
9857, 7180, 1, 4096, 0
9857, 10012, 1, 4096, 0
9857, 8441, 1, 4096, 0
9858, 9308, 1, 4096, 0
9858, 5508, 1, 4096, 0
9858, 7575, 1, 4096, 0
9859, 9315, 1, 4096, 0
9861, 6150, 1, 4096, 0
9861, 9282, 1, 4096, 0
9862, 9087, 1, 4096, 0
9862, 7631, 1, 4096, 0
9862, 5557, 1, 4096, 0
9863, 8006, 1, 4096, 0
9864, 8616, 1, 4096, 0
9864, 15538, 1, 4096, 0
9865, 9083, 1, 4096, 0
9865, 8547, 1, 4096, 0
9865, 4899, 1, 4096, 0
9866, 7097, 1, 4096, 0
9866, 6832, 1, 4096, 0
9866, 5678, 1, 4096, 0
9867, 9190, 1, 4096, 0
9867, 6930, 1, 4096, 0
9867, 2271, 1, 4096, 0
9868, 9421, 1, 4096, 0
9868, 5376, 1, 4096, 0
9868, 4402, 1, 4096, 0
9869, 9391, 1, 4096, 0
9870, 6390, 1, 4096, 0
9870, 3792, 1, 4096, 0
9870, 7435, 1, 4096, 0
9871, 5967, 1, 4096, 0
9871, 2811, 1, 4096, 0
9871, 8020, 1, 4096, 0
9872, 9652, 1, 4096, 0
9872, 9885, 1, 4096, 0
9873, 6609, 1, 4096, 0
9873, 7259, 1, 4096, 0
9874, 8712, 1, 4096, 0
9874, 5229, 1, 4096, 0
9874, 4181, 1, 4096, 0
9875, 9334, 1, 4096, 0
9875, 7383, 1, 4096, 0
9875, 5417, 1, 4096, 0
9876, 4443, 1, 4096, 0
9876, 5833, 1, 4096, 0
9877, 18200, 1, 4096, 0
9877, 9161, 1, 4096, 0
9877, 9404, 1, 4096, 0
9878, 8615, 1, 4096, 0
9878, 6704, 1, 4096, 0
9878, 4674, 1, 4096, 0
9879, 9532, 1, 4096, 0
9879, 9071, 1, 4096, 0
9879, 7341, 1, 4096, 0
9880, 7204, 1, 4096, 0
9880, 4082, 1, 4096, 0
9881, 9463, 1, 4096, 0
9882, 7547, 1, 4096, 0
9882, 8821, 1, 4096, 0
9882, 14971, 1, 4096, 0
9883, 9788, 1, 4096, 0
9883, 4169, 1, 4096, 0
9883, 9658, 1, 4096, 0
9884, 4577, 1, 4096, 0
9884, 8166, 1, 4096, 0
9885, 15189, 1, 4096, 0
9885, 7756, 1, 4096, 0
9885, 5281, 1, 4096, 0
9885, 8933, 1, 4096, 0
9886, 4834, 1, 4096, 0
9886, 8141, 1, 4096, 0
9887, 4806, 1, 4096, 0
9887, 9197, 1, 4096, 0
9888, 10052, 1, 4096, 0
9888, 6774, 1, 4096, 0
9889, 8245, 1, 4096, 0
9889, 3932, 1, 4096, 0
9889, 7264, 1, 4096, 0
9890, 5277, 1, 4096, 0
9890, 9767, 1, 4096, 0
9890, 5183, 1, 4096, 0
9891, 7840, 1, 4096, 0
9891, 5152, 1, 4096, 0
9891, 9257, 1, 4096, 0
9892, 8269, 1, 4096, 0
9892, 9914, 1, 4096, 0
9892, 4370, 1, 4096, 0
9893, 10755, 1, 4096, 0
9893, 5852, 1, 4096, 0
9894, 9211, 1, 4096, 0
9894, 7718, 1, 4096, 0
9895, 6730, 1, 4096, 0
9895, 3430, 1, 4096, 0
9896, 8838, 1, 4096, 0
9896, 3509, 1, 4096, 0
9896, 5660, 1, 4096, 0
9897, 7565, 1, 4096, 0
9897, 3180, 1, 4096, 0
9897, 9470, 1, 4096, 0
9898, 7672, 1, 4096, 0
9899, 5776, 1, 4096, 0
9899, 7634, 1, 4096, 0
9900, 7505, 1, 4096, 0
9900, 8666, 1, 4096, 0
9901, 10836, 1, 4096, 0
9901, 9580, 1, 4096, 0
9901, 3552, 1, 4096, 0
9902, 11839, 1, 4096, 0
9903, 11018, 1, 4096, 0
9903, 10273, 1, 4096, 0
9903, 7958, 1, 4096, 0
9904, 8791, 1, 4096, 0
9904, 8062, 1, 4096, 0
9904, 8804, 1, 4096, 0
9905, 26619, 1, 4096, 0
9905, 7293, 1, 4096, 0
9905, 4977, 1, 4096, 0
9906, 11454, 1, 4096, 0
9906, 5348, 1, 4096, 0
9906, 11445, 1, 4096, 0
9907, 6105, 1, 4096, 0
9908, 11360, 1, 4096, 0
9908, 8322, 1, 4096, 0
9909, 9724, 1, 4096, 0
9909, 10488, 1, 4096, 0
9909, 9553, 1, 4096, 0
9910, 5513, 1, 4096, 0
9910, 6156, 1, 4096, 0
9911, 7956, 1, 4096, 0
9911, 7212, 1, 4096, 0
9911, 3737, 1, 4096, 0
9912, 6401, 1, 4096, 0
9912, 8728, 1, 4096, 0
9913, 7676, 1, 4096, 0
9913, 10015, 1, 4096, 0
9913, 7920, 1, 4096, 0
9914, 8189, 1, 4096, 0
9914, 9546, 1, 4096, 0
9915, 8297, 1, 4096, 0
9915, 4694, 1, 4096, 0
9915, 14279, 1, 4096, 0
9916, 8429, 1, 4096, 0
9916, 10828, 1, 4096, 0
9917, 8682, 1, 4096, 0
9917, 9451, 1, 4096, 0
9918, 8073, 1, 4096, 0
9918, 8691, 1, 4096, 0
9919, 9926, 1, 4096, 0
9919, 10730, 1, 4096, 0
9920, 5960, 1, 4096, 0
9920, 7456, 1, 4096, 0
9920, 7019, 1, 4096, 0
9921, 8195, 1, 4096, 0
9921, 8267, 1, 4096, 0
9922, 9038, 1, 4096, 0
9922, 6458, 1, 4096, 0
9922, 8534, 1, 4096, 0
9923, 6817, 1, 4096, 0
9923, 13248, 1, 4096, 0
9923, 9527, 1, 4096, 0
9924, 5915, 1, 4096, 0
9924, 5863, 1, 4096, 0
9925, 7915, 1, 4096, 0
9925, 4329, 1, 4096, 0
9926, 6420, 1, 4096, 0
9926, 7019, 1, 4096, 0
9927, 10064, 1, 4096, 0
9927, 10351, 1, 4096, 0
9928, 9489, 1, 4096, 0
9928, 4754, 1, 4096, 0
9928, 9408, 1, 4096, 0
9928, 3179, 1, 4096, 0
9929, 12068, 1, 4096, 0
9930, 8199, 1, 4096, 0
9930, 6010, 1, 4096, 0
9930, 7165, 1, 4096, 0
9930, 5761, 1, 4096, 0
9931, 8811, 1, 4096, 0
9931, 7304, 1, 4096, 0
9932, 15691, 1, 4096, 0
9932, 7910, 1, 4096, 0
9932, 14222, 1, 4096, 0
9933, 7267, 1, 4096, 0
9933, 8772, 1, 4096, 0
9934, 6475, 1, 4096, 0
9935, 7288, 1, 4096, 0
9935, 8390, 1, 4096, 0
9936, 5684, 1, 4096, 0
9936, 5429, 1, 4096, 0
9936, 13551, 1, 4096, 0
9937, 9695, 1, 4096, 0
9937, 5558, 1, 4096, 0
9938, 8479, 1, 4096, 0
9938, 5873, 1, 4096, 0
9938, 9585, 1, 4096, 0
9939, 7604, 1, 4096, 0
9940, 4155, 1, 4096, 0
9940, 8151, 1, 4096, 0
9941, 9437, 1, 4096, 0
9941, 8063, 1, 4096, 0
9941, 6024, 1, 4096, 0
9942, 7069, 1, 4096, 0
9942, 8369, 1, 4096, 0
9943, 8060, 1, 4096, 0
9943, 6111, 1, 4096, 0
9943, 10812, 1, 4096, 0
9944, 4390, 1, 4096, 0
9944, 8404, 1, 4096, 0
9945, 9378, 1, 4096, 0
9945, 10235, 1, 4096, 0
9946, 8803, 1, 4096, 0
9947, 12062, 1, 4096, 0
9947, 4900, 1, 4096, 0
9947, 8160, 1, 4096, 0
9948, 9764, 1, 4096, 0
9948, 11173, 1, 4096, 0
9949, 11116, 1, 4096, 0
9949, 8583, 1, 4096, 0
9949, 5469, 1, 4096, 0
9950, 5754, 1, 4096, 0
9951, 9969, 1, 4096, 0
9951, 4467, 1, 4096, 0
9951, 10169, 1, 4096, 0
9952, 10731, 1, 4096, 0
9952, 4238, 1, 4096, 0
9952, 5758, 1, 4096, 0
9953, 8021, 1, 4096, 0
9953, 8897, 1, 4096, 0
9954, 10315, 1, 4096, 0
9954, 6919, 1, 4096, 0
9955, 10060, 1, 4096, 0
9955, 2962, 1, 4096, 0
9955, 5152, 1, 4096, 0
9956, 14464, 1, 4096, 0
9956, 8471, 1, 4096, 0
9957, 7051, 1, 4096, 0
9957, 11004, 1, 4096, 0
9958, 7455, 1, 4096, 0
9958, 7134, 1, 4096, 0
9959, 6889, 1, 4096, 0
9959, 12079, 1, 4096, 0
9959, 8507, 1, 4096, 0
9960, 6225, 1, 4096, 0
9960, 4516, 1, 4096, 0
9960, 9943, 1, 4096, 0
9961, 6807, 1, 4096, 0
9961, 7915, 1, 4096, 0
9962, 7318, 1, 4096, 0
9962, 9541, 1, 4096, 0
9962, 11117, 1, 4096, 0
9963, 10729, 1, 4096, 0
9963, 13852, 1, 4096, 0
9964, 12944, 1, 4096, 0
9964, 4944, 1, 4096, 0
9965, 10054, 1, 4096, 0
9965, 10080, 1, 4096, 0
9965, 10753, 1, 4096, 0
9966, 7552, 1, 4096, 0
9966, 5152, 1, 4096, 0
9967, 6428, 1, 4096, 0
9967, 3744, 1, 4096, 0
9967, 8980, 1, 4096, 0
9968, 7483, 1, 4096, 0
9968, 7467, 1, 4096, 0
9969, 8453, 1, 4096, 0
9969, 8610, 1, 4096, 0
9970, 6728, 1, 4096, 0
9970, 4652, 1, 4096, 0
9971, 9905, 1, 4096, 0
9971, 8435, 1, 4096, 0
9971, 11023, 1, 4096, 0
9972, 9592, 1, 4096, 0
9972, 10233, 1, 4096, 0
9972, 3319, 1, 4096, 0
9973, 8500, 1, 4096, 0
9973, 6540, 1, 4096, 0
9973, 5215, 1, 4096, 0
9974, 9956, 1, 4096, 0
9974, 11529, 1, 4096, 0
9974, 3529, 1, 4096, 0
9975, 9107, 1, 4096, 0
9975, 2905, 1, 4096, 0
9976, 8238, 1, 4096, 0
9977, 18578, 1, 4096, 0
9977, 7134, 1, 4096, 0
9977, 4207, 1, 4096, 0
9978, 7389, 1, 4096, 0
9979, 5890, 1, 4096, 0
9979, 9415, 1, 4096, 0
9980, 5826, 1, 4096, 0
9980, 4485, 1, 4096, 0
9980, 7309, 1, 4096, 0
9981, 6328, 1, 4096, 0
9981, 14148, 1, 4096, 0
9981, 7397, 1, 4096, 0
9982, 4938, 1, 4096, 0
9982, 10828, 1, 4096, 0
9983, 6661, 1, 4096, 0
9983, 5108, 1, 4096, 0
9984, 9913, 1, 4096, 0
9984, 6843, 1, 4096, 0
9984, 6195, 1, 4096, 0
9985, 6907, 1, 4096, 0
9985, 10562, 1, 4096, 0
9985, 7584, 1, 4096, 0
9986, 13097, 1, 4096, 0
9986, 6578, 1, 4096, 0
9987, 4155, 1, 4096, 0
9987, 5816, 1, 4096, 0
9988, 5399, 1, 4096, 0
9988, 17679, 1, 4096, 0
9988, 8401, 1, 4096, 0
9989, 5697, 1, 4096, 0
9989, 5441, 1, 4096, 0
9989, 4527, 1, 4096, 0
9990, 5576, 1, 4096, 0
9990, 6404, 1, 4096, 0
9991, 13362, 1, 4096, 0
9991, 9174, 1, 4096, 0
9991, 12393, 1, 4096, 0
9992, 6373, 1, 4096, 0
9992, 8289, 1, 4096, 0
9992, 6203, 1, 4096, 0
9993, 9946, 1, 4096, 0
9993, 6119, 1, 4096, 0
9993, 4375, 1, 4096, 0
9993, 5943, 1, 4096, 0
9994, 5236, 1, 4096, 0
9994, 8134, 1, 4096, 0
9994, 2265, 1, 4096, 0
9995, 5102, 1, 4096, 0
9995, 5748, 1, 4096, 0
9995, 3737, 1, 4096, 0
9996, 3883, 1, 4096, 0
9996, 6147, 1, 4096, 0
9996, 4336, 1, 4096, 0
9997, 6279, 1, 4096, 0
9997, 7162, 1, 4096, 0
9998, 6435, 1, 4096, 0
9998, 9536, 1, 4096, 0
9998, 3156, 1, 4096, 0
9998, 10398, 1, 4096, 0
9999, 7190, 1, 4096, 0
9999, 10180, 1, 4096, 0
9999, 9381, 1, 4096, 0
9999, 7130, 1, 4096, 0
