250, 364, 1, 0, 0
350, 350, 1, 0, 0
450, 380, 1, 0, 0
550, 370, 1, 0, 0
650, 380, 1, 0, 0
749, 373, 1, 0, 0
849, 370, 1, 0, 0
949, 370, 1, 0, 0
1050, 390, 1, 0, 0
1150, 380, 1, 0, 0
1249, 383, 1, 0, 0
1349, 390, 1, 0, 0
1449, 380, 1, 0, 0
1549, 370, 1, 0, 0
1649, 380, 1, 0, 0
1749, 380, 1, 0, 0
1849, 370, 1, 0, 0
1949, 360, 1, 0, 0
2050, 380, 1, 0, 0
2150, 360, 1, 0, 0
2249, 363, 1, 0, 0
2349, 380, 1, 0, 0
2449, 380, 1, 0, 0
2549, 390, 1, 0, 0
2649, 390, 1, 0, 0
2749, 390, 1, 0, 0
2849, 370, 1, 0, 0
2949, 380, 1, 0, 0
3050, 380, 1, 0, 0
3150, 390, 1, 0, 0
3249, 383, 1, 0, 0
3349, 390, 1, 0, 0
3449, 380, 1, 0, 0
3549, 370, 1, 0, 0
3649, 380, 1, 0, 0
3749, 380, 1, 0, 0
3849, 350, 1, 0, 0
3950, 380, 1, 0, 0
4050, 350, 1, 0, 0
4150, 360, 1, 0, 0
4249, 373, 1, 0, 0
4349, 370, 1, 0, 0
4449, 400, 1, 0, 0
4549, 370, 1, 0, 0
4649, 380, 1, 0, 0
4749, 370, 1, 0, 0
4849, 380, 1, 0, 0
4950, 400, 1, 0, 0
5050, 380, 1, 0, 0
5150, 380, 1, 0, 0
5249, 383, 1, 0, 0
5349, 380, 1, 0, 0
5449, 370, 1, 0, 0
5549, 370, 1, 0, 0
5649, 390, 1, 0, 0
5750, 360, 1, 0, 0
5850, 390, 1, 0, 0
5950, 380, 1, 0, 0
6050, 390, 1, 0, 0
6150, 390, 1, 0, 0
6249, 393, 1, 0, 0
6349, 370, 1, 0, 0
6449, 390, 1, 0, 0
6549, 390, 1, 0, 0
6650, 360, 1, 0, 0
6749, 393, 1, 0, 0
6849, 370, 1, 0, 0
6949, 400, 1, 0, 0
7049, 380, 1, 0, 0
7149, 390, 1, 0, 0
7249, 380, 1, 0, 0
7349, 380, 1, 0, 0
7449, 400, 1, 0, 0
7550, 400, 1, 0, 0
7650, 390, 1, 0, 0
7749, 393, 1, 0, 0
7849, 390, 1, 0, 0
7949, 360, 1, 0, 0
8049, 380, 1, 0, 0
8149, 380, 1, 0, 0
8249, 370, 1, 0, 0
8349, 390, 1, 0, 0
8449, 380, 1, 0, 0
8550, 390, 1, 0, 0
8650, 380, 1, 0, 0
8749, 383, 1, 0, 0
8849, 370, 1, 0, 0
8949, 380, 1, 0, 0
9049, 380, 1, 0, 0
9149, 390, 1, 0, 0
9249, 390, 1, 0, 0
9349, 380, 1, 0, 0
9449, 380, 1, 0, 0
9550, 380, 1, 0, 0
9650, 400, 1, 0, 0
9749, 373, 1, 0, 0
9849, 370, 1, 0, 0
9949, 370, 1, 0, 0
10049, 360, 1, 0, 0
10149, 380, 1, 0, 0
10249, 370, 1, 0, 0
10350, 350, 1, 0, 0
10450, 360, 1, 0, 0
10550, 370, 1, 0, 0
10650, 370, 1, 0, 0
10749, 373, 1, 0, 0
10849, 360, 1, 0, 0
10949, 380, 1, 0, 0
11049, 390, 1, 0, 0
11149, 370, 1, 0, 0
11250, 370, 1, 0, 0
11350, 360, 1, 0, 0
11450, 350, 1, 0, 0
11550, 350, 1, 0, 0
11650, 360, 1, 0, 0
11749, 363, 1, 0, 0
11849, 370, 1, 0, 0
11949, 360, 1, 0, 0
12049, 350, 1, 0, 0
12150, 350, 1, 0, 0
12249, 363, 1, 0, 0
12349, 360, 1, 0, 0
12449, 360, 1, 0, 0
12549, 360, 1, 0, 0
12649, 360, 1, 0, 0
12749, 370, 1, 0, 0
12849, 370, 1, 0, 0
12949, 370, 1, 0, 0
13050, 360, 1, 0, 0
13150, 360, 1, 0, 0
13249, 373, 1, 0, 0
13349, 360, 1, 0, 0
13449, 360, 1, 0, 0
13549, 360, 1, 0, 0
13649, 370, 1, 0, 0
13749, 380, 1, 0, 0
13850, 360, 1, 0, 0
13950, 340, 1, 0, 0
14050, 340, 1, 0, 0
14150, 370, 1, 0, 0
14249, 363, 1, 0, 0
14349, 350, 1, 0, 0
14449, 360, 1, 0, 0
14550, 370, 1, 0, 0
14650, 370, 1, 0, 0
14749, 363, 1, 0, 0
14849, 360, 1, 0, 0
14949, 380, 1, 0, 0
15049, 370, 1, 0, 0
15149, 370, 1, 0, 0
15249, 340, 1, 0, 0
15349, 370, 1, 0, 0
15449, 370, 1, 0, 0
15550, 350, 1, 0, 0
15650, 360, 1, 0, 0
15749, 363, 1, 0, 0
15849, 390, 1, 0, 0
15949, 360, 1, 0, 0
16049, 370, 1, 0, 0
16149, 380, 1, 0, 0
16249, 380, 1, 0, 0
16349, 380, 1, 0, 0
16449, 360, 1, 0, 0
16550, 370, 1, 0, 0
16650, 380, 1, 0, 0
16749, 353, 1, 0, 0
16849, 350, 1, 0, 0
16949, 350, 1, 0, 0
17049, 350, 1, 0, 0
17149, 360, 1, 0, 0
17249, 360, 1, 0, 0
17349, 360, 1, 0, 0
17449, 360, 1, 0, 0
17550, 360, 1, 0, 0
17650, 330, 1, 0, 0
17749, 353, 1, 0, 0
17849, 350, 1, 0, 0
17949, 360, 1, 0, 0
18049, 370, 1, 0, 0
18149, 370, 1, 0, 0
18249, 380, 1, 0, 0
18349, 360, 1, 0, 0
18450, 360, 1, 0, 0
18550, 360, 1, 0, 0
18650, 370, 1, 0, 0
18749, 343, 1, 0, 0
18849, 360, 1, 0, 0
18949, 360, 1, 0, 0
19049, 380, 1, 0, 0
19149, 360, 1, 0, 0
19249, 380, 1, 0, 0
19349, 360, 1, 0, 0
19449, 370, 1, 0, 0
19550, 380, 1, 0, 0
19650, 370, 1, 0, 0
19749, 373, 1, 0, 0
19849, 360, 1, 0, 0
19949, 370, 1, 0, 0
20049, 360, 1, 0, 0
20149, 360, 1, 0, 0
20249, 370, 1, 0, 0
20349, 380, 1, 0, 0
20450, 380, 1, 0, 0
20550, 360, 1, 0, 0
20650, 370, 1, 0, 0
20749, 373, 1, 0, 0
20849, 350, 1, 0, 0
20949, 380, 1, 0, 0
21049, 370, 1, 0, 0
21149, 350, 1, 0, 0
21250, 360, 1, 0, 0
21350, 370, 1, 0, 0
21450, 370, 1, 0, 0
21550, 380, 1, 0, 0
21650, 390, 1, 0, 0
21749, 373, 1, 0, 0
21849, 380, 1, 0, 0
21949, 380, 1, 0, 0
22049, 370, 1, 0, 0
22149, 360, 1, 0, 0
22250, 370, 1, 0, 0
22350, 380, 1, 0, 0
22450, 370, 1, 0, 0
22550, 370, 1, 0, 0
22650, 380, 1, 0, 0
22749, 383, 1, 0, 0
22849, 380, 1, 0, 0
22949, 370, 1, 0, 0
23049, 370, 1, 0, 0
23149, 380, 1, 0, 0
23250, 380, 1, 0, 0
23350, 370, 1, 0, 0
23450, 380, 1, 0, 0
23550, 380, 1, 0, 0
23650, 370, 1, 0, 0
23749, 353, 1, 0, 0
23849, 370, 1, 0, 0
23949, 390, 1, 0, 0
24049, 360, 1, 0, 0
24150, 390, 1, 0, 0
24249, 353, 1, 0, 0
24349, 370, 1, 0, 0
24449, 390, 1, 0, 0
24549, 390, 1, 0, 0
24649, 370, 1, 0, 0
24749, 370, 1, 0, 0
24849, 390, 1, 0, 0
24949, 370, 1, 0, 0
25050, 350, 1, 0, 0
25150, 370, 1, 0, 0
25249, 363, 1, 0, 0
25349, 350, 1, 0, 0
25449, 380, 1, 0, 0
25549, 370, 1, 0, 0
25649, 350, 1, 0, 0
25749, 370, 1, 0, 0
25849, 380, 1, 0, 0
25950, 390, 1, 0, 0
26050, 370, 1, 0, 0
26150, 360, 1, 0, 0
26249, 383, 1, 0, 0
26349, 370, 1, 0, 0
26449, 380, 1, 0, 0
26549, 360, 1, 0, 0
26649, 360, 1, 0, 0
26750, 390, 1, 0, 0
26850, 360, 1, 0, 0
26950, 350, 1, 0, 0
27050, 380, 1, 0, 0
27150, 380, 1, 0, 0
27249, 373, 1, 0, 0
27349, 370, 1, 0, 0
27449, 380, 1, 0, 0
27549, 360, 1, 0, 0
27649, 370, 1, 0, 0
27750, 360, 1, 0, 0
27850, 380, 1, 0, 0
27950, 380, 1, 0, 0
28050, 390, 1, 0, 0
28150, 350, 1, 0, 0
28249, 363, 1, 0, 0
28349, 370, 1, 0, 0
28449, 380, 1, 0, 0
28549, 360, 1, 0, 0
28649, 370, 1, 0, 0
28750, 370, 1, 0, 0
28850, 370, 1, 0, 0
28950, 370, 1, 0, 0
29050, 380, 1, 0, 0
29150, 380, 1, 0, 0
29249, 363, 1, 0, 0
29349, 370, 1, 0, 0
29449, 360, 1, 0, 0
29549, 360, 1, 0, 0
29650, 380, 1, 0, 0
29749, 373, 1, 0, 0
29849, 360, 1, 0, 0
29949, 370, 1, 0, 0
30049, 370, 1, 0, 0
30149, 360, 1, 0, 0
30249, 350, 1, 0, 0
30349, 360, 1, 0, 0
30449, 370, 1, 0, 0
30550, 370, 1, 0, 0
30650, 360, 1, 0, 0
30749, 353, 1, 0, 0
30849, 370, 1, 0, 0
30949, 360, 1, 0, 0
31049, 360, 1, 0, 0
31149, 370, 1, 0, 0
31249, 360, 1, 0, 0
31349, 350, 1, 0, 0
31449, 370, 1, 0, 0
31550, 380, 1, 0, 0
31650, 370, 1, 0, 0
31749, 373, 1, 0, 0
31849, 370, 1, 0, 0
31949, 380, 1, 0, 0
32049, 370, 1, 0, 0
32149, 370, 1, 0, 0
32249, 360, 1, 0, 0
32349, 370, 1, 0, 0
32450, 360, 1, 0, 0
32550, 350, 1, 0, 0
32650, 370, 1, 0, 0
32749, 363, 1, 0, 0
32849, 370, 1, 0, 0
32949, 380, 1, 0, 0
33049, 360, 1, 0, 0
33149, 360, 1, 0, 0
33249, 370, 1, 0, 0
33350, 370, 1, 0, 0
33450, 360, 1, 0, 0
33550, 380, 1, 0, 0
33650, 370, 1, 0, 0
33749, 373, 1, 0, 0
33849, 380, 1, 0, 0
33949, 370, 1, 0, 0
34049, 350, 1, 0, 0
34149, 360, 1, 0, 0
34250, 360, 1, 0, 0
34350, 360, 1, 0, 0
34450, 390, 1, 0, 0
34550, 360, 1, 0, 0
34650, 360, 1, 0, 0
34749, 363, 1, 0, 0
34849, 360, 1, 0, 0
34949, 370, 1, 0, 0
35050, 350, 1, 0, 0
35150, 360, 1, 0, 0
35249, 363, 1, 0, 0
35349, 360, 1, 0, 0
35449, 360, 1, 0, 0
35549, 380, 1, 0, 0
35649, 380, 1, 0, 0
35749, 370, 1, 0, 0
35849, 370, 1, 0, 0
35949, 370, 1, 0, 0
36050, 390, 1, 0, 0
36150, 360, 1, 0, 0
36249, 393, 1, 0, 0
36349, 370, 1, 0, 0
36449, 370, 1, 0, 0
36549, 370, 1, 0, 0
36649, 380, 1, 0, 0
36749, 370, 1, 0, 0
36849, 360, 1, 0, 0
36950, 390, 1, 0, 0
37050, 370, 1, 0, 0
37150, 360, 1, 0, 0
37249, 353, 1, 0, 0
37349, 400, 1, 0, 0
37449, 370, 1, 0, 0
37549, 360, 1, 0, 0
37649, 370, 1, 0, 0
37749, 380, 1, 0, 0
37850, 390, 1, 0, 0
37950, 370, 1, 0, 0
38050, 390, 1, 0, 0
38150, 360, 1, 0, 0
38249, 383, 1, 0, 0
38349, 350, 1, 0, 0
38449, 360, 1, 0, 0
38549, 360, 1, 0, 0
38649, 390, 1, 0, 0
38749, 380, 1, 0, 0
38850, 350, 1, 0, 0
38950, 400, 1, 0, 0
39050, 390, 1, 0, 0
39150, 370, 1, 0, 0
39249, 383, 1, 0, 0
39349, 400, 1, 0, 0
39449, 370, 1, 0, 0
39549, 360, 1, 0, 0
39649, 380, 1, 0, 0
39750, 370, 1, 0, 0
39850, 390, 1, 0, 0
39950, 390, 1, 0, 0
40050, 380, 1, 0, 0
40150, 360, 1, 0, 0
40249, 343, 1, 0, 0
40349, 350, 1, 0, 0
40449, 370, 1, 0, 0
40549, 380, 1, 0, 0
40650, 370, 1, 0, 0
40749, 363, 1, 0, 0
40849, 390, 1, 0, 0
40949, 360, 1, 0, 0
41049, 370, 1, 0, 0
41149, 380, 1, 0, 0
41249, 390, 1, 0, 0
41349, 390, 1, 0, 0
41449, 380, 1, 0, 0
41550, 360, 1, 0, 0
41650, 380, 1, 0, 0
41749, 373, 1, 0, 0
41849, 360, 1, 0, 0
41949, 370, 1, 0, 0
42049, 390, 1, 0, 0
42149, 370, 1, 0, 0
42249, 380, 1, 0, 0
42349, 370, 1, 0, 0
42450, 400, 1, 0, 0
42550, 380, 1, 0, 0
42650, 370, 1, 0, 0
42749, 383, 1, 0, 0
42849, 360, 1, 0, 0
42949, 370, 1, 0, 0
43049, 360, 1, 0, 0
43149, 370, 1, 0, 0
43250, 390, 1, 0, 0
43350, 360, 1, 0, 0
43450, 370, 1, 0, 0
43550, 390, 1, 0, 0
43650, 360, 1, 0, 0
43749, 393, 1, 0, 0
43849, 370, 1, 0, 0
43949, 390, 1, 0, 0
44049, 370, 1, 0, 0
44150, 370, 1, 0, 0
44250, 380, 1, 0, 0
44350, 380, 1, 0, 0
44450, 400, 1, 0, 0
44550, 380, 1, 0, 0
44650, 380, 1, 0, 0
44749, 383, 1, 0, 0
44849, 380, 1, 0, 0
44949, 370, 1, 0, 0
45050, 390, 1, 0, 0
45150, 380, 1, 0, 0
45249, 373, 1, 0, 0
45349, 360, 1, 0, 0
45449, 380, 1, 0, 0
45549, 370, 1, 0, 0
45649, 380, 1, 0, 0
45749, 370, 1, 0, 0
45849, 380, 1, 0, 0
45949, 390, 1, 0, 0
46050, 370, 1, 0, 0
46150, 390, 1, 0, 0
46249, 373, 1, 0, 0
46349, 370, 1, 0, 0
46449, 380, 1, 0, 0
46549, 370, 1, 0, 0
46649, 370, 1, 0, 0
46749, 370, 1, 0, 0
46850, 390, 1, 0, 0
46950, 400, 1, 0, 0
47050, 400, 1, 0, 0
47150, 370, 1, 0, 0
47249, 383, 1, 0, 0
47349, 390, 1, 0, 0
47449, 380, 1, 0, 0
47549, 380, 1, 0, 0
47649, 370, 1, 0, 0
47750, 380, 1, 0, 0
47850, 370, 1, 0, 0
47950, 370, 1, 0, 0
48050, 370, 1, 0, 0
48150, 390, 1, 0, 0
48249, 363, 1, 0, 0
48349, 380, 1, 0, 0
48449, 360, 1, 0, 0
48550, 380, 1, 0, 0
48650, 380, 1, 0, 0
48749, 393, 1, 0, 0
48849, 380, 1, 0, 0
48949, 370, 1, 0, 0
49049, 370, 1, 0, 0
49149, 370, 1, 0, 0
49249, 370, 1, 0, 0
49349, 380, 1, 0, 0
49449, 370, 1, 0, 0
49550, 360, 1, 0, 0
49650, 360, 1, 0, 0
49749, 363, 1, 0, 0
49849, 380, 1, 0, 0
49949, 370, 1, 0, 0
50049, 380, 1, 0, 0
50149, 380, 1, 0, 0
50249, 370, 1, 0, 0
50349, 370, 1, 0, 0
50450, 350, 1, 0, 0
50550, 360, 1, 0, 0
50650, 370, 1, 0, 0
50749, 373, 1, 0, 0
50849, 360, 1, 0, 0
50949, 390, 1, 0, 0
51049, 380, 1, 0, 0
51149, 390, 1, 0, 0
51250, 380, 1, 0, 0
51350, 350, 1, 0, 0
51450, 380, 1, 0, 0
51550, 380, 1, 0, 0
51650, 370, 1, 0, 0
51749, 373, 1, 0, 0
51849, 380, 1, 0, 0
51949, 370, 1, 0, 0
52049, 380, 1, 0, 0
52149, 380, 1, 0, 0
52250, 390, 1, 0, 0
52350, 380, 1, 0, 0
52450, 380, 1, 0, 0
52550, 380, 1, 0, 0
52650, 390, 1, 0, 0
52749, 363, 1, 0, 0
52849, 370, 1, 0, 0
52949, 380, 1, 0, 0
53049, 360, 1, 0, 0
53149, 370, 1, 0, 0
53250, 370, 1, 0, 0
53350, 380, 1, 0, 0
53450, 350, 1, 0, 0
53550, 380, 1, 0, 0
53650, 360, 1, 0, 0
53749, 373, 1, 0, 0
53849, 380, 1, 0, 0
53949, 360, 1, 0, 0
54049, 350, 1, 0, 0
54150, 350, 1, 0, 0
54249, 373, 1, 0, 0
54349, 360, 1, 0, 0
54449, 390, 1, 0, 0
54549, 380, 1, 0, 0
54649, 380, 1, 0, 0
54749, 380, 1, 0, 0
54849, 360, 1, 0, 0
54949, 380, 1, 0, 0
55050, 370, 1, 0, 0
55150, 380, 1, 0, 0
55249, 363, 1, 0, 0
55349, 360, 1, 0, 0
55449, 370, 1, 0, 0
55549, 370, 1, 0, 0
55649, 370, 1, 0, 0
55749, 360, 1, 0, 0
55849, 370, 1, 0, 0
55949, 380, 1, 0, 0
56050, 380, 1, 0, 0
56150, 370, 1, 0, 0
56249, 373, 1, 0, 0
56349, 370, 1, 0, 0
56449, 370, 1, 0, 0
56549, 400, 1, 0, 0
56649, 350, 1, 0, 0
56750, 360, 1, 0, 0
56850, 370, 1, 0, 0
56950, 370, 1, 0, 0
57050, 370, 1, 0, 0
57150, 380, 1, 0, 0
57249, 373, 1, 0, 0
57349, 360, 1, 0, 0
57449, 390, 1, 0, 0
57549, 370, 1, 0, 0
57650, 370, 1, 0, 0
57750, 370, 1, 0, 0
57850, 380, 1, 0, 0
57950, 370, 1, 0, 0
58050, 370, 1, 0, 0
58150, 380, 1, 0, 0
58249, 373, 1, 0, 0
58349, 360, 1, 0, 0
58449, 370, 1, 0, 0
58550, 370, 1, 0, 0
58650, 380, 1, 0, 0
58749, 363, 1, 0, 0
58849, 380, 1, 0, 0
58949, 380, 1, 0, 0
59049, 370, 1, 0, 0
59149, 390, 1, 0, 0
59249, 370, 1, 0, 0
59349, 370, 1, 0, 0
59449, 390, 1, 0, 0
59550, 370, 1, 0, 0
59650, 370, 1, 0, 0
59749, 373, 1, 0, 0
59849, 380, 1, 0, 0
59949, 380, 1, 0, 0
60049, 370, 1, 0, 0
60149, 360, 1, 0, 0
60249, 360, 1, 0, 0
60350, 370, 1, 0, 0
60450, 380, 1, 0, 0
60550, 360, 1, 0, 0
60650, 380, 1, 0, 0
60749, 383, 1, 0, 0
60849, 360, 1, 0, 0
60949, 360, 1, 0, 0
61049, 390, 1, 0, 0
61149, 360, 1, 0, 0
61250, 390, 1, 0, 0
61350, 380, 1, 0, 0
61450, 380, 1, 0, 0
61550, 390, 1, 0, 0
61650, 380, 1, 0, 0
61749, 363, 1, 0, 0
61849, 380, 1, 0, 0
61949, 360, 1, 0, 0
62050, 360, 1, 0, 0
62150, 380, 1, 0, 0
62249, 373, 1, 0, 0
62349, 370, 1, 0, 0
62449, 370, 1, 0, 0
62549, 380, 1, 0, 0
62649, 390, 1, 0, 0
62749, 390, 1, 0, 0
62849, 380, 1, 0, 0
62949, 380, 1, 0, 0
63050, 400, 1, 0, 0
63150, 380, 1, 0, 0
63249, 383, 1, 0, 0
63349, 400, 1, 0, 0
63449, 390, 1, 0, 0
63549, 370, 1, 0, 0
63649, 390, 1, 0, 0
63749, 390, 1, 0, 0
63849, 370, 1, 0, 0
63950, 380, 1, 0, 0
64050, 380, 1, 0, 0
64150, 390, 1, 0, 0
64249, 363, 1, 0, 0
64349, 380, 1, 0, 0
64449, 390, 1, 0, 0
64549, 400, 1, 0, 0
64649, 360, 1, 0, 0
64749, 380, 1, 0, 0
64850, 370, 1, 0, 0
64950, 370, 1, 0, 0
65050, 380, 1, 0, 0
65150, 360, 1, 0, 0
65249, 383, 1, 0, 0
65349, 380, 1, 0, 0
65449, 390, 1, 0, 0
65549, 380, 1, 0, 0
65649, 380, 1, 0, 0
65750, 390, 1, 0, 0
65850, 380, 1, 0, 0
65950, 400, 1, 0, 0
66050, 370, 1, 0, 0
66150, 380, 1, 0, 0
66249, 373, 1, 0, 0
66349, 380, 1, 0, 0
66449, 380, 1, 0, 0
66549, 370, 1, 0, 0
66649, 390, 1, 0, 0
66750, 380, 1, 0, 0
66850, 370, 1, 0, 0
66950, 390, 1, 0, 0
67050, 380, 1, 0, 0
67150, 370, 1, 0, 0
67249, 373, 1, 0, 0
67349, 380, 1, 0, 0
67449, 360, 1, 0, 0
67549, 400, 1, 0, 0
67650, 380, 1, 0, 0
67750, 370, 1, 0, 0
67850, 380, 1, 0, 0
67950, 380, 1, 0, 0
68050, 400, 1, 0, 0
68150, 380, 1, 0, 0
68249, 373, 1, 0, 0
68349, 380, 1, 0, 0
68449, 350, 1, 0, 0
68550, 390, 1, 0, 0
68650, 380, 1, 0, 0
68749, 383, 1, 0, 0
68849, 360, 1, 0, 0
68949, 380, 1, 0, 0
69049, 390, 1, 0, 0
69149, 360, 1, 0, 0
69249, 370, 1, 0, 0
69349, 370, 1, 0, 0
69449, 390, 1, 0, 0
69550, 370, 1, 0, 0
69650, 380, 1, 0, 0
69749, 383, 1, 0, 0
69849, 390, 1, 0, 0
69949, 380, 1, 0, 0
70049, 370, 1, 0, 0
70149, 380, 1, 0, 0
70249, 370, 1, 0, 0
70349, 370, 1, 0, 0
70449, 380, 1, 0, 0
70550, 380, 1, 0, 0
70650, 380, 1, 0, 0
70749, 404, 1, 0, 0
70849, 390, 1, 0, 0
70949, 390, 1, 0, 0
71049, 390, 1, 0, 0
71149, 370, 1, 0, 0
71249, 380, 1, 0, 0
71349, 400, 1, 0, 0
71450, 370, 1, 0, 0
71550, 380, 1, 0, 0
71650, 380, 1, 0, 0
71749, 373, 1, 0, 0
71849, 370, 1, 0, 0
71949, 380, 1, 0, 0
72049, 380, 1, 0, 0
72149, 380, 1, 0, 0
72250, 380, 1, 0, 0
72350, 380, 1, 0, 0
72450, 360, 1, 0, 0
72550, 380, 1, 0, 0
72650, 370, 1, 0, 0
72749, 373, 1, 0, 0
72849, 360, 1, 0, 0
72949, 360, 1, 0, 0
73049, 370, 1, 0, 0
73150, 380, 1, 0, 0
73249, 373, 1, 0, 0
73349, 360, 1, 0, 0
73449, 370, 1, 0, 0
73549, 360, 1, 0, 0
73649, 370, 1, 0, 0
73749, 360, 1, 0, 0
73849, 390, 1, 0, 0
73949, 360, 1, 0, 0
74050, 390, 1, 0, 0
74150, 370, 1, 0, 0
74249, 373, 1, 0, 0
74349, 380, 1, 0, 0
74449, 380, 1, 0, 0
74549, 370, 1, 0, 0
74649, 360, 1, 0, 0
74749, 370, 1, 0, 0
74850, 380, 1, 0, 0
74950, 390, 1, 0, 0
75050, 380, 1, 0, 0
75150, 390, 1, 0, 0
75249, 373, 1, 0, 0
75349, 390, 1, 0, 0
75449, 390, 1, 0, 0
75549, 360, 1, 0, 0
75649, 370, 1, 0, 0
75750, 360, 1, 0, 0
75850, 370, 1, 0, 0
75950, 380, 1, 0, 0
76050, 360, 1, 0, 0
76150, 370, 1, 0, 0
76249, 363, 1, 0, 0
76349, 370, 1, 0, 0
76449, 370, 1, 0, 0
76549, 350, 1, 0, 0
76649, 370, 1, 0, 0
76750, 360, 1, 0, 0
76850, 350, 1, 0, 0
76950, 360, 1, 0, 0
77050, 380, 1, 0, 0
77150, 370, 1, 0, 0
77249, 383, 1, 0, 0
77349, 380, 1, 0, 0
77449, 380, 1, 0, 0
77549, 360, 1, 0, 0
77650, 360, 1, 0, 0
77750, 370, 1, 0, 0
77850, 360, 1, 0, 0
77950, 380, 1, 0, 0
78050, 380, 1, 0, 0
78150, 370, 1, 0, 0
78249, 373, 1, 0, 0
78349, 380, 1, 0, 0
78449, 370, 1, 0, 0
78550, 370, 1, 0, 0
78650, 380, 1, 0, 0
78749, 363, 1, 0, 0
78849, 370, 1, 0, 0
78949, 390, 1, 0, 0
79049, 380, 1, 0, 0
79149, 390, 1, 0, 0
79249, 370, 1, 0, 0
79349, 380, 1, 0, 0
79450, 370, 1, 0, 0
79550, 390, 1, 0, 0
79650, 380, 1, 0, 0
79749, 373, 1, 0, 0
79849, 370, 1, 0, 0
79949, 370, 1, 0, 0
80049, 370, 1, 0, 0
80149, 380, 1, 0, 0
80250, 380, 1, 0, 0
80350, 380, 1, 0, 0
80450, 400, 1, 0, 0
80550, 370, 1, 0, 0
80650, 370, 1, 0, 0
80749, 373, 1, 0, 0
80849, 370, 1, 0, 0
80949, 380, 1, 0, 0
81049, 370, 1, 0, 0
81149, 390, 1, 0, 0
81250, 380, 1, 0, 0
81350, 370, 1, 0, 0
81450, 380, 1, 0, 0
81550, 370, 1, 0, 0
81650, 370, 1, 0, 0
81749, 353, 1, 0, 0
81849, 370, 1, 0, 0
81949, 380, 1, 0, 0
82049, 360, 1, 0, 0
82150, 350, 1, 0, 0
82250, 370, 1, 0, 0
82350, 370, 1, 0, 0
82450, 370, 1, 0, 0
82550, 380, 1, 0, 0
82650, 370, 1, 0, 0
82749, 373, 1, 0, 0
82849, 370, 1, 0, 0
82949, 370, 1, 0, 0
83050, 370, 1, 0, 0
83150, 360, 1, 0, 0
83249, 373, 1, 0, 0
83349, 350, 1, 0, 0
83449, 370, 1, 0, 0
83549, 370, 1, 0, 0
83649, 380, 1, 0, 0
83749, 380, 1, 0, 0
83849, 360, 1, 0, 0
83949, 380, 1, 0, 0
84050, 370, 1, 0, 0
84150, 390, 1, 0, 0
84249, 363, 1, 0, 0
84349, 380, 1, 0, 0
84449, 350, 1, 0, 0
84549, 370, 1, 0, 0
84649, 390, 1, 0, 0
84749, 350, 1, 0, 0
84849, 360, 1, 0, 0
84949, 360, 1, 0, 0
85050, 370, 1, 0, 0
85150, 360, 1, 0, 0
85249, 373, 1, 0, 0
85349, 360, 1, 0, 0
85449, 380, 1, 0, 0
85549, 380, 1, 0, 0
85649, 370, 1, 0, 0
85749, 370, 1, 0, 0
85850, 370, 1, 0, 0
85950, 380, 1, 0, 0
86050, 370, 1, 0, 0
86150, 380, 1, 0, 0
86249, 373, 1, 0, 0
86349, 370, 1, 0, 0
86449, 370, 1, 0, 0
86549, 350, 1, 0, 0
86649, 380, 1, 0, 0
86750, 370, 1, 0, 0
86850, 340, 1, 0, 0
86950, 370, 1, 0, 0
87050, 350, 1, 0, 0
87150, 370, 1, 0, 0
87249, 363, 1, 0, 0
87349, 390, 1, 0, 0
87449, 360, 1, 0, 0
87549, 380, 1, 0, 0
87649, 360, 1, 0, 0
87750, 370, 1, 0, 0
87850, 360, 1, 0, 0
87950, 350, 1, 0, 0
88050, 370, 1, 0, 0
88150, 360, 1, 0, 0
88249, 373, 1, 0, 0
88349, 370, 1, 0, 0
88449, 380, 1, 0, 0
88549, 350, 1, 0, 0
88649, 380, 1, 0, 0
88750, 360, 1, 0, 0
88850, 360, 1, 0, 0
88950, 370, 1, 0, 0
89050, 380, 1, 0, 0
89150, 380, 1, 0, 0
89249, 373, 1, 0, 0
89349, 370, 1, 0, 0
89449, 360, 1, 0, 0
89549, 390, 1, 0, 0
89650, 370, 1, 0, 0
89750, 360, 1, 0, 0
89850, 380, 1, 0, 0
89950, 370, 1, 0, 0
90050, 380, 1, 0, 0
90150, 350, 1, 0, 0
90249, 363, 1, 0, 0
90349, 350, 1, 0, 0
90449, 380, 1, 0, 0
90550, 360, 1, 0, 0
90650, 370, 1, 0, 0
90749, 383, 1, 0, 0
90849, 360, 1, 0, 0
90949, 370, 1, 0, 0
91049, 360, 1, 0, 0
91149, 370, 1, 0, 0
91249, 370, 1, 0, 0
91349, 370, 1, 0, 0
91450, 370, 1, 0, 0
91550, 370, 1, 0, 0
91650, 370, 1, 0, 0
91749, 373, 1, 0, 0
91849, 360, 1, 0, 0
91949, 360, 1, 0, 0
92049, 380, 1, 0, 0
92149, 380, 1, 0, 0
92249, 380, 1, 0, 0
92350, 390, 1, 0, 0
92450, 370, 1, 0, 0
92550, 380, 1, 0, 0
92650, 380, 1, 0, 0
92749, 373, 1, 0, 0
92849, 380, 1, 0, 0
92949, 370, 1, 0, 0
93049, 400, 1, 0, 0
93149, 350, 1, 0, 0
93250, 390, 1, 0, 0
93350, 380, 1, 0, 0
93450, 390, 1, 0, 0
93550, 360, 1, 0, 0
93650, 380, 1, 0, 0
93749, 363, 1, 0, 0
93849, 370, 1, 0, 0
93949, 350, 1, 0, 0
94049, 380, 1, 0, 0
94149, 370, 1, 0, 0
94250, 370, 1, 0, 0
94350, 370, 1, 0, 0
94450, 350, 1, 0, 0
94550, 370, 1, 0, 0
94650, 360, 1, 0, 0
94749, 363, 1, 0, 0
94849, 370, 1, 0, 0
94949, 360, 1, 0, 0
95049, 380, 1, 0, 0
95150, 370, 1, 0, 0
95250, 370, 1, 0, 0
95350, 380, 1, 0, 0
95450, 390, 1, 0, 0
95550, 380, 1, 0, 0
95650, 380, 1, 0, 0
95749, 373, 1, 0, 0
95849, 400, 1, 0, 0
95949, 380, 1, 0, 0
96050, 380, 1, 0, 0
96150, 360, 1, 0, 0
96249, 373, 1, 0, 0
96349, 370, 1, 0, 0
96449, 370, 1, 0, 0
96549, 360, 1, 0, 0
96649, 390, 1, 0, 0
96749, 370, 1, 0, 0
96849, 390, 1, 0, 0
96949, 380, 1, 0, 0
97050, 380, 1, 0, 0
97150, 370, 1, 0, 0
97249, 373, 1, 0, 0
97349, 350, 1, 0, 0
97449, 380, 1, 0, 0
97549, 380, 1, 0, 0
97649, 370, 1, 0, 0
97749, 380, 1, 0, 0
97849, 370, 1, 0, 0
97949, 350, 1, 0, 0
98050, 370, 1, 0, 0
98150, 360, 1, 0, 0
98249, 383, 1, 0, 0
98349, 380, 1, 0, 0
98449, 370, 1, 0, 0
98549, 350, 1, 0, 0
98649, 380, 1, 0, 0
98749, 390, 1, 0, 0
98850, 390, 1, 0, 0
98950, 380, 1, 0, 0
99050, 360, 1, 0, 0
99150, 370, 1, 0, 0
99249, 373, 1, 0, 0
99349, 390, 1, 0, 0
99449, 390, 1, 0, 0
99549, 360, 1, 0, 0
99649, 370, 1, 0, 0
99750, 370, 1, 0, 0
99850, 380, 1, 0, 0
99950, 390, 1, 0, 0
100050, 360, 1, 0, 0
100150, 380, 1, 0, 0
100249, 383, 1, 0, 0
100349, 360, 1, 0, 0
100449, 360, 1, 0, 0
100549, 370, 1, 0, 0
100649, 350, 1, 0, 0
100750, 370, 1, 0, 0
100850, 380, 1, 0, 0
100950, 360, 1, 0, 0
101050, 380, 1, 0, 0
101150, 390, 1, 0, 0
101249, 383, 1, 0, 0
101349, 380, 1, 0, 0
101449, 380, 1, 0, 0
101550, 360, 1, 0, 0
101650, 370, 1, 0, 0
101749, 383, 1, 0, 0
101849, 390, 1, 0, 0
101949, 400, 1, 0, 0
102049, 370, 1, 0, 0
102149, 380, 1, 0, 0
102249, 370, 1, 0, 0
102349, 370, 1, 0, 0
102450, 380, 1, 0, 0
102550, 370, 1, 0, 0
102650, 380, 1, 0, 0
102749, 363, 1, 0, 0
102849, 370, 1, 0, 0
102949, 380, 1, 0, 0
103049, 370, 1, 0, 0
103149, 380, 1, 0, 0
103250, 370, 1, 0, 0
103350, 380, 1, 0, 0
103450, 370, 1, 0, 0
103550, 380, 1, 0, 0
103650, 370, 1, 0, 0
103749, 383, 1, 0, 0
103849, 400, 1, 0, 0
103949, 370, 1, 0, 0
104050, 370, 1, 0, 0
104150, 360, 1, 0, 0
104250, 380, 1, 0, 0
104350, 370, 1, 0, 0
104450, 370, 1, 0, 0
104550, 380, 1, 0, 0
104650, 380, 1, 0, 0
104749, 373, 1, 0, 0
104849, 370, 1, 0, 0
104949, 370, 1, 0, 0
105050, 380, 1, 0, 0
105150, 380, 1, 0, 0
105249, 383, 1, 0, 0
105349, 370, 1, 0, 0
105449, 390, 1, 0, 0
105549, 380, 1, 0, 0
105649, 380, 1, 0, 0
105749, 380, 1, 0, 0
105849, 370, 1, 0, 0
105949, 390, 1, 0, 0
106050, 380, 1, 0, 0
106150, 370, 1, 0, 0
106249, 373, 1, 0, 0
106349, 380, 1, 0, 0
106449, 390, 1, 0, 0
106549, 370, 1, 0, 0
106649, 380, 1, 0, 0
106749, 380, 1, 0, 0
106849, 380, 1, 0, 0
106949, 370, 1, 0, 0
107050, 380, 1, 0, 0
107150, 380, 1, 0, 0
107249, 363, 1, 0, 0
107349, 360, 1, 0, 0
107449, 370, 1, 0, 0
107549, 380, 1, 0, 0
107649, 390, 1, 0, 0
107749, 380, 1, 0, 0
107850, 390, 1, 0, 0
107950, 390, 1, 0, 0
108050, 390, 1, 0, 0
108150, 380, 1, 0, 0
108249, 373, 1, 0, 0
108349, 400, 1, 0, 0
108449, 370, 1, 0, 0
108549, 350, 1, 0, 0
108649, 380, 1, 0, 0
108750, 390, 1, 0, 0
108850, 380, 1, 0, 0
108950, 370, 1, 0, 0
109050, 380, 1, 0, 0
109150, 390, 1, 0, 0
109249, 373, 1, 0, 0
109349, 370, 1, 0, 0
109449, 370, 1, 0, 0
109549, 370, 1, 0, 0
109650, 350, 1, 0, 0
109750, 380, 1, 0, 0
109850, 410, 1, 0, 0
109950, 390, 1, 0, 0
110050, 370, 1, 0, 0
110150, 380, 1, 0, 0
110249, 353, 1, 0, 0
110349, 360, 1, 0, 0
110449, 390, 1, 0, 0
110549, 370, 1, 0, 0
110650, 370, 1, 0, 0
110750, 370, 1, 0, 0
110850, 400, 1, 0, 0
110950, 380, 1, 0, 0
111050, 380, 1, 0, 0
111150, 380, 1, 0, 0
111249, 383, 1, 0, 0
111349, 400, 1, 0, 0
111449, 370, 1, 0, 0
111550, 380, 1, 0, 0
111650, 390, 1, 0, 0
111749, 383, 1, 0, 0
111849, 380, 1, 0, 0
111949, 380, 1, 0, 0
112049, 360, 1, 0, 0
112149, 360, 1, 0, 0
112249, 390, 1, 0, 0
112350, 370, 1, 0, 0
112450, 370, 1, 0, 0
112550, 380, 1, 0, 0
112650, 390, 1, 0, 0
112749, 383, 1, 0, 0
112849, 370, 1, 0, 0
112949, 360, 1, 0, 0
113049, 380, 1, 0, 0
113149, 380, 1, 0, 0
113250, 380, 1, 0, 0
113350, 350, 1, 0, 0
113450, 370, 1, 0, 0
113550, 380, 1, 0, 0
113650, 380, 1, 0, 0
113749, 373, 1, 0, 0
113849, 380, 1, 0, 0
113949, 380, 1, 0, 0
114049, 370, 1, 0, 0
114149, 380, 1, 0, 0
114250, 380, 1, 0, 0
114350, 390, 1, 0, 0
114450, 390, 1, 0, 0
114550, 390, 1, 0, 0
114650, 370, 1, 0, 0
114749, 363, 1, 0, 0
114849, 380, 1, 0, 0
114949, 390, 1, 0, 0
115050, 370, 1, 0, 0
115150, 380, 1, 0, 0
115249, 383, 1, 0, 0
115349, 390, 1, 0, 0
115449, 380, 1, 0, 0
115549, 380, 1, 0, 0
115649, 370, 1, 0, 0
115749, 370, 1, 0, 0
115849, 380, 1, 0, 0
115949, 360, 1, 0, 0
116050, 360, 1, 0, 0
116150, 370, 1, 0, 0
116249, 373, 1, 0, 0
116349, 370, 1, 0, 0
116449, 380, 1, 0, 0
116549, 370, 1, 0, 0
116649, 400, 1, 0, 0
116749, 380, 1, 0, 0
116849, 380, 1, 0, 0
116950, 370, 1, 0, 0
117050, 360, 1, 0, 0
117150, 390, 1, 0, 0
117249, 383, 1, 0, 0
117349, 370, 1, 0, 0
117449, 370, 1, 0, 0
117549, 380, 1, 0, 0
117649, 360, 1, 0, 0
117749, 390, 1, 0, 0
117849, 390, 1, 0, 0
117950, 360, 1, 0, 0
118050, 390, 1, 0, 0
118150, 380, 1, 0, 0
118249, 383, 1, 0, 0
118349, 370, 1, 0, 0
118449, 390, 1, 0, 0
118549, 390, 1, 0, 0
118649, 370, 1, 0, 0
118750, 390, 1, 0, 0
118850, 360, 1, 0, 0
118950, 370, 1, 0, 0
119050, 360, 1, 0, 0
119150, 380, 1, 0, 0
119249, 383, 1, 0, 0
119349, 370, 1, 0, 0
119449, 360, 1, 0, 0
119549, 390, 1, 0, 0
119649, 380, 1, 0, 0
119750, 400, 1, 0, 0
119850, 370, 1, 0, 0
119950, 380, 1, 0, 0
120050, 350, 1, 0, 0
120150, 370, 1, 0, 0
120249, 353, 1, 0, 0
120349, 360, 1, 0, 0
120449, 390, 1, 0, 0
120550, 360, 1, 0, 0
120650, 380, 1, 0, 0
120749, 363, 1, 0, 0
120849, 370, 1, 0, 0
120949, 370, 1, 0, 0
121049, 380, 1, 0, 0
121149, 360, 1, 0, 0
121249, 390, 1, 0, 0
121349, 380, 1, 0, 0
121449, 380, 1, 0, 0
121550, 390, 1, 0, 0
121650, 390, 1, 0, 0
121749, 373, 1, 0, 0
121849, 380, 1, 0, 0
121949, 380, 1, 0, 0
122049, 360, 1, 0, 0
122149, 370, 1, 0, 0
122249, 370, 1, 0, 0
122350, 370, 1, 0, 0
122450, 400, 1, 0, 0
122550, 350, 1, 0, 0
122650, 380, 1, 0, 0
122749, 373, 1, 0, 0
122849, 380, 1, 0, 0
122949, 380, 1, 0, 0
123049, 380, 1, 0, 0
123149, 370, 1, 0, 0
123250, 390, 1, 0, 0
123350, 370, 1, 0, 0
123450, 380, 1, 0, 0
123550, 380, 1, 0, 0
123650, 360, 1, 0, 0
123749, 393, 1, 0, 0
123849, 370, 1, 0, 0
123949, 380, 1, 0, 0
124049, 380, 1, 0, 0
124150, 390, 1, 0, 0
124250, 360, 1, 0, 0
124350, 380, 1, 0, 0
124450, 370, 1, 0, 0
124550, 400, 1, 0, 0
124650, 360, 1, 0, 0
124749, 373, 1, 0, 0
124849, 370, 1, 0, 0
124949, 390, 1, 0, 0
125050, 380, 1, 0, 0
125150, 380, 1, 0, 0
125249, 383, 1, 0, 0
125349, 380, 1, 0, 0
125449, 380, 1, 0, 0
125549, 390, 1, 0, 0
125649, 380, 1, 0, 0
125749, 390, 1, 0, 0
125849, 370, 1, 0, 0
125949, 370, 1, 0, 0
126050, 370, 1, 0, 0
126150, 360, 1, 0, 0
126249, 363, 1, 0, 0
126349, 380, 1, 0, 0
126449, 360, 1, 0, 0
126549, 380, 1, 0, 0
126649, 390, 1, 0, 0
126749, 370, 1, 0, 0
126849, 390, 1, 0, 0
126950, 380, 1, 0, 0
127050, 370, 1, 0, 0
127150, 370, 1, 0, 0
127249, 393, 1, 0, 0
127349, 370, 1, 0, 0
127449, 380, 1, 0, 0
127549, 370, 1, 0, 0
127649, 380, 1, 0, 0
127750, 370, 1, 0, 0
127850, 370, 1, 0, 0
127950, 380, 1, 0, 0
128050, 360, 1, 0, 0
128150, 380, 1, 0, 0
128249, 373, 1, 0, 0
128349, 380, 1, 0, 0
128449, 370, 1, 0, 0
128549, 360, 1, 0, 0
128649, 390, 1, 0, 0
128750, 400, 1, 0, 0
128850, 370, 1, 0, 0
128950, 380, 1, 0, 0
129050, 380, 1, 0, 0
129150, 380, 1, 0, 0
129249, 373, 1, 0, 0
129349, 370, 1, 0, 0
129449, 390, 1, 0, 0
129549, 390, 1, 0, 0
129650, 380, 1, 0, 0
129750, 380, 1, 0, 0
129850, 370, 1, 0, 0
129950, 360, 1, 0, 0
130050, 380, 1, 0, 0
130150, 380, 1, 0, 0
130249, 373, 1, 0, 0
130349, 360, 1, 0, 0
130449, 370, 1, 0, 0
130550, 380, 1, 0, 0
130650, 380, 1, 0, 0
130749, 373, 1, 0, 0
130849, 370, 1, 0, 0
130949, 370, 1, 0, 0
131049, 380, 1, 0, 0
131149, 370, 1, 0, 0
131249, 390, 1, 0, 0
131349, 370, 1, 0, 0
131449, 350, 1, 0, 0
131550, 360, 1, 0, 0
131650, 370, 1, 0, 0
131749, 373, 1, 0, 0
131849, 370, 1, 0, 0
131949, 380, 1, 0, 0
132049, 380, 1, 0, 0
132149, 370, 1, 0, 0
132249, 380, 1, 0, 0
132350, 370, 1, 0, 0
132450, 390, 1, 0, 0
132550, 400, 1, 0, 0
132650, 390, 1, 0, 0
132749, 363, 1, 0, 0
132849, 390, 1, 0, 0
132949, 380, 1, 0, 0
133049, 370, 1, 0, 0
133149, 370, 1, 0, 0
133250, 380, 1, 0, 0
133350, 370, 1, 0, 0
133450, 370, 1, 0, 0
133550, 330, 1, 0, 0
133650, 360, 1, 0, 0
133749, 373, 1, 0, 0
133849, 370, 1, 0, 0
133949, 380, 1, 0, 0
134049, 370, 1, 0, 0
134149, 380, 1, 0, 0
134250, 380, 1, 0, 0
134350, 380, 1, 0, 0
134450, 390, 1, 0, 0
134550, 370, 1, 0, 0
134650, 390, 1, 0, 0
134749, 383, 1, 0, 0
134849, 370, 1, 0, 0
134949, 380, 1, 0, 0
135049, 370, 1, 0, 0
135150, 390, 1, 0, 0
135250, 380, 1, 0, 0
135350, 370, 1, 0, 0
135450, 380, 1, 0, 0
135550, 360, 1, 0, 0
135650, 390, 1, 0, 0
135749, 383, 1, 0, 0
135849, 390, 1, 0, 0
135949, 380, 1, 0, 0
136050, 380, 1, 0, 0
136150, 380, 1, 0, 0
136249, 373, 1, 0, 0
136349, 380, 1, 0, 0
136449, 370, 1, 0, 0
136549, 380, 1, 0, 0
136649, 360, 1, 0, 0
136749, 380, 1, 0, 0
136849, 380, 1, 0, 0
136950, 370, 1, 0, 0
137050, 330, 1, 0, 0
137150, 360, 1, 0, 0
137249, 363, 1, 0, 0
137349, 370, 1, 0, 0
137449, 360, 1, 0, 0
137549, 350, 1, 0, 0
137649, 360, 1, 0, 0
137750, 380, 1, 0, 0
137850, 380, 1, 0, 0
137950, 360, 1, 0, 0
138050, 380, 1, 0, 0
138150, 360, 1, 0, 0
138249, 373, 1, 0, 0
138349, 360, 1, 0, 0
138449, 370, 1, 0, 0
138550, 380, 1, 0, 0
138650, 360, 1, 0, 0
138750, 370, 1, 0, 0
138850, 360, 1, 0, 0
138950, 360, 1, 0, 0
139050, 380, 1, 0, 0
139150, 380, 1, 0, 0
139249, 373, 1, 0, 0
139349, 380, 1, 0, 0
139449, 370, 1, 0, 0
139550, 380, 1, 0, 0
139650, 390, 1, 0, 0
139749, 373, 1, 0, 0
139849, 390, 1, 0, 0
139949, 370, 1, 0, 0
140049, 370, 1, 0, 0
140149, 380, 1, 0, 0
140249, 370, 1, 0, 0
140349, 370, 1, 0, 0
140449, 370, 1, 0, 0
140550, 380, 1, 0, 0
140650, 380, 1, 0, 0
140749, 383, 1, 0, 0
140849, 380, 1, 0, 0
140949, 370, 1, 0, 0
141049, 390, 1, 0, 0
141149, 370, 1, 0, 0
141249, 370, 1, 0, 0
141349, 360, 1, 0, 0
141449, 370, 1, 0, 0
141550, 380, 1, 0, 0
141650, 370, 1, 0, 0
141749, 393, 1, 0, 0
141849, 380, 1, 0, 0
141949, 360, 1, 0, 0
142049, 380, 1, 0, 0
142149, 370, 1, 0, 0
142249, 390, 1, 0, 0
142349, 390, 1, 0, 0
142450, 380, 1, 0, 0
142550, 370, 1, 0, 0
142650, 380, 1, 0, 0
142749, 383, 1, 0, 0
142849, 370, 1, 0, 0
142949, 380, 1, 0, 0
143049, 380, 1, 0, 0
143149, 370, 1, 0, 0
143249, 390, 1, 0, 0
143350, 380, 1, 0, 0
143450, 380, 1, 0, 0
143550, 390, 1, 0, 0
143650, 380, 1, 0, 0
143749, 373, 1, 0, 0
143849, 380, 1, 0, 0
143949, 390, 1, 0, 0
144049, 390, 1, 0, 0
144149, 380, 1, 0, 0
144250, 380, 1, 0, 0
144350, 360, 1, 0, 0
144450, 380, 1, 0, 0
144550, 370, 1, 0, 0
144650, 390, 1, 0, 0
144749, 383, 1, 0, 0
144849, 390, 1, 0, 0
144949, 380, 1, 0, 0
145049, 380, 1, 0, 0
145149, 380, 1, 0, 0
145250, 380, 1, 0, 0
145350, 380, 1, 0, 0
145450, 370, 1, 0, 0
145550, 380, 1, 0, 0
145650, 390, 1, 0, 0
145749, 383, 1, 0, 0
145849, 380, 1, 0, 0
145949, 370, 1, 0, 0
146050, 390, 1, 0, 0
146150, 380, 1, 0, 0
146250, 370, 1, 0, 0
146350, 370, 1, 0, 0
146450, 390, 1, 0, 0
146550, 370, 1, 0, 0
146650, 380, 1, 0, 0
146749, 373, 1, 0, 0
146849, 380, 1, 0, 0
146949, 370, 1, 0, 0
147050, 390, 1, 0, 0
147150, 350, 1, 0, 0
147249, 383, 1, 0, 0
147349, 360, 1, 0, 0
147449, 370, 1, 0, 0
147549, 390, 1, 0, 0
147649, 380, 1, 0, 0
147749, 380, 1, 0, 0
147849, 370, 1, 0, 0
147950, 390, 1, 0, 0
148050, 370, 1, 0, 0
148150, 370, 1, 0, 0
148249, 353, 1, 0, 0
148349, 380, 1, 0, 0
148449, 390, 1, 0, 0
148549, 360, 1, 0, 0
148649, 380, 1, 0, 0
148749, 370, 1, 0, 0
148850, 360, 1, 0, 0
148950, 360, 1, 0, 0
149050, 380, 1, 0, 0
149150, 370, 1, 0, 0
149249, 373, 1, 0, 0
149349, 380, 1, 0, 0
149449, 390, 1, 0, 0
149549, 390, 1, 0, 0
149649, 390, 1, 0, 0
149750, 380, 1, 0, 0
149850, 360, 1, 0, 0
149950, 380, 1, 0, 0
150050, 370, 1, 0, 0
150150, 380, 1, 0, 0
150249, 373, 1, 0, 0
150349, 370, 1, 0, 0
150449, 360, 1, 0, 0
150550, 380, 1, 0, 0
150650, 390, 1, 0, 0
150750, 380, 1, 0, 0
150850, 370, 1, 0, 0
150950, 380, 1, 0, 0
151050, 370, 1, 0, 0
151150, 380, 1, 0, 0
151249, 363, 1, 0, 0
151349, 360, 1, 0, 0
151449, 380, 1, 0, 0
151550, 380, 1, 0, 0
151650, 370, 1, 0, 0
151749, 383, 1, 0, 0
151849, 400, 1, 0, 0
151949, 380, 1, 0, 0
152049, 360, 1, 0, 0
152149, 360, 1, 0, 0
152249, 380, 1, 0, 0
152349, 370, 1, 0, 0
152449, 370, 1, 0, 0
152550, 380, 1, 0, 0
152650, 390, 1, 0, 0
152749, 383, 1, 0, 0
152849, 360, 1, 0, 0
152949, 380, 1, 0, 0
153049, 380, 1, 0, 0
153149, 380, 1, 0, 0
153249, 400, 1, 0, 0
153349, 350, 1, 0, 0
153449, 360, 1, 0, 0
153550, 360, 1, 0, 0
153650, 410, 1, 0, 0
153749, 383, 1, 0, 0
153849, 390, 1, 0, 0
153949, 380, 1, 0, 0
154049, 370, 1, 0, 0
154149, 380, 1, 0, 0
154249, 370, 1, 0, 0
154349, 370, 1, 0, 0
154450, 360, 1, 0, 0
154550, 360, 1, 0, 0
154650, 380, 1, 0, 0
154749, 353, 1, 0, 0
154849, 380, 1, 0, 0
154949, 380, 1, 0, 0
155049, 380, 1, 0, 0
155149, 390, 1, 0, 0
155249, 380, 1, 0, 0
155350, 360, 1, 0, 0
155450, 380, 1, 0, 0
155550, 370, 1, 0, 0
155650, 380, 1, 0, 0
155749, 373, 1, 0, 0
155849, 380, 1, 0, 0
155949, 370, 1, 0, 0
156049, 370, 1, 0, 0
156149, 380, 1, 0, 0
156249, 360, 1, 0, 0
156350, 400, 1, 0, 0
156450, 400, 1, 0, 0
156550, 370, 1, 0, 0
156650, 370, 1, 0, 0
156749, 383, 1, 0, 0
156849, 370, 1, 0, 0
156949, 370, 1, 0, 0
157049, 400, 1, 0, 0
157149, 370, 1, 0, 0
157250, 380, 1, 0, 0
157350, 370, 1, 0, 0
157450, 390, 1, 0, 0
157550, 360, 1, 0, 0
157650, 380, 1, 0, 0
157749, 383, 1, 0, 0
157849, 380, 1, 0, 0
157949, 380, 1, 0, 0
158049, 360, 1, 0, 0
158149, 380, 1, 0, 0
158250, 370, 1, 0, 0
158350, 380, 1, 0, 0
158450, 370, 1, 0, 0
158550, 380, 1, 0, 0
158650, 400, 1, 0, 0
158749, 383, 1, 0, 0
158849, 390, 1, 0, 0
158949, 370, 1, 0, 0
159050, 360, 1, 0, 0
159150, 390, 1, 0, 0
159250, 380, 1, 0, 0
159350, 390, 1, 0, 0
159450, 400, 1, 0, 0
159550, 370, 1, 0, 0
159650, 380, 1, 0, 0
159749, 393, 1, 0, 0
159849, 370, 1, 0, 0
159949, 380, 1, 0, 0
160050, 410, 1, 0, 0
160150, 380, 1, 0, 0
160249, 393, 1, 0, 0
160349, 380, 1, 0, 0
160449, 370, 1, 0, 0
160549, 390, 1, 0, 0
160649, 370, 1, 0, 0
160749, 390, 1, 0, 0
160849, 380, 1, 0, 0
160950, 370, 1, 0, 0
161050, 380, 1, 0, 0
161150, 370, 1, 0, 0
161249, 393, 1, 0, 0
161349, 380, 1, 0, 0
161449, 360, 1, 0, 0
161549, 400, 1, 0, 0
161649, 370, 1, 0, 0
161749, 380, 1, 0, 0
161850, 370, 1, 0, 0
161950, 370, 1, 0, 0
162050, 370, 1, 0, 0
162150, 360, 1, 0, 0
162249, 353, 1, 0, 0
162349, 350, 1, 0, 0
162449, 360, 1, 0, 0
162549, 380, 1, 0, 0
162649, 380, 1, 0, 0
162750, 390, 1, 0, 0
162850, 370, 1, 0, 0
162950, 380, 1, 0, 0
163050, 390, 1, 0, 0
163150, 370, 1, 0, 0
163249, 393, 1, 0, 0
163349, 370, 1, 0, 0
163449, 390, 1, 0, 0
163550, 380, 1, 0, 0
163650, 360, 1, 0, 0
163750, 370, 1, 0, 0
163850, 380, 1, 0, 0
163950, 380, 1, 0, 0
164050, 360, 1, 0, 0
164150, 370, 1, 0, 0
164249, 393, 1, 0, 0
164349, 410, 1, 0, 0
164449, 380, 1, 0, 0
164550, 370, 1, 0, 0
164650, 390, 1, 0, 0
164749, 383, 1, 0, 0
164849, 380, 1, 0, 0
164949, 360, 1, 0, 0
165049, 360, 1, 0, 0
165149, 380, 1, 0, 0
165249, 380, 1, 0, 0
165349, 360, 1, 0, 0
165449, 390, 1, 0, 0
165550, 370, 1, 0, 0
165650, 370, 1, 0, 0
165749, 383, 1, 0, 0
165849, 370, 1, 0, 0
165949, 380, 1, 0, 0
166049, 350, 1, 0, 0
166149, 360, 1, 0, 0
166249, 370, 1, 0, 0
166350, 370, 1, 0, 0
166450, 380, 1, 0, 0
166550, 380, 1, 0, 0
166650, 400, 1, 0, 0
166749, 383, 1, 0, 0
166849, 370, 1, 0, 0
166949, 380, 1, 0, 0
167049, 380, 1, 0, 0
167149, 390, 1, 0, 0
167250, 380, 1, 0, 0
167350, 370, 1, 0, 0
167450, 370, 1, 0, 0
167550, 390, 1, 0, 0
167650, 390, 1, 0, 0
167749, 393, 1, 0, 0
167849, 370, 1, 0, 0
167949, 360, 1, 0, 0
168049, 380, 1, 0, 0
168150, 390, 1, 0, 0
168250, 380, 1, 0, 0
168350, 360, 1, 0, 0
168450, 360, 1, 0, 0
168550, 360, 1, 0, 0
168650, 370, 1, 0, 0
168749, 383, 1, 0, 0
168849, 390, 1, 0, 0
168949, 370, 1, 0, 0
169050, 390, 1, 0, 0
169150, 380, 1, 0, 0
169249, 363, 1, 0, 0
169349, 390, 1, 0, 0
169449, 370, 1, 0, 0
169549, 370, 1, 0, 0
169649, 380, 1, 0, 0
169749, 390, 1, 0, 0
169849, 380, 1, 0, 0
169949, 380, 1, 0, 0
170050, 370, 1, 0, 0
170150, 360, 1, 0, 0
170249, 373, 1, 0, 0
170349, 370, 1, 0, 0
170449, 370, 1, 0, 0
170549, 380, 1, 0, 0
170649, 400, 1, 0, 0
170749, 380, 1, 0, 0
170850, 370, 1, 0, 0
170950, 370, 1, 0, 0
171050, 380, 1, 0, 0
171150, 370, 1, 0, 0
171249, 383, 1, 0, 0
171349, 380, 1, 0, 0
171449, 360, 1, 0, 0
171549, 380, 1, 0, 0
171649, 380, 1, 0, 0
171750, 360, 1, 0, 0
171850, 390, 1, 0, 0
171950, 380, 1, 0, 0
172050, 380, 1, 0, 0
172150, 390, 1, 0, 0
172249, 373, 1, 0, 0
172349, 370, 1, 0, 0
172449, 370, 1, 0, 0
172549, 380, 1, 0, 0
172650, 400, 1, 0, 0
172750, 360, 1, 0, 0
172850, 370, 1, 0, 0
172950, 370, 1, 0, 0
173050, 350, 1, 0, 0
173150, 380, 1, 0, 0
173249, 383, 1, 0, 0
173349, 380, 1, 0, 0
173449, 390, 1, 0, 0
173550, 370, 1, 0, 0
173650, 370, 1, 0, 0
173750, 380, 1, 0, 0
173850, 390, 1, 0, 0
173950, 370, 1, 0, 0
174050, 370, 1, 0, 0
174150, 410, 1, 0, 0
174249, 383, 1, 0, 0
174349, 380, 1, 0, 0
174449, 380, 1, 0, 0
174550, 380, 1, 0, 0
174650, 370, 1, 0, 0
174749, 383, 1, 0, 0
174849, 390, 1, 0, 0
174949, 390, 1, 0, 0
175049, 360, 1, 0, 0
175149, 390, 1, 0, 0
175249, 380, 1, 0, 0
175349, 380, 1, 0, 0
175449, 360, 1, 0, 0
175550, 380, 1, 0, 0
175650, 390, 1, 0, 0
175749, 363, 1, 0, 0
175849, 360, 1, 0, 0
175949, 370, 1, 0, 0
176049, 360, 1, 0, 0
176149, 380, 1, 0, 0
176249, 370, 1, 0, 0
176350, 380, 1, 0, 0
176450, 360, 1, 0, 0
176550, 380, 1, 0, 0
176650, 380, 1, 0, 0
176749, 383, 1, 0, 0
176849, 380, 1, 0, 0
176949, 380, 1, 0, 0
177049, 370, 1, 0, 0
177149, 380, 1, 0, 0
177250, 400, 1, 0, 0
177350, 380, 1, 0, 0
177450, 370, 1, 0, 0
177550, 390, 1, 0, 0
177650, 380, 1, 0, 0
177749, 373, 1, 0, 0
177849, 360, 1, 0, 0
177949, 410, 1, 0, 0
178049, 370, 1, 0, 0
178150, 370, 1, 0, 0
178250, 380, 1, 0, 0
178350, 380, 1, 0, 0
178450, 360, 1, 0, 0
178550, 360, 1, 0, 0
178650, 390, 1, 0, 0
178749, 373, 1, 0, 0
178849, 370, 1, 0, 0
178949, 360, 1, 0, 0
179050, 370, 1, 0, 0
179150, 370, 1, 0, 0
179249, 373, 1, 0, 0
179349, 370, 1, 0, 0
179449, 370, 1, 0, 0
179549, 380, 1, 0, 0
179649, 390, 1, 0, 0
179749, 390, 1, 0, 0
179849, 360, 1, 0, 0
179950, 380, 1, 0, 0
180050, 370, 1, 0, 0
180150, 370, 1, 0, 0
180249, 383, 1, 0, 0
180349, 370, 1, 0, 0
180449, 370, 1, 0, 0
180549, 390, 1, 0, 0
180649, 380, 1, 0, 0
180750, 360, 1, 0, 0
180850, 390, 1, 0, 0
180950, 390, 1, 0, 0
181050, 360, 1, 0, 0
181150, 380, 1, 0, 0
181249, 383, 1, 0, 0
181349, 370, 1, 0, 0
181449, 370, 1, 0, 0
181549, 370, 1, 0, 0
181649, 380, 1, 0, 0
181750, 390, 1, 0, 0
181850, 370, 1, 0, 0
181950, 380, 1, 0, 0
182050, 370, 1, 0, 0
182150, 380, 1, 0, 0
182249, 363, 1, 0, 0
182349, 380, 1, 0, 0
182449, 360, 1, 0, 0
182549, 380, 1, 0, 0
182649, 380, 1, 0, 0
182750, 380, 1, 0, 0
182850, 370, 1, 0, 0
182950, 390, 1, 0, 0
183050, 400, 1, 0, 0
183150, 360, 1, 0, 0
183249, 343, 1, 0, 0
183349, 380, 1, 0, 0
183449, 360, 1, 0, 0
183549, 370, 1, 0, 0
183650, 380, 1, 0, 0
183750, 370, 1, 0, 0
183850, 380, 1, 0, 0
183950, 370, 1, 0, 0
184050, 380, 1, 0, 0
184150, 380, 1, 0, 0
184249, 383, 1, 0, 0
184349, 370, 1, 0, 0
184449, 370, 1, 0, 0
184550, 380, 1, 0, 0
184650, 380, 1, 0, 0
184749, 353, 1, 0, 0
184849, 380, 1, 0, 0
184949, 370, 1, 0, 0
185049, 380, 1, 0, 0
185149, 370, 1, 0, 0
185249, 380, 1, 0, 0
185349, 370, 1, 0, 0
185450, 360, 1, 0, 0
185550, 390, 1, 0, 0
185650, 390, 1, 0, 0
185749, 393, 1, 0, 0
185849, 360, 1, 0, 0
185949, 390, 1, 0, 0
186049, 380, 1, 0, 0
186149, 370, 1, 0, 0
186250, 380, 1, 0, 0
186350, 400, 1, 0, 0
186450, 390, 1, 0, 0
186550, 380, 1, 0, 0
186650, 360, 1, 0, 0
186749, 373, 1, 0, 0
186849, 370, 1, 0, 0
186949, 350, 1, 0, 0
187050, 380, 1, 0, 0
187150, 370, 1, 0, 0
187250, 380, 1, 0, 0
187350, 380, 1, 0, 0
187450, 380, 1, 0, 0
187550, 380, 1, 0, 0
187650, 380, 1, 0, 0
187749, 373, 1, 0, 0
187849, 380, 1, 0, 0
187949, 380, 1, 0, 0
188050, 380, 1, 0, 0
188150, 400, 1, 0, 0
188249, 373, 1, 0, 0
188349, 370, 1, 0, 0
188449, 370, 1, 0, 0
188549, 390, 1, 0, 0
188649, 360, 1, 0, 0
188749, 370, 1, 0, 0
188849, 380, 1, 0, 0
188949, 370, 1, 0, 0
189050, 370, 1, 0, 0
189150, 380, 1, 0, 0
189249, 383, 1, 0, 0
189349, 370, 1, 0, 0
189449, 380, 1, 0, 0
189549, 390, 1, 0, 0
189649, 380, 1, 0, 0
189750, 360, 1, 0, 0
189850, 380, 1, 0, 0
189950, 390, 1, 0, 0
190050, 360, 1, 0, 0
190150, 390, 1, 0, 0
190249, 383, 1, 0, 0
190349, 370, 1, 0, 0
190449, 370, 1, 0, 0
190549, 370, 1, 0, 0
190649, 360, 1, 0, 0
190750, 390, 1, 0, 0
190850, 360, 1, 0, 0
190950, 390, 1, 0, 0
191050, 390, 1, 0, 0
191150, 390, 1, 0, 0
191249, 373, 1, 0, 0
191349, 360, 1, 0, 0
191449, 380, 1, 0, 0
191549, 380, 1, 0, 0
191649, 380, 1, 0, 0
191750, 390, 1, 0, 0
191850, 350, 1, 0, 0
191950, 380, 1, 0, 0
192050, 380, 1, 0, 0
192150, 380, 1, 0, 0
192249, 393, 1, 0, 0
192349, 370, 1, 0, 0
192449, 380, 1, 0, 0
192549, 380, 1, 0, 0
192649, 400, 1, 0, 0
192750, 380, 1, 0, 0
192850, 390, 1, 0, 0
192950, 380, 1, 0, 0
193050, 360, 1, 0, 0
193150, 360, 1, 0, 0
193249, 383, 1, 0, 0
193349, 370, 1, 0, 0
193449, 390, 1, 0, 0
193550, 360, 1, 0, 0
193650, 370, 1, 0, 0
193750, 380, 1, 0, 0
193850, 370, 1, 0, 0
193950, 370, 1, 0, 0
194050, 380, 1, 0, 0
194150, 380, 1, 0, 0
194249, 363, 1, 0, 0
194349, 380, 1, 0, 0
194449, 370, 1, 0, 0
194550, 370, 1, 0, 0
194650, 380, 1, 0, 0
194749, 353, 1, 0, 0
194849, 380, 1, 0, 0
194949, 370, 1, 0, 0
195049, 390, 1, 0, 0
195149, 370, 1, 0, 0
195249, 370, 1, 0, 0
195349, 380, 1, 0, 0
195450, 360, 1, 0, 0
195550, 400, 1, 0, 0
195650, 370, 1, 0, 0
195749, 373, 1, 0, 0
195849, 360, 1, 0, 0
195949, 370, 1, 0, 0
196049, 380, 1, 0, 0
196149, 370, 1, 0, 0
196250, 380, 1, 0, 0
196350, 390, 1, 0, 0
196450, 370, 1, 0, 0
196550, 370, 1, 0, 0
196650, 380, 1, 0, 0
196749, 383, 1, 0, 0
196849, 380, 1, 0, 0
196949, 370, 1, 0, 0
197049, 380, 1, 0, 0
197149, 380, 1, 0, 0
197250, 390, 1, 0, 0
197350, 370, 1, 0, 0
197450, 380, 1, 0, 0
197550, 390, 1, 0, 0
197650, 390, 1, 0, 0
197749, 373, 1, 0, 0
197849, 360, 1, 0, 0
197949, 380, 1, 0, 0
198050, 380, 1, 0, 0
198150, 380, 1, 0, 0
198250, 380, 1, 0, 0
198350, 380, 1, 0, 0
198450, 370, 1, 0, 0
198550, 390, 1, 0, 0
198650, 390, 1, 0, 0
198749, 383, 1, 0, 0
198849, 380, 1, 0, 0
198949, 390, 1, 0, 0
199050, 380, 1, 0, 0
199150, 380, 1, 0, 0
199249, 373, 1, 0, 0
199349, 340, 1, 0, 0
199449, 380, 1, 0, 0
199549, 380, 1, 0, 0
199649, 380, 1, 0, 0
199749, 370, 1, 0, 0
199849, 380, 1, 0, 0
199950, 380, 1, 0, 0
200050, 380, 1, 0, 0
200150, 390, 1, 0, 0
200249, 383, 1, 0, 0
200349, 370, 1, 0, 0
200449, 390, 1, 0, 0
200549, 370, 1, 0, 0
200649, 370, 1, 0, 0
200749, 390, 1, 0, 0
200850, 370, 1, 0, 0
200950, 360, 1, 0, 0
201050, 360, 1, 0, 0
201150, 380, 1, 0, 0
201249, 383, 1, 0, 0
201349, 370, 1, 0, 0
201449, 370, 1, 0, 0
201549, 380, 1, 0, 0
201649, 380, 1, 0, 0
201750, 390, 1, 0, 0
201850, 370, 1, 0, 0
201950, 380, 1, 0, 0
202050, 370, 1, 0, 0
202150, 390, 1, 0, 0
202249, 373, 1, 0, 0
202349, 390, 1, 0, 0
202449, 370, 1, 0, 0
202549, 380, 1, 0, 0
202649, 360, 1, 0, 0
202750, 380, 1, 0, 0
202850, 380, 1, 0, 0
202950, 390, 1, 0, 0
203050, 360, 1, 0, 0
203150, 390, 1, 0, 0
203249, 363, 1, 0, 0
203349, 390, 1, 0, 0
203449, 370, 1, 0, 0
203549, 380, 1, 0, 0
203650, 370, 1, 0, 0
203750, 370, 1, 0, 0
203850, 380, 1, 0, 0
203950, 370, 1, 0, 0
204050, 370, 1, 0, 0
204150, 390, 1, 0, 0
204249, 383, 1, 0, 0
204349, 380, 1, 0, 0
204449, 380, 1, 0, 0
204550, 360, 1, 0, 0
204650, 370, 1, 0, 0
204749, 383, 1, 0, 0
204849, 380, 1, 0, 0
204949, 390, 1, 0, 0
205049, 370, 1, 0, 0
205149, 390, 1, 0, 0
205249, 380, 1, 0, 0
205349, 390, 1, 0, 0
205449, 380, 1, 0, 0
205550, 380, 1, 0, 0
205650, 380, 1, 0, 0
205749, 363, 1, 0, 0
205849, 360, 1, 0, 0
205949, 390, 1, 0, 0
206049, 370, 1, 0, 0
206149, 380, 1, 0, 0
206250, 370, 1, 0, 0
206350, 370, 1, 0, 0
206450, 380, 1, 0, 0
206550, 380, 1, 0, 0
206650, 380, 1, 0, 0
206749, 363, 1, 0, 0
206849, 380, 1, 0, 0
206949, 370, 1, 0, 0
207049, 380, 1, 0, 0
207149, 350, 1, 0, 0
207250, 370, 1, 0, 0
207350, 390, 1, 0, 0
207450, 370, 1, 0, 0
207550, 360, 1, 0, 0
207650, 390, 1, 0, 0
207749, 393, 1, 0, 0
207849, 360, 1, 0, 0
207949, 390, 1, 0, 0
208050, 380, 1, 0, 0
208150, 360, 1, 0, 0
208250, 380, 1, 0, 0
208350, 400, 1, 0, 0
208450, 350, 1, 0, 0
208550, 380, 1, 0, 0
208650, 380, 1, 0, 0
208749, 393, 1, 0, 0
208849, 380, 1, 0, 0
208949, 380, 1, 0, 0
209050, 400, 1, 0, 0
209150, 360, 1, 0, 0
209249, 373, 1, 0, 0
209349, 360, 1, 0, 0
209449, 380, 1, 0, 0
209549, 380, 1, 0, 0
209649, 360, 1, 0, 0
209749, 380, 1, 0, 0
209849, 380, 1, 0, 0
209950, 380, 1, 0, 0
210050, 380, 1, 0, 0
210150, 360, 1, 0, 0
210249, 373, 1, 0, 0
210349, 370, 1, 0, 0
210449, 380, 1, 0, 0
210549, 400, 1, 0, 0
210649, 370, 1, 0, 0
210749, 350, 1, 0, 0
210850, 350, 1, 0, 0
210950, 380, 1, 0, 0
211050, 370, 1, 0, 0
211150, 380, 1, 0, 0
211249, 363, 1, 0, 0
211349, 370, 1, 0, 0
211449, 370, 1, 0, 0
211549, 370, 1, 0, 0
211649, 380, 1, 0, 0
211750, 390, 1, 0, 0
211850, 380, 1, 0, 0
211950, 360, 1, 0, 0
212050, 400, 1, 0, 0
212150, 370, 1, 0, 0
212249, 373, 1, 0, 0
212349, 380, 1, 0, 0
212449, 390, 1, 0, 0
212549, 400, 1, 0, 0
212649, 380, 1, 0, 0
212750, 370, 1, 0, 0
212850, 370, 1, 0, 0
212950, 390, 1, 0, 0
213050, 370, 1, 0, 0
213150, 390, 1, 0, 0
213249, 363, 1, 0, 0
213349, 370, 1, 0, 0
213449, 380, 1, 0, 0
213550, 360, 1, 0, 0
213650, 370, 1, 0, 0
213750, 380, 1, 0, 0
213850, 390, 1, 0, 0
213950, 370, 1, 0, 0
214050, 380, 1, 0, 0
214150, 360, 1, 0, 0
214249, 383, 1, 0, 0
214349, 360, 1, 0, 0
214449, 370, 1, 0, 0
214550, 360, 1, 0, 0
214650, 360, 1, 0, 0
214749, 383, 1, 0, 0
214849, 360, 1, 0, 0
214949, 350, 1, 0, 0
215049, 380, 1, 0, 0
215149, 360, 1, 0, 0
215250, 380, 1, 0, 0
215350, 370, 1, 0, 0
215450, 390, 1, 0, 0
215550, 360, 1, 0, 0
215650, 380, 1, 0, 0
215749, 363, 1, 0, 0
215849, 360, 1, 0, 0
215949, 360, 1, 0, 0
216049, 390, 1, 0, 0
216150, 370, 1, 0, 0
216250, 380, 1, 0, 0
216350, 350, 1, 0, 0
216450, 390, 1, 0, 0
216550, 380, 1, 0, 0
216650, 360, 1, 0, 0
216749, 373, 1, 0, 0
216849, 390, 1, 0, 0
216949, 380, 1, 0, 0
217050, 390, 1, 0, 0
217150, 380, 1, 0, 0
217250, 370, 1, 0, 0
217350, 380, 1, 0, 0
217450, 360, 1, 0, 0
217550, 370, 1, 0, 0
217650, 360, 1, 0, 0
217749, 393, 1, 0, 0
217849, 360, 1, 0, 0
217949, 370, 1, 0, 0
218050, 370, 1, 0, 0
218150, 360, 1, 0, 0
218249, 373, 1, 0, 0
218349, 380, 1, 0, 0
218449, 350, 1, 0, 0
218549, 380, 1, 0, 0
218649, 370, 1, 0, 0
218749, 360, 1, 0, 0
218850, 370, 1, 0, 0
218950, 380, 1, 0, 0
219050, 380, 1, 0, 0
219150, 370, 1, 0, 0
219249, 373, 1, 0, 0
219349, 380, 1, 0, 0
219449, 360, 1, 0, 0
219549, 390, 1, 0, 0
219649, 360, 1, 0, 0
219749, 370, 1, 0, 0
219850, 370, 1, 0, 0
219950, 380, 1, 0, 0
220050, 360, 1, 0, 0
220150, 370, 1, 0, 0
220249, 373, 1, 0, 0
220349, 360, 1, 0, 0
220449, 370, 1, 0, 0
220549, 370, 1, 0, 0
220649, 380, 1, 0, 0
220750, 360, 1, 0, 0
220850, 370, 1, 0, 0
220950, 360, 1, 0, 0
221050, 390, 1, 0, 0
221150, 400, 1, 0, 0
221249, 373, 1, 0, 0
221349, 380, 1, 0, 0
221449, 360, 1, 0, 0
221549, 380, 1, 0, 0
221649, 400, 1, 0, 0
221750, 380, 1, 0, 0
221850, 380, 1, 0, 0
221950, 370, 1, 0, 0
222050, 360, 1, 0, 0
222150, 370, 1, 0, 0
222249, 373, 1, 0, 0
222349, 390, 1, 0, 0
222449, 370, 1, 0, 0
222550, 380, 1, 0, 0
222650, 360, 1, 0, 0
222750, 370, 1, 0, 0
222850, 390, 1, 0, 0
222950, 360, 1, 0, 0
223050, 370, 1, 0, 0
223150, 370, 1, 0, 0
223249, 383, 1, 0, 0
223349, 360, 1, 0, 0
223449, 350, 1, 0, 0
223550, 360, 1, 0, 0
223650, 360, 1, 0, 0
223749, 383, 1, 0, 0
223849, 380, 1, 0, 0
223949, 390, 1, 0, 0
224049, 370, 1, 0, 0
224149, 360, 1, 0, 0
224249, 390, 1, 0, 0
224350, 350, 1, 0, 0
224450, 360, 1, 0, 0
224550, 360, 1, 0, 0
224650, 380, 1, 0, 0
224749, 373, 1, 0, 0
224849, 370, 1, 0, 0
224949, 370, 1, 0, 0
225049, 350, 1, 0, 0
225149, 370, 1, 0, 0
225250, 370, 1, 0, 0
225350, 360, 1, 0, 0
225450, 380, 1, 0, 0
225550, 370, 1, 0, 0
225650, 380, 1, 0, 0
225749, 363, 1, 0, 0
225849, 370, 1, 0, 0
225949, 360, 1, 0, 0
226049, 390, 1, 0, 0
226150, 370, 1, 0, 0
226250, 370, 1, 0, 0
226350, 380, 1, 0, 0
226450, 370, 1, 0, 0
226550, 380, 1, 0, 0
226650, 370, 1, 0, 0
226749, 383, 1, 0, 0
226849, 380, 1, 0, 0
226949, 360, 1, 0, 0
227050, 360, 1, 0, 0
227150, 350, 1, 0, 0
227250, 390, 1, 0, 0
227350, 390, 1, 0, 0
227450, 380, 1, 0, 0
227550, 380, 1, 0, 0
227650, 380, 1, 0, 0
227749, 393, 1, 0, 0
227850, 380, 1, 0, 0
227950, 380, 1, 0, 0
228050, 380, 1, 0, 0
228150, 400, 1, 0, 0
228249, 383, 1, 0, 0
228349, 380, 1, 0, 0
228449, 370, 1, 0, 0
228549, 390, 1, 0, 0
228649, 370, 1, 0, 0
228750, 370, 1, 0, 0
228850, 380, 1, 0, 0
228950, 380, 1, 0, 0
229050, 370, 1, 0, 0
229150, 360, 1, 0, 0
229249, 373, 1, 0, 0
229349, 380, 1, 0, 0
229449, 370, 1, 0, 0
229549, 380, 1, 0, 0
229650, 360, 1, 0, 0
229750, 370, 1, 0, 0
229850, 370, 1, 0, 0
229950, 390, 1, 0, 0
230050, 370, 1, 0, 0
230150, 360, 1, 0, 0
230249, 383, 1, 0, 0
230349, 390, 1, 0, 0
230449, 390, 1, 0, 0
230550, 370, 1, 0, 0
230650, 380, 1, 0, 0
230750, 360, 1, 0, 0
230850, 380, 1, 0, 0
230950, 370, 1, 0, 0
231050, 380, 1, 0, 0
231150, 390, 1, 0, 0
231249, 363, 1, 0, 0
231349, 370, 1, 0, 0
231449, 370, 1, 0, 0
231550, 370, 1, 0, 0
231650, 380, 1, 0, 0
231749, 363, 1, 0, 0
231849, 380, 1, 0, 0
231949, 370, 1, 0, 0
232049, 370, 1, 0, 0
232149, 360, 1, 0, 0
232250, 370, 1, 0, 0
232350, 360, 1, 0, 0
232450, 380, 1, 0, 0
232550, 380, 1, 0, 0
232650, 370, 1, 0, 0
232749, 363, 1, 0, 0
232849, 370, 1, 0, 0
232949, 380, 1, 0, 0
233049, 370, 1, 0, 0
233149, 370, 1, 0, 0
233250, 380, 1, 0, 0
233350, 360, 1, 0, 0
233450, 370, 1, 0, 0
233550, 370, 1, 0, 0
233650, 380, 1, 0, 0
233749, 393, 1, 0, 0
233849, 360, 1, 0, 0
233949, 380, 1, 0, 0
234049, 370, 1, 0, 0
234150, 380, 1, 0, 0
234250, 380, 1, 0, 0
234350, 380, 1, 0, 0
234450, 380, 1, 0, 0
234550, 360, 1, 0, 0
234650, 380, 1, 0, 0
234749, 373, 1, 0, 0
234849, 370, 1, 0, 0
234949, 390, 1, 0, 0
235050, 370, 1, 0, 0
235150, 370, 1, 0, 0
235250, 370, 1, 0, 0
235350, 370, 1, 0, 0
235450, 380, 1, 0, 0
235550, 370, 1, 0, 0
235650, 360, 1, 0, 0
235749, 363, 1, 0, 0
235849, 360, 1, 0, 0
235949, 380, 1, 0, 0
236050, 360, 1, 0, 0
236150, 380, 1, 0, 0
236249, 393, 1, 0, 0
236349, 400, 1, 0, 0
236449, 390, 1, 0, 0
236549, 380, 1, 0, 0
236649, 370, 1, 0, 0
236749, 390, 1, 0, 0
236849, 380, 1, 0, 0
236949, 370, 1, 0, 0
237050, 390, 1, 0, 0
237150, 370, 1, 0, 0
237249, 383, 1, 0, 0
237349, 370, 1, 0, 0
237449, 360, 1, 0, 0
237549, 380, 1, 0, 0
237649, 380, 1, 0, 0
237749, 370, 1, 0, 0
237849, 380, 1, 0, 0
237949, 390, 1, 0, 0
238050, 390, 1, 0, 0
238150, 390, 1, 0, 0
238249, 383, 1, 0, 0
238349, 380, 1, 0, 0
238449, 380, 1, 0, 0
238549, 370, 1, 0, 0
238649, 360, 1, 0, 0
238749, 370, 1, 0, 0
238850, 380, 1, 0, 0
238950, 370, 1, 0, 0
239050, 380, 1, 0, 0
239150, 370, 1, 0, 0
239249, 373, 1, 0, 0
239349, 370, 1, 0, 0
239449, 370, 1, 0, 0
239549, 380, 1, 0, 0
239649, 380, 1, 0, 0
239750, 380, 1, 0, 0
239850, 370, 1, 0, 0
239950, 370, 1, 0, 0
240050, 370, 1, 0, 0
240150, 370, 1, 0, 0
240249, 383, 1, 0, 0
240349, 390, 1, 0, 0
240449, 380, 1, 0, 0
240549, 370, 1, 0, 0
240649, 370, 1, 0, 0
240750, 370, 1, 0, 0
240850, 370, 1, 0, 0
240950, 370, 1, 0, 0
241050, 370, 1, 0, 0
241150, 390, 1, 0, 0
241249, 383, 1, 0, 0
241349, 360, 1, 0, 0
241449, 370, 1, 0, 0
241550, 390, 1, 0, 0
241650, 380, 1, 0, 0
241750, 390, 1, 0, 0
241850, 360, 1, 0, 0
241950, 370, 1, 0, 0
242050, 400, 1, 0, 0
242150, 360, 1, 0, 0
242249, 373, 1, 0, 0
242349, 380, 1, 0, 0
242449, 380, 1, 0, 0
242550, 380, 1, 0, 0
242650, 380, 1, 0, 0
242749, 353, 1, 0, 0
242849, 370, 1, 0, 0
242949, 380, 1, 0, 0
243049, 370, 1, 0, 0
243149, 360, 1, 0, 0
243249, 390, 1, 0, 0
243349, 350, 1, 0, 0
243450, 380, 1, 0, 0
243550, 370, 1, 0, 0
243650, 380, 1, 0, 0
243749, 373, 1, 0, 0
243849, 360, 1, 0, 0
243949, 360, 1, 0, 0
244049, 360, 1, 0, 0
244149, 390, 1, 0, 0
244250, 360, 1, 0, 0
244350, 390, 1, 0, 0
244450, 370, 1, 0, 0
244550, 380, 1, 0, 0
244650, 370, 1, 0, 0
244749, 373, 1, 0, 0
244849, 380, 1, 0, 0
244949, 380, 1, 0, 0
245049, 370, 1, 0, 0
245150, 360, 1, 0, 0
245250, 390, 1, 0, 0
245350, 370, 1, 0, 0
245450, 370, 1, 0, 0
245550, 370, 1, 0, 0
245650, 360, 1, 0, 0
245749, 383, 1, 0, 0
245849, 380, 1, 0, 0
245949, 390, 1, 0, 0
246050, 380, 1, 0, 0
246150, 390, 1, 0, 0
246250, 380, 1, 0, 0
246350, 380, 1, 0, 0
246450, 370, 1, 0, 0
246550, 360, 1, 0, 0
246650, 380, 1, 0, 0
246749, 373, 1, 0, 0
246849, 370, 1, 0, 0
246949, 370, 1, 0, 0
247050, 360, 1, 0, 0
247150, 370, 1, 0, 0
247249, 373, 1, 0, 0
247349, 370, 1, 0, 0
247449, 380, 1, 0, 0
247549, 380, 1, 0, 0
247649, 370, 1, 0, 0
247749, 370, 1, 0, 0
247849, 370, 1, 0, 0
247950, 370, 1, 0, 0
248050, 380, 1, 0, 0
248150, 360, 1, 0, 0
248249, 373, 1, 0, 0
248349, 370, 1, 0, 0
248449, 370, 1, 0, 0
248549, 380, 1, 0, 0
248649, 360, 1, 0, 0
248750, 370, 1, 0, 0
248850, 400, 1, 0, 0
248950, 370, 1, 0, 0
249050, 370, 1, 0, 0
249150, 360, 1, 0, 0
249249, 383, 1, 0, 0
249349, 370, 1, 0, 0
249449, 390, 1, 0, 0
249549, 380, 1, 0, 0
249649, 380, 1, 0, 0
249750, 390, 1, 0, 0
249850, 380, 1, 0, 0
249950, 380, 1, 0, 0
250050, 370, 1, 0, 0
250150, 360, 1, 0, 0
250249, 373, 1, 0, 0
250349, 360, 1, 0, 0
250449, 370, 1, 0, 0
250550, 380, 1, 0, 0
250650, 360, 1, 0, 0
250750, 380, 1, 0, 0
250850, 370, 1, 0, 0
250950, 360, 1, 0, 0
251050, 370, 1, 0, 0
251150, 370, 1, 0, 0
251249, 373, 1, 0, 0
251349, 380, 1, 0, 0
251449, 370, 1, 0, 0
251550, 390, 1, 0, 0
251650, 380, 1, 0, 0
251749, 373, 1, 0, 0
251849, 370, 1, 0, 0
251949, 380, 1, 0, 0
252049, 380, 1, 0, 0
252149, 370, 1, 0, 0
252249, 400, 1, 0, 0
252349, 370, 1, 0, 0
252450, 370, 1, 0, 0
252550, 370, 1, 0, 0
252650, 360, 1, 0, 0
252749, 373, 1, 0, 0
252849, 340, 1, 0, 0
252949, 380, 1, 0, 0
253049, 370, 1, 0, 0
253149, 380, 1, 0, 0
253250, 370, 1, 0, 0
253350, 360, 1, 0, 0
253450, 360, 1, 0, 0
253550, 370, 1, 0, 0
253650, 390, 1, 0, 0
253749, 363, 1, 0, 0
253849, 380, 1, 0, 0
253949, 370, 1, 0, 0
254049, 390, 1, 0, 0
254149, 380, 1, 0, 0
254250, 370, 1, 0, 0
254350, 370, 1, 0, 0
254450, 380, 1, 0, 0
254550, 380, 1, 0, 0
254650, 380, 1, 0, 0
254749, 383, 1, 0, 0
254849, 390, 1, 0, 0
254949, 360, 1, 0, 0
255049, 380, 1, 0, 0
255149, 370, 1, 0, 0
255250, 360, 1, 0, 0
255350, 370, 1, 0, 0
255450, 350, 1, 0, 0
255550, 380, 1, 0, 0
255650, 360, 1, 0, 0
255749, 363, 1, 0, 0
255849, 370, 1, 0, 0
255949, 360, 1, 0, 0
256050, 370, 1, 0, 0
256150, 350, 1, 0, 0
256250, 380, 1, 0, 0
256350, 390, 1, 0, 0
256450, 370, 1, 0, 0
256550, 370, 1, 0, 0
256650, 360, 1, 0, 0
256749, 373, 1, 0, 0
256849, 390, 1, 0, 0
256949, 370, 1, 0, 0
257050, 380, 1, 0, 0
257150, 390, 1, 0, 0
257250, 360, 1, 0, 0
257350, 400, 1, 0, 0
257450, 350, 1, 0, 0
257550, 390, 1, 0, 0
257650, 380, 1, 0, 0
257749, 373, 1, 0, 0
257849, 390, 1, 0, 0
257949, 380, 1, 0, 0
258050, 390, 1, 0, 0
258150, 390, 1, 0, 0
258250, 380, 1, 0, 0
258350, 390, 1, 0, 0
258450, 360, 1, 0, 0
258550, 390, 1, 0, 0
258650, 370, 1, 0, 0
258749, 383, 1, 0, 0
258849, 390, 1, 0, 0
258949, 380, 1, 0, 0
259050, 380, 1, 0, 0
259150, 390, 1, 0, 0
259249, 373, 1, 0, 0
259349, 390, 1, 0, 0
259449, 370, 1, 0, 0
259549, 380, 1, 0, 0
259649, 390, 1, 0, 0
259749, 380, 1, 0, 0
259850, 360, 1, 0, 0
259950, 380, 1, 0, 0
260050, 380, 1, 0, 0
260150, 360, 1, 0, 0
260249, 353, 1, 0, 0
260349, 370, 1, 0, 0
260449, 380, 1, 0, 0
260549, 380, 1, 0, 0
260649, 370, 1, 0, 0
260750, 370, 1, 0, 0
260850, 390, 1, 0, 0
260950, 380, 1, 0, 0
261050, 360, 1, 0, 0
261150, 370, 1, 0, 0
261249, 373, 1, 0, 0
261349, 370, 1, 0, 0
261449, 360, 1, 0, 0
261549, 380, 1, 0, 0
261649, 370, 1, 0, 0
261750, 410, 1, 0, 0
261850, 350, 1, 0, 0
261950, 390, 1, 0, 0
262050, 370, 1, 0, 0
262150, 370, 1, 0, 0
262249, 393, 1, 0, 0
262349, 380, 1, 0, 0
262449, 380, 1, 0, 0
262549, 390, 1, 0, 0
262650, 380, 1, 0, 0
262750, 360, 1, 0, 0
262850, 370, 1, 0, 0
262950, 380, 1, 0, 0
263050, 370, 1, 0, 0
263150, 380, 1, 0, 0
263249, 363, 1, 0, 0
263349, 380, 1, 0, 0
263449, 360, 1, 0, 0
263550, 380, 1, 0, 0
263650, 380, 1, 0, 0
263749, 383, 1, 0, 0
263849, 370, 1, 0, 0
263949, 380, 1, 0, 0
264049, 380, 1, 0, 0
264149, 370, 1, 0, 0
264249, 390, 1, 0, 0
264349, 390, 1, 0, 0
264450, 380, 1, 0, 0
264550, 370, 1, 0, 0
264650, 360, 1, 0, 0
264749, 373, 1, 0, 0
264849, 370, 1, 0, 0
264949, 370, 1, 0, 0
265049, 380, 1, 0, 0
265149, 370, 1, 0, 0
265250, 370, 1, 0, 0
265350, 380, 1, 0, 0
265450, 400, 1, 0, 0
265550, 390, 1, 0, 0
265650, 370, 1, 0, 0
265749, 373, 1, 0, 0
265849, 390, 1, 0, 0
265949, 370, 1, 0, 0
266049, 370, 1, 0, 0
266149, 390, 1, 0, 0
266250, 370, 1, 0, 0
266350, 380, 1, 0, 0
266450, 360, 1, 0, 0
266550, 370, 1, 0, 0
266650, 360, 1, 0, 0
266749, 373, 1, 0, 0
266849, 380, 1, 0, 0
266949, 370, 1, 0, 0
267050, 380, 1, 0, 0
267150, 380, 1, 0, 0
267250, 370, 1, 0, 0
267350, 400, 1, 0, 0
267450, 360, 1, 0, 0
267550, 380, 1, 0, 0
267650, 370, 1, 0, 0
267749, 373, 1, 0, 0
267849, 370, 1, 0, 0
267949, 400, 1, 0, 0
268050, 370, 1, 0, 0
268150, 380, 1, 0, 0
268249, 373, 1, 0, 0
268349, 370, 1, 0, 0
268449, 370, 1, 0, 0
268549, 370, 1, 0, 0
268649, 360, 1, 0, 0
268749, 370, 1, 0, 0
268849, 380, 1, 0, 0
268950, 380, 1, 0, 0
269050, 370, 1, 0, 0
269150, 370, 1, 0, 0
269249, 393, 1, 0, 0
269349, 370, 1, 0, 0
269449, 370, 1, 0, 0
269549, 370, 1, 0, 0
269649, 380, 1, 0, 0
269750, 370, 1, 0, 0
269850, 360, 1, 0, 0
269950, 360, 1, 0, 0
270050, 360, 1, 0, 0
270150, 350, 1, 0, 0
270249, 363, 1, 0, 0
270349, 360, 1, 0, 0
270449, 360, 1, 0, 0
270549, 360, 1, 0, 0
270649, 380, 1, 0, 0
270750, 360, 1, 0, 0
270850, 350, 1, 0, 0
270950, 380, 1, 0, 0
271050, 360, 1, 0, 0
271150, 380, 1, 0, 0
271249, 373, 1, 0, 0
271349, 360, 1, 0, 0
271449, 380, 1, 0, 0
271549, 380, 1, 0, 0
271649, 380, 1, 0, 0
271750, 390, 1, 0, 0
271850, 390, 1, 0, 0
271950, 370, 1, 0, 0
272050, 380, 1, 0, 0
272150, 370, 1, 0, 0
272249, 363, 1, 0, 0
272349, 380, 1, 0, 0
272449, 370, 1, 0, 0
272549, 380, 1, 0, 0
272650, 380, 1, 0, 0
272750, 370, 1, 0, 0
272850, 380, 1, 0, 0
272950, 380, 1, 0, 0
273050, 370, 1, 0, 0
273150, 360, 1, 0, 0
273249, 373, 1, 0, 0
273349, 380, 1, 0, 0
273449, 380, 1, 0, 0
273550, 360, 1, 0, 0
273650, 380, 1, 0, 0
273749, 363, 1, 0, 0
273849, 370, 1, 0, 0
273949, 370, 1, 0, 0
274049, 360, 1, 0, 0
274149, 370, 1, 0, 0
274249, 370, 1, 0, 0
274349, 370, 1, 0, 0
274450, 370, 1, 0, 0
274550, 360, 1, 0, 0
274650, 380, 1, 0, 0
274749, 383, 1, 0, 0
274849, 400, 1, 0, 0
274949, 390, 1, 0, 0
275049, 380, 1, 0, 0
275149, 370, 1, 0, 0
275249, 390, 1, 0, 0
275350, 370, 1, 0, 0
275450, 380, 1, 0, 0
275550, 380, 1, 0, 0
275650, 380, 1, 0, 0
275749, 363, 1, 0, 0
275849, 370, 1, 0, 0
275949, 370, 1, 0, 0
276049, 380, 1, 0, 0
276149, 360, 1, 0, 0
276250, 370, 1, 0, 0
276350, 380, 1, 0, 0
276450, 370, 1, 0, 0
276550, 390, 1, 0, 0
276650, 380, 1, 0, 0
276749, 373, 1, 0, 0
276849, 360, 1, 0, 0
276949, 390, 1, 0, 0
277049, 350, 1, 0, 0
277149, 360, 1, 0, 0
277250, 350, 1, 0, 0
277350, 370, 1, 0, 0
277450, 360, 1, 0, 0
277550, 360, 1, 0, 0
277650, 370, 1, 0, 0
277749, 363, 1, 0, 0
277849, 360, 1, 0, 0
277949, 380, 1, 0, 0
278049, 370, 1, 0, 0
278150, 380, 1, 0, 0
278250, 360, 1, 0, 0
278350, 380, 1, 0, 0
278450, 370, 1, 0, 0
278550, 380, 1, 0, 0
278650, 380, 1, 0, 0
278749, 363, 1, 0, 0
278849, 370, 1, 0, 0
278949, 390, 1, 0, 0
279050, 370, 1, 0, 0
279150, 400, 1, 0, 0
279250, 350, 1, 0, 0
279350, 370, 1, 0, 0
279450, 360, 1, 0, 0
279550, 390, 1, 0, 0
279650, 370, 1, 0, 0
279749, 363, 1, 0, 0
279849, 380, 1, 0, 0
279949, 380, 1, 0, 0
280050, 370, 1, 0, 0
280150, 380, 1, 0, 0
280249, 383, 1, 0, 0
280349, 370, 1, 0, 0
280449, 370, 1, 0, 0
280549, 370, 1, 0, 0
280649, 370, 1, 0, 0
280749, 360, 1, 0, 0
280849, 370, 1, 0, 0
280950, 380, 1, 0, 0
281050, 370, 1, 0, 0
281150, 380, 1, 0, 0
281249, 393, 1, 0, 0
281349, 380, 1, 0, 0
281449, 380, 1, 0, 0
281549, 380, 1, 0, 0
281649, 370, 1, 0, 0
281750, 360, 1, 0, 0
281850, 390, 1, 0, 0
281950, 380, 1, 0, 0
282050, 370, 1, 0, 0
282150, 360, 1, 0, 0
282249, 373, 1, 0, 0
282349, 380, 1, 0, 0
282449, 370, 1, 0, 0
282549, 360, 1, 0, 0
282649, 370, 1, 0, 0
282750, 380, 1, 0, 0
282850, 380, 1, 0, 0
282950, 380, 1, 0, 0
283050, 370, 1, 0, 0
283150, 350, 1, 0, 0
283249, 383, 1, 0, 0
283349, 370, 1, 0, 0
283449, 360, 1, 0, 0
283549, 350, 1, 0, 0
283650, 360, 1, 0, 0
283750, 390, 1, 0, 0
283850, 360, 1, 0, 0
283950, 370, 1, 0, 0
284050, 360, 1, 0, 0
284150, 370, 1, 0, 0
284249, 373, 1, 0, 0
284349, 370, 1, 0, 0
284449, 380, 1, 0, 0
284550, 380, 1, 0, 0
284650, 370, 1, 0, 0
284750, 360, 1, 0, 0
284850, 390, 1, 0, 0
284950, 360, 1, 0, 0
285050, 380, 1, 0, 0
285150, 380, 1, 0, 0
285249, 373, 1, 0, 0
285349, 390, 1, 0, 0
285449, 370, 1, 0, 0
285550, 380, 1, 0, 0
285650, 370, 1, 0, 0
285749, 383, 1, 0, 0
285849, 370, 1, 0, 0
285949, 380, 1, 0, 0
286049, 390, 1, 0, 0
286149, 360, 1, 0, 0
286250, 340, 1, 0, 0
286350, 380, 1, 0, 0
286450, 360, 1, 0, 0
286550, 370, 1, 0, 0
286650, 370, 1, 0, 0
286749, 393, 1, 0, 0
286849, 370, 1, 0, 0
286949, 360, 1, 0, 0
287049, 360, 1, 0, 0
287150, 380, 1, 0, 0
287250, 370, 1, 0, 0
287350, 380, 1, 0, 0
287450, 370, 1, 0, 0
287550, 360, 1, 0, 0
287650, 360, 1, 0, 0
287749, 393, 1, 0, 0
287849, 370, 1, 0, 0
287949, 360, 1, 0, 0
288049, 360, 1, 0, 0
288150, 380, 1, 0, 0
288250, 340, 1, 0, 0
288350, 380, 1, 0, 0
288450, 370, 1, 0, 0
288550, 380, 1, 0, 0
288650, 370, 1, 0, 0
288749, 383, 1, 0, 0
288849, 380, 1, 0, 0
288949, 380, 1, 0, 0
289050, 370, 1, 0, 0
289150, 370, 1, 0, 0
289249, 373, 1, 0, 0
289349, 380, 1, 0, 0
289449, 380, 1, 0, 0
289549, 350, 1, 0, 0
289649, 360, 1, 0, 0
289749, 360, 1, 0, 0
289850, 380, 1, 0, 0
289950, 380, 1, 0, 0
290050, 380, 1, 0, 0
290150, 380, 1, 0, 0
290249, 373, 1, 0, 0
290349, 380, 1, 0, 0
290449, 360, 1, 0, 0
290549, 360, 1, 0, 0
290649, 390, 1, 0, 0
290750, 360, 1, 0, 0
290850, 370, 1, 0, 0
290950, 380, 1, 0, 0
291050, 390, 1, 0, 0
291150, 390, 1, 0, 0
291249, 383, 1, 0, 0
291349, 360, 1, 0, 0
291449, 360, 1, 0, 0
291549, 370, 1, 0, 0
291649, 400, 1, 0, 0
291750, 390, 1, 0, 0
291850, 370, 1, 0, 0
291950, 380, 1, 0, 0
292050, 370, 1, 0, 0
292150, 390, 1, 0, 0
292249, 383, 1, 0, 0
292349, 380, 1, 0, 0
292449, 360, 1, 0, 0
292550, 380, 1, 0, 0
292650, 390, 1, 0, 0
292750, 370, 1, 0, 0
292850, 360, 1, 0, 0
292950, 390, 1, 0, 0
293050, 370, 1, 0, 0
293150, 380, 1, 0, 0
293249, 363, 1, 0, 0
293349, 380, 1, 0, 0
293449, 380, 1, 0, 0
293550, 380, 1, 0, 0
293650, 390, 1, 0, 0
293750, 380, 1, 0, 0
293850, 370, 1, 0, 0
293950, 380, 1, 0, 0
294050, 390, 1, 0, 0
294150, 380, 1, 0, 0
294249, 373, 1, 0, 0
294349, 360, 1, 0, 0
294450, 370, 1, 0, 0
294550, 370, 1, 0, 0
294650, 370, 1, 0, 0
294749, 373, 1, 0, 0
294849, 390, 1, 0, 0
294949, 370, 1, 0, 0
295049, 370, 1, 0, 0
295149, 360, 1, 0, 0
295249, 370, 1, 0, 0
295350, 380, 1, 0, 0
295450, 360, 1, 0, 0
295550, 370, 1, 0, 0
295650, 380, 1, 0, 0
295749, 383, 1, 0, 0
295849, 380, 1, 0, 0
295949, 390, 1, 0, 0
296049, 380, 1, 0, 0
296149, 370, 1, 0, 0
296250, 380, 1, 0, 0
296350, 360, 1, 0, 0
296450, 390, 1, 0, 0
296550, 410, 1, 0, 0
296650, 380, 1, 0, 0
296749, 373, 1, 0, 0
296849, 360, 1, 0, 0
296949, 370, 1, 0, 0
297049, 390, 1, 0, 0
297149, 380, 1, 0, 0
297250, 370, 1, 0, 0
297350, 380, 1, 0, 0
297450, 360, 1, 0, 0
297550, 370, 1, 0, 0
297650, 370, 1, 0, 0
297749, 373, 1, 0, 0
297849, 380, 1, 0, 0
297949, 380, 1, 0, 0
298049, 380, 1, 0, 0
298149, 370, 1, 0, 0
298250, 370, 1, 0, 0
298350, 380, 1, 0, 0
298450, 380, 1, 0, 0
298550, 380, 1, 0, 0
298650, 370, 1, 0, 0
298749, 353, 1, 0, 0
298849, 380, 1, 0, 0
298949, 370, 1, 0, 0
299050, 390, 1, 0, 0
299150, 380, 1, 0, 0
299250, 400, 1, 0, 0
299350, 380, 1, 0, 0
299450, 390, 1, 0, 0
299550, 390, 1, 0, 0
299650, 380, 1, 0, 0
299749, 373, 1, 0, 0
299849, 380, 1, 0, 0
299949, 380, 1, 0, 0
300050, 380, 1, 0, 0
300150, 370, 1, 0, 0
300250, 370, 1, 0, 0
300350, 390, 1, 0, 0
300450, 380, 1, 0, 0
300550, 380, 1, 0, 0
300650, 380, 1, 0, 0
300749, 393, 1, 0, 0
300849, 380, 1, 0, 0
300950, 360, 1, 0, 0
301050, 380, 1, 0, 0
301150, 400, 1, 0, 0
301249, 373, 1, 0, 0
301349, 390, 1, 0, 0
301449, 370, 1, 0, 0
301549, 360, 1, 0, 0
301649, 380, 1, 0, 0
301750, 390, 1, 0, 0
301850, 360, 1, 0, 0
301950, 380, 1, 0, 0
302050, 380, 1, 0, 0
302150, 380, 1, 0, 0
302249, 353, 1, 0, 0
302349, 380, 1, 0, 0
302449, 380, 1, 0, 0
302549, 390, 1, 0, 0
302649, 370, 1, 0, 0
302750, 370, 1, 0, 0
302850, 380, 1, 0, 0
302950, 370, 1, 0, 0
303050, 380, 1, 0, 0
303150, 370, 1, 0, 0
303249, 373, 1, 0, 0
303349, 380, 1, 0, 0
303449, 360, 1, 0, 0
303549, 370, 1, 0, 0
303649, 380, 1, 0, 0
303750, 380, 1, 0, 0
303850, 390, 1, 0, 0
303950, 390, 1, 0, 0
304050, 390, 1, 0, 0
304150, 370, 1, 0, 0
304249, 353, 1, 0, 0
304349, 390, 1, 0, 0
304449, 380, 1, 0, 0
304549, 390, 1, 0, 0
304650, 370, 1, 0, 0
304750, 380, 1, 0, 0
304850, 390, 1, 0, 0
304950, 380, 1, 0, 0
305050, 370, 1, 0, 0
305150, 370, 1, 0, 0
305249, 383, 1, 0, 0
305349, 360, 1, 0, 0
305449, 370, 1, 0, 0
305550, 360, 1, 0, 0
305650, 380, 1, 0, 0
305750, 360, 1, 0, 0
305850, 390, 1, 0, 0
305950, 370, 1, 0, 0
306050, 390, 1, 0, 0
306150, 360, 1, 0, 0
306249, 373, 1, 0, 0
306349, 370, 1, 0, 0
306449, 380, 1, 0, 0
306550, 370, 1, 0, 0
306650, 380, 1, 0, 0
306749, 393, 1, 0, 0
306849, 360, 1, 0, 0
306949, 360, 1, 0, 0
307049, 370, 1, 0, 0
307149, 380, 1, 0, 0
307249, 390, 1, 0, 0
307349, 360, 1, 0, 0
307450, 380, 1, 0, 0
307550, 380, 1, 0, 0
307650, 380, 1, 0, 0
307749, 373, 1, 0, 0
307849, 370, 1, 0, 0
307949, 370, 1, 0, 0
308050, 380, 1, 0, 0
308150, 370, 1, 0, 0
308250, 370, 1, 0, 0
308350, 370, 1, 0, 0
308450, 370, 1, 0, 0
308550, 360, 1, 0, 0
308650, 380, 1, 0, 0
308749, 383, 1, 0, 0
308849, 380, 1, 0, 0
308949, 380, 1, 0, 0
309050, 390, 1, 0, 0
309150, 380, 1, 0, 0
309249, 393, 1, 0, 0
309349, 370, 1, 0, 0
309449, 370, 1, 0, 0
309549, 370, 1, 0, 0
309649, 370, 1, 0, 0
309749, 380, 1, 0, 0
309849, 370, 1, 0, 0
309950, 360, 1, 0, 0
310050, 370, 1, 0, 0
310150, 370, 1, 0, 0
310249, 363, 1, 0, 0
310349, 370, 1, 0, 0
310449, 380, 1, 0, 0
310549, 370, 1, 0, 0
310649, 370, 1, 0, 0
310750, 370, 1, 0, 0
310850, 380, 1, 0, 0
310950, 360, 1, 0, 0
311050, 360, 1, 0, 0
311150, 360, 1, 0, 0
311249, 373, 1, 0, 0
311349, 390, 1, 0, 0
311449, 360, 1, 0, 0
311549, 370, 1, 0, 0
311649, 360, 1, 0, 0
311750, 380, 1, 0, 0
311850, 370, 1, 0, 0
311950, 360, 1, 0, 0
312050, 380, 1, 0, 0
312150, 380, 1, 0, 0
312249, 373, 1, 0, 0
312349, 370, 1, 0, 0
312449, 370, 1, 0, 0
312550, 370, 1, 0, 0
312650, 370, 1, 0, 0
312750, 380, 1, 0, 0
312850, 380, 1, 0, 0
312950, 390, 1, 0, 0
313050, 380, 1, 0, 0
313150, 380, 1, 0, 0
313249, 383, 1, 0, 0
313349, 360, 1, 0, 0
313449, 380, 1, 0, 0
313550, 370, 1, 0, 0
313650, 370, 1, 0, 0
313749, 383, 1, 0, 0
313849, 360, 1, 0, 0
313949, 360, 1, 0, 0
314049, 380, 1, 0, 0
314149, 360, 1, 0, 0
314249, 370, 1, 0, 0
314349, 370, 1, 0, 0
314450, 370, 1, 0, 0
314550, 380, 1, 0, 0
314650, 370, 1, 0, 0
314749, 353, 1, 0, 0
314849, 370, 1, 0, 0
314949, 370, 1, 0, 0
315049, 360, 1, 0, 0
315149, 370, 1, 0, 0
315250, 380, 1, 0, 0
315350, 370, 1, 0, 0
315450, 380, 1, 0, 0
315550, 360, 1, 0, 0
315650, 380, 1, 0, 0
315749, 373, 1, 0, 0
315849, 390, 1, 0, 0
315949, 380, 1, 0, 0
316049, 370, 1, 0, 0
316149, 390, 1, 0, 0
316250, 380, 1, 0, 0
316350, 360, 1, 0, 0
316450, 360, 1, 0, 0
316550, 360, 1, 0, 0
316650, 360, 1, 0, 0
316749, 373, 1, 0, 0
316849, 370, 1, 0, 0
316949, 360, 1, 0, 0
317049, 370, 1, 0, 0
317149, 360, 1, 0, 0
317250, 370, 1, 0, 0
317350, 380, 1, 0, 0
317450, 380, 1, 0, 0
317550, 370, 1, 0, 0
317650, 390, 1, 0, 0
317749, 363, 1, 0, 0
317849, 380, 1, 0, 0
317949, 390, 1, 0, 0
318050, 360, 1, 0, 0
318150, 390, 1, 0, 0
318250, 360, 1, 0, 0
318350, 380, 1, 0, 0
318450, 360, 1, 0, 0
318550, 360, 1, 0, 0
318650, 390, 1, 0, 0
318749, 373, 1, 0, 0
318849, 380, 1, 0, 0
318949, 380, 1, 0, 0
319050, 370, 1, 0, 0
319150, 390, 1, 0, 0
319250, 360, 1, 0, 0
319350, 370, 1, 0, 0
319450, 380, 1, 0, 0
319550, 380, 1, 0, 0
319650, 360, 1, 0, 0
319749, 363, 1, 0, 0
319849, 390, 1, 0, 0
319950, 380, 1, 0, 0
320050, 390, 1, 0, 0
320150, 400, 1, 0, 0
320249, 393, 1, 0, 0
320349, 380, 1, 0, 0
320449, 370, 1, 0, 0
320549, 390, 1, 0, 0
320649, 390, 1, 0, 0
320750, 390, 1, 0, 0
320850, 400, 1, 0, 0
320950, 390, 1, 0, 0
321050, 360, 1, 0, 0
321150, 380, 1, 0, 0
321249, 383, 1, 0, 0
321349, 380, 1, 0, 0
321449, 390, 1, 0, 0
321549, 370, 1, 0, 0
321649, 390, 1, 0, 0
321750, 370, 1, 0, 0
321850, 380, 1, 0, 0
321950, 390, 1, 0, 0
322050, 380, 1, 0, 0
322150, 370, 1, 0, 0
322249, 373, 1, 0, 0
322349, 350, 1, 0, 0
322449, 380, 1, 0, 0
322550, 370, 1, 0, 0
322650, 360, 1, 0, 0
322750, 380, 1, 0, 0
322850, 380, 1, 0, 0
322950, 390, 1, 0, 0
323050, 380, 1, 0, 0
323150, 390, 1, 0, 0
323249, 373, 1, 0, 0
323349, 380, 1, 0, 0
323449, 370, 1, 0, 0
323550, 370, 1, 0, 0
323650, 370, 1, 0, 0
323749, 353, 1, 0, 0
323849, 380, 1, 0, 0
323949, 370, 1, 0, 0
324049, 360, 1, 0, 0
324149, 390, 1, 0, 0
324249, 380, 1, 0, 0
324350, 370, 1, 0, 0
324450, 360, 1, 0, 0
324550, 390, 1, 0, 0
324650, 370, 1, 0, 0
324749, 373, 1, 0, 0
324849, 370, 1, 0, 0
324949, 360, 1, 0, 0
325049, 360, 1, 0, 0
325149, 370, 1, 0, 0
325250, 390, 1, 0, 0
325350, 370, 1, 0, 0
325450, 370, 1, 0, 0
325550, 360, 1, 0, 0
325650, 360, 1, 0, 0
325749, 373, 1, 0, 0
325849, 360, 1, 0, 0
325949, 350, 1, 0, 0
326049, 360, 1, 0, 0
326149, 380, 1, 0, 0
326250, 360, 1, 0, 0
326350, 360, 1, 0, 0
326450, 360, 1, 0, 0
326550, 380, 1, 0, 0
326650, 370, 1, 0, 0
326749, 373, 1, 0, 0
326849, 360, 1, 0, 0
326949, 380, 1, 0, 0
327050, 370, 1, 0, 0
327150, 370, 1, 0, 0
327250, 360, 1, 0, 0
327350, 370, 1, 0, 0
327450, 380, 1, 0, 0
327550, 370, 1, 0, 0
327650, 340, 1, 0, 0
327749, 363, 1, 0, 0
327849, 360, 1, 0, 0
327949, 370, 1, 0, 0
328050, 370, 1, 0, 0
328150, 350, 1, 0, 0
328250, 390, 1, 0, 0
328350, 360, 1, 0, 0
328450, 380, 1, 0, 0
328550, 380, 1, 0, 0
328650, 380, 1, 0, 0
328749, 363, 1, 0, 0
328849, 380, 1, 0, 0
328950, 360, 1, 0, 0
329050, 360, 1, 0, 0
329150, 390, 1, 0, 0
329249, 343, 1, 0, 0
329349, 360, 1, 0, 0
329449, 400, 1, 0, 0
329549, 380, 1, 0, 0
329649, 380, 1, 0, 0
329750, 380, 1, 0, 0
329850, 380, 1, 0, 0
329950, 380, 1, 0, 0
330050, 390, 1, 0, 0
330150, 370, 1, 0, 0
330249, 363, 1, 0, 0
330349, 370, 1, 0, 0
330449, 370, 1, 0, 0
330549, 370, 1, 0, 0
330649, 380, 1, 0, 0
330750, 360, 1, 0, 0
330850, 370, 1, 0, 0
330950, 360, 1, 0, 0
331050, 370, 1, 0, 0
331150, 380, 1, 0, 0
331249, 393, 1, 0, 0
331349, 380, 1, 0, 0
331449, 370, 1, 0, 0
331550, 390, 1, 0, 0
331650, 380, 1, 0, 0
331750, 360, 1, 0, 0
331850, 370, 1, 0, 0
331950, 380, 1, 0, 0
332050, 370, 1, 0, 0
332150, 370, 1, 0, 0
332249, 353, 1, 0, 0
332349, 370, 1, 0, 0
332449, 360, 1, 0, 0
332550, 360, 1, 0, 0
332650, 390, 1, 0, 0
332750, 360, 1, 0, 0
332850, 390, 1, 0, 0
332950, 390, 1, 0, 0
333050, 360, 1, 0, 0
333150, 380, 1, 0, 0
333249, 383, 1, 0, 0
333349, 380, 1, 0, 0
333449, 400, 1, 0, 0
333550, 390, 1, 0, 0
333650, 360, 1, 0, 0
333749, 353, 1, 0, 0
333849, 380, 1, 0, 0
333949, 370, 1, 0, 0
334049, 370, 1, 0, 0
334149, 390, 1, 0, 0
334249, 380, 1, 0, 0
334350, 390, 1, 0, 0
334450, 370, 1, 0, 0
334550, 370, 1, 0, 0
334650, 380, 1, 0, 0
334749, 373, 1, 0, 0
334849, 370, 1, 0, 0
334949, 370, 1, 0, 0
335049, 370, 1, 0, 0
335149, 360, 1, 0, 0
335250, 380, 1, 0, 0
335350, 360, 1, 0, 0
335450, 370, 1, 0, 0
335550, 390, 1, 0, 0
335650, 370, 1, 0, 0
335749, 383, 1, 0, 0
335849, 380, 1, 0, 0
335949, 380, 1, 0, 0
336049, 380, 1, 0, 0
336149, 370, 1, 0, 0
336250, 380, 1, 0, 0
336350, 370, 1, 0, 0
336450, 390, 1, 0, 0
336550, 370, 1, 0, 0
336650, 370, 1, 0, 0
336749, 373, 1, 0, 0
336849, 380, 1, 0, 0
336949, 380, 1, 0, 0
337050, 380, 1, 0, 0
337150, 380, 1, 0, 0
337250, 390, 1, 0, 0
337350, 380, 1, 0, 0
337450, 380, 1, 0, 0
337550, 370, 1, 0, 0
337650, 360, 1, 0, 0
337749, 393, 1, 0, 0
337849, 380, 1, 0, 0
337949, 400, 1, 0, 0
338050, 350, 1, 0, 0
338150, 390, 1, 0, 0
338250, 380, 1, 0, 0
338350, 350, 1, 0, 0
338450, 370, 1, 0, 0
338550, 380, 1, 0, 0
338650, 380, 1, 0, 0
338749, 373, 1, 0, 0
338849, 360, 1, 0, 0
338950, 350, 1, 0, 0
339050, 370, 1, 0, 0
339150, 390, 1, 0, 0
339249, 353, 1, 0, 0
339349, 390, 1, 0, 0
339449, 390, 1, 0, 0
339549, 370, 1, 0, 0
339649, 370, 1, 0, 0
339750, 370, 1, 0, 0
339850, 350, 1, 0, 0
339950, 390, 1, 0, 0
340050, 370, 1, 0, 0
340150, 390, 1, 0, 0
340249, 373, 1, 0, 0
340349, 370, 1, 0, 0
340449, 370, 1, 0, 0
340549, 380, 1, 0, 0
340649, 370, 1, 0, 0
340750, 380, 1, 0, 0
340850, 380, 1, 0, 0
340950, 390, 1, 0, 0
341050, 380, 1, 0, 0
341150, 360, 1, 0, 0
341249, 373, 1, 0, 0
341349, 380, 1, 0, 0
341449, 380, 1, 0, 0
341549, 380, 1, 0, 0
341649, 360, 1, 0, 0
341750, 370, 1, 0, 0
341850, 360, 1, 0, 0
341950, 390, 1, 0, 0
342050, 360, 1, 0, 0
342150, 370, 1, 0, 0
342249, 373, 1, 0, 0
342349, 380, 1, 0, 0
342449, 360, 1, 0, 0
342549, 380, 1, 0, 0
342650, 360, 1, 0, 0
342750, 370, 1, 0, 0
342850, 380, 1, 0, 0
342950, 380, 1, 0, 0
343050, 390, 1, 0, 0
343150, 380, 1, 0, 0
343249, 383, 1, 0, 0
343349, 380, 1, 0, 0
343449, 360, 1, 0, 0
343549, 370, 1, 0, 0
343649, 360, 1, 0, 0
343750, 380, 1, 0, 0
343850, 370, 1, 0, 0
343950, 360, 1, 0, 0
344050, 380, 1, 0, 0
344150, 380, 1, 0, 0
344249, 363, 1, 0, 0
344349, 370, 1, 0, 0
344449, 370, 1, 0, 0
344550, 360, 1, 0, 0
344650, 370, 1, 0, 0
344750, 380, 1, 0, 0
344850, 370, 1, 0, 0
344950, 360, 1, 0, 0
345050, 360, 1, 0, 0
345150, 380, 1, 0, 0
345249, 373, 1, 0, 0
345349, 370, 1, 0, 0
345449, 380, 1, 0, 0
345550, 370, 1, 0, 0
345650, 370, 1, 0, 0
345750, 360, 1, 0, 0
345850, 360, 1, 0, 0
345950, 370, 1, 0, 0
346050, 360, 1, 0, 0
346150, 380, 1, 0, 0
346249, 383, 1, 0, 0
346349, 380, 1, 0, 0
346449, 370, 1, 0, 0
346550, 380, 1, 0, 0
346650, 370, 1, 0, 0
346749, 363, 1, 0, 0
346849, 370, 1, 0, 0
346949, 370, 1, 0, 0
347049, 370, 1, 0, 0
347149, 370, 1, 0, 0
347249, 350, 1, 0, 0
347349, 360, 1, 0, 0
347450, 360, 1, 0, 0
347550, 360, 1, 0, 0
347650, 370, 1, 0, 0
347749, 363, 1, 0, 0
347849, 380, 1, 0, 0
347949, 360, 1, 0, 0
348049, 370, 1, 0, 0
348149, 370, 1, 0, 0
348249, 380, 1, 0, 0
348350, 380, 1, 0, 0
348450, 380, 1, 0, 0
348550, 370, 1, 0, 0
348650, 380, 1, 0, 0
348749, 363, 1, 0, 0
348849, 370, 1, 0, 0
348949, 360, 1, 0, 0
349049, 370, 1, 0, 0
349149, 390, 1, 0, 0
349250, 380, 1, 0, 0
349350, 380, 1, 0, 0
349450, 360, 1, 0, 0
349550, 380, 1, 0, 0
349650, 360, 1, 0, 0
349749, 363, 1, 0, 0
349849, 370, 1, 0, 0
349949, 380, 1, 0, 0
350049, 380, 1, 0, 0
350150, 380, 1, 0, 0
350250, 380, 1, 0, 0
350350, 370, 1, 0, 0
350450, 380, 1, 0, 0
350550, 370, 1, 0, 0
350650, 380, 1, 0, 0
350749, 393, 1, 0, 0
350849, 360, 1, 0, 0
350949, 390, 1, 0, 0
351050, 380, 1, 0, 0
351150, 380, 1, 0, 0
351250, 380, 1, 0, 0
351350, 390, 1, 0, 0
351450, 370, 1, 0, 0
351550, 390, 1, 0, 0
351650, 360, 1, 0, 0
351749, 373, 1, 0, 0
351849, 380, 1, 0, 0
351949, 380, 1, 0, 0
352050, 370, 1, 0, 0
352150, 380, 1, 0, 0
352250, 370, 1, 0, 0
352350, 380, 1, 0, 0
352450, 380, 1, 0, 0
352550, 350, 1, 0, 0
352650, 390, 1, 0, 0
352749, 363, 1, 0, 0
352849, 380, 1, 0, 0
352950, 370, 1, 0, 0
353050, 350, 1, 0, 0
353150, 370, 1, 0, 0
353249, 343, 1, 0, 0
353349, 380, 1, 0, 0
353449, 360, 1, 0, 0
353549, 390, 1, 0, 0
353649, 380, 1, 0, 0
353750, 360, 1, 0, 0
353850, 370, 1, 0, 0
353950, 360, 1, 0, 0
354050, 380, 1, 0, 0
354150, 370, 1, 0, 0
354249, 363, 1, 0, 0
354349, 380, 1, 0, 0
354449, 360, 1, 0, 0
354549, 380, 1, 0, 0
354649, 360, 1, 0, 0
354750, 390, 1, 0, 0
354850, 380, 1, 0, 0
354950, 380, 1, 0, 0
355050, 380, 1, 0, 0
355150, 370, 1, 0, 0
355249, 383, 1, 0, 0
355349, 370, 1, 0, 0
355449, 380, 1, 0, 0
355550, 390, 1, 0, 0
355650, 360, 1, 0, 0
355750, 370, 1, 0, 0
355850, 370, 1, 0, 0
355950, 350, 1, 0, 0
356050, 350, 1, 0, 0
356150, 370, 1, 0, 0
356249, 383, 1, 0, 0
356349, 390, 1, 0, 0
356449, 360, 1, 0, 0
356550, 370, 1, 0, 0
356650, 370, 1, 0, 0
356749, 353, 1, 0, 0
356849, 370, 1, 0, 0
356949, 350, 1, 0, 0
357049, 380, 1, 0, 0
357149, 390, 1, 0, 0
357249, 370, 1, 0, 0
357349, 370, 1, 0, 0
357450, 380, 1, 0, 0
357550, 360, 1, 0, 0
357650, 380, 1, 0, 0
357749, 383, 1, 0, 0
357849, 360, 1, 0, 0
357949, 350, 1, 0, 0
358049, 380, 1, 0, 0
358149, 370, 1, 0, 0
358250, 360, 1, 0, 0
358350, 380, 1, 0, 0
358450, 370, 1, 0, 0
358550, 380, 1, 0, 0
358650, 390, 1, 0, 0
358749, 373, 1, 0, 0
358849, 400, 1, 0, 0
358949, 370, 1, 0, 0
359049, 380, 1, 0, 0
359150, 390, 1, 0, 0
359250, 370, 1, 0, 0
359350, 400, 1, 0, 0
359450, 370, 1, 0, 0
359550, 370, 1, 0, 0
359650, 380, 1, 0, 0
359749, 383, 1, 0, 0
359849, 380, 1, 0, 0
359949, 370, 1, 0, 0
360050, 360, 1, 0, 0
360150, 370, 1, 0, 0
360250, 370, 1, 0, 0
360350, 390, 1, 0, 0
360450, 370, 1, 0, 0
360550, 370, 1, 0, 0
360650, 360, 1, 0, 0
360749, 383, 1, 0, 0
360849, 370, 1, 0, 0
360949, 380, 1, 0, 0
361050, 380, 1, 0, 0
361150, 380, 1, 0, 0
361250, 380, 1, 0, 0
361350, 390, 1, 0, 0
361450, 370, 1, 0, 0
361550, 370, 1, 0, 0
361650, 370, 1, 0, 0
361749, 383, 1, 0, 0
361849, 370, 1, 0, 0
361949, 360, 1, 0, 0
362050, 370, 1, 0, 0
362150, 370, 1, 0, 0
362249, 373, 1, 0, 0
362349, 380, 1, 0, 0
362449, 370, 1, 0, 0
362549, 370, 1, 0, 0
362649, 370, 1, 0, 0
362750, 380, 1, 0, 0
362850, 380, 1, 0, 0
362950, 380, 1, 0, 0
363050, 350, 1, 0, 0
363150, 360, 1, 0, 0
363249, 363, 1, 0, 0
363349, 370, 1, 0, 0
363449, 370, 1, 0, 0
363549, 380, 1, 0, 0
363649, 380, 1, 0, 0
363750, 370, 1, 0, 0
363850, 370, 1, 0, 0
363950, 370, 1, 0, 0
364050, 390, 1, 0, 0
364150, 370, 1, 0, 0
364249, 363, 1, 0, 0
364349, 370, 1, 0, 0
364449, 370, 1, 0, 0
364549, 380, 1, 0, 0
364650, 380, 1, 0, 0
364750, 390, 1, 0, 0
364850, 380, 1, 0, 0
364950, 380, 1, 0, 0
365050, 390, 1, 0, 0
365150, 380, 1, 0, 0
365249, 373, 1, 0, 0
365349, 370, 1, 0, 0
365449, 380, 1, 0, 0
365550, 360, 1, 0, 0
365650, 380, 1, 0, 0
365750, 380, 1, 0, 0
365850, 360, 1, 0, 0
365950, 380, 1, 0, 0
366050, 390, 1, 0, 0
366150, 380, 1, 0, 0
366249, 373, 1, 0, 0
366349, 380, 1, 0, 0
366449, 370, 1, 0, 0
366550, 380, 1, 0, 0
366650, 360, 1, 0, 0
366750, 390, 1, 0, 0
366850, 380, 1, 0, 0
366950, 370, 1, 0, 0
367050, 380, 1, 0, 0
367150, 370, 1, 0, 0
367249, 353, 1, 0, 0
367349, 370, 1, 0, 0
367449, 380, 1, 0, 0
367550, 380, 1, 0, 0
367650, 360, 1, 0, 0
367750, 390, 1, 0, 0
367850, 360, 1, 0, 0
367950, 370, 1, 0, 0
368050, 380, 1, 0, 0
368150, 370, 1, 0, 0
368249, 343, 1, 0, 0
368349, 360, 1, 0, 0
368450, 360, 1, 0, 0
368550, 380, 1, 0, 0
368650, 380, 1, 0, 0
368749, 373, 1, 0, 0
368849, 370, 1, 0, 0
368949, 370, 1, 0, 0
369049, 380, 1, 0, 0
369149, 360, 1, 0, 0
369249, 380, 1, 0, 0
369350, 380, 1, 0, 0
369450, 380, 1, 0, 0
369550, 380, 1, 0, 0
369650, 360, 1, 0, 0
369749, 383, 1, 0, 0
369849, 360, 1, 0, 0
369949, 360, 1, 0, 0
370049, 370, 1, 0, 0
370149, 350, 1, 0, 0
370250, 370, 1, 0, 0
370350, 370, 1, 0, 0
370450, 370, 1, 0, 0
370550, 370, 1, 0, 0
370650, 370, 1, 0, 0
370749, 363, 1, 0, 0
370849, 370, 1, 0, 0
370949, 380, 1, 0, 0
371049, 380, 1, 0, 0
371150, 380, 1, 0, 0
371250, 360, 1, 0, 0
371350, 380, 1, 0, 0
371450, 380, 1, 0, 0
371550, 380, 1, 0, 0
371650, 370, 1, 0, 0
371749, 373, 1, 0, 0
371849, 370, 1, 0, 0
371949, 380, 1, 0, 0
372050, 350, 1, 0, 0
372150, 360, 1, 0, 0
372250, 370, 1, 0, 0
372350, 370, 1, 0, 0
372450, 390, 1, 0, 0
372550, 380, 1, 0, 0
372650, 370, 1, 0, 0
372749, 363, 1, 0, 0
372849, 370, 1, 0, 0
372949, 370, 1, 0, 0
373050, 360, 1, 0, 0
373150, 360, 1, 0, 0
373249, 373, 1, 0, 0
373349, 370, 1, 0, 0
373449, 380, 1, 0, 0
373549, 370, 1, 0, 0
373649, 390, 1, 0, 0
373749, 390, 1, 0, 0
373850, 390, 1, 0, 0
373950, 390, 1, 0, 0
374050, 370, 1, 0, 0
374150, 360, 1, 0, 0
374249, 373, 1, 0, 0
374349, 370, 1, 0, 0
374449, 370, 1, 0, 0
374549, 380, 1, 0, 0
374649, 370, 1, 0, 0
374750, 390, 1, 0, 0
374850, 370, 1, 0, 0
374950, 370, 1, 0, 0
375050, 380, 1, 0, 0
375150, 390, 1, 0, 0
375249, 383, 1, 0, 0
375349, 370, 1, 0, 0
375449, 380, 1, 0, 0
375549, 370, 1, 0, 0
375649, 360, 1, 0, 0
375750, 380, 1, 0, 0
375850, 370, 1, 0, 0
375950, 370, 1, 0, 0
376050, 380, 1, 0, 0
376150, 380, 1, 0, 0
376249, 373, 1, 0, 0
376349, 370, 1, 0, 0
376449, 370, 1, 0, 0
376550, 370, 1, 0, 0
376650, 380, 1, 0, 0
376750, 370, 1, 0, 0
376850, 380, 1, 0, 0
376950, 380, 1, 0, 0
377050, 390, 1, 0, 0
377150, 360, 1, 0, 0
377249, 373, 1, 0, 0
377349, 380, 1, 0, 0
377449, 350, 1, 0, 0
377550, 380, 1, 0, 0
377650, 380, 1, 0, 0
377750, 370, 1, 0, 0
377850, 380, 1, 0, 0
377950, 360, 1, 0, 0
378050, 390, 1, 0, 0
378150, 380, 1, 0, 0
378249, 373, 1, 0, 0
378349, 380, 1, 0, 0
378449, 370, 1, 0, 0
378550, 370, 1, 0, 0
378650, 360, 1, 0, 0
378750, 370, 1, 0, 0
378850, 380, 1, 0, 0
378950, 370, 1, 0, 0
379050, 380, 1, 0, 0
379150, 380, 1, 0, 0
379249, 383, 1, 0, 0
379349, 390, 1, 0, 0
379449, 380, 1, 0, 0
379550, 380, 1, 0, 0
379650, 360, 1, 0, 0
379750, 400, 1, 0, 0
379850, 390, 1, 0, 0
379950, 380, 1, 0, 0
380050, 360, 1, 0, 0
380150, 370, 1, 0, 0
380249, 373, 1, 0, 0
380349, 380, 1, 0, 0
380450, 360, 1, 0, 0
380550, 400, 1, 0, 0
380650, 380, 1, 0, 0
380749, 383, 1, 0, 0
380849, 380, 1, 0, 0
380949, 360, 1, 0, 0
381049, 380, 1, 0, 0
381149, 380, 1, 0, 0
381250, 370, 1, 0, 0
381350, 390, 1, 0, 0
381450, 370, 1, 0, 0
381550, 380, 1, 0, 0
381650, 390, 1, 0, 0
381749, 373, 1, 0, 0
381849, 380, 1, 0, 0
381949, 370, 1, 0, 0
382049, 380, 1, 0, 0
382149, 380, 1, 0, 0
382250, 370, 1, 0, 0
382350, 380, 1, 0, 0
382450, 380, 1, 0, 0
382550, 400, 1, 0, 0
382650, 360, 1, 0, 0
382749, 383, 1, 0, 0
382849, 380, 1, 0, 0
382949, 390, 1, 0, 0
383049, 380, 1, 0, 0
383149, 360, 1, 0, 0
383250, 390, 1, 0, 0
383350, 380, 1, 0, 0
383450, 390, 1, 0, 0
383550, 370, 1, 0, 0
383650, 380, 1, 0, 0
383749, 383, 1, 0, 0
383849, 400, 1, 0, 0
383949, 370, 1, 0, 0
384050, 370, 1, 0, 0
384150, 360, 1, 0, 0
384250, 360, 1, 0, 0
384350, 380, 1, 0, 0
384450, 360, 1, 0, 0
384550, 370, 1, 0, 0
384650, 380, 1, 0, 0
384749, 373, 1, 0, 0
384849, 380, 1, 0, 0
384949, 380, 1, 0, 0
385050, 370, 1, 0, 0
385150, 370, 1, 0, 0
385250, 380, 1, 0, 0
385350, 390, 1, 0, 0
385450, 380, 1, 0, 0
385550, 380, 1, 0, 0
385650, 380, 1, 0, 0
385749, 373, 1, 0, 0
385850, 390, 1, 0, 0
385950, 360, 1, 0, 0
386050, 360, 1, 0, 0
386150, 370, 1, 0, 0
386249, 363, 1, 0, 0
386349, 370, 1, 0, 0
386449, 380, 1, 0, 0
386549, 380, 1, 0, 0
386649, 380, 1, 0, 0
386750, 360, 1, 0, 0
386850, 350, 1, 0, 0
386950, 370, 1, 0, 0
387050, 360, 1, 0, 0
387150, 380, 1, 0, 0
387249, 373, 1, 0, 0
387349, 370, 1, 0, 0
387449, 360, 1, 0, 0
387549, 370, 1, 0, 0
387649, 350, 1, 0, 0
387750, 360, 1, 0, 0
387850, 390, 1, 0, 0
387950, 380, 1, 0, 0
388050, 380, 1, 0, 0
388150, 380, 1, 0, 0
388249, 383, 1, 0, 0
388349, 370, 1, 0, 0
388449, 360, 1, 0, 0
388549, 370, 1, 0, 0
388649, 370, 1, 0, 0
388750, 380, 1, 0, 0
388850, 370, 1, 0, 0
388950, 380, 1, 0, 0
389050, 380, 1, 0, 0
389150, 380, 1, 0, 0
389249, 373, 1, 0, 0
389349, 370, 1, 0, 0
389449, 400, 1, 0, 0
389549, 370, 1, 0, 0
389649, 380, 1, 0, 0
389750, 390, 1, 0, 0
389850, 380, 1, 0, 0
389950, 390, 1, 0, 0
390050, 380, 1, 0, 0
390150, 380, 1, 0, 0
390249, 393, 1, 0, 0
390349, 380, 1, 0, 0
390449, 360, 1, 0, 0
390549, 370, 1, 0, 0
390650, 380, 1, 0, 0
390750, 380, 1, 0, 0
390850, 370, 1, 0, 0
390950, 370, 1, 0, 0
391050, 380, 1, 0, 0
391150, 380, 1, 0, 0
391249, 383, 1, 0, 0
391349, 370, 1, 0, 0
391449, 370, 1, 0, 0
391550, 370, 1, 0, 0
391650, 350, 1, 0, 0
391750, 370, 1, 0, 0
391850, 370, 1, 0, 0
391950, 370, 1, 0, 0
392050, 390, 1, 0, 0
392150, 360, 1, 0, 0
392249, 383, 1, 0, 0
392349, 370, 1, 0, 0
392449, 390, 1, 0, 0
392550, 390, 1, 0, 0
392650, 380, 1, 0, 0
392750, 370, 1, 0, 0
392850, 390, 1, 0, 0
392950, 370, 1, 0, 0
393050, 390, 1, 0, 0
393150, 380, 1, 0, 0
393249, 353, 1, 0, 0
393349, 390, 1, 0, 0
393450, 380, 1, 0, 0
393550, 370, 1, 0, 0
393650, 380, 1, 0, 0
393749, 383, 1, 0, 0
393849, 370, 1, 0, 0
393949, 390, 1, 0, 0
394049, 380, 1, 0, 0
394149, 390, 1, 0, 0
394250, 370, 1, 0, 0
394350, 390, 1, 0, 0
394450, 390, 1, 0, 0
394550, 380, 1, 0, 0
394650, 380, 1, 0, 0
394749, 363, 1, 0, 0
394849, 380, 1, 0, 0
394949, 350, 1, 0, 0
395049, 380, 1, 0, 0
395149, 380, 1, 0, 0
395250, 360, 1, 0, 0
395350, 390, 1, 0, 0
395450, 370, 1, 0, 0
395550, 360, 1, 0, 0
395650, 350, 1, 0, 0
395749, 373, 1, 0, 0
395849, 370, 1, 0, 0
395949, 380, 1, 0, 0
396050, 380, 1, 0, 0
396150, 370, 1, 0, 0
396250, 390, 1, 0, 0
396350, 380, 1, 0, 0
396450, 380, 1, 0, 0
396550, 380, 1, 0, 0
396650, 370, 1, 0, 0
396749, 373, 1, 0, 0
396849, 390, 1, 0, 0
396949, 390, 1, 0, 0
397050, 390, 1, 0, 0
397150, 370, 1, 0, 0
397250, 370, 1, 0, 0
397350, 380, 1, 0, 0
397450, 380, 1, 0, 0
397550, 380, 1, 0, 0
397650, 360, 1, 0, 0
397749, 373, 1, 0, 0
397849, 390, 1, 0, 0
397950, 370, 1, 0, 0
398050, 380, 1, 0, 0
398150, 390, 1, 0, 0
398249, 383, 1, 0, 0
398349, 380, 1, 0, 0
398449, 380, 1, 0, 0
398549, 390, 1, 0, 0
398649, 360, 1, 0, 0
398750, 370, 1, 0, 0
398850, 350, 1, 0, 0
398950, 400, 1, 0, 0
399050, 360, 1, 0, 0
399150, 380, 1, 0, 0
399249, 393, 1, 0, 0
399349, 390, 1, 0, 0
399449, 360, 1, 0, 0
399549, 380, 1, 0, 0
399649, 400, 1, 0, 0
399750, 380, 1, 0, 0
399850, 380, 1, 0, 0
399950, 370, 1, 0, 0
400050, 370, 1, 0, 0
400150, 370, 1, 0, 0
400249, 373, 1, 0, 0
400349, 360, 1, 0, 0
400449, 390, 1, 0, 0
400549, 400, 1, 0, 0
400649, 380, 1, 0, 0
400750, 380, 1, 0, 0
400850, 370, 1, 0, 0
400950, 380, 1, 0, 0
401050, 380, 1, 0, 0
401150, 350, 1, 0, 0
401249, 373, 1, 0, 0
401349, 370, 1, 0, 0
401449, 360, 1, 0, 0
401550, 380, 1, 0, 0
401650, 370, 1, 0, 0
401750, 370, 1, 0, 0
401850, 370, 1, 0, 0
401950, 360, 1, 0, 0
402050, 380, 1, 0, 0
402150, 350, 1, 0, 0
402249, 393, 1, 0, 0
402349, 360, 1, 0, 0
402449, 370, 1, 0, 0
402550, 360, 1, 0, 0
402650, 380, 1, 0, 0
402750, 380, 1, 0, 0
402850, 360, 1, 0, 0
402950, 390, 1, 0, 0
403050, 370, 1, 0, 0
403150, 390, 1, 0, 0
403249, 373, 1, 0, 0
403349, 370, 1, 0, 0
403449, 360, 1, 0, 0
403550, 380, 1, 0, 0
403650, 390, 1, 0, 0
403750, 370, 1, 0, 0
403850, 380, 1, 0, 0
403950, 390, 1, 0, 0
404050, 370, 1, 0, 0
404150, 350, 1, 0, 0
404249, 363, 1, 0, 0
404349, 370, 1, 0, 0
404450, 370, 1, 0, 0
404550, 380, 1, 0, 0
404650, 370, 1, 0, 0
404749, 363, 1, 0, 0
404849, 380, 1, 0, 0
404949, 380, 1, 0, 0
405049, 360, 1, 0, 0
405149, 380, 1, 0, 0
405250, 380, 1, 0, 0
405350, 390, 1, 0, 0
405450, 390, 1, 0, 0
405550, 370, 1, 0, 0
405650, 370, 1, 0, 0
405749, 363, 1, 0, 0
405849, 380, 1, 0, 0
405949, 390, 1, 0, 0
406049, 370, 1, 0, 0
406149, 370, 1, 0, 0
406250, 370, 1, 0, 0
406350, 380, 1, 0, 0
406450, 390, 1, 0, 0
406550, 370, 1, 0, 0
406650, 370, 1, 0, 0
406749, 363, 1, 0, 0
406849, 390, 1, 0, 0
406949, 370, 1, 0, 0
407049, 390, 1, 0, 0
407150, 360, 1, 0, 0
407250, 380, 1, 0, 0
407350, 380, 1, 0, 0
407450, 380, 1, 0, 0
407550, 390, 1, 0, 0
407650, 380, 1, 0, 0
407749, 393, 1, 0, 0
407849, 390, 1, 0, 0
407949, 380, 1, 0, 0
408050, 340, 1, 0, 0
408150, 380, 1, 0, 0
408250, 380, 1, 0, 0
408350, 380, 1, 0, 0
408450, 360, 1, 0, 0
408550, 370, 1, 0, 0
408650, 380, 1, 0, 0
408749, 373, 1, 0, 0
408849, 380, 1, 0, 0
408950, 370, 1, 0, 0
409050, 370, 1, 0, 0
409150, 380, 1, 0, 0
409249, 373, 1, 0, 0
409349, 370, 1, 0, 0
409449, 360, 1, 0, 0
409549, 370, 1, 0, 0
409649, 370, 1, 0, 0
409749, 390, 1, 0, 0
409850, 380, 1, 0, 0
409950, 380, 1, 0, 0
410050, 360, 1, 0, 0
410150, 380, 1, 0, 0
410249, 373, 1, 0, 0
410349, 360, 1, 0, 0
410449, 370, 1, 0, 0
410549, 380, 1, 0, 0
410649, 370, 1, 0, 0
410750, 380, 1, 0, 0
410850, 370, 1, 0, 0
410950, 380, 1, 0, 0
411050, 380, 1, 0, 0
411150, 370, 1, 0, 0
411249, 363, 1, 0, 0
411349, 370, 1, 0, 0
411449, 380, 1, 0, 0
411549, 380, 1, 0, 0
411650, 370, 1, 0, 0
411750, 390, 1, 0, 0
411850, 360, 1, 0, 0
411950, 380, 1, 0, 0
412050, 370, 1, 0, 0
412150, 370, 1, 0, 0
412249, 373, 1, 0, 0
412349, 390, 1, 0, 0
412449, 380, 1, 0, 0
412550, 390, 1, 0, 0
412650, 370, 1, 0, 0
412750, 380, 1, 0, 0
412850, 370, 1, 0, 0
412950, 370, 1, 0, 0
413050, 370, 1, 0, 0
413150, 370, 1, 0, 0
413249, 393, 1, 0, 0
413349, 380, 1, 0, 0
413449, 390, 1, 0, 0
413550, 380, 1, 0, 0
413650, 360, 1, 0, 0
413750, 370, 1, 0, 0
413850, 360, 1, 0, 0
413950, 370, 1, 0, 0
414050, 370, 1, 0, 0
414150, 390, 1, 0, 0
414250, 393, 1, 0, 0
414350, 380, 1, 0, 0
414450, 380, 1, 0, 0
414550, 370, 1, 0, 0
414650, 400, 1, 0, 0
414749, 363, 1, 0, 0
414849, 380, 1, 0, 0
414949, 370, 1, 0, 0
415049, 390, 1, 0, 0
415149, 360, 1, 0, 0
415250, 380, 1, 0, 0
415350, 390, 1, 0, 0
415450, 380, 1, 0, 0
415550, 360, 1, 0, 0
415650, 370, 1, 0, 0
415749, 363, 1, 0, 0
415849, 380, 1, 0, 0
415949, 370, 1, 0, 0
416050, 370, 1, 0, 0
416150, 380, 1, 0, 0
416250, 390, 1, 0, 0
416350, 390, 1, 0, 0
416450, 360, 1, 0, 0
416550, 370, 1, 0, 0
416650, 350, 1, 0, 0
416749, 373, 1, 0, 0
416849, 370, 1, 0, 0
416949, 360, 1, 0, 0
417050, 380, 1, 0, 0
417150, 390, 1, 0, 0
417250, 380, 1, 0, 0
417350, 380, 1, 0, 0
417450, 370, 1, 0, 0
417550, 380, 1, 0, 0
417650, 370, 1, 0, 0
417749, 383, 1, 0, 0
417850, 380, 1, 0, 0
417950, 370, 1, 0, 0
418050, 370, 1, 0, 0
418150, 380, 1, 0, 0
418249, 363, 1, 0, 0
418349, 380, 1, 0, 0
418449, 350, 1, 0, 0
418549, 370, 1, 0, 0
418649, 380, 1, 0, 0
418750, 370, 1, 0, 0
418850, 370, 1, 0, 0
418950, 360, 1, 0, 0
419050, 370, 1, 0, 0
419150, 380, 1, 0, 0
419249, 373, 1, 0, 0
419349, 380, 1, 0, 0
419449, 380, 1, 0, 0
419549, 370, 1, 0, 0
419649, 390, 1, 0, 0
419750, 390, 1, 0, 0
419850, 370, 1, 0, 0
419950, 390, 1, 0, 0
420050, 380, 1, 0, 0
420150, 360, 1, 0, 0
420249, 373, 1, 0, 0
420349, 360, 1, 0, 0
420449, 370, 1, 0, 0
420549, 360, 1, 0, 0
420650, 370, 1, 0, 0
420750, 380, 1, 0, 0
420850, 370, 1, 0, 0
420950, 360, 1, 0, 0
421050, 370, 1, 0, 0
421150, 390, 1, 0, 0
421249, 373, 1, 0, 0
421349, 370, 1, 0, 0
421449, 370, 1, 0, 0
421550, 390, 1, 0, 0
421650, 390, 1, 0, 0
421750, 380, 1, 0, 0
421850, 390, 1, 0, 0
421950, 370, 1, 0, 0
422050, 390, 1, 0, 0
422150, 370, 1, 0, 0
422249, 393, 1, 0, 0
422349, 380, 1, 0, 0
422449, 390, 1, 0, 0
422550, 380, 1, 0, 0
422650, 380, 1, 0, 0
422750, 390, 1, 0, 0
422850, 380, 1, 0, 0
422950, 370, 1, 0, 0
423050, 370, 1, 0, 0
423150, 390, 1, 0, 0
423249, 373, 1, 0, 0
423349, 360, 1, 0, 0
423450, 340, 1, 0, 0
423550, 360, 1, 0, 0
423650, 370, 1, 0, 0
423749, 383, 1, 0, 0
423849, 370, 1, 0, 0
423949, 370, 1, 0, 0
424049, 370, 1, 0, 0
424149, 370, 1, 0, 0
424250, 360, 1, 0, 0
424350, 360, 1, 0, 0
424450, 370, 1, 0, 0
424550, 370, 1, 0, 0
424650, 360, 1, 0, 0
424749, 363, 1, 0, 0
424849, 370, 1, 0, 0
424949, 380, 1, 0, 0
425049, 390, 1, 0, 0
425149, 370, 1, 0, 0
425250, 370, 1, 0, 0
425350, 360, 1, 0, 0
425450, 380, 1, 0, 0
425550, 380, 1, 0, 0
425650, 380, 1, 0, 0
425749, 383, 1, 0, 0
425849, 370, 1, 0, 0
425949, 380, 1, 0, 0
426049, 380, 1, 0, 0
426150, 400, 1, 0, 0
426250, 400, 1, 0, 0
426350, 380, 1, 0, 0
426450, 380, 1, 0, 0
426550, 380, 1, 0, 0
426650, 370, 1, 0, 0
426749, 373, 1, 0, 0
426849, 390, 1, 0, 0
426949, 390, 1, 0, 0
427050, 390, 1, 0, 0
427150, 390, 1, 0, 0
427250, 370, 1, 0, 0
427350, 370, 1, 0, 0
427450, 380, 1, 0, 0
427550, 370, 1, 0, 0
427650, 370, 1, 0, 0
427749, 373, 1, 0, 0
427849, 380, 1, 0, 0
427949, 380, 1, 0, 0
428050, 370, 1, 0, 0
428150, 360, 1, 0, 0
428250, 370, 1, 0, 0
428350, 390, 1, 0, 0
428450, 370, 1, 0, 0
428550, 360, 1, 0, 0
428650, 360, 1, 0, 0
428749, 383, 1, 0, 0
428849, 380, 1, 0, 0
428950, 370, 1, 0, 0
429050, 380, 1, 0, 0
429150, 370, 1, 0, 0
429249, 383, 1, 0, 0
429349, 380, 1, 0, 0
429449, 370, 1, 0, 0
429549, 360, 1, 0, 0
429649, 380, 1, 0, 0
429750, 370, 1, 0, 0
429850, 390, 1, 0, 0
429950, 390, 1, 0, 0
430050, 370, 1, 0, 0
430150, 360, 1, 0, 0
430249, 373, 1, 0, 0
430349, 370, 1, 0, 0
430449, 360, 1, 0, 0
430549, 370, 1, 0, 0
430649, 360, 1, 0, 0
430750, 360, 1, 0, 0
430850, 350, 1, 0, 0
430950, 370, 1, 0, 0
431050, 360, 1, 0, 0
431150, 360, 1, 0, 0
431249, 353, 1, 0, 0
431349, 360, 1, 0, 0
431449, 360, 1, 0, 0
431549, 370, 1, 0, 0
431650, 370, 1, 0, 0
431750, 370, 1, 0, 0
431850, 360, 1, 0, 0
431950, 370, 1, 0, 0
432050, 350, 1, 0, 0
432150, 370, 1, 0, 0
432249, 373, 1, 0, 0
432349, 350, 1, 0, 0
432449, 370, 1, 0, 0
432550, 360, 1, 0, 0
432650, 370, 1, 0, 0
432750, 370, 1, 0, 0
432850, 370, 1, 0, 0
432950, 370, 1, 0, 0
433050, 380, 1, 0, 0
433150, 370, 1, 0, 0
433249, 393, 1, 0, 0
433349, 380, 1, 0, 0
433449, 360, 1, 0, 0
433550, 380, 1, 0, 0
433650, 370, 1, 0, 0
433750, 390, 1, 0, 0
433850, 360, 1, 0, 0
433950, 370, 1, 0, 0
434050, 370, 1, 0, 0
434150, 370, 1, 0, 0
434249, 373, 1, 0, 0
434349, 380, 1, 0, 0
434450, 380, 1, 0, 0
434550, 370, 1, 0, 0
434650, 380, 1, 0, 0
434749, 383, 1, 0, 0
434849, 380, 1, 0, 0
434949, 380, 1, 0, 0
435049, 380, 1, 0, 0
435149, 380, 1, 0, 0
435250, 390, 1, 0, 0
435350, 360, 1, 0, 0
435450, 380, 1, 0, 0
435550, 360, 1, 0, 0
435650, 380, 1, 0, 0
435749, 373, 1, 0, 0
435849, 360, 1, 0, 0
435949, 380, 1, 0, 0
436049, 370, 1, 0, 0
436150, 370, 1, 0, 0
436250, 370, 1, 0, 0
436350, 370, 1, 0, 0
436450, 360, 1, 0, 0
436550, 370, 1, 0, 0
436650, 370, 1, 0, 0
436749, 363, 1, 0, 0
436849, 370, 1, 0, 0
436949, 370, 1, 0, 0
437050, 370, 1, 0, 0
437150, 360, 1, 0, 0
437250, 360, 1, 0, 0
437350, 380, 1, 0, 0
437450, 380, 1, 0, 0
437550, 360, 1, 0, 0
437650, 350, 1, 0, 0
437749, 333, 1, 0, 0
437849, 360, 1, 0, 0
437949, 360, 1, 0, 0
438050, 370, 1, 0, 0
438150, 370, 1, 0, 0
438250, 360, 1, 0, 0
438350, 380, 1, 0, 0
438450, 370, 1, 0, 0
438550, 360, 1, 0, 0
438650, 370, 1, 0, 0
438749, 373, 1, 0, 0
438849, 380, 1, 0, 0
438949, 350, 1, 0, 0
439050, 370, 1, 0, 0
439150, 360, 1, 0, 0
439250, 380, 1, 0, 0
439350, 370, 1, 0, 0
439450, 390, 1, 0, 0
439550, 350, 1, 0, 0
439650, 360, 1, 0, 0
439749, 353, 1, 0, 0
439849, 370, 1, 0, 0
439950, 380, 1, 0, 0
440050, 360, 1, 0, 0
440150, 370, 1, 0, 0
440249, 373, 1, 0, 0
440349, 370, 1, 0, 0
440449, 380, 1, 0, 0
440549, 390, 1, 0, 0
440649, 370, 1, 0, 0
440749, 360, 1, 0, 0
440850, 380, 1, 0, 0
440950, 380, 1, 0, 0
441050, 380, 1, 0, 0
441150, 380, 1, 0, 0
441249, 373, 1, 0, 0
441349, 380, 1, 0, 0
441449, 370, 1, 0, 0
441549, 370, 1, 0, 0
441649, 360, 1, 0, 0
441750, 360, 1, 0, 0
441850, 380, 1, 0, 0
441950, 370, 1, 0, 0
442050, 400, 1, 0, 0
442150, 380, 1, 0, 0
442249, 373, 1, 0, 0
442349, 380, 1, 0, 0
442449, 370, 1, 0, 0
442549, 380, 1, 0, 0
442649, 370, 1, 0, 0
442750, 390, 1, 0, 0
442850, 370, 1, 0, 0
442950, 370, 1, 0, 0
443050, 370, 1, 0, 0
443150, 370, 1, 0, 0
443249, 353, 1, 0, 0
443349, 360, 1, 0, 0
443449, 370, 1, 0, 0
443549, 380, 1, 0, 0
443649, 380, 1, 0, 0
443750, 370, 1, 0, 0
443850, 380, 1, 0, 0
443950, 360, 1, 0, 0
444050, 360, 1, 0, 0
444150, 360, 1, 0, 0
444249, 353, 1, 0, 0
444349, 380, 1, 0, 0
444449, 380, 1, 0, 0
444550, 370, 1, 0, 0
444650, 370, 1, 0, 0
444750, 360, 1, 0, 0
444850, 360, 1, 0, 0
444950, 360, 1, 0, 0
445050, 350, 1, 0, 0
445150, 360, 1, 0, 0
445249, 363, 1, 0, 0
445349, 360, 1, 0, 0
445449, 370, 1, 0, 0
445550, 370, 1, 0, 0
445650, 330, 1, 0, 0
445750, 370, 1, 0, 0
445850, 370, 1, 0, 0
445950, 370, 1, 0, 0
446050, 360, 1, 0, 0
446150, 380, 1, 0, 0
446249, 383, 1, 0, 0
446349, 360, 1, 0, 0
446450, 370, 1, 0, 0
446550, 360, 1, 0, 0
446650, 380, 1, 0, 0
446749, 373, 1, 0, 0
446849, 380, 1, 0, 0
446949, 360, 1, 0, 0
447049, 370, 1, 0, 0
447149, 390, 1, 0, 0
447250, 370, 1, 0, 0
447350, 380, 1, 0, 0
447450, 380, 1, 0, 0
447550, 380, 1, 0, 0
447650, 380, 1, 0, 0
447749, 383, 1, 0, 0
447849, 360, 1, 0, 0
447949, 380, 1, 0, 0
448049, 400, 1, 0, 0
448149, 370, 1, 0, 0
448250, 360, 1, 0, 0
448350, 380, 1, 0, 0
448450, 370, 1, 0, 0
448550, 380, 1, 0, 0
448650, 370, 1, 0, 0
448749, 393, 1, 0, 0
448849, 380, 1, 0, 0
448949, 360, 1, 0, 0
449049, 390, 1, 0, 0
449150, 370, 1, 0, 0
449250, 380, 1, 0, 0
449350, 360, 1, 0, 0
449450, 360, 1, 0, 0
449550, 380, 1, 0, 0
449650, 370, 1, 0, 0
449749, 373, 1, 0, 0
449849, 380, 1, 0, 0
449949, 370, 1, 0, 0
450050, 350, 1, 0, 0
450150, 360, 1, 0, 0
450250, 370, 1, 0, 0
450350, 370, 1, 0, 0
450450, 360, 1, 0, 0
450550, 370, 1, 0, 0
450650, 360, 1, 0, 0
450749, 373, 1, 0, 0
450849, 370, 1, 0, 0
450950, 380, 1, 0, 0
451050, 370, 1, 0, 0
451150, 370, 1, 0, 0
451249, 373, 1, 0, 0
451349, 380, 1, 0, 0
451449, 380, 1, 0, 0
451549, 380, 1, 0, 0
451649, 350, 1, 0, 0
451750, 370, 1, 0, 0
451850, 380, 1, 0, 0
451950, 360, 1, 0, 0
452050, 360, 1, 0, 0
452150, 370, 1, 0, 0
452249, 373, 1, 0, 0
452349, 360, 1, 0, 0
452449, 360, 1, 0, 0
452549, 370, 1, 0, 0
452649, 370, 1, 0, 0
452750, 350, 1, 0, 0
452850, 370, 1, 0, 0
452950, 370, 1, 0, 0
453050, 380, 1, 0, 0
453150, 380, 1, 0, 0
453249, 373, 1, 0, 0
453349, 380, 1, 0, 0
453449, 360, 1, 0, 0
453549, 360, 1, 0, 0
453649, 360, 1, 0, 0
453750, 390, 1, 0, 0
453850, 380, 1, 0, 0
453950, 380, 1, 0, 0
454050, 380, 1, 0, 0
454150, 370, 1, 0, 0
454249, 373, 1, 0, 0
454349, 370, 1, 0, 0
454449, 370, 1, 0, 0
454549, 370, 1, 0, 0
454650, 370, 1, 0, 0
454750, 360, 1, 0, 0
454850, 370, 1, 0, 0
454950, 380, 1, 0, 0
455050, 370, 1, 0, 0
455150, 380, 1, 0, 0
455249, 363, 1, 0, 0
455349, 360, 1, 0, 0
455449, 350, 1, 0, 0
455549, 350, 1, 0, 0
455650, 370, 1, 0, 0
455750, 380, 1, 0, 0
455850, 380, 1, 0, 0
455950, 370, 1, 0, 0
456050, 360, 1, 0, 0
456150, 370, 1, 0, 0
456249, 373, 1, 0, 0
456349, 370, 1, 0, 0
456449, 360, 1, 0, 0
456550, 370, 1, 0, 0
456650, 370, 1, 0, 0
456750, 360, 1, 0, 0
456850, 370, 1, 0, 0
456950, 380, 1, 0, 0
457050, 400, 1, 0, 0
457150, 350, 1, 0, 0
457249, 373, 1, 0, 0
457349, 360, 1, 0, 0
457449, 370, 1, 0, 0
457550, 370, 1, 0, 0
457650, 380, 1, 0, 0
457750, 380, 1, 0, 0
457850, 380, 1, 0, 0
457950, 360, 1, 0, 0
458050, 370, 1, 0, 0
458150, 370, 1, 0, 0
458249, 363, 1, 0, 0
458349, 350, 1, 0, 0
458450, 360, 1, 0, 0
458550, 380, 1, 0, 0
458650, 370, 1, 0, 0
458749, 373, 1, 0, 0
458849, 370, 1, 0, 0
458949, 380, 1, 0, 0
459049, 360, 1, 0, 0
459149, 360, 1, 0, 0
459250, 360, 1, 0, 0
459350, 350, 1, 0, 0
459450, 350, 1, 0, 0
459550, 380, 1, 0, 0
459650, 380, 1, 0, 0
459749, 363, 1, 0, 0
459849, 370, 1, 0, 0
459949, 390, 1, 0, 0
460049, 340, 1, 0, 0
460149, 370, 1, 0, 0
460250, 370, 1, 0, 0
460350, 370, 1, 0, 0
460450, 360, 1, 0, 0
460550, 380, 1, 0, 0
460650, 390, 1, 0, 0
460749, 353, 1, 0, 0
460849, 360, 1, 0, 0
460949, 350, 1, 0, 0
461049, 370, 1, 0, 0
461150, 370, 1, 0, 0
461250, 370, 1, 0, 0
461350, 370, 1, 0, 0
461450, 370, 1, 0, 0
461550, 380, 1, 0, 0
461650, 380, 1, 0, 0
461749, 363, 1, 0, 0
461849, 380, 1, 0, 0
461949, 370, 1, 0, 0
462050, 390, 1, 0, 0
462150, 370, 1, 0, 0
462250, 400, 1, 0, 0
462350, 380, 1, 0, 0
462450, 370, 1, 0, 0
462550, 380, 1, 0, 0
462650, 360, 1, 0, 0
462749, 373, 1, 0, 0
462849, 380, 1, 0, 0
462950, 370, 1, 0, 0
463050, 350, 1, 0, 0
463150, 390, 1, 0, 0
463249, 363, 1, 0, 0
463349, 390, 1, 0, 0
463449, 370, 1, 0, 0
463549, 370, 1, 0, 0
463649, 390, 1, 0, 0
463749, 380, 1, 0, 0
463850, 370, 1, 0, 0
463950, 370, 1, 0, 0
464050, 360, 1, 0, 0
464150, 370, 1, 0, 0
464249, 363, 1, 0, 0
464349, 380, 1, 0, 0
464449, 380, 1, 0, 0
464549, 370, 1, 0, 0
464649, 380, 1, 0, 0
464750, 370, 1, 0, 0
464850, 350, 1, 0, 0
464950, 370, 1, 0, 0
465050, 360, 1, 0, 0
465150, 380, 1, 0, 0
465249, 373, 1, 0, 0
465349, 370, 1, 0, 0
465449, 370, 1, 0, 0
465549, 390, 1, 0, 0
465649, 350, 1, 0, 0
465750, 370, 1, 0, 0
465850, 390, 1, 0, 0
465950, 370, 1, 0, 0
466050, 360, 1, 0, 0
466150, 370, 1, 0, 0
466249, 353, 1, 0, 0
466349, 390, 1, 0, 0
466449, 370, 1, 0, 0
466549, 370, 1, 0, 0
466649, 370, 1, 0, 0
466750, 380, 1, 0, 0
466850, 390, 1, 0, 0
466950, 370, 1, 0, 0
467050, 370, 1, 0, 0
467150, 360, 1, 0, 0
467249, 363, 1, 0, 0
467349, 360, 1, 0, 0
467449, 390, 1, 0, 0
467549, 370, 1, 0, 0
467649, 370, 1, 0, 0
467750, 370, 1, 0, 0
467850, 380, 1, 0, 0
467950, 360, 1, 0, 0
468050, 380, 1, 0, 0
468150, 380, 1, 0, 0
468249, 363, 1, 0, 0
468349, 380, 1, 0, 0
468449, 370, 1, 0, 0
468549, 370, 1, 0, 0
468649, 380, 1, 0, 0
468750, 360, 1, 0, 0
468850, 360, 1, 0, 0
468950, 370, 1, 0, 0
469050, 380, 1, 0, 0
469150, 380, 1, 0, 0
469249, 363, 1, 0, 0
469349, 390, 1, 0, 0
469449, 380, 1, 0, 0
469549, 370, 1, 0, 0
469650, 370, 1, 0, 0
469750, 380, 1, 0, 0
469850, 360, 1, 0, 0
469950, 380, 1, 0, 0
470050, 370, 1, 0, 0
470150, 360, 1, 0, 0
470249, 373, 1, 0, 0
470349, 370, 1, 0, 0
470449, 380, 1, 0, 0
470550, 370, 1, 0, 0
470650, 360, 1, 0, 0
470750, 370, 1, 0, 0
470850, 360, 1, 0, 0
470950, 380, 1, 0, 0
471050, 370, 1, 0, 0
471150, 370, 1, 0, 0
471249, 373, 1, 0, 0
471349, 370, 1, 0, 0
471449, 370, 1, 0, 0
471550, 360, 1, 0, 0
471650, 380, 1, 0, 0
471750, 390, 1, 0, 0
471850, 380, 1, 0, 0
471950, 400, 1, 0, 0
472050, 390, 1, 0, 0
472150, 360, 1, 0, 0
472249, 373, 1, 0, 0
472349, 380, 1, 0, 0
472450, 360, 1, 0, 0
472550, 390, 1, 0, 0
472650, 370, 1, 0, 0
472749, 363, 1, 0, 0
472849, 370, 1, 0, 0
472949, 360, 1, 0, 0
473049, 370, 1, 0, 0
473149, 360, 1, 0, 0
473249, 390, 1, 0, 0
473350, 390, 1, 0, 0
473450, 350, 1, 0, 0
473550, 380, 1, 0, 0
473650, 380, 1, 0, 0
473749, 373, 1, 0, 0
473849, 370, 1, 0, 0
473949, 360, 1, 0, 0
474049, 370, 1, 0, 0
474149, 380, 1, 0, 0
474250, 370, 1, 0, 0
474350, 370, 1, 0, 0
474450, 360, 1, 0, 0
474550, 370, 1, 0, 0
474650, 380, 1, 0, 0
474749, 373, 1, 0, 0
474849, 350, 1, 0, 0
474949, 360, 1, 0, 0
475049, 370, 1, 0, 0
475149, 370, 1, 0, 0
475250, 360, 1, 0, 0
475350, 370, 1, 0, 0
475450, 350, 1, 0, 0
475550, 370, 1, 0, 0
475650, 360, 1, 0, 0
475749, 373, 1, 0, 0
475849, 350, 1, 0, 0
475949, 390, 1, 0, 0
476049, 350, 1, 0, 0
476150, 360, 1, 0, 0
476250, 360, 1, 0, 0
476350, 380, 1, 0, 0
476450, 370, 1, 0, 0
476550, 360, 1, 0, 0
476650, 380, 1, 0, 0
476749, 373, 1, 0, 0
476849, 370, 1, 0, 0
476949, 370, 1, 0, 0
477049, 360, 1, 0, 0
477150, 360, 1, 0, 0
477250, 390, 1, 0, 0
477350, 370, 1, 0, 0
477450, 370, 1, 0, 0
477550, 390, 1, 0, 0
477650, 350, 1, 0, 0
477749, 373, 1, 0, 0
477849, 380, 1, 0, 0
477949, 390, 1, 0, 0
478050, 380, 1, 0, 0
478150, 390, 1, 0, 0
478250, 390, 1, 0, 0
478350, 380, 1, 0, 0
478450, 370, 1, 0, 0
478550, 370, 1, 0, 0
478650, 370, 1, 0, 0
478749, 373, 1, 0, 0
478850, 360, 1, 0, 0
478950, 370, 1, 0, 0
479050, 370, 1, 0, 0
479150, 380, 1, 0, 0
479249, 373, 1, 0, 0
479349, 370, 1, 0, 0
479449, 380, 1, 0, 0
479549, 370, 1, 0, 0
479649, 370, 1, 0, 0
479750, 380, 1, 0, 0
479850, 350, 1, 0, 0
479950, 360, 1, 0, 0
480050, 370, 1, 0, 0
480150, 370, 1, 0, 0
480249, 353, 1, 0, 0
480349, 350, 1, 0, 0
480449, 360, 1, 0, 0
480549, 340, 1, 0, 0
480649, 360, 1, 0, 0
480750, 380, 1, 0, 0
480850, 370, 1, 0, 0
480950, 370, 1, 0, 0
481050, 380, 1, 0, 0
481150, 370, 1, 0, 0
481249, 353, 1, 0, 0
481349, 370, 1, 0, 0
481449, 370, 1, 0, 0
481549, 360, 1, 0, 0
481649, 370, 1, 0, 0
481750, 340, 1, 0, 0
481850, 380, 1, 0, 0
481950, 370, 1, 0, 0
482050, 370, 1, 0, 0
482150, 370, 1, 0, 0
482249, 373, 1, 0, 0
482349, 370, 1, 0, 0
482449, 360, 1, 0, 0
482550, 390, 1, 0, 0
482650, 370, 1, 0, 0
482750, 370, 1, 0, 0
482850, 360, 1, 0, 0
482950, 380, 1, 0, 0
483050, 380, 1, 0, 0
483150, 360, 1, 0, 0
483249, 373, 1, 0, 0
483349, 360, 1, 0, 0
483449, 370, 1, 0, 0
483550, 370, 1, 0, 0
483650, 360, 1, 0, 0
483750, 350, 1, 0, 0
483850, 360, 1, 0, 0
483950, 380, 1, 0, 0
484050, 380, 1, 0, 0
484150, 360, 1, 0, 0
484249, 383, 1, 0, 0
484349, 360, 1, 0, 0
484450, 370, 1, 0, 0
484550, 370, 1, 0, 0
484650, 380, 1, 0, 0
484750, 370, 1, 0, 0
484850, 380, 1, 0, 0
484950, 380, 1, 0, 0
485050, 380, 1, 0, 0
485150, 380, 1, 0, 0
485249, 353, 1, 0, 0
485350, 360, 1, 0, 0
485450, 370, 1, 0, 0
485550, 380, 1, 0, 0
485650, 380, 1, 0, 0
485749, 353, 1, 0, 0
485849, 360, 1, 0, 0
485949, 360, 1, 0, 0
486049, 370, 1, 0, 0
486149, 380, 1, 0, 0
486250, 370, 1, 0, 0
486350, 380, 1, 0, 0
486450, 350, 1, 0, 0
486550, 370, 1, 0, 0
486650, 380, 1, 0, 0
486749, 363, 1, 0, 0
486849, 370, 1, 0, 0
486949, 380, 1, 0, 0
487050, 360, 1, 0, 0
487150, 390, 1, 0, 0
487250, 370, 1, 0, 0
487350, 380, 1, 0, 0
487450, 380, 1, 0, 0
487550, 380, 1, 0, 0
487650, 370, 1, 0, 0
487749, 363, 1, 0, 0
487849, 360, 1, 0, 0
487949, 380, 1, 0, 0
488050, 360, 1, 0, 0
488150, 370, 1, 0, 0
488250, 380, 1, 0, 0
488350, 340, 1, 0, 0
488450, 380, 1, 0, 0
488550, 360, 1, 0, 0
488650, 380, 1, 0, 0
488749, 383, 1, 0, 0
488849, 360, 1, 0, 0
488949, 390, 1, 0, 0
489050, 350, 1, 0, 0
489150, 380, 1, 0, 0
489250, 370, 1, 0, 0
489350, 360, 1, 0, 0
489450, 370, 1, 0, 0
489550, 350, 1, 0, 0
489650, 370, 1, 0, 0
489749, 353, 1, 0, 0
489850, 350, 1, 0, 0
489950, 360, 1, 0, 0
490050, 360, 1, 0, 0
490150, 360, 1, 0, 0
490249, 353, 1, 0, 0
490349, 360, 1, 0, 0
490449, 390, 1, 0, 0
490549, 390, 1, 0, 0
490649, 370, 1, 0, 0
490750, 350, 1, 0, 0
490850, 380, 1, 0, 0
490950, 360, 1, 0, 0
491050, 370, 1, 0, 0
491150, 390, 1, 0, 0
491249, 373, 1, 0, 0
491349, 350, 1, 0, 0
491449, 390, 1, 0, 0
491549, 370, 1, 0, 0
491649, 370, 1, 0, 0
491750, 350, 1, 0, 0
491850, 380, 1, 0, 0
491950, 370, 1, 0, 0
492050, 370, 1, 0, 0
492150, 360, 1, 0, 0
492249, 373, 1, 0, 0
492349, 370, 1, 0, 0
492449, 380, 1, 0, 0
492549, 370, 1, 0, 0
492649, 380, 1, 0, 0
492750, 390, 1, 0, 0
492850, 380, 1, 0, 0
492950, 380, 1, 0, 0
493050, 370, 1, 0, 0
493150, 360, 1, 0, 0
493249, 363, 1, 0, 0
493349, 370, 1, 0, 0
493449, 360, 1, 0, 0
493549, 380, 1, 0, 0
493649, 380, 1, 0, 0
493750, 370, 1, 0, 0
493850, 380, 1, 0, 0
493950, 380, 1, 0, 0
494050, 370, 1, 0, 0
494150, 370, 1, 0, 0
494249, 373, 1, 0, 0
494349, 380, 1, 0, 0
494449, 380, 1, 0, 0
494549, 370, 1, 0, 0
494649, 380, 1, 0, 0
494750, 380, 1, 0, 0
494850, 380, 1, 0, 0
494950, 380, 1, 0, 0
495050, 370, 1, 0, 0
495150, 370, 1, 0, 0
495249, 373, 1, 0, 0
495349, 390, 1, 0, 0
495449, 370, 1, 0, 0
495549, 360, 1, 0, 0
495650, 360, 1, 0, 0
495750, 370, 1, 0, 0
495850, 360, 1, 0, 0
495950, 370, 1, 0, 0
496050, 360, 1, 0, 0
496150, 380, 1, 0, 0
496249, 373, 1, 0, 0
496349, 360, 1, 0, 0
496449, 380, 1, 0, 0
496550, 370, 1, 0, 0
496650, 350, 1, 0, 0
496750, 380, 1, 0, 0
496850, 370, 1, 0, 0
496950, 360, 1, 0, 0
497050, 370, 1, 0, 0
497150, 350, 1, 0, 0
497249, 373, 1, 0, 0
497349, 360, 1, 0, 0
497450, 370, 1, 0, 0
497550, 370, 1, 0, 0
497650, 350, 1, 0, 0
497750, 380, 1, 0, 0
497850, 360, 1, 0, 0
497950, 350, 1, 0, 0
498050, 360, 1, 0, 0
498150, 380, 1, 0, 0
498249, 373, 1, 0, 0
498350, 360, 1, 0, 0
498450, 390, 1, 0, 0
498550, 350, 1, 0, 0
498650, 370, 1, 0, 0
498749, 373, 1, 0, 0
498849, 380, 1, 0, 0
498949, 380, 1, 0, 0
499049, 380, 1, 0, 0
499149, 390, 1, 0, 0
499250, 370, 1, 0, 0
499350, 360, 1, 0, 0
499450, 380, 1, 0, 0
499550, 370, 1, 0, 0
499650, 370, 1, 0, 0
499749, 373, 1, 0, 0
499849, 380, 1, 0, 0
499949, 370, 1, 0, 0
500049, 370, 1, 0, 0
500150, 360, 1, 0, 0
500250, 380, 1, 0, 0
500350, 370, 1, 0, 0
500450, 380, 1, 0, 0
500550, 370, 1, 0, 0
500650, 370, 1, 0, 0
500749, 383, 1, 0, 0
500849, 370, 1, 0, 0
500949, 360, 1, 0, 0
501050, 370, 1, 0, 0
501150, 370, 1, 0, 0
501250, 360, 1, 0, 0
501350, 370, 1, 0, 0
501450, 350, 1, 0, 0
501550, 370, 1, 0, 0
501650, 370, 1, 0, 0
501749, 393, 1, 0, 0
501849, 360, 1, 0, 0
501950, 360, 1, 0, 0
502050, 370, 1, 0, 0
502150, 370, 1, 0, 0
502250, 370, 1, 0, 0
502350, 370, 1, 0, 0
502450, 380, 1, 0, 0
502550, 370, 1, 0, 0
502650, 380, 1, 0, 0
502750, 363, 1, 0, 0
502850, 370, 1, 0, 0
502950, 380, 1, 0, 0
503050, 350, 1, 0, 0
503150, 380, 1, 0, 0
503249, 353, 1, 0, 0
503349, 370, 1, 0, 0
503449, 370, 1, 0, 0
503549, 380, 1, 0, 0
503649, 350, 1, 0, 0
503750, 370, 1, 0, 0
503850, 380, 1, 0, 0
503950, 360, 1, 0, 0
504050, 370, 1, 0, 0
504150, 360, 1, 0, 0
504249, 373, 1, 0, 0
504349, 350, 1, 0, 0
504449, 350, 1, 0, 0
504549, 370, 1, 0, 0
504649, 350, 1, 0, 0
504750, 370, 1, 0, 0
504850, 350, 1, 0, 0
504950, 360, 1, 0, 0
505050, 370, 1, 0, 0
505150, 370, 1, 0, 0
505249, 383, 1, 0, 0
505349, 380, 1, 0, 0
505449, 380, 1, 0, 0
505550, 360, 1, 0, 0
505650, 350, 1, 0, 0
505750, 360, 1, 0, 0
505850, 380, 1, 0, 0
505950, 380, 1, 0, 0
506050, 370, 1, 0, 0
506150, 390, 1, 0, 0
506249, 363, 1, 0, 0
506349, 370, 1, 0, 0
506449, 360, 1, 0, 0
506550, 390, 1, 0, 0
506650, 360, 1, 0, 0
506750, 360, 1, 0, 0
506850, 370, 1, 0, 0
506950, 370, 1, 0, 0
507050, 360, 1, 0, 0
507150, 370, 1, 0, 0
507249, 353, 1, 0, 0
507349, 370, 1, 0, 0
507449, 360, 1, 0, 0
507550, 380, 1, 0, 0
507650, 370, 1, 0, 0
507750, 370, 1, 0, 0
507850, 370, 1, 0, 0
507950, 360, 1, 0, 0
508050, 360, 1, 0, 0
508150, 380, 1, 0, 0
508249, 373, 1, 0, 0
508349, 360, 1, 0, 0
508449, 370, 1, 0, 0
508550, 390, 1, 0, 0
508650, 380, 1, 0, 0
508750, 390, 1, 0, 0
508850, 380, 1, 0, 0
508950, 370, 1, 0, 0
509050, 380, 1, 0, 0
509150, 370, 1, 0, 0
509249, 383, 1, 0, 0
509350, 360, 1, 0, 0
509450, 360, 1, 0, 0
509550, 380, 1, 0, 0
509650, 350, 1, 0, 0
509749, 383, 1, 0, 0
509849, 390, 1, 0, 0
509949, 390, 1, 0, 0
510049, 380, 1, 0, 0
510149, 370, 1, 0, 0
510250, 360, 1, 0, 0
510350, 380, 1, 0, 0
510450, 380, 1, 0, 0
510550, 370, 1, 0, 0
510650, 360, 1, 0, 0
510749, 363, 1, 0, 0
510849, 380, 1, 0, 0
510949, 390, 1, 0, 0
511049, 360, 1, 0, 0
511149, 380, 1, 0, 0
511250, 380, 1, 0, 0
511350, 380, 1, 0, 0
511450, 360, 1, 0, 0
511550, 380, 1, 0, 0
511650, 350, 1, 0, 0
511749, 363, 1, 0, 0
511849, 360, 1, 0, 0
511949, 380, 1, 0, 0
512049, 340, 1, 0, 0
512150, 360, 1, 0, 0
512250, 370, 1, 0, 0
512350, 380, 1, 0, 0
512450, 370, 1, 0, 0
512550, 380, 1, 0, 0
512650, 390, 1, 0, 0
512749, 363, 1, 0, 0
512849, 360, 1, 0, 0
512949, 370, 1, 0, 0
513050, 390, 1, 0, 0
513150, 350, 1, 0, 0
513250, 370, 1, 0, 0
513350, 360, 1, 0, 0
513450, 380, 1, 0, 0
513550, 370, 1, 0, 0
513650, 390, 1, 0, 0
513749, 383, 1, 0, 0
513849, 370, 1, 0, 0
513950, 380, 1, 0, 0
514050, 390, 1, 0, 0
514150, 380, 1, 0, 0
514250, 380, 1, 0, 0
514350, 370, 1, 0, 0
514450, 380, 1, 0, 0
514550, 390, 1, 0, 0
514650, 370, 1, 0, 0
514749, 383, 1, 0, 0
514850, 370, 1, 0, 0
514950, 360, 1, 0, 0
515050, 380, 1, 0, 0
515150, 360, 1, 0, 0
515249, 363, 1, 0, 0
515349, 390, 1, 0, 0
515449, 370, 1, 0, 0
515549, 380, 1, 0, 0
515649, 370, 1, 0, 0
515750, 390, 1, 0, 0
515850, 390, 1, 0, 0
515950, 370, 1, 0, 0
516050, 370, 1, 0, 0
516150, 350, 1, 0, 0
516249, 373, 1, 0, 0
516349, 380, 1, 0, 0
516449, 360, 1, 0, 0
516549, 360, 1, 0, 0
516649, 380, 1, 0, 0
516750, 370, 1, 0, 0
516850, 370, 1, 0, 0
516950, 380, 1, 0, 0
517050, 370, 1, 0, 0
517150, 380, 1, 0, 0
517249, 363, 1, 0, 0
517349, 360, 1, 0, 0
517449, 370, 1, 0, 0
517549, 370, 1, 0, 0
517649, 380, 1, 0, 0
517750, 370, 1, 0, 0
517850, 370, 1, 0, 0
517950, 370, 1, 0, 0
518050, 360, 1, 0, 0
518150, 380, 1, 0, 0
518249, 373, 1, 0, 0
518349, 380, 1, 0, 0
518449, 360, 1, 0, 0
518549, 370, 1, 0, 0
518649, 350, 1, 0, 0
518750, 370, 1, 0, 0
518850, 360, 1, 0, 0
518950, 370, 1, 0, 0
519050, 390, 1, 0, 0
519150, 360, 1, 0, 0
519249, 363, 1, 0, 0
519349, 360, 1, 0, 0
519449, 350, 1, 0, 0
519549, 380, 1, 0, 0
519650, 370, 1, 0, 0
519750, 360, 1, 0, 0
519850, 380, 1, 0, 0
519950, 380, 1, 0, 0
520050, 390, 1, 0, 0
520150, 350, 1, 0, 0
520249, 373, 1, 0, 0
520349, 380, 1, 0, 0
520449, 360, 1, 0, 0
520550, 390, 1, 0, 0
520650, 390, 1, 0, 0
520750, 370, 1, 0, 0
520850, 380, 1, 0, 0
520950, 380, 1, 0, 0
521050, 350, 1, 0, 0
521150, 380, 1, 0, 0
521249, 373, 1, 0, 0
521349, 370, 1, 0, 0
521449, 390, 1, 0, 0
521550, 390, 1, 0, 0
521650, 380, 1, 0, 0
521750, 380, 1, 0, 0
521850, 370, 1, 0, 0
521950, 370, 1, 0, 0
522050, 360, 1, 0, 0
522150, 380, 1, 0, 0
522249, 383, 1, 0, 0
522349, 370, 1, 0, 0
522450, 360, 1, 0, 0
522550, 380, 1, 0, 0
522650, 380, 1, 0, 0
522750, 380, 1, 0, 0
522850, 360, 1, 0, 0
522950, 380, 1, 0, 0
523050, 370, 1, 0, 0
523150, 370, 1, 0, 0
523250, 383, 1, 0, 0
523350, 370, 1, 0, 0
523450, 370, 1, 0, 0
523550, 370, 1, 0, 0
523650, 360, 1, 0, 0
523749, 383, 1, 0, 0
523849, 380, 1, 0, 0
523949, 390, 1, 0, 0
524049, 360, 1, 0, 0
524149, 380, 1, 0, 0
524250, 370, 1, 0, 0
524350, 360, 1, 0, 0
524450, 380, 1, 0, 0
524550, 370, 1, 0, 0
524650, 370, 1, 0, 0
524749, 383, 1, 0, 0
524849, 370, 1, 0, 0
524949, 380, 1, 0, 0
525049, 360, 1, 0, 0
525149, 370, 1, 0, 0
525250, 380, 1, 0, 0
525350, 370, 1, 0, 0
525450, 350, 1, 0, 0
525550, 360, 1, 0, 0
525650, 360, 1, 0, 0
525749, 363, 1, 0, 0
525849, 370, 1, 0, 0
525949, 360, 1, 0, 0
526049, 370, 1, 0, 0
526150, 370, 1, 0, 0
526250, 360, 1, 0, 0
526350, 360, 1, 0, 0
526450, 350, 1, 0, 0
526550, 370, 1, 0, 0
526650, 370, 1, 0, 0
526749, 383, 1, 0, 0
526849, 380, 1, 0, 0
526949, 370, 1, 0, 0
527050, 370, 1, 0, 0
527150, 380, 1, 0, 0
527250, 370, 1, 0, 0
527350, 360, 1, 0, 0
527450, 370, 1, 0, 0
527550, 360, 1, 0, 0
527650, 360, 1, 0, 0
527749, 373, 1, 0, 0
527849, 360, 1, 0, 0
527949, 370, 1, 0, 0
528050, 360, 1, 0, 0
528150, 370, 1, 0, 0
528250, 370, 1, 0, 0
528350, 370, 1, 0, 0
528450, 350, 1, 0, 0
528550, 370, 1, 0, 0
528650, 370, 1, 0, 0
528749, 373, 1, 0, 0
528850, 390, 1, 0, 0
528950, 370, 1, 0, 0
529050, 360, 1, 0, 0
529150, 370, 1, 0, 0
529249, 363, 1, 0, 0
529349, 370, 1, 0, 0
529449, 370, 1, 0, 0
529549, 370, 1, 0, 0
529649, 380, 1, 0, 0
529750, 370, 1, 0, 0
529850, 370, 1, 0, 0
529950, 370, 1, 0, 0
530050, 380, 1, 0, 0
530150, 370, 1, 0, 0
530249, 353, 1, 0, 0
530349, 360, 1, 0, 0
530449, 370, 1, 0, 0
530549, 380, 1, 0, 0
530649, 390, 1, 0, 0
530750, 360, 1, 0, 0
530850, 370, 1, 0, 0
530950, 380, 1, 0, 0
531050, 380, 1, 0, 0
531150, 370, 1, 0, 0
531249, 373, 1, 0, 0
531349, 370, 1, 0, 0
531449, 370, 1, 0, 0
531550, 360, 1, 0, 0
531650, 360, 1, 0, 0
531750, 370, 1, 0, 0
531850, 360, 1, 0, 0
531950, 390, 1, 0, 0
532050, 370, 1, 0, 0
532150, 380, 1, 0, 0
532249, 373, 1, 0, 0
532349, 370, 1, 0, 0
532450, 370, 1, 0, 0
532550, 360, 1, 0, 0
532650, 350, 1, 0, 0
532750, 360, 1, 0, 0
532850, 360, 1, 0, 0
532950, 370, 1, 0, 0
533050, 370, 1, 0, 0
533150, 360, 1, 0, 0
533250, 353, 1, 0, 0
533350, 350, 1, 0, 0
533450, 360, 1, 0, 0
533550, 370, 1, 0, 0
533650, 370, 1, 0, 0
533749, 353, 1, 0, 0
533849, 380, 1, 0, 0
533949, 360, 1, 0, 0
534049, 380, 1, 0, 0
534149, 330, 1, 0, 0
534250, 360, 1, 0, 0
534350, 360, 1, 0, 0
534450, 370, 1, 0, 0
534550, 370, 1, 0, 0
534650, 350, 1, 0, 0
534749, 373, 1, 0, 0
534849, 370, 1, 0, 0
534949, 350, 1, 0, 0
535049, 340, 1, 0, 0
535150, 370, 1, 0, 0
535250, 360, 1, 0, 0
535350, 370, 1, 0, 0
535450, 370, 1, 0, 0
535550, 350, 1, 0, 0
535650, 380, 1, 0, 0
535749, 353, 1, 0, 0
535849, 370, 1, 0, 0
535949, 380, 1, 0, 0
536050, 380, 1, 0, 0
536150, 380, 1, 0, 0
536250, 380, 1, 0, 0
536350, 390, 1, 0, 0
536450, 380, 1, 0, 0
536550, 370, 1, 0, 0
536650, 380, 1, 0, 0
536749, 373, 1, 0, 0
536849, 360, 1, 0, 0
536949, 370, 1, 0, 0
537050, 380, 1, 0, 0
537150, 400, 1, 0, 0
537250, 380, 1, 0, 0
537350, 370, 1, 0, 0
537450, 390, 1, 0, 0
537550, 380, 1, 0, 0
537650, 390, 1, 0, 0
537750, 363, 1, 0, 0
537850, 360, 1, 0, 0
537950, 370, 1, 0, 0
538050, 380, 1, 0, 0
538150, 390, 1, 0, 0
538249, 383, 1, 0, 0
538349, 380, 1, 0, 0
538449, 370, 1, 0, 0
538549, 360, 1, 0, 0
538649, 390, 1, 0, 0
538750, 390, 1, 0, 0
538850, 370, 1, 0, 0
538950, 380, 1, 0, 0
539050, 360, 1, 0, 0
539150, 370, 1, 0, 0
539249, 353, 1, 0, 0
539349, 360, 1, 0, 0
539449, 380, 1, 0, 0
539550, 380, 1, 0, 0
539650, 370, 1, 0, 0
539750, 370, 1, 0, 0
539850, 380, 1, 0, 0
539950, 350, 1, 0, 0
540050, 380, 1, 0, 0
540150, 370, 1, 0, 0
540249, 363, 1, 0, 0
540349, 360, 1, 0, 0
540449, 360, 1, 0, 0
540550, 370, 1, 0, 0
540650, 360, 1, 0, 0
540750, 380, 1, 0, 0
540850, 360, 1, 0, 0
540950, 370, 1, 0, 0
541050, 350, 1, 0, 0
541150, 380, 1, 0, 0
541249, 373, 1, 0, 0
541350, 360, 1, 0, 0
541450, 370, 1, 0, 0
541550, 370, 1, 0, 0
541650, 370, 1, 0, 0
541750, 370, 1, 0, 0
541850, 380, 1, 0, 0
541950, 360, 1, 0, 0
542050, 370, 1, 0, 0
542150, 370, 1, 0, 0
542250, 363, 1, 0, 0
542350, 380, 1, 0, 0
542450, 370, 1, 0, 0
542550, 370, 1, 0, 0
542650, 380, 1, 0, 0
542749, 363, 1, 0, 0
542849, 370, 1, 0, 0
542949, 380, 1, 0, 0
543049, 370, 1, 0, 0
543149, 380, 1, 0, 0
543250, 360, 1, 0, 0
543350, 380, 1, 0, 0
543450, 390, 1, 0, 0
543550, 350, 1, 0, 0
543650, 380, 1, 0, 0
543749, 383, 1, 0, 0
543849, 380, 1, 0, 0
543949, 370, 1, 0, 0
544049, 380, 1, 0, 0
544150, 380, 1, 0, 0
544250, 360, 1, 0, 0
544350, 360, 1, 0, 0
544450, 370, 1, 0, 0
544550, 380, 1, 0, 0
544650, 380, 1, 0, 0
544749, 373, 1, 0, 0
544849, 380, 1, 0, 0
544949, 360, 1, 0, 0
545050, 380, 1, 0, 0
545150, 370, 1, 0, 0
545250, 390, 1, 0, 0
545350, 380, 1, 0, 0
545450, 360, 1, 0, 0
545550, 370, 1, 0, 0
545650, 350, 1, 0, 0
545749, 363, 1, 0, 0
545849, 380, 1, 0, 0
545949, 370, 1, 0, 0
546050, 380, 1, 0, 0
546150, 340, 1, 0, 0
546250, 390, 1, 0, 0
546350, 380, 1, 0, 0
546450, 380, 1, 0, 0
546550, 370, 1, 0, 0
546650, 370, 1, 0, 0
546749, 383, 1, 0, 0
546850, 360, 1, 0, 0
546950, 370, 1, 0, 0
547050, 370, 1, 0, 0
547150, 360, 1, 0, 0
547249, 373, 1, 0, 0
547349, 370, 1, 0, 0
547449, 390, 1, 0, 0
547549, 380, 1, 0, 0
547649, 360, 1, 0, 0
547750, 380, 1, 0, 0
547850, 380, 1, 0, 0
547950, 390, 1, 0, 0
548050, 360, 1, 0, 0
548150, 380, 1, 0, 0
548249, 373, 1, 0, 0
548349, 370, 1, 0, 0
548449, 360, 1, 0, 0
548549, 370, 1, 0, 0
548650, 370, 1, 0, 0
548750, 380, 1, 0, 0
548850, 370, 1, 0, 0
548950, 370, 1, 0, 0
549050, 360, 1, 0, 0
549150, 370, 1, 0, 0
549249, 383, 1, 0, 0
549349, 380, 1, 0, 0
549449, 380, 1, 0, 0
549550, 380, 1, 0, 0
549650, 370, 1, 0, 0
549750, 380, 1, 0, 0
549850, 380, 1, 0, 0
549950, 370, 1, 0, 0
550050, 370, 1, 0, 0
550150, 380, 1, 0, 0
550249, 373, 1, 0, 0
550349, 370, 1, 0, 0
550449, 380, 1, 0, 0
550550, 370, 1, 0, 0
550650, 380, 1, 0, 0
550750, 390, 1, 0, 0
550850, 360, 1, 0, 0
550950, 390, 1, 0, 0
551050, 370, 1, 0, 0
551150, 380, 1, 0, 0
551249, 383, 1, 0, 0
551350, 380, 1, 0, 0
551450, 400, 1, 0, 0
551550, 380, 1, 0, 0
551650, 380, 1, 0, 0
551749, 383, 1, 0, 0
551849, 390, 1, 0, 0
551949, 370, 1, 0, 0
552049, 390, 1, 0, 0
552149, 370, 1, 0, 0
552250, 360, 1, 0, 0
552350, 380, 1, 0, 0
552450, 380, 1, 0, 0
552550, 360, 1, 0, 0
552650, 380, 1, 0, 0
552749, 363, 1, 0, 0
552849, 380, 1, 0, 0
552949, 360, 1, 0, 0
553049, 360, 1, 0, 0
553149, 370, 1, 0, 0
553250, 380, 1, 0, 0
553350, 390, 1, 0, 0
553450, 360, 1, 0, 0
553550, 370, 1, 0, 0
553650, 370, 1, 0, 0
553749, 373, 1, 0, 0
553849, 380, 1, 0, 0
553949, 370, 1, 0, 0
554049, 370, 1, 0, 0
554150, 380, 1, 0, 0
554250, 390, 1, 0, 0
554350, 380, 1, 0, 0
554450, 360, 1, 0, 0
554550, 380, 1, 0, 0
554650, 360, 1, 0, 0
554749, 373, 1, 0, 0
554849, 370, 1, 0, 0
554949, 380, 1, 0, 0
555050, 360, 1, 0, 0
555150, 340, 1, 0, 0
555250, 370, 1, 0, 0
555350, 350, 1, 0, 0
555450, 380, 1, 0, 0
555550, 390, 1, 0, 0
555650, 380, 1, 0, 0
555749, 373, 1, 0, 0
555849, 370, 1, 0, 0
555949, 380, 1, 0, 0
556050, 380, 1, 0, 0
556150, 340, 1, 0, 0
556250, 390, 1, 0, 0
556350, 360, 1, 0, 0
556450, 390, 1, 0, 0
556550, 370, 1, 0, 0
556650, 380, 1, 0, 0
556749, 383, 1, 0, 0
556849, 380, 1, 0, 0
556949, 380, 1, 0, 0
557050, 380, 1, 0, 0
557150, 380, 1, 0, 0
557250, 390, 1, 0, 0
557350, 380, 1, 0, 0
557450, 370, 1, 0, 0
557550, 380, 1, 0, 0
557650, 370, 1, 0, 0
557750, 363, 1, 0, 0
557850, 380, 1, 0, 0
557950, 370, 1, 0, 0
558050, 370, 1, 0, 0
558150, 370, 1, 0, 0
558249, 373, 1, 0, 0
558349, 360, 1, 0, 0
558449, 380, 1, 0, 0
558549, 370, 1, 0, 0
558649, 350, 1, 0, 0
558750, 380, 1, 0, 0
558850, 380, 1, 0, 0
558950, 380, 1, 0, 0
559050, 380, 1, 0, 0
559150, 360, 1, 0, 0
559249, 363, 1, 0, 0
559349, 370, 1, 0, 0
559449, 380, 1, 0, 0
559550, 370, 1, 0, 0
559650, 360, 1, 0, 0
559750, 360, 1, 0, 0
559850, 370, 1, 0, 0
559950, 360, 1, 0, 0
560050, 390, 1, 0, 0
560150, 370, 1, 0, 0
560249, 373, 1, 0, 0
560349, 370, 1, 0, 0
560450, 380, 1, 0, 0
560550, 370, 1, 0, 0
560650, 370, 1, 0, 0
560750, 380, 1, 0, 0
560850, 370, 1, 0, 0
560950, 360, 1, 0, 0
561050, 360, 1, 0, 0
561150, 380, 1, 0, 0
561249, 373, 1, 0, 0
561349, 390, 1, 0, 0
561450, 360, 1, 0, 0
561550, 380, 1, 0, 0
561650, 390, 1, 0, 0
561750, 360, 1, 0, 0
561850, 400, 1, 0, 0
561950, 370, 1, 0, 0
562050, 360, 1, 0, 0
562150, 370, 1, 0, 0
562250, 353, 1, 0, 0
562350, 360, 1, 0, 0
562450, 360, 1, 0, 0
562550, 380, 1, 0, 0
562650, 380, 1, 0, 0
562749, 383, 1, 0, 0
562849, 380, 1, 0, 0
562949, 380, 1, 0, 0
563049, 370, 1, 0, 0
563149, 400, 1, 0, 0
563250, 360, 1, 0, 0
563350, 380, 1, 0, 0
563450, 370, 1, 0, 0
563550, 380, 1, 0, 0
563650, 360, 1, 0, 0
563749, 363, 1, 0, 0
563849, 370, 1, 0, 0
563949, 350, 1, 0, 0
564049, 370, 1, 0, 0
564150, 390, 1, 0, 0
564250, 350, 1, 0, 0
564350, 380, 1, 0, 0
564450, 350, 1, 0, 0
564550, 360, 1, 0, 0
564650, 360, 1, 0, 0
564749, 383, 1, 0, 0
564849, 370, 1, 0, 0
564949, 390, 1, 0, 0
565049, 370, 1, 0, 0
565150, 350, 1, 0, 0
565250, 350, 1, 0, 0
565350, 380, 1, 0, 0
565450, 370, 1, 0, 0
565550, 360, 1, 0, 0
565650, 380, 1, 0, 0
565749, 373, 1, 0, 0
565849, 380, 1, 0, 0
565949, 370, 1, 0, 0
566050, 380, 1, 0, 0
566150, 370, 1, 0, 0
566250, 380, 1, 0, 0
566350, 380, 1, 0, 0
566450, 380, 1, 0, 0
566550, 370, 1, 0, 0
566650, 380, 1, 0, 0
566749, 373, 1, 0, 0
566849, 380, 1, 0, 0
566949, 370, 1, 0, 0
567050, 380, 1, 0, 0
567150, 370, 1, 0, 0
567250, 390, 1, 0, 0
567350, 370, 1, 0, 0
567450, 360, 1, 0, 0
567550, 380, 1, 0, 0
567650, 370, 1, 0, 0
567749, 373, 1, 0, 0
567849, 380, 1, 0, 0
567950, 360, 1, 0, 0
568050, 390, 1, 0, 0
568150, 370, 1, 0, 0
568250, 390, 1, 0, 0
568350, 360, 1, 0, 0
568450, 370, 1, 0, 0
568550, 380, 1, 0, 0
568650, 370, 1, 0, 0
568749, 373, 1, 0, 0
568849, 380, 1, 0, 0
568950, 380, 1, 0, 0
569050, 370, 1, 0, 0
569150, 390, 1, 0, 0
569249, 373, 1, 0, 0
569349, 360, 1, 0, 0
569449, 370, 1, 0, 0
569549, 350, 1, 0, 0
569649, 370, 1, 0, 0
569750, 380, 1, 0, 0
569850, 370, 1, 0, 0
569950, 370, 1, 0, 0
570050, 370, 1, 0, 0
570150, 370, 1, 0, 0
570249, 383, 1, 0, 0
570349, 380, 1, 0, 0
570449, 380, 1, 0, 0
570549, 380, 1, 0, 0
570649, 360, 1, 0, 0
570750, 370, 1, 0, 0
570850, 380, 1, 0, 0
570950, 390, 1, 0, 0
571050, 370, 1, 0, 0
571150, 360, 1, 0, 0
571249, 383, 1, 0, 0
571349, 340, 1, 0, 0
571449, 390, 1, 0, 0
571550, 380, 1, 0, 0
571650, 370, 1, 0, 0
571750, 390, 1, 0, 0
571850, 380, 1, 0, 0
571950, 380, 1, 0, 0
572050, 380, 1, 0, 0
572150, 380, 1, 0, 0
572249, 373, 1, 0, 0
572349, 380, 1, 0, 0
572449, 370, 1, 0, 0
572550, 370, 1, 0, 0
572650, 370, 1, 0, 0
572750, 360, 1, 0, 0
572850, 380, 1, 0, 0
572950, 370, 1, 0, 0
573050, 350, 1, 0, 0
573150, 370, 1, 0, 0
573249, 363, 1, 0, 0
573350, 370, 1, 0, 0
573450, 360, 1, 0, 0
573550, 380, 1, 0, 0
573650, 360, 1, 0, 0
573750, 360, 1, 0, 0
573850, 370, 1, 0, 0
573950, 380, 1, 0, 0
574050, 380, 1, 0, 0
574150, 380, 1, 0, 0
574250, 363, 1, 0, 0
574350, 380, 1, 0, 0
574450, 370, 1, 0, 0
574550, 360, 1, 0, 0
574650, 370, 1, 0, 0
574749, 363, 1, 0, 0
574849, 370, 1, 0, 0
574949, 370, 1, 0, 0
575049, 370, 1, 0, 0
575149, 390, 1, 0, 0
575250, 370, 1, 0, 0
575350, 370, 1, 0, 0
575450, 360, 1, 0, 0
575550, 360, 1, 0, 0
575650, 390, 1, 0, 0
575749, 373, 1, 0, 0
575849, 370, 1, 0, 0
575949, 370, 1, 0, 0
576050, 370, 1, 0, 0
576150, 360, 1, 0, 0
576250, 360, 1, 0, 0
576350, 380, 1, 0, 0
576450, 390, 1, 0, 0
576550, 370, 1, 0, 0
576650, 380, 1, 0, 0
576749, 363, 1, 0, 0
576849, 390, 1, 0, 0
576949, 380, 1, 0, 0
577050, 380, 1, 0, 0
577150, 370, 1, 0, 0
577250, 370, 1, 0, 0
577350, 370, 1, 0, 0
577450, 380, 1, 0, 0
577550, 360, 1, 0, 0
577650, 360, 1, 0, 0
577749, 363, 1, 0, 0
577849, 360, 1, 0, 0
577949, 370, 1, 0, 0
578050, 370, 1, 0, 0
578150, 380, 1, 0, 0
578250, 370, 1, 0, 0
578350, 370, 1, 0, 0
578450, 360, 1, 0, 0
578550, 390, 1, 0, 0
578650, 360, 1, 0, 0
578750, 363, 1, 0, 0
578850, 370, 1, 0, 0
578950, 380, 1, 0, 0
579050, 380, 1, 0, 0
579150, 380, 1, 0, 0
579249, 383, 1, 0, 0
579349, 390, 1, 0, 0
579449, 390, 1, 0, 0
579549, 370, 1, 0, 0
579649, 360, 1, 0, 0
579750, 360, 1, 0, 0
579850, 380, 1, 0, 0
579950, 370, 1, 0, 0
580050, 370, 1, 0, 0
580150, 350, 1, 0, 0
580249, 373, 1, 0, 0
580349, 390, 1, 0, 0
580449, 370, 1, 0, 0
580549, 360, 1, 0, 0
580650, 370, 1, 0, 0
580750, 350, 1, 0, 0
580850, 360, 1, 0, 0
580950, 400, 1, 0, 0
581050, 380, 1, 0, 0
581150, 380, 1, 0, 0
581249, 373, 1, 0, 0
581349, 390, 1, 0, 0
581449, 370, 1, 0, 0
581550, 380, 1, 0, 0
581650, 380, 1, 0, 0
581750, 360, 1, 0, 0
581850, 390, 1, 0, 0
581950, 380, 1, 0, 0
582050, 370, 1, 0, 0
582150, 360, 1, 0, 0
582249, 373, 1, 0, 0
582349, 380, 1, 0, 0
582449, 370, 1, 0, 0
582550, 370, 1, 0, 0
582650, 370, 1, 0, 0
582750, 370, 1, 0, 0
582850, 380, 1, 0, 0
582950, 370, 1, 0, 0
583050, 370, 1, 0, 0
583150, 370, 1, 0, 0
583249, 393, 1, 0, 0
583350, 370, 1, 0, 0
583450, 380, 1, 0, 0
583550, 380, 1, 0, 0
583650, 380, 1, 0, 0
583749, 373, 1, 0, 0
583849, 370, 1, 0, 0
583949, 370, 1, 0, 0
584049, 380, 1, 0, 0
584149, 370, 1, 0, 0
584250, 370, 1, 0, 0
584350, 370, 1, 0, 0
584450, 370, 1, 0, 0
584550, 370, 1, 0, 0
584650, 370, 1, 0, 0
584749, 353, 1, 0, 0
584849, 370, 1, 0, 0
584949, 370, 1, 0, 0
585049, 380, 1, 0, 0
585149, 380, 1, 0, 0
585250, 370, 1, 0, 0
585350, 360, 1, 0, 0
585450, 370, 1, 0, 0
585550, 360, 1, 0, 0
585650, 360, 1, 0, 0
585749, 363, 1, 0, 0
585849, 380, 1, 0, 0
585949, 360, 1, 0, 0
586049, 370, 1, 0, 0
586149, 380, 1, 0, 0
586250, 380, 1, 0, 0
586350, 370, 1, 0, 0
586450, 390, 1, 0, 0
586550, 370, 1, 0, 0
586650, 360, 1, 0, 0
586749, 373, 1, 0, 0
586849, 350, 1, 0, 0
586949, 370, 1, 0, 0
587050, 360, 1, 0, 0
587150, 360, 1, 0, 0
587250, 380, 1, 0, 0
587350, 370, 1, 0, 0
587450, 380, 1, 0, 0
587550, 370, 1, 0, 0
587650, 370, 1, 0, 0
587749, 373, 1, 0, 0
587849, 370, 1, 0, 0
587949, 390, 1, 0, 0
588050, 370, 1, 0, 0
588150, 390, 1, 0, 0
588250, 380, 1, 0, 0
588350, 370, 1, 0, 0
588450, 380, 1, 0, 0
588550, 370, 1, 0, 0
588650, 380, 1, 0, 0
588749, 363, 1, 0, 0
588849, 370, 1, 0, 0
588950, 370, 1, 0, 0
589050, 380, 1, 0, 0
589150, 370, 1, 0, 0
589250, 380, 1, 0, 0
589350, 360, 1, 0, 0
589450, 400, 1, 0, 0
589550, 370, 1, 0, 0
589650, 370, 1, 0, 0
589749, 363, 1, 0, 0
589850, 380, 1, 0, 0
589950, 360, 1, 0, 0
590050, 380, 1, 0, 0
590150, 360, 1, 0, 0
590249, 393, 1, 0, 0
590349, 350, 1, 0, 0
590449, 370, 1, 0, 0
590549, 380, 1, 0, 0
590649, 380, 1, 0, 0
590750, 360, 1, 0, 0
590850, 370, 1, 0, 0
590950, 350, 1, 0, 0
591050, 360, 1, 0, 0
591150, 360, 1, 0, 0
591249, 373, 1, 0, 0
591349, 370, 1, 0, 0
591449, 370, 1, 0, 0
591549, 350, 1, 0, 0
591650, 370, 1, 0, 0
591750, 370, 1, 0, 0
591850, 370, 1, 0, 0
591950, 390, 1, 0, 0
592050, 390, 1, 0, 0
592150, 360, 1, 0, 0
592249, 383, 1, 0, 0
592349, 380, 1, 0, 0
592449, 380, 1, 0, 0
592550, 370, 1, 0, 0
592650, 370, 1, 0, 0
592750, 380, 1, 0, 0
592850, 380, 1, 0, 0
592950, 360, 1, 0, 0
593050, 390, 1, 0, 0
593150, 370, 1, 0, 0
593249, 373, 1, 0, 0
593349, 370, 1, 0, 0
593449, 350, 1, 0, 0
593550, 370, 1, 0, 0
593650, 380, 1, 0, 0
593750, 370, 1, 0, 0
593850, 370, 1, 0, 0
593950, 360, 1, 0, 0
594050, 370, 1, 0, 0
594150, 370, 1, 0, 0
594249, 373, 1, 0, 0
594349, 360, 1, 0, 0
594450, 370, 1, 0, 0
594550, 360, 1, 0, 0
594650, 380, 1, 0, 0
594750, 380, 1, 0, 0
594850, 360, 1, 0, 0
594950, 370, 1, 0, 0
595050, 380, 1, 0, 0
595150, 360, 1, 0, 0
595249, 373, 1, 0, 0
595349, 380, 1, 0, 0
595450, 380, 1, 0, 0
595550, 370, 1, 0, 0
595650, 380, 1, 0, 0
595750, 380, 1, 0, 0
595850, 380, 1, 0, 0
595950, 380, 1, 0, 0
596050, 350, 1, 0, 0
596150, 380, 1, 0, 0
596249, 383, 1, 0, 0
596349, 380, 1, 0, 0
596450, 370, 1, 0, 0
596550, 380, 1, 0, 0
596650, 370, 1, 0, 0
596750, 370, 1, 0, 0
596850, 370, 1, 0, 0
596950, 370, 1, 0, 0
597050, 370, 1, 0, 0
597150, 370, 1, 0, 0
597249, 363, 1, 0, 0
597350, 380, 1, 0, 0
597450, 370, 1, 0, 0
597550, 380, 1, 0, 0
597650, 380, 1, 0, 0
597750, 370, 1, 0, 0
597850, 360, 1, 0, 0
597950, 370, 1, 0, 0
598050, 360, 1, 0, 0
598150, 390, 1, 0, 0
598250, 363, 1, 0, 0
598350, 360, 1, 0, 0
598450, 340, 1, 0, 0
598550, 370, 1, 0, 0
598650, 380, 1, 0, 0
598749, 363, 1, 0, 0
598849, 380, 1, 0, 0
598949, 380, 1, 0, 0
599049, 370, 1, 0, 0
599149, 370, 1, 0, 0
599250, 380, 1, 0, 0
599350, 380, 1, 0, 0
599450, 380, 1, 0, 0
599550, 370, 1, 0, 0
599650, 360, 1, 0, 0
599749, 363, 1, 0, 0
599849, 370, 1, 0, 0
599949, 380, 1, 0, 0
