100, 1459181, 1, 0, 0
200, 1418932, 1, 0, 0
300, 1397839, 1, 0, 0
401, 1355597, 1, 0, 0
500, 1378592, 1, 0, 0
600, 1351811, 1, 0, 0
701, 1360804, 1, 0, 0
800, 1379969, 1, 0, 0
901, 1410448, 1, 0, 0
1001, 1447819, 1, 0, 0
1100, 1442072, 1, 0, 0
1200, 1399937, 1, 0, 0
1300, 1490270, 1, 0, 0
1401, 1341407, 1, 0, 0
1500, 1508072, 1, 0, 0
1600, 1402126, 1, 0, 0
1700, 1427951, 1, 0, 0
1800, 1366494, 1, 0, 0
1901, 1447875, 1, 0, 0
2000, 1414051, 1, 0, 0
2100, 1435212, 1, 0, 0
2200, 1355903, 1, 0, 0
2300, 1393410, 1, 0, 0
2400, 1463101, 1, 0, 0
2501, 1466561, 1, 0, 0
2601, 1425939, 1, 0, 0
2700, 1417105, 1, 0, 0
2800, 1389700, 1, 0, 0
2900, 1391042, 1, 0, 0
3000, 1337418, 1, 0, 0
3100, 1384917, 1, 0, 0
3201, 1372687, 1, 0, 0
3300, 1434495, 1, 0, 0
3400, 1383214, 1, 0, 0
3501, 1418113, 1, 0, 0
3600, 1437529, 1, 0, 0
3701, 1386874, 1, 0, 0
3801, 1382986, 1, 0, 0
3900, 1374920, 1, 0, 0
4000, 1394723, 1, 0, 0
4101, 1429559, 1, 0, 0
4200, 1437793, 1, 0, 0
4300, 1426067, 1, 0, 0
4400, 1420068, 1, 0, 0
4500, 1484023, 1, 0, 0
4601, 1463405, 1, 0, 0
4700, 1459714, 1, 0, 0
4801, 1438167, 1, 0, 0
4900, 1526167, 1, 0, 0
5001, 1368435, 1, 0, 0
5101, 1385032, 1, 0, 0
5201, 1391612, 1, 0, 0
5301, 1329196, 1, 0, 0
5401, 1492496, 1, 0, 0
5500, 1467747, 1, 0, 0
5600, 1405899, 1, 0, 0
5701, 1412462, 1, 0, 0
5801, 1386465, 1, 0, 0
5901, 1449579, 1, 0, 0
6001, 1276326, 1, 0, 0
6100, 1356745, 1, 0, 0
6201, 1396695, 1, 0, 0
6300, 1431198, 1, 0, 0
6400, 1321253, 1, 0, 0
6500, 1355366, 1, 0, 0
6601, 1444000, 1, 0, 0
6700, 1428996, 1, 0, 0
6800, 1319600, 1, 0, 0
6901, 1382153, 1, 0, 0
7000, 1433172, 1, 0, 0
7100, 1475051, 1, 0, 0
7200, 1311268, 1, 0, 0
7300, 1400147, 1, 0, 0
7400, 1373143, 1, 0, 0
7501, 1427063, 1, 0, 0
7600, 1351248, 1, 0, 0
7700, 1425270, 1, 0, 0
7800, 1413021, 1, 0, 0
7900, 1396490, 1, 0, 0
8000, 1315980, 1, 0, 0
8100, 1389883, 1, 0, 0
8200, 1408264, 1, 0, 0
8300, 1346949, 1, 0, 0
8400, 1401528, 1, 0, 0
8500, 1347394, 1, 0, 0
8600, 1357198, 1, 0, 0
8700, 1444130, 1, 0, 0
8800, 1407564, 1, 0, 0
8900, 1352843, 1, 0, 0
9000, 1385461, 1, 0, 0
9100, 1347811, 1, 0, 0
9200, 1364672, 1, 0, 0
9300, 1376978, 1, 0, 0
9400, 1390338, 1, 0, 0
9500, 1379792, 1, 0, 0
9600, 1339881, 1, 0, 0
9701, 1374523, 1, 0, 0
9801, 1393854, 1, 0, 0
9900, 1410552, 1, 0, 0
10000, 1408488, 1, 0, 0
10100, 1435462, 1, 0, 0
10200, 1320062, 1, 0, 0
10300, 1388834, 1, 0, 0
10400, 1351754, 1, 0, 0
10500, 1355823, 1, 0, 0
10601, 1419491, 1, 0, 0
10700, 1415144, 1, 0, 0
10800, 1403188, 1, 0, 0
10900, 1414086, 1, 0, 0
11001, 1416586, 1, 0, 0
11100, 1420781, 1, 0, 0
11200, 1460994, 1, 0, 0
11300, 1402797, 1, 0, 0
11400, 1398205, 1, 0, 0
11500, 1359209, 1, 0, 0
11601, 1432341, 1, 0, 0
11701, 1373921, 1, 0, 0
11800, 1334538, 1, 0, 0
11900, 1474083, 1, 0, 0
12000, 1401349, 1, 0, 0
12100, 1379534, 1, 0, 0
12200, 1439238, 1, 0, 0
12300, 1374262, 1, 0, 0
12400, 1428822, 1, 0, 0
12500, 1402656, 1, 0, 0
12600, 1398549, 1, 0, 0
12700, 1349118, 1, 0, 0
12800, 1344769, 1, 0, 0
12901, 1348710, 1, 0, 0
13000, 1396672, 1, 0, 0
13100, 1379885, 1, 0, 0
13201, 1346339, 1, 0, 0
13300, 1353025, 1, 0, 0
13400, 1335760, 1, 0, 0
13500, 1384361, 1, 0, 0
13600, 1329264, 1, 0, 0
13700, 1368446, 1, 0, 0
13800, 1381224, 1, 0, 0
13900, 1409340, 1, 0, 0
14000, 1281390, 1, 0, 0
14101, 1363201, 1, 0, 0
14200, 1323927, 1, 0, 0
14300, 1415767, 1, 0, 0
14400, 1385666, 1, 0, 0
14501, 1366315, 1, 0, 0
14600, 1449711, 1, 0, 0
14701, 1380931, 1, 0, 0
14800, 1390576, 1, 0, 0
14900, 1352024, 1, 0, 0
15001, 1394228, 1, 0, 0
15100, 1383148, 1, 0, 0
15200, 1311520, 1, 0, 0
15301, 1353864, 1, 0, 0
15400, 1332668, 1, 0, 0
15500, 1414690, 1, 0, 0
15600, 1340128, 1, 0, 0
15700, 1406875, 1, 0, 0
15800, 1386620, 1, 0, 0
15900, 1401587, 1, 0, 0
16000, 1425170, 1, 0, 0
16100, 1351155, 1, 0, 0
16201, 1392109, 1, 0, 0
16301, 1365565, 1, 0, 0
16401, 1312274, 1, 0, 0
16500, 1342666, 1, 0, 0
16601, 1352519, 1, 0, 0
16700, 1398911, 1, 0, 0
16800, 1355898, 1, 0, 0
16900, 1394706, 1, 0, 0
17000, 1354744, 1, 0, 0
17100, 1386003, 1, 0, 0
17201, 1347361, 1, 0, 0
17301, 1329167, 1, 0, 0
17400, 1342243, 1, 0, 0
17501, 1392196, 1, 0, 0
17600, 1441229, 1, 0, 0
17701, 1313493, 1, 0, 0
17800, 1343596, 1, 0, 0
17900, 1414041, 1, 0, 0
18001, 1356236, 1, 0, 0
18100, 1382046, 1, 0, 0
18200, 1395124, 1, 0, 0
18301, 1399378, 1, 0, 0
18400, 1286235, 1, 0, 0
18500, 1339779, 1, 0, 0
18600, 1427491, 1, 0, 0
18701, 1408609, 1, 0, 0
18800, 1381333, 1, 0, 0
18901, 1379975, 1, 0, 0
19000, 1354116, 1, 0, 0
19100, 1316058, 1, 0, 0
19201, 1328328, 1, 0, 0
19300, 1334393, 1, 0, 0
19401, 1328893, 1, 0, 0
19500, 1409418, 1, 0, 0
19600, 1406222, 1, 0, 0
19700, 1395604, 1, 0, 0
19801, 1371296, 1, 0, 0
19900, 1330936, 1, 0, 0
20000, 1324748, 1, 0, 0
20100, 1374968, 1, 0, 0
20200, 1334042, 1, 0, 0
20300, 1359458, 1, 0, 0
20401, 1401608, 1, 0, 0
20500, 1303888, 1, 0, 0
20600, 1287079, 1, 0, 0
20700, 1377249, 1, 0, 0
20800, 1370717, 1, 0, 0
20900, 1375177, 1, 0, 0
21000, 1331777, 1, 0, 0
21100, 1356572, 1, 0, 0
21200, 1357760, 1, 0, 0
21301, 1384890, 1, 0, 0
21400, 1403737, 1, 0, 0
21500, 1352394, 1, 0, 0
21601, 1361446, 1, 0, 0
21701, 1325239, 1, 0, 0
21801, 1351887, 1, 0, 0
21902, 1329063, 1, 0, 0
22000, 1408244, 1, 0, 0
22100, 1341586, 1, 0, 0
22200, 1352093, 1, 0, 0
22300, 1279626, 1, 0, 0
22400, 1361723, 1, 0, 0
22500, 1338016, 1, 0, 0
22600, 1382330, 1, 0, 0
22701, 1380185, 1, 0, 0
22800, 1320802, 1, 0, 0
22901, 1321220, 1, 0, 0
23000, 1324687, 1, 0, 0
23100, 1397720, 1, 0, 0
23200, 1298706, 1, 0, 0
23301, 1360261, 1, 0, 0
23400, 1300018, 1, 0, 0
23501, 1362732, 1, 0, 0
23600, 1341701, 1, 0, 0
23700, 1325873, 1, 0, 0
23800, 1290440, 1, 0, 0
23900, 1290855, 1, 0, 0
24000, 1345644, 1, 0, 0
24100, 1350256, 1, 0, 0
24200, 1390705, 1, 0, 0
24300, 1239912, 1, 0, 0
24400, 1280196, 1, 0, 0
24500, 1328091, 1, 0, 0
24600, 1276063, 1, 0, 0
24700, 1320914, 1, 0, 0
24800, 1299169, 1, 0, 0
24900, 1306828, 1, 0, 0
25000, 1350870, 1, 0, 0
25100, 1392780, 1, 0, 0
25200, 1364080, 1, 0, 0
25301, 1504870, 1, 0, 0
25400, 1289170, 1, 0, 0
25500, 1312219, 1, 0, 0
25600, 1271342, 1, 0, 0
25701, 1368240, 1, 0, 0
25800, 1353418, 1, 0, 0
25900, 1388853, 1, 0, 0
26000, 1339498, 1, 0, 0
26100, 1375129, 1, 0, 0
26200, 1447818, 1, 0, 0
26300, 1329083, 1, 0, 0
26400, 1392702, 1, 0, 0
26501, 1267073, 1, 0, 0
26600, 1345665, 1, 0, 0
26700, 1340992, 1, 0, 0
26800, 1321219, 1, 0, 0
26900, 1334300, 1, 0, 0
27000, 1359786, 1, 0, 0
27100, 1338206, 1, 0, 0
27200, 1334745, 1, 0, 0
27300, 1292256, 1, 0, 0
27400, 1366319, 1, 0, 0
27501, 1349021, 1, 0, 0
27600, 1329910, 1, 0, 0
27700, 1309511, 1, 0, 0
27800, 1389517, 1, 0, 0
27900, 1377462, 1, 0, 0
28000, 1337892, 1, 0, 0
28101, 1394411, 1, 0, 0
28200, 1298578, 1, 0, 0
28301, 1317748, 1, 0, 0
28401, 1331897, 1, 0, 0
28500, 1433675, 1, 0, 0
28600, 1368403, 1, 0, 0
28700, 1370656, 1, 0, 0
28800, 1342737, 1, 0, 0
28900, 1317885, 1, 0, 0
29000, 1347879, 1, 0, 0
29100, 1303692, 1, 0, 0
29200, 1295625, 1, 0, 0
29300, 1280617, 1, 0, 0
29400, 1275857, 1, 0, 0
29501, 1365272, 1, 0, 0
29601, 1329835, 1, 0, 0
29700, 1344176, 1, 0, 0
29800, 1308176, 1, 0, 0
29900, 1382534, 1, 0, 0
30000, 1263736, 1, 0, 0
30100, 1406971, 1, 0, 0
30200, 1307976, 1, 0, 0
30300, 1343145, 1, 0, 0
30400, 1246457, 1, 0, 0
30501, 1271881, 1, 0, 0
30600, 1377267, 1, 0, 0
30700, 1386228, 1, 0, 0
30800, 1268870, 1, 0, 0
30900, 1296685, 1, 0, 0
31000, 1334304, 1, 0, 0
31100, 1312000, 1, 0, 0
31200, 1345700, 1, 0, 0
31300, 1409249, 1, 0, 0
31400, 1292894, 1, 0, 0
31501, 1330889, 1, 0, 0
31600, 1317475, 1, 0, 0
31700, 1370785, 1, 0, 0
31800, 1305899, 1, 0, 0
31900, 1319082, 1, 0, 0
32000, 1330564, 1, 0, 0
32100, 1346023, 1, 0, 0
32200, 1312841, 1, 0, 0
32300, 1381941, 1, 0, 0
32401, 1282267, 1, 0, 0
32500, 1302962, 1, 0, 0
32600, 1298354, 1, 0, 0
32701, 1318287, 1, 0, 0
32800, 1324103, 1, 0, 0
32900, 1304852, 1, 0, 0
33000, 1339659, 1, 0, 0
33100, 1288653, 1, 0, 0
33200, 1306603, 1, 0, 0
33300, 1332270, 1, 0, 0
33400, 1386016, 1, 0, 0
33501, 1322871, 1, 0, 0
33600, 1317569, 1, 0, 0
33700, 1335316, 1, 0, 0
33801, 1317726, 1, 0, 0
33901, 1317538, 1, 0, 0
34000, 1308157, 1, 0, 0
34100, 1341587, 1, 0, 0
34201, 1297757, 1, 0, 0
34300, 1318980, 1, 0, 0
34400, 1281160, 1, 0, 0
34500, 1323780, 1, 0, 0
34600, 1291881, 1, 0, 0
34700, 1312682, 1, 0, 0
34800, 1297973, 1, 0, 0
34900, 1277620, 1, 0, 0
35000, 1326073, 1, 0, 0
35100, 1318650, 1, 0, 0
35201, 1227868, 1, 0, 0
35300, 1283595, 1, 0, 0
35401, 1315115, 1, 0, 0
35501, 1308847, 1, 0, 0
35600, 1311916, 1, 0, 0
35701, 1296572, 1, 0, 0
35801, 1367698, 1, 0, 0
35900, 1361861, 1, 0, 0
36000, 1258603, 1, 0, 0
36100, 1295074, 1, 0, 0
36200, 1296464, 1, 0, 0
36300, 1298408, 1, 0, 0
36400, 1284750, 1, 0, 0
36500, 1269811, 1, 0, 0
36600, 1340000, 1, 0, 0
36700, 1265869, 1, 0, 0
36801, 1277597, 1, 0, 0
36901, 1273799, 1, 0, 0
37001, 1349798, 1, 0, 0
37100, 1318327, 1, 0, 0
37200, 1318778, 1, 0, 0
37300, 1288400, 1, 0, 0
37400, 1274001, 1, 0, 0
37500, 1301793, 1, 0, 0
37600, 1346666, 1, 0, 0
37700, 1329417, 1, 0, 0
37800, 1353716, 1, 0, 0
37900, 1270557, 1, 0, 0
38001, 1268571, 1, 0, 0
38101, 1277193, 1, 0, 0
38201, 1259013, 1, 0, 0
38301, 1230090, 1, 0, 0
38400, 1376513, 1, 0, 0
38500, 1225551, 1, 0, 0
38600, 1305071, 1, 0, 0
38700, 1287809, 1, 0, 0
38800, 1336259, 1, 0, 0
38900, 1294257, 1, 0, 0
39001, 1342141, 1, 0, 0
39100, 1316638, 1, 0, 0
39200, 1405174, 1, 0, 0
39301, 1311128, 1, 0, 0
39400, 1332874, 1, 0, 0
39500, 1433675, 1, 0, 0
39600, 1333115, 1, 0, 0
39700, 1348958, 1, 0, 0
39800, 1275513, 1, 0, 0
39901, 1293300, 1, 0, 0
40001, 1316742, 1, 0, 0
40100, 1270051, 1, 0, 0
40201, 1294264, 1, 0, 0
40300, 1329264, 1, 0, 0
40400, 1310207, 1, 0, 0
40500, 1337979, 1, 0, 0
40600, 1307312, 1, 0, 0
40701, 1305307, 1, 0, 0
40801, 1328827, 1, 0, 0
40900, 1277936, 1, 0, 0
41001, 1291035, 1, 0, 0
41100, 1356259, 1, 0, 0
41201, 1274374, 1, 0, 0
41300, 1267688, 1, 0, 0
41400, 1310171, 1, 0, 0
41500, 1305383, 1, 0, 0
41600, 1307194, 1, 0, 0
41701, 1369876, 1, 0, 0
41800, 1228569, 1, 0, 0
41900, 1300422, 1, 0, 0
42001, 1299973, 1, 0, 0
42100, 1275185, 1, 0, 0
42201, 1340065, 1, 0, 0
42300, 1298238, 1, 0, 0
42400, 1347071, 1, 0, 0
42500, 1275540, 1, 0, 0
42600, 1295173, 1, 0, 0
42700, 1345896, 1, 0, 0
42801, 1314699, 1, 0, 0
42900, 1338561, 1, 0, 0
43000, 1295945, 1, 0, 0
43100, 1274255, 1, 0, 0
43200, 1357773, 1, 0, 0
43300, 1300233, 1, 0, 0
43400, 1327556, 1, 0, 0
43500, 1337856, 1, 0, 0
43600, 1332953, 1, 0, 0
43700, 1286200, 1, 0, 0
43800, 1238138, 1, 0, 0
43900, 1308201, 1, 0, 0
44000, 1296000, 1, 0, 0
44101, 1285222, 1, 0, 0
44200, 1287546, 1, 0, 0
44300, 1373305, 1, 0, 0
44401, 1286119, 1, 0, 0
44501, 1302253, 1, 0, 0
44601, 1306675, 1, 0, 0
44701, 1283882, 1, 0, 0
44801, 1224853, 1, 0, 0
44900, 1269464, 1, 0, 0
45000, 1325455, 1, 0, 0
45100, 1322415, 1, 0, 0
45200, 1286624, 1, 0, 0
45300, 1270420, 1, 0, 0
45400, 1317443, 1, 0, 0
45500, 1307500, 1, 0, 0
45600, 1322933, 1, 0, 0
45700, 1324213, 1, 0, 0
45800, 1276917, 1, 0, 0
45900, 1281996, 1, 0, 0
46000, 1250925, 1, 0, 0
46100, 1272223, 1, 0, 0
46200, 1250181, 1, 0, 0
46301, 1202030, 1, 0, 0
46400, 1276611, 1, 0, 0
46500, 1287521, 1, 0, 0
46601, 1323621, 1, 0, 0
46700, 1297669, 1, 0, 0
46801, 1259889, 1, 0, 0
46900, 1328410, 1, 0, 0
47000, 1321042, 1, 0, 0
47100, 1377180, 1, 0, 0
47200, 1373907, 1, 0, 0
47300, 1355304, 1, 0, 0
47400, 1335790, 1, 0, 0
47500, 1325451, 1, 0, 0
47600, 1301078, 1, 0, 0
47701, 1309328, 1, 0, 0
47800, 1245923, 1, 0, 0
47900, 1255801, 1, 0, 0
48000, 1263995, 1, 0, 0
48100, 1259198, 1, 0, 0
48200, 1329599, 1, 0, 0
48300, 1391719, 1, 0, 0
48400, 1292240, 1, 0, 0
48500, 1260262, 1, 0, 0
48600, 1277673, 1, 0, 0
48701, 1309420, 1, 0, 0
48800, 1356607, 1, 0, 0
48901, 1342664, 1, 0, 0
49000, 1400071, 1, 0, 0
49101, 1312588, 1, 0, 0
49200, 1293516, 1, 0, 0
49300, 1309328, 1, 0, 0
49400, 1276924, 1, 0, 0
49501, 1321752, 1, 0, 0
49600, 1340276, 1, 0, 0
49700, 1292566, 1, 0, 0
49801, 1304560, 1, 0, 0
49900, 1266740, 1, 0, 0
50000, 1309840, 1, 0, 0
50100, 1301426, 1, 0, 0
50200, 1282192, 1, 0, 0
50301, 1305780, 1, 0, 0
50400, 1341709, 1, 0, 0
50500, 1326292, 1, 0, 0
50600, 1247523, 1, 0, 0
50701, 1279836, 1, 0, 0
50800, 1326491, 1, 0, 0
50901, 1298279, 1, 0, 0
51001, 1269563, 1, 0, 0
51100, 1211574, 1, 0, 0
51200, 1358198, 1, 0, 0
51301, 1289076, 1, 0, 0
51401, 1304374, 1, 0, 0
51500, 1316423, 1, 0, 0
51600, 1260350, 1, 0, 0
51700, 1232704, 1, 0, 0
51800, 1325397, 1, 0, 0
51900, 1331293, 1, 0, 0
52000, 1352151, 1, 0, 0
52100, 1241006, 1, 0, 0
52200, 1310099, 1, 0, 0
52301, 1296100, 1, 0, 0
52401, 1252124, 1, 0, 0
52501, 1299728, 1, 0, 0
52600, 1251838, 1, 0, 0
52700, 1293500, 1, 0, 0
52800, 1301973, 1, 0, 0
52900, 1284583, 1, 0, 0
53001, 1333039, 1, 0, 0
53100, 1304650, 1, 0, 0
53200, 1353972, 1, 0, 0
53300, 1321214, 1, 0, 0
53400, 1312146, 1, 0, 0
53500, 1290875, 1, 0, 0
53602, 1325098, 1, 0, 0
53700, 1302721, 1, 0, 0
53800, 1343470, 1, 0, 0
53900, 1269090, 1, 0, 0
54000, 1272925, 1, 0, 0
54100, 1259523, 1, 0, 0
54200, 1296756, 1, 0, 0
54300, 1300408, 1, 0, 0
54400, 1274167, 1, 0, 0
54500, 1284609, 1, 0, 0
54600, 1333418, 1, 0, 0
54700, 1283370, 1, 0, 0
54800, 1317392, 1, 0, 0
54901, 1351290, 1, 0, 0
55001, 1316173, 1, 0, 0
55100, 1290153, 1, 0, 0
55200, 1324524, 1, 0, 0
55301, 1287652, 1, 0, 0
55400, 1260409, 1, 0, 0
55501, 1331846, 1, 0, 0
55600, 1300741, 1, 0, 0
55700, 1267965, 1, 0, 0
55800, 1373173, 1, 0, 0
55900, 1316843, 1, 0, 0
56000, 1345183, 1, 0, 0
56100, 1294061, 1, 0, 0
56200, 1301262, 1, 0, 0
56300, 1290448, 1, 0, 0
56400, 1250639, 1, 0, 0
56501, 1333597, 1, 0, 0
56600, 1275981, 1, 0, 0
56700, 1298940, 1, 0, 0
56800, 1321805, 1, 0, 0
56900, 1290172, 1, 0, 0
57000, 1245363, 1, 0, 0
57101, 1288869, 1, 0, 0
57200, 1294645, 1, 0, 0
57301, 1260733, 1, 0, 0
57400, 1317878, 1, 0, 0
57500, 1298666, 1, 0, 0
57600, 1387047, 1, 0, 0
57700, 1278247, 1, 0, 0
57800, 1335948, 1, 0, 0
57900, 1298555, 1, 0, 0
58001, 1256721, 1, 0, 0
58101, 1324550, 1, 0, 0
58200, 1285188, 1, 0, 0
58300, 1233652, 1, 0, 0
58400, 1321111, 1, 0, 0
58500, 1302490, 1, 0, 0
58602, 1261830, 1, 0, 0
58700, 1281933, 1, 0, 0
58800, 1248987, 1, 0, 0
58900, 1349649, 1, 0, 0
59001, 1346202, 1, 0, 0
59100, 1316844, 1, 0, 0
59201, 1340343, 1, 0, 0
59300, 1317000, 1, 0, 0
59400, 1273614, 1, 0, 0
59500, 1260685, 1, 0, 0
59600, 1328716, 1, 0, 0
59700, 1303121, 1, 0, 0
59801, 1334222, 1, 0, 0
59900, 1322453, 1, 0, 0
60000, 1311209, 1, 0, 0
60101, 1302747, 1, 0, 0
60200, 1260336, 1, 0, 0
60300, 1318026, 1, 0, 0
60400, 1290598, 1, 0, 0
60500, 1265750, 1, 0, 0
60600, 1341435, 1, 0, 0
60700, 1319224, 1, 0, 0
60800, 1339672, 1, 0, 0
60900, 1363084, 1, 0, 0
61001, 1310115, 1, 0, 0
61101, 1335579, 1, 0, 0
61200, 1301540, 1, 0, 0
61300, 1252773, 1, 0, 0
61400, 1306615, 1, 0, 0
61500, 1291304, 1, 0, 0
61600, 1302257, 1, 0, 0
61703, 1271441, 1, 0, 0
61800, 1327801, 1, 0, 0
61900, 1328815, 1, 0, 0
62000, 1350278, 1, 0, 0
62100, 1319200, 1, 0, 0
62200, 1300704, 1, 0, 0
62301, 1282101, 1, 0, 0
62400, 1301801, 1, 0, 0
62500, 1331435, 1, 0, 0
62600, 1297215, 1, 0, 0
62701, 1253946, 1, 0, 0
62801, 1262136, 1, 0, 0
62900, 1297276, 1, 0, 0
63000, 1249762, 1, 0, 0
63101, 1314081, 1, 0, 0
63200, 1287418, 1, 0, 0
63300, 1301009, 1, 0, 0
63400, 1319652, 1, 0, 0
63500, 1307917, 1, 0, 0
63600, 1363717, 1, 0, 0
63701, 1341654, 1, 0, 0
63800, 1372789, 1, 0, 0
63900, 1295261, 1, 0, 0
64000, 1239137, 1, 0, 0
64100, 1291771, 1, 0, 0
64200, 1313749, 1, 0, 0
64300, 1277203, 1, 0, 0
64401, 1283364, 1, 0, 0
64501, 1224286, 1, 0, 0
64600, 1312556, 1, 0, 0
64700, 1327480, 1, 0, 0
64801, 1241073, 1, 0, 0
64900, 1268475, 1, 0, 0
65000, 1238001, 1, 0, 0
65101, 1300755, 1, 0, 0
65200, 1268843, 1, 0, 0
65300, 1241661, 1, 0, 0
65400, 1232614, 1, 0, 0
65500, 1232387, 1, 0, 0
65600, 1309746, 1, 0, 0
65701, 1305188, 1, 0, 0
65800, 1266605, 1, 0, 0
65900, 1233726, 1, 0, 0
66001, 1303535, 1, 0, 0
66100, 1293138, 1, 0, 0
66200, 1358314, 1, 0, 0
66300, 1300895, 1, 0, 0
66400, 1300593, 1, 0, 0
66500, 1248400, 1, 0, 0
66600, 1254086, 1, 0, 0
66700, 1308977, 1, 0, 0
66800, 1291830, 1, 0, 0
66900, 1246353, 1, 0, 0
67000, 1304339, 1, 0, 0
67100, 1265205, 1, 0, 0
67200, 1294539, 1, 0, 0
67301, 1256676, 1, 0, 0
67401, 1276458, 1, 0, 0
67501, 1283267, 1, 0, 0
67600, 1256061, 1, 0, 0
67700, 1218053, 1, 0, 0
67800, 1278364, 1, 0, 0
67900, 1242699, 1, 0, 0
68000, 1259224, 1, 0, 0
68100, 1246099, 1, 0, 0
68200, 1283749, 1, 0, 0
68300, 1338252, 1, 0, 0
68400, 1267500, 1, 0, 0
68501, 1224655, 1, 0, 0
68600, 1253005, 1, 0, 0
68701, 1195353, 1, 0, 0
68800, 1284370, 1, 0, 0
68900, 1282399, 1, 0, 0
69001, 1269908, 1, 0, 0
69100, 1265164, 1, 0, 0
69200, 1268964, 1, 0, 0
69300, 1324249, 1, 0, 0
69401, 1279348, 1, 0, 0
69500, 1330960, 1, 0, 0
69600, 1252745, 1, 0, 0
69700, 1289179, 1, 0, 0
69801, 1230621, 1, 0, 0
69900, 1285252, 1, 0, 0
70001, 1252187, 1, 0, 0
70100, 1191147, 1, 0, 0
70200, 1278834, 1, 0, 0
70301, 1314935, 1, 0, 0
70400, 1241272, 1, 0, 0
70500, 1253909, 1, 0, 0
70600, 1218291, 1, 0, 0
70700, 1252176, 1, 0, 0
70800, 1241183, 1, 0, 0
70900, 1247373, 1, 0, 0
71001, 1256809, 1, 0, 0
71100, 1287327, 1, 0, 0
71201, 1249793, 1, 0, 0
71301, 1329731, 1, 0, 0
71400, 1253402, 1, 0, 0
71500, 1290272, 1, 0, 0
71600, 1369531, 1, 0, 0
71701, 1213604, 1, 0, 0
71800, 1271081, 1, 0, 0
71900, 1311915, 1, 0, 0
72000, 1311347, 1, 0, 0
72100, 1260008, 1, 0, 0
72200, 1213050, 1, 0, 0
72300, 1261478, 1, 0, 0
72400, 1326912, 1, 0, 0
72500, 1264412, 1, 0, 0
72600, 1276336, 1, 0, 0
72700, 1253665, 1, 0, 0
72801, 1323112, 1, 0, 0
72900, 1255494, 1, 0, 0
73000, 1253507, 1, 0, 0
73101, 1236966, 1, 0, 0
73200, 1227250, 1, 0, 0
73301, 1268768, 1, 0, 0
73400, 1284071, 1, 0, 0
73500, 1342902, 1, 0, 0
73600, 1279774, 1, 0, 0
73700, 1271675, 1, 0, 0
73801, 1310251, 1, 0, 0
73901, 1294364, 1, 0, 0
74000, 1232080, 1, 0, 0
74101, 1212492, 1, 0, 0
74200, 1247201, 1, 0, 0
74300, 1250459, 1, 0, 0
74400, 1241796, 1, 0, 0
74500, 1241190, 1, 0, 0
74600, 1240583, 1, 0, 0
74700, 1341722, 1, 0, 0
74800, 1260596, 1, 0, 0
74900, 1231231, 1, 0, 0
75001, 1284403, 1, 0, 0
75101, 1297498, 1, 0, 0
75200, 1301867, 1, 0, 0
75300, 1239261, 1, 0, 0
75400, 1241539, 1, 0, 0
75500, 1208275, 1, 0, 0
75600, 1304084, 1, 0, 0
75700, 1252933, 1, 0, 0
75800, 1272739, 1, 0, 0
75900, 1324935, 1, 0, 0
76000, 1250218, 1, 0, 0
76100, 1294160, 1, 0, 0
76200, 1227166, 1, 0, 0
76300, 1260846, 1, 0, 0
76400, 1339130, 1, 0, 0
76501, 1306922, 1, 0, 0
76600, 1294844, 1, 0, 0
76701, 1331721, 1, 0, 0
76801, 1283276, 1, 0, 0
76900, 1298529, 1, 0, 0
77000, 1271756, 1, 0, 0
77100, 1276301, 1, 0, 0
77200, 1266902, 1, 0, 0
77300, 1408360, 1, 0, 0
77400, 1308682, 1, 0, 0
77501, 1226275, 1, 0, 0
77600, 1295807, 1, 0, 0
77700, 1208475, 1, 0, 0
77801, 1281829, 1, 0, 0
77900, 1330119, 1, 0, 0
78000, 1278393, 1, 0, 0
78100, 1300016, 1, 0, 0
78200, 1304265, 1, 0, 0
78300, 1310564, 1, 0, 0
78400, 1259591, 1, 0, 0
78500, 1262935, 1, 0, 0
78600, 1254623, 1, 0, 0
78701, 1285679, 1, 0, 0
78800, 1286702, 1, 0, 0
78900, 1276913, 1, 0, 0
79000, 1286961, 1, 0, 0
79100, 1334169, 1, 0, 0
79200, 1261171, 1, 0, 0
79300, 1229639, 1, 0, 0
79401, 1370738, 1, 0, 0
79501, 1317065, 1, 0, 0
79600, 1296819, 1, 0, 0
79700, 1226756, 1, 0, 0
79800, 1252564, 1, 0, 0
79900, 1248747, 1, 0, 0
80001, 1233613, 1, 0, 0
80100, 1284065, 1, 0, 0
80201, 1244129, 1, 0, 0
80300, 1323341, 1, 0, 0
80400, 1318731, 1, 0, 0
80500, 1216008, 1, 0, 0
80600, 1281436, 1, 0, 0
80700, 1212631, 1, 0, 0
80801, 1229952, 1, 0, 0
80900, 1342447, 1, 0, 0
81000, 1215184, 1, 0, 0
81100, 1205948, 1, 0, 0
81200, 1212279, 1, 0, 0
81300, 1226747, 1, 0, 0
81400, 1368898, 1, 0, 0
81501, 1323164, 1, 0, 0
81601, 1276070, 1, 0, 0
81700, 1245074, 1, 0, 0
81801, 1252022, 1, 0, 0
81900, 1286175, 1, 0, 0
82000, 1256029, 1, 0, 0
82100, 1254445, 1, 0, 0
82200, 1279158, 1, 0, 0
82301, 1280071, 1, 0, 0
82400, 1307521, 1, 0, 0
82500, 1260524, 1, 0, 0
82600, 1278822, 1, 0, 0
82700, 1279140, 1, 0, 0
82800, 1284950, 1, 0, 0
82900, 1242546, 1, 0, 0
83000, 1229792, 1, 0, 0
83100, 1271984, 1, 0, 0
83200, 1247068, 1, 0, 0
83300, 1287289, 1, 0, 0
83400, 1293483, 1, 0, 0
83500, 1220722, 1, 0, 0
83600, 1273018, 1, 0, 0
83701, 1209301, 1, 0, 0
83800, 1245043, 1, 0, 0
83900, 1270693, 1, 0, 0
84000, 1239468, 1, 0, 0
84100, 1269961, 1, 0, 0
84200, 1211204, 1, 0, 0
84300, 1223155, 1, 0, 0
84400, 1258712, 1, 0, 0
84500, 1225296, 1, 0, 0
84600, 1273965, 1, 0, 0
84700, 1288030, 1, 0, 0
84800, 1213269, 1, 0, 0
84901, 1241657, 1, 0, 0
85000, 1286277, 1, 0, 0
85100, 1229042, 1, 0, 0
85201, 1216962, 1, 0, 0
85300, 1281043, 1, 0, 0
85400, 1248524, 1, 0, 0
85500, 1258998, 1, 0, 0
85600, 1299648, 1, 0, 0
85700, 1284154, 1, 0, 0
85800, 1234867, 1, 0, 0
85901, 1239935, 1, 0, 0
86000, 1264174, 1, 0, 0
86100, 1266579, 1, 0, 0
86200, 1204734, 1, 0, 0
86300, 1211866, 1, 0, 0
86400, 1210927, 1, 0, 0
86501, 1282208, 1, 0, 0
86601, 1239457, 1, 0, 0
86700, 1240089, 1, 0, 0
86801, 1302536, 1, 0, 0
86900, 1203006, 1, 0, 0
87000, 1236069, 1, 0, 0
87101, 1238771, 1, 0, 0
87200, 1287283, 1, 0, 0
87300, 1240211, 1, 0, 0
87400, 1276173, 1, 0, 0
87500, 1270849, 1, 0, 0
87600, 1243405, 1, 0, 0
87700, 1291093, 1, 0, 0
87800, 1233444, 1, 0, 0
87900, 1208090, 1, 0, 0
88000, 1249090, 1, 0, 0
88100, 1308869, 1, 0, 0
88200, 1239186, 1, 0, 0
88300, 1257432, 1, 0, 0
88401, 1292371, 1, 0, 0
88501, 1246881, 1, 0, 0
88600, 1282659, 1, 0, 0
88700, 1320248, 1, 0, 0
88800, 1232926, 1, 0, 0
88900, 1228459, 1, 0, 0
89000, 1206376, 1, 0, 0
89100, 1263364, 1, 0, 0
89200, 1283216, 1, 0, 0
89300, 1297579, 1, 0, 0
89400, 1321830, 1, 0, 0
89500, 1245119, 1, 0, 0
89600, 1337414, 1, 0, 0
89701, 1334754, 1, 0, 0
89801, 1264978, 1, 0, 0
89901, 1292727, 1, 0, 0
90000, 1246116, 1, 0, 0
90100, 1285988, 1, 0, 0
90200, 1303648, 1, 0, 0
90301, 1242967, 1, 0, 0
90400, 1282951, 1, 0, 0
90500, 1204155, 1, 0, 0
90600, 1258861, 1, 0, 0
90700, 1289057, 1, 0, 0
90801, 1277559, 1, 0, 0
90900, 1338912, 1, 0, 0
91000, 1217771, 1, 0, 0
91101, 1249721, 1, 0, 0
91200, 1280102, 1, 0, 0
91301, 1216541, 1, 0, 0
91401, 1259949, 1, 0, 0
91500, 1287976, 1, 0, 0
91600, 1304461, 1, 0, 0
91701, 1328815, 1, 0, 0
91800, 1323418, 1, 0, 0
91900, 1265742, 1, 0, 0
92002, 1371105, 1, 0, 0
92100, 1252587, 1, 0, 0
92200, 1235691, 1, 0, 0
92301, 1270117, 1, 0, 0
92400, 1216535, 1, 0, 0
92500, 1250360, 1, 0, 0
92602, 1259156, 1, 0, 0
92701, 1237564, 1, 0, 0
92801, 1256165, 1, 0, 0
92900, 1313713, 1, 0, 0
93000, 1233957, 1, 0, 0
93100, 1240725, 1, 0, 0
93201, 1254554, 1, 0, 0
93301, 1290459, 1, 0, 0
93400, 1257301, 1, 0, 0
93500, 1246948, 1, 0, 0
93601, 1263624, 1, 0, 0
93700, 1281292, 1, 0, 0
93800, 1223380, 1, 0, 0
93900, 1232947, 1, 0, 0
94000, 1329487, 1, 0, 0
94100, 1233098, 1, 0, 0
94201, 1299447, 1, 0, 0
94300, 1324116, 1, 0, 0
94400, 1237763, 1, 0, 0
94500, 1248356, 1, 0, 0
94600, 1237165, 1, 0, 0
94700, 1259211, 1, 0, 0
94800, 1282477, 1, 0, 0
94900, 1239412, 1, 0, 0
95000, 1242085, 1, 0, 0
95101, 1291890, 1, 0, 0
95200, 1240090, 1, 0, 0
95300, 1247596, 1, 0, 0
95400, 1286672, 1, 0, 0
95500, 1323813, 1, 0, 0
95600, 1316404, 1, 0, 0
95700, 1254180, 1, 0, 0
95801, 1302771, 1, 0, 0
95900, 1303753, 1, 0, 0
96000, 1270977, 1, 0, 0
96100, 1296273, 1, 0, 0
96200, 1239541, 1, 0, 0
96301, 1238578, 1, 0, 0
96400, 1248564, 1, 0, 0
96501, 1301410, 1, 0, 0
96601, 1265198, 1, 0, 0
96700, 1252994, 1, 0, 0
96800, 1257804, 1, 0, 0
96901, 1264515, 1, 0, 0
97000, 1273136, 1, 0, 0
97100, 1260384, 1, 0, 0
97200, 1276048, 1, 0, 0
97300, 1259875, 1, 0, 0
97401, 1325230, 1, 0, 0
97500, 1249606, 1, 0, 0
97600, 1262999, 1, 0, 0
97700, 1290017, 1, 0, 0
97800, 1249057, 1, 0, 0
97901, 1287278, 1, 0, 0
98000, 1303490, 1, 0, 0
98100, 1312820, 1, 0, 0
98200, 1276078, 1, 0, 0
98300, 1327958, 1, 0, 0
98400, 1259073, 1, 0, 0
98500, 1229231, 1, 0, 0
98601, 1240656, 1, 0, 0
98701, 1252844, 1, 0, 0
98800, 1253375, 1, 0, 0
98900, 1247444, 1, 0, 0
99000, 1197117, 1, 0, 0
99102, 1238794, 1, 0, 0
99200, 1269344, 1, 0, 0
99301, 1265131, 1, 0, 0
99401, 1295519, 1, 0, 0
99500, 1285218, 1, 0, 0
99600, 1219333, 1, 0, 0
99700, 1292289, 1, 0, 0
99801, 1233213, 1, 0, 0
99900, 1232081, 1, 0, 0
100001, 1305449, 1, 0, 0
100100, 1296240, 1, 0, 0
100200, 1281983, 1, 0, 0
100300, 1304026, 1, 0, 0
100400, 1276192, 1, 0, 0
100501, 1274535, 1, 0, 0
100601, 1199371, 1, 0, 0
100700, 1292340, 1, 0, 0
100800, 1236647, 1, 0, 0
100901, 1334501, 1, 0, 0
101000, 1269357, 1, 0, 0
101100, 1248077, 1, 0, 0
101200, 1233399, 1, 0, 0
101301, 1291021, 1, 0, 0
101400, 1258524, 1, 0, 0
101500, 1295839, 1, 0, 0
101600, 1244486, 1, 0, 0
101701, 1229256, 1, 0, 0
101800, 1268809, 1, 0, 0
101900, 1298452, 1, 0, 0
102000, 1261425, 1, 0, 0
102101, 1202385, 1, 0, 0
102201, 1295669, 1, 0, 0
102300, 1263117, 1, 0, 0
102400, 1258894, 1, 0, 0
102500, 1249700, 1, 0, 0
102600, 1234930, 1, 0, 0
102700, 1273080, 1, 0, 0
102800, 1215842, 1, 0, 0
102900, 1247169, 1, 0, 0
103000, 1281541, 1, 0, 0
103100, 1345597, 1, 0, 0
103200, 1258708, 1, 0, 0
103300, 1273060, 1, 0, 0
103400, 1312261, 1, 0, 0
103500, 1252624, 1, 0, 0
103600, 1292606, 1, 0, 0
103700, 1200246, 1, 0, 0
103800, 1227282, 1, 0, 0
103901, 1234747, 1, 0, 0
104000, 1249026, 1, 0, 0
104100, 1242968, 1, 0, 0
104200, 1263871, 1, 0, 0
104300, 1193145, 1, 0, 0
104400, 1255316, 1, 0, 0
104501, 1236049, 1, 0, 0
104601, 1211336, 1, 0, 0
104700, 1255484, 1, 0, 0
104800, 1216453, 1, 0, 0
104900, 1274140, 1, 0, 0
105000, 1239327, 1, 0, 0
105101, 1274399, 1, 0, 0
105200, 1223193, 1, 0, 0
105300, 1326330, 1, 0, 0
105401, 1209603, 1, 0, 0
105500, 1201525, 1, 0, 0
105600, 1222638, 1, 0, 0
105700, 1224279, 1, 0, 0
105800, 1241488, 1, 0, 0
105900, 1226910, 1, 0, 0
106001, 1268333, 1, 0, 0
106100, 1255397, 1, 0, 0
106200, 1273290, 1, 0, 0
106300, 1290853, 1, 0, 0
106400, 1249738, 1, 0, 0
106500, 1323518, 1, 0, 0
106600, 1266945, 1, 0, 0
106700, 1236628, 1, 0, 0
106800, 1284606, 1, 0, 0
106900, 1218681, 1, 0, 0
107000, 1270398, 1, 0, 0
107100, 1178797, 1, 0, 0
107200, 1229684, 1, 0, 0
107301, 1235908, 1, 0, 0
107400, 1208336, 1, 0, 0
107500, 1228478, 1, 0, 0
107600, 1205992, 1, 0, 0
107700, 1296905, 1, 0, 0
107800, 1236329, 1, 0, 0
107900, 1212514, 1, 0, 0
108000, 1209046, 1, 0, 0
108100, 1201879, 1, 0, 0
108201, 1229419, 1, 0, 0
108301, 1309239, 1, 0, 0
108401, 1243657, 1, 0, 0
108500, 1242633, 1, 0, 0
108601, 1217324, 1, 0, 0
108700, 1243414, 1, 0, 0
108801, 1234274, 1, 0, 0
108900, 1302787, 1, 0, 0
109001, 1235521, 1, 0, 0
109100, 1209800, 1, 0, 0
109201, 1248981, 1, 0, 0
109300, 1238446, 1, 0, 0
109400, 1220897, 1, 0, 0
109500, 1264658, 1, 0, 0
109600, 1286592, 1, 0, 0
109700, 1276800, 1, 0, 0
109800, 1267569, 1, 0, 0
109900, 1281614, 1, 0, 0
110000, 1212313, 1, 0, 0
110100, 1245736, 1, 0, 0
110201, 1272166, 1, 0, 0
110301, 1296348, 1, 0, 0
110400, 1299159, 1, 0, 0
110500, 1234100, 1, 0, 0
110600, 1225731, 1, 0, 0
110700, 1308340, 1, 0, 0
110800, 1342133, 1, 0, 0
110900, 1247844, 1, 0, 0
111000, 1243686, 1, 0, 0
111101, 1281609, 1, 0, 0
111200, 1191882, 1, 0, 0
111300, 1215407, 1, 0, 0
111401, 1238414, 1, 0, 0
111501, 1271337, 1, 0, 0
111600, 1211985, 1, 0, 0
111700, 1223366, 1, 0, 0
111800, 1229701, 1, 0, 0
111900, 1280666, 1, 0, 0
112000, 1239191, 1, 0, 0
112101, 1224267, 1, 0, 0
112200, 1190286, 1, 0, 0
112300, 1315030, 1, 0, 0
112401, 1249594, 1, 0, 0
112501, 1214410, 1, 0, 0
112600, 1217861, 1, 0, 0
112700, 1226453, 1, 0, 0
112800, 1276139, 1, 0, 0
112901, 1241714, 1, 0, 0
113001, 1242258, 1, 0, 0
113100, 1236499, 1, 0, 0
113200, 1279112, 1, 0, 0
113300, 1250783, 1, 0, 0
113400, 1283134, 1, 0, 0
113500, 1244027, 1, 0, 0
113600, 1237539, 1, 0, 0
113700, 1300897, 1, 0, 0
113800, 1227718, 1, 0, 0
113900, 1213494, 1, 0, 0
114000, 1255997, 1, 0, 0
114102, 1243478, 1, 0, 0
114200, 1260076, 1, 0, 0
114301, 1213136, 1, 0, 0
114400, 1212768, 1, 0, 0
114500, 1221584, 1, 0, 0
114600, 1328734, 1, 0, 0
114700, 1277855, 1, 0, 0
114800, 1237092, 1, 0, 0
114901, 1206292, 1, 0, 0
115000, 1244968, 1, 0, 0
115100, 1208866, 1, 0, 0
115200, 1312155, 1, 0, 0
115300, 1231782, 1, 0, 0
115400, 1243658, 1, 0, 0
115500, 1262865, 1, 0, 0
115601, 1252746, 1, 0, 0
115700, 1197669, 1, 0, 0
115800, 1225964, 1, 0, 0
115900, 1230777, 1, 0, 0
116001, 1220639, 1, 0, 0
116101, 1215743, 1, 0, 0
116200, 1238013, 1, 0, 0
116300, 1252544, 1, 0, 0
116400, 1200200, 1, 0, 0
116500, 1272071, 1, 0, 0
116600, 1340641, 1, 0, 0
116700, 1326677, 1, 0, 0
116800, 1271670, 1, 0, 0
116900, 1219419, 1, 0, 0
117000, 1203557, 1, 0, 0
117100, 1261780, 1, 0, 0
117201, 1255062, 1, 0, 0
117300, 1238690, 1, 0, 0
117400, 1261154, 1, 0, 0
117500, 1271673, 1, 0, 0
117600, 1245458, 1, 0, 0
117700, 1254534, 1, 0, 0
117801, 1291138, 1, 0, 0
117900, 1200953, 1, 0, 0
118001, 1182302, 1, 0, 0
118100, 1260689, 1, 0, 0
118201, 1257263, 1, 0, 0
118300, 1237235, 1, 0, 0
118400, 1210849, 1, 0, 0
118500, 1201108, 1, 0, 0
118600, 1279823, 1, 0, 0
118701, 1264031, 1, 0, 0
118800, 1203697, 1, 0, 0
118900, 1211199, 1, 0, 0
119000, 1210013, 1, 0, 0
119100, 1256463, 1, 0, 0
119200, 1220104, 1, 0, 0
119300, 1222991, 1, 0, 0
119401, 1252347, 1, 0, 0
119500, 1251468, 1, 0, 0
119600, 1337364, 1, 0, 0
119700, 1219923, 1, 0, 0
119800, 1309298, 1, 0, 0
119901, 1265639, 1, 0, 0
120001, 1272602, 1, 0, 0
120100, 1271548, 1, 0, 0
120200, 1309932, 1, 0, 0
120301, 1265671, 1, 0, 0
120400, 1219634, 1, 0, 0
120500, 1232263, 1, 0, 0
120600, 1235617, 1, 0, 0
120700, 1216611, 1, 0, 0
120800, 1323129, 1, 0, 0
120901, 1273402, 1, 0, 0
121000, 1234063, 1, 0, 0
121100, 1274748, 1, 0, 0
121200, 1217422, 1, 0, 0
121300, 1288145, 1, 0, 0
121400, 1274500, 1, 0, 0
121500, 1236329, 1, 0, 0
121600, 1262263, 1, 0, 0
121700, 1165202, 1, 0, 0
121800, 1204108, 1, 0, 0
121900, 1307556, 1, 0, 0
122000, 1274144, 1, 0, 0
122100, 1297597, 1, 0, 0
122200, 1226487, 1, 0, 0
122300, 1203367, 1, 0, 0
122400, 1233916, 1, 0, 0
122500, 1258169, 1, 0, 0
122600, 1266763, 1, 0, 0
122701, 1270078, 1, 0, 0
122800, 1244744, 1, 0, 0
122900, 1250261, 1, 0, 0
123000, 1228541, 1, 0, 0
123100, 1260764, 1, 0, 0
123200, 1200743, 1, 0, 0
123300, 1253011, 1, 0, 0
123400, 1285747, 1, 0, 0
123500, 1265948, 1, 0, 0
123601, 1255316, 1, 0, 0
123700, 1302607, 1, 0, 0
123801, 1260109, 1, 0, 0
123900, 1230951, 1, 0, 0
124001, 1183019, 1, 0, 0
124100, 1244564, 1, 0, 0
124200, 1293750, 1, 0, 0
124300, 1284168, 1, 0, 0
124401, 1233572, 1, 0, 0
124500, 1241129, 1, 0, 0
124600, 1230550, 1, 0, 0
124701, 1226262, 1, 0, 0
124801, 1244149, 1, 0, 0
124900, 1237640, 1, 0, 0
125000, 1282981, 1, 0, 0
125100, 1235539, 1, 0, 0
125200, 1234100, 1, 0, 0
125300, 1299977, 1, 0, 0
125400, 1202024, 1, 0, 0
125500, 1234104, 1, 0, 0
125600, 1307248, 1, 0, 0
125700, 1247929, 1, 0, 0
125801, 1248969, 1, 0, 0
125900, 1270983, 1, 0, 0
126001, 1338304, 1, 0, 0
126100, 1265398, 1, 0, 0
126200, 1305674, 1, 0, 0
126300, 1215446, 1, 0, 0
126400, 1251608, 1, 0, 0
126500, 1202411, 1, 0, 0
126600, 1259187, 1, 0, 0
126700, 1301678, 1, 0, 0
126800, 1268032, 1, 0, 0
126900, 1238026, 1, 0, 0
127000, 1253486, 1, 0, 0
127100, 1247756, 1, 0, 0
127200, 1220882, 1, 0, 0
127300, 1267258, 1, 0, 0
127400, 1263581, 1, 0, 0
127500, 1202369, 1, 0, 0
127600, 1198219, 1, 0, 0
127701, 1264726, 1, 0, 0
127800, 1242983, 1, 0, 0
127900, 1315907, 1, 0, 0
128001, 1286030, 1, 0, 0
128100, 1315711, 1, 0, 0
128201, 1288878, 1, 0, 0
128300, 1193133, 1, 0, 0
128400, 1266366, 1, 0, 0
128501, 1240177, 1, 0, 0
128600, 1240073, 1, 0, 0
128701, 1260946, 1, 0, 0
128800, 1268930, 1, 0, 0
128900, 1321737, 1, 0, 0
129000, 1282260, 1, 0, 0
129100, 1198832, 1, 0, 0
129201, 1223507, 1, 0, 0
129300, 1242841, 1, 0, 0
129400, 1259812, 1, 0, 0
129501, 1210289, 1, 0, 0
129600, 1216833, 1, 0, 0
129700, 1183319, 1, 0, 0
129800, 1211509, 1, 0, 0
129901, 1203503, 1, 0, 0
130000, 1250282, 1, 0, 0
130101, 1266030, 1, 0, 0
130200, 1270777, 1, 0, 0
130300, 1216717, 1, 0, 0
130400, 1182636, 1, 0, 0
130500, 1221372, 1, 0, 0
130601, 1231692, 1, 0, 0
130701, 1222422, 1, 0, 0
130800, 1233867, 1, 0, 0
130900, 1201509, 1, 0, 0
131000, 1196429, 1, 0, 0
131100, 1213463, 1, 0, 0
131200, 1274620, 1, 0, 0
131300, 1212513, 1, 0, 0
131400, 1245834, 1, 0, 0
131500, 1254179, 1, 0, 0
131600, 1219016, 1, 0, 0
131700, 1198310, 1, 0, 0
131800, 1262156, 1, 0, 0
131900, 1236266, 1, 0, 0
132000, 1256731, 1, 0, 0
132101, 1277880, 1, 0, 0
132200, 1242631, 1, 0, 0
132301, 1191443, 1, 0, 0
132401, 1228146, 1, 0, 0
132501, 1212353, 1, 0, 0
132601, 1240903, 1, 0, 0
132700, 1235165, 1, 0, 0
132800, 1309639, 1, 0, 0
132901, 1271417, 1, 0, 0
133000, 1247807, 1, 0, 0
133100, 1246451, 1, 0, 0
133200, 1241710, 1, 0, 0
133300, 1244543, 1, 0, 0
133400, 1225052, 1, 0, 0
133500, 1267064, 1, 0, 0
133600, 1289385, 1, 0, 0
133700, 1278770, 1, 0, 0
133800, 1266884, 1, 0, 0
133900, 1237395, 1, 0, 0
134000, 1237862, 1, 0, 0
134100, 1216029, 1, 0, 0
134200, 1265514, 1, 0, 0
134300, 1268361, 1, 0, 0
134400, 1197365, 1, 0, 0
134500, 1217854, 1, 0, 0
134600, 1275797, 1, 0, 0
134700, 1212487, 1, 0, 0
134800, 1307933, 1, 0, 0
134900, 1187021, 1, 0, 0
135000, 1278246, 1, 0, 0
135100, 1206194, 1, 0, 0
135201, 1234652, 1, 0, 0
135301, 1208254, 1, 0, 0
135400, 1218017, 1, 0, 0
135500, 1268799, 1, 0, 0
135600, 1295606, 1, 0, 0
135701, 1332833, 1, 0, 0
135800, 1235520, 1, 0, 0
135900, 1285750, 1, 0, 0
136000, 1215740, 1, 0, 0
136101, 1322409, 1, 0, 0
136201, 1291474, 1, 0, 0
136300, 1249745, 1, 0, 0
136401, 1288959, 1, 0, 0
136500, 1206895, 1, 0, 0
136601, 1355562, 1, 0, 0
136701, 1214136, 1, 0, 0
136800, 1191368, 1, 0, 0
136900, 1222940, 1, 0, 0
137000, 1229454, 1, 0, 0
137100, 1260099, 1, 0, 0
137201, 1286194, 1, 0, 0
137300, 1236600, 1, 0, 0
137400, 1214443, 1, 0, 0
137500, 1243520, 1, 0, 0
137600, 1271248, 1, 0, 0
137700, 1221696, 1, 0, 0
137800, 1230912, 1, 0, 0
137900, 1273145, 1, 0, 0
138000, 1198261, 1, 0, 0
138100, 1220626, 1, 0, 0
138200, 1286166, 1, 0, 0
138300, 1214318, 1, 0, 0
138400, 1233447, 1, 0, 0
138500, 1227515, 1, 0, 0
138600, 1245005, 1, 0, 0
138700, 1244641, 1, 0, 0
138800, 1193425, 1, 0, 0
138900, 1254763, 1, 0, 0
139000, 1227788, 1, 0, 0
139100, 1244048, 1, 0, 0
139201, 1270255, 1, 0, 0
139300, 1244640, 1, 0, 0
139401, 1229114, 1, 0, 0
139500, 1222490, 1, 0, 0
139600, 1321258, 1, 0, 0
139700, 1231773, 1, 0, 0
139802, 1244557, 1, 0, 0
139900, 1210807, 1, 0, 0
140000, 1201158, 1, 0, 0
140100, 1205850, 1, 0, 0
140200, 1224674, 1, 0, 0
140301, 1251658, 1, 0, 0
140401, 1228807, 1, 0, 0
140500, 1231837, 1, 0, 0
140600, 1277937, 1, 0, 0
140700, 1230335, 1, 0, 0
140800, 1227902, 1, 0, 0
140900, 1277005, 1, 0, 0
141000, 1228512, 1, 0, 0
141100, 1266882, 1, 0, 0
141201, 1265096, 1, 0, 0
141301, 1293106, 1, 0, 0
141400, 1254154, 1, 0, 0
141500, 1312562, 1, 0, 0
141600, 1270597, 1, 0, 0
141700, 1280566, 1, 0, 0
141800, 1253376, 1, 0, 0
141900, 1331105, 1, 0, 0
142000, 1287965, 1, 0, 0
142100, 1284495, 1, 0, 0
142200, 1245871, 1, 0, 0
142300, 1291429, 1, 0, 0
142401, 1275777, 1, 0, 0
142500, 1200242, 1, 0, 0
142600, 1254189, 1, 0, 0
142700, 1281396, 1, 0, 0
142800, 1265660, 1, 0, 0
142900, 1292523, 1, 0, 0
143000, 1231354, 1, 0, 0
143100, 1266517, 1, 0, 0
143200, 1230151, 1, 0, 0
143301, 1271127, 1, 0, 0
143401, 1277378, 1, 0, 0
143500, 1280626, 1, 0, 0
143600, 1244933, 1, 0, 0
143701, 1287513, 1, 0, 0
143800, 1241459, 1, 0, 0
143900, 1252994, 1, 0, 0
144000, 1250969, 1, 0, 0
144100, 1257146, 1, 0, 0
144201, 1234272, 1, 0, 0
144300, 1234090, 1, 0, 0
144400, 1317528, 1, 0, 0
144500, 1206977, 1, 0, 0
144600, 1246739, 1, 0, 0
144700, 1212961, 1, 0, 0
144800, 1235065, 1, 0, 0
144900, 1254865, 1, 0, 0
145000, 1265346, 1, 0, 0
145100, 1288519, 1, 0, 0
145201, 1235654, 1, 0, 0
145300, 1234539, 1, 0, 0
145400, 1258586, 1, 0, 0
145500, 1249933, 1, 0, 0
145600, 1243806, 1, 0, 0
145700, 1249942, 1, 0, 0
145800, 1283837, 1, 0, 0
145900, 1281319, 1, 0, 0
146000, 1239493, 1, 0, 0
146100, 1262824, 1, 0, 0
146200, 1170256, 1, 0, 0
146300, 1250367, 1, 0, 0
146400, 1285212, 1, 0, 0
146500, 1220716, 1, 0, 0
146601, 1213891, 1, 0, 0
146701, 1264589, 1, 0, 0
146801, 1291167, 1, 0, 0
146900, 1277926, 1, 0, 0
147000, 1289267, 1, 0, 0
147100, 1205007, 1, 0, 0
147200, 1248542, 1, 0, 0
147300, 1251186, 1, 0, 0
147400, 1234217, 1, 0, 0
147501, 1211232, 1, 0, 0
147600, 1236076, 1, 0, 0
147701, 1226832, 1, 0, 0
147800, 1290567, 1, 0, 0
147900, 1330854, 1, 0, 0
148000, 1252347, 1, 0, 0
148100, 1239244, 1, 0, 0
148200, 1216528, 1, 0, 0
148300, 1259944, 1, 0, 0
148400, 1238835, 1, 0, 0
148500, 1270643, 1, 0, 0
148600, 1272258, 1, 0, 0
148701, 1307761, 1, 0, 0
148800, 1234880, 1, 0, 0
148900, 1243139, 1, 0, 0
149000, 1251128, 1, 0, 0
149100, 1253108, 1, 0, 0
149200, 1249162, 1, 0, 0
149300, 1220709, 1, 0, 0
149400, 1203007, 1, 0, 0
149500, 1281238, 1, 0, 0
149601, 1264581, 1, 0, 0
149700, 1296654, 1, 0, 0
149800, 1235857, 1, 0, 0
149900, 1245533, 1, 0, 0
150001, 1224957, 1, 0, 0
150100, 1318589, 1, 0, 0
150200, 1211833, 1, 0, 0
150300, 1216726, 1, 0, 0
150400, 1257202, 1, 0, 0
150500, 1256458, 1, 0, 0
150600, 1233795, 1, 0, 0
150700, 1302937, 1, 0, 0
150800, 1224810, 1, 0, 0
150901, 1228171, 1, 0, 0
151001, 1312939, 1, 0, 0
151100, 1249144, 1, 0, 0
151200, 1309264, 1, 0, 0
151301, 1303869, 1, 0, 0
151400, 1300792, 1, 0, 0
151500, 1292117, 1, 0, 0
151600, 1262324, 1, 0, 0
151700, 1219781, 1, 0, 0
151800, 1235120, 1, 0, 0
151901, 1354046, 1, 0, 0
152002, 1310221, 1, 0, 0
152100, 1234382, 1, 0, 0
152200, 1249176, 1, 0, 0
152300, 1246161, 1, 0, 0
152400, 1242961, 1, 0, 0
152500, 1222583, 1, 0, 0
152601, 1227524, 1, 0, 0
152701, 1229900, 1, 0, 0
152800, 1272662, 1, 0, 0
152900, 1307508, 1, 0, 0
153000, 1269046, 1, 0, 0
153100, 1226605, 1, 0, 0
153201, 1268260, 1, 0, 0
153300, 1284819, 1, 0, 0
153400, 1310533, 1, 0, 0
153500, 1242804, 1, 0, 0
153600, 1246521, 1, 0, 0
153701, 1222195, 1, 0, 0
153800, 1253536, 1, 0, 0
153900, 1242126, 1, 0, 0
154000, 1291571, 1, 0, 0
154101, 1253952, 1, 0, 0
154200, 1226818, 1, 0, 0
154301, 1264861, 1, 0, 0
154400, 1238433, 1, 0, 0
154500, 1238398, 1, 0, 0
154601, 1223052, 1, 0, 0
154700, 1173587, 1, 0, 0
154800, 1237515, 1, 0, 0
154900, 1209641, 1, 0, 0
155000, 1223734, 1, 0, 0
155100, 1228602, 1, 0, 0
155200, 1261527, 1, 0, 0
155301, 1225354, 1, 0, 0
155401, 1262391, 1, 0, 0
155500, 1225811, 1, 0, 0
155600, 1260417, 1, 0, 0
155700, 1232464, 1, 0, 0
155800, 1221946, 1, 0, 0
155900, 1267235, 1, 0, 0
156000, 1254279, 1, 0, 0
156100, 1297625, 1, 0, 0
156200, 1266947, 1, 0, 0
156300, 1279369, 1, 0, 0
156400, 1278990, 1, 0, 0
156501, 1285376, 1, 0, 0
156600, 1254161, 1, 0, 0
156700, 1200162, 1, 0, 0
156800, 1293019, 1, 0, 0
156900, 1213959, 1, 0, 0
157000, 1245860, 1, 0, 0
157100, 1302150, 1, 0, 0
157200, 1253152, 1, 0, 0
157300, 1255927, 1, 0, 0
157400, 1271335, 1, 0, 0
157501, 1261748, 1, 0, 0
157600, 1305367, 1, 0, 0
157700, 1241405, 1, 0, 0
157800, 1220759, 1, 0, 0
157901, 1290460, 1, 0, 0
158000, 1260116, 1, 0, 0
158100, 1219514, 1, 0, 0
158200, 1246187, 1, 0, 0
158300, 1221802, 1, 0, 0
158401, 1241999, 1, 0, 0
158500, 1258046, 1, 0, 0
158600, 1221359, 1, 0, 0
158700, 1204915, 1, 0, 0
158800, 1249906, 1, 0, 0
158901, 1191778, 1, 0, 0
159000, 1235067, 1, 0, 0
159101, 1255369, 1, 0, 0
159200, 1224044, 1, 0, 0
159300, 1277416, 1, 0, 0
159400, 1210295, 1, 0, 0
159500, 1218913, 1, 0, 0
159600, 1226612, 1, 0, 0
159701, 1247965, 1, 0, 0
159800, 1208612, 1, 0, 0
159901, 1251714, 1, 0, 0
160000, 1275089, 1, 0, 0
160100, 1179767, 1, 0, 0
160200, 1202470, 1, 0, 0
160301, 1219641, 1, 0, 0
160402, 1254651, 1, 0, 0
160500, 1253875, 1, 0, 0
160600, 1222835, 1, 0, 0
160700, 1237138, 1, 0, 0
160800, 1212884, 1, 0, 0
160900, 1276739, 1, 0, 0
161001, 1229905, 1, 0, 0
161100, 1215776, 1, 0, 0
161201, 1178185, 1, 0, 0
161301, 1239214, 1, 0, 0
161401, 1201894, 1, 0, 0
161501, 1226348, 1, 0, 0
161600, 1220642, 1, 0, 0
161700, 1190686, 1, 0, 0
161800, 1205471, 1, 0, 0
161900, 1233373, 1, 0, 0
162000, 1175790, 1, 0, 0
162100, 1204764, 1, 0, 0
162200, 1173024, 1, 0, 0
162301, 1164118, 1, 0, 0
162400, 1215697, 1, 0, 0
162500, 1250436, 1, 0, 0
162600, 1198866, 1, 0, 0
162700, 1170059, 1, 0, 0
162801, 1183262, 1, 0, 0
162900, 1286884, 1, 0, 0
163000, 1166532, 1, 0, 0
163101, 1208553, 1, 0, 0
163200, 1209522, 1, 0, 0
163300, 1218761, 1, 0, 0
163400, 1227592, 1, 0, 0
163500, 1265359, 1, 0, 0
163600, 1200174, 1, 0, 0
163700, 1190104, 1, 0, 0
163801, 1285139, 1, 0, 0
163900, 1161604, 1, 0, 0
164000, 1179062, 1, 0, 0
164100, 1235694, 1, 0, 0
164200, 1189339, 1, 0, 0
164300, 1225301, 1, 0, 0
164400, 1196499, 1, 0, 0
164501, 1181301, 1, 0, 0
164601, 1214792, 1, 0, 0
164700, 1213333, 1, 0, 0
164800, 1193969, 1, 0, 0
164900, 1185975, 1, 0, 0
165000, 1240368, 1, 0, 0
165101, 1194434, 1, 0, 0
165201, 1228084, 1, 0, 0
165300, 1184617, 1, 0, 0
165400, 1248993, 1, 0, 0
165500, 1215889, 1, 0, 0
165601, 1281394, 1, 0, 0
165700, 1218522, 1, 0, 0
165800, 1188693, 1, 0, 0
165900, 1196961, 1, 0, 0
166000, 1181133, 1, 0, 0
166100, 1233658, 1, 0, 0
166201, 1172117, 1, 0, 0
166300, 1235967, 1, 0, 0
166400, 1186406, 1, 0, 0
166500, 1194828, 1, 0, 0
166600, 1204640, 1, 0, 0
166700, 1238936, 1, 0, 0
166801, 1158229, 1, 0, 0
166900, 1209988, 1, 0, 0
167001, 1225996, 1, 0, 0
167100, 1170533, 1, 0, 0
167200, 1219380, 1, 0, 0
167300, 1221309, 1, 0, 0
167400, 1248038, 1, 0, 0
167501, 1207743, 1, 0, 0
167600, 1253195, 1, 0, 0
167700, 1215247, 1, 0, 0
167800, 1289337, 1, 0, 0
167900, 1233676, 1, 0, 0
168000, 1201249, 1, 0, 0
168100, 1333292, 1, 0, 0
168201, 1237989, 1, 0, 0
168301, 1297299, 1, 0, 0
168400, 1245523, 1, 0, 0
168501, 1255423, 1, 0, 0
168600, 1245037, 1, 0, 0
168700, 1205979, 1, 0, 0
168800, 1251597, 1, 0, 0
168901, 1206394, 1, 0, 0
169000, 1246660, 1, 0, 0
169100, 1200594, 1, 0, 0
169200, 1199537, 1, 0, 0
169300, 1282055, 1, 0, 0
169400, 1197100, 1, 0, 0
169500, 1183416, 1, 0, 0
169601, 1204902, 1, 0, 0
169700, 1147304, 1, 0, 0
169800, 1202921, 1, 0, 0
169900, 1185444, 1, 0, 0
170001, 1265650, 1, 0, 0
170101, 1230092, 1, 0, 0
170200, 1199021, 1, 0, 0
170300, 1156304, 1, 0, 0
170400, 1199798, 1, 0, 0
170500, 1234949, 1, 0, 0
170600, 1252330, 1, 0, 0
170700, 1245107, 1, 0, 0
170800, 1277918, 1, 0, 0
170900, 1167176, 1, 0, 0
171000, 1217800, 1, 0, 0
171100, 1262169, 1, 0, 0
171200, 1202656, 1, 0, 0
171300, 1239387, 1, 0, 0
171400, 1257465, 1, 0, 0
171500, 1233352, 1, 0, 0
171600, 1204594, 1, 0, 0
171700, 1246880, 1, 0, 0
171800, 1240381, 1, 0, 0
171900, 1194160, 1, 0, 0
172000, 1194101, 1, 0, 0
172100, 1260114, 1, 0, 0
172200, 1253328, 1, 0, 0
172300, 1265442, 1, 0, 0
172400, 1199208, 1, 0, 0
172500, 1262767, 1, 0, 0
172600, 1296286, 1, 0, 0
172701, 1231484, 1, 0, 0
172800, 1250981, 1, 0, 0
172900, 1158709, 1, 0, 0
173000, 1257280, 1, 0, 0
173100, 1201058, 1, 0, 0
173201, 1193977, 1, 0, 0
173300, 1266344, 1, 0, 0
173400, 1234683, 1, 0, 0
173500, 1195749, 1, 0, 0
173600, 1127639, 1, 0, 0
173700, 1199684, 1, 0, 0
173800, 1215335, 1, 0, 0
173901, 1220545, 1, 0, 0
174001, 1254266, 1, 0, 0
174101, 1213514, 1, 0, 0
174201, 1195006, 1, 0, 0
174300, 1198621, 1, 0, 0
174400, 1205666, 1, 0, 0
174500, 1169023, 1, 0, 0
174601, 1222248, 1, 0, 0
174701, 1172257, 1, 0, 0
174800, 1218070, 1, 0, 0
174900, 1226945, 1, 0, 0
175001, 1210928, 1, 0, 0
175100, 1244742, 1, 0, 0
175200, 1168022, 1, 0, 0
175300, 1172277, 1, 0, 0
175400, 1146101, 1, 0, 0
175500, 1193507, 1, 0, 0
175600, 1249426, 1, 0, 0
175700, 1216705, 1, 0, 0
175800, 1194342, 1, 0, 0
175900, 1198978, 1, 0, 0
176000, 1179608, 1, 0, 0
176100, 1230728, 1, 0, 0
176200, 1258727, 1, 0, 0
176300, 1228035, 1, 0, 0
176400, 1149556, 1, 0, 0
176500, 1243575, 1, 0, 0
176600, 1177931, 1, 0, 0
176700, 1218025, 1, 0, 0
176800, 1204295, 1, 0, 0
176900, 1253130, 1, 0, 0
177000, 1189537, 1, 0, 0
177100, 1240596, 1, 0, 0
177200, 1235390, 1, 0, 0
177300, 1253345, 1, 0, 0
177400, 1190630, 1, 0, 0
177500, 1188656, 1, 0, 0
177600, 1221168, 1, 0, 0
177700, 1182864, 1, 0, 0
177800, 1297920, 1, 0, 0
177900, 1199494, 1, 0, 0
178000, 1190262, 1, 0, 0
178100, 1205576, 1, 0, 0
178200, 1238597, 1, 0, 0
178300, 1242902, 1, 0, 0
178400, 1232913, 1, 0, 0
178500, 1235344, 1, 0, 0
178600, 1293679, 1, 0, 0
178700, 1192735, 1, 0, 0
178801, 1182631, 1, 0, 0
178901, 1209240, 1, 0, 0
179001, 1228063, 1, 0, 0
179101, 1211438, 1, 0, 0
179200, 1207461, 1, 0, 0
179300, 1228007, 1, 0, 0
179401, 1203523, 1, 0, 0
179501, 1244711, 1, 0, 0
179600, 1215508, 1, 0, 0
179700, 1246971, 1, 0, 0
179800, 1223262, 1, 0, 0
179900, 1255218, 1, 0, 0
180000, 1196958, 1, 0, 0
180101, 1201585, 1, 0, 0
180201, 1197771, 1, 0, 0
180300, 1229689, 1, 0, 0
180400, 1159995, 1, 0, 0
180500, 1223578, 1, 0, 0
180600, 1185306, 1, 0, 0
180700, 1174863, 1, 0, 0
180800, 1215554, 1, 0, 0
180900, 1191686, 1, 0, 0
181000, 1213912, 1, 0, 0
181101, 1263726, 1, 0, 0
181200, 1223373, 1, 0, 0
181301, 1260512, 1, 0, 0
181400, 1207502, 1, 0, 0
181501, 1205521, 1, 0, 0
181600, 1194935, 1, 0, 0
181700, 1235123, 1, 0, 0
181800, 1232923, 1, 0, 0
181901, 1231142, 1, 0, 0
182000, 1170683, 1, 0, 0
182100, 1213061, 1, 0, 0
182200, 1204241, 1, 0, 0
182301, 1241549, 1, 0, 0
182400, 1191111, 1, 0, 0
182500, 1259785, 1, 0, 0
182600, 1202733, 1, 0, 0
182700, 1176636, 1, 0, 0
182800, 1213214, 1, 0, 0
182900, 1280728, 1, 0, 0
183000, 1191468, 1, 0, 0
183100, 1214638, 1, 0, 0
183200, 1186849, 1, 0, 0
183300, 1197710, 1, 0, 0
183400, 1242564, 1, 0, 0
183501, 1256967, 1, 0, 0
183601, 1216518, 1, 0, 0
183700, 1217380, 1, 0, 0
183800, 1195052, 1, 0, 0
183900, 1205471, 1, 0, 0
184000, 1273461, 1, 0, 0
184101, 1242840, 1, 0, 0
184200, 1168536, 1, 0, 0
184300, 1184720, 1, 0, 0
184400, 1218019, 1, 0, 0
184500, 1189693, 1, 0, 0
184601, 1256723, 1, 0, 0
184700, 1224986, 1, 0, 0
184800, 1211829, 1, 0, 0
184901, 1211581, 1, 0, 0
185000, 1190498, 1, 0, 0
185100, 1267476, 1, 0, 0
185200, 1260336, 1, 0, 0
185301, 1268813, 1, 0, 0
185400, 1251780, 1, 0, 0
185500, 1239580, 1, 0, 0
185600, 1211687, 1, 0, 0
185701, 1190275, 1, 0, 0
185800, 1194695, 1, 0, 0
185900, 1179054, 1, 0, 0
186000, 1233850, 1, 0, 0
186100, 1287776, 1, 0, 0
186200, 1260619, 1, 0, 0
186300, 1239811, 1, 0, 0
186400, 1211995, 1, 0, 0
186500, 1230479, 1, 0, 0
186600, 1209323, 1, 0, 0
186700, 1225492, 1, 0, 0
186800, 1240881, 1, 0, 0
186900, 1179642, 1, 0, 0
187001, 1198820, 1, 0, 0
187100, 1219347, 1, 0, 0
187200, 1245473, 1, 0, 0
187300, 1196799, 1, 0, 0
187401, 1202666, 1, 0, 0
187500, 1155251, 1, 0, 0
187600, 1208013, 1, 0, 0
187700, 1247948, 1, 0, 0
187801, 1218644, 1, 0, 0
187900, 1211248, 1, 0, 0
188000, 1262537, 1, 0, 0
188100, 1234597, 1, 0, 0
188200, 1347563, 1, 0, 0
188300, 1205115, 1, 0, 0
188400, 1183711, 1, 0, 0
188500, 1190635, 1, 0, 0
188601, 1218295, 1, 0, 0
188700, 1192009, 1, 0, 0
188800, 1170684, 1, 0, 0
188900, 1141132, 1, 0, 0
189000, 1232394, 1, 0, 0
189100, 1224099, 1, 0, 0
189201, 1181991, 1, 0, 0
189300, 1214182, 1, 0, 0
189400, 1202141, 1, 0, 0
189500, 1192703, 1, 0, 0
189600, 1180164, 1, 0, 0
189700, 1199524, 1, 0, 0
189801, 1200050, 1, 0, 0
189900, 1231408, 1, 0, 0
190000, 1230088, 1, 0, 0
190100, 1223274, 1, 0, 0
190200, 1205894, 1, 0, 0
190300, 1205917, 1, 0, 0
190400, 1283018, 1, 0, 0
190501, 1221740, 1, 0, 0
190600, 1199530, 1, 0, 0
190700, 1275109, 1, 0, 0
190800, 1215398, 1, 0, 0
190900, 1183370, 1, 0, 0
191000, 1183025, 1, 0, 0
191100, 1195801, 1, 0, 0
191200, 1241472, 1, 0, 0
191301, 1182760, 1, 0, 0
191400, 1198025, 1, 0, 0
191500, 1214898, 1, 0, 0
191601, 1208619, 1, 0, 0
191700, 1221590, 1, 0, 0
191801, 1213506, 1, 0, 0
191900, 1217121, 1, 0, 0
192000, 1199631, 1, 0, 0
192100, 1186937, 1, 0, 0
192201, 1170272, 1, 0, 0
192300, 1246365, 1, 0, 0
192400, 1182157, 1, 0, 0
192501, 1166300, 1, 0, 0
192600, 1196363, 1, 0, 0
192700, 1209745, 1, 0, 0
192800, 1243689, 1, 0, 0
192900, 1160127, 1, 0, 0
193000, 1247754, 1, 0, 0
193100, 1281769, 1, 0, 0
193200, 1202277, 1, 0, 0
193300, 1214066, 1, 0, 0
193400, 1212261, 1, 0, 0
193500, 1223304, 1, 0, 0
193600, 1248936, 1, 0, 0
193700, 1236920, 1, 0, 0
193801, 1208357, 1, 0, 0
193901, 1293063, 1, 0, 0
194001, 1225972, 1, 0, 0
194100, 1229161, 1, 0, 0
194200, 1232773, 1, 0, 0
194301, 1218602, 1, 0, 0
194400, 1288436, 1, 0, 0
194501, 1165527, 1, 0, 0
194601, 1229613, 1, 0, 0
194700, 1226083, 1, 0, 0
194800, 1201410, 1, 0, 0
194900, 1195124, 1, 0, 0
195000, 1236656, 1, 0, 0
195100, 1234399, 1, 0, 0
195200, 1214825, 1, 0, 0
195301, 1227183, 1, 0, 0
195400, 1217842, 1, 0, 0
195500, 1245049, 1, 0, 0
195600, 1231511, 1, 0, 0
195700, 1261201, 1, 0, 0
195800, 1162748, 1, 0, 0
195900, 1225656, 1, 0, 0
196001, 1169581, 1, 0, 0
196100, 1220031, 1, 0, 0
196200, 1226771, 1, 0, 0
196300, 1217541, 1, 0, 0
196400, 1181669, 1, 0, 0
196500, 1240433, 1, 0, 0
196601, 1242473, 1, 0, 0
196700, 1296679, 1, 0, 0
196801, 1224959, 1, 0, 0
196900, 1273832, 1, 0, 0
197000, 1239603, 1, 0, 0
197100, 1249837, 1, 0, 0
197200, 1253617, 1, 0, 0
197301, 1222449, 1, 0, 0
197400, 1160645, 1, 0, 0
197500, 1245389, 1, 0, 0
197600, 1220031, 1, 0, 0
197700, 1227306, 1, 0, 0
197800, 1267630, 1, 0, 0
197900, 1207255, 1, 0, 0
198000, 1162599, 1, 0, 0
198100, 1230589, 1, 0, 0
198200, 1200275, 1, 0, 0
198300, 1221865, 1, 0, 0
198400, 1217302, 1, 0, 0
198501, 1233544, 1, 0, 0
198600, 1241793, 1, 0, 0
198700, 1241212, 1, 0, 0
198801, 1329079, 1, 0, 0
198900, 1274743, 1, 0, 0
199000, 1291384, 1, 0, 0
199100, 1259626, 1, 0, 0
199200, 1211898, 1, 0, 0
199300, 1275126, 1, 0, 0
199400, 1305773, 1, 0, 0
199500, 1224197, 1, 0, 0
199600, 1258150, 1, 0, 0
199700, 1225369, 1, 0, 0
199800, 1204294, 1, 0, 0
199900, 1206611, 1, 0, 0
200000, 1271707, 1, 0, 0
200100, 1251662, 1, 0, 0
200200, 1243485, 1, 0, 0
200300, 1292612, 1, 0, 0
200400, 1183116, 1, 0, 0
200500, 1280679, 1, 0, 0
200601, 1288343, 1, 0, 0
200700, 1221934, 1, 0, 0
200801, 1244965, 1, 0, 0
200900, 1227171, 1, 0, 0
201000, 1259951, 1, 0, 0
201100, 1274196, 1, 0, 0
201200, 1213022, 1, 0, 0
201300, 1208714, 1, 0, 0
201400, 1205206, 1, 0, 0
201500, 1278331, 1, 0, 0
201600, 1253476, 1, 0, 0
201700, 1253497, 1, 0, 0
201800, 1206759, 1, 0, 0
201900, 1198932, 1, 0, 0
202000, 1201105, 1, 0, 0
202100, 1199826, 1, 0, 0
202200, 1220410, 1, 0, 0
202301, 1220137, 1, 0, 0
202400, 1255355, 1, 0, 0
202500, 1326552, 1, 0, 0
202600, 1293607, 1, 0, 0
202700, 1219620, 1, 0, 0
202800, 1224798, 1, 0, 0
202900, 1281185, 1, 0, 0
203000, 1224155, 1, 0, 0
203100, 1214280, 1, 0, 0
203200, 1201644, 1, 0, 0
203300, 1165489, 1, 0, 0
203400, 1192082, 1, 0, 0
203500, 1248482, 1, 0, 0
203600, 1181709, 1, 0, 0
203700, 1213617, 1, 0, 0
203800, 1210166, 1, 0, 0
203900, 1285534, 1, 0, 0
204001, 1159457, 1, 0, 0
204100, 1247313, 1, 0, 0
204200, 1231929, 1, 0, 0
204301, 1205300, 1, 0, 0
204400, 1202004, 1, 0, 0
204501, 1239300, 1, 0, 0
204600, 1246605, 1, 0, 0
204700, 1247914, 1, 0, 0
204800, 1247543, 1, 0, 0
204900, 1241257, 1, 0, 0
205000, 1239127, 1, 0, 0
205100, 1232564, 1, 0, 0
205200, 1231668, 1, 0, 0
205301, 1216752, 1, 0, 0
205400, 1186107, 1, 0, 0
205501, 1197815, 1, 0, 0
205600, 1191374, 1, 0, 0
205700, 1218106, 1, 0, 0
205800, 1183345, 1, 0, 0
205900, 1207587, 1, 0, 0
206000, 1202413, 1, 0, 0
206101, 1204895, 1, 0, 0
206201, 1290357, 1, 0, 0
206300, 1220375, 1, 0, 0
206400, 1230919, 1, 0, 0
206500, 1205293, 1, 0, 0
206600, 1195626, 1, 0, 0
206701, 1234174, 1, 0, 0
206800, 1207649, 1, 0, 0
206900, 1193283, 1, 0, 0
207000, 1162077, 1, 0, 0
207101, 1220118, 1, 0, 0
207200, 1271730, 1, 0, 0
207300, 1224456, 1, 0, 0
207400, 1255570, 1, 0, 0
207500, 1226849, 1, 0, 0
207601, 1237235, 1, 0, 0
207700, 1297089, 1, 0, 0
207800, 1223280, 1, 0, 0
207901, 1229318, 1, 0, 0
208000, 1200006, 1, 0, 0
208100, 1173138, 1, 0, 0
208201, 1264945, 1, 0, 0
208300, 1219155, 1, 0, 0
208400, 1259665, 1, 0, 0
208501, 1207637, 1, 0, 0
208600, 1239991, 1, 0, 0
208700, 1199978, 1, 0, 0
208800, 1263108, 1, 0, 0
208900, 1209563, 1, 0, 0
209000, 1212990, 1, 0, 0
209100, 1250004, 1, 0, 0
209200, 1231051, 1, 0, 0
209300, 1248183, 1, 0, 0
209400, 1167444, 1, 0, 0
209501, 1198034, 1, 0, 0
209600, 1174213, 1, 0, 0
209700, 1213473, 1, 0, 0
209800, 1250039, 1, 0, 0
209900, 1193297, 1, 0, 0
210000, 1204858, 1, 0, 0
210100, 1221485, 1, 0, 0
210200, 1216208, 1, 0, 0
210300, 1188953, 1, 0, 0
210401, 1222479, 1, 0, 0
210500, 1190952, 1, 0, 0
210601, 1163449, 1, 0, 0
210700, 1229806, 1, 0, 0
210800, 1244214, 1, 0, 0
210900, 1184589, 1, 0, 0
211000, 1187054, 1, 0, 0
211101, 1189646, 1, 0, 0
211201, 1157449, 1, 0, 0
211301, 1157608, 1, 0, 0
211401, 1215969, 1, 0, 0
211500, 1205189, 1, 0, 0
211600, 1192921, 1, 0, 0
211700, 1179167, 1, 0, 0
211800, 1248732, 1, 0, 0
211900, 1267238, 1, 0, 0
212000, 1181102, 1, 0, 0
212101, 1223291, 1, 0, 0
212201, 1147081, 1, 0, 0
212302, 1251823, 1, 0, 0
212401, 1298696, 1, 0, 0
212501, 1247195, 1, 0, 0
212600, 1249288, 1, 0, 0
212701, 1202214, 1, 0, 0
212800, 1219102, 1, 0, 0
212901, 1250731, 1, 0, 0
213000, 1215611, 1, 0, 0
213100, 1205861, 1, 0, 0
213200, 1207484, 1, 0, 0
213300, 1205685, 1, 0, 0
213400, 1313102, 1, 0, 0
213500, 1200286, 1, 0, 0
213600, 1235279, 1, 0, 0
213700, 1228465, 1, 0, 0
213800, 1196435, 1, 0, 0
213900, 1226547, 1, 0, 0
214000, 1262969, 1, 0, 0
214100, 1229542, 1, 0, 0
214200, 1277025, 1, 0, 0
214300, 1220854, 1, 0, 0
214400, 1191281, 1, 0, 0
214500, 1216477, 1, 0, 0
214600, 1274140, 1, 0, 0
214701, 1224842, 1, 0, 0
214800, 1248107, 1, 0, 0
214900, 1223263, 1, 0, 0
215001, 1206307, 1, 0, 0
215100, 1274192, 1, 0, 0
215200, 1250798, 1, 0, 0
215300, 1276035, 1, 0, 0
215400, 1231418, 1, 0, 0
215500, 1211977, 1, 0, 0
215601, 1305381, 1, 0, 0
215700, 1246729, 1, 0, 0
215800, 1277641, 1, 0, 0
215900, 1227057, 1, 0, 0
216000, 1293970, 1, 0, 0
216100, 1200307, 1, 0, 0
216201, 1226532, 1, 0, 0
216301, 1246685, 1, 0, 0
216401, 1199858, 1, 0, 0
216501, 1209454, 1, 0, 0
216601, 1183669, 1, 0, 0
216701, 1292066, 1, 0, 0
216800, 1253588, 1, 0, 0
216900, 1275852, 1, 0, 0
217000, 1170205, 1, 0, 0
217100, 1214888, 1, 0, 0
217201, 1281402, 1, 0, 0
217300, 1238220, 1, 0, 0
217400, 1242669, 1, 0, 0
217501, 1213677, 1, 0, 0
217600, 1204396, 1, 0, 0
217700, 1299807, 1, 0, 0
217801, 1237518, 1, 0, 0
217901, 1243209, 1, 0, 0
218001, 1243324, 1, 0, 0
218100, 1219226, 1, 0, 0
218200, 1234732, 1, 0, 0
218300, 1249705, 1, 0, 0
218400, 1234992, 1, 0, 0
218500, 1250836, 1, 0, 0
218600, 1234595, 1, 0, 0
218701, 1232988, 1, 0, 0
218800, 1302850, 1, 0, 0
218900, 1241344, 1, 0, 0
219000, 1178296, 1, 0, 0
219100, 1229605, 1, 0, 0
219200, 1269490, 1, 0, 0
219300, 1200222, 1, 0, 0
219400, 1270032, 1, 0, 0
219500, 1193670, 1, 0, 0
219601, 1220081, 1, 0, 0
219700, 1207607, 1, 0, 0
219801, 1234985, 1, 0, 0
219900, 1185865, 1, 0, 0
220000, 1184438, 1, 0, 0
220100, 1177824, 1, 0, 0
220200, 1166374, 1, 0, 0
220300, 1229756, 1, 0, 0
220400, 1249150, 1, 0, 0
220500, 1183216, 1, 0, 0
220600, 1212829, 1, 0, 0
220700, 1207015, 1, 0, 0
220800, 1217290, 1, 0, 0
220901, 1206994, 1, 0, 0
221000, 1200556, 1, 0, 0
221100, 1231922, 1, 0, 0
221201, 1201974, 1, 0, 0
221300, 1250276, 1, 0, 0
221401, 1259210, 1, 0, 0
221500, 1175029, 1, 0, 0
221601, 1203437, 1, 0, 0
221700, 1211054, 1, 0, 0
221800, 1176839, 1, 0, 0
221901, 1184863, 1, 0, 0
222000, 1233073, 1, 0, 0
222100, 1181470, 1, 0, 0
222201, 1237257, 1, 0, 0
222300, 1268933, 1, 0, 0
222401, 1235661, 1, 0, 0
222501, 1178722, 1, 0, 0
222600, 1158828, 1, 0, 0
222700, 1225704, 1, 0, 0
222801, 1217426, 1, 0, 0
222900, 1254602, 1, 0, 0
223000, 1245293, 1, 0, 0
223100, 1270672, 1, 0, 0
223200, 1245026, 1, 0, 0
223301, 1216726, 1, 0, 0
223400, 1207096, 1, 0, 0
223500, 1169237, 1, 0, 0
223601, 1297345, 1, 0, 0
223701, 1211850, 1, 0, 0
223800, 1179652, 1, 0, 0
223900, 1205580, 1, 0, 0
224000, 1213060, 1, 0, 0
224100, 1228242, 1, 0, 0
224200, 1226002, 1, 0, 0
224300, 1166222, 1, 0, 0
224400, 1201169, 1, 0, 0
224500, 1202493, 1, 0, 0
224600, 1208265, 1, 0, 0
224700, 1228283, 1, 0, 0
224800, 1194316, 1, 0, 0
224900, 1221117, 1, 0, 0
225000, 1220391, 1, 0, 0
225100, 1176179, 1, 0, 0
225200, 1242897, 1, 0, 0
225300, 1249229, 1, 0, 0
225401, 1176584, 1, 0, 0
225500, 1228413, 1, 0, 0
225600, 1211264, 1, 0, 0
225700, 1227444, 1, 0, 0
225800, 1206164, 1, 0, 0
225900, 1193226, 1, 0, 0
226000, 1192899, 1, 0, 0
226101, 1179220, 1, 0, 0
226201, 1183140, 1, 0, 0
226300, 1241528, 1, 0, 0
226400, 1228769, 1, 0, 0
226501, 1188372, 1, 0, 0
226600, 1200027, 1, 0, 0
226700, 1183205, 1, 0, 0
226800, 1166189, 1, 0, 0
226900, 1204325, 1, 0, 0
227000, 1154689, 1, 0, 0
227100, 1212431, 1, 0, 0
227200, 1221921, 1, 0, 0
227300, 1184003, 1, 0, 0
227400, 1183799, 1, 0, 0
227501, 1241946, 1, 0, 0
227600, 1217993, 1, 0, 0
227700, 1134251, 1, 0, 0
227800, 1228880, 1, 0, 0
227900, 1200759, 1, 0, 0
228000, 1153786, 1, 0, 0
228101, 1169685, 1, 0, 0
228200, 1170949, 1, 0, 0
228300, 1164549, 1, 0, 0
228400, 1210557, 1, 0, 0
228501, 1198114, 1, 0, 0
228601, 1156340, 1, 0, 0
228701, 1199097, 1, 0, 0
228800, 1214852, 1, 0, 0
228900, 1223229, 1, 0, 0
229000, 1260209, 1, 0, 0
229100, 1223996, 1, 0, 0
229200, 1198448, 1, 0, 0
229300, 1190462, 1, 0, 0
229400, 1231151, 1, 0, 0
229500, 1191490, 1, 0, 0
229600, 1232585, 1, 0, 0
229700, 1176101, 1, 0, 0
229800, 1202962, 1, 0, 0
229900, 1205275, 1, 0, 0
230000, 1209387, 1, 0, 0
230100, 1228993, 1, 0, 0
230201, 1214524, 1, 0, 0
230301, 1198267, 1, 0, 0
230400, 1265346, 1, 0, 0
230500, 1205700, 1, 0, 0
230600, 1209410, 1, 0, 0
230700, 1229606, 1, 0, 0
230800, 1184237, 1, 0, 0
230900, 1243035, 1, 0, 0
231000, 1185781, 1, 0, 0
231100, 1201760, 1, 0, 0
231200, 1222762, 1, 0, 0
231300, 1173179, 1, 0, 0
231401, 1190422, 1, 0, 0
231501, 1193673, 1, 0, 0
231601, 1184270, 1, 0, 0
231700, 1202712, 1, 0, 0
231800, 1199150, 1, 0, 0
231900, 1183666, 1, 0, 0
232000, 1216535, 1, 0, 0
232100, 1173707, 1, 0, 0
232200, 1189956, 1, 0, 0
232300, 1202598, 1, 0, 0
232400, 1229168, 1, 0, 0
232500, 1175374, 1, 0, 0
232600, 1212658, 1, 0, 0
232700, 1239231, 1, 0, 0
232800, 1210418, 1, 0, 0
232900, 1222674, 1, 0, 0
233000, 1156307, 1, 0, 0
233100, 1261615, 1, 0, 0
233200, 1196677, 1, 0, 0
233300, 1226426, 1, 0, 0
233401, 1220367, 1, 0, 0
233500, 1247301, 1, 0, 0
233600, 1223199, 1, 0, 0
233701, 1191164, 1, 0, 0
233800, 1230808, 1, 0, 0
233900, 1206359, 1, 0, 0
234001, 1217155, 1, 0, 0
234100, 1297565, 1, 0, 0
234200, 1176010, 1, 0, 0
234301, 1235301, 1, 0, 0
234400, 1204645, 1, 0, 0
234500, 1228399, 1, 0, 0
234600, 1175803, 1, 0, 0
234701, 1204337, 1, 0, 0
234800, 1204869, 1, 0, 0
234900, 1199030, 1, 0, 0
235000, 1175574, 1, 0, 0
235100, 1226630, 1, 0, 0
235200, 1204160, 1, 0, 0
235300, 1175328, 1, 0, 0
235401, 1176969, 1, 0, 0
235500, 1159083, 1, 0, 0
235600, 1176238, 1, 0, 0
235701, 1175895, 1, 0, 0
235800, 1178363, 1, 0, 0
235900, 1207859, 1, 0, 0
236000, 1196719, 1, 0, 0
236101, 1201965, 1, 0, 0
236200, 1206107, 1, 0, 0
236300, 1226967, 1, 0, 0
236400, 1204121, 1, 0, 0
236500, 1292542, 1, 0, 0
236600, 1200205, 1, 0, 0
236700, 1254781, 1, 0, 0
236800, 1207916, 1, 0, 0
236901, 1219864, 1, 0, 0
237000, 1210117, 1, 0, 0
237100, 1214362, 1, 0, 0
237200, 1218402, 1, 0, 0
237300, 1190998, 1, 0, 0
237400, 1162737, 1, 0, 0
237500, 1214508, 1, 0, 0
237600, 1222329, 1, 0, 0
237700, 1246319, 1, 0, 0
237800, 1173653, 1, 0, 0
237901, 1188536, 1, 0, 0
238001, 1198198, 1, 0, 0
238100, 1166327, 1, 0, 0
238201, 1208106, 1, 0, 0
238300, 1180872, 1, 0, 0
238400, 1185010, 1, 0, 0
238500, 1207058, 1, 0, 0
238600, 1227661, 1, 0, 0
238701, 1245147, 1, 0, 0
238800, 1221125, 1, 0, 0
238900, 1236203, 1, 0, 0
239000, 1194540, 1, 0, 0
239100, 1178270, 1, 0, 0
239200, 1184374, 1, 0, 0
239300, 1238529, 1, 0, 0
239401, 1199294, 1, 0, 0
239500, 1228790, 1, 0, 0
239600, 1203802, 1, 0, 0
239700, 1210684, 1, 0, 0
239800, 1212747, 1, 0, 0
239900, 1213830, 1, 0, 0
240000, 1214129, 1, 0, 0
240101, 1213150, 1, 0, 0
240201, 1211914, 1, 0, 0
240300, 1173436, 1, 0, 0
240400, 1226810, 1, 0, 0
240501, 1180988, 1, 0, 0
240600, 1204029, 1, 0, 0
240701, 1236425, 1, 0, 0
240801, 1230839, 1, 0, 0
240900, 1193773, 1, 0, 0
241000, 1215781, 1, 0, 0
241100, 1195865, 1, 0, 0
241200, 1210537, 1, 0, 0
241300, 1283451, 1, 0, 0
241400, 1207688, 1, 0, 0
241500, 1245373, 1, 0, 0
241600, 1193280, 1, 0, 0
241700, 1215476, 1, 0, 0
241800, 1209930, 1, 0, 0
241900, 1186546, 1, 0, 0
242000, 1210162, 1, 0, 0
242100, 1197924, 1, 0, 0
242200, 1237075, 1, 0, 0
242301, 1253858, 1, 0, 0
242400, 1235977, 1, 0, 0
242500, 1216065, 1, 0, 0
242600, 1200867, 1, 0, 0
242700, 1188675, 1, 0, 0
242800, 1251400, 1, 0, 0
242900, 1217180, 1, 0, 0
243000, 1234312, 1, 0, 0
243100, 1243547, 1, 0, 0
243200, 1194601, 1, 0, 0
243300, 1246891, 1, 0, 0
243400, 1195396, 1, 0, 0
243500, 1212545, 1, 0, 0
243600, 1233087, 1, 0, 0
243700, 1203275, 1, 0, 0
243800, 1192327, 1, 0, 0
243900, 1245792, 1, 0, 0
244001, 1256055, 1, 0, 0
244100, 1185789, 1, 0, 0
244200, 1256585, 1, 0, 0
244300, 1225454, 1, 0, 0
244402, 1236760, 1, 0, 0
244500, 1196167, 1, 0, 0
244600, 1188664, 1, 0, 0
244701, 1254120, 1, 0, 0
244800, 1206438, 1, 0, 0
244900, 1225497, 1, 0, 0
245000, 1231868, 1, 0, 0
245100, 1220483, 1, 0, 0
245201, 1274005, 1, 0, 0
245300, 1287314, 1, 0, 0
245400, 1231960, 1, 0, 0
245500, 1198742, 1, 0, 0
245600, 1206853, 1, 0, 0
245701, 1217962, 1, 0, 0
245800, 1246546, 1, 0, 0
245900, 1227038, 1, 0, 0
246000, 1239794, 1, 0, 0
246100, 1210213, 1, 0, 0
246200, 1191350, 1, 0, 0
246300, 1217141, 1, 0, 0
246400, 1204514, 1, 0, 0
246500, 1165576, 1, 0, 0
246600, 1237493, 1, 0, 0
246700, 1249364, 1, 0, 0
246800, 1201822, 1, 0, 0
246900, 1242770, 1, 0, 0
247000, 1219006, 1, 0, 0
247100, 1177542, 1, 0, 0
247200, 1175053, 1, 0, 0
247301, 1224823, 1, 0, 0
247400, 1222979, 1, 0, 0
247500, 1256916, 1, 0, 0
247601, 1189476, 1, 0, 0
247700, 1221632, 1, 0, 0
247800, 1236103, 1, 0, 0
247901, 1181918, 1, 0, 0
248000, 1203207, 1, 0, 0
248101, 1204087, 1, 0, 0
248200, 1234114, 1, 0, 0
248300, 1190964, 1, 0, 0
248400, 1242638, 1, 0, 0
248500, 1258282, 1, 0, 0
248601, 1217732, 1, 0, 0
248700, 1207499, 1, 0, 0
248800, 1255267, 1, 0, 0
248900, 1166725, 1, 0, 0
249000, 1220620, 1, 0, 0
249101, 1178522, 1, 0, 0
249200, 1192510, 1, 0, 0
249300, 1169758, 1, 0, 0
249400, 1188748, 1, 0, 0
249501, 1218596, 1, 0, 0
249601, 1183955, 1, 0, 0
249700, 1173035, 1, 0, 0
249800, 1180774, 1, 0, 0
249900, 1191098, 1, 0, 0
250000, 1189753, 1, 0, 0
250100, 1206991, 1, 0, 0
250200, 1157282, 1, 0, 0
250300, 1179792, 1, 0, 0
250401, 1193761, 1, 0, 0
250500, 1229373, 1, 0, 0
250600, 1162346, 1, 0, 0
250701, 1178428, 1, 0, 0
250800, 1169206, 1, 0, 0
250900, 1205615, 1, 0, 0
251000, 1203817, 1, 0, 0
251100, 1182629, 1, 0, 0
251200, 1206477, 1, 0, 0
251301, 1198709, 1, 0, 0
251400, 1201090, 1, 0, 0
251500, 1187638, 1, 0, 0
251600, 1167482, 1, 0, 0
251700, 1156341, 1, 0, 0
251800, 1173995, 1, 0, 0
251901, 1218676, 1, 0, 0
252000, 1183196, 1, 0, 0
252100, 1175413, 1, 0, 0
252201, 1165580, 1, 0, 0
252300, 1200868, 1, 0, 0
252401, 1190651, 1, 0, 0
252501, 1259164, 1, 0, 0
252600, 1223853, 1, 0, 0
252700, 1161359, 1, 0, 0
252800, 1165427, 1, 0, 0
252900, 1222088, 1, 0, 0
253000, 1183383, 1, 0, 0
253100, 1226220, 1, 0, 0
253200, 1212299, 1, 0, 0
253300, 1213536, 1, 0, 0
253401, 1153076, 1, 0, 0
253500, 1245624, 1, 0, 0
253601, 1183801, 1, 0, 0
253700, 1213780, 1, 0, 0
253801, 1216335, 1, 0, 0
253900, 1269640, 1, 0, 0
254000, 1217210, 1, 0, 0
254100, 1209563, 1, 0, 0
254200, 1225912, 1, 0, 0
254300, 1201072, 1, 0, 0
254400, 1203823, 1, 0, 0
254501, 1226181, 1, 0, 0
254600, 1190656, 1, 0, 0
254701, 1221039, 1, 0, 0
254800, 1206397, 1, 0, 0
254900, 1190502, 1, 0, 0
255000, 1250470, 1, 0, 0
255100, 1250385, 1, 0, 0
255200, 1291330, 1, 0, 0
255300, 1256814, 1, 0, 0
255400, 1242208, 1, 0, 0
255500, 1254092, 1, 0, 0
255600, 1177169, 1, 0, 0
255701, 1195590, 1, 0, 0
255800, 1182410, 1, 0, 0
255900, 1209291, 1, 0, 0
256000, 1256852, 1, 0, 0
256100, 1255536, 1, 0, 0
256200, 1234295, 1, 0, 0
256300, 1237277, 1, 0, 0
256400, 1230186, 1, 0, 0
256500, 1188049, 1, 0, 0
256600, 1172758, 1, 0, 0
256700, 1217793, 1, 0, 0
256800, 1193823, 1, 0, 0
256900, 1266744, 1, 0, 0
257000, 1214346, 1, 0, 0
257100, 1210051, 1, 0, 0
257200, 1200474, 1, 0, 0
257301, 1264331, 1, 0, 0
257400, 1184326, 1, 0, 0
257501, 1183571, 1, 0, 0
257600, 1199814, 1, 0, 0
257700, 1227941, 1, 0, 0
257800, 1216050, 1, 0, 0
257900, 1253977, 1, 0, 0
258000, 1266243, 1, 0, 0
258101, 1216445, 1, 0, 0
258200, 1234480, 1, 0, 0
258300, 1166279, 1, 0, 0
258400, 1208658, 1, 0, 0
258500, 1193006, 1, 0, 0
258600, 1242305, 1, 0, 0
258700, 1179775, 1, 0, 0
258801, 1248522, 1, 0, 0
258901, 1209825, 1, 0, 0
259000, 1251050, 1, 0, 0
259100, 1210726, 1, 0, 0
259200, 1189933, 1, 0, 0
259300, 1244032, 1, 0, 0
259400, 1215164, 1, 0, 0
259501, 1231593, 1, 0, 0
259600, 1194881, 1, 0, 0
259700, 1233379, 1, 0, 0
259800, 1212279, 1, 0, 0
259901, 1193810, 1, 0, 0
260000, 1265705, 1, 0, 0
260100, 1221627, 1, 0, 0
260201, 1221154, 1, 0, 0
260300, 1200572, 1, 0, 0
260400, 1197578, 1, 0, 0
260500, 1261243, 1, 0, 0
260601, 1184409, 1, 0, 0
260701, 1187781, 1, 0, 0
260800, 1251949, 1, 0, 0
260900, 1247727, 1, 0, 0
261000, 1181887, 1, 0, 0
261100, 1230464, 1, 0, 0
261200, 1239634, 1, 0, 0
261301, 1239094, 1, 0, 0
261400, 1252590, 1, 0, 0
261500, 1250486, 1, 0, 0
261601, 1228078, 1, 0, 0
261700, 1188374, 1, 0, 0
261800, 1256491, 1, 0, 0
261901, 1240324, 1, 0, 0
262000, 1195905, 1, 0, 0
262100, 1242404, 1, 0, 0
262201, 1242866, 1, 0, 0
262300, 1198011, 1, 0, 0
262400, 1175975, 1, 0, 0
262500, 1218437, 1, 0, 0
262600, 1216205, 1, 0, 0
262700, 1200766, 1, 0, 0
262800, 1220314, 1, 0, 0
262900, 1225115, 1, 0, 0
263000, 1198750, 1, 0, 0
263100, 1198864, 1, 0, 0
263200, 1235012, 1, 0, 0
263301, 1236020, 1, 0, 0
263400, 1209233, 1, 0, 0
263500, 1187095, 1, 0, 0
263601, 1264848, 1, 0, 0
263700, 1169998, 1, 0, 0
263800, 1186091, 1, 0, 0
263901, 1252074, 1, 0, 0
264000, 1246461, 1, 0, 0
264100, 1235247, 1, 0, 0
264201, 1187479, 1, 0, 0
264301, 1203084, 1, 0, 0
264400, 1202916, 1, 0, 0
264500, 1225641, 1, 0, 0
264600, 1258409, 1, 0, 0
264700, 1306828, 1, 0, 0
264800, 1217741, 1, 0, 0
264901, 1246594, 1, 0, 0
265000, 1271578, 1, 0, 0
265100, 1273325, 1, 0, 0
265200, 1164590, 1, 0, 0
265300, 1218376, 1, 0, 0
265400, 1249587, 1, 0, 0
265500, 1179353, 1, 0, 0
265600, 1209339, 1, 0, 0
265700, 1229853, 1, 0, 0
265800, 1203225, 1, 0, 0
265900, 1178878, 1, 0, 0
266000, 1206185, 1, 0, 0
266100, 1166824, 1, 0, 0
266200, 1258934, 1, 0, 0
266300, 1188396, 1, 0, 0
266401, 1230780, 1, 0, 0
266500, 1228024, 1, 0, 0
266601, 1229094, 1, 0, 0
266700, 1175307, 1, 0, 0
266800, 1260988, 1, 0, 0
266900, 1210248, 1, 0, 0
267000, 1247307, 1, 0, 0
267100, 1228178, 1, 0, 0
267201, 1173629, 1, 0, 0
267300, 1171711, 1, 0, 0
267400, 1223098, 1, 0, 0
267500, 1159258, 1, 0, 0
267601, 1175613, 1, 0, 0
267700, 1280259, 1, 0, 0
267800, 1241357, 1, 0, 0
267900, 1192789, 1, 0, 0
268000, 1301787, 1, 0, 0
268100, 1205044, 1, 0, 0
268201, 1192495, 1, 0, 0
268300, 1228817, 1, 0, 0
268401, 1160203, 1, 0, 0
268500, 1184872, 1, 0, 0
268601, 1211623, 1, 0, 0
268701, 1212484, 1, 0, 0
268800, 1151820, 1, 0, 0
268900, 1237466, 1, 0, 0
269001, 1218517, 1, 0, 0
269101, 1250201, 1, 0, 0
269200, 1211439, 1, 0, 0
269300, 1217906, 1, 0, 0
269401, 1203259, 1, 0, 0
269500, 1231558, 1, 0, 0
269601, 1240527, 1, 0, 0
269700, 1174658, 1, 0, 0
269800, 1262608, 1, 0, 0
269900, 1224884, 1, 0, 0
270000, 1199052, 1, 0, 0
270100, 1228570, 1, 0, 0
270200, 1164265, 1, 0, 0
270301, 1193899, 1, 0, 0
270400, 1133188, 1, 0, 0
270500, 1153395, 1, 0, 0
270600, 1207681, 1, 0, 0
270701, 1194043, 1, 0, 0
270800, 1195220, 1, 0, 0
270900, 1246341, 1, 0, 0
271000, 1201314, 1, 0, 0
271100, 1191661, 1, 0, 0
271200, 1254277, 1, 0, 0
271300, 1205899, 1, 0, 0
271400, 1236753, 1, 0, 0
271500, 1188878, 1, 0, 0
271600, 1226775, 1, 0, 0
271700, 1196069, 1, 0, 0
271800, 1212372, 1, 0, 0
271900, 1156007, 1, 0, 0
272000, 1175759, 1, 0, 0
272100, 1211900, 1, 0, 0
272200, 1182314, 1, 0, 0
272300, 1217772, 1, 0, 0
272401, 1169111, 1, 0, 0
272500, 1218782, 1, 0, 0
272600, 1193668, 1, 0, 0
272701, 1222989, 1, 0, 0
272801, 1182121, 1, 0, 0
272900, 1202335, 1, 0, 0
273000, 1169039, 1, 0, 0
273100, 1203086, 1, 0, 0
273200, 1195664, 1, 0, 0
273300, 1197092, 1, 0, 0
273400, 1201009, 1, 0, 0
273500, 1183866, 1, 0, 0
273600, 1234291, 1, 0, 0
273700, 1204972, 1, 0, 0
273800, 1182136, 1, 0, 0
273900, 1186084, 1, 0, 0
274002, 1202950, 1, 0, 0
274100, 1228908, 1, 0, 0
274200, 1190006, 1, 0, 0
274300, 1208900, 1, 0, 0
274400, 1260715, 1, 0, 0
274500, 1182287, 1, 0, 0
274600, 1175955, 1, 0, 0
274700, 1258457, 1, 0, 0
274800, 1262009, 1, 0, 0
274900, 1246036, 1, 0, 0
275000, 1191986, 1, 0, 0
275100, 1235967, 1, 0, 0
275200, 1169593, 1, 0, 0
275300, 1210720, 1, 0, 0
275400, 1238721, 1, 0, 0
275501, 1236596, 1, 0, 0
275600, 1240043, 1, 0, 0
275700, 1209809, 1, 0, 0
275800, 1212694, 1, 0, 0
275900, 1194109, 1, 0, 0
276000, 1191962, 1, 0, 0
276100, 1261727, 1, 0, 0
276200, 1227143, 1, 0, 0
276300, 1174112, 1, 0, 0
276400, 1206900, 1, 0, 0
276500, 1186694, 1, 0, 0
276600, 1212851, 1, 0, 0
276700, 1190153, 1, 0, 0
276800, 1188072, 1, 0, 0
276900, 1218510, 1, 0, 0
277000, 1195640, 1, 0, 0
277100, 1205257, 1, 0, 0
277200, 1199083, 1, 0, 0
277300, 1292715, 1, 0, 0
277400, 1182430, 1, 0, 0
277500, 1217034, 1, 0, 0
277600, 1153901, 1, 0, 0
277700, 1140112, 1, 0, 0
277800, 1189132, 1, 0, 0
277901, 1241456, 1, 0, 0
278001, 1181300, 1, 0, 0
278100, 1177822, 1, 0, 0
278200, 1266285, 1, 0, 0
278300, 1209996, 1, 0, 0
278400, 1193283, 1, 0, 0
278501, 1216849, 1, 0, 0
278600, 1224427, 1, 0, 0
278700, 1224450, 1, 0, 0
278800, 1226861, 1, 0, 0
278900, 1226222, 1, 0, 0
279000, 1162215, 1, 0, 0
279100, 1175021, 1, 0, 0
279200, 1216101, 1, 0, 0
279300, 1188014, 1, 0, 0
279400, 1144589, 1, 0, 0
279500, 1204259, 1, 0, 0
279600, 1217996, 1, 0, 0
279700, 1238664, 1, 0, 0
279800, 1204637, 1, 0, 0
279900, 1206793, 1, 0, 0
280000, 1220377, 1, 0, 0
280100, 1252162, 1, 0, 0
280200, 1179349, 1, 0, 0
280300, 1176548, 1, 0, 0
280400, 1244937, 1, 0, 0
280501, 1239487, 1, 0, 0
280600, 1216825, 1, 0, 0
280701, 1233695, 1, 0, 0
280800, 1185320, 1, 0, 0
280900, 1236101, 1, 0, 0
281000, 1256971, 1, 0, 0
281101, 1235465, 1, 0, 0
281200, 1271485, 1, 0, 0
281300, 1172349, 1, 0, 0
281400, 1214359, 1, 0, 0
281500, 1241453, 1, 0, 0
281600, 1194448, 1, 0, 0
281701, 1267052, 1, 0, 0
281800, 1244543, 1, 0, 0
281900, 1251311, 1, 0, 0
282000, 1234203, 1, 0, 0
282100, 1208177, 1, 0, 0
282200, 1259069, 1, 0, 0
282300, 1211248, 1, 0, 0
282400, 1226668, 1, 0, 0
282500, 1221701, 1, 0, 0
282600, 1190201, 1, 0, 0
282700, 1211753, 1, 0, 0
282801, 1239874, 1, 0, 0
282900, 1273414, 1, 0, 0
283000, 1269178, 1, 0, 0
283100, 1171566, 1, 0, 0
283200, 1248821, 1, 0, 0
283300, 1234455, 1, 0, 0
283401, 1285617, 1, 0, 0
283500, 1240055, 1, 0, 0
283600, 1215706, 1, 0, 0
283700, 1197749, 1, 0, 0
283800, 1209127, 1, 0, 0
283900, 1251012, 1, 0, 0
284001, 1281870, 1, 0, 0
284100, 1190792, 1, 0, 0
284201, 1236064, 1, 0, 0
284300, 1159800, 1, 0, 0
284400, 1220384, 1, 0, 0
284501, 1238247, 1, 0, 0
284600, 1240170, 1, 0, 0
284700, 1260998, 1, 0, 0
284800, 1262696, 1, 0, 0
284900, 1228179, 1, 0, 0
285001, 1261155, 1, 0, 0
285100, 1236740, 1, 0, 0
285201, 1218748, 1, 0, 0
285300, 1239908, 1, 0, 0
285401, 1262853, 1, 0, 0
285500, 1221116, 1, 0, 0
285601, 1189617, 1, 0, 0
285700, 1281074, 1, 0, 0
285801, 1265073, 1, 0, 0
285901, 1203980, 1, 0, 0
286001, 1213745, 1, 0, 0
286100, 1206445, 1, 0, 0
286200, 1218544, 1, 0, 0
286300, 1247631, 1, 0, 0
286400, 1217855, 1, 0, 0
286500, 1188405, 1, 0, 0
286600, 1209717, 1, 0, 0
286701, 1285149, 1, 0, 0
286800, 1273399, 1, 0, 0
286901, 1229880, 1, 0, 0
287000, 1187363, 1, 0, 0
287100, 1185528, 1, 0, 0
287201, 1237294, 1, 0, 0
287300, 1190924, 1, 0, 0
287401, 1200322, 1, 0, 0
287500, 1190298, 1, 0, 0
287600, 1236770, 1, 0, 0
287700, 1230847, 1, 0, 0
287800, 1190286, 1, 0, 0
287900, 1209645, 1, 0, 0
288000, 1190063, 1, 0, 0
288100, 1280273, 1, 0, 0
288200, 1213033, 1, 0, 0
288300, 1222551, 1, 0, 0
288400, 1247737, 1, 0, 0
288500, 1212163, 1, 0, 0
288601, 1218591, 1, 0, 0
288701, 1232017, 1, 0, 0
288801, 1228500, 1, 0, 0
288900, 1204199, 1, 0, 0
289000, 1225972, 1, 0, 0
289100, 1262873, 1, 0, 0
289200, 1173694, 1, 0, 0
289300, 1224038, 1, 0, 0
289400, 1269699, 1, 0, 0
289500, 1173305, 1, 0, 0
289600, 1196721, 1, 0, 0
289702, 1180890, 1, 0, 0
289801, 1188483, 1, 0, 0
289900, 1188502, 1, 0, 0
290000, 1225970, 1, 0, 0
290100, 1291536, 1, 0, 0
290200, 1224898, 1, 0, 0
290301, 1283117, 1, 0, 0
290400, 1201831, 1, 0, 0
290501, 1235314, 1, 0, 0
290600, 1216716, 1, 0, 0
290701, 1271062, 1, 0, 0
290801, 1294623, 1, 0, 0
290900, 1269081, 1, 0, 0
291000, 1258536, 1, 0, 0
291100, 1280853, 1, 0, 0
291200, 1219290, 1, 0, 0
291300, 1230551, 1, 0, 0
291400, 1253939, 1, 0, 0
291500, 1219817, 1, 0, 0
291600, 1241157, 1, 0, 0
291700, 1215177, 1, 0, 0
291800, 1235566, 1, 0, 0
291900, 1231380, 1, 0, 0
292000, 1248152, 1, 0, 0
292100, 1198221, 1, 0, 0
292200, 1233839, 1, 0, 0
292301, 1224558, 1, 0, 0
292400, 1192953, 1, 0, 0
292500, 1193124, 1, 0, 0
292600, 1199589, 1, 0, 0
292700, 1214831, 1, 0, 0
292801, 1176181, 1, 0, 0
292900, 1184535, 1, 0, 0
293001, 1224454, 1, 0, 0
293100, 1214178, 1, 0, 0
293200, 1233089, 1, 0, 0
293300, 1247334, 1, 0, 0
293400, 1243265, 1, 0, 0
293500, 1179932, 1, 0, 0
293600, 1223503, 1, 0, 0
293700, 1242736, 1, 0, 0
293801, 1194643, 1, 0, 0
293900, 1211910, 1, 0, 0
294000, 1173705, 1, 0, 0
294100, 1170510, 1, 0, 0
294200, 1162865, 1, 0, 0
294300, 1214486, 1, 0, 0
294400, 1257661, 1, 0, 0
294500, 1187901, 1, 0, 0
294601, 1235794, 1, 0, 0
294700, 1195929, 1, 0, 0
294800, 1189531, 1, 0, 0
294900, 1155258, 1, 0, 0
295000, 1202130, 1, 0, 0
295101, 1181643, 1, 0, 0
295200, 1249928, 1, 0, 0
295300, 1243343, 1, 0, 0
295400, 1221247, 1, 0, 0
295501, 1209823, 1, 0, 0
295600, 1235309, 1, 0, 0
295701, 1149214, 1, 0, 0
295800, 1206022, 1, 0, 0
295900, 1183312, 1, 0, 0
296000, 1211963, 1, 0, 0
296100, 1203460, 1, 0, 0
296200, 1212109, 1, 0, 0
296300, 1259868, 1, 0, 0
296400, 1208207, 1, 0, 0
296500, 1148215, 1, 0, 0
296600, 1157088, 1, 0, 0
296700, 1167593, 1, 0, 0
296800, 1204896, 1, 0, 0
296901, 1202457, 1, 0, 0
297000, 1228845, 1, 0, 0
297100, 1253645, 1, 0, 0
297201, 1219593, 1, 0, 0
297301, 1196698, 1, 0, 0
297400, 1189772, 1, 0, 0
297500, 1255449, 1, 0, 0
297600, 1206020, 1, 0, 0
297701, 1203175, 1, 0, 0
297800, 1225076, 1, 0, 0
297900, 1258904, 1, 0, 0
298000, 1198920, 1, 0, 0
298101, 1221295, 1, 0, 0
298200, 1213774, 1, 0, 0
298301, 1238441, 1, 0, 0
298400, 1203487, 1, 0, 0
298500, 1209831, 1, 0, 0
298600, 1212487, 1, 0, 0
298700, 1221441, 1, 0, 0
298800, 1202764, 1, 0, 0
298900, 1229866, 1, 0, 0
299000, 1242938, 1, 0, 0
299100, 1234044, 1, 0, 0
299200, 1157227, 1, 0, 0
299300, 1186665, 1, 0, 0
299400, 1165892, 1, 0, 0
299500, 1214644, 1, 0, 0
299601, 1206722, 1, 0, 0
299700, 1239145, 1, 0, 0
299800, 1212553, 1, 0, 0
299900, 1130321, 1, 0, 0
300000, 1184624, 1, 0, 0
300100, 1167158, 1, 0, 0
300200, 1197677, 1, 0, 0
300300, 1217979, 1, 0, 0
300400, 1258881, 1, 0, 0
300500, 1221265, 1, 0, 0
300601, 1205127, 1, 0, 0
300700, 1225865, 1, 0, 0
300800, 1186356, 1, 0, 0
300900, 1236561, 1, 0, 0
301000, 1194963, 1, 0, 0
301100, 1194239, 1, 0, 0
301200, 1225301, 1, 0, 0
301301, 1147288, 1, 0, 0
301400, 1187309, 1, 0, 0
301500, 1143147, 1, 0, 0
301600, 1202199, 1, 0, 0
301700, 1187103, 1, 0, 0
301800, 1218976, 1, 0, 0
301900, 1265994, 1, 0, 0
302001, 1176776, 1, 0, 0
302100, 1176626, 1, 0, 0
302200, 1193535, 1, 0, 0
302300, 1189785, 1, 0, 0
302400, 1227047, 1, 0, 0
302500, 1181902, 1, 0, 0
302600, 1171122, 1, 0, 0
302701, 1198729, 1, 0, 0
302800, 1171279, 1, 0, 0
302900, 1227234, 1, 0, 0
303000, 1174778, 1, 0, 0
303100, 1181113, 1, 0, 0
303200, 1218739, 1, 0, 0
303300, 1144873, 1, 0, 0
303401, 1220693, 1, 0, 0
303500, 1150414, 1, 0, 0
303600, 1161704, 1, 0, 0
303700, 1216389, 1, 0, 0
303800, 1175181, 1, 0, 0
303900, 1189006, 1, 0, 0
304000, 1220198, 1, 0, 0
304101, 1230065, 1, 0, 0
304200, 1214532, 1, 0, 0
304300, 1196465, 1, 0, 0
304400, 1254712, 1, 0, 0
304500, 1230342, 1, 0, 0
304600, 1196607, 1, 0, 0
304700, 1236773, 1, 0, 0
304800, 1249287, 1, 0, 0
304900, 1307814, 1, 0, 0
305001, 1203459, 1, 0, 0
305100, 1203700, 1, 0, 0
305200, 1239825, 1, 0, 0
305300, 1243859, 1, 0, 0
305401, 1270858, 1, 0, 0
305501, 1243698, 1, 0, 0
305600, 1234057, 1, 0, 0
305700, 1247258, 1, 0, 0
305801, 1204053, 1, 0, 0
305900, 1158578, 1, 0, 0
306000, 1205603, 1, 0, 0
306100, 1165222, 1, 0, 0
306200, 1173828, 1, 0, 0
306300, 1213113, 1, 0, 0
306400, 1207541, 1, 0, 0
306500, 1212839, 1, 0, 0
306600, 1214707, 1, 0, 0
306700, 1235871, 1, 0, 0
306801, 1221615, 1, 0, 0
306900, 1220187, 1, 0, 0
307000, 1183068, 1, 0, 0
307100, 1228596, 1, 0, 0
307200, 1252922, 1, 0, 0
307300, 1238390, 1, 0, 0
307400, 1265545, 1, 0, 0
307500, 1248978, 1, 0, 0
307600, 1197297, 1, 0, 0
307700, 1215142, 1, 0, 0
307800, 1191505, 1, 0, 0
307900, 1231929, 1, 0, 0
308000, 1228026, 1, 0, 0
308100, 1250691, 1, 0, 0
308200, 1224567, 1, 0, 0
308300, 1261509, 1, 0, 0
308400, 1261824, 1, 0, 0
308500, 1228927, 1, 0, 0
308601, 1205912, 1, 0, 0
308700, 1179145, 1, 0, 0
308800, 1216176, 1, 0, 0
308900, 1213699, 1, 0, 0
309002, 1246513, 1, 0, 0
309101, 1218517, 1, 0, 0
309200, 1287343, 1, 0, 0
309301, 1264295, 1, 0, 0
309401, 1275344, 1, 0, 0
309500, 1282456, 1, 0, 0
309600, 1224909, 1, 0, 0
309700, 1287213, 1, 0, 0
309800, 1196615, 1, 0, 0
309900, 1206277, 1, 0, 0
310000, 1216313, 1, 0, 0
310101, 1261860, 1, 0, 0
310200, 1219060, 1, 0, 0
310300, 1217392, 1, 0, 0
310401, 1247096, 1, 0, 0
310500, 1282169, 1, 0, 0
310600, 1239137, 1, 0, 0
310701, 1183913, 1, 0, 0
310800, 1208618, 1, 0, 0
310900, 1254715, 1, 0, 0
311000, 1200452, 1, 0, 0
311100, 1220891, 1, 0, 0
311200, 1216462, 1, 0, 0
311301, 1228328, 1, 0, 0
311400, 1217009, 1, 0, 0
311500, 1235446, 1, 0, 0
311600, 1195235, 1, 0, 0
311701, 1214767, 1, 0, 0
311800, 1172146, 1, 0, 0
311900, 1231254, 1, 0, 0
312000, 1276915, 1, 0, 0
312101, 1230870, 1, 0, 0
312200, 1237776, 1, 0, 0
312300, 1233162, 1, 0, 0
312400, 1229612, 1, 0, 0
312500, 1298982, 1, 0, 0
312600, 1286464, 1, 0, 0
312701, 1192175, 1, 0, 0
312800, 1237435, 1, 0, 0
312900, 1210361, 1, 0, 0
313001, 1220097, 1, 0, 0
313100, 1278283, 1, 0, 0
313200, 1275937, 1, 0, 0
313301, 1235031, 1, 0, 0
313401, 1216664, 1, 0, 0
313500, 1243344, 1, 0, 0
313600, 1211181, 1, 0, 0
313700, 1182738, 1, 0, 0
313801, 1207080, 1, 0, 0
313900, 1239126, 1, 0, 0
314000, 1262833, 1, 0, 0
314100, 1270278, 1, 0, 0
314200, 1243295, 1, 0, 0
314300, 1244177, 1, 0, 0
314401, 1224172, 1, 0, 0
314501, 1210748, 1, 0, 0
314600, 1223672, 1, 0, 0
314700, 1203177, 1, 0, 0
314802, 1239192, 1, 0, 0
314900, 1217734, 1, 0, 0
315000, 1240316, 1, 0, 0
315100, 1294238, 1, 0, 0
315200, 1226565, 1, 0, 0
315300, 1315517, 1, 0, 0
315400, 1244272, 1, 0, 0
315500, 1211161, 1, 0, 0
315600, 1285487, 1, 0, 0
315700, 1224912, 1, 0, 0
315800, 1236173, 1, 0, 0
315900, 1184760, 1, 0, 0
316001, 1246996, 1, 0, 0
316100, 1205600, 1, 0, 0
316200, 1225512, 1, 0, 0
316301, 1242460, 1, 0, 0
316400, 1264374, 1, 0, 0
316500, 1212691, 1, 0, 0
316600, 1307323, 1, 0, 0
316700, 1185370, 1, 0, 0
316801, 1259399, 1, 0, 0
316900, 1250515, 1, 0, 0
317001, 1223949, 1, 0, 0
317100, 1264196, 1, 0, 0
317200, 1265128, 1, 0, 0
317300, 1227065, 1, 0, 0
317400, 1271469, 1, 0, 0
317500, 1194247, 1, 0, 0
317600, 1190961, 1, 0, 0
317700, 1275698, 1, 0, 0
317800, 1283415, 1, 0, 0
317900, 1234154, 1, 0, 0
318000, 1233611, 1, 0, 0
318100, 1203082, 1, 0, 0
318200, 1205745, 1, 0, 0
318300, 1231405, 1, 0, 0
318400, 1243164, 1, 0, 0
318501, 1264702, 1, 0, 0
318600, 1221678, 1, 0, 0
318700, 1214650, 1, 0, 0
318800, 1255134, 1, 0, 0
318900, 1236005, 1, 0, 0
319001, 1212346, 1, 0, 0
319100, 1225322, 1, 0, 0
319200, 1227263, 1, 0, 0
319300, 1264171, 1, 0, 0
319401, 1234627, 1, 0, 0
319500, 1251560, 1, 0, 0
319600, 1240932, 1, 0, 0
319700, 1200248, 1, 0, 0
319800, 1197544, 1, 0, 0
319900, 1307990, 1, 0, 0
320000, 1202590, 1, 0, 0
320101, 1268576, 1, 0, 0
320200, 1202668, 1, 0, 0
320301, 1318261, 1, 0, 0
320400, 1267357, 1, 0, 0
320500, 1228149, 1, 0, 0
320600, 1264406, 1, 0, 0
320701, 1263701, 1, 0, 0
320800, 1311150, 1, 0, 0
320900, 1239836, 1, 0, 0
321000, 1191450, 1, 0, 0
321100, 1293647, 1, 0, 0
321200, 1220414, 1, 0, 0
321300, 1210695, 1, 0, 0
321400, 1195451, 1, 0, 0
321500, 1251286, 1, 0, 0
321601, 1236241, 1, 0, 0
321700, 1228834, 1, 0, 0
321800, 1194982, 1, 0, 0
321900, 1210256, 1, 0, 0
322000, 1246505, 1, 0, 0
322100, 1186536, 1, 0, 0
322200, 1237460, 1, 0, 0
322300, 1228166, 1, 0, 0
322400, 1244329, 1, 0, 0
322500, 1257636, 1, 0, 0
322600, 1251928, 1, 0, 0
322700, 1275627, 1, 0, 0
322800, 1204887, 1, 0, 0
322900, 1232663, 1, 0, 0
323000, 1226977, 1, 0, 0
323101, 1215922, 1, 0, 0
323200, 1267256, 1, 0, 0
323300, 1240877, 1, 0, 0
323400, 1230230, 1, 0, 0
323500, 1236413, 1, 0, 0
323600, 1211383, 1, 0, 0
323700, 1201799, 1, 0, 0
323800, 1210332, 1, 0, 0
323901, 1216690, 1, 0, 0
324000, 1198786, 1, 0, 0
324100, 1213895, 1, 0, 0
324200, 1244241, 1, 0, 0
324300, 1229809, 1, 0, 0
324400, 1295883, 1, 0, 0
324500, 1219288, 1, 0, 0
324600, 1232408, 1, 0, 0
324701, 1220685, 1, 0, 0
324800, 1198358, 1, 0, 0
324900, 1234167, 1, 0, 0
325001, 1204008, 1, 0, 0
325100, 1208083, 1, 0, 0
325201, 1235816, 1, 0, 0
325300, 1176583, 1, 0, 0
325400, 1216535, 1, 0, 0
325500, 1257218, 1, 0, 0
325601, 1216869, 1, 0, 0
325700, 1236959, 1, 0, 0
325800, 1240200, 1, 0, 0
325900, 1232288, 1, 0, 0
326000, 1192469, 1, 0, 0
326100, 1266611, 1, 0, 0
326201, 1247854, 1, 0, 0
326301, 1241721, 1, 0, 0
326400, 1219895, 1, 0, 0
326500, 1213445, 1, 0, 0
326600, 1245827, 1, 0, 0
326700, 1247686, 1, 0, 0
326800, 1190980, 1, 0, 0
326900, 1173055, 1, 0, 0
327000, 1204072, 1, 0, 0
327100, 1237468, 1, 0, 0
327201, 1220821, 1, 0, 0
327300, 1248704, 1, 0, 0
327401, 1237993, 1, 0, 0
327500, 1150290, 1, 0, 0
327601, 1177908, 1, 0, 0
327700, 1169474, 1, 0, 0
327800, 1165717, 1, 0, 0
327900, 1183961, 1, 0, 0
328000, 1219309, 1, 0, 0
328100, 1182605, 1, 0, 0
328200, 1250603, 1, 0, 0
328300, 1235133, 1, 0, 0
328400, 1210948, 1, 0, 0
328500, 1212013, 1, 0, 0
328600, 1227724, 1, 0, 0
328700, 1290844, 1, 0, 0
328801, 1255359, 1, 0, 0
328901, 1241522, 1, 0, 0
329001, 1249811, 1, 0, 0
329101, 1236764, 1, 0, 0
329200, 1202653, 1, 0, 0
329300, 1281367, 1, 0, 0
329400, 1182957, 1, 0, 0
329501, 1217932, 1, 0, 0
329601, 1243673, 1, 0, 0
329700, 1235251, 1, 0, 0
329800, 1174214, 1, 0, 0
329900, 1230312, 1, 0, 0
330000, 1215581, 1, 0, 0
330100, 1235388, 1, 0, 0
330200, 1328039, 1, 0, 0
330300, 1198653, 1, 0, 0
330401, 1269844, 1, 0, 0
330500, 1192781, 1, 0, 0
330600, 1291460, 1, 0, 0
330700, 1171777, 1, 0, 0
330801, 1313437, 1, 0, 0
330900, 1270726, 1, 0, 0
331000, 1189940, 1, 0, 0
331100, 1204792, 1, 0, 0
331200, 1212005, 1, 0, 0
331301, 1259309, 1, 0, 0
331401, 1206641, 1, 0, 0
331501, 1231628, 1, 0, 0
331600, 1201539, 1, 0, 0
331700, 1170750, 1, 0, 0
331800, 1255980, 1, 0, 0
331900, 1245161, 1, 0, 0
332000, 1277145, 1, 0, 0
332100, 1263298, 1, 0, 0
332200, 1238367, 1, 0, 0
332300, 1160141, 1, 0, 0
332400, 1252212, 1, 0, 0
332500, 1319168, 1, 0, 0
332600, 1220984, 1, 0, 0
332700, 1223837, 1, 0, 0
332800, 1226990, 1, 0, 0
332900, 1180010, 1, 0, 0
333000, 1206474, 1, 0, 0
333101, 1216796, 1, 0, 0
333200, 1194547, 1, 0, 0
333301, 1134962, 1, 0, 0
333400, 1178059, 1, 0, 0
333500, 1260111, 1, 0, 0
333600, 1257700, 1, 0, 0
333701, 1249834, 1, 0, 0
333800, 1216896, 1, 0, 0
333900, 1280113, 1, 0, 0
334000, 1312276, 1, 0, 0
334100, 1213380, 1, 0, 0
334200, 1204939, 1, 0, 0
334301, 1321174, 1, 0, 0
334400, 1221277, 1, 0, 0
334500, 1264169, 1, 0, 0
334600, 1212214, 1, 0, 0
334700, 1227183, 1, 0, 0
334800, 1182815, 1, 0, 0
334900, 1209431, 1, 0, 0
335000, 1220592, 1, 0, 0
335100, 1251446, 1, 0, 0
335201, 1206332, 1, 0, 0
335300, 1179448, 1, 0, 0
335400, 1213784, 1, 0, 0
335501, 1265695, 1, 0, 0
335600, 1206169, 1, 0, 0
335701, 1319080, 1, 0, 0
335800, 1220278, 1, 0, 0
335900, 1218410, 1, 0, 0
336001, 1205835, 1, 0, 0
336101, 1227660, 1, 0, 0
336200, 1231950, 1, 0, 0
336300, 1203154, 1, 0, 0
336400, 1269503, 1, 0, 0
336500, 1202018, 1, 0, 0
336600, 1206529, 1, 0, 0
336700, 1189913, 1, 0, 0
336800, 1225622, 1, 0, 0
336901, 1258524, 1, 0, 0
337000, 1178529, 1, 0, 0
337100, 1221028, 1, 0, 0
337200, 1197886, 1, 0, 0
337300, 1228986, 1, 0, 0
337400, 1178816, 1, 0, 0
337500, 1218605, 1, 0, 0
337600, 1263679, 1, 0, 0
337700, 1210008, 1, 0, 0
337801, 1173210, 1, 0, 0
337900, 1205562, 1, 0, 0
338001, 1223469, 1, 0, 0
338100, 1163785, 1, 0, 0
338200, 1198216, 1, 0, 0
338300, 1223972, 1, 0, 0
338400, 1175496, 1, 0, 0
338500, 1186836, 1, 0, 0
338600, 1158254, 1, 0, 0
338700, 1194086, 1, 0, 0
338800, 1182052, 1, 0, 0
338900, 1194692, 1, 0, 0
339000, 1229495, 1, 0, 0
339100, 1215761, 1, 0, 0
339200, 1209699, 1, 0, 0
339301, 1236767, 1, 0, 0
339400, 1180275, 1, 0, 0
339500, 1185202, 1, 0, 0
339600, 1175557, 1, 0, 0
339700, 1223910, 1, 0, 0
339800, 1192935, 1, 0, 0
339900, 1214041, 1, 0, 0
340000, 1236479, 1, 0, 0
340101, 1214225, 1, 0, 0
340200, 1205968, 1, 0, 0
340301, 1190867, 1, 0, 0
340401, 1268661, 1, 0, 0
340501, 1243527, 1, 0, 0
340600, 1205328, 1, 0, 0
340700, 1256724, 1, 0, 0
340800, 1231545, 1, 0, 0
340900, 1181415, 1, 0, 0
341000, 1202070, 1, 0, 0
341100, 1208211, 1, 0, 0
341200, 1211640, 1, 0, 0
341300, 1165769, 1, 0, 0
341400, 1142638, 1, 0, 0
341500, 1179409, 1, 0, 0
341600, 1182442, 1, 0, 0
341700, 1213165, 1, 0, 0
341800, 1209780, 1, 0, 0
341900, 1174480, 1, 0, 0
342000, 1248651, 1, 0, 0
342100, 1233761, 1, 0, 0
342200, 1239592, 1, 0, 0
342300, 1301803, 1, 0, 0
342401, 1177173, 1, 0, 0
342500, 1143297, 1, 0, 0
342600, 1219780, 1, 0, 0
342700, 1190543, 1, 0, 0
342800, 1169369, 1, 0, 0
342901, 1208461, 1, 0, 0
343000, 1183599, 1, 0, 0
343100, 1180462, 1, 0, 0
343200, 1160799, 1, 0, 0
343301, 1176605, 1, 0, 0
343400, 1176831, 1, 0, 0
343500, 1143751, 1, 0, 0
343600, 1233853, 1, 0, 0
343700, 1156029, 1, 0, 0
343800, 1212199, 1, 0, 0
343900, 1230865, 1, 0, 0
344000, 1183414, 1, 0, 0
344101, 1150808, 1, 0, 0
344200, 1180736, 1, 0, 0
344300, 1158742, 1, 0, 0
344400, 1186572, 1, 0, 0
344500, 1138352, 1, 0, 0
344600, 1186472, 1, 0, 0
344700, 1178804, 1, 0, 0
344801, 1179473, 1, 0, 0
344900, 1179374, 1, 0, 0
345001, 1209687, 1, 0, 0
345100, 1200724, 1, 0, 0
345200, 1196066, 1, 0, 0
345300, 1232305, 1, 0, 0
345401, 1245717, 1, 0, 0
345500, 1255786, 1, 0, 0
345600, 1195311, 1, 0, 0
345700, 1203399, 1, 0, 0
345800, 1289874, 1, 0, 0
345901, 1256782, 1, 0, 0
346000, 1193462, 1, 0, 0
346100, 1220900, 1, 0, 0
346200, 1219912, 1, 0, 0
346300, 1214420, 1, 0, 0
346401, 1201296, 1, 0, 0
346500, 1206707, 1, 0, 0
346600, 1191291, 1, 0, 0
346700, 1169189, 1, 0, 0
346800, 1230554, 1, 0, 0
346900, 1209170, 1, 0, 0
347000, 1199580, 1, 0, 0
347100, 1175213, 1, 0, 0
347200, 1200925, 1, 0, 0
347300, 1210874, 1, 0, 0
347401, 1270539, 1, 0, 0
347501, 1182165, 1, 0, 0
347600, 1252115, 1, 0, 0
347700, 1205935, 1, 0, 0
347801, 1227971, 1, 0, 0
347901, 1193921, 1, 0, 0
348001, 1161629, 1, 0, 0
348100, 1208193, 1, 0, 0
348201, 1187011, 1, 0, 0
348300, 1152817, 1, 0, 0
348400, 1152360, 1, 0, 0
348501, 1165060, 1, 0, 0
348600, 1161764, 1, 0, 0
348700, 1227873, 1, 0, 0
348800, 1230431, 1, 0, 0
348900, 1169498, 1, 0, 0
349000, 1261420, 1, 0, 0
349100, 1260253, 1, 0, 0
349200, 1207948, 1, 0, 0
349300, 1244769, 1, 0, 0
349400, 1210167, 1, 0, 0
349500, 1213296, 1, 0, 0
349600, 1200223, 1, 0, 0
349702, 1213652, 1, 0, 0
349800, 1238049, 1, 0, 0
349900, 1218732, 1, 0, 0
350000, 1210820, 1, 0, 0
350100, 1189049, 1, 0, 0
350200, 1206339, 1, 0, 0
350300, 1200869, 1, 0, 0
350400, 1211364, 1, 0, 0
350500, 1194625, 1, 0, 0
350600, 1251373, 1, 0, 0
350700, 1160621, 1, 0, 0
350800, 1146628, 1, 0, 0
350900, 1187473, 1, 0, 0
351000, 1222317, 1, 0, 0
351100, 1204574, 1, 0, 0
351200, 1222801, 1, 0, 0
351300, 1173190, 1, 0, 0
351400, 1199773, 1, 0, 0
351500, 1183188, 1, 0, 0
351601, 1248128, 1, 0, 0
351700, 1171390, 1, 0, 0
351800, 1190900, 1, 0, 0
351901, 1276509, 1, 0, 0
352001, 1198067, 1, 0, 0
352100, 1205537, 1, 0, 0
352200, 1161895, 1, 0, 0
352300, 1213646, 1, 0, 0
352400, 1225583, 1, 0, 0
352500, 1231436, 1, 0, 0
352601, 1216731, 1, 0, 0
352700, 1201976, 1, 0, 0
352800, 1161016, 1, 0, 0
352900, 1198646, 1, 0, 0
353001, 1204247, 1, 0, 0
353100, 1232682, 1, 0, 0
353201, 1237102, 1, 0, 0
353301, 1209585, 1, 0, 0
353400, 1182607, 1, 0, 0
353500, 1222173, 1, 0, 0
353600, 1139063, 1, 0, 0
353700, 1203882, 1, 0, 0
353801, 1192604, 1, 0, 0
353900, 1236352, 1, 0, 0
354000, 1182232, 1, 0, 0
354100, 1189995, 1, 0, 0
354201, 1208088, 1, 0, 0
354300, 1233005, 1, 0, 0
354400, 1164320, 1, 0, 0
354500, 1269550, 1, 0, 0
354600, 1163781, 1, 0, 0
354700, 1162390, 1, 0, 0
354800, 1203177, 1, 0, 0
354900, 1191643, 1, 0, 0
355000, 1152152, 1, 0, 0
355100, 1171560, 1, 0, 0
355200, 1205424, 1, 0, 0
355300, 1188693, 1, 0, 0
355400, 1202730, 1, 0, 0
355500, 1231056, 1, 0, 0
355600, 1186712, 1, 0, 0
355700, 1236927, 1, 0, 0
355800, 1178916, 1, 0, 0
355900, 1169121, 1, 0, 0
356000, 1199456, 1, 0, 0
356100, 1216532, 1, 0, 0
356200, 1182411, 1, 0, 0
356300, 1159391, 1, 0, 0
356400, 1194790, 1, 0, 0
356500, 1208390, 1, 0, 0
356601, 1198122, 1, 0, 0
356700, 1192519, 1, 0, 0
356800, 1161601, 1, 0, 0
356900, 1160428, 1, 0, 0
357001, 1279422, 1, 0, 0
357100, 1165494, 1, 0, 0
357201, 1214362, 1, 0, 0
357300, 1191283, 1, 0, 0
357400, 1159536, 1, 0, 0
357500, 1176048, 1, 0, 0
357600, 1174220, 1, 0, 0
357700, 1171471, 1, 0, 0
357800, 1258887, 1, 0, 0
357901, 1204442, 1, 0, 0
358000, 1277721, 1, 0, 0
358100, 1266481, 1, 0, 0
358200, 1233835, 1, 0, 0
358300, 1240375, 1, 0, 0
358400, 1249091, 1, 0, 0
358501, 1231725, 1, 0, 0
358600, 1247824, 1, 0, 0
358700, 1277678, 1, 0, 0
358800, 1242089, 1, 0, 0
358900, 1215957, 1, 0, 0
359000, 1227748, 1, 0, 0
359100, 1190304, 1, 0, 0
359200, 1174473, 1, 0, 0
359300, 1202633, 1, 0, 0
359400, 1204771, 1, 0, 0
359500, 1211974, 1, 0, 0
359600, 1172707, 1, 0, 0
359700, 1164127, 1, 0, 0
359800, 1226132, 1, 0, 0
359901, 1200473, 1, 0, 0
360000, 1228198, 1, 0, 0
360100, 1206534, 1, 0, 0
360200, 1200587, 1, 0, 0
360301, 1189755, 1, 0, 0
360400, 1197178, 1, 0, 0
360500, 1207981, 1, 0, 0
360600, 1190749, 1, 0, 0
360700, 1151451, 1, 0, 0
360800, 1196358, 1, 0, 0
360901, 1222933, 1, 0, 0
361000, 1248627, 1, 0, 0
361100, 1259600, 1, 0, 0
361200, 1198675, 1, 0, 0
361300, 1225387, 1, 0, 0
361400, 1205641, 1, 0, 0
361500, 1236630, 1, 0, 0
361600, 1223188, 1, 0, 0
361700, 1233480, 1, 0, 0
361800, 1234311, 1, 0, 0
361900, 1242248, 1, 0, 0
362000, 1208640, 1, 0, 0
362100, 1214860, 1, 0, 0
362200, 1222364, 1, 0, 0
362301, 1213347, 1, 0, 0
362400, 1199121, 1, 0, 0
362501, 1243403, 1, 0, 0
362601, 1223366, 1, 0, 0
362700, 1245304, 1, 0, 0
362800, 1245843, 1, 0, 0
362900, 1207962, 1, 0, 0
363000, 1213982, 1, 0, 0
363101, 1223243, 1, 0, 0
363200, 1221785, 1, 0, 0
363300, 1176313, 1, 0, 0
363400, 1210122, 1, 0, 0
363500, 1220958, 1, 0, 0
363600, 1195620, 1, 0, 0
363700, 1217286, 1, 0, 0
363800, 1184951, 1, 0, 0
363900, 1200665, 1, 0, 0
364000, 1211176, 1, 0, 0
364100, 1234055, 1, 0, 0
364200, 1237506, 1, 0, 0
364300, 1215729, 1, 0, 0
364400, 1215405, 1, 0, 0
364502, 1247561, 1, 0, 0
364600, 1251796, 1, 0, 0
364700, 1251678, 1, 0, 0
364801, 1206594, 1, 0, 0
364900, 1251584, 1, 0, 0
365000, 1248614, 1, 0, 0
365100, 1317189, 1, 0, 0
365200, 1215224, 1, 0, 0
365301, 1218737, 1, 0, 0
365400, 1225542, 1, 0, 0
365500, 1289805, 1, 0, 0
365601, 1234553, 1, 0, 0
365700, 1214017, 1, 0, 0
365800, 1204191, 1, 0, 0
365900, 1195458, 1, 0, 0
366000, 1258325, 1, 0, 0
366100, 1242545, 1, 0, 0
366200, 1222495, 1, 0, 0
366301, 1209634, 1, 0, 0
366401, 1213770, 1, 0, 0
366500, 1266423, 1, 0, 0
366600, 1239771, 1, 0, 0
366701, 1212727, 1, 0, 0
366800, 1159965, 1, 0, 0
366900, 1256518, 1, 0, 0
367001, 1256502, 1, 0, 0
367100, 1214429, 1, 0, 0
367200, 1177369, 1, 0, 0
367300, 1221044, 1, 0, 0
367400, 1218384, 1, 0, 0
367501, 1223567, 1, 0, 0
367600, 1266055, 1, 0, 0
367700, 1173630, 1, 0, 0
367800, 1257551, 1, 0, 0
367900, 1263657, 1, 0, 0
368000, 1224181, 1, 0, 0
368100, 1221940, 1, 0, 0
368201, 1219624, 1, 0, 0
368300, 1191851, 1, 0, 0
368400, 1238250, 1, 0, 0
368501, 1209984, 1, 0, 0
368600, 1183975, 1, 0, 0
368700, 1171358, 1, 0, 0
368800, 1223735, 1, 0, 0
368901, 1225791, 1, 0, 0
369000, 1223195, 1, 0, 0
369100, 1245352, 1, 0, 0
369200, 1173877, 1, 0, 0
369300, 1253120, 1, 0, 0
369400, 1176892, 1, 0, 0
369500, 1219416, 1, 0, 0
369600, 1219275, 1, 0, 0
369700, 1266931, 1, 0, 0
369800, 1263835, 1, 0, 0
369900, 1202339, 1, 0, 0
370000, 1258310, 1, 0, 0
370100, 1185287, 1, 0, 0
370200, 1215407, 1, 0, 0
370300, 1210558, 1, 0, 0
370401, 1232935, 1, 0, 0
370500, 1209412, 1, 0, 0
370601, 1160021, 1, 0, 0
370700, 1274516, 1, 0, 0
370800, 1277741, 1, 0, 0
370900, 1222882, 1, 0, 0
371001, 1215640, 1, 0, 0
371100, 1214051, 1, 0, 0
371200, 1171871, 1, 0, 0
371300, 1216563, 1, 0, 0
371400, 1202455, 1, 0, 0
371500, 1231267, 1, 0, 0
371600, 1200203, 1, 0, 0
371700, 1178102, 1, 0, 0
371801, 1196827, 1, 0, 0
371900, 1206628, 1, 0, 0
372001, 1188218, 1, 0, 0
372101, 1243152, 1, 0, 0
372200, 1219992, 1, 0, 0
372300, 1240881, 1, 0, 0
372400, 1215617, 1, 0, 0
372501, 1218749, 1, 0, 0
372600, 1196171, 1, 0, 0
372700, 1205693, 1, 0, 0
372800, 1224242, 1, 0, 0
372900, 1221493, 1, 0, 0
373001, 1264877, 1, 0, 0
373101, 1267750, 1, 0, 0
373200, 1250814, 1, 0, 0
373300, 1212299, 1, 0, 0
373400, 1251217, 1, 0, 0
373501, 1206920, 1, 0, 0
373600, 1183907, 1, 0, 0
373700, 1156947, 1, 0, 0
373800, 1193509, 1, 0, 0
373901, 1241107, 1, 0, 0
374000, 1257949, 1, 0, 0
374100, 1214900, 1, 0, 0
374200, 1238696, 1, 0, 0
374300, 1212160, 1, 0, 0
374400, 1205621, 1, 0, 0
374500, 1225969, 1, 0, 0
374601, 1211131, 1, 0, 0
374700, 1207837, 1, 0, 0
374800, 1163259, 1, 0, 0
374901, 1137364, 1, 0, 0
375000, 1224840, 1, 0, 0
375100, 1223422, 1, 0, 0
375200, 1219008, 1, 0, 0
375300, 1281677, 1, 0, 0
375401, 1197313, 1, 0, 0
375500, 1208859, 1, 0, 0
375600, 1187794, 1, 0, 0
375700, 1175286, 1, 0, 0
375800, 1202583, 1, 0, 0
375900, 1246508, 1, 0, 0
376000, 1251618, 1, 0, 0
376100, 1206449, 1, 0, 0
376200, 1183634, 1, 0, 0
376300, 1258606, 1, 0, 0
376400, 1206619, 1, 0, 0
376501, 1203818, 1, 0, 0
376600, 1215685, 1, 0, 0
376701, 1222037, 1, 0, 0
376800, 1178503, 1, 0, 0
376900, 1175524, 1, 0, 0
377001, 1306339, 1, 0, 0
377100, 1209427, 1, 0, 0
377200, 1210649, 1, 0, 0
377300, 1175333, 1, 0, 0
377400, 1251792, 1, 0, 0
377500, 1272863, 1, 0, 0
377600, 1260037, 1, 0, 0
377700, 1232152, 1, 0, 0
377800, 1220900, 1, 0, 0
377901, 1196642, 1, 0, 0
378001, 1167151, 1, 0, 0
378100, 1248446, 1, 0, 0
378201, 1287650, 1, 0, 0
378300, 1222660, 1, 0, 0
378401, 1264261, 1, 0, 0
378500, 1207949, 1, 0, 0
378600, 1204864, 1, 0, 0
378700, 1234943, 1, 0, 0
378801, 1159298, 1, 0, 0
378900, 1207075, 1, 0, 0
379000, 1215346, 1, 0, 0
379100, 1277215, 1, 0, 0
379200, 1200124, 1, 0, 0
379300, 1263848, 1, 0, 0
379400, 1233710, 1, 0, 0
379500, 1270462, 1, 0, 0
379600, 1192622, 1, 0, 0
379701, 1208652, 1, 0, 0
379800, 1223030, 1, 0, 0
379900, 1196405, 1, 0, 0
380000, 1214247, 1, 0, 0
380100, 1203140, 1, 0, 0
380200, 1265803, 1, 0, 0
380300, 1225085, 1, 0, 0
380400, 1233724, 1, 0, 0
380500, 1226043, 1, 0, 0
380600, 1241070, 1, 0, 0
380700, 1274917, 1, 0, 0
380800, 1186889, 1, 0, 0
380900, 1201666, 1, 0, 0
381000, 1209110, 1, 0, 0
381100, 1293512, 1, 0, 0
381200, 1228247, 1, 0, 0
381300, 1202865, 1, 0, 0
381401, 1174742, 1, 0, 0
381501, 1196986, 1, 0, 0
381600, 1207957, 1, 0, 0
381700, 1185425, 1, 0, 0
381800, 1162553, 1, 0, 0
381900, 1207433, 1, 0, 0
382000, 1221370, 1, 0, 0
382100, 1258223, 1, 0, 0
382200, 1184917, 1, 0, 0
382301, 1286862, 1, 0, 0
382400, 1206250, 1, 0, 0
382501, 1151211, 1, 0, 0
382600, 1209541, 1, 0, 0
382700, 1193375, 1, 0, 0
382800, 1182438, 1, 0, 0
382900, 1261569, 1, 0, 0
383000, 1180259, 1, 0, 0
383100, 1189066, 1, 0, 0
383200, 1241404, 1, 0, 0
383300, 1200650, 1, 0, 0
383400, 1235259, 1, 0, 0
383500, 1186298, 1, 0, 0
383600, 1175616, 1, 0, 0
383700, 1218184, 1, 0, 0
383800, 1225602, 1, 0, 0
383900, 1227659, 1, 0, 0
384000, 1234861, 1, 0, 0
384100, 1238330, 1, 0, 0
384200, 1246980, 1, 0, 0
384300, 1198615, 1, 0, 0
384401, 1192730, 1, 0, 0
384500, 1208359, 1, 0, 0
384601, 1234627, 1, 0, 0
384700, 1202355, 1, 0, 0
384800, 1193009, 1, 0, 0
384900, 1155327, 1, 0, 0
385000, 1129991, 1, 0, 0
385100, 1189743, 1, 0, 0
385200, 1239294, 1, 0, 0
385301, 1218751, 1, 0, 0
385400, 1282539, 1, 0, 0
385501, 1216752, 1, 0, 0
385600, 1243281, 1, 0, 0
385700, 1176582, 1, 0, 0
385800, 1219613, 1, 0, 0
385900, 1246803, 1, 0, 0
386001, 1194552, 1, 0, 0
386100, 1163528, 1, 0, 0
386200, 1247264, 1, 0, 0
386300, 1173512, 1, 0, 0
386400, 1184187, 1, 0, 0
386501, 1202998, 1, 0, 0
386601, 1183043, 1, 0, 0
386700, 1235823, 1, 0, 0
386800, 1226879, 1, 0, 0
386900, 1248906, 1, 0, 0
387000, 1249517, 1, 0, 0
387100, 1164865, 1, 0, 0
387201, 1203543, 1, 0, 0
387300, 1188012, 1, 0, 0
387400, 1180870, 1, 0, 0
387500, 1166729, 1, 0, 0
387600, 1232265, 1, 0, 0
387700, 1224107, 1, 0, 0
387800, 1214036, 1, 0, 0
387900, 1203691, 1, 0, 0
388000, 1133087, 1, 0, 0
388100, 1192413, 1, 0, 0
388200, 1196613, 1, 0, 0
388300, 1196747, 1, 0, 0
388400, 1169818, 1, 0, 0
388500, 1160270, 1, 0, 0
388600, 1175292, 1, 0, 0
388700, 1268458, 1, 0, 0
388800, 1227378, 1, 0, 0
388900, 1186063, 1, 0, 0
389000, 1184654, 1, 0, 0
389100, 1236257, 1, 0, 0
389201, 1284651, 1, 0, 0
389300, 1238955, 1, 0, 0
389400, 1210842, 1, 0, 0
389500, 1168884, 1, 0, 0
389600, 1190048, 1, 0, 0
389700, 1218593, 1, 0, 0
389800, 1191351, 1, 0, 0
389900, 1202016, 1, 0, 0
390000, 1168647, 1, 0, 0
390100, 1215216, 1, 0, 0
390200, 1226383, 1, 0, 0
390300, 1174657, 1, 0, 0
390401, 1213701, 1, 0, 0
390500, 1271817, 1, 0, 0
390601, 1208013, 1, 0, 0
390700, 1246425, 1, 0, 0
390800, 1228432, 1, 0, 0
390900, 1253335, 1, 0, 0
391001, 1270279, 1, 0, 0
391100, 1187314, 1, 0, 0
391201, 1215513, 1, 0, 0
391300, 1193659, 1, 0, 0
391400, 1188840, 1, 0, 0
391500, 1182143, 1, 0, 0
391600, 1150394, 1, 0, 0
391700, 1223656, 1, 0, 0
391801, 1207627, 1, 0, 0
391901, 1227408, 1, 0, 0
392000, 1237284, 1, 0, 0
392101, 1161126, 1, 0, 0
392200, 1219220, 1, 0, 0
392300, 1210153, 1, 0, 0
392401, 1220971, 1, 0, 0
392500, 1245261, 1, 0, 0
392600, 1189887, 1, 0, 0
392700, 1170761, 1, 0, 0
392801, 1266734, 1, 0, 0
392900, 1229234, 1, 0, 0
393000, 1205741, 1, 0, 0
393100, 1155160, 1, 0, 0
393202, 1224751, 1, 0, 0
393300, 1235706, 1, 0, 0
393400, 1192466, 1, 0, 0
393500, 1241870, 1, 0, 0
393600, 1276855, 1, 0, 0
393700, 1250666, 1, 0, 0
393800, 1213761, 1, 0, 0
393900, 1196632, 1, 0, 0
394001, 1269936, 1, 0, 0
394101, 1207637, 1, 0, 0
394200, 1245360, 1, 0, 0
394300, 1186948, 1, 0, 0
394400, 1214939, 1, 0, 0
394501, 1194694, 1, 0, 0
394600, 1195438, 1, 0, 0
394701, 1202491, 1, 0, 0
394800, 1176792, 1, 0, 0
394901, 1164326, 1, 0, 0
395000, 1188979, 1, 0, 0
395100, 1236021, 1, 0, 0
395200, 1243763, 1, 0, 0
395300, 1182715, 1, 0, 0
395400, 1243829, 1, 0, 0
395500, 1244180, 1, 0, 0
395600, 1203310, 1, 0, 0
395700, 1166918, 1, 0, 0
395801, 1213724, 1, 0, 0
395900, 1235338, 1, 0, 0
396000, 1158962, 1, 0, 0
396100, 1204016, 1, 0, 0
396200, 1187417, 1, 0, 0
396301, 1228077, 1, 0, 0
396401, 1252465, 1, 0, 0
396500, 1253578, 1, 0, 0
396600, 1195204, 1, 0, 0
396700, 1169176, 1, 0, 0
396800, 1191160, 1, 0, 0
396900, 1219149, 1, 0, 0
397000, 1208931, 1, 0, 0
397100, 1245306, 1, 0, 0
397201, 1236275, 1, 0, 0
397300, 1210020, 1, 0, 0
397400, 1216066, 1, 0, 0
397500, 1223913, 1, 0, 0
397601, 1223129, 1, 0, 0
397700, 1208762, 1, 0, 0
397800, 1220756, 1, 0, 0
397900, 1206925, 1, 0, 0
398001, 1182993, 1, 0, 0
398100, 1188957, 1, 0, 0
398200, 1223646, 1, 0, 0
398300, 1183517, 1, 0, 0
398400, 1211364, 1, 0, 0
398501, 1235090, 1, 0, 0
398600, 1228694, 1, 0, 0
398700, 1203481, 1, 0, 0
398800, 1221171, 1, 0, 0
398900, 1258114, 1, 0, 0
399000, 1187519, 1, 0, 0
399100, 1227796, 1, 0, 0
399200, 1219217, 1, 0, 0
399300, 1227374, 1, 0, 0
399400, 1161303, 1, 0, 0
399500, 1288519, 1, 0, 0
399600, 1221805, 1, 0, 0
399701, 1222646, 1, 0, 0
399800, 1237258, 1, 0, 0
399900, 1239758, 1, 0, 0
400000, 1199292, 1, 0, 0
400100, 1213614, 1, 0, 0
400200, 1249479, 1, 0, 0
400300, 1254354, 1, 0, 0
400400, 1203505, 1, 0, 0
400501, 1203496, 1, 0, 0
400600, 1167337, 1, 0, 0
400700, 1197818, 1, 0, 0
400800, 1227588, 1, 0, 0
400901, 1220229, 1, 0, 0
401000, 1196303, 1, 0, 0
401100, 1187938, 1, 0, 0
401200, 1227933, 1, 0, 0
401300, 1199780, 1, 0, 0
401400, 1203230, 1, 0, 0
401500, 1210138, 1, 0, 0
401600, 1173335, 1, 0, 0
401700, 1216419, 1, 0, 0
401800, 1207664, 1, 0, 0
401900, 1205372, 1, 0, 0
402001, 1176939, 1, 0, 0
402100, 1174656, 1, 0, 0
402200, 1175999, 1, 0, 0
402300, 1263671, 1, 0, 0
402400, 1176366, 1, 0, 0
402500, 1209171, 1, 0, 0
402600, 1293076, 1, 0, 0
402700, 1214726, 1, 0, 0
402800, 1208284, 1, 0, 0
402900, 1161771, 1, 0, 0
403000, 1199439, 1, 0, 0
403100, 1196494, 1, 0, 0
403200, 1231957, 1, 0, 0
403300, 1164179, 1, 0, 0
403400, 1188180, 1, 0, 0
403500, 1249514, 1, 0, 0
403600, 1180795, 1, 0, 0
403701, 1253237, 1, 0, 0
403800, 1225576, 1, 0, 0
403900, 1168831, 1, 0, 0
404001, 1185037, 1, 0, 0
404100, 1201453, 1, 0, 0
404200, 1216956, 1, 0, 0
404301, 1192737, 1, 0, 0
404400, 1219652, 1, 0, 0
404501, 1208688, 1, 0, 0
404601, 1184517, 1, 0, 0
404700, 1236561, 1, 0, 0
404801, 1203403, 1, 0, 0
404900, 1133875, 1, 0, 0
405001, 1225423, 1, 0, 0
405100, 1224087, 1, 0, 0
405200, 1219328, 1, 0, 0
405300, 1217410, 1, 0, 0
405400, 1217021, 1, 0, 0
405500, 1224384, 1, 0, 0
405600, 1236487, 1, 0, 0
405700, 1205502, 1, 0, 0
405800, 1191657, 1, 0, 0
405901, 1188945, 1, 0, 0
406001, 1172762, 1, 0, 0
406100, 1200509, 1, 0, 0
406200, 1247198, 1, 0, 0
406300, 1198928, 1, 0, 0
406400, 1184473, 1, 0, 0
406501, 1165476, 1, 0, 0
406600, 1221179, 1, 0, 0
406700, 1195479, 1, 0, 0
406800, 1209460, 1, 0, 0
406900, 1246019, 1, 0, 0
407000, 1202409, 1, 0, 0
407101, 1202485, 1, 0, 0
407200, 1252814, 1, 0, 0
407300, 1214205, 1, 0, 0
407400, 1248824, 1, 0, 0
407500, 1252370, 1, 0, 0
407600, 1239042, 1, 0, 0
407700, 1265307, 1, 0, 0
407800, 1185942, 1, 0, 0
407900, 1184585, 1, 0, 0
408000, 1208159, 1, 0, 0
408100, 1240813, 1, 0, 0
408200, 1229477, 1, 0, 0
408300, 1227707, 1, 0, 0
408401, 1210796, 1, 0, 0
408501, 1195665, 1, 0, 0
408600, 1221003, 1, 0, 0
408700, 1246301, 1, 0, 0
408800, 1166836, 1, 0, 0
408900, 1269656, 1, 0, 0
409000, 1197210, 1, 0, 0
409100, 1254473, 1, 0, 0
409201, 1223377, 1, 0, 0
409301, 1200701, 1, 0, 0
409400, 1202637, 1, 0, 0
409501, 1157053, 1, 0, 0
409600, 1235419, 1, 0, 0
409700, 1259263, 1, 0, 0
409800, 1223269, 1, 0, 0
409900, 1180407, 1, 0, 0
410001, 1188528, 1, 0, 0
410101, 1202020, 1, 0, 0
410200, 1145724, 1, 0, 0
410301, 1204685, 1, 0, 0
410400, 1196371, 1, 0, 0
410500, 1160484, 1, 0, 0
410600, 1202509, 1, 0, 0
410700, 1203177, 1, 0, 0
410800, 1239345, 1, 0, 0
410900, 1252502, 1, 0, 0
411000, 1201443, 1, 0, 0
411100, 1230506, 1, 0, 0
411200, 1201953, 1, 0, 0
411300, 1196460, 1, 0, 0
411400, 1239288, 1, 0, 0
411501, 1221479, 1, 0, 0
411601, 1211750, 1, 0, 0
411700, 1224269, 1, 0, 0
411800, 1197719, 1, 0, 0
411900, 1167401, 1, 0, 0
412000, 1200336, 1, 0, 0
412100, 1197775, 1, 0, 0
412200, 1184197, 1, 0, 0
412300, 1204172, 1, 0, 0
412400, 1219814, 1, 0, 0
412500, 1246344, 1, 0, 0
412600, 1199742, 1, 0, 0
412700, 1181776, 1, 0, 0
412800, 1200075, 1, 0, 0
412900, 1190636, 1, 0, 0
413000, 1178965, 1, 0, 0
413100, 1209692, 1, 0, 0
413200, 1204529, 1, 0, 0
413300, 1202759, 1, 0, 0
413400, 1218761, 1, 0, 0
413500, 1189477, 1, 0, 0
413600, 1174907, 1, 0, 0
413702, 1220884, 1, 0, 0
413800, 1173435, 1, 0, 0
413900, 1128755, 1, 0, 0
414000, 1191161, 1, 0, 0
414101, 1220952, 1, 0, 0
414200, 1151587, 1, 0, 0
414300, 1231607, 1, 0, 0
414400, 1194807, 1, 0, 0
414500, 1234178, 1, 0, 0
414600, 1214816, 1, 0, 0
414700, 1211814, 1, 0, 0
414800, 1184268, 1, 0, 0
414901, 1240501, 1, 0, 0
415000, 1172960, 1, 0, 0
415101, 1162834, 1, 0, 0
415200, 1201661, 1, 0, 0
415301, 1231276, 1, 0, 0
415400, 1211910, 1, 0, 0
415500, 1221032, 1, 0, 0
415600, 1208761, 1, 0, 0
415700, 1184417, 1, 0, 0
415800, 1244616, 1, 0, 0
415900, 1148646, 1, 0, 0
416000, 1183877, 1, 0, 0
416100, 1229566, 1, 0, 0
416200, 1240527, 1, 0, 0
416300, 1225076, 1, 0, 0
416400, 1246420, 1, 0, 0
416500, 1219103, 1, 0, 0
416600, 1223569, 1, 0, 0
416700, 1200713, 1, 0, 0
416800, 1163537, 1, 0, 0
416900, 1178406, 1, 0, 0
417000, 1198351, 1, 0, 0
417100, 1197224, 1, 0, 0
417201, 1178982, 1, 0, 0
417300, 1204866, 1, 0, 0
417400, 1161244, 1, 0, 0
417500, 1179682, 1, 0, 0
417600, 1181273, 1, 0, 0
417700, 1213561, 1, 0, 0
417800, 1188434, 1, 0, 0
417900, 1197586, 1, 0, 0
418001, 1219378, 1, 0, 0
418100, 1252301, 1, 0, 0
418200, 1201095, 1, 0, 0
418300, 1237720, 1, 0, 0
418400, 1220840, 1, 0, 0
418500, 1218967, 1, 0, 0
418600, 1178550, 1, 0, 0
418701, 1214187, 1, 0, 0
418801, 1218305, 1, 0, 0
418900, 1206639, 1, 0, 0
419000, 1183707, 1, 0, 0
419101, 1175037, 1, 0, 0
419200, 1183584, 1, 0, 0
419300, 1160675, 1, 0, 0
419400, 1217543, 1, 0, 0
419500, 1210405, 1, 0, 0
419601, 1283288, 1, 0, 0
419701, 1184870, 1, 0, 0
419800, 1233605, 1, 0, 0
419900, 1226765, 1, 0, 0
420001, 1259131, 1, 0, 0
420100, 1182536, 1, 0, 0
420200, 1200762, 1, 0, 0
420301, 1181962, 1, 0, 0
420400, 1160336, 1, 0, 0
420500, 1233310, 1, 0, 0
420600, 1146562, 1, 0, 0
420700, 1160885, 1, 0, 0
420800, 1197300, 1, 0, 0
420900, 1251510, 1, 0, 0
421000, 1155028, 1, 0, 0
421101, 1196898, 1, 0, 0
421200, 1158632, 1, 0, 0
421300, 1201824, 1, 0, 0
421400, 1190104, 1, 0, 0
421500, 1180389, 1, 0, 0
421601, 1160799, 1, 0, 0
421700, 1237744, 1, 0, 0
421800, 1206183, 1, 0, 0
421900, 1198153, 1, 0, 0
422000, 1232932, 1, 0, 0
422100, 1243935, 1, 0, 0
422200, 1198139, 1, 0, 0
422301, 1200563, 1, 0, 0
422400, 1190851, 1, 0, 0
422500, 1213740, 1, 0, 0
422600, 1165488, 1, 0, 0
422701, 1156760, 1, 0, 0
422800, 1256116, 1, 0, 0
422900, 1173890, 1, 0, 0
423001, 1255221, 1, 0, 0
423100, 1155139, 1, 0, 0
423200, 1218463, 1, 0, 0
423300, 1247323, 1, 0, 0
423401, 1241366, 1, 0, 0
423500, 1264644, 1, 0, 0
423600, 1236978, 1, 0, 0
423701, 1250210, 1, 0, 0
423800, 1266243, 1, 0, 0
423901, 1233323, 1, 0, 0
424000, 1138181, 1, 0, 0
424100, 1208520, 1, 0, 0
424200, 1280156, 1, 0, 0
424300, 1208007, 1, 0, 0
424400, 1169168, 1, 0, 0
424500, 1157816, 1, 0, 0
424601, 1213620, 1, 0, 0
424700, 1246394, 1, 0, 0
424800, 1191887, 1, 0, 0
424900, 1209977, 1, 0, 0
425000, 1233795, 1, 0, 0
425100, 1212869, 1, 0, 0
425200, 1199550, 1, 0, 0
425300, 1203627, 1, 0, 0
425401, 1178272, 1, 0, 0
425500, 1189426, 1, 0, 0
425601, 1218478, 1, 0, 0
425700, 1164690, 1, 0, 0
425800, 1153541, 1, 0, 0
425900, 1244276, 1, 0, 0
426000, 1204220, 1, 0, 0
426100, 1204796, 1, 0, 0
426201, 1224688, 1, 0, 0
426300, 1197100, 1, 0, 0
426400, 1196283, 1, 0, 0
426501, 1259385, 1, 0, 0
426600, 1251614, 1, 0, 0
426700, 1226609, 1, 0, 0
426801, 1197399, 1, 0, 0
426900, 1229868, 1, 0, 0
427001, 1218754, 1, 0, 0
427101, 1225652, 1, 0, 0
427200, 1170194, 1, 0, 0
427300, 1183977, 1, 0, 0
427400, 1212954, 1, 0, 0
427501, 1227586, 1, 0, 0
427600, 1218183, 1, 0, 0
427700, 1220119, 1, 0, 0
427800, 1197795, 1, 0, 0
427900, 1230233, 1, 0, 0
428000, 1212219, 1, 0, 0
428100, 1247254, 1, 0, 0
428200, 1234342, 1, 0, 0
428300, 1230948, 1, 0, 0
428401, 1173078, 1, 0, 0
428500, 1223494, 1, 0, 0
428600, 1223566, 1, 0, 0
428701, 1220438, 1, 0, 0
428800, 1220639, 1, 0, 0
428900, 1271396, 1, 0, 0
429000, 1213075, 1, 0, 0
429101, 1267235, 1, 0, 0
429200, 1187204, 1, 0, 0
429300, 1212110, 1, 0, 0
429400, 1185692, 1, 0, 0
429500, 1173720, 1, 0, 0
429600, 1252620, 1, 0, 0
429701, 1275591, 1, 0, 0
429800, 1265440, 1, 0, 0
429900, 1188764, 1, 0, 0
430000, 1218311, 1, 0, 0
430100, 1143837, 1, 0, 0
430200, 1204526, 1, 0, 0
430301, 1207161, 1, 0, 0
430401, 1203509, 1, 0, 0
430500, 1191562, 1, 0, 0
430600, 1184641, 1, 0, 0
430700, 1169588, 1, 0, 0
430800, 1173881, 1, 0, 0
430900, 1216963, 1, 0, 0
431000, 1216432, 1, 0, 0
431100, 1227691, 1, 0, 0
431200, 1152438, 1, 0, 0
431300, 1204366, 1, 0, 0
431400, 1176291, 1, 0, 0
431500, 1208816, 1, 0, 0
431601, 1208149, 1, 0, 0
431700, 1212329, 1, 0, 0
431800, 1215397, 1, 0, 0
431900, 1257284, 1, 0, 0
432000, 1257973, 1, 0, 0
432101, 1207437, 1, 0, 0
432200, 1156671, 1, 0, 0
432300, 1174777, 1, 0, 0
432400, 1193544, 1, 0, 0
432500, 1171795, 1, 0, 0
432601, 1201247, 1, 0, 0
432700, 1193161, 1, 0, 0
432800, 1216441, 1, 0, 0
432900, 1213053, 1, 0, 0
433000, 1272286, 1, 0, 0
433100, 1168347, 1, 0, 0
433201, 1187332, 1, 0, 0
433300, 1214922, 1, 0, 0
433400, 1175752, 1, 0, 0
433501, 1203186, 1, 0, 0
433600, 1188762, 1, 0, 0
433700, 1223226, 1, 0, 0
433800, 1181936, 1, 0, 0
433900, 1189160, 1, 0, 0
434000, 1279959, 1, 0, 0
434100, 1219763, 1, 0, 0
434200, 1242765, 1, 0, 0
434300, 1227233, 1, 0, 0
434400, 1255595, 1, 0, 0
434500, 1242554, 1, 0, 0
434600, 1197343, 1, 0, 0
434700, 1256962, 1, 0, 0
434801, 1283766, 1, 0, 0
434900, 1249397, 1, 0, 0
435000, 1275395, 1, 0, 0
435100, 1276044, 1, 0, 0
435200, 1221136, 1, 0, 0
435300, 1207776, 1, 0, 0
435400, 1202300, 1, 0, 0
435500, 1245714, 1, 0, 0
435600, 1150444, 1, 0, 0
435700, 1227541, 1, 0, 0
435801, 1224348, 1, 0, 0
435900, 1222378, 1, 0, 0
436000, 1273903, 1, 0, 0
436100, 1201017, 1, 0, 0
436200, 1230813, 1, 0, 0
436300, 1250004, 1, 0, 0
436400, 1252785, 1, 0, 0
436501, 1194402, 1, 0, 0
436600, 1295830, 1, 0, 0
436700, 1194413, 1, 0, 0
436800, 1223500, 1, 0, 0
436900, 1208201, 1, 0, 0
437001, 1233134, 1, 0, 0
437101, 1302737, 1, 0, 0
437200, 1223622, 1, 0, 0
437301, 1216880, 1, 0, 0
437401, 1199347, 1, 0, 0
437500, 1203600, 1, 0, 0
437601, 1193714, 1, 0, 0
437700, 1180955, 1, 0, 0
437800, 1225892, 1, 0, 0
437900, 1221272, 1, 0, 0
438000, 1223446, 1, 0, 0
438100, 1255315, 1, 0, 0
438200, 1254307, 1, 0, 0
438300, 1173214, 1, 0, 0
438400, 1244676, 1, 0, 0
438500, 1252321, 1, 0, 0
438600, 1183989, 1, 0, 0
438700, 1226087, 1, 0, 0
438800, 1176287, 1, 0, 0
438900, 1214190, 1, 0, 0
439000, 1202544, 1, 0, 0
439100, 1239251, 1, 0, 0
439201, 1226667, 1, 0, 0
439300, 1254104, 1, 0, 0
439400, 1208040, 1, 0, 0
439500, 1228079, 1, 0, 0
439600, 1228386, 1, 0, 0
439700, 1184198, 1, 0, 0
439800, 1236581, 1, 0, 0
439901, 1259446, 1, 0, 0
440000, 1186460, 1, 0, 0
440100, 1253187, 1, 0, 0
440200, 1215639, 1, 0, 0
440300, 1209159, 1, 0, 0
440400, 1240621, 1, 0, 0
440500, 1282824, 1, 0, 0
440600, 1237079, 1, 0, 0
440700, 1203113, 1, 0, 0
440800, 1199398, 1, 0, 0
440900, 1245269, 1, 0, 0
441000, 1272813, 1, 0, 0
441100, 1195369, 1, 0, 0
441200, 1192657, 1, 0, 0
441300, 1252850, 1, 0, 0
441401, 1191182, 1, 0, 0
441500, 1165564, 1, 0, 0
441600, 1174110, 1, 0, 0
441700, 1243531, 1, 0, 0
441800, 1276561, 1, 0, 0
441900, 1254074, 1, 0, 0
442000, 1193204, 1, 0, 0
442100, 1235510, 1, 0, 0
442200, 1258509, 1, 0, 0
442300, 1233312, 1, 0, 0
442400, 1197408, 1, 0, 0
442501, 1198613, 1, 0, 0
442600, 1188499, 1, 0, 0
442700, 1203897, 1, 0, 0
442800, 1235284, 1, 0, 0
442901, 1184791, 1, 0, 0
443000, 1194748, 1, 0, 0
443100, 1209704, 1, 0, 0
443200, 1169154, 1, 0, 0
443300, 1203234, 1, 0, 0
443400, 1167015, 1, 0, 0
443501, 1219990, 1, 0, 0
443600, 1216456, 1, 0, 0
443700, 1282692, 1, 0, 0
443800, 1225917, 1, 0, 0
443900, 1179614, 1, 0, 0
444000, 1164049, 1, 0, 0
444100, 1167543, 1, 0, 0
444201, 1203053, 1, 0, 0
444300, 1216339, 1, 0, 0
444401, 1225564, 1, 0, 0
444500, 1221460, 1, 0, 0
444600, 1183619, 1, 0, 0
444700, 1207907, 1, 0, 0
444800, 1214707, 1, 0, 0
444900, 1214877, 1, 0, 0
445000, 1196668, 1, 0, 0
445100, 1182199, 1, 0, 0
445200, 1189773, 1, 0, 0
445300, 1191099, 1, 0, 0
445400, 1228217, 1, 0, 0
445500, 1192072, 1, 0, 0
445600, 1185689, 1, 0, 0
445700, 1184194, 1, 0, 0
445801, 1236283, 1, 0, 0
445900, 1219330, 1, 0, 0
446000, 1197436, 1, 0, 0
446100, 1170841, 1, 0, 0
446200, 1183513, 1, 0, 0
446300, 1185869, 1, 0, 0
446401, 1223087, 1, 0, 0
446500, 1224620, 1, 0, 0
446601, 1231047, 1, 0, 0
446700, 1164994, 1, 0, 0
446800, 1220255, 1, 0, 0
446900, 1200812, 1, 0, 0
447001, 1181190, 1, 0, 0
447100, 1235042, 1, 0, 0
447200, 1242935, 1, 0, 0
447300, 1216722, 1, 0, 0
447400, 1177124, 1, 0, 0
447501, 1228004, 1, 0, 0
447601, 1159512, 1, 0, 0
447700, 1180871, 1, 0, 0
447800, 1236326, 1, 0, 0
447900, 1180479, 1, 0, 0
448000, 1159538, 1, 0, 0
448100, 1211287, 1, 0, 0
448200, 1158306, 1, 0, 0
448301, 1201406, 1, 0, 0
448401, 1171297, 1, 0, 0
448500, 1210868, 1, 0, 0
448600, 1253497, 1, 0, 0
448701, 1159809, 1, 0, 0
448801, 1278821, 1, 0, 0
448901, 1242157, 1, 0, 0
449000, 1225269, 1, 0, 0
449100, 1181687, 1, 0, 0
449201, 1201787, 1, 0, 0
449301, 1210833, 1, 0, 0
449400, 1223528, 1, 0, 0
449500, 1223244, 1, 0, 0
449600, 1186466, 1, 0, 0
449701, 1204114, 1, 0, 0
449800, 1191248, 1, 0, 0
449900, 1201326, 1, 0, 0
450000, 1186979, 1, 0, 0
450100, 1201372, 1, 0, 0
450201, 1158712, 1, 0, 0
450301, 1131743, 1, 0, 0
450400, 1181259, 1, 0, 0
450501, 1173413, 1, 0, 0
450600, 1237206, 1, 0, 0
450700, 1217317, 1, 0, 0
450800, 1181369, 1, 0, 0
450900, 1186047, 1, 0, 0
451000, 1210904, 1, 0, 0
451100, 1234264, 1, 0, 0
451200, 1186824, 1, 0, 0
451301, 1205367, 1, 0, 0
451401, 1193070, 1, 0, 0
451500, 1192750, 1, 0, 0
451600, 1178949, 1, 0, 0
451700, 1203218, 1, 0, 0
451800, 1200040, 1, 0, 0
451901, 1223707, 1, 0, 0
452000, 1238508, 1, 0, 0
452100, 1226361, 1, 0, 0
452200, 1218292, 1, 0, 0
452300, 1228194, 1, 0, 0
452401, 1202557, 1, 0, 0
452500, 1191633, 1, 0, 0
452600, 1208361, 1, 0, 0
452700, 1227379, 1, 0, 0
452800, 1227732, 1, 0, 0
452900, 1214885, 1, 0, 0
453000, 1203725, 1, 0, 0
453100, 1142982, 1, 0, 0
453200, 1207226, 1, 0, 0
453300, 1228489, 1, 0, 0
453400, 1177946, 1, 0, 0
453500, 1189335, 1, 0, 0
453600, 1225712, 1, 0, 0
453700, 1256951, 1, 0, 0
453800, 1178891, 1, 0, 0
453900, 1236261, 1, 0, 0
454000, 1197842, 1, 0, 0
454101, 1209594, 1, 0, 0
454200, 1206006, 1, 0, 0
454300, 1233666, 1, 0, 0
454400, 1213550, 1, 0, 0
454500, 1179434, 1, 0, 0
454600, 1211766, 1, 0, 0
454700, 1200162, 1, 0, 0
454801, 1232713, 1, 0, 0
454900, 1245078, 1, 0, 0
455001, 1231618, 1, 0, 0
455101, 1197793, 1, 0, 0
455201, 1245668, 1, 0, 0
455302, 1249667, 1, 0, 0
455400, 1158872, 1, 0, 0
455500, 1212298, 1, 0, 0
455601, 1265334, 1, 0, 0
455700, 1208269, 1, 0, 0
455800, 1183191, 1, 0, 0
455900, 1170357, 1, 0, 0
456000, 1187988, 1, 0, 0
456100, 1279461, 1, 0, 0
456200, 1234547, 1, 0, 0
456300, 1236246, 1, 0, 0
456400, 1188310, 1, 0, 0
456500, 1199191, 1, 0, 0
456600, 1185607, 1, 0, 0
456700, 1177166, 1, 0, 0
456800, 1166900, 1, 0, 0
456900, 1183813, 1, 0, 0
457001, 1223027, 1, 0, 0
457100, 1235865, 1, 0, 0
457200, 1243890, 1, 0, 0
457300, 1218112, 1, 0, 0
457401, 1196625, 1, 0, 0
457500, 1179254, 1, 0, 0
457601, 1229758, 1, 0, 0
457700, 1213736, 1, 0, 0
457800, 1160332, 1, 0, 0
457900, 1152566, 1, 0, 0
458000, 1221803, 1, 0, 0
458100, 1194257, 1, 0, 0
458200, 1173361, 1, 0, 0
458300, 1188510, 1, 0, 0
458400, 1222954, 1, 0, 0
458500, 1241119, 1, 0, 0
458600, 1215150, 1, 0, 0
458700, 1225078, 1, 0, 0
458800, 1191380, 1, 0, 0
458900, 1236246, 1, 0, 0
459000, 1218621, 1, 0, 0
459100, 1140128, 1, 0, 0
459200, 1222204, 1, 0, 0
459300, 1141727, 1, 0, 0
459400, 1195434, 1, 0, 0
459500, 1167732, 1, 0, 0
459600, 1200406, 1, 0, 0
459700, 1257226, 1, 0, 0
459800, 1172127, 1, 0, 0
459900, 1236983, 1, 0, 0
460000, 1243653, 1, 0, 0
460100, 1163147, 1, 0, 0
460200, 1244237, 1, 0, 0
460300, 1259954, 1, 0, 0
460400, 1236214, 1, 0, 0
460500, 1166514, 1, 0, 0
460600, 1219744, 1, 0, 0
460700, 1252614, 1, 0, 0
460801, 1227599, 1, 0, 0
460900, 1247644, 1, 0, 0
461001, 1238124, 1, 0, 0
461100, 1204359, 1, 0, 0
461200, 1216443, 1, 0, 0
461300, 1208813, 1, 0, 0
461400, 1234998, 1, 0, 0
461500, 1182573, 1, 0, 0
461600, 1238737, 1, 0, 0
461700, 1166122, 1, 0, 0
461800, 1192945, 1, 0, 0
461900, 1287053, 1, 0, 0
462000, 1249066, 1, 0, 0
462100, 1213376, 1, 0, 0
462201, 1167935, 1, 0, 0
462300, 1233217, 1, 0, 0
462400, 1225672, 1, 0, 0
462500, 1246864, 1, 0, 0
462601, 1227245, 1, 0, 0
462700, 1201338, 1, 0, 0
462800, 1199096, 1, 0, 0
462900, 1187653, 1, 0, 0
463000, 1197262, 1, 0, 0
463100, 1169729, 1, 0, 0
463200, 1242330, 1, 0, 0
463300, 1257473, 1, 0, 0
463400, 1187516, 1, 0, 0
463500, 1207634, 1, 0, 0
463600, 1191631, 1, 0, 0
463700, 1187588, 1, 0, 0
463800, 1167138, 1, 0, 0
463901, 1194231, 1, 0, 0
464000, 1274362, 1, 0, 0
464101, 1189311, 1, 0, 0
464200, 1206571, 1, 0, 0
464300, 1229788, 1, 0, 0
464401, 1210221, 1, 0, 0
464500, 1195237, 1, 0, 0
464600, 1198889, 1, 0, 0
464700, 1206651, 1, 0, 0
464800, 1227595, 1, 0, 0
464900, 1222107, 1, 0, 0
465000, 1213728, 1, 0, 0
465101, 1189844, 1, 0, 0
465200, 1215217, 1, 0, 0
465300, 1152689, 1, 0, 0
465400, 1195855, 1, 0, 0
465500, 1237477, 1, 0, 0
465600, 1220063, 1, 0, 0
465700, 1200988, 1, 0, 0
465800, 1274534, 1, 0, 0
465900, 1260529, 1, 0, 0
466000, 1214942, 1, 0, 0
466100, 1183354, 1, 0, 0
466201, 1209805, 1, 0, 0
466301, 1228864, 1, 0, 0
466400, 1236023, 1, 0, 0
466500, 1215434, 1, 0, 0
466600, 1225699, 1, 0, 0
466700, 1189432, 1, 0, 0
466800, 1187534, 1, 0, 0
466900, 1199817, 1, 0, 0
467000, 1269377, 1, 0, 0
467101, 1183219, 1, 0, 0
467200, 1188542, 1, 0, 0
467300, 1201119, 1, 0, 0
467400, 1175088, 1, 0, 0
467500, 1207018, 1, 0, 0
467600, 1175042, 1, 0, 0
467701, 1222629, 1, 0, 0
467800, 1207812, 1, 0, 0
467900, 1192940, 1, 0, 0
468000, 1208936, 1, 0, 0
468100, 1232317, 1, 0, 0
468201, 1238702, 1, 0, 0
468300, 1219949, 1, 0, 0
468400, 1193984, 1, 0, 0
468500, 1201481, 1, 0, 0
468600, 1211674, 1, 0, 0
468700, 1281491, 1, 0, 0
468800, 1165300, 1, 0, 0
468900, 1176963, 1, 0, 0
469000, 1156562, 1, 0, 0
469100, 1220318, 1, 0, 0
469200, 1213472, 1, 0, 0
469302, 1199239, 1, 0, 0
469400, 1190393, 1, 0, 0
469500, 1182795, 1, 0, 0
469601, 1288675, 1, 0, 0
469700, 1186668, 1, 0, 0
469800, 1195344, 1, 0, 0
469900, 1242939, 1, 0, 0
470001, 1148740, 1, 0, 0
470100, 1230576, 1, 0, 0
470201, 1297516, 1, 0, 0
470301, 1179959, 1, 0, 0
470400, 1198144, 1, 0, 0
470500, 1208697, 1, 0, 0
470600, 1204572, 1, 0, 0
470701, 1218155, 1, 0, 0
470800, 1272718, 1, 0, 0
470900, 1169938, 1, 0, 0
471000, 1178053, 1, 0, 0
471100, 1186304, 1, 0, 0
471200, 1241839, 1, 0, 0
471301, 1162633, 1, 0, 0
471401, 1241041, 1, 0, 0
471500, 1189269, 1, 0, 0
471600, 1176786, 1, 0, 0
471700, 1222450, 1, 0, 0
471800, 1200833, 1, 0, 0
471901, 1233910, 1, 0, 0
472001, 1222537, 1, 0, 0
472100, 1185652, 1, 0, 0
472201, 1208806, 1, 0, 0
472300, 1207407, 1, 0, 0
472401, 1204020, 1, 0, 0
472500, 1232381, 1, 0, 0
472600, 1202583, 1, 0, 0
472700, 1213096, 1, 0, 0
472800, 1195499, 1, 0, 0
472901, 1178364, 1, 0, 0
473000, 1183666, 1, 0, 0
473100, 1230740, 1, 0, 0
473200, 1192810, 1, 0, 0
473301, 1210764, 1, 0, 0
473400, 1218354, 1, 0, 0
473500, 1231697, 1, 0, 0
473601, 1276141, 1, 0, 0
473701, 1277666, 1, 0, 0
473800, 1202426, 1, 0, 0
473900, 1233756, 1, 0, 0
474000, 1193464, 1, 0, 0
474100, 1235169, 1, 0, 0
474201, 1216312, 1, 0, 0
474300, 1224811, 1, 0, 0
474401, 1229255, 1, 0, 0
474500, 1207061, 1, 0, 0
474600, 1223387, 1, 0, 0
474701, 1247013, 1, 0, 0
474801, 1192997, 1, 0, 0
474900, 1158783, 1, 0, 0
475000, 1223646, 1, 0, 0
475100, 1232710, 1, 0, 0
475201, 1222092, 1, 0, 0
475300, 1271963, 1, 0, 0
475400, 1235576, 1, 0, 0
475500, 1220452, 1, 0, 0
475600, 1204674, 1, 0, 0
475700, 1227126, 1, 0, 0
475800, 1215470, 1, 0, 0
475900, 1198333, 1, 0, 0
476001, 1236026, 1, 0, 0
476100, 1222884, 1, 0, 0
476200, 1235265, 1, 0, 0
476300, 1259010, 1, 0, 0
476400, 1214431, 1, 0, 0
476500, 1277883, 1, 0, 0
476600, 1180645, 1, 0, 0
476700, 1272944, 1, 0, 0
476801, 1174268, 1, 0, 0
476900, 1161709, 1, 0, 0
477001, 1178330, 1, 0, 0
477100, 1181152, 1, 0, 0
477200, 1248583, 1, 0, 0
477300, 1213664, 1, 0, 0
477400, 1242816, 1, 0, 0
477500, 1227262, 1, 0, 0
477600, 1200940, 1, 0, 0
477701, 1208269, 1, 0, 0
477801, 1225215, 1, 0, 0
477900, 1241818, 1, 0, 0
478000, 1260635, 1, 0, 0
478100, 1197691, 1, 0, 0
478200, 1193713, 1, 0, 0
478300, 1211456, 1, 0, 0
478400, 1265231, 1, 0, 0
478501, 1214606, 1, 0, 0
478600, 1177730, 1, 0, 0
478701, 1217300, 1, 0, 0
478800, 1207147, 1, 0, 0
478901, 1205922, 1, 0, 0
479000, 1212536, 1, 0, 0
479100, 1253639, 1, 0, 0
479200, 1222702, 1, 0, 0
479300, 1238287, 1, 0, 0
479400, 1184076, 1, 0, 0
479501, 1174076, 1, 0, 0
479600, 1185766, 1, 0, 0
479700, 1189287, 1, 0, 0
479800, 1200678, 1, 0, 0
479900, 1183485, 1, 0, 0
480000, 1253868, 1, 0, 0
480100, 1244319, 1, 0, 0
480200, 1243450, 1, 0, 0
480301, 1267968, 1, 0, 0
480401, 1241890, 1, 0, 0
480500, 1208768, 1, 0, 0
480600, 1209954, 1, 0, 0
480701, 1175168, 1, 0, 0
480800, 1167519, 1, 0, 0
480900, 1184981, 1, 0, 0
481001, 1203965, 1, 0, 0
481101, 1255064, 1, 0, 0
481200, 1194171, 1, 0, 0
481300, 1207393, 1, 0, 0
481400, 1213940, 1, 0, 0
481500, 1184628, 1, 0, 0
481600, 1227479, 1, 0, 0
481700, 1154859, 1, 0, 0
481800, 1301730, 1, 0, 0
481900, 1219202, 1, 0, 0
482001, 1227672, 1, 0, 0
482100, 1188181, 1, 0, 0
482201, 1160211, 1, 0, 0
482300, 1188436, 1, 0, 0
482400, 1187345, 1, 0, 0
482500, 1178836, 1, 0, 0
482600, 1150446, 1, 0, 0
482702, 1217621, 1, 0, 0
482800, 1152611, 1, 0, 0
482901, 1223096, 1, 0, 0
483000, 1169930, 1, 0, 0
483100, 1173793, 1, 0, 0
483201, 1181468, 1, 0, 0
483301, 1202339, 1, 0, 0
483400, 1177214, 1, 0, 0
483501, 1186093, 1, 0, 0
483600, 1167386, 1, 0, 0
483700, 1198775, 1, 0, 0
483800, 1227212, 1, 0, 0
483900, 1209495, 1, 0, 0
484001, 1234878, 1, 0, 0
484100, 1221620, 1, 0, 0
484201, 1192675, 1, 0, 0
484300, 1261098, 1, 0, 0
484400, 1283143, 1, 0, 0
484500, 1194120, 1, 0, 0
484600, 1229597, 1, 0, 0
484700, 1211412, 1, 0, 0
484800, 1213018, 1, 0, 0
484901, 1218300, 1, 0, 0
485000, 1208212, 1, 0, 0
485101, 1241054, 1, 0, 0
485200, 1245703, 1, 0, 0
485301, 1245939, 1, 0, 0
485401, 1245394, 1, 0, 0
485501, 1257101, 1, 0, 0
485600, 1214420, 1, 0, 0
485701, 1229856, 1, 0, 0
485800, 1209499, 1, 0, 0
485900, 1172227, 1, 0, 0
486000, 1199283, 1, 0, 0
486100, 1215326, 1, 0, 0
486200, 1187319, 1, 0, 0
486300, 1209613, 1, 0, 0
486400, 1239498, 1, 0, 0
486500, 1224608, 1, 0, 0
486600, 1211948, 1, 0, 0
486701, 1186491, 1, 0, 0
486800, 1191335, 1, 0, 0
486900, 1232786, 1, 0, 0
487000, 1227431, 1, 0, 0
487100, 1256283, 1, 0, 0
487200, 1187421, 1, 0, 0
487300, 1239137, 1, 0, 0
487400, 1266877, 1, 0, 0
487500, 1251141, 1, 0, 0
487601, 1210169, 1, 0, 0
487700, 1224393, 1, 0, 0
487800, 1196574, 1, 0, 0
487900, 1221042, 1, 0, 0
488001, 1286725, 1, 0, 0
488101, 1259188, 1, 0, 0
488201, 1209743, 1, 0, 0
488300, 1153415, 1, 0, 0
488400, 1221958, 1, 0, 0
488500, 1144057, 1, 0, 0
488601, 1179138, 1, 0, 0
488700, 1204675, 1, 0, 0
488801, 1168575, 1, 0, 0
488900, 1171006, 1, 0, 0
489000, 1216053, 1, 0, 0
489101, 1217711, 1, 0, 0
489200, 1202529, 1, 0, 0
489300, 1203205, 1, 0, 0
489400, 1239840, 1, 0, 0
489500, 1275504, 1, 0, 0
489601, 1259782, 1, 0, 0
489700, 1268679, 1, 0, 0
489801, 1250741, 1, 0, 0
489901, 1232911, 1, 0, 0
490001, 1221818, 1, 0, 0
490100, 1233710, 1, 0, 0
490200, 1237050, 1, 0, 0
490300, 1269983, 1, 0, 0
490400, 1208219, 1, 0, 0
490500, 1304221, 1, 0, 0
490600, 1266008, 1, 0, 0
490700, 1244372, 1, 0, 0
490800, 1202079, 1, 0, 0
490900, 1237831, 1, 0, 0
491000, 1266097, 1, 0, 0
491101, 1246729, 1, 0, 0
491200, 1231916, 1, 0, 0
491301, 1183678, 1, 0, 0
491400, 1255435, 1, 0, 0
491500, 1197354, 1, 0, 0
491600, 1179327, 1, 0, 0
491700, 1192640, 1, 0, 0
491800, 1172698, 1, 0, 0
491900, 1167228, 1, 0, 0
492000, 1208955, 1, 0, 0
492100, 1193817, 1, 0, 0
492200, 1229497, 1, 0, 0
492301, 1207035, 1, 0, 0
492400, 1210026, 1, 0, 0
492500, 1188794, 1, 0, 0
492600, 1253272, 1, 0, 0
492700, 1246652, 1, 0, 0
492801, 1217180, 1, 0, 0
492900, 1220781, 1, 0, 0
493000, 1184859, 1, 0, 0
493101, 1209997, 1, 0, 0
493200, 1217070, 1, 0, 0
493300, 1183431, 1, 0, 0
493400, 1226959, 1, 0, 0
493500, 1251280, 1, 0, 0
493600, 1286418, 1, 0, 0
493700, 1282853, 1, 0, 0
493800, 1205750, 1, 0, 0
493900, 1202326, 1, 0, 0
494000, 1256220, 1, 0, 0
494100, 1228300, 1, 0, 0
494200, 1189747, 1, 0, 0
494301, 1211580, 1, 0, 0
494401, 1206553, 1, 0, 0
494500, 1216811, 1, 0, 0
494600, 1219160, 1, 0, 0
494700, 1257191, 1, 0, 0
494800, 1183168, 1, 0, 0
494900, 1157387, 1, 0, 0
495000, 1175338, 1, 0, 0
495101, 1247977, 1, 0, 0
495200, 1198538, 1, 0, 0
495300, 1201007, 1, 0, 0
495400, 1196823, 1, 0, 0
495500, 1207527, 1, 0, 0
495601, 1196799, 1, 0, 0
495700, 1239793, 1, 0, 0
495800, 1244233, 1, 0, 0
495900, 1255537, 1, 0, 0
496000, 1151943, 1, 0, 0
496100, 1192179, 1, 0, 0
496200, 1183276, 1, 0, 0
496300, 1168232, 1, 0, 0
496400, 1156093, 1, 0, 0
496500, 1221796, 1, 0, 0
496600, 1181974, 1, 0, 0
496701, 1230917, 1, 0, 0
496800, 1198324, 1, 0, 0
496900, 1202114, 1, 0, 0
497000, 1148200, 1, 0, 0
497101, 1246157, 1, 0, 0
497200, 1163415, 1, 0, 0
497300, 1194947, 1, 0, 0
497400, 1192818, 1, 0, 0
497500, 1239587, 1, 0, 0
497600, 1254105, 1, 0, 0
497700, 1175033, 1, 0, 0
497800, 1145935, 1, 0, 0
497901, 1186512, 1, 0, 0
498000, 1215232, 1, 0, 0
498100, 1228018, 1, 0, 0
498201, 1200098, 1, 0, 0
498300, 1201590, 1, 0, 0
498401, 1201970, 1, 0, 0
498500, 1250744, 1, 0, 0
498600, 1225079, 1, 0, 0
498701, 1181689, 1, 0, 0
498800, 1212228, 1, 0, 0
498901, 1188337, 1, 0, 0
499000, 1217366, 1, 0, 0
499100, 1242230, 1, 0, 0
499201, 1225043, 1, 0, 0
499300, 1217059, 1, 0, 0
499400, 1248109, 1, 0, 0
499500, 1221430, 1, 0, 0
499600, 1209904, 1, 0, 0
499700, 1211571, 1, 0, 0
499801, 1175896, 1, 0, 0
499900, 1190335, 1, 0, 0
500000, 1228986, 1, 0, 0
500100, 1231935, 1, 0, 0
500200, 1238618, 1, 0, 0
500300, 1176126, 1, 0, 0
500400, 1242098, 1, 0, 0
500501, 1210979, 1, 0, 0
500600, 1193219, 1, 0, 0
500700, 1187669, 1, 0, 0
500800, 1137992, 1, 0, 0
500901, 1190908, 1, 0, 0
501000, 1198026, 1, 0, 0
501101, 1223641, 1, 0, 0
501200, 1193440, 1, 0, 0
501300, 1139747, 1, 0, 0
501400, 1167530, 1, 0, 0
501500, 1189088, 1, 0, 0
501600, 1206773, 1, 0, 0
501700, 1157055, 1, 0, 0
501801, 1204464, 1, 0, 0
501900, 1203546, 1, 0, 0
502000, 1196683, 1, 0, 0
502100, 1161436, 1, 0, 0
502200, 1184664, 1, 0, 0
502301, 1235918, 1, 0, 0
502400, 1256235, 1, 0, 0
502500, 1201497, 1, 0, 0
502600, 1232457, 1, 0, 0
502700, 1223693, 1, 0, 0
502800, 1249269, 1, 0, 0
502900, 1209423, 1, 0, 0
503000, 1225331, 1, 0, 0
503101, 1226518, 1, 0, 0
503200, 1233815, 1, 0, 0
503301, 1203825, 1, 0, 0
503400, 1198126, 1, 0, 0
503500, 1237933, 1, 0, 0
503600, 1226464, 1, 0, 0
503700, 1210069, 1, 0, 0
503800, 1195484, 1, 0, 0
503900, 1196209, 1, 0, 0
504000, 1214432, 1, 0, 0
504100, 1196213, 1, 0, 0
504201, 1190147, 1, 0, 0
504300, 1198845, 1, 0, 0
504400, 1167264, 1, 0, 0
504500, 1221411, 1, 0, 0
504600, 1169345, 1, 0, 0
504700, 1231540, 1, 0, 0
504800, 1182550, 1, 0, 0
504900, 1189264, 1, 0, 0
505000, 1235089, 1, 0, 0
505100, 1202361, 1, 0, 0
505200, 1272311, 1, 0, 0
505301, 1191024, 1, 0, 0
505400, 1226367, 1, 0, 0
505500, 1237762, 1, 0, 0
505600, 1187896, 1, 0, 0
505700, 1178453, 1, 0, 0
505800, 1258525, 1, 0, 0
505900, 1203760, 1, 0, 0
506000, 1274430, 1, 0, 0
506100, 1201775, 1, 0, 0
506200, 1198745, 1, 0, 0
506300, 1184766, 1, 0, 0
506400, 1226839, 1, 0, 0
506500, 1208071, 1, 0, 0
506600, 1238013, 1, 0, 0
506701, 1219465, 1, 0, 0
506800, 1186308, 1, 0, 0
506900, 1210232, 1, 0, 0
507000, 1171122, 1, 0, 0
507101, 1208955, 1, 0, 0
507200, 1208483, 1, 0, 0
507300, 1201463, 1, 0, 0
507400, 1219378, 1, 0, 0
507500, 1227628, 1, 0, 0
507600, 1213965, 1, 0, 0
507700, 1183318, 1, 0, 0
507800, 1225708, 1, 0, 0
507900, 1199182, 1, 0, 0
508000, 1204750, 1, 0, 0
508100, 1157079, 1, 0, 0
508200, 1223441, 1, 0, 0
508301, 1220181, 1, 0, 0
508400, 1202694, 1, 0, 0
508501, 1177189, 1, 0, 0
508600, 1191321, 1, 0, 0
508700, 1209277, 1, 0, 0
508800, 1246451, 1, 0, 0
508901, 1195488, 1, 0, 0
509000, 1179528, 1, 0, 0
509101, 1214877, 1, 0, 0
509200, 1198375, 1, 0, 0
509300, 1180407, 1, 0, 0
509400, 1215712, 1, 0, 0
509500, 1234990, 1, 0, 0
509600, 1182749, 1, 0, 0
509700, 1194060, 1, 0, 0
509800, 1181445, 1, 0, 0
509900, 1203282, 1, 0, 0
510001, 1202305, 1, 0, 0
510100, 1224598, 1, 0, 0
510200, 1205148, 1, 0, 0
510300, 1284842, 1, 0, 0
510400, 1233868, 1, 0, 0
510501, 1259326, 1, 0, 0
510600, 1204044, 1, 0, 0
510700, 1199751, 1, 0, 0
510800, 1157565, 1, 0, 0
510900, 1220068, 1, 0, 0
511000, 1230211, 1, 0, 0
511100, 1208795, 1, 0, 0
511200, 1200642, 1, 0, 0
511300, 1201627, 1, 0, 0
511400, 1243273, 1, 0, 0
511500, 1275834, 1, 0, 0
511600, 1246709, 1, 0, 0
511700, 1197421, 1, 0, 0
511800, 1218651, 1, 0, 0
511900, 1233325, 1, 0, 0
512000, 1194774, 1, 0, 0
512100, 1233525, 1, 0, 0
512200, 1221462, 1, 0, 0
512301, 1173143, 1, 0, 0
512400, 1219289, 1, 0, 0
512500, 1215460, 1, 0, 0
512600, 1211629, 1, 0, 0
512700, 1188280, 1, 0, 0
512801, 1264334, 1, 0, 0
512900, 1171911, 1, 0, 0
513000, 1252351, 1, 0, 0
513100, 1247870, 1, 0, 0
513201, 1225479, 1, 0, 0
513300, 1189659, 1, 0, 0
513400, 1231671, 1, 0, 0
513500, 1229684, 1, 0, 0
513600, 1189189, 1, 0, 0
513701, 1260538, 1, 0, 0
513801, 1223205, 1, 0, 0
513900, 1279941, 1, 0, 0
514000, 1250855, 1, 0, 0
514101, 1177902, 1, 0, 0
514200, 1245951, 1, 0, 0
514300, 1222082, 1, 0, 0
514400, 1207472, 1, 0, 0
514500, 1185182, 1, 0, 0
514600, 1257644, 1, 0, 0
514701, 1201180, 1, 0, 0
514801, 1210595, 1, 0, 0
514900, 1180894, 1, 0, 0
515001, 1200359, 1, 0, 0
515100, 1199750, 1, 0, 0
515201, 1235778, 1, 0, 0
515301, 1229749, 1, 0, 0
515400, 1288080, 1, 0, 0
515500, 1256701, 1, 0, 0
515600, 1267845, 1, 0, 0
515700, 1290120, 1, 0, 0
515800, 1192222, 1, 0, 0
515900, 1201158, 1, 0, 0
516000, 1221966, 1, 0, 0
516100, 1202406, 1, 0, 0
516200, 1192898, 1, 0, 0
516300, 1229919, 1, 0, 0
516401, 1207331, 1, 0, 0
516500, 1210942, 1, 0, 0
516600, 1176721, 1, 0, 0
516700, 1289135, 1, 0, 0
516800, 1242002, 1, 0, 0
516900, 1277026, 1, 0, 0
517001, 1248886, 1, 0, 0
517100, 1206600, 1, 0, 0
517200, 1211979, 1, 0, 0
517301, 1332395, 1, 0, 0
517400, 1234047, 1, 0, 0
517500, 1303006, 1, 0, 0
517600, 1257062, 1, 0, 0
517700, 1216543, 1, 0, 0
517800, 1213092, 1, 0, 0
517900, 1224808, 1, 0, 0
518001, 1266858, 1, 0, 0
518100, 1267585, 1, 0, 0
518200, 1225502, 1, 0, 0
518301, 1197319, 1, 0, 0
518401, 1280778, 1, 0, 0
518500, 1221762, 1, 0, 0
518600, 1229875, 1, 0, 0
518700, 1265063, 1, 0, 0
518800, 1236800, 1, 0, 0
518900, 1200691, 1, 0, 0
519000, 1199887, 1, 0, 0
519100, 1228857, 1, 0, 0
519200, 1180818, 1, 0, 0
519301, 1203040, 1, 0, 0
519400, 1177474, 1, 0, 0
519501, 1221107, 1, 0, 0
519600, 1228532, 1, 0, 0
519700, 1159357, 1, 0, 0
519800, 1213089, 1, 0, 0
519900, 1133123, 1, 0, 0
520000, 1238732, 1, 0, 0
520100, 1161544, 1, 0, 0
520200, 1210255, 1, 0, 0
520300, 1215166, 1, 0, 0
520400, 1225362, 1, 0, 0
520501, 1236474, 1, 0, 0
520600, 1148692, 1, 0, 0
520700, 1201122, 1, 0, 0
520800, 1201045, 1, 0, 0
520900, 1211388, 1, 0, 0
521000, 1261383, 1, 0, 0
521100, 1226654, 1, 0, 0
521201, 1230821, 1, 0, 0
521300, 1171087, 1, 0, 0
521400, 1174746, 1, 0, 0
521500, 1204250, 1, 0, 0
521600, 1203355, 1, 0, 0
521700, 1226519, 1, 0, 0
521800, 1245269, 1, 0, 0
521901, 1156700, 1, 0, 0
522000, 1178581, 1, 0, 0
522100, 1171631, 1, 0, 0
522200, 1176983, 1, 0, 0
522300, 1184977, 1, 0, 0
522400, 1191715, 1, 0, 0
522500, 1227094, 1, 0, 0
522600, 1213496, 1, 0, 0
522701, 1177593, 1, 0, 0
522801, 1201031, 1, 0, 0
522900, 1217439, 1, 0, 0
523000, 1255014, 1, 0, 0
523100, 1244777, 1, 0, 0
523200, 1196106, 1, 0, 0
523300, 1166319, 1, 0, 0
523400, 1174771, 1, 0, 0
523500, 1186491, 1, 0, 0
523600, 1180321, 1, 0, 0
523700, 1129697, 1, 0, 0
523800, 1185786, 1, 0, 0
523900, 1150134, 1, 0, 0
524000, 1193304, 1, 0, 0
524100, 1238808, 1, 0, 0
524200, 1258459, 1, 0, 0
524300, 1238584, 1, 0, 0
524400, 1216671, 1, 0, 0
524500, 1186250, 1, 0, 0
524600, 1150829, 1, 0, 0
524700, 1155925, 1, 0, 0
524800, 1173144, 1, 0, 0
524900, 1211587, 1, 0, 0
525000, 1212024, 1, 0, 0
525100, 1243322, 1, 0, 0
525200, 1229154, 1, 0, 0
525300, 1254383, 1, 0, 0
525400, 1202675, 1, 0, 0
525500, 1265742, 1, 0, 0
525600, 1266168, 1, 0, 0
525700, 1225473, 1, 0, 0
525800, 1214615, 1, 0, 0
525900, 1204397, 1, 0, 0
526000, 1207936, 1, 0, 0
526101, 1205625, 1, 0, 0
526200, 1192764, 1, 0, 0
526300, 1177719, 1, 0, 0
526400, 1209502, 1, 0, 0
526500, 1168569, 1, 0, 0
526600, 1211302, 1, 0, 0
526700, 1200688, 1, 0, 0
526800, 1267077, 1, 0, 0
526901, 1251220, 1, 0, 0
527001, 1197847, 1, 0, 0
527100, 1217700, 1, 0, 0
527200, 1239933, 1, 0, 0
527300, 1211928, 1, 0, 0
527400, 1185253, 1, 0, 0
527500, 1196573, 1, 0, 0
527600, 1187860, 1, 0, 0
527700, 1174253, 1, 0, 0
527800, 1163611, 1, 0, 0
527901, 1206853, 1, 0, 0
528000, 1200214, 1, 0, 0
528100, 1229146, 1, 0, 0
528200, 1184851, 1, 0, 0
528301, 1230857, 1, 0, 0
528400, 1218450, 1, 0, 0
528500, 1208489, 1, 0, 0
528601, 1196054, 1, 0, 0
528700, 1190315, 1, 0, 0
528800, 1306674, 1, 0, 0
528902, 1238935, 1, 0, 0
529000, 1266017, 1, 0, 0
529100, 1181470, 1, 0, 0
529200, 1211767, 1, 0, 0
529300, 1270037, 1, 0, 0
529401, 1221474, 1, 0, 0
529500, 1192771, 1, 0, 0
529600, 1203521, 1, 0, 0
529700, 1199248, 1, 0, 0
529800, 1167287, 1, 0, 0
529900, 1193082, 1, 0, 0
530000, 1183993, 1, 0, 0
530101, 1218766, 1, 0, 0
530201, 1194463, 1, 0, 0
530300, 1270709, 1, 0, 0
530400, 1163421, 1, 0, 0
530500, 1226283, 1, 0, 0
530600, 1244564, 1, 0, 0
530700, 1214391, 1, 0, 0
530800, 1232209, 1, 0, 0
530900, 1258432, 1, 0, 0
531000, 1204722, 1, 0, 0
531100, 1240059, 1, 0, 0
531201, 1277513, 1, 0, 0
531301, 1227989, 1, 0, 0
531400, 1205676, 1, 0, 0
531500, 1279457, 1, 0, 0
531600, 1213970, 1, 0, 0
531700, 1236908, 1, 0, 0
531800, 1228329, 1, 0, 0
531900, 1317801, 1, 0, 0
532000, 1180837, 1, 0, 0
532100, 1222486, 1, 0, 0
532200, 1220021, 1, 0, 0
532300, 1197386, 1, 0, 0
532400, 1188022, 1, 0, 0
532500, 1223411, 1, 0, 0
532600, 1255822, 1, 0, 0
532700, 1247408, 1, 0, 0
532801, 1245102, 1, 0, 0
532900, 1194751, 1, 0, 0
533000, 1219340, 1, 0, 0
533100, 1258159, 1, 0, 0
533201, 1167873, 1, 0, 0
533300, 1263531, 1, 0, 0
533400, 1215327, 1, 0, 0
533501, 1223918, 1, 0, 0
533600, 1188728, 1, 0, 0
533700, 1201043, 1, 0, 0
533800, 1264722, 1, 0, 0
533900, 1206505, 1, 0, 0
534000, 1206785, 1, 0, 0
534101, 1247366, 1, 0, 0
534202, 1250101, 1, 0, 0
534301, 1210477, 1, 0, 0
534400, 1220852, 1, 0, 0
534501, 1217573, 1, 0, 0
534600, 1249872, 1, 0, 0
534700, 1175225, 1, 0, 0
534801, 1253239, 1, 0, 0
534901, 1198382, 1, 0, 0
535000, 1244588, 1, 0, 0
535100, 1243389, 1, 0, 0
535200, 1202560, 1, 0, 0
535300, 1198378, 1, 0, 0
535400, 1164871, 1, 0, 0
535501, 1230609, 1, 0, 0
535601, 1256094, 1, 0, 0
535700, 1238861, 1, 0, 0
535800, 1213318, 1, 0, 0
535900, 1236703, 1, 0, 0
536000, 1279452, 1, 0, 0
536100, 1213964, 1, 0, 0
536200, 1234572, 1, 0, 0
536300, 1236943, 1, 0, 0
536401, 1255497, 1, 0, 0
536501, 1211001, 1, 0, 0
536600, 1246662, 1, 0, 0
536701, 1239939, 1, 0, 0
536800, 1222978, 1, 0, 0
536901, 1222665, 1, 0, 0
537000, 1211151, 1, 0, 0
537100, 1219062, 1, 0, 0
537200, 1271059, 1, 0, 0
537300, 1214616, 1, 0, 0
537400, 1198375, 1, 0, 0
537500, 1166847, 1, 0, 0
537601, 1211388, 1, 0, 0
537700, 1206052, 1, 0, 0
537800, 1200146, 1, 0, 0
537900, 1237751, 1, 0, 0
538001, 1254257, 1, 0, 0
538100, 1237503, 1, 0, 0
538200, 1200441, 1, 0, 0
538300, 1206407, 1, 0, 0
538400, 1248351, 1, 0, 0
538500, 1228664, 1, 0, 0
538601, 1225849, 1, 0, 0
538700, 1185211, 1, 0, 0
538800, 1173597, 1, 0, 0
538900, 1226791, 1, 0, 0
539000, 1214694, 1, 0, 0
539100, 1215167, 1, 0, 0
539200, 1187475, 1, 0, 0
539301, 1236382, 1, 0, 0
539400, 1220453, 1, 0, 0
539501, 1235477, 1, 0, 0
539600, 1200480, 1, 0, 0
539700, 1201931, 1, 0, 0
539800, 1209684, 1, 0, 0
539900, 1203326, 1, 0, 0
540000, 1221396, 1, 0, 0
540101, 1230144, 1, 0, 0
540200, 1268921, 1, 0, 0
540300, 1240546, 1, 0, 0
540400, 1190401, 1, 0, 0
540500, 1168517, 1, 0, 0
540600, 1212675, 1, 0, 0
540700, 1224874, 1, 0, 0
540800, 1205699, 1, 0, 0
540900, 1243467, 1, 0, 0
541000, 1201710, 1, 0, 0
541100, 1236994, 1, 0, 0
541200, 1163359, 1, 0, 0
541300, 1219834, 1, 0, 0
541400, 1218941, 1, 0, 0
541500, 1191883, 1, 0, 0
541600, 1194260, 1, 0, 0
541700, 1202015, 1, 0, 0
541800, 1188516, 1, 0, 0
541901, 1198106, 1, 0, 0
542001, 1296346, 1, 0, 0
542100, 1202775, 1, 0, 0
542200, 1247610, 1, 0, 0
542300, 1246948, 1, 0, 0
542400, 1290098, 1, 0, 0
542501, 1250145, 1, 0, 0
542601, 1248211, 1, 0, 0
542701, 1240840, 1, 0, 0
542800, 1235350, 1, 0, 0
542900, 1275596, 1, 0, 0
543000, 1232510, 1, 0, 0
543101, 1260820, 1, 0, 0
543200, 1191346, 1, 0, 0
543300, 1211894, 1, 0, 0
543400, 1235213, 1, 0, 0
543500, 1263492, 1, 0, 0
543600, 1282095, 1, 0, 0
543700, 1291299, 1, 0, 0
543800, 1310133, 1, 0, 0
543901, 1219947, 1, 0, 0
544000, 1219667, 1, 0, 0
544100, 1291637, 1, 0, 0
544200, 1214958, 1, 0, 0
544300, 1218754, 1, 0, 0
544400, 1256510, 1, 0, 0
544501, 1235594, 1, 0, 0
544600, 1219852, 1, 0, 0
544700, 1257372, 1, 0, 0
544800, 1238465, 1, 0, 0
544900, 1236670, 1, 0, 0
545000, 1213245, 1, 0, 0
545100, 1171495, 1, 0, 0
545200, 1128777, 1, 0, 0
545300, 1185101, 1, 0, 0
545401, 1235739, 1, 0, 0
545500, 1265145, 1, 0, 0
545600, 1224703, 1, 0, 0
545700, 1243580, 1, 0, 0
545801, 1209825, 1, 0, 0
545900, 1254952, 1, 0, 0
546000, 1279581, 1, 0, 0
546100, 1206931, 1, 0, 0
546200, 1265529, 1, 0, 0
546300, 1195147, 1, 0, 0
546400, 1202897, 1, 0, 0
546501, 1249696, 1, 0, 0
546600, 1215039, 1, 0, 0
546700, 1203604, 1, 0, 0
546800, 1169444, 1, 0, 0
546900, 1274896, 1, 0, 0
547001, 1296027, 1, 0, 0
547100, 1235560, 1, 0, 0
547200, 1285748, 1, 0, 0
547300, 1249153, 1, 0, 0
547400, 1208147, 1, 0, 0
547500, 1252853, 1, 0, 0
547601, 1272716, 1, 0, 0
547700, 1253387, 1, 0, 0
547800, 1210153, 1, 0, 0
547900, 1235720, 1, 0, 0
548000, 1255003, 1, 0, 0
548100, 1216233, 1, 0, 0
548200, 1222875, 1, 0, 0
548300, 1211931, 1, 0, 0
548400, 1188740, 1, 0, 0
548500, 1180709, 1, 0, 0
548600, 1205250, 1, 0, 0
548700, 1198980, 1, 0, 0
548800, 1204915, 1, 0, 0
548900, 1230494, 1, 0, 0
549000, 1240798, 1, 0, 0
549100, 1231662, 1, 0, 0
549201, 1204296, 1, 0, 0
549300, 1190981, 1, 0, 0
549400, 1212983, 1, 0, 0
549501, 1271192, 1, 0, 0
549600, 1210060, 1, 0, 0
549701, 1202774, 1, 0, 0
549801, 1247281, 1, 0, 0
549900, 1161320, 1, 0, 0
550000, 1209478, 1, 0, 0
550100, 1212006, 1, 0, 0
550200, 1197867, 1, 0, 0
550300, 1161065, 1, 0, 0
550400, 1224768, 1, 0, 0
550500, 1225728, 1, 0, 0
550600, 1151254, 1, 0, 0
550700, 1171084, 1, 0, 0
550800, 1178320, 1, 0, 0
550900, 1162313, 1, 0, 0
551000, 1183512, 1, 0, 0
551100, 1239621, 1, 0, 0
551200, 1155622, 1, 0, 0
551300, 1184489, 1, 0, 0
551400, 1192865, 1, 0, 0
551501, 1254161, 1, 0, 0
551600, 1208305, 1, 0, 0
551700, 1210826, 1, 0, 0
551800, 1212325, 1, 0, 0
551900, 1201388, 1, 0, 0
552000, 1214355, 1, 0, 0
552102, 1245657, 1, 0, 0
552200, 1252657, 1, 0, 0
552300, 1193559, 1, 0, 0
552400, 1172049, 1, 0, 0
552501, 1214435, 1, 0, 0
552600, 1160498, 1, 0, 0
552700, 1218341, 1, 0, 0
552800, 1164605, 1, 0, 0
552900, 1170275, 1, 0, 0
553000, 1215213, 1, 0, 0
553100, 1168082, 1, 0, 0
553200, 1202948, 1, 0, 0
553300, 1172803, 1, 0, 0
553400, 1239461, 1, 0, 0
553500, 1211564, 1, 0, 0
553600, 1221934, 1, 0, 0
553700, 1252773, 1, 0, 0
553800, 1227964, 1, 0, 0
553901, 1195997, 1, 0, 0
554000, 1188433, 1, 0, 0
554100, 1212772, 1, 0, 0
554201, 1230474, 1, 0, 0
554300, 1238920, 1, 0, 0
554400, 1196949, 1, 0, 0
554501, 1178971, 1, 0, 0
554600, 1157625, 1, 0, 0
554700, 1220009, 1, 0, 0
554800, 1131167, 1, 0, 0
554900, 1188069, 1, 0, 0
555000, 1197460, 1, 0, 0
555100, 1211008, 1, 0, 0
555200, 1223580, 1, 0, 0
555301, 1214000, 1, 0, 0
555401, 1228258, 1, 0, 0
555500, 1179593, 1, 0, 0
555601, 1165017, 1, 0, 0
555700, 1219640, 1, 0, 0
555800, 1194885, 1, 0, 0
555900, 1244475, 1, 0, 0
556000, 1191080, 1, 0, 0
556101, 1204425, 1, 0, 0
556200, 1246359, 1, 0, 0
556300, 1202945, 1, 0, 0
556400, 1156848, 1, 0, 0
556500, 1184798, 1, 0, 0
556600, 1192326, 1, 0, 0
556700, 1214345, 1, 0, 0
556800, 1196895, 1, 0, 0
556900, 1197892, 1, 0, 0
557000, 1182723, 1, 0, 0
557100, 1234024, 1, 0, 0
557200, 1215284, 1, 0, 0
557300, 1197317, 1, 0, 0
557400, 1206848, 1, 0, 0
557500, 1199269, 1, 0, 0
557600, 1238596, 1, 0, 0
557700, 1202243, 1, 0, 0
557800, 1225069, 1, 0, 0
557900, 1184775, 1, 0, 0
558001, 1169773, 1, 0, 0
558100, 1165768, 1, 0, 0
558200, 1196965, 1, 0, 0
558300, 1219268, 1, 0, 0
558400, 1175680, 1, 0, 0
558501, 1206060, 1, 0, 0
558600, 1240703, 1, 0, 0
558700, 1212995, 1, 0, 0
558800, 1204447, 1, 0, 0
558901, 1154750, 1, 0, 0
559000, 1166500, 1, 0, 0
559100, 1203437, 1, 0, 0
559201, 1187750, 1, 0, 0
559300, 1207443, 1, 0, 0
559400, 1193403, 1, 0, 0
559500, 1274105, 1, 0, 0
559600, 1238240, 1, 0, 0
559700, 1259952, 1, 0, 0
559800, 1209739, 1, 0, 0
559900, 1236859, 1, 0, 0
560000, 1163295, 1, 0, 0
560100, 1226408, 1, 0, 0
560200, 1206187, 1, 0, 0
560300, 1220233, 1, 0, 0
560400, 1198519, 1, 0, 0
560500, 1156003, 1, 0, 0
560600, 1197974, 1, 0, 0
560700, 1255844, 1, 0, 0
560800, 1220298, 1, 0, 0
560900, 1257847, 1, 0, 0
561000, 1227552, 1, 0, 0
561100, 1211297, 1, 0, 0
561200, 1164433, 1, 0, 0
561301, 1239750, 1, 0, 0
561400, 1166918, 1, 0, 0
561500, 1184476, 1, 0, 0
561600, 1189164, 1, 0, 0
561700, 1204150, 1, 0, 0
561800, 1227197, 1, 0, 0
561900, 1198418, 1, 0, 0
562000, 1228161, 1, 0, 0
562100, 1252723, 1, 0, 0
562200, 1189139, 1, 0, 0
562300, 1190936, 1, 0, 0
562400, 1263297, 1, 0, 0
562500, 1201370, 1, 0, 0
562600, 1263831, 1, 0, 0
562700, 1174384, 1, 0, 0
562800, 1162672, 1, 0, 0
562900, 1190600, 1, 0, 0
563000, 1247012, 1, 0, 0
563101, 1163453, 1, 0, 0
563201, 1232643, 1, 0, 0
563300, 1194603, 1, 0, 0
563400, 1193127, 1, 0, 0
563501, 1343962, 1, 0, 0
563600, 1219711, 1, 0, 0
563701, 1179601, 1, 0, 0
563800, 1228248, 1, 0, 0
563900, 1192658, 1, 0, 0
564000, 1182751, 1, 0, 0
564100, 1224784, 1, 0, 0
564200, 1178245, 1, 0, 0
564300, 1218097, 1, 0, 0
564400, 1150040, 1, 0, 0
564500, 1233434, 1, 0, 0
564601, 1180593, 1, 0, 0
564700, 1248597, 1, 0, 0
564800, 1275101, 1, 0, 0
564900, 1212068, 1, 0, 0
565000, 1223776, 1, 0, 0
565100, 1243716, 1, 0, 0
565200, 1184337, 1, 0, 0
565300, 1155480, 1, 0, 0
565400, 1201304, 1, 0, 0
565500, 1214358, 1, 0, 0
565600, 1204303, 1, 0, 0
565700, 1191356, 1, 0, 0
565800, 1215365, 1, 0, 0
565901, 1230525, 1, 0, 0
566001, 1200047, 1, 0, 0
566100, 1149916, 1, 0, 0
566200, 1206247, 1, 0, 0
566300, 1196335, 1, 0, 0
566401, 1177504, 1, 0, 0
566500, 1188696, 1, 0, 0
566600, 1198667, 1, 0, 0
566701, 1210706, 1, 0, 0
566800, 1201111, 1, 0, 0
566900, 1256963, 1, 0, 0
567000, 1186472, 1, 0, 0
567101, 1237964, 1, 0, 0
567201, 1198614, 1, 0, 0
567300, 1193063, 1, 0, 0
567400, 1140346, 1, 0, 0
567501, 1192997, 1, 0, 0
567600, 1201131, 1, 0, 0
567701, 1255161, 1, 0, 0
567801, 1215073, 1, 0, 0
567900, 1163945, 1, 0, 0
568000, 1181635, 1, 0, 0
568101, 1268816, 1, 0, 0
568200, 1199378, 1, 0, 0
568300, 1217826, 1, 0, 0
568401, 1203216, 1, 0, 0
568500, 1229013, 1, 0, 0
568600, 1241776, 1, 0, 0
568700, 1180497, 1, 0, 0
568800, 1185640, 1, 0, 0
568900, 1181698, 1, 0, 0
569000, 1200002, 1, 0, 0
569101, 1195762, 1, 0, 0
569200, 1195545, 1, 0, 0
569300, 1170640, 1, 0, 0
569401, 1160779, 1, 0, 0
569500, 1180093, 1, 0, 0
569600, 1221161, 1, 0, 0
569700, 1229908, 1, 0, 0
569800, 1237346, 1, 0, 0
569901, 1185030, 1, 0, 0
570000, 1182415, 1, 0, 0
570100, 1243809, 1, 0, 0
570200, 1209279, 1, 0, 0
570300, 1221016, 1, 0, 0
570401, 1232245, 1, 0, 0
570501, 1256756, 1, 0, 0
570600, 1235381, 1, 0, 0
570700, 1245689, 1, 0, 0
570801, 1199336, 1, 0, 0
570900, 1230984, 1, 0, 0
571000, 1242928, 1, 0, 0
571100, 1213327, 1, 0, 0
571200, 1199559, 1, 0, 0
571300, 1208969, 1, 0, 0
571400, 1245845, 1, 0, 0
571501, 1205079, 1, 0, 0
571600, 1222606, 1, 0, 0
571702, 1260658, 1, 0, 0
571801, 1232049, 1, 0, 0
571900, 1203404, 1, 0, 0
572000, 1241093, 1, 0, 0
572101, 1195300, 1, 0, 0
572200, 1250943, 1, 0, 0
572300, 1184355, 1, 0, 0
572401, 1230380, 1, 0, 0
572500, 1219456, 1, 0, 0
572601, 1206655, 1, 0, 0
572700, 1237676, 1, 0, 0
572801, 1204922, 1, 0, 0
572900, 1172050, 1, 0, 0
573000, 1201325, 1, 0, 0
573100, 1217337, 1, 0, 0
573200, 1236880, 1, 0, 0
573300, 1205953, 1, 0, 0
573400, 1150951, 1, 0, 0
573500, 1198812, 1, 0, 0
573600, 1204917, 1, 0, 0
573700, 1166081, 1, 0, 0
573801, 1239550, 1, 0, 0
573900, 1223754, 1, 0, 0
574000, 1174799, 1, 0, 0
574100, 1199658, 1, 0, 0
574200, 1227472, 1, 0, 0
574300, 1280965, 1, 0, 0
574401, 1229268, 1, 0, 0
574501, 1224305, 1, 0, 0
574600, 1247462, 1, 0, 0
574700, 1236885, 1, 0, 0
574801, 1217321, 1, 0, 0
574901, 1206266, 1, 0, 0
575000, 1243665, 1, 0, 0
575100, 1239969, 1, 0, 0
575201, 1179861, 1, 0, 0
575301, 1257186, 1, 0, 0
575400, 1200908, 1, 0, 0
575500, 1220446, 1, 0, 0
575600, 1199649, 1, 0, 0
575700, 1153532, 1, 0, 0
575801, 1186244, 1, 0, 0
575900, 1161925, 1, 0, 0
576000, 1182029, 1, 0, 0
576102, 1282578, 1, 0, 0
576201, 1201507, 1, 0, 0
576301, 1168585, 1, 0, 0
576401, 1156798, 1, 0, 0
576500, 1206695, 1, 0, 0
576600, 1167915, 1, 0, 0
576700, 1179722, 1, 0, 0
576800, 1183311, 1, 0, 0
576901, 1177050, 1, 0, 0
577000, 1237450, 1, 0, 0
577101, 1168855, 1, 0, 0
577200, 1184453, 1, 0, 0
577300, 1191996, 1, 0, 0
577400, 1196951, 1, 0, 0
577500, 1233438, 1, 0, 0
577600, 1227168, 1, 0, 0
577700, 1197126, 1, 0, 0
577800, 1154002, 1, 0, 0
577900, 1183633, 1, 0, 0
578000, 1233700, 1, 0, 0
578100, 1207272, 1, 0, 0
578201, 1165114, 1, 0, 0
578300, 1229183, 1, 0, 0
578400, 1195074, 1, 0, 0
578500, 1183091, 1, 0, 0
578600, 1196803, 1, 0, 0
578701, 1224997, 1, 0, 0
578800, 1186409, 1, 0, 0
578900, 1250138, 1, 0, 0
579000, 1223548, 1, 0, 0
579100, 1180282, 1, 0, 0
579201, 1213768, 1, 0, 0
579300, 1229191, 1, 0, 0
579400, 1177996, 1, 0, 0
579500, 1169258, 1, 0, 0
579600, 1220384, 1, 0, 0
579700, 1199803, 1, 0, 0
579800, 1235270, 1, 0, 0
579900, 1237286, 1, 0, 0
580000, 1150183, 1, 0, 0
580100, 1257353, 1, 0, 0
580200, 1224965, 1, 0, 0
580300, 1189224, 1, 0, 0
580400, 1202616, 1, 0, 0
580500, 1241822, 1, 0, 0
580600, 1189754, 1, 0, 0
580700, 1176452, 1, 0, 0
580800, 1196505, 1, 0, 0
580900, 1140139, 1, 0, 0
581000, 1153052, 1, 0, 0
581100, 1198258, 1, 0, 0
581200, 1203060, 1, 0, 0
581300, 1177908, 1, 0, 0
581400, 1172105, 1, 0, 0
581500, 1201640, 1, 0, 0
581600, 1161678, 1, 0, 0
581700, 1130444, 1, 0, 0
581800, 1172124, 1, 0, 0
581900, 1212801, 1, 0, 0
582000, 1208477, 1, 0, 0
582100, 1222205, 1, 0, 0
582200, 1166797, 1, 0, 0
582300, 1200818, 1, 0, 0
582401, 1212274, 1, 0, 0
582500, 1273134, 1, 0, 0
582601, 1240262, 1, 0, 0
582700, 1165151, 1, 0, 0
582800, 1166587, 1, 0, 0
582901, 1204815, 1, 0, 0
583000, 1169413, 1, 0, 0
583100, 1233945, 1, 0, 0
583200, 1254305, 1, 0, 0
583300, 1186275, 1, 0, 0
583400, 1193243, 1, 0, 0
583500, 1197412, 1, 0, 0
583600, 1156409, 1, 0, 0
583701, 1204464, 1, 0, 0
583801, 1156310, 1, 0, 0
583901, 1146400, 1, 0, 0
584001, 1211454, 1, 0, 0
584101, 1176245, 1, 0, 0
584201, 1183296, 1, 0, 0
584300, 1201867, 1, 0, 0
584400, 1161056, 1, 0, 0
584500, 1228623, 1, 0, 0
584600, 1176493, 1, 0, 0
584701, 1172797, 1, 0, 0
584800, 1192739, 1, 0, 0
584901, 1209391, 1, 0, 0
585000, 1263812, 1, 0, 0
585100, 1204325, 1, 0, 0
585200, 1201729, 1, 0, 0
585300, 1205757, 1, 0, 0
585400, 1203095, 1, 0, 0
585500, 1164289, 1, 0, 0
585601, 1185037, 1, 0, 0
585700, 1181136, 1, 0, 0
585800, 1191115, 1, 0, 0
585900, 1241418, 1, 0, 0
586000, 1203487, 1, 0, 0
586100, 1216405, 1, 0, 0
586200, 1192351, 1, 0, 0
586300, 1220404, 1, 0, 0
586400, 1197743, 1, 0, 0
586500, 1181707, 1, 0, 0
586600, 1225145, 1, 0, 0
586701, 1167742, 1, 0, 0
586801, 1160732, 1, 0, 0
586900, 1193898, 1, 0, 0
587000, 1183582, 1, 0, 0
587100, 1228430, 1, 0, 0
587200, 1228818, 1, 0, 0
587301, 1227671, 1, 0, 0
587400, 1187322, 1, 0, 0
587500, 1244342, 1, 0, 0
587600, 1258970, 1, 0, 0
587701, 1172744, 1, 0, 0
587800, 1216051, 1, 0, 0
587900, 1183861, 1, 0, 0
588002, 1239174, 1, 0, 0
588100, 1200290, 1, 0, 0
588200, 1158437, 1, 0, 0
588300, 1190531, 1, 0, 0
588400, 1205324, 1, 0, 0
588500, 1151657, 1, 0, 0
588600, 1204082, 1, 0, 0
588700, 1199621, 1, 0, 0
588800, 1171505, 1, 0, 0
588900, 1223192, 1, 0, 0
589000, 1169748, 1, 0, 0
589100, 1234375, 1, 0, 0
589200, 1196515, 1, 0, 0
589300, 1182663, 1, 0, 0
589400, 1158501, 1, 0, 0
589500, 1152457, 1, 0, 0
589600, 1158089, 1, 0, 0
589700, 1172588, 1, 0, 0
589801, 1181523, 1, 0, 0
589901, 1228656, 1, 0, 0
590000, 1176469, 1, 0, 0
590100, 1227494, 1, 0, 0
590200, 1187306, 1, 0, 0
590301, 1255327, 1, 0, 0
590400, 1285446, 1, 0, 0
590500, 1222343, 1, 0, 0
590600, 1176732, 1, 0, 0
590700, 1240509, 1, 0, 0
590801, 1255146, 1, 0, 0
590900, 1185707, 1, 0, 0
591000, 1203028, 1, 0, 0
591100, 1174792, 1, 0, 0
591200, 1214956, 1, 0, 0
591300, 1258572, 1, 0, 0
591400, 1197968, 1, 0, 0
591501, 1175636, 1, 0, 0
591600, 1197329, 1, 0, 0
591701, 1218972, 1, 0, 0
591800, 1233392, 1, 0, 0
591900, 1183487, 1, 0, 0
592000, 1163434, 1, 0, 0
592100, 1221322, 1, 0, 0
592200, 1169281, 1, 0, 0
592300, 1186052, 1, 0, 0
592400, 1174758, 1, 0, 0
592500, 1230611, 1, 0, 0
592600, 1240065, 1, 0, 0
592700, 1180649, 1, 0, 0
592800, 1197601, 1, 0, 0
592900, 1184358, 1, 0, 0
593001, 1203647, 1, 0, 0
593100, 1240198, 1, 0, 0
593201, 1132331, 1, 0, 0
593300, 1185276, 1, 0, 0
593400, 1201858, 1, 0, 0
593500, 1232542, 1, 0, 0
593600, 1210681, 1, 0, 0
593700, 1225367, 1, 0, 0
593800, 1167769, 1, 0, 0
593900, 1189291, 1, 0, 0
594000, 1206526, 1, 0, 0
594100, 1192899, 1, 0, 0
594202, 1234679, 1, 0, 0
594301, 1182875, 1, 0, 0
594401, 1212966, 1, 0, 0
594500, 1211229, 1, 0, 0
594600, 1181461, 1, 0, 0
594700, 1195298, 1, 0, 0
594800, 1191104, 1, 0, 0
594901, 1210254, 1, 0, 0
595001, 1280854, 1, 0, 0
595100, 1253396, 1, 0, 0
595201, 1178219, 1, 0, 0
595300, 1234985, 1, 0, 0
595400, 1183413, 1, 0, 0
595500, 1188219, 1, 0, 0
595600, 1239184, 1, 0, 0
595701, 1226996, 1, 0, 0
595801, 1161812, 1, 0, 0
595900, 1143574, 1, 0, 0
596000, 1174803, 1, 0, 0
596100, 1243724, 1, 0, 0
596200, 1195725, 1, 0, 0
596300, 1203893, 1, 0, 0
596400, 1205580, 1, 0, 0
596500, 1255871, 1, 0, 0
596600, 1170525, 1, 0, 0
596700, 1162075, 1, 0, 0
596801, 1186320, 1, 0, 0
596900, 1208387, 1, 0, 0
597000, 1199152, 1, 0, 0
597100, 1158871, 1, 0, 0
597200, 1176894, 1, 0, 0
597300, 1225529, 1, 0, 0
597400, 1167115, 1, 0, 0
597500, 1178822, 1, 0, 0
597600, 1210278, 1, 0, 0
597700, 1186521, 1, 0, 0
597800, 1150845, 1, 0, 0
597900, 1171274, 1, 0, 0
598000, 1220475, 1, 0, 0
598100, 1236730, 1, 0, 0
598201, 1322183, 1, 0, 0
598300, 1179946, 1, 0, 0
598401, 1184578, 1, 0, 0
598500, 1179348, 1, 0, 0
598600, 1183376, 1, 0, 0
598700, 1166215, 1, 0, 0
598800, 1180553, 1, 0, 0
598901, 1166984, 1, 0, 0
599001, 1252568, 1, 0, 0
599100, 1231280, 1, 0, 0
599200, 1197809, 1, 0, 0
599300, 1212606, 1, 0, 0
599400, 1186955, 1, 0, 0
599500, 1169958, 1, 0, 0
599600, 1260977, 1, 0, 0
599700, 1182373, 1, 0, 0
599800, 1229327, 1, 0, 0
599901, 1181724, 1, 0, 0
600000, 1228426, 1, 0, 0
