101, 1994337, 1, 0, 0
201, 1897126, 1, 0, 0
300, 1963867, 1, 0, 0
400, 1901181, 1, 0, 0
501, 1954652, 1, 0, 0
600, 2075908, 1, 0, 0
701, 2003192, 1, 0, 0
800, 2126740, 1, 0, 0
900, 2012035, 1, 0, 0
1001, 1932985, 1, 0, 0
1102, 1859551, 1, 0, 0
1200, 2070786, 1, 0, 0
1300, 1896083, 1, 0, 0
1400, 2061974, 1, 0, 0
1502, 2013916, 1, 0, 0
1600, 1938289, 1, 0, 0
1700, 2025415, 1, 0, 0
1800, 1860935, 1, 0, 0
1901, 1991078, 1, 0, 0
2000, 1962617, 1, 0, 0
2102, 2014953, 1, 0, 0
2200, 1896745, 1, 0, 0
2300, 1985785, 1, 0, 0
2400, 1976895, 1, 0, 0
2501, 1917702, 1, 0, 0
2600, 1960002, 1, 0, 0
2701, 1850960, 1, 0, 0
2800, 1890397, 1, 0, 0
2901, 1872546, 1, 0, 0
3001, 1912692, 1, 0, 0
3100, 1946887, 1, 0, 0
3200, 1836612, 1, 0, 0
3300, 1932633, 1, 0, 0
3400, 2199236, 1, 0, 0
3500, 1901585, 1, 0, 0
3601, 2037381, 1, 0, 0
3701, 2016478, 1, 0, 0
3800, 2034307, 1, 0, 0
3900, 1912430, 1, 0, 0
4001, 1986779, 1, 0, 0
4101, 1966034, 1, 0, 0
4201, 1971679, 1, 0, 0
4300, 2006164, 1, 0, 0
4400, 2060198, 1, 0, 0
4500, 1971759, 1, 0, 0
4602, 1939639, 1, 0, 0
4701, 1856161, 1, 0, 0
4800, 2069639, 1, 0, 0
4900, 1879756, 1, 0, 0
5001, 1912617, 1, 0, 0
5102, 1917425, 1, 0, 0
5200, 2053523, 1, 0, 0
5300, 1988515, 1, 0, 0
5400, 2059589, 1, 0, 0
5501, 1955081, 1, 0, 0
5601, 1870277, 1, 0, 0
5700, 2034386, 1, 0, 0
5801, 1818492, 1, 0, 0
5900, 2081011, 1, 0, 0
6000, 1866272, 1, 0, 0
6100, 1883671, 1, 0, 0
6200, 2010271, 1, 0, 0
6301, 2001931, 1, 0, 0
6401, 1889810, 1, 0, 0
6500, 1970040, 1, 0, 0
6602, 1887203, 1, 0, 0
6700, 1840007, 1, 0, 0
6801, 1998622, 1, 0, 0
6900, 2004469, 1, 0, 0
7001, 1941902, 1, 0, 0
7100, 1885762, 1, 0, 0
7202, 2004455, 1, 0, 0
7301, 1934773, 1, 0, 0
7400, 1904908, 1, 0, 0
7501, 1995087, 1, 0, 0
7601, 1946597, 1, 0, 0
7702, 2006473, 1, 0, 0
7801, 1916556, 1, 0, 0
7900, 2037907, 1, 0, 0
8001, 1924076, 1, 0, 0
8100, 1959078, 1, 0, 0
8200, 1972431, 1, 0, 0
8301, 2023814, 1, 0, 0
8401, 1867581, 1, 0, 0
8502, 2165357, 1, 0, 0
8601, 2004471, 1, 0, 0
8701, 1967191, 1, 0, 0
8801, 2014451, 1, 0, 0
8902, 1994780, 1, 0, 0
9001, 1956197, 1, 0, 0
9100, 1907925, 1, 0, 0
9200, 2061083, 1, 0, 0
9300, 2162660, 1, 0, 0
9400, 2008098, 1, 0, 0
9502, 2009613, 1, 0, 0
9600, 2054354, 1, 0, 0
9700, 2065297, 1, 0, 0
9800, 2016505, 1, 0, 0
9900, 2016302, 1, 0, 0
10001, 1957421, 1, 0, 0
10100, 2131893, 1, 0, 0
10201, 2122848, 1, 0, 0
10301, 1985556, 1, 0, 0
10401, 2091861, 1, 0, 0
10500, 1916781, 1, 0, 0
10600, 1995219, 1, 0, 0
10700, 2009966, 1, 0, 0
10801, 1956001, 1, 0, 0
10902, 1957630, 1, 0, 0
11000, 1911562, 1, 0, 0
11101, 1920625, 1, 0, 0
11200, 1918996, 1, 0, 0
11300, 2000814, 1, 0, 0
11401, 2097072, 1, 0, 0
11501, 1973464, 1, 0, 0
11601, 2111769, 1, 0, 0
11701, 2050654, 1, 0, 0
11801, 2159345, 1, 0, 0
11900, 1921909, 1, 0, 0
12000, 2098648, 1, 0, 0
12100, 2024335, 1, 0, 0
12201, 2042843, 1, 0, 0
12301, 2061646, 1, 0, 0
12401, 2006826, 1, 0, 0
12500, 2049855, 1, 0, 0
12600, 2053140, 1, 0, 0
12701, 1970101, 1, 0, 0
12800, 2031570, 1, 0, 0
12901, 2179943, 1, 0, 0
13001, 1967667, 1, 0, 0
13101, 2019584, 1, 0, 0
13200, 2029610, 1, 0, 0
13300, 1979455, 1, 0, 0
13400, 2063176, 1, 0, 0
13500, 2140472, 1, 0, 0
13600, 2060304, 1, 0, 0
13700, 2061262, 1, 0, 0
13800, 2065884, 1, 0, 0
13902, 1928682, 1, 0, 0
14000, 2111776, 1, 0, 0
14101, 2119170, 1, 0, 0
14201, 1975777, 1, 0, 0
14301, 1945697, 1, 0, 0
14400, 2176010, 1, 0, 0
14501, 2032784, 1, 0, 0
14601, 2151279, 1, 0, 0
14700, 1982699, 1, 0, 0
14800, 2161965, 1, 0, 0
14903, 2109425, 1, 0, 0
15000, 2046756, 1, 0, 0
15101, 2172308, 1, 0, 0
15200, 2024779, 1, 0, 0
15300, 2019500, 1, 0, 0
15401, 2082570, 1, 0, 0
15500, 1999164, 1, 0, 0
15600, 1970962, 1, 0, 0
15701, 2007012, 1, 0, 0
15800, 2073742, 1, 0, 0
15901, 1960935, 1, 0, 0
16000, 2050685, 1, 0, 0
16100, 1928918, 1, 0, 0
16200, 2014716, 1, 0, 0
16300, 1933763, 1, 0, 0
16402, 2193884, 1, 0, 0
16501, 1897298, 1, 0, 0
16600, 2027064, 1, 0, 0
16701, 2035341, 1, 0, 0
16801, 2009358, 1, 0, 0
16900, 2037614, 1, 0, 0
17000, 2096490, 1, 0, 0
17101, 2039790, 1, 0, 0
17201, 2012372, 1, 0, 0
17301, 1976187, 1, 0, 0
17400, 2089447, 1, 0, 0
17501, 2043866, 1, 0, 0
17601, 2150278, 1, 0, 0
17700, 2085028, 1, 0, 0
17800, 2095411, 1, 0, 0
17900, 1940383, 1, 0, 0
18000, 2202714, 1, 0, 0
18100, 1967765, 1, 0, 0
18201, 1998392, 1, 0, 0
18301, 2021228, 1, 0, 0
18400, 2023986, 1, 0, 0
18500, 2059220, 1, 0, 0
18600, 1905948, 1, 0, 0
18700, 1866815, 1, 0, 0
18801, 2026596, 1, 0, 0
18901, 2059924, 1, 0, 0
19000, 2005853, 1, 0, 0
19101, 2075321, 1, 0, 0
19200, 2040968, 1, 0, 0
19301, 2085140, 1, 0, 0
19400, 1882047, 1, 0, 0
19502, 2046593, 1, 0, 0
19600, 2019336, 1, 0, 0
19700, 2025108, 1, 0, 0
19800, 2046527, 1, 0, 0
19900, 2055331, 1, 0, 0
20001, 1929898, 1, 0, 0
20100, 1990403, 1, 0, 0
20200, 2066469, 1, 0, 0
20300, 2045900, 1, 0, 0
20400, 2153449, 1, 0, 0
20500, 2067892, 1, 0, 0
20600, 2130083, 1, 0, 0
20701, 2050966, 1, 0, 0
20802, 2027546, 1, 0, 0
20900, 2108390, 1, 0, 0
21001, 2099267, 1, 0, 0
21100, 2065580, 1, 0, 0
21200, 1981731, 1, 0, 0
21300, 1944929, 1, 0, 0
21401, 2025829, 1, 0, 0
21501, 1944407, 1, 0, 0
21601, 1976409, 1, 0, 0
21701, 2015776, 1, 0, 0
21801, 2096299, 1, 0, 0
21901, 1977889, 1, 0, 0
22000, 1893592, 1, 0, 0
22100, 2040096, 1, 0, 0
22201, 2044032, 1, 0, 0
22300, 2004335, 1, 0, 0
22400, 1968991, 1, 0, 0
22500, 2055898, 1, 0, 0
22600, 1950700, 1, 0, 0
22701, 2105641, 1, 0, 0
22801, 1980605, 1, 0, 0
22901, 2018490, 1, 0, 0
23000, 2043958, 1, 0, 0
23101, 2117236, 1, 0, 0
23200, 2044856, 1, 0, 0
23301, 1913789, 1, 0, 0
23400, 2167235, 1, 0, 0
23501, 2222359, 1, 0, 0
23601, 2100608, 1, 0, 0
23700, 2000920, 1, 0, 0
23801, 1951137, 1, 0, 0
23901, 2194513, 1, 0, 0
24000, 1963672, 1, 0, 0
24101, 2074959, 1, 0, 0
24201, 2054281, 1, 0, 0
24300, 2052947, 1, 0, 0
24400, 2091027, 1, 0, 0
24500, 1971752, 1, 0, 0
24602, 2015389, 1, 0, 0
24701, 1962827, 1, 0, 0
24801, 1978211, 1, 0, 0
24901, 2007320, 1, 0, 0
25000, 2047644, 1, 0, 0
25100, 2202715, 1, 0, 0
25201, 2026515, 1, 0, 0
25300, 1966400, 1, 0, 0
25400, 2017675, 1, 0, 0
25500, 2194062, 1, 0, 0
25601, 2128562, 1, 0, 0
25701, 2287162, 1, 0, 0
25801, 2062687, 1, 0, 0
25901, 2140279, 1, 0, 0
26001, 2111749, 1, 0, 0
26100, 2078952, 1, 0, 0
26201, 1998433, 1, 0, 0
26300, 1988120, 1, 0, 0
26401, 2134975, 1, 0, 0
26501, 1974991, 1, 0, 0
26600, 1924571, 1, 0, 0
26701, 2035169, 1, 0, 0
26800, 2077129, 1, 0, 0
26900, 2063084, 1, 0, 0
27001, 2021213, 1, 0, 0
27100, 1969265, 1, 0, 0
27200, 2139414, 1, 0, 0
27300, 2064758, 1, 0, 0
27400, 1900367, 1, 0, 0
27502, 1999793, 1, 0, 0
27601, 2004038, 1, 0, 0
27701, 2200168, 1, 0, 0
27800, 1947982, 1, 0, 0
27900, 1987572, 1, 0, 0
28000, 2096320, 1, 0, 0
28101, 2218086, 1, 0, 0
28200, 2081161, 1, 0, 0
28300, 2098069, 1, 0, 0
28401, 2038520, 1, 0, 0
28502, 2067048, 1, 0, 0
28600, 2059249, 1, 0, 0
28701, 2127242, 1, 0, 0
28800, 1994250, 1, 0, 0
28900, 2110778, 1, 0, 0
29000, 1892785, 1, 0, 0
29100, 2006976, 1, 0, 0
29200, 2030784, 1, 0, 0
29301, 2155457, 1, 0, 0
29401, 2055352, 1, 0, 0
29501, 1984542, 1, 0, 0
29601, 2064425, 1, 0, 0
29700, 2035874, 1, 0, 0
29800, 2050385, 1, 0, 0
29900, 1942079, 1, 0, 0
30002, 1937537, 1, 0, 0
30101, 1911591, 1, 0, 0
30201, 2101842, 1, 0, 0
30300, 2052577, 1, 0, 0
30400, 2099287, 1, 0, 0
30500, 2093308, 1, 0, 0
30601, 1989207, 1, 0, 0
30700, 1961506, 1, 0, 0
30800, 2018882, 1, 0, 0
30900, 1901808, 1, 0, 0
31001, 2129937, 1, 0, 0
31100, 2026820, 1, 0, 0
31201, 2133994, 1, 0, 0
31301, 2013012, 1, 0, 0
31400, 2089948, 1, 0, 0
31501, 1988629, 1, 0, 0
31601, 2069031, 1, 0, 0
31701, 2056467, 1, 0, 0
31801, 1978010, 1, 0, 0
31901, 1984815, 1, 0, 0
32002, 2026534, 1, 0, 0
32100, 1982587, 1, 0, 0
32200, 2010679, 1, 0, 0
32300, 2160612, 1, 0, 0
32400, 2096895, 1, 0, 0
32503, 2003448, 1, 0, 0
32601, 2100312, 1, 0, 0
32700, 1928070, 1, 0, 0
32801, 2033167, 1, 0, 0
32901, 2010955, 1, 0, 0
33000, 2132386, 1, 0, 0
33101, 2088364, 1, 0, 0
33200, 1904269, 1, 0, 0
33300, 1988763, 1, 0, 0
33401, 1953966, 1, 0, 0
33500, 1952766, 1, 0, 0
33600, 1987956, 1, 0, 0
33700, 2060158, 1, 0, 0
33801, 1906584, 1, 0, 0
33901, 1981186, 1, 0, 0
34001, 2067929, 1, 0, 0
34102, 2171780, 1, 0, 0
34200, 2003485, 1, 0, 0
34301, 2037912, 1, 0, 0
34400, 1962760, 1, 0, 0
34502, 1935050, 1, 0, 0
34601, 2119849, 1, 0, 0
34700, 1921361, 1, 0, 0
34801, 2026507, 1, 0, 0
34902, 2035336, 1, 0, 0
35000, 1952440, 1, 0, 0
35100, 1977355, 1, 0, 0
35200, 1999960, 1, 0, 0
35301, 1932918, 1, 0, 0
35401, 1922820, 1, 0, 0
35500, 2002942, 1, 0, 0
35600, 2092001, 1, 0, 0
35700, 2078658, 1, 0, 0
35800, 2014190, 1, 0, 0
35901, 2063095, 1, 0, 0
36002, 2041737, 1, 0, 0
36101, 1948724, 1, 0, 0
36201, 1986255, 1, 0, 0
36300, 1851998, 1, 0, 0
36401, 1945013, 1, 0, 0
36500, 2140888, 1, 0, 0
36600, 2012237, 1, 0, 0
36702, 2060768, 1, 0, 0
36801, 2031444, 1, 0, 0
36900, 1963593, 1, 0, 0
37000, 2016364, 1, 0, 0
37100, 1960580, 1, 0, 0
37200, 1878285, 1, 0, 0
37302, 2182397, 1, 0, 0
37401, 2039471, 1, 0, 0
37501, 1965402, 1, 0, 0
37600, 1921010, 1, 0, 0
37700, 2062889, 1, 0, 0
37802, 1941319, 1, 0, 0
37901, 1955842, 1, 0, 0
38000, 1892553, 1, 0, 0
38100, 2097146, 1, 0, 0
38200, 1944073, 1, 0, 0
38301, 1917866, 1, 0, 0
38400, 1999834, 1, 0, 0
38500, 1872830, 1, 0, 0
38602, 1889114, 1, 0, 0
38700, 2031486, 1, 0, 0
38800, 2049923, 1, 0, 0
38903, 1918917, 1, 0, 0
39001, 2028648, 1, 0, 0
39100, 1916288, 1, 0, 0
39201, 1895547, 1, 0, 0
39300, 2033936, 1, 0, 0
39401, 1997368, 1, 0, 0
39500, 2060667, 1, 0, 0
39600, 2021613, 1, 0, 0
39702, 2138031, 1, 0, 0
39801, 2046912, 1, 0, 0
39901, 1980583, 1, 0, 0
40001, 2054983, 1, 0, 0
40100, 2077732, 1, 0, 0
40200, 1972744, 1, 0, 0
40301, 2025988, 1, 0, 0
40400, 1919110, 1, 0, 0
40500, 2107080, 1, 0, 0
40601, 1995086, 1, 0, 0
40701, 2023579, 1, 0, 0
40801, 1978811, 1, 0, 0
40900, 1945223, 1, 0, 0
41000, 1938465, 1, 0, 0
41100, 2014714, 1, 0, 0
41200, 2068548, 1, 0, 0
41300, 2055960, 1, 0, 0
41401, 2020792, 1, 0, 0
41503, 1973188, 1, 0, 0
41601, 1909080, 1, 0, 0
41700, 2039464, 1, 0, 0
41800, 1787850, 1, 0, 0
41900, 1977933, 1, 0, 0
42001, 1998953, 1, 0, 0
42100, 1878391, 1, 0, 0
42201, 1946734, 1, 0, 0
42300, 2025193, 1, 0, 0
42401, 1949687, 1, 0, 0
42501, 1913106, 1, 0, 0
42601, 1922557, 1, 0, 0
42700, 2032199, 1, 0, 0
42802, 2058688, 1, 0, 0
42902, 1897821, 1, 0, 0
43002, 1813406, 1, 0, 0
43101, 2066741, 1, 0, 0
43200, 1920495, 1, 0, 0
43301, 2011708, 1, 0, 0
43400, 1954348, 1, 0, 0
43500, 2098906, 1, 0, 0
43603, 2119435, 1, 0, 0
43701, 1862713, 1, 0, 0
43801, 1940448, 1, 0, 0
43901, 2054556, 1, 0, 0
44000, 2053407, 1, 0, 0
44101, 1905803, 1, 0, 0
44200, 1858249, 1, 0, 0
44301, 2071158, 1, 0, 0
44400, 1996728, 1, 0, 0
44501, 1991537, 1, 0, 0
44601, 1944091, 1, 0, 0
44700, 1809706, 1, 0, 0
44800, 1937294, 1, 0, 0
44901, 1971820, 1, 0, 0
45001, 2010906, 1, 0, 0
45101, 1928292, 1, 0, 0
45200, 1948355, 1, 0, 0
45300, 2027860, 1, 0, 0
45400, 1928075, 1, 0, 0
45500, 1883181, 1, 0, 0
45602, 1929529, 1, 0, 0
45700, 2009723, 1, 0, 0
45801, 1874180, 1, 0, 0
45901, 1901106, 1, 0, 0
46000, 1930849, 1, 0, 0
46100, 2096083, 1, 0, 0
46201, 1951513, 1, 0, 0
46301, 1952890, 1, 0, 0
46400, 1834836, 1, 0, 0
46500, 1950010, 1, 0, 0
46600, 1895442, 1, 0, 0
46700, 1793082, 1, 0, 0
46800, 1935253, 1, 0, 0
46900, 1785585, 1, 0, 0
47000, 1937204, 1, 0, 0
47101, 1805790, 1, 0, 0
47201, 2021534, 1, 0, 0
47301, 1924011, 1, 0, 0
47401, 1867075, 1, 0, 0
47501, 1866875, 1, 0, 0
47601, 1872138, 1, 0, 0
47700, 1908194, 1, 0, 0
47800, 1859928, 1, 0, 0
47900, 1981592, 1, 0, 0
48001, 1990622, 1, 0, 0
48101, 1797835, 1, 0, 0
48201, 1929822, 1, 0, 0
48301, 1938212, 1, 0, 0
48401, 1805857, 1, 0, 0
48502, 1936878, 1, 0, 0
48600, 1827802, 1, 0, 0
48700, 1802166, 1, 0, 0
48801, 1807467, 1, 0, 0
48900, 1877604, 1, 0, 0
49001, 1881513, 1, 0, 0
49100, 1936998, 1, 0, 0
49200, 1885147, 1, 0, 0
49300, 1864389, 1, 0, 0
49400, 1871449, 1, 0, 0
49501, 1876524, 1, 0, 0
49600, 1837808, 1, 0, 0
49700, 2015788, 1, 0, 0
49801, 1996548, 1, 0, 0
49902, 1886146, 1, 0, 0
50001, 1919350, 1, 0, 0
50100, 1879145, 1, 0, 0
50200, 1839583, 1, 0, 0
50301, 1840140, 1, 0, 0
50401, 1855734, 1, 0, 0
50501, 1930464, 1, 0, 0
50600, 1997971, 1, 0, 0
50701, 1964467, 1, 0, 0
50800, 1878071, 1, 0, 0
50901, 1855249, 1, 0, 0
51002, 1877518, 1, 0, 0
51101, 1969106, 1, 0, 0
51200, 1861627, 1, 0, 0
51300, 1827844, 1, 0, 0
51400, 1979872, 1, 0, 0
51501, 1922523, 1, 0, 0
51600, 1879896, 1, 0, 0
51702, 2015536, 1, 0, 0
51802, 1827802, 1, 0, 0
51900, 1909182, 1, 0, 0
52002, 2046628, 1, 0, 0
52100, 1828361, 1, 0, 0
52200, 1930976, 1, 0, 0
52301, 1924549, 1, 0, 0
52400, 1845524, 1, 0, 0
52501, 1917662, 1, 0, 0
52600, 1846696, 1, 0, 0
52700, 1865980, 1, 0, 0
52800, 1905053, 1, 0, 0
52900, 1830414, 1, 0, 0
53000, 1861417, 1, 0, 0
53100, 1840045, 1, 0, 0
53200, 1823783, 1, 0, 0
53300, 1792477, 1, 0, 0
53401, 1852786, 1, 0, 0
53501, 1859807, 1, 0, 0
53600, 1860098, 1, 0, 0
53701, 2069374, 1, 0, 0
53801, 1863245, 1, 0, 0
53901, 1869480, 1, 0, 0
54001, 1905754, 1, 0, 0
54101, 1829368, 1, 0, 0
54202, 2026933, 1, 0, 0
54301, 1842352, 1, 0, 0
54401, 1827920, 1, 0, 0
54500, 1958205, 1, 0, 0
54600, 1770992, 1, 0, 0
54700, 1784736, 1, 0, 0
54800, 1941340, 1, 0, 0
54901, 1926962, 1, 0, 0
55000, 1835209, 1, 0, 0
55100, 1824696, 1, 0, 0
55200, 1811242, 1, 0, 0
55301, 1837669, 1, 0, 0
55400, 1844348, 1, 0, 0
55501, 2031630, 1, 0, 0
55600, 1877482, 1, 0, 0
55703, 1928107, 1, 0, 0
55801, 1798502, 1, 0, 0
55900, 1879736, 1, 0, 0
56000, 1930283, 1, 0, 0
56101, 1915710, 1, 0, 0
56202, 1883730, 1, 0, 0
56302, 1870953, 1, 0, 0
56401, 1951792, 1, 0, 0
56501, 1865217, 1, 0, 0
56600, 1993727, 1, 0, 0
56703, 1997278, 1, 0, 0
56801, 2012696, 1, 0, 0
56902, 2008407, 1, 0, 0
57000, 1944165, 1, 0, 0
57100, 1930668, 1, 0, 0
57201, 1952559, 1, 0, 0
57300, 1949944, 1, 0, 0
57400, 2031164, 1, 0, 0
57500, 2097074, 1, 0, 0
57602, 1924241, 1, 0, 0
57701, 1890276, 1, 0, 0
57800, 1925291, 1, 0, 0
57900, 2009957, 1, 0, 0
58000, 1898772, 1, 0, 0
58101, 1891919, 1, 0, 0
58201, 1959642, 1, 0, 0
58302, 2040758, 1, 0, 0
58400, 1919155, 1, 0, 0
58501, 1873148, 1, 0, 0
58601, 1939885, 1, 0, 0
58701, 1978638, 1, 0, 0
58800, 1857559, 1, 0, 0
58901, 1922231, 1, 0, 0
59001, 1940909, 1, 0, 0
59102, 1852829, 1, 0, 0
59200, 1885956, 1, 0, 0
59300, 1900901, 1, 0, 0
59400, 1901484, 1, 0, 0
59501, 2063381, 1, 0, 0
59600, 1729826, 1, 0, 0
59702, 1934831, 1, 0, 0
59800, 1856466, 1, 0, 0
59900, 1890991, 1, 0, 0
60001, 1847327, 1, 0, 0
60101, 1862523, 1, 0, 0
60200, 1861499, 1, 0, 0
60301, 1987359, 1, 0, 0
60401, 1788778, 1, 0, 0
60500, 1848990, 1, 0, 0
60600, 1909300, 1, 0, 0
60701, 2030546, 1, 0, 0
60800, 1928795, 1, 0, 0
60900, 1855702, 1, 0, 0
61000, 1939723, 1, 0, 0
61101, 1837281, 1, 0, 0
61201, 1969946, 1, 0, 0
61300, 1821387, 1, 0, 0
61400, 1924867, 1, 0, 0
61500, 1835916, 1, 0, 0
61600, 1905594, 1, 0, 0
61700, 1969657, 1, 0, 0
61801, 1818876, 1, 0, 0
61900, 1955928, 1, 0, 0
62000, 1779004, 1, 0, 0
62100, 1979259, 1, 0, 0
62201, 1848844, 1, 0, 0
62302, 1986996, 1, 0, 0
62401, 1852452, 1, 0, 0
62501, 1826696, 1, 0, 0
62601, 1872199, 1, 0, 0
62701, 1852884, 1, 0, 0
62800, 1922608, 1, 0, 0
62901, 1813536, 1, 0, 0
63001, 1921601, 1, 0, 0
63100, 1962753, 1, 0, 0
63201, 1912199, 1, 0, 0
63300, 1839964, 1, 0, 0
63400, 1905345, 1, 0, 0
63501, 1947389, 1, 0, 0
63601, 1899448, 1, 0, 0
63701, 1799067, 1, 0, 0
63800, 1882746, 1, 0, 0
63904, 1806816, 1, 0, 0
64001, 1811051, 1, 0, 0
64101, 1855506, 1, 0, 0
64200, 1916215, 1, 0, 0
64300, 1912525, 1, 0, 0
64401, 1841621, 1, 0, 0
64501, 1972072, 1, 0, 0
64600, 1921695, 1, 0, 0
64701, 1993644, 1, 0, 0
64801, 1836310, 1, 0, 0
64900, 1835893, 1, 0, 0
65000, 1769158, 1, 0, 0
65100, 1878168, 1, 0, 0
65200, 1884217, 1, 0, 0
65302, 1939282, 1, 0, 0
65400, 1905730, 1, 0, 0
65500, 1931649, 1, 0, 0
65600, 1938962, 1, 0, 0
65701, 1815487, 1, 0, 0
65800, 1840968, 1, 0, 0
65902, 1994901, 1, 0, 0
66001, 1943683, 1, 0, 0
66100, 1914848, 1, 0, 0
66200, 1845796, 1, 0, 0
66300, 1923445, 1, 0, 0
66402, 1914486, 1, 0, 0
66502, 1822630, 1, 0, 0
66600, 1793493, 1, 0, 0
66700, 1823485, 1, 0, 0
66801, 1852401, 1, 0, 0
66901, 2012774, 1, 0, 0
67000, 1921681, 1, 0, 0
67101, 1918255, 1, 0, 0
67201, 1905827, 1, 0, 0
67302, 1992576, 1, 0, 0
67400, 1813584, 1, 0, 0
67501, 1966658, 1, 0, 0
67601, 1972292, 1, 0, 0
67701, 1978617, 1, 0, 0
67800, 1926202, 1, 0, 0
67900, 1892212, 1, 0, 0
68000, 1784368, 1, 0, 0
68100, 1838914, 1, 0, 0
68200, 1859719, 1, 0, 0
68300, 1900245, 1, 0, 0
68400, 1771510, 1, 0, 0
68502, 1978743, 1, 0, 0
68602, 1856204, 1, 0, 0
68701, 1841731, 1, 0, 0
68801, 1873006, 1, 0, 0
68900, 1914568, 1, 0, 0
69001, 1934357, 1, 0, 0
69100, 1939188, 1, 0, 0
69200, 1988148, 1, 0, 0
69301, 1841307, 1, 0, 0
69400, 1871580, 1, 0, 0
69501, 1961312, 1, 0, 0
69600, 1856161, 1, 0, 0
69700, 1890594, 1, 0, 0
69800, 1905121, 1, 0, 0
69901, 1844655, 1, 0, 0
70001, 1901111, 1, 0, 0
70101, 1891672, 1, 0, 0
70200, 1889201, 1, 0, 0
70300, 2016419, 1, 0, 0
70401, 1881114, 1, 0, 0
70501, 1900511, 1, 0, 0
70600, 1917606, 1, 0, 0
70701, 1990737, 1, 0, 0
70801, 1911554, 1, 0, 0
70901, 1904919, 1, 0, 0
71001, 1891078, 1, 0, 0
71101, 1985902, 1, 0, 0
71202, 2202773, 1, 0, 0
71300, 2062533, 1, 0, 0
71401, 1778284, 1, 0, 0
71500, 1923433, 1, 0, 0
71600, 1865666, 1, 0, 0
71700, 1940998, 1, 0, 0
71800, 1971131, 1, 0, 0
71901, 1986123, 1, 0, 0
72000, 1807481, 1, 0, 0
72100, 1902418, 1, 0, 0
72201, 1940619, 1, 0, 0
72301, 1934743, 1, 0, 0
72401, 1799106, 1, 0, 0
72500, 1805234, 1, 0, 0
72600, 1937193, 1, 0, 0
72700, 1868907, 1, 0, 0
72800, 1755350, 1, 0, 0
72901, 1991203, 1, 0, 0
73001, 1936662, 1, 0, 0
73100, 1818752, 1, 0, 0
73200, 1887727, 1, 0, 0
73300, 1843500, 1, 0, 0
73400, 1828304, 1, 0, 0
73500, 1876704, 1, 0, 0
73601, 1876682, 1, 0, 0
73700, 1916945, 1, 0, 0
73800, 2027116, 1, 0, 0
73900, 1934038, 1, 0, 0
74001, 1788367, 1, 0, 0
74100, 1954454, 1, 0, 0
74200, 2057640, 1, 0, 0
74300, 1865138, 1, 0, 0
74400, 1831209, 1, 0, 0
74500, 2101440, 1, 0, 0
74600, 1962467, 1, 0, 0
74701, 1841997, 1, 0, 0
74800, 1811637, 1, 0, 0
74902, 1900796, 1, 0, 0
75001, 1915475, 1, 0, 0
75100, 1964975, 1, 0, 0
75201, 1849558, 1, 0, 0
75303, 1883112, 1, 0, 0
75400, 1920236, 1, 0, 0
75501, 1915753, 1, 0, 0
75600, 1925865, 1, 0, 0
75700, 1882782, 1, 0, 0
75800, 1897559, 1, 0, 0
75900, 1777986, 1, 0, 0
76001, 1870708, 1, 0, 0
76100, 2000906, 1, 0, 0
76200, 1866093, 1, 0, 0
76301, 2024310, 1, 0, 0
76400, 1949465, 1, 0, 0
76500, 1871481, 1, 0, 0
76602, 1856729, 1, 0, 0
76700, 1871144, 1, 0, 0
76800, 1854987, 1, 0, 0
76900, 1954540, 1, 0, 0
77001, 1948953, 1, 0, 0
77101, 1898287, 1, 0, 0
77201, 1946111, 1, 0, 0
77301, 1884241, 1, 0, 0
77400, 1824655, 1, 0, 0
77500, 1815539, 1, 0, 0
77602, 2006292, 1, 0, 0
77700, 1913354, 1, 0, 0
77801, 1915988, 1, 0, 0
77900, 1987716, 1, 0, 0
78001, 1882987, 1, 0, 0
78102, 1890503, 1, 0, 0
78200, 1855137, 1, 0, 0
78300, 1964104, 1, 0, 0
78401, 1849494, 1, 0, 0
78500, 1876391, 1, 0, 0
78602, 2063710, 1, 0, 0
78701, 1867728, 1, 0, 0
78800, 1968374, 1, 0, 0
78901, 1830407, 1, 0, 0
79000, 1812651, 1, 0, 0
79101, 1924231, 1, 0, 0
79201, 1975598, 1, 0, 0
79302, 1885260, 1, 0, 0
79400, 1871763, 1, 0, 0
79500, 1974904, 1, 0, 0
79600, 1859804, 1, 0, 0
79701, 1848152, 1, 0, 0
79800, 1853324, 1, 0, 0
79901, 1983070, 1, 0, 0
80001, 1947729, 1, 0, 0
80101, 1935716, 1, 0, 0
80200, 1986570, 1, 0, 0
80300, 1873204, 1, 0, 0
80400, 1929092, 1, 0, 0
80501, 1851622, 1, 0, 0
80601, 2013812, 1, 0, 0
80701, 1886662, 1, 0, 0
80801, 1860377, 1, 0, 0
80900, 1888930, 1, 0, 0
81000, 1861079, 1, 0, 0
81102, 1888983, 1, 0, 0
81201, 1963741, 1, 0, 0
81301, 1865421, 1, 0, 0
81401, 1925134, 1, 0, 0
81502, 1848579, 1, 0, 0
81601, 1891858, 1, 0, 0
81701, 1854990, 1, 0, 0
81800, 1929932, 1, 0, 0
81901, 1841498, 1, 0, 0
82001, 1899549, 1, 0, 0
82102, 1841295, 1, 0, 0
82201, 1969537, 1, 0, 0
82300, 1905655, 1, 0, 0
82400, 1953822, 1, 0, 0
82500, 1926659, 1, 0, 0
82600, 1763983, 1, 0, 0
82701, 1879892, 1, 0, 0
82800, 1993071, 1, 0, 0
82900, 1833804, 1, 0, 0
83001, 1935375, 1, 0, 0
83101, 1940356, 1, 0, 0
83200, 1805850, 1, 0, 0
83301, 2036205, 1, 0, 0
83400, 1847332, 1, 0, 0
83501, 1888391, 1, 0, 0
83600, 1953549, 1, 0, 0
83700, 1931738, 1, 0, 0
83802, 1979490, 1, 0, 0
83900, 2005771, 1, 0, 0
84000, 1981874, 1, 0, 0
84100, 1910400, 1, 0, 0
84200, 1887373, 1, 0, 0
84301, 2005295, 1, 0, 0
84400, 1841547, 1, 0, 0
84501, 1927277, 1, 0, 0
84601, 1964597, 1, 0, 0
84700, 1886980, 1, 0, 0
84800, 1899495, 1, 0, 0
84901, 1846734, 1, 0, 0
85002, 2009509, 1, 0, 0
85101, 1872694, 1, 0, 0
85201, 1954084, 1, 0, 0
85300, 1774084, 1, 0, 0
85401, 2006846, 1, 0, 0
85500, 1873848, 1, 0, 0
85600, 1980655, 1, 0, 0
85700, 1890379, 1, 0, 0
85800, 1825449, 1, 0, 0
85901, 1972133, 1, 0, 0
86002, 1824936, 1, 0, 0
86101, 1890636, 1, 0, 0
86202, 1908314, 1, 0, 0
86300, 1914430, 1, 0, 0
86401, 1773005, 1, 0, 0
86500, 1949106, 1, 0, 0
86600, 1875303, 1, 0, 0
86700, 1782884, 1, 0, 0
86802, 1899640, 1, 0, 0
86900, 1821317, 1, 0, 0
87000, 1912970, 1, 0, 0
87101, 1840178, 1, 0, 0
87201, 1829569, 1, 0, 0
87300, 1889609, 1, 0, 0
87401, 1736976, 1, 0, 0
87501, 1698774, 1, 0, 0
87601, 1906631, 1, 0, 0
87700, 1879961, 1, 0, 0
87800, 1835040, 1, 0, 0
87901, 1914121, 1, 0, 0
88000, 1845358, 1, 0, 0
88101, 2030337, 1, 0, 0
88201, 1866799, 1, 0, 0
88300, 1999607, 1, 0, 0
88400, 1968579, 1, 0, 0
88501, 1908045, 1, 0, 0
88600, 1947187, 1, 0, 0
88701, 1876825, 1, 0, 0
88800, 1889993, 1, 0, 0
88901, 2023296, 1, 0, 0
89000, 1929133, 1, 0, 0
89101, 1991152, 1, 0, 0
89201, 1972271, 1, 0, 0
89300, 1876569, 1, 0, 0
89402, 1898072, 1, 0, 0
89500, 1869796, 1, 0, 0
89600, 1865589, 1, 0, 0
89700, 1925483, 1, 0, 0
89800, 1862923, 1, 0, 0
89900, 1904042, 1, 0, 0
90000, 1936143, 1, 0, 0
90101, 2006890, 1, 0, 0
90200, 1848901, 1, 0, 0
90300, 1859547, 1, 0, 0
90400, 1938120, 1, 0, 0
90500, 1832683, 1, 0, 0
90600, 1925841, 1, 0, 0
90700, 1864291, 1, 0, 0
90801, 1846733, 1, 0, 0
90900, 1840696, 1, 0, 0
91001, 1916586, 1, 0, 0
91100, 1842278, 1, 0, 0
91201, 1981668, 1, 0, 0
91300, 1998203, 1, 0, 0
91401, 1854566, 1, 0, 0
91501, 1857497, 1, 0, 0
91600, 1989367, 1, 0, 0
91700, 1972859, 1, 0, 0
91800, 1900512, 1, 0, 0
91901, 1923603, 1, 0, 0
92001, 1837684, 1, 0, 0
92101, 1893711, 1, 0, 0
92202, 1946796, 1, 0, 0
92300, 2018065, 1, 0, 0
92400, 1900516, 1, 0, 0
92500, 1926198, 1, 0, 0
92600, 1803777, 1, 0, 0
92701, 1850553, 1, 0, 0
92801, 1901620, 1, 0, 0
92901, 1788203, 1, 0, 0
93000, 2011545, 1, 0, 0
93101, 1864021, 1, 0, 0
93200, 1967957, 1, 0, 0
93301, 1876408, 1, 0, 0
93400, 1834330, 1, 0, 0
93501, 1999988, 1, 0, 0
93601, 1891139, 1, 0, 0
93701, 1774742, 1, 0, 0
93800, 1873462, 1, 0, 0
93900, 1872267, 1, 0, 0
94000, 2015192, 1, 0, 0
94101, 1879968, 1, 0, 0
94200, 1949828, 1, 0, 0
94300, 1821992, 1, 0, 0
94401, 1923250, 1, 0, 0
94500, 1844073, 1, 0, 0
94602, 1930493, 1, 0, 0
94700, 1862695, 1, 0, 0
94802, 1971969, 1, 0, 0
94900, 1984483, 1, 0, 0
95000, 1796285, 1, 0, 0
95100, 1804591, 1, 0, 0
95201, 1835947, 1, 0, 0
95300, 2005623, 1, 0, 0
95400, 1824029, 1, 0, 0
95500, 1907036, 1, 0, 0
95600, 1931838, 1, 0, 0
95701, 1960207, 1, 0, 0
95801, 1891683, 1, 0, 0
95901, 1864279, 1, 0, 0
96000, 1895194, 1, 0, 0
96102, 1752983, 1, 0, 0
96200, 1798808, 1, 0, 0
96301, 1814453, 1, 0, 0
96400, 1843418, 1, 0, 0
96500, 1905066, 1, 0, 0
96601, 1911153, 1, 0, 0
96700, 1836335, 1, 0, 0
96801, 1830322, 1, 0, 0
96901, 1902135, 1, 0, 0
97001, 1849437, 1, 0, 0
97100, 1876449, 1, 0, 0
97200, 1984716, 1, 0, 0
97300, 1723758, 1, 0, 0
97401, 1819599, 1, 0, 0
97500, 1766181, 1, 0, 0
97600, 1858084, 1, 0, 0
97700, 1993448, 1, 0, 0
97801, 1815121, 1, 0, 0
97900, 1881363, 1, 0, 0
98000, 1820012, 1, 0, 0
98101, 1999420, 1, 0, 0
98200, 1838130, 1, 0, 0
98300, 1864296, 1, 0, 0
98400, 1843156, 1, 0, 0
98501, 1923717, 1, 0, 0
98600, 1835058, 1, 0, 0
98701, 1739713, 1, 0, 0
98801, 1858721, 1, 0, 0
98901, 1825795, 1, 0, 0
99000, 1857107, 1, 0, 0
99101, 1870644, 1, 0, 0
99201, 1873119, 1, 0, 0
99300, 1874096, 1, 0, 0
99401, 1844848, 1, 0, 0
99500, 1897062, 1, 0, 0
99601, 1833360, 1, 0, 0
99700, 1781333, 1, 0, 0
99800, 1823812, 1, 0, 0
99900, 1902113, 1, 0, 0
100000, 1830405, 1, 0, 0
100100, 1901534, 1, 0, 0
100200, 1854813, 1, 0, 0
100301, 1925321, 1, 0, 0
100401, 1824025, 1, 0, 0
100501, 1803540, 1, 0, 0
100600, 1874505, 1, 0, 0
100701, 1878084, 1, 0, 0
100802, 1865473, 1, 0, 0
100901, 1936343, 1, 0, 0
101001, 1747773, 1, 0, 0
101100, 1854168, 1, 0, 0
101200, 1900682, 1, 0, 0
101300, 1897699, 1, 0, 0
101400, 1852441, 1, 0, 0
101501, 1740584, 1, 0, 0
101602, 1823957, 1, 0, 0
101700, 1862479, 1, 0, 0
101801, 1925082, 1, 0, 0
101901, 1819940, 1, 0, 0
102001, 1826422, 1, 0, 0
102100, 1774923, 1, 0, 0
102200, 1775504, 1, 0, 0
102300, 1889124, 1, 0, 0
102401, 1849638, 1, 0, 0
102501, 1823251, 1, 0, 0
102601, 1836014, 1, 0, 0
102701, 1894919, 1, 0, 0
102801, 1770844, 1, 0, 0
102901, 1783567, 1, 0, 0
103000, 1815744, 1, 0, 0
103101, 1927322, 1, 0, 0
103200, 1875841, 1, 0, 0
103300, 1906581, 1, 0, 0
103400, 1931091, 1, 0, 0
103500, 1931988, 1, 0, 0
103600, 1920169, 1, 0, 0
103700, 1829290, 1, 0, 0
103800, 1910398, 1, 0, 0
103900, 1901331, 1, 0, 0
104001, 1840290, 1, 0, 0
104101, 1793662, 1, 0, 0
104202, 1809748, 1, 0, 0
104300, 1807321, 1, 0, 0
104400, 1932966, 1, 0, 0
104501, 1886666, 1, 0, 0
104600, 1738842, 1, 0, 0
104700, 1825627, 1, 0, 0
104800, 1968421, 1, 0, 0
104900, 1869331, 1, 0, 0
105001, 1906658, 1, 0, 0
105101, 1939091, 1, 0, 0
105201, 1793887, 1, 0, 0
105301, 1909531, 1, 0, 0
105401, 1759346, 1, 0, 0
105500, 1901667, 1, 0, 0
105600, 1857707, 1, 0, 0
105700, 1801232, 1, 0, 0
105801, 1879749, 1, 0, 0
105900, 1783556, 1, 0, 0
106001, 1800407, 1, 0, 0
106101, 1864915, 1, 0, 0
106201, 1906091, 1, 0, 0
106300, 1840164, 1, 0, 0
106401, 1685814, 1, 0, 0
106501, 1837346, 1, 0, 0
106601, 1972218, 1, 0, 0
106700, 1811604, 1, 0, 0
106801, 1836269, 1, 0, 0
106900, 1881885, 1, 0, 0
107001, 1845006, 1, 0, 0
107100, 1881991, 1, 0, 0
107201, 1824468, 1, 0, 0
107300, 1780646, 1, 0, 0
107401, 1809189, 1, 0, 0
107501, 1813930, 1, 0, 0
107600, 1933843, 1, 0, 0
107701, 1830530, 1, 0, 0
107801, 1804656, 1, 0, 0
107900, 1844279, 1, 0, 0
108002, 1897139, 1, 0, 0
108102, 1822320, 1, 0, 0
108200, 1720586, 1, 0, 0
108302, 1911453, 1, 0, 0
108400, 1813291, 1, 0, 0
108500, 1939301, 1, 0, 0
108601, 1878263, 1, 0, 0
108701, 1896843, 1, 0, 0
108801, 1757441, 1, 0, 0
108901, 1803965, 1, 0, 0
109002, 1899936, 1, 0, 0
109100, 1839370, 1, 0, 0
109200, 1755412, 1, 0, 0
109302, 1898119, 1, 0, 0
109400, 1821871, 1, 0, 0
109500, 1866207, 1, 0, 0
109600, 1935202, 1, 0, 0
109700, 1794442, 1, 0, 0
109800, 2018274, 1, 0, 0
109901, 2029360, 1, 0, 0
110000, 1879671, 1, 0, 0
110101, 1881891, 1, 0, 0
110200, 1776604, 1, 0, 0
110300, 1863385, 1, 0, 0
110401, 1847760, 1, 0, 0
110501, 1786720, 1, 0, 0
110601, 1937950, 1, 0, 0
110700, 1777820, 1, 0, 0
110800, 1756740, 1, 0, 0
110900, 1854669, 1, 0, 0
111000, 1805560, 1, 0, 0
111100, 1817438, 1, 0, 0
111200, 1826063, 1, 0, 0
111300, 1842719, 1, 0, 0
111402, 1868427, 1, 0, 0
111500, 1817822, 1, 0, 0
111600, 1868529, 1, 0, 0
111701, 1873817, 1, 0, 0
111802, 1923887, 1, 0, 0
111901, 1810381, 1, 0, 0
112001, 1805783, 1, 0, 0
112101, 1756251, 1, 0, 0
112200, 1846569, 1, 0, 0
112302, 2011940, 1, 0, 0
112400, 1829503, 1, 0, 0
112501, 1962691, 1, 0, 0
112600, 1948747, 1, 0, 0
112700, 1901634, 1, 0, 0
112800, 1836607, 1, 0, 0
112902, 1848632, 1, 0, 0
113000, 1795785, 1, 0, 0
113101, 1921246, 1, 0, 0
113200, 1783612, 1, 0, 0
113301, 1989662, 1, 0, 0
113400, 1773986, 1, 0, 0
113501, 1717459, 1, 0, 0
113600, 1846489, 1, 0, 0
113701, 1693310, 1, 0, 0
113801, 1752912, 1, 0, 0
113901, 1868537, 1, 0, 0
114001, 1860535, 1, 0, 0
114100, 1806919, 1, 0, 0
114202, 1941945, 1, 0, 0
114300, 1737600, 1, 0, 0
114401, 1842708, 1, 0, 0
114501, 1764247, 1, 0, 0
114600, 1800558, 1, 0, 0
114701, 1813043, 1, 0, 0
114801, 1872758, 1, 0, 0
114900, 1832999, 1, 0, 0
115001, 1785107, 1, 0, 0
115100, 1750001, 1, 0, 0
115200, 1799441, 1, 0, 0
115300, 1787192, 1, 0, 0
115401, 1778663, 1, 0, 0
115500, 1849410, 1, 0, 0
115601, 1809927, 1, 0, 0
115701, 1932241, 1, 0, 0
115800, 1897803, 1, 0, 0
115900, 1703770, 1, 0, 0
116000, 1866336, 1, 0, 0
116100, 1800573, 1, 0, 0
116201, 1800671, 1, 0, 0
116300, 1848369, 1, 0, 0
116400, 1897619, 1, 0, 0
116502, 1864038, 1, 0, 0
116600, 1794281, 1, 0, 0
116700, 1801814, 1, 0, 0
116800, 1858331, 1, 0, 0
116900, 1708783, 1, 0, 0
117001, 1709464, 1, 0, 0
117100, 2014874, 1, 0, 0
117201, 1839525, 1, 0, 0
117300, 1846457, 1, 0, 0
117401, 1885939, 1, 0, 0
117501, 1898054, 1, 0, 0
117600, 1994465, 1, 0, 0
117700, 1773250, 1, 0, 0
117801, 1958619, 1, 0, 0
117900, 1839741, 1, 0, 0
118000, 1867513, 1, 0, 0
118101, 1905248, 1, 0, 0
118200, 1849240, 1, 0, 0
118300, 1775240, 1, 0, 0
118400, 1759120, 1, 0, 0
118500, 1793782, 1, 0, 0
118600, 1832313, 1, 0, 0
118700, 1827346, 1, 0, 0
118800, 1896895, 1, 0, 0
118900, 1766974, 1, 0, 0
119001, 1811667, 1, 0, 0
119102, 1809427, 1, 0, 0
119201, 1969067, 1, 0, 0
119300, 1830958, 1, 0, 0
119400, 1767997, 1, 0, 0
119501, 1836350, 1, 0, 0
119603, 1937984, 1, 0, 0
119703, 1908669, 1, 0, 0
119800, 1921677, 1, 0, 0
119901, 1877715, 1, 0, 0
120001, 1800006, 1, 0, 0
120100, 1746023, 1, 0, 0
120200, 1767497, 1, 0, 0
120300, 1771109, 1, 0, 0
120400, 1827246, 1, 0, 0
120500, 1859903, 1, 0, 0
120600, 1785191, 1, 0, 0
120701, 1811306, 1, 0, 0
120800, 1881922, 1, 0, 0
120900, 1789817, 1, 0, 0
121002, 1933930, 1, 0, 0
121101, 1772820, 1, 0, 0
121200, 1809511, 1, 0, 0
121300, 1836518, 1, 0, 0
121401, 1881913, 1, 0, 0
121500, 1818886, 1, 0, 0
121601, 1706667, 1, 0, 0
121700, 1920651, 1, 0, 0
121801, 2014745, 1, 0, 0
121900, 1792599, 1, 0, 0
122000, 1804175, 1, 0, 0
122100, 1795536, 1, 0, 0
122201, 1954957, 1, 0, 0
122300, 1711013, 1, 0, 0
122400, 1804448, 1, 0, 0
122501, 1771286, 1, 0, 0
122601, 1763042, 1, 0, 0
122700, 1811461, 1, 0, 0
122801, 1845025, 1, 0, 0
122901, 1830475, 1, 0, 0
123000, 1879065, 1, 0, 0
123100, 1800438, 1, 0, 0
123200, 1779220, 1, 0, 0
123300, 1769515, 1, 0, 0
123400, 1703964, 1, 0, 0
123502, 1890233, 1, 0, 0
123601, 1776139, 1, 0, 0
123700, 1968568, 1, 0, 0
123800, 1781688, 1, 0, 0
123901, 1961356, 1, 0, 0
124001, 1808712, 1, 0, 0
124101, 2090488, 1, 0, 0
124201, 1728756, 1, 0, 0
124300, 1807389, 1, 0, 0
124400, 1835532, 1, 0, 0
124501, 1843671, 1, 0, 0
124600, 1768555, 1, 0, 0
124701, 1861673, 1, 0, 0
124800, 1839230, 1, 0, 0
124901, 1907927, 1, 0, 0
125000, 1823480, 1, 0, 0
125101, 1689452, 1, 0, 0
125200, 1873232, 1, 0, 0
125300, 1903568, 1, 0, 0
125400, 1829602, 1, 0, 0
125500, 1710622, 1, 0, 0
125601, 1880316, 1, 0, 0
125701, 1862871, 1, 0, 0
125801, 1794149, 1, 0, 0
125900, 1706679, 1, 0, 0
126000, 1802127, 1, 0, 0
126101, 1807234, 1, 0, 0
126200, 1788122, 1, 0, 0
126300, 1826517, 1, 0, 0
126400, 1732490, 1, 0, 0
126501, 1809966, 1, 0, 0
126601, 1863306, 1, 0, 0
126700, 1691438, 1, 0, 0
126801, 1878700, 1, 0, 0
126901, 1857060, 1, 0, 0
127000, 1883518, 1, 0, 0
127101, 1776821, 1, 0, 0
127202, 1974097, 1, 0, 0
127300, 1792881, 1, 0, 0
127402, 1941952, 1, 0, 0
127501, 1863469, 1, 0, 0
127601, 1868359, 1, 0, 0
127701, 1795774, 1, 0, 0
127800, 1989131, 1, 0, 0
127901, 1756063, 1, 0, 0
128001, 1806469, 1, 0, 0
128101, 1732286, 1, 0, 0
128200, 1907179, 1, 0, 0
128302, 1830084, 1, 0, 0
128401, 1803697, 1, 0, 0
128500, 1892350, 1, 0, 0
128601, 1853685, 1, 0, 0
128700, 1908976, 1, 0, 0
128800, 1834407, 1, 0, 0
128901, 1875065, 1, 0, 0
129000, 1800230, 1, 0, 0
129100, 1870407, 1, 0, 0
129200, 1927868, 1, 0, 0
129300, 1897764, 1, 0, 0
129401, 1862266, 1, 0, 0
129501, 1813526, 1, 0, 0
129600, 1921650, 1, 0, 0
129701, 1810515, 1, 0, 0
129800, 1841150, 1, 0, 0
129900, 1915066, 1, 0, 0
130001, 1874639, 1, 0, 0
130102, 1867498, 1, 0, 0
130202, 1873650, 1, 0, 0
130301, 1820267, 1, 0, 0
130400, 1837347, 1, 0, 0
130501, 1749071, 1, 0, 0
130600, 1806518, 1, 0, 0
130701, 1849669, 1, 0, 0
130801, 1796783, 1, 0, 0
130901, 1823111, 1, 0, 0
131000, 1851252, 1, 0, 0
131100, 1831768, 1, 0, 0
131201, 1750849, 1, 0, 0
131300, 1800223, 1, 0, 0
131401, 1850338, 1, 0, 0
131500, 1832186, 1, 0, 0
131600, 1891196, 1, 0, 0
131700, 1830155, 1, 0, 0
131800, 1829946, 1, 0, 0
131902, 1896665, 1, 0, 0
132000, 1869800, 1, 0, 0
132100, 1825310, 1, 0, 0
132202, 1823745, 1, 0, 0
132301, 1776665, 1, 0, 0
132400, 1824610, 1, 0, 0
132500, 1825680, 1, 0, 0
132601, 1681143, 1, 0, 0
132700, 1892403, 1, 0, 0
132800, 1858731, 1, 0, 0
132901, 1807764, 1, 0, 0
133000, 1812113, 1, 0, 0
133101, 1855980, 1, 0, 0
133201, 1889923, 1, 0, 0
133300, 1913652, 1, 0, 0
133400, 1863917, 1, 0, 0
133500, 1907348, 1, 0, 0
133600, 1821727, 1, 0, 0
133700, 1898529, 1, 0, 0
133800, 1932628, 1, 0, 0
133901, 1789891, 1, 0, 0
134001, 1891232, 1, 0, 0
134101, 1840354, 1, 0, 0
134201, 1949015, 1, 0, 0
134300, 1705736, 1, 0, 0
134401, 1846280, 1, 0, 0
134501, 1729719, 1, 0, 0
134600, 1805412, 1, 0, 0
134700, 1766835, 1, 0, 0
134800, 1765259, 1, 0, 0
134901, 1889501, 1, 0, 0
135000, 1917937, 1, 0, 0
135101, 1959807, 1, 0, 0
135201, 1976462, 1, 0, 0
135301, 1793944, 1, 0, 0
135401, 1859751, 1, 0, 0
135501, 1907355, 1, 0, 0
135601, 1906648, 1, 0, 0
135700, 1805993, 1, 0, 0
135802, 1772810, 1, 0, 0
135900, 1849123, 1, 0, 0
136000, 1899673, 1, 0, 0
136100, 1882013, 1, 0, 0
136200, 1810058, 1, 0, 0
136300, 1829952, 1, 0, 0
136400, 1866870, 1, 0, 0
136502, 1859124, 1, 0, 0
136600, 1832860, 1, 0, 0
136700, 1936848, 1, 0, 0
136800, 1731188, 1, 0, 0
136900, 1702743, 1, 0, 0
137000, 1787184, 1, 0, 0
137100, 1763110, 1, 0, 0
137201, 1845398, 1, 0, 0
137301, 1898669, 1, 0, 0
137401, 1975857, 1, 0, 0
137500, 1884398, 1, 0, 0
137600, 1798366, 1, 0, 0
137700, 1792864, 1, 0, 0
137801, 1906033, 1, 0, 0
137901, 1936076, 1, 0, 0
138001, 1705874, 1, 0, 0
138100, 1956789, 1, 0, 0
138201, 1930411, 1, 0, 0
138301, 1858457, 1, 0, 0
138401, 1902820, 1, 0, 0
138501, 1865920, 1, 0, 0
138601, 1760028, 1, 0, 0
138700, 1810186, 1, 0, 0
138801, 1787835, 1, 0, 0
138900, 1875461, 1, 0, 0
139000, 1899465, 1, 0, 0
139100, 1763156, 1, 0, 0
139200, 1824355, 1, 0, 0
139300, 1791730, 1, 0, 0
139401, 1748730, 1, 0, 0
139500, 1789202, 1, 0, 0
139600, 1887432, 1, 0, 0
139702, 1907186, 1, 0, 0
139801, 1885632, 1, 0, 0
139900, 1817779, 1, 0, 0
140000, 1813329, 1, 0, 0
140100, 1863369, 1, 0, 0
140201, 1772281, 1, 0, 0
140301, 1732073, 1, 0, 0
140400, 1813883, 1, 0, 0
140501, 1838782, 1, 0, 0
140601, 1863938, 1, 0, 0
140700, 1849882, 1, 0, 0
140800, 1849007, 1, 0, 0
140900, 1758312, 1, 0, 0
141000, 1796307, 1, 0, 0
141101, 1847586, 1, 0, 0
141202, 1918052, 1, 0, 0
141300, 1796250, 1, 0, 0
141401, 1780927, 1, 0, 0
141500, 1886703, 1, 0, 0
141601, 1749228, 1, 0, 0
141701, 1847537, 1, 0, 0
141801, 1823356, 1, 0, 0
141901, 1803203, 1, 0, 0
142000, 1906456, 1, 0, 0
142101, 1925392, 1, 0, 0
142200, 1854068, 1, 0, 0
142301, 1900751, 1, 0, 0
142401, 1794647, 1, 0, 0
142500, 1882624, 1, 0, 0
142600, 1826294, 1, 0, 0
142700, 1727664, 1, 0, 0
142800, 1768456, 1, 0, 0
142900, 2069654, 1, 0, 0
143001, 1865689, 1, 0, 0
143101, 1858580, 1, 0, 0
143201, 1900163, 1, 0, 0
143301, 1796975, 1, 0, 0
143400, 1818284, 1, 0, 0
143502, 1995518, 1, 0, 0
143601, 1928880, 1, 0, 0
143701, 1790765, 1, 0, 0
143801, 1979737, 1, 0, 0
143900, 1768261, 1, 0, 0
144000, 1864384, 1, 0, 0
144100, 1803871, 1, 0, 0
144200, 1891525, 1, 0, 0
144301, 1812629, 1, 0, 0
144401, 1831550, 1, 0, 0
144500, 1782708, 1, 0, 0
144600, 1929336, 1, 0, 0
144700, 1733820, 1, 0, 0
144800, 1824858, 1, 0, 0
144900, 1824675, 1, 0, 0
145001, 1747194, 1, 0, 0
145100, 1825086, 1, 0, 0
145200, 1922216, 1, 0, 0
145300, 1865369, 1, 0, 0
145400, 1888802, 1, 0, 0
145501, 1725735, 1, 0, 0
145600, 1808855, 1, 0, 0
145700, 1848161, 1, 0, 0
145801, 1895830, 1, 0, 0
145901, 1952084, 1, 0, 0
146001, 1829781, 1, 0, 0
146100, 1842730, 1, 0, 0
146200, 1904764, 1, 0, 0
146301, 1915743, 1, 0, 0
146401, 1879528, 1, 0, 0
146500, 1844618, 1, 0, 0
146600, 1826195, 1, 0, 0
146700, 1799206, 1, 0, 0
146801, 1913685, 1, 0, 0
146901, 1909305, 1, 0, 0
147001, 1817387, 1, 0, 0
147101, 1796675, 1, 0, 0
147201, 1815723, 1, 0, 0
147300, 1854597, 1, 0, 0
147401, 1925966, 1, 0, 0
147500, 1806209, 1, 0, 0
147601, 1874108, 1, 0, 0
147700, 1837846, 1, 0, 0
147800, 1869208, 1, 0, 0
147901, 1881809, 1, 0, 0
148000, 1815347, 1, 0, 0
148100, 1754871, 1, 0, 0
148200, 1794652, 1, 0, 0
148301, 1805375, 1, 0, 0
148401, 1868273, 1, 0, 0
148500, 1910199, 1, 0, 0
148600, 1897063, 1, 0, 0
148701, 1916796, 1, 0, 0
148801, 1873889, 1, 0, 0
148901, 1823796, 1, 0, 0
149001, 1803619, 1, 0, 0
149101, 1868071, 1, 0, 0
149200, 1839342, 1, 0, 0
149301, 1846179, 1, 0, 0
149400, 1840519, 1, 0, 0
149501, 1814720, 1, 0, 0
149601, 1757372, 1, 0, 0
149702, 1841818, 1, 0, 0
149801, 1886296, 1, 0, 0
149901, 1721900, 1, 0, 0
150001, 1831830, 1, 0, 0
150100, 1814412, 1, 0, 0
150200, 1919139, 1, 0, 0
150301, 1795496, 1, 0, 0
150400, 1915224, 1, 0, 0
150500, 1792069, 1, 0, 0
150600, 1853926, 1, 0, 0
150700, 1775364, 1, 0, 0
150801, 1801004, 1, 0, 0
150901, 1900331, 1, 0, 0
151001, 1787233, 1, 0, 0
151101, 1704700, 1, 0, 0
151200, 1770931, 1, 0, 0
151301, 1856661, 1, 0, 0
151400, 1842328, 1, 0, 0
151500, 1815535, 1, 0, 0
151601, 1751510, 1, 0, 0
151700, 1854598, 1, 0, 0
151800, 1795383, 1, 0, 0
151901, 1766077, 1, 0, 0
152000, 1818243, 1, 0, 0
152102, 1852500, 1, 0, 0
152200, 1733991, 1, 0, 0
152301, 1903690, 1, 0, 0
152401, 1807421, 1, 0, 0
152500, 1768096, 1, 0, 0
152601, 1756385, 1, 0, 0
152700, 1736151, 1, 0, 0
152801, 1876463, 1, 0, 0
152900, 1695628, 1, 0, 0
153001, 1679276, 1, 0, 0
153100, 1687376, 1, 0, 0
153200, 1774395, 1, 0, 0
153300, 1834214, 1, 0, 0
153400, 1884696, 1, 0, 0
153500, 1840114, 1, 0, 0
153600, 1799756, 1, 0, 0
153700, 1674216, 1, 0, 0
153802, 1824934, 1, 0, 0
153901, 1915295, 1, 0, 0
154000, 1707428, 1, 0, 0
154100, 1874146, 1, 0, 0
154200, 1851472, 1, 0, 0
154300, 1769222, 1, 0, 0
154401, 1775026, 1, 0, 0
154501, 1824025, 1, 0, 0
154600, 1784358, 1, 0, 0
154701, 1805918, 1, 0, 0
154800, 1750214, 1, 0, 0
154900, 1859186, 1, 0, 0
155001, 1747762, 1, 0, 0
155100, 1821242, 1, 0, 0
155200, 1756280, 1, 0, 0
155300, 1809865, 1, 0, 0
155401, 1767501, 1, 0, 0
155501, 1796235, 1, 0, 0
155600, 1724685, 1, 0, 0
155701, 1798800, 1, 0, 0
155801, 1935402, 1, 0, 0
155901, 1762960, 1, 0, 0
156000, 1790887, 1, 0, 0
156100, 1787256, 1, 0, 0
156201, 1782485, 1, 0, 0
156300, 1879597, 1, 0, 0
156402, 1826234, 1, 0, 0
156500, 1799607, 1, 0, 0
156600, 1796973, 1, 0, 0
156702, 1826210, 1, 0, 0
156801, 1805913, 1, 0, 0
156900, 1849593, 1, 0, 0
157000, 1762058, 1, 0, 0
157100, 1825101, 1, 0, 0
157201, 1665293, 1, 0, 0
157300, 1841841, 1, 0, 0
157400, 1795046, 1, 0, 0
157500, 1871096, 1, 0, 0
157600, 1761369, 1, 0, 0
157700, 1798792, 1, 0, 0
157800, 1824870, 1, 0, 0
157900, 1824456, 1, 0, 0
158000, 1856111, 1, 0, 0
158101, 1846242, 1, 0, 0
158200, 1850176, 1, 0, 0
158300, 1753785, 1, 0, 0
158400, 1861442, 1, 0, 0
158501, 1782079, 1, 0, 0
158601, 1847486, 1, 0, 0
158700, 1740491, 1, 0, 0
158800, 1795006, 1, 0, 0
158900, 1732936, 1, 0, 0
159000, 1709095, 1, 0, 0
159100, 1854588, 1, 0, 0
159201, 1738720, 1, 0, 0
159301, 1743731, 1, 0, 0
159400, 1739847, 1, 0, 0
159501, 1710316, 1, 0, 0
159600, 1723393, 1, 0, 0
159701, 1875576, 1, 0, 0
159800, 1805090, 1, 0, 0
159900, 1805071, 1, 0, 0
160000, 1817082, 1, 0, 0
160102, 1761486, 1, 0, 0
160201, 1719363, 1, 0, 0
160300, 1919891, 1, 0, 0
160401, 1707174, 1, 0, 0
160500, 1747877, 1, 0, 0
160601, 1751766, 1, 0, 0
160700, 1778203, 1, 0, 0
160801, 1713614, 1, 0, 0
160901, 1796136, 1, 0, 0
161000, 1811930, 1, 0, 0
161101, 1783485, 1, 0, 0
161200, 1783908, 1, 0, 0
161301, 1807762, 1, 0, 0
161401, 1788038, 1, 0, 0
161500, 1694055, 1, 0, 0
161600, 1836593, 1, 0, 0
161700, 1822590, 1, 0, 0
161800, 1698052, 1, 0, 0
161900, 1877547, 1, 0, 0
162000, 1634977, 1, 0, 0
162100, 1795191, 1, 0, 0
162200, 1868278, 1, 0, 0
162301, 1904577, 1, 0, 0
162400, 1787927, 1, 0, 0
162500, 1827654, 1, 0, 0
162600, 1812112, 1, 0, 0
162700, 1770780, 1, 0, 0
162801, 1781951, 1, 0, 0
162900, 1826014, 1, 0, 0
163000, 1704253, 1, 0, 0
163100, 1747052, 1, 0, 0
163200, 1747810, 1, 0, 0
163300, 1667672, 1, 0, 0
163400, 1632378, 1, 0, 0
163500, 1779916, 1, 0, 0
163601, 1823710, 1, 0, 0
163700, 1817620, 1, 0, 0
163800, 1731769, 1, 0, 0
163900, 1701858, 1, 0, 0
164000, 1695907, 1, 0, 0
164100, 1739507, 1, 0, 0
164200, 1648500, 1, 0, 0
164300, 1702623, 1, 0, 0
164401, 1881606, 1, 0, 0
164501, 1724756, 1, 0, 0
164600, 1770496, 1, 0, 0
164700, 1765547, 1, 0, 0
164800, 1802017, 1, 0, 0
164900, 1720971, 1, 0, 0
165002, 1782538, 1, 0, 0
165100, 1780608, 1, 0, 0
165200, 1770419, 1, 0, 0
165302, 1767620, 1, 0, 0
165403, 1772572, 1, 0, 0
165502, 1747381, 1, 0, 0
165601, 1714269, 1, 0, 0
165700, 1806461, 1, 0, 0
165801, 1838571, 1, 0, 0
165901, 1737431, 1, 0, 0
166001, 1858932, 1, 0, 0
166100, 1758312, 1, 0, 0
166201, 1690484, 1, 0, 0
166300, 1807592, 1, 0, 0
166400, 1835652, 1, 0, 0
166500, 1694236, 1, 0, 0
166601, 1696069, 1, 0, 0
166701, 1751752, 1, 0, 0
166801, 1795016, 1, 0, 0
166900, 1690867, 1, 0, 0
167001, 1647057, 1, 0, 0
167100, 1770253, 1, 0, 0
167201, 1721140, 1, 0, 0
167301, 1707386, 1, 0, 0
167400, 1838482, 1, 0, 0
167501, 1748077, 1, 0, 0
167600, 1793635, 1, 0, 0
167700, 1781224, 1, 0, 0
167801, 1723428, 1, 0, 0
167900, 1725845, 1, 0, 0
168000, 1860680, 1, 0, 0
168100, 1856638, 1, 0, 0
168200, 1796997, 1, 0, 0
168301, 1821648, 1, 0, 0
168401, 1822081, 1, 0, 0
168500, 1743767, 1, 0, 0
168600, 1916219, 1, 0, 0
168700, 1660437, 1, 0, 0
168800, 1808697, 1, 0, 0
168900, 1852994, 1, 0, 0
169001, 1782863, 1, 0, 0
169100, 1683633, 1, 0, 0
169202, 1870447, 1, 0, 0
169301, 1778806, 1, 0, 0
169401, 1839297, 1, 0, 0
169500, 1951099, 1, 0, 0
169601, 1818340, 1, 0, 0
169702, 1767596, 1, 0, 0
169800, 1796873, 1, 0, 0
169900, 1770089, 1, 0, 0
170001, 1808360, 1, 0, 0
170100, 1798379, 1, 0, 0
170203, 1842600, 1, 0, 0
170300, 1843425, 1, 0, 0
170400, 1905300, 1, 0, 0
170501, 1765600, 1, 0, 0
170600, 1846845, 1, 0, 0
170700, 1763342, 1, 0, 0
170801, 1813781, 1, 0, 0
170901, 1801758, 1, 0, 0
171001, 1723393, 1, 0, 0
171100, 1726892, 1, 0, 0
171201, 1748485, 1, 0, 0
171300, 1808643, 1, 0, 0
171400, 1824119, 1, 0, 0
171500, 1793097, 1, 0, 0
171600, 1735650, 1, 0, 0
171700, 1732182, 1, 0, 0
171801, 1747996, 1, 0, 0
171901, 1765435, 1, 0, 0
172000, 1714119, 1, 0, 0
172100, 1712609, 1, 0, 0
172201, 1836815, 1, 0, 0
172300, 1720631, 1, 0, 0
172401, 1719424, 1, 0, 0
172500, 1821846, 1, 0, 0
172600, 1822624, 1, 0, 0
172701, 1669464, 1, 0, 0
172800, 1732812, 1, 0, 0
172901, 1753692, 1, 0, 0
173001, 1837530, 1, 0, 0
173101, 1752922, 1, 0, 0
173201, 1671129, 1, 0, 0
173301, 1679576, 1, 0, 0
173401, 1766890, 1, 0, 0
173500, 1804748, 1, 0, 0
173600, 1682820, 1, 0, 0
173700, 1701676, 1, 0, 0
173801, 1876163, 1, 0, 0
173901, 1773878, 1, 0, 0
174001, 1723042, 1, 0, 0
174100, 1774948, 1, 0, 0
174200, 1794200, 1, 0, 0
174301, 1812772, 1, 0, 0
174400, 1819705, 1, 0, 0
174500, 1788027, 1, 0, 0
174602, 1758776, 1, 0, 0
174701, 1779843, 1, 0, 0
174800, 1815591, 1, 0, 0
174900, 1699697, 1, 0, 0
175000, 1695775, 1, 0, 0
175100, 1793239, 1, 0, 0
175200, 1765526, 1, 0, 0
175300, 1863071, 1, 0, 0
175400, 1656657, 1, 0, 0
175500, 1661309, 1, 0, 0
175601, 1759329, 1, 0, 0
175701, 1793835, 1, 0, 0
175800, 1702176, 1, 0, 0
175901, 1691381, 1, 0, 0
176002, 1758606, 1, 0, 0
176101, 1734279, 1, 0, 0
176200, 1747927, 1, 0, 0
176301, 1715381, 1, 0, 0
176401, 1814386, 1, 0, 0
176501, 1738252, 1, 0, 0
176601, 1765742, 1, 0, 0
176700, 1680989, 1, 0, 0
176801, 1769770, 1, 0, 0
176900, 1691016, 1, 0, 0
177001, 1744443, 1, 0, 0
177100, 1714291, 1, 0, 0
177201, 1665017, 1, 0, 0
177301, 1642444, 1, 0, 0
177401, 1718518, 1, 0, 0
177500, 1748839, 1, 0, 0
177600, 1818799, 1, 0, 0
177701, 1755981, 1, 0, 0
177802, 1773263, 1, 0, 0
177900, 1794427, 1, 0, 0
178000, 1760167, 1, 0, 0
178100, 1798044, 1, 0, 0
178201, 1628624, 1, 0, 0
178300, 1810628, 1, 0, 0
178400, 1931666, 1, 0, 0
178500, 1733938, 1, 0, 0
178601, 1768336, 1, 0, 0
178700, 1750960, 1, 0, 0
178800, 1700452, 1, 0, 0
178901, 1780215, 1, 0, 0
179000, 1739336, 1, 0, 0
179101, 1837896, 1, 0, 0
179201, 1709948, 1, 0, 0
179300, 1775545, 1, 0, 0
179402, 1856342, 1, 0, 0
179500, 1806276, 1, 0, 0
179600, 1719033, 1, 0, 0
179700, 1773531, 1, 0, 0
179802, 1666912, 1, 0, 0
179901, 1751018, 1, 0, 0
180001, 1736314, 1, 0, 0
180100, 1821960, 1, 0, 0
180201, 1798382, 1, 0, 0
180301, 1694130, 1, 0, 0
180400, 1756554, 1, 0, 0
180501, 1768260, 1, 0, 0
180600, 1858271, 1, 0, 0
180700, 1661656, 1, 0, 0
180801, 1777537, 1, 0, 0
180901, 1776757, 1, 0, 0
181000, 1805158, 1, 0, 0
181100, 1781486, 1, 0, 0
181201, 1690427, 1, 0, 0
181301, 1738174, 1, 0, 0
181400, 1738737, 1, 0, 0
181501, 1779558, 1, 0, 0
181601, 1794354, 1, 0, 0
181701, 1703957, 1, 0, 0
181801, 1761462, 1, 0, 0
181900, 1846407, 1, 0, 0
182000, 1693649, 1, 0, 0
182100, 1729648, 1, 0, 0
182200, 1730687, 1, 0, 0
182301, 1686598, 1, 0, 0
182400, 1752399, 1, 0, 0
182501, 1789199, 1, 0, 0
182602, 1736714, 1, 0, 0
182701, 1844905, 1, 0, 0
182801, 1725414, 1, 0, 0
182901, 1708562, 1, 0, 0
183000, 1783661, 1, 0, 0
183101, 1718179, 1, 0, 0
183200, 1740367, 1, 0, 0
183300, 1706824, 1, 0, 0
183400, 1766560, 1, 0, 0
183500, 1929919, 1, 0, 0
183600, 1766627, 1, 0, 0
183701, 1786666, 1, 0, 0
183800, 1686866, 1, 0, 0
183901, 1804807, 1, 0, 0
184000, 1746881, 1, 0, 0
184101, 1878696, 1, 0, 0
184201, 1703261, 1, 0, 0
184301, 1785663, 1, 0, 0
184400, 1727567, 1, 0, 0
184501, 1739964, 1, 0, 0
184600, 1739468, 1, 0, 0
184702, 1798822, 1, 0, 0
184801, 1842300, 1, 0, 0
184900, 1705138, 1, 0, 0
185001, 1807698, 1, 0, 0
185101, 1811927, 1, 0, 0
185201, 1787173, 1, 0, 0
185300, 1800655, 1, 0, 0
185401, 1788501, 1, 0, 0
185501, 1696768, 1, 0, 0
185600, 1770794, 1, 0, 0
185700, 1732095, 1, 0, 0
185800, 1801366, 1, 0, 0
185901, 1773637, 1, 0, 0
186000, 1723180, 1, 0, 0
186100, 1757406, 1, 0, 0
186200, 1718738, 1, 0, 0
186301, 1780469, 1, 0, 0
186401, 1805413, 1, 0, 0
186500, 1749554, 1, 0, 0
186601, 1741287, 1, 0, 0
186701, 1698284, 1, 0, 0
186800, 1784041, 1, 0, 0
186900, 1695141, 1, 0, 0
187000, 1728107, 1, 0, 0
187100, 1688448, 1, 0, 0
187200, 1739045, 1, 0, 0
187302, 1827021, 1, 0, 0
187400, 1702658, 1, 0, 0
187501, 1690514, 1, 0, 0
187601, 1694965, 1, 0, 0
187700, 1721058, 1, 0, 0
187801, 1707838, 1, 0, 0
187900, 1692968, 1, 0, 0
188001, 1777496, 1, 0, 0
188101, 1758353, 1, 0, 0
188201, 1854918, 1, 0, 0
188300, 1717356, 1, 0, 0
188401, 1693317, 1, 0, 0
188500, 1678053, 1, 0, 0
188600, 1786632, 1, 0, 0
188700, 1778243, 1, 0, 0
188801, 1834966, 1, 0, 0
188901, 1671633, 1, 0, 0
189001, 1757901, 1, 0, 0
189101, 1709483, 1, 0, 0
189202, 1734335, 1, 0, 0
189301, 1714489, 1, 0, 0
189400, 1789866, 1, 0, 0
189501, 1744781, 1, 0, 0
189600, 1811381, 1, 0, 0
189701, 1800504, 1, 0, 0
189801, 1735324, 1, 0, 0
189902, 1781368, 1, 0, 0
190001, 1776853, 1, 0, 0
190100, 1750731, 1, 0, 0
190200, 1773192, 1, 0, 0
190300, 1738335, 1, 0, 0
190401, 1806082, 1, 0, 0
190501, 1792496, 1, 0, 0
190601, 1837565, 1, 0, 0
190700, 1812464, 1, 0, 0
190800, 1798279, 1, 0, 0
190900, 1881916, 1, 0, 0
191000, 1871594, 1, 0, 0
191102, 1795400, 1, 0, 0
191200, 1794965, 1, 0, 0
191300, 1763065, 1, 0, 0
191400, 1888736, 1, 0, 0
191501, 1809301, 1, 0, 0
191600, 1824210, 1, 0, 0
191700, 1783682, 1, 0, 0
191800, 1749466, 1, 0, 0
191900, 1788247, 1, 0, 0
192000, 1768358, 1, 0, 0
192100, 1899145, 1, 0, 0
192200, 1786551, 1, 0, 0
192300, 1823734, 1, 0, 0
192400, 1798019, 1, 0, 0
192502, 1766615, 1, 0, 0
192600, 1736834, 1, 0, 0
192701, 1814903, 1, 0, 0
192801, 1783210, 1, 0, 0
192901, 1854357, 1, 0, 0
193000, 1897278, 1, 0, 0
193101, 1713517, 1, 0, 0
193200, 1847249, 1, 0, 0
193301, 1801490, 1, 0, 0
193402, 1776370, 1, 0, 0
193500, 1730853, 1, 0, 0
193600, 1679385, 1, 0, 0
193701, 1738717, 1, 0, 0
193801, 1807055, 1, 0, 0
193901, 1785218, 1, 0, 0
194000, 1864165, 1, 0, 0
194100, 1777470, 1, 0, 0
194201, 1810108, 1, 0, 0
194300, 1849900, 1, 0, 0
194401, 1813602, 1, 0, 0
194501, 1617215, 1, 0, 0
194600, 1778206, 1, 0, 0
194700, 1788057, 1, 0, 0
194800, 1871852, 1, 0, 0
194901, 1758484, 1, 0, 0
195000, 1673893, 1, 0, 0
195100, 1688732, 1, 0, 0
195200, 1854343, 1, 0, 0
195300, 1762921, 1, 0, 0
195401, 1814453, 1, 0, 0
195500, 1728492, 1, 0, 0
195600, 1855808, 1, 0, 0
195700, 1765554, 1, 0, 0
195800, 1751680, 1, 0, 0
195900, 1755658, 1, 0, 0
196000, 1771643, 1, 0, 0
196100, 1735009, 1, 0, 0
196200, 1796896, 1, 0, 0
196301, 1772179, 1, 0, 0
196401, 1708499, 1, 0, 0
196500, 1767297, 1, 0, 0
196600, 1703142, 1, 0, 0
196700, 1747466, 1, 0, 0
196800, 1729749, 1, 0, 0
196900, 1729577, 1, 0, 0
197000, 1795386, 1, 0, 0
197101, 1885375, 1, 0, 0
197200, 1739557, 1, 0, 0
197301, 1746906, 1, 0, 0
197400, 1875004, 1, 0, 0
197500, 1880428, 1, 0, 0
197600, 1832694, 1, 0, 0
197700, 1757536, 1, 0, 0
197801, 1716237, 1, 0, 0
197901, 1681914, 1, 0, 0
198001, 1752795, 1, 0, 0
198101, 1671097, 1, 0, 0
198200, 1806716, 1, 0, 0
198301, 1742759, 1, 0, 0
198401, 1799650, 1, 0, 0
198500, 1708403, 1, 0, 0
198600, 1775400, 1, 0, 0
198700, 1822880, 1, 0, 0
198800, 1804101, 1, 0, 0
198901, 1803974, 1, 0, 0
199000, 1844316, 1, 0, 0
199101, 1841041, 1, 0, 0
199200, 1683112, 1, 0, 0
199300, 1631854, 1, 0, 0
199401, 1648829, 1, 0, 0
199500, 1777267, 1, 0, 0
199600, 1855292, 1, 0, 0
199700, 1870472, 1, 0, 0
199801, 1741792, 1, 0, 0
199900, 1745664, 1, 0, 0
200000, 1679250, 1, 0, 0
200101, 1813531, 1, 0, 0
200201, 1780172, 1, 0, 0
200302, 1878461, 1, 0, 0
200400, 1714115, 1, 0, 0
200501, 1946551, 1, 0, 0
200602, 1740751, 1, 0, 0
200700, 1760463, 1, 0, 0
200800, 1769879, 1, 0, 0
200900, 1734871, 1, 0, 0
201001, 1717679, 1, 0, 0
201100, 1654410, 1, 0, 0
201200, 1838589, 1, 0, 0
201300, 1822305, 1, 0, 0
201400, 1837027, 1, 0, 0
201501, 1741242, 1, 0, 0
201600, 1747517, 1, 0, 0
201701, 1773792, 1, 0, 0
201801, 1794465, 1, 0, 0
201901, 1728822, 1, 0, 0
202000, 1772525, 1, 0, 0
202100, 1771346, 1, 0, 0
202200, 1692955, 1, 0, 0
202300, 1766081, 1, 0, 0
202401, 1834779, 1, 0, 0
202500, 1690436, 1, 0, 0
202600, 1829441, 1, 0, 0
202700, 1788851, 1, 0, 0
202800, 1676498, 1, 0, 0
202901, 1781666, 1, 0, 0
203000, 1637734, 1, 0, 0
203100, 1795273, 1, 0, 0
203200, 1758479, 1, 0, 0
203300, 1755150, 1, 0, 0
203400, 1703116, 1, 0, 0
203502, 1731008, 1, 0, 0
203600, 1637250, 1, 0, 0
203701, 1745304, 1, 0, 0
203801, 1730106, 1, 0, 0
203900, 1662407, 1, 0, 0
204000, 1721909, 1, 0, 0
204102, 1760106, 1, 0, 0
204200, 1895039, 1, 0, 0
204302, 1796320, 1, 0, 0
204401, 1816453, 1, 0, 0
204501, 1758182, 1, 0, 0
204601, 1734797, 1, 0, 0
204700, 1747568, 1, 0, 0
204800, 1731482, 1, 0, 0
204900, 1763290, 1, 0, 0
205001, 1738416, 1, 0, 0
205100, 1680948, 1, 0, 0
205200, 1639663, 1, 0, 0
205301, 1858472, 1, 0, 0
205401, 1778111, 1, 0, 0
205501, 1739839, 1, 0, 0
205600, 1780388, 1, 0, 0
205701, 1776489, 1, 0, 0
205800, 1654111, 1, 0, 0
205900, 1740007, 1, 0, 0
206002, 1750201, 1, 0, 0
206100, 1829875, 1, 0, 0
206200, 1737216, 1, 0, 0
206300, 1857464, 1, 0, 0
206400, 1694150, 1, 0, 0
206500, 1791956, 1, 0, 0
206601, 1821541, 1, 0, 0
206700, 1742560, 1, 0, 0
206801, 1805183, 1, 0, 0
206900, 1740163, 1, 0, 0
207001, 1854538, 1, 0, 0
207100, 1803050, 1, 0, 0
207200, 1770371, 1, 0, 0
207301, 1709807, 1, 0, 0
207400, 1750722, 1, 0, 0
207500, 1762474, 1, 0, 0
207600, 1867648, 1, 0, 0
207701, 1842508, 1, 0, 0
207800, 1719291, 1, 0, 0
207900, 1855454, 1, 0, 0
208001, 1815118, 1, 0, 0
208100, 1788568, 1, 0, 0
208201, 1741626, 1, 0, 0
208302, 1722366, 1, 0, 0
208401, 1714950, 1, 0, 0
208501, 1783331, 1, 0, 0
208600, 1716587, 1, 0, 0
208700, 1766610, 1, 0, 0
208800, 1736087, 1, 0, 0
208900, 1691420, 1, 0, 0
209001, 1728665, 1, 0, 0
209101, 1937538, 1, 0, 0
209201, 1823264, 1, 0, 0
209301, 1697723, 1, 0, 0
209401, 1656633, 1, 0, 0
209500, 1841639, 1, 0, 0
209601, 1848412, 1, 0, 0
209702, 1758860, 1, 0, 0
209800, 1725418, 1, 0, 0
209901, 1913915, 1, 0, 0
210000, 1755568, 1, 0, 0
210101, 1719748, 1, 0, 0
210201, 1783449, 1, 0, 0
210300, 1745626, 1, 0, 0
210400, 1820087, 1, 0, 0
210500, 1798985, 1, 0, 0
210601, 1927703, 1, 0, 0
210701, 1723194, 1, 0, 0
210800, 1783665, 1, 0, 0
210900, 1731771, 1, 0, 0
211000, 1791718, 1, 0, 0
211101, 1776698, 1, 0, 0
211200, 1715187, 1, 0, 0
211300, 1673358, 1, 0, 0
211401, 1694168, 1, 0, 0
211500, 1750963, 1, 0, 0
211600, 1616916, 1, 0, 0
211700, 1796384, 1, 0, 0
211801, 1715600, 1, 0, 0
211900, 1802806, 1, 0, 0
212002, 1732958, 1, 0, 0
212100, 1805167, 1, 0, 0
212201, 1739662, 1, 0, 0
212300, 1738411, 1, 0, 0
212400, 1766436, 1, 0, 0
212501, 1813240, 1, 0, 0
212600, 1698897, 1, 0, 0
212701, 1835210, 1, 0, 0
212800, 1783998, 1, 0, 0
212901, 1715989, 1, 0, 0
213001, 1796074, 1, 0, 0
213101, 1691421, 1, 0, 0
213200, 1611792, 1, 0, 0
213300, 1677372, 1, 0, 0
213400, 1862869, 1, 0, 0
213500, 1640654, 1, 0, 0
213601, 1757670, 1, 0, 0
213701, 1665807, 1, 0, 0
213800, 1652851, 1, 0, 0
213900, 1674113, 1, 0, 0
214000, 1704657, 1, 0, 0
214101, 1815559, 1, 0, 0
214200, 1681399, 1, 0, 0
214302, 1727580, 1, 0, 0
214401, 1812669, 1, 0, 0
214500, 1743464, 1, 0, 0
214600, 1672409, 1, 0, 0
214701, 1691722, 1, 0, 0
214800, 1751235, 1, 0, 0
214901, 1739785, 1, 0, 0
215001, 1795133, 1, 0, 0
215101, 1770687, 1, 0, 0
215200, 1652833, 1, 0, 0
215300, 1806325, 1, 0, 0
215401, 1680606, 1, 0, 0
215500, 1838164, 1, 0, 0
215601, 1756357, 1, 0, 0
215700, 1750481, 1, 0, 0
215800, 1767446, 1, 0, 0
215901, 1882095, 1, 0, 0
216001, 1753554, 1, 0, 0
216101, 1803589, 1, 0, 0
216201, 1638066, 1, 0, 0
216301, 1738489, 1, 0, 0
216401, 1670686, 1, 0, 0
216501, 1713669, 1, 0, 0
216600, 1707472, 1, 0, 0
216701, 1746562, 1, 0, 0
216801, 1670035, 1, 0, 0
216900, 1717545, 1, 0, 0
217000, 1771322, 1, 0, 0
217100, 1754552, 1, 0, 0
217200, 1798453, 1, 0, 0
217301, 1704696, 1, 0, 0
217400, 1747712, 1, 0, 0
217501, 1679189, 1, 0, 0
217601, 1866463, 1, 0, 0
217700, 1806859, 1, 0, 0
217800, 1763321, 1, 0, 0
217901, 1631485, 1, 0, 0
218001, 1737826, 1, 0, 0
218100, 1712834, 1, 0, 0
218200, 1733103, 1, 0, 0
218301, 1774598, 1, 0, 0
218401, 1787538, 1, 0, 0
218501, 1730855, 1, 0, 0
218600, 1809776, 1, 0, 0
218701, 1777066, 1, 0, 0
218800, 1708541, 1, 0, 0
218901, 1720935, 1, 0, 0
219000, 1693902, 1, 0, 0
219100, 1724716, 1, 0, 0
219201, 1743645, 1, 0, 0
219302, 1684001, 1, 0, 0
219401, 1711180, 1, 0, 0
219500, 1775999, 1, 0, 0
219600, 1798278, 1, 0, 0
219700, 1858232, 1, 0, 0
219800, 1731573, 1, 0, 0
219900, 1825771, 1, 0, 0
220001, 1637992, 1, 0, 0
220101, 1675940, 1, 0, 0
220200, 1646032, 1, 0, 0
220301, 1779609, 1, 0, 0
220400, 1872967, 1, 0, 0
220502, 1739589, 1, 0, 0
220601, 1719301, 1, 0, 0
220700, 1713423, 1, 0, 0
220800, 1706797, 1, 0, 0
220902, 1738128, 1, 0, 0
221001, 1747850, 1, 0, 0
221100, 1753481, 1, 0, 0
221200, 1792443, 1, 0, 0
221301, 1707194, 1, 0, 0
221400, 1721341, 1, 0, 0
221500, 1695130, 1, 0, 0
221601, 1669596, 1, 0, 0
221701, 1719373, 1, 0, 0
221801, 1705288, 1, 0, 0
221901, 1757058, 1, 0, 0
222000, 1794356, 1, 0, 0
222101, 1734378, 1, 0, 0
222201, 1768980, 1, 0, 0
222300, 1848174, 1, 0, 0
222400, 1732721, 1, 0, 0
222500, 1704918, 1, 0, 0
222600, 1758844, 1, 0, 0
222700, 1784681, 1, 0, 0
222801, 1817893, 1, 0, 0
222901, 1795520, 1, 0, 0
223001, 1671204, 1, 0, 0
223100, 1672587, 1, 0, 0
223201, 1726918, 1, 0, 0
223300, 1742178, 1, 0, 0
223400, 1668215, 1, 0, 0
223500, 1763590, 1, 0, 0
223600, 1720387, 1, 0, 0
223701, 1821004, 1, 0, 0
223800, 1815715, 1, 0, 0
223900, 1698470, 1, 0, 0
224000, 1738614, 1, 0, 0
224101, 1774614, 1, 0, 0
224200, 1718800, 1, 0, 0
224301, 1681587, 1, 0, 0
224401, 1707505, 1, 0, 0
224500, 1749929, 1, 0, 0
224600, 1793716, 1, 0, 0
224700, 1781696, 1, 0, 0
224801, 1922179, 1, 0, 0
224900, 1745606, 1, 0, 0
225000, 1751446, 1, 0, 0
225102, 1734558, 1, 0, 0
225201, 1852984, 1, 0, 0
225300, 1808925, 1, 0, 0
225401, 1769426, 1, 0, 0
225500, 1852632, 1, 0, 0
225601, 1779913, 1, 0, 0
225700, 1737930, 1, 0, 0
225801, 1749579, 1, 0, 0
225900, 1753718, 1, 0, 0
226000, 1736249, 1, 0, 0
226100, 1670363, 1, 0, 0
226201, 1745719, 1, 0, 0
226301, 1760545, 1, 0, 0
226401, 1775906, 1, 0, 0
226501, 1718854, 1, 0, 0
226601, 1745745, 1, 0, 0
226701, 1693709, 1, 0, 0
226800, 1772885, 1, 0, 0
226901, 1860193, 1, 0, 0
227001, 1726494, 1, 0, 0
227101, 1822558, 1, 0, 0
227201, 1790662, 1, 0, 0
227301, 1800700, 1, 0, 0
227401, 1824057, 1, 0, 0
227501, 1798438, 1, 0, 0
227603, 1839929, 1, 0, 0
227701, 1659568, 1, 0, 0
227801, 1760251, 1, 0, 0
227901, 1682710, 1, 0, 0
228000, 1749662, 1, 0, 0
228100, 1732096, 1, 0, 0
228200, 1758193, 1, 0, 0
228301, 1686161, 1, 0, 0
228400, 1810466, 1, 0, 0
228501, 1826883, 1, 0, 0
228601, 1756601, 1, 0, 0
228701, 1762309, 1, 0, 0
228801, 1829419, 1, 0, 0
228900, 1840844, 1, 0, 0
229000, 1796216, 1, 0, 0
229100, 1800893, 1, 0, 0
229200, 1886137, 1, 0, 0
229300, 1882699, 1, 0, 0
229400, 1847996, 1, 0, 0
229500, 1830200, 1, 0, 0
229600, 1790703, 1, 0, 0
229700, 1710684, 1, 0, 0
229801, 1835272, 1, 0, 0
229901, 1796276, 1, 0, 0
230000, 1778989, 1, 0, 0
230100, 1700805, 1, 0, 0
230200, 1931035, 1, 0, 0
230302, 1673309, 1, 0, 0
230401, 1725896, 1, 0, 0
230501, 1898207, 1, 0, 0
230601, 1734054, 1, 0, 0
230700, 1799760, 1, 0, 0
230801, 1777204, 1, 0, 0
230901, 1705826, 1, 0, 0
231001, 1759411, 1, 0, 0
231101, 1856169, 1, 0, 0
231200, 1722373, 1, 0, 0
231300, 1802342, 1, 0, 0
231400, 1744521, 1, 0, 0
231500, 1826516, 1, 0, 0
231600, 1671138, 1, 0, 0
231701, 1781256, 1, 0, 0
231800, 1838782, 1, 0, 0
231901, 1847095, 1, 0, 0
232001, 1699367, 1, 0, 0
232101, 1701559, 1, 0, 0
232201, 1737256, 1, 0, 0
232300, 1708853, 1, 0, 0
232402, 1702217, 1, 0, 0
232502, 1834490, 1, 0, 0
232600, 1736925, 1, 0, 0
232701, 1914584, 1, 0, 0
232800, 1777980, 1, 0, 0
232900, 1807588, 1, 0, 0
233001, 1752064, 1, 0, 0
233101, 1762621, 1, 0, 0
233201, 1759283, 1, 0, 0
233300, 1826779, 1, 0, 0
233400, 1692591, 1, 0, 0
233501, 1803925, 1, 0, 0
233600, 1773404, 1, 0, 0
233700, 1829790, 1, 0, 0
233801, 1780931, 1, 0, 0
233900, 1854573, 1, 0, 0
234000, 1865946, 1, 0, 0
234101, 1868391, 1, 0, 0
234200, 1756579, 1, 0, 0
234300, 1824693, 1, 0, 0
234400, 1797240, 1, 0, 0
234500, 1727600, 1, 0, 0
234600, 1795152, 1, 0, 0
234700, 1790631, 1, 0, 0
234801, 1745514, 1, 0, 0
234902, 1743872, 1, 0, 0
235000, 1941975, 1, 0, 0
235100, 1732496, 1, 0, 0
235200, 1766353, 1, 0, 0
235300, 1810424, 1, 0, 0
235401, 1757489, 1, 0, 0
235502, 1780018, 1, 0, 0
235600, 1767959, 1, 0, 0
235701, 1677111, 1, 0, 0
235801, 1867567, 1, 0, 0
235900, 1710599, 1, 0, 0
236001, 1743991, 1, 0, 0
236100, 1853058, 1, 0, 0
236200, 1725412, 1, 0, 0
236300, 1790510, 1, 0, 0
236400, 1806434, 1, 0, 0
236500, 1794340, 1, 0, 0
236602, 1783136, 1, 0, 0
236700, 1726416, 1, 0, 0
236800, 1870297, 1, 0, 0
236900, 1862197, 1, 0, 0
237001, 1783469, 1, 0, 0
237101, 1750838, 1, 0, 0
237201, 1769451, 1, 0, 0
237300, 1706388, 1, 0, 0
237400, 1798889, 1, 0, 0
237500, 1824395, 1, 0, 0
237600, 1734806, 1, 0, 0
237701, 1692001, 1, 0, 0
237800, 1725221, 1, 0, 0
237900, 1859371, 1, 0, 0
238001, 1773976, 1, 0, 0
238100, 1752977, 1, 0, 0
238200, 1673335, 1, 0, 0
238301, 1802772, 1, 0, 0
238400, 1784147, 1, 0, 0
238501, 1991746, 1, 0, 0
238600, 1855970, 1, 0, 0
238701, 1709153, 1, 0, 0
238801, 1795083, 1, 0, 0
238900, 1740675, 1, 0, 0
239002, 1798581, 1, 0, 0
239100, 1735057, 1, 0, 0
239200, 1891831, 1, 0, 0
239301, 1720660, 1, 0, 0
239402, 1812294, 1, 0, 0
239501, 1719262, 1, 0, 0
239601, 1705950, 1, 0, 0
239700, 1845270, 1, 0, 0
239802, 1722945, 1, 0, 0
239902, 1702135, 1, 0, 0
240001, 1687510, 1, 0, 0
240100, 1748889, 1, 0, 0
240201, 1708987, 1, 0, 0
240301, 1761719, 1, 0, 0
240400, 1766761, 1, 0, 0
240500, 1785074, 1, 0, 0
240601, 1817700, 1, 0, 0
240700, 1733469, 1, 0, 0
240800, 1806446, 1, 0, 0
240901, 1805550, 1, 0, 0
241000, 1880948, 1, 0, 0
241100, 1770436, 1, 0, 0
241201, 1769352, 1, 0, 0
241301, 1774103, 1, 0, 0
241400, 1845458, 1, 0, 0
241500, 1824958, 1, 0, 0
241600, 1865959, 1, 0, 0
241701, 1737980, 1, 0, 0
241800, 1753869, 1, 0, 0
241901, 1740277, 1, 0, 0
242000, 1779672, 1, 0, 0
242101, 1847645, 1, 0, 0
242200, 1738029, 1, 0, 0
242301, 1913566, 1, 0, 0
242400, 1854127, 1, 0, 0
242500, 1764878, 1, 0, 0
242600, 1788623, 1, 0, 0
242700, 1788743, 1, 0, 0
242801, 1748062, 1, 0, 0
242901, 1700330, 1, 0, 0
243001, 1674659, 1, 0, 0
243100, 1783241, 1, 0, 0
243200, 1707911, 1, 0, 0
243300, 1759226, 1, 0, 0
243400, 1726390, 1, 0, 0
243500, 1758871, 1, 0, 0
243601, 1689178, 1, 0, 0
243701, 1838309, 1, 0, 0
243800, 1785262, 1, 0, 0
243901, 1660818, 1, 0, 0
244000, 1763586, 1, 0, 0
244102, 1832600, 1, 0, 0
244200, 1694867, 1, 0, 0
244301, 1787494, 1, 0, 0
244401, 1833222, 1, 0, 0
244500, 1783223, 1, 0, 0
244600, 1957987, 1, 0, 0
244701, 1879647, 1, 0, 0
244800, 1789689, 1, 0, 0
244901, 1710775, 1, 0, 0
245002, 1799929, 1, 0, 0
245102, 1821501, 1, 0, 0
245201, 1687168, 1, 0, 0
245300, 1848912, 1, 0, 0
245401, 1878069, 1, 0, 0
245501, 1864851, 1, 0, 0
245600, 1752966, 1, 0, 0
245701, 1784575, 1, 0, 0
245801, 1928266, 1, 0, 0
245900, 1787677, 1, 0, 0
246001, 1867616, 1, 0, 0
246100, 1774336, 1, 0, 0
246200, 1806262, 1, 0, 0
246301, 1886020, 1, 0, 0
246400, 1888115, 1, 0, 0
246502, 1819668, 1, 0, 0
246600, 1700744, 1, 0, 0
246700, 1845510, 1, 0, 0
246800, 1824603, 1, 0, 0
246900, 1792903, 1, 0, 0
247000, 1730565, 1, 0, 0
247100, 1836260, 1, 0, 0
247200, 1730399, 1, 0, 0
247301, 1809121, 1, 0, 0
247401, 1696491, 1, 0, 0
247501, 1828001, 1, 0, 0
247600, 1788168, 1, 0, 0
247700, 1760766, 1, 0, 0
247801, 1744014, 1, 0, 0
247900, 1814368, 1, 0, 0
248000, 1683213, 1, 0, 0
248100, 1799152, 1, 0, 0
248202, 1790308, 1, 0, 0
248300, 1793574, 1, 0, 0
248400, 1791283, 1, 0, 0
248500, 1765072, 1, 0, 0
248601, 1725082, 1, 0, 0
248701, 1705152, 1, 0, 0
248800, 1776574, 1, 0, 0
248900, 1800411, 1, 0, 0
249001, 1909978, 1, 0, 0
249100, 1725234, 1, 0, 0
249200, 1786227, 1, 0, 0
249300, 1772557, 1, 0, 0
249400, 1816805, 1, 0, 0
249500, 1770723, 1, 0, 0
249600, 1705686, 1, 0, 0
249701, 1626227, 1, 0, 0
249800, 1787901, 1, 0, 0
249900, 1746112, 1, 0, 0
250000, 1806176, 1, 0, 0
250101, 1985451, 1, 0, 0
250201, 1824336, 1, 0, 0
250300, 1853048, 1, 0, 0
250400, 1689433, 1, 0, 0
250501, 1824804, 1, 0, 0
250601, 1889002, 1, 0, 0
250700, 1831227, 1, 0, 0
250800, 1778943, 1, 0, 0
250901, 1778023, 1, 0, 0
251001, 1733671, 1, 0, 0
251100, 1739595, 1, 0, 0
251200, 1648417, 1, 0, 0
251301, 1716604, 1, 0, 0
251401, 1726577, 1, 0, 0
251500, 1693322, 1, 0, 0
251600, 1660121, 1, 0, 0
251700, 1792508, 1, 0, 0
251800, 1798713, 1, 0, 0
251900, 1758671, 1, 0, 0
252000, 1763743, 1, 0, 0
252101, 1740842, 1, 0, 0
252201, 1827888, 1, 0, 0
252301, 1791155, 1, 0, 0
252400, 1852870, 1, 0, 0
252501, 1681321, 1, 0, 0
252600, 1788577, 1, 0, 0
252700, 1794086, 1, 0, 0
252800, 1720814, 1, 0, 0
252900, 1793314, 1, 0, 0
253001, 1721926, 1, 0, 0
253101, 1787825, 1, 0, 0
253201, 1708004, 1, 0, 0
253301, 1857482, 1, 0, 0
253400, 1787593, 1, 0, 0
253500, 1859466, 1, 0, 0
253600, 1722200, 1, 0, 0
253701, 1743541, 1, 0, 0
253800, 1653226, 1, 0, 0
253900, 1708447, 1, 0, 0
254000, 1733650, 1, 0, 0
254101, 1803258, 1, 0, 0
254201, 1738004, 1, 0, 0
254301, 1763528, 1, 0, 0
254401, 1757070, 1, 0, 0
254501, 1854567, 1, 0, 0
254602, 1773801, 1, 0, 0
254700, 1694090, 1, 0, 0
254801, 1782999, 1, 0, 0
254900, 1811778, 1, 0, 0
255000, 1803980, 1, 0, 0
255100, 1923982, 1, 0, 0
255200, 1743617, 1, 0, 0
255300, 1783519, 1, 0, 0
255402, 1866284, 1, 0, 0
255500, 1828093, 1, 0, 0
255600, 1738946, 1, 0, 0
255703, 1804794, 1, 0, 0
255800, 1688977, 1, 0, 0
255900, 1929717, 1, 0, 0
256000, 1825552, 1, 0, 0
256103, 1876572, 1, 0, 0
256201, 1699158, 1, 0, 0
256300, 1876485, 1, 0, 0
256401, 1878814, 1, 0, 0
256501, 1791957, 1, 0, 0
256600, 1815659, 1, 0, 0
256701, 1765194, 1, 0, 0
256800, 1743641, 1, 0, 0
256900, 1854960, 1, 0, 0
257000, 1808335, 1, 0, 0
257101, 1869340, 1, 0, 0
257200, 1849040, 1, 0, 0
257300, 1830646, 1, 0, 0
257401, 1800584, 1, 0, 0
257501, 2050176, 1, 0, 0
257600, 1776711, 1, 0, 0
257700, 1769247, 1, 0, 0
257800, 1729232, 1, 0, 0
257900, 1882673, 1, 0, 0
258000, 1763979, 1, 0, 0
258100, 1796040, 1, 0, 0
258201, 1809290, 1, 0, 0
258300, 1870013, 1, 0, 0
258402, 1731018, 1, 0, 0
258501, 1840500, 1, 0, 0
258601, 1900827, 1, 0, 0
258700, 1916228, 1, 0, 0
258800, 1768917, 1, 0, 0
258901, 1783842, 1, 0, 0
259000, 1879509, 1, 0, 0
259100, 1697383, 1, 0, 0
259202, 1822616, 1, 0, 0
259301, 1812651, 1, 0, 0
259401, 1860745, 1, 0, 0
259500, 1883458, 1, 0, 0
259601, 1902833, 1, 0, 0
259700, 1774472, 1, 0, 0
259800, 1844808, 1, 0, 0
259900, 1730294, 1, 0, 0
260001, 1710123, 1, 0, 0
260102, 1750595, 1, 0, 0
260201, 1815355, 1, 0, 0
260301, 1834286, 1, 0, 0
260401, 1846971, 1, 0, 0
260500, 1801158, 1, 0, 0
260600, 1864930, 1, 0, 0
260701, 1811701, 1, 0, 0
260801, 1820875, 1, 0, 0
260900, 1818786, 1, 0, 0
261000, 1855287, 1, 0, 0
261101, 1881324, 1, 0, 0
261200, 1768970, 1, 0, 0
261301, 1856337, 1, 0, 0
261401, 1756359, 1, 0, 0
261500, 1776612, 1, 0, 0
261600, 1787786, 1, 0, 0
261701, 1847066, 1, 0, 0
261800, 1783461, 1, 0, 0
261900, 1833703, 1, 0, 0
262001, 1868173, 1, 0, 0
262100, 1752170, 1, 0, 0
262200, 1795351, 1, 0, 0
262300, 1781403, 1, 0, 0
262401, 1698809, 1, 0, 0
262500, 1847975, 1, 0, 0
262601, 1716387, 1, 0, 0
262701, 1831502, 1, 0, 0
262800, 1805357, 1, 0, 0
262900, 1704566, 1, 0, 0
263000, 1843370, 1, 0, 0
263100, 1854735, 1, 0, 0
263200, 1801169, 1, 0, 0
263301, 1799790, 1, 0, 0
263401, 1768861, 1, 0, 0
263501, 1754233, 1, 0, 0
263600, 1784295, 1, 0, 0
263701, 1780484, 1, 0, 0
263800, 1738646, 1, 0, 0
263900, 1770501, 1, 0, 0
264001, 1771715, 1, 0, 0
264101, 1831778, 1, 0, 0
264201, 1730034, 1, 0, 0
264303, 1824803, 1, 0, 0
264400, 1708812, 1, 0, 0
264501, 1718888, 1, 0, 0
264600, 1956665, 1, 0, 0
264700, 1730886, 1, 0, 0
264801, 1799224, 1, 0, 0
264901, 1829501, 1, 0, 0
265000, 1760531, 1, 0, 0
265100, 1830568, 1, 0, 0
265201, 1799646, 1, 0, 0
265300, 1787810, 1, 0, 0
265401, 1772438, 1, 0, 0
265500, 1856968, 1, 0, 0
265601, 1807810, 1, 0, 0
265700, 1878991, 1, 0, 0
265800, 1856623, 1, 0, 0
265901, 1780105, 1, 0, 0
266001, 1774583, 1, 0, 0
266100, 1783410, 1, 0, 0
266200, 1729799, 1, 0, 0
266300, 1783537, 1, 0, 0
266401, 1759049, 1, 0, 0
266500, 1745429, 1, 0, 0
266600, 1786833, 1, 0, 0
266701, 1850900, 1, 0, 0
266800, 1742379, 1, 0, 0
266901, 1723787, 1, 0, 0
267002, 1774301, 1, 0, 0
267101, 1851799, 1, 0, 0
267201, 1737168, 1, 0, 0
267300, 1700549, 1, 0, 0
267401, 1850726, 1, 0, 0
267500, 1814917, 1, 0, 0
267600, 1787013, 1, 0, 0
267700, 1792755, 1, 0, 0
267800, 1836518, 1, 0, 0
267900, 1730780, 1, 0, 0
268000, 1719216, 1, 0, 0
268100, 1786766, 1, 0, 0
268201, 1748154, 1, 0, 0
268300, 1842596, 1, 0, 0
268402, 1795834, 1, 0, 0
268501, 1742248, 1, 0, 0
268601, 1677053, 1, 0, 0
268700, 1908525, 1, 0, 0
268801, 1816036, 1, 0, 0
268901, 1790399, 1, 0, 0
269000, 1682233, 1, 0, 0
269101, 1745375, 1, 0, 0
269201, 1791545, 1, 0, 0
269300, 1721917, 1, 0, 0
269400, 1724449, 1, 0, 0
269500, 1759035, 1, 0, 0
269602, 1729878, 1, 0, 0
269702, 1761420, 1, 0, 0
269802, 1788834, 1, 0, 0
269901, 1817378, 1, 0, 0
270001, 1754422, 1, 0, 0
270100, 1689960, 1, 0, 0
270200, 1708786, 1, 0, 0
270300, 1766520, 1, 0, 0
270400, 1796969, 1, 0, 0
270501, 1810259, 1, 0, 0
270600, 1804028, 1, 0, 0
270700, 1668885, 1, 0, 0
270800, 1793965, 1, 0, 0
270901, 1717352, 1, 0, 0
271001, 1755140, 1, 0, 0
271100, 1711821, 1, 0, 0
271201, 1749749, 1, 0, 0
271300, 1699373, 1, 0, 0
271400, 1747929, 1, 0, 0
271500, 1808221, 1, 0, 0
271601, 1713401, 1, 0, 0
271700, 1741904, 1, 0, 0
271802, 1801787, 1, 0, 0
271901, 1713478, 1, 0, 0
272000, 1719798, 1, 0, 0
272100, 1789218, 1, 0, 0
272200, 1942208, 1, 0, 0
272300, 1787814, 1, 0, 0
272400, 1835515, 1, 0, 0
272500, 1765979, 1, 0, 0
272601, 1739433, 1, 0, 0
272701, 1766613, 1, 0, 0
272800, 1776056, 1, 0, 0
272900, 1796187, 1, 0, 0
273000, 1857590, 1, 0, 0
273100, 1756736, 1, 0, 0
273200, 1674657, 1, 0, 0
273300, 1735227, 1, 0, 0
273400, 1745298, 1, 0, 0
273500, 1763288, 1, 0, 0
273600, 1765393, 1, 0, 0
273700, 1737323, 1, 0, 0
273800, 1811247, 1, 0, 0
273900, 1746343, 1, 0, 0
274002, 1703246, 1, 0, 0
274100, 1789551, 1, 0, 0
274201, 1802488, 1, 0, 0
274301, 1947289, 1, 0, 0
274400, 1737976, 1, 0, 0
274500, 1727438, 1, 0, 0
274600, 1858304, 1, 0, 0
274700, 1766173, 1, 0, 0
274800, 1865568, 1, 0, 0
274900, 1672565, 1, 0, 0
275000, 1796310, 1, 0, 0
275100, 1704683, 1, 0, 0
275201, 1779964, 1, 0, 0
275300, 1845552, 1, 0, 0
275401, 1838228, 1, 0, 0
275501, 1835610, 1, 0, 0
275601, 1753805, 1, 0, 0
275701, 1865178, 1, 0, 0
275800, 1757696, 1, 0, 0
275900, 1785777, 1, 0, 0
276000, 1700411, 1, 0, 0
276100, 1709898, 1, 0, 0
276200, 1640860, 1, 0, 0
276300, 1707590, 1, 0, 0
276401, 1871415, 1, 0, 0
276500, 1792041, 1, 0, 0
276600, 1698762, 1, 0, 0
276700, 1729642, 1, 0, 0
276800, 1834460, 1, 0, 0
276901, 1779943, 1, 0, 0
277000, 1814763, 1, 0, 0
277100, 1762051, 1, 0, 0
277201, 1740681, 1, 0, 0
277300, 1846561, 1, 0, 0
277401, 1766336, 1, 0, 0
277500, 1662946, 1, 0, 0
277600, 1829418, 1, 0, 0
277700, 1753232, 1, 0, 0
277800, 1742259, 1, 0, 0
277901, 1692761, 1, 0, 0
278000, 1705032, 1, 0, 0
278100, 1730610, 1, 0, 0
278200, 1769613, 1, 0, 0
278300, 1859983, 1, 0, 0
278400, 1706001, 1, 0, 0
278500, 1758638, 1, 0, 0
278601, 1624840, 1, 0, 0
278700, 1804397, 1, 0, 0
278800, 1734288, 1, 0, 0
278900, 1790473, 1, 0, 0
279000, 1754902, 1, 0, 0
279101, 1783825, 1, 0, 0
279202, 1788431, 1, 0, 0
279301, 1737712, 1, 0, 0
279400, 1745949, 1, 0, 0
279501, 1739744, 1, 0, 0
279600, 1821021, 1, 0, 0
279701, 1843225, 1, 0, 0
279801, 1796037, 1, 0, 0
279901, 1758185, 1, 0, 0
280001, 1805609, 1, 0, 0
280100, 1805161, 1, 0, 0
280201, 1788834, 1, 0, 0
280301, 1850284, 1, 0, 0
280400, 1788924, 1, 0, 0
280500, 1756739, 1, 0, 0
280602, 1764515, 1, 0, 0
280700, 1769159, 1, 0, 0
280801, 1832021, 1, 0, 0
280901, 1805967, 1, 0, 0
281001, 1764007, 1, 0, 0
281101, 1696998, 1, 0, 0
281200, 1752485, 1, 0, 0
281300, 1754780, 1, 0, 0
281400, 1822469, 1, 0, 0
281500, 1761775, 1, 0, 0
281600, 1709877, 1, 0, 0
281701, 1768982, 1, 0, 0
281802, 1851330, 1, 0, 0
281900, 1703425, 1, 0, 0
282000, 1683531, 1, 0, 0
282101, 1804717, 1, 0, 0
282201, 1801421, 1, 0, 0
282300, 1768757, 1, 0, 0
282401, 1821661, 1, 0, 0
282500, 1813528, 1, 0, 0
282601, 1746449, 1, 0, 0
282700, 1763500, 1, 0, 0
282800, 1768187, 1, 0, 0
282901, 1811788, 1, 0, 0
283001, 1753995, 1, 0, 0
283100, 1748211, 1, 0, 0
283200, 1794309, 1, 0, 0
283300, 1940841, 1, 0, 0
283400, 1771760, 1, 0, 0
283500, 1899317, 1, 0, 0
283601, 1773673, 1, 0, 0
283700, 1767555, 1, 0, 0
283800, 1772628, 1, 0, 0
283901, 1711588, 1, 0, 0
284001, 1695865, 1, 0, 0
284100, 1718546, 1, 0, 0
284201, 1743695, 1, 0, 0
284300, 1692301, 1, 0, 0
284401, 1680723, 1, 0, 0
284500, 1780070, 1, 0, 0
284601, 1624794, 1, 0, 0
284701, 1894825, 1, 0, 0
284801, 1672961, 1, 0, 0
284901, 1797451, 1, 0, 0
285001, 1795594, 1, 0, 0
285100, 1706664, 1, 0, 0
285200, 1860790, 1, 0, 0
285301, 1809135, 1, 0, 0
285400, 1696049, 1, 0, 0
285501, 1799758, 1, 0, 0
285600, 1785008, 1, 0, 0
285700, 1783460, 1, 0, 0
285802, 1759388, 1, 0, 0
285900, 1766930, 1, 0, 0
286000, 1825355, 1, 0, 0
286100, 1713550, 1, 0, 0
286200, 1760762, 1, 0, 0
286301, 1760659, 1, 0, 0
286400, 1838506, 1, 0, 0
286500, 1798021, 1, 0, 0
286600, 1767756, 1, 0, 0
286701, 1834422, 1, 0, 0
286801, 1820360, 1, 0, 0
286901, 1737385, 1, 0, 0
287001, 1757999, 1, 0, 0
287100, 1718040, 1, 0, 0
287201, 1840338, 1, 0, 0
287300, 1653905, 1, 0, 0
287400, 1728715, 1, 0, 0
287500, 1764057, 1, 0, 0
287601, 1661522, 1, 0, 0
287701, 1687227, 1, 0, 0
287800, 1715263, 1, 0, 0
287901, 1752447, 1, 0, 0
288000, 1744379, 1, 0, 0
288100, 1799915, 1, 0, 0
288200, 1699988, 1, 0, 0
288301, 1686442, 1, 0, 0
288400, 1691106, 1, 0, 0
288500, 1696130, 1, 0, 0
288600, 1787449, 1, 0, 0
288700, 1798957, 1, 0, 0
288801, 1840935, 1, 0, 0
288901, 1678804, 1, 0, 0
289000, 1702187, 1, 0, 0
289100, 1703280, 1, 0, 0
289200, 1805429, 1, 0, 0
289301, 1796674, 1, 0, 0
289400, 1809468, 1, 0, 0
289500, 1706312, 1, 0, 0
289600, 1770676, 1, 0, 0
289700, 1787257, 1, 0, 0
289801, 1738797, 1, 0, 0
289900, 1709367, 1, 0, 0
290002, 1676408, 1, 0, 0
290101, 1657145, 1, 0, 0
290200, 1747476, 1, 0, 0
290301, 1718175, 1, 0, 0
290401, 1836121, 1, 0, 0
290500, 1838370, 1, 0, 0
290600, 1758540, 1, 0, 0
290701, 1756283, 1, 0, 0
290801, 1649308, 1, 0, 0
290901, 1684126, 1, 0, 0
291000, 1734954, 1, 0, 0
291101, 1655589, 1, 0, 0
291201, 1766673, 1, 0, 0
291300, 1751351, 1, 0, 0
291402, 1855470, 1, 0, 0
291500, 1819774, 1, 0, 0
291600, 1736356, 1, 0, 0
291701, 1743824, 1, 0, 0
291800, 1781889, 1, 0, 0
291901, 1611399, 1, 0, 0
292000, 1717546, 1, 0, 0
292101, 1637300, 1, 0, 0
292200, 1814011, 1, 0, 0
292301, 1801272, 1, 0, 0
292401, 1617315, 1, 0, 0
292501, 1799080, 1, 0, 0
292600, 1911996, 1, 0, 0
292701, 1713317, 1, 0, 0
292800, 1745378, 1, 0, 0
292901, 1693501, 1, 0, 0
293001, 1878056, 1, 0, 0
293101, 1671658, 1, 0, 0
293200, 1780888, 1, 0, 0
293301, 1766696, 1, 0, 0
293401, 1699393, 1, 0, 0
293501, 1740249, 1, 0, 0
293601, 1801361, 1, 0, 0
293700, 1799098, 1, 0, 0
293800, 1732678, 1, 0, 0
293900, 1734804, 1, 0, 0
294000, 1802304, 1, 0, 0
294102, 1740359, 1, 0, 0
294201, 1803154, 1, 0, 0
294300, 1715244, 1, 0, 0
294401, 1781556, 1, 0, 0
294500, 1682459, 1, 0, 0
294600, 1743287, 1, 0, 0
294700, 1781869, 1, 0, 0
294800, 1853525, 1, 0, 0
294901, 1789254, 1, 0, 0
295000, 1686302, 1, 0, 0
295100, 1759320, 1, 0, 0
295200, 1701949, 1, 0, 0
295302, 1832204, 1, 0, 0
295400, 1763085, 1, 0, 0
295501, 1845611, 1, 0, 0
295601, 1769242, 1, 0, 0
295700, 1804634, 1, 0, 0
295801, 1716783, 1, 0, 0
295900, 1724821, 1, 0, 0
296000, 1819085, 1, 0, 0
296100, 1701918, 1, 0, 0
296200, 1741118, 1, 0, 0
296300, 1754381, 1, 0, 0
296402, 1733025, 1, 0, 0
296501, 1751992, 1, 0, 0
296601, 1829227, 1, 0, 0
296702, 1777069, 1, 0, 0
296800, 1752583, 1, 0, 0
296901, 1788251, 1, 0, 0
297000, 1711463, 1, 0, 0
297101, 1845728, 1, 0, 0
297200, 1809729, 1, 0, 0
297300, 1839645, 1, 0, 0
297400, 1721976, 1, 0, 0
297500, 1856634, 1, 0, 0
297600, 1828455, 1, 0, 0
297701, 1880063, 1, 0, 0
297800, 1785368, 1, 0, 0
297900, 1701001, 1, 0, 0
298000, 1869756, 1, 0, 0
298100, 1933592, 1, 0, 0
298200, 1737201, 1, 0, 0
298301, 1776423, 1, 0, 0
298401, 1758578, 1, 0, 0
298502, 1917869, 1, 0, 0
298600, 1874462, 1, 0, 0
298700, 1781078, 1, 0, 0
298802, 1735920, 1, 0, 0
298901, 1851686, 1, 0, 0
299001, 1821405, 1, 0, 0
299101, 1806478, 1, 0, 0
299201, 1856030, 1, 0, 0
299301, 1826269, 1, 0, 0
299400, 1925626, 1, 0, 0
299500, 1758691, 1, 0, 0
299601, 1843063, 1, 0, 0
299701, 1859240, 1, 0, 0
299801, 1821279, 1, 0, 0
299900, 1721414, 1, 0, 0
300000, 1799453, 1, 0, 0
300101, 1805866, 1, 0, 0
300201, 1757705, 1, 0, 0
300300, 1773136, 1, 0, 0
300400, 1828792, 1, 0, 0
300501, 1731265, 1, 0, 0
300600, 1760998, 1, 0, 0
300700, 1744390, 1, 0, 0
300801, 1744189, 1, 0, 0
300901, 1677798, 1, 0, 0
301001, 1811251, 1, 0, 0
301100, 1754951, 1, 0, 0
301200, 1756650, 1, 0, 0
301300, 1873789, 1, 0, 0
301400, 1750539, 1, 0, 0
301500, 1812140, 1, 0, 0
301600, 1665016, 1, 0, 0
301700, 1762186, 1, 0, 0
301801, 1686334, 1, 0, 0
301902, 1773906, 1, 0, 0
302000, 1678826, 1, 0, 0
302101, 1780371, 1, 0, 0
302201, 1860495, 1, 0, 0
302300, 1683500, 1, 0, 0
302401, 1780877, 1, 0, 0
302500, 1749645, 1, 0, 0
302600, 1824641, 1, 0, 0
302700, 1730541, 1, 0, 0
302800, 1732985, 1, 0, 0
302900, 1794917, 1, 0, 0
303001, 1741594, 1, 0, 0
303101, 1641390, 1, 0, 0
303200, 1770126, 1, 0, 0
303300, 1805455, 1, 0, 0
303400, 1733444, 1, 0, 0
303501, 1776590, 1, 0, 0
303600, 1881145, 1, 0, 0
303701, 1787198, 1, 0, 0
303800, 1914806, 1, 0, 0
303900, 1754772, 1, 0, 0
304000, 1744698, 1, 0, 0
304101, 1716490, 1, 0, 0
304201, 1832398, 1, 0, 0
304301, 1705171, 1, 0, 0
304403, 1828701, 1, 0, 0
304501, 1847163, 1, 0, 0
304601, 1799089, 1, 0, 0
304700, 1855375, 1, 0, 0
304800, 1791234, 1, 0, 0
304901, 1749645, 1, 0, 0
305002, 1886956, 1, 0, 0
305100, 1800368, 1, 0, 0
305200, 1798443, 1, 0, 0
305301, 1769014, 1, 0, 0
305401, 1902658, 1, 0, 0
305501, 1876339, 1, 0, 0
305600, 1704369, 1, 0, 0
305700, 1768116, 1, 0, 0
305800, 1721848, 1, 0, 0
305900, 1729335, 1, 0, 0
306001, 1753569, 1, 0, 0
306101, 1732876, 1, 0, 0
306201, 1874835, 1, 0, 0
306300, 1733070, 1, 0, 0
306401, 1752643, 1, 0, 0
306501, 1709802, 1, 0, 0
306600, 1678876, 1, 0, 0
306700, 1832957, 1, 0, 0
306800, 1887232, 1, 0, 0
306901, 1723387, 1, 0, 0
307000, 1717975, 1, 0, 0
307100, 1800913, 1, 0, 0
307200, 1721512, 1, 0, 0
307301, 1803246, 1, 0, 0
307400, 1809413, 1, 0, 0
307501, 1712925, 1, 0, 0
307600, 1723958, 1, 0, 0
307700, 1824114, 1, 0, 0
307801, 1780103, 1, 0, 0
307900, 1688665, 1, 0, 0
308002, 1757955, 1, 0, 0
308100, 1681207, 1, 0, 0
308200, 1791771, 1, 0, 0
308301, 1846590, 1, 0, 0
308400, 1683352, 1, 0, 0
308501, 1675820, 1, 0, 0
308600, 1708269, 1, 0, 0
308700, 1665569, 1, 0, 0
308800, 1758538, 1, 0, 0
308900, 1702842, 1, 0, 0
309001, 1640650, 1, 0, 0
309100, 1782446, 1, 0, 0
309200, 1687062, 1, 0, 0
309300, 1742095, 1, 0, 0
309401, 1820102, 1, 0, 0
309500, 1676412, 1, 0, 0
309600, 1674321, 1, 0, 0
309700, 1693993, 1, 0, 0
309800, 1667515, 1, 0, 0
309901, 1694044, 1, 0, 0
310000, 1686530, 1, 0, 0
310100, 1804738, 1, 0, 0
310200, 1694891, 1, 0, 0
310300, 1821495, 1, 0, 0
310400, 1684664, 1, 0, 0
310501, 1688020, 1, 0, 0
310602, 1810927, 1, 0, 0
310700, 1716568, 1, 0, 0
310800, 1811423, 1, 0, 0
310900, 1887214, 1, 0, 0
311001, 1691967, 1, 0, 0
311100, 1745817, 1, 0, 0
311201, 1747734, 1, 0, 0
311301, 1599632, 1, 0, 0
311400, 1813176, 1, 0, 0
311501, 1709108, 1, 0, 0
311601, 1833087, 1, 0, 0
311700, 1753821, 1, 0, 0
311800, 1897617, 1, 0, 0
311900, 1767833, 1, 0, 0
312000, 1749611, 1, 0, 0
312101, 1723962, 1, 0, 0
312201, 1803725, 1, 0, 0
312300, 1747428, 1, 0, 0
312401, 1818577, 1, 0, 0
312500, 1688002, 1, 0, 0
312601, 1725794, 1, 0, 0
312700, 1737052, 1, 0, 0
312800, 1727041, 1, 0, 0
312900, 1750325, 1, 0, 0
313000, 1711255, 1, 0, 0
313100, 1629993, 1, 0, 0
313201, 1706924, 1, 0, 0
313301, 1901269, 1, 0, 0
313400, 1806622, 1, 0, 0
313500, 1795093, 1, 0, 0
313602, 1824853, 1, 0, 0
313700, 1763291, 1, 0, 0
313801, 1844773, 1, 0, 0
313901, 1790976, 1, 0, 0
314002, 1746284, 1, 0, 0
314100, 1705370, 1, 0, 0
314201, 1712797, 1, 0, 0
314300, 1692096, 1, 0, 0
314401, 1773981, 1, 0, 0
314500, 1723136, 1, 0, 0
314600, 1791170, 1, 0, 0
314700, 1828845, 1, 0, 0
314801, 1754659, 1, 0, 0
314900, 1837491, 1, 0, 0
315000, 1734524, 1, 0, 0
315100, 1699773, 1, 0, 0
315200, 1694450, 1, 0, 0
315301, 1748996, 1, 0, 0
315401, 1904398, 1, 0, 0
315500, 1685283, 1, 0, 0
315603, 1767972, 1, 0, 0
315700, 1844160, 1, 0, 0
315802, 1832876, 1, 0, 0
315900, 1826779, 1, 0, 0
316000, 1736256, 1, 0, 0
316100, 1765052, 1, 0, 0
316200, 1657504, 1, 0, 0
316301, 1814397, 1, 0, 0
316401, 1759460, 1, 0, 0
316501, 1694123, 1, 0, 0
316602, 1689949, 1, 0, 0
316700, 1790589, 1, 0, 0
316801, 1779384, 1, 0, 0
316901, 1825457, 1, 0, 0
317002, 1751389, 1, 0, 0
317101, 1869006, 1, 0, 0
317200, 1777704, 1, 0, 0
317301, 1683451, 1, 0, 0
317400, 1747164, 1, 0, 0
317500, 1709976, 1, 0, 0
317600, 1792152, 1, 0, 0
317700, 1896712, 1, 0, 0
317802, 1752292, 1, 0, 0
317901, 1792156, 1, 0, 0
318001, 1892487, 1, 0, 0
318101, 1786530, 1, 0, 0
318200, 1817244, 1, 0, 0
318302, 1787828, 1, 0, 0
318401, 1747858, 1, 0, 0
318501, 1971470, 1, 0, 0
318600, 1758742, 1, 0, 0
318700, 1764532, 1, 0, 0
318800, 1827161, 1, 0, 0
318900, 1749697, 1, 0, 0
319000, 1871797, 1, 0, 0
319100, 1891568, 1, 0, 0
319201, 1773265, 1, 0, 0
319300, 1754482, 1, 0, 0
319400, 1736657, 1, 0, 0
319500, 1814860, 1, 0, 0
319600, 1862742, 1, 0, 0
319701, 1693710, 1, 0, 0
319801, 1770973, 1, 0, 0
319900, 1732108, 1, 0, 0
320001, 1696988, 1, 0, 0
320102, 1842478, 1, 0, 0
320201, 1779115, 1, 0, 0
320301, 1672315, 1, 0, 0
320400, 1821072, 1, 0, 0
320501, 1708030, 1, 0, 0
320600, 1713137, 1, 0, 0
320700, 1803069, 1, 0, 0
320801, 1775281, 1, 0, 0
320902, 1748793, 1, 0, 0
321001, 1776012, 1, 0, 0
321100, 1889884, 1, 0, 0
321202, 1792756, 1, 0, 0
321301, 1848747, 1, 0, 0
321401, 1765206, 1, 0, 0
321500, 1779487, 1, 0, 0
321600, 1763676, 1, 0, 0
321701, 1818176, 1, 0, 0
321800, 1771007, 1, 0, 0
321900, 1737527, 1, 0, 0
322000, 1767632, 1, 0, 0
322100, 1861945, 1, 0, 0
322201, 1723448, 1, 0, 0
322301, 1753314, 1, 0, 0
322400, 1781970, 1, 0, 0
322500, 1801755, 1, 0, 0
322600, 1828720, 1, 0, 0
322701, 1659930, 1, 0, 0
322800, 1778174, 1, 0, 0
322901, 1804953, 1, 0, 0
323000, 1720540, 1, 0, 0
323100, 1771216, 1, 0, 0
323200, 1673413, 1, 0, 0
323300, 1756608, 1, 0, 0
323401, 1809647, 1, 0, 0
323501, 1734712, 1, 0, 0
323600, 1929048, 1, 0, 0
323700, 1691061, 1, 0, 0
323800, 1805928, 1, 0, 0
323900, 1648421, 1, 0, 0
324000, 1884941, 1, 0, 0
324100, 1699331, 1, 0, 0
324201, 1885964, 1, 0, 0
324300, 1840221, 1, 0, 0
324401, 1707088, 1, 0, 0
324500, 1804671, 1, 0, 0
324601, 1878701, 1, 0, 0
324701, 1773516, 1, 0, 0
324802, 1786179, 1, 0, 0
324901, 1748893, 1, 0, 0
325000, 1843907, 1, 0, 0
325100, 1755629, 1, 0, 0
325201, 1782894, 1, 0, 0
325301, 1763735, 1, 0, 0
325400, 1819332, 1, 0, 0
325500, 1721598, 1, 0, 0
325600, 1733934, 1, 0, 0
325700, 1697280, 1, 0, 0
325800, 1796100, 1, 0, 0
325901, 1740653, 1, 0, 0
326001, 1866570, 1, 0, 0
326100, 1783526, 1, 0, 0
326201, 1781550, 1, 0, 0
326300, 1715562, 1, 0, 0
326401, 1691087, 1, 0, 0
326501, 1898723, 1, 0, 0
326602, 1774637, 1, 0, 0
326700, 1743444, 1, 0, 0
326801, 1771969, 1, 0, 0
326901, 1795138, 1, 0, 0
327001, 1821912, 1, 0, 0
327100, 1779153, 1, 0, 0
327201, 1758746, 1, 0, 0
327302, 1902226, 1, 0, 0
327401, 1813943, 1, 0, 0
327501, 1766790, 1, 0, 0
327600, 1779014, 1, 0, 0
327700, 1732332, 1, 0, 0
327801, 1783009, 1, 0, 0
327900, 1675704, 1, 0, 0
328001, 1688310, 1, 0, 0
328100, 1725440, 1, 0, 0
328200, 1725661, 1, 0, 0
328300, 1732403, 1, 0, 0
328400, 1759017, 1, 0, 0
328501, 1704919, 1, 0, 0
328600, 1850664, 1, 0, 0
328700, 1730317, 1, 0, 0
328800, 1745536, 1, 0, 0
328900, 1813743, 1, 0, 0
329001, 1757788, 1, 0, 0
329101, 1824037, 1, 0, 0
329201, 1831178, 1, 0, 0
329301, 1849380, 1, 0, 0
329401, 1729390, 1, 0, 0
329500, 1889877, 1, 0, 0
329600, 1815671, 1, 0, 0
329700, 1759330, 1, 0, 0
329801, 1837725, 1, 0, 0
329902, 1784039, 1, 0, 0
330001, 1819375, 1, 0, 0
330101, 1813291, 1, 0, 0
330202, 1750681, 1, 0, 0
330301, 1796908, 1, 0, 0
330401, 1818917, 1, 0, 0
330501, 1769251, 1, 0, 0
330601, 1804696, 1, 0, 0
330700, 1745266, 1, 0, 0
330801, 1841749, 1, 0, 0
330901, 2011510, 1, 0, 0
331001, 1756608, 1, 0, 0
331100, 1815517, 1, 0, 0
331201, 1777992, 1, 0, 0
331300, 1711932, 1, 0, 0
331401, 1779754, 1, 0, 0
331500, 1781559, 1, 0, 0
331601, 1889938, 1, 0, 0
331700, 1704386, 1, 0, 0
331800, 1674143, 1, 0, 0
331900, 1759037, 1, 0, 0
332000, 1834214, 1, 0, 0
332100, 1856245, 1, 0, 0
332200, 1873489, 1, 0, 0
332300, 1930197, 1, 0, 0
332400, 1904508, 1, 0, 0
332500, 1857018, 1, 0, 0
332601, 1815550, 1, 0, 0
332701, 1798337, 1, 0, 0
332800, 1757032, 1, 0, 0
332901, 1748096, 1, 0, 0
333001, 1702912, 1, 0, 0
333100, 1818815, 1, 0, 0
333200, 1858531, 1, 0, 0
333300, 1860405, 1, 0, 0
333400, 1763012, 1, 0, 0
333500, 1750722, 1, 0, 0
333600, 1802949, 1, 0, 0
333700, 1794897, 1, 0, 0
333801, 1806608, 1, 0, 0
333901, 1870018, 1, 0, 0
334000, 1788294, 1, 0, 0
334101, 1799933, 1, 0, 0
334200, 1877959, 1, 0, 0
334300, 1736651, 1, 0, 0
334400, 1802340, 1, 0, 0
334501, 1807781, 1, 0, 0
334600, 1849206, 1, 0, 0
334701, 1838370, 1, 0, 0
334801, 1695804, 1, 0, 0
334900, 1812620, 1, 0, 0
335001, 1721346, 1, 0, 0
335100, 1854026, 1, 0, 0
335201, 1836815, 1, 0, 0
335300, 1745303, 1, 0, 0
335402, 1898824, 1, 0, 0
335500, 1900775, 1, 0, 0
335601, 1779607, 1, 0, 0
335701, 1759335, 1, 0, 0
335801, 1757629, 1, 0, 0
335901, 1865465, 1, 0, 0
336000, 1790710, 1, 0, 0
336100, 1727779, 1, 0, 0
336201, 1925069, 1, 0, 0
336301, 1831207, 1, 0, 0
336400, 1842719, 1, 0, 0
336501, 1741080, 1, 0, 0
336601, 1791488, 1, 0, 0
336700, 1911262, 1, 0, 0
336800, 1804004, 1, 0, 0
336901, 1804076, 1, 0, 0
337000, 1875530, 1, 0, 0
337100, 1797917, 1, 0, 0
337201, 1780655, 1, 0, 0
337300, 1758711, 1, 0, 0
337402, 1723684, 1, 0, 0
337501, 1685269, 1, 0, 0
337600, 1813995, 1, 0, 0
337701, 1713236, 1, 0, 0
337800, 1846695, 1, 0, 0
337901, 1871471, 1, 0, 0
338001, 1803180, 1, 0, 0
338101, 1759223, 1, 0, 0
338200, 1846913, 1, 0, 0
338301, 1950476, 1, 0, 0
338401, 1851833, 1, 0, 0
338501, 1843604, 1, 0, 0
338600, 1767579, 1, 0, 0
338701, 1800821, 1, 0, 0
338800, 1813083, 1, 0, 0
338901, 1806144, 1, 0, 0
339000, 1751169, 1, 0, 0
339100, 1726535, 1, 0, 0
339200, 1807331, 1, 0, 0
339302, 1882458, 1, 0, 0
339400, 1760815, 1, 0, 0
339501, 1745804, 1, 0, 0
339600, 1784972, 1, 0, 0
339701, 1811115, 1, 0, 0
339801, 1663113, 1, 0, 0
339901, 1831620, 1, 0, 0
340001, 1771129, 1, 0, 0
340101, 1757067, 1, 0, 0
340200, 1772939, 1, 0, 0
340300, 1770036, 1, 0, 0
340400, 1902713, 1, 0, 0
340500, 1732783, 1, 0, 0
340601, 1829305, 1, 0, 0
340700, 1894111, 1, 0, 0
340801, 1800376, 1, 0, 0
340901, 1700352, 1, 0, 0
341000, 1778292, 1, 0, 0
341101, 1688035, 1, 0, 0
341201, 1762358, 1, 0, 0
341301, 1677657, 1, 0, 0
341401, 1702672, 1, 0, 0
341501, 1668828, 1, 0, 0
341601, 1766639, 1, 0, 0
341700, 1634191, 1, 0, 0
341801, 1770854, 1, 0, 0
341901, 1800061, 1, 0, 0
342000, 1757734, 1, 0, 0
342100, 1879628, 1, 0, 0
342200, 1718166, 1, 0, 0
342300, 1689246, 1, 0, 0
342400, 1793585, 1, 0, 0
342501, 1718799, 1, 0, 0
342600, 1687440, 1, 0, 0
342700, 1818362, 1, 0, 0
342802, 1829652, 1, 0, 0
342900, 1870152, 1, 0, 0
343000, 1732808, 1, 0, 0
343101, 1725822, 1, 0, 0
343201, 1795604, 1, 0, 0
343300, 1767567, 1, 0, 0
343401, 1693722, 1, 0, 0
343501, 1803029, 1, 0, 0
343601, 1814713, 1, 0, 0
343700, 1817687, 1, 0, 0
343801, 1788017, 1, 0, 0
343901, 1756290, 1, 0, 0
344002, 1851635, 1, 0, 0
344100, 1740493, 1, 0, 0
344200, 1788503, 1, 0, 0
344300, 1707793, 1, 0, 0
344400, 1796596, 1, 0, 0
344500, 1889742, 1, 0, 0
344601, 1820856, 1, 0, 0
344701, 1824649, 1, 0, 0
344801, 1896184, 1, 0, 0
344900, 1772842, 1, 0, 0
345000, 1731876, 1, 0, 0
345101, 1820034, 1, 0, 0
345200, 1741420, 1, 0, 0
345301, 1715072, 1, 0, 0
345400, 1834432, 1, 0, 0
345501, 1717492, 1, 0, 0
345601, 1705343, 1, 0, 0
345700, 1684415, 1, 0, 0
345800, 1761118, 1, 0, 0
345901, 1790673, 1, 0, 0
346001, 1818989, 1, 0, 0
346100, 1835694, 1, 0, 0
346200, 1702480, 1, 0, 0
346300, 1935581, 1, 0, 0
346401, 1844133, 1, 0, 0
346500, 1849581, 1, 0, 0
346600, 1801967, 1, 0, 0
346701, 1905832, 1, 0, 0
346800, 1818370, 1, 0, 0
346900, 1851223, 1, 0, 0
347000, 1737852, 1, 0, 0
347101, 1812247, 1, 0, 0
347200, 1830375, 1, 0, 0
347300, 1874587, 1, 0, 0
347400, 1836099, 1, 0, 0
347500, 1730405, 1, 0, 0
347601, 1745184, 1, 0, 0
347700, 1805006, 1, 0, 0
347801, 1690375, 1, 0, 0
347902, 1787298, 1, 0, 0
348001, 1705288, 1, 0, 0
348100, 1805029, 1, 0, 0
348200, 1766205, 1, 0, 0
348301, 1629125, 1, 0, 0
348401, 1859428, 1, 0, 0
348500, 1718886, 1, 0, 0
348601, 1844386, 1, 0, 0
348700, 1750718, 1, 0, 0
348800, 1759314, 1, 0, 0
348900, 1826460, 1, 0, 0
349001, 1741350, 1, 0, 0
349100, 1783649, 1, 0, 0
349200, 1816812, 1, 0, 0
349300, 1946272, 1, 0, 0
349401, 1771748, 1, 0, 0
349500, 1717128, 1, 0, 0
349600, 1775407, 1, 0, 0
349700, 1818102, 1, 0, 0
349800, 1925773, 1, 0, 0
349900, 1810772, 1, 0, 0
350001, 1833842, 1, 0, 0
350101, 1799304, 1, 0, 0
350201, 1773313, 1, 0, 0
350302, 1771201, 1, 0, 0
350401, 1850867, 1, 0, 0
350501, 1726602, 1, 0, 0
350600, 1874237, 1, 0, 0
350700, 1734281, 1, 0, 0
350803, 1814280, 1, 0, 0
350901, 1712310, 1, 0, 0
351001, 1826750, 1, 0, 0
351100, 1747816, 1, 0, 0
351200, 1801657, 1, 0, 0
351301, 1835456, 1, 0, 0
351400, 1771877, 1, 0, 0
351501, 1786996, 1, 0, 0
351600, 1805289, 1, 0, 0
351701, 1753434, 1, 0, 0
351800, 1775083, 1, 0, 0
351901, 1799803, 1, 0, 0
352000, 1685604, 1, 0, 0
352100, 1725411, 1, 0, 0
352200, 1743897, 1, 0, 0
352301, 1726381, 1, 0, 0
352401, 1811673, 1, 0, 0
352501, 1748373, 1, 0, 0
352600, 1840423, 1, 0, 0
352700, 1759684, 1, 0, 0
352800, 1799158, 1, 0, 0
352902, 1828511, 1, 0, 0
353000, 1676123, 1, 0, 0
353101, 1769690, 1, 0, 0
353200, 1784870, 1, 0, 0
353300, 1785952, 1, 0, 0
353401, 1752384, 1, 0, 0
353501, 1797515, 1, 0, 0
353601, 1869758, 1, 0, 0
353700, 1814644, 1, 0, 0
353801, 1806851, 1, 0, 0
353901, 1752378, 1, 0, 0
354001, 1708615, 1, 0, 0
354100, 1811100, 1, 0, 0
354200, 1706517, 1, 0, 0
354301, 1744897, 1, 0, 0
354401, 1781394, 1, 0, 0
354500, 1679413, 1, 0, 0
354600, 1865652, 1, 0, 0
354700, 1754094, 1, 0, 0
354800, 1713885, 1, 0, 0
354902, 1789384, 1, 0, 0
355000, 1675992, 1, 0, 0
355100, 1755444, 1, 0, 0
355200, 1804437, 1, 0, 0
355302, 1902167, 1, 0, 0
355401, 1782194, 1, 0, 0
355500, 1836201, 1, 0, 0
355601, 1719124, 1, 0, 0
355700, 1847932, 1, 0, 0
355800, 1730087, 1, 0, 0
355902, 1774285, 1, 0, 0
356001, 1775377, 1, 0, 0
356100, 1694925, 1, 0, 0
356200, 1764375, 1, 0, 0
356301, 1690737, 1, 0, 0
356400, 1748452, 1, 0, 0
356501, 1741374, 1, 0, 0
356601, 1733487, 1, 0, 0
356700, 1754701, 1, 0, 0
356800, 1787708, 1, 0, 0
356900, 1800045, 1, 0, 0
357000, 1792409, 1, 0, 0
357100, 1841228, 1, 0, 0
357200, 1769990, 1, 0, 0
357300, 1754598, 1, 0, 0
357400, 1644400, 1, 0, 0
357501, 1774380, 1, 0, 0
357601, 1709364, 1, 0, 0
357700, 1804003, 1, 0, 0
357800, 1806748, 1, 0, 0
357900, 1975803, 1, 0, 0
358000, 1719191, 1, 0, 0
358100, 1730922, 1, 0, 0
358201, 1814099, 1, 0, 0
358300, 1779685, 1, 0, 0
358400, 1829012, 1, 0, 0
358500, 1796998, 1, 0, 0
358600, 1797744, 1, 0, 0
358700, 1704866, 1, 0, 0
358801, 1704991, 1, 0, 0
358900, 1777328, 1, 0, 0
359000, 1787767, 1, 0, 0
359100, 1737801, 1, 0, 0
359200, 1810065, 1, 0, 0
359300, 1759219, 1, 0, 0
359400, 1807843, 1, 0, 0
359500, 1760894, 1, 0, 0
359600, 1752225, 1, 0, 0
359700, 1772435, 1, 0, 0
359801, 1955645, 1, 0, 0
359900, 1876928, 1, 0, 0
360000, 1898000, 1, 0, 0
360101, 1783100, 1, 0, 0
360200, 1884435, 1, 0, 0
360300, 1682022, 1, 0, 0
360401, 1734580, 1, 0, 0
360501, 1833978, 1, 0, 0
360600, 1790746, 1, 0, 0
360700, 1762733, 1, 0, 0
360801, 1846378, 1, 0, 0
360901, 1853232, 1, 0, 0
361000, 1772007, 1, 0, 0
361100, 1796401, 1, 0, 0
361201, 1846918, 1, 0, 0
361301, 1873834, 1, 0, 0
361400, 1876419, 1, 0, 0
361501, 1811211, 1, 0, 0
361600, 1884283, 1, 0, 0
361700, 1894815, 1, 0, 0
361800, 1795736, 1, 0, 0
361900, 1838255, 1, 0, 0
362000, 1974637, 1, 0, 0
362100, 1795838, 1, 0, 0
362200, 1727646, 1, 0, 0
362300, 1862927, 1, 0, 0
362401, 1833355, 1, 0, 0
362500, 1843169, 1, 0, 0
362603, 1923738, 1, 0, 0
362701, 1830570, 1, 0, 0
362801, 1771295, 1, 0, 0
362901, 1896850, 1, 0, 0
363001, 1702654, 1, 0, 0
363101, 1870342, 1, 0, 0
363200, 1870488, 1, 0, 0
363301, 1784857, 1, 0, 0
363401, 1733687, 1, 0, 0
363500, 1717509, 1, 0, 0
363601, 1750286, 1, 0, 0
363700, 1727474, 1, 0, 0
363801, 1812774, 1, 0, 0
363901, 1766689, 1, 0, 0
364001, 1823944, 1, 0, 0
364100, 1883620, 1, 0, 0
364201, 1815823, 1, 0, 0
364300, 1828928, 1, 0, 0
364401, 1693859, 1, 0, 0
364501, 1764824, 1, 0, 0
364601, 1764086, 1, 0, 0
364701, 1761791, 1, 0, 0
364801, 1703658, 1, 0, 0
364903, 1739929, 1, 0, 0
365001, 1814384, 1, 0, 0
365100, 1836738, 1, 0, 0
365201, 1812042, 1, 0, 0
365300, 1785052, 1, 0, 0
365400, 1865029, 1, 0, 0
365500, 1697778, 1, 0, 0
365601, 1864566, 1, 0, 0
365700, 1779855, 1, 0, 0
365801, 1820312, 1, 0, 0
365901, 1783226, 1, 0, 0
366001, 1798738, 1, 0, 0
366100, 1877650, 1, 0, 0
366200, 1764114, 1, 0, 0
366302, 1860789, 1, 0, 0
366401, 1841718, 1, 0, 0
366502, 1816235, 1, 0, 0
366601, 1834815, 1, 0, 0
366701, 1672706, 1, 0, 0
366800, 1737579, 1, 0, 0
366901, 1811060, 1, 0, 0
367000, 1855963, 1, 0, 0
367101, 1782596, 1, 0, 0
367200, 1773949, 1, 0, 0
367300, 1747178, 1, 0, 0
367401, 1779283, 1, 0, 0
367500, 1781906, 1, 0, 0
367601, 1712916, 1, 0, 0
367700, 1822180, 1, 0, 0
367800, 1793070, 1, 0, 0
367901, 1766475, 1, 0, 0
368001, 1765483, 1, 0, 0
368100, 1781937, 1, 0, 0
368200, 1698225, 1, 0, 0
368301, 1825441, 1, 0, 0
368400, 1760258, 1, 0, 0
368500, 1864450, 1, 0, 0
368600, 1768414, 1, 0, 0
368701, 1744451, 1, 0, 0
368800, 1681344, 1, 0, 0
368901, 1848278, 1, 0, 0
369002, 1907710, 1, 0, 0
369100, 1759254, 1, 0, 0
369200, 1783467, 1, 0, 0
369300, 1798889, 1, 0, 0
369400, 1868764, 1, 0, 0
369501, 1745522, 1, 0, 0
369600, 1717432, 1, 0, 0
369702, 1803950, 1, 0, 0
369801, 1770694, 1, 0, 0
369901, 1732124, 1, 0, 0
370000, 1766826, 1, 0, 0
370101, 1775981, 1, 0, 0
370200, 1748423, 1, 0, 0
370301, 1813708, 1, 0, 0
370400, 1877847, 1, 0, 0
370500, 1819337, 1, 0, 0
370601, 1753221, 1, 0, 0
370702, 1738173, 1, 0, 0
370800, 1821080, 1, 0, 0
370900, 1771004, 1, 0, 0
371000, 1785557, 1, 0, 0
371100, 1741767, 1, 0, 0
371200, 1699033, 1, 0, 0
371301, 1773875, 1, 0, 0
371400, 1810671, 1, 0, 0
371500, 1802722, 1, 0, 0
371600, 1826179, 1, 0, 0
371700, 1732974, 1, 0, 0
371800, 1753016, 1, 0, 0
371900, 1867504, 1, 0, 0
372000, 1705738, 1, 0, 0
372100, 1793049, 1, 0, 0
372200, 1885566, 1, 0, 0
372300, 1760406, 1, 0, 0
372400, 1869890, 1, 0, 0
372500, 1797895, 1, 0, 0
372600, 1858379, 1, 0, 0
372700, 1838762, 1, 0, 0
372801, 1809396, 1, 0, 0
372900, 1837369, 1, 0, 0
373001, 1736811, 1, 0, 0
373100, 1889012, 1, 0, 0
373200, 1803196, 1, 0, 0
373301, 1871147, 1, 0, 0
373401, 1677015, 1, 0, 0
373500, 1734520, 1, 0, 0
373600, 1771296, 1, 0, 0
373700, 1790161, 1, 0, 0
373801, 1774895, 1, 0, 0
373900, 1878357, 1, 0, 0
374000, 1706845, 1, 0, 0
374101, 1865077, 1, 0, 0
374201, 1647797, 1, 0, 0
374301, 1761821, 1, 0, 0
374401, 1804556, 1, 0, 0
374500, 1782855, 1, 0, 0
374601, 1783263, 1, 0, 0
374702, 1844214, 1, 0, 0
374801, 1707669, 1, 0, 0
374900, 1754827, 1, 0, 0
375000, 1885470, 1, 0, 0
375101, 1789908, 1, 0, 0
375200, 1706975, 1, 0, 0
375300, 1869715, 1, 0, 0
375401, 1775139, 1, 0, 0
375501, 1807567, 1, 0, 0
375601, 1727142, 1, 0, 0
375701, 1731104, 1, 0, 0
375800, 1692387, 1, 0, 0
375900, 1752050, 1, 0, 0
376001, 1906735, 1, 0, 0
376101, 1831210, 1, 0, 0
376200, 1774322, 1, 0, 0
376300, 1710176, 1, 0, 0
376401, 1715488, 1, 0, 0
376501, 1836359, 1, 0, 0
376601, 1884421, 1, 0, 0
376701, 1902548, 1, 0, 0
376801, 1639446, 1, 0, 0
376900, 1691533, 1, 0, 0
377000, 1761681, 1, 0, 0
377101, 1712270, 1, 0, 0
377201, 1865392, 1, 0, 0
377300, 1786490, 1, 0, 0
377400, 1814588, 1, 0, 0
377500, 1767871, 1, 0, 0
377600, 1730000, 1, 0, 0
377701, 1745901, 1, 0, 0
377800, 1915729, 1, 0, 0
377900, 1817765, 1, 0, 0
378001, 1766305, 1, 0, 0
378100, 1760782, 1, 0, 0
378200, 1703561, 1, 0, 0
378300, 1758813, 1, 0, 0
378400, 1800332, 1, 0, 0
378500, 1800302, 1, 0, 0
378600, 1824282, 1, 0, 0
378701, 1688370, 1, 0, 0
378801, 1752375, 1, 0, 0
378900, 1787159, 1, 0, 0
379000, 1729497, 1, 0, 0
379101, 1806783, 1, 0, 0
379200, 1740189, 1, 0, 0
379300, 1805199, 1, 0, 0
379400, 1667165, 1, 0, 0
379500, 1806166, 1, 0, 0
379601, 1878238, 1, 0, 0
379701, 1789553, 1, 0, 0
379800, 1717837, 1, 0, 0
379901, 1878151, 1, 0, 0
380001, 1887213, 1, 0, 0
380100, 1755303, 1, 0, 0
380200, 1723855, 1, 0, 0
380301, 1755432, 1, 0, 0
380401, 1759541, 1, 0, 0
380500, 1737013, 1, 0, 0
380601, 1915909, 1, 0, 0
380700, 1836012, 1, 0, 0
380801, 1849462, 1, 0, 0
380900, 1818249, 1, 0, 0
381000, 1663931, 1, 0, 0
381101, 1719542, 1, 0, 0
381201, 1712146, 1, 0, 0
381302, 1800619, 1, 0, 0
381400, 1725143, 1, 0, 0
381501, 1816735, 1, 0, 0
381600, 1593056, 1, 0, 0
381700, 1860837, 1, 0, 0
381801, 1784796, 1, 0, 0
381900, 1823946, 1, 0, 0
382001, 1771657, 1, 0, 0
382100, 1745675, 1, 0, 0
382200, 1702055, 1, 0, 0
382301, 1678443, 1, 0, 0
382400, 1695644, 1, 0, 0
382500, 1748628, 1, 0, 0
382600, 1799208, 1, 0, 0
382700, 1793340, 1, 0, 0
382800, 1705985, 1, 0, 0
382900, 1781853, 1, 0, 0
383001, 1818165, 1, 0, 0
383100, 1705787, 1, 0, 0
383201, 1747517, 1, 0, 0
383301, 1801883, 1, 0, 0
383401, 1752884, 1, 0, 0
383500, 1749671, 1, 0, 0
383601, 1715905, 1, 0, 0
383701, 1757053, 1, 0, 0
383801, 1615962, 1, 0, 0
383901, 1701455, 1, 0, 0
384002, 1778437, 1, 0, 0
384100, 1725175, 1, 0, 0
384200, 1831677, 1, 0, 0
384300, 1829102, 1, 0, 0
384400, 1700637, 1, 0, 0
384500, 1818900, 1, 0, 0
384600, 1762596, 1, 0, 0
384700, 1648865, 1, 0, 0
384800, 1762158, 1, 0, 0
384900, 1906513, 1, 0, 0
385000, 1821876, 1, 0, 0
385100, 1725868, 1, 0, 0
385200, 1729220, 1, 0, 0
385301, 1715212, 1, 0, 0
385401, 1699451, 1, 0, 0
385500, 1780262, 1, 0, 0
385601, 1810017, 1, 0, 0
385700, 1638054, 1, 0, 0
385800, 1787432, 1, 0, 0
385900, 1680146, 1, 0, 0
386001, 1713565, 1, 0, 0
386100, 1888615, 1, 0, 0
386200, 1782076, 1, 0, 0
386300, 1726499, 1, 0, 0
386401, 1753383, 1, 0, 0
386501, 1766558, 1, 0, 0
386600, 1781727, 1, 0, 0
386701, 1689605, 1, 0, 0
386800, 1717107, 1, 0, 0
386900, 1790420, 1, 0, 0
387000, 1737117, 1, 0, 0
387100, 1719964, 1, 0, 0
387200, 1731654, 1, 0, 0
387300, 1775101, 1, 0, 0
387400, 1687194, 1, 0, 0
387500, 1807006, 1, 0, 0
387600, 1691348, 1, 0, 0
387700, 1796222, 1, 0, 0
387801, 1737124, 1, 0, 0
387900, 1708949, 1, 0, 0
388000, 1697168, 1, 0, 0
388100, 1698003, 1, 0, 0
388202, 1797203, 1, 0, 0
388300, 1736124, 1, 0, 0
388400, 1799511, 1, 0, 0
388500, 1671910, 1, 0, 0
388600, 1762535, 1, 0, 0
388700, 1700982, 1, 0, 0
388800, 1804588, 1, 0, 0
388900, 1727190, 1, 0, 0
389000, 1679093, 1, 0, 0
389100, 1720586, 1, 0, 0
389200, 1686223, 1, 0, 0
389300, 1632030, 1, 0, 0
389400, 1751565, 1, 0, 0
389500, 1741462, 1, 0, 0
389600, 1763697, 1, 0, 0
389700, 1749303, 1, 0, 0
389800, 1823282, 1, 0, 0
389900, 1734808, 1, 0, 0
390000, 1799832, 1, 0, 0
390101, 1773281, 1, 0, 0
390200, 1819567, 1, 0, 0
390301, 1747364, 1, 0, 0
390401, 1794633, 1, 0, 0
390500, 1854540, 1, 0, 0
390600, 1825812, 1, 0, 0
390700, 1784308, 1, 0, 0
390800, 1873091, 1, 0, 0
390900, 1770396, 1, 0, 0
391000, 1700302, 1, 0, 0
391100, 1695140, 1, 0, 0
391200, 1828621, 1, 0, 0
391300, 1733491, 1, 0, 0
391401, 1744836, 1, 0, 0
391500, 1650680, 1, 0, 0
391601, 1750669, 1, 0, 0
391700, 1705748, 1, 0, 0
391800, 1789943, 1, 0, 0
391900, 1648315, 1, 0, 0
392000, 1733876, 1, 0, 0
392100, 1757571, 1, 0, 0
392200, 1674373, 1, 0, 0
392300, 1723235, 1, 0, 0
392400, 1622544, 1, 0, 0
392501, 1748355, 1, 0, 0
392600, 1746811, 1, 0, 0
392700, 1819688, 1, 0, 0
392800, 1734421, 1, 0, 0
392900, 1732175, 1, 0, 0
393000, 1737191, 1, 0, 0
393101, 1685639, 1, 0, 0
393200, 1702675, 1, 0, 0
393301, 1726152, 1, 0, 0
393400, 1714886, 1, 0, 0
393500, 1731532, 1, 0, 0
393600, 1696889, 1, 0, 0
393700, 1651066, 1, 0, 0
393801, 1712037, 1, 0, 0
393900, 1842806, 1, 0, 0
394000, 1792890, 1, 0, 0
394101, 1806263, 1, 0, 0
394201, 1739425, 1, 0, 0
394301, 1768138, 1, 0, 0
394400, 1744387, 1, 0, 0
394500, 1697950, 1, 0, 0
394600, 1781076, 1, 0, 0
394700, 1733903, 1, 0, 0
394800, 1710486, 1, 0, 0
394900, 1724818, 1, 0, 0
395001, 1773155, 1, 0, 0
395101, 1796823, 1, 0, 0
395200, 1659396, 1, 0, 0
395300, 1771518, 1, 0, 0
395401, 1690644, 1, 0, 0
395500, 1835218, 1, 0, 0
395600, 1766187, 1, 0, 0
395701, 1775887, 1, 0, 0
395800, 1745625, 1, 0, 0
395900, 1764407, 1, 0, 0
396001, 1695430, 1, 0, 0
396101, 1686795, 1, 0, 0
396201, 1733702, 1, 0, 0
396301, 1703756, 1, 0, 0
396400, 1662524, 1, 0, 0
396501, 1726323, 1, 0, 0
396601, 1731465, 1, 0, 0
396700, 1810886, 1, 0, 0
396800, 1774404, 1, 0, 0
396900, 1717192, 1, 0, 0
397000, 1794854, 1, 0, 0
397100, 1703453, 1, 0, 0
397201, 1692329, 1, 0, 0
397300, 1777785, 1, 0, 0
397400, 1758562, 1, 0, 0
397501, 1663141, 1, 0, 0
397600, 1743504, 1, 0, 0
397700, 1698154, 1, 0, 0
397800, 1861472, 1, 0, 0
397901, 1747126, 1, 0, 0
398000, 1819892, 1, 0, 0
398100, 1784159, 1, 0, 0
398200, 1666303, 1, 0, 0
398301, 1753068, 1, 0, 0
398400, 1751505, 1, 0, 0
398501, 1812979, 1, 0, 0
398600, 1716244, 1, 0, 0
398700, 1729425, 1, 0, 0
398800, 1894740, 1, 0, 0
398901, 1714078, 1, 0, 0
399000, 1709160, 1, 0, 0
399100, 1726661, 1, 0, 0
399200, 1713967, 1, 0, 0
399300, 1729199, 1, 0, 0
399400, 1759403, 1, 0, 0
399501, 1902775, 1, 0, 0
399601, 1774222, 1, 0, 0
399701, 1788431, 1, 0, 0
399800, 1816983, 1, 0, 0
399900, 1788328, 1, 0, 0
400001, 1795281, 1, 0, 0
400100, 1773997, 1, 0, 0
400202, 1822455, 1, 0, 0
400300, 1693873, 1, 0, 0
400400, 1754493, 1, 0, 0
400500, 1858239, 1, 0, 0
400600, 1741394, 1, 0, 0
400701, 1706090, 1, 0, 0
400800, 1741957, 1, 0, 0
400900, 1730965, 1, 0, 0
401001, 1918747, 1, 0, 0
401100, 1705531, 1, 0, 0
401202, 1900029, 1, 0, 0
401300, 1863363, 1, 0, 0
401401, 1815320, 1, 0, 0
401501, 1872635, 1, 0, 0
401601, 1849680, 1, 0, 0
401701, 1906142, 1, 0, 0
401800, 1709952, 1, 0, 0
401901, 1835369, 1, 0, 0
402001, 1827102, 1, 0, 0
402101, 1766723, 1, 0, 0
402201, 1833935, 1, 0, 0
402301, 1857110, 1, 0, 0
402401, 1754820, 1, 0, 0
402500, 1783555, 1, 0, 0
402600, 1851377, 1, 0, 0
402701, 1811227, 1, 0, 0
402800, 1745602, 1, 0, 0
402900, 1768761, 1, 0, 0
403001, 1846278, 1, 0, 0
403101, 1621437, 1, 0, 0
403201, 1650488, 1, 0, 0
403300, 1743521, 1, 0, 0
403400, 1748055, 1, 0, 0
403501, 1704999, 1, 0, 0
403601, 1786559, 1, 0, 0
403700, 1747575, 1, 0, 0
403801, 1775329, 1, 0, 0
403901, 1676513, 1, 0, 0
404001, 1664634, 1, 0, 0
404101, 1764517, 1, 0, 0
404200, 1776021, 1, 0, 0
404300, 1763789, 1, 0, 0
404401, 1690917, 1, 0, 0
404502, 1744222, 1, 0, 0
404601, 1792425, 1, 0, 0
404700, 1771962, 1, 0, 0
404803, 1953807, 1, 0, 0
404900, 1783523, 1, 0, 0
405001, 1810151, 1, 0, 0
405102, 1830357, 1, 0, 0
405200, 1643746, 1, 0, 0
405300, 1695702, 1, 0, 0
405400, 1761013, 1, 0, 0
405501, 1918385, 1, 0, 0
405600, 1856098, 1, 0, 0
405701, 1771653, 1, 0, 0
405801, 1828599, 1, 0, 0
405901, 1761890, 1, 0, 0
406000, 1817173, 1, 0, 0
406101, 1780159, 1, 0, 0
406201, 1756991, 1, 0, 0
406301, 1743128, 1, 0, 0
406400, 1746028, 1, 0, 0
406500, 1726072, 1, 0, 0
406602, 1703178, 1, 0, 0
406700, 1763019, 1, 0, 0
406802, 1736911, 1, 0, 0
406901, 1813916, 1, 0, 0
407001, 1722305, 1, 0, 0
407101, 1803086, 1, 0, 0
407201, 1762550, 1, 0, 0
407300, 1841850, 1, 0, 0
407400, 1835588, 1, 0, 0
407501, 1744120, 1, 0, 0
407600, 1785463, 1, 0, 0
407701, 1766971, 1, 0, 0
407800, 1717864, 1, 0, 0
407901, 1827798, 1, 0, 0
408001, 1786538, 1, 0, 0
408100, 1839820, 1, 0, 0
408200, 1784094, 1, 0, 0
408300, 1790460, 1, 0, 0
408400, 1738845, 1, 0, 0
408502, 1861593, 1, 0, 0
408600, 1764480, 1, 0, 0
408701, 1723464, 1, 0, 0
408801, 1749311, 1, 0, 0
408900, 1750656, 1, 0, 0
409001, 1781947, 1, 0, 0
409100, 1815031, 1, 0, 0
409201, 1712838, 1, 0, 0
409301, 1812461, 1, 0, 0
409401, 1766994, 1, 0, 0
409501, 1676858, 1, 0, 0
409601, 1756774, 1, 0, 0
409700, 1694502, 1, 0, 0
409800, 1638514, 1, 0, 0
409900, 1714790, 1, 0, 0
410001, 1807059, 1, 0, 0
410102, 1804946, 1, 0, 0
410201, 1684715, 1, 0, 0
410301, 1731733, 1, 0, 0
410400, 1749210, 1, 0, 0
410500, 1741113, 1, 0, 0
410600, 1761875, 1, 0, 0
410700, 1757879, 1, 0, 0
410800, 1733509, 1, 0, 0
410901, 1749289, 1, 0, 0
411001, 1792055, 1, 0, 0
411102, 1690201, 1, 0, 0
411200, 1871766, 1, 0, 0
411301, 1948222, 1, 0, 0
411400, 1775481, 1, 0, 0
411501, 1794613, 1, 0, 0
411600, 1802379, 1, 0, 0
411702, 1800124, 1, 0, 0
411800, 1818194, 1, 0, 0
411900, 1797679, 1, 0, 0
412001, 1818504, 1, 0, 0
412101, 1647319, 1, 0, 0
412200, 1755555, 1, 0, 0
412300, 1618613, 1, 0, 0
412400, 1733393, 1, 0, 0
412500, 1665247, 1, 0, 0
412600, 1729954, 1, 0, 0
412700, 1765866, 1, 0, 0
412800, 1701653, 1, 0, 0
412900, 1705887, 1, 0, 0
413000, 1764025, 1, 0, 0
413101, 1804868, 1, 0, 0
413200, 1718993, 1, 0, 0
413300, 1706454, 1, 0, 0
413400, 1629120, 1, 0, 0
413500, 1868612, 1, 0, 0
413601, 1698859, 1, 0, 0
413700, 1662750, 1, 0, 0
413800, 1690503, 1, 0, 0
413900, 1672102, 1, 0, 0
414000, 1708328, 1, 0, 0
414100, 1865518, 1, 0, 0
414200, 1745757, 1, 0, 0
414300, 1827621, 1, 0, 0
414401, 1815754, 1, 0, 0
414500, 1747366, 1, 0, 0
414601, 1744789, 1, 0, 0
414701, 1827465, 1, 0, 0
414800, 1751260, 1, 0, 0
414902, 1831184, 1, 0, 0
415000, 1750997, 1, 0, 0
415100, 1799260, 1, 0, 0
415200, 1673279, 1, 0, 0
415300, 1671864, 1, 0, 0
415403, 1818365, 1, 0, 0
415502, 1802676, 1, 0, 0
415601, 1750758, 1, 0, 0
415701, 1764857, 1, 0, 0
415802, 1879178, 1, 0, 0
415901, 1771122, 1, 0, 0
416001, 1698759, 1, 0, 0
416100, 1741876, 1, 0, 0
416200, 1679984, 1, 0, 0
416300, 1767727, 1, 0, 0
416401, 1739507, 1, 0, 0
416501, 1798300, 1, 0, 0
416600, 1806420, 1, 0, 0
416700, 1748701, 1, 0, 0
416801, 1810160, 1, 0, 0
416900, 1711642, 1, 0, 0
417000, 1759048, 1, 0, 0
417101, 1806398, 1, 0, 0
417201, 1743160, 1, 0, 0
417301, 1698602, 1, 0, 0
417401, 1759967, 1, 0, 0
417500, 1662582, 1, 0, 0
417600, 1759712, 1, 0, 0
417700, 1904917, 1, 0, 0
417800, 1776250, 1, 0, 0
417901, 1719912, 1, 0, 0
418001, 1783343, 1, 0, 0
418100, 1855694, 1, 0, 0
418200, 1788771, 1, 0, 0
418301, 1804928, 1, 0, 0
418400, 1819088, 1, 0, 0
418500, 1819907, 1, 0, 0
418601, 1729439, 1, 0, 0
418700, 1748752, 1, 0, 0
418801, 1686826, 1, 0, 0
418900, 1739473, 1, 0, 0
419001, 1659766, 1, 0, 0
419100, 1754778, 1, 0, 0
419200, 1683290, 1, 0, 0
419300, 1758265, 1, 0, 0
419401, 1814857, 1, 0, 0
419501, 1829043, 1, 0, 0
419600, 1698919, 1, 0, 0
419701, 1719808, 1, 0, 0
419801, 1753570, 1, 0, 0
419901, 1793979, 1, 0, 0
420001, 1644278, 1, 0, 0
420101, 1708210, 1, 0, 0
420200, 1800576, 1, 0, 0
420300, 1727031, 1, 0, 0
420401, 1745307, 1, 0, 0
420500, 1660405, 1, 0, 0
420600, 1647172, 1, 0, 0
420701, 1652242, 1, 0, 0
420800, 1680680, 1, 0, 0
420900, 1772681, 1, 0, 0
421000, 1812395, 1, 0, 0
421101, 1719731, 1, 0, 0
421201, 1789027, 1, 0, 0
421301, 1697091, 1, 0, 0
421401, 1757044, 1, 0, 0
421501, 1704923, 1, 0, 0
421601, 1767673, 1, 0, 0
421700, 1705764, 1, 0, 0
421801, 1713406, 1, 0, 0
421900, 1715557, 1, 0, 0
422000, 1826454, 1, 0, 0
422100, 1671197, 1, 0, 0
422200, 1769860, 1, 0, 0
422301, 1772606, 1, 0, 0
422400, 1812861, 1, 0, 0
422501, 1909143, 1, 0, 0
422602, 1790511, 1, 0, 0
422700, 1685743, 1, 0, 0
422800, 1789320, 1, 0, 0
422901, 1611206, 1, 0, 0
423000, 1853628, 1, 0, 0
423100, 1723671, 1, 0, 0
423200, 1614784, 1, 0, 0
423301, 1780114, 1, 0, 0
423401, 1800837, 1, 0, 0
423501, 1784729, 1, 0, 0
423601, 1703819, 1, 0, 0
423701, 1745359, 1, 0, 0
423800, 1741207, 1, 0, 0
423901, 1766878, 1, 0, 0
424001, 1833680, 1, 0, 0
424101, 1816974, 1, 0, 0
424200, 1687566, 1, 0, 0
424301, 1748186, 1, 0, 0
424400, 1742569, 1, 0, 0
424500, 1803347, 1, 0, 0
424601, 1839399, 1, 0, 0
424700, 1769223, 1, 0, 0
424800, 1653146, 1, 0, 0
424900, 1823009, 1, 0, 0
425000, 1766950, 1, 0, 0
425101, 1838206, 1, 0, 0
425201, 1797937, 1, 0, 0
425300, 1782012, 1, 0, 0
425401, 1933391, 1, 0, 0
425500, 1881769, 1, 0, 0
425600, 1733255, 1, 0, 0
425700, 1842616, 1, 0, 0
425802, 1722037, 1, 0, 0
425901, 1779121, 1, 0, 0
426000, 1782491, 1, 0, 0
426100, 1785216, 1, 0, 0
426200, 1798332, 1, 0, 0
426300, 1757146, 1, 0, 0
426401, 1784108, 1, 0, 0
426501, 1764082, 1, 0, 0
426600, 1814471, 1, 0, 0
426700, 1720285, 1, 0, 0
426800, 1877930, 1, 0, 0
426900, 1667009, 1, 0, 0
427000, 1762915, 1, 0, 0
427100, 1863981, 1, 0, 0
427200, 1826367, 1, 0, 0
427300, 1749828, 1, 0, 0
427400, 1822519, 1, 0, 0
427501, 1756760, 1, 0, 0
427601, 1716738, 1, 0, 0
427700, 1753030, 1, 0, 0
427800, 1711953, 1, 0, 0
427900, 1693395, 1, 0, 0
428001, 1804472, 1, 0, 0
428100, 1716789, 1, 0, 0
428201, 1753179, 1, 0, 0
428301, 1813035, 1, 0, 0
428402, 1914850, 1, 0, 0
428500, 1801742, 1, 0, 0
428600, 1796507, 1, 0, 0
428701, 1740116, 1, 0, 0
428801, 1728928, 1, 0, 0
428901, 1738767, 1, 0, 0
429000, 1848105, 1, 0, 0
429102, 1753980, 1, 0, 0
429202, 1792511, 1, 0, 0
429300, 1871615, 1, 0, 0
429400, 1757342, 1, 0, 0
429500, 1785891, 1, 0, 0
429600, 1705262, 1, 0, 0
429700, 1793147, 1, 0, 0
429801, 1751793, 1, 0, 0
429900, 1812982, 1, 0, 0
430001, 1839274, 1, 0, 0
430101, 1738842, 1, 0, 0
430200, 1782169, 1, 0, 0
430300, 1779832, 1, 0, 0
430401, 1762129, 1, 0, 0
430500, 1707759, 1, 0, 0
430601, 1719513, 1, 0, 0
430700, 1725989, 1, 0, 0
430800, 1891382, 1, 0, 0
430901, 1715689, 1, 0, 0
431000, 1692519, 1, 0, 0
431100, 1717665, 1, 0, 0
431200, 1832359, 1, 0, 0
431301, 1771654, 1, 0, 0
431400, 1790081, 1, 0, 0
431501, 1774301, 1, 0, 0
431601, 1698687, 1, 0, 0
431701, 1795767, 1, 0, 0
431800, 1748468, 1, 0, 0
431901, 1712805, 1, 0, 0
432002, 1845876, 1, 0, 0
432100, 1728645, 1, 0, 0
432201, 1890083, 1, 0, 0
432301, 1745500, 1, 0, 0
432400, 1690857, 1, 0, 0
432500, 1756707, 1, 0, 0
432601, 1847872, 1, 0, 0
432700, 1821005, 1, 0, 0
432800, 1760836, 1, 0, 0
432900, 1757618, 1, 0, 0
433001, 1772859, 1, 0, 0
433100, 1780684, 1, 0, 0
433201, 1785583, 1, 0, 0
433300, 1692171, 1, 0, 0
433401, 1795973, 1, 0, 0
433500, 1793471, 1, 0, 0
433600, 1702769, 1, 0, 0
433701, 1804595, 1, 0, 0
433801, 1789844, 1, 0, 0
433901, 1769547, 1, 0, 0
434003, 1791983, 1, 0, 0
434101, 1692887, 1, 0, 0
434201, 1908926, 1, 0, 0
434301, 1802194, 1, 0, 0
434400, 1833009, 1, 0, 0
434500, 1696143, 1, 0, 0
434600, 1704328, 1, 0, 0
434701, 1883434, 1, 0, 0
434800, 1716152, 1, 0, 0
434900, 1787498, 1, 0, 0
435001, 1758495, 1, 0, 0
435101, 1706739, 1, 0, 0
435202, 1749031, 1, 0, 0
435301, 1723009, 1, 0, 0
435402, 1830090, 1, 0, 0
435500, 1799493, 1, 0, 0
435600, 1725042, 1, 0, 0
435700, 1826843, 1, 0, 0
435800, 1763824, 1, 0, 0
435900, 1708660, 1, 0, 0
436000, 1752626, 1, 0, 0
436100, 1829852, 1, 0, 0
436201, 1808800, 1, 0, 0
436300, 1847190, 1, 0, 0
436401, 1853219, 1, 0, 0
436502, 1880777, 1, 0, 0
436601, 1750498, 1, 0, 0
436700, 1743940, 1, 0, 0
436801, 1919382, 1, 0, 0
436901, 1829261, 1, 0, 0
437000, 1778850, 1, 0, 0
437101, 1775195, 1, 0, 0
437200, 1784651, 1, 0, 0
437300, 1780621, 1, 0, 0
437400, 1900671, 1, 0, 0
437502, 1832554, 1, 0, 0
437600, 1791534, 1, 0, 0
437700, 1708990, 1, 0, 0
437802, 1833032, 1, 0, 0
437901, 1779198, 1, 0, 0
438000, 1706501, 1, 0, 0
438100, 1678141, 1, 0, 0
438200, 1698682, 1, 0, 0
438300, 1768861, 1, 0, 0
438400, 1756835, 1, 0, 0
438500, 1698381, 1, 0, 0
438601, 1749665, 1, 0, 0
438701, 1827868, 1, 0, 0
438801, 1759775, 1, 0, 0
438902, 1772253, 1, 0, 0
439002, 1767147, 1, 0, 0
439100, 1791976, 1, 0, 0
439200, 1761788, 1, 0, 0
439300, 1756456, 1, 0, 0
439401, 1815655, 1, 0, 0
439501, 1640592, 1, 0, 0
439601, 1829867, 1, 0, 0
439701, 1727696, 1, 0, 0
439801, 1784149, 1, 0, 0
439900, 1754586, 1, 0, 0
440000, 1696822, 1, 0, 0
440101, 1743205, 1, 0, 0
440200, 1698359, 1, 0, 0
440301, 1772613, 1, 0, 0
440400, 1696563, 1, 0, 0
440500, 1586613, 1, 0, 0
440600, 1760122, 1, 0, 0
440701, 1922235, 1, 0, 0
440801, 1752671, 1, 0, 0
440900, 1699367, 1, 0, 0
441000, 1693247, 1, 0, 0
441101, 1658873, 1, 0, 0
441200, 1745507, 1, 0, 0
441300, 1860273, 1, 0, 0
441400, 1727219, 1, 0, 0
441501, 1820157, 1, 0, 0
441601, 1672509, 1, 0, 0
441700, 1805866, 1, 0, 0
441801, 1924525, 1, 0, 0
441901, 1853715, 1, 0, 0
442001, 1733334, 1, 0, 0
442101, 1754906, 1, 0, 0
442200, 1886689, 1, 0, 0
442301, 1744898, 1, 0, 0
442400, 1801007, 1, 0, 0
442500, 1733258, 1, 0, 0
442600, 1801022, 1, 0, 0
442700, 1848892, 1, 0, 0
442802, 1786356, 1, 0, 0
442900, 1754915, 1, 0, 0
443000, 1773303, 1, 0, 0
443100, 1784755, 1, 0, 0
443200, 1822063, 1, 0, 0
443301, 1850214, 1, 0, 0
443400, 1713376, 1, 0, 0
443500, 1787482, 1, 0, 0
443600, 1805470, 1, 0, 0
443701, 1903972, 1, 0, 0
443800, 1805420, 1, 0, 0
443900, 1834414, 1, 0, 0
444000, 1829857, 1, 0, 0
444100, 1797180, 1, 0, 0
444201, 1683760, 1, 0, 0
444301, 1758174, 1, 0, 0
444401, 1866204, 1, 0, 0
444501, 1731403, 1, 0, 0
444600, 1819343, 1, 0, 0
444700, 1778525, 1, 0, 0
444801, 1722268, 1, 0, 0
444900, 1712419, 1, 0, 0
445000, 1735890, 1, 0, 0
445100, 1863481, 1, 0, 0
445200, 1796501, 1, 0, 0
445301, 1833222, 1, 0, 0
445400, 1796818, 1, 0, 0
445500, 1723114, 1, 0, 0
445601, 1818255, 1, 0, 0
445701, 1820741, 1, 0, 0
445800, 1817929, 1, 0, 0
445901, 1829721, 1, 0, 0
446000, 1778883, 1, 0, 0
446100, 1707120, 1, 0, 0
446200, 1892681, 1, 0, 0
446301, 1823629, 1, 0, 0
446401, 1788534, 1, 0, 0
446501, 1763155, 1, 0, 0
446600, 1882923, 1, 0, 0
446701, 1803732, 1, 0, 0
446800, 1854589, 1, 0, 0
446900, 1803535, 1, 0, 0
447001, 1770661, 1, 0, 0
447100, 1813936, 1, 0, 0
447201, 1886016, 1, 0, 0
447301, 1755127, 1, 0, 0
447401, 1763924, 1, 0, 0
447501, 1854778, 1, 0, 0
447600, 1786347, 1, 0, 0
447701, 1778595, 1, 0, 0
447802, 1722627, 1, 0, 0
447900, 1887626, 1, 0, 0
448001, 1750956, 1, 0, 0
448100, 1746621, 1, 0, 0
448201, 1807782, 1, 0, 0
448300, 1721633, 1, 0, 0
448400, 1786445, 1, 0, 0
448501, 1712832, 1, 0, 0
448600, 1791476, 1, 0, 0
448700, 1685273, 1, 0, 0
448801, 1960457, 1, 0, 0
448902, 1791136, 1, 0, 0
449000, 1929775, 1, 0, 0
449100, 1867638, 1, 0, 0
449200, 1795457, 1, 0, 0
449300, 1831361, 1, 0, 0
449400, 1737063, 1, 0, 0
449501, 1835249, 1, 0, 0
449601, 1824345, 1, 0, 0
449700, 1780685, 1, 0, 0
449801, 1814532, 1, 0, 0
449900, 1842188, 1, 0, 0
450001, 1815904, 1, 0, 0
450100, 1802992, 1, 0, 0
450200, 1793752, 1, 0, 0
450301, 1846443, 1, 0, 0
450401, 1828686, 1, 0, 0
450500, 1818035, 1, 0, 0
450600, 1759290, 1, 0, 0
450701, 1806443, 1, 0, 0
450800, 1817016, 1, 0, 0
450901, 1811096, 1, 0, 0
451001, 1825597, 1, 0, 0
451100, 1959339, 1, 0, 0
451200, 1792831, 1, 0, 0
451301, 1774427, 1, 0, 0
451401, 1765558, 1, 0, 0
451500, 1666326, 1, 0, 0
451600, 1749494, 1, 0, 0
451701, 1866037, 1, 0, 0
451800, 1864362, 1, 0, 0
451900, 1933852, 1, 0, 0
452000, 1721013, 1, 0, 0
452101, 1769791, 1, 0, 0
452201, 1757608, 1, 0, 0
452301, 1770958, 1, 0, 0
452400, 1768972, 1, 0, 0
452500, 1802870, 1, 0, 0
452600, 1753726, 1, 0, 0
452701, 1817449, 1, 0, 0
452800, 1721886, 1, 0, 0
452900, 1795808, 1, 0, 0
453000, 1721958, 1, 0, 0
453101, 1640496, 1, 0, 0
453200, 1702627, 1, 0, 0
453300, 1928653, 1, 0, 0
453400, 1737377, 1, 0, 0
453501, 1717430, 1, 0, 0
453600, 1693677, 1, 0, 0
453701, 1739294, 1, 0, 0
453801, 1734953, 1, 0, 0
453902, 1818521, 1, 0, 0
454001, 1796176, 1, 0, 0
454100, 1711192, 1, 0, 0
454201, 1782655, 1, 0, 0
454301, 1849002, 1, 0, 0
454400, 1847666, 1, 0, 0
454500, 1638001, 1, 0, 0
454600, 1761726, 1, 0, 0
454701, 1716437, 1, 0, 0
454800, 1602926, 1, 0, 0
454900, 1769439, 1, 0, 0
455001, 1797790, 1, 0, 0
455101, 1673010, 1, 0, 0
455201, 1769018, 1, 0, 0
455301, 1768718, 1, 0, 0
455400, 1747492, 1, 0, 0
455501, 1722127, 1, 0, 0
455601, 1732647, 1, 0, 0
455700, 1738683, 1, 0, 0
455802, 1633989, 1, 0, 0
455901, 1765971, 1, 0, 0
456003, 1764112, 1, 0, 0
456100, 1751858, 1, 0, 0
456200, 1705403, 1, 0, 0
456301, 1678581, 1, 0, 0
456400, 1816878, 1, 0, 0
456500, 1701034, 1, 0, 0
456600, 1703993, 1, 0, 0
456700, 1788743, 1, 0, 0
456801, 1670551, 1, 0, 0
456901, 1786953, 1, 0, 0
457000, 1746107, 1, 0, 0
457101, 1663790, 1, 0, 0
457200, 1817314, 1, 0, 0
457300, 1726317, 1, 0, 0
457402, 1712507, 1, 0, 0
457500, 1796849, 1, 0, 0
457601, 1766324, 1, 0, 0
457700, 1817055, 1, 0, 0
457800, 1833902, 1, 0, 0
457900, 1699379, 1, 0, 0
458000, 1696838, 1, 0, 0
458100, 1630252, 1, 0, 0
458201, 1882454, 1, 0, 0
458300, 1678404, 1, 0, 0
458400, 1707728, 1, 0, 0
458501, 1840900, 1, 0, 0
458601, 1694168, 1, 0, 0
458700, 1663611, 1, 0, 0
458801, 1772105, 1, 0, 0
458900, 1723307, 1, 0, 0
459000, 1895708, 1, 0, 0
459100, 1830566, 1, 0, 0
459200, 1637556, 1, 0, 0
459302, 1867855, 1, 0, 0
459400, 1692506, 1, 0, 0
459501, 1812320, 1, 0, 0
459600, 1669713, 1, 0, 0
459701, 1774415, 1, 0, 0
459800, 1690412, 1, 0, 0
459901, 1744678, 1, 0, 0
460001, 1824072, 1, 0, 0
460100, 1653930, 1, 0, 0
460200, 1705094, 1, 0, 0
460301, 1777425, 1, 0, 0
460402, 1820720, 1, 0, 0
460500, 1725389, 1, 0, 0
460601, 1752308, 1, 0, 0
460701, 1735605, 1, 0, 0
460801, 1862025, 1, 0, 0
460900, 1710587, 1, 0, 0
461001, 1711814, 1, 0, 0
461100, 1756465, 1, 0, 0
461201, 1747476, 1, 0, 0
461300, 1743530, 1, 0, 0
461401, 1816434, 1, 0, 0
461501, 1770148, 1, 0, 0
461600, 1689579, 1, 0, 0
461700, 1857960, 1, 0, 0
461801, 1748613, 1, 0, 0
461900, 1740794, 1, 0, 0
462001, 1785600, 1, 0, 0
462101, 1720850, 1, 0, 0
462200, 1742293, 1, 0, 0
462302, 1736850, 1, 0, 0
462400, 1754781, 1, 0, 0
462501, 1850403, 1, 0, 0
462600, 1767304, 1, 0, 0
462701, 1717115, 1, 0, 0
462802, 1772483, 1, 0, 0
462900, 1674597, 1, 0, 0
463000, 1900970, 1, 0, 0
463100, 1829645, 1, 0, 0
463200, 1724930, 1, 0, 0
463300, 1690246, 1, 0, 0
463401, 1883964, 1, 0, 0
463501, 1671140, 1, 0, 0
463600, 1751008, 1, 0, 0
463701, 1718193, 1, 0, 0
463800, 1688112, 1, 0, 0
463900, 1696199, 1, 0, 0
464000, 1732013, 1, 0, 0
464100, 1712726, 1, 0, 0
464200, 1717487, 1, 0, 0
464300, 1706889, 1, 0, 0
464400, 1643434, 1, 0, 0
464501, 1783250, 1, 0, 0
464600, 1833082, 1, 0, 0
464700, 1799293, 1, 0, 0
464802, 1825967, 1, 0, 0
464901, 1752203, 1, 0, 0
465000, 1718067, 1, 0, 0
465100, 1782704, 1, 0, 0
465200, 1617580, 1, 0, 0
465300, 1730490, 1, 0, 0
465401, 1859545, 1, 0, 0
465500, 1718781, 1, 0, 0
465600, 1731680, 1, 0, 0
465700, 1695668, 1, 0, 0
465801, 1688368, 1, 0, 0
465900, 1652481, 1, 0, 0
466000, 1728915, 1, 0, 0
466101, 1756926, 1, 0, 0
466201, 1695363, 1, 0, 0
466300, 1886004, 1, 0, 0
466400, 1787002, 1, 0, 0
466500, 1799296, 1, 0, 0
466601, 1763845, 1, 0, 0
466700, 1715593, 1, 0, 0
466800, 1794031, 1, 0, 0
466900, 1836651, 1, 0, 0
467001, 1771951, 1, 0, 0
467100, 1775060, 1, 0, 0
467200, 1671275, 1, 0, 0
467300, 1798523, 1, 0, 0
467400, 1766603, 1, 0, 0
467501, 1686937, 1, 0, 0
467601, 1794109, 1, 0, 0
467700, 1807827, 1, 0, 0
467800, 1777015, 1, 0, 0
467902, 1754763, 1, 0, 0
468001, 1738628, 1, 0, 0
468101, 1868414, 1, 0, 0
468200, 1736760, 1, 0, 0
468301, 1782509, 1, 0, 0
468400, 1806454, 1, 0, 0
468500, 1830942, 1, 0, 0
468600, 1699955, 1, 0, 0
468700, 1724692, 1, 0, 0
468800, 1795662, 1, 0, 0
468901, 1970885, 1, 0, 0
469000, 1748911, 1, 0, 0
469101, 1797381, 1, 0, 0
469201, 1711349, 1, 0, 0
469300, 1715684, 1, 0, 0
469400, 1828937, 1, 0, 0
469500, 1816340, 1, 0, 0
469601, 1749768, 1, 0, 0
469700, 1840775, 1, 0, 0
469800, 1793522, 1, 0, 0
469901, 1818174, 1, 0, 0
470001, 1677528, 1, 0, 0
470100, 1735031, 1, 0, 0
470200, 1745687, 1, 0, 0
470301, 1679569, 1, 0, 0
470401, 1795877, 1, 0, 0
470500, 1692141, 1, 0, 0
470600, 1757326, 1, 0, 0
470701, 1712558, 1, 0, 0
470800, 1851813, 1, 0, 0
470900, 1768784, 1, 0, 0
471001, 1740812, 1, 0, 0
471100, 1923879, 1, 0, 0
471201, 1839710, 1, 0, 0
471300, 1715761, 1, 0, 0
471401, 1781840, 1, 0, 0
471500, 1718114, 1, 0, 0
471600, 1820580, 1, 0, 0
471700, 1826933, 1, 0, 0
471800, 1709948, 1, 0, 0
471900, 1760628, 1, 0, 0
472001, 1773622, 1, 0, 0
472100, 1621943, 1, 0, 0
472201, 1764075, 1, 0, 0
472300, 1705062, 1, 0, 0
472401, 1711943, 1, 0, 0
472500, 1687835, 1, 0, 0
472600, 1706450, 1, 0, 0
472701, 1805893, 1, 0, 0
472800, 1680708, 1, 0, 0
472901, 1757439, 1, 0, 0
473003, 1820091, 1, 0, 0
473100, 1706409, 1, 0, 0
473200, 1736668, 1, 0, 0
473300, 1734578, 1, 0, 0
473400, 1749920, 1, 0, 0
473502, 1763749, 1, 0, 0
473600, 1763633, 1, 0, 0
473701, 1739277, 1, 0, 0
473800, 1770875, 1, 0, 0
473901, 1779117, 1, 0, 0
474000, 1781370, 1, 0, 0
474100, 1805525, 1, 0, 0
474200, 1819143, 1, 0, 0
474301, 1785411, 1, 0, 0
474401, 1828809, 1, 0, 0
474501, 1788785, 1, 0, 0
474600, 1742604, 1, 0, 0
474701, 1786469, 1, 0, 0
474801, 1701890, 1, 0, 0
474901, 1928726, 1, 0, 0
475002, 1785965, 1, 0, 0
475100, 1723737, 1, 0, 0
475200, 1858507, 1, 0, 0
475300, 1677660, 1, 0, 0
475400, 1759299, 1, 0, 0
475500, 1858355, 1, 0, 0
475601, 1782860, 1, 0, 0
475701, 1780318, 1, 0, 0
475801, 1771730, 1, 0, 0
475900, 1791139, 1, 0, 0
476000, 1718846, 1, 0, 0
476101, 1755753, 1, 0, 0
476200, 1658687, 1, 0, 0
476301, 1850536, 1, 0, 0
476400, 1780607, 1, 0, 0
476500, 1706719, 1, 0, 0
476600, 1686604, 1, 0, 0
476701, 1784876, 1, 0, 0
476801, 1734787, 1, 0, 0
476901, 1839238, 1, 0, 0
477001, 1727720, 1, 0, 0
477101, 1730753, 1, 0, 0
477200, 1770308, 1, 0, 0
477300, 1797200, 1, 0, 0
477400, 1770004, 1, 0, 0
477500, 1726695, 1, 0, 0
477601, 1709494, 1, 0, 0
477700, 1782186, 1, 0, 0
477800, 1733196, 1, 0, 0
477902, 1763130, 1, 0, 0
478001, 1720355, 1, 0, 0
478100, 1697613, 1, 0, 0
478200, 1763835, 1, 0, 0
478300, 1724522, 1, 0, 0
478400, 1732990, 1, 0, 0
478501, 1778427, 1, 0, 0
478600, 1750034, 1, 0, 0
478701, 1768891, 1, 0, 0
478801, 1748073, 1, 0, 0
478900, 1808411, 1, 0, 0
479000, 1792099, 1, 0, 0
479100, 1763971, 1, 0, 0
479201, 1744311, 1, 0, 0
479300, 1754565, 1, 0, 0
479400, 1749182, 1, 0, 0
479501, 1815156, 1, 0, 0
479602, 1716101, 1, 0, 0
479700, 1824074, 1, 0, 0
479802, 1750228, 1, 0, 0
479902, 1753780, 1, 0, 0
480001, 1756510, 1, 0, 0
480100, 1853833, 1, 0, 0
480201, 1809184, 1, 0, 0
480300, 1683936, 1, 0, 0
480401, 1742675, 1, 0, 0
480501, 1706067, 1, 0, 0
480600, 1785860, 1, 0, 0
480700, 1790739, 1, 0, 0
480801, 1659665, 1, 0, 0
480901, 1734556, 1, 0, 0
481001, 1732572, 1, 0, 0
481102, 1858471, 1, 0, 0
481200, 1812456, 1, 0, 0
481300, 1781308, 1, 0, 0
481402, 1852381, 1, 0, 0
481501, 1787089, 1, 0, 0
481600, 1698296, 1, 0, 0
481700, 1770530, 1, 0, 0
481800, 1827689, 1, 0, 0
481901, 1689918, 1, 0, 0
482000, 1748525, 1, 0, 0
482101, 1691756, 1, 0, 0
482200, 1850835, 1, 0, 0
482301, 1743851, 1, 0, 0
482401, 1735411, 1, 0, 0
482502, 1715619, 1, 0, 0
482601, 1753805, 1, 0, 0
482701, 1781200, 1, 0, 0
482801, 1796306, 1, 0, 0
482901, 1702889, 1, 0, 0
483001, 1826117, 1, 0, 0
483103, 1867973, 1, 0, 0
483201, 1829443, 1, 0, 0
483300, 1816984, 1, 0, 0
483400, 1733517, 1, 0, 0
483500, 1846248, 1, 0, 0
483600, 1796730, 1, 0, 0
483700, 1805057, 1, 0, 0
483801, 1769257, 1, 0, 0
483900, 1841258, 1, 0, 0
484002, 1733699, 1, 0, 0
484100, 1738325, 1, 0, 0
484201, 1842681, 1, 0, 0
484300, 1808464, 1, 0, 0
484400, 1866753, 1, 0, 0
484501, 1745774, 1, 0, 0
484600, 1726549, 1, 0, 0
484701, 1809925, 1, 0, 0
484801, 1729935, 1, 0, 0
484901, 1941502, 1, 0, 0
485000, 1908047, 1, 0, 0
485101, 1778277, 1, 0, 0
485201, 1798173, 1, 0, 0
485300, 1890193, 1, 0, 0
485400, 1854778, 1, 0, 0
485500, 1796542, 1, 0, 0
485601, 1785127, 1, 0, 0
485700, 1662007, 1, 0, 0
485801, 1837804, 1, 0, 0
485901, 1796928, 1, 0, 0
486000, 1751779, 1, 0, 0
486100, 1831282, 1, 0, 0
486200, 1738690, 1, 0, 0
486300, 1821152, 1, 0, 0
486400, 1766457, 1, 0, 0
486500, 1852665, 1, 0, 0
486600, 1810200, 1, 0, 0
486700, 1668248, 1, 0, 0
486801, 1772183, 1, 0, 0
486901, 1765022, 1, 0, 0
487000, 1785205, 1, 0, 0
487100, 1735600, 1, 0, 0
487200, 1668540, 1, 0, 0
487300, 1819985, 1, 0, 0
487400, 1914331, 1, 0, 0
487500, 1924543, 1, 0, 0
487600, 1729788, 1, 0, 0
487701, 1721177, 1, 0, 0
487800, 1837799, 1, 0, 0
487900, 1708055, 1, 0, 0
488001, 1773695, 1, 0, 0
488102, 1882628, 1, 0, 0
488200, 1724516, 1, 0, 0
488300, 1743048, 1, 0, 0
488401, 1740868, 1, 0, 0
488501, 1794157, 1, 0, 0
488600, 1636608, 1, 0, 0
488700, 1812705, 1, 0, 0
488800, 1806109, 1, 0, 0
488903, 1838595, 1, 0, 0
489000, 1837341, 1, 0, 0
489100, 1809761, 1, 0, 0
489200, 1747619, 1, 0, 0
489300, 1679396, 1, 0, 0
489401, 1803688, 1, 0, 0
489500, 1818763, 1, 0, 0
489600, 1789106, 1, 0, 0
489701, 1863334, 1, 0, 0
489801, 1795620, 1, 0, 0
489900, 1837921, 1, 0, 0
490000, 1874419, 1, 0, 0
490101, 1912617, 1, 0, 0
490200, 1875766, 1, 0, 0
490302, 1776784, 1, 0, 0
490400, 1779772, 1, 0, 0
490500, 1806974, 1, 0, 0
490601, 1714675, 1, 0, 0
490701, 1891856, 1, 0, 0
490800, 1726692, 1, 0, 0
490900, 1825257, 1, 0, 0
491000, 1757464, 1, 0, 0
491101, 1810375, 1, 0, 0
491201, 1752968, 1, 0, 0
491301, 1835190, 1, 0, 0
491400, 1845321, 1, 0, 0
491501, 1778506, 1, 0, 0
491601, 1868690, 1, 0, 0
491700, 1811917, 1, 0, 0
491800, 1675075, 1, 0, 0
491900, 1815620, 1, 0, 0
492001, 1887233, 1, 0, 0
492100, 1741792, 1, 0, 0
492200, 1767895, 1, 0, 0
492300, 1788849, 1, 0, 0
492401, 1813301, 1, 0, 0
492501, 1792418, 1, 0, 0
492601, 1667064, 1, 0, 0
492701, 1850181, 1, 0, 0
492800, 1812138, 1, 0, 0
492900, 1833114, 1, 0, 0
493000, 1716095, 1, 0, 0
493101, 1780292, 1, 0, 0
493200, 1634665, 1, 0, 0
493300, 1790934, 1, 0, 0
493401, 1748206, 1, 0, 0
493501, 1793203, 1, 0, 0
493600, 1785978, 1, 0, 0
493701, 1866168, 1, 0, 0
493801, 1805578, 1, 0, 0
493901, 1723270, 1, 0, 0
494001, 1838595, 1, 0, 0
494101, 1852988, 1, 0, 0
494201, 1838137, 1, 0, 0
494300, 1794645, 1, 0, 0
494401, 1859991, 1, 0, 0
494501, 1792091, 1, 0, 0
494600, 1748847, 1, 0, 0
494701, 1652208, 1, 0, 0
494800, 1753045, 1, 0, 0
494902, 1930641, 1, 0, 0
495000, 1862368, 1, 0, 0
495100, 1975948, 1, 0, 0
495201, 1845139, 1, 0, 0
495300, 1914585, 1, 0, 0
495401, 1685081, 1, 0, 0
495500, 1746542, 1, 0, 0
495601, 1748526, 1, 0, 0
495700, 1766334, 1, 0, 0
495801, 1801852, 1, 0, 0
495901, 1830133, 1, 0, 0
496000, 1843037, 1, 0, 0
496101, 1921194, 1, 0, 0
496200, 1753166, 1, 0, 0
496300, 1702015, 1, 0, 0
496400, 1794378, 1, 0, 0
496500, 1759224, 1, 0, 0
496602, 1695629, 1, 0, 0
496700, 1673730, 1, 0, 0
496801, 1777534, 1, 0, 0
496901, 1775290, 1, 0, 0
497001, 1811313, 1, 0, 0
497101, 1775750, 1, 0, 0
497202, 1733909, 1, 0, 0
497300, 1692301, 1, 0, 0
497401, 1852854, 1, 0, 0
497501, 1727899, 1, 0, 0
497600, 1739551, 1, 0, 0
497700, 1734823, 1, 0, 0
497800, 1830454, 1, 0, 0
497900, 1790615, 1, 0, 0
498001, 1920100, 1, 0, 0
498100, 1706131, 1, 0, 0
498201, 1660202, 1, 0, 0
498300, 1840737, 1, 0, 0
498401, 1818902, 1, 0, 0
498501, 1727919, 1, 0, 0
498600, 1924901, 1, 0, 0
498700, 1670377, 1, 0, 0
498800, 1792252, 1, 0, 0
498901, 1830806, 1, 0, 0
499000, 1775681, 1, 0, 0
499101, 1851193, 1, 0, 0
499200, 1814529, 1, 0, 0
499300, 1840073, 1, 0, 0
499401, 1749405, 1, 0, 0
499501, 1931795, 1, 0, 0
499600, 1813385, 1, 0, 0
499700, 1862837, 1, 0, 0
499801, 1751818, 1, 0, 0
499900, 1711884, 1, 0, 0
500000, 1796302, 1, 0, 0
500100, 1742976, 1, 0, 0
500200, 1857332, 1, 0, 0
500301, 1837270, 1, 0, 0
500400, 1728841, 1, 0, 0
500501, 1738880, 1, 0, 0
500601, 1857070, 1, 0, 0
500700, 1879841, 1, 0, 0
500800, 1828521, 1, 0, 0
500902, 1794480, 1, 0, 0
501001, 1743576, 1, 0, 0
501100, 1858405, 1, 0, 0
501201, 1810741, 1, 0, 0
501301, 1858305, 1, 0, 0
501401, 1829474, 1, 0, 0
501500, 1845924, 1, 0, 0
501601, 1782391, 1, 0, 0
501701, 1779831, 1, 0, 0
501801, 1834999, 1, 0, 0
501901, 1890878, 1, 0, 0
502003, 1953454, 1, 0, 0
502100, 1679065, 1, 0, 0
502200, 1754607, 1, 0, 0
502301, 1750200, 1, 0, 0
502401, 1788708, 1, 0, 0
502501, 1852471, 1, 0, 0
502600, 1755389, 1, 0, 0
502700, 1849698, 1, 0, 0
502801, 1889508, 1, 0, 0
502900, 1773503, 1, 0, 0
503000, 1902789, 1, 0, 0
503100, 1704117, 1, 0, 0
503200, 1831912, 1, 0, 0
503301, 1734816, 1, 0, 0
503400, 1748992, 1, 0, 0
503500, 1825212, 1, 0, 0
503600, 1760363, 1, 0, 0
503700, 1767823, 1, 0, 0
503800, 1700784, 1, 0, 0
503900, 1765139, 1, 0, 0
504000, 1851909, 1, 0, 0
504100, 1709556, 1, 0, 0
504200, 1786892, 1, 0, 0
504302, 1858021, 1, 0, 0
504401, 1817044, 1, 0, 0
504500, 1866278, 1, 0, 0
504600, 1827928, 1, 0, 0
504700, 1833716, 1, 0, 0
504800, 1817865, 1, 0, 0
504900, 1737665, 1, 0, 0
505001, 1809755, 1, 0, 0
505100, 1779300, 1, 0, 0
505200, 1862108, 1, 0, 0
505301, 1800817, 1, 0, 0
505401, 1669416, 1, 0, 0
505501, 1831642, 1, 0, 0
505601, 1824315, 1, 0, 0
505701, 1771861, 1, 0, 0
505800, 1766263, 1, 0, 0
505901, 1817604, 1, 0, 0
506001, 1795037, 1, 0, 0
506101, 1827197, 1, 0, 0
506200, 1756763, 1, 0, 0
506301, 1736638, 1, 0, 0
506401, 1705209, 1, 0, 0
506500, 1723295, 1, 0, 0
506601, 1659588, 1, 0, 0
506701, 1819682, 1, 0, 0
506800, 1751166, 1, 0, 0
506900, 1731118, 1, 0, 0
507000, 1762604, 1, 0, 0
507100, 1753457, 1, 0, 0
507200, 1685094, 1, 0, 0
507301, 1770622, 1, 0, 0
507401, 1669830, 1, 0, 0
507500, 1714361, 1, 0, 0
507600, 1827704, 1, 0, 0
507700, 1760551, 1, 0, 0
507800, 1766370, 1, 0, 0
507902, 1791227, 1, 0, 0
508000, 1807850, 1, 0, 0
508101, 1869141, 1, 0, 0
508200, 1811832, 1, 0, 0
508301, 1718614, 1, 0, 0
508400, 1740600, 1, 0, 0
508500, 1668999, 1, 0, 0
508601, 1723678, 1, 0, 0
508701, 1793524, 1, 0, 0
508800, 1736677, 1, 0, 0
508901, 1777475, 1, 0, 0
509000, 1749501, 1, 0, 0
509100, 1683168, 1, 0, 0
509200, 1808747, 1, 0, 0
509301, 1822631, 1, 0, 0
509400, 1800013, 1, 0, 0
509502, 1826364, 1, 0, 0
509601, 1808520, 1, 0, 0
509700, 1848181, 1, 0, 0
509800, 1763148, 1, 0, 0
509900, 1898839, 1, 0, 0
510000, 1762028, 1, 0, 0
510100, 1740895, 1, 0, 0
510201, 1796788, 1, 0, 0
510300, 1708743, 1, 0, 0
510401, 1846507, 1, 0, 0
510500, 1719453, 1, 0, 0
510601, 1758840, 1, 0, 0
510701, 1886311, 1, 0, 0
510801, 1786653, 1, 0, 0
510901, 1734432, 1, 0, 0
511001, 1893498, 1, 0, 0
511100, 1744745, 1, 0, 0
511201, 1878018, 1, 0, 0
511300, 1754458, 1, 0, 0
511400, 1764194, 1, 0, 0
511500, 1733690, 1, 0, 0
511600, 1727952, 1, 0, 0
511700, 1736706, 1, 0, 0
511800, 1706386, 1, 0, 0
511900, 1962871, 1, 0, 0
512000, 1736534, 1, 0, 0
512100, 1826781, 1, 0, 0
512202, 1820535, 1, 0, 0
512301, 1684720, 1, 0, 0
512401, 1759658, 1, 0, 0
512501, 1760908, 1, 0, 0
512601, 1757593, 1, 0, 0
512700, 1888019, 1, 0, 0
512800, 1760036, 1, 0, 0
512900, 1790618, 1, 0, 0
513000, 1836313, 1, 0, 0
513101, 1866434, 1, 0, 0
513200, 1780906, 1, 0, 0
513300, 1764323, 1, 0, 0
513400, 1761443, 1, 0, 0
513501, 1802216, 1, 0, 0
513600, 1842562, 1, 0, 0
513701, 1881889, 1, 0, 0
513801, 1821643, 1, 0, 0
513900, 1777955, 1, 0, 0
514001, 1724423, 1, 0, 0
514101, 1757395, 1, 0, 0
514200, 1668616, 1, 0, 0
514301, 1846874, 1, 0, 0
514401, 1793210, 1, 0, 0
514501, 1815985, 1, 0, 0
514601, 1906649, 1, 0, 0
514701, 1932548, 1, 0, 0
514801, 1797741, 1, 0, 0
514902, 1915939, 1, 0, 0
515000, 1835733, 1, 0, 0
515100, 1887651, 1, 0, 0
515200, 1840481, 1, 0, 0
515300, 1760674, 1, 0, 0
515402, 1861199, 1, 0, 0
515500, 1727270, 1, 0, 0
515600, 1771920, 1, 0, 0
515700, 1676649, 1, 0, 0
515802, 1793319, 1, 0, 0
515901, 1810418, 1, 0, 0
516001, 1901207, 1, 0, 0
516100, 1749052, 1, 0, 0
516201, 1859027, 1, 0, 0
516300, 1711928, 1, 0, 0
516401, 1808231, 1, 0, 0
516501, 1801381, 1, 0, 0
516601, 1898896, 1, 0, 0
516700, 1840207, 1, 0, 0
516800, 1806964, 1, 0, 0
516900, 1725678, 1, 0, 0
517000, 1723107, 1, 0, 0
517100, 1761051, 1, 0, 0
517200, 1760540, 1, 0, 0
517301, 1761513, 1, 0, 0
517401, 1923954, 1, 0, 0
517500, 1856052, 1, 0, 0
517600, 1845007, 1, 0, 0
517701, 1954277, 1, 0, 0
517800, 1813470, 1, 0, 0
517900, 1855061, 1, 0, 0
518001, 1932615, 1, 0, 0
518101, 1787515, 1, 0, 0
518200, 1843646, 1, 0, 0
518300, 1678923, 1, 0, 0
518400, 1826860, 1, 0, 0
518500, 1870031, 1, 0, 0
518601, 1732180, 1, 0, 0
518700, 1885441, 1, 0, 0
518800, 1799072, 1, 0, 0
518900, 1818092, 1, 0, 0
519001, 1886457, 1, 0, 0
519102, 1779488, 1, 0, 0
519200, 1823802, 1, 0, 0
519301, 1792790, 1, 0, 0
519402, 1881380, 1, 0, 0
519501, 1825918, 1, 0, 0
519600, 1821294, 1, 0, 0
519700, 1816144, 1, 0, 0
519800, 1768458, 1, 0, 0
519900, 1939517, 1, 0, 0
520000, 1697305, 1, 0, 0
520101, 1770408, 1, 0, 0
520201, 1792787, 1, 0, 0
520300, 1752637, 1, 0, 0
520400, 1815313, 1, 0, 0
520500, 1793390, 1, 0, 0
520601, 1718967, 1, 0, 0
520702, 1809169, 1, 0, 0
520801, 1888833, 1, 0, 0
520900, 1703501, 1, 0, 0
521000, 1895376, 1, 0, 0
521100, 1771223, 1, 0, 0
521201, 1772095, 1, 0, 0
521300, 1813917, 1, 0, 0
521401, 1722869, 1, 0, 0
521500, 1777123, 1, 0, 0
521600, 1796923, 1, 0, 0
521701, 1803075, 1, 0, 0
521800, 1808743, 1, 0, 0
521901, 1916458, 1, 0, 0
522000, 1858228, 1, 0, 0
522101, 1802864, 1, 0, 0
522200, 1837145, 1, 0, 0
522301, 1816752, 1, 0, 0
522400, 1751445, 1, 0, 0
522500, 1716429, 1, 0, 0
522600, 1743802, 1, 0, 0
522701, 1771203, 1, 0, 0
522800, 1816546, 1, 0, 0
522900, 1769206, 1, 0, 0
523000, 1822074, 1, 0, 0
523100, 1896350, 1, 0, 0
523200, 1904779, 1, 0, 0
523300, 1696364, 1, 0, 0
523401, 1885509, 1, 0, 0
523500, 1714257, 1, 0, 0
523600, 1677023, 1, 0, 0
523700, 1853984, 1, 0, 0
523800, 1732092, 1, 0, 0
523900, 1839005, 1, 0, 0
524001, 1773615, 1, 0, 0
524100, 1747591, 1, 0, 0
524201, 1744894, 1, 0, 0
524300, 1749679, 1, 0, 0
524402, 1793424, 1, 0, 0
524500, 1782599, 1, 0, 0
524601, 1700019, 1, 0, 0
524700, 1810165, 1, 0, 0
524801, 1832029, 1, 0, 0
524901, 1732718, 1, 0, 0
525001, 1724189, 1, 0, 0
525101, 1707307, 1, 0, 0
525200, 1744057, 1, 0, 0
525300, 1839546, 1, 0, 0
525400, 1758526, 1, 0, 0
525500, 1793338, 1, 0, 0
525600, 1725967, 1, 0, 0
525700, 1855516, 1, 0, 0
525800, 1758987, 1, 0, 0
525901, 1755005, 1, 0, 0
526001, 1704038, 1, 0, 0
526100, 1804404, 1, 0, 0
526200, 1864664, 1, 0, 0
526301, 1799885, 1, 0, 0
526401, 1737546, 1, 0, 0
526501, 1797096, 1, 0, 0
526601, 1722784, 1, 0, 0
526703, 1826214, 1, 0, 0
526800, 1851253, 1, 0, 0
526900, 1703350, 1, 0, 0
527000, 1823391, 1, 0, 0
527101, 1816920, 1, 0, 0
527200, 1879164, 1, 0, 0
527300, 1899340, 1, 0, 0
527401, 1801119, 1, 0, 0
527500, 1728424, 1, 0, 0
527601, 1708238, 1, 0, 0
527700, 1723064, 1, 0, 0
527801, 1807719, 1, 0, 0
527900, 1787997, 1, 0, 0
528001, 1742294, 1, 0, 0
528100, 1846189, 1, 0, 0
528200, 1777095, 1, 0, 0
528300, 1669302, 1, 0, 0
528400, 1732392, 1, 0, 0
528500, 1820891, 1, 0, 0
528601, 1712930, 1, 0, 0
528701, 1868138, 1, 0, 0
528800, 1931765, 1, 0, 0
528900, 1693348, 1, 0, 0
529001, 1710418, 1, 0, 0
529100, 1788401, 1, 0, 0
529203, 1849027, 1, 0, 0
529300, 1813979, 1, 0, 0
529400, 1826790, 1, 0, 0
529501, 1763645, 1, 0, 0
529601, 1798429, 1, 0, 0
529701, 1645563, 1, 0, 0
529800, 1748246, 1, 0, 0
529901, 1710579, 1, 0, 0
530000, 1812344, 1, 0, 0
530101, 1635208, 1, 0, 0
530201, 1777212, 1, 0, 0
530301, 1720288, 1, 0, 0
530400, 1775170, 1, 0, 0
530500, 1682555, 1, 0, 0
530600, 1659311, 1, 0, 0
530701, 1664539, 1, 0, 0
530802, 1740598, 1, 0, 0
530900, 1759573, 1, 0, 0
531001, 1771870, 1, 0, 0
531100, 1858864, 1, 0, 0
531201, 1749568, 1, 0, 0
531301, 1692547, 1, 0, 0
531400, 1775090, 1, 0, 0
531500, 1738835, 1, 0, 0
531601, 1746272, 1, 0, 0
531700, 1848682, 1, 0, 0
531802, 1815918, 1, 0, 0
531900, 1706160, 1, 0, 0
532000, 1722679, 1, 0, 0
532101, 1779278, 1, 0, 0
532200, 1709792, 1, 0, 0
532301, 1822137, 1, 0, 0
532402, 1777270, 1, 0, 0
532501, 1775963, 1, 0, 0
532600, 1703518, 1, 0, 0
532700, 1707293, 1, 0, 0
532800, 1768111, 1, 0, 0
532901, 1800782, 1, 0, 0
533001, 1764551, 1, 0, 0
533101, 1774556, 1, 0, 0
533201, 1658936, 1, 0, 0
533304, 1891713, 1, 0, 0
533400, 1710533, 1, 0, 0
533500, 1823802, 1, 0, 0
533602, 1708959, 1, 0, 0
533700, 1897202, 1, 0, 0
533800, 1798559, 1, 0, 0
533901, 1803254, 1, 0, 0
534001, 1683275, 1, 0, 0
534100, 1697967, 1, 0, 0
534201, 1697561, 1, 0, 0
534300, 1739410, 1, 0, 0
534400, 1840820, 1, 0, 0
534500, 1782333, 1, 0, 0
534602, 1838323, 1, 0, 0
534700, 1787336, 1, 0, 0
534801, 1764151, 1, 0, 0
534900, 1758663, 1, 0, 0
535000, 1819461, 1, 0, 0
535101, 1821515, 1, 0, 0
535200, 1841147, 1, 0, 0
535302, 1665921, 1, 0, 0
535400, 1775332, 1, 0, 0
535500, 1759037, 1, 0, 0
535600, 1691585, 1, 0, 0
535700, 1647471, 1, 0, 0
535800, 1704274, 1, 0, 0
535900, 1756981, 1, 0, 0
536001, 1605591, 1, 0, 0
536101, 1615646, 1, 0, 0
536200, 1679849, 1, 0, 0
536300, 1675344, 1, 0, 0
536401, 1737248, 1, 0, 0
536500, 1685598, 1, 0, 0
536600, 1735900, 1, 0, 0
536701, 1697375, 1, 0, 0
536800, 1713853, 1, 0, 0
536901, 1684562, 1, 0, 0
537000, 1749131, 1, 0, 0
537100, 1722995, 1, 0, 0
537200, 1829206, 1, 0, 0
537300, 1735161, 1, 0, 0
537400, 1737069, 1, 0, 0
537500, 1797424, 1, 0, 0
537601, 1744339, 1, 0, 0
537700, 1843616, 1, 0, 0
537800, 1791209, 1, 0, 0
537901, 1883308, 1, 0, 0
538000, 1751669, 1, 0, 0
538101, 1772454, 1, 0, 0
538200, 1778410, 1, 0, 0
538301, 1713868, 1, 0, 0
538401, 1752798, 1, 0, 0
538500, 1746622, 1, 0, 0
538601, 1757544, 1, 0, 0
538701, 1887781, 1, 0, 0
538801, 1807284, 1, 0, 0
538901, 1825914, 1, 0, 0
539000, 1745445, 1, 0, 0
539100, 1671163, 1, 0, 0
539201, 1717629, 1, 0, 0
539301, 1730012, 1, 0, 0
539400, 1854269, 1, 0, 0
539501, 1800301, 1, 0, 0
539601, 1795526, 1, 0, 0
539701, 1785231, 1, 0, 0
539800, 1780762, 1, 0, 0
539900, 1759801, 1, 0, 0
540001, 1784536, 1, 0, 0
540101, 1758895, 1, 0, 0
540201, 1868863, 1, 0, 0
540300, 1847548, 1, 0, 0
540400, 1885456, 1, 0, 0
540501, 1793044, 1, 0, 0
540600, 1740806, 1, 0, 0
540700, 1785371, 1, 0, 0
540800, 1837380, 1, 0, 0
540902, 1729807, 1, 0, 0
541002, 1798359, 1, 0, 0
541100, 1801139, 1, 0, 0
541201, 1717412, 1, 0, 0
541300, 1833852, 1, 0, 0
541400, 1868740, 1, 0, 0
541500, 1797702, 1, 0, 0
541601, 1704212, 1, 0, 0
541701, 1799379, 1, 0, 0
541801, 1732234, 1, 0, 0
541900, 1778086, 1, 0, 0
542000, 1761993, 1, 0, 0
542101, 1688495, 1, 0, 0
542200, 1848461, 1, 0, 0
542300, 1780323, 1, 0, 0
542401, 1819398, 1, 0, 0
542500, 1838350, 1, 0, 0
542600, 1790668, 1, 0, 0
542700, 1722547, 1, 0, 0
542800, 1774065, 1, 0, 0
542900, 1817197, 1, 0, 0
543002, 1932332, 1, 0, 0
543100, 1757964, 1, 0, 0
543200, 1793394, 1, 0, 0
543300, 1909328, 1, 0, 0
543400, 1788821, 1, 0, 0
543501, 1834326, 1, 0, 0
543601, 1674848, 1, 0, 0
543700, 1771505, 1, 0, 0
543801, 1974707, 1, 0, 0
543901, 1774800, 1, 0, 0
544001, 1773818, 1, 0, 0
544101, 1817334, 1, 0, 0
544200, 1808592, 1, 0, 0
544302, 1834088, 1, 0, 0
544401, 1691940, 1, 0, 0
544500, 1709015, 1, 0, 0
544600, 1903238, 1, 0, 0
544700, 1812952, 1, 0, 0
544800, 1943207, 1, 0, 0
544900, 1851347, 1, 0, 0
545001, 1753433, 1, 0, 0
545101, 1866073, 1, 0, 0
545200, 1845476, 1, 0, 0
545301, 1747653, 1, 0, 0
545401, 1803271, 1, 0, 0
545502, 1848502, 1, 0, 0
545603, 1875062, 1, 0, 0
545700, 1882812, 1, 0, 0
545802, 1896855, 1, 0, 0
545902, 1774975, 1, 0, 0
546000, 1852945, 1, 0, 0
546100, 1867276, 1, 0, 0
546201, 1709408, 1, 0, 0
546301, 1875142, 1, 0, 0
546401, 1889632, 1, 0, 0
546500, 1752752, 1, 0, 0
546600, 1724460, 1, 0, 0
546700, 1794901, 1, 0, 0
546801, 1780010, 1, 0, 0
546900, 1842390, 1, 0, 0
547000, 1767438, 1, 0, 0
547100, 1906938, 1, 0, 0
547201, 1835749, 1, 0, 0
547300, 1897010, 1, 0, 0
547401, 1834734, 1, 0, 0
547502, 1845444, 1, 0, 0
547601, 1776988, 1, 0, 0
547702, 1778399, 1, 0, 0
547801, 1723574, 1, 0, 0
547900, 1890344, 1, 0, 0
548000, 1754344, 1, 0, 0
548101, 1746977, 1, 0, 0
548201, 1778062, 1, 0, 0
548300, 1765847, 1, 0, 0
548401, 1922575, 1, 0, 0
548500, 1916132, 1, 0, 0
548600, 1771155, 1, 0, 0
548701, 1875929, 1, 0, 0
548800, 1859501, 1, 0, 0
548902, 1758054, 1, 0, 0
549000, 1788670, 1, 0, 0
549101, 1732402, 1, 0, 0
549200, 1810542, 1, 0, 0
549300, 1676983, 1, 0, 0
549402, 1892402, 1, 0, 0
549501, 1843521, 1, 0, 0
549601, 1759673, 1, 0, 0
549701, 1768899, 1, 0, 0
549802, 1803629, 1, 0, 0
549901, 1782789, 1, 0, 0
550000, 1803902, 1, 0, 0
550101, 1915735, 1, 0, 0
550200, 1752288, 1, 0, 0
550302, 1869507, 1, 0, 0
550400, 1752676, 1, 0, 0
550500, 1794493, 1, 0, 0
550601, 1722183, 1, 0, 0
550701, 1755851, 1, 0, 0
550800, 1759373, 1, 0, 0
550900, 1766099, 1, 0, 0
551000, 1721651, 1, 0, 0
551100, 1712734, 1, 0, 0
551201, 1808761, 1, 0, 0
551301, 1802649, 1, 0, 0
551401, 1792558, 1, 0, 0
551501, 1760541, 1, 0, 0
551601, 1872963, 1, 0, 0
551700, 1779555, 1, 0, 0
551800, 1793564, 1, 0, 0
551900, 1819376, 1, 0, 0
552001, 1860395, 1, 0, 0
552100, 1806036, 1, 0, 0
552200, 1907850, 1, 0, 0
552300, 1852608, 1, 0, 0
552400, 1837788, 1, 0, 0
552501, 1877589, 1, 0, 0
552600, 1803923, 1, 0, 0
552700, 1771060, 1, 0, 0
552800, 1724771, 1, 0, 0
552901, 1713199, 1, 0, 0
553000, 1714186, 1, 0, 0
553101, 1854578, 1, 0, 0
553201, 1671725, 1, 0, 0
553302, 1854351, 1, 0, 0
553400, 1706140, 1, 0, 0
553501, 1740577, 1, 0, 0
553601, 1724015, 1, 0, 0
553701, 1766080, 1, 0, 0
553803, 1740345, 1, 0, 0
553900, 1804650, 1, 0, 0
554001, 1807226, 1, 0, 0
554100, 1749072, 1, 0, 0
554201, 1820207, 1, 0, 0
554300, 1715768, 1, 0, 0
554401, 1814268, 1, 0, 0
554501, 1825113, 1, 0, 0
554600, 1804884, 1, 0, 0
554700, 1706441, 1, 0, 0
554800, 1730814, 1, 0, 0
554900, 1752787, 1, 0, 0
555000, 1796780, 1, 0, 0
555101, 1725016, 1, 0, 0
555200, 1746502, 1, 0, 0
555300, 1749591, 1, 0, 0
555400, 1912927, 1, 0, 0
555500, 1749559, 1, 0, 0
555600, 1801037, 1, 0, 0
555701, 1751650, 1, 0, 0
555800, 1875044, 1, 0, 0
555900, 1801002, 1, 0, 0
556000, 1819903, 1, 0, 0
556101, 1755306, 1, 0, 0
556200, 1776314, 1, 0, 0
556300, 1769721, 1, 0, 0
556401, 1804305, 1, 0, 0
556500, 1908490, 1, 0, 0
556600, 1910509, 1, 0, 0
556700, 1896387, 1, 0, 0
556803, 1926756, 1, 0, 0
556901, 1691769, 1, 0, 0
557001, 1791101, 1, 0, 0
557101, 1733870, 1, 0, 0
557201, 1805303, 1, 0, 0
557300, 1736086, 1, 0, 0
557401, 1721240, 1, 0, 0
557500, 1783408, 1, 0, 0
557601, 1743098, 1, 0, 0
557701, 1861234, 1, 0, 0
557800, 1753619, 1, 0, 0
557902, 1735473, 1, 0, 0
558002, 1789422, 1, 0, 0
558100, 1694799, 1, 0, 0
558200, 1729589, 1, 0, 0
558301, 1811849, 1, 0, 0
558401, 1678067, 1, 0, 0
558501, 1758355, 1, 0, 0
558600, 1640093, 1, 0, 0
558700, 1698793, 1, 0, 0
558800, 1673373, 1, 0, 0
558901, 1822583, 1, 0, 0
559001, 1718386, 1, 0, 0
559100, 1779435, 1, 0, 0
559202, 1869239, 1, 0, 0
559300, 1727767, 1, 0, 0
559401, 1784045, 1, 0, 0
559500, 1743957, 1, 0, 0
559601, 1847575, 1, 0, 0
559701, 1825435, 1, 0, 0
559801, 1798576, 1, 0, 0
559900, 1883621, 1, 0, 0
560000, 1700464, 1, 0, 0
560100, 1734638, 1, 0, 0
560201, 1801221, 1, 0, 0
560300, 1778701, 1, 0, 0
560401, 1751917, 1, 0, 0
560501, 1827429, 1, 0, 0
560600, 1842976, 1, 0, 0
560700, 1696331, 1, 0, 0
560802, 1811385, 1, 0, 0
560900, 1820324, 1, 0, 0
561001, 1811753, 1, 0, 0
561100, 1874942, 1, 0, 0
561201, 1760785, 1, 0, 0
561300, 1910594, 1, 0, 0
561400, 1790463, 1, 0, 0
561501, 1839675, 1, 0, 0
561600, 1686735, 1, 0, 0
561700, 1746505, 1, 0, 0
561800, 1755539, 1, 0, 0
561900, 1824915, 1, 0, 0
562001, 1664787, 1, 0, 0
562100, 1787621, 1, 0, 0
562201, 1681756, 1, 0, 0
562300, 1690974, 1, 0, 0
562403, 1838651, 1, 0, 0
562501, 1720879, 1, 0, 0
562600, 1779806, 1, 0, 0
562700, 1767933, 1, 0, 0
562801, 1752784, 1, 0, 0
562902, 1917396, 1, 0, 0
563000, 1699146, 1, 0, 0
563100, 1727639, 1, 0, 0
563201, 1805983, 1, 0, 0
563301, 1742805, 1, 0, 0
563401, 1791502, 1, 0, 0
563500, 1784524, 1, 0, 0
563601, 1770356, 1, 0, 0
563701, 1771936, 1, 0, 0
563801, 1767272, 1, 0, 0
563900, 1844187, 1, 0, 0
564000, 1695564, 1, 0, 0
564100, 1788566, 1, 0, 0
564201, 1743138, 1, 0, 0
564300, 1828741, 1, 0, 0
564401, 1776566, 1, 0, 0
564501, 1818658, 1, 0, 0
564600, 1781344, 1, 0, 0
564700, 1860962, 1, 0, 0
564800, 1841435, 1, 0, 0
564901, 1804714, 1, 0, 0
565001, 1758535, 1, 0, 0
565101, 1858628, 1, 0, 0
565200, 1722643, 1, 0, 0
565300, 1748340, 1, 0, 0
565401, 1815367, 1, 0, 0
565500, 1777056, 1, 0, 0
565601, 1666575, 1, 0, 0
565700, 1752374, 1, 0, 0
565802, 1750753, 1, 0, 0
565902, 1758831, 1, 0, 0
566000, 1735834, 1, 0, 0
566100, 1792289, 1, 0, 0
566201, 1661931, 1, 0, 0
566301, 1793886, 1, 0, 0
566400, 1792748, 1, 0, 0
566500, 1850378, 1, 0, 0
566600, 1738389, 1, 0, 0
566700, 1790850, 1, 0, 0
566801, 1685985, 1, 0, 0
566900, 1688982, 1, 0, 0
567001, 1772231, 1, 0, 0
567100, 1664187, 1, 0, 0
567204, 1922027, 1, 0, 0
567301, 1775935, 1, 0, 0
567400, 1707057, 1, 0, 0
567501, 1658780, 1, 0, 0
567600, 1656869, 1, 0, 0
567700, 1697472, 1, 0, 0
567801, 1692954, 1, 0, 0
567900, 1811578, 1, 0, 0
568001, 1708635, 1, 0, 0
568100, 1723258, 1, 0, 0
568200, 1724836, 1, 0, 0
568301, 1792161, 1, 0, 0
568400, 1679102, 1, 0, 0
568501, 1815965, 1, 0, 0
568600, 1775414, 1, 0, 0
568700, 1701601, 1, 0, 0
568800, 1785429, 1, 0, 0
568900, 1768294, 1, 0, 0
569001, 1784291, 1, 0, 0
569101, 1852344, 1, 0, 0
569201, 1731898, 1, 0, 0
569300, 1743136, 1, 0, 0
569400, 1762737, 1, 0, 0
569501, 1719451, 1, 0, 0
569600, 1756341, 1, 0, 0
569700, 1755641, 1, 0, 0
569800, 1727991, 1, 0, 0
569901, 1849424, 1, 0, 0
570001, 1763669, 1, 0, 0
570100, 1711271, 1, 0, 0
570200, 1831577, 1, 0, 0
570302, 1793493, 1, 0, 0
570401, 1880790, 1, 0, 0
570500, 1748632, 1, 0, 0
570601, 1648713, 1, 0, 0
570701, 1768585, 1, 0, 0
570801, 1757027, 1, 0, 0
570900, 1756651, 1, 0, 0
571001, 1766630, 1, 0, 0
571100, 1790689, 1, 0, 0
571200, 1754828, 1, 0, 0
571300, 1836294, 1, 0, 0
571401, 1808431, 1, 0, 0
571500, 1844292, 1, 0, 0
571600, 1699751, 1, 0, 0
571700, 1667530, 1, 0, 0
571800, 1732682, 1, 0, 0
571900, 1855390, 1, 0, 0
572000, 1898860, 1, 0, 0
572101, 1716488, 1, 0, 0
572200, 1846915, 1, 0, 0
572301, 1807596, 1, 0, 0
572401, 1867780, 1, 0, 0
572500, 1835351, 1, 0, 0
572601, 1760733, 1, 0, 0
572700, 1713948, 1, 0, 0
572800, 1826594, 1, 0, 0
572900, 1816380, 1, 0, 0
573001, 1851825, 1, 0, 0
573102, 1838597, 1, 0, 0
573200, 1840045, 1, 0, 0
573300, 1719798, 1, 0, 0
573400, 1834360, 1, 0, 0
573502, 1818910, 1, 0, 0
573600, 1803031, 1, 0, 0
573700, 1703820, 1, 0, 0
573801, 1761141, 1, 0, 0
573900, 1816684, 1, 0, 0
574001, 1767730, 1, 0, 0
574100, 1724145, 1, 0, 0
574201, 1679646, 1, 0, 0
574300, 1722969, 1, 0, 0
574403, 1874968, 1, 0, 0
574502, 1878511, 1, 0, 0
574602, 1793307, 1, 0, 0
574700, 1708302, 1, 0, 0
574801, 1702385, 1, 0, 0
574901, 1827513, 1, 0, 0
575000, 1838113, 1, 0, 0
575100, 1768995, 1, 0, 0
575200, 1828437, 1, 0, 0
575301, 1849293, 1, 0, 0
575400, 1774226, 1, 0, 0
575501, 1881011, 1, 0, 0
575601, 1752020, 1, 0, 0
575702, 1775665, 1, 0, 0
575800, 1789052, 1, 0, 0
575902, 2029137, 1, 0, 0
576000, 1760240, 1, 0, 0
576100, 1716600, 1, 0, 0
576200, 1715856, 1, 0, 0
576302, 1821186, 1, 0, 0
576400, 1818151, 1, 0, 0
576500, 1827868, 1, 0, 0
576600, 1760663, 1, 0, 0
576700, 1760571, 1, 0, 0
576800, 1761906, 1, 0, 0
576901, 1824483, 1, 0, 0
577001, 1817696, 1, 0, 0
577100, 1711411, 1, 0, 0
577201, 1822753, 1, 0, 0
577300, 1811370, 1, 0, 0
577401, 1808787, 1, 0, 0
577501, 1787119, 1, 0, 0
577602, 1842731, 1, 0, 0
577701, 1817348, 1, 0, 0
577801, 1797443, 1, 0, 0
577900, 1761280, 1, 0, 0
578000, 1801428, 1, 0, 0
578100, 1971713, 1, 0, 0
578200, 1760739, 1, 0, 0
578301, 1691781, 1, 0, 0
578402, 1752740, 1, 0, 0
578501, 1720390, 1, 0, 0
578600, 1769212, 1, 0, 0
578700, 1767548, 1, 0, 0
578802, 1804747, 1, 0, 0
578901, 1714391, 1, 0, 0
579000, 1809676, 1, 0, 0
579100, 1761219, 1, 0, 0
579202, 1759947, 1, 0, 0
579301, 1722070, 1, 0, 0
579400, 1780367, 1, 0, 0
579500, 1769347, 1, 0, 0
579600, 1794498, 1, 0, 0
579701, 1953289, 1, 0, 0
579801, 1733568, 1, 0, 0
579901, 1876363, 1, 0, 0
580000, 1806161, 1, 0, 0
580100, 1801636, 1, 0, 0
580200, 1847013, 1, 0, 0
580300, 1948905, 1, 0, 0
580400, 1825311, 1, 0, 0
580500, 1722447, 1, 0, 0
580600, 1737205, 1, 0, 0
580700, 1675500, 1, 0, 0
580801, 1756911, 1, 0, 0
580900, 1780876, 1, 0, 0
581001, 1779302, 1, 0, 0
581100, 1809995, 1, 0, 0
581201, 1728134, 1, 0, 0
581302, 1800824, 1, 0, 0
581400, 1876039, 1, 0, 0
581500, 1730557, 1, 0, 0
581601, 1709745, 1, 0, 0
581700, 1782171, 1, 0, 0
581801, 1772291, 1, 0, 0
581901, 1829659, 1, 0, 0
582000, 1754718, 1, 0, 0
582102, 1765699, 1, 0, 0
582200, 1845842, 1, 0, 0
582301, 1848340, 1, 0, 0
582400, 1752347, 1, 0, 0
582500, 1824241, 1, 0, 0
582600, 1735469, 1, 0, 0
582701, 1776286, 1, 0, 0
582800, 1734799, 1, 0, 0
582900, 1746967, 1, 0, 0
583001, 1803591, 1, 0, 0
583100, 1843898, 1, 0, 0
583201, 1815897, 1, 0, 0
583302, 1735223, 1, 0, 0
583400, 1790552, 1, 0, 0
583500, 1870899, 1, 0, 0
583600, 1870249, 1, 0, 0
583701, 1715786, 1, 0, 0
583800, 1806761, 1, 0, 0
583901, 1808223, 1, 0, 0
584000, 1848623, 1, 0, 0
584100, 1786912, 1, 0, 0
584200, 1795685, 1, 0, 0
584300, 1792438, 1, 0, 0
584401, 1635098, 1, 0, 0
584503, 1831682, 1, 0, 0
584600, 1681645, 1, 0, 0
584702, 1784285, 1, 0, 0
584801, 1817812, 1, 0, 0
584900, 1719088, 1, 0, 0
585000, 1818487, 1, 0, 0
585100, 1667658, 1, 0, 0
585201, 1809965, 1, 0, 0
585300, 1851651, 1, 0, 0
585400, 1789319, 1, 0, 0
585500, 1798318, 1, 0, 0
585600, 1767454, 1, 0, 0
585700, 1859277, 1, 0, 0
585801, 1774368, 1, 0, 0
585900, 1744988, 1, 0, 0
586000, 1798619, 1, 0, 0
586100, 1731422, 1, 0, 0
586201, 1728561, 1, 0, 0
586300, 1654056, 1, 0, 0
586400, 1695624, 1, 0, 0
586500, 1874284, 1, 0, 0
586600, 1724272, 1, 0, 0
586701, 1848300, 1, 0, 0
586801, 1707349, 1, 0, 0
586900, 1816003, 1, 0, 0
587000, 1813147, 1, 0, 0
587101, 1722836, 1, 0, 0
587200, 1683799, 1, 0, 0
587300, 1731329, 1, 0, 0
587401, 1699732, 1, 0, 0
587500, 1838408, 1, 0, 0
587600, 1729479, 1, 0, 0
587701, 1808233, 1, 0, 0
587800, 1785730, 1, 0, 0
587900, 1817181, 1, 0, 0
588001, 1784441, 1, 0, 0
588101, 1823504, 1, 0, 0
588200, 1739248, 1, 0, 0
588301, 1748356, 1, 0, 0
588401, 1772775, 1, 0, 0
588500, 1688068, 1, 0, 0
588601, 1843199, 1, 0, 0
588701, 1830592, 1, 0, 0
588801, 1816680, 1, 0, 0
588901, 1706143, 1, 0, 0
589000, 1667443, 1, 0, 0
589101, 1811298, 1, 0, 0
589200, 1738543, 1, 0, 0
589301, 1719335, 1, 0, 0
589400, 1677775, 1, 0, 0
589501, 1662157, 1, 0, 0
589601, 1791921, 1, 0, 0
589700, 1799888, 1, 0, 0
589800, 1744339, 1, 0, 0
589900, 1727919, 1, 0, 0
590000, 1825856, 1, 0, 0
590101, 1748191, 1, 0, 0
590200, 1610113, 1, 0, 0
590300, 1798410, 1, 0, 0
590401, 1647656, 1, 0, 0
590500, 1751150, 1, 0, 0
590601, 1812673, 1, 0, 0
590700, 1838547, 1, 0, 0
590800, 1732635, 1, 0, 0
590901, 1714636, 1, 0, 0
591001, 1777405, 1, 0, 0
591101, 1780809, 1, 0, 0
591201, 1768285, 1, 0, 0
591300, 1802451, 1, 0, 0
591401, 1786718, 1, 0, 0
591500, 1774389, 1, 0, 0
591601, 1603715, 1, 0, 0
591701, 1763699, 1, 0, 0
591801, 1728289, 1, 0, 0
591901, 1828237, 1, 0, 0
592001, 1740065, 1, 0, 0
592100, 1772761, 1, 0, 0
592200, 1817170, 1, 0, 0
592300, 1685994, 1, 0, 0
592400, 1695719, 1, 0, 0
592501, 1747861, 1, 0, 0
592600, 1769431, 1, 0, 0
592703, 1806560, 1, 0, 0
592801, 1796892, 1, 0, 0
592900, 1781697, 1, 0, 0
593001, 1746149, 1, 0, 0
593101, 1766463, 1, 0, 0
593200, 1735133, 1, 0, 0
593300, 1680457, 1, 0, 0
593401, 1835119, 1, 0, 0
593500, 1947782, 1, 0, 0
593601, 1728492, 1, 0, 0
593702, 1720665, 1, 0, 0
593801, 1866525, 1, 0, 0
593901, 1669410, 1, 0, 0
594001, 1773369, 1, 0, 0
594101, 1798666, 1, 0, 0
594200, 1795783, 1, 0, 0
594301, 1786198, 1, 0, 0
594401, 1731395, 1, 0, 0
594500, 1729821, 1, 0, 0
594600, 1746127, 1, 0, 0
594700, 1819344, 1, 0, 0
594800, 1761428, 1, 0, 0
594900, 1794708, 1, 0, 0
595001, 1788615, 1, 0, 0
595100, 1760713, 1, 0, 0
595201, 1782134, 1, 0, 0
595301, 1792286, 1, 0, 0
595400, 1780983, 1, 0, 0
595500, 1873857, 1, 0, 0
595600, 1772104, 1, 0, 0
595700, 1929236, 1, 0, 0
595801, 1874440, 1, 0, 0
595900, 1812496, 1, 0, 0
596001, 1779508, 1, 0, 0
596101, 1752748, 1, 0, 0
596200, 1847986, 1, 0, 0
596300, 1672652, 1, 0, 0
596401, 1768128, 1, 0, 0
596500, 1790923, 1, 0, 0
596601, 1738587, 1, 0, 0
596700, 1682053, 1, 0, 0
596800, 1793790, 1, 0, 0
596901, 1708121, 1, 0, 0
597000, 1909468, 1, 0, 0
597102, 1865091, 1, 0, 0
597201, 1817820, 1, 0, 0
597300, 1843330, 1, 0, 0
597400, 1819348, 1, 0, 0
597500, 1759351, 1, 0, 0
597601, 1773888, 1, 0, 0
597700, 1786128, 1, 0, 0
597800, 1852225, 1, 0, 0
597900, 1864411, 1, 0, 0
598001, 1853972, 1, 0, 0
598100, 1807294, 1, 0, 0
598200, 1830513, 1, 0, 0
598300, 1853849, 1, 0, 0
598400, 1869439, 1, 0, 0
598500, 1794424, 1, 0, 0
598600, 1906276, 1, 0, 0
598700, 1860377, 1, 0, 0
598801, 1768983, 1, 0, 0
598900, 1781812, 1, 0, 0
599000, 1767432, 1, 0, 0
599101, 1776523, 1, 0, 0
599201, 1796417, 1, 0, 0
599300, 1749716, 1, 0, 0
599400, 1755481, 1, 0, 0
599500, 1856546, 1, 0, 0
599600, 1801417, 1, 0, 0
599700, 1753729, 1, 0, 0
599801, 1793816, 1, 0, 0
599901, 1691231, 1, 0, 0
600001, 1866805, 1, 0, 0
