250, 488, 1, 0, 0
350, 520, 1, 0, 0
450, 510, 1, 0, 0
550, 530, 1, 0, 0
650, 510, 1, 0, 0
749, 505, 1, 0, 0
849, 510, 1, 0, 0
949, 540, 1, 0, 0
1050, 500, 1, 0, 0
1150, 560, 1, 0, 0
1249, 505, 1, 0, 0
1349, 490, 1, 0, 0
1449, 500, 1, 0, 0
1549, 520, 1, 0, 0
1649, 510, 1, 0, 0
1749, 520, 1, 0, 0
1849, 540, 1, 0, 0
1949, 500, 1, 0, 0
2050, 520, 1, 0, 0
2150, 510, 1, 0, 0
2249, 525, 1, 0, 0
2349, 510, 1, 0, 0
2449, 540, 1, 0, 0
2549, 520, 1, 0, 0
2649, 520, 1, 0, 0
2749, 500, 1, 0, 0
2849, 500, 1, 0, 0
2949, 530, 1, 0, 0
3050, 510, 1, 0, 0
3150, 500, 1, 0, 0
3249, 525, 1, 0, 0
3349, 520, 1, 0, 0
3449, 520, 1, 0, 0
3549, 520, 1, 0, 0
3649, 530, 1, 0, 0
3749, 510, 1, 0, 0
3849, 510, 1, 0, 0
3949, 510, 1, 0, 0
4050, 510, 1, 0, 0
4150, 500, 1, 0, 0
4249, 525, 1, 0, 0
4349, 480, 1, 0, 0
4449, 500, 1, 0, 0
4549, 520, 1, 0, 0
4649, 520, 1, 0, 0
4749, 480, 1, 0, 0
4849, 500, 1, 0, 0
4949, 490, 1, 0, 0
5050, 520, 1, 0, 0
5150, 490, 1, 0, 0
5249, 474, 1, 0, 0
5349, 490, 1, 0, 0
5449, 480, 1, 0, 0
5549, 470, 1, 0, 0
5649, 480, 1, 0, 0
5749, 490, 1, 0, 0
5849, 490, 1, 0, 0
5949, 500, 1, 0, 0
6050, 490, 1, 0, 0
6150, 480, 1, 0, 0
6249, 464, 1, 0, 0
6349, 520, 1, 0, 0
6449, 430, 1, 0, 0
6549, 490, 1, 0, 0
6649, 480, 1, 0, 0
6749, 460, 1, 0, 0
6849, 460, 1, 0, 0
6949, 460, 1, 0, 0
7050, 470, 1, 0, 0
7150, 450, 1, 0, 0
7249, 464, 1, 0, 0
7349, 470, 1, 0, 0
7449, 460, 1, 0, 0
7549, 460, 1, 0, 0
7649, 480, 1, 0, 0
7749, 490, 1, 0, 0
7849, 460, 1, 0, 0
7949, 480, 1, 0, 0
8050, 480, 1, 0, 0
8150, 460, 1, 0, 0
8249, 474, 1, 0, 0
8349, 490, 1, 0, 0
8449, 480, 1, 0, 0
8549, 480, 1, 0, 0
8649, 450, 1, 0, 0
8749, 450, 1, 0, 0
8849, 470, 1, 0, 0
8949, 440, 1, 0, 0
9050, 460, 1, 0, 0
9150, 470, 1, 0, 0
9249, 464, 1, 0, 0
9349, 460, 1, 0, 0
9449, 460, 1, 0, 0
9549, 470, 1, 0, 0
9649, 480, 1, 0, 0
9749, 490, 1, 0, 0
9849, 470, 1, 0, 0
9949, 450, 1, 0, 0
10050, 460, 1, 0, 0
10150, 460, 1, 0, 0
10249, 474, 1, 0, 0
10349, 460, 1, 0, 0
10449, 470, 1, 0, 0
10549, 480, 1, 0, 0
10649, 500, 1, 0, 0
10749, 460, 1, 0, 0
10849, 460, 1, 0, 0
10949, 490, 1, 0, 0
11050, 460, 1, 0, 0
11150, 470, 1, 0, 0
11249, 494, 1, 0, 0
11349, 460, 1, 0, 0
11449, 480, 1, 0, 0
11549, 450, 1, 0, 0
11649, 460, 1, 0, 0
11749, 470, 1, 0, 0
11849, 480, 1, 0, 0
11949, 460, 1, 0, 0
12049, 480, 1, 0, 0
12150, 470, 1, 0, 0
12249, 454, 1, 0, 0
12349, 480, 1, 0, 0
12449, 480, 1, 0, 0
12549, 480, 1, 0, 0
12649, 460, 1, 0, 0
12749, 480, 1, 0, 0
12849, 460, 1, 0, 0
12949, 470, 1, 0, 0
13050, 440, 1, 0, 0
13150, 480, 1, 0, 0
13249, 494, 1, 0, 0
13349, 480, 1, 0, 0
13449, 480, 1, 0, 0
13549, 470, 1, 0, 0
13649, 460, 1, 0, 0
13749, 480, 1, 0, 0
13849, 470, 1, 0, 0
13949, 460, 1, 0, 0
14049, 460, 1, 0, 0
14150, 460, 1, 0, 0
14249, 454, 1, 0, 0
14349, 470, 1, 0, 0
14449, 450, 1, 0, 0
14549, 470, 1, 0, 0
14649, 470, 1, 0, 0
14749, 490, 1, 0, 0
14849, 490, 1, 0, 0
14949, 450, 1, 0, 0
15050, 450, 1, 0, 0
15150, 450, 1, 0, 0
15249, 474, 1, 0, 0
15349, 480, 1, 0, 0
15449, 490, 1, 0, 0
15549, 450, 1, 0, 0
15649, 490, 1, 0, 0
15749, 450, 1, 0, 0
15849, 490, 1, 0, 0
15949, 430, 1, 0, 0
16050, 440, 1, 0, 0
16150, 440, 1, 0, 0
16249, 484, 1, 0, 0
16349, 450, 1, 0, 0
16449, 480, 1, 0, 0
16549, 470, 1, 0, 0
16649, 470, 1, 0, 0
16749, 450, 1, 0, 0
16849, 450, 1, 0, 0
16949, 490, 1, 0, 0
17050, 450, 1, 0, 0
17150, 460, 1, 0, 0
17249, 454, 1, 0, 0
17349, 460, 1, 0, 0
17449, 470, 1, 0, 0
17549, 460, 1, 0, 0
17649, 460, 1, 0, 0
17749, 440, 1, 0, 0
17849, 470, 1, 0, 0
17949, 480, 1, 0, 0
18049, 460, 1, 0, 0
18150, 450, 1, 0, 0
18249, 474, 1, 0, 0
18349, 490, 1, 0, 0
18449, 440, 1, 0, 0
18549, 480, 1, 0, 0
18649, 460, 1, 0, 0
18749, 500, 1, 0, 0
18849, 450, 1, 0, 0
18949, 460, 1, 0, 0
19049, 470, 1, 0, 0
19150, 450, 1, 0, 0
19250, 470, 1, 0, 0
19350, 450, 1, 0, 0
19450, 460, 1, 0, 0
19550, 460, 1, 0, 0
19650, 430, 1, 0, 0
19749, 464, 1, 0, 0
19849, 460, 1, 0, 0
19949, 450, 1, 0, 0
20049, 470, 1, 0, 0
20150, 440, 1, 0, 0
20250, 460, 1, 0, 0
20350, 460, 1, 0, 0
20450, 460, 1, 0, 0
20550, 490, 1, 0, 0
20650, 440, 1, 0, 0
20749, 454, 1, 0, 0
20849, 460, 1, 0, 0
20949, 470, 1, 0, 0
21049, 490, 1, 0, 0
21149, 450, 1, 0, 0
21250, 460, 1, 0, 0
21350, 450, 1, 0, 0
21450, 460, 1, 0, 0
21550, 440, 1, 0, 0
21650, 470, 1, 0, 0
21749, 444, 1, 0, 0
21849, 440, 1, 0, 0
21949, 440, 1, 0, 0
22049, 440, 1, 0, 0
22149, 460, 1, 0, 0
22250, 470, 1, 0, 0
22350, 480, 1, 0, 0
22450, 490, 1, 0, 0
22550, 440, 1, 0, 0
22650, 450, 1, 0, 0
22749, 484, 1, 0, 0
22849, 480, 1, 0, 0
22949, 470, 1, 0, 0
23049, 490, 1, 0, 0
23149, 480, 1, 0, 0
23250, 440, 1, 0, 0
23350, 480, 1, 0, 0
23450, 460, 1, 0, 0
23550, 480, 1, 0, 0
23650, 460, 1, 0, 0
23749, 464, 1, 0, 0
23849, 450, 1, 0, 0
23949, 470, 1, 0, 0
24049, 480, 1, 0, 0
24149, 470, 1, 0, 0
24250, 480, 1, 0, 0
24350, 480, 1, 0, 0
24450, 460, 1, 0, 0
24550, 490, 1, 0, 0
24650, 460, 1, 0, 0
24749, 444, 1, 0, 0
24849, 430, 1, 0, 0
24949, 420, 1, 0, 0
25049, 490, 1, 0, 0
25149, 460, 1, 0, 0
25250, 490, 1, 0, 0
25350, 480, 1, 0, 0
25450, 470, 1, 0, 0
25550, 440, 1, 0, 0
25650, 470, 1, 0, 0
25749, 484, 1, 0, 0
25849, 470, 1, 0, 0
25949, 470, 1, 0, 0
26049, 470, 1, 0, 0
26149, 450, 1, 0, 0
26250, 490, 1, 0, 0
26350, 460, 1, 0, 0
26450, 470, 1, 0, 0
26550, 460, 1, 0, 0
26650, 460, 1, 0, 0
26749, 464, 1, 0, 0
26849, 460, 1, 0, 0
26949, 450, 1, 0, 0
27049, 480, 1, 0, 0
27149, 480, 1, 0, 0
27250, 470, 1, 0, 0
27350, 460, 1, 0, 0
27450, 470, 1, 0, 0
27550, 470, 1, 0, 0
27650, 450, 1, 0, 0
27749, 454, 1, 0, 0
27849, 460, 1, 0, 0
27949, 470, 1, 0, 0
28049, 460, 1, 0, 0
28149, 480, 1, 0, 0
28250, 480, 1, 0, 0
28350, 460, 1, 0, 0
28450, 450, 1, 0, 0
28550, 450, 1, 0, 0
28650, 430, 1, 0, 0
28749, 454, 1, 0, 0
28849, 480, 1, 0, 0
28949, 450, 1, 0, 0
29049, 460, 1, 0, 0
29149, 490, 1, 0, 0
29250, 460, 1, 0, 0
29350, 480, 1, 0, 0
29450, 440, 1, 0, 0
29550, 480, 1, 0, 0
29650, 450, 1, 0, 0
29749, 484, 1, 0, 0
29849, 460, 1, 0, 0
29949, 440, 1, 0, 0
30049, 450, 1, 0, 0
30149, 460, 1, 0, 0
30250, 480, 1, 0, 0
30350, 450, 1, 0, 0
30450, 480, 1, 0, 0
30550, 490, 1, 0, 0
30650, 480, 1, 0, 0
30749, 494, 1, 0, 0
30849, 460, 1, 0, 0
30949, 450, 1, 0, 0
31049, 490, 1, 0, 0
31149, 460, 1, 0, 0
31250, 470, 1, 0, 0
31350, 440, 1, 0, 0
31450, 500, 1, 0, 0
31550, 470, 1, 0, 0
31650, 450, 1, 0, 0
31749, 474, 1, 0, 0
31849, 470, 1, 0, 0
31949, 460, 1, 0, 0
32049, 470, 1, 0, 0
32149, 460, 1, 0, 0
32250, 470, 1, 0, 0
32350, 460, 1, 0, 0
32450, 460, 1, 0, 0
32550, 470, 1, 0, 0
32650, 460, 1, 0, 0
32749, 474, 1, 0, 0
32849, 450, 1, 0, 0
32949, 450, 1, 0, 0
33049, 470, 1, 0, 0
33149, 470, 1, 0, 0
33250, 490, 1, 0, 0
33350, 470, 1, 0, 0
33450, 470, 1, 0, 0
33550, 490, 1, 0, 0
33650, 480, 1, 0, 0
33749, 474, 1, 0, 0
33849, 490, 1, 0, 0
33949, 470, 1, 0, 0
34049, 460, 1, 0, 0
34149, 460, 1, 0, 0
34250, 470, 1, 0, 0
34350, 480, 1, 0, 0
34450, 510, 1, 0, 0
34550, 470, 1, 0, 0
34650, 500, 1, 0, 0
34749, 444, 1, 0, 0
34849, 460, 1, 0, 0
34949, 470, 1, 0, 0
35049, 500, 1, 0, 0
35149, 480, 1, 0, 0
35249, 490, 1, 0, 0
35350, 490, 1, 0, 0
35450, 470, 1, 0, 0
35550, 470, 1, 0, 0
35650, 470, 1, 0, 0
35749, 454, 1, 0, 0
35849, 480, 1, 0, 0
35949, 470, 1, 0, 0
36049, 470, 1, 0, 0
36149, 440, 1, 0, 0
36250, 490, 1, 0, 0
36350, 460, 1, 0, 0
36450, 490, 1, 0, 0
36550, 460, 1, 0, 0
36650, 490, 1, 0, 0
36749, 484, 1, 0, 0
36849, 470, 1, 0, 0
36949, 490, 1, 0, 0
37049, 470, 1, 0, 0
37149, 490, 1, 0, 0
37250, 480, 1, 0, 0
37350, 480, 1, 0, 0
37450, 490, 1, 0, 0
37550, 460, 1, 0, 0
37650, 470, 1, 0, 0
37749, 444, 1, 0, 0
37849, 470, 1, 0, 0
37949, 490, 1, 0, 0
38049, 480, 1, 0, 0
38149, 480, 1, 0, 0
38250, 470, 1, 0, 0
38350, 460, 1, 0, 0
38450, 480, 1, 0, 0
38550, 480, 1, 0, 0
38650, 470, 1, 0, 0
38749, 474, 1, 0, 0
38849, 460, 1, 0, 0
38949, 500, 1, 0, 0
39049, 470, 1, 0, 0
39149, 450, 1, 0, 0
39250, 480, 1, 0, 0
39350, 460, 1, 0, 0
39450, 480, 1, 0, 0
39550, 490, 1, 0, 0
39650, 490, 1, 0, 0
39749, 484, 1, 0, 0
39849, 490, 1, 0, 0
39949, 490, 1, 0, 0
40049, 490, 1, 0, 0
40149, 490, 1, 0, 0
40250, 490, 1, 0, 0
40350, 470, 1, 0, 0
40450, 470, 1, 0, 0
40550, 460, 1, 0, 0
40650, 480, 1, 0, 0
40749, 454, 1, 0, 0
40849, 470, 1, 0, 0
40949, 470, 1, 0, 0
41049, 490, 1, 0, 0
41149, 500, 1, 0, 0
41249, 480, 1, 0, 0
41350, 480, 1, 0, 0
41450, 490, 1, 0, 0
41550, 500, 1, 0, 0
41650, 470, 1, 0, 0
41749, 464, 1, 0, 0
41849, 490, 1, 0, 0
41949, 510, 1, 0, 0
42049, 490, 1, 0, 0
42149, 460, 1, 0, 0
42249, 450, 1, 0, 0
42350, 460, 1, 0, 0
42450, 460, 1, 0, 0
42550, 480, 1, 0, 0
42650, 470, 1, 0, 0
42749, 474, 1, 0, 0
42849, 500, 1, 0, 0
42949, 480, 1, 0, 0
43049, 480, 1, 0, 0
43149, 440, 1, 0, 0
43250, 470, 1, 0, 0
43350, 480, 1, 0, 0
43450, 460, 1, 0, 0
43550, 470, 1, 0, 0
43650, 460, 1, 0, 0
43749, 494, 1, 0, 0
43849, 470, 1, 0, 0
43949, 480, 1, 0, 0
44049, 490, 1, 0, 0
44149, 500, 1, 0, 0
44250, 460, 1, 0, 0
44350, 470, 1, 0, 0
44450, 470, 1, 0, 0
44550, 480, 1, 0, 0
44650, 480, 1, 0, 0
44749, 474, 1, 0, 0
44849, 480, 1, 0, 0
44949, 470, 1, 0, 0
45049, 460, 1, 0, 0
45149, 480, 1, 0, 0
45250, 490, 1, 0, 0
45350, 500, 1, 0, 0
45450, 460, 1, 0, 0
45550, 450, 1, 0, 0
45650, 490, 1, 0, 0
45749, 454, 1, 0, 0
45849, 470, 1, 0, 0
45949, 490, 1, 0, 0
46049, 450, 1, 0, 0
46150, 480, 1, 0, 0
46250, 470, 1, 0, 0
46350, 480, 1, 0, 0
46450, 500, 1, 0, 0
46550, 480, 1, 0, 0
46650, 480, 1, 0, 0
46749, 474, 1, 0, 0
46849, 500, 1, 0, 0
46949, 440, 1, 0, 0
47049, 460, 1, 0, 0
47150, 470, 1, 0, 0
47250, 460, 1, 0, 0
47350, 490, 1, 0, 0
47450, 480, 1, 0, 0
47550, 480, 1, 0, 0
47650, 480, 1, 0, 0
47749, 444, 1, 0, 0
47849, 450, 1, 0, 0
47949, 460, 1, 0, 0
48050, 450, 1, 0, 0
48150, 470, 1, 0, 0
48249, 484, 1, 0, 0
48349, 440, 1, 0, 0
48449, 480, 1, 0, 0
48549, 470, 1, 0, 0
48649, 440, 1, 0, 0
48749, 460, 1, 0, 0
48849, 440, 1, 0, 0
48949, 470, 1, 0, 0
49050, 460, 1, 0, 0
49150, 440, 1, 0, 0
49249, 454, 1, 0, 0
49349, 460, 1, 0, 0
49449, 470, 1, 0, 0
49549, 470, 1, 0, 0
49649, 460, 1, 0, 0
49749, 470, 1, 0, 0
49849, 450, 1, 0, 0
49949, 480, 1, 0, 0
50050, 480, 1, 0, 0
50150, 500, 1, 0, 0
50249, 464, 1, 0, 0
50349, 470, 1, 0, 0
50449, 470, 1, 0, 0
50549, 490, 1, 0, 0
50649, 490, 1, 0, 0
50749, 470, 1, 0, 0
50849, 470, 1, 0, 0
50949, 490, 1, 0, 0
51050, 460, 1, 0, 0
51150, 460, 1, 0, 0
51249, 494, 1, 0, 0
51349, 470, 1, 0, 0
51449, 440, 1, 0, 0
51549, 470, 1, 0, 0
51649, 470, 1, 0, 0
51749, 500, 1, 0, 0
51849, 470, 1, 0, 0
51950, 480, 1, 0, 0
52050, 450, 1, 0, 0
52150, 460, 1, 0, 0
52249, 484, 1, 0, 0
52349, 460, 1, 0, 0
52449, 470, 1, 0, 0
52549, 440, 1, 0, 0
52649, 460, 1, 0, 0
52749, 460, 1, 0, 0
52849, 460, 1, 0, 0
52950, 470, 1, 0, 0
53050, 480, 1, 0, 0
53150, 470, 1, 0, 0
53249, 494, 1, 0, 0
53349, 470, 1, 0, 0
53449, 480, 1, 0, 0
53549, 460, 1, 0, 0
53649, 440, 1, 0, 0
53749, 450, 1, 0, 0
53849, 470, 1, 0, 0
53950, 460, 1, 0, 0
54050, 460, 1, 0, 0
54150, 470, 1, 0, 0
54249, 454, 1, 0, 0
54349, 470, 1, 0, 0
54449, 440, 1, 0, 0
54549, 460, 1, 0, 0
54649, 460, 1, 0, 0
54749, 440, 1, 0, 0
54849, 470, 1, 0, 0
54950, 480, 1, 0, 0
55050, 450, 1, 0, 0
55150, 460, 1, 0, 0
55249, 474, 1, 0, 0
55349, 470, 1, 0, 0
55449, 470, 1, 0, 0
55549, 440, 1, 0, 0
55649, 450, 1, 0, 0
55749, 470, 1, 0, 0
55850, 460, 1, 0, 0
55950, 470, 1, 0, 0
56050, 470, 1, 0, 0
56150, 450, 1, 0, 0
56249, 464, 1, 0, 0
56349, 460, 1, 0, 0
56449, 440, 1, 0, 0
56549, 460, 1, 0, 0
56649, 440, 1, 0, 0
56750, 450, 1, 0, 0
56850, 440, 1, 0, 0
56950, 450, 1, 0, 0
57050, 440, 1, 0, 0
57150, 440, 1, 0, 0
57249, 464, 1, 0, 0
57349, 460, 1, 0, 0
57449, 470, 1, 0, 0
57549, 460, 1, 0, 0
57650, 460, 1, 0, 0
57750, 470, 1, 0, 0
57850, 460, 1, 0, 0
57950, 490, 1, 0, 0
58050, 460, 1, 0, 0
58150, 460, 1, 0, 0
58249, 484, 1, 0, 0
58349, 490, 1, 0, 0
58449, 460, 1, 0, 0
58550, 450, 1, 0, 0
58650, 470, 1, 0, 0
58750, 470, 1, 0, 0
58850, 470, 1, 0, 0
58950, 460, 1, 0, 0
59050, 480, 1, 0, 0
59150, 460, 1, 0, 0
59249, 474, 1, 0, 0
59349, 490, 1, 0, 0
59449, 450, 1, 0, 0
59549, 470, 1, 0, 0
59649, 460, 1, 0, 0
59750, 450, 1, 0, 0
59850, 470, 1, 0, 0
59950, 470, 1, 0, 0
60050, 480, 1, 0, 0
60150, 460, 1, 0, 0
60249, 444, 1, 0, 0
60349, 470, 1, 0, 0
60449, 470, 1, 0, 0
60549, 470, 1, 0, 0
60650, 480, 1, 0, 0
60750, 480, 1, 0, 0
60850, 490, 1, 0, 0
60950, 460, 1, 0, 0
61050, 480, 1, 0, 0
61150, 450, 1, 0, 0
61249, 454, 1, 0, 0
61349, 470, 1, 0, 0
61449, 460, 1, 0, 0
61549, 480, 1, 0, 0
61650, 460, 1, 0, 0
61750, 470, 1, 0, 0
61850, 460, 1, 0, 0
61950, 470, 1, 0, 0
62050, 470, 1, 0, 0
62150, 430, 1, 0, 0
62249, 454, 1, 0, 0
62349, 490, 1, 0, 0
62449, 470, 1, 0, 0
62550, 460, 1, 0, 0
62650, 470, 1, 0, 0
62749, 474, 1, 0, 0
62849, 490, 1, 0, 0
62949, 470, 1, 0, 0
63049, 450, 1, 0, 0
63149, 500, 1, 0, 0
63249, 470, 1, 0, 0
63349, 480, 1, 0, 0
63449, 490, 1, 0, 0
63550, 510, 1, 0, 0
63650, 460, 1, 0, 0
63749, 505, 1, 0, 0
63849, 470, 1, 0, 0
63949, 500, 1, 0, 0
64049, 460, 1, 0, 0
64149, 460, 1, 0, 0
64249, 470, 1, 0, 0
64349, 490, 1, 0, 0
64450, 460, 1, 0, 0
64550, 450, 1, 0, 0
64650, 470, 1, 0, 0
64749, 474, 1, 0, 0
64849, 460, 1, 0, 0
64949, 470, 1, 0, 0
65049, 470, 1, 0, 0
65149, 450, 1, 0, 0
65249, 460, 1, 0, 0
65350, 500, 1, 0, 0
65450, 490, 1, 0, 0
65550, 470, 1, 0, 0
65650, 490, 1, 0, 0
65749, 444, 1, 0, 0
65849, 490, 1, 0, 0
65949, 480, 1, 0, 0
66049, 490, 1, 0, 0
66149, 500, 1, 0, 0
66250, 470, 1, 0, 0
66350, 470, 1, 0, 0
66450, 490, 1, 0, 0
66550, 450, 1, 0, 0
66650, 470, 1, 0, 0
66749, 464, 1, 0, 0
66849, 510, 1, 0, 0
66949, 480, 1, 0, 0
67049, 500, 1, 0, 0
67149, 490, 1, 0, 0
67250, 500, 1, 0, 0
67350, 510, 1, 0, 0
67450, 500, 1, 0, 0
67550, 500, 1, 0, 0
67650, 480, 1, 0, 0
67749, 525, 1, 0, 0
67849, 490, 1, 0, 0
67949, 480, 1, 0, 0
68049, 510, 1, 0, 0
68149, 460, 1, 0, 0
68250, 490, 1, 0, 0
68350, 500, 1, 0, 0
68450, 490, 1, 0, 0
68550, 490, 1, 0, 0
68650, 500, 1, 0, 0
68749, 484, 1, 0, 0
68849, 490, 1, 0, 0
68949, 510, 1, 0, 0
69049, 490, 1, 0, 0
69149, 480, 1, 0, 0
69250, 470, 1, 0, 0
69350, 490, 1, 0, 0
69450, 500, 1, 0, 0
69550, 500, 1, 0, 0
69650, 470, 1, 0, 0
69749, 505, 1, 0, 0
69849, 480, 1, 0, 0
69949, 470, 1, 0, 0
70049, 480, 1, 0, 0
70149, 480, 1, 0, 0
70250, 480, 1, 0, 0
70350, 470, 1, 0, 0
70450, 500, 1, 0, 0
70550, 460, 1, 0, 0
70650, 480, 1, 0, 0
70749, 444, 1, 0, 0
70849, 470, 1, 0, 0
70949, 480, 1, 0, 0
71049, 500, 1, 0, 0
71150, 480, 1, 0, 0
71250, 490, 1, 0, 0
71350, 460, 1, 0, 0
71450, 490, 1, 0, 0
71550, 500, 1, 0, 0
71650, 490, 1, 0, 0
71749, 474, 1, 0, 0
71849, 490, 1, 0, 0
71949, 490, 1, 0, 0
72049, 470, 1, 0, 0
72150, 490, 1, 0, 0
72250, 460, 1, 0, 0
72350, 470, 1, 0, 0
72450, 450, 1, 0, 0
72550, 450, 1, 0, 0
72650, 500, 1, 0, 0
72749, 444, 1, 0, 0
72849, 460, 1, 0, 0
72949, 480, 1, 0, 0
73049, 480, 1, 0, 0
73150, 470, 1, 0, 0
73250, 470, 1, 0, 0
73350, 460, 1, 0, 0
73450, 450, 1, 0, 0
73550, 470, 1, 0, 0
73650, 460, 1, 0, 0
73749, 464, 1, 0, 0
73849, 450, 1, 0, 0
73949, 490, 1, 0, 0
74049, 480, 1, 0, 0
74150, 450, 1, 0, 0
74250, 460, 1, 0, 0
74350, 450, 1, 0, 0
74450, 460, 1, 0, 0
74550, 450, 1, 0, 0
74650, 500, 1, 0, 0
74749, 444, 1, 0, 0
74849, 440, 1, 0, 0
74949, 480, 1, 0, 0
75050, 460, 1, 0, 0
75150, 460, 1, 0, 0
75249, 484, 1, 0, 0
75349, 490, 1, 0, 0
75449, 470, 1, 0, 0
75549, 460, 1, 0, 0
75649, 490, 1, 0, 0
75749, 470, 1, 0, 0
75849, 490, 1, 0, 0
75949, 470, 1, 0, 0
76050, 490, 1, 0, 0
76150, 430, 1, 0, 0
76249, 464, 1, 0, 0
76349, 460, 1, 0, 0
76449, 480, 1, 0, 0
76549, 470, 1, 0, 0
76649, 480, 1, 0, 0
76749, 470, 1, 0, 0
76849, 460, 1, 0, 0
76949, 480, 1, 0, 0
77050, 450, 1, 0, 0
77150, 460, 1, 0, 0
77249, 434, 1, 0, 0
77349, 450, 1, 0, 0
77449, 480, 1, 0, 0
77549, 440, 1, 0, 0
77649, 460, 1, 0, 0
77749, 450, 1, 0, 0
77849, 480, 1, 0, 0
77950, 460, 1, 0, 0
78050, 450, 1, 0, 0
78150, 490, 1, 0, 0
78249, 505, 1, 0, 0
78349, 490, 1, 0, 0
78449, 480, 1, 0, 0
78549, 480, 1, 0, 0
78649, 470, 1, 0, 0
78749, 460, 1, 0, 0
78849, 470, 1, 0, 0
78950, 470, 1, 0, 0
79050, 460, 1, 0, 0
79150, 480, 1, 0, 0
79249, 484, 1, 0, 0
79349, 460, 1, 0, 0
79449, 480, 1, 0, 0
79549, 470, 1, 0, 0
79649, 460, 1, 0, 0
79749, 470, 1, 0, 0
79849, 450, 1, 0, 0
79950, 460, 1, 0, 0
80050, 450, 1, 0, 0
80150, 470, 1, 0, 0
80249, 474, 1, 0, 0
80349, 460, 1, 0, 0
80449, 450, 1, 0, 0
80549, 450, 1, 0, 0
80649, 470, 1, 0, 0
80749, 450, 1, 0, 0
80850, 480, 1, 0, 0
80950, 440, 1, 0, 0
81050, 470, 1, 0, 0
81150, 450, 1, 0, 0
81249, 484, 1, 0, 0
81349, 460, 1, 0, 0
81449, 450, 1, 0, 0
81549, 470, 1, 0, 0
81649, 480, 1, 0, 0
81750, 460, 1, 0, 0
81850, 470, 1, 0, 0
81950, 480, 1, 0, 0
82050, 490, 1, 0, 0
82150, 480, 1, 0, 0
82249, 464, 1, 0, 0
82349, 460, 1, 0, 0
82449, 460, 1, 0, 0
82549, 470, 1, 0, 0
82649, 470, 1, 0, 0
82750, 450, 1, 0, 0
82850, 490, 1, 0, 0
82950, 480, 1, 0, 0
83050, 470, 1, 0, 0
83150, 480, 1, 0, 0
83249, 464, 1, 0, 0
83349, 470, 1, 0, 0
83449, 470, 1, 0, 0
83549, 460, 1, 0, 0
83650, 450, 1, 0, 0
83750, 470, 1, 0, 0
83850, 470, 1, 0, 0
83950, 480, 1, 0, 0
84050, 460, 1, 0, 0
84150, 480, 1, 0, 0
84249, 494, 1, 0, 0
84349, 480, 1, 0, 0
84449, 480, 1, 0, 0
84549, 490, 1, 0, 0
84650, 470, 1, 0, 0
84750, 460, 1, 0, 0
84850, 490, 1, 0, 0
84950, 490, 1, 0, 0
85050, 500, 1, 0, 0
85150, 460, 1, 0, 0
85249, 505, 1, 0, 0
85349, 490, 1, 0, 0
85449, 490, 1, 0, 0
85550, 480, 1, 0, 0
85650, 450, 1, 0, 0
85749, 474, 1, 0, 0
85849, 460, 1, 0, 0
85949, 500, 1, 0, 0
86049, 470, 1, 0, 0
86149, 510, 1, 0, 0
86249, 500, 1, 0, 0
86349, 450, 1, 0, 0
86449, 480, 1, 0, 0
86550, 490, 1, 0, 0
86650, 460, 1, 0, 0
86749, 484, 1, 0, 0
86849, 490, 1, 0, 0
86949, 450, 1, 0, 0
87049, 440, 1, 0, 0
87149, 480, 1, 0, 0
87249, 470, 1, 0, 0
87349, 460, 1, 0, 0
87449, 490, 1, 0, 0
87550, 480, 1, 0, 0
87650, 440, 1, 0, 0
87749, 464, 1, 0, 0
87849, 480, 1, 0, 0
87949, 480, 1, 0, 0
88049, 490, 1, 0, 0
88149, 470, 1, 0, 0
88249, 460, 1, 0, 0
88349, 500, 1, 0, 0
88449, 480, 1, 0, 0
88550, 490, 1, 0, 0
88650, 470, 1, 0, 0
88749, 464, 1, 0, 0
88849, 460, 1, 0, 0
88949, 460, 1, 0, 0
89049, 470, 1, 0, 0
89149, 480, 1, 0, 0
89249, 490, 1, 0, 0
89349, 460, 1, 0, 0
89450, 460, 1, 0, 0
89550, 470, 1, 0, 0
89650, 480, 1, 0, 0
89749, 474, 1, 0, 0
89849, 470, 1, 0, 0
89949, 470, 1, 0, 0
90049, 460, 1, 0, 0
90149, 480, 1, 0, 0
90249, 460, 1, 0, 0
90349, 470, 1, 0, 0
90450, 480, 1, 0, 0
90550, 470, 1, 0, 0
90650, 480, 1, 0, 0
90749, 484, 1, 0, 0
90849, 440, 1, 0, 0
90949, 460, 1, 0, 0
91049, 460, 1, 0, 0
91149, 480, 1, 0, 0
91249, 480, 1, 0, 0
91350, 460, 1, 0, 0
91450, 460, 1, 0, 0
91550, 460, 1, 0, 0
91650, 470, 1, 0, 0
91749, 484, 1, 0, 0
91849, 480, 1, 0, 0
91949, 500, 1, 0, 0
92049, 490, 1, 0, 0
92149, 480, 1, 0, 0
92250, 470, 1, 0, 0
92350, 470, 1, 0, 0
92450, 470, 1, 0, 0
92550, 470, 1, 0, 0
92650, 470, 1, 0, 0
92749, 474, 1, 0, 0
92849, 460, 1, 0, 0
92949, 480, 1, 0, 0
93049, 470, 1, 0, 0
93149, 480, 1, 0, 0
93250, 480, 1, 0, 0
93350, 480, 1, 0, 0
93450, 480, 1, 0, 0
93550, 490, 1, 0, 0
93650, 480, 1, 0, 0
93749, 474, 1, 0, 0
93849, 460, 1, 0, 0
93949, 470, 1, 0, 0
94049, 480, 1, 0, 0
94150, 460, 1, 0, 0
94250, 470, 1, 0, 0
94350, 490, 1, 0, 0
94450, 480, 1, 0, 0
94550, 470, 1, 0, 0
94650, 470, 1, 0, 0
94749, 464, 1, 0, 0
94849, 500, 1, 0, 0
94949, 490, 1, 0, 0
95050, 490, 1, 0, 0
95150, 480, 1, 0, 0
95250, 480, 1, 0, 0
95350, 460, 1, 0, 0
95450, 510, 1, 0, 0
95550, 480, 1, 0, 0
95650, 480, 1, 0, 0
95749, 464, 1, 0, 0
95849, 480, 1, 0, 0
95949, 450, 1, 0, 0
96050, 460, 1, 0, 0
96150, 450, 1, 0, 0
96249, 444, 1, 0, 0
96349, 470, 1, 0, 0
96449, 460, 1, 0, 0
96549, 480, 1, 0, 0
96649, 500, 1, 0, 0
96749, 460, 1, 0, 0
96849, 430, 1, 0, 0
96949, 480, 1, 0, 0
97050, 480, 1, 0, 0
97150, 490, 1, 0, 0
97249, 484, 1, 0, 0
97349, 460, 1, 0, 0
97449, 470, 1, 0, 0
97549, 470, 1, 0, 0
97649, 470, 1, 0, 0
97749, 450, 1, 0, 0
97849, 480, 1, 0, 0
97950, 470, 1, 0, 0
98050, 490, 1, 0, 0
98150, 480, 1, 0, 0
98249, 454, 1, 0, 0
98349, 480, 1, 0, 0
98449, 480, 1, 0, 0
98549, 470, 1, 0, 0
98649, 470, 1, 0, 0
98749, 460, 1, 0, 0
98849, 470, 1, 0, 0
98949, 480, 1, 0, 0
99050, 480, 1, 0, 0
99150, 450, 1, 0, 0
99249, 474, 1, 0, 0
99349, 460, 1, 0, 0
99449, 500, 1, 0, 0
99549, 460, 1, 0, 0
99649, 480, 1, 0, 0
99749, 480, 1, 0, 0
99849, 480, 1, 0, 0
99949, 480, 1, 0, 0
100050, 470, 1, 0, 0
100150, 430, 1, 0, 0
100250, 470, 1, 0, 0
100350, 460, 1, 0, 0
100450, 460, 1, 0, 0
100550, 500, 1, 0, 0
100650, 490, 1, 0, 0
100749, 444, 1, 0, 0
100849, 480, 1, 0, 0
100949, 470, 1, 0, 0
101050, 480, 1, 0, 0
101150, 500, 1, 0, 0
101249, 474, 1, 0, 0
101349, 490, 1, 0, 0
101449, 500, 1, 0, 0
101549, 490, 1, 0, 0
101649, 480, 1, 0, 0
101749, 490, 1, 0, 0
101849, 490, 1, 0, 0
101949, 540, 1, 0, 0
102050, 500, 1, 0, 0
102150, 480, 1, 0, 0
102249, 494, 1, 0, 0
102349, 500, 1, 0, 0
102449, 490, 1, 0, 0
102549, 460, 1, 0, 0
102649, 510, 1, 0, 0
102750, 480, 1, 0, 0
102850, 500, 1, 0, 0
102950, 500, 1, 0, 0
103050, 490, 1, 0, 0
103150, 480, 1, 0, 0
103249, 515, 1, 0, 0
103349, 490, 1, 0, 0
103449, 510, 1, 0, 0
103549, 480, 1, 0, 0
103649, 490, 1, 0, 0
103750, 510, 1, 0, 0
103850, 440, 1, 0, 0
103950, 500, 1, 0, 0
104050, 510, 1, 0, 0
104150, 500, 1, 0, 0
104249, 484, 1, 0, 0
104349, 490, 1, 0, 0
104449, 460, 1, 0, 0
104549, 490, 1, 0, 0
104649, 470, 1, 0, 0
104750, 510, 1, 0, 0
104850, 490, 1, 0, 0
104950, 490, 1, 0, 0
105050, 490, 1, 0, 0
105150, 480, 1, 0, 0
105249, 474, 1, 0, 0
105349, 490, 1, 0, 0
105449, 450, 1, 0, 0
105549, 480, 1, 0, 0
105650, 490, 1, 0, 0
105750, 480, 1, 0, 0
105850, 490, 1, 0, 0
105950, 490, 1, 0, 0
106050, 480, 1, 0, 0
106150, 500, 1, 0, 0
106249, 494, 1, 0, 0
106349, 510, 1, 0, 0
106449, 480, 1, 0, 0
106549, 470, 1, 0, 0
106650, 490, 1, 0, 0
106750, 490, 1, 0, 0
106850, 490, 1, 0, 0
106950, 470, 1, 0, 0
107050, 510, 1, 0, 0
107150, 500, 1, 0, 0
107249, 515, 1, 0, 0
107349, 490, 1, 0, 0
107449, 500, 1, 0, 0
107549, 480, 1, 0, 0
107650, 470, 1, 0, 0
107750, 480, 1, 0, 0
107850, 480, 1, 0, 0
107950, 460, 1, 0, 0
108050, 490, 1, 0, 0
108150, 490, 1, 0, 0
108249, 494, 1, 0, 0
108349, 490, 1, 0, 0
108449, 450, 1, 0, 0
108549, 500, 1, 0, 0
108650, 480, 1, 0, 0
108750, 470, 1, 0, 0
108850, 490, 1, 0, 0
108950, 510, 1, 0, 0
109050, 500, 1, 0, 0
109150, 480, 1, 0, 0
109249, 505, 1, 0, 0
109349, 480, 1, 0, 0
109449, 490, 1, 0, 0
109549, 490, 1, 0, 0
109650, 510, 1, 0, 0
109750, 480, 1, 0, 0
109850, 480, 1, 0, 0
109950, 500, 1, 0, 0
110050, 500, 1, 0, 0
110150, 510, 1, 0, 0
110249, 525, 1, 0, 0
110349, 510, 1, 0, 0
110449, 490, 1, 0, 0
110549, 490, 1, 0, 0
110649, 490, 1, 0, 0
110750, 500, 1, 0, 0
110850, 490, 1, 0, 0
110950, 480, 1, 0, 0
111050, 490, 1, 0, 0
111150, 510, 1, 0, 0
111249, 494, 1, 0, 0
111349, 540, 1, 0, 0
111449, 520, 1, 0, 0
111549, 490, 1, 0, 0
111649, 490, 1, 0, 0
111750, 490, 1, 0, 0
111850, 470, 1, 0, 0
111950, 510, 1, 0, 0
112050, 490, 1, 0, 0
112150, 490, 1, 0, 0
112249, 505, 1, 0, 0
112349, 510, 1, 0, 0
112449, 500, 1, 0, 0
112549, 490, 1, 0, 0
112649, 480, 1, 0, 0
112750, 490, 1, 0, 0
112850, 480, 1, 0, 0
112950, 470, 1, 0, 0
113050, 490, 1, 0, 0
113150, 500, 1, 0, 0
113249, 484, 1, 0, 0
113349, 470, 1, 0, 0
113449, 510, 1, 0, 0
113549, 500, 1, 0, 0
113649, 490, 1, 0, 0
113750, 500, 1, 0, 0
113850, 520, 1, 0, 0
113950, 500, 1, 0, 0
114050, 510, 1, 0, 0
114150, 500, 1, 0, 0
114249, 484, 1, 0, 0
114349, 490, 1, 0, 0
114449, 510, 1, 0, 0
114549, 520, 1, 0, 0
114649, 500, 1, 0, 0
114750, 510, 1, 0, 0
114850, 510, 1, 0, 0
114950, 490, 1, 0, 0
115050, 510, 1, 0, 0
115150, 490, 1, 0, 0
115249, 494, 1, 0, 0
115349, 500, 1, 0, 0
115449, 510, 1, 0, 0
115549, 540, 1, 0, 0
115649, 480, 1, 0, 0
115750, 510, 1, 0, 0
115850, 520, 1, 0, 0
115950, 510, 1, 0, 0
116050, 460, 1, 0, 0
116150, 480, 1, 0, 0
116249, 515, 1, 0, 0
116349, 510, 1, 0, 0
116449, 500, 1, 0, 0
116549, 480, 1, 0, 0
116649, 470, 1, 0, 0
116750, 490, 1, 0, 0
116850, 490, 1, 0, 0
116950, 480, 1, 0, 0
117050, 470, 1, 0, 0
117150, 500, 1, 0, 0
117249, 494, 1, 0, 0
117349, 470, 1, 0, 0
117449, 500, 1, 0, 0
117550, 480, 1, 0, 0
117650, 470, 1, 0, 0
117750, 480, 1, 0, 0
117850, 480, 1, 0, 0
117950, 500, 1, 0, 0
118050, 470, 1, 0, 0
118150, 450, 1, 0, 0
118249, 505, 1, 0, 0
118349, 490, 1, 0, 0
118449, 480, 1, 0, 0
118550, 540, 1, 0, 0
118650, 500, 1, 0, 0
118750, 470, 1, 0, 0
118850, 480, 1, 0, 0
118950, 500, 1, 0, 0
119050, 480, 1, 0, 0
119150, 500, 1, 0, 0
119249, 484, 1, 0, 0
119349, 480, 1, 0, 0
119449, 490, 1, 0, 0
119550, 500, 1, 0, 0
119650, 490, 1, 0, 0
119750, 480, 1, 0, 0
119850, 490, 1, 0, 0
119950, 490, 1, 0, 0
120050, 510, 1, 0, 0
120150, 520, 1, 0, 0
120249, 505, 1, 0, 0
120349, 500, 1, 0, 0
120449, 460, 1, 0, 0
120549, 460, 1, 0, 0
120650, 490, 1, 0, 0
120750, 490, 1, 0, 0
120850, 460, 1, 0, 0
120950, 470, 1, 0, 0
121050, 470, 1, 0, 0
121150, 470, 1, 0, 0
121249, 474, 1, 0, 0
121349, 470, 1, 0, 0
121449, 470, 1, 0, 0
121550, 490, 1, 0, 0
121650, 480, 1, 0, 0
121749, 484, 1, 0, 0
121849, 490, 1, 0, 0
121949, 480, 1, 0, 0
122049, 480, 1, 0, 0
122149, 510, 1, 0, 0
122249, 490, 1, 0, 0
122349, 450, 1, 0, 0
122449, 500, 1, 0, 0
122550, 490, 1, 0, 0
122650, 470, 1, 0, 0
122749, 484, 1, 0, 0
122849, 500, 1, 0, 0
122949, 480, 1, 0, 0
123049, 450, 1, 0, 0
123149, 500, 1, 0, 0
123249, 470, 1, 0, 0
123349, 470, 1, 0, 0
123449, 470, 1, 0, 0
123550, 470, 1, 0, 0
123650, 510, 1, 0, 0
123749, 464, 1, 0, 0
123849, 480, 1, 0, 0
123949, 480, 1, 0, 0
124049, 510, 1, 0, 0
124149, 480, 1, 0, 0
124249, 470, 1, 0, 0
124349, 460, 1, 0, 0
124449, 470, 1, 0, 0
124550, 470, 1, 0, 0
124650, 450, 1, 0, 0
124749, 464, 1, 0, 0
124849, 490, 1, 0, 0
124949, 470, 1, 0, 0
125049, 480, 1, 0, 0
125149, 480, 1, 0, 0
125249, 480, 1, 0, 0
125349, 480, 1, 0, 0
125449, 470, 1, 0, 0
125550, 500, 1, 0, 0
125650, 480, 1, 0, 0
125749, 464, 1, 0, 0
125849, 470, 1, 0, 0
125949, 480, 1, 0, 0
126049, 450, 1, 0, 0
126149, 480, 1, 0, 0
126249, 490, 1, 0, 0
126349, 440, 1, 0, 0
126449, 430, 1, 0, 0
126550, 450, 1, 0, 0
126650, 460, 1, 0, 0
126749, 484, 1, 0, 0
126849, 470, 1, 0, 0
126949, 460, 1, 0, 0
127049, 460, 1, 0, 0
127149, 480, 1, 0, 0
127249, 470, 1, 0, 0
127349, 480, 1, 0, 0
127450, 480, 1, 0, 0
127550, 480, 1, 0, 0
127650, 450, 1, 0, 0
127749, 474, 1, 0, 0
127849, 460, 1, 0, 0
127949, 490, 1, 0, 0
128049, 500, 1, 0, 0
128149, 470, 1, 0, 0
128249, 490, 1, 0, 0
128350, 460, 1, 0, 0
128450, 480, 1, 0, 0
128550, 480, 1, 0, 0
128650, 480, 1, 0, 0
128749, 474, 1, 0, 0
128849, 460, 1, 0, 0
128949, 470, 1, 0, 0
129049, 500, 1, 0, 0
129149, 490, 1, 0, 0
129249, 500, 1, 0, 0
129350, 480, 1, 0, 0
129450, 500, 1, 0, 0
129550, 460, 1, 0, 0
129650, 460, 1, 0, 0
129749, 484, 1, 0, 0
129849, 500, 1, 0, 0
129949, 480, 1, 0, 0
130049, 470, 1, 0, 0
130149, 500, 1, 0, 0
130249, 470, 1, 0, 0
130349, 480, 1, 0, 0
130450, 500, 1, 0, 0
130550, 480, 1, 0, 0
130650, 480, 1, 0, 0
130749, 494, 1, 0, 0
130849, 490, 1, 0, 0
130949, 500, 1, 0, 0
131049, 470, 1, 0, 0
131149, 490, 1, 0, 0
131249, 490, 1, 0, 0
131350, 490, 1, 0, 0
131450, 470, 1, 0, 0
131550, 510, 1, 0, 0
131650, 500, 1, 0, 0
131749, 484, 1, 0, 0
131849, 500, 1, 0, 0
131949, 490, 1, 0, 0
132049, 480, 1, 0, 0
132149, 490, 1, 0, 0
132249, 500, 1, 0, 0
132350, 490, 1, 0, 0
132450, 500, 1, 0, 0
132550, 500, 1, 0, 0
132650, 490, 1, 0, 0
132749, 494, 1, 0, 0
132849, 490, 1, 0, 0
132949, 480, 1, 0, 0
133049, 510, 1, 0, 0
133149, 500, 1, 0, 0
133249, 500, 1, 0, 0
133350, 510, 1, 0, 0
133450, 500, 1, 0, 0
133550, 500, 1, 0, 0
133650, 470, 1, 0, 0
133749, 505, 1, 0, 0
133849, 510, 1, 0, 0
133949, 480, 1, 0, 0
134049, 490, 1, 0, 0
134149, 510, 1, 0, 0
134249, 490, 1, 0, 0
134350, 480, 1, 0, 0
134450, 510, 1, 0, 0
134550, 480, 1, 0, 0
134650, 500, 1, 0, 0
134749, 494, 1, 0, 0
134849, 480, 1, 0, 0
134949, 490, 1, 0, 0
135049, 510, 1, 0, 0
135149, 510, 1, 0, 0
135250, 510, 1, 0, 0
135350, 480, 1, 0, 0
135450, 480, 1, 0, 0
135550, 500, 1, 0, 0
135650, 470, 1, 0, 0
135749, 464, 1, 0, 0
135849, 500, 1, 0, 0
135949, 480, 1, 0, 0
136049, 490, 1, 0, 0
136149, 520, 1, 0, 0
136249, 490, 1, 0, 0
136350, 490, 1, 0, 0
136450, 500, 1, 0, 0
136550, 470, 1, 0, 0
136650, 500, 1, 0, 0
136749, 464, 1, 0, 0
136849, 510, 1, 0, 0
136949, 500, 1, 0, 0
137049, 500, 1, 0, 0
137149, 510, 1, 0, 0
137249, 490, 1, 0, 0
137350, 470, 1, 0, 0
137450, 460, 1, 0, 0
137550, 520, 1, 0, 0
137650, 480, 1, 0, 0
137749, 505, 1, 0, 0
137849, 510, 1, 0, 0
137949, 500, 1, 0, 0
138049, 490, 1, 0, 0
138149, 480, 1, 0, 0
138250, 490, 1, 0, 0
138350, 500, 1, 0, 0
138450, 510, 1, 0, 0
138550, 500, 1, 0, 0
138650, 510, 1, 0, 0
138749, 494, 1, 0, 0
138849, 490, 1, 0, 0
138949, 500, 1, 0, 0
139049, 500, 1, 0, 0
139149, 530, 1, 0, 0
139250, 500, 1, 0, 0
139350, 490, 1, 0, 0
139450, 480, 1, 0, 0
139550, 510, 1, 0, 0
139650, 500, 1, 0, 0
139749, 484, 1, 0, 0
139849, 490, 1, 0, 0
139949, 470, 1, 0, 0
140049, 490, 1, 0, 0
140149, 460, 1, 0, 0
140250, 480, 1, 0, 0
140350, 510, 1, 0, 0
140450, 470, 1, 0, 0
140550, 490, 1, 0, 0
140650, 530, 1, 0, 0
140749, 484, 1, 0, 0
140849, 490, 1, 0, 0
140949, 490, 1, 0, 0
141049, 500, 1, 0, 0
141149, 500, 1, 0, 0
141250, 500, 1, 0, 0
141350, 500, 1, 0, 0
141450, 500, 1, 0, 0
141550, 500, 1, 0, 0
141650, 480, 1, 0, 0
141749, 474, 1, 0, 0
141849, 490, 1, 0, 0
141949, 460, 1, 0, 0
142049, 490, 1, 0, 0
142149, 480, 1, 0, 0
142250, 480, 1, 0, 0
142350, 480, 1, 0, 0
142450, 500, 1, 0, 0
142550, 490, 1, 0, 0
142650, 510, 1, 0, 0
142749, 515, 1, 0, 0
142849, 510, 1, 0, 0
142949, 500, 1, 0, 0
143049, 490, 1, 0, 0
143149, 510, 1, 0, 0
143250, 490, 1, 0, 0
143350, 500, 1, 0, 0
143450, 500, 1, 0, 0
143550, 490, 1, 0, 0
143650, 490, 1, 0, 0
143749, 494, 1, 0, 0
143849, 480, 1, 0, 0
143949, 480, 1, 0, 0
144049, 500, 1, 0, 0
144150, 490, 1, 0, 0
144250, 500, 1, 0, 0
144350, 510, 1, 0, 0
144450, 500, 1, 0, 0
144550, 490, 1, 0, 0
144650, 510, 1, 0, 0
144749, 505, 1, 0, 0
144849, 520, 1, 0, 0
144949, 530, 1, 0, 0
145050, 500, 1, 0, 0
145150, 470, 1, 0, 0
145250, 520, 1, 0, 0
145350, 520, 1, 0, 0
145450, 510, 1, 0, 0
145550, 500, 1, 0, 0
145650, 500, 1, 0, 0
145749, 494, 1, 0, 0
145849, 500, 1, 0, 0
145949, 500, 1, 0, 0
146050, 520, 1, 0, 0
146150, 490, 1, 0, 0
146250, 520, 1, 0, 0
146350, 490, 1, 0, 0
146450, 510, 1, 0, 0
146550, 510, 1, 0, 0
146650, 500, 1, 0, 0
146749, 525, 1, 0, 0
146849, 500, 1, 0, 0
146949, 510, 1, 0, 0
147050, 540, 1, 0, 0
147150, 510, 1, 0, 0
147250, 520, 1, 0, 0
147350, 490, 1, 0, 0
147450, 510, 1, 0, 0
147550, 470, 1, 0, 0
147650, 470, 1, 0, 0
147749, 505, 1, 0, 0
147849, 490, 1, 0, 0
147949, 510, 1, 0, 0
148050, 480, 1, 0, 0
148150, 500, 1, 0, 0
148249, 505, 1, 0, 0
148349, 480, 1, 0, 0
148449, 490, 1, 0, 0
148549, 470, 1, 0, 0
148649, 470, 1, 0, 0
148749, 470, 1, 0, 0
148849, 480, 1, 0, 0
148950, 490, 1, 0, 0
149050, 510, 1, 0, 0
149150, 500, 1, 0, 0
149249, 484, 1, 0, 0
149349, 500, 1, 0, 0
149449, 460, 1, 0, 0
149549, 510, 1, 0, 0
149649, 490, 1, 0, 0
149750, 510, 1, 0, 0
149850, 490, 1, 0, 0
149950, 480, 1, 0, 0
150050, 480, 1, 0, 0
150150, 500, 1, 0, 0
150249, 515, 1, 0, 0
150349, 510, 1, 0, 0
150449, 530, 1, 0, 0
150549, 480, 1, 0, 0
150649, 490, 1, 0, 0
150750, 470, 1, 0, 0
150850, 500, 1, 0, 0
150950, 480, 1, 0, 0
151050, 520, 1, 0, 0
151150, 490, 1, 0, 0
151249, 474, 1, 0, 0
151349, 500, 1, 0, 0
151449, 500, 1, 0, 0
151549, 490, 1, 0, 0
151649, 500, 1, 0, 0
151750, 480, 1, 0, 0
151850, 510, 1, 0, 0
151950, 490, 1, 0, 0
152050, 510, 1, 0, 0
152150, 490, 1, 0, 0
152249, 494, 1, 0, 0
152349, 510, 1, 0, 0
152449, 520, 1, 0, 0
152549, 490, 1, 0, 0
152650, 500, 1, 0, 0
152750, 500, 1, 0, 0
152850, 510, 1, 0, 0
152950, 500, 1, 0, 0
153050, 500, 1, 0, 0
153150, 480, 1, 0, 0
153249, 505, 1, 0, 0
153349, 510, 1, 0, 0
153449, 500, 1, 0, 0
153550, 500, 1, 0, 0
153650, 480, 1, 0, 0
153750, 440, 1, 0, 0
153850, 480, 1, 0, 0
153950, 470, 1, 0, 0
154050, 490, 1, 0, 0
154150, 520, 1, 0, 0
154249, 484, 1, 0, 0
154349, 500, 1, 0, 0
154449, 470, 1, 0, 0
154550, 490, 1, 0, 0
154650, 500, 1, 0, 0
154750, 510, 1, 0, 0
154850, 500, 1, 0, 0
154950, 490, 1, 0, 0
155050, 500, 1, 0, 0
155150, 490, 1, 0, 0
155249, 484, 1, 0, 0
155349, 490, 1, 0, 0
155449, 510, 1, 0, 0
155550, 500, 1, 0, 0
155650, 460, 1, 0, 0
155749, 494, 1, 0, 0
155849, 510, 1, 0, 0
155949, 480, 1, 0, 0
156049, 490, 1, 0, 0
156149, 490, 1, 0, 0
156249, 490, 1, 0, 0
156349, 510, 1, 0, 0
156450, 510, 1, 0, 0
156550, 520, 1, 0, 0
156650, 490, 1, 0, 0
156749, 474, 1, 0, 0
156849, 510, 1, 0, 0
156949, 510, 1, 0, 0
157049, 470, 1, 0, 0
157149, 500, 1, 0, 0
157249, 510, 1, 0, 0
157349, 490, 1, 0, 0
157450, 500, 1, 0, 0
157550, 480, 1, 0, 0
157650, 500, 1, 0, 0
157749, 515, 1, 0, 0
157849, 500, 1, 0, 0
157949, 500, 1, 0, 0
158049, 500, 1, 0, 0
158149, 510, 1, 0, 0
158250, 520, 1, 0, 0
158350, 510, 1, 0, 0
158450, 500, 1, 0, 0
158550, 510, 1, 0, 0
158650, 520, 1, 0, 0
158749, 484, 1, 0, 0
158849, 500, 1, 0, 0
158949, 500, 1, 0, 0
159049, 510, 1, 0, 0
159149, 510, 1, 0, 0
159250, 500, 1, 0, 0
159350, 480, 1, 0, 0
159450, 490, 1, 0, 0
159550, 510, 1, 0, 0
159650, 490, 1, 0, 0
159749, 494, 1, 0, 0
159849, 490, 1, 0, 0
159949, 500, 1, 0, 0
160049, 510, 1, 0, 0
160150, 510, 1, 0, 0
160250, 510, 1, 0, 0
160350, 470, 1, 0, 0
160450, 490, 1, 0, 0
160550, 510, 1, 0, 0
160650, 480, 1, 0, 0
160749, 505, 1, 0, 0
160849, 480, 1, 0, 0
160949, 500, 1, 0, 0
161050, 500, 1, 0, 0
161150, 520, 1, 0, 0
161249, 484, 1, 0, 0
161349, 490, 1, 0, 0
161449, 510, 1, 0, 0
161549, 500, 1, 0, 0
161649, 520, 1, 0, 0
161749, 520, 1, 0, 0
161849, 490, 1, 0, 0
161949, 490, 1, 0, 0
162050, 470, 1, 0, 0
162150, 470, 1, 0, 0
162249, 494, 1, 0, 0
162349, 500, 1, 0, 0
162449, 500, 1, 0, 0
162549, 480, 1, 0, 0
162649, 490, 1, 0, 0
162749, 480, 1, 0, 0
162849, 490, 1, 0, 0
162950, 500, 1, 0, 0
163050, 500, 1, 0, 0
163150, 480, 1, 0, 0
163249, 484, 1, 0, 0
163349, 480, 1, 0, 0
163449, 480, 1, 0, 0
163549, 520, 1, 0, 0
163649, 510, 1, 0, 0
163749, 490, 1, 0, 0
163849, 470, 1, 0, 0
163950, 470, 1, 0, 0
164050, 510, 1, 0, 0
164150, 470, 1, 0, 0
164249, 474, 1, 0, 0
164349, 480, 1, 0, 0
164449, 510, 1, 0, 0
164549, 500, 1, 0, 0
164649, 480, 1, 0, 0
164750, 480, 1, 0, 0
164850, 490, 1, 0, 0
164950, 490, 1, 0, 0
165050, 500, 1, 0, 0
165150, 510, 1, 0, 0
165249, 505, 1, 0, 0
165349, 480, 1, 0, 0
165449, 500, 1, 0, 0
165549, 490, 1, 0, 0
165649, 510, 1, 0, 0
165750, 500, 1, 0, 0
165850, 520, 1, 0, 0
165950, 520, 1, 0, 0
166050, 520, 1, 0, 0
166150, 510, 1, 0, 0
166249, 474, 1, 0, 0
166349, 500, 1, 0, 0
166449, 480, 1, 0, 0
166549, 530, 1, 0, 0
166649, 480, 1, 0, 0
166750, 530, 1, 0, 0
166850, 510, 1, 0, 0
166950, 520, 1, 0, 0
167050, 490, 1, 0, 0
167150, 490, 1, 0, 0
167249, 494, 1, 0, 0
167349, 500, 1, 0, 0
167449, 500, 1, 0, 0
167549, 520, 1, 0, 0
167649, 500, 1, 0, 0
167750, 510, 1, 0, 0
167850, 500, 1, 0, 0
167950, 480, 1, 0, 0
168050, 480, 1, 0, 0
168150, 490, 1, 0, 0
168249, 484, 1, 0, 0
168349, 490, 1, 0, 0
168449, 520, 1, 0, 0
168549, 490, 1, 0, 0
168650, 500, 1, 0, 0
168750, 500, 1, 0, 0
168850, 500, 1, 0, 0
168950, 500, 1, 0, 0
169050, 490, 1, 0, 0
169150, 480, 1, 0, 0
169249, 515, 1, 0, 0
169349, 480, 1, 0, 0
169449, 520, 1, 0, 0
169550, 500, 1, 0, 0
169650, 480, 1, 0, 0
169750, 490, 1, 0, 0
169850, 470, 1, 0, 0
169950, 490, 1, 0, 0
170050, 480, 1, 0, 0
170150, 480, 1, 0, 0
170249, 525, 1, 0, 0
170349, 490, 1, 0, 0
170449, 490, 1, 0, 0
170550, 490, 1, 0, 0
170650, 500, 1, 0, 0
170750, 500, 1, 0, 0
170850, 480, 1, 0, 0
170950, 520, 1, 0, 0
171050, 490, 1, 0, 0
171150, 490, 1, 0, 0
171249, 525, 1, 0, 0
171349, 490, 1, 0, 0
171449, 520, 1, 0, 0
171550, 500, 1, 0, 0
171650, 500, 1, 0, 0
171750, 480, 1, 0, 0
171850, 510, 1, 0, 0
171950, 490, 1, 0, 0
172050, 480, 1, 0, 0
172150, 500, 1, 0, 0
172249, 505, 1, 0, 0
172349, 470, 1, 0, 0
172449, 510, 1, 0, 0
172550, 490, 1, 0, 0
172650, 530, 1, 0, 0
172750, 510, 1, 0, 0
172850, 490, 1, 0, 0
172950, 520, 1, 0, 0
173050, 470, 1, 0, 0
173150, 490, 1, 0, 0
173249, 494, 1, 0, 0
173349, 500, 1, 0, 0
173449, 480, 1, 0, 0
173550, 530, 1, 0, 0
173650, 500, 1, 0, 0
173750, 490, 1, 0, 0
173850, 510, 1, 0, 0
173950, 490, 1, 0, 0
174050, 500, 1, 0, 0
174150, 520, 1, 0, 0
174249, 505, 1, 0, 0
174349, 510, 1, 0, 0
174449, 470, 1, 0, 0
174550, 490, 1, 0, 0
174650, 490, 1, 0, 0
174750, 500, 1, 0, 0
174850, 510, 1, 0, 0
174950, 530, 1, 0, 0
175050, 470, 1, 0, 0
175150, 460, 1, 0, 0
175249, 515, 1, 0, 0
175349, 480, 1, 0, 0
175449, 490, 1, 0, 0
175550, 490, 1, 0, 0
175650, 510, 1, 0, 0
175750, 490, 1, 0, 0
175850, 490, 1, 0, 0
175950, 500, 1, 0, 0
176050, 500, 1, 0, 0
176150, 480, 1, 0, 0
176249, 515, 1, 0, 0
176349, 510, 1, 0, 0
176449, 500, 1, 0, 0
176550, 480, 1, 0, 0
176650, 500, 1, 0, 0
176749, 474, 1, 0, 0
176849, 510, 1, 0, 0
176949, 540, 1, 0, 0
177049, 520, 1, 0, 0
177149, 530, 1, 0, 0
177249, 500, 1, 0, 0
177349, 520, 1, 0, 0
177449, 520, 1, 0, 0
177550, 480, 1, 0, 0
177650, 510, 1, 0, 0
177749, 474, 1, 0, 0
177849, 500, 1, 0, 0
177949, 510, 1, 0, 0
178049, 530, 1, 0, 0
178149, 480, 1, 0, 0
178249, 510, 1, 0, 0
178349, 520, 1, 0, 0
178450, 480, 1, 0, 0
178550, 510, 1, 0, 0
178650, 500, 1, 0, 0
178749, 515, 1, 0, 0
178849, 490, 1, 0, 0
178949, 490, 1, 0, 0
179049, 490, 1, 0, 0
179149, 510, 1, 0, 0
179249, 490, 1, 0, 0
179350, 490, 1, 0, 0
179450, 500, 1, 0, 0
179550, 510, 1, 0, 0
179650, 480, 1, 0, 0
179749, 494, 1, 0, 0
179849, 490, 1, 0, 0
179949, 490, 1, 0, 0
180049, 470, 1, 0, 0
180149, 460, 1, 0, 0
180249, 490, 1, 0, 0
180350, 480, 1, 0, 0
180450, 520, 1, 0, 0
180550, 510, 1, 0, 0
180650, 500, 1, 0, 0
180749, 505, 1, 0, 0
180849, 520, 1, 0, 0
180949, 490, 1, 0, 0
181049, 520, 1, 0, 0
181149, 500, 1, 0, 0
181250, 520, 1, 0, 0
181350, 500, 1, 0, 0
181450, 520, 1, 0, 0
181550, 500, 1, 0, 0
181650, 500, 1, 0, 0
181749, 494, 1, 0, 0
181849, 500, 1, 0, 0
181949, 520, 1, 0, 0
182049, 480, 1, 0, 0
182149, 510, 1, 0, 0
182250, 480, 1, 0, 0
182350, 530, 1, 0, 0
182450, 510, 1, 0, 0
182550, 500, 1, 0, 0
182650, 470, 1, 0, 0
182749, 505, 1, 0, 0
182849, 490, 1, 0, 0
182949, 470, 1, 0, 0
183049, 500, 1, 0, 0
183150, 500, 1, 0, 0
183250, 490, 1, 0, 0
183350, 500, 1, 0, 0
183450, 510, 1, 0, 0
183550, 480, 1, 0, 0
183650, 490, 1, 0, 0
183749, 505, 1, 0, 0
183849, 520, 1, 0, 0
183949, 500, 1, 0, 0
184050, 510, 1, 0, 0
184150, 510, 1, 0, 0
184250, 510, 1, 0, 0
184350, 490, 1, 0, 0
184450, 470, 1, 0, 0
184550, 510, 1, 0, 0
184650, 510, 1, 0, 0
184749, 494, 1, 0, 0
184849, 480, 1, 0, 0
184949, 490, 1, 0, 0
185050, 500, 1, 0, 0
185150, 480, 1, 0, 0
185250, 500, 1, 0, 0
185350, 500, 1, 0, 0
185450, 500, 1, 0, 0
185550, 480, 1, 0, 0
185650, 490, 1, 0, 0
185749, 535, 1, 0, 0
185849, 500, 1, 0, 0
185949, 520, 1, 0, 0
186050, 510, 1, 0, 0
186150, 470, 1, 0, 0
186249, 494, 1, 0, 0
186349, 480, 1, 0, 0
186449, 490, 1, 0, 0
186549, 530, 1, 0, 0
186649, 490, 1, 0, 0
186749, 500, 1, 0, 0
186849, 510, 1, 0, 0
186950, 500, 1, 0, 0
187050, 520, 1, 0, 0
187150, 520, 1, 0, 0
187249, 535, 1, 0, 0
187349, 500, 1, 0, 0
187449, 500, 1, 0, 0
187549, 530, 1, 0, 0
187649, 500, 1, 0, 0
187749, 520, 1, 0, 0
187850, 500, 1, 0, 0
187950, 520, 1, 0, 0
188050, 510, 1, 0, 0
188150, 520, 1, 0, 0
188249, 494, 1, 0, 0
188349, 540, 1, 0, 0
188449, 470, 1, 0, 0
188549, 490, 1, 0, 0
188649, 510, 1, 0, 0
188750, 500, 1, 0, 0
188850, 480, 1, 0, 0
188950, 500, 1, 0, 0
189050, 510, 1, 0, 0
189150, 500, 1, 0, 0
189249, 484, 1, 0, 0
189349, 530, 1, 0, 0
189449, 520, 1, 0, 0
189549, 500, 1, 0, 0
189649, 490, 1, 0, 0
189750, 500, 1, 0, 0
189850, 510, 1, 0, 0
189950, 500, 1, 0, 0
190050, 490, 1, 0, 0
190150, 500, 1, 0, 0
190249, 484, 1, 0, 0
190349, 540, 1, 0, 0
190449, 500, 1, 0, 0
190549, 500, 1, 0, 0
190649, 500, 1, 0, 0
190750, 490, 1, 0, 0
190850, 500, 1, 0, 0
190950, 480, 1, 0, 0
191050, 500, 1, 0, 0
191150, 520, 1, 0, 0
191249, 535, 1, 0, 0
191349, 510, 1, 0, 0
191449, 530, 1, 0, 0
191549, 510, 1, 0, 0
191649, 500, 1, 0, 0
191750, 520, 1, 0, 0
191850, 500, 1, 0, 0
191950, 510, 1, 0, 0
192050, 510, 1, 0, 0
192150, 500, 1, 0, 0
192249, 525, 1, 0, 0
192349, 510, 1, 0, 0
192449, 510, 1, 0, 0
192549, 490, 1, 0, 0
192649, 500, 1, 0, 0
192750, 470, 1, 0, 0
192850, 490, 1, 0, 0
192950, 500, 1, 0, 0
193050, 530, 1, 0, 0
193150, 500, 1, 0, 0
193249, 505, 1, 0, 0
193349, 510, 1, 0, 0
193449, 520, 1, 0, 0
193550, 510, 1, 0, 0
193650, 520, 1, 0, 0
193750, 500, 1, 0, 0
193850, 530, 1, 0, 0
193950, 510, 1, 0, 0
194050, 500, 1, 0, 0
194150, 530, 1, 0, 0
194249, 505, 1, 0, 0
194349, 520, 1, 0, 0
194449, 510, 1, 0, 0
194550, 520, 1, 0, 0
194650, 520, 1, 0, 0
194750, 510, 1, 0, 0
194850, 500, 1, 0, 0
194950, 490, 1, 0, 0
195050, 500, 1, 0, 0
195150, 500, 1, 0, 0
195249, 525, 1, 0, 0
195349, 490, 1, 0, 0
195449, 500, 1, 0, 0
195550, 500, 1, 0, 0
195650, 470, 1, 0, 0
195750, 540, 1, 0, 0
195850, 510, 1, 0, 0
195950, 520, 1, 0, 0
196050, 490, 1, 0, 0
196150, 520, 1, 0, 0
196249, 525, 1, 0, 0
196349, 530, 1, 0, 0
196449, 510, 1, 0, 0
196550, 480, 1, 0, 0
196650, 530, 1, 0, 0
196750, 520, 1, 0, 0
196850, 520, 1, 0, 0
196950, 490, 1, 0, 0
197050, 520, 1, 0, 0
197150, 510, 1, 0, 0
197249, 494, 1, 0, 0
197349, 500, 1, 0, 0
197449, 530, 1, 0, 0
197550, 510, 1, 0, 0
197650, 510, 1, 0, 0
197750, 490, 1, 0, 0
197850, 520, 1, 0, 0
197950, 530, 1, 0, 0
198050, 520, 1, 0, 0
198150, 490, 1, 0, 0
198249, 515, 1, 0, 0
198349, 520, 1, 0, 0
198449, 510, 1, 0, 0
198550, 520, 1, 0, 0
198650, 490, 1, 0, 0
198750, 480, 1, 0, 0
198850, 490, 1, 0, 0
198950, 490, 1, 0, 0
199050, 480, 1, 0, 0
199150, 510, 1, 0, 0
199249, 474, 1, 0, 0
199349, 490, 1, 0, 0
199449, 530, 1, 0, 0
199550, 490, 1, 0, 0
199650, 510, 1, 0, 0
199750, 520, 1, 0, 0
199850, 500, 1, 0, 0
199950, 520, 1, 0, 0
200050, 510, 1, 0, 0
200150, 500, 1, 0, 0
200249, 505, 1, 0, 0
200349, 500, 1, 0, 0
200449, 490, 1, 0, 0
200550, 490, 1, 0, 0
200650, 500, 1, 0, 0
200750, 500, 1, 0, 0
200850, 530, 1, 0, 0
200950, 490, 1, 0, 0
201050, 510, 1, 0, 0
201150, 490, 1, 0, 0
201249, 464, 1, 0, 0
201349, 510, 1, 0, 0
201449, 490, 1, 0, 0
201550, 500, 1, 0, 0
201650, 520, 1, 0, 0
201750, 500, 1, 0, 0
201850, 520, 1, 0, 0
201950, 530, 1, 0, 0
202050, 490, 1, 0, 0
202150, 500, 1, 0, 0
202249, 494, 1, 0, 0
202349, 520, 1, 0, 0
202449, 530, 1, 0, 0
202550, 490, 1, 0, 0
202650, 490, 1, 0, 0
202750, 500, 1, 0, 0
202850, 490, 1, 0, 0
202950, 490, 1, 0, 0
203050, 500, 1, 0, 0
203150, 510, 1, 0, 0
203249, 464, 1, 0, 0
203349, 500, 1, 0, 0
203449, 510, 1, 0, 0
203550, 500, 1, 0, 0
203650, 520, 1, 0, 0
203750, 510, 1, 0, 0
203850, 470, 1, 0, 0
203950, 470, 1, 0, 0
204050, 530, 1, 0, 0
204150, 480, 1, 0, 0
204249, 484, 1, 0, 0
204349, 490, 1, 0, 0
204449, 490, 1, 0, 0
204550, 510, 1, 0, 0
204650, 490, 1, 0, 0
204750, 480, 1, 0, 0
204850, 520, 1, 0, 0
204950, 520, 1, 0, 0
205050, 520, 1, 0, 0
205150, 510, 1, 0, 0
205249, 494, 1, 0, 0
205349, 510, 1, 0, 0
205449, 490, 1, 0, 0
205550, 500, 1, 0, 0
205650, 510, 1, 0, 0
205750, 520, 1, 0, 0
205850, 520, 1, 0, 0
205950, 480, 1, 0, 0
206050, 470, 1, 0, 0
206150, 510, 1, 0, 0
206249, 515, 1, 0, 0
206349, 460, 1, 0, 0
206449, 490, 1, 0, 0
206550, 480, 1, 0, 0
206650, 510, 1, 0, 0
206750, 480, 1, 0, 0
206850, 510, 1, 0, 0
206950, 480, 1, 0, 0
207050, 470, 1, 0, 0
207150, 510, 1, 0, 0
207249, 494, 1, 0, 0
207349, 500, 1, 0, 0
207449, 490, 1, 0, 0
207550, 490, 1, 0, 0
207650, 510, 1, 0, 0
207750, 500, 1, 0, 0
207850, 520, 1, 0, 0
207950, 490, 1, 0, 0
208050, 490, 1, 0, 0
208150, 490, 1, 0, 0
208249, 515, 1, 0, 0
208349, 510, 1, 0, 0
208449, 490, 1, 0, 0
208550, 530, 1, 0, 0
208650, 510, 1, 0, 0
208750, 500, 1, 0, 0
208850, 510, 1, 0, 0
208950, 500, 1, 0, 0
209050, 520, 1, 0, 0
209150, 520, 1, 0, 0
209249, 494, 1, 0, 0
209349, 490, 1, 0, 0
209449, 470, 1, 0, 0
209550, 490, 1, 0, 0
209650, 480, 1, 0, 0
209750, 510, 1, 0, 0
209850, 480, 1, 0, 0
209950, 520, 1, 0, 0
210050, 510, 1, 0, 0
210150, 480, 1, 0, 0
210249, 505, 1, 0, 0
210349, 510, 1, 0, 0
210449, 490, 1, 0, 0
210550, 500, 1, 0, 0
210650, 500, 1, 0, 0
210749, 535, 1, 0, 0
210849, 480, 1, 0, 0
210949, 490, 1, 0, 0
211049, 490, 1, 0, 0
211149, 480, 1, 0, 0
211249, 490, 1, 0, 0
211349, 470, 1, 0, 0
211450, 490, 1, 0, 0
211550, 500, 1, 0, 0
211650, 520, 1, 0, 0
211749, 535, 1, 0, 0
211849, 490, 1, 0, 0
211949, 530, 1, 0, 0
212049, 530, 1, 0, 0
212149, 470, 1, 0, 0
212249, 470, 1, 0, 0
212349, 490, 1, 0, 0
212450, 510, 1, 0, 0
212550, 510, 1, 0, 0
212650, 470, 1, 0, 0
212749, 505, 1, 0, 0
212849, 470, 1, 0, 0
212949, 490, 1, 0, 0
213049, 480, 1, 0, 0
213149, 510, 1, 0, 0
213249, 490, 1, 0, 0
213349, 490, 1, 0, 0
213450, 530, 1, 0, 0
213550, 490, 1, 0, 0
213650, 490, 1, 0, 0
213749, 494, 1, 0, 0
213849, 490, 1, 0, 0
213949, 500, 1, 0, 0
214049, 480, 1, 0, 0
214149, 480, 1, 0, 0
214249, 480, 1, 0, 0
214349, 480, 1, 0, 0
214450, 510, 1, 0, 0
214550, 500, 1, 0, 0
214650, 490, 1, 0, 0
214749, 474, 1, 0, 0
214849, 500, 1, 0, 0
214949, 490, 1, 0, 0
215049, 490, 1, 0, 0
215149, 480, 1, 0, 0
215249, 490, 1, 0, 0
215350, 490, 1, 0, 0
215450, 490, 1, 0, 0
215550, 510, 1, 0, 0
215650, 490, 1, 0, 0
215749, 484, 1, 0, 0
215849, 500, 1, 0, 0
215949, 490, 1, 0, 0
216049, 480, 1, 0, 0
216149, 450, 1, 0, 0
216250, 490, 1, 0, 0
216350, 460, 1, 0, 0
216450, 470, 1, 0, 0
216550, 470, 1, 0, 0
216650, 480, 1, 0, 0
216749, 484, 1, 0, 0
216849, 490, 1, 0, 0
216949, 470, 1, 0, 0
217049, 490, 1, 0, 0
217149, 470, 1, 0, 0
217250, 490, 1, 0, 0
217350, 480, 1, 0, 0
217450, 500, 1, 0, 0
217550, 490, 1, 0, 0
217650, 480, 1, 0, 0
217749, 484, 1, 0, 0
217849, 470, 1, 0, 0
217949, 490, 1, 0, 0
218049, 520, 1, 0, 0
218149, 480, 1, 0, 0
218250, 510, 1, 0, 0
218350, 480, 1, 0, 0
218450, 480, 1, 0, 0
218550, 480, 1, 0, 0
218650, 500, 1, 0, 0
218749, 464, 1, 0, 0
218849, 470, 1, 0, 0
218949, 510, 1, 0, 0
219050, 490, 1, 0, 0
219150, 510, 1, 0, 0
219250, 480, 1, 0, 0
219350, 520, 1, 0, 0
219450, 510, 1, 0, 0
219550, 490, 1, 0, 0
219650, 500, 1, 0, 0
219749, 494, 1, 0, 0
219849, 500, 1, 0, 0
219949, 490, 1, 0, 0
220050, 490, 1, 0, 0
220150, 490, 1, 0, 0
220250, 510, 1, 0, 0
220350, 520, 1, 0, 0
220450, 520, 1, 0, 0
220550, 500, 1, 0, 0
220650, 500, 1, 0, 0
220749, 505, 1, 0, 0
220849, 500, 1, 0, 0
220949, 480, 1, 0, 0
221050, 520, 1, 0, 0
221150, 510, 1, 0, 0
221250, 510, 1, 0, 0
221350, 500, 1, 0, 0
221450, 520, 1, 0, 0
221550, 510, 1, 0, 0
221650, 510, 1, 0, 0
221749, 505, 1, 0, 0
221849, 510, 1, 0, 0
221949, 490, 1, 0, 0
222050, 510, 1, 0, 0
222150, 510, 1, 0, 0
222250, 510, 1, 0, 0
222350, 480, 1, 0, 0
222450, 510, 1, 0, 0
222550, 490, 1, 0, 0
222650, 480, 1, 0, 0
222749, 484, 1, 0, 0
222849, 470, 1, 0, 0
222949, 490, 1, 0, 0
223050, 480, 1, 0, 0
223150, 490, 1, 0, 0
223250, 510, 1, 0, 0
223350, 500, 1, 0, 0
223450, 520, 1, 0, 0
223550, 490, 1, 0, 0
223650, 480, 1, 0, 0
223749, 494, 1, 0, 0
223849, 490, 1, 0, 0
223949, 480, 1, 0, 0
224050, 490, 1, 0, 0
224150, 500, 1, 0, 0
224250, 510, 1, 0, 0
224350, 490, 1, 0, 0
224450, 500, 1, 0, 0
224550, 500, 1, 0, 0
224650, 510, 1, 0, 0
224749, 515, 1, 0, 0
224849, 480, 1, 0, 0
224949, 500, 1, 0, 0
225050, 490, 1, 0, 0
225150, 510, 1, 0, 0
225250, 500, 1, 0, 0
225350, 500, 1, 0, 0
225450, 510, 1, 0, 0
225550, 490, 1, 0, 0
225650, 490, 1, 0, 0
225749, 484, 1, 0, 0
225849, 450, 1, 0, 0
225949, 470, 1, 0, 0
226050, 510, 1, 0, 0
226150, 500, 1, 0, 0
226250, 460, 1, 0, 0
226350, 510, 1, 0, 0
226450, 490, 1, 0, 0
226550, 500, 1, 0, 0
226650, 500, 1, 0, 0
226749, 505, 1, 0, 0
226849, 490, 1, 0, 0
226949, 480, 1, 0, 0
227050, 490, 1, 0, 0
227150, 530, 1, 0, 0
227250, 500, 1, 0, 0
227350, 470, 1, 0, 0
227450, 510, 1, 0, 0
227550, 520, 1, 0, 0
227650, 500, 1, 0, 0
227749, 515, 1, 0, 0
227849, 510, 1, 0, 0
227949, 500, 1, 0, 0
228050, 520, 1, 0, 0
228150, 490, 1, 0, 0
228250, 490, 1, 0, 0
228350, 480, 1, 0, 0
228450, 520, 1, 0, 0
228550, 500, 1, 0, 0
228650, 480, 1, 0, 0
228749, 484, 1, 0, 0
228849, 510, 1, 0, 0
228949, 490, 1, 0, 0
229050, 500, 1, 0, 0
229150, 500, 1, 0, 0
229250, 490, 1, 0, 0
229350, 490, 1, 0, 0
229450, 510, 1, 0, 0
229550, 500, 1, 0, 0
229650, 500, 1, 0, 0
229749, 464, 1, 0, 0
229849, 480, 1, 0, 0
229949, 500, 1, 0, 0
230050, 470, 1, 0, 0
230150, 490, 1, 0, 0
230249, 494, 1, 0, 0
230349, 490, 1, 0, 0
230449, 520, 1, 0, 0
230549, 510, 1, 0, 0
230649, 530, 1, 0, 0
230749, 480, 1, 0, 0
230849, 490, 1, 0, 0
230950, 480, 1, 0, 0
231050, 460, 1, 0, 0
231150, 480, 1, 0, 0
231249, 494, 1, 0, 0
231349, 510, 1, 0, 0
231449, 480, 1, 0, 0
231549, 500, 1, 0, 0
231649, 480, 1, 0, 0
231749, 530, 1, 0, 0
231850, 480, 1, 0, 0
231950, 480, 1, 0, 0
232050, 500, 1, 0, 0
232150, 480, 1, 0, 0
232249, 474, 1, 0, 0
232349, 470, 1, 0, 0
232449, 510, 1, 0, 0
232549, 510, 1, 0, 0
232649, 490, 1, 0, 0
232750, 500, 1, 0, 0
232850, 500, 1, 0, 0
232950, 500, 1, 0, 0
233050, 520, 1, 0, 0
233150, 470, 1, 0, 0
233249, 505, 1, 0, 0
233349, 480, 1, 0, 0
233449, 470, 1, 0, 0
233549, 510, 1, 0, 0
233649, 470, 1, 0, 0
233750, 470, 1, 0, 0
233850, 480, 1, 0, 0
233950, 510, 1, 0, 0
234050, 500, 1, 0, 0
234150, 500, 1, 0, 0
234249, 494, 1, 0, 0
234349, 490, 1, 0, 0
234449, 480, 1, 0, 0
234549, 500, 1, 0, 0
234650, 470, 1, 0, 0
234750, 500, 1, 0, 0
234850, 500, 1, 0, 0
234950, 490, 1, 0, 0
235050, 490, 1, 0, 0
235150, 480, 1, 0, 0
235249, 535, 1, 0, 0
235349, 500, 1, 0, 0
235449, 500, 1, 0, 0
235550, 510, 1, 0, 0
235650, 480, 1, 0, 0
235750, 480, 1, 0, 0
235850, 520, 1, 0, 0
235950, 500, 1, 0, 0
236050, 470, 1, 0, 0
236150, 460, 1, 0, 0
236249, 505, 1, 0, 0
236349, 500, 1, 0, 0
236449, 490, 1, 0, 0
236550, 490, 1, 0, 0
236650, 470, 1, 0, 0
236750, 510, 1, 0, 0
236850, 510, 1, 0, 0
236950, 520, 1, 0, 0
237050, 510, 1, 0, 0
237150, 500, 1, 0, 0
237249, 474, 1, 0, 0
237349, 500, 1, 0, 0
237449, 460, 1, 0, 0
237550, 470, 1, 0, 0
237650, 490, 1, 0, 0
237750, 480, 1, 0, 0
237850, 490, 1, 0, 0
237950, 480, 1, 0, 0
238050, 460, 1, 0, 0
238150, 460, 1, 0, 0
238249, 464, 1, 0, 0
238349, 490, 1, 0, 0
238449, 470, 1, 0, 0
238550, 490, 1, 0, 0
238650, 470, 1, 0, 0
238750, 470, 1, 0, 0
238850, 480, 1, 0, 0
238950, 480, 1, 0, 0
239050, 490, 1, 0, 0
239150, 490, 1, 0, 0
239249, 505, 1, 0, 0
239349, 480, 1, 0, 0
239449, 520, 1, 0, 0
239550, 530, 1, 0, 0
239650, 500, 1, 0, 0
239750, 510, 1, 0, 0
239850, 510, 1, 0, 0
239950, 500, 1, 0, 0
240050, 530, 1, 0, 0
240150, 500, 1, 0, 0
240249, 505, 1, 0, 0
240349, 500, 1, 0, 0
240449, 500, 1, 0, 0
240550, 510, 1, 0, 0
240650, 510, 1, 0, 0
240750, 500, 1, 0, 0
240850, 490, 1, 0, 0
240950, 510, 1, 0, 0
241050, 510, 1, 0, 0
241150, 510, 1, 0, 0
241249, 494, 1, 0, 0
241349, 510, 1, 0, 0
241449, 490, 1, 0, 0
241550, 520, 1, 0, 0
241650, 500, 1, 0, 0
241750, 490, 1, 0, 0
241850, 490, 1, 0, 0
241950, 490, 1, 0, 0
242050, 510, 1, 0, 0
242150, 480, 1, 0, 0
242249, 494, 1, 0, 0
242349, 500, 1, 0, 0
242449, 520, 1, 0, 0
242550, 500, 1, 0, 0
242650, 530, 1, 0, 0
242750, 480, 1, 0, 0
242850, 490, 1, 0, 0
242950, 500, 1, 0, 0
243050, 500, 1, 0, 0
243150, 500, 1, 0, 0
243249, 494, 1, 0, 0
243349, 510, 1, 0, 0
243449, 490, 1, 0, 0
243550, 500, 1, 0, 0
243650, 510, 1, 0, 0
243749, 464, 1, 0, 0
243849, 490, 1, 0, 0
243949, 480, 1, 0, 0
244049, 500, 1, 0, 0
244149, 490, 1, 0, 0
244249, 480, 1, 0, 0
244349, 500, 1, 0, 0
244450, 470, 1, 0, 0
244550, 510, 1, 0, 0
244650, 510, 1, 0, 0
244749, 505, 1, 0, 0
244849, 470, 1, 0, 0
244949, 510, 1, 0, 0
245049, 510, 1, 0, 0
245149, 460, 1, 0, 0
245249, 500, 1, 0, 0
245350, 500, 1, 0, 0
245450, 500, 1, 0, 0
245550, 500, 1, 0, 0
245650, 510, 1, 0, 0
245749, 505, 1, 0, 0
245849, 490, 1, 0, 0
245949, 490, 1, 0, 0
246049, 490, 1, 0, 0
246149, 490, 1, 0, 0
246249, 490, 1, 0, 0
246350, 480, 1, 0, 0
246450, 490, 1, 0, 0
246550, 470, 1, 0, 0
246650, 500, 1, 0, 0
246749, 494, 1, 0, 0
246849, 480, 1, 0, 0
246949, 500, 1, 0, 0
247049, 490, 1, 0, 0
247149, 500, 1, 0, 0
247250, 510, 1, 0, 0
247350, 480, 1, 0, 0
247450, 490, 1, 0, 0
247550, 480, 1, 0, 0
247650, 520, 1, 0, 0
247749, 494, 1, 0, 0
247849, 500, 1, 0, 0
247949, 480, 1, 0, 0
248049, 500, 1, 0, 0
248149, 490, 1, 0, 0
248250, 490, 1, 0, 0
248350, 500, 1, 0, 0
248450, 500, 1, 0, 0
248550, 510, 1, 0, 0
248650, 480, 1, 0, 0
248749, 505, 1, 0, 0
248849, 490, 1, 0, 0
248949, 520, 1, 0, 0
249049, 500, 1, 0, 0
249149, 510, 1, 0, 0
249250, 510, 1, 0, 0
249350, 500, 1, 0, 0
249450, 500, 1, 0, 0
249550, 500, 1, 0, 0
249650, 520, 1, 0, 0
249749, 515, 1, 0, 0
249849, 490, 1, 0, 0
249949, 500, 1, 0, 0
250049, 480, 1, 0, 0
250150, 510, 1, 0, 0
250250, 530, 1, 0, 0
250350, 510, 1, 0, 0
250450, 520, 1, 0, 0
250550, 480, 1, 0, 0
250650, 490, 1, 0, 0
250749, 505, 1, 0, 0
250849, 510, 1, 0, 0
250949, 530, 1, 0, 0
251050, 520, 1, 0, 0
251150, 500, 1, 0, 0
251250, 500, 1, 0, 0
251350, 510, 1, 0, 0
251450, 510, 1, 0, 0
251550, 480, 1, 0, 0
251650, 490, 1, 0, 0
251749, 525, 1, 0, 0
251849, 490, 1, 0, 0
251949, 490, 1, 0, 0
252050, 500, 1, 0, 0
252150, 490, 1, 0, 0
252250, 480, 1, 0, 0
252350, 480, 1, 0, 0
252450, 510, 1, 0, 0
252550, 490, 1, 0, 0
252650, 470, 1, 0, 0
252749, 505, 1, 0, 0
252849, 470, 1, 0, 0
252949, 450, 1, 0, 0
253050, 480, 1, 0, 0
253150, 520, 1, 0, 0
253250, 520, 1, 0, 0
253350, 450, 1, 0, 0
253450, 510, 1, 0, 0
253550, 490, 1, 0, 0
253650, 500, 1, 0, 0
253749, 484, 1, 0, 0
253849, 480, 1, 0, 0
253949, 510, 1, 0, 0
254050, 470, 1, 0, 0
254150, 520, 1, 0, 0
254250, 510, 1, 0, 0
254350, 500, 1, 0, 0
254450, 490, 1, 0, 0
254550, 490, 1, 0, 0
254650, 490, 1, 0, 0
254749, 515, 1, 0, 0
254849, 490, 1, 0, 0
254949, 490, 1, 0, 0
255050, 480, 1, 0, 0
255150, 510, 1, 0, 0
255250, 500, 1, 0, 0
255350, 490, 1, 0, 0
255450, 490, 1, 0, 0
255550, 510, 1, 0, 0
255650, 500, 1, 0, 0
255749, 494, 1, 0, 0
255849, 510, 1, 0, 0
255949, 510, 1, 0, 0
256050, 500, 1, 0, 0
256150, 480, 1, 0, 0
256250, 500, 1, 0, 0
256350, 490, 1, 0, 0
256450, 510, 1, 0, 0
256550, 460, 1, 0, 0
256650, 500, 1, 0, 0
256749, 494, 1, 0, 0
256849, 490, 1, 0, 0
256949, 480, 1, 0, 0
257050, 490, 1, 0, 0
257150, 510, 1, 0, 0
257250, 490, 1, 0, 0
257350, 500, 1, 0, 0
257450, 490, 1, 0, 0
257550, 470, 1, 0, 0
257650, 460, 1, 0, 0
257749, 474, 1, 0, 0
257849, 460, 1, 0, 0
257949, 450, 1, 0, 0
258050, 440, 1, 0, 0
258150, 480, 1, 0, 0
258250, 450, 1, 0, 0
258350, 480, 1, 0, 0
258450, 470, 1, 0, 0
258550, 470, 1, 0, 0
258650, 500, 1, 0, 0
258749, 484, 1, 0, 0
258849, 490, 1, 0, 0
258949, 480, 1, 0, 0
259050, 490, 1, 0, 0
259150, 480, 1, 0, 0
259250, 490, 1, 0, 0
259350, 480, 1, 0, 0
259450, 500, 1, 0, 0
259550, 470, 1, 0, 0
259650, 500, 1, 0, 0
259749, 464, 1, 0, 0
259849, 490, 1, 0, 0
259949, 500, 1, 0, 0
260050, 490, 1, 0, 0
260150, 470, 1, 0, 0
260250, 490, 1, 0, 0
260350, 480, 1, 0, 0
260450, 490, 1, 0, 0
260550, 500, 1, 0, 0
260650, 490, 1, 0, 0
260749, 494, 1, 0, 0
260849, 470, 1, 0, 0
260949, 470, 1, 0, 0
261050, 490, 1, 0, 0
261150, 500, 1, 0, 0
261250, 480, 1, 0, 0
261350, 490, 1, 0, 0
261450, 500, 1, 0, 0
261550, 490, 1, 0, 0
261650, 510, 1, 0, 0
261749, 515, 1, 0, 0
261849, 490, 1, 0, 0
261949, 480, 1, 0, 0
262050, 490, 1, 0, 0
262150, 490, 1, 0, 0
262250, 490, 1, 0, 0
262350, 490, 1, 0, 0
262450, 500, 1, 0, 0
262550, 490, 1, 0, 0
262650, 470, 1, 0, 0
262749, 464, 1, 0, 0
262849, 460, 1, 0, 0
262949, 470, 1, 0, 0
263050, 490, 1, 0, 0
263150, 480, 1, 0, 0
263249, 474, 1, 0, 0
263349, 480, 1, 0, 0
263449, 490, 1, 0, 0
263549, 460, 1, 0, 0
263649, 510, 1, 0, 0
263749, 490, 1, 0, 0
263850, 480, 1, 0, 0
263950, 470, 1, 0, 0
264050, 490, 1, 0, 0
264150, 450, 1, 0, 0
264249, 484, 1, 0, 0
264349, 480, 1, 0, 0
264449, 510, 1, 0, 0
264549, 470, 1, 0, 0
264649, 480, 1, 0, 0
264749, 460, 1, 0, 0
264849, 470, 1, 0, 0
264950, 460, 1, 0, 0
265050, 460, 1, 0, 0
265150, 460, 1, 0, 0
265249, 474, 1, 0, 0
265349, 480, 1, 0, 0
265449, 460, 1, 0, 0
265549, 450, 1, 0, 0
265649, 460, 1, 0, 0
265750, 490, 1, 0, 0
265850, 470, 1, 0, 0
265950, 470, 1, 0, 0
266050, 500, 1, 0, 0
266150, 500, 1, 0, 0
266249, 505, 1, 0, 0
266349, 510, 1, 0, 0
266449, 510, 1, 0, 0
266549, 500, 1, 0, 0
266649, 480, 1, 0, 0
266750, 510, 1, 0, 0
266850, 490, 1, 0, 0
266950, 480, 1, 0, 0
267050, 490, 1, 0, 0
267150, 480, 1, 0, 0
267249, 505, 1, 0, 0
267349, 490, 1, 0, 0
267449, 490, 1, 0, 0
267549, 530, 1, 0, 0
267649, 490, 1, 0, 0
267750, 510, 1, 0, 0
267850, 500, 1, 0, 0
267950, 500, 1, 0, 0
268050, 500, 1, 0, 0
268150, 500, 1, 0, 0
268249, 494, 1, 0, 0
268349, 500, 1, 0, 0
268449, 500, 1, 0, 0
268549, 480, 1, 0, 0
268649, 490, 1, 0, 0
268750, 510, 1, 0, 0
268850, 500, 1, 0, 0
268950, 490, 1, 0, 0
269050, 510, 1, 0, 0
269150, 520, 1, 0, 0
269249, 515, 1, 0, 0
269349, 530, 1, 0, 0
269449, 530, 1, 0, 0
269549, 510, 1, 0, 0
269649, 490, 1, 0, 0
269749, 510, 1, 0, 0
269850, 510, 1, 0, 0
269950, 530, 1, 0, 0
270050, 500, 1, 0, 0
270150, 510, 1, 0, 0
270249, 494, 1, 0, 0
270349, 510, 1, 0, 0
270449, 500, 1, 0, 0
270549, 500, 1, 0, 0
270649, 500, 1, 0, 0
270749, 490, 1, 0, 0
270850, 500, 1, 0, 0
270950, 500, 1, 0, 0
271050, 470, 1, 0, 0
271150, 510, 1, 0, 0
271249, 515, 1, 0, 0
271349, 520, 1, 0, 0
271449, 510, 1, 0, 0
271549, 500, 1, 0, 0
271649, 520, 1, 0, 0
271750, 500, 1, 0, 0
271850, 490, 1, 0, 0
271950, 480, 1, 0, 0
272050, 500, 1, 0, 0
272150, 490, 1, 0, 0
272249, 505, 1, 0, 0
272349, 470, 1, 0, 0
272449, 460, 1, 0, 0
272549, 490, 1, 0, 0
272649, 500, 1, 0, 0
272750, 480, 1, 0, 0
272850, 520, 1, 0, 0
272950, 490, 1, 0, 0
273050, 470, 1, 0, 0
273150, 490, 1, 0, 0
273249, 505, 1, 0, 0
273349, 510, 1, 0, 0
273449, 490, 1, 0, 0
273549, 500, 1, 0, 0
273649, 510, 1, 0, 0
273750, 500, 1, 0, 0
273850, 510, 1, 0, 0
273950, 520, 1, 0, 0
274050, 520, 1, 0, 0
274150, 500, 1, 0, 0
274249, 515, 1, 0, 0
274349, 490, 1, 0, 0
274449, 540, 1, 0, 0
274549, 540, 1, 0, 0
274649, 510, 1, 0, 0
274750, 490, 1, 0, 0
274850, 500, 1, 0, 0
274950, 540, 1, 0, 0
275050, 530, 1, 0, 0
275150, 510, 1, 0, 0
275249, 515, 1, 0, 0
275349, 510, 1, 0, 0
275449, 500, 1, 0, 0
275549, 540, 1, 0, 0
275649, 480, 1, 0, 0
275750, 490, 1, 0, 0
275850, 510, 1, 0, 0
275950, 500, 1, 0, 0
276050, 500, 1, 0, 0
276150, 470, 1, 0, 0
276249, 535, 1, 0, 0
276349, 480, 1, 0, 0
276449, 500, 1, 0, 0
276550, 510, 1, 0, 0
276650, 500, 1, 0, 0
276750, 520, 1, 0, 0
276850, 510, 1, 0, 0
276950, 490, 1, 0, 0
277050, 500, 1, 0, 0
277150, 440, 1, 0, 0
277249, 505, 1, 0, 0
277349, 530, 1, 0, 0
277449, 530, 1, 0, 0
277550, 520, 1, 0, 0
277650, 520, 1, 0, 0
277750, 510, 1, 0, 0
277850, 520, 1, 0, 0
277950, 510, 1, 0, 0
278050, 510, 1, 0, 0
278150, 500, 1, 0, 0
278249, 494, 1, 0, 0
278349, 530, 1, 0, 0
278449, 520, 1, 0, 0
278550, 510, 1, 0, 0
278650, 510, 1, 0, 0
278750, 500, 1, 0, 0
278850, 550, 1, 0, 0
278950, 540, 1, 0, 0
279050, 500, 1, 0, 0
279150, 470, 1, 0, 0
279249, 464, 1, 0, 0
279349, 490, 1, 0, 0
279449, 480, 1, 0, 0
279550, 520, 1, 0, 0
279650, 510, 1, 0, 0
279750, 490, 1, 0, 0
279850, 490, 1, 0, 0
279950, 520, 1, 0, 0
280050, 520, 1, 0, 0
280150, 510, 1, 0, 0
280249, 515, 1, 0, 0
280349, 510, 1, 0, 0
280449, 500, 1, 0, 0
280550, 510, 1, 0, 0
280650, 500, 1, 0, 0
280750, 490, 1, 0, 0
280850, 490, 1, 0, 0
280950, 500, 1, 0, 0
281050, 500, 1, 0, 0
281150, 490, 1, 0, 0
281249, 525, 1, 0, 0
281349, 490, 1, 0, 0
281449, 500, 1, 0, 0
281550, 500, 1, 0, 0
281650, 500, 1, 0, 0
281750, 530, 1, 0, 0
281850, 520, 1, 0, 0
281950, 500, 1, 0, 0
282050, 520, 1, 0, 0
282150, 510, 1, 0, 0
282249, 484, 1, 0, 0
282349, 500, 1, 0, 0
282449, 500, 1, 0, 0
282550, 530, 1, 0, 0
282650, 520, 1, 0, 0
282750, 510, 1, 0, 0
282850, 520, 1, 0, 0
282950, 510, 1, 0, 0
283050, 520, 1, 0, 0
283150, 490, 1, 0, 0
283249, 505, 1, 0, 0
283349, 500, 1, 0, 0
283449, 500, 1, 0, 0
283550, 500, 1, 0, 0
283650, 490, 1, 0, 0
283750, 490, 1, 0, 0
283850, 490, 1, 0, 0
283950, 510, 1, 0, 0
284050, 510, 1, 0, 0
284150, 520, 1, 0, 0
284249, 515, 1, 0, 0
284349, 500, 1, 0, 0
284449, 500, 1, 0, 0
284550, 500, 1, 0, 0
284650, 530, 1, 0, 0
284749, 505, 1, 0, 0
284849, 520, 1, 0, 0
284949, 490, 1, 0, 0
285049, 520, 1, 0, 0
285149, 510, 1, 0, 0
285249, 490, 1, 0, 0
285349, 500, 1, 0, 0
285450, 500, 1, 0, 0
285550, 470, 1, 0, 0
285650, 490, 1, 0, 0
285749, 525, 1, 0, 0
285849, 500, 1, 0, 0
285949, 520, 1, 0, 0
286049, 470, 1, 0, 0
286149, 500, 1, 0, 0
286250, 510, 1, 0, 0
286350, 480, 1, 0, 0
286450, 500, 1, 0, 0
286550, 480, 1, 0, 0
286650, 500, 1, 0, 0
286749, 494, 1, 0, 0
286849, 500, 1, 0, 0
286949, 490, 1, 0, 0
287049, 530, 1, 0, 0
287149, 510, 1, 0, 0
287250, 520, 1, 0, 0
287350, 500, 1, 0, 0
287450, 500, 1, 0, 0
287550, 510, 1, 0, 0
287650, 520, 1, 0, 0
287749, 494, 1, 0, 0
287849, 500, 1, 0, 0
287949, 460, 1, 0, 0
288049, 480, 1, 0, 0
288149, 510, 1, 0, 0
288250, 470, 1, 0, 0
288350, 490, 1, 0, 0
288450, 490, 1, 0, 0
288550, 480, 1, 0, 0
288650, 500, 1, 0, 0
288749, 464, 1, 0, 0
288849, 490, 1, 0, 0
288949, 470, 1, 0, 0
289049, 460, 1, 0, 0
289149, 460, 1, 0, 0
289249, 490, 1, 0, 0
289350, 470, 1, 0, 0
289450, 500, 1, 0, 0
289550, 480, 1, 0, 0
289650, 500, 1, 0, 0
289749, 505, 1, 0, 0
289849, 510, 1, 0, 0
289949, 490, 1, 0, 0
290049, 510, 1, 0, 0
290149, 510, 1, 0, 0
290250, 500, 1, 0, 0
290350, 510, 1, 0, 0
290450, 490, 1, 0, 0
290550, 480, 1, 0, 0
290650, 510, 1, 0, 0
290749, 505, 1, 0, 0
290849, 510, 1, 0, 0
290949, 490, 1, 0, 0
291049, 500, 1, 0, 0
291149, 490, 1, 0, 0
291250, 490, 1, 0, 0
291350, 490, 1, 0, 0
291450, 480, 1, 0, 0
291550, 480, 1, 0, 0
291650, 480, 1, 0, 0
291749, 505, 1, 0, 0
291849, 510, 1, 0, 0
291949, 510, 1, 0, 0
292049, 500, 1, 0, 0
292149, 520, 1, 0, 0
292250, 520, 1, 0, 0
292350, 480, 1, 0, 0
292450, 510, 1, 0, 0
292550, 490, 1, 0, 0
292650, 480, 1, 0, 0
292749, 484, 1, 0, 0
292849, 490, 1, 0, 0
292949, 500, 1, 0, 0
293049, 480, 1, 0, 0
293149, 500, 1, 0, 0
293250, 500, 1, 0, 0
293350, 490, 1, 0, 0
293450, 500, 1, 0, 0
293550, 500, 1, 0, 0
293650, 500, 1, 0, 0
293749, 525, 1, 0, 0
293849, 470, 1, 0, 0
293949, 520, 1, 0, 0
294049, 530, 1, 0, 0
294149, 500, 1, 0, 0
294250, 500, 1, 0, 0
294350, 500, 1, 0, 0
294450, 520, 1, 0, 0
294550, 510, 1, 0, 0
294650, 500, 1, 0, 0
294749, 505, 1, 0, 0
294849, 480, 1, 0, 0
294949, 510, 1, 0, 0
295049, 480, 1, 0, 0
295149, 530, 1, 0, 0
295250, 490, 1, 0, 0
295350, 490, 1, 0, 0
295450, 490, 1, 0, 0
295550, 500, 1, 0, 0
295650, 480, 1, 0, 0
295749, 505, 1, 0, 0
295849, 490, 1, 0, 0
295949, 510, 1, 0, 0
296049, 500, 1, 0, 0
296149, 500, 1, 0, 0
296250, 490, 1, 0, 0
296350, 490, 1, 0, 0
296450, 500, 1, 0, 0
296550, 490, 1, 0, 0
296650, 470, 1, 0, 0
296749, 505, 1, 0, 0
296849, 490, 1, 0, 0
296949, 490, 1, 0, 0
297049, 490, 1, 0, 0
297149, 510, 1, 0, 0
297250, 510, 1, 0, 0
297350, 500, 1, 0, 0
297450, 470, 1, 0, 0
297550, 500, 1, 0, 0
297650, 480, 1, 0, 0
297749, 505, 1, 0, 0
297849, 510, 1, 0, 0
297949, 500, 1, 0, 0
298049, 520, 1, 0, 0
298149, 510, 1, 0, 0
298250, 530, 1, 0, 0
298350, 520, 1, 0, 0
298450, 510, 1, 0, 0
298550, 520, 1, 0, 0
298650, 480, 1, 0, 0
298749, 515, 1, 0, 0
298849, 500, 1, 0, 0
298949, 520, 1, 0, 0
299049, 500, 1, 0, 0
299150, 490, 1, 0, 0
299250, 520, 1, 0, 0
299350, 500, 1, 0, 0
299450, 490, 1, 0, 0
299550, 510, 1, 0, 0
299650, 500, 1, 0, 0
299749, 494, 1, 0, 0
299849, 500, 1, 0, 0
299949, 490, 1, 0, 0
300049, 490, 1, 0, 0
300150, 510, 1, 0, 0
300250, 520, 1, 0, 0
300350, 480, 1, 0, 0
300450, 500, 1, 0, 0
300550, 470, 1, 0, 0
300650, 510, 1, 0, 0
300749, 494, 1, 0, 0
300849, 510, 1, 0, 0
300949, 520, 1, 0, 0
301050, 510, 1, 0, 0
301150, 530, 1, 0, 0
301250, 500, 1, 0, 0
301350, 510, 1, 0, 0
301450, 520, 1, 0, 0
301550, 500, 1, 0, 0
301650, 520, 1, 0, 0
301749, 515, 1, 0, 0
301849, 520, 1, 0, 0
301949, 510, 1, 0, 0
302050, 520, 1, 0, 0
302150, 540, 1, 0, 0
302250, 510, 1, 0, 0
302350, 540, 1, 0, 0
302450, 490, 1, 0, 0
302550, 520, 1, 0, 0
302650, 510, 1, 0, 0
302749, 505, 1, 0, 0
302849, 500, 1, 0, 0
302949, 500, 1, 0, 0
303050, 490, 1, 0, 0
303150, 510, 1, 0, 0
303250, 520, 1, 0, 0
303350, 520, 1, 0, 0
303450, 510, 1, 0, 0
303550, 540, 1, 0, 0
303650, 510, 1, 0, 0
303749, 525, 1, 0, 0
303849, 500, 1, 0, 0
303949, 500, 1, 0, 0
304050, 490, 1, 0, 0
304150, 510, 1, 0, 0
304250, 490, 1, 0, 0
304350, 520, 1, 0, 0
304450, 510, 1, 0, 0
304550, 490, 1, 0, 0
304650, 490, 1, 0, 0
304749, 505, 1, 0, 0
304849, 540, 1, 0, 0
304949, 490, 1, 0, 0
305050, 500, 1, 0, 0
305150, 500, 1, 0, 0
305249, 494, 1, 0, 0
305349, 510, 1, 0, 0
305449, 500, 1, 0, 0
305549, 490, 1, 0, 0
305649, 510, 1, 0, 0
305749, 510, 1, 0, 0
305850, 510, 1, 0, 0
305950, 490, 1, 0, 0
306050, 490, 1, 0, 0
306150, 480, 1, 0, 0
306249, 515, 1, 0, 0
306349, 510, 1, 0, 0
306449, 520, 1, 0, 0
306549, 530, 1, 0, 0
306649, 480, 1, 0, 0
306749, 520, 1, 0, 0
306850, 510, 1, 0, 0
306950, 500, 1, 0, 0
307050, 520, 1, 0, 0
307150, 490, 1, 0, 0
307249, 505, 1, 0, 0
307349, 480, 1, 0, 0
307449, 510, 1, 0, 0
307550, 470, 1, 0, 0
307650, 530, 1, 0, 0
307750, 530, 1, 0, 0
307850, 500, 1, 0, 0
307950, 510, 1, 0, 0
308050, 500, 1, 0, 0
308150, 500, 1, 0, 0
308249, 505, 1, 0, 0
308349, 500, 1, 0, 0
308449, 490, 1, 0, 0
308550, 510, 1, 0, 0
308650, 500, 1, 0, 0
308750, 510, 1, 0, 0
308850, 520, 1, 0, 0
308950, 520, 1, 0, 0
309050, 490, 1, 0, 0
309150, 520, 1, 0, 0
309249, 525, 1, 0, 0
309349, 490, 1, 0, 0
309449, 500, 1, 0, 0
309550, 490, 1, 0, 0
309650, 500, 1, 0, 0
309750, 500, 1, 0, 0
309850, 500, 1, 0, 0
309950, 510, 1, 0, 0
310050, 490, 1, 0, 0
310150, 510, 1, 0, 0
310249, 484, 1, 0, 0
310349, 490, 1, 0, 0
310449, 480, 1, 0, 0
310550, 470, 1, 0, 0
310650, 500, 1, 0, 0
310750, 490, 1, 0, 0
310850, 480, 1, 0, 0
310950, 480, 1, 0, 0
311050, 500, 1, 0, 0
311150, 490, 1, 0, 0
311249, 474, 1, 0, 0
311349, 490, 1, 0, 0
311449, 490, 1, 0, 0
311550, 510, 1, 0, 0
311650, 480, 1, 0, 0
311750, 500, 1, 0, 0
311850, 490, 1, 0, 0
311950, 490, 1, 0, 0
312050, 500, 1, 0, 0
312150, 490, 1, 0, 0
312249, 505, 1, 0, 0
312349, 510, 1, 0, 0
312449, 500, 1, 0, 0
312550, 500, 1, 0, 0
312650, 490, 1, 0, 0
312750, 480, 1, 0, 0
312850, 490, 1, 0, 0
312950, 490, 1, 0, 0
313050, 500, 1, 0, 0
313150, 460, 1, 0, 0
313249, 474, 1, 0, 0
313349, 490, 1, 0, 0
313449, 480, 1, 0, 0
313550, 480, 1, 0, 0
313650, 510, 1, 0, 0
313750, 490, 1, 0, 0
313850, 500, 1, 0, 0
313950, 490, 1, 0, 0
314050, 500, 1, 0, 0
314150, 470, 1, 0, 0
314249, 505, 1, 0, 0
314349, 480, 1, 0, 0
314449, 500, 1, 0, 0
314550, 490, 1, 0, 0
314650, 500, 1, 0, 0
314750, 490, 1, 0, 0
314850, 500, 1, 0, 0
314950, 480, 1, 0, 0
315050, 500, 1, 0, 0
315150, 480, 1, 0, 0
315249, 494, 1, 0, 0
315349, 480, 1, 0, 0
315449, 510, 1, 0, 0
315550, 510, 1, 0, 0
315650, 490, 1, 0, 0
315750, 490, 1, 0, 0
315850, 510, 1, 0, 0
315950, 500, 1, 0, 0
316050, 490, 1, 0, 0
316150, 500, 1, 0, 0
316249, 505, 1, 0, 0
316349, 510, 1, 0, 0
316449, 500, 1, 0, 0
316550, 490, 1, 0, 0
316650, 480, 1, 0, 0
316749, 505, 1, 0, 0
316849, 510, 1, 0, 0
316949, 480, 1, 0, 0
317049, 510, 1, 0, 0
317149, 490, 1, 0, 0
317249, 490, 1, 0, 0
317350, 510, 1, 0, 0
317450, 490, 1, 0, 0
317550, 470, 1, 0, 0
317650, 510, 1, 0, 0
317749, 505, 1, 0, 0
317849, 510, 1, 0, 0
317949, 470, 1, 0, 0
318049, 510, 1, 0, 0
318149, 500, 1, 0, 0
318250, 500, 1, 0, 0
318350, 530, 1, 0, 0
318450, 510, 1, 0, 0
318550, 500, 1, 0, 0
318650, 480, 1, 0, 0
318749, 505, 1, 0, 0
318849, 490, 1, 0, 0
318949, 530, 1, 0, 0
319049, 500, 1, 0, 0
319149, 490, 1, 0, 0
319250, 500, 1, 0, 0
319350, 460, 1, 0, 0
319450, 520, 1, 0, 0
319550, 470, 1, 0, 0
319650, 490, 1, 0, 0
319749, 474, 1, 0, 0
319849, 500, 1, 0, 0
319949, 510, 1, 0, 0
320049, 490, 1, 0, 0
320149, 500, 1, 0, 0
320250, 510, 1, 0, 0
320350, 490, 1, 0, 0
320450, 480, 1, 0, 0
320550, 480, 1, 0, 0
320650, 490, 1, 0, 0
320749, 505, 1, 0, 0
320849, 470, 1, 0, 0
320949, 470, 1, 0, 0
321049, 490, 1, 0, 0
321149, 520, 1, 0, 0
321250, 490, 1, 0, 0
321350, 490, 1, 0, 0
321450, 520, 1, 0, 0
321550, 510, 1, 0, 0
321650, 490, 1, 0, 0
321749, 474, 1, 0, 0
321849, 500, 1, 0, 0
321949, 510, 1, 0, 0
322049, 520, 1, 0, 0
322149, 520, 1, 0, 0
322250, 450, 1, 0, 0
322350, 500, 1, 0, 0
322450, 480, 1, 0, 0
322550, 510, 1, 0, 0
322650, 490, 1, 0, 0
322749, 505, 1, 0, 0
322849, 500, 1, 0, 0
322949, 500, 1, 0, 0
323050, 520, 1, 0, 0
323150, 490, 1, 0, 0
323250, 480, 1, 0, 0
323350, 520, 1, 0, 0
323450, 500, 1, 0, 0
323550, 520, 1, 0, 0
323650, 500, 1, 0, 0
323749, 505, 1, 0, 0
323849, 520, 1, 0, 0
323949, 480, 1, 0, 0
324050, 490, 1, 0, 0
324150, 480, 1, 0, 0
324250, 480, 1, 0, 0
324350, 470, 1, 0, 0
324450, 500, 1, 0, 0
324550, 510, 1, 0, 0
324650, 500, 1, 0, 0
324749, 474, 1, 0, 0
324849, 500, 1, 0, 0
324949, 510, 1, 0, 0
325050, 490, 1, 0, 0
325150, 500, 1, 0, 0
325250, 470, 1, 0, 0
325350, 500, 1, 0, 0
325450, 480, 1, 0, 0
325550, 490, 1, 0, 0
325650, 500, 1, 0, 0
325749, 484, 1, 0, 0
325849, 490, 1, 0, 0
325949, 520, 1, 0, 0
326050, 510, 1, 0, 0
326150, 490, 1, 0, 0
326249, 484, 1, 0, 0
326349, 470, 1, 0, 0
326449, 510, 1, 0, 0
326549, 500, 1, 0, 0
326649, 500, 1, 0, 0
326749, 500, 1, 0, 0
326849, 490, 1, 0, 0
326950, 500, 1, 0, 0
327050, 520, 1, 0, 0
327150, 500, 1, 0, 0
327249, 515, 1, 0, 0
327349, 480, 1, 0, 0
327449, 500, 1, 0, 0
327549, 490, 1, 0, 0
327649, 490, 1, 0, 0
327750, 510, 1, 0, 0
327850, 520, 1, 0, 0
327950, 490, 1, 0, 0
328050, 510, 1, 0, 0
328150, 500, 1, 0, 0
328249, 505, 1, 0, 0
328349, 500, 1, 0, 0
328449, 480, 1, 0, 0
328549, 460, 1, 0, 0
328649, 490, 1, 0, 0
328750, 490, 1, 0, 0
328850, 480, 1, 0, 0
328950, 500, 1, 0, 0
329050, 460, 1, 0, 0
329150, 510, 1, 0, 0
329249, 474, 1, 0, 0
329349, 490, 1, 0, 0
329449, 510, 1, 0, 0
329549, 470, 1, 0, 0
329649, 470, 1, 0, 0
329750, 460, 1, 0, 0
329850, 480, 1, 0, 0
329950, 500, 1, 0, 0
330050, 500, 1, 0, 0
330150, 460, 1, 0, 0
330249, 474, 1, 0, 0
330349, 490, 1, 0, 0
330449, 470, 1, 0, 0
330549, 500, 1, 0, 0
330649, 490, 1, 0, 0
330750, 480, 1, 0, 0
330850, 460, 1, 0, 0
330950, 490, 1, 0, 0
331050, 510, 1, 0, 0
331150, 520, 1, 0, 0
331249, 505, 1, 0, 0
331349, 490, 1, 0, 0
331449, 510, 1, 0, 0
331549, 470, 1, 0, 0
331649, 520, 1, 0, 0
331750, 500, 1, 0, 0
331850, 500, 1, 0, 0
331950, 500, 1, 0, 0
332050, 500, 1, 0, 0
332150, 490, 1, 0, 0
332249, 505, 1, 0, 0
332349, 490, 1, 0, 0
332449, 530, 1, 0, 0
332550, 490, 1, 0, 0
332650, 480, 1, 0, 0
332750, 490, 1, 0, 0
332850, 510, 1, 0, 0
332950, 480, 1, 0, 0
333050, 500, 1, 0, 0
333150, 500, 1, 0, 0
333249, 515, 1, 0, 0
333349, 460, 1, 0, 0
333449, 510, 1, 0, 0
333550, 500, 1, 0, 0
333650, 500, 1, 0, 0
333750, 500, 1, 0, 0
333850, 480, 1, 0, 0
333950, 520, 1, 0, 0
334050, 480, 1, 0, 0
334150, 540, 1, 0, 0
334249, 474, 1, 0, 0
334349, 510, 1, 0, 0
334449, 490, 1, 0, 0
334550, 520, 1, 0, 0
334650, 510, 1, 0, 0
334750, 540, 1, 0, 0
334850, 500, 1, 0, 0
334950, 530, 1, 0, 0
335050, 520, 1, 0, 0
335150, 510, 1, 0, 0
335249, 525, 1, 0, 0
335349, 510, 1, 0, 0
335449, 480, 1, 0, 0
335549, 490, 1, 0, 0
335650, 520, 1, 0, 0
335750, 510, 1, 0, 0
335850, 520, 1, 0, 0
335950, 500, 1, 0, 0
336050, 500, 1, 0, 0
336150, 510, 1, 0, 0
336249, 515, 1, 0, 0
336349, 520, 1, 0, 0
336449, 520, 1, 0, 0
336550, 540, 1, 0, 0
336650, 520, 1, 0, 0
336750, 490, 1, 0, 0
336850, 490, 1, 0, 0
336950, 510, 1, 0, 0
337050, 510, 1, 0, 0
337150, 500, 1, 0, 0
337249, 515, 1, 0, 0
337349, 520, 1, 0, 0
337449, 520, 1, 0, 0
337550, 500, 1, 0, 0
337650, 490, 1, 0, 0
337750, 490, 1, 0, 0
337850, 480, 1, 0, 0
337950, 500, 1, 0, 0
338050, 460, 1, 0, 0
338150, 490, 1, 0, 0
338249, 525, 1, 0, 0
338349, 520, 1, 0, 0
338450, 500, 1, 0, 0
338550, 500, 1, 0, 0
338650, 510, 1, 0, 0
338750, 510, 1, 0, 0
338850, 490, 1, 0, 0
338950, 500, 1, 0, 0
339050, 510, 1, 0, 0
339150, 510, 1, 0, 0
339249, 525, 1, 0, 0
339349, 510, 1, 0, 0
339449, 500, 1, 0, 0
339550, 510, 1, 0, 0
339650, 530, 1, 0, 0
339750, 500, 1, 0, 0
339850, 500, 1, 0, 0
339950, 520, 1, 0, 0
340050, 490, 1, 0, 0
340150, 510, 1, 0, 0
340249, 484, 1, 0, 0
340349, 520, 1, 0, 0
340449, 530, 1, 0, 0
340550, 500, 1, 0, 0
340650, 500, 1, 0, 0
340750, 470, 1, 0, 0
340850, 510, 1, 0, 0
340950, 510, 1, 0, 0
341050, 500, 1, 0, 0
341150, 460, 1, 0, 0
341249, 494, 1, 0, 0
341349, 500, 1, 0, 0
341449, 490, 1, 0, 0
341550, 520, 1, 0, 0
341650, 520, 1, 0, 0
341750, 520, 1, 0, 0
341850, 500, 1, 0, 0
341950, 490, 1, 0, 0
342050, 490, 1, 0, 0
342150, 510, 1, 0, 0
342249, 505, 1, 0, 0
342349, 490, 1, 0, 0
342449, 500, 1, 0, 0
342550, 510, 1, 0, 0
342650, 530, 1, 0, 0
342749, 505, 1, 0, 0
342849, 490, 1, 0, 0
342949, 480, 1, 0, 0
343049, 520, 1, 0, 0
343149, 500, 1, 0, 0
343249, 500, 1, 0, 0
343350, 500, 1, 0, 0
343450, 500, 1, 0, 0
343550, 500, 1, 0, 0
343650, 500, 1, 0, 0
343749, 535, 1, 0, 0
343849, 520, 1, 0, 0
343949, 510, 1, 0, 0
344049, 530, 1, 0, 0
344149, 530, 1, 0, 0
344250, 490, 1, 0, 0
344350, 550, 1, 0, 0
344450, 520, 1, 0, 0
344550, 510, 1, 0, 0
344650, 490, 1, 0, 0
344749, 515, 1, 0, 0
344849, 530, 1, 0, 0
344949, 500, 1, 0, 0
345049, 490, 1, 0, 0
345149, 520, 1, 0, 0
345250, 500, 1, 0, 0
345350, 490, 1, 0, 0
345450, 490, 1, 0, 0
345550, 510, 1, 0, 0
345650, 490, 1, 0, 0
345749, 525, 1, 0, 0
345849, 520, 1, 0, 0
345949, 470, 1, 0, 0
346049, 500, 1, 0, 0
346149, 510, 1, 0, 0
346250, 480, 1, 0, 0
346350, 490, 1, 0, 0
346450, 500, 1, 0, 0
346550, 500, 1, 0, 0
346650, 510, 1, 0, 0
346749, 515, 1, 0, 0
346849, 510, 1, 0, 0
346949, 500, 1, 0, 0
347049, 540, 1, 0, 0
347149, 520, 1, 0, 0
347250, 520, 1, 0, 0
347350, 500, 1, 0, 0
347450, 500, 1, 0, 0
347550, 520, 1, 0, 0
347650, 530, 1, 0, 0
347749, 515, 1, 0, 0
347849, 510, 1, 0, 0
347949, 510, 1, 0, 0
348049, 520, 1, 0, 0
348149, 530, 1, 0, 0
348250, 540, 1, 0, 0
348350, 550, 1, 0, 0
348450, 540, 1, 0, 0
348550, 510, 1, 0, 0
348650, 510, 1, 0, 0
348749, 515, 1, 0, 0
348849, 520, 1, 0, 0
348949, 530, 1, 0, 0
349049, 500, 1, 0, 0
349149, 550, 1, 0, 0
349250, 490, 1, 0, 0
349350, 500, 1, 0, 0
349450, 510, 1, 0, 0
349550, 510, 1, 0, 0
349650, 540, 1, 0, 0
349749, 535, 1, 0, 0
349849, 520, 1, 0, 0
349949, 500, 1, 0, 0
350049, 500, 1, 0, 0
350149, 510, 1, 0, 0
350250, 510, 1, 0, 0
350350, 510, 1, 0, 0
350450, 530, 1, 0, 0
350550, 540, 1, 0, 0
350650, 520, 1, 0, 0
350749, 535, 1, 0, 0
350849, 500, 1, 0, 0
350949, 530, 1, 0, 0
351049, 500, 1, 0, 0
351149, 520, 1, 0, 0
351250, 510, 1, 0, 0
351350, 520, 1, 0, 0
351450, 500, 1, 0, 0
351550, 500, 1, 0, 0
351650, 510, 1, 0, 0
351749, 515, 1, 0, 0
351849, 520, 1, 0, 0
351949, 520, 1, 0, 0
352049, 520, 1, 0, 0
352149, 510, 1, 0, 0
352250, 500, 1, 0, 0
352350, 490, 1, 0, 0
352450, 490, 1, 0, 0
352550, 520, 1, 0, 0
352650, 530, 1, 0, 0
352749, 494, 1, 0, 0
352849, 510, 1, 0, 0
352949, 500, 1, 0, 0
353049, 520, 1, 0, 0
353149, 530, 1, 0, 0
353250, 530, 1, 0, 0
353350, 520, 1, 0, 0
353450, 510, 1, 0, 0
353550, 520, 1, 0, 0
353650, 510, 1, 0, 0
353749, 494, 1, 0, 0
353849, 500, 1, 0, 0
353949, 510, 1, 0, 0
354049, 510, 1, 0, 0
354149, 510, 1, 0, 0
354250, 480, 1, 0, 0
354350, 510, 1, 0, 0
354450, 500, 1, 0, 0
354550, 520, 1, 0, 0
354650, 500, 1, 0, 0
354749, 535, 1, 0, 0
354849, 550, 1, 0, 0
354949, 510, 1, 0, 0
355050, 490, 1, 0, 0
355150, 530, 1, 0, 0
355250, 510, 1, 0, 0
355350, 510, 1, 0, 0
355450, 510, 1, 0, 0
355550, 510, 1, 0, 0
355650, 520, 1, 0, 0
355749, 525, 1, 0, 0
355849, 480, 1, 0, 0
355949, 530, 1, 0, 0
356050, 530, 1, 0, 0
356150, 520, 1, 0, 0
356250, 490, 1, 0, 0
356350, 490, 1, 0, 0
356450, 480, 1, 0, 0
356550, 500, 1, 0, 0
356650, 480, 1, 0, 0
356749, 515, 1, 0, 0
356849, 510, 1, 0, 0
356949, 480, 1, 0, 0
357050, 500, 1, 0, 0
357150, 510, 1, 0, 0
357250, 500, 1, 0, 0
357350, 500, 1, 0, 0
357450, 520, 1, 0, 0
357550, 530, 1, 0, 0
357650, 530, 1, 0, 0
357749, 535, 1, 0, 0
357849, 520, 1, 0, 0
357950, 530, 1, 0, 0
358050, 520, 1, 0, 0
358150, 510, 1, 0, 0
358249, 505, 1, 0, 0
358349, 520, 1, 0, 0
358449, 520, 1, 0, 0
358549, 520, 1, 0, 0
358649, 520, 1, 0, 0
358750, 540, 1, 0, 0
358850, 520, 1, 0, 0
358950, 480, 1, 0, 0
359050, 500, 1, 0, 0
359150, 510, 1, 0, 0
359249, 525, 1, 0, 0
359349, 530, 1, 0, 0
359449, 500, 1, 0, 0
359549, 510, 1, 0, 0
359649, 490, 1, 0, 0
359750, 480, 1, 0, 0
359850, 510, 1, 0, 0
359950, 510, 1, 0, 0
360050, 500, 1, 0, 0
360150, 540, 1, 0, 0
360249, 525, 1, 0, 0
360349, 500, 1, 0, 0
360449, 490, 1, 0, 0
360549, 510, 1, 0, 0
360649, 500, 1, 0, 0
360750, 490, 1, 0, 0
360850, 490, 1, 0, 0
360950, 490, 1, 0, 0
361050, 500, 1, 0, 0
361150, 500, 1, 0, 0
361249, 494, 1, 0, 0
361349, 530, 1, 0, 0
361449, 500, 1, 0, 0
361549, 520, 1, 0, 0
361649, 500, 1, 0, 0
361750, 520, 1, 0, 0
361850, 490, 1, 0, 0
361950, 510, 1, 0, 0
362050, 480, 1, 0, 0
362150, 510, 1, 0, 0
362249, 505, 1, 0, 0
362349, 500, 1, 0, 0
362449, 490, 1, 0, 0
362549, 480, 1, 0, 0
362649, 490, 1, 0, 0
362750, 480, 1, 0, 0
362850, 520, 1, 0, 0
362950, 490, 1, 0, 0
363050, 480, 1, 0, 0
363150, 490, 1, 0, 0
363249, 505, 1, 0, 0
363349, 500, 1, 0, 0
363449, 500, 1, 0, 0
363549, 490, 1, 0, 0
363649, 490, 1, 0, 0
363750, 500, 1, 0, 0
363850, 490, 1, 0, 0
363950, 480, 1, 0, 0
364050, 500, 1, 0, 0
364150, 500, 1, 0, 0
364249, 494, 1, 0, 0
364349, 500, 1, 0, 0
364449, 480, 1, 0, 0
364549, 500, 1, 0, 0
364649, 490, 1, 0, 0
364750, 490, 1, 0, 0
364850, 490, 1, 0, 0
364950, 510, 1, 0, 0
365050, 500, 1, 0, 0
365150, 490, 1, 0, 0
365249, 505, 1, 0, 0
365349, 500, 1, 0, 0
365449, 480, 1, 0, 0
365549, 460, 1, 0, 0
365649, 500, 1, 0, 0
365750, 480, 1, 0, 0
365850, 500, 1, 0, 0
365950, 470, 1, 0, 0
366050, 460, 1, 0, 0
366150, 510, 1, 0, 0
366249, 474, 1, 0, 0
366349, 460, 1, 0, 0
366449, 460, 1, 0, 0
366549, 470, 1, 0, 0
366650, 480, 1, 0, 0
366750, 500, 1, 0, 0
366850, 450, 1, 0, 0
366950, 460, 1, 0, 0
367050, 500, 1, 0, 0
367150, 480, 1, 0, 0
367249, 494, 1, 0, 0
367349, 490, 1, 0, 0
367449, 510, 1, 0, 0
367550, 490, 1, 0, 0
367650, 490, 1, 0, 0
367750, 470, 1, 0, 0
367850, 520, 1, 0, 0
367950, 500, 1, 0, 0
368050, 500, 1, 0, 0
368150, 470, 1, 0, 0
368249, 505, 1, 0, 0
368349, 460, 1, 0, 0
368449, 500, 1, 0, 0
368550, 460, 1, 0, 0
368650, 460, 1, 0, 0
368750, 480, 1, 0, 0
368850, 480, 1, 0, 0
368950, 490, 1, 0, 0
369050, 500, 1, 0, 0
369150, 500, 1, 0, 0
369249, 494, 1, 0, 0
369349, 470, 1, 0, 0
369449, 490, 1, 0, 0
369550, 480, 1, 0, 0
369650, 510, 1, 0, 0
369750, 480, 1, 0, 0
369850, 490, 1, 0, 0
369950, 500, 1, 0, 0
370050, 450, 1, 0, 0
370150, 510, 1, 0, 0
370249, 474, 1, 0, 0
370349, 480, 1, 0, 0
370449, 480, 1, 0, 0
370550, 490, 1, 0, 0
370650, 510, 1, 0, 0
370750, 500, 1, 0, 0
370850, 510, 1, 0, 0
370950, 490, 1, 0, 0
371050, 500, 1, 0, 0
371150, 480, 1, 0, 0
371249, 525, 1, 0, 0
371349, 480, 1, 0, 0
371449, 460, 1, 0, 0
371550, 470, 1, 0, 0
371650, 470, 1, 0, 0
371750, 490, 1, 0, 0
371850, 510, 1, 0, 0
371950, 480, 1, 0, 0
372050, 470, 1, 0, 0
372150, 480, 1, 0, 0
372249, 515, 1, 0, 0
372349, 510, 1, 0, 0
372450, 500, 1, 0, 0
372550, 490, 1, 0, 0
372650, 480, 1, 0, 0
372750, 500, 1, 0, 0
372850, 500, 1, 0, 0
372950, 520, 1, 0, 0
373050, 490, 1, 0, 0
373150, 500, 1, 0, 0
373249, 505, 1, 0, 0
373349, 500, 1, 0, 0
373450, 480, 1, 0, 0
373550, 480, 1, 0, 0
373650, 510, 1, 0, 0
373750, 470, 1, 0, 0
373850, 510, 1, 0, 0
373950, 480, 1, 0, 0
374050, 500, 1, 0, 0
374150, 500, 1, 0, 0
374249, 484, 1, 0, 0
374349, 490, 1, 0, 0
374450, 490, 1, 0, 0
374550, 500, 1, 0, 0
374650, 440, 1, 0, 0
374750, 500, 1, 0, 0
374850, 470, 1, 0, 0
374950, 470, 1, 0, 0
375050, 490, 1, 0, 0
375150, 480, 1, 0, 0
375249, 474, 1, 0, 0
375349, 460, 1, 0, 0
375450, 510, 1, 0, 0
375550, 510, 1, 0, 0
375650, 500, 1, 0, 0
375750, 490, 1, 0, 0
375850, 490, 1, 0, 0
375950, 490, 1, 0, 0
376050, 500, 1, 0, 0
376150, 490, 1, 0, 0
376249, 494, 1, 0, 0
376349, 500, 1, 0, 0
376449, 500, 1, 0, 0
376550, 500, 1, 0, 0
376650, 520, 1, 0, 0
376750, 510, 1, 0, 0
376850, 510, 1, 0, 0
376950, 490, 1, 0, 0
377050, 500, 1, 0, 0
377150, 500, 1, 0, 0
377249, 484, 1, 0, 0
377350, 520, 1, 0, 0
377450, 520, 1, 0, 0
377550, 490, 1, 0, 0
377650, 500, 1, 0, 0
377749, 505, 1, 0, 0
377849, 480, 1, 0, 0
377949, 490, 1, 0, 0
378049, 490, 1, 0, 0
378149, 500, 1, 0, 0
378250, 500, 1, 0, 0
378350, 510, 1, 0, 0
378450, 510, 1, 0, 0
378550, 470, 1, 0, 0
378650, 480, 1, 0, 0
378749, 505, 1, 0, 0
378849, 490, 1, 0, 0
378949, 510, 1, 0, 0
379049, 510, 1, 0, 0
379149, 490, 1, 0, 0
379250, 490, 1, 0, 0
379350, 480, 1, 0, 0
379450, 500, 1, 0, 0
379550, 490, 1, 0, 0
379650, 500, 1, 0, 0
379749, 494, 1, 0, 0
379849, 510, 1, 0, 0
379949, 510, 1, 0, 0
380049, 500, 1, 0, 0
380149, 510, 1, 0, 0
380250, 510, 1, 0, 0
380350, 510, 1, 0, 0
380450, 480, 1, 0, 0
380550, 500, 1, 0, 0
380650, 500, 1, 0, 0
380749, 515, 1, 0, 0
380849, 500, 1, 0, 0
380949, 510, 1, 0, 0
381049, 500, 1, 0, 0
381149, 490, 1, 0, 0
381250, 490, 1, 0, 0
381350, 510, 1, 0, 0
381450, 480, 1, 0, 0
381550, 490, 1, 0, 0
381650, 510, 1, 0, 0
381749, 505, 1, 0, 0
381849, 510, 1, 0, 0
381949, 510, 1, 0, 0
382049, 490, 1, 0, 0
382149, 500, 1, 0, 0
382250, 490, 1, 0, 0
382350, 510, 1, 0, 0
382450, 510, 1, 0, 0
382550, 500, 1, 0, 0
382650, 530, 1, 0, 0
382749, 474, 1, 0, 0
382849, 480, 1, 0, 0
382949, 490, 1, 0, 0
383049, 490, 1, 0, 0
383149, 490, 1, 0, 0
383250, 510, 1, 0, 0
383350, 460, 1, 0, 0
383450, 520, 1, 0, 0
383550, 470, 1, 0, 0
383650, 490, 1, 0, 0
383749, 505, 1, 0, 0
383849, 480, 1, 0, 0
383949, 490, 1, 0, 0
384049, 490, 1, 0, 0
384149, 500, 1, 0, 0
384250, 510, 1, 0, 0
384350, 500, 1, 0, 0
384450, 500, 1, 0, 0
384550, 490, 1, 0, 0
384650, 510, 1, 0, 0
384749, 494, 1, 0, 0
384849, 510, 1, 0, 0
384949, 520, 1, 0, 0
385049, 510, 1, 0, 0
385149, 500, 1, 0, 0
385250, 510, 1, 0, 0
385350, 490, 1, 0, 0
385450, 510, 1, 0, 0
385550, 490, 1, 0, 0
385650, 500, 1, 0, 0
385749, 494, 1, 0, 0
385849, 520, 1, 0, 0
385949, 490, 1, 0, 0
386049, 510, 1, 0, 0
386150, 500, 1, 0, 0
386250, 500, 1, 0, 0
386350, 480, 1, 0, 0
386450, 500, 1, 0, 0
386550, 510, 1, 0, 0
386650, 510, 1, 0, 0
386749, 505, 1, 0, 0
386849, 490, 1, 0, 0
386949, 480, 1, 0, 0
387050, 470, 1, 0, 0
387150, 500, 1, 0, 0
387250, 480, 1, 0, 0
387350, 490, 1, 0, 0
387450, 460, 1, 0, 0
387550, 510, 1, 0, 0
387650, 510, 1, 0, 0
387749, 505, 1, 0, 0
387849, 530, 1, 0, 0
387949, 510, 1, 0, 0
388050, 480, 1, 0, 0
388150, 510, 1, 0, 0
388250, 490, 1, 0, 0
388350, 530, 1, 0, 0
388450, 500, 1, 0, 0
388550, 470, 1, 0, 0
388650, 510, 1, 0, 0
388749, 515, 1, 0, 0
388849, 520, 1, 0, 0
388949, 500, 1, 0, 0
389050, 510, 1, 0, 0
389150, 510, 1, 0, 0
389250, 500, 1, 0, 0
389350, 520, 1, 0, 0
389450, 500, 1, 0, 0
389550, 520, 1, 0, 0
389650, 510, 1, 0, 0
389749, 515, 1, 0, 0
389849, 500, 1, 0, 0
389949, 530, 1, 0, 0
390050, 510, 1, 0, 0
390150, 520, 1, 0, 0
390250, 530, 1, 0, 0
390350, 490, 1, 0, 0
390450, 520, 1, 0, 0
390550, 500, 1, 0, 0
390650, 520, 1, 0, 0
390749, 474, 1, 0, 0
390849, 470, 1, 0, 0
390950, 500, 1, 0, 0
391050, 510, 1, 0, 0
391150, 480, 1, 0, 0
391249, 474, 1, 0, 0
391349, 500, 1, 0, 0
391449, 480, 1, 0, 0
391549, 500, 1, 0, 0
391649, 510, 1, 0, 0
391749, 520, 1, 0, 0
391850, 520, 1, 0, 0
391950, 490, 1, 0, 0
392050, 490, 1, 0, 0
392150, 500, 1, 0, 0
392249, 505, 1, 0, 0
392349, 500, 1, 0, 0
392449, 480, 1, 0, 0
392549, 510, 1, 0, 0
392649, 490, 1, 0, 0
392750, 530, 1, 0, 0
392850, 520, 1, 0, 0
392950, 500, 1, 0, 0
393050, 520, 1, 0, 0
393150, 500, 1, 0, 0
393249, 515, 1, 0, 0
393349, 510, 1, 0, 0
393449, 490, 1, 0, 0
393549, 520, 1, 0, 0
393649, 520, 1, 0, 0
393750, 500, 1, 0, 0
393850, 490, 1, 0, 0
393950, 500, 1, 0, 0
394050, 520, 1, 0, 0
394150, 500, 1, 0, 0
394249, 484, 1, 0, 0
394349, 530, 1, 0, 0
394449, 480, 1, 0, 0
394549, 510, 1, 0, 0
394649, 490, 1, 0, 0
394750, 510, 1, 0, 0
394850, 480, 1, 0, 0
394950, 480, 1, 0, 0
395050, 490, 1, 0, 0
395150, 480, 1, 0, 0
395249, 494, 1, 0, 0
395349, 500, 1, 0, 0
395449, 520, 1, 0, 0
395549, 530, 1, 0, 0
395649, 520, 1, 0, 0
395750, 530, 1, 0, 0
395850, 520, 1, 0, 0
395950, 500, 1, 0, 0
396050, 530, 1, 0, 0
396150, 540, 1, 0, 0
396249, 525, 1, 0, 0
396349, 500, 1, 0, 0
396449, 490, 1, 0, 0
396549, 500, 1, 0, 0
396649, 510, 1, 0, 0
396750, 500, 1, 0, 0
396850, 520, 1, 0, 0
396950, 490, 1, 0, 0
397050, 510, 1, 0, 0
397150, 490, 1, 0, 0
397249, 494, 1, 0, 0
397349, 520, 1, 0, 0
397449, 510, 1, 0, 0
397549, 510, 1, 0, 0
397649, 500, 1, 0, 0
397750, 530, 1, 0, 0
397850, 520, 1, 0, 0
397950, 520, 1, 0, 0
398050, 490, 1, 0, 0
398150, 510, 1, 0, 0
398249, 515, 1, 0, 0
398349, 500, 1, 0, 0
398449, 520, 1, 0, 0
398549, 520, 1, 0, 0
398649, 510, 1, 0, 0
398750, 510, 1, 0, 0
398850, 510, 1, 0, 0
398950, 490, 1, 0, 0
399050, 500, 1, 0, 0
399150, 500, 1, 0, 0
399249, 494, 1, 0, 0
399349, 520, 1, 0, 0
399449, 490, 1, 0, 0
399549, 510, 1, 0, 0
399649, 520, 1, 0, 0
399750, 510, 1, 0, 0
399850, 520, 1, 0, 0
399950, 510, 1, 0, 0
400050, 500, 1, 0, 0
400150, 540, 1, 0, 0
400249, 505, 1, 0, 0
400349, 490, 1, 0, 0
400449, 500, 1, 0, 0
400549, 470, 1, 0, 0
400649, 490, 1, 0, 0
400750, 480, 1, 0, 0
400850, 510, 1, 0, 0
400950, 500, 1, 0, 0
401050, 490, 1, 0, 0
401150, 490, 1, 0, 0
401249, 535, 1, 0, 0
401349, 500, 1, 0, 0
401449, 480, 1, 0, 0
401549, 460, 1, 0, 0
401649, 510, 1, 0, 0
401750, 510, 1, 0, 0
401850, 520, 1, 0, 0
401950, 510, 1, 0, 0
402050, 490, 1, 0, 0
402150, 510, 1, 0, 0
402249, 505, 1, 0, 0
402349, 510, 1, 0, 0
402449, 510, 1, 0, 0
402549, 490, 1, 0, 0
402649, 500, 1, 0, 0
402750, 490, 1, 0, 0
402850, 510, 1, 0, 0
402950, 490, 1, 0, 0
403050, 480, 1, 0, 0
403150, 480, 1, 0, 0
403249, 505, 1, 0, 0
403349, 500, 1, 0, 0
403449, 510, 1, 0, 0
403550, 520, 1, 0, 0
403650, 490, 1, 0, 0
403750, 490, 1, 0, 0
403850, 490, 1, 0, 0
403950, 470, 1, 0, 0
404050, 470, 1, 0, 0
404150, 470, 1, 0, 0
404249, 494, 1, 0, 0
404349, 500, 1, 0, 0
404449, 480, 1, 0, 0
404550, 490, 1, 0, 0
404650, 490, 1, 0, 0
404750, 500, 1, 0, 0
404850, 470, 1, 0, 0
404950, 470, 1, 0, 0
405050, 470, 1, 0, 0
405150, 490, 1, 0, 0
405249, 494, 1, 0, 0
405349, 480, 1, 0, 0
405449, 470, 1, 0, 0
405550, 490, 1, 0, 0
405650, 450, 1, 0, 0
405750, 470, 1, 0, 0
405850, 500, 1, 0, 0
405950, 490, 1, 0, 0
406050, 470, 1, 0, 0
406150, 490, 1, 0, 0
406249, 474, 1, 0, 0
406349, 470, 1, 0, 0
406450, 460, 1, 0, 0
406550, 440, 1, 0, 0
406650, 480, 1, 0, 0
406750, 500, 1, 0, 0
406850, 490, 1, 0, 0
406950, 470, 1, 0, 0
407050, 490, 1, 0, 0
407150, 450, 1, 0, 0
407249, 494, 1, 0, 0
407349, 450, 1, 0, 0
407449, 480, 1, 0, 0
407550, 470, 1, 0, 0
407650, 470, 1, 0, 0
407750, 470, 1, 0, 0
407850, 480, 1, 0, 0
407950, 480, 1, 0, 0
408050, 460, 1, 0, 0
408150, 470, 1, 0, 0
408249, 474, 1, 0, 0
408349, 450, 1, 0, 0
408449, 470, 1, 0, 0
408550, 480, 1, 0, 0
408650, 490, 1, 0, 0
408750, 510, 1, 0, 0
408850, 460, 1, 0, 0
408950, 460, 1, 0, 0
409050, 490, 1, 0, 0
409150, 480, 1, 0, 0
409249, 494, 1, 0, 0
409349, 500, 1, 0, 0
409449, 460, 1, 0, 0
409550, 480, 1, 0, 0
409650, 500, 1, 0, 0
409750, 480, 1, 0, 0
409850, 490, 1, 0, 0
409950, 490, 1, 0, 0
410050, 460, 1, 0, 0
410150, 500, 1, 0, 0
410249, 505, 1, 0, 0
410350, 480, 1, 0, 0
410450, 450, 1, 0, 0
410550, 460, 1, 0, 0
410650, 480, 1, 0, 0
410749, 474, 1, 0, 0
410849, 480, 1, 0, 0
410949, 490, 1, 0, 0
411049, 470, 1, 0, 0
411149, 460, 1, 0, 0
411250, 510, 1, 0, 0
411350, 470, 1, 0, 0
411450, 490, 1, 0, 0
411550, 480, 1, 0, 0
411650, 480, 1, 0, 0
411749, 484, 1, 0, 0
411849, 490, 1, 0, 0
411949, 490, 1, 0, 0
412049, 490, 1, 0, 0
412149, 470, 1, 0, 0
412250, 460, 1, 0, 0
412350, 490, 1, 0, 0
412450, 460, 1, 0, 0
412550, 480, 1, 0, 0
412650, 480, 1, 0, 0
412749, 484, 1, 0, 0
412849, 470, 1, 0, 0
412949, 480, 1, 0, 0
413049, 480, 1, 0, 0
413150, 480, 1, 0, 0
413250, 480, 1, 0, 0
413350, 480, 1, 0, 0
413450, 460, 1, 0, 0
413550, 460, 1, 0, 0
413650, 460, 1, 0, 0
413749, 464, 1, 0, 0
413849, 480, 1, 0, 0
413949, 430, 1, 0, 0
414050, 480, 1, 0, 0
414150, 470, 1, 0, 0
414250, 470, 1, 0, 0
414350, 480, 1, 0, 0
414450, 490, 1, 0, 0
414550, 500, 1, 0, 0
414650, 470, 1, 0, 0
414749, 454, 1, 0, 0
414849, 470, 1, 0, 0
414949, 470, 1, 0, 0
415050, 490, 1, 0, 0
415150, 470, 1, 0, 0
415250, 460, 1, 0, 0
415350, 490, 1, 0, 0
415450, 490, 1, 0, 0
415550, 500, 1, 0, 0
415650, 460, 1, 0, 0
415749, 505, 1, 0, 0
415849, 480, 1, 0, 0
415950, 500, 1, 0, 0
416050, 490, 1, 0, 0
416150, 480, 1, 0, 0
416250, 490, 1, 0, 0
416350, 480, 1, 0, 0
416450, 470, 1, 0, 0
416550, 480, 1, 0, 0
416650, 500, 1, 0, 0
416749, 484, 1, 0, 0
416849, 470, 1, 0, 0
416950, 470, 1, 0, 0
417050, 460, 1, 0, 0
417150, 470, 1, 0, 0
417250, 490, 1, 0, 0
417350, 480, 1, 0, 0
417450, 490, 1, 0, 0
417550, 490, 1, 0, 0
417650, 500, 1, 0, 0
417749, 515, 1, 0, 0
417849, 500, 1, 0, 0
417949, 470, 1, 0, 0
418050, 510, 1, 0, 0
418150, 490, 1, 0, 0
418250, 500, 1, 0, 0
418350, 540, 1, 0, 0
418450, 500, 1, 0, 0
418550, 520, 1, 0, 0
418650, 520, 1, 0, 0
418749, 505, 1, 0, 0
418849, 530, 1, 0, 0
418950, 510, 1, 0, 0
419050, 520, 1, 0, 0
419150, 500, 1, 0, 0
419249, 505, 1, 0, 0
419349, 490, 1, 0, 0
419449, 520, 1, 0, 0
419549, 510, 1, 0, 0
419649, 480, 1, 0, 0
419749, 530, 1, 0, 0
419850, 500, 1, 0, 0
419950, 530, 1, 0, 0
420050, 500, 1, 0, 0
420150, 490, 1, 0, 0
420249, 515, 1, 0, 0
420349, 480, 1, 0, 0
420449, 490, 1, 0, 0
420549, 500, 1, 0, 0
420649, 480, 1, 0, 0
420750, 500, 1, 0, 0
420850, 500, 1, 0, 0
420950, 490, 1, 0, 0
421050, 480, 1, 0, 0
421150, 460, 1, 0, 0
421249, 505, 1, 0, 0
421349, 510, 1, 0, 0
421449, 500, 1, 0, 0
421549, 490, 1, 0, 0
421649, 510, 1, 0, 0
421750, 490, 1, 0, 0
421850, 500, 1, 0, 0
421950, 490, 1, 0, 0
422050, 520, 1, 0, 0
422150, 510, 1, 0, 0
422249, 494, 1, 0, 0
422349, 500, 1, 0, 0
422449, 520, 1, 0, 0
422549, 520, 1, 0, 0
422649, 500, 1, 0, 0
422750, 490, 1, 0, 0
422850, 490, 1, 0, 0
422950, 500, 1, 0, 0
423050, 480, 1, 0, 0
423150, 510, 1, 0, 0
423249, 494, 1, 0, 0
423349, 490, 1, 0, 0
423449, 490, 1, 0, 0
423549, 490, 1, 0, 0
423649, 500, 1, 0, 0
423750, 510, 1, 0, 0
423850, 480, 1, 0, 0
423950, 510, 1, 0, 0
424050, 500, 1, 0, 0
424150, 490, 1, 0, 0
424249, 505, 1, 0, 0
424349, 480, 1, 0, 0
424449, 490, 1, 0, 0
424549, 500, 1, 0, 0
424649, 480, 1, 0, 0
424750, 480, 1, 0, 0
424850, 500, 1, 0, 0
424950, 490, 1, 0, 0
425050, 470, 1, 0, 0
425150, 500, 1, 0, 0
425249, 494, 1, 0, 0
425349, 490, 1, 0, 0
425449, 500, 1, 0, 0
425550, 510, 1, 0, 0
425650, 480, 1, 0, 0
425750, 480, 1, 0, 0
425850, 520, 1, 0, 0
425950, 510, 1, 0, 0
426050, 480, 1, 0, 0
426150, 500, 1, 0, 0
426249, 505, 1, 0, 0
426349, 500, 1, 0, 0
426449, 510, 1, 0, 0
426550, 480, 1, 0, 0
426650, 500, 1, 0, 0
426750, 480, 1, 0, 0
426850, 510, 1, 0, 0
426950, 510, 1, 0, 0
427050, 500, 1, 0, 0
427150, 490, 1, 0, 0
427249, 484, 1, 0, 0
427349, 480, 1, 0, 0
427450, 500, 1, 0, 0
427550, 460, 1, 0, 0
427650, 480, 1, 0, 0
427749, 474, 1, 0, 0
427849, 490, 1, 0, 0
427949, 480, 1, 0, 0
428049, 500, 1, 0, 0
428149, 460, 1, 0, 0
428249, 510, 1, 0, 0
428350, 500, 1, 0, 0
428450, 480, 1, 0, 0
428550, 500, 1, 0, 0
428650, 490, 1, 0, 0
428749, 484, 1, 0, 0
428849, 500, 1, 0, 0
428949, 500, 1, 0, 0
429049, 490, 1, 0, 0
429149, 490, 1, 0, 0
429250, 510, 1, 0, 0
429350, 490, 1, 0, 0
429450, 480, 1, 0, 0
429550, 480, 1, 0, 0
429650, 500, 1, 0, 0
429749, 525, 1, 0, 0
429849, 500, 1, 0, 0
429949, 510, 1, 0, 0
430049, 480, 1, 0, 0
430149, 510, 1, 0, 0
430250, 510, 1, 0, 0
430350, 480, 1, 0, 0
430450, 500, 1, 0, 0
430550, 480, 1, 0, 0
430650, 500, 1, 0, 0
430749, 505, 1, 0, 0
430849, 510, 1, 0, 0
430949, 500, 1, 0, 0
431050, 510, 1, 0, 0
431150, 490, 1, 0, 0
431250, 500, 1, 0, 0
431350, 490, 1, 0, 0
431450, 510, 1, 0, 0
431550, 480, 1, 0, 0
431650, 530, 1, 0, 0
431749, 484, 1, 0, 0
431849, 500, 1, 0, 0
431949, 490, 1, 0, 0
432049, 520, 1, 0, 0
432150, 480, 1, 0, 0
432250, 490, 1, 0, 0
432350, 490, 1, 0, 0
432450, 480, 1, 0, 0
432550, 480, 1, 0, 0
432650, 510, 1, 0, 0
432749, 484, 1, 0, 0
432849, 520, 1, 0, 0
432949, 490, 1, 0, 0
433049, 490, 1, 0, 0
433149, 490, 1, 0, 0
433250, 490, 1, 0, 0
433350, 470, 1, 0, 0
433450, 490, 1, 0, 0
433550, 460, 1, 0, 0
433650, 500, 1, 0, 0
433749, 464, 1, 0, 0
433849, 500, 1, 0, 0
433949, 470, 1, 0, 0
434049, 490, 1, 0, 0
434150, 480, 1, 0, 0
434250, 500, 1, 0, 0
434350, 530, 1, 0, 0
434450, 490, 1, 0, 0
434550, 520, 1, 0, 0
434650, 510, 1, 0, 0
434749, 545, 1, 0, 0
434849, 520, 1, 0, 0
434949, 490, 1, 0, 0
435050, 520, 1, 0, 0
435150, 510, 1, 0, 0
435250, 500, 1, 0, 0
435350, 480, 1, 0, 0
435450, 490, 1, 0, 0
435550, 490, 1, 0, 0
435650, 520, 1, 0, 0
435749, 515, 1, 0, 0
435849, 510, 1, 0, 0
435949, 480, 1, 0, 0
436050, 520, 1, 0, 0
436150, 510, 1, 0, 0
436250, 520, 1, 0, 0
436350, 520, 1, 0, 0
436450, 470, 1, 0, 0
436550, 490, 1, 0, 0
436650, 500, 1, 0, 0
436749, 494, 1, 0, 0
436849, 520, 1, 0, 0
436949, 490, 1, 0, 0
437050, 490, 1, 0, 0
437150, 490, 1, 0, 0
437250, 520, 1, 0, 0
437350, 490, 1, 0, 0
437450, 520, 1, 0, 0
437550, 510, 1, 0, 0
437650, 500, 1, 0, 0
437749, 494, 1, 0, 0
437849, 510, 1, 0, 0
437949, 490, 1, 0, 0
438050, 510, 1, 0, 0
438150, 540, 1, 0, 0
438250, 520, 1, 0, 0
438350, 500, 1, 0, 0
438450, 530, 1, 0, 0
438550, 520, 1, 0, 0
438650, 510, 1, 0, 0
438749, 515, 1, 0, 0
438850, 510, 1, 0, 0
438950, 490, 1, 0, 0
439050, 490, 1, 0, 0
439150, 510, 1, 0, 0
439249, 505, 1, 0, 0
439349, 520, 1, 0, 0
439449, 500, 1, 0, 0
439549, 520, 1, 0, 0
439649, 510, 1, 0, 0
439750, 500, 1, 0, 0
439850, 500, 1, 0, 0
439950, 510, 1, 0, 0
440050, 520, 1, 0, 0
440150, 500, 1, 0, 0
440249, 494, 1, 0, 0
440349, 520, 1, 0, 0
440449, 520, 1, 0, 0
440549, 500, 1, 0, 0
440649, 520, 1, 0, 0
440750, 500, 1, 0, 0
440850, 500, 1, 0, 0
440950, 490, 1, 0, 0
441050, 510, 1, 0, 0
441150, 500, 1, 0, 0
441249, 525, 1, 0, 0
441349, 500, 1, 0, 0
441449, 510, 1, 0, 0
441549, 500, 1, 0, 0
441649, 510, 1, 0, 0
441750, 520, 1, 0, 0
441850, 500, 1, 0, 0
441950, 490, 1, 0, 0
442050, 500, 1, 0, 0
442150, 500, 1, 0, 0
442249, 505, 1, 0, 0
442349, 530, 1, 0, 0
442449, 500, 1, 0, 0
442549, 520, 1, 0, 0
442650, 510, 1, 0, 0
442750, 490, 1, 0, 0
442850, 490, 1, 0, 0
442950, 510, 1, 0, 0
443050, 510, 1, 0, 0
443150, 520, 1, 0, 0
443249, 515, 1, 0, 0
443349, 540, 1, 0, 0
443449, 530, 1, 0, 0
443549, 510, 1, 0, 0
443649, 480, 1, 0, 0
443750, 490, 1, 0, 0
443850, 490, 1, 0, 0
443950, 520, 1, 0, 0
444050, 500, 1, 0, 0
444150, 510, 1, 0, 0
444249, 505, 1, 0, 0
444349, 520, 1, 0, 0
444449, 530, 1, 0, 0
444549, 530, 1, 0, 0
444649, 480, 1, 0, 0
444750, 470, 1, 0, 0
444850, 480, 1, 0, 0
444950, 510, 1, 0, 0
445050, 490, 1, 0, 0
445150, 520, 1, 0, 0
445249, 515, 1, 0, 0
445349, 470, 1, 0, 0
445449, 480, 1, 0, 0
445549, 490, 1, 0, 0
445649, 470, 1, 0, 0
445750, 500, 1, 0, 0
445850, 500, 1, 0, 0
445950, 510, 1, 0, 0
446050, 520, 1, 0, 0
446150, 500, 1, 0, 0
446249, 505, 1, 0, 0
446349, 510, 1, 0, 0
446449, 510, 1, 0, 0
446549, 500, 1, 0, 0
446649, 530, 1, 0, 0
446750, 520, 1, 0, 0
446850, 520, 1, 0, 0
446950, 510, 1, 0, 0
447050, 470, 1, 0, 0
447150, 510, 1, 0, 0
447249, 505, 1, 0, 0
447349, 520, 1, 0, 0
447449, 530, 1, 0, 0
447549, 470, 1, 0, 0
447650, 510, 1, 0, 0
447750, 510, 1, 0, 0
447850, 490, 1, 0, 0
447950, 530, 1, 0, 0
448050, 510, 1, 0, 0
448150, 490, 1, 0, 0
448249, 484, 1, 0, 0
448349, 500, 1, 0, 0
448449, 480, 1, 0, 0
448550, 500, 1, 0, 0
448650, 510, 1, 0, 0
448750, 500, 1, 0, 0
448850, 510, 1, 0, 0
448950, 530, 1, 0, 0
449050, 500, 1, 0, 0
449150, 520, 1, 0, 0
449249, 515, 1, 0, 0
449349, 510, 1, 0, 0
449449, 510, 1, 0, 0
449550, 510, 1, 0, 0
449650, 500, 1, 0, 0
449750, 530, 1, 0, 0
449850, 490, 1, 0, 0
449950, 500, 1, 0, 0
450050, 510, 1, 0, 0
450150, 510, 1, 0, 0
450249, 505, 1, 0, 0
450349, 500, 1, 0, 0
450450, 500, 1, 0, 0
450550, 510, 1, 0, 0
450650, 520, 1, 0, 0
450750, 480, 1, 0, 0
450850, 510, 1, 0, 0
450950, 520, 1, 0, 0
451050, 510, 1, 0, 0
451150, 480, 1, 0, 0
451249, 494, 1, 0, 0
451349, 510, 1, 0, 0
451450, 520, 1, 0, 0
451550, 500, 1, 0, 0
451650, 520, 1, 0, 0
451750, 510, 1, 0, 0
451850, 520, 1, 0, 0
451950, 480, 1, 0, 0
452050, 490, 1, 0, 0
452150, 490, 1, 0, 0
452249, 515, 1, 0, 0
452349, 470, 1, 0, 0
452449, 500, 1, 0, 0
452550, 500, 1, 0, 0
452650, 500, 1, 0, 0
452750, 490, 1, 0, 0
452850, 510, 1, 0, 0
452950, 480, 1, 0, 0
453050, 510, 1, 0, 0
453150, 500, 1, 0, 0
453249, 515, 1, 0, 0
453349, 500, 1, 0, 0
453449, 520, 1, 0, 0
453550, 500, 1, 0, 0
453650, 510, 1, 0, 0
453750, 500, 1, 0, 0
453850, 490, 1, 0, 0
453950, 520, 1, 0, 0
454050, 490, 1, 0, 0
454150, 460, 1, 0, 0
454249, 494, 1, 0, 0
454349, 500, 1, 0, 0
454449, 500, 1, 0, 0
454550, 500, 1, 0, 0
454650, 480, 1, 0, 0
454750, 500, 1, 0, 0
454850, 490, 1, 0, 0
454950, 500, 1, 0, 0
455050, 500, 1, 0, 0
455150, 470, 1, 0, 0
455249, 474, 1, 0, 0
455349, 500, 1, 0, 0
455449, 470, 1, 0, 0
455550, 490, 1, 0, 0
455650, 480, 1, 0, 0
455750, 500, 1, 0, 0
455850, 520, 1, 0, 0
455950, 480, 1, 0, 0
456050, 500, 1, 0, 0
456150, 500, 1, 0, 0
456249, 505, 1, 0, 0
456349, 500, 1, 0, 0
456450, 500, 1, 0, 0
456550, 500, 1, 0, 0
456650, 480, 1, 0, 0
456750, 510, 1, 0, 0
456850, 490, 1, 0, 0
456950, 510, 1, 0, 0
457050, 500, 1, 0, 0
457150, 520, 1, 0, 0
457249, 494, 1, 0, 0
457349, 480, 1, 0, 0
457449, 500, 1, 0, 0
457550, 510, 1, 0, 0
457650, 490, 1, 0, 0
457750, 520, 1, 0, 0
457850, 500, 1, 0, 0
457950, 490, 1, 0, 0
458050, 510, 1, 0, 0
458150, 500, 1, 0, 0
458249, 515, 1, 0, 0
458350, 480, 1, 0, 0
458450, 520, 1, 0, 0
458550, 500, 1, 0, 0
458650, 520, 1, 0, 0
458749, 505, 1, 0, 0
458849, 490, 1, 0, 0
458949, 510, 1, 0, 0
459049, 500, 1, 0, 0
459149, 500, 1, 0, 0
459250, 490, 1, 0, 0
459350, 500, 1, 0, 0
459450, 470, 1, 0, 0
459550, 480, 1, 0, 0
459650, 450, 1, 0, 0
459749, 515, 1, 0, 0
459849, 490, 1, 0, 0
459949, 490, 1, 0, 0
460049, 480, 1, 0, 0
460149, 480, 1, 0, 0
460250, 500, 1, 0, 0
460350, 510, 1, 0, 0
460450, 510, 1, 0, 0
460550, 510, 1, 0, 0
460650, 500, 1, 0, 0
460749, 525, 1, 0, 0
460849, 490, 1, 0, 0
460949, 520, 1, 0, 0
461049, 500, 1, 0, 0
461149, 500, 1, 0, 0
461250, 510, 1, 0, 0
461350, 500, 1, 0, 0
461450, 500, 1, 0, 0
461550, 490, 1, 0, 0
461650, 510, 1, 0, 0
461749, 525, 1, 0, 0
461849, 510, 1, 0, 0
461949, 500, 1, 0, 0
462049, 500, 1, 0, 0
462149, 510, 1, 0, 0
462250, 510, 1, 0, 0
462350, 490, 1, 0, 0
462450, 490, 1, 0, 0
462550, 490, 1, 0, 0
462650, 500, 1, 0, 0
462749, 494, 1, 0, 0
462849, 500, 1, 0, 0
462949, 510, 1, 0, 0
463049, 530, 1, 0, 0
463150, 530, 1, 0, 0
463250, 520, 1, 0, 0
463350, 500, 1, 0, 0
463450, 510, 1, 0, 0
463550, 520, 1, 0, 0
463650, 500, 1, 0, 0
463749, 525, 1, 0, 0
463849, 490, 1, 0, 0
463949, 520, 1, 0, 0
464049, 520, 1, 0, 0
464150, 530, 1, 0, 0
464250, 510, 1, 0, 0
464350, 480, 1, 0, 0
464450, 500, 1, 0, 0
464550, 510, 1, 0, 0
464650, 510, 1, 0, 0
464749, 515, 1, 0, 0
464849, 530, 1, 0, 0
464949, 490, 1, 0, 0
465049, 500, 1, 0, 0
465149, 470, 1, 0, 0
465250, 510, 1, 0, 0
465350, 510, 1, 0, 0
465450, 520, 1, 0, 0
465550, 500, 1, 0, 0
465650, 500, 1, 0, 0
465749, 484, 1, 0, 0
465849, 480, 1, 0, 0
465949, 490, 1, 0, 0
466049, 510, 1, 0, 0
466149, 490, 1, 0, 0
466250, 510, 1, 0, 0
466350, 510, 1, 0, 0
466450, 530, 1, 0, 0
466550, 510, 1, 0, 0
466650, 490, 1, 0, 0
466749, 494, 1, 0, 0
466849, 490, 1, 0, 0
466949, 510, 1, 0, 0
467049, 500, 1, 0, 0
467149, 520, 1, 0, 0
467250, 520, 1, 0, 0
467350, 500, 1, 0, 0
467450, 500, 1, 0, 0
467550, 520, 1, 0, 0
467650, 490, 1, 0, 0
467749, 525, 1, 0, 0
467849, 500, 1, 0, 0
467949, 530, 1, 0, 0
468049, 510, 1, 0, 0
468149, 510, 1, 0, 0
468250, 540, 1, 0, 0
468350, 520, 1, 0, 0
468450, 520, 1, 0, 0
468550, 490, 1, 0, 0
468650, 500, 1, 0, 0
468749, 494, 1, 0, 0
468849, 490, 1, 0, 0
468949, 500, 1, 0, 0
469049, 510, 1, 0, 0
469150, 510, 1, 0, 0
469250, 520, 1, 0, 0
469350, 490, 1, 0, 0
469450, 520, 1, 0, 0
469550, 520, 1, 0, 0
469650, 480, 1, 0, 0
469749, 494, 1, 0, 0
469849, 520, 1, 0, 0
469949, 490, 1, 0, 0
470050, 490, 1, 0, 0
470150, 520, 1, 0, 0
470250, 510, 1, 0, 0
470350, 520, 1, 0, 0
470450, 510, 1, 0, 0
470550, 510, 1, 0, 0
470650, 510, 1, 0, 0
470749, 484, 1, 0, 0
470849, 480, 1, 0, 0
470949, 490, 1, 0, 0
471050, 450, 1, 0, 0
471150, 510, 1, 0, 0
471250, 520, 1, 0, 0
471350, 500, 1, 0, 0
471450, 490, 1, 0, 0
471550, 500, 1, 0, 0
471650, 510, 1, 0, 0
471749, 505, 1, 0, 0
471849, 500, 1, 0, 0
471949, 500, 1, 0, 0
472049, 480, 1, 0, 0
472150, 490, 1, 0, 0
472250, 500, 1, 0, 0
472350, 480, 1, 0, 0
472450, 510, 1, 0, 0
472550, 500, 1, 0, 0
472650, 530, 1, 0, 0
472749, 515, 1, 0, 0
472849, 470, 1, 0, 0
472949, 520, 1, 0, 0
473049, 490, 1, 0, 0
473150, 490, 1, 0, 0
473250, 500, 1, 0, 0
473350, 500, 1, 0, 0
473450, 490, 1, 0, 0
473550, 510, 1, 0, 0
473650, 500, 1, 0, 0
473749, 505, 1, 0, 0
473849, 500, 1, 0, 0
473949, 470, 1, 0, 0
474050, 500, 1, 0, 0
474150, 480, 1, 0, 0
474250, 500, 1, 0, 0
474350, 510, 1, 0, 0
474450, 510, 1, 0, 0
474550, 490, 1, 0, 0
474650, 500, 1, 0, 0
474749, 494, 1, 0, 0
474849, 510, 1, 0, 0
474949, 490, 1, 0, 0
475050, 500, 1, 0, 0
475150, 480, 1, 0, 0
475250, 490, 1, 0, 0
475350, 470, 1, 0, 0
475450, 480, 1, 0, 0
475550, 490, 1, 0, 0
475650, 520, 1, 0, 0
475749, 505, 1, 0, 0
475849, 470, 1, 0, 0
475949, 490, 1, 0, 0
476050, 490, 1, 0, 0
476150, 490, 1, 0, 0
476250, 490, 1, 0, 0
476350, 510, 1, 0, 0
476450, 490, 1, 0, 0
476550, 480, 1, 0, 0
476650, 500, 1, 0, 0
476749, 474, 1, 0, 0
476849, 490, 1, 0, 0
476949, 490, 1, 0, 0
477050, 500, 1, 0, 0
477150, 490, 1, 0, 0
477250, 500, 1, 0, 0
477350, 480, 1, 0, 0
477450, 490, 1, 0, 0
477550, 510, 1, 0, 0
477650, 480, 1, 0, 0
477750, 494, 1, 0, 0
477850, 510, 1, 0, 0
477950, 530, 1, 0, 0
478050, 490, 1, 0, 0
478150, 490, 1, 0, 0
478249, 494, 1, 0, 0
478349, 500, 1, 0, 0
478449, 520, 1, 0, 0
478549, 530, 1, 0, 0
478649, 490, 1, 0, 0
478750, 460, 1, 0, 0
478850, 480, 1, 0, 0
478950, 510, 1, 0, 0
479050, 480, 1, 0, 0
479150, 500, 1, 0, 0
479249, 525, 1, 0, 0
479349, 490, 1, 0, 0
479449, 520, 1, 0, 0
479549, 490, 1, 0, 0
479649, 530, 1, 0, 0
479750, 490, 1, 0, 0
479850, 520, 1, 0, 0
479950, 500, 1, 0, 0
480050, 510, 1, 0, 0
480150, 480, 1, 0, 0
480249, 515, 1, 0, 0
480349, 490, 1, 0, 0
480449, 520, 1, 0, 0
480549, 510, 1, 0, 0
480650, 490, 1, 0, 0
480750, 510, 1, 0, 0
480850, 510, 1, 0, 0
480950, 510, 1, 0, 0
481050, 490, 1, 0, 0
481150, 500, 1, 0, 0
481249, 494, 1, 0, 0
481349, 520, 1, 0, 0
481449, 470, 1, 0, 0
481549, 520, 1, 0, 0
481649, 520, 1, 0, 0
481750, 480, 1, 0, 0
481850, 520, 1, 0, 0
481950, 480, 1, 0, 0
482050, 490, 1, 0, 0
482150, 470, 1, 0, 0
482249, 494, 1, 0, 0
482349, 480, 1, 0, 0
482449, 520, 1, 0, 0
482549, 500, 1, 0, 0
482649, 520, 1, 0, 0
482750, 510, 1, 0, 0
482850, 490, 1, 0, 0
482950, 520, 1, 0, 0
483050, 500, 1, 0, 0
483150, 510, 1, 0, 0
483249, 494, 1, 0, 0
483349, 490, 1, 0, 0
483449, 520, 1, 0, 0
483549, 490, 1, 0, 0
483649, 470, 1, 0, 0
483750, 510, 1, 0, 0
483850, 510, 1, 0, 0
483950, 500, 1, 0, 0
484050, 520, 1, 0, 0
484150, 480, 1, 0, 0
484249, 494, 1, 0, 0
484349, 490, 1, 0, 0
484449, 480, 1, 0, 0
484549, 510, 1, 0, 0
484649, 490, 1, 0, 0
484750, 480, 1, 0, 0
484850, 500, 1, 0, 0
484950, 520, 1, 0, 0
485050, 500, 1, 0, 0
485150, 480, 1, 0, 0
485249, 494, 1, 0, 0
485349, 490, 1, 0, 0
485449, 500, 1, 0, 0
485549, 500, 1, 0, 0
485649, 520, 1, 0, 0
485750, 510, 1, 0, 0
485850, 520, 1, 0, 0
485950, 500, 1, 0, 0
486050, 490, 1, 0, 0
486150, 500, 1, 0, 0
486249, 525, 1, 0, 0
486349, 520, 1, 0, 0
486449, 510, 1, 0, 0
486549, 480, 1, 0, 0
486650, 460, 1, 0, 0
486750, 450, 1, 0, 0
486850, 480, 1, 0, 0
486950, 510, 1, 0, 0
487050, 530, 1, 0, 0
487150, 500, 1, 0, 0
487249, 464, 1, 0, 0
487349, 500, 1, 0, 0
487449, 510, 1, 0, 0
487549, 520, 1, 0, 0
487649, 500, 1, 0, 0
487750, 490, 1, 0, 0
487850, 470, 1, 0, 0
487950, 480, 1, 0, 0
488050, 500, 1, 0, 0
488150, 510, 1, 0, 0
488249, 505, 1, 0, 0
488349, 510, 1, 0, 0
488449, 490, 1, 0, 0
488549, 530, 1, 0, 0
488649, 520, 1, 0, 0
488750, 480, 1, 0, 0
488850, 500, 1, 0, 0
488950, 510, 1, 0, 0
489050, 510, 1, 0, 0
489150, 510, 1, 0, 0
489249, 505, 1, 0, 0
489349, 510, 1, 0, 0
489449, 520, 1, 0, 0
489549, 510, 1, 0, 0
489649, 500, 1, 0, 0
489750, 520, 1, 0, 0
489850, 510, 1, 0, 0
489950, 540, 1, 0, 0
490050, 490, 1, 0, 0
490150, 500, 1, 0, 0
490249, 515, 1, 0, 0
490349, 500, 1, 0, 0
490449, 510, 1, 0, 0
490549, 480, 1, 0, 0
490649, 520, 1, 0, 0
490750, 500, 1, 0, 0
490850, 510, 1, 0, 0
490950, 490, 1, 0, 0
491050, 490, 1, 0, 0
491150, 480, 1, 0, 0
491249, 505, 1, 0, 0
491349, 520, 1, 0, 0
491449, 490, 1, 0, 0
491549, 510, 1, 0, 0
491649, 530, 1, 0, 0
491750, 510, 1, 0, 0
491850, 520, 1, 0, 0
491950, 510, 1, 0, 0
492050, 500, 1, 0, 0
492150, 520, 1, 0, 0
492249, 525, 1, 0, 0
492349, 500, 1, 0, 0
492449, 510, 1, 0, 0
492549, 500, 1, 0, 0
492649, 520, 1, 0, 0
492750, 510, 1, 0, 0
492850, 530, 1, 0, 0
492950, 530, 1, 0, 0
493050, 530, 1, 0, 0
493150, 500, 1, 0, 0
493249, 525, 1, 0, 0
493349, 540, 1, 0, 0
493449, 510, 1, 0, 0
493549, 510, 1, 0, 0
493649, 510, 1, 0, 0
493750, 500, 1, 0, 0
493850, 510, 1, 0, 0
493950, 490, 1, 0, 0
494050, 490, 1, 0, 0
494150, 510, 1, 0, 0
494249, 494, 1, 0, 0
494349, 510, 1, 0, 0
494449, 500, 1, 0, 0
494549, 500, 1, 0, 0
494649, 520, 1, 0, 0
494750, 500, 1, 0, 0
494850, 510, 1, 0, 0
494950, 520, 1, 0, 0
495050, 540, 1, 0, 0
495150, 450, 1, 0, 0
495249, 515, 1, 0, 0
495349, 510, 1, 0, 0
495449, 480, 1, 0, 0
495549, 500, 1, 0, 0
495650, 490, 1, 0, 0
495750, 510, 1, 0, 0
495850, 480, 1, 0, 0
495950, 510, 1, 0, 0
496050, 500, 1, 0, 0
496150, 490, 1, 0, 0
496249, 484, 1, 0, 0
496349, 470, 1, 0, 0
496449, 470, 1, 0, 0
496550, 470, 1, 0, 0
496650, 490, 1, 0, 0
496750, 480, 1, 0, 0
496850, 480, 1, 0, 0
496950, 470, 1, 0, 0
497050, 510, 1, 0, 0
497150, 490, 1, 0, 0
497249, 484, 1, 0, 0
497349, 530, 1, 0, 0
497449, 520, 1, 0, 0
497550, 490, 1, 0, 0
497650, 510, 1, 0, 0
497750, 510, 1, 0, 0
497850, 510, 1, 0, 0
497950, 500, 1, 0, 0
498050, 520, 1, 0, 0
498150, 500, 1, 0, 0
498249, 525, 1, 0, 0
498349, 470, 1, 0, 0
498449, 510, 1, 0, 0
498550, 480, 1, 0, 0
498650, 510, 1, 0, 0
498750, 510, 1, 0, 0
498850, 510, 1, 0, 0
498950, 500, 1, 0, 0
499050, 520, 1, 0, 0
499150, 500, 1, 0, 0
499249, 515, 1, 0, 0
499349, 490, 1, 0, 0
499449, 510, 1, 0, 0
499550, 500, 1, 0, 0
499650, 470, 1, 0, 0
499750, 520, 1, 0, 0
499850, 530, 1, 0, 0
499950, 510, 1, 0, 0
500050, 510, 1, 0, 0
500150, 510, 1, 0, 0
500249, 515, 1, 0, 0
500349, 490, 1, 0, 0
500449, 510, 1, 0, 0
500550, 480, 1, 0, 0
500650, 500, 1, 0, 0
500750, 500, 1, 0, 0
500850, 530, 1, 0, 0
500950, 500, 1, 0, 0
501050, 500, 1, 0, 0
501150, 500, 1, 0, 0
501249, 515, 1, 0, 0
501349, 510, 1, 0, 0
501449, 480, 1, 0, 0
501550, 540, 1, 0, 0
501650, 530, 1, 0, 0
501750, 510, 1, 0, 0
501850, 540, 1, 0, 0
501950, 510, 1, 0, 0
502050, 530, 1, 0, 0
502150, 510, 1, 0, 0
502249, 525, 1, 0, 0
502349, 510, 1, 0, 0
502449, 500, 1, 0, 0
502550, 490, 1, 0, 0
502650, 500, 1, 0, 0
502750, 500, 1, 0, 0
502850, 510, 1, 0, 0
502950, 520, 1, 0, 0
503050, 540, 1, 0, 0
503150, 490, 1, 0, 0
503249, 535, 1, 0, 0
503349, 510, 1, 0, 0
503449, 520, 1, 0, 0
503550, 500, 1, 0, 0
503650, 520, 1, 0, 0
503750, 510, 1, 0, 0
503850, 470, 1, 0, 0
503950, 480, 1, 0, 0
504050, 500, 1, 0, 0
504150, 510, 1, 0, 0
504249, 515, 1, 0, 0
504349, 500, 1, 0, 0
504449, 500, 1, 0, 0
504550, 500, 1, 0, 0
504650, 490, 1, 0, 0
504750, 510, 1, 0, 0
504850, 510, 1, 0, 0
504950, 510, 1, 0, 0
505050, 500, 1, 0, 0
505150, 480, 1, 0, 0
505249, 515, 1, 0, 0
505349, 500, 1, 0, 0
505450, 510, 1, 0, 0
505550, 490, 1, 0, 0
505650, 490, 1, 0, 0
505750, 480, 1, 0, 0
505850, 510, 1, 0, 0
505950, 540, 1, 0, 0
506050, 500, 1, 0, 0
506150, 490, 1, 0, 0
506249, 505, 1, 0, 0
506349, 500, 1, 0, 0
506450, 510, 1, 0, 0
506550, 510, 1, 0, 0
506650, 490, 1, 0, 0
506750, 540, 1, 0, 0
506850, 520, 1, 0, 0
506950, 470, 1, 0, 0
507050, 490, 1, 0, 0
507150, 480, 1, 0, 0
507249, 505, 1, 0, 0
507350, 500, 1, 0, 0
507450, 510, 1, 0, 0
507550, 500, 1, 0, 0
507650, 490, 1, 0, 0
507750, 510, 1, 0, 0
507850, 480, 1, 0, 0
507950, 480, 1, 0, 0
508050, 510, 1, 0, 0
508150, 490, 1, 0, 0
508249, 484, 1, 0, 0
508350, 480, 1, 0, 0
508450, 510, 1, 0, 0
508550, 510, 1, 0, 0
508650, 500, 1, 0, 0
508750, 490, 1, 0, 0
508850, 520, 1, 0, 0
508950, 500, 1, 0, 0
509050, 530, 1, 0, 0
509150, 490, 1, 0, 0
509249, 505, 1, 0, 0
509350, 510, 1, 0, 0
509450, 510, 1, 0, 0
509550, 500, 1, 0, 0
509650, 520, 1, 0, 0
509750, 500, 1, 0, 0
509850, 480, 1, 0, 0
509950, 490, 1, 0, 0
510050, 500, 1, 0, 0
510150, 510, 1, 0, 0
510249, 505, 1, 0, 0
510350, 510, 1, 0, 0
510450, 520, 1, 0, 0
510550, 480, 1, 0, 0
510650, 500, 1, 0, 0
510749, 494, 1, 0, 0
510849, 520, 1, 0, 0
510949, 540, 1, 0, 0
511049, 520, 1, 0, 0
511149, 490, 1, 0, 0
511250, 520, 1, 0, 0
511350, 500, 1, 0, 0
511450, 520, 1, 0, 0
511550, 500, 1, 0, 0
511650, 520, 1, 0, 0
511749, 515, 1, 0, 0
511849, 510, 1, 0, 0
511949, 510, 1, 0, 0
512049, 500, 1, 0, 0
512149, 510, 1, 0, 0
512250, 510, 1, 0, 0
512350, 500, 1, 0, 0
512450, 510, 1, 0, 0
512550, 490, 1, 0, 0
512650, 490, 1, 0, 0
512749, 515, 1, 0, 0
512849, 500, 1, 0, 0
512949, 500, 1, 0, 0
513049, 480, 1, 0, 0
513149, 480, 1, 0, 0
513250, 480, 1, 0, 0
513350, 480, 1, 0, 0
513450, 500, 1, 0, 0
513550, 470, 1, 0, 0
513650, 500, 1, 0, 0
513749, 505, 1, 0, 0
513849, 490, 1, 0, 0
513949, 480, 1, 0, 0
514049, 500, 1, 0, 0
514149, 480, 1, 0, 0
514250, 500, 1, 0, 0
514350, 520, 1, 0, 0
514450, 510, 1, 0, 0
514550, 500, 1, 0, 0
514650, 500, 1, 0, 0
514749, 515, 1, 0, 0
514849, 520, 1, 0, 0
514949, 510, 1, 0, 0
515049, 490, 1, 0, 0
515149, 520, 1, 0, 0
515250, 510, 1, 0, 0
515350, 510, 1, 0, 0
515450, 500, 1, 0, 0
515550, 510, 1, 0, 0
515650, 530, 1, 0, 0
515749, 505, 1, 0, 0
515849, 520, 1, 0, 0
515949, 490, 1, 0, 0
516049, 510, 1, 0, 0
516150, 500, 1, 0, 0
516250, 500, 1, 0, 0
516350, 500, 1, 0, 0
516450, 540, 1, 0, 0
516550, 520, 1, 0, 0
516650, 490, 1, 0, 0
516749, 505, 1, 0, 0
516849, 470, 1, 0, 0
516949, 480, 1, 0, 0
517050, 530, 1, 0, 0
517150, 500, 1, 0, 0
517250, 510, 1, 0, 0
517350, 530, 1, 0, 0
517450, 500, 1, 0, 0
517550, 530, 1, 0, 0
517650, 520, 1, 0, 0
517749, 515, 1, 0, 0
517849, 510, 1, 0, 0
517949, 510, 1, 0, 0
518050, 530, 1, 0, 0
518150, 520, 1, 0, 0
518250, 520, 1, 0, 0
518350, 510, 1, 0, 0
518450, 520, 1, 0, 0
518550, 500, 1, 0, 0
518650, 480, 1, 0, 0
518749, 494, 1, 0, 0
518849, 530, 1, 0, 0
518949, 520, 1, 0, 0
519050, 530, 1, 0, 0
519150, 490, 1, 0, 0
519250, 490, 1, 0, 0
519350, 510, 1, 0, 0
519450, 520, 1, 0, 0
519550, 520, 1, 0, 0
519650, 480, 1, 0, 0
519749, 474, 1, 0, 0
519849, 500, 1, 0, 0
519949, 490, 1, 0, 0
520050, 500, 1, 0, 0
520150, 490, 1, 0, 0
520250, 500, 1, 0, 0
520350, 490, 1, 0, 0
520450, 480, 1, 0, 0
520550, 490, 1, 0, 0
520650, 500, 1, 0, 0
520749, 525, 1, 0, 0
520849, 510, 1, 0, 0
520949, 500, 1, 0, 0
521050, 490, 1, 0, 0
521150, 490, 1, 0, 0
521250, 490, 1, 0, 0
521350, 500, 1, 0, 0
521450, 470, 1, 0, 0
521550, 490, 1, 0, 0
521650, 510, 1, 0, 0
521749, 505, 1, 0, 0
521849, 500, 1, 0, 0
521949, 500, 1, 0, 0
522050, 490, 1, 0, 0
522150, 470, 1, 0, 0
522250, 510, 1, 0, 0
522350, 490, 1, 0, 0
522450, 460, 1, 0, 0
522550, 470, 1, 0, 0
522650, 490, 1, 0, 0
522749, 474, 1, 0, 0
522849, 460, 1, 0, 0
522950, 490, 1, 0, 0
523050, 480, 1, 0, 0
523150, 510, 1, 0, 0
523250, 490, 1, 0, 0
523350, 500, 1, 0, 0
523450, 500, 1, 0, 0
523550, 500, 1, 0, 0
523650, 480, 1, 0, 0
523749, 464, 1, 0, 0
523850, 510, 1, 0, 0
523950, 500, 1, 0, 0
524050, 520, 1, 0, 0
524150, 480, 1, 0, 0
524250, 500, 1, 0, 0
524350, 480, 1, 0, 0
524450, 490, 1, 0, 0
524550, 480, 1, 0, 0
524650, 480, 1, 0, 0
524749, 484, 1, 0, 0
524850, 510, 1, 0, 0
524950, 500, 1, 0, 0
525050, 490, 1, 0, 0
525150, 490, 1, 0, 0
525250, 490, 1, 0, 0
525350, 530, 1, 0, 0
525450, 490, 1, 0, 0
525550, 510, 1, 0, 0
525650, 500, 1, 0, 0
525749, 494, 1, 0, 0
525850, 500, 1, 0, 0
525950, 500, 1, 0, 0
526050, 470, 1, 0, 0
526150, 510, 1, 0, 0
526249, 515, 1, 0, 0
526349, 480, 1, 0, 0
526449, 490, 1, 0, 0
526549, 470, 1, 0, 0
526649, 490, 1, 0, 0
526750, 520, 1, 0, 0
526850, 490, 1, 0, 0
526950, 510, 1, 0, 0
527050, 500, 1, 0, 0
527150, 500, 1, 0, 0
527249, 484, 1, 0, 0
527349, 490, 1, 0, 0
527449, 480, 1, 0, 0
527549, 500, 1, 0, 0
527649, 490, 1, 0, 0
527750, 480, 1, 0, 0
527850, 510, 1, 0, 0
527950, 440, 1, 0, 0
528050, 470, 1, 0, 0
528150, 490, 1, 0, 0
528249, 505, 1, 0, 0
528349, 500, 1, 0, 0
528449, 510, 1, 0, 0
528549, 480, 1, 0, 0
528649, 490, 1, 0, 0
528750, 490, 1, 0, 0
528850, 500, 1, 0, 0
528950, 500, 1, 0, 0
529050, 490, 1, 0, 0
529150, 500, 1, 0, 0
529249, 525, 1, 0, 0
529349, 480, 1, 0, 0
529449, 470, 1, 0, 0
529549, 480, 1, 0, 0
529649, 480, 1, 0, 0
529750, 480, 1, 0, 0
529850, 490, 1, 0, 0
529950, 510, 1, 0, 0
530050, 500, 1, 0, 0
530150, 530, 1, 0, 0
530249, 515, 1, 0, 0
530349, 500, 1, 0, 0
530449, 530, 1, 0, 0
530550, 520, 1, 0, 0
530650, 520, 1, 0, 0
530750, 510, 1, 0, 0
530850, 480, 1, 0, 0
530950, 520, 1, 0, 0
531050, 520, 1, 0, 0
531150, 510, 1, 0, 0
531249, 515, 1, 0, 0
531349, 480, 1, 0, 0
531449, 490, 1, 0, 0
531549, 510, 1, 0, 0
531650, 520, 1, 0, 0
531750, 510, 1, 0, 0
531850, 500, 1, 0, 0
531950, 500, 1, 0, 0
532050, 510, 1, 0, 0
532150, 510, 1, 0, 0
532249, 484, 1, 0, 0
532349, 490, 1, 0, 0
532449, 500, 1, 0, 0
532550, 520, 1, 0, 0
532650, 480, 1, 0, 0
532750, 540, 1, 0, 0
532850, 510, 1, 0, 0
532950, 510, 1, 0, 0
533050, 510, 1, 0, 0
533150, 510, 1, 0, 0
533249, 515, 1, 0, 0
533349, 500, 1, 0, 0
533449, 520, 1, 0, 0
533550, 550, 1, 0, 0
533650, 480, 1, 0, 0
533750, 520, 1, 0, 0
533850, 500, 1, 0, 0
533950, 500, 1, 0, 0
534050, 480, 1, 0, 0
534150, 500, 1, 0, 0
534249, 494, 1, 0, 0
534349, 520, 1, 0, 0
534449, 500, 1, 0, 0
534550, 510, 1, 0, 0
534650, 480, 1, 0, 0
534750, 500, 1, 0, 0
534850, 540, 1, 0, 0
534950, 520, 1, 0, 0
535050, 510, 1, 0, 0
535150, 510, 1, 0, 0
535249, 515, 1, 0, 0
535349, 490, 1, 0, 0
535450, 480, 1, 0, 0
535550, 500, 1, 0, 0
535650, 510, 1, 0, 0
535750, 510, 1, 0, 0
535850, 500, 1, 0, 0
535950, 500, 1, 0, 0
536050, 520, 1, 0, 0
536150, 520, 1, 0, 0
536249, 484, 1, 0, 0
536349, 530, 1, 0, 0
536449, 500, 1, 0, 0
536550, 490, 1, 0, 0
536650, 510, 1, 0, 0
536750, 500, 1, 0, 0
536850, 500, 1, 0, 0
536950, 490, 1, 0, 0
537050, 510, 1, 0, 0
537150, 500, 1, 0, 0
537249, 525, 1, 0, 0
537349, 520, 1, 0, 0
537449, 500, 1, 0, 0
537550, 480, 1, 0, 0
537650, 490, 1, 0, 0
537750, 500, 1, 0, 0
537850, 490, 1, 0, 0
537950, 510, 1, 0, 0
538050, 490, 1, 0, 0
538150, 520, 1, 0, 0
538249, 505, 1, 0, 0
538350, 510, 1, 0, 0
538450, 520, 1, 0, 0
538550, 500, 1, 0, 0
538650, 470, 1, 0, 0
538750, 520, 1, 0, 0
538850, 500, 1, 0, 0
538950, 520, 1, 0, 0
539050, 500, 1, 0, 0
539150, 510, 1, 0, 0
539250, 505, 1, 0, 0
539350, 530, 1, 0, 0
539450, 490, 1, 0, 0
539550, 520, 1, 0, 0
539650, 500, 1, 0, 0
539749, 515, 1, 0, 0
539849, 520, 1, 0, 0
539949, 510, 1, 0, 0
540049, 500, 1, 0, 0
540149, 490, 1, 0, 0
540250, 490, 1, 0, 0
540350, 500, 1, 0, 0
540450, 490, 1, 0, 0
540550, 520, 1, 0, 0
540650, 500, 1, 0, 0
540749, 505, 1, 0, 0
540849, 500, 1, 0, 0
540949, 490, 1, 0, 0
541049, 510, 1, 0, 0
541149, 500, 1, 0, 0
541250, 480, 1, 0, 0
541350, 490, 1, 0, 0
541450, 490, 1, 0, 0
541550, 500, 1, 0, 0
541650, 500, 1, 0, 0
541749, 505, 1, 0, 0
541849, 500, 1, 0, 0
541949, 500, 1, 0, 0
542050, 460, 1, 0, 0
542150, 490, 1, 0, 0
542250, 490, 1, 0, 0
542350, 510, 1, 0, 0
542450, 500, 1, 0, 0
542550, 490, 1, 0, 0
542650, 500, 1, 0, 0
542749, 494, 1, 0, 0
542849, 510, 1, 0, 0
542949, 500, 1, 0, 0
543050, 500, 1, 0, 0
543150, 480, 1, 0, 0
543250, 500, 1, 0, 0
543350, 490, 1, 0, 0
543450, 490, 1, 0, 0
543550, 500, 1, 0, 0
543650, 490, 1, 0, 0
543749, 505, 1, 0, 0
543849, 490, 1, 0, 0
543949, 500, 1, 0, 0
544050, 510, 1, 0, 0
544150, 490, 1, 0, 0
544250, 490, 1, 0, 0
544350, 510, 1, 0, 0
544450, 500, 1, 0, 0
544550, 520, 1, 0, 0
544650, 490, 1, 0, 0
544749, 484, 1, 0, 0
544849, 520, 1, 0, 0
544949, 520, 1, 0, 0
545050, 490, 1, 0, 0
545150, 520, 1, 0, 0
545250, 490, 1, 0, 0
545350, 510, 1, 0, 0
545450, 490, 1, 0, 0
545550, 510, 1, 0, 0
545650, 480, 1, 0, 0
545749, 525, 1, 0, 0
545850, 510, 1, 0, 0
545950, 500, 1, 0, 0
546050, 490, 1, 0, 0
546150, 530, 1, 0, 0
546250, 500, 1, 0, 0
546350, 500, 1, 0, 0
546450, 490, 1, 0, 0
546550, 460, 1, 0, 0
546650, 480, 1, 0, 0
546750, 474, 1, 0, 0
546850, 500, 1, 0, 0
546950, 510, 1, 0, 0
547050, 500, 1, 0, 0
547150, 500, 1, 0, 0
547249, 515, 1, 0, 0
547349, 510, 1, 0, 0
547449, 500, 1, 0, 0
547549, 500, 1, 0, 0
547649, 480, 1, 0, 0
547750, 500, 1, 0, 0
547850, 500, 1, 0, 0
547950, 470, 1, 0, 0
548050, 480, 1, 0, 0
548150, 490, 1, 0, 0
548249, 434, 1, 0, 0
548349, 500, 1, 0, 0
548449, 460, 1, 0, 0
548549, 480, 1, 0, 0
548649, 460, 1, 0, 0
548750, 470, 1, 0, 0
548850, 490, 1, 0, 0
548950, 470, 1, 0, 0
549050, 480, 1, 0, 0
549150, 500, 1, 0, 0
549249, 505, 1, 0, 0
549349, 480, 1, 0, 0
549449, 490, 1, 0, 0
549550, 490, 1, 0, 0
549650, 490, 1, 0, 0
549750, 490, 1, 0, 0
549850, 490, 1, 0, 0
549950, 480, 1, 0, 0
550050, 470, 1, 0, 0
550150, 470, 1, 0, 0
550249, 474, 1, 0, 0
550349, 480, 1, 0, 0
550449, 500, 1, 0, 0
550550, 490, 1, 0, 0
550650, 490, 1, 0, 0
550750, 480, 1, 0, 0
550850, 500, 1, 0, 0
550950, 500, 1, 0, 0
551050, 500, 1, 0, 0
551150, 500, 1, 0, 0
551249, 494, 1, 0, 0
551349, 490, 1, 0, 0
551449, 490, 1, 0, 0
551550, 500, 1, 0, 0
551650, 470, 1, 0, 0
551750, 490, 1, 0, 0
551850, 490, 1, 0, 0
551950, 510, 1, 0, 0
552050, 490, 1, 0, 0
552150, 490, 1, 0, 0
552249, 515, 1, 0, 0
552349, 490, 1, 0, 0
552450, 510, 1, 0, 0
552550, 490, 1, 0, 0
552650, 480, 1, 0, 0
552749, 484, 1, 0, 0
552849, 480, 1, 0, 0
552949, 500, 1, 0, 0
553049, 500, 1, 0, 0
553149, 530, 1, 0, 0
553250, 490, 1, 0, 0
553350, 490, 1, 0, 0
553450, 480, 1, 0, 0
553550, 510, 1, 0, 0
553650, 510, 1, 0, 0
553749, 484, 1, 0, 0
553849, 490, 1, 0, 0
553949, 480, 1, 0, 0
554049, 520, 1, 0, 0
554149, 520, 1, 0, 0
554250, 470, 1, 0, 0
554350, 530, 1, 0, 0
554450, 490, 1, 0, 0
554550, 500, 1, 0, 0
554650, 500, 1, 0, 0
554749, 494, 1, 0, 0
554849, 490, 1, 0, 0
554949, 520, 1, 0, 0
555049, 510, 1, 0, 0
555150, 510, 1, 0, 0
555250, 490, 1, 0, 0
555350, 500, 1, 0, 0
555450, 500, 1, 0, 0
555550, 520, 1, 0, 0
555650, 520, 1, 0, 0
555749, 484, 1, 0, 0
555849, 480, 1, 0, 0
555949, 510, 1, 0, 0
556050, 510, 1, 0, 0
556150, 470, 1, 0, 0
556250, 500, 1, 0, 0
556350, 480, 1, 0, 0
556450, 510, 1, 0, 0
556550, 520, 1, 0, 0
556650, 490, 1, 0, 0
556749, 505, 1, 0, 0
556849, 510, 1, 0, 0
556949, 460, 1, 0, 0
557050, 510, 1, 0, 0
557150, 510, 1, 0, 0
557250, 510, 1, 0, 0
557350, 500, 1, 0, 0
557450, 470, 1, 0, 0
557550, 530, 1, 0, 0
557650, 500, 1, 0, 0
557749, 474, 1, 0, 0
557849, 500, 1, 0, 0
557949, 490, 1, 0, 0
558050, 520, 1, 0, 0
558150, 500, 1, 0, 0
558250, 480, 1, 0, 0
558350, 490, 1, 0, 0
558450, 510, 1, 0, 0
558550, 470, 1, 0, 0
558650, 500, 1, 0, 0
558749, 464, 1, 0, 0
558849, 480, 1, 0, 0
558949, 480, 1, 0, 0
559050, 510, 1, 0, 0
559150, 490, 1, 0, 0
559250, 470, 1, 0, 0
559350, 500, 1, 0, 0
559450, 500, 1, 0, 0
559550, 500, 1, 0, 0
559650, 520, 1, 0, 0
559749, 515, 1, 0, 0
559849, 480, 1, 0, 0
559949, 500, 1, 0, 0
560050, 500, 1, 0, 0
560150, 500, 1, 0, 0
560250, 530, 1, 0, 0
560350, 480, 1, 0, 0
560450, 520, 1, 0, 0
560550, 510, 1, 0, 0
560650, 490, 1, 0, 0
560749, 505, 1, 0, 0
560849, 520, 1, 0, 0
560949, 490, 1, 0, 0
561050, 500, 1, 0, 0
561150, 510, 1, 0, 0
561250, 510, 1, 0, 0
561350, 480, 1, 0, 0
561450, 530, 1, 0, 0
561550, 510, 1, 0, 0
561650, 500, 1, 0, 0
561749, 494, 1, 0, 0
561849, 520, 1, 0, 0
561949, 510, 1, 0, 0
562050, 520, 1, 0, 0
562150, 490, 1, 0, 0
562250, 520, 1, 0, 0
562350, 510, 1, 0, 0
562450, 500, 1, 0, 0
562550, 490, 1, 0, 0
562650, 490, 1, 0, 0
562749, 505, 1, 0, 0
562849, 490, 1, 0, 0
562949, 490, 1, 0, 0
563050, 500, 1, 0, 0
563150, 500, 1, 0, 0
563250, 470, 1, 0, 0
563350, 480, 1, 0, 0
563450, 500, 1, 0, 0
563550, 490, 1, 0, 0
563650, 490, 1, 0, 0
563749, 474, 1, 0, 0
563849, 500, 1, 0, 0
563950, 480, 1, 0, 0
564050, 490, 1, 0, 0
564150, 490, 1, 0, 0
564250, 470, 1, 0, 0
564350, 510, 1, 0, 0
564450, 470, 1, 0, 0
564550, 490, 1, 0, 0
564650, 470, 1, 0, 0
564749, 515, 1, 0, 0
564850, 480, 1, 0, 0
564950, 520, 1, 0, 0
565050, 510, 1, 0, 0
565150, 510, 1, 0, 0
565250, 470, 1, 0, 0
565350, 510, 1, 0, 0
565450, 510, 1, 0, 0
565550, 490, 1, 0, 0
565650, 480, 1, 0, 0
565749, 484, 1, 0, 0
565850, 490, 1, 0, 0
565950, 470, 1, 0, 0
566050, 500, 1, 0, 0
566150, 480, 1, 0, 0
566250, 490, 1, 0, 0
566350, 490, 1, 0, 0
566450, 470, 1, 0, 0
566550, 490, 1, 0, 0
566650, 470, 1, 0, 0
566749, 484, 1, 0, 0
566850, 460, 1, 0, 0
566950, 500, 1, 0, 0
567050, 470, 1, 0, 0
567150, 480, 1, 0, 0
567250, 480, 1, 0, 0
567350, 490, 1, 0, 0
567450, 470, 1, 0, 0
567550, 450, 1, 0, 0
567650, 490, 1, 0, 0
567749, 505, 1, 0, 0
567849, 480, 1, 0, 0
567950, 490, 1, 0, 0
568050, 480, 1, 0, 0
568150, 440, 1, 0, 0
568250, 470, 1, 0, 0
568350, 450, 1, 0, 0
568450, 490, 1, 0, 0
568550, 500, 1, 0, 0
568650, 470, 1, 0, 0
568749, 474, 1, 0, 0
568849, 460, 1, 0, 0
568950, 470, 1, 0, 0
569050, 480, 1, 0, 0
569150, 500, 1, 0, 0
569250, 490, 1, 0, 0
569350, 470, 1, 0, 0
569450, 490, 1, 0, 0
569550, 480, 1, 0, 0
569650, 480, 1, 0, 0
569749, 494, 1, 0, 0
569849, 460, 1, 0, 0
569950, 480, 1, 0, 0
570050, 490, 1, 0, 0
570150, 490, 1, 0, 0
570250, 510, 1, 0, 0
570350, 490, 1, 0, 0
570450, 480, 1, 0, 0
570550, 470, 1, 0, 0
570650, 470, 1, 0, 0
570749, 505, 1, 0, 0
570849, 500, 1, 0, 0
570950, 490, 1, 0, 0
571050, 500, 1, 0, 0
571150, 480, 1, 0, 0
571250, 490, 1, 0, 0
571350, 490, 1, 0, 0
571450, 480, 1, 0, 0
571550, 510, 1, 0, 0
571650, 490, 1, 0, 0
571749, 505, 1, 0, 0
571850, 480, 1, 0, 0
571950, 490, 1, 0, 0
572050, 500, 1, 0, 0
572150, 490, 1, 0, 0
572250, 460, 1, 0, 0
572350, 500, 1, 0, 0
572450, 490, 1, 0, 0
572550, 460, 1, 0, 0
572650, 470, 1, 0, 0
572749, 474, 1, 0, 0
572850, 480, 1, 0, 0
572950, 490, 1, 0, 0
573050, 480, 1, 0, 0
573150, 520, 1, 0, 0
573250, 480, 1, 0, 0
573350, 480, 1, 0, 0
573450, 470, 1, 0, 0
573550, 500, 1, 0, 0
573650, 500, 1, 0, 0
573749, 494, 1, 0, 0
573850, 480, 1, 0, 0
573950, 480, 1, 0, 0
574050, 480, 1, 0, 0
574150, 510, 1, 0, 0
574250, 480, 1, 0, 0
574350, 480, 1, 0, 0
574450, 470, 1, 0, 0
574550, 490, 1, 0, 0
574650, 490, 1, 0, 0
574750, 494, 1, 0, 0
574850, 500, 1, 0, 0
574950, 480, 1, 0, 0
575050, 500, 1, 0, 0
575150, 500, 1, 0, 0
575249, 474, 1, 0, 0
575349, 500, 1, 0, 0
575449, 500, 1, 0, 0
575549, 480, 1, 0, 0
575649, 480, 1, 0, 0
575750, 460, 1, 0, 0
575850, 460, 1, 0, 0
575950, 480, 1, 0, 0
576050, 480, 1, 0, 0
576150, 480, 1, 0, 0
576249, 484, 1, 0, 0
576349, 530, 1, 0, 0
576449, 500, 1, 0, 0
576549, 490, 1, 0, 0
576649, 490, 1, 0, 0
576750, 490, 1, 0, 0
576850, 490, 1, 0, 0
576950, 490, 1, 0, 0
577050, 500, 1, 0, 0
577150, 490, 1, 0, 0
577249, 494, 1, 0, 0
577349, 530, 1, 0, 0
577449, 490, 1, 0, 0
577549, 510, 1, 0, 0
577649, 500, 1, 0, 0
577750, 500, 1, 0, 0
577850, 510, 1, 0, 0
577950, 500, 1, 0, 0
578050, 460, 1, 0, 0
578150, 480, 1, 0, 0
578249, 494, 1, 0, 0
578349, 510, 1, 0, 0
578449, 510, 1, 0, 0
578549, 490, 1, 0, 0
578649, 500, 1, 0, 0
578750, 480, 1, 0, 0
578850, 500, 1, 0, 0
578950, 500, 1, 0, 0
579050, 510, 1, 0, 0
579150, 470, 1, 0, 0
579249, 494, 1, 0, 0
579349, 500, 1, 0, 0
579449, 510, 1, 0, 0
579549, 510, 1, 0, 0
579650, 490, 1, 0, 0
579750, 480, 1, 0, 0
579850, 480, 1, 0, 0
579950, 500, 1, 0, 0
580050, 510, 1, 0, 0
580150, 490, 1, 0, 0
580249, 505, 1, 0, 0
580349, 500, 1, 0, 0
580449, 480, 1, 0, 0
580549, 500, 1, 0, 0
580650, 530, 1, 0, 0
580750, 490, 1, 0, 0
580850, 480, 1, 0, 0
580950, 510, 1, 0, 0
581050, 510, 1, 0, 0
581150, 510, 1, 0, 0
581249, 484, 1, 0, 0
581349, 510, 1, 0, 0
581449, 510, 1, 0, 0
581550, 480, 1, 0, 0
581650, 510, 1, 0, 0
581750, 480, 1, 0, 0
581850, 480, 1, 0, 0
581950, 480, 1, 0, 0
582050, 500, 1, 0, 0
582150, 510, 1, 0, 0
582249, 494, 1, 0, 0
582349, 480, 1, 0, 0
582449, 460, 1, 0, 0
582549, 480, 1, 0, 0
582650, 480, 1, 0, 0
582750, 520, 1, 0, 0
582850, 500, 1, 0, 0
582950, 500, 1, 0, 0
583050, 460, 1, 0, 0
583150, 490, 1, 0, 0
583249, 494, 1, 0, 0
583349, 510, 1, 0, 0
583449, 510, 1, 0, 0
583549, 500, 1, 0, 0
583649, 520, 1, 0, 0
583750, 490, 1, 0, 0
583850, 500, 1, 0, 0
583950, 460, 1, 0, 0
584050, 490, 1, 0, 0
584150, 500, 1, 0, 0
584249, 505, 1, 0, 0
584349, 500, 1, 0, 0
584449, 510, 1, 0, 0
584549, 510, 1, 0, 0
584650, 480, 1, 0, 0
584750, 480, 1, 0, 0
584850, 490, 1, 0, 0
584950, 520, 1, 0, 0
585050, 520, 1, 0, 0
585150, 510, 1, 0, 0
585249, 484, 1, 0, 0
585349, 470, 1, 0, 0
585449, 490, 1, 0, 0
585550, 500, 1, 0, 0
585650, 470, 1, 0, 0
585750, 480, 1, 0, 0
585850, 510, 1, 0, 0
585950, 500, 1, 0, 0
586050, 500, 1, 0, 0
586150, 480, 1, 0, 0
586249, 494, 1, 0, 0
586349, 480, 1, 0, 0
586449, 470, 1, 0, 0
586550, 480, 1, 0, 0
586650, 490, 1, 0, 0
586750, 490, 1, 0, 0
586850, 500, 1, 0, 0
586950, 490, 1, 0, 0
587050, 490, 1, 0, 0
587150, 500, 1, 0, 0
587249, 484, 1, 0, 0
587349, 490, 1, 0, 0
587449, 460, 1, 0, 0
587550, 480, 1, 0, 0
587650, 490, 1, 0, 0
587750, 500, 1, 0, 0
587850, 500, 1, 0, 0
587950, 510, 1, 0, 0
588050, 490, 1, 0, 0
588150, 480, 1, 0, 0
588249, 505, 1, 0, 0
588349, 510, 1, 0, 0
588450, 500, 1, 0, 0
588550, 510, 1, 0, 0
588650, 520, 1, 0, 0
588750, 510, 1, 0, 0
588850, 470, 1, 0, 0
588950, 500, 1, 0, 0
589050, 510, 1, 0, 0
589150, 510, 1, 0, 0
589249, 494, 1, 0, 0
589349, 530, 1, 0, 0
589450, 500, 1, 0, 0
589550, 500, 1, 0, 0
589650, 480, 1, 0, 0
589750, 500, 1, 0, 0
589850, 520, 1, 0, 0
589950, 520, 1, 0, 0
590050, 500, 1, 0, 0
590150, 520, 1, 0, 0
590249, 515, 1, 0, 0
590349, 480, 1, 0, 0
590450, 520, 1, 0, 0
590550, 490, 1, 0, 0
590650, 490, 1, 0, 0
590750, 500, 1, 0, 0
590850, 490, 1, 0, 0
590950, 510, 1, 0, 0
591050, 490, 1, 0, 0
591150, 520, 1, 0, 0
591249, 494, 1, 0, 0
591350, 510, 1, 0, 0
591450, 510, 1, 0, 0
591550, 500, 1, 0, 0
591650, 510, 1, 0, 0
591750, 490, 1, 0, 0
591850, 490, 1, 0, 0
591950, 510, 1, 0, 0
592050, 490, 1, 0, 0
592150, 530, 1, 0, 0
592249, 484, 1, 0, 0
592349, 500, 1, 0, 0
592450, 480, 1, 0, 0
592550, 470, 1, 0, 0
592650, 490, 1, 0, 0
592750, 510, 1, 0, 0
592850, 490, 1, 0, 0
592950, 500, 1, 0, 0
593050, 490, 1, 0, 0
593150, 490, 1, 0, 0
593249, 505, 1, 0, 0
593350, 490, 1, 0, 0
593450, 510, 1, 0, 0
593550, 490, 1, 0, 0
593650, 500, 1, 0, 0
593750, 510, 1, 0, 0
593850, 460, 1, 0, 0
593950, 500, 1, 0, 0
594050, 480, 1, 0, 0
594150, 490, 1, 0, 0
594249, 494, 1, 0, 0
594349, 490, 1, 0, 0
594450, 510, 1, 0, 0
594550, 500, 1, 0, 0
594650, 530, 1, 0, 0
594750, 520, 1, 0, 0
594850, 510, 1, 0, 0
594950, 510, 1, 0, 0
595050, 510, 1, 0, 0
595150, 480, 1, 0, 0
595249, 474, 1, 0, 0
595350, 480, 1, 0, 0
595450, 500, 1, 0, 0
595550, 510, 1, 0, 0
595650, 500, 1, 0, 0
595750, 490, 1, 0, 0
595850, 480, 1, 0, 0
595950, 510, 1, 0, 0
596050, 530, 1, 0, 0
596150, 510, 1, 0, 0
596249, 464, 1, 0, 0
596349, 480, 1, 0, 0
596450, 490, 1, 0, 0
596550, 510, 1, 0, 0
596650, 520, 1, 0, 0
596750, 510, 1, 0, 0
596850, 510, 1, 0, 0
596950, 500, 1, 0, 0
597050, 500, 1, 0, 0
597150, 500, 1, 0, 0
597249, 505, 1, 0, 0
597349, 510, 1, 0, 0
597450, 490, 1, 0, 0
597550, 520, 1, 0, 0
597650, 460, 1, 0, 0
597750, 500, 1, 0, 0
597850, 510, 1, 0, 0
597950, 500, 1, 0, 0
598050, 500, 1, 0, 0
598150, 490, 1, 0, 0
598249, 494, 1, 0, 0
598349, 500, 1, 0, 0
598449, 490, 1, 0, 0
598550, 510, 1, 0, 0
598650, 500, 1, 0, 0
598750, 490, 1, 0, 0
598850, 520, 1, 0, 0
598950, 480, 1, 0, 0
599050, 490, 1, 0, 0
599150, 480, 1, 0, 0
599249, 494, 1, 0, 0
599350, 480, 1, 0, 0
599450, 500, 1, 0, 0
599550, 490, 1, 0, 0
599650, 480, 1, 0, 0
599750, 490, 1, 0, 0
599850, 510, 1, 0, 0
599950, 490, 1, 0, 0
