101, 1098888, 1, 0, 0
200, 1128077, 1, 0, 0
302, 1128531, 1, 0, 0
400, 1124244, 1, 0, 0
501, 1267119, 1, 0, 0
600, 1184366, 1, 0, 0
700, 1098661, 1, 0, 0
800, 1138774, 1, 0, 0
901, 1122176, 1, 0, 0
1000, 1122679, 1, 0, 0
1100, 1190774, 1, 0, 0
1200, 1259634, 1, 0, 0
1300, 1103694, 1, 0, 0
1400, 1162740, 1, 0, 0
1500, 1232620, 1, 0, 0
1600, 1233159, 1, 0, 0
1700, 1118692, 1, 0, 0
1800, 1163589, 1, 0, 0
1900, 1133754, 1, 0, 0
2000, 1155169, 1, 0, 0
2100, 1174251, 1, 0, 0
2200, 1142392, 1, 0, 0
2300, 1099689, 1, 0, 0
2400, 1127513, 1, 0, 0
2500, 1194982, 1, 0, 0
2600, 1142134, 1, 0, 0
2700, 1101326, 1, 0, 0
2800, 1099989, 1, 0, 0
2900, 1126709, 1, 0, 0
3001, 1162479, 1, 0, 0
3100, 1128316, 1, 0, 0
3200, 1168673, 1, 0, 0
3300, 1137370, 1, 0, 0
3401, 1289150, 1, 0, 0
3500, 1126679, 1, 0, 0
3601, 1193511, 1, 0, 0
3701, 1133188, 1, 0, 0
3800, 1144344, 1, 0, 0
3901, 1111159, 1, 0, 0
4000, 1128652, 1, 0, 0
4100, 1126856, 1, 0, 0
4200, 1130381, 1, 0, 0
4300, 1187786, 1, 0, 0
4401, 1190868, 1, 0, 0
4500, 1133688, 1, 0, 0
4601, 1185382, 1, 0, 0
4701, 1097685, 1, 0, 0
4800, 1113564, 1, 0, 0
4900, 1071843, 1, 0, 0
5000, 1129615, 1, 0, 0
5100, 1126711, 1, 0, 0
5200, 1130905, 1, 0, 0
5301, 1203081, 1, 0, 0
5400, 1148490, 1, 0, 0
5500, 1118430, 1, 0, 0
5600, 1122872, 1, 0, 0
5700, 1138247, 1, 0, 0
5800, 1159156, 1, 0, 0
5901, 1111103, 1, 0, 0
6000, 1153819, 1, 0, 0
6100, 1135619, 1, 0, 0
6201, 1183151, 1, 0, 0
6300, 1129203, 1, 0, 0
6400, 1179722, 1, 0, 0
6500, 1175417, 1, 0, 0
6600, 1118749, 1, 0, 0
6700, 1115653, 1, 0, 0
6800, 1147197, 1, 0, 0
6900, 1121964, 1, 0, 0
7000, 1102439, 1, 0, 0
7100, 1094390, 1, 0, 0
7200, 1113416, 1, 0, 0
7300, 1139787, 1, 0, 0
7400, 1098199, 1, 0, 0
7500, 1109088, 1, 0, 0
7600, 1147037, 1, 0, 0
7700, 1137485, 1, 0, 0
7800, 1110791, 1, 0, 0
7900, 1150854, 1, 0, 0
8000, 1130040, 1, 0, 0
8100, 1073727, 1, 0, 0
8200, 1145962, 1, 0, 0
8300, 1126537, 1, 0, 0
8400, 1165334, 1, 0, 0
8500, 1120722, 1, 0, 0
8600, 1141450, 1, 0, 0
8700, 1077302, 1, 0, 0
8800, 1116846, 1, 0, 0
8900, 1115436, 1, 0, 0
9000, 1076351, 1, 0, 0
9100, 1130237, 1, 0, 0
9200, 1040746, 1, 0, 0
9300, 1095980, 1, 0, 0
9400, 1118138, 1, 0, 0
9500, 1078879, 1, 0, 0
9600, 1149508, 1, 0, 0
9700, 1097655, 1, 0, 0
9800, 1091291, 1, 0, 0
9900, 1122558, 1, 0, 0
10001, 1108101, 1, 0, 0
10100, 1154846, 1, 0, 0
10200, 1170753, 1, 0, 0
10300, 1084818, 1, 0, 0
10400, 1133026, 1, 0, 0
10500, 1104021, 1, 0, 0
10600, 1096732, 1, 0, 0
10700, 1177212, 1, 0, 0
10800, 1117606, 1, 0, 0
10900, 1146972, 1, 0, 0
11000, 1112150, 1, 0, 0
11101, 1178078, 1, 0, 0
11202, 1160727, 1, 0, 0
11302, 1136052, 1, 0, 0
11400, 1154615, 1, 0, 0
11500, 1091840, 1, 0, 0
11600, 1123277, 1, 0, 0
11700, 1181239, 1, 0, 0
11800, 1182051, 1, 0, 0
11900, 1104767, 1, 0, 0
12000, 1068074, 1, 0, 0
12100, 1090507, 1, 0, 0
12200, 1146749, 1, 0, 0
12301, 1184020, 1, 0, 0
12400, 1100204, 1, 0, 0
12500, 1143905, 1, 0, 0
12600, 1120822, 1, 0, 0
12700, 1144985, 1, 0, 0
12800, 1164570, 1, 0, 0
12900, 1128096, 1, 0, 0
13000, 1123422, 1, 0, 0
13100, 1157702, 1, 0, 0
13200, 1172164, 1, 0, 0
13300, 1194757, 1, 0, 0
13400, 1136837, 1, 0, 0
13500, 1116850, 1, 0, 0
13600, 1157752, 1, 0, 0
13701, 1182449, 1, 0, 0
13800, 1181964, 1, 0, 0
13900, 1129726, 1, 0, 0
14000, 1095489, 1, 0, 0
14100, 1142383, 1, 0, 0
14200, 1171663, 1, 0, 0
14300, 1133766, 1, 0, 0
14400, 1170642, 1, 0, 0
14500, 1133769, 1, 0, 0
14601, 1130276, 1, 0, 0
14700, 1233216, 1, 0, 0
14800, 1095162, 1, 0, 0
14900, 1161133, 1, 0, 0
15000, 1111236, 1, 0, 0
15100, 1098363, 1, 0, 0
15200, 1088701, 1, 0, 0
15300, 1114631, 1, 0, 0
15400, 1096351, 1, 0, 0
15502, 1183911, 1, 0, 0
15600, 1183485, 1, 0, 0
15700, 1116006, 1, 0, 0
15800, 1086659, 1, 0, 0
15900, 1140313, 1, 0, 0
16000, 1113662, 1, 0, 0
16100, 1111203, 1, 0, 0
16200, 1070533, 1, 0, 0
16300, 1090955, 1, 0, 0
16400, 1235912, 1, 0, 0
16501, 1168943, 1, 0, 0
16600, 1136154, 1, 0, 0
16700, 1133508, 1, 0, 0
16800, 1113607, 1, 0, 0
16900, 1142703, 1, 0, 0
17000, 1125262, 1, 0, 0
17100, 1141631, 1, 0, 0
17200, 1084641, 1, 0, 0
17300, 1114631, 1, 0, 0
17400, 1102513, 1, 0, 0
17500, 1137043, 1, 0, 0
17600, 1123820, 1, 0, 0
17701, 1113430, 1, 0, 0
17800, 1175012, 1, 0, 0
17900, 1202403, 1, 0, 0
18000, 1129224, 1, 0, 0
18100, 1154940, 1, 0, 0
18200, 1138533, 1, 0, 0
18301, 1138538, 1, 0, 0
18400, 1114534, 1, 0, 0
18500, 1108476, 1, 0, 0
18600, 1113311, 1, 0, 0
18700, 1156856, 1, 0, 0
18800, 1111238, 1, 0, 0
18900, 1167741, 1, 0, 0
19000, 1097494, 1, 0, 0
19100, 1205077, 1, 0, 0
19200, 1084174, 1, 0, 0
19300, 1162739, 1, 0, 0
19400, 1129709, 1, 0, 0
19500, 1140572, 1, 0, 0
19600, 1057472, 1, 0, 0
19700, 1152239, 1, 0, 0
19800, 1095299, 1, 0, 0
19900, 1134577, 1, 0, 0
20000, 1122424, 1, 0, 0
20100, 1097326, 1, 0, 0
20200, 1156823, 1, 0, 0
20300, 1093504, 1, 0, 0
20400, 1127151, 1, 0, 0
20500, 1115660, 1, 0, 0
20600, 1105334, 1, 0, 0
20700, 1156363, 1, 0, 0
20801, 1104369, 1, 0, 0
20900, 1141248, 1, 0, 0
21000, 1172456, 1, 0, 0
21100, 1080663, 1, 0, 0
21200, 1149138, 1, 0, 0
21300, 1119930, 1, 0, 0
21401, 1138474, 1, 0, 0
21500, 1132194, 1, 0, 0
21600, 1182697, 1, 0, 0
21701, 1132000, 1, 0, 0
21800, 1167785, 1, 0, 0
21900, 1091629, 1, 0, 0
22000, 1097303, 1, 0, 0
22101, 1133059, 1, 0, 0
22200, 1178577, 1, 0, 0
22300, 1155894, 1, 0, 0
22401, 1121413, 1, 0, 0
22500, 1112506, 1, 0, 0
22600, 1152331, 1, 0, 0
22700, 1168679, 1, 0, 0
22802, 1128501, 1, 0, 0
22900, 1104628, 1, 0, 0
23000, 1179351, 1, 0, 0
23100, 1153062, 1, 0, 0
23201, 1111383, 1, 0, 0
23300, 1164657, 1, 0, 0
23400, 1160425, 1, 0, 0
23500, 1159553, 1, 0, 0
23601, 1109632, 1, 0, 0
23700, 1107537, 1, 0, 0
23801, 1129763, 1, 0, 0
23900, 1142951, 1, 0, 0
24001, 1177994, 1, 0, 0
24101, 1173570, 1, 0, 0
24200, 1177754, 1, 0, 0
24300, 1251314, 1, 0, 0
24400, 1197211, 1, 0, 0
24500, 1161459, 1, 0, 0
24600, 1120135, 1, 0, 0
24700, 1146239, 1, 0, 0
24800, 1091684, 1, 0, 0
24901, 1150821, 1, 0, 0
25000, 1176465, 1, 0, 0
25100, 1114784, 1, 0, 0
25200, 1123196, 1, 0, 0
25300, 1082679, 1, 0, 0
25400, 1141624, 1, 0, 0
25500, 1148243, 1, 0, 0
25601, 1116217, 1, 0, 0
25701, 1096780, 1, 0, 0
25800, 1088904, 1, 0, 0
25900, 1133855, 1, 0, 0
26000, 1146253, 1, 0, 0
26100, 1149094, 1, 0, 0
26200, 1141133, 1, 0, 0
26300, 1086584, 1, 0, 0
26400, 1107256, 1, 0, 0
26500, 1132528, 1, 0, 0
26600, 1118867, 1, 0, 0
26700, 1159134, 1, 0, 0
26800, 1153209, 1, 0, 0
26900, 1105915, 1, 0, 0
27000, 1093126, 1, 0, 0
27100, 1144101, 1, 0, 0
27201, 1090669, 1, 0, 0
27300, 1096896, 1, 0, 0
27400, 1180749, 1, 0, 0
27500, 1095834, 1, 0, 0
27600, 1139345, 1, 0, 0
27700, 1101064, 1, 0, 0
27800, 1129411, 1, 0, 0
27900, 1155360, 1, 0, 0
28000, 1139213, 1, 0, 0
28101, 1094190, 1, 0, 0
28200, 1129313, 1, 0, 0
28301, 1098891, 1, 0, 0
28400, 1116366, 1, 0, 0
28500, 1074328, 1, 0, 0
28600, 1100519, 1, 0, 0
28700, 1157090, 1, 0, 0
28800, 1112511, 1, 0, 0
28900, 1064367, 1, 0, 0
29000, 1065003, 1, 0, 0
29100, 1103450, 1, 0, 0
29200, 1139586, 1, 0, 0
29300, 1146647, 1, 0, 0
29400, 1144523, 1, 0, 0
29501, 1077367, 1, 0, 0
29600, 1127232, 1, 0, 0
29700, 1116361, 1, 0, 0
29800, 1073659, 1, 0, 0
29900, 1135808, 1, 0, 0
30000, 1152664, 1, 0, 0
30100, 1156797, 1, 0, 0
30200, 1216565, 1, 0, 0
30300, 1145057, 1, 0, 0
30401, 1240865, 1, 0, 0
30500, 1114910, 1, 0, 0
30600, 1140788, 1, 0, 0
30700, 1124172, 1, 0, 0
30801, 1119761, 1, 0, 0
30900, 1120798, 1, 0, 0
31000, 1174876, 1, 0, 0
31100, 1179492, 1, 0, 0
31200, 1110833, 1, 0, 0
31301, 1193029, 1, 0, 0
31400, 1118451, 1, 0, 0
31501, 1144871, 1, 0, 0
31601, 1110489, 1, 0, 0
31701, 1120748, 1, 0, 0
31800, 1167218, 1, 0, 0
31900, 1131073, 1, 0, 0
32000, 1116406, 1, 0, 0
32101, 1132233, 1, 0, 0
32200, 1135702, 1, 0, 0
32300, 1124616, 1, 0, 0
32400, 1132555, 1, 0, 0
32500, 1154204, 1, 0, 0
32600, 1089593, 1, 0, 0
32700, 1190082, 1, 0, 0
32800, 1141825, 1, 0, 0
32900, 1100187, 1, 0, 0
33000, 1135570, 1, 0, 0
33100, 1219082, 1, 0, 0
33201, 1137189, 1, 0, 0
33300, 1139708, 1, 0, 0
33400, 1101052, 1, 0, 0
33500, 1157758, 1, 0, 0
33600, 1184771, 1, 0, 0
33700, 1093758, 1, 0, 0
33800, 1119062, 1, 0, 0
33900, 1155137, 1, 0, 0
34000, 1141264, 1, 0, 0
34100, 1096454, 1, 0, 0
34200, 1058378, 1, 0, 0
34300, 1151887, 1, 0, 0
34400, 1157388, 1, 0, 0
34500, 1162471, 1, 0, 0
34600, 1153288, 1, 0, 0
34700, 1091613, 1, 0, 0
34800, 1149519, 1, 0, 0
34900, 1077426, 1, 0, 0
35000, 1077496, 1, 0, 0
35102, 1116156, 1, 0, 0
35200, 1149579, 1, 0, 0
35300, 1033494, 1, 0, 0
35400, 1175413, 1, 0, 0
35500, 1114038, 1, 0, 0
35601, 1107603, 1, 0, 0
35700, 1062168, 1, 0, 0
35800, 1070266, 1, 0, 0
35900, 1125261, 1, 0, 0
36000, 1113181, 1, 0, 0
36100, 1095214, 1, 0, 0
36200, 1168689, 1, 0, 0
36300, 1138183, 1, 0, 0
36400, 1113803, 1, 0, 0
36500, 1082242, 1, 0, 0
36600, 1079260, 1, 0, 0
36700, 1130512, 1, 0, 0
36800, 1098996, 1, 0, 0
36900, 1146286, 1, 0, 0
37000, 1030415, 1, 0, 0
37100, 1103675, 1, 0, 0
37200, 1070855, 1, 0, 0
37300, 1088410, 1, 0, 0
37400, 1091937, 1, 0, 0
37500, 1050657, 1, 0, 0
37600, 1087480, 1, 0, 0
37700, 1073350, 1, 0, 0
37800, 1116049, 1, 0, 0
37900, 1077843, 1, 0, 0
38000, 1093845, 1, 0, 0
38100, 1048131, 1, 0, 0
38201, 1119108, 1, 0, 0
38302, 1146825, 1, 0, 0
38400, 1070178, 1, 0, 0
38500, 1094627, 1, 0, 0
38600, 1108229, 1, 0, 0
38700, 1108686, 1, 0, 0
38800, 1046974, 1, 0, 0
38900, 1094100, 1, 0, 0
39000, 1075690, 1, 0, 0
39100, 1203863, 1, 0, 0
39200, 1170571, 1, 0, 0
39300, 1110310, 1, 0, 0
39400, 1140360, 1, 0, 0
39500, 1052949, 1, 0, 0
39600, 1087837, 1, 0, 0
39700, 1128912, 1, 0, 0
39800, 1100472, 1, 0, 0
39900, 1108624, 1, 0, 0
40000, 1156956, 1, 0, 0
40100, 1171876, 1, 0, 0
40200, 1129696, 1, 0, 0
40300, 1132496, 1, 0, 0
40400, 1118415, 1, 0, 0
40500, 1109522, 1, 0, 0
40600, 1119090, 1, 0, 0
40700, 1160317, 1, 0, 0
40800, 1109058, 1, 0, 0
40900, 1076654, 1, 0, 0
41001, 1183438, 1, 0, 0
41100, 1143516, 1, 0, 0
41204, 1117782, 1, 0, 0
41300, 1113714, 1, 0, 0
41400, 1132214, 1, 0, 0
41500, 1123129, 1, 0, 0
41601, 1101490, 1, 0, 0
41701, 1123262, 1, 0, 0
41800, 1108395, 1, 0, 0
41900, 1100364, 1, 0, 0
42001, 1128914, 1, 0, 0
42100, 1094141, 1, 0, 0
42201, 1109997, 1, 0, 0
42300, 1098548, 1, 0, 0
42400, 1098864, 1, 0, 0
42500, 1086713, 1, 0, 0
42600, 1091671, 1, 0, 0
42700, 1091960, 1, 0, 0
42800, 1076021, 1, 0, 0
42902, 1082130, 1, 0, 0
43000, 1063892, 1, 0, 0
43100, 1063069, 1, 0, 0
43200, 1120714, 1, 0, 0
43300, 1113304, 1, 0, 0
43400, 1144117, 1, 0, 0
43500, 1120261, 1, 0, 0
43601, 1067575, 1, 0, 0
43700, 1118304, 1, 0, 0
43801, 1124401, 1, 0, 0
43900, 1076792, 1, 0, 0
44000, 1060628, 1, 0, 0
44100, 1081147, 1, 0, 0
44200, 1133762, 1, 0, 0
44300, 1097508, 1, 0, 0
44400, 1073789, 1, 0, 0
44500, 1076909, 1, 0, 0
44601, 1112599, 1, 0, 0
44700, 1093629, 1, 0, 0
44800, 1109470, 1, 0, 0
44900, 1110255, 1, 0, 0
45000, 1095740, 1, 0, 0
45101, 1123481, 1, 0, 0
45200, 1115754, 1, 0, 0
45300, 1116664, 1, 0, 0
45400, 1062323, 1, 0, 0
45500, 1100454, 1, 0, 0
45601, 1133673, 1, 0, 0
45700, 1061866, 1, 0, 0
45801, 1104781, 1, 0, 0
45900, 1111451, 1, 0, 0
46000, 1062712, 1, 0, 0
46100, 1088918, 1, 0, 0
46200, 1085696, 1, 0, 0
46300, 1099437, 1, 0, 0
46400, 1161792, 1, 0, 0
46500, 1088789, 1, 0, 0
46600, 1077522, 1, 0, 0
46700, 1086070, 1, 0, 0
46800, 1125095, 1, 0, 0
46901, 1123620, 1, 0, 0
47000, 1164053, 1, 0, 0
47100, 1059088, 1, 0, 0
47200, 1127535, 1, 0, 0
47301, 1111054, 1, 0, 0
47400, 1101960, 1, 0, 0
47500, 1113570, 1, 0, 0
47600, 1034785, 1, 0, 0
47700, 1069428, 1, 0, 0
47801, 1118122, 1, 0, 0
47900, 1047171, 1, 0, 0
48000, 1093630, 1, 0, 0
48100, 1125016, 1, 0, 0
48200, 1077806, 1, 0, 0
48300, 1075730, 1, 0, 0
48401, 1126464, 1, 0, 0
48500, 1100907, 1, 0, 0
48600, 1099120, 1, 0, 0
48700, 1119465, 1, 0, 0
48800, 1070754, 1, 0, 0
48901, 1159510, 1, 0, 0
49000, 1095368, 1, 0, 0
49100, 1163571, 1, 0, 0
49200, 1126824, 1, 0, 0
49301, 1073319, 1, 0, 0
49400, 1126803, 1, 0, 0
49500, 1095206, 1, 0, 0
49600, 1108349, 1, 0, 0
49700, 1055263, 1, 0, 0
49800, 1158270, 1, 0, 0
49900, 1066994, 1, 0, 0
50000, 1175237, 1, 0, 0
50100, 1122922, 1, 0, 0
50201, 1103761, 1, 0, 0
50300, 1119039, 1, 0, 0
50400, 1171388, 1, 0, 0
50500, 1085053, 1, 0, 0
50600, 1090184, 1, 0, 0
50700, 1098533, 1, 0, 0
50800, 1090739, 1, 0, 0
50900, 1124931, 1, 0, 0
51000, 1136126, 1, 0, 0
51100, 1097316, 1, 0, 0
51200, 1133843, 1, 0, 0
51300, 1109501, 1, 0, 0
51400, 1124305, 1, 0, 0
51500, 1163320, 1, 0, 0
51600, 1109121, 1, 0, 0
51700, 1102726, 1, 0, 0
51800, 1136147, 1, 0, 0
51900, 1160681, 1, 0, 0
52000, 1151264, 1, 0, 0
52101, 1156664, 1, 0, 0
52200, 1044793, 1, 0, 0
52300, 1099081, 1, 0, 0
52400, 1122031, 1, 0, 0
52501, 1075862, 1, 0, 0
52601, 1094447, 1, 0, 0
52700, 1091932, 1, 0, 0
52800, 1087865, 1, 0, 0
52900, 1125497, 1, 0, 0
53000, 1118171, 1, 0, 0
53100, 1124528, 1, 0, 0
53200, 1036359, 1, 0, 0
53300, 1068495, 1, 0, 0
53400, 1129311, 1, 0, 0
53500, 1112676, 1, 0, 0
53601, 1114821, 1, 0, 0
53700, 1098631, 1, 0, 0
53801, 1129698, 1, 0, 0
53900, 1163859, 1, 0, 0
54000, 1094548, 1, 0, 0
54100, 1090862, 1, 0, 0
54201, 1137985, 1, 0, 0
54300, 1067057, 1, 0, 0
54400, 1094876, 1, 0, 0
54500, 1054370, 1, 0, 0
54600, 1093398, 1, 0, 0
54700, 1132894, 1, 0, 0
54801, 1166696, 1, 0, 0
54900, 1091539, 1, 0, 0
55000, 1136379, 1, 0, 0
55101, 1138645, 1, 0, 0
55201, 1120106, 1, 0, 0
55300, 1101544, 1, 0, 0
55400, 1128351, 1, 0, 0
55500, 1063929, 1, 0, 0
55600, 1190350, 1, 0, 0
55700, 1136454, 1, 0, 0
55800, 1086548, 1, 0, 0
55901, 1073585, 1, 0, 0
56000, 1139034, 1, 0, 0
56100, 1109244, 1, 0, 0
56200, 1111903, 1, 0, 0
56300, 1069545, 1, 0, 0
56400, 1080361, 1, 0, 0
56500, 1103968, 1, 0, 0
56600, 1155535, 1, 0, 0
56700, 1108750, 1, 0, 0
56800, 1095677, 1, 0, 0
56900, 1151497, 1, 0, 0
57000, 1102763, 1, 0, 0
57100, 1099594, 1, 0, 0
57200, 1103430, 1, 0, 0
57300, 1182583, 1, 0, 0
57400, 1138105, 1, 0, 0
57500, 1081409, 1, 0, 0
57600, 1193136, 1, 0, 0
57700, 1179672, 1, 0, 0
57801, 1166154, 1, 0, 0
57900, 1117484, 1, 0, 0
58000, 1093487, 1, 0, 0
58100, 1101504, 1, 0, 0
58200, 1109762, 1, 0, 0
58300, 1117117, 1, 0, 0
58400, 1071385, 1, 0, 0
58500, 1153389, 1, 0, 0
58600, 1119491, 1, 0, 0
58700, 1116078, 1, 0, 0
58800, 1142954, 1, 0, 0
58900, 1141580, 1, 0, 0
59000, 1108414, 1, 0, 0
59100, 1109562, 1, 0, 0
59203, 1224418, 1, 0, 0
59301, 1164281, 1, 0, 0
59400, 1111839, 1, 0, 0
59500, 1066078, 1, 0, 0
59600, 1115230, 1, 0, 0
59700, 1156896, 1, 0, 0
59801, 1144914, 1, 0, 0
59900, 1091370, 1, 0, 0
60001, 1113914, 1, 0, 0
60100, 1153216, 1, 0, 0
60200, 1124860, 1, 0, 0
60300, 1134796, 1, 0, 0
60400, 1145072, 1, 0, 0
60500, 1094082, 1, 0, 0
60600, 1125772, 1, 0, 0
60700, 1105881, 1, 0, 0
60800, 1138495, 1, 0, 0
60900, 1122729, 1, 0, 0
61000, 1079857, 1, 0, 0
61100, 1053729, 1, 0, 0
61201, 1110732, 1, 0, 0
61301, 1182751, 1, 0, 0
61400, 1078522, 1, 0, 0
61500, 1087620, 1, 0, 0
61600, 1154068, 1, 0, 0
61700, 1112194, 1, 0, 0
61800, 1097946, 1, 0, 0
61900, 1122944, 1, 0, 0
62001, 1086101, 1, 0, 0
62100, 1119212, 1, 0, 0
62200, 1101267, 1, 0, 0
62300, 1076348, 1, 0, 0
62400, 1127814, 1, 0, 0
62500, 1154062, 1, 0, 0
62600, 1117308, 1, 0, 0
62700, 1125275, 1, 0, 0
62800, 1143595, 1, 0, 0
62900, 1090131, 1, 0, 0
63000, 1105730, 1, 0, 0
63100, 1130706, 1, 0, 0
63200, 1066625, 1, 0, 0
63301, 1132039, 1, 0, 0
63400, 1077875, 1, 0, 0
63500, 1109930, 1, 0, 0
63600, 1132532, 1, 0, 0
63700, 1064849, 1, 0, 0
63801, 1099432, 1, 0, 0
63900, 1152716, 1, 0, 0
64000, 1160122, 1, 0, 0
64100, 1072093, 1, 0, 0
64200, 1101954, 1, 0, 0
64301, 1122925, 1, 0, 0
64400, 1151300, 1, 0, 0
64500, 1126688, 1, 0, 0
64600, 1100283, 1, 0, 0
64700, 1155217, 1, 0, 0
64800, 1127048, 1, 0, 0
64900, 1141926, 1, 0, 0
65000, 1047315, 1, 0, 0
65100, 1088946, 1, 0, 0
65200, 1098740, 1, 0, 0
65300, 1123059, 1, 0, 0
65400, 1069622, 1, 0, 0
65501, 1160837, 1, 0, 0
65600, 1133113, 1, 0, 0
65700, 1159745, 1, 0, 0
65800, 1102723, 1, 0, 0
65900, 1115500, 1, 0, 0
66000, 1029412, 1, 0, 0
66100, 1076493, 1, 0, 0
66200, 1130686, 1, 0, 0
66300, 1096483, 1, 0, 0
66400, 1125565, 1, 0, 0
66500, 1151891, 1, 0, 0
66600, 1090855, 1, 0, 0
66701, 1098880, 1, 0, 0
66800, 1098898, 1, 0, 0
66900, 1087756, 1, 0, 0
67000, 1080430, 1, 0, 0
67100, 1134109, 1, 0, 0
67200, 1100883, 1, 0, 0
67300, 1117225, 1, 0, 0
67401, 1051433, 1, 0, 0
67500, 1099290, 1, 0, 0
67600, 1110161, 1, 0, 0
67700, 1121057, 1, 0, 0
67800, 1082791, 1, 0, 0
67901, 1100717, 1, 0, 0
68000, 1112090, 1, 0, 0
68100, 1189423, 1, 0, 0
68200, 1110004, 1, 0, 0
68300, 1136769, 1, 0, 0
68402, 1077480, 1, 0, 0
68501, 1158663, 1, 0, 0
68600, 1081291, 1, 0, 0
68700, 1102127, 1, 0, 0
68800, 1077970, 1, 0, 0
68900, 1068594, 1, 0, 0
69000, 1069018, 1, 0, 0
69100, 1112738, 1, 0, 0
69200, 1096832, 1, 0, 0
69300, 1102137, 1, 0, 0
69400, 1076436, 1, 0, 0
69500, 1057158, 1, 0, 0
69600, 1103301, 1, 0, 0
69700, 1044591, 1, 0, 0
69800, 1087155, 1, 0, 0
69900, 1107647, 1, 0, 0
70000, 1105760, 1, 0, 0
70100, 1083347, 1, 0, 0
70200, 1078133, 1, 0, 0
70300, 1137271, 1, 0, 0
70401, 1067667, 1, 0, 0
70500, 1093928, 1, 0, 0
70600, 1112525, 1, 0, 0
70701, 1108420, 1, 0, 0
70800, 1120974, 1, 0, 0
70900, 1141391, 1, 0, 0
71000, 1106199, 1, 0, 0
71100, 1145497, 1, 0, 0
71200, 1104172, 1, 0, 0
71300, 1130649, 1, 0, 0
71401, 1184240, 1, 0, 0
71500, 1113513, 1, 0, 0
71600, 1081398, 1, 0, 0
71701, 1117853, 1, 0, 0
71800, 1142650, 1, 0, 0
71900, 1121754, 1, 0, 0
72000, 1101952, 1, 0, 0
72100, 1168119, 1, 0, 0
72200, 1209137, 1, 0, 0
72301, 1097292, 1, 0, 0
72400, 1076785, 1, 0, 0
72501, 1071248, 1, 0, 0
72601, 1120417, 1, 0, 0
72700, 1135650, 1, 0, 0
72800, 1138049, 1, 0, 0
72900, 1105850, 1, 0, 0
73000, 1134752, 1, 0, 0
73100, 1113432, 1, 0, 0
73200, 1100409, 1, 0, 0
73300, 1128686, 1, 0, 0
73400, 1146434, 1, 0, 0
73500, 1128279, 1, 0, 0
73600, 1106732, 1, 0, 0
73700, 1112417, 1, 0, 0
73801, 1152887, 1, 0, 0
73900, 1071093, 1, 0, 0
74000, 1093048, 1, 0, 0
74100, 1105374, 1, 0, 0
74200, 1147069, 1, 0, 0
74300, 1105410, 1, 0, 0
74401, 1071826, 1, 0, 0
74501, 1108762, 1, 0, 0
74600, 1118344, 1, 0, 0
74700, 1077129, 1, 0, 0
74800, 1077299, 1, 0, 0
74900, 1112596, 1, 0, 0
75000, 1062888, 1, 0, 0
75100, 1088063, 1, 0, 0
75200, 1074445, 1, 0, 0
75300, 1143057, 1, 0, 0
75400, 1122545, 1, 0, 0
75500, 1117821, 1, 0, 0
75601, 1106720, 1, 0, 0
75700, 1099212, 1, 0, 0
75800, 1122731, 1, 0, 0
75900, 1147506, 1, 0, 0
76000, 1165793, 1, 0, 0
76100, 1083526, 1, 0, 0
76200, 1092351, 1, 0, 0
76300, 1087449, 1, 0, 0
76400, 1092381, 1, 0, 0
76500, 1036632, 1, 0, 0
76600, 1117938, 1, 0, 0
76700, 1095646, 1, 0, 0
76800, 1099194, 1, 0, 0
76900, 1156339, 1, 0, 0
77000, 1091833, 1, 0, 0
77100, 1129910, 1, 0, 0
77200, 1081072, 1, 0, 0
77300, 1078788, 1, 0, 0
77401, 1058083, 1, 0, 0
77500, 1096345, 1, 0, 0
77600, 1084875, 1, 0, 0
77701, 1122170, 1, 0, 0
77800, 1083383, 1, 0, 0
77900, 1107466, 1, 0, 0
78000, 1083704, 1, 0, 0
78100, 1056880, 1, 0, 0
78200, 1092128, 1, 0, 0
78301, 1118001, 1, 0, 0
78400, 1090002, 1, 0, 0
78500, 1158208, 1, 0, 0
78600, 1075746, 1, 0, 0
78700, 1134185, 1, 0, 0
78800, 1103404, 1, 0, 0
78900, 1065709, 1, 0, 0
79000, 1078466, 1, 0, 0
79100, 1189609, 1, 0, 0
79200, 1078065, 1, 0, 0
79300, 1095699, 1, 0, 0
79400, 1099693, 1, 0, 0
79500, 1125410, 1, 0, 0
79600, 1093909, 1, 0, 0
79700, 1041155, 1, 0, 0
79800, 1062638, 1, 0, 0
79900, 1131173, 1, 0, 0
80000, 1125885, 1, 0, 0
80100, 1088140, 1, 0, 0
80201, 1086374, 1, 0, 0
80302, 1204165, 1, 0, 0
80400, 1149465, 1, 0, 0
80500, 1122893, 1, 0, 0
80600, 1119904, 1, 0, 0
80700, 1177903, 1, 0, 0
80800, 1183423, 1, 0, 0
80900, 1098298, 1, 0, 0
81001, 1125628, 1, 0, 0
81100, 1110565, 1, 0, 0
81200, 1114938, 1, 0, 0
81300, 1145020, 1, 0, 0
81401, 1090888, 1, 0, 0
81500, 1105888, 1, 0, 0
81600, 1130311, 1, 0, 0
81701, 1117111, 1, 0, 0
81800, 1088563, 1, 0, 0
81900, 1119536, 1, 0, 0
82000, 1165296, 1, 0, 0
82100, 1107639, 1, 0, 0
82202, 1130155, 1, 0, 0
82300, 1073106, 1, 0, 0
82400, 1208664, 1, 0, 0
82500, 1087467, 1, 0, 0
82602, 1101519, 1, 0, 0
82700, 1132405, 1, 0, 0
82800, 1095248, 1, 0, 0
82900, 1074537, 1, 0, 0
83001, 1077605, 1, 0, 0
83100, 1047438, 1, 0, 0
83200, 1096997, 1, 0, 0
83300, 1022426, 1, 0, 0
83400, 1084797, 1, 0, 0
83500, 1134369, 1, 0, 0
83600, 1108983, 1, 0, 0
83700, 1059243, 1, 0, 0
83800, 1149811, 1, 0, 0
83900, 1030642, 1, 0, 0
84000, 1120087, 1, 0, 0
84100, 1070988, 1, 0, 0
84200, 1121360, 1, 0, 0
84300, 1109278, 1, 0, 0
84400, 1137476, 1, 0, 0
84502, 1075899, 1, 0, 0
84600, 1057133, 1, 0, 0
84700, 1132996, 1, 0, 0
84800, 1060197, 1, 0, 0
84900, 1127468, 1, 0, 0
85000, 1055591, 1, 0, 0
85101, 1053427, 1, 0, 0
85200, 1062783, 1, 0, 0
85300, 1165060, 1, 0, 0
85400, 1030145, 1, 0, 0
85500, 1132122, 1, 0, 0
85600, 1048132, 1, 0, 0
85700, 1082083, 1, 0, 0
85801, 1061494, 1, 0, 0
85900, 1086406, 1, 0, 0
86000, 1063185, 1, 0, 0
86100, 1095034, 1, 0, 0
86200, 1065955, 1, 0, 0
86300, 1074958, 1, 0, 0
86400, 1079117, 1, 0, 0
86500, 1109235, 1, 0, 0
86600, 1122453, 1, 0, 0
86700, 1059140, 1, 0, 0
86800, 1051926, 1, 0, 0
86900, 1088166, 1, 0, 0
87002, 1113300, 1, 0, 0
87100, 1073975, 1, 0, 0
87201, 1065445, 1, 0, 0
87300, 1112806, 1, 0, 0
87401, 1107045, 1, 0, 0
87500, 1071855, 1, 0, 0
87600, 1109901, 1, 0, 0
87700, 1081656, 1, 0, 0
87804, 1154718, 1, 0, 0
87900, 1064482, 1, 0, 0
88000, 1085677, 1, 0, 0
88100, 1075492, 1, 0, 0
88200, 1090957, 1, 0, 0
88300, 1079948, 1, 0, 0
88400, 1129245, 1, 0, 0
88500, 1119767, 1, 0, 0
88601, 1130428, 1, 0, 0
88700, 1059344, 1, 0, 0
88800, 1061198, 1, 0, 0
88900, 1100495, 1, 0, 0
89000, 1054697, 1, 0, 0
89100, 1122111, 1, 0, 0
89200, 1087129, 1, 0, 0
89300, 1081008, 1, 0, 0
89400, 1082768, 1, 0, 0
89502, 1154227, 1, 0, 0
89600, 1077601, 1, 0, 0
89701, 1078587, 1, 0, 0
89801, 1120645, 1, 0, 0
89900, 1142882, 1, 0, 0
90000, 1079496, 1, 0, 0
90100, 1114355, 1, 0, 0
90200, 1068704, 1, 0, 0
90301, 1090514, 1, 0, 0
90400, 1132966, 1, 0, 0
90500, 1082113, 1, 0, 0
90600, 1159370, 1, 0, 0
90700, 1075732, 1, 0, 0
90800, 1106657, 1, 0, 0
90901, 1123886, 1, 0, 0
91000, 1086166, 1, 0, 0
91100, 1096270, 1, 0, 0
91200, 1101539, 1, 0, 0
91300, 1125576, 1, 0, 0
91400, 1115289, 1, 0, 0
91501, 1126744, 1, 0, 0
91600, 1075839, 1, 0, 0
91700, 1153262, 1, 0, 0
91800, 1105940, 1, 0, 0
91901, 1080419, 1, 0, 0
92000, 1128537, 1, 0, 0
92100, 1103873, 1, 0, 0
92200, 1105314, 1, 0, 0
92300, 1081600, 1, 0, 0
92400, 1155291, 1, 0, 0
92500, 1075005, 1, 0, 0
92600, 1119905, 1, 0, 0
92700, 1100785, 1, 0, 0
92800, 1054361, 1, 0, 0
92900, 1130526, 1, 0, 0
93000, 1071030, 1, 0, 0
93100, 1135872, 1, 0, 0
93200, 1089547, 1, 0, 0
93300, 1106627, 1, 0, 0
93401, 1144004, 1, 0, 0
93501, 1105536, 1, 0, 0
93601, 1089019, 1, 0, 0
93700, 1098466, 1, 0, 0
93800, 1148270, 1, 0, 0
93900, 1066436, 1, 0, 0
94000, 1100452, 1, 0, 0
94100, 1061982, 1, 0, 0
94200, 1069366, 1, 0, 0
94300, 1114716, 1, 0, 0
94400, 1126784, 1, 0, 0
94500, 1198378, 1, 0, 0
94603, 1129045, 1, 0, 0
94700, 1099334, 1, 0, 0
94800, 1112829, 1, 0, 0
94900, 1124336, 1, 0, 0
95000, 1078383, 1, 0, 0
95101, 1143855, 1, 0, 0
95200, 1166742, 1, 0, 0
95300, 1091259, 1, 0, 0
95400, 1067133, 1, 0, 0
95501, 1207279, 1, 0, 0
95600, 1100220, 1, 0, 0
95700, 1122981, 1, 0, 0
95800, 1086574, 1, 0, 0
95900, 1120601, 1, 0, 0
96000, 1049082, 1, 0, 0
96100, 1130694, 1, 0, 0
96200, 1072630, 1, 0, 0
96300, 1057572, 1, 0, 0
96400, 1126723, 1, 0, 0
96500, 1087037, 1, 0, 0
96600, 1061862, 1, 0, 0
96700, 1116076, 1, 0, 0
96800, 1206872, 1, 0, 0
96900, 1158258, 1, 0, 0
97000, 1154741, 1, 0, 0
97100, 1070702, 1, 0, 0
97200, 1121402, 1, 0, 0
97301, 1121647, 1, 0, 0
97400, 1081555, 1, 0, 0
97500, 1162429, 1, 0, 0
97600, 1150508, 1, 0, 0
97700, 1150803, 1, 0, 0
97801, 1143377, 1, 0, 0
97900, 1159914, 1, 0, 0
98000, 1101539, 1, 0, 0
98100, 1136907, 1, 0, 0
98200, 1095227, 1, 0, 0
98300, 1160614, 1, 0, 0
98400, 1118985, 1, 0, 0
98500, 1110021, 1, 0, 0
98601, 1177601, 1, 0, 0
98700, 1128085, 1, 0, 0
98800, 1104645, 1, 0, 0
98900, 1151324, 1, 0, 0
99001, 1125024, 1, 0, 0
99100, 1128353, 1, 0, 0
99200, 1090833, 1, 0, 0
99300, 1132744, 1, 0, 0
99400, 1201833, 1, 0, 0
99500, 1109088, 1, 0, 0
99600, 1140042, 1, 0, 0
99700, 1098339, 1, 0, 0
99800, 1115219, 1, 0, 0
99900, 1162216, 1, 0, 0
100000, 1098921, 1, 0, 0
100100, 1117032, 1, 0, 0
100200, 1130423, 1, 0, 0
100300, 1161328, 1, 0, 0
100400, 1086772, 1, 0, 0
100500, 1073260, 1, 0, 0
100600, 1110848, 1, 0, 0
100700, 1121767, 1, 0, 0
100800, 1112261, 1, 0, 0
100900, 1054756, 1, 0, 0
101000, 1097188, 1, 0, 0
101100, 1091246, 1, 0, 0
101200, 1115615, 1, 0, 0
101300, 1106953, 1, 0, 0
101400, 1141497, 1, 0, 0
101500, 1176053, 1, 0, 0
101600, 1126553, 1, 0, 0
101700, 1075123, 1, 0, 0
101800, 1101865, 1, 0, 0
101901, 1126186, 1, 0, 0
102000, 1200326, 1, 0, 0
102101, 1122945, 1, 0, 0
102201, 1141134, 1, 0, 0
102300, 1077706, 1, 0, 0
102400, 1040129, 1, 0, 0
102500, 1133222, 1, 0, 0
102600, 1141060, 1, 0, 0
102701, 1111002, 1, 0, 0
102800, 1065826, 1, 0, 0
102900, 1107766, 1, 0, 0
103000, 1119962, 1, 0, 0
103100, 1090519, 1, 0, 0
103200, 1033392, 1, 0, 0
103301, 1092926, 1, 0, 0
103400, 1109806, 1, 0, 0
103500, 1147412, 1, 0, 0
103600, 1102803, 1, 0, 0
103701, 1076614, 1, 0, 0
103800, 1127684, 1, 0, 0
103900, 1135925, 1, 0, 0
104000, 1116784, 1, 0, 0
104100, 1073983, 1, 0, 0
104200, 1052124, 1, 0, 0
104301, 1088004, 1, 0, 0
104400, 1089883, 1, 0, 0
104500, 1145070, 1, 0, 0
104600, 1094071, 1, 0, 0
104700, 1083997, 1, 0, 0
104800, 1086027, 1, 0, 0
104900, 1113991, 1, 0, 0
105000, 1069779, 1, 0, 0
105100, 1079290, 1, 0, 0
105200, 1016310, 1, 0, 0
105300, 1130244, 1, 0, 0
105401, 1111301, 1, 0, 0
105500, 1060779, 1, 0, 0
105600, 1168933, 1, 0, 0
105700, 1100043, 1, 0, 0
105802, 1117630, 1, 0, 0
105900, 1133516, 1, 0, 0
106000, 1106346, 1, 0, 0
106100, 1083183, 1, 0, 0
106200, 1150558, 1, 0, 0
106300, 1125554, 1, 0, 0
106400, 1094113, 1, 0, 0
106500, 1069607, 1, 0, 0
106600, 1078555, 1, 0, 0
106700, 1118010, 1, 0, 0
106800, 1066790, 1, 0, 0
106900, 1085606, 1, 0, 0
107004, 1133268, 1, 0, 0
107101, 1135834, 1, 0, 0
107200, 1079159, 1, 0, 0
107300, 1068137, 1, 0, 0
107400, 1097410, 1, 0, 0
107500, 1036340, 1, 0, 0
107600, 1123921, 1, 0, 0
107700, 1098933, 1, 0, 0
107800, 1119879, 1, 0, 0
107901, 1087410, 1, 0, 0
108000, 1054821, 1, 0, 0
108100, 1186083, 1, 0, 0
108201, 1115824, 1, 0, 0
108300, 1061080, 1, 0, 0
108400, 1059725, 1, 0, 0
108501, 1088698, 1, 0, 0
108600, 1102521, 1, 0, 0
108700, 1052519, 1, 0, 0
108800, 1082594, 1, 0, 0
108901, 1098915, 1, 0, 0
109001, 1126039, 1, 0, 0
109100, 1093650, 1, 0, 0
109201, 1105952, 1, 0, 0
109300, 1103200, 1, 0, 0
109400, 1072786, 1, 0, 0
109500, 1123390, 1, 0, 0
109600, 1103413, 1, 0, 0
109702, 1136131, 1, 0, 0
109800, 1123471, 1, 0, 0
109900, 1090809, 1, 0, 0
110000, 1111470, 1, 0, 0
110100, 1110784, 1, 0, 0
110201, 1112158, 1, 0, 0
110300, 1091464, 1, 0, 0
110401, 1114658, 1, 0, 0
110500, 1091446, 1, 0, 0
110600, 1068869, 1, 0, 0
110700, 1119054, 1, 0, 0
110801, 1094853, 1, 0, 0
110900, 1125146, 1, 0, 0
111000, 1070078, 1, 0, 0
111100, 1163538, 1, 0, 0
111200, 1119689, 1, 0, 0
111300, 1111226, 1, 0, 0
111400, 1152886, 1, 0, 0
111500, 1101902, 1, 0, 0
111600, 1147385, 1, 0, 0
111700, 1046453, 1, 0, 0
111800, 1113926, 1, 0, 0
111901, 1114726, 1, 0, 0
112000, 1083613, 1, 0, 0
112100, 1100614, 1, 0, 0
112200, 1090153, 1, 0, 0
112301, 1172379, 1, 0, 0
112400, 1086003, 1, 0, 0
112500, 1052504, 1, 0, 0
112600, 1106700, 1, 0, 0
112700, 1053140, 1, 0, 0
112801, 1115883, 1, 0, 0
112900, 1093806, 1, 0, 0
113000, 1123185, 1, 0, 0
113100, 1066477, 1, 0, 0
113200, 1095858, 1, 0, 0
113300, 1144330, 1, 0, 0
113401, 1061925, 1, 0, 0
113500, 1095398, 1, 0, 0
113600, 1120091, 1, 0, 0
113700, 1050250, 1, 0, 0
113800, 1065228, 1, 0, 0
113900, 1146259, 1, 0, 0
114000, 1130600, 1, 0, 0
114100, 1124606, 1, 0, 0
114201, 1090049, 1, 0, 0
114300, 1102361, 1, 0, 0
114400, 1093018, 1, 0, 0
114500, 1076479, 1, 0, 0
114600, 1125781, 1, 0, 0
114700, 1102686, 1, 0, 0
114800, 1132038, 1, 0, 0
114900, 1111257, 1, 0, 0
115001, 1109151, 1, 0, 0
115100, 1025578, 1, 0, 0
115200, 1146296, 1, 0, 0
115300, 1091125, 1, 0, 0
115400, 1075381, 1, 0, 0
115501, 1132403, 1, 0, 0
115600, 1164968, 1, 0, 0
115700, 1071092, 1, 0, 0
115800, 1175491, 1, 0, 0
115900, 1081089, 1, 0, 0
116000, 1136874, 1, 0, 0
116100, 1087625, 1, 0, 0
116200, 1138024, 1, 0, 0
116300, 1045820, 1, 0, 0
116400, 1146584, 1, 0, 0
116500, 1076375, 1, 0, 0
116600, 1111118, 1, 0, 0
116700, 1181367, 1, 0, 0
116800, 1109447, 1, 0, 0
116900, 1106248, 1, 0, 0
117000, 1141160, 1, 0, 0
117100, 1114644, 1, 0, 0
117200, 1070845, 1, 0, 0
117300, 1126260, 1, 0, 0
117400, 1054069, 1, 0, 0
117500, 1087080, 1, 0, 0
117600, 1136739, 1, 0, 0
117700, 1092396, 1, 0, 0
117801, 1118351, 1, 0, 0
117900, 1130521, 1, 0, 0
118000, 1081067, 1, 0, 0
118100, 1084030, 1, 0, 0
118200, 1072584, 1, 0, 0
118300, 1097588, 1, 0, 0
118400, 1114673, 1, 0, 0
118500, 1087619, 1, 0, 0
118600, 1034967, 1, 0, 0
118700, 1196728, 1, 0, 0
118800, 1130623, 1, 0, 0
118900, 1123913, 1, 0, 0
119001, 1132044, 1, 0, 0
119100, 1144817, 1, 0, 0
119200, 1118360, 1, 0, 0
119300, 1111174, 1, 0, 0
119400, 1129603, 1, 0, 0
119500, 1120342, 1, 0, 0
119600, 1123938, 1, 0, 0
119700, 1089450, 1, 0, 0
119800, 1103479, 1, 0, 0
119900, 1147370, 1, 0, 0
120000, 1110697, 1, 0, 0
120101, 1084913, 1, 0, 0
120201, 1127761, 1, 0, 0
120300, 1121444, 1, 0, 0
120400, 1079440, 1, 0, 0
120500, 1074242, 1, 0, 0
120600, 1183171, 1, 0, 0
120700, 1164188, 1, 0, 0
120800, 1090092, 1, 0, 0
120900, 1126533, 1, 0, 0
121000, 1105990, 1, 0, 0
121100, 1147199, 1, 0, 0
121202, 1114226, 1, 0, 0
121300, 1177518, 1, 0, 0
121400, 1167949, 1, 0, 0
121500, 1144146, 1, 0, 0
121602, 1107964, 1, 0, 0
121700, 1080637, 1, 0, 0
121801, 1049626, 1, 0, 0
121900, 1109278, 1, 0, 0
122000, 1125371, 1, 0, 0
122100, 1080399, 1, 0, 0
122200, 1074721, 1, 0, 0
122300, 1144341, 1, 0, 0
122400, 1075221, 1, 0, 0
122500, 1065049, 1, 0, 0
122600, 1084101, 1, 0, 0
122700, 1073795, 1, 0, 0
122801, 1075878, 1, 0, 0
122900, 1091712, 1, 0, 0
123000, 1096488, 1, 0, 0
123100, 1048402, 1, 0, 0
123200, 1083500, 1, 0, 0
123300, 1087693, 1, 0, 0
123400, 1154654, 1, 0, 0
123500, 1094120, 1, 0, 0
123600, 1044907, 1, 0, 0
123700, 1161433, 1, 0, 0
123802, 1120602, 1, 0, 0
123901, 1089029, 1, 0, 0
124000, 1063790, 1, 0, 0
124100, 1106385, 1, 0, 0
124200, 1103167, 1, 0, 0
124300, 1081917, 1, 0, 0
124400, 1141755, 1, 0, 0
124500, 1063155, 1, 0, 0
124600, 1077739, 1, 0, 0
124700, 1076980, 1, 0, 0
124800, 1088929, 1, 0, 0
124901, 1103068, 1, 0, 0
125000, 1099030, 1, 0, 0
125100, 1109516, 1, 0, 0
125200, 1100979, 1, 0, 0
125300, 1121277, 1, 0, 0
125400, 1078152, 1, 0, 0
125500, 1072869, 1, 0, 0
125600, 1172252, 1, 0, 0
125700, 1117451, 1, 0, 0
125800, 1078221, 1, 0, 0
125900, 1099724, 1, 0, 0
126000, 1064528, 1, 0, 0
126100, 1139914, 1, 0, 0
126200, 1066802, 1, 0, 0
126300, 1071079, 1, 0, 0
126400, 1023519, 1, 0, 0
126500, 1069055, 1, 0, 0
126601, 1126450, 1, 0, 0
126700, 1143729, 1, 0, 0
126801, 1096894, 1, 0, 0
126900, 1167994, 1, 0, 0
127001, 1055479, 1, 0, 0
127100, 1065895, 1, 0, 0
127200, 1071917, 1, 0, 0
127300, 1099143, 1, 0, 0
127400, 1065395, 1, 0, 0
127500, 1043482, 1, 0, 0
127600, 1110002, 1, 0, 0
127700, 1092364, 1, 0, 0
127800, 1080219, 1, 0, 0
127900, 1050739, 1, 0, 0
128000, 1081698, 1, 0, 0
128100, 1074547, 1, 0, 0
128200, 1108743, 1, 0, 0
128300, 1066344, 1, 0, 0
128400, 1090874, 1, 0, 0
128500, 1046357, 1, 0, 0
128600, 1067797, 1, 0, 0
128701, 1094925, 1, 0, 0
128800, 1066012, 1, 0, 0
128901, 1092505, 1, 0, 0
129001, 1071829, 1, 0, 0
129100, 1111434, 1, 0, 0
129200, 1110182, 1, 0, 0
129300, 1069379, 1, 0, 0
129400, 1084395, 1, 0, 0
129500, 1024195, 1, 0, 0
129600, 1057840, 1, 0, 0
129700, 1132632, 1, 0, 0
129800, 1095574, 1, 0, 0
129900, 1115733, 1, 0, 0
130000, 1126319, 1, 0, 0
130101, 1130341, 1, 0, 0
130200, 1164000, 1, 0, 0
130300, 1106580, 1, 0, 0
130400, 1086215, 1, 0, 0
130500, 1115284, 1, 0, 0
130601, 1112787, 1, 0, 0
130700, 1072830, 1, 0, 0
130800, 1114262, 1, 0, 0
130900, 1067974, 1, 0, 0
131000, 1102087, 1, 0, 0
131100, 1074029, 1, 0, 0
131200, 1108448, 1, 0, 0
131300, 1026562, 1, 0, 0
131400, 1095501, 1, 0, 0
131500, 1084763, 1, 0, 0
131600, 1067661, 1, 0, 0
131700, 1089930, 1, 0, 0
131800, 1093672, 1, 0, 0
131900, 1122995, 1, 0, 0
132001, 1055357, 1, 0, 0
132100, 1074190, 1, 0, 0
132200, 1072349, 1, 0, 0
132300, 1071277, 1, 0, 0
132400, 1088000, 1, 0, 0
132500, 1050895, 1, 0, 0
132600, 1097798, 1, 0, 0
132701, 1090439, 1, 0, 0
132801, 1086724, 1, 0, 0
132900, 1066415, 1, 0, 0
133000, 1183182, 1, 0, 0
133101, 1091443, 1, 0, 0
133202, 1121392, 1, 0, 0
133300, 1053371, 1, 0, 0
133400, 1179630, 1, 0, 0
133500, 1111970, 1, 0, 0
133600, 1128712, 1, 0, 0
133700, 1102279, 1, 0, 0
133800, 1192749, 1, 0, 0
133900, 1129502, 1, 0, 0
134000, 1090838, 1, 0, 0
134100, 1078436, 1, 0, 0
134200, 1031025, 1, 0, 0
134300, 1056491, 1, 0, 0
134401, 1107367, 1, 0, 0
134500, 1111847, 1, 0, 0
134600, 1126963, 1, 0, 0
134700, 1103663, 1, 0, 0
134800, 1072424, 1, 0, 0
134900, 1055994, 1, 0, 0
135000, 1102003, 1, 0, 0
135100, 1076780, 1, 0, 0
135200, 1086512, 1, 0, 0
135300, 1080471, 1, 0, 0
135400, 1091959, 1, 0, 0
135500, 1078442, 1, 0, 0
135600, 1147869, 1, 0, 0
135700, 1115688, 1, 0, 0
135800, 1098318, 1, 0, 0
135900, 1080985, 1, 0, 0
136000, 1140962, 1, 0, 0
136100, 1154890, 1, 0, 0
136200, 1075501, 1, 0, 0
136301, 1124672, 1, 0, 0
136400, 1075236, 1, 0, 0
136500, 1101457, 1, 0, 0
136600, 1116573, 1, 0, 0
136700, 1060067, 1, 0, 0
136800, 1111035, 1, 0, 0
136900, 1138622, 1, 0, 0
137000, 1113688, 1, 0, 0
137100, 1137514, 1, 0, 0
137200, 1086444, 1, 0, 0
137300, 1086984, 1, 0, 0
137400, 1080966, 1, 0, 0
137500, 1072096, 1, 0, 0
137600, 1073639, 1, 0, 0
137700, 1063667, 1, 0, 0
137800, 1127271, 1, 0, 0
137900, 1077034, 1, 0, 0
138000, 1101737, 1, 0, 0
138100, 1051781, 1, 0, 0
138200, 1062658, 1, 0, 0
138301, 1110982, 1, 0, 0
138401, 1055838, 1, 0, 0
138500, 1058267, 1, 0, 0
138600, 1030006, 1, 0, 0
138701, 1080685, 1, 0, 0
138800, 1116622, 1, 0, 0
138901, 1068667, 1, 0, 0
139000, 1077742, 1, 0, 0
139100, 1082304, 1, 0, 0
139200, 1061439, 1, 0, 0
139300, 1085720, 1, 0, 0
139400, 1069423, 1, 0, 0
139500, 1016803, 1, 0, 0
139601, 1052552, 1, 0, 0
139700, 1094361, 1, 0, 0
139800, 1105982, 1, 0, 0
139902, 1062607, 1, 0, 0
140000, 1080650, 1, 0, 0
140100, 1066626, 1, 0, 0
140200, 1078854, 1, 0, 0
140300, 1027274, 1, 0, 0
140400, 1064273, 1, 0, 0
140500, 1078273, 1, 0, 0
140600, 1101918, 1, 0, 0
140700, 1063948, 1, 0, 0
140800, 1111057, 1, 0, 0
140900, 1094449, 1, 0, 0
141000, 1141080, 1, 0, 0
141100, 1110923, 1, 0, 0
141200, 1119415, 1, 0, 0
141300, 1064678, 1, 0, 0
141400, 1086218, 1, 0, 0
141500, 1101839, 1, 0, 0
141600, 1093237, 1, 0, 0
141700, 1054484, 1, 0, 0
141800, 1099566, 1, 0, 0
141900, 1049799, 1, 0, 0
142000, 1020686, 1, 0, 0
142100, 1085331, 1, 0, 0
142200, 1041931, 1, 0, 0
142300, 1047691, 1, 0, 0
142402, 1064634, 1, 0, 0
142500, 1069264, 1, 0, 0
142600, 1069590, 1, 0, 0
142700, 1026808, 1, 0, 0
142800, 1081156, 1, 0, 0
142901, 1055078, 1, 0, 0
143000, 1130439, 1, 0, 0
143100, 1110310, 1, 0, 0
143200, 1069877, 1, 0, 0
143300, 1059320, 1, 0, 0
143400, 1116401, 1, 0, 0
143500, 1080299, 1, 0, 0
143600, 1080566, 1, 0, 0
143701, 1079589, 1, 0, 0
143800, 1078050, 1, 0, 0
143900, 1087019, 1, 0, 0
144000, 1050003, 1, 0, 0
144100, 1039857, 1, 0, 0
144201, 1011569, 1, 0, 0
144300, 1113212, 1, 0, 0
144400, 1076431, 1, 0, 0
144500, 1049144, 1, 0, 0
144600, 1028095, 1, 0, 0
144700, 1098154, 1, 0, 0
144800, 1088069, 1, 0, 0
144900, 1086056, 1, 0, 0
145000, 1078570, 1, 0, 0
145100, 1093099, 1, 0, 0
145200, 1076226, 1, 0, 0
145300, 1083071, 1, 0, 0
145400, 1094597, 1, 0, 0
145500, 1103720, 1, 0, 0
145600, 1084395, 1, 0, 0
145700, 1067555, 1, 0, 0
145800, 1034499, 1, 0, 0
145900, 1101248, 1, 0, 0
146000, 1146177, 1, 0, 0
146101, 1112207, 1, 0, 0
146200, 1140728, 1, 0, 0
146300, 1076160, 1, 0, 0
146400, 1094303, 1, 0, 0
146500, 1140559, 1, 0, 0
146600, 1084364, 1, 0, 0
146700, 1029775, 1, 0, 0
146801, 1095991, 1, 0, 0
146900, 1078430, 1, 0, 0
147000, 1115075, 1, 0, 0
147100, 1119810, 1, 0, 0
147201, 1094576, 1, 0, 0
147300, 1104231, 1, 0, 0
147400, 1094938, 1, 0, 0
147500, 1103463, 1, 0, 0
147600, 1109798, 1, 0, 0
147700, 1123011, 1, 0, 0
147800, 1069890, 1, 0, 0
147900, 1115539, 1, 0, 0
148000, 1132147, 1, 0, 0
148101, 1102880, 1, 0, 0
148200, 1099154, 1, 0, 0
148300, 1122357, 1, 0, 0
148400, 1061921, 1, 0, 0
148500, 1098071, 1, 0, 0
148600, 1078301, 1, 0, 0
148700, 1090919, 1, 0, 0
148800, 1103893, 1, 0, 0
148900, 1072984, 1, 0, 0
149000, 1056659, 1, 0, 0
149100, 1097323, 1, 0, 0
149200, 1139665, 1, 0, 0
149300, 1157821, 1, 0, 0
149400, 1073105, 1, 0, 0
149500, 1087418, 1, 0, 0
149600, 1076761, 1, 0, 0
149700, 1054552, 1, 0, 0
149800, 1097461, 1, 0, 0
149901, 1077613, 1, 0, 0
150000, 1093025, 1, 0, 0
150100, 1074733, 1, 0, 0
150200, 1058493, 1, 0, 0
150300, 1073549, 1, 0, 0
150400, 1077629, 1, 0, 0
150500, 1049488, 1, 0, 0
150600, 1116082, 1, 0, 0
150701, 1064963, 1, 0, 0
150800, 1032842, 1, 0, 0
150901, 1092544, 1, 0, 0
151000, 1051541, 1, 0, 0
151100, 1083096, 1, 0, 0
151201, 1082887, 1, 0, 0
151300, 1076397, 1, 0, 0
151400, 1125575, 1, 0, 0
151500, 1045457, 1, 0, 0
151600, 1069465, 1, 0, 0
151700, 1165718, 1, 0, 0
151800, 1078863, 1, 0, 0
151900, 1097422, 1, 0, 0
152000, 1113091, 1, 0, 0
152100, 1071866, 1, 0, 0
152200, 1035162, 1, 0, 0
152300, 1071711, 1, 0, 0
152401, 1094330, 1, 0, 0
152501, 1084234, 1, 0, 0
152601, 1028410, 1, 0, 0
152700, 1070544, 1, 0, 0
152800, 1031262, 1, 0, 0
152900, 1125342, 1, 0, 0
153000, 1084390, 1, 0, 0
153100, 1077602, 1, 0, 0
153200, 1061361, 1, 0, 0
153300, 1104012, 1, 0, 0
153400, 1087973, 1, 0, 0
153501, 1030620, 1, 0, 0
153602, 1103700, 1, 0, 0
153700, 1064163, 1, 0, 0
153800, 1117076, 1, 0, 0
153900, 1080424, 1, 0, 0
154000, 1082937, 1, 0, 0
154100, 1066969, 1, 0, 0
154200, 1109156, 1, 0, 0
154300, 1060388, 1, 0, 0
154400, 1108545, 1, 0, 0
154500, 1058142, 1, 0, 0
154600, 1054723, 1, 0, 0
154700, 1060180, 1, 0, 0
154800, 1076365, 1, 0, 0
154900, 1061699, 1, 0, 0
155000, 1076557, 1, 0, 0
155100, 1040987, 1, 0, 0
155200, 1089573, 1, 0, 0
155300, 1081147, 1, 0, 0
155400, 1120455, 1, 0, 0
155500, 1070785, 1, 0, 0
155600, 1140945, 1, 0, 0
155700, 1068997, 1, 0, 0
155800, 1131823, 1, 0, 0
155900, 1108561, 1, 0, 0
156000, 1131203, 1, 0, 0
156100, 1135963, 1, 0, 0
156200, 1083965, 1, 0, 0
156301, 1151907, 1, 0, 0
156400, 1144409, 1, 0, 0
156500, 1064872, 1, 0, 0
156600, 1068140, 1, 0, 0
156700, 1023144, 1, 0, 0
156800, 1130827, 1, 0, 0
156900, 1064374, 1, 0, 0
157000, 1086717, 1, 0, 0
157100, 1077170, 1, 0, 0
157200, 1105778, 1, 0, 0
157300, 1054624, 1, 0, 0
157400, 1075653, 1, 0, 0
157500, 1095274, 1, 0, 0
157600, 1111070, 1, 0, 0
157700, 1070666, 1, 0, 0
157800, 1072619, 1, 0, 0
157900, 1134513, 1, 0, 0
158000, 1108126, 1, 0, 0
158100, 1105350, 1, 0, 0
158200, 1053989, 1, 0, 0
158300, 1084199, 1, 0, 0
158400, 1149528, 1, 0, 0
158500, 1087113, 1, 0, 0
158601, 1145183, 1, 0, 0
158700, 1041042, 1, 0, 0
158801, 1132776, 1, 0, 0
158900, 1090049, 1, 0, 0
159000, 1055271, 1, 0, 0
159101, 1103525, 1, 0, 0
159200, 1053873, 1, 0, 0
159300, 1109557, 1, 0, 0
159400, 1188262, 1, 0, 0
159500, 1154426, 1, 0, 0
159600, 1121086, 1, 0, 0
159700, 1035534, 1, 0, 0
159800, 1057235, 1, 0, 0
159900, 1080395, 1, 0, 0
160000, 1077675, 1, 0, 0
160100, 1094863, 1, 0, 0
160200, 1088196, 1, 0, 0
160300, 1111347, 1, 0, 0
160400, 1127155, 1, 0, 0
160500, 1099757, 1, 0, 0
160602, 1128070, 1, 0, 0
160700, 1072451, 1, 0, 0
160800, 1082910, 1, 0, 0
160900, 1128304, 1, 0, 0
161001, 1054493, 1, 0, 0
161100, 1059908, 1, 0, 0
161200, 1136241, 1, 0, 0
161300, 1120687, 1, 0, 0
161400, 1077223, 1, 0, 0
161500, 1111929, 1, 0, 0
161600, 1090044, 1, 0, 0
161700, 1096656, 1, 0, 0
161800, 1120775, 1, 0, 0
161900, 1149856, 1, 0, 0
162000, 1148320, 1, 0, 0
162100, 1093886, 1, 0, 0
162200, 1118877, 1, 0, 0
162300, 1091713, 1, 0, 0
162400, 1092840, 1, 0, 0
162500, 1096186, 1, 0, 0
162600, 1096555, 1, 0, 0
162700, 1056630, 1, 0, 0
162800, 1051667, 1, 0, 0
162900, 1131622, 1, 0, 0
163000, 1076256, 1, 0, 0
163101, 1025418, 1, 0, 0
163200, 1076399, 1, 0, 0
163300, 1052198, 1, 0, 0
163400, 1086158, 1, 0, 0
163501, 1076475, 1, 0, 0
163600, 1043735, 1, 0, 0
163700, 1089150, 1, 0, 0
163800, 1115144, 1, 0, 0
163900, 1063245, 1, 0, 0
164000, 1072800, 1, 0, 0
164100, 1104648, 1, 0, 0
164200, 1115833, 1, 0, 0
164300, 1090962, 1, 0, 0
164400, 1050854, 1, 0, 0
164500, 1073974, 1, 0, 0
164600, 1043942, 1, 0, 0
164700, 1135389, 1, 0, 0
164800, 1006049, 1, 0, 0
164900, 1031183, 1, 0, 0
165000, 1047131, 1, 0, 0
165100, 1082392, 1, 0, 0
165200, 1056279, 1, 0, 0
165300, 1084314, 1, 0, 0
165400, 1192517, 1, 0, 0
165500, 1082451, 1, 0, 0
165602, 1087199, 1, 0, 0
165700, 1093783, 1, 0, 0
165800, 1059612, 1, 0, 0
165901, 1077957, 1, 0, 0
166000, 1064576, 1, 0, 0
166100, 1111161, 1, 0, 0
166200, 1137707, 1, 0, 0
166300, 1137007, 1, 0, 0
166400, 1058313, 1, 0, 0
166500, 1097071, 1, 0, 0
166600, 1054735, 1, 0, 0
166700, 1071463, 1, 0, 0
166800, 1056416, 1, 0, 0
166900, 1078081, 1, 0, 0
167000, 1098256, 1, 0, 0
167101, 1119652, 1, 0, 0
167200, 1110530, 1, 0, 0
167300, 1129132, 1, 0, 0
167400, 1153829, 1, 0, 0
167500, 1060038, 1, 0, 0
167602, 1079493, 1, 0, 0
167700, 1079355, 1, 0, 0
167801, 1101310, 1, 0, 0
167900, 1124848, 1, 0, 0
168000, 1069611, 1, 0, 0
168100, 1091219, 1, 0, 0
168200, 1133365, 1, 0, 0
168300, 1122493, 1, 0, 0
168400, 1059351, 1, 0, 0
168500, 1116694, 1, 0, 0
168600, 1095765, 1, 0, 0
168701, 1070007, 1, 0, 0
168800, 1047547, 1, 0, 0
168900, 1101245, 1, 0, 0
169000, 1043473, 1, 0, 0
169100, 1047558, 1, 0, 0
169200, 1049064, 1, 0, 0
169300, 1065052, 1, 0, 0
169400, 1107769, 1, 0, 0
169500, 1145817, 1, 0, 0
169600, 1175185, 1, 0, 0
169700, 1079112, 1, 0, 0
169800, 1068840, 1, 0, 0
169900, 1051741, 1, 0, 0
170000, 1099501, 1, 0, 0
170101, 1131955, 1, 0, 0
170200, 1068286, 1, 0, 0
170300, 1049968, 1, 0, 0
170401, 1076584, 1, 0, 0
170500, 1085350, 1, 0, 0
170601, 1050006, 1, 0, 0
170700, 1079048, 1, 0, 0
170800, 1134237, 1, 0, 0
170900, 1057269, 1, 0, 0
171000, 1057029, 1, 0, 0
171100, 1059889, 1, 0, 0
171200, 1155829, 1, 0, 0
171300, 1057137, 1, 0, 0
171400, 1104916, 1, 0, 0
171500, 1058921, 1, 0, 0
171600, 1140941, 1, 0, 0
171700, 1062514, 1, 0, 0
171800, 1062857, 1, 0, 0
171900, 1032778, 1, 0, 0
172001, 1087040, 1, 0, 0
172100, 1065716, 1, 0, 0
172201, 1079644, 1, 0, 0
172300, 1101357, 1, 0, 0
172400, 1125794, 1, 0, 0
172500, 1066841, 1, 0, 0
172600, 1103881, 1, 0, 0
172700, 1041341, 1, 0, 0
172802, 1105147, 1, 0, 0
172900, 1071737, 1, 0, 0
173000, 1130192, 1, 0, 0
173101, 1079096, 1, 0, 0
173200, 1062928, 1, 0, 0
173300, 1118982, 1, 0, 0
173400, 1057073, 1, 0, 0
173500, 1079549, 1, 0, 0
173600, 1055217, 1, 0, 0
173701, 1075714, 1, 0, 0
173800, 1052110, 1, 0, 0
173900, 1065953, 1, 0, 0
174000, 1050127, 1, 0, 0
174100, 1148122, 1, 0, 0
174200, 1054547, 1, 0, 0
174300, 1161019, 1, 0, 0
174400, 1162317, 1, 0, 0
174500, 1152811, 1, 0, 0
174600, 1038687, 1, 0, 0
174700, 1045669, 1, 0, 0
174800, 1118031, 1, 0, 0
174900, 1120929, 1, 0, 0
175000, 1026130, 1, 0, 0
175100, 1068458, 1, 0, 0
175200, 1071284, 1, 0, 0
175300, 1098738, 1, 0, 0
175400, 1084256, 1, 0, 0
175500, 1103030, 1, 0, 0
175600, 1065111, 1, 0, 0
175700, 1073892, 1, 0, 0
175801, 1065278, 1, 0, 0
175900, 1139693, 1, 0, 0
176000, 1074249, 1, 0, 0
176100, 1058457, 1, 0, 0
176200, 1076313, 1, 0, 0
176300, 1093672, 1, 0, 0
176400, 1116766, 1, 0, 0
176502, 1104171, 1, 0, 0
176600, 1086839, 1, 0, 0
176700, 1066160, 1, 0, 0
176800, 1065550, 1, 0, 0
176900, 1250387, 1, 0, 0
177000, 1059543, 1, 0, 0
177100, 1066513, 1, 0, 0
177200, 1087962, 1, 0, 0
177300, 1123274, 1, 0, 0
177400, 1110311, 1, 0, 0
177501, 1085307, 1, 0, 0
177601, 1117245, 1, 0, 0
177701, 1107108, 1, 0, 0
177800, 1096587, 1, 0, 0
177900, 1099169, 1, 0, 0
178000, 1060795, 1, 0, 0
178101, 1088005, 1, 0, 0
178200, 1100602, 1, 0, 0
178300, 1116041, 1, 0, 0
178400, 1090430, 1, 0, 0
178501, 1125290, 1, 0, 0
178600, 1126433, 1, 0, 0
178700, 1114012, 1, 0, 0
178800, 1050158, 1, 0, 0
178900, 1172028, 1, 0, 0
179000, 1051377, 1, 0, 0
179100, 1104319, 1, 0, 0
179200, 1112371, 1, 0, 0
179300, 1100935, 1, 0, 0
179400, 1054974, 1, 0, 0
179500, 1087405, 1, 0, 0
179601, 1104325, 1, 0, 0
179700, 1100063, 1, 0, 0
179800, 1065496, 1, 0, 0
179900, 1041282, 1, 0, 0
180000, 1077469, 1, 0, 0
180100, 1058161, 1, 0, 0
180201, 1078570, 1, 0, 0
180300, 1100381, 1, 0, 0
180400, 1061772, 1, 0, 0
180500, 1105290, 1, 0, 0
180600, 1113904, 1, 0, 0
180700, 1060347, 1, 0, 0
180800, 1067885, 1, 0, 0
180900, 1019141, 1, 0, 0
181000, 1083106, 1, 0, 0
181100, 1130503, 1, 0, 0
181200, 1071973, 1, 0, 0
181300, 1044164, 1, 0, 0
181400, 1085451, 1, 0, 0
181500, 1077102, 1, 0, 0
181600, 1083506, 1, 0, 0
181700, 1079481, 1, 0, 0
181801, 1112712, 1, 0, 0
181901, 1053514, 1, 0, 0
182000, 1041548, 1, 0, 0
182100, 1059591, 1, 0, 0
182200, 1100730, 1, 0, 0
182300, 1092020, 1, 0, 0
182400, 1079644, 1, 0, 0
182500, 1122532, 1, 0, 0
182600, 1088213, 1, 0, 0
182700, 1123578, 1, 0, 0
182800, 1140099, 1, 0, 0
182900, 1007142, 1, 0, 0
183000, 1087729, 1, 0, 0
183100, 1065535, 1, 0, 0
183200, 1016825, 1, 0, 0
183300, 1041741, 1, 0, 0
183400, 1038835, 1, 0, 0
183500, 1090553, 1, 0, 0
183600, 1063504, 1, 0, 0
183701, 1081395, 1, 0, 0
183800, 1113183, 1, 0, 0
183900, 1048807, 1, 0, 0
184000, 1055424, 1, 0, 0
184100, 1059966, 1, 0, 0
184200, 1128203, 1, 0, 0
184300, 1096249, 1, 0, 0
184400, 1102265, 1, 0, 0
184500, 1081815, 1, 0, 0
184600, 1047340, 1, 0, 0
184700, 1167458, 1, 0, 0
184800, 1034398, 1, 0, 0
184900, 1146519, 1, 0, 0
185000, 1036325, 1, 0, 0
185100, 1022169, 1, 0, 0
185200, 1039920, 1, 0, 0
185300, 1087723, 1, 0, 0
185400, 1115289, 1, 0, 0
185500, 1082200, 1, 0, 0
185600, 1035494, 1, 0, 0
185700, 1106156, 1, 0, 0
185800, 1154084, 1, 0, 0
185900, 1080372, 1, 0, 0
186000, 1111992, 1, 0, 0
186100, 1104703, 1, 0, 0
186200, 1080270, 1, 0, 0
186300, 1064234, 1, 0, 0
186400, 1075584, 1, 0, 0
186500, 1044921, 1, 0, 0
186600, 1094016, 1, 0, 0
186700, 1078341, 1, 0, 0
186800, 1104592, 1, 0, 0
186900, 1049847, 1, 0, 0
187000, 1098377, 1, 0, 0
187100, 1039855, 1, 0, 0
187200, 1142131, 1, 0, 0
187300, 1067774, 1, 0, 0
187400, 1038893, 1, 0, 0
187500, 1055613, 1, 0, 0
187602, 1086607, 1, 0, 0
187700, 1150827, 1, 0, 0
187800, 1041877, 1, 0, 0
187901, 1041720, 1, 0, 0
188000, 1054587, 1, 0, 0
188100, 1109410, 1, 0, 0
188200, 1052281, 1, 0, 0
188300, 1084342, 1, 0, 0
188401, 1028963, 1, 0, 0
188500, 1078237, 1, 0, 0
188600, 1141733, 1, 0, 0
188700, 1105717, 1, 0, 0
188800, 1053497, 1, 0, 0
188900, 1056584, 1, 0, 0
189000, 1120953, 1, 0, 0
189100, 1072753, 1, 0, 0
189200, 1038746, 1, 0, 0
189300, 1054633, 1, 0, 0
189401, 1147407, 1, 0, 0
189500, 1123880, 1, 0, 0
189601, 1078811, 1, 0, 0
189700, 1112328, 1, 0, 0
189800, 1109629, 1, 0, 0
189900, 1083603, 1, 0, 0
190000, 1107875, 1, 0, 0
190100, 1064759, 1, 0, 0
190200, 1061077, 1, 0, 0
190300, 1095847, 1, 0, 0
190400, 1081060, 1, 0, 0
190501, 1096931, 1, 0, 0
190600, 1098328, 1, 0, 0
190700, 1140797, 1, 0, 0
190800, 1104830, 1, 0, 0
190900, 1167486, 1, 0, 0
191000, 1097116, 1, 0, 0
191100, 1103846, 1, 0, 0
191200, 1104719, 1, 0, 0
191300, 1127444, 1, 0, 0
191400, 1153900, 1, 0, 0
191500, 1052953, 1, 0, 0
191600, 1094409, 1, 0, 0
191700, 1106165, 1, 0, 0
191800, 1143324, 1, 0, 0
191900, 1067318, 1, 0, 0
192000, 1133075, 1, 0, 0
192100, 1133059, 1, 0, 0
192201, 1150797, 1, 0, 0
192300, 1071069, 1, 0, 0
192400, 1137669, 1, 0, 0
192500, 1075532, 1, 0, 0
192600, 1060691, 1, 0, 0
192700, 1171753, 1, 0, 0
192800, 1117904, 1, 0, 0
192900, 1072599, 1, 0, 0
193000, 1142371, 1, 0, 0
193100, 1177943, 1, 0, 0
193200, 1075875, 1, 0, 0
193300, 1123469, 1, 0, 0
193400, 1062827, 1, 0, 0
193500, 1116533, 1, 0, 0
193600, 1063031, 1, 0, 0
193700, 1102217, 1, 0, 0
193800, 1093426, 1, 0, 0
193900, 1088740, 1, 0, 0
194000, 1025629, 1, 0, 0
194100, 1121379, 1, 0, 0
194200, 1092234, 1, 0, 0
194300, 1114246, 1, 0, 0
194400, 1139137, 1, 0, 0
194500, 1158914, 1, 0, 0
194600, 1068235, 1, 0, 0
194700, 1069068, 1, 0, 0
194800, 1093541, 1, 0, 0
194900, 1111850, 1, 0, 0
195001, 1067616, 1, 0, 0
195100, 1100695, 1, 0, 0
195200, 1107403, 1, 0, 0
195300, 1089991, 1, 0, 0
195400, 1025246, 1, 0, 0
195500, 1083923, 1, 0, 0
195600, 1075626, 1, 0, 0
195700, 1055768, 1, 0, 0
195800, 1142204, 1, 0, 0
195900, 1076545, 1, 0, 0
196000, 1022672, 1, 0, 0
196100, 1107963, 1, 0, 0
196200, 1131049, 1, 0, 0
196300, 1130518, 1, 0, 0
196401, 1096796, 1, 0, 0
196500, 1102541, 1, 0, 0
196600, 1090099, 1, 0, 0
196701, 1118109, 1, 0, 0
196800, 1060489, 1, 0, 0
196900, 1070260, 1, 0, 0
197002, 1136856, 1, 0, 0
197100, 1094601, 1, 0, 0
197200, 1153051, 1, 0, 0
197300, 1062210, 1, 0, 0
197400, 1103281, 1, 0, 0
197500, 1051719, 1, 0, 0
197600, 1150313, 1, 0, 0
197700, 1102585, 1, 0, 0
197800, 1086181, 1, 0, 0
197900, 1105152, 1, 0, 0
198000, 1197588, 1, 0, 0
198100, 1068781, 1, 0, 0
198200, 1116626, 1, 0, 0
198300, 1062561, 1, 0, 0
198400, 1094659, 1, 0, 0
198500, 1105675, 1, 0, 0
198600, 1109337, 1, 0, 0
198700, 1141856, 1, 0, 0
198800, 1149293, 1, 0, 0
198900, 1075060, 1, 0, 0
199000, 1095604, 1, 0, 0
199100, 1047747, 1, 0, 0
199200, 1097582, 1, 0, 0
199300, 1083917, 1, 0, 0
199400, 1082213, 1, 0, 0
199500, 1134015, 1, 0, 0
199600, 1179752, 1, 0, 0
199701, 1139109, 1, 0, 0
199800, 1064182, 1, 0, 0
199900, 1019571, 1, 0, 0
200000, 1078532, 1, 0, 0
200100, 1061656, 1, 0, 0
200200, 1092389, 1, 0, 0
200300, 1096402, 1, 0, 0
200400, 1064915, 1, 0, 0
200500, 1064752, 1, 0, 0
200600, 1057760, 1, 0, 0
200701, 1050458, 1, 0, 0
200800, 1063863, 1, 0, 0
200901, 1082758, 1, 0, 0
201000, 1050368, 1, 0, 0
201100, 1068462, 1, 0, 0
201200, 1064559, 1, 0, 0
201300, 1128988, 1, 0, 0
201401, 1073075, 1, 0, 0
201500, 1044196, 1, 0, 0
201601, 1045362, 1, 0, 0
201700, 1075495, 1, 0, 0
201800, 1119274, 1, 0, 0
201900, 1130443, 1, 0, 0
202000, 1121855, 1, 0, 0
202100, 1073078, 1, 0, 0
202200, 1065759, 1, 0, 0
202300, 1106550, 1, 0, 0
202400, 1088372, 1, 0, 0
202500, 1071894, 1, 0, 0
202600, 1116083, 1, 0, 0
202700, 1125396, 1, 0, 0
202800, 1104624, 1, 0, 0
202900, 1076977, 1, 0, 0
203000, 1044246, 1, 0, 0
203100, 1088238, 1, 0, 0
203200, 1070962, 1, 0, 0
203300, 1072592, 1, 0, 0
203400, 1005275, 1, 0, 0
203500, 1057215, 1, 0, 0
203600, 1107371, 1, 0, 0
203700, 1070317, 1, 0, 0
203800, 1041035, 1, 0, 0
203900, 1051866, 1, 0, 0
204000, 1060102, 1, 0, 0
204100, 1087130, 1, 0, 0
204200, 1063357, 1, 0, 0
204301, 1138125, 1, 0, 0
204400, 1034839, 1, 0, 0
204500, 1135053, 1, 0, 0
204600, 1127460, 1, 0, 0
204700, 1085792, 1, 0, 0
204800, 1091396, 1, 0, 0
204900, 1068582, 1, 0, 0
205000, 1083106, 1, 0, 0
205100, 1075180, 1, 0, 0
205200, 1108674, 1, 0, 0
205300, 1082917, 1, 0, 0
205400, 1119054, 1, 0, 0
205500, 1075624, 1, 0, 0
205601, 1041465, 1, 0, 0
205700, 1091714, 1, 0, 0
205800, 1188352, 1, 0, 0
205900, 1107254, 1, 0, 0
206001, 1078249, 1, 0, 0
206100, 1078041, 1, 0, 0
206200, 1076457, 1, 0, 0
206300, 1063124, 1, 0, 0
206400, 1076434, 1, 0, 0
206500, 1087171, 1, 0, 0
206600, 1053810, 1, 0, 0
206700, 1030759, 1, 0, 0
206800, 1103093, 1, 0, 0
206900, 1061773, 1, 0, 0
207000, 1089209, 1, 0, 0
207100, 1051546, 1, 0, 0
207201, 1048282, 1, 0, 0
207300, 1138377, 1, 0, 0
207401, 1132479, 1, 0, 0
207500, 1082251, 1, 0, 0
207600, 1062666, 1, 0, 0
207700, 1048165, 1, 0, 0
207800, 1059770, 1, 0, 0
207900, 1083651, 1, 0, 0
208000, 1054608, 1, 0, 0
208100, 1061839, 1, 0, 0
208200, 1085260, 1, 0, 0
208300, 1019230, 1, 0, 0
208400, 1026514, 1, 0, 0
208500, 1029864, 1, 0, 0
208600, 1109794, 1, 0, 0
208700, 1079849, 1, 0, 0
208800, 1065438, 1, 0, 0
208900, 1073704, 1, 0, 0
209000, 1012225, 1, 0, 0
209100, 1017612, 1, 0, 0
209200, 1046629, 1, 0, 0
209300, 1023934, 1, 0, 0
209400, 1099479, 1, 0, 0
209500, 1083181, 1, 0, 0
209600, 1100362, 1, 0, 0
209700, 1114444, 1, 0, 0
209800, 1042468, 1, 0, 0
209900, 1088606, 1, 0, 0
210001, 1061362, 1, 0, 0
210100, 1061823, 1, 0, 0
210200, 1058178, 1, 0, 0
210300, 1056247, 1, 0, 0
210400, 1042827, 1, 0, 0
210500, 1128638, 1, 0, 0
210600, 1055524, 1, 0, 0
210701, 1052428, 1, 0, 0
210801, 1108695, 1, 0, 0
210900, 1042740, 1, 0, 0
211000, 1114735, 1, 0, 0
211100, 1046225, 1, 0, 0
211200, 1053351, 1, 0, 0
211300, 1092177, 1, 0, 0
211400, 1071997, 1, 0, 0
211500, 1046443, 1, 0, 0
211600, 1075182, 1, 0, 0
211700, 1084100, 1, 0, 0
211800, 1090052, 1, 0, 0
211901, 1076368, 1, 0, 0
212000, 1069419, 1, 0, 0
212100, 1038831, 1, 0, 0
212200, 1088500, 1, 0, 0
212300, 1130306, 1, 0, 0
212400, 1152249, 1, 0, 0
212500, 1075279, 1, 0, 0
212600, 1122400, 1, 0, 0
212702, 1080881, 1, 0, 0
212800, 1041952, 1, 0, 0
212900, 1058896, 1, 0, 0
213000, 1061810, 1, 0, 0
213100, 1063764, 1, 0, 0
213200, 1081441, 1, 0, 0
213300, 1086138, 1, 0, 0
213400, 1081176, 1, 0, 0
213500, 1017803, 1, 0, 0
213600, 1178451, 1, 0, 0
213700, 1061484, 1, 0, 0
213800, 1065512, 1, 0, 0
213901, 1052158, 1, 0, 0
214000, 1087064, 1, 0, 0
214100, 1052508, 1, 0, 0
214200, 1010040, 1, 0, 0
214300, 1048261, 1, 0, 0
214400, 1036857, 1, 0, 0
214500, 1076411, 1, 0, 0
214600, 1057078, 1, 0, 0
214700, 1108915, 1, 0, 0
214800, 1029896, 1, 0, 0
214900, 1077968, 1, 0, 0
215000, 1116973, 1, 0, 0
215100, 1130416, 1, 0, 0
215200, 1091959, 1, 0, 0
215300, 1089984, 1, 0, 0
215400, 1075654, 1, 0, 0
215500, 1114418, 1, 0, 0
215601, 1057856, 1, 0, 0
215700, 1075468, 1, 0, 0
215800, 1052367, 1, 0, 0
215900, 1104615, 1, 0, 0
216000, 1123385, 1, 0, 0
216101, 1069490, 1, 0, 0
216200, 1024915, 1, 0, 0
216300, 1036823, 1, 0, 0
216400, 1028435, 1, 0, 0
216500, 1099486, 1, 0, 0
216600, 1080952, 1, 0, 0
216700, 1028447, 1, 0, 0
216800, 1087982, 1, 0, 0
216900, 1077578, 1, 0, 0
217000, 1072950, 1, 0, 0
217101, 1037860, 1, 0, 0
217201, 1087702, 1, 0, 0
217300, 1027357, 1, 0, 0
217400, 1087502, 1, 0, 0
217500, 1138525, 1, 0, 0
217600, 1080232, 1, 0, 0
217700, 1103854, 1, 0, 0
217800, 1077054, 1, 0, 0
217900, 1095895, 1, 0, 0
218000, 1124467, 1, 0, 0
218100, 1092097, 1, 0, 0
218200, 1065656, 1, 0, 0
218300, 1092956, 1, 0, 0
218400, 1121961, 1, 0, 0
218500, 1076135, 1, 0, 0
218600, 1060202, 1, 0, 0
218701, 1029867, 1, 0, 0
218800, 1034025, 1, 0, 0
218900, 1068791, 1, 0, 0
219000, 1060751, 1, 0, 0
219100, 1044401, 1, 0, 0
219201, 1091660, 1, 0, 0
219300, 1089805, 1, 0, 0
219400, 1067519, 1, 0, 0
219500, 1048706, 1, 0, 0
219600, 1075796, 1, 0, 0
219700, 1073575, 1, 0, 0
219800, 1122407, 1, 0, 0
219900, 1056089, 1, 0, 0
220001, 1072270, 1, 0, 0
220100, 1088241, 1, 0, 0
220200, 1122228, 1, 0, 0
220300, 1109149, 1, 0, 0
220400, 1051026, 1, 0, 0
220500, 1063164, 1, 0, 0
220600, 1091041, 1, 0, 0
220700, 1061199, 1, 0, 0
220800, 1041133, 1, 0, 0
220900, 1055522, 1, 0, 0
221000, 1078311, 1, 0, 0
221100, 1057095, 1, 0, 0
221200, 1069019, 1, 0, 0
221301, 1049010, 1, 0, 0
221400, 1067449, 1, 0, 0
221500, 1039749, 1, 0, 0
221600, 1094422, 1, 0, 0
221700, 1074019, 1, 0, 0
221800, 1053200, 1, 0, 0
221900, 1065119, 1, 0, 0
222000, 1115710, 1, 0, 0
222100, 1072270, 1, 0, 0
222200, 1085945, 1, 0, 0
222301, 1067185, 1, 0, 0
222400, 1121615, 1, 0, 0
222500, 1108713, 1, 0, 0
222600, 1060223, 1, 0, 0
222700, 1060399, 1, 0, 0
222800, 1028608, 1, 0, 0
222900, 1055881, 1, 0, 0
223000, 1018198, 1, 0, 0
223100, 1048750, 1, 0, 0
223200, 1068227, 1, 0, 0
223300, 1108682, 1, 0, 0
223400, 1125915, 1, 0, 0
223500, 1048366, 1, 0, 0
223600, 1031793, 1, 0, 0
223700, 1109196, 1, 0, 0
223800, 1106508, 1, 0, 0
223900, 1040718, 1, 0, 0
224000, 1072875, 1, 0, 0
224100, 1077590, 1, 0, 0
224200, 1079127, 1, 0, 0
224301, 1058962, 1, 0, 0
224400, 1086434, 1, 0, 0
224500, 1091245, 1, 0, 0
224600, 1137843, 1, 0, 0
224700, 1098511, 1, 0, 0
224800, 1099698, 1, 0, 0
224900, 1145742, 1, 0, 0
225000, 1098785, 1, 0, 0
225101, 1100671, 1, 0, 0
225200, 1105015, 1, 0, 0
225300, 1090788, 1, 0, 0
225400, 1117894, 1, 0, 0
225501, 1095921, 1, 0, 0
225600, 1109665, 1, 0, 0
225700, 1116323, 1, 0, 0
225800, 1119255, 1, 0, 0
225900, 1052374, 1, 0, 0
226000, 1068310, 1, 0, 0
226100, 1062498, 1, 0, 0
226200, 1111390, 1, 0, 0
226300, 1119847, 1, 0, 0
226400, 1126099, 1, 0, 0
226500, 1103887, 1, 0, 0
226600, 1103458, 1, 0, 0
226701, 1107179, 1, 0, 0
226801, 1137794, 1, 0, 0
226901, 1100472, 1, 0, 0
227000, 1074642, 1, 0, 0
227100, 1076929, 1, 0, 0
227200, 1088326, 1, 0, 0
227300, 1061516, 1, 0, 0
227400, 1096077, 1, 0, 0
227501, 1053896, 1, 0, 0
227600, 1069464, 1, 0, 0
227700, 1069265, 1, 0, 0
227801, 1067379, 1, 0, 0
227900, 1049683, 1, 0, 0
228000, 1065229, 1, 0, 0
228100, 1057701, 1, 0, 0
228200, 1141674, 1, 0, 0
228300, 1094462, 1, 0, 0
228400, 1070857, 1, 0, 0
228500, 1107303, 1, 0, 0
228600, 1096244, 1, 0, 0
228700, 1093439, 1, 0, 0
228800, 1020007, 1, 0, 0
228900, 1038671, 1, 0, 0
229000, 1083929, 1, 0, 0
229100, 1039347, 1, 0, 0
229200, 1067203, 1, 0, 0
229300, 1085607, 1, 0, 0
229400, 1096265, 1, 0, 0
229500, 1119078, 1, 0, 0
229600, 1049720, 1, 0, 0
229700, 1052207, 1, 0, 0
229800, 1041926, 1, 0, 0
229900, 1037797, 1, 0, 0
230000, 1052544, 1, 0, 0
230100, 1077806, 1, 0, 0
230200, 1097494, 1, 0, 0
230300, 1015083, 1, 0, 0
230400, 1099528, 1, 0, 0
230500, 1116812, 1, 0, 0
230600, 1072294, 1, 0, 0
230700, 1084668, 1, 0, 0
230800, 1064635, 1, 0, 0
230900, 1057419, 1, 0, 0
231000, 1075833, 1, 0, 0
231100, 1122456, 1, 0, 0
231200, 1038625, 1, 0, 0
231300, 1084809, 1, 0, 0
231400, 1017585, 1, 0, 0
231500, 1101681, 1, 0, 0
231600, 1100734, 1, 0, 0
231700, 1058156, 1, 0, 0
231800, 1028604, 1, 0, 0
231900, 1096019, 1, 0, 0
232000, 1081757, 1, 0, 0
232100, 1023600, 1, 0, 0
232200, 1048595, 1, 0, 0
232300, 1062121, 1, 0, 0
232400, 1083777, 1, 0, 0
232500, 1089529, 1, 0, 0
232601, 1052510, 1, 0, 0
232700, 1085922, 1, 0, 0
232800, 1071542, 1, 0, 0
232900, 1081590, 1, 0, 0
233000, 1109015, 1, 0, 0
233100, 1082352, 1, 0, 0
233200, 1113918, 1, 0, 0
233300, 1076796, 1, 0, 0
233401, 1033995, 1, 0, 0
233501, 1075667, 1, 0, 0
233600, 1071187, 1, 0, 0
233700, 1058903, 1, 0, 0
233801, 1097793, 1, 0, 0
233900, 1073347, 1, 0, 0
234000, 1112702, 1, 0, 0
234100, 1040060, 1, 0, 0
234200, 1076263, 1, 0, 0
234300, 1140518, 1, 0, 0
234400, 1103386, 1, 0, 0
234501, 1029082, 1, 0, 0
234601, 1110790, 1, 0, 0
234700, 1112818, 1, 0, 0
234800, 1131309, 1, 0, 0
234900, 1067405, 1, 0, 0
235000, 1124908, 1, 0, 0
235102, 1101427, 1, 0, 0
235201, 1128919, 1, 0, 0
235300, 1101199, 1, 0, 0
235401, 1056957, 1, 0, 0
235500, 1077138, 1, 0, 0
235600, 1044347, 1, 0, 0
235700, 1062490, 1, 0, 0
235800, 1103221, 1, 0, 0
235900, 1080355, 1, 0, 0
236000, 1133482, 1, 0, 0
236100, 1077732, 1, 0, 0
236200, 1046543, 1, 0, 0
236300, 1143425, 1, 0, 0
236400, 1079467, 1, 0, 0
236500, 1042246, 1, 0, 0
236600, 1114463, 1, 0, 0
236701, 1077927, 1, 0, 0
236800, 1082286, 1, 0, 0
236901, 1063299, 1, 0, 0
237000, 1094410, 1, 0, 0
237100, 1201626, 1, 0, 0
237200, 1107825, 1, 0, 0
237300, 1065354, 1, 0, 0
237401, 1082736, 1, 0, 0
237500, 1165785, 1, 0, 0
237600, 1075046, 1, 0, 0
237700, 1069510, 1, 0, 0
237800, 1098306, 1, 0, 0
237900, 1105103, 1, 0, 0
238000, 1066571, 1, 0, 0
238100, 1033789, 1, 0, 0
238200, 1109838, 1, 0, 0
238300, 1064709, 1, 0, 0
238400, 1168458, 1, 0, 0
238500, 1052545, 1, 0, 0
238600, 1094081, 1, 0, 0
238701, 1105191, 1, 0, 0
238800, 1115128, 1, 0, 0
238900, 1061050, 1, 0, 0
239000, 1051060, 1, 0, 0
239100, 1122407, 1, 0, 0
239201, 1112970, 1, 0, 0
239300, 1113933, 1, 0, 0
239400, 1098645, 1, 0, 0
239500, 1087092, 1, 0, 0
239600, 1082684, 1, 0, 0
239701, 1089116, 1, 0, 0
239800, 1077862, 1, 0, 0
239900, 1112769, 1, 0, 0
240000, 1086501, 1, 0, 0
240100, 1072309, 1, 0, 0
240200, 1149921, 1, 0, 0
240300, 1060006, 1, 0, 0
240400, 1132877, 1, 0, 0
240500, 1075533, 1, 0, 0
240600, 1034072, 1, 0, 0
240700, 1124762, 1, 0, 0
240800, 1056573, 1, 0, 0
240900, 1144635, 1, 0, 0
241000, 1115984, 1, 0, 0
241100, 1080961, 1, 0, 0
241200, 1081830, 1, 0, 0
241300, 1092322, 1, 0, 0
241400, 1086775, 1, 0, 0
241501, 1066542, 1, 0, 0
241600, 1134177, 1, 0, 0
241700, 1125159, 1, 0, 0
241800, 1098849, 1, 0, 0
241900, 1047472, 1, 0, 0
242000, 1131556, 1, 0, 0
242100, 1113315, 1, 0, 0
242200, 1095223, 1, 0, 0
242300, 1087227, 1, 0, 0
242400, 1092224, 1, 0, 0
242500, 1143452, 1, 0, 0
242600, 1038492, 1, 0, 0
242700, 1085247, 1, 0, 0
242800, 1066449, 1, 0, 0
242900, 1115903, 1, 0, 0
243000, 1090492, 1, 0, 0
243100, 1110453, 1, 0, 0
243200, 1065164, 1, 0, 0
243300, 1085416, 1, 0, 0
243400, 1087318, 1, 0, 0
243500, 1056580, 1, 0, 0
243600, 1075276, 1, 0, 0
243700, 1070146, 1, 0, 0
243800, 1095437, 1, 0, 0
243900, 1073750, 1, 0, 0
244000, 1065680, 1, 0, 0
244100, 1069907, 1, 0, 0
244200, 1073084, 1, 0, 0
244300, 1027865, 1, 0, 0
244400, 1097609, 1, 0, 0
244501, 1080629, 1, 0, 0
244600, 1084989, 1, 0, 0
244700, 1067152, 1, 0, 0
244800, 1118079, 1, 0, 0
244900, 1073588, 1, 0, 0
245000, 1062730, 1, 0, 0
245100, 1095594, 1, 0, 0
245200, 1116802, 1, 0, 0
245301, 1071002, 1, 0, 0
245400, 1154830, 1, 0, 0
245500, 1108097, 1, 0, 0
245600, 1091456, 1, 0, 0
245701, 1089310, 1, 0, 0
245800, 1107362, 1, 0, 0
245901, 1149375, 1, 0, 0
246000, 1091810, 1, 0, 0
246101, 1040552, 1, 0, 0
246200, 1094833, 1, 0, 0
246300, 1119319, 1, 0, 0
246400, 1057534, 1, 0, 0
246500, 1083347, 1, 0, 0
246601, 1089500, 1, 0, 0
246700, 1133902, 1, 0, 0
246800, 1063296, 1, 0, 0
246900, 1051743, 1, 0, 0
247000, 1055034, 1, 0, 0
247100, 1070360, 1, 0, 0
247200, 1095225, 1, 0, 0
247300, 1102666, 1, 0, 0
247400, 1079897, 1, 0, 0
247500, 1027890, 1, 0, 0
247600, 1091689, 1, 0, 0
247700, 1121762, 1, 0, 0
247800, 1073907, 1, 0, 0
247900, 1040133, 1, 0, 0
248000, 1098902, 1, 0, 0
248100, 1073714, 1, 0, 0
248200, 1144578, 1, 0, 0
248300, 1102425, 1, 0, 0
248400, 1085920, 1, 0, 0
248500, 1121381, 1, 0, 0
248600, 1059072, 1, 0, 0
248700, 1049533, 1, 0, 0
248801, 1072167, 1, 0, 0
248900, 1057685, 1, 0, 0
249000, 1133314, 1, 0, 0
249100, 1122589, 1, 0, 0
249200, 1114027, 1, 0, 0
249300, 1047172, 1, 0, 0
249400, 1113619, 1, 0, 0
249500, 1106604, 1, 0, 0
249600, 1035551, 1, 0, 0
249700, 1037874, 1, 0, 0
249800, 1053196, 1, 0, 0
249900, 1131134, 1, 0, 0
250000, 1141659, 1, 0, 0
250100, 1029792, 1, 0, 0
250200, 1036748, 1, 0, 0
250300, 1074676, 1, 0, 0
250400, 1132059, 1, 0, 0
250500, 1094667, 1, 0, 0
250600, 1098939, 1, 0, 0
250700, 1087773, 1, 0, 0
250800, 1092172, 1, 0, 0
250900, 1106803, 1, 0, 0
251000, 1071296, 1, 0, 0
251101, 1133884, 1, 0, 0
251200, 1044219, 1, 0, 0
251302, 1077879, 1, 0, 0
251400, 1066811, 1, 0, 0
251500, 1086370, 1, 0, 0
251600, 1103154, 1, 0, 0
251700, 1054716, 1, 0, 0
251800, 1109898, 1, 0, 0
251900, 1072873, 1, 0, 0
252000, 1057726, 1, 0, 0
252100, 1063402, 1, 0, 0
252200, 1124492, 1, 0, 0
252300, 1066528, 1, 0, 0
252400, 1125888, 1, 0, 0
252500, 1085353, 1, 0, 0
252600, 1025865, 1, 0, 0
252700, 1084404, 1, 0, 0
252800, 1075616, 1, 0, 0
252901, 1073886, 1, 0, 0
253000, 1103783, 1, 0, 0
253100, 1090722, 1, 0, 0
253200, 1116551, 1, 0, 0
253300, 1113922, 1, 0, 0
253400, 1177131, 1, 0, 0
253500, 1096304, 1, 0, 0
253600, 1114849, 1, 0, 0
253700, 1099522, 1, 0, 0
253800, 1062072, 1, 0, 0
253900, 1057847, 1, 0, 0
254000, 1167741, 1, 0, 0
254100, 1108729, 1, 0, 0
254200, 1090179, 1, 0, 0
254300, 1064027, 1, 0, 0
254400, 1131207, 1, 0, 0
254501, 1058213, 1, 0, 0
254600, 1010089, 1, 0, 0
254701, 1069477, 1, 0, 0
254800, 1104689, 1, 0, 0
254900, 1072063, 1, 0, 0
255000, 1093231, 1, 0, 0
255100, 1066680, 1, 0, 0
255200, 1026691, 1, 0, 0
255301, 1076862, 1, 0, 0
255402, 1104400, 1, 0, 0
255500, 1082852, 1, 0, 0
255600, 1098486, 1, 0, 0
255700, 1108790, 1, 0, 0
255800, 1103041, 1, 0, 0
255900, 1138676, 1, 0, 0
256000, 1091622, 1, 0, 0
256100, 1094258, 1, 0, 0
256201, 1082162, 1, 0, 0
256301, 1158894, 1, 0, 0
256400, 1175473, 1, 0, 0
256500, 1128549, 1, 0, 0
256600, 1094731, 1, 0, 0
256700, 1107218, 1, 0, 0
256800, 1112112, 1, 0, 0
256900, 1101610, 1, 0, 0
257000, 1177363, 1, 0, 0
257100, 1092437, 1, 0, 0
257200, 1111414, 1, 0, 0
257300, 1064781, 1, 0, 0
257400, 1018029, 1, 0, 0
257500, 1077123, 1, 0, 0
257600, 1073609, 1, 0, 0
257700, 1103240, 1, 0, 0
257800, 1033679, 1, 0, 0
257900, 1101071, 1, 0, 0
258001, 1012938, 1, 0, 0
258100, 1061195, 1, 0, 0
258200, 1057535, 1, 0, 0
258300, 1164690, 1, 0, 0
258400, 1068328, 1, 0, 0
258500, 1100178, 1, 0, 0
258600, 1092584, 1, 0, 0
258700, 1069005, 1, 0, 0
258800, 1095889, 1, 0, 0
258900, 1071037, 1, 0, 0
259000, 1042668, 1, 0, 0
259100, 1080282, 1, 0, 0
259200, 1115827, 1, 0, 0
259300, 1059060, 1, 0, 0
259401, 1103499, 1, 0, 0
259500, 1059846, 1, 0, 0
259601, 1049980, 1, 0, 0
259701, 1095595, 1, 0, 0
259801, 1029966, 1, 0, 0
259900, 1063397, 1, 0, 0
260000, 1095456, 1, 0, 0
260100, 1073616, 1, 0, 0
260200, 1096117, 1, 0, 0
260300, 1048674, 1, 0, 0
260400, 1103628, 1, 0, 0
260500, 1062073, 1, 0, 0
260600, 1082480, 1, 0, 0
260701, 1053505, 1, 0, 0
260800, 1182606, 1, 0, 0
260901, 1042887, 1, 0, 0
261000, 1057017, 1, 0, 0
261100, 1082879, 1, 0, 0
261200, 1074992, 1, 0, 0
261300, 1057340, 1, 0, 0
261400, 1086243, 1, 0, 0
261500, 1064976, 1, 0, 0
261600, 1063821, 1, 0, 0
261700, 1095754, 1, 0, 0
261801, 1049512, 1, 0, 0
261900, 1083461, 1, 0, 0
262000, 1088001, 1, 0, 0
262100, 1076781, 1, 0, 0
262200, 1093546, 1, 0, 0
262300, 1088878, 1, 0, 0
262400, 1095848, 1, 0, 0
262502, 1099500, 1, 0, 0
262600, 1103583, 1, 0, 0
262700, 1088561, 1, 0, 0
262800, 1115669, 1, 0, 0
262900, 1058748, 1, 0, 0
263000, 1094453, 1, 0, 0
263100, 1130889, 1, 0, 0
263200, 1071424, 1, 0, 0
263300, 1045777, 1, 0, 0
263400, 1093979, 1, 0, 0
263500, 1126307, 1, 0, 0
263600, 1089440, 1, 0, 0
263701, 1072165, 1, 0, 0
263800, 1068897, 1, 0, 0
263900, 1123626, 1, 0, 0
264000, 1145337, 1, 0, 0
264100, 1049763, 1, 0, 0
264200, 1040872, 1, 0, 0
264300, 1099608, 1, 0, 0
264400, 1046682, 1, 0, 0
264500, 1062236, 1, 0, 0
264600, 1122386, 1, 0, 0
264700, 1075238, 1, 0, 0
264800, 1078880, 1, 0, 0
264900, 1084704, 1, 0, 0
265000, 1120349, 1, 0, 0
265100, 1070699, 1, 0, 0
265200, 1061584, 1, 0, 0
265300, 1087211, 1, 0, 0
265400, 1095756, 1, 0, 0
265500, 1081426, 1, 0, 0
265600, 1092090, 1, 0, 0
265700, 1097006, 1, 0, 0
265800, 1126382, 1, 0, 0
265900, 1104216, 1, 0, 0
266001, 1144201, 1, 0, 0
266100, 1124918, 1, 0, 0
266200, 1053525, 1, 0, 0
266300, 1097591, 1, 0, 0
266400, 1103512, 1, 0, 0
266500, 1092714, 1, 0, 0
266600, 1039749, 1, 0, 0
266700, 1076007, 1, 0, 0
266800, 1043161, 1, 0, 0
266900, 1094791, 1, 0, 0
267000, 1069546, 1, 0, 0
267100, 1075509, 1, 0, 0
267200, 1024913, 1, 0, 0
267300, 1024888, 1, 0, 0
267400, 1114452, 1, 0, 0
267500, 1065653, 1, 0, 0
267600, 1076488, 1, 0, 0
267701, 1060044, 1, 0, 0
267800, 1091854, 1, 0, 0
267900, 1098747, 1, 0, 0
268000, 1104734, 1, 0, 0
268100, 1051928, 1, 0, 0
268201, 1097520, 1, 0, 0
268300, 1091017, 1, 0, 0
268400, 1053824, 1, 0, 0
268500, 1071751, 1, 0, 0
268601, 1123720, 1, 0, 0
268700, 1044064, 1, 0, 0
268800, 1052682, 1, 0, 0
268900, 1037372, 1, 0, 0
269001, 1079372, 1, 0, 0
269100, 1137925, 1, 0, 0
269200, 1070961, 1, 0, 0
269303, 1129468, 1, 0, 0
269400, 1066612, 1, 0, 0
269500, 1071921, 1, 0, 0
269600, 1041800, 1, 0, 0
269700, 1078660, 1, 0, 0
269800, 1078969, 1, 0, 0
269901, 1111219, 1, 0, 0
270000, 1093462, 1, 0, 0
270100, 1105188, 1, 0, 0
270200, 1089136, 1, 0, 0
270300, 1099600, 1, 0, 0
270400, 1104563, 1, 0, 0
270500, 1071265, 1, 0, 0
270600, 1102919, 1, 0, 0
270701, 1081212, 1, 0, 0
270801, 1097687, 1, 0, 0
270900, 1118078, 1, 0, 0
271000, 1098594, 1, 0, 0
271100, 1078325, 1, 0, 0
271200, 1059690, 1, 0, 0
271300, 1079043, 1, 0, 0
271401, 1148083, 1, 0, 0
271501, 1097528, 1, 0, 0
271600, 1076675, 1, 0, 0
271700, 1060870, 1, 0, 0
271800, 1189780, 1, 0, 0
271900, 1124384, 1, 0, 0
272000, 1054969, 1, 0, 0
272100, 1035953, 1, 0, 0
272200, 1088731, 1, 0, 0
272300, 1082271, 1, 0, 0
272400, 1076472, 1, 0, 0
272500, 1085187, 1, 0, 0
272600, 1108091, 1, 0, 0
272700, 1131859, 1, 0, 0
272800, 1097201, 1, 0, 0
272900, 1123064, 1, 0, 0
273000, 1081635, 1, 0, 0
273100, 1100027, 1, 0, 0
273200, 1122554, 1, 0, 0
273300, 1083267, 1, 0, 0
273401, 1140745, 1, 0, 0
273500, 1064180, 1, 0, 0
273600, 1162896, 1, 0, 0
273701, 1092932, 1, 0, 0
273800, 1095922, 1, 0, 0
273900, 1026798, 1, 0, 0
274000, 1044839, 1, 0, 0
274100, 1080841, 1, 0, 0
274200, 1077566, 1, 0, 0
274300, 1077013, 1, 0, 0
274400, 1118756, 1, 0, 0
274500, 1092038, 1, 0, 0
274600, 1088289, 1, 0, 0
274700, 1065226, 1, 0, 0
274800, 1061168, 1, 0, 0
274900, 1076303, 1, 0, 0
275000, 1147284, 1, 0, 0
275100, 1054976, 1, 0, 0
275200, 1069909, 1, 0, 0
275300, 1087464, 1, 0, 0
275401, 1116812, 1, 0, 0
275500, 1065467, 1, 0, 0
275600, 1064271, 1, 0, 0
275700, 1079477, 1, 0, 0
275800, 1114392, 1, 0, 0
275900, 1094506, 1, 0, 0
276000, 1069006, 1, 0, 0
276100, 1103064, 1, 0, 0
276200, 1091812, 1, 0, 0
276300, 1112906, 1, 0, 0
276400, 1057587, 1, 0, 0
276500, 1064849, 1, 0, 0
276600, 1089134, 1, 0, 0
276700, 1099364, 1, 0, 0
276800, 1138334, 1, 0, 0
276900, 1107760, 1, 0, 0
277000, 1063326, 1, 0, 0
277100, 1066289, 1, 0, 0
277200, 1076522, 1, 0, 0
277300, 1082305, 1, 0, 0
277400, 1122717, 1, 0, 0
277500, 1143793, 1, 0, 0
277600, 1110663, 1, 0, 0
277700, 1081111, 1, 0, 0
277800, 1086274, 1, 0, 0
277900, 1141013, 1, 0, 0
278000, 1077731, 1, 0, 0
278100, 1079904, 1, 0, 0
278200, 1044971, 1, 0, 0
278300, 1120557, 1, 0, 0
278400, 1115098, 1, 0, 0
278500, 1122956, 1, 0, 0
278600, 1103040, 1, 0, 0
278700, 1093477, 1, 0, 0
278800, 1170780, 1, 0, 0
278900, 1077015, 1, 0, 0
279000, 1106360, 1, 0, 0
279100, 1097469, 1, 0, 0
279201, 1075892, 1, 0, 0
279300, 1089763, 1, 0, 0
279400, 1068748, 1, 0, 0
279500, 1137868, 1, 0, 0
279600, 1159641, 1, 0, 0
279701, 1067259, 1, 0, 0
279800, 1140783, 1, 0, 0
279900, 1120594, 1, 0, 0
280000, 1143445, 1, 0, 0
280100, 1073000, 1, 0, 0
280200, 1088087, 1, 0, 0
280300, 1092099, 1, 0, 0
280400, 1095148, 1, 0, 0
280500, 1078875, 1, 0, 0
280600, 1070512, 1, 0, 0
280700, 1097706, 1, 0, 0
280800, 1046942, 1, 0, 0
280900, 1065407, 1, 0, 0
281000, 1146052, 1, 0, 0
281100, 1103044, 1, 0, 0
281200, 1100949, 1, 0, 0
281300, 1092279, 1, 0, 0
281401, 1111476, 1, 0, 0
281500, 1068731, 1, 0, 0
281600, 1041631, 1, 0, 0
281700, 1118997, 1, 0, 0
281800, 1076340, 1, 0, 0
281900, 1107064, 1, 0, 0
282000, 1056315, 1, 0, 0
282100, 1046888, 1, 0, 0
282201, 1102060, 1, 0, 0
282301, 1107694, 1, 0, 0
282400, 1033648, 1, 0, 0
282500, 1065675, 1, 0, 0
282601, 1085586, 1, 0, 0
282700, 1089535, 1, 0, 0
282800, 1080241, 1, 0, 0
282900, 1108881, 1, 0, 0
283000, 1058089, 1, 0, 0
283100, 1107447, 1, 0, 0
283200, 1079898, 1, 0, 0
283300, 1111828, 1, 0, 0
283400, 1135034, 1, 0, 0
283500, 1084344, 1, 0, 0
283600, 1065074, 1, 0, 0
283700, 1120425, 1, 0, 0
283800, 1092782, 1, 0, 0
283901, 1063623, 1, 0, 0
284000, 1044929, 1, 0, 0
284100, 1103506, 1, 0, 0
284201, 1119415, 1, 0, 0
284300, 1057661, 1, 0, 0
284400, 1093655, 1, 0, 0
284500, 1071972, 1, 0, 0
284600, 1064146, 1, 0, 0
284701, 1065611, 1, 0, 0
284800, 1020155, 1, 0, 0
284900, 1094643, 1, 0, 0
285000, 1058798, 1, 0, 0
285102, 1117996, 1, 0, 0
285200, 1099152, 1, 0, 0
285300, 1080511, 1, 0, 0
285400, 1049593, 1, 0, 0
285500, 1125417, 1, 0, 0
285600, 1048652, 1, 0, 0
285700, 1077283, 1, 0, 0
285800, 1053403, 1, 0, 0
285900, 1039422, 1, 0, 0
286000, 1103626, 1, 0, 0
286100, 1078571, 1, 0, 0
286200, 1065230, 1, 0, 0
286301, 1112795, 1, 0, 0
286400, 1107860, 1, 0, 0
286500, 1090370, 1, 0, 0
286600, 1070102, 1, 0, 0
286700, 1052980, 1, 0, 0
286800, 1068628, 1, 0, 0
286900, 1062174, 1, 0, 0
287000, 1086573, 1, 0, 0
287100, 1105914, 1, 0, 0
287200, 1101865, 1, 0, 0
287300, 1067221, 1, 0, 0
287400, 1093503, 1, 0, 0
287500, 1069454, 1, 0, 0
287600, 1054810, 1, 0, 0
287700, 1071862, 1, 0, 0
287801, 1103569, 1, 0, 0
287901, 1054047, 1, 0, 0
288000, 1064399, 1, 0, 0
288100, 1097558, 1, 0, 0
288200, 1058418, 1, 0, 0
288300, 1120405, 1, 0, 0
288400, 1089315, 1, 0, 0
288500, 1076614, 1, 0, 0
288600, 1046049, 1, 0, 0
288701, 1111930, 1, 0, 0
288800, 1226071, 1, 0, 0
288900, 1115045, 1, 0, 0
289000, 1111450, 1, 0, 0
289100, 1082864, 1, 0, 0
289200, 1054692, 1, 0, 0
289301, 1115346, 1, 0, 0
289400, 1078973, 1, 0, 0
289500, 1139441, 1, 0, 0
289601, 1139701, 1, 0, 0
289700, 1082480, 1, 0, 0
289800, 1095625, 1, 0, 0
289900, 1091957, 1, 0, 0
290000, 1129311, 1, 0, 0
290101, 1045822, 1, 0, 0
290200, 1139978, 1, 0, 0
290300, 1101756, 1, 0, 0
290400, 1114084, 1, 0, 0
290500, 1080304, 1, 0, 0
290600, 1100401, 1, 0, 0
290701, 1065229, 1, 0, 0
290800, 1090148, 1, 0, 0
290900, 1066793, 1, 0, 0
291000, 1108548, 1, 0, 0
291100, 1143074, 1, 0, 0
291200, 1073305, 1, 0, 0
291300, 1123437, 1, 0, 0
291400, 1043049, 1, 0, 0
291500, 1065224, 1, 0, 0
291600, 1095347, 1, 0, 0
291700, 1060636, 1, 0, 0
291801, 1054854, 1, 0, 0
291900, 1131133, 1, 0, 0
292000, 1049478, 1, 0, 0
292100, 1077593, 1, 0, 0
292200, 1090475, 1, 0, 0
292300, 1140832, 1, 0, 0
292400, 1036574, 1, 0, 0
292500, 1084599, 1, 0, 0
292601, 1164004, 1, 0, 0
292700, 1135531, 1, 0, 0
292800, 1094885, 1, 0, 0
292900, 1074443, 1, 0, 0
293001, 1126564, 1, 0, 0
293100, 1057519, 1, 0, 0
293200, 1044746, 1, 0, 0
293300, 1053514, 1, 0, 0
293400, 1137752, 1, 0, 0
293500, 1090279, 1, 0, 0
293600, 1100252, 1, 0, 0
293700, 1049822, 1, 0, 0
293800, 1105957, 1, 0, 0
293901, 1055845, 1, 0, 0
294000, 1035968, 1, 0, 0
294102, 1166896, 1, 0, 0
294200, 1011055, 1, 0, 0
294300, 1069349, 1, 0, 0
294400, 1067482, 1, 0, 0
294500, 1071671, 1, 0, 0
294600, 1036126, 1, 0, 0
294700, 1058005, 1, 0, 0
294800, 1081973, 1, 0, 0
294900, 1070735, 1, 0, 0
295000, 1055750, 1, 0, 0
295101, 1080670, 1, 0, 0
295200, 1086612, 1, 0, 0
295300, 1045539, 1, 0, 0
295400, 1052536, 1, 0, 0
295500, 1074537, 1, 0, 0
295600, 1121065, 1, 0, 0
295700, 1077472, 1, 0, 0
295800, 1039754, 1, 0, 0
295900, 1036613, 1, 0, 0
296000, 1091126, 1, 0, 0
296100, 1111099, 1, 0, 0
296200, 1102143, 1, 0, 0
296300, 1084463, 1, 0, 0
296400, 1093416, 1, 0, 0
296500, 1035126, 1, 0, 0
296600, 1060655, 1, 0, 0
296700, 1067469, 1, 0, 0
296800, 1054251, 1, 0, 0
296900, 1126984, 1, 0, 0
297000, 1047344, 1, 0, 0
297100, 1087283, 1, 0, 0
297200, 1105775, 1, 0, 0
297300, 1097113, 1, 0, 0
297400, 1131969, 1, 0, 0
297500, 1086502, 1, 0, 0
297600, 1043089, 1, 0, 0
297700, 1108987, 1, 0, 0
297801, 1086472, 1, 0, 0
297900, 1094002, 1, 0, 0
298000, 1071447, 1, 0, 0
298100, 1096418, 1, 0, 0
298200, 1063037, 1, 0, 0
298300, 1064820, 1, 0, 0
298400, 1122022, 1, 0, 0
298500, 1090285, 1, 0, 0
298600, 1102013, 1, 0, 0
298700, 1070729, 1, 0, 0
298800, 1079923, 1, 0, 0
298900, 1093727, 1, 0, 0
299000, 1081703, 1, 0, 0
299100, 1067369, 1, 0, 0
299200, 1082507, 1, 0, 0
299300, 1097464, 1, 0, 0
299400, 1068040, 1, 0, 0
299500, 1134660, 1, 0, 0
299600, 1054572, 1, 0, 0
299700, 1129060, 1, 0, 0
299800, 1031948, 1, 0, 0
299900, 1109131, 1, 0, 0
300000, 1057381, 1, 0, 0
300100, 1093650, 1, 0, 0
300200, 1074936, 1, 0, 0
300301, 1116817, 1, 0, 0
300400, 1060861, 1, 0, 0
300500, 1101891, 1, 0, 0
300601, 1151801, 1, 0, 0
300700, 1077542, 1, 0, 0
300800, 1069911, 1, 0, 0
300900, 1030836, 1, 0, 0
301000, 1052402, 1, 0, 0
301100, 1155082, 1, 0, 0
301200, 1152285, 1, 0, 0
301300, 1096656, 1, 0, 0
301400, 1102523, 1, 0, 0
301500, 1063492, 1, 0, 0
301600, 1087170, 1, 0, 0
301700, 1100551, 1, 0, 0
301800, 1036071, 1, 0, 0
301900, 1073775, 1, 0, 0
302000, 1092191, 1, 0, 0
302100, 1100735, 1, 0, 0
302200, 1071799, 1, 0, 0
302300, 1041892, 1, 0, 0
302401, 1062998, 1, 0, 0
302500, 1082992, 1, 0, 0
302600, 1065577, 1, 0, 0
302700, 1042522, 1, 0, 0
302800, 1098515, 1, 0, 0
302900, 1070443, 1, 0, 0
303000, 1028497, 1, 0, 0
303100, 1111960, 1, 0, 0
303200, 1109381, 1, 0, 0
303303, 1085873, 1, 0, 0
303400, 1057624, 1, 0, 0
303500, 1036468, 1, 0, 0
303600, 1058977, 1, 0, 0
303701, 1120066, 1, 0, 0
303800, 1098271, 1, 0, 0
303900, 1042855, 1, 0, 0
304000, 1072799, 1, 0, 0
304100, 1124633, 1, 0, 0
304200, 1037398, 1, 0, 0
304300, 1032844, 1, 0, 0
304400, 1095435, 1, 0, 0
304501, 1120040, 1, 0, 0
304600, 1119566, 1, 0, 0
304700, 1055354, 1, 0, 0
304800, 1107929, 1, 0, 0
304900, 1078925, 1, 0, 0
305000, 1082297, 1, 0, 0
305100, 1061419, 1, 0, 0
305200, 1032476, 1, 0, 0
305300, 1112307, 1, 0, 0
305400, 1067639, 1, 0, 0
305500, 1062828, 1, 0, 0
305600, 1102046, 1, 0, 0
305700, 1079228, 1, 0, 0
305800, 1053066, 1, 0, 0
305900, 1029798, 1, 0, 0
306000, 1053433, 1, 0, 0
306100, 1086300, 1, 0, 0
306200, 1052515, 1, 0, 0
306300, 1070028, 1, 0, 0
306400, 1091256, 1, 0, 0
306500, 1070730, 1, 0, 0
306602, 1099253, 1, 0, 0
306700, 1096529, 1, 0, 0
306800, 1057675, 1, 0, 0
306900, 1060447, 1, 0, 0
307000, 1086009, 1, 0, 0
307100, 1085232, 1, 0, 0
307200, 1048670, 1, 0, 0
307300, 1059750, 1, 0, 0
307400, 1129590, 1, 0, 0
307500, 1082848, 1, 0, 0
307600, 1075185, 1, 0, 0
307700, 1042715, 1, 0, 0
307801, 1069203, 1, 0, 0
307900, 1063139, 1, 0, 0
308000, 1079391, 1, 0, 0
308100, 1051902, 1, 0, 0
308200, 1072773, 1, 0, 0
308300, 1070077, 1, 0, 0
308400, 1121879, 1, 0, 0
308500, 1120580, 1, 0, 0
308600, 1075611, 1, 0, 0
308700, 1072703, 1, 0, 0
308800, 1072836, 1, 0, 0
308900, 1145859, 1, 0, 0
309000, 1045831, 1, 0, 0
309100, 1074311, 1, 0, 0
309200, 1065539, 1, 0, 0
309300, 1102483, 1, 0, 0
309400, 1067784, 1, 0, 0
309500, 1033019, 1, 0, 0
309600, 1107138, 1, 0, 0
309700, 1139786, 1, 0, 0
309800, 1088087, 1, 0, 0
309900, 1071947, 1, 0, 0
310000, 1150408, 1, 0, 0
310101, 1118072, 1, 0, 0
310200, 1122524, 1, 0, 0
310300, 1092485, 1, 0, 0
310400, 1087211, 1, 0, 0
310500, 1060428, 1, 0, 0
310600, 1121327, 1, 0, 0
310700, 1107444, 1, 0, 0
310800, 1071039, 1, 0, 0
310900, 1093285, 1, 0, 0
311000, 1057273, 1, 0, 0
311100, 1089376, 1, 0, 0
311200, 1108179, 1, 0, 0
311300, 1118509, 1, 0, 0
311400, 1100672, 1, 0, 0
311501, 1107020, 1, 0, 0
311600, 1091044, 1, 0, 0
311700, 1160048, 1, 0, 0
311800, 1071357, 1, 0, 0
311900, 1090110, 1, 0, 0
312000, 1063473, 1, 0, 0
312100, 1111931, 1, 0, 0
312200, 1094955, 1, 0, 0
312300, 1121995, 1, 0, 0
312400, 1060537, 1, 0, 0
312500, 1122444, 1, 0, 0
312600, 1066964, 1, 0, 0
312700, 1089489, 1, 0, 0
312801, 1142441, 1, 0, 0
312901, 1131446, 1, 0, 0
313000, 1124068, 1, 0, 0
313100, 1120712, 1, 0, 0
313200, 1126307, 1, 0, 0
313300, 1105150, 1, 0, 0
313400, 1112903, 1, 0, 0
313500, 1119351, 1, 0, 0
313600, 1075943, 1, 0, 0
313700, 1122985, 1, 0, 0
313800, 1088646, 1, 0, 0
313901, 1102908, 1, 0, 0
314000, 1126897, 1, 0, 0
314100, 1096887, 1, 0, 0
314200, 1118783, 1, 0, 0
314300, 1124205, 1, 0, 0
314400, 1160643, 1, 0, 0
314500, 1148859, 1, 0, 0
314600, 1055579, 1, 0, 0
314700, 1126670, 1, 0, 0
314800, 1078521, 1, 0, 0
314900, 1113707, 1, 0, 0
315000, 1131676, 1, 0, 0
315100, 1119497, 1, 0, 0
315200, 1117992, 1, 0, 0
315300, 1105861, 1, 0, 0
315400, 1054773, 1, 0, 0
315501, 1091634, 1, 0, 0
315600, 1142735, 1, 0, 0
315700, 1120693, 1, 0, 0
315800, 1069305, 1, 0, 0
315900, 1038175, 1, 0, 0
316000, 1116746, 1, 0, 0
316100, 1059503, 1, 0, 0
316200, 1086200, 1, 0, 0
316300, 1060147, 1, 0, 0
316401, 1119408, 1, 0, 0
316500, 1097621, 1, 0, 0
316601, 1088280, 1, 0, 0
316700, 1102075, 1, 0, 0
316801, 1066688, 1, 0, 0
316900, 1069447, 1, 0, 0
317002, 1129025, 1, 0, 0
317100, 1093970, 1, 0, 0
317200, 1163374, 1, 0, 0
317300, 1037896, 1, 0, 0
317400, 1126846, 1, 0, 0
317501, 1110208, 1, 0, 0
317600, 1054490, 1, 0, 0
317700, 1078163, 1, 0, 0
317800, 1071752, 1, 0, 0
317900, 1066265, 1, 0, 0
318000, 1096471, 1, 0, 0
318100, 1114000, 1, 0, 0
318200, 1097577, 1, 0, 0
318300, 1048377, 1, 0, 0
318400, 1113512, 1, 0, 0
318500, 1104114, 1, 0, 0
318600, 1085571, 1, 0, 0
318700, 1113994, 1, 0, 0
318800, 1039416, 1, 0, 0
318900, 1095739, 1, 0, 0
319000, 1058988, 1, 0, 0
319100, 1117049, 1, 0, 0
319201, 1101846, 1, 0, 0
319300, 1066085, 1, 0, 0
319400, 1101819, 1, 0, 0
319501, 1095121, 1, 0, 0
319600, 1110650, 1, 0, 0
319700, 1082685, 1, 0, 0
319800, 1096902, 1, 0, 0
319900, 1108088, 1, 0, 0
320001, 1051120, 1, 0, 0
320100, 1122572, 1, 0, 0
320200, 1063729, 1, 0, 0
320300, 1076774, 1, 0, 0
320400, 1057808, 1, 0, 0
320500, 1096713, 1, 0, 0
320600, 1112445, 1, 0, 0
320700, 1069948, 1, 0, 0
320800, 1095585, 1, 0, 0
320900, 1074516, 1, 0, 0
321000, 1075483, 1, 0, 0
321100, 1088731, 1, 0, 0
321201, 1092655, 1, 0, 0
321300, 1131488, 1, 0, 0
321401, 1040535, 1, 0, 0
321500, 1118372, 1, 0, 0
321600, 1100037, 1, 0, 0
321700, 1085322, 1, 0, 0
321800, 1078055, 1, 0, 0
321900, 1089382, 1, 0, 0
322000, 1072447, 1, 0, 0
322100, 1113526, 1, 0, 0
322200, 1057133, 1, 0, 0
322300, 1093491, 1, 0, 0
322400, 1102324, 1, 0, 0
322500, 1082564, 1, 0, 0
322600, 1114304, 1, 0, 0
322700, 1108448, 1, 0, 0
322800, 1099379, 1, 0, 0
322900, 1133746, 1, 0, 0
323000, 1057306, 1, 0, 0
323100, 1050801, 1, 0, 0
323200, 1063020, 1, 0, 0
323301, 1154729, 1, 0, 0
323400, 1080992, 1, 0, 0
323500, 1088140, 1, 0, 0
323601, 1120771, 1, 0, 0
323700, 1073212, 1, 0, 0
323800, 1083353, 1, 0, 0
323900, 1111307, 1, 0, 0
324000, 1090256, 1, 0, 0
324100, 1100349, 1, 0, 0
324200, 1068298, 1, 0, 0
324300, 1105764, 1, 0, 0
324400, 1089560, 1, 0, 0
324500, 1147239, 1, 0, 0
324600, 1099239, 1, 0, 0
324701, 1071097, 1, 0, 0
324800, 1105475, 1, 0, 0
324900, 1037263, 1, 0, 0
325000, 1068617, 1, 0, 0
325101, 1078368, 1, 0, 0
325200, 1128421, 1, 0, 0
325300, 1063386, 1, 0, 0
325400, 1086829, 1, 0, 0
325501, 1070542, 1, 0, 0
325600, 1094433, 1, 0, 0
325700, 1067810, 1, 0, 0
325800, 1144720, 1, 0, 0
325900, 1091208, 1, 0, 0
326000, 1091678, 1, 0, 0
326100, 1106788, 1, 0, 0
326200, 1123906, 1, 0, 0
326301, 1090537, 1, 0, 0
326400, 1079195, 1, 0, 0
326500, 1083829, 1, 0, 0
326600, 1092188, 1, 0, 0
326700, 1090991, 1, 0, 0
326800, 1114455, 1, 0, 0
326900, 1099090, 1, 0, 0
327000, 1085188, 1, 0, 0
327100, 1113915, 1, 0, 0
327200, 1096722, 1, 0, 0
327300, 1059921, 1, 0, 0
327401, 1088330, 1, 0, 0
327500, 1060020, 1, 0, 0
327600, 1065855, 1, 0, 0
327700, 1069306, 1, 0, 0
327800, 1127383, 1, 0, 0
327901, 1152092, 1, 0, 0
328000, 1089365, 1, 0, 0
328100, 1085130, 1, 0, 0
328200, 1036847, 1, 0, 0
328300, 1057654, 1, 0, 0
328400, 1032048, 1, 0, 0
328500, 1125729, 1, 0, 0
328600, 1116198, 1, 0, 0
328700, 1026118, 1, 0, 0
328800, 1076562, 1, 0, 0
328901, 1077559, 1, 0, 0
329000, 1081280, 1, 0, 0
329100, 1092586, 1, 0, 0
329200, 1065508, 1, 0, 0
329301, 1086264, 1, 0, 0
329400, 1135724, 1, 0, 0
329501, 1049224, 1, 0, 0
329600, 1068424, 1, 0, 0
329700, 1082905, 1, 0, 0
329800, 1093849, 1, 0, 0
329900, 1063311, 1, 0, 0
330000, 1062104, 1, 0, 0
330100, 1098427, 1, 0, 0
330200, 1084392, 1, 0, 0
330300, 1083840, 1, 0, 0
330400, 1155785, 1, 0, 0
330500, 1101731, 1, 0, 0
330600, 1159456, 1, 0, 0
330700, 1084736, 1, 0, 0
330800, 1135990, 1, 0, 0
330902, 1174811, 1, 0, 0
331000, 1084378, 1, 0, 0
331100, 1114827, 1, 0, 0
331200, 1123831, 1, 0, 0
331301, 1098361, 1, 0, 0
331400, 1070115, 1, 0, 0
331500, 1157672, 1, 0, 0
331600, 1093437, 1, 0, 0
331700, 1066534, 1, 0, 0
331800, 1087934, 1, 0, 0
331900, 1108060, 1, 0, 0
332000, 1091374, 1, 0, 0
332100, 1113177, 1, 0, 0
332200, 1131133, 1, 0, 0
332300, 1173532, 1, 0, 0
332400, 1105327, 1, 0, 0
332500, 1108375, 1, 0, 0
332600, 1091378, 1, 0, 0
332700, 1075656, 1, 0, 0
332800, 1042413, 1, 0, 0
332901, 1065115, 1, 0, 0
333000, 1063783, 1, 0, 0
333100, 1061785, 1, 0, 0
333200, 1038056, 1, 0, 0
333300, 1026601, 1, 0, 0
333400, 1093371, 1, 0, 0
333500, 1092305, 1, 0, 0
333602, 1065860, 1, 0, 0
333700, 1035070, 1, 0, 0
333800, 1083719, 1, 0, 0
333900, 1088282, 1, 0, 0
334000, 1015335, 1, 0, 0
334100, 1052911, 1, 0, 0
334200, 1041186, 1, 0, 0
334300, 1060560, 1, 0, 0
334400, 1080016, 1, 0, 0
334500, 1104508, 1, 0, 0
334600, 1127082, 1, 0, 0
334700, 1056255, 1, 0, 0
334800, 1137369, 1, 0, 0
334901, 1042757, 1, 0, 0
335000, 1083355, 1, 0, 0
335100, 1063336, 1, 0, 0
335200, 1075562, 1, 0, 0
335300, 1099426, 1, 0, 0
335400, 1124432, 1, 0, 0
335500, 1053919, 1, 0, 0
335600, 1075827, 1, 0, 0
335700, 1111040, 1, 0, 0
335800, 1066025, 1, 0, 0
335901, 1105855, 1, 0, 0
336000, 1052092, 1, 0, 0
336100, 1049876, 1, 0, 0
336201, 1129969, 1, 0, 0
336300, 1112875, 1, 0, 0
336400, 1070990, 1, 0, 0
336500, 1063197, 1, 0, 0
336600, 1060622, 1, 0, 0
336701, 1110803, 1, 0, 0
336800, 1062193, 1, 0, 0
336900, 1071845, 1, 0, 0
337000, 1128347, 1, 0, 0
337100, 1074002, 1, 0, 0
337200, 1071831, 1, 0, 0
337300, 1101358, 1, 0, 0
337400, 1155562, 1, 0, 0
337500, 1011530, 1, 0, 0
337600, 1074227, 1, 0, 0
337700, 1108401, 1, 0, 0
337800, 1132905, 1, 0, 0
337900, 1098176, 1, 0, 0
338000, 1105505, 1, 0, 0
338100, 1076500, 1, 0, 0
338201, 1030171, 1, 0, 0
338300, 1087719, 1, 0, 0
338400, 1052132, 1, 0, 0
338500, 1110174, 1, 0, 0
338600, 1068668, 1, 0, 0
338700, 1073144, 1, 0, 0
338800, 1132662, 1, 0, 0
338900, 1128493, 1, 0, 0
339001, 1099100, 1, 0, 0
339100, 1101252, 1, 0, 0
339200, 1092198, 1, 0, 0
339300, 1114801, 1, 0, 0
339400, 1104135, 1, 0, 0
339501, 1170118, 1, 0, 0
339600, 1080121, 1, 0, 0
339700, 1047566, 1, 0, 0
339800, 1067204, 1, 0, 0
339900, 1101452, 1, 0, 0
340001, 1061668, 1, 0, 0
340100, 1071015, 1, 0, 0
340200, 1060908, 1, 0, 0
340300, 1124922, 1, 0, 0
340400, 1078383, 1, 0, 0
340500, 1065090, 1, 0, 0
340600, 1099982, 1, 0, 0
340700, 1103797, 1, 0, 0
340800, 1076279, 1, 0, 0
340900, 1086123, 1, 0, 0
341000, 1042563, 1, 0, 0
341100, 1134415, 1, 0, 0
341200, 1061741, 1, 0, 0
341300, 1060688, 1, 0, 0
341400, 1082599, 1, 0, 0
341500, 1090262, 1, 0, 0
341600, 1087679, 1, 0, 0
341700, 1104014, 1, 0, 0
341800, 1073813, 1, 0, 0
341901, 1124399, 1, 0, 0
342000, 1086044, 1, 0, 0
342101, 1106762, 1, 0, 0
342200, 1076646, 1, 0, 0
342300, 1111717, 1, 0, 0
342400, 1113682, 1, 0, 0
342500, 1095741, 1, 0, 0
342600, 1080012, 1, 0, 0
342700, 1104558, 1, 0, 0
342800, 1078441, 1, 0, 0
342900, 1067523, 1, 0, 0
343001, 1110089, 1, 0, 0
343101, 1094877, 1, 0, 0
343201, 1036810, 1, 0, 0
343300, 1074097, 1, 0, 0
343400, 1078782, 1, 0, 0
343500, 1091223, 1, 0, 0
343600, 1056956, 1, 0, 0
343700, 1059879, 1, 0, 0
343801, 1138073, 1, 0, 0
343900, 1091239, 1, 0, 0
344000, 1076687, 1, 0, 0
344100, 1089934, 1, 0, 0
344200, 1123367, 1, 0, 0
344300, 1148784, 1, 0, 0
344400, 1131459, 1, 0, 0
344501, 1054108, 1, 0, 0
344600, 1089808, 1, 0, 0
344700, 1045770, 1, 0, 0
344800, 1095456, 1, 0, 0
344900, 1109848, 1, 0, 0
345000, 1128497, 1, 0, 0
345100, 1184952, 1, 0, 0
345200, 1117311, 1, 0, 0
345302, 1106555, 1, 0, 0
345400, 1096329, 1, 0, 0
345500, 1100861, 1, 0, 0
345600, 1148905, 1, 0, 0
345701, 1042500, 1, 0, 0
345800, 1140385, 1, 0, 0
345900, 1076396, 1, 0, 0
346001, 1081570, 1, 0, 0
346100, 1087081, 1, 0, 0
346200, 1085658, 1, 0, 0
346300, 1153198, 1, 0, 0
346401, 1105314, 1, 0, 0
346500, 1032644, 1, 0, 0
346600, 1099290, 1, 0, 0
346700, 1114950, 1, 0, 0
346800, 1067117, 1, 0, 0
346900, 1079962, 1, 0, 0
347000, 1077182, 1, 0, 0
347100, 1119961, 1, 0, 0
347200, 1114651, 1, 0, 0
347300, 1079531, 1, 0, 0
347400, 1139317, 1, 0, 0
347500, 1039720, 1, 0, 0
347600, 1092033, 1, 0, 0
347700, 1126957, 1, 0, 0
347800, 1111614, 1, 0, 0
347900, 1046128, 1, 0, 0
348000, 1101110, 1, 0, 0
348100, 1098782, 1, 0, 0
348200, 1115541, 1, 0, 0
348300, 1107282, 1, 0, 0
348400, 1077455, 1, 0, 0
348500, 1058787, 1, 0, 0
348600, 1121127, 1, 0, 0
348700, 1110832, 1, 0, 0
348800, 1051192, 1, 0, 0
348900, 1081197, 1, 0, 0
349000, 1087995, 1, 0, 0
349100, 1053581, 1, 0, 0
349200, 1051941, 1, 0, 0
349300, 1044146, 1, 0, 0
349400, 1067976, 1, 0, 0
349500, 1076776, 1, 0, 0
349600, 1082865, 1, 0, 0
349700, 1057368, 1, 0, 0
349800, 1109739, 1, 0, 0
349900, 1114502, 1, 0, 0
350000, 1069438, 1, 0, 0
350101, 1130785, 1, 0, 0
350200, 1122779, 1, 0, 0
350302, 1078683, 1, 0, 0
350400, 1071711, 1, 0, 0
350500, 1120910, 1, 0, 0
350600, 1087439, 1, 0, 0
350700, 1069858, 1, 0, 0
350800, 1073686, 1, 0, 0
350900, 1080401, 1, 0, 0
351000, 1160587, 1, 0, 0
351100, 1051132, 1, 0, 0
351200, 1084829, 1, 0, 0
351301, 1087339, 1, 0, 0
351400, 1113164, 1, 0, 0
351500, 1025869, 1, 0, 0
351600, 1078270, 1, 0, 0
351700, 1111294, 1, 0, 0
351800, 1064449, 1, 0, 0
351900, 1029533, 1, 0, 0
352000, 1114613, 1, 0, 0
352100, 1061490, 1, 0, 0
352200, 1087352, 1, 0, 0
352300, 1071921, 1, 0, 0
352400, 1137330, 1, 0, 0
352500, 1115716, 1, 0, 0
352600, 1065743, 1, 0, 0
352700, 1079838, 1, 0, 0
352800, 1128460, 1, 0, 0
352900, 1101207, 1, 0, 0
353000, 1155817, 1, 0, 0
353100, 1077341, 1, 0, 0
353201, 1098918, 1, 0, 0
353300, 1082330, 1, 0, 0
353400, 1095866, 1, 0, 0
353500, 1086049, 1, 0, 0
353600, 1086086, 1, 0, 0
353700, 1118589, 1, 0, 0
353800, 1073881, 1, 0, 0
353900, 1083196, 1, 0, 0
354000, 1111306, 1, 0, 0
354100, 1146496, 1, 0, 0
354200, 1113508, 1, 0, 0
354300, 1079313, 1, 0, 0
354400, 1148729, 1, 0, 0
354500, 1080627, 1, 0, 0
354600, 1067492, 1, 0, 0
354701, 1090489, 1, 0, 0
354800, 1093932, 1, 0, 0
354902, 1111022, 1, 0, 0
355000, 1140398, 1, 0, 0
355100, 1040285, 1, 0, 0
355200, 1092759, 1, 0, 0
355300, 1060820, 1, 0, 0
355400, 1088506, 1, 0, 0
355500, 1059846, 1, 0, 0
355600, 1106294, 1, 0, 0
355700, 1135919, 1, 0, 0
355801, 1127542, 1, 0, 0
355900, 1139665, 1, 0, 0
356000, 1121194, 1, 0, 0
356101, 1081593, 1, 0, 0
356200, 1087010, 1, 0, 0
356300, 1149287, 1, 0, 0
356400, 1130997, 1, 0, 0
356502, 1140443, 1, 0, 0
356600, 1111527, 1, 0, 0
356701, 1130012, 1, 0, 0
356800, 1088355, 1, 0, 0
356900, 1098357, 1, 0, 0
357000, 1116644, 1, 0, 0
357100, 1137381, 1, 0, 0
357200, 1093017, 1, 0, 0
357300, 1062892, 1, 0, 0
357401, 1105551, 1, 0, 0
357500, 1131778, 1, 0, 0
357600, 1105800, 1, 0, 0
357700, 1146127, 1, 0, 0
357800, 1098899, 1, 0, 0
357900, 1121777, 1, 0, 0
358000, 1146803, 1, 0, 0
358100, 1078973, 1, 0, 0
358200, 1202389, 1, 0, 0
358300, 1111838, 1, 0, 0
358400, 1110496, 1, 0, 0
358500, 1058539, 1, 0, 0
358600, 1158064, 1, 0, 0
358700, 1045992, 1, 0, 0
358800, 1101035, 1, 0, 0
358900, 1163096, 1, 0, 0
359000, 1121324, 1, 0, 0
359100, 1161160, 1, 0, 0
359200, 1121563, 1, 0, 0
359301, 1086791, 1, 0, 0
359400, 1113803, 1, 0, 0
359500, 1069473, 1, 0, 0
359600, 1125629, 1, 0, 0
359700, 1128654, 1, 0, 0
359800, 1217037, 1, 0, 0
359900, 1120081, 1, 0, 0
360001, 1109442, 1, 0, 0
360101, 1074487, 1, 0, 0
360200, 1097595, 1, 0, 0
360300, 1063840, 1, 0, 0
360400, 1068661, 1, 0, 0
360500, 1100108, 1, 0, 0
360600, 1212891, 1, 0, 0
360700, 1143887, 1, 0, 0
360800, 1112926, 1, 0, 0
360900, 1160444, 1, 0, 0
361000, 1091425, 1, 0, 0
361101, 1159894, 1, 0, 0
361200, 1087985, 1, 0, 0
361300, 1137507, 1, 0, 0
361400, 1156239, 1, 0, 0
361500, 1199291, 1, 0, 0
361600, 1112377, 1, 0, 0
361700, 1157598, 1, 0, 0
361800, 1117618, 1, 0, 0
361900, 1097190, 1, 0, 0
362000, 1074311, 1, 0, 0
362100, 1080583, 1, 0, 0
362200, 1104680, 1, 0, 0
362301, 1126859, 1, 0, 0
362400, 1163893, 1, 0, 0
362500, 1082622, 1, 0, 0
362600, 1156061, 1, 0, 0
362700, 1125368, 1, 0, 0
362800, 1124757, 1, 0, 0
362901, 1078806, 1, 0, 0
363000, 1132017, 1, 0, 0
363100, 1136487, 1, 0, 0
363201, 1119736, 1, 0, 0
363300, 1099546, 1, 0, 0
363400, 1107884, 1, 0, 0
363500, 1123117, 1, 0, 0
363600, 1040538, 1, 0, 0
363700, 1086225, 1, 0, 0
363800, 1116478, 1, 0, 0
363900, 1077832, 1, 0, 0
364000, 1093036, 1, 0, 0
364100, 1068152, 1, 0, 0
364200, 1107659, 1, 0, 0
364300, 1181938, 1, 0, 0
364400, 1121668, 1, 0, 0
364500, 1091509, 1, 0, 0
364600, 1134280, 1, 0, 0
364700, 1137128, 1, 0, 0
364800, 1095716, 1, 0, 0
364901, 1078232, 1, 0, 0
365000, 1195669, 1, 0, 0
365100, 1098831, 1, 0, 0
365200, 1130782, 1, 0, 0
365300, 1117749, 1, 0, 0
365400, 1126347, 1, 0, 0
365500, 1127558, 1, 0, 0
365600, 1140033, 1, 0, 0
365701, 1073919, 1, 0, 0
365800, 1114560, 1, 0, 0
365900, 1080877, 1, 0, 0
366000, 1238359, 1, 0, 0
366101, 1127002, 1, 0, 0
366200, 1113777, 1, 0, 0
366300, 1164611, 1, 0, 0
366400, 1078493, 1, 0, 0
366501, 1148250, 1, 0, 0
366600, 1071254, 1, 0, 0
366700, 1105478, 1, 0, 0
366801, 1106742, 1, 0, 0
366900, 1122338, 1, 0, 0
367000, 1100658, 1, 0, 0
367100, 1095246, 1, 0, 0
367200, 1174120, 1, 0, 0
367300, 1161451, 1, 0, 0
367400, 1090707, 1, 0, 0
367500, 1127377, 1, 0, 0
367600, 1082121, 1, 0, 0
367700, 1111970, 1, 0, 0
367800, 1157379, 1, 0, 0
367900, 1156561, 1, 0, 0
368000, 1075460, 1, 0, 0
368100, 1133108, 1, 0, 0
368200, 1092682, 1, 0, 0
368300, 1088418, 1, 0, 0
368400, 1096471, 1, 0, 0
368500, 1081319, 1, 0, 0
368600, 1076034, 1, 0, 0
368700, 1100245, 1, 0, 0
368800, 1108525, 1, 0, 0
368900, 1109662, 1, 0, 0
369000, 1083160, 1, 0, 0
369100, 1109179, 1, 0, 0
369200, 1075836, 1, 0, 0
369300, 1074654, 1, 0, 0
369400, 1056951, 1, 0, 0
369500, 1156471, 1, 0, 0
369601, 1119274, 1, 0, 0
369701, 1090904, 1, 0, 0
369800, 1082531, 1, 0, 0
369900, 1057153, 1, 0, 0
370000, 1062070, 1, 0, 0
370101, 1101931, 1, 0, 0
370200, 1088413, 1, 0, 0
370300, 1063314, 1, 0, 0
370400, 1084805, 1, 0, 0
370500, 1029599, 1, 0, 0
370600, 1139142, 1, 0, 0
370700, 1087589, 1, 0, 0
370800, 1062666, 1, 0, 0
370900, 1056697, 1, 0, 0
371000, 1077219, 1, 0, 0
371100, 1076452, 1, 0, 0
371200, 1053378, 1, 0, 0
371300, 1088467, 1, 0, 0
371400, 1110523, 1, 0, 0
371500, 1121271, 1, 0, 0
371603, 1111275, 1, 0, 0
371700, 1074950, 1, 0, 0
371800, 1119252, 1, 0, 0
371900, 1069022, 1, 0, 0
372000, 1071752, 1, 0, 0
372100, 1142616, 1, 0, 0
372200, 1073909, 1, 0, 0
372300, 1176232, 1, 0, 0
372400, 1082313, 1, 0, 0
372500, 1081602, 1, 0, 0
372602, 1124112, 1, 0, 0
372700, 1125371, 1, 0, 0
372800, 1122428, 1, 0, 0
372900, 1066783, 1, 0, 0
373000, 1075820, 1, 0, 0
373100, 1077810, 1, 0, 0
373200, 1061547, 1, 0, 0
373300, 1064004, 1, 0, 0
373400, 1137760, 1, 0, 0
373500, 1119615, 1, 0, 0
373600, 1073286, 1, 0, 0
373701, 1053343, 1, 0, 0
373800, 1091550, 1, 0, 0
373900, 1144866, 1, 0, 0
374000, 1106959, 1, 0, 0
374101, 1092374, 1, 0, 0
374200, 1119544, 1, 0, 0
374300, 1124855, 1, 0, 0
374400, 1129443, 1, 0, 0
374500, 1063490, 1, 0, 0
374600, 1039968, 1, 0, 0
374700, 1161291, 1, 0, 0
374800, 1119326, 1, 0, 0
374900, 1072718, 1, 0, 0
375000, 1042151, 1, 0, 0
375100, 1090388, 1, 0, 0
375201, 1051273, 1, 0, 0
375300, 1113523, 1, 0, 0
375400, 1098654, 1, 0, 0
375500, 1075813, 1, 0, 0
375600, 1070687, 1, 0, 0
375700, 1092306, 1, 0, 0
375800, 1035766, 1, 0, 0
375900, 1081333, 1, 0, 0
376000, 1080618, 1, 0, 0
376100, 1126461, 1, 0, 0
376200, 1102891, 1, 0, 0
376300, 1050239, 1, 0, 0
376400, 1103049, 1, 0, 0
376500, 1097025, 1, 0, 0
376601, 1072500, 1, 0, 0
376700, 1103192, 1, 0, 0
376800, 1079099, 1, 0, 0
376900, 1054443, 1, 0, 0
377001, 1067360, 1, 0, 0
377100, 1119329, 1, 0, 0
377200, 1115374, 1, 0, 0
377300, 1073355, 1, 0, 0
377400, 1066019, 1, 0, 0
377500, 1102947, 1, 0, 0
377600, 1069318, 1, 0, 0
377700, 1038027, 1, 0, 0
377800, 1062021, 1, 0, 0
377900, 1067240, 1, 0, 0
378000, 1103504, 1, 0, 0
378100, 1088984, 1, 0, 0
378200, 1123546, 1, 0, 0
378300, 1129955, 1, 0, 0
378400, 1068140, 1, 0, 0
378500, 1074777, 1, 0, 0
378601, 1129024, 1, 0, 0
378700, 1082263, 1, 0, 0
378801, 1123107, 1, 0, 0
378900, 1094546, 1, 0, 0
379000, 1090902, 1, 0, 0
379100, 1055470, 1, 0, 0
379200, 1108124, 1, 0, 0
379300, 1168263, 1, 0, 0
379400, 1078858, 1, 0, 0
379500, 1093396, 1, 0, 0
379600, 1048010, 1, 0, 0
379700, 1050533, 1, 0, 0
379801, 1075103, 1, 0, 0
379900, 1060238, 1, 0, 0
380000, 1092438, 1, 0, 0
380100, 1131034, 1, 0, 0
380200, 1155930, 1, 0, 0
380300, 1103632, 1, 0, 0
380400, 1042421, 1, 0, 0
380500, 1114716, 1, 0, 0
380600, 1142262, 1, 0, 0
380700, 1133146, 1, 0, 0
380800, 1061296, 1, 0, 0
380900, 1074873, 1, 0, 0
381000, 1099702, 1, 0, 0
381100, 1160489, 1, 0, 0
381200, 1188324, 1, 0, 0
381300, 1113634, 1, 0, 0
381400, 1118305, 1, 0, 0
381501, 1112481, 1, 0, 0
381600, 1087269, 1, 0, 0
381700, 1115897, 1, 0, 0
381800, 1047745, 1, 0, 0
381900, 1096552, 1, 0, 0
382000, 1063211, 1, 0, 0
382100, 1067012, 1, 0, 0
382200, 1062768, 1, 0, 0
382300, 1119133, 1, 0, 0
382400, 1117381, 1, 0, 0
382500, 1121574, 1, 0, 0
382600, 1088197, 1, 0, 0
382700, 1081868, 1, 0, 0
382801, 1093157, 1, 0, 0
382900, 1141271, 1, 0, 0
383000, 1175607, 1, 0, 0
383100, 1145856, 1, 0, 0
383200, 1162260, 1, 0, 0
383300, 1112747, 1, 0, 0
383400, 1115171, 1, 0, 0
383500, 1118161, 1, 0, 0
383600, 1098890, 1, 0, 0
383701, 1090074, 1, 0, 0
383800, 1078477, 1, 0, 0
383900, 1116267, 1, 0, 0
384000, 1053566, 1, 0, 0
384100, 1067976, 1, 0, 0
384200, 1100742, 1, 0, 0
384300, 1056496, 1, 0, 0
384400, 1080232, 1, 0, 0
384500, 1084869, 1, 0, 0
384600, 1119804, 1, 0, 0
384700, 1063128, 1, 0, 0
384800, 1048799, 1, 0, 0
384902, 1076192, 1, 0, 0
385000, 1093728, 1, 0, 0
385100, 1072489, 1, 0, 0
385200, 1022411, 1, 0, 0
385300, 1124524, 1, 0, 0
385400, 1107200, 1, 0, 0
385500, 1063321, 1, 0, 0
385600, 1087016, 1, 0, 0
385700, 1077028, 1, 0, 0
385800, 1090467, 1, 0, 0
385900, 1076685, 1, 0, 0
386000, 1097278, 1, 0, 0
386100, 1100374, 1, 0, 0
386200, 1087041, 1, 0, 0
386300, 1071663, 1, 0, 0
386400, 1157366, 1, 0, 0
386500, 1089340, 1, 0, 0
386600, 1087621, 1, 0, 0
386700, 1113842, 1, 0, 0
386800, 1068429, 1, 0, 0
386900, 1071883, 1, 0, 0
387000, 1116682, 1, 0, 0
387100, 1122308, 1, 0, 0
387201, 1111485, 1, 0, 0
387300, 1103599, 1, 0, 0
387400, 1117722, 1, 0, 0
387500, 1078482, 1, 0, 0
387600, 1125094, 1, 0, 0
387700, 1088030, 1, 0, 0
387800, 1128703, 1, 0, 0
387900, 1096592, 1, 0, 0
388002, 1186410, 1, 0, 0
388100, 1124709, 1, 0, 0
388200, 1082491, 1, 0, 0
388300, 1148708, 1, 0, 0
388400, 1089325, 1, 0, 0
388500, 1109462, 1, 0, 0
388600, 1103344, 1, 0, 0
388700, 1141841, 1, 0, 0
388800, 1098600, 1, 0, 0
388900, 1103350, 1, 0, 0
389000, 1088612, 1, 0, 0
389101, 1120163, 1, 0, 0
389203, 1141802, 1, 0, 0
389301, 1143526, 1, 0, 0
389400, 1118452, 1, 0, 0
389500, 1112695, 1, 0, 0
389601, 1139662, 1, 0, 0
389700, 1090868, 1, 0, 0
389800, 1079116, 1, 0, 0
389900, 1092208, 1, 0, 0
390000, 1107351, 1, 0, 0
390100, 1135451, 1, 0, 0
390200, 1106911, 1, 0, 0
390300, 1058822, 1, 0, 0
390400, 1076492, 1, 0, 0
390500, 1074950, 1, 0, 0
390600, 1101636, 1, 0, 0
390700, 1127490, 1, 0, 0
390800, 1091270, 1, 0, 0
390900, 1067342, 1, 0, 0
391000, 1090623, 1, 0, 0
391100, 1093772, 1, 0, 0
391200, 1133447, 1, 0, 0
391300, 1045748, 1, 0, 0
391400, 1064420, 1, 0, 0
391500, 1087667, 1, 0, 0
391600, 1091503, 1, 0, 0
391700, 1097254, 1, 0, 0
391800, 1127978, 1, 0, 0
391900, 1092191, 1, 0, 0
392000, 1103182, 1, 0, 0
392100, 1142891, 1, 0, 0
392200, 1153736, 1, 0, 0
392300, 1073637, 1, 0, 0
392400, 1108746, 1, 0, 0
392500, 1085357, 1, 0, 0
392600, 1123689, 1, 0, 0
392700, 1064737, 1, 0, 0
392801, 1133714, 1, 0, 0
392900, 1123988, 1, 0, 0
393000, 1073916, 1, 0, 0
393100, 1054548, 1, 0, 0
393200, 1121548, 1, 0, 0
393300, 1111573, 1, 0, 0
393400, 1081459, 1, 0, 0
393500, 1080639, 1, 0, 0
393600, 1107977, 1, 0, 0
393701, 1129391, 1, 0, 0
393800, 1100319, 1, 0, 0
393900, 1082721, 1, 0, 0
394000, 1086230, 1, 0, 0
394100, 1074691, 1, 0, 0
394200, 1063648, 1, 0, 0
394300, 1058350, 1, 0, 0
394400, 1070638, 1, 0, 0
394501, 1079342, 1, 0, 0
394600, 1077164, 1, 0, 0
394700, 1112444, 1, 0, 0
394801, 1124278, 1, 0, 0
394900, 1159163, 1, 0, 0
395000, 1049105, 1, 0, 0
395100, 1117881, 1, 0, 0
395200, 1127720, 1, 0, 0
395300, 1091475, 1, 0, 0
395400, 1140037, 1, 0, 0
395500, 1140343, 1, 0, 0
395600, 1101373, 1, 0, 0
395700, 1134462, 1, 0, 0
395800, 1109430, 1, 0, 0
395900, 1069687, 1, 0, 0
396000, 1181763, 1, 0, 0
396101, 1078469, 1, 0, 0
396200, 1065284, 1, 0, 0
396300, 1076986, 1, 0, 0
396400, 1143526, 1, 0, 0
396500, 1092217, 1, 0, 0
396600, 1173919, 1, 0, 0
396700, 1073331, 1, 0, 0
396800, 1141380, 1, 0, 0
396900, 1072233, 1, 0, 0
397000, 1060850, 1, 0, 0
397100, 1050251, 1, 0, 0
397200, 1157403, 1, 0, 0
397301, 1171572, 1, 0, 0
397400, 1089540, 1, 0, 0
397500, 1105354, 1, 0, 0
397601, 1079705, 1, 0, 0
397700, 1115833, 1, 0, 0
397800, 1139464, 1, 0, 0
397900, 1120588, 1, 0, 0
398000, 1082023, 1, 0, 0
398100, 1077767, 1, 0, 0
398200, 1132123, 1, 0, 0
398300, 1096511, 1, 0, 0
398400, 1043797, 1, 0, 0
398500, 1084825, 1, 0, 0
398600, 1130447, 1, 0, 0
398700, 1107094, 1, 0, 0
398800, 1284664, 1, 0, 0
398900, 1041555, 1, 0, 0
399000, 1091387, 1, 0, 0
399100, 1164485, 1, 0, 0
399200, 1103772, 1, 0, 0
399300, 1100610, 1, 0, 0
399400, 1068137, 1, 0, 0
399500, 1076351, 1, 0, 0
399600, 1082836, 1, 0, 0
399701, 1198478, 1, 0, 0
399800, 1044473, 1, 0, 0
399900, 1080196, 1, 0, 0
400000, 1121724, 1, 0, 0
400100, 1076229, 1, 0, 0
400200, 1083898, 1, 0, 0
400300, 1054081, 1, 0, 0
400400, 1100787, 1, 0, 0
400500, 1169285, 1, 0, 0
400600, 1107519, 1, 0, 0
400700, 1138179, 1, 0, 0
400800, 1113426, 1, 0, 0
400900, 1089410, 1, 0, 0
401000, 1124122, 1, 0, 0
401100, 1107553, 1, 0, 0
401200, 1135271, 1, 0, 0
401302, 1132120, 1, 0, 0
401400, 1096525, 1, 0, 0
401500, 1134359, 1, 0, 0
401600, 1070732, 1, 0, 0
401700, 1125115, 1, 0, 0
401800, 1026869, 1, 0, 0
401900, 1086135, 1, 0, 0
402000, 1064075, 1, 0, 0
402100, 1111353, 1, 0, 0
402200, 1090511, 1, 0, 0
402301, 1086114, 1, 0, 0
402400, 1098226, 1, 0, 0
402500, 1108612, 1, 0, 0
402600, 1049894, 1, 0, 0
402700, 1080309, 1, 0, 0
402801, 1110777, 1, 0, 0
402900, 1071922, 1, 0, 0
403000, 1069398, 1, 0, 0
403100, 1069039, 1, 0, 0
403200, 1111770, 1, 0, 0
403300, 1116005, 1, 0, 0
403400, 1063093, 1, 0, 0
403500, 1121652, 1, 0, 0
403601, 1079482, 1, 0, 0
403700, 1104618, 1, 0, 0
403800, 1134483, 1, 0, 0
403900, 1130641, 1, 0, 0
404000, 1063838, 1, 0, 0
404100, 1129470, 1, 0, 0
404201, 1059573, 1, 0, 0
404300, 1104687, 1, 0, 0
404400, 1067984, 1, 0, 0
404501, 1128528, 1, 0, 0
404600, 1175225, 1, 0, 0
404700, 1109737, 1, 0, 0
404800, 1130160, 1, 0, 0
404901, 1134655, 1, 0, 0
405000, 1127742, 1, 0, 0
405100, 1091294, 1, 0, 0
405200, 1111192, 1, 0, 0
405300, 1086159, 1, 0, 0
405400, 1123581, 1, 0, 0
405500, 1091225, 1, 0, 0
405600, 1136201, 1, 0, 0
405700, 1070705, 1, 0, 0
405800, 1040632, 1, 0, 0
405900, 1072676, 1, 0, 0
406000, 1105229, 1, 0, 0
406100, 1097121, 1, 0, 0
406201, 1107761, 1, 0, 0
406300, 1088877, 1, 0, 0
406402, 1089063, 1, 0, 0
406500, 1103430, 1, 0, 0
406600, 1051300, 1, 0, 0
406700, 1025455, 1, 0, 0
406800, 1102551, 1, 0, 0
406902, 1078898, 1, 0, 0
407000, 1066740, 1, 0, 0
407100, 1107217, 1, 0, 0
407200, 1095980, 1, 0, 0
407300, 1085149, 1, 0, 0
407400, 1115219, 1, 0, 0
407500, 1101230, 1, 0, 0
407600, 1128583, 1, 0, 0
407700, 1131801, 1, 0, 0
407800, 1136486, 1, 0, 0
407900, 1110668, 1, 0, 0
408001, 1067029, 1, 0, 0
408100, 1117032, 1, 0, 0
408201, 1099235, 1, 0, 0
408300, 1083341, 1, 0, 0
408400, 1100450, 1, 0, 0
408500, 1148201, 1, 0, 0
408600, 1082029, 1, 0, 0
408700, 1077509, 1, 0, 0
408800, 1061348, 1, 0, 0
408900, 1102178, 1, 0, 0
409000, 1069674, 1, 0, 0
409100, 1095008, 1, 0, 0
409200, 1089112, 1, 0, 0
409300, 1155863, 1, 0, 0
409400, 1059275, 1, 0, 0
409500, 1123308, 1, 0, 0
409601, 1098180, 1, 0, 0
409700, 1069857, 1, 0, 0
409800, 1077282, 1, 0, 0
409900, 1068833, 1, 0, 0
410000, 1112789, 1, 0, 0
410100, 1066251, 1, 0, 0
410200, 1051278, 1, 0, 0
410300, 1049789, 1, 0, 0
410400, 1146490, 1, 0, 0
410500, 1099947, 1, 0, 0
410600, 1093424, 1, 0, 0
410700, 1105388, 1, 0, 0
410800, 1051556, 1, 0, 0
410900, 1069924, 1, 0, 0
411000, 1106133, 1, 0, 0
411100, 1069485, 1, 0, 0
411200, 1078144, 1, 0, 0
411300, 1144667, 1, 0, 0
411400, 1053203, 1, 0, 0
411500, 1179872, 1, 0, 0
411601, 1148561, 1, 0, 0
411700, 1102136, 1, 0, 0
411800, 1138152, 1, 0, 0
411900, 1093286, 1, 0, 0
412000, 1062022, 1, 0, 0
412100, 1124306, 1, 0, 0
412200, 1179527, 1, 0, 0
412300, 1059819, 1, 0, 0
412400, 1050373, 1, 0, 0
412500, 1065139, 1, 0, 0
412600, 1142156, 1, 0, 0
412700, 1061752, 1, 0, 0
412800, 1068807, 1, 0, 0
412900, 1078424, 1, 0, 0
413001, 1109561, 1, 0, 0
413100, 1132311, 1, 0, 0
413200, 1046126, 1, 0, 0
413300, 1051432, 1, 0, 0
413400, 1147997, 1, 0, 0
413500, 1122148, 1, 0, 0
413600, 1058774, 1, 0, 0
413700, 1063853, 1, 0, 0
413800, 1123588, 1, 0, 0
413901, 1055461, 1, 0, 0
414000, 1080368, 1, 0, 0
414100, 1068953, 1, 0, 0
414200, 1083223, 1, 0, 0
414300, 1060125, 1, 0, 0
414401, 1095230, 1, 0, 0
414500, 1110250, 1, 0, 0
414602, 1117215, 1, 0, 0
414700, 1060216, 1, 0, 0
414800, 1062302, 1, 0, 0
414900, 1104721, 1, 0, 0
415000, 1097790, 1, 0, 0
415100, 1122757, 1, 0, 0
415200, 1106080, 1, 0, 0
415300, 1100644, 1, 0, 0
415400, 1101972, 1, 0, 0
415500, 1163840, 1, 0, 0
415600, 1108131, 1, 0, 0
415700, 1093005, 1, 0, 0
415801, 1081324, 1, 0, 0
415900, 1067680, 1, 0, 0
416000, 1101787, 1, 0, 0
416100, 1121186, 1, 0, 0
416201, 1058729, 1, 0, 0
416301, 1066559, 1, 0, 0
416400, 1165095, 1, 0, 0
416501, 1137964, 1, 0, 0
416600, 1115254, 1, 0, 0
416700, 1101731, 1, 0, 0
416803, 1123624, 1, 0, 0
416900, 1077543, 1, 0, 0
417000, 1146358, 1, 0, 0
417100, 1093232, 1, 0, 0
417200, 1093480, 1, 0, 0
417300, 1140336, 1, 0, 0
417400, 1133380, 1, 0, 0
417500, 1156826, 1, 0, 0
417600, 1094730, 1, 0, 0
417700, 1100200, 1, 0, 0
417800, 1104701, 1, 0, 0
417900, 1103556, 1, 0, 0
418000, 1121382, 1, 0, 0
418100, 1160996, 1, 0, 0
418200, 1053454, 1, 0, 0
418300, 1077602, 1, 0, 0
418400, 1131189, 1, 0, 0
418500, 1157097, 1, 0, 0
418600, 1144915, 1, 0, 0
418701, 1211040, 1, 0, 0
418800, 1124219, 1, 0, 0
418900, 1140908, 1, 0, 0
419000, 1140406, 1, 0, 0
419100, 1159091, 1, 0, 0
419200, 1082668, 1, 0, 0
419300, 1101417, 1, 0, 0
419400, 1138087, 1, 0, 0
419503, 1097075, 1, 0, 0
419600, 1147699, 1, 0, 0
419700, 1105544, 1, 0, 0
419800, 1091401, 1, 0, 0
419900, 1108173, 1, 0, 0
420000, 1084060, 1, 0, 0
420100, 1068283, 1, 0, 0
420200, 1170676, 1, 0, 0
420301, 1102276, 1, 0, 0
420400, 1066336, 1, 0, 0
420500, 1097355, 1, 0, 0
420600, 1081835, 1, 0, 0
420700, 1059021, 1, 0, 0
420800, 1097601, 1, 0, 0
420900, 1078479, 1, 0, 0
421000, 1068265, 1, 0, 0
421101, 1116468, 1, 0, 0
421200, 1066516, 1, 0, 0
421300, 1065007, 1, 0, 0
421402, 1123323, 1, 0, 0
421501, 1071087, 1, 0, 0
421600, 1131119, 1, 0, 0
421700, 1171849, 1, 0, 0
421800, 1105704, 1, 0, 0
421900, 1106335, 1, 0, 0
422000, 1114801, 1, 0, 0
422100, 1112844, 1, 0, 0
422200, 1134873, 1, 0, 0
422300, 1086510, 1, 0, 0
422400, 1076147, 1, 0, 0
422500, 1062541, 1, 0, 0
422600, 1159137, 1, 0, 0
422700, 1122717, 1, 0, 0
422800, 1082154, 1, 0, 0
422900, 1129111, 1, 0, 0
423000, 1090311, 1, 0, 0
423100, 1069742, 1, 0, 0
423200, 1103076, 1, 0, 0
423300, 1085215, 1, 0, 0
423400, 1099006, 1, 0, 0
423500, 1095808, 1, 0, 0
423600, 1114962, 1, 0, 0
423700, 1137698, 1, 0, 0
423800, 1076416, 1, 0, 0
423901, 1057289, 1, 0, 0
424001, 1072035, 1, 0, 0
424100, 1162695, 1, 0, 0
424200, 1141694, 1, 0, 0
424300, 1069887, 1, 0, 0
424401, 1100614, 1, 0, 0
424500, 1053443, 1, 0, 0
424600, 1059621, 1, 0, 0
424700, 1102267, 1, 0, 0
424800, 1068390, 1, 0, 0
424900, 1112331, 1, 0, 0
425000, 1088152, 1, 0, 0
425100, 1138818, 1, 0, 0
425200, 1024508, 1, 0, 0
425300, 1048833, 1, 0, 0
425403, 1135773, 1, 0, 0
425500, 1277759, 1, 0, 0
425600, 1140532, 1, 0, 0
425700, 1075934, 1, 0, 0
425800, 1100486, 1, 0, 0
425900, 1134732, 1, 0, 0
426000, 1103764, 1, 0, 0
426100, 1144293, 1, 0, 0
426200, 1066494, 1, 0, 0
426300, 1127654, 1, 0, 0
426401, 1070095, 1, 0, 0
426500, 1072347, 1, 0, 0
426600, 1242126, 1, 0, 0
426701, 1126667, 1, 0, 0
426801, 1121006, 1, 0, 0
426900, 1087911, 1, 0, 0
427000, 1078178, 1, 0, 0
427101, 1123804, 1, 0, 0
427200, 1142033, 1, 0, 0
427300, 1139837, 1, 0, 0
427400, 1092565, 1, 0, 0
427501, 1097799, 1, 0, 0
427600, 1087853, 1, 0, 0
427701, 1107986, 1, 0, 0
427800, 1139560, 1, 0, 0
427900, 1077936, 1, 0, 0
428000, 1107848, 1, 0, 0
428100, 1143355, 1, 0, 0
428200, 1080186, 1, 0, 0
428300, 1048189, 1, 0, 0
428400, 1113014, 1, 0, 0
428500, 1072385, 1, 0, 0
428601, 1053931, 1, 0, 0
428700, 1140480, 1, 0, 0
428800, 1069425, 1, 0, 0
428900, 1115176, 1, 0, 0
429000, 1120274, 1, 0, 0
429100, 1166712, 1, 0, 0
429200, 1138895, 1, 0, 0
429300, 1074024, 1, 0, 0
429400, 1061240, 1, 0, 0
429500, 1069873, 1, 0, 0
429602, 1106978, 1, 0, 0
429700, 1059541, 1, 0, 0
429800, 1108107, 1, 0, 0
429900, 1083887, 1, 0, 0
430000, 1032764, 1, 0, 0
430101, 1162323, 1, 0, 0
430200, 1095244, 1, 0, 0
430300, 1081549, 1, 0, 0
430400, 1072852, 1, 0, 0
430500, 1146554, 1, 0, 0
430600, 1100391, 1, 0, 0
430700, 1094045, 1, 0, 0
430800, 1113945, 1, 0, 0
430900, 1089911, 1, 0, 0
431000, 1131099, 1, 0, 0
431100, 1086192, 1, 0, 0
431200, 1106489, 1, 0, 0
431300, 1113245, 1, 0, 0
431400, 1134569, 1, 0, 0
431500, 1102503, 1, 0, 0
431600, 1159722, 1, 0, 0
431700, 1162049, 1, 0, 0
431800, 1108449, 1, 0, 0
431900, 1169537, 1, 0, 0
432000, 1120629, 1, 0, 0
432100, 1206954, 1, 0, 0
432200, 1107589, 1, 0, 0
432300, 1121455, 1, 0, 0
432400, 1128747, 1, 0, 0
432500, 1111729, 1, 0, 0
432600, 1144984, 1, 0, 0
432700, 1150567, 1, 0, 0
432800, 1175177, 1, 0, 0
432901, 1125257, 1, 0, 0
433001, 1121525, 1, 0, 0
433100, 1126506, 1, 0, 0
433200, 1133335, 1, 0, 0
433301, 1181530, 1, 0, 0
433400, 1169752, 1, 0, 0
433500, 1138942, 1, 0, 0
433600, 1097520, 1, 0, 0
433700, 1136361, 1, 0, 0
433800, 1144445, 1, 0, 0
433900, 1098709, 1, 0, 0
434000, 1104345, 1, 0, 0
434100, 1189303, 1, 0, 0
434200, 1140311, 1, 0, 0
434300, 1127714, 1, 0, 0
434400, 1116612, 1, 0, 0
434500, 1104252, 1, 0, 0
434600, 1093506, 1, 0, 0
434700, 1099375, 1, 0, 0
434800, 1168238, 1, 0, 0
434900, 1134544, 1, 0, 0
435001, 1119770, 1, 0, 0
435100, 1089316, 1, 0, 0
435200, 1080283, 1, 0, 0
435300, 1071508, 1, 0, 0
435400, 1095812, 1, 0, 0
435500, 1052742, 1, 0, 0
435600, 1059536, 1, 0, 0
435700, 1065865, 1, 0, 0
435800, 1101097, 1, 0, 0
435900, 1074066, 1, 0, 0
436000, 1086700, 1, 0, 0
436100, 1076844, 1, 0, 0
436200, 1102412, 1, 0, 0
436300, 1101448, 1, 0, 0
436401, 1067575, 1, 0, 0
436500, 1042056, 1, 0, 0
436600, 1049893, 1, 0, 0
436700, 1099001, 1, 0, 0
436800, 1108358, 1, 0, 0
436900, 1084240, 1, 0, 0
437000, 1082490, 1, 0, 0
437100, 1083495, 1, 0, 0
437201, 1080145, 1, 0, 0
437300, 1057692, 1, 0, 0
437400, 1034901, 1, 0, 0
437500, 1073894, 1, 0, 0
437600, 1073477, 1, 0, 0
437700, 1066253, 1, 0, 0
437800, 1079011, 1, 0, 0
437900, 1092336, 1, 0, 0
438000, 1073494, 1, 0, 0
438100, 1076614, 1, 0, 0
438200, 1114585, 1, 0, 0
438300, 1109767, 1, 0, 0
438400, 1049992, 1, 0, 0
438500, 1072392, 1, 0, 0
438600, 1037794, 1, 0, 0
438700, 1066485, 1, 0, 0
438800, 1047046, 1, 0, 0
438900, 1089595, 1, 0, 0
439000, 1078961, 1, 0, 0
439100, 1100665, 1, 0, 0
439200, 1047776, 1, 0, 0
439300, 1062067, 1, 0, 0
439400, 1105636, 1, 0, 0
439500, 1090386, 1, 0, 0
439600, 1069005, 1, 0, 0
439700, 1089050, 1, 0, 0
439801, 1065586, 1, 0, 0
439900, 1039709, 1, 0, 0
440000, 1114590, 1, 0, 0
440100, 1080861, 1, 0, 0
440200, 1088248, 1, 0, 0
440300, 1074195, 1, 0, 0
440400, 1120077, 1, 0, 0
440500, 1105631, 1, 0, 0
440600, 1057093, 1, 0, 0
440700, 1113955, 1, 0, 0
440800, 1039690, 1, 0, 0
440901, 1084273, 1, 0, 0
441000, 1054912, 1, 0, 0
441100, 1109026, 1, 0, 0
441200, 1073820, 1, 0, 0
441300, 1110744, 1, 0, 0
441400, 1084434, 1, 0, 0
441500, 1112758, 1, 0, 0
441600, 1081187, 1, 0, 0
441700, 1056354, 1, 0, 0
441800, 1068297, 1, 0, 0
441900, 1068899, 1, 0, 0
442000, 1112444, 1, 0, 0
442100, 1084240, 1, 0, 0
442200, 1077308, 1, 0, 0
442300, 1092012, 1, 0, 0
442400, 1088827, 1, 0, 0
442500, 1147133, 1, 0, 0
442600, 1045396, 1, 0, 0
442701, 1100331, 1, 0, 0
442800, 1122872, 1, 0, 0
442900, 1101192, 1, 0, 0
443000, 1073802, 1, 0, 0
443100, 1097666, 1, 0, 0
443200, 1102477, 1, 0, 0
443300, 1060430, 1, 0, 0
443400, 1077656, 1, 0, 0
443500, 1140046, 1, 0, 0
443600, 1123375, 1, 0, 0
443700, 1098407, 1, 0, 0
443801, 1153769, 1, 0, 0
443900, 1091846, 1, 0, 0
444001, 1113731, 1, 0, 0
444100, 1092340, 1, 0, 0
444200, 1067736, 1, 0, 0
444300, 1066041, 1, 0, 0
444400, 1141154, 1, 0, 0
444500, 1053548, 1, 0, 0
444600, 1068652, 1, 0, 0
444702, 1082279, 1, 0, 0
444801, 1077412, 1, 0, 0
444900, 1082935, 1, 0, 0
445000, 1126695, 1, 0, 0
445100, 1067753, 1, 0, 0
445200, 1076018, 1, 0, 0
445300, 1123982, 1, 0, 0
445400, 1091745, 1, 0, 0
445500, 1106305, 1, 0, 0
445600, 1109864, 1, 0, 0
445700, 1108643, 1, 0, 0
445800, 1111314, 1, 0, 0
445900, 1109012, 1, 0, 0
446000, 1107925, 1, 0, 0
446100, 1077914, 1, 0, 0
446200, 1108846, 1, 0, 0
446300, 1064320, 1, 0, 0
446400, 1038954, 1, 0, 0
446502, 1090021, 1, 0, 0
446600, 1063070, 1, 0, 0
446700, 1068287, 1, 0, 0
446802, 1105858, 1, 0, 0
446900, 1081910, 1, 0, 0
447000, 1105212, 1, 0, 0
447100, 1104819, 1, 0, 0
447201, 1099178, 1, 0, 0
447300, 1089145, 1, 0, 0
447400, 1110424, 1, 0, 0
447500, 1064267, 1, 0, 0
447601, 1086615, 1, 0, 0
447700, 1088641, 1, 0, 0
447800, 1153418, 1, 0, 0
447900, 1134606, 1, 0, 0
448000, 1163869, 1, 0, 0
448100, 1103388, 1, 0, 0
448201, 1065020, 1, 0, 0
448300, 1107182, 1, 0, 0
448400, 1070759, 1, 0, 0
448500, 1084692, 1, 0, 0
448600, 1053104, 1, 0, 0
448700, 1025203, 1, 0, 0
448800, 1119163, 1, 0, 0
448900, 1095567, 1, 0, 0
449000, 1114198, 1, 0, 0
449100, 1110380, 1, 0, 0
449200, 1110949, 1, 0, 0
449300, 1055179, 1, 0, 0
449400, 1125183, 1, 0, 0
449501, 1111931, 1, 0, 0
449600, 1052932, 1, 0, 0
449700, 1038602, 1, 0, 0
449800, 1143401, 1, 0, 0
449901, 1104208, 1, 0, 0
450000, 1063082, 1, 0, 0
450100, 1054099, 1, 0, 0
450200, 1042672, 1, 0, 0
450300, 1087983, 1, 0, 0
450400, 1109664, 1, 0, 0
450500, 1106415, 1, 0, 0
450600, 1044500, 1, 0, 0
450700, 1064282, 1, 0, 0
450800, 1068694, 1, 0, 0
450900, 1110271, 1, 0, 0
451000, 1094547, 1, 0, 0
451100, 1043574, 1, 0, 0
451200, 1093190, 1, 0, 0
451301, 1147258, 1, 0, 0
451400, 1024589, 1, 0, 0
451500, 1063608, 1, 0, 0
451601, 1077291, 1, 0, 0
451700, 1102093, 1, 0, 0
451800, 1091693, 1, 0, 0
451901, 1100250, 1, 0, 0
452000, 1098299, 1, 0, 0
452100, 1107487, 1, 0, 0
452200, 1150363, 1, 0, 0
452300, 1145959, 1, 0, 0
452401, 1099665, 1, 0, 0
452500, 1036429, 1, 0, 0
452600, 1082291, 1, 0, 0
452700, 1022175, 1, 0, 0
452800, 1097546, 1, 0, 0
452900, 1110956, 1, 0, 0
453001, 1142993, 1, 0, 0
453100, 1128645, 1, 0, 0
453200, 1050916, 1, 0, 0
453300, 1051720, 1, 0, 0
453400, 1086631, 1, 0, 0
453500, 1062113, 1, 0, 0
453600, 1084965, 1, 0, 0
453700, 1056054, 1, 0, 0
453800, 1050265, 1, 0, 0
453900, 1057767, 1, 0, 0
454000, 1065889, 1, 0, 0
454100, 1076364, 1, 0, 0
454200, 1162158, 1, 0, 0
454300, 1087979, 1, 0, 0
454400, 1050648, 1, 0, 0
454500, 1117566, 1, 0, 0
454600, 1069577, 1, 0, 0
454700, 1103757, 1, 0, 0
454800, 1147353, 1, 0, 0
454900, 1097121, 1, 0, 0
455000, 1054750, 1, 0, 0
455100, 1084079, 1, 0, 0
455200, 1071215, 1, 0, 0
455300, 1150055, 1, 0, 0
455400, 1042701, 1, 0, 0
455500, 1054518, 1, 0, 0
455600, 1046308, 1, 0, 0
455700, 1071234, 1, 0, 0
455800, 1060838, 1, 0, 0
455900, 1115930, 1, 0, 0
456000, 1063253, 1, 0, 0
456100, 1059758, 1, 0, 0
456200, 1050229, 1, 0, 0
456300, 1064933, 1, 0, 0
456400, 1034541, 1, 0, 0
456500, 1100840, 1, 0, 0
456601, 1100638, 1, 0, 0
456701, 1075852, 1, 0, 0
456800, 1053607, 1, 0, 0
456900, 1056259, 1, 0, 0
457000, 1100758, 1, 0, 0
457100, 1078090, 1, 0, 0
457200, 1089499, 1, 0, 0
457300, 1041649, 1, 0, 0
457400, 1090182, 1, 0, 0
457500, 1085902, 1, 0, 0
457600, 1115173, 1, 0, 0
457701, 1068641, 1, 0, 0
457800, 1100985, 1, 0, 0
457900, 1076301, 1, 0, 0
458000, 1102924, 1, 0, 0
458100, 1068518, 1, 0, 0
458200, 1075114, 1, 0, 0
458300, 1080124, 1, 0, 0
458400, 1116448, 1, 0, 0
458500, 1128039, 1, 0, 0
458600, 1144288, 1, 0, 0
458700, 1068810, 1, 0, 0
458800, 1120645, 1, 0, 0
458900, 1071834, 1, 0, 0
459000, 1102655, 1, 0, 0
459100, 1083634, 1, 0, 0
459200, 1107884, 1, 0, 0
459300, 1112153, 1, 0, 0
459400, 1094629, 1, 0, 0
459500, 1108203, 1, 0, 0
459600, 1036351, 1, 0, 0
459700, 1087130, 1, 0, 0
459801, 1092506, 1, 0, 0
459900, 1114498, 1, 0, 0
460001, 1106968, 1, 0, 0
460100, 1017807, 1, 0, 0
460200, 1075627, 1, 0, 0
460300, 1096327, 1, 0, 0
460400, 1091235, 1, 0, 0
460500, 1016817, 1, 0, 0
460600, 1069410, 1, 0, 0
460700, 1145265, 1, 0, 0
460800, 1073032, 1, 0, 0
460900, 1067736, 1, 0, 0
461001, 1104217, 1, 0, 0
461100, 1144113, 1, 0, 0
461200, 1084952, 1, 0, 0
461301, 1111107, 1, 0, 0
461400, 1143196, 1, 0, 0
461500, 1118636, 1, 0, 0
461600, 1085088, 1, 0, 0
461700, 1079337, 1, 0, 0
461800, 1090253, 1, 0, 0
461900, 1106987, 1, 0, 0
462001, 1114097, 1, 0, 0
462100, 1118493, 1, 0, 0
462202, 1102250, 1, 0, 0
462300, 1110977, 1, 0, 0
462400, 1133480, 1, 0, 0
462500, 1115224, 1, 0, 0
462601, 1109573, 1, 0, 0
462700, 1080007, 1, 0, 0
462801, 1136764, 1, 0, 0
462900, 1085263, 1, 0, 0
463000, 1065892, 1, 0, 0
463100, 1225609, 1, 0, 0
463200, 1098620, 1, 0, 0
463300, 1096321, 1, 0, 0
463400, 1103731, 1, 0, 0
463500, 1164333, 1, 0, 0
463600, 1033772, 1, 0, 0
463700, 1055005, 1, 0, 0
463800, 1099098, 1, 0, 0
463900, 1059954, 1, 0, 0
464000, 1084422, 1, 0, 0
464100, 1063746, 1, 0, 0
464200, 1088465, 1, 0, 0
464300, 1095036, 1, 0, 0
464400, 1084322, 1, 0, 0
464500, 1093231, 1, 0, 0
464600, 1075839, 1, 0, 0
464700, 1167605, 1, 0, 0
464800, 1080683, 1, 0, 0
464900, 1103409, 1, 0, 0
465000, 1035461, 1, 0, 0
465100, 1062345, 1, 0, 0
465200, 1073387, 1, 0, 0
465300, 1127290, 1, 0, 0
465400, 1102459, 1, 0, 0
465500, 1078523, 1, 0, 0
465600, 1041555, 1, 0, 0
465700, 1030725, 1, 0, 0
465800, 1079344, 1, 0, 0
465901, 1065390, 1, 0, 0
466000, 1062462, 1, 0, 0
466100, 1065984, 1, 0, 0
466201, 1031937, 1, 0, 0
466300, 1039415, 1, 0, 0
466400, 1116005, 1, 0, 0
466500, 1077971, 1, 0, 0
466600, 1021924, 1, 0, 0
466700, 1096491, 1, 0, 0
466800, 1086821, 1, 0, 0
466900, 1089741, 1, 0, 0
467000, 1060636, 1, 0, 0
467100, 1090563, 1, 0, 0
467200, 1055316, 1, 0, 0
467300, 1040329, 1, 0, 0
467400, 1033811, 1, 0, 0
467500, 1103929, 1, 0, 0
467600, 1132553, 1, 0, 0
467700, 1103862, 1, 0, 0
467800, 1079531, 1, 0, 0
467901, 1056578, 1, 0, 0
468000, 1109057, 1, 0, 0
468100, 1063148, 1, 0, 0
468200, 1075252, 1, 0, 0
468300, 1031616, 1, 0, 0
468400, 1069570, 1, 0, 0
468500, 1072270, 1, 0, 0
468600, 1072344, 1, 0, 0
468700, 1032629, 1, 0, 0
468800, 1138172, 1, 0, 0
468900, 1038176, 1, 0, 0
469000, 1190760, 1, 0, 0
469100, 1134437, 1, 0, 0
469201, 1081096, 1, 0, 0
469300, 1047233, 1, 0, 0
469400, 1108608, 1, 0, 0
469500, 1074760, 1, 0, 0
469600, 1042550, 1, 0, 0
469700, 1044601, 1, 0, 0
469800, 1029322, 1, 0, 0
469900, 1103490, 1, 0, 0
470000, 1063709, 1, 0, 0
470100, 1074876, 1, 0, 0
470200, 1115320, 1, 0, 0
470300, 1066361, 1, 0, 0
470400, 1081337, 1, 0, 0
470500, 1068448, 1, 0, 0
470600, 1114306, 1, 0, 0
470700, 1093061, 1, 0, 0
470800, 1059098, 1, 0, 0
470900, 1101788, 1, 0, 0
471001, 1054515, 1, 0, 0
471100, 1058654, 1, 0, 0
471201, 1136641, 1, 0, 0
471300, 1076044, 1, 0, 0
471400, 1207158, 1, 0, 0
471500, 1082513, 1, 0, 0
471600, 1069015, 1, 0, 0
471700, 1122686, 1, 0, 0
471800, 1058530, 1, 0, 0
471900, 1075605, 1, 0, 0
472002, 1079788, 1, 0, 0
472100, 1089734, 1, 0, 0
472200, 1126398, 1, 0, 0
472300, 1143366, 1, 0, 0
472400, 1084716, 1, 0, 0
472500, 1145682, 1, 0, 0
472600, 1111863, 1, 0, 0
472700, 1044438, 1, 0, 0
472800, 1074740, 1, 0, 0
472900, 1082577, 1, 0, 0
473000, 1139525, 1, 0, 0
473100, 1064871, 1, 0, 0
473200, 1100457, 1, 0, 0
473300, 1034234, 1, 0, 0
473400, 1058758, 1, 0, 0
473500, 1052338, 1, 0, 0
473600, 1076813, 1, 0, 0
473700, 1088396, 1, 0, 0
473800, 1094444, 1, 0, 0
473900, 1074574, 1, 0, 0
474000, 1121421, 1, 0, 0
474100, 1141315, 1, 0, 0
474200, 1155722, 1, 0, 0
474301, 1095624, 1, 0, 0
474400, 1097113, 1, 0, 0
474500, 1086734, 1, 0, 0
474600, 1136471, 1, 0, 0
474700, 1052546, 1, 0, 0
474800, 1108243, 1, 0, 0
474900, 1083425, 1, 0, 0
475000, 1063066, 1, 0, 0
475100, 1106960, 1, 0, 0
475200, 1043082, 1, 0, 0
475300, 1080889, 1, 0, 0
475400, 1133156, 1, 0, 0
475500, 1114602, 1, 0, 0
475600, 1136253, 1, 0, 0
475700, 1105596, 1, 0, 0
475801, 1096683, 1, 0, 0
475900, 1051385, 1, 0, 0
476000, 1113234, 1, 0, 0
476100, 1074410, 1, 0, 0
476200, 1103287, 1, 0, 0
476300, 1084877, 1, 0, 0
476401, 1078583, 1, 0, 0
476500, 1181100, 1, 0, 0
476600, 1107206, 1, 0, 0
476700, 1058372, 1, 0, 0
476800, 1058194, 1, 0, 0
476900, 1161100, 1, 0, 0
477000, 1107797, 1, 0, 0
477100, 1057117, 1, 0, 0
477200, 1096761, 1, 0, 0
477300, 1163923, 1, 0, 0
477400, 1132366, 1, 0, 0
477500, 1097554, 1, 0, 0
477601, 1125187, 1, 0, 0
477700, 1074459, 1, 0, 0
477800, 1113489, 1, 0, 0
477900, 1107469, 1, 0, 0
478000, 1185400, 1, 0, 0
478100, 1084058, 1, 0, 0
478200, 1132001, 1, 0, 0
478300, 1048126, 1, 0, 0
478400, 1124141, 1, 0, 0
478500, 1050729, 1, 0, 0
478600, 1118584, 1, 0, 0
478700, 1078909, 1, 0, 0
478801, 1111430, 1, 0, 0
478900, 1062307, 1, 0, 0
479000, 1117581, 1, 0, 0
479100, 1127626, 1, 0, 0
479200, 1124254, 1, 0, 0
479300, 1075974, 1, 0, 0
479400, 1114833, 1, 0, 0
479500, 1078679, 1, 0, 0
479600, 1083433, 1, 0, 0
479700, 1147727, 1, 0, 0
479800, 1059857, 1, 0, 0
479900, 1040527, 1, 0, 0
480000, 1093829, 1, 0, 0
480100, 1059737, 1, 0, 0
480200, 1074851, 1, 0, 0
480301, 1043262, 1, 0, 0
480400, 1160938, 1, 0, 0
480500, 1072849, 1, 0, 0
480601, 1071792, 1, 0, 0
480700, 1088822, 1, 0, 0
480800, 1022249, 1, 0, 0
480900, 1088719, 1, 0, 0
481001, 1030135, 1, 0, 0
481100, 1088895, 1, 0, 0
481200, 1066569, 1, 0, 0
481300, 1093483, 1, 0, 0
481400, 1106784, 1, 0, 0
481500, 1067809, 1, 0, 0
481600, 1078768, 1, 0, 0
481700, 1076573, 1, 0, 0
481801, 1071526, 1, 0, 0
481900, 1119061, 1, 0, 0
482000, 1090114, 1, 0, 0
482100, 1180399, 1, 0, 0
482200, 1094211, 1, 0, 0
482300, 1126550, 1, 0, 0
482400, 1062641, 1, 0, 0
482500, 1085212, 1, 0, 0
482600, 1086875, 1, 0, 0
482700, 1093138, 1, 0, 0
482800, 1077705, 1, 0, 0
482900, 1060755, 1, 0, 0
483001, 1101661, 1, 0, 0
483100, 1147306, 1, 0, 0
483200, 1074526, 1, 0, 0
483300, 1076338, 1, 0, 0
483400, 1079768, 1, 0, 0
483500, 1078255, 1, 0, 0
483600, 1091949, 1, 0, 0
483701, 1134416, 1, 0, 0
483800, 1041605, 1, 0, 0
483900, 1116554, 1, 0, 0
484000, 1088559, 1, 0, 0
484100, 1079671, 1, 0, 0
484200, 1083954, 1, 0, 0
484300, 1104276, 1, 0, 0
484400, 1094192, 1, 0, 0
484500, 1079715, 1, 0, 0
484600, 1150860, 1, 0, 0
484700, 1100406, 1, 0, 0
484801, 1121988, 1, 0, 0
484900, 1118677, 1, 0, 0
485000, 1119012, 1, 0, 0
485100, 1111826, 1, 0, 0
485200, 1116135, 1, 0, 0
485300, 1084399, 1, 0, 0
485400, 1063033, 1, 0, 0
485500, 1129686, 1, 0, 0
485600, 1120690, 1, 0, 0
485701, 1071397, 1, 0, 0
485800, 1117437, 1, 0, 0
485900, 1212408, 1, 0, 0
486000, 1112100, 1, 0, 0
486100, 1106434, 1, 0, 0
486200, 1057412, 1, 0, 0
486300, 1090880, 1, 0, 0
486401, 1138652, 1, 0, 0
486500, 1088447, 1, 0, 0
486600, 1074618, 1, 0, 0
486700, 1141106, 1, 0, 0
486800, 1080575, 1, 0, 0
486900, 1126385, 1, 0, 0
487000, 1076119, 1, 0, 0
487100, 1127768, 1, 0, 0
487200, 1078302, 1, 0, 0
487300, 1115318, 1, 0, 0
487401, 1106731, 1, 0, 0
487500, 1137206, 1, 0, 0
487600, 1108872, 1, 0, 0
487701, 1198137, 1, 0, 0
487800, 1114398, 1, 0, 0
487901, 1122963, 1, 0, 0
488000, 1021134, 1, 0, 0
488100, 1089882, 1, 0, 0
488200, 1134284, 1, 0, 0
488301, 1099754, 1, 0, 0
488400, 1091730, 1, 0, 0
488500, 1076155, 1, 0, 0
488600, 1056494, 1, 0, 0
488700, 1128859, 1, 0, 0
488800, 1115855, 1, 0, 0
488900, 1089516, 1, 0, 0
489001, 1059631, 1, 0, 0
489100, 1070268, 1, 0, 0
489200, 1092908, 1, 0, 0
489300, 1085919, 1, 0, 0
489400, 1130945, 1, 0, 0
489500, 1069871, 1, 0, 0
489600, 1115909, 1, 0, 0
489700, 1103726, 1, 0, 0
489800, 1067162, 1, 0, 0
489900, 1057272, 1, 0, 0
490000, 1083661, 1, 0, 0
490101, 1055663, 1, 0, 0
490200, 1074681, 1, 0, 0
490301, 1070632, 1, 0, 0
490400, 1053615, 1, 0, 0
490500, 1122116, 1, 0, 0
490600, 1076149, 1, 0, 0
490700, 1092631, 1, 0, 0
490800, 1102117, 1, 0, 0
490900, 1027889, 1, 0, 0
491000, 1100631, 1, 0, 0
491100, 1038991, 1, 0, 0
491200, 1089908, 1, 0, 0
491300, 1092796, 1, 0, 0
491400, 1059597, 1, 0, 0
491500, 1104486, 1, 0, 0
491600, 1143395, 1, 0, 0
491700, 1115867, 1, 0, 0
491800, 1086475, 1, 0, 0
491900, 1123954, 1, 0, 0
492000, 1116333, 1, 0, 0
492100, 1076232, 1, 0, 0
492200, 1109086, 1, 0, 0
492300, 1061335, 1, 0, 0
492400, 1109203, 1, 0, 0
492500, 1050940, 1, 0, 0
492600, 1142413, 1, 0, 0
492701, 1095624, 1, 0, 0
492800, 1073010, 1, 0, 0
492900, 1102537, 1, 0, 0
493001, 1111208, 1, 0, 0
493100, 1091873, 1, 0, 0
493200, 1027767, 1, 0, 0
493300, 1092848, 1, 0, 0
493400, 1082296, 1, 0, 0
493500, 1083716, 1, 0, 0
493601, 1083370, 1, 0, 0
493700, 1090691, 1, 0, 0
493800, 1060533, 1, 0, 0
493900, 1082464, 1, 0, 0
494000, 1065233, 1, 0, 0
494100, 1035318, 1, 0, 0
494200, 1136375, 1, 0, 0
494300, 1075937, 1, 0, 0
494400, 1158747, 1, 0, 0
494500, 1074002, 1, 0, 0
494600, 1085487, 1, 0, 0
494700, 1125261, 1, 0, 0
494800, 1111108, 1, 0, 0
494900, 1173739, 1, 0, 0
495000, 1163165, 1, 0, 0
495100, 1131882, 1, 0, 0
495200, 1085273, 1, 0, 0
495300, 1070456, 1, 0, 0
495400, 1106213, 1, 0, 0
495500, 1106411, 1, 0, 0
495600, 1094630, 1, 0, 0
495700, 1105654, 1, 0, 0
495800, 1098040, 1, 0, 0
495900, 1181351, 1, 0, 0
496001, 1129475, 1, 0, 0
496100, 1088819, 1, 0, 0
496201, 1086477, 1, 0, 0
496300, 1085855, 1, 0, 0
496400, 1105551, 1, 0, 0
496500, 1075225, 1, 0, 0
496600, 1110013, 1, 0, 0
496700, 1112741, 1, 0, 0
496800, 1065569, 1, 0, 0
496900, 1070778, 1, 0, 0
497000, 1070199, 1, 0, 0
497100, 1098242, 1, 0, 0
497200, 1067219, 1, 0, 0
497300, 1082761, 1, 0, 0
497400, 1071872, 1, 0, 0
497500, 1075352, 1, 0, 0
497600, 1117117, 1, 0, 0
497700, 1073333, 1, 0, 0
497800, 1138628, 1, 0, 0
497900, 1154206, 1, 0, 0
498000, 1098401, 1, 0, 0
498100, 1091620, 1, 0, 0
498200, 1086651, 1, 0, 0
498300, 1089872, 1, 0, 0
498400, 1091108, 1, 0, 0
498500, 1094361, 1, 0, 0
498600, 1089523, 1, 0, 0
498700, 1077706, 1, 0, 0
498800, 1074619, 1, 0, 0
498900, 1073562, 1, 0, 0
499000, 1052029, 1, 0, 0
499100, 1118656, 1, 0, 0
499200, 1064983, 1, 0, 0
499300, 1068018, 1, 0, 0
499400, 1222723, 1, 0, 0
499500, 1086484, 1, 0, 0
499600, 1076345, 1, 0, 0
499700, 1200744, 1, 0, 0
499800, 1126347, 1, 0, 0
499900, 1134594, 1, 0, 0
500000, 1103935, 1, 0, 0
500100, 1119277, 1, 0, 0
500200, 1092403, 1, 0, 0
500300, 1090784, 1, 0, 0
500400, 1058736, 1, 0, 0
500500, 1085442, 1, 0, 0
500600, 1101091, 1, 0, 0
500700, 1090678, 1, 0, 0
500800, 1104728, 1, 0, 0
500900, 1080047, 1, 0, 0
501000, 1104649, 1, 0, 0
501101, 1122488, 1, 0, 0
501200, 1115600, 1, 0, 0
501300, 1053316, 1, 0, 0
501400, 1096519, 1, 0, 0
501500, 1165994, 1, 0, 0
501601, 1089098, 1, 0, 0
501702, 1123271, 1, 0, 0
501800, 1137919, 1, 0, 0
501900, 1093434, 1, 0, 0
502000, 1119766, 1, 0, 0
502100, 1101483, 1, 0, 0
502200, 1144611, 1, 0, 0
502300, 1124313, 1, 0, 0
502400, 1084407, 1, 0, 0
502500, 1125819, 1, 0, 0
502600, 1060234, 1, 0, 0
502700, 1112727, 1, 0, 0
502800, 1111689, 1, 0, 0
502902, 1146157, 1, 0, 0
503000, 1101527, 1, 0, 0
503100, 1122223, 1, 0, 0
503200, 1084129, 1, 0, 0
503300, 1077750, 1, 0, 0
503400, 1062064, 1, 0, 0
503500, 1132441, 1, 0, 0
503600, 1069459, 1, 0, 0
503700, 1088278, 1, 0, 0
503800, 1045935, 1, 0, 0
503900, 1082464, 1, 0, 0
504000, 1097579, 1, 0, 0
504100, 1072488, 1, 0, 0
504200, 1056922, 1, 0, 0
504300, 1070200, 1, 0, 0
504400, 1154388, 1, 0, 0
504500, 1048519, 1, 0, 0
504600, 1105407, 1, 0, 0
504700, 1075027, 1, 0, 0
504800, 1043080, 1, 0, 0
504900, 1054453, 1, 0, 0
505000, 1104544, 1, 0, 0
505100, 1088298, 1, 0, 0
505200, 1054932, 1, 0, 0
505300, 1066880, 1, 0, 0
505400, 1138993, 1, 0, 0
505500, 1140182, 1, 0, 0
505600, 1062389, 1, 0, 0
505700, 1075053, 1, 0, 0
505801, 1074270, 1, 0, 0
505900, 1069695, 1, 0, 0
506000, 1081161, 1, 0, 0
506100, 1046293, 1, 0, 0
506201, 1071174, 1, 0, 0
506300, 1105455, 1, 0, 0
506400, 1084203, 1, 0, 0
506500, 1013068, 1, 0, 0
506600, 1139073, 1, 0, 0
506701, 1106051, 1, 0, 0
506800, 1143469, 1, 0, 0
506900, 1091081, 1, 0, 0
507000, 1105771, 1, 0, 0
507100, 1012928, 1, 0, 0
507200, 1119937, 1, 0, 0
507300, 1154245, 1, 0, 0
507400, 1102774, 1, 0, 0
507500, 1069164, 1, 0, 0
507601, 1088019, 1, 0, 0
507700, 1109414, 1, 0, 0
507800, 1119129, 1, 0, 0
507900, 1126744, 1, 0, 0
508000, 1062257, 1, 0, 0
508100, 1038119, 1, 0, 0
508200, 1063317, 1, 0, 0
508300, 1100709, 1, 0, 0
508400, 1114244, 1, 0, 0
508500, 1084282, 1, 0, 0
508600, 1111701, 1, 0, 0
508700, 1059334, 1, 0, 0
508800, 1062171, 1, 0, 0
508900, 1126470, 1, 0, 0
509000, 1095344, 1, 0, 0
509100, 1124309, 1, 0, 0
509200, 1031976, 1, 0, 0
509300, 1089911, 1, 0, 0
509400, 1065958, 1, 0, 0
509500, 1105799, 1, 0, 0
509600, 1111140, 1, 0, 0
509700, 1094059, 1, 0, 0
509800, 1066873, 1, 0, 0
509900, 1059687, 1, 0, 0
510001, 1091789, 1, 0, 0
510100, 1152497, 1, 0, 0
510200, 1082611, 1, 0, 0
510301, 1100691, 1, 0, 0
510400, 1119024, 1, 0, 0
510500, 1083362, 1, 0, 0
510600, 1118295, 1, 0, 0
510700, 1089717, 1, 0, 0
510800, 1069797, 1, 0, 0
510900, 1104977, 1, 0, 0
511000, 1081883, 1, 0, 0
511101, 1136541, 1, 0, 0
511200, 1070248, 1, 0, 0
511300, 1135057, 1, 0, 0
511400, 1070823, 1, 0, 0
511500, 1072374, 1, 0, 0
511600, 1087076, 1, 0, 0
511700, 1143623, 1, 0, 0
511800, 1085578, 1, 0, 0
511900, 1101685, 1, 0, 0
512000, 1255710, 1, 0, 0
512100, 1164100, 1, 0, 0
512200, 1082577, 1, 0, 0
512300, 1094299, 1, 0, 0
512402, 1134565, 1, 0, 0
512500, 1117054, 1, 0, 0
512601, 1064458, 1, 0, 0
512700, 1079858, 1, 0, 0
512800, 1112173, 1, 0, 0
512900, 1130225, 1, 0, 0
513000, 1060499, 1, 0, 0
513101, 1107300, 1, 0, 0
513200, 1079662, 1, 0, 0
513300, 1070358, 1, 0, 0
513400, 1118779, 1, 0, 0
513500, 1048946, 1, 0, 0
513600, 1120961, 1, 0, 0
513700, 1095766, 1, 0, 0
513800, 1041870, 1, 0, 0
513901, 1087781, 1, 0, 0
514000, 1099500, 1, 0, 0
514100, 1141522, 1, 0, 0
514201, 1118156, 1, 0, 0
514302, 1085315, 1, 0, 0
514400, 1086837, 1, 0, 0
514501, 1157527, 1, 0, 0
514600, 1127107, 1, 0, 0
514700, 1070566, 1, 0, 0
514800, 1113297, 1, 0, 0
514900, 1103824, 1, 0, 0
515004, 1176910, 1, 0, 0
515100, 1054642, 1, 0, 0
515200, 1128625, 1, 0, 0
515301, 1102202, 1, 0, 0
515400, 1096067, 1, 0, 0
515500, 1076680, 1, 0, 0
515600, 1132405, 1, 0, 0
515700, 1159885, 1, 0, 0
515800, 1102625, 1, 0, 0
515900, 1144765, 1, 0, 0
516000, 1098795, 1, 0, 0
516100, 1140492, 1, 0, 0
516200, 1080456, 1, 0, 0
516300, 1111075, 1, 0, 0
516400, 1046912, 1, 0, 0
516500, 1088304, 1, 0, 0
516600, 1080754, 1, 0, 0
516701, 1127487, 1, 0, 0
516800, 1106663, 1, 0, 0
516900, 1079735, 1, 0, 0
517000, 1129689, 1, 0, 0
517100, 1108920, 1, 0, 0
517200, 1030530, 1, 0, 0
517300, 1107956, 1, 0, 0
517400, 1109049, 1, 0, 0
517500, 1117523, 1, 0, 0
517601, 1095170, 1, 0, 0
517701, 1084374, 1, 0, 0
517800, 1118920, 1, 0, 0
517900, 1048829, 1, 0, 0
518000, 1096823, 1, 0, 0
518100, 1083061, 1, 0, 0
518201, 1164542, 1, 0, 0
518300, 1103902, 1, 0, 0
518400, 1099422, 1, 0, 0
518500, 1098532, 1, 0, 0
518601, 1083425, 1, 0, 0
518701, 1107987, 1, 0, 0
518801, 1073430, 1, 0, 0
518900, 1047581, 1, 0, 0
519001, 1115695, 1, 0, 0
519100, 1102080, 1, 0, 0
519200, 1082280, 1, 0, 0
519300, 1046776, 1, 0, 0
519400, 1146891, 1, 0, 0
519500, 1149628, 1, 0, 0
519600, 1119703, 1, 0, 0
519700, 1076884, 1, 0, 0
519800, 1181728, 1, 0, 0
519900, 1078630, 1, 0, 0
520000, 1083535, 1, 0, 0
520100, 1108098, 1, 0, 0
520200, 1104311, 1, 0, 0
520300, 1125642, 1, 0, 0
520400, 1066731, 1, 0, 0
520500, 1096609, 1, 0, 0
520600, 1117512, 1, 0, 0
520700, 1093484, 1, 0, 0
520800, 1160749, 1, 0, 0
520900, 1052018, 1, 0, 0
521000, 1136571, 1, 0, 0
521100, 1077257, 1, 0, 0
521200, 1104528, 1, 0, 0
521300, 1073150, 1, 0, 0
521400, 1193108, 1, 0, 0
521500, 1066333, 1, 0, 0
521600, 1122930, 1, 0, 0
521700, 1060942, 1, 0, 0
521800, 1143802, 1, 0, 0
521900, 1037576, 1, 0, 0
522000, 1080463, 1, 0, 0
522100, 1076650, 1, 0, 0
522200, 1068290, 1, 0, 0
522300, 1061741, 1, 0, 0
522400, 1148255, 1, 0, 0
522500, 1079087, 1, 0, 0
522600, 1059806, 1, 0, 0
522700, 1093731, 1, 0, 0
522800, 1127604, 1, 0, 0
522901, 1151514, 1, 0, 0
523000, 1097413, 1, 0, 0
523100, 1075096, 1, 0, 0
523200, 1090674, 1, 0, 0
523301, 1266826, 1, 0, 0
523400, 1088423, 1, 0, 0
523500, 1084440, 1, 0, 0
523600, 1159822, 1, 0, 0
523700, 1122589, 1, 0, 0
523800, 1108383, 1, 0, 0
523900, 1090267, 1, 0, 0
524000, 1121740, 1, 0, 0
524100, 1159416, 1, 0, 0
524200, 1078538, 1, 0, 0
524300, 1114335, 1, 0, 0
524400, 1063011, 1, 0, 0
524500, 1138649, 1, 0, 0
524600, 1085681, 1, 0, 0
524700, 1088766, 1, 0, 0
524800, 1113848, 1, 0, 0
524900, 1107332, 1, 0, 0
525001, 1196034, 1, 0, 0
525100, 1148560, 1, 0, 0
525200, 1099233, 1, 0, 0
525300, 1146010, 1, 0, 0
525401, 1081331, 1, 0, 0
525500, 1100813, 1, 0, 0
525600, 1083121, 1, 0, 0
525701, 1095580, 1, 0, 0
525800, 1109355, 1, 0, 0
525901, 1155934, 1, 0, 0
526000, 1081653, 1, 0, 0
526100, 1074736, 1, 0, 0
526200, 1106404, 1, 0, 0
526300, 1064985, 1, 0, 0
526400, 1093306, 1, 0, 0
526502, 1094369, 1, 0, 0
526600, 1076599, 1, 0, 0
526700, 1104873, 1, 0, 0
526800, 1116519, 1, 0, 0
526900, 1132214, 1, 0, 0
527000, 1089737, 1, 0, 0
527100, 1106232, 1, 0, 0
527201, 1045525, 1, 0, 0
527300, 1084871, 1, 0, 0
527400, 1113897, 1, 0, 0
527500, 1093528, 1, 0, 0
527600, 1078888, 1, 0, 0
527700, 1065775, 1, 0, 0
527800, 1063742, 1, 0, 0
527900, 1048293, 1, 0, 0
528000, 1136122, 1, 0, 0
528100, 1048775, 1, 0, 0
528200, 1037782, 1, 0, 0
528300, 1161669, 1, 0, 0
528400, 1109815, 1, 0, 0
528500, 1145057, 1, 0, 0
528600, 1083836, 1, 0, 0
528701, 1104809, 1, 0, 0
528800, 1088979, 1, 0, 0
528900, 1079611, 1, 0, 0
529000, 1086120, 1, 0, 0
529100, 1063183, 1, 0, 0
529201, 1128607, 1, 0, 0
529300, 1095032, 1, 0, 0
529400, 1105865, 1, 0, 0
529501, 1100277, 1, 0, 0
529600, 1110507, 1, 0, 0
529700, 1085478, 1, 0, 0
529800, 1103661, 1, 0, 0
529900, 1092213, 1, 0, 0
530000, 1122567, 1, 0, 0
530100, 1072345, 1, 0, 0
530200, 1064147, 1, 0, 0
530300, 1064244, 1, 0, 0
530401, 1094831, 1, 0, 0
530500, 1121567, 1, 0, 0
530600, 1209921, 1, 0, 0
530700, 1072686, 1, 0, 0
530800, 1156891, 1, 0, 0
530900, 1098139, 1, 0, 0
531000, 1106797, 1, 0, 0
531101, 1129005, 1, 0, 0
531200, 1104044, 1, 0, 0
531300, 1097992, 1, 0, 0
531400, 1056316, 1, 0, 0
531500, 1097719, 1, 0, 0
531600, 1098626, 1, 0, 0
531700, 1126621, 1, 0, 0
531800, 1091567, 1, 0, 0
531900, 1077045, 1, 0, 0
532000, 1086498, 1, 0, 0
532100, 1076983, 1, 0, 0
532200, 1066479, 1, 0, 0
532300, 1139484, 1, 0, 0
532400, 1093789, 1, 0, 0
532500, 1147179, 1, 0, 0
532600, 1092002, 1, 0, 0
532700, 1141336, 1, 0, 0
532801, 1114829, 1, 0, 0
532900, 1068027, 1, 0, 0
533000, 1093053, 1, 0, 0
533100, 1097472, 1, 0, 0
533200, 1065100, 1, 0, 0
533300, 1033614, 1, 0, 0
533400, 1119394, 1, 0, 0
533500, 1146663, 1, 0, 0
533600, 1079633, 1, 0, 0
533700, 1068429, 1, 0, 0
533801, 1077588, 1, 0, 0
533901, 1147173, 1, 0, 0
534001, 1103170, 1, 0, 0
534100, 1095190, 1, 0, 0
534201, 1128116, 1, 0, 0
534300, 1117802, 1, 0, 0
534400, 1201426, 1, 0, 0
534500, 1046852, 1, 0, 0
534600, 1120531, 1, 0, 0
534700, 1131847, 1, 0, 0
534800, 1087510, 1, 0, 0
534900, 1125498, 1, 0, 0
535000, 1111093, 1, 0, 0
535100, 1100561, 1, 0, 0
535200, 1144579, 1, 0, 0
535300, 1066833, 1, 0, 0
535400, 1118512, 1, 0, 0
535500, 1128898, 1, 0, 0
535600, 1110895, 1, 0, 0
535700, 1072673, 1, 0, 0
535800, 1065742, 1, 0, 0
535900, 1077914, 1, 0, 0
536000, 1099331, 1, 0, 0
536100, 1130770, 1, 0, 0
536200, 1065702, 1, 0, 0
536301, 1090924, 1, 0, 0
536400, 1063313, 1, 0, 0
536501, 1070899, 1, 0, 0
536600, 1048879, 1, 0, 0
536700, 1164555, 1, 0, 0
536800, 1049987, 1, 0, 0
536900, 1115784, 1, 0, 0
537000, 1115470, 1, 0, 0
537100, 1093817, 1, 0, 0
537200, 1081213, 1, 0, 0
537300, 1085777, 1, 0, 0
537400, 1111985, 1, 0, 0
537500, 1131956, 1, 0, 0
537600, 1092962, 1, 0, 0
537700, 1066958, 1, 0, 0
537800, 1094343, 1, 0, 0
537900, 1075976, 1, 0, 0
538000, 1172999, 1, 0, 0
538100, 1142312, 1, 0, 0
538200, 1147804, 1, 0, 0
538300, 1134532, 1, 0, 0
538400, 1093626, 1, 0, 0
538500, 1094593, 1, 0, 0
538600, 1115017, 1, 0, 0
538701, 1090084, 1, 0, 0
538801, 1085995, 1, 0, 0
538900, 1064943, 1, 0, 0
539000, 1106518, 1, 0, 0
539101, 1130465, 1, 0, 0
539201, 1128975, 1, 0, 0
539300, 1125304, 1, 0, 0
539400, 1090490, 1, 0, 0
539500, 1079768, 1, 0, 0
539600, 1150954, 1, 0, 0
539700, 1063419, 1, 0, 0
539800, 1113728, 1, 0, 0
539900, 1089838, 1, 0, 0
540000, 1104101, 1, 0, 0
540100, 1141739, 1, 0, 0
540200, 1095092, 1, 0, 0
540300, 1126586, 1, 0, 0
540400, 1067986, 1, 0, 0
540500, 1133061, 1, 0, 0
540600, 1101821, 1, 0, 0
540700, 1125462, 1, 0, 0
540801, 1113394, 1, 0, 0
540900, 1103169, 1, 0, 0
541000, 1098383, 1, 0, 0
541100, 1119976, 1, 0, 0
541200, 1133088, 1, 0, 0
541300, 1155901, 1, 0, 0
541401, 1057399, 1, 0, 0
541500, 1130026, 1, 0, 0
541600, 1108915, 1, 0, 0
541700, 1127039, 1, 0, 0
541800, 1083971, 1, 0, 0
541900, 1104934, 1, 0, 0
542000, 1078703, 1, 0, 0
542100, 1083451, 1, 0, 0
542200, 1065502, 1, 0, 0
542300, 1095419, 1, 0, 0
542400, 1124624, 1, 0, 0
542500, 1122376, 1, 0, 0
542600, 1103299, 1, 0, 0
542700, 1068182, 1, 0, 0
542801, 1085887, 1, 0, 0
542900, 1121913, 1, 0, 0
543000, 1090641, 1, 0, 0
543100, 1120030, 1, 0, 0
543200, 1118902, 1, 0, 0
543301, 1164677, 1, 0, 0
543400, 1079244, 1, 0, 0
543500, 1094828, 1, 0, 0
543600, 1100254, 1, 0, 0
543700, 1169100, 1, 0, 0
543800, 1095662, 1, 0, 0
543900, 1033227, 1, 0, 0
544000, 1059320, 1, 0, 0
544100, 1143738, 1, 0, 0
544200, 1123940, 1, 0, 0
544300, 1084219, 1, 0, 0
544400, 1116027, 1, 0, 0
544500, 1104595, 1, 0, 0
544600, 1132420, 1, 0, 0
544700, 1102215, 1, 0, 0
544801, 1170182, 1, 0, 0
544900, 1092847, 1, 0, 0
545000, 1062598, 1, 0, 0
545100, 1051714, 1, 0, 0
545200, 1091970, 1, 0, 0
545301, 1076279, 1, 0, 0
545400, 1112360, 1, 0, 0
545500, 1094283, 1, 0, 0
545600, 1101872, 1, 0, 0
545700, 1167824, 1, 0, 0
545800, 1182680, 1, 0, 0
545900, 1056159, 1, 0, 0
546000, 1123945, 1, 0, 0
546100, 1056668, 1, 0, 0
546200, 1080718, 1, 0, 0
546300, 1120729, 1, 0, 0
546400, 1118861, 1, 0, 0
546500, 1142238, 1, 0, 0
546600, 1165391, 1, 0, 0
546700, 1093626, 1, 0, 0
546800, 1102465, 1, 0, 0
546900, 1114223, 1, 0, 0
547000, 1078060, 1, 0, 0
547100, 1109747, 1, 0, 0
547200, 1173588, 1, 0, 0
547300, 1095728, 1, 0, 0
547400, 1126520, 1, 0, 0
547500, 1132487, 1, 0, 0
547600, 1132507, 1, 0, 0
547700, 1093487, 1, 0, 0
547800, 1115708, 1, 0, 0
547900, 1135464, 1, 0, 0
548000, 1065529, 1, 0, 0
548100, 1135252, 1, 0, 0
548200, 1080079, 1, 0, 0
548300, 1059791, 1, 0, 0
548400, 1118308, 1, 0, 0
548500, 1123608, 1, 0, 0
548600, 1083073, 1, 0, 0
548700, 1077675, 1, 0, 0
548800, 1117625, 1, 0, 0
548900, 1157756, 1, 0, 0
549001, 1087483, 1, 0, 0
549100, 1152266, 1, 0, 0
549201, 1072828, 1, 0, 0
549300, 1176346, 1, 0, 0
549400, 1080663, 1, 0, 0
549500, 1084031, 1, 0, 0
549600, 1100751, 1, 0, 0
549700, 1126099, 1, 0, 0
549800, 1056273, 1, 0, 0
549900, 1068241, 1, 0, 0
550000, 1163257, 1, 0, 0
550100, 1066116, 1, 0, 0
550200, 1078848, 1, 0, 0
550300, 1067322, 1, 0, 0
550401, 1097958, 1, 0, 0
550500, 1089862, 1, 0, 0
550600, 1075941, 1, 0, 0
550700, 1074530, 1, 0, 0
550800, 1055164, 1, 0, 0
550900, 1084851, 1, 0, 0
551000, 1096306, 1, 0, 0
551100, 1055690, 1, 0, 0
551200, 1059186, 1, 0, 0
551300, 1107898, 1, 0, 0
551400, 1088915, 1, 0, 0
551500, 1075592, 1, 0, 0
551600, 1127813, 1, 0, 0
551701, 1174626, 1, 0, 0
551801, 1175246, 1, 0, 0
551900, 1126375, 1, 0, 0
552000, 1139518, 1, 0, 0
552100, 1063218, 1, 0, 0
552200, 1183020, 1, 0, 0
552301, 1055254, 1, 0, 0
552400, 1087606, 1, 0, 0
552500, 1050063, 1, 0, 0
552600, 1079703, 1, 0, 0
552700, 1132382, 1, 0, 0
552800, 1048008, 1, 0, 0
552900, 1060291, 1, 0, 0
553000, 1134119, 1, 0, 0
553100, 1211188, 1, 0, 0
553200, 1186083, 1, 0, 0
553300, 1082647, 1, 0, 0
553401, 1071609, 1, 0, 0
553500, 1133323, 1, 0, 0
553600, 1079704, 1, 0, 0
553700, 1245920, 1, 0, 0
553800, 1095609, 1, 0, 0
553900, 1145841, 1, 0, 0
554000, 1151119, 1, 0, 0
554100, 1041133, 1, 0, 0
554200, 1131075, 1, 0, 0
554300, 1096621, 1, 0, 0
554400, 1078254, 1, 0, 0
554500, 1136248, 1, 0, 0
554600, 1098625, 1, 0, 0
554700, 1104086, 1, 0, 0
554800, 1110940, 1, 0, 0
554900, 1105764, 1, 0, 0
555000, 1147722, 1, 0, 0
555101, 1105535, 1, 0, 0
555200, 1195344, 1, 0, 0
555300, 1065900, 1, 0, 0
555401, 1110121, 1, 0, 0
555500, 1143208, 1, 0, 0
555600, 1168528, 1, 0, 0
555700, 1076837, 1, 0, 0
555800, 1107318, 1, 0, 0
555900, 1116553, 1, 0, 0
556000, 1085328, 1, 0, 0
556100, 1123638, 1, 0, 0
556200, 1086864, 1, 0, 0
556300, 1105693, 1, 0, 0
556400, 1095476, 1, 0, 0
556500, 1123852, 1, 0, 0
556600, 1114818, 1, 0, 0
556700, 1064994, 1, 0, 0
556800, 1118975, 1, 0, 0
556900, 1137342, 1, 0, 0
557000, 1089616, 1, 0, 0
557100, 1155744, 1, 0, 0
557200, 1072600, 1, 0, 0
557300, 1060342, 1, 0, 0
557400, 1107749, 1, 0, 0
557501, 1067655, 1, 0, 0
557600, 1075594, 1, 0, 0
557700, 1105937, 1, 0, 0
557800, 1063458, 1, 0, 0
557900, 1187453, 1, 0, 0
558000, 1126888, 1, 0, 0
558100, 1079912, 1, 0, 0
558200, 1113839, 1, 0, 0
558300, 1129390, 1, 0, 0
558402, 1107731, 1, 0, 0
558500, 1194853, 1, 0, 0
558600, 1103107, 1, 0, 0
558700, 1164013, 1, 0, 0
558800, 1119494, 1, 0, 0
558900, 1116895, 1, 0, 0
559000, 1085195, 1, 0, 0
559100, 1157425, 1, 0, 0
559201, 1096483, 1, 0, 0
559300, 1066605, 1, 0, 0
559400, 1081494, 1, 0, 0
559500, 1147764, 1, 0, 0
559600, 1134763, 1, 0, 0
559700, 1120961, 1, 0, 0
559800, 1063916, 1, 0, 0
559900, 1079419, 1, 0, 0
560000, 1094721, 1, 0, 0
560100, 1085460, 1, 0, 0
560200, 1108595, 1, 0, 0
560300, 1122556, 1, 0, 0
560400, 1140439, 1, 0, 0
560500, 1104061, 1, 0, 0
560600, 1098986, 1, 0, 0
560700, 1082717, 1, 0, 0
560801, 1076780, 1, 0, 0
560901, 1176200, 1, 0, 0
561000, 1095950, 1, 0, 0
561100, 1060138, 1, 0, 0
561200, 1078227, 1, 0, 0
561300, 1135432, 1, 0, 0
561400, 1109028, 1, 0, 0
561500, 1143781, 1, 0, 0
561600, 1049995, 1, 0, 0
561700, 1053247, 1, 0, 0
561800, 1084003, 1, 0, 0
561900, 1093358, 1, 0, 0
562000, 1118506, 1, 0, 0
562100, 1069866, 1, 0, 0
562201, 1136853, 1, 0, 0
562300, 1052884, 1, 0, 0
562400, 1077908, 1, 0, 0
562500, 1076029, 1, 0, 0
562600, 1083301, 1, 0, 0
562700, 1073117, 1, 0, 0
562800, 1114427, 1, 0, 0
562900, 1080173, 1, 0, 0
563000, 1082281, 1, 0, 0
563101, 1093159, 1, 0, 0
563200, 1078706, 1, 0, 0
563300, 1115943, 1, 0, 0
563400, 1086411, 1, 0, 0
563500, 1064517, 1, 0, 0
563600, 1078156, 1, 0, 0
563700, 1052786, 1, 0, 0
563800, 1143503, 1, 0, 0
563900, 1098187, 1, 0, 0
564000, 1071406, 1, 0, 0
564100, 1087461, 1, 0, 0
564200, 1102625, 1, 0, 0
564300, 1038453, 1, 0, 0
564400, 1101711, 1, 0, 0
564500, 1150168, 1, 0, 0
564600, 1078687, 1, 0, 0
564700, 1120603, 1, 0, 0
564800, 1063932, 1, 0, 0
564901, 1059785, 1, 0, 0
565000, 1054882, 1, 0, 0
565100, 1081967, 1, 0, 0
565200, 1102485, 1, 0, 0
565301, 1040562, 1, 0, 0
565400, 1084714, 1, 0, 0
565501, 1073096, 1, 0, 0
565600, 1105419, 1, 0, 0
565701, 1064214, 1, 0, 0
565800, 1048195, 1, 0, 0
565900, 1142632, 1, 0, 0
566000, 1159620, 1, 0, 0
566100, 1113282, 1, 0, 0
566200, 1028356, 1, 0, 0
566300, 1112118, 1, 0, 0
566400, 1110818, 1, 0, 0
566500, 1109673, 1, 0, 0
566600, 1069314, 1, 0, 0
566700, 1075672, 1, 0, 0
566801, 1153906, 1, 0, 0
566900, 1045024, 1, 0, 0
567000, 1039242, 1, 0, 0
567100, 1098596, 1, 0, 0
567200, 1129104, 1, 0, 0
567300, 1050610, 1, 0, 0
567400, 1041702, 1, 0, 0
567500, 1039744, 1, 0, 0
567600, 1032850, 1, 0, 0
567700, 1074683, 1, 0, 0
567800, 1058533, 1, 0, 0
567900, 1097348, 1, 0, 0
568000, 1052231, 1, 0, 0
568102, 1109685, 1, 0, 0
568200, 1051831, 1, 0, 0
568301, 1127058, 1, 0, 0
568400, 1058824, 1, 0, 0
568500, 1090961, 1, 0, 0
568602, 1103963, 1, 0, 0
568700, 1091158, 1, 0, 0
568800, 1050581, 1, 0, 0
568900, 1039376, 1, 0, 0
569000, 1082064, 1, 0, 0
569100, 1117760, 1, 0, 0
569200, 1077823, 1, 0, 0
569300, 1059524, 1, 0, 0
569400, 1070353, 1, 0, 0
569500, 1092550, 1, 0, 0
569600, 1114277, 1, 0, 0
569700, 1091818, 1, 0, 0
569800, 1090032, 1, 0, 0
569900, 1053419, 1, 0, 0
570000, 1061969, 1, 0, 0
570100, 1063887, 1, 0, 0
570200, 1095412, 1, 0, 0
570300, 1037948, 1, 0, 0
570400, 1069289, 1, 0, 0
570500, 1079155, 1, 0, 0
570600, 1100458, 1, 0, 0
570700, 1079885, 1, 0, 0
570800, 1212085, 1, 0, 0
570900, 1067181, 1, 0, 0
571000, 1076015, 1, 0, 0
571100, 1100191, 1, 0, 0
571200, 1120352, 1, 0, 0
571300, 1056743, 1, 0, 0
571400, 1059559, 1, 0, 0
571500, 1080205, 1, 0, 0
571600, 1090278, 1, 0, 0
571700, 1048565, 1, 0, 0
571801, 1138870, 1, 0, 0
571900, 1082420, 1, 0, 0
572000, 1088344, 1, 0, 0
572100, 1064156, 1, 0, 0
572200, 1136367, 1, 0, 0
572300, 1043592, 1, 0, 0
572400, 1088615, 1, 0, 0
572501, 1082876, 1, 0, 0
572600, 1086046, 1, 0, 0
572700, 1083201, 1, 0, 0
572800, 1058250, 1, 0, 0
572901, 1107164, 1, 0, 0
573000, 1114466, 1, 0, 0
573101, 1090143, 1, 0, 0
573200, 1060690, 1, 0, 0
573301, 1122695, 1, 0, 0
573400, 1078269, 1, 0, 0
573500, 1118390, 1, 0, 0
573601, 1103586, 1, 0, 0
573700, 1163924, 1, 0, 0
573800, 1108284, 1, 0, 0
573900, 1107856, 1, 0, 0
574000, 1064069, 1, 0, 0
574101, 1142069, 1, 0, 0
574200, 1088250, 1, 0, 0
574300, 1059503, 1, 0, 0
574400, 1075898, 1, 0, 0
574500, 1150503, 1, 0, 0
574603, 1173122, 1, 0, 0
574700, 1210477, 1, 0, 0
574800, 1124485, 1, 0, 0
574900, 1121615, 1, 0, 0
575001, 1079954, 1, 0, 0
575100, 1042338, 1, 0, 0
575200, 1126016, 1, 0, 0
575300, 1067015, 1, 0, 0
575401, 1141665, 1, 0, 0
575500, 1129865, 1, 0, 0
575600, 1120800, 1, 0, 0
575700, 1097356, 1, 0, 0
575800, 1090922, 1, 0, 0
575900, 1077925, 1, 0, 0
576000, 1121032, 1, 0, 0
576100, 1096065, 1, 0, 0
576201, 1075970, 1, 0, 0
576300, 1075221, 1, 0, 0
576400, 1128439, 1, 0, 0
576500, 1082942, 1, 0, 0
576600, 1119002, 1, 0, 0
576700, 1056421, 1, 0, 0
576800, 1079843, 1, 0, 0
576900, 1094680, 1, 0, 0
577000, 1090208, 1, 0, 0
577100, 1143517, 1, 0, 0
577200, 1070343, 1, 0, 0
577300, 1121360, 1, 0, 0
577400, 1115846, 1, 0, 0
577500, 1078059, 1, 0, 0
577600, 1059136, 1, 0, 0
577700, 1148709, 1, 0, 0
577800, 1113597, 1, 0, 0
577900, 1065066, 1, 0, 0
578000, 1121074, 1, 0, 0
578101, 1071835, 1, 0, 0
578200, 1120819, 1, 0, 0
578300, 1075326, 1, 0, 0
578400, 1088067, 1, 0, 0
578500, 1087490, 1, 0, 0
578601, 1084874, 1, 0, 0
578700, 1079456, 1, 0, 0
578800, 1096886, 1, 0, 0
578900, 1082651, 1, 0, 0
579000, 1108654, 1, 0, 0
579100, 1072623, 1, 0, 0
579200, 1109340, 1, 0, 0
579300, 1105759, 1, 0, 0
579400, 1107362, 1, 0, 0
579500, 1071893, 1, 0, 0
579600, 1092475, 1, 0, 0
579700, 1167883, 1, 0, 0
579800, 1129559, 1, 0, 0
579900, 1125589, 1, 0, 0
580000, 1147991, 1, 0, 0
580100, 1120766, 1, 0, 0
580200, 1152208, 1, 0, 0
580300, 1066345, 1, 0, 0
580400, 1049243, 1, 0, 0
580500, 1111594, 1, 0, 0
580600, 1099137, 1, 0, 0
580700, 1059798, 1, 0, 0
580800, 1071329, 1, 0, 0
580900, 1088078, 1, 0, 0
581000, 1063802, 1, 0, 0
581100, 1123087, 1, 0, 0
581200, 1098905, 1, 0, 0
581300, 1124624, 1, 0, 0
581400, 1108124, 1, 0, 0
581500, 1148303, 1, 0, 0
581600, 1150255, 1, 0, 0
581700, 1064627, 1, 0, 0
581800, 1077030, 1, 0, 0
581900, 1141754, 1, 0, 0
582000, 1110041, 1, 0, 0
582100, 1129642, 1, 0, 0
582200, 1106891, 1, 0, 0
582300, 1165572, 1, 0, 0
582400, 1052495, 1, 0, 0
582500, 1107161, 1, 0, 0
582600, 1049149, 1, 0, 0
582700, 1079639, 1, 0, 0
582800, 1059237, 1, 0, 0
582900, 1097420, 1, 0, 0
583000, 1081202, 1, 0, 0
583100, 1057283, 1, 0, 0
583200, 1093721, 1, 0, 0
583300, 1131005, 1, 0, 0
583400, 1066041, 1, 0, 0
583500, 1026692, 1, 0, 0
583600, 1104632, 1, 0, 0
583700, 1071591, 1, 0, 0
583800, 1084839, 1, 0, 0
583900, 1115659, 1, 0, 0
584000, 1100891, 1, 0, 0
584100, 1074359, 1, 0, 0
584202, 1131552, 1, 0, 0
584300, 1092103, 1, 0, 0
584400, 1151206, 1, 0, 0
584500, 1093549, 1, 0, 0
584600, 1090843, 1, 0, 0
584700, 1087903, 1, 0, 0
584801, 1098814, 1, 0, 0
584900, 1111422, 1, 0, 0
585000, 1078831, 1, 0, 0
585100, 1128701, 1, 0, 0
585200, 1082240, 1, 0, 0
585300, 1186427, 1, 0, 0
585400, 1082091, 1, 0, 0
585500, 1132974, 1, 0, 0
585600, 1070217, 1, 0, 0
585700, 1160643, 1, 0, 0
585800, 1077913, 1, 0, 0
585900, 1068273, 1, 0, 0
586000, 1070466, 1, 0, 0
586100, 1095971, 1, 0, 0
586200, 1034239, 1, 0, 0
586300, 1133086, 1, 0, 0
586400, 1079342, 1, 0, 0
586500, 1102624, 1, 0, 0
586600, 1074665, 1, 0, 0
586700, 1111460, 1, 0, 0
586800, 1128943, 1, 0, 0
586900, 1149218, 1, 0, 0
587000, 1105472, 1, 0, 0
587100, 1091802, 1, 0, 0
587200, 1089427, 1, 0, 0
587300, 1068686, 1, 0, 0
587400, 1059074, 1, 0, 0
587500, 1024321, 1, 0, 0
587601, 1093331, 1, 0, 0
587700, 1074341, 1, 0, 0
587800, 1107931, 1, 0, 0
587900, 1088653, 1, 0, 0
588001, 1092574, 1, 0, 0
588100, 1146319, 1, 0, 0
588200, 1066378, 1, 0, 0
588302, 1065783, 1, 0, 0
588400, 1128839, 1, 0, 0
588501, 1066819, 1, 0, 0
588601, 1093325, 1, 0, 0
588700, 1094471, 1, 0, 0
588800, 1104926, 1, 0, 0
588900, 1055496, 1, 0, 0
589000, 1088979, 1, 0, 0
589100, 1064109, 1, 0, 0
589201, 1107515, 1, 0, 0
589300, 1111564, 1, 0, 0
589400, 1090675, 1, 0, 0
589500, 1155114, 1, 0, 0
589600, 1085164, 1, 0, 0
589700, 1114806, 1, 0, 0
589800, 1087336, 1, 0, 0
589900, 1073557, 1, 0, 0
590000, 1086526, 1, 0, 0
590100, 1143250, 1, 0, 0
590200, 1191330, 1, 0, 0
590300, 1076485, 1, 0, 0
590400, 1088136, 1, 0, 0
590500, 1083350, 1, 0, 0
590600, 1097123, 1, 0, 0
590700, 1098194, 1, 0, 0
590800, 1093384, 1, 0, 0
590900, 1085997, 1, 0, 0
591000, 1080459, 1, 0, 0
591100, 1092391, 1, 0, 0
591200, 1159641, 1, 0, 0
591300, 1108208, 1, 0, 0
591400, 1071118, 1, 0, 0
591500, 1067229, 1, 0, 0
591600, 1124028, 1, 0, 0
591700, 1133043, 1, 0, 0
591800, 1097663, 1, 0, 0
591900, 1054441, 1, 0, 0
592000, 1073128, 1, 0, 0
592100, 1085762, 1, 0, 0
592200, 1065594, 1, 0, 0
592300, 1144088, 1, 0, 0
592400, 1068046, 1, 0, 0
592500, 1124820, 1, 0, 0
592600, 1091475, 1, 0, 0
592700, 1074115, 1, 0, 0
592800, 1105248, 1, 0, 0
592900, 1099060, 1, 0, 0
593000, 1184521, 1, 0, 0
593100, 1099396, 1, 0, 0
593200, 1106535, 1, 0, 0
593301, 1139331, 1, 0, 0
593400, 1104227, 1, 0, 0
593500, 1099048, 1, 0, 0
593600, 1050492, 1, 0, 0
593700, 1044729, 1, 0, 0
593800, 1082010, 1, 0, 0
593900, 1038517, 1, 0, 0
594000, 1050618, 1, 0, 0
594100, 1111947, 1, 0, 0
594200, 1149877, 1, 0, 0
594301, 1127714, 1, 0, 0
594400, 1152859, 1, 0, 0
594500, 1021790, 1, 0, 0
594600, 1089521, 1, 0, 0
594700, 1047757, 1, 0, 0
594800, 1073877, 1, 0, 0
594900, 1110379, 1, 0, 0
595000, 1062845, 1, 0, 0
595100, 1095633, 1, 0, 0
595200, 1050967, 1, 0, 0
595300, 1088160, 1, 0, 0
595400, 1096254, 1, 0, 0
595500, 1075740, 1, 0, 0
595600, 1082011, 1, 0, 0
595700, 1073636, 1, 0, 0
595800, 1128283, 1, 0, 0
595900, 1059265, 1, 0, 0
596000, 1100758, 1, 0, 0
596100, 1077034, 1, 0, 0
596200, 1130863, 1, 0, 0
596300, 1111782, 1, 0, 0
596400, 1103425, 1, 0, 0
596501, 1084757, 1, 0, 0
596600, 1165132, 1, 0, 0
596701, 1141482, 1, 0, 0
596800, 1209754, 1, 0, 0
596900, 1090475, 1, 0, 0
597000, 1123612, 1, 0, 0
597100, 1075200, 1, 0, 0
597200, 1097199, 1, 0, 0
597300, 1148044, 1, 0, 0
597401, 1118235, 1, 0, 0
597500, 1082532, 1, 0, 0
597600, 1121164, 1, 0, 0
597700, 1095336, 1, 0, 0
597800, 1125937, 1, 0, 0
597900, 1073686, 1, 0, 0
598000, 1080186, 1, 0, 0
598100, 1150663, 1, 0, 0
598200, 1117969, 1, 0, 0
598301, 1072355, 1, 0, 0
598400, 1100145, 1, 0, 0
598500, 1083224, 1, 0, 0
598600, 1101520, 1, 0, 0
598700, 1051730, 1, 0, 0
598800, 1097460, 1, 0, 0
598900, 1075648, 1, 0, 0
599001, 1043678, 1, 0, 0
599100, 1100780, 1, 0, 0
599200, 1068842, 1, 0, 0
599300, 1053241, 1, 0, 0
599400, 1093779, 1, 0, 0
599500, 1032166, 1, 0, 0
599600, 1025729, 1, 0, 0
599700, 1093886, 1, 0, 0
599800, 1109843, 1, 0, 0
599901, 1059494, 1, 0, 0
600000, 1089868, 1, 0, 0
