0, 271137, 1, 4096, 0
0, 9658, 1, 4096, 0
0, 6088, 1, 4096, 0
0, 4595, 1, 4096, 0
1, 807473, 1, 4096, 0
2, 904901, 1, 4096, 0
2, 72709, 1, 4096, 0
2, 587697, 1, 4096, 0
3, 505541, 1, 4096, 0
3, 234428, 1, 4096, 0
3, 6549, 1, 4096, 0
4, 1027879, 1, 4096, 0
5, 1216407, 1, 4096, 0
5, 8251, 1, 4096, 0
6, 234194, 1, 4096, 0
6, 4177, 1, 4096, 0
6, 2784, 1, 4096, 0
6, 526178, 1, 4096, 0
6, 5919, 1, 4096, 0
7, 438406, 1, 4096, 0
7, 5891, 1, 4096, 0
7, 3454, 1, 4096, 0
7, 2953, 1, 4096, 0
7, 4061, 1, 4096, 0
7, 3210, 1, 4096, 0
7, 3327, 1, 4096, 0
7, 3636, 1, 4096, 0
7, 511154, 1, 4096, 0
7, 6562, 1, 4096, 0
7, 3402, 1, 4096, 0
7, 3125, 1, 4096, 0
7, 4090, 1, 4096, 0
7, 3240, 1, 4096, 0
7, 3851, 1, 4096, 0
7, 3180, 1, 4096, 0
8, 564982, 1, 4096, 0
8, 5874, 1, 4096, 0
8, 7298, 1, 4096, 0
9, 7263, 1, 4096, 0
10, 634156, 1, 4096, 0
10, 6575, 1, 4096, 0
11, 1233442, 1, 4096, 0
11, 558386, 1, 4096, 0
11, 11223, 1, 4096, 0
12, 553961, 1, 4096, 0
12, 3835, 1, 4096, 0
12, 4627, 1, 4096, 0
13, 916680, 1, 4096, 0
13, 209196, 1, 4096, 0
14, 497557, 1, 4096, 0
14, 67760, 1, 4096, 0
14, 5733, 1, 4096, 0
14, 2788, 1, 4096, 0
14, 3176, 1, 4096, 0
14, 3645, 1, 4096, 0
14, 2948, 1, 4096, 0
14, 3934, 1, 4096, 0
14, 2864, 1, 4096, 0
15, 1279967, 1, 4096, 0
15, 6798, 1, 4096, 0
15, 4324, 1, 4096, 0
16, 680983, 1, 4096, 0
16, 275809, 1, 4096, 0
16, 4524, 1, 4096, 0
16, 2977, 1, 4096, 0
16, 2584, 1, 4096, 0
16, 2507, 1, 4096, 0
16, 2907, 1, 4096, 0
16, 2194, 1, 4096, 0
16, 1963, 1, 4096, 0
16, 10112, 1, 4096, 0
17, 877414, 1, 4096, 0
17, 5141, 1, 4096, 0
18, 464024, 1, 4096, 0
18, 7162, 1, 4096, 0
18, 5294, 1, 4096, 0
18, 3124, 1, 4096, 0
18, 167044, 1, 4096, 0
19, 500860, 1, 4096, 0
19, 658709, 1, 4096, 0
20, 852888, 1, 4096, 0
20, 7692, 1, 4096, 0
20, 3240, 1, 4096, 0
21, 420451, 1, 4096, 0
21, 6580, 1, 4096, 0
21, 2222, 1, 4096, 0
21, 2484, 1, 4096, 0
21, 4000, 1, 4096, 0
21, 3119, 1, 4096, 0
21, 3082, 1, 4096, 0
21, 2125, 1, 4096, 0
22, 1732207, 1, 4096, 0
23, 6632, 1, 4096, 0
23, 3232, 1, 4096, 0
23, 2314, 1, 4096, 0
23, 2515, 1, 4096, 0
23, 5333, 1, 4096, 0
23, 3555, 1, 4096, 0
24, 1180671, 1, 4096, 0
24, 5746, 1, 4096, 0
24, 5559, 1, 4096, 0
24, 3831, 1, 4096, 0
24, 3494, 1, 4096, 0
24, 3346, 1, 4096, 0
25, 1163329, 1, 4096, 0
25, 5654, 1, 4096, 0
26, 766885, 1, 4096, 0
26, 8484, 1, 4096, 0
26, 4195, 1, 4096, 0
26, 3473, 1, 4096, 0
26, 2741, 1, 4096, 0
26, 3703, 1, 4096, 0
26, 619867, 1, 4096, 0
26, 8644, 1, 4096, 0
27, 421094, 1, 4096, 0
27, 212042, 1, 4096, 0
27, 130569, 1, 4096, 0
27, 5191, 1, 4096, 0
27, 2778, 1, 4096, 0
27, 2426, 1, 4096, 0
27, 2200, 1, 4096, 0
27, 2340, 1, 4096, 0
27, 2135, 1, 4096, 0
27, 1822, 1, 4096, 0
29, 1358751, 1, 4096, 0
29, 544821, 1, 4096, 0
29, 8125, 1, 4096, 0
31, 1464931, 1, 4096, 0
32, 1079661, 1, 4096, 0
32, 52785, 1, 4096, 0
32, 592634, 1, 4096, 0
32, 3666, 1, 4096, 0
33, 687594, 1, 4096, 0
33, 6082, 1, 4096, 0
33, 4180, 1, 4096, 0
34, 1121615, 1, 4096, 0
34, 4075, 1, 4096, 0
34, 3037, 1, 4096, 0
36, 1651664, 1, 4096, 0
36, 3640, 1, 4096, 0
36, 4067, 1, 4096, 0
36, 3031, 1, 4096, 0
36, 288264, 1, 4096, 0
36, 3089, 1, 4096, 0
36, 230349, 1, 4096, 0
36, 7360, 1, 4096, 0
36, 3389, 1, 4096, 0
36, 3390, 1, 4096, 0
36, 3436, 1, 4096, 0
36, 3401, 1, 4096, 0
36, 2907, 1, 4096, 0
36, 3353, 1, 4096, 0
37, 622946, 1, 4096, 0
37, 447805, 1, 4096, 0
38, 671236, 1, 4096, 0
39, 390813, 1, 4096, 0
39, 114400, 1, 4096, 0
39, 391919, 1, 4096, 0
40, 649012, 1, 4096, 0
41, 1380566, 1, 4096, 0
41, 266638, 1, 4096, 0
41, 36153, 1, 4096, 0
41, 7945, 1, 4096, 0
41, 3495, 1, 4096, 0
41, 3987, 1, 4096, 0
41, 3216, 1, 4096, 0
41, 3797, 1, 4096, 0
41, 3322, 1, 4096, 0
41, 2803, 1, 4096, 0
42, 259585, 1, 4096, 0
42, 6275, 1, 4096, 0
44, 2340195, 1, 4096, 0
44, 7191, 1, 4096, 0
44, 4339, 1, 4096, 0
44, 4710, 1, 4096, 0
44, 4366, 1, 4096, 0
44, 2253, 1, 4096, 0
44, 2503, 1, 4096, 0
44, 3932, 1, 4096, 0
45, 696063, 1, 4096, 0
45, 7427, 1, 4096, 0
45, 3113, 1, 4096, 0
45, 2903, 1, 4096, 0
45, 339742, 1, 4096, 0
45, 8240, 1, 4096, 0
46, 9277, 1, 4096, 0
46, 7126, 1, 4096, 0
46, 2791, 1, 4096, 0
46, 8291, 1, 4096, 0
46, 5459, 1, 4096, 0
48, 1232810, 1, 4096, 0
49, 647243, 1, 4096, 0
49, 475258, 1, 4096, 0
50, 258809, 1, 4096, 0
50, 4004, 1, 4096, 0
50, 4352, 1, 4096, 0
50, 2245, 1, 4096, 0
50, 3440, 1, 4096, 0
50, 3652, 1, 4096, 0
50, 2369, 1, 4096, 0
50, 803975, 1, 4096, 0
50, 8234, 1, 4096, 0
50, 3427, 1, 4096, 0
50, 2461, 1, 4096, 0
50, 3605, 1, 4096, 0
50, 3682, 1, 4096, 0
50, 3015, 1, 4096, 0
51, 3204, 1, 4096, 0
51, 461736, 1, 4096, 0
51, 5548, 1, 4096, 0
51, 2894, 1, 4096, 0
51, 3753, 1, 4096, 0
51, 5041, 1, 4096, 0
51, 251067, 1, 4096, 0
52, 539672, 1, 4096, 0
52, 14042, 1, 4096, 0
53, 301339, 1, 4096, 0
53, 316550, 1, 4096, 0
54, 910073, 1, 4096, 0
54, 7636, 1, 4096, 0
55, 675269, 1, 4096, 0
55, 263089, 1, 4096, 0
56, 641317, 1, 4096, 0
56, 6159, 1, 4096, 0
58, 2706588, 1, 4096, 0
58, 6749, 1, 4096, 0
58, 2899, 1, 4096, 0
58, 2839, 1, 4096, 0
59, 152740, 1, 4096, 0
59, 8215, 1, 4096, 0
59, 3279, 1, 4096, 0
59, 3628, 1, 4096, 0
59, 3017, 1, 4096, 0
59, 3499, 1, 4096, 0
59, 3248, 1, 4096, 0
59, 3383, 1, 4096, 0
62, 3382157, 1, 4096, 0
62, 10175, 1, 4096, 0
62, 259572, 1, 4096, 0
63, 469777, 1, 4096, 0
63, 4808, 1, 4096, 0
63, 3135, 1, 4096, 0
64, 822554, 1, 4096, 0
64, 105588, 1, 4096, 0
65, 1131060, 1, 4096, 0
65, 6285, 1, 4096, 0
65, 3199, 1, 4096, 0
65, 3091, 1, 4096, 0
65, 5349, 1, 4096, 0
65, 5857, 1, 4096, 0
65, 3234, 1, 4096, 0
65, 3971, 1, 4096, 0
68, 2550971, 1, 4096, 0
68, 168866, 1, 4096, 0
68, 193565, 1, 4096, 0
68, 275776, 1, 4096, 0
68, 293049, 1, 4096, 0
68, 6029, 1, 4096, 0
68, 3561, 1, 4096, 0
68, 3528, 1, 4096, 0
69, 3656, 1, 4096, 0
69, 2753, 1, 4096, 0
69, 4068, 1, 4096, 0
69, 2988, 1, 4096, 0
69, 404426, 1, 4096, 0
69, 5993, 1, 4096, 0
69, 4023, 1, 4096, 0
69, 3434, 1, 4096, 0
69, 3339, 1, 4096, 0
69, 3255, 1, 4096, 0
69, 3042, 1, 4096, 0
69, 3377, 1, 4096, 0
70, 744763, 1, 4096, 0
70, 7084, 1, 4096, 0
70, 2719, 1, 4096, 0
70, 7428, 1, 4096, 0
71, 9693, 1, 4096, 0
71, 4966, 1, 4096, 0
71, 4453, 1, 4096, 0
72, 9268, 1, 4096, 0
72, 11745, 1, 4096, 0
72, 498050, 1, 4096, 0
72, 8348, 1, 4096, 0
72, 5141, 1, 4096, 0
73, 184601, 1, 4096, 0
73, 69854, 1, 4096, 0
73, 346239, 1, 4096, 0
74, 716890, 1, 4096, 0
74, 638814, 1, 4096, 0
76, 1648844, 1, 4096, 0
76, 20565, 1, 4096, 0
76, 6071, 1, 4096, 0
76, 3454, 1, 4096, 0
76, 112364, 1, 4096, 0
76, 5511, 1, 4096, 0
77, 520379, 1, 4096, 0
77, 294476, 1, 4096, 0
78, 1167188, 1, 4096, 0
78, 6665, 1, 4096, 0
78, 3864, 1, 4096, 0
78, 2993, 1, 4096, 0
78, 4010, 1, 4096, 0
79, 570123, 1, 4096, 0
79, 6865, 1, 4096, 0
79, 3496, 1, 4096, 0
79, 3362, 1, 4096, 0
79, 3133, 1, 4096, 0
79, 4195, 1, 4096, 0
79, 3598, 1, 4096, 0
79, 3793, 1, 4096, 0
81, 1620988, 1, 4096, 0
81, 372745, 1, 4096, 0
81, 4413, 1, 4096, 0
82, 775543, 1, 4096, 0
82, 373462, 1, 4096, 0
83, 938185, 1, 4096, 0
83, 8333, 1, 4096, 0
83, 3037, 1, 4096, 0
83, 3680, 1, 4096, 0
83, 5044, 1, 4096, 0
83, 2985, 1, 4096, 0
83, 2911, 1, 4096, 0
83, 3738, 1, 4096, 0
83, 71589, 1, 4096, 0
83, 7839, 1, 4096, 0
83, 2888, 1, 4096, 0
83, 3314, 1, 4096, 0
83, 4010, 1, 4096, 0
83, 3070, 1, 4096, 0
84, 562417, 1, 4096, 0
84, 5348, 1, 4096, 0
84, 4007, 1, 4096, 0
84, 3669, 1, 4096, 0
85, 858982, 1, 4096, 0
85, 11065, 1, 4096, 0
85, 486605, 1, 4096, 0
85, 239018, 1, 4096, 0
85, 8038, 1, 4096, 0
86, 330859, 1, 4096, 0
86, 3664, 1, 4096, 0
87, 1138633, 1, 4096, 0
87, 521878, 1, 4096, 0
87, 4727, 1, 4096, 0
87, 3283, 1, 4096, 0
88, 880820, 1, 4096, 0
88, 81263, 1, 4096, 0
88, 7838, 1, 4096, 0
88, 4136, 1, 4096, 0
88, 3240, 1, 4096, 0
88, 3307, 1, 4096, 0
88, 2523, 1, 4096, 0
89, 84095, 1, 4096, 0
89, 5661, 1, 4096, 0
89, 3869, 1, 4096, 0
89, 4237, 1, 4096, 0
89, 9895, 1, 4096, 0
90, 573824, 1, 4096, 0
91, 1690391, 1, 4096, 0
92, 553642, 1, 4096, 0
92, 6754, 1, 4096, 0
92, 3050, 1, 4096, 0
92, 356839, 1, 4096, 0
92, 5494, 1, 4096, 0
93, 1038849, 1, 4096, 0
93, 6692, 1, 4096, 0
93, 2251, 1, 4096, 0
93, 4812, 1, 4096, 0
93, 3802, 1, 4096, 0
93, 3884, 1, 4096, 0
93, 4244, 1, 4096, 0
94, 590677, 1, 4096, 0
94, 70932, 1, 4096, 0
94, 5776, 1, 4096, 0
95, 942878, 1, 4096, 0
95, 8579, 1, 4096, 0
95, 3372, 1, 4096, 0
95, 3195, 1, 4096, 0
95, 3345, 1, 4096, 0
95, 4168, 1, 4096, 0
95, 3098, 1, 4096, 0
95, 2437, 1, 4096, 0
96, 1042278, 1, 4096, 0
96, 6582, 1, 4096, 0
96, 3136, 1, 4096, 0
96, 2318, 1, 4096, 0
96, 302876, 1, 4096, 0
97, 718091, 1, 4096, 0
97, 7349, 1, 4096, 0
97, 4392, 1, 4096, 0
97, 3359, 1, 4096, 0
97, 3791, 1, 4096, 0
97, 3086, 1, 4096, 0
99, 1867753, 1, 4096, 0
99, 5574, 1, 4096, 0
99, 3199, 1, 4096, 0
99, 2576, 1, 4096, 0
99, 288806, 1, 4096, 0
99, 10938, 1, 4096, 0
100, 851829, 1, 4096, 0
100, 100948, 1, 4096, 0
100, 24977, 1, 4096, 0
100, 5172, 1, 4096, 0
100, 2979, 1, 4096, 0
100, 2365, 1, 4096, 0
100, 2138, 1, 4096, 0
100, 2259, 1, 4096, 0
100, 2553, 1, 4096, 0
101, 565455, 1, 4096, 0
101, 5737, 1, 4096, 0
101, 454813, 1, 4096, 0
101, 3550, 1, 4096, 0
102, 484602, 1, 4096, 0
102, 217861, 1, 4096, 0
102, 6625, 1, 4096, 0
102, 3707, 1, 4096, 0
102, 3286, 1, 4096, 0
103, 984340, 1, 4096, 0
103, 6342, 1, 4096, 0
103, 2581, 1, 4096, 0
103, 146376, 1, 4096, 0
104, 391788, 1, 4096, 0
104, 100535, 1, 4096, 0
104, 8194, 1, 4096, 0
104, 10773, 1, 4096, 0
104, 416515, 1, 4096, 0
104, 5007, 1, 4096, 0
104, 2742, 1, 4096, 0
104, 2758, 1, 4096, 0
104, 7042, 1, 4096, 0
104, 2590, 1, 4096, 0
105, 4489, 1, 4096, 0
105, 8225, 1, 4096, 0
105, 8752, 1, 4096, 0
105, 3842, 1, 4096, 0
105, 10928, 1, 4096, 0
106, 1129702, 1, 4096, 0
107, 432937, 1, 4096, 0
107, 5322, 1, 4096, 0
107, 37057, 1, 4096, 0
108, 669583, 1, 4096, 0
108, 4767, 1, 4096, 0
108, 179555, 1, 4096, 0
108, 562494, 1, 4096, 0
109, 650787, 1, 4096, 0
110, 707443, 1, 4096, 0
110, 140480, 1, 4096, 0
110, 174742, 1, 4096, 0
110, 6016, 1, 4096, 0
110, 4025, 1, 4096, 0
110, 2827, 1, 4096, 0
110, 2926, 1, 4096, 0
110, 2206, 1, 4096, 0
110, 2028, 1, 4096, 0
110, 1829, 1, 4096, 0
113, 3115228, 1, 4096, 0
113, 7777, 1, 4096, 0
113, 3123, 1, 4096, 0
113, 2836, 1, 4096, 0
113, 1699, 1, 4096, 0
113, 1826, 1, 4096, 0
113, 2914, 1, 4096, 0
113, 2638, 1, 4096, 0
113, 311350, 1, 4096, 0
113, 6223, 1, 4096, 0
114, 364663, 1, 4096, 0
117, 3044654, 1, 4096, 0
117, 6456, 1, 4096, 0
117, 4289, 1, 4096, 0
117, 2065, 1, 4096, 0
117, 219586, 1, 4096, 0
118, 859392, 1, 4096, 0
119, 638625, 1, 4096, 0
119, 5274, 1, 4096, 0
119, 273207, 1, 4096, 0
119, 7484, 1, 4096, 0
119, 3063, 1, 4096, 0
119, 3433, 1, 4096, 0
119, 3391, 1, 4096, 0
119, 3895, 1, 4096, 0
119, 3784, 1, 4096, 0
120, 1364589, 1, 4096, 0
121, 198720, 1, 4096, 0
121, 7708, 1, 4096, 0
121, 141482, 1, 4096, 0
121, 6254, 1, 4096, 0
121, 3419, 1, 4096, 0
121, 3971, 1, 4096, 0
121, 3487, 1, 4096, 0
121, 4228, 1, 4096, 0
121, 3879, 1, 4096, 0
121, 3083, 1, 4096, 0
123, 1746017, 1, 4096, 0
123, 8751, 1, 4096, 0
123, 3125, 1, 4096, 0
123, 3263, 1, 4096, 0
123, 3103, 1, 4096, 0
124, 973431, 1, 4096, 0
124, 4418, 1, 4096, 0
125, 1141351, 1, 4096, 0
125, 7051, 1, 4096, 0
126, 1177122, 1, 4096, 0
126, 6371, 1, 4096, 0
126, 2204, 1, 4096, 0
127, 682465, 1, 4096, 0
127, 6522, 1, 4096, 0
127, 3700, 1, 4096, 0
127, 3340, 1, 4096, 0
127, 3431, 1, 4096, 0
127, 3013, 1, 4096, 0
127, 2946, 1, 4096, 0
127, 3176, 1, 4096, 0
128, 977308, 1, 4096, 0
128, 6840, 1, 4096, 0
128, 3224, 1, 4096, 0
128, 3155, 1, 4096, 0
128, 753989, 1, 4096, 0
128, 7625, 1, 4096, 0
128, 3852, 1, 4096, 0
128, 3501, 1, 4096, 0
128, 3231, 1, 4096, 0
128, 4413, 1, 4096, 0
128, 3700, 1, 4096, 0
128, 3673, 1, 4096, 0
129, 396119, 1, 4096, 0
129, 9459, 1, 4096, 0
130, 188922, 1, 4096, 0
130, 106534, 1, 4096, 0
130, 7412, 1, 4096, 0
130, 4618, 1, 4096, 0
130, 4682, 1, 4096, 0
131, 648813, 1, 4096, 0
131, 333397, 1, 4096, 0
133, 1035540, 1, 4096, 0
133, 88922, 1, 4096, 0
133, 7787, 1, 4096, 0
133, 3048, 1, 4096, 0
133, 3351, 1, 4096, 0
133, 3995, 1, 4096, 0
133, 3485, 1, 4096, 0
135, 2084312, 1, 4096, 0
135, 8552, 1, 4096, 0
135, 4454, 1, 4096, 0
135, 3319, 1, 4096, 0
135, 3181, 1, 4096, 0
135, 3392, 1, 4096, 0
135, 416085, 1, 4096, 0
135, 235833, 1, 4096, 0
135, 5503, 1, 4096, 0
138, 2441592, 1, 4096, 0
138, 14373, 1, 4096, 0
139, 609159, 1, 4096, 0
139, 218747, 1, 4096, 0
139, 143783, 1, 4096, 0
139, 553916, 1, 4096, 0
140, 359786, 1, 4096, 0
142, 1760691, 1, 4096, 0
142, 6895, 1, 4096, 0
142, 3193, 1, 4096, 0
142, 4684, 1, 4096, 0
142, 89754, 1, 4096, 0
142, 278003, 1, 4096, 0
142, 6255, 1, 4096, 0
143, 586711, 1, 4096, 0
143, 5360, 1, 4096, 0
143, 3454, 1, 4096, 0
143, 3476, 1, 4096, 0
143, 5140, 1, 4096, 0
143, 3793, 1, 4096, 0
143, 3693, 1, 4096, 0
143, 3632, 1, 4096, 0
145, 1928325, 1, 4096, 0
145, 7004, 1, 4096, 0
145, 3861, 1, 4096, 0
145, 3922, 1, 4096, 0
146, 1158422, 1, 4096, 0
146, 5964, 1, 4096, 0
146, 3727, 1, 4096, 0
146, 3251, 1, 4096, 0
146, 605938, 1, 4096, 0
146, 7491, 1, 4096, 0
146, 4286, 1, 4096, 0
146, 3714, 1, 4096, 0
146, 4509, 1, 4096, 0
146, 3879, 1, 4096, 0
146, 2095, 1, 4096, 0
146, 3099, 1, 4096, 0
149, 2604375, 1, 4096, 0
149, 6044, 1, 4096, 0
149, 3484, 1, 4096, 0
149, 3666, 1, 4096, 0
149, 327917, 1, 4096, 0
149, 3600, 1, 4096, 0
149, 2751, 1, 4096, 0
150, 935657, 1, 4096, 0
150, 5623, 1, 4096, 0
150, 3172, 1, 4096, 0
150, 4145, 1, 4096, 0
150, 3626, 1, 4096, 0
150, 4557, 1, 4096, 0
150, 2637, 1, 4096, 0
150, 2425, 1, 4096, 0
151, 751047, 1, 4096, 0
151, 7669, 1, 4096, 0
151, 3716, 1, 4096, 0
151, 3858, 1, 4096, 0
151, 3150, 1, 4096, 0
151, 3291, 1, 4096, 0
151, 4515, 1, 4096, 0
151, 4367, 1, 4096, 0
153, 1904674, 1, 4096, 0
154, 499721, 1, 4096, 0
155, 1138379, 1, 4096, 0
155, 5997, 1, 4096, 0
155, 83762, 1, 4096, 0
155, 524291, 1, 4096, 0
155, 5011, 1, 4096, 0
155, 3845, 1, 4096, 0
155, 3259, 1, 4096, 0
155, 3984, 1, 4096, 0
155, 3735, 1, 4096, 0
155, 3927, 1, 4096, 0
155, 3720, 1, 4096, 0
158, 2621502, 1, 4096, 0
158, 6304, 1, 4096, 0
158, 239198, 1, 4096, 0
158, 9135, 1, 4096, 0
158, 5552, 1, 4096, 0
158, 4203, 1, 4096, 0
158, 3847, 1, 4096, 0
158, 3093, 1, 4096, 0
158, 3467, 1, 4096, 0
159, 629102, 1, 4096, 0
159, 6568, 1, 4096, 0
159, 6512, 1, 4096, 0
159, 2770, 1, 4096, 0
159, 5094, 1, 4096, 0
160, 964226, 1, 4096, 0
161, 515321, 1, 4096, 0
161, 97183, 1, 4096, 0
162, 981994, 1, 4096, 0
162, 8098, 1, 4096, 0
162, 186250, 1, 4096, 0
163, 777714, 1, 4096, 0
163, 7183, 1, 4096, 0
163, 188321, 1, 4096, 0
163, 571382, 1, 4096, 0
164, 167742, 1, 4096, 0
164, 664504, 1, 4096, 0
164, 6081, 1, 4096, 0
164, 5034, 1, 4096, 0
164, 3262, 1, 4096, 0
164, 3435, 1, 4096, 0
164, 3448, 1, 4096, 0
164, 4896, 1, 4096, 0
164, 3552, 1, 4096, 0
165, 287417, 1, 4096, 0
165, 5824, 1, 4096, 0
165, 2589, 1, 4096, 0
165, 2882, 1, 4096, 0
165, 6081, 1, 4096, 0
165, 3657, 1, 4096, 0
165, 3371, 1, 4096, 0
165, 2568, 1, 4096, 0
167, 2275262, 1, 4096, 0
167, 191630, 1, 4096, 0
168, 649720, 1, 4096, 0
168, 5908, 1, 4096, 0
168, 3688, 1, 4096, 0
168, 3068, 1, 4096, 0
168, 3928, 1, 4096, 0
168, 2669, 1, 4096, 0
169, 719940, 1, 4096, 0
169, 5244, 1, 4096, 0
169, 4304, 1, 4096, 0
169, 342906, 1, 4096, 0
169, 7409, 1, 4096, 0
169, 3396, 1, 4096, 0
169, 458350, 1, 4096, 0
169, 7918, 1, 4096, 0
169, 3702, 1, 4096, 0
170, 605071, 1, 4096, 0
170, 7674, 1, 4096, 0
171, 603914, 1, 4096, 0
171, 696236, 1, 4096, 0
173, 1229791, 1, 4096, 0
174, 1004193, 1, 4096, 0
174, 151299, 1, 4096, 0
174, 2536, 1, 4096, 0
174, 2012, 1, 4096, 0
174, 603116, 1, 4096, 0
174, 6339, 1, 4096, 0
174, 2831, 1, 4096, 0
176, 1307683, 1, 4096, 0
176, 485063, 1, 4096, 0
176, 234430, 1, 4096, 0
177, 593809, 1, 4096, 0
177, 3378, 1, 4096, 0
177, 292570, 1, 4096, 0
177, 2650, 1, 4096, 0
178, 869515, 1, 4096, 0
178, 5896, 1, 4096, 0
178, 3537, 1, 4096, 0
178, 3471, 1, 4096, 0
178, 3573, 1, 4096, 0
178, 3707, 1, 4096, 0
178, 3430, 1, 4096, 0
178, 2634, 1, 4096, 0
181, 3290765, 1, 4096, 0
181, 7134, 1, 4096, 0
182, 45029, 1, 4096, 0
182, 4247, 1, 4096, 0
182, 522162, 1, 4096, 0
182, 5092, 1, 4096, 0
182, 4403, 1, 4096, 0
183, 446440, 1, 4096, 0
184, 1250720, 1, 4096, 0
184, 7748, 1, 4096, 0
184, 3620, 1, 4096, 0
184, 3539, 1, 4096, 0
184, 6405, 1, 4096, 0
184, 3595, 1, 4096, 0
184, 2888, 1, 4096, 0
184, 3741, 1, 4096, 0
185, 843349, 1, 4096, 0
185, 7409, 1, 4096, 0
185, 4833, 1, 4096, 0
185, 3214, 1, 4096, 0
185, 3486, 1, 4096, 0
185, 3171, 1, 4096, 0
185, 3205, 1, 4096, 0
185, 2907, 1, 4096, 0
185, 443750, 1, 4096, 0
185, 7617, 1, 4096, 0
185, 3790, 1, 4096, 0
185, 2690, 1, 4096, 0
185, 2863, 1, 4096, 0
185, 3369, 1, 4096, 0
185, 2354, 1, 4096, 0
186, 15676, 1, 4096, 0
188, 1151902, 1, 4096, 0
188, 3639, 1, 4096, 0
189, 308409, 1, 4096, 0
189, 3935, 1, 4096, 0
189, 332803, 1, 4096, 0
189, 44163, 1, 4096, 0
189, 5665, 1, 4096, 0
189, 520955, 1, 4096, 0
191, 1167490, 1, 4096, 0
191, 8561, 1, 4096, 0
191, 3565, 1, 4096, 0
191, 3742, 1, 4096, 0
191, 3308, 1, 4096, 0
191, 2971, 1, 4096, 0
191, 3411, 1, 4096, 0
191, 3335, 1, 4096, 0
192, 1588020, 1, 4096, 0
192, 7705, 1, 4096, 0
192, 4477, 1, 4096, 0
192, 5173, 1, 4096, 0
192, 3726, 1, 4096, 0
192, 2800, 1, 4096, 0
193, 199786, 1, 4096, 0
193, 8781, 1, 4096, 0
193, 5931, 1, 4096, 0
193, 4886, 1, 4096, 0
193, 2530, 1, 4096, 0
193, 4554, 1, 4096, 0
193, 3082, 1, 4096, 0
193, 4523, 1, 4096, 0
195, 2907230, 1, 4096, 0
195, 8023, 1, 4096, 0
195, 3560, 1, 4096, 0
196, 3507, 1, 4096, 0
196, 3069, 1, 4096, 0
196, 3284, 1, 4096, 0
196, 3142, 1, 4096, 0
196, 2845, 1, 4096, 0
196, 530351, 1, 4096, 0
196, 6630, 1, 4096, 0
196, 4012, 1, 4096, 0
196, 4009, 1, 4096, 0
196, 2757, 1, 4096, 0
196, 3594, 1, 4096, 0
198, 2056518, 1, 4096, 0
198, 6998, 1, 4096, 0
199, 894295, 1, 4096, 0
199, 281086, 1, 4096, 0
200, 872418, 1, 4096, 0
201, 698407, 1, 4096, 0
201, 8453, 1, 4096, 0
201, 42249, 1, 4096, 0
201, 4511, 1, 4096, 0
201, 2631, 1, 4096, 0
201, 3064, 1, 4096, 0
201, 4494, 1, 4096, 0
201, 3595, 1, 4096, 0
201, 3007, 1, 4096, 0
201, 3489, 1, 4096, 0
201, 322833, 1, 4096, 0
201, 6162, 1, 4096, 0
201, 3071, 1, 4096, 0
201, 3781, 1, 4096, 0
201, 3424, 1, 4096, 0
201, 3204, 1, 4096, 0
201, 2830, 1, 4096, 0
202, 5236, 1, 4096, 0
202, 3187, 1, 4096, 0
202, 4059, 1, 4096, 0
202, 9197, 1, 4096, 0
203, 16011, 1, 4096, 0
204, 1189079, 1, 4096, 0
204, 6700, 1, 4096, 0
204, 203086, 1, 4096, 0
204, 4426, 1, 4096, 0
205, 578831, 1, 4096, 0
205, 5267, 1, 4096, 0
206, 582062, 1, 4096, 0
207, 883672, 1, 4096, 0
207, 349177, 1, 4096, 0
208, 726634, 1, 4096, 0
208, 6265, 1, 4096, 0
208, 2854, 1, 4096, 0
208, 2682, 1, 4096, 0
208, 3975, 1, 4096, 0
208, 3060, 1, 4096, 0
208, 3231, 1, 4096, 0
208, 3713, 1, 4096, 0
208, 504765, 1, 4096, 0
208, 207649, 1, 4096, 0
208, 6355, 1, 4096, 0
208, 3865, 1, 4096, 0
208, 4283, 1, 4096, 0
208, 3727, 1, 4096, 0
208, 3577, 1, 4096, 0
208, 3737, 1, 4096, 0
208, 3133, 1, 4096, 0
209, 5230, 1, 4096, 0
209, 10697, 1, 4096, 0
209, 7980, 1, 4096, 0
209, 7562, 1, 4096, 0
210, 5061, 1, 4096, 0
211, 1435291, 1, 4096, 0
211, 6577, 1, 4096, 0
211, 72564, 1, 4096, 0
211, 209176, 1, 4096, 0
212, 50626, 1, 4096, 0
212, 493319, 1, 4096, 0
213, 690527, 1, 4096, 0
213, 8629, 1, 4096, 0
213, 168573, 1, 4096, 0
213, 6445, 1, 4096, 0
213, 2881, 1, 4096, 0
213, 2230, 1, 4096, 0
213, 2565, 1, 4096, 0
213, 2351, 1, 4096, 0
213, 2521, 1, 4096, 0
213, 2047, 1, 4096, 0
214, 1142362, 1, 4096, 0
214, 8000, 1, 4096, 0
214, 4102, 1, 4096, 0
214, 3153, 1, 4096, 0
214, 3253, 1, 4096, 0
214, 3847, 1, 4096, 0
214, 3839, 1, 4096, 0
214, 6561, 1, 4096, 0
214, 259552, 1, 4096, 0
214, 7522, 1, 4096, 0
214, 3624, 1, 4096, 0
215, 10562, 1, 4096, 0
216, 987035, 1, 4096, 0
216, 8005, 1, 4096, 0
216, 285279, 1, 4096, 0
216, 6144, 1, 4096, 0
217, 521514, 1, 4096, 0
217, 306178, 1, 4096, 0
217, 93199, 1, 4096, 0
217, 4911, 1, 4096, 0
217, 3438, 1, 4096, 0
217, 243634, 1, 4096, 0
218, 163380, 1, 4096, 0
218, 5127, 1, 4096, 0
218, 2038, 1, 4096, 0
218, 2370, 1, 4096, 0
218, 2864, 1, 4096, 0
218, 509422, 1, 4096, 0
218, 306953, 1, 4096, 0
220, 2078978, 1, 4096, 0
220, 6132, 1, 4096, 0
221, 279522, 1, 4096, 0
221, 4338, 1, 4096, 0
221, 3872, 1, 4096, 0
221, 3200, 1, 4096, 0
221, 3150, 1, 4096, 0
221, 3094, 1, 4096, 0
221, 3556, 1, 4096, 0
221, 3938, 1, 4096, 0
221, 129032, 1, 4096, 0
221, 5293, 1, 4096, 0
221, 2698, 1, 4096, 0
221, 2626, 1, 4096, 0
221, 2459, 1, 4096, 0
221, 2566, 1, 4096, 0
221, 1848, 1, 4096, 0
221, 28704, 1, 4096, 0
221, 4518, 1, 4096, 0
221, 5519, 1, 4096, 0
221, 5436, 1, 4096, 0
222, 6030, 1, 4096, 0
223, 711072, 1, 4096, 0
224, 1535466, 1, 4096, 0
224, 5824, 1, 4096, 0
224, 14469, 1, 4096, 0
225, 373100, 1, 4096, 0
225, 5036, 1, 4096, 0
225, 4189, 1, 4096, 0
225, 2913, 1, 4096, 0
225, 775236, 1, 4096, 0
225, 6423, 1, 4096, 0
225, 3435, 1, 4096, 0
225, 3387, 1, 4096, 0
225, 2338, 1, 4096, 0
225, 2821, 1, 4096, 0
225, 3627, 1, 4096, 0
225, 3222, 1, 4096, 0
226, 254794, 1, 4096, 0
226, 122553, 1, 4096, 0
226, 6940, 1, 4096, 0
226, 2877, 1, 4096, 0
226, 3531, 1, 4096, 0
226, 5779, 1, 4096, 0
226, 3421, 1, 4096, 0
226, 3408, 1, 4096, 0
226, 7920, 1, 4096, 0
229, 1194278, 1, 4096, 0
229, 163108, 1, 4096, 0
229, 138899, 1, 4096, 0
230, 756970, 1, 4096, 0
230, 4589, 1, 4096, 0
230, 3993, 1, 4096, 0
230, 3417, 1, 4096, 0
230, 3822, 1, 4096, 0
231, 721357, 1, 4096, 0
231, 4741, 1, 4096, 0
231, 4314, 1, 4096, 0
231, 477258, 1, 4096, 0
232, 966773, 1, 4096, 0
232, 3493, 1, 4096, 0
232, 4849, 1, 4096, 0
232, 4312, 1, 4096, 0
232, 2664, 1, 4096, 0
232, 2554, 1, 4096, 0
232, 3674, 1, 4096, 0
232, 2030, 1, 4096, 0
233, 505275, 1, 4096, 0
233, 7298, 1, 4096, 0
233, 3936, 1, 4096, 0
233, 3816, 1, 4096, 0
233, 764446, 1, 4096, 0
234, 6374, 1, 4096, 0
234, 4031, 1, 4096, 0
234, 2613, 1, 4096, 0
234, 6212, 1, 4096, 0
234, 387757, 1, 4096, 0
236, 1190609, 1, 4096, 0
236, 619361, 1, 4096, 0
236, 6710, 1, 4096, 0
236, 3257, 1, 4096, 0
236, 5468, 1, 4096, 0
236, 3393, 1, 4096, 0
237, 1229276, 1, 4096, 0
238, 302684, 1, 4096, 0
238, 4698, 1, 4096, 0
239, 1199550, 1, 4096, 0
239, 4810, 1, 4096, 0
239, 3289, 1, 4096, 0
239, 108444, 1, 4096, 0
239, 3983, 1, 4096, 0
239, 405470, 1, 4096, 0
242, 2182478, 1, 4096, 0
242, 8203, 1, 4096, 0
242, 3410, 1, 4096, 0
242, 159836, 1, 4096, 0
242, 523055, 1, 4096, 0
242, 6631, 1, 4096, 0
243, 445916, 1, 4096, 0
243, 102824, 1, 4096, 0
243, 5460, 1, 4096, 0
243, 4106, 1, 4096, 0
243, 3759, 1, 4096, 0
243, 3671, 1, 4096, 0
243, 3732, 1, 4096, 0
243, 3459, 1, 4096, 0
243, 3432, 1, 4096, 0
245, 2408202, 1, 4096, 0
246, 428091, 1, 4096, 0
246, 5384, 1, 4096, 0
246, 3811, 1, 4096, 0
246, 336552, 1, 4096, 0
246, 226022, 1, 4096, 0
246, 6488, 1, 4096, 0
246, 3003, 1, 4096, 0
246, 3536, 1, 4096, 0
246, 3542, 1, 4096, 0
246, 2644, 1, 4096, 0
246, 2580, 1, 4096, 0
246, 2242, 1, 4096, 0
249, 2383928, 1, 4096, 0
249, 632081, 1, 4096, 0
250, 313033, 1, 4096, 0
250, 6667, 1, 4096, 0
250, 2887, 1, 4096, 0
250, 3453, 1, 4096, 0
250, 161349, 1, 4096, 0
250, 7446, 1, 4096, 0
250, 7053, 1, 4096, 0
250, 3320, 1, 4096, 0
250, 2679, 1, 4096, 0
250, 3703, 1, 4096, 0
250, 188941, 1, 4096, 0
250, 4208, 1, 4096, 0
250, 5343, 1, 4096, 0
250, 2535, 1, 4096, 0
250, 3091, 1, 4096, 0
250, 3295, 1, 4096, 0
250, 1536, 1, 4096, 0
255, 7867, 1, 4096, 0
255, 5445, 1, 4096, 0
255, 2823, 1, 4096, 0
255, 3442, 1, 4096, 0
255, 2605, 1, 4096, 0
255, 2553, 1, 4096, 0
255, 3346, 1, 4096, 0
255, 2935, 1, 4096, 0
257, 1462074, 1, 4096, 0
257, 10188, 1, 4096, 0
257, 5127, 1, 4096, 0
257, 3801, 1, 4096, 0
257, 3407, 1, 4096, 0
257, 3627, 1, 4096, 0
257, 3640, 1, 4096, 0
257, 3827, 1, 4096, 0
258, 1093919, 1, 4096, 0
258, 7072, 1, 4096, 0
258, 3955, 1, 4096, 0
258, 3241, 1, 4096, 0
258, 2864, 1, 4096, 0
258, 3263, 1, 4096, 0
258, 3034, 1, 4096, 0
258, 2019, 1, 4096, 0
258, 139548, 1, 4096, 0
258, 6008, 1, 4096, 0
258, 2779, 1, 4096, 0
259, 155861, 1, 4096, 0
259, 153373, 1, 4096, 0
259, 8779, 1, 4096, 0
259, 11482, 1, 4096, 0
259, 3004, 1, 4096, 0
259, 63256, 1, 4096, 0
261, 1249555, 1, 4096, 0
261, 245003, 1, 4096, 0
261, 3734, 1, 4096, 0
262, 1037413, 1, 4096, 0
262, 9667, 1, 4096, 0
262, 6078, 1, 4096, 0
262, 6062, 1, 4096, 0
262, 4866, 1, 4096, 0
262, 6981, 1, 4096, 0
262, 4563, 1, 4096, 0
263, 707978, 1, 4096, 0
263, 87722, 1, 4096, 0
263, 7096, 1, 4096, 0
263, 3751, 1, 4096, 0
263, 3779, 1, 4096, 0
263, 3758, 1, 4096, 0
264, 1472197, 1, 4096, 0
264, 20692, 1, 4096, 0
264, 4190, 1, 4096, 0
265, 908495, 1, 4096, 0
265, 5673, 1, 4096, 0
266, 735365, 1, 4096, 0
266, 7627, 1, 4096, 0
266, 3259, 1, 4096, 0
266, 2952, 1, 4096, 0
266, 3817, 1, 4096, 0
266, 314433, 1, 4096, 0
266, 6154, 1, 4096, 0
266, 4025, 1, 4096, 0
266, 3824, 1, 4096, 0
266, 2770, 1, 4096, 0
266, 2636, 1, 4096, 0
266, 1851, 1, 4096, 0
266, 1873, 1, 4096, 0
268, 1540432, 1, 4096, 0
268, 8388, 1, 4096, 0
269, 1111434, 1, 4096, 0
269, 6945, 1, 4096, 0
269, 3425, 1, 4096, 0
269, 5373, 1, 4096, 0
269, 4356, 1, 4096, 0
269, 12502, 1, 4096, 0
269, 4366, 1, 4096, 0
270, 500733, 1, 4096, 0
270, 7112, 1, 4096, 0
270, 133204, 1, 4096, 0
270, 190595, 1, 4096, 0
270, 104728, 1, 4096, 0
271, 780538, 1, 4096, 0
271, 603244, 1, 4096, 0
271, 4417, 1, 4096, 0
272, 268820, 1, 4096, 0
272, 8975, 1, 4096, 0
272, 137271, 1, 4096, 0
272, 27442, 1, 4096, 0
273, 609796, 1, 4096, 0
273, 5661, 1, 4096, 0
273, 3850, 1, 4096, 0
273, 3033, 1, 4096, 0
273, 4727, 1, 4096, 0
273, 3144, 1, 4096, 0
273, 4069, 1, 4096, 0
273, 3765, 1, 4096, 0
273, 367178, 1, 4096, 0
274, 589959, 1, 4096, 0
274, 5806, 1, 4096, 0
274, 3545, 1, 4096, 0
275, 991593, 1, 4096, 0
275, 6114, 1, 4096, 0
275, 546199, 1, 4096, 0
275, 8570, 1, 4096, 0
275, 4521, 1, 4096, 0
275, 3362, 1, 4096, 0
275, 3039, 1, 4096, 0
275, 4852, 1, 4096, 0
276, 486918, 1, 4096, 0
276, 7372, 1, 4096, 0
276, 4046, 1, 4096, 0
276, 3380, 1, 4096, 0
276, 540583, 1, 4096, 0
276, 48457, 1, 4096, 0
277, 509072, 1, 4096, 0
277, 4759, 1, 4096, 0
279, 2627005, 1, 4096, 0
279, 13840, 1, 4096, 0
279, 8485, 1, 4096, 0
279, 2917, 1, 4096, 0
279, 2957, 1, 4096, 0
279, 2671, 1, 4096, 0
279, 2797, 1, 4096, 0
280, 3733, 1, 4096, 0
282, 2402076, 1, 4096, 0
282, 245557, 1, 4096, 0
282, 91735, 1, 4096, 0
282, 7253, 1, 4096, 0
282, 2714, 1, 4096, 0
282, 2279, 1, 4096, 0
282, 2411, 1, 4096, 0
282, 1817, 1, 4096, 0
282, 2116, 1, 4096, 0
282, 2305, 1, 4096, 0
283, 713552, 1, 4096, 0
283, 6052, 1, 4096, 0
283, 2609, 1, 4096, 0
283, 2947, 1, 4096, 0
283, 2556, 1, 4096, 0
283, 366444, 1, 4096, 0
285, 1202737, 1, 4096, 0
285, 645570, 1, 4096, 0
285, 6604, 1, 4096, 0
285, 2782, 1, 4096, 0
285, 3837, 1, 4096, 0
285, 2873, 1, 4096, 0
285, 4067, 1, 4096, 0
285, 4613, 1, 4096, 0
285, 4610, 1, 4096, 0
287, 1750952, 1, 4096, 0
287, 6905, 1, 4096, 0
287, 3635, 1, 4096, 0
287, 3234, 1, 4096, 0
287, 2952, 1, 4096, 0
287, 7315, 1, 4096, 0
287, 2830, 1, 4096, 0
288, 642819, 1, 4096, 0
290, 2157965, 1, 4096, 0
290, 5495, 1, 4096, 0
290, 434266, 1, 4096, 0
291, 363117, 1, 4096, 0
291, 6921, 1, 4096, 0
291, 2466, 1, 4096, 0
291, 2738, 1, 4096, 0
291, 1833, 1, 4096, 0
291, 2404, 1, 4096, 0
291, 1778, 1, 4096, 0
291, 2210, 1, 4096, 0
291, 123453, 1, 4096, 0
291, 6937, 1, 4096, 0
291, 3397, 1, 4096, 0
291, 2938, 1, 4096, 0
291, 3674, 1, 4096, 0
291, 4009, 1, 4096, 0
291, 3504, 1, 4096, 0
291, 4566, 1, 4096, 0
293, 2200542, 1, 4096, 0
293, 68747, 1, 4096, 0
294, 302720, 1, 4096, 0
294, 81333, 1, 4096, 0
294, 459174, 1, 4096, 0
294, 136180, 1, 4096, 0
294, 24439, 1, 4096, 0
294, 5360, 1, 4096, 0
295, 1133540, 1, 4096, 0
296, 304304, 1, 4096, 0
296, 206319, 1, 4096, 0
296, 4970, 1, 4096, 0
296, 3264, 1, 4096, 0
296, 2788, 1, 4096, 0
296, 3112, 1, 4096, 0
296, 2976, 1, 4096, 0
296, 2989, 1, 4096, 0
296, 3219, 1, 4096, 0
298, 2206735, 1, 4096, 0
298, 5206, 1, 4096, 0
298, 3755, 1, 4096, 0
298, 3826, 1, 4096, 0
298, 3241, 1, 4096, 0
298, 3602, 1, 4096, 0
298, 242339, 1, 4096, 0
298, 11342, 1, 4096, 0
298, 4000, 1, 4096, 0
298, 4955, 1, 4096, 0
298, 4837, 1, 4096, 0
298, 3997, 1, 4096, 0
298, 4008, 1, 4096, 0
298, 5433, 1, 4096, 0
300, 1718440, 1, 4096, 0
300, 11266, 1, 4096, 0
300, 4269, 1, 4096, 0
300, 2585, 1, 4096, 0
300, 2705, 1, 4096, 0
300, 3635, 1, 4096, 0
300, 3562, 1, 4096, 0
300, 6002, 1, 4096, 0
302, 1889419, 1, 4096, 0
302, 7058, 1, 4096, 0
302, 3544, 1, 4096, 0
302, 3700, 1, 4096, 0
302, 3891, 1, 4096, 0
302, 4183, 1, 4096, 0
302, 3853, 1, 4096, 0
302, 4309, 1, 4096, 0
302, 11182, 1, 4096, 0
302, 4456, 1, 4096, 0
302, 7104, 1, 4096, 0
302, 5170, 1, 4096, 0
302, 5849, 1, 4096, 0
303, 5158, 1, 4096, 0
303, 5900, 1, 4096, 0
305, 1315139, 1, 4096, 0
306, 327818, 1, 4096, 0
306, 3479, 1, 4096, 0
306, 2614, 1, 4096, 0
306, 353493, 1, 4096, 0
307, 390539, 1, 4096, 0
307, 8039, 1, 4096, 0
307, 3136, 1, 4096, 0
307, 3276, 1, 4096, 0
307, 3161, 1, 4096, 0
307, 3122, 1, 4096, 0
307, 2908, 1, 4096, 0
307, 2778, 1, 4096, 0
309, 2313622, 1, 4096, 0
309, 71441, 1, 4096, 0
309, 8353, 1, 4096, 0
309, 4297, 1, 4096, 0
309, 3842, 1, 4096, 0
309, 3885, 1, 4096, 0
309, 192463, 1, 4096, 0
310, 557927, 1, 4096, 0
310, 597134, 1, 4096, 0
311, 907406, 1, 4096, 0
312, 284178, 1, 4096, 0
312, 58365, 1, 4096, 0
312, 748483, 1, 4096, 0
313, 623245, 1, 4096, 0
313, 5184, 1, 4096, 0
313, 2948, 1, 4096, 0
315, 1611386, 1, 4096, 0
315, 5875, 1, 4096, 0
315, 4114, 1, 4096, 0
315, 3934, 1, 4096, 0
315, 2946, 1, 4096, 0
315, 4298, 1, 4096, 0
315, 5167, 1, 4096, 0
315, 4458, 1, 4096, 0
317, 2678636, 1, 4096, 0
317, 5593, 1, 4096, 0
318, 205395, 1, 4096, 0
318, 3788, 1, 4096, 0
319, 905956, 1, 4096, 0
319, 5388, 1, 4096, 0
319, 3012, 1, 4096, 0
319, 3476, 1, 4096, 0
319, 873024, 1, 4096, 0
319, 9720, 1, 4096, 0
320, 181888, 1, 4096, 0
320, 212405, 1, 4096, 0
320, 9185, 1, 4096, 0
320, 3443, 1, 4096, 0
320, 3351, 1, 4096, 0
320, 3334, 1, 4096, 0
320, 1896, 1, 4096, 0
320, 4410, 1, 4096, 0
320, 4818, 1, 4096, 0
322, 2255044, 1, 4096, 0
322, 5370, 1, 4096, 0
322, 2527, 1, 4096, 0
322, 2801, 1, 4096, 0
322, 2685, 1, 4096, 0
322, 2425, 1, 4096, 0
322, 2021, 1, 4096, 0
322, 2960, 1, 4096, 0
323, 706698, 1, 4096, 0
323, 10402, 1, 4096, 0
323, 3722, 1, 4096, 0
323, 3055, 1, 4096, 0
323, 3192, 1, 4096, 0
323, 3966, 1, 4096, 0
323, 7454, 1, 4096, 0
323, 3795, 1, 4096, 0
324, 1335811, 1, 4096, 0
324, 7546, 1, 4096, 0
324, 16918, 1, 4096, 0
324, 9175, 1, 4096, 0
324, 3610, 1, 4096, 0
324, 4427, 1, 4096, 0
324, 3227, 1, 4096, 0
326, 875002, 1, 4096, 0
326, 37539, 1, 4096, 0
326, 4910, 1, 4096, 0
326, 584719, 1, 4096, 0
327, 322840, 1, 4096, 0
327, 81145, 1, 4096, 0
327, 422750, 1, 4096, 0
327, 133919, 1, 4096, 0
327, 7023, 1, 4096, 0
327, 3888, 1, 4096, 0
327, 3043, 1, 4096, 0
328, 414037, 1, 4096, 0
328, 6661, 1, 4096, 0
328, 3312, 1, 4096, 0
328, 3376, 1, 4096, 0
328, 3351, 1, 4096, 0
328, 3669, 1, 4096, 0
328, 2713, 1, 4096, 0
328, 3335, 1, 4096, 0
330, 2025542, 1, 4096, 0
330, 299330, 1, 4096, 0
330, 476009, 1, 4096, 0
330, 5611, 1, 4096, 0
330, 3087, 1, 4096, 0
331, 82263, 1, 4096, 0
331, 42118, 1, 4096, 0
331, 111558, 1, 4096, 0
333, 1946886, 1, 4096, 0
333, 102659, 1, 4096, 0
333, 3462, 1, 4096, 0
333, 289603, 1, 4096, 0
333, 3653, 1, 4096, 0
333, 3682, 1, 4096, 0
333, 388503, 1, 4096, 0
334, 527500, 1, 4096, 0
335, 854023, 1, 4096, 0
336, 684352, 1, 4096, 0
336, 138004, 1, 4096, 0
336, 638830, 1, 4096, 0
336, 6636, 1, 4096, 0
336, 3748, 1, 4096, 0
337, 393298, 1, 4096, 0
337, 25099, 1, 4096, 0
338, 1670643, 1, 4096, 0
338, 9637, 1, 4096, 0
339, 357780, 1, 4096, 0
339, 7020, 1, 4096, 0
339, 47704, 1, 4096, 0
339, 3466, 1, 4096, 0
340, 617210, 1, 4096, 0
340, 12301, 1, 4096, 0
340, 3870, 1, 4096, 0
340, 3545, 1, 4096, 0
340, 4665, 1, 4096, 0
340, 3279, 1, 4096, 0
340, 3151, 1, 4096, 0
340, 3167, 1, 4096, 0
341, 1618710, 1, 4096, 0
342, 423885, 1, 4096, 0
342, 243492, 1, 4096, 0
342, 550816, 1, 4096, 0
343, 599705, 1, 4096, 0
343, 7214, 1, 4096, 0
343, 157397, 1, 4096, 0
343, 7086, 1, 4096, 0
344, 419827, 1, 4096, 0
344, 6714, 1, 4096, 0
344, 3806, 1, 4096, 0
344, 2957, 1, 4096, 0
344, 4120, 1, 4096, 0
344, 4063, 1, 4096, 0
344, 3967, 1, 4096, 0
344, 3827, 1, 4096, 0
344, 68337, 1, 4096, 0
344, 6765, 1, 4096, 0
344, 3035, 1, 4096, 0
344, 3486, 1, 4096, 0
344, 2814, 1, 4096, 0
344, 4749, 1, 4096, 0
344, 3376, 1, 4096, 0
344, 3525, 1, 4096, 0
345, 8489, 1, 4096, 0
345, 3331, 1, 4096, 0
345, 7765, 1, 4096, 0
345, 9272, 1, 4096, 0
346, 812778, 1, 4096, 0
346, 5222, 1, 4096, 0
346, 3554, 1, 4096, 0
347, 205037, 1, 4096, 0
347, 3327, 1, 4096, 0
347, 3212, 1, 4096, 0
347, 2766, 1, 4096, 0
347, 212141, 1, 4096, 0
347, 367719, 1, 4096, 0
347, 8931, 1, 4096, 0
347, 2988, 1, 4096, 0
347, 52840, 1, 4096, 0
348, 83300, 1, 4096, 0
348, 379029, 1, 4096, 0
348, 421481, 1, 4096, 0
350, 2042687, 1, 4096, 0
350, 8326, 1, 4096, 0
352, 1191354, 1, 4096, 0
352, 12288, 1, 4096, 0
352, 3432, 1, 4096, 0
352, 648735, 1, 4096, 0
352, 4230, 1, 4096, 0
352, 3131, 1, 4096, 0
352, 3919, 1, 4096, 0
352, 21002, 1, 4096, 0
352, 2906, 1, 4096, 0
352, 2118, 1, 4096, 0
352, 2054, 1, 4096, 0
352, 57892, 1, 4096, 0
353, 634821, 1, 4096, 0
353, 225759, 1, 4096, 0
353, 142248, 1, 4096, 0
353, 7506, 1, 4096, 0
353, 3746, 1, 4096, 0
353, 4304, 1, 4096, 0
353, 3989, 1, 4096, 0
353, 2033, 1, 4096, 0
353, 2521, 1, 4096, 0
354, 171079, 1, 4096, 0
357, 2796800, 1, 4096, 0
357, 10562, 1, 4096, 0
357, 5002, 1, 4096, 0
357, 4250, 1, 4096, 0
357, 3455, 1, 4096, 0
357, 506094, 1, 4096, 0
358, 583587, 1, 4096, 0
358, 7466, 1, 4096, 0
358, 4072, 1, 4096, 0
358, 3439, 1, 4096, 0
358, 3314, 1, 4096, 0
358, 2837, 1, 4096, 0
358, 2555, 1, 4096, 0
358, 3650, 1, 4096, 0
360, 2666667, 1, 4096, 0
360, 7581, 1, 4096, 0
361, 962150, 1, 4096, 0
361, 7288, 1, 4096, 0
361, 3200, 1, 4096, 0
361, 3797, 1, 4096, 0
361, 3670, 1, 4096, 0
361, 3961, 1, 4096, 0
361, 3862, 1, 4096, 0
361, 3251, 1, 4096, 0
362, 845377, 1, 4096, 0
362, 6899, 1, 4096, 0
362, 3843, 1, 4096, 0
362, 3264, 1, 4096, 0
362, 3341, 1, 4096, 0
364, 1794092, 1, 4096, 0
366, 1431755, 1, 4096, 0
366, 5773, 1, 4096, 0
366, 2762, 1, 4096, 0
366, 264841, 1, 4096, 0
366, 4439, 1, 4096, 0
367, 706808, 1, 4096, 0
367, 945066, 1, 4096, 0
368, 266394, 1, 4096, 0
368, 5639, 1, 4096, 0
368, 251087, 1, 4096, 0
368, 177197, 1, 4096, 0
368, 9140, 1, 4096, 0
368, 3459, 1, 4096, 0
368, 195191, 1, 4096, 0
370, 1729186, 1, 4096, 0
371, 376270, 1, 4096, 0
371, 104245, 1, 4096, 0
371, 4075, 1, 4096, 0
371, 132302, 1, 4096, 0
371, 2424, 1, 4096, 0
371, 83600, 1, 4096, 0
372, 1569829, 1, 4096, 0
373, 396712, 1, 4096, 0
373, 507990, 1, 4096, 0
373, 5663, 1, 4096, 0
376, 2461391, 1, 4096, 0
376, 6030, 1, 4096, 0
376, 2808, 1, 4096, 0
376, 3150, 1, 4096, 0
376, 2769, 1, 4096, 0
376, 3482, 1, 4096, 0
378, 1646024, 1, 4096, 0
378, 7092, 1, 4096, 0
378, 222064, 1, 4096, 0
378, 59169, 1, 4096, 0
378, 4024, 1, 4096, 0
380, 2420091, 1, 4096, 0
380, 6606, 1, 4096, 0
381, 716512, 1, 4096, 0
382, 570337, 1, 4096, 0
382, 3554, 1, 4096, 0
382, 2453, 1, 4096, 0
382, 238957, 1, 4096, 0
382, 588605, 1, 4096, 0
384, 1686093, 1, 4096, 0
384, 7644, 1, 4096, 0
384, 3463, 1, 4096, 0
384, 3416, 1, 4096, 0
384, 2797, 1, 4096, 0
384, 3000, 1, 4096, 0
384, 3214, 1, 4096, 0
384, 3477, 1, 4096, 0
387, 2903888, 1, 4096, 0
387, 240807, 1, 4096, 0
388, 760495, 1, 4096, 0
388, 7961, 1, 4096, 0
388, 3642, 1, 4096, 0
388, 5135, 1, 4096, 0
389, 552226, 1, 4096, 0
389, 4260, 1, 4096, 0
390, 1497988, 1, 4096, 0
390, 5850, 1, 4096, 0
390, 228088, 1, 4096, 0
391, 176315, 1, 4096, 0
391, 270062, 1, 4096, 0
391, 143080, 1, 4096, 0
392, 1322104, 1, 4096, 0
392, 21885, 1, 4096, 0
393, 403042, 1, 4096, 0
393, 10856, 1, 4096, 0
393, 5380, 1, 4096, 0
394, 740327, 1, 4096, 0
394, 5276, 1, 4096, 0
394, 767531, 1, 4096, 0
394, 5449, 1, 4096, 0
394, 2949, 1, 4096, 0
394, 3525, 1, 4096, 0
394, 3424, 1, 4096, 0
394, 15912, 1, 4096, 0
394, 3515, 1, 4096, 0
394, 3378, 1, 4096, 0
395, 194513, 1, 4096, 0
396, 1499444, 1, 4096, 0
396, 7833, 1, 4096, 0
396, 5757, 1, 4096, 0
396, 2994, 1, 4096, 0
396, 2167, 1, 4096, 0
398, 1464605, 1, 4096, 0
398, 127058, 1, 4096, 0
398, 5657, 1, 4096, 0
398, 4426, 1, 4096, 0
398, 2837, 1, 4096, 0
398, 2840, 1, 4096, 0
398, 2807, 1, 4096, 0
398, 3067, 1, 4096, 0
398, 2953, 1, 4096, 0
398, 339989, 1, 4096, 0
398, 4067, 1, 4096, 0
398, 3087, 1, 4096, 0
398, 3679, 1, 4096, 0
398, 2654, 1, 4096, 0
398, 2392, 1, 4096, 0
400, 1934995, 1, 4096, 0
400, 10049, 1, 4096, 0
401, 1116052, 1, 4096, 0
401, 7389, 1, 4096, 0
401, 3765, 1, 4096, 0
401, 3919, 1, 4096, 0
401, 3314, 1, 4096, 0
401, 4210, 1, 4096, 0
401, 3829, 1, 4096, 0
401, 3492, 1, 4096, 0
403, 2119855, 1, 4096, 0
403, 12232, 1, 4096, 0
403, 4059, 1, 4096, 0
403, 3444, 1, 4096, 0
403, 3574, 1, 4096, 0
403, 3992, 1, 4096, 0
403, 4191, 1, 4096, 0
403, 3475, 1, 4096, 0
404, 922230, 1, 4096, 0
404, 5265, 1, 4096, 0
404, 14059, 1, 4096, 0
404, 7519, 1, 4096, 0
404, 1949, 1, 4096, 0
404, 4195, 1, 4096, 0
404, 28096, 1, 4096, 0
407, 2165787, 1, 4096, 0
407, 499476, 1, 4096, 0
407, 7335, 1, 4096, 0
407, 3633, 1, 4096, 0
407, 3230, 1, 4096, 0
407, 3325, 1, 4096, 0
407, 3216, 1, 4096, 0
407, 3117, 1, 4096, 0
407, 155965, 1, 4096, 0
407, 5990, 1, 4096, 0
407, 2317, 1, 4096, 0
407, 3307, 1, 4096, 0
407, 180924, 1, 4096, 0
408, 919061, 1, 4096, 0
409, 947709, 1, 4096, 0
409, 9062, 1, 4096, 0
410, 298015, 1, 4096, 0
410, 306949, 1, 4096, 0
410, 4185, 1, 4096, 0
410, 2605, 1, 4096, 0
410, 2608, 1, 4096, 0
410, 2382, 1, 4096, 0
410, 2886, 1, 4096, 0
410, 3924, 1, 4096, 0
410, 463372, 1, 4096, 0
410, 7438, 1, 4096, 0
410, 3375, 1, 4096, 0
410, 2830, 1, 4096, 0
410, 2612, 1, 4096, 0
410, 2620, 1, 4096, 0
411, 845307, 1, 4096, 0
412, 307674, 1, 4096, 0
412, 144457, 1, 4096, 0
412, 4232, 1, 4096, 0
412, 122942, 1, 4096, 0
412, 47018, 1, 4096, 0
412, 453920, 1, 4096, 0
412, 4104, 1, 4096, 0
414, 1394342, 1, 4096, 0
415, 695280, 1, 4096, 0
415, 142432, 1, 4096, 0
415, 192696, 1, 4096, 0
415, 5811, 1, 4096, 0
415, 2367, 1, 4096, 0
415, 3863, 1, 4096, 0
415, 2881, 1, 4096, 0
415, 2755, 1, 4096, 0
415, 2644, 1, 4096, 0
415, 2788, 1, 4096, 0
418, 3312492, 1, 4096, 0
418, 11691, 1, 4096, 0
418, 2145, 1, 4096, 0
418, 2979, 1, 4096, 0
418, 2726, 1, 4096, 0
418, 116168, 1, 4096, 0
420, 1676806, 1, 4096, 0
421, 497122, 1, 4096, 0
421, 5302, 1, 4096, 0
421, 3593, 1, 4096, 0
421, 435880, 1, 4096, 0
421, 6314, 1, 4096, 0
421, 124587, 1, 4096, 0
422, 1288542, 1, 4096, 0
423, 585405, 1, 4096, 0
423, 6763, 1, 4096, 0
423, 3207, 1, 4096, 0
423, 231291, 1, 4096, 0
423, 22176, 1, 4096, 0
424, 960376, 1, 4096, 0
424, 9116, 1, 4096, 0
424, 3912, 1, 4096, 0
424, 10088, 1, 4096, 0
424, 2882, 1, 4096, 0
424, 3395, 1, 4096, 0
424, 3024, 1, 4096, 0
424, 3111, 1, 4096, 0
427, 2936612, 1, 4096, 0
428, 722835, 1, 4096, 0
428, 6396, 1, 4096, 0
428, 3107, 1, 4096, 0
428, 3436, 1, 4096, 0
428, 3044, 1, 4096, 0
429, 575836, 1, 4096, 0
429, 114255, 1, 4096, 0
431, 2333418, 1, 4096, 0
431, 8028, 1, 4096, 0
431, 3839, 1, 4096, 0
431, 3250, 1, 4096, 0
432, 670579, 1, 4096, 0
432, 5988, 1, 4096, 0
432, 201874, 1, 4096, 0
432, 117433, 1, 4096, 0
434, 1447010, 1, 4096, 0
434, 5039, 1, 4096, 0
434, 394320, 1, 4096, 0
434, 8501, 1, 4096, 0
434, 3853, 1, 4096, 0
434, 3861, 1, 4096, 0
434, 3575, 1, 4096, 0
434, 4300, 1, 4096, 0
434, 4011, 1, 4096, 0
434, 3641, 1, 4096, 0
434, 243180, 1, 4096, 0
436, 1505269, 1, 4096, 0
436, 294409, 1, 4096, 0
436, 78463, 1, 4096, 0
436, 3506, 1, 4096, 0
436, 3562, 1, 4096, 0
437, 411361, 1, 4096, 0
438, 887385, 1, 4096, 0
438, 6049, 1, 4096, 0
438, 4897, 1, 4096, 0
438, 3476, 1, 4096, 0
438, 2870, 1, 4096, 0
438, 3685, 1, 4096, 0
438, 4229, 1, 4096, 0
438, 3304, 1, 4096, 0
438, 635725, 1, 4096, 0
438, 5343, 1, 4096, 0
440, 1857798, 1, 4096, 0
440, 5879, 1, 4096, 0
440, 3331, 1, 4096, 0
440, 3626, 1, 4096, 0
440, 2868, 1, 4096, 0
441, 1296028, 1, 4096, 0
443, 1305619, 1, 4096, 0
443, 356445, 1, 4096, 0
444, 1290821, 1, 4096, 0
444, 6152, 1, 4096, 0
445, 748070, 1, 4096, 0
445, 4949, 1, 4096, 0
446, 496065, 1, 4096, 0
446, 140633, 1, 4096, 0
446, 654293, 1, 4096, 0
447, 112928, 1, 4096, 0
447, 9544, 1, 4096, 0
447, 5728, 1, 4096, 0
447, 4070, 1, 4096, 0
447, 3689, 1, 4096, 0
447, 4440, 1, 4096, 0
447, 3153, 1, 4096, 0
447, 3303, 1, 4096, 0
448, 1659593, 1, 4096, 0
448, 8127, 1, 4096, 0
448, 3370, 1, 4096, 0
449, 1193497, 1, 4096, 0
450, 340976, 1, 4096, 0
450, 8255, 1, 4096, 0
450, 157521, 1, 4096, 0
450, 8411, 1, 4096, 0
450, 2799, 1, 4096, 0
450, 2402, 1, 4096, 0
450, 96073, 1, 4096, 0
450, 290908, 1, 4096, 0
452, 1732379, 1, 4096, 0
453, 760350, 1, 4096, 0
453, 14791, 1, 4096, 0
453, 4061, 1, 4096, 0
453, 3234, 1, 4096, 0
453, 4889, 1, 4096, 0
453, 3389, 1, 4096, 0
453, 2460, 1, 4096, 0
453, 3083, 1, 4096, 0
455, 2464596, 1, 4096, 0
455, 9115, 1, 4096, 0
455, 5437, 1, 4096, 0
455, 4132, 1, 4096, 0
455, 2989, 1, 4096, 0
455, 3654, 1, 4096, 0
455, 4209, 1, 4096, 0
456, 269731, 1, 4096, 0
456, 8776, 1, 4096, 0
456, 2920, 1, 4096, 0
456, 2421, 1, 4096, 0
456, 2651, 1, 4096, 0
456, 2143, 1, 4096, 0
456, 2554, 1, 4096, 0
458, 2019014, 1, 4096, 0
458, 8822, 1, 4096, 0
459, 686380, 1, 4096, 0
459, 5950, 1, 4096, 0
459, 251336, 1, 4096, 0
459, 62665, 1, 4096, 0
459, 4670, 1, 4096, 0
459, 307185, 1, 4096, 0
460, 754631, 1, 4096, 0
460, 5845, 1, 4096, 0
460, 3551, 1, 4096, 0
460, 3459, 1, 4096, 0
462, 1556710, 1, 4096, 0
462, 4839, 1, 4096, 0
462, 7466, 1, 4096, 0
462, 554014, 1, 4096, 0
462, 3805, 1, 4096, 0
462, 2266, 1, 4096, 0
462, 306030, 1, 4096, 0
463, 709414, 1, 4096, 0
464, 672938, 1, 4096, 0
464, 7104, 1, 4096, 0
465, 1266073, 1, 4096, 0
466, 475574, 1, 4096, 0
466, 4384, 1, 4096, 0
466, 3220, 1, 4096, 0
466, 3070, 1, 4096, 0
466, 3307, 1, 4096, 0
466, 178854, 1, 4096, 0
466, 595656, 1, 4096, 0
468, 1863857, 1, 4096, 0
468, 4415, 1, 4096, 0
468, 3320, 1, 4096, 0
468, 2945, 1, 4096, 0
469, 369962, 1, 4096, 0
469, 8702, 1, 4096, 0
469, 211788, 1, 4096, 0
469, 444778, 1, 4096, 0
470, 1046643, 1, 4096, 0
471, 332303, 1, 4096, 0
471, 6000, 1, 4096, 0
471, 3147, 1, 4096, 0
471, 3079, 1, 4096, 0
471, 4381, 1, 4096, 0
471, 4139, 1, 4096, 0
471, 4439, 1, 4096, 0
471, 4440, 1, 4096, 0
473, 2523873, 1, 4096, 0
474, 556644, 1, 4096, 0
474, 309430, 1, 4096, 0
474, 6038, 1, 4096, 0
474, 3215, 1, 4096, 0
474, 184131, 1, 4096, 0
474, 15641, 1, 4096, 0
474, 5463, 1, 4096, 0
474, 4335, 1, 4096, 0
474, 3606, 1, 4096, 0
474, 4014, 1, 4096, 0
474, 5033, 1, 4096, 0
474, 4600, 1, 4096, 0
475, 979357, 1, 4096, 0
475, 8450, 1, 4096, 0
475, 4235, 1, 4096, 0
475, 3560, 1, 4096, 0
475, 2765, 1, 4096, 0
475, 4527, 1, 4096, 0
475, 4178, 1, 4096, 0
475, 2928, 1, 4096, 0
478, 2194618, 1, 4096, 0
478, 351420, 1, 4096, 0
478, 4639, 1, 4096, 0
478, 356296, 1, 4096, 0
479, 371391, 1, 4096, 0
479, 4071, 1, 4096, 0
479, 358979, 1, 4096, 0
479, 2250, 1, 4096, 0
480, 1272707, 1, 4096, 0
480, 6110, 1, 4096, 0
481, 247433, 1, 4096, 0
481, 843351, 1, 4096, 0
481, 5280, 1, 4096, 0
482, 122512, 1, 4096, 0
482, 6996, 1, 4096, 0
482, 3578, 1, 4096, 0
482, 2564, 1, 4096, 0
482, 3806, 1, 4096, 0
482, 3731, 1, 4096, 0
482, 3753, 1, 4096, 0
482, 5450, 1, 4096, 0
484, 1978201, 1, 4096, 0
484, 7348, 1, 4096, 0
484, 3721, 1, 4096, 0
484, 3601, 1, 4096, 0
484, 3907, 1, 4096, 0
484, 4199, 1, 4096, 0
484, 2965, 1, 4096, 0
484, 2970, 1, 4096, 0
485, 1024484, 1, 4096, 0
485, 9808, 1, 4096, 0
485, 3094, 1, 4096, 0
485, 167437, 1, 4096, 0
485, 9151, 1, 4096, 0
485, 4250, 1, 4096, 0
485, 233127, 1, 4096, 0
485, 9663, 1, 4096, 0
485, 3157, 1, 4096, 0
485, 2688, 1, 4096, 0
485, 2927, 1, 4096, 0
485, 3086, 1, 4096, 0
485, 3117, 1, 4096, 0
487, 1567335, 1, 4096, 0
487, 7224, 1, 4096, 0
487, 4023, 1, 4096, 0
487, 3047, 1, 4096, 0
487, 3522, 1, 4096, 0
488, 663331, 1, 4096, 0
488, 7253, 1, 4096, 0
488, 14623, 1, 4096, 0
489, 1110902, 1, 4096, 0
489, 9967, 1, 4096, 0
490, 1096873, 1, 4096, 0
490, 5691, 1, 4096, 0
491, 428665, 1, 4096, 0
491, 6866, 1, 4096, 0
491, 2766, 1, 4096, 0
492, 1301586, 1, 4096, 0
492, 6316, 1, 4096, 0
492, 194533, 1, 4096, 0
492, 6539, 1, 4096, 0
492, 231338, 1, 4096, 0
492, 7464, 1, 4096, 0
492, 1990, 1, 4096, 0
492, 3608, 1, 4096, 0
492, 2964, 1, 4096, 0
492, 2180, 1, 4096, 0
492, 2203, 1, 4096, 0
492, 2913, 1, 4096, 0
493, 411875, 1, 4096, 0
493, 4590, 1, 4096, 0
493, 4083, 1, 4096, 0
493, 3597, 1, 4096, 0
493, 3726, 1, 4096, 0
494, 753928, 1, 4096, 0
495, 1316183, 1, 4096, 0
495, 6800, 1, 4096, 0
496, 700821, 1, 4096, 0
496, 397959, 1, 4096, 0
496, 122822, 1, 4096, 0
497, 483930, 1, 4096, 0
497, 93432, 1, 4096, 0
497, 644275, 1, 4096, 0
498, 127113, 1, 4096, 0
499, 920451, 1, 4096, 0
499, 4884, 1, 4096, 0
499, 3016, 1, 4096, 0
499, 570148, 1, 4096, 0
500, 1064715, 1, 4096, 0
500, 8273, 1, 4096, 0
500, 3693, 1, 4096, 0
501, 318369, 1, 4096, 0
501, 3594, 1, 4096, 0
502, 1055159, 1, 4096, 0
502, 6445, 1, 4096, 0
502, 412854, 1, 4096, 0
503, 624977, 1, 4096, 0
503, 5085, 1, 4096, 0
503, 3087, 1, 4096, 0
503, 639242, 1, 4096, 0
504, 189230, 1, 4096, 0
504, 117916, 1, 4096, 0
504, 10371, 1, 4096, 0
504, 3420, 1, 4096, 0
504, 3123, 1, 4096, 0
504, 4340, 1, 4096, 0
504, 3556, 1, 4096, 0
504, 4447, 1, 4096, 0
504, 4118, 1, 4096, 0
506, 1867318, 1, 4096, 0
506, 488300, 1, 4096, 0
506, 23439, 1, 4096, 0
506, 5894, 1, 4096, 0
506, 3191, 1, 4096, 0
506, 3858, 1, 4096, 0
506, 3681, 1, 4096, 0
506, 3847, 1, 4096, 0
506, 3268, 1, 4096, 0
506, 3451, 1, 4096, 0
506, 368937, 1, 4096, 0
507, 8389, 1, 4096, 0
507, 2803, 1, 4096, 0
507, 2649, 1, 4096, 0
507, 2267, 1, 4096, 0
507, 2051, 1, 4096, 0
508, 978147, 1, 4096, 0
508, 574136, 1, 4096, 0
509, 884640, 1, 4096, 0
509, 9053, 1, 4096, 0
509, 3887, 1, 4096, 0
509, 2847, 1, 4096, 0
509, 3997, 1, 4096, 0
509, 2869, 1, 4096, 0
509, 3188, 1, 4096, 0
509, 4166, 1, 4096, 0
510, 725082, 1, 4096, 0
510, 110353, 1, 4096, 0
511, 1136644, 1, 4096, 0
511, 5371, 1, 4096, 0
511, 321428, 1, 4096, 0
511, 25804, 1, 4096, 0
512, 560935, 1, 4096, 0
512, 3439, 1, 4096, 0
512, 3238, 1, 4096, 0
513, 1274766, 1, 4096, 0
513, 5443, 1, 4096, 0
514, 489604, 1, 4096, 0
514, 5403, 1, 4096, 0
514, 499122, 1, 4096, 0
514, 7798, 1, 4096, 0
515, 507047, 1, 4096, 0
515, 6224, 1, 4096, 0
515, 3146, 1, 4096, 0
515, 2631, 1, 4096, 0
515, 4320, 1, 4096, 0
515, 3589, 1, 4096, 0
515, 2355, 1, 4096, 0
515, 2568, 1, 4096, 0
517, 2076956, 1, 4096, 0
517, 4928, 1, 4096, 0
517, 3049, 1, 4096, 0
517, 3274, 1, 4096, 0
517, 3367, 1, 4096, 0
517, 2761, 1, 4096, 0
518, 594142, 1, 4096, 0
518, 563962, 1, 4096, 0
518, 5829, 1, 4096, 0
519, 588715, 1, 4096, 0
519, 7089, 1, 4096, 0
519, 2365, 1, 4096, 0
519, 3280, 1, 4096, 0
519, 285414, 1, 4096, 0
519, 6049, 1, 4096, 0
519, 3486, 1, 4096, 0
519, 3457, 1, 4096, 0
519, 2969, 1, 4096, 0
519, 3776, 1, 4096, 0
519, 4270, 1, 4096, 0
519, 5836, 1, 4096, 0
522, 2450330, 1, 4096, 0
522, 176618, 1, 4096, 0
522, 4839, 1, 4096, 0
522, 148073, 1, 4096, 0
522, 320205, 1, 4096, 0
522, 131007, 1, 4096, 0
523, 75426, 1, 4096, 0
523, 7295, 1, 4096, 0
523, 4530, 1, 4096, 0
523, 3770, 1, 4096, 0
523, 2862, 1, 4096, 0
523, 3003, 1, 4096, 0
523, 895700, 1, 4096, 0
523, 6685, 1, 4096, 0
524, 480436, 1, 4096, 0
525, 592851, 1, 4096, 0
525, 323784, 1, 4096, 0
525, 5491, 1, 4096, 0
525, 3992, 1, 4096, 0
526, 937573, 1, 4096, 0
526, 22758, 1, 4096, 0
526, 6993, 1, 4096, 0
526, 3552, 1, 4096, 0
526, 4696, 1, 4096, 0
526, 4291, 1, 4096, 0
526, 4399, 1, 4096, 0
526, 4273, 1, 4096, 0
526, 3680, 1, 4096, 0
527, 1377201, 1, 4096, 0
527, 9569, 1, 4096, 0
527, 3367, 1, 4096, 0
527, 2898, 1, 4096, 0
527, 3505, 1, 4096, 0
527, 173827, 1, 4096, 0
527, 6407, 1, 4096, 0
527, 2958, 1, 4096, 0
528, 75981, 1, 4096, 0
529, 708244, 1, 4096, 0
529, 163798, 1, 4096, 0
529, 282822, 1, 4096, 0
529, 9859, 1, 4096, 0
530, 398831, 1, 4096, 0
530, 273391, 1, 4096, 0
530, 5838, 1, 4096, 0
530, 3733, 1, 4096, 0
530, 4516, 1, 4096, 0
530, 17075, 1, 4096, 0
531, 6330, 1, 4096, 0
531, 739186, 1, 4096, 0
531, 9340, 1, 4096, 0
533, 1471999, 1, 4096, 0
533, 6690, 1, 4096, 0
533, 224151, 1, 4096, 0
533, 4369, 1, 4096, 0
534, 540512, 1, 4096, 0
534, 425374, 1, 4096, 0
535, 539123, 1, 4096, 0
535, 194925, 1, 4096, 0
535, 394250, 1, 4096, 0
535, 131046, 1, 4096, 0
535, 3476, 1, 4096, 0
535, 2536, 1, 4096, 0
535, 2638, 1, 4096, 0
535, 1882, 1, 4096, 0
535, 2182, 1, 4096, 0
535, 1915, 1, 4096, 0
535, 1716, 1, 4096, 0
537, 2035175, 1, 4096, 0
537, 9827, 1, 4096, 0
537, 5224, 1, 4096, 0
537, 2900, 1, 4096, 0
537, 66544, 1, 4096, 0
538, 460885, 1, 4096, 0
539, 749743, 1, 4096, 0
539, 280790, 1, 4096, 0
539, 545103, 1, 4096, 0
541, 1710752, 1, 4096, 0
541, 7440, 1, 4096, 0
541, 3848, 1, 4096, 0
541, 3235, 1, 4096, 0
542, 594935, 1, 4096, 0
543, 1458754, 1, 4096, 0
543, 8291, 1, 4096, 0
544, 601119, 1, 4096, 0
544, 6199, 1, 4096, 0
544, 88979, 1, 4096, 0
545, 579001, 1, 4096, 0
545, 600761, 1, 4096, 0
545, 5776, 1, 4096, 0
547, 2008362, 1, 4096, 0
547, 5254, 1, 4096, 0
547, 3074, 1, 4096, 0
548, 581620, 1, 4096, 0
549, 704845, 1, 4096, 0
549, 5359, 1, 4096, 0
549, 5297, 1, 4096, 0
550, 1332458, 1, 4096, 0
550, 4365, 1, 4096, 0
550, 3545, 1, 4096, 0
551, 1245198, 1, 4096, 0
551, 5431, 1, 4096, 0
551, 339260, 1, 4096, 0
551, 9938, 1, 4096, 0
551, 3931, 1, 4096, 0
552, 3176, 1, 4096, 0
552, 2752, 1, 4096, 0
552, 2835, 1, 4096, 0
552, 2623, 1, 4096, 0
552, 3073, 1, 4096, 0
555, 3111393, 1, 4096, 0
555, 229143, 1, 4096, 0
555, 4518, 1, 4096, 0
555, 3736, 1, 4096, 0
556, 1061478, 1, 4096, 0
556, 7081, 1, 4096, 0
556, 3213, 1, 4096, 0
556, 252595, 1, 4096, 0
557, 587391, 1, 4096, 0
557, 189541, 1, 4096, 0
557, 3485, 1, 4096, 0
560, 2931199, 1, 4096, 0
560, 8025, 1, 4096, 0
560, 190488, 1, 4096, 0
561, 375964, 1, 4096, 0
561, 11104, 1, 4096, 0
561, 136023, 1, 4096, 0
561, 750667, 1, 4096, 0
561, 4426, 1, 4096, 0
562, 381327, 1, 4096, 0
562, 6005, 1, 4096, 0
562, 2902, 1, 4096, 0
562, 2464, 1, 4096, 0
562, 2384, 1, 4096, 0
562, 3523, 1, 4096, 0
562, 3287, 1, 4096, 0
562, 3616, 1, 4096, 0
564, 2287128, 1, 4096, 0
564, 8425, 1, 4096, 0
564, 5285, 1, 4096, 0
564, 3444, 1, 4096, 0
564, 3434, 1, 4096, 0
564, 3966, 1, 4096, 0
564, 2435, 1, 4096, 0
564, 2504, 1, 4096, 0
564, 192792, 1, 4096, 0
564, 8615, 1, 4096, 0
564, 3706, 1, 4096, 0
564, 3625, 1, 4096, 0
564, 2802, 1, 4096, 0
564, 2740, 1, 4096, 0
565, 364430, 1, 4096, 0
567, 1615631, 1, 4096, 0
567, 113049, 1, 4096, 0
567, 5788, 1, 4096, 0
567, 2223, 1, 4096, 0
567, 3881, 1, 4096, 0
567, 3387, 1, 4096, 0
567, 3650, 1, 4096, 0
567, 3734, 1, 4096, 0
567, 312534, 1, 4096, 0
567, 6956, 1, 4096, 0
567, 3062, 1, 4096, 0
567, 4178, 1, 4096, 0
567, 57279, 1, 4096, 0
568, 262101, 1, 4096, 0
568, 361363, 1, 4096, 0
569, 1516241, 1, 4096, 0
570, 425528, 1, 4096, 0
570, 6190, 1, 4096, 0
570, 3317, 1, 4096, 0
570, 286782, 1, 4096, 0
571, 859110, 1, 4096, 0
571, 130109, 1, 4096, 0
571, 243412, 1, 4096, 0
571, 5443, 1, 4096, 0
571, 2923, 1, 4096, 0
571, 2731, 1, 4096, 0
571, 2975, 1, 4096, 0
571, 3590, 1, 4096, 0
571, 4478, 1, 4096, 0
571, 3206, 1, 4096, 0
572, 645967, 1, 4096, 0
572, 10951, 1, 4096, 0
572, 4506, 1, 4096, 0
573, 718415, 1, 4096, 0
574, 921256, 1, 4096, 0
574, 5841, 1, 4096, 0
574, 3979, 1, 4096, 0
574, 350067, 1, 4096, 0
575, 698010, 1, 4096, 0
575, 6147, 1, 4096, 0
575, 190571, 1, 4096, 0
576, 1263510, 1, 4096, 0
577, 340750, 1, 4096, 0
577, 5143, 1, 4096, 0
577, 2520, 1, 4096, 0
577, 1968, 1, 4096, 0
577, 10621, 1, 4096, 0
577, 4780, 1, 4096, 0
577, 3278, 1, 4096, 0
577, 2600, 1, 4096, 0
577, 341078, 1, 4096, 0
577, 4929, 1, 4096, 0
577, 3309, 1, 4096, 0
577, 2910, 1, 4096, 0
577, 2868, 1, 4096, 0
577, 3359, 1, 4096, 0
577, 2876, 1, 4096, 0
577, 3008, 1, 4096, 0
579, 2390917, 1, 4096, 0
580, 447753, 1, 4096, 0
580, 8532, 1, 4096, 0
580, 337724, 1, 4096, 0
580, 94462, 1, 4096, 0
581, 536604, 1, 4096, 0
581, 485456, 1, 4096, 0
581, 6851, 1, 4096, 0
582, 364752, 1, 4096, 0
582, 8107, 1, 4096, 0
582, 3279, 1, 4096, 0
582, 4920, 1, 4096, 0
582, 3051, 1, 4096, 0
582, 3340, 1, 4096, 0
582, 2730, 1, 4096, 0
582, 3014, 1, 4096, 0
582, 470244, 1, 4096, 0
582, 5937, 1, 4096, 0
582, 3954, 1, 4096, 0
582, 2978, 1, 4096, 0
582, 8353, 1, 4096, 0
582, 7690, 1, 4096, 0
582, 5646, 1, 4096, 0
582, 3303, 1, 4096, 0
585, 2637366, 1, 4096, 0
586, 614702, 1, 4096, 0
586, 348405, 1, 4096, 0
586, 5537, 1, 4096, 0
587, 562786, 1, 4096, 0
587, 5728, 1, 4096, 0
587, 2850, 1, 4096, 0
587, 3109, 1, 4096, 0
587, 2771, 1, 4096, 0
587, 2273, 1, 4096, 0
587, 2885, 1, 4096, 0
587, 2547, 1, 4096, 0
589, 2831962, 1, 4096, 0
589, 4838, 1, 4096, 0
590, 253204, 1, 4096, 0
591, 840231, 1, 4096, 0
591, 187081, 1, 4096, 0
591, 3441, 1, 4096, 0
591, 488900, 1, 4096, 0
591, 5336, 1, 4096, 0
592, 566069, 1, 4096, 0
592, 7970, 1, 4096, 0
592, 122368, 1, 4096, 0
592, 8368, 1, 4096, 0
592, 4462, 1, 4096, 0
592, 3542, 1, 4096, 0
592, 3557, 1, 4096, 0
592, 3565, 1, 4096, 0
592, 2840, 1, 4096, 0
592, 3836, 1, 4096, 0
594, 1998805, 1, 4096, 0
594, 5515, 1, 4096, 0
594, 3492, 1, 4096, 0
594, 4196, 1, 4096, 0
594, 3543, 1, 4096, 0
594, 3469, 1, 4096, 0
594, 2935, 1, 4096, 0
594, 3923, 1, 4096, 0
596, 2454731, 1, 4096, 0
597, 134673, 1, 4096, 0
597, 6371, 1, 4096, 0
597, 3278, 1, 4096, 0
597, 3253, 1, 4096, 0
597, 3370, 1, 4096, 0
597, 3464, 1, 4096, 0
597, 3316, 1, 4096, 0
597, 4559, 1, 4096, 0
599, 2709639, 1, 4096, 0
600, 276331, 1, 4096, 0
600, 305251, 1, 4096, 0
600, 6541, 1, 4096, 0
600, 2660, 1, 4096, 0
600, 298159, 1, 4096, 0
601, 289092, 1, 4096, 0
601, 768519, 1, 4096, 0
601, 7027, 1, 4096, 0
601, 2756, 1, 4096, 0
601, 5301, 1, 4096, 0
601, 3179, 1, 4096, 0
601, 4283, 1, 4096, 0
601, 3692, 1, 4096, 0
601, 3388, 1, 4096, 0
602, 674516, 1, 4096, 0
602, 7590, 1, 4096, 0
602, 4987, 1, 4096, 0
602, 3663, 1, 4096, 0
602, 4105, 1, 4096, 0
602, 4687, 1, 4096, 0
602, 5394, 1, 4096, 0
602, 4651, 1, 4096, 0
604, 1899859, 1, 4096, 0
604, 133461, 1, 4096, 0
604, 3656, 1, 4096, 0
604, 3199, 1, 4096, 0
605, 351167, 1, 4096, 0
605, 2667, 1, 4096, 0
605, 339097, 1, 4096, 0
606, 1476520, 1, 4096, 0
607, 236291, 1, 4096, 0
607, 3930, 1, 4096, 0
607, 212236, 1, 4096, 0
608, 1013094, 1, 4096, 0
608, 149662, 1, 4096, 0
608, 4918, 1, 4096, 0
609, 1088012, 1, 4096, 0
609, 6431, 1, 4096, 0
609, 3527, 1, 4096, 0
610, 534636, 1, 4096, 0
610, 636077, 1, 4096, 0
611, 839781, 1, 4096, 0
612, 1071586, 1, 4096, 0
612, 7290, 1, 4096, 0
612, 4304, 1, 4096, 0
612, 3681, 1, 4096, 0
612, 5161, 1, 4096, 0
612, 3971, 1, 4096, 0
612, 3088, 1, 4096, 0
612, 2977, 1, 4096, 0
613, 502280, 1, 4096, 0
613, 7725, 1, 4096, 0
613, 3713, 1, 4096, 0
613, 3429, 1, 4096, 0
613, 3162, 1, 4096, 0
613, 3847, 1, 4096, 0
613, 3894, 1, 4096, 0
613, 3038, 1, 4096, 0
614, 1566784, 1, 4096, 0
614, 8359, 1, 4096, 0
614, 2418, 1, 4096, 0
614, 5647, 1, 4096, 0
614, 3805, 1, 4096, 0
614, 4038, 1, 4096, 0
614, 1990, 1, 4096, 0
614, 3609, 1, 4096, 0
615, 355180, 1, 4096, 0
615, 5934, 1, 4096, 0
615, 347888, 1, 4096, 0
615, 6241, 1, 4096, 0
615, 12888, 1, 4096, 0
616, 529190, 1, 4096, 0
616, 571424, 1, 4096, 0
616, 7267, 1, 4096, 0
616, 3102, 1, 4096, 0
616, 2884, 1, 4096, 0
616, 3120, 1, 4096, 0
617, 586278, 1, 4096, 0
617, 6316, 1, 4096, 0
617, 3406, 1, 4096, 0
618, 991055, 1, 4096, 0
618, 6784, 1, 4096, 0
618, 3241, 1, 4096, 0
618, 390064, 1, 4096, 0
618, 6371, 1, 4096, 0
619, 2641, 1, 4096, 0
619, 5635, 1, 4096, 0
619, 3985, 1, 4096, 0
619, 7121, 1, 4096, 0
620, 805842, 1, 4096, 0
620, 7836, 1, 4096, 0
620, 3383, 1, 4096, 0
620, 184621, 1, 4096, 0
621, 871323, 1, 4096, 0
621, 10586, 1, 4096, 0
621, 3529, 1, 4096, 0
621, 3550, 1, 4096, 0
621, 376346, 1, 4096, 0
622, 20129, 1, 4096, 0
622, 137334, 1, 4096, 0
623, 914486, 1, 4096, 0
623, 6841, 1, 4096, 0
623, 3642, 1, 4096, 0
623, 3590, 1, 4096, 0
623, 3655, 1, 4096, 0
623, 2716, 1, 4096, 0
623, 552912, 1, 4096, 0
624, 1105988, 1, 4096, 0
624, 107788, 1, 4096, 0
624, 7200, 1, 4096, 0
624, 3719, 1, 4096, 0
624, 3387, 1, 4096, 0
625, 433441, 1, 4096, 0
625, 4795, 1, 4096, 0
625, 370256, 1, 4096, 0
625, 5643, 1, 4096, 0
625, 3460, 1, 4096, 0
625, 2603, 1, 4096, 0
625, 1697, 1, 4096, 0
625, 1646, 1, 4096, 0
625, 2085, 1, 4096, 0
625, 3431, 1, 4096, 0
626, 158673, 1, 4096, 0
626, 8727, 1, 4096, 0
626, 3016, 1, 4096, 0
627, 452375, 1, 4096, 0
628, 812039, 1, 4096, 0
628, 6236, 1, 4096, 0
628, 446023, 1, 4096, 0
628, 297418, 1, 4096, 0
628, 6884, 1, 4096, 0
628, 3798, 1, 4096, 0
628, 3749, 1, 4096, 0
628, 4787, 1, 4096, 0
628, 3625, 1, 4096, 0
628, 3077, 1, 4096, 0
629, 809159, 1, 4096, 0
629, 4509, 1, 4096, 0
629, 3278, 1, 4096, 0
629, 31550, 1, 4096, 0
630, 242174, 1, 4096, 0
630, 396809, 1, 4096, 0
630, 5206, 1, 4096, 0
630, 3446, 1, 4096, 0
630, 2874, 1, 4096, 0
630, 2732, 1, 4096, 0
632, 2481375, 1, 4096, 0
632, 5573, 1, 4096, 0
633, 821634, 1, 4096, 0
633, 5226, 1, 4096, 0
634, 338846, 1, 4096, 0
634, 373001, 1, 4096, 0
635, 588040, 1, 4096, 0
635, 870742, 1, 4096, 0
636, 8304, 1, 4096, 0
636, 3694, 1, 4096, 0
636, 113295, 1, 4096, 0
636, 7143, 1, 4096, 0
636, 2542, 1, 4096, 0
636, 4040, 1, 4096, 0
636, 4904, 1, 4096, 0
636, 4174, 1, 4096, 0
636, 3012, 1, 4096, 0
636, 3787, 1, 4096, 0
636, 291749, 1, 4096, 0
636, 3175, 1, 4096, 0
636, 2700, 1, 4096, 0
636, 2384, 1, 4096, 0
636, 2368, 1, 4096, 0
636, 2641, 1, 4096, 0
636, 4426, 1, 4096, 0
636, 2313, 1, 4096, 0
639, 2857336, 1, 4096, 0
639, 70330, 1, 4096, 0
639, 8413, 1, 4096, 0
639, 2842, 1, 4096, 0
639, 3789, 1, 4096, 0
639, 4393, 1, 4096, 0
639, 2913, 1, 4096, 0
640, 1041053, 1, 4096, 0
640, 7965, 1, 4096, 0
640, 4281, 1, 4096, 0
640, 3338, 1, 4096, 0
641, 857736, 1, 4096, 0
641, 9004, 1, 4096, 0
641, 468662, 1, 4096, 0
642, 432133, 1, 4096, 0
642, 160227, 1, 4096, 0
642, 5649, 1, 4096, 0
642, 3588, 1, 4096, 0
642, 3586, 1, 4096, 0
642, 2822, 1, 4096, 0
642, 1844, 1, 4096, 0
642, 2468, 1, 4096, 0
642, 1502, 1, 4096, 0
643, 1124414, 1, 4096, 0
644, 823394, 1, 4096, 0
644, 74692, 1, 4096, 0
644, 233189, 1, 4096, 0
644, 6351, 1, 4096, 0
644, 3498, 1, 4096, 0
644, 3633, 1, 4096, 0
644, 17164, 1, 4096, 0
644, 4981, 1, 4096, 0
645, 260659, 1, 4096, 0
646, 1170770, 1, 4096, 0
646, 8127, 1, 4096, 0
646, 3724, 1, 4096, 0
646, 3194, 1, 4096, 0
646, 2653, 1, 4096, 0
646, 399668, 1, 4096, 0
646, 206182, 1, 4096, 0
648, 1375148, 1, 4096, 0
648, 250086, 1, 4096, 0
648, 12113, 1, 4096, 0
648, 8443, 1, 4096, 0
648, 3525, 1, 4096, 0
648, 2669, 1, 4096, 0
648, 2793, 1, 4096, 0
648, 2622, 1, 4096, 0
648, 5853, 1, 4096, 0
649, 157139, 1, 4096, 0
649, 3373, 1, 4096, 0
649, 710679, 1, 4096, 0
649, 6017, 1, 4096, 0
649, 2634, 1, 4096, 0
650, 677074, 1, 4096, 0
651, 640218, 1, 4096, 0
651, 683537, 1, 4096, 0
652, 625240, 1, 4096, 0
652, 5769, 1, 4096, 0
652, 2985, 1, 4096, 0
652, 2922, 1, 4096, 0
652, 2540, 1, 4096, 0
652, 183472, 1, 4096, 0
654, 1382389, 1, 4096, 0
654, 5713, 1, 4096, 0
654, 503267, 1, 4096, 0
654, 6737, 1, 4096, 0
654, 2358, 1, 4096, 0
655, 1043086, 1, 4096, 0
656, 677703, 1, 4096, 0
656, 4860, 1, 4096, 0
656, 538350, 1, 4096, 0
656, 5103, 1, 4096, 0
656, 3871, 1, 4096, 0
656, 4483, 1, 4096, 0
656, 3596, 1, 4096, 0
656, 3009, 1, 4096, 0
656, 3233, 1, 4096, 0
656, 3115, 1, 4096, 0
660, 3240571, 1, 4096, 0
660, 138413, 1, 4096, 0
660, 7876, 1, 4096, 0
660, 3435, 1, 4096, 0
660, 3027, 1, 4096, 0
660, 2544, 1, 4096, 0
660, 2498, 1, 4096, 0
660, 3286, 1, 4096, 0
660, 3044, 1, 4096, 0
661, 846513, 1, 4096, 0
661, 5744, 1, 4096, 0
661, 4553, 1, 4096, 0
661, 3827, 1, 4096, 0
661, 4061, 1, 4096, 0
661, 4271, 1, 4096, 0
661, 4097, 1, 4096, 0
661, 3898, 1, 4096, 0
662, 1296901, 1, 4096, 0
662, 5284, 1, 4096, 0
662, 3323, 1, 4096, 0
662, 4464, 1, 4096, 0
662, 2497, 1, 4096, 0
662, 9211, 1, 4096, 0
664, 1093643, 1, 4096, 0
664, 350630, 1, 4096, 0
664, 293130, 1, 4096, 0
664, 76374, 1, 4096, 0
664, 5506, 1, 4096, 0
664, 3179, 1, 4096, 0
665, 629974, 1, 4096, 0
665, 6063, 1, 4096, 0
665, 340267, 1, 4096, 0
666, 551622, 1, 4096, 0
666, 563459, 1, 4096, 0
666, 8006, 1, 4096, 0
666, 4648, 1, 4096, 0
666, 3197, 1, 4096, 0
666, 3228, 1, 4096, 0
667, 229427, 1, 4096, 0
667, 5717, 1, 4096, 0
667, 263277, 1, 4096, 0
669, 1925161, 1, 4096, 0
669, 497177, 1, 4096, 0
669, 16567, 1, 4096, 0
670, 548387, 1, 4096, 0
670, 8128, 1, 4096, 0
670, 3904, 1, 4096, 0
670, 232924, 1, 4096, 0
670, 6313, 1, 4096, 0
670, 3346, 1, 4096, 0
670, 3739, 1, 4096, 0
670, 3417, 1, 4096, 0
670, 3162, 1, 4096, 0
670, 2923, 1, 4096, 0
670, 46950, 1, 4096, 0
671, 375161, 1, 4096, 0
671, 9223, 1, 4096, 0
671, 668264, 1, 4096, 0
672, 812825, 1, 4096, 0
672, 8518, 1, 4096, 0
672, 3663, 1, 4096, 0
672, 74977, 1, 4096, 0
672, 8180, 1, 4096, 0
672, 3635, 1, 4096, 0
672, 3261, 1, 4096, 0
672, 13238, 1, 4096, 0
672, 4742, 1, 4096, 0
672, 3172, 1, 4096, 0
672, 4291, 1, 4096, 0
674, 760294, 1, 4096, 0
675, 626363, 1, 4096, 0
675, 222018, 1, 4096, 0
675, 11748, 1, 4096, 0
675, 2836, 1, 4096, 0
675, 171431, 1, 4096, 0
675, 384345, 1, 4096, 0
676, 417279, 1, 4096, 0
676, 7771, 1, 4096, 0
676, 3616, 1, 4096, 0
676, 3032, 1, 4096, 0
676, 2872, 1, 4096, 0
676, 2805, 1, 4096, 0
676, 2929, 1, 4096, 0
676, 2793, 1, 4096, 0
678, 2010270, 1, 4096, 0
678, 4289, 1, 4096, 0
678, 338770, 1, 4096, 0
678, 191194, 1, 4096, 0
678, 83913, 1, 4096, 0
679, 426678, 1, 4096, 0
680, 1123620, 1, 4096, 0
680, 8262, 1, 4096, 0
680, 2946, 1, 4096, 0
680, 3060, 1, 4096, 0
680, 3063, 1, 4096, 0
680, 3467, 1, 4096, 0
680, 2492, 1, 4096, 0
680, 3912, 1, 4096, 0
680, 398915, 1, 4096, 0
680, 4248, 1, 4096, 0
680, 2586, 1, 4096, 0
681, 477740, 1, 4096, 0
683, 2264398, 1, 4096, 0
683, 6259, 1, 4096, 0
683, 2724, 1, 4096, 0
683, 2694, 1, 4096, 0
683, 3357, 1, 4096, 0
683, 2758, 1, 4096, 0
683, 2374, 1, 4096, 0
683, 2118, 1, 4096, 0
683, 34546, 1, 4096, 0
683, 5278, 1, 4096, 0
683, 3606, 1, 4096, 0
684, 525171, 1, 4096, 0
684, 6319, 1, 4096, 0
684, 3859, 1, 4096, 0
684, 3229, 1, 4096, 0
684, 2787, 1, 4096, 0
684, 29770, 1, 4096, 0
684, 6059, 1, 4096, 0
684, 5519, 1, 4096, 0
686, 322856, 1, 4096, 0
686, 581644, 1, 4096, 0
686, 7864, 1, 4096, 0
687, 424047, 1, 4096, 0
687, 166202, 1, 4096, 0
688, 1148759, 1, 4096, 0
688, 8020, 1, 4096, 0
688, 3040, 1, 4096, 0
688, 3141, 1, 4096, 0
689, 996465, 1, 4096, 0
689, 111978, 1, 4096, 0
689, 129923, 1, 4096, 0
690, 549430, 1, 4096, 0
690, 3591, 1, 4096, 0
690, 3095, 1, 4096, 0
691, 788846, 1, 4096, 0
691, 7539, 1, 4096, 0
692, 993264, 1, 4096, 0
692, 6581, 1, 4096, 0
692, 3460, 1, 4096, 0
692, 90676, 1, 4096, 0
693, 1003612, 1, 4096, 0
693, 96417, 1, 4096, 0
694, 1636966, 1, 4096, 0
694, 7039, 1, 4096, 0
694, 3976, 1, 4096, 0
694, 2745, 1, 4096, 0
695, 43319, 1, 4096, 0
695, 4194, 1, 4096, 0
696, 1704095, 1, 4096, 0
696, 7906, 1, 4096, 0
697, 625163, 1, 4096, 0
697, 254516, 1, 4096, 0
697, 337536, 1, 4096, 0
698, 5766, 1, 4096, 0
698, 96566, 1, 4096, 0
698, 8997, 1, 4096, 0
698, 4715, 1, 4096, 0
698, 5390, 1, 4096, 0
698, 4210, 1, 4096, 0
698, 4199, 1, 4096, 0
698, 3526, 1, 4096, 0
698, 5434, 1, 4096, 0
700, 2164616, 1, 4096, 0
700, 8001, 1, 4096, 0
700, 2879, 1, 4096, 0
701, 862839, 1, 4096, 0
701, 4180, 1, 4096, 0
701, 3728, 1, 4096, 0
701, 3476, 1, 4096, 0
702, 1131184, 1, 4096, 0
702, 8599, 1, 4096, 0
702, 3943, 1, 4096, 0
702, 3688, 1, 4096, 0
702, 3600, 1, 4096, 0
702, 3179, 1, 4096, 0
702, 3189, 1, 4096, 0
702, 3843, 1, 4096, 0
702, 136329, 1, 4096, 0
705, 2761407, 1, 4096, 0
705, 5460, 1, 4096, 0
705, 3307, 1, 4096, 0
705, 2260, 1, 4096, 0
705, 2721, 1, 4096, 0
705, 2710, 1, 4096, 0
705, 2040, 1, 4096, 0
705, 2503, 1, 4096, 0
705, 95458, 1, 4096, 0
706, 736001, 1, 4096, 0
706, 93330, 1, 4096, 0
706, 486098, 1, 4096, 0
706, 7062, 1, 4096, 0
706, 4035, 1, 4096, 0
706, 3348, 1, 4096, 0
706, 3093, 1, 4096, 0
706, 3681, 1, 4096, 0
706, 4831, 1, 4096, 0
706, 23459, 1, 4096, 0
706, 41408, 1, 4096, 0
706, 5551, 1, 4096, 0
707, 5499, 1, 4096, 0
707, 3269, 1, 4096, 0
708, 782757, 1, 4096, 0
708, 6765, 1, 4096, 0
708, 138391, 1, 4096, 0
708, 3893, 1, 4096, 0
708, 2709, 1, 4096, 0
708, 2581, 1, 4096, 0
708, 2660, 1, 4096, 0
709, 5005, 1, 4096, 0
709, 4726, 1, 4096, 0
710, 1229195, 1, 4096, 0
711, 444997, 1, 4096, 0
711, 7877, 1, 4096, 0
712, 1002610, 1, 4096, 0
712, 400047, 1, 4096, 0
712, 9818, 1, 4096, 0
712, 229092, 1, 4096, 0
714, 1646313, 1, 4096, 0
714, 6670, 1, 4096, 0
714, 8811, 1, 4096, 0
714, 4139, 1, 4096, 0
714, 6958, 1, 4096, 0
714, 368492, 1, 4096, 0
714, 5621, 1, 4096, 0
715, 259038, 1, 4096, 0
715, 5331, 1, 4096, 0
715, 3296, 1, 4096, 0
715, 4825, 1, 4096, 0
715, 3500, 1, 4096, 0
715, 2283, 1, 4096, 0
715, 2939, 1, 4096, 0
715, 3293, 1, 4096, 0
718, 3056066, 1, 4096, 0
718, 9546, 1, 4096, 0
718, 3316, 1, 4096, 0
718, 306109, 1, 4096, 0
718, 3590, 1, 4096, 0
718, 7887, 1, 4096, 0
719, 1082909, 1, 4096, 0
719, 95944, 1, 4096, 0
719, 7858, 1, 4096, 0
719, 4487, 1, 4096, 0
719, 3012, 1, 4096, 0
719, 2391, 1, 4096, 0
719, 2652, 1, 4096, 0
719, 3149, 1, 4096, 0
719, 2905, 1, 4096, 0
722, 2533079, 1, 4096, 0
722, 582179, 1, 4096, 0
722, 4888, 1, 4096, 0
722, 4561, 1, 4096, 0
723, 427338, 1, 4096, 0
724, 770247, 1, 4096, 0
724, 5985, 1, 4096, 0
724, 3294, 1, 4096, 0
724, 867394, 1, 4096, 0
725, 615689, 1, 4096, 0
725, 5630, 1, 4096, 0
725, 287839, 1, 4096, 0
725, 3444, 1, 4096, 0
727, 1657221, 1, 4096, 0
727, 4650, 1, 4096, 0
727, 407715, 1, 4096, 0
728, 511251, 1, 4096, 0
728, 157444, 1, 4096, 0
728, 200920, 1, 4096, 0
728, 5330, 1, 4096, 0
729, 716607, 1, 4096, 0
729, 5429, 1, 4096, 0
729, 4095, 1, 4096, 0
731, 1658934, 1, 4096, 0
731, 8911, 1, 4096, 0
731, 4062, 1, 4096, 0
731, 3786, 1, 4096, 0
731, 3643, 1, 4096, 0
731, 4184, 1, 4096, 0
731, 8476, 1, 4096, 0
731, 4630, 1, 4096, 0
732, 1298009, 1, 4096, 0
732, 6876, 1, 4096, 0
732, 3657, 1, 4096, 0
732, 2838, 1, 4096, 0
732, 4068, 1, 4096, 0
732, 3141, 1, 4096, 0
732, 3905, 1, 4096, 0
732, 3087, 1, 4096, 0
735, 3236007, 1, 4096, 0
735, 9356, 1, 4096, 0
735, 9949, 1, 4096, 0
735, 3461, 1, 4096, 0
735, 3824, 1, 4096, 0
735, 3599, 1, 4096, 0
735, 3430, 1, 4096, 0
735, 3505, 1, 4096, 0
738, 2431111, 1, 4096, 0
738, 362906, 1, 4096, 0
739, 299149, 1, 4096, 0
739, 375360, 1, 4096, 0
739, 5048, 1, 4096, 0
739, 317144, 1, 4096, 0
739, 4415, 1, 4096, 0
739, 3006, 1, 4096, 0
740, 625008, 1, 4096, 0
740, 7150, 1, 4096, 0
740, 3713, 1, 4096, 0
740, 2759, 1, 4096, 0
740, 2666, 1, 4096, 0
740, 3058, 1, 4096, 0
740, 3688, 1, 4096, 0
740, 3339, 1, 4096, 0
740, 494035, 1, 4096, 0
741, 108234, 1, 4096, 0
741, 401036, 1, 4096, 0
741, 6942, 1, 4096, 0
741, 4873, 1, 4096, 0
741, 4212, 1, 4096, 0
741, 3645, 1, 4096, 0
741, 3273, 1, 4096, 0
741, 3612, 1, 4096, 0
741, 3043, 1, 4096, 0
744, 2338763, 1, 4096, 0
744, 5459, 1, 4096, 0
744, 2735, 1, 4096, 0
744, 3359, 1, 4096, 0
744, 3211, 1, 4096, 0
744, 660718, 1, 4096, 0
744, 6749, 1, 4096, 0
744, 4700, 1, 4096, 0
744, 89823, 1, 4096, 0
745, 172983, 1, 4096, 0
745, 262076, 1, 4096, 0
745, 5554, 1, 4096, 0
745, 3692, 1, 4096, 0
745, 3808, 1, 4096, 0
745, 4167, 1, 4096, 0
745, 3240, 1, 4096, 0
745, 3926, 1, 4096, 0
745, 3788, 1, 4096, 0
746, 1011065, 1, 4096, 0
746, 8750, 1, 4096, 0
746, 4928, 1, 4096, 0
746, 3605, 1, 4096, 0
747, 980663, 1, 4096, 0
747, 7571, 1, 4096, 0
747, 3644, 1, 4096, 0
747, 3603, 1, 4096, 0
747, 3375, 1, 4096, 0
747, 2703, 1, 4096, 0
747, 2944, 1, 4096, 0
748, 600805, 1, 4096, 0
748, 12518, 1, 4096, 0
748, 9276, 1, 4096, 0
749, 712941, 1, 4096, 0
750, 643210, 1, 4096, 0
750, 6536, 1, 4096, 0
750, 3463, 1, 4096, 0
750, 185583, 1, 4096, 0
751, 933101, 1, 4096, 0
751, 7928, 1, 4096, 0
751, 3936, 1, 4096, 0
751, 3243, 1, 4096, 0
751, 2968, 1, 4096, 0
751, 2735, 1, 4096, 0
751, 3179, 1, 4096, 0
751, 3272, 1, 4096, 0
752, 9103, 1, 4096, 0
752, 6411, 1, 4096, 0
752, 4440, 1, 4096, 0
752, 4601, 1, 4096, 0
752, 4919, 1, 4096, 0
752, 3692, 1, 4096, 0
752, 470752, 1, 4096, 0
752, 129367, 1, 4096, 0
754, 1085361, 1, 4096, 0
755, 1601728, 1, 4096, 0
756, 1034612, 1, 4096, 0
756, 7428, 1, 4096, 0
756, 3820, 1, 4096, 0
756, 2503, 1, 4096, 0
756, 4673, 1, 4096, 0
757, 741816, 1, 4096, 0
757, 6804, 1, 4096, 0
757, 3224, 1, 4096, 0
757, 3134, 1, 4096, 0
757, 3549, 1, 4096, 0
757, 3097, 1, 4096, 0
757, 3403, 1, 4096, 0
757, 70667, 1, 4096, 0
758, 428548, 1, 4096, 0
758, 6887, 1, 4096, 0
758, 2721, 1, 4096, 0
758, 2760, 1, 4096, 0
758, 2463, 1, 4096, 0
758, 1900, 1, 4096, 0
758, 11413, 1, 4096, 0
758, 7865, 1, 4096, 0
759, 900534, 1, 4096, 0
759, 322770, 1, 4096, 0
759, 11149, 1, 4096, 0
760, 855805, 1, 4096, 0
760, 141825, 1, 4096, 0
761, 255816, 1, 4096, 0
761, 220179, 1, 4096, 0
761, 6989, 1, 4096, 0
761, 3316, 1, 4096, 0
761, 44054, 1, 4096, 0
762, 1249387, 1, 4096, 0
762, 153455, 1, 4096, 0
763, 272427, 1, 4096, 0
764, 1341883, 1, 4096, 0
764, 6079, 1, 4096, 0
764, 4585, 1, 4096, 0
764, 4342, 1, 4096, 0
764, 3257, 1, 4096, 0
764, 3323, 1, 4096, 0
764, 2901, 1, 4096, 0
765, 527828, 1, 4096, 0
765, 4221, 1, 4096, 0
765, 3321, 1, 4096, 0
765, 4261, 1, 4096, 0
765, 3751, 1, 4096, 0
765, 4092, 1, 4096, 0
765, 318301, 1, 4096, 0
766, 982001, 1, 4096, 0
767, 758337, 1, 4096, 0
767, 7262, 1, 4096, 0
767, 2711, 1, 4096, 0
767, 227129, 1, 4096, 0
767, 192172, 1, 4096, 0
767, 7448, 1, 4096, 0
767, 4325, 1, 4096, 0
767, 197503, 1, 4096, 0
767, 7268, 1, 4096, 0
767, 3374, 1, 4096, 0
767, 3692, 1, 4096, 0
767, 3214, 1, 4096, 0
767, 2673, 1, 4096, 0
767, 3061, 1, 4096, 0
767, 4407, 1, 4096, 0
768, 231576, 1, 4096, 0
768, 5132, 1, 4096, 0
770, 1341341, 1, 4096, 0
770, 743101, 1, 4096, 0
770, 6560, 1, 4096, 0
771, 418776, 1, 4096, 0
771, 5968, 1, 4096, 0
771, 404620, 1, 4096, 0
772, 309439, 1, 4096, 0
772, 6374, 1, 4096, 0
772, 4738, 1, 4096, 0
772, 11815, 1, 4096, 0
772, 4449, 1, 4096, 0
772, 2676, 1, 4096, 0
772, 4458, 1, 4096, 0
772, 179647, 1, 4096, 0
772, 180404, 1, 4096, 0
774, 1919684, 1, 4096, 0
774, 4966, 1, 4096, 0
775, 612460, 1, 4096, 0
775, 599756, 1, 4096, 0
775, 7325, 1, 4096, 0
776, 561166, 1, 4096, 0
776, 363496, 1, 4096, 0
776, 4518, 1, 4096, 0
776, 9489, 1, 4096, 0
776, 2096, 1, 4096, 0
780, 3689418, 1, 4096, 0
780, 8679, 1, 4096, 0
780, 4241, 1, 4096, 0
780, 80819, 1, 4096, 0
780, 439734, 1, 4096, 0
780, 21154, 1, 4096, 0
781, 983533, 1, 4096, 0
782, 462477, 1, 4096, 0
782, 7324, 1, 4096, 0
782, 3861, 1, 4096, 0
782, 460276, 1, 4096, 0
783, 663075, 1, 4096, 0
784, 601243, 1, 4096, 0
784, 74738, 1, 4096, 0
784, 4370, 1, 4096, 0
785, 1539063, 1, 4096, 0
785, 65271, 1, 4096, 0
786, 918375, 1, 4096, 0
786, 6361, 1, 4096, 0
788, 1415789, 1, 4096, 0
788, 6624, 1, 4096, 0
788, 3391, 1, 4096, 0
788, 3447, 1, 4096, 0
789, 857276, 1, 4096, 0
789, 20002, 1, 4096, 0
789, 740140, 1, 4096, 0
792, 2263145, 1, 4096, 0
792, 8916, 1, 4096, 0
792, 5050, 1, 4096, 0
792, 3412, 1, 4096, 0
792, 3465, 1, 4096, 0
792, 666450, 1, 4096, 0
793, 261223, 1, 4096, 0
797, 36833, 1, 4096, 0
797, 4743, 1, 4096, 0
797, 3914, 1, 4096, 0
797, 3479, 1, 4096, 0
797, 3867, 1, 4096, 0
797, 3098, 1, 4096, 0
797, 3708, 1, 4096, 0
797, 1872, 1, 4096, 0
797, 729125, 1, 4096, 0
797, 9162, 1, 4096, 0
797, 4337, 1, 4096, 0
798, 3139, 1, 4096, 0
798, 3622, 1, 4096, 0
798, 3667, 1, 4096, 0
798, 2764, 1, 4096, 0
798, 3609, 1, 4096, 0
801, 3170537, 1, 4096, 0
801, 4973, 1, 4096, 0
801, 2651, 1, 4096, 0
801, 459885, 1, 4096, 0
801, 5559, 1, 4096, 0
801, 3372, 1, 4096, 0
801, 140375, 1, 4096, 0
803, 1655200, 1, 4096, 0
803, 8576, 1, 4096, 0
803, 3101, 1, 4096, 0
803, 4259, 1, 4096, 0
803, 2736, 1, 4096, 0
803, 3248, 1, 4096, 0
804, 1366399, 1, 4096, 0
805, 291264, 1, 4096, 0
805, 4463, 1, 4096, 0
805, 551474, 1, 4096, 0
805, 5150, 1, 4096, 0
806, 699218, 1, 4096, 0
806, 317466, 1, 4096, 0
806, 7319, 1, 4096, 0
806, 5027, 1, 4096, 0
806, 2724, 1, 4096, 0
806, 3000, 1, 4096, 0
806, 4786, 1, 4096, 0
806, 3257, 1, 4096, 0
806, 8991, 1, 4096, 0
807, 339017, 1, 4096, 0
807, 7185, 1, 4096, 0
807, 3240, 1, 4096, 0
807, 3472, 1, 4096, 0
807, 2443, 1, 4096, 0
807, 2692, 1, 4096, 0
807, 4515, 1, 4096, 0
807, 3945, 1, 4096, 0
808, 1023304, 1, 4096, 0
808, 3086, 1, 4096, 0
808, 2497, 1, 4096, 0
808, 1998, 1, 4096, 0
808, 2134, 1, 4096, 0
808, 78878, 1, 4096, 0
809, 1392064, 1, 4096, 0
810, 149747, 1, 4096, 0
810, 390620, 1, 4096, 0
810, 8561, 1, 4096, 0
810, 4161, 1, 4096, 0
810, 4312, 1, 4096, 0
810, 302041, 1, 4096, 0
811, 193208, 1, 4096, 0
811, 428850, 1, 4096, 0
811, 139044, 1, 4096, 0
811, 7798, 1, 4096, 0
811, 3583, 1, 4096, 0
812, 890986, 1, 4096, 0
813, 1157648, 1, 4096, 0
813, 10055, 1, 4096, 0
813, 2095, 1, 4096, 0
813, 3906, 1, 4096, 0
813, 2583, 1, 4096, 0
813, 2196, 1, 4096, 0
813, 3583, 1, 4096, 0
813, 1812, 1, 4096, 0
816, 2585285, 1, 4096, 0
816, 6306, 1, 4096, 0
816, 4996, 1, 4096, 0
816, 3489, 1, 4096, 0
816, 3042, 1, 4096, 0
816, 2561, 1, 4096, 0
816, 3190, 1, 4096, 0
816, 2764, 1, 4096, 0
816, 231161, 1, 4096, 0
817, 464354, 1, 4096, 0
817, 5691, 1, 4096, 0
817, 3562, 1, 4096, 0
817, 680369, 1, 4096, 0
818, 259913, 1, 4096, 0
818, 799881, 1, 4096, 0
818, 22774, 1, 4096, 0
819, 319989, 1, 4096, 0
820, 823518, 1, 4096, 0
820, 4738, 1, 4096, 0
820, 3642, 1, 4096, 0
821, 1844145, 1, 4096, 0
821, 6112, 1, 4096, 0
821, 3066, 1, 4096, 0
821, 3406, 1, 4096, 0
822, 249535, 1, 4096, 0
822, 351479, 1, 4096, 0
822, 258710, 1, 4096, 0
822, 6055, 1, 4096, 0
824, 1635701, 1, 4096, 0
824, 462550, 1, 4096, 0
824, 6323, 1, 4096, 0
824, 10962, 1, 4096, 0
825, 262257, 1, 4096, 0
825, 5402, 1, 4096, 0
825, 167404, 1, 4096, 0
827, 1753545, 1, 4096, 0
827, 6190, 1, 4096, 0
827, 51495, 1, 4096, 0
827, 6707, 1, 4096, 0
827, 392960, 1, 4096, 0
828, 988823, 1, 4096, 0
828, 5117, 1, 4096, 0
830, 1912440, 1, 4096, 0
830, 5897, 1, 4096, 0
830, 173764, 1, 4096, 0
830, 3154, 1, 4096, 0
831, 581686, 1, 4096, 0
831, 4531, 1, 4096, 0
831, 24355, 1, 4096, 0
832, 925834, 1, 4096, 0
832, 5657, 1, 4096, 0
833, 773487, 1, 4096, 0
833, 553391, 1, 4096, 0
833, 5525, 1, 4096, 0
834, 799482, 1, 4096, 0
834, 4392, 1, 4096, 0
834, 4103, 1, 4096, 0
835, 660087, 1, 4096, 0
835, 552237, 1, 4096, 0
836, 398466, 1, 4096, 0
837, 1239650, 1, 4096, 0
837, 5356, 1, 4096, 0
837, 245624, 1, 4096, 0
837, 78639, 1, 4096, 0
837, 5225, 1, 4096, 0
837, 100594, 1, 4096, 0
837, 4938, 1, 4096, 0
837, 2746, 1, 4096, 0
837, 2243, 1, 4096, 0
837, 2582, 1, 4096, 0
837, 2555, 1, 4096, 0
837, 2818, 1, 4096, 0
837, 1766, 1, 4096, 0
837, 239330, 1, 4096, 0
839, 1844969, 1, 4096, 0
840, 153547, 1, 4096, 0
840, 780101, 1, 4096, 0
841, 603949, 1, 4096, 0
841, 5709, 1, 4096, 0
841, 394078, 1, 4096, 0
841, 4871, 1, 4096, 0
841, 168351, 1, 4096, 0
843, 1179645, 1, 4096, 0
843, 620546, 1, 4096, 0
843, 6855, 1, 4096, 0
843, 2519, 1, 4096, 0
843, 2177, 1, 4096, 0
843, 2134, 1, 4096, 0
843, 2286, 1, 4096, 0
843, 24854, 1, 4096, 0
843, 3125, 1, 4096, 0
847, 3252899, 1, 4096, 0
847, 11101, 1, 4096, 0
848, 922303, 1, 4096, 0
848, 8603, 1, 4096, 0
848, 305133, 1, 4096, 0
848, 232250, 1, 4096, 0
849, 820758, 1, 4096, 0
849, 34470, 1, 4096, 0
850, 1201342, 1, 4096, 0
850, 139236, 1, 4096, 0
851, 261357, 1, 4096, 0
851, 4824, 1, 4096, 0
852, 1605038, 1, 4096, 0
852, 5829, 1, 4096, 0
852, 3725, 1, 4096, 0
852, 2937, 1, 4096, 0
853, 327051, 1, 4096, 0
853, 4468, 1, 4096, 0
853, 834506, 1, 4096, 0
854, 329395, 1, 4096, 0
855, 1332465, 1, 4096, 0
855, 6083, 1, 4096, 0
855, 3193, 1, 4096, 0
856, 808445, 1, 4096, 0
856, 5563, 1, 4096, 0
856, 3169, 1, 4096, 0
856, 270221, 1, 4096, 0
858, 1636600, 1, 4096, 0
858, 86297, 1, 4096, 0
858, 374062, 1, 4096, 0
858, 67212, 1, 4096, 0
859, 370411, 1, 4096, 0
860, 1675814, 1, 4096, 0
862, 1556773, 1, 4096, 0
862, 8852, 1, 4096, 0
862, 4097, 1, 4096, 0
862, 4100, 1, 4096, 0
862, 3596, 1, 4096, 0
863, 770470, 1, 4096, 0
864, 821520, 1, 4096, 0
864, 6016, 1, 4096, 0
865, 925450, 1, 4096, 0
865, 4796, 1, 4096, 0
865, 4505, 1, 4096, 0
865, 3060, 1, 4096, 0
865, 3499, 1, 4096, 0
865, 2561, 1, 4096, 0
865, 3735, 1, 4096, 0
865, 2884, 1, 4096, 0
868, 3327990, 1, 4096, 0
869, 548276, 1, 4096, 0
869, 8186, 1, 4096, 0
869, 4988, 1, 4096, 0
869, 665266, 1, 4096, 0
870, 1231204, 1, 4096, 0
871, 420747, 1, 4096, 0
871, 308903, 1, 4096, 0
871, 164154, 1, 4096, 0
872, 406755, 1, 4096, 0
872, 5807, 1, 4096, 0
872, 3982, 1, 4096, 0
872, 3341, 1, 4096, 0
872, 3760, 1, 4096, 0
872, 3080, 1, 4096, 0
872, 3397, 1, 4096, 0
872, 3404, 1, 4096, 0
874, 2101736, 1, 4096, 0
874, 7627, 1, 4096, 0
874, 4044, 1, 4096, 0
874, 3293, 1, 4096, 0
874, 486215, 1, 4096, 0
874, 7005, 1, 4096, 0
874, 3597, 1, 4096, 0
874, 3672, 1, 4096, 0
874, 3453, 1, 4096, 0
874, 2116, 1, 4096, 0
874, 2199, 1, 4096, 0
874, 2156, 1, 4096, 0
875, 802895, 1, 4096, 0
875, 5490, 1, 4096, 0
875, 3397, 1, 4096, 0
876, 251679, 1, 4096, 0
876, 5574, 1, 4096, 0
876, 5138, 1, 4096, 0
876, 255983, 1, 4096, 0
876, 673759, 1, 4096, 0
877, 768295, 1, 4096, 0
877, 199584, 1, 4096, 0
878, 395660, 1, 4096, 0
878, 3933, 1, 4096, 0
878, 218862, 1, 4096, 0
878, 4051, 1, 4096, 0
879, 517388, 1, 4096, 0
879, 78734, 1, 4096, 0
879, 4732, 1, 4096, 0
879, 2946, 1, 4096, 0
879, 3223, 1, 4096, 0
879, 3400, 1, 4096, 0
879, 3804, 1, 4096, 0
879, 4331, 1, 4096, 0
880, 811863, 1, 4096, 0
880, 336997, 1, 4096, 0
880, 6799, 1, 4096, 0
880, 3788, 1, 4096, 0
880, 2448, 1, 4096, 0
880, 2560, 1, 4096, 0
880, 4019, 1, 4096, 0
880, 3028, 1, 4096, 0
880, 3146, 1, 4096, 0
881, 1116288, 1, 4096, 0
882, 941397, 1, 4096, 0
882, 178455, 1, 4096, 0
882, 20989, 1, 4096, 0
884, 1521252, 1, 4096, 0
884, 6110, 1, 4096, 0
884, 4092, 1, 4096, 0
884, 512160, 1, 4096, 0
884, 3855, 1, 4096, 0
884, 2259, 1, 4096, 0
884, 2518, 1, 4096, 0
884, 2661, 1, 4096, 0
884, 2534, 1, 4096, 0
884, 2414, 1, 4096, 0
884, 2847, 1, 4096, 0
886, 1491975, 1, 4096, 0
886, 9346, 1, 4096, 0
886, 3009, 1, 4096, 0
886, 3417, 1, 4096, 0
886, 2747, 1, 4096, 0
886, 2604, 1, 4096, 0
886, 3335, 1, 4096, 0
886, 3094, 1, 4096, 0
886, 228909, 1, 4096, 0
886, 7406, 1, 4096, 0
886, 3410, 1, 4096, 0
886, 3409, 1, 4096, 0
886, 3819, 1, 4096, 0
886, 4660, 1, 4096, 0
887, 1138469, 1, 4096, 0
887, 6762, 1, 4096, 0
887, 3337, 1, 4096, 0
887, 3390, 1, 4096, 0
887, 2874, 1, 4096, 0
887, 2797, 1, 4096, 0
888, 427951, 1, 4096, 0
888, 6923, 1, 4096, 0
888, 327291, 1, 4096, 0
889, 600379, 1, 4096, 0
889, 7775, 1, 4096, 0
889, 337504, 1, 4096, 0
890, 809138, 1, 4096, 0
890, 3823, 1, 4096, 0
890, 3557, 1, 4096, 0
890, 2701, 1, 4096, 0
890, 3393, 1, 4096, 0
890, 2411, 1, 4096, 0
890, 2867, 1, 4096, 0
890, 2394, 1, 4096, 0
890, 383814, 1, 4096, 0
891, 845317, 1, 4096, 0
891, 23942, 1, 4096, 0
891, 4793, 1, 4096, 0
892, 547797, 1, 4096, 0
892, 3766, 1, 4096, 0
892, 2342, 1, 4096, 0
892, 1961, 1, 4096, 0
892, 2282, 1, 4096, 0
892, 1657, 1, 4096, 0
892, 4970, 1, 4096, 0
892, 107128, 1, 4096, 0
894, 1539769, 1, 4096, 0
894, 5628, 1, 4096, 0
894, 4239, 1, 4096, 0
894, 2753, 1, 4096, 0
895, 749051, 1, 4096, 0
895, 5864, 1, 4096, 0
895, 80931, 1, 4096, 0
896, 1345187, 1, 4096, 0
896, 5415, 1, 4096, 0
896, 209470, 1, 4096, 0
896, 10072, 1, 4096, 0
896, 3663, 1, 4096, 0
896, 2971, 1, 4096, 0
897, 199830, 1, 4096, 0
897, 214909, 1, 4096, 0
897, 6272, 1, 4096, 0
897, 4510, 1, 4096, 0
897, 3510, 1, 4096, 0
897, 4662, 1, 4096, 0
897, 82087, 1, 4096, 0
897, 4192, 1, 4096, 0
897, 4675, 1, 4096, 0
897, 83450, 1, 4096, 0
897, 7854, 1, 4096, 0
898, 504329, 1, 4096, 0
898, 4969, 1, 4096, 0
898, 682235, 1, 4096, 0
898, 5689, 1, 4096, 0
899, 776058, 1, 4096, 0
899, 10332, 1, 4096, 0
900, 192654, 1, 4096, 0
900, 5564, 1, 4096, 0
901, 679191, 1, 4096, 0
901, 6005, 1, 4096, 0
901, 250561, 1, 4096, 0
902, 740643, 1, 4096, 0
902, 109351, 1, 4096, 0
902, 664800, 1, 4096, 0
903, 518482, 1, 4096, 0
903, 63359, 1, 4096, 0
904, 918410, 1, 4096, 0
904, 5652, 1, 4096, 0
904, 3084, 1, 4096, 0
904, 2462, 1, 4096, 0
904, 3724, 1, 4096, 0
904, 3722, 1, 4096, 0
904, 3373, 1, 4096, 0
905, 716539, 1, 4096, 0
906, 979167, 1, 4096, 0
906, 4806, 1, 4096, 0
906, 2821, 1, 4096, 0
906, 4090, 1, 4096, 0
906, 3709, 1, 4096, 0
906, 104223, 1, 4096, 0
907, 639430, 1, 4096, 0
907, 7175, 1, 4096, 0
907, 3577, 1, 4096, 0
907, 3355, 1, 4096, 0
907, 2797, 1, 4096, 0
907, 3407, 1, 4096, 0
907, 3128, 1, 4096, 0
907, 2624, 1, 4096, 0
909, 2372995, 1, 4096, 0
909, 5329, 1, 4096, 0
909, 149901, 1, 4096, 0
909, 6640, 1, 4096, 0
909, 3057, 1, 4096, 0
909, 43785, 1, 4096, 0
909, 5161, 1, 4096, 0
909, 216066, 1, 4096, 0
909, 6762, 1, 4096, 0
909, 2363, 1, 4096, 0
910, 422876, 1, 4096, 0
911, 1074926, 1, 4096, 0
911, 405492, 1, 4096, 0
911, 4811, 1, 4096, 0
911, 61794, 1, 4096, 0
911, 5455, 1, 4096, 0
911, 2176, 1, 4096, 0
911, 2364, 1, 4096, 0
911, 2404, 1, 4096, 0
911, 2850, 1, 4096, 0
911, 3501, 1, 4096, 0
911, 2312, 1, 4096, 0
913, 1192052, 1, 4096, 0
913, 8365, 1, 4096, 0
913, 4389, 1, 4096, 0
913, 10167, 1, 4096, 0
913, 36094, 1, 4096, 0
913, 5717, 1, 4096, 0
913, 3371, 1, 4096, 0
913, 6220, 1, 4096, 0
913, 3627, 1, 4096, 0
913, 5014, 1, 4096, 0
913, 2888, 1, 4096, 0
913, 8791, 1, 4096, 0
914, 546386, 1, 4096, 0
914, 773440, 1, 4096, 0
915, 131249, 1, 4096, 0
915, 319045, 1, 4096, 0
915, 25557, 1, 4096, 0
915, 4291, 1, 4096, 0
915, 3937, 1, 4096, 0
915, 4025, 1, 4096, 0
915, 3302, 1, 4096, 0
915, 2500, 1, 4096, 0
915, 2294, 1, 4096, 0
915, 2074, 1, 4096, 0
917, 1671498, 1, 4096, 0
917, 5543, 1, 4096, 0
917, 2961, 1, 4096, 0
917, 428447, 1, 4096, 0
917, 3290, 1, 4096, 0
917, 2919, 1, 4096, 0
919, 1647306, 1, 4096, 0
919, 4627, 1, 4096, 0
920, 1024026, 1, 4096, 0
920, 664727, 1, 4096, 0
921, 8423, 1, 4096, 0
921, 2030, 1, 4096, 0
921, 3385, 1, 4096, 0
921, 3988, 1, 4096, 0
921, 3409, 1, 4096, 0
921, 2585, 1, 4096, 0
921, 3819, 1, 4096, 0
923, 2651595, 1, 4096, 0
923, 5565, 1, 4096, 0
923, 2885, 1, 4096, 0
924, 866509, 1, 4096, 0
924, 4957, 1, 4096, 0
924, 2452, 1, 4096, 0
924, 3800, 1, 4096, 0
925, 672756, 1, 4096, 0
926, 856643, 1, 4096, 0
926, 3626, 1, 4096, 0
926, 292790, 1, 4096, 0
926, 284258, 1, 4096, 0
927, 651497, 1, 4096, 0
928, 1048368, 1, 4096, 0
928, 13979, 1, 4096, 0
929, 711186, 1, 4096, 0
929, 4374, 1, 4096, 0
929, 207308, 1, 4096, 0
929, 3423, 1, 4096, 0
929, 3525, 1, 4096, 0
931, 1880134, 1, 4096, 0
931, 257853, 1, 4096, 0
931, 13323, 1, 4096, 0
931, 4279, 1, 4096, 0
931, 65141, 1, 4096, 0
931, 3823, 1, 4096, 0
932, 1242996, 1, 4096, 0
932, 4507, 1, 4096, 0
932, 6327, 1, 4096, 0
933, 357348, 1, 4096, 0
934, 1019333, 1, 4096, 0
934, 167278, 1, 4096, 0
934, 4400, 1, 4096, 0
935, 961706, 1, 4096, 0
935, 3898, 1, 4096, 0
935, 4095, 1, 4096, 0
935, 143799, 1, 4096, 0
937, 1455013, 1, 4096, 0
937, 5596, 1, 4096, 0
937, 2933, 1, 4096, 0
937, 175108, 1, 4096, 0
938, 766732, 1, 4096, 0
938, 8494, 1, 4096, 0
938, 5093, 1, 4096, 0
938, 5287, 1, 4096, 0
938, 4917, 1, 4096, 0
938, 4142, 1, 4096, 0
938, 4012, 1, 4096, 0
938, 5214, 1, 4096, 0
939, 1277322, 1, 4096, 0
939, 7006, 1, 4096, 0
939, 3054, 1, 4096, 0
939, 3463, 1, 4096, 0
940, 1275077, 1, 4096, 0
940, 6455, 1, 4096, 0
940, 40196, 1, 4096, 0
940, 281240, 1, 4096, 0
941, 394463, 1, 4096, 0
941, 6812, 1, 4096, 0
942, 1003692, 1, 4096, 0
942, 19169, 1, 4096, 0
942, 473648, 1, 4096, 0
943, 394831, 1, 4096, 0
943, 8026, 1, 4096, 0
943, 5344, 1, 4096, 0
943, 3038, 1, 4096, 0
943, 3388, 1, 4096, 0
943, 4396, 1, 4096, 0
943, 3521, 1, 4096, 0
943, 3816, 1, 4096, 0
943, 505877, 1, 4096, 0
943, 5403, 1, 4096, 0
943, 3922, 1, 4096, 0
943, 2931, 1, 4096, 0
943, 2993, 1, 4096, 0
943, 3073, 1, 4096, 0
943, 3250, 1, 4096, 0
943, 3494, 1, 4096, 0
944, 972356, 1, 4096, 0
944, 8577, 1, 4096, 0
944, 4170, 1, 4096, 0
944, 3116, 1, 4096, 0
944, 3512, 1, 4096, 0
944, 3133, 1, 4096, 0
944, 3162, 1, 4096, 0
945, 8991, 1, 4096, 0
945, 4964, 1, 4096, 0
945, 8183, 1, 4096, 0
947, 1202926, 1, 4096, 0
947, 203842, 1, 4096, 0
947, 58537, 1, 4096, 0
947, 220400, 1, 4096, 0
947, 3810, 1, 4096, 0
947, 3002, 1, 4096, 0
947, 2943, 1, 4096, 0
947, 2468, 1, 4096, 0
947, 3305, 1, 4096, 0
947, 3449, 1, 4096, 0
950, 2387105, 1, 4096, 0
950, 4667, 1, 4096, 0
950, 2407, 1, 4096, 0
950, 2066, 1, 4096, 0
950, 2909, 1, 4096, 0
950, 2515, 1, 4096, 0
950, 211714, 1, 4096, 0
950, 44099, 1, 4096, 0
950, 520905, 1, 4096, 0
950, 18043, 1, 4096, 0
950, 3340, 1, 4096, 0
950, 5307, 1, 4096, 0
950, 4315, 1, 4096, 0
950, 5695, 1, 4096, 0
950, 2906, 1, 4096, 0
950, 3600, 1, 4096, 0
953, 2437825, 1, 4096, 0
953, 6036, 1, 4096, 0
953, 3200, 1, 4096, 0
953, 2263, 1, 4096, 0
953, 2568, 1, 4096, 0
953, 2838, 1, 4096, 0
953, 2593, 1, 4096, 0
953, 42115, 1, 4096, 0
953, 200698, 1, 4096, 0
953, 213745, 1, 4096, 0
954, 338789, 1, 4096, 0
954, 130804, 1, 4096, 0
954, 229341, 1, 4096, 0
954, 7303, 1, 4096, 0
955, 971251, 1, 4096, 0
956, 745458, 1, 4096, 0
956, 6982, 1, 4096, 0
956, 240355, 1, 4096, 0
956, 13162, 1, 4096, 0
956, 223164, 1, 4096, 0
957, 360231, 1, 4096, 0
958, 1177674, 1, 4096, 0
958, 8559, 1, 4096, 0
958, 373313, 1, 4096, 0
959, 716628, 1, 4096, 0
959, 6418, 1, 4096, 0
959, 3794, 1, 4096, 0
959, 2114, 1, 4096, 0
959, 2875, 1, 4096, 0
959, 3501, 1, 4096, 0
959, 3427, 1, 4096, 0
959, 3270, 1, 4096, 0
961, 1993435, 1, 4096, 0
961, 5691, 1, 4096, 0
961, 3281, 1, 4096, 0
961, 3596, 1, 4096, 0
961, 4734, 1, 4096, 0
961, 3462, 1, 4096, 0
961, 2896, 1, 4096, 0
962, 1165383, 1, 4096, 0
962, 6216, 1, 4096, 0
962, 2677, 1, 4096, 0
962, 2026, 1, 4096, 0
962, 1628, 1, 4096, 0
962, 2735, 1, 4096, 0
962, 2023, 1, 4096, 0
962, 2218, 1, 4096, 0
962, 9703, 1, 4096, 0
963, 98971, 1, 4096, 0
963, 4608, 1, 4096, 0
963, 2827, 1, 4096, 0
963, 4861, 1, 4096, 0
964, 1053542, 1, 4096, 0
966, 1118617, 1, 4096, 0
966, 5957, 1, 4096, 0
966, 42680, 1, 4096, 0
966, 9146, 1, 4096, 0
966, 3334, 1, 4096, 0
966, 601032, 1, 4096, 0
966, 5788, 1, 4096, 0
966, 111475, 1, 4096, 0
967, 196446, 1, 4096, 0
967, 272807, 1, 4096, 0
969, 1697040, 1, 4096, 0
969, 811080, 1, 4096, 0
969, 24128, 1, 4096, 0
970, 290127, 1, 4096, 0
970, 391945, 1, 4096, 0
971, 794127, 1, 4096, 0
971, 219610, 1, 4096, 0
971, 319191, 1, 4096, 0
972, 667299, 1, 4096, 0
972, 8779, 1, 4096, 0
972, 4125, 1, 4096, 0
972, 3666, 1, 4096, 0
972, 3767, 1, 4096, 0
972, 3242, 1, 4096, 0
972, 3248, 1, 4096, 0
972, 3613, 1, 4096, 0
973, 420863, 1, 4096, 0
973, 6663, 1, 4096, 0
973, 11579, 1, 4096, 0
973, 3090, 1, 4096, 0
973, 3434, 1, 4096, 0
974, 1075886, 1, 4096, 0
974, 5529, 1, 4096, 0
974, 3822, 1, 4096, 0
974, 4099, 1, 4096, 0
974, 3720, 1, 4096, 0
974, 2976, 1, 4096, 0
974, 2918, 1, 4096, 0
974, 2744, 1, 4096, 0
975, 904164, 1, 4096, 0
975, 5441, 1, 4096, 0
975, 678564, 1, 4096, 0
976, 323957, 1, 4096, 0
976, 6482, 1, 4096, 0
976, 180799, 1, 4096, 0
977, 1023120, 1, 4096, 0
977, 5173, 1, 4096, 0
977, 366918, 1, 4096, 0
977, 6570, 1, 4096, 0
977, 3091, 1, 4096, 0
977, 3506, 1, 4096, 0
977, 3973, 1, 4096, 0
977, 4434, 1, 4096, 0
977, 3900, 1, 4096, 0
977, 2321, 1, 4096, 0
979, 1892825, 1, 4096, 0
979, 6361, 1, 4096, 0
979, 3303, 1, 4096, 0
980, 467179, 1, 4096, 0
980, 6952, 1, 4096, 0
980, 4311, 1, 4096, 0
980, 2751, 1, 4096, 0
980, 4017, 1, 4096, 0
980, 3278, 1, 4096, 0
980, 3514, 1, 4096, 0
980, 3450, 1, 4096, 0
981, 1225090, 1, 4096, 0
981, 4666, 1, 4096, 0
981, 3357, 1, 4096, 0
981, 3244, 1, 4096, 0
982, 1196187, 1, 4096, 0
983, 362018, 1, 4096, 0
983, 8334, 1, 4096, 0
983, 2314, 1, 4096, 0
983, 3235, 1, 4096, 0
983, 2818, 1, 4096, 0
983, 3625, 1, 4096, 0
983, 3524, 1, 4096, 0
984, 1235298, 1, 4096, 0
984, 367169, 1, 4096, 0
984, 5965, 1, 4096, 0
984, 2216, 1, 4096, 0
984, 2789, 1, 4096, 0
984, 3233, 1, 4096, 0
984, 2798, 1, 4096, 0
984, 2834, 1, 4096, 0
984, 271584, 1, 4096, 0
985, 6708, 1, 4096, 0
985, 2567, 1, 4096, 0
985, 2116, 1, 4096, 0
985, 1785, 1, 4096, 0
985, 1998, 1, 4096, 0
986, 1466712, 1, 4096, 0
986, 7182, 1, 4096, 0
987, 1164530, 1, 4096, 0
987, 7015, 1, 4096, 0
987, 4393, 1, 4096, 0
987, 3207, 1, 4096, 0
988, 135791, 1, 4096, 0
988, 536196, 1, 4096, 0
989, 1032448, 1, 4096, 0
989, 5949, 1, 4096, 0
991, 1580976, 1, 4096, 0
991, 5099, 1, 4096, 0
991, 2949, 1, 4096, 0
991, 401682, 1, 4096, 0
991, 4558, 1, 4096, 0
991, 8223, 1, 4096, 0
992, 799241, 1, 4096, 0
992, 366456, 1, 4096, 0
993, 761567, 1, 4096, 0
993, 9507, 1, 4096, 0
993, 3622, 1, 4096, 0
993, 3712, 1, 4096, 0
994, 912388, 1, 4096, 0
994, 3752, 1, 4096, 0
995, 975322, 1, 4096, 0
995, 4709, 1, 4096, 0
996, 511421, 1, 4096, 0
996, 227636, 1, 4096, 0
997, 1000073, 1, 4096, 0
997, 190851, 1, 4096, 0
997, 6742, 1, 4096, 0
997, 3078, 1, 4096, 0
997, 3401, 1, 4096, 0
997, 2803, 1, 4096, 0
997, 3347, 1, 4096, 0
997, 4293, 1, 4096, 0
997, 3456, 1, 4096, 0
999, 1817083, 1, 4096, 0
999, 62159, 1, 4096, 0
999, 482015, 1, 4096, 0
999, 4853, 1, 4096, 0
999, 3484, 1, 4096, 0
999, 3576, 1, 4096, 0
999, 3318, 1, 4096, 0
999, 3510, 1, 4096, 0
999, 2947, 1, 4096, 0
999, 3674, 1, 4096, 0
1001, 1577959, 1, 4096, 0
1001, 4592, 1, 4096, 0
1001, 3590, 1, 4096, 0
1001, 2678, 1, 4096, 0
1002, 644333, 1, 4096, 0
1003, 1132345, 1, 4096, 0
1003, 6398, 1, 4096, 0
1003, 148325, 1, 4096, 0
1003, 4949, 1, 4096, 0
1004, 660966, 1, 4096, 0
1004, 6676, 1, 4096, 0
1004, 3987, 1, 4096, 0
1004, 4158, 1, 4096, 0
1004, 2464, 1, 4096, 0
1004, 414797, 1, 4096, 0
1004, 6578, 1, 4096, 0
1004, 4396, 1, 4096, 0
1005, 1128518, 1, 4096, 0
1005, 8564, 1, 4096, 0
1005, 3299, 1, 4096, 0
1006, 247806, 1, 4096, 0
1006, 5600, 1, 4096, 0
1006, 4312, 1, 4096, 0
1006, 3210, 1, 4096, 0
1006, 2475, 1, 4096, 0
1006, 3228, 1, 4096, 0
1006, 2977, 1, 4096, 0
1006, 3313, 1, 4096, 0
1006, 251676, 1, 4096, 0
1007, 1241227, 1, 4096, 0
1007, 4938, 1, 4096, 0
1008, 1369773, 1, 4096, 0
1010, 1017689, 1, 4096, 0
1010, 7730, 1, 4096, 0
1010, 3677, 1, 4096, 0
1010, 99421, 1, 4096, 0
1010, 6889, 1, 4096, 0
1010, 3167, 1, 4096, 0
1010, 180710, 1, 4096, 0
1010, 5113, 1, 4096, 0
1010, 110054, 1, 4096, 0
1010, 3752, 1, 4096, 0
1011, 659830, 1, 4096, 0
1011, 282816, 1, 4096, 0
1011, 168410, 1, 4096, 0
1011, 7364, 1, 4096, 0
1011, 146484, 1, 4096, 0
1011, 9027, 1, 4096, 0
1011, 4226, 1, 4096, 0
1011, 3416, 1, 4096, 0
1011, 3157, 1, 4096, 0
1011, 3794, 1, 4096, 0
1011, 4801, 1, 4096, 0
1011, 3427, 1, 4096, 0
1012, 825454, 1, 4096, 0
1012, 5930, 1, 4096, 0
1012, 4944, 1, 4096, 0
1014, 1504899, 1, 4096, 0
1014, 6471, 1, 4096, 0
1014, 445597, 1, 4096, 0
1015, 630776, 1, 4096, 0
1016, 692125, 1, 4096, 0
1016, 334549, 1, 4096, 0
1016, 6319, 1, 4096, 0
1016, 254254, 1, 4096, 0
1016, 4895, 1, 4096, 0
1016, 98553, 1, 4096, 0
1017, 921840, 1, 4096, 0
1017, 8374, 1, 4096, 0
1019, 1326927, 1, 4096, 0
1019, 7611, 1, 4096, 0
1019, 4476, 1, 4096, 0
1019, 4258, 1, 4096, 0
1019, 2673, 1, 4096, 0
1019, 4331, 1, 4096, 0
1019, 3720, 1, 4096, 0
1019, 3975, 1, 4096, 0
1019, 652478, 1, 4096, 0
1019, 5334, 1, 4096, 0
1020, 749099, 1, 4096, 0
1020, 5520, 1, 4096, 0
1020, 2974, 1, 4096, 0
1020, 236290, 1, 4096, 0
1021, 546430, 1, 4096, 0
1021, 496839, 1, 4096, 0
1021, 6260, 1, 4096, 0
1022, 213184, 1, 4096, 0
1022, 451952, 1, 4096, 0
1022, 5969, 1, 4096, 0
1022, 4550, 1, 4096, 0
1022, 3066, 1, 4096, 0
1024, 1872133, 1, 4096, 0
1024, 24430, 1, 4096, 0
1024, 84612, 1, 4096, 0
1024, 44798, 1, 4096, 0
1024, 10489, 1, 4096, 0
1024, 2648, 1, 4096, 0
1024, 2270, 1, 4096, 0
1024, 1929, 1, 4096, 0
1024, 4748, 1, 4096, 0
1024, 4518, 1, 4096, 0
1024, 4800, 1, 4096, 0
1025, 505167, 1, 4096, 0
1026, 1259362, 1, 4096, 0
1027, 713567, 1, 4096, 0
1027, 247734, 1, 4096, 0
1027, 5351, 1, 4096, 0
1027, 2919, 1, 4096, 0
1027, 3812, 1, 4096, 0
1027, 2842, 1, 4096, 0
1028, 669303, 1, 4096, 0
1028, 6007, 1, 4096, 0
1028, 2836, 1, 4096, 0
1028, 3162, 1, 4096, 0
1028, 3089, 1, 4096, 0
1028, 2745, 1, 4096, 0
1028, 2773, 1, 4096, 0
1028, 3012, 1, 4096, 0
1028, 458247, 1, 4096, 0
1028, 6357, 1, 4096, 0
1028, 3492, 1, 4096, 0
1028, 3413, 1, 4096, 0
1028, 3372, 1, 4096, 0
1028, 3618, 1, 4096, 0
1030, 1429900, 1, 4096, 0
1030, 7366, 1, 4096, 0
1030, 3163, 1, 4096, 0
1030, 3526, 1, 4096, 0
1032, 1260553, 1, 4096, 0
1033, 984447, 1, 4096, 0
1033, 7318, 1, 4096, 0
1033, 2479, 1, 4096, 0
1033, 432671, 1, 4096, 0
1033, 3980, 1, 4096, 0
1033, 3793, 1, 4096, 0
1034, 1094095, 1, 4096, 0
1035, 392806, 1, 4096, 0
1035, 6299, 1, 4096, 0
1035, 3334, 1, 4096, 0
1035, 3320, 1, 4096, 0
1035, 3991, 1, 4096, 0
1035, 2727, 1, 4096, 0
1035, 3303, 1, 4096, 0
1035, 2583, 1, 4096, 0
1037, 2018120, 1, 4096, 0
1037, 7463, 1, 4096, 0
1037, 625313, 1, 4096, 0
1037, 8043, 1, 4096, 0
1037, 174058, 1, 4096, 0
1038, 697158, 1, 4096, 0
1039, 548020, 1, 4096, 0
1039, 288241, 1, 4096, 0
1040, 864021, 1, 4096, 0
1040, 3878, 1, 4096, 0
1040, 387769, 1, 4096, 0
1040, 6502, 1, 4096, 0
1040, 4151, 1, 4096, 0
1040, 3720, 1, 4096, 0
1040, 2538, 1, 4096, 0
1040, 3913, 1, 4096, 0
1040, 3822, 1, 4096, 0
1040, 3682, 1, 4096, 0
1044, 3784369, 1, 4096, 0
1044, 9291, 1, 4096, 0
1044, 3267, 1, 4096, 0
1044, 379361, 1, 4096, 0
1045, 145961, 1, 4096, 0
1046, 1031850, 1, 4096, 0
1046, 6560, 1, 4096, 0
1047, 1304880, 1, 4096, 0
1047, 7774, 1, 4096, 0
1048, 1388486, 1, 4096, 0
1048, 8409, 1, 4096, 0
1048, 5383, 1, 4096, 0
1049, 529041, 1, 4096, 0
1050, 1346224, 1, 4096, 0
1050, 8066, 1, 4096, 0
1050, 26366, 1, 4096, 0
1051, 204815, 1, 4096, 0
1051, 364434, 1, 4096, 0
1051, 165494, 1, 4096, 0
1052, 882657, 1, 4096, 0
1052, 507037, 1, 4096, 0
1053, 7118, 1, 4096, 0
1053, 3636, 1, 4096, 0
1054, 1517824, 1, 4096, 0
1055, 887533, 1, 4096, 0
1055, 4946, 1, 4096, 0
1055, 3604, 1, 4096, 0
1055, 3362, 1, 4096, 0
1056, 1393217, 1, 4096, 0
1056, 3275, 1, 4096, 0
1057, 567349, 1, 4096, 0
1057, 5202, 1, 4096, 0
1057, 173369, 1, 4096, 0
1058, 710299, 1, 4096, 0
1058, 32268, 1, 4096, 0
1058, 8021, 1, 4096, 0
1059, 638659, 1, 4096, 0
1059, 509865, 1, 4096, 0
1060, 499302, 1, 4096, 0
1060, 4865, 1, 4096, 0
1061, 1004545, 1, 4096, 0
1061, 6031, 1, 4096, 0
1061, 3820, 1, 4096, 0
1061, 2854, 1, 4096, 0
1061, 398594, 1, 4096, 0
1061, 4529, 1, 4096, 0
1062, 818975, 1, 4096, 0
1063, 1519327, 1, 4096, 0
1063, 18650, 1, 4096, 0
1064, 877828, 1, 4096, 0
1064, 7987, 1, 4096, 0
1064, 3724, 1, 4096, 0
1064, 199109, 1, 4096, 0
1065, 58437, 1, 4096, 0
1065, 9160, 1, 4096, 0
1065, 5146, 1, 4096, 0
1065, 3486, 1, 4096, 0
1065, 4251, 1, 4096, 0
1065, 4645, 1, 4096, 0
1065, 4063, 1, 4096, 0
1065, 3274, 1, 4096, 0
1067, 2263815, 1, 4096, 0
1067, 9301, 1, 4096, 0
1067, 3979, 1, 4096, 0
1067, 3318, 1, 4096, 0
1067, 2986, 1, 4096, 0
1067, 3353, 1, 4096, 0
1067, 3024, 1, 4096, 0
1067, 4608, 1, 4096, 0
1067, 375581, 1, 4096, 0
1068, 273049, 1, 4096, 0
1068, 54126, 1, 4096, 0
1069, 1072789, 1, 4096, 0
1070, 1137990, 1, 4096, 0
1070, 4011, 1, 4096, 0
1070, 3975, 1, 4096, 0
1070, 34541, 1, 4096, 0
1070, 305457, 1, 4096, 0
1070, 3265, 1, 4096, 0
1072, 1393556, 1, 4096, 0
1072, 5369, 1, 4096, 0
1072, 128467, 1, 4096, 0
1072, 270581, 1, 4096, 0
1073, 1121177, 1, 4096, 0
1073, 9793, 1, 4096, 0
1073, 3182, 1, 4096, 0
1074, 564459, 1, 4096, 0
1074, 133034, 1, 4096, 0
1075, 801777, 1, 4096, 0
1075, 614000, 1, 4096, 0
1075, 9094, 1, 4096, 0
1075, 3977, 1, 4096, 0
1075, 3102, 1, 4096, 0
1075, 3108, 1, 4096, 0
1075, 3484, 1, 4096, 0
1075, 2985, 1, 4096, 0
1075, 3358, 1, 4096, 0
1076, 448904, 1, 4096, 0
1076, 7485, 1, 4096, 0
1076, 4148, 1, 4096, 0
1076, 3971, 1, 4096, 0
1076, 4165, 1, 4096, 0
1076, 4652, 1, 4096, 0
1076, 4011, 1, 4096, 0
1076, 3918, 1, 4096, 0
1078, 2355993, 1, 4096, 0
1078, 74093, 1, 4096, 0
1078, 213728, 1, 4096, 0
1078, 5231, 1, 4096, 0
1078, 2932, 1, 4096, 0
1079, 232614, 1, 4096, 0
1079, 7617, 1, 4096, 0
1079, 29424, 1, 4096, 0
1079, 4480, 1, 4096, 0
1079, 4402, 1, 4096, 0
1079, 3202, 1, 4096, 0
1079, 3799, 1, 4096, 0
1079, 3328, 1, 4096, 0
1079, 3178, 1, 4096, 0
1079, 2815, 1, 4096, 0
1080, 1203533, 1, 4096, 0
1080, 5547, 1, 4096, 0
1080, 3558, 1, 4096, 0
1080, 2954, 1, 4096, 0
1080, 4165, 1, 4096, 0
1080, 5319, 1, 4096, 0
1080, 3738, 1, 4096, 0
1080, 3569, 1, 4096, 0
1081, 1184619, 1, 4096, 0
1081, 8584, 1, 4096, 0
1082, 11085, 1, 4096, 0
1083, 7013, 1, 4096, 0
1083, 151787, 1, 4096, 0
1083, 4265, 1, 4096, 0
1084, 579894, 1, 4096, 0
1084, 68434, 1, 4096, 0
1085, 570830, 1, 4096, 0
1085, 294099, 1, 4096, 0
1085, 426070, 1, 4096, 0
1086, 356661, 1, 4096, 0
1086, 6639, 1, 4096, 0
1086, 3557, 1, 4096, 0
1086, 3795, 1, 4096, 0
1086, 3136, 1, 4096, 0
1086, 2810, 1, 4096, 0
1087, 844958, 1, 4096, 0
1087, 6687, 1, 4096, 0
1087, 4177, 1, 4096, 0
1087, 3809, 1, 4096, 0
1087, 4971, 1, 4096, 0
1087, 3530, 1, 4096, 0
1087, 2622, 1, 4096, 0
1087, 903001, 1, 4096, 0
1087, 5030, 1, 4096, 0
1088, 506370, 1, 4096, 0
1088, 109624, 1, 4096, 0
1088, 7718, 1, 4096, 0
1088, 4605, 1, 4096, 0
1088, 4407, 1, 4096, 0
1088, 195860, 1, 4096, 0
1088, 4706, 1, 4096, 0
1088, 127488, 1, 4096, 0
1089, 104562, 1, 4096, 0
1089, 5853, 1, 4096, 0
1089, 2932, 1, 4096, 0
1091, 2382723, 1, 4096, 0
1092, 702307, 1, 4096, 0
1092, 5770, 1, 4096, 0
1092, 3254, 1, 4096, 0
1092, 3786, 1, 4096, 0
1092, 480450, 1, 4096, 0
1092, 330735, 1, 4096, 0
1093, 7362, 1, 4096, 0
1093, 3265, 1, 4096, 0
1093, 3182, 1, 4096, 0
1093, 3119, 1, 4096, 0
1093, 2888, 1, 4096, 0
1093, 886071, 1, 4096, 0
1094, 146197, 1, 4096, 0
1094, 7940, 1, 4096, 0
1094, 3543, 1, 4096, 0
1094, 3358, 1, 4096, 0
1094, 3202, 1, 4096, 0
1094, 3268, 1, 4096, 0
1094, 3784, 1, 4096, 0
1094, 2279, 1, 4096, 0
1097, 3153940, 1, 4096, 0
1097, 425995, 1, 4096, 0
1097, 7052, 1, 4096, 0
1098, 618670, 1, 4096, 0
1098, 5582, 1, 4096, 0
1098, 2527, 1, 4096, 0
1098, 2875, 1, 4096, 0
1098, 4204, 1, 4096, 0
1098, 3053, 1, 4096, 0
1098, 2458, 1, 4096, 0
1098, 3427, 1, 4096, 0
1101, 3107953, 1, 4096, 0
1101, 6870, 1, 4096, 0
1102, 1101628, 1, 4096, 0
1102, 5189, 1, 4096, 0
1102, 5189, 1, 4096, 0
1102, 4147, 1, 4096, 0
1102, 62579, 1, 4096, 0
1102, 7162, 1, 4096, 0
1102, 3457, 1, 4096, 0
1102, 3024, 1, 4096, 0
1102, 3682, 1, 4096, 0
1102, 3668, 1, 4096, 0
1102, 3337, 1, 4096, 0
1102, 3244, 1, 4096, 0
1105, 2743995, 1, 4096, 0
1105, 6808, 1, 4096, 0
1105, 2895, 1, 4096, 0
1105, 337391, 1, 4096, 0
1105, 25098, 1, 4096, 0
1105, 3067, 1, 4096, 0
1105, 3813, 1, 4096, 0
1105, 2875, 1, 4096, 0
1108, 2605170, 1, 4096, 0
1109, 676050, 1, 4096, 0
1109, 244902, 1, 4096, 0
1109, 3374, 1, 4096, 0
1109, 358759, 1, 4096, 0
1109, 4953, 1, 4096, 0
1110, 207114, 1, 4096, 0
1111, 1811201, 1, 4096, 0
1111, 9879, 1, 4096, 0
1111, 3102, 1, 4096, 0
1111, 3938, 1, 4096, 0
1111, 4201, 1, 4096, 0
1111, 2460, 1, 4096, 0
1111, 2352, 1, 4096, 0
1111, 2753, 1, 4096, 0
1112, 969820, 1, 4096, 0
1112, 5584, 1, 4096, 0
1112, 3079, 1, 4096, 0
1112, 3193, 1, 4096, 0
1112, 3609, 1, 4096, 0
1112, 5371, 1, 4096, 0
1112, 3644, 1, 4096, 0
1112, 3336, 1, 4096, 0
1115, 2273808, 1, 4096, 0
1115, 365559, 1, 4096, 0
1116, 612899, 1, 4096, 0
1117, 1456714, 1, 4096, 0
1118, 1127858, 1, 4096, 0
1118, 171627, 1, 4096, 0
1118, 10142, 1, 4096, 0
1119, 73541, 1, 4096, 0
1119, 6807, 1, 4096, 0
1119, 3803, 1, 4096, 0
1119, 5163, 1, 4096, 0
1119, 2475, 1, 4096, 0
1119, 3426, 1, 4096, 0
1119, 343768, 1, 4096, 0
1120, 811620, 1, 4096, 0
1120, 96591, 1, 4096, 0
1120, 6112, 1, 4096, 0
1120, 3011, 1, 4096, 0
1120, 2332, 1, 4096, 0
1120, 2027, 1, 4096, 0
1120, 2402, 1, 4096, 0
1120, 2092, 1, 4096, 0
1120, 1900, 1, 4096, 0
1122, 1970543, 1, 4096, 0
1122, 6935, 1, 4096, 0
1122, 3994, 1, 4096, 0
1122, 2842, 1, 4096, 0
1122, 4048, 1, 4096, 0
1123, 1039343, 1, 4096, 0
1123, 168229, 1, 4096, 0
1123, 4139, 1, 4096, 0
1124, 474494, 1, 4096, 0
1124, 7466, 1, 4096, 0
1124, 119532, 1, 4096, 0
1124, 6952, 1, 4096, 0
1124, 3773, 1, 4096, 0
1124, 3678, 1, 4096, 0
1124, 3275, 1, 4096, 0
1124, 3611, 1, 4096, 0
1124, 3349, 1, 4096, 0
1124, 152450, 1, 4096, 0
1125, 656991, 1, 4096, 0
1125, 6500, 1, 4096, 0
1125, 549014, 1, 4096, 0
1125, 7048, 1, 4096, 0
1126, 754107, 1, 4096, 0
1126, 8220, 1, 4096, 0
1126, 4688, 1, 4096, 0
1126, 197675, 1, 4096, 0
1128, 1323125, 1, 4096, 0
1128, 285680, 1, 4096, 0
1128, 152353, 1, 4096, 0
1128, 5952, 1, 4096, 0
1129, 1283922, 1, 4096, 0
1129, 7346, 1, 4096, 0
1129, 3844, 1, 4096, 0
1129, 3536, 1, 4096, 0
1129, 4012, 1, 4096, 0
1129, 3531, 1, 4096, 0
1129, 3779, 1, 4096, 0
1129, 3206, 1, 4096, 0
1132, 2804059, 1, 4096, 0
1132, 6832, 1, 4096, 0
1132, 5422, 1, 4096, 0
1132, 3855, 1, 4096, 0
1132, 3627, 1, 4096, 0
1132, 3600, 1, 4096, 0
1132, 3583, 1, 4096, 0
1133, 663286, 1, 4096, 0
1133, 6305, 1, 4096, 0
1133, 4391, 1, 4096, 0
1133, 4065, 1, 4096, 0
1133, 269143, 1, 4096, 0
1133, 5444, 1, 4096, 0
1133, 2573, 1, 4096, 0
1134, 1033103, 1, 4096, 0
1136, 1310955, 1, 4096, 0
1136, 9308, 1, 4096, 0
1136, 4126, 1, 4096, 0
1136, 181713, 1, 4096, 0
1136, 8154, 1, 4096, 0
1136, 3554, 1, 4096, 0
1136, 3240, 1, 4096, 0
1136, 3431, 1, 4096, 0
1136, 3414, 1, 4096, 0
1136, 3724, 1, 4096, 0
1136, 3380, 1, 4096, 0
1138, 1995894, 1, 4096, 0
1138, 4973, 1, 4096, 0
1138, 3798, 1, 4096, 0
1138, 3904, 1, 4096, 0
1138, 3588, 1, 4096, 0
1138, 3270, 1, 4096, 0
1138, 2756, 1, 4096, 0
1138, 3846, 1, 4096, 0
1139, 1377289, 1, 4096, 0
1139, 9286, 1, 4096, 0
1139, 4443, 1, 4096, 0
1139, 4130, 1, 4096, 0
1139, 3697, 1, 4096, 0
1139, 3523, 1, 4096, 0
1139, 6051, 1, 4096, 0
1140, 251334, 1, 4096, 0
1142, 2173933, 1, 4096, 0
1142, 6940, 1, 4096, 0
1142, 3558, 1, 4096, 0
1142, 104418, 1, 4096, 0
1142, 8749, 1, 4096, 0
1142, 3568, 1, 4096, 0
1142, 3410, 1, 4096, 0
1142, 4371, 1, 4096, 0
1142, 2933, 1, 4096, 0
1142, 2785, 1, 4096, 0
1142, 2819, 1, 4096, 0
1142, 385967, 1, 4096, 0
1142, 5539, 1, 4096, 0
1142, 2844, 1, 4096, 0
1142, 3404, 1, 4096, 0
1142, 3518, 1, 4096, 0
1142, 19963, 1, 4096, 0
1142, 5874, 1, 4096, 0
1142, 3630, 1, 4096, 0
1145, 2777655, 1, 4096, 0
1145, 11173, 1, 4096, 0
1146, 890092, 1, 4096, 0
1146, 9467, 1, 4096, 0
1146, 127982, 1, 4096, 0
1147, 527147, 1, 4096, 0
1148, 1262314, 1, 4096, 0
1148, 6102, 1, 4096, 0
1148, 3455, 1, 4096, 0
1148, 23058, 1, 4096, 0
1148, 352889, 1, 4096, 0
1148, 6845, 1, 4096, 0
1149, 376311, 1, 4096, 0
1149, 497827, 1, 4096, 0
1149, 136154, 1, 4096, 0
1149, 8321, 1, 4096, 0
1149, 3690, 1, 4096, 0
1149, 3968, 1, 4096, 0
1149, 3589, 1, 4096, 0
1149, 4171, 1, 4096, 0
1149, 5093, 1, 4096, 0
1149, 3340, 1, 4096, 0
1151, 1522816, 1, 4096, 0
1151, 8584, 1, 4096, 0
1151, 3662, 1, 4096, 0
1151, 2992, 1, 4096, 0
1151, 111038, 1, 4096, 0
1152, 373375, 1, 4096, 0
1152, 140581, 1, 4096, 0
1152, 750523, 1, 4096, 0
1152, 8017, 1, 4096, 0
1153, 198927, 1, 4096, 0
1153, 252581, 1, 4096, 0
1153, 3439, 1, 4096, 0
1153, 24151, 1, 4096, 0
1153, 109391, 1, 4096, 0
1153, 137739, 1, 4096, 0
1153, 78090, 1, 4096, 0
1153, 161802, 1, 4096, 0
1155, 1143033, 1, 4096, 0
1155, 9581, 1, 4096, 0
1155, 3011, 1, 4096, 0
1155, 2540, 1, 4096, 0
1155, 3522, 1, 4096, 0
1155, 291579, 1, 4096, 0
1155, 28842, 1, 4096, 0
1156, 1120756, 1, 4096, 0
1157, 1285581, 1, 4096, 0
1157, 9523, 1, 4096, 0
1157, 15272, 1, 4096, 0
1158, 588833, 1, 4096, 0
1158, 4101, 1, 4096, 0
1158, 15806, 1, 4096, 0
1158, 337711, 1, 4096, 0
1159, 542562, 1, 4096, 0
1159, 349067, 1, 4096, 0
1159, 6280, 1, 4096, 0
1159, 4486, 1, 4096, 0
1159, 1873, 1, 4096, 0
1159, 3321, 1, 4096, 0
1159, 3551, 1, 4096, 0
1159, 2752, 1, 4096, 0
1159, 4350, 1, 4096, 0
1161, 1298762, 1, 4096, 0
1161, 5695, 1, 4096, 0
1161, 3857, 1, 4096, 0
1161, 3894, 1, 4096, 0
1161, 3742, 1, 4096, 0
1161, 3882, 1, 4096, 0
1161, 2560, 1, 4096, 0
1161, 3351, 1, 4096, 0
1163, 2747368, 1, 4096, 0
1163, 7420, 1, 4096, 0
1163, 4665, 1, 4096, 0
1163, 3205, 1, 4096, 0
1166, 2363904, 1, 4096, 0
1166, 10429, 1, 4096, 0
1166, 3865, 1, 4096, 0
1166, 3987, 1, 4096, 0
1166, 533823, 1, 4096, 0
1166, 4833, 1, 4096, 0
1167, 502909, 1, 4096, 0
1168, 675855, 1, 4096, 0
1168, 7110, 1, 4096, 0
1168, 3273, 1, 4096, 0
1168, 5201, 1, 4096, 0
1168, 3418, 1, 4096, 0
1168, 4004, 1, 4096, 0
1168, 3569, 1, 4096, 0
1168, 3107, 1, 4096, 0
1168, 491690, 1, 4096, 0
1168, 8778, 1, 4096, 0
1168, 40993, 1, 4096, 0
1168, 7386, 1, 4096, 0
1168, 9216, 1, 4096, 0
1168, 2896, 1, 4096, 0
1168, 2933, 1, 4096, 0
1168, 3102, 1, 4096, 0
1168, 3033, 1, 4096, 0
1168, 3175, 1, 4096, 0
1171, 2665265, 1, 4096, 0
1172, 849118, 1, 4096, 0
1172, 6266, 1, 4096, 0
1172, 2990, 1, 4096, 0
1172, 136788, 1, 4096, 0
1173, 627866, 1, 4096, 0
1173, 302795, 1, 4096, 0
1173, 7716, 1, 4096, 0
1173, 2803, 1, 4096, 0
1173, 2587, 1, 4096, 0
1173, 3650, 1, 4096, 0
1173, 2509, 1, 4096, 0
1173, 2651, 1, 4096, 0
1173, 2127, 1, 4096, 0
1175, 1794708, 1, 4096, 0
1175, 8487, 1, 4096, 0
1175, 3518, 1, 4096, 0
1175, 3707, 1, 4096, 0
1175, 4007, 1, 4096, 0
1176, 1012086, 1, 4096, 0
1177, 759800, 1, 4096, 0
1178, 790768, 1, 4096, 0
1178, 6299, 1, 4096, 0
1178, 453634, 1, 4096, 0
1178, 5940, 1, 4096, 0
1178, 3704, 1, 4096, 0
1178, 246498, 1, 4096, 0
1179, 370888, 1, 4096, 0
1179, 157014, 1, 4096, 0
1179, 6281, 1, 4096, 0
1179, 3761, 1, 4096, 0
1179, 3134, 1, 4096, 0
1179, 3454, 1, 4096, 0
1179, 4370, 1, 4096, 0
1179, 4866, 1, 4096, 0
1179, 3595, 1, 4096, 0
1180, 1468677, 1, 4096, 0
1180, 7573, 1, 4096, 0
1182, 1890667, 1, 4096, 0
1182, 7158, 1, 4096, 0
1182, 178825, 1, 4096, 0
1182, 9301, 1, 4096, 0
1182, 3047, 1, 4096, 0
1183, 3569, 1, 4096, 0
1183, 2617, 1, 4096, 0
1183, 3341, 1, 4096, 0
1183, 3181, 1, 4096, 0
1183, 3356, 1, 4096, 0
1183, 790174, 1, 4096, 0
1183, 13705, 1, 4096, 0
1183, 10351, 1, 4096, 0
1183, 3745, 1, 4096, 0
1183, 3387, 1, 4096, 0
1185, 1531153, 1, 4096, 0
1185, 5357, 1, 4096, 0
1185, 3114, 1, 4096, 0
1185, 2632, 1, 4096, 0
1185, 3586, 1, 4096, 0
1185, 3169, 1, 4096, 0
1186, 743771, 1, 4096, 0
1186, 213811, 1, 4096, 0
1188, 1536168, 1, 4096, 0
1188, 634922, 1, 4096, 0
1188, 7146, 1, 4096, 0
1190, 1360172, 1, 4096, 0
1190, 501843, 1, 4096, 0
1190, 15178, 1, 4096, 0
1190, 3865, 1, 4096, 0
1191, 167196, 1, 4096, 0
1191, 15529, 1, 4096, 0
1191, 425092, 1, 4096, 0
1192, 1149009, 1, 4096, 0
1192, 8247, 1, 4096, 0
1192, 172660, 1, 4096, 0
1193, 227836, 1, 4096, 0
1193, 8288, 1, 4096, 0
1193, 4181, 1, 4096, 0
1193, 3066, 1, 4096, 0
1193, 3206, 1, 4096, 0
1193, 3459, 1, 4096, 0
1193, 3124, 1, 4096, 0
1193, 3314, 1, 4096, 0
1195, 2884786, 1, 4096, 0
1195, 8347, 1, 4096, 0
1195, 4431, 1, 4096, 0
1196, 620297, 1, 4096, 0
1196, 6527, 1, 4096, 0
1196, 239293, 1, 4096, 0
1196, 7214, 1, 4096, 0
1196, 3293, 1, 4096, 0
1196, 5756, 1, 4096, 0
1196, 3195, 1, 4096, 0
1196, 3262, 1, 4096, 0
1196, 3180, 1, 4096, 0
1196, 2805, 1, 4096, 0
1199, 2770842, 1, 4096, 0
1200, 661847, 1, 4096, 0
1200, 6945, 1, 4096, 0
1200, 224363, 1, 4096, 0
1200, 4550, 1, 4096, 0
1200, 3708, 1, 4096, 0
1201, 486917, 1, 4096, 0
1201, 304074, 1, 4096, 0
1201, 235182, 1, 4096, 0
1202, 764472, 1, 4096, 0
1202, 198957, 1, 4096, 0
1202, 375232, 1, 4096, 0
1203, 85754, 1, 4096, 0
1203, 281879, 1, 4096, 0
1203, 311550, 1, 4096, 0
1203, 4579, 1, 4096, 0
1203, 249152, 1, 4096, 0
1204, 62767, 1, 4096, 0
1205, 1524178, 1, 4096, 0
1205, 14797, 1, 4096, 0
1205, 3189, 1, 4096, 0
1205, 75499, 1, 4096, 0
1205, 4395, 1, 4096, 0
1207, 1828587, 1, 4096, 0
1207, 7203, 1, 4096, 0
1207, 3642, 1, 4096, 0
1207, 3511, 1, 4096, 0
1207, 3794, 1, 4096, 0
1207, 3361, 1, 4096, 0
1207, 3162, 1, 4096, 0
1207, 2128, 1, 4096, 0
1209, 1913720, 1, 4096, 0
1209, 5398, 1, 4096, 0
1209, 3614, 1, 4096, 0
1209, 2971, 1, 4096, 0
1209, 2980, 1, 4096, 0
1209, 4583, 1, 4096, 0
1209, 2586, 1, 4096, 0
1211, 1974432, 1, 4096, 0
1212, 587651, 1, 4096, 0
1212, 7938, 1, 4096, 0
1212, 3120, 1, 4096, 0
1212, 3245, 1, 4096, 0
1212, 3009, 1, 4096, 0
1212, 3346, 1, 4096, 0
1212, 2604, 1, 4096, 0
1212, 526447, 1, 4096, 0
1215, 2969825, 1, 4096, 0
1215, 10714, 1, 4096, 0
1215, 4068, 1, 4096, 0
1215, 2442, 1, 4096, 0
1215, 3757, 1, 4096, 0
1216, 740153, 1, 4096, 0
1216, 3477, 1, 4096, 0
1216, 272275, 1, 4096, 0
1218, 2287296, 1, 4096, 0
1218, 5724, 1, 4096, 0
1218, 4414, 1, 4096, 0
1219, 732871, 1, 4096, 0
1219, 5606, 1, 4096, 0
1219, 3178, 1, 4096, 0
1220, 1173340, 1, 4096, 0
1220, 6692, 1, 4096, 0
1220, 4464, 1, 4096, 0
1221, 826802, 1, 4096, 0
1222, 408974, 1, 4096, 0
1222, 312712, 1, 4096, 0
1222, 359734, 1, 4096, 0
1222, 8394, 1, 4096, 0
1222, 4320, 1, 4096, 0
1222, 5984, 1, 4096, 0
1222, 5422, 1, 4096, 0
1222, 3997, 1, 4096, 0
1222, 3392, 1, 4096, 0
1222, 3619, 1, 4096, 0
1225, 2444994, 1, 4096, 0
1225, 6391, 1, 4096, 0
1225, 4110, 1, 4096, 0
1225, 2962, 1, 4096, 0
1225, 3358, 1, 4096, 0
1225, 2704, 1, 4096, 0
1225, 2509, 1, 4096, 0
1226, 701254, 1, 4096, 0
1226, 432912, 1, 4096, 0
1226, 153974, 1, 4096, 0
1227, 884387, 1, 4096, 0
1228, 634448, 1, 4096, 0
1228, 5942, 1, 4096, 0
1228, 4203, 1, 4096, 0
1228, 715042, 1, 4096, 0
1229, 271707, 1, 4096, 0
1229, 307915, 1, 4096, 0
1229, 181151, 1, 4096, 0
1230, 911965, 1, 4096, 0
1230, 4051, 1, 4096, 0
1230, 221860, 1, 4096, 0
1231, 224195, 1, 4096, 0
1231, 4248, 1, 4096, 0
1231, 217490, 1, 4096, 0
1232, 810017, 1, 4096, 0
1232, 5821, 1, 4096, 0
1232, 646756, 1, 4096, 0
1233, 347115, 1, 4096, 0
1233, 112154, 1, 4096, 0
1233, 134320, 1, 4096, 0
1233, 367508, 1, 4096, 0
1233, 5617, 1, 4096, 0
1234, 823033, 1, 4096, 0
1234, 27174, 1, 4096, 0
1234, 7143, 1, 4096, 0
1234, 3418, 1, 4096, 0
1234, 3561, 1, 4096, 0
1234, 3959, 1, 4096, 0
1234, 3331, 1, 4096, 0
1234, 2835, 1, 4096, 0
1234, 2812, 1, 4096, 0
1237, 2531951, 1, 4096, 0
1237, 8364, 1, 4096, 0
1237, 583769, 1, 4096, 0
1237, 6557, 1, 4096, 0
1237, 3988, 1, 4096, 0
1237, 24245, 1, 4096, 0
1237, 3541, 1, 4096, 0
1237, 3796, 1, 4096, 0
1237, 3663, 1, 4096, 0
1238, 378583, 1, 4096, 0
1238, 228298, 1, 4096, 0
1238, 5316, 1, 4096, 0
1238, 2662, 1, 4096, 0
1238, 3592, 1, 4096, 0
1238, 3244, 1, 4096, 0
1238, 3576, 1, 4096, 0
1238, 2975, 1, 4096, 0
1238, 3197, 1, 4096, 0
1241, 2517304, 1, 4096, 0
1241, 361789, 1, 4096, 0
1241, 7462, 1, 4096, 0
1241, 3133, 1, 4096, 0
1241, 4100, 1, 4096, 0
1241, 3985, 1, 4096, 0
1241, 2911, 1, 4096, 0
1241, 255006, 1, 4096, 0
1242, 523673, 1, 4096, 0
1243, 791797, 1, 4096, 0
1243, 9288, 1, 4096, 0
1243, 3708, 1, 4096, 0
1243, 4522, 1, 4096, 0
1243, 4458, 1, 4096, 0
1243, 2795, 1, 4096, 0
1244, 1360742, 1, 4096, 0
1244, 259354, 1, 4096, 0
1244, 7623, 1, 4096, 0
1245, 714703, 1, 4096, 0
1245, 5068, 1, 4096, 0
1246, 1350870, 1, 4096, 0
1246, 7773, 1, 4096, 0
1246, 3100, 1, 4096, 0
1246, 4210, 1, 4096, 0
1246, 3084, 1, 4096, 0
1246, 3484, 1, 4096, 0
1246, 7927, 1, 4096, 0
1246, 3220, 1, 4096, 0
1247, 204549, 1, 4096, 0
1247, 6804, 1, 4096, 0
1250, 3106854, 1, 4096, 0
1250, 4466, 1, 4096, 0
1250, 2832, 1, 4096, 0
1250, 3196, 1, 4096, 0
1250, 3578, 1, 4096, 0
1250, 8857, 1, 4096, 0
1250, 3332, 1, 4096, 0
1251, 1302566, 1, 4096, 0
1252, 603322, 1, 4096, 0
1252, 476051, 1, 4096, 0
1253, 433167, 1, 4096, 0
1253, 7632, 1, 4096, 0
1253, 465466, 1, 4096, 0
1253, 244724, 1, 4096, 0
1254, 244350, 1, 4096, 0
1254, 8538, 1, 4096, 0
1254, 4669, 1, 4096, 0
1254, 3659, 1, 4096, 0
1254, 3024, 1, 4096, 0
1254, 3918, 1, 4096, 0
1254, 3350, 1, 4096, 0
1254, 3750, 1, 4096, 0
1254, 478831, 1, 4096, 0
1254, 6015, 1, 4096, 0
1255, 899777, 1, 4096, 0
1255, 7869, 1, 4096, 0
1255, 4112, 1, 4096, 0
1255, 4088, 1, 4096, 0
1255, 3153, 1, 4096, 0
1255, 2859, 1, 4096, 0
1255, 3051, 1, 4096, 0
1255, 3647, 1, 4096, 0
1258, 2389990, 1, 4096, 0
1258, 9241, 1, 4096, 0
1258, 2945, 1, 4096, 0
1258, 4454, 1, 4096, 0
1258, 3249, 1, 4096, 0
1258, 3346, 1, 4096, 0
1258, 3349, 1, 4096, 0
1258, 4020, 1, 4096, 0
1261, 3461719, 1, 4096, 0
1261, 7224, 1, 4096, 0
1261, 5679, 1, 4096, 0
1261, 5881, 1, 4096, 0
1261, 4811, 1, 4096, 0
1261, 3893, 1, 4096, 0
1261, 5288, 1, 4096, 0
1261, 3515, 1, 4096, 0
1263, 1916443, 1, 4096, 0
1263, 5906, 1, 4096, 0
1263, 3473, 1, 4096, 0
1263, 2974, 1, 4096, 0
1263, 2771, 1, 4096, 0
1263, 2905, 1, 4096, 0
1263, 3215, 1, 4096, 0
1264, 1073691, 1, 4096, 0
1266, 1724294, 1, 4096, 0
1266, 7800, 1, 4096, 0
1266, 135474, 1, 4096, 0
1266, 168504, 1, 4096, 0
1267, 292028, 1, 4096, 0
1268, 963433, 1, 4096, 0
1268, 8224, 1, 4096, 0
1268, 3710, 1, 4096, 0
1269, 1212802, 1, 4096, 0
1269, 518381, 1, 4096, 0
1269, 7090, 1, 4096, 0
1270, 617630, 1, 4096, 0
1271, 963726, 1, 4096, 0
1271, 6945, 1, 4096, 0
1272, 1267105, 1, 4096, 0
1272, 198044, 1, 4096, 0
1272, 7773, 1, 4096, 0
1272, 3090, 1, 4096, 0
1272, 2766, 1, 4096, 0
1272, 4620, 1, 4096, 0
1272, 2910, 1, 4096, 0
1272, 2813, 1, 4096, 0
1272, 5169, 1, 4096, 0
1273, 478862, 1, 4096, 0
1273, 8157, 1, 4096, 0
1273, 3018, 1, 4096, 0
1273, 448915, 1, 4096, 0
1273, 15103, 1, 4096, 0
1273, 6713, 1, 4096, 0
1273, 3369, 1, 4096, 0
1273, 3399, 1, 4096, 0
1273, 3399, 1, 4096, 0
1273, 3748, 1, 4096, 0
1273, 3135, 1, 4096, 0
1274, 619802, 1, 4096, 0
1274, 7752, 1, 4096, 0
1275, 8745, 1, 4096, 0
1275, 4012, 1, 4096, 0
1276, 494234, 1, 4096, 0
1277, 1245541, 1, 4096, 0
1277, 296130, 1, 4096, 0
1277, 7749, 1, 4096, 0
1277, 4520, 1, 4096, 0
1277, 3911, 1, 4096, 0
1277, 3838, 1, 4096, 0
1277, 2800, 1, 4096, 0
1277, 3338, 1, 4096, 0
1278, 885284, 1, 4096, 0
1280, 2132144, 1, 4096, 0
1280, 5913, 1, 4096, 0
1280, 4455, 1, 4096, 0
1280, 3330, 1, 4096, 0
1280, 2746, 1, 4096, 0
1280, 3586, 1, 4096, 0
1280, 3399, 1, 4096, 0
1280, 3063, 1, 4096, 0
1283, 2847223, 1, 4096, 0
1283, 109693, 1, 4096, 0
1283, 63068, 1, 4096, 0
1284, 557299, 1, 4096, 0
1284, 4514, 1, 4096, 0
1284, 4341, 1, 4096, 0
1284, 3361, 1, 4096, 0
1284, 3313, 1, 4096, 0
1284, 3435, 1, 4096, 0
1284, 2805, 1, 4096, 0
1284, 1798, 1, 4096, 0
1284, 532576, 1, 4096, 0
1284, 13943, 1, 4096, 0
1284, 2911, 1, 4096, 0
1284, 3461, 1, 4096, 0
1286, 1229021, 1, 4096, 0
1286, 11120, 1, 4096, 0
1286, 4172, 1, 4096, 0
1286, 5542, 1, 4096, 0
1286, 3082, 1, 4096, 0
1286, 3500, 1, 4096, 0
1286, 2794, 1, 4096, 0
1286, 3529, 1, 4096, 0
1288, 2279416, 1, 4096, 0
1288, 17707, 1, 4096, 0
1288, 256735, 1, 4096, 0
1288, 5518, 1, 4096, 0
1289, 664842, 1, 4096, 0
1289, 13418, 1, 4096, 0
1289, 3903, 1, 4096, 0
1289, 441262, 1, 4096, 0
1290, 747047, 1, 4096, 0
1291, 405144, 1, 4096, 0
1292, 1600995, 1, 4096, 0
1293, 352069, 1, 4096, 0
1293, 134420, 1, 4096, 0
1293, 44095, 1, 4096, 0
1293, 523492, 1, 4096, 0
1293, 156252, 1, 4096, 0
1294, 338114, 1, 4096, 0
1295, 1722542, 1, 4096, 0
1296, 250211, 1, 4096, 0
1296, 6530, 1, 4096, 0
1296, 3050, 1, 4096, 0
1296, 4033, 1, 4096, 0
1297, 1510526, 1, 4096, 0
1297, 246700, 1, 4096, 0
1297, 4053, 1, 4096, 0
1298, 156028, 1, 4096, 0
1298, 198474, 1, 4096, 0
1298, 239496, 1, 4096, 0
1299, 1199786, 1, 4096, 0
1300, 638213, 1, 4096, 0
1300, 5030, 1, 4096, 0
1300, 465136, 1, 4096, 0
1301, 123586, 1, 4096, 0
1301, 929138, 1, 4096, 0
1301, 4655, 1, 4096, 0
1303, 1016661, 1, 4096, 0
1303, 5714, 1, 4096, 0
1303, 2506, 1, 4096, 0
1303, 230770, 1, 4096, 0
1303, 234082, 1, 4096, 0
1303, 6343, 1, 4096, 0
1303, 2285, 1, 4096, 0
1303, 2732, 1, 4096, 0
1303, 2760, 1, 4096, 0
1303, 2662, 1, 4096, 0
1303, 3218, 1, 4096, 0
1303, 3000, 1, 4096, 0
1305, 1946429, 1, 4096, 0
1306, 754531, 1, 4096, 0
1306, 4394, 1, 4096, 0
1306, 3282, 1, 4096, 0
1306, 2552, 1, 4096, 0
1306, 331339, 1, 4096, 0
1306, 3725, 1, 4096, 0
1306, 279860, 1, 4096, 0
1306, 5924, 1, 4096, 0
1306, 3299, 1, 4096, 0
1306, 3872, 1, 4096, 0
1306, 3599, 1, 4096, 0
1306, 3127, 1, 4096, 0
1306, 4155, 1, 4096, 0
1306, 3104, 1, 4096, 0
1308, 1257898, 1, 4096, 0
1308, 4788, 1, 4096, 0
1308, 3087, 1, 4096, 0
1308, 3392, 1, 4096, 0
1308, 3511, 1, 4096, 0
1308, 2651, 1, 4096, 0
1308, 2647, 1, 4096, 0
1308, 2694, 1, 4096, 0
1310, 2424357, 1, 4096, 0
1310, 7841, 1, 4096, 0
1310, 4175, 1, 4096, 0
1310, 3053, 1, 4096, 0
1310, 5103, 1, 4096, 0
1310, 3237, 1, 4096, 0
1310, 3199, 1, 4096, 0
1310, 2661, 1, 4096, 0
1312, 1487992, 1, 4096, 0
1313, 1221885, 1, 4096, 0
1313, 5927, 1, 4096, 0
1313, 271725, 1, 4096, 0
1313, 4523, 1, 4096, 0
1313, 3363, 1, 4096, 0
1313, 3682, 1, 4096, 0
1313, 3679, 1, 4096, 0
1315, 1965308, 1, 4096, 0
1315, 5020, 1, 4096, 0
1316, 723452, 1, 4096, 0
1316, 6690, 1, 4096, 0
1316, 2937, 1, 4096, 0
1316, 3661, 1, 4096, 0
1316, 1855, 1, 4096, 0
1316, 2462, 1, 4096, 0
1316, 2379, 1, 4096, 0
1316, 1913, 1, 4096, 0
1319, 2766260, 1, 4096, 0
1319, 474856, 1, 4096, 0
1319, 6143, 1, 4096, 0
1319, 2802, 1, 4096, 0
1319, 2920, 1, 4096, 0
1320, 867530, 1, 4096, 0
1320, 5031, 1, 4096, 0
1320, 2880, 1, 4096, 0
1320, 242894, 1, 4096, 0
1322, 1639650, 1, 4096, 0
1322, 339259, 1, 4096, 0
1323, 355662, 1, 4096, 0
1323, 4674, 1, 4096, 0
1325, 2266244, 1, 4096, 0
1325, 478731, 1, 4096, 0
1326, 110909, 1, 4096, 0
1326, 417344, 1, 4096, 0
1327, 771320, 1, 4096, 0
1327, 313011, 1, 4096, 0
1327, 118737, 1, 4096, 0
1328, 388842, 1, 4096, 0
1328, 4535, 1, 4096, 0
1328, 546611, 1, 4096, 0
1329, 429621, 1, 4096, 0
1329, 811161, 1, 4096, 0
1330, 682320, 1, 4096, 0
1330, 135056, 1, 4096, 0
1330, 119045, 1, 4096, 0
1332, 2060284, 1, 4096, 0
1332, 7885, 1, 4096, 0
1332, 3688, 1, 4096, 0
1332, 3313, 1, 4096, 0
1333, 266794, 1, 4096, 0
1333, 461270, 1, 4096, 0
1333, 7158, 1, 4096, 0
1333, 3656, 1, 4096, 0
1333, 3395, 1, 4096, 0
1333, 3154, 1, 4096, 0
1333, 3055, 1, 4096, 0
1333, 3451, 1, 4096, 0
1333, 2798, 1, 4096, 0
1336, 2422875, 1, 4096, 0
1336, 104475, 1, 4096, 0
1336, 6469, 1, 4096, 0
1336, 4392, 1, 4096, 0
1337, 904583, 1, 4096, 0
1337, 315144, 1, 4096, 0
1337, 6742, 1, 4096, 0
1337, 4029, 1, 4096, 0
1337, 3348, 1, 4096, 0
1337, 3564, 1, 4096, 0
1337, 4995, 1, 4096, 0
1337, 4387, 1, 4096, 0
1337, 4534, 1, 4096, 0
1340, 3253928, 1, 4096, 0
1340, 14457, 1, 4096, 0
1340, 5069, 1, 4096, 0
1341, 539885, 1, 4096, 0
1341, 5479, 1, 4096, 0
1341, 58426, 1, 4096, 0
1342, 769902, 1, 4096, 0
1344, 2239190, 1, 4096, 0
1344, 5694, 1, 4096, 0
1344, 5006, 1, 4096, 0
1345, 773978, 1, 4096, 0
1345, 5514, 1, 4096, 0
1345, 3596, 1, 4096, 0
1345, 93716, 1, 4096, 0
1345, 316626, 1, 4096, 0
1347, 1942979, 1, 4096, 0
1347, 5866, 1, 4096, 0
1347, 3592, 1, 4096, 0
1347, 226718, 1, 4096, 0
1348, 674149, 1, 4096, 0
1349, 889925, 1, 4096, 0
1349, 6403, 1, 4096, 0
1349, 2810, 1, 4096, 0
1350, 1099260, 1, 4096, 0
1350, 363722, 1, 4096, 0
1351, 357002, 1, 4096, 0
1351, 208198, 1, 4096, 0
1352, 900583, 1, 4096, 0
1352, 6285, 1, 4096, 0
1353, 554884, 1, 4096, 0
1353, 5733, 1, 4096, 0
1353, 454616, 1, 4096, 0
1353, 6790, 1, 4096, 0
1353, 6786, 1, 4096, 0
1354, 856110, 1, 4096, 0
1354, 145075, 1, 4096, 0
1355, 1021880, 1, 4096, 0
1355, 399903, 1, 4096, 0
1356, 977929, 1, 4096, 0
1356, 7505, 1, 4096, 0
1356, 4284, 1, 4096, 0
1357, 433729, 1, 4096, 0
1357, 136034, 1, 4096, 0
1357, 7091, 1, 4096, 0
1357, 3413, 1, 4096, 0
1357, 2927, 1, 4096, 0
1357, 3903, 1, 4096, 0
1357, 2773, 1, 4096, 0
1357, 3015, 1, 4096, 0
1357, 2807, 1, 4096, 0
1357, 351759, 1, 4096, 0
1357, 7644, 1, 4096, 0
1357, 3710, 1, 4096, 0
1357, 5826, 1, 4096, 0
1357, 3089, 1, 4096, 0
1357, 2913, 1, 4096, 0
1357, 2886, 1, 4096, 0
1357, 2753, 1, 4096, 0
1359, 1555474, 1, 4096, 0
1359, 6264, 1, 4096, 0
1359, 2678, 1, 4096, 0
1361, 1461846, 1, 4096, 0
1361, 7213, 1, 4096, 0
1361, 423441, 1, 4096, 0
1361, 8595, 1, 4096, 0
1361, 4660, 1, 4096, 0
1361, 9807, 1, 4096, 0
1361, 3467, 1, 4096, 0
1361, 2749, 1, 4096, 0
1361, 6048, 1, 4096, 0
1361, 97899, 1, 4096, 0
1363, 1758854, 1, 4096, 0
1363, 4519, 1, 4096, 0
1363, 2415, 1, 4096, 0
1363, 2595, 1, 4096, 0
1363, 2999, 1, 4096, 0
1363, 140723, 1, 4096, 0
1363, 5616, 1, 4096, 0
1363, 5261, 1, 4096, 0
1363, 3934, 1, 4096, 0
1363, 2656, 1, 4096, 0
1363, 3167, 1, 4096, 0
1363, 3546, 1, 4096, 0
1363, 3258, 1, 4096, 0
1364, 1040521, 1, 4096, 0
1364, 5484, 1, 4096, 0
1364, 1954, 1, 4096, 0
1364, 2142, 1, 4096, 0
1364, 2331, 1, 4096, 0
1365, 6221, 1, 4096, 0
1365, 3318, 1, 4096, 0
1365, 2675, 1, 4096, 0
1367, 1842038, 1, 4096, 0
1367, 7821, 1, 4096, 0
1367, 3135, 1, 4096, 0
1367, 3855, 1, 4096, 0
1367, 3349, 1, 4096, 0
1367, 2930, 1, 4096, 0
1367, 2745, 1, 4096, 0
1367, 5143, 1, 4096, 0
1368, 446846, 1, 4096, 0
1368, 5014, 1, 4096, 0
1368, 2270, 1, 4096, 0
1368, 2541, 1, 4096, 0
1368, 2812, 1, 4096, 0
1368, 2964, 1, 4096, 0
1368, 162342, 1, 4096, 0
1369, 1130076, 1, 4096, 0
1369, 9974, 1, 4096, 0
1369, 3000, 1, 4096, 0
1369, 3137, 1, 4096, 0
1369, 2958, 1, 4096, 0
1369, 2860, 1, 4096, 0
1370, 193706, 1, 4096, 0
1370, 479118, 1, 4096, 0
1370, 204927, 1, 4096, 0
1371, 259951, 1, 4096, 0
1371, 7989, 1, 4096, 0
1371, 3516, 1, 4096, 0
1371, 172559, 1, 4096, 0
1371, 16103, 1, 4096, 0
1372, 1008374, 1, 4096, 0
1373, 923414, 1, 4096, 0
1373, 184205, 1, 4096, 0
1373, 7921, 1, 4096, 0
1373, 4050, 1, 4096, 0
1373, 2561, 1, 4096, 0
1373, 2674, 1, 4096, 0
1373, 3242, 1, 4096, 0
1373, 2360, 1, 4096, 0
1373, 1420, 1, 4096, 0
1373, 303825, 1, 4096, 0
1373, 9029, 1, 4096, 0
1373, 3099, 1, 4096, 0
1373, 11239, 1, 4096, 0
1374, 23491, 1, 4096, 0
1374, 3944, 1, 4096, 0
1374, 4603, 1, 4096, 0
1374, 8233, 1, 4096, 0
1376, 2571731, 1, 4096, 0
1376, 7231, 1, 4096, 0
1376, 4774, 1, 4096, 0
1377, 449237, 1, 4096, 0
1377, 6197, 1, 4096, 0
1377, 3332, 1, 4096, 0
1377, 3349, 1, 4096, 0
1377, 2869, 1, 4096, 0
1377, 2990, 1, 4096, 0
1377, 2809, 1, 4096, 0
1377, 3164, 1, 4096, 0
1379, 2369523, 1, 4096, 0
1379, 6823, 1, 4096, 0
1379, 2481, 1, 4096, 0
1379, 2256, 1, 4096, 0
1379, 4360, 1, 4096, 0
1379, 2435, 1, 4096, 0
1379, 3820, 1, 4096, 0
1379, 3449, 1, 4096, 0
1381, 1807353, 1, 4096, 0
1381, 5321, 1, 4096, 0
1381, 2618, 1, 4096, 0
1381, 2554, 1, 4096, 0
1381, 3017, 1, 4096, 0
1381, 2798, 1, 4096, 0
1381, 3373, 1, 4096, 0
1381, 3280, 1, 4096, 0
1382, 504315, 1, 4096, 0
1382, 8067, 1, 4096, 0
1382, 3538, 1, 4096, 0
1382, 2485, 1, 4096, 0
1382, 2382, 1, 4096, 0
1382, 2364, 1, 4096, 0
1382, 2600, 1, 4096, 0
1382, 2938, 1, 4096, 0
1382, 209387, 1, 4096, 0
1382, 7186, 1, 4096, 0
1382, 4592, 1, 4096, 0
1382, 2943, 1, 4096, 0
1382, 10271, 1, 4096, 0
1382, 3182, 1, 4096, 0
1383, 6384, 1, 4096, 0
1384, 9566, 1, 4096, 0
1385, 10643, 1, 4096, 0
1385, 5351, 1, 4096, 0
1385, 8385, 1, 4096, 0
1385, 7718, 1, 4096, 0
1385, 3264, 1, 4096, 0
1385, 3084, 1, 4096, 0
1385, 3110, 1, 4096, 0
1386, 488577, 1, 4096, 0
1386, 543647, 1, 4096, 0
1386, 4395, 1, 4096, 0
1387, 121240, 1, 4096, 0
1387, 5382, 1, 4096, 0
1387, 3566, 1, 4096, 0
1387, 2523, 1, 4096, 0
1387, 2934, 1, 4096, 0
1387, 2678, 1, 4096, 0
1388, 1253158, 1, 4096, 0
1388, 8608, 1, 4096, 0
1388, 3987, 1, 4096, 0
1388, 2554, 1, 4096, 0
1388, 3049, 1, 4096, 0
1388, 3446, 1, 4096, 0
1388, 2503, 1, 4096, 0
1389, 364596, 1, 4096, 0
1390, 1552246, 1, 4096, 0
1390, 7278, 1, 4096, 0
1390, 4143, 1, 4096, 0
1390, 3051, 1, 4096, 0
1390, 2843, 1, 4096, 0
1390, 2291, 1, 4096, 0
1390, 2751, 1, 4096, 0
1390, 2416, 1, 4096, 0
1391, 475363, 1, 4096, 0
1391, 5408, 1, 4096, 0
1391, 2025, 1, 4096, 0
1391, 3173, 1, 4096, 0
1391, 3424, 1, 4096, 0
1392, 1104753, 1, 4096, 0
1392, 6411, 1, 4096, 0
1392, 2444, 1, 4096, 0
1394, 2053714, 1, 4096, 0
1394, 6641, 1, 4096, 0
1395, 340410, 1, 4096, 0
1395, 8698, 1, 4096, 0
1395, 3295, 1, 4096, 0
1395, 109843, 1, 4096, 0
1395, 427682, 1, 4096, 0
1396, 678735, 1, 4096, 0
1397, 630261, 1, 4096, 0
1397, 786374, 1, 4096, 0
1397, 7273, 1, 4096, 0
1398, 404123, 1, 4096, 0
1398, 7625, 1, 4096, 0
1398, 3943, 1, 4096, 0
1398, 2554, 1, 4096, 0
1398, 3458, 1, 4096, 0
1398, 2955, 1, 4096, 0
1398, 3377, 1, 4096, 0
1398, 3364, 1, 4096, 0
1399, 1381267, 1, 4096, 0
1399, 6515, 1, 4096, 0
1399, 3112, 1, 4096, 0
1399, 3170, 1, 4096, 0
1399, 3139, 1, 4096, 0
1399, 2836, 1, 4096, 0
1399, 3054, 1, 4096, 0
1399, 2471, 1, 4096, 0
1401, 1570102, 1, 4096, 0
1401, 6397, 1, 4096, 0
1401, 3406, 1, 4096, 0
1401, 3275, 1, 4096, 0
1401, 3814, 1, 4096, 0
1401, 2959, 1, 4096, 0
1401, 11361, 1, 4096, 0
1401, 5714, 1, 4096, 0
1401, 3479, 1, 4096, 0
1402, 8654, 1, 4096, 0
1403, 15396, 1, 4096, 0
1403, 4043, 1, 4096, 0
1403, 8983, 1, 4096, 0
1403, 3383, 1, 4096, 0
1403, 8043, 1, 4096, 0
1403, 12064, 1, 4096, 0
1403, 5166, 1, 4096, 0
1404, 148914, 1, 4096, 0
1404, 111873, 1, 4096, 0
1404, 9230, 1, 4096, 0
1404, 3293, 1, 4096, 0
1404, 4454, 1, 4096, 0
1404, 5139, 1, 4096, 0
1404, 5278, 1, 4096, 0
1404, 4367, 1, 4096, 0
1405, 588889, 1, 4096, 0
1405, 4548, 1, 4096, 0
1405, 3198, 1, 4096, 0
1405, 3157, 1, 4096, 0
1405, 3591, 1, 4096, 0
1405, 2510, 1, 4096, 0
1405, 6875, 1, 4096, 0
1405, 4830, 1, 4096, 0
1407, 1882490, 1, 4096, 0
1408, 316462, 1, 4096, 0
1408, 718760, 1, 4096, 0
1408, 7288, 1, 4096, 0
1409, 427245, 1, 4096, 0
1409, 4978, 1, 4096, 0
1409, 4234, 1, 4096, 0
1409, 4342, 1, 4096, 0
1409, 3793, 1, 4096, 0
1409, 3452, 1, 4096, 0
1409, 3632, 1, 4096, 0
1409, 3354, 1, 4096, 0
1411, 1736705, 1, 4096, 0
1412, 1131781, 1, 4096, 0
1412, 7450, 1, 4096, 0
1412, 591199, 1, 4096, 0
1412, 8045, 1, 4096, 0
1412, 3528, 1, 4096, 0
1412, 3094, 1, 4096, 0
1412, 3377, 1, 4096, 0
1412, 3187, 1, 4096, 0
1412, 3250, 1, 4096, 0
1412, 2912, 1, 4096, 0
1413, 141824, 1, 4096, 0
1413, 224782, 1, 4096, 0
1414, 939459, 1, 4096, 0
1414, 71284, 1, 4096, 0
1414, 39884, 1, 4096, 0
1414, 4408, 1, 4096, 0
1414, 546027, 1, 4096, 0
1414, 6111, 1, 4096, 0
1414, 3098, 1, 4096, 0
1414, 3373, 1, 4096, 0
1414, 3127, 1, 4096, 0
1414, 2558, 1, 4096, 0
1414, 3695, 1, 4096, 0
1414, 3191, 1, 4096, 0
1418, 3127297, 1, 4096, 0
1418, 7954, 1, 4096, 0
1418, 3573, 1, 4096, 0
1418, 2830, 1, 4096, 0
1418, 2681, 1, 4096, 0
1418, 3518, 1, 4096, 0
1418, 3184, 1, 4096, 0
1418, 3137, 1, 4096, 0
1419, 1556447, 1, 4096, 0
1421, 2063520, 1, 4096, 0
1421, 5243, 1, 4096, 0
1421, 3311, 1, 4096, 0
1421, 3244, 1, 4096, 0
1421, 2937, 1, 4096, 0
1421, 2873, 1, 4096, 0
1421, 3202, 1, 4096, 0
1421, 2872, 1, 4096, 0
1424, 2278922, 1, 4096, 0
1424, 7895, 1, 4096, 0
1424, 3342, 1, 4096, 0
1424, 3116, 1, 4096, 0
1424, 3877, 1, 4096, 0
1424, 2800, 1, 4096, 0
1424, 3481, 1, 4096, 0
1424, 3561, 1, 4096, 0
1427, 3408558, 1, 4096, 0
1427, 135780, 1, 4096, 0
1428, 1014721, 1, 4096, 0
1428, 8489, 1, 4096, 0
1428, 3650, 1, 4096, 0
1429, 548775, 1, 4096, 0
1429, 91566, 1, 4096, 0
1429, 7538, 1, 4096, 0
1429, 3266, 1, 4096, 0
1429, 3284, 1, 4096, 0
1429, 3273, 1, 4096, 0
1429, 3426, 1, 4096, 0
1429, 3886, 1, 4096, 0
1429, 4226, 1, 4096, 0
1431, 2481644, 1, 4096, 0
1432, 1025474, 1, 4096, 0
1433, 226131, 1, 4096, 0
1433, 527973, 1, 4096, 0
1433, 69148, 1, 4096, 0
1435, 1738930, 1, 4096, 0
1435, 6251, 1, 4096, 0
1435, 8078, 1, 4096, 0
1435, 2986, 1, 4096, 0
1436, 805970, 1, 4096, 0
1436, 11814, 1, 4096, 0
1436, 14521, 1, 4096, 0
1436, 542444, 1, 4096, 0
1436, 6594, 1, 4096, 0
1436, 31847, 1, 4096, 0
1437, 448993, 1, 4096, 0
1438, 1506374, 1, 4096, 0
1438, 5793, 1, 4096, 0
1438, 2582, 1, 4096, 0
1439, 719255, 1, 4096, 0
1439, 4248, 1, 4096, 0
1440, 546753, 1, 4096, 0
1440, 6617, 1, 4096, 0
1440, 114548, 1, 4096, 0
1440, 208758, 1, 4096, 0
1441, 734989, 1, 4096, 0
1442, 710283, 1, 4096, 0
1442, 6944, 1, 4096, 0
1442, 2487, 1, 4096, 0
1442, 2082, 1, 4096, 0
1442, 2383, 1, 4096, 0
1442, 1736, 1, 4096, 0
1442, 2487, 1, 4096, 0
1442, 1972, 1, 4096, 0
1442, 611470, 1, 4096, 0
1442, 7595, 1, 4096, 0
1442, 4288, 1, 4096, 0
1442, 3261, 1, 4096, 0
1442, 3205, 1, 4096, 0
1443, 405547, 1, 4096, 0
1443, 8289, 1, 4096, 0
1443, 3495, 1, 4096, 0
1443, 2568, 1, 4096, 0
1443, 2975, 1, 4096, 0
1443, 3271, 1, 4096, 0
1443, 2596, 1, 4096, 0
1443, 2673, 1, 4096, 0
1446, 3094552, 1, 4096, 0
1446, 385575, 1, 4096, 0
1447, 721066, 1, 4096, 0
1447, 329839, 1, 4096, 0
1447, 22318, 1, 4096, 0
1447, 3559, 1, 4096, 0
1448, 1005659, 1, 4096, 0
1448, 6488, 1, 4096, 0
1449, 455975, 1, 4096, 0
1450, 1324338, 1, 4096, 0
1451, 962327, 1, 4096, 0
1451, 7296, 1, 4096, 0
1451, 3573, 1, 4096, 0
1451, 3197, 1, 4096, 0
1451, 2827, 1, 4096, 0
1451, 2409, 1, 4096, 0
1452, 816935, 1, 4096, 0
1452, 7732, 1, 4096, 0
1452, 4139, 1, 4096, 0
1452, 4204, 1, 4096, 0
1452, 3484, 1, 4096, 0
1452, 2820, 1, 4096, 0
1452, 3373, 1, 4096, 0
1452, 3421, 1, 4096, 0
1454, 1622022, 1, 4096, 0
1454, 60164, 1, 4096, 0
1454, 6585, 1, 4096, 0
1454, 3192, 1, 4096, 0
1454, 3088, 1, 4096, 0
1454, 3163, 1, 4096, 0
1454, 3626, 1, 4096, 0
1454, 3671, 1, 4096, 0
1454, 3143, 1, 4096, 0
1457, 3195847, 1, 4096, 0
1457, 7650, 1, 4096, 0
1458, 789774, 1, 4096, 0
1458, 6085, 1, 4096, 0
1458, 3362, 1, 4096, 0
1459, 1189517, 1, 4096, 0
1459, 8177, 1, 4096, 0
1460, 710332, 1, 4096, 0
1460, 463161, 1, 4096, 0
1460, 255212, 1, 4096, 0
1460, 6425, 1, 4096, 0
1460, 9431, 1, 4096, 0
1460, 3892, 1, 4096, 0
1460, 3456, 1, 4096, 0
1460, 2838, 1, 4096, 0
1460, 4483, 1, 4096, 0
1460, 2528, 1, 4096, 0
1461, 805860, 1, 4096, 0
1461, 10128, 1, 4096, 0
1461, 4324, 1, 4096, 0
1461, 3491, 1, 4096, 0
1461, 3065, 1, 4096, 0
1461, 3581, 1, 4096, 0
1461, 3523, 1, 4096, 0
1461, 3320, 1, 4096, 0
1463, 1472058, 1, 4096, 0
1463, 6206, 1, 4096, 0
1463, 2773, 1, 4096, 0
1463, 192672, 1, 4096, 0
1463, 256542, 1, 4096, 0
1463, 5902, 1, 4096, 0
1464, 614093, 1, 4096, 0
1464, 12704, 1, 4096, 0
1464, 3549, 1, 4096, 0
1464, 3598, 1, 4096, 0
1464, 3495, 1, 4096, 0
1464, 2903, 1, 4096, 0
1464, 2653, 1, 4096, 0
1464, 3547, 1, 4096, 0
1466, 1710508, 1, 4096, 0
1466, 9377, 1, 4096, 0
1466, 911633, 1, 4096, 0
1467, 10204, 1, 4096, 0
1467, 3983, 1, 4096, 0
1467, 2760, 1, 4096, 0
1467, 2858, 1, 4096, 0
1467, 2943, 1, 4096, 0
1467, 3702, 1, 4096, 0
1467, 2703, 1, 4096, 0
1468, 1559035, 1, 4096, 0
1468, 8874, 1, 4096, 0
1468, 4056, 1, 4096, 0
1468, 3451, 1, 4096, 0
1468, 2691, 1, 4096, 0
1468, 3245, 1, 4096, 0
1468, 3740, 1, 4096, 0
1468, 3858, 1, 4096, 0
1470, 2167202, 1, 4096, 0
1470, 22618, 1, 4096, 0
1470, 3732, 1, 4096, 0
1470, 3528, 1, 4096, 0
1470, 3243, 1, 4096, 0
1470, 3317, 1, 4096, 0
1471, 660770, 1, 4096, 0
1471, 352356, 1, 4096, 0
1471, 7722, 1, 4096, 0
1471, 1738, 1, 4096, 0
1471, 2928, 1, 4096, 0
1471, 2111, 1, 4096, 0
1471, 2034, 1, 4096, 0
1472, 295222, 1, 4096, 0
1473, 924331, 1, 4096, 0
1473, 399845, 1, 4096, 0
1473, 245279, 1, 4096, 0
1474, 1155361, 1, 4096, 0
1474, 6451, 1, 4096, 0
1474, 3923, 1, 4096, 0
1474, 3157, 1, 4096, 0
1475, 453957, 1, 4096, 0
1476, 1545412, 1, 4096, 0
1477, 5858, 1, 4096, 0
1477, 2585, 1, 4096, 0
1477, 2122, 1, 4096, 0
1477, 2078, 1, 4096, 0
1477, 1891, 1, 4096, 0
1477, 453620, 1, 4096, 0
1477, 325236, 1, 4096, 0
1479, 1373022, 1, 4096, 0
1479, 7109, 1, 4096, 0
1479, 7067, 1, 4096, 0
1479, 3337, 1, 4096, 0
1479, 3253, 1, 4096, 0
1479, 3314, 1, 4096, 0
1479, 3440, 1, 4096, 0
1479, 2311, 1, 4096, 0
1481, 1779360, 1, 4096, 0
1481, 6494, 1, 4096, 0
1481, 3173, 1, 4096, 0
1481, 556903, 1, 4096, 0
1481, 7591, 1, 4096, 0
1481, 3466, 1, 4096, 0
1481, 2826, 1, 4096, 0
1481, 3116, 1, 4096, 0
1481, 2803, 1, 4096, 0
1481, 2809, 1, 4096, 0
1481, 1980, 1, 4096, 0
1482, 1072295, 1, 4096, 0
1482, 107146, 1, 4096, 0
1482, 5511, 1, 4096, 0
1482, 21456, 1, 4096, 0
1482, 2511, 1, 4096, 0
1482, 2319, 1, 4096, 0
1482, 2470, 1, 4096, 0
1482, 1740, 1, 4096, 0
1482, 2270, 1, 4096, 0
1484, 1334837, 1, 4096, 0
1484, 229994, 1, 4096, 0
1485, 606682, 1, 4096, 0
1485, 7270, 1, 4096, 0
1485, 3637, 1, 4096, 0
1485, 3224, 1, 4096, 0
1485, 4008, 1, 4096, 0
1485, 3343, 1, 4096, 0
1485, 5182, 1, 4096, 0
1485, 3513, 1, 4096, 0
1485, 459332, 1, 4096, 0
1485, 5181, 1, 4096, 0
1485, 3008, 1, 4096, 0
1485, 321634, 1, 4096, 0
1485, 8998, 1, 4096, 0
1485, 4416, 1, 4096, 0
1485, 3244, 1, 4096, 0
1485, 3543, 1, 4096, 0
1485, 2902, 1, 4096, 0
1486, 11999, 1, 4096, 0
1486, 3904, 1, 4096, 0
1486, 116586, 1, 4096, 0
1486, 5523, 1, 4096, 0
1487, 11510, 1, 4096, 0
1487, 3387, 1, 4096, 0
1488, 8930, 1, 4096, 0
1488, 7655, 1, 4096, 0
1488, 8224, 1, 4096, 0
1488, 3536, 1, 4096, 0
1488, 2836, 1, 4096, 0
1488, 2842, 1, 4096, 0
1488, 2938, 1, 4096, 0
1489, 650094, 1, 4096, 0
1489, 4313, 1, 4096, 0
1489, 240706, 1, 4096, 0
1489, 6474, 1, 4096, 0
1490, 422768, 1, 4096, 0
1490, 7177, 1, 4096, 0
1490, 2324, 1, 4096, 0
1490, 2755, 1, 4096, 0
1490, 3595, 1, 4096, 0
1490, 736210, 1, 4096, 0
1490, 84445, 1, 4096, 0
1491, 105424, 1, 4096, 0
1491, 6024, 1, 4096, 0
1491, 3102, 1, 4096, 0
1491, 2164, 1, 4096, 0
1491, 2819, 1, 4096, 0
1491, 666248, 1, 4096, 0
1491, 159559, 1, 4096, 0
1492, 159102, 1, 4096, 0
1492, 4169, 1, 4096, 0
1492, 601226, 1, 4096, 0
1492, 210422, 1, 4096, 0
1492, 4751, 1, 4096, 0
1492, 3480, 1, 4096, 0
1492, 4307, 1, 4096, 0
1493, 264241, 1, 4096, 0
1493, 8078, 1, 4096, 0
1493, 7342, 1, 4096, 0
1494, 9109, 1, 4096, 0
1494, 8246, 1, 4096, 0
1494, 5727, 1, 4096, 0
1494, 9071, 1, 4096, 0
1494, 7872, 1, 4096, 0
1494, 4087, 1, 4096, 0
1494, 110486, 1, 4096, 0
1494, 4996, 1, 4096, 0
1494, 5847, 1, 4096, 0
1495, 359599, 1, 4096, 0
1495, 8534, 1, 4096, 0
1495, 7561, 1, 4096, 0
1497, 1265003, 1, 4096, 0
1497, 6131, 1, 4096, 0
1497, 3334, 1, 4096, 0
1497, 284732, 1, 4096, 0
1497, 385388, 1, 4096, 0
1497, 51452, 1, 4096, 0
1498, 319285, 1, 4096, 0
1498, 88444, 1, 4096, 0
1500, 2284427, 1, 4096, 0
1501, 815465, 1, 4096, 0
1501, 166943, 1, 4096, 0
1501, 173794, 1, 4096, 0
1501, 295980, 1, 4096, 0
1502, 700928, 1, 4096, 0
1502, 6572, 1, 4096, 0
1502, 3406, 1, 4096, 0
1502, 3609, 1, 4096, 0
1502, 2930, 1, 4096, 0
1502, 2542, 1, 4096, 0
1502, 3734, 1, 4096, 0
1502, 3257, 1, 4096, 0
1502, 56450, 1, 4096, 0
1502, 6912, 1, 4096, 0
1502, 4557, 1, 4096, 0
1502, 2360, 1, 4096, 0
1502, 4359, 1, 4096, 0
1502, 3520, 1, 4096, 0
1502, 3370, 1, 4096, 0
1502, 3661, 1, 4096, 0
1504, 1899982, 1, 4096, 0
1504, 6800, 1, 4096, 0
1504, 3286, 1, 4096, 0
1504, 2800, 1, 4096, 0
1506, 1154618, 1, 4096, 0
1506, 5940, 1, 4096, 0
1506, 614080, 1, 4096, 0
1506, 6333, 1, 4096, 0
1506, 3273, 1, 4096, 0
1506, 3094, 1, 4096, 0
1507, 376465, 1, 4096, 0
1507, 7213, 1, 4096, 0
1507, 3995, 1, 4096, 0
1507, 3249, 1, 4096, 0
1507, 11345, 1, 4096, 0
1507, 3860, 1, 4096, 0
1507, 3108, 1, 4096, 0
1507, 47916, 1, 4096, 0
1507, 9141, 1, 4096, 0
1507, 4047, 1, 4096, 0
1507, 4167, 1, 4096, 0
1507, 3677, 1, 4096, 0
1507, 3092, 1, 4096, 0
1507, 3749, 1, 4096, 0
1507, 9699, 1, 4096, 0
1507, 3741, 1, 4096, 0
1508, 314632, 1, 4096, 0
1510, 2479181, 1, 4096, 0
1510, 5175, 1, 4096, 0
1511, 357375, 1, 4096, 0
1511, 231490, 1, 4096, 0
1512, 812469, 1, 4096, 0
1512, 7608, 1, 4096, 0
1512, 3596, 1, 4096, 0
1512, 4256, 1, 4096, 0
1512, 3651, 1, 4096, 0
1512, 3569, 1, 4096, 0
1512, 3688, 1, 4096, 0
1512, 3804, 1, 4096, 0
1512, 488743, 1, 4096, 0
1512, 4807, 1, 4096, 0
1512, 2697, 1, 4096, 0
1512, 2111, 1, 4096, 0
1512, 2207, 1, 4096, 0
1512, 1600, 1, 4096, 0
1512, 1881, 1, 4096, 0
1512, 1913, 1, 4096, 0
1514, 1565378, 1, 4096, 0
1514, 11853, 1, 4096, 0
1514, 3138, 1, 4096, 0
1514, 3484, 1, 4096, 0
1514, 3327, 1, 4096, 0
1514, 2942, 1, 4096, 0
1514, 3059, 1, 4096, 0
1515, 5566, 1, 4096, 0
1515, 2792, 1, 4096, 0
1516, 173525, 1, 4096, 0
1516, 4186, 1, 4096, 0
1516, 264079, 1, 4096, 0
1516, 177048, 1, 4096, 0
1517, 620310, 1, 4096, 0
1517, 58263, 1, 4096, 0
1518, 730471, 1, 4096, 0
1518, 218026, 1, 4096, 0
1518, 4799, 1, 4096, 0
1518, 2878, 1, 4096, 0
1518, 3540, 1, 4096, 0
1518, 2468, 1, 4096, 0
1518, 2789, 1, 4096, 0
1518, 2951, 1, 4096, 0
1518, 2863, 1, 4096, 0
1522, 4411715, 1, 4096, 0
1522, 6966, 1, 4096, 0
1522, 3258, 1, 4096, 0
1522, 3384, 1, 4096, 0
1522, 12072, 1, 4096, 0
1522, 3815, 1, 4096, 0
1523, 348507, 1, 4096, 0
1523, 486199, 1, 4096, 0
1525, 1297898, 1, 4096, 0
1525, 179640, 1, 4096, 0
1525, 187116, 1, 4096, 0
1525, 4126, 1, 4096, 0
1525, 3234, 1, 4096, 0
1526, 967367, 1, 4096, 0
1526, 5385, 1, 4096, 0
1526, 227996, 1, 4096, 0
1527, 392482, 1, 4096, 0
1527, 4476, 1, 4096, 0
1527, 3722, 1, 4096, 0
1527, 2874, 1, 4096, 0
1527, 905531, 1, 4096, 0
1528, 661455, 1, 4096, 0
1529, 659234, 1, 4096, 0
1530, 1119950, 1, 4096, 0
1530, 8976, 1, 4096, 0
1530, 4124, 1, 4096, 0
1530, 3196, 1, 4096, 0
1530, 2892, 1, 4096, 0
1531, 751649, 1, 4096, 0
1531, 7913, 1, 4096, 0
1531, 3892, 1, 4096, 0
1531, 3403, 1, 4096, 0
1531, 4621, 1, 4096, 0
1531, 3718, 1, 4096, 0
1531, 3454, 1, 4096, 0
1531, 5417, 1, 4096, 0
1532, 985655, 1, 4096, 0
1532, 5995, 1, 4096, 0
1532, 3254, 1, 4096, 0
1532, 2681, 1, 4096, 0
1532, 3434, 1, 4096, 0
1532, 2995, 1, 4096, 0
1532, 3163, 1, 4096, 0
1532, 3005, 1, 4096, 0
1534, 1756304, 1, 4096, 0
1534, 6363, 1, 4096, 0
1534, 3301, 1, 4096, 0
1534, 2913, 1, 4096, 0
1534, 2812, 1, 4096, 0
1534, 86777, 1, 4096, 0
1535, 1411936, 1, 4096, 0
1535, 7114, 1, 4096, 0
1535, 2822, 1, 4096, 0
1535, 2493, 1, 4096, 0
1535, 3040, 1, 4096, 0
1535, 2122, 1, 4096, 0
1537, 1595443, 1, 4096, 0
1537, 346713, 1, 4096, 0
1537, 5393, 1, 4096, 0
1537, 3376, 1, 4096, 0
1537, 3303, 1, 4096, 0
1538, 1046610, 1, 4096, 0
1538, 4812, 1, 4096, 0
1538, 3249, 1, 4096, 0
1538, 3407, 1, 4096, 0
1540, 1940895, 1, 4096, 0
1540, 8098, 1, 4096, 0
1541, 576427, 1, 4096, 0
1542, 1110765, 1, 4096, 0
1542, 10112, 1, 4096, 0
1542, 3693, 1, 4096, 0
1542, 2776, 1, 4096, 0
1542, 2781, 1, 4096, 0
1542, 2993, 1, 4096, 0
1542, 2763, 1, 4096, 0
1542, 3265, 1, 4096, 0
1542, 332188, 1, 4096, 0
1542, 6097, 1, 4096, 0
1544, 1660081, 1, 4096, 0
1544, 7391, 1, 4096, 0
1544, 4683, 1, 4096, 0
1544, 3102, 1, 4096, 0
1544, 551388, 1, 4096, 0
1545, 225442, 1, 4096, 0
1545, 552216, 1, 4096, 0
1545, 5380, 1, 4096, 0
1545, 3781, 1, 4096, 0
1545, 2622, 1, 4096, 0
1546, 356316, 1, 4096, 0
1546, 747108, 1, 4096, 0
1546, 6086, 1, 4096, 0
1547, 1033558, 1, 4096, 0
1547, 9432, 1, 4096, 0
1547, 3770, 1, 4096, 0
1547, 2285, 1, 4096, 0
1547, 3529, 1, 4096, 0
1547, 2826, 1, 4096, 0
1547, 2503, 1, 4096, 0
1547, 1877, 1, 4096, 0
1548, 671946, 1, 4096, 0
1551, 2452638, 1, 4096, 0
1551, 9120, 1, 4096, 0
1551, 3512, 1, 4096, 0
1551, 3107, 1, 4096, 0
1551, 3024, 1, 4096, 0
1551, 3420, 1, 4096, 0
1551, 3145, 1, 4096, 0
1551, 2331, 1, 4096, 0
1551, 323989, 1, 4096, 0
1551, 7860, 1, 4096, 0
1551, 3863, 1, 4096, 0
1551, 4365, 1, 4096, 0
1551, 3449, 1, 4096, 0
1551, 104923, 1, 4096, 0
1552, 630411, 1, 4096, 0
1552, 4652, 1, 4096, 0
1552, 3140, 1, 4096, 0
1552, 14198, 1, 4096, 0
1552, 3732, 1, 4096, 0
1552, 3727, 1, 4096, 0
1552, 2501, 1, 4096, 0
1552, 9496, 1, 4096, 0
1553, 750934, 1, 4096, 0
1553, 316818, 1, 4096, 0
1553, 6865, 1, 4096, 0
1553, 3268, 1, 4096, 0
1553, 2475, 1, 4096, 0
1553, 8744, 1, 4096, 0
1554, 8164, 1, 4096, 0
1554, 3881, 1, 4096, 0
1554, 3381, 1, 4096, 0
1554, 5775, 1, 4096, 0
1554, 6129, 1, 4096, 0
1554, 3293, 1, 4096, 0
1554, 3577, 1, 4096, 0
1554, 3032, 1, 4096, 0
1554, 8944, 1, 4096, 0
1554, 8984, 1, 4096, 0
1554, 3023, 1, 4096, 0
1557, 1911535, 1, 4096, 0
1558, 988580, 1, 4096, 0
1558, 6766, 1, 4096, 0
1558, 3079, 1, 4096, 0
1558, 2751, 1, 4096, 0
1558, 378431, 1, 4096, 0
1558, 4420, 1, 4096, 0
1560, 1472664, 1, 4096, 0
1560, 180172, 1, 4096, 0
1560, 3779, 1, 4096, 0
1560, 608492, 1, 4096, 0
1561, 53749, 1, 4096, 0
1561, 257154, 1, 4096, 0
1561, 304048, 1, 4096, 0
1561, 316185, 1, 4096, 0
1561, 5592, 1, 4096, 0
1561, 2017, 1, 4096, 0
1561, 1907, 1, 4096, 0
1561, 1979, 1, 4096, 0
1561, 1608, 1, 4096, 0
1561, 2869, 1, 4096, 0
1561, 3165, 1, 4096, 0
1562, 874965, 1, 4096, 0
1562, 9423, 1, 4096, 0
1562, 21955, 1, 4096, 0
1562, 4120, 1, 4096, 0
1562, 3834, 1, 4096, 0
1562, 3474, 1, 4096, 0
1562, 3245, 1, 4096, 0
1562, 2356, 1, 4096, 0
1565, 3090231, 1, 4096, 0
1565, 7940, 1, 4096, 0
1565, 3107, 1, 4096, 0
1565, 5362, 1, 4096, 0
1565, 4670, 1, 4096, 0
1565, 2769, 1, 4096, 0
1566, 176816, 1, 4096, 0
1566, 143868, 1, 4096, 0
1568, 2018522, 1, 4096, 0
1568, 5510, 1, 4096, 0
1568, 2156, 1, 4096, 0
1568, 3389, 1, 4096, 0
1568, 6053, 1, 4096, 0
1568, 4440, 1, 4096, 0
1568, 515313, 1, 4096, 0
1570, 1272270, 1, 4096, 0
1571, 1030258, 1, 4096, 0
1571, 7998, 1, 4096, 0
1571, 3382, 1, 4096, 0
1571, 3959, 1, 4096, 0
1571, 2772, 1, 4096, 0
1571, 2868, 1, 4096, 0
1571, 2760, 1, 4096, 0
1571, 3295, 1, 4096, 0
1572, 1606304, 1, 4096, 0
1572, 8594, 1, 4096, 0
1572, 5006, 1, 4096, 0
1572, 2391, 1, 4096, 0
1572, 3187, 1, 4096, 0
1572, 3366, 1, 4096, 0
1572, 3860, 1, 4096, 0
1572, 4193, 1, 4096, 0
1576, 3153113, 1, 4096, 0
1576, 6022, 1, 4096, 0
1576, 3141, 1, 4096, 0
1576, 3599, 1, 4096, 0
1576, 3243, 1, 4096, 0
1576, 3086, 1, 4096, 0
1576, 3089, 1, 4096, 0
1576, 2659, 1, 4096, 0
1577, 1271252, 1, 4096, 0
1577, 8364, 1, 4096, 0
1577, 3807, 1, 4096, 0
1577, 3420, 1, 4096, 0
1577, 2830, 1, 4096, 0
1577, 2931, 1, 4096, 0
1577, 3713, 1, 4096, 0
1577, 3434, 1, 4096, 0
1578, 1443098, 1, 4096, 0
1578, 69453, 1, 4096, 0
1578, 3929, 1, 4096, 0
1580, 1748036, 1, 4096, 0
1580, 7254, 1, 4096, 0
1580, 2754, 1, 4096, 0
1580, 1952, 1, 4096, 0
1580, 2234, 1, 4096, 0
1580, 1975, 1, 4096, 0
1580, 2180, 1, 4096, 0
1580, 1887, 1, 4096, 0
1581, 515526, 1, 4096, 0
1581, 20203, 1, 4096, 0
1581, 684215, 1, 4096, 0
1582, 9813, 1, 4096, 0
1582, 5799, 1, 4096, 0
1582, 8641, 1, 4096, 0
1582, 4779, 1, 4096, 0
1582, 4232, 1, 4096, 0
1582, 7105, 1, 4096, 0
1582, 11603, 1, 4096, 0
1583, 7897, 1, 4096, 0
1583, 3444, 1, 4096, 0
1583, 8666, 1, 4096, 0
1583, 3321, 1, 4096, 0
1584, 682747, 1, 4096, 0
1584, 9764, 1, 4096, 0
1584, 8260, 1, 4096, 0
1584, 4733, 1, 4096, 0
1584, 14990, 1, 4096, 0
1584, 4269, 1, 4096, 0
1584, 3137, 1, 4096, 0
1584, 3620, 1, 4096, 0
1585, 6619, 1, 4096, 0
1585, 5407, 1, 4096, 0
1585, 7445, 1, 4096, 0
1585, 6382, 1, 4096, 0
1585, 7044, 1, 4096, 0
1586, 5626, 1, 4096, 0
1586, 4187, 1, 4096, 0
1586, 254509, 1, 4096, 0
1586, 4410, 1, 4096, 0
1586, 2696, 1, 4096, 0
1587, 10089, 1, 4096, 0
1587, 4372, 1, 4096, 0
1587, 7926, 1, 4096, 0
1587, 4301, 1, 4096, 0
1588, 264023, 1, 4096, 0
1588, 252903, 1, 4096, 0
1589, 1443122, 1, 4096, 0
1589, 5311, 1, 4096, 0
1589, 2521, 1, 4096, 0
1589, 3031, 1, 4096, 0
1589, 2418, 1, 4096, 0
1590, 887283, 1, 4096, 0
1592, 1579804, 1, 4096, 0
1592, 6044, 1, 4096, 0
1592, 3521, 1, 4096, 0
1592, 2925, 1, 4096, 0
1592, 3823, 1, 4096, 0
1592, 3144, 1, 4096, 0
1592, 2755, 1, 4096, 0
1592, 3056, 1, 4096, 0
1592, 203591, 1, 4096, 0
1592, 9642, 1, 4096, 0
1592, 3481, 1, 4096, 0
1592, 3694, 1, 4096, 0
1592, 2615, 1, 4096, 0
1592, 3783, 1, 4096, 0
1592, 3274, 1, 4096, 0
1592, 2751, 1, 4096, 0
1594, 383210, 1, 4096, 0
1594, 6306, 1, 4096, 0
1594, 3084, 1, 4096, 0
1594, 3224, 1, 4096, 0
1594, 3140, 1, 4096, 0
1595, 910590, 1, 4096, 0
1595, 8827, 1, 4096, 0
1595, 3747, 1, 4096, 0
1595, 7578, 1, 4096, 0
1595, 4561, 1, 4096, 0
1595, 6866, 1, 4096, 0
1595, 206887, 1, 4096, 0
1596, 119761, 1, 4096, 0
1596, 7677, 1, 4096, 0
1596, 4040, 1, 4096, 0
1596, 496045, 1, 4096, 0
1596, 10411, 1, 4096, 0
1596, 3802, 1, 4096, 0
1596, 2956, 1, 4096, 0
1597, 12335, 1, 4096, 0
1597, 10007, 1, 4096, 0
1597, 5707, 1, 4096, 0
1597, 4514, 1, 4096, 0
1597, 271427, 1, 4096, 0
1598, 8323, 1, 4096, 0
1598, 4318, 1, 4096, 0
1598, 4373, 1, 4096, 0
1598, 5202, 1, 4096, 0
1598, 260902, 1, 4096, 0
1599, 1152983, 1, 4096, 0
1599, 30336, 1, 4096, 0
1599, 4145, 1, 4096, 0
1599, 2794, 1, 4096, 0
1599, 2622, 1, 4096, 0
1601, 1168914, 1, 4096, 0
1601, 5727, 1, 4096, 0
1601, 2696, 1, 4096, 0
1601, 2801, 1, 4096, 0
1601, 3174, 1, 4096, 0
1601, 2968, 1, 4096, 0
1601, 3079, 1, 4096, 0
1601, 559393, 1, 4096, 0
1602, 1170484, 1, 4096, 0
1603, 290180, 1, 4096, 0
1603, 5039, 1, 4096, 0
1603, 2895, 1, 4096, 0
1603, 3181, 1, 4096, 0
1603, 578289, 1, 4096, 0
1603, 6492, 1, 4096, 0
1603, 2549, 1, 4096, 0
1603, 2577, 1, 4096, 0
1603, 3230, 1, 4096, 0
1603, 2509, 1, 4096, 0
1603, 3528, 1, 4096, 0
1603, 3939, 1, 4096, 0
1604, 640131, 1, 4096, 0
1604, 4358, 1, 4096, 0
1604, 3028, 1, 4096, 0
1604, 2676, 1, 4096, 0
1605, 1519193, 1, 4096, 0
1605, 6656, 1, 4096, 0
1605, 3608, 1, 4096, 0
1605, 6279, 1, 4096, 0
1607, 1127784, 1, 4096, 0
1607, 8412, 1, 4096, 0
1607, 3354, 1, 4096, 0
1607, 2872, 1, 4096, 0
1607, 4066, 1, 4096, 0
1607, 2599, 1, 4096, 0
1607, 3078, 1, 4096, 0
1607, 2178, 1, 4096, 0
1608, 851004, 1, 4096, 0
1608, 7188, 1, 4096, 0
1608, 3310, 1, 4096, 0
1608, 3486, 1, 4096, 0
1608, 3223, 1, 4096, 0
1608, 3234, 1, 4096, 0
1608, 5628, 1, 4096, 0
1608, 5341, 1, 4096, 0
1609, 1299291, 1, 4096, 0
1609, 99315, 1, 4096, 0
1609, 7782, 1, 4096, 0
1609, 2606, 1, 4096, 0
1610, 1870, 1, 4096, 0
1610, 118622, 1, 4096, 0
1610, 3660, 1, 4096, 0
1610, 549423, 1, 4096, 0
1610, 7182, 1, 4096, 0
1610, 3289, 1, 4096, 0
1610, 2657, 1, 4096, 0
1610, 2866, 1, 4096, 0
1610, 2605, 1, 4096, 0
1610, 2644, 1, 4096, 0
1610, 2588, 1, 4096, 0
1611, 525013, 1, 4096, 0
1611, 8031, 1, 4096, 0
1611, 4089, 1, 4096, 0
1611, 3317, 1, 4096, 0
1611, 2862, 1, 4096, 0
1611, 3535, 1, 4096, 0
1611, 3649, 1, 4096, 0
1611, 3252, 1, 4096, 0
1613, 1836190, 1, 4096, 0
1614, 157409, 1, 4096, 0
1614, 5355, 1, 4096, 0
1614, 601761, 1, 4096, 0
1614, 5503, 1, 4096, 0
1614, 3058, 1, 4096, 0
1614, 2819, 1, 4096, 0
1614, 136641, 1, 4096, 0
1615, 555304, 1, 4096, 0
1615, 9724, 1, 4096, 0
1615, 4452, 1, 4096, 0
1615, 2967, 1, 4096, 0
1615, 4019, 1, 4096, 0
1615, 4214, 1, 4096, 0
1615, 3482, 1, 4096, 0
1615, 4202, 1, 4096, 0
1615, 51417, 1, 4096, 0
1615, 5194, 1, 4096, 0
1615, 3571, 1, 4096, 0
1615, 2953, 1, 4096, 0
1615, 3149, 1, 4096, 0
1615, 2917, 1, 4096, 0
1615, 3082, 1, 4096, 0
1615, 10128, 1, 4096, 0
1616, 8293, 1, 4096, 0
1616, 4020, 1, 4096, 0
1617, 9193, 1, 4096, 0
1617, 7471, 1, 4096, 0
1617, 3454, 1, 4096, 0
1617, 9526, 1, 4096, 0
1617, 2905, 1, 4096, 0
1618, 452103, 1, 4096, 0
1620, 1979041, 1, 4096, 0
1620, 5756, 1, 4096, 0
1620, 3971, 1, 4096, 0
1620, 372278, 1, 4096, 0
1620, 38865, 1, 4096, 0
1621, 995049, 1, 4096, 0
1621, 5643, 1, 4096, 0
1623, 1905397, 1, 4096, 0
1623, 6551, 1, 4096, 0
1623, 2921, 1, 4096, 0
1624, 428166, 1, 4096, 0
1624, 318001, 1, 4096, 0
1624, 3763, 1, 4096, 0
1624, 3045, 1, 4096, 0
1624, 2799, 1, 4096, 0
1624, 2838, 1, 4096, 0
1624, 3135, 1, 4096, 0
1624, 2556, 1, 4096, 0
1624, 2625, 1, 4096, 0
1627, 2652948, 1, 4096, 0
1628, 848365, 1, 4096, 0
1628, 7571, 1, 4096, 0
1628, 3278, 1, 4096, 0
1628, 2734, 1, 4096, 0
1628, 2793, 1, 4096, 0
1628, 3230, 1, 4096, 0
1628, 2651, 1, 4096, 0
1628, 3507, 1, 4096, 0
1630, 1981675, 1, 4096, 0
1630, 6148, 1, 4096, 0
1630, 2662, 1, 4096, 0
1630, 1743, 1, 4096, 0
1630, 1920, 1, 4096, 0
1630, 2356, 1, 4096, 0
1630, 1706, 1, 4096, 0
1630, 1922, 1, 4096, 0
1630, 93614, 1, 4096, 0
1630, 7257, 1, 4096, 0
1630, 2315, 1, 4096, 0
1630, 3662, 1, 4096, 0
1630, 1753, 1, 4096, 0
1630, 2707, 1, 4096, 0
1630, 1973, 1, 4096, 0
1630, 2561, 1, 4096, 0
1631, 1016455, 1, 4096, 0
1631, 7840, 1, 4096, 0
1631, 6300, 1, 4096, 0
1631, 7468, 1, 4096, 0
1632, 7877, 1, 4096, 0
1632, 311512, 1, 4096, 0
1632, 4952, 1, 4096, 0
1632, 5578, 1, 4096, 0
1633, 372516, 1, 4096, 0
1633, 134740, 1, 4096, 0
1633, 5231, 1, 4096, 0
1633, 3129, 1, 4096, 0
1633, 3381, 1, 4096, 0
1633, 2496, 1, 4096, 0
1633, 2942, 1, 4096, 0
1634, 753077, 1, 4096, 0
1635, 767784, 1, 4096, 0
1635, 7677, 1, 4096, 0
1635, 4176, 1, 4096, 0
1635, 3424, 1, 4096, 0
1635, 3694, 1, 4096, 0
1635, 3688, 1, 4096, 0
1635, 3627, 1, 4096, 0
1635, 3165, 1, 4096, 0
1637, 2223678, 1, 4096, 0
1637, 202359, 1, 4096, 0
1638, 577854, 1, 4096, 0
1638, 505587, 1, 4096, 0
1638, 4626, 1, 4096, 0
1639, 670332, 1, 4096, 0
1640, 1304913, 1, 4096, 0
1640, 8550, 1, 4096, 0
1641, 611925, 1, 4096, 0
1641, 7502, 1, 4096, 0
1641, 381099, 1, 4096, 0
1641, 5272, 1, 4096, 0
1641, 324597, 1, 4096, 0
1641, 7999, 1, 4096, 0
1641, 5061, 1, 4096, 0
1641, 4056, 1, 4096, 0
1641, 4690, 1, 4096, 0
1642, 4375, 1, 4096, 0
1642, 3575, 1, 4096, 0
1642, 4146, 1, 4096, 0
1644, 2236917, 1, 4096, 0
1644, 5113, 1, 4096, 0
1644, 3490, 1, 4096, 0
1644, 3457, 1, 4096, 0
1644, 2897, 1, 4096, 0
1644, 2969, 1, 4096, 0
1644, 3163, 1, 4096, 0
1644, 3415, 1, 4096, 0
1645, 715516, 1, 4096, 0
1646, 1221350, 1, 4096, 0
1646, 6635, 1, 4096, 0
1646, 4050, 1, 4096, 0
1646, 3379, 1, 4096, 0
1646, 3011, 1, 4096, 0
1646, 3735, 1, 4096, 0
1646, 2665, 1, 4096, 0
1646, 2849, 1, 4096, 0
1649, 3168856, 1, 4096, 0
1649, 6210, 1, 4096, 0
1649, 3783, 1, 4096, 0
1649, 3141, 1, 4096, 0
1649, 2871, 1, 4096, 0
1649, 3394, 1, 4096, 0
1649, 3289, 1, 4096, 0
1649, 3509, 1, 4096, 0
1649, 59563, 1, 4096, 0
1649, 54296, 1, 4096, 0
1649, 3636, 1, 4096, 0
1649, 279946, 1, 4096, 0
1649, 2947, 1, 4096, 0
1650, 397580, 1, 4096, 0
1651, 772266, 1, 4096, 0
1651, 6067, 1, 4096, 0
1653, 2744279, 1, 4096, 0
1653, 7824, 1, 4096, 0
1653, 3661, 1, 4096, 0
1653, 3135, 1, 4096, 0
1653, 3417, 1, 4096, 0
1654, 550119, 1, 4096, 0
1654, 361093, 1, 4096, 0
1655, 477755, 1, 4096, 0
1656, 1277323, 1, 4096, 0
1656, 220366, 1, 4096, 0
1656, 7236, 1, 4096, 0
1656, 3401, 1, 4096, 0
1656, 3783, 1, 4096, 0
1656, 3671, 1, 4096, 0
1656, 4084, 1, 4096, 0
1656, 3070, 1, 4096, 0
1656, 20548, 1, 4096, 0
1658, 1226208, 1, 4096, 0
1658, 5587, 1, 4096, 0
1658, 2782, 1, 4096, 0
1658, 2392, 1, 4096, 0
1658, 2187, 1, 4096, 0
1658, 2733, 1, 4096, 0
1658, 2678, 1, 4096, 0
1658, 2094, 1, 4096, 0
1658, 832689, 1, 4096, 0
1658, 6912, 1, 4096, 0
1658, 2782, 1, 4096, 0
1658, 2330, 1, 4096, 0
1658, 2546, 1, 4096, 0
1658, 2669, 1, 4096, 0
1658, 2870, 1, 4096, 0
1659, 15398, 1, 4096, 0
1659, 4356, 1, 4096, 0
1660, 120815, 1, 4096, 0
1661, 1432972, 1, 4096, 0
1661, 6131, 1, 4096, 0
1661, 325412, 1, 4096, 0
1661, 5535, 1, 4096, 0
1661, 3312, 1, 4096, 0
1662, 2599, 1, 4096, 0
1662, 282705, 1, 4096, 0
1663, 848281, 1, 4096, 0
1663, 8290, 1, 4096, 0
1663, 3298, 1, 4096, 0
1663, 3431, 1, 4096, 0
1663, 2983, 1, 4096, 0
1663, 3129, 1, 4096, 0
1663, 2920, 1, 4096, 0
1663, 3022, 1, 4096, 0
1664, 1275783, 1, 4096, 0
1664, 123644, 1, 4096, 0
1665, 605733, 1, 4096, 0
1665, 200648, 1, 4096, 0
1665, 129965, 1, 4096, 0
1665, 4971, 1, 4096, 0
1665, 332402, 1, 4096, 0
1665, 7134, 1, 4096, 0
1665, 3228, 1, 4096, 0
1666, 351427, 1, 4096, 0
1666, 73817, 1, 4096, 0
1666, 304630, 1, 4096, 0
1667, 512839, 1, 4096, 0
1668, 1608874, 1, 4096, 0
1669, 274437, 1, 4096, 0
1669, 262447, 1, 4096, 0
1669, 5412, 1, 4096, 0
1669, 478121, 1, 4096, 0
1670, 708587, 1, 4096, 0
1670, 4709, 1, 4096, 0
1670, 2714, 1, 4096, 0
1671, 1175092, 1, 4096, 0
1672, 293464, 1, 4096, 0
1672, 6757, 1, 4096, 0
1672, 2925, 1, 4096, 0
1672, 3518, 1, 4096, 0
1672, 3333, 1, 4096, 0
1672, 4231, 1, 4096, 0
1672, 3868, 1, 4096, 0
1672, 3983, 1, 4096, 0
1673, 1224413, 1, 4096, 0
1673, 4789, 1, 4096, 0
1673, 3159, 1, 4096, 0
1673, 3226, 1, 4096, 0
1673, 3567, 1, 4096, 0
1673, 2989, 1, 4096, 0
1673, 3795, 1, 4096, 0
1673, 2375, 1, 4096, 0
1676, 2898275, 1, 4096, 0
1676, 6297, 1, 4096, 0
1676, 3065, 1, 4096, 0
1676, 3182, 1, 4096, 0
1676, 4029, 1, 4096, 0
1676, 5007, 1, 4096, 0
1676, 3179, 1, 4096, 0
1676, 2983, 1, 4096, 0
1678, 1854597, 1, 4096, 0
1678, 452061, 1, 4096, 0
1678, 7688, 1, 4096, 0
1678, 3883, 1, 4096, 0
1678, 3271, 1, 4096, 0
1678, 3469, 1, 4096, 0
1678, 2905, 1, 4096, 0
1678, 4197, 1, 4096, 0
1678, 3199, 1, 4096, 0
1680, 1727940, 1, 4096, 0
1680, 6986, 1, 4096, 0
1680, 3729, 1, 4096, 0
1680, 3230, 1, 4096, 0
1680, 3099, 1, 4096, 0
1680, 3105, 1, 4096, 0
1680, 3129, 1, 4096, 0
1681, 1491196, 1, 4096, 0
1681, 7850, 1, 4096, 0
1681, 12399, 1, 4096, 0
1682, 295146, 1, 4096, 0
1683, 909274, 1, 4096, 0
1683, 7483, 1, 4096, 0
1683, 3121, 1, 4096, 0
1683, 105825, 1, 4096, 0
1683, 4786, 1, 4096, 0
1683, 2208, 1, 4096, 0
1683, 3275, 1, 4096, 0
1683, 2373, 1, 4096, 0
1684, 795411, 1, 4096, 0
1684, 4702, 1, 4096, 0
1685, 1277133, 1, 4096, 0
1685, 7000, 1, 4096, 0
1685, 3840, 1, 4096, 0
1685, 2306, 1, 4096, 0
1685, 2603, 1, 4096, 0
1685, 2451, 1, 4096, 0
1685, 2820, 1, 4096, 0
1685, 3121, 1, 4096, 0
1685, 187043, 1, 4096, 0
1686, 675516, 1, 4096, 0
1686, 726025, 1, 4096, 0
1687, 5171, 1, 4096, 0
1687, 3182, 1, 4096, 0
1687, 3541, 1, 4096, 0
1687, 3179, 1, 4096, 0
1687, 3095, 1, 4096, 0
1687, 3071, 1, 4096, 0
1687, 3485, 1, 4096, 0
1688, 1766428, 1, 4096, 0
1688, 8467, 1, 4096, 0
1689, 220003, 1, 4096, 0
1689, 5278, 1, 4096, 0
1689, 42010, 1, 4096, 0
1689, 3875, 1, 4096, 0
1690, 891418, 1, 4096, 0
1690, 5624, 1, 4096, 0
1690, 2991, 1, 4096, 0
1690, 2988, 1, 4096, 0
1690, 3082, 1, 4096, 0
1690, 2564, 1, 4096, 0
1690, 3318, 1, 4096, 0
1690, 2829, 1, 4096, 0
1690, 317147, 1, 4096, 0
1690, 7239, 1, 4096, 0
1692, 2569499, 1, 4096, 0
1693, 409996, 1, 4096, 0
1694, 1289711, 1, 4096, 0
1696, 1422178, 1, 4096, 0
1696, 822963, 1, 4096, 0
1696, 10940, 1, 4096, 0
1696, 4342, 1, 4096, 0
1696, 3263, 1, 4096, 0
1696, 2759, 1, 4096, 0
1696, 5326, 1, 4096, 0
1696, 4397, 1, 4096, 0
1697, 884034, 1, 4096, 0
1699, 1663927, 1, 4096, 0
1699, 7842, 1, 4096, 0
1699, 4143, 1, 4096, 0
1699, 3618, 1, 4096, 0
1699, 4587, 1, 4096, 0
1699, 2730, 1, 4096, 0
1699, 3882, 1, 4096, 0
1699, 238080, 1, 4096, 0
1699, 4241, 1, 4096, 0
1699, 24439, 1, 4096, 0
1699, 2870, 1, 4096, 0
1699, 4338, 1, 4096, 0
1699, 123493, 1, 4096, 0
1700, 355558, 1, 4096, 0
1700, 5934, 1, 4096, 0
1700, 3480, 1, 4096, 0
1700, 2870, 1, 4096, 0
1700, 3930, 1, 4096, 0
1700, 3164, 1, 4096, 0
1700, 3329, 1, 4096, 0
1700, 2950, 1, 4096, 0
1703, 3044490, 1, 4096, 0
1703, 6967, 1, 4096, 0
1703, 180765, 1, 4096, 0
1703, 227910, 1, 4096, 0
1704, 445161, 1, 4096, 0
1704, 5506, 1, 4096, 0
1704, 549853, 1, 4096, 0
1704, 5226, 1, 4096, 0
1704, 2738, 1, 4096, 0
1704, 3578, 1, 4096, 0
1704, 2064, 1, 4096, 0
1704, 4085, 1, 4096, 0
1704, 3510, 1, 4096, 0
1704, 2906, 1, 4096, 0
1705, 736299, 1, 4096, 0
1705, 5764, 1, 4096, 0
1705, 3793, 1, 4096, 0
1705, 3261, 1, 4096, 0
1705, 3693, 1, 4096, 0
1705, 3913, 1, 4096, 0
1705, 3047, 1, 4096, 0
1705, 3335, 1, 4096, 0
1708, 2679045, 1, 4096, 0
1708, 11249, 1, 4096, 0
1708, 2933, 1, 4096, 0
1708, 3240, 1, 4096, 0
1708, 2807, 1, 4096, 0
1708, 3009, 1, 4096, 0
1708, 269893, 1, 4096, 0
1708, 7406, 1, 4096, 0
1710, 1861805, 1, 4096, 0
1711, 1250862, 1, 4096, 0
1711, 20070, 1, 4096, 0
1711, 3523, 1, 4096, 0
1711, 3108, 1, 4096, 0
1711, 1702, 1, 4096, 0
1711, 3599, 1, 4096, 0
1711, 4221, 1, 4096, 0
1711, 3047, 1, 4096, 0
1713, 1871746, 1, 4096, 0
1715, 1737909, 1, 4096, 0
1715, 303843, 1, 4096, 0
1716, 256912, 1, 4096, 0
1716, 4276, 1, 4096, 0
1716, 3501, 1, 4096, 0
1716, 3420, 1, 4096, 0
1716, 2874, 1, 4096, 0
1716, 3624, 1, 4096, 0
1716, 3426, 1, 4096, 0
1716, 3608, 1, 4096, 0
1716, 272202, 1, 4096, 0
1716, 7170, 1, 4096, 0
1716, 4875, 1, 4096, 0
1716, 43749, 1, 4096, 0
1716, 4934, 1, 4096, 0
1716, 2951, 1, 4096, 0
1719, 3215493, 1, 4096, 0
1719, 11702, 1, 4096, 0
1719, 154368, 1, 4096, 0
1720, 402057, 1, 4096, 0
1720, 5100, 1, 4096, 0
1720, 3638, 1, 4096, 0
1720, 3922, 1, 4096, 0
1720, 505015, 1, 4096, 0
1721, 356677, 1, 4096, 0
1721, 6755, 1, 4096, 0
1721, 4280, 1, 4096, 0
1721, 4281, 1, 4096, 0
1721, 3412, 1, 4096, 0
1721, 4018, 1, 4096, 0
1721, 2915, 1, 4096, 0
1721, 3965, 1, 4096, 0
1722, 1396094, 1, 4096, 0
1722, 303933, 1, 4096, 0
1723, 418701, 1, 4096, 0
1723, 304534, 1, 4096, 0
1723, 7907, 1, 4096, 0
1723, 4075, 1, 4096, 0
1723, 3216, 1, 4096, 0
1723, 138317, 1, 4096, 0
1724, 955778, 1, 4096, 0
1724, 7235, 1, 4096, 0
1724, 4518, 1, 4096, 0
1724, 3508, 1, 4096, 0
1724, 2615, 1, 4096, 0
1724, 2386, 1, 4096, 0
1724, 3564, 1, 4096, 0
1724, 1912, 1, 4096, 0
1726, 1313783, 1, 4096, 0
1726, 7042, 1, 4096, 0
1726, 4447, 1, 4096, 0
1726, 3121, 1, 4096, 0
1726, 4102, 1, 4096, 0
1726, 3484, 1, 4096, 0
1726, 3023, 1, 4096, 0
1726, 35585, 1, 4096, 0
1726, 8172, 1, 4096, 0
1726, 9138, 1, 4096, 0
1727, 7759, 1, 4096, 0
1727, 524386, 1, 4096, 0
1727, 180812, 1, 4096, 0
1728, 828881, 1, 4096, 0
1729, 456114, 1, 4096, 0
1729, 6758, 1, 4096, 0
1729, 574805, 1, 4096, 0
1730, 303465, 1, 4096, 0
1730, 6440, 1, 4096, 0
1730, 2658, 1, 4096, 0
1730, 3079, 1, 4096, 0
1730, 3733, 1, 4096, 0
1731, 1021752, 1, 4096, 0
1731, 4934, 1, 4096, 0
1731, 2422, 1, 4096, 0
1731, 1950, 1, 4096, 0
1731, 2023, 1, 4096, 0
1731, 2151, 1, 4096, 0
1731, 310981, 1, 4096, 0
1731, 4185, 1, 4096, 0
1733, 1325568, 1, 4096, 0
1733, 156298, 1, 4096, 0
1733, 3001, 1, 4096, 0
1733, 453687, 1, 4096, 0
1734, 839469, 1, 4096, 0
1734, 4517, 1, 4096, 0
1734, 3371, 1, 4096, 0
1735, 408063, 1, 4096, 0
1735, 4738, 1, 4096, 0
1735, 355060, 1, 4096, 0
1736, 1395975, 1, 4096, 0
1737, 170989, 1, 4096, 0
1737, 3238, 1, 4096, 0
1738, 885965, 1, 4096, 0
1738, 4578, 1, 4096, 0
1738, 3307, 1, 4096, 0
1738, 533522, 1, 4096, 0
1738, 63431, 1, 4096, 0
1738, 3114, 1, 4096, 0
1739, 915612, 1, 4096, 0
1739, 4571, 1, 4096, 0
1739, 3908, 1, 4096, 0
1740, 567466, 1, 4096, 0
1740, 4322, 1, 4096, 0
1741, 863771, 1, 4096, 0
1741, 957508, 1, 4096, 0
1742, 12403, 1, 4096, 0
1742, 64921, 1, 4096, 0
1742, 22915, 1, 4096, 0
1742, 401118, 1, 4096, 0
1742, 72176, 1, 4096, 0
1742, 6233, 1, 4096, 0
1742, 3562, 1, 4096, 0
1742, 4916, 1, 4096, 0
1742, 3587, 1, 4096, 0
1742, 3316, 1, 4096, 0
1742, 8229, 1, 4096, 0
1742, 3577, 1, 4096, 0
1745, 3106445, 1, 4096, 0
1745, 20135, 1, 4096, 0
1745, 171875, 1, 4096, 0
1745, 3782, 1, 4096, 0
1746, 896343, 1, 4096, 0
1746, 124049, 1, 4096, 0
1746, 3339, 1, 4096, 0
1747, 754291, 1, 4096, 0
1748, 493894, 1, 4096, 0
1748, 5292, 1, 4096, 0
1749, 1454524, 1, 4096, 0
1750, 509455, 1, 4096, 0
1750, 7783, 1, 4096, 0
1750, 3486, 1, 4096, 0
1750, 3252, 1, 4096, 0
1750, 3741, 1, 4096, 0
1750, 3873, 1, 4096, 0
1750, 5178, 1, 4096, 0
1750, 3023, 1, 4096, 0
1753, 3060209, 1, 4096, 0
1753, 6708, 1, 4096, 0
1753, 220128, 1, 4096, 0
1753, 5269, 1, 4096, 0
1754, 514430, 1, 4096, 0
1754, 760538, 1, 4096, 0
1755, 207423, 1, 4096, 0
1755, 99390, 1, 4096, 0
1755, 30051, 1, 4096, 0
1756, 890593, 1, 4096, 0
1756, 6139, 1, 4096, 0
1756, 850751, 1, 4096, 0
1756, 5111, 1, 4096, 0
1756, 2459, 1, 4096, 0
1756, 2386, 1, 4096, 0
1757, 3134, 1, 4096, 0
1757, 3119, 1, 4096, 0
1757, 2849, 1, 4096, 0
1757, 3855, 1, 4096, 0
1760, 3026625, 1, 4096, 0
1760, 9845, 1, 4096, 0
1760, 3229, 1, 4096, 0
1760, 599582, 1, 4096, 0
1760, 4406, 1, 4096, 0
1760, 4630, 1, 4096, 0
1760, 3905, 1, 4096, 0
1761, 974156, 1, 4096, 0
1761, 8743, 1, 4096, 0
1761, 4880, 1, 4096, 0
1761, 2640, 1, 4096, 0
1761, 3234, 1, 4096, 0
1761, 3902, 1, 4096, 0
1761, 2629, 1, 4096, 0
1761, 4200, 1, 4096, 0
1762, 631707, 1, 4096, 0
1764, 2371354, 1, 4096, 0
1764, 7228, 1, 4096, 0
1765, 386363, 1, 4096, 0
1765, 6607, 1, 4096, 0
1765, 156950, 1, 4096, 0
1765, 592085, 1, 4096, 0
1765, 8084, 1, 4096, 0
1765, 4014, 1, 4096, 0
1767, 1372152, 1, 4096, 0
1767, 666479, 1, 4096, 0
1768, 129588, 1, 4096, 0
1768, 6410, 1, 4096, 0
1768, 749785, 1, 4096, 0
1769, 335887, 1, 4096, 0
1769, 664608, 1, 4096, 0
1769, 10203, 1, 4096, 0
1769, 4352, 1, 4096, 0
1769, 3694, 1, 4096, 0
1769, 36325, 1, 4096, 0
1769, 4427, 1, 4096, 0
1769, 3368, 1, 4096, 0
1769, 4020, 1, 4096, 0
1771, 1814498, 1, 4096, 0
1771, 35736, 1, 4096, 0
1771, 87582, 1, 4096, 0
1771, 23832, 1, 4096, 0
1772, 640337, 1, 4096, 0
1772, 25795, 1, 4096, 0
1772, 190995, 1, 4096, 0
1772, 118239, 1, 4096, 0
1773, 385525, 1, 4096, 0
1773, 173761, 1, 4096, 0
1773, 196150, 1, 4096, 0
1774, 1019115, 1, 4096, 0
1776, 1273419, 1, 4096, 0
1776, 29797, 1, 4096, 0
1776, 4661, 1, 4096, 0
1777, 1567424, 1, 4096, 0
1777, 73354, 1, 4096, 0
1777, 5986, 1, 4096, 0
1777, 2855, 1, 4096, 0
1777, 3905, 1, 4096, 0
1777, 2291, 1, 4096, 0
1777, 2725, 1, 4096, 0
1777, 3099, 1, 4096, 0
1777, 4260, 1, 4096, 0
1780, 2914004, 1, 4096, 0
1781, 567726, 1, 4096, 0
1781, 417812, 1, 4096, 0
1781, 7169, 1, 4096, 0
1781, 3741, 1, 4096, 0
1781, 2766, 1, 4096, 0
1781, 3300, 1, 4096, 0
1781, 3397, 1, 4096, 0
1781, 3207, 1, 4096, 0
1781, 3074, 1, 4096, 0
1785, 3271596, 1, 4096, 0
1785, 463502, 1, 4096, 0
1787, 1631344, 1, 4096, 0
1787, 7912, 1, 4096, 0
1789, 1990410, 1, 4096, 0
1789, 10663, 1, 4096, 0
1789, 119666, 1, 4096, 0
1789, 698340, 1, 4096, 0
1790, 541682, 1, 4096, 0
1791, 490552, 1, 4096, 0
1792, 1190536, 1, 4096, 0
1792, 8171, 1, 4096, 0
1792, 481802, 1, 4096, 0
1793, 310598, 1, 4096, 0
1793, 5001, 1, 4096, 0
1793, 409990, 1, 4096, 0
1793, 8284, 1, 4096, 0
1795, 1960411, 1, 4096, 0
1795, 7987, 1, 4096, 0
1796, 814343, 1, 4096, 0
1796, 5691, 1, 4096, 0
1796, 2871, 1, 4096, 0
1796, 670965, 1, 4096, 0
1796, 3766, 1, 4096, 0
1796, 2423, 1, 4096, 0
1799, 2370217, 1, 4096, 0
1799, 5730, 1, 4096, 0
1799, 5095, 1, 4096, 0
1799, 3300, 1, 4096, 0
1799, 2808, 1, 4096, 0
1800, 964851, 1, 4096, 0
1800, 4982, 1, 4096, 0
1800, 46514, 1, 4096, 0
1802, 1883258, 1, 4096, 0
1803, 914071, 1, 4096, 0
1803, 537550, 1, 4096, 0
1803, 5918, 1, 4096, 0
1803, 3448, 1, 4096, 0
1803, 3445, 1, 4096, 0
1803, 1970, 1, 4096, 0
1803, 2946, 1, 4096, 0
1803, 2922, 1, 4096, 0
1803, 2701, 1, 4096, 0
1805, 2114843, 1, 4096, 0
1806, 227582, 1, 4096, 0
1806, 7533, 1, 4096, 0
1806, 3514, 1, 4096, 0
1806, 2772, 1, 4096, 0
1806, 2857, 1, 4096, 0
1806, 2868, 1, 4096, 0
1806, 4226, 1, 4096, 0
1806, 2855, 1, 4096, 0
1806, 42113, 1, 4096, 0
1806, 74888, 1, 4096, 0
1806, 3897, 1, 4096, 0
1806, 291535, 1, 4096, 0
1806, 4800, 1, 4096, 0
1806, 3396, 1, 4096, 0
1807, 442131, 1, 4096, 0
1807, 7772, 1, 4096, 0
1807, 3841, 1, 4096, 0
1807, 3907, 1, 4096, 0
1807, 3715, 1, 4096, 0
1807, 4201, 1, 4096, 0
1807, 3692, 1, 4096, 0
1807, 3455, 1, 4096, 0
1809, 2204705, 1, 4096, 0
1809, 9216, 1, 4096, 0
1809, 3704, 1, 4096, 0
1809, 2632, 1, 4096, 0
1810, 1441173, 1, 4096, 0
1810, 41825, 1, 4096, 0
1811, 926688, 1, 4096, 0
1811, 4720, 1, 4096, 0
1811, 3060, 1, 4096, 0
1811, 2644, 1, 4096, 0
1812, 340860, 1, 4096, 0
1812, 8555, 1, 4096, 0
1812, 4653, 1, 4096, 0
1812, 3470, 1, 4096, 0
1812, 3755, 1, 4096, 0
1812, 3329, 1, 4096, 0
1812, 2840, 1, 4096, 0
1812, 3086, 1, 4096, 0
1812, 814700, 1, 4096, 0
1812, 3849, 1, 4096, 0
1812, 3403, 1, 4096, 0
1812, 3036, 1, 4096, 0
1812, 3077, 1, 4096, 0
1812, 2289, 1, 4096, 0
1813, 2568, 1, 4096, 0
1813, 5063, 1, 4096, 0
1815, 2163771, 1, 4096, 0
1816, 719299, 1, 4096, 0
1816, 5797, 1, 4096, 0
1816, 3053, 1, 4096, 0
1816, 2830, 1, 4096, 0
1816, 410792, 1, 4096, 0
1816, 58507, 1, 4096, 0
1817, 915664, 1, 4096, 0
1818, 257828, 1, 4096, 0
1818, 454343, 1, 4096, 0
1818, 4883, 1, 4096, 0
1818, 19473, 1, 4096, 0
1818, 152736, 1, 4096, 0
1819, 961668, 1, 4096, 0
1819, 162750, 1, 4096, 0
1820, 721641, 1, 4096, 0
1820, 4662, 1, 4096, 0
1820, 3353, 1, 4096, 0
1821, 707563, 1, 4096, 0
1821, 34231, 1, 4096, 0
1822, 937609, 1, 4096, 0
1822, 171915, 1, 4096, 0
1823, 619775, 1, 4096, 0
1823, 6755, 1, 4096, 0
1823, 2166, 1, 4096, 0
1823, 3513, 1, 4096, 0
1823, 3685, 1, 4096, 0
1823, 3086, 1, 4096, 0
1823, 3542, 1, 4096, 0
1823, 2762, 1, 4096, 0
1825, 2004736, 1, 4096, 0
1825, 8295, 1, 4096, 0
1825, 23233, 1, 4096, 0
1825, 182203, 1, 4096, 0
1825, 5975, 1, 4096, 0
1825, 159995, 1, 4096, 0
1825, 287879, 1, 4096, 0
1825, 18554, 1, 4096, 0
1825, 5202, 1, 4096, 0
1825, 4682, 1, 4096, 0
1825, 3266, 1, 4096, 0
1825, 4411, 1, 4096, 0
1825, 4156, 1, 4096, 0
1825, 3194, 1, 4096, 0
1827, 1971700, 1, 4096, 0
1827, 8658, 1, 4096, 0
1827, 117363, 1, 4096, 0
1827, 7050, 1, 4096, 0
1828, 3336, 1, 4096, 0
1828, 2716, 1, 4096, 0
1828, 2342, 1, 4096, 0
1828, 2266, 1, 4096, 0
1828, 2024, 1, 4096, 0
1828, 1806, 1, 4096, 0
1828, 386929, 1, 4096, 0
1828, 8276, 1, 4096, 0
1828, 3407, 1, 4096, 0
1828, 1935, 1, 4096, 0
1828, 159349, 1, 4096, 0
1828, 75206, 1, 4096, 0
1829, 886651, 1, 4096, 0
1829, 5617, 1, 4096, 0
1829, 3677, 1, 4096, 0
1829, 3216, 1, 4096, 0
1829, 3319, 1, 4096, 0
1829, 228614, 1, 4096, 0
1829, 19781, 1, 4096, 0
1829, 3402, 1, 4096, 0
1829, 3419, 1, 4096, 0
1829, 2468, 1, 4096, 0
1830, 8020, 1, 4096, 0
1832, 1524471, 1, 4096, 0
1832, 6642, 1, 4096, 0
1832, 3031, 1, 4096, 0
1832, 3133, 1, 4096, 0
1832, 2642, 1, 4096, 0
1832, 2504, 1, 4096, 0
1832, 3021, 1, 4096, 0
1832, 2972, 1, 4096, 0
1832, 204180, 1, 4096, 0
1832, 8506, 1, 4096, 0
1832, 3604, 1, 4096, 0
1832, 2547, 1, 4096, 0
1833, 830033, 1, 4096, 0
1833, 5287, 1, 4096, 0
1833, 3196, 1, 4096, 0
1834, 1647743, 1, 4096, 0
1834, 7019, 1, 4096, 0
1835, 514329, 1, 4096, 0
1835, 328061, 1, 4096, 0
1835, 70215, 1, 4096, 0
1835, 3612, 1, 4096, 0
1836, 605050, 1, 4096, 0
1836, 4644, 1, 4096, 0
1838, 2291870, 1, 4096, 0
1839, 894211, 1, 4096, 0
1840, 1191215, 1, 4096, 0
1840, 8136, 1, 4096, 0
1840, 3077, 1, 4096, 0
1840, 2818, 1, 4096, 0
1840, 2783, 1, 4096, 0
1841, 263341, 1, 4096, 0
1842, 894501, 1, 4096, 0
1843, 982714, 1, 4096, 0
1843, 10381, 1, 4096, 0
1843, 510341, 1, 4096, 0
1844, 871856, 1, 4096, 0
1844, 8353, 1, 4096, 0
1844, 3900, 1, 4096, 0
1844, 2462, 1, 4096, 0
1844, 283809, 1, 4096, 0
1844, 4063, 1, 4096, 0
1845, 400194, 1, 4096, 0
1846, 1571043, 1, 4096, 0
1846, 5223, 1, 4096, 0
1846, 2996, 1, 4096, 0
1846, 3105, 1, 4096, 0
1846, 4411, 1, 4096, 0
1846, 2959, 1, 4096, 0
1846, 3672, 1, 4096, 0
1846, 3319, 1, 4096, 0
1849, 2325263, 1, 4096, 0
1849, 162097, 1, 4096, 0
1849, 83608, 1, 4096, 0
1849, 13907, 1, 4096, 0
1850, 983695, 1, 4096, 0
1850, 5462, 1, 4096, 0
1850, 3712, 1, 4096, 0
1850, 3052, 1, 4096, 0
1850, 2692, 1, 4096, 0
1850, 3385, 1, 4096, 0
1850, 3182, 1, 4096, 0
1850, 2779, 1, 4096, 0
1852, 2532402, 1, 4096, 0
1853, 350913, 1, 4096, 0
1853, 5965, 1, 4096, 0
1853, 3048, 1, 4096, 0
1853, 3210, 1, 4096, 0
1854, 1161931, 1, 4096, 0
1854, 5661, 1, 4096, 0
1854, 221763, 1, 4096, 0
1854, 4851, 1, 4096, 0
1854, 2762, 1, 4096, 0
1854, 2749, 1, 4096, 0
1854, 2351, 1, 4096, 0
1854, 1696, 1, 4096, 0
1854, 2914, 1, 4096, 0
1854, 3519, 1, 4096, 0
1857, 2965628, 1, 4096, 0
1857, 6378, 1, 4096, 0
1857, 3624, 1, 4096, 0
1857, 3121, 1, 4096, 0
1857, 2832, 1, 4096, 0
1857, 3328, 1, 4096, 0
1857, 3031, 1, 4096, 0
1857, 2872, 1, 4096, 0
1859, 2185875, 1, 4096, 0
1860, 284907, 1, 4096, 0
1862, 2066957, 1, 4096, 0
1862, 3480, 1, 4096, 0
1862, 2262, 1, 4096, 0
1862, 2185, 1, 4096, 0
1862, 194706, 1, 4096, 0
1862, 345691, 1, 4096, 0
1862, 3354, 1, 4096, 0
1863, 910868, 1, 4096, 0
1864, 978465, 1, 4096, 0
1864, 7919, 1, 4096, 0
1865, 558303, 1, 4096, 0
1865, 285309, 1, 4096, 0
1865, 4067, 1, 4096, 0
1865, 115354, 1, 4096, 0
1866, 409867, 1, 4096, 0
1866, 655490, 1, 4096, 0
1867, 783679, 1, 4096, 0
1867, 5054, 1, 4096, 0
1868, 958095, 1, 4096, 0
1869, 564475, 1, 4096, 0
1869, 252063, 1, 4096, 0
1870, 687949, 1, 4096, 0
1870, 3139, 1, 4096, 0
1870, 330751, 1, 4096, 0
1870, 219481, 1, 4096, 0
1870, 176804, 1, 4096, 0
1871, 783398, 1, 4096, 0
1873, 1759546, 1, 4096, 0
1873, 4231, 1, 4096, 0
1873, 3651, 1, 4096, 0
1875, 1552318, 1, 4096, 0
1875, 6583, 1, 4096, 0
1875, 216830, 1, 4096, 0
1875, 242028, 1, 4096, 0
1875, 155084, 1, 4096, 0
1876, 1034620, 1, 4096, 0
1877, 349987, 1, 4096, 0
1877, 4843, 1, 4096, 0
1878, 983247, 1, 4096, 0
1878, 143215, 1, 4096, 0
1878, 611872, 1, 4096, 0
1879, 722452, 1, 4096, 0
1879, 5402, 1, 4096, 0
1879, 3234, 1, 4096, 0
1880, 1012321, 1, 4096, 0
1880, 4020, 1, 4096, 0
1880, 2779, 1, 4096, 0
1881, 870721, 1, 4096, 0
1881, 7122, 1, 4096, 0
1881, 3534, 1, 4096, 0
1881, 3069, 1, 4096, 0
1881, 3358, 1, 4096, 0
1881, 3314, 1, 4096, 0
1881, 4865, 1, 4096, 0
1881, 4729, 1, 4096, 0
1881, 384633, 1, 4096, 0
1881, 4811, 1, 4096, 0
1881, 3075, 1, 4096, 0
1881, 2806, 1, 4096, 0
1881, 3276, 1, 4096, 0
1881, 3099, 1, 4096, 0
1881, 3328, 1, 4096, 0
1881, 2523, 1, 4096, 0
1884, 2486810, 1, 4096, 0
1884, 13940, 1, 4096, 0
1884, 3922, 1, 4096, 0
1884, 3440, 1, 4096, 0
1884, 3759, 1, 4096, 0
1884, 4241, 1, 4096, 0
1884, 4766, 1, 4096, 0
1884, 3770, 1, 4096, 0
1886, 2436573, 1, 4096, 0
1887, 288066, 1, 4096, 0
1887, 5081, 1, 4096, 0
1887, 4233, 1, 4096, 0
1889, 2067780, 1, 4096, 0
1889, 7816, 1, 4096, 0
1889, 5015, 1, 4096, 0
1889, 4256, 1, 4096, 0
1889, 668105, 1, 4096, 0
1890, 399952, 1, 4096, 0
1891, 1203090, 1, 4096, 0
1891, 9684, 1, 4096, 0
1892, 695017, 1, 4096, 0
1892, 461663, 1, 4096, 0
1892, 4724, 1, 4096, 0
1894, 1252756, 1, 4096, 0
1894, 12521, 1, 4096, 0
1894, 5252, 1, 4096, 0
1894, 858484, 1, 4096, 0
1894, 6018, 1, 4096, 0
1894, 3486, 1, 4096, 0
1894, 2680, 1, 4096, 0
1894, 3529, 1, 4096, 0
1894, 3024, 1, 4096, 0
1894, 2975, 1, 4096, 0
1894, 2351, 1, 4096, 0
1897, 2111137, 1, 4096, 0
1897, 7900, 1, 4096, 0
1897, 4715, 1, 4096, 0
1897, 44844, 1, 4096, 0
1898, 1016395, 1, 4096, 0
1898, 6973, 1, 4096, 0
1898, 3786, 1, 4096, 0
1898, 3920, 1, 4096, 0
1898, 3138, 1, 4096, 0
1898, 3026, 1, 4096, 0
1898, 2832, 1, 4096, 0
1898, 3585, 1, 4096, 0
1900, 2445004, 1, 4096, 0
1900, 6135, 1, 4096, 0
1900, 2521, 1, 4096, 0
1900, 3066, 1, 4096, 0
1900, 2271, 1, 4096, 0
1900, 3995, 1, 4096, 0
1900, 4082, 1, 4096, 0
1900, 3459, 1, 4096, 0
1901, 298837, 1, 4096, 0
1901, 8062, 1, 4096, 0
1901, 3593, 1, 4096, 0
1901, 4921, 1, 4096, 0
1901, 3976, 1, 4096, 0
1903, 2147662, 1, 4096, 0
1903, 8482, 1, 4096, 0
1903, 4201, 1, 4096, 0
1904, 1479860, 1, 4096, 0
1905, 301707, 1, 4096, 0
1905, 7193, 1, 4096, 0
1905, 247951, 1, 4096, 0
1905, 7200, 1, 4096, 0
1905, 2873, 1, 4096, 0
1905, 2344, 1, 4096, 0
1905, 2576, 1, 4096, 0
1905, 316204, 1, 4096, 0
1906, 298683, 1, 4096, 0
1906, 342570, 1, 4096, 0
1906, 6824, 1, 4096, 0
1906, 4318, 1, 4096, 0
1906, 105283, 1, 4096, 0
1906, 8476, 1, 4096, 0
1908, 1486562, 1, 4096, 0
1908, 8466, 1, 4096, 0
1908, 3374, 1, 4096, 0
1908, 3026, 1, 4096, 0
1908, 2903, 1, 4096, 0
1908, 2928, 1, 4096, 0
1908, 3555, 1, 4096, 0
1908, 2804, 1, 4096, 0
1908, 92635, 1, 4096, 0
1908, 8182, 1, 4096, 0
1908, 6755, 1, 4096, 0
1908, 281329, 1, 4096, 0
1908, 7032, 1, 4096, 0
1908, 2768, 1, 4096, 0
1909, 510693, 1, 4096, 0
1909, 5060, 1, 4096, 0
1910, 490360, 1, 4096, 0
1910, 8464, 1, 4096, 0
1910, 3556, 1, 4096, 0
1910, 306210, 1, 4096, 0
1911, 744445, 1, 4096, 0
1911, 98553, 1, 4096, 0
1911, 6652, 1, 4096, 0
1911, 2922, 1, 4096, 0
1912, 648750, 1, 4096, 0
1912, 6859, 1, 4096, 0
1912, 3610, 1, 4096, 0
1912, 3997, 1, 4096, 0
1912, 169602, 1, 4096, 0
1912, 101304, 1, 4096, 0
1912, 6673, 1, 4096, 0
1912, 3401, 1, 4096, 0
1912, 2532, 1, 4096, 0
1912, 222612, 1, 4096, 0
1913, 1073722, 1, 4096, 0
1913, 5352, 1, 4096, 0
1913, 4049, 1, 4096, 0
1914, 431422, 1, 4096, 0
1914, 370049, 1, 4096, 0
1919, 18474, 1, 4096, 0
1919, 4303, 1, 4096, 0
1919, 4062, 1, 4096, 0
1919, 3653, 1, 4096, 0
1919, 2593, 1, 4096, 0
1919, 2773, 1, 4096, 0
1919, 3334, 1, 4096, 0
1919, 3729, 1, 4096, 0
1920, 818352, 1, 4096, 0
1920, 7636, 1, 4096, 0
1920, 3517, 1, 4096, 0
1920, 2881, 1, 4096, 0
1920, 2572, 1, 4096, 0
1920, 3292, 1, 4096, 0
1920, 4082, 1, 4096, 0
1920, 2337, 1, 4096, 0
1920, 377946, 1, 4096, 0
1920, 19685, 1, 4096, 0
1920, 3802, 1, 4096, 0
1920, 2780, 1, 4096, 0
1920, 3827, 1, 4096, 0
1920, 3136, 1, 4096, 0
1920, 2452, 1, 4096, 0
1920, 3608, 1, 4096, 0
1923, 1001354, 1, 4096, 0
1923, 8719, 1, 4096, 0
1923, 4587, 1, 4096, 0
1923, 2761, 1, 4096, 0
1923, 459668, 1, 4096, 0
1924, 741939, 1, 4096, 0
1924, 5455, 1, 4096, 0
1924, 4234, 1, 4096, 0
1925, 844383, 1, 4096, 0
1925, 3624, 1, 4096, 0
1925, 3210, 1, 4096, 0
1925, 2646, 1, 4096, 0
1925, 353216, 1, 4096, 0
1925, 6569, 1, 4096, 0
1925, 4293, 1, 4096, 0
1926, 338030, 1, 4096, 0
1928, 2273162, 1, 4096, 0
1928, 263408, 1, 4096, 0
1928, 8725, 1, 4096, 0
1928, 2986, 1, 4096, 0
1928, 3198, 1, 4096, 0
1928, 3473, 1, 4096, 0
1928, 2958, 1, 4096, 0
1928, 3701, 1, 4096, 0
1928, 3422, 1, 4096, 0
1930, 2044455, 1, 4096, 0
1930, 6528, 1, 4096, 0
1930, 2501, 1, 4096, 0
1930, 2698, 1, 4096, 0
1930, 2268, 1, 4096, 0
1931, 3543, 1, 4096, 0
1931, 4212, 1, 4096, 0
1931, 3349, 1, 4096, 0
1931, 349031, 1, 4096, 0
1931, 185528, 1, 4096, 0
1932, 450603, 1, 4096, 0
1933, 1422848, 1, 4096, 0
1933, 223160, 1, 4096, 0
1934, 414672, 1, 4096, 0
1934, 160121, 1, 4096, 0
1934, 70024, 1, 4096, 0
1934, 537520, 1, 4096, 0
1934, 112732, 1, 4096, 0
1935, 39995, 1, 4096, 0
1935, 444178, 1, 4096, 0
1936, 1132139, 1, 4096, 0
1936, 131295, 1, 4096, 0
1936, 3809, 1, 4096, 0
1936, 10661, 1, 4096, 0
1937, 315383, 1, 4096, 0
1937, 207541, 1, 4096, 0
1938, 1658528, 1, 4096, 0
1938, 9056, 1, 4096, 0
1939, 246102, 1, 4096, 0
1939, 475303, 1, 4096, 0
1940, 445870, 1, 4096, 0
1940, 837846, 1, 4096, 0
1941, 8424, 1, 4096, 0
1941, 697655, 1, 4096, 0
1941, 84323, 1, 4096, 0
1942, 283417, 1, 4096, 0
1942, 269392, 1, 4096, 0
1942, 358988, 1, 4096, 0
1942, 3827, 1, 4096, 0
1943, 709556, 1, 4096, 0
1943, 69505, 1, 4096, 0
1945, 1597004, 1, 4096, 0
1945, 8281, 1, 4096, 0
1945, 4118, 1, 4096, 0
1945, 8932, 1, 4096, 0
1945, 3417, 1, 4096, 0
1945, 3398, 1, 4096, 0
1945, 3178, 1, 4096, 0
1945, 2992, 1, 4096, 0
1946, 1048003, 1, 4096, 0
1946, 6986, 1, 4096, 0
1946, 2304, 1, 4096, 0
1946, 4282, 1, 4096, 0
1946, 3383, 1, 4096, 0
1946, 2886, 1, 4096, 0
1946, 4326, 1, 4096, 0
1946, 2772, 1, 4096, 0
1946, 403128, 1, 4096, 0
1946, 4096, 1, 4096, 0
1946, 3316, 1, 4096, 0
1946, 2436, 1, 4096, 0
1946, 3649, 1, 4096, 0
1946, 3265, 1, 4096, 0
1946, 3120, 1, 4096, 0
1946, 8160, 1, 4096, 0
1949, 1649666, 1, 4096, 0
1949, 7546, 1, 4096, 0
1949, 2802, 1, 4096, 0
1949, 2245, 1, 4096, 0
1949, 4226, 1, 4096, 0
1949, 3191, 1, 4096, 0
1949, 331825, 1, 4096, 0
1949, 5248, 1, 4096, 0
1951, 1249396, 1, 4096, 0
1951, 7733, 1, 4096, 0
1951, 3618, 1, 4096, 0
1951, 4429, 1, 4096, 0
1951, 3588, 1, 4096, 0
1951, 3895, 1, 4096, 0
1951, 3523, 1, 4096, 0
1951, 459783, 1, 4096, 0
1952, 1134900, 1, 4096, 0
1952, 5479, 1, 4096, 0
1952, 3783, 1, 4096, 0
1952, 4236, 1, 4096, 0
1952, 2399, 1, 4096, 0
1953, 293281, 1, 4096, 0
1954, 1318875, 1, 4096, 0
1954, 430102, 1, 4096, 0
1955, 468708, 1, 4096, 0
1955, 8126, 1, 4096, 0
1955, 367151, 1, 4096, 0
1955, 105195, 1, 4096, 0
1956, 348123, 1, 4096, 0
1956, 22015, 1, 4096, 0
1956, 5571, 1, 4096, 0
1956, 4099, 1, 4096, 0
1956, 3644, 1, 4096, 0
1956, 3163, 1, 4096, 0
1956, 4337, 1, 4096, 0
1956, 3627, 1, 4096, 0
1957, 1679241, 1, 4096, 0
1957, 7681, 1, 4096, 0
1957, 3307, 1, 4096, 0
1957, 3542, 1, 4096, 0
1957, 3272, 1, 4096, 0
1957, 10231, 1, 4096, 0
1957, 3953, 1, 4096, 0
1957, 4519, 1, 4096, 0
1961, 3079181, 1, 4096, 0
1961, 9588, 1, 4096, 0
1961, 4120, 1, 4096, 0
1961, 722016, 1, 4096, 0
1961, 27804, 1, 4096, 0
1961, 11343, 1, 4096, 0
1961, 3893, 1, 4096, 0
1961, 3104, 1, 4096, 0
1961, 3492, 1, 4096, 0
1961, 4399, 1, 4096, 0
1961, 3560, 1, 4096, 0
1961, 2294, 1, 4096, 0
1964, 2511192, 1, 4096, 0
1964, 8680, 1, 4096, 0
1964, 3699, 1, 4096, 0
1964, 2807, 1, 4096, 0
1964, 5801, 1, 4096, 0
1964, 3933, 1, 4096, 0
1964, 4692, 1, 4096, 0
1964, 513464, 1, 4096, 0
1966, 1894152, 1, 4096, 0
1966, 7115, 1, 4096, 0
1966, 4391, 1, 4096, 0
1966, 3358, 1, 4096, 0
1966, 4035, 1, 4096, 0
1966, 3262, 1, 4096, 0
1966, 3337, 1, 4096, 0
1966, 4791, 1, 4096, 0
1969, 2658304, 1, 4096, 0
1969, 5766, 1, 4096, 0
1969, 2826, 1, 4096, 0
1969, 2871, 1, 4096, 0
1969, 4262, 1, 4096, 0
1969, 3178, 1, 4096, 0
1969, 3016, 1, 4096, 0
1969, 3442, 1, 4096, 0
1970, 831941, 1, 4096, 0
1970, 7362, 1, 4096, 0
1970, 3273, 1, 4096, 0
1970, 3250, 1, 4096, 0
1970, 2805, 1, 4096, 0
1970, 2841, 1, 4096, 0
1970, 2898, 1, 4096, 0
1970, 2564, 1, 4096, 0
1972, 1852537, 1, 4096, 0
1972, 7255, 1, 4096, 0
1972, 164228, 1, 4096, 0
1972, 22208, 1, 4096, 0
1973, 380637, 1, 4096, 0
1973, 3152, 1, 4096, 0
1973, 2552, 1, 4096, 0
1973, 237164, 1, 4096, 0
1973, 182314, 1, 4096, 0
1973, 6395, 1, 4096, 0
1973, 4100, 1, 4096, 0
1973, 3136, 1, 4096, 0
1973, 3018, 1, 4096, 0
1973, 186838, 1, 4096, 0
1973, 7792, 1, 4096, 0
1973, 4993, 1, 4096, 0
1973, 3880, 1, 4096, 0
1973, 3459, 1, 4096, 0
1973, 3604, 1, 4096, 0
1973, 3993, 1, 4096, 0
1973, 3343, 1, 4096, 0
1976, 2230682, 1, 4096, 0
1976, 5744, 1, 4096, 0
1976, 3230, 1, 4096, 0
1976, 417406, 1, 4096, 0
1976, 416717, 1, 4096, 0
1976, 5686, 1, 4096, 0
1977, 777184, 1, 4096, 0
1977, 60851, 1, 4096, 0
1978, 1102608, 1, 4096, 0
1979, 553084, 1, 4096, 0
1979, 60170, 1, 4096, 0
1979, 125227, 1, 4096, 0
1981, 1590306, 1, 4096, 0
1981, 4569, 1, 4096, 0
1981, 2250, 1, 4096, 0
1981, 2716, 1, 4096, 0
1981, 2575, 1, 4096, 0
1981, 111665, 1, 4096, 0
1981, 560031, 1, 4096, 0
1981, 5834, 1, 4096, 0
1981, 4953, 1, 4096, 0
1981, 4993, 1, 4096, 0
1981, 5253, 1, 4096, 0
1981, 3143, 1, 4096, 0
1981, 3467, 1, 4096, 0
1981, 3791, 1, 4096, 0
1982, 673404, 1, 4096, 0
1982, 11407, 1, 4096, 0
1982, 4544, 1, 4096, 0
1982, 3856, 1, 4096, 0
1982, 4139, 1, 4096, 0
1982, 3676, 1, 4096, 0
1982, 3049, 1, 4096, 0
1982, 3116, 1, 4096, 0
1982, 14130, 1, 4096, 0
1983, 6676, 1, 4096, 0
1983, 5955, 1, 4096, 0
1984, 256037, 1, 4096, 0
1984, 7290, 1, 4096, 0
1985, 1053021, 1, 4096, 0
1985, 5901, 1, 4096, 0
1985, 3665, 1, 4096, 0
1985, 3694, 1, 4096, 0
1985, 193553, 1, 4096, 0
1986, 1069794, 1, 4096, 0
1986, 8978, 1, 4096, 0
1986, 4123, 1, 4096, 0
1986, 108541, 1, 4096, 0
1986, 5757, 1, 4096, 0
1986, 221312, 1, 4096, 0
1986, 5838, 1, 4096, 0
1986, 7005, 1, 4096, 0
1987, 229339, 1, 4096, 0
1987, 3397, 1, 4096, 0
1987, 196701, 1, 4096, 0
1987, 3860, 1, 4096, 0
1987, 2847, 1, 4096, 0
1988, 9684, 1, 4096, 0
1988, 39655, 1, 4096, 0
1988, 8227, 1, 4096, 0
1988, 3280, 1, 4096, 0
1988, 112337, 1, 4096, 0
1988, 7232, 1, 4096, 0
1988, 3502, 1, 4096, 0
1989, 941331, 1, 4096, 0
1989, 8040, 1, 4096, 0
1989, 4272, 1, 4096, 0
1989, 662107, 1, 4096, 0
1989, 20967, 1, 4096, 0
1989, 6213, 1, 4096, 0
1990, 9674, 1, 4096, 0
1991, 8598, 1, 4096, 0
1991, 144398, 1, 4096, 0
1991, 4401, 1, 4096, 0
1992, 233277, 1, 4096, 0
1992, 7447, 1, 4096, 0
1992, 3191, 1, 4096, 0
1992, 3004, 1, 4096, 0
1992, 2981, 1, 4096, 0
1992, 547148, 1, 4096, 0
1992, 192126, 1, 4096, 0
1992, 6141, 1, 4096, 0
1993, 689705, 1, 4096, 0
1994, 717683, 1, 4096, 0
1995, 1158902, 1, 4096, 0
1995, 6869, 1, 4096, 0
1995, 3206, 1, 4096, 0
1995, 296599, 1, 4096, 0
1996, 264826, 1, 4096, 0
1996, 4239, 1, 4096, 0
1996, 107918, 1, 4096, 0
1997, 1452564, 1, 4096, 0
1998, 285064, 1, 4096, 0
1998, 6946, 1, 4096, 0
1998, 3088, 1, 4096, 0
1998, 3218, 1, 4096, 0
1998, 3987, 1, 4096, 0
1998, 3640, 1, 4096, 0
1998, 3031, 1, 4096, 0
1998, 4493, 1, 4096, 0
2000, 2296526, 1, 4096, 0
2000, 6926, 1, 4096, 0
2000, 4431, 1, 4096, 0
2000, 4071, 1, 4096, 0
2000, 3275, 1, 4096, 0
2000, 2921, 1, 4096, 0
2000, 3362, 1, 4096, 0
2000, 3236, 1, 4096, 0
2000, 472758, 1, 4096, 0
2000, 6515, 1, 4096, 0
2000, 3694, 1, 4096, 0
2000, 3174, 1, 4096, 0
2000, 3418, 1, 4096, 0
2000, 3935, 1, 4096, 0
2000, 3136, 1, 4096, 0
2001, 634587, 1, 4096, 0
2003, 1520477, 1, 4096, 0
2003, 246035, 1, 4096, 0
2003, 501765, 1, 4096, 0
2004, 1021239, 1, 4096, 0
2004, 7442, 1, 4096, 0
2004, 6700, 1, 4096, 0
2005, 302057, 1, 4096, 0
2005, 7243, 1, 4096, 0
2005, 6802, 1, 4096, 0
2005, 2098, 1, 4096, 0
2005, 2145, 1, 4096, 0
2005, 334724, 1, 4096, 0
2005, 4943, 1, 4096, 0
2005, 2954, 1, 4096, 0
2005, 3149, 1, 4096, 0
2005, 3073, 1, 4096, 0
2005, 2286, 1, 4096, 0
2005, 3451, 1, 4096, 0
2005, 4005, 1, 4096, 0
2006, 634940, 1, 4096, 0
2006, 529490, 1, 4096, 0
2006, 6027, 1, 4096, 0
2006, 190026, 1, 4096, 0
2006, 6574, 1, 4096, 0
2006, 3430, 1, 4096, 0
2007, 3976, 1, 4096, 0
2007, 246478, 1, 4096, 0
2007, 6603, 1, 4096, 0
2008, 681995, 1, 4096, 0
2008, 4459, 1, 4096, 0
2008, 2536, 1, 4096, 0
2008, 359217, 1, 4096, 0
2008, 6378, 1, 4096, 0
2008, 3147, 1, 4096, 0
2009, 125616, 1, 4096, 0
2009, 8959, 1, 4096, 0
2009, 3087, 1, 4096, 0
2009, 3129, 1, 4096, 0
2009, 122705, 1, 4096, 0
2009, 154259, 1, 4096, 0
2009, 5436, 1, 4096, 0
2009, 2891, 1, 4096, 0
2009, 350292, 1, 4096, 0
2009, 75929, 1, 4096, 0
2009, 6595, 1, 4096, 0
2009, 3109, 1, 4096, 0
2009, 3936, 1, 4096, 0
2009, 3170, 1, 4096, 0
2010, 143536, 1, 4096, 0
2010, 785667, 1, 4096, 0
2011, 537673, 1, 4096, 0
2012, 793284, 1, 4096, 0
2012, 831588, 1, 4096, 0
2013, 491117, 1, 4096, 0
2013, 133524, 1, 4096, 0
2013, 146830, 1, 4096, 0
2014, 394108, 1, 4096, 0
2014, 135675, 1, 4096, 0
2014, 100707, 1, 4096, 0
2014, 458134, 1, 4096, 0
2015, 248716, 1, 4096, 0
2016, 1484198, 1, 4096, 0
2016, 8914, 1, 4096, 0
2016, 4016, 1, 4096, 0
2016, 50401, 1, 4096, 0
2017, 626971, 1, 4096, 0
2017, 164957, 1, 4096, 0
2017, 158535, 1, 4096, 0
2017, 64061, 1, 4096, 0
2018, 984112, 1, 4096, 0
2019, 438400, 1, 4096, 0
2019, 9348, 1, 4096, 0
2020, 897211, 1, 4096, 0
2020, 5238, 1, 4096, 0
2020, 141603, 1, 4096, 0
2020, 5360, 1, 4096, 0
2021, 927664, 1, 4096, 0
2021, 9249, 1, 4096, 0
2021, 3120, 1, 4096, 0
2021, 2891, 1, 4096, 0
2022, 1326709, 1, 4096, 0
2022, 3908, 1, 4096, 0
2023, 1121948, 1, 4096, 0
2023, 13602, 1, 4096, 0
2023, 4250, 1, 4096, 0
2023, 4284, 1, 4096, 0
2023, 3375, 1, 4096, 0
2023, 205578, 1, 4096, 0
2024, 207193, 1, 4096, 0
2024, 8699, 1, 4096, 0
2024, 3848, 1, 4096, 0
2024, 2834, 1, 4096, 0
2024, 3203, 1, 4096, 0
2024, 2740, 1, 4096, 0
2024, 3141, 1, 4096, 0
2024, 3628, 1, 4096, 0
2025, 1292849, 1, 4096, 0
2025, 5810, 1, 4096, 0
2025, 3590, 1, 4096, 0
2025, 3914, 1, 4096, 0
2025, 2953, 1, 4096, 0
2025, 2738, 1, 4096, 0
2025, 4289, 1, 4096, 0
2025, 2824, 1, 4096, 0
2025, 303865, 1, 4096, 0
2027, 1810648, 1, 4096, 0
2027, 68846, 1, 4096, 0
2028, 254677, 1, 4096, 0
2028, 630597, 1, 4096, 0
2029, 1085900, 1, 4096, 0
2030, 364704, 1, 4096, 0
2030, 187080, 1, 4096, 0
2030, 295767, 1, 4096, 0
2031, 532098, 1, 4096, 0
2031, 4562, 1, 4096, 0
2031, 4008, 1, 4096, 0
2031, 195812, 1, 4096, 0
2031, 128006, 1, 4096, 0
2033, 1553166, 1, 4096, 0
2033, 13647, 1, 4096, 0
2033, 87579, 1, 4096, 0
2033, 6485, 1, 4096, 0
2033, 4179, 1, 4096, 0
2033, 3653, 1, 4096, 0
2033, 2748, 1, 4096, 0
2033, 3427, 1, 4096, 0
2033, 3354, 1, 4096, 0
2033, 4034, 1, 4096, 0
2034, 1101856, 1, 4096, 0
2034, 4898, 1, 4096, 0
2034, 2971, 1, 4096, 0
2034, 3259, 1, 4096, 0
2034, 2834, 1, 4096, 0
2034, 2790, 1, 4096, 0
2034, 3907, 1, 4096, 0
2034, 3231, 1, 4096, 0
2036, 1696023, 1, 4096, 0
2036, 7220, 1, 4096, 0
2036, 4864, 1, 4096, 0
2036, 5013, 1, 4096, 0
2037, 1624642, 1, 4096, 0
2037, 7388, 1, 4096, 0
2037, 4309, 1, 4096, 0
2037, 5315, 1, 4096, 0
2037, 4485, 1, 4096, 0
2037, 3543, 1, 4096, 0
2037, 3652, 1, 4096, 0
2037, 4076, 1, 4096, 0
2037, 191973, 1, 4096, 0
2037, 7667, 1, 4096, 0
2038, 377461, 1, 4096, 0
2038, 4678, 1, 4096, 0
2038, 583974, 1, 4096, 0
2039, 377343, 1, 4096, 0
2040, 719136, 1, 4096, 0
2040, 276627, 1, 4096, 0
2041, 743166, 1, 4096, 0
2041, 5738, 1, 4096, 0
2041, 869815, 1, 4096, 0
2042, 274691, 1, 4096, 0
2043, 1092701, 1, 4096, 0
2043, 6421, 1, 4096, 0
2043, 192234, 1, 4096, 0
2043, 4706, 1, 4096, 0
2043, 346952, 1, 4096, 0
2043, 105832, 1, 4096, 0
2044, 3439, 1, 4096, 0
2045, 1574694, 1, 4096, 0
2045, 7911, 1, 4096, 0
2046, 1170195, 1, 4096, 0
2046, 8293, 1, 4096, 0
2046, 3557, 1, 4096, 0
2047, 683737, 1, 4096, 0
2047, 290639, 1, 4096, 0
2047, 6283, 1, 4096, 0
2048, 609973, 1, 4096, 0
2048, 199239, 1, 4096, 0
2048, 3346, 1, 4096, 0
2049, 817350, 1, 4096, 0
2049, 6007, 1, 4096, 0
2050, 602482, 1, 4096, 0
2050, 625696, 1, 4096, 0
2050, 5776, 1, 4096, 0
2050, 3011, 1, 4096, 0
2050, 253113, 1, 4096, 0
2050, 5851, 1, 4096, 0
2050, 4218, 1, 4096, 0
2050, 4595, 1, 4096, 0
2050, 3325, 1, 4096, 0
2050, 3907, 1, 4096, 0
2050, 2456, 1, 4096, 0
2050, 3283, 1, 4096, 0
2053, 2346279, 1, 4096, 0
2053, 163789, 1, 4096, 0
2054, 717962, 1, 4096, 0
2054, 168339, 1, 4096, 0
2054, 4893, 1, 4096, 0
2054, 3901, 1, 4096, 0
2055, 1189610, 1, 4096, 0
2055, 8119, 1, 4096, 0
2055, 182137, 1, 4096, 0
2056, 330116, 1, 4096, 0
2056, 59305, 1, 4096, 0
2056, 5386, 1, 4096, 0
2057, 1460000, 1, 4096, 0
2057, 8411, 1, 4096, 0
2058, 422916, 1, 4096, 0
2058, 7310, 1, 4096, 0
2058, 3488, 1, 4096, 0
2058, 5055, 1, 4096, 0
2058, 3075, 1, 4096, 0
2058, 3761, 1, 4096, 0
2058, 4751, 1, 4096, 0
2058, 3606, 1, 4096, 0
2061, 2906766, 1, 4096, 0
2061, 8091, 1, 4096, 0
2061, 314999, 1, 4096, 0
2061, 7700, 1, 4096, 0
2061, 3572, 1, 4096, 0
2061, 7192, 1, 4096, 0
2061, 3448, 1, 4096, 0
2061, 3043, 1, 4096, 0
2061, 3588, 1, 4096, 0
2061, 2703, 1, 4096, 0
2061, 436882, 1, 4096, 0
2061, 7561, 1, 4096, 0
2061, 4460, 1, 4096, 0
2061, 5168, 1, 4096, 0
2062, 370187, 1, 4096, 0
2062, 6669, 1, 4096, 0
2065, 2760049, 1, 4096, 0
2065, 7028, 1, 4096, 0
2065, 587109, 1, 4096, 0
2065, 5785, 1, 4096, 0
2066, 1083040, 1, 4096, 0
2066, 114191, 1, 4096, 0
2066, 24917, 1, 4096, 0
2066, 7207, 1, 4096, 0
2066, 5033, 1, 4096, 0
2066, 2978, 1, 4096, 0
2066, 2785, 1, 4096, 0
2066, 3269, 1, 4096, 0
2066, 3194, 1, 4096, 0
2066, 8310, 1, 4096, 0
2067, 449413, 1, 4096, 0
2069, 1811501, 1, 4096, 0
2069, 6244, 1, 4096, 0
2070, 1469610, 1, 4096, 0
2070, 149431, 1, 4096, 0
2071, 642543, 1, 4096, 0
2071, 5063, 1, 4096, 0
2072, 586769, 1, 4096, 0
2072, 163740, 1, 4096, 0
2072, 178954, 1, 4096, 0
2072, 3189, 1, 4096, 0
2073, 1015542, 1, 4096, 0
2073, 472126, 1, 4096, 0
2073, 3637, 1, 4096, 0
2073, 3661, 1, 4096, 0
2074, 428407, 1, 4096, 0
2074, 460883, 1, 4096, 0
2074, 4444, 1, 4096, 0
2075, 531125, 1, 4096, 0
2076, 857095, 1, 4096, 0
2077, 813506, 1, 4096, 0
2077, 3954, 1, 4096, 0
2077, 2660, 1, 4096, 0
2077, 2747, 1, 4096, 0
2077, 833119, 1, 4096, 0
2078, 180785, 1, 4096, 0
2078, 4598, 1, 4096, 0
2078, 250261, 1, 4096, 0
2079, 807422, 1, 4096, 0
2079, 6079, 1, 4096, 0
2079, 3889, 1, 4096, 0
2079, 3298, 1, 4096, 0
2079, 3841, 1, 4096, 0
2079, 3585, 1, 4096, 0
2079, 2649, 1, 4096, 0
2079, 2620, 1, 4096, 0
2082, 3059522, 1, 4096, 0
2082, 495820, 1, 4096, 0
2083, 272461, 1, 4096, 0
2083, 6476, 1, 4096, 0
2083, 337773, 1, 4096, 0
2084, 746070, 1, 4096, 0
2085, 1716839, 1, 4096, 0
2085, 7842, 1, 4096, 0
2086, 470811, 1, 4096, 0
2086, 6059, 1, 4096, 0
2086, 302836, 1, 4096, 0
2087, 358907, 1, 4096, 0
2087, 5438, 1, 4096, 0
2087, 4685, 1, 4096, 0
2087, 3605, 1, 4096, 0
2087, 3329, 1, 4096, 0
2087, 4457, 1, 4096, 0
2087, 3732, 1, 4096, 0
2087, 3920, 1, 4096, 0
2088, 1388119, 1, 4096, 0
2088, 8135, 1, 4096, 0
2089, 854976, 1, 4096, 0
2089, 360258, 1, 4096, 0
2090, 317379, 1, 4096, 0
2090, 390913, 1, 4096, 0
2090, 21321, 1, 4096, 0
2090, 119746, 1, 4096, 0
2091, 759214, 1, 4096, 0
2091, 8810, 1, 4096, 0
2091, 3577, 1, 4096, 0
2091, 3108, 1, 4096, 0
2091, 3360, 1, 4096, 0
2091, 3218, 1, 4096, 0
2091, 81761, 1, 4096, 0
2093, 1763932, 1, 4096, 0
2093, 577074, 1, 4096, 0
2093, 7276, 1, 4096, 0
2093, 3545, 1, 4096, 0
2093, 3259, 1, 4096, 0
2093, 3384, 1, 4096, 0
2093, 2475, 1, 4096, 0
2093, 64043, 1, 4096, 0
2094, 416529, 1, 4096, 0
2095, 1360810, 1, 4096, 0
2095, 4930, 1, 4096, 0
2095, 2321, 1, 4096, 0
2095, 3564, 1, 4096, 0
2095, 80977, 1, 4096, 0
2096, 331551, 1, 4096, 0
2096, 7049, 1, 4096, 0
2096, 3308, 1, 4096, 0
2096, 3383, 1, 4096, 0
2096, 2197, 1, 4096, 0
2096, 3070, 1, 4096, 0
2096, 1984, 1, 4096, 0
2096, 1985, 1, 4096, 0
2097, 947870, 1, 4096, 0
2097, 5721, 1, 4096, 0
2097, 4043, 1, 4096, 0
2097, 3134, 1, 4096, 0
2097, 3223, 1, 4096, 0
2097, 3636, 1, 4096, 0
2097, 3204, 1, 4096, 0
2097, 473377, 1, 4096, 0
2098, 475123, 1, 4096, 0
2098, 4385, 1, 4096, 0
2098, 3965, 1, 4096, 0
2098, 5465, 1, 4096, 0
2098, 7462, 1, 4096, 0
2099, 423982, 1, 4096, 0
2100, 641627, 1, 4096, 0
2100, 295895, 1, 4096, 0
2100, 183883, 1, 4096, 0
2100, 5016, 1, 4096, 0
2100, 3470, 1, 4096, 0
2100, 3214, 1, 4096, 0
2100, 2615, 1, 4096, 0
2100, 4651, 1, 4096, 0
2100, 3437, 1, 4096, 0
2100, 2945, 1, 4096, 0
2102, 1577287, 1, 4096, 0
2102, 19588, 1, 4096, 0
2102, 141004, 1, 4096, 0
2103, 897624, 1, 4096, 0
2103, 217508, 1, 4096, 0
2103, 162510, 1, 4096, 0
2103, 310298, 1, 4096, 0
2104, 731877, 1, 4096, 0
2104, 6670, 1, 4096, 0
2104, 3905, 1, 4096, 0
2105, 588401, 1, 4096, 0
2105, 6485, 1, 4096, 0
2105, 201560, 1, 4096, 0
2105, 5641, 1, 4096, 0
2106, 697747, 1, 4096, 0
2106, 5897, 1, 4096, 0
2106, 2872, 1, 4096, 0
2106, 2521, 1, 4096, 0
2106, 2283, 1, 4096, 0
2106, 2597, 1, 4096, 0
2106, 2696, 1, 4096, 0
2106, 2752, 1, 4096, 0
2107, 1227850, 1, 4096, 0
2107, 5931, 1, 4096, 0
2107, 2506, 1, 4096, 0
2107, 4695, 1, 4096, 0
2108, 1010702, 1, 4096, 0
2108, 92741, 1, 4096, 0
2108, 4802, 1, 4096, 0
2109, 469757, 1, 4096, 0
2109, 222655, 1, 4096, 0
2109, 6754, 1, 4096, 0
2109, 4314, 1, 4096, 0
2109, 3035, 1, 4096, 0
2109, 413864, 1, 4096, 0
2109, 45576, 1, 4096, 0
2109, 4744, 1, 4096, 0
2109, 3360, 1, 4096, 0
2109, 2188, 1, 4096, 0
2109, 2022, 1, 4096, 0
2109, 2608, 1, 4096, 0
2109, 2499, 1, 4096, 0
2109, 2210, 1, 4096, 0
2111, 1250171, 1, 4096, 0
2111, 4334, 1, 4096, 0
2111, 4447, 1, 4096, 0
2112, 872129, 1, 4096, 0
2113, 998294, 1, 4096, 0
2113, 563840, 1, 4096, 0
2113, 4378, 1, 4096, 0
2113, 3096, 1, 4096, 0
2113, 3085, 1, 4096, 0
2114, 506097, 1, 4096, 0
2114, 6508, 1, 4096, 0
2114, 280119, 1, 4096, 0
2114, 8327, 1, 4096, 0
2114, 3591, 1, 4096, 0
2114, 3261, 1, 4096, 0
2114, 3455, 1, 4096, 0
2114, 2838, 1, 4096, 0
2114, 300605, 1, 4096, 0
2115, 481939, 1, 4096, 0
2115, 126580, 1, 4096, 0
2115, 5643, 1, 4096, 0
2115, 2682, 1, 4096, 0
2115, 2790, 1, 4096, 0
2115, 4141, 1, 4096, 0
2115, 3836, 1, 4096, 0
2115, 3429, 1, 4096, 0
2115, 4208, 1, 4096, 0
2116, 1212119, 1, 4096, 0
2117, 941199, 1, 4096, 0
2117, 48184, 1, 4096, 0
2117, 8135, 1, 4096, 0
2117, 3124, 1, 4096, 0
2117, 3352, 1, 4096, 0
2117, 3643, 1, 4096, 0
2117, 2828, 1, 4096, 0
2117, 7991, 1, 4096, 0
2118, 4945, 1, 4096, 0
2118, 325634, 1, 4096, 0
2118, 4204, 1, 4096, 0
2120, 2249926, 1, 4096, 0
2120, 8580, 1, 4096, 0
2121, 549353, 1, 4096, 0
2121, 7036, 1, 4096, 0
2121, 3935, 1, 4096, 0
2121, 3242, 1, 4096, 0
2122, 966148, 1, 4096, 0
2122, 357522, 1, 4096, 0
2122, 337571, 1, 4096, 0
2123, 289222, 1, 4096, 0
2123, 822572, 1, 4096, 0
2123, 4909, 1, 4096, 0
2124, 2883, 1, 4096, 0
2124, 3415, 1, 4096, 0
2125, 1115811, 1, 4096, 0
2125, 490045, 1, 4096, 0
2125, 83811, 1, 4096, 0
2126, 410621, 1, 4096, 0
2126, 3730, 1, 4096, 0
2126, 91013, 1, 4096, 0
2127, 1078169, 1, 4096, 0
2127, 5750, 1, 4096, 0
2128, 1226394, 1, 4096, 0
2128, 189677, 1, 4096, 0
2130, 1415479, 1, 4096, 0
2130, 6237, 1, 4096, 0
2130, 2739, 1, 4096, 0
2130, 2951, 1, 4096, 0
2130, 3473, 1, 4096, 0
2130, 3254, 1, 4096, 0
2130, 3661, 1, 4096, 0
2130, 2394, 1, 4096, 0
2132, 2032237, 1, 4096, 0
2132, 11795, 1, 4096, 0
2132, 290512, 1, 4096, 0
2132, 3196, 1, 4096, 0
2133, 814363, 1, 4096, 0
2133, 3916, 1, 4096, 0
2133, 209752, 1, 4096, 0
2133, 4436, 1, 4096, 0
2135, 1464253, 1, 4096, 0
2135, 529905, 1, 4096, 0
2135, 5107, 1, 4096, 0
2135, 4112, 1, 4096, 0
2136, 759658, 1, 4096, 0
2136, 9894, 1, 4096, 0
2136, 3735, 1, 4096, 0
2136, 3325, 1, 4096, 0
2136, 2924, 1, 4096, 0
2136, 2926, 1, 4096, 0
2136, 2776, 1, 4096, 0
2136, 3288, 1, 4096, 0
2136, 385255, 1, 4096, 0
2139, 2766168, 1, 4096, 0
2139, 256742, 1, 4096, 0
2139, 11845, 1, 4096, 0
2139, 133413, 1, 4096, 0
2140, 215121, 1, 4096, 0
2141, 922675, 1, 4096, 0
2141, 260615, 1, 4096, 0
2141, 537109, 1, 4096, 0
2141, 8519, 1, 4096, 0
2141, 3703, 1, 4096, 0
2141, 3886, 1, 4096, 0
2141, 3364, 1, 4096, 0
2141, 3593, 1, 4096, 0
2141, 3117, 1, 4096, 0
2141, 2958, 1, 4096, 0
2143, 1179546, 1, 4096, 0
2143, 6347, 1, 4096, 0
2143, 3512, 1, 4096, 0
2143, 481876, 1, 4096, 0
2143, 7122, 1, 4096, 0
2143, 3938, 1, 4096, 0
2143, 2956, 1, 4096, 0
2143, 3255, 1, 4096, 0
2143, 3377, 1, 4096, 0
2143, 3711, 1, 4096, 0
2143, 3136, 1, 4096, 0
2146, 3117924, 1, 4096, 0
2146, 11517, 1, 4096, 0
2146, 3052, 1, 4096, 0
2146, 3239, 1, 4096, 0
2146, 2933, 1, 4096, 0
2148, 1317231, 1, 4096, 0
2148, 303384, 1, 4096, 0
2148, 4881, 1, 4096, 0
2148, 370045, 1, 4096, 0
2148, 7401, 1, 4096, 0
2148, 3236, 1, 4096, 0
2148, 3670, 1, 4096, 0
2148, 3335, 1, 4096, 0
2148, 3787, 1, 4096, 0
2148, 3653, 1, 4096, 0
2148, 3703, 1, 4096, 0
2149, 261994, 1, 4096, 0
2150, 1211343, 1, 4096, 0
2150, 8287, 1, 4096, 0
2150, 3789, 1, 4096, 0
2151, 1042017, 1, 4096, 0
2152, 985855, 1, 4096, 0
2152, 6147, 1, 4096, 0
2152, 281818, 1, 4096, 0
2152, 5756, 1, 4096, 0
2153, 424567, 1, 4096, 0
2153, 4869, 1, 4096, 0
2153, 3814, 1, 4096, 0
2153, 3316, 1, 4096, 0
2153, 2778, 1, 4096, 0
2154, 1224009, 1, 4096, 0
2154, 444106, 1, 4096, 0
2154, 5366, 1, 4096, 0
2154, 3171, 1, 4096, 0
2154, 4119, 1, 4096, 0
2155, 557402, 1, 4096, 0
2157, 2162592, 1, 4096, 0
2157, 260402, 1, 4096, 0
2158, 135032, 1, 4096, 0
2158, 114129, 1, 4096, 0
2158, 4572, 1, 4096, 0
2158, 2902, 1, 4096, 0
2158, 113683, 1, 4096, 0
2159, 1645862, 1, 4096, 0
2159, 5494, 1, 4096, 0
2159, 17221, 1, 4096, 0
2160, 295896, 1, 4096, 0
2160, 5963, 1, 4096, 0
2160, 171563, 1, 4096, 0
2160, 9006, 1, 4096, 0
2160, 4289, 1, 4096, 0
2160, 3231, 1, 4096, 0
2160, 3399, 1, 4096, 0
2160, 3375, 1, 4096, 0
2160, 2854, 1, 4096, 0
2160, 3279, 1, 4096, 0
2162, 2019518, 1, 4096, 0
2162, 435389, 1, 4096, 0
2162, 8010, 1, 4096, 0
2162, 4166, 1, 4096, 0
2163, 3734, 1, 4096, 0
2163, 482204, 1, 4096, 0
2163, 21028, 1, 4096, 0
2163, 56601, 1, 4096, 0
2164, 1061571, 1, 4096, 0
2164, 68150, 1, 4096, 0
2166, 1444844, 1, 4096, 0
2166, 6675, 1, 4096, 0
2166, 3326, 1, 4096, 0
2166, 2963, 1, 4096, 0
2166, 61054, 1, 4096, 0
2166, 352550, 1, 4096, 0
2166, 388475, 1, 4096, 0
2167, 536610, 1, 4096, 0
2167, 4862, 1, 4096, 0
2167, 3470, 1, 4096, 0
2167, 3518, 1, 4096, 0
2167, 3042, 1, 4096, 0
2167, 3631, 1, 4096, 0
2167, 2869, 1, 4096, 0
2167, 3177, 1, 4096, 0
2168, 684453, 1, 4096, 0
2168, 9105, 1, 4096, 0
2168, 3633, 1, 4096, 0
2168, 3326, 1, 4096, 0
2168, 3384, 1, 4096, 0
2168, 4096, 1, 4096, 0
2168, 3523, 1, 4096, 0
2168, 3648, 1, 4096, 0
2171, 2705074, 1, 4096, 0
2171, 6308, 1, 4096, 0
2171, 3408, 1, 4096, 0
2171, 3955, 1, 4096, 0
2171, 2322, 1, 4096, 0
2171, 3159, 1, 4096, 0
2171, 2371, 1, 4096, 0
2171, 4287, 1, 4096, 0
2173, 2008736, 1, 4096, 0
2173, 9198, 1, 4096, 0
2173, 3962, 1, 4096, 0
2173, 3341, 1, 4096, 0
2173, 2997, 1, 4096, 0
2173, 3290, 1, 4096, 0
2173, 2442, 1, 4096, 0
2174, 1019405, 1, 4096, 0
2175, 748586, 1, 4096, 0
2175, 6281, 1, 4096, 0
2175, 3967, 1, 4096, 0
2175, 3389, 1, 4096, 0
2175, 329117, 1, 4096, 0
2175, 166840, 1, 4096, 0
2175, 6078, 1, 4096, 0
2175, 3125, 1, 4096, 0
2175, 3791, 1, 4096, 0
2175, 4054, 1, 4096, 0
2175, 3309, 1, 4096, 0
2175, 3010, 1, 4096, 0
2175, 3100, 1, 4096, 0
2176, 570357, 1, 4096, 0
2177, 1137556, 1, 4096, 0
2177, 6078, 1, 4096, 0
2177, 383928, 1, 4096, 0
2177, 38882, 1, 4096, 0
2178, 562246, 1, 4096, 0
2178, 526584, 1, 4096, 0
2178, 6449, 1, 4096, 0
2178, 3643, 1, 4096, 0
2178, 3337, 1, 4096, 0
2178, 3875, 1, 4096, 0
2178, 2902, 1, 4096, 0
2178, 2946, 1, 4096, 0
2178, 2912, 1, 4096, 0
2182, 3969749, 1, 4096, 0
2182, 6462, 1, 4096, 0
2182, 3605, 1, 4096, 0
2183, 651931, 1, 4096, 0
2183, 5227, 1, 4096, 0
2183, 23258, 1, 4096, 0
2183, 8409, 1, 4096, 0
2183, 3595, 1, 4096, 0
2183, 3355, 1, 4096, 0
2183, 8781, 1, 4096, 0
2183, 4947, 1, 4096, 0
2183, 4913, 1, 4096, 0
2183, 3462, 1, 4096, 0
2185, 1756122, 1, 4096, 0
2186, 1071466, 1, 4096, 0
2186, 5311, 1, 4096, 0
2187, 748708, 1, 4096, 0
2187, 5506, 1, 4096, 0
2187, 3227, 1, 4096, 0
2187, 2920, 1, 4096, 0
2187, 347527, 1, 4096, 0
2188, 1310832, 1, 4096, 0
2189, 569704, 1, 4096, 0
2189, 8440, 1, 4096, 0
2189, 3756, 1, 4096, 0
2190, 1367066, 1, 4096, 0
2192, 1390785, 1, 4096, 0
2192, 3528, 1, 4096, 0
2192, 2472, 1, 4096, 0
2192, 2247, 1, 4096, 0
2193, 1434774, 1, 4096, 0
2194, 281960, 1, 4096, 0
2194, 3538, 1, 4096, 0
2194, 749625, 1, 4096, 0
2194, 4038, 1, 4096, 0
2194, 2736, 1, 4096, 0
2194, 4862, 1, 4096, 0
2195, 220486, 1, 4096, 0
2196, 1227257, 1, 4096, 0
2196, 6994, 1, 4096, 0
2196, 671963, 1, 4096, 0
2197, 510560, 1, 4096, 0
2197, 5288, 1, 4096, 0
2197, 3796, 1, 4096, 0
2198, 1393939, 1, 4096, 0
2198, 6510, 1, 4096, 0
2198, 3908, 1, 4096, 0
2198, 4047, 1, 4096, 0
2198, 4197, 1, 4096, 0
2198, 3882, 1, 4096, 0
2198, 3518, 1, 4096, 0
2198, 3756, 1, 4096, 0
2199, 876826, 1, 4096, 0
2199, 13040, 1, 4096, 0
2199, 4999, 1, 4096, 0
2199, 4188, 1, 4096, 0
2199, 5756, 1, 4096, 0
2199, 4252, 1, 4096, 0
2199, 2963, 1, 4096, 0
2200, 825875, 1, 4096, 0
2200, 5761, 1, 4096, 0
2200, 3556, 1, 4096, 0
2200, 3512, 1, 4096, 0
2200, 3204, 1, 4096, 0
2200, 3157, 1, 4096, 0
2200, 3153, 1, 4096, 0
2200, 3109, 1, 4096, 0
2203, 2279460, 1, 4096, 0
2203, 343441, 1, 4096, 0
2203, 4014, 1, 4096, 0
2203, 3391, 1, 4096, 0
2203, 224180, 1, 4096, 0
2203, 85554, 1, 4096, 0
2204, 785632, 1, 4096, 0
2204, 4514, 1, 4096, 0
2204, 3626, 1, 4096, 0
2205, 811166, 1, 4096, 0
2206, 1002977, 1, 4096, 0
2206, 146949, 1, 4096, 0
2206, 6562, 1, 4096, 0
2206, 4095, 1, 4096, 0
2206, 4007, 1, 4096, 0
2206, 3922, 1, 4096, 0
2206, 3898, 1, 4096, 0
2206, 3177, 1, 4096, 0
2206, 4418, 1, 4096, 0
2208, 1617444, 1, 4096, 0
2208, 6058, 1, 4096, 0
2208, 2544, 1, 4096, 0
2208, 3216, 1, 4096, 0
2208, 4283, 1, 4096, 0
2208, 412276, 1, 4096, 0
2208, 6166, 1, 4096, 0
2208, 3568, 1, 4096, 0
2208, 82216, 1, 4096, 0
2208, 6953, 1, 4096, 0
2208, 4734, 1, 4096, 0
2208, 3916, 1, 4096, 0
2208, 3150, 1, 4096, 0
2208, 3379, 1, 4096, 0
2208, 3442, 1, 4096, 0
2208, 3079, 1, 4096, 0
2212, 3732870, 1, 4096, 0
2212, 8196, 1, 4096, 0
2212, 6380, 1, 4096, 0
2212, 2461, 1, 4096, 0
2212, 375972, 1, 4096, 0
2212, 4874, 1, 4096, 0
2213, 342593, 1, 4096, 0
2213, 242849, 1, 4096, 0
2214, 1030956, 1, 4096, 0
2215, 512863, 1, 4096, 0
2215, 5478, 1, 4096, 0
2216, 972230, 1, 4096, 0
2216, 8172, 1, 4096, 0
2216, 3853, 1, 4096, 0
2216, 3257, 1, 4096, 0
2216, 2951, 1, 4096, 0
2216, 489403, 1, 4096, 0
2217, 495402, 1, 4096, 0
2217, 865097, 1, 4096, 0
2218, 889032, 1, 4096, 0
2218, 9065, 1, 4096, 0
2218, 15838, 1, 4096, 0
2218, 4152, 1, 4096, 0
2218, 2904, 1, 4096, 0
2218, 3108, 1, 4096, 0
2218, 3919, 1, 4096, 0
2218, 3870, 1, 4096, 0
2220, 1659481, 1, 4096, 0
2221, 696017, 1, 4096, 0
2221, 4553, 1, 4096, 0
2221, 106981, 1, 4096, 0
2221, 7482, 1, 4096, 0
2221, 3222, 1, 4096, 0
2221, 3928, 1, 4096, 0
2221, 2614, 1, 4096, 0
2221, 2504, 1, 4096, 0
2221, 3211, 1, 4096, 0
2221, 2926, 1, 4096, 0
2224, 3008036, 1, 4096, 0
2224, 8076, 1, 4096, 0
2224, 3653, 1, 4096, 0
2224, 2600, 1, 4096, 0
2224, 1820, 1, 4096, 0
2224, 2313, 1, 4096, 0
2224, 2848, 1, 4096, 0
2224, 1886, 1, 4096, 0
2225, 871183, 1, 4096, 0
2225, 10050, 1, 4096, 0
2225, 4315, 1, 4096, 0
2225, 2861, 1, 4096, 0
2225, 2881, 1, 4096, 0
2226, 1314557, 1, 4096, 0
2226, 9038, 1, 4096, 0
2227, 1063730, 1, 4096, 0
2228, 520217, 1, 4096, 0
2228, 11159, 1, 4096, 0
2228, 3665, 1, 4096, 0
2228, 4385, 1, 4096, 0
2228, 2307, 1, 4096, 0
2228, 9014, 1, 4096, 0
2228, 3776, 1, 4096, 0
2228, 3910, 1, 4096, 0
2230, 1837949, 1, 4096, 0
2230, 270783, 1, 4096, 0
2230, 5197, 1, 4096, 0
2230, 76325, 1, 4096, 0
2230, 3818, 1, 4096, 0
2230, 3686, 1, 4096, 0
2230, 83804, 1, 4096, 0
2230, 17199, 1, 4096, 0
2232, 1714287, 1, 4096, 0
2232, 282577, 1, 4096, 0
2232, 27219, 1, 4096, 0
2233, 526115, 1, 4096, 0
2233, 3458, 1, 4096, 0
2233, 3291, 1, 4096, 0
2234, 1293643, 1, 4096, 0
2234, 132943, 1, 4096, 0
2235, 591077, 1, 4096, 0
2235, 371826, 1, 4096, 0
2235, 95016, 1, 4096, 0
2235, 244565, 1, 4096, 0
2235, 10242, 1, 4096, 0
2236, 5271, 1, 4096, 0
2236, 3834, 1, 4096, 0
2236, 4273, 1, 4096, 0
2236, 3721, 1, 4096, 0
2236, 2535, 1, 4096, 0
2236, 3336, 1, 4096, 0
2238, 2182860, 1, 4096, 0
2238, 281921, 1, 4096, 0
2238, 139319, 1, 4096, 0
2240, 1596721, 1, 4096, 0
2240, 8935, 1, 4096, 0
2240, 5466, 1, 4096, 0
2240, 4575, 1, 4096, 0
2240, 3805, 1, 4096, 0
2242, 1966573, 1, 4096, 0
2242, 6946, 1, 4096, 0
2242, 4543, 1, 4096, 0
2242, 3698, 1, 4096, 0
2242, 2473, 1, 4096, 0
2242, 2704, 1, 4096, 0
2242, 2703, 1, 4096, 0
2242, 2851, 1, 4096, 0
2245, 3245764, 1, 4096, 0
2245, 7738, 1, 4096, 0
2246, 730060, 1, 4096, 0
2246, 269234, 1, 4096, 0
2246, 4844, 1, 4096, 0
2247, 1332373, 1, 4096, 0
2247, 8704, 1, 4096, 0
2247, 3336, 1, 4096, 0
2248, 796972, 1, 4096, 0
2249, 904433, 1, 4096, 0
2249, 5780, 1, 4096, 0
2250, 493388, 1, 4096, 0
2250, 294315, 1, 4096, 0
2250, 319978, 1, 4096, 0
2251, 1136176, 1, 4096, 0
2251, 6762, 1, 4096, 0
2251, 3326, 1, 4096, 0
2252, 158112, 1, 4096, 0
2252, 312826, 1, 4096, 0
2252, 460585, 1, 4096, 0
2253, 715646, 1, 4096, 0
2254, 612958, 1, 4096, 0
2254, 469755, 1, 4096, 0
2255, 312967, 1, 4096, 0
2255, 7517, 1, 4096, 0
2255, 4441, 1, 4096, 0
2255, 3521, 1, 4096, 0
2255, 3566, 1, 4096, 0
2255, 3290, 1, 4096, 0
2255, 2844, 1, 4096, 0
2255, 5443, 1, 4096, 0
2257, 2246826, 1, 4096, 0
2257, 8391, 1, 4096, 0
2257, 3506, 1, 4096, 0
2257, 3355, 1, 4096, 0
2257, 24476, 1, 4096, 0
2257, 15517, 1, 4096, 0
2257, 4010, 1, 4096, 0
2257, 3508, 1, 4096, 0
2258, 1034605, 1, 4096, 0
2258, 8673, 1, 4096, 0
2258, 3669, 1, 4096, 0
2258, 2999, 1, 4096, 0
2258, 2405, 1, 4096, 0
2258, 2292, 1, 4096, 0
2258, 2674, 1, 4096, 0
2258, 2833, 1, 4096, 0
2260, 1573831, 1, 4096, 0
2260, 6108, 1, 4096, 0
2260, 187949, 1, 4096, 0
2260, 113231, 1, 4096, 0
2261, 698160, 1, 4096, 0
2261, 260071, 1, 4096, 0
2263, 1847054, 1, 4096, 0
2263, 12096, 1, 4096, 0
2263, 3502, 1, 4096, 0
2263, 3203, 1, 4096, 0
2263, 3826, 1, 4096, 0
2263, 3282, 1, 4096, 0
2263, 4356, 1, 4096, 0
2263, 3954, 1, 4096, 0
2266, 2775890, 1, 4096, 0
2266, 7505, 1, 4096, 0
2266, 3482, 1, 4096, 0
2266, 2872, 1, 4096, 0
2266, 2315, 1, 4096, 0
2266, 2451, 1, 4096, 0
2266, 2738, 1, 4096, 0
2266, 2504, 1, 4096, 0
2267, 1437093, 1, 4096, 0
2267, 8489, 1, 4096, 0
2267, 3451, 1, 4096, 0
2268, 628360, 1, 4096, 0
2268, 532673, 1, 4096, 0
2268, 34149, 1, 4096, 0
2269, 497901, 1, 4096, 0
2269, 545958, 1, 4096, 0
2270, 561701, 1, 4096, 0
2271, 740728, 1, 4096, 0
2271, 185060, 1, 4096, 0
2271, 25716, 1, 4096, 0
2271, 557219, 1, 4096, 0
2271, 8643, 1, 4096, 0
2272, 275064, 1, 4096, 0
2272, 504373, 1, 4096, 0
2273, 446710, 1, 4096, 0
2273, 8353, 1, 4096, 0
2273, 5164, 1, 4096, 0
2273, 3064, 1, 4096, 0
2273, 3719, 1, 4096, 0
2273, 3026, 1, 4096, 0
2273, 3778, 1, 4096, 0
2273, 4209, 1, 4096, 0
2273, 51595, 1, 4096, 0
2273, 7958, 1, 4096, 0
2273, 2643, 1, 4096, 0
2273, 2055, 1, 4096, 0
2273, 2193, 1, 4096, 0
2273, 1649, 1, 4096, 0
2273, 2617, 1, 4096, 0
2273, 2829, 1, 4096, 0
2274, 1006310, 1, 4096, 0
2274, 6140, 1, 4096, 0
2274, 2396, 1, 4096, 0
2274, 3011, 1, 4096, 0
2274, 3616, 1, 4096, 0
2274, 8779, 1, 4096, 0
2274, 49557, 1, 4096, 0
2275, 600144, 1, 4096, 0
2276, 598194, 1, 4096, 0
2276, 378245, 1, 4096, 0
2276, 296517, 1, 4096, 0
2276, 52324, 1, 4096, 0
2277, 323257, 1, 4096, 0
2277, 376517, 1, 4096, 0
2278, 1308386, 1, 4096, 0
2278, 10299, 1, 4096, 0
2278, 3455, 1, 4096, 0
2278, 2956, 1, 4096, 0
2278, 3784, 1, 4096, 0
2278, 2958, 1, 4096, 0
2278, 3177, 1, 4096, 0
2278, 4436, 1, 4096, 0
2281, 2360125, 1, 4096, 0
2281, 7376, 1, 4096, 0
2281, 229953, 1, 4096, 0
2281, 4441, 1, 4096, 0
2281, 281289, 1, 4096, 0
2281, 104491, 1, 4096, 0
2283, 1308613, 1, 4096, 0
2283, 9629, 1, 4096, 0
2283, 4105, 1, 4096, 0
2283, 3847, 1, 4096, 0
2283, 3804, 1, 4096, 0
2283, 3963, 1, 4096, 0
2283, 3717, 1, 4096, 0
2283, 4016, 1, 4096, 0
2284, 1422000, 1, 4096, 0
2284, 8322, 1, 4096, 0
2284, 3357, 1, 4096, 0
2284, 3056, 1, 4096, 0
2284, 3104, 1, 4096, 0
2284, 3980, 1, 4096, 0
2284, 3373, 1, 4096, 0
2284, 25336, 1, 4096, 0
2287, 2357372, 1, 4096, 0
2287, 6619, 1, 4096, 0
2287, 3118, 1, 4096, 0
2287, 2825, 1, 4096, 0
2287, 182476, 1, 4096, 0
2287, 23723, 1, 4096, 0
2287, 126382, 1, 4096, 0
2287, 7128, 1, 4096, 0
2287, 3236, 1, 4096, 0
2287, 3584, 1, 4096, 0
2288, 480999, 1, 4096, 0
2288, 5268, 1, 4096, 0
2288, 3789, 1, 4096, 0
2288, 645961, 1, 4096, 0
2288, 5229, 1, 4096, 0
2288, 2559, 1, 4096, 0
2288, 2851, 1, 4096, 0
2288, 2711, 1, 4096, 0
2288, 3271, 1, 4096, 0
2288, 2728, 1, 4096, 0
2288, 2969, 1, 4096, 0
2288, 103142, 1, 4096, 0
2289, 200784, 1, 4096, 0
2289, 6700, 1, 4096, 0
2289, 7443, 1, 4096, 0
2290, 678019, 1, 4096, 0
2290, 5702, 1, 4096, 0
2290, 3246, 1, 4096, 0
2290, 8260, 1, 4096, 0
2290, 6445, 1, 4096, 0
2291, 9333, 1, 4096, 0
2291, 7392, 1, 4096, 0
2291, 12474, 1, 4096, 0
2291, 5542, 1, 4096, 0
2291, 3319, 1, 4096, 0
2291, 2509, 1, 4096, 0
2292, 710844, 1, 4096, 0
2292, 7937, 1, 4096, 0
2292, 3065, 1, 4096, 0
2292, 3129, 1, 4096, 0
2292, 3420, 1, 4096, 0
2292, 74104, 1, 4096, 0
2292, 7047, 1, 4096, 0
2292, 3547, 1, 4096, 0
2293, 313152, 1, 4096, 0
2293, 134738, 1, 4096, 0
2293, 9392, 1, 4096, 0
2293, 29186, 1, 4096, 0
2293, 7512, 1, 4096, 0
2293, 217875, 1, 4096, 0
2293, 55541, 1, 4096, 0
2293, 41842, 1, 4096, 0
2293, 15384, 1, 4096, 0
2293, 3178, 1, 4096, 0
2293, 7986, 1, 4096, 0
2294, 5840, 1, 4096, 0
2294, 9451, 1, 4096, 0
2294, 3624, 1, 4096, 0
2294, 3263, 1, 4096, 0
2294, 5642, 1, 4096, 0
2294, 4228, 1, 4096, 0
2295, 437250, 1, 4096, 0
2295, 450492, 1, 4096, 0
2295, 6376, 1, 4096, 0
2295, 5191, 1, 4096, 0
2295, 3389, 1, 4096, 0
2295, 3085, 1, 4096, 0
2296, 9980, 1, 4096, 0
2296, 8404, 1, 4096, 0
2296, 6894, 1, 4096, 0
2296, 8021, 1, 4096, 0
2296, 3405, 1, 4096, 0
2296, 2904, 1, 4096, 0
2297, 7487, 1, 4096, 0
2297, 425343, 1, 4096, 0
2297, 349252, 1, 4096, 0
2298, 407812, 1, 4096, 0
2299, 1386705, 1, 4096, 0
2300, 811384, 1, 4096, 0
2300, 11322, 1, 4096, 0
2300, 210755, 1, 4096, 0
2301, 480809, 1, 4096, 0
2301, 5969, 1, 4096, 0
2301, 3958, 1, 4096, 0
2303, 2280187, 1, 4096, 0
2303, 6883, 1, 4096, 0
2303, 3755, 1, 4096, 0
2303, 130117, 1, 4096, 0
2303, 4045, 1, 4096, 0
2303, 116229, 1, 4096, 0
2303, 7748, 1, 4096, 0
2303, 3300, 1, 4096, 0
2303, 2724, 1, 4096, 0
2303, 2647, 1, 4096, 0
2303, 2964, 1, 4096, 0
2303, 3170, 1, 4096, 0
2303, 3266, 1, 4096, 0
2305, 2091787, 1, 4096, 0
2305, 8436, 1, 4096, 0
2305, 4281, 1, 4096, 0
2305, 3854, 1, 4096, 0
2305, 4273, 1, 4096, 0
2305, 3242, 1, 4096, 0
2305, 3030, 1, 4096, 0
2305, 5022, 1, 4096, 0
2308, 2466849, 1, 4096, 0
2308, 165357, 1, 4096, 0
2309, 448548, 1, 4096, 0
2309, 16029, 1, 4096, 0
2309, 861069, 1, 4096, 0
2310, 151508, 1, 4096, 0
2310, 134123, 1, 4096, 0
2311, 823680, 1, 4096, 0
2311, 63192, 1, 4096, 0
2311, 462050, 1, 4096, 0
2312, 463597, 1, 4096, 0
2312, 17793, 1, 4096, 0
2313, 1094076, 1, 4096, 0
2314, 856872, 1, 4096, 0
2314, 13015, 1, 4096, 0
2314, 306668, 1, 4096, 0
2314, 105388, 1, 4096, 0
2314, 80760, 1, 4096, 0
2314, 303561, 1, 4096, 0
2316, 1454087, 1, 4096, 0
2316, 447703, 1, 4096, 0
2317, 216831, 1, 4096, 0
2318, 1311160, 1, 4096, 0
2318, 148603, 1, 4096, 0
2318, 13138, 1, 4096, 0
2318, 212619, 1, 4096, 0
2318, 15217, 1, 4096, 0
2320, 1604223, 1, 4096, 0
2320, 9516, 1, 4096, 0
2321, 1284692, 1, 4096, 0
2321, 5634, 1, 4096, 0
2321, 1928, 1, 4096, 0
2321, 3812, 1, 4096, 0
2323, 1469956, 1, 4096, 0
2323, 5608, 1, 4096, 0
2323, 3289, 1, 4096, 0
2323, 3009, 1, 4096, 0
2323, 3877, 1, 4096, 0
2323, 3312, 1, 4096, 0
2323, 2737, 1, 4096, 0
2323, 2675, 1, 4096, 0
2325, 2266111, 1, 4096, 0
2326, 1101070, 1, 4096, 0
2327, 643170, 1, 4096, 0
2327, 215551, 1, 4096, 0
2327, 7167, 1, 4096, 0
2327, 3036, 1, 4096, 0
2327, 3991, 1, 4096, 0
2327, 2653, 1, 4096, 0
2327, 3622, 1, 4096, 0
2327, 3276, 1, 4096, 0
2327, 3209, 1, 4096, 0
2329, 2394126, 1, 4096, 0
2329, 8576, 1, 4096, 0
2329, 3633, 1, 4096, 0
2329, 15478, 1, 4096, 0
2329, 3627, 1, 4096, 0
2329, 3661, 1, 4096, 0
2329, 3032, 1, 4096, 0
2329, 2968, 1, 4096, 0
2333, 3142061, 1, 4096, 0
2333, 201456, 1, 4096, 0
2333, 3873, 1, 4096, 0
2333, 477573, 1, 4096, 0
2334, 537913, 1, 4096, 0
2334, 337517, 1, 4096, 0
2335, 464739, 1, 4096, 0
2335, 10542, 1, 4096, 0
2335, 808981, 1, 4096, 0
2336, 227455, 1, 4096, 0
2336, 104290, 1, 4096, 0
2336, 3029, 1, 4096, 0
2337, 1368161, 1, 4096, 0
2337, 7432, 1, 4096, 0
2338, 646893, 1, 4096, 0
2338, 5181, 1, 4096, 0
2338, 208261, 1, 4096, 0
2338, 60680, 1, 4096, 0
2339, 411947, 1, 4096, 0
2341, 2109174, 1, 4096, 0
2341, 77402, 1, 4096, 0
2341, 6493, 1, 4096, 0
2341, 2579, 1, 4096, 0
2341, 2541, 1, 4096, 0
2341, 2636, 1, 4096, 0
2341, 3274, 1, 4096, 0
2341, 3436, 1, 4096, 0
2341, 3142, 1, 4096, 0
2343, 1967692, 1, 4096, 0
2343, 387996, 1, 4096, 0
2343, 333098, 1, 4096, 0
2344, 107997, 1, 4096, 0
2344, 422843, 1, 4096, 0
2345, 743997, 1, 4096, 0
2345, 115196, 1, 4096, 0
2346, 1594685, 1, 4096, 0
2346, 7083, 1, 4096, 0
2347, 378766, 1, 4096, 0
2347, 7277, 1, 4096, 0
2347, 3421, 1, 4096, 0
2347, 3085, 1, 4096, 0
2347, 2698, 1, 4096, 0
2347, 2807, 1, 4096, 0
2347, 3069, 1, 4096, 0
2347, 3309, 1, 4096, 0
2351, 4327068, 1, 4096, 0
2351, 8203, 1, 4096, 0
2352, 348461, 1, 4096, 0
2352, 199654, 1, 4096, 0
2352, 9547, 1, 4096, 0
2352, 3956, 1, 4096, 0
2352, 3781, 1, 4096, 0
2352, 3746, 1, 4096, 0
2352, 3549, 1, 4096, 0
2352, 3502, 1, 4096, 0
2352, 2888, 1, 4096, 0
2353, 726640, 1, 4096, 0
2353, 7917, 1, 4096, 0
2353, 2836, 1, 4096, 0
2353, 1956, 1, 4096, 0
2353, 2242, 1, 4096, 0
2353, 1861, 1, 4096, 0
2353, 2184, 1, 4096, 0
2353, 3119, 1, 4096, 0
2354, 1517250, 1, 4096, 0
2354, 8876, 1, 4096, 0
2354, 4688, 1, 4096, 0
2354, 3286, 1, 4096, 0
2354, 3221, 1, 4096, 0
2354, 4284, 1, 4096, 0
2354, 4659, 1, 4096, 0
2354, 5175, 1, 4096, 0
2357, 2399643, 1, 4096, 0
2357, 44526, 1, 4096, 0
2357, 240620, 1, 4096, 0
2357, 27262, 1, 4096, 0
2357, 3459, 1, 4096, 0
2357, 2778, 1, 4096, 0
2359, 1904072, 1, 4096, 0
2359, 249424, 1, 4096, 0
2359, 4605, 1, 4096, 0
2359, 33959, 1, 4096, 0
2360, 57923, 1, 4096, 0
2360, 364036, 1, 4096, 0
2360, 3250, 1, 4096, 0
2361, 1331159, 1, 4096, 0
2362, 409650, 1, 4096, 0
2362, 341502, 1, 4096, 0
2362, 8621, 1, 4096, 0
2363, 882927, 1, 4096, 0
2363, 363925, 1, 4096, 0
2364, 488564, 1, 4096, 0
2364, 24464, 1, 4096, 0
2364, 174003, 1, 4096, 0
2364, 208564, 1, 4096, 0
2364, 203020, 1, 4096, 0
2366, 1315874, 1, 4096, 0
2367, 1025827, 1, 4096, 0
2367, 278144, 1, 4096, 0
2367, 3919, 1, 4096, 0
2367, 170745, 1, 4096, 0
2367, 3900, 1, 4096, 0
2370, 2914764, 1, 4096, 0
2370, 7406, 1, 4096, 0
2370, 3224, 1, 4096, 0
2370, 145467, 1, 4096, 0
2371, 578959, 1, 4096, 0
2372, 707722, 1, 4096, 0
2372, 105707, 1, 4096, 0
2372, 356239, 1, 4096, 0
2373, 836410, 1, 4096, 0
2373, 11775, 1, 4096, 0
2373, 3700, 1, 4096, 0
2373, 5336, 1, 4096, 0
2373, 4928, 1, 4096, 0
2373, 3890, 1, 4096, 0
2373, 4543, 1, 4096, 0
2373, 3457, 1, 4096, 0
2375, 1605786, 1, 4096, 0
2375, 9569, 1, 4096, 0
2375, 6660, 1, 4096, 0
2375, 3935, 1, 4096, 0
2375, 202172, 1, 4096, 0
2375, 102281, 1, 4096, 0
2375, 388642, 1, 4096, 0
2377, 1314266, 1, 4096, 0
2377, 288067, 1, 4096, 0
2377, 525288, 1, 4096, 0
2378, 72866, 1, 4096, 0
2378, 378801, 1, 4096, 0
2378, 7508, 1, 4096, 0
2378, 3544, 1, 4096, 0
2378, 2556, 1, 4096, 0
2379, 1513785, 1, 4096, 0
2380, 833780, 1, 4096, 0
2381, 777115, 1, 4096, 0
2381, 7366, 1, 4096, 0
2381, 344139, 1, 4096, 0
2381, 6992, 1, 4096, 0
2381, 3576, 1, 4096, 0
2381, 3984, 1, 4096, 0
2381, 3504, 1, 4096, 0
2381, 3783, 1, 4096, 0
2381, 3075, 1, 4096, 0
2381, 4104, 1, 4096, 0
2382, 697853, 1, 4096, 0
2382, 6090, 1, 4096, 0
2382, 3258, 1, 4096, 0
2382, 3057, 1, 4096, 0
2382, 3420, 1, 4096, 0
2382, 3252, 1, 4096, 0
2382, 2932, 1, 4096, 0
2382, 2895, 1, 4096, 0
2383, 1281170, 1, 4096, 0
2383, 8269, 1, 4096, 0
2384, 568220, 1, 4096, 0
2385, 842865, 1, 4096, 0
2385, 8747, 1, 4096, 0
2385, 3796, 1, 4096, 0
2385, 271002, 1, 4096, 0
2385, 8008, 1, 4096, 0
2385, 3244, 1, 4096, 0
2385, 2431, 1, 4096, 0
2385, 3373, 1, 4096, 0
2385, 4094, 1, 4096, 0
2385, 3017, 1, 4096, 0
2385, 4919, 1, 4096, 0
2387, 1783127, 1, 4096, 0
2387, 6487, 1, 4096, 0
2387, 2452, 1, 4096, 0
2387, 2347, 1, 4096, 0
2387, 2242, 1, 4096, 0
2387, 2999, 1, 4096, 0
2387, 269027, 1, 4096, 0
2388, 944078, 1, 4096, 0
2388, 6747, 1, 4096, 0
2388, 4097, 1, 4096, 0
2388, 3019, 1, 4096, 0
2388, 12332, 1, 4096, 0
2388, 3209, 1, 4096, 0
2388, 3254, 1, 4096, 0
2388, 3005, 1, 4096, 0
2388, 106302, 1, 4096, 0
2388, 5910, 1, 4096, 0
2389, 5460, 1, 4096, 0
2389, 2894, 1, 4096, 0
2389, 6876, 1, 4096, 0
2389, 4990, 1, 4096, 0
2389, 7780, 1, 4096, 0
2389, 4815, 1, 4096, 0
2389, 8953, 1, 4096, 0
2391, 986240, 1, 4096, 0
2391, 303091, 1, 4096, 0
2391, 142930, 1, 4096, 0
2391, 3919, 1, 4096, 0
2392, 454976, 1, 4096, 0
2392, 291736, 1, 4096, 0
2392, 168941, 1, 4096, 0
2392, 6946, 1, 4096, 0
2392, 3004, 1, 4096, 0
2392, 5432, 1, 4096, 0
2393, 1038206, 1, 4096, 0
2393, 5061, 1, 4096, 0
2393, 2169, 1, 4096, 0
2394, 373149, 1, 4096, 0
2394, 880178, 1, 4096, 0
2394, 6151, 1, 4096, 0
2394, 3491, 1, 4096, 0
2394, 2992, 1, 4096, 0
2394, 2637, 1, 4096, 0
2394, 3291, 1, 4096, 0
2394, 2931, 1, 4096, 0
2394, 2661, 1, 4096, 0
2398, 3117668, 1, 4096, 0
2398, 813215, 1, 4096, 0
2398, 39732, 1, 4096, 0
2398, 3407, 1, 4096, 0
2399, 305574, 1, 4096, 0
2399, 16423, 1, 4096, 0
2399, 339382, 1, 4096, 0
2399, 7545, 1, 4096, 0
2399, 2704, 1, 4096, 0
2399, 2847, 1, 4096, 0
2399, 4556, 1, 4096, 0
2399, 2646, 1, 4096, 0
2399, 3363, 1, 4096, 0
2399, 3143, 1, 4096, 0
2400, 1258321, 1, 4096, 0
2400, 9439, 1, 4096, 0
2400, 3418, 1, 4096, 0
2400, 3322, 1, 4096, 0
2400, 3530, 1, 4096, 0
2400, 3349, 1, 4096, 0
2401, 2648, 1, 4096, 0
2401, 2420, 1, 4096, 0
2403, 2411259, 1, 4096, 0
2403, 7645, 1, 4096, 0
2403, 389782, 1, 4096, 0
2403, 18318, 1, 4096, 0
2404, 314250, 1, 4096, 0
2404, 226827, 1, 4096, 0
2404, 4138, 1, 4096, 0
2404, 2837, 1, 4096, 0
2406, 1774285, 1, 4096, 0
2407, 1130441, 1, 4096, 0
2407, 8441, 1, 4096, 0
2407, 60422, 1, 4096, 0
2407, 7483, 1, 4096, 0
2407, 4064, 1, 4096, 0
2407, 3411, 1, 4096, 0
2407, 3162, 1, 4096, 0
2407, 3935, 1, 4096, 0
2407, 3232, 1, 4096, 0
2407, 2782, 1, 4096, 0
2409, 2214340, 1, 4096, 0
2410, 1184414, 1, 4096, 0
2410, 9673, 1, 4096, 0
2411, 838358, 1, 4096, 0
2411, 5206, 1, 4096, 0
2411, 3153, 1, 4096, 0
2411, 2702, 1, 4096, 0
2411, 2637, 1, 4096, 0
2411, 2335, 1, 4096, 0
2411, 2470, 1, 4096, 0
2411, 2803, 1, 4096, 0
2412, 349609, 1, 4096, 0
2412, 5543, 1, 4096, 0
2412, 3221, 1, 4096, 0
2412, 3331, 1, 4096, 0
2412, 3214, 1, 4096, 0
2412, 3321, 1, 4096, 0
2412, 4261, 1, 4096, 0
2412, 3812, 1, 4096, 0
2412, 203261, 1, 4096, 0
2412, 7072, 1, 4096, 0
2412, 2937, 1, 4096, 0
2412, 6323, 1, 4096, 0
2412, 2310, 1, 4096, 0
2412, 7334, 1, 4096, 0
2413, 6650, 1, 4096, 0
2414, 333109, 1, 4096, 0
2415, 1105037, 1, 4096, 0
2415, 5267, 1, 4096, 0
2415, 20461, 1, 4096, 0
2415, 6811, 1, 4096, 0
2415, 3311, 1, 4096, 0
2415, 2893, 1, 4096, 0
2416, 550888, 1, 4096, 0
2416, 4985, 1, 4096, 0
2416, 3398, 1, 4096, 0
2416, 396673, 1, 4096, 0
2416, 5480, 1, 4096, 0
2416, 2714, 1, 4096, 0
2416, 1943, 1, 4096, 0
2418, 1900333, 1, 4096, 0
2419, 656940, 1, 4096, 0
2419, 245097, 1, 4096, 0
2419, 5640, 1, 4096, 0
2419, 267161, 1, 4096, 0
2420, 563592, 1, 4096, 0
2420, 4326, 1, 4096, 0
2420, 226692, 1, 4096, 0
2421, 845694, 1, 4096, 0
2422, 666328, 1, 4096, 0
2422, 8353, 1, 4096, 0
2423, 1039637, 1, 4096, 0
2423, 6335, 1, 4096, 0
2423, 3685, 1, 4096, 0
2423, 2906, 1, 4096, 0
2423, 189096, 1, 4096, 0
2424, 803122, 1, 4096, 0
2425, 1568840, 1, 4096, 0
2425, 12825, 1, 4096, 0
2425, 4169, 1, 4096, 0
2425, 3762, 1, 4096, 0
2425, 3332, 1, 4096, 0
2426, 669308, 1, 4096, 0
2426, 4632, 1, 4096, 0
2427, 1247602, 1, 4096, 0
2427, 8421, 1, 4096, 0
2428, 240039, 1, 4096, 0
2428, 218059, 1, 4096, 0
2428, 4156, 1, 4096, 0
2428, 181885, 1, 4096, 0
2429, 1335447, 1, 4096, 0
2429, 18486, 1, 4096, 0
2430, 252141, 1, 4096, 0
2430, 278328, 1, 4096, 0
2430, 487020, 1, 4096, 0
2431, 213321, 1, 4096, 0
2431, 3765, 1, 4096, 0
2431, 240858, 1, 4096, 0
2432, 1405632, 1, 4096, 0
2432, 7084, 1, 4096, 0
2433, 821360, 1, 4096, 0
2433, 6648, 1, 4096, 0
2434, 800736, 1, 4096, 0
2434, 4495, 1, 4096, 0
2434, 3738, 1, 4096, 0
2434, 163023, 1, 4096, 0
2434, 329827, 1, 4096, 0
2436, 1096692, 1, 4096, 0
2436, 643811, 1, 4096, 0
2437, 846178, 1, 4096, 0
2437, 6701, 1, 4096, 0
2437, 400715, 1, 4096, 0
2437, 4332, 1, 4096, 0
2437, 2642, 1, 4096, 0
2437, 3416, 1, 4096, 0
2437, 2933, 1, 4096, 0
2437, 2939, 1, 4096, 0
2437, 2693, 1, 4096, 0
2437, 4596, 1, 4096, 0
2441, 3138188, 1, 4096, 0
2441, 5915, 1, 4096, 0
2441, 4687, 1, 4096, 0
2441, 591829, 1, 4096, 0
2442, 441907, 1, 4096, 0
2442, 5221, 1, 4096, 0
2442, 55093, 1, 4096, 0
2442, 6339, 1, 4096, 0
2442, 3254, 1, 4096, 0
2442, 4254, 1, 4096, 0
2442, 2468, 1, 4096, 0
2442, 2784, 1, 4096, 0
2442, 3796, 1, 4096, 0
2442, 3760, 1, 4096, 0
2446, 3738810, 1, 4096, 0
2446, 392210, 1, 4096, 0
2446, 164630, 1, 4096, 0
2446, 98017, 1, 4096, 0
2447, 433483, 1, 4096, 0
2447, 5617, 1, 4096, 0
2447, 3511, 1, 4096, 0
2447, 77461, 1, 4096, 0
2448, 1061867, 1, 4096, 0
2448, 31876, 1, 4096, 0
2448, 206061, 1, 4096, 0
2448, 4315, 1, 4096, 0
2449, 1262241, 1, 4096, 0
2449, 6261, 1, 4096, 0
2449, 3684, 1, 4096, 0
2450, 489709, 1, 4096, 0
2450, 249815, 1, 4096, 0
2450, 4105, 1, 4096, 0
2450, 2273, 1, 4096, 0
2450, 1928, 1, 4096, 0
2450, 2293, 1, 4096, 0
2450, 2742, 1, 4096, 0
2450, 3240, 1, 4096, 0
2450, 3270, 1, 4096, 0
2453, 3006082, 1, 4096, 0
2453, 78819, 1, 4096, 0
2453, 221291, 1, 4096, 0
2453, 3764, 1, 4096, 0
2453, 2281, 1, 4096, 0
2454, 283928, 1, 4096, 0
2454, 119358, 1, 4096, 0
2454, 9624, 1, 4096, 0
2454, 5031, 1, 4096, 0
2454, 4338, 1, 4096, 0
2454, 2901, 1, 4096, 0
2454, 3495, 1, 4096, 0
2454, 4828, 1, 4096, 0
2454, 3779, 1, 4096, 0
2456, 1619226, 1, 4096, 0
2456, 6176, 1, 4096, 0
2456, 4025, 1, 4096, 0
2456, 3747, 1, 4096, 0
2456, 4103, 1, 4096, 0
2456, 6598, 1, 4096, 0
2456, 3031, 1, 4096, 0
2456, 3424, 1, 4096, 0
2457, 1617452, 1, 4096, 0
2457, 5500, 1, 4096, 0
2457, 3220, 1, 4096, 0
2457, 2967, 1, 4096, 0
2457, 3022, 1, 4096, 0
2457, 6332, 1, 4096, 0
2458, 719150, 1, 4096, 0
2458, 4836, 1, 4096, 0
2460, 1379332, 1, 4096, 0
2460, 6922, 1, 4096, 0
2460, 3385, 1, 4096, 0
2460, 3627, 1, 4096, 0
2460, 4009, 1, 4096, 0
2460, 162637, 1, 4096, 0
2460, 194220, 1, 4096, 0
2460, 6798, 1, 4096, 0
2460, 2924, 1, 4096, 0
2460, 259952, 1, 4096, 0
2461, 1017228, 1, 4096, 0
2461, 6439, 1, 4096, 0
2462, 996465, 1, 4096, 0
2462, 8566, 1, 4096, 0
2463, 367228, 1, 4096, 0
2463, 700468, 1, 4096, 0
2464, 307363, 1, 4096, 0
2464, 5762, 1, 4096, 0
2465, 1177100, 1, 4096, 0
2465, 5868, 1, 4096, 0
2465, 498082, 1, 4096, 0
2465, 5222, 1, 4096, 0
2465, 3870, 1, 4096, 0
2465, 3455, 1, 4096, 0
2465, 3375, 1, 4096, 0
2465, 2627, 1, 4096, 0
2465, 2948, 1, 4096, 0
2466, 533685, 1, 4096, 0
2466, 5980, 1, 4096, 0
2466, 5059, 1, 4096, 0
2466, 3967, 1, 4096, 0
2466, 3194, 1, 4096, 0
2466, 3379, 1, 4096, 0
2466, 4179, 1, 4096, 0
2466, 164203, 1, 4096, 0
2466, 5444, 1, 4096, 0
2466, 185012, 1, 4096, 0
2467, 319585, 1, 4096, 0
2467, 101702, 1, 4096, 0
2468, 1099157, 1, 4096, 0
2468, 7802, 1, 4096, 0
2468, 340745, 1, 4096, 0
2468, 8334, 1, 4096, 0
2468, 3661, 1, 4096, 0
2468, 202095, 1, 4096, 0
2469, 258034, 1, 4096, 0
2469, 516182, 1, 4096, 0
2469, 5147, 1, 4096, 0
2469, 2329, 1, 4096, 0
2469, 146241, 1, 4096, 0
2470, 211440, 1, 4096, 0
2470, 459306, 1, 4096, 0
2471, 585200, 1, 4096, 0
2471, 718986, 1, 4096, 0
2471, 4275, 1, 4096, 0
2472, 143979, 1, 4096, 0
2472, 370701, 1, 4096, 0
2473, 980680, 1, 4096, 0
2473, 7657, 1, 4096, 0
2473, 3557, 1, 4096, 0
2473, 2135, 1, 4096, 0
2473, 2599, 1, 4096, 0
2473, 2735, 1, 4096, 0
2475, 1525486, 1, 4096, 0
2475, 374063, 1, 4096, 0
2476, 1316956, 1, 4096, 0
2476, 7870, 1, 4096, 0
2477, 903645, 1, 4096, 0
2477, 20044, 1, 4096, 0
2477, 3293, 1, 4096, 0
2477, 252985, 1, 4096, 0
2477, 5878, 1, 4096, 0
2480, 2110148, 1, 4096, 0
2480, 7474, 1, 4096, 0
2480, 438840, 1, 4096, 0
2480, 5764, 1, 4096, 0
2480, 444633, 1, 4096, 0
2480, 6592, 1, 4096, 0
2480, 3982, 1, 4096, 0
2481, 454274, 1, 4096, 0
2482, 1562313, 1, 4096, 0
2483, 7650, 1, 4096, 0
2483, 262868, 1, 4096, 0
2483, 8268, 1, 4096, 0
2483, 4171, 1, 4096, 0
2483, 4098, 1, 4096, 0
2483, 3962, 1, 4096, 0
2483, 3856, 1, 4096, 0
2483, 3563, 1, 4096, 0
2483, 3506, 1, 4096, 0
2485, 2104264, 1, 4096, 0
2486, 1080878, 1, 4096, 0
2486, 4603, 1, 4096, 0
2486, 8690, 1, 4096, 0
2486, 5680, 1, 4096, 0
2486, 246822, 1, 4096, 0
2486, 6198, 1, 4096, 0
2486, 4424, 1, 4096, 0
2486, 4203, 1, 4096, 0
2486, 13672, 1, 4096, 0
2486, 4147, 1, 4096, 0
2486, 3909, 1, 4096, 0
2486, 3129, 1, 4096, 0
2489, 2186304, 1, 4096, 0
2489, 455821, 1, 4096, 0
2489, 4899, 1, 4096, 0
2489, 240768, 1, 4096, 0
2490, 251900, 1, 4096, 0
2490, 501440, 1, 4096, 0
2491, 497243, 1, 4096, 0
2491, 187236, 1, 4096, 0
2491, 712037, 1, 4096, 0
2491, 9077, 1, 4096, 0
2491, 4529, 1, 4096, 0
2491, 3491, 1, 4096, 0
2491, 3966, 1, 4096, 0
2491, 4165, 1, 4096, 0
2491, 4472, 1, 4096, 0
2491, 4229, 1, 4096, 0
2494, 2255465, 1, 4096, 0
2494, 136415, 1, 4096, 0
2495, 1148273, 1, 4096, 0
2495, 8101, 1, 4096, 0
2495, 4473, 1, 4096, 0
2496, 588898, 1, 4096, 0
2496, 7555, 1, 4096, 0
2497, 1210894, 1, 4096, 0
2497, 588890, 1, 4096, 0
2497, 8527, 1, 4096, 0
2498, 253809, 1, 4096, 0
2498, 8901, 1, 4096, 0
2498, 3993, 1, 4096, 0
2498, 2595, 1, 4096, 0
2498, 2501, 1, 4096, 0
2498, 4618, 1, 4096, 0
2498, 3080, 1, 4096, 0
2498, 2077, 1, 4096, 0
2501, 3209462, 1, 4096, 0
2501, 11215, 1, 4096, 0
2501, 177328, 1, 4096, 0
2501, 185792, 1, 4096, 0
2501, 75070, 1, 4096, 0
2501, 4317, 1, 4096, 0
2501, 3354, 1, 4096, 0
2501, 3250, 1, 4096, 0
2501, 3146, 1, 4096, 0
2501, 3453, 1, 4096, 0
2501, 3600, 1, 4096, 0
2504, 2332206, 1, 4096, 0
2504, 419306, 1, 4096, 0
2505, 330226, 1, 4096, 0
2505, 7157, 1, 4096, 0
2505, 3217, 1, 4096, 0
2505, 328243, 1, 4096, 0
2505, 6000, 1, 4096, 0
2505, 4192, 1, 4096, 0
2505, 3247, 1, 4096, 0
2505, 3198, 1, 4096, 0
2505, 3031, 1, 4096, 0
2505, 3537, 1, 4096, 0
2505, 3301, 1, 4096, 0
2508, 2776244, 1, 4096, 0
2508, 5474, 1, 4096, 0
2508, 3447, 1, 4096, 0
2508, 681094, 1, 4096, 0
2509, 395973, 1, 4096, 0
2509, 4271, 1, 4096, 0
2510, 844340, 1, 4096, 0
2510, 687975, 1, 4096, 0
2511, 150831, 1, 4096, 0
2512, 1312699, 1, 4096, 0
2512, 3706, 1, 4096, 0
2512, 327785, 1, 4096, 0
2513, 405595, 1, 4096, 0
2513, 3743, 1, 4096, 0
2513, 832386, 1, 4096, 0
2513, 7033, 1, 4096, 0
2514, 279018, 1, 4096, 0
2514, 598266, 1, 4096, 0
2514, 4969, 1, 4096, 0
2515, 619686, 1, 4096, 0
2516, 798516, 1, 4096, 0
2517, 1037199, 1, 4096, 0
2517, 6625, 1, 4096, 0
2517, 349887, 1, 4096, 0
2517, 3825, 1, 4096, 0
2517, 2925, 1, 4096, 0
2517, 3195, 1, 4096, 0
2518, 430442, 1, 4096, 0
2519, 1242693, 1, 4096, 0
2520, 694912, 1, 4096, 0
2520, 6661, 1, 4096, 0
2520, 3046, 1, 4096, 0
2520, 3105, 1, 4096, 0
2520, 4014, 1, 4096, 0
2520, 156709, 1, 4096, 0
2521, 1192614, 1, 4096, 0
2521, 367697, 1, 4096, 0
2522, 195032, 1, 4096, 0
2522, 9447, 1, 4096, 0
2522, 4008, 1, 4096, 0
2522, 4164, 1, 4096, 0
2522, 3094, 1, 4096, 0
2522, 3239, 1, 4096, 0
2522, 3205, 1, 4096, 0
2522, 5579, 1, 4096, 0
2524, 2235715, 1, 4096, 0
2524, 7592, 1, 4096, 0
2524, 4073, 1, 4096, 0
2524, 3741, 1, 4096, 0
2524, 3408, 1, 4096, 0
2524, 3728, 1, 4096, 0
2524, 2808, 1, 4096, 0
2524, 149486, 1, 4096, 0
2524, 6483, 1, 4096, 0
2524, 3608, 1, 4096, 0
2524, 3272, 1, 4096, 0
2524, 3874, 1, 4096, 0
2524, 3121, 1, 4096, 0
2524, 3391, 1, 4096, 0
2524, 4107, 1, 4096, 0
2526, 1155058, 1, 4096, 0
2526, 7551, 1, 4096, 0
2527, 830150, 1, 4096, 0
2527, 259804, 1, 4096, 0
2527, 7165, 1, 4096, 0
2528, 844603, 1, 4096, 0
2528, 8256, 1, 4096, 0
2528, 3863, 1, 4096, 0
2528, 4383, 1, 4096, 0
2528, 3575, 1, 4096, 0
2528, 3931, 1, 4096, 0
2528, 3102, 1, 4096, 0
2528, 3364, 1, 4096, 0
2530, 2021676, 1, 4096, 0
2530, 8449, 1, 4096, 0
2530, 4247, 1, 4096, 0
2530, 2205, 1, 4096, 0
2530, 3056, 1, 4096, 0
2531, 965352, 1, 4096, 0
2532, 602271, 1, 4096, 0
2532, 66103, 1, 4096, 0
2532, 746563, 1, 4096, 0
2533, 7724, 1, 4096, 0
2533, 3701, 1, 4096, 0
2533, 4126, 1, 4096, 0
2533, 3433, 1, 4096, 0
2533, 3650, 1, 4096, 0
2533, 3489, 1, 4096, 0
2533, 2997, 1, 4096, 0
2534, 1286301, 1, 4096, 0
2534, 5876, 1, 4096, 0
2534, 2930, 1, 4096, 0
2535, 989966, 1, 4096, 0
2535, 517408, 1, 4096, 0
2535, 7586, 1, 4096, 0
2535, 115346, 1, 4096, 0
2535, 4856, 1, 4096, 0
2536, 703135, 1, 4096, 0
2537, 1056788, 1, 4096, 0
2537, 72214, 1, 4096, 0
2537, 125666, 1, 4096, 0
2538, 663053, 1, 4096, 0
2538, 154729, 1, 4096, 0
2538, 5899, 1, 4096, 0
2538, 2643, 1, 4096, 0
2538, 9353, 1, 4096, 0
2538, 2561, 1, 4096, 0
2538, 2996, 1, 4096, 0
2538, 2387, 1, 4096, 0
2538, 2146, 1, 4096, 0
2539, 690368, 1, 4096, 0
2539, 25711, 1, 4096, 0
2540, 473585, 1, 4096, 0
2540, 898064, 1, 4096, 0
2540, 4662, 1, 4096, 0
2540, 3856, 1, 4096, 0
2540, 3304, 1, 4096, 0
2540, 3150, 1, 4096, 0
2540, 4516, 1, 4096, 0
2541, 3427, 1, 4096, 0
2541, 3252, 1, 4096, 0
2541, 235704, 1, 4096, 0
2541, 7202, 1, 4096, 0
2541, 10040, 1, 4096, 0
2543, 1051866, 1, 4096, 0
2543, 9529, 1, 4096, 0
2543, 3757, 1, 4096, 0
2543, 5091, 1, 4096, 0
2544, 1064527, 1, 4096, 0
2544, 8807, 1, 4096, 0
2544, 3367, 1, 4096, 0
2544, 192033, 1, 4096, 0
2544, 6520, 1, 4096, 0
2545, 561255, 1, 4096, 0
2545, 483330, 1, 4096, 0
2546, 724664, 1, 4096, 0
2547, 702580, 1, 4096, 0
2547, 521562, 1, 4096, 0
2547, 7112, 1, 4096, 0
2547, 3560, 1, 4096, 0
2547, 3230, 1, 4096, 0
2547, 3086, 1, 4096, 0
2547, 2864, 1, 4096, 0
2547, 2769, 1, 4096, 0
2547, 3071, 1, 4096, 0
2548, 1106680, 1, 4096, 0
2548, 8577, 1, 4096, 0
2548, 4630, 1, 4096, 0
2548, 4914, 1, 4096, 0
2548, 3209, 1, 4096, 0
2548, 4347, 1, 4096, 0
2548, 3582, 1, 4096, 0
2548, 8584, 1, 4096, 0
2551, 2328595, 1, 4096, 0
2551, 5377, 1, 4096, 0
2551, 3420, 1, 4096, 0
2551, 556814, 1, 4096, 0
2551, 5906, 1, 4096, 0
2551, 133365, 1, 4096, 0
2552, 58306, 1, 4096, 0
2552, 8433, 1, 4096, 0
2552, 3822, 1, 4096, 0
2552, 3971, 1, 4096, 0
2552, 3070, 1, 4096, 0
2552, 2857, 1, 4096, 0
2552, 3247, 1, 4096, 0
2552, 3353, 1, 4096, 0
2552, 195444, 1, 4096, 0
2552, 7581, 1, 4096, 0
2552, 4239, 1, 4096, 0
2552, 4670, 1, 4096, 0
2552, 101720, 1, 4096, 0
2552, 464489, 1, 4096, 0
2552, 124474, 1, 4096, 0
2552, 4058, 1, 4096, 0
2553, 926966, 1, 4096, 0
2553, 6065, 1, 4096, 0
2554, 8363, 1, 4096, 0
2555, 681861, 1, 4096, 0
2555, 9176, 1, 4096, 0
2555, 4147, 1, 4096, 0
2555, 63208, 1, 4096, 0
2557, 2209846, 1, 4096, 0
2557, 11376, 1, 4096, 0
2557, 3404, 1, 4096, 0
2558, 355388, 1, 4096, 0
2559, 1483520, 1, 4096, 0
2560, 686043, 1, 4096, 0
2560, 8272, 1, 4096, 0
2560, 243216, 1, 4096, 0
2562, 1489479, 1, 4096, 0
2563, 952814, 1, 4096, 0
2563, 8034, 1, 4096, 0
2563, 401199, 1, 4096, 0
2563, 7471, 1, 4096, 0
2563, 84299, 1, 4096, 0
2563, 7480, 1, 4096, 0
2563, 3714, 1, 4096, 0
2563, 3492, 1, 4096, 0
2563, 3076, 1, 4096, 0
2563, 2994, 1, 4096, 0
2563, 2943, 1, 4096, 0
2563, 2943, 1, 4096, 0
2567, 3425882, 1, 4096, 0
2567, 287503, 1, 4096, 0
2567, 134330, 1, 4096, 0
2567, 61077, 1, 4096, 0
2567, 3975, 1, 4096, 0
2567, 57758, 1, 4096, 0
2567, 6503, 1, 4096, 0
2567, 3078, 1, 4096, 0
2567, 2118, 1, 4096, 0
2567, 2649, 1, 4096, 0
2567, 2941, 1, 4096, 0
2567, 2923, 1, 4096, 0
2567, 2873, 1, 4096, 0
2567, 283390, 1, 4096, 0
2568, 585161, 1, 4096, 0
2568, 8471, 1, 4096, 0
2568, 335554, 1, 4096, 0
2568, 7118, 1, 4096, 0
2568, 3644, 1, 4096, 0
2568, 4778, 1, 4096, 0
2568, 3452, 1, 4096, 0
2568, 3375, 1, 4096, 0
2568, 4668, 1, 4096, 0
2568, 2891, 1, 4096, 0
2571, 962349, 1, 4096, 0
2571, 5927, 1, 4096, 0
2571, 3187, 1, 4096, 0
2571, 893330, 1, 4096, 0
2572, 994710, 1, 4096, 0
2572, 5698, 1, 4096, 0
2572, 3462, 1, 4096, 0
2572, 3500, 1, 4096, 0
2572, 6956, 1, 4096, 0
2572, 3486, 1, 4096, 0
2573, 311162, 1, 4096, 0
2575, 1932144, 1, 4096, 0
2575, 7749, 1, 4096, 0
2575, 3454, 1, 4096, 0
2575, 580055, 1, 4096, 0
2575, 19211, 1, 4096, 0
2575, 4504, 1, 4096, 0
2576, 278961, 1, 4096, 0
2576, 578979, 1, 4096, 0
2578, 1452434, 1, 4096, 0
2578, 5708, 1, 4096, 0
2578, 90569, 1, 4096, 0
2578, 3494, 1, 4096, 0
2578, 3384, 1, 4096, 0
2578, 2980, 1, 4096, 0
2579, 1159657, 1, 4096, 0
2579, 5357, 1, 4096, 0
2580, 1456572, 1, 4096, 0
2580, 10047, 1, 4096, 0
2580, 3015, 1, 4096, 0
2580, 4021, 1, 4096, 0
2581, 279374, 1, 4096, 0
2582, 997620, 1, 4096, 0
2582, 295264, 1, 4096, 0
2583, 1130729, 1, 4096, 0
2584, 552459, 1, 4096, 0
2586, 2180491, 1, 4096, 0
2586, 6210, 1, 4096, 0
2586, 2601, 1, 4096, 0
2586, 154407, 1, 4096, 0
2587, 414034, 1, 4096, 0
2587, 6191, 1, 4096, 0
2587, 2669, 1, 4096, 0
2587, 3663, 1, 4096, 0
2588, 1860135, 1, 4096, 0
2589, 485381, 1, 4096, 0
2589, 65465, 1, 4096, 0
2589, 3358, 1, 4096, 0
2589, 226225, 1, 4096, 0
2589, 14675, 1, 4096, 0
2589, 229483, 1, 4096, 0
2591, 1417566, 1, 4096, 0
2591, 9144, 1, 4096, 0
2591, 182449, 1, 4096, 0
2591, 28185, 1, 4096, 0
2592, 448489, 1, 4096, 0
2592, 272055, 1, 4096, 0
2592, 113002, 1, 4096, 0
2592, 7826, 1, 4096, 0
2592, 3098, 1, 4096, 0
2592, 4699, 1, 4096, 0
2592, 3807, 1, 4096, 0
2592, 4059, 1, 4096, 0
2592, 3430, 1, 4096, 0
2592, 4095, 1, 4096, 0
2592, 162420, 1, 4096, 0
2592, 4288, 1, 4096, 0
2593, 783499, 1, 4096, 0
2593, 314153, 1, 4096, 0
2593, 138369, 1, 4096, 0
2594, 382212, 1, 4096, 0
2594, 388393, 1, 4096, 0
2596, 1969966, 1, 4096, 0
2596, 7923, 1, 4096, 0
2596, 4190, 1, 4096, 0
2596, 3668, 1, 4096, 0
2596, 5133, 1, 4096, 0
2596, 3589, 1, 4096, 0
2597, 715042, 1, 4096, 0
2597, 348732, 1, 4096, 0
2599, 2118835, 1, 4096, 0
2599, 8438, 1, 4096, 0
2599, 6303, 1, 4096, 0
2599, 3705, 1, 4096, 0
2599, 3394, 1, 4096, 0
2599, 3199, 1, 4096, 0
2599, 2848, 1, 4096, 0
2599, 3965, 1, 4096, 0
2600, 366212, 1, 4096, 0
2600, 7952, 1, 4096, 0
2600, 3443, 1, 4096, 0
2600, 2780, 1, 4096, 0
2600, 3360, 1, 4096, 0
2600, 3566, 1, 4096, 0
2600, 2931, 1, 4096, 0
2600, 3167, 1, 4096, 0
2602, 1691671, 1, 4096, 0
2602, 11227, 1, 4096, 0
2602, 4938, 1, 4096, 0
2602, 903144, 1, 4096, 0
2603, 8519, 1, 4096, 0
2603, 242326, 1, 4096, 0
2603, 4231, 1, 4096, 0
2604, 1200250, 1, 4096, 0
2604, 12212, 1, 4096, 0
2604, 3937, 1, 4096, 0
2604, 309565, 1, 4096, 0
2604, 3738, 1, 4096, 0
2604, 60447, 1, 4096, 0
2604, 7050, 1, 4096, 0
2604, 3949, 1, 4096, 0
2604, 3143, 1, 4096, 0
2604, 69228, 1, 4096, 0
2605, 714978, 1, 4096, 0
2605, 8601, 1, 4096, 0
2606, 521205, 1, 4096, 0
2606, 571831, 1, 4096, 0
2607, 220300, 1, 4096, 0
2607, 32606, 1, 4096, 0
2607, 642875, 1, 4096, 0
2607, 6596, 1, 4096, 0
2607, 262489, 1, 4096, 0
2608, 549606, 1, 4096, 0
2608, 6267, 1, 4096, 0
2609, 933963, 1, 4096, 0
2610, 641643, 1, 4096, 0
2610, 7335, 1, 4096, 0
2610, 3554, 1, 4096, 0
2610, 4175, 1, 4096, 0
2610, 4128, 1, 4096, 0
2610, 3184, 1, 4096, 0
2610, 4827, 1, 4096, 0
2610, 3477, 1, 4096, 0
2614, 4011003, 1, 4096, 0
2614, 8368, 1, 4096, 0
2614, 4637, 1, 4096, 0
2614, 3473, 1, 4096, 0
2614, 4433, 1, 4096, 0
2615, 955673, 1, 4096, 0
2615, 333106, 1, 4096, 0
2615, 7693, 1, 4096, 0
2615, 261629, 1, 4096, 0
2615, 8968, 1, 4096, 0
2615, 17742, 1, 4096, 0
2615, 3156, 1, 4096, 0
2615, 3226, 1, 4096, 0
2615, 2643, 1, 4096, 0
2615, 3188, 1, 4096, 0
2615, 3148, 1, 4096, 0
2618, 2658850, 1, 4096, 0
2619, 1158171, 1, 4096, 0
2619, 5169, 1, 4096, 0
2619, 4843, 1, 4096, 0
2619, 4015, 1, 4096, 0
2620, 959488, 1, 4096, 0
2621, 931756, 1, 4096, 0
2621, 7424, 1, 4096, 0
2622, 427451, 1, 4096, 0
2622, 364806, 1, 4096, 0
2622, 5588, 1, 4096, 0
2622, 70987, 1, 4096, 0
2624, 2043610, 1, 4096, 0
2624, 6491, 1, 4096, 0
2624, 3227, 1, 4096, 0
2624, 2746, 1, 4096, 0
2625, 630216, 1, 4096, 0
2625, 6310, 1, 4096, 0
2625, 445846, 1, 4096, 0
2627, 1393568, 1, 4096, 0
2627, 8519, 1, 4096, 0
2628, 1118453, 1, 4096, 0
2628, 5093, 1, 4096, 0
2628, 2669, 1, 4096, 0
2628, 564595, 1, 4096, 0
2630, 1744964, 1, 4096, 0
2630, 7032, 1, 4096, 0
2630, 3588, 1, 4096, 0
2630, 285376, 1, 4096, 0
2630, 7663, 1, 4096, 0
2630, 3533, 1, 4096, 0
2630, 3393, 1, 4096, 0
2630, 4267, 1, 4096, 0
2630, 3206, 1, 4096, 0
2630, 3238, 1, 4096, 0
2630, 3401, 1, 4096, 0
2633, 2228709, 1, 4096, 0
2633, 6898, 1, 4096, 0
2633, 3491, 1, 4096, 0
2633, 2898, 1, 4096, 0
2633, 3203, 1, 4096, 0
2634, 1302470, 1, 4096, 0
2634, 13769, 1, 4096, 0
2634, 3833, 1, 4096, 0
2636, 2281000, 1, 4096, 0
2636, 190529, 1, 4096, 0
2637, 197619, 1, 4096, 0
2637, 587895, 1, 4096, 0
2637, 5638, 1, 4096, 0
2637, 3284, 1, 4096, 0
2638, 679901, 1, 4096, 0
2638, 6154, 1, 4096, 0
2639, 1338596, 1, 4096, 0
2642, 2216091, 1, 4096, 0
2643, 1450410, 1, 4096, 0
2643, 6094, 1, 4096, 0
2643, 3772, 1, 4096, 0
2643, 2827, 1, 4096, 0
2643, 306891, 1, 4096, 0
2645, 1343126, 1, 4096, 0
2647, 2773968, 1, 4096, 0
2647, 6970, 1, 4096, 0
2647, 3158, 1, 4096, 0
2648, 2768, 1, 4096, 0
2648, 2847, 1, 4096, 0
2648, 357507, 1, 4096, 0
2649, 664845, 1, 4096, 0
2649, 581840, 1, 4096, 0
2651, 1974575, 1, 4096, 0
2651, 292473, 1, 4096, 0
2651, 82243, 1, 4096, 0
2652, 579064, 1, 4096, 0
2652, 6485, 1, 4096, 0
2652, 3174, 1, 4096, 0
2653, 420823, 1, 4096, 0
2654, 1567847, 1, 4096, 0
2654, 4838, 1, 4096, 0
2654, 2653, 1, 4096, 0
2654, 2448, 1, 4096, 0
2654, 253154, 1, 4096, 0
2655, 333230, 1, 4096, 0
2655, 281784, 1, 4096, 0
2656, 706450, 1, 4096, 0
2657, 935116, 1, 4096, 0
2657, 6323, 1, 4096, 0
2657, 2999, 1, 4096, 0
2657, 126957, 1, 4096, 0
2657, 183540, 1, 4096, 0
2658, 1298869, 1, 4096, 0
2659, 461836, 1, 4096, 0
2659, 5845, 1, 4096, 0
2659, 3086, 1, 4096, 0
2659, 4198, 1, 4096, 0
2659, 3615, 1, 4096, 0
2659, 4677, 1, 4096, 0
2659, 4877, 1, 4096, 0
2659, 3026, 1, 4096, 0
2662, 3120813, 1, 4096, 0
2662, 6777, 1, 4096, 0
2662, 4327, 1, 4096, 0
2664, 2549311, 1, 4096, 0
2665, 7751, 1, 4096, 0
2665, 4715, 1, 4096, 0
2665, 3161, 1, 4096, 0
2665, 67500, 1, 4096, 0
2665, 451718, 1, 4096, 0
2666, 1094359, 1, 4096, 0
2666, 129653, 1, 4096, 0
2666, 13134, 1, 4096, 0
2666, 3988, 1, 4096, 0
2666, 3266, 1, 4096, 0
2666, 3484, 1, 4096, 0
2666, 9223, 1, 4096, 0
2666, 13796, 1, 4096, 0
2666, 4193, 1, 4096, 0
2667, 822869, 1, 4096, 0
2667, 6131, 1, 4096, 0
2667, 3295, 1, 4096, 0
2667, 3365, 1, 4096, 0
2667, 3218, 1, 4096, 0
2669, 1688100, 1, 4096, 0
2669, 7117, 1, 4096, 0
2669, 4035, 1, 4096, 0
2669, 3056, 1, 4096, 0
2669, 275234, 1, 4096, 0
2669, 5674, 1, 4096, 0
2669, 4045, 1, 4096, 0
2671, 1292804, 1, 4096, 0
2671, 5593, 1, 4096, 0
2671, 2904, 1, 4096, 0
2671, 387225, 1, 4096, 0
2671, 150636, 1, 4096, 0
2672, 1323562, 1, 4096, 0
2672, 6364, 1, 4096, 0
2672, 3672, 1, 4096, 0
2672, 2780, 1, 4096, 0
2672, 4154, 1, 4096, 0
2672, 3329, 1, 4096, 0
2673, 151932, 1, 4096, 0
2673, 7793, 1, 4096, 0
2673, 4534, 1, 4096, 0
2673, 4909, 1, 4096, 0
2673, 3351, 1, 4096, 0
2673, 3175, 1, 4096, 0
2673, 3613, 1, 4096, 0
2673, 3065, 1, 4096, 0
2675, 1526803, 1, 4096, 0
2675, 11016, 1, 4096, 0
2676, 1610433, 1, 4096, 0
2676, 7025, 1, 4096, 0
2677, 556238, 1, 4096, 0
2677, 6812, 1, 4096, 0
2677, 3677, 1, 4096, 0
2677, 3413, 1, 4096, 0
2677, 124554, 1, 4096, 0
2677, 214848, 1, 4096, 0
2677, 5286, 1, 4096, 0
2677, 3322, 1, 4096, 0
2677, 4155, 1, 4096, 0
2677, 3528, 1, 4096, 0
2677, 4125, 1, 4096, 0
2678, 460894, 1, 4096, 0
2679, 1324206, 1, 4096, 0
2679, 307792, 1, 4096, 0
2680, 586940, 1, 4096, 0
2680, 5659, 1, 4096, 0
2680, 303458, 1, 4096, 0
2680, 4343, 1, 4096, 0
2682, 1393644, 1, 4096, 0
2682, 244553, 1, 4096, 0
2684, 2203785, 1, 4096, 0
2684, 5111, 1, 4096, 0
2684, 2678, 1, 4096, 0
2684, 2297, 1, 4096, 0
2685, 1385014, 1, 4096, 0
2685, 7688, 1, 4096, 0
2685, 3800, 1, 4096, 0
2688, 2381922, 1, 4096, 0
2688, 7459, 1, 4096, 0
2688, 2624, 1, 4096, 0
2688, 2198, 1, 4096, 0
2688, 3099, 1, 4096, 0
2688, 192139, 1, 4096, 0
2688, 456559, 1, 4096, 0
2689, 959015, 1, 4096, 0
2691, 2022286, 1, 4096, 0
2692, 840991, 1, 4096, 0
2692, 14513, 1, 4096, 0
2692, 4093, 1, 4096, 0
2692, 3498, 1, 4096, 0
2696, 3196129, 1, 4096, 0
2696, 5435, 1, 4096, 0
2696, 2774, 1, 4096, 0
2696, 291231, 1, 4096, 0
2696, 221735, 1, 4096, 0
2696, 3557, 1, 4096, 0
2697, 522554, 1, 4096, 0
2697, 5929, 1, 4096, 0
2698, 1312526, 1, 4096, 0
2698, 179154, 1, 4096, 0
2699, 396484, 1, 4096, 0
2699, 8777, 1, 4096, 0
2699, 4090, 1, 4096, 0
2699, 3654, 1, 4096, 0
2699, 4690, 1, 4096, 0
2699, 4262, 1, 4096, 0
2699, 3775, 1, 4096, 0
2699, 3444, 1, 4096, 0
2699, 449100, 1, 4096, 0
2699, 6820, 1, 4096, 0
2699, 5133, 1, 4096, 0
2699, 4024, 1, 4096, 0
2699, 4135, 1, 4096, 0
2699, 4885, 1, 4096, 0
2699, 4089, 1, 4096, 0
2699, 3549, 1, 4096, 0
2701, 2065345, 1, 4096, 0
2702, 869057, 1, 4096, 0
2702, 6063, 1, 4096, 0
2702, 4087, 1, 4096, 0
2702, 3578, 1, 4096, 0
2702, 3989, 1, 4096, 0
2702, 2809, 1, 4096, 0
2703, 943587, 1, 4096, 0
2703, 8316, 1, 4096, 0
2703, 5385, 1, 4096, 0
2703, 3974, 1, 4096, 0
2703, 4409, 1, 4096, 0
2703, 3316, 1, 4096, 0
2703, 86949, 1, 4096, 0
2703, 7739, 1, 4096, 0
2704, 1301126, 1, 4096, 0
2704, 5181, 1, 4096, 0
2705, 126603, 1, 4096, 0
2706, 1132619, 1, 4096, 0
2706, 8126, 1, 4096, 0
2706, 3808, 1, 4096, 0
2706, 3492, 1, 4096, 0
2706, 3643, 1, 4096, 0
2706, 5558, 1, 4096, 0
2707, 1375756, 1, 4096, 0
2707, 7988, 1, 4096, 0
2707, 2882, 1, 4096, 0
2707, 3306, 1, 4096, 0
2707, 3660, 1, 4096, 0
2707, 3390, 1, 4096, 0
2707, 3156, 1, 4096, 0
2707, 3182, 1, 4096, 0
2709, 1465398, 1, 4096, 0
2709, 6426, 1, 4096, 0
2709, 2962, 1, 4096, 0
2709, 649778, 1, 4096, 0
2710, 188782, 1, 4096, 0
2710, 6257, 1, 4096, 0
2710, 42590, 1, 4096, 0
2711, 1023587, 1, 4096, 0
2712, 1680283, 1, 4096, 0
2712, 24425, 1, 4096, 0
2713, 414785, 1, 4096, 0
2713, 457912, 1, 4096, 0
2713, 9700, 1, 4096, 0
2713, 130080, 1, 4096, 0
2714, 346132, 1, 4096, 0
2714, 3060, 1, 4096, 0
2714, 161845, 1, 4096, 0
2715, 1501234, 1, 4096, 0
2715, 7842, 1, 4096, 0
2715, 3164, 1, 4096, 0
2716, 97835, 1, 4096, 0
2716, 479152, 1, 4096, 0
2716, 353004, 1, 4096, 0
2716, 129897, 1, 4096, 0
2718, 1639338, 1, 4096, 0
2719, 533074, 1, 4096, 0
2719, 5878, 1, 4096, 0
2719, 22122, 1, 4096, 0
2719, 342672, 1, 4096, 0
2719, 198090, 1, 4096, 0
2720, 309716, 1, 4096, 0
2721, 1346839, 1, 4096, 0
2721, 337362, 1, 4096, 0
2721, 22188, 1, 4096, 0
2721, 4479, 1, 4096, 0
2721, 201275, 1, 4096, 0
2722, 31566, 1, 4096, 0
2722, 909636, 1, 4096, 0
2722, 5341, 1, 4096, 0
2722, 3552, 1, 4096, 0
2722, 3644, 1, 4096, 0
2722, 3465, 1, 4096, 0
2722, 3639, 1, 4096, 0
2722, 4125, 1, 4096, 0
2722, 3115, 1, 4096, 0
2724, 1046456, 1, 4096, 0
2724, 8867, 1, 4096, 0
2724, 4396, 1, 4096, 0
2724, 3139, 1, 4096, 0
2724, 4496, 1, 4096, 0
2724, 4506, 1, 4096, 0
2724, 3307, 1, 4096, 0
2724, 2817, 1, 4096, 0
2724, 700737, 1, 4096, 0
2725, 232166, 1, 4096, 0
2725, 8649, 1, 4096, 0
2725, 4305, 1, 4096, 0
2725, 3690, 1, 4096, 0
2725, 5078, 1, 4096, 0
2725, 2758, 1, 4096, 0
2725, 3394, 1, 4096, 0
2725, 3476, 1, 4096, 0
2725, 7963, 1, 4096, 0
2725, 7945, 1, 4096, 0
2725, 9244, 1, 4096, 0
2726, 10512, 1, 4096, 0
2726, 4172, 1, 4096, 0
2726, 6433, 1, 4096, 0
2727, 677072, 1, 4096, 0
2729, 1799776, 1, 4096, 0
2729, 5748, 1, 4096, 0
2729, 3837, 1, 4096, 0
2729, 206537, 1, 4096, 0
2729, 5309, 1, 4096, 0
2729, 2761, 1, 4096, 0
2729, 3030, 1, 4096, 0
2729, 2199, 1, 4096, 0
2730, 508884, 1, 4096, 0
2730, 414956, 1, 4096, 0
2730, 7333, 1, 4096, 0
2730, 3081, 1, 4096, 0
2730, 3002, 1, 4096, 0
2730, 3487, 1, 4096, 0
2730, 238751, 1, 4096, 0
2731, 227227, 1, 4096, 0
2731, 5069, 1, 4096, 0
2731, 2629, 1, 4096, 0
2732, 865200, 1, 4096, 0
2732, 7831, 1, 4096, 0
2732, 108054, 1, 4096, 0
2732, 7085, 1, 4096, 0
2732, 4016, 1, 4096, 0
2732, 11829, 1, 4096, 0
2732, 247616, 1, 4096, 0
2732, 6611, 1, 4096, 0
2732, 3519, 1, 4096, 0
2732, 3412, 1, 4096, 0
2732, 2964, 1, 4096, 0
2733, 402555, 1, 4096, 0
2733, 99460, 1, 4096, 0
2733, 5855, 1, 4096, 0
2733, 7941, 1, 4096, 0
2734, 385556, 1, 4096, 0
2734, 389358, 1, 4096, 0
2735, 557191, 1, 4096, 0
2735, 5342, 1, 4096, 0
2735, 157697, 1, 4096, 0
2736, 1576091, 1, 4096, 0
2736, 7039, 1, 4096, 0
2737, 181508, 1, 4096, 0
2737, 703062, 1, 4096, 0
2737, 5055, 1, 4096, 0
2738, 509886, 1, 4096, 0
2738, 523444, 1, 4096, 0
2738, 5259, 1, 4096, 0
2739, 439285, 1, 4096, 0
2740, 1251708, 1, 4096, 0
2740, 6087, 1, 4096, 0
2741, 1065701, 1, 4096, 0
2742, 384733, 1, 4096, 0
2742, 5853, 1, 4096, 0
2742, 3233, 1, 4096, 0
2742, 3153, 1, 4096, 0
2743, 1090615, 1, 4096, 0
2743, 683788, 1, 4096, 0
2743, 7955, 1, 4096, 0
2744, 880758, 1, 4096, 0
2744, 6361, 1, 4096, 0
2745, 519338, 1, 4096, 0
2745, 6600, 1, 4096, 0
2745, 255141, 1, 4096, 0
2746, 838530, 1, 4096, 0
2746, 7742, 1, 4096, 0
2746, 4546, 1, 4096, 0
2746, 3909, 1, 4096, 0
2746, 3623, 1, 4096, 0
2746, 3534, 1, 4096, 0
2746, 3671, 1, 4096, 0
2746, 5072, 1, 4096, 0
2746, 522340, 1, 4096, 0
2747, 7035, 1, 4096, 0
2747, 5188, 1, 4096, 0
2747, 3919, 1, 4096, 0
2747, 4568, 1, 4096, 0
2747, 3258, 1, 4096, 0
2747, 4275, 1, 4096, 0
2747, 4369, 1, 4096, 0
2749, 2688408, 1, 4096, 0
2749, 132004, 1, 4096, 0
2750, 303284, 1, 4096, 0
2750, 15106, 1, 4096, 0
2750, 107818, 1, 4096, 0
2750, 8179, 1, 4096, 0
2750, 3580, 1, 4096, 0
2750, 2818, 1, 4096, 0
2750, 3513, 1, 4096, 0
2750, 3409, 1, 4096, 0
2750, 2871, 1, 4096, 0
2752, 1700435, 1, 4096, 0
2752, 392204, 1, 4096, 0
2753, 707588, 1, 4096, 0
2753, 5542, 1, 4096, 0
2753, 387782, 1, 4096, 0
2753, 75673, 1, 4096, 0
2753, 7057, 1, 4096, 0
2753, 4540, 1, 4096, 0
2753, 3414, 1, 4096, 0
2753, 4215, 1, 4096, 0
2753, 3037, 1, 4096, 0
2753, 149841, 1, 4096, 0
2754, 368688, 1, 4096, 0
2755, 842343, 1, 4096, 0
2755, 8396, 1, 4096, 0
2755, 4556, 1, 4096, 0
2755, 369527, 1, 4096, 0
2755, 143816, 1, 4096, 0
2755, 6625, 1, 4096, 0
2755, 2027, 1, 4096, 0
2755, 3404, 1, 4096, 0
2755, 5028, 1, 4096, 0
2755, 2722, 1, 4096, 0
2755, 2147, 1, 4096, 0
2755, 2002, 1, 4096, 0
2756, 493792, 1, 4096, 0
2756, 433956, 1, 4096, 0
2757, 1135979, 1, 4096, 0
2757, 7506, 1, 4096, 0
2757, 3954, 1, 4096, 0
2757, 4955, 1, 4096, 0
2759, 1474579, 1, 4096, 0
2759, 4555, 1, 4096, 0
2759, 3313, 1, 4096, 0
2759, 3034, 1, 4096, 0
2759, 3373, 1, 4096, 0
2759, 3147, 1, 4096, 0
2759, 3251, 1, 4096, 0
2759, 3626, 1, 4096, 0
2760, 868908, 1, 4096, 0
2760, 6800, 1, 4096, 0
2760, 4108, 1, 4096, 0
2760, 4831, 1, 4096, 0
2760, 3567, 1, 4096, 0
2760, 329892, 1, 4096, 0
2763, 2468660, 1, 4096, 0
2763, 5688, 1, 4096, 0
2763, 24619, 1, 4096, 0
2763, 6973, 1, 4096, 0
2763, 3880, 1, 4096, 0
2763, 1794, 1, 4096, 0
2763, 2462, 1, 4096, 0
2763, 2560, 1, 4096, 0
2763, 2830, 1, 4096, 0
2763, 2682, 1, 4096, 0
2763, 113480, 1, 4096, 0
2763, 7445, 1, 4096, 0
2763, 7091, 1, 4096, 0
2763, 6422, 1, 4096, 0
2764, 251533, 1, 4096, 0
2764, 439429, 1, 4096, 0
2765, 694027, 1, 4096, 0
2765, 6010, 1, 4096, 0
2766, 1286073, 1, 4096, 0
2766, 8400, 1, 4096, 0
2766, 114068, 1, 4096, 0
2766, 94362, 1, 4096, 0
2769, 2803684, 1, 4096, 0
2769, 7248, 1, 4096, 0
2770, 580186, 1, 4096, 0
2770, 534656, 1, 4096, 0
2770, 16901, 1, 4096, 0
2771, 616678, 1, 4096, 0
2771, 453882, 1, 4096, 0
2771, 4808, 1, 4096, 0
2771, 3380, 1, 4096, 0
2771, 4158, 1, 4096, 0
2773, 1328325, 1, 4096, 0
2773, 6006, 1, 4096, 0
2774, 814154, 1, 4096, 0
2774, 122393, 1, 4096, 0
2775, 1727435, 1, 4096, 0
2775, 7002, 1, 4096, 0
2775, 3831, 1, 4096, 0
2776, 185634, 1, 4096, 0
2776, 370983, 1, 4096, 0
2777, 1402546, 1, 4096, 0
2777, 6636, 1, 4096, 0
2777, 3827, 1, 4096, 0
2778, 836227, 1, 4096, 0
2778, 6811, 1, 4096, 0
2779, 564551, 1, 4096, 0
2779, 199259, 1, 4096, 0
2779, 145928, 1, 4096, 0
2779, 228834, 1, 4096, 0
2781, 1267095, 1, 4096, 0
2782, 975948, 1, 4096, 0
2782, 8645, 1, 4096, 0
2782, 6247, 1, 4096, 0
2782, 4720, 1, 4096, 0
2783, 1033735, 1, 4096, 0
2783, 5087, 1, 4096, 0
2784, 1676699, 1, 4096, 0
2785, 131332, 1, 4096, 0
2785, 844600, 1, 4096, 0
2785, 9072, 1, 4096, 0
2785, 5798, 1, 4096, 0
2787, 1282370, 1, 4096, 0
2787, 5948, 1, 4096, 0
2787, 3828, 1, 4096, 0
2788, 957616, 1, 4096, 0
2788, 36848, 1, 4096, 0
2788, 2697, 1, 4096, 0
2789, 820606, 1, 4096, 0
2789, 8922, 1, 4096, 0
2790, 942187, 1, 4096, 0
2790, 283309, 1, 4096, 0
2790, 170720, 1, 4096, 0
2790, 5054, 1, 4096, 0
2790, 277334, 1, 4096, 0
2792, 1258150, 1, 4096, 0
2792, 495524, 1, 4096, 0
2792, 5927, 1, 4096, 0
2793, 631134, 1, 4096, 0
2794, 1068050, 1, 4096, 0
2794, 354011, 1, 4096, 0
2794, 8152, 1, 4096, 0
2794, 3590, 1, 4096, 0
2794, 3620, 1, 4096, 0
2794, 6215, 1, 4096, 0
2794, 3537, 1, 4096, 0
2794, 3736, 1, 4096, 0
2794, 4592, 1, 4096, 0
2797, 3072291, 1, 4096, 0
2797, 19443, 1, 4096, 0
2797, 5406, 1, 4096, 0
2797, 3029, 1, 4096, 0
2797, 3150, 1, 4096, 0
2797, 110992, 1, 4096, 0
2797, 9920, 1, 4096, 0
2797, 3914, 1, 4096, 0
2797, 3079, 1, 4096, 0
2797, 4624, 1, 4096, 0
2797, 3225, 1, 4096, 0
2797, 3311, 1, 4096, 0
2797, 2784, 1, 4096, 0
2801, 3271467, 1, 4096, 0
2801, 9151, 1, 4096, 0
2801, 5080, 1, 4096, 0
2801, 81068, 1, 4096, 0
2801, 66337, 1, 4096, 0
2802, 800872, 1, 4096, 0
2802, 660748, 1, 4096, 0
2803, 709481, 1, 4096, 0
2804, 400874, 1, 4096, 0
2804, 141912, 1, 4096, 0
2804, 6291, 1, 4096, 0
2804, 3456, 1, 4096, 0
2805, 995638, 1, 4096, 0
2805, 601272, 1, 4096, 0
2806, 765751, 1, 4096, 0
2806, 188959, 1, 4096, 0
2806, 4639, 1, 4096, 0
2806, 5226, 1, 4096, 0
2806, 3112, 1, 4096, 0
2808, 1733622, 1, 4096, 0
2808, 20531, 1, 4096, 0
2808, 155455, 1, 4096, 0
2808, 175169, 1, 4096, 0
2808, 7769, 1, 4096, 0
2808, 4245, 1, 4096, 0
2808, 3273, 1, 4096, 0
2808, 4277, 1, 4096, 0
2808, 3877, 1, 4096, 0
2808, 3376, 1, 4096, 0
2808, 3468, 1, 4096, 0
2809, 507149, 1, 4096, 0
2809, 4868, 1, 4096, 0
2810, 1480751, 1, 4096, 0
2810, 6875, 1, 4096, 0
2810, 4329, 1, 4096, 0
2811, 460144, 1, 4096, 0
2811, 4784, 1, 4096, 0
2811, 3725, 1, 4096, 0
2812, 778457, 1, 4096, 0
2812, 6136, 1, 4096, 0
2812, 147345, 1, 4096, 0
2812, 10655, 1, 4096, 0
2812, 4718, 1, 4096, 0
2812, 2117, 1, 4096, 0
2812, 3037, 1, 4096, 0
2812, 2658, 1, 4096, 0
2812, 2144, 1, 4096, 0
2812, 12540, 1, 4096, 0
2812, 352035, 1, 4096, 0
2813, 296147, 1, 4096, 0
2813, 7707, 1, 4096, 0
2813, 3381, 1, 4096, 0
2813, 2932, 1, 4096, 0
2813, 8026, 1, 4096, 0
2814, 639798, 1, 4096, 0
2815, 812782, 1, 4096, 0
2815, 6088, 1, 4096, 0
2815, 185360, 1, 4096, 0
2815, 159181, 1, 4096, 0
2815, 71768, 1, 4096, 0
2815, 152746, 1, 4096, 0
2815, 4973, 1, 4096, 0
2815, 3021, 1, 4096, 0
2815, 2658, 1, 4096, 0
2815, 3735, 1, 4096, 0
2815, 2727, 1, 4096, 0
2815, 2391, 1, 4096, 0
2816, 846559, 1, 4096, 0
2819, 2484160, 1, 4096, 0
2819, 292045, 1, 4096, 0
2819, 4070, 1, 4096, 0
2820, 1088850, 1, 4096, 0
2820, 5286, 1, 4096, 0
2821, 555057, 1, 4096, 0
2821, 6173, 1, 4096, 0
2821, 3816, 1, 4096, 0
2821, 3449, 1, 4096, 0
2822, 958848, 1, 4096, 0
2822, 7014, 1, 4096, 0
2822, 2263, 1, 4096, 0
2822, 2869, 1, 4096, 0
2822, 2381, 1, 4096, 0
2822, 4304, 1, 4096, 0
2822, 2862, 1, 4096, 0
2822, 2530, 1, 4096, 0
2824, 2027507, 1, 4096, 0
2824, 435646, 1, 4096, 0
2824, 5224, 1, 4096, 0
2825, 595852, 1, 4096, 0
2825, 472969, 1, 4096, 0
2825, 5561, 1, 4096, 0
2825, 2518, 1, 4096, 0
2825, 2085, 1, 4096, 0
2825, 1825, 1, 4096, 0
2825, 2832, 1, 4096, 0
2825, 2275, 1, 4096, 0
2825, 2164, 1, 4096, 0
2828, 2394229, 1, 4096, 0
2828, 9781, 1, 4096, 0
2828, 675458, 1, 4096, 0
2829, 431713, 1, 4096, 0
2829, 5395, 1, 4096, 0
2829, 3661, 1, 4096, 0
2829, 440485, 1, 4096, 0
2829, 3628, 1, 4096, 0
2830, 913678, 1, 4096, 0
2832, 1296584, 1, 4096, 0
2832, 7269, 1, 4096, 0
2832, 621650, 1, 4096, 0
2832, 6190, 1, 4096, 0
2832, 4445, 1, 4096, 0
2832, 4221, 1, 4096, 0
2832, 3345, 1, 4096, 0
2832, 3553, 1, 4096, 0
2832, 3436, 1, 4096, 0
2832, 3565, 1, 4096, 0
2835, 2863575, 1, 4096, 0
2835, 39065, 1, 4096, 0
2835, 163530, 1, 4096, 0
2835, 4883, 1, 4096, 0
2835, 3075, 1, 4096, 0
2835, 3000, 1, 4096, 0
2835, 2986, 1, 4096, 0
2835, 3163, 1, 4096, 0
2835, 2813, 1, 4096, 0
2835, 3685, 1, 4096, 0
2837, 1858100, 1, 4096, 0
2837, 7385, 1, 4096, 0
2837, 4660, 1, 4096, 0
2838, 1047194, 1, 4096, 0
2839, 371306, 1, 4096, 0
2839, 9305, 1, 4096, 0
2839, 5437, 1, 4096, 0
2839, 635284, 1, 4096, 0
2839, 7669, 1, 4096, 0
2841, 1457491, 1, 4096, 0
2841, 35913, 1, 4096, 0
2842, 1440823, 1, 4096, 0
2842, 6881, 1, 4096, 0
2842, 207103, 1, 4096, 0
2843, 241497, 1, 4096, 0
2843, 6473, 1, 4096, 0
2843, 5243, 1, 4096, 0
2843, 5644, 1, 4096, 0
2843, 3502, 1, 4096, 0
2843, 3777, 1, 4096, 0
2843, 3964, 1, 4096, 0
2843, 5222, 1, 4096, 0
2846, 2951114, 1, 4096, 0
2846, 7847, 1, 4096, 0
2846, 4010, 1, 4096, 0
2846, 3394, 1, 4096, 0
2846, 4058, 1, 4096, 0
2846, 3186, 1, 4096, 0
2846, 3361, 1, 4096, 0
2846, 2978, 1, 4096, 0
2848, 2376141, 1, 4096, 0
2848, 6649, 1, 4096, 0
2848, 3179, 1, 4096, 0
2848, 2666, 1, 4096, 0
2848, 4738, 1, 4096, 0
2848, 3629, 1, 4096, 0
2848, 257486, 1, 4096, 0
2850, 1992759, 1, 4096, 0
2850, 4400, 1, 4096, 0
2850, 3513, 1, 4096, 0
2850, 3014, 1, 4096, 0
2850, 2959, 1, 4096, 0
2850, 3314, 1, 4096, 0
2850, 3196, 1, 4096, 0
2851, 342643, 1, 4096, 0
2853, 1792620, 1, 4096, 0
2853, 395790, 1, 4096, 0
2853, 7290, 1, 4096, 0
2853, 3504, 1, 4096, 0
2853, 3744, 1, 4096, 0
2853, 3597, 1, 4096, 0
2853, 3469, 1, 4096, 0
2853, 3528, 1, 4096, 0
2853, 3327, 1, 4096, 0
2855, 2376066, 1, 4096, 0
2855, 12201, 1, 4096, 0
2855, 3820, 1, 4096, 0
2855, 2921, 1, 4096, 0
2855, 3215, 1, 4096, 0
2855, 3462, 1, 4096, 0
2856, 781108, 1, 4096, 0
2857, 292076, 1, 4096, 0
2858, 1160548, 1, 4096, 0
2858, 8889, 1, 4096, 0
2858, 4465, 1, 4096, 0
2858, 3505, 1, 4096, 0
2858, 3933, 1, 4096, 0
2858, 4527, 1, 4096, 0
2858, 3633, 1, 4096, 0
2858, 3909, 1, 4096, 0
2861, 2937693, 1, 4096, 0
2861, 5766, 1, 4096, 0
2861, 18510, 1, 4096, 0
2862, 861091, 1, 4096, 0
2862, 5667, 1, 4096, 0
2862, 180977, 1, 4096, 0
2862, 5281, 1, 4096, 0
2862, 4900, 1, 4096, 0
2863, 1033363, 1, 4096, 0
2864, 936667, 1, 4096, 0
2864, 6506, 1, 4096, 0
2864, 3565, 1, 4096, 0
2864, 3850, 1, 4096, 0
2864, 4086, 1, 4096, 0
2865, 1092855, 1, 4096, 0
2865, 7854, 1, 4096, 0
2865, 3673, 1, 4096, 0
2865, 3003, 1, 4096, 0
2865, 3185, 1, 4096, 0
2865, 4335, 1, 4096, 0
2865, 3642, 1, 4096, 0
2865, 2798, 1, 4096, 0
2867, 2475829, 1, 4096, 0
2867, 4215, 1, 4096, 0
2868, 303609, 1, 4096, 0
2868, 694585, 1, 4096, 0
2868, 4304, 1, 4096, 0
2869, 263311, 1, 4096, 0
2869, 4951, 1, 4096, 0
2869, 170931, 1, 4096, 0
2869, 455768, 1, 4096, 0
2870, 341755, 1, 4096, 0
2870, 251430, 1, 4096, 0
2871, 573474, 1, 4096, 0
2871, 8035, 1, 4096, 0
2871, 4035, 1, 4096, 0
2871, 3813, 1, 4096, 0
2871, 3739, 1, 4096, 0
2871, 3975, 1, 4096, 0
2871, 4565, 1, 4096, 0
2871, 2657, 1, 4096, 0
2871, 387807, 1, 4096, 0
2871, 6050, 1, 4096, 0
2871, 3195, 1, 4096, 0
2871, 3294, 1, 4096, 0
2871, 38487, 1, 4096, 0
2871, 164775, 1, 4096, 0
2873, 1763851, 1, 4096, 0
2873, 323362, 1, 4096, 0
2873, 153371, 1, 4096, 0
2873, 3641, 1, 4096, 0
2874, 657063, 1, 4096, 0
2875, 897523, 1, 4096, 0
2876, 734395, 1, 4096, 0
2876, 7602, 1, 4096, 0
2876, 256452, 1, 4096, 0
2876, 4532, 1, 4096, 0
2876, 3292, 1, 4096, 0
2877, 728000, 1, 4096, 0
2878, 938585, 1, 4096, 0
2878, 6664, 1, 4096, 0
2878, 83143, 1, 4096, 0
2878, 425628, 1, 4096, 0
2878, 4516, 1, 4096, 0
2878, 3879, 1, 4096, 0
2878, 3469, 1, 4096, 0
2880, 1425511, 1, 4096, 0
2880, 5608, 1, 4096, 0
2880, 4167, 1, 4096, 0
2880, 94980, 1, 4096, 0
2880, 150842, 1, 4096, 0
2880, 3833, 1, 4096, 0
2881, 654500, 1, 4096, 0
2882, 1045442, 1, 4096, 0
2883, 938644, 1, 4096, 0
2883, 5158, 1, 4096, 0
2883, 3655, 1, 4096, 0
2883, 3333, 1, 4096, 0
2883, 3019, 1, 4096, 0
2883, 4065, 1, 4096, 0
2883, 2969, 1, 4096, 0
2883, 3272, 1, 4096, 0
2884, 1808855, 1, 4096, 0
2885, 10989, 1, 4096, 0
2885, 4366, 1, 4096, 0
2885, 3805, 1, 4096, 0
2885, 4914, 1, 4096, 0
2885, 3262, 1, 4096, 0
2885, 3333, 1, 4096, 0
2885, 3515, 1, 4096, 0
2887, 2372542, 1, 4096, 0
2887, 5455, 1, 4096, 0
2887, 2659, 1, 4096, 0
2887, 2552, 1, 4096, 0
2887, 1628, 1, 4096, 0
2887, 2181, 1, 4096, 0
2887, 2301, 1, 4096, 0
2887, 2015, 1, 4096, 0
2888, 662543, 1, 4096, 0
2888, 8686, 1, 4096, 0
2888, 5466, 1, 4096, 0
2888, 4825, 1, 4096, 0
2888, 3538, 1, 4096, 0
2888, 323997, 1, 4096, 0
2888, 3022, 1, 4096, 0
2889, 1273544, 1, 4096, 0
2891, 1715858, 1, 4096, 0
2891, 5739, 1, 4096, 0
2891, 4254, 1, 4096, 0
2891, 3042, 1, 4096, 0
2891, 3358, 1, 4096, 0
2891, 3820, 1, 4096, 0
2891, 3125, 1, 4096, 0
2891, 4622, 1, 4096, 0
2892, 930730, 1, 4096, 0
2892, 5444, 1, 4096, 0
2892, 3904, 1, 4096, 0
2892, 2744, 1, 4096, 0
2892, 3728, 1, 4096, 0
2892, 3716, 1, 4096, 0
2894, 1605854, 1, 4096, 0
2894, 233997, 1, 4096, 0
2894, 6104, 1, 4096, 0
2894, 3926, 1, 4096, 0
2895, 678342, 1, 4096, 0
2895, 445531, 1, 4096, 0
2895, 31084, 1, 4096, 0
2895, 7837, 1, 4096, 0
2895, 27382, 1, 4096, 0
2895, 80585, 1, 4096, 0
2895, 4243, 1, 4096, 0
2895, 2639, 1, 4096, 0
2895, 2835, 1, 4096, 0
2895, 3115, 1, 4096, 0
2895, 1778, 1, 4096, 0
2895, 1676, 1, 4096, 0
2895, 1556, 1, 4096, 0
2895, 240415, 1, 4096, 0
2896, 679109, 1, 4096, 0
2896, 29056, 1, 4096, 0
2897, 1086640, 1, 4096, 0
2898, 346478, 1, 4096, 0
2898, 471778, 1, 4096, 0
2899, 1109851, 1, 4096, 0
2900, 599919, 1, 4096, 0
2900, 5483, 1, 4096, 0
2900, 3974, 1, 4096, 0
2901, 1054658, 1, 4096, 0
2901, 8788, 1, 4096, 0
2901, 3327, 1, 4096, 0
2901, 219945, 1, 4096, 0
2901, 26428, 1, 4096, 0
2902, 1210717, 1, 4096, 0
2902, 10037, 1, 4096, 0
2902, 3193, 1, 4096, 0
2902, 4618, 1, 4096, 0
2902, 4578, 1, 4096, 0
2902, 3460, 1, 4096, 0
2902, 4670, 1, 4096, 0
2902, 4253, 1, 4096, 0
2903, 336411, 1, 4096, 0
2903, 250361, 1, 4096, 0
2903, 393557, 1, 4096, 0
2903, 10132, 1, 4096, 0
2903, 3491, 1, 4096, 0
2903, 3166, 1, 4096, 0
2903, 2826, 1, 4096, 0
2903, 2631, 1, 4096, 0
2903, 2826, 1, 4096, 0
2903, 2518, 1, 4096, 0
2905, 1935068, 1, 4096, 0
2905, 6619, 1, 4096, 0
2905, 4809, 1, 4096, 0
2905, 2938, 1, 4096, 0
2905, 3492, 1, 4096, 0
2906, 396274, 1, 4096, 0
2906, 640353, 1, 4096, 0
2906, 5961, 1, 4096, 0
2907, 531513, 1, 4096, 0
2907, 34694, 1, 4096, 0
2907, 7395, 1, 4096, 0
2907, 39996, 1, 4096, 0
2907, 9431, 1, 4096, 0
2907, 3904, 1, 4096, 0
2907, 8239, 1, 4096, 0
2908, 837298, 1, 4096, 0
2909, 873185, 1, 4096, 0
2909, 6517, 1, 4096, 0
2909, 408087, 1, 4096, 0
2909, 7679, 1, 4096, 0
2909, 3829, 1, 4096, 0
2909, 3058, 1, 4096, 0
2910, 925691, 1, 4096, 0
2910, 5021, 1, 4096, 0
2910, 2576, 1, 4096, 0
2910, 2843, 1, 4096, 0
2910, 2654, 1, 4096, 0
2910, 2496, 1, 4096, 0
2911, 1079003, 1, 4096, 0
2912, 203545, 1, 4096, 0
2912, 9452, 1, 4096, 0
2912, 4311, 1, 4096, 0
2912, 3958, 1, 4096, 0
2912, 3850, 1, 4096, 0
2912, 3600, 1, 4096, 0
2912, 3536, 1, 4096, 0
2912, 6404, 1, 4096, 0
2914, 2378813, 1, 4096, 0
2914, 14962, 1, 4096, 0
2914, 2834, 1, 4096, 0
2914, 93102, 1, 4096, 0
2914, 3696, 1, 4096, 0
2914, 246280, 1, 4096, 0
2915, 286821, 1, 4096, 0
2915, 229182, 1, 4096, 0
2916, 725300, 1, 4096, 0
2916, 441343, 1, 4096, 0
2916, 6430, 1, 4096, 0
2917, 426305, 1, 4096, 0
2917, 6519, 1, 4096, 0
2917, 2750, 1, 4096, 0
2917, 1967, 1, 4096, 0
2917, 2584, 1, 4096, 0
2917, 2252, 1, 4096, 0
2917, 2066, 1, 4096, 0
2917, 1884, 1, 4096, 0
2917, 431939, 1, 4096, 0
2917, 7734, 1, 4096, 0
2917, 5890, 1, 4096, 0
2917, 3223, 1, 4096, 0
2917, 3046, 1, 4096, 0
2917, 2435, 1, 4096, 0
2917, 2848, 1, 4096, 0
2917, 3206, 1, 4096, 0
2918, 1338848, 1, 4096, 0
2919, 274742, 1, 4096, 0
2919, 301499, 1, 4096, 0
2920, 525963, 1, 4096, 0
2920, 4924, 1, 4096, 0
2920, 222656, 1, 4096, 0
2920, 60498, 1, 4096, 0
2920, 61114, 1, 4096, 0
2920, 408898, 1, 4096, 0
2922, 1890971, 1, 4096, 0
2922, 38094, 1, 4096, 0
2922, 122430, 1, 4096, 0
2923, 82223, 1, 4096, 0
2923, 139317, 1, 4096, 0
2923, 215522, 1, 4096, 0
2923, 538251, 1, 4096, 0
2924, 377384, 1, 4096, 0
2924, 451569, 1, 4096, 0
2925, 405867, 1, 4096, 0
2926, 1118350, 1, 4096, 0
2926, 216693, 1, 4096, 0
2926, 77213, 1, 4096, 0
2927, 840600, 1, 4096, 0
2927, 172418, 1, 4096, 0
2927, 4442, 1, 4096, 0
2928, 867014, 1, 4096, 0
2929, 719111, 1, 4096, 0
2929, 115174, 1, 4096, 0
2929, 103624, 1, 4096, 0
2930, 951949, 1, 4096, 0
2930, 333534, 1, 4096, 0
2931, 242402, 1, 4096, 0
2931, 4739, 1, 4096, 0
2931, 3441, 1, 4096, 0
2931, 541081, 1, 4096, 0
2931, 15216, 1, 4096, 0
2932, 1375520, 1, 4096, 0
2933, 389352, 1, 4096, 0
2934, 1013999, 1, 4096, 0
2934, 359802, 1, 4096, 0
2935, 608910, 1, 4096, 0
2935, 616282, 1, 4096, 0
2936, 9027, 1, 4096, 0
2936, 2842, 1, 4096, 0
2936, 4455, 1, 4096, 0
2936, 2525, 1, 4096, 0
2936, 4718, 1, 4096, 0
2936, 4279, 1, 4096, 0
2936, 8982, 1, 4096, 0
2939, 3286240, 1, 4096, 0
2939, 10697, 1, 4096, 0
2940, 963393, 1, 4096, 0
2940, 8633, 1, 4096, 0
2940, 5333, 1, 4096, 0
2940, 387301, 1, 4096, 0
2940, 104289, 1, 4096, 0
2942, 1638660, 1, 4096, 0
2942, 7105, 1, 4096, 0
2944, 2352545, 1, 4096, 0
2944, 7683, 1, 4096, 0
2944, 3434, 1, 4096, 0
2944, 4028, 1, 4096, 0
2944, 4254, 1, 4096, 0
2945, 342965, 1, 4096, 0
2945, 459840, 1, 4096, 0
2948, 2440029, 1, 4096, 0
2948, 8005, 1, 4096, 0
2948, 33071, 1, 4096, 0
2948, 69359, 1, 4096, 0
2948, 353505, 1, 4096, 0
2949, 636332, 1, 4096, 0
2949, 7231, 1, 4096, 0
2949, 3750, 1, 4096, 0
2949, 2823, 1, 4096, 0
2949, 3409, 1, 4096, 0
2949, 3094, 1, 4096, 0
2949, 3982, 1, 4096, 0
2949, 3306, 1, 4096, 0
2953, 4005710, 1, 4096, 0
2953, 8673, 1, 4096, 0
2953, 3663, 1, 4096, 0
2953, 286890, 1, 4096, 0
2954, 905931, 1, 4096, 0
2954, 70375, 1, 4096, 0
2954, 9518, 1, 4096, 0
2955, 640304, 1, 4096, 0
2955, 5193, 1, 4096, 0
2955, 261667, 1, 4096, 0
2955, 4622, 1, 4096, 0
2955, 2644, 1, 4096, 0
2955, 2009, 1, 4096, 0
2955, 2243, 1, 4096, 0
2955, 2087, 1, 4096, 0
2955, 1990, 1, 4096, 0
2955, 1896, 1, 4096, 0
2957, 2115872, 1, 4096, 0
2957, 4477, 1, 4096, 0
2957, 2434, 1, 4096, 0
2957, 2562, 1, 4096, 0
2957, 2336, 1, 4096, 0
2957, 2206, 1, 4096, 0
2957, 269822, 1, 4096, 0
2957, 9235, 1, 4096, 0
2958, 3317, 1, 4096, 0
2958, 5854, 1, 4096, 0
2958, 2816, 1, 4096, 0
2958, 3160, 1, 4096, 0
2958, 2585, 1, 4096, 0
2958, 3153, 1, 4096, 0
2961, 3205413, 1, 4096, 0
2961, 6817, 1, 4096, 0
2961, 310486, 1, 4096, 0
2961, 141968, 1, 4096, 0
2961, 23578, 1, 4096, 0
2962, 790436, 1, 4096, 0
2962, 4576, 1, 4096, 0
2962, 12125, 1, 4096, 0
2964, 1742223, 1, 4096, 0
2964, 4072, 1, 4096, 0
2964, 285620, 1, 4096, 0
2965, 475561, 1, 4096, 0
2965, 7182, 1, 4096, 0
2965, 601412, 1, 4096, 0
2965, 70945, 1, 4096, 0
2966, 464127, 1, 4096, 0
2967, 865142, 1, 4096, 0
2967, 73134, 1, 4096, 0
2967, 3773, 1, 4096, 0
2967, 2342, 1, 4096, 0
2967, 2753, 1, 4096, 0
2967, 3011, 1, 4096, 0
2967, 2830, 1, 4096, 0
2967, 2756, 1, 4096, 0
2967, 3492, 1, 4096, 0
2970, 3210953, 1, 4096, 0
2970, 8402, 1, 4096, 0
2970, 2587, 1, 4096, 0
2970, 3415, 1, 4096, 0
2970, 2940, 1, 4096, 0
2970, 3233, 1, 4096, 0
2971, 615393, 1, 4096, 0
2971, 533014, 1, 4096, 0
2974, 2690289, 1, 4096, 0
2975, 765579, 1, 4096, 0
2975, 6926, 1, 4096, 0
2975, 171921, 1, 4096, 0
2975, 175347, 1, 4096, 0
2975, 101197, 1, 4096, 0
2975, 207107, 1, 4096, 0
2975, 6038, 1, 4096, 0
2975, 3443, 1, 4096, 0
2975, 3135, 1, 4096, 0
2975, 2662, 1, 4096, 0
2975, 2377, 1, 4096, 0
2975, 2916, 1, 4096, 0
2975, 2568, 1, 4096, 0
2977, 1710537, 1, 4096, 0
2978, 920645, 1, 4096, 0
2978, 9829, 1, 4096, 0
2978, 3248, 1, 4096, 0
2978, 2987, 1, 4096, 0
2978, 3135, 1, 4096, 0
2978, 2728, 1, 4096, 0
2978, 2983, 1, 4096, 0
2978, 2996, 1, 4096, 0
2981, 2721782, 1, 4096, 0
2982, 869589, 1, 4096, 0
2982, 260750, 1, 4096, 0
2983, 1023698, 1, 4096, 0
2983, 346992, 1, 4096, 0
2983, 98495, 1, 4096, 0
2983, 16844, 1, 4096, 0
2984, 490898, 1, 4096, 0
2984, 256113, 1, 4096, 0
2984, 266290, 1, 4096, 0
2985, 144533, 1, 4096, 0
2985, 176412, 1, 4096, 0
2985, 212501, 1, 4096, 0
2986, 1016162, 1, 4096, 0
2986, 8464, 1, 4096, 0
2986, 9088, 1, 4096, 0
2986, 4449, 1, 4096, 0
2986, 4161, 1, 4096, 0
2986, 3731, 1, 4096, 0
2986, 3633, 1, 4096, 0
2986, 3289, 1, 4096, 0
2989, 2708295, 1, 4096, 0
2989, 8336, 1, 4096, 0
2989, 3259, 1, 4096, 0
2989, 4905, 1, 4096, 0
2989, 3860, 1, 4096, 0
2989, 3120, 1, 4096, 0
2989, 5189, 1, 4096, 0
2989, 3466, 1, 4096, 0
2989, 219556, 1, 4096, 0
2989, 7348, 1, 4096, 0
2989, 3734, 1, 4096, 0
2989, 79865, 1, 4096, 0
2989, 259427, 1, 4096, 0
2990, 287239, 1, 4096, 0
2990, 314773, 1, 4096, 0
2990, 27135, 1, 4096, 0
2992, 1770966, 1, 4096, 0
2992, 456776, 1, 4096, 0
2992, 8208, 1, 4096, 0
2992, 4419, 1, 4096, 0
2994, 1735302, 1, 4096, 0
2994, 7662, 1, 4096, 0
2994, 4338, 1, 4096, 0
2994, 3189, 1, 4096, 0
2994, 3092, 1, 4096, 0
2994, 2857, 1, 4096, 0
2994, 2727, 1, 4096, 0
2994, 3312, 1, 4096, 0
2996, 2455751, 1, 4096, 0
2997, 7736, 1, 4096, 0
2997, 4201, 1, 4096, 0
2997, 3273, 1, 4096, 0
2997, 3286, 1, 4096, 0
2997, 3380, 1, 4096, 0
2997, 3003, 1, 4096, 0
2997, 3626, 1, 4096, 0
2997, 177566, 1, 4096, 0
2997, 7186, 1, 4096, 0
2997, 3693, 1, 4096, 0
2997, 2629, 1, 4096, 0
2997, 3245, 1, 4096, 0
2997, 3419, 1, 4096, 0
2997, 2785, 1, 4096, 0
2997, 2728, 1, 4096, 0
2999, 2381086, 1, 4096, 0
2999, 6840, 1, 4096, 0
2999, 189864, 1, 4096, 0
3000, 605789, 1, 4096, 0
3000, 5900, 1, 4096, 0
3000, 3070, 1, 4096, 0
3000, 3697, 1, 4096, 0
3002, 2452309, 1, 4096, 0
3002, 7888, 1, 4096, 0
3002, 4036, 1, 4096, 0
3003, 515814, 1, 4096, 0
3003, 7360, 1, 4096, 0
3003, 4080, 1, 4096, 0
3003, 4981, 1, 4096, 0
3003, 3244, 1, 4096, 0
3003, 4031, 1, 4096, 0
3003, 3491, 1, 4096, 0
3003, 174255, 1, 4096, 0
3004, 871060, 1, 4096, 0
3004, 4977, 1, 4096, 0
3004, 2263, 1, 4096, 0
3004, 2276, 1, 4096, 0
3004, 2131, 1, 4096, 0
3004, 2325, 1, 4096, 0
3004, 2435, 1, 4096, 0
3004, 2735, 1, 4096, 0
3006, 1851853, 1, 4096, 0
3006, 7723, 1, 4096, 0
3006, 3902, 1, 4096, 0
3006, 4203, 1, 4096, 0
3006, 3112, 1, 4096, 0
3006, 3142, 1, 4096, 0
3006, 2338, 1, 4096, 0
3006, 2923, 1, 4096, 0
3006, 231988, 1, 4096, 0
3006, 8059, 1, 4096, 0
3006, 4178, 1, 4096, 0
3006, 4355, 1, 4096, 0
3006, 2966, 1, 4096, 0
3006, 3801, 1, 4096, 0
3006, 3507, 1, 4096, 0
3006, 28344, 1, 4096, 0
3007, 77975, 1, 4096, 0
3007, 8089, 1, 4096, 0
3008, 1418260, 1, 4096, 0
3008, 6508, 1, 4096, 0
3008, 3456, 1, 4096, 0
3008, 2555, 1, 4096, 0
3008, 3362, 1, 4096, 0
3008, 136381, 1, 4096, 0
3009, 536800, 1, 4096, 0
3009, 8252, 1, 4096, 0
3010, 1227674, 1, 4096, 0
3010, 7174, 1, 4096, 0
3010, 4141, 1, 4096, 0
3010, 175836, 1, 4096, 0
3010, 94200, 1, 4096, 0
3010, 6967, 1, 4096, 0
3010, 3823, 1, 4096, 0
3010, 2429, 1, 4096, 0
3010, 2801, 1, 4096, 0
3010, 3606, 1, 4096, 0
3010, 2494, 1, 4096, 0
3010, 2645, 1, 4096, 0
3011, 1076418, 1, 4096, 0
3012, 7724, 1, 4096, 0
3012, 3706, 1, 4096, 0
3012, 2804, 1, 4096, 0
3012, 3168, 1, 4096, 0
3012, 3487, 1, 4096, 0
3012, 4631, 1, 4096, 0
3012, 3553, 1, 4096, 0
3012, 163539, 1, 4096, 0
3012, 7219, 1, 4096, 0
3012, 3166, 1, 4096, 0
3012, 7674, 1, 4096, 0
3013, 8595, 1, 4096, 0
3013, 9769, 1, 4096, 0
3013, 5840, 1, 4096, 0
3013, 5345, 1, 4096, 0
3013, 146289, 1, 4096, 0
3014, 9226, 1, 4096, 0
3014, 10903, 1, 4096, 0
3014, 3170, 1, 4096, 0
3014, 4240, 1, 4096, 0
3014, 522559, 1, 4096, 0
3015, 295790, 1, 4096, 0
3015, 3796, 1, 4096, 0
3017, 2417259, 1, 4096, 0
3017, 135541, 1, 4096, 0
3017, 13737, 1, 4096, 0
3017, 3932, 1, 4096, 0
3017, 3313, 1, 4096, 0
3017, 2696, 1, 4096, 0
3017, 36546, 1, 4096, 0
3018, 553812, 1, 4096, 0
3018, 10254, 1, 4096, 0
3018, 3299, 1, 4096, 0
3018, 5070, 1, 4096, 0
3018, 3645, 1, 4096, 0
3018, 3687, 1, 4096, 0
3018, 3515, 1, 4096, 0
3018, 3449, 1, 4096, 0
3018, 145538, 1, 4096, 0
3018, 78069, 1, 4096, 0
3018, 5565, 1, 4096, 0
3019, 177902, 1, 4096, 0
3019, 398641, 1, 4096, 0
3019, 7805, 1, 4096, 0
3019, 2970, 1, 4096, 0
3020, 932900, 1, 4096, 0
3020, 7341, 1, 4096, 0
3020, 3417, 1, 4096, 0
3020, 3739, 1, 4096, 0
3020, 4410, 1, 4096, 0
3020, 2801, 1, 4096, 0
3020, 5099, 1, 4096, 0
3020, 3814, 1, 4096, 0
3020, 6395, 1, 4096, 0
3021, 8908, 1, 4096, 0
3021, 78210, 1, 4096, 0
3021, 346657, 1, 4096, 0
3021, 5456, 1, 4096, 0
3021, 3104, 1, 4096, 0
3021, 2729, 1, 4096, 0
3021, 2642, 1, 4096, 0
3021, 3472, 1, 4096, 0
3021, 2929, 1, 4096, 0
3021, 2947, 1, 4096, 0
3023, 1404965, 1, 4096, 0
3023, 4793, 1, 4096, 0
3023, 2268, 1, 4096, 0
3024, 608182, 1, 4096, 0
3024, 6858, 1, 4096, 0
3024, 3327, 1, 4096, 0
3024, 3394, 1, 4096, 0
3024, 825675, 1, 4096, 0
3026, 1677479, 1, 4096, 0
3026, 8010, 1, 4096, 0
3026, 4725, 1, 4096, 0
3026, 3194, 1, 4096, 0
3026, 5124, 1, 4096, 0
3026, 2783, 1, 4096, 0
3026, 3189, 1, 4096, 0
3026, 3218, 1, 4096, 0
3029, 2709326, 1, 4096, 0
3029, 582256, 1, 4096, 0
3030, 249379, 1, 4096, 0
3030, 104533, 1, 4096, 0
3030, 6374, 1, 4096, 0
3030, 3432, 1, 4096, 0
3030, 2820, 1, 4096, 0
3030, 2911, 1, 4096, 0
3030, 3114, 1, 4096, 0
3030, 2792, 1, 4096, 0
3030, 3000, 1, 4096, 0
3032, 2456972, 1, 4096, 0
3032, 6960, 1, 4096, 0
3032, 17800, 1, 4096, 0
3032, 11527, 1, 4096, 0
3032, 3179, 1, 4096, 0
3032, 3337, 1, 4096, 0
3032, 3557, 1, 4096, 0
3032, 3102, 1, 4096, 0
3033, 649758, 1, 4096, 0
3033, 5081, 1, 4096, 0
3033, 3322, 1, 4096, 0
3033, 2916, 1, 4096, 0
3033, 3075, 1, 4096, 0
3034, 1237057, 1, 4096, 0
3034, 7919, 1, 4096, 0
3034, 2953, 1, 4096, 0
3036, 2015926, 1, 4096, 0
3036, 93095, 1, 4096, 0
3036, 7525, 1, 4096, 0
3036, 3602, 1, 4096, 0
3036, 3040, 1, 4096, 0
3036, 5963, 1, 4096, 0
3036, 3653, 1, 4096, 0
3037, 115796, 1, 4096, 0
3037, 5290, 1, 4096, 0
3038, 1285729, 1, 4096, 0
3038, 6297, 1, 4096, 0
3038, 2864, 1, 4096, 0
3038, 2954, 1, 4096, 0
3038, 2424, 1, 4096, 0
3038, 2751, 1, 4096, 0
3038, 2959, 1, 4096, 0
3038, 2442, 1, 4096, 0
3040, 2237355, 1, 4096, 0
3040, 230234, 1, 4096, 0
3040, 6618, 1, 4096, 0
3040, 2933, 1, 4096, 0
3040, 2563, 1, 4096, 0
3040, 3209, 1, 4096, 0
3040, 3943, 1, 4096, 0
3041, 460785, 1, 4096, 0
3041, 8050, 1, 4096, 0
3041, 20400, 1, 4096, 0
3041, 68941, 1, 4096, 0
3041, 6526, 1, 4096, 0
3041, 4849, 1, 4096, 0
3041, 3304, 1, 4096, 0
3041, 3612, 1, 4096, 0
3041, 2997, 1, 4096, 0
3041, 2738, 1, 4096, 0
3041, 3690, 1, 4096, 0
3044, 2505023, 1, 4096, 0
3044, 7196, 1, 4096, 0
3044, 4261, 1, 4096, 0
3044, 2035, 1, 4096, 0
3044, 2361, 1, 4096, 0
3044, 123684, 1, 4096, 0
3045, 1061151, 1, 4096, 0
3045, 205334, 1, 4096, 0
3046, 974114, 1, 4096, 0
3046, 8819, 1, 4096, 0
3046, 4437, 1, 4096, 0
3046, 4701, 1, 4096, 0
3046, 3975, 1, 4096, 0
3046, 4602, 1, 4096, 0
3046, 2890, 1, 4096, 0
3046, 4679, 1, 4096, 0
3047, 1206935, 1, 4096, 0
3047, 6636, 1, 4096, 0
3047, 3586, 1, 4096, 0
3047, 2928, 1, 4096, 0
3047, 3295, 1, 4096, 0
3047, 3443, 1, 4096, 0
3047, 3494, 1, 4096, 0
3047, 3141, 1, 4096, 0
3048, 934616, 1, 4096, 0
3048, 9285, 1, 4096, 0
3048, 2439, 1, 4096, 0
3048, 2300, 1, 4096, 0
3048, 2295, 1, 4096, 0
3048, 2120, 1, 4096, 0
3048, 2060, 1, 4096, 0
3049, 935314, 1, 4096, 0
3051, 1609477, 1, 4096, 0
3051, 384981, 1, 4096, 0
3051, 5133, 1, 4096, 0
3051, 90075, 1, 4096, 0
3052, 750597, 1, 4096, 0
3053, 580797, 1, 4096, 0
3054, 967865, 1, 4096, 0
3054, 5475, 1, 4096, 0
3054, 207440, 1, 4096, 0
3054, 517623, 1, 4096, 0
3055, 473365, 1, 4096, 0
3056, 800593, 1, 4096, 0
3057, 1236698, 1, 4096, 0
3057, 6034, 1, 4096, 0
3057, 3151, 1, 4096, 0
3057, 2807, 1, 4096, 0
3057, 301875, 1, 4096, 0
3058, 437088, 1, 4096, 0
3058, 7310, 1, 4096, 0
3059, 1117342, 1, 4096, 0
3059, 5045, 1, 4096, 0
3059, 4418, 1, 4096, 0
3059, 2720, 1, 4096, 0
3059, 3826, 1, 4096, 0
3059, 4120, 1, 4096, 0
3059, 4448, 1, 4096, 0
3059, 3656, 1, 4096, 0
3060, 943522, 1, 4096, 0
3060, 7989, 1, 4096, 0
3060, 3600, 1, 4096, 0
3060, 2706, 1, 4096, 0
3060, 2870, 1, 4096, 0
3060, 3228, 1, 4096, 0
3060, 3250, 1, 4096, 0
3060, 3088, 1, 4096, 0
3061, 1516147, 1, 4096, 0
3061, 70496, 1, 4096, 0
3062, 459349, 1, 4096, 0
3062, 118597, 1, 4096, 0
3062, 6032, 1, 4096, 0
3064, 1509079, 1, 4096, 0
3064, 7108, 1, 4096, 0
3064, 2785, 1, 4096, 0
3064, 3198, 1, 4096, 0
3064, 3085, 1, 4096, 0
3064, 3137, 1, 4096, 0
3064, 3322, 1, 4096, 0
3064, 2950, 1, 4096, 0
3066, 2135802, 1, 4096, 0
3066, 6953, 1, 4096, 0
3067, 799801, 1, 4096, 0
3067, 292499, 1, 4096, 0
3067, 307478, 1, 4096, 0
3067, 5964, 1, 4096, 0
3067, 3659, 1, 4096, 0
3067, 4210, 1, 4096, 0
3067, 4918, 1, 4096, 0
3067, 3389, 1, 4096, 0
3067, 3485, 1, 4096, 0
3067, 3701, 1, 4096, 0
3067, 117257, 1, 4096, 0
3068, 243647, 1, 4096, 0
3070, 2293723, 1, 4096, 0
3070, 147316, 1, 4096, 0
3070, 8190, 1, 4096, 0
3070, 5297, 1, 4096, 0
3070, 3490, 1, 4096, 0
3070, 2797, 1, 4096, 0
3070, 4243, 1, 4096, 0
3070, 3626, 1, 4096, 0
3070, 3992, 1, 4096, 0
3072, 1507091, 1, 4096, 0
3072, 6927, 1, 4096, 0
3072, 2565, 1, 4096, 0
3072, 1960, 1, 4096, 0
3072, 2578, 1, 4096, 0
3072, 2256, 1, 4096, 0
3072, 2108, 1, 4096, 0
3072, 2380, 1, 4096, 0
3072, 833304, 1, 4096, 0
3072, 8113, 1, 4096, 0
3072, 3099, 1, 4096, 0
3072, 2977, 1, 4096, 0
3072, 3126, 1, 4096, 0
3073, 382377, 1, 4096, 0
3074, 955976, 1, 4096, 0
3074, 5445, 1, 4096, 0
3074, 2383, 1, 4096, 0
3075, 543705, 1, 4096, 0
3075, 163757, 1, 4096, 0
3075, 68117, 1, 4096, 0
3075, 76264, 1, 4096, 0
3075, 7629, 1, 4096, 0
3075, 3545, 1, 4096, 0
3075, 4086, 1, 4096, 0
3075, 4147, 1, 4096, 0
3075, 3007, 1, 4096, 0
3075, 6834, 1, 4096, 0
3075, 11799, 1, 4096, 0
3075, 4021, 1, 4096, 0
3076, 112002, 1, 4096, 0
3076, 8866, 1, 4096, 0
3076, 4441, 1, 4096, 0
3077, 1211746, 1, 4096, 0
3078, 779192, 1, 4096, 0
3078, 5579, 1, 4096, 0
3078, 3603, 1, 4096, 0
3078, 2872, 1, 4096, 0
3078, 3189, 1, 4096, 0
3079, 843733, 1, 4096, 0
3079, 4581, 1, 4096, 0
3079, 4107, 1, 4096, 0
3079, 1826, 1, 4096, 0
3079, 2911, 1, 4096, 0
3079, 2200, 1, 4096, 0
3079, 2423, 1, 4096, 0
3081, 1828498, 1, 4096, 0
3081, 83252, 1, 4096, 0
3081, 353587, 1, 4096, 0
3082, 939499, 1, 4096, 0
3082, 20491, 1, 4096, 0
3083, 293022, 1, 4096, 0
3083, 224286, 1, 4096, 0
3083, 8722, 1, 4096, 0
3083, 221272, 1, 4096, 0
3084, 1395373, 1, 4096, 0
3084, 5830, 1, 4096, 0
3084, 2614, 1, 4096, 0
3085, 261620, 1, 4096, 0
3086, 990738, 1, 4096, 0
3086, 328446, 1, 4096, 0
3086, 5158, 1, 4096, 0
3086, 311157, 1, 4096, 0
3086, 33315, 1, 4096, 0
3086, 72491, 1, 4096, 0
3087, 744277, 1, 4096, 0
3088, 317151, 1, 4096, 0
3088, 3233, 1, 4096, 0
3088, 81936, 1, 4096, 0
3089, 1012866, 1, 4096, 0
3089, 505144, 1, 4096, 0
3089, 4116, 1, 4096, 0
3089, 31157, 1, 4096, 0
3090, 850695, 1, 4096, 0
3090, 3316, 1, 4096, 0
3090, 208325, 1, 4096, 0
3090, 4830, 1, 4096, 0
3090, 2765, 1, 4096, 0
3090, 2982, 1, 4096, 0
3090, 2672, 1, 4096, 0
3090, 4384, 1, 4096, 0
3090, 4780, 1, 4096, 0
3090, 3458, 1, 4096, 0
3093, 3175645, 1, 4096, 0
3094, 139565, 1, 4096, 0
3094, 6628, 1, 4096, 0
3094, 3339, 1, 4096, 0
3094, 3151, 1, 4096, 0
3094, 3774, 1, 4096, 0
3094, 3367, 1, 4096, 0
3094, 2880, 1, 4096, 0
3094, 9559, 1, 4096, 0
3096, 2296141, 1, 4096, 0
3096, 7503, 1, 4096, 0
3096, 4132, 1, 4096, 0
3096, 3609, 1, 4096, 0
3096, 2985, 1, 4096, 0
3096, 2851, 1, 4096, 0
3097, 516845, 1, 4096, 0
3097, 307281, 1, 4096, 0
3097, 136846, 1, 4096, 0
3097, 6437, 1, 4096, 0
3097, 4809, 1, 4096, 0
3097, 3849, 1, 4096, 0
3097, 3936, 1, 4096, 0
3097, 3320, 1, 4096, 0
3097, 4422, 1, 4096, 0
3097, 4235, 1, 4096, 0
3100, 2512816, 1, 4096, 0
3100, 279874, 1, 4096, 0
3100, 7099, 1, 4096, 0
3100, 2792, 1, 4096, 0
3100, 1654, 1, 4096, 0
3100, 1908, 1, 4096, 0
3100, 1774, 1, 4096, 0
3101, 830449, 1, 4096, 0
3101, 7834, 1, 4096, 0
3101, 4217, 1, 4096, 0
3101, 3669, 1, 4096, 0
3101, 687557, 1, 4096, 0
3101, 4444, 1, 4096, 0
3102, 651893, 1, 4096, 0
3102, 41201, 1, 4096, 0
3102, 6452, 1, 4096, 0
3102, 3986, 1, 4096, 0
3102, 2951, 1, 4096, 0
3102, 3429, 1, 4096, 0
3102, 2921, 1, 4096, 0
3102, 3431, 1, 4096, 0
3102, 2891, 1, 4096, 0
3104, 1798496, 1, 4096, 0
3104, 6234, 1, 4096, 0
3104, 2872, 1, 4096, 0
3104, 2332, 1, 4096, 0
3104, 3043, 1, 4096, 0
3104, 11200, 1, 4096, 0
3105, 303683, 1, 4096, 0
3105, 6210, 1, 4096, 0
3105, 9063, 1, 4096, 0
3105, 2655, 1, 4096, 0
3105, 4242, 1, 4096, 0
3105, 4598, 1, 4096, 0
3105, 3005, 1, 4096, 0
3105, 5956, 1, 4096, 0
3106, 6554, 1, 4096, 0
3106, 4030, 1, 4096, 0
3106, 6775, 1, 4096, 0
3106, 4365, 1, 4096, 0
3106, 3679, 1, 4096, 0
3106, 60030, 1, 4096, 0
3106, 7232, 1, 4096, 0
3107, 1126455, 1, 4096, 0
3108, 245563, 1, 4096, 0
3109, 1451601, 1, 4096, 0
3109, 80735, 1, 4096, 0
3109, 8926, 1, 4096, 0
3110, 378818, 1, 4096, 0
3112, 1928211, 1, 4096, 0
3112, 6414, 1, 4096, 0
3112, 2693, 1, 4096, 0
3112, 3244, 1, 4096, 0
3112, 2777, 1, 4096, 0
3112, 2920, 1, 4096, 0
3112, 2578, 1, 4096, 0
3112, 4263, 1, 4096, 0
3112, 456440, 1, 4096, 0
3112, 378919, 1, 4096, 0
3113, 228864, 1, 4096, 0
3113, 4771, 1, 4096, 0
3113, 126010, 1, 4096, 0
3113, 59775, 1, 4096, 0
3113, 6634, 1, 4096, 0
3113, 2969, 1, 4096, 0
3113, 3753, 1, 4096, 0
3113, 2785, 1, 4096, 0
3113, 2647, 1, 4096, 0
3113, 5061, 1, 4096, 0
3113, 3428, 1, 4096, 0
3113, 263281, 1, 4096, 0
3114, 69181, 1, 4096, 0
3115, 808010, 1, 4096, 0
3115, 26840, 1, 4096, 0
3115, 52605, 1, 4096, 0
3115, 701508, 1, 4096, 0
3115, 4693, 1, 4096, 0
3116, 687194, 1, 4096, 0
3117, 1189746, 1, 4096, 0
3117, 7374, 1, 4096, 0
3117, 5382, 1, 4096, 0
3118, 270997, 1, 4096, 0
3118, 114732, 1, 4096, 0
3118, 6272, 1, 4096, 0
3118, 3647, 1, 4096, 0
3118, 4518, 1, 4096, 0
3118, 3948, 1, 4096, 0
3118, 3781, 1, 4096, 0
3118, 2387, 1, 4096, 0
3119, 1240236, 1, 4096, 0
3119, 7204, 1, 4096, 0
3119, 3063, 1, 4096, 0
3119, 2777, 1, 4096, 0
3119, 3427, 1, 4096, 0
3119, 2488, 1, 4096, 0
3119, 2669, 1, 4096, 0
3119, 2391, 1, 4096, 0
3119, 80072, 1, 4096, 0
3119, 5711, 1, 4096, 0
3119, 4868, 1, 4096, 0
3119, 3584, 1, 4096, 0
3119, 2926, 1, 4096, 0
3119, 161213, 1, 4096, 0
3120, 196411, 1, 4096, 0
3120, 7356, 1, 4096, 0
3120, 10799, 1, 4096, 0
3120, 6143, 1, 4096, 0
3120, 4534, 1, 4096, 0
3120, 5505, 1, 4096, 0
3121, 6249, 1, 4096, 0
3121, 7789, 1, 4096, 0
3122, 9138, 1, 4096, 0
3122, 7220, 1, 4096, 0
3125, 2633762, 1, 4096, 0
3126, 1507119, 1, 4096, 0
3126, 7741, 1, 4096, 0
3126, 4080, 1, 4096, 0
3126, 274479, 1, 4096, 0
3126, 50191, 1, 4096, 0
3126, 27381, 1, 4096, 0
3128, 1083938, 1, 4096, 0
3128, 357148, 1, 4096, 0
3128, 5299, 1, 4096, 0
3128, 2368, 1, 4096, 0
3128, 2231, 1, 4096, 0
3128, 2011, 1, 4096, 0
3128, 3591, 1, 4096, 0
3128, 2013, 1, 4096, 0
3128, 2829, 1, 4096, 0
3131, 2795636, 1, 4096, 0
3131, 8925, 1, 4096, 0
3131, 129103, 1, 4096, 0
3131, 101571, 1, 4096, 0
3131, 421356, 1, 4096, 0
3132, 120790, 1, 4096, 0
3132, 316350, 1, 4096, 0
3132, 614198, 1, 4096, 0
3132, 4784, 1, 4096, 0
3132, 3035, 1, 4096, 0
3134, 1504854, 1, 4096, 0
3135, 1167995, 1, 4096, 0
3135, 5606, 1, 4096, 0
3136, 536337, 1, 4096, 0
3136, 7674, 1, 4096, 0
3136, 188697, 1, 4096, 0
3136, 521035, 1, 4096, 0
3137, 948414, 1, 4096, 0
3138, 330691, 1, 4096, 0
3138, 4876, 1, 4096, 0
3138, 326491, 1, 4096, 0
3138, 30649, 1, 4096, 0
3140, 1773228, 1, 4096, 0
3140, 19341, 1, 4096, 0
3140, 55772, 1, 4096, 0
3141, 1159374, 1, 4096, 0
3142, 892770, 1, 4096, 0
3142, 6252, 1, 4096, 0
3142, 340227, 1, 4096, 0
3143, 473711, 1, 4096, 0
3143, 35915, 1, 4096, 0
3143, 208856, 1, 4096, 0
3144, 1022941, 1, 4096, 0
3144, 5412, 1, 4096, 0
3145, 1041582, 1, 4096, 0
3145, 7242, 1, 4096, 0
3145, 3059, 1, 4096, 0
3146, 551323, 1, 4096, 0
3146, 4142, 1, 4096, 0
3146, 608760, 1, 4096, 0
3147, 179749, 1, 4096, 0
3147, 7642, 1, 4096, 0
3147, 2425, 1, 4096, 0
3147, 2722, 1, 4096, 0
3147, 3950, 1, 4096, 0
3147, 2527, 1, 4096, 0
3147, 2518, 1, 4096, 0
3147, 2247, 1, 4096, 0
3149, 2787058, 1, 4096, 0
3149, 8124, 1, 4096, 0
3149, 5173, 1, 4096, 0
3149, 2475, 1, 4096, 0
3150, 695239, 1, 4096, 0
3150, 3861, 1, 4096, 0
3150, 2977, 1, 4096, 0
3150, 2139, 1, 4096, 0
3150, 2936, 1, 4096, 0
3150, 3051, 1, 4096, 0
3150, 3390, 1, 4096, 0
3150, 2739, 1, 4096, 0
3153, 2740385, 1, 4096, 0
3154, 777895, 1, 4096, 0
3154, 5217, 1, 4096, 0
3154, 2161, 1, 4096, 0
3154, 582806, 1, 4096, 0
3154, 4214, 1, 4096, 0
3155, 316624, 1, 4096, 0
3156, 1053989, 1, 4096, 0
3157, 822112, 1, 4096, 0
3157, 7943, 1, 4096, 0
3157, 3574, 1, 4096, 0
3157, 3620, 1, 4096, 0
3157, 3013, 1, 4096, 0
3157, 3298, 1, 4096, 0
3157, 3845, 1, 4096, 0
3157, 2859, 1, 4096, 0
3158, 1759273, 1, 4096, 0
3158, 6972, 1, 4096, 0
3158, 2268, 1, 4096, 0
3158, 6332, 1, 4096, 0
3158, 2962, 1, 4096, 0
3158, 3477, 1, 4096, 0
3158, 2934, 1, 4096, 0
3159, 518179, 1, 4096, 0
3159, 5990, 1, 4096, 0
3159, 3211, 1, 4096, 0
3161, 2519055, 1, 4096, 0
3161, 6190, 1, 4096, 0
3162, 304883, 1, 4096, 0
3162, 192705, 1, 4096, 0
3162, 142193, 1, 4096, 0
3162, 4125, 1, 4096, 0
3163, 647207, 1, 4096, 0
3163, 5536, 1, 4096, 0
3165, 1974697, 1, 4096, 0
3165, 704966, 1, 4096, 0
3166, 416746, 1, 4096, 0
3166, 105085, 1, 4096, 0
3166, 3657, 1, 4096, 0
3167, 542240, 1, 4096, 0
3167, 673124, 1, 4096, 0
3167, 5478, 1, 4096, 0
3168, 732091, 1, 4096, 0
3168, 6518, 1, 4096, 0
3168, 5600, 1, 4096, 0
3168, 454380, 1, 4096, 0
3170, 1720620, 1, 4096, 0
3171, 852500, 1, 4096, 0
3171, 28163, 1, 4096, 0
3171, 228531, 1, 4096, 0
3172, 370436, 1, 4096, 0
3172, 160647, 1, 4096, 0
3173, 747964, 1, 4096, 0
3174, 1207749, 1, 4096, 0
3174, 6441, 1, 4096, 0
3174, 4397, 1, 4096, 0
3175, 1105556, 1, 4096, 0
3175, 6304, 1, 4096, 0
3176, 621498, 1, 4096, 0
3176, 827716, 1, 4096, 0
3177, 723083, 1, 4096, 0
3177, 5533, 1, 4096, 0
3178, 662199, 1, 4096, 0
3179, 857883, 1, 4096, 0
3179, 4686, 1, 4096, 0
3179, 4383, 1, 4096, 0
3179, 248618, 1, 4096, 0
3179, 479357, 1, 4096, 0
3180, 419263, 1, 4096, 0
3180, 5148, 1, 4096, 0
3180, 432818, 1, 4096, 0
3180, 4770, 1, 4096, 0
3182, 1962063, 1, 4096, 0
3182, 7235, 1, 4096, 0
3182, 3452, 1, 4096, 0
3182, 159094, 1, 4096, 0
3184, 1202384, 1, 4096, 0
3184, 6799, 1, 4096, 0
3184, 2995, 1, 4096, 0
3184, 2638, 1, 4096, 0
3184, 2709, 1, 4096, 0
3184, 4132, 1, 4096, 0
3184, 2175, 1, 4096, 0
3184, 2916, 1, 4096, 0
3185, 1741680, 1, 4096, 0
3185, 7717, 1, 4096, 0
3186, 644528, 1, 4096, 0
3186, 165030, 1, 4096, 0
3186, 3934, 1, 4096, 0
3186, 2870, 1, 4096, 0
3186, 2830, 1, 4096, 0
3186, 212429, 1, 4096, 0
3187, 331886, 1, 4096, 0
3187, 7152, 1, 4096, 0
3187, 3248, 1, 4096, 0
3187, 3868, 1, 4096, 0
3187, 2871, 1, 4096, 0
3187, 4568, 1, 4096, 0
3187, 4127, 1, 4096, 0
3187, 4917, 1, 4096, 0
3189, 2116262, 1, 4096, 0
3189, 6187, 1, 4096, 0
3189, 2673, 1, 4096, 0
3189, 2785, 1, 4096, 0
3189, 2583, 1, 4096, 0
3189, 3806, 1, 4096, 0
3190, 922620, 1, 4096, 0
3190, 9309, 1, 4096, 0
3190, 3294, 1, 4096, 0
3190, 3446, 1, 4096, 0
3190, 2529, 1, 4096, 0
3190, 3750, 1, 4096, 0
3191, 673816, 1, 4096, 0
3192, 1160364, 1, 4096, 0
3192, 8015, 1, 4096, 0
3192, 3160, 1, 4096, 0
3192, 3819, 1, 4096, 0
3192, 3577, 1, 4096, 0
3192, 3223, 1, 4096, 0
3192, 2645, 1, 4096, 0
3192, 2907, 1, 4096, 0
3193, 1638719, 1, 4096, 0
3194, 7898, 1, 4096, 0
3194, 2887, 1, 4096, 0
3194, 3423, 1, 4096, 0
3194, 4000, 1, 4096, 0
3194, 3187, 1, 4096, 0
3194, 3563, 1, 4096, 0
3194, 3900, 1, 4096, 0
3195, 1825245, 1, 4096, 0
3195, 4813, 1, 4096, 0
3195, 3924, 1, 4096, 0
3196, 212844, 1, 4096, 0
3196, 6220, 1, 4096, 0
3196, 3020, 1, 4096, 0
3196, 1939, 1, 4096, 0
3196, 1939, 1, 4096, 0
3196, 2049, 1, 4096, 0
3196, 2190, 1, 4096, 0
3196, 86376, 1, 4096, 0
3196, 159664, 1, 4096, 0
3196, 6173, 1, 4096, 0
3196, 4136, 1, 4096, 0
3196, 2973, 1, 4096, 0
3196, 10726, 1, 4096, 0
3197, 4476, 1, 4096, 0
3197, 4508, 1, 4096, 0
3197, 4813, 1, 4096, 0
3197, 84695, 1, 4096, 0
3197, 528421, 1, 4096, 0
3197, 9975, 1, 4096, 0
3198, 710135, 1, 4096, 0
3198, 79637, 1, 4096, 0
3198, 38749, 1, 4096, 0
3198, 5252, 1, 4096, 0
3199, 266973, 1, 4096, 0
3199, 255850, 1, 4096, 0
3199, 7897, 1, 4096, 0
3199, 2772, 1, 4096, 0
3199, 2082, 1, 4096, 0
3199, 1715, 1, 4096, 0
3199, 2103, 1, 4096, 0
3200, 1065382, 1, 4096, 0
3200, 294987, 1, 4096, 0
3200, 7086, 1, 4096, 0
3200, 3647, 1, 4096, 0
3200, 3222, 1, 4096, 0
3200, 3387, 1, 4096, 0
3200, 2516, 1, 4096, 0
3202, 1440271, 1, 4096, 0
3202, 6967, 1, 4096, 0
3202, 114013, 1, 4096, 0
3202, 4533, 1, 4096, 0
3202, 2703, 1, 4096, 0
3202, 3885, 1, 4096, 0
3202, 3721, 1, 4096, 0
3202, 3176, 1, 4096, 0
3202, 2227, 1, 4096, 0
3202, 2620, 1, 4096, 0
3202, 477487, 1, 4096, 0
3203, 668632, 1, 4096, 0
3203, 5627, 1, 4096, 0
3203, 2370, 1, 4096, 0
3203, 2412, 1, 4096, 0
3203, 2652, 1, 4096, 0
3203, 2879, 1, 4096, 0
3203, 2642, 1, 4096, 0
3203, 9047, 1, 4096, 0
3203, 7762, 1, 4096, 0
3203, 7183, 1, 4096, 0
3204, 3135, 1, 4096, 0
3204, 4194, 1, 4096, 0
3204, 11787, 1, 4096, 0
3204, 6829, 1, 4096, 0
3204, 5857, 1, 4096, 0
3204, 5151, 1, 4096, 0
3205, 8997, 1, 4096, 0
3205, 4475, 1, 4096, 0
3205, 4670, 1, 4096, 0
3205, 6798, 1, 4096, 0
3206, 5700, 1, 4096, 0
3206, 4657, 1, 4096, 0
3206, 3924, 1, 4096, 0
3206, 4909, 1, 4096, 0
3207, 480743, 1, 4096, 0
3207, 5907, 1, 4096, 0
3207, 3257, 1, 4096, 0
3207, 3014, 1, 4096, 0
3207, 3022, 1, 4096, 0
3207, 2025, 1, 4096, 0
3208, 1426431, 1, 4096, 0
3208, 8604, 1, 4096, 0
3208, 3135, 1, 4096, 0
3209, 2926, 1, 4096, 0
3209, 3514, 1, 4096, 0
3209, 274591, 1, 4096, 0
3209, 281129, 1, 4096, 0
3209, 178025, 1, 4096, 0
3210, 1114510, 1, 4096, 0
3211, 180262, 1, 4096, 0
3211, 5927, 1, 4096, 0
3211, 2829, 1, 4096, 0
3211, 849483, 1, 4096, 0
3211, 8795, 1, 4096, 0
3212, 206139, 1, 4096, 0
3212, 32208, 1, 4096, 0
3212, 7366, 1, 4096, 0
3212, 3186, 1, 4096, 0
3212, 2814, 1, 4096, 0
3212, 2840, 1, 4096, 0
3212, 2691, 1, 4096, 0
3212, 2602, 1, 4096, 0
3212, 2616, 1, 4096, 0
3212, 597424, 1, 4096, 0
3212, 11034, 1, 4096, 0
3212, 2877, 1, 4096, 0
3212, 2934, 1, 4096, 0
3212, 2856, 1, 4096, 0
3212, 2831, 1, 4096, 0
3212, 2935, 1, 4096, 0
3212, 2852, 1, 4096, 0
3214, 1732337, 1, 4096, 0
3214, 6832, 1, 4096, 0
3214, 3484, 1, 4096, 0
3214, 2898, 1, 4096, 0
3214, 6722, 1, 4096, 0
3214, 5432, 1, 4096, 0
3214, 4160, 1, 4096, 0
3214, 3223, 1, 4096, 0
3216, 1736607, 1, 4096, 0
3216, 15905, 1, 4096, 0
3216, 89102, 1, 4096, 0
3217, 265956, 1, 4096, 0
3217, 237166, 1, 4096, 0
3217, 236530, 1, 4096, 0
3218, 848645, 1, 4096, 0
3218, 7440, 1, 4096, 0
3218, 3520, 1, 4096, 0
3218, 3017, 1, 4096, 0
3218, 3518, 1, 4096, 0
3218, 3275, 1, 4096, 0
3218, 2754, 1, 4096, 0
3218, 2512, 1, 4096, 0
3218, 316380, 1, 4096, 0
3218, 5940, 1, 4096, 0
3218, 144550, 1, 4096, 0
3218, 6413, 1, 4096, 0
3218, 2715, 1, 4096, 0
3218, 2142, 1, 4096, 0
3218, 3536, 1, 4096, 0
3218, 2651, 1, 4096, 0
3218, 8407, 1, 4096, 0
3218, 2723, 1, 4096, 0
3219, 5087, 1, 4096, 0
3219, 5945, 1, 4096, 0
3219, 10734, 1, 4096, 0
3220, 10814, 1, 4096, 0
3220, 3448, 1, 4096, 0
3221, 8771, 1, 4096, 0
3221, 5433, 1, 4096, 0
3221, 380805, 1, 4096, 0
3221, 122554, 1, 4096, 0
3221, 4167, 1, 4096, 0
3222, 462989, 1, 4096, 0
3222, 67150, 1, 4096, 0
3222, 508187, 1, 4096, 0
3223, 1103255, 1, 4096, 0
3224, 994541, 1, 4096, 0
3224, 6512, 1, 4096, 0
3224, 4733, 1, 4096, 0
3224, 4197, 1, 4096, 0
3225, 407633, 1, 4096, 0
3225, 455838, 1, 4096, 0
3225, 6198, 1, 4096, 0
3226, 145190, 1, 4096, 0
3226, 7470, 1, 4096, 0
3226, 3611, 1, 4096, 0
3226, 3382, 1, 4096, 0
3226, 3112, 1, 4096, 0
3226, 3331, 1, 4096, 0
3226, 3044, 1, 4096, 0
3226, 3074, 1, 4096, 0
3228, 2439287, 1, 4096, 0
3228, 290540, 1, 4096, 0
3228, 51861, 1, 4096, 0
3228, 31849, 1, 4096, 0
3229, 262808, 1, 4096, 0
3229, 4747, 1, 4096, 0
3229, 359131, 1, 4096, 0
3230, 534982, 1, 4096, 0
3230, 178942, 1, 4096, 0
3230, 4433, 1, 4096, 0
3230, 702390, 1, 4096, 0
3230, 5641, 1, 4096, 0
3232, 1228188, 1, 4096, 0
3233, 1197928, 1, 4096, 0
3233, 7254, 1, 4096, 0
3233, 328539, 1, 4096, 0
3233, 5518, 1, 4096, 0
3233, 2904, 1, 4096, 0
3234, 948799, 1, 4096, 0
3234, 259694, 1, 4096, 0
3236, 1131033, 1, 4096, 0
3236, 27612, 1, 4096, 0
3237, 884701, 1, 4096, 0
3237, 25618, 1, 4096, 0
3237, 4094, 1, 4096, 0
3237, 362493, 1, 4096, 0
3238, 1175897, 1, 4096, 0
3238, 63079, 1, 4096, 0
3238, 172583, 1, 4096, 0
3240, 1755473, 1, 4096, 0
3240, 48185, 1, 4096, 0
3240, 4335, 1, 4096, 0
3240, 44332, 1, 4096, 0
3241, 1060873, 1, 4096, 0
3241, 6368, 1, 4096, 0
3242, 1156583, 1, 4096, 0
3243, 59012, 1, 4096, 0
3243, 6792, 1, 4096, 0
3243, 4048, 1, 4096, 0
3243, 2426, 1, 4096, 0
3243, 2625, 1, 4096, 0
3243, 3517, 1, 4096, 0
3243, 2718, 1, 4096, 0
3243, 3521, 1, 4096, 0
3244, 1894079, 1, 4096, 0
3245, 9046, 1, 4096, 0
3245, 330488, 1, 4096, 0
3245, 37009, 1, 4096, 0
3246, 647678, 1, 4096, 0
3246, 4822, 1, 4096, 0
3246, 122870, 1, 4096, 0
3246, 7941, 1, 4096, 0
3246, 3310, 1, 4096, 0
3246, 2591, 1, 4096, 0
3246, 3632, 1, 4096, 0
3246, 2882, 1, 4096, 0
3246, 3172, 1, 4096, 0
3246, 2083, 1, 4096, 0
3246, 287767, 1, 4096, 0
3246, 7744, 1, 4096, 0
3246, 3015, 1, 4096, 0
3246, 2832, 1, 4096, 0
3246, 2005, 1, 4096, 0
3246, 3955, 1, 4096, 0
3246, 4760, 1, 4096, 0
3246, 3937, 1, 4096, 0
3247, 1313830, 1, 4096, 0
3247, 5917, 1, 4096, 0
3247, 3450, 1, 4096, 0
3247, 2895, 1, 4096, 0
3249, 1369338, 1, 4096, 0
3249, 6322, 1, 4096, 0
3249, 102920, 1, 4096, 0
3249, 5405, 1, 4096, 0
3249, 3895, 1, 4096, 0
3249, 278478, 1, 4096, 0
3249, 8704, 1, 4096, 0
3249, 77326, 1, 4096, 0
3249, 4909, 1, 4096, 0
3250, 229937, 1, 4096, 0
3250, 152869, 1, 4096, 0
3250, 9421, 1, 4096, 0
3250, 420450, 1, 4096, 0
3250, 9360, 1, 4096, 0
3250, 4268, 1, 4096, 0
3250, 3559, 1, 4096, 0
3250, 3906, 1, 4096, 0
3250, 3631, 1, 4096, 0
3250, 3617, 1, 4096, 0
3250, 3644, 1, 4096, 0
3252, 1720201, 1, 4096, 0
3253, 1417656, 1, 4096, 0
3253, 126979, 1, 4096, 0
3253, 4861, 1, 4096, 0
3253, 3215, 1, 4096, 0
3254, 498559, 1, 4096, 0
3254, 6699, 1, 4096, 0
3254, 3640, 1, 4096, 0
3254, 2200, 1, 4096, 0
3254, 480832, 1, 4096, 0
3254, 6422, 1, 4096, 0
3254, 4043, 1, 4096, 0
3254, 3513, 1, 4096, 0
3254, 3226, 1, 4096, 0
3254, 3104, 1, 4096, 0
3254, 3214, 1, 4096, 0
3254, 3034, 1, 4096, 0
3256, 1914665, 1, 4096, 0
3258, 1597214, 1, 4096, 0
3258, 8672, 1, 4096, 0
3258, 4335, 1, 4096, 0
3258, 2696, 1, 4096, 0
3258, 3687, 1, 4096, 0
3258, 3757, 1, 4096, 0
3258, 3690, 1, 4096, 0
3259, 512744, 1, 4096, 0
3260, 1709522, 1, 4096, 0
3260, 132102, 1, 4096, 0
3260, 8431, 1, 4096, 0
3260, 3428, 1, 4096, 0
3260, 3439, 1, 4096, 0
3260, 3708, 1, 4096, 0
3260, 3041, 1, 4096, 0
3260, 3881, 1, 4096, 0
3260, 3794, 1, 4096, 0
3263, 2532931, 1, 4096, 0
3263, 276538, 1, 4096, 0
3265, 1215354, 1, 4096, 0
3265, 430316, 1, 4096, 0
3265, 112344, 1, 4096, 0
3265, 290042, 1, 4096, 0
3265, 8373, 1, 4096, 0
3265, 4204, 1, 4096, 0
3265, 4460, 1, 4096, 0
3265, 4103, 1, 4096, 0
3265, 4973, 1, 4096, 0
3265, 3951, 1, 4096, 0
3265, 4746, 1, 4096, 0
3266, 298799, 1, 4096, 0
3266, 5901, 1, 4096, 0
3266, 3766, 1, 4096, 0
3266, 3825, 1, 4096, 0
3266, 2945, 1, 4096, 0
3267, 806930, 1, 4096, 0
3267, 10088, 1, 4096, 0
3267, 3885, 1, 4096, 0
3267, 3433, 1, 4096, 0
3267, 2647, 1, 4096, 0
3267, 3092, 1, 4096, 0
3267, 2796, 1, 4096, 0
3267, 3339, 1, 4096, 0
3268, 6768, 1, 4096, 0
3268, 5870, 1, 4096, 0
3269, 510451, 1, 4096, 0
3269, 8638, 1, 4096, 0
3269, 292472, 1, 4096, 0
3269, 4010, 1, 4096, 0
3269, 3445, 1, 4096, 0
3269, 343167, 1, 4096, 0
3269, 8006, 1, 4096, 0
3269, 3478, 1, 4096, 0
3270, 352507, 1, 4096, 0
3270, 113172, 1, 4096, 0
3270, 3273, 1, 4096, 0
3270, 2059, 1, 4096, 0
3270, 493344, 1, 4096, 0
3271, 787182, 1, 4096, 0
3271, 5258, 1, 4096, 0
3271, 3650, 1, 4096, 0
3272, 411503, 1, 4096, 0
3272, 6889, 1, 4096, 0
3272, 2653, 1, 4096, 0
3272, 3140, 1, 4096, 0
3272, 2881, 1, 4096, 0
3273, 1629814, 1, 4096, 0
3274, 667018, 1, 4096, 0
3275, 754336, 1, 4096, 0
3275, 132425, 1, 4096, 0
3275, 5590, 1, 4096, 0
3275, 2898, 1, 4096, 0
3275, 2105, 1, 4096, 0
3275, 2454, 1, 4096, 0
3275, 2626, 1, 4096, 0
3275, 2998, 1, 4096, 0
3275, 2869, 1, 4096, 0
3278, 2584651, 1, 4096, 0
3278, 6535, 1, 4096, 0
3278, 264973, 1, 4096, 0
3278, 6350, 1, 4096, 0
3278, 130301, 1, 4096, 0
3279, 231392, 1, 4096, 0
3279, 522976, 1, 4096, 0
3279, 5979, 1, 4096, 0
3280, 1118931, 1, 4096, 0
3280, 4673, 1, 4096, 0
3280, 4756, 1, 4096, 0
3281, 459790, 1, 4096, 0
3281, 4656, 1, 4096, 0
3281, 81263, 1, 4096, 0
3282, 1416894, 1, 4096, 0
3282, 142058, 1, 4096, 0
3283, 253313, 1, 4096, 0
3283, 4757, 1, 4096, 0
3283, 764002, 1, 4096, 0
3283, 7196, 1, 4096, 0
3283, 2915, 1, 4096, 0
3283, 3022, 1, 4096, 0
3283, 3190, 1, 4096, 0
3283, 3231, 1, 4096, 0
3283, 3000, 1, 4096, 0
3283, 3411, 1, 4096, 0
3286, 2647513, 1, 4096, 0
3286, 5053, 1, 4096, 0
3286, 2516, 1, 4096, 0
3286, 3421, 1, 4096, 0
3286, 3344, 1, 4096, 0
3286, 246384, 1, 4096, 0
3286, 74980, 1, 4096, 0
3286, 9434, 1, 4096, 0
3287, 332855, 1, 4096, 0
3287, 5889, 1, 4096, 0
3287, 3874, 1, 4096, 0
3287, 4675, 1, 4096, 0
3287, 3611, 1, 4096, 0
3287, 3320, 1, 4096, 0
3287, 4268, 1, 4096, 0
3287, 3163, 1, 4096, 0
3289, 1818081, 1, 4096, 0
3289, 795023, 1, 4096, 0
3289, 4450, 1, 4096, 0
3290, 608463, 1, 4096, 0
3290, 4619, 1, 4096, 0
3290, 3657, 1, 4096, 0
3290, 199379, 1, 4096, 0
3290, 4379, 1, 4096, 0
3291, 736152, 1, 4096, 0
3291, 3382, 1, 4096, 0
3292, 703530, 1, 4096, 0
3292, 11760, 1, 4096, 0
3292, 655173, 1, 4096, 0
3292, 8913, 1, 4096, 0
3292, 3502, 1, 4096, 0
3292, 2849, 1, 4096, 0
3292, 2905, 1, 4096, 0
3292, 2927, 1, 4096, 0
3292, 2940, 1, 4096, 0
3292, 4161, 1, 4096, 0
3295, 2258921, 1, 4096, 0
3295, 13821, 1, 4096, 0
3295, 354376, 1, 4096, 0
3295, 5153, 1, 4096, 0
3295, 3258, 1, 4096, 0
3296, 469218, 1, 4096, 0
3296, 5058, 1, 4096, 0
3296, 3383, 1, 4096, 0
3296, 2958, 1, 4096, 0
3296, 3963, 1, 4096, 0
3296, 3879, 1, 4096, 0
3296, 4462, 1, 4096, 0
3296, 3761, 1, 4096, 0
3296, 448709, 1, 4096, 0
3296, 8059, 1, 4096, 0
3296, 3410, 1, 4096, 0
3296, 6422, 1, 4096, 0
3296, 3198, 1, 4096, 0
3296, 3422, 1, 4096, 0
3296, 6150, 1, 4096, 0
3298, 1637441, 1, 4096, 0
3298, 173064, 1, 4096, 0
3298, 359386, 1, 4096, 0
3299, 240530, 1, 4096, 0
3299, 743677, 1, 4096, 0
3299, 4145, 1, 4096, 0
3299, 2673, 1, 4096, 0
3299, 2938, 1, 4096, 0
3300, 494040, 1, 4096, 0
3301, 860177, 1, 4096, 0
3301, 148763, 1, 4096, 0
3301, 198403, 1, 4096, 0
3301, 8097, 1, 4096, 0
3301, 3357, 1, 4096, 0
3301, 5391, 1, 4096, 0
3301, 3751, 1, 4096, 0
3301, 3618, 1, 4096, 0
3301, 4137, 1, 4096, 0
3301, 3875, 1, 4096, 0
3303, 1945167, 1, 4096, 0
3304, 950336, 1, 4096, 0
3304, 139635, 1, 4096, 0
3305, 385750, 1, 4096, 0
3305, 5421, 1, 4096, 0
3305, 119857, 1, 4096, 0
3305, 4417, 1, 4096, 0
3305, 3798, 1, 4096, 0
3306, 1392312, 1, 4096, 0
3306, 204804, 1, 4096, 0
3307, 288390, 1, 4096, 0
3307, 5086, 1, 4096, 0
3307, 4683, 1, 4096, 0
3308, 1094044, 1, 4096, 0
3308, 5046, 1, 4096, 0
3308, 81354, 1, 4096, 0
3308, 119287, 1, 4096, 0
3308, 5925, 1, 4096, 0
3308, 3956, 1, 4096, 0
3308, 4198, 1, 4096, 0
3308, 3263, 1, 4096, 0
3308, 3043, 1, 4096, 0
3308, 3721, 1, 4096, 0
3308, 3261, 1, 4096, 0
3310, 1884487, 1, 4096, 0
3310, 6828, 1, 4096, 0
3310, 4935, 1, 4096, 0
3310, 3729, 1, 4096, 0
3310, 2656, 1, 4096, 0
3310, 3690, 1, 4096, 0
3310, 532080, 1, 4096, 0
3312, 1464221, 1, 4096, 0
3312, 6091, 1, 4096, 0
3312, 3483, 1, 4096, 0
3312, 307426, 1, 4096, 0
3312, 6895, 1, 4096, 0
3312, 219959, 1, 4096, 0
3312, 58192, 1, 4096, 0
3312, 7135, 1, 4096, 0
3312, 3708, 1, 4096, 0
3312, 3142, 1, 4096, 0
3312, 3208, 1, 4096, 0
3312, 4826, 1, 4096, 0
3313, 3827, 1, 4096, 0
3313, 2953, 1, 4096, 0
3314, 1706580, 1, 4096, 0
3314, 4007, 1, 4096, 0
3314, 2814, 1, 4096, 0
3314, 2658, 1, 4096, 0
3314, 2384, 1, 4096, 0
3314, 1876, 1, 4096, 0
3314, 2350, 1, 4096, 0
3314, 2538, 1, 4096, 0
3316, 1469451, 1, 4096, 0
3316, 485975, 1, 4096, 0
3316, 7864, 1, 4096, 0
3316, 3207, 1, 4096, 0
3316, 3902, 1, 4096, 0
3317, 704539, 1, 4096, 0
3317, 350752, 1, 4096, 0
3317, 4989, 1, 4096, 0
3318, 370833, 1, 4096, 0
3318, 5200, 1, 4096, 0
3318, 2987, 1, 4096, 0
3318, 656473, 1, 4096, 0
3318, 4867, 1, 4096, 0
3319, 790029, 1, 4096, 0
3319, 4942, 1, 4096, 0
3319, 4156, 1, 4096, 0
3319, 4006, 1, 4096, 0
3319, 2889, 1, 4096, 0
3320, 320834, 1, 4096, 0
3320, 157387, 1, 4096, 0
3321, 1296544, 1, 4096, 0
3322, 1338441, 1, 4096, 0
3322, 6231, 1, 4096, 0
3322, 9884, 1, 4096, 0
3322, 4558, 1, 4096, 0
3322, 3606, 1, 4096, 0
3322, 3388, 1, 4096, 0
3322, 135264, 1, 4096, 0
3323, 683969, 1, 4096, 0
3323, 5820, 1, 4096, 0
3323, 204568, 1, 4096, 0
3324, 303804, 1, 4096, 0
3324, 200976, 1, 4096, 0
3324, 4740, 1, 4096, 0
3324, 3643, 1, 4096, 0
3324, 3669, 1, 4096, 0
3325, 1203403, 1, 4096, 0
3325, 6152, 1, 4096, 0
3325, 3664, 1, 4096, 0
3325, 3845, 1, 4096, 0
3325, 3480, 1, 4096, 0
3325, 3727, 1, 4096, 0
3325, 3510, 1, 4096, 0
3325, 2908, 1, 4096, 0
3325, 104614, 1, 4096, 0
3327, 1933936, 1, 4096, 0
3327, 5783, 1, 4096, 0
3328, 222313, 1, 4096, 0
3328, 8565, 1, 4096, 0
3328, 3302, 1, 4096, 0
3328, 3155, 1, 4096, 0
3328, 2836, 1, 4096, 0
3328, 4891, 1, 4096, 0
3328, 144485, 1, 4096, 0
3328, 402285, 1, 4096, 0
3329, 480573, 1, 4096, 0
3330, 833727, 1, 4096, 0
3330, 268911, 1, 4096, 0
3330, 8221, 1, 4096, 0
3331, 806472, 1, 4096, 0
3331, 428689, 1, 4096, 0
3331, 9962, 1, 4096, 0
3331, 2350, 1, 4096, 0
3331, 3160, 1, 4096, 0
3331, 3772, 1, 4096, 0
3331, 2914, 1, 4096, 0
3331, 3835, 1, 4096, 0
3331, 6370, 1, 4096, 0
3332, 1076718, 1, 4096, 0
3332, 5693, 1, 4096, 0
3332, 2705, 1, 4096, 0
3332, 3160, 1, 4096, 0
3332, 2911, 1, 4096, 0
3335, 2067529, 1, 4096, 0
3335, 5025, 1, 4096, 0
3335, 3247, 1, 4096, 0
3335, 3629, 1, 4096, 0
3335, 3843, 1, 4096, 0
3335, 3604, 1, 4096, 0
3335, 3333, 1, 4096, 0
3335, 705496, 1, 4096, 0
3335, 4341, 1, 4096, 0
3335, 2732, 1, 4096, 0
3335, 2251, 1, 4096, 0
3335, 2035, 1, 4096, 0
3335, 1988, 1, 4096, 0
3336, 703344, 1, 4096, 0
3336, 7952, 1, 4096, 0
3336, 3273, 1, 4096, 0
3336, 2652, 1, 4096, 0
3336, 2639, 1, 4096, 0
3336, 2570, 1, 4096, 0
3336, 308721, 1, 4096, 0
3337, 403355, 1, 4096, 0
3337, 163595, 1, 4096, 0
3337, 371988, 1, 4096, 0
3338, 969337, 1, 4096, 0
3338, 10459, 1, 4096, 0
3339, 201054, 1, 4096, 0
3339, 6144, 1, 4096, 0
3339, 3044, 1, 4096, 0
3339, 97083, 1, 4096, 0
3339, 3530, 1, 4096, 0
3339, 318497, 1, 4096, 0
3339, 7219, 1, 4096, 0
3340, 875923, 1, 4096, 0
3340, 7682, 1, 4096, 0
3340, 3022, 1, 4096, 0
3340, 94715, 1, 4096, 0
3341, 527849, 1, 4096, 0
3341, 7978, 1, 4096, 0
3341, 3902, 1, 4096, 0
3341, 4008, 1, 4096, 0
3342, 1609167, 1, 4096, 0
3342, 5995, 1, 4096, 0
3342, 2967, 1, 4096, 0
3342, 4767, 1, 4096, 0
3343, 732467, 1, 4096, 0
3343, 6132, 1, 4096, 0
3343, 4437, 1, 4096, 0
3343, 3572, 1, 4096, 0
3343, 3809, 1, 4096, 0
3344, 939763, 1, 4096, 0
3344, 4344, 1, 4096, 0
3345, 1019059, 1, 4096, 0
3345, 8247, 1, 4096, 0
3345, 3171, 1, 4096, 0
3345, 4672, 1, 4096, 0
3345, 3157, 1, 4096, 0
3345, 2930, 1, 4096, 0
3345, 2886, 1, 4096, 0
3345, 2822, 1, 4096, 0
3345, 385221, 1, 4096, 0
3345, 9818, 1, 4096, 0
3345, 3788, 1, 4096, 0
3346, 245556, 1, 4096, 0
3346, 4490, 1, 4096, 0
3346, 2855, 1, 4096, 0
3346, 257402, 1, 4096, 0
3346, 6781, 1, 4096, 0
3346, 3167, 1, 4096, 0
3347, 412519, 1, 4096, 0
3347, 393342, 1, 4096, 0
3347, 285708, 1, 4096, 0
3348, 463808, 1, 4096, 0
3348, 6044, 1, 4096, 0
3348, 531493, 1, 4096, 0
3348, 209126, 1, 4096, 0
3349, 360978, 1, 4096, 0
3349, 6099, 1, 4096, 0
3349, 3009, 1, 4096, 0
3349, 242692, 1, 4096, 0
3349, 5360, 1, 4096, 0
3351, 2181310, 1, 4096, 0
3351, 21431, 1, 4096, 0
3351, 32294, 1, 4096, 0
3352, 453039, 1, 4096, 0
3352, 3675, 1, 4096, 0
3353, 935077, 1, 4096, 0
3353, 6390, 1, 4096, 0
3354, 737443, 1, 4096, 0
3354, 852542, 1, 4096, 0
3354, 6145, 1, 4096, 0
3354, 2985, 1, 4096, 0
3354, 1747, 1, 4096, 0
3355, 240293, 1, 4096, 0
3355, 307240, 1, 4096, 0
3356, 972976, 1, 4096, 0
3356, 5905, 1, 4096, 0
3356, 3927, 1, 4096, 0
3356, 3271, 1, 4096, 0
3356, 3061, 1, 4096, 0
3356, 3630, 1, 4096, 0
3356, 2952, 1, 4096, 0
3356, 2535, 1, 4096, 0
3357, 1216176, 1, 4096, 0
3357, 7547, 1, 4096, 0
3357, 3809, 1, 4096, 0
3357, 3310, 1, 4096, 0
3357, 3559, 1, 4096, 0
3357, 3449, 1, 4096, 0
3357, 2913, 1, 4096, 0
3357, 3016, 1, 4096, 0
3359, 1571600, 1, 4096, 0
3359, 488240, 1, 4096, 0
3360, 251938, 1, 4096, 0
3360, 64162, 1, 4096, 0
3360, 8366, 1, 4096, 0
3360, 183352, 1, 4096, 0
3360, 8610, 1, 4096, 0
3360, 3634, 1, 4096, 0
3360, 2664, 1, 4096, 0
3360, 3671, 1, 4096, 0
3360, 3347, 1, 4096, 0
3360, 2518, 1, 4096, 0
3360, 2700, 1, 4096, 0
3362, 2350345, 1, 4096, 0
3363, 455013, 1, 4096, 0
3363, 5950, 1, 4096, 0
3363, 3415, 1, 4096, 0
3363, 3421, 1, 4096, 0
3363, 478143, 1, 4096, 0
3365, 1890095, 1, 4096, 0
3365, 6953, 1, 4096, 0
3365, 3685, 1, 4096, 0
3365, 180388, 1, 4096, 0
3365, 5208, 1, 4096, 0
3365, 3830, 1, 4096, 0
3366, 219227, 1, 4096, 0
3366, 192928, 1, 4096, 0
3367, 997543, 1, 4096, 0
3368, 806044, 1, 4096, 0
3368, 7100, 1, 4096, 0
3368, 3130, 1, 4096, 0
3369, 1446750, 1, 4096, 0
3369, 5957, 1, 4096, 0
3369, 3547, 1, 4096, 0
3371, 1910190, 1, 4096, 0
3371, 6834, 1, 4096, 0
3371, 3462, 1, 4096, 0
3371, 3167, 1, 4096, 0
3371, 198968, 1, 4096, 0
3372, 1124435, 1, 4096, 0
3372, 6693, 1, 4096, 0
3372, 4191, 1, 4096, 0
3372, 6398, 1, 4096, 0
3372, 2906, 1, 4096, 0
3372, 4337, 1, 4096, 0
3372, 4261, 1, 4096, 0
3372, 3590, 1, 4096, 0
3375, 2142987, 1, 4096, 0
3375, 8776, 1, 4096, 0
3375, 3672, 1, 4096, 0
3375, 3147, 1, 4096, 0
3375, 2989, 1, 4096, 0
3375, 287835, 1, 4096, 0
3375, 5029, 1, 4096, 0
3378, 3064762, 1, 4096, 0
3378, 10364, 1, 4096, 0
3379, 570722, 1, 4096, 0
3379, 7398, 1, 4096, 0
3379, 540221, 1, 4096, 0
3380, 913003, 1, 4096, 0
3380, 6241, 1, 4096, 0
3381, 703499, 1, 4096, 0
3381, 3296, 1, 4096, 0
3381, 2705, 1, 4096, 0
3381, 2099, 1, 4096, 0
3381, 1789, 1, 4096, 0
3381, 597229, 1, 4096, 0
3383, 1328386, 1, 4096, 0
3383, 228477, 1, 4096, 0
3383, 3784, 1, 4096, 0
3384, 867211, 1, 4096, 0
3384, 296270, 1, 4096, 0
3384, 4762, 1, 4096, 0
3384, 70507, 1, 4096, 0
3384, 4181, 1, 4096, 0
3386, 1390939, 1, 4096, 0
3386, 5064, 1, 4096, 0
3386, 188702, 1, 4096, 0
3386, 305589, 1, 4096, 0
3386, 302063, 1, 4096, 0
3386, 3471, 1, 4096, 0
3387, 520460, 1, 4096, 0
3388, 819432, 1, 4096, 0
3389, 1137040, 1, 4096, 0
3389, 7900, 1, 4096, 0
3390, 859131, 1, 4096, 0
3390, 292765, 1, 4096, 0
3390, 3316, 1, 4096, 0
3390, 3249, 1, 4096, 0
3391, 789804, 1, 4096, 0
3391, 4238, 1, 4096, 0
3391, 557040, 1, 4096, 0
3391, 6558, 1, 4096, 0
3391, 4867, 1, 4096, 0
3391, 3303, 1, 4096, 0
3391, 3583, 1, 4096, 0
3391, 3846, 1, 4096, 0
3391, 4340, 1, 4096, 0
3391, 5849, 1, 4096, 0
3394, 2480025, 1, 4096, 0
3395, 667870, 1, 4096, 0
3395, 6722, 1, 4096, 0
3395, 3430, 1, 4096, 0
3395, 4455, 1, 4096, 0
3395, 2987, 1, 4096, 0
3395, 303582, 1, 4096, 0
3395, 7758, 1, 4096, 0
3395, 4557, 1, 4096, 0
3395, 3574, 1, 4096, 0
3395, 3651, 1, 4096, 0
3395, 3302, 1, 4096, 0
3395, 3953, 1, 4096, 0
3395, 3471, 1, 4096, 0
3399, 3627524, 1, 4096, 0
3399, 8966, 1, 4096, 0
3399, 4257, 1, 4096, 0
3399, 201481, 1, 4096, 0
3399, 3769, 1, 4096, 0
3399, 289073, 1, 4096, 0
3400, 395069, 1, 4096, 0
3400, 419697, 1, 4096, 0
3401, 1067291, 1, 4096, 0
3401, 8080, 1, 4096, 0
3401, 176224, 1, 4096, 0
3401, 84236, 1, 4096, 0
3401, 111748, 1, 4096, 0
3402, 382092, 1, 4096, 0
3402, 5054, 1, 4096, 0
3402, 689808, 1, 4096, 0
3405, 2001011, 1, 4096, 0
3405, 5776, 1, 4096, 0
3405, 4024, 1, 4096, 0
3405, 736953, 1, 4096, 0
3405, 5519, 1, 4096, 0
3405, 3036, 1, 4096, 0
3406, 334061, 1, 4096, 0
3406, 245859, 1, 4096, 0
3406, 339382, 1, 4096, 0
3407, 1075427, 1, 4096, 0
3407, 10298, 1, 4096, 0
3408, 871505, 1, 4096, 0
3408, 5748, 1, 4096, 0
3408, 292192, 1, 4096, 0
3408, 5013, 1, 4096, 0
3408, 6202, 1, 4096, 0
3410, 1457062, 1, 4096, 0
3411, 1518311, 1, 4096, 0
3411, 7513, 1, 4096, 0
3411, 3520, 1, 4096, 0
3412, 538407, 1, 4096, 0
3412, 6766, 1, 4096, 0
3412, 3033, 1, 4096, 0
3412, 3340, 1, 4096, 0
3412, 1999, 1, 4096, 0
3412, 2220, 1, 4096, 0
3412, 2958, 1, 4096, 0
3412, 3082, 1, 4096, 0
3414, 1703161, 1, 4096, 0
3415, 911870, 1, 4096, 0
3415, 540471, 1, 4096, 0
3415, 8789, 1, 4096, 0
3416, 749119, 1, 4096, 0
3416, 5977, 1, 4096, 0
3416, 3773, 1, 4096, 0
3416, 3300, 1, 4096, 0
3416, 2885, 1, 4096, 0
3418, 1743209, 1, 4096, 0
3418, 7517, 1, 4096, 0
3418, 314912, 1, 4096, 0
3418, 7083, 1, 4096, 0
3418, 3791, 1, 4096, 0
3418, 3604, 1, 4096, 0
3418, 3575, 1, 4096, 0
3418, 3453, 1, 4096, 0
3418, 3746, 1, 4096, 0
3418, 3830, 1, 4096, 0
3420, 1952011, 1, 4096, 0
3420, 8265, 1, 4096, 0
3420, 2694, 1, 4096, 0
3420, 2268, 1, 4096, 0
3420, 1970, 1, 4096, 0
3421, 933224, 1, 4096, 0
3421, 104365, 1, 4096, 0
3421, 3927, 1, 4096, 0
3423, 1560709, 1, 4096, 0
3423, 4572, 1, 4096, 0
3423, 3572, 1, 4096, 0
3424, 1010851, 1, 4096, 0
3424, 522928, 1, 4096, 0
3424, 11089, 1, 4096, 0
3424, 3889, 1, 4096, 0
3424, 11269, 1, 4096, 0
3424, 3961, 1, 4096, 0
3424, 3299, 1, 4096, 0
3424, 3942, 1, 4096, 0
3424, 3984, 1, 4096, 0
3425, 356298, 1, 4096, 0
3425, 7338, 1, 4096, 0
3425, 4575, 1, 4096, 0
3425, 3211, 1, 4096, 0
3425, 526585, 1, 4096, 0
3425, 7024, 1, 4096, 0
3425, 4766, 1, 4096, 0
3425, 19650, 1, 4096, 0
3425, 5491, 1, 4096, 0
3425, 4328, 1, 4096, 0
3425, 3472, 1, 4096, 0
3425, 3259, 1, 4096, 0
3425, 15241, 1, 4096, 0
3426, 5786, 1, 4096, 0
3426, 8349, 1, 4096, 0
3427, 74459, 1, 4096, 0
3428, 203007, 1, 4096, 0
3428, 7093, 1, 4096, 0
3429, 1572704, 1, 4096, 0
3429, 9141, 1, 4096, 0
3429, 4129, 1, 4096, 0
3429, 139784, 1, 4096, 0
3429, 20020, 1, 4096, 0
3429, 3196, 1, 4096, 0
3430, 597546, 1, 4096, 0
3430, 5090, 1, 4096, 0
3430, 2792, 1, 4096, 0
3430, 250124, 1, 4096, 0
3430, 168972, 1, 4096, 0
3432, 1572217, 1, 4096, 0
3432, 9133, 1, 4096, 0
3432, 49765, 1, 4096, 0
3432, 7928, 1, 4096, 0
3432, 4732, 1, 4096, 0
3432, 3194, 1, 4096, 0
3432, 3301, 1, 4096, 0
3433, 631808, 1, 4096, 0
3433, 5496, 1, 4096, 0
3433, 266132, 1, 4096, 0
3433, 6072, 1, 4096, 0
3433, 3329, 1, 4096, 0
3433, 2900, 1, 4096, 0
3433, 2744, 1, 4096, 0
3433, 3686, 1, 4096, 0
3433, 4604, 1, 4096, 0
3433, 3510, 1, 4096, 0
3436, 2896619, 1, 4096, 0
3436, 303560, 1, 4096, 0
3436, 4805, 1, 4096, 0
3436, 3047, 1, 4096, 0
3436, 3408, 1, 4096, 0
3437, 468562, 1, 4096, 0
3438, 853338, 1, 4096, 0
3438, 176115, 1, 4096, 0
3438, 6501, 1, 4096, 0
3438, 3556, 1, 4096, 0
3438, 3476, 1, 4096, 0
3438, 3191, 1, 4096, 0
3438, 3935, 1, 4096, 0
3438, 438476, 1, 4096, 0
3438, 7524, 1, 4096, 0
3438, 3398, 1, 4096, 0
3438, 3748, 1, 4096, 0
3438, 3024, 1, 4096, 0
3438, 3748, 1, 4096, 0
3438, 2753, 1, 4096, 0
3439, 407590, 1, 4096, 0
3441, 2028267, 1, 4096, 0
3441, 6457, 1, 4096, 0
3441, 4513, 1, 4096, 0
3441, 3287, 1, 4096, 0
3441, 3924, 1, 4096, 0
3441, 3239, 1, 4096, 0
3441, 3776, 1, 4096, 0
3442, 1316287, 1, 4096, 0
3444, 1876495, 1, 4096, 0
3444, 7667, 1, 4096, 0
3444, 3289, 1, 4096, 0
3444, 2780, 1, 4096, 0
3444, 3279, 1, 4096, 0
3444, 3897, 1, 4096, 0
3444, 3753, 1, 4096, 0
3444, 3237, 1, 4096, 0
3447, 2967705, 1, 4096, 0
3447, 7116, 1, 4096, 0
3447, 3696, 1, 4096, 0
3447, 2842, 1, 4096, 0
3447, 3046, 1, 4096, 0
3447, 3109, 1, 4096, 0
3447, 3287, 1, 4096, 0
3447, 4347, 1, 4096, 0
3448, 538809, 1, 4096, 0
3448, 116423, 1, 4096, 0
3448, 5398, 1, 4096, 0
3448, 247017, 1, 4096, 0
3448, 9261, 1, 4096, 0
3448, 379813, 1, 4096, 0
3448, 119041, 1, 4096, 0
3448, 19166, 1, 4096, 0
3449, 102995, 1, 4096, 0
3449, 8505, 1, 4096, 0
3449, 3274, 1, 4096, 0
3449, 3546, 1, 4096, 0
3449, 3484, 1, 4096, 0
3449, 3192, 1, 4096, 0
3449, 3508, 1, 4096, 0
3449, 2781, 1, 4096, 0
3449, 7420, 1, 4096, 0
3449, 6185, 1, 4096, 0
3450, 4823, 1, 4096, 0
3450, 5303, 1, 4096, 0
3450, 2721, 1, 4096, 0
3451, 10795, 1, 4096, 0
3451, 578557, 1, 4096, 0
3452, 474240, 1, 4096, 0
3452, 528161, 1, 4096, 0
3452, 6282, 1, 4096, 0
3452, 3209, 1, 4096, 0
3452, 2452, 1, 4096, 0
3452, 4062, 1, 4096, 0
3455, 2682407, 1, 4096, 0
3455, 224726, 1, 4096, 0
3456, 308352, 1, 4096, 0
3456, 684274, 1, 4096, 0
3456, 8954, 1, 4096, 0
3456, 4121, 1, 4096, 0
3456, 3233, 1, 4096, 0
3456, 3038, 1, 4096, 0
3456, 3951, 1, 4096, 0
3456, 4168, 1, 4096, 0
3456, 3691, 1, 4096, 0
3457, 727975, 1, 4096, 0
3457, 8990, 1, 4096, 0
3457, 4541, 1, 4096, 0
3457, 3238, 1, 4096, 0
3457, 2208, 1, 4096, 0
3457, 3020, 1, 4096, 0
3457, 2675, 1, 4096, 0
3457, 2344, 1, 4096, 0
3458, 925952, 1, 4096, 0
3458, 5957, 1, 4096, 0
3458, 3749, 1, 4096, 0
3458, 3928, 1, 4096, 0
3458, 3002, 1, 4096, 0
3458, 3956, 1, 4096, 0
3458, 3110, 1, 4096, 0
3459, 9732, 1, 4096, 0
3461, 2742608, 1, 4096, 0
3461, 39837, 1, 4096, 0
3461, 7601, 1, 4096, 0
3461, 5856, 1, 4096, 0
3461, 4175, 1, 4096, 0
3461, 3750, 1, 4096, 0
3461, 4261, 1, 4096, 0
3462, 507093, 1, 4096, 0
3462, 88747, 1, 4096, 0
3464, 1589820, 1, 4096, 0
3464, 5958, 1, 4096, 0
3464, 3317, 1, 4096, 0
3464, 3250, 1, 4096, 0
3464, 3499, 1, 4096, 0
3464, 2899, 1, 4096, 0
3464, 2903, 1, 4096, 0
3464, 2929, 1, 4096, 0
3464, 504430, 1, 4096, 0
3466, 1363547, 1, 4096, 0
3466, 7462, 1, 4096, 0
3466, 94942, 1, 4096, 0
3466, 306579, 1, 4096, 0
3466, 7554, 1, 4096, 0
3466, 118988, 1, 4096, 0
3466, 99444, 1, 4096, 0
3467, 1071400, 1, 4096, 0
3467, 191099, 1, 4096, 0
3468, 108389, 1, 4096, 0
3468, 4873, 1, 4096, 0
3468, 443590, 1, 4096, 0
3469, 1215011, 1, 4096, 0
3469, 6675, 1, 4096, 0
3469, 3435, 1, 4096, 0
3470, 425884, 1, 4096, 0
3470, 726890, 1, 4096, 0
3471, 222970, 1, 4096, 0
3472, 1244696, 1, 4096, 0
3472, 6410, 1, 4096, 0
3472, 4079, 1, 4096, 0
3472, 3536, 1, 4096, 0
3472, 312248, 1, 4096, 0
3472, 201114, 1, 4096, 0
3473, 311261, 1, 4096, 0
3473, 6712, 1, 4096, 0
3473, 3840, 1, 4096, 0
3473, 3871, 1, 4096, 0
3473, 2747, 1, 4096, 0
3473, 2009, 1, 4096, 0
3473, 3415, 1, 4096, 0
3473, 3613, 1, 4096, 0
3475, 2472355, 1, 4096, 0
3475, 8047, 1, 4096, 0
3476, 391053, 1, 4096, 0
3476, 5960, 1, 4096, 0
3476, 240969, 1, 4096, 0
3476, 481141, 1, 4096, 0
3478, 1217299, 1, 4096, 0
3478, 513761, 1, 4096, 0
3479, 650342, 1, 4096, 0
3479, 468926, 1, 4096, 0
3480, 214716, 1, 4096, 0
3481, 968498, 1, 4096, 0
3481, 777512, 1, 4096, 0
3481, 6237, 1, 4096, 0
3481, 3770, 1, 4096, 0
3481, 3225, 1, 4096, 0
3481, 3550, 1, 4096, 0
3481, 9638, 1, 4096, 0
3481, 5300, 1, 4096, 0
3481, 3769, 1, 4096, 0
3484, 3119578, 1, 4096, 0
3485, 869455, 1, 4096, 0
3485, 8014, 1, 4096, 0
3485, 4904, 1, 4096, 0
3486, 777430, 1, 4096, 0
3487, 672779, 1, 4096, 0
3488, 862907, 1, 4096, 0
3488, 8945, 1, 4096, 0
3489, 1021383, 1, 4096, 0
3489, 8659, 1, 4096, 0
3490, 957940, 1, 4096, 0
3490, 516141, 1, 4096, 0
3491, 676115, 1, 4096, 0
3491, 6595, 1, 4096, 0
3491, 2797, 1, 4096, 0
3491, 2311, 1, 4096, 0
3491, 1903, 1, 4096, 0
3491, 4350, 1, 4096, 0
3491, 2174, 1, 4096, 0
3491, 2473, 1, 4096, 0
3493, 1614519, 1, 4096, 0
3493, 805506, 1, 4096, 0
3493, 7158, 1, 4096, 0
3493, 4343, 1, 4096, 0
3494, 599159, 1, 4096, 0
3494, 6718, 1, 4096, 0
3494, 3983, 1, 4096, 0
3494, 4307, 1, 4096, 0
3494, 2927, 1, 4096, 0
3494, 3159, 1, 4096, 0
3494, 3492, 1, 4096, 0
3494, 2799, 1, 4096, 0
3495, 462253, 1, 4096, 0
3495, 7850, 1, 4096, 0
3495, 3902, 1, 4096, 0
3495, 3288, 1, 4096, 0
3495, 3128, 1, 4096, 0
3495, 3582, 1, 4096, 0
3495, 3426, 1, 4096, 0
3495, 2421, 1, 4096, 0
3496, 1339143, 1, 4096, 0
3496, 8069, 1, 4096, 0
3496, 4034, 1, 4096, 0
3496, 3171, 1, 4096, 0
3496, 3768, 1, 4096, 0
3496, 3022, 1, 4096, 0
3496, 10198, 1, 4096, 0
3497, 4350, 1, 4096, 0
3497, 6318, 1, 4096, 0
3497, 11337, 1, 4096, 0
3497, 225060, 1, 4096, 0
3498, 211278, 1, 4096, 0
3498, 588643, 1, 4096, 0
3498, 46066, 1, 4096, 0
3499, 233133, 1, 4096, 0
3499, 795617, 1, 4096, 0
3500, 355948, 1, 4096, 0
3500, 313375, 1, 4096, 0
3501, 1366567, 1, 4096, 0
3501, 4524, 1, 4096, 0
3501, 2409, 1, 4096, 0
3502, 202597, 1, 4096, 0
3502, 2050, 1, 4096, 0
3502, 306140, 1, 4096, 0
3502, 177393, 1, 4096, 0
3502, 17125, 1, 4096, 0
3504, 2044334, 1, 4096, 0
3504, 4575, 1, 4096, 0
3504, 3473, 1, 4096, 0
3504, 2220, 1, 4096, 0
3505, 651917, 1, 4096, 0
3505, 484881, 1, 4096, 0
3506, 274453, 1, 4096, 0
3508, 2415186, 1, 4096, 0
3508, 4936, 1, 4096, 0
3508, 5262, 1, 4096, 0
3509, 1137331, 1, 4096, 0
3511, 1733306, 1, 4096, 0
3511, 7870, 1, 4096, 0
3511, 4657, 1, 4096, 0
3511, 3044, 1, 4096, 0
3511, 299827, 1, 4096, 0
3511, 7885, 1, 4096, 0
3511, 3606, 1, 4096, 0
3511, 3814, 1, 4096, 0
3511, 2943, 1, 4096, 0
3511, 2870, 1, 4096, 0
3511, 3779, 1, 4096, 0
3511, 9392, 1, 4096, 0
3515, 3324471, 1, 4096, 0
3515, 204378, 1, 4096, 0
3515, 6096, 1, 4096, 0
3515, 3804, 1, 4096, 0
3515, 99841, 1, 4096, 0
3515, 89078, 1, 4096, 0
3515, 7786, 1, 4096, 0
3515, 3960, 1, 4096, 0
3515, 3786, 1, 4096, 0
3515, 4073, 1, 4096, 0
3515, 4354, 1, 4096, 0
3515, 3970, 1, 4096, 0
3515, 3365, 1, 4096, 0
3516, 1141188, 1, 4096, 0
3516, 7252, 1, 4096, 0
3516, 2625, 1, 4096, 0
3517, 1185946, 1, 4096, 0
3518, 12389, 1, 4096, 0
3518, 7611, 1, 4096, 0
3518, 5422, 1, 4096, 0
3518, 4960, 1, 4096, 0
3518, 5132, 1, 4096, 0
3518, 6501, 1, 4096, 0
3518, 4345, 1, 4096, 0
3518, 325766, 1, 4096, 0
3518, 8434, 1, 4096, 0
3518, 2988, 1, 4096, 0
3518, 8783, 1, 4096, 0
3519, 5674, 1, 4096, 0
3519, 7961, 1, 4096, 0
3519, 5574, 1, 4096, 0
3520, 5963, 1, 4096, 0
3520, 9587, 1, 4096, 0
3520, 8227, 1, 4096, 0
3521, 957687, 1, 4096, 0
3521, 7812, 1, 4096, 0
3521, 332290, 1, 4096, 0
3521, 167646, 1, 4096, 0
3521, 8345, 1, 4096, 0
3521, 3289, 1, 4096, 0
3521, 3020, 1, 4096, 0
3522, 494949, 1, 4096, 0
3522, 7751, 1, 4096, 0
3522, 3180, 1, 4096, 0
3522, 3219, 1, 4096, 0
3522, 58256, 1, 4096, 0
3522, 397889, 1, 4096, 0
3523, 261574, 1, 4096, 0
3523, 142694, 1, 4096, 0
3523, 8140, 1, 4096, 0
3523, 3419, 1, 4096, 0
3523, 3194, 1, 4096, 0
3523, 3747, 1, 4096, 0
3524, 1574378, 1, 4096, 0
3524, 5517, 1, 4096, 0
3524, 3416, 1, 4096, 0
3524, 2658, 1, 4096, 0
3525, 5678, 1, 4096, 0
3526, 906159, 1, 4096, 0
3526, 7099, 1, 4096, 0
3526, 3539, 1, 4096, 0
3526, 3800, 1, 4096, 0
3526, 148511, 1, 4096, 0
3526, 317559, 1, 4096, 0
3527, 1131478, 1, 4096, 0
3527, 5198, 1, 4096, 0
3527, 2620, 1, 4096, 0
3527, 2919, 1, 4096, 0
3528, 2734, 1, 4096, 0
3528, 4152, 1, 4096, 0
3528, 4153, 1, 4096, 0
3528, 686947, 1, 4096, 0
3528, 6976, 1, 4096, 0
3529, 342620, 1, 4096, 0
3530, 946599, 1, 4096, 0
3530, 8947, 1, 4096, 0
3530, 2676, 1, 4096, 0
3530, 2181, 1, 4096, 0
3530, 1974, 1, 4096, 0
3530, 1973, 1, 4096, 0
3530, 128921, 1, 4096, 0
3530, 110738, 1, 4096, 0
3530, 456297, 1, 4096, 0
3530, 57588, 1, 4096, 0
3531, 499894, 1, 4096, 0
3531, 8484, 1, 4096, 0
3532, 1524504, 1, 4096, 0
3533, 283296, 1, 4096, 0
3533, 7072, 1, 4096, 0
3533, 3240, 1, 4096, 0
3533, 615993, 1, 4096, 0
3534, 811735, 1, 4096, 0
3534, 12483, 1, 4096, 0
3534, 4042, 1, 4096, 0
3534, 3661, 1, 4096, 0
3534, 2745, 1, 4096, 0
3534, 3523, 1, 4096, 0
3534, 68348, 1, 4096, 0
3534, 8153, 1, 4096, 0
3534, 4031, 1, 4096, 0
3534, 3406, 1, 4096, 0
3534, 65696, 1, 4096, 0
3534, 6994, 1, 4096, 0
3534, 2742, 1, 4096, 0
3535, 697272, 1, 4096, 0
3536, 312129, 1, 4096, 0
3536, 6909, 1, 4096, 0
3536, 3517, 1, 4096, 0
3537, 1143482, 1, 4096, 0
3537, 6699, 1, 4096, 0
3537, 102556, 1, 4096, 0
3537, 189764, 1, 4096, 0
3537, 5942, 1, 4096, 0
3537, 296047, 1, 4096, 0
3538, 669986, 1, 4096, 0
3538, 6231, 1, 4096, 0
3538, 3011, 1, 4096, 0
3539, 629475, 1, 4096, 0
3539, 364219, 1, 4096, 0
3539, 5729, 1, 4096, 0
3541, 1500292, 1, 4096, 0
3541, 7086, 1, 4096, 0
3541, 55247, 1, 4096, 0
3541, 300489, 1, 4096, 0
3542, 1117727, 1, 4096, 0
3542, 99739, 1, 4096, 0
3543, 313370, 1, 4096, 0
3543, 6054, 1, 4096, 0
3543, 4509, 1, 4096, 0
3543, 33235, 1, 4096, 0
3543, 663766, 1, 4096, 0
3544, 398235, 1, 4096, 0
3545, 1557390, 1, 4096, 0
3545, 11356, 1, 4096, 0
3545, 5108, 1, 4096, 0
3545, 4318, 1, 4096, 0
3546, 727213, 1, 4096, 0
3547, 840831, 1, 4096, 0
3547, 234101, 1, 4096, 0
3547, 7127, 1, 4096, 0
3547, 2704, 1, 4096, 0
3547, 1709, 1, 4096, 0
3547, 2992, 1, 4096, 0
3547, 3309, 1, 4096, 0
3547, 2671, 1, 4096, 0
3547, 2771, 1, 4096, 0
3550, 2563055, 1, 4096, 0
3550, 7771, 1, 4096, 0
3550, 3478, 1, 4096, 0
3550, 3483, 1, 4096, 0
3550, 60364, 1, 4096, 0
3550, 6617, 1, 4096, 0
3550, 3409, 1, 4096, 0
3550, 3086, 1, 4096, 0
3550, 4115, 1, 4096, 0
3550, 4233, 1, 4096, 0
3550, 3517, 1, 4096, 0
3550, 206826, 1, 4096, 0
3553, 2788469, 1, 4096, 0
3553, 7269, 1, 4096, 0
3553, 3060, 1, 4096, 0
3553, 2479, 1, 4096, 0
3553, 2350, 1, 4096, 0
3553, 2909, 1, 4096, 0
3553, 3088, 1, 4096, 0
3553, 4306, 1, 4096, 0
3555, 1869224, 1, 4096, 0
3555, 7860, 1, 4096, 0
3555, 4242, 1, 4096, 0
3555, 13007, 1, 4096, 0
3555, 4213, 1, 4096, 0
3555, 3442, 1, 4096, 0
3555, 2825, 1, 4096, 0
3556, 1064968, 1, 4096, 0
3557, 1253130, 1, 4096, 0
3557, 9102, 1, 4096, 0
3558, 1054481, 1, 4096, 0
3558, 6814, 1, 4096, 0
3559, 1247071, 1, 4096, 0
3559, 6695, 1, 4096, 0
3559, 2296, 1, 4096, 0
3559, 2936, 1, 4096, 0
3559, 2998, 1, 4096, 0
3561, 1701051, 1, 4096, 0
3561, 8808, 1, 4096, 0
3561, 4558, 1, 4096, 0
3561, 3912, 1, 4096, 0
3561, 4157, 1, 4096, 0
3561, 2563, 1, 4096, 0
3561, 3428, 1, 4096, 0
3561, 3692, 1, 4096, 0
3563, 2146110, 1, 4096, 0
3563, 16760, 1, 4096, 0
3563, 3618, 1, 4096, 0
3563, 4469, 1, 4096, 0
3563, 4694, 1, 4096, 0
3563, 3506, 1, 4096, 0
3563, 5201, 1, 4096, 0
3563, 2666, 1, 4096, 0
3564, 229324, 1, 4096, 0
3564, 5715, 1, 4096, 0
3564, 3684, 1, 4096, 0
3564, 170674, 1, 4096, 0
3564, 4625, 1, 4096, 0
3564, 350117, 1, 4096, 0
3564, 70885, 1, 4096, 0
3567, 2550483, 1, 4096, 0
3567, 6967, 1, 4096, 0
3569, 2196938, 1, 4096, 0
3569, 9256, 1, 4096, 0
3569, 4225, 1, 4096, 0
3569, 3646, 1, 4096, 0
3569, 400058, 1, 4096, 0
3569, 5039, 1, 4096, 0
3570, 357041, 1, 4096, 0
3570, 422828, 1, 4096, 0
3571, 526507, 1, 4096, 0
3571, 5187, 1, 4096, 0
3572, 821842, 1, 4096, 0
3572, 765809, 1, 4096, 0
3572, 21593, 1, 4096, 0
3572, 2456, 1, 4096, 0
3572, 3400, 1, 4096, 0
3572, 4107, 1, 4096, 0
3572, 3161, 1, 4096, 0
3572, 2657, 1, 4096, 0
3572, 4765, 1, 4096, 0
3575, 2097117, 1, 4096, 0
3575, 286933, 1, 4096, 0
3575, 7483, 1, 4096, 0
3575, 5511, 1, 4096, 0
3575, 4028, 1, 4096, 0
3575, 4214, 1, 4096, 0
3575, 3347, 1, 4096, 0
3575, 2953, 1, 4096, 0
3575, 3560, 1, 4096, 0
3575, 342924, 1, 4096, 0
3575, 3753, 1, 4096, 0
3575, 4037, 1, 4096, 0
3576, 447865, 1, 4096, 0
3576, 27886, 1, 4096, 0
3576, 259378, 1, 4096, 0
3576, 120163, 1, 4096, 0
3577, 647698, 1, 4096, 0
3577, 5198, 1, 4096, 0
3577, 2995, 1, 4096, 0
3577, 3411, 1, 4096, 0
3577, 3300, 1, 4096, 0
3577, 2712, 1, 4096, 0
3577, 3029, 1, 4096, 0
3577, 3372, 1, 4096, 0
3579, 699880, 1, 4096, 0
3579, 283279, 1, 4096, 0
3580, 846234, 1, 4096, 0
3580, 91669, 1, 4096, 0
3580, 374749, 1, 4096, 0
3580, 4738, 1, 4096, 0
3580, 4060, 1, 4096, 0
3581, 669946, 1, 4096, 0
3581, 156070, 1, 4096, 0
3583, 1799852, 1, 4096, 0
3583, 3832, 1, 4096, 0
3583, 540088, 1, 4096, 0
3584, 305374, 1, 4096, 0
3584, 335900, 1, 4096, 0
3584, 4623, 1, 4096, 0
3584, 337070, 1, 4096, 0
3584, 4433, 1, 4096, 0
3585, 852224, 1, 4096, 0
3585, 5082, 1, 4096, 0
3586, 890245, 1, 4096, 0
3587, 435725, 1, 4096, 0
3587, 7613, 1, 4096, 0
3587, 4599, 1, 4096, 0
3587, 189527, 1, 4096, 0
3587, 152273, 1, 4096, 0
3587, 302542, 1, 4096, 0
3589, 2096447, 1, 4096, 0
3590, 302058, 1, 4096, 0
3590, 5003, 1, 4096, 0
3590, 3538, 1, 4096, 0
3590, 3909, 1, 4096, 0
3590, 3448, 1, 4096, 0
3590, 3663, 1, 4096, 0
3590, 2984, 1, 4096, 0
3590, 3188, 1, 4096, 0
3591, 946179, 1, 4096, 0
3591, 8814, 1, 4096, 0
3591, 4577, 1, 4096, 0
3591, 4185, 1, 4096, 0
3591, 3822, 1, 4096, 0
3591, 4480, 1, 4096, 0
3591, 3369, 1, 4096, 0
3591, 3698, 1, 4096, 0
3594, 3412645, 1, 4096, 0
3594, 6163, 1, 4096, 0
3594, 129912, 1, 4096, 0
3594, 5609, 1, 4096, 0
3595, 1148128, 1, 4096, 0
3595, 4046, 1, 4096, 0
3596, 497877, 1, 4096, 0
3597, 561289, 1, 4096, 0
3597, 4731, 1, 4096, 0
3597, 189759, 1, 4096, 0
3597, 4021, 1, 4096, 0
3597, 2792, 1, 4096, 0
3598, 1192826, 1, 4096, 0
3598, 213360, 1, 4096, 0
3598, 41675, 1, 4096, 0
3599, 836740, 1, 4096, 0
3599, 37695, 1, 4096, 0
3600, 1317509, 1, 4096, 0
3600, 5652, 1, 4096, 0
3601, 493227, 1, 4096, 0
3601, 6596, 1, 4096, 0
3601, 3247, 1, 4096, 0
3602, 1321687, 1, 4096, 0
3602, 5354, 1, 4096, 0
3602, 3935, 1, 4096, 0
3602, 2882, 1, 4096, 0
3602, 3465, 1, 4096, 0
3602, 2949, 1, 4096, 0
3602, 2533, 1, 4096, 0
3602, 2275, 1, 4096, 0
3606, 3610009, 1, 4096, 0
3606, 6370, 1, 4096, 0
3607, 696191, 1, 4096, 0
3607, 5505, 1, 4096, 0
3607, 186663, 1, 4096, 0
3607, 400331, 1, 4096, 0
3607, 257995, 1, 4096, 0
3607, 5423, 1, 4096, 0
3609, 1207231, 1, 4096, 0
3609, 199147, 1, 4096, 0
3609, 433469, 1, 4096, 0
3611, 1438089, 1, 4096, 0
3611, 7636, 1, 4096, 0
3611, 3154, 1, 4096, 0
3611, 156645, 1, 4096, 0
3611, 2944, 1, 4096, 0
3613, 1572292, 1, 4096, 0
3613, 4686, 1, 4096, 0
3613, 48691, 1, 4096, 0
3613, 756523, 1, 4096, 0
3613, 5837, 1, 4096, 0
3614, 479494, 1, 4096, 0
3614, 5831, 1, 4096, 0
3614, 3713, 1, 4096, 0
3614, 3541, 1, 4096, 0
3614, 2508, 1, 4096, 0
3614, 3458, 1, 4096, 0
3614, 2749, 1, 4096, 0
3614, 2864, 1, 4096, 0
3616, 1714858, 1, 4096, 0
3616, 7289, 1, 4096, 0
3616, 3216, 1, 4096, 0
3616, 3763, 1, 4096, 0
3616, 3562, 1, 4096, 0
3616, 4229, 1, 4096, 0
3616, 3795, 1, 4096, 0
3616, 3905, 1, 4096, 0
3616, 240734, 1, 4096, 0
3616, 6972, 1, 4096, 0
3616, 3565, 1, 4096, 0
3616, 3350, 1, 4096, 0
3616, 2940, 1, 4096, 0
3617, 9175, 1, 4096, 0
3617, 6363, 1, 4096, 0
3618, 262636, 1, 4096, 0
3618, 290017, 1, 4096, 0
3619, 1405893, 1, 4096, 0
3619, 164731, 1, 4096, 0
3619, 28884, 1, 4096, 0
3619, 3050, 1, 4096, 0
3620, 214447, 1, 4096, 0
3620, 3794, 1, 4096, 0
3621, 849802, 1, 4096, 0
3621, 7244, 1, 4096, 0
3622, 1564600, 1, 4096, 0
3622, 7595, 1, 4096, 0
3623, 972193, 1, 4096, 0
3623, 6040, 1, 4096, 0
3623, 286936, 1, 4096, 0
3623, 6690, 1, 4096, 0
3624, 164813, 1, 4096, 0
3624, 409756, 1, 4096, 0
3625, 565781, 1, 4096, 0
3625, 91976, 1, 4096, 0
3625, 704521, 1, 4096, 0
3626, 141945, 1, 4096, 0
3626, 843933, 1, 4096, 0
3626, 80831, 1, 4096, 0
3627, 263444, 1, 4096, 0
3628, 832912, 1, 4096, 0
3628, 5142, 1, 4096, 0
3628, 631572, 1, 4096, 0
3628, 9650, 1, 4096, 0
3628, 3311, 1, 4096, 0
3628, 3244, 1, 4096, 0
3628, 260406, 1, 4096, 0
3629, 438862, 1, 4096, 0
3629, 5714, 1, 4096, 0
3629, 4529, 1, 4096, 0
3629, 3099, 1, 4096, 0
3629, 3830, 1, 4096, 0
3629, 5083, 1, 4096, 0
3629, 5546, 1, 4096, 0
3629, 4269, 1, 4096, 0
3632, 2841301, 1, 4096, 0
3632, 9553, 1, 4096, 0
3632, 141457, 1, 4096, 0
3632, 5996, 1, 4096, 0
3632, 3609, 1, 4096, 0
3632, 2512, 1, 4096, 0
3632, 48538, 1, 4096, 0
3632, 6082, 1, 4096, 0
3632, 3947, 1, 4096, 0
3632, 2924, 1, 4096, 0
3632, 3645, 1, 4096, 0
3632, 4214, 1, 4096, 0
3632, 4554, 1, 4096, 0
3632, 6343, 1, 4096, 0
3635, 2602957, 1, 4096, 0
3635, 6203, 1, 4096, 0
3635, 3170, 1, 4096, 0
3635, 2648, 1, 4096, 0
3635, 1926, 1, 4096, 0
3635, 2850, 1, 4096, 0
3635, 1915, 1, 4096, 0
3635, 1779, 1, 4096, 0
3636, 1678458, 1, 4096, 0
3636, 9304, 1, 4096, 0
3636, 5789, 1, 4096, 0
3636, 3863, 1, 4096, 0
3636, 3609, 1, 4096, 0
3637, 699174, 1, 4096, 0
3637, 7215, 1, 4096, 0
3637, 3962, 1, 4096, 0
3637, 3706, 1, 4096, 0
3637, 3488, 1, 4096, 0
3637, 4005, 1, 4096, 0
3637, 4711, 1, 4096, 0
3637, 3268, 1, 4096, 0
3640, 2786570, 1, 4096, 0
3640, 10593, 1, 4096, 0
3640, 388626, 1, 4096, 0
3641, 310458, 1, 4096, 0
3641, 468981, 1, 4096, 0
3641, 7144, 1, 4096, 0
3641, 4160, 1, 4096, 0
3641, 3007, 1, 4096, 0
3641, 3654, 1, 4096, 0
3641, 2996, 1, 4096, 0
3641, 5370, 1, 4096, 0
3641, 5553, 1, 4096, 0
3643, 1586068, 1, 4096, 0
3643, 6536, 1, 4096, 0
3643, 3518, 1, 4096, 0
3643, 3024, 1, 4096, 0
3643, 3707, 1, 4096, 0
3643, 3147, 1, 4096, 0
3643, 3839, 1, 4096, 0
3643, 3091, 1, 4096, 0
3644, 1094180, 1, 4096, 0
3644, 7770, 1, 4096, 0
3644, 3433, 1, 4096, 0
3644, 3316, 1, 4096, 0
3644, 4022, 1, 4096, 0
3644, 2972, 1, 4096, 0
3645, 9104, 1, 4096, 0
3645, 42046, 1, 4096, 0
3646, 409172, 1, 4096, 0
3646, 211627, 1, 4096, 0
3646, 300659, 1, 4096, 0
3646, 6801, 1, 4096, 0
3646, 3660, 1, 4096, 0
3647, 342735, 1, 4096, 0
3647, 253618, 1, 4096, 0
3648, 800221, 1, 4096, 0
3648, 7212, 1, 4096, 0
3648, 4401, 1, 4096, 0
3648, 404903, 1, 4096, 0
3649, 551284, 1, 4096, 0
3649, 528061, 1, 4096, 0
3649, 5955, 1, 4096, 0
3649, 3348, 1, 4096, 0
3649, 3037, 1, 4096, 0
3649, 3843, 1, 4096, 0
3650, 237491, 1, 4096, 0
3650, 6406, 1, 4096, 0
3650, 3762, 1, 4096, 0
3650, 3789, 1, 4096, 0
3650, 3197, 1, 4096, 0
3650, 3259, 1, 4096, 0
3650, 4185, 1, 4096, 0
3650, 591988, 1, 4096, 0
3650, 5791, 1, 4096, 0
3650, 3994, 1, 4096, 0
3650, 2396, 1, 4096, 0
3651, 190392, 1, 4096, 0
3651, 5865, 1, 4096, 0
3652, 1554251, 1, 4096, 0
3653, 660245, 1, 4096, 0
3653, 139888, 1, 4096, 0
3653, 6061, 1, 4096, 0
3653, 4442, 1, 4096, 0
3654, 867182, 1, 4096, 0
3654, 6201, 1, 4096, 0
3654, 6038, 1, 4096, 0
3654, 3091, 1, 4096, 0
3654, 3887, 1, 4096, 0
3654, 6695, 1, 4096, 0
3654, 3838, 1, 4096, 0
3655, 595527, 1, 4096, 0
3655, 7612, 1, 4096, 0
3655, 4055, 1, 4096, 0
3655, 3077, 1, 4096, 0
3656, 1269422, 1, 4096, 0
3656, 6802, 1, 4096, 0
3656, 386230, 1, 4096, 0
3656, 9193, 1, 4096, 0
3656, 3068, 1, 4096, 0
3658, 1179953, 1, 4096, 0
3658, 7770, 1, 4096, 0
3658, 917846, 1, 4096, 0
3659, 6981, 1, 4096, 0
3659, 248444, 1, 4096, 0
3659, 593807, 1, 4096, 0
3659, 10307, 1, 4096, 0
3660, 343048, 1, 4096, 0
3660, 8507, 1, 4096, 0
3660, 3218, 1, 4096, 0
3660, 4356, 1, 4096, 0
3660, 6004, 1, 4096, 0
3660, 3642, 1, 4096, 0
3660, 4300, 1, 4096, 0
3660, 3517, 1, 4096, 0
3661, 1189985, 1, 4096, 0
3661, 9577, 1, 4096, 0
3661, 3705, 1, 4096, 0
3661, 3198, 1, 4096, 0
3661, 3666, 1, 4096, 0
3661, 2121, 1, 4096, 0
3661, 2570, 1, 4096, 0
3661, 3183, 1, 4096, 0
3662, 1034761, 1, 4096, 0
3662, 8955, 1, 4096, 0
3662, 3362, 1, 4096, 0
3662, 3286, 1, 4096, 0
3662, 3679, 1, 4096, 0
3662, 357834, 1, 4096, 0
3663, 319836, 1, 4096, 0
3664, 742794, 1, 4096, 0
3664, 272843, 1, 4096, 0
3665, 809166, 1, 4096, 0
3665, 127180, 1, 4096, 0
3665, 235053, 1, 4096, 0
3665, 6717, 1, 4096, 0
3665, 3240, 1, 4096, 0
3665, 3980, 1, 4096, 0
3665, 3510, 1, 4096, 0
3665, 3900, 1, 4096, 0
3665, 4473, 1, 4096, 0
3666, 1235242, 1, 4096, 0
3667, 1134294, 1, 4096, 0
3667, 7714, 1, 4096, 0
3667, 3662, 1, 4096, 0
3667, 2493, 1, 4096, 0
3667, 2696, 1, 4096, 0
3669, 1080752, 1, 4096, 0
3669, 91249, 1, 4096, 0
3669, 530126, 1, 4096, 0
3669, 6074, 1, 4096, 0
3669, 5056, 1, 4096, 0
3669, 3791, 1, 4096, 0
3669, 4565, 1, 4096, 0
3669, 3785, 1, 4096, 0
3669, 3854, 1, 4096, 0
3670, 511733, 1, 4096, 0
3670, 479103, 1, 4096, 0
3670, 6780, 1, 4096, 0
3670, 3808, 1, 4096, 0
3670, 5468, 1, 4096, 0
3670, 4280, 1, 4096, 0
3670, 4853, 1, 4096, 0
3670, 4237, 1, 4096, 0
3670, 4076, 1, 4096, 0
3670, 103630, 1, 4096, 0
3670, 6400, 1, 4096, 0
3670, 3525, 1, 4096, 0
3671, 6001, 1, 4096, 0
3671, 6467, 1, 4096, 0
3672, 4225, 1, 4096, 0
3673, 555524, 1, 4096, 0
3674, 790152, 1, 4096, 0
3674, 475591, 1, 4096, 0
3674, 3925, 1, 4096, 0
3675, 552672, 1, 4096, 0
3675, 48405, 1, 4096, 0
3675, 2532, 1, 4096, 0
3676, 898768, 1, 4096, 0
3676, 381178, 1, 4096, 0
3676, 5235, 1, 4096, 0
3677, 393793, 1, 4096, 0
3677, 435912, 1, 4096, 0
3677, 3288, 1, 4096, 0
3678, 921989, 1, 4096, 0
3678, 7019, 1, 4096, 0
3678, 2648, 1, 4096, 0
3678, 4032, 1, 4096, 0
3678, 3292, 1, 4096, 0
3678, 3922, 1, 4096, 0
3678, 3176, 1, 4096, 0
3678, 3383, 1, 4096, 0
3680, 2403553, 1, 4096, 0
3680, 11093, 1, 4096, 0
3681, 450828, 1, 4096, 0
3681, 439795, 1, 4096, 0
3681, 6384, 1, 4096, 0
3681, 8952, 1, 4096, 0
3681, 3910, 1, 4096, 0
3681, 2678, 1, 4096, 0
3681, 2841, 1, 4096, 0
3681, 2925, 1, 4096, 0
3681, 3664, 1, 4096, 0
3684, 2538138, 1, 4096, 0
3684, 337280, 1, 4096, 0
3684, 4732, 1, 4096, 0
3685, 381766, 1, 4096, 0
3685, 248039, 1, 4096, 0
3685, 6330, 1, 4096, 0
3685, 3149, 1, 4096, 0
3685, 270809, 1, 4096, 0
3687, 1777605, 1, 4096, 0
3687, 5320, 1, 4096, 0
3687, 11816, 1, 4096, 0
3688, 809686, 1, 4096, 0
3689, 1059576, 1, 4096, 0
3689, 4952, 1, 4096, 0
3689, 3500, 1, 4096, 0
3689, 3307, 1, 4096, 0
3690, 828162, 1, 4096, 0
3690, 107726, 1, 4096, 0
3690, 278099, 1, 4096, 0
3690, 163019, 1, 4096, 0
3690, 120375, 1, 4096, 0
3691, 482311, 1, 4096, 0
3691, 7142, 1, 4096, 0
3691, 4775, 1, 4096, 0
3691, 4228, 1, 4096, 0
3691, 2914, 1, 4096, 0
3691, 3219, 1, 4096, 0
3691, 3044, 1, 4096, 0
3691, 3839, 1, 4096, 0
3692, 553082, 1, 4096, 0
3692, 6248, 1, 4096, 0
3692, 4053, 1, 4096, 0
3692, 3357, 1, 4096, 0
3692, 4118, 1, 4096, 0
3692, 3947, 1, 4096, 0
3692, 4064, 1, 4096, 0
3692, 3439, 1, 4096, 0
3693, 1661906, 1, 4096, 0
3693, 4432, 1, 4096, 0
3693, 2003, 1, 4096, 0
3693, 2048, 1, 4096, 0
3693, 1771, 1, 4096, 0
3693, 2605, 1, 4096, 0
3694, 368136, 1, 4096, 0
3694, 5528, 1, 4096, 0
3695, 444494, 1, 4096, 0
3695, 7487, 1, 4096, 0
3695, 3584, 1, 4096, 0
3695, 3369, 1, 4096, 0
3695, 3126, 1, 4096, 0
3695, 536277, 1, 4096, 0
3695, 10120, 1, 4096, 0
3696, 325238, 1, 4096, 0
3696, 266825, 1, 4096, 0
3696, 5233, 1, 4096, 0
3696, 2656, 1, 4096, 0
3696, 2281, 1, 4096, 0
3696, 3298, 1, 4096, 0
3696, 3009, 1, 4096, 0
3696, 2084, 1, 4096, 0
3696, 1959, 1, 4096, 0
3697, 1334151, 1, 4096, 0
3699, 1237649, 1, 4096, 0
3699, 6719, 1, 4096, 0
3699, 599776, 1, 4096, 0
3699, 6092, 1, 4096, 0
3699, 22008, 1, 4096, 0
3699, 2891, 1, 4096, 0
3700, 371164, 1, 4096, 0
3700, 7729, 1, 4096, 0
3700, 3747, 1, 4096, 0
3700, 304193, 1, 4096, 0
3700, 104374, 1, 4096, 0
3702, 1831057, 1, 4096, 0
3702, 7292, 1, 4096, 0
3702, 2749, 1, 4096, 0
3702, 2200, 1, 4096, 0
3702, 3836, 1, 4096, 0
3702, 2833, 1, 4096, 0
3702, 2874, 1, 4096, 0
3702, 2389, 1, 4096, 0
3704, 1758254, 1, 4096, 0
3704, 4878, 1, 4096, 0
3704, 5386, 1, 4096, 0
3704, 3349, 1, 4096, 0
3704, 2591, 1, 4096, 0
3704, 4442, 1, 4096, 0
3704, 629212, 1, 4096, 0
3704, 6938, 1, 4096, 0
3707, 2468429, 1, 4096, 0
3707, 8844, 1, 4096, 0
3707, 4813, 1, 4096, 0
3708, 766375, 1, 4096, 0
3708, 8950, 1, 4096, 0
3708, 3799, 1, 4096, 0
3708, 3119, 1, 4096, 0
3708, 3168, 1, 4096, 0
3708, 2890, 1, 4096, 0
3708, 3655, 1, 4096, 0
3708, 49678, 1, 4096, 0
3710, 2320682, 1, 4096, 0
3711, 510399, 1, 4096, 0
3711, 7033, 1, 4096, 0
3711, 304913, 1, 4096, 0
3711, 588771, 1, 4096, 0
3711, 6635, 1, 4096, 0
3711, 5064, 1, 4096, 0
3711, 3091, 1, 4096, 0
3711, 3667, 1, 4096, 0
3711, 3253, 1, 4096, 0
3711, 3308, 1, 4096, 0
3711, 3613, 1, 4096, 0
3712, 831543, 1, 4096, 0
3712, 7146, 1, 4096, 0
3712, 3554, 1, 4096, 0
3712, 61523, 1, 4096, 0
3713, 558850, 1, 4096, 0
3713, 6444, 1, 4096, 0
3713, 4035, 1, 4096, 0
3713, 3552, 1, 4096, 0
3713, 4010, 1, 4096, 0
3713, 5627, 1, 4096, 0
3713, 3144, 1, 4096, 0
3713, 4935, 1, 4096, 0
3716, 2093563, 1, 4096, 0
3716, 5825, 1, 4096, 0
3716, 3048, 1, 4096, 0
3717, 809753, 1, 4096, 0
3717, 13363, 1, 4096, 0
3717, 339714, 1, 4096, 0
3717, 6941, 1, 4096, 0
3717, 3067, 1, 4096, 0
3717, 2698, 1, 4096, 0
3717, 2685, 1, 4096, 0
3717, 213542, 1, 4096, 0
3719, 1358418, 1, 4096, 0
3719, 5018, 1, 4096, 0
3720, 863974, 1, 4096, 0
3720, 644134, 1, 4096, 0
3721, 241728, 1, 4096, 0
3721, 357827, 1, 4096, 0
3721, 165635, 1, 4096, 0
3721, 250369, 1, 4096, 0
3722, 524564, 1, 4096, 0
3722, 276437, 1, 4096, 0
3722, 118611, 1, 4096, 0
3723, 948393, 1, 4096, 0
3723, 8358, 1, 4096, 0
3723, 4159, 1, 4096, 0
3723, 3727, 1, 4096, 0
3724, 359689, 1, 4096, 0
3724, 765454, 1, 4096, 0
3724, 70355, 1, 4096, 0
3727, 2532589, 1, 4096, 0
3727, 7614, 1, 4096, 0
3727, 3547, 1, 4096, 0
3727, 3138, 1, 4096, 0
3727, 2659, 1, 4096, 0
3728, 651393, 1, 4096, 0
3728, 820775, 1, 4096, 0
3729, 59805, 1, 4096, 0
3729, 7413, 1, 4096, 0
3729, 3148, 1, 4096, 0
3729, 3879, 1, 4096, 0
3729, 3431, 1, 4096, 0
3729, 3277, 1, 4096, 0
3729, 3204, 1, 4096, 0
3729, 5721, 1, 4096, 0
3731, 2538493, 1, 4096, 0
3731, 7780, 1, 4096, 0
3731, 54790, 1, 4096, 0
3732, 437455, 1, 4096, 0
3732, 791441, 1, 4096, 0
3732, 7421, 1, 4096, 0
3732, 4607, 1, 4096, 0
3733, 791741, 1, 4096, 0
3734, 272993, 1, 4096, 0
3734, 5748, 1, 4096, 0
3735, 1034365, 1, 4096, 0
3735, 7373, 1, 4096, 0
3735, 282703, 1, 4096, 0
3736, 1404092, 1, 4096, 0
3736, 4578, 1, 4096, 0
3736, 3953, 1, 4096, 0
3736, 82136, 1, 4096, 0
3736, 6727, 1, 4096, 0
3736, 2617, 1, 4096, 0
3736, 2454, 1, 4096, 0
3736, 2243, 1, 4096, 0
3736, 2147, 1, 4096, 0
3736, 1600, 1, 4096, 0
3736, 2409, 1, 4096, 0
3738, 1619733, 1, 4096, 0
3739, 1129443, 1, 4096, 0
3739, 5798, 1, 4096, 0
3740, 1042000, 1, 4096, 0
3740, 8807, 1, 4096, 0
3741, 557918, 1, 4096, 0
3741, 6742, 1, 4096, 0
3741, 5706, 1, 4096, 0
3741, 3060, 1, 4096, 0
3741, 2919, 1, 4096, 0
3741, 3414, 1, 4096, 0
3741, 3991, 1, 4096, 0
3741, 4291, 1, 4096, 0
3742, 919931, 1, 4096, 0
3742, 4793, 1, 4096, 0
3742, 5434, 1, 4096, 0
3742, 3571, 1, 4096, 0
3743, 1664896, 1, 4096, 0
3743, 6709, 1, 4096, 0
3744, 150546, 1, 4096, 0
3744, 4715, 1, 4096, 0
3744, 596833, 1, 4096, 0
3744, 35507, 1, 4096, 0
3744, 9419, 1, 4096, 0
3744, 3640, 1, 4096, 0
3744, 3385, 1, 4096, 0
3744, 2663, 1, 4096, 0
3745, 209628, 1, 4096, 0
3745, 162139, 1, 4096, 0
3745, 7750, 1, 4096, 0
3745, 5911, 1, 4096, 0
3745, 2245, 1, 4096, 0
3745, 2675, 1, 4096, 0
3745, 1973, 1, 4096, 0
3745, 2847, 1, 4096, 0
3745, 2833, 1, 4096, 0
3746, 1291534, 1, 4096, 0
3747, 728826, 1, 4096, 0
3747, 284686, 1, 4096, 0
3748, 460507, 1, 4096, 0
3748, 6028, 1, 4096, 0
3748, 2452, 1, 4096, 0
3748, 3543, 1, 4096, 0
3749, 965519, 1, 4096, 0
3749, 7018, 1, 4096, 0
3749, 4601, 1, 4096, 0
3749, 2982, 1, 4096, 0
3749, 2574, 1, 4096, 0
3749, 2108, 1, 4096, 0
3749, 2065, 1, 4096, 0
3750, 1367815, 1, 4096, 0
3750, 382442, 1, 4096, 0
3750, 6204, 1, 4096, 0
3750, 4070, 1, 4096, 0
3750, 3232, 1, 4096, 0
3751, 1115955, 1, 4096, 0
3752, 714580, 1, 4096, 0
3752, 8495, 1, 4096, 0
3753, 413923, 1, 4096, 0
3753, 8395, 1, 4096, 0
3753, 4324, 1, 4096, 0
3753, 3370, 1, 4096, 0
3753, 3958, 1, 4096, 0
3753, 3947, 1, 4096, 0
3753, 3714, 1, 4096, 0
3753, 2897, 1, 4096, 0
3756, 3814033, 1, 4096, 0
3756, 8972, 1, 4096, 0
3756, 4655, 1, 4096, 0
3757, 122900, 1, 4096, 0
3757, 317359, 1, 4096, 0
3757, 106344, 1, 4096, 0
3757, 6425, 1, 4096, 0
3758, 535120, 1, 4096, 0
3760, 2197805, 1, 4096, 0
3760, 8807, 1, 4096, 0
3760, 3774, 1, 4096, 0
3760, 2756, 1, 4096, 0
3760, 89860, 1, 4096, 0
3761, 615779, 1, 4096, 0
3761, 351981, 1, 4096, 0
3762, 664472, 1, 4096, 0
3762, 32129, 1, 4096, 0
3763, 1463838, 1, 4096, 0
3763, 10701, 1, 4096, 0
3763, 3556, 1, 4096, 0
3764, 606505, 1, 4096, 0
3764, 5143, 1, 4096, 0
3764, 3616, 1, 4096, 0
3764, 4083, 1, 4096, 0
3765, 892705, 1, 4096, 0
3765, 3838, 1, 4096, 0
3765, 2458, 1, 4096, 0
3765, 3031, 1, 4096, 0
3765, 2540, 1, 4096, 0
3765, 2700, 1, 4096, 0
3765, 2718, 1, 4096, 0
3765, 2028, 1, 4096, 0
3767, 2112674, 1, 4096, 0
3767, 268191, 1, 4096, 0
3767, 368432, 1, 4096, 0
3767, 4961, 1, 4096, 0
3767, 2776, 1, 4096, 0
3767, 2680, 1, 4096, 0
3767, 4539, 1, 4096, 0
3767, 3846, 1, 4096, 0
3767, 3370, 1, 4096, 0
3767, 4697, 1, 4096, 0
3768, 302421, 1, 4096, 0
3768, 5670, 1, 4096, 0
3768, 4181, 1, 4096, 0
3768, 4201, 1, 4096, 0
3768, 8023, 1, 4096, 0
3768, 2878, 1, 4096, 0
3768, 3984, 1, 4096, 0
3768, 118990, 1, 4096, 0
3771, 3036934, 1, 4096, 0
3771, 199900, 1, 4096, 0
3771, 68467, 1, 4096, 0
3772, 541101, 1, 4096, 0
3772, 292028, 1, 4096, 0
3772, 4858, 1, 4096, 0
3772, 3727, 1, 4096, 0
3773, 1021371, 1, 4096, 0
3773, 5335, 1, 4096, 0
3774, 879722, 1, 4096, 0
3774, 9840, 1, 4096, 0
3774, 4336, 1, 4096, 0
3774, 2709, 1, 4096, 0
3774, 3352, 1, 4096, 0
3774, 3209, 1, 4096, 0
3774, 3774, 1, 4096, 0
3774, 3883, 1, 4096, 0
3775, 1320769, 1, 4096, 0
3775, 5271, 1, 4096, 0
3775, 3711, 1, 4096, 0
3775, 3236, 1, 4096, 0
3775, 3694, 1, 4096, 0
3775, 2620, 1, 4096, 0
3775, 2969, 1, 4096, 0
3775, 2184, 1, 4096, 0
3778, 2415330, 1, 4096, 0
3779, 723043, 1, 4096, 0
3779, 491120, 1, 4096, 0
3779, 4407, 1, 4096, 0
3779, 2986, 1, 4096, 0
3779, 3899, 1, 4096, 0
3780, 696520, 1, 4096, 0
3780, 457245, 1, 4096, 0
3780, 152420, 1, 4096, 0
3782, 1489828, 1, 4096, 0
3782, 445635, 1, 4096, 0
3782, 5913, 1, 4096, 0
3783, 205448, 1, 4096, 0
3783, 316862, 1, 4096, 0
3783, 8047, 1, 4096, 0
3783, 4122, 1, 4096, 0
3783, 3849, 1, 4096, 0
3783, 4493, 1, 4096, 0
3783, 3463, 1, 4096, 0
3783, 3418, 1, 4096, 0
3783, 3341, 1, 4096, 0
3783, 279851, 1, 4096, 0
3783, 7824, 1, 4096, 0
3783, 4340, 1, 4096, 0
3783, 4518, 1, 4096, 0
3783, 3698, 1, 4096, 0
3783, 4038, 1, 4096, 0
3783, 2835, 1, 4096, 0
3783, 2899, 1, 4096, 0
3786, 2670340, 1, 4096, 0
3786, 6447, 1, 4096, 0
3787, 838054, 1, 4096, 0
3787, 7722, 1, 4096, 0
3787, 4463, 1, 4096, 0
3787, 4308, 1, 4096, 0
3788, 1064808, 1, 4096, 0
3788, 5720, 1, 4096, 0
3788, 3415, 1, 4096, 0
3788, 3405, 1, 4096, 0
3788, 2757, 1, 4096, 0
3788, 3071, 1, 4096, 0
3788, 2978, 1, 4096, 0
3789, 747140, 1, 4096, 0
3789, 5315, 1, 4096, 0
3789, 5089, 1, 4096, 0
3789, 3185, 1, 4096, 0
3789, 3209, 1, 4096, 0
3789, 5881, 1, 4096, 0
3789, 264453, 1, 4096, 0
3789, 500372, 1, 4096, 0
3791, 1148685, 1, 4096, 0
3792, 861233, 1, 4096, 0
3792, 62638, 1, 4096, 0
3792, 5573, 1, 4096, 0
3792, 554502, 1, 4096, 0
3792, 48741, 1, 4096, 0
3792, 229007, 1, 4096, 0
3792, 5387, 1, 4096, 0
3793, 225779, 1, 4096, 0
3793, 8504, 1, 4096, 0
3793, 6469, 1, 4096, 0
3793, 460185, 1, 4096, 0
3793, 6104, 1, 4096, 0
3793, 3581, 1, 4096, 0
3793, 80918, 1, 4096, 0
3796, 2279422, 1, 4096, 0
3796, 6467, 1, 4096, 0
3796, 592972, 1, 4096, 0
3796, 284652, 1, 4096, 0
3796, 46699, 1, 4096, 0
3797, 6116, 1, 4096, 0
3797, 3792, 1, 4096, 0
3797, 2972, 1, 4096, 0
3797, 4158, 1, 4096, 0
3797, 3989, 1, 4096, 0
3797, 6056, 1, 4096, 0
3797, 5754, 1, 4096, 0
3797, 256510, 1, 4096, 0
3797, 6089, 1, 4096, 0
3797, 4084, 1, 4096, 0
3797, 3826, 1, 4096, 0
3797, 11092, 1, 4096, 0
3797, 3139, 1, 4096, 0
3797, 2802, 1, 4096, 0
3798, 1572573, 1, 4096, 0
3798, 7045, 1, 4096, 0
3798, 3372, 1, 4096, 0
3798, 2967, 1, 4096, 0
3798, 5586, 1, 4096, 0
3799, 172115, 1, 4096, 0
3799, 8590, 1, 4096, 0
3800, 756147, 1, 4096, 0
3800, 8013, 1, 4096, 0
3800, 149090, 1, 4096, 0
3800, 4673, 1, 4096, 0
3800, 4323, 1, 4096, 0
3800, 132349, 1, 4096, 0
3801, 468718, 1, 4096, 0
3801, 7368, 1, 4096, 0
3802, 1066146, 1, 4096, 0
3802, 8486, 1, 4096, 0
3802, 166966, 1, 4096, 0
3802, 2935, 1, 4096, 0
3802, 434828, 1, 4096, 0
3803, 329702, 1, 4096, 0
3803, 213134, 1, 4096, 0
3803, 3187, 1, 4096, 0
3803, 264501, 1, 4096, 0
3803, 7729, 1, 4096, 0
3803, 3520, 1, 4096, 0
3803, 3076, 1, 4096, 0
3803, 3239, 1, 4096, 0
3803, 2558, 1, 4096, 0
3803, 3146, 1, 4096, 0
3803, 11619, 1, 4096, 0
3806, 2903233, 1, 4096, 0
3806, 8304, 1, 4096, 0
3806, 4666, 1, 4096, 0
3807, 514759, 1, 4096, 0
3807, 153525, 1, 4096, 0
3808, 849632, 1, 4096, 0
3808, 180938, 1, 4096, 0
3808, 351961, 1, 4096, 0
3809, 346083, 1, 4096, 0
3809, 5575, 1, 4096, 0
3809, 3416, 1, 4096, 0
3809, 5253, 1, 4096, 0
3809, 3777, 1, 4096, 0
3809, 4071, 1, 4096, 0
3809, 10894, 1, 4096, 0
3809, 4039, 1, 4096, 0
3810, 1710943, 1, 4096, 0
3812, 1299693, 1, 4096, 0
3812, 81664, 1, 4096, 0
3812, 5544, 1, 4096, 0
3812, 3364, 1, 4096, 0
3812, 277703, 1, 4096, 0
3812, 6560, 1, 4096, 0
3813, 1119925, 1, 4096, 0
3814, 750954, 1, 4096, 0
3814, 8516, 1, 4096, 0
3814, 3508, 1, 4096, 0
3814, 348100, 1, 4096, 0
3814, 6313, 1, 4096, 0
3816, 1346845, 1, 4096, 0
3816, 8477, 1, 4096, 0
3816, 555666, 1, 4096, 0
3817, 1059188, 1, 4096, 0
3817, 6071, 1, 4096, 0
3818, 463788, 1, 4096, 0
3818, 3600, 1, 4096, 0
3818, 478527, 1, 4096, 0
3818, 4772, 1, 4096, 0
3818, 3281, 1, 4096, 0
3820, 1732204, 1, 4096, 0
3820, 6095, 1, 4096, 0
3820, 14793, 1, 4096, 0
3820, 322826, 1, 4096, 0
3820, 5001, 1, 4096, 0
3821, 338024, 1, 4096, 0
3821, 6118, 1, 4096, 0
3821, 3632, 1, 4096, 0
3821, 3478, 1, 4096, 0
3821, 3263, 1, 4096, 0
3821, 3138, 1, 4096, 0
3821, 3151, 1, 4096, 0
3821, 4497, 1, 4096, 0
3823, 2606966, 1, 4096, 0
3824, 371307, 1, 4096, 0
3824, 296651, 1, 4096, 0
3824, 312960, 1, 4096, 0
3826, 1110456, 1, 4096, 0
3826, 8162, 1, 4096, 0
3826, 858008, 1, 4096, 0
3826, 5316, 1, 4096, 0
3826, 4582, 1, 4096, 0
3826, 2988, 1, 4096, 0
3826, 2858, 1, 4096, 0
3826, 3014, 1, 4096, 0
3827, 3227, 1, 4096, 0
3827, 5522, 1, 4096, 0
3829, 2629629, 1, 4096, 0
3829, 112244, 1, 4096, 0
3829, 6837, 1, 4096, 0
3829, 3766, 1, 4096, 0
3829, 3665, 1, 4096, 0
3829, 4217, 1, 4096, 0
3829, 3580, 1, 4096, 0
3829, 3814, 1, 4096, 0
3829, 3571, 1, 4096, 0
3831, 1652365, 1, 4096, 0
3831, 6944, 1, 4096, 0
3831, 3996, 1, 4096, 0
3831, 4245, 1, 4096, 0
3831, 4911, 1, 4096, 0
3831, 3237, 1, 4096, 0
3831, 3490, 1, 4096, 0
3832, 1086999, 1, 4096, 0
3833, 792780, 1, 4096, 0
3833, 8929, 1, 4096, 0
3833, 486689, 1, 4096, 0
3833, 8718, 1, 4096, 0
3833, 3744, 1, 4096, 0
3834, 690552, 1, 4096, 0
3835, 550228, 1, 4096, 0
3835, 285968, 1, 4096, 0
3835, 284593, 1, 4096, 0
3837, 1591482, 1, 4096, 0
3837, 6881, 1, 4096, 0
3837, 4953, 1, 4096, 0
3837, 3153, 1, 4096, 0
3837, 3098, 1, 4096, 0
3837, 3497, 1, 4096, 0
3838, 1206942, 1, 4096, 0
3839, 712610, 1, 4096, 0
3839, 2573, 1, 4096, 0
3839, 2364, 1, 4096, 0
3839, 370507, 1, 4096, 0
3840, 1102986, 1, 4096, 0
3840, 6707, 1, 4096, 0
3841, 549867, 1, 4096, 0
3841, 5549, 1, 4096, 0
3842, 1481825, 1, 4096, 0
3842, 9383, 1, 4096, 0
3842, 14959, 1, 4096, 0
3842, 5709, 1, 4096, 0
3842, 3696, 1, 4096, 0
3842, 3476, 1, 4096, 0
3842, 3006, 1, 4096, 0
3842, 3978, 1, 4096, 0
3844, 1762038, 1, 4096, 0
3844, 8374, 1, 4096, 0
3844, 3362, 1, 4096, 0
3844, 3296, 1, 4096, 0
3844, 3104, 1, 4096, 0
3844, 3936, 1, 4096, 0
3844, 2908, 1, 4096, 0
3844, 2783, 1, 4096, 0
3844, 174712, 1, 4096, 0
3844, 7615, 1, 4096, 0
3844, 3201, 1, 4096, 0
3844, 2881, 1, 4096, 0
3844, 3458, 1, 4096, 0
3844, 4221, 1, 4096, 0
3844, 3890, 1, 4096, 0
3844, 3172, 1, 4096, 0
3847, 1893388, 1, 4096, 0
3848, 986413, 1, 4096, 0
3848, 7062, 1, 4096, 0
3848, 3149, 1, 4096, 0
3848, 2482, 1, 4096, 0
3848, 3296, 1, 4096, 0
3848, 385472, 1, 4096, 0
3848, 4453, 1, 4096, 0
3849, 561080, 1, 4096, 0
3850, 1315697, 1, 4096, 0
3850, 5472, 1, 4096, 0
3850, 186019, 1, 4096, 0
3850, 4538, 1, 4096, 0
3850, 258761, 1, 4096, 0
3850, 6966, 1, 4096, 0
3850, 4758, 1, 4096, 0
3850, 4547, 1, 4096, 0
3850, 3638, 1, 4096, 0
3850, 3488, 1, 4096, 0
3850, 4230, 1, 4096, 0
3850, 3568, 1, 4096, 0
3853, 2492748, 1, 4096, 0
3854, 700193, 1, 4096, 0
3854, 6033, 1, 4096, 0
3854, 4503, 1, 4096, 0
3854, 116124, 1, 4096, 0
3854, 8833, 1, 4096, 0
3854, 171918, 1, 4096, 0
3855, 640403, 1, 4096, 0
3855, 4843, 1, 4096, 0
3855, 2841, 1, 4096, 0
3855, 3377, 1, 4096, 0
3855, 4102, 1, 4096, 0
3855, 3419, 1, 4096, 0
3855, 4670, 1, 4096, 0
3855, 3258, 1, 4096, 0
3857, 1944803, 1, 4096, 0
3857, 118036, 1, 4096, 0
3857, 4896, 1, 4096, 0
3857, 3407, 1, 4096, 0
3857, 3320, 1, 4096, 0
3857, 4624, 1, 4096, 0
3857, 3040, 1, 4096, 0
3857, 3403, 1, 4096, 0
3857, 3494, 1, 4096, 0
3859, 2324690, 1, 4096, 0
3859, 6904, 1, 4096, 0
3859, 3399, 1, 4096, 0
3859, 3831, 1, 4096, 0
3859, 2938, 1, 4096, 0
3859, 3391, 1, 4096, 0
3860, 582680, 1, 4096, 0
3860, 786449, 1, 4096, 0
3861, 688916, 1, 4096, 0
3862, 803730, 1, 4096, 0
3862, 5988, 1, 4096, 0
3862, 46622, 1, 4096, 0
3862, 4432, 1, 4096, 0
3862, 201722, 1, 4096, 0
3862, 2785, 1, 4096, 0
3863, 303179, 1, 4096, 0
3864, 1078192, 1, 4096, 0
3864, 5875, 1, 4096, 0
3864, 3062, 1, 4096, 0
3864, 4867, 1, 4096, 0
3864, 3842, 1, 4096, 0
3864, 5037, 1, 4096, 0
3864, 3367, 1, 4096, 0
3864, 3489, 1, 4096, 0
3865, 1295442, 1, 4096, 0
3865, 6564, 1, 4096, 0
3865, 2951, 1, 4096, 0
3866, 687884, 1, 4096, 0
3866, 4394, 1, 4096, 0
3866, 550929, 1, 4096, 0
3867, 1094808, 1, 4096, 0
3868, 204870, 1, 4096, 0
3868, 5879, 1, 4096, 0
3868, 4117, 1, 4096, 0
3868, 3949, 1, 4096, 0
3868, 4630, 1, 4096, 0
3868, 41634, 1, 4096, 0
3868, 7925, 1, 4096, 0
3868, 3579, 1, 4096, 0
3868, 4246, 1, 4096, 0
3868, 3231, 1, 4096, 0
3868, 3016, 1, 4096, 0
3868, 3201, 1, 4096, 0
3868, 3389, 1, 4096, 0
3871, 2928265, 1, 4096, 0
3871, 9582, 1, 4096, 0
3871, 3049, 1, 4096, 0
3871, 4396, 1, 4096, 0
3871, 3831, 1, 4096, 0
3871, 220833, 1, 4096, 0
3871, 75790, 1, 4096, 0
3871, 7287, 1, 4096, 0
3871, 2348, 1, 4096, 0
3871, 3903, 1, 4096, 0
3871, 2604, 1, 4096, 0
3871, 2156, 1, 4096, 0
3871, 271579, 1, 4096, 0
3871, 5660, 1, 4096, 0
3872, 427376, 1, 4096, 0
3872, 244083, 1, 4096, 0
3872, 5403, 1, 4096, 0
3872, 2688, 1, 4096, 0
3872, 2857, 1, 4096, 0
3872, 3727, 1, 4096, 0
3873, 1012928, 1, 4096, 0
3874, 748841, 1, 4096, 0
3874, 108802, 1, 4096, 0
3875, 636440, 1, 4096, 0
3875, 5379, 1, 4096, 0
3875, 491460, 1, 4096, 0
3875, 186093, 1, 4096, 0
3876, 789644, 1, 4096, 0
3876, 5470, 1, 4096, 0
3876, 155381, 1, 4096, 0
3876, 200836, 1, 4096, 0
3876, 6231, 1, 4096, 0
3876, 3347, 1, 4096, 0
3876, 3721, 1, 4096, 0
3876, 4170, 1, 4096, 0
3876, 3482, 1, 4096, 0
3877, 618782, 1, 4096, 0
3877, 6828, 1, 4096, 0
3877, 139570, 1, 4096, 0
3877, 5318, 1, 4096, 0
3878, 891737, 1, 4096, 0
3878, 7393, 1, 4096, 0
3878, 3294, 1, 4096, 0
3878, 104441, 1, 4096, 0
3880, 1789530, 1, 4096, 0
3880, 8260, 1, 4096, 0
3880, 4156, 1, 4096, 0
3880, 3203, 1, 4096, 0
3880, 3962, 1, 4096, 0
3881, 936912, 1, 4096, 0
3882, 563930, 1, 4096, 0
3882, 5647, 1, 4096, 0
3883, 1002109, 1, 4096, 0
3883, 7872, 1, 4096, 0
3883, 814178, 1, 4096, 0
3884, 38834, 1, 4096, 0
3884, 514687, 1, 4096, 0
3884, 5428, 1, 4096, 0
3884, 2572, 1, 4096, 0
3884, 2362, 1, 4096, 0
3884, 2937, 1, 4096, 0
3884, 3406, 1, 4096, 0
3884, 3403, 1, 4096, 0
3884, 3628, 1, 4096, 0
3886, 1881059, 1, 4096, 0
3886, 5556, 1, 4096, 0
3886, 4121, 1, 4096, 0
3886, 4193, 1, 4096, 0
3886, 4522, 1, 4096, 0
3886, 8999, 1, 4096, 0
3886, 5279, 1, 4096, 0
3886, 2881, 1, 4096, 0
3888, 1573114, 1, 4096, 0
3888, 9204, 1, 4096, 0
3888, 3868, 1, 4096, 0
3888, 8274, 1, 4096, 0
3888, 2922, 1, 4096, 0
3889, 1566369, 1, 4096, 0
3890, 1261109, 1, 4096, 0
3890, 6088, 1, 4096, 0
3891, 487195, 1, 4096, 0
3891, 190852, 1, 4096, 0
3891, 7114, 1, 4096, 0
3891, 4317, 1, 4096, 0
3891, 4308, 1, 4096, 0
3891, 3929, 1, 4096, 0
3891, 2992, 1, 4096, 0
3891, 3600, 1, 4096, 0
3891, 2842, 1, 4096, 0
3892, 402037, 1, 4096, 0
3892, 5563, 1, 4096, 0
3892, 229708, 1, 4096, 0
3892, 7588, 1, 4096, 0
3892, 457931, 1, 4096, 0
3894, 1463714, 1, 4096, 0
3894, 337722, 1, 4096, 0
3894, 130799, 1, 4096, 0
3895, 406044, 1, 4096, 0
3895, 12019, 1, 4096, 0
3895, 4432, 1, 4096, 0
3895, 3650, 1, 4096, 0
3895, 2602, 1, 4096, 0
3895, 2823, 1, 4096, 0
3895, 2356, 1, 4096, 0
3895, 2413, 1, 4096, 0
3896, 1295097, 1, 4096, 0
3896, 4905, 1, 4096, 0
3896, 3381, 1, 4096, 0
3896, 3340, 1, 4096, 0
3896, 3195, 1, 4096, 0
3897, 1249829, 1, 4096, 0
3897, 6254, 1, 4096, 0
3897, 3879, 1, 4096, 0
3897, 81193, 1, 4096, 0
3897, 3109, 1, 4096, 0
3898, 91868, 1, 4096, 0
3898, 8284, 1, 4096, 0
3898, 3117, 1, 4096, 0
3898, 208529, 1, 4096, 0
3898, 630665, 1, 4096, 0
3899, 1067443, 1, 4096, 0
3899, 8934, 1, 4096, 0
3899, 5165, 1, 4096, 0
3899, 3816, 1, 4096, 0
3899, 3998, 1, 4096, 0
3899, 3578, 1, 4096, 0
3899, 2991, 1, 4096, 0
3899, 3383, 1, 4096, 0
3902, 2707411, 1, 4096, 0
3902, 5613, 1, 4096, 0
3902, 4132, 1, 4096, 0
3903, 397090, 1, 4096, 0
3903, 4649, 1, 4096, 0
3903, 238749, 1, 4096, 0
3904, 693257, 1, 4096, 0
3904, 681414, 1, 4096, 0
3904, 24564, 1, 4096, 0
3904, 6750, 1, 4096, 0
3904, 3298, 1, 4096, 0
3904, 3620, 1, 4096, 0
3904, 3105, 1, 4096, 0
3904, 2319, 1, 4096, 0
3904, 3222, 1, 4096, 0
3904, 14590, 1, 4096, 0
3905, 432361, 1, 4096, 0
3905, 6756, 1, 4096, 0
3905, 4253, 1, 4096, 0
3905, 4007, 1, 4096, 0
3905, 3183, 1, 4096, 0
3905, 2888, 1, 4096, 0
3905, 2589, 1, 4096, 0
3905, 7213, 1, 4096, 0
3907, 1488530, 1, 4096, 0
3907, 5502, 1, 4096, 0
3907, 2298, 1, 4096, 0
3908, 429634, 1, 4096, 0
3908, 4504, 1, 4096, 0
3908, 3491, 1, 4096, 0
3908, 4056, 1, 4096, 0
3908, 3850, 1, 4096, 0
3908, 336907, 1, 4096, 0
3909, 784926, 1, 4096, 0
3909, 367949, 1, 4096, 0
3909, 4698, 1, 4096, 0
3910, 1230099, 1, 4096, 0
3910, 5182, 1, 4096, 0
3910, 3795, 1, 4096, 0
3910, 4583, 1, 4096, 0
3910, 3232, 1, 4096, 0
3910, 2643, 1, 4096, 0
3910, 3224, 1, 4096, 0
3910, 3410, 1, 4096, 0
3912, 1144022, 1, 4096, 0
3912, 8000, 1, 4096, 0
3912, 4426, 1, 4096, 0
3912, 3679, 1, 4096, 0
3912, 4306, 1, 4096, 0
3912, 421699, 1, 4096, 0
3912, 9690, 1, 4096, 0
3912, 3220, 1, 4096, 0
3912, 3960, 1, 4096, 0
3914, 2258709, 1, 4096, 0
3915, 312964, 1, 4096, 0
3915, 131936, 1, 4096, 0
3915, 500807, 1, 4096, 0
3915, 6423, 1, 4096, 0
3915, 3090, 1, 4096, 0
3916, 852837, 1, 4096, 0
3916, 5791, 1, 4096, 0
3917, 1067457, 1, 4096, 0
3917, 8909, 1, 4096, 0
3917, 4851, 1, 4096, 0
3917, 3213, 1, 4096, 0
3917, 3604, 1, 4096, 0
3917, 3348, 1, 4096, 0
3917, 2828, 1, 4096, 0
3918, 402806, 1, 4096, 0
3920, 2424261, 1, 4096, 0
3920, 9047, 1, 4096, 0
3920, 4836, 1, 4096, 0
3920, 2692, 1, 4096, 0
3920, 4428, 1, 4096, 0
3920, 255655, 1, 4096, 0
3920, 7686, 1, 4096, 0
3920, 3494, 1, 4096, 0
3920, 2831, 1, 4096, 0
3920, 2402, 1, 4096, 0
3920, 3050, 1, 4096, 0
3920, 4597, 1, 4096, 0
3920, 2651, 1, 4096, 0
3921, 691657, 1, 4096, 0
3921, 5739, 1, 4096, 0
3921, 3352, 1, 4096, 0
3921, 3212, 1, 4096, 0
3921, 3291, 1, 4096, 0
3921, 4643, 1, 4096, 0
3921, 3767, 1, 4096, 0
3921, 4499, 1, 4096, 0
3923, 2260956, 1, 4096, 0
3925, 1080914, 1, 4096, 0
3925, 4356, 1, 4096, 0
3925, 3055, 1, 4096, 0
3925, 207538, 1, 4096, 0
3925, 5887, 1, 4096, 0
3925, 3006, 1, 4096, 0
3925, 4256, 1, 4096, 0
3925, 3446, 1, 4096, 0
3925, 3927, 1, 4096, 0
3925, 3243, 1, 4096, 0
3926, 982332, 1, 4096, 0
3926, 17225, 1, 4096, 0
3926, 69567, 1, 4096, 0
3926, 587031, 1, 4096, 0
3926, 7011, 1, 4096, 0
3926, 3511, 1, 4096, 0
3926, 3326, 1, 4096, 0
3926, 3794, 1, 4096, 0
3926, 3575, 1, 4096, 0
3926, 3655, 1, 4096, 0
3927, 741427, 1, 4096, 0
3928, 492440, 1, 4096, 0
3928, 333851, 1, 4096, 0
3928, 104665, 1, 4096, 0
3929, 550544, 1, 4096, 0
3929, 8216, 1, 4096, 0
3929, 3115, 1, 4096, 0
3929, 4045, 1, 4096, 0
3929, 1925, 1, 4096, 0
3930, 894870, 1, 4096, 0
3930, 8596, 1, 4096, 0
3930, 4033, 1, 4096, 0
3930, 601360, 1, 4096, 0
3931, 418382, 1, 4096, 0
3931, 6152, 1, 4096, 0
3931, 3589, 1, 4096, 0
3931, 2671, 1, 4096, 0
3931, 1634, 1, 4096, 0
3931, 2958, 1, 4096, 0
3931, 145030, 1, 4096, 0
3933, 1851139, 1, 4096, 0
3933, 7554, 1, 4096, 0
3933, 4418, 1, 4096, 0
3933, 2961, 1, 4096, 0
3933, 2444, 1, 4096, 0
3933, 3193, 1, 4096, 0
3933, 420541, 1, 4096, 0
3934, 349897, 1, 4096, 0
3934, 9242, 1, 4096, 0
3934, 159433, 1, 4096, 0
3934, 6263, 1, 4096, 0
3934, 2846, 1, 4096, 0
3934, 5796, 1, 4096, 0
3934, 3564, 1, 4096, 0
3934, 3445, 1, 4096, 0
3934, 265326, 1, 4096, 0
3936, 1781242, 1, 4096, 0
3936, 74122, 1, 4096, 0
3936, 7643, 1, 4096, 0
3936, 3954, 1, 4096, 0
3936, 3262, 1, 4096, 0
3936, 25877, 1, 4096, 0
3936, 3004, 1, 4096, 0
3936, 320328, 1, 4096, 0
3937, 365015, 1, 4096, 0
3937, 285840, 1, 4096, 0
3937, 8548, 1, 4096, 0
3937, 3476, 1, 4096, 0
3938, 790096, 1, 4096, 0
3938, 5842, 1, 4096, 0
3938, 4106, 1, 4096, 0
3938, 3085, 1, 4096, 0
3939, 329980, 1, 4096, 0
3939, 535200, 1, 4096, 0
3939, 5472, 1, 4096, 0
3940, 1242239, 1, 4096, 0
3940, 6212, 1, 4096, 0
3940, 2503, 1, 4096, 0
3940, 3924, 1, 4096, 0
3941, 543917, 1, 4096, 0
3941, 5430, 1, 4096, 0
3942, 1542966, 1, 4096, 0
3943, 168841, 1, 4096, 0
3943, 301938, 1, 4096, 0
3943, 185827, 1, 4096, 0
3944, 736222, 1, 4096, 0
3945, 886466, 1, 4096, 0
3945, 5491, 1, 4096, 0
3945, 4686, 1, 4096, 0
3945, 3056, 1, 4096, 0
3945, 535309, 1, 4096, 0
3947, 1331674, 1, 4096, 0
3947, 8221, 1, 4096, 0
3948, 1242889, 1, 4096, 0
3948, 278642, 1, 4096, 0
3948, 179973, 1, 4096, 0
3948, 3940, 1, 4096, 0
3949, 474600, 1, 4096, 0
3949, 6310, 1, 4096, 0
3949, 3541, 1, 4096, 0
3949, 2352, 1, 4096, 0
3949, 2220, 1, 4096, 0
3949, 3290, 1, 4096, 0
3949, 3314, 1, 4096, 0
3949, 2947, 1, 4096, 0
3951, 2156450, 1, 4096, 0
3951, 4836, 1, 4096, 0
3951, 3041, 1, 4096, 0
3951, 3283, 1, 4096, 0
3951, 2310, 1, 4096, 0
3952, 808690, 1, 4096, 0
3954, 1670690, 1, 4096, 0
3954, 6364, 1, 4096, 0
3954, 4530, 1, 4096, 0
3954, 3157, 1, 4096, 0
3954, 4320, 1, 4096, 0
3954, 2902, 1, 4096, 0
3954, 3602, 1, 4096, 0
3954, 6262, 1, 4096, 0
3954, 227695, 1, 4096, 0
3954, 315310, 1, 4096, 0
3954, 6627, 1, 4096, 0
3954, 3550, 1, 4096, 0
3954, 249193, 1, 4096, 0
3954, 7880, 1, 4096, 0
3954, 4356, 1, 4096, 0
3954, 7508, 1, 4096, 0
3954, 4943, 1, 4096, 0
3954, 3249, 1, 4096, 0
3954, 4124, 1, 4096, 0
3954, 3525, 1, 4096, 0
3956, 1754162, 1, 4096, 0
3957, 1133779, 1, 4096, 0
3958, 867247, 1, 4096, 0
3958, 4020, 1, 4096, 0
3959, 453294, 1, 4096, 0
3959, 6831, 1, 4096, 0
3959, 3720, 1, 4096, 0
3959, 4141, 1, 4096, 0
3959, 3846, 1, 4096, 0
3959, 3624, 1, 4096, 0
3959, 2778, 1, 4096, 0
3959, 3073, 1, 4096, 0
3960, 1561135, 1, 4096, 0
3960, 4240, 1, 4096, 0
3960, 20449, 1, 4096, 0
3960, 2836, 1, 4096, 0
3960, 3131, 1, 4096, 0
3963, 2162287, 1, 4096, 0
3963, 5891, 1, 4096, 0
3963, 118714, 1, 4096, 0
3963, 3191, 1, 4096, 0
3964, 1231408, 1, 4096, 0
3965, 624856, 1, 4096, 0
3965, 6161, 1, 4096, 0
3965, 330033, 1, 4096, 0
3965, 257803, 1, 4096, 0
3966, 473232, 1, 4096, 0
3966, 6448, 1, 4096, 0
3966, 4056, 1, 4096, 0
3966, 3541, 1, 4096, 0
3966, 4264, 1, 4096, 0
3966, 3780, 1, 4096, 0
3966, 7881, 1, 4096, 0
3966, 4544, 1, 4096, 0
3968, 2575669, 1, 4096, 0
3968, 6076, 1, 4096, 0
3968, 3805, 1, 4096, 0
3968, 4185, 1, 4096, 0
3968, 2967, 1, 4096, 0
3969, 701290, 1, 4096, 0
3969, 4834, 1, 4096, 0
3971, 1520933, 1, 4096, 0
3971, 498277, 1, 4096, 0
3971, 5709, 1, 4096, 0
3971, 71992, 1, 4096, 0
3971, 309189, 1, 4096, 0
3971, 5760, 1, 4096, 0
3971, 4090, 1, 4096, 0
3971, 3355, 1, 4096, 0
3971, 3101, 1, 4096, 0
3971, 3555, 1, 4096, 0
3971, 3693, 1, 4096, 0
3972, 291121, 1, 4096, 0
3973, 1143242, 1, 4096, 0
3973, 6617, 1, 4096, 0
3973, 3034, 1, 4096, 0
3973, 2376, 1, 4096, 0
3973, 3435, 1, 4096, 0
3973, 249280, 1, 4096, 0
3973, 248919, 1, 4096, 0
3973, 7414, 1, 4096, 0
3974, 997001, 1, 4096, 0
3974, 6699, 1, 4096, 0
3975, 150929, 1, 4096, 0
3975, 5818, 1, 4096, 0
3975, 3448, 1, 4096, 0
3975, 3041, 1, 4096, 0
3975, 2560, 1, 4096, 0
3975, 3216, 1, 4096, 0
3975, 9977, 1, 4096, 0
3975, 5543, 1, 4096, 0
3975, 6842, 1, 4096, 0
3975, 4653, 1, 4096, 0
3975, 61584, 1, 4096, 0
3975, 58974, 1, 4096, 0
3975, 134902, 1, 4096, 0
3975, 8836, 1, 4096, 0
3977, 1435315, 1, 4096, 0
3977, 68006, 1, 4096, 0
3977, 385293, 1, 4096, 0
3978, 506949, 1, 4096, 0
3978, 107123, 1, 4096, 0
3978, 82675, 1, 4096, 0
3978, 128239, 1, 4096, 0
3979, 691283, 1, 4096, 0
3979, 7693, 1, 4096, 0
3979, 3709, 1, 4096, 0
3979, 3519, 1, 4096, 0
3979, 3843, 1, 4096, 0
3979, 299780, 1, 4096, 0
3979, 7203, 1, 4096, 0
3979, 232392, 1, 4096, 0
3979, 5329, 1, 4096, 0
3979, 4398, 1, 4096, 0
3979, 3184, 1, 4096, 0
3979, 3796, 1, 4096, 0
3979, 3294, 1, 4096, 0
3979, 3480, 1, 4096, 0
3979, 3952, 1, 4096, 0
3982, 2432233, 1, 4096, 0
3982, 275607, 1, 4096, 0
3982, 3357, 1, 4096, 0
3982, 152305, 1, 4096, 0
3982, 140759, 1, 4096, 0
3982, 4996, 1, 4096, 0
3983, 518864, 1, 4096, 0
3984, 838997, 1, 4096, 0
3984, 8401, 1, 4096, 0
3984, 4308, 1, 4096, 0
3984, 3471, 1, 4096, 0
3984, 3737, 1, 4096, 0
3984, 2523, 1, 4096, 0
3984, 3640, 1, 4096, 0
3984, 5178, 1, 4096, 0
3985, 887535, 1, 4096, 0
3985, 4436, 1, 4096, 0
3985, 3309, 1, 4096, 0
3985, 4147, 1, 4096, 0
3985, 3461, 1, 4096, 0
3985, 388310, 1, 4096, 0
3986, 410799, 1, 4096, 0
3986, 8288, 1, 4096, 0
3986, 4267, 1, 4096, 0
3986, 3555, 1, 4096, 0
3986, 4894, 1, 4096, 0
3986, 3162, 1, 4096, 0
3986, 3683, 1, 4096, 0
3986, 3371, 1, 4096, 0
3988, 2284190, 1, 4096, 0
3988, 6247, 1, 4096, 0
3988, 4261, 1, 4096, 0
3988, 2816, 1, 4096, 0
3988, 3150, 1, 4096, 0
3988, 3294, 1, 4096, 0
3988, 3317, 1, 4096, 0
3988, 4400, 1, 4096, 0
3991, 2771408, 1, 4096, 0
3991, 317174, 1, 4096, 0
3991, 5285, 1, 4096, 0
3991, 5910, 1, 4096, 0
3992, 928300, 1, 4096, 0
3992, 76191, 1, 4096, 0
3992, 7635, 1, 4096, 0
3992, 3706, 1, 4096, 0
3992, 4617, 1, 4096, 0
3992, 3242, 1, 4096, 0
3992, 3605, 1, 4096, 0
3992, 4849, 1, 4096, 0
3992, 5836, 1, 4096, 0
3993, 1062929, 1, 4096, 0
3993, 4008, 1, 4096, 0
3993, 2837, 1, 4096, 0
3994, 659737, 1, 4096, 0
3994, 8772, 1, 4096, 0
3994, 4087, 1, 4096, 0
3994, 3532, 1, 4096, 0
3994, 2964, 1, 4096, 0
3994, 5278, 1, 4096, 0
3994, 3393, 1, 4096, 0
3994, 4874, 1, 4096, 0
3996, 1813016, 1, 4096, 0
3996, 4713, 1, 4096, 0
3996, 3284, 1, 4096, 0
3996, 2836, 1, 4096, 0
3996, 3499, 1, 4096, 0
3996, 223812, 1, 4096, 0
3997, 1082308, 1, 4096, 0
3997, 6683, 1, 4096, 0
3997, 3103, 1, 4096, 0
3997, 3723, 1, 4096, 0
3997, 4000, 1, 4096, 0
3997, 3898, 1, 4096, 0
3997, 6442, 1, 4096, 0
3997, 3455, 1, 4096, 0
3997, 190685, 1, 4096, 0
3997, 14589, 1, 4096, 0
3997, 10399, 1, 4096, 0
3998, 263344, 1, 4096, 0
3998, 4213, 1, 4096, 0
3998, 395534, 1, 4096, 0
3998, 5987, 1, 4096, 0
3998, 3950, 1, 4096, 0
3998, 2892, 1, 4096, 0
3998, 115046, 1, 4096, 0
4000, 1568178, 1, 4096, 0
4000, 6157, 1, 4096, 0
4000, 2836, 1, 4096, 0
4000, 333701, 1, 4096, 0
4000, 388782, 1, 4096, 0
4001, 183515, 1, 4096, 0
4001, 577195, 1, 4096, 0
4001, 3406, 1, 4096, 0
4001, 2108, 1, 4096, 0
4003, 1822153, 1, 4096, 0
4003, 22156, 1, 4096, 0
4004, 475049, 1, 4096, 0
4004, 162330, 1, 4096, 0
4004, 7506, 1, 4096, 0
4004, 3916, 1, 4096, 0
4004, 3794, 1, 4096, 0
4004, 4120, 1, 4096, 0
4004, 2853, 1, 4096, 0
4004, 3717, 1, 4096, 0
4005, 761538, 1, 4096, 0
4007, 2281851, 1, 4096, 0
4007, 5347, 1, 4096, 0
4007, 184180, 1, 4096, 0
4007, 306269, 1, 4096, 0
4007, 125492, 1, 4096, 0
4008, 4921, 1, 4096, 0
4008, 5421, 1, 4096, 0
4008, 422827, 1, 4096, 0
4008, 246797, 1, 4096, 0
4008, 5380, 1, 4096, 0
4008, 3457, 1, 4096, 0
4008, 4125, 1, 4096, 0
4008, 4269, 1, 4096, 0
4008, 3712, 1, 4096, 0
4008, 3883, 1, 4096, 0
4008, 3106, 1, 4096, 0
4009, 469107, 1, 4096, 0
4009, 4978, 1, 4096, 0
4009, 2577, 1, 4096, 0
4009, 3400, 1, 4096, 0
4009, 1746, 1, 4096, 0
4009, 2532, 1, 4096, 0
4009, 2875, 1, 4096, 0
4009, 2565, 1, 4096, 0
4011, 8736, 1, 4096, 0
4011, 5319, 1, 4096, 0
4011, 4159, 1, 4096, 0
4011, 4853, 1, 4096, 0
4011, 12924, 1, 4096, 0
4012, 740723, 1, 4096, 0
4012, 15521, 1, 4096, 0
4012, 550705, 1, 4096, 0
4012, 19350, 1, 4096, 0
4013, 575311, 1, 4096, 0
4013, 456444, 1, 4096, 0
4014, 57504, 1, 4096, 0
4015, 1379267, 1, 4096, 0
4015, 7960, 1, 4096, 0
4015, 429202, 1, 4096, 0
4015, 89155, 1, 4096, 0
4016, 155118, 1, 4096, 0
4016, 456379, 1, 4096, 0
4017, 440987, 1, 4096, 0
4017, 24878, 1, 4096, 0
4018, 1412791, 1, 4096, 0
4018, 10575, 1, 4096, 0
4019, 1516344, 1, 4096, 0
4020, 8651, 1, 4096, 0
4020, 4287, 1, 4096, 0
4021, 1332182, 1, 4096, 0
4021, 412422, 1, 4096, 0
4022, 679896, 1, 4096, 0
4023, 860074, 1, 4096, 0
4023, 424287, 1, 4096, 0
4024, 871263, 1, 4096, 0
4025, 771646, 1, 4096, 0
4025, 6047, 1, 4096, 0
4025, 318927, 1, 4096, 0
4026, 498017, 1, 4096, 0
4026, 7178, 1, 4096, 0
4027, 1123019, 1, 4096, 0
4027, 6367, 1, 4096, 0
4027, 4044, 1, 4096, 0
4027, 3213, 1, 4096, 0
4027, 3238, 1, 4096, 0
4027, 7544, 1, 4096, 0
4027, 3853, 1, 4096, 0
4027, 3174, 1, 4096, 0
4027, 306387, 1, 4096, 0
4027, 6472, 1, 4096, 0
4027, 2356, 1, 4096, 0
4027, 2066, 1, 4096, 0
4027, 2633, 1, 4096, 0
4027, 2191, 1, 4096, 0
4027, 2382, 1, 4096, 0
4027, 2326, 1, 4096, 0
4028, 638058, 1, 4096, 0
4028, 4691, 1, 4096, 0
4028, 3376, 1, 4096, 0
4028, 3909, 1, 4096, 0
4030, 929506, 1, 4096, 0
4030, 6392, 1, 4096, 0
4031, 603439, 1, 4096, 0
4031, 194784, 1, 4096, 0
4031, 250765, 1, 4096, 0
4031, 7594, 1, 4096, 0
4032, 187328, 1, 4096, 0
4032, 3815, 1, 4096, 0
4033, 1691853, 1, 4096, 0
4033, 184942, 1, 4096, 0
4033, 11616, 1, 4096, 0
4033, 3658, 1, 4096, 0
4033, 3254, 1, 4096, 0
4033, 4035, 1, 4096, 0
4033, 3191, 1, 4096, 0
4033, 3054, 1, 4096, 0
4033, 2449, 1, 4096, 0
4034, 223340, 1, 4096, 0
4034, 243663, 1, 4096, 0
4035, 769578, 1, 4096, 0
4035, 7244, 1, 4096, 0
4035, 4240, 1, 4096, 0
4035, 3378, 1, 4096, 0
4035, 106245, 1, 4096, 0
4036, 725159, 1, 4096, 0
4036, 138296, 1, 4096, 0
4036, 142746, 1, 4096, 0
4036, 252865, 1, 4096, 0
4036, 191734, 1, 4096, 0
4036, 12436, 1, 4096, 0
4036, 3173, 1, 4096, 0
4036, 3355, 1, 4096, 0
4036, 2660, 1, 4096, 0
4036, 3029, 1, 4096, 0
4036, 2261, 1, 4096, 0
4036, 2334, 1, 4096, 0
4038, 1348871, 1, 4096, 0
4038, 5896, 1, 4096, 0
4039, 1203712, 1, 4096, 0
4040, 906985, 1, 4096, 0
4040, 185553, 1, 4096, 0
4040, 226329, 1, 4096, 0
4040, 5318, 1, 4096, 0
4041, 389663, 1, 4096, 0
4042, 1068076, 1, 4096, 0
4042, 6354, 1, 4096, 0
4042, 1850, 1, 4096, 0
4043, 939384, 1, 4096, 0
4043, 6999, 1, 4096, 0
4043, 729700, 1, 4096, 0
4044, 111089, 1, 4096, 0
4044, 337740, 1, 4096, 0
4044, 5649, 1, 4096, 0
4045, 657997, 1, 4096, 0
4045, 299590, 1, 4096, 0
4045, 6377, 1, 4096, 0
4045, 3773, 1, 4096, 0
4045, 3626, 1, 4096, 0
4045, 3288, 1, 4096, 0
4045, 2807, 1, 4096, 0
4045, 3327, 1, 4096, 0
4045, 2576, 1, 4096, 0
4047, 2464700, 1, 4096, 0
4047, 8795, 1, 4096, 0
4048, 821627, 1, 4096, 0
4048, 5562, 1, 4096, 0
4048, 106181, 1, 4096, 0
4048, 8810, 1, 4096, 0
4048, 3080, 1, 4096, 0
4048, 3658, 1, 4096, 0
4048, 3384, 1, 4096, 0
4048, 4672, 1, 4096, 0
4048, 98694, 1, 4096, 0
4049, 8410, 1, 4096, 0
4051, 2196560, 1, 4096, 0
4051, 7187, 1, 4096, 0
4051, 668415, 1, 4096, 0
4051, 7859, 1, 4096, 0
4052, 335958, 1, 4096, 0
4052, 131863, 1, 4096, 0
4052, 4904, 1, 4096, 0
4054, 1827884, 1, 4096, 0
4054, 8371, 1, 4096, 0
4055, 985964, 1, 4096, 0
4055, 537248, 1, 4096, 0
4055, 7239, 1, 4096, 0
4055, 5097, 1, 4096, 0
4057, 1339204, 1, 4096, 0
4057, 7978, 1, 4096, 0
4057, 517071, 1, 4096, 0
4057, 5062, 1, 4096, 0
4058, 436059, 1, 4096, 0
4059, 1016569, 1, 4096, 0
4059, 7640, 1, 4096, 0
4059, 4049, 1, 4096, 0
4059, 167334, 1, 4096, 0
4059, 10422, 1, 4096, 0
4060, 787002, 1, 4096, 0
4060, 52151, 1, 4096, 0
4060, 5030, 1, 4096, 0
4060, 4308, 1, 4096, 0
4060, 2709, 1, 4096, 0
4060, 2448, 1, 4096, 0
4060, 2576, 1, 4096, 0
4060, 2457, 1, 4096, 0
4060, 2589, 1, 4096, 0
4062, 2255277, 1, 4096, 0
4062, 7621, 1, 4096, 0
4062, 235191, 1, 4096, 0
4062, 108091, 1, 4096, 0
4063, 215962, 1, 4096, 0
4063, 3600, 1, 4096, 0
4063, 328471, 1, 4096, 0
4063, 549318, 1, 4096, 0
4063, 6481, 1, 4096, 0
4063, 3507, 1, 4096, 0
4063, 3960, 1, 4096, 0
4063, 3518, 1, 4096, 0
4063, 3524, 1, 4096, 0
4064, 3919, 1, 4096, 0
4064, 3206, 1, 4096, 0
4067, 3697910, 1, 4096, 0
4067, 9972, 1, 4096, 0
4067, 4756, 1, 4096, 0
4067, 3338, 1, 4096, 0
4067, 3228, 1, 4096, 0
4067, 3471, 1, 4096, 0
4067, 4061, 1, 4096, 0
4067, 3093, 1, 4096, 0
4068, 607087, 1, 4096, 0
4068, 7210, 1, 4096, 0
4068, 3368, 1, 4096, 0
4068, 2822, 1, 4096, 0
4068, 3127, 1, 4096, 0
4068, 2620, 1, 4096, 0
4068, 4070, 1, 4096, 0
4068, 3930, 1, 4096, 0
4068, 293031, 1, 4096, 0
4068, 6231, 1, 4096, 0
4068, 2916, 1, 4096, 0
4068, 1866, 1, 4096, 0
4068, 3308, 1, 4096, 0
4068, 3107, 1, 4096, 0
4068, 2251, 1, 4096, 0
4068, 3105, 1, 4096, 0
4071, 612200, 1, 4096, 0
4072, 880901, 1, 4096, 0
4072, 8578, 1, 4096, 0
4072, 3230, 1, 4096, 0
4072, 2509, 1, 4096, 0
4072, 246174, 1, 4096, 0
4072, 478031, 1, 4096, 0
4073, 268499, 1, 4096, 0
4073, 616419, 1, 4096, 0
4074, 567270, 1, 4096, 0
4075, 1239051, 1, 4096, 0
4076, 955050, 1, 4096, 0
4076, 5813, 1, 4096, 0
4076, 3008, 1, 4096, 0
4076, 3566, 1, 4096, 0
4076, 2686, 1, 4096, 0
4077, 566344, 1, 4096, 0
4077, 8636, 1, 4096, 0
4077, 3289, 1, 4096, 0
4077, 2511, 1, 4096, 0
4077, 2773, 1, 4096, 0
4077, 3103, 1, 4096, 0
4077, 4938, 1, 4096, 0
4077, 3258, 1, 4096, 0
4079, 2140709, 1, 4096, 0
4079, 324897, 1, 4096, 0
4079, 8860, 1, 4096, 0
4079, 3743, 1, 4096, 0
4079, 4241, 1, 4096, 0
4079, 2935, 1, 4096, 0
4079, 3218, 1, 4096, 0
4079, 2838, 1, 4096, 0
4079, 2914, 1, 4096, 0
4082, 2351645, 1, 4096, 0
4082, 8238, 1, 4096, 0
4082, 5142, 1, 4096, 0
4082, 3751, 1, 4096, 0
4082, 3492, 1, 4096, 0
4082, 3277, 1, 4096, 0
4082, 3247, 1, 4096, 0
4082, 207258, 1, 4096, 0
4082, 7047, 1, 4096, 0
4082, 3515, 1, 4096, 0
4082, 4083, 1, 4096, 0
4082, 3618, 1, 4096, 0
4082, 3538, 1, 4096, 0
4082, 2379, 1, 4096, 0
4082, 3155, 1, 4096, 0
4083, 1436173, 1, 4096, 0
4083, 7899, 1, 4096, 0
4083, 2915, 1, 4096, 0
4083, 4229, 1, 4096, 0
4083, 4179, 1, 4096, 0
4083, 3082, 1, 4096, 0
4083, 2639, 1, 4096, 0
4083, 2382, 1, 4096, 0
4084, 860517, 1, 4096, 0
4085, 641538, 1, 4096, 0
4085, 6783, 1, 4096, 0
4085, 339969, 1, 4096, 0
4085, 76081, 1, 4096, 0
4087, 1206280, 1, 4096, 0
4087, 5155, 1, 4096, 0
4087, 3079, 1, 4096, 0
4087, 3117, 1, 4096, 0
4087, 2488, 1, 4096, 0
4087, 2989, 1, 4096, 0
4087, 2833, 1, 4096, 0
4087, 2480, 1, 4096, 0
4087, 84821, 1, 4096, 0
4087, 93457, 1, 4096, 0
4088, 372664, 1, 4096, 0
4088, 5122, 1, 4096, 0
4088, 79348, 1, 4096, 0
4088, 151336, 1, 4096, 0
4088, 12035, 1, 4096, 0
4088, 3578, 1, 4096, 0
4088, 3319, 1, 4096, 0
4088, 3548, 1, 4096, 0
4089, 743936, 1, 4096, 0
4089, 6880, 1, 4096, 0
4090, 956568, 1, 4096, 0
4090, 6228, 1, 4096, 0
4090, 4856, 1, 4096, 0
4090, 5245, 1, 4096, 0
4090, 5951, 1, 4096, 0
4090, 4030, 1, 4096, 0
4090, 11835, 1, 4096, 0
4091, 5400, 1, 4096, 0
4091, 5870, 1, 4096, 0
4091, 5378, 1, 4096, 0
4091, 4591, 1, 4096, 0
4091, 5395, 1, 4096, 0
4091, 8812, 1, 4096, 0
4091, 3721, 1, 4096, 0
4092, 4541, 1, 4096, 0
4092, 246119, 1, 4096, 0
4092, 6203, 1, 4096, 0
4093, 417801, 1, 4096, 0
4093, 6441, 1, 4096, 0
4093, 3192, 1, 4096, 0
4093, 3507, 1, 4096, 0
4093, 10726, 1, 4096, 0
4093, 76408, 1, 4096, 0
4093, 7019, 1, 4096, 0
4093, 8256, 1, 4096, 0
4094, 6371, 1, 4096, 0
4094, 3784, 1, 4096, 0
4095, 6712, 1, 4096, 0
4095, 6491, 1, 4096, 0
4095, 5789, 1, 4096, 0
4095, 9811, 1, 4096, 0
4095, 5071, 1, 4096, 0
4095, 8905, 1, 4096, 0
4095, 4473, 1, 4096, 0
4095, 4664, 1, 4096, 0
4095, 6890, 1, 4096, 0
4096, 10518, 1, 4096, 0
4096, 5240, 1, 4096, 0
4096, 8537, 1, 4096, 0
4096, 3223, 1, 4096, 0
4096, 7554, 1, 4096, 0
4096, 3328, 1, 4096, 0
4096, 2599, 1, 4096, 0
4097, 4632, 1, 4096, 0
4097, 5104, 1, 4096, 0
4098, 398882, 1, 4096, 0
4098, 288492, 1, 4096, 0
4099, 637755, 1, 4096, 0
4099, 5715, 1, 4096, 0
4099, 3617, 1, 4096, 0
4099, 3413, 1, 4096, 0
4099, 3247, 1, 4096, 0
4099, 2719, 1, 4096, 0
4099, 3190, 1, 4096, 0
4099, 288689, 1, 4096, 0
4099, 7345, 1, 4096, 0
4099, 4494, 1, 4096, 0
4099, 2651, 1, 4096, 0
4099, 2995, 1, 4096, 0
4099, 7772, 1, 4096, 0
4099, 11588, 1, 4096, 0
4099, 5196, 1, 4096, 0
4099, 3544, 1, 4096, 0
4099, 3781, 1, 4096, 0
4100, 6660, 1, 4096, 0
4100, 4026, 1, 4096, 0
4100, 3389, 1, 4096, 0
4102, 1713566, 1, 4096, 0
4102, 404958, 1, 4096, 0
4102, 4506, 1, 4096, 0
4102, 3389, 1, 4096, 0
4104, 1533577, 1, 4096, 0
4104, 8305, 1, 4096, 0
4104, 2625, 1, 4096, 0
4104, 2355, 1, 4096, 0
4104, 2232, 1, 4096, 0
4104, 2636, 1, 4096, 0
4104, 3847, 1, 4096, 0
4104, 2393, 1, 4096, 0
4106, 1964520, 1, 4096, 0
4106, 5410, 1, 4096, 0
4106, 2436, 1, 4096, 0
4106, 1905, 1, 4096, 0
4106, 4243, 1, 4096, 0
4106, 3498, 1, 4096, 0
4106, 13413, 1, 4096, 0
4106, 14991, 1, 4096, 0
4110, 3812565, 1, 4096, 0
4110, 334104, 1, 4096, 0
4110, 5250, 1, 4096, 0
4110, 4186, 1, 4096, 0
4110, 506817, 1, 4096, 0
4110, 4333, 1, 4096, 0
4110, 4786, 1, 4096, 0
4111, 996158, 1, 4096, 0
4111, 6887, 1, 4096, 0
4111, 3836, 1, 4096, 0
4111, 2656, 1, 4096, 0
4111, 3250, 1, 4096, 0
4111, 3431, 1, 4096, 0
4111, 3124, 1, 4096, 0
4111, 3668, 1, 4096, 0
4114, 2141897, 1, 4096, 0
4114, 9857, 1, 4096, 0
4114, 3011, 1, 4096, 0
4114, 2510, 1, 4096, 0
4114, 1785, 1, 4096, 0
4114, 2269, 1, 4096, 0
4114, 2847, 1, 4096, 0
4114, 2831, 1, 4096, 0
4115, 1336560, 1, 4096, 0
4115, 8781, 1, 4096, 0
4115, 4389, 1, 4096, 0
4115, 3895, 1, 4096, 0
4115, 4099, 1, 4096, 0
4115, 3804, 1, 4096, 0
4115, 2904, 1, 4096, 0
4115, 3593, 1, 4096, 0
4117, 1902872, 1, 4096, 0
4117, 321531, 1, 4096, 0
4117, 85004, 1, 4096, 0
4117, 5421, 1, 4096, 0
4117, 3611, 1, 4096, 0
4117, 3179, 1, 4096, 0
4117, 2488, 1, 4096, 0
4117, 2661, 1, 4096, 0
4117, 2743, 1, 4096, 0
4117, 3032, 1, 4096, 0
4119, 1221863, 1, 4096, 0
4119, 4595, 1, 4096, 0
4119, 3984, 1, 4096, 0
4119, 2843, 1, 4096, 0
4119, 2939, 1, 4096, 0
4119, 3263, 1, 4096, 0
4119, 3586, 1, 4096, 0
4119, 2860, 1, 4096, 0
4119, 388111, 1, 4096, 0
4119, 5593, 1, 4096, 0
4119, 3030, 1, 4096, 0
4119, 2056, 1, 4096, 0
4119, 1790, 1, 4096, 0
4119, 2277, 1, 4096, 0
4119, 2940, 1, 4096, 0
4119, 9524, 1, 4096, 0
4119, 3427, 1, 4096, 0
4120, 5768, 1, 4096, 0
4120, 4801, 1, 4096, 0
4120, 10242, 1, 4096, 0
4120, 3106, 1, 4096, 0
4120, 6422, 1, 4096, 0
4120, 5417, 1, 4096, 0
4121, 8664, 1, 4096, 0
4121, 10231, 1, 4096, 0
4121, 3007, 1, 4096, 0
4122, 8770, 1, 4096, 0
4122, 10748, 1, 4096, 0
4122, 5624, 1, 4096, 0
4122, 8140, 1, 4096, 0
4122, 2959, 1, 4096, 0
4122, 5597, 1, 4096, 0
4123, 7307, 1, 4096, 0
4123, 4112, 1, 4096, 0
4123, 4908, 1, 4096, 0
4124, 715173, 1, 4096, 0
4124, 7652, 1, 4096, 0
4124, 3495, 1, 4096, 0
4124, 3248, 1, 4096, 0
4124, 2444, 1, 4096, 0
4124, 2064, 1, 4096, 0
4124, 1786, 1, 4096, 0
4124, 82169, 1, 4096, 0
4124, 7226, 1, 4096, 0
4124, 4067, 1, 4096, 0
4124, 2663, 1, 4096, 0
4124, 4073, 1, 4096, 0
4124, 4021, 1, 4096, 0
4124, 8564, 1, 4096, 0
4125, 8713, 1, 4096, 0
4125, 327984, 1, 4096, 0
4125, 10625, 1, 4096, 0
4125, 3692, 1, 4096, 0
4126, 5816, 1, 4096, 0
4126, 7967, 1, 4096, 0
4126, 4224, 1, 4096, 0
4127, 562948, 1, 4096, 0
4127, 452856, 1, 4096, 0
4128, 638800, 1, 4096, 0
4128, 322950, 1, 4096, 0
4128, 9448, 1, 4096, 0
4128, 3481, 1, 4096, 0
4128, 2576, 1, 4096, 0
4128, 3081, 1, 4096, 0
4129, 536709, 1, 4096, 0
4129, 492549, 1, 4096, 0
4130, 595520, 1, 4096, 0
4131, 1361053, 1, 4096, 0
4131, 6137, 1, 4096, 0
4131, 3292, 1, 4096, 0
4131, 2457, 1, 4096, 0
4131, 2530, 1, 4096, 0
4131, 2610, 1, 4096, 0
4131, 2050, 1, 4096, 0
4131, 2308, 1, 4096, 0
4132, 857001, 1, 4096, 0
4132, 7023, 1, 4096, 0
4132, 3605, 1, 4096, 0
4132, 3445, 1, 4096, 0
4132, 2959, 1, 4096, 0
4132, 3668, 1, 4096, 0
4132, 2868, 1, 4096, 0
4132, 6863, 1, 4096, 0
4135, 2482931, 1, 4096, 0
4135, 214874, 1, 4096, 0
4136, 921245, 1, 4096, 0
4136, 4522, 1, 4096, 0
4136, 2521, 1, 4096, 0
4136, 51120, 1, 4096, 0
4136, 2488, 1, 4096, 0
4137, 945303, 1, 4096, 0
4140, 3018283, 1, 4096, 0
4140, 7613, 1, 4096, 0
4140, 3424, 1, 4096, 0
4140, 3231, 1, 4096, 0
4140, 3221, 1, 4096, 0
4141, 1203493, 1, 4096, 0
4141, 5460, 1, 4096, 0
4141, 2820, 1, 4096, 0
4141, 2650, 1, 4096, 0
4141, 2390, 1, 4096, 0
4141, 2233, 1, 4096, 0
4141, 2206, 1, 4096, 0
4141, 1688, 1, 4096, 0
4144, 2532811, 1, 4096, 0
4144, 7720, 1, 4096, 0
4144, 5388, 1, 4096, 0
4144, 3059, 1, 4096, 0
4144, 2959, 1, 4096, 0
4144, 2301, 1, 4096, 0
4144, 2919, 1, 4096, 0
4144, 3318, 1, 4096, 0
4146, 2172437, 1, 4096, 0
4146, 7636, 1, 4096, 0
4146, 3056, 1, 4096, 0
4146, 3891, 1, 4096, 0
4146, 3410, 1, 4096, 0
4146, 3194, 1, 4096, 0
4146, 2897, 1, 4096, 0
4146, 3063, 1, 4096, 0
4148, 1707038, 1, 4096, 0
4148, 7579, 1, 4096, 0
4148, 2223, 1, 4096, 0
4148, 3749, 1, 4096, 0
4148, 2969, 1, 4096, 0
4148, 2860, 1, 4096, 0
4148, 3069, 1, 4096, 0
4148, 3806, 1, 4096, 0
4150, 2422165, 1, 4096, 0
4150, 8206, 1, 4096, 0
4150, 3256, 1, 4096, 0
4151, 239842, 1, 4096, 0
4151, 5844, 1, 4096, 0
4151, 4309, 1, 4096, 0
4151, 207251, 1, 4096, 0
4152, 822870, 1, 4096, 0
4152, 225276, 1, 4096, 0
4153, 889483, 1, 4096, 0
4153, 6967, 1, 4096, 0
4153, 133344, 1, 4096, 0
4153, 8811, 1, 4096, 0
4153, 171543, 1, 4096, 0
4154, 463732, 1, 4096, 0
4155, 941888, 1, 4096, 0
4155, 5910, 1, 4096, 0
4155, 2897, 1, 4096, 0
4155, 3173, 1, 4096, 0
4155, 3042, 1, 4096, 0
4155, 3571, 1, 4096, 0
4155, 4071, 1, 4096, 0
4155, 3173, 1, 4096, 0
4156, 1607038, 1, 4096, 0
4156, 7826, 1, 4096, 0
4156, 3591, 1, 4096, 0
4156, 3312, 1, 4096, 0
4156, 4318, 1, 4096, 0
4156, 3527, 1, 4096, 0
4156, 3596, 1, 4096, 0
4156, 3099, 1, 4096, 0
4158, 1646607, 1, 4096, 0
4158, 8895, 1, 4096, 0
4158, 3170, 1, 4096, 0
4158, 186320, 1, 4096, 0
4158, 211384, 1, 4096, 0
4159, 197142, 1, 4096, 0
4159, 134923, 1, 4096, 0
4160, 1282970, 1, 4096, 0
4160, 319383, 1, 4096, 0
4161, 166336, 1, 4096, 0
4161, 243452, 1, 4096, 0
4161, 475198, 1, 4096, 0
4162, 621476, 1, 4096, 0
4162, 321280, 1, 4096, 0
4162, 4133, 1, 4096, 0
4163, 681938, 1, 4096, 0
4163, 333543, 1, 4096, 0
4163, 5513, 1, 4096, 0
4163, 229251, 1, 4096, 0
4164, 498470, 1, 4096, 0
4165, 567872, 1, 4096, 0
4165, 137323, 1, 4096, 0
4166, 966502, 1, 4096, 0
4167, 910777, 1, 4096, 0
4167, 542651, 1, 4096, 0
4167, 43506, 1, 4096, 0
4167, 135715, 1, 4096, 0
4167, 194651, 1, 4096, 0
4168, 7561, 1, 4096, 0
4168, 3331, 1, 4096, 0
4168, 4119, 1, 4096, 0
4168, 2794, 1, 4096, 0
4168, 3903, 1, 4096, 0
4168, 3436, 1, 4096, 0
4168, 6156, 1, 4096, 0
4169, 1747781, 1, 4096, 0
4169, 62452, 1, 4096, 0
4170, 206400, 1, 4096, 0
4170, 4888, 1, 4096, 0
4170, 151259, 1, 4096, 0
4170, 406314, 1, 4096, 0
4171, 876886, 1, 4096, 0
4171, 87390, 1, 4096, 0
4173, 1480590, 1, 4096, 0
4173, 6282, 1, 4096, 0
4173, 2864, 1, 4096, 0
4173, 3746, 1, 4096, 0
4173, 3353, 1, 4096, 0
4173, 500244, 1, 4096, 0
4174, 401105, 1, 4096, 0
4174, 388815, 1, 4096, 0
4174, 6820, 1, 4096, 0
4174, 3566, 1, 4096, 0
4174, 3189, 1, 4096, 0
4174, 2818, 1, 4096, 0
4174, 2919, 1, 4096, 0
4174, 3295, 1, 4096, 0
4174, 3354, 1, 4096, 0
4177, 2958308, 1, 4096, 0
4177, 413281, 1, 4096, 0
4177, 6507, 1, 4096, 0
4177, 3220, 1, 4096, 0
4177, 4172, 1, 4096, 0
4177, 3346, 1, 4096, 0
4177, 3406, 1, 4096, 0
4178, 382927, 1, 4096, 0
4179, 766045, 1, 4096, 0
4179, 6915, 1, 4096, 0
4179, 3282, 1, 4096, 0
4179, 3370, 1, 4096, 0
4179, 2879, 1, 4096, 0
4179, 3099, 1, 4096, 0
4179, 2591, 1, 4096, 0
4179, 2569, 1, 4096, 0
4179, 475148, 1, 4096, 0
4179, 6794, 1, 4096, 0
4181, 2397308, 1, 4096, 0
4182, 437565, 1, 4096, 0
4184, 1814425, 1, 4096, 0
4184, 9502, 1, 4096, 0
4184, 4056, 1, 4096, 0
4184, 184866, 1, 4096, 0
4184, 6944, 1, 4096, 0
4184, 3714, 1, 4096, 0
4184, 3515, 1, 4096, 0
4184, 2747, 1, 4096, 0
4184, 73564, 1, 4096, 0
4184, 219099, 1, 4096, 0
4184, 34199, 1, 4096, 0
4187, 3055536, 1, 4096, 0
4187, 115328, 1, 4096, 0
4188, 3887, 1, 4096, 0
4188, 455213, 1, 4096, 0
4188, 7578, 1, 4096, 0
4188, 3653, 1, 4096, 0
4189, 757370, 1, 4096, 0
4189, 207673, 1, 4096, 0
4191, 1589795, 1, 4096, 0
4191, 9642, 1, 4096, 0
4191, 251194, 1, 4096, 0
4191, 544074, 1, 4096, 0
4191, 5906, 1, 4096, 0
4192, 157747, 1, 4096, 0
4192, 3964, 1, 4096, 0
4192, 248669, 1, 4096, 0
4194, 2206211, 1, 4096, 0
4195, 552868, 1, 4096, 0
4195, 5711, 1, 4096, 0
4195, 4639, 1, 4096, 0
4195, 2988, 1, 4096, 0
4195, 3256, 1, 4096, 0
4195, 2776, 1, 4096, 0
4196, 1611340, 1, 4096, 0
4197, 795710, 1, 4096, 0
4197, 261196, 1, 4096, 0
4198, 844992, 1, 4096, 0
4198, 167037, 1, 4096, 0
4198, 10214, 1, 4096, 0
4199, 322384, 1, 4096, 0
4199, 707850, 1, 4096, 0
4199, 39095, 1, 4096, 0
4200, 585435, 1, 4096, 0
4201, 1059174, 1, 4096, 0
4202, 1365170, 1, 4096, 0
4202, 7256, 1, 4096, 0
4203, 390762, 1, 4096, 0
4203, 9253, 1, 4096, 0
4203, 404699, 1, 4096, 0
4204, 588438, 1, 4096, 0
4204, 208913, 1, 4096, 0
4204, 35711, 1, 4096, 0
4205, 413997, 1, 4096, 0
4206, 1028825, 1, 4096, 0
4206, 784385, 1, 4096, 0
4207, 334132, 1, 4096, 0
4207, 151794, 1, 4096, 0
4207, 4972, 1, 4096, 0
4209, 1675868, 1, 4096, 0
4209, 5885, 1, 4096, 0
4209, 2574, 1, 4096, 0
4209, 2125, 1, 4096, 0
4214, 19482, 1, 4096, 0
4214, 2914, 1, 4096, 0
4214, 2396, 1, 4096, 0
4214, 2423, 1, 4096, 0
4214, 2142, 1, 4096, 0
4214, 1925, 1, 4096, 0
4214, 1619, 1, 4096, 0
4214, 1891, 1, 4096, 0
4216, 1503298, 1, 4096, 0
4217, 1443358, 1, 4096, 0
4217, 147845, 1, 4096, 0
4217, 9077, 1, 4096, 0
4217, 4163, 1, 4096, 0
4217, 3747, 1, 4096, 0
4217, 4073, 1, 4096, 0
4217, 3715, 1, 4096, 0
4217, 2592, 1, 4096, 0
4217, 3347, 1, 4096, 0
4220, 2458293, 1, 4096, 0
4220, 495691, 1, 4096, 0
4220, 8787, 1, 4096, 0
4220, 3749, 1, 4096, 0
4221, 514323, 1, 4096, 0
4221, 6746, 1, 4096, 0
4221, 83623, 1, 4096, 0
4221, 7659, 1, 4096, 0
4221, 3090, 1, 4096, 0
4221, 2367, 1, 4096, 0
4221, 3168, 1, 4096, 0
4221, 2658, 1, 4096, 0
4221, 2943, 1, 4096, 0
4221, 2778, 1, 4096, 0
4222, 802996, 1, 4096, 0
4222, 7184, 1, 4096, 0
4222, 4096, 1, 4096, 0
4222, 3462, 1, 4096, 0
4222, 2756, 1, 4096, 0
4222, 3481, 1, 4096, 0
4222, 3225, 1, 4096, 0
4222, 2370, 1, 4096, 0
4223, 1189768, 1, 4096, 0
4223, 7167, 1, 4096, 0
4223, 3042, 1, 4096, 0
4223, 5425, 1, 4096, 0
4224, 784856, 1, 4096, 0
4224, 8047, 1, 4096, 0
4225, 10930, 1, 4096, 0
4225, 9250, 1, 4096, 0
4225, 4392, 1, 4096, 0
4225, 8268, 1, 4096, 0
4225, 2526, 1, 4096, 0
4226, 64690, 1, 4096, 0
4226, 8923, 1, 4096, 0
4226, 93690, 1, 4096, 0
4226, 414083, 1, 4096, 0
4226, 255859, 1, 4096, 0
4227, 206029, 1, 4096, 0
4227, 412555, 1, 4096, 0
4227, 5440, 1, 4096, 0
4227, 2783, 1, 4096, 0
4227, 2626, 1, 4096, 0
4227, 2556, 1, 4096, 0
4228, 424225, 1, 4096, 0
4228, 10283, 1, 4096, 0
4228, 4725, 1, 4096, 0
4228, 4145, 1, 4096, 0
4228, 4530, 1, 4096, 0
4228, 4126, 1, 4096, 0
4228, 3928, 1, 4096, 0
4228, 5661, 1, 4096, 0
4230, 1743990, 1, 4096, 0
4230, 7629, 1, 4096, 0
4230, 5172, 1, 4096, 0
4231, 1061680, 1, 4096, 0
4231, 642728, 1, 4096, 0
4231, 6857, 1, 4096, 0
4232, 303481, 1, 4096, 0
4232, 4674, 1, 4096, 0
4232, 5188, 1, 4096, 0
4233, 1010793, 1, 4096, 0
4233, 8298, 1, 4096, 0
4233, 3754, 1, 4096, 0
4233, 3353, 1, 4096, 0
4233, 3797, 1, 4096, 0
4233, 2672, 1, 4096, 0
4233, 4143, 1, 4096, 0
4233, 3232, 1, 4096, 0
4233, 436856, 1, 4096, 0
4233, 53447, 1, 4096, 0
4233, 6112, 1, 4096, 0
4233, 3307, 1, 4096, 0
4233, 2174, 1, 4096, 0
4233, 2512, 1, 4096, 0
4233, 2149, 1, 4096, 0
4233, 2289, 1, 4096, 0
4233, 2357, 1, 4096, 0
4234, 9622, 1, 4096, 0
4234, 10322, 1, 4096, 0
4234, 2688, 1, 4096, 0
4234, 5163, 1, 4096, 0
4235, 9700, 1, 4096, 0
4236, 673467, 1, 4096, 0
4236, 7810, 1, 4096, 0
4236, 345951, 1, 4096, 0
4236, 7807, 1, 4096, 0
4236, 141286, 1, 4096, 0
4236, 5468, 1, 4096, 0
4238, 1655135, 1, 4096, 0
4238, 7034, 1, 4096, 0
4239, 531437, 1, 4096, 0
4239, 7900, 1, 4096, 0
4239, 4922, 1, 4096, 0
4239, 217281, 1, 4096, 0
4239, 526375, 1, 4096, 0
4240, 749318, 1, 4096, 0
4240, 6629, 1, 4096, 0
4241, 899499, 1, 4096, 0
4242, 1139671, 1, 4096, 0
4242, 6251, 1, 4096, 0
4243, 541152, 1, 4096, 0
4243, 717492, 1, 4096, 0
4244, 886728, 1, 4096, 0
4245, 744990, 1, 4096, 0
4245, 8087, 1, 4096, 0
4246, 924310, 1, 4096, 0
4246, 6995, 1, 4096, 0
4246, 3356, 1, 4096, 0
4247, 616362, 1, 4096, 0
4247, 7720, 1, 4096, 0
4248, 1663194, 1, 4096, 0
4248, 5981, 1, 4096, 0
4248, 3488, 1, 4096, 0
4248, 3124, 1, 4096, 0
4248, 2790, 1, 4096, 0
4248, 3242, 1, 4096, 0
4248, 4643, 1, 4096, 0
4248, 3411, 1, 4096, 0
4249, 506965, 1, 4096, 0
4249, 8488, 1, 4096, 0
4249, 4442, 1, 4096, 0
4249, 3523, 1, 4096, 0
4249, 3178, 1, 4096, 0
4249, 3155, 1, 4096, 0
4249, 3376, 1, 4096, 0
4249, 2991, 1, 4096, 0
4250, 1297648, 1, 4096, 0
4250, 6667, 1, 4096, 0
4250, 4365, 1, 4096, 0
4250, 3500, 1, 4096, 0
4250, 3221, 1, 4096, 0
4250, 3687, 1, 4096, 0
4251, 622940, 1, 4096, 0
4252, 1262002, 1, 4096, 0
4253, 821492, 1, 4096, 0
4253, 7541, 1, 4096, 0
4253, 3395, 1, 4096, 0
4253, 2038, 1, 4096, 0
4253, 2524, 1, 4096, 0
4253, 2513, 1, 4096, 0
4253, 3001, 1, 4096, 0
4253, 2905, 1, 4096, 0
4254, 711627, 1, 4096, 0
4254, 330428, 1, 4096, 0
4254, 6702, 1, 4096, 0
4254, 25060, 1, 4096, 0
4254, 8884, 1, 4096, 0
4254, 4776, 1, 4096, 0
4254, 226516, 1, 4096, 0
4255, 229439, 1, 4096, 0
4255, 8384, 1, 4096, 0
4255, 4420, 1, 4096, 0
4255, 3513, 1, 4096, 0
4255, 3606, 1, 4096, 0
4255, 3739, 1, 4096, 0
4255, 4126, 1, 4096, 0
4255, 3287, 1, 4096, 0
4256, 358830, 1, 4096, 0
4257, 112556, 1, 4096, 0
4257, 3143, 1, 4096, 0
4257, 160517, 1, 4096, 0
4257, 6484, 1, 4096, 0
4257, 431252, 1, 4096, 0
4257, 42436, 1, 4096, 0
4257, 207246, 1, 4096, 0
4257, 8195, 1, 4096, 0
4257, 3854, 1, 4096, 0
4258, 423298, 1, 4096, 0
4258, 4839, 1, 4096, 0
4260, 1773934, 1, 4096, 0
4260, 5464, 1, 4096, 0
4260, 2997, 1, 4096, 0
4260, 2821, 1, 4096, 0
4260, 4354, 1, 4096, 0
4260, 593811, 1, 4096, 0
4260, 5112, 1, 4096, 0
4261, 528746, 1, 4096, 0
4261, 5420, 1, 4096, 0
4261, 3225, 1, 4096, 0
4261, 3688, 1, 4096, 0
4261, 2987, 1, 4096, 0
4261, 3686, 1, 4096, 0
4261, 3953, 1, 4096, 0
4261, 268294, 1, 4096, 0
4261, 272192, 1, 4096, 0
4261, 5531, 1, 4096, 0
4261, 3667, 1, 4096, 0
4261, 2709, 1, 4096, 0
4261, 3029, 1, 4096, 0
4261, 3060, 1, 4096, 0
4261, 3035, 1, 4096, 0
4261, 3694, 1, 4096, 0
4263, 1130375, 1, 4096, 0
4263, 4948, 1, 4096, 0
4263, 3220, 1, 4096, 0
4263, 3184, 1, 4096, 0
4263, 3396, 1, 4096, 0
4264, 871809, 1, 4096, 0
4264, 6730, 1, 4096, 0
4264, 2658, 1, 4096, 0
4264, 610395, 1, 4096, 0
4264, 6609, 1, 4096, 0
4266, 1867631, 1, 4096, 0
4266, 6460, 1, 4096, 0
4267, 443740, 1, 4096, 0
4267, 467695, 1, 4096, 0
4267, 5076, 1, 4096, 0
4267, 3891, 1, 4096, 0
4267, 39000, 1, 4096, 0
4267, 6144, 1, 4096, 0
4267, 3358, 1, 4096, 0
4267, 3913, 1, 4096, 0
4267, 3305, 1, 4096, 0
4267, 2556, 1, 4096, 0
4267, 3633, 1, 4096, 0
4267, 265700, 1, 4096, 0
4267, 14580, 1, 4096, 0
4267, 5695, 1, 4096, 0
4267, 3700, 1, 4096, 0
4267, 3457, 1, 4096, 0
4267, 3512, 1, 4096, 0
4268, 354208, 1, 4096, 0
4268, 298270, 1, 4096, 0
4268, 186726, 1, 4096, 0
4268, 6624, 1, 4096, 0
4269, 45372, 1, 4096, 0
4270, 700251, 1, 4096, 0
4270, 7316, 1, 4096, 0
4270, 337470, 1, 4096, 0
4271, 873368, 1, 4096, 0
4271, 9189, 1, 4096, 0
4271, 4790, 1, 4096, 0
4271, 131248, 1, 4096, 0
4272, 387751, 1, 4096, 0
4272, 11518, 1, 4096, 0
4272, 7015, 1, 4096, 0
4272, 654883, 1, 4096, 0
4272, 4920, 1, 4096, 0
4272, 188901, 1, 4096, 0
4273, 501173, 1, 4096, 0
4273, 6412, 1, 4096, 0
4273, 3704, 1, 4096, 0
4273, 2524, 1, 4096, 0
4273, 2421, 1, 4096, 0
4273, 1776, 1, 4096, 0
4273, 528718, 1, 4096, 0
4273, 4625, 1, 4096, 0
4275, 1212688, 1, 4096, 0
4275, 6254, 1, 4096, 0
4275, 3708, 1, 4096, 0
4275, 2732, 1, 4096, 0
4275, 3202, 1, 4096, 0
4275, 3417, 1, 4096, 0
4275, 3415, 1, 4096, 0
4275, 361750, 1, 4096, 0
4275, 5871, 1, 4096, 0
4275, 2678, 1, 4096, 0
4275, 2937, 1, 4096, 0
4275, 2959, 1, 4096, 0
4275, 3099, 1, 4096, 0
4278, 1846731, 1, 4096, 0
4278, 7582, 1, 4096, 0
4278, 126852, 1, 4096, 0
4278, 7922, 1, 4096, 0
4278, 534701, 1, 4096, 0
4278, 5907, 1, 4096, 0
4278, 2281, 1, 4096, 0
4278, 170135, 1, 4096, 0
4279, 148279, 1, 4096, 0
4279, 5563, 1, 4096, 0
4279, 2833, 1, 4096, 0
4279, 2628, 1, 4096, 0
4279, 3538, 1, 4096, 0
4279, 2753, 1, 4096, 0
4279, 3826, 1, 4096, 0
4279, 2923, 1, 4096, 0
4280, 1853590, 1, 4096, 0
4280, 7791, 1, 4096, 0
4280, 4763, 1, 4096, 0
4280, 4583, 1, 4096, 0
4281, 403200, 1, 4096, 0
4281, 90578, 1, 4096, 0
4281, 9712, 1, 4096, 0
4282, 649501, 1, 4096, 0
4282, 230467, 1, 4096, 0
4282, 4327, 1, 4096, 0
4282, 128132, 1, 4096, 0
4283, 639978, 1, 4096, 0
4283, 92461, 1, 4096, 0
4283, 166209, 1, 4096, 0
4283, 5182, 1, 4096, 0
4283, 3583, 1, 4096, 0
4283, 3225, 1, 4096, 0
4283, 3300, 1, 4096, 0
4283, 2524, 1, 4096, 0
4283, 3258, 1, 4096, 0
4283, 2920, 1, 4096, 0
4283, 10074, 1, 4096, 0
4284, 439059, 1, 4096, 0
4284, 7618, 1, 4096, 0
4284, 431671, 1, 4096, 0
4284, 6438, 1, 4096, 0
4284, 4893, 1, 4096, 0
4284, 9202, 1, 4096, 0
4285, 267549, 1, 4096, 0
4285, 8587, 1, 4096, 0
4285, 161405, 1, 4096, 0
4286, 672001, 1, 4096, 0
4286, 8140, 1, 4096, 0
4286, 3970, 1, 4096, 0
4286, 124390, 1, 4096, 0
4286, 7542, 1, 4096, 0
4286, 3297, 1, 4096, 0
4286, 171648, 1, 4096, 0
4286, 410137, 1, 4096, 0
4286, 6319, 1, 4096, 0
4286, 2178, 1, 4096, 0
4286, 23382, 1, 4096, 0
4287, 1107190, 1, 4096, 0
4287, 7541, 1, 4096, 0
4288, 313162, 1, 4096, 0
4288, 6374, 1, 4096, 0
4288, 210044, 1, 4096, 0
4289, 642536, 1, 4096, 0
4290, 917470, 1, 4096, 0
4290, 7063, 1, 4096, 0
4290, 3408, 1, 4096, 0
4291, 977683, 1, 4096, 0
4291, 7412, 1, 4096, 0
4291, 4034, 1, 4096, 0
4291, 2818, 1, 4096, 0
4291, 3223, 1, 4096, 0
4291, 2798, 1, 4096, 0
4291, 2477, 1, 4096, 0
4291, 245787, 1, 4096, 0
4291, 5569, 1, 4096, 0
4291, 323907, 1, 4096, 0
4291, 6349, 1, 4096, 0
4291, 2194, 1, 4096, 0
4291, 2132, 1, 4096, 0
4291, 1490, 1, 4096, 0
4291, 2888, 1, 4096, 0
4291, 2765, 1, 4096, 0
4291, 4177, 1, 4096, 0
4292, 326341, 1, 4096, 0
4292, 113365, 1, 4096, 0
4293, 754086, 1, 4096, 0
4295, 1393286, 1, 4096, 0
4295, 7258, 1, 4096, 0
4295, 3562, 1, 4096, 0
4295, 2651, 1, 4096, 0
4295, 3115, 1, 4096, 0
4295, 73626, 1, 4096, 0
4296, 1399707, 1, 4096, 0
4297, 1104321, 1, 4096, 0
4297, 67299, 1, 4096, 0
4298, 532649, 1, 4096, 0
4298, 4714, 1, 4096, 0
4298, 270655, 1, 4096, 0
4298, 6361, 1, 4096, 0
4298, 3062, 1, 4096, 0
4299, 789915, 1, 4096, 0
4299, 250234, 1, 4096, 0
4300, 804693, 1, 4096, 0
4300, 9610, 1, 4096, 0
4301, 609350, 1, 4096, 0
4301, 6364, 1, 4096, 0
4301, 347058, 1, 4096, 0
4301, 7026, 1, 4096, 0
4301, 2828, 1, 4096, 0
4301, 388022, 1, 4096, 0
4301, 5395, 1, 4096, 0
4301, 4154, 1, 4096, 0
4301, 2684, 1, 4096, 0
4301, 26550, 1, 4096, 0
4301, 4869, 1, 4096, 0
4301, 3587, 1, 4096, 0
4301, 4343, 1, 4096, 0
4305, 3405476, 1, 4096, 0
4305, 6345, 1, 4096, 0
4305, 453448, 1, 4096, 0
4305, 6595, 1, 4096, 0
4305, 2833, 1, 4096, 0
4305, 4158, 1, 4096, 0
4306, 761044, 1, 4096, 0
4306, 5460, 1, 4096, 0
4307, 1166913, 1, 4096, 0
4308, 365850, 1, 4096, 0
4308, 5590, 1, 4096, 0
4308, 2250, 1, 4096, 0
4308, 2864, 1, 4096, 0
4309, 1354858, 1, 4096, 0
4309, 5539, 1, 4096, 0
4309, 3490, 1, 4096, 0
4309, 2925, 1, 4096, 0
4309, 4607, 1, 4096, 0
4309, 2728, 1, 4096, 0
4309, 2968, 1, 4096, 0
4309, 3866, 1, 4096, 0
4310, 527942, 1, 4096, 0
4310, 4557, 1, 4096, 0
4310, 2262, 1, 4096, 0
4310, 141170, 1, 4096, 0
4312, 2012983, 1, 4096, 0
4312, 7212, 1, 4096, 0
4312, 3164, 1, 4096, 0
4312, 2605, 1, 4096, 0
4312, 460943, 1, 4096, 0
4312, 7713, 1, 4096, 0
4312, 5242, 1, 4096, 0
4312, 5455, 1, 4096, 0
4312, 4363, 1, 4096, 0
4312, 5255, 1, 4096, 0
4312, 5757, 1, 4096, 0
4312, 4295, 1, 4096, 0
4314, 1347617, 1, 4096, 0
4314, 5177, 1, 4096, 0
4314, 2579, 1, 4096, 0
4314, 2646, 1, 4096, 0
4314, 462395, 1, 4096, 0
4314, 227608, 1, 4096, 0
4315, 589859, 1, 4096, 0
4315, 7853, 1, 4096, 0
4315, 3010, 1, 4096, 0
4315, 2538, 1, 4096, 0
4315, 211454, 1, 4096, 0
4315, 7368, 1, 4096, 0
4315, 3053, 1, 4096, 0
4315, 3878, 1, 4096, 0
4315, 3951, 1, 4096, 0
4315, 3651, 1, 4096, 0
4315, 3376, 1, 4096, 0
4315, 3272, 1, 4096, 0
4315, 301441, 1, 4096, 0
4316, 7644, 1, 4096, 0
4316, 41650, 1, 4096, 0
4316, 2960, 1, 4096, 0
4316, 83675, 1, 4096, 0
4316, 6183, 1, 4096, 0
4316, 6925, 1, 4096, 0
4317, 8505, 1, 4096, 0
4317, 6176, 1, 4096, 0
4317, 5755, 1, 4096, 0
4317, 6785, 1, 4096, 0
4317, 2439, 1, 4096, 0
4317, 7137, 1, 4096, 0
4317, 3511, 1, 4096, 0
4318, 471457, 1, 4096, 0
4318, 269883, 1, 4096, 0
4319, 295918, 1, 4096, 0
4319, 4503, 1, 4096, 0
4319, 592631, 1, 4096, 0
4319, 3354, 1, 4096, 0
4320, 722052, 1, 4096, 0
4320, 6393, 1, 4096, 0
4321, 1117902, 1, 4096, 0
4322, 859542, 1, 4096, 0
4322, 8731, 1, 4096, 0
4322, 3700, 1, 4096, 0
4322, 3275, 1, 4096, 0
4322, 3161, 1, 4096, 0
4322, 3535, 1, 4096, 0
4322, 3599, 1, 4096, 0
4322, 3487, 1, 4096, 0
4324, 2231476, 1, 4096, 0
4324, 6897, 1, 4096, 0
4325, 281751, 1, 4096, 0
4325, 5393, 1, 4096, 0
4325, 4023, 1, 4096, 0
4325, 227086, 1, 4096, 0
4325, 158176, 1, 4096, 0
4326, 1180293, 1, 4096, 0
4326, 19920, 1, 4096, 0
4327, 873746, 1, 4096, 0
4327, 6567, 1, 4096, 0
4327, 3419, 1, 4096, 0
4327, 2587, 1, 4096, 0
4327, 3407, 1, 4096, 0
4327, 2457, 1, 4096, 0
4327, 2739, 1, 4096, 0
4327, 2898, 1, 4096, 0
4329, 2111030, 1, 4096, 0
4329, 4802, 1, 4096, 0
4329, 83587, 1, 4096, 0
4329, 5520, 1, 4096, 0
4329, 3513, 1, 4096, 0
4329, 3760, 1, 4096, 0
4329, 4328, 1, 4096, 0
4329, 4348, 1, 4096, 0
4329, 3075, 1, 4096, 0
4329, 3176, 1, 4096, 0
4333, 3198433, 1, 4096, 0
4333, 9166, 1, 4096, 0
4333, 3267, 1, 4096, 0
4333, 632283, 1, 4096, 0
4333, 5036, 1, 4096, 0
4333, 11931, 1, 4096, 0
4333, 4152, 1, 4096, 0
4335, 1447883, 1, 4096, 0
4335, 388330, 1, 4096, 0
4335, 4655, 1, 4096, 0
4335, 3754, 1, 4096, 0
4336, 515496, 1, 4096, 0
4336, 6051, 1, 4096, 0
4336, 2922, 1, 4096, 0
4336, 673475, 1, 4096, 0
4338, 1504745, 1, 4096, 0
4338, 71243, 1, 4096, 0
4338, 9747, 1, 4096, 0
4338, 4328, 1, 4096, 0
4338, 3258, 1, 4096, 0
4338, 3546, 1, 4096, 0
4338, 4089, 1, 4096, 0
4338, 3474, 1, 4096, 0
4338, 3449, 1, 4096, 0
4338, 605692, 1, 4096, 0
4339, 8715, 1, 4096, 0
4339, 4671, 1, 4096, 0
4339, 4386, 1, 4096, 0
4339, 3124, 1, 4096, 0
4339, 3348, 1, 4096, 0
4339, 3248, 1, 4096, 0
4339, 4164, 1, 4096, 0
4341, 1985085, 1, 4096, 0
4341, 9072, 1, 4096, 0
4341, 5072, 1, 4096, 0
4341, 3817, 1, 4096, 0
4341, 2650, 1, 4096, 0
4341, 3478, 1, 4096, 0
4341, 3556, 1, 4096, 0
4341, 3300, 1, 4096, 0
4341, 514459, 1, 4096, 0
4341, 5842, 1, 4096, 0
4341, 5774, 1, 4096, 0
4341, 2618, 1, 4096, 0
4341, 4846, 1, 4096, 0
4341, 4564, 1, 4096, 0
4341, 2560, 1, 4096, 0
4341, 67738, 1, 4096, 0
4341, 7332, 1, 4096, 0
4341, 3400, 1, 4096, 0
4341, 3049, 1, 4096, 0
4341, 8692, 1, 4096, 0
4341, 7357, 1, 4096, 0
4343, 8837, 1, 4096, 0
4343, 8697, 1, 4096, 0
4343, 5734, 1, 4096, 0
4343, 9980, 1, 4096, 0
4344, 579633, 1, 4096, 0
4344, 238745, 1, 4096, 0
4344, 6602, 1, 4096, 0
4344, 2398, 1, 4096, 0
4344, 24387, 1, 4096, 0
4344, 85461, 1, 4096, 0
4344, 6347, 1, 4096, 0
4344, 3769, 1, 4096, 0
4344, 59984, 1, 4096, 0
4344, 2974, 1, 4096, 0
4344, 2298, 1, 4096, 0
4345, 866427, 1, 4096, 0
4345, 6512, 1, 4096, 0
4346, 1003854, 1, 4096, 0
4347, 781948, 1, 4096, 0
4348, 1092945, 1, 4096, 0
4348, 193222, 1, 4096, 0
4348, 5339, 1, 4096, 0
4348, 4163, 1, 4096, 0
4348, 3027, 1, 4096, 0
4348, 4234, 1, 4096, 0
4349, 4008, 1, 4096, 0
4349, 3309, 1, 4096, 0
4349, 774613, 1, 4096, 0
4351, 1334536, 1, 4096, 0
4351, 6469, 1, 4096, 0
4351, 4997, 1, 4096, 0
4351, 3440, 1, 4096, 0
4351, 3188, 1, 4096, 0
4351, 3506, 1, 4096, 0
4351, 3369, 1, 4096, 0
4351, 3689, 1, 4096, 0
4352, 1206632, 1, 4096, 0
4352, 5709, 1, 4096, 0
4352, 2939, 1, 4096, 0
4352, 3270, 1, 4096, 0
4352, 3626, 1, 4096, 0
4352, 2836, 1, 4096, 0
4352, 437439, 1, 4096, 0
4352, 6990, 1, 4096, 0
4353, 223481, 1, 4096, 0
4353, 5994, 1, 4096, 0
4353, 2951, 1, 4096, 0
4353, 3856, 1, 4096, 0
4353, 3013, 1, 4096, 0
4353, 2662, 1, 4096, 0
4353, 2754, 1, 4096, 0
4353, 4934, 1, 4096, 0
4354, 9772, 1, 4096, 0
4354, 5274, 1, 4096, 0
4354, 65111, 1, 4096, 0
4355, 874442, 1, 4096, 0
4355, 8011, 1, 4096, 0
4355, 159044, 1, 4096, 0
4356, 653638, 1, 4096, 0
4356, 58145, 1, 4096, 0
4356, 7406, 1, 4096, 0
4356, 2428, 1, 4096, 0
4357, 559399, 1, 4096, 0
4357, 6856, 1, 4096, 0
4357, 237996, 1, 4096, 0
4358, 286312, 1, 4096, 0
4358, 6782, 1, 4096, 0
4358, 23777, 1, 4096, 0
4358, 6491, 1, 4096, 0
4358, 339882, 1, 4096, 0
4359, 710623, 1, 4096, 0
4359, 98516, 1, 4096, 0
4360, 1429078, 1, 4096, 0
4361, 427621, 1, 4096, 0
4361, 263167, 1, 4096, 0
4361, 3828, 1, 4096, 0
4361, 258083, 1, 4096, 0
4361, 141373, 1, 4096, 0
4362, 275074, 1, 4096, 0
4362, 198807, 1, 4096, 0
4363, 807922, 1, 4096, 0
4363, 6015, 1, 4096, 0
4363, 3998, 1, 4096, 0
4363, 2699, 1, 4096, 0
4363, 2962, 1, 4096, 0
4363, 3265, 1, 4096, 0
4363, 3598, 1, 4096, 0
4363, 3565, 1, 4096, 0
4364, 1250563, 1, 4096, 0
4364, 7030, 1, 4096, 0
4364, 245348, 1, 4096, 0
4364, 41650, 1, 4096, 0
4364, 5767, 1, 4096, 0
4364, 3612, 1, 4096, 0
4364, 3846, 1, 4096, 0
4364, 3397, 1, 4096, 0
4364, 4381, 1, 4096, 0
4364, 3582, 1, 4096, 0
4364, 8410, 1, 4096, 0
4365, 935776, 1, 4096, 0
4366, 1100798, 1, 4096, 0
4366, 4721, 1, 4096, 0
4366, 3838, 1, 4096, 0
4366, 2948, 1, 4096, 0
4367, 116280, 1, 4096, 0
4367, 6521, 1, 4096, 0
4367, 3593, 1, 4096, 0
4367, 3546, 1, 4096, 0
4367, 3971, 1, 4096, 0
4367, 512198, 1, 4096, 0
4368, 884855, 1, 4096, 0
4368, 8157, 1, 4096, 0
4369, 965800, 1, 4096, 0
4369, 5339, 1, 4096, 0
4369, 3730, 1, 4096, 0
4369, 2864, 1, 4096, 0
4369, 3178, 1, 4096, 0
4369, 119790, 1, 4096, 0
4370, 445718, 1, 4096, 0
4370, 731832, 1, 4096, 0
4371, 864624, 1, 4096, 0
4372, 759814, 1, 4096, 0
4372, 239548, 1, 4096, 0
4372, 4184, 1, 4096, 0
4372, 142263, 1, 4096, 0
4372, 19850, 1, 4096, 0
4372, 6803, 1, 4096, 0
4373, 211282, 1, 4096, 0
4373, 3564, 1, 4096, 0
4373, 3490, 1, 4096, 0
4373, 2778, 1, 4096, 0
4373, 2551, 1, 4096, 0
4373, 2555, 1, 4096, 0
4373, 2883, 1, 4096, 0
4373, 2387, 1, 4096, 0
4373, 800528, 1, 4096, 0
4373, 8910, 1, 4096, 0
4373, 4247, 1, 4096, 0
4373, 3105, 1, 4096, 0
4373, 3098, 1, 4096, 0
4373, 2955, 1, 4096, 0
4373, 3306, 1, 4096, 0
4373, 2974, 1, 4096, 0
4374, 518907, 1, 4096, 0
4374, 6508, 1, 4096, 0
4374, 3065, 1, 4096, 0
4375, 6228, 1, 4096, 0
4375, 6354, 1, 4096, 0
4375, 7242, 1, 4096, 0
4377, 653835, 1, 4096, 0
4377, 8634, 1, 4096, 0
4377, 76323, 1, 4096, 0
4377, 5103, 1, 4096, 0
4377, 3171, 1, 4096, 0
4377, 44215, 1, 4096, 0
4378, 862149, 1, 4096, 0
4378, 538754, 1, 4096, 0
4378, 8546, 1, 4096, 0
4378, 5452, 1, 4096, 0
4378, 3935, 1, 4096, 0
4378, 5233, 1, 4096, 0
4378, 372660, 1, 4096, 0
4379, 227128, 1, 4096, 0
4380, 1083785, 1, 4096, 0
4380, 196648, 1, 4096, 0
4380, 9428, 1, 4096, 0
4380, 3456, 1, 4096, 0
4381, 925895, 1, 4096, 0
4382, 601145, 1, 4096, 0
4382, 6621, 1, 4096, 0
4382, 239370, 1, 4096, 0
4382, 385145, 1, 4096, 0
4382, 4643, 1, 4096, 0
4383, 666705, 1, 4096, 0
4384, 691344, 1, 4096, 0
4384, 539509, 1, 4096, 0
4384, 5460, 1, 4096, 0
4384, 3755, 1, 4096, 0
4384, 259951, 1, 4096, 0
4384, 57570, 1, 4096, 0
4386, 1244999, 1, 4096, 0
4386, 254838, 1, 4096, 0
4386, 7802, 1, 4096, 0
4386, 3963, 1, 4096, 0
4386, 274299, 1, 4096, 0
4386, 113732, 1, 4096, 0
4387, 178709, 1, 4096, 0
4387, 694816, 1, 4096, 0
4388, 500576, 1, 4096, 0
4388, 682956, 1, 4096, 0
4389, 352751, 1, 4096, 0
4389, 4603, 1, 4096, 0
4390, 1519620, 1, 4096, 0
4390, 6059, 1, 4096, 0
4390, 4829, 1, 4096, 0
4390, 4016, 1, 4096, 0
4391, 484156, 1, 4096, 0
4391, 589272, 1, 4096, 0
4391, 4352, 1, 4096, 0
4391, 2588, 1, 4096, 0
4391, 2649, 1, 4096, 0
4391, 2527, 1, 4096, 0
4391, 2960, 1, 4096, 0
4391, 2435, 1, 4096, 0
4391, 3265, 1, 4096, 0
4392, 522650, 1, 4096, 0
4392, 5498, 1, 4096, 0
4392, 353664, 1, 4096, 0
4392, 4796, 1, 4096, 0
4392, 3918, 1, 4096, 0
4394, 1402184, 1, 4096, 0
4394, 502900, 1, 4096, 0
4394, 15768, 1, 4096, 0
4395, 594108, 1, 4096, 0
4395, 5627, 1, 4096, 0
4395, 3845, 1, 4096, 0
4395, 4067, 1, 4096, 0
4395, 3751, 1, 4096, 0
4395, 3537, 1, 4096, 0
4395, 4290, 1, 4096, 0
4395, 4173, 1, 4096, 0
4398, 3054515, 1, 4096, 0
4398, 5656, 1, 4096, 0
4398, 3536, 1, 4096, 0
4398, 395092, 1, 4096, 0
4398, 7181, 1, 4096, 0
4398, 3454, 1, 4096, 0
4398, 3862, 1, 4096, 0
4398, 3735, 1, 4096, 0
4399, 34575, 1, 4096, 0
4399, 4103, 1, 4096, 0
4399, 3716, 1, 4096, 0
4399, 2983, 1, 4096, 0
4399, 3442, 1, 4096, 0
4399, 3337, 1, 4096, 0
4399, 3521, 1, 4096, 0
4399, 3194, 1, 4096, 0
4401, 2158626, 1, 4096, 0
4401, 481686, 1, 4096, 0
4401, 37861, 1, 4096, 0
4402, 293146, 1, 4096, 0
4402, 43119, 1, 4096, 0
4402, 7503, 1, 4096, 0
4402, 3989, 1, 4096, 0
4402, 4133, 1, 4096, 0
4402, 4763, 1, 4096, 0
4402, 3627, 1, 4096, 0
4402, 3339, 1, 4096, 0
4402, 3849, 1, 4096, 0
4402, 620861, 1, 4096, 0
4403, 556547, 1, 4096, 0
4404, 790399, 1, 4096, 0
4404, 5871, 1, 4096, 0
4404, 4622, 1, 4096, 0
4404, 119540, 1, 4096, 0
4404, 6229, 1, 4096, 0
4404, 3720, 1, 4096, 0
4404, 2520, 1, 4096, 0
4404, 3088, 1, 4096, 0
4404, 3658, 1, 4096, 0
4404, 7140, 1, 4096, 0
4406, 716826, 1, 4096, 0
4406, 13887, 1, 4096, 0
4406, 400441, 1, 4096, 0
4406, 9431, 1, 4096, 0
4406, 3551, 1, 4096, 0
4406, 3276, 1, 4096, 0
4406, 3535, 1, 4096, 0
4406, 2665, 1, 4096, 0
4407, 118856, 1, 4096, 0
4407, 171372, 1, 4096, 0
4407, 5867, 1, 4096, 0
4407, 4629, 1, 4096, 0
4407, 3220, 1, 4096, 0
4407, 4605, 1, 4096, 0
4408, 1024187, 1, 4096, 0
4408, 7402, 1, 4096, 0
4409, 1427007, 1, 4096, 0
4409, 6413, 1, 4096, 0
4410, 539496, 1, 4096, 0
4410, 8793, 1, 4096, 0
4410, 3925, 1, 4096, 0
4410, 164823, 1, 4096, 0
4410, 5597, 1, 4096, 0
4410, 3633, 1, 4096, 0
4410, 219310, 1, 4096, 0
4410, 5016, 1, 4096, 0
4412, 1826329, 1, 4096, 0
4412, 5669, 1, 4096, 0
4412, 4241, 1, 4096, 0
4412, 3441, 1, 4096, 0
4412, 3663, 1, 4096, 0
4413, 878730, 1, 4096, 0
4414, 702307, 1, 4096, 0
4414, 545023, 1, 4096, 0
4414, 17527, 1, 4096, 0
4414, 154569, 1, 4096, 0
4414, 7059, 1, 4096, 0
4414, 3483, 1, 4096, 0
4414, 2905, 1, 4096, 0
4414, 2745, 1, 4096, 0
4414, 2134, 1, 4096, 0
4414, 2110, 1, 4096, 0
4414, 2115, 1, 4096, 0
4415, 76095, 1, 4096, 0
4415, 5979, 1, 4096, 0
4415, 3634, 1, 4096, 0
4415, 3661, 1, 4096, 0
4415, 7223, 1, 4096, 0
4415, 2942, 1, 4096, 0
4416, 1183492, 1, 4096, 0
4416, 6130, 1, 4096, 0
4416, 109462, 1, 4096, 0
4416, 7408, 1, 4096, 0
4416, 4276, 1, 4096, 0
4416, 3112, 1, 4096, 0
4416, 4716, 1, 4096, 0
4416, 4644, 1, 4096, 0
4419, 1847447, 1, 4096, 0
4419, 212363, 1, 4096, 0
4419, 4744, 1, 4096, 0
4419, 3678, 1, 4096, 0
4420, 680903, 1, 4096, 0
4420, 5351, 1, 4096, 0
4420, 219747, 1, 4096, 0
4421, 649992, 1, 4096, 0
4421, 818703, 1, 4096, 0
4421, 5307, 1, 4096, 0
4421, 3376, 1, 4096, 0
4422, 229159, 1, 4096, 0
4422, 474537, 1, 4096, 0
4422, 5814, 1, 4096, 0
4422, 239910, 1, 4096, 0
4422, 7160, 1, 4096, 0
4422, 3855, 1, 4096, 0
4422, 2565, 1, 4096, 0
4422, 4768, 1, 4096, 0
4422, 4462, 1, 4096, 0
4422, 9029, 1, 4096, 0
4422, 2822, 1, 4096, 0
4424, 1116664, 1, 4096, 0
4424, 5468, 1, 4096, 0
4424, 223073, 1, 4096, 0
4424, 646291, 1, 4096, 0
4424, 6197, 1, 4096, 0
4425, 410573, 1, 4096, 0
4426, 665833, 1, 4096, 0
4426, 4958, 1, 4096, 0
4426, 700976, 1, 4096, 0
4426, 3685, 1, 4096, 0
4427, 764120, 1, 4096, 0
4427, 141568, 1, 4096, 0
4427, 5013, 1, 4096, 0
4428, 1064756, 1, 4096, 0
4428, 8625, 1, 4096, 0
4428, 4314, 1, 4096, 0
4428, 3924, 1, 4096, 0
4429, 1086541, 1, 4096, 0
4429, 6145, 1, 4096, 0
4430, 243885, 1, 4096, 0
4430, 130588, 1, 4096, 0
4430, 226364, 1, 4096, 0
4430, 6976, 1, 4096, 0
4430, 3588, 1, 4096, 0
4430, 2635, 1, 4096, 0
4430, 4732, 1, 4096, 0
4430, 2953, 1, 4096, 0
4430, 2074, 1, 4096, 0
4430, 2918, 1, 4096, 0
4432, 2006493, 1, 4096, 0
4432, 8721, 1, 4096, 0
4432, 5243, 1, 4096, 0
4432, 3047, 1, 4096, 0
4432, 147300, 1, 4096, 0
4432, 5897, 1, 4096, 0
4432, 3409, 1, 4096, 0
4432, 3267, 1, 4096, 0
4432, 3702, 1, 4096, 0
4432, 3306, 1, 4096, 0
4432, 2924, 1, 4096, 0
4432, 2880, 1, 4096, 0
4433, 509726, 1, 4096, 0
4433, 5378, 1, 4096, 0
4433, 3665, 1, 4096, 0
4435, 1718766, 1, 4096, 0
4435, 7958, 1, 4096, 0
4435, 494337, 1, 4096, 0
4435, 43612, 1, 4096, 0
4435, 381177, 1, 4096, 0
4435, 10211, 1, 4096, 0
4435, 3602, 1, 4096, 0
4435, 3253, 1, 4096, 0
4435, 4356, 1, 4096, 0
4436, 4658, 1, 4096, 0
4436, 3396, 1, 4096, 0
4436, 2856, 1, 4096, 0
4438, 2538402, 1, 4096, 0
4439, 835633, 1, 4096, 0
4439, 8615, 1, 4096, 0
4439, 29756, 1, 4096, 0
4439, 189245, 1, 4096, 0
4440, 647502, 1, 4096, 0
4440, 8877, 1, 4096, 0
4440, 424582, 1, 4096, 0
4441, 853220, 1, 4096, 0
4442, 434420, 1, 4096, 0
4443, 1577223, 1, 4096, 0
4443, 7774, 1, 4096, 0
4444, 857702, 1, 4096, 0
4444, 5532, 1, 4096, 0
4445, 1166638, 1, 4096, 0
4445, 6826, 1, 4096, 0
4445, 6203, 1, 4096, 0
4445, 3053, 1, 4096, 0
4446, 567337, 1, 4096, 0
4446, 6500, 1, 4096, 0
4446, 3068, 1, 4096, 0
4446, 3105, 1, 4096, 0
4446, 2864, 1, 4096, 0
4446, 2755, 1, 4096, 0
4446, 3415, 1, 4096, 0
4446, 2672, 1, 4096, 0
4449, 2746583, 1, 4096, 0
4449, 7369, 1, 4096, 0
4449, 224867, 1, 4096, 0
4449, 321242, 1, 4096, 0
4449, 141737, 1, 4096, 0
4450, 880708, 1, 4096, 0
4450, 37137, 1, 4096, 0
4451, 336075, 1, 4096, 0
4451, 54542, 1, 4096, 0
4451, 135487, 1, 4096, 0
4451, 17686, 1, 4096, 0
4451, 2115, 1, 4096, 0
4451, 1837, 1, 4096, 0
4451, 20827, 1, 4096, 0
4451, 40389, 1, 4096, 0
4451, 49572, 1, 4096, 0
4451, 4411, 1, 4096, 0
4452, 831523, 1, 4096, 0
4452, 7530, 1, 4096, 0
4452, 3809, 1, 4096, 0
4452, 3493, 1, 4096, 0
4452, 3529, 1, 4096, 0
4452, 3728, 1, 4096, 0
4452, 3385, 1, 4096, 0
4452, 3052, 1, 4096, 0
4454, 2429498, 1, 4096, 0
4454, 96021, 1, 4096, 0
4454, 10844, 1, 4096, 0
4454, 3361, 1, 4096, 0
4454, 2094, 1, 4096, 0
4454, 2108, 1, 4096, 0
4454, 3233, 1, 4096, 0
4454, 2935, 1, 4096, 0
4454, 3524, 1, 4096, 0
4455, 163638, 1, 4096, 0
4455, 6787, 1, 4096, 0
4455, 3536, 1, 4096, 0
4455, 2857, 1, 4096, 0
4455, 11226, 1, 4096, 0
4455, 6659, 1, 4096, 0
4455, 6193, 1, 4096, 0
4456, 9545, 1, 4096, 0
4458, 2606504, 1, 4096, 0
4458, 8732, 1, 4096, 0
4458, 4124, 1, 4096, 0
4458, 3781, 1, 4096, 0
4458, 111195, 1, 4096, 0
4458, 3251, 1, 4096, 0
4459, 526499, 1, 4096, 0
4459, 5138, 1, 4096, 0
4459, 2656, 1, 4096, 0
4459, 3540, 1, 4096, 0
4459, 2903, 1, 4096, 0
4459, 4278, 1, 4096, 0
4459, 2689, 1, 4096, 0
4459, 3307, 1, 4096, 0
4461, 1690215, 1, 4096, 0
4461, 148064, 1, 4096, 0
4461, 190457, 1, 4096, 0
4461, 4738, 1, 4096, 0
4461, 4678, 1, 4096, 0
4461, 3825, 1, 4096, 0
4461, 2829, 1, 4096, 0
4461, 3057, 1, 4096, 0
4461, 3884, 1, 4096, 0
4461, 3270, 1, 4096, 0
4461, 315825, 1, 4096, 0
4462, 336578, 1, 4096, 0
4462, 5231, 1, 4096, 0
4462, 2142, 1, 4096, 0
4462, 2079, 1, 4096, 0
4462, 2310, 1, 4096, 0
4462, 2978, 1, 4096, 0
4462, 2673, 1, 4096, 0
4462, 9809, 1, 4096, 0
4463, 683585, 1, 4096, 0
4463, 5941, 1, 4096, 0
4463, 3715, 1, 4096, 0
4463, 8466, 1, 4096, 0
4464, 284718, 1, 4096, 0
4465, 458618, 1, 4096, 0
4465, 3805, 1, 4096, 0
4465, 424946, 1, 4096, 0
4466, 517663, 1, 4096, 0
4466, 81333, 1, 4096, 0
4466, 572893, 1, 4096, 0
4466, 6197, 1, 4096, 0
4466, 3360, 1, 4096, 0
4466, 2684, 1, 4096, 0
4466, 3311, 1, 4096, 0
4466, 3349, 1, 4096, 0
4466, 4330, 1, 4096, 0
4467, 94867, 1, 4096, 0
4467, 109183, 1, 4096, 0
4468, 1236565, 1, 4096, 0
4468, 7086, 1, 4096, 0
4468, 3710, 1, 4096, 0
4468, 423081, 1, 4096, 0
4468, 8575, 1, 4096, 0
4468, 3631, 1, 4096, 0
4468, 2402, 1, 4096, 0
4468, 2943, 1, 4096, 0
4468, 3174, 1, 4096, 0
4468, 2709, 1, 4096, 0
4468, 2160, 1, 4096, 0
4469, 466227, 1, 4096, 0
4469, 8106, 1, 4096, 0
4469, 316228, 1, 4096, 0
4469, 7908, 1, 4096, 0
4469, 3428, 1, 4096, 0
4470, 594741, 1, 4096, 0
4470, 90730, 1, 4096, 0
4470, 4419, 1, 4096, 0
4470, 2723, 1, 4096, 0
4471, 1221652, 1, 4096, 0
4472, 618155, 1, 4096, 0
4472, 5272, 1, 4096, 0
4472, 323850, 1, 4096, 0
4472, 214670, 1, 4096, 0
4472, 6302, 1, 4096, 0
4472, 3292, 1, 4096, 0
4472, 3478, 1, 4096, 0
4472, 35170, 1, 4096, 0
4473, 846125, 1, 4096, 0
4474, 1111230, 1, 4096, 0
4475, 331860, 1, 4096, 0
4475, 107519, 1, 4096, 0
4475, 5991, 1, 4096, 0
4475, 419368, 1, 4096, 0
4475, 3420, 1, 4096, 0
4476, 365206, 1, 4096, 0
4476, 8927, 1, 4096, 0
4476, 2561, 1, 4096, 0
4476, 3672, 1, 4096, 0
4476, 3462, 1, 4096, 0
4476, 3064, 1, 4096, 0
4476, 3043, 1, 4096, 0
4476, 3929, 1, 4096, 0
4477, 1078233, 1, 4096, 0
4477, 4870, 1, 4096, 0
4477, 3305, 1, 4096, 0
4477, 3113, 1, 4096, 0
4477, 3496, 1, 4096, 0
4477, 3762, 1, 4096, 0
4477, 3256, 1, 4096, 0
4477, 2997, 1, 4096, 0
4479, 1995914, 1, 4096, 0
4479, 8251, 1, 4096, 0
4479, 3388, 1, 4096, 0
4479, 4185, 1, 4096, 0
4479, 2900, 1, 4096, 0
4479, 3366, 1, 4096, 0
4479, 3426, 1, 4096, 0
4479, 263653, 1, 4096, 0
4479, 6203, 1, 4096, 0
4479, 3777, 1, 4096, 0
4480, 1033394, 1, 4096, 0
4480, 142404, 1, 4096, 0
4481, 214014, 1, 4096, 0
4481, 41985, 1, 4096, 0
4481, 28940, 1, 4096, 0
4482, 1588059, 1, 4096, 0
4484, 1247173, 1, 4096, 0
4484, 13017, 1, 4096, 0
4484, 3231, 1, 4096, 0
4484, 3697, 1, 4096, 0
4484, 3165, 1, 4096, 0
4484, 3532, 1, 4096, 0
4484, 3113, 1, 4096, 0
4484, 2362, 1, 4096, 0
4484, 621253, 1, 4096, 0
4484, 6693, 1, 4096, 0
4484, 3225, 1, 4096, 0
4484, 3278, 1, 4096, 0
4484, 2060, 1, 4096, 0
4484, 3408, 1, 4096, 0
4484, 195611, 1, 4096, 0
4484, 6464, 1, 4096, 0
4484, 3085, 1, 4096, 0
4484, 3636, 1, 4096, 0
4484, 3932, 1, 4096, 0
4484, 2941, 1, 4096, 0
4484, 3294, 1, 4096, 0
4485, 145517, 1, 4096, 0
4486, 210562, 1, 4096, 0
4486, 10310, 1, 4096, 0
4486, 7123, 1, 4096, 0
4487, 210206, 1, 4096, 0
4487, 512495, 1, 4096, 0
4487, 4349, 1, 4096, 0
4487, 3267, 1, 4096, 0
4487, 2503, 1, 4096, 0
4487, 2615, 1, 4096, 0
4488, 387097, 1, 4096, 0
4489, 1183716, 1, 4096, 0
4489, 613634, 1, 4096, 0
4490, 858530, 1, 4096, 0
4490, 7778, 1, 4096, 0
4490, 198270, 1, 4096, 0
4491, 42922, 1, 4096, 0
4491, 4642, 1, 4096, 0
4491, 2981, 1, 4096, 0
4491, 3192, 1, 4096, 0
4491, 245363, 1, 4096, 0
4491, 3494, 1, 4096, 0
4491, 4142, 1, 4096, 0
4491, 240359, 1, 4096, 0
4493, 1769194, 1, 4096, 0
4493, 8278, 1, 4096, 0
4493, 4299, 1, 4096, 0
4493, 283776, 1, 4096, 0
4493, 381663, 1, 4096, 0
4494, 270797, 1, 4096, 0
4494, 6916, 1, 4096, 0
4494, 2348, 1, 4096, 0
4494, 2345, 1, 4096, 0
4494, 3158, 1, 4096, 0
4494, 3387, 1, 4096, 0
4494, 2997, 1, 4096, 0
4494, 2695, 1, 4096, 0
4496, 1090043, 1, 4096, 0
4496, 11281, 1, 4096, 0
4496, 23344, 1, 4096, 0
4496, 4954, 1, 4096, 0
4496, 4467, 1, 4096, 0
4496, 3848, 1, 4096, 0
4496, 8003, 1, 4096, 0
4496, 5795, 1, 4096, 0
4497, 8867, 1, 4096, 0
4497, 5735, 1, 4096, 0
4497, 590061, 1, 4096, 0
4498, 925288, 1, 4096, 0
4498, 162992, 1, 4096, 0
4498, 92682, 1, 4096, 0
4499, 5874, 1, 4096, 0
4499, 5648, 1, 4096, 0
4499, 255234, 1, 4096, 0
4499, 62414, 1, 4096, 0
4500, 784162, 1, 4096, 0
4500, 803280, 1, 4096, 0
4501, 510377, 1, 4096, 0
4501, 6893, 1, 4096, 0
4501, 3312, 1, 4096, 0
4501, 424312, 1, 4096, 0
4502, 472237, 1, 4096, 0
4502, 98430, 1, 4096, 0
4503, 857401, 1, 4096, 0
4503, 299369, 1, 4096, 0
4503, 5897, 1, 4096, 0
4503, 3621, 1, 4096, 0
4503, 3421, 1, 4096, 0
4503, 2865, 1, 4096, 0
4503, 2767, 1, 4096, 0
4503, 2674, 1, 4096, 0
4503, 3746, 1, 4096, 0
4505, 2042091, 1, 4096, 0
4506, 360287, 1, 4096, 0
4506, 8379, 1, 4096, 0
4506, 3718, 1, 4096, 0
4506, 2481, 1, 4096, 0
4506, 3781, 1, 4096, 0
4506, 3357, 1, 4096, 0
4506, 3804, 1, 4096, 0
4506, 3143, 1, 4096, 0
4508, 2034269, 1, 4096, 0
4508, 677531, 1, 4096, 0
4508, 5987, 1, 4096, 0
4508, 3000, 1, 4096, 0
4508, 2962, 1, 4096, 0
4508, 2655, 1, 4096, 0
4508, 3605, 1, 4096, 0
4508, 3780, 1, 4096, 0
4508, 3438, 1, 4096, 0
4511, 2377743, 1, 4096, 0
4511, 8178, 1, 4096, 0
4511, 7210, 1, 4096, 0
4511, 3665, 1, 4096, 0
4511, 2934, 1, 4096, 0
4511, 2243, 1, 4096, 0
4511, 3139, 1, 4096, 0
4511, 4092, 1, 4096, 0
4511, 535541, 1, 4096, 0
4511, 5935, 1, 4096, 0
4513, 1136449, 1, 4096, 0
4513, 8744, 1, 4096, 0
4513, 2748, 1, 4096, 0
4513, 2827, 1, 4096, 0
4513, 1784, 1, 4096, 0
4513, 2376, 1, 4096, 0
4513, 2465, 1, 4096, 0
4513, 2197, 1, 4096, 0
4516, 2964950, 1, 4096, 0
4516, 6844, 1, 4096, 0
4516, 3597, 1, 4096, 0
4516, 580420, 1, 4096, 0
4516, 5114, 1, 4096, 0
4516, 2522, 1, 4096, 0
4517, 560717, 1, 4096, 0
4517, 20679, 1, 4096, 0
4517, 320846, 1, 4096, 0
4517, 5589, 1, 4096, 0
4517, 4312, 1, 4096, 0
4517, 4226, 1, 4096, 0
4517, 3335, 1, 4096, 0
4517, 3026, 1, 4096, 0
4517, 2964, 1, 4096, 0
4517, 3187, 1, 4096, 0
4518, 972177, 1, 4096, 0
4518, 7938, 1, 4096, 0
4519, 1031054, 1, 4096, 0
4520, 434573, 1, 4096, 0
4520, 6699, 1, 4096, 0
4520, 3710, 1, 4096, 0
4520, 3995, 1, 4096, 0
4520, 3620, 1, 4096, 0
4520, 5361, 1, 4096, 0
4520, 4171, 1, 4096, 0
4520, 3949, 1, 4096, 0
4521, 1566215, 1, 4096, 0
4521, 7178, 1, 4096, 0
4521, 3135, 1, 4096, 0
4521, 2957, 1, 4096, 0
4521, 3273, 1, 4096, 0
4521, 11645, 1, 4096, 0
4522, 1136117, 1, 4096, 0
4523, 185141, 1, 4096, 0
4523, 5721, 1, 4096, 0
4523, 196935, 1, 4096, 0
4524, 926627, 1, 4096, 0
4524, 6148, 1, 4096, 0
4524, 3282, 1, 4096, 0
4524, 569601, 1, 4096, 0
4525, 454372, 1, 4096, 0
4525, 550536, 1, 4096, 0
4525, 8101, 1, 4096, 0
4525, 5184, 1, 4096, 0
4525, 11362, 1, 4096, 0
4525, 5251, 1, 4096, 0
4525, 3621, 1, 4096, 0
4526, 507813, 1, 4096, 0
4526, 240918, 1, 4096, 0
4528, 1669623, 1, 4096, 0
4529, 784080, 1, 4096, 0
4529, 7176, 1, 4096, 0
4529, 3878, 1, 4096, 0
4529, 2849, 1, 4096, 0
4529, 3093, 1, 4096, 0
4529, 4312, 1, 4096, 0
4529, 2961, 1, 4096, 0
4529, 3020, 1, 4096, 0
4529, 381544, 1, 4096, 0
4529, 6001, 1, 4096, 0
4529, 3418, 1, 4096, 0
4529, 3449, 1, 4096, 0
4529, 2656, 1, 4096, 0
4529, 2911, 1, 4096, 0
4529, 3919, 1, 4096, 0
4529, 2728, 1, 4096, 0
4531, 1918593, 1, 4096, 0
4531, 7982, 1, 4096, 0
4531, 3102, 1, 4096, 0
4531, 2968, 1, 4096, 0
4531, 2628, 1, 4096, 0
4531, 2724, 1, 4096, 0
4531, 3223, 1, 4096, 0
4532, 886169, 1, 4096, 0
4532, 6191, 1, 4096, 0
4532, 33025, 1, 4096, 0
4532, 300104, 1, 4096, 0
4532, 7945, 1, 4096, 0
4532, 8280, 1, 4096, 0
4532, 6477, 1, 4096, 0
4533, 142396, 1, 4096, 0
4533, 3766, 1, 4096, 0
4533, 69308, 1, 4096, 0
4533, 3897, 1, 4096, 0
4533, 201188, 1, 4096, 0
4534, 726948, 1, 4096, 0
4534, 222642, 1, 4096, 0
4534, 255347, 1, 4096, 0
4534, 4855, 1, 4096, 0
4534, 3052, 1, 4096, 0
4534, 2735, 1, 4096, 0
4534, 2305, 1, 4096, 0
4534, 7920, 1, 4096, 0
4534, 2147, 1, 4096, 0
4535, 9137, 1, 4096, 0
4535, 6166, 1, 4096, 0
4536, 589868, 1, 4096, 0
4536, 6340, 1, 4096, 0
4536, 355246, 1, 4096, 0
4536, 5655, 1, 4096, 0
4536, 4042, 1, 4096, 0
4537, 240343, 1, 4096, 0
4537, 124251, 1, 4096, 0
4537, 6995, 1, 4096, 0
4537, 3443, 1, 4096, 0
4537, 446438, 1, 4096, 0
4537, 4808, 1, 4096, 0
4537, 2770, 1, 4096, 0
4538, 632604, 1, 4096, 0
4538, 66407, 1, 4096, 0
4539, 1345832, 1, 4096, 0
4539, 8354, 1, 4096, 0
4539, 3784, 1, 4096, 0
4539, 4812, 1, 4096, 0
4539, 227658, 1, 4096, 0
4540, 982304, 1, 4096, 0
4540, 7683, 1, 4096, 0
4542, 1160793, 1, 4096, 0
4542, 6551, 1, 4096, 0
4542, 3137, 1, 4096, 0
4542, 280303, 1, 4096, 0
4542, 5395, 1, 4096, 0
4542, 4311, 1, 4096, 0
4542, 3138, 1, 4096, 0
4542, 3706, 1, 4096, 0
4542, 3060, 1, 4096, 0
4542, 3421, 1, 4096, 0
4542, 3147, 1, 4096, 0
4543, 1035012, 1, 4096, 0
4543, 5189, 1, 4096, 0
4543, 4712, 1, 4096, 0
4543, 4132, 1, 4096, 0
4543, 444230, 1, 4096, 0
4544, 664509, 1, 4096, 0
4545, 528461, 1, 4096, 0
4546, 880413, 1, 4096, 0
4546, 712974, 1, 4096, 0
4546, 15598, 1, 4096, 0
4546, 2896, 1, 4096, 0
4546, 2890, 1, 4096, 0
4546, 2872, 1, 4096, 0
4546, 2876, 1, 4096, 0
4546, 3124, 1, 4096, 0
4546, 2767, 1, 4096, 0
4549, 2139340, 1, 4096, 0
4549, 458401, 1, 4096, 0
4549, 5683, 1, 4096, 0
4549, 3131, 1, 4096, 0
4550, 629318, 1, 4096, 0
4550, 5965, 1, 4096, 0
4550, 116315, 1, 4096, 0
4550, 490137, 1, 4096, 0
4552, 1320234, 1, 4096, 0
4552, 560882, 1, 4096, 0
4553, 658489, 1, 4096, 0
4553, 7983, 1, 4096, 0
4553, 4270, 1, 4096, 0
4554, 859577, 1, 4096, 0
4554, 7870, 1, 4096, 0
4554, 4996, 1, 4096, 0
4554, 3628, 1, 4096, 0
4554, 4323, 1, 4096, 0
4554, 3363, 1, 4096, 0
4554, 3205, 1, 4096, 0
4554, 3795, 1, 4096, 0
4556, 2333094, 1, 4096, 0
4556, 340920, 1, 4096, 0
4556, 64353, 1, 4096, 0
4557, 974415, 1, 4096, 0
4557, 6305, 1, 4096, 0
4557, 2823, 1, 4096, 0
4557, 2637, 1, 4096, 0
4559, 1061928, 1, 4096, 0
4559, 4037, 1, 4096, 0
4560, 1388198, 1, 4096, 0
4560, 3352, 1, 4096, 0
4560, 3347, 1, 4096, 0
4561, 604014, 1, 4096, 0
4561, 6548, 1, 4096, 0
4561, 2867, 1, 4096, 0
4562, 1388232, 1, 4096, 0
4562, 134833, 1, 4096, 0
4562, 361299, 1, 4096, 0
4562, 3794, 1, 4096, 0
4562, 3148, 1, 4096, 0
4563, 340519, 1, 4096, 0
4563, 642669, 1, 4096, 0
4564, 312792, 1, 4096, 0
4564, 8051, 1, 4096, 0
4564, 4518, 1, 4096, 0
4564, 5366, 1, 4096, 0
4564, 3284, 1, 4096, 0
4564, 3390, 1, 4096, 0
4564, 2840, 1, 4096, 0
4564, 3729, 1, 4096, 0
4567, 3209534, 1, 4096, 0
4567, 8474, 1, 4096, 0
4567, 3179, 1, 4096, 0
4567, 3193, 1, 4096, 0
4567, 2959, 1, 4096, 0
4567, 265425, 1, 4096, 0
4569, 1311567, 1, 4096, 0
4569, 8997, 1, 4096, 0
4570, 985865, 1, 4096, 0
4570, 5116, 1, 4096, 0
4570, 3364, 1, 4096, 0
4570, 181263, 1, 4096, 0
4570, 3628, 1, 4096, 0
4570, 3416, 1, 4096, 0
4572, 1869403, 1, 4096, 0
4572, 5286, 1, 4096, 0
4573, 761434, 1, 4096, 0
4573, 156881, 1, 4096, 0
4573, 3178, 1, 4096, 0
4573, 186044, 1, 4096, 0
4574, 1023808, 1, 4096, 0
4574, 12642, 1, 4096, 0
4575, 890119, 1, 4096, 0
4575, 4564, 1, 4096, 0
4575, 3859, 1, 4096, 0
4575, 383729, 1, 4096, 0
4575, 6195, 1, 4096, 0
4576, 280517, 1, 4096, 0
4576, 831662, 1, 4096, 0
4577, 196235, 1, 4096, 0
4578, 1251163, 1, 4096, 0
4578, 657985, 1, 4096, 0
4579, 8737, 1, 4096, 0
4579, 3774, 1, 4096, 0
4579, 925153, 1, 4096, 0
4581, 1573195, 1, 4096, 0
4581, 4979, 1, 4096, 0
4581, 3443, 1, 4096, 0
4581, 385592, 1, 4096, 0
4582, 547589, 1, 4096, 0
4582, 4801, 1, 4096, 0
4584, 1848616, 1, 4096, 0
4584, 4233, 1, 4096, 0
4585, 720709, 1, 4096, 0
4585, 843264, 1, 4096, 0
4585, 5170, 1, 4096, 0
4585, 3619, 1, 4096, 0
4586, 146763, 1, 4096, 0
4586, 212640, 1, 4096, 0
4586, 6720, 1, 4096, 0
4586, 3248, 1, 4096, 0
4586, 3876, 1, 4096, 0
4586, 4079, 1, 4096, 0
4586, 3371, 1, 4096, 0
4586, 3123, 1, 4096, 0
4586, 3804, 1, 4096, 0
4589, 2736839, 1, 4096, 0
4589, 6995, 1, 4096, 0
4589, 5029, 1, 4096, 0
4589, 3760, 1, 4096, 0
4589, 3630, 1, 4096, 0
4589, 5002, 1, 4096, 0
4589, 6097, 1, 4096, 0
4589, 5559, 1, 4096, 0
4589, 47230, 1, 4096, 0
4589, 8305, 1, 4096, 0
4589, 3460, 1, 4096, 0
4591, 2006817, 1, 4096, 0
4591, 218834, 1, 4096, 0
4591, 5679, 1, 4096, 0
4591, 2329, 1, 4096, 0
4591, 2681, 1, 4096, 0
4591, 2654, 1, 4096, 0
4591, 2965, 1, 4096, 0
4592, 992282, 1, 4096, 0
4592, 4386, 1, 4096, 0
4593, 1485764, 1, 4096, 0
4594, 137765, 1, 4096, 0
4594, 118444, 1, 4096, 0
4594, 323991, 1, 4096, 0
4594, 3889, 1, 4096, 0
4594, 3033, 1, 4096, 0
4595, 865587, 1, 4096, 0
4595, 515690, 1, 4096, 0
4596, 588194, 1, 4096, 0
4596, 12649, 1, 4096, 0
4596, 393918, 1, 4096, 0
4598, 1148274, 1, 4096, 0
4598, 5320, 1, 4096, 0
4598, 3015, 1, 4096, 0
4598, 259063, 1, 4096, 0
4598, 118690, 1, 4096, 0
4598, 3159, 1, 4096, 0
4598, 184433, 1, 4096, 0
4599, 925619, 1, 4096, 0
4600, 1036861, 1, 4096, 0
4600, 5478, 1, 4096, 0
4600, 2860, 1, 4096, 0
4601, 591105, 1, 4096, 0
4602, 926615, 1, 4096, 0
4602, 5893, 1, 4096, 0
4602, 3449, 1, 4096, 0
4602, 711076, 1, 4096, 0
4603, 141428, 1, 4096, 0
4603, 3124, 1, 4096, 0
4603, 311939, 1, 4096, 0
4604, 681575, 1, 4096, 0
4604, 6478, 1, 4096, 0
4604, 3316, 1, 4096, 0
4604, 2901, 1, 4096, 0
4604, 3013, 1, 4096, 0
4604, 4074, 1, 4096, 0
4604, 2906, 1, 4096, 0
4604, 4037, 1, 4096, 0
4606, 2753368, 1, 4096, 0
4606, 8289, 1, 4096, 0
4606, 4230, 1, 4096, 0
4606, 2894, 1, 4096, 0
4606, 3315, 1, 4096, 0
4606, 3605, 1, 4096, 0
4606, 3781, 1, 4096, 0
4606, 4988, 1, 4096, 0
4608, 1972477, 1, 4096, 0
4608, 7684, 1, 4096, 0
4608, 3287, 1, 4096, 0
4608, 3396, 1, 4096, 0
4608, 2965, 1, 4096, 0
4608, 3256, 1, 4096, 0
4608, 2761, 1, 4096, 0
4608, 3571, 1, 4096, 0
4610, 1749142, 1, 4096, 0
4610, 5975, 1, 4096, 0
4610, 4088, 1, 4096, 0
4610, 3145, 1, 4096, 0
4610, 4599, 1, 4096, 0
4610, 2878, 1, 4096, 0
4610, 5791, 1, 4096, 0
4610, 3028, 1, 4096, 0
4610, 179807, 1, 4096, 0
4610, 7475, 1, 4096, 0
4610, 5215, 1, 4096, 0
4610, 4958, 1, 4096, 0
4612, 1324161, 1, 4096, 0
4612, 10135, 1, 4096, 0
4612, 4316, 1, 4096, 0
4612, 4109, 1, 4096, 0
4613, 714964, 1, 4096, 0
4613, 7145, 1, 4096, 0
4613, 4312, 1, 4096, 0
4613, 3043, 1, 4096, 0
4613, 4097, 1, 4096, 0
4613, 304774, 1, 4096, 0
4613, 4614, 1, 4096, 0
4613, 110149, 1, 4096, 0
4614, 1351646, 1, 4096, 0
4614, 80267, 1, 4096, 0
4616, 1080987, 1, 4096, 0
4616, 7755, 1, 4096, 0
4616, 133206, 1, 4096, 0
4616, 6074, 1, 4096, 0
4616, 103731, 1, 4096, 0
4616, 571694, 1, 4096, 0
4616, 68551, 1, 4096, 0
4617, 927585, 1, 4096, 0
4617, 5031, 1, 4096, 0
4618, 336403, 1, 4096, 0
4618, 193446, 1, 4096, 0
4618, 4032, 1, 4096, 0
4619, 1112542, 1, 4096, 0
4619, 6586, 1, 4096, 0
4621, 1756790, 1, 4096, 0
4621, 5021, 1, 4096, 0
4621, 3592, 1, 4096, 0
4621, 3323, 1, 4096, 0
4621, 3363, 1, 4096, 0
4621, 3480, 1, 4096, 0
4624, 3096025, 1, 4096, 0
4624, 9854, 1, 4096, 0
4625, 905217, 1, 4096, 0
4625, 8769, 1, 4096, 0
4625, 2859, 1, 4096, 0
4625, 361473, 1, 4096, 0
4625, 7031, 1, 4096, 0
4625, 4636, 1, 4096, 0
4625, 3573, 1, 4096, 0
4625, 4123, 1, 4096, 0
4625, 3775, 1, 4096, 0
4625, 4314, 1, 4096, 0
4625, 3943, 1, 4096, 0
4628, 2673650, 1, 4096, 0
4629, 1202998, 1, 4096, 0
4632, 2388175, 1, 4096, 0
4632, 7410, 1, 4096, 0
4632, 5292, 1, 4096, 0
4632, 4026, 1, 4096, 0
4632, 4117, 1, 4096, 0
4632, 4261, 1, 4096, 0
4634, 2480514, 1, 4096, 0
4634, 8782, 1, 4096, 0
4635, 561328, 1, 4096, 0
4635, 4653, 1, 4096, 0
4636, 1103804, 1, 4096, 0
4636, 7111, 1, 4096, 0
4636, 3795, 1, 4096, 0
4637, 1179843, 1, 4096, 0
4637, 447620, 1, 4096, 0
4638, 854799, 1, 4096, 0
4638, 23004, 1, 4096, 0
4638, 5210, 1, 4096, 0
4638, 3970, 1, 4096, 0
4640, 1766217, 1, 4096, 0
4640, 6615, 1, 4096, 0
4640, 3842, 1, 4096, 0
4641, 575934, 1, 4096, 0
4641, 4410, 1, 4096, 0
4642, 1522631, 1, 4096, 0
4643, 513119, 1, 4096, 0
4643, 4793, 1, 4096, 0
4645, 1737155, 1, 4096, 0
4645, 45195, 1, 4096, 0
4645, 179767, 1, 4096, 0
4645, 4488, 1, 4096, 0
4645, 4860, 1, 4096, 0
4645, 3323, 1, 4096, 0
4645, 3247, 1, 4096, 0
4645, 3439, 1, 4096, 0
4645, 2651, 1, 4096, 0
4645, 4009, 1, 4096, 0
4646, 1609687, 1, 4096, 0
4646, 6356, 1, 4096, 0
4646, 4099, 1, 4096, 0
4646, 3410, 1, 4096, 0
4646, 3314, 1, 4096, 0
4646, 3801, 1, 4096, 0
4646, 3408, 1, 4096, 0
4646, 2691, 1, 4096, 0
4649, 2914816, 1, 4096, 0
4649, 9609, 1, 4096, 0
4649, 32737, 1, 4096, 0
4650, 249252, 1, 4096, 0
4650, 3442, 1, 4096, 0
4652, 1924520, 1, 4096, 0
4652, 31273, 1, 4096, 0
4652, 817811, 1, 4096, 0
4652, 7871, 1, 4096, 0
4652, 3324, 1, 4096, 0
4652, 3450, 1, 4096, 0
4654, 1512371, 1, 4096, 0
4654, 6377, 1, 4096, 0
4656, 1720655, 1, 4096, 0
4656, 7149, 1, 4096, 0
4656, 458729, 1, 4096, 0
4656, 5006, 1, 4096, 0
4656, 3728, 1, 4096, 0
4657, 953819, 1, 4096, 0
4657, 7113, 1, 4096, 0
4657, 3391, 1, 4096, 0
4657, 3358, 1, 4096, 0
4657, 4569, 1, 4096, 0
4657, 3502, 1, 4096, 0
4657, 3587, 1, 4096, 0
4657, 10116, 1, 4096, 0
4658, 1030910, 1, 4096, 0
4658, 9522, 1, 4096, 0
4660, 1657034, 1, 4096, 0
4660, 10055, 1, 4096, 0
4660, 3633, 1, 4096, 0
4660, 3596, 1, 4096, 0
4661, 1294304, 1, 4096, 0
4661, 8840, 1, 4096, 0
4661, 3619, 1, 4096, 0
4661, 3251, 1, 4096, 0
4662, 341594, 1, 4096, 0
4662, 6385, 1, 4096, 0
4662, 2939, 1, 4096, 0
4662, 3242, 1, 4096, 0
4662, 4098, 1, 4096, 0
4662, 3273, 1, 4096, 0
4662, 3116, 1, 4096, 0
4662, 4293, 1, 4096, 0
4664, 2269703, 1, 4096, 0
4664, 169865, 1, 4096, 0
4664, 7750, 1, 4096, 0
4664, 196145, 1, 4096, 0
4664, 4043, 1, 4096, 0
4664, 2833, 1, 4096, 0
4665, 148122, 1, 4096, 0
4665, 5946, 1, 4096, 0
4665, 6259, 1, 4096, 0
4665, 3464, 1, 4096, 0
4665, 4581, 1, 4096, 0
4665, 5163, 1, 4096, 0
4665, 3478, 1, 4096, 0
4665, 3694, 1, 4096, 0
4667, 2622887, 1, 4096, 0
4667, 6591, 1, 4096, 0
4667, 2491, 1, 4096, 0
4667, 2539, 1, 4096, 0
4667, 2321, 1, 4096, 0
4667, 1878, 1, 4096, 0
4667, 1968, 1, 4096, 0
4667, 2474, 1, 4096, 0
4670, 2338114, 1, 4096, 0
4670, 147453, 1, 4096, 0
4670, 7695, 1, 4096, 0
4670, 4703, 1, 4096, 0
4670, 2673, 1, 4096, 0
4670, 3279, 1, 4096, 0
4670, 2672, 1, 4096, 0
4670, 3097, 1, 4096, 0
4670, 4167, 1, 4096, 0
4670, 151871, 1, 4096, 0
4670, 7109, 1, 4096, 0
4670, 4078, 1, 4096, 0
4670, 3671, 1, 4096, 0
4670, 4272, 1, 4096, 0
4670, 3091, 1, 4096, 0
4670, 4259, 1, 4096, 0
4672, 2078088, 1, 4096, 0
4672, 6649, 1, 4096, 0
4672, 3369, 1, 4096, 0
4672, 2944, 1, 4096, 0
4672, 3663, 1, 4096, 0
4673, 844259, 1, 4096, 0
4674, 947693, 1, 4096, 0
4674, 203288, 1, 4096, 0
4674, 214727, 1, 4096, 0
4675, 473204, 1, 4096, 0
4675, 5937, 1, 4096, 0
4675, 2548, 1, 4096, 0
4675, 2619, 1, 4096, 0
4675, 2175, 1, 4096, 0
4675, 3207, 1, 4096, 0
4675, 4640, 1, 4096, 0
4675, 2595, 1, 4096, 0
4677, 2111564, 1, 4096, 0
4677, 8358, 1, 4096, 0
4677, 3505, 1, 4096, 0
4677, 2720, 1, 4096, 0
4677, 3010, 1, 4096, 0
4678, 774314, 1, 4096, 0
4678, 5777, 1, 4096, 0
4678, 455452, 1, 4096, 0
4678, 7557, 1, 4096, 0
4678, 4178, 1, 4096, 0
4678, 3691, 1, 4096, 0
4678, 3900, 1, 4096, 0
4678, 3192, 1, 4096, 0
4678, 5728, 1, 4096, 0
4678, 3444, 1, 4096, 0
4680, 1712999, 1, 4096, 0
4680, 7947, 1, 4096, 0
4680, 3262, 1, 4096, 0
4680, 3367, 1, 4096, 0
4680, 3210, 1, 4096, 0
4680, 3181, 1, 4096, 0
4680, 439894, 1, 4096, 0
4682, 1584238, 1, 4096, 0
4682, 436503, 1, 4096, 0
4683, 7644, 1, 4096, 0
4684, 1895365, 1, 4096, 0
4684, 8787, 1, 4096, 0
4684, 3905, 1, 4096, 0
4686, 1381558, 1, 4096, 0
4686, 10243, 1, 4096, 0
4686, 557687, 1, 4096, 0
4686, 4500, 1, 4096, 0
4687, 563610, 1, 4096, 0
4688, 668816, 1, 4096, 0
4688, 5434, 1, 4096, 0
4688, 312473, 1, 4096, 0
4688, 420576, 1, 4096, 0
4689, 923710, 1, 4096, 0
4689, 11783, 1, 4096, 0
4689, 3240, 1, 4096, 0
4690, 889242, 1, 4096, 0
4691, 604720, 1, 4096, 0
4691, 4024, 1, 4096, 0
4691, 509113, 1, 4096, 0
4692, 728746, 1, 4096, 0
4692, 5663, 1, 4096, 0
4693, 398017, 1, 4096, 0
4693, 210540, 1, 4096, 0
4694, 1561769, 1, 4096, 0
4695, 246166, 1, 4096, 0
4695, 205196, 1, 4096, 0
4695, 344215, 1, 4096, 0
4695, 6267, 1, 4096, 0
4695, 2873, 1, 4096, 0
4695, 3655, 1, 4096, 0
4695, 4382, 1, 4096, 0
4695, 4154, 1, 4096, 0
4695, 2324, 1, 4096, 0
4695, 3728, 1, 4096, 0
4696, 1308328, 1, 4096, 0
4696, 8130, 1, 4096, 0
4696, 4779, 1, 4096, 0
4697, 829346, 1, 4096, 0
4697, 6798, 1, 4096, 0
4697, 25388, 1, 4096, 0
4697, 6647, 1, 4096, 0
4698, 209185, 1, 4096, 0
4698, 7232, 1, 4096, 0
4698, 2306, 1, 4096, 0
4698, 3201, 1, 4096, 0
4698, 5144, 1, 4096, 0
4698, 3386, 1, 4096, 0
4698, 3289, 1, 4096, 0
4698, 3521, 1, 4096, 0
4698, 276968, 1, 4096, 0
4700, 2154141, 1, 4096, 0
4700, 5686, 1, 4096, 0
4700, 2930, 1, 4096, 0
4700, 2404, 1, 4096, 0
4701, 329130, 1, 4096, 0
4701, 256612, 1, 4096, 0
4702, 1198989, 1, 4096, 0
4702, 3152, 1, 4096, 0
4702, 378084, 1, 4096, 0
4702, 6012, 1, 4096, 0
4703, 681518, 1, 4096, 0
4703, 142180, 1, 4096, 0
4703, 146564, 1, 4096, 0
4704, 119313, 1, 4096, 0
4705, 1215679, 1, 4096, 0
4705, 7291, 1, 4096, 0
4705, 2965, 1, 4096, 0
4705, 2359, 1, 4096, 0
4705, 3604, 1, 4096, 0
4705, 3512, 1, 4096, 0
4705, 7444, 1, 4096, 0
4705, 3057, 1, 4096, 0
4707, 2342831, 1, 4096, 0
4707, 7554, 1, 4096, 0
4707, 212098, 1, 4096, 0
4708, 272929, 1, 4096, 0
4708, 6442, 1, 4096, 0
4708, 5374, 1, 4096, 0
4708, 2969, 1, 4096, 0
4708, 3152, 1, 4096, 0
4708, 3283, 1, 4096, 0
4708, 3295, 1, 4096, 0
4708, 4052, 1, 4096, 0
4710, 2329390, 1, 4096, 0
4710, 11735, 1, 4096, 0
4710, 4247, 1, 4096, 0
4710, 3127, 1, 4096, 0
4710, 2864, 1, 4096, 0
4710, 2600, 1, 4096, 0
4710, 2834, 1, 4096, 0
4710, 3597, 1, 4096, 0
4711, 1377209, 1, 4096, 0
4711, 8828, 1, 4096, 0
4711, 4857, 1, 4096, 0
4712, 3994, 1, 4096, 0
4712, 2072, 1, 4096, 0
4712, 2326, 1, 4096, 0
4712, 2849, 1, 4096, 0
4712, 2747, 1, 4096, 0
4712, 499248, 1, 4096, 0
4712, 8949, 1, 4096, 0
4712, 3178, 1, 4096, 0
4712, 3478, 1, 4096, 0
4712, 2730, 1, 4096, 0
4712, 3245, 1, 4096, 0
4712, 3262, 1, 4096, 0
4714, 1140008, 1, 4096, 0
4714, 415267, 1, 4096, 0
4715, 1235042, 1, 4096, 0
4715, 8519, 1, 4096, 0
4715, 4700, 1, 4096, 0
4716, 496157, 1, 4096, 0
4716, 5631, 1, 4096, 0
4718, 1974519, 1, 4096, 0
4718, 8700, 1, 4096, 0
4718, 169920, 1, 4096, 0
4718, 321960, 1, 4096, 0
4719, 642359, 1, 4096, 0
4719, 8563, 1, 4096, 0
4719, 280664, 1, 4096, 0
4721, 1348595, 1, 4096, 0
4721, 7078, 1, 4096, 0
4721, 139533, 1, 4096, 0
4721, 258186, 1, 4096, 0
4721, 6591, 1, 4096, 0
4721, 4338, 1, 4096, 0
4721, 3318, 1, 4096, 0
4721, 2751, 1, 4096, 0
4721, 4898, 1, 4096, 0
4721, 3516, 1, 4096, 0
4721, 3549, 1, 4096, 0
4721, 362228, 1, 4096, 0
4721, 8482, 1, 4096, 0
4721, 3758, 1, 4096, 0
4721, 3113, 1, 4096, 0
4721, 2780, 1, 4096, 0
4721, 3020, 1, 4096, 0
4721, 3087, 1, 4096, 0
4721, 3517, 1, 4096, 0
4724, 2308914, 1, 4096, 0
4724, 317355, 1, 4096, 0
4725, 1075444, 1, 4096, 0
4726, 690759, 1, 4096, 0
4726, 202739, 1, 4096, 0
4726, 5005, 1, 4096, 0
4726, 18751, 1, 4096, 0
4727, 641514, 1, 4096, 0
4728, 1066932, 1, 4096, 0
4728, 348711, 1, 4096, 0
4728, 3701, 1, 4096, 0
4728, 69943, 1, 4096, 0
4728, 274553, 1, 4096, 0
4730, 1037792, 1, 4096, 0
4730, 5795, 1, 4096, 0
4730, 91167, 1, 4096, 0
4730, 281959, 1, 4096, 0
4731, 793567, 1, 4096, 0
4731, 288592, 1, 4096, 0
4731, 79104, 1, 4096, 0
4732, 1098461, 1, 4096, 0
4732, 219377, 1, 4096, 0
4732, 10756, 1, 4096, 0
4732, 4157, 1, 4096, 0
4732, 3195, 1, 4096, 0
4732, 3685, 1, 4096, 0
4732, 3383, 1, 4096, 0
4732, 3938, 1, 4096, 0
4732, 3017, 1, 4096, 0
4736, 3028229, 1, 4096, 0
4736, 761634, 1, 4096, 0
4736, 6099, 1, 4096, 0
4737, 781664, 1, 4096, 0
4737, 7553, 1, 4096, 0
4738, 569968, 1, 4096, 0
4739, 1137153, 1, 4096, 0
4739, 7165, 1, 4096, 0
4740, 982607, 1, 4096, 0
4740, 9108, 1, 4096, 0
4740, 3798, 1, 4096, 0
4740, 4705, 1, 4096, 0
4740, 3789, 1, 4096, 0
4740, 2846, 1, 4096, 0
4740, 3672, 1, 4096, 0
4740, 3056, 1, 4096, 0
4742, 2354732, 1, 4096, 0
4742, 191704, 1, 4096, 0
4742, 4305, 1, 4096, 0
4743, 742607, 1, 4096, 0
4743, 5469, 1, 4096, 0
4743, 3635, 1, 4096, 0
4744, 1003046, 1, 4096, 0
4744, 7604, 1, 4096, 0
4746, 1359472, 1, 4096, 0
4746, 694449, 1, 4096, 0
4746, 5627, 1, 4096, 0
4746, 3403, 1, 4096, 0
4747, 817826, 1, 4096, 0
4747, 5600, 1, 4096, 0
4747, 3657, 1, 4096, 0
4749, 1384264, 1, 4096, 0
4749, 8314, 1, 4096, 0
4749, 266432, 1, 4096, 0
4750, 759476, 1, 4096, 0
4750, 7996, 1, 4096, 0
4751, 1843481, 1, 4096, 0
4752, 108302, 1, 4096, 0
4752, 4245, 1, 4096, 0
4752, 786318, 1, 4096, 0
4752, 100372, 1, 4096, 0
4753, 176127, 1, 4096, 0
4753, 4290, 1, 4096, 0
4756, 3073986, 1, 4096, 0
4756, 12371, 1, 4096, 0
4756, 7865, 1, 4096, 0
4758, 1824257, 1, 4096, 0
4758, 8635, 1, 4096, 0
4759, 993646, 1, 4096, 0
4759, 7142, 1, 4096, 0
4759, 288169, 1, 4096, 0
4759, 338676, 1, 4096, 0
4759, 5396, 1, 4096, 0
4759, 28437, 1, 4096, 0
4759, 8482, 1, 4096, 0
4759, 4047, 1, 4096, 0
4759, 3720, 1, 4096, 0
4759, 2885, 1, 4096, 0
4759, 4432, 1, 4096, 0
4759, 3813, 1, 4096, 0
4759, 19809, 1, 4096, 0
4762, 2485267, 1, 4096, 0
4762, 308358, 1, 4096, 0
4762, 6573, 1, 4096, 0
4762, 111541, 1, 4096, 0
4762, 8490, 1, 4096, 0
4762, 161302, 1, 4096, 0
4763, 634599, 1, 4096, 0
4765, 1708520, 1, 4096, 0
4765, 5838, 1, 4096, 0
4765, 3346, 1, 4096, 0
4765, 9884, 1, 4096, 0
4765, 3494, 1, 4096, 0
4765, 4081, 1, 4096, 0
4765, 92504, 1, 4096, 0
4766, 844256, 1, 4096, 0
4767, 1197301, 1, 4096, 0
4767, 5773, 1, 4096, 0
4768, 845590, 1, 4096, 0
4768, 6821, 1, 4096, 0
4768, 4124, 1, 4096, 0
4769, 694521, 1, 4096, 0
4769, 461493, 1, 4096, 0
4770, 1402747, 1, 4096, 0
4770, 8260, 1, 4096, 0
4771, 633244, 1, 4096, 0
4772, 733629, 1, 4096, 0
4772, 7611, 1, 4096, 0
4773, 822822, 1, 4096, 0
4773, 7309, 1, 4096, 0
4773, 537015, 1, 4096, 0
4773, 6659, 1, 4096, 0
4773, 3668, 1, 4096, 0
4773, 3928, 1, 4096, 0
4773, 4428, 1, 4096, 0
4773, 3565, 1, 4096, 0
4773, 4831, 1, 4096, 0
4773, 3525, 1, 4096, 0
4776, 2839752, 1, 4096, 0
4776, 220971, 1, 4096, 0
4776, 5109, 1, 4096, 0
4776, 3977, 1, 4096, 0
4776, 3658, 1, 4096, 0
4776, 4533, 1, 4096, 0
4778, 2049358, 1, 4096, 0
4779, 484177, 1, 4096, 0
4779, 288801, 1, 4096, 0
4779, 5693, 1, 4096, 0
4779, 4085, 1, 4096, 0
4780, 290276, 1, 4096, 0
4781, 1033650, 1, 4096, 0
4781, 742236, 1, 4096, 0
4781, 59050, 1, 4096, 0
4781, 116988, 1, 4096, 0
4782, 8627, 1, 4096, 0
4782, 4037, 1, 4096, 0
4782, 3591, 1, 4096, 0
4782, 3101, 1, 4096, 0
4782, 2689, 1, 4096, 0
4782, 2541, 1, 4096, 0
4782, 2820, 1, 4096, 0
4782, 409115, 1, 4096, 0
4782, 5140, 1, 4096, 0
4782, 3030, 1, 4096, 0
4782, 2513, 1, 4096, 0
4782, 2681, 1, 4096, 0
4782, 2616, 1, 4096, 0
4782, 2643, 1, 4096, 0
4782, 2668, 1, 4096, 0
4785, 2747910, 1, 4096, 0
4785, 153572, 1, 4096, 0
4785, 4832, 1, 4096, 0
4785, 24668, 1, 4096, 0
4786, 841616, 1, 4096, 0
4786, 7011, 1, 4096, 0
4787, 1008808, 1, 4096, 0
4787, 678120, 1, 4096, 0
4787, 5437, 1, 4096, 0
4788, 634030, 1, 4096, 0
4788, 110709, 1, 4096, 0
4788, 37031, 1, 4096, 0
4788, 4912, 1, 4096, 0
4790, 1572100, 1, 4096, 0
4790, 4536, 1, 4096, 0
4790, 3016, 1, 4096, 0
4791, 911746, 1, 4096, 0
4793, 1750959, 1, 4096, 0
4793, 5699, 1, 4096, 0
4793, 3332, 1, 4096, 0
4793, 267637, 1, 4096, 0
4793, 228207, 1, 4096, 0
4793, 185707, 1, 4096, 0
4793, 9790, 1, 4096, 0
4794, 974346, 1, 4096, 0
4796, 1252622, 1, 4096, 0
4796, 5784, 1, 4096, 0
4796, 904428, 1, 4096, 0
4796, 6217, 1, 4096, 0
4796, 3018, 1, 4096, 0
4796, 4040, 1, 4096, 0
4796, 3311, 1, 4096, 0
4797, 689691, 1, 4096, 0
4799, 1488159, 1, 4096, 0
4799, 5947, 1, 4096, 0
4799, 3581, 1, 4096, 0
4799, 753460, 1, 4096, 0
4799, 3605, 1, 4096, 0
4799, 4334, 1, 4096, 0
4800, 929645, 1, 4096, 0
4800, 5350, 1, 4096, 0
4801, 259179, 1, 4096, 0
4801, 8185, 1, 4096, 0
4801, 3979, 1, 4096, 0
4801, 4716, 1, 4096, 0
4801, 5127, 1, 4096, 0
4801, 3394, 1, 4096, 0
4801, 4438, 1, 4096, 0
4801, 3980, 1, 4096, 0
4803, 1907938, 1, 4096, 0
4803, 8778, 1, 4096, 0
4803, 3396, 1, 4096, 0
4803, 3389, 1, 4096, 0
4803, 3405, 1, 4096, 0
4803, 3037, 1, 4096, 0
4803, 2907, 1, 4096, 0
4803, 3009, 1, 4096, 0
4805, 2584477, 1, 4096, 0
4805, 6888, 1, 4096, 0
4805, 3150, 1, 4096, 0
4806, 258039, 1, 4096, 0
4806, 3777, 1, 4096, 0
4806, 436075, 1, 4096, 0
4806, 5800, 1, 4096, 0
4808, 1729601, 1, 4096, 0
4808, 7979, 1, 4096, 0
4808, 5300, 1, 4096, 0
4808, 3453, 1, 4096, 0
4808, 3363, 1, 4096, 0
4808, 3714, 1, 4096, 0
4808, 3990, 1, 4096, 0
4808, 4902, 1, 4096, 0
4809, 931759, 1, 4096, 0
4809, 6654, 1, 4096, 0
4809, 4038, 1, 4096, 0
4809, 3651, 1, 4096, 0
4809, 68207, 1, 4096, 0
4809, 3103, 1, 4096, 0
4810, 1324070, 1, 4096, 0
4810, 8919, 1, 4096, 0
4810, 5904, 1, 4096, 0
4810, 3829, 1, 4096, 0
4810, 6141, 1, 4096, 0
4810, 292604, 1, 4096, 0
4811, 139616, 1, 4096, 0
4811, 682835, 1, 4096, 0
4811, 6963, 1, 4096, 0
4811, 3707, 1, 4096, 0
4811, 2609, 1, 4096, 0
4811, 3077, 1, 4096, 0
4812, 263413, 1, 4096, 0
4812, 296162, 1, 4096, 0
4812, 372213, 1, 4096, 0
4812, 6845, 1, 4096, 0
4812, 3418, 1, 4096, 0
4812, 4218, 1, 4096, 0
4812, 2513, 1, 4096, 0
4812, 3876, 1, 4096, 0
4812, 2954, 1, 4096, 0
4812, 3151, 1, 4096, 0
4814, 1198151, 1, 4096, 0
4815, 1407051, 1, 4096, 0
4815, 8002, 1, 4096, 0
4816, 581872, 1, 4096, 0
4816, 6149, 1, 4096, 0
4816, 3009, 1, 4096, 0
4816, 2857, 1, 4096, 0
4816, 2788, 1, 4096, 0
4816, 2719, 1, 4096, 0
4817, 1946953, 1, 4096, 0
4818, 7395, 1, 4096, 0
4818, 3426, 1, 4096, 0
4818, 3197, 1, 4096, 0
4818, 4597, 1, 4096, 0
4818, 4380, 1, 4096, 0
4818, 3327, 1, 4096, 0
4818, 3336, 1, 4096, 0
4819, 1331757, 1, 4096, 0
4819, 349873, 1, 4096, 0
4820, 267724, 1, 4096, 0
4820, 258006, 1, 4096, 0
4820, 7251, 1, 4096, 0
4820, 3400, 1, 4096, 0
4820, 4699, 1, 4096, 0
4820, 4395, 1, 4096, 0
4820, 4227, 1, 4096, 0
4820, 4155, 1, 4096, 0
4820, 3076, 1, 4096, 0
4820, 428080, 1, 4096, 0
4820, 10602, 1, 4096, 0
4821, 685893, 1, 4096, 0
4821, 261436, 1, 4096, 0
4822, 403378, 1, 4096, 0
4822, 4298, 1, 4096, 0
4822, 341924, 1, 4096, 0
4822, 344203, 1, 4096, 0
4823, 473734, 1, 4096, 0
4823, 166087, 1, 4096, 0
4823, 127923, 1, 4096, 0
4823, 332120, 1, 4096, 0
4824, 869824, 1, 4096, 0
4825, 167334, 1, 4096, 0
4825, 5218, 1, 4096, 0
4825, 266419, 1, 4096, 0
4825, 233731, 1, 4096, 0
4825, 7443, 1, 4096, 0
4825, 4374, 1, 4096, 0
4825, 4347, 1, 4096, 0
4825, 3340, 1, 4096, 0
4825, 3678, 1, 4096, 0
4825, 4478, 1, 4096, 0
4825, 2882, 1, 4096, 0
4826, 887027, 1, 4096, 0
4826, 7337, 1, 4096, 0
4826, 85968, 1, 4096, 0
4826, 90102, 1, 4096, 0
4827, 547018, 1, 4096, 0
4827, 8364, 1, 4096, 0
4828, 1306855, 1, 4096, 0
4828, 9140, 1, 4096, 0
4829, 534370, 1, 4096, 0
4829, 6079, 1, 4096, 0
4829, 283276, 1, 4096, 0
4829, 5566, 1, 4096, 0
4829, 3718, 1, 4096, 0
4829, 4916, 1, 4096, 0
4829, 40497, 1, 4096, 0
4829, 4476, 1, 4096, 0
4829, 5737, 1, 4096, 0
4830, 1143349, 1, 4096, 0
4830, 6514, 1, 4096, 0
4830, 3290, 1, 4096, 0
4830, 2576, 1, 4096, 0
4830, 3131, 1, 4096, 0
4831, 593673, 1, 4096, 0
4831, 205587, 1, 4096, 0
4832, 974400, 1, 4096, 0
4832, 358021, 1, 4096, 0
4832, 28068, 1, 4096, 0
4833, 675586, 1, 4096, 0
4833, 250821, 1, 4096, 0
4833, 99734, 1, 4096, 0
4834, 735263, 1, 4096, 0
4834, 57203, 1, 4096, 0
4835, 1058713, 1, 4096, 0
4835, 6838, 1, 4096, 0
4835, 3927, 1, 4096, 0
4836, 745773, 1, 4096, 0
4836, 50022, 1, 4096, 0
4837, 900735, 1, 4096, 0
4837, 6480, 1, 4096, 0
4839, 1690589, 1, 4096, 0
4839, 8692, 1, 4096, 0
4839, 3667, 1, 4096, 0
4839, 3191, 1, 4096, 0
4839, 118366, 1, 4096, 0
4839, 3787, 1, 4096, 0
4839, 388570, 1, 4096, 0
4840, 718447, 1, 4096, 0
4840, 332651, 1, 4096, 0
4841, 359706, 1, 4096, 0
4841, 7876, 1, 4096, 0
4841, 4286, 1, 4096, 0
4841, 4047, 1, 4096, 0
4841, 4538, 1, 4096, 0
4841, 3411, 1, 4096, 0
4841, 4746, 1, 4096, 0
4841, 3889, 1, 4096, 0
4843, 2132339, 1, 4096, 0
4843, 7264, 1, 4096, 0
4843, 77309, 1, 4096, 0
4843, 453776, 1, 4096, 0
4843, 6854, 1, 4096, 0
4843, 4841, 1, 4096, 0
4844, 546562, 1, 4096, 0
4844, 491573, 1, 4096, 0
4844, 8017, 1, 4096, 0
4844, 2376, 1, 4096, 0
4844, 2370, 1, 4096, 0
4844, 2840, 1, 4096, 0
4844, 2179, 1, 4096, 0
4844, 2158, 1, 4096, 0
4844, 2239, 1, 4096, 0
4845, 312035, 1, 4096, 0
4847, 2016586, 1, 4096, 0
4847, 222269, 1, 4096, 0
4847, 11188, 1, 4096, 0
4847, 3536, 1, 4096, 0
4848, 546323, 1, 4096, 0
4848, 299819, 1, 4096, 0
4848, 6462, 1, 4096, 0
4848, 1874, 1, 4096, 0
4848, 2769, 1, 4096, 0
4848, 2707, 1, 4096, 0
4848, 3129, 1, 4096, 0
4848, 6092, 1, 4096, 0
4848, 3381, 1, 4096, 0
4849, 1445297, 1, 4096, 0
4849, 6118, 1, 4096, 0
4850, 182041, 1, 4096, 0
4850, 6680, 1, 4096, 0
4850, 4739, 1, 4096, 0
4850, 3529, 1, 4096, 0
4850, 4435, 1, 4096, 0
4850, 4675, 1, 4096, 0
4850, 2903, 1, 4096, 0
4850, 2846, 1, 4096, 0
4850, 7328, 1, 4096, 0
4850, 10011, 1, 4096, 0
4851, 600415, 1, 4096, 0
4852, 840687, 1, 4096, 0
4852, 6763, 1, 4096, 0
4852, 214461, 1, 4096, 0
4853, 527096, 1, 4096, 0
4853, 6686, 1, 4096, 0
4853, 3541, 1, 4096, 0
4855, 2143507, 1, 4096, 0
4855, 83081, 1, 4096, 0
4856, 900828, 1, 4096, 0
4856, 9050, 1, 4096, 0
4856, 3644, 1, 4096, 0
4857, 551132, 1, 4096, 0
4857, 4354, 1, 4096, 0
4858, 1129903, 1, 4096, 0
4858, 7736, 1, 4096, 0
4858, 3848, 1, 4096, 0
4859, 996906, 1, 4096, 0
4859, 5670, 1, 4096, 0
4859, 404418, 1, 4096, 0
4859, 3973, 1, 4096, 0
4860, 637968, 1, 4096, 0
4860, 317360, 1, 4096, 0
4860, 6010, 1, 4096, 0
4861, 972196, 1, 4096, 0
4861, 6614, 1, 4096, 0
4861, 3733, 1, 4096, 0
4861, 2285, 1, 4096, 0
4861, 2359, 1, 4096, 0
4861, 6498, 1, 4096, 0
4861, 3411, 1, 4096, 0
4861, 3017, 1, 4096, 0
4864, 3123685, 1, 4096, 0
4864, 8118, 1, 4096, 0
4865, 562821, 1, 4096, 0
4865, 252831, 1, 4096, 0
4865, 5206, 1, 4096, 0
4865, 2946, 1, 4096, 0
4866, 1224311, 1, 4096, 0
4867, 1105649, 1, 4096, 0
4867, 6015, 1, 4096, 0
4867, 3752, 1, 4096, 0
4868, 608936, 1, 4096, 0
4869, 534503, 1, 4096, 0
4869, 467826, 1, 4096, 0
4869, 5621, 1, 4096, 0
4869, 2991, 1, 4096, 0
4869, 3497, 1, 4096, 0
4869, 3556, 1, 4096, 0
4871, 1503183, 1, 4096, 0
4871, 358755, 1, 4096, 0
4871, 9149, 1, 4096, 0
4871, 4868, 1, 4096, 0
4871, 3198, 1, 4096, 0
4871, 3645, 1, 4096, 0
4871, 4677, 1, 4096, 0
4871, 3214, 1, 4096, 0
4871, 3101, 1, 4096, 0
4874, 2733890, 1, 4096, 0
4874, 53465, 1, 4096, 0
4874, 387364, 1, 4096, 0
4874, 51647, 1, 4096, 0
4874, 70762, 1, 4096, 0
4874, 3934, 1, 4096, 0
4874, 2777, 1, 4096, 0
4875, 423990, 1, 4096, 0
4876, 879710, 1, 4096, 0
4876, 344309, 1, 4096, 0
4877, 548700, 1, 4096, 0
4877, 126177, 1, 4096, 0
4877, 274419, 1, 4096, 0
4877, 15728, 1, 4096, 0
4877, 2362, 1, 4096, 0
4878, 801344, 1, 4096, 0
4878, 15190, 1, 4096, 0
4878, 479407, 1, 4096, 0
4879, 446762, 1, 4096, 0
4879, 483818, 1, 4096, 0
4879, 210359, 1, 4096, 0
4880, 444085, 1, 4096, 0
4880, 135077, 1, 4096, 0
4881, 1433613, 1, 4096, 0
4882, 752775, 1, 4096, 0
4883, 322268, 1, 4096, 0
4883, 7909, 1, 4096, 0
4883, 2893, 1, 4096, 0
4883, 4703, 1, 4096, 0
4883, 3669, 1, 4096, 0
4884, 1440131, 1, 4096, 0
4885, 926846, 1, 4096, 0
4885, 6691, 1, 4096, 0
4885, 3632, 1, 4096, 0
4885, 3719, 1, 4096, 0
4885, 448913, 1, 4096, 0
4885, 3096, 1, 4096, 0
4887, 1424302, 1, 4096, 0
4887, 454729, 1, 4096, 0
4887, 8866, 1, 4096, 0
4889, 1209564, 1, 4096, 0
4889, 243422, 1, 4096, 0
4889, 4676, 1, 4096, 0
4890, 1321527, 1, 4096, 0
4890, 6870, 1, 4096, 0
4890, 3782, 1, 4096, 0
4890, 3011, 1, 4096, 0
4891, 751041, 1, 4096, 0
4891, 6303, 1, 4096, 0
4891, 220013, 1, 4096, 0
4892, 717992, 1, 4096, 0
4892, 6733, 1, 4096, 0
4892, 5194, 1, 4096, 0
4892, 3649, 1, 4096, 0
4892, 2849, 1, 4096, 0
4892, 2774, 1, 4096, 0
4892, 2624, 1, 4096, 0
4892, 4134, 1, 4096, 0
4893, 1414899, 1, 4096, 0
4893, 7314, 1, 4096, 0
4893, 3114, 1, 4096, 0
4893, 3910, 1, 4096, 0
4893, 3438, 1, 4096, 0
4893, 2623, 1, 4096, 0
4893, 3055, 1, 4096, 0
4893, 2918, 1, 4096, 0
4895, 1727653, 1, 4096, 0
4895, 7479, 1, 4096, 0
4895, 3518, 1, 4096, 0
4895, 2960, 1, 4096, 0
4895, 3535, 1, 4096, 0
4895, 3398, 1, 4096, 0
4896, 789218, 1, 4096, 0
4896, 98440, 1, 4096, 0
4896, 162081, 1, 4096, 0
4896, 7864, 1, 4096, 0
4897, 394546, 1, 4096, 0
4897, 6737, 1, 4096, 0
4897, 3768, 1, 4096, 0
4897, 3387, 1, 4096, 0
4897, 4284, 1, 4096, 0
4897, 3229, 1, 4096, 0
4897, 3526, 1, 4096, 0
4897, 3538, 1, 4096, 0
4898, 1061443, 1, 4096, 0
4898, 6577, 1, 4096, 0
4898, 3251, 1, 4096, 0
4898, 3273, 1, 4096, 0
4898, 6771, 1, 4096, 0
4898, 90432, 1, 4096, 0
4899, 368473, 1, 4096, 0
4899, 6437, 1, 4096, 0
4899, 4174, 1, 4096, 0
4899, 3084, 1, 4096, 0
4899, 5669, 1, 4096, 0
4899, 4058, 1, 4096, 0
4899, 209929, 1, 4096, 0
4900, 453645, 1, 4096, 0
4900, 6072, 1, 4096, 0
4900, 271155, 1, 4096, 0
4901, 1048931, 1, 4096, 0
4901, 233586, 1, 4096, 0
4901, 22309, 1, 4096, 0
4901, 6279, 1, 4096, 0
4901, 224266, 1, 4096, 0
4901, 5987, 1, 4096, 0
4902, 457538, 1, 4096, 0
4902, 4082, 1, 4096, 0
4903, 678939, 1, 4096, 0
4903, 348176, 1, 4096, 0
4903, 4764, 1, 4096, 0
4903, 3466, 1, 4096, 0
4903, 2547, 1, 4096, 0
4904, 545288, 1, 4096, 0
4904, 9965, 1, 4096, 0
4905, 1124924, 1, 4096, 0
4906, 1004544, 1, 4096, 0
4906, 6846, 1, 4096, 0
4906, 3984, 1, 4096, 0
4906, 3869, 1, 4096, 0
4906, 3656, 1, 4096, 0
4906, 3898, 1, 4096, 0
4906, 3292, 1, 4096, 0
4906, 3203, 1, 4096, 0
4906, 374345, 1, 4096, 0
4906, 6390, 1, 4096, 0
4906, 3129, 1, 4096, 0
4906, 4049, 1, 4096, 0
4906, 9642, 1, 4096, 0
4906, 3362, 1, 4096, 0
4906, 3259, 1, 4096, 0
4906, 245430, 1, 4096, 0
4908, 1236339, 1, 4096, 0
4908, 6292, 1, 4096, 0
4908, 2965, 1, 4096, 0
4908, 2841, 1, 4096, 0
4908, 3002, 1, 4096, 0
4908, 3262, 1, 4096, 0
4908, 158090, 1, 4096, 0
4908, 95479, 1, 4096, 0
4909, 10562, 1, 4096, 0
4909, 381467, 1, 4096, 0
4909, 198095, 1, 4096, 0
4909, 4179, 1, 4096, 0
4909, 3246, 1, 4096, 0
4910, 448063, 1, 4096, 0
4910, 5532, 1, 4096, 0
4910, 264632, 1, 4096, 0
4910, 545694, 1, 4096, 0
4911, 748825, 1, 4096, 0
4911, 6688, 1, 4096, 0
4911, 3742, 1, 4096, 0
4911, 4357, 1, 4096, 0
4911, 3472, 1, 4096, 0
4911, 2997, 1, 4096, 0
4911, 3654, 1, 4096, 0
4912, 625824, 1, 4096, 0
4913, 915008, 1, 4096, 0
4913, 4449, 1, 4096, 0
4913, 3007, 1, 4096, 0
4913, 3378, 1, 4096, 0
4913, 3426, 1, 4096, 0
4913, 122120, 1, 4096, 0
4914, 705811, 1, 4096, 0
4914, 804080, 1, 4096, 0
4914, 6102, 1, 4096, 0
4914, 11429, 1, 4096, 0
4914, 3720, 1, 4096, 0
4914, 3147, 1, 4096, 0
4914, 3058, 1, 4096, 0
4914, 3298, 1, 4096, 0
4915, 631208, 1, 4096, 0
4915, 5388, 1, 4096, 0
4915, 3587, 1, 4096, 0
4915, 5301, 1, 4096, 0
4915, 5460, 1, 4096, 0
4915, 4002, 1, 4096, 0
4915, 4584, 1, 4096, 0
4915, 3849, 1, 4096, 0
4918, 2856865, 1, 4096, 0
4918, 9287, 1, 4096, 0
4918, 4382, 1, 4096, 0
4919, 807897, 1, 4096, 0
4919, 6165, 1, 4096, 0
4919, 4066, 1, 4096, 0
4919, 3830, 1, 4096, 0
4919, 2669, 1, 4096, 0
4919, 1964, 1, 4096, 0
4919, 2484, 1, 4096, 0
4920, 1258904, 1, 4096, 0
4923, 2552181, 1, 4096, 0
4923, 6939, 1, 4096, 0
4923, 3427, 1, 4096, 0
4923, 2521, 1, 4096, 0
4923, 3302, 1, 4096, 0
4923, 777313, 1, 4096, 0
4923, 4479, 1, 4096, 0
4924, 763439, 1, 4096, 0
4925, 983987, 1, 4096, 0
4925, 94276, 1, 4096, 0
4925, 5484, 1, 4096, 0
4926, 296212, 1, 4096, 0
4926, 5141, 1, 4096, 0
4926, 3453, 1, 4096, 0
4926, 340910, 1, 4096, 0
4928, 1578104, 1, 4096, 0
4928, 5201, 1, 4096, 0
4928, 2938, 1, 4096, 0
4929, 1248513, 1, 4096, 0
4929, 187235, 1, 4096, 0
4929, 3921, 1, 4096, 0
4930, 491756, 1, 4096, 0
4930, 5323, 1, 4096, 0
4930, 3600, 1, 4096, 0
4930, 600222, 1, 4096, 0
4930, 11072, 1, 4096, 0
4931, 1138174, 1, 4096, 0
4931, 21975, 1, 4096, 0
4931, 75527, 1, 4096, 0
4932, 405050, 1, 4096, 0
4932, 5030, 1, 4096, 0
4932, 4309, 1, 4096, 0
4932, 4327, 1, 4096, 0
4933, 698516, 1, 4096, 0
4934, 1065266, 1, 4096, 0
4934, 7019, 1, 4096, 0
4934, 3862, 1, 4096, 0
4934, 3320, 1, 4096, 0
4934, 2654, 1, 4096, 0
4934, 4408, 1, 4096, 0
4934, 3320, 1, 4096, 0
4934, 2591, 1, 4096, 0
4934, 173923, 1, 4096, 0
4934, 402967, 1, 4096, 0
4934, 6114, 1, 4096, 0
4934, 3575, 1, 4096, 0
4934, 4071, 1, 4096, 0
4934, 3301, 1, 4096, 0
4934, 2576, 1, 4096, 0
4934, 3385, 1, 4096, 0
4934, 3355, 1, 4096, 0
4937, 2235804, 1, 4096, 0
4937, 6394, 1, 4096, 0
4937, 3555, 1, 4096, 0
4937, 3817, 1, 4096, 0
4937, 5494, 1, 4096, 0
4937, 5955, 1, 4096, 0
4937, 4700, 1, 4096, 0
4937, 311379, 1, 4096, 0
4937, 471002, 1, 4096, 0
4938, 371583, 1, 4096, 0
4939, 1203650, 1, 4096, 0
4940, 619238, 1, 4096, 0
4940, 6634, 1, 4096, 0
4940, 2936, 1, 4096, 0
4940, 44582, 1, 4096, 0
4940, 5832, 1, 4096, 0
4940, 3653, 1, 4096, 0
4940, 3394, 1, 4096, 0
4940, 3897, 1, 4096, 0
4940, 4653, 1, 4096, 0
4940, 3637, 1, 4096, 0
4940, 3475, 1, 4096, 0
4942, 2372771, 1, 4096, 0
4942, 7842, 1, 4096, 0
4942, 2997, 1, 4096, 0
4942, 2962, 1, 4096, 0
4942, 3044, 1, 4096, 0
4942, 2463, 1, 4096, 0
4942, 3073, 1, 4096, 0
4942, 2236, 1, 4096, 0
4945, 2528095, 1, 4096, 0
4945, 8713, 1, 4096, 0
4945, 3314, 1, 4096, 0
4945, 3214, 1, 4096, 0
4945, 3944, 1, 4096, 0
4945, 4230, 1, 4096, 0
4945, 3349, 1, 4096, 0
4945, 3357, 1, 4096, 0
4947, 2207310, 1, 4096, 0
4947, 8447, 1, 4096, 0
4947, 4114, 1, 4096, 0
4947, 3234, 1, 4096, 0
4947, 3585, 1, 4096, 0
4947, 3253, 1, 4096, 0
4947, 3876, 1, 4096, 0
4947, 3206, 1, 4096, 0
4948, 989234, 1, 4096, 0
4948, 8264, 1, 4096, 0
4948, 2991, 1, 4096, 0
4948, 361092, 1, 4096, 0
4948, 50320, 1, 4096, 0
4948, 101609, 1, 4096, 0
4950, 1151199, 1, 4096, 0
4950, 671008, 1, 4096, 0
4950, 80912, 1, 4096, 0
4951, 255087, 1, 4096, 0
4951, 265233, 1, 4096, 0
4951, 4204, 1, 4096, 0
4951, 1950, 1, 4096, 0
4951, 2337, 1, 4096, 0
4954, 3263519, 1, 4096, 0
4954, 12068, 1, 4096, 0
4955, 288608, 1, 4096, 0
4955, 2521, 1, 4096, 0
4955, 2547, 1, 4096, 0
4955, 2633, 1, 4096, 0
4955, 16609, 1, 4096, 0
4956, 1842420, 1, 4096, 0
4957, 643141, 1, 4096, 0
4957, 6667, 1, 4096, 0
4957, 2959, 1, 4096, 0
4957, 3718, 1, 4096, 0
4957, 3329, 1, 4096, 0
4957, 2879, 1, 4096, 0
4957, 3965, 1, 4096, 0
4957, 3469, 1, 4096, 0
4959, 2061360, 1, 4096, 0
4959, 313414, 1, 4096, 0
4960, 372464, 1, 4096, 0
4960, 5384, 1, 4096, 0
4960, 3896, 1, 4096, 0
4960, 16782, 1, 4096, 0
4960, 598591, 1, 4096, 0
4961, 714417, 1, 4096, 0
4962, 722099, 1, 4096, 0
4962, 501891, 1, 4096, 0
4963, 381736, 1, 4096, 0
4964, 1320472, 1, 4096, 0
4964, 8920, 1, 4096, 0
4964, 3426, 1, 4096, 0
4964, 3627, 1, 4096, 0
4966, 1440258, 1, 4096, 0
4966, 6782, 1, 4096, 0
4966, 2353, 1, 4096, 0
4966, 2753, 1, 4096, 0
4966, 537187, 1, 4096, 0
4967, 318112, 1, 4096, 0
4967, 608819, 1, 4096, 0
4968, 376491, 1, 4096, 0
4968, 268832, 1, 4096, 0
4968, 113815, 1, 4096, 0
4969, 634798, 1, 4096, 0
4969, 87014, 1, 4096, 0
4970, 1305416, 1, 4096, 0
4970, 14241, 1, 4096, 0
4970, 4056, 1, 4096, 0
4970, 396868, 1, 4096, 0
4970, 8689, 1, 4096, 0
4970, 4493, 1, 4096, 0
4970, 3898, 1, 4096, 0
4970, 3050, 1, 4096, 0
4970, 5214, 1, 4096, 0
4970, 3669, 1, 4096, 0
4970, 3874, 1, 4096, 0
4971, 670108, 1, 4096, 0
4971, 9225, 1, 4096, 0
4971, 3526, 1, 4096, 0
4971, 3207, 1, 4096, 0
4971, 10521, 1, 4096, 0
4971, 3188, 1, 4096, 0
4971, 3396, 1, 4096, 0
4971, 3032, 1, 4096, 0
4973, 2076004, 1, 4096, 0
4973, 7514, 1, 4096, 0
4973, 53901, 1, 4096, 0
4974, 284006, 1, 4096, 0
4974, 7509, 1, 4096, 0
4974, 3359, 1, 4096, 0
4974, 3445, 1, 4096, 0
4974, 3265, 1, 4096, 0
4974, 3011, 1, 4096, 0
4974, 2562, 1, 4096, 0
4974, 3634, 1, 4096, 0
4974, 547391, 1, 4096, 0
4974, 173630, 1, 4096, 0
4974, 4001, 1, 4096, 0
4974, 83649, 1, 4096, 0
4974, 7423, 1, 4096, 0
4976, 1295863, 1, 4096, 0
4976, 6410, 1, 4096, 0
4976, 2933, 1, 4096, 0
4976, 3559, 1, 4096, 0
4976, 3213, 1, 4096, 0
4976, 3442, 1, 4096, 0
4976, 2821, 1, 4096, 0
4976, 3305, 1, 4096, 0
4977, 1034290, 1, 4096, 0
4977, 9502, 1, 4096, 0
4977, 3217, 1, 4096, 0
4977, 111941, 1, 4096, 0
4978, 552545, 1, 4096, 0
4978, 7169, 1, 4096, 0
4978, 3456, 1, 4096, 0
4978, 230235, 1, 4096, 0
4978, 4841, 1, 4096, 0
4978, 3358, 1, 4096, 0
4979, 592423, 1, 4096, 0
4979, 256967, 1, 4096, 0
4981, 1860424, 1, 4096, 0
4981, 5992, 1, 4096, 0
4981, 109686, 1, 4096, 0
4981, 4303, 1, 4096, 0
4981, 314190, 1, 4096, 0
4981, 17733, 1, 4096, 0
4984, 2508531, 1, 4096, 0
4984, 6891, 1, 4096, 0
4984, 2227, 1, 4096, 0
4984, 2714, 1, 4096, 0
4984, 4472, 1, 4096, 0
4985, 683856, 1, 4096, 0
4985, 635631, 1, 4096, 0
4985, 6401, 1, 4096, 0
4985, 7910, 1, 4096, 0
4985, 2845, 1, 4096, 0
4985, 2775, 1, 4096, 0
4985, 2527, 1, 4096, 0
4985, 2229, 1, 4096, 0
4985, 1756, 1, 4096, 0
4989, 3302642, 1, 4096, 0
4989, 410404, 1, 4096, 0
4989, 102850, 1, 4096, 0
4989, 114524, 1, 4096, 0
4989, 3621, 1, 4096, 0
4990, 1270447, 1, 4096, 0
4991, 274092, 1, 4096, 0
4991, 641433, 1, 4096, 0
4992, 162295, 1, 4096, 0
4992, 328402, 1, 4096, 0
4994, 2441286, 1, 4096, 0
4994, 6606, 1, 4096, 0
4994, 8126, 1, 4096, 0
4994, 14591, 1, 4096, 0
4995, 835975, 1, 4096, 0
4995, 66354, 1, 4096, 0
4996, 905095, 1, 4096, 0
4997, 553934, 1, 4096, 0
4997, 4309, 1, 4096, 0
4997, 212057, 1, 4096, 0
4998, 792525, 1, 4096, 0
4999, 864763, 1, 4096, 0
4999, 857006, 1, 4096, 0
4999, 5542, 1, 4096, 0
5000, 14902, 1, 4096, 0
5000, 374121, 1, 4096, 0
5000, 403401, 1, 4096, 0
5001, 967525, 1, 4096, 0
5002, 374253, 1, 4096, 0
5002, 510159, 1, 4096, 0
5002, 71746, 1, 4096, 0
5004, 1502652, 1, 4096, 0
5004, 10947, 1, 4096, 0
5004, 156233, 1, 4096, 0
5004, 112074, 1, 4096, 0
5004, 66503, 1, 4096, 0
5005, 1123549, 1, 4096, 0
5006, 1164293, 1, 4096, 0
5006, 6228, 1, 4096, 0
5007, 530930, 1, 4096, 0
5008, 1294920, 1, 4096, 0
5008, 48764, 1, 4096, 0
5009, 842645, 1, 4096, 0
5010, 1056901, 1, 4096, 0
5011, 481272, 1, 4096, 0
5011, 411480, 1, 4096, 0
5011, 5741, 1, 4096, 0
5012, 538669, 1, 4096, 0
5012, 600693, 1, 4096, 0
5012, 50674, 1, 4096, 0
5013, 847341, 1, 4096, 0
5014, 353597, 1, 4096, 0
5015, 1207103, 1, 4096, 0
5015, 674392, 1, 4096, 0
5015, 5918, 1, 4096, 0
5015, 3514, 1, 4096, 0
5016, 457443, 1, 4096, 0
5017, 840391, 1, 4096, 0
5018, 1555546, 1, 4096, 0
5018, 5555, 1, 4096, 0
5018, 3779, 1, 4096, 0
5018, 23908, 1, 4096, 0
5018, 3489, 1, 4096, 0
5018, 2871, 1, 4096, 0
5018, 2291, 1, 4096, 0
5018, 2226, 1, 4096, 0
5021, 2243108, 1, 4096, 0
5021, 11427, 1, 4096, 0
5021, 3633, 1, 4096, 0
5021, 3206, 1, 4096, 0
5021, 3073, 1, 4096, 0
5021, 3082, 1, 4096, 0
5021, 3700, 1, 4096, 0
5021, 2772, 1, 4096, 0
5023, 2741936, 1, 4096, 0
5023, 6537, 1, 4096, 0
5024, 223337, 1, 4096, 0
5024, 42327, 1, 4096, 0
5024, 3470, 1, 4096, 0
5024, 461678, 1, 4096, 0
5025, 994561, 1, 4096, 0
5025, 4662, 1, 4096, 0
5026, 584854, 1, 4096, 0
5026, 98295, 1, 4096, 0
5026, 8715, 1, 4096, 0
5026, 3489, 1, 4096, 0
5026, 2204, 1, 4096, 0
5026, 3318, 1, 4096, 0
5026, 3313, 1, 4096, 0
5026, 3244, 1, 4096, 0
5026, 4632, 1, 4096, 0
5028, 1627576, 1, 4096, 0
5028, 517880, 1, 4096, 0
5028, 6060, 1, 4096, 0
5028, 2563, 1, 4096, 0
5028, 3017, 1, 4096, 0
5028, 2098, 1, 4096, 0
5028, 2573, 1, 4096, 0
5028, 1779, 1, 4096, 0
5028, 378218, 1, 4096, 0
5028, 6238, 1, 4096, 0
5028, 3859, 1, 4096, 0
5029, 2976, 1, 4096, 0
5029, 445112, 1, 4096, 0
5031, 1872298, 1, 4096, 0
5031, 11668, 1, 4096, 0
5031, 4454, 1, 4096, 0
5031, 3853, 1, 4096, 0
5031, 3275, 1, 4096, 0
5031, 624418, 1, 4096, 0
5032, 206362, 1, 4096, 0
5033, 1149917, 1, 4096, 0
5033, 6871, 1, 4096, 0
5033, 4236, 1, 4096, 0
5033, 238008, 1, 4096, 0
5033, 4882, 1, 4096, 0
5034, 413013, 1, 4096, 0
5034, 6267, 1, 4096, 0
5034, 128802, 1, 4096, 0
5034, 7667, 1, 4096, 0
5034, 4384, 1, 4096, 0
5034, 4580, 1, 4096, 0
5034, 4283, 1, 4096, 0
5034, 3448, 1, 4096, 0
5034, 4095, 1, 4096, 0
5034, 3716, 1, 4096, 0
5035, 1669224, 1, 4096, 0
5035, 5669, 1, 4096, 0
5035, 2995, 1, 4096, 0
5035, 2706, 1, 4096, 0
5035, 3769, 1, 4096, 0
5035, 2809, 1, 4096, 0
5035, 3047, 1, 4096, 0
5035, 3190, 1, 4096, 0
5036, 379252, 1, 4096, 0
5036, 10766, 1, 4096, 0
5037, 649299, 1, 4096, 0
5037, 4669, 1, 4096, 0
5037, 3823, 1, 4096, 0
5037, 3431, 1, 4096, 0
5037, 2736, 1, 4096, 0
5038, 1156212, 1, 4096, 0
5038, 4157, 1, 4096, 0
5039, 608112, 1, 4096, 0
5039, 4824, 1, 4096, 0
5039, 3552, 1, 4096, 0
5039, 3793, 1, 4096, 0
5039, 4463, 1, 4096, 0
5039, 4146, 1, 4096, 0
5039, 3667, 1, 4096, 0
5039, 5534, 1, 4096, 0
5040, 1416166, 1, 4096, 0
5040, 7058, 1, 4096, 0
5040, 3253, 1, 4096, 0
5040, 3086, 1, 4096, 0
5040, 2922, 1, 4096, 0
5040, 3098, 1, 4096, 0
5040, 3344, 1, 4096, 0
5041, 3281, 1, 4096, 0
5042, 1449901, 1, 4096, 0
5042, 4799, 1, 4096, 0
5042, 4163, 1, 4096, 0
5042, 4734, 1, 4096, 0
5042, 4831, 1, 4096, 0
5042, 2872, 1, 4096, 0
5042, 3241, 1, 4096, 0
5042, 5147, 1, 4096, 0
5044, 1856898, 1, 4096, 0
5044, 7053, 1, 4096, 0
5045, 772771, 1, 4096, 0
5045, 7858, 1, 4096, 0
5045, 189429, 1, 4096, 0
5046, 719795, 1, 4096, 0
5046, 332375, 1, 4096, 0
5046, 132558, 1, 4096, 0
5047, 226377, 1, 4096, 0
5047, 913070, 1, 4096, 0
5048, 436818, 1, 4096, 0
5048, 6476, 1, 4096, 0
5048, 7046, 1, 4096, 0
5048, 3831, 1, 4096, 0
5048, 4405, 1, 4096, 0
5048, 3620, 1, 4096, 0
5048, 4276, 1, 4096, 0
5048, 2931, 1, 4096, 0
5050, 2497004, 1, 4096, 0
5050, 4787, 1, 4096, 0
5050, 3094, 1, 4096, 0
5050, 7252, 1, 4096, 0
5050, 2602, 1, 4096, 0
5050, 3225, 1, 4096, 0
5050, 2849, 1, 4096, 0
5050, 3007, 1, 4096, 0
5052, 1544757, 1, 4096, 0
5052, 7058, 1, 4096, 0
5052, 8388, 1, 4096, 0
5052, 5242, 1, 4096, 0
5052, 3674, 1, 4096, 0
5052, 3612, 1, 4096, 0
5053, 763703, 1, 4096, 0
5053, 7331, 1, 4096, 0
5053, 208646, 1, 4096, 0
5053, 8306, 1, 4096, 0
5053, 3397, 1, 4096, 0
5053, 3316, 1, 4096, 0
5053, 3244, 1, 4096, 0
5053, 3809, 1, 4096, 0
5053, 3044, 1, 4096, 0
5053, 2785, 1, 4096, 0
5054, 437066, 1, 4096, 0
5056, 2141492, 1, 4096, 0
5056, 592211, 1, 4096, 0
5057, 358102, 1, 4096, 0
5057, 7114, 1, 4096, 0
5057, 3317, 1, 4096, 0
5057, 2878, 1, 4096, 0
5057, 2719, 1, 4096, 0
5057, 2548, 1, 4096, 0
5057, 3418, 1, 4096, 0
5057, 3338, 1, 4096, 0
5058, 882431, 1, 4096, 0
5058, 5669, 1, 4096, 0
5058, 4396, 1, 4096, 0
5058, 107754, 1, 4096, 0
5058, 4502, 1, 4096, 0
5058, 3200, 1, 4096, 0
5060, 1780757, 1, 4096, 0
5060, 7560, 1, 4096, 0
5060, 89492, 1, 4096, 0
5060, 4826, 1, 4096, 0
5061, 1321409, 1, 4096, 0
5061, 5081, 1, 4096, 0
5061, 3489, 1, 4096, 0
5061, 48361, 1, 4096, 0
5062, 559062, 1, 4096, 0
5062, 7090, 1, 4096, 0
5062, 3845, 1, 4096, 0
5062, 3260, 1, 4096, 0
5062, 2926, 1, 4096, 0
5062, 2839, 1, 4096, 0
5062, 3841, 1, 4096, 0
5062, 2532, 1, 4096, 0
5063, 1290859, 1, 4096, 0
5063, 432317, 1, 4096, 0
5063, 10658, 1, 4096, 0
5064, 197866, 1, 4096, 0
5064, 269059, 1, 4096, 0
5064, 5332, 1, 4096, 0
5064, 248849, 1, 4096, 0
5064, 6302, 1, 4096, 0
5064, 3139, 1, 4096, 0
5064, 2175, 1, 4096, 0
5064, 4611, 1, 4096, 0
5064, 3772, 1, 4096, 0
5064, 2651, 1, 4096, 0
5064, 195372, 1, 4096, 0
5064, 11113, 1, 4096, 0
5066, 1543330, 1, 4096, 0
5066, 7736, 1, 4096, 0
5066, 5216, 1, 4096, 0
5066, 3126, 1, 4096, 0
5066, 5872, 1, 4096, 0
5066, 3824, 1, 4096, 0
5066, 33398, 1, 4096, 0
5066, 3279, 1, 4096, 0
5067, 1249456, 1, 4096, 0
5067, 6563, 1, 4096, 0
5067, 3238, 1, 4096, 0
5068, 404322, 1, 4096, 0
5068, 9078, 1, 4096, 0
5068, 3326, 1, 4096, 0
5068, 2822, 1, 4096, 0
5068, 288725, 1, 4096, 0
5068, 3796, 1, 4096, 0
5070, 1127362, 1, 4096, 0
5070, 843294, 1, 4096, 0
5070, 4734, 1, 4096, 0
5070, 2710, 1, 4096, 0
5070, 3409, 1, 4096, 0
5070, 3860, 1, 4096, 0
5070, 3652, 1, 4096, 0
5071, 453727, 1, 4096, 0
5074, 2752754, 1, 4096, 0
5074, 6580, 1, 4096, 0
5074, 298093, 1, 4096, 0
5074, 8567, 1, 4096, 0
5074, 3010, 1, 4096, 0
5074, 149561, 1, 4096, 0
5075, 516723, 1, 4096, 0
5076, 1504217, 1, 4096, 0
5077, 830180, 1, 4096, 0
5077, 5294, 1, 4096, 0
5077, 223352, 1, 4096, 0
5078, 449045, 1, 4096, 0
5078, 314643, 1, 4096, 0
5078, 4989, 1, 4096, 0
5078, 259701, 1, 4096, 0
5078, 18902, 1, 4096, 0
5080, 1706047, 1, 4096, 0
5081, 572560, 1, 4096, 0
5081, 858714, 1, 4096, 0
5082, 5143, 1, 4096, 0
5082, 2919, 1, 4096, 0
5082, 4562, 1, 4096, 0
5082, 327008, 1, 4096, 0
5082, 4681, 1, 4096, 0
5083, 981735, 1, 4096, 0
5083, 153754, 1, 4096, 0
5083, 225849, 1, 4096, 0
5084, 406596, 1, 4096, 0
5085, 1008821, 1, 4096, 0
5085, 5245, 1, 4096, 0
5085, 3406, 1, 4096, 0
5085, 4014, 1, 4096, 0
5085, 427886, 1, 4096, 0
5085, 9825, 1, 4096, 0
5085, 3551, 1, 4096, 0
5085, 2966, 1, 4096, 0
5085, 2931, 1, 4096, 0
5085, 3207, 1, 4096, 0
5085, 2999, 1, 4096, 0
5085, 2982, 1, 4096, 0
5086, 696194, 1, 4096, 0
5086, 7937, 1, 4096, 0
5086, 3003, 1, 4096, 0
5086, 3076, 1, 4096, 0
5086, 4001, 1, 4096, 0
5086, 3104, 1, 4096, 0
5086, 3464, 1, 4096, 0
5086, 4364, 1, 4096, 0
5086, 203584, 1, 4096, 0
5086, 7084, 1, 4096, 0
5087, 8404, 1, 4096, 0
5088, 5261, 1, 4096, 0
5088, 3718, 1, 4096, 0
5088, 4690, 1, 4096, 0
5088, 3715, 1, 4096, 0
5088, 4615, 1, 4096, 0
5089, 842060, 1, 4096, 0
5090, 696171, 1, 4096, 0
5090, 497422, 1, 4096, 0
5090, 5297, 1, 4096, 0
5090, 3485, 1, 4096, 0
5090, 2988, 1, 4096, 0
5090, 3113, 1, 4096, 0
5090, 2979, 1, 4096, 0
5090, 3059, 1, 4096, 0
5090, 3107, 1, 4096, 0
5093, 2487792, 1, 4096, 0
5093, 9422, 1, 4096, 0
5093, 506458, 1, 4096, 0
5094, 295177, 1, 4096, 0
5094, 11758, 1, 4096, 0
5094, 138452, 1, 4096, 0
5097, 3158630, 1, 4096, 0
5097, 9739, 1, 4096, 0
5097, 3675, 1, 4096, 0
5097, 2878, 1, 4096, 0
5097, 2950, 1, 4096, 0
5097, 3688, 1, 4096, 0
5098, 800434, 1, 4096, 0
5098, 336756, 1, 4096, 0
5099, 716335, 1, 4096, 0
5099, 7787, 1, 4096, 0
5099, 5051, 1, 4096, 0
5099, 4863, 1, 4096, 0
5099, 3080, 1, 4096, 0
5099, 4343, 1, 4096, 0
5099, 3404, 1, 4096, 0
5099, 4366, 1, 4096, 0
5101, 1964953, 1, 4096, 0
5101, 7131, 1, 4096, 0
5101, 3580, 1, 4096, 0
5102, 934571, 1, 4096, 0
5102, 4853, 1, 4096, 0
5102, 688725, 1, 4096, 0
5102, 5228, 1, 4096, 0
5102, 2174, 1, 4096, 0
5102, 3697, 1, 4096, 0
5102, 3389, 1, 4096, 0
5102, 45899, 1, 4096, 0
5102, 3983, 1, 4096, 0
5103, 783719, 1, 4096, 0
5103, 5907, 1, 4096, 0
5103, 3138, 1, 4096, 0
5103, 3847, 1, 4096, 0
5103, 4192, 1, 4096, 0
5103, 3557, 1, 4096, 0
5103, 2794, 1, 4096, 0
5103, 9849, 1, 4096, 0
5105, 1937222, 1, 4096, 0
5105, 7242, 1, 4096, 0
5105, 3339, 1, 4096, 0
5105, 3378, 1, 4096, 0
5105, 2932, 1, 4096, 0
5105, 3169, 1, 4096, 0
5106, 396469, 1, 4096, 0
5106, 388959, 1, 4096, 0
5106, 7768, 1, 4096, 0
5107, 1025760, 1, 4096, 0
5107, 5156, 1, 4096, 0
5107, 182816, 1, 4096, 0
5108, 81715, 1, 4096, 0
5109, 1740932, 1, 4096, 0
5110, 368984, 1, 4096, 0
5110, 5066, 1, 4096, 0
5110, 3743, 1, 4096, 0
5110, 176085, 1, 4096, 0
5110, 101810, 1, 4096, 0
5110, 7305, 1, 4096, 0
5110, 3307, 1, 4096, 0
5111, 502799, 1, 4096, 0
5111, 742388, 1, 4096, 0
5111, 5747, 1, 4096, 0
5111, 3997, 1, 4096, 0
5111, 2718, 1, 4096, 0
5111, 3575, 1, 4096, 0
5111, 3717, 1, 4096, 0
5111, 3167, 1, 4096, 0
5111, 5369, 1, 4096, 0
5113, 2095433, 1, 4096, 0
5113, 5762, 1, 4096, 0
5113, 5178, 1, 4096, 0
5113, 5753, 1, 4096, 0
5113, 2665, 1, 4096, 0
5113, 4096, 1, 4096, 0
5113, 3307, 1, 4096, 0
5114, 342233, 1, 4096, 0
5114, 7945, 1, 4096, 0
5114, 4667, 1, 4096, 0
5114, 4009, 1, 4096, 0
5114, 2326, 1, 4096, 0
5114, 2900, 1, 4096, 0
5114, 2890, 1, 4096, 0
5114, 2809, 1, 4096, 0
5117, 2696540, 1, 4096, 0
5117, 429509, 1, 4096, 0
5117, 7601, 1, 4096, 0
5117, 3177, 1, 4096, 0
5117, 3505, 1, 4096, 0
5117, 3648, 1, 4096, 0
5117, 3221, 1, 4096, 0
5117, 2826, 1, 4096, 0
5118, 1210106, 1, 4096, 0
5118, 5608, 1, 4096, 0
5118, 3452, 1, 4096, 0
5118, 3061, 1, 4096, 0
5118, 3371, 1, 4096, 0
5119, 647026, 1, 4096, 0
5119, 163948, 1, 4096, 0
5119, 4049, 1, 4096, 0
5121, 1660712, 1, 4096, 0
5121, 10104, 1, 4096, 0
5121, 371212, 1, 4096, 0
5121, 6927, 1, 4096, 0
5121, 4929, 1, 4096, 0
5121, 3243, 1, 4096, 0
5121, 3726, 1, 4096, 0
5121, 3077, 1, 4096, 0
5121, 3151, 1, 4096, 0
5121, 4167, 1, 4096, 0
5123, 1921644, 1, 4096, 0
5123, 7413, 1, 4096, 0
5123, 4864, 1, 4096, 0
5123, 3632, 1, 4096, 0
5123, 3961, 1, 4096, 0
5123, 2753, 1, 4096, 0
5123, 3245, 1, 4096, 0
5123, 2868, 1, 4096, 0
5127, 3801209, 1, 4096, 0
5127, 9689, 1, 4096, 0
5127, 114868, 1, 4096, 0
5127, 7827, 1, 4096, 0
5127, 100786, 1, 4096, 0
5127, 224450, 1, 4096, 0
5127, 8134, 1, 4096, 0
5128, 325197, 1, 4096, 0
5128, 5370, 1, 4096, 0
5128, 3453, 1, 4096, 0
5128, 3361, 1, 4096, 0
5128, 3368, 1, 4096, 0
5128, 2735, 1, 4096, 0
5128, 6049, 1, 4096, 0
5128, 3001, 1, 4096, 0
5129, 694665, 1, 4096, 0
5129, 5579, 1, 4096, 0
5129, 3868, 1, 4096, 0
5129, 3197, 1, 4096, 0
5129, 3388, 1, 4096, 0
5129, 2934, 1, 4096, 0
5129, 3195, 1, 4096, 0
5129, 3963, 1, 4096, 0
5132, 3646535, 1, 4096, 0
5132, 6142, 1, 4096, 0
5132, 3130, 1, 4096, 0
5132, 2595, 1, 4096, 0
5133, 1242280, 1, 4096, 0
5134, 459680, 1, 4096, 0
5134, 290211, 1, 4096, 0
5134, 3784, 1, 4096, 0
5135, 365149, 1, 4096, 0
5135, 378750, 1, 4096, 0
5135, 5471, 1, 4096, 0
5136, 519040, 1, 4096, 0
5137, 1721021, 1, 4096, 0
5137, 6526, 1, 4096, 0
5137, 3821, 1, 4096, 0
5137, 3891, 1, 4096, 0
5137, 3793, 1, 4096, 0
5138, 611295, 1, 4096, 0
5138, 354065, 1, 4096, 0
5140, 1268135, 1, 4096, 0
5140, 356397, 1, 4096, 0
5140, 3544, 1, 4096, 0
5140, 2472, 1, 4096, 0
5140, 2683, 1, 4096, 0
5140, 62610, 1, 4096, 0
5141, 783175, 1, 4096, 0
5141, 4986, 1, 4096, 0
5142, 1671296, 1, 4096, 0
5143, 758526, 1, 4096, 0
5143, 3725, 1, 4096, 0
5144, 487535, 1, 4096, 0
5144, 4330, 1, 4096, 0
5144, 721426, 1, 4096, 0
5144, 24841, 1, 4096, 0
5145, 570136, 1, 4096, 0
5145, 6358, 1, 4096, 0
5145, 412806, 1, 4096, 0
5146, 569662, 1, 4096, 0
5146, 7443, 1, 4096, 0
5146, 4793, 1, 4096, 0
5146, 4266, 1, 4096, 0
5146, 4515, 1, 4096, 0
5146, 4214, 1, 4096, 0
5146, 4325, 1, 4096, 0
5146, 4363, 1, 4096, 0
5149, 2808164, 1, 4096, 0
5149, 4619, 1, 4096, 0
5149, 2924, 1, 4096, 0
5149, 2728, 1, 4096, 0
5149, 2918, 1, 4096, 0
5149, 2736, 1, 4096, 0
5149, 3118, 1, 4096, 0
5149, 2547, 1, 4096, 0
5152, 3140458, 1, 4096, 0
5152, 4485, 1, 4096, 0
5152, 2424, 1, 4096, 0
5152, 3871, 1, 4096, 0
5152, 3135, 1, 4096, 0
5152, 4020, 1, 4096, 0
5152, 3564, 1, 4096, 0
5152, 2861, 1, 4096, 0
5154, 2148586, 1, 4096, 0
5154, 7803, 1, 4096, 0
5154, 3449, 1, 4096, 0
5154, 3985, 1, 4096, 0
5154, 4037, 1, 4096, 0
5154, 2403, 1, 4096, 0
5155, 411966, 1, 4096, 0
5155, 5172, 1, 4096, 0
5156, 973536, 1, 4096, 0
5156, 6576, 1, 4096, 0
5156, 3993, 1, 4096, 0
5156, 2960, 1, 4096, 0
5156, 3508, 1, 4096, 0
5156, 3192, 1, 4096, 0
5156, 3266, 1, 4096, 0
5156, 2863, 1, 4096, 0
5158, 2105936, 1, 4096, 0
5158, 5875, 1, 4096, 0
5158, 4782, 1, 4096, 0
5158, 4559, 1, 4096, 0
5158, 2871, 1, 4096, 0
5158, 3556, 1, 4096, 0
5158, 4560, 1, 4096, 0
5158, 4475, 1, 4096, 0
5159, 806711, 1, 4096, 0
5159, 6703, 1, 4096, 0
5159, 3046, 1, 4096, 0
5159, 141707, 1, 4096, 0
5159, 3373, 1, 4096, 0
5161, 2155786, 1, 4096, 0
5161, 6943, 1, 4096, 0
5161, 3717, 1, 4096, 0
5161, 3169, 1, 4096, 0
5161, 3912, 1, 4096, 0
5161, 2409, 1, 4096, 0
5161, 2324, 1, 4096, 0
5161, 2069, 1, 4096, 0
5162, 976704, 1, 4096, 0
5162, 6228, 1, 4096, 0
5162, 3518, 1, 4096, 0
5162, 3870, 1, 4096, 0
5162, 3772, 1, 4096, 0
5162, 377573, 1, 4096, 0
5162, 10814, 1, 4096, 0
5162, 3946, 1, 4096, 0
5162, 3262, 1, 4096, 0
5163, 9163, 1, 4096, 0
5163, 4445, 1, 4096, 0
5164, 1357868, 1, 4096, 0
5164, 104489, 1, 4096, 0
5165, 494232, 1, 4096, 0
5165, 4513, 1, 4096, 0
5165, 145390, 1, 4096, 0
5165, 6465, 1, 4096, 0
5165, 3639, 1, 4096, 0
5165, 136044, 1, 4096, 0
5166, 1222763, 1, 4096, 0
5166, 6723, 1, 4096, 0
5166, 3916, 1, 4096, 0
5166, 3299, 1, 4096, 0
5166, 3298, 1, 4096, 0
5166, 3419, 1, 4096, 0
5166, 2977, 1, 4096, 0
5166, 3047, 1, 4096, 0
5167, 497844, 1, 4096, 0
5168, 1008597, 1, 4096, 0
5168, 7944, 1, 4096, 0
5168, 2157, 1, 4096, 0
5168, 2308, 1, 4096, 0
5168, 1971, 1, 4096, 0
5168, 2000, 1, 4096, 0
5169, 596373, 1, 4096, 0
5169, 7678, 1, 4096, 0
5169, 3107, 1, 4096, 0
5169, 2627, 1, 4096, 0
5169, 3145, 1, 4096, 0
5169, 298896, 1, 4096, 0
5169, 4247, 1, 4096, 0
5170, 692352, 1, 4096, 0
5170, 6798, 1, 4096, 0
5170, 6646, 1, 4096, 0
5170, 3144, 1, 4096, 0
5170, 2511, 1, 4096, 0
5170, 3371, 1, 4096, 0
5170, 203081, 1, 4096, 0
5170, 203448, 1, 4096, 0
5170, 5949, 1, 4096, 0
5170, 2771, 1, 4096, 0
5171, 595771, 1, 4096, 0
5171, 4897, 1, 4096, 0
5172, 1264436, 1, 4096, 0
5172, 6588, 1, 4096, 0
5172, 3607, 1, 4096, 0
5174, 2039863, 1, 4096, 0
5174, 6655, 1, 4096, 0
5174, 3338, 1, 4096, 0
5176, 1437397, 1, 4096, 0
5176, 5584, 1, 4096, 0
5176, 353291, 1, 4096, 0
5176, 4226, 1, 4096, 0
5176, 3040, 1, 4096, 0
5177, 723285, 1, 4096, 0
5178, 1513171, 1, 4096, 0
5178, 7989, 1, 4096, 0
5178, 4776, 1, 4096, 0
5179, 639484, 1, 4096, 0
5180, 980506, 1, 4096, 0
5181, 925666, 1, 4096, 0
5181, 6947, 1, 4096, 0
5181, 3200, 1, 4096, 0
5182, 727792, 1, 4096, 0
5182, 4585, 1, 4096, 0
5182, 30091, 1, 4096, 0
5183, 1594199, 1, 4096, 0
5183, 8233, 1, 4096, 0
5183, 2961, 1, 4096, 0
5184, 337939, 1, 4096, 0
5184, 204295, 1, 4096, 0
5184, 157751, 1, 4096, 0
5184, 504409, 1, 4096, 0
5185, 7174, 1, 4096, 0
5186, 1327285, 1, 4096, 0
5186, 8191, 1, 4096, 0
5186, 4755, 1, 4096, 0
5186, 4996, 1, 4096, 0
5186, 3930, 1, 4096, 0
5186, 4127, 1, 4096, 0
5186, 3403, 1, 4096, 0
5186, 3907, 1, 4096, 0
5188, 1694573, 1, 4096, 0
5188, 5398, 1, 4096, 0
5188, 2189, 1, 4096, 0
5188, 2361, 1, 4096, 0
5188, 2171, 1, 4096, 0
5188, 2281, 1, 4096, 0
5188, 1729, 1, 4096, 0
5188, 1970, 1, 4096, 0
5188, 81856, 1, 4096, 0
5188, 6589, 1, 4096, 0
5188, 3748, 1, 4096, 0
5188, 2756, 1, 4096, 0
5188, 3222, 1, 4096, 0
5188, 4357, 1, 4096, 0
5189, 786364, 1, 4096, 0
5190, 1731195, 1, 4096, 0
5190, 14269, 1, 4096, 0
5190, 3404, 1, 4096, 0
5190, 3493, 1, 4096, 0
5190, 3662, 1, 4096, 0
5191, 256570, 1, 4096, 0
5191, 6967, 1, 4096, 0
5191, 367662, 1, 4096, 0
5191, 7725, 1, 4096, 0
5191, 4138, 1, 4096, 0
5191, 2946, 1, 4096, 0
5191, 4946, 1, 4096, 0
5191, 3561, 1, 4096, 0
5191, 3234, 1, 4096, 0
5191, 4899, 1, 4096, 0
5192, 521084, 1, 4096, 0
5194, 2466194, 1, 4096, 0
5194, 6430, 1, 4096, 0
5195, 415039, 1, 4096, 0
5195, 7769, 1, 4096, 0
5195, 58367, 1, 4096, 0
5195, 4196, 1, 4096, 0
5196, 1381578, 1, 4096, 0
5197, 671701, 1, 4096, 0
5197, 233100, 1, 4096, 0
5197, 19957, 1, 4096, 0
5197, 5732, 1, 4096, 0
5197, 274581, 1, 4096, 0
5198, 399671, 1, 4096, 0
5199, 1135102, 1, 4096, 0
5199, 153846, 1, 4096, 0
5200, 781892, 1, 4096, 0
5200, 9320, 1, 4096, 0
5200, 3872, 1, 4096, 0
5200, 3074, 1, 4096, 0
5200, 3568, 1, 4096, 0
5200, 3731, 1, 4096, 0
5200, 3211, 1, 4096, 0
5200, 4285, 1, 4096, 0
5203, 2985493, 1, 4096, 0
5203, 179517, 1, 4096, 0
5203, 443213, 1, 4096, 0
5204, 246134, 1, 4096, 0
5204, 609348, 1, 4096, 0
5204, 6038, 1, 4096, 0
5205, 620849, 1, 4096, 0
5205, 170738, 1, 4096, 0
5205, 7998, 1, 4096, 0
5205, 2490, 1, 4096, 0
5205, 2555, 1, 4096, 0
5205, 3292, 1, 4096, 0
5205, 3432, 1, 4096, 0
5205, 3018, 1, 4096, 0
5205, 2483, 1, 4096, 0
5207, 1564748, 1, 4096, 0
5207, 6523, 1, 4096, 0
5207, 3540, 1, 4096, 0
5207, 2227, 1, 4096, 0
5207, 3098, 1, 4096, 0
5207, 393384, 1, 4096, 0
5207, 5095, 1, 4096, 0
5207, 81943, 1, 4096, 0
5209, 1562980, 1, 4096, 0
5209, 356116, 1, 4096, 0
5209, 367274, 1, 4096, 0
5210, 106877, 1, 4096, 0
5210, 7039, 1, 4096, 0
5210, 3986, 1, 4096, 0
5210, 2707, 1, 4096, 0
5210, 3469, 1, 4096, 0
5210, 4647, 1, 4096, 0
5210, 2551, 1, 4096, 0
5210, 4937, 1, 4096, 0
5212, 2111755, 1, 4096, 0
5212, 7773, 1, 4096, 0
5212, 3621, 1, 4096, 0
5212, 2653, 1, 4096, 0
5212, 3279, 1, 4096, 0
5212, 3271, 1, 4096, 0
5212, 3149, 1, 4096, 0
5212, 2938, 1, 4096, 0
5213, 1027302, 1, 4096, 0
5213, 4706, 1, 4096, 0
5213, 3485, 1, 4096, 0
5213, 3403, 1, 4096, 0
5213, 3660, 1, 4096, 0
5213, 3574, 1, 4096, 0
5213, 4164, 1, 4096, 0
5213, 4269, 1, 4096, 0
5214, 840502, 1, 4096, 0
5214, 9078, 1, 4096, 0
5214, 5482, 1, 4096, 0
5214, 4859, 1, 4096, 0
5214, 7991, 1, 4096, 0
5215, 9896, 1, 4096, 0
5215, 4527, 1, 4096, 0
5216, 8260, 1, 4096, 0
5217, 875197, 1, 4096, 0
5217, 443764, 1, 4096, 0
5217, 128473, 1, 4096, 0
5217, 275582, 1, 4096, 0
5217, 6334, 1, 4096, 0
5219, 1320311, 1, 4096, 0
5219, 5264, 1, 4096, 0
5219, 3604, 1, 4096, 0
5219, 2665, 1, 4096, 0
5219, 3057, 1, 4096, 0
5219, 3636, 1, 4096, 0
5219, 2817, 1, 4096, 0
5219, 3429, 1, 4096, 0
5220, 1390988, 1, 4096, 0
5220, 6988, 1, 4096, 0
5220, 2480, 1, 4096, 0
5220, 1695, 1, 4096, 0
5220, 2160, 1, 4096, 0
5220, 2919, 1, 4096, 0
5220, 2764, 1, 4096, 0
5220, 2011, 1, 4096, 0
5223, 3094575, 1, 4096, 0
5223, 7090, 1, 4096, 0
5223, 158247, 1, 4096, 0
5223, 6945, 1, 4096, 0
5223, 3231, 1, 4096, 0
5223, 3951, 1, 4096, 0
5223, 3229, 1, 4096, 0
5224, 4723, 1, 4096, 0
5224, 4212, 1, 4096, 0
5224, 3320, 1, 4096, 0
5224, 376028, 1, 4096, 0
5224, 7492, 1, 4096, 0
5224, 2884, 1, 4096, 0
5224, 3145, 1, 4096, 0
5224, 399792, 1, 4096, 0
5224, 19861, 1, 4096, 0
5224, 7450, 1, 4096, 0
5224, 3850, 1, 4096, 0
5224, 3483, 1, 4096, 0
5224, 3155, 1, 4096, 0
5224, 3121, 1, 4096, 0
5224, 3117, 1, 4096, 0
5226, 1911403, 1, 4096, 0
5227, 444934, 1, 4096, 0
5227, 203340, 1, 4096, 0
5227, 3870, 1, 4096, 0
5228, 576090, 1, 4096, 0
5228, 13236, 1, 4096, 0
5229, 1062510, 1, 4096, 0
5229, 8483, 1, 4096, 0
5229, 747099, 1, 4096, 0
5230, 93264, 1, 4096, 0
5230, 5286, 1, 4096, 0
5230, 3311, 1, 4096, 0
5230, 2759, 1, 4096, 0
5230, 2461, 1, 4096, 0
5230, 2794, 1, 4096, 0
5230, 3475, 1, 4096, 0
5230, 83357, 1, 4096, 0
5230, 8634, 1, 4096, 0
5230, 3929, 1, 4096, 0
5230, 4550, 1, 4096, 0
5230, 2920, 1, 4096, 0
5230, 3103, 1, 4096, 0
5230, 3294, 1, 4096, 0
5230, 3771, 1, 4096, 0
5230, 236241, 1, 4096, 0
5230, 3441, 1, 4096, 0
5230, 2942, 1, 4096, 0
5230, 2421, 1, 4096, 0
5230, 160484, 1, 4096, 0
5231, 669367, 1, 4096, 0
5233, 1596448, 1, 4096, 0
5233, 6986, 1, 4096, 0
5233, 258207, 1, 4096, 0
5233, 665028, 1, 4096, 0
5234, 309944, 1, 4096, 0
5234, 223510, 1, 4096, 0
5234, 5337, 1, 4096, 0
5234, 3825, 1, 4096, 0
5234, 3289, 1, 4096, 0
5234, 347503, 1, 4096, 0
5234, 7197, 1, 4096, 0
5234, 3263, 1, 4096, 0
5234, 3762, 1, 4096, 0
5234, 3759, 1, 4096, 0
5234, 2815, 1, 4096, 0
5234, 3786, 1, 4096, 0
5234, 3452, 1, 4096, 0
5235, 482919, 1, 4096, 0
5235, 7219, 1, 4096, 0
5235, 285404, 1, 4096, 0
5235, 7723, 1, 4096, 0
5238, 2454345, 1, 4096, 0
5238, 543099, 1, 4096, 0
5239, 257488, 1, 4096, 0
5239, 6697, 1, 4096, 0
5239, 2782, 1, 4096, 0
5239, 4210, 1, 4096, 0
5239, 3693, 1, 4096, 0
5239, 3856, 1, 4096, 0
5239, 4028, 1, 4096, 0
5239, 398982, 1, 4096, 0
5241, 1949749, 1, 4096, 0
5241, 335279, 1, 4096, 0
5241, 7196, 1, 4096, 0
5241, 98383, 1, 4096, 0
5242, 1124860, 1, 4096, 0
5243, 6623, 1, 4096, 0
5243, 3736, 1, 4096, 0
5243, 3421, 1, 4096, 0
5244, 1317653, 1, 4096, 0
5244, 7574, 1, 4096, 0
5244, 371981, 1, 4096, 0
5244, 4158, 1, 4096, 0
5245, 627487, 1, 4096, 0
5245, 7734, 1, 4096, 0
5245, 117181, 1, 4096, 0
5246, 958262, 1, 4096, 0
5246, 519781, 1, 4096, 0
5246, 5438, 1, 4096, 0
5247, 3091, 1, 4096, 0
5247, 3185, 1, 4096, 0
5247, 3032, 1, 4096, 0
5247, 2253, 1, 4096, 0
5247, 2336, 1, 4096, 0
5247, 2513, 1, 4096, 0
5247, 763703, 1, 4096, 0
5247, 5112, 1, 4096, 0
5247, 4102, 1, 4096, 0
5247, 3846, 1, 4096, 0
5247, 4250, 1, 4096, 0
5247, 3085, 1, 4096, 0
5247, 3421, 1, 4096, 0
5247, 8825, 1, 4096, 0
5249, 1602235, 1, 4096, 0
5249, 464127, 1, 4096, 0
5250, 632868, 1, 4096, 0
5250, 5222, 1, 4096, 0
5250, 3372, 1, 4096, 0
5250, 2803, 1, 4096, 0
5250, 3223, 1, 4096, 0
5250, 298486, 1, 4096, 0
5250, 6237, 1, 4096, 0
5250, 3525, 1, 4096, 0
5250, 3302, 1, 4096, 0
5250, 3133, 1, 4096, 0
5250, 3817, 1, 4096, 0
5250, 3349, 1, 4096, 0
5250, 3265, 1, 4096, 0
5251, 866120, 1, 4096, 0
5251, 7212, 1, 4096, 0
5251, 12477, 1, 4096, 0
5251, 7740, 1, 4096, 0
5252, 252668, 1, 4096, 0
5252, 4763, 1, 4096, 0
5252, 422970, 1, 4096, 0
5252, 6082, 1, 4096, 0
5255, 2643965, 1, 4096, 0
5255, 6936, 1, 4096, 0
5255, 142826, 1, 4096, 0
5255, 6206, 1, 4096, 0
5255, 476637, 1, 4096, 0
5256, 154093, 1, 4096, 0
5256, 3648, 1, 4096, 0
5256, 859084, 1, 4096, 0
5257, 458595, 1, 4096, 0
5257, 6659, 1, 4096, 0
5257, 3150, 1, 4096, 0
5258, 836984, 1, 4096, 0
5258, 449021, 1, 4096, 0
5258, 226635, 1, 4096, 0
5259, 1014239, 1, 4096, 0
5259, 5189, 1, 4096, 0
5260, 294465, 1, 4096, 0
5261, 1128577, 1, 4096, 0
5261, 5888, 1, 4096, 0
5261, 258058, 1, 4096, 0
5261, 6215, 1, 4096, 0
5261, 3047, 1, 4096, 0
5261, 8767, 1, 4096, 0
5261, 2876, 1, 4096, 0
5261, 2948, 1, 4096, 0
5261, 4303, 1, 4096, 0
5261, 2800, 1, 4096, 0
5262, 1297464, 1, 4096, 0
5262, 7410, 1, 4096, 0
5262, 4332, 1, 4096, 0
5262, 3810, 1, 4096, 0
5262, 3593, 1, 4096, 0
5262, 3019, 1, 4096, 0
5262, 3889, 1, 4096, 0
5263, 4169, 1, 4096, 0
5265, 2019624, 1, 4096, 0
5265, 6934, 1, 4096, 0
5265, 849647, 1, 4096, 0
5265, 53762, 1, 4096, 0
5265, 7213, 1, 4096, 0
5265, 4082, 1, 4096, 0
5265, 5553, 1, 4096, 0
5265, 2870, 1, 4096, 0
5265, 3208, 1, 4096, 0
5265, 3276, 1, 4096, 0
5266, 4157, 1, 4096, 0
5266, 317065, 1, 4096, 0
5266, 6983, 1, 4096, 0
5267, 912563, 1, 4096, 0
5267, 6566, 1, 4096, 0
5267, 3620, 1, 4096, 0
5267, 408521, 1, 4096, 0
5267, 8230, 1, 4096, 0
5267, 4288, 1, 4096, 0
5267, 3612, 1, 4096, 0
5267, 3089, 1, 4096, 0
5267, 2778, 1, 4096, 0
5267, 2536, 1, 4096, 0
5267, 3221, 1, 4096, 0
5268, 5911, 1, 4096, 0
5271, 1464868, 1, 4096, 0
5271, 308172, 1, 4096, 0
5271, 5808, 1, 4096, 0
5271, 3578, 1, 4096, 0
5271, 2807, 1, 4096, 0
5271, 134174, 1, 4096, 0
5271, 8723, 1, 4096, 0
5271, 4224, 1, 4096, 0
5271, 4227, 1, 4096, 0
5271, 3925, 1, 4096, 0
5271, 3518, 1, 4096, 0
5271, 4162, 1, 4096, 0
5271, 4330, 1, 4096, 0
5272, 1052634, 1, 4096, 0
5272, 3735, 1, 4096, 0
5272, 2584, 1, 4096, 0
5272, 1742, 1, 4096, 0
5272, 2935, 1, 4096, 0
5272, 3160, 1, 4096, 0
5272, 10686, 1, 4096, 0
5273, 232880, 1, 4096, 0
5273, 6504, 1, 4096, 0
5273, 3964, 1, 4096, 0
5273, 151251, 1, 4096, 0
5273, 287028, 1, 4096, 0
5274, 167785, 1, 4096, 0
5274, 382420, 1, 4096, 0
5274, 7164, 1, 4096, 0
5275, 874277, 1, 4096, 0
5275, 5974, 1, 4096, 0
5275, 2692, 1, 4096, 0
5275, 5604, 1, 4096, 0
5276, 432551, 1, 4096, 0
5276, 6937, 1, 4096, 0
5276, 6946, 1, 4096, 0
5276, 5748, 1, 4096, 0
5276, 277072, 1, 4096, 0
5278, 1484933, 1, 4096, 0
5278, 6692, 1, 4096, 0
5278, 210863, 1, 4096, 0
5278, 10220, 1, 4096, 0
5278, 3960, 1, 4096, 0
5278, 3910, 1, 4096, 0
5278, 247849, 1, 4096, 0
5278, 23340, 1, 4096, 0
5279, 161379, 1, 4096, 0
5279, 7888, 1, 4096, 0
5279, 3472, 1, 4096, 0
5279, 3296, 1, 4096, 0
5279, 3460, 1, 4096, 0
5279, 3031, 1, 4096, 0
5279, 3896, 1, 4096, 0
5279, 3601, 1, 4096, 0
5279, 764597, 1, 4096, 0
5279, 9319, 1, 4096, 0
5279, 79355, 1, 4096, 0
5280, 141958, 1, 4096, 0
5280, 769466, 1, 4096, 0
5280, 6295, 1, 4096, 0
5281, 11309, 1, 4096, 0
5281, 468983, 1, 4096, 0
5282, 6780, 1, 4096, 0
5283, 500976, 1, 4096, 0
5283, 5222, 1, 4096, 0
5283, 198963, 1, 4096, 0
5284, 760131, 1, 4096, 0
5284, 190648, 1, 4096, 0
5284, 3980, 1, 4096, 0
5285, 896939, 1, 4096, 0
5285, 6347, 1, 4096, 0
5285, 6774, 1, 4096, 0
5285, 227883, 1, 4096, 0
5285, 32146, 1, 4096, 0
5286, 671134, 1, 4096, 0
5286, 266348, 1, 4096, 0
5287, 1132808, 1, 4096, 0
5287, 6983, 1, 4096, 0
5288, 490825, 1, 4096, 0
5288, 6446, 1, 4096, 0
5288, 3696, 1, 4096, 0
5288, 3423, 1, 4096, 0
5288, 4081, 1, 4096, 0
5288, 3922, 1, 4096, 0
5288, 3676, 1, 4096, 0
5288, 4167, 1, 4096, 0
5291, 3232675, 1, 4096, 0
5291, 9658, 1, 4096, 0
5291, 381479, 1, 4096, 0
5291, 12365, 1, 4096, 0
5291, 2667, 1, 4096, 0
5291, 3502, 1, 4096, 0
5291, 3747, 1, 4096, 0
5291, 2169, 1, 4096, 0
5291, 2661, 1, 4096, 0
5291, 2679, 1, 4096, 0
5292, 1001039, 1, 4096, 0
5292, 6585, 1, 4096, 0
5293, 1012045, 1, 4096, 0
5293, 7931, 1, 4096, 0
5293, 3399, 1, 4096, 0
5294, 141847, 1, 4096, 0
5294, 265149, 1, 4096, 0
5294, 29998, 1, 4096, 0
5294, 518763, 1, 4096, 0
5295, 246770, 1, 4096, 0
5295, 222679, 1, 4096, 0
5295, 113783, 1, 4096, 0
5295, 420203, 1, 4096, 0
5295, 4778, 1, 4096, 0
5296, 374015, 1, 4096, 0
5296, 6396, 1, 4096, 0
5296, 5067, 1, 4096, 0
5296, 3376, 1, 4096, 0
5296, 522681, 1, 4096, 0
5296, 5452, 1, 4096, 0
5297, 599954, 1, 4096, 0
5298, 1096548, 1, 4096, 0
5298, 51289, 1, 4096, 0
5298, 271784, 1, 4096, 0
5299, 464423, 1, 4096, 0
5299, 248803, 1, 4096, 0
5299, 271538, 1, 4096, 0
5299, 5249, 1, 4096, 0
5300, 540532, 1, 4096, 0
5301, 849351, 1, 4096, 0
5301, 4396, 1, 4096, 0
5301, 171119, 1, 4096, 0
5301, 6983, 1, 4096, 0
5301, 3414, 1, 4096, 0
5301, 1929, 1, 4096, 0
5301, 2206, 1, 4096, 0
5301, 2305, 1, 4096, 0
5301, 2724, 1, 4096, 0
5301, 3113, 1, 4096, 0
5301, 373727, 1, 4096, 0
5301, 4040, 1, 4096, 0
5301, 4243, 1, 4096, 0
5301, 3018, 1, 4096, 0
5302, 856761, 1, 4096, 0
5304, 1250995, 1, 4096, 0
5304, 623859, 1, 4096, 0
5304, 6154, 1, 4096, 0
5304, 3269, 1, 4096, 0
5305, 1236233, 1, 4096, 0
5306, 497122, 1, 4096, 0
5307, 578857, 1, 4096, 0
5307, 4881, 1, 4096, 0
5307, 249204, 1, 4096, 0
5307, 6167, 1, 4096, 0
5307, 2812, 1, 4096, 0
5308, 906877, 1, 4096, 0
5309, 1403184, 1, 4096, 0
5309, 8536, 1, 4096, 0
5309, 205100, 1, 4096, 0
5311, 1521633, 1, 4096, 0
5311, 9258, 1, 4096, 0
5311, 580295, 1, 4096, 0
5311, 7656, 1, 4096, 0
5312, 136208, 1, 4096, 0
5312, 5486, 1, 4096, 0
5312, 702686, 1, 4096, 0
5312, 5528, 1, 4096, 0
5313, 415453, 1, 4096, 0
5313, 8624, 1, 4096, 0
5313, 3790, 1, 4096, 0
5313, 2968, 1, 4096, 0
5313, 3246, 1, 4096, 0
5313, 2978, 1, 4096, 0
5313, 2999, 1, 4096, 0
5313, 3212, 1, 4096, 0
5314, 1348271, 1, 4096, 0
5315, 382406, 1, 4096, 0
5315, 4487, 1, 4096, 0
5315, 4165, 1, 4096, 0
5315, 207593, 1, 4096, 0
5315, 156297, 1, 4096, 0
5316, 1434090, 1, 4096, 0
5316, 6744, 1, 4096, 0
5317, 226480, 1, 4096, 0
5317, 144848, 1, 4096, 0
5317, 27897, 1, 4096, 0
5317, 41070, 1, 4096, 0
5317, 7601, 1, 4096, 0
5317, 4479, 1, 4096, 0
5317, 6155, 1, 4096, 0
5317, 3478, 1, 4096, 0
5317, 2015, 1, 4096, 0
5317, 3418, 1, 4096, 0
5317, 2746, 1, 4096, 0
5318, 955140, 1, 4096, 0
5318, 6811, 1, 4096, 0
5318, 3088, 1, 4096, 0
5318, 2871, 1, 4096, 0
5318, 2746, 1, 4096, 0
5318, 2651, 1, 4096, 0
5318, 2752, 1, 4096, 0
5318, 3123, 1, 4096, 0
5320, 1886862, 1, 4096, 0
5320, 264676, 1, 4096, 0
5320, 6778, 1, 4096, 0
5320, 3471, 1, 4096, 0
5320, 3031, 1, 4096, 0
5320, 4182, 1, 4096, 0
5320, 3692, 1, 4096, 0
5320, 3908, 1, 4096, 0
5320, 4942, 1, 4096, 0
5322, 1541521, 1, 4096, 0
5322, 8769, 1, 4096, 0
5322, 3602, 1, 4096, 0
5322, 3230, 1, 4096, 0
5322, 2933, 1, 4096, 0
5322, 2985, 1, 4096, 0
5322, 3622, 1, 4096, 0
5322, 2749, 1, 4096, 0
5323, 1186174, 1, 4096, 0
5323, 7807, 1, 4096, 0
5323, 4334, 1, 4096, 0
5323, 3654, 1, 4096, 0
5323, 5202, 1, 4096, 0
5323, 4205, 1, 4096, 0
5323, 3117, 1, 4096, 0
5323, 3318, 1, 4096, 0
5323, 267652, 1, 4096, 0
5323, 5883, 1, 4096, 0
5323, 3953, 1, 4096, 0
5323, 2103, 1, 4096, 0
5323, 2376, 1, 4096, 0
5323, 2169, 1, 4096, 0
5323, 8410, 1, 4096, 0
5324, 6709, 1, 4096, 0
5325, 1367883, 1, 4096, 0
5325, 4995, 1, 4096, 0
5325, 2560, 1, 4096, 0
5325, 2816, 1, 4096, 0
5325, 2095, 1, 4096, 0
5325, 2954, 1, 4096, 0
5325, 2674, 1, 4096, 0
5325, 190215, 1, 4096, 0
5326, 824330, 1, 4096, 0
5326, 5286, 1, 4096, 0
5326, 4999, 1, 4096, 0
5326, 3485, 1, 4096, 0
5326, 3262, 1, 4096, 0
5326, 3621, 1, 4096, 0
5330, 3267969, 1, 4096, 0
5330, 6697, 1, 4096, 0
5330, 545830, 1, 4096, 0
5330, 4814, 1, 4096, 0
5330, 2522, 1, 4096, 0
5330, 2634, 1, 4096, 0
5330, 55723, 1, 4096, 0
5330, 4936, 1, 4096, 0
5332, 1571977, 1, 4096, 0
5332, 4638, 1, 4096, 0
5332, 3548, 1, 4096, 0
5332, 3013, 1, 4096, 0
5332, 2932, 1, 4096, 0
5332, 3140, 1, 4096, 0
5332, 3423, 1, 4096, 0
5332, 2370, 1, 4096, 0
5335, 3011923, 1, 4096, 0
5335, 8481, 1, 4096, 0
5335, 161880, 1, 4096, 0
5335, 6752, 1, 4096, 0
5335, 138276, 1, 4096, 0
5336, 388365, 1, 4096, 0
5336, 222876, 1, 4096, 0
5336, 237626, 1, 4096, 0
5336, 6944, 1, 4096, 0
5336, 3377, 1, 4096, 0
5336, 3678, 1, 4096, 0
5336, 2784, 1, 4096, 0
5336, 3571, 1, 4096, 0
5336, 4400, 1, 4096, 0
5336, 3971, 1, 4096, 0
5337, 1169617, 1, 4096, 0
5338, 400396, 1, 4096, 0
5338, 294450, 1, 4096, 0
5338, 279681, 1, 4096, 0
5338, 156183, 1, 4096, 0
5339, 192392, 1, 4096, 0
5339, 175157, 1, 4096, 0
5340, 880478, 1, 4096, 0
5340, 592009, 1, 4096, 0
5341, 620850, 1, 4096, 0
5341, 7961, 1, 4096, 0
5341, 3278, 1, 4096, 0
5341, 2936, 1, 4096, 0
5341, 4067, 1, 4096, 0
5341, 2707, 1, 4096, 0
5341, 3463, 1, 4096, 0
5341, 2625, 1, 4096, 0
5341, 220587, 1, 4096, 0
5341, 5635, 1, 4096, 0
5341, 324057, 1, 4096, 0
5341, 6256, 1, 4096, 0
5344, 2149663, 1, 4096, 0
5344, 5246, 1, 4096, 0
5344, 2797, 1, 4096, 0
5344, 2180, 1, 4096, 0
5345, 1443257, 1, 4096, 0
5345, 52973, 1, 4096, 0
5345, 151828, 1, 4096, 0
5346, 490261, 1, 4096, 0
5346, 5704, 1, 4096, 0
5346, 682460, 1, 4096, 0
5347, 412074, 1, 4096, 0
5347, 335546, 1, 4096, 0
5348, 401655, 1, 4096, 0
5348, 73384, 1, 4096, 0
5348, 341055, 1, 4096, 0
5348, 282204, 1, 4096, 0
5349, 1114252, 1, 4096, 0
5350, 6874, 1, 4096, 0
5350, 3965, 1, 4096, 0
5350, 3156, 1, 4096, 0
5350, 3696, 1, 4096, 0
5350, 3040, 1, 4096, 0
5350, 2368, 1, 4096, 0
5350, 2310, 1, 4096, 0
5353, 3110375, 1, 4096, 0
5353, 7452, 1, 4096, 0
5353, 5137, 1, 4096, 0
5353, 3883, 1, 4096, 0
5353, 2816, 1, 4096, 0
5353, 337723, 1, 4096, 0
5353, 400692, 1, 4096, 0
5353, 6689, 1, 4096, 0
5353, 4693, 1, 4096, 0
5353, 3738, 1, 4096, 0
5353, 2787, 1, 4096, 0
5353, 3802, 1, 4096, 0
5353, 3145, 1, 4096, 0
5353, 2595, 1, 4096, 0
5355, 1771850, 1, 4096, 0
5355, 8407, 1, 4096, 0
5355, 3603, 1, 4096, 0
5355, 2732, 1, 4096, 0
5355, 2725, 1, 4096, 0
5355, 2898, 1, 4096, 0
5355, 2809, 1, 4096, 0
5355, 3635, 1, 4096, 0
5358, 2919283, 1, 4096, 0
5359, 455548, 1, 4096, 0
5359, 5865, 1, 4096, 0
5359, 3251, 1, 4096, 0
5359, 2746, 1, 4096, 0
5360, 890006, 1, 4096, 0
5360, 6889, 1, 4096, 0
5360, 188114, 1, 4096, 0
5360, 190836, 1, 4096, 0
5360, 7168, 1, 4096, 0
5360, 4199, 1, 4096, 0
5360, 4110, 1, 4096, 0
5360, 3264, 1, 4096, 0
5360, 5947, 1, 4096, 0
5360, 4795, 1, 4096, 0
5360, 3959, 1, 4096, 0
5362, 1490026, 1, 4096, 0
5362, 5771, 1, 4096, 0
5362, 4058, 1, 4096, 0
5362, 3887, 1, 4096, 0
5362, 4234, 1, 4096, 0
5362, 3347, 1, 4096, 0
5362, 3092, 1, 4096, 0
5362, 3119, 1, 4096, 0
5364, 1935540, 1, 4096, 0
5364, 670465, 1, 4096, 0
5364, 4554, 1, 4096, 0
5364, 273910, 1, 4096, 0
5364, 4333, 1, 4096, 0
5365, 941182, 1, 4096, 0
5366, 204841, 1, 4096, 0
5366, 609757, 1, 4096, 0
5366, 6022, 1, 4096, 0
5366, 2111, 1, 4096, 0
5368, 1540257, 1, 4096, 0
5368, 5042, 1, 4096, 0
5368, 350246, 1, 4096, 0
5368, 6990, 1, 4096, 0
5368, 177193, 1, 4096, 0
5369, 205079, 1, 4096, 0
5369, 255921, 1, 4096, 0
5369, 163902, 1, 4096, 0
5371, 1596220, 1, 4096, 0
5371, 9433, 1, 4096, 0
5371, 485710, 1, 4096, 0
5371, 4607, 1, 4096, 0
5371, 3586, 1, 4096, 0
5371, 2649, 1, 4096, 0
5371, 2638, 1, 4096, 0
5371, 3335, 1, 4096, 0
5372, 1322020, 1, 4096, 0
5373, 245239, 1, 4096, 0
5375, 1975122, 1, 4096, 0
5375, 5380, 1, 4096, 0
5375, 3636, 1, 4096, 0
5375, 3624, 1, 4096, 0
5375, 3701, 1, 4096, 0
5375, 37797, 1, 4096, 0
5375, 8489, 1, 4096, 0
5375, 6716, 1, 4096, 0
5375, 4061, 1, 4096, 0
5375, 3501, 1, 4096, 0
5375, 3528, 1, 4096, 0
5375, 4243, 1, 4096, 0
5375, 4218, 1, 4096, 0
5377, 1736302, 1, 4096, 0
5377, 273466, 1, 4096, 0
5377, 360628, 1, 4096, 0
5377, 5464, 1, 4096, 0
5377, 3345, 1, 4096, 0
5377, 3768, 1, 4096, 0
5377, 3616, 1, 4096, 0
5377, 3268, 1, 4096, 0
5377, 3300, 1, 4096, 0
5377, 3463, 1, 4096, 0
5379, 2245569, 1, 4096, 0
5379, 4686, 1, 4096, 0
5380, 2296, 1, 4096, 0
5380, 2623, 1, 4096, 0
5380, 3690, 1, 4096, 0
5380, 3926, 1, 4096, 0
5380, 3076, 1, 4096, 0
5380, 3084, 1, 4096, 0
5382, 2773577, 1, 4096, 0
5383, 381926, 1, 4096, 0
5383, 3786, 1, 4096, 0
5383, 2833, 1, 4096, 0
5383, 3405, 1, 4096, 0
5383, 22061, 1, 4096, 0
5383, 6521, 1, 4096, 0
5383, 3775, 1, 4096, 0
5383, 2306, 1, 4096, 0
5383, 2553, 1, 4096, 0
5383, 2960, 1, 4096, 0
5383, 2020, 1, 4096, 0
5383, 3419, 1, 4096, 0
5386, 3037462, 1, 4096, 0
5386, 218636, 1, 4096, 0
5386, 10008, 1, 4096, 0
5386, 4522, 1, 4096, 0
5386, 3676, 1, 4096, 0
5386, 4017, 1, 4096, 0
5386, 5196, 1, 4096, 0
5386, 3708, 1, 4096, 0
5387, 1288030, 1, 4096, 0
5389, 1503329, 1, 4096, 0
5389, 498933, 1, 4096, 0
5389, 6087, 1, 4096, 0
5389, 2997, 1, 4096, 0
5389, 2670, 1, 4096, 0
5389, 3202, 1, 4096, 0
5389, 2412, 1, 4096, 0
5389, 3062, 1, 4096, 0
5389, 8160, 1, 4096, 0
5391, 1754855, 1, 4096, 0
5391, 6989, 1, 4096, 0
5391, 4928, 1, 4096, 0
5391, 4013, 1, 4096, 0
5391, 241873, 1, 4096, 0
5393, 1021644, 1, 4096, 0
5393, 171182, 1, 4096, 0
5393, 429589, 1, 4096, 0
5393, 4329, 1, 4096, 0
5393, 3653, 1, 4096, 0
5395, 1553630, 1, 4096, 0
5396, 1073137, 1, 4096, 0
5396, 275541, 1, 4096, 0
5397, 779170, 1, 4096, 0
5397, 5221, 1, 4096, 0
5397, 4256, 1, 4096, 0
5397, 135343, 1, 4096, 0
5397, 4587, 1, 4096, 0
5397, 3554, 1, 4096, 0
5397, 2892, 1, 4096, 0
5397, 2744, 1, 4096, 0
5397, 3370, 1, 4096, 0
5397, 4004, 1, 4096, 0
5397, 3176, 1, 4096, 0
5397, 351683, 1, 4096, 0
5397, 3979, 1, 4096, 0
5399, 1330771, 1, 4096, 0
5399, 3541, 1, 4096, 0
5399, 480238, 1, 4096, 0
5399, 3284, 1, 4096, 0
5400, 747683, 1, 4096, 0
5400, 4459, 1, 4096, 0
5401, 582129, 1, 4096, 0
5401, 516173, 1, 4096, 0
5401, 268575, 1, 4096, 0
5401, 5405, 1, 4096, 0
5401, 3553, 1, 4096, 0
5403, 1180349, 1, 4096, 0
5403, 9456, 1, 4096, 0
5403, 3580, 1, 4096, 0
5403, 469207, 1, 4096, 0
5403, 5757, 1, 4096, 0
5403, 2692, 1, 4096, 0
5403, 2869, 1, 4096, 0
5403, 2675, 1, 4096, 0
5403, 5118, 1, 4096, 0
5403, 3185, 1, 4096, 0
5403, 2769, 1, 4096, 0
5404, 1299659, 1, 4096, 0
5404, 5330, 1, 4096, 0
5404, 3592, 1, 4096, 0
5404, 3868, 1, 4096, 0
5404, 3527, 1, 4096, 0
5404, 3945, 1, 4096, 0
5404, 3711, 1, 4096, 0
5404, 2978, 1, 4096, 0
5406, 1661803, 1, 4096, 0
5406, 8458, 1, 4096, 0
5407, 522436, 1, 4096, 0
5407, 734605, 1, 4096, 0
5407, 7512, 1, 4096, 0
5408, 172262, 1, 4096, 0
5408, 602149, 1, 4096, 0
5409, 1141396, 1, 4096, 0
5410, 180620, 1, 4096, 0
5410, 221059, 1, 4096, 0
5410, 5535, 1, 4096, 0
5410, 3020, 1, 4096, 0
5410, 3655, 1, 4096, 0
5410, 2798, 1, 4096, 0
5410, 1915, 1, 4096, 0
5410, 2589, 1, 4096, 0
5410, 2645, 1, 4096, 0
5412, 2142092, 1, 4096, 0
5412, 4991, 1, 4096, 0
5412, 3033, 1, 4096, 0
5412, 297364, 1, 4096, 0
5412, 12240, 1, 4096, 0
5412, 2947, 1, 4096, 0
5412, 139877, 1, 4096, 0
5412, 10494, 1, 4096, 0
5412, 4439, 1, 4096, 0
5412, 2844, 1, 4096, 0
5412, 2648, 1, 4096, 0
5412, 2649, 1, 4096, 0
5412, 2371, 1, 4096, 0
5413, 685223, 1, 4096, 0
5413, 36362, 1, 4096, 0
5415, 2292335, 1, 4096, 0
5416, 208618, 1, 4096, 0
5416, 8175, 1, 4096, 0
5416, 139654, 1, 4096, 0
5416, 93636, 1, 4096, 0
5416, 170660, 1, 4096, 0
5416, 199154, 1, 4096, 0
5416, 7129, 1, 4096, 0
5416, 7239, 1, 4096, 0
5416, 4974, 1, 4096, 0
5416, 55592, 1, 4096, 0
5417, 228862, 1, 4096, 0
5417, 457999, 1, 4096, 0
5417, 328144, 1, 4096, 0
5418, 135419, 1, 4096, 0
5418, 6301, 1, 4096, 0
5418, 4046, 1, 4096, 0
5418, 3162, 1, 4096, 0
5418, 3778, 1, 4096, 0
5418, 3267, 1, 4096, 0
5418, 1787, 1, 4096, 0
5418, 3701, 1, 4096, 0
5420, 2097170, 1, 4096, 0
5420, 8053, 1, 4096, 0
5420, 3908, 1, 4096, 0
5420, 3440, 1, 4096, 0
5420, 3467, 1, 4096, 0
5420, 3273, 1, 4096, 0
5420, 2656, 1, 4096, 0
5421, 1409764, 1, 4096, 0
5421, 10177, 1, 4096, 0
5421, 4792, 1, 4096, 0
5421, 3870, 1, 4096, 0
5421, 3029, 1, 4096, 0
5421, 3087, 1, 4096, 0
5421, 3002, 1, 4096, 0
5421, 3024, 1, 4096, 0
5422, 282561, 1, 4096, 0
5422, 201490, 1, 4096, 0
5422, 150957, 1, 4096, 0
5422, 4528, 1, 4096, 0
5422, 4072, 1, 4096, 0
5422, 3779, 1, 4096, 0
5422, 151455, 1, 4096, 0
5422, 5548, 1, 4096, 0
5422, 2184, 1, 4096, 0
5422, 2256, 1, 4096, 0
5422, 3158, 1, 4096, 0
5422, 2400, 1, 4096, 0
5422, 2615, 1, 4096, 0
5422, 2966, 1, 4096, 0
5425, 2308659, 1, 4096, 0
5425, 5077, 1, 4096, 0
5425, 2595, 1, 4096, 0
5425, 2330, 1, 4096, 0
5425, 756375, 1, 4096, 0
5425, 4873, 1, 4096, 0
5426, 410309, 1, 4096, 0
5426, 5956, 1, 4096, 0
5426, 3248, 1, 4096, 0
5426, 3492, 1, 4096, 0
5426, 5052, 1, 4096, 0
5426, 3728, 1, 4096, 0
5426, 3782, 1, 4096, 0
5426, 252582, 1, 4096, 0
5426, 4536, 1, 4096, 0
5426, 391874, 1, 4096, 0
5428, 1183325, 1, 4096, 0
5428, 6954, 1, 4096, 0
5428, 237072, 1, 4096, 0
5428, 4206, 1, 4096, 0
5428, 3075, 1, 4096, 0
5428, 56374, 1, 4096, 0
5428, 357700, 1, 4096, 0
5428, 32948, 1, 4096, 0
5428, 5666, 1, 4096, 0
5428, 3585, 1, 4096, 0
5428, 3413, 1, 4096, 0
5428, 2833, 1, 4096, 0
5428, 3561, 1, 4096, 0
5428, 3229, 1, 4096, 0
5428, 2664, 1, 4096, 0
5429, 239871, 1, 4096, 0
5429, 7884, 1, 4096, 0
5429, 5919, 1, 4096, 0
5429, 5886, 1, 4096, 0
5429, 5213, 1, 4096, 0
5429, 5358, 1, 4096, 0
5430, 8055, 1, 4096, 0
5431, 252823, 1, 4096, 0
5431, 6151, 1, 4096, 0
5431, 2964, 1, 4096, 0
5431, 3491, 1, 4096, 0
5431, 10980, 1, 4096, 0
5431, 3962, 1, 4096, 0
5432, 340085, 1, 4096, 0
5432, 448420, 1, 4096, 0
5432, 7416, 1, 4096, 0
5432, 3142, 1, 4096, 0
5432, 3657, 1, 4096, 0
5432, 5397, 1, 4096, 0
5432, 145272, 1, 4096, 0
5432, 7213, 1, 4096, 0
5435, 2413869, 1, 4096, 0
5435, 9503, 1, 4096, 0
5435, 4882, 1, 4096, 0
5435, 146192, 1, 4096, 0
5435, 5786, 1, 4096, 0
5435, 2272, 1, 4096, 0
5435, 1931, 1, 4096, 0
5435, 3460, 1, 4096, 0
5435, 2584, 1, 4096, 0
5435, 189175, 1, 4096, 0
5435, 5050, 1, 4096, 0
5435, 332087, 1, 4096, 0
5435, 5507, 1, 4096, 0
5437, 1586913, 1, 4096, 0
5437, 7006, 1, 4096, 0
5437, 3185, 1, 4096, 0
5437, 178807, 1, 4096, 0
5437, 223218, 1, 4096, 0
5438, 284310, 1, 4096, 0
5439, 1076675, 1, 4096, 0
5439, 7919, 1, 4096, 0
5439, 3511, 1, 4096, 0
5440, 765521, 1, 4096, 0
5440, 4476, 1, 4096, 0
5440, 2370, 1, 4096, 0
5440, 2556, 1, 4096, 0
5440, 2655, 1, 4096, 0
5440, 4013, 1, 4096, 0
5440, 2953, 1, 4096, 0
5440, 3595, 1, 4096, 0
5440, 441349, 1, 4096, 0
5440, 5290, 1, 4096, 0
5440, 3006, 1, 4096, 0
5440, 3546, 1, 4096, 0
5440, 3078, 1, 4096, 0
5440, 2837, 1, 4096, 0
5440, 3505, 1, 4096, 0
5440, 3509, 1, 4096, 0
5443, 2770830, 1, 4096, 0
5443, 9262, 1, 4096, 0
5443, 449282, 1, 4096, 0
5443, 4870, 1, 4096, 0
5444, 434976, 1, 4096, 0
5444, 4465, 1, 4096, 0
5444, 5021, 1, 4096, 0
5444, 3133, 1, 4096, 0
5445, 1360077, 1, 4096, 0
5446, 289224, 1, 4096, 0
5446, 593758, 1, 4096, 0
5446, 18021, 1, 4096, 0
5446, 157808, 1, 4096, 0
5447, 467172, 1, 4096, 0
5447, 6093, 1, 4096, 0
5447, 3719, 1, 4096, 0
5447, 4318, 1, 4096, 0
5447, 3726, 1, 4096, 0
5447, 3262, 1, 4096, 0
5447, 2810, 1, 4096, 0
5447, 3639, 1, 4096, 0
5447, 442229, 1, 4096, 0
5447, 7391, 1, 4096, 0
5447, 135453, 1, 4096, 0
5449, 1153707, 1, 4096, 0
5449, 8533, 1, 4096, 0
5449, 194588, 1, 4096, 0
5449, 241747, 1, 4096, 0
5452, 3102743, 1, 4096, 0
5452, 7194, 1, 4096, 0
5452, 3801, 1, 4096, 0
5452, 3586, 1, 4096, 0
5452, 4081, 1, 4096, 0
5452, 3556, 1, 4096, 0
5452, 200587, 1, 4096, 0
5452, 5973, 1, 4096, 0
5452, 2809, 1, 4096, 0
5452, 2454, 1, 4096, 0
5452, 1932, 1, 4096, 0
5452, 2491, 1, 4096, 0
5452, 2891, 1, 4096, 0
5452, 2216, 1, 4096, 0
5455, 2389355, 1, 4096, 0
5455, 6982, 1, 4096, 0
5455, 599930, 1, 4096, 0
5455, 6413, 1, 4096, 0
5455, 2327, 1, 4096, 0
5455, 3179, 1, 4096, 0
5455, 3310, 1, 4096, 0
5455, 3462, 1, 4096, 0
5455, 2788, 1, 4096, 0
5455, 3637, 1, 4096, 0
5456, 239376, 1, 4096, 0
5456, 6991, 1, 4096, 0
5456, 3572, 1, 4096, 0
5456, 3927, 1, 4096, 0
5456, 2993, 1, 4096, 0
5456, 2507, 1, 4096, 0
5456, 2386, 1, 4096, 0
5456, 3002, 1, 4096, 0
5456, 499768, 1, 4096, 0
5456, 5347, 1, 4096, 0
5456, 2866, 1, 4096, 0
5456, 2854, 1, 4096, 0
5456, 2913, 1, 4096, 0
5459, 1265662, 1, 4096, 0
5459, 372570, 1, 4096, 0
5459, 5914, 1, 4096, 0
5459, 3760, 1, 4096, 0
5459, 46373, 1, 4096, 0
5459, 3803, 1, 4096, 0
5460, 558898, 1, 4096, 0
5461, 1038570, 1, 4096, 0
5461, 196596, 1, 4096, 0
5461, 8784, 1, 4096, 0
5461, 3204, 1, 4096, 0
5461, 2852, 1, 4096, 0
5461, 3547, 1, 4096, 0
5461, 3237, 1, 4096, 0
5461, 3666, 1, 4096, 0
5461, 3186, 1, 4096, 0
5463, 2064972, 1, 4096, 0
5463, 279757, 1, 4096, 0
5463, 22455, 1, 4096, 0
5463, 3889, 1, 4096, 0
5463, 2461, 1, 4096, 0
5464, 282617, 1, 4096, 0
5464, 285237, 1, 4096, 0
5465, 479898, 1, 4096, 0
5465, 4135, 1, 4096, 0
5465, 2664, 1, 4096, 0
5465, 2182, 1, 4096, 0
5465, 2818, 1, 4096, 0
5465, 2585, 1, 4096, 0
5465, 3235, 1, 4096, 0
5465, 2339, 1, 4096, 0
5465, 807285, 1, 4096, 0
5465, 6291, 1, 4096, 0
5465, 1845, 1, 4096, 0
5465, 3402, 1, 4096, 0
5465, 3592, 1, 4096, 0
5465, 3080, 1, 4096, 0
5465, 3161, 1, 4096, 0
5465, 3713, 1, 4096, 0
5468, 2520277, 1, 4096, 0
5468, 351809, 1, 4096, 0
5469, 539146, 1, 4096, 0
5469, 413524, 1, 4096, 0
5470, 568066, 1, 4096, 0
5470, 6739, 1, 4096, 0
5470, 37303, 1, 4096, 0
5472, 2183747, 1, 4096, 0
5472, 12360, 1, 4096, 0
5472, 4825, 1, 4096, 0
5472, 279262, 1, 4096, 0
5472, 8596, 1, 4096, 0
5472, 4491, 1, 4096, 0
5472, 3629, 1, 4096, 0
5472, 3633, 1, 4096, 0
5472, 3606, 1, 4096, 0
5472, 4180, 1, 4096, 0
5474, 1356606, 1, 4096, 0
5475, 1101460, 1, 4096, 0
5475, 6186, 1, 4096, 0
5475, 3136, 1, 4096, 0
5475, 205991, 1, 4096, 0
5475, 6180, 1, 4096, 0
5475, 335573, 1, 4096, 0
5475, 7383, 1, 4096, 0
5476, 4052, 1, 4096, 0
5476, 3696, 1, 4096, 0
5476, 3188, 1, 4096, 0
5476, 3405, 1, 4096, 0
5476, 3276, 1, 4096, 0
5476, 3089, 1, 4096, 0
5479, 3005519, 1, 4096, 0
5479, 345376, 1, 4096, 0
5479, 290984, 1, 4096, 0
5479, 4598, 1, 4096, 0
5480, 394867, 1, 4096, 0
5480, 5239, 1, 4096, 0
5480, 3665, 1, 4096, 0
5480, 3311, 1, 4096, 0
5480, 4650, 1, 4096, 0
5480, 3626, 1, 4096, 0
5480, 3330, 1, 4096, 0
5481, 1214067, 1, 4096, 0
5481, 6028, 1, 4096, 0
5481, 486138, 1, 4096, 0
5481, 5529, 1, 4096, 0
5481, 4553, 1, 4096, 0
5481, 3207, 1, 4096, 0
5481, 4618, 1, 4096, 0
5481, 3764, 1, 4096, 0
5481, 4017, 1, 4096, 0
5481, 5419, 1, 4096, 0
5483, 2092277, 1, 4096, 0
5484, 6307, 1, 4096, 0
5484, 4906, 1, 4096, 0
5484, 3527, 1, 4096, 0
5484, 2916, 1, 4096, 0
5484, 2758, 1, 4096, 0
5485, 1076758, 1, 4096, 0
5485, 8465, 1, 4096, 0
5485, 602137, 1, 4096, 0
5485, 5510, 1, 4096, 0
5485, 4118, 1, 4096, 0
5485, 3323, 1, 4096, 0
5485, 2968, 1, 4096, 0
5485, 4231, 1, 4096, 0
5485, 3036, 1, 4096, 0
5485, 2595, 1, 4096, 0
5486, 688561, 1, 4096, 0
5486, 7361, 1, 4096, 0
5486, 4050, 1, 4096, 0
5486, 4129, 1, 4096, 0
5486, 473443, 1, 4096, 0
5487, 568503, 1, 4096, 0
5487, 6730, 1, 4096, 0
5487, 3365, 1, 4096, 0
5488, 446731, 1, 4096, 0
5488, 768850, 1, 4096, 0
5488, 8903, 1, 4096, 0
5488, 162974, 1, 4096, 0
5489, 111834, 1, 4096, 0
5489, 7322, 1, 4096, 0
5489, 4703, 1, 4096, 0
5489, 3219, 1, 4096, 0
5489, 4742, 1, 4096, 0
5489, 5106, 1, 4096, 0
5489, 133085, 1, 4096, 0
5491, 1586336, 1, 4096, 0
5491, 7934, 1, 4096, 0
5491, 658325, 1, 4096, 0
5491, 6556, 1, 4096, 0
5491, 4034, 1, 4096, 0
5492, 1143513, 1, 4096, 0
5493, 562714, 1, 4096, 0
5493, 153685, 1, 4096, 0
5493, 291666, 1, 4096, 0
5494, 744077, 1, 4096, 0
5494, 6129, 1, 4096, 0
5495, 782413, 1, 4096, 0
5495, 331195, 1, 4096, 0
5495, 4732, 1, 4096, 0
5496, 589885, 1, 4096, 0
5496, 583772, 1, 4096, 0
5498, 1281191, 1, 4096, 0
5498, 12320, 1, 4096, 0
5498, 501211, 1, 4096, 0
5498, 4781, 1, 4096, 0
5498, 3346, 1, 4096, 0
5499, 440638, 1, 4096, 0
5499, 5430, 1, 4096, 0
5499, 4179, 1, 4096, 0
5501, 2307058, 1, 4096, 0
5501, 7944, 1, 4096, 0
5501, 4386, 1, 4096, 0
5501, 295708, 1, 4096, 0
5501, 5461, 1, 4096, 0
5501, 3711, 1, 4096, 0
5501, 3829, 1, 4096, 0
5501, 3178, 1, 4096, 0
5501, 3353, 1, 4096, 0
5501, 3217, 1, 4096, 0
5501, 3223, 1, 4096, 0
5503, 1840475, 1, 4096, 0
5503, 6815, 1, 4096, 0
5503, 3236, 1, 4096, 0
5503, 3296, 1, 4096, 0
5503, 2905, 1, 4096, 0
5504, 1046305, 1, 4096, 0
5504, 58253, 1, 4096, 0
5504, 4835, 1, 4096, 0
5505, 440145, 1, 4096, 0
5505, 208653, 1, 4096, 0
5505, 5103, 1, 4096, 0
5505, 84218, 1, 4096, 0
5506, 415502, 1, 4096, 0
5506, 7026, 1, 4096, 0
5506, 82097, 1, 4096, 0
5506, 5052, 1, 4096, 0
5506, 3935, 1, 4096, 0
5506, 3139, 1, 4096, 0
5506, 3243, 1, 4096, 0
5506, 4076, 1, 4096, 0
5506, 4989, 1, 4096, 0
5506, 3916, 1, 4096, 0
5508, 2183076, 1, 4096, 0
5508, 333688, 1, 4096, 0
5508, 79476, 1, 4096, 0
5509, 833791, 1, 4096, 0
5509, 7168, 1, 4096, 0
5509, 4023, 1, 4096, 0
5509, 3104, 1, 4096, 0
5509, 4072, 1, 4096, 0
5509, 4002, 1, 4096, 0
5509, 2852, 1, 4096, 0
5510, 1161620, 1, 4096, 0
5510, 9072, 1, 4096, 0
5510, 3752, 1, 4096, 0
5510, 2419, 1, 4096, 0
5510, 2282, 1, 4096, 0
5510, 2283, 1, 4096, 0
5510, 2196, 1, 4096, 0
5510, 2122, 1, 4096, 0
5512, 1552866, 1, 4096, 0
5512, 303805, 1, 4096, 0
5514, 1259494, 1, 4096, 0
5514, 6086, 1, 4096, 0
5514, 3643, 1, 4096, 0
5514, 3275, 1, 4096, 0
5514, 3290, 1, 4096, 0
5515, 1732118, 1, 4096, 0
5515, 11243, 1, 4096, 0
5515, 3516, 1, 4096, 0
5516, 849955, 1, 4096, 0
5516, 5839, 1, 4096, 0
5516, 2347, 1, 4096, 0
5516, 182874, 1, 4096, 0
5516, 4695, 1, 4096, 0
5518, 2042202, 1, 4096, 0
5518, 6534, 1, 4096, 0
5518, 3700, 1, 4096, 0
5519, 3582, 1, 4096, 0
5519, 4004, 1, 4096, 0
5519, 178383, 1, 4096, 0
5521, 2329168, 1, 4096, 0
5521, 5750, 1, 4096, 0
5521, 2871, 1, 4096, 0
5522, 745094, 1, 4096, 0
5522, 3344, 1, 4096, 0
5522, 2753, 1, 4096, 0
5523, 837937, 1, 4096, 0
5523, 116994, 1, 4096, 0
5524, 786548, 1, 4096, 0
5524, 7568, 1, 4096, 0
5525, 1055210, 1, 4096, 0
5525, 5973, 1, 4096, 0
5525, 530310, 1, 4096, 0
5525, 6949, 1, 4096, 0
5525, 4882, 1, 4096, 0
5525, 4205, 1, 4096, 0
5525, 3583, 1, 4096, 0
5525, 3928, 1, 4096, 0
5525, 4194, 1, 4096, 0
5525, 2573, 1, 4096, 0
5527, 2229245, 1, 4096, 0
5527, 4621, 1, 4096, 0
5527, 2882, 1, 4096, 0
5527, 3963, 1, 4096, 0
5527, 3479, 1, 4096, 0
5528, 394033, 1, 4096, 0
5528, 312857, 1, 4096, 0
5529, 592434, 1, 4096, 0
5531, 2052084, 1, 4096, 0
5531, 205926, 1, 4096, 0
5531, 3556, 1, 4096, 0
5532, 771454, 1, 4096, 0
5532, 5678, 1, 4096, 0
5532, 536408, 1, 4096, 0
5532, 5327, 1, 4096, 0
5533, 295119, 1, 4096, 0
5534, 1217569, 1, 4096, 0
5534, 5131, 1, 4096, 0
5534, 3153, 1, 4096, 0
5534, 138634, 1, 4096, 0
5534, 3820, 1, 4096, 0
5534, 3966, 1, 4096, 0
5534, 66072, 1, 4096, 0
5534, 3424, 1, 4096, 0
5537, 2602769, 1, 4096, 0
5537, 4853, 1, 4096, 0
5537, 2987, 1, 4096, 0
5537, 678017, 1, 4096, 0
5537, 4885, 1, 4096, 0
5537, 3027, 1, 4096, 0
5539, 1060975, 1, 4096, 0
5539, 4644, 1, 4096, 0
5539, 529586, 1, 4096, 0
5539, 4116, 1, 4096, 0
5540, 529207, 1, 4096, 0
5540, 724724, 1, 4096, 0
5540, 6630, 1, 4096, 0
5541, 831679, 1, 4096, 0
5541, 3645, 1, 4096, 0
5542, 305770, 1, 4096, 0
5542, 4265, 1, 4096, 0
5542, 730901, 1, 4096, 0
5542, 3928, 1, 4096, 0
5542, 3961, 1, 4096, 0
5543, 266403, 1, 4096, 0
5544, 983581, 1, 4096, 0
5544, 6820, 1, 4096, 0
5544, 4168, 1, 4096, 0
5544, 3231, 1, 4096, 0
5544, 4119, 1, 4096, 0
5544, 3523, 1, 4096, 0
5544, 4087, 1, 4096, 0
5544, 4203, 1, 4096, 0
5545, 1593808, 1, 4096, 0
5545, 5607, 1, 4096, 0
5545, 2996, 1, 4096, 0
5545, 2121, 1, 4096, 0
5545, 2324, 1, 4096, 0
5545, 3154, 1, 4096, 0
5545, 6544, 1, 4096, 0
5546, 920098, 1, 4096, 0
5547, 1139273, 1, 4096, 0
5547, 6772, 1, 4096, 0
5547, 3895, 1, 4096, 0
5547, 2587, 1, 4096, 0
5547, 3469, 1, 4096, 0
5547, 2273, 1, 4096, 0
5547, 4492, 1, 4096, 0
5547, 160155, 1, 4096, 0
5550, 2119713, 1, 4096, 0
5550, 7387, 1, 4096, 0
5550, 111542, 1, 4096, 0
5551, 1443206, 1, 4096, 0
5551, 12294, 1, 4096, 0
5551, 4292, 1, 4096, 0
5551, 4015, 1, 4096, 0
5551, 4016, 1, 4096, 0
5551, 2546, 1, 4096, 0
5551, 3325, 1, 4096, 0
5551, 3385, 1, 4096, 0
5554, 2588073, 1, 4096, 0
5554, 7955, 1, 4096, 0
5554, 4251, 1, 4096, 0
5554, 4885, 1, 4096, 0
5554, 4649, 1, 4096, 0
5554, 4752, 1, 4096, 0
5554, 3417, 1, 4096, 0
5556, 2056249, 1, 4096, 0
5556, 6345, 1, 4096, 0
5556, 4395, 1, 4096, 0
5556, 323085, 1, 4096, 0
5556, 4280, 1, 4096, 0
5556, 206587, 1, 4096, 0
5557, 290671, 1, 4096, 0
5558, 1199010, 1, 4096, 0
5558, 5052, 1, 4096, 0
5558, 3010, 1, 4096, 0
5558, 2902, 1, 4096, 0
5558, 2114, 1, 4096, 0
5558, 401080, 1, 4096, 0
5558, 8176, 1, 4096, 0
5558, 3283, 1, 4096, 0
5558, 3579, 1, 4096, 0
5558, 5021, 1, 4096, 0
5558, 6675, 1, 4096, 0
5558, 4856, 1, 4096, 0
5558, 3004, 1, 4096, 0
5559, 494207, 1, 4096, 0
5559, 5051, 1, 4096, 0
5559, 2903, 1, 4096, 0
5559, 3084, 1, 4096, 0
5559, 3494, 1, 4096, 0
5559, 2936, 1, 4096, 0
5559, 3126, 1, 4096, 0
5559, 2885, 1, 4096, 0
5561, 2386066, 1, 4096, 0
5562, 837345, 1, 4096, 0
5562, 5135, 1, 4096, 0
5562, 2875, 1, 4096, 0
5563, 448572, 1, 4096, 0
5564, 1121983, 1, 4096, 0
5564, 12706, 1, 4096, 0
5564, 4931, 1, 4096, 0
5564, 4113, 1, 4096, 0
5564, 4263, 1, 4096, 0
5564, 4878, 1, 4096, 0
5564, 4073, 1, 4096, 0
5564, 3486, 1, 4096, 0
5566, 2059848, 1, 4096, 0
5566, 7882, 1, 4096, 0
5566, 314047, 1, 4096, 0
5567, 248079, 1, 4096, 0
5567, 733605, 1, 4096, 0
5568, 457151, 1, 4096, 0
5568, 5728, 1, 4096, 0
5568, 3556, 1, 4096, 0
5568, 210813, 1, 4096, 0
5569, 968118, 1, 4096, 0
5569, 305340, 1, 4096, 0
5569, 7247, 1, 4096, 0
5571, 1263792, 1, 4096, 0
5571, 6843, 1, 4096, 0
5571, 3946, 1, 4096, 0
5571, 4065, 1, 4096, 0
5571, 223092, 1, 4096, 0
5571, 6249, 1, 4096, 0
5571, 7048, 1, 4096, 0
5572, 959383, 1, 4096, 0
5572, 6999, 1, 4096, 0
5572, 3491, 1, 4096, 0
5572, 2850, 1, 4096, 0
5572, 3800, 1, 4096, 0
5572, 2820, 1, 4096, 0
5572, 2775, 1, 4096, 0
5572, 3837, 1, 4096, 0
5574, 1818412, 1, 4096, 0
5575, 1841053, 1, 4096, 0
5576, 346092, 1, 4096, 0
5576, 4800, 1, 4096, 0
5576, 5242, 1, 4096, 0
5576, 4437, 1, 4096, 0
5576, 3286, 1, 4096, 0
5576, 3477, 1, 4096, 0
5576, 3472, 1, 4096, 0
5576, 3071, 1, 4096, 0
5579, 3007152, 1, 4096, 0
5579, 6362, 1, 4096, 0
5579, 180819, 1, 4096, 0
5579, 152017, 1, 4096, 0
5579, 4963, 1, 4096, 0
5580, 293527, 1, 4096, 0
5580, 6346, 1, 4096, 0
5580, 3998, 1, 4096, 0
5580, 487708, 1, 4096, 0
5580, 5093, 1, 4096, 0
5580, 3158, 1, 4096, 0
5580, 3686, 1, 4096, 0
5580, 3146, 1, 4096, 0
5580, 2721, 1, 4096, 0
5580, 2789, 1, 4096, 0
5580, 3539, 1, 4096, 0
5580, 219916, 1, 4096, 0
5580, 5919, 1, 4096, 0
5580, 4371, 1, 4096, 0
5580, 3104, 1, 4096, 0
5580, 3257, 1, 4096, 0
5580, 3339, 1, 4096, 0
5580, 10076, 1, 4096, 0
5580, 3905, 1, 4096, 0
5581, 7860, 1, 4096, 0
5582, 10040, 1, 4096, 0
5583, 163039, 1, 4096, 0
5583, 320550, 1, 4096, 0
5583, 8005, 1, 4096, 0
5583, 4187, 1, 4096, 0
5583, 33724, 1, 4096, 0
5583, 6347, 1, 4096, 0
5583, 3015, 1, 4096, 0
5583, 91197, 1, 4096, 0
5584, 200995, 1, 4096, 0
5584, 4715, 1, 4096, 0
5584, 3702, 1, 4096, 0
5586, 1957710, 1, 4096, 0
5586, 8142, 1, 4096, 0
5586, 569483, 1, 4096, 0
5587, 739620, 1, 4096, 0
5587, 529764, 1, 4096, 0
5588, 418371, 1, 4096, 0
5588, 4627, 1, 4096, 0
5588, 360292, 1, 4096, 0
5588, 95649, 1, 4096, 0
5590, 1422575, 1, 4096, 0
5590, 7422, 1, 4096, 0
5590, 2620, 1, 4096, 0
5591, 958202, 1, 4096, 0
5591, 6737, 1, 4096, 0
5591, 3602, 1, 4096, 0
5591, 4513, 1, 4096, 0
5591, 3659, 1, 4096, 0
5591, 3953, 1, 4096, 0
5591, 3617, 1, 4096, 0
5591, 3650, 1, 4096, 0
5594, 2976928, 1, 4096, 0
5595, 873735, 1, 4096, 0
5595, 6778, 1, 4096, 0
5595, 3907, 1, 4096, 0
5595, 3749, 1, 4096, 0
5596, 932975, 1, 4096, 0
5596, 7884, 1, 4096, 0
5596, 3874, 1, 4096, 0
5596, 3610, 1, 4096, 0
5596, 3187, 1, 4096, 0
5596, 3276, 1, 4096, 0
5596, 2541, 1, 4096, 0
5596, 3460, 1, 4096, 0
5596, 297342, 1, 4096, 0
5596, 6864, 1, 4096, 0
5596, 2682, 1, 4096, 0
5596, 2050, 1, 4096, 0
5596, 2214, 1, 4096, 0
5596, 2583, 1, 4096, 0
5596, 2243, 1, 4096, 0
5596, 3089, 1, 4096, 0
5599, 3373073, 1, 4096, 0
5600, 570550, 1, 4096, 0
5600, 4655, 1, 4096, 0
5601, 1336226, 1, 4096, 0
5602, 519535, 1, 4096, 0
5602, 6647, 1, 4096, 0
5602, 3714, 1, 4096, 0
5602, 2943, 1, 4096, 0
5602, 4568, 1, 4096, 0
5602, 3382, 1, 4096, 0
5602, 2627, 1, 4096, 0
5603, 781385, 1, 4096, 0
5603, 8842, 1, 4096, 0
5603, 4602, 1, 4096, 0
5603, 4842, 1, 4096, 0
5603, 4267, 1, 4096, 0
5603, 3661, 1, 4096, 0
5603, 3671, 1, 4096, 0
5603, 5115, 1, 4096, 0
5605, 2408467, 1, 4096, 0
5605, 287955, 1, 4096, 0
5606, 108693, 1, 4096, 0
5606, 470550, 1, 4096, 0
5606, 8038, 1, 4096, 0
5606, 124673, 1, 4096, 0
5607, 809516, 1, 4096, 0
5607, 101156, 1, 4096, 0
5607, 121853, 1, 4096, 0
5607, 71207, 1, 4096, 0
5607, 79743, 1, 4096, 0
5608, 806372, 1, 4096, 0
5608, 180228, 1, 4096, 0
5609, 571085, 1, 4096, 0
5610, 1481214, 1, 4096, 0
5610, 7738, 1, 4096, 0
5612, 1199807, 1, 4096, 0
5612, 9587, 1, 4096, 0
5612, 288292, 1, 4096, 0
5612, 229451, 1, 4096, 0
5612, 9618, 1, 4096, 0
5612, 3749, 1, 4096, 0
5612, 3508, 1, 4096, 0
5612, 3249, 1, 4096, 0
5612, 3394, 1, 4096, 0
5612, 3440, 1, 4096, 0
5612, 2966, 1, 4096, 0
5613, 1251503, 1, 4096, 0
5614, 329761, 1, 4096, 0
5615, 1355348, 1, 4096, 0
5615, 7654, 1, 4096, 0
5615, 3761, 1, 4096, 0
5615, 3349, 1, 4096, 0
5615, 4217, 1, 4096, 0
5615, 2870, 1, 4096, 0
5615, 3244, 1, 4096, 0
5615, 4285, 1, 4096, 0
5616, 1240492, 1, 4096, 0
5617, 483497, 1, 4096, 0
5617, 7039, 1, 4096, 0
5617, 3718, 1, 4096, 0
5617, 3461, 1, 4096, 0
5617, 8339, 1, 4096, 0
5617, 3584, 1, 4096, 0
5617, 128491, 1, 4096, 0
5618, 197236, 1, 4096, 0
5618, 4569, 1, 4096, 0
5618, 363563, 1, 4096, 0
5618, 10566, 1, 4096, 0
5618, 3224, 1, 4096, 0
5618, 384105, 1, 4096, 0
5620, 1402742, 1, 4096, 0
5620, 7102, 1, 4096, 0
5621, 885764, 1, 4096, 0
5621, 221488, 1, 4096, 0
5621, 406213, 1, 4096, 0
5621, 5313, 1, 4096, 0
5621, 3018, 1, 4096, 0
5621, 3775, 1, 4096, 0
5621, 3813, 1, 4096, 0
5621, 5017, 1, 4096, 0
5621, 3125, 1, 4096, 0
5621, 3364, 1, 4096, 0
5622, 643659, 1, 4096, 0
5622, 6069, 1, 4096, 0
5622, 2635, 1, 4096, 0
5622, 3277, 1, 4096, 0
5622, 3404, 1, 4096, 0
5622, 195068, 1, 4096, 0
5622, 70439, 1, 4096, 0
5623, 412401, 1, 4096, 0
5623, 7159, 1, 4096, 0
5623, 3297, 1, 4096, 0
5623, 3251, 1, 4096, 0
5623, 3389, 1, 4096, 0
5623, 2884, 1, 4096, 0
5624, 6851, 1, 4096, 0
5625, 1209768, 1, 4096, 0
5625, 6135, 1, 4096, 0
5625, 184121, 1, 4096, 0
5626, 847780, 1, 4096, 0
5626, 7644, 1, 4096, 0
5626, 3661, 1, 4096, 0
5626, 3731, 1, 4096, 0
5626, 3902, 1, 4096, 0
5626, 3322, 1, 4096, 0
5626, 2947, 1, 4096, 0
5626, 5941, 1, 4096, 0
5629, 2660824, 1, 4096, 0
5629, 7598, 1, 4096, 0
5629, 3944, 1, 4096, 0
5629, 3448, 1, 4096, 0
5629, 2474, 1, 4096, 0
5629, 2376, 1, 4096, 0
5629, 3103, 1, 4096, 0
5629, 130246, 1, 4096, 0
5629, 6492, 1, 4096, 0
5629, 3820, 1, 4096, 0
5629, 3556, 1, 4096, 0
5629, 3042, 1, 4096, 0
5629, 3170, 1, 4096, 0
5629, 3795, 1, 4096, 0
5629, 3076, 1, 4096, 0
5629, 8865, 1, 4096, 0
5631, 1461334, 1, 4096, 0
5631, 4940, 1, 4096, 0
5631, 2985, 1, 4096, 0
5631, 3718, 1, 4096, 0
5631, 2942, 1, 4096, 0
5631, 2771, 1, 4096, 0
5631, 3137, 1, 4096, 0
5631, 3927, 1, 4096, 0
5632, 1614716, 1, 4096, 0
5632, 5357, 1, 4096, 0
5633, 273180, 1, 4096, 0
5633, 6690, 1, 4096, 0
5633, 3858, 1, 4096, 0
5633, 302407, 1, 4096, 0
5633, 4510, 1, 4096, 0
5634, 765630, 1, 4096, 0
5634, 6319, 1, 4096, 0
5634, 3461, 1, 4096, 0
5634, 2957, 1, 4096, 0
5634, 2406, 1, 4096, 0
5634, 2431, 1, 4096, 0
5634, 2112, 1, 4096, 0
5634, 179983, 1, 4096, 0
5634, 80340, 1, 4096, 0
5634, 12409, 1, 4096, 0
5634, 3821, 1, 4096, 0
5634, 473973, 1, 4096, 0
5635, 80405, 1, 4096, 0
5636, 1491679, 1, 4096, 0
5636, 7183, 1, 4096, 0
5636, 2696, 1, 4096, 0
5636, 5181, 1, 4096, 0
5636, 287413, 1, 4096, 0
5639, 2178892, 1, 4096, 0
5639, 153730, 1, 4096, 0
5639, 4998, 1, 4096, 0
5640, 1048356, 1, 4096, 0
5640, 9163, 1, 4096, 0
5640, 5643, 1, 4096, 0
5640, 202944, 1, 4096, 0
5640, 6026, 1, 4096, 0
5640, 3216, 1, 4096, 0
5640, 3089, 1, 4096, 0
5640, 3431, 1, 4096, 0
5640, 5149, 1, 4096, 0
5640, 2867, 1, 4096, 0
5641, 562007, 1, 4096, 0
5641, 562606, 1, 4096, 0
5641, 6557, 1, 4096, 0
5641, 3690, 1, 4096, 0
5641, 3656, 1, 4096, 0
5641, 3479, 1, 4096, 0
5641, 3681, 1, 4096, 0
5641, 3686, 1, 4096, 0
5641, 2761, 1, 4096, 0
5642, 1143781, 1, 4096, 0
5642, 6312, 1, 4096, 0
5643, 846709, 1, 4096, 0
5643, 4514, 1, 4096, 0
5644, 656179, 1, 4096, 0
5644, 8413, 1, 4096, 0
5644, 4089, 1, 4096, 0
5644, 3808, 1, 4096, 0
5644, 3154, 1, 4096, 0
5644, 3113, 1, 4096, 0
5644, 65052, 1, 4096, 0
5644, 3400, 1, 4096, 0
5646, 2297184, 1, 4096, 0
5646, 18315, 1, 4096, 0
5646, 2986, 1, 4096, 0
5646, 2084, 1, 4096, 0
5647, 582255, 1, 4096, 0
5647, 4539, 1, 4096, 0
5647, 422154, 1, 4096, 0
5648, 173896, 1, 4096, 0
5648, 6787, 1, 4096, 0
5648, 2729, 1, 4096, 0
5648, 2838, 1, 4096, 0
5648, 3398, 1, 4096, 0
5648, 4086, 1, 4096, 0
5648, 3758, 1, 4096, 0
5648, 4391, 1, 4096, 0
5649, 1044995, 1, 4096, 0
5649, 583105, 1, 4096, 0
5649, 4998, 1, 4096, 0
5650, 722603, 1, 4096, 0
5650, 21847, 1, 4096, 0
5651, 972069, 1, 4096, 0
5651, 4786, 1, 4096, 0
5651, 2955, 1, 4096, 0
5651, 3088, 1, 4096, 0
5652, 1323774, 1, 4096, 0
5652, 4591, 1, 4096, 0
5653, 249109, 1, 4096, 0
5653, 802138, 1, 4096, 0
5653, 5732, 1, 4096, 0
5653, 3185, 1, 4096, 0
5654, 518542, 1, 4096, 0
5654, 5673, 1, 4096, 0
5654, 3331, 1, 4096, 0
5654, 3345, 1, 4096, 0
5654, 3710, 1, 4096, 0
5654, 3840, 1, 4096, 0
5654, 2920, 1, 4096, 0
5654, 3662, 1, 4096, 0
5655, 842393, 1, 4096, 0
5656, 1112540, 1, 4096, 0
5656, 7808, 1, 4096, 0
5656, 3385, 1, 4096, 0
5656, 3660, 1, 4096, 0
5657, 1273709, 1, 4096, 0
5657, 111091, 1, 4096, 0
5658, 826514, 1, 4096, 0
5658, 6589, 1, 4096, 0
5658, 3265, 1, 4096, 0
5659, 455591, 1, 4096, 0
5659, 329197, 1, 4096, 0
5659, 6540, 1, 4096, 0
5659, 2572, 1, 4096, 0
5659, 3565, 1, 4096, 0
5659, 2440, 1, 4096, 0
5659, 2731, 1, 4096, 0
5659, 293267, 1, 4096, 0
5659, 5613, 1, 4096, 0
5661, 1947863, 1, 4096, 0
5662, 955163, 1, 4096, 0
5662, 5645, 1, 4096, 0
5662, 3890, 1, 4096, 0
5662, 4113, 1, 4096, 0
5662, 108576, 1, 4096, 0
5663, 963498, 1, 4096, 0
5663, 8444, 1, 4096, 0
5663, 5502, 1, 4096, 0
5663, 5092, 1, 4096, 0
5663, 4994, 1, 4096, 0
5663, 4190, 1, 4096, 0
5663, 3707, 1, 4096, 0
5663, 3729, 1, 4096, 0
5664, 195156, 1, 4096, 0
5664, 4963, 1, 4096, 0
5666, 2539146, 1, 4096, 0
5666, 11252, 1, 4096, 0
5667, 623331, 1, 4096, 0
5667, 549251, 1, 4096, 0
5667, 6834, 1, 4096, 0
5667, 3897, 1, 4096, 0
5667, 2678, 1, 4096, 0
5667, 2763, 1, 4096, 0
5667, 3429, 1, 4096, 0
5667, 3614, 1, 4096, 0
5667, 3200, 1, 4096, 0
5668, 728944, 1, 4096, 0
5668, 85280, 1, 4096, 0
5668, 5770, 1, 4096, 0
5669, 580728, 1, 4096, 0
5669, 5897, 1, 4096, 0
5669, 108795, 1, 4096, 0
5670, 1063552, 1, 4096, 0
5670, 6755, 1, 4096, 0
5670, 330069, 1, 4096, 0
5672, 1211557, 1, 4096, 0
5672, 7182, 1, 4096, 0
5672, 7677, 1, 4096, 0
5672, 277205, 1, 4096, 0
5672, 4470, 1, 4096, 0
5673, 768516, 1, 4096, 0
5673, 782391, 1, 4096, 0
5673, 7513, 1, 4096, 0
5673, 3308, 1, 4096, 0
5673, 3747, 1, 4096, 0
5675, 1093582, 1, 4096, 0
5675, 309363, 1, 4096, 0
5675, 6845, 1, 4096, 0
5675, 486767, 1, 4096, 0
5676, 304930, 1, 4096, 0
5676, 168794, 1, 4096, 0
5676, 312115, 1, 4096, 0
5677, 1047478, 1, 4096, 0
5677, 8961, 1, 4096, 0
5678, 573536, 1, 4096, 0
5678, 661221, 1, 4096, 0
5678, 6372, 1, 4096, 0
5679, 3222, 1, 4096, 0
5679, 554495, 1, 4096, 0
5679, 241128, 1, 4096, 0
5679, 143108, 1, 4096, 0
5680, 532274, 1, 4096, 0
5680, 4633, 1, 4096, 0
5682, 2157180, 1, 4096, 0
5682, 8591, 1, 4096, 0
5682, 4368, 1, 4096, 0
5682, 2893, 1, 4096, 0
5682, 173057, 1, 4096, 0
5683, 578393, 1, 4096, 0
5683, 5931, 1, 4096, 0
5683, 3501, 1, 4096, 0
5683, 3365, 1, 4096, 0
5683, 2935, 1, 4096, 0
5683, 2935, 1, 4096, 0
5683, 3316, 1, 4096, 0
5683, 2578, 1, 4096, 0
5685, 2134992, 1, 4096, 0
5685, 7700, 1, 4096, 0
5685, 4227, 1, 4096, 0
5685, 4448, 1, 4096, 0
5686, 420319, 1, 4096, 0
5686, 137251, 1, 4096, 0
5686, 554117, 1, 4096, 0
5687, 636909, 1, 4096, 0
5688, 770320, 1, 4096, 0
5688, 6879, 1, 4096, 0
5688, 3731, 1, 4096, 0
5688, 4830, 1, 4096, 0
5688, 416707, 1, 4096, 0
5688, 7219, 1, 4096, 0
5688, 3650, 1, 4096, 0
5688, 2669, 1, 4096, 0
5688, 3569, 1, 4096, 0
5688, 4322, 1, 4096, 0
5688, 3180, 1, 4096, 0
5688, 3574, 1, 4096, 0
5692, 3547236, 1, 4096, 0
5692, 387820, 1, 4096, 0
5692, 4231, 1, 4096, 0
5692, 2882, 1, 4096, 0
5692, 2419, 1, 4096, 0
5693, 839763, 1, 4096, 0
5693, 6340, 1, 4096, 0
5694, 596502, 1, 4096, 0
5694, 6582, 1, 4096, 0
5694, 2494, 1, 4096, 0
5694, 2865, 1, 4096, 0
5694, 2594, 1, 4096, 0
5694, 2864, 1, 4096, 0
5694, 4311, 1, 4096, 0
5694, 3266, 1, 4096, 0
5697, 2866275, 1, 4096, 0
5697, 128335, 1, 4096, 0
5697, 115284, 1, 4096, 0
5697, 39426, 1, 4096, 0
5697, 4969, 1, 4096, 0
5697, 134661, 1, 4096, 0
5697, 7754, 1, 4096, 0
5697, 3982, 1, 4096, 0
5697, 8664, 1, 4096, 0
5697, 3690, 1, 4096, 0
5697, 3704, 1, 4096, 0
5697, 3190, 1, 4096, 0
5697, 144248, 1, 4096, 0
5697, 139901, 1, 4096, 0
5700, 2444954, 1, 4096, 0
5700, 8400, 1, 4096, 0
5700, 562564, 1, 4096, 0
5701, 428213, 1, 4096, 0
5701, 5022, 1, 4096, 0
5701, 3596, 1, 4096, 0
5701, 2463, 1, 4096, 0
5701, 3889, 1, 4096, 0
5701, 3419, 1, 4096, 0
5701, 3826, 1, 4096, 0
5701, 7680, 1, 4096, 0
5701, 537876, 1, 4096, 0
5701, 10379, 1, 4096, 0
5701, 2985, 1, 4096, 0
5701, 2413, 1, 4096, 0
5701, 2989, 1, 4096, 0
5701, 4528, 1, 4096, 0
5701, 3757, 1, 4096, 0
5702, 850743, 1, 4096, 0
5702, 5034, 1, 4096, 0
5702, 2314, 1, 4096, 0
5702, 1648, 1, 4096, 0
5702, 2301, 1, 4096, 0
5702, 2195, 1, 4096, 0
5703, 427767, 1, 4096, 0
5704, 1210579, 1, 4096, 0
5705, 1308995, 1, 4096, 0
5705, 6896, 1, 4096, 0
5705, 4330, 1, 4096, 0
5705, 3503, 1, 4096, 0
5706, 627307, 1, 4096, 0
5706, 304998, 1, 4096, 0
5706, 195869, 1, 4096, 0
5706, 5115, 1, 4096, 0
5706, 3169, 1, 4096, 0
5706, 3257, 1, 4096, 0
5706, 3239, 1, 4096, 0
5708, 1240423, 1, 4096, 0
5708, 13225, 1, 4096, 0
5708, 4155, 1, 4096, 0
5708, 3267, 1, 4096, 0
5708, 3480, 1, 4096, 0
5708, 3091, 1, 4096, 0
5708, 4249, 1, 4096, 0
5708, 3139, 1, 4096, 0
5709, 1501262, 1, 4096, 0
5709, 7157, 1, 4096, 0
5709, 2728, 1, 4096, 0
5709, 2960, 1, 4096, 0
5709, 2391, 1, 4096, 0
5709, 2067, 1, 4096, 0
5709, 2614, 1, 4096, 0
5709, 47037, 1, 4096, 0
5710, 473993, 1, 4096, 0
5710, 4755, 1, 4096, 0
5710, 3183, 1, 4096, 0
5710, 143126, 1, 4096, 0
5712, 1780905, 1, 4096, 0
5712, 4942, 1, 4096, 0
5712, 3354, 1, 4096, 0
5712, 484420, 1, 4096, 0
5712, 8507, 1, 4096, 0
5712, 2310, 1, 4096, 0
5712, 2517, 1, 4096, 0
5712, 3592, 1, 4096, 0
5713, 575778, 1, 4096, 0
5713, 6097, 1, 4096, 0
5713, 4619, 1, 4096, 0
5713, 654148, 1, 4096, 0
5714, 4842, 1, 4096, 0
5714, 3385, 1, 4096, 0
5714, 1770, 1, 4096, 0
5714, 2839, 1, 4096, 0
5715, 1578727, 1, 4096, 0
5716, 1001463, 1, 4096, 0
5716, 319723, 1, 4096, 0
5717, 86063, 1, 4096, 0
5717, 203281, 1, 4096, 0
5717, 4591, 1, 4096, 0
5717, 3970, 1, 4096, 0
5717, 90886, 1, 4096, 0
5717, 4741, 1, 4096, 0
5717, 3311, 1, 4096, 0
5718, 681174, 1, 4096, 0
5718, 642813, 1, 4096, 0
5718, 240031, 1, 4096, 0
5719, 356098, 1, 4096, 0
5719, 653648, 1, 4096, 0
5719, 8426, 1, 4096, 0
5719, 3673, 1, 4096, 0
5719, 2773, 1, 4096, 0
5719, 2308, 1, 4096, 0
5719, 2537, 1, 4096, 0
5719, 3233, 1, 4096, 0
5720, 3177, 1, 4096, 0
5720, 634626, 1, 4096, 0
5721, 533842, 1, 4096, 0
5722, 1806499, 1, 4096, 0
5723, 492984, 1, 4096, 0
5723, 6151, 1, 4096, 0
5724, 920801, 1, 4096, 0
5724, 3663, 1, 4096, 0
5724, 2551, 1, 4096, 0
5724, 264385, 1, 4096, 0
5725, 1024307, 1, 4096, 0
5725, 7768, 1, 4096, 0
5726, 435208, 1, 4096, 0
5726, 5481, 1, 4096, 0
5726, 279136, 1, 4096, 0
5727, 999652, 1, 4096, 0
5727, 42379, 1, 4096, 0
5728, 1192101, 1, 4096, 0
5728, 4242, 1, 4096, 0
5728, 114060, 1, 4096, 0
5729, 577175, 1, 4096, 0
5729, 7940, 1, 4096, 0
5730, 738276, 1, 4096, 0
5730, 8159, 1, 4096, 0
5730, 3280, 1, 4096, 0
5730, 3525, 1, 4096, 0
5730, 2950, 1, 4096, 0
5730, 3773, 1, 4096, 0
5730, 3673, 1, 4096, 0
5730, 2936, 1, 4096, 0
5733, 2788229, 1, 4096, 0
5733, 8764, 1, 4096, 0
5733, 95695, 1, 4096, 0
5733, 4858, 1, 4096, 0
5733, 2255, 1, 4096, 0
5733, 3760, 1, 4096, 0
5733, 4894, 1, 4096, 0
5733, 3388, 1, 4096, 0
5733, 4009, 1, 4096, 0
5734, 920929, 1, 4096, 0
5734, 93220, 1, 4096, 0
5734, 5461, 1, 4096, 0
5734, 2782, 1, 4096, 0
5734, 3274, 1, 4096, 0
5734, 2956, 1, 4096, 0
5734, 575546, 1, 4096, 0
5735, 450670, 1, 4096, 0
5736, 1365596, 1, 4096, 0
5736, 6336, 1, 4096, 0
5736, 2556, 1, 4096, 0
5736, 3131, 1, 4096, 0
5736, 2975, 1, 4096, 0
5736, 3973, 1, 4096, 0
5736, 243935, 1, 4096, 0
5738, 1100745, 1, 4096, 0
5739, 1186450, 1, 4096, 0
5739, 5812, 1, 4096, 0
5739, 2455, 1, 4096, 0
5739, 2386, 1, 4096, 0
5739, 3300, 1, 4096, 0
5739, 3623, 1, 4096, 0
5739, 3533, 1, 4096, 0
5739, 2729, 1, 4096, 0
5739, 197531, 1, 4096, 0
5739, 6332, 1, 4096, 0
5739, 2910, 1, 4096, 0
5739, 3627, 1, 4096, 0
5739, 2881, 1, 4096, 0
5739, 2762, 1, 4096, 0
5739, 2295, 1, 4096, 0
5739, 4212, 1, 4096, 0
5740, 66748, 1, 4096, 0
5743, 2362266, 1, 4096, 0
5743, 6966, 1, 4096, 0
5743, 883908, 1, 4096, 0
5743, 6091, 1, 4096, 0
5743, 3412, 1, 4096, 0
5743, 3036, 1, 4096, 0
5744, 706537, 1, 4096, 0
5744, 4398, 1, 4096, 0
5746, 1384009, 1, 4096, 0
5746, 218591, 1, 4096, 0
5746, 312243, 1, 4096, 0
5746, 2563, 1, 4096, 0
5746, 2509, 1, 4096, 0
5747, 704342, 1, 4096, 0
5747, 11961, 1, 4096, 0
5747, 3363, 1, 4096, 0
5747, 3559, 1, 4096, 0
5747, 3151, 1, 4096, 0
5747, 2868, 1, 4096, 0
5747, 3990, 1, 4096, 0
5747, 3012, 1, 4096, 0
5747, 357104, 1, 4096, 0
5747, 7829, 1, 4096, 0
5747, 4208, 1, 4096, 0
5747, 3628, 1, 4096, 0
5747, 3393, 1, 4096, 0
5747, 4659, 1, 4096, 0
5747, 4731, 1, 4096, 0
5747, 4098, 1, 4096, 0
5749, 2144471, 1, 4096, 0
5750, 785037, 1, 4096, 0
5750, 7908, 1, 4096, 0
5750, 74022, 1, 4096, 0
5750, 197199, 1, 4096, 0
5751, 8487, 1, 4096, 0
5751, 3576, 1, 4096, 0
5751, 3296, 1, 4096, 0
5751, 3937, 1, 4096, 0
5751, 3086, 1, 4096, 0
5751, 3308, 1, 4096, 0
5751, 3091, 1, 4096, 0
5751, 159285, 1, 4096, 0
5751, 9082, 1, 4096, 0
5751, 9530, 1, 4096, 0
5751, 3887, 1, 4096, 0
5751, 4220, 1, 4096, 0
5751, 549563, 1, 4096, 0
5752, 433517, 1, 4096, 0
5752, 38867, 1, 4096, 0
5752, 625644, 1, 4096, 0
5752, 9684, 1, 4096, 0
5752, 3265, 1, 4096, 0
5752, 4756, 1, 4096, 0
5753, 9399, 1, 4096, 0
5754, 5634, 1, 4096, 0
5754, 201643, 1, 4096, 0
5754, 74808, 1, 4096, 0
5755, 597668, 1, 4096, 0
5755, 3255, 1, 4096, 0
5755, 1881, 1, 4096, 0
5756, 1011872, 1, 4096, 0
5756, 4205, 1, 4096, 0
5756, 2290, 1, 4096, 0
5756, 25273, 1, 4096, 0
5756, 5675, 1, 4096, 0
5756, 2748, 1, 4096, 0
5756, 4558, 1, 4096, 0
5756, 2935, 1, 4096, 0
5756, 3061, 1, 4096, 0
5756, 3411, 1, 4096, 0
5756, 3191, 1, 4096, 0
5757, 448563, 1, 4096, 0
5757, 7726, 1, 4096, 0
5757, 3464, 1, 4096, 0
5757, 3782, 1, 4096, 0
5757, 3500, 1, 4096, 0
5757, 3280, 1, 4096, 0
5759, 2278065, 1, 4096, 0
5759, 5550, 1, 4096, 0
5760, 839729, 1, 4096, 0
5760, 239559, 1, 4096, 0
5760, 13576, 1, 4096, 0
5760, 3902, 1, 4096, 0
5760, 2959, 1, 4096, 0
5760, 2978, 1, 4096, 0
5760, 3991, 1, 4096, 0
5760, 2874, 1, 4096, 0
5762, 1306481, 1, 4096, 0
5763, 988389, 1, 4096, 0
5763, 6477, 1, 4096, 0
5763, 4211, 1, 4096, 0
5763, 2494, 1, 4096, 0
5763, 3114, 1, 4096, 0
5763, 410994, 1, 4096, 0
5763, 303150, 1, 4096, 0
5765, 1225824, 1, 4096, 0
5765, 5651, 1, 4096, 0
5765, 4250, 1, 4096, 0
5765, 4287, 1, 4096, 0
5765, 3021, 1, 4096, 0
5765, 725024, 1, 4096, 0
5765, 6870, 1, 4096, 0
5765, 4016, 1, 4096, 0
5765, 3344, 1, 4096, 0
5765, 3711, 1, 4096, 0
5765, 3239, 1, 4096, 0
5765, 3028, 1, 4096, 0
5765, 3536, 1, 4096, 0
5767, 1618142, 1, 4096, 0
5767, 6612, 1, 4096, 0
5767, 3001, 1, 4096, 0
5767, 2333, 1, 4096, 0
5767, 1868, 1, 4096, 0
5767, 2977, 1, 4096, 0
5767, 4813, 1, 4096, 0
5767, 2003, 1, 4096, 0
5769, 2360419, 1, 4096, 0
5770, 454124, 1, 4096, 0
5770, 252895, 1, 4096, 0
5771, 338730, 1, 4096, 0
5771, 4910, 1, 4096, 0
5771, 3251, 1, 4096, 0
5771, 2849, 1, 4096, 0
5771, 2722, 1, 4096, 0
5771, 3004, 1, 4096, 0
5771, 3221, 1, 4096, 0
5771, 3190, 1, 4096, 0
5773, 2049556, 1, 4096, 0
5773, 8407, 1, 4096, 0
5773, 4263, 1, 4096, 0
5773, 3325, 1, 4096, 0
5773, 3436, 1, 4096, 0
5773, 3315, 1, 4096, 0
5773, 4013, 1, 4096, 0
5773, 5174, 1, 4096, 0
5775, 2195385, 1, 4096, 0
5775, 6812, 1, 4096, 0
5775, 3085, 1, 4096, 0
5775, 2723, 1, 4096, 0
5775, 3375, 1, 4096, 0
5775, 2870, 1, 4096, 0
5777, 2292562, 1, 4096, 0
5778, 718307, 1, 4096, 0
5778, 4758, 1, 4096, 0
5779, 596627, 1, 4096, 0
5779, 7497, 1, 4096, 0
5779, 6483, 1, 4096, 0
5779, 3556, 1, 4096, 0
5779, 4284, 1, 4096, 0
5779, 4019, 1, 4096, 0
5779, 4669, 1, 4096, 0
5779, 3228, 1, 4096, 0
5779, 258250, 1, 4096, 0
5779, 127220, 1, 4096, 0
5779, 7990, 1, 4096, 0
5779, 4788, 1, 4096, 0
5779, 4118, 1, 4096, 0
5779, 3324, 1, 4096, 0
5779, 3400, 1, 4096, 0
5779, 4678, 1, 4096, 0
5779, 148740, 1, 4096, 0
5780, 622878, 1, 4096, 0
5781, 1055095, 1, 4096, 0
5782, 1362903, 1, 4096, 0
5782, 228517, 1, 4096, 0
5783, 73249, 1, 4096, 0
5783, 7982, 1, 4096, 0
5783, 240114, 1, 4096, 0
5785, 1656970, 1, 4096, 0
5785, 26633, 1, 4096, 0
5785, 52964, 1, 4096, 0
5785, 3944, 1, 4096, 0
5786, 952942, 1, 4096, 0
5786, 307312, 1, 4096, 0
5786, 193370, 1, 4096, 0
5787, 1279541, 1, 4096, 0
5787, 8831, 1, 4096, 0
5787, 59387, 1, 4096, 0
5788, 109650, 1, 4096, 0
5788, 844357, 1, 4096, 0
5788, 10610, 1, 4096, 0
5789, 108622, 1, 4096, 0
5789, 292966, 1, 4096, 0
5790, 1197538, 1, 4096, 0
5790, 7924, 1, 4096, 0
5790, 3599, 1, 4096, 0
5790, 3746, 1, 4096, 0
5790, 3005, 1, 4096, 0
5790, 3554, 1, 4096, 0
5790, 4618, 1, 4096, 0
5790, 3081, 1, 4096, 0
5793, 2644974, 1, 4096, 0
5793, 7640, 1, 4096, 0
5793, 5322, 1, 4096, 0
5793, 3298, 1, 4096, 0
5793, 3881, 1, 4096, 0
5793, 2993, 1, 4096, 0
5793, 3890, 1, 4096, 0
5793, 264391, 1, 4096, 0
5793, 6152, 1, 4096, 0
5793, 2349, 1, 4096, 0
5793, 3549, 1, 4096, 0
5793, 2413, 1, 4096, 0
5793, 2578, 1, 4096, 0
5793, 4013, 1, 4096, 0
5793, 1810, 1, 4096, 0
5794, 1391340, 1, 4096, 0
5795, 426396, 1, 4096, 0
5795, 5951, 1, 4096, 0
5795, 3150, 1, 4096, 0
5795, 3059, 1, 4096, 0
5795, 2847, 1, 4096, 0
5795, 3311, 1, 4096, 0
5795, 236295, 1, 4096, 0
5796, 1278287, 1, 4096, 0
5798, 1131100, 1, 4096, 0
5798, 151228, 1, 4096, 0
5798, 3620, 1, 4096, 0
5798, 3673, 1, 4096, 0
5798, 683183, 1, 4096, 0
5798, 5304, 1, 4096, 0
5799, 506961, 1, 4096, 0
5799, 317660, 1, 4096, 0
5800, 963948, 1, 4096, 0
5800, 6733, 1, 4096, 0
5800, 3594, 1, 4096, 0
5800, 2943, 1, 4096, 0
5801, 245414, 1, 4096, 0
5801, 41386, 1, 4096, 0
5802, 1105599, 1, 4096, 0
5802, 553934, 1, 4096, 0
5802, 5071, 1, 4096, 0
5802, 3406, 1, 4096, 0
5802, 3808, 1, 4096, 0
5802, 3131, 1, 4096, 0
5802, 3739, 1, 4096, 0
5802, 3396, 1, 4096, 0
5802, 3694, 1, 4096, 0
5805, 2511797, 1, 4096, 0
5805, 11060, 1, 4096, 0
5805, 3669, 1, 4096, 0
5805, 3039, 1, 4096, 0
5805, 3469, 1, 4096, 0
5805, 3281, 1, 4096, 0
5805, 3071, 1, 4096, 0
5805, 3768, 1, 4096, 0
5805, 638302, 1, 4096, 0
5805, 6147, 1, 4096, 0
5806, 3986, 1, 4096, 0
5806, 4108, 1, 4096, 0
5806, 3607, 1, 4096, 0
5806, 321751, 1, 4096, 0
5806, 6427, 1, 4096, 0
5807, 1079330, 1, 4096, 0
5807, 333449, 1, 4096, 0
5808, 378535, 1, 4096, 0
5808, 6225, 1, 4096, 0
5809, 977789, 1, 4096, 0
5809, 133546, 1, 4096, 0
5809, 88053, 1, 4096, 0
5809, 8451, 1, 4096, 0
5809, 3460, 1, 4096, 0
5809, 4086, 1, 4096, 0
5809, 3165, 1, 4096, 0
5809, 3287, 1, 4096, 0
5809, 4034, 1, 4096, 0
5809, 3667, 1, 4096, 0
5811, 2107701, 1, 4096, 0
5811, 5310, 1, 4096, 0
5811, 2998, 1, 4096, 0
5811, 2802, 1, 4096, 0
5811, 3733, 1, 4096, 0
5811, 207527, 1, 4096, 0
5811, 153757, 1, 4096, 0
5811, 9062, 1, 4096, 0
5811, 4590, 1, 4096, 0
5813, 1549880, 1, 4096, 0
5814, 706541, 1, 4096, 0
5814, 5362, 1, 4096, 0
5814, 3158, 1, 4096, 0
5814, 3610, 1, 4096, 0
5814, 4485, 1, 4096, 0
5814, 342501, 1, 4096, 0
5815, 664050, 1, 4096, 0
5817, 2000183, 1, 4096, 0
5817, 5741, 1, 4096, 0
5817, 3401, 1, 4096, 0
5817, 3322, 1, 4096, 0
5817, 293731, 1, 4096, 0
5818, 532628, 1, 4096, 0
5818, 6243, 1, 4096, 0
5818, 445441, 1, 4096, 0
5819, 559362, 1, 4096, 0
5819, 137875, 1, 4096, 0
5819, 427246, 1, 4096, 0
5819, 5019, 1, 4096, 0
5820, 114950, 1, 4096, 0
5820, 64049, 1, 4096, 0
5821, 1031464, 1, 4096, 0
5821, 5662, 1, 4096, 0
5821, 725981, 1, 4096, 0
5821, 9013, 1, 4096, 0
5822, 534495, 1, 4096, 0
5823, 1197934, 1, 4096, 0
5823, 6092, 1, 4096, 0
5823, 3653, 1, 4096, 0
5823, 5305, 1, 4096, 0
5824, 676301, 1, 4096, 0
5824, 6804, 1, 4096, 0
5824, 2706, 1, 4096, 0
5824, 2939, 1, 4096, 0
5824, 3180, 1, 4096, 0
5824, 3376, 1, 4096, 0
5824, 3330, 1, 4096, 0
5824, 3729, 1, 4096, 0
5826, 2198731, 1, 4096, 0
5826, 98965, 1, 4096, 0
5826, 8290, 1, 4096, 0
5826, 4024, 1, 4096, 0
5826, 4328, 1, 4096, 0
5826, 4123, 1, 4096, 0
5827, 441597, 1, 4096, 0
5827, 5148, 1, 4096, 0
5827, 522523, 1, 4096, 0
5829, 1989739, 1, 4096, 0
5829, 192847, 1, 4096, 0
5830, 244048, 1, 4096, 0
5830, 186975, 1, 4096, 0
5830, 237264, 1, 4096, 0
5830, 7604, 1, 4096, 0
5830, 329595, 1, 4096, 0
5831, 139323, 1, 4096, 0
5832, 928334, 1, 4096, 0
5833, 1052883, 1, 4096, 0
5833, 5975, 1, 4096, 0
5833, 167134, 1, 4096, 0
5833, 488485, 1, 4096, 0
5833, 8962, 1, 4096, 0
5833, 2867, 1, 4096, 0
5833, 129336, 1, 4096, 0
5833, 43722, 1, 4096, 0
5834, 220616, 1, 4096, 0
5834, 10139, 1, 4096, 0
5834, 3321, 1, 4096, 0
5834, 4458, 1, 4096, 0
5834, 3296, 1, 4096, 0
5834, 3198, 1, 4096, 0
5834, 3440, 1, 4096, 0
5834, 3322, 1, 4096, 0
5837, 3002644, 1, 4096, 0
5837, 7685, 1, 4096, 0
5837, 6030, 1, 4096, 0
5837, 4299, 1, 4096, 0
5837, 7311, 1, 4096, 0
5837, 5110, 1, 4096, 0
5837, 4177, 1, 4096, 0
5837, 3951, 1, 4096, 0
5837, 407232, 1, 4096, 0
5837, 5114, 1, 4096, 0
5838, 335918, 1, 4096, 0
5838, 462925, 1, 4096, 0
5839, 1127237, 1, 4096, 0
5839, 7320, 1, 4096, 0
5839, 3941, 1, 4096, 0
5839, 4270, 1, 4096, 0
5839, 3674, 1, 4096, 0
5839, 3158, 1, 4096, 0
5839, 2745, 1, 4096, 0
5839, 3346, 1, 4096, 0
5841, 2037403, 1, 4096, 0
5841, 8701, 1, 4096, 0
5841, 5223, 1, 4096, 0
5841, 3245, 1, 4096, 0
5841, 2794, 1, 4096, 0
5841, 2678, 1, 4096, 0
5841, 3216, 1, 4096, 0
5841, 2736, 1, 4096, 0
5842, 282576, 1, 4096, 0
5842, 6003, 1, 4096, 0
5842, 280079, 1, 4096, 0
5842, 141631, 1, 4096, 0
5842, 6293, 1, 4096, 0
5842, 3878, 1, 4096, 0
5842, 5381, 1, 4096, 0
5842, 3592, 1, 4096, 0
5842, 3783, 1, 4096, 0
5842, 4500, 1, 4096, 0
5843, 646350, 1, 4096, 0
5843, 6646, 1, 4096, 0
5843, 2591, 1, 4096, 0
5843, 7542, 1, 4096, 0
5846, 1224825, 1, 4096, 0
5846, 8564, 1, 4096, 0
5846, 242032, 1, 4096, 0
5846, 6165, 1, 4096, 0
5846, 3591, 1, 4096, 0
5846, 94431, 1, 4096, 0
5846, 171987, 1, 4096, 0
5846, 5035, 1, 4096, 0
5846, 2794, 1, 4096, 0
5846, 2378, 1, 4096, 0
5846, 2352, 1, 4096, 0
5847, 509838, 1, 4096, 0
5847, 4273, 1, 4096, 0
5847, 640999, 1, 4096, 0
5849, 1315374, 1, 4096, 0
5849, 3761, 1, 4096, 0
5849, 3800, 1, 4096, 0
5849, 1814, 1, 4096, 0
5849, 2536, 1, 4096, 0
5849, 2427, 1, 4096, 0
5849, 3422, 1, 4096, 0
5849, 3373, 1, 4096, 0
5850, 1071388, 1, 4096, 0
5850, 6003, 1, 4096, 0
5850, 2870, 1, 4096, 0
5850, 291337, 1, 4096, 0
5850, 5366, 1, 4096, 0
5850, 3537, 1, 4096, 0
5850, 3253, 1, 4096, 0
5850, 3647, 1, 4096, 0
5850, 5238, 1, 4096, 0
5850, 3510, 1, 4096, 0
5850, 4511, 1, 4096, 0
5852, 1951208, 1, 4096, 0
5852, 9875, 1, 4096, 0
5852, 3631, 1, 4096, 0
5852, 3842, 1, 4096, 0
5852, 2689, 1, 4096, 0
5853, 269907, 1, 4096, 0
5853, 81571, 1, 4096, 0
5853, 5645, 1, 4096, 0
5853, 3094, 1, 4096, 0
5853, 18113, 1, 4096, 0
5853, 4381, 1, 4096, 0
5853, 3471, 1, 4096, 0
5853, 2602, 1, 4096, 0
5853, 439148, 1, 4096, 0
5854, 368949, 1, 4096, 0
5854, 5914, 1, 4096, 0
5854, 2723, 1, 4096, 0
5854, 3349, 1, 4096, 0
5854, 229361, 1, 4096, 0
5854, 369176, 1, 4096, 0
5854, 17250, 1, 4096, 0
5855, 418962, 1, 4096, 0
5855, 75957, 1, 4096, 0
5856, 703908, 1, 4096, 0
5857, 746371, 1, 4096, 0
5857, 111101, 1, 4096, 0
5857, 658810, 1, 4096, 0
5857, 182497, 1, 4096, 0
5858, 752415, 1, 4096, 0
5858, 6578, 1, 4096, 0
5859, 1112113, 1, 4096, 0
5860, 407185, 1, 4096, 0
5860, 4681, 1, 4096, 0
5860, 3209, 1, 4096, 0
5860, 210006, 1, 4096, 0
5860, 6557, 1, 4096, 0
5860, 2881, 1, 4096, 0
5860, 3896, 1, 4096, 0
5860, 3451, 1, 4096, 0
5860, 2839, 1, 4096, 0
5860, 4469, 1, 4096, 0
5860, 2422, 1, 4096, 0
5861, 609242, 1, 4096, 0
5861, 4850, 1, 4096, 0
5861, 5532, 1, 4096, 0
5861, 4333, 1, 4096, 0
5861, 4382, 1, 4096, 0
5861, 5185, 1, 4096, 0
5861, 4076, 1, 4096, 0
5861, 3391, 1, 4096, 0
5862, 1040678, 1, 4096, 0
5862, 8936, 1, 4096, 0
5863, 712219, 1, 4096, 0
5863, 6613, 1, 4096, 0
5864, 409596, 1, 4096, 0
5864, 6279, 1, 4096, 0
5864, 2540, 1, 4096, 0
5864, 11075, 1, 4096, 0
5865, 866549, 1, 4096, 0
5865, 8640, 1, 4096, 0
5865, 577982, 1, 4096, 0
5865, 7106, 1, 4096, 0
5865, 4028, 1, 4096, 0
5865, 3326, 1, 4096, 0
5865, 5033, 1, 4096, 0
5865, 4312, 1, 4096, 0
5866, 184802, 1, 4096, 0
5866, 5862, 1, 4096, 0
5866, 3618, 1, 4096, 0
5866, 3987, 1, 4096, 0
5866, 4262, 1, 4096, 0
5866, 10671, 1, 4096, 0
5866, 260663, 1, 4096, 0
5866, 5753, 1, 4096, 0
5867, 725495, 1, 4096, 0
5868, 930301, 1, 4096, 0
5870, 1987592, 1, 4096, 0
5870, 5642, 1, 4096, 0
5870, 3767, 1, 4096, 0
5870, 234120, 1, 4096, 0
5870, 5406, 1, 4096, 0
5870, 3969, 1, 4096, 0
5870, 26336, 1, 4096, 0
5870, 6529, 1, 4096, 0
5870, 6045, 1, 4096, 0
5870, 5733, 1, 4096, 0
5870, 3979, 1, 4096, 0
5870, 3620, 1, 4096, 0
5870, 3269, 1, 4096, 0
5870, 4945, 1, 4096, 0
5872, 1771673, 1, 4096, 0
5872, 8200, 1, 4096, 0
5872, 3708, 1, 4096, 0
5872, 4102, 1, 4096, 0
5872, 3323, 1, 4096, 0
5872, 3056, 1, 4096, 0
5872, 2884, 1, 4096, 0
5872, 3036, 1, 4096, 0
5872, 189342, 1, 4096, 0
5872, 6741, 1, 4096, 0
5873, 9362, 1, 4096, 0
5873, 4234, 1, 4096, 0
5873, 3250, 1, 4096, 0
5873, 5372, 1, 4096, 0
5874, 423972, 1, 4096, 0
5875, 944308, 1, 4096, 0
5875, 6252, 1, 4096, 0
5875, 4366, 1, 4096, 0
5875, 2295, 1, 4096, 0
5876, 875086, 1, 4096, 0
5876, 5574, 1, 4096, 0
5876, 2430, 1, 4096, 0
5876, 1824, 1, 4096, 0
5876, 8968, 1, 4096, 0
5876, 82076, 1, 4096, 0
5876, 5635, 1, 4096, 0
5876, 4283, 1, 4096, 0
5877, 679880, 1, 4096, 0
5878, 518469, 1, 4096, 0
5879, 1026626, 1, 4096, 0
5879, 5880, 1, 4096, 0
5879, 2722, 1, 4096, 0
5879, 1880, 1, 4096, 0
5879, 317632, 1, 4096, 0
5880, 879428, 1, 4096, 0
5881, 715566, 1, 4096, 0
5881, 254435, 1, 4096, 0
5881, 4933, 1, 4096, 0
5882, 654022, 1, 4096, 0
5882, 341427, 1, 4096, 0
5882, 4300, 1, 4096, 0
5882, 382225, 1, 4096, 0
5883, 84584, 1, 4096, 0
5884, 1766957, 1, 4096, 0
5884, 16933, 1, 4096, 0
5884, 3081, 1, 4096, 0
5885, 741274, 1, 4096, 0
5886, 486975, 1, 4096, 0
5886, 421951, 1, 4096, 0
5886, 7222, 1, 4096, 0
5886, 3493, 1, 4096, 0
5886, 2950, 1, 4096, 0
5886, 3522, 1, 4096, 0
5886, 3562, 1, 4096, 0
5886, 3552, 1, 4096, 0
5886, 3785, 1, 4096, 0
5889, 2530115, 1, 4096, 0
5889, 5654, 1, 4096, 0
5889, 2552, 1, 4096, 0
5889, 2388, 1, 4096, 0
5889, 2446, 1, 4096, 0
5889, 2167, 1, 4096, 0
5889, 630483, 1, 4096, 0
5889, 6821, 1, 4096, 0
5890, 674989, 1, 4096, 0
5890, 169157, 1, 4096, 0
5891, 976893, 1, 4096, 0
5891, 86543, 1, 4096, 0
5892, 686813, 1, 4096, 0
5892, 5835, 1, 4096, 0
5892, 328940, 1, 4096, 0
5893, 367919, 1, 4096, 0
5893, 8694, 1, 4096, 0
5893, 4303, 1, 4096, 0
5893, 3717, 1, 4096, 0
5893, 5430, 1, 4096, 0
5893, 3778, 1, 4096, 0
5893, 3454, 1, 4096, 0
5893, 4400, 1, 4096, 0
5893, 145981, 1, 4096, 0
5893, 127378, 1, 4096, 0
5893, 6728, 1, 4096, 0
5893, 4121, 1, 4096, 0
5893, 4003, 1, 4096, 0
5893, 5588, 1, 4096, 0
5893, 3575, 1, 4096, 0
5893, 3608, 1, 4096, 0
5893, 3559, 1, 4096, 0
5894, 55889, 1, 4096, 0
5894, 3496, 1, 4096, 0
5894, 6504, 1, 4096, 0
5894, 3350, 1, 4096, 0
5897, 1508584, 1, 4096, 0
5898, 993610, 1, 4096, 0
5898, 5597, 1, 4096, 0
5898, 2399, 1, 4096, 0
5898, 2419, 1, 4096, 0
5898, 2463, 1, 4096, 0
5898, 2372, 1, 4096, 0
5898, 2228, 1, 4096, 0
5898, 180246, 1, 4096, 0
5900, 1904406, 1, 4096, 0
5900, 5910, 1, 4096, 0
5900, 2495, 1, 4096, 0
5900, 302394, 1, 4096, 0
5900, 2876, 1, 4096, 0
5900, 378692, 1, 4096, 0
5900, 5154, 1, 4096, 0
5902, 1504631, 1, 4096, 0
5902, 7020, 1, 4096, 0
5903, 706579, 1, 4096, 0
5903, 163989, 1, 4096, 0
5903, 3886, 1, 4096, 0
5903, 3640, 1, 4096, 0
5903, 75992, 1, 4096, 0
5904, 1012953, 1, 4096, 0
5905, 842137, 1, 4096, 0
5905, 5960, 1, 4096, 0
5905, 2926, 1, 4096, 0
5906, 1053765, 1, 4096, 0
5906, 362123, 1, 4096, 0
5906, 4518, 1, 4096, 0
5907, 428088, 1, 4096, 0
5907, 5429, 1, 4096, 0
5907, 375855, 1, 4096, 0
5907, 5212, 1, 4096, 0
5908, 573260, 1, 4096, 0
5909, 1113815, 1, 4096, 0
5909, 8787, 1, 4096, 0
5909, 3191, 1, 4096, 0
5909, 2618, 1, 4096, 0
5909, 3328, 1, 4096, 0
5909, 218421, 1, 4096, 0
5909, 7070, 1, 4096, 0
5909, 3450, 1, 4096, 0
5909, 3542, 1, 4096, 0
5909, 4408, 1, 4096, 0
5909, 3623, 1, 4096, 0
5909, 3202, 1, 4096, 0
5909, 3401, 1, 4096, 0
5912, 2607682, 1, 4096, 0
5912, 6471, 1, 4096, 0
5912, 5123, 1, 4096, 0
5912, 2936, 1, 4096, 0
5912, 3032, 1, 4096, 0
5912, 4231, 1, 4096, 0
5912, 3606, 1, 4096, 0
5912, 3432, 1, 4096, 0
5913, 1759793, 1, 4096, 0
5913, 9122, 1, 4096, 0
5914, 2669, 1, 4096, 0
5914, 3454, 1, 4096, 0
5914, 2167, 1, 4096, 0
5914, 201105, 1, 4096, 0
5914, 6554, 1, 4096, 0
5914, 2389, 1, 4096, 0
5914, 2230, 1, 4096, 0
5914, 336859, 1, 4096, 0
5914, 230770, 1, 4096, 0
5914, 25420, 1, 4096, 0
5915, 924968, 1, 4096, 0
5915, 6167, 1, 4096, 0
5915, 4037, 1, 4096, 0
5915, 3577, 1, 4096, 0
5915, 117525, 1, 4096, 0
5915, 5404, 1, 4096, 0
5917, 1778390, 1, 4096, 0
5918, 822290, 1, 4096, 0
5918, 172519, 1, 4096, 0
5918, 5683, 1, 4096, 0
5918, 3253, 1, 4096, 0
5919, 321317, 1, 4096, 0
5919, 300606, 1, 4096, 0
5920, 967508, 1, 4096, 0
5920, 341189, 1, 4096, 0
5921, 1067942, 1, 4096, 0
5921, 6769, 1, 4096, 0
5921, 3765, 1, 4096, 0
5921, 3468, 1, 4096, 0
5921, 4606, 1, 4096, 0
5921, 4328, 1, 4096, 0
5921, 3684, 1, 4096, 0
5921, 3144, 1, 4096, 0
5922, 565449, 1, 4096, 0
5922, 8619, 1, 4096, 0
5922, 4101, 1, 4096, 0
5922, 3582, 1, 4096, 0
5922, 3573, 1, 4096, 0
5922, 3168, 1, 4096, 0
5922, 4586, 1, 4096, 0
5922, 3465, 1, 4096, 0
5925, 2930500, 1, 4096, 0
5925, 550834, 1, 4096, 0
5926, 578347, 1, 4096, 0
5926, 332776, 1, 4096, 0
5926, 6760, 1, 4096, 0
5926, 3038, 1, 4096, 0
5927, 620181, 1, 4096, 0
5927, 6215, 1, 4096, 0
5927, 2654, 1, 4096, 0
5927, 2292, 1, 4096, 0
5927, 2872, 1, 4096, 0
5927, 2930, 1, 4096, 0
5927, 352540, 1, 4096, 0
5927, 7446, 1, 4096, 0
5927, 4944, 1, 4096, 0
5927, 4301, 1, 4096, 0
5927, 3827, 1, 4096, 0
5927, 3708, 1, 4096, 0
5928, 314538, 1, 4096, 0
5928, 502597, 1, 4096, 0
5928, 6709, 1, 4096, 0
5929, 431567, 1, 4096, 0
5929, 5869, 1, 4096, 0
5929, 6122, 1, 4096, 0
5929, 4190, 1, 4096, 0
5930, 1192570, 1, 4096, 0
5931, 976694, 1, 4096, 0
5932, 413463, 1, 4096, 0
5932, 3936, 1, 4096, 0
5932, 3386, 1, 4096, 0
5932, 410021, 1, 4096, 0
5933, 1071507, 1, 4096, 0
5933, 3920, 1, 4096, 0
5934, 607136, 1, 4096, 0
5934, 8299, 1, 4096, 0
5934, 5236, 1, 4096, 0
5934, 3286, 1, 4096, 0
5934, 2968, 1, 4096, 0
5934, 3589, 1, 4096, 0
5935, 991596, 1, 4096, 0
5935, 5824, 1, 4096, 0
5935, 3711, 1, 4096, 0
5936, 1249590, 1, 4096, 0
5936, 7447, 1, 4096, 0
5937, 953069, 1, 4096, 0
5937, 8529, 1, 4096, 0
5938, 756106, 1, 4096, 0
5939, 573541, 1, 4096, 0
5939, 459155, 1, 4096, 0
5939, 144826, 1, 4096, 0
5939, 5843, 1, 4096, 0
5939, 3469, 1, 4096, 0
5939, 3611, 1, 4096, 0
5939, 7645, 1, 4096, 0
5939, 3200, 1, 4096, 0
5939, 3568, 1, 4096, 0
5939, 6017, 1, 4096, 0
5940, 599402, 1, 4096, 0
5940, 5766, 1, 4096, 0
5940, 4366, 1, 4096, 0
5940, 3125, 1, 4096, 0
5941, 944403, 1, 4096, 0
5942, 786860, 1, 4096, 0
5942, 41776, 1, 4096, 0
5943, 1046167, 1, 4096, 0
5943, 7501, 1, 4096, 0
5943, 288056, 1, 4096, 0
5943, 425983, 1, 4096, 0
5944, 376600, 1, 4096, 0
5944, 192338, 1, 4096, 0
5945, 1510235, 1, 4096, 0
5946, 7061, 1, 4096, 0
5946, 420561, 1, 4096, 0
5946, 235886, 1, 4096, 0
5947, 344266, 1, 4096, 0
5947, 428917, 1, 4096, 0
5948, 825088, 1, 4096, 0
5948, 4261, 1, 4096, 0
5949, 887576, 1, 4096, 0
5949, 18782, 1, 4096, 0
5949, 144786, 1, 4096, 0
5949, 4286, 1, 4096, 0
5949, 202880, 1, 4096, 0
5949, 114220, 1, 4096, 0
5949, 243822, 1, 4096, 0
5949, 6810, 1, 4096, 0
5949, 2732, 1, 4096, 0
5949, 3723, 1, 4096, 0
5949, 2546, 1, 4096, 0
5949, 2969, 1, 4096, 0
5949, 3381, 1, 4096, 0
5949, 3022, 1, 4096, 0
5951, 1406089, 1, 4096, 0
5951, 6431, 1, 4096, 0
5951, 4155, 1, 4096, 0
5951, 4567, 1, 4096, 0
5951, 3353, 1, 4096, 0
5951, 3742, 1, 4096, 0
5951, 3713, 1, 4096, 0
5951, 3341, 1, 4096, 0
5954, 3131380, 1, 4096, 0
5954, 6202, 1, 4096, 0
5954, 3081, 1, 4096, 0
5955, 756106, 1, 4096, 0
5955, 6238, 1, 4096, 0
5955, 533476, 1, 4096, 0
5955, 4029, 1, 4096, 0
5955, 3509, 1, 4096, 0
5958, 2272807, 1, 4096, 0
5958, 716819, 1, 4096, 0
5958, 7462, 1, 4096, 0
5958, 4644, 1, 4096, 0
5958, 3648, 1, 4096, 0
5958, 3998, 1, 4096, 0
5958, 3825, 1, 4096, 0
5958, 3872, 1, 4096, 0
5958, 3056, 1, 4096, 0
5961, 2875382, 1, 4096, 0
5961, 6038, 1, 4096, 0
5961, 113042, 1, 4096, 0
5962, 68592, 1, 4096, 0
5963, 998273, 1, 4096, 0
5963, 5049, 1, 4096, 0
5963, 534208, 1, 4096, 0
5964, 757052, 1, 4096, 0
5964, 167367, 1, 4096, 0
5964, 26873, 1, 4096, 0
5964, 4663, 1, 4096, 0
5964, 3380, 1, 4096, 0
5964, 3929, 1, 4096, 0
5964, 3899, 1, 4096, 0
5964, 3479, 1, 4096, 0
5964, 3553, 1, 4096, 0
5964, 3497, 1, 4096, 0
5966, 2291205, 1, 4096, 0
5966, 69390, 1, 4096, 0
5966, 8462, 1, 4096, 0
5966, 3997, 1, 4096, 0
5966, 4060, 1, 4096, 0
5966, 3863, 1, 4096, 0
5967, 354437, 1, 4096, 0
5967, 223979, 1, 4096, 0
5967, 6453, 1, 4096, 0
5967, 3725, 1, 4096, 0
5967, 3456, 1, 4096, 0
5967, 3456, 1, 4096, 0
5967, 3780, 1, 4096, 0
5967, 4339, 1, 4096, 0
5967, 3201, 1, 4096, 0
5967, 59721, 1, 4096, 0
5967, 8459, 1, 4096, 0
5968, 660899, 1, 4096, 0
5970, 1721131, 1, 4096, 0
5970, 7394, 1, 4096, 0
5970, 3244, 1, 4096, 0
5970, 2984, 1, 4096, 0
5970, 3782, 1, 4096, 0
5971, 1124286, 1, 4096, 0
5972, 638892, 1, 4096, 0
5972, 5954, 1, 4096, 0
5972, 7701, 1, 4096, 0
5972, 228874, 1, 4096, 0
5972, 5421, 1, 4096, 0
5972, 430266, 1, 4096, 0
5972, 4651, 1, 4096, 0
5973, 365380, 1, 4096, 0
5973, 436902, 1, 4096, 0
5973, 3403, 1, 4096, 0
5973, 70094, 1, 4096, 0
5973, 290946, 1, 4096, 0
5974, 8649, 1, 4096, 0
5974, 152140, 1, 4096, 0
5974, 5163, 1, 4096, 0
5974, 2944, 1, 4096, 0
5974, 2182, 1, 4096, 0
5974, 1840, 1, 4096, 0
5974, 2140, 1, 4096, 0
5974, 4594, 1, 4096, 0
5974, 581726, 1, 4096, 0
5976, 1462369, 1, 4096, 0
5976, 7922, 1, 4096, 0
5976, 2473, 1, 4096, 0
5976, 2115, 1, 4096, 0
5976, 216145, 1, 4096, 0
5977, 1228155, 1, 4096, 0
5977, 5702, 1, 4096, 0
5978, 476396, 1, 4096, 0
5978, 408109, 1, 4096, 0
5978, 5386, 1, 4096, 0
5978, 3465, 1, 4096, 0
5978, 3363, 1, 4096, 0
5978, 3139, 1, 4096, 0
5978, 3336, 1, 4096, 0
5979, 586722, 1, 4096, 0
5980, 1031206, 1, 4096, 0
5980, 430756, 1, 4096, 0
5980, 7520, 1, 4096, 0
5980, 3355, 1, 4096, 0
5980, 4891, 1, 4096, 0
5980, 3620, 1, 4096, 0
5980, 2917, 1, 4096, 0
5980, 4673, 1, 4096, 0
5980, 2278, 1, 4096, 0
5982, 1588799, 1, 4096, 0
5982, 7614, 1, 4096, 0
5982, 3620, 1, 4096, 0
5982, 2929, 1, 4096, 0
5982, 3429, 1, 4096, 0
5982, 3145, 1, 4096, 0
5982, 2860, 1, 4096, 0
5982, 3965, 1, 4096, 0
5984, 2248047, 1, 4096, 0
5984, 7575, 1, 4096, 0
5984, 3163, 1, 4096, 0
5984, 3459, 1, 4096, 0
5984, 3265, 1, 4096, 0
5984, 3265, 1, 4096, 0
5984, 6196, 1, 4096, 0
5985, 666802, 1, 4096, 0
5985, 7591, 1, 4096, 0
5985, 3052, 1, 4096, 0
5985, 3186, 1, 4096, 0
5985, 3454, 1, 4096, 0
5985, 4562, 1, 4096, 0
5985, 5964, 1, 4096, 0
5985, 4645, 1, 4096, 0
5986, 57704, 1, 4096, 0
5986, 7668, 1, 4096, 0
5986, 95613, 1, 4096, 0
5987, 365371, 1, 4096, 0
5987, 50306, 1, 4096, 0
5987, 85208, 1, 4096, 0
5987, 453598, 1, 4096, 0
5987, 8433, 1, 4096, 0
5989, 1297280, 1, 4096, 0
5989, 210406, 1, 4096, 0
5989, 7494, 1, 4096, 0
5990, 701969, 1, 4096, 0
5990, 135116, 1, 4096, 0
5990, 5894, 1, 4096, 0
5990, 3031, 1, 4096, 0
5990, 2986, 1, 4096, 0
5990, 3132, 1, 4096, 0
5990, 2650, 1, 4096, 0
5990, 2438, 1, 4096, 0
5990, 1485, 1, 4096, 0
5990, 121725, 1, 4096, 0
5990, 4752, 1, 4096, 0
5990, 181803, 1, 4096, 0
5991, 745878, 1, 4096, 0
5992, 1338191, 1, 4096, 0
5993, 846282, 1, 4096, 0
5993, 442716, 1, 4096, 0
5993, 4101, 1, 4096, 0
5994, 3997, 1, 4096, 0
5994, 3038, 1, 4096, 0
5994, 169305, 1, 4096, 0
5994, 382010, 1, 4096, 0
5995, 1060811, 1, 4096, 0
5996, 1286267, 1, 4096, 0
5996, 7662, 1, 4096, 0
5996, 5339, 1, 4096, 0
5998, 1111795, 1, 4096, 0
5998, 5058, 1, 4096, 0
5998, 3814, 1, 4096, 0
5998, 626132, 1, 4096, 0
5999, 611992, 1, 4096, 0
5999, 2751, 1, 4096, 0
5999, 2895, 1, 4096, 0
5999, 281500, 1, 4096, 0
6000, 548577, 1, 4096, 0
6000, 4814, 1, 4096, 0
6000, 2887, 1, 4096, 0
6000, 3321, 1, 4096, 0
6000, 3225, 1, 4096, 0
6000, 3520, 1, 4096, 0
6000, 5628, 1, 4096, 0
6000, 3751, 1, 4096, 0
6001, 1588723, 1, 4096, 0
6001, 5775, 1, 4096, 0
6001, 136129, 1, 4096, 0
6002, 440022, 1, 4096, 0
6002, 4906, 1, 4096, 0
6002, 4036, 1, 4096, 0
6002, 3704, 1, 4096, 0
6004, 1747675, 1, 4096, 0
6004, 322773, 1, 4096, 0
6005, 669646, 1, 4096, 0
6005, 4736, 1, 4096, 0
6005, 260706, 1, 4096, 0
6005, 147590, 1, 4096, 0
6005, 73528, 1, 4096, 0
6005, 6113, 1, 4096, 0
6005, 2726, 1, 4096, 0
6005, 1890, 1, 4096, 0
6005, 2642, 1, 4096, 0
6005, 2180, 1, 4096, 0
6005, 2481, 1, 4096, 0
6005, 2137, 1, 4096, 0
6008, 3089967, 1, 4096, 0
6008, 8164, 1, 4096, 0
6008, 3777, 1, 4096, 0
6009, 463641, 1, 4096, 0
6009, 7009, 1, 4096, 0
6009, 3697, 1, 4096, 0
6009, 3863, 1, 4096, 0
6010, 744848, 1, 4096, 0
6012, 2063310, 1, 4096, 0
6012, 9589, 1, 4096, 0
6012, 3391, 1, 4096, 0
6012, 309384, 1, 4096, 0
6012, 178106, 1, 4096, 0
6013, 506695, 1, 4096, 0
6013, 9848, 1, 4096, 0
6014, 1000545, 1, 4096, 0
6014, 9412, 1, 4096, 0
6014, 542286, 1, 4096, 0
6014, 5967, 1, 4096, 0
6014, 3645, 1, 4096, 0
6014, 3466, 1, 4096, 0
6014, 3570, 1, 4096, 0
6014, 3362, 1, 4096, 0
6014, 3376, 1, 4096, 0
6014, 3257, 1, 4096, 0
6015, 894418, 1, 4096, 0
6015, 6836, 1, 4096, 0
6016, 607318, 1, 4096, 0
6016, 7116, 1, 4096, 0
6016, 5568, 1, 4096, 0
6016, 4400, 1, 4096, 0
6016, 4125, 1, 4096, 0
6016, 4656, 1, 4096, 0
6016, 6593, 1, 4096, 0
6016, 4793, 1, 4096, 0
6016, 10949, 1, 4096, 0
6016, 5338, 1, 4096, 0
6016, 9100, 1, 4096, 0
6017, 396327, 1, 4096, 0
6017, 6782, 1, 4096, 0
6017, 2352, 1, 4096, 0
6017, 138609, 1, 4096, 0
6017, 60776, 1, 4096, 0
6018, 75472, 1, 4096, 0
6018, 843655, 1, 4096, 0
6018, 6391, 1, 4096, 0
6018, 3369, 1, 4096, 0
6018, 2898, 1, 4096, 0
6019, 237061, 1, 4096, 0
6020, 1087779, 1, 4096, 0
6021, 992910, 1, 4096, 0
6022, 1549361, 1, 4096, 0
6023, 640042, 1, 4096, 0
6023, 7406, 1, 4096, 0
6023, 3419, 1, 4096, 0
6023, 3277, 1, 4096, 0
6023, 3962, 1, 4096, 0
6023, 3267, 1, 4096, 0
6023, 3845, 1, 4096, 0
6023, 2676, 1, 4096, 0
6024, 483976, 1, 4096, 0
6024, 6695, 1, 4096, 0
6024, 3384, 1, 4096, 0
6024, 4059, 1, 4096, 0
6024, 3219, 1, 4096, 0
6024, 293144, 1, 4096, 0
6024, 35990, 1, 4096, 0
6024, 5470, 1, 4096, 0
6024, 3111, 1, 4096, 0
6024, 3398, 1, 4096, 0
6024, 3227, 1, 4096, 0
6024, 3696, 1, 4096, 0
6024, 3068, 1, 4096, 0
6024, 3402, 1, 4096, 0
6026, 1518617, 1, 4096, 0
6026, 8444, 1, 4096, 0
6026, 3984, 1, 4096, 0
6026, 4283, 1, 4096, 0
6027, 1097968, 1, 4096, 0
6027, 6477, 1, 4096, 0
6027, 5214, 1, 4096, 0
6027, 2918, 1, 4096, 0
6027, 3461, 1, 4096, 0
6028, 362788, 1, 4096, 0
6028, 7392, 1, 4096, 0
6028, 4058, 1, 4096, 0
6029, 784559, 1, 4096, 0
6029, 6772, 1, 4096, 0
6029, 3565, 1, 4096, 0
6029, 193273, 1, 4096, 0
6029, 138907, 1, 4096, 0
6029, 5676, 1, 4096, 0
6030, 732042, 1, 4096, 0
6030, 6312, 1, 4096, 0
6030, 464489, 1, 4096, 0
6030, 7167, 1, 4096, 0
6030, 3527, 1, 4096, 0
6030, 3324, 1, 4096, 0
6031, 655314, 1, 4096, 0
6031, 6250, 1, 4096, 0
6032, 735970, 1, 4096, 0
6032, 513951, 1, 4096, 0
6032, 7603, 1, 4096, 0
6032, 3213, 1, 4096, 0
6032, 3448, 1, 4096, 0
6033, 259031, 1, 4096, 0
6033, 150402, 1, 4096, 0
6033, 7409, 1, 4096, 0
6033, 5033, 1, 4096, 0
6033, 3004, 1, 4096, 0
6033, 185230, 1, 4096, 0
6033, 148181, 1, 4096, 0
6034, 450274, 1, 4096, 0
6035, 1066287, 1, 4096, 0
6035, 6478, 1, 4096, 0
6035, 110661, 1, 4096, 0
6035, 369802, 1, 4096, 0
6035, 6088, 1, 4096, 0
6035, 2923, 1, 4096, 0
6035, 2651, 1, 4096, 0
6035, 3222, 1, 4096, 0
6035, 3479, 1, 4096, 0
6036, 569799, 1, 4096, 0
6036, 6322, 1, 4096, 0
6036, 614256, 1, 4096, 0
6037, 202992, 1, 4096, 0
6037, 7820, 1, 4096, 0
6037, 3642, 1, 4096, 0
6037, 3593, 1, 4096, 0
6037, 3322, 1, 4096, 0
6037, 108138, 1, 4096, 0
6037, 6162, 1, 4096, 0
6038, 1298569, 1, 4096, 0
6039, 162526, 1, 4096, 0
6039, 36260, 1, 4096, 0
6039, 5474, 1, 4096, 0
6039, 53806, 1, 4096, 0
6039, 5485, 1, 4096, 0
6039, 3197, 1, 4096, 0
6040, 1155931, 1, 4096, 0
6040, 160014, 1, 4096, 0
6041, 260643, 1, 4096, 0
6041, 312189, 1, 4096, 0
6041, 470091, 1, 4096, 0
6041, 5834, 1, 4096, 0
6043, 1194744, 1, 4096, 0
6043, 573783, 1, 4096, 0
6043, 5590, 1, 4096, 0
6044, 648922, 1, 4096, 0
6044, 6989, 1, 4096, 0
6044, 4234, 1, 4096, 0
6044, 607229, 1, 4096, 0
6045, 378181, 1, 4096, 0
6045, 7669, 1, 4096, 0
6046, 1235179, 1, 4096, 0
6046, 7493, 1, 4096, 0
6046, 3447, 1, 4096, 0
6046, 2736, 1, 4096, 0
6046, 3721, 1, 4096, 0
6047, 675054, 1, 4096, 0
6047, 6562, 1, 4096, 0
6049, 1740430, 1, 4096, 0
6049, 8081, 1, 4096, 0
6049, 3451, 1, 4096, 0
6049, 548414, 1, 4096, 0
6049, 5317, 1, 4096, 0
6049, 3696, 1, 4096, 0
6050, 637298, 1, 4096, 0
6050, 9697, 1, 4096, 0
6050, 518758, 1, 4096, 0
6050, 5805, 1, 4096, 0
6050, 3493, 1, 4096, 0
6050, 10601, 1, 4096, 0
6050, 3838, 1, 4096, 0
6050, 5953, 1, 4096, 0
6050, 4916, 1, 4096, 0
6050, 3500, 1, 4096, 0
6053, 2396318, 1, 4096, 0
6053, 706743, 1, 4096, 0
6053, 4359, 1, 4096, 0
6053, 3395, 1, 4096, 0
6054, 485933, 1, 4096, 0
6054, 4909, 1, 4096, 0
6054, 432112, 1, 4096, 0
6055, 271057, 1, 4096, 0
6055, 8264, 1, 4096, 0
6055, 3472, 1, 4096, 0
6055, 2793, 1, 4096, 0
6055, 4122, 1, 4096, 0
6055, 4085, 1, 4096, 0
6055, 3031, 1, 4096, 0
6055, 353519, 1, 4096, 0
6056, 1357109, 1, 4096, 0
6056, 7166, 1, 4096, 0
6056, 3350, 1, 4096, 0
6056, 3141, 1, 4096, 0
6056, 3853, 1, 4096, 0
6057, 5029, 1, 4096, 0
6057, 4050, 1, 4096, 0
6057, 13979, 1, 4096, 0
6058, 1018593, 1, 4096, 0
6058, 8034, 1, 4096, 0
6058, 4522, 1, 4096, 0
6058, 2708, 1, 4096, 0
6058, 11573, 1, 4096, 0
6058, 439529, 1, 4096, 0
6058, 3766, 1, 4096, 0
6058, 3485, 1, 4096, 0
6058, 239181, 1, 4096, 0
6059, 18095, 1, 4096, 0
6059, 645436, 1, 4096, 0
6061, 1725275, 1, 4096, 0
6061, 7589, 1, 4096, 0
6061, 3974, 1, 4096, 0
6061, 4931, 1, 4096, 0
6061, 5810, 1, 4096, 0
6061, 486769, 1, 4096, 0
6062, 142940, 1, 4096, 0
6062, 5716, 1, 4096, 0
6062, 2667, 1, 4096, 0
6062, 3488, 1, 4096, 0
6062, 2631, 1, 4096, 0
6063, 1485191, 1, 4096, 0
6064, 1345095, 1, 4096, 0
6064, 6600, 1, 4096, 0
6065, 409114, 1, 4096, 0
6065, 127524, 1, 4096, 0
6065, 7063, 1, 4096, 0
6066, 529820, 1, 4096, 0
6066, 8159, 1, 4096, 0
6066, 181932, 1, 4096, 0
6066, 702899, 1, 4096, 0
6067, 960063, 1, 4096, 0
6068, 524624, 1, 4096, 0
6068, 3789, 1, 4096, 0
6069, 601681, 1, 4096, 0
6069, 4665, 1, 4096, 0
6069, 4173, 1, 4096, 0
6069, 130164, 1, 4096, 0
6069, 654471, 1, 4096, 0
6070, 972872, 1, 4096, 0
6070, 4877, 1, 4096, 0
6071, 191179, 1, 4096, 0
6071, 681443, 1, 4096, 0
6071, 91023, 1, 4096, 0
6071, 189149, 1, 4096, 0
6072, 549530, 1, 4096, 0
6072, 5289, 1, 4096, 0
6072, 3916, 1, 4096, 0
6072, 179665, 1, 4096, 0
6074, 1751178, 1, 4096, 0
6074, 5549, 1, 4096, 0
6074, 2170, 1, 4096, 0
6074, 3183, 1, 4096, 0
6074, 2983, 1, 4096, 0
6074, 2990, 1, 4096, 0
6075, 792306, 1, 4096, 0
6075, 6380, 1, 4096, 0
6075, 3441, 1, 4096, 0
6075, 3005, 1, 4096, 0
6075, 3884, 1, 4096, 0
6075, 2666, 1, 4096, 0
6075, 3300, 1, 4096, 0
6075, 3449, 1, 4096, 0
6077, 1986431, 1, 4096, 0
6078, 1289576, 1, 4096, 0
6078, 6038, 1, 4096, 0
6078, 4243, 1, 4096, 0
6078, 3804, 1, 4096, 0
6078, 2815, 1, 4096, 0
6078, 3457, 1, 4096, 0
6079, 958764, 1, 4096, 0
6080, 888570, 1, 4096, 0
6080, 4456, 1, 4096, 0
6080, 3883, 1, 4096, 0
6080, 39580, 1, 4096, 0
6080, 405812, 1, 4096, 0
6082, 1536403, 1, 4096, 0
6082, 5775, 1, 4096, 0
6082, 237302, 1, 4096, 0
6082, 3897, 1, 4096, 0
6083, 241578, 1, 4096, 0
6083, 7663, 1, 4096, 0
6083, 4758, 1, 4096, 0
6083, 4242, 1, 4096, 0
6083, 10924, 1, 4096, 0
6083, 3789, 1, 4096, 0
6083, 4494, 1, 4096, 0
6083, 3730, 1, 4096, 0
6083, 53837, 1, 4096, 0
6083, 3702, 1, 4096, 0
6083, 2982, 1, 4096, 0
6083, 3640, 1, 4096, 0
6085, 2096433, 1, 4096, 0
6085, 279740, 1, 4096, 0
6085, 5265, 1, 4096, 0
6085, 89989, 1, 4096, 0
6085, 8447, 1, 4096, 0
6086, 695805, 1, 4096, 0
6086, 4478, 1, 4096, 0
6087, 1379911, 1, 4096, 0
6088, 422486, 1, 4096, 0
6088, 7845, 1, 4096, 0
6088, 4808, 1, 4096, 0
6088, 121351, 1, 4096, 0
6088, 4435, 1, 4096, 0
6088, 3484, 1, 4096, 0
6088, 57419, 1, 4096, 0
6088, 4980, 1, 4096, 0
6088, 3817, 1, 4096, 0
6088, 3436, 1, 4096, 0
6088, 3386, 1, 4096, 0
6088, 3061, 1, 4096, 0
6088, 3376, 1, 4096, 0
6088, 2791, 1, 4096, 0
6090, 1919054, 1, 4096, 0
6091, 1355333, 1, 4096, 0
6091, 8660, 1, 4096, 0
6091, 4114, 1, 4096, 0
6091, 228192, 1, 4096, 0
6091, 6985, 1, 4096, 0
6092, 429464, 1, 4096, 0
6092, 553397, 1, 4096, 0
6092, 7480, 1, 4096, 0
6095, 2166856, 1, 4096, 0
6095, 7432, 1, 4096, 0
6095, 3295, 1, 4096, 0
6095, 3319, 1, 4096, 0
6095, 93050, 1, 4096, 0
6095, 61316, 1, 4096, 0
6096, 1134004, 1, 4096, 0
6096, 5274, 1, 4096, 0
6097, 1160808, 1, 4096, 0
6097, 5010, 1, 4096, 0
6097, 3412, 1, 4096, 0
6097, 3337, 1, 4096, 0
6097, 146461, 1, 4096, 0
6098, 246068, 1, 4096, 0
6098, 327015, 1, 4096, 0
6100, 1776914, 1, 4096, 0
6100, 5755, 1, 4096, 0
6100, 3155, 1, 4096, 0
6100, 350270, 1, 4096, 0
6100, 326523, 1, 4096, 0
6102, 1576163, 1, 4096, 0
6102, 273391, 1, 4096, 0
6102, 9303, 1, 4096, 0
6102, 5866, 1, 4096, 0
6102, 5261, 1, 4096, 0
6102, 4565, 1, 4096, 0
6102, 5130, 1, 4096, 0
6102, 4796, 1, 4096, 0
6102, 4739, 1, 4096, 0
6102, 179049, 1, 4096, 0
6102, 7356, 1, 4096, 0
6103, 3382, 1, 4096, 0
6103, 3225, 1, 4096, 0
6103, 4423, 1, 4096, 0
6103, 2899, 1, 4096, 0
6103, 3418, 1, 4096, 0
6103, 3760, 1, 4096, 0
6103, 904770, 1, 4096, 0
6103, 11144, 1, 4096, 0
6103, 4526, 1, 4096, 0
6103, 3218, 1, 4096, 0
6103, 3181, 1, 4096, 0
6103, 2926, 1, 4096, 0
6103, 2850, 1, 4096, 0
6106, 796828, 1, 4096, 0
6106, 6779, 1, 4096, 0
6106, 84559, 1, 4096, 0
6107, 852429, 1, 4096, 0
6108, 454304, 1, 4096, 0
6108, 546400, 1, 4096, 0
6109, 553291, 1, 4096, 0
6109, 147316, 1, 4096, 0
6109, 29676, 1, 4096, 0
6109, 572655, 1, 4096, 0
6110, 579962, 1, 4096, 0
6110, 6103, 1, 4096, 0
6110, 170718, 1, 4096, 0
6110, 281563, 1, 4096, 0
6111, 409210, 1, 4096, 0
6111, 550456, 1, 4096, 0
6111, 6832, 1, 4096, 0
6113, 1381955, 1, 4096, 0
6113, 4360, 1, 4096, 0
6113, 3186, 1, 4096, 0
6113, 3764, 1, 4096, 0
6113, 578635, 1, 4096, 0
6113, 7830, 1, 4096, 0
6113, 4364, 1, 4096, 0
6113, 5125, 1, 4096, 0
6113, 3793, 1, 4096, 0
6113, 4672, 1, 4096, 0
6113, 3818, 1, 4096, 0
6113, 4111, 1, 4096, 0
6114, 447290, 1, 4096, 0
6114, 515959, 1, 4096, 0
6114, 8232, 1, 4096, 0
6115, 980597, 1, 4096, 0
6116, 930529, 1, 4096, 0
6116, 9201, 1, 4096, 0
6116, 5811, 1, 4096, 0
6118, 1627040, 1, 4096, 0
6118, 4607, 1, 4096, 0
6118, 3587, 1, 4096, 0
6118, 4405, 1, 4096, 0
6118, 3172, 1, 4096, 0
6118, 4106, 1, 4096, 0
6118, 2779, 1, 4096, 0
6118, 3053, 1, 4096, 0
6118, 344916, 1, 4096, 0
6118, 4354, 1, 4096, 0
6118, 4271, 1, 4096, 0
6118, 3605, 1, 4096, 0
6118, 4345, 1, 4096, 0
6119, 204496, 1, 4096, 0
6119, 7171, 1, 4096, 0
6119, 4772, 1, 4096, 0
6119, 5649, 1, 4096, 0
6119, 2965, 1, 4096, 0
6119, 281578, 1, 4096, 0
6120, 1354530, 1, 4096, 0
6122, 1311709, 1, 4096, 0
6122, 5823, 1, 4096, 0
6122, 177526, 1, 4096, 0
6122, 11139, 1, 4096, 0
6123, 833738, 1, 4096, 0
6124, 1177333, 1, 4096, 0
6124, 4668, 1, 4096, 0
6124, 522247, 1, 4096, 0
6125, 330997, 1, 4096, 0
6125, 14042, 1, 4096, 0
6125, 686679, 1, 4096, 0
6125, 4794, 1, 4096, 0
6125, 3516, 1, 4096, 0
6125, 3438, 1, 4096, 0
6125, 3606, 1, 4096, 0
6125, 3380, 1, 4096, 0
6125, 3517, 1, 4096, 0
6126, 3453, 1, 4096, 0
6127, 1361391, 1, 4096, 0
6127, 5299, 1, 4096, 0
6127, 3906, 1, 4096, 0
6127, 2608, 1, 4096, 0
6127, 2776, 1, 4096, 0
6127, 4142, 1, 4096, 0
6127, 3593, 1, 4096, 0
6127, 3754, 1, 4096, 0
6128, 1406792, 1, 4096, 0
6128, 16770, 1, 4096, 0
6128, 12874, 1, 4096, 0
6128, 3550, 1, 4096, 0
6128, 2768, 1, 4096, 0
6128, 3463, 1, 4096, 0
6129, 705334, 1, 4096, 0
6129, 232449, 1, 4096, 0
6130, 800145, 1, 4096, 0
6131, 449183, 1, 4096, 0
6131, 4980, 1, 4096, 0
6132, 1053759, 1, 4096, 0
6132, 5764, 1, 4096, 0
6132, 3193, 1, 4096, 0
6132, 600975, 1, 4096, 0
6132, 7311, 1, 4096, 0
6132, 3425, 1, 4096, 0
6132, 2306, 1, 4096, 0
6132, 1584, 1, 4096, 0
6132, 8898, 1, 4096, 0
6132, 1979, 1, 4096, 0
6132, 1673, 1, 4096, 0
6135, 2579336, 1, 4096, 0
6136, 726283, 1, 4096, 0
6136, 4026, 1, 4096, 0
6136, 2594, 1, 4096, 0
6136, 3982, 1, 4096, 0
6136, 2676, 1, 4096, 0
6136, 1368, 1, 4096, 0
6137, 1609785, 1, 4096, 0
6138, 541394, 1, 4096, 0
6138, 7535, 1, 4096, 0
6138, 3884, 1, 4096, 0
6138, 3628, 1, 4096, 0
6138, 3333, 1, 4096, 0
6138, 3624, 1, 4096, 0
6138, 2162, 1, 4096, 0
6138, 541190, 1, 4096, 0
6138, 5122, 1, 4096, 0
6139, 451446, 1, 4096, 0
6139, 7908, 1, 4096, 0
6139, 2950, 1, 4096, 0
6139, 3126, 1, 4096, 0
6139, 4572, 1, 4096, 0
6139, 4999, 1, 4096, 0
6139, 3483, 1, 4096, 0
6139, 3188, 1, 4096, 0
6139, 597312, 1, 4096, 0
6140, 7029, 1, 4096, 0
6140, 2921, 1, 4096, 0
6140, 3968, 1, 4096, 0
6141, 747948, 1, 4096, 0
6141, 34936, 1, 4096, 0
6141, 741608, 1, 4096, 0
6142, 106108, 1, 4096, 0
6142, 11581, 1, 4096, 0
6142, 4031, 1, 4096, 0
6142, 3565, 1, 4096, 0
6142, 4273, 1, 4096, 0
6142, 3390, 1, 4096, 0
6142, 2770, 1, 4096, 0
6142, 5445, 1, 4096, 0
6144, 2482886, 1, 4096, 0
6144, 25722, 1, 4096, 0
6145, 1306510, 1, 4096, 0
6145, 16616, 1, 4096, 0
6146, 27153, 1, 4096, 0
6146, 132096, 1, 4096, 0
6146, 20567, 1, 4096, 0
6148, 1859087, 1, 4096, 0
6148, 117212, 1, 4096, 0
6149, 1406001, 1, 4096, 0
6149, 400384, 1, 4096, 0
6150, 33703, 1, 4096, 0
6150, 4420, 1, 4096, 0
6150, 75643, 1, 4096, 0
6150, 4184, 1, 4096, 0
6150, 3294, 1, 4096, 0
6150, 503269, 1, 4096, 0
6151, 1030226, 1, 4096, 0
6151, 70910, 1, 4096, 0
6151, 176898, 1, 4096, 0
6153, 1677258, 1, 4096, 0
6153, 218888, 1, 4096, 0
6154, 311337, 1, 4096, 0
6154, 16627, 1, 4096, 0
6154, 144729, 1, 4096, 0
6155, 773905, 1, 4096, 0
6156, 1098907, 1, 4096, 0
6156, 383906, 1, 4096, 0
6156, 26152, 1, 4096, 0
6156, 178753, 1, 4096, 0
6157, 482703, 1, 4096, 0
6157, 273524, 1, 4096, 0
6157, 7551, 1, 4096, 0
6157, 2703, 1, 4096, 0
6157, 3532, 1, 4096, 0
6157, 2955, 1, 4096, 0
6157, 3384, 1, 4096, 0
6157, 2990, 1, 4096, 0
6157, 2827, 1, 4096, 0
6159, 1791006, 1, 4096, 0
6159, 6227, 1, 4096, 0
6159, 2539, 1, 4096, 0
6159, 1889, 1, 4096, 0
6159, 1745, 1, 4096, 0
6159, 2527, 1, 4096, 0
6159, 2252, 1, 4096, 0
6159, 1997, 1, 4096, 0
6160, 584809, 1, 4096, 0
6160, 6513, 1, 4096, 0
6160, 3917, 1, 4096, 0
6160, 4057, 1, 4096, 0
6160, 3129, 1, 4096, 0
6160, 3724, 1, 4096, 0
6160, 3800, 1, 4096, 0
6160, 3776, 1, 4096, 0
6162, 2435679, 1, 4096, 0
6162, 10261, 1, 4096, 0
6162, 3198, 1, 4096, 0
6162, 2667, 1, 4096, 0
6162, 2633, 1, 4096, 0
6162, 2669, 1, 4096, 0
6162, 9404, 1, 4096, 0
6162, 2520, 1, 4096, 0
6163, 1161097, 1, 4096, 0
6164, 451389, 1, 4096, 0
6164, 5758, 1, 4096, 0
6164, 4083, 1, 4096, 0
6164, 2958, 1, 4096, 0
6164, 2914, 1, 4096, 0
6164, 8421, 1, 4096, 0
6164, 513603, 1, 4096, 0
6164, 7916, 1, 4096, 0
6164, 3767, 1, 4096, 0
6164, 3309, 1, 4096, 0
6164, 3845, 1, 4096, 0
6164, 2844, 1, 4096, 0
6164, 2180, 1, 4096, 0
6165, 615212, 1, 4096, 0
6166, 1436475, 1, 4096, 0
6166, 13124, 1, 4096, 0
6166, 3708, 1, 4096, 0
6167, 313778, 1, 4096, 0
6167, 138811, 1, 4096, 0
6167, 127487, 1, 4096, 0
6167, 6066, 1, 4096, 0
6168, 665810, 1, 4096, 0
6168, 4662, 1, 4096, 0
6168, 3690, 1, 4096, 0
6168, 4023, 1, 4096, 0
6168, 4162, 1, 4096, 0
6168, 3465, 1, 4096, 0
6168, 3189, 1, 4096, 0
6168, 2831, 1, 4096, 0
6170, 2475612, 1, 4096, 0
6170, 8091, 1, 4096, 0
6170, 3523, 1, 4096, 0
6170, 3059, 1, 4096, 0
6170, 2158, 1, 4096, 0
6170, 2463, 1, 4096, 0
6170, 1738, 1, 4096, 0
6170, 2193, 1, 4096, 0
6170, 121833, 1, 4096, 0
6170, 8302, 1, 4096, 0
6170, 21045, 1, 4096, 0
6170, 11038, 1, 4096, 0
6170, 8956, 1, 4096, 0
6171, 352082, 1, 4096, 0
6171, 5370, 1, 4096, 0
6172, 987733, 1, 4096, 0
6172, 326199, 1, 4096, 0
6172, 3744, 1, 4096, 0
6173, 306144, 1, 4096, 0
6173, 264413, 1, 4096, 0
6173, 95272, 1, 4096, 0
6174, 494364, 1, 4096, 0
6174, 7488, 1, 4096, 0
6174, 3347, 1, 4096, 0
6174, 3178, 1, 4096, 0
6174, 2707, 1, 4096, 0
6174, 4131, 1, 4096, 0
6174, 2453, 1, 4096, 0
6174, 2953, 1, 4096, 0
6175, 1633825, 1, 4096, 0
6175, 12259, 1, 4096, 0
6175, 3063, 1, 4096, 0
6175, 4405, 1, 4096, 0
6175, 3307, 1, 4096, 0
6175, 4631, 1, 4096, 0
6175, 5195, 1, 4096, 0
6176, 5641, 1, 4096, 0
6177, 1772111, 1, 4096, 0
6177, 7041, 1, 4096, 0
6177, 2873, 1, 4096, 0
6177, 3014, 1, 4096, 0
6177, 2964, 1, 4096, 0
6177, 3224, 1, 4096, 0
6177, 3395, 1, 4096, 0
6178, 3017, 1, 4096, 0
6180, 2147174, 1, 4096, 0
6180, 7997, 1, 4096, 0
6180, 3415, 1, 4096, 0
6180, 2392, 1, 4096, 0
6180, 2985, 1, 4096, 0
6180, 10760, 1, 4096, 0
6180, 3972, 1, 4096, 0
6180, 4050, 1, 4096, 0
6181, 1342640, 1, 4096, 0
6181, 7123, 1, 4096, 0
6181, 3474, 1, 4096, 0
6181, 3656, 1, 4096, 0
6181, 4105, 1, 4096, 0
6181, 3428, 1, 4096, 0
6181, 3679, 1, 4096, 0
6181, 2936, 1, 4096, 0
6183, 2283293, 1, 4096, 0
6184, 318231, 1, 4096, 0
6184, 548331, 1, 4096, 0
6184, 5936, 1, 4096, 0
6185, 328512, 1, 4096, 0
6185, 4111, 1, 4096, 0
6187, 2038899, 1, 4096, 0
6187, 7185, 1, 4096, 0
6187, 674288, 1, 4096, 0
6187, 4707, 1, 4096, 0
6187, 2888, 1, 4096, 0
6189, 1443474, 1, 4096, 0
6189, 5599, 1, 4096, 0
6189, 129061, 1, 4096, 0
6190, 1256930, 1, 4096, 0
6191, 319658, 1, 4096, 0
6191, 5925, 1, 4096, 0
6191, 358937, 1, 4096, 0
6191, 242316, 1, 4096, 0
6191, 7284, 1, 4096, 0
6191, 2121, 1, 4096, 0
6191, 3900, 1, 4096, 0
6191, 3421, 1, 4096, 0
6191, 2738, 1, 4096, 0
6191, 3460, 1, 4096, 0
6191, 2519, 1, 4096, 0
6193, 1964177, 1, 4096, 0
6193, 6754, 1, 4096, 0
6193, 3303, 1, 4096, 0
6193, 3135, 1, 4096, 0
6193, 2745, 1, 4096, 0
6194, 578150, 1, 4096, 0
6194, 438733, 1, 4096, 0
6195, 819254, 1, 4096, 0
6197, 2151253, 1, 4096, 0
6197, 7364, 1, 4096, 0
6197, 3776, 1, 4096, 0
6197, 3452, 1, 4096, 0
6197, 2881, 1, 4096, 0
6197, 2956, 1, 4096, 0
6197, 3145, 1, 4096, 0
6197, 2708, 1, 4096, 0
6197, 252746, 1, 4096, 0
6198, 7329, 1, 4096, 0
6198, 3393, 1, 4096, 0
6198, 3214, 1, 4096, 0
6198, 519094, 1, 4096, 0
6198, 8689, 1, 4096, 0
6198, 5630, 1, 4096, 0
6198, 3506, 1, 4096, 0
6198, 3618, 1, 4096, 0
6198, 3974, 1, 4096, 0
6198, 4319, 1, 4096, 0
6198, 3613, 1, 4096, 0
6199, 918364, 1, 4096, 0
6200, 485556, 1, 4096, 0
6200, 6716, 1, 4096, 0
6200, 3226, 1, 4096, 0
6200, 100663, 1, 4096, 0
6200, 643399, 1, 4096, 0
6201, 147951, 1, 4096, 0
6201, 230691, 1, 4096, 0
6201, 5951, 1, 4096, 0
6201, 2921, 1, 4096, 0
6201, 2868, 1, 4096, 0
6201, 2867, 1, 4096, 0
6201, 199989, 1, 4096, 0
6201, 26089, 1, 4096, 0
6201, 7571, 1, 4096, 0
6201, 3181, 1, 4096, 0
6201, 2525, 1, 4096, 0
6201, 5537, 1, 4096, 0
6201, 2992, 1, 4096, 0
6201, 2484, 1, 4096, 0
6201, 2196, 1, 4096, 0
6202, 303279, 1, 4096, 0
6202, 7420, 1, 4096, 0
6202, 4800, 1, 4096, 0
6202, 9892, 1, 4096, 0
6202, 6737, 1, 4096, 0
6203, 436158, 1, 4096, 0
6203, 136515, 1, 4096, 0
6203, 8445, 1, 4096, 0
6203, 2853, 1, 4096, 0
6203, 2140, 1, 4096, 0
6203, 2092, 1, 4096, 0
6203, 2116, 1, 4096, 0
6203, 2776, 1, 4096, 0
6203, 2310, 1, 4096, 0
6206, 2977824, 1, 4096, 0
6206, 9089, 1, 4096, 0
6206, 156924, 1, 4096, 0
6207, 166451, 1, 4096, 0
6207, 3562, 1, 4096, 0
6207, 741343, 1, 4096, 0
6207, 6945, 1, 4096, 0
6207, 38446, 1, 4096, 0
6207, 22459, 1, 4096, 0
6207, 4063, 1, 4096, 0
6207, 3339, 1, 4096, 0
6207, 3034, 1, 4096, 0
6207, 3344, 1, 4096, 0
6207, 3291, 1, 4096, 0
6207, 2884, 1, 4096, 0
6208, 779237, 1, 4096, 0
6208, 4239, 1, 4096, 0
6208, 4049, 1, 4096, 0
6208, 4078, 1, 4096, 0
6208, 6058, 1, 4096, 0
6208, 3693, 1, 4096, 0
6208, 2925, 1, 4096, 0
6208, 3835, 1, 4096, 0
6209, 536574, 1, 4096, 0
6211, 1572401, 1, 4096, 0
6212, 435407, 1, 4096, 0
6212, 101989, 1, 4096, 0
6212, 6467, 1, 4096, 0
6212, 171226, 1, 4096, 0
6212, 6940, 1, 4096, 0
6212, 3648, 1, 4096, 0
6212, 2758, 1, 4096, 0
6212, 3197, 1, 4096, 0
6212, 2651, 1, 4096, 0
6212, 2881, 1, 4096, 0
6213, 736172, 1, 4096, 0
6213, 5592, 1, 4096, 0
6213, 3692, 1, 4096, 0
6213, 3842, 1, 4096, 0
6213, 308942, 1, 4096, 0
6215, 1771733, 1, 4096, 0
6215, 69291, 1, 4096, 0
6215, 5784, 1, 4096, 0
6215, 2763, 1, 4096, 0
6215, 3134, 1, 4096, 0
6215, 2706, 1, 4096, 0
6215, 296280, 1, 4096, 0
6216, 469168, 1, 4096, 0
6217, 921160, 1, 4096, 0
6218, 1367974, 1, 4096, 0
6218, 182678, 1, 4096, 0
6218, 4231, 1, 4096, 0
6219, 371571, 1, 4096, 0
6219, 43052, 1, 4096, 0
6219, 3187, 1, 4096, 0
6219, 4614, 1, 4096, 0
6220, 1401470, 1, 4096, 0
6220, 5836, 1, 4096, 0
6220, 2274, 1, 4096, 0
6220, 3317, 1, 4096, 0
6220, 3343, 1, 4096, 0
6220, 1762, 1, 4096, 0
6220, 2387, 1, 4096, 0
6220, 1865, 1, 4096, 0
6222, 2150705, 1, 4096, 0
6222, 8753, 1, 4096, 0
6222, 4087, 1, 4096, 0
6222, 3390, 1, 4096, 0
6222, 4814, 1, 4096, 0
6222, 3764, 1, 4096, 0
6224, 1227558, 1, 4096, 0
6224, 6687, 1, 4096, 0
6224, 2460, 1, 4096, 0
6224, 1518, 1, 4096, 0
6224, 1976, 1, 4096, 0
6225, 1026598, 1, 4096, 0
6225, 8189, 1, 4096, 0
6226, 1567995, 1, 4096, 0
6226, 6860, 1, 4096, 0
6226, 3053, 1, 4096, 0
6226, 3799, 1, 4096, 0
6226, 7923, 1, 4096, 0
6226, 3715, 1, 4096, 0
6226, 4401, 1, 4096, 0
6226, 3704, 1, 4096, 0
6227, 702463, 1, 4096, 0
6227, 5670, 1, 4096, 0
6227, 3301, 1, 4096, 0
6227, 3077, 1, 4096, 0
6227, 3109, 1, 4096, 0
6228, 924408, 1, 4096, 0
6228, 7520, 1, 4096, 0
6228, 2732, 1, 4096, 0
6229, 1517776, 1, 4096, 0
6229, 5120, 1, 4096, 0
6229, 4482, 1, 4096, 0
6229, 2779, 1, 4096, 0
6229, 3032, 1, 4096, 0
6229, 2939, 1, 4096, 0
6229, 3480, 1, 4096, 0
6230, 6584, 1, 4096, 0
6230, 10386, 1, 4096, 0
6230, 46733, 1, 4096, 0
6231, 1482219, 1, 4096, 0
6232, 7053, 1, 4096, 0
6232, 3143, 1, 4096, 0
6232, 4819, 1, 4096, 0
6232, 3120, 1, 4096, 0
6232, 3265, 1, 4096, 0
6232, 2851, 1, 4096, 0
6232, 3707, 1, 4096, 0
6232, 581173, 1, 4096, 0
6232, 6861, 1, 4096, 0
6232, 3908, 1, 4096, 0
6232, 3744, 1, 4096, 0
6232, 3156, 1, 4096, 0
6232, 48055, 1, 4096, 0
6232, 4668, 1, 4096, 0
6232, 2919, 1, 4096, 0
6232, 3902, 1, 4096, 0
6232, 2449, 1, 4096, 0
6232, 3011, 1, 4096, 0
6233, 485832, 1, 4096, 0
6234, 1010007, 1, 4096, 0
6234, 7487, 1, 4096, 0
6235, 1356006, 1, 4096, 0
6235, 7237, 1, 4096, 0
6235, 3975, 1, 4096, 0
6236, 702434, 1, 4096, 0
6236, 379744, 1, 4096, 0
6236, 7104, 1, 4096, 0
6237, 291022, 1, 4096, 0
6237, 5278, 1, 4096, 0
6237, 217634, 1, 4096, 0
6237, 5303, 1, 4096, 0
6237, 3273, 1, 4096, 0
6237, 3363, 1, 4096, 0
6237, 4235, 1, 4096, 0
6237, 3565, 1, 4096, 0
6237, 3402, 1, 4096, 0
6237, 183215, 1, 4096, 0
6237, 4112, 1, 4096, 0
6237, 2467, 1, 4096, 0
6238, 513133, 1, 4096, 0
6238, 481886, 1, 4096, 0
6238, 164068, 1, 4096, 0
6238, 185839, 1, 4096, 0
6238, 5441, 1, 4096, 0
6238, 3487, 1, 4096, 0
6238, 3810, 1, 4096, 0
6239, 7538, 1, 4096, 0
6240, 896302, 1, 4096, 0
6240, 7585, 1, 4096, 0
6240, 3636, 1, 4096, 0
6240, 353559, 1, 4096, 0
6240, 8033, 1, 4096, 0
6240, 4356, 1, 4096, 0
6240, 5512, 1, 4096, 0
6241, 300432, 1, 4096, 0
6241, 5610, 1, 4096, 0
6241, 2766, 1, 4096, 0
6241, 2687, 1, 4096, 0
6241, 277790, 1, 4096, 0
6241, 313180, 1, 4096, 0
6242, 593004, 1, 4096, 0
6242, 3760, 1, 4096, 0
6243, 948082, 1, 4096, 0
6243, 6442, 1, 4096, 0
6243, 3883, 1, 4096, 0
6243, 3010, 1, 4096, 0
6243, 3811, 1, 4096, 0
6243, 3299, 1, 4096, 0
6244, 711482, 1, 4096, 0
6244, 805139, 1, 4096, 0
6247, 2267715, 1, 4096, 0
6247, 424292, 1, 4096, 0
6247, 5709, 1, 4096, 0
6247, 110317, 1, 4096, 0
6247, 14741, 1, 4096, 0
6248, 680853, 1, 4096, 0
6248, 4977, 1, 4096, 0
6249, 1221871, 1, 4096, 0
6250, 1129652, 1, 4096, 0
6250, 5673, 1, 4096, 0
6250, 2382, 1, 4096, 0
6250, 4146, 1, 4096, 0
6252, 1186029, 1, 4096, 0
6252, 8824, 1, 4096, 0
6252, 4299, 1, 4096, 0
6252, 3974, 1, 4096, 0
6252, 444814, 1, 4096, 0
6252, 4929, 1, 4096, 0
6252, 3596, 1, 4096, 0
6252, 3634, 1, 4096, 0
6252, 4372, 1, 4096, 0
6252, 4976, 1, 4096, 0
6252, 3613, 1, 4096, 0
6252, 4219, 1, 4096, 0
6253, 1200785, 1, 4096, 0
6253, 13705, 1, 4096, 0
6255, 1476202, 1, 4096, 0
6255, 48078, 1, 4096, 0
6255, 7705, 1, 4096, 0
6255, 3571, 1, 4096, 0
6255, 3741, 1, 4096, 0
6255, 4844, 1, 4096, 0
6256, 634253, 1, 4096, 0
6256, 7046, 1, 4096, 0
6256, 4256, 1, 4096, 0
6256, 11298, 1, 4096, 0
6256, 458894, 1, 4096, 0
6256, 384479, 1, 4096, 0
6257, 155504, 1, 4096, 0
6257, 818090, 1, 4096, 0
6258, 296234, 1, 4096, 0
6258, 9389, 1, 4096, 0
6258, 3252, 1, 4096, 0
6258, 3326, 1, 4096, 0
6258, 3924, 1, 4096, 0
6258, 3205, 1, 4096, 0
6258, 3195, 1, 4096, 0
6258, 3082, 1, 4096, 0
6259, 1064589, 1, 4096, 0
6259, 7404, 1, 4096, 0
6259, 3248, 1, 4096, 0
6259, 3758, 1, 4096, 0
6259, 3421, 1, 4096, 0
6259, 2847, 1, 4096, 0
6259, 3549, 1, 4096, 0
6259, 2811, 1, 4096, 0
6260, 1568927, 1, 4096, 0
6260, 5465, 1, 4096, 0
6261, 223502, 1, 4096, 0
6261, 4585, 1, 4096, 0
6261, 608926, 1, 4096, 0
6262, 534565, 1, 4096, 0
6262, 386050, 1, 4096, 0
6262, 3896, 1, 4096, 0
6263, 464986, 1, 4096, 0
6263, 4524, 1, 4096, 0
6263, 489891, 1, 4096, 0
6263, 4747, 1, 4096, 0
6264, 351348, 1, 4096, 0
6265, 1204586, 1, 4096, 0
6265, 4975, 1, 4096, 0
6265, 151087, 1, 4096, 0
6265, 6091, 1, 4096, 0
6265, 4208, 1, 4096, 0
6265, 3626, 1, 4096, 0
6265, 3604, 1, 4096, 0
6265, 3897, 1, 4096, 0
6265, 3242, 1, 4096, 0
6265, 3681, 1, 4096, 0
6268, 2565146, 1, 4096, 0
6268, 6559, 1, 4096, 0
6268, 45148, 1, 4096, 0
6268, 533172, 1, 4096, 0
6268, 5595, 1, 4096, 0
6268, 3092, 1, 4096, 0
6268, 134596, 1, 4096, 0
6268, 95830, 1, 4096, 0
6268, 6084, 1, 4096, 0
6268, 3861, 1, 4096, 0
6268, 3501, 1, 4096, 0
6268, 2838, 1, 4096, 0
6268, 3329, 1, 4096, 0
6268, 4274, 1, 4096, 0
6268, 3898, 1, 4096, 0
6270, 1947916, 1, 4096, 0
6270, 11628, 1, 4096, 0
6270, 4099, 1, 4096, 0
6270, 3811, 1, 4096, 0
6270, 4394, 1, 4096, 0
6270, 4432, 1, 4096, 0
6270, 4748, 1, 4096, 0
6270, 2968, 1, 4096, 0
6271, 784247, 1, 4096, 0
6271, 6127, 1, 4096, 0
6271, 3628, 1, 4096, 0
6271, 3356, 1, 4096, 0
6271, 2839, 1, 4096, 0
6271, 2853, 1, 4096, 0
6271, 2619, 1, 4096, 0
6271, 3100, 1, 4096, 0
6273, 1579598, 1, 4096, 0
6273, 9155, 1, 4096, 0
6273, 3658, 1, 4096, 0
6273, 2660, 1, 4096, 0
6273, 2977, 1, 4096, 0
6273, 3366, 1, 4096, 0
6273, 2866, 1, 4096, 0
6273, 2938, 1, 4096, 0
6273, 174258, 1, 4096, 0
6273, 8708, 1, 4096, 0
6273, 4365, 1, 4096, 0
6273, 2494, 1, 4096, 0
6273, 7405, 1, 4096, 0
6273, 10318, 1, 4096, 0
6274, 6751, 1, 4096, 0
6275, 17408, 1, 4096, 0
6275, 3451, 1, 4096, 0
6275, 600649, 1, 4096, 0
6275, 21726, 1, 4096, 0
6276, 668496, 1, 4096, 0
6276, 135569, 1, 4096, 0
6276, 6273, 1, 4096, 0
6276, 4205, 1, 4096, 0
6276, 163387, 1, 4096, 0
6277, 360378, 1, 4096, 0
6277, 363362, 1, 4096, 0
6277, 4114, 1, 4096, 0
6277, 2292, 1, 4096, 0
6277, 3262, 1, 4096, 0
6277, 2339, 1, 4096, 0
6277, 2443, 1, 4096, 0
6277, 2702, 1, 4096, 0
6277, 2717, 1, 4096, 0
6277, 8350, 1, 4096, 0
6278, 516988, 1, 4096, 0
6278, 66094, 1, 4096, 0
6279, 1145100, 1, 4096, 0
6279, 10512, 1, 4096, 0
6280, 1380317, 1, 4096, 0
6281, 320821, 1, 4096, 0
6281, 650837, 1, 4096, 0
6281, 16493, 1, 4096, 0
6282, 497067, 1, 4096, 0
6282, 4748, 1, 4096, 0
6282, 531174, 1, 4096, 0
6282, 77422, 1, 4096, 0
6283, 319411, 1, 4096, 0
6283, 283542, 1, 4096, 0
6283, 69750, 1, 4096, 0
6283, 2769, 1, 4096, 0
6284, 662323, 1, 4096, 0
6284, 371550, 1, 4096, 0
6285, 520666, 1, 4096, 0
6285, 6970, 1, 4096, 0
6285, 2612, 1, 4096, 0
6285, 3649, 1, 4096, 0
6285, 4272, 1, 4096, 0
6285, 5700, 1, 4096, 0
6285, 3291, 1, 4096, 0
6285, 4177, 1, 4096, 0
6285, 476754, 1, 4096, 0
6285, 4566, 1, 4096, 0
6285, 2279, 1, 4096, 0
6285, 2252, 1, 4096, 0
6285, 2531, 1, 4096, 0
6285, 1947, 1, 4096, 0
6285, 1755, 1, 4096, 0
6285, 2301, 1, 4096, 0
6286, 1106881, 1, 4096, 0
6287, 599882, 1, 4096, 0
6287, 6292, 1, 4096, 0
6289, 1666201, 1, 4096, 0
6289, 4740, 1, 4096, 0
6290, 1035693, 1, 4096, 0
6290, 11266, 1, 4096, 0
6290, 8638, 1, 4096, 0
6290, 283191, 1, 4096, 0
6291, 1435245, 1, 4096, 0
6292, 285411, 1, 4096, 0
6292, 4800, 1, 4096, 0
6293, 1049872, 1, 4096, 0
6293, 4892, 1, 4096, 0
6293, 2344, 1, 4096, 0
6293, 1634, 1, 4096, 0
6294, 832290, 1, 4096, 0
6294, 66264, 1, 4096, 0
6295, 939972, 1, 4096, 0
6295, 339585, 1, 4096, 0
6295, 6475, 1, 4096, 0
6295, 3628, 1, 4096, 0
6295, 4661, 1, 4096, 0
6295, 2826, 1, 4096, 0
6295, 3047, 1, 4096, 0
6295, 2710, 1, 4096, 0
6295, 2951, 1, 4096, 0
6295, 384514, 1, 4096, 0
6295, 7127, 1, 4096, 0
6295, 3378, 1, 4096, 0
6295, 2726, 1, 4096, 0
6295, 3782, 1, 4096, 0
6298, 2053056, 1, 4096, 0
6298, 8327, 1, 4096, 0
6298, 3918, 1, 4096, 0
6298, 2585, 1, 4096, 0
6298, 2719, 1, 4096, 0
6298, 4808, 1, 4096, 0
6298, 3702, 1, 4096, 0
6298, 2915, 1, 4096, 0
6298, 514097, 1, 4096, 0
6299, 472919, 1, 4096, 0
6299, 99943, 1, 4096, 0
6300, 1121016, 1, 4096, 0
6300, 6152, 1, 4096, 0
6300, 3725, 1, 4096, 0
6300, 2529, 1, 4096, 0
6300, 2151, 1, 4096, 0
6300, 3321, 1, 4096, 0
6300, 251570, 1, 4096, 0
6300, 6252, 1, 4096, 0
6300, 3689, 1, 4096, 0
6300, 2455, 1, 4096, 0
6300, 2596, 1, 4096, 0
6300, 3026, 1, 4096, 0
6300, 5200, 1, 4096, 0
6301, 7313, 1, 4096, 0
6301, 6198, 1, 4096, 0
6301, 4778, 1, 4096, 0
6301, 4537, 1, 4096, 0
6302, 6016, 1, 4096, 0
6302, 3049, 1, 4096, 0
6303, 997450, 1, 4096, 0
6303, 196601, 1, 4096, 0
6303, 202781, 1, 4096, 0
6303, 4750, 1, 4096, 0
6304, 159003, 1, 4096, 0
6304, 6669, 1, 4096, 0
6304, 3000, 1, 4096, 0
6304, 1854, 1, 4096, 0
6304, 351705, 1, 4096, 0
6304, 8137, 1, 4096, 0
6304, 3522, 1, 4096, 0
6304, 3160, 1, 4096, 0
6304, 2778, 1, 4096, 0
6304, 8507, 1, 4096, 0
6305, 778284, 1, 4096, 0
6306, 900498, 1, 4096, 0
6306, 8179, 1, 4096, 0
6306, 2925, 1, 4096, 0
6306, 3487, 1, 4096, 0
6306, 2891, 1, 4096, 0
6306, 2972, 1, 4096, 0
6306, 4461, 1, 4096, 0
6306, 3202, 1, 4096, 0
6307, 978477, 1, 4096, 0
6307, 6675, 1, 4096, 0
6307, 2968, 1, 4096, 0
6307, 2860, 1, 4096, 0
6307, 2584, 1, 4096, 0
6307, 3216, 1, 4096, 0
6308, 1039842, 1, 4096, 0
6309, 1008501, 1, 4096, 0
6309, 6300, 1, 4096, 0
6309, 2718, 1, 4096, 0
6309, 2909, 1, 4096, 0
6309, 2656, 1, 4096, 0
6309, 3831, 1, 4096, 0
6310, 548042, 1, 4096, 0
6310, 77040, 1, 4096, 0
6310, 6611, 1, 4096, 0
6310, 3119, 1, 4096, 0
6310, 2528, 1, 4096, 0
6310, 6576, 1, 4096, 0
6310, 10269, 1, 4096, 0
6310, 3062, 1, 4096, 0
6310, 61910, 1, 4096, 0
6310, 242144, 1, 4096, 0
6310, 85345, 1, 4096, 0
6311, 190057, 1, 4096, 0
6313, 2231747, 1, 4096, 0
6313, 163515, 1, 4096, 0
6313, 5369, 1, 4096, 0
6313, 114820, 1, 4096, 0
6313, 207513, 1, 4096, 0
6313, 8368, 1, 4096, 0
6314, 550509, 1, 4096, 0
6315, 694433, 1, 4096, 0
6315, 5852, 1, 4096, 0
6315, 2949, 1, 4096, 0
6315, 2654, 1, 4096, 0
6315, 3037, 1, 4096, 0
6315, 2316, 1, 4096, 0
6315, 2504, 1, 4096, 0
6315, 8134, 1, 4096, 0
6316, 1558729, 1, 4096, 0
6316, 7545, 1, 4096, 0
6316, 3774, 1, 4096, 0
6316, 4244, 1, 4096, 0
6316, 3128, 1, 4096, 0
6316, 3886, 1, 4096, 0
6316, 3437, 1, 4096, 0
6316, 3076, 1, 4096, 0
6318, 1370653, 1, 4096, 0
6318, 6999, 1, 4096, 0
6318, 3487, 1, 4096, 0
6318, 3363, 1, 4096, 0
6318, 2839, 1, 4096, 0
6318, 3071, 1, 4096, 0
6318, 2836, 1, 4096, 0
6318, 3865, 1, 4096, 0
6319, 1766674, 1, 4096, 0
6319, 7573, 1, 4096, 0
6320, 453701, 1, 4096, 0
6320, 285367, 1, 4096, 0
6320, 6692, 1, 4096, 0
6320, 3169, 1, 4096, 0
6320, 2967, 1, 4096, 0
6320, 2906, 1, 4096, 0
6320, 3357, 1, 4096, 0
6320, 2499, 1, 4096, 0
6320, 2898, 1, 4096, 0
6323, 2505203, 1, 4096, 0
6323, 6811, 1, 4096, 0
6323, 278702, 1, 4096, 0
6323, 22966, 1, 4096, 0
6323, 155147, 1, 4096, 0
6324, 1187724, 1, 4096, 0
6324, 3339, 1, 4096, 0
6324, 2836, 1, 4096, 0
6324, 2853, 1, 4096, 0
6324, 2702, 1, 4096, 0
6324, 2974, 1, 4096, 0
6324, 3109, 1, 4096, 0
6324, 2753, 1, 4096, 0
6325, 777061, 1, 4096, 0
6325, 4602, 1, 4096, 0
6325, 2677, 1, 4096, 0
6325, 2985, 1, 4096, 0
6325, 2878, 1, 4096, 0
6325, 3643, 1, 4096, 0
6325, 3064, 1, 4096, 0
6325, 2731, 1, 4096, 0
6328, 2445819, 1, 4096, 0
6328, 8272, 1, 4096, 0
6328, 3088, 1, 4096, 0
6328, 3098, 1, 4096, 0
6328, 3240, 1, 4096, 0
6328, 2709, 1, 4096, 0
6328, 2619, 1, 4096, 0
6328, 2129, 1, 4096, 0
6330, 1753463, 1, 4096, 0
6330, 10435, 1, 4096, 0
6330, 3043, 1, 4096, 0
6330, 3278, 1, 4096, 0
6330, 141534, 1, 4096, 0
6330, 330522, 1, 4096, 0
6330, 3896, 1, 4096, 0
6331, 695291, 1, 4096, 0
6332, 1000608, 1, 4096, 0
6332, 5307, 1, 4096, 0
6332, 3793, 1, 4096, 0
6332, 483106, 1, 4096, 0
6332, 199402, 1, 4096, 0
6333, 34512, 1, 4096, 0
6333, 9565, 1, 4096, 0
6333, 4618, 1, 4096, 0
6333, 4388, 1, 4096, 0
6333, 3304, 1, 4096, 0
6333, 3411, 1, 4096, 0
6333, 3741, 1, 4096, 0
6333, 3011, 1, 4096, 0
6335, 2159822, 1, 4096, 0
6335, 8377, 1, 4096, 0
6335, 3995, 1, 4096, 0
6335, 3379, 1, 4096, 0
6335, 3566, 1, 4096, 0
6335, 3478, 1, 4096, 0
6335, 3712, 1, 4096, 0
6335, 6808, 1, 4096, 0
6336, 1452232, 1, 4096, 0
6336, 8675, 1, 4096, 0
6336, 2747, 1, 4096, 0
6336, 2613, 1, 4096, 0
6336, 2538, 1, 4096, 0
6336, 2765, 1, 4096, 0
6336, 2382, 1, 4096, 0
6336, 1731, 1, 4096, 0
6338, 1778538, 1, 4096, 0
6338, 5226, 1, 4096, 0
6338, 4524, 1, 4096, 0
6338, 3529, 1, 4096, 0
6338, 3604, 1, 4096, 0
6338, 2680, 1, 4096, 0
6338, 3526, 1, 4096, 0
6338, 3832, 1, 4096, 0
6339, 571737, 1, 4096, 0
6339, 321593, 1, 4096, 0
6339, 7038, 1, 4096, 0
6340, 497757, 1, 4096, 0
6340, 379870, 1, 4096, 0
6340, 2921, 1, 4096, 0
6340, 2330, 1, 4096, 0
6340, 2548, 1, 4096, 0
6342, 2223912, 1, 4096, 0
6342, 9288, 1, 4096, 0
6343, 459154, 1, 4096, 0
6343, 146183, 1, 4096, 0
6343, 3823, 1, 4096, 0
6343, 3589, 1, 4096, 0
6343, 2928, 1, 4096, 0
6344, 1073742, 1, 4096, 0
6344, 5887, 1, 4096, 0
6344, 3867, 1, 4096, 0
6344, 5631, 1, 4096, 0
6344, 4405, 1, 4096, 0
6344, 3302, 1, 4096, 0
6344, 3769, 1, 4096, 0
6344, 4582, 1, 4096, 0
6346, 2528120, 1, 4096, 0
6346, 8604, 1, 4096, 0
6347, 148686, 1, 4096, 0
6347, 232381, 1, 4096, 0
6347, 3557, 1, 4096, 0
6347, 3609, 1, 4096, 0
6347, 3188, 1, 4096, 0
6348, 714115, 1, 4096, 0
6349, 1235715, 1, 4096, 0
6349, 5574, 1, 4096, 0
6349, 3420, 1, 4096, 0
6349, 3017, 1, 4096, 0
6349, 2036, 1, 4096, 0
6349, 2648, 1, 4096, 0
6349, 2733, 1, 4096, 0
6349, 3284, 1, 4096, 0
6351, 2219807, 1, 4096, 0
6351, 7447, 1, 4096, 0
6351, 4057, 1, 4096, 0
6352, 460920, 1, 4096, 0
6352, 95851, 1, 4096, 0
6353, 1012154, 1, 4096, 0
6353, 6464, 1, 4096, 0
6353, 327404, 1, 4096, 0
6354, 909253, 1, 4096, 0
6354, 6314, 1, 4096, 0
6354, 117483, 1, 4096, 0
6355, 1007837, 1, 4096, 0
6355, 8528, 1, 4096, 0
6355, 4103, 1, 4096, 0
6356, 722508, 1, 4096, 0
6356, 288815, 1, 4096, 0
6357, 594527, 1, 4096, 0
6357, 281043, 1, 4096, 0
6357, 284043, 1, 4096, 0
6358, 519000, 1, 4096, 0
6358, 7444, 1, 4096, 0
6358, 3855, 1, 4096, 0
6358, 390503, 1, 4096, 0
6358, 6411, 1, 4096, 0
6359, 698352, 1, 4096, 0
6359, 7094, 1, 4096, 0
6359, 3648, 1, 4096, 0
6359, 2642, 1, 4096, 0
6359, 3080, 1, 4096, 0
6359, 3573, 1, 4096, 0
6359, 3151, 1, 4096, 0
6359, 3116, 1, 4096, 0
6360, 694591, 1, 4096, 0
6360, 708523, 1, 4096, 0
6360, 56445, 1, 4096, 0
6361, 639668, 1, 4096, 0
6362, 917987, 1, 4096, 0
6363, 1284115, 1, 4096, 0
6363, 59511, 1, 4096, 0
6363, 4918, 1, 4096, 0
6364, 486101, 1, 4096, 0
6364, 19460, 1, 4096, 0
6364, 62223, 1, 4096, 0
6364, 297840, 1, 4096, 0
6365, 277083, 1, 4096, 0
6366, 1275120, 1, 4096, 0
6366, 7286, 1, 4096, 0
6366, 114088, 1, 4096, 0
6367, 603016, 1, 4096, 0
6367, 6910, 1, 4096, 0
6367, 2747, 1, 4096, 0
6368, 1011540, 1, 4096, 0
6369, 1233106, 1, 4096, 0
6370, 666111, 1, 4096, 0
6370, 8829, 1, 4096, 0
6370, 4568, 1, 4096, 0
6370, 4618, 1, 4096, 0
6370, 3859, 1, 4096, 0
6370, 4406, 1, 4096, 0
6370, 4849, 1, 4096, 0
6370, 4102, 1, 4096, 0
6373, 2918004, 1, 4096, 0
6373, 430971, 1, 4096, 0
6373, 4651, 1, 4096, 0
6373, 293884, 1, 4096, 0
6373, 5254, 1, 4096, 0
6373, 4003, 1, 4096, 0
6374, 441576, 1, 4096, 0
6374, 770371, 1, 4096, 0
6375, 444995, 1, 4096, 0
6376, 1219431, 1, 4096, 0
6376, 6318, 1, 4096, 0
6376, 10412, 1, 4096, 0
6376, 180249, 1, 4096, 0
6376, 5038, 1, 4096, 0
6376, 2798, 1, 4096, 0
6378, 1472423, 1, 4096, 0
6378, 4063, 1, 4096, 0
6379, 1566926, 1, 4096, 0
6379, 8979, 1, 4096, 0
6379, 4218, 1, 4096, 0
6379, 47700, 1, 4096, 0
6380, 151852, 1, 4096, 0
6380, 5090, 1, 4096, 0
6382, 2548777, 1, 4096, 0
6383, 525973, 1, 4096, 0
6383, 5879, 1, 4096, 0
6383, 3285, 1, 4096, 0
6383, 736691, 1, 4096, 0
6384, 6388, 1, 4096, 0
6384, 3862, 1, 4096, 0
6384, 517029, 1, 4096, 0
6386, 1644869, 1, 4096, 0
6386, 97991, 1, 4096, 0
6386, 4950, 1, 4096, 0
6386, 4032, 1, 4096, 0
6386, 2674, 1, 4096, 0
6386, 3920, 1, 4096, 0
6386, 2242, 1, 4096, 0
6386, 2429, 1, 4096, 0
6386, 2259, 1, 4096, 0
6387, 1049439, 1, 4096, 0
6387, 7713, 1, 4096, 0
6387, 3919, 1, 4096, 0
6387, 3417, 1, 4096, 0
6387, 3021, 1, 4096, 0
6387, 4248, 1, 4096, 0
6387, 451174, 1, 4096, 0
6389, 1803452, 1, 4096, 0
6389, 7542, 1, 4096, 0
6389, 68327, 1, 4096, 0
6391, 1258419, 1, 4096, 0
6391, 676716, 1, 4096, 0
6392, 1053777, 1, 4096, 0
6392, 10047, 1, 4096, 0
6392, 3634, 1, 4096, 0
6392, 3135, 1, 4096, 0
6392, 137622, 1, 4096, 0
6392, 7802, 1, 4096, 0
6392, 4126, 1, 4096, 0
6392, 2953, 1, 4096, 0
6392, 4273, 1, 4096, 0
6392, 4277, 1, 4096, 0
6392, 3804, 1, 4096, 0
6393, 5337, 1, 4096, 0
6393, 672210, 1, 4096, 0
6393, 8106, 1, 4096, 0
6394, 713128, 1, 4096, 0
6394, 256867, 1, 4096, 0
6395, 589792, 1, 4096, 0
6395, 118606, 1, 4096, 0
6395, 96921, 1, 4096, 0
6396, 1274214, 1, 4096, 0
6396, 8089, 1, 4096, 0
6396, 89452, 1, 4096, 0
6397, 285132, 1, 4096, 0
6397, 8116, 1, 4096, 0
6397, 3580, 1, 4096, 0
6397, 3067, 1, 4096, 0
6397, 3407, 1, 4096, 0
6397, 3174, 1, 4096, 0
6397, 2749, 1, 4096, 0
6397, 2761, 1, 4096, 0
6399, 2384570, 1, 4096, 0
6400, 447975, 1, 4096, 0
6400, 5594, 1, 4096, 0
6400, 2659, 1, 4096, 0
6400, 2513, 1, 4096, 0
6400, 2479, 1, 4096, 0
6400, 2681, 1, 4096, 0
6400, 3632, 1, 4096, 0
6402, 2106676, 1, 4096, 0
6402, 9573, 1, 4096, 0
6402, 556837, 1, 4096, 0
6403, 831182, 1, 4096, 0
6403, 3689, 1, 4096, 0
6404, 1060156, 1, 4096, 0
6404, 7840, 1, 4096, 0
6404, 4992, 1, 4096, 0
6404, 3070, 1, 4096, 0
6404, 3879, 1, 4096, 0
6404, 2457, 1, 4096, 0
6404, 3309, 1, 4096, 0
6404, 3522, 1, 4096, 0
6407, 2537032, 1, 4096, 0
6408, 890270, 1, 4096, 0
6408, 8475, 1, 4096, 0
6408, 770008, 1, 4096, 0
6408, 7109, 1, 4096, 0
6408, 4146, 1, 4096, 0
6409, 824469, 1, 4096, 0
6409, 8874, 1, 4096, 0
6409, 3624, 1, 4096, 0
6409, 40111, 1, 4096, 0
6409, 9151, 1, 4096, 0
6409, 4425, 1, 4096, 0
6409, 2755, 1, 4096, 0
6409, 2762, 1, 4096, 0
6409, 2923, 1, 4096, 0
6409, 2758, 1, 4096, 0
6409, 2994, 1, 4096, 0
6410, 998525, 1, 4096, 0
6411, 525006, 1, 4096, 0
6411, 4467, 1, 4096, 0
6411, 3666, 1, 4096, 0
6411, 4402, 1, 4096, 0
6411, 3112, 1, 4096, 0
6411, 3663, 1, 4096, 0
6411, 3538, 1, 4096, 0
6411, 3087, 1, 4096, 0
6413, 1634398, 1, 4096, 0
6413, 234254, 1, 4096, 0
6413, 5033, 1, 4096, 0
6413, 200695, 1, 4096, 0
6413, 7661, 1, 4096, 0
6413, 3860, 1, 4096, 0
6413, 3325, 1, 4096, 0
6413, 153558, 1, 4096, 0
6413, 9419, 1, 4096, 0
6413, 4472, 1, 4096, 0
6413, 3414, 1, 4096, 0
6413, 3708, 1, 4096, 0
6413, 4138, 1, 4096, 0
6413, 4210, 1, 4096, 0
6415, 1965591, 1, 4096, 0
6415, 8255, 1, 4096, 0
6415, 3563, 1, 4096, 0
6415, 3200, 1, 4096, 0
6415, 2799, 1, 4096, 0
6415, 2816, 1, 4096, 0
6415, 3328, 1, 4096, 0
6415, 43544, 1, 4096, 0
6416, 543522, 1, 4096, 0
6416, 9482, 1, 4096, 0
6416, 5561, 1, 4096, 0
6417, 1142393, 1, 4096, 0
6417, 7749, 1, 4096, 0
6417, 3875, 1, 4096, 0
6417, 4073, 1, 4096, 0
6417, 3363, 1, 4096, 0
6417, 4076, 1, 4096, 0
6417, 2708, 1, 4096, 0
6417, 3514, 1, 4096, 0
6418, 547691, 1, 4096, 0
6418, 6732, 1, 4096, 0
6418, 3783, 1, 4096, 0
6418, 3366, 1, 4096, 0
6419, 1685321, 1, 4096, 0
6420, 915951, 1, 4096, 0
6420, 9089, 1, 4096, 0
6420, 3220, 1, 4096, 0
6420, 4185, 1, 4096, 0
6420, 3919, 1, 4096, 0
6420, 3525, 1, 4096, 0
6420, 4493, 1, 4096, 0
6420, 3691, 1, 4096, 0
6421, 362481, 1, 4096, 0
6421, 9605, 1, 4096, 0
6421, 3277, 1, 4096, 0
6421, 2937, 1, 4096, 0
6421, 3462, 1, 4096, 0
6421, 555679, 1, 4096, 0
6421, 57125, 1, 4096, 0
6421, 6982, 1, 4096, 0
6421, 2579, 1, 4096, 0
6421, 4332, 1, 4096, 0
6421, 2617, 1, 4096, 0
6421, 3011, 1, 4096, 0
6421, 2771, 1, 4096, 0
6422, 7689, 1, 4096, 0
6422, 88795, 1, 4096, 0
6423, 308367, 1, 4096, 0
6424, 1537787, 1, 4096, 0
6424, 99732, 1, 4096, 0
6425, 244742, 1, 4096, 0
6425, 4092, 1, 4096, 0
6425, 2955, 1, 4096, 0
6425, 2898, 1, 4096, 0
6425, 3086, 1, 4096, 0
6425, 2983, 1, 4096, 0
6425, 321840, 1, 4096, 0
6425, 3118, 1, 4096, 0
6425, 274312, 1, 4096, 0
6425, 358202, 1, 4096, 0
6426, 6981, 1, 4096, 0
6427, 1038000, 1, 4096, 0
6427, 5962, 1, 4096, 0
6427, 669895, 1, 4096, 0
6428, 477323, 1, 4096, 0
6429, 1464461, 1, 4096, 0
6429, 7299, 1, 4096, 0
6429, 4275, 1, 4096, 0
6429, 3019, 1, 4096, 0
6430, 831753, 1, 4096, 0
6432, 1569297, 1, 4096, 0
6432, 5258, 1, 4096, 0
6432, 3091, 1, 4096, 0
6432, 545183, 1, 4096, 0
6432, 314013, 1, 4096, 0
6433, 5762, 1, 4096, 0
6433, 3663, 1, 4096, 0
6434, 1361128, 1, 4096, 0
6434, 6657, 1, 4096, 0
6434, 171919, 1, 4096, 0
6435, 579144, 1, 4096, 0
6435, 5449, 1, 4096, 0
6435, 30414, 1, 4096, 0
6435, 180460, 1, 4096, 0
6435, 507990, 1, 4096, 0
6436, 756272, 1, 4096, 0
6436, 4598, 1, 4096, 0
6436, 3412, 1, 4096, 0
6437, 476870, 1, 4096, 0
6437, 6591, 1, 4096, 0
6438, 1415453, 1, 4096, 0
6438, 6594, 1, 4096, 0
6438, 3004, 1, 4096, 0
6439, 1047977, 1, 4096, 0
6439, 4059, 1, 4096, 0
6440, 642642, 1, 4096, 0
6440, 7003, 1, 4096, 0
6442, 2008686, 1, 4096, 0
6442, 5051, 1, 4096, 0
6442, 3439, 1, 4096, 0
6442, 58352, 1, 4096, 0
6442, 267601, 1, 4096, 0
6442, 205383, 1, 4096, 0
6443, 368113, 1, 4096, 0
6443, 4985, 1, 4096, 0
6444, 956926, 1, 4096, 0
6444, 7834, 1, 4096, 0
6444, 3671, 1, 4096, 0
6446, 1892918, 1, 4096, 0
6446, 5605, 1, 4096, 0
6446, 20064, 1, 4096, 0
6446, 372741, 1, 4096, 0
6446, 6301, 1, 4096, 0
6447, 1181533, 1, 4096, 0
6447, 4940, 1, 4096, 0
6447, 3628, 1, 4096, 0
6448, 1059445, 1, 4096, 0
6448, 162122, 1, 4096, 0
6448, 8696, 1, 4096, 0
6448, 2668, 1, 4096, 0
6448, 3022, 1, 4096, 0
6448, 2998, 1, 4096, 0
6449, 3226, 1, 4096, 0
6449, 3361, 1, 4096, 0
6449, 4126, 1, 4096, 0
6450, 1618473, 1, 4096, 0
6450, 6410, 1, 4096, 0
6450, 2701, 1, 4096, 0
6450, 2067, 1, 4096, 0
6451, 425780, 1, 4096, 0
6451, 8156, 1, 4096, 0
6451, 320426, 1, 4096, 0
6452, 602421, 1, 4096, 0
6452, 8264, 1, 4096, 0
6452, 381069, 1, 4096, 0
6452, 3400, 1, 4096, 0
6453, 861269, 1, 4096, 0
6453, 7938, 1, 4096, 0
6453, 4137, 1, 4096, 0
6453, 4220, 1, 4096, 0
6453, 4480, 1, 4096, 0
6453, 553214, 1, 4096, 0
6454, 996684, 1, 4096, 0
6455, 209102, 1, 4096, 0
6455, 690486, 1, 4096, 0
6455, 8545, 1, 4096, 0
6455, 10863, 1, 4096, 0
6455, 4314, 1, 4096, 0
6455, 133052, 1, 4096, 0
6456, 7367, 1, 4096, 0
6456, 3529, 1, 4096, 0
6456, 90418, 1, 4096, 0
6456, 380591, 1, 4096, 0
6456, 6047, 1, 4096, 0
6456, 3427, 1, 4096, 0
6456, 3016, 1, 4096, 0
6456, 4207, 1, 4096, 0
6456, 2573, 1, 4096, 0
6456, 2715, 1, 4096, 0
6456, 2701, 1, 4096, 0
6456, 141896, 1, 4096, 0
6456, 7453, 1, 4096, 0
6456, 170256, 1, 4096, 0
6458, 1251736, 1, 4096, 0
6458, 463876, 1, 4096, 0
6458, 7333, 1, 4096, 0
6458, 4365, 1, 4096, 0
6458, 6632, 1, 4096, 0
6459, 1022297, 1, 4096, 0
6460, 152124, 1, 4096, 0
6460, 6191, 1, 4096, 0
6460, 3860, 1, 4096, 0
6460, 3094, 1, 4096, 0
6460, 3720, 1, 4096, 0
6460, 361886, 1, 4096, 0
6460, 5936, 1, 4096, 0
6461, 577125, 1, 4096, 0
6461, 719486, 1, 4096, 0
6461, 5557, 1, 4096, 0
6462, 258706, 1, 4096, 0
6462, 6419, 1, 4096, 0
6462, 4835, 1, 4096, 0
6462, 3253, 1, 4096, 0
6462, 2748, 1, 4096, 0
6463, 1331848, 1, 4096, 0
6463, 8396, 1, 4096, 0
6464, 835658, 1, 4096, 0
6464, 6046, 1, 4096, 0
6464, 639855, 1, 4096, 0
6465, 458665, 1, 4096, 0
6465, 6865, 1, 4096, 0
6465, 267614, 1, 4096, 0
6465, 7096, 1, 4096, 0
6465, 2680, 1, 4096, 0
6465, 3581, 1, 4096, 0
6465, 3206, 1, 4096, 0
6465, 3427, 1, 4096, 0
6465, 2692, 1, 4096, 0
6465, 2480, 1, 4096, 0
6468, 2940085, 1, 4096, 0
6468, 49352, 1, 4096, 0
6468, 4225, 1, 4096, 0
6468, 3859, 1, 4096, 0
6468, 3678, 1, 4096, 0
6468, 4390, 1, 4096, 0
6468, 5847, 1, 4096, 0
6468, 3827, 1, 4096, 0
6469, 551003, 1, 4096, 0
6469, 6569, 1, 4096, 0
6469, 4509, 1, 4096, 0
6469, 2693, 1, 4096, 0
6469, 1904, 1, 4096, 0
6469, 2801, 1, 4096, 0
6469, 4029, 1, 4096, 0
6469, 3171, 1, 4096, 0
6470, 1505738, 1, 4096, 0
6471, 649951, 1, 4096, 0
6471, 6874, 1, 4096, 0
6471, 425447, 1, 4096, 0
6472, 713323, 1, 4096, 0
6473, 903298, 1, 4096, 0
6474, 663882, 1, 4096, 0
6474, 6451, 1, 4096, 0
6474, 4098, 1, 4096, 0
6474, 4244, 1, 4096, 0
6474, 308425, 1, 4096, 0
6475, 889479, 1, 4096, 0
6476, 952533, 1, 4096, 0
6477, 583326, 1, 4096, 0
6477, 7096, 1, 4096, 0
6477, 578813, 1, 4096, 0
6477, 8911, 1, 4096, 0
6477, 4381, 1, 4096, 0
6477, 4185, 1, 4096, 0
6477, 3545, 1, 4096, 0
6477, 3562, 1, 4096, 0
6477, 3507, 1, 4096, 0
6477, 5099, 1, 4096, 0
6477, 156843, 1, 4096, 0
6477, 6401, 1, 4096, 0
6477, 3462, 1, 4096, 0
6477, 2347, 1, 4096, 0
6477, 4931, 1, 4096, 0
6477, 3466, 1, 4096, 0
6477, 2763, 1, 4096, 0
6477, 3061, 1, 4096, 0
6479, 1894742, 1, 4096, 0
6479, 6080, 1, 4096, 0
6480, 693429, 1, 4096, 0
6480, 7455, 1, 4096, 0
6480, 3255, 1, 4096, 0
6480, 4039, 1, 4096, 0
6480, 3711, 1, 4096, 0
6480, 2610, 1, 4096, 0
6480, 3384, 1, 4096, 0
6480, 3522, 1, 4096, 0
6482, 2309492, 1, 4096, 0
6482, 7586, 1, 4096, 0
6482, 2944, 1, 4096, 0
6482, 2302, 1, 4096, 0
6482, 2286, 1, 4096, 0
6482, 2352, 1, 4096, 0
6482, 1702, 1, 4096, 0
6482, 2194, 1, 4096, 0
6483, 647193, 1, 4096, 0
6483, 6716, 1, 4096, 0
6483, 3780, 1, 4096, 0
6484, 440875, 1, 4096, 0
6484, 5646, 1, 4096, 0
6484, 3696, 1, 4096, 0
6484, 2868, 1, 4096, 0
6484, 2639, 1, 4096, 0
6484, 3146, 1, 4096, 0
6484, 3508, 1, 4096, 0
6484, 298108, 1, 4096, 0
6484, 206401, 1, 4096, 0
6484, 5670, 1, 4096, 0
6484, 58899, 1, 4096, 0
6484, 6251, 1, 4096, 0
6485, 613781, 1, 4096, 0
6485, 179063, 1, 4096, 0
6486, 1304092, 1, 4096, 0
6486, 4927, 1, 4096, 0
6486, 3175, 1, 4096, 0
6487, 811671, 1, 4096, 0
6487, 204893, 1, 4096, 0
6488, 217520, 1, 4096, 0
6488, 340402, 1, 4096, 0
6489, 577338, 1, 4096, 0
6489, 706614, 1, 4096, 0
6489, 14215, 1, 4096, 0
6489, 5903, 1, 4096, 0
6491, 1535500, 1, 4096, 0
6491, 6607, 1, 4096, 0
6491, 4106, 1, 4096, 0
6491, 3946, 1, 4096, 0
6491, 3955, 1, 4096, 0
6491, 3058, 1, 4096, 0
6491, 2953, 1, 4096, 0
6491, 3419, 1, 4096, 0
6493, 2208079, 1, 4096, 0
6494, 499412, 1, 4096, 0
6494, 415947, 1, 4096, 0
6494, 3638, 1, 4096, 0
6494, 123131, 1, 4096, 0
6494, 3293, 1, 4096, 0
6496, 1330100, 1, 4096, 0
6496, 8645, 1, 4096, 0
6497, 993578, 1, 4096, 0
6497, 5171, 1, 4096, 0
6497, 356941, 1, 4096, 0
6497, 6740, 1, 4096, 0
6497, 3307, 1, 4096, 0
6497, 4609, 1, 4096, 0
6497, 4331, 1, 4096, 0
6497, 4086, 1, 4096, 0
6497, 4069, 1, 4096, 0
6497, 3551, 1, 4096, 0
6500, 3227879, 1, 4096, 0
6500, 9338, 1, 4096, 0
6501, 393885, 1, 4096, 0
6501, 6848, 1, 4096, 0
6501, 36233, 1, 4096, 0
6501, 246902, 1, 4096, 0
6501, 5107, 1, 4096, 0
6503, 2250813, 1, 4096, 0
6503, 4173, 1, 4096, 0
6503, 3088, 1, 4096, 0
6504, 678464, 1, 4096, 0
6504, 376178, 1, 4096, 0
6504, 116591, 1, 4096, 0
6504, 38130, 1, 4096, 0
6505, 148435, 1, 4096, 0
6506, 1546183, 1, 4096, 0
6506, 5888, 1, 4096, 0
6506, 2825, 1, 4096, 0
6506, 220362, 1, 4096, 0
6507, 276995, 1, 4096, 0
6507, 451415, 1, 4096, 0
6507, 4726, 1, 4096, 0
6507, 32633, 1, 4096, 0
6509, 2143270, 1, 4096, 0
6509, 7323, 1, 4096, 0
6509, 2902, 1, 4096, 0
6510, 880661, 1, 4096, 0
6510, 7255, 1, 4096, 0
6511, 293613, 1, 4096, 0
6511, 447542, 1, 4096, 0
6511, 7471, 1, 4096, 0
6511, 5106, 1, 4096, 0
6511, 6248, 1, 4096, 0
6511, 3633, 1, 4096, 0
6511, 3505, 1, 4096, 0
6511, 4265, 1, 4096, 0
6511, 3781, 1, 4096, 0
6511, 138639, 1, 4096, 0
6511, 5954, 1, 4096, 0
6511, 3703, 1, 4096, 0
6511, 4193, 1, 4096, 0
6511, 3016, 1, 4096, 0
6511, 3129, 1, 4096, 0
6511, 2606, 1, 4096, 0
6511, 2720, 1, 4096, 0
6513, 593309, 1, 4096, 0
6513, 4618, 1, 4096, 0
6513, 2905, 1, 4096, 0
6513, 3831, 1, 4096, 0
6514, 1094369, 1, 4096, 0
6514, 4658, 1, 4096, 0
6515, 686778, 1, 4096, 0
6515, 10407, 1, 4096, 0
6515, 8205, 1, 4096, 0
6515, 3664, 1, 4096, 0
6515, 4054, 1, 4096, 0
6516, 354806, 1, 4096, 0
6516, 896795, 1, 4096, 0
6516, 6918, 1, 4096, 0
6516, 3151, 1, 4096, 0
6516, 3856, 1, 4096, 0
6517, 528705, 1, 4096, 0
6517, 5760, 1, 4096, 0
6517, 279773, 1, 4096, 0
6518, 435885, 1, 4096, 0
6518, 4621, 1, 4096, 0
6518, 654967, 1, 4096, 0
6518, 5193, 1, 4096, 0
6518, 3472, 1, 4096, 0
6518, 2825, 1, 4096, 0
6518, 2899, 1, 4096, 0
6518, 4885, 1, 4096, 0
6518, 3847, 1, 4096, 0
6518, 2997, 1, 4096, 0
6519, 177440, 1, 4096, 0
6519, 4530, 1, 4096, 0
6519, 2221, 1, 4096, 0
6520, 1556257, 1, 4096, 0
6520, 4725, 1, 4096, 0
6521, 627693, 1, 4096, 0
6521, 10995, 1, 4096, 0
6522, 1377668, 1, 4096, 0
6522, 3220, 1, 4096, 0
6523, 481626, 1, 4096, 0
6523, 504822, 1, 4096, 0
6523, 3942, 1, 4096, 0
6524, 597384, 1, 4096, 0
6524, 4654, 1, 4096, 0
6524, 2640, 1, 4096, 0
6525, 1175762, 1, 4096, 0
6525, 353275, 1, 4096, 0
6525, 5214, 1, 4096, 0
6526, 822130, 1, 4096, 0
6526, 3635, 1, 4096, 0
6526, 238445, 1, 4096, 0
6526, 3080, 1, 4096, 0
6527, 342942, 1, 4096, 0
6528, 817277, 1, 4096, 0
6528, 6014, 1, 4096, 0
6528, 3023, 1, 4096, 0
6528, 3162, 1, 4096, 0
6529, 935865, 1, 4096, 0
6529, 8675, 1, 4096, 0
6529, 767215, 1, 4096, 0
6530, 152636, 1, 4096, 0
6530, 8333, 1, 4096, 0
6530, 4822, 1, 4096, 0
6530, 3275, 1, 4096, 0
6530, 2639, 1, 4096, 0
6530, 2806, 1, 4096, 0
6530, 2096, 1, 4096, 0
6530, 1982, 1, 4096, 0
6531, 1577272, 1, 4096, 0
6531, 6894, 1, 4096, 0
6531, 4413, 1, 4096, 0
6531, 3070, 1, 4096, 0
6531, 2625, 1, 4096, 0
6531, 4348, 1, 4096, 0
6531, 8468, 1, 4096, 0
6531, 1605, 1, 4096, 0
6533, 1833571, 1, 4096, 0
6533, 6392, 1, 4096, 0
6533, 2787, 1, 4096, 0
6533, 2420, 1, 4096, 0
6534, 483693, 1, 4096, 0
6534, 641157, 1, 4096, 0
6535, 426368, 1, 4096, 0
6535, 9234, 1, 4096, 0
6535, 3257, 1, 4096, 0
6535, 4335, 1, 4096, 0
6535, 657415, 1, 4096, 0
6536, 1108332, 1, 4096, 0
6537, 221371, 1, 4096, 0
6537, 4404, 1, 4096, 0
6539, 2061291, 1, 4096, 0
6539, 7929, 1, 4096, 0
6539, 2845, 1, 4096, 0
6539, 156205, 1, 4096, 0
6539, 47497, 1, 4096, 0
6539, 5853, 1, 4096, 0
6539, 3483, 1, 4096, 0
6539, 2865, 1, 4096, 0
6539, 3095, 1, 4096, 0
6539, 3376, 1, 4096, 0
6539, 3228, 1, 4096, 0
6540, 954823, 1, 4096, 0
6540, 233288, 1, 4096, 0
6540, 7966, 1, 4096, 0
6540, 3616, 1, 4096, 0
6540, 255299, 1, 4096, 0
6540, 9722, 1, 4096, 0
6540, 4214, 1, 4096, 0
6540, 3075, 1, 4096, 0
6540, 4304, 1, 4096, 0
6540, 3197, 1, 4096, 0
6541, 3114, 1, 4096, 0
6541, 3446, 1, 4096, 0
6542, 11172, 1, 4096, 0
6542, 9180, 1, 4096, 0
6542, 5059, 1, 4096, 0
6542, 3414, 1, 4096, 0
6542, 8998, 1, 4096, 0
6544, 927179, 1, 4096, 0
6544, 6207, 1, 4096, 0
6544, 3527, 1, 4096, 0
6544, 553225, 1, 4096, 0
6545, 435816, 1, 4096, 0
6545, 276078, 1, 4096, 0
6546, 881266, 1, 4096, 0
6546, 10883, 1, 4096, 0
6546, 3594, 1, 4096, 0
6546, 541094, 1, 4096, 0
6546, 5664, 1, 4096, 0
6547, 108909, 1, 4096, 0
6547, 9387, 1, 4096, 0
6547, 3941, 1, 4096, 0
6547, 3417, 1, 4096, 0
6547, 2870, 1, 4096, 0
6547, 3729, 1, 4096, 0
6547, 3376, 1, 4096, 0
6547, 3024, 1, 4096, 0
6547, 477765, 1, 4096, 0
6547, 325157, 1, 4096, 0
6547, 101759, 1, 4096, 0
6548, 454292, 1, 4096, 0
6549, 573990, 1, 4096, 0
6549, 5357, 1, 4096, 0
6549, 28879, 1, 4096, 0
6550, 1267576, 1, 4096, 0
6550, 6275, 1, 4096, 0
6550, 288189, 1, 4096, 0
6551, 947490, 1, 4096, 0
6551, 5867, 1, 4096, 0
6551, 2527, 1, 4096, 0
6552, 569732, 1, 4096, 0
6552, 619298, 1, 4096, 0
6553, 319904, 1, 4096, 0
6553, 114172, 1, 4096, 0
6553, 6658, 1, 4096, 0
6553, 3492, 1, 4096, 0
6553, 2902, 1, 4096, 0
6553, 2880, 1, 4096, 0
6553, 2975, 1, 4096, 0
6553, 3466, 1, 4096, 0
6553, 2596, 1, 4096, 0
6554, 869794, 1, 4096, 0
6554, 7140, 1, 4096, 0
6554, 3370, 1, 4096, 0
6554, 3801, 1, 4096, 0
6555, 1323485, 1, 4096, 0
6556, 571336, 1, 4096, 0
6556, 5443, 1, 4096, 0
6556, 694572, 1, 4096, 0
6556, 6370, 1, 4096, 0
6556, 3942, 1, 4096, 0
6557, 210723, 1, 4096, 0
6557, 9100, 1, 4096, 0
6557, 3797, 1, 4096, 0
6557, 4820, 1, 4096, 0
6557, 3630, 1, 4096, 0
6557, 3858, 1, 4096, 0
6557, 3463, 1, 4096, 0
6557, 5925, 1, 4096, 0
6558, 1063624, 1, 4096, 0
6558, 550998, 1, 4096, 0
6558, 5808, 1, 4096, 0
6559, 452956, 1, 4096, 0
6559, 6177, 1, 4096, 0
6559, 2832, 1, 4096, 0
6559, 683561, 1, 4096, 0
6560, 527482, 1, 4096, 0
6561, 949625, 1, 4096, 0
6561, 579593, 1, 4096, 0
6561, 8431, 1, 4096, 0
6562, 895305, 1, 4096, 0
6562, 7128, 1, 4096, 0
6563, 189391, 1, 4096, 0
6563, 536859, 1, 4096, 0
6563, 5099, 1, 4096, 0
6563, 72010, 1, 4096, 0
6563, 5797, 1, 4096, 0
6563, 3805, 1, 4096, 0
6563, 3661, 1, 4096, 0
6563, 3488, 1, 4096, 0
6563, 3402, 1, 4096, 0
6563, 3118, 1, 4096, 0
6563, 3644, 1, 4096, 0
6565, 2104558, 1, 4096, 0
6565, 13286, 1, 4096, 0
6565, 3423, 1, 4096, 0
6565, 2472, 1, 4096, 0
6565, 3243, 1, 4096, 0
6565, 3389, 1, 4096, 0
6565, 3556, 1, 4096, 0
6565, 3172, 1, 4096, 0
6565, 79978, 1, 4096, 0
6565, 7854, 1, 4096, 0
6565, 4384, 1, 4096, 0
6565, 2638, 1, 4096, 0
6565, 2029, 1, 4096, 0
6566, 38226, 1, 4096, 0
6566, 366149, 1, 4096, 0
6566, 7110, 1, 4096, 0
6566, 5292, 1, 4096, 0
6566, 4863, 1, 4096, 0
6566, 7147, 1, 4096, 0
6566, 5520, 1, 4096, 0
6567, 4836, 1, 4096, 0
6568, 1356823, 1, 4096, 0
6568, 6218, 1, 4096, 0
6568, 31014, 1, 4096, 0
6568, 3362, 1, 4096, 0
6570, 1247046, 1, 4096, 0
6570, 7313, 1, 4096, 0
6571, 1297565, 1, 4096, 0
6571, 6489, 1, 4096, 0
6571, 172515, 1, 4096, 0
6571, 172457, 1, 4096, 0
6572, 1072135, 1, 4096, 0
6572, 7968, 1, 4096, 0
6572, 3278, 1, 4096, 0
6572, 2184, 1, 4096, 0
6572, 2091, 1, 4096, 0
6572, 2362, 1, 4096, 0
6572, 1718, 1, 4096, 0
6572, 3302, 1, 4096, 0
6575, 2368306, 1, 4096, 0
6575, 176280, 1, 4096, 0
6575, 80556, 1, 4096, 0
6575, 23784, 1, 4096, 0
6575, 7077, 1, 4096, 0
6575, 3347, 1, 4096, 0
6575, 2977, 1, 4096, 0
6575, 4191, 1, 4096, 0
6575, 3141, 1, 4096, 0
6575, 59377, 1, 4096, 0
6575, 26178, 1, 4096, 0
6575, 4997, 1, 4096, 0
6575, 3283, 1, 4096, 0
6575, 4809, 1, 4096, 0
6575, 2772, 1, 4096, 0
6575, 2618, 1, 4096, 0
6575, 2850, 1, 4096, 0
6575, 3704, 1, 4096, 0
6578, 2467429, 1, 4096, 0
6578, 80010, 1, 4096, 0
6578, 5275, 1, 4096, 0
6578, 4882, 1, 4096, 0
6578, 599926, 1, 4096, 0
6579, 262317, 1, 4096, 0
6579, 256505, 1, 4096, 0
6580, 924377, 1, 4096, 0
6580, 8030, 1, 4096, 0
6580, 479791, 1, 4096, 0
6580, 8482, 1, 4096, 0
6581, 491584, 1, 4096, 0
6581, 4273, 1, 4096, 0
6581, 212261, 1, 4096, 0
6581, 6636, 1, 4096, 0
6581, 3446, 1, 4096, 0
6581, 2441, 1, 4096, 0
6581, 3700, 1, 4096, 0
6581, 3153, 1, 4096, 0
6581, 3645, 1, 4096, 0
6581, 3508, 1, 4096, 0
6582, 296056, 1, 4096, 0
6582, 329264, 1, 4096, 0
6583, 1233766, 1, 4096, 0
6583, 8284, 1, 4096, 0
6583, 3682, 1, 4096, 0
6583, 3313, 1, 4096, 0
6583, 3008, 1, 4096, 0
6583, 2881, 1, 4096, 0
6583, 2874, 1, 4096, 0
6583, 3030, 1, 4096, 0
6583, 120542, 1, 4096, 0
6583, 7502, 1, 4096, 0
6583, 7444, 1, 4096, 0
6584, 5882, 1, 4096, 0
6584, 422402, 1, 4096, 0
6585, 429126, 1, 4096, 0
6585, 401946, 1, 4096, 0
6586, 305466, 1, 4096, 0
6586, 8660, 1, 4096, 0
6587, 983040, 1, 4096, 0
6587, 8869, 1, 4096, 0
6587, 3332, 1, 4096, 0
6587, 3596, 1, 4096, 0
6587, 3851, 1, 4096, 0
6587, 333944, 1, 4096, 0
6587, 5952, 1, 4096, 0
6587, 4421, 1, 4096, 0
6587, 4084, 1, 4096, 0
6587, 3652, 1, 4096, 0
6587, 3579, 1, 4096, 0
6587, 2674, 1, 4096, 0
6587, 3703, 1, 4096, 0
6588, 535918, 1, 4096, 0
6588, 5390, 1, 4096, 0
6588, 142863, 1, 4096, 0
6590, 2201449, 1, 4096, 0
6590, 8872, 1, 4096, 0
6590, 501553, 1, 4096, 0
6591, 592097, 1, 4096, 0
6592, 412803, 1, 4096, 0
6592, 630053, 1, 4096, 0
6592, 35058, 1, 4096, 0
6592, 3707, 1, 4096, 0
6593, 1128855, 1, 4096, 0
6593, 19634, 1, 4096, 0
6594, 181627, 1, 4096, 0
6594, 7352, 1, 4096, 0
6594, 3557, 1, 4096, 0
6594, 2624, 1, 4096, 0
6594, 3819, 1, 4096, 0
6594, 2533, 1, 4096, 0
6594, 2755, 1, 4096, 0
6594, 3294, 1, 4096, 0
6596, 1981632, 1, 4096, 0
6597, 1160883, 1, 4096, 0
6597, 671915, 1, 4096, 0
6597, 3963, 1, 4096, 0
6597, 3362, 1, 4096, 0
6597, 3532, 1, 4096, 0
6597, 74561, 1, 4096, 0
6598, 8455, 1, 4096, 0
6598, 4789, 1, 4096, 0
6598, 2860, 1, 4096, 0
6598, 2340, 1, 4096, 0
6598, 2115, 1, 4096, 0
6598, 2494, 1, 4096, 0
6599, 1116287, 1, 4096, 0
6599, 6129, 1, 4096, 0
6599, 3255, 1, 4096, 0
6599, 4439, 1, 4096, 0
6599, 4127, 1, 4096, 0
6599, 3889, 1, 4096, 0
6599, 3278, 1, 4096, 0
6599, 4358, 1, 4096, 0
6599, 270016, 1, 4096, 0
6600, 527437, 1, 4096, 0
6600, 5616, 1, 4096, 0
6601, 1074448, 1, 4096, 0
6601, 410442, 1, 4096, 0
6601, 5555, 1, 4096, 0
6601, 3297, 1, 4096, 0
6602, 504756, 1, 4096, 0
6603, 1036966, 1, 4096, 0
6603, 5432, 1, 4096, 0
6603, 52215, 1, 4096, 0
6603, 263292, 1, 4096, 0
6603, 405180, 1, 4096, 0
6603, 4756, 1, 4096, 0
6604, 924919, 1, 4096, 0
6604, 6758, 1, 4096, 0
6605, 365130, 1, 4096, 0
6605, 164886, 1, 4096, 0
6605, 643427, 1, 4096, 0
6605, 5414, 1, 4096, 0
6605, 3056, 1, 4096, 0
6605, 3017, 1, 4096, 0
6605, 4272, 1, 4096, 0
6605, 3470, 1, 4096, 0
6605, 5560, 1, 4096, 0
6605, 2988, 1, 4096, 0
6606, 248691, 1, 4096, 0
6606, 6970, 1, 4096, 0
6606, 45048, 1, 4096, 0
6606, 303435, 1, 4096, 0
6607, 725288, 1, 4096, 0
6608, 897969, 1, 4096, 0
6608, 8046, 1, 4096, 0
6608, 6036, 1, 4096, 0
6608, 4497, 1, 4096, 0
6608, 3325, 1, 4096, 0
6608, 4178, 1, 4096, 0
6608, 2908, 1, 4096, 0
6608, 3538, 1, 4096, 0
6610, 1436187, 1, 4096, 0
6610, 6363, 1, 4096, 0
6610, 3622, 1, 4096, 0
6610, 2691, 1, 4096, 0
6610, 3113, 1, 4096, 0
6610, 323230, 1, 4096, 0
6610, 581655, 1, 4096, 0
6611, 195184, 1, 4096, 0
6611, 589062, 1, 4096, 0
6611, 113408, 1, 4096, 0
6611, 5222, 1, 4096, 0
6611, 35370, 1, 4096, 0
6612, 176709, 1, 4096, 0
6612, 7057, 1, 4096, 0
6612, 3294, 1, 4096, 0
6613, 1825197, 1, 4096, 0
6614, 79976, 1, 4096, 0
6614, 6787, 1, 4096, 0
6614, 2961, 1, 4096, 0
6614, 2824, 1, 4096, 0
6614, 2761, 1, 4096, 0
6614, 3340, 1, 4096, 0
6614, 4629, 1, 4096, 0
6614, 3650, 1, 4096, 0
6614, 78819, 1, 4096, 0
6614, 5961, 1, 4096, 0
6614, 88714, 1, 4096, 0
6614, 5590, 1, 4096, 0
6614, 3823, 1, 4096, 0
6614, 9054, 1, 4096, 0
6616, 2187038, 1, 4096, 0
6617, 996420, 1, 4096, 0
6617, 35198, 1, 4096, 0
6618, 263526, 1, 4096, 0
6618, 5224, 1, 4096, 0
6618, 151533, 1, 4096, 0
6618, 116294, 1, 4096, 0
6618, 62859, 1, 4096, 0
6619, 620977, 1, 4096, 0
6619, 5007, 1, 4096, 0
6619, 3577, 1, 4096, 0
6619, 2781, 1, 4096, 0
6619, 3286, 1, 4096, 0
6619, 3232, 1, 4096, 0
6619, 3086, 1, 4096, 0
6619, 3050, 1, 4096, 0
6619, 692806, 1, 4096, 0
6620, 967219, 1, 4096, 0
6620, 7329, 1, 4096, 0
6620, 3981, 1, 4096, 0
6620, 4410, 1, 4096, 0
6620, 3382, 1, 4096, 0
6620, 3678, 1, 4096, 0
6620, 2781, 1, 4096, 0
6620, 2690, 1, 4096, 0
6621, 759903, 1, 4096, 0
6622, 478358, 1, 4096, 0
6622, 5858, 1, 4096, 0
6622, 4255, 1, 4096, 0
6622, 3547, 1, 4096, 0
6622, 86425, 1, 4096, 0
6622, 2991, 1, 4096, 0
6623, 1152591, 1, 4096, 0
6624, 561736, 1, 4096, 0
6624, 7148, 1, 4096, 0
6624, 2496, 1, 4096, 0
6624, 3292, 1, 4096, 0
6624, 2179, 1, 4096, 0
6624, 3111, 1, 4096, 0
6624, 189478, 1, 4096, 0
6624, 370377, 1, 4096, 0
6624, 275977, 1, 4096, 0
6624, 6289, 1, 4096, 0
6625, 254647, 1, 4096, 0
6625, 4463, 1, 4096, 0
6625, 3212, 1, 4096, 0
6627, 2494676, 1, 4096, 0
6628, 582204, 1, 4096, 0
6628, 4640, 1, 4096, 0
6629, 993592, 1, 4096, 0
6629, 418460, 1, 4096, 0
6629, 3650, 1, 4096, 0
6629, 66599, 1, 4096, 0
6630, 242999, 1, 4096, 0
6631, 997022, 1, 4096, 0
6631, 489545, 1, 4096, 0
6631, 3869, 1, 4096, 0
6631, 392018, 1, 4096, 0
6631, 9063, 1, 4096, 0
6631, 4081, 1, 4096, 0
6631, 3549, 1, 4096, 0
6631, 3127, 1, 4096, 0
6631, 3814, 1, 4096, 0
6631, 3929, 1, 4096, 0
6631, 3473, 1, 4096, 0
6634, 2132938, 1, 4096, 0
6634, 6776, 1, 4096, 0
6634, 3118, 1, 4096, 0
6634, 3313, 1, 4096, 0
6634, 3652, 1, 4096, 0
6634, 4382, 1, 4096, 0
6634, 2362, 1, 4096, 0
6634, 4505, 1, 4096, 0
6634, 323840, 1, 4096, 0
6634, 6893, 1, 4096, 0
6634, 3995, 1, 4096, 0
6635, 485877, 1, 4096, 0
6635, 71084, 1, 4096, 0
6635, 7286, 1, 4096, 0
6635, 3431, 1, 4096, 0
6635, 3267, 1, 4096, 0
6635, 3378, 1, 4096, 0
6635, 3203, 1, 4096, 0
6635, 2977, 1, 4096, 0
6635, 2405, 1, 4096, 0
6637, 1706339, 1, 4096, 0
6637, 7189, 1, 4096, 0
6637, 3806, 1, 4096, 0
6637, 4362, 1, 4096, 0
6637, 3184, 1, 4096, 0
6637, 3167, 1, 4096, 0
6638, 1377348, 1, 4096, 0
6639, 1023672, 1, 4096, 0
6639, 7481, 1, 4096, 0
6639, 4219, 1, 4096, 0
6639, 2727, 1, 4096, 0
6639, 2471, 1, 4096, 0
6639, 2624, 1, 4096, 0
6639, 2668, 1, 4096, 0
6639, 326475, 1, 4096, 0
6640, 1004527, 1, 4096, 0
6640, 6685, 1, 4096, 0
6640, 4502, 1, 4096, 0
6640, 2860, 1, 4096, 0
6640, 3119, 1, 4096, 0
6640, 2895, 1, 4096, 0
6640, 3668, 1, 4096, 0
6640, 3043, 1, 4096, 0
6643, 2661233, 1, 4096, 0
6644, 620877, 1, 4096, 0
6644, 5470, 1, 4096, 0
6644, 3547, 1, 4096, 0
6644, 138328, 1, 4096, 0
6644, 5127, 1, 4096, 0
6644, 405653, 1, 4096, 0
6646, 1271497, 1, 4096, 0
6646, 7374, 1, 4096, 0
6646, 2389, 1, 4096, 0
6646, 3099, 1, 4096, 0
6646, 1984, 1, 4096, 0
6646, 3181, 1, 4096, 0
6646, 3521, 1, 4096, 0
6646, 3885, 1, 4096, 0
6647, 1368043, 1, 4096, 0
6647, 4691, 1, 4096, 0
6647, 3192, 1, 4096, 0
6647, 191418, 1, 4096, 0
6647, 152909, 1, 4096, 0
6648, 845203, 1, 4096, 0
6648, 36503, 1, 4096, 0
6649, 442466, 1, 4096, 0
6649, 674639, 1, 4096, 0
6650, 299045, 1, 4096, 0
6650, 179488, 1, 4096, 0
6650, 124536, 1, 4096, 0
6650, 236425, 1, 4096, 0
6650, 70804, 1, 4096, 0
6651, 320413, 1, 4096, 0
6651, 166554, 1, 4096, 0
6651, 99342, 1, 4096, 0
6652, 1389841, 1, 4096, 0
6652, 154753, 1, 4096, 0
6653, 334042, 1, 4096, 0
6653, 19879, 1, 4096, 0
6653, 134094, 1, 4096, 0
6653, 72893, 1, 4096, 0
6653, 33268, 1, 4096, 0
6654, 1241030, 1, 4096, 0
6655, 1105117, 1, 4096, 0
6655, 5752, 1, 4096, 0
6656, 662059, 1, 4096, 0
6657, 637740, 1, 4096, 0
6657, 381885, 1, 4096, 0
6657, 98315, 1, 4096, 0
6657, 4004, 1, 4096, 0
6658, 1063631, 1, 4096, 0
6658, 5667, 1, 4096, 0
6658, 2731, 1, 4096, 0
6658, 3060, 1, 4096, 0
6658, 2867, 1, 4096, 0
6660, 1260465, 1, 4096, 0
6660, 6267, 1, 4096, 0
6660, 22624, 1, 4096, 0
6660, 362580, 1, 4096, 0
6660, 273820, 1, 4096, 0
6661, 664927, 1, 4096, 0
6661, 408648, 1, 4096, 0
6661, 97565, 1, 4096, 0
6661, 4198, 1, 4096, 0
6662, 794939, 1, 4096, 0
6662, 64287, 1, 4096, 0
6664, 1301937, 1, 4096, 0
6664, 768047, 1, 4096, 0
6665, 452006, 1, 4096, 0
6665, 402426, 1, 4096, 0
6665, 5302, 1, 4096, 0
6666, 1109865, 1, 4096, 0
6667, 555643, 1, 4096, 0
6667, 4773, 1, 4096, 0
6668, 812326, 1, 4096, 0
6668, 7278, 1, 4096, 0
6669, 1259524, 1, 4096, 0
6669, 136430, 1, 4096, 0
6671, 1432593, 1, 4096, 0
6671, 6338, 1, 4096, 0
6671, 3485, 1, 4096, 0
6671, 3065, 1, 4096, 0
6671, 4613, 1, 4096, 0
6671, 3044, 1, 4096, 0
6671, 3339, 1, 4096, 0
6671, 2631, 1, 4096, 0
6671, 31185, 1, 4096, 0
6671, 3870, 1, 4096, 0
6671, 2536, 1, 4096, 0
6671, 3665, 1, 4096, 0
6671, 3246, 1, 4096, 0
6671, 4378, 1, 4096, 0
6671, 3279, 1, 4096, 0
6671, 4096, 1, 4096, 0
6671, 678284, 1, 4096, 0
6671, 8400, 1, 4096, 0
6671, 3199, 1, 4096, 0
6671, 3276, 1, 4096, 0
6671, 2704, 1, 4096, 0
6671, 2403, 1, 4096, 0
6671, 2717, 1, 4096, 0
6671, 3030, 1, 4096, 0
6673, 484808, 1, 4096, 0
6674, 269997, 1, 4096, 0
6674, 227425, 1, 4096, 0
6674, 23821, 1, 4096, 0
6674, 250444, 1, 4096, 0
6674, 6303, 1, 4096, 0
6674, 3722, 1, 4096, 0
6674, 2942, 1, 4096, 0
6674, 5568, 1, 4096, 0
6674, 2343, 1, 4096, 0
6674, 6678, 1, 4096, 0
6674, 3916, 1, 4096, 0
6676, 1755720, 1, 4096, 0
6676, 5950, 1, 4096, 0
6676, 2705, 1, 4096, 0
6676, 2429, 1, 4096, 0
6676, 1857, 1, 4096, 0
6676, 2166, 1, 4096, 0
6676, 2069, 1, 4096, 0
6677, 625287, 1, 4096, 0
6677, 6623, 1, 4096, 0
6677, 4396, 1, 4096, 0
6677, 5015, 1, 4096, 0
6677, 3306, 1, 4096, 0
6677, 3039, 1, 4096, 0
6677, 3005, 1, 4096, 0
6677, 3147, 1, 4096, 0
6679, 1721992, 1, 4096, 0
6679, 8206, 1, 4096, 0
6679, 4000, 1, 4096, 0
6679, 2846, 1, 4096, 0
6679, 3263, 1, 4096, 0
6679, 5087, 1, 4096, 0
6679, 3399, 1, 4096, 0
6679, 3788, 1, 4096, 0
6680, 1848045, 1, 4096, 0
6680, 7042, 1, 4096, 0
6680, 4681, 1, 4096, 0
6680, 3356, 1, 4096, 0
6680, 2841, 1, 4096, 0
6680, 3138, 1, 4096, 0
6680, 3071, 1, 4096, 0
6680, 3220, 1, 4096, 0
6681, 355691, 1, 4096, 0
6681, 8037, 1, 4096, 0
6681, 3320, 1, 4096, 0
6681, 3158, 1, 4096, 0
6681, 3033, 1, 4096, 0
6681, 220192, 1, 4096, 0
6681, 5577, 1, 4096, 0
6682, 1029959, 1, 4096, 0
6682, 8371, 1, 4096, 0
6682, 5001, 1, 4096, 0
6682, 3431, 1, 4096, 0
6682, 3585, 1, 4096, 0
6682, 4286, 1, 4096, 0
6682, 2944, 1, 4096, 0
6682, 3743, 1, 4096, 0
6684, 1637715, 1, 4096, 0
6684, 7928, 1, 4096, 0
6684, 2870, 1, 4096, 0
6684, 2729, 1, 4096, 0
6684, 3340, 1, 4096, 0
6684, 3084, 1, 4096, 0
6684, 10781, 1, 4096, 0
6684, 8294, 1, 4096, 0
6684, 18282, 1, 4096, 0
6685, 569933, 1, 4096, 0
6686, 1522819, 1, 4096, 0
6686, 4612, 1, 4096, 0
6686, 3281, 1, 4096, 0
6687, 1269649, 1, 4096, 0
6687, 5093, 1, 4096, 0
6687, 61710, 1, 4096, 0
6688, 3168, 1, 4096, 0
6688, 344226, 1, 4096, 0
6688, 5328, 1, 4096, 0
6688, 3502, 1, 4096, 0
6688, 2584, 1, 4096, 0
6688, 2955, 1, 4096, 0
6688, 2885, 1, 4096, 0
6689, 651593, 1, 4096, 0
6689, 572281, 1, 4096, 0
6690, 655455, 1, 4096, 0
6690, 7466, 1, 4096, 0
6690, 3765, 1, 4096, 0
6690, 2498, 1, 4096, 0
6690, 2719, 1, 4096, 0
6690, 2364, 1, 4096, 0
6690, 3075, 1, 4096, 0
6690, 3339, 1, 4096, 0
6690, 367036, 1, 4096, 0
6690, 7166, 1, 4096, 0
6690, 3421, 1, 4096, 0
6691, 9335, 1, 4096, 0
6692, 884096, 1, 4096, 0
6692, 12236, 1, 4096, 0
6692, 167200, 1, 4096, 0
6692, 391083, 1, 4096, 0
6692, 5282, 1, 4096, 0
6692, 3412, 1, 4096, 0
6692, 2831, 1, 4096, 0
6693, 616261, 1, 4096, 0
6693, 6899, 1, 4096, 0
6694, 940836, 1, 4096, 0
6694, 7888, 1, 4096, 0
6694, 3972, 1, 4096, 0
6694, 3476, 1, 4096, 0
6694, 2413, 1, 4096, 0
6694, 3197, 1, 4096, 0
6694, 3666, 1, 4096, 0
6694, 3635, 1, 4096, 0
6696, 2148436, 1, 4096, 0
6696, 363030, 1, 4096, 0
6696, 6823, 1, 4096, 0
6696, 113866, 1, 4096, 0
6696, 42363, 1, 4096, 0
6697, 51430, 1, 4096, 0
6697, 5006, 1, 4096, 0
6697, 2963, 1, 4096, 0
6697, 2508, 1, 4096, 0
6697, 2868, 1, 4096, 0
6697, 2844, 1, 4096, 0
6697, 2797, 1, 4096, 0
6697, 3188, 1, 4096, 0
6699, 2156732, 1, 4096, 0
6699, 439381, 1, 4096, 0
6699, 12316, 1, 4096, 0
6699, 3001, 1, 4096, 0
6699, 3930, 1, 4096, 0
6699, 57038, 1, 4096, 0
6699, 4190, 1, 4096, 0
6699, 3888, 1, 4096, 0
6699, 3852, 1, 4096, 0
6700, 1090675, 1, 4096, 0
6700, 6735, 1, 4096, 0
6700, 3576, 1, 4096, 0
6700, 3041, 1, 4096, 0
6700, 2877, 1, 4096, 0
6700, 2690, 1, 4096, 0
6700, 3311, 1, 4096, 0
6700, 3230, 1, 4096, 0
6702, 1353447, 1, 4096, 0
6702, 7861, 1, 4096, 0
6702, 3099, 1, 4096, 0
6702, 4161, 1, 4096, 0
6702, 3898, 1, 4096, 0
6702, 56345, 1, 4096, 0
6702, 381617, 1, 4096, 0
6702, 79684, 1, 4096, 0
6703, 739706, 1, 4096, 0
6703, 8649, 1, 4096, 0
6703, 3760, 1, 4096, 0
6703, 319837, 1, 4096, 0
6703, 59962, 1, 4096, 0
6704, 151687, 1, 4096, 0
6704, 200797, 1, 4096, 0
6704, 8031, 1, 4096, 0
6704, 3618, 1, 4096, 0
6704, 3279, 1, 4096, 0
6704, 3393, 1, 4096, 0
6704, 3260, 1, 4096, 0
6704, 3096, 1, 4096, 0
6704, 2845, 1, 4096, 0
6706, 2106327, 1, 4096, 0
6706, 394607, 1, 4096, 0
6707, 314346, 1, 4096, 0
6707, 49361, 1, 4096, 0
6707, 4520, 1, 4096, 0
6707, 25713, 1, 4096, 0
6707, 7573, 1, 4096, 0
6707, 5385, 1, 4096, 0
6707, 3403, 1, 4096, 0
6707, 2243, 1, 4096, 0
6707, 4439, 1, 4096, 0
6707, 3603, 1, 4096, 0
6707, 7499, 1, 4096, 0
6708, 930416, 1, 4096, 0
6708, 6453, 1, 4096, 0
6708, 3174, 1, 4096, 0
6708, 3013, 1, 4096, 0
6708, 3080, 1, 4096, 0
6708, 2268, 1, 4096, 0
6708, 3313, 1, 4096, 0
6708, 2703, 1, 4096, 0
6709, 1277870, 1, 4096, 0
6709, 9916, 1, 4096, 0
6709, 2972, 1, 4096, 0
6710, 605864, 1, 4096, 0
6710, 4880, 1, 4096, 0
6710, 3462, 1, 4096, 0
6710, 317172, 1, 4096, 0
6710, 378912, 1, 4096, 0
6710, 6927, 1, 4096, 0
6711, 113160, 1, 4096, 0
6711, 3442, 1, 4096, 0
6711, 3957, 1, 4096, 0
6711, 139849, 1, 4096, 0
6711, 234757, 1, 4096, 0
6711, 6367, 1, 4096, 0
6711, 3656, 1, 4096, 0
6711, 3428, 1, 4096, 0
6711, 3519, 1, 4096, 0
6711, 3018, 1, 4096, 0
6711, 3990, 1, 4096, 0
6711, 4022, 1, 4096, 0
6712, 1429753, 1, 4096, 0
6713, 497215, 1, 4096, 0
6713, 109999, 1, 4096, 0
6713, 8605, 1, 4096, 0
6713, 352815, 1, 4096, 0
6715, 1681073, 1, 4096, 0
6715, 4712, 1, 4096, 0
6716, 1112791, 1, 4096, 0
6716, 4777, 1, 4096, 0
6716, 3067, 1, 4096, 0
6717, 474736, 1, 4096, 0
6717, 6941, 1, 4096, 0
6717, 250973, 1, 4096, 0
6717, 4435, 1, 4096, 0
6717, 3438, 1, 4096, 0
6717, 3647, 1, 4096, 0
6717, 3181, 1, 4096, 0
6717, 3717, 1, 4096, 0
6717, 3222, 1, 4096, 0
6717, 3649, 1, 4096, 0
6719, 2216991, 1, 4096, 0
6719, 7400, 1, 4096, 0
6719, 3472, 1, 4096, 0
6719, 2747, 1, 4096, 0
6719, 3001, 1, 4096, 0
6719, 3095, 1, 4096, 0
6719, 3120, 1, 4096, 0
6719, 3615, 1, 4096, 0
6722, 2387058, 1, 4096, 0
6722, 485349, 1, 4096, 0
6722, 8104, 1, 4096, 0
6723, 392484, 1, 4096, 0
6723, 588500, 1, 4096, 0
6724, 525661, 1, 4096, 0
6724, 5883, 1, 4096, 0
6725, 893483, 1, 4096, 0
6725, 97806, 1, 4096, 0
6725, 235224, 1, 4096, 0
6725, 6108, 1, 4096, 0
6725, 3485, 1, 4096, 0
6725, 3372, 1, 4096, 0
6725, 2933, 1, 4096, 0
6725, 3307, 1, 4096, 0
6725, 3675, 1, 4096, 0
6725, 3230, 1, 4096, 0
6728, 3379223, 1, 4096, 0
6728, 8842, 1, 4096, 0
6728, 4057, 1, 4096, 0
6728, 3389, 1, 4096, 0
6728, 4610, 1, 4096, 0
6729, 252867, 1, 4096, 0
6731, 2726119, 1, 4096, 0
6731, 7914, 1, 4096, 0
6731, 4008, 1, 4096, 0
6731, 2798, 1, 4096, 0
6732, 508416, 1, 4096, 0
6732, 6851, 1, 4096, 0
6732, 4049, 1, 4096, 0
6732, 3948, 1, 4096, 0
6732, 1844, 1, 4096, 0
6732, 3155, 1, 4096, 0
6732, 3217, 1, 4096, 0
6732, 1827, 1, 4096, 0
6734, 2273480, 1, 4096, 0
6735, 403611, 1, 4096, 0
6735, 615622, 1, 4096, 0
6735, 89149, 1, 4096, 0
6735, 5032, 1, 4096, 0
6736, 516404, 1, 4096, 0
6736, 5967, 1, 4096, 0
6737, 1176648, 1, 4096, 0
6737, 6049, 1, 4096, 0
6737, 113149, 1, 4096, 0
6738, 995436, 1, 4096, 0
6738, 5967, 1, 4096, 0
6738, 5929, 1, 4096, 0
6738, 3365, 1, 4096, 0
6739, 446884, 1, 4096, 0
6739, 7520, 1, 4096, 0
6739, 2842, 1, 4096, 0
6739, 3095, 1, 4096, 0
6739, 3292, 1, 4096, 0
6739, 3903, 1, 4096, 0
6739, 2760, 1, 4096, 0
6739, 5166, 1, 4096, 0
6741, 2651662, 1, 4096, 0
6741, 7562, 1, 4096, 0
6742, 799891, 1, 4096, 0
6743, 531343, 1, 4096, 0
6743, 5914, 1, 4096, 0
6743, 737313, 1, 4096, 0
6744, 324157, 1, 4096, 0
6744, 4152, 1, 4096, 0
6744, 565468, 1, 4096, 0
6745, 271078, 1, 4096, 0
6746, 1112507, 1, 4096, 0
6747, 769614, 1, 4096, 0
6747, 10971, 1, 4096, 0
6747, 3519, 1, 4096, 0
6747, 2940, 1, 4096, 0
6747, 2700, 1, 4096, 0
6747, 2773, 1, 4096, 0
6747, 3257, 1, 4096, 0
6748, 1729123, 1, 4096, 0
6749, 518947, 1, 4096, 0
6749, 5120, 1, 4096, 0
6749, 2609, 1, 4096, 0
6749, 3278, 1, 4096, 0
6749, 620068, 1, 4096, 0
6750, 244607, 1, 4096, 0
6750, 191616, 1, 4096, 0
6752, 2377032, 1, 4096, 0
6752, 6935, 1, 4096, 0
6752, 8578, 1, 4096, 0
6752, 2909, 1, 4096, 0
6753, 686605, 1, 4096, 0
6753, 6113, 1, 4096, 0
6753, 3682, 1, 4096, 0
6753, 2800, 1, 4096, 0
6753, 80243, 1, 4096, 0
6753, 5364, 1, 4096, 0
6753, 3839, 1, 4096, 0
6753, 2070, 1, 4096, 0
6753, 2355, 1, 4096, 0
6753, 2420, 1, 4096, 0
6753, 1878, 1, 4096, 0
6753, 2023, 1, 4096, 0
6753, 135246, 1, 4096, 0
6753, 17751, 1, 4096, 0
6753, 4095, 1, 4096, 0
6753, 3110, 1, 4096, 0
6753, 3493, 1, 4096, 0
6753, 2708, 1, 4096, 0
6753, 4147, 1, 4096, 0
6753, 3860, 1, 4096, 0
6756, 1378501, 1, 4096, 0
6756, 244447, 1, 4096, 0
6757, 765847, 1, 4096, 0
6757, 482310, 1, 4096, 0
6758, 234215, 1, 4096, 0
6758, 273696, 1, 4096, 0
6758, 4694, 1, 4096, 0
6758, 292164, 1, 4096, 0
6759, 574996, 1, 4096, 0
6759, 175742, 1, 4096, 0
6759, 7286, 1, 4096, 0
6759, 3695, 1, 4096, 0
6759, 2853, 1, 4096, 0
6759, 2718, 1, 4096, 0
6759, 2851, 1, 4096, 0
6759, 3409, 1, 4096, 0
6759, 3345, 1, 4096, 0
6759, 293088, 1, 4096, 0
6759, 7011, 1, 4096, 0
6761, 1345668, 1, 4096, 0
6761, 4692, 1, 4096, 0
6761, 2439, 1, 4096, 0
6761, 2580, 1, 4096, 0
6761, 3306, 1, 4096, 0
6761, 2757, 1, 4096, 0
6761, 3260, 1, 4096, 0
6761, 3469, 1, 4096, 0
6763, 2230180, 1, 4096, 0
6763, 329584, 1, 4096, 0
6763, 4415, 1, 4096, 0
6763, 2559, 1, 4096, 0
6763, 3007, 1, 4096, 0
6763, 2527, 1, 4096, 0
6763, 2657, 1, 4096, 0
6763, 2902, 1, 4096, 0
6763, 2659, 1, 4096, 0
6765, 1375181, 1, 4096, 0
6765, 7432, 1, 4096, 0
6765, 4165, 1, 4096, 0
6765, 3364, 1, 4096, 0
6765, 4353, 1, 4096, 0
6765, 3548, 1, 4096, 0
6765, 4951, 1, 4096, 0
6766, 1069175, 1, 4096, 0
6766, 683546, 1, 4096, 0
6766, 7889, 1, 4096, 0
6766, 3107, 1, 4096, 0
6767, 2469, 1, 4096, 0
6767, 2687, 1, 4096, 0
6767, 2658, 1, 4096, 0
6767, 2673, 1, 4096, 0
6767, 3045, 1, 4096, 0
6767, 883755, 1, 4096, 0
6767, 5050, 1, 4096, 0
6767, 2373, 1, 4096, 0
6767, 2198, 1, 4096, 0
6767, 1902, 1, 4096, 0
6767, 2095, 1, 4096, 0
6767, 2373, 1, 4096, 0
6767, 1812, 1, 4096, 0
6768, 771095, 1, 4096, 0
6769, 360942, 1, 4096, 0
6770, 939054, 1, 4096, 0
6770, 900883, 1, 4096, 0
6771, 416542, 1, 4096, 0
6771, 7137, 1, 4096, 0
6771, 3529, 1, 4096, 0
6771, 3737, 1, 4096, 0
6771, 5143, 1, 4096, 0
6771, 3620, 1, 4096, 0
6771, 3996, 1, 4096, 0
6771, 3436, 1, 4096, 0
6771, 412184, 1, 4096, 0
6771, 6295, 1, 4096, 0
6771, 11024, 1, 4096, 0
6771, 3548, 1, 4096, 0
6771, 2856, 1, 4096, 0
6771, 2971, 1, 4096, 0
6772, 765299, 1, 4096, 0
6773, 865794, 1, 4096, 0
6773, 304781, 1, 4096, 0
6774, 191666, 1, 4096, 0
6774, 13431, 1, 4096, 0
6774, 903246, 1, 4096, 0
6774, 5429, 1, 4096, 0
6774, 2563, 1, 4096, 0
6774, 2158, 1, 4096, 0
6774, 1707, 1, 4096, 0
6774, 1841, 1, 4096, 0
6774, 2229, 1, 4096, 0
6774, 3460, 1, 4096, 0
6776, 1666863, 1, 4096, 0
6777, 1330892, 1, 4096, 0
6778, 244917, 1, 4096, 0
6778, 6838, 1, 4096, 0
6778, 2469, 1, 4096, 0
6778, 2547, 1, 4096, 0
6778, 3804, 1, 4096, 0
6778, 2982, 1, 4096, 0
6778, 3516, 1, 4096, 0
6778, 2681, 1, 4096, 0
6778, 165924, 1, 4096, 0
6778, 5965, 1, 4096, 0
6778, 3110, 1, 4096, 0
6778, 3835, 1, 4096, 0
6778, 3326, 1, 4096, 0
6778, 2942, 1, 4096, 0
6778, 2707, 1, 4096, 0
6778, 3911, 1, 4096, 0
6779, 1169429, 1, 4096, 0
6780, 335173, 1, 4096, 0
6780, 7116, 1, 4096, 0
6780, 3579, 1, 4096, 0
6780, 3163, 1, 4096, 0
6780, 2825, 1, 4096, 0
6780, 2831, 1, 4096, 0
6780, 64540, 1, 4096, 0
6780, 251929, 1, 4096, 0
6782, 2004353, 1, 4096, 0
6782, 108783, 1, 4096, 0
6782, 81099, 1, 4096, 0
6782, 20823, 1, 4096, 0
6783, 297241, 1, 4096, 0
6783, 265251, 1, 4096, 0
6783, 5322, 1, 4096, 0
6783, 2277, 1, 4096, 0
6783, 2676, 1, 4096, 0
6783, 2891, 1, 4096, 0
6783, 2401, 1, 4096, 0
6783, 2570, 1, 4096, 0
6783, 584421, 1, 4096, 0
6783, 4906, 1, 4096, 0
6783, 3295, 1, 4096, 0
6784, 3713, 1, 4096, 0
6784, 2441, 1, 4096, 0
6784, 2301, 1, 4096, 0
6784, 3193, 1, 4096, 0
6784, 2893, 1, 4096, 0
6786, 2423641, 1, 4096, 0
6787, 505643, 1, 4096, 0
6787, 5288, 1, 4096, 0
6787, 3479, 1, 4096, 0
6787, 513609, 1, 4096, 0
6787, 163126, 1, 4096, 0
6788, 776799, 1, 4096, 0
6788, 5603, 1, 4096, 0
6790, 1550679, 1, 4096, 0
6790, 7234, 1, 4096, 0
6790, 145753, 1, 4096, 0
6790, 6697, 1, 4096, 0
6790, 2905, 1, 4096, 0
6790, 3205, 1, 4096, 0
6790, 3156, 1, 4096, 0
6790, 2996, 1, 4096, 0
6790, 2647, 1, 4096, 0
6790, 3080, 1, 4096, 0
6790, 183439, 1, 4096, 0
6790, 6567, 1, 4096, 0
6790, 4197, 1, 4096, 0
6790, 2947, 1, 4096, 0
6790, 3054, 1, 4096, 0
6790, 2809, 1, 4096, 0
6790, 3127, 1, 4096, 0
6790, 2559, 1, 4096, 0
6792, 1411844, 1, 4096, 0
6792, 6563, 1, 4096, 0
6792, 2656, 1, 4096, 0
6792, 2584, 1, 4096, 0
6792, 2689, 1, 4096, 0
6792, 4382, 1, 4096, 0
6792, 3690, 1, 4096, 0
6795, 1759161, 1, 4096, 0
6795, 8010, 1, 4096, 0
6795, 3402, 1, 4096, 0
6796, 965876, 1, 4096, 0
6796, 208055, 1, 4096, 0
6797, 845824, 1, 4096, 0
6797, 8003, 1, 4096, 0
6799, 2420933, 1, 4096, 0
6799, 9137, 1, 4096, 0
6799, 3268, 1, 4096, 0
6799, 3545, 1, 4096, 0
6799, 261477, 1, 4096, 0
6800, 480434, 1, 4096, 0
6800, 16165, 1, 4096, 0
6800, 253428, 1, 4096, 0
6801, 704725, 1, 4096, 0
6801, 7324, 1, 4096, 0
6801, 2990, 1, 4096, 0
6801, 3243, 1, 4096, 0
6801, 2754, 1, 4096, 0
6801, 3725, 1, 4096, 0
6801, 3123, 1, 4096, 0
6801, 3098, 1, 4096, 0
6802, 1538889, 1, 4096, 0
6802, 4664, 1, 4096, 0
6802, 3069, 1, 4096, 0
6802, 3652, 1, 4096, 0
6802, 2854, 1, 4096, 0
6802, 3362, 1, 4096, 0
6802, 2524, 1, 4096, 0
6802, 2953, 1, 4096, 0
6804, 1699016, 1, 4096, 0
6804, 5283, 1, 4096, 0
6804, 2498, 1, 4096, 0
6805, 695666, 1, 4096, 0
6805, 17444, 1, 4096, 0
6806, 1099795, 1, 4096, 0
6806, 5609, 1, 4096, 0
6807, 888646, 1, 4096, 0
6807, 8873, 1, 4096, 0
6807, 3100, 1, 4096, 0
6807, 3370, 1, 4096, 0
6807, 3025, 1, 4096, 0
6807, 3304, 1, 4096, 0
6807, 3068, 1, 4096, 0
6807, 3915, 1, 4096, 0
6809, 1862728, 1, 4096, 0
6809, 6069, 1, 4096, 0
6810, 654553, 1, 4096, 0
6810, 5176, 1, 4096, 0
6810, 246406, 1, 4096, 0
6810, 8516, 1, 4096, 0
6810, 3822, 1, 4096, 0
6810, 2677, 1, 4096, 0
6810, 3664, 1, 4096, 0
6810, 2340, 1, 4096, 0
6810, 1920, 1, 4096, 0
6810, 2286, 1, 4096, 0
6812, 2404696, 1, 4096, 0
6813, 617218, 1, 4096, 0
6813, 4988, 1, 4096, 0
6813, 2460, 1, 4096, 0
6813, 3640, 1, 4096, 0
6814, 965208, 1, 4096, 0
6814, 4766, 1, 4096, 0
6814, 79610, 1, 4096, 0
6815, 650307, 1, 4096, 0
6815, 584513, 1, 4096, 0
6816, 1241360, 1, 4096, 0
6816, 6478, 1, 4096, 0
6816, 4611, 1, 4096, 0
6816, 4004, 1, 4096, 0
6816, 5025, 1, 4096, 0
6817, 148539, 1, 4096, 0
6817, 68241, 1, 4096, 0
6819, 1989550, 1, 4096, 0
6819, 7371, 1, 4096, 0
6819, 443610, 1, 4096, 0
6819, 5821, 1, 4096, 0
6819, 258366, 1, 4096, 0
6819, 51382, 1, 4096, 0
6821, 1138687, 1, 4096, 0
6821, 3949, 1, 4096, 0
6821, 763660, 1, 4096, 0
6822, 291894, 1, 4096, 0
6822, 9351, 1, 4096, 0
6822, 3792, 1, 4096, 0
6822, 2874, 1, 4096, 0
6822, 3178, 1, 4096, 0
6822, 3035, 1, 4096, 0
6822, 2781, 1, 4096, 0
6822, 2837, 1, 4096, 0
6823, 1463005, 1, 4096, 0
6823, 7889, 1, 4096, 0
6823, 3775, 1, 4096, 0
6823, 3550, 1, 4096, 0
6823, 3100, 1, 4096, 0
6823, 3374, 1, 4096, 0
6823, 2982, 1, 4096, 0
6823, 2697, 1, 4096, 0
6826, 2730655, 1, 4096, 0
6826, 7113, 1, 4096, 0
6826, 4415, 1, 4096, 0
6826, 3720, 1, 4096, 0
6826, 3132, 1, 4096, 0
6826, 3323, 1, 4096, 0
6826, 2149, 1, 4096, 0
6826, 3296, 1, 4096, 0
6826, 136022, 1, 4096, 0
6826, 8896, 1, 4096, 0
6826, 3456, 1, 4096, 0
6826, 2848, 1, 4096, 0
6826, 3306, 1, 4096, 0
6826, 3318, 1, 4096, 0
6826, 2444, 1, 4096, 0
6828, 1649632, 1, 4096, 0
6829, 855208, 1, 4096, 0
6829, 190531, 1, 4096, 0
6829, 4646, 1, 4096, 0
6830, 683936, 1, 4096, 0
6830, 4624, 1, 4096, 0
6830, 1954, 1, 4096, 0
6830, 555406, 1, 4096, 0
6831, 1012699, 1, 4096, 0
6831, 5086, 1, 4096, 0
6831, 2941, 1, 4096, 0
6831, 6205, 1, 4096, 0
6832, 1081422, 1, 4096, 0
6832, 6290, 1, 4096, 0
6832, 3377, 1, 4096, 0
6832, 2526, 1, 4096, 0
6832, 3376, 1, 4096, 0
6832, 2895, 1, 4096, 0
6832, 2878, 1, 4096, 0
6832, 2981, 1, 4096, 0
6835, 2651201, 1, 4096, 0
6835, 7336, 1, 4096, 0
6835, 3200, 1, 4096, 0
6835, 436556, 1, 4096, 0
6837, 1135082, 1, 4096, 0
6837, 10292, 1, 4096, 0
6837, 364129, 1, 4096, 0
6837, 7838, 1, 4096, 0
6837, 2567, 1, 4096, 0
6837, 2010, 1, 4096, 0
6837, 2222, 1, 4096, 0
6837, 1591, 1, 4096, 0
6837, 1818, 1, 4096, 0
6837, 1994, 1, 4096, 0
6839, 2029142, 1, 4096, 0
6839, 4603, 1, 4096, 0
6839, 380371, 1, 4096, 0
6840, 446741, 1, 4096, 0
6840, 5134, 1, 4096, 0
6841, 1011498, 1, 4096, 0
6841, 558848, 1, 4096, 0
6841, 21838, 1, 4096, 0
6841, 3813, 1, 4096, 0
6843, 1791569, 1, 4096, 0
6843, 5178, 1, 4096, 0
6843, 238705, 1, 4096, 0
6844, 227116, 1, 4096, 0
6844, 87897, 1, 4096, 0
6844, 4243, 1, 4096, 0
6844, 3575, 1, 4096, 0
6844, 3531, 1, 4096, 0
6844, 3274, 1, 4096, 0
6844, 3781, 1, 4096, 0
6844, 2696, 1, 4096, 0
6844, 3792, 1, 4096, 0
6848, 4569297, 1, 4096, 0
6848, 9931, 1, 4096, 0
6848, 4364, 1, 4096, 0
6850, 1183282, 1, 4096, 0
6850, 8647, 1, 4096, 0
6850, 4725, 1, 4096, 0
6850, 277339, 1, 4096, 0
6850, 140016, 1, 4096, 0
6851, 451138, 1, 4096, 0
6851, 284894, 1, 4096, 0
6852, 1113054, 1, 4096, 0
6853, 1451228, 1, 4096, 0
6853, 7442, 1, 4096, 0
6853, 4862, 1, 4096, 0
6853, 3994, 1, 4096, 0
6854, 386007, 1, 4096, 0
6854, 366011, 1, 4096, 0
6855, 1275317, 1, 4096, 0
6855, 5300, 1, 4096, 0
6856, 368099, 1, 4096, 0
6856, 11230, 1, 4096, 0
6857, 870099, 1, 4096, 0
6858, 825013, 1, 4096, 0
6859, 991118, 1, 4096, 0
6859, 8862, 1, 4096, 0
6859, 3731, 1, 4096, 0
6859, 4415, 1, 4096, 0
6859, 3874, 1, 4096, 0
6859, 181250, 1, 4096, 0
6859, 643029, 1, 4096, 0
6859, 7699, 1, 4096, 0
6859, 3402, 1, 4096, 0
6859, 3272, 1, 4096, 0
6859, 2797, 1, 4096, 0
6859, 2729, 1, 4096, 0
6859, 2102, 1, 4096, 0
6859, 2133, 1, 4096, 0
6862, 2275387, 1, 4096, 0
6862, 7486, 1, 4096, 0
6862, 221203, 1, 4096, 0
6862, 6142, 1, 4096, 0
6862, 4195, 1, 4096, 0
6862, 169163, 1, 4096, 0
6862, 3123, 1, 4096, 0
6863, 454077, 1, 4096, 0
6863, 8679, 1, 4096, 0
6863, 3541, 1, 4096, 0
6863, 3115, 1, 4096, 0
6863, 3219, 1, 4096, 0
6863, 3217, 1, 4096, 0
6863, 4080, 1, 4096, 0
6863, 3352, 1, 4096, 0
6865, 1897289, 1, 4096, 0
6865, 376470, 1, 4096, 0
6865, 201579, 1, 4096, 0
6865, 306464, 1, 4096, 0
6866, 7363, 1, 4096, 0
6866, 420916, 1, 4096, 0
6867, 1116753, 1, 4096, 0
6867, 306412, 1, 4096, 0
6867, 6965, 1, 4096, 0
6867, 3236, 1, 4096, 0
6869, 1424714, 1, 4096, 0
6869, 111658, 1, 4096, 0
6869, 3754, 1, 4096, 0
6869, 240386, 1, 4096, 0
6870, 623132, 1, 4096, 0
6870, 409664, 1, 4096, 0
6871, 586406, 1, 4096, 0
6871, 369231, 1, 4096, 0
6871, 103099, 1, 4096, 0
6872, 583646, 1, 4096, 0
6872, 511487, 1, 4096, 0
6872, 6987, 1, 4096, 0
6872, 4402, 1, 4096, 0
6872, 3596, 1, 4096, 0
6872, 3045, 1, 4096, 0
6872, 3329, 1, 4096, 0
6872, 3949, 1, 4096, 0
6872, 3211, 1, 4096, 0
6873, 288510, 1, 4096, 0
6873, 6621, 1, 4096, 0
6873, 3257, 1, 4096, 0
6873, 3387, 1, 4096, 0
6873, 2969, 1, 4096, 0
6873, 3964, 1, 4096, 0
6873, 2810, 1, 4096, 0
6873, 3615, 1, 4096, 0
6875, 2677597, 1, 4096, 0
6876, 797974, 1, 4096, 0
6876, 94883, 1, 4096, 0
6877, 278261, 1, 4096, 0
6877, 5898, 1, 4096, 0
6878, 1551452, 1, 4096, 0
6878, 6768, 1, 4096, 0
6879, 676875, 1, 4096, 0
6880, 667998, 1, 4096, 0
6880, 7377, 1, 4096, 0
6880, 290599, 1, 4096, 0
6881, 1049891, 1, 4096, 0
6881, 460356, 1, 4096, 0
6882, 598139, 1, 4096, 0
6883, 658314, 1, 4096, 0
6883, 397181, 1, 4096, 0
6884, 563525, 1, 4096, 0
6884, 5811, 1, 4096, 0
6884, 2965, 1, 4096, 0
6884, 542170, 1, 4096, 0
6885, 341398, 1, 4096, 0
6885, 4963, 1, 4096, 0
6885, 245878, 1, 4096, 0
6885, 6593, 1, 4096, 0
6885, 4746, 1, 4096, 0
6885, 2838, 1, 4096, 0
6885, 2635, 1, 4096, 0
6885, 2097, 1, 4096, 0
6885, 2350, 1, 4096, 0
6885, 2069, 1, 4096, 0
6888, 2711016, 1, 4096, 0
6888, 5470, 1, 4096, 0
6888, 3281, 1, 4096, 0
6888, 2685, 1, 4096, 0
6888, 2219, 1, 4096, 0
6888, 1958, 1, 4096, 0
6888, 2333, 1, 4096, 0
6888, 192072, 1, 4096, 0
6890, 2603849, 1, 4096, 0
6890, 11323, 1, 4096, 0
6891, 241983, 1, 4096, 0
6891, 7560, 1, 4096, 0
6891, 3026, 1, 4096, 0
6891, 3554, 1, 4096, 0
6891, 4371, 1, 4096, 0
6891, 4317, 1, 4096, 0
6891, 4746, 1, 4096, 0
6891, 3951, 1, 4096, 0
6893, 2696351, 1, 4096, 0
6894, 243871, 1, 4096, 0
6894, 196006, 1, 4096, 0
6894, 4562, 1, 4096, 0
6895, 648411, 1, 4096, 0
6895, 6123, 1, 4096, 0
6895, 373588, 1, 4096, 0
6895, 7028, 1, 4096, 0
6895, 2666, 1, 4096, 0
6895, 2547, 1, 4096, 0
6895, 2099, 1, 4096, 0
6895, 2596, 1, 4096, 0
6895, 1813, 1, 4096, 0
6895, 2181, 1, 4096, 0
6897, 2381733, 1, 4096, 0
6897, 8106, 1, 4096, 0
6897, 2386, 1, 4096, 0
6897, 12731, 1, 4096, 0
6897, 2637, 1, 4096, 0
6897, 2121, 1, 4096, 0
6897, 2258, 1, 4096, 0
6897, 1909, 1, 4096, 0
6899, 1311131, 1, 4096, 0
6899, 7010, 1, 4096, 0
6899, 2919, 1, 4096, 0
6899, 3624, 1, 4096, 0
6899, 4278, 1, 4096, 0
6899, 3301, 1, 4096, 0
6899, 3217, 1, 4096, 0
6899, 2464, 1, 4096, 0
6899, 621059, 1, 4096, 0
6899, 7194, 1, 4096, 0
6899, 3307, 1, 4096, 0
6899, 3563, 1, 4096, 0
6899, 3134, 1, 4096, 0
6899, 3176, 1, 4096, 0
6899, 3356, 1, 4096, 0
6900, 220803, 1, 4096, 0
6901, 1732044, 1, 4096, 0
6901, 10995, 1, 4096, 0
6901, 3971, 1, 4096, 0
6901, 3327, 1, 4096, 0
6901, 3938, 1, 4096, 0
6901, 3179, 1, 4096, 0
6901, 3226, 1, 4096, 0
6901, 3531, 1, 4096, 0
6902, 717786, 1, 4096, 0
6902, 8319, 1, 4096, 0
6902, 3532, 1, 4096, 0
6902, 3123, 1, 4096, 0
6902, 3905, 1, 4096, 0
6902, 3451, 1, 4096, 0
6902, 3530, 1, 4096, 0
6902, 2880, 1, 4096, 0
6904, 1595749, 1, 4096, 0
6904, 534545, 1, 4096, 0
6904, 5594, 1, 4096, 0
6904, 60296, 1, 4096, 0
6904, 18767, 1, 4096, 0
6905, 192736, 1, 4096, 0
6906, 1887556, 1, 4096, 0
6907, 8371, 1, 4096, 0
6907, 3121, 1, 4096, 0
6907, 2575, 1, 4096, 0
6907, 3059, 1, 4096, 0
6907, 2552, 1, 4096, 0
6907, 2431, 1, 4096, 0
6907, 2111, 1, 4096, 0
6909, 2270514, 1, 4096, 0
6909, 150310, 1, 4096, 0
6909, 8302, 1, 4096, 0
6910, 761079, 1, 4096, 0
6910, 8576, 1, 4096, 0
6910, 234736, 1, 4096, 0
6910, 3842, 1, 4096, 0
6910, 4076, 1, 4096, 0
6912, 1579001, 1, 4096, 0
6912, 8465, 1, 4096, 0
6912, 38203, 1, 4096, 0
6912, 5036, 1, 4096, 0
6912, 217834, 1, 4096, 0
6912, 162330, 1, 4096, 0
6912, 7931, 1, 4096, 0
6912, 3799, 1, 4096, 0
6912, 3578, 1, 4096, 0
6912, 2126, 1, 4096, 0
6912, 2184, 1, 4096, 0
6912, 2324, 1, 4096, 0
6912, 2302, 1, 4096, 0
6915, 2576416, 1, 4096, 0
6915, 22753, 1, 4096, 0
6915, 158100, 1, 4096, 0
6915, 241933, 1, 4096, 0
6915, 4299, 1, 4096, 0
6916, 707581, 1, 4096, 0
6916, 100877, 1, 4096, 0
6917, 1512649, 1, 4096, 0
6918, 673722, 1, 4096, 0
6919, 848568, 1, 4096, 0
6919, 5785, 1, 4096, 0
6919, 508039, 1, 4096, 0
6919, 4597, 1, 4096, 0
6921, 1436458, 1, 4096, 0
6921, 334458, 1, 4096, 0
6923, 1242635, 1, 4096, 0
6923, 6185, 1, 4096, 0
6923, 2967, 1, 4096, 0
6923, 234397, 1, 4096, 0
6923, 218311, 1, 4096, 0
6924, 1086802, 1, 4096, 0
6925, 1186130, 1, 4096, 0
6926, 660571, 1, 4096, 0
6927, 811595, 1, 4096, 0
6927, 345384, 1, 4096, 0
6928, 698117, 1, 4096, 0
6928, 5163, 1, 4096, 0
6928, 2212, 1, 4096, 0
6929, 828159, 1, 4096, 0
6931, 1846411, 1, 4096, 0
6932, 1390686, 1, 4096, 0
6932, 136917, 1, 4096, 0
6932, 22871, 1, 4096, 0
6933, 721731, 1, 4096, 0
6933, 650567, 1, 4096, 0
6934, 169007, 1, 4096, 0
6934, 127818, 1, 4096, 0
6935, 1172766, 1, 4096, 0
6936, 600108, 1, 4096, 0
6936, 378388, 1, 4096, 0
6936, 4937, 1, 4096, 0
6937, 910703, 1, 4096, 0
6938, 978192, 1, 4096, 0
6938, 35450, 1, 4096, 0
6938, 151707, 1, 4096, 0
6939, 831557, 1, 4096, 0
6939, 28374, 1, 4096, 0
6939, 382734, 1, 4096, 0
6940, 523416, 1, 4096, 0
6940, 49726, 1, 4096, 0
6940, 548350, 1, 4096, 0
6941, 174880, 1, 4096, 0
6941, 484235, 1, 4096, 0
6941, 187786, 1, 4096, 0
6942, 327186, 1, 4096, 0
6942, 88027, 1, 4096, 0
6942, 506093, 1, 4096, 0
6942, 246918, 1, 4096, 0
6943, 214964, 1, 4096, 0
6943, 4051, 1, 4096, 0
6943, 111714, 1, 4096, 0
6943, 248020, 1, 4096, 0
6944, 874076, 1, 4096, 0
6944, 230174, 1, 4096, 0
6945, 1219591, 1, 4096, 0
6946, 446739, 1, 4096, 0
6947, 744581, 1, 4096, 0
6948, 1073543, 1, 4096, 0
6951, 3321701, 1, 4096, 0
6951, 6658, 1, 4096, 0
6954, 2497472, 1, 4096, 0
6954, 5959, 1, 4096, 0
6954, 3031, 1, 4096, 0
6954, 2971, 1, 4096, 0
6954, 2739, 1, 4096, 0
6954, 2268, 1, 4096, 0
6954, 3100, 1, 4096, 0
6954, 2817, 1, 4096, 0
6954, 270791, 1, 4096, 0
6956, 1826378, 1, 4096, 0
6956, 8563, 1, 4096, 0
6956, 2756, 1, 4096, 0
6956, 3269, 1, 4096, 0
6956, 4012, 1, 4096, 0
6956, 3414, 1, 4096, 0
6956, 2150, 1, 4096, 0
6956, 4137, 1, 4096, 0
6956, 155815, 1, 4096, 0
6956, 142284, 1, 4096, 0
6956, 6398, 1, 4096, 0
6956, 3163, 1, 4096, 0
6956, 2686, 1, 4096, 0
6956, 3307, 1, 4096, 0
6956, 89345, 1, 4096, 0
6956, 8181, 1, 4096, 0
6956, 3314, 1, 4096, 0
6956, 5109, 1, 4096, 0
6957, 284763, 1, 4096, 0
6957, 274590, 1, 4096, 0
6957, 6991, 1, 4096, 0
6957, 3355, 1, 4096, 0
6957, 8930, 1, 4096, 0
6957, 8536, 1, 4096, 0
6958, 260215, 1, 4096, 0
6958, 6948, 1, 4096, 0
6958, 12750, 1, 4096, 0
6958, 12034, 1, 4096, 0
6959, 6451, 1, 4096, 0
6959, 13506, 1, 4096, 0
6959, 5774, 1, 4096, 0
6959, 4824, 1, 4096, 0
6959, 4923, 1, 4096, 0
6959, 3813, 1, 4096, 0
6959, 3135, 1, 4096, 0
6959, 4501, 1, 4096, 0
6959, 10220, 1, 4096, 0
6959, 313327, 1, 4096, 0
6959, 7390, 1, 4096, 0
6959, 3238, 1, 4096, 0
6959, 11759, 1, 4096, 0
6960, 6068, 1, 4096, 0
6960, 9194, 1, 4096, 0
6960, 6245, 1, 4096, 0
6960, 4653, 1, 4096, 0
6960, 10014, 1, 4096, 0
6960, 11155, 1, 4096, 0
6960, 5665, 1, 4096, 0
6962, 646802, 1, 4096, 0
6962, 4067, 1, 4096, 0
6962, 2986, 1, 4096, 0
6962, 2633, 1, 4096, 0
6962, 2756, 1, 4096, 0
6962, 9027, 1, 4096, 0
6962, 10789, 1, 4096, 0
6962, 4954, 1, 4096, 0
6963, 9175, 1, 4096, 0
6963, 3221, 1, 4096, 0
6963, 4794, 1, 4096, 0
6963, 135199, 1, 4096, 0
6963, 12347, 1, 4096, 0
6963, 5665, 1, 4096, 0
6963, 3736, 1, 4096, 0
6963, 3516, 1, 4096, 0
6963, 3092, 1, 4096, 0
6963, 6096, 1, 4096, 0
6963, 5052, 1, 4096, 0
6964, 13739, 1, 4096, 0
6964, 4072, 1, 4096, 0
6964, 3828, 1, 4096, 0
6964, 4891, 1, 4096, 0
6964, 6940, 1, 4096, 0
6965, 7609, 1, 4096, 0
6965, 4519, 1, 4096, 0
6965, 4580, 1, 4096, 0
6966, 1182573, 1, 4096, 0
6966, 82384, 1, 4096, 0
6967, 269440, 1, 4096, 0
6967, 227752, 1, 4096, 0
6967, 163117, 1, 4096, 0
6967, 76643, 1, 4096, 0
6968, 1204995, 1, 4096, 0
6969, 551953, 1, 4096, 0
6969, 245041, 1, 4096, 0
6969, 338234, 1, 4096, 0
6969, 25798, 1, 4096, 0
6970, 258120, 1, 4096, 0
6970, 51780, 1, 4096, 0
6970, 370006, 1, 4096, 0
6970, 63547, 1, 4096, 0
6972, 1610703, 1, 4096, 0
6972, 292704, 1, 4096, 0
6972, 118513, 1, 4096, 0
6973, 341258, 1, 4096, 0
6973, 20130, 1, 4096, 0
6973, 61759, 1, 4096, 0
6973, 20787, 1, 4096, 0
6973, 118978, 1, 4096, 0
6974, 811319, 1, 4096, 0
6974, 254548, 1, 4096, 0
6975, 1157215, 1, 4096, 0
6976, 533583, 1, 4096, 0
6976, 82951, 1, 4096, 0
6976, 299449, 1, 4096, 0
6976, 11206, 1, 4096, 0
6976, 3548, 1, 4096, 0
6976, 3034, 1, 4096, 0
6976, 2955, 1, 4096, 0
6976, 2656, 1, 4096, 0
6976, 2874, 1, 4096, 0
6976, 3022, 1, 4096, 0
6977, 1448504, 1, 4096, 0
6978, 326104, 1, 4096, 0
6978, 266532, 1, 4096, 0
6979, 1178461, 1, 4096, 0
6979, 4635, 1, 4096, 0
6979, 3781, 1, 4096, 0
6979, 3480, 1, 4096, 0
6979, 3076, 1, 4096, 0
6979, 2986, 1, 4096, 0
6979, 2673, 1, 4096, 0
6979, 3307, 1, 4096, 0
6979, 139600, 1, 4096, 0
6979, 5604, 1, 4096, 0
6979, 2914, 1, 4096, 0
6979, 2437, 1, 4096, 0
6979, 3449, 1, 4096, 0
6981, 1605069, 1, 4096, 0
6981, 6574, 1, 4096, 0
6983, 1995112, 1, 4096, 0
6983, 26415, 1, 4096, 0
6984, 531456, 1, 4096, 0
6984, 7997, 1, 4096, 0
6984, 3655, 1, 4096, 0
6984, 3707, 1, 4096, 0
6984, 529270, 1, 4096, 0
6984, 7392, 1, 4096, 0
6984, 3747, 1, 4096, 0
6984, 3003, 1, 4096, 0
6984, 3070, 1, 4096, 0
6984, 2738, 1, 4096, 0
6984, 3054, 1, 4096, 0
6984, 3008, 1, 4096, 0
6986, 2231398, 1, 4096, 0
6986, 6307, 1, 4096, 0
6987, 864449, 1, 4096, 0
6989, 1301288, 1, 4096, 0
6989, 7463, 1, 4096, 0
6989, 3574, 1, 4096, 0
6990, 924938, 1, 4096, 0
6990, 6397, 1, 4096, 0
6991, 893358, 1, 4096, 0
6991, 53582, 1, 4096, 0
6991, 794687, 1, 4096, 0
6992, 477285, 1, 4096, 0
6992, 193291, 1, 4096, 0
6992, 14246, 1, 4096, 0
6993, 583483, 1, 4096, 0
6993, 571300, 1, 4096, 0
6994, 368966, 1, 4096, 0
6994, 381611, 1, 4096, 0
6995, 620190, 1, 4096, 0
6995, 370672, 1, 4096, 0
6996, 551323, 1, 4096, 0
6996, 156512, 1, 4096, 0
6996, 387049, 1, 4096, 0
6996, 197542, 1, 4096, 0
6996, 4217, 1, 4096, 0
6996, 75786, 1, 4096, 0
6997, 1024436, 1, 4096, 0
6997, 7204, 1, 4096, 0
6998, 926352, 1, 4096, 0
6998, 13833, 1, 4096, 0
6999, 722510, 1, 4096, 0
6999, 83566, 1, 4096, 0
6999, 74150, 1, 4096, 0
6999, 185573, 1, 4096, 0
7000, 307415, 1, 4096, 0
7000, 172329, 1, 4096, 0
7000, 4145, 1, 4096, 0
7000, 133481, 1, 4096, 0
7001, 1158896, 1, 4096, 0
7002, 406082, 1, 4096, 0
7002, 61983, 1, 4096, 0
7002, 194760, 1, 4096, 0
7002, 3914, 1, 4096, 0
7003, 677758, 1, 4096, 0
7004, 1147792, 1, 4096, 0
7004, 318797, 1, 4096, 0
7004, 6167, 1, 4096, 0
7004, 222463, 1, 4096, 0
7004, 13976, 1, 4096, 0
7004, 6394, 1, 4096, 0
7004, 3176, 1, 4096, 0
7004, 2509, 1, 4096, 0
7004, 2978, 1, 4096, 0
7004, 2725, 1, 4096, 0
7004, 2177, 1, 4096, 0
7006, 1736644, 1, 4096, 0
7007, 435319, 1, 4096, 0
7007, 9439, 1, 4096, 0
7007, 737919, 1, 4096, 0
7007, 13184, 1, 4096, 0
7007, 133712, 1, 4096, 0
7007, 6758, 1, 4096, 0
7008, 3436, 1, 4096, 0
7008, 3641, 1, 4096, 0
7008, 3011, 1, 4096, 0
7008, 2239, 1, 4096, 0
7008, 2851, 1, 4096, 0
7008, 2228, 1, 4096, 0
7008, 747167, 1, 4096, 0
7008, 7938, 1, 4096, 0
7008, 4487, 1, 4096, 0
7008, 2761, 1, 4096, 0
7008, 2723, 1, 4096, 0
7008, 3131, 1, 4096, 0
7008, 2783, 1, 4096, 0
7008, 3499, 1, 4096, 0
7011, 2328916, 1, 4096, 0
7011, 156183, 1, 4096, 0
7011, 5198, 1, 4096, 0
7011, 3334, 1, 4096, 0
7011, 2726, 1, 4096, 0
7011, 3260, 1, 4096, 0
7011, 135522, 1, 4096, 0
7011, 83775, 1, 4096, 0
7014, 2581118, 1, 4096, 0
7014, 5978, 1, 4096, 0
7014, 701460, 1, 4096, 0
7014, 4714, 1, 4096, 0
7014, 4132, 1, 4096, 0
7014, 2684, 1, 4096, 0
7015, 354716, 1, 4096, 0
7015, 3728, 1, 4096, 0
7017, 2487342, 1, 4096, 0
7017, 183562, 1, 4096, 0
7019, 1136027, 1, 4096, 0
7019, 509862, 1, 4096, 0
7019, 6549, 1, 4096, 0
7019, 3274, 1, 4096, 0
7019, 385443, 1, 4096, 0
7021, 1069248, 1, 4096, 0
7021, 615746, 1, 4096, 0
7021, 7346, 1, 4096, 0
7021, 3002, 1, 4096, 0
7021, 4144, 1, 4096, 0
7021, 2965, 1, 4096, 0
7021, 4044, 1, 4096, 0
7021, 2973, 1, 4096, 0
7021, 3454, 1, 4096, 0
7025, 3326222, 1, 4096, 0
7026, 972985, 1, 4096, 0
7026, 7494, 1, 4096, 0
7026, 2700, 1, 4096, 0
7026, 6448, 1, 4096, 0
7028, 2695743, 1, 4096, 0
7028, 9344, 1, 4096, 0
7028, 3503, 1, 4096, 0
7028, 2536, 1, 4096, 0
7030, 1520557, 1, 4096, 0
7031, 1037714, 1, 4096, 0
7031, 4953, 1, 4096, 0
7032, 1267805, 1, 4096, 0
7032, 37831, 1, 4096, 0
7032, 199747, 1, 4096, 0
7032, 64804, 1, 4096, 0
7032, 4619, 1, 4096, 0
7034, 1160967, 1, 4096, 0
7034, 518323, 1, 4096, 0
7034, 5955, 1, 4096, 0
7034, 2640, 1, 4096, 0
7034, 163874, 1, 4096, 0
7035, 281848, 1, 4096, 0
7035, 495610, 1, 4096, 0
7035, 5563, 1, 4096, 0
7037, 1844397, 1, 4096, 0
7037, 112486, 1, 4096, 0
7037, 2990, 1, 4096, 0
7039, 1852135, 1, 4096, 0
7039, 7448, 1, 4096, 0
7039, 3315, 1, 4096, 0
7039, 221558, 1, 4096, 0
7039, 4194, 1, 4096, 0
7040, 454206, 1, 4096, 0
7040, 5063, 1, 4096, 0
7041, 1097202, 1, 4096, 0
7042, 1119036, 1, 4096, 0
7042, 601962, 1, 4096, 0
7043, 350145, 1, 4096, 0
7043, 5138, 1, 4096, 0
7043, 295674, 1, 4096, 0
7043, 4464, 1, 4096, 0
7043, 148211, 1, 4096, 0
7043, 37992, 1, 4096, 0
7045, 1918804, 1, 4096, 0
7045, 10084, 1, 4096, 0
7045, 5798, 1, 4096, 0
7045, 3182, 1, 4096, 0
7045, 4095, 1, 4096, 0
7045, 3687, 1, 4096, 0
7045, 9714, 1, 4096, 0
7045, 3178, 1, 4096, 0
7047, 2153397, 1, 4096, 0
7047, 6470, 1, 4096, 0
7047, 3315, 1, 4096, 0
7047, 2902, 1, 4096, 0
7048, 3182, 1, 4096, 0
7048, 3304, 1, 4096, 0
7048, 3027, 1, 4096, 0
7048, 3230, 1, 4096, 0
7049, 1922869, 1, 4096, 0
7050, 449798, 1, 4096, 0
7051, 1104990, 1, 4096, 0
7051, 6376, 1, 4096, 0
7051, 3994, 1, 4096, 0
7051, 2872, 1, 4096, 0
7051, 3594, 1, 4096, 0
7051, 4312, 1, 4096, 0
7051, 2919, 1, 4096, 0
7051, 2363, 1, 4096, 0
7053, 1963265, 1, 4096, 0
7053, 9002, 1, 4096, 0
7053, 261484, 1, 4096, 0
7053, 5907, 1, 4096, 0
7053, 3672, 1, 4096, 0
7053, 3224, 1, 4096, 0
7053, 3314, 1, 4096, 0
7053, 3216, 1, 4096, 0
7053, 8567, 1, 4096, 0
7053, 2892, 1, 4096, 0
7056, 2175509, 1, 4096, 0
7056, 8715, 1, 4096, 0
7057, 1708292, 1, 4096, 0
7057, 12203, 1, 4096, 0
7057, 3598, 1, 4096, 0
7057, 11766, 1, 4096, 0
7058, 267787, 1, 4096, 0
7058, 8447, 1, 4096, 0
7058, 3582, 1, 4096, 0
7058, 3525, 1, 4096, 0
7058, 4237, 1, 4096, 0
7058, 2644, 1, 4096, 0
7058, 3244, 1, 4096, 0
7058, 3422, 1, 4096, 0
7059, 1453106, 1, 4096, 0
7059, 92330, 1, 4096, 0
7059, 86715, 1, 4096, 0
7059, 25790, 1, 4096, 0
7060, 337783, 1, 4096, 0
7060, 485069, 1, 4096, 0
7060, 149232, 1, 4096, 0
7060, 208667, 1, 4096, 0
7061, 102221, 1, 4096, 0
7061, 53967, 1, 4096, 0
7062, 1122314, 1, 4096, 0
7062, 180700, 1, 4096, 0
7062, 9811, 1, 4096, 0
7062, 104097, 1, 4096, 0
7062, 40762, 1, 4096, 0
7062, 8588, 1, 4096, 0
7062, 3201, 1, 4096, 0
7062, 3126, 1, 4096, 0
7062, 2823, 1, 4096, 0
7062, 2995, 1, 4096, 0
7062, 2839, 1, 4096, 0
7062, 2491, 1, 4096, 0
7063, 1034215, 1, 4096, 0
7063, 8755, 1, 4096, 0
7063, 3531, 1, 4096, 0
7063, 3664, 1, 4096, 0
7063, 3943, 1, 4096, 0
7063, 6426, 1, 4096, 0
7063, 3833, 1, 4096, 0
7063, 3009, 1, 4096, 0
7064, 318763, 1, 4096, 0
7064, 368035, 1, 4096, 0
7064, 20934, 1, 4096, 0
7065, 1318649, 1, 4096, 0
7065, 10340, 1, 4096, 0
7065, 3218, 1, 4096, 0
7065, 77124, 1, 4096, 0
7066, 117606, 1, 4096, 0
7066, 6354, 1, 4096, 0
7066, 239977, 1, 4096, 0
7066, 6553, 1, 4096, 0
7066, 3412, 1, 4096, 0
7066, 2598, 1, 4096, 0
7066, 2685, 1, 4096, 0
7066, 3060, 1, 4096, 0
7066, 2934, 1, 4096, 0
7066, 3543, 1, 4096, 0
7066, 560952, 1, 4096, 0
7066, 8999, 1, 4096, 0
7066, 3100, 1, 4096, 0
7066, 5081, 1, 4096, 0
7066, 5010, 1, 4096, 0
7066, 3499, 1, 4096, 0
7066, 3552, 1, 4096, 0
7067, 6367, 1, 4096, 0
7068, 1303844, 1, 4096, 0
7069, 256731, 1, 4096, 0
7069, 6205, 1, 4096, 0
7069, 247859, 1, 4096, 0
7069, 214929, 1, 4096, 0
7069, 6838, 1, 4096, 0
7069, 3511, 1, 4096, 0
7069, 3256, 1, 4096, 0
7069, 2811, 1, 4096, 0
7069, 2692, 1, 4096, 0
7069, 2976, 1, 4096, 0
7069, 2504, 1, 4096, 0
7072, 2401413, 1, 4096, 0
7072, 7000, 1, 4096, 0
7072, 3699, 1, 4096, 0
7072, 2676, 1, 4096, 0
7072, 576172, 1, 4096, 0
7072, 6381, 1, 4096, 0
7073, 560812, 1, 4096, 0
7073, 164593, 1, 4096, 0
7073, 4193, 1, 4096, 0
7073, 2989, 1, 4096, 0
7073, 151335, 1, 4096, 0
7074, 344701, 1, 4096, 0
7075, 1435721, 1, 4096, 0
7075, 7683, 1, 4096, 0
7075, 3246, 1, 4096, 0
7075, 2232, 1, 4096, 0
7075, 2982, 1, 4096, 0
7075, 3448, 1, 4096, 0
7075, 3647, 1, 4096, 0
7075, 2815, 1, 4096, 0
7078, 2574755, 1, 4096, 0
7078, 378800, 1, 4096, 0
7078, 5207, 1, 4096, 0
7078, 413747, 1, 4096, 0
7079, 553913, 1, 4096, 0
7079, 340362, 1, 4096, 0
7081, 1752250, 1, 4096, 0
7081, 356092, 1, 4096, 0
7082, 143896, 1, 4096, 0
7082, 150308, 1, 4096, 0
7082, 554079, 1, 4096, 0
7083, 755324, 1, 4096, 0
7083, 72837, 1, 4096, 0
7083, 274305, 1, 4096, 0
7084, 998446, 1, 4096, 0
7085, 132526, 1, 4096, 0
7085, 95745, 1, 4096, 0
7085, 747838, 1, 4096, 0
7087, 1204178, 1, 4096, 0
7087, 290448, 1, 4096, 0
7088, 1228011, 1, 4096, 0
7088, 6257, 1, 4096, 0
7088, 320992, 1, 4096, 0
7089, 325136, 1, 4096, 0
7089, 144643, 1, 4096, 0
7089, 25386, 1, 4096, 0
7089, 130860, 1, 4096, 0
7091, 1655698, 1, 4096, 0
7092, 1104667, 1, 4096, 0
7092, 5289, 1, 4096, 0
7092, 179438, 1, 4096, 0
7093, 691627, 1, 4096, 0
7094, 892261, 1, 4096, 0
7094, 367082, 1, 4096, 0
7094, 9058, 1, 4096, 0
7096, 1873075, 1, 4096, 0
7096, 7091, 1, 4096, 0
7096, 2906, 1, 4096, 0
7097, 547767, 1, 4096, 0
7099, 2205907, 1, 4096, 0
7099, 6169, 1, 4096, 0
7099, 608428, 1, 4096, 0
7099, 6683, 1, 4096, 0
7099, 3344, 1, 4096, 0
7100, 291685, 1, 4096, 0
7100, 677462, 1, 4096, 0
7101, 345786, 1, 4096, 0
7101, 218561, 1, 4096, 0
7101, 7773, 1, 4096, 0
7101, 3122, 1, 4096, 0
7101, 3349, 1, 4096, 0
7101, 2870, 1, 4096, 0
7101, 3037, 1, 4096, 0
7101, 2645, 1, 4096, 0
7101, 3357, 1, 4096, 0
7105, 3780143, 1, 4096, 0
7105, 6699, 1, 4096, 0
7105, 2718, 1, 4096, 0
7106, 910458, 1, 4096, 0
7106, 4809, 1, 4096, 0
7106, 3279, 1, 4096, 0
7106, 555834, 1, 4096, 0
7108, 1295061, 1, 4096, 0
7108, 141498, 1, 4096, 0
7108, 264584, 1, 4096, 0
7110, 2287434, 1, 4096, 0
7110, 6019, 1, 4096, 0
7110, 3726, 1, 4096, 0
7112, 1458479, 1, 4096, 0
7112, 5558, 1, 4096, 0
7112, 2849, 1, 4096, 0
7112, 2083, 1, 4096, 0
7112, 3107, 1, 4096, 0
7114, 2135368, 1, 4096, 0
7114, 4900, 1, 4096, 0
7114, 400231, 1, 4096, 0
7115, 953856, 1, 4096, 0
7115, 5119, 1, 4096, 0
7116, 246487, 1, 4096, 0
7116, 4636, 1, 4096, 0
7116, 462822, 1, 4096, 0
7116, 4362, 1, 4096, 0
7117, 537321, 1, 4096, 0
7117, 6664, 1, 4096, 0
7118, 1407091, 1, 4096, 0
7118, 6109, 1, 4096, 0
7118, 4082, 1, 4096, 0
7120, 1675146, 1, 4096, 0
7120, 282845, 1, 4096, 0
7120, 4472, 1, 4096, 0
7120, 2696, 1, 4096, 0
7122, 1578507, 1, 4096, 0
7122, 4588, 1, 4096, 0
7122, 4021, 1, 4096, 0
7122, 2755, 1, 4096, 0
7122, 4924, 1, 4096, 0
7122, 3848, 1, 4096, 0
7122, 11927, 1, 4096, 0
7122, 3765, 1, 4096, 0
7124, 2062525, 1, 4096, 0
7124, 8709, 1, 4096, 0
7124, 3646, 1, 4096, 0
7124, 3240, 1, 4096, 0
7124, 2496, 1, 4096, 0
7124, 3633, 1, 4096, 0
7124, 3249, 1, 4096, 0
7124, 2088, 1, 4096, 0
7126, 1917863, 1, 4096, 0
7126, 278390, 1, 4096, 0
7127, 1344985, 1, 4096, 0
7128, 281691, 1, 4096, 0
7128, 455783, 1, 4096, 0
7128, 93633, 1, 4096, 0
7128, 7381, 1, 4096, 0
7128, 3757, 1, 4096, 0
7128, 280325, 1, 4096, 0
7129, 792029, 1, 4096, 0
7130, 978925, 1, 4096, 0
7130, 219328, 1, 4096, 0
7130, 4922, 1, 4096, 0
7130, 37152, 1, 4096, 0
7131, 658806, 1, 4096, 0
7133, 1700518, 1, 4096, 0
7133, 7222, 1, 4096, 0
7133, 3279, 1, 4096, 0
7133, 2935, 1, 4096, 0
7134, 1035439, 1, 4096, 0
7135, 741278, 1, 4096, 0
7135, 318654, 1, 4096, 0
7135, 7332, 1, 4096, 0
7135, 3203, 1, 4096, 0
7135, 2957, 1, 4096, 0
7135, 2631, 1, 4096, 0
7135, 3229, 1, 4096, 0
7135, 2748, 1, 4096, 0
7135, 2923, 1, 4096, 0
7136, 616081, 1, 4096, 0
7136, 8168, 1, 4096, 0
7136, 3238, 1, 4096, 0
7136, 3100, 1, 4096, 0
7136, 4687, 1, 4096, 0
7136, 3744, 1, 4096, 0
7136, 3502, 1, 4096, 0
7136, 2367, 1, 4096, 0
7137, 1590704, 1, 4096, 0
7138, 241339, 1, 4096, 0
7139, 1012876, 1, 4096, 0
7139, 489494, 1, 4096, 0
7139, 7626, 1, 4096, 0
7139, 3284, 1, 4096, 0
7139, 3135, 1, 4096, 0
7139, 2827, 1, 4096, 0
7139, 3488, 1, 4096, 0
7139, 2901, 1, 4096, 0
7139, 2746, 1, 4096, 0
7139, 300484, 1, 4096, 0
7139, 8837, 1, 4096, 0
7139, 3934, 1, 4096, 0
7139, 4293, 1, 4096, 0
7139, 5865, 1, 4096, 0
7140, 682462, 1, 4096, 0
7141, 700382, 1, 4096, 0
7142, 718718, 1, 4096, 0
7142, 5026, 1, 4096, 0
7142, 2869, 1, 4096, 0
7142, 3281, 1, 4096, 0
7143, 1050792, 1, 4096, 0
7143, 313688, 1, 4096, 0
7143, 9787, 1, 4096, 0
7143, 109773, 1, 4096, 0
7143, 6711, 1, 4096, 0
7143, 2657, 1, 4096, 0
7143, 2793, 1, 4096, 0
7143, 2919, 1, 4096, 0
7143, 2985, 1, 4096, 0
7143, 2790, 1, 4096, 0
7144, 1076880, 1, 4096, 0
7145, 1140567, 1, 4096, 0
7146, 385855, 1, 4096, 0
7146, 7851, 1, 4096, 0
7146, 195249, 1, 4096, 0
7147, 597793, 1, 4096, 0
7147, 23580, 1, 4096, 0
7147, 251010, 1, 4096, 0
7147, 7474, 1, 4096, 0
7147, 3402, 1, 4096, 0
7147, 3133, 1, 4096, 0
7147, 3743, 1, 4096, 0
7147, 4889, 1, 4096, 0
7147, 3572, 1, 4096, 0
7147, 3701, 1, 4096, 0
7150, 2706404, 1, 4096, 0
7151, 1507448, 1, 4096, 0
7151, 7212, 1, 4096, 0
7151, 3304, 1, 4096, 0
7151, 36228, 1, 4096, 0
7151, 311266, 1, 4096, 0
7151, 8266, 1, 4096, 0
7151, 3259, 1, 4096, 0
7151, 3337, 1, 4096, 0
7151, 3853, 1, 4096, 0
7151, 3845, 1, 4096, 0
7151, 3636, 1, 4096, 0
7151, 3286, 1, 4096, 0
7154, 2763972, 1, 4096, 0
7154, 120352, 1, 4096, 0
7154, 74686, 1, 4096, 0
7154, 29529, 1, 4096, 0
7156, 1514037, 1, 4096, 0
7156, 6696, 1, 4096, 0
7156, 9359, 1, 4096, 0
7156, 3495, 1, 4096, 0
7156, 2574, 1, 4096, 0
7156, 2913, 1, 4096, 0
7156, 2588, 1, 4096, 0
7156, 3579, 1, 4096, 0
7158, 1957702, 1, 4096, 0
7158, 6555, 1, 4096, 0
7159, 506533, 1, 4096, 0
7159, 32800, 1, 4096, 0
7159, 3669, 1, 4096, 0
7159, 633666, 1, 4096, 0
7159, 8370, 1, 4096, 0
7159, 4222, 1, 4096, 0
7159, 3801, 1, 4096, 0
7159, 3532, 1, 4096, 0
7159, 2895, 1, 4096, 0
7159, 3889, 1, 4096, 0
7159, 3624, 1, 4096, 0
7160, 783923, 1, 4096, 0
7160, 8132, 1, 4096, 0
7160, 3175, 1, 4096, 0
7160, 2602, 1, 4096, 0
7160, 2634, 1, 4096, 0
7160, 2431, 1, 4096, 0
7160, 2898, 1, 4096, 0
7160, 2937, 1, 4096, 0
7162, 1744266, 1, 4096, 0
7162, 126925, 1, 4096, 0
7162, 173601, 1, 4096, 0
7163, 649740, 1, 4096, 0
7163, 10299, 1, 4096, 0
7163, 86190, 1, 4096, 0
7163, 4430, 1, 4096, 0
7163, 363285, 1, 4096, 0
7164, 627885, 1, 4096, 0
7164, 8955, 1, 4096, 0
7164, 108616, 1, 4096, 0
7164, 6280, 1, 4096, 0
7164, 3952, 1, 4096, 0
7164, 2885, 1, 4096, 0
7164, 4069, 1, 4096, 0
7164, 3155, 1, 4096, 0
7164, 3236, 1, 4096, 0
7164, 3695, 1, 4096, 0
7165, 1347463, 1, 4096, 0
7165, 7300, 1, 4096, 0
7165, 3344, 1, 4096, 0
7165, 3446, 1, 4096, 0
7165, 2979, 1, 4096, 0
7165, 2565, 1, 4096, 0
7165, 2710, 1, 4096, 0
7165, 3049, 1, 4096, 0
7167, 1425599, 1, 4096, 0
7167, 312687, 1, 4096, 0
7168, 471219, 1, 4096, 0
7168, 4015, 1, 4096, 0
7168, 3262, 1, 4096, 0
7168, 2899, 1, 4096, 0
7168, 78762, 1, 4096, 0
7169, 1231652, 1, 4096, 0
7169, 8108, 1, 4096, 0
7169, 23229, 1, 4096, 0
7170, 1070528, 1, 4096, 0
7170, 164083, 1, 4096, 0
7171, 318349, 1, 4096, 0
7171, 362843, 1, 4096, 0
7171, 115096, 1, 4096, 0
7172, 515705, 1, 4096, 0
7172, 4938, 1, 4096, 0
7172, 3104, 1, 4096, 0
7172, 726192, 1, 4096, 0
7172, 6932, 1, 4096, 0
7172, 3485, 1, 4096, 0
7172, 3393, 1, 4096, 0
7172, 5089, 1, 4096, 0
7172, 3399, 1, 4096, 0
7172, 3306, 1, 4096, 0
7172, 3114, 1, 4096, 0
7174, 1964354, 1, 4096, 0
7174, 11647, 1, 4096, 0
7174, 3258, 1, 4096, 0
7174, 3017, 1, 4096, 0
7174, 3413, 1, 4096, 0
7174, 3274, 1, 4096, 0
7174, 2737, 1, 4096, 0
7174, 3334, 1, 4096, 0
7176, 1612527, 1, 4096, 0
7176, 8949, 1, 4096, 0
7176, 3554, 1, 4096, 0
7176, 2809, 1, 4096, 0
7176, 5045, 1, 4096, 0
7176, 3614, 1, 4096, 0
7176, 2375, 1, 4096, 0
7176, 2883, 1, 4096, 0
7176, 299410, 1, 4096, 0
7176, 7043, 1, 4096, 0
7176, 4019, 1, 4096, 0
7176, 2935, 1, 4096, 0
7176, 2283, 1, 4096, 0
7176, 2670, 1, 4096, 0
7176, 3092, 1, 4096, 0
7176, 2948, 1, 4096, 0
7177, 618984, 1, 4096, 0
7177, 8940, 1, 4096, 0
7177, 3694, 1, 4096, 0
7178, 109282, 1, 4096, 0
7178, 7209, 1, 4096, 0
7178, 2582, 1, 4096, 0
7178, 10463, 1, 4096, 0
7178, 5516, 1, 4096, 0
7178, 2031, 1, 4096, 0
7178, 9737, 1, 4096, 0
7179, 10328, 1, 4096, 0
7179, 94630, 1, 4096, 0
7179, 4662, 1, 4096, 0
7179, 3054, 1, 4096, 0
7179, 2507, 1, 4096, 0
7179, 3117, 1, 4096, 0
7179, 3157, 1, 4096, 0
7179, 353755, 1, 4096, 0
7179, 3538, 1, 4096, 0
7180, 1061969, 1, 4096, 0
7181, 306216, 1, 4096, 0
7181, 214269, 1, 4096, 0
7182, 887441, 1, 4096, 0
7182, 6897, 1, 4096, 0
7182, 5320, 1, 4096, 0
7183, 1054626, 1, 4096, 0
7184, 1476227, 1, 4096, 0
7184, 4880, 1, 4096, 0
7184, 3199, 1, 4096, 0
7186, 1228346, 1, 4096, 0
7186, 3806, 1, 4096, 0
7186, 2191, 1, 4096, 0
7186, 1917, 1, 4096, 0
7186, 2264, 1, 4096, 0
7186, 2052, 1, 4096, 0
7186, 1803, 1, 4096, 0
7186, 1652, 1, 4096, 0
7190, 4543000, 1, 4096, 0
7190, 6679, 1, 4096, 0
7190, 103580, 1, 4096, 0
7190, 208370, 1, 4096, 0
7190, 3341, 1, 4096, 0
7190, 3984, 1, 4096, 0
7190, 2759, 1, 4096, 0
7192, 1873012, 1, 4096, 0
7194, 1691484, 1, 4096, 0
7194, 8473, 1, 4096, 0
7194, 3836, 1, 4096, 0
7194, 3540, 1, 4096, 0
7194, 32510, 1, 4096, 0
7194, 357064, 1, 4096, 0
7195, 587759, 1, 4096, 0
7197, 1563608, 1, 4096, 0
7197, 6298, 1, 4096, 0
7197, 568968, 1, 4096, 0
7197, 4935, 1, 4096, 0
7198, 381089, 1, 4096, 0
7198, 4324, 1, 4096, 0
7198, 26868, 1, 4096, 0
7200, 1931634, 1, 4096, 0
7200, 8129, 1, 4096, 0
7200, 3268, 1, 4096, 0
7200, 325880, 1, 4096, 0
7200, 522797, 1, 4096, 0
7200, 7493, 1, 4096, 0
7200, 2994, 1, 4096, 0
7200, 3209, 1, 4096, 0
7200, 2689, 1, 4096, 0
7200, 3405, 1, 4096, 0
7200, 3229, 1, 4096, 0
7200, 4164, 1, 4096, 0
7202, 1343651, 1, 4096, 0
7202, 6734, 1, 4096, 0
7202, 3011, 1, 4096, 0
7202, 2963, 1, 4096, 0
7202, 2890, 1, 4096, 0
7202, 2708, 1, 4096, 0
7202, 145155, 1, 4096, 0
7202, 9194, 1, 4096, 0
7202, 5262, 1, 4096, 0
7202, 4315, 1, 4096, 0
7202, 3444, 1, 4096, 0
7202, 3396, 1, 4096, 0
7202, 4046, 1, 4096, 0
7202, 2812, 1, 4096, 0
7203, 799260, 1, 4096, 0
7203, 5957, 1, 4096, 0
7205, 1844158, 1, 4096, 0
7205, 8626, 1, 4096, 0
7205, 3481, 1, 4096, 0
7205, 3891, 1, 4096, 0
7205, 3732, 1, 4096, 0
7205, 3424, 1, 4096, 0
7205, 724798, 1, 4096, 0
7205, 4733, 1, 4096, 0
7205, 2943, 1, 4096, 0
7205, 3537, 1, 4096, 0
7205, 2820, 1, 4096, 0
7205, 2541, 1, 4096, 0
7205, 2991, 1, 4096, 0
7205, 2860, 1, 4096, 0
7206, 581313, 1, 4096, 0
7206, 7664, 1, 4096, 0
7208, 2064394, 1, 4096, 0
7209, 789637, 1, 4096, 0
7209, 3974, 1, 4096, 0
7210, 554702, 1, 4096, 0
7210, 3417, 1, 4096, 0
7210, 767415, 1, 4096, 0
7210, 4327, 1, 4096, 0
7210, 76295, 1, 4096, 0
7211, 739839, 1, 4096, 0
7213, 1746295, 1, 4096, 0
7213, 7746, 1, 4096, 0
7213, 3624, 1, 4096, 0
7213, 2865, 1, 4096, 0
7214, 798002, 1, 4096, 0
7214, 186157, 1, 4096, 0
7214, 528622, 1, 4096, 0
7214, 7424, 1, 4096, 0
7215, 396329, 1, 4096, 0
7216, 925854, 1, 4096, 0
7217, 900417, 1, 4096, 0
7217, 4831, 1, 4096, 0
7218, 892737, 1, 4096, 0
7218, 176852, 1, 4096, 0
7219, 977053, 1, 4096, 0
7219, 5331, 1, 4096, 0
7219, 2882, 1, 4096, 0
7219, 645549, 1, 4096, 0
7220, 172571, 1, 4096, 0
7220, 747028, 1, 4096, 0
7221, 606217, 1, 4096, 0
7222, 815277, 1, 4096, 0
7222, 4740, 1, 4096, 0
7222, 538302, 1, 4096, 0
7222, 3751, 1, 4096, 0
7222, 3028, 1, 4096, 0
7222, 2572, 1, 4096, 0
7223, 1126627, 1, 4096, 0
7224, 877482, 1, 4096, 0
7225, 253576, 1, 4096, 0
7225, 323114, 1, 4096, 0
7226, 850029, 1, 4096, 0
7226, 100314, 1, 4096, 0
7226, 107461, 1, 4096, 0
7226, 3557, 1, 4096, 0
7227, 563208, 1, 4096, 0
7227, 645587, 1, 4096, 0
7228, 849249, 1, 4096, 0
7228, 9497, 1, 4096, 0
7228, 3949, 1, 4096, 0
7228, 431063, 1, 4096, 0
7229, 4051, 1, 4096, 0
7229, 489815, 1, 4096, 0
7229, 4923, 1, 4096, 0
7231, 1606715, 1, 4096, 0
7231, 7713, 1, 4096, 0
7231, 3093, 1, 4096, 0
7231, 2902, 1, 4096, 0
7231, 2926, 1, 4096, 0
7231, 3396, 1, 4096, 0
7231, 2648, 1, 4096, 0
7231, 4404, 1, 4096, 0
7231, 402810, 1, 4096, 0
7231, 8201, 1, 4096, 0
7231, 3153, 1, 4096, 0
7231, 3445, 1, 4096, 0
7231, 2926, 1, 4096, 0
7231, 3226, 1, 4096, 0
7231, 2892, 1, 4096, 0
7231, 3124, 1, 4096, 0
7233, 2240704, 1, 4096, 0
7233, 10247, 1, 4096, 0
7234, 761058, 1, 4096, 0
7234, 8321, 1, 4096, 0
7234, 236074, 1, 4096, 0
7234, 7100, 1, 4096, 0
7234, 3126, 1, 4096, 0
7236, 1270298, 1, 4096, 0
7236, 6653, 1, 4096, 0
7236, 4134, 1, 4096, 0
7237, 1079157, 1, 4096, 0
7237, 7724, 1, 4096, 0
7237, 3360, 1, 4096, 0
7237, 467847, 1, 4096, 0
7237, 4902, 1, 4096, 0
7238, 312045, 1, 4096, 0
7238, 7110, 1, 4096, 0
7238, 3803, 1, 4096, 0
7238, 2725, 1, 4096, 0
7238, 2369, 1, 4096, 0
7238, 3121, 1, 4096, 0
7238, 2820, 1, 4096, 0
7238, 1350, 1, 4096, 0
7239, 1526618, 1, 4096, 0
7239, 8756, 1, 4096, 0
7239, 2951, 1, 4096, 0
7239, 11150, 1, 4096, 0
7240, 1215438, 1, 4096, 0
7240, 5664, 1, 4096, 0
7240, 3234, 1, 4096, 0
7240, 2607, 1, 4096, 0
7240, 2699, 1, 4096, 0
7240, 1960, 1, 4096, 0
7241, 932004, 1, 4096, 0
7241, 7419, 1, 4096, 0
7241, 3980, 1, 4096, 0
7241, 2960, 1, 4096, 0
7242, 374230, 1, 4096, 0
7242, 6084, 1, 4096, 0
7242, 3345, 1, 4096, 0
7242, 3083, 1, 4096, 0
7242, 4518, 1, 4096, 0
7242, 2703, 1, 4096, 0
7242, 2660, 1, 4096, 0
7242, 2889, 1, 4096, 0
7243, 1372514, 1, 4096, 0
7243, 5285, 1, 4096, 0
7243, 3518, 1, 4096, 0
7243, 2678, 1, 4096, 0
7243, 4148, 1, 4096, 0
7243, 3314, 1, 4096, 0
7243, 2693, 1, 4096, 0
7244, 9428, 1, 4096, 0
7244, 6635, 1, 4096, 0
7244, 6852, 1, 4096, 0
7244, 3833, 1, 4096, 0
7244, 4212, 1, 4096, 0
7245, 399403, 1, 4096, 0
7245, 543178, 1, 4096, 0
7247, 1646635, 1, 4096, 0
7249, 1630567, 1, 4096, 0
7249, 629344, 1, 4096, 0
7249, 9784, 1, 4096, 0
7249, 3172, 1, 4096, 0
7249, 4527, 1, 4096, 0
7249, 3350, 1, 4096, 0
7249, 3087, 1, 4096, 0
7249, 3330, 1, 4096, 0
7249, 3518, 1, 4096, 0
7251, 1579580, 1, 4096, 0
7251, 7426, 1, 4096, 0
7251, 2803, 1, 4096, 0
7251, 2890, 1, 4096, 0
7251, 2801, 1, 4096, 0
7251, 2536, 1, 4096, 0
7251, 2966, 1, 4096, 0
7251, 2823, 1, 4096, 0
7252, 1073927, 1, 4096, 0
7252, 4486, 1, 4096, 0
7252, 3398, 1, 4096, 0
7252, 2834, 1, 4096, 0
7252, 2639, 1, 4096, 0
7252, 3148, 1, 4096, 0
7252, 3329, 1, 4096, 0
7252, 9627, 1, 4096, 0
7253, 748255, 1, 4096, 0
7253, 9282, 1, 4096, 0
7253, 3019, 1, 4096, 0
7253, 2210, 1, 4096, 0
7253, 2290, 1, 4096, 0
7253, 1834, 1, 4096, 0
7253, 2089, 1, 4096, 0
7253, 2436, 1, 4096, 0
7256, 2897455, 1, 4096, 0
7257, 457286, 1, 4096, 0
7257, 11773, 1, 4096, 0
7257, 4483, 1, 4096, 0
7257, 6318, 1, 4096, 0
7257, 3396, 1, 4096, 0
7258, 952310, 1, 4096, 0
7260, 2436239, 1, 4096, 0
7260, 7991, 1, 4096, 0
7260, 3273, 1, 4096, 0
7260, 262871, 1, 4096, 0
7261, 238541, 1, 4096, 0
7262, 1100274, 1, 4096, 0
7262, 8954, 1, 4096, 0
7262, 3202, 1, 4096, 0
7264, 2035084, 1, 4096, 0
7264, 179475, 1, 4096, 0
7264, 433204, 1, 4096, 0
7266, 1018292, 1, 4096, 0
7266, 5221, 1, 4096, 0
7266, 2509, 1, 4096, 0
7266, 3182, 1, 4096, 0
7266, 471016, 1, 4096, 0
7267, 1427845, 1, 4096, 0
7267, 9139, 1, 4096, 0
7267, 3415, 1, 4096, 0
7267, 4027, 1, 4096, 0
7267, 3324, 1, 4096, 0
7267, 3763, 1, 4096, 0
7267, 5479, 1, 4096, 0
7267, 2545, 1, 4096, 0
7269, 1200918, 1, 4096, 0
7269, 7565, 1, 4096, 0
7269, 3882, 1, 4096, 0
7269, 2223, 1, 4096, 0
7269, 2803, 1, 4096, 0
7269, 4420, 1, 4096, 0
7269, 3713, 1, 4096, 0
7269, 3207, 1, 4096, 0
7270, 1344451, 1, 4096, 0
7270, 8393, 1, 4096, 0
7270, 2872, 1, 4096, 0
7270, 2133, 1, 4096, 0
7270, 2084, 1, 4096, 0
7270, 2337, 1, 4096, 0
7270, 2967, 1, 4096, 0
7271, 1251915, 1, 4096, 0
7271, 7005, 1, 4096, 0
7271, 99514, 1, 4096, 0
7272, 130917, 1, 4096, 0
7272, 5306, 1, 4096, 0
7272, 3662, 1, 4096, 0
7272, 4351, 1, 4096, 0
7272, 3453, 1, 4096, 0
7272, 3458, 1, 4096, 0
7272, 3577, 1, 4096, 0
7272, 104238, 1, 4096, 0
7272, 138020, 1, 4096, 0
7273, 1193391, 1, 4096, 0
7274, 381109, 1, 4096, 0
7274, 5336, 1, 4096, 0
7274, 3889, 1, 4096, 0
7274, 469654, 1, 4096, 0
7275, 532357, 1, 4096, 0
7275, 5944, 1, 4096, 0
7276, 1133594, 1, 4096, 0
7276, 5789, 1, 4096, 0
7276, 2848, 1, 4096, 0
7276, 506115, 1, 4096, 0
7276, 85610, 1, 4096, 0
7277, 261655, 1, 4096, 0
7277, 487391, 1, 4096, 0
7278, 1422512, 1, 4096, 0
7278, 8610, 1, 4096, 0
7278, 3411, 1, 4096, 0
7279, 2786, 1, 4096, 0
7279, 3461, 1, 4096, 0
7279, 3881, 1, 4096, 0
7279, 3357, 1, 4096, 0
7279, 3006, 1, 4096, 0
7281, 2782142, 1, 4096, 0
7281, 22111, 1, 4096, 0
7281, 5185, 1, 4096, 0
7282, 570823, 1, 4096, 0
7282, 6322, 1, 4096, 0
7282, 3605, 1, 4096, 0
7282, 3504, 1, 4096, 0
7282, 105263, 1, 4096, 0
7282, 6672, 1, 4096, 0
7282, 4973, 1, 4096, 0
7282, 4454, 1, 4096, 0
7282, 3328, 1, 4096, 0
7282, 4633, 1, 4096, 0
7282, 2906, 1, 4096, 0
7282, 3340, 1, 4096, 0
7285, 2749482, 1, 4096, 0
7285, 8684, 1, 4096, 0
7285, 3443, 1, 4096, 0
7285, 3846, 1, 4096, 0
7285, 2953, 1, 4096, 0
7285, 3758, 1, 4096, 0
7285, 3335, 1, 4096, 0
7285, 3415, 1, 4096, 0
7286, 656510, 1, 4096, 0
7286, 5555, 1, 4096, 0
7286, 4460, 1, 4096, 0
7286, 2946, 1, 4096, 0
7286, 2195, 1, 4096, 0
7286, 3145, 1, 4096, 0
7286, 4606, 1, 4096, 0
7286, 4080, 1, 4096, 0
7288, 2294289, 1, 4096, 0
7288, 225862, 1, 4096, 0
7289, 931244, 1, 4096, 0
7290, 456826, 1, 4096, 0
7290, 252200, 1, 4096, 0
7290, 484460, 1, 4096, 0
7291, 465084, 1, 4096, 0
7292, 755250, 1, 4096, 0
7292, 432363, 1, 4096, 0
7292, 5402, 1, 4096, 0
7293, 575968, 1, 4096, 0
7293, 4432, 1, 4096, 0
7293, 5091, 1, 4096, 0
7293, 4043, 1, 4096, 0
7293, 3265, 1, 4096, 0
7293, 3182, 1, 4096, 0
7293, 3934, 1, 4096, 0
7293, 4230, 1, 4096, 0
7293, 264937, 1, 4096, 0
7293, 503883, 1, 4096, 0
7293, 6409, 1, 4096, 0
7293, 3866, 1, 4096, 0
7293, 3780, 1, 4096, 0
7293, 2475, 1, 4096, 0
7293, 2271, 1, 4096, 0
7293, 2220, 1, 4096, 0
7293, 2877, 1, 4096, 0
7296, 1639655, 1, 4096, 0
7296, 547826, 1, 4096, 0
7296, 4260, 1, 4096, 0
7296, 3161, 1, 4096, 0
7297, 369336, 1, 4096, 0
7297, 3784, 1, 4096, 0
7297, 42422, 1, 4096, 0
7297, 218833, 1, 4096, 0
7297, 155232, 1, 4096, 0
7299, 2229284, 1, 4096, 0
7299, 7234, 1, 4096, 0
7299, 3428, 1, 4096, 0
7299, 2533, 1, 4096, 0
7299, 1980, 1, 4096, 0
7299, 2803, 1, 4096, 0
7299, 2204, 1, 4096, 0
7299, 2526, 1, 4096, 0
7301, 1493121, 1, 4096, 0
7301, 248811, 1, 4096, 0
7301, 6915, 1, 4096, 0
7301, 3201, 1, 4096, 0
7301, 3286, 1, 4096, 0
7301, 3287, 1, 4096, 0
7301, 3730, 1, 4096, 0
7301, 2756, 1, 4096, 0
7301, 3278, 1, 4096, 0
7303, 1779934, 1, 4096, 0
7304, 459713, 1, 4096, 0
7304, 136679, 1, 4096, 0
7304, 453623, 1, 4096, 0
7304, 4988, 1, 4096, 0
7304, 3212, 1, 4096, 0
7305, 678505, 1, 4096, 0
7305, 406622, 1, 4096, 0
7306, 323948, 1, 4096, 0
7306, 305400, 1, 4096, 0
7306, 4599, 1, 4096, 0
7306, 2805, 1, 4096, 0
7306, 470906, 1, 4096, 0
7306, 4945, 1, 4096, 0
7308, 1891080, 1, 4096, 0
7308, 5860, 1, 4096, 0
7308, 3950, 1, 4096, 0
7309, 374218, 1, 4096, 0
7309, 4329, 1, 4096, 0
7309, 99452, 1, 4096, 0
7309, 3143, 1, 4096, 0
7311, 1860410, 1, 4096, 0
7311, 457007, 1, 4096, 0
7311, 348593, 1, 4096, 0
7312, 317632, 1, 4096, 0
7312, 481256, 1, 4096, 0
7312, 8811, 1, 4096, 0
7312, 3879, 1, 4096, 0
7312, 4400, 1, 4096, 0
7312, 3029, 1, 4096, 0
7312, 3215, 1, 4096, 0
7312, 3075, 1, 4096, 0
7312, 4093, 1, 4096, 0
7313, 1049940, 1, 4096, 0
7313, 8629, 1, 4096, 0
7313, 3973, 1, 4096, 0
7313, 4518, 1, 4096, 0
7313, 4233, 1, 4096, 0
7313, 3688, 1, 4096, 0
7313, 3571, 1, 4096, 0
7313, 3945, 1, 4096, 0
7315, 1605436, 1, 4096, 0
7316, 608046, 1, 4096, 0
7316, 5496, 1, 4096, 0
7316, 4131, 1, 4096, 0
7316, 619894, 1, 4096, 0
7316, 3706, 1, 4096, 0
7316, 218163, 1, 4096, 0
7318, 1512484, 1, 4096, 0
7318, 5443, 1, 4096, 0
7318, 3218, 1, 4096, 0
7319, 902415, 1, 4096, 0
7319, 10473, 1, 4096, 0
7319, 3600, 1, 4096, 0
7320, 787766, 1, 4096, 0
7321, 859239, 1, 4096, 0
7322, 977198, 1, 4096, 0
7322, 5117, 1, 4096, 0
7322, 3061, 1, 4096, 0
7322, 2664, 1, 4096, 0
7323, 998090, 1, 4096, 0
7324, 1307977, 1, 4096, 0
7324, 6056, 1, 4096, 0
7324, 3509, 1, 4096, 0
7325, 1266577, 1, 4096, 0
7325, 4339, 1, 4096, 0
7325, 2336, 1, 4096, 0
7325, 2303, 1, 4096, 0
7325, 3013, 1, 4096, 0
7325, 3166, 1, 4096, 0
7325, 3535, 1, 4096, 0
7325, 2949, 1, 4096, 0
7327, 1498324, 1, 4096, 0
7327, 7462, 1, 4096, 0
7327, 4204, 1, 4096, 0
7327, 3987, 1, 4096, 0
7327, 3269, 1, 4096, 0
7327, 3373, 1, 4096, 0
7329, 2300570, 1, 4096, 0
7329, 120024, 1, 4096, 0
7329, 3672, 1, 4096, 0
7329, 205530, 1, 4096, 0
7330, 764573, 1, 4096, 0
7330, 9452, 1, 4096, 0
7330, 3858, 1, 4096, 0
7330, 14461, 1, 4096, 0
7331, 962509, 1, 4096, 0
7332, 851811, 1, 4096, 0
7332, 5363, 1, 4096, 0
7332, 3609, 1, 4096, 0
7332, 385397, 1, 4096, 0
7333, 68679, 1, 4096, 0
7333, 12429, 1, 4096, 0
7333, 4143, 1, 4096, 0
7333, 5436, 1, 4096, 0
7333, 3546, 1, 4096, 0
7333, 3134, 1, 4096, 0
7333, 2919, 1, 4096, 0
7333, 3167, 1, 4096, 0
7335, 2137569, 1, 4096, 0
7335, 645894, 1, 4096, 0
7336, 392175, 1, 4096, 0
7336, 94430, 1, 4096, 0
7336, 5475, 1, 4096, 0
7336, 3239, 1, 4096, 0
7336, 2730, 1, 4096, 0
7336, 562074, 1, 4096, 0
7337, 496799, 1, 4096, 0
7338, 1453643, 1, 4096, 0
7339, 913700, 1, 4096, 0
7339, 4525, 1, 4096, 0
7339, 3716, 1, 4096, 0
7339, 4536, 1, 4096, 0
7339, 3394, 1, 4096, 0
7339, 3661, 1, 4096, 0
7339, 4421, 1, 4096, 0
7339, 3752, 1, 4096, 0
7340, 549002, 1, 4096, 0
7340, 9063, 1, 4096, 0
7340, 3347, 1, 4096, 0
7340, 3096, 1, 4096, 0
7340, 3343, 1, 4096, 0
7340, 3094, 1, 4096, 0
7340, 4816, 1, 4096, 0
7340, 3389, 1, 4096, 0
7341, 1282659, 1, 4096, 0
7341, 7887, 1, 4096, 0
7341, 6039, 1, 4096, 0
7341, 3409, 1, 4096, 0
7341, 3531, 1, 4096, 0
7341, 3238, 1, 4096, 0
7341, 2757, 1, 4096, 0
7342, 511802, 1, 4096, 0
7344, 1613697, 1, 4096, 0
7344, 6013, 1, 4096, 0
7344, 131414, 1, 4096, 0
7344, 299193, 1, 4096, 0
7344, 10401, 1, 4096, 0
7344, 2786, 1, 4096, 0
7344, 2208, 1, 4096, 0
7344, 2346, 1, 4096, 0
7344, 1873, 1, 4096, 0
7344, 2813, 1, 4096, 0
7344, 2831, 1, 4096, 0
7345, 566710, 1, 4096, 0
7346, 1092132, 1, 4096, 0
7346, 5794, 1, 4096, 0
7346, 115225, 1, 4096, 0
7346, 184345, 1, 4096, 0
7346, 7049, 1, 4096, 0
7347, 520107, 1, 4096, 0
7347, 17071, 1, 4096, 0
7348, 812623, 1, 4096, 0
7348, 9452, 1, 4096, 0
7348, 3853, 1, 4096, 0
7348, 3246, 1, 4096, 0
7348, 4012, 1, 4096, 0
7348, 3396, 1, 4096, 0
7348, 3658, 1, 4096, 0
7348, 4232, 1, 4096, 0
7350, 1725853, 1, 4096, 0
7350, 74929, 1, 4096, 0
7350, 5642, 1, 4096, 0
7350, 3215, 1, 4096, 0
7350, 99675, 1, 4096, 0
7350, 3985, 1, 4096, 0
7350, 2174, 1, 4096, 0
7350, 2364, 1, 4096, 0
7350, 2152, 1, 4096, 0
7350, 2446, 1, 4096, 0
7350, 2191, 1, 4096, 0
7350, 2352, 1, 4096, 0
7351, 6780, 1, 4096, 0
7351, 433665, 1, 4096, 0
7351, 4941, 1, 4096, 0
7351, 3075, 1, 4096, 0
7351, 2409, 1, 4096, 0
7353, 1863371, 1, 4096, 0
7353, 6189, 1, 4096, 0
7353, 122346, 1, 4096, 0
7354, 716468, 1, 4096, 0
7354, 258629, 1, 4096, 0
7354, 6061, 1, 4096, 0
7354, 3132, 1, 4096, 0
7354, 3414, 1, 4096, 0
7354, 2907, 1, 4096, 0
7354, 3463, 1, 4096, 0
7354, 2654, 1, 4096, 0
7354, 2464, 1, 4096, 0
7354, 175674, 1, 4096, 0
7354, 6553, 1, 4096, 0
7355, 603959, 1, 4096, 0
7355, 272628, 1, 4096, 0
7356, 524492, 1, 4096, 0
7356, 3963, 1, 4096, 0
7356, 1969, 1, 4096, 0
7356, 2668, 1, 4096, 0
7356, 3094, 1, 4096, 0
7356, 2679, 1, 4096, 0
7356, 2747, 1, 4096, 0
7356, 15273, 1, 4096, 0
7357, 399981, 1, 4096, 0
7357, 125149, 1, 4096, 0
7357, 49495, 1, 4096, 0
7357, 288201, 1, 4096, 0
7357, 7905, 1, 4096, 0
7358, 5485, 1, 4096, 0
7358, 464293, 1, 4096, 0
7358, 137021, 1, 4096, 0
7359, 687604, 1, 4096, 0
7359, 8452, 1, 4096, 0
7360, 773011, 1, 4096, 0
7360, 90987, 1, 4096, 0
7360, 5720, 1, 4096, 0
7360, 187257, 1, 4096, 0
7360, 5241, 1, 4096, 0
7361, 573126, 1, 4096, 0
7361, 226457, 1, 4096, 0
7361, 376942, 1, 4096, 0
7361, 5587, 1, 4096, 0
7361, 3770, 1, 4096, 0
7361, 2759, 1, 4096, 0
7361, 3364, 1, 4096, 0
7361, 2621, 1, 4096, 0
7361, 2520, 1, 4096, 0
7361, 2833, 1, 4096, 0
7362, 770551, 1, 4096, 0
7362, 310060, 1, 4096, 0
7363, 257047, 1, 4096, 0
7363, 5847, 1, 4096, 0
7363, 3754, 1, 4096, 0
7363, 3704, 1, 4096, 0
7363, 3104, 1, 4096, 0
7363, 2712, 1, 4096, 0
7363, 6738, 1, 4096, 0
7363, 322844, 1, 4096, 0
7363, 5962, 1, 4096, 0
7364, 372130, 1, 4096, 0
7365, 669563, 1, 4096, 0
7365, 260788, 1, 4096, 0
7365, 7872, 1, 4096, 0
7365, 316164, 1, 4096, 0
7366, 616885, 1, 4096, 0
7366, 5643, 1, 4096, 0
7366, 2796, 1, 4096, 0
7366, 2878, 1, 4096, 0
7366, 2883, 1, 4096, 0
7367, 973300, 1, 4096, 0
7367, 401755, 1, 4096, 0
7367, 9141, 1, 4096, 0
7367, 3787, 1, 4096, 0
7367, 3138, 1, 4096, 0
7367, 4392, 1, 4096, 0
7367, 3471, 1, 4096, 0
7367, 3743, 1, 4096, 0
7368, 617868, 1, 4096, 0
7368, 156868, 1, 4096, 0
7368, 11836, 1, 4096, 0
7368, 2687, 1, 4096, 0
7368, 2810, 1, 4096, 0
7368, 3086, 1, 4096, 0
7368, 4243, 1, 4096, 0
7368, 3083, 1, 4096, 0
7369, 501948, 1, 4096, 0
7371, 1759100, 1, 4096, 0
7372, 959932, 1, 4096, 0
7372, 3662, 1, 4096, 0
7372, 4402, 1, 4096, 0
7372, 3100, 1, 4096, 0
7372, 2723, 1, 4096, 0
7372, 321464, 1, 4096, 0
7372, 6028, 1, 4096, 0
7373, 1441053, 1, 4096, 0
7373, 12421, 1, 4096, 0
7374, 195991, 1, 4096, 0
7374, 335727, 1, 4096, 0
7375, 1040387, 1, 4096, 0
7375, 7090, 1, 4096, 0
7375, 3511, 1, 4096, 0
7375, 2640, 1, 4096, 0
7375, 2749, 1, 4096, 0
7375, 2884, 1, 4096, 0
7375, 4061, 1, 4096, 0
7375, 3482, 1, 4096, 0
7378, 2903264, 1, 4096, 0
7379, 660552, 1, 4096, 0
7379, 176607, 1, 4096, 0
7379, 440171, 1, 4096, 0
7379, 37348, 1, 4096, 0
7380, 480303, 1, 4096, 0
7380, 7810, 1, 4096, 0
7380, 282831, 1, 4096, 0
7380, 422480, 1, 4096, 0
7381, 105191, 1, 4096, 0
7381, 584289, 1, 4096, 0
7382, 765782, 1, 4096, 0
7382, 6767, 1, 4096, 0
7382, 183077, 1, 4096, 0
7383, 860192, 1, 4096, 0
7383, 5917, 1, 4096, 0
7383, 3551, 1, 4096, 0
7383, 3395, 1, 4096, 0
7383, 4937, 1, 4096, 0
7384, 1283221, 1, 4096, 0
7385, 632298, 1, 4096, 0
7385, 394528, 1, 4096, 0
7385, 4494, 1, 4096, 0
7385, 8302, 1, 4096, 0
7385, 3342, 1, 4096, 0
7386, 631927, 1, 4096, 0
7387, 923035, 1, 4096, 0
7387, 488606, 1, 4096, 0
7387, 3923, 1, 4096, 0
7387, 64225, 1, 4096, 0
7388, 508712, 1, 4096, 0
7388, 4787, 1, 4096, 0
7389, 758464, 1, 4096, 0
7389, 3544, 1, 4096, 0
7390, 1229648, 1, 4096, 0
7391, 1209595, 1, 4096, 0
7391, 7281, 1, 4096, 0
7391, 4413, 1, 4096, 0
7391, 3948, 1, 4096, 0
7392, 1145667, 1, 4096, 0
7392, 4613, 1, 4096, 0
7392, 2844, 1, 4096, 0
7392, 3176, 1, 4096, 0
7392, 3936, 1, 4096, 0
7392, 3586, 1, 4096, 0
7392, 4011, 1, 4096, 0
7392, 2386, 1, 4096, 0
7393, 353486, 1, 4096, 0
7393, 4692, 1, 4096, 0
7393, 7060, 1, 4096, 0
7393, 3324, 1, 4096, 0
7393, 4415, 1, 4096, 0
7393, 3070, 1, 4096, 0
7393, 3417, 1, 4096, 0
7393, 5327, 1, 4096, 0
7396, 2848456, 1, 4096, 0
7396, 4803, 1, 4096, 0
7396, 2760, 1, 4096, 0
7396, 3100, 1, 4096, 0
7396, 2754, 1, 4096, 0
7396, 1968, 1, 4096, 0
7396, 2145, 1, 4096, 0
7396, 2318, 1, 4096, 0
7396, 488110, 1, 4096, 0
7396, 4298, 1, 4096, 0
7396, 4237, 1, 4096, 0
7396, 3121, 1, 4096, 0
7396, 3078, 1, 4096, 0
7396, 72591, 1, 4096, 0
7396, 163879, 1, 4096, 0
7397, 1005958, 1, 4096, 0
7397, 6498, 1, 4096, 0
7398, 3183, 1, 4096, 0
7398, 3818, 1, 4096, 0
7398, 3958, 1, 4096, 0
7398, 2987, 1, 4096, 0
7398, 2856, 1, 4096, 0
7398, 4151, 1, 4096, 0
7399, 1493376, 1, 4096, 0
7399, 327773, 1, 4096, 0
7400, 460997, 1, 4096, 0
7400, 6091, 1, 4096, 0
7400, 3304, 1, 4096, 0
7400, 9896, 1, 4096, 0
7400, 2928, 1, 4096, 0
7400, 329364, 1, 4096, 0
7400, 5991, 1, 4096, 0
7400, 3081, 1, 4096, 0
7400, 3633, 1, 4096, 0
7400, 3042, 1, 4096, 0
7401, 565539, 1, 4096, 0
7401, 6380, 1, 4096, 0
7401, 4694, 1, 4096, 0
7401, 2680, 1, 4096, 0
7401, 4727, 1, 4096, 0
7401, 485863, 1, 4096, 0
7401, 6814, 1, 4096, 0
7403, 1593882, 1, 4096, 0
7403, 155451, 1, 4096, 0
7404, 412306, 1, 4096, 0
7404, 6225, 1, 4096, 0
7404, 3038, 1, 4096, 0
7404, 3139, 1, 4096, 0
7404, 103069, 1, 4096, 0
7404, 8925, 1, 4096, 0
7404, 3773, 1, 4096, 0
7404, 2640, 1, 4096, 0
7404, 4040, 1, 4096, 0
7404, 137953, 1, 4096, 0
7404, 67869, 1, 4096, 0
7404, 11888, 1, 4096, 0
7405, 772029, 1, 4096, 0
7406, 563739, 1, 4096, 0
7406, 315792, 1, 4096, 0
7406, 6347, 1, 4096, 0
7406, 3122, 1, 4096, 0
7406, 2900, 1, 4096, 0
7406, 205613, 1, 4096, 0
7407, 245021, 1, 4096, 0
7407, 6721, 1, 4096, 0
7407, 38198, 1, 4096, 0
7407, 871979, 1, 4096, 0
7409, 1237108, 1, 4096, 0
7409, 461351, 1, 4096, 0
7409, 7151, 1, 4096, 0
7409, 3282, 1, 4096, 0
7410, 333963, 1, 4096, 0
7410, 5496, 1, 4096, 0
7410, 2569, 1, 4096, 0
7410, 355638, 1, 4096, 0
7410, 538728, 1, 4096, 0
7411, 332628, 1, 4096, 0
7411, 119948, 1, 4096, 0
7411, 6247, 1, 4096, 0
7411, 3510, 1, 4096, 0
7411, 2651, 1, 4096, 0
7411, 2813, 1, 4096, 0
7411, 3117, 1, 4096, 0
7411, 6140, 1, 4096, 0
7411, 3180, 1, 4096, 0
7413, 1646574, 1, 4096, 0
7413, 5810, 1, 4096, 0
7413, 213756, 1, 4096, 0
7413, 8326, 1, 4096, 0
7413, 4013, 1, 4096, 0
7413, 3747, 1, 4096, 0
7413, 3454, 1, 4096, 0
7413, 5865, 1, 4096, 0
7413, 3588, 1, 4096, 0
7413, 3224, 1, 4096, 0
7414, 431214, 1, 4096, 0
7414, 705632, 1, 4096, 0
7414, 7815, 1, 4096, 0
7415, 162664, 1, 4096, 0
7415, 800899, 1, 4096, 0
7415, 8821, 1, 4096, 0
7416, 127729, 1, 4096, 0
7416, 188229, 1, 4096, 0
7416, 5299, 1, 4096, 0
7416, 2652, 1, 4096, 0
7416, 2682, 1, 4096, 0
7416, 2530, 1, 4096, 0
7416, 1938, 1, 4096, 0
7416, 6430, 1, 4096, 0
7416, 2991, 1, 4096, 0
7416, 4380, 1, 4096, 0
7416, 302197, 1, 4096, 0
7417, 395612, 1, 4096, 0
7417, 419729, 1, 4096, 0
7418, 529737, 1, 4096, 0
7418, 5366, 1, 4096, 0
7418, 601153, 1, 4096, 0
7419, 205882, 1, 4096, 0
7419, 5805, 1, 4096, 0
7419, 597400, 1, 4096, 0
7419, 131232, 1, 4096, 0
7419, 18821, 1, 4096, 0
7422, 2102437, 1, 4096, 0
7422, 8114, 1, 4096, 0
7422, 2609, 1, 4096, 0
7422, 53062, 1, 4096, 0
7422, 3580, 1, 4096, 0
7423, 1222214, 1, 4096, 0
7424, 1038675, 1, 4096, 0
7426, 1682167, 1, 4096, 0
7426, 6323, 1, 4096, 0
7426, 3739, 1, 4096, 0
7426, 3393, 1, 4096, 0
7426, 4614, 1, 4096, 0
7426, 2551, 1, 4096, 0
7426, 629549, 1, 4096, 0
7426, 9679, 1, 4096, 0
7426, 3831, 1, 4096, 0
7426, 3170, 1, 4096, 0
7426, 4528, 1, 4096, 0
7427, 9076, 1, 4096, 0
7428, 744252, 1, 4096, 0
7428, 4709, 1, 4096, 0
7429, 1106540, 1, 4096, 0
7429, 473041, 1, 4096, 0
7430, 312860, 1, 4096, 0
7430, 3747, 1, 4096, 0
7430, 641763, 1, 4096, 0
7430, 7391, 1, 4096, 0
7430, 3475, 1, 4096, 0
7430, 3668, 1, 4096, 0
7430, 3507, 1, 4096, 0
7431, 102789, 1, 4096, 0
7431, 7385, 1, 4096, 0
7431, 605134, 1, 4096, 0
7434, 2479160, 1, 4096, 0
7434, 277429, 1, 4096, 0
7435, 717188, 1, 4096, 0
7435, 6919, 1, 4096, 0
7435, 3608, 1, 4096, 0
7437, 1993148, 1, 4096, 0
7437, 237152, 1, 4096, 0
7437, 7848, 1, 4096, 0
7437, 2668, 1, 4096, 0
7438, 1000934, 1, 4096, 0
7439, 962682, 1, 4096, 0
7439, 6848, 1, 4096, 0
7439, 4845, 1, 4096, 0
7439, 24314, 1, 4096, 0
7441, 2129783, 1, 4096, 0
7441, 197340, 1, 4096, 0
7441, 5552, 1, 4096, 0
7441, 2938, 1, 4096, 0
7442, 307341, 1, 4096, 0
7442, 169971, 1, 4096, 0
7442, 203114, 1, 4096, 0
7443, 1115563, 1, 4096, 0
7443, 11097, 1, 4096, 0
7443, 3168, 1, 4096, 0
7443, 283622, 1, 4096, 0
7444, 456604, 1, 4096, 0
7444, 554197, 1, 4096, 0
7444, 6320, 1, 4096, 0
7445, 110138, 1, 4096, 0
7445, 740268, 1, 4096, 0
7445, 13958, 1, 4096, 0
7445, 3240, 1, 4096, 0
7445, 4951, 1, 4096, 0
7445, 7431, 1, 4096, 0
7445, 4746, 1, 4096, 0
7445, 4088, 1, 4096, 0
7445, 3837, 1, 4096, 0
7447, 2027738, 1, 4096, 0
7447, 4570, 1, 4096, 0
7447, 4284, 1, 4096, 0
7448, 313741, 1, 4096, 0
7448, 55006, 1, 4096, 0
7448, 82765, 1, 4096, 0
7449, 689466, 1, 4096, 0
7449, 5828, 1, 4096, 0
7449, 412425, 1, 4096, 0
7449, 4907, 1, 4096, 0
7450, 741850, 1, 4096, 0
7451, 1227654, 1, 4096, 0
7451, 7094, 1, 4096, 0
7451, 3208, 1, 4096, 0
7451, 3360, 1, 4096, 0
7451, 2793, 1, 4096, 0
7451, 2049, 1, 4096, 0
7451, 2190, 1, 4096, 0
7451, 1967, 1, 4096, 0
7453, 2004663, 1, 4096, 0
7454, 829550, 1, 4096, 0
7454, 6437, 1, 4096, 0
7454, 3828, 1, 4096, 0
7454, 2921, 1, 4096, 0
7455, 986944, 1, 4096, 0
7455, 314568, 1, 4096, 0
7455, 196062, 1, 4096, 0
7455, 8430, 1, 4096, 0
7455, 4319, 1, 4096, 0
7455, 3469, 1, 4096, 0
7455, 3970, 1, 4096, 0
7455, 4927, 1, 4096, 0
7455, 3198, 1, 4096, 0
7455, 5720, 1, 4096, 0
7458, 2723170, 1, 4096, 0
7458, 6446, 1, 4096, 0
7458, 81575, 1, 4096, 0
7458, 8395, 1, 4096, 0
7458, 4687, 1, 4096, 0
7458, 2544, 1, 4096, 0
7458, 2537, 1, 4096, 0
7458, 8962, 1, 4096, 0
7458, 2534, 1, 4096, 0
7458, 3705, 1, 4096, 0
7461, 2358087, 1, 4096, 0
7461, 6760, 1, 4096, 0
7461, 41798, 1, 4096, 0
7461, 4168, 1, 4096, 0
7461, 2909, 1, 4096, 0
7461, 2735, 1, 4096, 0
7461, 3007, 1, 4096, 0
7461, 2808, 1, 4096, 0
7461, 2337, 1, 4096, 0
7461, 2085, 1, 4096, 0
7462, 720060, 1, 4096, 0
7462, 8942, 1, 4096, 0
7462, 4044, 1, 4096, 0
7462, 3360, 1, 4096, 0
7462, 3685, 1, 4096, 0
7462, 3174, 1, 4096, 0
7462, 251067, 1, 4096, 0
7462, 5596, 1, 4096, 0
7462, 3761, 1, 4096, 0
7462, 4526, 1, 4096, 0
7462, 4325, 1, 4096, 0
7462, 5065, 1, 4096, 0
7462, 3434, 1, 4096, 0
7462, 3803, 1, 4096, 0
7463, 6185, 1, 4096, 0
7464, 769663, 1, 4096, 0
7465, 478462, 1, 4096, 0
7465, 7696, 1, 4096, 0
7465, 3733, 1, 4096, 0
7465, 591326, 1, 4096, 0
7466, 414198, 1, 4096, 0
7466, 359575, 1, 4096, 0
7466, 163355, 1, 4096, 0
7466, 4973, 1, 4096, 0
7466, 3404, 1, 4096, 0
7466, 21794, 1, 4096, 0
7466, 3732, 1, 4096, 0
7467, 622653, 1, 4096, 0
7468, 1237001, 1, 4096, 0
7468, 142807, 1, 4096, 0
7469, 794820, 1, 4096, 0
7469, 6449, 1, 4096, 0
7469, 4264, 1, 4096, 0
7470, 801848, 1, 4096, 0
7470, 181763, 1, 4096, 0
7471, 876224, 1, 4096, 0
7472, 1214580, 1, 4096, 0
7472, 8206, 1, 4096, 0
7472, 7642, 1, 4096, 0
7472, 3460, 1, 4096, 0
7473, 660570, 1, 4096, 0
7473, 407080, 1, 4096, 0
7474, 183645, 1, 4096, 0
7474, 8634, 1, 4096, 0
7474, 4459, 1, 4096, 0
7474, 2991, 1, 4096, 0
7474, 3310, 1, 4096, 0
7474, 3590, 1, 4096, 0
7474, 3222, 1, 4096, 0
7474, 4500, 1, 4096, 0
7474, 631827, 1, 4096, 0
7474, 8622, 1, 4096, 0
7474, 3975, 1, 4096, 0
7474, 3559, 1, 4096, 0
7474, 3845, 1, 4096, 0
7474, 4304, 1, 4096, 0
7474, 2440, 1, 4096, 0
7474, 3201, 1, 4096, 0
7477, 2189535, 1, 4096, 0
7477, 866429, 1, 4096, 0
7478, 109628, 1, 4096, 0
7478, 237884, 1, 4096, 0
7478, 4950, 1, 4096, 0
7478, 96049, 1, 4096, 0
7478, 297967, 1, 4096, 0
7478, 184626, 1, 4096, 0
7479, 1089837, 1, 4096, 0
7479, 6833, 1, 4096, 0
7479, 3281, 1, 4096, 0
7481, 1041278, 1, 4096, 0
7481, 3345, 1, 4096, 0
7481, 3297, 1, 4096, 0
7481, 3390, 1, 4096, 0
7481, 2778, 1, 4096, 0
7481, 3538, 1, 4096, 0
7481, 3650, 1, 4096, 0
7481, 2699, 1, 4096, 0
7481, 470422, 1, 4096, 0
7481, 8267, 1, 4096, 0
7481, 4362, 1, 4096, 0
7481, 3263, 1, 4096, 0
7481, 3375, 1, 4096, 0
7481, 215667, 1, 4096, 0
7481, 6775, 1, 4096, 0
7481, 3469, 1, 4096, 0
7481, 3616, 1, 4096, 0
7481, 3050, 1, 4096, 0
7481, 3721, 1, 4096, 0
7481, 3567, 1, 4096, 0
7481, 4630, 1, 4096, 0
7483, 245416, 1, 4096, 0
7483, 6691, 1, 4096, 0
7483, 89939, 1, 4096, 0
7483, 94639, 1, 4096, 0
7483, 165269, 1, 4096, 0
7483, 27143, 1, 4096, 0
7484, 1051506, 1, 4096, 0
7485, 340180, 1, 4096, 0
7485, 471050, 1, 4096, 0
7485, 5866, 1, 4096, 0
7485, 2860, 1, 4096, 0
7485, 3297, 1, 4096, 0
7485, 3680, 1, 4096, 0
7485, 3629, 1, 4096, 0
7485, 3431, 1, 4096, 0
7485, 3876, 1, 4096, 0
7487, 2289507, 1, 4096, 0
7487, 6377, 1, 4096, 0
7487, 3492, 1, 4096, 0
7487, 2766, 1, 4096, 0
7487, 3280, 1, 4096, 0
7487, 3467, 1, 4096, 0
7489, 1043567, 1, 4096, 0
7489, 7972, 1, 4096, 0
7489, 4574, 1, 4096, 0
7489, 4036, 1, 4096, 0
7489, 4594, 1, 4096, 0
7489, 3275, 1, 4096, 0
7489, 3315, 1, 4096, 0
7489, 2981, 1, 4096, 0
7490, 1162958, 1, 4096, 0
7490, 8231, 1, 4096, 0
7491, 938899, 1, 4096, 0
7491, 135416, 1, 4096, 0
7491, 6354, 1, 4096, 0
7491, 3880, 1, 4096, 0
7491, 3819, 1, 4096, 0
7491, 5287, 1, 4096, 0
7491, 2783, 1, 4096, 0
7491, 3580, 1, 4096, 0
7493, 2424562, 1, 4096, 0
7494, 605542, 1, 4096, 0
7495, 837400, 1, 4096, 0
7495, 8509, 1, 4096, 0
7495, 111064, 1, 4096, 0
7495, 6254, 1, 4096, 0
7495, 3723, 1, 4096, 0
7495, 3005, 1, 4096, 0
7495, 2976, 1, 4096, 0
7495, 3516, 1, 4096, 0
7495, 2643, 1, 4096, 0
7497, 2269798, 1, 4096, 0
7497, 6565, 1, 4096, 0
7497, 5518, 1, 4096, 0
7497, 5368, 1, 4096, 0
7497, 3712, 1, 4096, 0
7497, 3227, 1, 4096, 0
7497, 4213, 1, 4096, 0
7497, 2914, 1, 4096, 0
7499, 1627981, 1, 4096, 0
7499, 7490, 1, 4096, 0
7499, 5785, 1, 4096, 0
7499, 6037, 1, 4096, 0
7499, 3941, 1, 4096, 0
7499, 4481, 1, 4096, 0
7499, 5336, 1, 4096, 0
7499, 3793, 1, 4096, 0
7500, 1019150, 1, 4096, 0
7500, 6308, 1, 4096, 0
7500, 3770, 1, 4096, 0
7500, 3264, 1, 4096, 0
7500, 3185, 1, 4096, 0
7500, 3577, 1, 4096, 0
7500, 2802, 1, 4096, 0
7500, 3497, 1, 4096, 0
7502, 2042245, 1, 4096, 0
7502, 5559, 1, 4096, 0
7503, 1159997, 1, 4096, 0
7503, 6609, 1, 4096, 0
7503, 3475, 1, 4096, 0
7503, 2952, 1, 4096, 0
7503, 4213, 1, 4096, 0
7503, 4047, 1, 4096, 0
7503, 8734, 1, 4096, 0
7503, 4084, 1, 4096, 0
7503, 28858, 1, 4096, 0
7503, 3306, 1, 4096, 0
7504, 377258, 1, 4096, 0
7504, 4018, 1, 4096, 0
7504, 3350, 1, 4096, 0
7504, 3015, 1, 4096, 0
7505, 1401355, 1, 4096, 0
7505, 6039, 1, 4096, 0
7506, 395165, 1, 4096, 0
7506, 6632, 1, 4096, 0
7506, 3746, 1, 4096, 0
7506, 4130, 1, 4096, 0
7506, 3121, 1, 4096, 0
7506, 3556, 1, 4096, 0
7506, 3695, 1, 4096, 0
7506, 5988, 1, 4096, 0
7508, 2151806, 1, 4096, 0
7508, 68366, 1, 4096, 0
7508, 119450, 1, 4096, 0
7508, 7042, 1, 4096, 0
7508, 2461, 1, 4096, 0
7508, 2296, 1, 4096, 0
7508, 3401, 1, 4096, 0
7508, 3786, 1, 4096, 0
7508, 2979, 1, 4096, 0
7508, 3053, 1, 4096, 0
7508, 372962, 1, 4096, 0
7509, 519955, 1, 4096, 0
7509, 7065, 1, 4096, 0
7509, 3384, 1, 4096, 0
7509, 3087, 1, 4096, 0
7509, 2684, 1, 4096, 0
7509, 2795, 1, 4096, 0
7509, 1900, 1, 4096, 0
7511, 2108661, 1, 4096, 0
7512, 630345, 1, 4096, 0
7512, 157622, 1, 4096, 0
7513, 965347, 1, 4096, 0
7513, 513314, 1, 4096, 0
7513, 8084, 1, 4096, 0
7514, 673013, 1, 4096, 0
7514, 7723, 1, 4096, 0
7514, 4754, 1, 4096, 0
7514, 3137, 1, 4096, 0
7515, 1044902, 1, 4096, 0
7515, 6683, 1, 4096, 0
7518, 3161052, 1, 4096, 0
7518, 7199, 1, 4096, 0
7518, 2846, 1, 4096, 0
7519, 837144, 1, 4096, 0
7519, 4662, 1, 4096, 0
7519, 175047, 1, 4096, 0
7520, 378212, 1, 4096, 0
7521, 1160246, 1, 4096, 0
7521, 7767, 1, 4096, 0
7522, 1191537, 1, 4096, 0
7522, 5664, 1, 4096, 0
7522, 3746, 1, 4096, 0
7522, 2842, 1, 4096, 0
7522, 3275, 1, 4096, 0
7522, 4353, 1, 4096, 0
7522, 3370, 1, 4096, 0
7522, 3376, 1, 4096, 0
7527, 4570135, 1, 4096, 0
7527, 524815, 1, 4096, 0
7527, 5464, 1, 4096, 0
7527, 4533, 1, 4096, 0
7528, 358426, 1, 4096, 0
7528, 6331, 1, 4096, 0
7528, 3816, 1, 4096, 0
7528, 94877, 1, 4096, 0
7530, 1916847, 1, 4096, 0
7530, 5403, 1, 4096, 0
7530, 3197, 1, 4096, 0
7530, 3375, 1, 4096, 0
7530, 2655, 1, 4096, 0
7530, 2980, 1, 4096, 0
7530, 2999, 1, 4096, 0
7530, 2666, 1, 4096, 0
7533, 2958785, 1, 4096, 0
7533, 7955, 1, 4096, 0
7533, 229249, 1, 4096, 0
7533, 483054, 1, 4096, 0
7535, 1302222, 1, 4096, 0
7535, 3786, 1, 4096, 0
7536, 1406838, 1, 4096, 0
7536, 6036, 1, 4096, 0
7537, 585697, 1, 4096, 0
7537, 5945, 1, 4096, 0
7537, 3348, 1, 4096, 0
7537, 3173, 1, 4096, 0
7537, 501065, 1, 4096, 0
7537, 4800, 1, 4096, 0
7539, 1562500, 1, 4096, 0
7540, 1453984, 1, 4096, 0
7540, 7354, 1, 4096, 0
7540, 3749, 1, 4096, 0
7540, 3684, 1, 4096, 0
7541, 884189, 1, 4096, 0
7541, 9938, 1, 4096, 0
7541, 251493, 1, 4096, 0
7541, 9306, 1, 4096, 0
7541, 4094, 1, 4096, 0
7541, 3190, 1, 4096, 0
7541, 4291, 1, 4096, 0
7541, 5553, 1, 4096, 0
7541, 3347, 1, 4096, 0
7542, 3146, 1, 4096, 0
7546, 4016311, 1, 4096, 0
7546, 10580, 1, 4096, 0
7546, 4775, 1, 4096, 0
7546, 113857, 1, 4096, 0
7546, 272677, 1, 4096, 0
7546, 4806, 1, 4096, 0
7546, 3191, 1, 4096, 0
7546, 197787, 1, 4096, 0
7546, 8625, 1, 4096, 0
7546, 5387, 1, 4096, 0
7546, 3175, 1, 4096, 0
7546, 3477, 1, 4096, 0
7546, 5117, 1, 4096, 0
7546, 4479, 1, 4096, 0
7548, 1840141, 1, 4096, 0
7549, 701192, 1, 4096, 0
7549, 412376, 1, 4096, 0
7549, 7035, 1, 4096, 0
7550, 420036, 1, 4096, 0
7550, 198793, 1, 4096, 0
7550, 82279, 1, 4096, 0
7550, 7313, 1, 4096, 0
7550, 3994, 1, 4096, 0
7550, 3493, 1, 4096, 0
7550, 4773, 1, 4096, 0
7550, 5008, 1, 4096, 0
7550, 3283, 1, 4096, 0
7550, 3914, 1, 4096, 0
7551, 1321211, 1, 4096, 0
7551, 5470, 1, 4096, 0
7551, 2859, 1, 4096, 0
7551, 2974, 1, 4096, 0
7551, 183715, 1, 4096, 0
7551, 4462, 1, 4096, 0
7551, 3650, 1, 4096, 0
7552, 7844, 1, 4096, 0
7552, 508982, 1, 4096, 0
7553, 918237, 1, 4096, 0
7553, 5491, 1, 4096, 0
7553, 2484, 1, 4096, 0
7553, 3069, 1, 4096, 0
7555, 1638360, 1, 4096, 0
7555, 7579, 1, 4096, 0
7555, 3827, 1, 4096, 0
7556, 1198072, 1, 4096, 0
7556, 4487, 1, 4096, 0
7557, 1122728, 1, 4096, 0
7558, 525811, 1, 4096, 0
7558, 4127, 1, 4096, 0
7558, 3602, 1, 4096, 0
7558, 425147, 1, 4096, 0
7558, 2966, 1, 4096, 0
7559, 635058, 1, 4096, 0
7559, 3653, 1, 4096, 0
7559, 336166, 1, 4096, 0
7560, 560167, 1, 4096, 0
7560, 514306, 1, 4096, 0
7561, 670309, 1, 4096, 0
7561, 6878, 1, 4096, 0
7561, 245552, 1, 4096, 0
7562, 800256, 1, 4096, 0
7562, 4929, 1, 4096, 0
7562, 3144, 1, 4096, 0
7562, 302080, 1, 4096, 0
7562, 26979, 1, 4096, 0
7563, 230601, 1, 4096, 0
7563, 7563, 1, 4096, 0
7563, 3907, 1, 4096, 0
7563, 4835, 1, 4096, 0
7563, 4411, 1, 4096, 0
7563, 3440, 1, 4096, 0
7563, 5301, 1, 4096, 0
7563, 3483, 1, 4096, 0
7564, 944539, 1, 4096, 0
7564, 4138, 1, 4096, 0
7564, 2608, 1, 4096, 0
7564, 1992, 1, 4096, 0
7564, 2959, 1, 4096, 0
7564, 4358, 1, 4096, 0
7564, 2440, 1, 4096, 0
7564, 3644, 1, 4096, 0
7565, 1300431, 1, 4096, 0
7565, 4576, 1, 4096, 0
7565, 3811, 1, 4096, 0
7566, 341758, 1, 4096, 0
7566, 4024, 1, 4096, 0
7566, 467978, 1, 4096, 0
7567, 581119, 1, 4096, 0
7567, 88949, 1, 4096, 0
7567, 7602, 1, 4096, 0
7567, 3501, 1, 4096, 0
7567, 3489, 1, 4096, 0
7567, 3844, 1, 4096, 0
7567, 4331, 1, 4096, 0
7567, 259514, 1, 4096, 0
7567, 7109, 1, 4096, 0
7567, 54758, 1, 4096, 0
7567, 7876, 1, 4096, 0
7567, 3227, 1, 4096, 0
7567, 5973, 1, 4096, 0
7567, 3995, 1, 4096, 0
7567, 4144, 1, 4096, 0
7569, 1172584, 1, 4096, 0
7569, 5209, 1, 4096, 0
7569, 386802, 1, 4096, 0
7569, 5947, 1, 4096, 0
7569, 2386, 1, 4096, 0
7569, 2373, 1, 4096, 0
7570, 7346, 1, 4096, 0
7570, 6192, 1, 4096, 0
7570, 5433, 1, 4096, 0
7572, 1701802, 1, 4096, 0
7572, 289659, 1, 4096, 0
7572, 459003, 1, 4096, 0
7572, 16602, 1, 4096, 0
7572, 3197, 1, 4096, 0
7572, 3382, 1, 4096, 0
7572, 3004, 1, 4096, 0
7572, 3363, 1, 4096, 0
7572, 5276, 1, 4096, 0
7572, 3285, 1, 4096, 0
7575, 2632446, 1, 4096, 0
7575, 388436, 1, 4096, 0
7576, 268289, 1, 4096, 0
7576, 6916, 1, 4096, 0
7576, 3434, 1, 4096, 0
7576, 2937, 1, 4096, 0
7576, 3037, 1, 4096, 0
7576, 3116, 1, 4096, 0
7576, 2772, 1, 4096, 0
7576, 2886, 1, 4096, 0
7578, 1881583, 1, 4096, 0
7578, 303876, 1, 4096, 0
7578, 39759, 1, 4096, 0
7580, 1762439, 1, 4096, 0
7580, 10053, 1, 4096, 0
7580, 3530, 1, 4096, 0
7580, 4564, 1, 4096, 0
7580, 4035, 1, 4096, 0
7580, 3362, 1, 4096, 0
7580, 3826, 1, 4096, 0
7581, 843036, 1, 4096, 0
7582, 1546149, 1, 4096, 0
7583, 873988, 1, 4096, 0
7583, 5784, 1, 4096, 0
7583, 269528, 1, 4096, 0
7583, 4604, 1, 4096, 0
7584, 1015650, 1, 4096, 0
7584, 7172, 1, 4096, 0
7584, 3898, 1, 4096, 0
7584, 3171, 1, 4096, 0
7584, 3279, 1, 4096, 0
7584, 3644, 1, 4096, 0
7584, 3631, 1, 4096, 0
7584, 2775, 1, 4096, 0
7585, 94653, 1, 4096, 0
7586, 1037093, 1, 4096, 0
7586, 6907, 1, 4096, 0
7586, 144667, 1, 4096, 0
7586, 6389, 1, 4096, 0
7586, 347277, 1, 4096, 0
7586, 4561, 1, 4096, 0
7588, 1435244, 1, 4096, 0
7588, 598747, 1, 4096, 0
7588, 8453, 1, 4096, 0
7589, 556495, 1, 4096, 0
7589, 8288, 1, 4096, 0
7589, 593722, 1, 4096, 0
7590, 1056895, 1, 4096, 0
7590, 6288, 1, 4096, 0
7591, 1014696, 1, 4096, 0
7591, 7440, 1, 4096, 0
7592, 450795, 1, 4096, 0
7592, 5824, 1, 4096, 0
7593, 625816, 1, 4096, 0
7594, 1622432, 1, 4096, 0
7594, 161481, 1, 4096, 0
7594, 8231, 1, 4096, 0
7594, 3616, 1, 4096, 0
7594, 4915, 1, 4096, 0
7594, 6032, 1, 4096, 0
7594, 3659, 1, 4096, 0
7594, 2410, 1, 4096, 0
7594, 4296, 1, 4096, 0
7595, 754637, 1, 4096, 0
7595, 6355, 1, 4096, 0
7595, 3467, 1, 4096, 0
7595, 3486, 1, 4096, 0
7595, 3921, 1, 4096, 0
7597, 2278798, 1, 4096, 0
7597, 8016, 1, 4096, 0
7598, 126668, 1, 4096, 0
7598, 6116, 1, 4096, 0
7598, 222397, 1, 4096, 0
7598, 126410, 1, 4096, 0
7599, 1452972, 1, 4096, 0
7599, 9217, 1, 4096, 0
7600, 113318, 1, 4096, 0
7600, 356590, 1, 4096, 0
7600, 251999, 1, 4096, 0
7600, 5199, 1, 4096, 0
7602, 1449165, 1, 4096, 0
7602, 7280, 1, 4096, 0
7602, 4553, 1, 4096, 0
7602, 3646, 1, 4096, 0
7602, 798586, 1, 4096, 0
7603, 357576, 1, 4096, 0
7604, 666290, 1, 4096, 0
7604, 10614, 1, 4096, 0
7604, 3306, 1, 4096, 0
7604, 3940, 1, 4096, 0
7604, 3259, 1, 4096, 0
7604, 3215, 1, 4096, 0
7604, 3194, 1, 4096, 0
7604, 3717, 1, 4096, 0
7605, 1730896, 1, 4096, 0
7605, 5117, 1, 4096, 0
7605, 3755, 1, 4096, 0
7605, 3367, 1, 4096, 0
7605, 5677, 1, 4096, 0
7605, 4083, 1, 4096, 0
7605, 3177, 1, 4096, 0
7605, 3553, 1, 4096, 0
7608, 2487345, 1, 4096, 0
7609, 726546, 1, 4096, 0
7609, 3118, 1, 4096, 0
7610, 962598, 1, 4096, 0
7610, 6947, 1, 4096, 0
7610, 884178, 1, 4096, 0
7610, 5367, 1, 4096, 0
7611, 218328, 1, 4096, 0
7612, 1277960, 1, 4096, 0
7612, 86739, 1, 4096, 0
7612, 8594, 1, 4096, 0
7612, 5379, 1, 4096, 0
7612, 5731, 1, 4096, 0
7612, 4388, 1, 4096, 0
7612, 3181, 1, 4096, 0
7612, 4011, 1, 4096, 0
7612, 3613, 1, 4096, 0
7613, 1361667, 1, 4096, 0
7613, 4789, 1, 4096, 0
7613, 2299, 1, 4096, 0
7614, 3767, 1, 4096, 0
7614, 2467, 1, 4096, 0
7614, 3315, 1, 4096, 0
7615, 1627846, 1, 4096, 0
7617, 1471690, 1, 4096, 0
7617, 297519, 1, 4096, 0
7619, 1808537, 1, 4096, 0
7619, 6537, 1, 4096, 0
7619, 3037, 1, 4096, 0
7619, 4284, 1, 4096, 0
7619, 3748, 1, 4096, 0
7619, 2756, 1, 4096, 0
7619, 5067, 1, 4096, 0
7619, 4103, 1, 4096, 0
7619, 414880, 1, 4096, 0
7619, 7036, 1, 4096, 0
7619, 3687, 1, 4096, 0
7619, 4481, 1, 4096, 0
7619, 2989, 1, 4096, 0
7619, 2854, 1, 4096, 0
7619, 3923, 1, 4096, 0
7619, 2687, 1, 4096, 0
7620, 1234686, 1, 4096, 0
7621, 7466, 1, 4096, 0
7622, 820557, 1, 4096, 0
7622, 5797, 1, 4096, 0
7622, 5092, 1, 4096, 0
7622, 3553, 1, 4096, 0
7622, 191061, 1, 4096, 0
7624, 1800720, 1, 4096, 0
7624, 8166, 1, 4096, 0
7625, 890516, 1, 4096, 0
7625, 176542, 1, 4096, 0
7626, 914838, 1, 4096, 0
7626, 11301, 1, 4096, 0
7626, 4641, 1, 4096, 0
7626, 4624, 1, 4096, 0
7626, 3596, 1, 4096, 0
7626, 4338, 1, 4096, 0
7626, 4554, 1, 4096, 0
7626, 3605, 1, 4096, 0
7627, 1656768, 1, 4096, 0
7627, 8914, 1, 4096, 0
7627, 3346, 1, 4096, 0
7627, 3250, 1, 4096, 0
7627, 2809, 1, 4096, 0
7627, 2577, 1, 4096, 0
7627, 3564, 1, 4096, 0
7627, 3055, 1, 4096, 0
7629, 1398248, 1, 4096, 0
7629, 7782, 1, 4096, 0
7629, 4666, 1, 4096, 0
7629, 3712, 1, 4096, 0
7629, 4069, 1, 4096, 0
7629, 3964, 1, 4096, 0
7629, 2957, 1, 4096, 0
7629, 3943, 1, 4096, 0
7631, 2165683, 1, 4096, 0
7631, 5837, 1, 4096, 0
7631, 2551, 1, 4096, 0
7631, 3013, 1, 4096, 0
7631, 3060, 1, 4096, 0
7632, 808923, 1, 4096, 0
7632, 10314, 1, 4096, 0
7632, 3748, 1, 4096, 0
7632, 3076, 1, 4096, 0
7632, 330366, 1, 4096, 0
7632, 6489, 1, 4096, 0
7633, 942772, 1, 4096, 0
7634, 699681, 1, 4096, 0
7634, 373324, 1, 4096, 0
7634, 7262, 1, 4096, 0
7634, 4159, 1, 4096, 0
7635, 397306, 1, 4096, 0
7635, 6925, 1, 4096, 0
7636, 1258608, 1, 4096, 0
7637, 921804, 1, 4096, 0
7637, 533153, 1, 4096, 0
7637, 12489, 1, 4096, 0
7637, 3748, 1, 4096, 0
7637, 2650, 1, 4096, 0
7637, 2589, 1, 4096, 0
7637, 3945, 1, 4096, 0
7637, 2416, 1, 4096, 0
7637, 3263, 1, 4096, 0
7638, 263054, 1, 4096, 0
7638, 5875, 1, 4096, 0
7638, 2008, 1, 4096, 0
7638, 4695, 1, 4096, 0
7638, 3455, 1, 4096, 0
7638, 582250, 1, 4096, 0
7639, 221633, 1, 4096, 0
7641, 2274864, 1, 4096, 0
7641, 318792, 1, 4096, 0
7641, 6644, 1, 4096, 0
7641, 2730, 1, 4096, 0
7641, 2588, 1, 4096, 0
7641, 3272, 1, 4096, 0
7641, 3346, 1, 4096, 0
7641, 2652, 1, 4096, 0
7641, 2962, 1, 4096, 0
7643, 1336528, 1, 4096, 0
7643, 10220, 1, 4096, 0
7643, 4819, 1, 4096, 0
7643, 3329, 1, 4096, 0
7643, 58077, 1, 4096, 0
7643, 313619, 1, 4096, 0
7643, 7882, 1, 4096, 0
7643, 3803, 1, 4096, 0
7643, 3125, 1, 4096, 0
7643, 2477, 1, 4096, 0
7643, 3909, 1, 4096, 0
7643, 3209, 1, 4096, 0
7643, 4014, 1, 4096, 0
7643, 10108, 1, 4096, 0
7644, 7747, 1, 4096, 0
7644, 10996, 1, 4096, 0
7645, 833758, 1, 4096, 0
7646, 935169, 1, 4096, 0
7646, 133731, 1, 4096, 0
7646, 213572, 1, 4096, 0
7646, 334631, 1, 4096, 0
7647, 455584, 1, 4096, 0
7647, 84188, 1, 4096, 0
7647, 7623, 1, 4096, 0
7647, 3600, 1, 4096, 0
7647, 4877, 1, 4096, 0
7647, 492305, 1, 4096, 0
7647, 7910, 1, 4096, 0
7648, 923965, 1, 4096, 0
7648, 6969, 1, 4096, 0
7651, 2174104, 1, 4096, 0
7651, 5958, 1, 4096, 0
7651, 4357, 1, 4096, 0
7651, 76265, 1, 4096, 0
7651, 3629, 1, 4096, 0
7651, 241237, 1, 4096, 0
7651, 233241, 1, 4096, 0
7653, 1694160, 1, 4096, 0
7653, 6867, 1, 4096, 0
7653, 458050, 1, 4096, 0
7653, 4934, 1, 4096, 0
7653, 9568, 1, 4096, 0
7653, 105561, 1, 4096, 0
7655, 1090035, 1, 4096, 0
7655, 4819, 1, 4096, 0
7655, 3189, 1, 4096, 0
7655, 3883, 1, 4096, 0
7655, 3731, 1, 4096, 0
7655, 3334, 1, 4096, 0
7655, 3023, 1, 4096, 0
7655, 2984, 1, 4096, 0
7657, 2806865, 1, 4096, 0
7657, 14833, 1, 4096, 0
7657, 3277, 1, 4096, 0
7657, 3273, 1, 4096, 0
7657, 3092, 1, 4096, 0
7657, 3037, 1, 4096, 0
7657, 2953, 1, 4096, 0
7657, 2773, 1, 4096, 0
7658, 389503, 1, 4096, 0
7658, 6574, 1, 4096, 0
7658, 3490, 1, 4096, 0
7658, 3682, 1, 4096, 0
7658, 3826, 1, 4096, 0
7658, 4515, 1, 4096, 0
7658, 3684, 1, 4096, 0
7658, 289866, 1, 4096, 0
7658, 7641, 1, 4096, 0
7658, 3123, 1, 4096, 0
7658, 2925, 1, 4096, 0
7658, 105850, 1, 4096, 0
7659, 76996, 1, 4096, 0
7659, 8333, 1, 4096, 0
7659, 2980, 1, 4096, 0
7661, 572911, 1, 4096, 0
7661, 8176, 1, 4096, 0
7662, 1142259, 1, 4096, 0
7662, 9524, 1, 4096, 0
7662, 460433, 1, 4096, 0
7662, 237107, 1, 4096, 0
7662, 6480, 1, 4096, 0
7662, 3261, 1, 4096, 0
7662, 4512, 1, 4096, 0
7662, 3644, 1, 4096, 0
7662, 2452, 1, 4096, 0
7662, 1812, 1, 4096, 0
7663, 438528, 1, 4096, 0
7663, 4596, 1, 4096, 0
7663, 3754, 1, 4096, 0
7663, 3323, 1, 4096, 0
7663, 3127, 1, 4096, 0
7663, 3392, 1, 4096, 0
7663, 4587, 1, 4096, 0
7665, 1889890, 1, 4096, 0
7665, 7190, 1, 4096, 0
7665, 443819, 1, 4096, 0
7665, 4764, 1, 4096, 0
7665, 88521, 1, 4096, 0
7666, 1025911, 1, 4096, 0
7666, 5134, 1, 4096, 0
7667, 444312, 1, 4096, 0
7667, 491937, 1, 4096, 0
7668, 299770, 1, 4096, 0
7668, 5387, 1, 4096, 0
7668, 4165, 1, 4096, 0
7668, 4928, 1, 4096, 0
7668, 3389, 1, 4096, 0
7668, 3163, 1, 4096, 0
7668, 3357, 1, 4096, 0
7668, 3037, 1, 4096, 0
7669, 991942, 1, 4096, 0
7669, 5133, 1, 4096, 0
7669, 2688, 1, 4096, 0
7669, 2801, 1, 4096, 0
7669, 1859, 1, 4096, 0
7669, 2357, 1, 4096, 0
7669, 2653, 1, 4096, 0
7669, 2650, 1, 4096, 0
7670, 1359481, 1, 4096, 0
7670, 5748, 1, 4096, 0
7670, 2228, 1, 4096, 0
7670, 3062, 1, 4096, 0
7670, 3173, 1, 4096, 0
7671, 15290, 1, 4096, 0
7671, 5435, 1, 4096, 0
7672, 782010, 1, 4096, 0
7672, 6406, 1, 4096, 0
7672, 3390, 1, 4096, 0
7672, 4261, 1, 4096, 0
7672, 370557, 1, 4096, 0
7672, 171629, 1, 4096, 0
7673, 838655, 1, 4096, 0
7673, 87057, 1, 4096, 0
7673, 5865, 1, 4096, 0
7673, 2180, 1, 4096, 0
7673, 2398, 1, 4096, 0
7673, 1897, 1, 4096, 0
7673, 4094, 1, 4096, 0
7674, 516197, 1, 4096, 0
7674, 5097, 1, 4096, 0
7674, 449855, 1, 4096, 0
7675, 601792, 1, 4096, 0
7675, 171342, 1, 4096, 0
7675, 7063, 1, 4096, 0
7675, 3716, 1, 4096, 0
7675, 5870, 1, 4096, 0
7676, 587440, 1, 4096, 0
7676, 7300, 1, 4096, 0
7676, 164908, 1, 4096, 0
7676, 5568, 1, 4096, 0
7676, 3448, 1, 4096, 0
7676, 513813, 1, 4096, 0
7678, 1295743, 1, 4096, 0
7678, 381047, 1, 4096, 0
7678, 6682, 1, 4096, 0
7678, 3196, 1, 4096, 0
7678, 3131, 1, 4096, 0
7678, 2204, 1, 4096, 0
7678, 146940, 1, 4096, 0
7678, 7411, 1, 4096, 0
7678, 4193, 1, 4096, 0
7678, 3012, 1, 4096, 0
7678, 2879, 1, 4096, 0
7678, 2061, 1, 4096, 0
7679, 683274, 1, 4096, 0
7679, 5291, 1, 4096, 0
7679, 56029, 1, 4096, 0
7679, 80394, 1, 4096, 0
7679, 410906, 1, 4096, 0
7679, 7000, 1, 4096, 0
7681, 1324887, 1, 4096, 0
7681, 5735, 1, 4096, 0
7681, 3567, 1, 4096, 0
7681, 3293, 1, 4096, 0
7681, 2379, 1, 4096, 0
7681, 675887, 1, 4096, 0
7681, 7671, 1, 4096, 0
7682, 535230, 1, 4096, 0
7682, 201695, 1, 4096, 0
7682, 6838, 1, 4096, 0
7683, 514870, 1, 4096, 0
7683, 8264, 1, 4096, 0
7683, 3878, 1, 4096, 0
7683, 3124, 1, 4096, 0
7683, 2989, 1, 4096, 0
7683, 4480, 1, 4096, 0
7683, 3332, 1, 4096, 0
7683, 77815, 1, 4096, 0
7685, 2367883, 1, 4096, 0
7685, 7909, 1, 4096, 0
7685, 5093, 1, 4096, 0
7685, 126409, 1, 4096, 0
7685, 9359, 1, 4096, 0
7685, 3881, 1, 4096, 0
7685, 3926, 1, 4096, 0
7685, 3189, 1, 4096, 0
7685, 59982, 1, 4096, 0
7686, 48377, 1, 4096, 0
7686, 8702, 1, 4096, 0
7686, 151547, 1, 4096, 0
7687, 793048, 1, 4096, 0
7687, 5868, 1, 4096, 0
7688, 1094771, 1, 4096, 0
7688, 6899, 1, 4096, 0
7688, 3812, 1, 4096, 0
7689, 251701, 1, 4096, 0
7689, 10837, 1, 4096, 0
7689, 2899, 1, 4096, 0
7689, 2836, 1, 4096, 0
7689, 3774, 1, 4096, 0
7689, 4001, 1, 4096, 0
7689, 52100, 1, 4096, 0
7689, 201197, 1, 4096, 0
7689, 5274, 1, 4096, 0
7689, 3167, 1, 4096, 0
7689, 3489, 1, 4096, 0
7689, 2938, 1, 4096, 0
7690, 1248129, 1, 4096, 0
7690, 4528, 1, 4096, 0
7691, 359365, 1, 4096, 0
7691, 229376, 1, 4096, 0
7691, 8016, 1, 4096, 0
7691, 435133, 1, 4096, 0
7691, 5575, 1, 4096, 0
7691, 2762, 1, 4096, 0
7691, 3582, 1, 4096, 0
7691, 4177, 1, 4096, 0
7692, 396117, 1, 4096, 0
7692, 7793, 1, 4096, 0
7692, 4090, 1, 4096, 0
7692, 171127, 1, 4096, 0
7692, 176967, 1, 4096, 0
7692, 4631, 1, 4096, 0
7692, 9375, 1, 4096, 0
7693, 301072, 1, 4096, 0
7693, 415646, 1, 4096, 0
7693, 4567, 1, 4096, 0
7693, 331786, 1, 4096, 0
7693, 5811, 1, 4096, 0
7694, 326061, 1, 4096, 0
7694, 7171, 1, 4096, 0
7694, 159158, 1, 4096, 0
7695, 452115, 1, 4096, 0
7696, 1227339, 1, 4096, 0
7696, 348109, 1, 4096, 0
7696, 7027, 1, 4096, 0
7697, 472433, 1, 4096, 0
7697, 8267, 1, 4096, 0
7698, 1045890, 1, 4096, 0
7698, 424670, 1, 4096, 0
7699, 366285, 1, 4096, 0
7699, 7711, 1, 4096, 0
7699, 3394, 1, 4096, 0
7699, 3448, 1, 4096, 0
7699, 2934, 1, 4096, 0
7699, 3068, 1, 4096, 0
7699, 3752, 1, 4096, 0
7699, 495433, 1, 4096, 0
7699, 8036, 1, 4096, 0
7699, 7571, 1, 4096, 0
7700, 541715, 1, 4096, 0
7700, 5676, 1, 4096, 0
7701, 828516, 1, 4096, 0
7701, 9321, 1, 4096, 0
7701, 349829, 1, 4096, 0
7702, 989033, 1, 4096, 0
7702, 161366, 1, 4096, 0
7702, 354875, 1, 4096, 0
7703, 220619, 1, 4096, 0
7703, 671914, 1, 4096, 0
7703, 10072, 1, 4096, 0
7703, 4104, 1, 4096, 0
7703, 3002, 1, 4096, 0
7703, 3074, 1, 4096, 0
7703, 3368, 1, 4096, 0
7703, 3781, 1, 4096, 0
7703, 2992, 1, 4096, 0
7704, 612302, 1, 4096, 0
7704, 5769, 1, 4096, 0
7704, 3196, 1, 4096, 0
7704, 3741, 1, 4096, 0
7704, 3323, 1, 4096, 0
7704, 2948, 1, 4096, 0
7704, 4376, 1, 4096, 0
7704, 25820, 1, 4096, 0
7708, 3900832, 1, 4096, 0
7709, 547238, 1, 4096, 0
7709, 4614, 1, 4096, 0
7709, 236807, 1, 4096, 0
7709, 4359, 1, 4096, 0
7709, 537824, 1, 4096, 0
7709, 4535, 1, 4096, 0
7710, 229734, 1, 4096, 0
7710, 6415, 1, 4096, 0
7710, 2880, 1, 4096, 0
7710, 3165, 1, 4096, 0
7710, 2713, 1, 4096, 0
7710, 3682, 1, 4096, 0
7710, 3560, 1, 4096, 0
7711, 1098928, 1, 4096, 0
7712, 755330, 1, 4096, 0
7712, 550328, 1, 4096, 0
7712, 129478, 1, 4096, 0
7712, 4992, 1, 4096, 0
7712, 4231, 1, 4096, 0
7712, 4135, 1, 4096, 0
7712, 4065, 1, 4096, 0
7712, 3670, 1, 4096, 0
7712, 3217, 1, 4096, 0
7712, 3457, 1, 4096, 0
7712, 203163, 1, 4096, 0
7712, 4890, 1, 4096, 0
7712, 3145, 1, 4096, 0
7712, 3102, 1, 4096, 0
7712, 2872, 1, 4096, 0
7712, 3684, 1, 4096, 0
7713, 6425, 1, 4096, 0
7714, 988551, 1, 4096, 0
7714, 6475, 1, 4096, 0
7714, 124058, 1, 4096, 0
7714, 4542, 1, 4096, 0
7714, 3816, 1, 4096, 0
7714, 2992, 1, 4096, 0
7714, 3567, 1, 4096, 0
7716, 753954, 1, 4096, 0
7716, 7662, 1, 4096, 0
7716, 424882, 1, 4096, 0
7716, 7413, 1, 4096, 0
7717, 170234, 1, 4096, 0
7717, 4812, 1, 4096, 0
7717, 336484, 1, 4096, 0
7718, 866139, 1, 4096, 0
7719, 1104819, 1, 4096, 0
7719, 550668, 1, 4096, 0
7719, 7385, 1, 4096, 0
7720, 320988, 1, 4096, 0
7720, 5070, 1, 4096, 0
7720, 4058, 1, 4096, 0
7721, 1018060, 1, 4096, 0
7721, 209231, 1, 4096, 0
7721, 4971, 1, 4096, 0
7721, 2547, 1, 4096, 0
7721, 2070, 1, 4096, 0
7721, 2380, 1, 4096, 0
7721, 2394, 1, 4096, 0
7721, 1800, 1, 4096, 0
7721, 2220, 1, 4096, 0
7722, 752846, 1, 4096, 0
7722, 5604, 1, 4096, 0
7722, 5143, 1, 4096, 0
7722, 3997, 1, 4096, 0
7722, 2953, 1, 4096, 0
7722, 3222, 1, 4096, 0
7722, 4279, 1, 4096, 0
7722, 3734, 1, 4096, 0
7723, 743943, 1, 4096, 0
7723, 5658, 1, 4096, 0
7723, 5406, 1, 4096, 0
7724, 6681, 1, 4096, 0
7724, 3301, 1, 4096, 0
7724, 3559, 1, 4096, 0
7725, 1250285, 1, 4096, 0
7725, 6022, 1, 4096, 0
7725, 2380, 1, 4096, 0
7725, 2460, 1, 4096, 0
7726, 401884, 1, 4096, 0
7726, 6134, 1, 4096, 0
7726, 3824, 1, 4096, 0
7726, 309764, 1, 4096, 0
7726, 4681, 1, 4096, 0
7726, 2600, 1, 4096, 0
7726, 2064, 1, 4096, 0
7726, 2127, 1, 4096, 0
7726, 2326, 1, 4096, 0
7726, 2168, 1, 4096, 0
7726, 1865, 1, 4096, 0
7728, 2081391, 1, 4096, 0
7728, 323821, 1, 4096, 0
7729, 628989, 1, 4096, 0
7729, 3766, 1, 4096, 0
7730, 416693, 1, 4096, 0
7731, 1594992, 1, 4096, 0
7731, 5392, 1, 4096, 0
7731, 3360, 1, 4096, 0
7731, 116795, 1, 4096, 0
7731, 8229, 1, 4096, 0
7731, 1786, 1, 4096, 0
7731, 1991, 1, 4096, 0
7731, 2404, 1, 4096, 0
7731, 3112, 1, 4096, 0
7731, 2537, 1, 4096, 0
7731, 3827, 1, 4096, 0
7733, 1785343, 1, 4096, 0
7733, 5314, 1, 4096, 0
7734, 835358, 1, 4096, 0
7734, 5301, 1, 4096, 0
7734, 3869, 1, 4096, 0
7734, 2825, 1, 4096, 0
7734, 3075, 1, 4096, 0
7734, 3904, 1, 4096, 0
7734, 229713, 1, 4096, 0
7734, 125084, 1, 4096, 0
7737, 2308988, 1, 4096, 0
7737, 12930, 1, 4096, 0
7737, 3668, 1, 4096, 0
7737, 3148, 1, 4096, 0
7737, 2849, 1, 4096, 0
7737, 3523, 1, 4096, 0
7737, 3475, 1, 4096, 0
7737, 3431, 1, 4096, 0
7739, 2278547, 1, 4096, 0
7739, 219809, 1, 4096, 0
7739, 18135, 1, 4096, 0
7739, 7649, 1, 4096, 0
7739, 4183, 1, 4096, 0
7739, 2954, 1, 4096, 0
7739, 3110, 1, 4096, 0
7739, 3709, 1, 4096, 0
7739, 3349, 1, 4096, 0
7740, 266436, 1, 4096, 0
7740, 88027, 1, 4096, 0
7740, 8136, 1, 4096, 0
7740, 2720, 1, 4096, 0
7740, 2991, 1, 4096, 0
7740, 2512, 1, 4096, 0
7740, 2810, 1, 4096, 0
7740, 3129, 1, 4096, 0
7740, 2671, 1, 4096, 0
7740, 373261, 1, 4096, 0
7740, 5774, 1, 4096, 0
7740, 7068, 1, 4096, 0
7740, 2617, 1, 4096, 0
7740, 2368, 1, 4096, 0
7742, 191764, 1, 4096, 0
7742, 333931, 1, 4096, 0
7743, 520992, 1, 4096, 0
7743, 4599, 1, 4096, 0
7743, 630161, 1, 4096, 0
7743, 7093, 1, 4096, 0
7743, 2152, 1, 4096, 0
7743, 2615, 1, 4096, 0
7744, 323579, 1, 4096, 0
7744, 6001, 1, 4096, 0
7744, 3311, 1, 4096, 0
7744, 173146, 1, 4096, 0
7744, 468077, 1, 4096, 0
7744, 9772, 1, 4096, 0
7744, 3095, 1, 4096, 0
7746, 1473885, 1, 4096, 0
7747, 1035793, 1, 4096, 0
7747, 381868, 1, 4096, 0
7748, 215285, 1, 4096, 0
7748, 383679, 1, 4096, 0
7749, 911272, 1, 4096, 0
7749, 6153, 1, 4096, 0
7749, 4133, 1, 4096, 0
7749, 3726, 1, 4096, 0
7749, 3668, 1, 4096, 0
7749, 3636, 1, 4096, 0
7749, 2880, 1, 4096, 0
7749, 3700, 1, 4096, 0
7750, 1072439, 1, 4096, 0
7750, 5943, 1, 4096, 0
7750, 3293, 1, 4096, 0
7750, 3013, 1, 4096, 0
7750, 3329, 1, 4096, 0
7750, 3022, 1, 4096, 0
7750, 2898, 1, 4096, 0
7750, 2560, 1, 4096, 0
7752, 2173451, 1, 4096, 0
7754, 1437702, 1, 4096, 0
7754, 9749, 1, 4096, 0
7754, 381733, 1, 4096, 0
7754, 477356, 1, 4096, 0
7754, 6561, 1, 4096, 0
7755, 3677, 1, 4096, 0
7755, 322185, 1, 4096, 0
7755, 163899, 1, 4096, 0
7757, 1672516, 1, 4096, 0
7757, 6538, 1, 4096, 0
7757, 190736, 1, 4096, 0
7757, 4317, 1, 4096, 0
7757, 188027, 1, 4096, 0
7759, 1633721, 1, 4096, 0
7759, 6563, 1, 4096, 0
7759, 3229, 1, 4096, 0
7759, 352616, 1, 4096, 0
7760, 767798, 1, 4096, 0
7760, 5407, 1, 4096, 0
7760, 393511, 1, 4096, 0
7761, 693592, 1, 4096, 0
7762, 540520, 1, 4096, 0
7762, 6892, 1, 4096, 0
7762, 2603, 1, 4096, 0
7762, 140141, 1, 4096, 0
7762, 337820, 1, 4096, 0
7762, 81339, 1, 4096, 0
7762, 5604, 1, 4096, 0
7762, 4956, 1, 4096, 0
7762, 4285, 1, 4096, 0
7762, 4310, 1, 4096, 0
7762, 4229, 1, 4096, 0
7762, 3088, 1, 4096, 0
7762, 3382, 1, 4096, 0
7764, 1696732, 1, 4096, 0
7764, 6247, 1, 4096, 0
7764, 3828, 1, 4096, 0
7764, 4929, 1, 4096, 0
7764, 3129, 1, 4096, 0
7764, 3849, 1, 4096, 0
7764, 3186, 1, 4096, 0
7764, 3262, 1, 4096, 0
7765, 727985, 1, 4096, 0
7765, 6814, 1, 4096, 0
7765, 3698, 1, 4096, 0
7765, 3280, 1, 4096, 0
7765, 350152, 1, 4096, 0
7765, 4837, 1, 4096, 0
7765, 3390, 1, 4096, 0
7767, 2162472, 1, 4096, 0
7768, 294347, 1, 4096, 0
7768, 586167, 1, 4096, 0
7768, 3972, 1, 4096, 0
7769, 392820, 1, 4096, 0
7769, 155813, 1, 4096, 0
7769, 591043, 1, 4096, 0
7769, 4123, 1, 4096, 0
7770, 904145, 1, 4096, 0
7770, 3928, 1, 4096, 0
7770, 178795, 1, 4096, 0
7771, 265277, 1, 4096, 0
7771, 207709, 1, 4096, 0
7771, 378840, 1, 4096, 0
7771, 6560, 1, 4096, 0
7773, 1389340, 1, 4096, 0
7773, 4879, 1, 4096, 0
7773, 3179, 1, 4096, 0
7773, 3144, 1, 4096, 0
7773, 440070, 1, 4096, 0
7774, 442421, 1, 4096, 0
7774, 4547, 1, 4096, 0
7774, 235372, 1, 4096, 0
7776, 1989253, 1, 4096, 0
7776, 266887, 1, 4096, 0
7776, 5164, 1, 4096, 0
7776, 3195, 1, 4096, 0
7776, 3387, 1, 4096, 0
7776, 5104, 1, 4096, 0
7776, 3158, 1, 4096, 0
7776, 3683, 1, 4096, 0
7776, 5378, 1, 4096, 0
7777, 1070310, 1, 4096, 0
7777, 9469, 1, 4096, 0
7777, 3738, 1, 4096, 0
7777, 3533, 1, 4096, 0
7777, 3402, 1, 4096, 0
7777, 3429, 1, 4096, 0
7777, 3464, 1, 4096, 0
7779, 1634511, 1, 4096, 0
7779, 11939, 1, 4096, 0
7779, 65841, 1, 4096, 0
7779, 145217, 1, 4096, 0
7779, 187609, 1, 4096, 0
7779, 22587, 1, 4096, 0
7779, 5030, 1, 4096, 0
7779, 3566, 1, 4096, 0
7779, 5660, 1, 4096, 0
7779, 4739, 1, 4096, 0
7779, 2982, 1, 4096, 0
7779, 2944, 1, 4096, 0
7781, 1727914, 1, 4096, 0
7782, 422029, 1, 4096, 0
7782, 360742, 1, 4096, 0
7782, 5778, 1, 4096, 0
7782, 3612, 1, 4096, 0
7782, 3092, 1, 4096, 0
7782, 2932, 1, 4096, 0
7782, 3288, 1, 4096, 0
7782, 2836, 1, 4096, 0
7782, 3189, 1, 4096, 0
7783, 936261, 1, 4096, 0
7783, 7279, 1, 4096, 0
7783, 2374, 1, 4096, 0
7783, 3608, 1, 4096, 0
7783, 2714, 1, 4096, 0
7783, 3310, 1, 4096, 0
7784, 1279043, 1, 4096, 0
7785, 370028, 1, 4096, 0
7786, 1637161, 1, 4096, 0
7786, 5192, 1, 4096, 0
7786, 3136, 1, 4096, 0
7786, 170431, 1, 4096, 0
7787, 716893, 1, 4096, 0
7787, 6179, 1, 4096, 0
7787, 3460, 1, 4096, 0
7788, 601754, 1, 4096, 0
7788, 626115, 1, 4096, 0
7788, 69625, 1, 4096, 0
7789, 9870, 1, 4096, 0
7789, 4764, 1, 4096, 0
7789, 3381, 1, 4096, 0
7789, 3899, 1, 4096, 0
7789, 3402, 1, 4096, 0
7789, 2956, 1, 4096, 0
7789, 2499, 1, 4096, 0
7792, 3079181, 1, 4096, 0
7792, 151478, 1, 4096, 0
7792, 92379, 1, 4096, 0
7792, 236796, 1, 4096, 0
7793, 1060048, 1, 4096, 0
7793, 8975, 1, 4096, 0
7794, 570770, 1, 4096, 0
7794, 251382, 1, 4096, 0
7794, 5325, 1, 4096, 0
7795, 1426746, 1, 4096, 0
7795, 3697, 1, 4096, 0
7795, 2776, 1, 4096, 0
7795, 2533, 1, 4096, 0
7795, 3144, 1, 4096, 0
7795, 3434, 1, 4096, 0
7795, 2369, 1, 4096, 0
7795, 2896, 1, 4096, 0
7797, 1758564, 1, 4096, 0
7797, 7811, 1, 4096, 0
7797, 4702, 1, 4096, 0
7797, 3646, 1, 4096, 0
7797, 2656, 1, 4096, 0
7797, 3171, 1, 4096, 0
7797, 3127, 1, 4096, 0
7799, 1315604, 1, 4096, 0
7799, 8818, 1, 4096, 0
7799, 3521, 1, 4096, 0
7799, 3928, 1, 4096, 0
7799, 3560, 1, 4096, 0
7799, 3271, 1, 4096, 0
7799, 3378, 1, 4096, 0
7799, 4016, 1, 4096, 0
7801, 2497716, 1, 4096, 0
7802, 472922, 1, 4096, 0
7802, 4086, 1, 4096, 0
7802, 3736, 1, 4096, 0
7802, 3975, 1, 4096, 0
7802, 3299, 1, 4096, 0
7802, 397694, 1, 4096, 0
7803, 1066542, 1, 4096, 0
7803, 79901, 1, 4096, 0
7803, 37771, 1, 4096, 0
7803, 55288, 1, 4096, 0
7804, 416482, 1, 4096, 0
7804, 4320, 1, 4096, 0
7804, 3026, 1, 4096, 0
7804, 213522, 1, 4096, 0
7804, 6806, 1, 4096, 0
7804, 4361, 1, 4096, 0
7804, 2751, 1, 4096, 0
7804, 3345, 1, 4096, 0
7804, 2972, 1, 4096, 0
7804, 2496, 1, 4096, 0
7804, 3460, 1, 4096, 0
7804, 98357, 1, 4096, 0
7804, 10689, 1, 4096, 0
7804, 4384, 1, 4096, 0
7804, 3603, 1, 4096, 0
7804, 3543, 1, 4096, 0
7804, 3040, 1, 4096, 0
7804, 4128, 1, 4096, 0
7804, 4074, 1, 4096, 0
7805, 7935, 1, 4096, 0
7805, 3945, 1, 4096, 0
7806, 6696, 1, 4096, 0
7806, 294148, 1, 4096, 0
7806, 305870, 1, 4096, 0
7806, 6752, 1, 4096, 0
7806, 3861, 1, 4096, 0
7806, 3422, 1, 4096, 0
7807, 5682, 1, 4096, 0
7807, 8298, 1, 4096, 0
7807, 10461, 1, 4096, 0
7807, 9087, 1, 4096, 0
7807, 4171, 1, 4096, 0
7807, 7550, 1, 4096, 0
7807, 4525, 1, 4096, 0
7807, 10471, 1, 4096, 0
7807, 5295, 1, 4096, 0
7807, 5551, 1, 4096, 0
7807, 5713, 1, 4096, 0
7808, 377729, 1, 4096, 0
7808, 27613, 1, 4096, 0
7809, 1556377, 1, 4096, 0
7812, 2489263, 1, 4096, 0
7812, 10614, 1, 4096, 0
7812, 3954, 1, 4096, 0
7812, 7438, 1, 4096, 0
7812, 3310, 1, 4096, 0
7812, 50756, 1, 4096, 0
7812, 480042, 1, 4096, 0
7814, 2116326, 1, 4096, 0
7814, 5391, 1, 4096, 0
7814, 3298, 1, 4096, 0
7814, 3055, 1, 4096, 0
7815, 102778, 1, 4096, 0
7815, 4240, 1, 4096, 0
7816, 1398842, 1, 4096, 0
7817, 860993, 1, 4096, 0
7817, 123164, 1, 4096, 0
7817, 523171, 1, 4096, 0
7818, 209650, 1, 4096, 0
7819, 1050672, 1, 4096, 0
7819, 7140, 1, 4096, 0
7819, 279307, 1, 4096, 0
7819, 6007, 1, 4096, 0
7819, 412296, 1, 4096, 0
7821, 1120846, 1, 4096, 0
7821, 259851, 1, 4096, 0
7821, 512632, 1, 4096, 0
7822, 619847, 1, 4096, 0
7823, 1041996, 1, 4096, 0
7823, 8167, 1, 4096, 0
7823, 179668, 1, 4096, 0
7823, 207613, 1, 4096, 0
7824, 305362, 1, 4096, 0
7824, 4312, 1, 4096, 0
7824, 599717, 1, 4096, 0
7826, 1691191, 1, 4096, 0
7826, 25853, 1, 4096, 0
7827, 425797, 1, 4096, 0
7827, 144048, 1, 4096, 0
7827, 152122, 1, 4096, 0
7827, 602826, 1, 4096, 0
7828, 103372, 1, 4096, 0
7829, 980323, 1, 4096, 0
7829, 666645, 1, 4096, 0
7830, 378026, 1, 4096, 0
7830, 6030, 1, 4096, 0
7832, 2748402, 1, 4096, 0
7832, 9827, 1, 4096, 0
7834, 1395411, 1, 4096, 0
7834, 96080, 1, 4096, 0
7834, 4205, 1, 4096, 0
7836, 1949440, 1, 4096, 0
7836, 8245, 1, 4096, 0
7836, 2567, 1, 4096, 0
7836, 3469, 1, 4096, 0
7836, 89866, 1, 4096, 0
7838, 1789002, 1, 4096, 0
7838, 8695, 1, 4096, 0
7838, 67246, 1, 4096, 0
7839, 1351896, 1, 4096, 0
7841, 1374194, 1, 4096, 0
7841, 96933, 1, 4096, 0
7841, 6480, 1, 4096, 0
7841, 2779, 1, 4096, 0
7842, 899978, 1, 4096, 0
7842, 10518, 1, 4096, 0
7842, 387258, 1, 4096, 0
7842, 77868, 1, 4096, 0
7842, 8379, 1, 4096, 0
7842, 3915, 1, 4096, 0
7842, 3150, 1, 4096, 0
7842, 3562, 1, 4096, 0
7842, 2751, 1, 4096, 0
7842, 3444, 1, 4096, 0
7842, 3466, 1, 4096, 0
7845, 2826760, 1, 4096, 0
7845, 282530, 1, 4096, 0
7846, 627378, 1, 4096, 0
7846, 4568, 1, 4096, 0
7846, 3640, 1, 4096, 0
7846, 2892, 1, 4096, 0
7846, 489839, 1, 4096, 0
7848, 1174280, 1, 4096, 0
7849, 1287997, 1, 4096, 0
7849, 3388, 1, 4096, 0
7849, 3015, 1, 4096, 0
7850, 1054431, 1, 4096, 0
7850, 7022, 1, 4096, 0
7850, 222022, 1, 4096, 0
7851, 1004948, 1, 4096, 0
7851, 4604, 1, 4096, 0
7851, 2508, 1, 4096, 0
7852, 718294, 1, 4096, 0
7852, 5305, 1, 4096, 0
7853, 1432792, 1, 4096, 0
7853, 12325, 1, 4096, 0
7853, 3716, 1, 4096, 0
7853, 2702, 1, 4096, 0
7854, 320930, 1, 4096, 0
7854, 394480, 1, 4096, 0
7854, 6346, 1, 4096, 0
7854, 3222, 1, 4096, 0
7854, 3646, 1, 4096, 0
7854, 3092, 1, 4096, 0
7854, 3312, 1, 4096, 0
7854, 2710, 1, 4096, 0
7854, 2418, 1, 4096, 0
7857, 2409390, 1, 4096, 0
7857, 6843, 1, 4096, 0
7857, 4673, 1, 4096, 0
7857, 2826, 1, 4096, 0
7857, 3633, 1, 4096, 0
7857, 3897, 1, 4096, 0
7857, 4927, 1, 4096, 0
7857, 3601, 1, 4096, 0
7857, 513844, 1, 4096, 0
7858, 1163361, 1, 4096, 0
7858, 7157, 1, 4096, 0
7858, 2630, 1, 4096, 0
7858, 2675, 1, 4096, 0
7858, 2400, 1, 4096, 0
7858, 2333, 1, 4096, 0
7858, 103282, 1, 4096, 0
7858, 6584, 1, 4096, 0
7858, 4229, 1, 4096, 0
7858, 3346, 1, 4096, 0
7858, 2782, 1, 4096, 0
7858, 3606, 1, 4096, 0
7859, 6064, 1, 4096, 0
7859, 5231, 1, 4096, 0
7859, 44035, 1, 4096, 0
7859, 8280, 1, 4096, 0
7859, 8047, 1, 4096, 0
7859, 3480, 1, 4096, 0
7859, 14038, 1, 4096, 0
7860, 8484, 1, 4096, 0
7860, 8266, 1, 4096, 0
7860, 2908, 1, 4096, 0
7861, 9237, 1, 4096, 0
7861, 8558, 1, 4096, 0
7862, 5564, 1, 4096, 0
7862, 10090, 1, 4096, 0
7862, 3419, 1, 4096, 0
7862, 8904, 1, 4096, 0
7862, 2758, 1, 4096, 0
7862, 15555, 1, 4096, 0
7862, 5954, 1, 4096, 0
7862, 139429, 1, 4096, 0
7862, 3688, 1, 4096, 0
7864, 1596540, 1, 4096, 0
7864, 8289, 1, 4096, 0
7864, 3338, 1, 4096, 0
7864, 2715, 1, 4096, 0
7864, 3455, 1, 4096, 0
7864, 3289, 1, 4096, 0
7865, 1126043, 1, 4096, 0
7865, 422889, 1, 4096, 0
7865, 18233, 1, 4096, 0
7865, 11561, 1, 4096, 0
7865, 5762, 1, 4096, 0
7865, 3289, 1, 4096, 0
7865, 3949, 1, 4096, 0
7865, 7391, 1, 4096, 0
7865, 4555, 1, 4096, 0
7866, 238845, 1, 4096, 0
7866, 7049, 1, 4096, 0
7866, 3196, 1, 4096, 0
7866, 3676, 1, 4096, 0
7866, 3083, 1, 4096, 0
7866, 2684, 1, 4096, 0
7866, 3025, 1, 4096, 0
7866, 2294, 1, 4096, 0
7867, 1193541, 1, 4096, 0
7867, 7785, 1, 4096, 0
7867, 3802, 1, 4096, 0
7867, 3491, 1, 4096, 0
7867, 3441, 1, 4096, 0
7867, 4807, 1, 4096, 0
7868, 973001, 1, 4096, 0
7868, 43038, 1, 4096, 0
7869, 562450, 1, 4096, 0
7869, 7241, 1, 4096, 0
7870, 666336, 1, 4096, 0
7870, 5421, 1, 4096, 0
7870, 2169, 1, 4096, 0
7870, 1873, 1, 4096, 0
7870, 583228, 1, 4096, 0
7871, 317829, 1, 4096, 0
7871, 6780, 1, 4096, 0
7871, 5148, 1, 4096, 0
7871, 3179, 1, 4096, 0
7871, 2588, 1, 4096, 0
7871, 4062, 1, 4096, 0
7871, 3363, 1, 4096, 0
7871, 4943, 1, 4096, 0
7872, 1628403, 1, 4096, 0
7872, 27281, 1, 4096, 0
7872, 3745, 1, 4096, 0
7872, 2591, 1, 4096, 0
7872, 3801, 1, 4096, 0
7872, 3302, 1, 4096, 0
7873, 515376, 1, 4096, 0
7873, 4194, 1, 4096, 0
7874, 770285, 1, 4096, 0
7874, 7680, 1, 4096, 0
7874, 3301, 1, 4096, 0
7874, 4127, 1, 4096, 0
7874, 430560, 1, 4096, 0
7874, 4274, 1, 4096, 0
7876, 1474277, 1, 4096, 0
7876, 76572, 1, 4096, 0
7877, 1065723, 1, 4096, 0
7877, 47581, 1, 4096, 0
7877, 684892, 1, 4096, 0
7878, 8826, 1, 4096, 0
7878, 149680, 1, 4096, 0
7878, 248256, 1, 4096, 0
7878, 144112, 1, 4096, 0
7880, 1452153, 1, 4096, 0
7880, 10475, 1, 4096, 0
7880, 5013, 1, 4096, 0
7880, 4423, 1, 4096, 0
7880, 3204, 1, 4096, 0
7880, 3872, 1, 4096, 0
7880, 3160, 1, 4096, 0
7880, 3339, 1, 4096, 0
7883, 2966390, 1, 4096, 0
7883, 7565, 1, 4096, 0
7883, 4113, 1, 4096, 0
7883, 3038, 1, 4096, 0
7883, 3069, 1, 4096, 0
7883, 548202, 1, 4096, 0
7884, 840656, 1, 4096, 0
7884, 6059, 1, 4096, 0
7886, 1680256, 1, 4096, 0
7886, 226261, 1, 4096, 0
7886, 3680, 1, 4096, 0
7886, 3246, 1, 4096, 0
7886, 3592, 1, 4096, 0
7886, 2941, 1, 4096, 0
7886, 348405, 1, 4096, 0
7888, 1271278, 1, 4096, 0
7888, 514955, 1, 4096, 0
7888, 4958, 1, 4096, 0
7888, 4582, 1, 4096, 0
7888, 4432, 1, 4096, 0
7888, 4173, 1, 4096, 0
7888, 4513, 1, 4096, 0
7888, 3412, 1, 4096, 0
7888, 3212, 1, 4096, 0
7890, 1835598, 1, 4096, 0
7890, 478306, 1, 4096, 0
7891, 826182, 1, 4096, 0
7891, 5470, 1, 4096, 0
7892, 585819, 1, 4096, 0
7892, 7666, 1, 4096, 0
7892, 3515, 1, 4096, 0
7892, 258298, 1, 4096, 0
7892, 3968, 1, 4096, 0
7892, 2929, 1, 4096, 0
7892, 2939, 1, 4096, 0
7892, 3616, 1, 4096, 0
7892, 3585, 1, 4096, 0
7892, 3375, 1, 4096, 0
7892, 3673, 1, 4096, 0
7895, 2896059, 1, 4096, 0
7895, 9629, 1, 4096, 0
7895, 120264, 1, 4096, 0
7896, 632996, 1, 4096, 0
7896, 9261, 1, 4096, 0
7896, 4522, 1, 4096, 0
7896, 350147, 1, 4096, 0
7897, 497059, 1, 4096, 0
7897, 8671, 1, 4096, 0
7897, 3683, 1, 4096, 0
7897, 3463, 1, 4096, 0
7897, 3931, 1, 4096, 0
7897, 3307, 1, 4096, 0
7897, 4187, 1, 4096, 0
7897, 3904, 1, 4096, 0
7898, 835424, 1, 4096, 0
7898, 570655, 1, 4096, 0
7898, 6759, 1, 4096, 0
7898, 4149, 1, 4096, 0
7898, 3851, 1, 4096, 0
7898, 3905, 1, 4096, 0
7898, 3807, 1, 4096, 0
7898, 3348, 1, 4096, 0
7899, 952387, 1, 4096, 0
7901, 1715598, 1, 4096, 0
7901, 331085, 1, 4096, 0
7901, 5082, 1, 4096, 0
7901, 4097, 1, 4096, 0
7901, 2983, 1, 4096, 0
7901, 4275, 1, 4096, 0
7901, 3555, 1, 4096, 0
7901, 2985, 1, 4096, 0
7901, 2694, 1, 4096, 0
7902, 897148, 1, 4096, 0
7902, 7852, 1, 4096, 0
7902, 3613, 1, 4096, 0
7902, 3920, 1, 4096, 0
7902, 3214, 1, 4096, 0
7902, 3683, 1, 4096, 0
7902, 2753, 1, 4096, 0
7902, 1723, 1, 4096, 0
7903, 385375, 1, 4096, 0
7903, 6724, 1, 4096, 0
7903, 2710, 1, 4096, 0
7903, 2986, 1, 4096, 0
7903, 3159, 1, 4096, 0
7903, 2437, 1, 4096, 0
7904, 9351, 1, 4096, 0
7904, 118462, 1, 4096, 0
7905, 456069, 1, 4096, 0
7905, 6575, 1, 4096, 0
7905, 2880, 1, 4096, 0
7905, 307022, 1, 4096, 0
7905, 3461, 1, 4096, 0
7906, 736185, 1, 4096, 0
7906, 628501, 1, 4096, 0
7906, 7985, 1, 4096, 0
7908, 1362700, 1, 4096, 0
7908, 11998, 1, 4096, 0
7908, 3719, 1, 4096, 0
7908, 2431, 1, 4096, 0
7908, 2425, 1, 4096, 0
7908, 3868, 1, 4096, 0
7908, 4222, 1, 4096, 0
7908, 2846, 1, 4096, 0
7908, 64247, 1, 4096, 0
7908, 8761, 1, 4096, 0
7908, 4428, 1, 4096, 0
7908, 3744, 1, 4096, 0
7908, 3470, 1, 4096, 0
7908, 3996, 1, 4096, 0
7908, 7513, 1, 4096, 0
7908, 22493, 1, 4096, 0
7909, 697519, 1, 4096, 0
7909, 4215, 1, 4096, 0
7909, 9125, 1, 4096, 0
7909, 3998, 1, 4096, 0
7909, 3720, 1, 4096, 0
7909, 3811, 1, 4096, 0
7909, 3345, 1, 4096, 0
7910, 8151, 1, 4096, 0
7911, 311252, 1, 4096, 0
7911, 180295, 1, 4096, 0
7911, 7019, 1, 4096, 0
7912, 291096, 1, 4096, 0
7912, 4149, 1, 4096, 0
7912, 197048, 1, 4096, 0
7912, 4925, 1, 4096, 0
7912, 2121, 1, 4096, 0
7912, 219751, 1, 4096, 0
7912, 163043, 1, 4096, 0
7913, 990447, 1, 4096, 0
7913, 9228, 1, 4096, 0
7913, 3480, 1, 4096, 0
7914, 104388, 1, 4096, 0
7914, 4568, 1, 4096, 0
7914, 4523, 1, 4096, 0
7914, 383481, 1, 4096, 0
7915, 479549, 1, 4096, 0
7915, 179953, 1, 4096, 0
7915, 4513, 1, 4096, 0
7916, 330903, 1, 4096, 0
7916, 324760, 1, 4096, 0
7916, 250644, 1, 4096, 0
7916, 6071, 1, 4096, 0
7916, 20084, 1, 4096, 0
7916, 3225, 1, 4096, 0
7916, 4464, 1, 4096, 0
7916, 3745, 1, 4096, 0
7917, 761189, 1, 4096, 0
7917, 348720, 1, 4096, 0
7917, 6374, 1, 4096, 0
7917, 4214, 1, 4096, 0
7918, 4042, 1, 4096, 0
7918, 378751, 1, 4096, 0
7919, 1378692, 1, 4096, 0
7919, 5994, 1, 4096, 0
7921, 1225449, 1, 4096, 0
7921, 5970, 1, 4096, 0
7921, 3203, 1, 4096, 0
7921, 3487, 1, 4096, 0
7921, 3688, 1, 4096, 0
7921, 3034, 1, 4096, 0
7921, 3262, 1, 4096, 0
7921, 3298, 1, 4096, 0
7923, 2457053, 1, 4096, 0
7923, 6227, 1, 4096, 0
7923, 3904, 1, 4096, 0
7923, 2445, 1, 4096, 0
7923, 3706, 1, 4096, 0
7923, 3461, 1, 4096, 0
7924, 622033, 1, 4096, 0
7924, 6377, 1, 4096, 0
7924, 85474, 1, 4096, 0
7924, 347555, 1, 4096, 0
7925, 429378, 1, 4096, 0
7925, 625109, 1, 4096, 0
7925, 5779, 1, 4096, 0
7926, 1286399, 1, 4096, 0
7927, 7664, 1, 4096, 0
7927, 6107, 1, 4096, 0
7927, 187611, 1, 4096, 0
7928, 1356192, 1, 4096, 0
7929, 1221800, 1, 4096, 0
7929, 4430, 1, 4096, 0
7930, 653437, 1, 4096, 0
7930, 5189, 1, 4096, 0
7931, 840512, 1, 4096, 0
7931, 7560, 1, 4096, 0
7931, 4431, 1, 4096, 0
7931, 150792, 1, 4096, 0
7931, 410444, 1, 4096, 0
7932, 236509, 1, 4096, 0
7932, 283497, 1, 4096, 0
7933, 1246042, 1, 4096, 0
7934, 378765, 1, 4096, 0
7934, 377364, 1, 4096, 0
7934, 238834, 1, 4096, 0
7934, 117101, 1, 4096, 0
7934, 13514, 1, 4096, 0
7934, 6222, 1, 4096, 0
7934, 4513, 1, 4096, 0
7934, 3719, 1, 4096, 0
7934, 5612, 1, 4096, 0
7934, 3743, 1, 4096, 0
7934, 5049, 1, 4096, 0
7935, 988524, 1, 4096, 0
7935, 7028, 1, 4096, 0
7935, 3600, 1, 4096, 0
7937, 1198856, 1, 4096, 0
7937, 7746, 1, 4096, 0
7937, 2628, 1, 4096, 0
7937, 2566, 1, 4096, 0
7937, 2212, 1, 4096, 0
7937, 2270, 1, 4096, 0
7937, 2354, 1, 4096, 0
7937, 1618, 1, 4096, 0
7937, 411156, 1, 4096, 0
7937, 7382, 1, 4096, 0
7938, 9849, 1, 4096, 0
7939, 1108634, 1, 4096, 0
7940, 509856, 1, 4096, 0
7940, 4639, 1, 4096, 0
7940, 88643, 1, 4096, 0
7940, 391193, 1, 4096, 0
7940, 5264, 1, 4096, 0
7940, 2384, 1, 4096, 0
7940, 2975, 1, 4096, 0
7940, 3069, 1, 4096, 0
7940, 3452, 1, 4096, 0
7941, 788055, 1, 4096, 0
7941, 3770, 1, 4096, 0
7942, 814940, 1, 4096, 0
7942, 365846, 1, 4096, 0
7943, 731856, 1, 4096, 0
7943, 223643, 1, 4096, 0
7943, 381539, 1, 4096, 0
7943, 7200, 1, 4096, 0
7943, 3483, 1, 4096, 0
7943, 3571, 1, 4096, 0
7943, 4589, 1, 4096, 0
7943, 3520, 1, 4096, 0
7943, 4166, 1, 4096, 0
7943, 5476, 1, 4096, 0
7944, 922235, 1, 4096, 0
7944, 7590, 1, 4096, 0
7944, 3086, 1, 4096, 0
7944, 2800, 1, 4096, 0
7944, 2700, 1, 4096, 0
7944, 3071, 1, 4096, 0
7944, 3297, 1, 4096, 0
7946, 1619078, 1, 4096, 0
7946, 7162, 1, 4096, 0
7946, 4355, 1, 4096, 0
7946, 4869, 1, 4096, 0
7946, 3565, 1, 4096, 0
7946, 3633, 1, 4096, 0
7946, 3856, 1, 4096, 0
7946, 3255, 1, 4096, 0
7947, 1041853, 1, 4096, 0
7948, 929088, 1, 4096, 0
7948, 4507, 1, 4096, 0
7948, 185399, 1, 4096, 0
7949, 190591, 1, 4096, 0
7949, 773823, 1, 4096, 0
7949, 5817, 1, 4096, 0
7949, 3269, 1, 4096, 0
7952, 2425202, 1, 4096, 0
7952, 232318, 1, 4096, 0
7952, 4230, 1, 4096, 0
7952, 311651, 1, 4096, 0
7952, 4296, 1, 4096, 0
7953, 654588, 1, 4096, 0
7953, 4938, 1, 4096, 0
7954, 706215, 1, 4096, 0
7954, 7094, 1, 4096, 0
7954, 5705, 1, 4096, 0
7954, 4626, 1, 4096, 0
7954, 3993, 1, 4096, 0
7954, 3241, 1, 4096, 0
7954, 4351, 1, 4096, 0
7954, 4111, 1, 4096, 0
7956, 2177258, 1, 4096, 0
7956, 7720, 1, 4096, 0
7956, 311110, 1, 4096, 0
7956, 17698, 1, 4096, 0
7956, 3681, 1, 4096, 0
7956, 3295, 1, 4096, 0
7956, 2831, 1, 4096, 0
7956, 2593, 1, 4096, 0
7956, 2690, 1, 4096, 0
7957, 381364, 1, 4096, 0
7957, 7025, 1, 4096, 0
7958, 1420371, 1, 4096, 0
7958, 6940, 1, 4096, 0
7958, 4739, 1, 4096, 0
7958, 3350, 1, 4096, 0
7959, 304806, 1, 4096, 0
7959, 643184, 1, 4096, 0
7959, 6863, 1, 4096, 0
7959, 3500, 1, 4096, 0
7959, 3194, 1, 4096, 0
7959, 4399, 1, 4096, 0
7959, 4263, 1, 4096, 0
7959, 2768, 1, 4096, 0
7959, 3757, 1, 4096, 0
7961, 1606357, 1, 4096, 0
7961, 5856, 1, 4096, 0
7961, 3265, 1, 4096, 0
7961, 10597, 1, 4096, 0
7961, 2689, 1, 4096, 0
7961, 448038, 1, 4096, 0
7961, 7669, 1, 4096, 0
7962, 651819, 1, 4096, 0
7962, 4498, 1, 4096, 0
7962, 3256, 1, 4096, 0
7962, 2731, 1, 4096, 0
7962, 2923, 1, 4096, 0
7962, 2683, 1, 4096, 0
7962, 2893, 1, 4096, 0
7962, 254510, 1, 4096, 0
7963, 785479, 1, 4096, 0
7963, 7035, 1, 4096, 0
7963, 3648, 1, 4096, 0
7963, 4803, 1, 4096, 0
7963, 7749, 1, 4096, 0
7964, 515188, 1, 4096, 0
7964, 309697, 1, 4096, 0
7966, 1718530, 1, 4096, 0
7966, 191636, 1, 4096, 0
7966, 9815, 1, 4096, 0
7966, 2677, 1, 4096, 0
7966, 2843, 1, 4096, 0
7966, 2658, 1, 4096, 0
7966, 3309, 1, 4096, 0
7966, 115697, 1, 4096, 0
7966, 156541, 1, 4096, 0
7966, 5898, 1, 4096, 0
7966, 9378, 1, 4096, 0
7968, 2056937, 1, 4096, 0
7968, 8524, 1, 4096, 0
7968, 3802, 1, 4096, 0
7969, 865340, 1, 4096, 0
7969, 5481, 1, 4096, 0
7969, 3993, 1, 4096, 0
7969, 3642, 1, 4096, 0
7969, 3090, 1, 4096, 0
7969, 9833, 1, 4096, 0
7969, 3546, 1, 4096, 0
7969, 3346, 1, 4096, 0
7972, 3095432, 1, 4096, 0
7973, 408344, 1, 4096, 0
7973, 209222, 1, 4096, 0
7973, 8646, 1, 4096, 0
7973, 3065, 1, 4096, 0
7973, 3501, 1, 4096, 0
7973, 3119, 1, 4096, 0
7973, 3421, 1, 4096, 0
7973, 3901, 1, 4096, 0
7973, 3183, 1, 4096, 0
7974, 604618, 1, 4096, 0
7974, 7070, 1, 4096, 0
7974, 3295, 1, 4096, 0
7974, 3275, 1, 4096, 0
7974, 2775, 1, 4096, 0
7974, 3686, 1, 4096, 0
7974, 4065, 1, 4096, 0
7974, 3674, 1, 4096, 0
7978, 3960547, 1, 4096, 0
7978, 4776, 1, 4096, 0
7978, 2515, 1, 4096, 0
7978, 2160, 1, 4096, 0
7978, 5043, 1, 4096, 0
7978, 56097, 1, 4096, 0
7978, 5498, 1, 4096, 0
7978, 3077, 1, 4096, 0
7978, 3120, 1, 4096, 0
7978, 2918, 1, 4096, 0
7978, 4823, 1, 4096, 0
7978, 2153, 1, 4096, 0
7978, 2388, 1, 4096, 0
7980, 2624405, 1, 4096, 0
7980, 12064, 1, 4096, 0
7980, 3140, 1, 4096, 0
7980, 3454, 1, 4096, 0
7980, 3007, 1, 4096, 0
7980, 2775, 1, 4096, 0
7980, 2439, 1, 4096, 0
7980, 1791, 1, 4096, 0
7981, 327564, 1, 4096, 0
7981, 179363, 1, 4096, 0
7981, 5886, 1, 4096, 0
7981, 4536, 1, 4096, 0
7981, 3388, 1, 4096, 0
7981, 3578, 1, 4096, 0
7981, 3075, 1, 4096, 0
7982, 9489, 1, 4096, 0
7984, 1302718, 1, 4096, 0
7984, 11288, 1, 4096, 0
7984, 28766, 1, 4096, 0
7985, 1757429, 1, 4096, 0
7985, 4890, 1, 4096, 0
7986, 160401, 1, 4096, 0
7986, 325656, 1, 4096, 0
7986, 6645, 1, 4096, 0
7986, 5528, 1, 4096, 0
7986, 4061, 1, 4096, 0
7986, 3380, 1, 4096, 0
7986, 3227, 1, 4096, 0
7986, 3280, 1, 4096, 0
7986, 2746, 1, 4096, 0
7986, 226544, 1, 4096, 0
7986, 7538, 1, 4096, 0
7986, 2340, 1, 4096, 0
7986, 2122, 1, 4096, 0
7986, 2030, 1, 4096, 0
7986, 2924, 1, 4096, 0
7986, 2560, 1, 4096, 0
7986, 3161, 1, 4096, 0
7989, 2822871, 1, 4096, 0
7989, 6757, 1, 4096, 0
7989, 3962, 1, 4096, 0
7989, 3381, 1, 4096, 0
7989, 160794, 1, 4096, 0
7990, 758626, 1, 4096, 0
7991, 879243, 1, 4096, 0
7991, 451029, 1, 4096, 0
7991, 20370, 1, 4096, 0
7991, 48143, 1, 4096, 0
7991, 2283, 1, 4096, 0
7992, 730032, 1, 4096, 0
7993, 798163, 1, 4096, 0
7994, 866873, 1, 4096, 0
7994, 6326, 1, 4096, 0
7994, 3874, 1, 4096, 0
7994, 539744, 1, 4096, 0
7994, 4990, 1, 4096, 0
7995, 425039, 1, 4096, 0
7995, 622610, 1, 4096, 0
7995, 4398, 1, 4096, 0
7997, 1348286, 1, 4096, 0
7997, 6434, 1, 4096, 0
7998, 1384505, 1, 4096, 0
7998, 5788, 1, 4096, 0
7998, 3084, 1, 4096, 0
7998, 3056, 1, 4096, 0
7998, 3305, 1, 4096, 0
7999, 832186, 1, 4096, 0
7999, 318622, 1, 4096, 0
8001, 1354302, 1, 4096, 0
8001, 56221, 1, 4096, 0
8001, 419187, 1, 4096, 0
8001, 3148, 1, 4096, 0
8001, 2424, 1, 4096, 0
8002, 670760, 1, 4096, 0
8002, 529328, 1, 4096, 0
8003, 792744, 1, 4096, 0
8004, 660499, 1, 4096, 0
8004, 97584, 1, 4096, 0
8004, 365941, 1, 4096, 0
8005, 287291, 1, 4096, 0
8005, 3651, 1, 4096, 0
8005, 484382, 1, 4096, 0
8005, 316243, 1, 4096, 0
8006, 1005077, 1, 4096, 0
8007, 7911, 1, 4096, 0
8007, 5082, 1, 4096, 0
8007, 4168, 1, 4096, 0
8007, 3138, 1, 4096, 0
8007, 3919, 1, 4096, 0
8007, 2753, 1, 4096, 0
8007, 3466, 1, 4096, 0
8008, 1238486, 1, 4096, 0
8008, 9320, 1, 4096, 0
8008, 3668, 1, 4096, 0
8008, 3239, 1, 4096, 0
8008, 4388, 1, 4096, 0
8008, 3194, 1, 4096, 0
8008, 3556, 1, 4096, 0
8008, 4432, 1, 4096, 0
8008, 489663, 1, 4096, 0
8008, 24208, 1, 4096, 0
8008, 5297, 1, 4096, 0
8008, 3842, 1, 4096, 0
8008, 3046, 1, 4096, 0
8008, 3474, 1, 4096, 0
8008, 2984, 1, 4096, 0
8010, 46856, 1, 4096, 0
8010, 4693, 1, 4096, 0
8010, 85124, 1, 4096, 0
8010, 30066, 1, 4096, 0
8011, 253512, 1, 4096, 0
8012, 1054727, 1, 4096, 0
8012, 4535, 1, 4096, 0
8012, 4873, 1, 4096, 0
8012, 2826, 1, 4096, 0
8012, 3429, 1, 4096, 0
8013, 1407512, 1, 4096, 0
8013, 6758, 1, 4096, 0
8013, 3871, 1, 4096, 0
8014, 433748, 1, 4096, 0
8014, 5405, 1, 4096, 0
8014, 3466, 1, 4096, 0
8014, 2975, 1, 4096, 0
8014, 3080, 1, 4096, 0
8014, 2825, 1, 4096, 0
8014, 169280, 1, 4096, 0
8014, 11343, 1, 4096, 0
8014, 4410, 1, 4096, 0
8014, 6787, 1, 4096, 0
8014, 6381, 1, 4096, 0
8015, 6972, 1, 4096, 0
8015, 6460, 1, 4096, 0
8015, 325028, 1, 4096, 0
8015, 181237, 1, 4096, 0
8015, 6143, 1, 4096, 0
8016, 3525, 1, 4096, 0
8016, 5007, 1, 4096, 0
8016, 4028, 1, 4096, 0
8016, 4275, 1, 4096, 0
8016, 4444, 1, 4096, 0
8017, 227294, 1, 4096, 0
8017, 198502, 1, 4096, 0
8017, 477209, 1, 4096, 0
8019, 959790, 1, 4096, 0
8019, 5193, 1, 4096, 0
8019, 126159, 1, 4096, 0
8019, 343899, 1, 4096, 0
8019, 6711, 1, 4096, 0
8019, 3760, 1, 4096, 0
8019, 2925, 1, 4096, 0
8019, 3698, 1, 4096, 0
8019, 4721, 1, 4096, 0
8019, 3333, 1, 4096, 0
8020, 1281590, 1, 4096, 0
8020, 5849, 1, 4096, 0
8020, 3461, 1, 4096, 0
8021, 436202, 1, 4096, 0
8021, 402344, 1, 4096, 0
8022, 534108, 1, 4096, 0
8022, 6025, 1, 4096, 0
8022, 3543, 1, 4096, 0
8022, 4332, 1, 4096, 0
8022, 6231, 1, 4096, 0
8022, 5527, 1, 4096, 0
8022, 271464, 1, 4096, 0
8022, 4503, 1, 4096, 0
8022, 3036, 1, 4096, 0
8022, 3456, 1, 4096, 0
8022, 2612, 1, 4096, 0
8022, 3353, 1, 4096, 0
8022, 3387, 1, 4096, 0
8022, 2903, 1, 4096, 0
8023, 1104477, 1, 4096, 0
8023, 8020, 1, 4096, 0
8024, 930059, 1, 4096, 0
8024, 22472, 1, 4096, 0
8024, 131836, 1, 4096, 0
8024, 7025, 1, 4096, 0
8025, 241090, 1, 4096, 0
8025, 277257, 1, 4096, 0
8025, 6309, 1, 4096, 0
8025, 3313, 1, 4096, 0
8025, 2957, 1, 4096, 0
8025, 3829, 1, 4096, 0
8025, 8603, 1, 4096, 0
8025, 4346, 1, 4096, 0
8026, 1123378, 1, 4096, 0
8026, 7172, 1, 4096, 0
8026, 3692, 1, 4096, 0
8026, 2809, 1, 4096, 0
8026, 3394, 1, 4096, 0
8027, 824568, 1, 4096, 0
8027, 7802, 1, 4096, 0
8027, 3467, 1, 4096, 0
8027, 3844, 1, 4096, 0
8028, 589206, 1, 4096, 0
8028, 6782, 1, 4096, 0
8028, 4841, 1, 4096, 0
8028, 437028, 1, 4096, 0
8028, 8699, 1, 4096, 0
8029, 531813, 1, 4096, 0
8029, 567899, 1, 4096, 0
8030, 598638, 1, 4096, 0
8030, 225422, 1, 4096, 0
8031, 475035, 1, 4096, 0
8031, 144652, 1, 4096, 0
8031, 377430, 1, 4096, 0
8031, 382137, 1, 4096, 0
8032, 325006, 1, 4096, 0
8032, 3432, 1, 4096, 0
8032, 311821, 1, 4096, 0
8033, 980552, 1, 4096, 0
8033, 180125, 1, 4096, 0
8033, 7138, 1, 4096, 0
8034, 745315, 1, 4096, 0
8034, 5397, 1, 4096, 0
8034, 2818, 1, 4096, 0
8034, 268059, 1, 4096, 0
8034, 68642, 1, 4096, 0
8036, 1354582, 1, 4096, 0
8036, 6108, 1, 4096, 0
8036, 2789, 1, 4096, 0
8036, 4550, 1, 4096, 0
8036, 2780, 1, 4096, 0
8036, 3746, 1, 4096, 0
8036, 3592, 1, 4096, 0
8036, 3328, 1, 4096, 0
8036, 404304, 1, 4096, 0
8037, 516266, 1, 4096, 0
8037, 4739, 1, 4096, 0
8037, 209124, 1, 4096, 0
8037, 4157, 1, 4096, 0
8037, 425807, 1, 4096, 0
8037, 5417, 1, 4096, 0
8037, 3617, 1, 4096, 0
8038, 323822, 1, 4096, 0
8039, 1061643, 1, 4096, 0
8039, 6639, 1, 4096, 0
8039, 3170, 1, 4096, 0
8039, 193168, 1, 4096, 0
8039, 290919, 1, 4096, 0
8039, 7515, 1, 4096, 0
8040, 1167363, 1, 4096, 0
8040, 6631, 1, 4096, 0
8040, 3653, 1, 4096, 0
8041, 367130, 1, 4096, 0
8041, 8335, 1, 4096, 0
8043, 1680390, 1, 4096, 0
8043, 6035, 1, 4096, 0
8043, 850831, 1, 4096, 0
8043, 8664, 1, 4096, 0
8043, 4033, 1, 4096, 0
8043, 2588, 1, 4096, 0
8043, 3212, 1, 4096, 0
8043, 2954, 1, 4096, 0
8043, 4003, 1, 4096, 0
8044, 153672, 1, 4096, 0
8044, 6678, 1, 4096, 0
8044, 2824, 1, 4096, 0
8044, 2800, 1, 4096, 0
8044, 2791, 1, 4096, 0
8044, 3244, 1, 4096, 0
8044, 2889, 1, 4096, 0
8044, 2615, 1, 4096, 0
8044, 6166, 1, 4096, 0
8047, 2805477, 1, 4096, 0
8047, 7071, 1, 4096, 0
8047, 3279, 1, 4096, 0
8047, 3713, 1, 4096, 0
8047, 3919, 1, 4096, 0
8047, 4180, 1, 4096, 0
8048, 510130, 1, 4096, 0
8048, 174152, 1, 4096, 0
8050, 2290552, 1, 4096, 0
8050, 5257, 1, 4096, 0
8050, 3945, 1, 4096, 0
8050, 26994, 1, 4096, 0
8050, 165201, 1, 4096, 0
8051, 429666, 1, 4096, 0
8051, 846835, 1, 4096, 0
8051, 5986, 1, 4096, 0
8052, 541309, 1, 4096, 0
8052, 344280, 1, 4096, 0
8053, 374313, 1, 4096, 0
8053, 4476, 1, 4096, 0
8054, 742092, 1, 4096, 0
8054, 7658, 1, 4096, 0
8054, 4473, 1, 4096, 0
8054, 3311, 1, 4096, 0
8055, 1640861, 1, 4096, 0
8055, 7649, 1, 4096, 0
8055, 4390, 1, 4096, 0
8055, 3773, 1, 4096, 0
8055, 3323, 1, 4096, 0
8055, 4199, 1, 4096, 0
8055, 3746, 1, 4096, 0
8055, 4501, 1, 4096, 0
8057, 1620387, 1, 4096, 0
8057, 10128, 1, 4096, 0
8057, 4017, 1, 4096, 0
8057, 3138, 1, 4096, 0
8057, 3783, 1, 4096, 0
8057, 3480, 1, 4096, 0
8057, 3332, 1, 4096, 0
8057, 3021, 1, 4096, 0
8057, 323456, 1, 4096, 0
8057, 7954, 1, 4096, 0
8057, 4227, 1, 4096, 0
8057, 3112, 1, 4096, 0
8057, 3975, 1, 4096, 0
8057, 3667, 1, 4096, 0
8058, 5738, 1, 4096, 0
8058, 9971, 1, 4096, 0
8059, 6698, 1, 4096, 0
8059, 5725, 1, 4096, 0
8060, 388757, 1, 4096, 0
8060, 55058, 1, 4096, 0
8060, 7102, 1, 4096, 0
8060, 7020, 1, 4096, 0
8060, 8088, 1, 4096, 0
8060, 3657, 1, 4096, 0
8060, 4253, 1, 4096, 0
8060, 3150, 1, 4096, 0
8060, 2897, 1, 4096, 0
8060, 3133, 1, 4096, 0
8063, 2443146, 1, 4096, 0
8063, 41878, 1, 4096, 0
8063, 4162, 1, 4096, 0
8063, 3503, 1, 4096, 0
8063, 2557, 1, 4096, 0
8063, 217714, 1, 4096, 0
8063, 3154, 1, 4096, 0
8063, 82902, 1, 4096, 0
8065, 1586896, 1, 4096, 0
8065, 215012, 1, 4096, 0
8065, 3864, 1, 4096, 0
8065, 134457, 1, 4096, 0
8065, 55774, 1, 4096, 0
8065, 5664, 1, 4096, 0
8065, 3434, 1, 4096, 0
8065, 2624, 1, 4096, 0
8065, 3228, 1, 4096, 0
8065, 3370, 1, 4096, 0
8065, 3009, 1, 4096, 0
8065, 3139, 1, 4096, 0
8067, 1374106, 1, 4096, 0
8067, 8251, 1, 4096, 0
8067, 5307, 1, 4096, 0
8067, 5387, 1, 4096, 0
8067, 3777, 1, 4096, 0
8067, 3441, 1, 4096, 0
8067, 3650, 1, 4096, 0
8067, 3017, 1, 4096, 0
8068, 1145615, 1, 4096, 0
8068, 4693, 1, 4096, 0
8068, 4099, 1, 4096, 0
8068, 2714, 1, 4096, 0
8070, 2203659, 1, 4096, 0
8070, 65187, 1, 4096, 0
8070, 275151, 1, 4096, 0
8071, 9512, 1, 4096, 0
8071, 3718, 1, 4096, 0
8071, 2800, 1, 4096, 0
8071, 668764, 1, 4096, 0
8071, 7371, 1, 4096, 0
8071, 79363, 1, 4096, 0
8071, 155224, 1, 4096, 0
8072, 284849, 1, 4096, 0
8073, 772152, 1, 4096, 0
8073, 7895, 1, 4096, 0
8073, 3977, 1, 4096, 0
8073, 35016, 1, 4096, 0
8073, 7829, 1, 4096, 0
8073, 5692, 1, 4096, 0
8073, 2861, 1, 4096, 0
8073, 3327, 1, 4096, 0
8073, 2495, 1, 4096, 0
8073, 2383, 1, 4096, 0
8073, 2389, 1, 4096, 0
8073, 807384, 1, 4096, 0
8073, 7204, 1, 4096, 0
8073, 3721, 1, 4096, 0
8073, 2864, 1, 4096, 0
8074, 220482, 1, 4096, 0
8074, 8503, 1, 4096, 0
8074, 3328, 1, 4096, 0
8074, 3161, 1, 4096, 0
8074, 2224, 1, 4096, 0
8074, 3160, 1, 4096, 0
8074, 326788, 1, 4096, 0
8074, 3974, 1, 4096, 0
8075, 397408, 1, 4096, 0
8075, 175051, 1, 4096, 0
8076, 771690, 1, 4096, 0
8076, 400512, 1, 4096, 0
8076, 9415, 1, 4096, 0
8076, 274292, 1, 4096, 0
8076, 5852, 1, 4096, 0
8076, 3689, 1, 4096, 0
8076, 3867, 1, 4096, 0
8076, 3340, 1, 4096, 0
8076, 3629, 1, 4096, 0
8077, 11579, 1, 4096, 0
8077, 4726, 1, 4096, 0
8077, 8197, 1, 4096, 0
8077, 9136, 1, 4096, 0
8077, 6901, 1, 4096, 0
8078, 526831, 1, 4096, 0
8078, 4090, 1, 4096, 0
8078, 3130, 1, 4096, 0
8078, 2808, 1, 4096, 0
8078, 3045, 1, 4096, 0
8078, 4128, 1, 4096, 0
8078, 587861, 1, 4096, 0
8078, 9145, 1, 4096, 0
8078, 3196, 1, 4096, 0
8079, 374544, 1, 4096, 0
8079, 75275, 1, 4096, 0
8079, 9714, 1, 4096, 0
8079, 8001, 1, 4096, 0
8079, 11610, 1, 4096, 0
8080, 5869, 1, 4096, 0
8080, 3368, 1, 4096, 0
8080, 8242, 1, 4096, 0
8082, 1039297, 1, 4096, 0
8082, 8094, 1, 4096, 0
8082, 3384, 1, 4096, 0
8082, 218876, 1, 4096, 0
8082, 73922, 1, 4096, 0
8082, 6527, 1, 4096, 0
8082, 3447, 1, 4096, 0
8082, 2827, 1, 4096, 0
8082, 21291, 1, 4096, 0
8082, 164429, 1, 4096, 0
8083, 610141, 1, 4096, 0
8083, 143918, 1, 4096, 0
8085, 2201574, 1, 4096, 0
8086, 535193, 1, 4096, 0
8086, 65507, 1, 4096, 0
8086, 470468, 1, 4096, 0
8086, 4940, 1, 4096, 0
8086, 2877, 1, 4096, 0
8086, 3510, 1, 4096, 0
8087, 426841, 1, 4096, 0
8088, 1014729, 1, 4096, 0
8088, 619461, 1, 4096, 0
8088, 4027, 1, 4096, 0
8088, 257084, 1, 4096, 0
8088, 4393, 1, 4096, 0
8089, 919896, 1, 4096, 0
8089, 6230, 1, 4096, 0
8090, 439693, 1, 4096, 0
8091, 1170314, 1, 4096, 0
8092, 856389, 1, 4096, 0
8092, 6787, 1, 4096, 0
8092, 3279, 1, 4096, 0
8092, 2810, 1, 4096, 0
8092, 386446, 1, 4096, 0
8092, 7841, 1, 4096, 0
8092, 3660, 1, 4096, 0
8092, 3528, 1, 4096, 0
8092, 3918, 1, 4096, 0
8092, 2919, 1, 4096, 0
8092, 3012, 1, 4096, 0
8092, 3288, 1, 4096, 0
8094, 1488908, 1, 4096, 0
8094, 6079, 1, 4096, 0
8094, 3593, 1, 4096, 0
8094, 3653, 1, 4096, 0
8096, 1828224, 1, 4096, 0
8097, 930736, 1, 4096, 0
8097, 9228, 1, 4096, 0
8097, 3586, 1, 4096, 0
8097, 3420, 1, 4096, 0
8097, 3959, 1, 4096, 0
8097, 2105, 1, 4096, 0
8097, 2325, 1, 4096, 0
8097, 1974, 1, 4096, 0
8099, 2615515, 1, 4096, 0
8099, 8644, 1, 4096, 0
8099, 3276, 1, 4096, 0
8099, 2785, 1, 4096, 0
8100, 467816, 1, 4096, 0
8100, 8789, 1, 4096, 0
8100, 5138, 1, 4096, 0
8100, 4639, 1, 4096, 0
8100, 3957, 1, 4096, 0
8100, 3349, 1, 4096, 0
8100, 3534, 1, 4096, 0
8100, 3606, 1, 4096, 0
8102, 1726185, 1, 4096, 0
8102, 7360, 1, 4096, 0
8102, 3583, 1, 4096, 0
8102, 497308, 1, 4096, 0
8102, 360085, 1, 4096, 0
8102, 6662, 1, 4096, 0
8103, 122030, 1, 4096, 0
8103, 5824, 1, 4096, 0
8103, 2698, 1, 4096, 0
8103, 2991, 1, 4096, 0
8103, 3426, 1, 4096, 0
8103, 3416, 1, 4096, 0
8103, 2921, 1, 4096, 0
8103, 2133, 1, 4096, 0
8105, 2524737, 1, 4096, 0
8105, 6881, 1, 4096, 0
8105, 3179, 1, 4096, 0
8105, 3010, 1, 4096, 0
8105, 2851, 1, 4096, 0
8105, 2711, 1, 4096, 0
8105, 3069, 1, 4096, 0
8105, 3040, 1, 4096, 0
8108, 2769318, 1, 4096, 0
8108, 7229, 1, 4096, 0
8108, 3025, 1, 4096, 0
8108, 4775, 1, 4096, 0
8108, 2992, 1, 4096, 0
8108, 3164, 1, 4096, 0
8108, 4297, 1, 4096, 0
8108, 3087, 1, 4096, 0
8108, 304213, 1, 4096, 0
8108, 6855, 1, 4096, 0
8108, 3951, 1, 4096, 0
8108, 4587, 1, 4096, 0
8108, 3347, 1, 4096, 0
8108, 4743, 1, 4096, 0
8108, 3742, 1, 4096, 0
8108, 9536, 1, 4096, 0
8110, 1007942, 1, 4096, 0
8110, 3421, 1, 4096, 0
8110, 2782, 1, 4096, 0
8110, 2199, 1, 4096, 0
8111, 720345, 1, 4096, 0
8111, 6306, 1, 4096, 0
8111, 3025, 1, 4096, 0
8112, 593703, 1, 4096, 0
8112, 7176, 1, 4096, 0
8112, 480350, 1, 4096, 0
8112, 178429, 1, 4096, 0
8112, 7192, 1, 4096, 0
8112, 2553, 1, 4096, 0
8113, 239149, 1, 4096, 0
8113, 5043, 1, 4096, 0
8113, 3094, 1, 4096, 0
8113, 2251, 1, 4096, 0
8113, 3591, 1, 4096, 0
8113, 2774, 1, 4096, 0
8113, 2389, 1, 4096, 0
8113, 2639, 1, 4096, 0
8113, 281765, 1, 4096, 0
8113, 6033, 1, 4096, 0
8113, 4547, 1, 4096, 0
8113, 2432, 1, 4096, 0
8113, 9285, 1, 4096, 0
8114, 102221, 1, 4096, 0
8115, 1065347, 1, 4096, 0
8115, 4709, 1, 4096, 0
8115, 5883, 1, 4096, 0
8115, 8573, 1, 4096, 0
8116, 10952, 1, 4096, 0
8116, 4026, 1, 4096, 0
8116, 4635, 1, 4096, 0
8116, 379082, 1, 4096, 0
8116, 410116, 1, 4096, 0
8116, 4451, 1, 4096, 0
8116, 3135, 1, 4096, 0
8118, 1379420, 1, 4096, 0
8119, 896786, 1, 4096, 0
8119, 4654, 1, 4096, 0
8119, 419366, 1, 4096, 0
8119, 21783, 1, 4096, 0
8119, 3635, 1, 4096, 0
8120, 847462, 1, 4096, 0
8121, 516982, 1, 4096, 0
8121, 215535, 1, 4096, 0
8122, 786872, 1, 4096, 0
8122, 679371, 1, 4096, 0
8122, 12517, 1, 4096, 0
8122, 2720, 1, 4096, 0
8122, 3232, 1, 4096, 0
8122, 3613, 1, 4096, 0
8122, 3800, 1, 4096, 0
8122, 3508, 1, 4096, 0
8122, 5382, 1, 4096, 0
8125, 2751643, 1, 4096, 0
8125, 9140, 1, 4096, 0
8126, 864806, 1, 4096, 0
8126, 99821, 1, 4096, 0
8126, 354027, 1, 4096, 0
8127, 133233, 1, 4096, 0
8127, 500706, 1, 4096, 0
8128, 692241, 1, 4096, 0
8128, 70369, 1, 4096, 0
8129, 947178, 1, 4096, 0
8130, 1005068, 1, 4096, 0
8130, 205930, 1, 4096, 0
8130, 346355, 1, 4096, 0
8130, 8453, 1, 4096, 0
8130, 3577, 1, 4096, 0
8130, 3415, 1, 4096, 0
8130, 4272, 1, 4096, 0
8130, 3852, 1, 4096, 0
8130, 4497, 1, 4096, 0
8130, 3359, 1, 4096, 0
8132, 1605008, 1, 4096, 0
8132, 6586, 1, 4096, 0
8132, 3675, 1, 4096, 0
8132, 3305, 1, 4096, 0
8132, 3568, 1, 4096, 0
8132, 2915, 1, 4096, 0
8132, 2878, 1, 4096, 0
8132, 2492, 1, 4096, 0
8134, 2022240, 1, 4096, 0
8135, 766952, 1, 4096, 0
8135, 7870, 1, 4096, 0
8135, 4212, 1, 4096, 0
8135, 3585, 1, 4096, 0
8135, 3619, 1, 4096, 0
8135, 3153, 1, 4096, 0
8135, 3273, 1, 4096, 0
8135, 4356, 1, 4096, 0
8135, 517642, 1, 4096, 0
8136, 5544, 1, 4096, 0
8136, 3481, 1, 4096, 0
8136, 4955, 1, 4096, 0
8136, 342184, 1, 4096, 0
8136, 7443, 1, 4096, 0
8136, 3815, 1, 4096, 0
8136, 3436, 1, 4096, 0
8136, 3724, 1, 4096, 0
8136, 3386, 1, 4096, 0
8136, 4554, 1, 4096, 0
8136, 2869, 1, 4096, 0
8136, 8940, 1, 4096, 0
8137, 8316, 1, 4096, 0
8137, 8098, 1, 4096, 0
8138, 10879, 1, 4096, 0
8138, 7263, 1, 4096, 0
8138, 5530, 1, 4096, 0
8138, 11873, 1, 4096, 0
8138, 9198, 1, 4096, 0
8138, 4700, 1, 4096, 0
8139, 6912, 1, 4096, 0
8139, 4731, 1, 4096, 0
8139, 6640, 1, 4096, 0
8139, 170656, 1, 4096, 0
8140, 209118, 1, 4096, 0
8140, 7761, 1, 4096, 0
8140, 3100, 1, 4096, 0
8140, 532874, 1, 4096, 0
8140, 6283, 1, 4096, 0
8140, 112363, 1, 4096, 0
8141, 951589, 1, 4096, 0
8141, 143495, 1, 4096, 0
8141, 6404, 1, 4096, 0
8141, 3142, 1, 4096, 0
8141, 2812, 1, 4096, 0
8141, 2739, 1, 4096, 0
8141, 2633, 1, 4096, 0
8141, 18681, 1, 4096, 0
8141, 9173, 1, 4096, 0
8142, 406534, 1, 4096, 0
8142, 6536, 1, 4096, 0
8142, 3104, 1, 4096, 0
8142, 637182, 1, 4096, 0
8143, 613233, 1, 4096, 0
8143, 218509, 1, 4096, 0
8144, 1178764, 1, 4096, 0
8144, 6162, 1, 4096, 0
8144, 3142, 1, 4096, 0
8146, 1995647, 1, 4096, 0
8146, 5554, 1, 4096, 0
8146, 2753, 1, 4096, 0
8146, 2581, 1, 4096, 0
8148, 1465564, 1, 4096, 0
8148, 5572, 1, 4096, 0
8148, 2737, 1, 4096, 0
8149, 702015, 1, 4096, 0
8149, 8188, 1, 4096, 0
8149, 3052, 1, 4096, 0
8149, 2102, 1, 4096, 0
8149, 2426, 1, 4096, 0
8149, 3174, 1, 4096, 0
8149, 3053, 1, 4096, 0
8149, 2946, 1, 4096, 0
8151, 2205393, 1, 4096, 0
8151, 10025, 1, 4096, 0
8152, 601719, 1, 4096, 0
8152, 5468, 1, 4096, 0
8152, 2930, 1, 4096, 0
8152, 2945, 1, 4096, 0
8152, 3542, 1, 4096, 0
8152, 800349, 1, 4096, 0
8154, 1958277, 1, 4096, 0
8154, 13864, 1, 4096, 0
8154, 3478, 1, 4096, 0
8155, 904951, 1, 4096, 0
8155, 5830, 1, 4096, 0
8157, 1488973, 1, 4096, 0
8157, 6851, 1, 4096, 0
8158, 718152, 1, 4096, 0
8158, 830046, 1, 4096, 0
8158, 7206, 1, 4096, 0
8158, 3463, 1, 4096, 0
8159, 1017702, 1, 4096, 0
8160, 208738, 1, 4096, 0
8160, 60564, 1, 4096, 0
8161, 1410794, 1, 4096, 0
8162, 533754, 1, 4096, 0
8162, 741120, 1, 4096, 0
8162, 3861, 1, 4096, 0
8162, 82550, 1, 4096, 0
8162, 3296, 1, 4096, 0
8163, 796945, 1, 4096, 0
8163, 6008, 1, 4096, 0
8164, 313367, 1, 4096, 0
8164, 891568, 1, 4096, 0
8165, 629204, 1, 4096, 0
8165, 5313, 1, 4096, 0
8165, 2890, 1, 4096, 0
8165, 137373, 1, 4096, 0
8166, 1164102, 1, 4096, 0
8167, 261764, 1, 4096, 0
8167, 183303, 1, 4096, 0
8167, 462833, 1, 4096, 0
8168, 537690, 1, 4096, 0
8168, 240292, 1, 4096, 0
8168, 80172, 1, 4096, 0
8168, 12415, 1, 4096, 0
8168, 2983, 1, 4096, 0
8168, 4323, 1, 4096, 0
8168, 4865, 1, 4096, 0
8168, 2959, 1, 4096, 0
8168, 3334, 1, 4096, 0
8168, 3084, 1, 4096, 0
8171, 2225293, 1, 4096, 0
8171, 144715, 1, 4096, 0
8171, 101284, 1, 4096, 0
8171, 9347, 1, 4096, 0
8171, 3463, 1, 4096, 0
8171, 3325, 1, 4096, 0
8171, 3339, 1, 4096, 0
8171, 2371, 1, 4096, 0
8171, 2834, 1, 4096, 0
8171, 3510, 1, 4096, 0
8173, 2422772, 1, 4096, 0
8173, 8710, 1, 4096, 0
8173, 4115, 1, 4096, 0
8173, 3154, 1, 4096, 0
8173, 3299, 1, 4096, 0
8173, 4215, 1, 4096, 0
8173, 3349, 1, 4096, 0
8173, 3308, 1, 4096, 0
8174, 309150, 1, 4096, 0
8174, 5632, 1, 4096, 0
8174, 92871, 1, 4096, 0
8176, 2493181, 1, 4096, 0
8176, 7097, 1, 4096, 0
8176, 5263, 1, 4096, 0
8176, 3779, 1, 4096, 0
8177, 354955, 1, 4096, 0
8177, 773655, 1, 4096, 0
8177, 5277, 1, 4096, 0
8177, 2957, 1, 4096, 0
8180, 2318193, 1, 4096, 0
8180, 427034, 1, 4096, 0
8180, 6419, 1, 4096, 0
8180, 3403, 1, 4096, 0
8180, 2796, 1, 4096, 0
8180, 3180, 1, 4096, 0
8180, 2842, 1, 4096, 0
8180, 2425, 1, 4096, 0
8180, 2785, 1, 4096, 0
8182, 2049555, 1, 4096, 0
8182, 9343, 1, 4096, 0
8182, 133900, 1, 4096, 0
8183, 765207, 1, 4096, 0
8183, 77437, 1, 4096, 0
8183, 27916, 1, 4096, 0
8183, 136879, 1, 4096, 0
8185, 1197488, 1, 4096, 0
8185, 24372, 1, 4096, 0
8185, 137469, 1, 4096, 0
8185, 530212, 1, 4096, 0
8185, 8244, 1, 4096, 0
8185, 4487, 1, 4096, 0
8185, 3767, 1, 4096, 0
8185, 24666, 1, 4096, 0
8185, 4511, 1, 4096, 0
8185, 9054, 1, 4096, 0
8185, 3340, 1, 4096, 0
8185, 85510, 1, 4096, 0
8185, 4813, 1, 4096, 0
8186, 790991, 1, 4096, 0
8187, 812045, 1, 4096, 0
8187, 6261, 1, 4096, 0
8187, 2148, 1, 4096, 0
8187, 2038, 1, 4096, 0
8187, 1593, 1, 4096, 0
8187, 2528, 1, 4096, 0
8187, 2310, 1, 4096, 0
8187, 2800, 1, 4096, 0
8189, 1824505, 1, 4096, 0
8189, 8312, 1, 4096, 0
8189, 3705, 1, 4096, 0
8189, 3505, 1, 4096, 0
8189, 3421, 1, 4096, 0
8189, 3143, 1, 4096, 0
8189, 3403, 1, 4096, 0
8189, 2827, 1, 4096, 0
8191, 1623909, 1, 4096, 0
8191, 653944, 1, 4096, 0
8191, 5225, 1, 4096, 0
8192, 868303, 1, 4096, 0
8192, 3714, 1, 4096, 0
8193, 633317, 1, 4096, 0
8193, 3633, 1, 4096, 0
8194, 949058, 1, 4096, 0
8194, 4445, 1, 4096, 0
8194, 3440, 1, 4096, 0
8194, 278891, 1, 4096, 0
8195, 899330, 1, 4096, 0
8195, 281268, 1, 4096, 0
8195, 3864, 1, 4096, 0
8196, 926995, 1, 4096, 0
8196, 6420, 1, 4096, 0
8197, 485030, 1, 4096, 0
8197, 371769, 1, 4096, 0
8197, 3386, 1, 4096, 0
8198, 478317, 1, 4096, 0
8198, 319631, 1, 4096, 0
8199, 839455, 1, 4096, 0
8199, 4315, 1, 4096, 0
8199, 3300, 1, 4096, 0
8199, 710634, 1, 4096, 0
8200, 310355, 1, 4096, 0
8200, 3665, 1, 4096, 0
8201, 1300198, 1, 4096, 0
8201, 5749, 1, 4096, 0
8201, 164792, 1, 4096, 0
8201, 3472, 1, 4096, 0
8202, 927242, 1, 4096, 0
8203, 347039, 1, 4096, 0
8203, 128080, 1, 4096, 0
8203, 8740, 1, 4096, 0
8203, 5275, 1, 4096, 0
8203, 4896, 1, 4096, 0
8203, 3135, 1, 4096, 0
8203, 3842, 1, 4096, 0
8203, 3925, 1, 4096, 0
8203, 3516, 1, 4096, 0
8205, 2100234, 1, 4096, 0
8205, 5700, 1, 4096, 0
8205, 3570, 1, 4096, 0
8205, 3201, 1, 4096, 0
8205, 3877, 1, 4096, 0
8205, 3299, 1, 4096, 0
8205, 3029, 1, 4096, 0
8205, 2985, 1, 4096, 0
8206, 1315405, 1, 4096, 0
8206, 7712, 1, 4096, 0
8206, 3546, 1, 4096, 0
8206, 3361, 1, 4096, 0
8206, 3463, 1, 4096, 0
8206, 3235, 1, 4096, 0
8206, 3660, 1, 4096, 0
8206, 3208, 1, 4096, 0
8207, 951172, 1, 4096, 0
8207, 8985, 1, 4096, 0
8207, 3508, 1, 4096, 0
8207, 3218, 1, 4096, 0
8207, 3135, 1, 4096, 0
8207, 3373, 1, 4096, 0
8207, 2877, 1, 4096, 0
8207, 3525, 1, 4096, 0
8210, 2303948, 1, 4096, 0
8210, 4724, 1, 4096, 0
8210, 3294, 1, 4096, 0
8210, 2652, 1, 4096, 0
8210, 2084, 1, 4096, 0
8210, 3505, 1, 4096, 0
8210, 2501, 1, 4096, 0
8211, 1340569, 1, 4096, 0
8211, 363096, 1, 4096, 0
8211, 7238, 1, 4096, 0
8212, 857257, 1, 4096, 0
8212, 4554, 1, 4096, 0
8212, 2923, 1, 4096, 0
8212, 1715, 1, 4096, 0
8213, 488755, 1, 4096, 0
8213, 5410, 1, 4096, 0
8213, 410898, 1, 4096, 0
8215, 2047673, 1, 4096, 0
8215, 6236, 1, 4096, 0
8215, 172071, 1, 4096, 0
8215, 6515, 1, 4096, 0
8215, 3819, 1, 4096, 0
8215, 10323, 1, 4096, 0
8215, 3952, 1, 4096, 0
8215, 3261, 1, 4096, 0
8215, 2893, 1, 4096, 0
8215, 3359, 1, 4096, 0
8216, 283907, 1, 4096, 0
8216, 5599, 1, 4096, 0
8216, 33058, 1, 4096, 0
8216, 473122, 1, 4096, 0
8216, 2975, 1, 4096, 0
8216, 2461, 1, 4096, 0
8217, 1125863, 1, 4096, 0
8217, 21474, 1, 4096, 0
8217, 4740, 1, 4096, 0
8217, 2708, 1, 4096, 0
8217, 5272, 1, 4096, 0
8217, 3272, 1, 4096, 0
8217, 3510, 1, 4096, 0
8217, 3640, 1, 4096, 0
8218, 133099, 1, 4096, 0
8218, 308490, 1, 4096, 0
8218, 20891, 1, 4096, 0
8218, 343114, 1, 4096, 0
8218, 3898, 1, 4096, 0
8218, 2345, 1, 4096, 0
8219, 981096, 1, 4096, 0
8220, 740683, 1, 4096, 0
8220, 12304, 1, 4096, 0
8220, 3270, 1, 4096, 0
8220, 3505, 1, 4096, 0
8220, 2678, 1, 4096, 0
8220, 3949, 1, 4096, 0
8220, 5761, 1, 4096, 0
8220, 3078, 1, 4096, 0
8223, 2868839, 1, 4096, 0
8223, 372072, 1, 4096, 0
8224, 396230, 1, 4096, 0
8224, 213981, 1, 4096, 0
8224, 5693, 1, 4096, 0
8224, 130210, 1, 4096, 0
8224, 3850, 1, 4096, 0
8225, 873883, 1, 4096, 0
8226, 782601, 1, 4096, 0
8226, 326759, 1, 4096, 0
8227, 467076, 1, 4096, 0
8228, 1137803, 1, 4096, 0
8228, 642926, 1, 4096, 0
8229, 132556, 1, 4096, 0
8229, 4651, 1, 4096, 0
8229, 169783, 1, 4096, 0
8229, 167509, 1, 4096, 0
8229, 20516, 1, 4096, 0
8229, 262887, 1, 4096, 0
8230, 438785, 1, 4096, 0
8232, 1897502, 1, 4096, 0
8232, 224324, 1, 4096, 0
8232, 61558, 1, 4096, 0
8232, 188588, 1, 4096, 0
8233, 678981, 1, 4096, 0
8233, 589083, 1, 4096, 0
8234, 489525, 1, 4096, 0
8234, 560784, 1, 4096, 0
8234, 7204, 1, 4096, 0
8235, 98582, 1, 4096, 0
8236, 1180081, 1, 4096, 0
8237, 955453, 1, 4096, 0
8237, 577452, 1, 4096, 0
8237, 5088, 1, 4096, 0
8237, 99956, 1, 4096, 0
8238, 434449, 1, 4096, 0
8238, 154729, 1, 4096, 0
8239, 1146534, 1, 4096, 0
8239, 104639, 1, 4096, 0
8239, 219631, 1, 4096, 0
8240, 62149, 1, 4096, 0
8240, 598375, 1, 4096, 0
8241, 583777, 1, 4096, 0
8241, 6463, 1, 4096, 0
8242, 865643, 1, 4096, 0
8243, 1330536, 1, 4096, 0
8243, 134115, 1, 4096, 0
8244, 898600, 1, 4096, 0
8244, 77535, 1, 4096, 0
8244, 184365, 1, 4096, 0
8245, 583650, 1, 4096, 0
8245, 150020, 1, 4096, 0
8246, 1001382, 1, 4096, 0
8247, 1353440, 1, 4096, 0
8247, 7588, 1, 4096, 0
8247, 3794, 1, 4096, 0
8247, 4207, 1, 4096, 0
8247, 3780, 1, 4096, 0
8247, 3536, 1, 4096, 0
8247, 3948, 1, 4096, 0
8247, 3738, 1, 4096, 0
8248, 228816, 1, 4096, 0
8248, 320786, 1, 4096, 0
8248, 7965, 1, 4096, 0
8248, 4864, 1, 4096, 0
8248, 3600, 1, 4096, 0
8248, 2954, 1, 4096, 0
8248, 3625, 1, 4096, 0
8248, 3442, 1, 4096, 0
8248, 2893, 1, 4096, 0
8252, 3551805, 1, 4096, 0
8252, 8475, 1, 4096, 0
8252, 87917, 1, 4096, 0
8252, 6420, 1, 4096, 0
8252, 4217, 1, 4096, 0
8253, 1183647, 1, 4096, 0
8253, 161855, 1, 4096, 0
8253, 7108, 1, 4096, 0
8253, 2522, 1, 4096, 0
8253, 3271, 1, 4096, 0
8253, 3112, 1, 4096, 0
8253, 3580, 1, 4096, 0
8254, 517835, 1, 4096, 0
8254, 7892, 1, 4096, 0
8254, 3195, 1, 4096, 0
8254, 2683, 1, 4096, 0
8254, 3646, 1, 4096, 0
8254, 3096, 1, 4096, 0
8254, 2906, 1, 4096, 0
8254, 2824, 1, 4096, 0
8254, 493469, 1, 4096, 0
8254, 8340, 1, 4096, 0
8254, 4042, 1, 4096, 0
8254, 3082, 1, 4096, 0
8254, 74284, 1, 4096, 0
8254, 4398, 1, 4096, 0
8254, 6185, 1, 4096, 0
8255, 6792, 1, 4096, 0
8255, 9927, 1, 4096, 0
8255, 3470, 1, 4096, 0
8255, 6705, 1, 4096, 0
8255, 9465, 1, 4096, 0
8256, 4841, 1, 4096, 0
8256, 3034, 1, 4096, 0
8256, 3732, 1, 4096, 0
8258, 1580229, 1, 4096, 0
8258, 3717, 1, 4096, 0
8258, 10491, 1, 4096, 0
8258, 416511, 1, 4096, 0
8260, 1679944, 1, 4096, 0
8260, 4157, 1, 4096, 0
8260, 3366, 1, 4096, 0
8262, 1909163, 1, 4096, 0
8262, 5800, 1, 4096, 0
8262, 7417, 1, 4096, 0
8262, 397816, 1, 4096, 0
8262, 3070, 1, 4096, 0
8262, 151684, 1, 4096, 0
8262, 13065, 1, 4096, 0
8263, 1307336, 1, 4096, 0
8266, 2194039, 1, 4096, 0
8266, 6814, 1, 4096, 0
8266, 3472, 1, 4096, 0
8266, 3100, 1, 4096, 0
8266, 2563, 1, 4096, 0
8266, 275625, 1, 4096, 0
8266, 6885, 1, 4096, 0
8267, 1434455, 1, 4096, 0
8269, 2056173, 1, 4096, 0
8269, 6456, 1, 4096, 0
8269, 3635, 1, 4096, 0
8269, 3012, 1, 4096, 0
8269, 3261, 1, 4096, 0
8270, 90756, 1, 4096, 0
8270, 120672, 1, 4096, 0
8270, 4884, 1, 4096, 0
8270, 3218, 1, 4096, 0
8270, 2854, 1, 4096, 0
8270, 2871, 1, 4096, 0
8270, 2798, 1, 4096, 0
8270, 3880, 1, 4096, 0
8270, 1996, 1, 4096, 0
8271, 1646439, 1, 4096, 0
8272, 119343, 1, 4096, 0
8272, 77699, 1, 4096, 0
8272, 7264, 1, 4096, 0
8272, 2749, 1, 4096, 0
8272, 3229, 1, 4096, 0
8272, 2891, 1, 4096, 0
8272, 3240, 1, 4096, 0
8272, 4330, 1, 4096, 0
8272, 4001, 1, 4096, 0
8274, 1969132, 1, 4096, 0
8274, 13655, 1, 4096, 0
8274, 3740, 1, 4096, 0
8274, 3979, 1, 4096, 0
8274, 3339, 1, 4096, 0
8274, 3304, 1, 4096, 0
8274, 2248, 1, 4096, 0
8274, 1998, 1, 4096, 0
8274, 710248, 1, 4096, 0
8274, 7295, 1, 4096, 0
8274, 2369, 1, 4096, 0
8274, 3770, 1, 4096, 0
8274, 2329, 1, 4096, 0
8275, 219376, 1, 4096, 0
8275, 343349, 1, 4096, 0
8278, 2570606, 1, 4096, 0
8278, 5543, 1, 4096, 0
8278, 765426, 1, 4096, 0
8278, 9702, 1, 4096, 0
8278, 3391, 1, 4096, 0
8278, 2713, 1, 4096, 0
8279, 487945, 1, 4096, 0
8279, 70545, 1, 4096, 0
8280, 1340776, 1, 4096, 0
8280, 7764, 1, 4096, 0
8280, 4722, 1, 4096, 0
8280, 4173, 1, 4096, 0
8280, 3707, 1, 4096, 0
8280, 3393, 1, 4096, 0
8280, 3757, 1, 4096, 0
8280, 3407, 1, 4096, 0
8282, 2115398, 1, 4096, 0
8282, 5692, 1, 4096, 0
8282, 3159, 1, 4096, 0
8282, 3303, 1, 4096, 0
8282, 1878, 1, 4096, 0
8282, 2568, 1, 4096, 0
8282, 2279, 1, 4096, 0
8282, 2971, 1, 4096, 0
8283, 330755, 1, 4096, 0
8283, 7352, 1, 4096, 0
8284, 923783, 1, 4096, 0
8284, 7417, 1, 4096, 0
8284, 3223, 1, 4096, 0
8284, 2684, 1, 4096, 0
8284, 3312, 1, 4096, 0
8284, 3476, 1, 4096, 0
8284, 9712, 1, 4096, 0
8284, 7008, 1, 4096, 0
8287, 2661737, 1, 4096, 0
8287, 7036, 1, 4096, 0
8287, 2674, 1, 4096, 0
8287, 189201, 1, 4096, 0
8287, 54927, 1, 4096, 0
8290, 2257715, 1, 4096, 0
8290, 8377, 1, 4096, 0
8290, 188565, 1, 4096, 0
8291, 1069392, 1, 4096, 0
8291, 306956, 1, 4096, 0
8292, 644114, 1, 4096, 0
8292, 81832, 1, 4096, 0
8292, 78023, 1, 4096, 0
8294, 1837718, 1, 4096, 0
8294, 7437, 1, 4096, 0
8295, 898776, 1, 4096, 0
8295, 195886, 1, 4096, 0
8295, 4752, 1, 4096, 0
8295, 18521, 1, 4096, 0
8296, 575860, 1, 4096, 0
8296, 5128, 1, 4096, 0
8297, 1169012, 1, 4096, 0
8297, 8026, 1, 4096, 0
8298, 708737, 1, 4096, 0
8298, 6921, 1, 4096, 0
8298, 4451, 1, 4096, 0
8298, 3644, 1, 4096, 0
8298, 3908, 1, 4096, 0
8298, 10953, 1, 4096, 0
8298, 3875, 1, 4096, 0
8298, 3452, 1, 4096, 0
8300, 2142076, 1, 4096, 0
8300, 275356, 1, 4096, 0
8301, 620480, 1, 4096, 0
8301, 793895, 1, 4096, 0
8301, 3953, 1, 4096, 0
8301, 4675, 1, 4096, 0
8302, 3306, 1, 4096, 0
8303, 1570376, 1, 4096, 0
8305, 2062072, 1, 4096, 0
8305, 8287, 1, 4096, 0
8305, 4125, 1, 4096, 0
8305, 2908, 1, 4096, 0
8305, 3335, 1, 4096, 0
8305, 2667, 1, 4096, 0
8305, 235017, 1, 4096, 0
8308, 2313720, 1, 4096, 0
8308, 8625, 1, 4096, 0
8308, 3979, 1, 4096, 0
8308, 607254, 1, 4096, 0
8308, 5157, 1, 4096, 0
8309, 317889, 1, 4096, 0
8309, 6234, 1, 4096, 0
8309, 3592, 1, 4096, 0
8309, 3295, 1, 4096, 0
8309, 3287, 1, 4096, 0
8309, 2874, 1, 4096, 0
8309, 3653, 1, 4096, 0
8309, 3181, 1, 4096, 0
8312, 2908281, 1, 4096, 0
8312, 9903, 1, 4096, 0
8312, 42867, 1, 4096, 0
8312, 7987, 1, 4096, 0
8312, 631302, 1, 4096, 0
8312, 7494, 1, 4096, 0
8312, 3185, 1, 4096, 0
8312, 2882, 1, 4096, 0
8312, 3013, 1, 4096, 0
8312, 2844, 1, 4096, 0
8312, 2873, 1, 4096, 0
8312, 3014, 1, 4096, 0
8316, 3095732, 1, 4096, 0
8316, 6326, 1, 4096, 0
8316, 3378, 1, 4096, 0
8316, 288548, 1, 4096, 0
8316, 9409, 1, 4096, 0
8316, 3532, 1, 4096, 0
8316, 21789, 1, 4096, 0
8316, 7231, 1, 4096, 0
8316, 4138, 1, 4096, 0
8316, 3316, 1, 4096, 0
8316, 2766, 1, 4096, 0
8316, 1848, 1, 4096, 0
8316, 2557, 1, 4096, 0
8316, 2472, 1, 4096, 0
8316, 95274, 1, 4096, 0
8316, 6692, 1, 4096, 0
8316, 3099, 1, 4096, 0
8316, 3526, 1, 4096, 0
8316, 3132, 1, 4096, 0
8316, 2823, 1, 4096, 0
8316, 2924, 1, 4096, 0
8316, 3055, 1, 4096, 0
8318, 1662814, 1, 4096, 0
8318, 6896, 1, 4096, 0
8319, 456087, 1, 4096, 0
8319, 6260, 1, 4096, 0
8319, 3096, 1, 4096, 0
8319, 545048, 1, 4096, 0
8320, 261536, 1, 4096, 0
8320, 735744, 1, 4096, 0
8320, 5768, 1, 4096, 0
8320, 2006, 1, 4096, 0
8320, 8887, 1, 4096, 0
8320, 2631, 1, 4096, 0
8320, 3112, 1, 4096, 0
8320, 2794, 1, 4096, 0
8321, 474471, 1, 4096, 0
8322, 1284395, 1, 4096, 0
8322, 8514, 1, 4096, 0
8322, 3107, 1, 4096, 0
8322, 3326, 1, 4096, 0
8322, 3907, 1, 4096, 0
8322, 3689, 1, 4096, 0
8322, 2793, 1, 4096, 0
8322, 2782, 1, 4096, 0
8325, 2900019, 1, 4096, 0
8325, 8935, 1, 4096, 0
8325, 3200, 1, 4096, 0
8325, 2679, 1, 4096, 0
8325, 3265, 1, 4096, 0
8325, 2752, 1, 4096, 0
8325, 2538, 1, 4096, 0
8325, 3386, 1, 4096, 0
8326, 657408, 1, 4096, 0
8326, 8070, 1, 4096, 0
8326, 2925, 1, 4096, 0
8326, 4245, 1, 4096, 0
8326, 2616, 1, 4096, 0
8326, 3013, 1, 4096, 0
8326, 2649, 1, 4096, 0
8326, 2752, 1, 4096, 0
8326, 158520, 1, 4096, 0
8326, 6381, 1, 4096, 0
8326, 4050, 1, 4096, 0
8326, 3343, 1, 4096, 0
8326, 3147, 1, 4096, 0
8326, 2984, 1, 4096, 0
8326, 2678, 1, 4096, 0
8326, 2628, 1, 4096, 0
8328, 1364557, 1, 4096, 0
8329, 257905, 1, 4096, 0
8329, 128126, 1, 4096, 0
8329, 280612, 1, 4096, 0
8329, 6776, 1, 4096, 0
8329, 2767, 1, 4096, 0
8329, 2198, 1, 4096, 0
8329, 122460, 1, 4096, 0
8329, 8329, 1, 4096, 0
8329, 3203, 1, 4096, 0
8329, 4889, 1, 4096, 0
8329, 3077, 1, 4096, 0
8329, 3358, 1, 4096, 0
8329, 7941, 1, 4096, 0
8330, 8398, 1, 4096, 0
8330, 9719, 1, 4096, 0
8330, 3361, 1, 4096, 0
8330, 53445, 1, 4096, 0
8330, 5319, 1, 4096, 0
8330, 3053, 1, 4096, 0
8330, 3161, 1, 4096, 0
8331, 801747, 1, 4096, 0
8332, 1227211, 1, 4096, 0
8332, 58942, 1, 4096, 0
8332, 289634, 1, 4096, 0
8333, 233883, 1, 4096, 0
8333, 120473, 1, 4096, 0
8333, 141760, 1, 4096, 0
8333, 230034, 1, 4096, 0
8333, 146113, 1, 4096, 0
8334, 500446, 1, 4096, 0
8334, 55125, 1, 4096, 0
8336, 1880745, 1, 4096, 0
8336, 6913, 1, 4096, 0
8336, 4078, 1, 4096, 0
8336, 3195, 1, 4096, 0
8336, 422673, 1, 4096, 0
8336, 394803, 1, 4096, 0
8336, 8581, 1, 4096, 0
8337, 25008, 1, 4096, 0
8337, 7468, 1, 4096, 0
8337, 4022, 1, 4096, 0
8337, 2998, 1, 4096, 0
8337, 3569, 1, 4096, 0
8337, 3374, 1, 4096, 0
8337, 4428, 1, 4096, 0
8337, 2745, 1, 4096, 0
8338, 1899271, 1, 4096, 0
8339, 586357, 1, 4096, 0
8339, 7241, 1, 4096, 0
8339, 5222, 1, 4096, 0
8339, 4468, 1, 4096, 0
8339, 3385, 1, 4096, 0
8339, 4521, 1, 4096, 0
8339, 3642, 1, 4096, 0
8339, 3982, 1, 4096, 0
8340, 1221800, 1, 4096, 0
8340, 25095, 1, 4096, 0
8340, 2867, 1, 4096, 0
8340, 2477, 1, 4096, 0
8340, 2792, 1, 4096, 0
8340, 3683, 1, 4096, 0
8340, 2758, 1, 4096, 0
8340, 3032, 1, 4096, 0
8341, 911534, 1, 4096, 0
8341, 6413, 1, 4096, 0
8341, 3301, 1, 4096, 0
8341, 5674, 1, 4096, 0
8341, 2842, 1, 4096, 0
8341, 2810, 1, 4096, 0
8341, 6666, 1, 4096, 0
8345, 3545657, 1, 4096, 0
8346, 597288, 1, 4096, 0
8348, 2038592, 1, 4096, 0
8348, 6251, 1, 4096, 0
8348, 4746, 1, 4096, 0
8348, 3293, 1, 4096, 0
8348, 3228, 1, 4096, 0
8349, 872635, 1, 4096, 0
8349, 6378, 1, 4096, 0
8349, 814848, 1, 4096, 0
8352, 2235173, 1, 4096, 0
8352, 8471, 1, 4096, 0
8352, 3574, 1, 4096, 0
8353, 1646466, 1, 4096, 0
8353, 8148, 1, 4096, 0
8354, 436253, 1, 4096, 0
8354, 286805, 1, 4096, 0
8354, 313647, 1, 4096, 0
8354, 15723, 1, 4096, 0
8355, 594431, 1, 4096, 0
8356, 710934, 1, 4096, 0
8356, 614857, 1, 4096, 0
8356, 6557, 1, 4096, 0
8356, 3506, 1, 4096, 0
8357, 242669, 1, 4096, 0
8357, 36244, 1, 4096, 0
8358, 1015767, 1, 4096, 0
8358, 5883, 1, 4096, 0
8358, 2498, 1, 4096, 0
8358, 2264, 1, 4096, 0
8358, 2472, 1, 4096, 0
8358, 2397, 1, 4096, 0
8358, 2063, 1, 4096, 0
8358, 1833, 1, 4096, 0
8359, 1721958, 1, 4096, 0
8361, 1622155, 1, 4096, 0
8361, 322315, 1, 4096, 0
8361, 9657, 1, 4096, 0
8361, 3349, 1, 4096, 0
8361, 7786, 1, 4096, 0
8361, 3229, 1, 4096, 0
8361, 3017, 1, 4096, 0
8361, 3643, 1, 4096, 0
8361, 3075, 1, 4096, 0
8364, 2650300, 1, 4096, 0
8365, 879348, 1, 4096, 0
8365, 5320, 1, 4096, 0
8365, 3098, 1, 4096, 0
8365, 3024, 1, 4096, 0
8365, 1762, 1, 4096, 0
8365, 2153, 1, 4096, 0
8366, 837095, 1, 4096, 0
8366, 4522, 1, 4096, 0
8367, 1044000, 1, 4096, 0
8367, 326294, 1, 4096, 0
8368, 563074, 1, 4096, 0
8368, 705419, 1, 4096, 0
8368, 7816, 1, 4096, 0
8368, 3139, 1, 4096, 0
8368, 2591, 1, 4096, 0
8369, 99849, 1, 4096, 0
8369, 6417, 1, 4096, 0
8369, 3693, 1, 4096, 0
8369, 4074, 1, 4096, 0
8369, 3508, 1, 4096, 0
8369, 2884, 1, 4096, 0
8369, 2872, 1, 4096, 0
8369, 3205, 1, 4096, 0
8370, 1822544, 1, 4096, 0
8370, 4768, 1, 4096, 0
8370, 2867, 1, 4096, 0
8370, 2501, 1, 4096, 0
8370, 3116, 1, 4096, 0
8371, 618256, 1, 4096, 0
8371, 6538, 1, 4096, 0
8371, 2926, 1, 4096, 0
8371, 1850, 1, 4096, 0
8371, 1871, 1, 4096, 0
8371, 1963, 1, 4096, 0
8371, 1963, 1, 4096, 0
8371, 1878, 1, 4096, 0
8373, 1606497, 1, 4096, 0
8373, 7258, 1, 4096, 0
8373, 4441, 1, 4096, 0
8373, 3220, 1, 4096, 0
8373, 4747, 1, 4096, 0
8373, 4296, 1, 4096, 0
8373, 3049, 1, 4096, 0
8375, 2015567, 1, 4096, 0
8377, 1552267, 1, 4096, 0
8377, 21943, 1, 4096, 0
8377, 3057, 1, 4096, 0
8377, 341250, 1, 4096, 0
8377, 135761, 1, 4096, 0
8378, 416542, 1, 4096, 0
8378, 4239, 1, 4096, 0
8378, 393209, 1, 4096, 0
8379, 1035745, 1, 4096, 0
8379, 8264, 1, 4096, 0
8379, 5446, 1, 4096, 0
8379, 4018, 1, 4096, 0
8379, 3914, 1, 4096, 0
8379, 3250, 1, 4096, 0
8379, 4010, 1, 4096, 0
8379, 2500, 1, 4096, 0
8381, 1844026, 1, 4096, 0
8381, 496421, 1, 4096, 0
8381, 41492, 1, 4096, 0
8381, 8045, 1, 4096, 0
8381, 3248, 1, 4096, 0
8381, 2225, 1, 4096, 0
8381, 2222, 1, 4096, 0
8381, 2144, 1, 4096, 0
8381, 2712, 1, 4096, 0
8381, 2522, 1, 4096, 0
8384, 2205516, 1, 4096, 0
8384, 5353, 1, 4096, 0
8384, 2745, 1, 4096, 0
8384, 2625, 1, 4096, 0
8384, 3400, 1, 4096, 0
8384, 3397, 1, 4096, 0
8384, 3201, 1, 4096, 0
8384, 3228, 1, 4096, 0
8386, 2000505, 1, 4096, 0
8386, 8114, 1, 4096, 0
8386, 3481, 1, 4096, 0
8386, 3246, 1, 4096, 0
8386, 2709, 1, 4096, 0
8386, 210708, 1, 4096, 0
8386, 217894, 1, 4096, 0
8388, 2137512, 1, 4096, 0
8388, 12217, 1, 4096, 0
8389, 451368, 1, 4096, 0
8389, 4722, 1, 4096, 0
8389, 3180, 1, 4096, 0
8389, 2941, 1, 4096, 0
8389, 2831, 1, 4096, 0
8389, 3215, 1, 4096, 0
8389, 3044, 1, 4096, 0
8389, 2370, 1, 4096, 0
8393, 4537520, 1, 4096, 0
8393, 9371, 1, 4096, 0
8393, 4310, 1, 4096, 0
8393, 4762, 1, 4096, 0
8393, 4317, 1, 4096, 0
8393, 3212, 1, 4096, 0
8393, 4801, 1, 4096, 0
8393, 4662, 1, 4096, 0
8396, 2701981, 1, 4096, 0
8396, 8765, 1, 4096, 0
8396, 318829, 1, 4096, 0
8396, 5628, 1, 4096, 0
8397, 601044, 1, 4096, 0
8397, 368185, 1, 4096, 0
8397, 5135, 1, 4096, 0
8397, 3388, 1, 4096, 0
8397, 2958, 1, 4096, 0
8397, 3171, 1, 4096, 0
8398, 2958, 1, 4096, 0
8398, 2630, 1, 4096, 0
8398, 3354, 1, 4096, 0
8401, 3391066, 1, 4096, 0
8401, 67745, 1, 4096, 0
8401, 49665, 1, 4096, 0
8403, 1811907, 1, 4096, 0
8403, 8690, 1, 4096, 0
8403, 3475, 1, 4096, 0
8403, 3404, 1, 4096, 0
8403, 55640, 1, 4096, 0
8404, 584276, 1, 4096, 0
8404, 5986, 1, 4096, 0
8404, 2909, 1, 4096, 0
8404, 3254, 1, 4096, 0
8404, 2074, 1, 4096, 0
8404, 2788, 1, 4096, 0
8404, 3989, 1, 4096, 0
8404, 3696, 1, 4096, 0
8406, 2575759, 1, 4096, 0
8407, 774557, 1, 4096, 0
8407, 8029, 1, 4096, 0
8407, 6205, 1, 4096, 0
8407, 221400, 1, 4096, 0
8407, 10296, 1, 4096, 0
8409, 1407551, 1, 4096, 0
8409, 8390, 1, 4096, 0
8409, 26335, 1, 4096, 0
8410, 1333337, 1, 4096, 0
8410, 212632, 1, 4096, 0
8410, 105070, 1, 4096, 0
8410, 181023, 1, 4096, 0
8413, 2067333, 1, 4096, 0
8413, 8060, 1, 4096, 0
8413, 26908, 1, 4096, 0
8414, 973863, 1, 4096, 0
8414, 7098, 1, 4096, 0
8414, 3991, 1, 4096, 0
8414, 4480, 1, 4096, 0
8414, 171027, 1, 4096, 0
8416, 2321194, 1, 4096, 0
8416, 7117, 1, 4096, 0
8416, 3703, 1, 4096, 0
8416, 13112, 1, 4096, 0
8416, 112554, 1, 4096, 0
8416, 167922, 1, 4096, 0
8416, 7571, 1, 4096, 0
8416, 3661, 1, 4096, 0
8416, 3208, 1, 4096, 0
8416, 2936, 1, 4096, 0
8416, 2504, 1, 4096, 0
8416, 3453, 1, 4096, 0
8416, 3384, 1, 4096, 0
8419, 2394822, 1, 4096, 0
8419, 8944, 1, 4096, 0
8420, 846888, 1, 4096, 0
8420, 7342, 1, 4096, 0
8420, 130843, 1, 4096, 0
8420, 39065, 1, 4096, 0
8422, 2556489, 1, 4096, 0
8422, 7906, 1, 4096, 0
8422, 3140, 1, 4096, 0
8424, 1053519, 1, 4096, 0
8424, 231391, 1, 4096, 0
8424, 471353, 1, 4096, 0
8425, 318394, 1, 4096, 0
8425, 9369, 1, 4096, 0
8425, 3664, 1, 4096, 0
8425, 2788, 1, 4096, 0
8425, 3891, 1, 4096, 0
8425, 2904, 1, 4096, 0
8425, 2971, 1, 4096, 0
8425, 4847, 1, 4096, 0
8427, 2638514, 1, 4096, 0
8427, 6780, 1, 4096, 0
8427, 3194, 1, 4096, 0
8427, 3474, 1, 4096, 0
8427, 2938, 1, 4096, 0
8427, 2716, 1, 4096, 0
8427, 2928, 1, 4096, 0
8427, 2854, 1, 4096, 0
8428, 665593, 1, 4096, 0
8428, 6850, 1, 4096, 0
8428, 4586, 1, 4096, 0
8428, 4120, 1, 4096, 0
8428, 3275, 1, 4096, 0
8428, 3240, 1, 4096, 0
8428, 4429, 1, 4096, 0
8428, 3965, 1, 4096, 0
8430, 2313433, 1, 4096, 0
8430, 8861, 1, 4096, 0
8430, 3609, 1, 4096, 0
8430, 2876, 1, 4096, 0
8431, 288453, 1, 4096, 0
8431, 61933, 1, 4096, 0
8432, 988940, 1, 4096, 0
8432, 7944, 1, 4096, 0
8432, 3179, 1, 4096, 0
8432, 2778, 1, 4096, 0
8432, 2639, 1, 4096, 0
8432, 3162, 1, 4096, 0
8432, 4818, 1, 4096, 0
8432, 3397, 1, 4096, 0
8434, 2047879, 1, 4096, 0
8434, 10023, 1, 4096, 0
8434, 3313, 1, 4096, 0
8434, 4605, 1, 4096, 0
8435, 929743, 1, 4096, 0
8435, 9504, 1, 4096, 0
8435, 4182, 1, 4096, 0
8435, 3305, 1, 4096, 0
8435, 2961, 1, 4096, 0
8435, 4807, 1, 4096, 0
8435, 3142, 1, 4096, 0
8435, 4104, 1, 4096, 0
8436, 1121791, 1, 4096, 0
8436, 6876, 1, 4096, 0
8436, 3595, 1, 4096, 0
8436, 2903, 1, 4096, 0
8437, 1039886, 1, 4096, 0
8437, 325065, 1, 4096, 0
8437, 7082, 1, 4096, 0
8437, 3105, 1, 4096, 0
8437, 3100, 1, 4096, 0
8437, 2727, 1, 4096, 0
8437, 2589, 1, 4096, 0
8437, 2983, 1, 4096, 0
8437, 3054, 1, 4096, 0
8438, 114672, 1, 4096, 0
8438, 7009, 1, 4096, 0
8438, 4185, 1, 4096, 0
8438, 2775, 1, 4096, 0
8438, 3248, 1, 4096, 0
8438, 3575, 1, 4096, 0
8438, 3190, 1, 4096, 0
8438, 8383, 1, 4096, 0
8438, 12340, 1, 4096, 0
8438, 9523, 1, 4096, 0
8438, 12291, 1, 4096, 0
8438, 10701, 1, 4096, 0
8438, 4867, 1, 4096, 0
8439, 6582, 1, 4096, 0
8439, 3921, 1, 4096, 0
8439, 3210, 1, 4096, 0
8440, 12821, 1, 4096, 0
8440, 8135, 1, 4096, 0
8440, 4585, 1, 4096, 0
8440, 4322, 1, 4096, 0
8440, 4175, 1, 4096, 0
8440, 6449, 1, 4096, 0
8440, 9719, 1, 4096, 0
8440, 9531, 1, 4096, 0
8440, 3181, 1, 4096, 0
8440, 10686, 1, 4096, 0
8440, 4089, 1, 4096, 0
8441, 5382, 1, 4096, 0
8441, 4006, 1, 4096, 0
8442, 7419, 1, 4096, 0
8442, 7197, 1, 4096, 0
8442, 2857, 1, 4096, 0
8442, 5385, 1, 4096, 0
8442, 5547, 1, 4096, 0
8442, 5507, 1, 4096, 0
8442, 9731, 1, 4096, 0
8442, 4602, 1, 4096, 0
8442, 3637, 1, 4096, 0
8442, 9828, 1, 4096, 0
8442, 5803, 1, 4096, 0
8442, 3244, 1, 4096, 0
8442, 7403, 1, 4096, 0
8443, 8098, 1, 4096, 0
8443, 7099, 1, 4096, 0
8443, 430406, 1, 4096, 0
8443, 5364, 1, 4096, 0
8443, 3395, 1, 4096, 0
8444, 8616, 1, 4096, 0
8444, 3065, 1, 4096, 0
8444, 4930, 1, 4096, 0
8445, 414323, 1, 4096, 0
8445, 6083, 1, 4096, 0
8445, 2706, 1, 4096, 0
8445, 5016, 1, 4096, 0
8445, 5641, 1, 4096, 0
8445, 154721, 1, 4096, 0
8445, 9945, 1, 4096, 0
8445, 8974, 1, 4096, 0
8446, 79331, 1, 4096, 0
8446, 277792, 1, 4096, 0
8446, 4584, 1, 4096, 0
8446, 57781, 1, 4096, 0
8446, 95865, 1, 4096, 0
8448, 2452783, 1, 4096, 0
8448, 6937, 1, 4096, 0
8448, 3984, 1, 4096, 0
8450, 1291848, 1, 4096, 0
8450, 6497, 1, 4096, 0
8450, 91807, 1, 4096, 0
8451, 726681, 1, 4096, 0
8451, 8966, 1, 4096, 0
8451, 199697, 1, 4096, 0
8451, 6120, 1, 4096, 0
8451, 104929, 1, 4096, 0
8451, 9242, 1, 4096, 0
8451, 2809, 1, 4096, 0
8451, 1822, 1, 4096, 0
8451, 2189, 1, 4096, 0
8451, 1681, 1, 4096, 0
8451, 2889, 1, 4096, 0
8451, 2074, 1, 4096, 0
8453, 2319388, 1, 4096, 0
8453, 10833, 1, 4096, 0
8453, 3887, 1, 4096, 0
8453, 2998, 1, 4096, 0
8453, 9086, 1, 4096, 0
8453, 4253, 1, 4096, 0
8453, 3886, 1, 4096, 0
8453, 3278, 1, 4096, 0
8453, 20226, 1, 4096, 0
8453, 8375, 1, 4096, 0
8453, 5619, 1, 4096, 0
8453, 4446, 1, 4096, 0
8453, 2756, 1, 4096, 0
8453, 4116, 1, 4096, 0
8453, 6024, 1, 4096, 0
8453, 3649, 1, 4096, 0
8457, 3730061, 1, 4096, 0
8457, 7136, 1, 4096, 0
8457, 4737, 1, 4096, 0
8457, 2754, 1, 4096, 0
8457, 2659, 1, 4096, 0
8458, 448248, 1, 4096, 0
8458, 6251, 1, 4096, 0
8458, 3842, 1, 4096, 0
8458, 523821, 1, 4096, 0
8458, 23031, 1, 4096, 0
8458, 4942, 1, 4096, 0
8458, 3370, 1, 4096, 0
8458, 6849, 1, 4096, 0
8458, 2922, 1, 4096, 0
8458, 3061, 1, 4096, 0
8458, 64366, 1, 4096, 0
8461, 2164891, 1, 4096, 0
8461, 9589, 1, 4096, 0
8461, 191395, 1, 4096, 0
8461, 6959, 1, 4096, 0
8461, 3049, 1, 4096, 0
8461, 3302, 1, 4096, 0
8461, 3424, 1, 4096, 0
8461, 3855, 1, 4096, 0
8461, 3408, 1, 4096, 0
8461, 2996, 1, 4096, 0
8461, 295041, 1, 4096, 0
8461, 5020, 1, 4096, 0
8464, 2559732, 1, 4096, 0
8464, 7228, 1, 4096, 0
8464, 4193, 1, 4096, 0
8464, 4398, 1, 4096, 0
8464, 3701, 1, 4096, 0
8464, 3280, 1, 4096, 0
8464, 5013, 1, 4096, 0
8464, 3459, 1, 4096, 0
8464, 213835, 1, 4096, 0
8464, 3766, 1, 4096, 0
8464, 3188, 1, 4096, 0
8464, 2550, 1, 4096, 0
8464, 3188, 1, 4096, 0
8465, 530836, 1, 4096, 0
8465, 7927, 1, 4096, 0
8465, 3918, 1, 4096, 0
8465, 32881, 1, 4096, 0
8465, 491742, 1, 4096, 0
8465, 5092, 1, 4096, 0
8465, 26121, 1, 4096, 0
8467, 1177802, 1, 4096, 0
8467, 8113, 1, 4096, 0
8467, 2576, 1, 4096, 0
8467, 3395, 1, 4096, 0
8467, 904401, 1, 4096, 0
8468, 79220, 1, 4096, 0
8468, 71914, 1, 4096, 0
8468, 7327, 1, 4096, 0
8468, 3573, 1, 4096, 0
8468, 4217, 1, 4096, 0
8468, 4942, 1, 4096, 0
8468, 3689, 1, 4096, 0
8468, 621515, 1, 4096, 0
8468, 29536, 1, 4096, 0
8468, 13289, 1, 4096, 0
8469, 1036842, 1, 4096, 0
8470, 723676, 1, 4096, 0
8471, 423310, 1, 4096, 0
8471, 4387, 1, 4096, 0
8471, 3345, 1, 4096, 0
8471, 3512, 1, 4096, 0
8471, 3011, 1, 4096, 0
8471, 3637, 1, 4096, 0
8471, 3113, 1, 4096, 0
8471, 3529, 1, 4096, 0
8473, 2017412, 1, 4096, 0
8473, 423015, 1, 4096, 0
8473, 315395, 1, 4096, 0
8474, 618684, 1, 4096, 0
8474, 2783, 1, 4096, 0
8474, 2721, 1, 4096, 0
8474, 2497, 1, 4096, 0
8474, 101541, 1, 4096, 0
8475, 611200, 1, 4096, 0
8475, 473735, 1, 4096, 0
8475, 6856, 1, 4096, 0
8475, 3214, 1, 4096, 0
8475, 3238, 1, 4096, 0
8475, 4702, 1, 4096, 0
8475, 4154, 1, 4096, 0
8475, 3912, 1, 4096, 0
8475, 3897, 1, 4096, 0
8478, 2397927, 1, 4096, 0
8478, 5442, 1, 4096, 0
8478, 3594, 1, 4096, 0
8478, 3685, 1, 4096, 0
8478, 3626, 1, 4096, 0
8478, 3558, 1, 4096, 0
8478, 4125, 1, 4096, 0
8478, 4263, 1, 4096, 0
8479, 881060, 1, 4096, 0
8479, 10475, 1, 4096, 0
8479, 3467, 1, 4096, 0
8479, 4141, 1, 4096, 0
8479, 4160, 1, 4096, 0
8479, 3921, 1, 4096, 0
8479, 10585, 1, 4096, 0
8479, 3137, 1, 4096, 0
8479, 675643, 1, 4096, 0
8479, 5253, 1, 4096, 0
8479, 4906, 1, 4096, 0
8479, 3880, 1, 4096, 0
8479, 10828, 1, 4096, 0
8479, 4429, 1, 4096, 0
8479, 3140, 1, 4096, 0
8479, 5621, 1, 4096, 0
8482, 1099537, 1, 4096, 0
8482, 30322, 1, 4096, 0
8482, 243572, 1, 4096, 0
8482, 5964, 1, 4096, 0
8482, 3677, 1, 4096, 0
8482, 4156, 1, 4096, 0
8483, 652745, 1, 4096, 0
8483, 7165, 1, 4096, 0
8483, 3698, 1, 4096, 0
8483, 2961, 1, 4096, 0
8483, 3657, 1, 4096, 0
8483, 3089, 1, 4096, 0
8483, 3003, 1, 4096, 0
8483, 224600, 1, 4096, 0
8483, 6334, 1, 4096, 0
8483, 2215, 1, 4096, 0
8483, 1746, 1, 4096, 0
8484, 964642, 1, 4096, 0
8485, 820030, 1, 4096, 0
8485, 7537, 1, 4096, 0
8485, 3459, 1, 4096, 0
8487, 2199960, 1, 4096, 0
8487, 3738, 1, 4096, 0
8487, 1871, 1, 4096, 0
8487, 2411, 1, 4096, 0
8487, 2809, 1, 4096, 0
8487, 1946, 1, 4096, 0
8487, 1582, 1, 4096, 0
8488, 666161, 1, 4096, 0
8489, 800368, 1, 4096, 0
8489, 6370, 1, 4096, 0
8489, 2709, 1, 4096, 0
8489, 2364, 1, 4096, 0
8489, 3094, 1, 4096, 0
8489, 1864, 1, 4096, 0
8489, 4223, 1, 4096, 0
8489, 3351, 1, 4096, 0
8490, 1570346, 1, 4096, 0
8490, 8455, 1, 4096, 0
8490, 4079, 1, 4096, 0
8490, 4235, 1, 4096, 0
8490, 4122, 1, 4096, 0
8490, 3533, 1, 4096, 0
8490, 2880, 1, 4096, 0
8490, 3379, 1, 4096, 0
8493, 2725645, 1, 4096, 0
8493, 69883, 1, 4096, 0
8494, 433425, 1, 4096, 0
8494, 173245, 1, 4096, 0
8494, 236830, 1, 4096, 0
8495, 830858, 1, 4096, 0
8495, 5603, 1, 4096, 0
8495, 2942, 1, 4096, 0
8495, 3153, 1, 4096, 0
8495, 3155, 1, 4096, 0
8495, 2973, 1, 4096, 0
8495, 2850, 1, 4096, 0
8495, 4767, 1, 4096, 0
8497, 2217337, 1, 4096, 0
8497, 341516, 1, 4096, 0
8498, 105737, 1, 4096, 0
8498, 805921, 1, 4096, 0
8499, 437127, 1, 4096, 0
8499, 6679, 1, 4096, 0
8499, 3453, 1, 4096, 0
8499, 3966, 1, 4096, 0
8499, 470967, 1, 4096, 0
8501, 1618257, 1, 4096, 0
8501, 5778, 1, 4096, 0
8501, 3689, 1, 4096, 0
8501, 381973, 1, 4096, 0
8502, 683844, 1, 4096, 0
8502, 7869, 1, 4096, 0
8502, 3409, 1, 4096, 0
8503, 504953, 1, 4096, 0
8503, 82713, 1, 4096, 0
8503, 392393, 1, 4096, 0
8504, 1027659, 1, 4096, 0
8504, 7550, 1, 4096, 0
8504, 3708, 1, 4096, 0
8504, 3994, 1, 4096, 0
8506, 1566567, 1, 4096, 0
8506, 6681, 1, 4096, 0
8506, 646996, 1, 4096, 0
8506, 7446, 1, 4096, 0
8506, 61111, 1, 4096, 0
8506, 58475, 1, 4096, 0
8506, 4167, 1, 4096, 0
8506, 4170, 1, 4096, 0
8507, 2932, 1, 4096, 0
8507, 4013, 1, 4096, 0
8509, 2802545, 1, 4096, 0
8509, 18980, 1, 4096, 0
8509, 3797, 1, 4096, 0
8509, 3109, 1, 4096, 0
8509, 2253, 1, 4096, 0
8509, 2910, 1, 4096, 0
8509, 3013, 1, 4096, 0
8509, 2500, 1, 4096, 0
8510, 725071, 1, 4096, 0
8510, 7216, 1, 4096, 0
8510, 3992, 1, 4096, 0
8510, 3548, 1, 4096, 0
8510, 3035, 1, 4096, 0
8510, 3271, 1, 4096, 0
8510, 3788, 1, 4096, 0
8510, 3424, 1, 4096, 0
8511, 671618, 1, 4096, 0
8511, 6246, 1, 4096, 0
8511, 3770, 1, 4096, 0
8511, 4086, 1, 4096, 0
8511, 3009, 1, 4096, 0
8511, 3717, 1, 4096, 0
8511, 2817, 1, 4096, 0
8511, 3696, 1, 4096, 0
8514, 1322569, 1, 4096, 0
8515, 784278, 1, 4096, 0
8515, 5209, 1, 4096, 0
8515, 4281, 1, 4096, 0
8515, 226285, 1, 4096, 0
8515, 196103, 1, 4096, 0
8516, 372971, 1, 4096, 0
8516, 621938, 1, 4096, 0
8516, 244094, 1, 4096, 0
8517, 3849, 1, 4096, 0
8517, 910721, 1, 4096, 0
8517, 6064, 1, 4096, 0
8517, 3260, 1, 4096, 0
8518, 661313, 1, 4096, 0
8518, 296445, 1, 4096, 0
8518, 6261, 1, 4096, 0
8518, 5423, 1, 4096, 0
8518, 4204, 1, 4096, 0
8518, 3604, 1, 4096, 0
8518, 4217, 1, 4096, 0
8518, 3781, 1, 4096, 0
8518, 3413, 1, 4096, 0
8521, 2464719, 1, 4096, 0
8521, 7616, 1, 4096, 0
8521, 2823, 1, 4096, 0
8521, 5171, 1, 4096, 0
8521, 3250, 1, 4096, 0
8521, 2524, 1, 4096, 0
8521, 224362, 1, 4096, 0
8521, 310889, 1, 4096, 0
8523, 1828535, 1, 4096, 0
8524, 397630, 1, 4096, 0
8524, 5566, 1, 4096, 0
8524, 2886, 1, 4096, 0
8524, 3351, 1, 4096, 0
8524, 2712, 1, 4096, 0
8524, 2696, 1, 4096, 0
8524, 2642, 1, 4096, 0
8524, 3779, 1, 4096, 0
8526, 1728538, 1, 4096, 0
8526, 5104, 1, 4096, 0
8526, 3485, 1, 4096, 0
8526, 3561, 1, 4096, 0
8526, 3490, 1, 4096, 0
8526, 3319, 1, 4096, 0
8526, 3479, 1, 4096, 0
8526, 3468, 1, 4096, 0
8527, 1719377, 1, 4096, 0
8527, 41199, 1, 4096, 0
8528, 236202, 1, 4096, 0
8528, 7122, 1, 4096, 0
8528, 4223, 1, 4096, 0
8528, 3149, 1, 4096, 0
8528, 4654, 1, 4096, 0
8528, 4803, 1, 4096, 0
8528, 3530, 1, 4096, 0
8528, 4686, 1, 4096, 0
8529, 1824900, 1, 4096, 0
8529, 5663, 1, 4096, 0
8529, 3121, 1, 4096, 0
8529, 3183, 1, 4096, 0
8529, 3022, 1, 4096, 0
8529, 3195, 1, 4096, 0
8529, 3201, 1, 4096, 0
8529, 2624, 1, 4096, 0
8530, 964768, 1, 4096, 0
8530, 6254, 1, 4096, 0
8530, 7388, 1, 4096, 0
8530, 3507, 1, 4096, 0
8531, 239207, 1, 4096, 0
8531, 620774, 1, 4096, 0
8532, 190322, 1, 4096, 0
8532, 833104, 1, 4096, 0
8533, 292132, 1, 4096, 0
8533, 91588, 1, 4096, 0
8533, 7928, 1, 4096, 0
8533, 4779, 1, 4096, 0
8533, 4112, 1, 4096, 0
8533, 3388, 1, 4096, 0
8533, 4057, 1, 4096, 0
8533, 4154, 1, 4096, 0
8533, 377949, 1, 4096, 0
8534, 6285, 1, 4096, 0
8534, 6166, 1, 4096, 0
8535, 670223, 1, 4096, 0
8535, 3877, 1, 4096, 0
8535, 3729, 1, 4096, 0
8535, 336189, 1, 4096, 0
8535, 3880, 1, 4096, 0
8536, 700280, 1, 4096, 0
8537, 668999, 1, 4096, 0
8537, 3798, 1, 4096, 0
8537, 200486, 1, 4096, 0
8537, 2922, 1, 4096, 0
8538, 1050563, 1, 4096, 0
8538, 5933, 1, 4096, 0
8538, 3065, 1, 4096, 0
8538, 430342, 1, 4096, 0
8538, 99764, 1, 4096, 0
8538, 6094, 1, 4096, 0
8538, 4284, 1, 4096, 0
8538, 4937, 1, 4096, 0
8538, 3766, 1, 4096, 0
8538, 5455, 1, 4096, 0
8538, 3919, 1, 4096, 0
8538, 3574, 1, 4096, 0
8539, 990748, 1, 4096, 0
8540, 224194, 1, 4096, 0
8540, 3942, 1, 4096, 0
8540, 3172, 1, 4096, 0
8540, 460028, 1, 4096, 0
8540, 6387, 1, 4096, 0
8540, 4905, 1, 4096, 0
8540, 3550, 1, 4096, 0
8540, 4814, 1, 4096, 0
8540, 3997, 1, 4096, 0
8540, 3498, 1, 4096, 0
8540, 3543, 1, 4096, 0
8543, 2786418, 1, 4096, 0
8543, 7972, 1, 4096, 0
8543, 3956, 1, 4096, 0
8543, 3772, 1, 4096, 0
8543, 3363, 1, 4096, 0
8543, 3936, 1, 4096, 0
8543, 5069, 1, 4096, 0
8543, 4242, 1, 4096, 0
8544, 759556, 1, 4096, 0
8544, 5618, 1, 4096, 0
8544, 3608, 1, 4096, 0
8544, 4760, 1, 4096, 0
8544, 2644, 1, 4096, 0
8544, 2772, 1, 4096, 0
8544, 2380, 1, 4096, 0
8544, 495578, 1, 4096, 0
8544, 7500, 1, 4096, 0
8544, 3876, 1, 4096, 0
8544, 16316, 1, 4096, 0
8544, 3003, 1, 4096, 0
8545, 111292, 1, 4096, 0
8546, 1068153, 1, 4096, 0
8546, 7752, 1, 4096, 0
8547, 877253, 1, 4096, 0
8547, 4538, 1, 4096, 0
8548, 792976, 1, 4096, 0
8548, 6468, 1, 4096, 0
8548, 3493, 1, 4096, 0
8548, 3054, 1, 4096, 0
8548, 3051, 1, 4096, 0
8548, 686290, 1, 4096, 0
8548, 4910, 1, 4096, 0
8548, 4003, 1, 4096, 0
8550, 1751852, 1, 4096, 0
8550, 381040, 1, 4096, 0
8550, 4711, 1, 4096, 0
8550, 4795, 1, 4096, 0
8550, 3003, 1, 4096, 0
8550, 3345, 1, 4096, 0
8550, 2920, 1, 4096, 0
8550, 3501, 1, 4096, 0
8550, 3638, 1, 4096, 0
8551, 593508, 1, 4096, 0
8551, 7404, 1, 4096, 0
8551, 3894, 1, 4096, 0
8551, 3751, 1, 4096, 0
8551, 3940, 1, 4096, 0
8551, 4069, 1, 4096, 0
8551, 4172, 1, 4096, 0
8551, 4179, 1, 4096, 0
8554, 2693664, 1, 4096, 0
8554, 8749, 1, 4096, 0
8554, 687451, 1, 4096, 0
8555, 799116, 1, 4096, 0
8556, 517205, 1, 4096, 0
8556, 7560, 1, 4096, 0
8556, 3132, 1, 4096, 0
8556, 400715, 1, 4096, 0
8557, 363196, 1, 4096, 0
8557, 6826, 1, 4096, 0
8557, 3882, 1, 4096, 0
8557, 3025, 1, 4096, 0
8557, 2784, 1, 4096, 0
8557, 3221, 1, 4096, 0
8557, 2797, 1, 4096, 0
8557, 3417, 1, 4096, 0
8559, 2577787, 1, 4096, 0
8559, 5706, 1, 4096, 0
8559, 3361, 1, 4096, 0
8559, 4259, 1, 4096, 0
8559, 3238, 1, 4096, 0
8559, 3992, 1, 4096, 0
8559, 3108, 1, 4096, 0
8559, 3081, 1, 4096, 0
8560, 883868, 1, 4096, 0
8560, 7882, 1, 4096, 0
8560, 5527, 1, 4096, 0
8560, 3886, 1, 4096, 0
8560, 3277, 1, 4096, 0
8561, 1038349, 1, 4096, 0
8561, 5129, 1, 4096, 0
8561, 168813, 1, 4096, 0
8561, 4289, 1, 4096, 0
8561, 48612, 1, 4096, 0
8562, 95725, 1, 4096, 0
8562, 5532, 1, 4096, 0
8562, 181746, 1, 4096, 0
8562, 198828, 1, 4096, 0
8562, 69828, 1, 4096, 0
8562, 7308, 1, 4096, 0
8562, 3702, 1, 4096, 0
8562, 346968, 1, 4096, 0
8563, 565504, 1, 4096, 0
8563, 6645, 1, 4096, 0
8563, 155021, 1, 4096, 0
8564, 707412, 1, 4096, 0
8564, 5606, 1, 4096, 0
8564, 3680, 1, 4096, 0
8564, 6363, 1, 4096, 0
8565, 261013, 1, 4096, 0
8566, 856634, 1, 4096, 0
8567, 1209841, 1, 4096, 0
8567, 6099, 1, 4096, 0
8567, 99182, 1, 4096, 0
8567, 102773, 1, 4096, 0
8567, 379840, 1, 4096, 0
8567, 7759, 1, 4096, 0
8568, 221801, 1, 4096, 0
8568, 6127, 1, 4096, 0
8568, 2906, 1, 4096, 0
8568, 3009, 1, 4096, 0
8568, 3671, 1, 4096, 0
8568, 3159, 1, 4096, 0
8568, 2484, 1, 4096, 0
8568, 2845, 1, 4096, 0
8568, 416743, 1, 4096, 0
8568, 6236, 1, 4096, 0
8568, 3127, 1, 4096, 0
8568, 2997, 1, 4096, 0
8568, 3436, 1, 4096, 0
8568, 3842, 1, 4096, 0
8568, 4144, 1, 4096, 0
8568, 71464, 1, 4096, 0
8568, 3819, 1, 4096, 0
8568, 3619, 1, 4096, 0
8569, 5462, 1, 4096, 0
8569, 6712, 1, 4096, 0
8569, 4316, 1, 4096, 0
8571, 564842, 1, 4096, 0
8571, 8677, 1, 4096, 0
8572, 735853, 1, 4096, 0
8572, 671444, 1, 4096, 0
8572, 6690, 1, 4096, 0
8573, 228812, 1, 4096, 0
8573, 4179, 1, 4096, 0
8573, 324462, 1, 4096, 0
8573, 418468, 1, 4096, 0
8573, 3998, 1, 4096, 0
8574, 691117, 1, 4096, 0
8574, 8054, 1, 4096, 0
8574, 3268, 1, 4096, 0
8574, 3310, 1, 4096, 0
8574, 3351, 1, 4096, 0
8574, 4209, 1, 4096, 0
8574, 3048, 1, 4096, 0
8574, 2990, 1, 4096, 0
8575, 1213552, 1, 4096, 0
8575, 7911, 1, 4096, 0
8575, 2974, 1, 4096, 0
8575, 2652, 1, 4096, 0
8575, 3406, 1, 4096, 0
8575, 2553, 1, 4096, 0
8575, 3157, 1, 4096, 0
8575, 3015, 1, 4096, 0
8578, 2452055, 1, 4096, 0
8578, 9763, 1, 4096, 0
8578, 3212, 1, 4096, 0
8578, 2824, 1, 4096, 0
8578, 4004, 1, 4096, 0
8578, 4498, 1, 4096, 0
8578, 2608, 1, 4096, 0
8578, 3105, 1, 4096, 0
8580, 2530555, 1, 4096, 0
8581, 10732, 1, 4096, 0
8581, 3272, 1, 4096, 0
8581, 3020, 1, 4096, 0
8581, 2757, 1, 4096, 0
8581, 3258, 1, 4096, 0
8581, 2509, 1, 4096, 0
8581, 364284, 1, 4096, 0
8581, 210604, 1, 4096, 0
8581, 7669, 1, 4096, 0
8581, 2894, 1, 4096, 0
8581, 2769, 1, 4096, 0
8581, 2737, 1, 4096, 0
8581, 2879, 1, 4096, 0
8581, 2718, 1, 4096, 0
8581, 2859, 1, 4096, 0
8582, 1327340, 1, 4096, 0
8582, 7273, 1, 4096, 0
8583, 4029, 1, 4096, 0
8583, 3184, 1, 4096, 0
8583, 3089, 1, 4096, 0
8583, 5375, 1, 4096, 0
8583, 3216, 1, 4096, 0
8583, 5575, 1, 4096, 0
8584, 1388186, 1, 4096, 0
8584, 6985, 1, 4096, 0
8584, 3392, 1, 4096, 0
8584, 138088, 1, 4096, 0
8584, 8307, 1, 4096, 0
8584, 3379, 1, 4096, 0
8584, 3267, 1, 4096, 0
8584, 3651, 1, 4096, 0
8584, 2369, 1, 4096, 0
8585, 297302, 1, 4096, 0
8585, 15757, 1, 4096, 0
8586, 1901684, 1, 4096, 0
8586, 5259, 1, 4096, 0
8586, 2882, 1, 4096, 0
8586, 2503, 1, 4096, 0
8586, 4188, 1, 4096, 0
8586, 3080, 1, 4096, 0
8586, 2775, 1, 4096, 0
8587, 184886, 1, 4096, 0
8587, 6348, 1, 4096, 0
8587, 3193, 1, 4096, 0
8587, 3115, 1, 4096, 0
8587, 3003, 1, 4096, 0
8587, 2745, 1, 4096, 0
8588, 1238201, 1, 4096, 0
8589, 759230, 1, 4096, 0
8590, 944904, 1, 4096, 0
8590, 4000, 1, 4096, 0
8590, 431383, 1, 4096, 0
8590, 4339, 1, 4096, 0
8590, 142779, 1, 4096, 0
8590, 3916, 1, 4096, 0
8591, 765074, 1, 4096, 0
8592, 880075, 1, 4096, 0
8592, 188671, 1, 4096, 0
8592, 377197, 1, 4096, 0
8593, 212529, 1, 4096, 0
8594, 925258, 1, 4096, 0
8594, 7667, 1, 4096, 0
8594, 4011, 1, 4096, 0
8594, 4448, 1, 4096, 0
8594, 3641, 1, 4096, 0
8594, 3533, 1, 4096, 0
8594, 2875, 1, 4096, 0
8594, 2541, 1, 4096, 0
8596, 2456747, 1, 4096, 0
8596, 9754, 1, 4096, 0
8596, 3354, 1, 4096, 0
8596, 2510, 1, 4096, 0
8596, 2055, 1, 4096, 0
8596, 3045, 1, 4096, 0
8596, 2522, 1, 4096, 0
8596, 2580, 1, 4096, 0
8598, 2031437, 1, 4096, 0
8598, 97475, 1, 4096, 0
8598, 8381, 1, 4096, 0
8598, 4583, 1, 4096, 0
8598, 3135, 1, 4096, 0
8598, 14680, 1, 4096, 0
8598, 3823, 1, 4096, 0
8598, 3191, 1, 4096, 0
8598, 3474, 1, 4096, 0
8600, 1232302, 1, 4096, 0
8600, 8587, 1, 4096, 0
8600, 3515, 1, 4096, 0
8600, 3508, 1, 4096, 0
8600, 3356, 1, 4096, 0
8600, 2982, 1, 4096, 0
8600, 2604, 1, 4096, 0
8600, 740334, 1, 4096, 0
8600, 7927, 1, 4096, 0
8601, 186714, 1, 4096, 0
8601, 90141, 1, 4096, 0
8601, 5577, 1, 4096, 0
8601, 2572, 1, 4096, 0
8601, 2343, 1, 4096, 0
8601, 2149, 1, 4096, 0
8601, 2260, 1, 4096, 0
8601, 3085, 1, 4096, 0
8601, 2964, 1, 4096, 0
8602, 1658887, 1, 4096, 0
8602, 5217, 1, 4096, 0
8602, 2736, 1, 4096, 0
8602, 2556, 1, 4096, 0
8602, 2584, 1, 4096, 0
8602, 3427, 1, 4096, 0
8602, 2644, 1, 4096, 0
8602, 4983, 1, 4096, 0
8605, 2252716, 1, 4096, 0
8605, 5354, 1, 4096, 0
8605, 3831, 1, 4096, 0
8605, 3850, 1, 4096, 0
8605, 4163, 1, 4096, 0
8605, 3441, 1, 4096, 0
8605, 3028, 1, 4096, 0
8605, 3402, 1, 4096, 0
8605, 595898, 1, 4096, 0
8605, 7818, 1, 4096, 0
8605, 3940, 1, 4096, 0
8605, 3235, 1, 4096, 0
8605, 4379, 1, 4096, 0
8605, 3665, 1, 4096, 0
8605, 3708, 1, 4096, 0
8605, 4209, 1, 4096, 0
8608, 2799797, 1, 4096, 0
8608, 7889, 1, 4096, 0
8608, 3551, 1, 4096, 0
8608, 2876, 1, 4096, 0
8608, 78246, 1, 4096, 0
8608, 7488, 1, 4096, 0
8609, 339939, 1, 4096, 0
8611, 2027180, 1, 4096, 0
8611, 6104, 1, 4096, 0
8611, 3053, 1, 4096, 0
8611, 3625, 1, 4096, 0
8611, 3478, 1, 4096, 0
8611, 240152, 1, 4096, 0
8611, 5977, 1, 4096, 0
8611, 3331, 1, 4096, 0
8611, 2465, 1, 4096, 0
8611, 3586, 1, 4096, 0
8611, 3811, 1, 4096, 0
8611, 3382, 1, 4096, 0
8611, 3224, 1, 4096, 0
8613, 1617203, 1, 4096, 0
8613, 7935, 1, 4096, 0
8613, 4750, 1, 4096, 0
8613, 3168, 1, 4096, 0
8613, 2994, 1, 4096, 0
8613, 3047, 1, 4096, 0
8613, 3973, 1, 4096, 0
8613, 2631, 1, 4096, 0
8613, 252315, 1, 4096, 0
8613, 8342, 1, 4096, 0
8613, 468580, 1, 4096, 0
8613, 7850, 1, 4096, 0
8613, 4113, 1, 4096, 0
8613, 2927, 1, 4096, 0
8613, 3051, 1, 4096, 0
8614, 6507, 1, 4096, 0
8614, 2785, 1, 4096, 0
8614, 4744, 1, 4096, 0
8616, 1850943, 1, 4096, 0
8616, 302296, 1, 4096, 0
8616, 6635, 1, 4096, 0
8616, 3645, 1, 4096, 0
8616, 3445, 1, 4096, 0
8616, 3499, 1, 4096, 0
8616, 3084, 1, 4096, 0
8616, 2788, 1, 4096, 0
8616, 3037, 1, 4096, 0
8618, 1831058, 1, 4096, 0
8619, 748407, 1, 4096, 0
8619, 108789, 1, 4096, 0
8619, 209513, 1, 4096, 0
8619, 8371, 1, 4096, 0
8619, 2822, 1, 4096, 0
8619, 2675, 1, 4096, 0
8619, 2658, 1, 4096, 0
8619, 2995, 1, 4096, 0
8619, 2528, 1, 4096, 0
8619, 2626, 1, 4096, 0
8621, 2159649, 1, 4096, 0
8621, 9778, 1, 4096, 0
8621, 3876, 1, 4096, 0
8621, 2965, 1, 4096, 0
8621, 2508, 1, 4096, 0
8622, 343927, 1, 4096, 0
8622, 139273, 1, 4096, 0
8622, 4640, 1, 4096, 0
8623, 821185, 1, 4096, 0
8623, 531030, 1, 4096, 0
8624, 538992, 1, 4096, 0
8624, 27529, 1, 4096, 0
8624, 217074, 1, 4096, 0
8624, 30820, 1, 4096, 0
8624, 283754, 1, 4096, 0
8625, 293723, 1, 4096, 0
8625, 4305, 1, 4096, 0
8625, 2462, 1, 4096, 0
8625, 2193, 1, 4096, 0
8625, 2361, 1, 4096, 0
8625, 2278, 1, 4096, 0
8625, 2310, 1, 4096, 0
8625, 1940, 1, 4096, 0
8627, 2558611, 1, 4096, 0
8627, 6528, 1, 4096, 0
8628, 438462, 1, 4096, 0
8628, 5994, 1, 4096, 0
8628, 252270, 1, 4096, 0
8628, 208026, 1, 4096, 0
8628, 3669, 1, 4096, 0
8628, 2911, 1, 4096, 0
8628, 262262, 1, 4096, 0
8628, 5765, 1, 4096, 0
8628, 3256, 1, 4096, 0
8628, 4373, 1, 4096, 0
8628, 2600, 1, 4096, 0
8628, 3672, 1, 4096, 0
8628, 2264, 1, 4096, 0
8628, 3395, 1, 4096, 0
8632, 3224110, 1, 4096, 0
8632, 431010, 1, 4096, 0
8632, 6002, 1, 4096, 0
8633, 991248, 1, 4096, 0
8633, 3936, 1, 4096, 0
8635, 1565335, 1, 4096, 0
8635, 16062, 1, 4096, 0
8635, 3383, 1, 4096, 0
8635, 2808, 1, 4096, 0
8636, 1189769, 1, 4096, 0
8636, 6508, 1, 4096, 0
8636, 268693, 1, 4096, 0
8637, 978559, 1, 4096, 0
8638, 1143449, 1, 4096, 0
8638, 27428, 1, 4096, 0
8639, 501024, 1, 4096, 0
8639, 4263, 1, 4096, 0
8639, 3608, 1, 4096, 0
8639, 3885, 1, 4096, 0
8641, 1708820, 1, 4096, 0
8641, 7389, 1, 4096, 0
8641, 808110, 1, 4096, 0
8642, 357828, 1, 4096, 0
8642, 23461, 1, 4096, 0
8642, 680544, 1, 4096, 0
8642, 5356, 1, 4096, 0
8644, 1416167, 1, 4096, 0
8644, 4771, 1, 4096, 0
8644, 156566, 1, 4096, 0
8644, 3834, 1, 4096, 0
8644, 324540, 1, 4096, 0
8645, 593627, 1, 4096, 0
8645, 384915, 1, 4096, 0
8646, 137958, 1, 4096, 0
8646, 245001, 1, 4096, 0
8646, 137822, 1, 4096, 0
8646, 72011, 1, 4096, 0
8646, 219405, 1, 4096, 0
8646, 61287, 1, 4096, 0
8646, 4431, 1, 4096, 0
8646, 2374, 1, 4096, 0
8646, 3079, 1, 4096, 0
8646, 2258, 1, 4096, 0
8655, 22575, 1, 4096, 0
8655, 4613, 1, 4096, 0
8655, 3701, 1, 4096, 0
8655, 4272, 1, 4096, 0
8655, 2980, 1, 4096, 0
8655, 3946, 1, 4096, 0
8655, 4698, 1, 4096, 0
8655, 2589, 1, 4096, 0
8657, 2228263, 1, 4096, 0
8657, 7221, 1, 4096, 0
8657, 4040, 1, 4096, 0
8657, 2871, 1, 4096, 0
8657, 2609, 1, 4096, 0
8657, 3016, 1, 4096, 0
8657, 3407, 1, 4096, 0
8657, 2583, 1, 4096, 0
8658, 873891, 1, 4096, 0
8658, 7029, 1, 4096, 0
8658, 4224, 1, 4096, 0
8658, 4261, 1, 4096, 0
8658, 3754, 1, 4096, 0
8658, 3469, 1, 4096, 0
8658, 3716, 1, 4096, 0
8658, 4031, 1, 4096, 0
8659, 529863, 1, 4096, 0
8659, 6632, 1, 4096, 0
8659, 3158, 1, 4096, 0
8660, 9935, 1, 4096, 0
8660, 4016, 1, 4096, 0
8660, 10255, 1, 4096, 0
8660, 5693, 1, 4096, 0
8661, 9808, 1, 4096, 0
8662, 7900, 1, 4096, 0
8662, 8259, 1, 4096, 0
8662, 8189, 1, 4096, 0
8662, 4084, 1, 4096, 0
8662, 8580, 1, 4096, 0
8662, 10548, 1, 4096, 0
8662, 3631, 1, 4096, 0
8662, 5273, 1, 4096, 0
8663, 307089, 1, 4096, 0
8663, 4972, 1, 4096, 0
8664, 1125935, 1, 4096, 0
8664, 7416, 1, 4096, 0
8665, 599254, 1, 4096, 0
8665, 6379, 1, 4096, 0
8667, 2011198, 1, 4096, 0
8667, 16143, 1, 4096, 0
8667, 3782, 1, 4096, 0
8667, 5078, 1, 4096, 0
8667, 3823, 1, 4096, 0
8667, 5576, 1, 4096, 0
8667, 503960, 1, 4096, 0
8669, 1986562, 1, 4096, 0
8669, 5931, 1, 4096, 0
8669, 2748, 1, 4096, 0
8669, 2520, 1, 4096, 0
8670, 912391, 1, 4096, 0
8670, 209672, 1, 4096, 0
8671, 226901, 1, 4096, 0
8672, 1141516, 1, 4096, 0
8672, 5520, 1, 4096, 0
8672, 3423, 1, 4096, 0
8672, 2991, 1, 4096, 0
8672, 2921, 1, 4096, 0
8672, 3222, 1, 4096, 0
8672, 3175, 1, 4096, 0
8672, 2619, 1, 4096, 0
8673, 1759967, 1, 4096, 0
8673, 7960, 1, 4096, 0
8674, 4158, 1, 4096, 0
8674, 3473, 1, 4096, 0
8674, 2874, 1, 4096, 0
8674, 3452, 1, 4096, 0
8674, 3675, 1, 4096, 0
8674, 3142, 1, 4096, 0
8675, 1542208, 1, 4096, 0
8675, 7267, 1, 4096, 0
8675, 3320, 1, 4096, 0
8675, 2828, 1, 4096, 0
8676, 416751, 1, 4096, 0
8676, 6338, 1, 4096, 0
8676, 199707, 1, 4096, 0
8677, 1276766, 1, 4096, 0
8678, 772681, 1, 4096, 0
8678, 130749, 1, 4096, 0
8678, 417900, 1, 4096, 0
8678, 7036, 1, 4096, 0
8679, 363592, 1, 4096, 0
8680, 1011208, 1, 4096, 0
8680, 7564, 1, 4096, 0
8680, 3399, 1, 4096, 0
8680, 4124, 1, 4096, 0
8680, 5603, 1, 4096, 0
8680, 3082, 1, 4096, 0
8680, 3387, 1, 4096, 0
8680, 3319, 1, 4096, 0
8682, 2315288, 1, 4096, 0
8683, 468993, 1, 4096, 0
8683, 9294, 1, 4096, 0
8683, 4678, 1, 4096, 0
8684, 886392, 1, 4096, 0
8684, 6573, 1, 4096, 0
8684, 3707, 1, 4096, 0
8684, 704593, 1, 4096, 0
8685, 903728, 1, 4096, 0
8685, 7465, 1, 4096, 0
8685, 3457, 1, 4096, 0
8685, 2955, 1, 4096, 0
8686, 933421, 1, 4096, 0
8687, 988304, 1, 4096, 0
8687, 7577, 1, 4096, 0
8688, 627179, 1, 4096, 0
8688, 6609, 1, 4096, 0
8688, 3912, 1, 4096, 0
8688, 4073, 1, 4096, 0
8688, 3393, 1, 4096, 0
8688, 3065, 1, 4096, 0
8688, 3637, 1, 4096, 0
8688, 4175, 1, 4096, 0
8688, 569789, 1, 4096, 0
8688, 7324, 1, 4096, 0
8688, 3488, 1, 4096, 0
8688, 2830, 1, 4096, 0
8688, 5477, 1, 4096, 0
8688, 3247, 1, 4096, 0
8688, 3042, 1, 4096, 0
8688, 2634, 1, 4096, 0
8691, 2221269, 1, 4096, 0
8691, 8591, 1, 4096, 0
8691, 4437, 1, 4096, 0
8691, 3084, 1, 4096, 0
8691, 3618, 1, 4096, 0
8691, 298157, 1, 4096, 0
8691, 6191, 1, 4096, 0
8691, 3835, 1, 4096, 0
8691, 393594, 1, 4096, 0
8692, 168007, 1, 4096, 0
8692, 5438, 1, 4096, 0
8692, 3049, 1, 4096, 0
8692, 3575, 1, 4096, 0
8692, 7449, 1, 4096, 0
8692, 3982, 1, 4096, 0
8692, 6703, 1, 4096, 0
8692, 202065, 1, 4096, 0
8692, 3767, 1, 4096, 0
8693, 680997, 1, 4096, 0
8693, 5989, 1, 4096, 0
8693, 2865, 1, 4096, 0
8693, 61939, 1, 4096, 0
8693, 181067, 1, 4096, 0
8693, 6406, 1, 4096, 0
8694, 1012194, 1, 4096, 0
8695, 543555, 1, 4096, 0
8695, 355470, 1, 4096, 0
8695, 3969, 1, 4096, 0
8696, 478110, 1, 4096, 0
8696, 300189, 1, 4096, 0
8696, 203155, 1, 4096, 0
8696, 7658, 1, 4096, 0
8696, 4576, 1, 4096, 0
8696, 4102, 1, 4096, 0
8696, 67684, 1, 4096, 0
8696, 6226, 1, 4096, 0
8696, 3186, 1, 4096, 0
8696, 4330, 1, 4096, 0
8696, 3097, 1, 4096, 0
8697, 317543, 1, 4096, 0
8697, 818046, 1, 4096, 0
8697, 39818, 1, 4096, 0
8697, 5116, 1, 4096, 0
8698, 418520, 1, 4096, 0
8698, 5000, 1, 4096, 0
8698, 3613, 1, 4096, 0
8698, 3095, 1, 4096, 0
8698, 3120, 1, 4096, 0
8698, 201327, 1, 4096, 0
8698, 260583, 1, 4096, 0
8700, 1315703, 1, 4096, 0
8700, 263447, 1, 4096, 0
8700, 316789, 1, 4096, 0
8700, 8217, 1, 4096, 0
8700, 4522, 1, 4096, 0
8700, 6471, 1, 4096, 0
8700, 5896, 1, 4096, 0
8700, 2592, 1, 4096, 0
8700, 2186, 1, 4096, 0
8700, 2708, 1, 4096, 0
8702, 2151982, 1, 4096, 0
8703, 168184, 1, 4096, 0
8703, 8945, 1, 4096, 0
8703, 2177, 1, 4096, 0
8703, 5033, 1, 4096, 0
8703, 4537, 1, 4096, 0
8703, 4118, 1, 4096, 0
8703, 3876, 1, 4096, 0
8703, 4158, 1, 4096, 0
8705, 2267874, 1, 4096, 0
8705, 6193, 1, 4096, 0
8705, 4539, 1, 4096, 0
8705, 3821, 1, 4096, 0
8705, 3077, 1, 4096, 0
8705, 3657, 1, 4096, 0
8705, 3066, 1, 4096, 0
8706, 843317, 1, 4096, 0
8706, 7102, 1, 4096, 0
8706, 3172, 1, 4096, 0
8706, 2160, 1, 4096, 0
8706, 2333, 1, 4096, 0
8706, 1656, 1, 4096, 0
8706, 1737, 1, 4096, 0
8706, 1993, 1, 4096, 0
8707, 1093816, 1, 4096, 0
8707, 4773, 1, 4096, 0
8707, 3857, 1, 4096, 0
8707, 60549, 1, 4096, 0
8707, 3539, 1, 4096, 0
8707, 200283, 1, 4096, 0
8708, 379346, 1, 4096, 0
8708, 4647, 1, 4096, 0
8708, 2443, 1, 4096, 0
8708, 321809, 1, 4096, 0
8708, 6307, 1, 4096, 0
8708, 4828, 1, 4096, 0
8709, 501059, 1, 4096, 0
8709, 416988, 1, 4096, 0
8709, 6720, 1, 4096, 0
8709, 3138, 1, 4096, 0
8710, 190867, 1, 4096, 0
8710, 6291, 1, 4096, 0
8710, 3804, 1, 4096, 0
8710, 3782, 1, 4096, 0
8710, 2853, 1, 4096, 0
8710, 5681, 1, 4096, 0
8710, 5805, 1, 4096, 0
8711, 161097, 1, 4096, 0
8711, 137901, 1, 4096, 0
8711, 417947, 1, 4096, 0
8711, 6159, 1, 4096, 0
8711, 304168, 1, 4096, 0
8712, 589115, 1, 4096, 0
8712, 80267, 1, 4096, 0
8712, 142082, 1, 4096, 0
8712, 21627, 1, 4096, 0
8712, 5620, 1, 4096, 0
8712, 2367, 1, 4096, 0
8712, 2967, 1, 4096, 0
8712, 2849, 1, 4096, 0
8712, 2572, 1, 4096, 0
8713, 608837, 1, 4096, 0
8713, 336679, 1, 4096, 0
8714, 98383, 1, 4096, 0
8714, 510577, 1, 4096, 0
8714, 8067, 1, 4096, 0
8714, 2956, 1, 4096, 0
8714, 223731, 1, 4096, 0
8714, 5665, 1, 4096, 0
8715, 238258, 1, 4096, 0
8715, 299811, 1, 4096, 0
8715, 4929, 1, 4096, 0
8715, 2551, 1, 4096, 0
8715, 503871, 1, 4096, 0
8716, 581208, 1, 4096, 0
8716, 3707, 1, 4096, 0
8716, 320636, 1, 4096, 0
8716, 19562, 1, 4096, 0
8716, 4935, 1, 4096, 0
8716, 5474, 1, 4096, 0
8716, 3666, 1, 4096, 0
8716, 5182, 1, 4096, 0
8718, 939709, 1, 4096, 0
8718, 374978, 1, 4096, 0
8719, 995575, 1, 4096, 0
8719, 20658, 1, 4096, 0
8719, 149072, 1, 4096, 0
8719, 7329, 1, 4096, 0
8721, 1783141, 1, 4096, 0
8721, 6582, 1, 4096, 0
8722, 672490, 1, 4096, 0
8722, 684876, 1, 4096, 0
8722, 9063, 1, 4096, 0
8722, 4453, 1, 4096, 0
8722, 3464, 1, 4096, 0
8722, 2476, 1, 4096, 0
8722, 3257, 1, 4096, 0
8722, 2521, 1, 4096, 0
8722, 2263, 1, 4096, 0
8723, 524959, 1, 4096, 0
8723, 7931, 1, 4096, 0
8723, 4758, 1, 4096, 0
8723, 75918, 1, 4096, 0
8723, 8468, 1, 4096, 0
8723, 3748, 1, 4096, 0
8723, 2831, 1, 4096, 0
8723, 3479, 1, 4096, 0
8723, 1992, 1, 4096, 0
8723, 2570, 1, 4096, 0
8723, 2871, 1, 4096, 0
8726, 2222326, 1, 4096, 0
8726, 7013, 1, 4096, 0
8726, 5171, 1, 4096, 0
8726, 3690, 1, 4096, 0
8726, 3348, 1, 4096, 0
8727, 10207, 1, 4096, 0
8728, 691702, 1, 4096, 0
8728, 15506, 1, 4096, 0
8728, 644334, 1, 4096, 0
8728, 7264, 1, 4096, 0
8729, 391128, 1, 4096, 0
8729, 128759, 1, 4096, 0
8729, 5784, 1, 4096, 0
8730, 1627349, 1, 4096, 0
8730, 6504, 1, 4096, 0
8730, 2461, 1, 4096, 0
8731, 165741, 1, 4096, 0
8731, 306057, 1, 4096, 0
8731, 4260, 1, 4096, 0
8732, 948428, 1, 4096, 0
8732, 308557, 1, 4096, 0
8733, 327386, 1, 4096, 0
8733, 384909, 1, 4096, 0
8733, 6589, 1, 4096, 0
8734, 551664, 1, 4096, 0
8734, 487062, 1, 4096, 0
8734, 7344, 1, 4096, 0
8734, 4173, 1, 4096, 0
8734, 5347, 1, 4096, 0
8734, 4069, 1, 4096, 0
8734, 3817, 1, 4096, 0
8734, 2810, 1, 4096, 0
8734, 4589, 1, 4096, 0
8737, 2837613, 1, 4096, 0
8737, 6180, 1, 4096, 0
8738, 690994, 1, 4096, 0
8738, 4826, 1, 4096, 0
8738, 3665, 1, 4096, 0
8738, 105741, 1, 4096, 0
8738, 677033, 1, 4096, 0
8739, 243716, 1, 4096, 0
8740, 1582538, 1, 4096, 0
8741, 376809, 1, 4096, 0
8741, 6883, 1, 4096, 0
8741, 3944, 1, 4096, 0
8741, 3436, 1, 4096, 0
8741, 2912, 1, 4096, 0
8741, 2476, 1, 4096, 0
8741, 3011, 1, 4096, 0
8741, 3174, 1, 4096, 0
8741, 765812, 1, 4096, 0
8741, 5213, 1, 4096, 0
8742, 506684, 1, 4096, 0
8742, 208642, 1, 4096, 0
8742, 4532, 1, 4096, 0
8742, 2622, 1, 4096, 0
8742, 2149, 1, 4096, 0
8742, 2664, 1, 4096, 0
8742, 2333, 1, 4096, 0
8742, 2283, 1, 4096, 0
8742, 2408, 1, 4096, 0
8742, 99984, 1, 4096, 0
8743, 8093, 1, 4096, 0
8743, 2475, 1, 4096, 0
8744, 9730, 1, 4096, 0
8744, 110479, 1, 4096, 0
8745, 882354, 1, 4096, 0
8745, 5586, 1, 4096, 0
8745, 501744, 1, 4096, 0
8746, 853067, 1, 4096, 0
8746, 7199, 1, 4096, 0
8746, 3794, 1, 4096, 0
8746, 87827, 1, 4096, 0
8748, 1193220, 1, 4096, 0
8749, 955975, 1, 4096, 0
8749, 5413, 1, 4096, 0
8749, 566098, 1, 4096, 0
8749, 3649, 1, 4096, 0
8750, 1258748, 1, 4096, 0
8750, 6656, 1, 4096, 0
8751, 38388, 1, 4096, 0
8751, 2929, 1, 4096, 0
8751, 612586, 1, 4096, 0
8752, 1004946, 1, 4096, 0
8752, 113825, 1, 4096, 0
8752, 182978, 1, 4096, 0
8752, 5725, 1, 4096, 0
8753, 107452, 1, 4096, 0
8753, 11146, 1, 4096, 0
8753, 3534, 1, 4096, 0
8753, 5330, 1, 4096, 0
8753, 3296, 1, 4096, 0
8753, 3898, 1, 4096, 0
8753, 3680, 1, 4096, 0
8753, 3294, 1, 4096, 0
8754, 1566008, 1, 4096, 0
8754, 5936, 1, 4096, 0
8754, 3409, 1, 4096, 0
8754, 2600, 1, 4096, 0
8755, 969605, 1, 4096, 0
8756, 968191, 1, 4096, 0
8756, 14945, 1, 4096, 0
8757, 1140957, 1, 4096, 0
8757, 16585, 1, 4096, 0
8757, 3323, 1, 4096, 0
8757, 2772, 1, 4096, 0
8758, 490437, 1, 4096, 0
8758, 4211, 1, 4096, 0
8759, 1196503, 1, 4096, 0
8759, 4977, 1, 4096, 0
8759, 309433, 1, 4096, 0
8760, 540604, 1, 4096, 0
8760, 48493, 1, 4096, 0
8760, 5903, 1, 4096, 0
8762, 1593036, 1, 4096, 0
8762, 509217, 1, 4096, 0
8763, 683279, 1, 4096, 0
8763, 3998, 1, 4096, 0
8763, 2891, 1, 4096, 0
8763, 3458, 1, 4096, 0
8763, 653012, 1, 4096, 0
8763, 8134, 1, 4096, 0
8763, 4517, 1, 4096, 0
8763, 3358, 1, 4096, 0
8764, 87282, 1, 4096, 0
8764, 5295, 1, 4096, 0
8764, 4748, 1, 4096, 0
8764, 4043, 1, 4096, 0
8765, 922057, 1, 4096, 0
8765, 5730, 1, 4096, 0
8765, 3693, 1, 4096, 0
8765, 869343, 1, 4096, 0
8765, 4036, 1, 4096, 0
8765, 3683, 1, 4096, 0
8766, 673459, 1, 4096, 0
8767, 1086309, 1, 4096, 0
8767, 9403, 1, 4096, 0
8768, 303402, 1, 4096, 0
8768, 6320, 1, 4096, 0
8768, 3399, 1, 4096, 0
8768, 4308, 1, 4096, 0
8768, 695777, 1, 4096, 0
8768, 6559, 1, 4096, 0
8769, 279933, 1, 4096, 0
8770, 1426090, 1, 4096, 0
8770, 351549, 1, 4096, 0
8771, 712354, 1, 4096, 0
8771, 9488, 1, 4096, 0
8771, 5275, 1, 4096, 0
8771, 3604, 1, 4096, 0
8771, 2876, 1, 4096, 0
8771, 2945, 1, 4096, 0
8771, 3016, 1, 4096, 0
8771, 2870, 1, 4096, 0
8774, 3358649, 1, 4096, 0
8774, 8546, 1, 4096, 0
8774, 39776, 1, 4096, 0
8775, 52957, 1, 4096, 0
8775, 545900, 1, 4096, 0
8775, 4635, 1, 4096, 0
8775, 100151, 1, 4096, 0
8776, 939135, 1, 4096, 0
8776, 6971, 1, 4096, 0
8776, 3352, 1, 4096, 0
8777, 492838, 1, 4096, 0
8777, 773777, 1, 4096, 0
8777, 4729, 1, 4096, 0
8778, 883468, 1, 4096, 0
8778, 11425, 1, 4096, 0
8778, 3514, 1, 4096, 0
8779, 872182, 1, 4096, 0
8779, 7677, 1, 4096, 0
8779, 3935, 1, 4096, 0
8780, 356597, 1, 4096, 0
8780, 685969, 1, 4096, 0
8781, 444164, 1, 4096, 0
8781, 463096, 1, 4096, 0
8781, 3641, 1, 4096, 0
8782, 853255, 1, 4096, 0
8782, 4598, 1, 4096, 0
8782, 177801, 1, 4096, 0
8782, 4137, 1, 4096, 0
8782, 79906, 1, 4096, 0
8783, 402210, 1, 4096, 0
8783, 4518, 1, 4096, 0
8783, 2450, 1, 4096, 0
8783, 3322, 1, 4096, 0
8783, 2708, 1, 4096, 0
8783, 2168, 1, 4096, 0
8783, 2298, 1, 4096, 0
8783, 1505, 1, 4096, 0
8784, 1130075, 1, 4096, 0
8784, 388269, 1, 4096, 0
8785, 470461, 1, 4096, 0
8785, 4719, 1, 4096, 0
8785, 3476, 1, 4096, 0
8785, 4014, 1, 4096, 0
8786, 724600, 1, 4096, 0
8786, 6310, 1, 4096, 0
8786, 717026, 1, 4096, 0
8786, 125074, 1, 4096, 0
8786, 5573, 1, 4096, 0
8787, 276562, 1, 4096, 0
8787, 460245, 1, 4096, 0
8787, 4806, 1, 4096, 0
8787, 3768, 1, 4096, 0
8788, 715836, 1, 4096, 0
8788, 303895, 1, 4096, 0
8788, 270161, 1, 4096, 0
8789, 479095, 1, 4096, 0
8789, 6668, 1, 4096, 0
8789, 532290, 1, 4096, 0
8790, 66083, 1, 4096, 0
8790, 6110, 1, 4096, 0
8790, 3570, 1, 4096, 0
8790, 3396, 1, 4096, 0
8790, 4948, 1, 4096, 0
8790, 4526, 1, 4096, 0
8790, 4206, 1, 4096, 0
8790, 3778, 1, 4096, 0
8792, 2379890, 1, 4096, 0
8793, 503445, 1, 4096, 0
8793, 41868, 1, 4096, 0
8793, 6115, 1, 4096, 0
8793, 3178, 1, 4096, 0
8793, 3485, 1, 4096, 0
8793, 3223, 1, 4096, 0
8793, 3738, 1, 4096, 0
8793, 3756, 1, 4096, 0
8793, 3427, 1, 4096, 0
8793, 521525, 1, 4096, 0
8793, 6994, 1, 4096, 0
8795, 2010368, 1, 4096, 0
8795, 8020, 1, 4096, 0
8795, 3899, 1, 4096, 0
8795, 4482, 1, 4096, 0
8795, 3557, 1, 4096, 0
8795, 3288, 1, 4096, 0
8797, 1613398, 1, 4096, 0
8797, 7677, 1, 4096, 0
8797, 199717, 1, 4096, 0
8797, 201200, 1, 4096, 0
8798, 367599, 1, 4096, 0
8798, 3818, 1, 4096, 0
8798, 3521, 1, 4096, 0
8798, 887207, 1, 4096, 0
8799, 204454, 1, 4096, 0
8799, 254613, 1, 4096, 0
8799, 8782, 1, 4096, 0
8799, 3493, 1, 4096, 0
8799, 2871, 1, 4096, 0
8799, 4081, 1, 4096, 0
8799, 5139, 1, 4096, 0
8799, 4333, 1, 4096, 0
8799, 4295, 1, 4096, 0
8799, 365046, 1, 4096, 0
8799, 7438, 1, 4096, 0
8799, 2905, 1, 4096, 0
8799, 3200, 1, 4096, 0
8799, 4419, 1, 4096, 0
8799, 3499, 1, 4096, 0
8799, 3422, 1, 4096, 0
8799, 3137, 1, 4096, 0
8802, 2282205, 1, 4096, 0
8802, 7846, 1, 4096, 0
8802, 4600, 1, 4096, 0
8802, 2916, 1, 4096, 0
8802, 4048, 1, 4096, 0
8802, 209327, 1, 4096, 0
8802, 9787, 1, 4096, 0
8804, 1886309, 1, 4096, 0
8804, 7098, 1, 4096, 0
8804, 2751, 1, 4096, 0
8804, 2533, 1, 4096, 0
8804, 2549, 1, 4096, 0
8804, 2494, 1, 4096, 0
8804, 2658, 1, 4096, 0
8804, 2615, 1, 4096, 0
8804, 147125, 1, 4096, 0
8804, 7694, 1, 4096, 0
8804, 393912, 1, 4096, 0
8804, 22297, 1, 4096, 0
8805, 347175, 1, 4096, 0
8805, 4229, 1, 4096, 0
8805, 3360, 1, 4096, 0
8805, 3266, 1, 4096, 0
8805, 2786, 1, 4096, 0
8806, 315426, 1, 4096, 0
8806, 4389, 1, 4096, 0
8806, 2837, 1, 4096, 0
8808, 2231333, 1, 4096, 0
8808, 6542, 1, 4096, 0
8808, 4198, 1, 4096, 0
8808, 571145, 1, 4096, 0
8809, 515269, 1, 4096, 0
8809, 6253, 1, 4096, 0
8809, 3467, 1, 4096, 0
8809, 3394, 1, 4096, 0
8809, 3281, 1, 4096, 0
8809, 3082, 1, 4096, 0
8809, 3369, 1, 4096, 0
8809, 3569, 1, 4096, 0
8810, 841436, 1, 4096, 0
8810, 5732, 1, 4096, 0
8810, 3344, 1, 4096, 0
8810, 2591, 1, 4096, 0
8810, 3038, 1, 4096, 0
8810, 3477, 1, 4096, 0
8810, 2732, 1, 4096, 0
8811, 906900, 1, 4096, 0
8811, 381208, 1, 4096, 0
8811, 13320, 1, 4096, 0
8811, 5135, 1, 4096, 0
8811, 3297, 1, 4096, 0
8811, 2893, 1, 4096, 0
8811, 5191, 1, 4096, 0
8811, 4072, 1, 4096, 0
8812, 635064, 1, 4096, 0
8814, 2204574, 1, 4096, 0
8814, 7004, 1, 4096, 0
8814, 4049, 1, 4096, 0
8814, 3728, 1, 4096, 0
8814, 3215, 1, 4096, 0
8814, 4160, 1, 4096, 0
8814, 3290, 1, 4096, 0
8814, 2642, 1, 4096, 0
8815, 463319, 1, 4096, 0
8815, 8878, 1, 4096, 0
8815, 393284, 1, 4096, 0
8816, 478202, 1, 4096, 0
8816, 193977, 1, 4096, 0
8816, 4203, 1, 4096, 0
8816, 2951, 1, 4096, 0
8816, 279197, 1, 4096, 0
8817, 596075, 1, 4096, 0
8817, 6019, 1, 4096, 0
8817, 3469, 1, 4096, 0
8817, 2039, 1, 4096, 0
8817, 2676, 1, 4096, 0
8817, 2455, 1, 4096, 0
8817, 2891, 1, 4096, 0
8817, 3150, 1, 4096, 0
8817, 6695, 1, 4096, 0
8817, 4156, 1, 4096, 0
8817, 10577, 1, 4096, 0
8817, 3947, 1, 4096, 0
8817, 3950, 1, 4096, 0
8818, 164109, 1, 4096, 0
8818, 6520, 1, 4096, 0
8818, 45457, 1, 4096, 0
8819, 1280894, 1, 4096, 0
8819, 6193, 1, 4096, 0
8819, 1723, 1, 4096, 0
8819, 143712, 1, 4096, 0
8819, 4317, 1, 4096, 0
8821, 1772926, 1, 4096, 0
8821, 9357, 1, 4096, 0
8821, 2761, 1, 4096, 0
8821, 2830, 1, 4096, 0
8821, 2593, 1, 4096, 0
8821, 1803, 1, 4096, 0
8821, 2613, 1, 4096, 0
8821, 2438, 1, 4096, 0
8823, 1984783, 1, 4096, 0
8824, 667083, 1, 4096, 0
8824, 26082, 1, 4096, 0
8824, 3786, 1, 4096, 0
8824, 43044, 1, 4096, 0
8824, 95074, 1, 4096, 0
8824, 482121, 1, 4096, 0
8824, 150958, 1, 4096, 0
8826, 1179850, 1, 4096, 0
8826, 8329, 1, 4096, 0
8826, 809445, 1, 4096, 0
8826, 9112, 1, 4096, 0
8826, 3123, 1, 4096, 0
8826, 3145, 1, 4096, 0
8826, 3301, 1, 4096, 0
8826, 3377, 1, 4096, 0
8827, 2882, 1, 4096, 0
8827, 3595, 1, 4096, 0
8828, 1538910, 1, 4096, 0
8828, 6582, 1, 4096, 0
8828, 3194, 1, 4096, 0
8828, 3099, 1, 4096, 0
8828, 2710, 1, 4096, 0
8828, 2907, 1, 4096, 0
8828, 4446, 1, 4096, 0
8828, 5178, 1, 4096, 0
8830, 2394108, 1, 4096, 0
8831, 164973, 1, 4096, 0
8831, 87390, 1, 4096, 0
8831, 3149, 1, 4096, 0
8831, 3030, 1, 4096, 0
8831, 219839, 1, 4096, 0
8831, 6850, 1, 4096, 0
8831, 175359, 1, 4096, 0
8832, 1264000, 1, 4096, 0
8833, 656632, 1, 4096, 0
8834, 399301, 1, 4096, 0
8834, 195182, 1, 4096, 0
8834, 29822, 1, 4096, 0
8834, 4194, 1, 4096, 0
8834, 156892, 1, 4096, 0
8834, 5011, 1, 4096, 0
8835, 1053361, 1, 4096, 0
8836, 725610, 1, 4096, 0
8836, 6496, 1, 4096, 0
8836, 473679, 1, 4096, 0
8837, 523112, 1, 4096, 0
8837, 125787, 1, 4096, 0
8837, 181945, 1, 4096, 0
8838, 805612, 1, 4096, 0
8839, 731756, 1, 4096, 0
8839, 4588, 1, 4096, 0
8839, 3819, 1, 4096, 0
8840, 1841771, 1, 4096, 0
8841, 127437, 1, 4096, 0
8841, 7191, 1, 4096, 0
8841, 386712, 1, 4096, 0
8841, 5817, 1, 4096, 0
8842, 1494319, 1, 4096, 0
8844, 1144934, 1, 4096, 0
8844, 309941, 1, 4096, 0
8844, 6267, 1, 4096, 0
8844, 245574, 1, 4096, 0
8844, 5723, 1, 4096, 0
8844, 3274, 1, 4096, 0
8845, 504287, 1, 4096, 0
8845, 8341, 1, 4096, 0
8845, 3489, 1, 4096, 0
8845, 3791, 1, 4096, 0
8845, 3484, 1, 4096, 0
8845, 4174, 1, 4096, 0
8845, 3146, 1, 4096, 0
8845, 4126, 1, 4096, 0
8847, 1944377, 1, 4096, 0
8847, 286372, 1, 4096, 0
8847, 101253, 1, 4096, 0
8847, 143723, 1, 4096, 0
8847, 10543, 1, 4096, 0
8848, 347103, 1, 4096, 0
8848, 530911, 1, 4096, 0
8849, 756813, 1, 4096, 0
8849, 96344, 1, 4096, 0
8849, 5288, 1, 4096, 0
8849, 4638, 1, 4096, 0
8849, 3545, 1, 4096, 0
8849, 3758, 1, 4096, 0
8849, 3654, 1, 4096, 0
8849, 3275, 1, 4096, 0
8849, 3059, 1, 4096, 0
8849, 247105, 1, 4096, 0
8849, 14824, 1, 4096, 0
8849, 4192, 1, 4096, 0
8849, 4167, 1, 4096, 0
8849, 3270, 1, 4096, 0
8849, 3039, 1, 4096, 0
8849, 3973, 1, 4096, 0
8849, 3033, 1, 4096, 0
8851, 1455043, 1, 4096, 0
8851, 7909, 1, 4096, 0
8851, 3412, 1, 4096, 0
8851, 3515, 1, 4096, 0
8851, 2992, 1, 4096, 0
8852, 6232, 1, 4096, 0
8853, 1178071, 1, 4096, 0
8854, 442900, 1, 4096, 0
8854, 319819, 1, 4096, 0
8854, 8745, 1, 4096, 0
8854, 4532, 1, 4096, 0
8854, 3034, 1, 4096, 0
8854, 3159, 1, 4096, 0
8854, 3967, 1, 4096, 0
8854, 3604, 1, 4096, 0
8854, 425341, 1, 4096, 0
8855, 264007, 1, 4096, 0
8855, 5098, 1, 4096, 0
8855, 4089, 1, 4096, 0
8855, 2632, 1, 4096, 0
8855, 3023, 1, 4096, 0
8855, 6729, 1, 4096, 0
8855, 3380, 1, 4096, 0
8855, 3279, 1, 4096, 0
8855, 245076, 1, 4096, 0
8855, 6273, 1, 4096, 0
8855, 3040, 1, 4096, 0
8855, 4127, 1, 4096, 0
8855, 5856, 1, 4096, 0
8855, 3208, 1, 4096, 0
8857, 699077, 1, 4096, 0
8857, 6425, 1, 4096, 0
8858, 469093, 1, 4096, 0
8858, 5443, 1, 4096, 0
8858, 3730, 1, 4096, 0
8859, 606061, 1, 4096, 0
8859, 8387, 1, 4096, 0
8859, 4150, 1, 4096, 0
8859, 205967, 1, 4096, 0
8860, 1390552, 1, 4096, 0
8861, 818972, 1, 4096, 0
8861, 4850, 1, 4096, 0
8861, 112548, 1, 4096, 0
8861, 4395, 1, 4096, 0
8861, 2493, 1, 4096, 0
8861, 2363, 1, 4096, 0
8861, 2203, 1, 4096, 0
8861, 3094, 1, 4096, 0
8861, 3565, 1, 4096, 0
8861, 2350, 1, 4096, 0
8861, 191611, 1, 4096, 0
8861, 4274, 1, 4096, 0
8861, 3384, 1, 4096, 0
8865, 3243872, 1, 4096, 0
8865, 5054, 1, 4096, 0
8865, 677355, 1, 4096, 0
8866, 589694, 1, 4096, 0
8866, 110328, 1, 4096, 0
8866, 5937, 1, 4096, 0
8866, 3409, 1, 4096, 0
8866, 3630, 1, 4096, 0
8866, 3540, 1, 4096, 0
8866, 3160, 1, 4096, 0
8866, 2392, 1, 4096, 0
8866, 2442, 1, 4096, 0
8866, 102590, 1, 4096, 0
8868, 2225804, 1, 4096, 0
8868, 8957, 1, 4096, 0
8868, 3582, 1, 4096, 0
8868, 2795, 1, 4096, 0
8868, 3567, 1, 4096, 0
8868, 3390, 1, 4096, 0
8868, 3945, 1, 4096, 0
8868, 3356, 1, 4096, 0
8870, 1510565, 1, 4096, 0
8870, 6925, 1, 4096, 0
8870, 3114, 1, 4096, 0
8870, 3202, 1, 4096, 0
8870, 3416, 1, 4096, 0
8870, 2811, 1, 4096, 0
8870, 3591, 1, 4096, 0
8870, 3417, 1, 4096, 0
8871, 1081333, 1, 4096, 0
8874, 2421756, 1, 4096, 0
8874, 6042, 1, 4096, 0
8874, 2652, 1, 4096, 0
8874, 3628, 1, 4096, 0
8874, 332939, 1, 4096, 0
8874, 9294, 1, 4096, 0
8874, 3393, 1, 4096, 0
8874, 3726, 1, 4096, 0
8874, 3069, 1, 4096, 0
8874, 2911, 1, 4096, 0
8874, 2508, 1, 4096, 0
8874, 2911, 1, 4096, 0
8878, 3592161, 1, 4096, 0
8878, 512150, 1, 4096, 0
8878, 33109, 1, 4096, 0
8878, 12980, 1, 4096, 0
8878, 4336, 1, 4096, 0
8878, 4166, 1, 4096, 0
8878, 5641, 1, 4096, 0
8878, 3358, 1, 4096, 0
8878, 2835, 1, 4096, 0
8878, 2728, 1, 4096, 0
8880, 1938844, 1, 4096, 0
8880, 178222, 1, 4096, 0
8880, 99445, 1, 4096, 0
8880, 7065, 1, 4096, 0
8880, 3060, 1, 4096, 0
8880, 3123, 1, 4096, 0
8880, 3306, 1, 4096, 0
8880, 4013, 1, 4096, 0
8880, 3213, 1, 4096, 0
8880, 2345, 1, 4096, 0
8881, 123367, 1, 4096, 0
8881, 6195, 1, 4096, 0
8881, 4898, 1, 4096, 0
8881, 3794, 1, 4096, 0
8881, 3581, 1, 4096, 0
8881, 6987, 1, 4096, 0
8881, 3072, 1, 4096, 0
8881, 3632, 1, 4096, 0
8883, 2603106, 1, 4096, 0
8883, 6417, 1, 4096, 0
8883, 3163, 1, 4096, 0
8884, 399325, 1, 4096, 0
8884, 250128, 1, 4096, 0
8884, 5746, 1, 4096, 0
8884, 3327, 1, 4096, 0
8884, 2739, 1, 4096, 0
8884, 3099, 1, 4096, 0
8884, 3513, 1, 4096, 0
8884, 2704, 1, 4096, 0
8884, 2599, 1, 4096, 0
8885, 1179900, 1, 4096, 0
8885, 8186, 1, 4096, 0
8885, 4821, 1, 4096, 0
8885, 2846, 1, 4096, 0
8886, 568564, 1, 4096, 0
8886, 7721, 1, 4096, 0
8886, 3144, 1, 4096, 0
8886, 3700, 1, 4096, 0
8886, 3278, 1, 4096, 0
8886, 3982, 1, 4096, 0
8886, 3520, 1, 4096, 0
8886, 2879, 1, 4096, 0
8886, 290209, 1, 4096, 0
8886, 6348, 1, 4096, 0
8886, 3054, 1, 4096, 0
8886, 3086, 1, 4096, 0
8886, 2901, 1, 4096, 0
8886, 3208, 1, 4096, 0
8886, 9273, 1, 4096, 0
8887, 6773, 1, 4096, 0
8888, 615018, 1, 4096, 0
8888, 6917, 1, 4096, 0
8888, 3430, 1, 4096, 0
8888, 3573, 1, 4096, 0
8888, 5229, 1, 4096, 0
8888, 7180, 1, 4096, 0
8888, 228631, 1, 4096, 0
8888, 4557, 1, 4096, 0
8890, 2106375, 1, 4096, 0
8890, 6412, 1, 4096, 0
8891, 108005, 1, 4096, 0
8891, 263567, 1, 4096, 0
8891, 4172, 1, 4096, 0
8891, 43467, 1, 4096, 0
8891, 209878, 1, 4096, 0
8892, 1240915, 1, 4096, 0
8893, 867302, 1, 4096, 0
8894, 980468, 1, 4096, 0
8895, 453276, 1, 4096, 0
8897, 1844933, 1, 4096, 0
8897, 877914, 1, 4096, 0
8898, 623335, 1, 4096, 0
8899, 1165844, 1, 4096, 0
8900, 543333, 1, 4096, 0
8900, 198862, 1, 4096, 0
8900, 67971, 1, 4096, 0
8900, 7078, 1, 4096, 0
8900, 177933, 1, 4096, 0
8900, 8970, 1, 4096, 0
8900, 4502, 1, 4096, 0
8900, 3414, 1, 4096, 0
8900, 5826, 1, 4096, 0
8900, 3552, 1, 4096, 0
8900, 5029, 1, 4096, 0
8900, 4193, 1, 4096, 0
8902, 1741343, 1, 4096, 0
8902, 157312, 1, 4096, 0
8902, 6489, 1, 4096, 0
8902, 2355, 1, 4096, 0
8902, 1764, 1, 4096, 0
8902, 2670, 1, 4096, 0
8902, 2442, 1, 4096, 0
8902, 2291, 1, 4096, 0
8902, 2362, 1, 4096, 0
8905, 3047505, 1, 4096, 0
8905, 133319, 1, 4096, 0
8906, 867957, 1, 4096, 0
8907, 187745, 1, 4096, 0
8907, 487964, 1, 4096, 0
8907, 466282, 1, 4096, 0
8908, 229346, 1, 4096, 0
8910, 2048698, 1, 4096, 0
8910, 8755, 1, 4096, 0
8910, 2966, 1, 4096, 0
8910, 3567, 1, 4096, 0
8910, 378411, 1, 4096, 0
8911, 1099766, 1, 4096, 0
8911, 6181, 1, 4096, 0
8914, 2746407, 1, 4096, 0
8914, 7110, 1, 4096, 0
8915, 540163, 1, 4096, 0
8915, 8333, 1, 4096, 0
8916, 919377, 1, 4096, 0
8916, 7683, 1, 4096, 0
8916, 3172, 1, 4096, 0
8916, 2693, 1, 4096, 0
8916, 2698, 1, 4096, 0
8916, 2744, 1, 4096, 0
8916, 2975, 1, 4096, 0
8916, 2929, 1, 4096, 0
8919, 2924124, 1, 4096, 0
8919, 82142, 1, 4096, 0
8919, 98474, 1, 4096, 0
8919, 754164, 1, 4096, 0
8919, 7106, 1, 4096, 0
8919, 2787, 1, 4096, 0
8919, 2824, 1, 4096, 0
8919, 3379, 1, 4096, 0
8921, 1486507, 1, 4096, 0
8921, 8033, 1, 4096, 0
8921, 4154, 1, 4096, 0
8921, 2224, 1, 4096, 0
8921, 3782, 1, 4096, 0
8921, 3851, 1, 4096, 0
8921, 3716, 1, 4096, 0
8921, 3512, 1, 4096, 0
8922, 956624, 1, 4096, 0
8922, 5078, 1, 4096, 0
8922, 3062, 1, 4096, 0
8922, 2874, 1, 4096, 0
8922, 2790, 1, 4096, 0
8922, 2905, 1, 4096, 0
8922, 2409, 1, 4096, 0
8922, 2601, 1, 4096, 0
8923, 1128174, 1, 4096, 0
8923, 6337, 1, 4096, 0
8923, 4250, 1, 4096, 0
8923, 3199, 1, 4096, 0
8923, 3007, 1, 4096, 0
8923, 4018, 1, 4096, 0
8923, 3110, 1, 4096, 0
8923, 3718, 1, 4096, 0
8925, 1515258, 1, 4096, 0
8925, 236302, 1, 4096, 0
8925, 130707, 1, 4096, 0
8925, 5164, 1, 4096, 0
8925, 2423, 1, 4096, 0
8925, 2041, 1, 4096, 0
8925, 2141, 1, 4096, 0
8925, 2420, 1, 4096, 0
8925, 2737, 1, 4096, 0
8925, 3313, 1, 4096, 0
8926, 1202277, 1, 4096, 0
8926, 12375, 1, 4096, 0
8926, 2937, 1, 4096, 0
8927, 171019, 1, 4096, 0
8927, 30639, 1, 4096, 0
8927, 530510, 1, 4096, 0
8927, 385408, 1, 4096, 0
8928, 599990, 1, 4096, 0
8929, 456525, 1, 4096, 0
8929, 218962, 1, 4096, 0
8929, 234368, 1, 4096, 0
8929, 316374, 1, 4096, 0
8930, 384567, 1, 4096, 0
8930, 747509, 1, 4096, 0
8931, 5727, 1, 4096, 0
8931, 554709, 1, 4096, 0
8931, 4176, 1, 4096, 0
8933, 1505707, 1, 4096, 0
8933, 6801, 1, 4096, 0
8933, 482555, 1, 4096, 0
8933, 244725, 1, 4096, 0
8934, 1135283, 1, 4096, 0
8934, 5719, 1, 4096, 0
8936, 1640517, 1, 4096, 0
8936, 5744, 1, 4096, 0
8936, 3881, 1, 4096, 0
8937, 788393, 1, 4096, 0
8937, 7602, 1, 4096, 0
8937, 3874, 1, 4096, 0
8937, 2883, 1, 4096, 0
8937, 2569, 1, 4096, 0
8937, 3343, 1, 4096, 0
8937, 3178, 1, 4096, 0
8937, 3558, 1, 4096, 0
8939, 2294890, 1, 4096, 0
8940, 360122, 1, 4096, 0
8940, 7213, 1, 4096, 0
8940, 4874, 1, 4096, 0
8940, 2534, 1, 4096, 0
8940, 5138, 1, 4096, 0
8940, 3195, 1, 4096, 0
8940, 3989, 1, 4096, 0
8940, 3428, 1, 4096, 0
8943, 3062463, 1, 4096, 0
8943, 577002, 1, 4096, 0
8944, 273170, 1, 4096, 0
8944, 19129, 1, 4096, 0
8944, 2593, 1, 4096, 0
8944, 437992, 1, 4096, 0
8946, 1761488, 1, 4096, 0
8946, 19796, 1, 4096, 0
8946, 521781, 1, 4096, 0
8946, 22010, 1, 4096, 0
8946, 2973, 1, 4096, 0
8948, 1181692, 1, 4096, 0
8949, 1024226, 1, 4096, 0
8949, 115134, 1, 4096, 0
8949, 353856, 1, 4096, 0
8950, 1335753, 1, 4096, 0
8951, 6741, 1, 4096, 0
8951, 346287, 1, 4096, 0
8952, 1348129, 1, 4096, 0
8952, 7589, 1, 4096, 0
8952, 76241, 1, 4096, 0
8953, 384308, 1, 4096, 0
8955, 2623348, 1, 4096, 0
8955, 15384, 1, 4096, 0
8955, 2930, 1, 4096, 0
8955, 4195, 1, 4096, 0
8956, 357972, 1, 4096, 0
8956, 7258, 1, 4096, 0
8956, 477137, 1, 4096, 0
8956, 6630, 1, 4096, 0
8956, 3998, 1, 4096, 0
8956, 3267, 1, 4096, 0
8956, 3335, 1, 4096, 0
8956, 3196, 1, 4096, 0
8956, 2809, 1, 4096, 0
8956, 6651, 1, 4096, 0
8957, 532709, 1, 4096, 0
8957, 9444, 1, 4096, 0
8957, 2937, 1, 4096, 0
8957, 3441, 1, 4096, 0
8957, 3595, 1, 4096, 0
8957, 3260, 1, 4096, 0
8957, 3085, 1, 4096, 0
8957, 3720, 1, 4096, 0
8960, 3575691, 1, 4096, 0
8960, 9351, 1, 4096, 0
8960, 3479, 1, 4096, 0
8960, 2827, 1, 4096, 0
8961, 791091, 1, 4096, 0
8961, 8148, 1, 4096, 0
8961, 2620, 1, 4096, 0
8961, 8731, 1, 4096, 0
8961, 3085, 1, 4096, 0
8962, 425036, 1, 4096, 0
8963, 811695, 1, 4096, 0
8963, 7241, 1, 4096, 0
8965, 2347232, 1, 4096, 0
8966, 720899, 1, 4096, 0
8966, 109654, 1, 4096, 0
8967, 831454, 1, 4096, 0
8967, 7241, 1, 4096, 0
8967, 2935, 1, 4096, 0
8967, 3517, 1, 4096, 0
8967, 369019, 1, 4096, 0
8967, 5944, 1, 4096, 0
8967, 3163, 1, 4096, 0
8967, 2811, 1, 4096, 0
8967, 3306, 1, 4096, 0
8967, 3077, 1, 4096, 0
8967, 1880, 1, 4096, 0
8967, 3078, 1, 4096, 0
8969, 1965563, 1, 4096, 0
8970, 590323, 1, 4096, 0
8971, 1590243, 1, 4096, 0
8971, 3650, 1, 4096, 0
8971, 2575, 1, 4096, 0
8972, 414012, 1, 4096, 0
8972, 5192, 1, 4096, 0
8972, 141089, 1, 4096, 0
8972, 8160, 1, 4096, 0
8972, 4683, 1, 4096, 0
8972, 3777, 1, 4096, 0
8972, 4429, 1, 4096, 0
8972, 4630, 1, 4096, 0
8972, 6265, 1, 4096, 0
8972, 3471, 1, 4096, 0
8972, 193555, 1, 4096, 0
8972, 6323, 1, 4096, 0
8972, 2819, 1, 4096, 0
8972, 2909, 1, 4096, 0
8972, 2467, 1, 4096, 0
8972, 2268, 1, 4096, 0
8972, 1805, 1, 4096, 0
8972, 1769, 1, 4096, 0
8974, 1401209, 1, 4096, 0
8974, 7252, 1, 4096, 0
8974, 2975, 1, 4096, 0
8975, 535952, 1, 4096, 0
8975, 390949, 1, 4096, 0
8975, 48752, 1, 4096, 0
8976, 289466, 1, 4096, 0
8976, 129430, 1, 4096, 0
8976, 573946, 1, 4096, 0
8976, 7887, 1, 4096, 0
8977, 119854, 1, 4096, 0
8977, 488835, 1, 4096, 0
8977, 5466, 1, 4096, 0
8977, 4827, 1, 4096, 0
8977, 3187, 1, 4096, 0
8977, 3007, 1, 4096, 0
8977, 3631, 1, 4096, 0
8978, 784014, 1, 4096, 0
8979, 1321464, 1, 4096, 0
8979, 5461, 1, 4096, 0
8980, 1046709, 1, 4096, 0
8980, 6154, 1, 4096, 0
8980, 3200, 1, 4096, 0
8980, 3264, 1, 4096, 0
8980, 2887, 1, 4096, 0
8980, 3145, 1, 4096, 0
8980, 3323, 1, 4096, 0
8980, 2987, 1, 4096, 0
8982, 2110317, 1, 4096, 0
8982, 6940, 1, 4096, 0
8982, 3732, 1, 4096, 0
8982, 2810, 1, 4096, 0
8982, 2808, 1, 4096, 0
8982, 2514, 1, 4096, 0
8982, 2837, 1, 4096, 0
8982, 2188, 1, 4096, 0
8984, 1552154, 1, 4096, 0
8984, 7811, 1, 4096, 0
8984, 2364, 1, 4096, 0
8984, 4181, 1, 4096, 0
8984, 5709, 1, 4096, 0
8984, 2311, 1, 4096, 0
8984, 2808, 1, 4096, 0
8984, 2169, 1, 4096, 0
8987, 2691485, 1, 4096, 0
8987, 8683, 1, 4096, 0
8987, 480540, 1, 4096, 0
8987, 4247, 1, 4096, 0
8987, 3660, 1, 4096, 0
8988, 925393, 1, 4096, 0
8988, 192313, 1, 4096, 0
8989, 117436, 1, 4096, 0
8989, 351453, 1, 4096, 0
8989, 465526, 1, 4096, 0
8990, 1094807, 1, 4096, 0
8990, 7312, 1, 4096, 0
8991, 667636, 1, 4096, 0
8991, 8597, 1, 4096, 0
8991, 4069, 1, 4096, 0
8992, 382023, 1, 4096, 0
8992, 644065, 1, 4096, 0
8993, 684050, 1, 4096, 0
8994, 665442, 1, 4096, 0
8994, 650268, 1, 4096, 0
8994, 5233, 1, 4096, 0
8995, 703758, 1, 4096, 0
8995, 149211, 1, 4096, 0
8995, 184270, 1, 4096, 0
8996, 232110, 1, 4096, 0
8996, 339885, 1, 4096, 0
8996, 63267, 1, 4096, 0
8997, 965184, 1, 4096, 0
8997, 6034, 1, 4096, 0
8997, 3511, 1, 4096, 0
8997, 2938, 1, 4096, 0
8997, 3556, 1, 4096, 0
8997, 2793, 1, 4096, 0
8997, 4318, 1, 4096, 0
8997, 3448, 1, 4096, 0
9000, 2959522, 1, 4096, 0
9000, 6170, 1, 4096, 0
9000, 3412, 1, 4096, 0
9002, 1727205, 1, 4096, 0
9002, 6766, 1, 4096, 0
9002, 4054, 1, 4096, 0
9002, 3785, 1, 4096, 0
9002, 486733, 1, 4096, 0
9003, 504302, 1, 4096, 0
9003, 701138, 1, 4096, 0
9003, 6706, 1, 4096, 0
9004, 432954, 1, 4096, 0
9004, 6421, 1, 4096, 0
9004, 4321, 1, 4096, 0
9004, 3944, 1, 4096, 0
9004, 3643, 1, 4096, 0
9004, 5721, 1, 4096, 0
9004, 3262, 1, 4096, 0
9004, 4554, 1, 4096, 0
9006, 1941925, 1, 4096, 0
9006, 258788, 1, 4096, 0
9006, 4941, 1, 4096, 0
9006, 3650, 1, 4096, 0
9006, 3120, 1, 4096, 0
9006, 4144, 1, 4096, 0
9006, 3833, 1, 4096, 0
9006, 3226, 1, 4096, 0
9006, 3250, 1, 4096, 0
9006, 27031, 1, 4096, 0
9006, 4350, 1, 4096, 0
9006, 2499, 1, 4096, 0
9006, 3206, 1, 4096, 0
9006, 4519, 1, 4096, 0
9006, 2777, 1, 4096, 0
9006, 4030, 1, 4096, 0
9007, 1169751, 1, 4096, 0
9007, 6920, 1, 4096, 0
9007, 3483, 1, 4096, 0
9007, 3253, 1, 4096, 0
9007, 3994, 1, 4096, 0
9007, 3520, 1, 4096, 0
9008, 816077, 1, 4096, 0
9010, 2122481, 1, 4096, 0
9011, 409082, 1, 4096, 0
9011, 7611, 1, 4096, 0
9011, 3899, 1, 4096, 0
9011, 3341, 1, 4096, 0
9011, 3966, 1, 4096, 0
9011, 2758, 1, 4096, 0
9011, 3169, 1, 4096, 0
9011, 369025, 1, 4096, 0
9011, 71844, 1, 4096, 0
9011, 7532, 1, 4096, 0
9011, 3839, 1, 4096, 0
9012, 634764, 1, 4096, 0
9012, 6656, 1, 4096, 0
9012, 562889, 1, 4096, 0
9013, 5496, 1, 4096, 0
9013, 401162, 1, 4096, 0
9014, 1156072, 1, 4096, 0
9014, 376077, 1, 4096, 0
9015, 297909, 1, 4096, 0
9015, 7466, 1, 4096, 0
9016, 1265811, 1, 4096, 0
9016, 4061, 1, 4096, 0
9016, 2731, 1, 4096, 0
9016, 7710, 1, 4096, 0
9016, 284946, 1, 4096, 0
9016, 6781, 1, 4096, 0
9017, 1092752, 1, 4096, 0
9017, 6152, 1, 4096, 0
9018, 982890, 1, 4096, 0
9018, 3994, 1, 4096, 0
9018, 4372, 1, 4096, 0
9019, 522598, 1, 4096, 0
9019, 45265, 1, 4096, 0
9019, 248246, 1, 4096, 0
9021, 1253862, 1, 4096, 0
9021, 5161, 1, 4096, 0
9021, 413026, 1, 4096, 0
9021, 3658, 1, 4096, 0
9022, 646699, 1, 4096, 0
9022, 766879, 1, 4096, 0
9022, 5587, 1, 4096, 0
9022, 3847, 1, 4096, 0
9023, 787090, 1, 4096, 0
9023, 171831, 1, 4096, 0
9024, 225891, 1, 4096, 0
9024, 4299, 1, 4096, 0
9024, 754247, 1, 4096, 0
9025, 1096157, 1, 4096, 0
9025, 7053, 1, 4096, 0
9026, 8855, 1, 4096, 0
9026, 569548, 1, 4096, 0
9026, 7071, 1, 4096, 0
9026, 3962, 1, 4096, 0
9026, 3791, 1, 4096, 0
9026, 3224, 1, 4096, 0
9026, 4764, 1, 4096, 0
9026, 3257, 1, 4096, 0
9026, 3043, 1, 4096, 0
9028, 2249555, 1, 4096, 0
9029, 282474, 1, 4096, 0
9029, 5654, 1, 4096, 0
9029, 3257, 1, 4096, 0
9030, 1126222, 1, 4096, 0
9030, 6455, 1, 4096, 0
9030, 3097, 1, 4096, 0
9030, 183318, 1, 4096, 0
9030, 292576, 1, 4096, 0
9031, 781743, 1, 4096, 0
9032, 470540, 1, 4096, 0
9032, 708939, 1, 4096, 0
9032, 95955, 1, 4096, 0
9032, 7164, 1, 4096, 0
9033, 234401, 1, 4096, 0
9033, 94009, 1, 4096, 0
9033, 7369, 1, 4096, 0
9033, 3030, 1, 4096, 0
9033, 4961, 1, 4096, 0
9033, 4343, 1, 4096, 0
9033, 4218, 1, 4096, 0
9033, 2895, 1, 4096, 0
9033, 3348, 1, 4096, 0
9034, 1171222, 1, 4096, 0
9034, 7786, 1, 4096, 0
9034, 447484, 1, 4096, 0
9035, 731304, 1, 4096, 0
9035, 5372, 1, 4096, 0
9036, 838493, 1, 4096, 0
9036, 5502, 1, 4096, 0
9036, 275383, 1, 4096, 0
9037, 560792, 1, 4096, 0
9037, 28210, 1, 4096, 0
9037, 8221, 1, 4096, 0
9037, 3381, 1, 4096, 0
9037, 2565, 1, 4096, 0
9037, 3170, 1, 4096, 0
9037, 3558, 1, 4096, 0
9037, 3131, 1, 4096, 0
9037, 2895, 1, 4096, 0
9039, 2419348, 1, 4096, 0
9040, 785797, 1, 4096, 0
9040, 6272, 1, 4096, 0
9040, 3838, 1, 4096, 0
9040, 3759, 1, 4096, 0
9040, 2711, 1, 4096, 0
9040, 256672, 1, 4096, 0
9041, 779979, 1, 4096, 0
9042, 1068631, 1, 4096, 0
9042, 7647, 1, 4096, 0
9042, 3982, 1, 4096, 0
9042, 2710, 1, 4096, 0
9042, 1689, 1, 4096, 0
9042, 3014, 1, 4096, 0
9042, 4432, 1, 4096, 0
9042, 3094, 1, 4096, 0
9043, 1124698, 1, 4096, 0
9043, 6164, 1, 4096, 0
9043, 2963, 1, 4096, 0
9043, 2905, 1, 4096, 0
9044, 2573, 1, 4096, 0
9044, 65281, 1, 4096, 0
9044, 3026, 1, 4096, 0
9044, 722262, 1, 4096, 0
9045, 210602, 1, 4096, 0
9045, 8505, 1, 4096, 0
9045, 5007, 1, 4096, 0
9045, 3865, 1, 4096, 0
9045, 3555, 1, 4096, 0
9045, 3447, 1, 4096, 0
9045, 3176, 1, 4096, 0
9045, 3219, 1, 4096, 0
9046, 1416466, 1, 4096, 0
9047, 321528, 1, 4096, 0
9047, 9507, 1, 4096, 0
9047, 3595, 1, 4096, 0
9047, 3231, 1, 4096, 0
9047, 486694, 1, 4096, 0
9047, 6353, 1, 4096, 0
9047, 93655, 1, 4096, 0
9047, 60967, 1, 4096, 0
9047, 128139, 1, 4096, 0
9047, 95650, 1, 4096, 0
9047, 8966, 1, 4096, 0
9047, 3159, 1, 4096, 0
9050, 2683074, 1, 4096, 0
9051, 665206, 1, 4096, 0
9051, 7892, 1, 4096, 0
9051, 3567, 1, 4096, 0
9051, 2686, 1, 4096, 0
9051, 2911, 1, 4096, 0
9051, 3636, 1, 4096, 0
9051, 3399, 1, 4096, 0
9051, 2764, 1, 4096, 0
9051, 246399, 1, 4096, 0
9051, 8110, 1, 4096, 0
9051, 4177, 1, 4096, 0
9051, 3326, 1, 4096, 0
9051, 3088, 1, 4096, 0
9053, 2321570, 1, 4096, 0
9053, 7610, 1, 4096, 0
9053, 3160, 1, 4096, 0
9053, 2013, 1, 4096, 0
9054, 512408, 1, 4096, 0
9054, 3702, 1, 4096, 0
9055, 1303338, 1, 4096, 0
9055, 9993, 1, 4096, 0
9056, 636770, 1, 4096, 0
9057, 1014171, 1, 4096, 0
9057, 4733, 1, 4096, 0
9057, 323368, 1, 4096, 0
9059, 1294396, 1, 4096, 0
9059, 5329, 1, 4096, 0
9059, 375586, 1, 4096, 0
9059, 258831, 1, 4096, 0
9059, 4465, 1, 4096, 0
9060, 939687, 1, 4096, 0
9060, 8131, 1, 4096, 0
9061, 559119, 1, 4096, 0
9062, 1357602, 1, 4096, 0
9062, 6941, 1, 4096, 0
9063, 424257, 1, 4096, 0
9063, 5816, 1, 4096, 0
9063, 734574, 1, 4096, 0
9064, 438258, 1, 4096, 0
9064, 4624, 1, 4096, 0
9064, 2960, 1, 4096, 0
9064, 3650, 1, 4096, 0
9064, 3693, 1, 4096, 0
9064, 2797, 1, 4096, 0
9064, 2559, 1, 4096, 0
9064, 2856, 1, 4096, 0
9067, 3181174, 1, 4096, 0
9068, 654838, 1, 4096, 0
9068, 6977, 1, 4096, 0
9068, 6704, 1, 4096, 0
9068, 5329, 1, 4096, 0
9068, 4136, 1, 4096, 0
9068, 3774, 1, 4096, 0
9068, 3979, 1, 4096, 0
9068, 3989, 1, 4096, 0
9068, 487717, 1, 4096, 0
9068, 6848, 1, 4096, 0
9068, 4262, 1, 4096, 0
9068, 4886, 1, 4096, 0
9068, 2863, 1, 4096, 0
9068, 3292, 1, 4096, 0
9070, 1631718, 1, 4096, 0
9070, 6972, 1, 4096, 0
9072, 1633652, 1, 4096, 0
9072, 904908, 1, 4096, 0
9072, 4563, 1, 4096, 0
9072, 3914, 1, 4096, 0
9072, 4218, 1, 4096, 0
9072, 4602, 1, 4096, 0
9073, 2856, 1, 4096, 0
9073, 3671, 1, 4096, 0
9073, 2867, 1, 4096, 0
9073, 560498, 1, 4096, 0
9073, 7724, 1, 4096, 0
9073, 5347, 1, 4096, 0
9073, 3799, 1, 4096, 0
9073, 2841, 1, 4096, 0
9073, 3934, 1, 4096, 0
9073, 3191, 1, 4096, 0
9073, 3847, 1, 4096, 0
9076, 2645440, 1, 4096, 0
9076, 9209, 1, 4096, 0
9077, 766955, 1, 4096, 0
9077, 7438, 1, 4096, 0
9077, 4610, 1, 4096, 0
9077, 4336, 1, 4096, 0
9077, 472898, 1, 4096, 0
9077, 9179, 1, 4096, 0
9077, 4181, 1, 4096, 0
9077, 5105, 1, 4096, 0
9077, 4408, 1, 4096, 0
9077, 6071, 1, 4096, 0
9077, 4374, 1, 4096, 0
9077, 3712, 1, 4096, 0
9078, 1064339, 1, 4096, 0
9078, 7819, 1, 4096, 0
9078, 3175, 1, 4096, 0
9078, 2854, 1, 4096, 0
9078, 2737, 1, 4096, 0
9078, 3425, 1, 4096, 0
9078, 3516, 1, 4096, 0
9078, 2604, 1, 4096, 0
9082, 3882721, 1, 4096, 0
9082, 10461, 1, 4096, 0
9082, 3395, 1, 4096, 0
9082, 228699, 1, 4096, 0
9082, 86690, 1, 4096, 0
9084, 1978248, 1, 4096, 0
9084, 10288, 1, 4096, 0
9084, 2950, 1, 4096, 0
9084, 4010, 1, 4096, 0
9084, 4154, 1, 4096, 0
9084, 3359, 1, 4096, 0
9084, 3813, 1, 4096, 0
9084, 4767, 1, 4096, 0
9086, 1049558, 1, 4096, 0
9086, 5326, 1, 4096, 0
9086, 3001, 1, 4096, 0
9086, 2963, 1, 4096, 0
9086, 2718, 1, 4096, 0
9086, 2844, 1, 4096, 0
9086, 2585, 1, 4096, 0
9086, 3077, 1, 4096, 0
9086, 446525, 1, 4096, 0
9086, 336641, 1, 4096, 0
9087, 126724, 1, 4096, 0
9087, 6741, 1, 4096, 0
9087, 3155, 1, 4096, 0
9087, 4270, 1, 4096, 0
9087, 3049, 1, 4096, 0
9087, 5078, 1, 4096, 0
9087, 6421, 1, 4096, 0
9087, 2991, 1, 4096, 0
9090, 2730610, 1, 4096, 0
9090, 103365, 1, 4096, 0
9090, 4599, 1, 4096, 0
9091, 997751, 1, 4096, 0
9091, 7194, 1, 4096, 0
9091, 3434, 1, 4096, 0
9091, 3284, 1, 4096, 0
9091, 2920, 1, 4096, 0
9091, 2804, 1, 4096, 0
9091, 2536, 1, 4096, 0
9091, 2202, 1, 4096, 0
9093, 1921813, 1, 4096, 0
9093, 96868, 1, 4096, 0
9093, 5916, 1, 4096, 0
9093, 2754, 1, 4096, 0
9093, 2931, 1, 4096, 0
9093, 4963, 1, 4096, 0
9093, 2870, 1, 4096, 0
9093, 3357, 1, 4096, 0
9093, 4169, 1, 4096, 0
9094, 1611252, 1, 4096, 0
9094, 6417, 1, 4096, 0
9094, 3878, 1, 4096, 0
9096, 1162128, 1, 4096, 0
9096, 7384, 1, 4096, 0
9096, 3817, 1, 4096, 0
9096, 2497, 1, 4096, 0
9096, 2298, 1, 4096, 0
9096, 1987, 1, 4096, 0
9096, 2330, 1, 4096, 0
9096, 2437, 1, 4096, 0
9096, 368094, 1, 4096, 0
9096, 8312, 1, 4096, 0
9096, 3851, 1, 4096, 0
9096, 6878, 1, 4096, 0
9096, 2993, 1, 4096, 0
9097, 247711, 1, 4096, 0
9097, 9429, 1, 4096, 0
9097, 4330, 1, 4096, 0
9097, 7045, 1, 4096, 0
9098, 8928, 1, 4096, 0
9098, 92684, 1, 4096, 0
9098, 84172, 1, 4096, 0
9098, 8603, 1, 4096, 0
9098, 3476, 1, 4096, 0
9098, 8395, 1, 4096, 0
9099, 3694, 1, 4096, 0
9100, 692626, 1, 4096, 0
9100, 480275, 1, 4096, 0
9100, 176876, 1, 4096, 0
9101, 541002, 1, 4096, 0
9102, 533964, 1, 4096, 0
9102, 540504, 1, 4096, 0
9103, 495673, 1, 4096, 0
9103, 7162, 1, 4096, 0
9104, 1084721, 1, 4096, 0
9104, 11842, 1, 4096, 0
9104, 203031, 1, 4096, 0
9104, 7463, 1, 4096, 0
9104, 3918, 1, 4096, 0
9104, 3122, 1, 4096, 0
9104, 2325, 1, 4096, 0
9104, 2844, 1, 4096, 0
9104, 4632, 1, 4096, 0
9104, 2874, 1, 4096, 0
9107, 2980881, 1, 4096, 0
9107, 9283, 1, 4096, 0
9107, 4333, 1, 4096, 0
9107, 4274, 1, 4096, 0
9107, 5010, 1, 4096, 0
9107, 63636, 1, 4096, 0
9107, 3843, 1, 4096, 0
9107, 75682, 1, 4096, 0
9108, 709706, 1, 4096, 0
9108, 7667, 1, 4096, 0
9108, 3727, 1, 4096, 0
9108, 3198, 1, 4096, 0
9108, 3800, 1, 4096, 0
9108, 2763, 1, 4096, 0
9108, 3056, 1, 4096, 0
9108, 3132, 1, 4096, 0
9111, 2714921, 1, 4096, 0
9111, 718568, 1, 4096, 0
9111, 5129, 1, 4096, 0
9111, 144650, 1, 4096, 0
9112, 127994, 1, 4096, 0
9112, 3813, 1, 4096, 0
9112, 3458, 1, 4096, 0
9112, 218046, 1, 4096, 0
9114, 2091731, 1, 4096, 0
9114, 389241, 1, 4096, 0
9114, 4152, 1, 4096, 0
9115, 182149, 1, 4096, 0
9115, 5049, 1, 4096, 0
9115, 614724, 1, 4096, 0
9115, 8574, 1, 4096, 0
9115, 3323, 1, 4096, 0
9117, 1853651, 1, 4096, 0
9117, 6273, 1, 4096, 0
9117, 4205, 1, 4096, 0
9117, 3913, 1, 4096, 0
9117, 4075, 1, 4096, 0
9117, 4250, 1, 4096, 0
9117, 3813, 1, 4096, 0
9117, 2171, 1, 4096, 0
9119, 1618852, 1, 4096, 0
9119, 6919, 1, 4096, 0
9119, 3311, 1, 4096, 0
9119, 3270, 1, 4096, 0
9119, 2806, 1, 4096, 0
9120, 1325250, 1, 4096, 0
9120, 9013, 1, 4096, 0
9120, 3876, 1, 4096, 0
9121, 1310702, 1, 4096, 0
9121, 8029, 1, 4096, 0
9121, 3802, 1, 4096, 0
9121, 3839, 1, 4096, 0
9121, 2360, 1, 4096, 0
9121, 2778, 1, 4096, 0
9121, 2190, 1, 4096, 0
9121, 2981, 1, 4096, 0
9122, 148403, 1, 4096, 0
9123, 1895641, 1, 4096, 0
9124, 269756, 1, 4096, 0
9124, 5483, 1, 4096, 0
9124, 608516, 1, 4096, 0
9125, 300670, 1, 4096, 0
9125, 157579, 1, 4096, 0
9125, 3533, 1, 4096, 0
9125, 383871, 1, 4096, 0
9125, 5600, 1, 4096, 0
9125, 4020, 1, 4096, 0
9125, 4108, 1, 4096, 0
9125, 2580, 1, 4096, 0
9125, 3195, 1, 4096, 0
9128, 2428193, 1, 4096, 0
9128, 5190, 1, 4096, 0
9129, 861573, 1, 4096, 0
9129, 4074, 1, 4096, 0
9129, 237141, 1, 4096, 0
9129, 32418, 1, 4096, 0
9129, 172955, 1, 4096, 0
9129, 20023, 1, 4096, 0
9130, 1067051, 1, 4096, 0
9130, 8162, 1, 4096, 0
9130, 4602, 1, 4096, 0
9130, 3384, 1, 4096, 0
9130, 3526, 1, 4096, 0
9130, 3388, 1, 4096, 0
9130, 3587, 1, 4096, 0
9130, 8002, 1, 4096, 0
9133, 3301468, 1, 4096, 0
9134, 396844, 1, 4096, 0
9134, 4404, 1, 4096, 0
9134, 2622, 1, 4096, 0
9134, 2346, 1, 4096, 0
9134, 3548, 1, 4096, 0
9135, 615422, 1, 4096, 0
9135, 167763, 1, 4096, 0
9136, 978176, 1, 4096, 0
9136, 354922, 1, 4096, 0
9136, 191037, 1, 4096, 0
9136, 114610, 1, 4096, 0
9137, 467819, 1, 4096, 0
9137, 4972, 1, 4096, 0
9137, 3217, 1, 4096, 0
9137, 3587, 1, 4096, 0
9137, 3128, 1, 4096, 0
9137, 2955, 1, 4096, 0
9137, 3995, 1, 4096, 0
9137, 3247, 1, 4096, 0
9139, 1922879, 1, 4096, 0
9139, 596807, 1, 4096, 0
9139, 5865, 1, 4096, 0
9139, 4623, 1, 4096, 0
9139, 4556, 1, 4096, 0
9139, 3989, 1, 4096, 0
9139, 3675, 1, 4096, 0
9139, 3865, 1, 4096, 0
9139, 4105, 1, 4096, 0
9141, 1570708, 1, 4096, 0
9141, 9095, 1, 4096, 0
9141, 5122, 1, 4096, 0
9141, 3524, 1, 4096, 0
9141, 3581, 1, 4096, 0
9141, 3071, 1, 4096, 0
9141, 2924, 1, 4096, 0
9141, 322679, 1, 4096, 0
9141, 7705, 1, 4096, 0
9141, 3462, 1, 4096, 0
9141, 3099, 1, 4096, 0
9141, 3444, 1, 4096, 0
9141, 1779, 1, 4096, 0
9141, 2443, 1, 4096, 0
9141, 6001, 1, 4096, 0
9142, 228722, 1, 4096, 0
9145, 2972977, 1, 4096, 0
9145, 6393, 1, 4096, 0
9145, 483257, 1, 4096, 0
9146, 865380, 1, 4096, 0
9146, 7600, 1, 4096, 0
9146, 294966, 1, 4096, 0
9146, 5411, 1, 4096, 0
9147, 195610, 1, 4096, 0
9147, 6914, 1, 4096, 0
9147, 3614, 1, 4096, 0
9147, 3081, 1, 4096, 0
9147, 2969, 1, 4096, 0
9147, 3084, 1, 4096, 0
9147, 2687, 1, 4096, 0
9148, 785590, 1, 4096, 0
9148, 856579, 1, 4096, 0
9149, 497328, 1, 4096, 0
9150, 1208343, 1, 4096, 0
9151, 637032, 1, 4096, 0
9151, 8287, 1, 4096, 0
9151, 3929, 1, 4096, 0
9151, 3710, 1, 4096, 0
9151, 523185, 1, 4096, 0
9152, 529843, 1, 4096, 0
9152, 254547, 1, 4096, 0
9152, 274843, 1, 4096, 0
9155, 2215567, 1, 4096, 0
9155, 5445, 1, 4096, 0
9155, 613436, 1, 4096, 0
9155, 7251, 1, 4096, 0
9155, 3306, 1, 4096, 0
9155, 3524, 1, 4096, 0
9155, 2405, 1, 4096, 0
9156, 371942, 1, 4096, 0
9158, 2199716, 1, 4096, 0
9158, 225788, 1, 4096, 0
9158, 3928, 1, 4096, 0
9158, 53297, 1, 4096, 0
9158, 8640, 1, 4096, 0
9158, 3639, 1, 4096, 0
9158, 5680, 1, 4096, 0
9158, 4091, 1, 4096, 0
9158, 3008, 1, 4096, 0
9158, 3460, 1, 4096, 0
9158, 5930, 1, 4096, 0
9160, 2074880, 1, 4096, 0
9160, 8043, 1, 4096, 0
9160, 4587, 1, 4096, 0
9160, 2909, 1, 4096, 0
9160, 3150, 1, 4096, 0
9160, 3026, 1, 4096, 0
9160, 3874, 1, 4096, 0
9160, 4464, 1, 4096, 0
9163, 2491224, 1, 4096, 0
9163, 100752, 1, 4096, 0
9163, 7209, 1, 4096, 0
9163, 2721, 1, 4096, 0
9163, 3091, 1, 4096, 0
9163, 2191, 1, 4096, 0
9163, 1743, 1, 4096, 0
9163, 424760, 1, 4096, 0
9163, 4604, 1, 4096, 0
9163, 2558, 1, 4096, 0
9163, 2225, 1, 4096, 0
9163, 3323, 1, 4096, 0
9163, 3053, 1, 4096, 0
9163, 3716, 1, 4096, 0
9164, 374404, 1, 4096, 0
9165, 1250896, 1, 4096, 0
9165, 163238, 1, 4096, 0
9165, 55398, 1, 4096, 0
9166, 303699, 1, 4096, 0
9166, 4996, 1, 4096, 0
9167, 938748, 1, 4096, 0
9167, 221665, 1, 4096, 0
9167, 206956, 1, 4096, 0
9168, 573906, 1, 4096, 0
9168, 6962, 1, 4096, 0
9168, 4171, 1, 4096, 0
9168, 3093, 1, 4096, 0
9168, 3388, 1, 4096, 0
9168, 5646, 1, 4096, 0
9168, 3640, 1, 4096, 0
9168, 4886, 1, 4096, 0
9170, 1960287, 1, 4096, 0
9170, 6979, 1, 4096, 0
9170, 5138, 1, 4096, 0
9170, 715082, 1, 4096, 0
9170, 10246, 1, 4096, 0
9170, 128427, 1, 4096, 0
9171, 881629, 1, 4096, 0
9172, 673642, 1, 4096, 0
9173, 1423826, 1, 4096, 0
9173, 5031, 1, 4096, 0
9174, 433672, 1, 4096, 0
9174, 352438, 1, 4096, 0
9174, 4455, 1, 4096, 0
9174, 36367, 1, 4096, 0
9175, 841639, 1, 4096, 0
9175, 4428, 1, 4096, 0
9176, 1013317, 1, 4096, 0
9176, 3207, 1, 4096, 0
9177, 781102, 1, 4096, 0
9177, 303651, 1, 4096, 0
9178, 344499, 1, 4096, 0
9178, 4064, 1, 4096, 0
9178, 326053, 1, 4096, 0
9178, 522448, 1, 4096, 0
9179, 228102, 1, 4096, 0
9179, 6240, 1, 4096, 0
9179, 3683, 1, 4096, 0
9179, 3411, 1, 4096, 0
9179, 2982, 1, 4096, 0
9179, 3871, 1, 4096, 0
9179, 3951, 1, 4096, 0
9179, 3017, 1, 4096, 0
9180, 1690531, 1, 4096, 0
9181, 367889, 1, 4096, 0
9181, 10057, 1, 4096, 0
9181, 594048, 1, 4096, 0
9182, 139076, 1, 4096, 0
9183, 1195264, 1, 4096, 0
9183, 107414, 1, 4096, 0
9183, 81845, 1, 4096, 0
9183, 3824, 1, 4096, 0
9184, 1181366, 1, 4096, 0
9184, 5298, 1, 4096, 0
9184, 3712, 1, 4096, 0
9185, 701961, 1, 4096, 0
9185, 604437, 1, 4096, 0
9186, 134503, 1, 4096, 0
9186, 546636, 1, 4096, 0
9188, 1611133, 1, 4096, 0
9188, 5604, 1, 4096, 0
9189, 975781, 1, 4096, 0
9189, 8099, 1, 4096, 0
9189, 2355, 1, 4096, 0
9189, 5166, 1, 4096, 0
9189, 4257, 1, 4096, 0
9189, 2936, 1, 4096, 0
9189, 4162, 1, 4096, 0
9189, 5233, 1, 4096, 0
9191, 2067174, 1, 4096, 0
9191, 246882, 1, 4096, 0
9191, 89232, 1, 4096, 0
9191, 5571, 1, 4096, 0
9192, 371435, 1, 4096, 0
9192, 665855, 1, 4096, 0
9193, 355632, 1, 4096, 0
9193, 545126, 1, 4096, 0
9194, 440682, 1, 4096, 0
9194, 51084, 1, 4096, 0
9194, 220860, 1, 4096, 0
9194, 5239, 1, 4096, 0
9194, 432102, 1, 4096, 0
9195, 953399, 1, 4096, 0
9196, 868977, 1, 4096, 0
9196, 27415, 1, 4096, 0
9196, 17628, 1, 4096, 0
9196, 58531, 1, 4096, 0
9197, 922721, 1, 4096, 0
9197, 6017, 1, 4096, 0
9199, 1692398, 1, 4096, 0
9199, 157176, 1, 4096, 0
9199, 5286, 1, 4096, 0
9199, 3368, 1, 4096, 0
9199, 2973, 1, 4096, 0
9199, 2466, 1, 4096, 0
9199, 2095, 1, 4096, 0
9199, 2145, 1, 4096, 0
9199, 2903, 1, 4096, 0
9201, 1491787, 1, 4096, 0
9201, 688460, 1, 4096, 0
9201, 6783, 1, 4096, 0
9201, 4194, 1, 4096, 0
9201, 3327, 1, 4096, 0
9201, 3829, 1, 4096, 0
9201, 3828, 1, 4096, 0
9201, 3975, 1, 4096, 0
9201, 3313, 1, 4096, 0
9204, 2964303, 1, 4096, 0
9204, 9282, 1, 4096, 0
9204, 3954, 1, 4096, 0
9204, 3948, 1, 4096, 0
9204, 4516, 1, 4096, 0
9204, 3720, 1, 4096, 0
9204, 3731, 1, 4096, 0
9204, 2911, 1, 4096, 0
9207, 2756154, 1, 4096, 0
9208, 865378, 1, 4096, 0
9208, 17208, 1, 4096, 0
9209, 523682, 1, 4096, 0
9209, 9503, 1, 4096, 0
9209, 64362, 1, 4096, 0
9209, 5343, 1, 4096, 0
9209, 3176, 1, 4096, 0
9209, 3636, 1, 4096, 0
9209, 3079, 1, 4096, 0
9209, 3958, 1, 4096, 0
9209, 2770, 1, 4096, 0
9209, 3266, 1, 4096, 0
9210, 1419293, 1, 4096, 0
9210, 8443, 1, 4096, 0
9210, 3607, 1, 4096, 0
9211, 1008829, 1, 4096, 0
9211, 5902, 1, 4096, 0
9211, 3436, 1, 4096, 0
9211, 3574, 1, 4096, 0
9211, 2971, 1, 4096, 0
9211, 2587, 1, 4096, 0
9211, 2426, 1, 4096, 0
9211, 2014, 1, 4096, 0
9212, 7235, 1, 4096, 0
9212, 46247, 1, 4096, 0
9212, 6719, 1, 4096, 0
9212, 4500, 1, 4096, 0
9213, 846952, 1, 4096, 0
9213, 69908, 1, 4096, 0
9213, 604606, 1, 4096, 0
9214, 626145, 1, 4096, 0
9214, 228802, 1, 4096, 0
9215, 535891, 1, 4096, 0
9215, 4512, 1, 4096, 0
9216, 959526, 1, 4096, 0
9217, 661974, 1, 4096, 0
9217, 706735, 1, 4096, 0
9217, 5955, 1, 4096, 0
9217, 3795, 1, 4096, 0
9217, 3513, 1, 4096, 0
9219, 1340862, 1, 4096, 0
9219, 5310, 1, 4096, 0
9219, 3356, 1, 4096, 0
9219, 508355, 1, 4096, 0
9220, 895559, 1, 4096, 0
9221, 550744, 1, 4096, 0
9221, 4895, 1, 4096, 0
9221, 371880, 1, 4096, 0
9221, 4892, 1, 4096, 0
9221, 451214, 1, 4096, 0
9221, 8398, 1, 4096, 0
9221, 4238, 1, 4096, 0
9221, 4197, 1, 4096, 0
9221, 4131, 1, 4096, 0
9221, 3000, 1, 4096, 0
9221, 3797, 1, 4096, 0
9221, 3511, 1, 4096, 0
9222, 291034, 1, 4096, 0
9222, 4692, 1, 4096, 0
9222, 2680, 1, 4096, 0
9222, 2655, 1, 4096, 0
9222, 3338, 1, 4096, 0
9222, 3061, 1, 4096, 0
9222, 2987, 1, 4096, 0
9222, 3151, 1, 4096, 0
9222, 10930, 1, 4096, 0
9223, 391146, 1, 4096, 0
9223, 5837, 1, 4096, 0
9223, 3467, 1, 4096, 0
9223, 3466, 1, 4096, 0
9223, 3212, 1, 4096, 0
9223, 10474, 1, 4096, 0
9224, 8832, 1, 4096, 0
9224, 5788, 1, 4096, 0
9224, 4947, 1, 4096, 0
9224, 5970, 1, 4096, 0
9226, 1194937, 1, 4096, 0
9226, 12647, 1, 4096, 0
9226, 3334, 1, 4096, 0
9226, 647957, 1, 4096, 0
9227, 764242, 1, 4096, 0
9227, 7387, 1, 4096, 0
9227, 3203, 1, 4096, 0
9227, 3154, 1, 4096, 0
9227, 2579, 1, 4096, 0
9227, 3309, 1, 4096, 0
9227, 3887, 1, 4096, 0
9228, 977370, 1, 4096, 0
9228, 6793, 1, 4096, 0
9228, 4259, 1, 4096, 0
9228, 4439, 1, 4096, 0
9228, 2514, 1, 4096, 0
9230, 1881644, 1, 4096, 0
9230, 7289, 1, 4096, 0
9230, 423530, 1, 4096, 0
9230, 17594, 1, 4096, 0
9230, 8068, 1, 4096, 0
9230, 3247, 1, 4096, 0
9230, 2686, 1, 4096, 0
9230, 2919, 1, 4096, 0
9230, 3038, 1, 4096, 0
9230, 2284, 1, 4096, 0
9231, 589256, 1, 4096, 0
9231, 6399, 1, 4096, 0
9231, 439678, 1, 4096, 0
9232, 241553, 1, 4096, 0
9233, 970679, 1, 4096, 0
9233, 268565, 1, 4096, 0
9233, 572903, 1, 4096, 0
9233, 4458, 1, 4096, 0
9234, 295056, 1, 4096, 0
9234, 3902, 1, 4096, 0
9235, 998600, 1, 4096, 0
9235, 222430, 1, 4096, 0
9235, 109740, 1, 4096, 0
9235, 5666, 1, 4096, 0
9235, 3472, 1, 4096, 0
9235, 3425, 1, 4096, 0
9235, 2990, 1, 4096, 0
9235, 2811, 1, 4096, 0
9235, 3018, 1, 4096, 0
9236, 577974, 1, 4096, 0
9236, 13067, 1, 4096, 0
9236, 64263, 1, 4096, 0
9237, 700723, 1, 4096, 0
9237, 8429, 1, 4096, 0
9237, 161618, 1, 4096, 0
9238, 785711, 1, 4096, 0
9238, 8676, 1, 4096, 0
9238, 220079, 1, 4096, 0
9238, 6165, 1, 4096, 0
9238, 3293, 1, 4096, 0
9238, 3190, 1, 4096, 0
9238, 4976, 1, 4096, 0
9238, 4380, 1, 4096, 0
9238, 2745, 1, 4096, 0
9238, 3461, 1, 4096, 0
9240, 2124276, 1, 4096, 0
9240, 4117, 1, 4096, 0
9240, 3437, 1, 4096, 0
9240, 5394, 1, 4096, 0
9240, 4145, 1, 4096, 0
9240, 4260, 1, 4096, 0
9240, 4175, 1, 4096, 0
9240, 503860, 1, 4096, 0
9243, 2934003, 1, 4096, 0
9243, 7159, 1, 4096, 0
9244, 239023, 1, 4096, 0
9244, 407590, 1, 4096, 0
9244, 14025, 1, 4096, 0
9244, 296140, 1, 4096, 0
9245, 226240, 1, 4096, 0
9245, 7471, 1, 4096, 0
9246, 1720557, 1, 4096, 0
9246, 8068, 1, 4096, 0
9247, 328234, 1, 4096, 0
9247, 561453, 1, 4096, 0
9248, 310089, 1, 4096, 0
9248, 10583, 1, 4096, 0
9248, 3598, 1, 4096, 0
9248, 6194, 1, 4096, 0
9248, 3911, 1, 4096, 0
9248, 4128, 1, 4096, 0
9248, 2163, 1, 4096, 0
9248, 2187, 1, 4096, 0
9249, 881785, 1, 4096, 0
9249, 6866, 1, 4096, 0
9249, 3244, 1, 4096, 0
9249, 4021, 1, 4096, 0
9250, 1846728, 1, 4096, 0
9250, 8158, 1, 4096, 0
9252, 1228244, 1, 4096, 0
9252, 55443, 1, 4096, 0
9252, 236210, 1, 4096, 0
9253, 1020041, 1, 4096, 0
9253, 6602, 1, 4096, 0
9253, 3062, 1, 4096, 0
9253, 325486, 1, 4096, 0
9254, 480178, 1, 4096, 0
9254, 5649, 1, 4096, 0
9254, 505321, 1, 4096, 0
9255, 228197, 1, 4096, 0
9255, 5218, 1, 4096, 0
9255, 4569, 1, 4096, 0
9255, 3897, 1, 4096, 0
9255, 3439, 1, 4096, 0
9255, 3364, 1, 4096, 0
9255, 4223, 1, 4096, 0
9255, 3154, 1, 4096, 0
9257, 2491170, 1, 4096, 0
9257, 9854, 1, 4096, 0
9257, 3498, 1, 4096, 0
9258, 831292, 1, 4096, 0
9258, 132350, 1, 4096, 0
9258, 5297, 1, 4096, 0
9259, 537730, 1, 4096, 0
9259, 5347, 1, 4096, 0
9259, 3359, 1, 4096, 0
9259, 3988, 1, 4096, 0
9259, 3232, 1, 4096, 0
9259, 3931, 1, 4096, 0
9259, 3166, 1, 4096, 0
9259, 2955, 1, 4096, 0
9260, 1220795, 1, 4096, 0
9260, 6708, 1, 4096, 0
9260, 5451, 1, 4096, 0
9260, 4479, 1, 4096, 0
9260, 3222, 1, 4096, 0
9260, 4910, 1, 4096, 0
9260, 3434, 1, 4096, 0
9260, 4190, 1, 4096, 0
9262, 1891575, 1, 4096, 0
9262, 6724, 1, 4096, 0
9262, 3109, 1, 4096, 0
9262, 2620, 1, 4096, 0
9262, 3020, 1, 4096, 0
9262, 2669, 1, 4096, 0
9262, 2359, 1, 4096, 0
9262, 3452, 1, 4096, 0
9262, 140290, 1, 4096, 0
9262, 6711, 1, 4096, 0
9262, 3283, 1, 4096, 0
9262, 7921, 1, 4096, 0
9263, 11974, 1, 4096, 0
9263, 8998, 1, 4096, 0
9264, 488186, 1, 4096, 0
9265, 969274, 1, 4096, 0
9265, 538792, 1, 4096, 0
9267, 1159881, 1, 4096, 0
9267, 204171, 1, 4096, 0
9267, 426168, 1, 4096, 0
9267, 263792, 1, 4096, 0
9268, 313599, 1, 4096, 0
9269, 729882, 1, 4096, 0
9269, 818758, 1, 4096, 0
9269, 29610, 1, 4096, 0
9270, 205686, 1, 4096, 0
9271, 1247907, 1, 4096, 0
9271, 5631, 1, 4096, 0
9271, 204258, 1, 4096, 0
9271, 4866, 1, 4096, 0
9271, 351930, 1, 4096, 0
9271, 7565, 1, 4096, 0
9271, 2896, 1, 4096, 0
9271, 2698, 1, 4096, 0
9271, 2818, 1, 4096, 0
9271, 2407, 1, 4096, 0
9271, 3644, 1, 4096, 0
9271, 3738, 1, 4096, 0
9272, 396155, 1, 4096, 0
9272, 6341, 1, 4096, 0
9272, 3487, 1, 4096, 0
9272, 4386, 1, 4096, 0
9272, 2926, 1, 4096, 0
9272, 2521, 1, 4096, 0
9272, 2262, 1, 4096, 0
9272, 2938, 1, 4096, 0
9273, 948784, 1, 4096, 0
9273, 8327, 1, 4096, 0
9273, 4334, 1, 4096, 0
9273, 4108, 1, 4096, 0
9274, 7176, 1, 4096, 0
9274, 5532, 1, 4096, 0
9275, 1248506, 1, 4096, 0
9275, 7386, 1, 4096, 0
9275, 271073, 1, 4096, 0
9277, 1445279, 1, 4096, 0
9277, 629345, 1, 4096, 0
9277, 4706, 1, 4096, 0
9277, 3527, 1, 4096, 0
9278, 364410, 1, 4096, 0
9278, 317727, 1, 4096, 0
9278, 5524, 1, 4096, 0
9279, 498050, 1, 4096, 0
9279, 4722, 1, 4096, 0
9279, 4002, 1, 4096, 0
9279, 4951, 1, 4096, 0
9279, 4626, 1, 4096, 0
9279, 3495, 1, 4096, 0
9279, 4167, 1, 4096, 0
9279, 4287, 1, 4096, 0
9282, 3274396, 1, 4096, 0
9282, 5950, 1, 4096, 0
9282, 151160, 1, 4096, 0
9283, 764349, 1, 4096, 0
9283, 7035, 1, 4096, 0
9283, 3966, 1, 4096, 0
9283, 361365, 1, 4096, 0
9283, 150558, 1, 4096, 0
9283, 4935, 1, 4096, 0
9283, 3065, 1, 4096, 0
9283, 3395, 1, 4096, 0
9283, 2986, 1, 4096, 0
9283, 3093, 1, 4096, 0
9283, 2923, 1, 4096, 0
9283, 3683, 1, 4096, 0
9285, 1952418, 1, 4096, 0
9285, 10071, 1, 4096, 0
9285, 4763, 1, 4096, 0
9285, 4640, 1, 4096, 0
9285, 5465, 1, 4096, 0
9285, 4303, 1, 4096, 0
9285, 5173, 1, 4096, 0
9286, 3092, 1, 4096, 0
9289, 2998331, 1, 4096, 0
9289, 255030, 1, 4096, 0
9289, 3900, 1, 4096, 0
9289, 466503, 1, 4096, 0
9289, 103438, 1, 4096, 0
9290, 1063705, 1, 4096, 0
9291, 782448, 1, 4096, 0
9291, 4902, 1, 4096, 0
9291, 18843, 1, 4096, 0
9292, 369043, 1, 4096, 0
9292, 8674, 1, 4096, 0
9292, 2964, 1, 4096, 0
9292, 2655, 1, 4096, 0
9292, 2166, 1, 4096, 0
9292, 1780, 1, 4096, 0
9292, 2136, 1, 4096, 0
9292, 2540, 1, 4096, 0
9293, 1741757, 1, 4096, 0
9293, 6318, 1, 4096, 0
9293, 3648, 1, 4096, 0
9293, 4029, 1, 4096, 0
9293, 3307, 1, 4096, 0
9293, 3630, 1, 4096, 0
9293, 3855, 1, 4096, 0
9293, 4021, 1, 4096, 0
9295, 1088872, 1, 4096, 0
9297, 2077731, 1, 4096, 0
9297, 5938, 1, 4096, 0
9297, 3201, 1, 4096, 0
9297, 3158, 1, 4096, 0
9297, 3250, 1, 4096, 0
9297, 3572, 1, 4096, 0
9297, 415308, 1, 4096, 0
9297, 180582, 1, 4096, 0
9297, 7377, 1, 4096, 0
9297, 2907, 1, 4096, 0
9297, 3091, 1, 4096, 0
9297, 3312, 1, 4096, 0
9298, 1193377, 1, 4096, 0
9298, 5092, 1, 4096, 0
9298, 2110, 1, 4096, 0
9299, 2665, 1, 4096, 0
9299, 2560, 1, 4096, 0
9299, 2284, 1, 4096, 0
9299, 2921, 1, 4096, 0
9299, 2936, 1, 4096, 0
9299, 257430, 1, 4096, 0
9299, 442696, 1, 4096, 0
9300, 1127675, 1, 4096, 0
9300, 6728, 1, 4096, 0
9302, 1825374, 1, 4096, 0
9302, 5620, 1, 4096, 0
9303, 308613, 1, 4096, 0
9303, 4403, 1, 4096, 0
9303, 746542, 1, 4096, 0
9304, 295638, 1, 4096, 0
9304, 9468, 1, 4096, 0
9304, 755734, 1, 4096, 0
9305, 421609, 1, 4096, 0
9305, 49163, 1, 4096, 0
9305, 3734, 1, 4096, 0
9306, 1037349, 1, 4096, 0
9306, 9036, 1, 4096, 0
9307, 1132358, 1, 4096, 0
9307, 8717, 1, 4096, 0
9307, 2967, 1, 4096, 0
9307, 3132, 1, 4096, 0
9307, 307772, 1, 4096, 0
9308, 715415, 1, 4096, 0
9308, 4109, 1, 4096, 0
9309, 923199, 1, 4096, 0
9310, 516925, 1, 4096, 0
9311, 1081416, 1, 4096, 0
9311, 5270, 1, 4096, 0
9311, 3213, 1, 4096, 0
9311, 2888, 1, 4096, 0
9312, 1159920, 1, 4096, 0
9314, 2156618, 1, 4096, 0
9314, 6679, 1, 4096, 0
9315, 710722, 1, 4096, 0
9315, 4914, 1, 4096, 0
9315, 4723, 1, 4096, 0
9315, 484448, 1, 4096, 0
9316, 566263, 1, 4096, 0
9316, 6115, 1, 4096, 0
9316, 2581, 1, 4096, 0
9317, 1188685, 1, 4096, 0
9317, 462508, 1, 4096, 0
9317, 4376, 1, 4096, 0
9317, 3986, 1, 4096, 0
9317, 3494, 1, 4096, 0
9317, 3178, 1, 4096, 0
9317, 3425, 1, 4096, 0
9317, 3348, 1, 4096, 0
9317, 3251, 1, 4096, 0
9321, 3039691, 1, 4096, 0
9321, 776757, 1, 4096, 0
9321, 4644, 1, 4096, 0
9321, 3369, 1, 4096, 0
9321, 6009, 1, 4096, 0
9322, 630671, 1, 4096, 0
9323, 842395, 1, 4096, 0
9324, 1084856, 1, 4096, 0
9324, 4471, 1, 4096, 0
9324, 491403, 1, 4096, 0
9325, 220830, 1, 4096, 0
9325, 312536, 1, 4096, 0
9325, 165816, 1, 4096, 0
9325, 3446, 1, 4096, 0
9325, 4727, 1, 4096, 0
9326, 1243804, 1, 4096, 0
9326, 6396, 1, 4096, 0
9326, 3906, 1, 4096, 0
9326, 4119, 1, 4096, 0
9326, 5794, 1, 4096, 0
9326, 3791, 1, 4096, 0
9326, 3294, 1, 4096, 0
9326, 3652, 1, 4096, 0
9327, 1057950, 1, 4096, 0
9328, 146421, 1, 4096, 0
9328, 7090, 1, 4096, 0
9328, 3930, 1, 4096, 0
9328, 4254, 1, 4096, 0
9328, 3427, 1, 4096, 0
9328, 3811, 1, 4096, 0
9328, 3514, 1, 4096, 0
9328, 2852, 1, 4096, 0
9329, 1334150, 1, 4096, 0
9329, 10489, 1, 4096, 0
9329, 4318, 1, 4096, 0
9329, 4272, 1, 4096, 0
9329, 10181, 1, 4096, 0
9330, 845302, 1, 4096, 0
9330, 4642, 1, 4096, 0
9331, 646588, 1, 4096, 0
9331, 649845, 1, 4096, 0
9332, 644342, 1, 4096, 0
9333, 703473, 1, 4096, 0
9333, 589103, 1, 4096, 0
9334, 683102, 1, 4096, 0
9334, 251363, 1, 4096, 0
9334, 5747, 1, 4096, 0
9334, 3239, 1, 4096, 0
9334, 55515, 1, 4096, 0
9335, 547743, 1, 4096, 0
9337, 1572397, 1, 4096, 0
9337, 218942, 1, 4096, 0
9337, 4903, 1, 4096, 0
9338, 996459, 1, 4096, 0
9338, 201106, 1, 4096, 0
9338, 8000, 1, 4096, 0
9338, 3306, 1, 4096, 0
9338, 3399, 1, 4096, 0
9338, 3320, 1, 4096, 0
9338, 3117, 1, 4096, 0
9338, 2706, 1, 4096, 0
9338, 3110, 1, 4096, 0
9340, 2355342, 1, 4096, 0
9340, 6506, 1, 4096, 0
9340, 3105, 1, 4096, 0
9340, 3907, 1, 4096, 0
9340, 4244, 1, 4096, 0
9340, 3832, 1, 4096, 0
9340, 5322, 1, 4096, 0
9340, 4114, 1, 4096, 0
9342, 2072992, 1, 4096, 0
9342, 5436, 1, 4096, 0
9342, 3053, 1, 4096, 0
9342, 3483, 1, 4096, 0
9343, 3421, 1, 4096, 0
9343, 421125, 1, 4096, 0
9343, 6387, 1, 4096, 0
9343, 2998, 1, 4096, 0
9343, 494131, 1, 4096, 0
9344, 273537, 1, 4096, 0
9344, 377765, 1, 4096, 0
9344, 7298, 1, 4096, 0
9346, 1850646, 1, 4096, 0
9346, 6530, 1, 4096, 0
9347, 644600, 1, 4096, 0
9347, 664060, 1, 4096, 0
9347, 47529, 1, 4096, 0
9347, 8868, 1, 4096, 0
9347, 5469, 1, 4096, 0
9347, 3753, 1, 4096, 0
9347, 3964, 1, 4096, 0
9347, 3100, 1, 4096, 0
9347, 3215, 1, 4096, 0
9347, 3227, 1, 4096, 0
9349, 1916881, 1, 4096, 0
9349, 13137, 1, 4096, 0
9350, 163068, 1, 4096, 0
9350, 796335, 1, 4096, 0
9351, 697881, 1, 4096, 0
9351, 154531, 1, 4096, 0
9352, 305876, 1, 4096, 0
9352, 48092, 1, 4096, 0
9353, 1389294, 1, 4096, 0
9353, 4184, 1, 4096, 0
9354, 589748, 1, 4096, 0
9354, 7713, 1, 4096, 0
9354, 4183, 1, 4096, 0
9354, 4986, 1, 4096, 0
9354, 3164, 1, 4096, 0
9354, 51379, 1, 4096, 0
9354, 6121, 1, 4096, 0
9354, 4817, 1, 4096, 0
9354, 4068, 1, 4096, 0
9354, 3242, 1, 4096, 0
9354, 8123, 1, 4096, 0
9354, 3044, 1, 4096, 0
9354, 3300, 1, 4096, 0
9356, 2014479, 1, 4096, 0
9357, 1353366, 1, 4096, 0
9357, 8156, 1, 4096, 0
9357, 4494, 1, 4096, 0
9357, 5777, 1, 4096, 0
9357, 4877, 1, 4096, 0
9357, 3438, 1, 4096, 0
9357, 3093, 1, 4096, 0
9358, 426577, 1, 4096, 0
9358, 6995, 1, 4096, 0
9358, 399057, 1, 4096, 0
9358, 4546, 1, 4096, 0
9358, 3232, 1, 4096, 0
9359, 1266169, 1, 4096, 0
9359, 8290, 1, 4096, 0
9359, 3381, 1, 4096, 0
9361, 1679338, 1, 4096, 0
9362, 630187, 1, 4096, 0
9362, 286204, 1, 4096, 0
9362, 7726, 1, 4096, 0
9362, 3813, 1, 4096, 0
9362, 4375, 1, 4096, 0
9362, 3786, 1, 4096, 0
9362, 3345, 1, 4096, 0
9362, 3967, 1, 4096, 0
9362, 4440, 1, 4096, 0
9362, 321167, 1, 4096, 0
9362, 5577, 1, 4096, 0
9362, 3854, 1, 4096, 0
9362, 3021, 1, 4096, 0
9362, 2892, 1, 4096, 0
9362, 2565, 1, 4096, 0
9362, 3030, 1, 4096, 0
9362, 2576, 1, 4096, 0
9365, 2518368, 1, 4096, 0
9365, 232059, 1, 4096, 0
9365, 8504, 1, 4096, 0
9365, 3690, 1, 4096, 0
9365, 3847, 1, 4096, 0
9365, 3179, 1, 4096, 0
9365, 3137, 1, 4096, 0
9365, 2592, 1, 4096, 0
9366, 157677, 1, 4096, 0
9366, 7994, 1, 4096, 0
9366, 134170, 1, 4096, 0
9366, 754870, 1, 4096, 0
9368, 1307158, 1, 4096, 0
9368, 4216, 1, 4096, 0
9369, 981567, 1, 4096, 0
9369, 8296, 1, 4096, 0
9369, 3459, 1, 4096, 0
9369, 3501, 1, 4096, 0
9369, 332699, 1, 4096, 0
9369, 7061, 1, 4096, 0
9369, 3741, 1, 4096, 0
9369, 3754, 1, 4096, 0
9369, 2636, 1, 4096, 0
9369, 2992, 1, 4096, 0
9370, 807436, 1, 4096, 0
9370, 8678, 1, 4096, 0
9370, 4751, 1, 4096, 0
9370, 3084, 1, 4096, 0
9370, 6989, 1, 4096, 0
9370, 3820, 1, 4096, 0
9370, 3333, 1, 4096, 0
9370, 4526, 1, 4096, 0
9373, 2770085, 1, 4096, 0
9373, 158998, 1, 4096, 0
9373, 202401, 1, 4096, 0
9373, 4129, 1, 4096, 0
9373, 2496, 1, 4096, 0
9373, 2321, 1, 4096, 0
9374, 383608, 1, 4096, 0
9374, 7944, 1, 4096, 0
9374, 3592, 1, 4096, 0
9374, 3074, 1, 4096, 0
9374, 4218, 1, 4096, 0
9374, 4043, 1, 4096, 0
9374, 3426, 1, 4096, 0
9374, 374856, 1, 4096, 0
9374, 5470, 1, 4096, 0
9374, 3808, 1, 4096, 0
9374, 253670, 1, 4096, 0
9374, 5892, 1, 4096, 0
9374, 164400, 1, 4096, 0
9374, 4178, 1, 4096, 0
9375, 277688, 1, 4096, 0
9375, 443027, 1, 4096, 0
9375, 110763, 1, 4096, 0
9376, 780272, 1, 4096, 0
9377, 644041, 1, 4096, 0
9378, 1009976, 1, 4096, 0
9378, 185066, 1, 4096, 0
9378, 5098, 1, 4096, 0
9378, 3542, 1, 4096, 0
9379, 540452, 1, 4096, 0
9379, 323231, 1, 4096, 0
9379, 7074, 1, 4096, 0
9379, 2419, 1, 4096, 0
9379, 2118, 1, 4096, 0
9379, 93199, 1, 4096, 0
9379, 129202, 1, 4096, 0
9380, 796316, 1, 4096, 0
9380, 90942, 1, 4096, 0
9380, 6740, 1, 4096, 0
9381, 1226426, 1, 4096, 0
9382, 571234, 1, 4096, 0
9382, 8732, 1, 4096, 0
9382, 4147, 1, 4096, 0
9382, 4754, 1, 4096, 0
9382, 3895, 1, 4096, 0
9382, 3523, 1, 4096, 0
9382, 566394, 1, 4096, 0
9382, 6419, 1, 4096, 0
9382, 3776, 1, 4096, 0
9382, 3202, 1, 4096, 0
9382, 3079, 1, 4096, 0
9383, 152053, 1, 4096, 0
9383, 679625, 1, 4096, 0
9384, 1021339, 1, 4096, 0
9385, 1117284, 1, 4096, 0
9385, 6375, 1, 4096, 0
9386, 348803, 1, 4096, 0
9386, 118380, 1, 4096, 0
9386, 197475, 1, 4096, 0
9386, 5809, 1, 4096, 0
9386, 3219, 1, 4096, 0
9386, 3117, 1, 4096, 0
9386, 3374, 1, 4096, 0
9386, 2918, 1, 4096, 0
9386, 3070, 1, 4096, 0
9386, 3279, 1, 4096, 0
9388, 2108906, 1, 4096, 0
9388, 7249, 1, 4096, 0
9388, 4135, 1, 4096, 0
9388, 3305, 1, 4096, 0
9389, 459810, 1, 4096, 0
9389, 532288, 1, 4096, 0
9391, 1540409, 1, 4096, 0
9392, 732826, 1, 4096, 0
9392, 7529, 1, 4096, 0
9392, 221535, 1, 4096, 0
9392, 337485, 1, 4096, 0
9393, 317204, 1, 4096, 0
9394, 1631873, 1, 4096, 0
9394, 5364, 1, 4096, 0
9394, 2517, 1, 4096, 0
9394, 2280, 1, 4096, 0
9394, 45586, 1, 4096, 0
9395, 725496, 1, 4096, 0
9395, 3887, 1, 4096, 0
9397, 1605328, 1, 4096, 0
9397, 88354, 1, 4096, 0
9398, 1182301, 1, 4096, 0
9398, 8574, 1, 4096, 0
9398, 198797, 1, 4096, 0
9398, 5151, 1, 4096, 0
9398, 3814, 1, 4096, 0
9398, 176327, 1, 4096, 0
9399, 601862, 1, 4096, 0
9400, 1126490, 1, 4096, 0
9400, 194175, 1, 4096, 0
9400, 99298, 1, 4096, 0
9400, 4715, 1, 4096, 0
9401, 312797, 1, 4096, 0
9401, 4375, 1, 4096, 0
9401, 3591, 1, 4096, 0
9402, 1105314, 1, 4096, 0
9403, 842603, 1, 4096, 0
9403, 5789, 1, 4096, 0
9403, 312693, 1, 4096, 0
9403, 4809, 1, 4096, 0
9403, 3206, 1, 4096, 0
9404, 857703, 1, 4096, 0
9404, 219514, 1, 4096, 0
9404, 4629, 1, 4096, 0
9404, 33908, 1, 4096, 0
9405, 895142, 1, 4096, 0
9405, 4454, 1, 4096, 0
9405, 216953, 1, 4096, 0
9405, 105506, 1, 4096, 0
9406, 325089, 1, 4096, 0
9406, 79963, 1, 4096, 0
9407, 835924, 1, 4096, 0
9407, 6943, 1, 4096, 0
9407, 3849, 1, 4096, 0
9407, 3310, 1, 4096, 0
9407, 2999, 1, 4096, 0
9407, 3617, 1, 4096, 0
9407, 3870, 1, 4096, 0
9407, 3372, 1, 4096, 0
9409, 2294381, 1, 4096, 0
9409, 267083, 1, 4096, 0
9409, 250545, 1, 4096, 0
9409, 4095, 1, 4096, 0
9410, 623029, 1, 4096, 0
9410, 4928, 1, 4096, 0
9411, 848654, 1, 4096, 0
9411, 7255, 1, 4096, 0
9412, 800901, 1, 4096, 0
9412, 5620, 1, 4096, 0
9412, 190977, 1, 4096, 0
9413, 706930, 1, 4096, 0
9413, 5229, 1, 4096, 0
9413, 479438, 1, 4096, 0
9414, 448463, 1, 4096, 0
9414, 554252, 1, 4096, 0
9415, 709971, 1, 4096, 0
9415, 5037, 1, 4096, 0
9415, 565293, 1, 4096, 0
9415, 5853, 1, 4096, 0
9417, 1294188, 1, 4096, 0
9417, 6662, 1, 4096, 0
9417, 3904, 1, 4096, 0
9417, 2135, 1, 4096, 0
9417, 2245, 1, 4096, 0
9417, 2693, 1, 4096, 0
9417, 2729, 1, 4096, 0
9417, 3157, 1, 4096, 0
9417, 586302, 1, 4096, 0
9417, 9227, 1, 4096, 0
9417, 2927, 1, 4096, 0
9417, 4654, 1, 4096, 0
9417, 4129, 1, 4096, 0
9417, 5583, 1, 4096, 0
9417, 3534, 1, 4096, 0
9417, 4217, 1, 4096, 0
9420, 2665829, 1, 4096, 0
9420, 4931, 1, 4096, 0
9420, 173749, 1, 4096, 0
9420, 3963, 1, 4096, 0
9421, 872217, 1, 4096, 0
9421, 8278, 1, 4096, 0
9421, 3599, 1, 4096, 0
9421, 3209, 1, 4096, 0
9421, 3196, 1, 4096, 0
9421, 3589, 1, 4096, 0
9421, 3720, 1, 4096, 0
9421, 3884, 1, 4096, 0
9424, 2330253, 1, 4096, 0
9424, 8660, 1, 4096, 0
9424, 4361, 1, 4096, 0
9424, 2787, 1, 4096, 0
9424, 409109, 1, 4096, 0
9425, 635416, 1, 4096, 0
9426, 1106861, 1, 4096, 0
9426, 454608, 1, 4096, 0
9427, 356642, 1, 4096, 0
9427, 4744, 1, 4096, 0
9427, 3462, 1, 4096, 0
9427, 3386, 1, 4096, 0
9427, 3345, 1, 4096, 0
9427, 3404, 1, 4096, 0
9427, 2441, 1, 4096, 0
9427, 291213, 1, 4096, 0
9427, 418238, 1, 4096, 0
9427, 11855, 1, 4096, 0
9427, 2622, 1, 4096, 0
9427, 8185, 1, 4096, 0
9427, 3472, 1, 4096, 0
9427, 4176, 1, 4096, 0
9427, 2362, 1, 4096, 0
9427, 2660, 1, 4096, 0
9428, 991729, 1, 4096, 0
9428, 6799, 1, 4096, 0
9428, 3389, 1, 4096, 0
9429, 6886, 1, 4096, 0
9430, 533893, 1, 4096, 0
9431, 709741, 1, 4096, 0
9431, 733200, 1, 4096, 0
9431, 3253, 1, 4096, 0
9431, 6756, 1, 4096, 0
9432, 372213, 1, 4096, 0
9432, 229928, 1, 4096, 0
9432, 5241, 1, 4096, 0
9432, 3912, 1, 4096, 0
9432, 3154, 1, 4096, 0
9432, 4665, 1, 4096, 0
9432, 4042, 1, 4096, 0
9432, 3571, 1, 4096, 0
9433, 968163, 1, 4096, 0
9433, 6198, 1, 4096, 0
9433, 4613, 1, 4096, 0
9433, 2998, 1, 4096, 0
9433, 3235, 1, 4096, 0
9433, 3162, 1, 4096, 0
9433, 2847, 1, 4096, 0
9433, 277642, 1, 4096, 0
9434, 7638, 1, 4096, 0
9434, 3567, 1, 4096, 0
9434, 9178, 1, 4096, 0
9434, 7412, 1, 4096, 0
9435, 528589, 1, 4096, 0
9436, 604911, 1, 4096, 0
9436, 6767, 1, 4096, 0
9437, 674667, 1, 4096, 0
9437, 5631, 1, 4096, 0
9438, 1077272, 1, 4096, 0
9438, 9942, 1, 4096, 0
9438, 511848, 1, 4096, 0
9438, 5726, 1, 4096, 0
9439, 322574, 1, 4096, 0
9439, 7327, 1, 4096, 0
9439, 5337, 1, 4096, 0
9439, 2424, 1, 4096, 0
9439, 3980, 1, 4096, 0
9439, 2694, 1, 4096, 0
9439, 4134, 1, 4096, 0
9439, 2729, 1, 4096, 0
9439, 261976, 1, 4096, 0
9439, 123380, 1, 4096, 0
9439, 6085, 1, 4096, 0
9439, 4220, 1, 4096, 0
9439, 4850, 1, 4096, 0
9439, 5410, 1, 4096, 0
9439, 3413, 1, 4096, 0
9439, 3819, 1, 4096, 0
9439, 2988, 1, 4096, 0
9440, 9100, 1, 4096, 0
9440, 3227, 1, 4096, 0
9441, 1057413, 1, 4096, 0
9442, 258107, 1, 4096, 0
9442, 5081, 1, 4096, 0
9443, 883046, 1, 4096, 0
9443, 9288, 1, 4096, 0
9443, 4141, 1, 4096, 0
9443, 223525, 1, 4096, 0
9443, 7003, 1, 4096, 0
9443, 2156, 1, 4096, 0
9443, 3718, 1, 4096, 0
9443, 52114, 1, 4096, 0
9443, 385853, 1, 4096, 0
9444, 510186, 1, 4096, 0
9444, 50127, 1, 4096, 0
9444, 362384, 1, 4096, 0
9444, 10188, 1, 4096, 0
9444, 2748, 1, 4096, 0
9444, 3648, 1, 4096, 0
9444, 2612, 1, 4096, 0
9444, 3361, 1, 4096, 0
9444, 2215, 1, 4096, 0
9444, 146072, 1, 4096, 0
9446, 1123106, 1, 4096, 0
9447, 1347880, 1, 4096, 0
9447, 46550, 1, 4096, 0
9447, 6323, 1, 4096, 0
9447, 2404, 1, 4096, 0
9447, 3323, 1, 4096, 0
9447, 1643, 1, 4096, 0
9447, 73301, 1, 4096, 0
9447, 3956, 1, 4096, 0
9449, 1754088, 1, 4096, 0
9450, 1135282, 1, 4096, 0
9450, 7899, 1, 4096, 0
9451, 881042, 1, 4096, 0
9451, 295601, 1, 4096, 0
9451, 287146, 1, 4096, 0
9451, 6106, 1, 4096, 0
9451, 3260, 1, 4096, 0
9451, 4021, 1, 4096, 0
9451, 4855, 1, 4096, 0
9451, 3590, 1, 4096, 0
9452, 4276, 1, 4096, 0
9452, 3500, 1, 4096, 0
9452, 688063, 1, 4096, 0
9452, 6276, 1, 4096, 0
9452, 3320, 1, 4096, 0
9452, 2904, 1, 4096, 0
9452, 3116, 1, 4096, 0
9452, 2731, 1, 4096, 0
9452, 3055, 1, 4096, 0
9452, 3419, 1, 4096, 0
9454, 2240420, 1, 4096, 0
9454, 8062, 1, 4096, 0
9455, 4402, 1, 4096, 0
9455, 3687, 1, 4096, 0
9455, 3107, 1, 4096, 0
9455, 3908, 1, 4096, 0
9455, 644966, 1, 4096, 0
9455, 7171, 1, 4096, 0
9456, 789580, 1, 4096, 0
9456, 7461, 1, 4096, 0
9456, 3223, 1, 4096, 0
9456, 2888, 1, 4096, 0
9456, 4773, 1, 4096, 0
9456, 3962, 1, 4096, 0
9456, 4382, 1, 4096, 0
9457, 1170088, 1, 4096, 0
9458, 442767, 1, 4096, 0
9458, 140991, 1, 4096, 0
9459, 1155479, 1, 4096, 0
9460, 783545, 1, 4096, 0
9460, 7865, 1, 4096, 0
9460, 284265, 1, 4096, 0
9460, 97222, 1, 4096, 0
9460, 8791, 1, 4096, 0
9460, 4260, 1, 4096, 0
9460, 4109, 1, 4096, 0
9460, 3741, 1, 4096, 0
9460, 3909, 1, 4096, 0
9460, 2735, 1, 4096, 0
9460, 1982, 1, 4096, 0
9460, 217995, 1, 4096, 0
9463, 2090475, 1, 4096, 0
9463, 8371, 1, 4096, 0
9463, 3389, 1, 4096, 0
9463, 3318, 1, 4096, 0
9463, 3588, 1, 4096, 0
9463, 3058, 1, 4096, 0
9463, 2309, 1, 4096, 0
9463, 3294, 1, 4096, 0
9463, 461293, 1, 4096, 0
9463, 19239, 1, 4096, 0
9463, 2933, 1, 4096, 0
9464, 724886, 1, 4096, 0
9464, 373818, 1, 4096, 0
9465, 871672, 1, 4096, 0
9466, 765683, 1, 4096, 0
9466, 373519, 1, 4096, 0
9466, 222037, 1, 4096, 0
9467, 473775, 1, 4096, 0
9467, 221809, 1, 4096, 0
9467, 6225, 1, 4096, 0
9467, 4331, 1, 4096, 0
9467, 3788, 1, 4096, 0
9469, 1573567, 1, 4096, 0
9469, 6540, 1, 4096, 0
9469, 3600, 1, 4096, 0
9469, 3234, 1, 4096, 0
9469, 2422, 1, 4096, 0
9469, 2817, 1, 4096, 0
9469, 2744, 1, 4096, 0
9469, 2228, 1, 4096, 0
9471, 2408695, 1, 4096, 0
9471, 6130, 1, 4096, 0
9471, 3412, 1, 4096, 0
9471, 2256, 1, 4096, 0
9472, 1051686, 1, 4096, 0
9474, 1291620, 1, 4096, 0
9475, 1124759, 1, 4096, 0
9475, 243289, 1, 4096, 0
9475, 7363, 1, 4096, 0
9475, 294039, 1, 4096, 0
9475, 6943, 1, 4096, 0
9475, 4472, 1, 4096, 0
9475, 3143, 1, 4096, 0
9475, 2702, 1, 4096, 0
9475, 3074, 1, 4096, 0
9475, 3427, 1, 4096, 0
9475, 2473, 1, 4096, 0
9477, 1668761, 1, 4096, 0
9477, 5460, 1, 4096, 0
9477, 4653, 1, 4096, 0
9477, 2692, 1, 4096, 0
9477, 3838, 1, 4096, 0
9479, 1985237, 1, 4096, 0
9480, 713955, 1, 4096, 0
9480, 5626, 1, 4096, 0
9480, 3054, 1, 4096, 0
9480, 2106, 1, 4096, 0
9480, 2323, 1, 4096, 0
9480, 2155, 1, 4096, 0
9480, 2305, 1, 4096, 0
9480, 1817, 1, 4096, 0
9480, 341039, 1, 4096, 0
9481, 466578, 1, 4096, 0
9481, 952408, 1, 4096, 0
9482, 730793, 1, 4096, 0
9483, 400439, 1, 4096, 0
9483, 208547, 1, 4096, 0
9483, 6654, 1, 4096, 0
9483, 3957, 1, 4096, 0
9483, 4386, 1, 4096, 0
9483, 3362, 1, 4096, 0
9483, 3326, 1, 4096, 0
9483, 5500, 1, 4096, 0
9483, 3304, 1, 4096, 0
9484, 1069513, 1, 4096, 0
9484, 8509, 1, 4096, 0
9484, 4099, 1, 4096, 0
9484, 3250, 1, 4096, 0
9484, 3160, 1, 4096, 0
9484, 3277, 1, 4096, 0
9485, 773307, 1, 4096, 0
9485, 5653, 1, 4096, 0
9487, 2008716, 1, 4096, 0
9487, 207087, 1, 4096, 0
9487, 7781, 1, 4096, 0
9487, 3397, 1, 4096, 0
9487, 2627, 1, 4096, 0
9487, 2178, 1, 4096, 0
9487, 3167, 1, 4096, 0
9487, 4529, 1, 4096, 0
9487, 3779, 1, 4096, 0
9488, 988882, 1, 4096, 0
9488, 6545, 1, 4096, 0
9488, 3311, 1, 4096, 0
9488, 4190, 1, 4096, 0
9488, 4267, 1, 4096, 0
9488, 4216, 1, 4096, 0
9488, 3332, 1, 4096, 0
9489, 1212457, 1, 4096, 0
9490, 687767, 1, 4096, 0
9490, 341327, 1, 4096, 0
9491, 552867, 1, 4096, 0
9491, 5472, 1, 4096, 0
9491, 136737, 1, 4096, 0
9492, 1138690, 1, 4096, 0
9492, 6085, 1, 4096, 0
9492, 3385, 1, 4096, 0
9492, 2828, 1, 4096, 0
9492, 2569, 1, 4096, 0
9492, 6058, 1, 4096, 0
9492, 1908, 1, 4096, 0
9494, 2117381, 1, 4096, 0
9494, 8255, 1, 4096, 0
9495, 435035, 1, 4096, 0
9495, 7053, 1, 4096, 0
9495, 4012, 1, 4096, 0
9495, 4037, 1, 4096, 0
9495, 3903, 1, 4096, 0
9495, 3351, 1, 4096, 0
9495, 2116, 1, 4096, 0
9497, 2296359, 1, 4096, 0
9498, 459733, 1, 4096, 0
9498, 7585, 1, 4096, 0
9498, 3533, 1, 4096, 0
9498, 6770, 1, 4096, 0
9498, 6116, 1, 4096, 0
9498, 4276, 1, 4096, 0
9498, 3558, 1, 4096, 0
9498, 4195, 1, 4096, 0
9499, 1052901, 1, 4096, 0
9499, 7504, 1, 4096, 0
9499, 2951, 1, 4096, 0
9499, 2158, 1, 4096, 0
9499, 2368, 1, 4096, 0
9499, 2245, 1, 4096, 0
9499, 2131, 1, 4096, 0
9499, 2029, 1, 4096, 0
9502, 2393674, 1, 4096, 0
9502, 7798, 1, 4096, 0
9502, 358735, 1, 4096, 0
9502, 3846, 1, 4096, 0
9503, 570482, 1, 4096, 0
9503, 3495, 1, 4096, 0
9503, 159842, 1, 4096, 0
9504, 1195586, 1, 4096, 0
9504, 481542, 1, 4096, 0
9504, 7013, 1, 4096, 0
9504, 4257, 1, 4096, 0
9504, 3113, 1, 4096, 0
9505, 158506, 1, 4096, 0
9505, 284852, 1, 4096, 0
9505, 566574, 1, 4096, 0
9505, 7247, 1, 4096, 0
9506, 4216, 1, 4096, 0
9506, 3482, 1, 4096, 0
9506, 3156, 1, 4096, 0
9506, 7045, 1, 4096, 0
9506, 4625, 1, 4096, 0
9506, 3237, 1, 4096, 0
9507, 1666810, 1, 4096, 0
9507, 9984, 1, 4096, 0
9508, 371397, 1, 4096, 0
9508, 8146, 1, 4096, 0
9508, 3254, 1, 4096, 0
9508, 3564, 1, 4096, 0
9508, 3285, 1, 4096, 0
9508, 3377, 1, 4096, 0
9508, 4679, 1, 4096, 0
9508, 4044, 1, 4096, 0
9511, 3501060, 1, 4096, 0
9512, 1287773, 1, 4096, 0
9512, 7776, 1, 4096, 0
9512, 2997, 1, 4096, 0
9513, 100879, 1, 4096, 0
9513, 4928, 1, 4096, 0
9513, 4758, 1, 4096, 0
9513, 3378, 1, 4096, 0
9513, 3927, 1, 4096, 0
9513, 3241, 1, 4096, 0
9513, 4421, 1, 4096, 0
9513, 4298, 1, 4096, 0
9515, 2458615, 1, 4096, 0
9515, 8096, 1, 4096, 0
9515, 3270, 1, 4096, 0
9515, 3911, 1, 4096, 0
9515, 3142, 1, 4096, 0
9515, 3061, 1, 4096, 0
9515, 153886, 1, 4096, 0
9515, 204536, 1, 4096, 0
9518, 2270404, 1, 4096, 0
9518, 6161, 1, 4096, 0
9518, 4838, 1, 4096, 0
9518, 3897, 1, 4096, 0
9518, 4784, 1, 4096, 0
9518, 4794, 1, 4096, 0
9518, 6839, 1, 4096, 0
9518, 3739, 1, 4096, 0
9518, 274247, 1, 4096, 0
9518, 6916, 1, 4096, 0
9518, 3013, 1, 4096, 0
9518, 3361, 1, 4096, 0
9518, 3016, 1, 4096, 0
9518, 3531, 1, 4096, 0
9518, 3279, 1, 4096, 0
9518, 3367, 1, 4096, 0
9520, 1746241, 1, 4096, 0
9520, 8753, 1, 4096, 0
9520, 3663, 1, 4096, 0
9520, 2957, 1, 4096, 0
9520, 2547, 1, 4096, 0
9520, 2949, 1, 4096, 0
9520, 2295, 1, 4096, 0
9520, 4344, 1, 4096, 0
9523, 2310939, 1, 4096, 0
9523, 79726, 1, 4096, 0
9523, 823727, 1, 4096, 0
9523, 6427, 1, 4096, 0
9523, 3330, 1, 4096, 0
9523, 3206, 1, 4096, 0
9523, 3360, 1, 4096, 0
9524, 289951, 1, 4096, 0
9525, 1376130, 1, 4096, 0
9526, 751521, 1, 4096, 0
9526, 8608, 1, 4096, 0
9526, 261483, 1, 4096, 0
9526, 3846, 1, 4096, 0
9526, 3593, 1, 4096, 0
9528, 1564849, 1, 4096, 0
9528, 7428, 1, 4096, 0
9528, 3747, 1, 4096, 0
9528, 502947, 1, 4096, 0
9529, 342950, 1, 4096, 0
9529, 163795, 1, 4096, 0
9529, 210666, 1, 4096, 0
9529, 187928, 1, 4096, 0
9530, 846983, 1, 4096, 0
9530, 4532, 1, 4096, 0
9530, 2610, 1, 4096, 0
9531, 724236, 1, 4096, 0
9531, 5495, 1, 4096, 0
9531, 523320, 1, 4096, 0
9532, 930172, 1, 4096, 0
9532, 4412, 1, 4096, 0
9532, 3312, 1, 4096, 0
9533, 755887, 1, 4096, 0
9534, 1252852, 1, 4096, 0
9535, 746624, 1, 4096, 0
9535, 4831, 1, 4096, 0
9535, 3833, 1, 4096, 0
9536, 839447, 1, 4096, 0
9537, 585624, 1, 4096, 0
9537, 22747, 1, 4096, 0
9537, 305670, 1, 4096, 0
9537, 221363, 1, 4096, 0
9538, 819113, 1, 4096, 0
9538, 402865, 1, 4096, 0
9539, 254045, 1, 4096, 0
9539, 175087, 1, 4096, 0
9539, 6886, 1, 4096, 0
9540, 1128329, 1, 4096, 0
9540, 10289, 1, 4096, 0
9540, 3974, 1, 4096, 0
9540, 427654, 1, 4096, 0
9542, 1582006, 1, 4096, 0
9542, 4676, 1, 4096, 0
9542, 4259, 1, 4096, 0
9543, 905557, 1, 4096, 0
9543, 6999, 1, 4096, 0
9543, 97746, 1, 4096, 0
9543, 207666, 1, 4096, 0
9543, 7450, 1, 4096, 0
9543, 3076, 1, 4096, 0
9543, 2510, 1, 4096, 0
9543, 3550, 1, 4096, 0
9543, 2550, 1, 4096, 0
9543, 2583, 1, 4096, 0
9543, 3202, 1, 4096, 0
9545, 2185308, 1, 4096, 0
9545, 8377, 1, 4096, 0
9545, 2071, 1, 4096, 0
9545, 3318, 1, 4096, 0
9546, 175002, 1, 4096, 0
9546, 232449, 1, 4096, 0
9546, 5643, 1, 4096, 0
9546, 4082, 1, 4096, 0
9546, 3094, 1, 4096, 0
9546, 3519, 1, 4096, 0
9546, 3284, 1, 4096, 0
9546, 2915, 1, 4096, 0
9546, 3265, 1, 4096, 0
9546, 534687, 1, 4096, 0
9547, 482732, 1, 4096, 0
9547, 5413, 1, 4096, 0
9548, 1492787, 1, 4096, 0
9549, 437174, 1, 4096, 0
9549, 506475, 1, 4096, 0
9550, 420160, 1, 4096, 0
9550, 5885, 1, 4096, 0
9550, 3374, 1, 4096, 0
9550, 4078, 1, 4096, 0
9550, 4508, 1, 4096, 0
9550, 3632, 1, 4096, 0
9550, 3563, 1, 4096, 0
9550, 4060, 1, 4096, 0
9552, 1892891, 1, 4096, 0
9552, 8331, 1, 4096, 0
9552, 3496, 1, 4096, 0
9552, 3037, 1, 4096, 0
9552, 2875, 1, 4096, 0
9552, 3417, 1, 4096, 0
9552, 3181, 1, 4096, 0
9552, 3604, 1, 4096, 0
9553, 812014, 1, 4096, 0
9553, 625853, 1, 4096, 0
9553, 6345, 1, 4096, 0
9554, 436273, 1, 4096, 0
9554, 8878, 1, 4096, 0
9554, 4190, 1, 4096, 0
9554, 3823, 1, 4096, 0
9555, 1521079, 1, 4096, 0
9556, 870316, 1, 4096, 0
9557, 605620, 1, 4096, 0
9557, 5881, 1, 4096, 0
9557, 3128, 1, 4096, 0
9557, 301313, 1, 4096, 0
9557, 27119, 1, 4096, 0
9558, 576669, 1, 4096, 0
9559, 1395042, 1, 4096, 0
9559, 5928, 1, 4096, 0
9560, 1089131, 1, 4096, 0
9560, 5259, 1, 4096, 0
9560, 3470, 1, 4096, 0
9560, 121858, 1, 4096, 0
9560, 4018, 1, 4096, 0
9560, 4226, 1, 4096, 0
9561, 1174654, 1, 4096, 0
9561, 8256, 1, 4096, 0
9563, 1370316, 1, 4096, 0
9563, 639245, 1, 4096, 0
9564, 8527, 1, 4096, 0
9564, 397526, 1, 4096, 0
9564, 6163, 1, 4096, 0
9564, 3377, 1, 4096, 0
9565, 973605, 1, 4096, 0
9565, 4499, 1, 4096, 0
9566, 710766, 1, 4096, 0
9566, 212808, 1, 4096, 0
9566, 467980, 1, 4096, 0
9566, 13285, 1, 4096, 0
9566, 3630, 1, 4096, 0
9567, 582729, 1, 4096, 0
9567, 7958, 1, 4096, 0
9567, 3899, 1, 4096, 0
9567, 3938, 1, 4096, 0
9567, 3478, 1, 4096, 0
9567, 3367, 1, 4096, 0
9567, 3044, 1, 4096, 0
9567, 3044, 1, 4096, 0
9569, 2306291, 1, 4096, 0
9569, 53087, 1, 4096, 0
9570, 285494, 1, 4096, 0
9572, 2455869, 1, 4096, 0
9572, 7018, 1, 4096, 0
9572, 3704, 1, 4096, 0
9572, 107776, 1, 4096, 0
9572, 8593, 1, 4096, 0
9573, 416242, 1, 4096, 0
9573, 134979, 1, 4096, 0
9573, 244399, 1, 4096, 0
9575, 1540385, 1, 4096, 0
9575, 190168, 1, 4096, 0
9578, 2711956, 1, 4096, 0
9578, 9741, 1, 4096, 0
9578, 3813, 1, 4096, 0
9578, 2924, 1, 4096, 0
9578, 3425, 1, 4096, 0
9578, 3729, 1, 4096, 0
9578, 3055, 1, 4096, 0
9578, 2922, 1, 4096, 0
9580, 2527224, 1, 4096, 0
9581, 780263, 1, 4096, 0
9582, 717706, 1, 4096, 0
9582, 5234, 1, 4096, 0
9582, 2254, 1, 4096, 0
9582, 366254, 1, 4096, 0
9582, 198531, 1, 4096, 0
9583, 400690, 1, 4096, 0
9583, 100348, 1, 4096, 0
9584, 1135111, 1, 4096, 0
9585, 1115011, 1, 4096, 0
9585, 194371, 1, 4096, 0
9586, 558327, 1, 4096, 0
9586, 297872, 1, 4096, 0
9586, 3404, 1, 4096, 0
9586, 2463, 1, 4096, 0
9586, 332410, 1, 4096, 0
9587, 432809, 1, 4096, 0
9587, 630889, 1, 4096, 0
9588, 645460, 1, 4096, 0
9588, 5477, 1, 4096, 0
9588, 3333, 1, 4096, 0
9588, 141870, 1, 4096, 0
9588, 206440, 1, 4096, 0
9589, 680213, 1, 4096, 0
9589, 7129, 1, 4096, 0
9589, 2810, 1, 4096, 0
9589, 6073, 1, 4096, 0
9589, 3109, 1, 4096, 0
9589, 3881, 1, 4096, 0
9589, 3054, 1, 4096, 0
9589, 3646, 1, 4096, 0
9591, 2009084, 1, 4096, 0
9591, 4930, 1, 4096, 0
9592, 883907, 1, 4096, 0
9592, 4779, 1, 4096, 0
9592, 194210, 1, 4096, 0
9592, 5755, 1, 4096, 0
9592, 4084, 1, 4096, 0
9592, 3607, 1, 4096, 0
9592, 4002, 1, 4096, 0
9592, 3171, 1, 4096, 0
9592, 3270, 1, 4096, 0
9593, 248683, 1, 4096, 0
9594, 1043735, 1, 4096, 0
9594, 9292, 1, 4096, 0
9594, 5049, 1, 4096, 0
9594, 596611, 1, 4096, 0
9594, 4982, 1, 4096, 0
9594, 31086, 1, 4096, 0
9595, 1034505, 1, 4096, 0
9595, 7791, 1, 4096, 0
9595, 2401, 1, 4096, 0
9595, 3724, 1, 4096, 0
9595, 2699, 1, 4096, 0
9595, 2582, 1, 4096, 0
9595, 3157, 1, 4096, 0
9595, 2836, 1, 4096, 0
9598, 2401511, 1, 4096, 0
9598, 295614, 1, 4096, 0
9598, 7000, 1, 4096, 0
9598, 2480, 1, 4096, 0
9598, 3139, 1, 4096, 0
9598, 5223, 1, 4096, 0
9598, 3059, 1, 4096, 0
9598, 132091, 1, 4096, 0
9598, 7553, 1, 4096, 0
9598, 3614, 1, 4096, 0
9598, 3091, 1, 4096, 0
9598, 2842, 1, 4096, 0
9598, 3225, 1, 4096, 0
9598, 2701, 1, 4096, 0
9598, 71995, 1, 4096, 0
9599, 629355, 1, 4096, 0
9600, 1128866, 1, 4096, 0
9600, 4764, 1, 4096, 0
9600, 3333, 1, 4096, 0
9600, 3518, 1, 4096, 0
9600, 3031, 1, 4096, 0
9600, 159950, 1, 4096, 0
9600, 4280, 1, 4096, 0
9601, 5851, 1, 4096, 0
9601, 6694, 1, 4096, 0
9601, 1854, 1, 4096, 0
9601, 8348, 1, 4096, 0
9601, 6202, 1, 4096, 0
9601, 4391, 1, 4096, 0
9601, 4306, 1, 4096, 0
9601, 4151, 1, 4096, 0
9601, 3379, 1, 4096, 0
9601, 3110, 1, 4096, 0
9601, 4791, 1, 4096, 0
9604, 2689590, 1, 4096, 0
9604, 210950, 1, 4096, 0
9604, 7245, 1, 4096, 0
9604, 3324, 1, 4096, 0
9604, 2735, 1, 4096, 0
9605, 2824, 1, 4096, 0
9605, 3384, 1, 4096, 0
9605, 3116, 1, 4096, 0
9605, 2618, 1, 4096, 0
9607, 2084558, 1, 4096, 0
9607, 7787, 1, 4096, 0
9607, 3115, 1, 4096, 0
9607, 2868, 1, 4096, 0
9607, 3090, 1, 4096, 0
9607, 3227, 1, 4096, 0
9607, 2657, 1, 4096, 0
9607, 2795, 1, 4096, 0
9609, 2735521, 1, 4096, 0
9610, 442502, 1, 4096, 0
9610, 5067, 1, 4096, 0
9610, 5448, 1, 4096, 0
9610, 3298, 1, 4096, 0
9610, 3231, 1, 4096, 0
9610, 4137, 1, 4096, 0
9610, 2936, 1, 4096, 0
9610, 3760, 1, 4096, 0
9611, 1602560, 1, 4096, 0
9611, 6345, 1, 4096, 0
9611, 2787, 1, 4096, 0
9611, 2320, 1, 4096, 0
9612, 2509, 1, 4096, 0
9613, 1111582, 1, 4096, 0
9613, 5251, 1, 4096, 0
9614, 1478051, 1, 4096, 0
9614, 7823, 1, 4096, 0
9614, 3164, 1, 4096, 0
9615, 820348, 1, 4096, 0
9615, 6979, 1, 4096, 0
9615, 236113, 1, 4096, 0
9615, 3327, 1, 4096, 0
9616, 776383, 1, 4096, 0
9617, 781442, 1, 4096, 0
9617, 8683, 1, 4096, 0
9617, 4392, 1, 4096, 0
9617, 4131, 1, 4096, 0
9617, 4092, 1, 4096, 0
9617, 4059, 1, 4096, 0
9617, 3413, 1, 4096, 0
9617, 2841, 1, 4096, 0
9618, 1128555, 1, 4096, 0
9618, 8612, 1, 4096, 0
9618, 3660, 1, 4096, 0
9618, 3482, 1, 4096, 0
9618, 2902, 1, 4096, 0
9618, 10400, 1, 4096, 0
9618, 2594, 1, 4096, 0
9618, 3529, 1, 4096, 0
9618, 277109, 1, 4096, 0
9618, 10107, 1, 4096, 0
9618, 3748, 1, 4096, 0
9618, 4551, 1, 4096, 0
9618, 2835, 1, 4096, 0
9618, 2829, 1, 4096, 0
9618, 2808, 1, 4096, 0
9619, 10344, 1, 4096, 0
9619, 359045, 1, 4096, 0
9619, 4891, 1, 4096, 0
9619, 2934, 1, 4096, 0
9619, 2901, 1, 4096, 0
9619, 2671, 1, 4096, 0
9620, 9893, 1, 4096, 0
9620, 7248, 1, 4096, 0
9620, 9754, 1, 4096, 0
9620, 6366, 1, 4096, 0
9620, 11030, 1, 4096, 0
9620, 3818, 1, 4096, 0
9621, 7585, 1, 4096, 0
9622, 1065427, 1, 4096, 0
9622, 5905, 1, 4096, 0
9622, 3235, 1, 4096, 0
9622, 2706, 1, 4096, 0
9622, 366039, 1, 4096, 0
9622, 28185, 1, 4096, 0
9624, 1458610, 1, 4096, 0
9624, 597646, 1, 4096, 0
9624, 112847, 1, 4096, 0
9625, 372477, 1, 4096, 0
9625, 8229, 1, 4096, 0
9625, 633957, 1, 4096, 0
9625, 5847, 1, 4096, 0
9625, 2948, 1, 4096, 0
9625, 3562, 1, 4096, 0
9625, 3162, 1, 4096, 0
9625, 3206, 1, 4096, 0
9625, 4209, 1, 4096, 0
9625, 12029, 1, 4096, 0
9627, 1361378, 1, 4096, 0
9627, 6903, 1, 4096, 0
9627, 3449, 1, 4096, 0
9627, 3248, 1, 4096, 0
9627, 129135, 1, 4096, 0
9627, 6755, 1, 4096, 0
9627, 3656, 1, 4096, 0
9627, 3176, 1, 4096, 0
9627, 2565, 1, 4096, 0
9627, 2612, 1, 4096, 0
9627, 2965, 1, 4096, 0
9629, 1640762, 1, 4096, 0
9630, 1385493, 1, 4096, 0
9630, 5553, 1, 4096, 0
9630, 3613, 1, 4096, 0
9630, 502609, 1, 4096, 0
9631, 649332, 1, 4096, 0
9631, 6959, 1, 4096, 0
9631, 3566, 1, 4096, 0
9631, 352490, 1, 4096, 0
9632, 218239, 1, 4096, 0
9632, 6845, 1, 4096, 0
9632, 3048, 1, 4096, 0
9632, 3604, 1, 4096, 0
9632, 3608, 1, 4096, 0
9632, 2865, 1, 4096, 0
9632, 3936, 1, 4096, 0
9632, 3405, 1, 4096, 0
9634, 2162245, 1, 4096, 0
9634, 8271, 1, 4096, 0
9634, 2805, 1, 4096, 0
9634, 4618, 1, 4096, 0
9634, 4172, 1, 4096, 0
9634, 4255, 1, 4096, 0
9634, 2270, 1, 4096, 0
9634, 2959, 1, 4096, 0
9636, 2045096, 1, 4096, 0
9636, 8428, 1, 4096, 0
9636, 3882, 1, 4096, 0
9636, 3608, 1, 4096, 0
9636, 3344, 1, 4096, 0
9636, 3561, 1, 4096, 0
9636, 2767, 1, 4096, 0
9636, 2494, 1, 4096, 0
9636, 45944, 1, 4096, 0
9636, 241220, 1, 4096, 0
9636, 8391, 1, 4096, 0
9636, 4383, 1, 4096, 0
9636, 3010, 1, 4096, 0
9636, 3355, 1, 4096, 0
9636, 2964, 1, 4096, 0
9636, 3353, 1, 4096, 0
9637, 314341, 1, 4096, 0
9637, 6520, 1, 4096, 0
9637, 9770, 1, 4096, 0
9637, 6599, 1, 4096, 0
9637, 3316, 1, 4096, 0
9639, 1359634, 1, 4096, 0
9639, 139802, 1, 4096, 0
9640, 612766, 1, 4096, 0
9640, 10471, 1, 4096, 0
9640, 3327, 1, 4096, 0
9640, 135984, 1, 4096, 0
9640, 69205, 1, 4096, 0
9640, 6288, 1, 4096, 0
9640, 2097, 1, 4096, 0
9641, 990404, 1, 4096, 0
9641, 33325, 1, 4096, 0
9641, 6903, 1, 4096, 0
9641, 3753, 1, 4096, 0
9641, 3783, 1, 4096, 0
9641, 4328, 1, 4096, 0
9641, 2798, 1, 4096, 0
9641, 3632, 1, 4096, 0
9641, 189181, 1, 4096, 0
9641, 9703, 1, 4096, 0
9641, 6638, 1, 4096, 0
9642, 6410, 1, 4096, 0
9642, 10035, 1, 4096, 0
9642, 5500, 1, 4096, 0
9642, 7089, 1, 4096, 0
9643, 601660, 1, 4096, 0
9643, 8723, 1, 4096, 0
9643, 3436, 1, 4096, 0
9643, 5678, 1, 4096, 0
9643, 4163, 1, 4096, 0
9643, 3095, 1, 4096, 0
9643, 6782, 1, 4096, 0
9645, 1410776, 1, 4096, 0
9645, 6983, 1, 4096, 0
9645, 164070, 1, 4096, 0
9645, 402129, 1, 4096, 0
9646, 513243, 1, 4096, 0
9646, 13484, 1, 4096, 0
9647, 776412, 1, 4096, 0
9647, 5784, 1, 4096, 0
9647, 2346, 1, 4096, 0
9647, 1764, 1, 4096, 0
9647, 2987, 1, 4096, 0
9647, 2190, 1, 4096, 0
9647, 2407, 1, 4096, 0
9647, 373754, 1, 4096, 0
9648, 999766, 1, 4096, 0
9648, 8186, 1, 4096, 0
9648, 3985, 1, 4096, 0
9648, 3376, 1, 4096, 0
9648, 2762, 1, 4096, 0
9648, 3014, 1, 4096, 0
9648, 3311, 1, 4096, 0
9648, 2922, 1, 4096, 0
9650, 1366297, 1, 4096, 0
9650, 30986, 1, 4096, 0
9650, 431312, 1, 4096, 0
9650, 15066, 1, 4096, 0
9650, 5821, 1, 4096, 0
9650, 4227, 1, 4096, 0
9650, 4658, 1, 4096, 0
9650, 3409, 1, 4096, 0
9650, 4065, 1, 4096, 0
9650, 3199, 1, 4096, 0
9654, 3985253, 1, 4096, 0
9654, 5979, 1, 4096, 0
9654, 340402, 1, 4096, 0
9654, 7073, 1, 4096, 0
9654, 3260, 1, 4096, 0
9654, 3347, 1, 4096, 0
9655, 270467, 1, 4096, 0
9655, 5594, 1, 4096, 0
9655, 3858, 1, 4096, 0
9655, 2945, 1, 4096, 0
9655, 3539, 1, 4096, 0
9655, 3524, 1, 4096, 0
9655, 2945, 1, 4096, 0
9655, 2737, 1, 4096, 0
9657, 2602855, 1, 4096, 0
9657, 8415, 1, 4096, 0
9657, 5777, 1, 4096, 0
9658, 241828, 1, 4096, 0
9658, 7314, 1, 4096, 0
9658, 105200, 1, 4096, 0
9658, 145012, 1, 4096, 0
9659, 1123518, 1, 4096, 0
9659, 367181, 1, 4096, 0
9661, 1461338, 1, 4096, 0
9661, 6822, 1, 4096, 0
9661, 458719, 1, 4096, 0
9663, 1796748, 1, 4096, 0
9663, 8419, 1, 4096, 0
9663, 3526, 1, 4096, 0
9663, 3319, 1, 4096, 0
9663, 3216, 1, 4096, 0
9663, 2848, 1, 4096, 0
9663, 2954, 1, 4096, 0
9663, 3449, 1, 4096, 0
9665, 1590224, 1, 4096, 0
9666, 994863, 1, 4096, 0
9666, 7838, 1, 4096, 0
9666, 327238, 1, 4096, 0
9666, 6775, 1, 4096, 0
9666, 3631, 1, 4096, 0
9666, 2853, 1, 4096, 0
9666, 2741, 1, 4096, 0
9666, 3556, 1, 4096, 0
9666, 2580, 1, 4096, 0
9666, 2377, 1, 4096, 0
9667, 925294, 1, 4096, 0
9667, 5332, 1, 4096, 0
9667, 2525, 1, 4096, 0
9667, 2374, 1, 4096, 0
9667, 2053, 1, 4096, 0
9668, 560113, 1, 4096, 0
9668, 8157, 1, 4096, 0
9668, 4197, 1, 4096, 0
9668, 3342, 1, 4096, 0
9668, 3388, 1, 4096, 0
9668, 2785, 1, 4096, 0
9668, 2095, 1, 4096, 0
9668, 3046, 1, 4096, 0
9669, 738495, 1, 4096, 0
9669, 6194, 1, 4096, 0
9669, 3708, 1, 4096, 0
9669, 3296, 1, 4096, 0
9669, 3406, 1, 4096, 0
9670, 714232, 1, 4096, 0
9670, 92144, 1, 4096, 0
9671, 270751, 1, 4096, 0
9671, 6062, 1, 4096, 0
9671, 255519, 1, 4096, 0
9671, 54512, 1, 4096, 0
9672, 1103953, 1, 4096, 0
9673, 618751, 1, 4096, 0
9673, 161879, 1, 4096, 0
9673, 7612, 1, 4096, 0
9673, 3161, 1, 4096, 0
9673, 3325, 1, 4096, 0
9673, 2716, 1, 4096, 0
9673, 3731, 1, 4096, 0
9673, 3801, 1, 4096, 0
9673, 2816, 1, 4096, 0
9675, 2507430, 1, 4096, 0
9676, 870147, 1, 4096, 0
9677, 462037, 1, 4096, 0
9677, 6445, 1, 4096, 0
9677, 166303, 1, 4096, 0
9677, 48719, 1, 4096, 0
9678, 601692, 1, 4096, 0
9678, 424610, 1, 4096, 0
9678, 33039, 1, 4096, 0
9679, 1074660, 1, 4096, 0
9680, 707627, 1, 4096, 0
9680, 184358, 1, 4096, 0
9680, 184037, 1, 4096, 0
9680, 102059, 1, 4096, 0
9681, 720710, 1, 4096, 0
9681, 451611, 1, 4096, 0
9682, 299386, 1, 4096, 0
9682, 319980, 1, 4096, 0
9682, 197122, 1, 4096, 0
9683, 403367, 1, 4096, 0
9683, 738657, 1, 4096, 0
9684, 366959, 1, 4096, 0
9685, 781978, 1, 4096, 0
9685, 32814, 1, 4096, 0
9685, 415233, 1, 4096, 0
9686, 846194, 1, 4096, 0
9687, 768932, 1, 4096, 0
9687, 31973, 1, 4096, 0
9687, 38278, 1, 4096, 0
9687, 207108, 1, 4096, 0
9687, 120497, 1, 4096, 0
9688, 1093630, 1, 4096, 0
9689, 1114926, 1, 4096, 0
9690, 212786, 1, 4096, 0
9690, 519363, 1, 4096, 0
9690, 44719, 1, 4096, 0
9691, 433880, 1, 4096, 0
9691, 185350, 1, 4096, 0
9691, 254796, 1, 4096, 0
9692, 1130483, 1, 4096, 0
9693, 406307, 1, 4096, 0
9693, 51986, 1, 4096, 0
9693, 618748, 1, 4096, 0
9693, 32665, 1, 4096, 0
9694, 718926, 1, 4096, 0
9694, 504216, 1, 4096, 0
9695, 217575, 1, 4096, 0
9695, 725782, 1, 4096, 0
9696, 535284, 1, 4096, 0
9696, 501619, 1, 4096, 0
9697, 278594, 1, 4096, 0
9697, 148824, 1, 4096, 0
9697, 357460, 1, 4096, 0
9699, 1853414, 1, 4096, 0
9699, 352118, 1, 4096, 0
9700, 858233, 1, 4096, 0
9701, 196024, 1, 4096, 0
9701, 3807, 1, 4096, 0
9701, 2454, 1, 4096, 0
9701, 1989, 1, 4096, 0
9701, 675209, 1, 4096, 0
9703, 1521219, 1, 4096, 0
9704, 1178640, 1, 4096, 0
9704, 6864, 1, 4096, 0
9704, 228181, 1, 4096, 0
9704, 144405, 1, 4096, 0
9705, 614987, 1, 4096, 0
9706, 705061, 1, 4096, 0
9706, 6857, 1, 4096, 0
9706, 537762, 1, 4096, 0
9707, 592758, 1, 4096, 0
9707, 171460, 1, 4096, 0
9707, 206472, 1, 4096, 0
9707, 209850, 1, 4096, 0
9708, 633955, 1, 4096, 0
9709, 761893, 1, 4096, 0
9710, 821968, 1, 4096, 0
9710, 285438, 1, 4096, 0
9710, 221689, 1, 4096, 0
9711, 675809, 1, 4096, 0
9711, 352786, 1, 4096, 0
9711, 7592, 1, 4096, 0
9712, 916894, 1, 4096, 0
9712, 5853, 1, 4096, 0
9713, 1173394, 1, 4096, 0
9713, 5894, 1, 4096, 0
9713, 3549, 1, 4096, 0
9714, 580160, 1, 4096, 0
9715, 986276, 1, 4096, 0
9716, 1328267, 1, 4096, 0
9716, 7042, 1, 4096, 0
9716, 3456, 1, 4096, 0
9716, 3497, 1, 4096, 0
9716, 3510, 1, 4096, 0
9717, 426264, 1, 4096, 0
9718, 1416421, 1, 4096, 0
9718, 3847, 1, 4096, 0
9718, 98580, 1, 4096, 0
9719, 376599, 1, 4096, 0
9720, 1580577, 1, 4096, 0
9720, 7242, 1, 4096, 0
9721, 346912, 1, 4096, 0
9721, 143883, 1, 4096, 0
9721, 6225, 1, 4096, 0
9721, 4294, 1, 4096, 0
9721, 2989, 1, 4096, 0
9721, 4179, 1, 4096, 0
9721, 3530, 1, 4096, 0
9721, 4465, 1, 4096, 0
9721, 4062, 1, 4096, 0
9723, 2084499, 1, 4096, 0
9723, 8510, 1, 4096, 0
9723, 3286, 1, 4096, 0
9723, 3193, 1, 4096, 0
9723, 2362, 1, 4096, 0
9723, 3247, 1, 4096, 0
9723, 2797, 1, 4096, 0
9723, 3420, 1, 4096, 0
9725, 1816162, 1, 4096, 0
9725, 92437, 1, 4096, 0
9725, 311304, 1, 4096, 0
9725, 6455, 1, 4096, 0
9725, 3361, 1, 4096, 0
9725, 3320, 1, 4096, 0
9725, 3589, 1, 4096, 0
9725, 3173, 1, 4096, 0
9725, 2499, 1, 4096, 0
9725, 3671, 1, 4096, 0
9727, 1464407, 1, 4096, 0
9727, 7362, 1, 4096, 0
9727, 3505, 1, 4096, 0
9727, 4315, 1, 4096, 0
9727, 2875, 1, 4096, 0
9727, 2805, 1, 4096, 0
9727, 2687, 1, 4096, 0
9727, 2500, 1, 4096, 0
9727, 352024, 1, 4096, 0
9727, 7442, 1, 4096, 0
9728, 621210, 1, 4096, 0
9728, 9834, 1, 4096, 0
9728, 3609, 1, 4096, 0
9728, 6795, 1, 4096, 0
9728, 3374, 1, 4096, 0
9728, 2128, 1, 4096, 0
9728, 1774, 1, 4096, 0
9728, 5306, 1, 4096, 0
9728, 2504, 1, 4096, 0
9730, 1468373, 1, 4096, 0
9730, 7984, 1, 4096, 0
9730, 4461, 1, 4096, 0
9730, 11787, 1, 4096, 0
9730, 7867, 1, 4096, 0
9730, 7343, 1, 4096, 0
9730, 4618, 1, 4096, 0
9730, 4753, 1, 4096, 0
9730, 5590, 1, 4096, 0
9731, 9165, 1, 4096, 0
9731, 4971, 1, 4096, 0
9731, 3868, 1, 4096, 0
9733, 2639629, 1, 4096, 0
9734, 245845, 1, 4096, 0
9734, 105295, 1, 4096, 0
9734, 192533, 1, 4096, 0
9734, 140272, 1, 4096, 0
9736, 1638011, 1, 4096, 0
9736, 8518, 1, 4096, 0
9736, 4155, 1, 4096, 0
9736, 313052, 1, 4096, 0
9736, 6685, 1, 4096, 0
9736, 87768, 1, 4096, 0
9737, 1294409, 1, 4096, 0
9738, 380995, 1, 4096, 0
9738, 298334, 1, 4096, 0
9738, 132817, 1, 4096, 0
9738, 4444, 1, 4096, 0
9739, 1000944, 1, 4096, 0
9740, 883095, 1, 4096, 0
9741, 946081, 1, 4096, 0
9742, 573201, 1, 4096, 0
9742, 7168, 1, 4096, 0
9742, 3637, 1, 4096, 0
9742, 3797, 1, 4096, 0
9742, 3404, 1, 4096, 0
9742, 2719, 1, 4096, 0
9742, 2457, 1, 4096, 0
9742, 2129, 1, 4096, 0
9744, 2490082, 1, 4096, 0
9744, 6640, 1, 4096, 0
9745, 1031905, 1, 4096, 0
9745, 25790, 1, 4096, 0
9745, 3444, 1, 4096, 0
9746, 161772, 1, 4096, 0
9746, 6288, 1, 4096, 0
9746, 5597, 1, 4096, 0
9746, 3036, 1, 4096, 0
9746, 9127, 1, 4096, 0
9746, 4108, 1, 4096, 0
9746, 3319, 1, 4096, 0
9746, 2842, 1, 4096, 0
9746, 248208, 1, 4096, 0
9746, 9446, 1, 4096, 0
9746, 4544, 1, 4096, 0
9746, 3920, 1, 4096, 0
9746, 3595, 1, 4096, 0
9746, 4591, 1, 4096, 0
9746, 4530, 1, 4096, 0
9746, 3577, 1, 4096, 0
9746, 282617, 1, 4096, 0
9746, 6661, 1, 4096, 0
9747, 8658, 1, 4096, 0
9748, 5604, 1, 4096, 0
9748, 165758, 1, 4096, 0
9749, 986409, 1, 4096, 0
9749, 5177, 1, 4096, 0
9749, 3039, 1, 4096, 0
9750, 767695, 1, 4096, 0
9751, 1277377, 1, 4096, 0
9751, 6228, 1, 4096, 0
9751, 3194, 1, 4096, 0
9752, 508198, 1, 4096, 0
9752, 7000, 1, 4096, 0
9752, 2679, 1, 4096, 0
9752, 2932, 1, 4096, 0
9752, 2997, 1, 4096, 0
9752, 3041, 1, 4096, 0
9752, 267030, 1, 4096, 0
9754, 2274365, 1, 4096, 0
9754, 6728, 1, 4096, 0
9755, 394159, 1, 4096, 0
9755, 6471, 1, 4096, 0
9755, 4305, 1, 4096, 0
9755, 173974, 1, 4096, 0
9755, 8117, 1, 4096, 0
9755, 4291, 1, 4096, 0
9755, 4062, 1, 4096, 0
9755, 2737, 1, 4096, 0
9755, 4203, 1, 4096, 0
9755, 3183, 1, 4096, 0
9755, 3798, 1, 4096, 0
9756, 865000, 1, 4096, 0
9756, 7358, 1, 4096, 0
9756, 322157, 1, 4096, 0
9757, 1135221, 1, 4096, 0
9759, 1421521, 1, 4096, 0
9759, 362929, 1, 4096, 0
9760, 1206665, 1, 4096, 0
9760, 7437, 1, 4096, 0
9760, 3505, 1, 4096, 0
9761, 544007, 1, 4096, 0
9761, 4945, 1, 4096, 0
9762, 847767, 1, 4096, 0
9762, 5324, 1, 4096, 0
9762, 339900, 1, 4096, 0
9762, 372595, 1, 4096, 0
9763, 569552, 1, 4096, 0
9763, 6318, 1, 4096, 0
9763, 4620, 1, 4096, 0
9764, 1010402, 1, 4096, 0
9764, 357376, 1, 4096, 0
9764, 4728, 1, 4096, 0
9765, 307521, 1, 4096, 0
9765, 7090, 1, 4096, 0
9765, 298861, 1, 4096, 0
9765, 189631, 1, 4096, 0
9766, 1419024, 1, 4096, 0
9766, 3640, 1, 4096, 0
9766, 3691, 1, 4096, 0
9767, 231792, 1, 4096, 0
9767, 3220, 1, 4096, 0
9767, 3054, 1, 4096, 0
9768, 1031569, 1, 4096, 0
9768, 321551, 1, 4096, 0
9769, 747917, 1, 4096, 0
9769, 4219, 1, 4096, 0
9769, 3044, 1, 4096, 0
9769, 3859, 1, 4096, 0
9770, 843855, 1, 4096, 0
9770, 70358, 1, 4096, 0
9771, 797461, 1, 4096, 0
9771, 8926, 1, 4096, 0
9771, 2948, 1, 4096, 0
9771, 3574, 1, 4096, 0
9771, 3940, 1, 4096, 0
9771, 4868, 1, 4096, 0
9771, 3419, 1, 4096, 0
9771, 3933, 1, 4096, 0
9771, 568084, 1, 4096, 0
9771, 5532, 1, 4096, 0
9771, 3034, 1, 4096, 0
9771, 4513, 1, 4096, 0
9771, 3387, 1, 4096, 0
9771, 4076, 1, 4096, 0
9771, 3303, 1, 4096, 0
9771, 3404, 1, 4096, 0
9773, 1791277, 1, 4096, 0
9773, 8076, 1, 4096, 0
9773, 3424, 1, 4096, 0
9773, 3407, 1, 4096, 0
9773, 3243, 1, 4096, 0
9773, 2814, 1, 4096, 0
9773, 152954, 1, 4096, 0
9775, 1332249, 1, 4096, 0
9775, 867600, 1, 4096, 0
9776, 402978, 1, 4096, 0
9776, 7331, 1, 4096, 0
9776, 3498, 1, 4096, 0
9776, 3551, 1, 4096, 0
9776, 3247, 1, 4096, 0
9776, 4012, 1, 4096, 0
9776, 4202, 1, 4096, 0
9776, 2882, 1, 4096, 0
9777, 943211, 1, 4096, 0
9777, 501004, 1, 4096, 0
9777, 5590, 1, 4096, 0
9778, 1060577, 1, 4096, 0
9778, 6831, 1, 4096, 0
9778, 3877, 1, 4096, 0
9778, 2806, 1, 4096, 0
9778, 2790, 1, 4096, 0
9778, 2911, 1, 4096, 0
9778, 3653, 1, 4096, 0
9778, 3412, 1, 4096, 0
9782, 3121503, 1, 4096, 0
9782, 407496, 1, 4096, 0
9782, 4641, 1, 4096, 0
9782, 3192, 1, 4096, 0
9782, 263245, 1, 4096, 0
9783, 534534, 1, 4096, 0
9783, 542888, 1, 4096, 0
9783, 5305, 1, 4096, 0
9783, 4214, 1, 4096, 0
9783, 3970, 1, 4096, 0
9783, 3915, 1, 4096, 0
9783, 3129, 1, 4096, 0
9783, 4373, 1, 4096, 0
9783, 19070, 1, 4096, 0
9784, 557075, 1, 4096, 0
9784, 14258, 1, 4096, 0
9784, 4538, 1, 4096, 0
9784, 4217, 1, 4096, 0
9784, 3268, 1, 4096, 0
9784, 2541, 1, 4096, 0
9784, 2635, 1, 4096, 0
9784, 2978, 1, 4096, 0
9787, 1894403, 1, 4096, 0
9787, 132861, 1, 4096, 0
9787, 4151, 1, 4096, 0
9787, 3052, 1, 4096, 0
9787, 3116, 1, 4096, 0
9787, 2995, 1, 4096, 0
9788, 415374, 1, 4096, 0
9788, 331285, 1, 4096, 0
9788, 7142, 1, 4096, 0
9788, 3693, 1, 4096, 0
9788, 125877, 1, 4096, 0
9789, 1168829, 1, 4096, 0
9789, 6282, 1, 4096, 0
9789, 3962, 1, 4096, 0
9789, 2869, 1, 4096, 0
9790, 289065, 1, 4096, 0
9790, 8833, 1, 4096, 0
9790, 5136, 1, 4096, 0
9790, 3538, 1, 4096, 0
9790, 3816, 1, 4096, 0
9790, 3380, 1, 4096, 0
9790, 322381, 1, 4096, 0
9790, 4237, 1, 4096, 0
9790, 285558, 1, 4096, 0
9790, 7211, 1, 4096, 0
9791, 295897, 1, 4096, 0
9791, 221624, 1, 4096, 0
9791, 391991, 1, 4096, 0
9791, 88626, 1, 4096, 0
9792, 1109228, 1, 4096, 0
9793, 7110, 1, 4096, 0
9793, 3568, 1, 4096, 0
9793, 426954, 1, 4096, 0
9793, 4095, 1, 4096, 0
9794, 1306882, 1, 4096, 0
9795, 571465, 1, 4096, 0
9795, 415549, 1, 4096, 0
9797, 1449913, 1, 4096, 0
9797, 5600, 1, 4096, 0
9797, 3907, 1, 4096, 0
9797, 499487, 1, 4096, 0
9797, 5646, 1, 4096, 0
9797, 4084, 1, 4096, 0
9797, 3314, 1, 4096, 0
9797, 3102, 1, 4096, 0
9797, 4805, 1, 4096, 0
9797, 3420, 1, 4096, 0
9797, 3553, 1, 4096, 0
9798, 219539, 1, 4096, 0
9798, 616470, 1, 4096, 0
9798, 5053, 1, 4096, 0
9798, 214639, 1, 4096, 0
9799, 986965, 1, 4096, 0
9800, 605822, 1, 4096, 0
9801, 1098578, 1, 4096, 0
9801, 5046, 1, 4096, 0
9802, 732010, 1, 4096, 0
9802, 4608, 1, 4096, 0
9802, 2430, 1, 4096, 0
9802, 2011, 1, 4096, 0
9802, 574866, 1, 4096, 0
9803, 122811, 1, 4096, 0
9803, 171664, 1, 4096, 0
9803, 495538, 1, 4096, 0
9804, 623109, 1, 4096, 0
9804, 459408, 1, 4096, 0
9804, 4232, 1, 4096, 0
9805, 424562, 1, 4096, 0
9805, 10431, 1, 4096, 0
9805, 599461, 1, 4096, 0
9805, 4200, 1, 4096, 0
9806, 727817, 1, 4096, 0
9806, 225014, 1, 4096, 0
9807, 949549, 1, 4096, 0
9807, 5947, 1, 4096, 0
9807, 2915, 1, 4096, 0
9807, 2424, 1, 4096, 0
9808, 219396, 1, 4096, 0
9808, 577442, 1, 4096, 0
9808, 7611, 1, 4096, 0
9808, 5023, 1, 4096, 0
9808, 3440, 1, 4096, 0
9808, 3177, 1, 4096, 0
9808, 3575, 1, 4096, 0
9808, 5030, 1, 4096, 0
9808, 3379, 1, 4096, 0
9808, 289838, 1, 4096, 0
9808, 7893, 1, 4096, 0
9809, 857796, 1, 4096, 0
9811, 1649551, 1, 4096, 0
9811, 6983, 1, 4096, 0
9811, 3546, 1, 4096, 0
9811, 2978, 1, 4096, 0
9812, 550236, 1, 4096, 0
9812, 181283, 1, 4096, 0
9813, 776721, 1, 4096, 0
9813, 8498, 1, 4096, 0
9813, 230379, 1, 4096, 0
9813, 4698, 1, 4096, 0
9813, 2540, 1, 4096, 0
9813, 2295, 1, 4096, 0
9813, 2035, 1, 4096, 0
9813, 1819, 1, 4096, 0
9813, 2536, 1, 4096, 0
9814, 835079, 1, 4096, 0
9815, 1111381, 1, 4096, 0
9815, 6846, 1, 4096, 0
9815, 2466, 1, 4096, 0
9815, 2681, 1, 4096, 0
9815, 2919, 1, 4096, 0
9815, 4803, 1, 4096, 0
9815, 4098, 1, 4096, 0
9815, 2767, 1, 4096, 0
9816, 1027266, 1, 4096, 0
9816, 97574, 1, 4096, 0
9816, 5791, 1, 4096, 0
9816, 9158, 1, 4096, 0
9816, 343160, 1, 4096, 0
9817, 5275, 1, 4096, 0
9817, 2290, 1, 4096, 0
9817, 469099, 1, 4096, 0
9817, 5212, 1, 4096, 0
9817, 2826, 1, 4096, 0
9817, 3260, 1, 4096, 0
9818, 1128911, 1, 4096, 0
9818, 110975, 1, 4096, 0
9819, 119326, 1, 4096, 0
9819, 4489, 1, 4096, 0
9819, 3413, 1, 4096, 0
9819, 3301, 1, 4096, 0
9820, 819600, 1, 4096, 0
9820, 7474, 1, 4096, 0
9820, 4913, 1, 4096, 0
9820, 413390, 1, 4096, 0
9820, 7874, 1, 4096, 0
9821, 528181, 1, 4096, 0
9821, 660275, 1, 4096, 0
9821, 9714, 1, 4096, 0
9821, 205846, 1, 4096, 0
9821, 5281, 1, 4096, 0
9822, 993435, 1, 4096, 0
9822, 5484, 1, 4096, 0
9822, 3431, 1, 4096, 0
9823, 3331, 1, 4096, 0
9823, 2585, 1, 4096, 0
9823, 371347, 1, 4096, 0
9824, 1360957, 1, 4096, 0
9826, 1342911, 1, 4096, 0
9826, 467579, 1, 4096, 0
9826, 9455, 1, 4096, 0
9826, 4662, 1, 4096, 0
9826, 49517, 1, 4096, 0
9826, 8576, 1, 4096, 0
9826, 3531, 1, 4096, 0
9826, 3225, 1, 4096, 0
9826, 3445, 1, 4096, 0
9826, 3325, 1, 4096, 0
9826, 3384, 1, 4096, 0
9826, 266455, 1, 4096, 0
9828, 1236640, 1, 4096, 0
9828, 4911, 1, 4096, 0
9828, 3524, 1, 4096, 0
9828, 2813, 1, 4096, 0
9828, 2853, 1, 4096, 0
9828, 2842, 1, 4096, 0
9828, 2782, 1, 4096, 0
9828, 2673, 1, 4096, 0
9829, 973382, 1, 4096, 0
9829, 6250, 1, 4096, 0
9829, 2581, 1, 4096, 0
9829, 2506, 1, 4096, 0
9829, 2551, 1, 4096, 0
9831, 2156119, 1, 4096, 0
9831, 7428, 1, 4096, 0
9832, 689466, 1, 4096, 0
9833, 1089960, 1, 4096, 0
9833, 4491, 1, 4096, 0
9834, 1015775, 1, 4096, 0
9834, 648704, 1, 4096, 0
9834, 62059, 1, 4096, 0
9834, 7893, 1, 4096, 0
9834, 3344, 1, 4096, 0
9834, 4648, 1, 4096, 0
9834, 2844, 1, 4096, 0
9834, 3523, 1, 4096, 0
9834, 3805, 1, 4096, 0
9834, 10159, 1, 4096, 0
9837, 2640265, 1, 4096, 0
9838, 622285, 1, 4096, 0
9838, 641870, 1, 4096, 0
9838, 6704, 1, 4096, 0
9838, 4816, 1, 4096, 0
9839, 289030, 1, 4096, 0
9839, 5022, 1, 4096, 0
9839, 3544, 1, 4096, 0
9839, 3751, 1, 4096, 0
9839, 3501, 1, 4096, 0
9839, 2863, 1, 4096, 0
9839, 3208, 1, 4096, 0
9839, 3566, 1, 4096, 0
9841, 2581313, 1, 4096, 0
9841, 7085, 1, 4096, 0
9843, 1245138, 1, 4096, 0
9843, 110508, 1, 4096, 0
9843, 4245, 1, 4096, 0
9843, 435999, 1, 4096, 0
9844, 807155, 1, 4096, 0
9845, 1066136, 1, 4096, 0
9845, 8126, 1, 4096, 0
9845, 3522, 1, 4096, 0
9845, 166717, 1, 4096, 0
9845, 240461, 1, 4096, 0
9846, 155171, 1, 4096, 0
9846, 5116, 1, 4096, 0
9846, 3200, 1, 4096, 0
9846, 3525, 1, 4096, 0
9846, 3255, 1, 4096, 0
9846, 3342, 1, 4096, 0
9846, 3341, 1, 4096, 0
9846, 2947, 1, 4096, 0
9846, 557722, 1, 4096, 0
9846, 5819, 1, 4096, 0
9846, 3094, 1, 4096, 0
9849, 2404104, 1, 4096, 0
9849, 130408, 1, 4096, 0
9849, 126474, 1, 4096, 0
9849, 3736, 1, 4096, 0
9849, 3691, 1, 4096, 0
9849, 180623, 1, 4096, 0
9849, 222471, 1, 4096, 0
9850, 742144, 1, 4096, 0
9851, 589477, 1, 4096, 0
9851, 220146, 1, 4096, 0
9852, 973977, 1, 4096, 0
9852, 120684, 1, 4096, 0
9852, 6008, 1, 4096, 0
9852, 3176, 1, 4096, 0
9854, 1499485, 1, 4096, 0
9854, 8396, 1, 4096, 0
9854, 4325, 1, 4096, 0
9854, 3081, 1, 4096, 0
9854, 2905, 1, 4096, 0
9854, 3140, 1, 4096, 0
9854, 3598, 1, 4096, 0
9854, 2983, 1, 4096, 0
9855, 1194569, 1, 4096, 0
9855, 6344, 1, 4096, 0
9855, 3487, 1, 4096, 0
9855, 2615, 1, 4096, 0
9855, 2844, 1, 4096, 0
9855, 2786, 1, 4096, 0
9855, 2406, 1, 4096, 0
9855, 3493, 1, 4096, 0
9856, 1095778, 1, 4096, 0
9856, 5235, 1, 4096, 0
9856, 3179, 1, 4096, 0
9856, 2360, 1, 4096, 0
9856, 2586, 1, 4096, 0
9856, 3628, 1, 4096, 0
9856, 3563, 1, 4096, 0
9856, 3275, 1, 4096, 0
9859, 1561449, 1, 4096, 0
9859, 6488, 1, 4096, 0
9859, 3288, 1, 4096, 0
9859, 2885, 1, 4096, 0
9859, 2511, 1, 4096, 0
9859, 2405, 1, 4096, 0
9859, 81812, 1, 4096, 0
9859, 280253, 1, 4096, 0
9859, 175543, 1, 4096, 0
9859, 7382, 1, 4096, 0
9859, 3198, 1, 4096, 0
9859, 2988, 1, 4096, 0
9859, 3333, 1, 4096, 0
9860, 389406, 1, 4096, 0
9860, 4166, 1, 4096, 0
9861, 682528, 1, 4096, 0
9861, 5414, 1, 4096, 0
9862, 699426, 1, 4096, 0
9862, 443728, 1, 4096, 0
9862, 5018, 1, 4096, 0
9863, 685882, 1, 4096, 0
9864, 1224549, 1, 4096, 0
9864, 108899, 1, 4096, 0
9864, 8975, 1, 4096, 0
9864, 3981, 1, 4096, 0
9864, 5148, 1, 4096, 0
9864, 4544, 1, 4096, 0
9864, 3576, 1, 4096, 0
9864, 3625, 1, 4096, 0
9867, 2736012, 1, 4096, 0
9867, 6849, 1, 4096, 0
9867, 3768, 1, 4096, 0
9867, 2372, 1, 4096, 0
9867, 3746, 1, 4096, 0
9867, 122458, 1, 4096, 0
9867, 6294, 1, 4096, 0
9867, 3175, 1, 4096, 0
9867, 4435, 1, 4096, 0
9867, 3655, 1, 4096, 0
9867, 3204, 1, 4096, 0
9867, 2044, 1, 4096, 0
9868, 939641, 1, 4096, 0
9868, 5630, 1, 4096, 0
9868, 4309, 1, 4096, 0
9868, 3507, 1, 4096, 0
9868, 3682, 1, 4096, 0
9868, 213462, 1, 4096, 0
9871, 2340747, 1, 4096, 0
9871, 67283, 1, 4096, 0
9872, 1122228, 1, 4096, 0
9872, 5437, 1, 4096, 0
9872, 4381, 1, 4096, 0
9872, 478569, 1, 4096, 0
9872, 7476, 1, 4096, 0
9872, 3212, 1, 4096, 0
9872, 2781, 1, 4096, 0
9872, 4177, 1, 4096, 0
9872, 3355, 1, 4096, 0
9872, 3489, 1, 4096, 0
9875, 2660410, 1, 4096, 0
9875, 10262, 1, 4096, 0
9875, 3550, 1, 4096, 0
9875, 3930, 1, 4096, 0
9875, 4184, 1, 4096, 0
9875, 4177, 1, 4096, 0
9875, 3887, 1, 4096, 0
9876, 1092872, 1, 4096, 0
9876, 5034, 1, 4096, 0
9876, 5918, 1, 4096, 0
9876, 3394, 1, 4096, 0
9876, 3158, 1, 4096, 0
9876, 3220, 1, 4096, 0
9876, 2225, 1, 4096, 0
9876, 2680, 1, 4096, 0
9878, 1415607, 1, 4096, 0
9878, 6701, 1, 4096, 0
9878, 3493, 1, 4096, 0
9878, 3247, 1, 4096, 0
9878, 3973, 1, 4096, 0
9879, 951489, 1, 4096, 0
9879, 6702, 1, 4096, 0
9879, 3504, 1, 4096, 0
9880, 466223, 1, 4096, 0
9880, 103882, 1, 4096, 0
9880, 222664, 1, 4096, 0
9880, 233366, 1, 4096, 0
9881, 442290, 1, 4096, 0
9881, 546440, 1, 4096, 0
9881, 5009, 1, 4096, 0
9881, 2150, 1, 4096, 0
9881, 179370, 1, 4096, 0
9881, 31987, 1, 4096, 0
9881, 3226, 1, 4096, 0
9881, 2606, 1, 4096, 0
9882, 896770, 1, 4096, 0
9882, 5710, 1, 4096, 0
9883, 634561, 1, 4096, 0
9883, 8183, 1, 4096, 0
9884, 642347, 1, 4096, 0
9884, 4070, 1, 4096, 0
9884, 3193, 1, 4096, 0
9884, 4520, 1, 4096, 0
9885, 1242745, 1, 4096, 0
9885, 6398, 1, 4096, 0
9885, 3060, 1, 4096, 0
9885, 3039, 1, 4096, 0
9885, 2833, 1, 4096, 0
9886, 524089, 1, 4096, 0
9886, 106554, 1, 4096, 0
9886, 4308, 1, 4096, 0
9886, 3472, 1, 4096, 0
9886, 2422, 1, 4096, 0
9887, 1000385, 1, 4096, 0
9887, 6230, 1, 4096, 0
9887, 3220, 1, 4096, 0
9887, 3029, 1, 4096, 0
9887, 3248, 1, 4096, 0
9888, 1359251, 1, 4096, 0
9888, 381690, 1, 4096, 0
9888, 7195, 1, 4096, 0
9888, 4060, 1, 4096, 0
9890, 1397668, 1, 4096, 0
9890, 5795, 1, 4096, 0
9890, 456419, 1, 4096, 0
9891, 616382, 1, 4096, 0
9892, 663386, 1, 4096, 0
9892, 68470, 1, 4096, 0
9893, 1052633, 1, 4096, 0
9893, 720684, 1, 4096, 0
9894, 7509, 1, 4096, 0
9894, 4024, 1, 4096, 0
9894, 4082, 1, 4096, 0
9894, 2753, 1, 4096, 0
9894, 3818, 1, 4096, 0
9894, 3238, 1, 4096, 0
9894, 713925, 1, 4096, 0
9894, 4443, 1, 4096, 0
9894, 2393, 1, 4096, 0
9895, 291600, 1, 4096, 0
9895, 942746, 1, 4096, 0
9896, 8500, 1, 4096, 0
9896, 302949, 1, 4096, 0
9896, 543839, 1, 4096, 0
9896, 7442, 1, 4096, 0
9897, 302268, 1, 4096, 0
9897, 360750, 1, 4096, 0
9897, 5692, 1, 4096, 0
9897, 130802, 1, 4096, 0
9897, 7243, 1, 4096, 0
9897, 2995, 1, 4096, 0
9897, 3181, 1, 4096, 0
9897, 3782, 1, 4096, 0
9897, 260732, 1, 4096, 0
9898, 718164, 1, 4096, 0
9898, 5254, 1, 4096, 0
9898, 142016, 1, 4096, 0
9898, 7052, 1, 4096, 0
9899, 579031, 1, 4096, 0
9900, 1214054, 1, 4096, 0
9900, 8019, 1, 4096, 0
9900, 4446, 1, 4096, 0
9901, 566310, 1, 4096, 0
9901, 340833, 1, 4096, 0
9901, 301864, 1, 4096, 0
9901, 31585, 1, 4096, 0
9901, 4499, 1, 4096, 0
9901, 4174, 1, 4096, 0
9901, 3120, 1, 4096, 0
9901, 3330, 1, 4096, 0
9902, 3104, 1, 4096, 0
9902, 3138, 1, 4096, 0
9902, 2724, 1, 4096, 0
9903, 1875697, 1, 4096, 0
9903, 6177, 1, 4096, 0
9903, 3328, 1, 4096, 0
9903, 2147, 1, 4096, 0
9903, 2532, 1, 4096, 0
9904, 490658, 1, 4096, 0
9904, 159664, 1, 4096, 0
9904, 207152, 1, 4096, 0
9904, 3640, 1, 4096, 0
9904, 3015, 1, 4096, 0
9905, 1049920, 1, 4096, 0
9905, 6693, 1, 4096, 0
9905, 4827, 1, 4096, 0
9905, 2338, 1, 4096, 0
9905, 3002, 1, 4096, 0
9905, 3034, 1, 4096, 0
9905, 2695, 1, 4096, 0
9905, 3019, 1, 4096, 0
9906, 1028858, 1, 4096, 0
9906, 6971, 1, 4096, 0
9906, 3813, 1, 4096, 0
9906, 3991, 1, 4096, 0
9908, 1322421, 1, 4096, 0
9908, 5331, 1, 4096, 0
9909, 915945, 1, 4096, 0
9909, 109368, 1, 4096, 0
9910, 1360554, 1, 4096, 0
9910, 6425, 1, 4096, 0
9911, 774642, 1, 4096, 0
9911, 221436, 1, 4096, 0
9911, 7869, 1, 4096, 0
9911, 4125, 1, 4096, 0
9911, 3793, 1, 4096, 0
9911, 3054, 1, 4096, 0
9911, 3823, 1, 4096, 0
9911, 3662, 1, 4096, 0
9911, 4844, 1, 4096, 0
9912, 373713, 1, 4096, 0
9912, 6618, 1, 4096, 0
9913, 1596780, 1, 4096, 0
9913, 167700, 1, 4096, 0
9913, 5972, 1, 4096, 0
9914, 382686, 1, 4096, 0
9914, 5680, 1, 4096, 0
9914, 152663, 1, 4096, 0
9914, 144397, 1, 4096, 0
9914, 348998, 1, 4096, 0
9915, 398750, 1, 4096, 0
9915, 6246, 1, 4096, 0
9915, 3895, 1, 4096, 0
9916, 1036645, 1, 4096, 0
9916, 316794, 1, 4096, 0
9916, 6069, 1, 4096, 0
9916, 3290, 1, 4096, 0
9916, 3174, 1, 4096, 0
9916, 4077, 1, 4096, 0
9916, 2988, 1, 4096, 0
9916, 3057, 1, 4096, 0
9916, 3173, 1, 4096, 0
9917, 551580, 1, 4096, 0
9917, 69742, 1, 4096, 0
9917, 359260, 1, 4096, 0
9918, 269038, 1, 4096, 0
9918, 13181, 1, 4096, 0
9918, 156949, 1, 4096, 0
9918, 629752, 1, 4096, 0
9919, 892163, 1, 4096, 0
9919, 5702, 1, 4096, 0
9920, 408233, 1, 4096, 0
9920, 729016, 1, 4096, 0
9920, 6682, 1, 4096, 0
9920, 2838, 1, 4096, 0
9920, 3609, 1, 4096, 0
9920, 3380, 1, 4096, 0
9920, 3608, 1, 4096, 0
9920, 3566, 1, 4096, 0
9922, 1127061, 1, 4096, 0
9922, 5378, 1, 4096, 0
9922, 2535, 1, 4096, 0
9922, 2793, 1, 4096, 0
9922, 3227, 1, 4096, 0
9922, 3368, 1, 4096, 0
9922, 3503, 1, 4096, 0
9922, 2916, 1, 4096, 0
9924, 2449774, 1, 4096, 0
9924, 9280, 1, 4096, 0
9924, 4661, 1, 4096, 0
9924, 3764, 1, 4096, 0
9924, 3980, 1, 4096, 0
9924, 4625, 1, 4096, 0
9924, 39708, 1, 4096, 0
9927, 2805201, 1, 4096, 0
9927, 6859, 1, 4096, 0
9927, 2656, 1, 4096, 0
9927, 5043, 1, 4096, 0
9928, 546021, 1, 4096, 0
9928, 5633, 1, 4096, 0
9929, 1165481, 1, 4096, 0
9929, 84767, 1, 4096, 0
9929, 405874, 1, 4096, 0
9929, 5168, 1, 4096, 0
9930, 504578, 1, 4096, 0
9931, 830334, 1, 4096, 0
9931, 7061, 1, 4096, 0
9931, 3073, 1, 4096, 0
9931, 2835, 1, 4096, 0
9931, 2927, 1, 4096, 0
9931, 3522, 1, 4096, 0
9931, 2854, 1, 4096, 0
9931, 3996, 1, 4096, 0
9934, 3495272, 1, 4096, 0
9934, 3847, 1, 4096, 0
9934, 20086, 1, 4096, 0
9934, 5983, 1, 4096, 0
9934, 2984, 1, 4096, 0
9934, 2659, 1, 4096, 0
9934, 3432, 1, 4096, 0
9934, 2126, 1, 4096, 0
9934, 3471, 1, 4096, 0
9934, 2143, 1, 4096, 0
9937, 2694379, 1, 4096, 0
9937, 5691, 1, 4096, 0
9937, 2566, 1, 4096, 0
9937, 3768, 1, 4096, 0
9937, 271689, 1, 4096, 0
9937, 142346, 1, 4096, 0
9939, 1455726, 1, 4096, 0
9939, 6733, 1, 4096, 0
9939, 2389, 1, 4096, 0
9939, 2287, 1, 4096, 0
9939, 2760, 1, 4096, 0
9939, 2774, 1, 4096, 0
9941, 2040584, 1, 4096, 0
9941, 7694, 1, 4096, 0
9941, 3705, 1, 4096, 0
9941, 4292, 1, 4096, 0
9941, 536007, 1, 4096, 0
9942, 108972, 1, 4096, 0
9942, 7557, 1, 4096, 0
9943, 1290725, 1, 4096, 0
9945, 1665943, 1, 4096, 0
9945, 60049, 1, 4096, 0
9945, 135633, 1, 4096, 0
9945, 3766, 1, 4096, 0
9945, 2783, 1, 4096, 0
9945, 153345, 1, 4096, 0
9945, 189920, 1, 4096, 0
9945, 4404, 1, 4096, 0
9947, 1812557, 1, 4096, 0
9947, 325219, 1, 4096, 0
9947, 121320, 1, 4096, 0
9948, 584183, 1, 4096, 0
9948, 6011, 1, 4096, 0
9948, 211817, 1, 4096, 0
9949, 887408, 1, 4096, 0
9949, 28397, 1, 4096, 0
9949, 232587, 1, 4096, 0
9950, 164939, 1, 4096, 0
9951, 1425704, 1, 4096, 0
9951, 5914, 1, 4096, 0
9951, 2593, 1, 4096, 0
9951, 142634, 1, 4096, 0
9952, 1048381, 1, 4096, 0
9952, 6149, 1, 4096, 0
9953, 377230, 1, 4096, 0
9953, 43221, 1, 4096, 0
9953, 285019, 1, 4096, 0
9955, 1792415, 1, 4096, 0
9955, 7455, 1, 4096, 0
9956, 1179254, 1, 4096, 0
9956, 5768, 1, 4096, 0
9956, 3270, 1, 4096, 0
9956, 3123, 1, 4096, 0
9957, 770130, 1, 4096, 0
9957, 8503, 1, 4096, 0
9957, 4799, 1, 4096, 0
9957, 3428, 1, 4096, 0
9957, 3936, 1, 4096, 0
9957, 4266, 1, 4096, 0
9957, 3661, 1, 4096, 0
9957, 3713, 1, 4096, 0
9958, 1132165, 1, 4096, 0
9958, 7754, 1, 4096, 0
9959, 1183553, 1, 4096, 0
9959, 6910, 1, 4096, 0
9959, 188944, 1, 4096, 0
9960, 653680, 1, 4096, 0
9961, 726880, 1, 4096, 0
9961, 5865, 1, 4096, 0
9962, 832221, 1, 4096, 0
9962, 4690, 1, 4096, 0
9963, 1653738, 1, 4096, 0
9963, 4851, 1, 4096, 0
9963, 32277, 1, 4096, 0
9964, 299095, 1, 4096, 0
9965, 1314337, 1, 4096, 0
9965, 8663, 1, 4096, 0
9965, 3794, 1, 4096, 0
9965, 3968, 1, 4096, 0
9965, 3736, 1, 4096, 0
9965, 3527, 1, 4096, 0
9965, 2642, 1, 4096, 0
9965, 2647, 1, 4096, 0
9967, 1787053, 1, 4096, 0
9968, 1293042, 1, 4096, 0
9968, 9162, 1, 4096, 0
9968, 6158, 1, 4096, 0
9968, 2534, 1, 4096, 0
9969, 741761, 1, 4096, 0
9969, 14756, 1, 4096, 0
9969, 3538, 1, 4096, 0
9970, 1315673, 1, 4096, 0
9972, 1682219, 1, 4096, 0
9972, 7713, 1, 4096, 0
9972, 3921, 1, 4096, 0
9972, 5477, 1, 4096, 0
9972, 399427, 1, 4096, 0
9972, 166256, 1, 4096, 0
9972, 6837, 1, 4096, 0
9973, 810676, 1, 4096, 0
9973, 6994, 1, 4096, 0
9973, 3599, 1, 4096, 0
9973, 2639, 1, 4096, 0
9973, 3208, 1, 4096, 0
9973, 3064, 1, 4096, 0
9973, 2149, 1, 4096, 0
9973, 4261, 1, 4096, 0
9976, 2766010, 1, 4096, 0
9976, 8635, 1, 4096, 0
9976, 279564, 1, 4096, 0
9976, 10265, 1, 4096, 0
9976, 2086, 1, 4096, 0
9976, 2083, 1, 4096, 0
9976, 2847, 1, 4096, 0
9976, 2823, 1, 4096, 0
9976, 2739, 1, 4096, 0
9976, 3998, 1, 4096, 0
9980, 3872365, 1, 4096, 0
9980, 8907, 1, 4096, 0
9980, 2461, 1, 4096, 0
9980, 1800, 1, 4096, 0
9980, 2878, 1, 4096, 0
9980, 4809, 1, 4096, 0
9980, 2481, 1, 4096, 0
9981, 528546, 1, 4096, 0
9981, 7266, 1, 4096, 0
9981, 4084, 1, 4096, 0
9981, 3235, 1, 4096, 0
9981, 3379, 1, 4096, 0
9981, 3438, 1, 4096, 0
9981, 4121, 1, 4096, 0
9981, 3593, 1, 4096, 0
9981, 497968, 1, 4096, 0
9981, 4497, 1, 4096, 0
9981, 2955, 1, 4096, 0
9981, 91719, 1, 4096, 0
9981, 9567, 1, 4096, 0
9983, 1262348, 1, 4096, 0
9985, 1799039, 1, 4096, 0
9985, 4935, 1, 4096, 0
9985, 348078, 1, 4096, 0
9986, 899926, 1, 4096, 0
9986, 5588, 1, 4096, 0
9986, 381110, 1, 4096, 0
9986, 277448, 1, 4096, 0
9987, 204385, 1, 4096, 0
9989, 2181417, 1, 4096, 0
9989, 7530, 1, 4096, 0
9989, 3868, 1, 4096, 0
9989, 2876, 1, 4096, 0
9989, 3269, 1, 4096, 0
9989, 3634, 1, 4096, 0
9991, 2298805, 1, 4096, 0
9991, 5820, 1, 4096, 0
9991, 2761, 1, 4096, 0
9991, 3151, 1, 4096, 0
9992, 323205, 1, 4096, 0
9993, 959379, 1, 4096, 0
9993, 219798, 1, 4096, 0
9993, 6551, 1, 4096, 0
9993, 3193, 1, 4096, 0
9993, 3560, 1, 4096, 0
9993, 211183, 1, 4096, 0
9993, 6325, 1, 4096, 0
9993, 2710, 1, 4096, 0
9993, 2412, 1, 4096, 0
9993, 3116, 1, 4096, 0
9993, 3266, 1, 4096, 0
9993, 2975, 1, 4096, 0
9993, 2441, 1, 4096, 0
9994, 1100932, 1, 4096, 0
9994, 240267, 1, 4096, 0
9995, 625908, 1, 4096, 0
9995, 5124, 1, 4096, 0
9995, 3118, 1, 4096, 0
9995, 2267, 1, 4096, 0
9995, 2591, 1, 4096, 0
9995, 2073, 1, 4096, 0
9995, 2111, 1, 4096, 0
9996, 215932, 1, 4096, 0
9996, 528007, 1, 4096, 0
9997, 989561, 1, 4096, 0
9997, 5577, 1, 4096, 0
9997, 3186, 1, 4096, 0
9997, 3189, 1, 4096, 0
9998, 350585, 1, 4096, 0
9998, 156809, 1, 4096, 0
9998, 81633, 1, 4096, 0
9998, 52478, 1, 4096, 0
9998, 518112, 1, 4096, 0
9998, 74414, 1, 4096, 0
9999, 362957, 1, 4096, 0
9999, 139780, 1, 4096, 0
10000, 1067865, 1, 4096, 0
