100, 1610177, 1, 0, 0
200, 1541740, 1, 0, 0
300, 1507995, 1, 0, 0
400, 1522966, 1, 0, 0
500, 1459848, 1, 0, 0
600, 1495375, 1, 0, 0
701, 1458615, 1, 0, 0
800, 1546724, 1, 0, 0
901, 1528571, 1, 0, 0
1000, 1494666, 1, 0, 0
1101, 1575816, 1, 0, 0
1200, 1464297, 1, 0, 0
1300, 1459825, 1, 0, 0
1400, 1485801, 1, 0, 0
1500, 1473911, 1, 0, 0
1600, 1486310, 1, 0, 0
1700, 1430734, 1, 0, 0
1800, 1383863, 1, 0, 0
1900, 1522391, 1, 0, 0
2000, 1524663, 1, 0, 0
2100, 1479578, 1, 0, 0
2200, 1574632, 1, 0, 0
2300, 1516670, 1, 0, 0
2400, 1586239, 1, 0, 0
2500, 1564556, 1, 0, 0
2601, 1414024, 1, 0, 0
2700, 1483121, 1, 0, 0
2800, 1443107, 1, 0, 0
2901, 1478036, 1, 0, 0
3003, 1697884, 1, 0, 0
3100, 1456700, 1, 0, 0
3200, 1419066, 1, 0, 0
3300, 1540651, 1, 0, 0
3400, 1556554, 1, 0, 0
3500, 1516054, 1, 0, 0
3600, 1516235, 1, 0, 0
3700, 1502404, 1, 0, 0
3800, 1449243, 1, 0, 0
3901, 1457693, 1, 0, 0
4002, 1584938, 1, 0, 0
4100, 1608888, 1, 0, 0
4200, 1445729, 1, 0, 0
4301, 1451070, 1, 0, 0
4400, 1483519, 1, 0, 0
4500, 1537026, 1, 0, 0
4600, 1514770, 1, 0, 0
4700, 1511876, 1, 0, 0
4801, 1574456, 1, 0, 0
4901, 1442852, 1, 0, 0
5001, 1447333, 1, 0, 0
5101, 1489293, 1, 0, 0
5200, 1415718, 1, 0, 0
5300, 1529024, 1, 0, 0
5401, 1510596, 1, 0, 0
5500, 1452333, 1, 0, 0
5600, 1520868, 1, 0, 0
5700, 1441168, 1, 0, 0
5800, 1429691, 1, 0, 0
5900, 1511013, 1, 0, 0
6000, 1513486, 1, 0, 0
6100, 1488900, 1, 0, 0
6201, 1522817, 1, 0, 0
6300, 1436889, 1, 0, 0
6400, 1401349, 1, 0, 0
6501, 1576781, 1, 0, 0
6601, 1495441, 1, 0, 0
6700, 1482067, 1, 0, 0
6801, 1409311, 1, 0, 0
6900, 1433491, 1, 0, 0
7000, 1456162, 1, 0, 0
7100, 1505726, 1, 0, 0
7201, 1458990, 1, 0, 0
7300, 1412352, 1, 0, 0
7401, 1438714, 1, 0, 0
7500, 1392063, 1, 0, 0
7600, 1411071, 1, 0, 0
7700, 1444027, 1, 0, 0
7801, 1506011, 1, 0, 0
7901, 1560428, 1, 0, 0
8001, 1448788, 1, 0, 0
8100, 1416721, 1, 0, 0
8201, 1411281, 1, 0, 0
8300, 1510221, 1, 0, 0
8401, 1475183, 1, 0, 0
8500, 1391167, 1, 0, 0
8600, 1489760, 1, 0, 0
8700, 1497621, 1, 0, 0
8801, 1456943, 1, 0, 0
8900, 1434255, 1, 0, 0
9000, 1406154, 1, 0, 0
9100, 1543360, 1, 0, 0
9200, 1525032, 1, 0, 0
9300, 1471600, 1, 0, 0
9400, 1409355, 1, 0, 0
9501, 1442643, 1, 0, 0
9600, 1501373, 1, 0, 0
9700, 1378664, 1, 0, 0
9800, 1488379, 1, 0, 0
9901, 1507625, 1, 0, 0
10000, 1495597, 1, 0, 0
10100, 1469366, 1, 0, 0
10200, 1469772, 1, 0, 0
10300, 1476227, 1, 0, 0
10401, 1429379, 1, 0, 0
10502, 1504028, 1, 0, 0
10601, 1467427, 1, 0, 0
10701, 1438565, 1, 0, 0
10801, 1514944, 1, 0, 0
10900, 1470539, 1, 0, 0
11000, 1514735, 1, 0, 0
11100, 1540082, 1, 0, 0
11200, 1496403, 1, 0, 0
11300, 1441744, 1, 0, 0
11400, 1493518, 1, 0, 0
11501, 1540360, 1, 0, 0
11600, 1467374, 1, 0, 0
11700, 1483568, 1, 0, 0
11800, 1441103, 1, 0, 0
11901, 1462468, 1, 0, 0
12000, 1453969, 1, 0, 0
12100, 1429360, 1, 0, 0
12201, 1400679, 1, 0, 0
12300, 1529130, 1, 0, 0
12400, 1479943, 1, 0, 0
12500, 1448263, 1, 0, 0
12600, 1494404, 1, 0, 0
12700, 1493118, 1, 0, 0
12800, 1442437, 1, 0, 0
12901, 1457275, 1, 0, 0
13000, 1485830, 1, 0, 0
13100, 1549041, 1, 0, 0
13200, 1501605, 1, 0, 0
13300, 1484373, 1, 0, 0
13400, 1386071, 1, 0, 0
13500, 1450448, 1, 0, 0
13600, 1555206, 1, 0, 0
13701, 1503890, 1, 0, 0
13800, 1500975, 1, 0, 0
13900, 1466245, 1, 0, 0
14000, 1427618, 1, 0, 0
14101, 1481822, 1, 0, 0
14200, 1461761, 1, 0, 0
14300, 1505622, 1, 0, 0
14400, 1476555, 1, 0, 0
14500, 1484676, 1, 0, 0
14601, 1545752, 1, 0, 0
14700, 1532730, 1, 0, 0
14800, 1503726, 1, 0, 0
14900, 1479876, 1, 0, 0
15000, 1434678, 1, 0, 0
15100, 1470533, 1, 0, 0
15200, 1407226, 1, 0, 0
15300, 1472631, 1, 0, 0
15400, 1427727, 1, 0, 0
15500, 1561864, 1, 0, 0
15601, 1429489, 1, 0, 0
15700, 1457096, 1, 0, 0
15800, 1490194, 1, 0, 0
15900, 1452654, 1, 0, 0
16001, 1502495, 1, 0, 0
16101, 1468642, 1, 0, 0
16200, 1496124, 1, 0, 0
16300, 1456874, 1, 0, 0
16400, 1359947, 1, 0, 0
16500, 1411487, 1, 0, 0
16601, 1430110, 1, 0, 0
16700, 1462877, 1, 0, 0
16801, 1496908, 1, 0, 0
16900, 1437883, 1, 0, 0
17000, 1582437, 1, 0, 0
17100, 1465530, 1, 0, 0
17201, 1461346, 1, 0, 0
17301, 1474181, 1, 0, 0
17400, 1476860, 1, 0, 0
17501, 1419790, 1, 0, 0
17600, 1479543, 1, 0, 0
17700, 1563906, 1, 0, 0
17801, 1494308, 1, 0, 0
17900, 1417072, 1, 0, 0
18000, 1423776, 1, 0, 0
18100, 1456180, 1, 0, 0
18200, 1415384, 1, 0, 0
18300, 1492369, 1, 0, 0
18400, 1453953, 1, 0, 0
18500, 1419990, 1, 0, 0
18600, 1444678, 1, 0, 0
18700, 1434157, 1, 0, 0
18800, 1511349, 1, 0, 0
18900, 1466298, 1, 0, 0
19000, 1422997, 1, 0, 0
19102, 1476595, 1, 0, 0
19200, 1382669, 1, 0, 0
19300, 1420445, 1, 0, 0
19400, 1535565, 1, 0, 0
19500, 1475595, 1, 0, 0
19600, 1518830, 1, 0, 0
19700, 1475815, 1, 0, 0
19800, 1546736, 1, 0, 0
19900, 1511744, 1, 0, 0
20001, 1439690, 1, 0, 0
20100, 1471102, 1, 0, 0
20200, 1444956, 1, 0, 0
20300, 1476525, 1, 0, 0
20400, 1430503, 1, 0, 0
20501, 1429058, 1, 0, 0
20600, 1484937, 1, 0, 0
20701, 1375262, 1, 0, 0
20801, 1408977, 1, 0, 0
20900, 1494805, 1, 0, 0
21001, 1447549, 1, 0, 0
21100, 1448003, 1, 0, 0
21200, 1363365, 1, 0, 0
21301, 1403529, 1, 0, 0
21400, 1376852, 1, 0, 0
21500, 1452017, 1, 0, 0
21600, 1469041, 1, 0, 0
21701, 1391464, 1, 0, 0
21800, 1433217, 1, 0, 0
21900, 1446076, 1, 0, 0
22000, 1511502, 1, 0, 0
22101, 1405797, 1, 0, 0
22200, 1500630, 1, 0, 0
22301, 1501416, 1, 0, 0
22400, 1493538, 1, 0, 0
22500, 1376474, 1, 0, 0
22600, 1403768, 1, 0, 0
22700, 1400433, 1, 0, 0
22801, 1388021, 1, 0, 0
22900, 1471032, 1, 0, 0
23001, 1322567, 1, 0, 0
23100, 1375117, 1, 0, 0
23200, 1489029, 1, 0, 0
23301, 1447884, 1, 0, 0
23400, 1546772, 1, 0, 0
23501, 1429618, 1, 0, 0
23600, 1484319, 1, 0, 0
23701, 1434798, 1, 0, 0
23800, 1528377, 1, 0, 0
23900, 1443158, 1, 0, 0
24000, 1431697, 1, 0, 0
24101, 1484431, 1, 0, 0
24200, 1406722, 1, 0, 0
24300, 1424209, 1, 0, 0
24401, 1377868, 1, 0, 0
24500, 1459198, 1, 0, 0
24600, 1422718, 1, 0, 0
24700, 1428137, 1, 0, 0
24800, 1449749, 1, 0, 0
24900, 1473729, 1, 0, 0
25000, 1439054, 1, 0, 0
25100, 1521646, 1, 0, 0
25200, 1501880, 1, 0, 0
25301, 1380286, 1, 0, 0
25401, 1427996, 1, 0, 0
25501, 1452418, 1, 0, 0
25600, 1472865, 1, 0, 0
25701, 1399413, 1, 0, 0
25801, 1408212, 1, 0, 0
25900, 1483010, 1, 0, 0
26000, 1415896, 1, 0, 0
26100, 1407266, 1, 0, 0
26201, 1463451, 1, 0, 0
26300, 1461983, 1, 0, 0
26400, 1420179, 1, 0, 0
26501, 1419855, 1, 0, 0
26600, 1420081, 1, 0, 0
26701, 1392825, 1, 0, 0
26801, 1421495, 1, 0, 0
26900, 1504158, 1, 0, 0
27001, 1459684, 1, 0, 0
27100, 1524688, 1, 0, 0
27200, 1463443, 1, 0, 0
27300, 1453488, 1, 0, 0
27400, 1388604, 1, 0, 0
27500, 1407895, 1, 0, 0
27600, 1424656, 1, 0, 0
27700, 1484632, 1, 0, 0
27801, 1366546, 1, 0, 0
27900, 1425703, 1, 0, 0
28000, 1416383, 1, 0, 0
28101, 1455140, 1, 0, 0
28200, 1436434, 1, 0, 0
28301, 1370907, 1, 0, 0
28400, 1459854, 1, 0, 0
28501, 1415422, 1, 0, 0
28600, 1347320, 1, 0, 0
28700, 1405441, 1, 0, 0
28800, 1355782, 1, 0, 0
28900, 1470326, 1, 0, 0
29000, 1396082, 1, 0, 0
29100, 1380641, 1, 0, 0
29200, 1474122, 1, 0, 0
29300, 1419848, 1, 0, 0
29401, 1482886, 1, 0, 0
29500, 1504986, 1, 0, 0
29601, 1397211, 1, 0, 0
29700, 1357497, 1, 0, 0
29800, 1427239, 1, 0, 0
29900, 1400613, 1, 0, 0
30001, 1436195, 1, 0, 0
30100, 1419852, 1, 0, 0
30200, 1443196, 1, 0, 0
30300, 1476105, 1, 0, 0
30401, 1434218, 1, 0, 0
30500, 1420259, 1, 0, 0
30601, 1452476, 1, 0, 0
30700, 1417550, 1, 0, 0
30801, 1374160, 1, 0, 0
30901, 1389298, 1, 0, 0
31000, 1433125, 1, 0, 0
31100, 1442729, 1, 0, 0
31200, 1475565, 1, 0, 0
31300, 1443787, 1, 0, 0
31400, 1409577, 1, 0, 0
31500, 1430869, 1, 0, 0
31600, 1478748, 1, 0, 0
31700, 1431637, 1, 0, 0
31800, 1487312, 1, 0, 0
31900, 1365517, 1, 0, 0
32001, 1442610, 1, 0, 0
32100, 1456447, 1, 0, 0
32200, 1393449, 1, 0, 0
32301, 1450924, 1, 0, 0
32400, 1441202, 1, 0, 0
32501, 1452048, 1, 0, 0
32600, 1421213, 1, 0, 0
32701, 1473936, 1, 0, 0
32801, 1429762, 1, 0, 0
32900, 1387844, 1, 0, 0
33000, 1411882, 1, 0, 0
33101, 1464505, 1, 0, 0
33200, 1416352, 1, 0, 0
33300, 1505568, 1, 0, 0
33400, 1445143, 1, 0, 0
33500, 1452510, 1, 0, 0
33601, 1391770, 1, 0, 0
33700, 1461176, 1, 0, 0
33800, 1474032, 1, 0, 0
33900, 1373412, 1, 0, 0
34000, 1498885, 1, 0, 0
34100, 1311119, 1, 0, 0
34200, 1443507, 1, 0, 0
34300, 1389886, 1, 0, 0
34400, 1448068, 1, 0, 0
34500, 1403138, 1, 0, 0
34601, 1425023, 1, 0, 0
34700, 1391660, 1, 0, 0
34801, 1416765, 1, 0, 0
34900, 1433959, 1, 0, 0
35000, 1385371, 1, 0, 0
35100, 1403525, 1, 0, 0
35200, 1399432, 1, 0, 0
35301, 1431597, 1, 0, 0
35400, 1382577, 1, 0, 0
35500, 1413451, 1, 0, 0
35601, 1529090, 1, 0, 0
35701, 1467692, 1, 0, 0
35800, 1365614, 1, 0, 0
35900, 1463550, 1, 0, 0
36001, 1436557, 1, 0, 0
36101, 1498360, 1, 0, 0
36200, 1388326, 1, 0, 0
36300, 1405241, 1, 0, 0
36400, 1367229, 1, 0, 0
36500, 1407223, 1, 0, 0
36600, 1541346, 1, 0, 0
36700, 1398914, 1, 0, 0
36800, 1509459, 1, 0, 0
36901, 1464849, 1, 0, 0
37000, 1439031, 1, 0, 0
37100, 1459977, 1, 0, 0
37201, 1505047, 1, 0, 0
37300, 1439901, 1, 0, 0
37400, 1380239, 1, 0, 0
37501, 1365630, 1, 0, 0
37600, 1395206, 1, 0, 0
37700, 1442693, 1, 0, 0
37800, 1431879, 1, 0, 0
37900, 1425405, 1, 0, 0
38000, 1372098, 1, 0, 0
38100, 1403880, 1, 0, 0
38201, 1415710, 1, 0, 0
38301, 1465326, 1, 0, 0
38400, 1403956, 1, 0, 0
38500, 1362472, 1, 0, 0
38600, 1363945, 1, 0, 0
38700, 1411089, 1, 0, 0
38800, 1430604, 1, 0, 0
38900, 1482077, 1, 0, 0
39000, 1392905, 1, 0, 0
39101, 1396383, 1, 0, 0
39200, 1473290, 1, 0, 0
39300, 1454555, 1, 0, 0
39401, 1459982, 1, 0, 0
39500, 1370574, 1, 0, 0
39601, 1476050, 1, 0, 0
39700, 1430974, 1, 0, 0
39800, 1372227, 1, 0, 0
39900, 1382891, 1, 0, 0
40001, 1421198, 1, 0, 0
40100, 1343626, 1, 0, 0
40200, 1350154, 1, 0, 0
40300, 1467176, 1, 0, 0
40400, 1408728, 1, 0, 0
40500, 1457188, 1, 0, 0
40600, 1410264, 1, 0, 0
40701, 1434540, 1, 0, 0
40800, 1504717, 1, 0, 0
40900, 1449492, 1, 0, 0
41000, 1464745, 1, 0, 0
41101, 1490643, 1, 0, 0
41200, 1462617, 1, 0, 0
41300, 1513578, 1, 0, 0
41400, 1408111, 1, 0, 0
41501, 1440171, 1, 0, 0
41600, 1454618, 1, 0, 0
41701, 1487022, 1, 0, 0
41801, 1422894, 1, 0, 0
41900, 1463072, 1, 0, 0
42000, 1396193, 1, 0, 0
42100, 1350744, 1, 0, 0
42201, 1384594, 1, 0, 0
42300, 1451265, 1, 0, 0
42400, 1451241, 1, 0, 0
42500, 1462662, 1, 0, 0
42600, 1437230, 1, 0, 0
42700, 1436816, 1, 0, 0
42800, 1424442, 1, 0, 0
42900, 1388120, 1, 0, 0
43000, 1456137, 1, 0, 0
43100, 1456386, 1, 0, 0
43200, 1473181, 1, 0, 0
43300, 1496315, 1, 0, 0
43400, 1482493, 1, 0, 0
43501, 1529958, 1, 0, 0
43600, 1437585, 1, 0, 0
43700, 1426800, 1, 0, 0
43800, 1507406, 1, 0, 0
43901, 1602985, 1, 0, 0
44001, 1388626, 1, 0, 0
44101, 1440688, 1, 0, 0
44200, 1459561, 1, 0, 0
44301, 1392657, 1, 0, 0
44400, 1373937, 1, 0, 0
44501, 1351583, 1, 0, 0
44600, 1414110, 1, 0, 0
44700, 1448569, 1, 0, 0
44800, 1421261, 1, 0, 0
44900, 1403727, 1, 0, 0
45000, 1411117, 1, 0, 0
45100, 1359698, 1, 0, 0
45200, 1452240, 1, 0, 0
45300, 1390887, 1, 0, 0
45400, 1445018, 1, 0, 0
45501, 1375202, 1, 0, 0
45600, 1430905, 1, 0, 0
45700, 1407135, 1, 0, 0
45800, 1336668, 1, 0, 0
45900, 1384811, 1, 0, 0
46000, 1465715, 1, 0, 0
46101, 1503944, 1, 0, 0
46200, 1461950, 1, 0, 0
46301, 1478684, 1, 0, 0
46401, 1519048, 1, 0, 0
46500, 1408122, 1, 0, 0
46600, 1330427, 1, 0, 0
46700, 1344180, 1, 0, 0
46800, 1409368, 1, 0, 0
46901, 1401650, 1, 0, 0
47000, 1410941, 1, 0, 0
47100, 1413978, 1, 0, 0
47200, 1513686, 1, 0, 0
47301, 1435542, 1, 0, 0
47400, 1405875, 1, 0, 0
47500, 1351914, 1, 0, 0
47601, 1483758, 1, 0, 0
47701, 1465988, 1, 0, 0
47800, 1377901, 1, 0, 0
47900, 1344689, 1, 0, 0
48000, 1413706, 1, 0, 0
48100, 1461298, 1, 0, 0
48200, 1405055, 1, 0, 0
48300, 1413107, 1, 0, 0
48400, 1391009, 1, 0, 0
48500, 1416002, 1, 0, 0
48600, 1367734, 1, 0, 0
48700, 1340145, 1, 0, 0
48800, 1321086, 1, 0, 0
48900, 1410933, 1, 0, 0
49000, 1422710, 1, 0, 0
49100, 1366663, 1, 0, 0
49201, 1402622, 1, 0, 0
49300, 1410235, 1, 0, 0
49400, 1438058, 1, 0, 0
49500, 1385966, 1, 0, 0
49600, 1442135, 1, 0, 0
49700, 1364420, 1, 0, 0
49800, 1357253, 1, 0, 0
49900, 1376631, 1, 0, 0
50001, 1420924, 1, 0, 0
50100, 1435119, 1, 0, 0
50200, 1366107, 1, 0, 0
50300, 1416156, 1, 0, 0
50400, 1363967, 1, 0, 0
50500, 1392531, 1, 0, 0
50600, 1395204, 1, 0, 0
50701, 1343396, 1, 0, 0
50800, 1400694, 1, 0, 0
50900, 1484185, 1, 0, 0
51001, 1526385, 1, 0, 0
51100, 1480225, 1, 0, 0
51201, 1397816, 1, 0, 0
51301, 1424836, 1, 0, 0
51400, 1439617, 1, 0, 0
51500, 1472982, 1, 0, 0
51601, 1390410, 1, 0, 0
51700, 1402527, 1, 0, 0
51800, 1533220, 1, 0, 0
51901, 1371939, 1, 0, 0
52000, 1363649, 1, 0, 0
52101, 1390334, 1, 0, 0
52200, 1385115, 1, 0, 0
52301, 1411181, 1, 0, 0
52400, 1393991, 1, 0, 0
52501, 1418225, 1, 0, 0
52600, 1372426, 1, 0, 0
52700, 1430007, 1, 0, 0
52800, 1470378, 1, 0, 0
52901, 1433119, 1, 0, 0
53000, 1377770, 1, 0, 0
53100, 1427400, 1, 0, 0
53200, 1364569, 1, 0, 0
53300, 1387689, 1, 0, 0
53400, 1455358, 1, 0, 0
53501, 1492691, 1, 0, 0
53600, 1397215, 1, 0, 0
53700, 1389782, 1, 0, 0
53801, 1377952, 1, 0, 0
53900, 1456950, 1, 0, 0
54000, 1428709, 1, 0, 0
54100, 1400952, 1, 0, 0
54201, 1461315, 1, 0, 0
54301, 1366013, 1, 0, 0
54401, 1468265, 1, 0, 0
54500, 1360962, 1, 0, 0
54600, 1404431, 1, 0, 0
54700, 1423889, 1, 0, 0
54800, 1375996, 1, 0, 0
54901, 1502766, 1, 0, 0
55000, 1390823, 1, 0, 0
55100, 1410071, 1, 0, 0
55200, 1349029, 1, 0, 0
55300, 1331511, 1, 0, 0
55401, 1378689, 1, 0, 0
55500, 1414874, 1, 0, 0
55600, 1434932, 1, 0, 0
55701, 1366102, 1, 0, 0
55800, 1418322, 1, 0, 0
55901, 1335495, 1, 0, 0
56000, 1418191, 1, 0, 0
56100, 1423967, 1, 0, 0
56201, 1416507, 1, 0, 0
56300, 1398880, 1, 0, 0
56401, 1379349, 1, 0, 0
56500, 1431090, 1, 0, 0
56600, 1404918, 1, 0, 0
56701, 1403143, 1, 0, 0
56800, 1305202, 1, 0, 0
56900, 1466625, 1, 0, 0
57000, 1409341, 1, 0, 0
57100, 1420855, 1, 0, 0
57200, 1407362, 1, 0, 0
57300, 1352931, 1, 0, 0
57401, 1284837, 1, 0, 0
57500, 1413852, 1, 0, 0
57600, 1411177, 1, 0, 0
57701, 1357024, 1, 0, 0
57801, 1387332, 1, 0, 0
57901, 1384608, 1, 0, 0
58000, 1323441, 1, 0, 0
58101, 1414317, 1, 0, 0
58201, 1515089, 1, 0, 0
58300, 1442045, 1, 0, 0
58400, 1386295, 1, 0, 0
58500, 1381549, 1, 0, 0
58600, 1298008, 1, 0, 0
58701, 1435010, 1, 0, 0
58801, 1347161, 1, 0, 0
58900, 1394594, 1, 0, 0
59001, 1421214, 1, 0, 0
59100, 1333556, 1, 0, 0
59201, 1326780, 1, 0, 0
59300, 1380318, 1, 0, 0
59400, 1372567, 1, 0, 0
59500, 1508636, 1, 0, 0
59600, 1332867, 1, 0, 0
59700, 1419416, 1, 0, 0
59801, 1396704, 1, 0, 0
59900, 1346131, 1, 0, 0
60000, 1359850, 1, 0, 0
60101, 1333606, 1, 0, 0
60200, 1346117, 1, 0, 0
60300, 1357890, 1, 0, 0
60401, 1302164, 1, 0, 0
60500, 1396637, 1, 0, 0
60601, 1339297, 1, 0, 0
60701, 1386599, 1, 0, 0
60801, 1406178, 1, 0, 0
60901, 1388461, 1, 0, 0
61000, 1452670, 1, 0, 0
61100, 1352750, 1, 0, 0
61200, 1347153, 1, 0, 0
61300, 1373395, 1, 0, 0
61400, 1368568, 1, 0, 0
61500, 1404386, 1, 0, 0
61600, 1389315, 1, 0, 0
61701, 1382076, 1, 0, 0
61800, 1402165, 1, 0, 0
61900, 1342147, 1, 0, 0
62000, 1359711, 1, 0, 0
62100, 1347755, 1, 0, 0
62200, 1406435, 1, 0, 0
62300, 1356630, 1, 0, 0
62400, 1313700, 1, 0, 0
62500, 1339815, 1, 0, 0
62600, 1341425, 1, 0, 0
62701, 1392624, 1, 0, 0
62801, 1347675, 1, 0, 0
62900, 1300009, 1, 0, 0
63000, 1409562, 1, 0, 0
63100, 1403405, 1, 0, 0
63200, 1387729, 1, 0, 0
63300, 1386025, 1, 0, 0
63400, 1425764, 1, 0, 0
63500, 1424304, 1, 0, 0
63600, 1315948, 1, 0, 0
63700, 1376305, 1, 0, 0
63800, 1365589, 1, 0, 0
63901, 1392036, 1, 0, 0
64000, 1341681, 1, 0, 0
64100, 1360743, 1, 0, 0
64200, 1448042, 1, 0, 0
64300, 1413281, 1, 0, 0
64400, 1372698, 1, 0, 0
64500, 1436434, 1, 0, 0
64600, 1488802, 1, 0, 0
64700, 1396418, 1, 0, 0
64800, 1344813, 1, 0, 0
64900, 1315420, 1, 0, 0
65000, 1347504, 1, 0, 0
65100, 1407981, 1, 0, 0
65200, 1344703, 1, 0, 0
65300, 1409122, 1, 0, 0
65400, 1400288, 1, 0, 0
65501, 1400580, 1, 0, 0
65601, 1427446, 1, 0, 0
65700, 1371950, 1, 0, 0
65801, 1328942, 1, 0, 0
65900, 1353373, 1, 0, 0
66001, 1363537, 1, 0, 0
66100, 1290926, 1, 0, 0
66200, 1380553, 1, 0, 0
66301, 1339834, 1, 0, 0
66401, 1351531, 1, 0, 0
66501, 1294595, 1, 0, 0
66601, 1414629, 1, 0, 0
66700, 1370682, 1, 0, 0
66800, 1408469, 1, 0, 0
66900, 1420606, 1, 0, 0
67000, 1406065, 1, 0, 0
67100, 1409925, 1, 0, 0
67200, 1343596, 1, 0, 0
67300, 1409397, 1, 0, 0
67400, 1353819, 1, 0, 0
67500, 1425873, 1, 0, 0
67600, 1429731, 1, 0, 0
67701, 1435800, 1, 0, 0
67800, 1376257, 1, 0, 0
67900, 1379285, 1, 0, 0
68000, 1368896, 1, 0, 0
68100, 1340747, 1, 0, 0
68200, 1381918, 1, 0, 0
68301, 1356215, 1, 0, 0
68401, 1316567, 1, 0, 0
68502, 1437000, 1, 0, 0
68600, 1427526, 1, 0, 0
68700, 1345993, 1, 0, 0
68800, 1354540, 1, 0, 0
68900, 1444461, 1, 0, 0
69001, 1375486, 1, 0, 0
69100, 1361903, 1, 0, 0
69201, 1352129, 1, 0, 0
69300, 1308550, 1, 0, 0
69401, 1320278, 1, 0, 0
69500, 1398054, 1, 0, 0
69600, 1468278, 1, 0, 0
69700, 1381885, 1, 0, 0
69800, 1374987, 1, 0, 0
69901, 1301799, 1, 0, 0
70000, 1376875, 1, 0, 0
70100, 1362712, 1, 0, 0
70201, 1291919, 1, 0, 0
70300, 1378659, 1, 0, 0
70400, 1402650, 1, 0, 0
70500, 1349644, 1, 0, 0
70600, 1354368, 1, 0, 0
70701, 1358141, 1, 0, 0
70800, 1440567, 1, 0, 0
70900, 1347784, 1, 0, 0
71000, 1429526, 1, 0, 0
71100, 1375794, 1, 0, 0
71200, 1320728, 1, 0, 0
71301, 1318696, 1, 0, 0
71400, 1444452, 1, 0, 0
71500, 1342997, 1, 0, 0
71601, 1362012, 1, 0, 0
71701, 1363441, 1, 0, 0
71801, 1405772, 1, 0, 0
71900, 1433528, 1, 0, 0
72000, 1324780, 1, 0, 0
72100, 1398371, 1, 0, 0
72200, 1345801, 1, 0, 0
72301, 1406725, 1, 0, 0
72401, 1428217, 1, 0, 0
72500, 1364274, 1, 0, 0
72600, 1350749, 1, 0, 0
72700, 1336968, 1, 0, 0
72800, 1363373, 1, 0, 0
72900, 1265726, 1, 0, 0
73000, 1351023, 1, 0, 0
73100, 1404982, 1, 0, 0
73200, 1399157, 1, 0, 0
73300, 1338127, 1, 0, 0
73400, 1354326, 1, 0, 0
73501, 1354615, 1, 0, 0
73600, 1418175, 1, 0, 0
73700, 1349149, 1, 0, 0
73800, 1386960, 1, 0, 0
73900, 1370393, 1, 0, 0
74000, 1320463, 1, 0, 0
74100, 1374897, 1, 0, 0
74200, 1438365, 1, 0, 0
74300, 1352334, 1, 0, 0
74400, 1349840, 1, 0, 0
74500, 1310521, 1, 0, 0
74601, 1326294, 1, 0, 0
74700, 1337885, 1, 0, 0
74800, 1429306, 1, 0, 0
74900, 1367514, 1, 0, 0
75000, 1412622, 1, 0, 0
75100, 1406572, 1, 0, 0
75200, 1405091, 1, 0, 0
75300, 1487129, 1, 0, 0
75400, 1403044, 1, 0, 0
75502, 1371662, 1, 0, 0
75601, 1372708, 1, 0, 0
75700, 1323345, 1, 0, 0
75800, 1345307, 1, 0, 0
75900, 1453035, 1, 0, 0
76000, 1487163, 1, 0, 0
76100, 1424252, 1, 0, 0
76201, 1361719, 1, 0, 0
76301, 1407763, 1, 0, 0
76401, 1282145, 1, 0, 0
76500, 1306238, 1, 0, 0
76600, 1385671, 1, 0, 0
76701, 1412054, 1, 0, 0
76800, 1325760, 1, 0, 0
76900, 1385065, 1, 0, 0
77000, 1347742, 1, 0, 0
77100, 1404331, 1, 0, 0
77201, 1376364, 1, 0, 0
77300, 1384268, 1, 0, 0
77400, 1398375, 1, 0, 0
77500, 1410186, 1, 0, 0
77601, 1366730, 1, 0, 0
77701, 1418187, 1, 0, 0
77801, 1314702, 1, 0, 0
77900, 1431213, 1, 0, 0
78000, 1363900, 1, 0, 0
78100, 1335864, 1, 0, 0
78200, 1336478, 1, 0, 0
78300, 1311140, 1, 0, 0
78400, 1298102, 1, 0, 0
78501, 1397768, 1, 0, 0
78601, 1400388, 1, 0, 0
78700, 1335337, 1, 0, 0
78800, 1356900, 1, 0, 0
78901, 1437300, 1, 0, 0
79000, 1429799, 1, 0, 0
79100, 1405999, 1, 0, 0
79200, 1337215, 1, 0, 0
79301, 1322901, 1, 0, 0
79400, 1378036, 1, 0, 0
79500, 1378164, 1, 0, 0
79600, 1357622, 1, 0, 0
79701, 1396241, 1, 0, 0
79801, 1327327, 1, 0, 0
79902, 1378759, 1, 0, 0
80000, 1264575, 1, 0, 0
80101, 1482509, 1, 0, 0
80200, 1388192, 1, 0, 0
80300, 1390305, 1, 0, 0
80401, 1374245, 1, 0, 0
80501, 1393463, 1, 0, 0
80602, 1432549, 1, 0, 0
80700, 1437678, 1, 0, 0
80801, 1369007, 1, 0, 0
80900, 1348903, 1, 0, 0
81001, 1403695, 1, 0, 0
81102, 1273312, 1, 0, 0
81201, 1334493, 1, 0, 0
81300, 1340107, 1, 0, 0
81400, 1406199, 1, 0, 0
81500, 1429403, 1, 0, 0
81600, 1427712, 1, 0, 0
81700, 1403693, 1, 0, 0
81800, 1382721, 1, 0, 0
81900, 1338818, 1, 0, 0
82000, 1386706, 1, 0, 0
82100, 1403754, 1, 0, 0
82200, 1352426, 1, 0, 0
82300, 1424063, 1, 0, 0
82401, 1286887, 1, 0, 0
82501, 1354188, 1, 0, 0
82600, 1410785, 1, 0, 0
82701, 1356496, 1, 0, 0
82800, 1311713, 1, 0, 0
82900, 1420822, 1, 0, 0
83000, 1407430, 1, 0, 0
83100, 1408879, 1, 0, 0
83200, 1419722, 1, 0, 0
83300, 1340465, 1, 0, 0
83401, 1407161, 1, 0, 0
83501, 1405882, 1, 0, 0
83601, 1376095, 1, 0, 0
83700, 1384275, 1, 0, 0
83800, 1341944, 1, 0, 0
83900, 1420172, 1, 0, 0
84000, 1346986, 1, 0, 0
84101, 1290635, 1, 0, 0
84201, 1449963, 1, 0, 0
84300, 1326583, 1, 0, 0
84400, 1373623, 1, 0, 0
84501, 1346593, 1, 0, 0
84601, 1429521, 1, 0, 0
84700, 1351195, 1, 0, 0
84800, 1413359, 1, 0, 0
84900, 1385171, 1, 0, 0
85000, 1383036, 1, 0, 0
85100, 1394236, 1, 0, 0
85200, 1314254, 1, 0, 0
85301, 1389348, 1, 0, 0
85400, 1341895, 1, 0, 0
85501, 1465973, 1, 0, 0
85601, 1329016, 1, 0, 0
85700, 1358495, 1, 0, 0
85801, 1409784, 1, 0, 0
85900, 1360296, 1, 0, 0
86001, 1375534, 1, 0, 0
86100, 1380315, 1, 0, 0
86200, 1408134, 1, 0, 0
86300, 1406543, 1, 0, 0
86400, 1374132, 1, 0, 0
86502, 1379534, 1, 0, 0
86600, 1440421, 1, 0, 0
86701, 1348201, 1, 0, 0
86801, 1396817, 1, 0, 0
86901, 1412902, 1, 0, 0
87000, 1430546, 1, 0, 0
87100, 1335283, 1, 0, 0
87200, 1311450, 1, 0, 0
87300, 1447143, 1, 0, 0
87400, 1412272, 1, 0, 0
87500, 1459999, 1, 0, 0
87600, 1403129, 1, 0, 0
87700, 1357399, 1, 0, 0
87801, 1358404, 1, 0, 0
87901, 1366690, 1, 0, 0
88000, 1397394, 1, 0, 0
88100, 1365981, 1, 0, 0
88200, 1397940, 1, 0, 0
88300, 1391947, 1, 0, 0
88400, 1441678, 1, 0, 0
88500, 1374901, 1, 0, 0
88600, 1386092, 1, 0, 0
88700, 1365238, 1, 0, 0
88800, 1352628, 1, 0, 0
88900, 1443365, 1, 0, 0
89000, 1389687, 1, 0, 0
89101, 1466129, 1, 0, 0
89200, 1402709, 1, 0, 0
89300, 1351822, 1, 0, 0
89400, 1336330, 1, 0, 0
89501, 1380935, 1, 0, 0
89601, 1377252, 1, 0, 0
89701, 1351252, 1, 0, 0
89800, 1356445, 1, 0, 0
89900, 1402062, 1, 0, 0
90001, 1347757, 1, 0, 0
90100, 1377406, 1, 0, 0
90200, 1439406, 1, 0, 0
90301, 1405069, 1, 0, 0
90400, 1368491, 1, 0, 0
90501, 1460925, 1, 0, 0
90600, 1398882, 1, 0, 0
90701, 1338477, 1, 0, 0
90801, 1406840, 1, 0, 0
90900, 1411641, 1, 0, 0
91000, 1397637, 1, 0, 0
91100, 1413794, 1, 0, 0
91200, 1419489, 1, 0, 0
91300, 1394118, 1, 0, 0
91400, 1433988, 1, 0, 0
91501, 1477584, 1, 0, 0
91601, 1402887, 1, 0, 0
91700, 1383222, 1, 0, 0
91800, 1328823, 1, 0, 0
91900, 1465822, 1, 0, 0
92001, 1399244, 1, 0, 0
92100, 1334418, 1, 0, 0
92200, 1396144, 1, 0, 0
92301, 1368887, 1, 0, 0
92401, 1319272, 1, 0, 0
92500, 1410943, 1, 0, 0
92601, 1415340, 1, 0, 0
92701, 1358681, 1, 0, 0
92800, 1407722, 1, 0, 0
92900, 1338567, 1, 0, 0
93000, 1366552, 1, 0, 0
93101, 1449585, 1, 0, 0
93200, 1457251, 1, 0, 0
93300, 1405974, 1, 0, 0
93400, 1383963, 1, 0, 0
93500, 1353383, 1, 0, 0
93600, 1406255, 1, 0, 0
93701, 1365413, 1, 0, 0
93800, 1341811, 1, 0, 0
93900, 1367470, 1, 0, 0
94001, 1391474, 1, 0, 0
94101, 1405740, 1, 0, 0
94201, 1433915, 1, 0, 0
94300, 1427735, 1, 0, 0
94400, 1428418, 1, 0, 0
94501, 1413523, 1, 0, 0
94600, 1343297, 1, 0, 0
94700, 1291138, 1, 0, 0
94801, 1400709, 1, 0, 0
94900, 1362222, 1, 0, 0
95001, 1410270, 1, 0, 0
95100, 1475237, 1, 0, 0
95201, 1444041, 1, 0, 0
95300, 1399887, 1, 0, 0
95400, 1384968, 1, 0, 0
95500, 1404909, 1, 0, 0
95600, 1326562, 1, 0, 0
95701, 1380158, 1, 0, 0
95800, 1419948, 1, 0, 0
95900, 1394843, 1, 0, 0
96000, 1394058, 1, 0, 0
96101, 1378901, 1, 0, 0
96200, 1420505, 1, 0, 0
96300, 1355566, 1, 0, 0
96400, 1342178, 1, 0, 0
96500, 1326168, 1, 0, 0
96600, 1368554, 1, 0, 0
96700, 1425612, 1, 0, 0
96800, 1292930, 1, 0, 0
96900, 1370060, 1, 0, 0
97000, 1446946, 1, 0, 0
97101, 1311506, 1, 0, 0
97201, 1419238, 1, 0, 0
97301, 1353311, 1, 0, 0
97400, 1336566, 1, 0, 0
97500, 1406499, 1, 0, 0
97601, 1360290, 1, 0, 0
97700, 1369875, 1, 0, 0
97800, 1321753, 1, 0, 0
97900, 1423162, 1, 0, 0
98000, 1319110, 1, 0, 0
98100, 1355761, 1, 0, 0
98200, 1406196, 1, 0, 0
98300, 1378815, 1, 0, 0
98400, 1349434, 1, 0, 0
98500, 1296543, 1, 0, 0
98600, 1337141, 1, 0, 0
98702, 1376845, 1, 0, 0
98800, 1282707, 1, 0, 0
98900, 1373521, 1, 0, 0
99001, 1326951, 1, 0, 0
99101, 1369006, 1, 0, 0
99200, 1337656, 1, 0, 0
99300, 1350169, 1, 0, 0
99400, 1381975, 1, 0, 0
99501, 1401750, 1, 0, 0
99600, 1288641, 1, 0, 0
99700, 1366940, 1, 0, 0
99800, 1349113, 1, 0, 0
99900, 1362328, 1, 0, 0
100000, 1324770, 1, 0, 0
100101, 1336317, 1, 0, 0
100202, 1308694, 1, 0, 0
100301, 1393313, 1, 0, 0
100400, 1335759, 1, 0, 0
100500, 1315076, 1, 0, 0
100600, 1353276, 1, 0, 0
100700, 1344263, 1, 0, 0
100800, 1402637, 1, 0, 0
100901, 1362651, 1, 0, 0
101000, 1375697, 1, 0, 0
101100, 1373153, 1, 0, 0
101200, 1325669, 1, 0, 0
101301, 1260106, 1, 0, 0
101400, 1333915, 1, 0, 0
101501, 1342342, 1, 0, 0
101600, 1279030, 1, 0, 0
101700, 1305685, 1, 0, 0
101800, 1351513, 1, 0, 0
101900, 1365481, 1, 0, 0
102000, 1284148, 1, 0, 0
102100, 1366776, 1, 0, 0
102200, 1331198, 1, 0, 0
102300, 1300974, 1, 0, 0
102400, 1377333, 1, 0, 0
102500, 1351364, 1, 0, 0
102601, 1342701, 1, 0, 0
102701, 1348768, 1, 0, 0
102800, 1317558, 1, 0, 0
102901, 1294189, 1, 0, 0
103001, 1367254, 1, 0, 0
103100, 1400202, 1, 0, 0
103200, 1303043, 1, 0, 0
103300, 1336705, 1, 0, 0
103400, 1326579, 1, 0, 0
103501, 1362282, 1, 0, 0
103600, 1338788, 1, 0, 0
103701, 1339266, 1, 0, 0
103800, 1326670, 1, 0, 0
103901, 1306001, 1, 0, 0
104000, 1340669, 1, 0, 0
104100, 1361262, 1, 0, 0
104200, 1347090, 1, 0, 0
104301, 1309638, 1, 0, 0
104400, 1239336, 1, 0, 0
104500, 1350503, 1, 0, 0
104600, 1308844, 1, 0, 0
104701, 1400981, 1, 0, 0
104800, 1353119, 1, 0, 0
104900, 1298831, 1, 0, 0
105000, 1261388, 1, 0, 0
105100, 1265870, 1, 0, 0
105200, 1333294, 1, 0, 0
105300, 1266949, 1, 0, 0
105400, 1340639, 1, 0, 0
105500, 1319808, 1, 0, 0
105600, 1368674, 1, 0, 0
105700, 1308549, 1, 0, 0
105800, 1356720, 1, 0, 0
105900, 1349521, 1, 0, 0
106000, 1294122, 1, 0, 0
106100, 1334445, 1, 0, 0
106200, 1312722, 1, 0, 0
106301, 1357846, 1, 0, 0
106400, 1340929, 1, 0, 0
106500, 1295014, 1, 0, 0
106600, 1305382, 1, 0, 0
106700, 1323597, 1, 0, 0
106801, 1301907, 1, 0, 0
106901, 1294605, 1, 0, 0
107000, 1310642, 1, 0, 0
107100, 1293224, 1, 0, 0
107201, 1290089, 1, 0, 0
107301, 1347420, 1, 0, 0
107401, 1293415, 1, 0, 0
107500, 1308301, 1, 0, 0
107600, 1323763, 1, 0, 0
107701, 1332001, 1, 0, 0
107800, 1296996, 1, 0, 0
107900, 1311776, 1, 0, 0
108000, 1370498, 1, 0, 0
108100, 1374067, 1, 0, 0
108200, 1329791, 1, 0, 0
108300, 1268130, 1, 0, 0
108401, 1355129, 1, 0, 0
108500, 1313716, 1, 0, 0
108600, 1378569, 1, 0, 0
108701, 1334624, 1, 0, 0
108800, 1374936, 1, 0, 0
108900, 1346921, 1, 0, 0
109000, 1323317, 1, 0, 0
109101, 1237426, 1, 0, 0
109200, 1458685, 1, 0, 0
109300, 1278165, 1, 0, 0
109400, 1309159, 1, 0, 0
109500, 1378249, 1, 0, 0
109600, 1417005, 1, 0, 0
109701, 1324667, 1, 0, 0
109801, 1233257, 1, 0, 0
109901, 1319530, 1, 0, 0
110000, 1296310, 1, 0, 0
110100, 1344833, 1, 0, 0
110200, 1289510, 1, 0, 0
110300, 1282543, 1, 0, 0
110401, 1265713, 1, 0, 0
110500, 1392887, 1, 0, 0
110600, 1251180, 1, 0, 0
110700, 1263891, 1, 0, 0
110800, 1382060, 1, 0, 0
110901, 1328046, 1, 0, 0
111000, 1335316, 1, 0, 0
111100, 1264192, 1, 0, 0
111200, 1347640, 1, 0, 0
111300, 1367957, 1, 0, 0
111400, 1349868, 1, 0, 0
111500, 1374876, 1, 0, 0
111600, 1312911, 1, 0, 0
111701, 1336771, 1, 0, 0
111800, 1290852, 1, 0, 0
111901, 1345630, 1, 0, 0
112000, 1218640, 1, 0, 0
112101, 1338526, 1, 0, 0
112200, 1318908, 1, 0, 0
112300, 1302530, 1, 0, 0
112400, 1309843, 1, 0, 0
112500, 1348452, 1, 0, 0
112600, 1275880, 1, 0, 0
112700, 1298013, 1, 0, 0
112800, 1273046, 1, 0, 0
112900, 1253841, 1, 0, 0
113001, 1276068, 1, 0, 0
113100, 1325052, 1, 0, 0
113200, 1295907, 1, 0, 0
113300, 1402242, 1, 0, 0
113400, 1337069, 1, 0, 0
113500, 1322888, 1, 0, 0
113600, 1256725, 1, 0, 0
113700, 1357143, 1, 0, 0
113800, 1280727, 1, 0, 0
113900, 1365726, 1, 0, 0
114000, 1302113, 1, 0, 0
114101, 1299074, 1, 0, 0
114200, 1310632, 1, 0, 0
114300, 1338304, 1, 0, 0
114400, 1310517, 1, 0, 0
114501, 1279576, 1, 0, 0
114600, 1306985, 1, 0, 0
114701, 1328272, 1, 0, 0
114800, 1307642, 1, 0, 0
114901, 1255852, 1, 0, 0
115001, 1294628, 1, 0, 0
115100, 1250516, 1, 0, 0
115200, 1340333, 1, 0, 0
115300, 1331277, 1, 0, 0
115400, 1285922, 1, 0, 0
115500, 1297507, 1, 0, 0
115600, 1349519, 1, 0, 0
115701, 1381607, 1, 0, 0
115800, 1316769, 1, 0, 0
115900, 1324175, 1, 0, 0
116000, 1330945, 1, 0, 0
116100, 1324269, 1, 0, 0
116200, 1448479, 1, 0, 0
116300, 1405357, 1, 0, 0
116401, 1326616, 1, 0, 0
116500, 1304413, 1, 0, 0
116600, 1324980, 1, 0, 0
116700, 1281372, 1, 0, 0
116800, 1287599, 1, 0, 0
116900, 1330088, 1, 0, 0
117000, 1358297, 1, 0, 0
117100, 1280381, 1, 0, 0
117200, 1270820, 1, 0, 0
117301, 1284902, 1, 0, 0
117400, 1300556, 1, 0, 0
117500, 1331479, 1, 0, 0
117600, 1304201, 1, 0, 0
117701, 1371295, 1, 0, 0
117800, 1312884, 1, 0, 0
117901, 1265628, 1, 0, 0
118000, 1311679, 1, 0, 0
118100, 1325450, 1, 0, 0
118200, 1236568, 1, 0, 0
118300, 1227622, 1, 0, 0
118400, 1212190, 1, 0, 0
118500, 1248571, 1, 0, 0
118600, 1269635, 1, 0, 0
118700, 1257183, 1, 0, 0
118801, 1332586, 1, 0, 0
118901, 1363214, 1, 0, 0
119000, 1298498, 1, 0, 0
119100, 1323077, 1, 0, 0
119201, 1300862, 1, 0, 0
119300, 1308048, 1, 0, 0
119400, 1316595, 1, 0, 0
119500, 1290040, 1, 0, 0
119600, 1298402, 1, 0, 0
119700, 1297829, 1, 0, 0
119800, 1266665, 1, 0, 0
119900, 1324800, 1, 0, 0
120000, 1321630, 1, 0, 0
120100, 1280693, 1, 0, 0
120201, 1301129, 1, 0, 0
120301, 1331483, 1, 0, 0
120401, 1347969, 1, 0, 0
120500, 1259343, 1, 0, 0
120600, 1294111, 1, 0, 0
120701, 1324626, 1, 0, 0
120800, 1393177, 1, 0, 0
120900, 1274136, 1, 0, 0
121001, 1343391, 1, 0, 0
121100, 1299730, 1, 0, 0
121200, 1283403, 1, 0, 0
121303, 1369745, 1, 0, 0
121400, 1296867, 1, 0, 0
121501, 1303819, 1, 0, 0
121600, 1322361, 1, 0, 0
121700, 1344525, 1, 0, 0
121800, 1316790, 1, 0, 0
121900, 1285841, 1, 0, 0
122000, 1296589, 1, 0, 0
122100, 1324755, 1, 0, 0
122200, 1367019, 1, 0, 0
122300, 1295320, 1, 0, 0
122400, 1312348, 1, 0, 0
122500, 1351897, 1, 0, 0
122600, 1303409, 1, 0, 0
122700, 1275968, 1, 0, 0
122800, 1264109, 1, 0, 0
122900, 1366319, 1, 0, 0
123000, 1331797, 1, 0, 0
123101, 1306395, 1, 0, 0
123200, 1315636, 1, 0, 0
123300, 1304952, 1, 0, 0
123400, 1288424, 1, 0, 0
123500, 1356604, 1, 0, 0
123600, 1306649, 1, 0, 0
123700, 1316946, 1, 0, 0
123801, 1322868, 1, 0, 0
123900, 1357487, 1, 0, 0
124000, 1283790, 1, 0, 0
124101, 1319111, 1, 0, 0
124201, 1311495, 1, 0, 0
124300, 1373971, 1, 0, 0
124400, 1295444, 1, 0, 0
124500, 1337697, 1, 0, 0
124600, 1313259, 1, 0, 0
124700, 1327642, 1, 0, 0
124801, 1262252, 1, 0, 0
124900, 1290612, 1, 0, 0
125000, 1308680, 1, 0, 0
125100, 1261923, 1, 0, 0
125201, 1305570, 1, 0, 0
125300, 1260702, 1, 0, 0
125400, 1297844, 1, 0, 0
125501, 1352024, 1, 0, 0
125600, 1317480, 1, 0, 0
125700, 1386810, 1, 0, 0
125800, 1342062, 1, 0, 0
125900, 1269412, 1, 0, 0
126000, 1322848, 1, 0, 0
126101, 1354114, 1, 0, 0
126201, 1265687, 1, 0, 0
126300, 1314493, 1, 0, 0
126400, 1373310, 1, 0, 0
126500, 1283250, 1, 0, 0
126601, 1353913, 1, 0, 0
126700, 1344671, 1, 0, 0
126800, 1238879, 1, 0, 0
126900, 1317665, 1, 0, 0
127000, 1298084, 1, 0, 0
127100, 1229264, 1, 0, 0
127200, 1287310, 1, 0, 0
127301, 1335437, 1, 0, 0
127401, 1407049, 1, 0, 0
127500, 1379409, 1, 0, 0
127600, 1289283, 1, 0, 0
127700, 1291585, 1, 0, 0
127800, 1285318, 1, 0, 0
127900, 1325286, 1, 0, 0
128000, 1348242, 1, 0, 0
128100, 1360461, 1, 0, 0
128201, 1362299, 1, 0, 0
128300, 1322004, 1, 0, 0
128401, 1288724, 1, 0, 0
128500, 1273862, 1, 0, 0
128600, 1306653, 1, 0, 0
128700, 1270374, 1, 0, 0
128800, 1279063, 1, 0, 0
128901, 1322396, 1, 0, 0
129000, 1296737, 1, 0, 0
129100, 1336001, 1, 0, 0
129200, 1369602, 1, 0, 0
129301, 1270607, 1, 0, 0
129401, 1334636, 1, 0, 0
129500, 1281320, 1, 0, 0
129600, 1264159, 1, 0, 0
129700, 1351563, 1, 0, 0
129800, 1297757, 1, 0, 0
129900, 1328407, 1, 0, 0
130000, 1330967, 1, 0, 0
130100, 1366602, 1, 0, 0
130200, 1313506, 1, 0, 0
130300, 1231674, 1, 0, 0
130400, 1341443, 1, 0, 0
130500, 1306321, 1, 0, 0
130601, 1360858, 1, 0, 0
130701, 1348402, 1, 0, 0
130800, 1300956, 1, 0, 0
130901, 1291067, 1, 0, 0
131000, 1220886, 1, 0, 0
131100, 1236839, 1, 0, 0
131200, 1279559, 1, 0, 0
131300, 1311249, 1, 0, 0
131400, 1300603, 1, 0, 0
131500, 1331585, 1, 0, 0
131600, 1328606, 1, 0, 0
131700, 1319246, 1, 0, 0
131800, 1269600, 1, 0, 0
131900, 1305562, 1, 0, 0
132001, 1299564, 1, 0, 0
132100, 1289688, 1, 0, 0
132200, 1342520, 1, 0, 0
132301, 1329705, 1, 0, 0
132401, 1299994, 1, 0, 0
132502, 1343069, 1, 0, 0
132600, 1230381, 1, 0, 0
132701, 1301153, 1, 0, 0
132800, 1237844, 1, 0, 0
132900, 1242784, 1, 0, 0
133000, 1283553, 1, 0, 0
133101, 1304641, 1, 0, 0
133201, 1280614, 1, 0, 0
133300, 1290541, 1, 0, 0
133400, 1307151, 1, 0, 0
133500, 1357387, 1, 0, 0
133600, 1261749, 1, 0, 0
133700, 1301997, 1, 0, 0
133800, 1224135, 1, 0, 0
133900, 1314901, 1, 0, 0
134000, 1316709, 1, 0, 0
134100, 1299682, 1, 0, 0
134200, 1226343, 1, 0, 0
134300, 1303329, 1, 0, 0
134400, 1287390, 1, 0, 0
134500, 1341107, 1, 0, 0
134600, 1295277, 1, 0, 0
134701, 1286910, 1, 0, 0
134800, 1372155, 1, 0, 0
134900, 1351283, 1, 0, 0
135000, 1249380, 1, 0, 0
135101, 1341857, 1, 0, 0
135200, 1283906, 1, 0, 0
135300, 1312638, 1, 0, 0
135400, 1355690, 1, 0, 0
135500, 1291774, 1, 0, 0
135600, 1278377, 1, 0, 0
135700, 1321056, 1, 0, 0
135801, 1316380, 1, 0, 0
135900, 1257361, 1, 0, 0
136000, 1313185, 1, 0, 0
136100, 1349146, 1, 0, 0
136201, 1259460, 1, 0, 0
136300, 1257425, 1, 0, 0
136401, 1252451, 1, 0, 0
136500, 1253122, 1, 0, 0
136602, 1334459, 1, 0, 0
136700, 1281668, 1, 0, 0
136800, 1387189, 1, 0, 0
136900, 1323593, 1, 0, 0
137000, 1385231, 1, 0, 0
137100, 1335214, 1, 0, 0
137200, 1291829, 1, 0, 0
137300, 1286186, 1, 0, 0
137400, 1333539, 1, 0, 0
137500, 1305034, 1, 0, 0
137600, 1246798, 1, 0, 0
137700, 1313609, 1, 0, 0
137800, 1263852, 1, 0, 0
137900, 1355023, 1, 0, 0
138000, 1249644, 1, 0, 0
138100, 1255046, 1, 0, 0
138200, 1332046, 1, 0, 0
138301, 1298863, 1, 0, 0
138400, 1282583, 1, 0, 0
138501, 1323707, 1, 0, 0
138600, 1324818, 1, 0, 0
138700, 1288363, 1, 0, 0
138800, 1278690, 1, 0, 0
138900, 1318198, 1, 0, 0
139001, 1290716, 1, 0, 0
139100, 1324115, 1, 0, 0
139200, 1279752, 1, 0, 0
139301, 1255756, 1, 0, 0
139400, 1302036, 1, 0, 0
139500, 1277077, 1, 0, 0
139600, 1312680, 1, 0, 0
139700, 1281364, 1, 0, 0
139800, 1287624, 1, 0, 0
139900, 1271417, 1, 0, 0
140001, 1264719, 1, 0, 0
140101, 1291434, 1, 0, 0
140200, 1337338, 1, 0, 0
140300, 1287129, 1, 0, 0
140400, 1240755, 1, 0, 0
140500, 1238477, 1, 0, 0
140600, 1308496, 1, 0, 0
140700, 1327968, 1, 0, 0
140801, 1292580, 1, 0, 0
140900, 1226354, 1, 0, 0
141000, 1299540, 1, 0, 0
141100, 1322329, 1, 0, 0
141200, 1264759, 1, 0, 0
141301, 1345104, 1, 0, 0
141400, 1303118, 1, 0, 0
141501, 1327132, 1, 0, 0
141600, 1254559, 1, 0, 0
141700, 1208773, 1, 0, 0
141800, 1302156, 1, 0, 0
141900, 1298570, 1, 0, 0
142000, 1295043, 1, 0, 0
142101, 1241196, 1, 0, 0
142200, 1274123, 1, 0, 0
142300, 1294601, 1, 0, 0
142400, 1310215, 1, 0, 0
142500, 1291801, 1, 0, 0
142600, 1290530, 1, 0, 0
142700, 1348329, 1, 0, 0
142800, 1242337, 1, 0, 0
142901, 1241024, 1, 0, 0
143000, 1301538, 1, 0, 0
143101, 1291624, 1, 0, 0
143200, 1290640, 1, 0, 0
143300, 1256830, 1, 0, 0
143401, 1277914, 1, 0, 0
143501, 1278717, 1, 0, 0
143600, 1271515, 1, 0, 0
143700, 1284547, 1, 0, 0
143800, 1244916, 1, 0, 0
143901, 1296001, 1, 0, 0
144000, 1282214, 1, 0, 0
144100, 1244409, 1, 0, 0
144201, 1305950, 1, 0, 0
144300, 1310392, 1, 0, 0
144400, 1262403, 1, 0, 0
144501, 1282972, 1, 0, 0
144600, 1292524, 1, 0, 0
144701, 1268218, 1, 0, 0
144800, 1253211, 1, 0, 0
144901, 1227244, 1, 0, 0
145000, 1309931, 1, 0, 0
145101, 1353466, 1, 0, 0
145200, 1317690, 1, 0, 0
145300, 1297111, 1, 0, 0
145400, 1288265, 1, 0, 0
145500, 1241915, 1, 0, 0
145600, 1336101, 1, 0, 0
145701, 1322220, 1, 0, 0
145801, 1263810, 1, 0, 0
145901, 1293660, 1, 0, 0
146000, 1224065, 1, 0, 0
146101, 1265221, 1, 0, 0
146200, 1283069, 1, 0, 0
146300, 1277070, 1, 0, 0
146401, 1270703, 1, 0, 0
146501, 1280983, 1, 0, 0
146600, 1302247, 1, 0, 0
146700, 1271119, 1, 0, 0
146800, 1289249, 1, 0, 0
146900, 1314945, 1, 0, 0
147000, 1313595, 1, 0, 0
147100, 1222452, 1, 0, 0
147200, 1225696, 1, 0, 0
147300, 1268978, 1, 0, 0
147400, 1241199, 1, 0, 0
147502, 1306253, 1, 0, 0
147600, 1198075, 1, 0, 0
147700, 1236445, 1, 0, 0
147800, 1257058, 1, 0, 0
147900, 1278114, 1, 0, 0
148000, 1354575, 1, 0, 0
148100, 1314915, 1, 0, 0
148200, 1259821, 1, 0, 0
148300, 1274274, 1, 0, 0
148400, 1326036, 1, 0, 0
148500, 1296948, 1, 0, 0
148600, 1274366, 1, 0, 0
148700, 1294208, 1, 0, 0
148800, 1218669, 1, 0, 0
148900, 1217521, 1, 0, 0
149000, 1251022, 1, 0, 0
149100, 1271023, 1, 0, 0
149200, 1286016, 1, 0, 0
149300, 1187493, 1, 0, 0
149400, 1294078, 1, 0, 0
149500, 1268345, 1, 0, 0
149601, 1304043, 1, 0, 0
149701, 1263670, 1, 0, 0
149800, 1351807, 1, 0, 0
149900, 1238379, 1, 0, 0
150000, 1246776, 1, 0, 0
150100, 1264526, 1, 0, 0
150201, 1311057, 1, 0, 0
150301, 1228464, 1, 0, 0
150400, 1269046, 1, 0, 0
150500, 1330263, 1, 0, 0
150601, 1258584, 1, 0, 0
150700, 1266140, 1, 0, 0
150800, 1290298, 1, 0, 0
150900, 1277616, 1, 0, 0
151000, 1306411, 1, 0, 0
151101, 1276584, 1, 0, 0
151200, 1305978, 1, 0, 0
151300, 1282980, 1, 0, 0
151400, 1308162, 1, 0, 0
151500, 1252752, 1, 0, 0
151600, 1303327, 1, 0, 0
151700, 1257517, 1, 0, 0
151800, 1264414, 1, 0, 0
151901, 1337385, 1, 0, 0
152000, 1258269, 1, 0, 0
152101, 1298187, 1, 0, 0
152200, 1294442, 1, 0, 0
152300, 1223784, 1, 0, 0
152400, 1268590, 1, 0, 0
152500, 1275529, 1, 0, 0
152600, 1240247, 1, 0, 0
152700, 1245101, 1, 0, 0
152801, 1253876, 1, 0, 0
152901, 1246221, 1, 0, 0
153000, 1224563, 1, 0, 0
153101, 1242695, 1, 0, 0
153200, 1259725, 1, 0, 0
153300, 1228749, 1, 0, 0
153400, 1257766, 1, 0, 0
153500, 1297082, 1, 0, 0
153600, 1295981, 1, 0, 0
153701, 1276878, 1, 0, 0
153801, 1279207, 1, 0, 0
153900, 1324873, 1, 0, 0
154000, 1247017, 1, 0, 0
154100, 1300937, 1, 0, 0
154200, 1270123, 1, 0, 0
154300, 1255897, 1, 0, 0
154400, 1249833, 1, 0, 0
154500, 1314684, 1, 0, 0
154600, 1289096, 1, 0, 0
154700, 1295683, 1, 0, 0
154800, 1320416, 1, 0, 0
154900, 1367209, 1, 0, 0
155000, 1291898, 1, 0, 0
155100, 1223106, 1, 0, 0
155200, 1264100, 1, 0, 0
155300, 1252036, 1, 0, 0
155400, 1319473, 1, 0, 0
155500, 1349300, 1, 0, 0
155600, 1299008, 1, 0, 0
155701, 1223339, 1, 0, 0
155800, 1283536, 1, 0, 0
155900, 1336241, 1, 0, 0
156000, 1231780, 1, 0, 0
156100, 1214880, 1, 0, 0
156200, 1279922, 1, 0, 0
156301, 1343129, 1, 0, 0
156400, 1342735, 1, 0, 0
156500, 1278224, 1, 0, 0
156600, 1290226, 1, 0, 0
156700, 1316299, 1, 0, 0
156800, 1278424, 1, 0, 0
156900, 1330193, 1, 0, 0
157000, 1269046, 1, 0, 0
157100, 1284843, 1, 0, 0
157200, 1361822, 1, 0, 0
157300, 1292298, 1, 0, 0
157400, 1370378, 1, 0, 0
157500, 1278693, 1, 0, 0
157600, 1241157, 1, 0, 0
157700, 1295333, 1, 0, 0
157801, 1237480, 1, 0, 0
157901, 1246253, 1, 0, 0
158001, 1250267, 1, 0, 0
158100, 1244339, 1, 0, 0
158200, 1308419, 1, 0, 0
158300, 1284567, 1, 0, 0
158400, 1288288, 1, 0, 0
158500, 1221789, 1, 0, 0
158600, 1255850, 1, 0, 0
158701, 1260915, 1, 0, 0
158800, 1306792, 1, 0, 0
158900, 1275868, 1, 0, 0
159001, 1311001, 1, 0, 0
159100, 1285466, 1, 0, 0
159200, 1295559, 1, 0, 0
159300, 1259056, 1, 0, 0
159401, 1214021, 1, 0, 0
159500, 1341329, 1, 0, 0
159600, 1290429, 1, 0, 0
159700, 1296599, 1, 0, 0
159801, 1366240, 1, 0, 0
159900, 1265523, 1, 0, 0
160001, 1308682, 1, 0, 0
160100, 1270546, 1, 0, 0
160200, 1302217, 1, 0, 0
160300, 1287154, 1, 0, 0
160400, 1333713, 1, 0, 0
160500, 1367391, 1, 0, 0
160600, 1312813, 1, 0, 0
160701, 1243976, 1, 0, 0
160801, 1282380, 1, 0, 0
160900, 1300650, 1, 0, 0
161001, 1297196, 1, 0, 0
161100, 1326887, 1, 0, 0
161200, 1325167, 1, 0, 0
161300, 1342352, 1, 0, 0
161400, 1246085, 1, 0, 0
161500, 1300437, 1, 0, 0
161600, 1313346, 1, 0, 0
161700, 1318297, 1, 0, 0
161800, 1362963, 1, 0, 0
161900, 1230329, 1, 0, 0
162000, 1333825, 1, 0, 0
162100, 1310754, 1, 0, 0
162200, 1285247, 1, 0, 0
162301, 1305662, 1, 0, 0
162400, 1377262, 1, 0, 0
162500, 1323099, 1, 0, 0
162600, 1313484, 1, 0, 0
162700, 1335673, 1, 0, 0
162800, 1280445, 1, 0, 0
162900, 1253127, 1, 0, 0
163001, 1285866, 1, 0, 0
163100, 1289890, 1, 0, 0
163200, 1368567, 1, 0, 0
163301, 1316334, 1, 0, 0
163400, 1324302, 1, 0, 0
163500, 1326668, 1, 0, 0
163601, 1305904, 1, 0, 0
163700, 1303040, 1, 0, 0
163801, 1309563, 1, 0, 0
163900, 1287474, 1, 0, 0
164000, 1330387, 1, 0, 0
164101, 1338847, 1, 0, 0
164200, 1272491, 1, 0, 0
164301, 1286447, 1, 0, 0
164400, 1285889, 1, 0, 0
164500, 1296988, 1, 0, 0
164601, 1276146, 1, 0, 0
164700, 1357701, 1, 0, 0
164800, 1336470, 1, 0, 0
164901, 1314715, 1, 0, 0
165001, 1349167, 1, 0, 0
165101, 1331806, 1, 0, 0
165200, 1290918, 1, 0, 0
165300, 1333259, 1, 0, 0
165401, 1250956, 1, 0, 0
165501, 1268473, 1, 0, 0
165600, 1274259, 1, 0, 0
165701, 1315504, 1, 0, 0
165801, 1311896, 1, 0, 0
165900, 1215562, 1, 0, 0
166001, 1315538, 1, 0, 0
166100, 1304345, 1, 0, 0
166200, 1355341, 1, 0, 0
166301, 1288940, 1, 0, 0
166401, 1343641, 1, 0, 0
166500, 1308780, 1, 0, 0
166600, 1360309, 1, 0, 0
166701, 1285707, 1, 0, 0
166800, 1346285, 1, 0, 0
166901, 1261339, 1, 0, 0
167000, 1340990, 1, 0, 0
167101, 1287025, 1, 0, 0
167200, 1223551, 1, 0, 0
167300, 1311410, 1, 0, 0
167401, 1271937, 1, 0, 0
167501, 1220757, 1, 0, 0
167601, 1265381, 1, 0, 0
167701, 1258593, 1, 0, 0
167800, 1278174, 1, 0, 0
167900, 1226896, 1, 0, 0
168000, 1293557, 1, 0, 0
168100, 1311713, 1, 0, 0
168201, 1244298, 1, 0, 0
168301, 1296267, 1, 0, 0
168400, 1275579, 1, 0, 0
168500, 1312461, 1, 0, 0
168601, 1373198, 1, 0, 0
168700, 1274189, 1, 0, 0
168800, 1264582, 1, 0, 0
168900, 1359673, 1, 0, 0
169002, 1322686, 1, 0, 0
169100, 1307217, 1, 0, 0
169200, 1316705, 1, 0, 0
169300, 1290047, 1, 0, 0
169400, 1323042, 1, 0, 0
169501, 1303325, 1, 0, 0
169600, 1250692, 1, 0, 0
169700, 1208681, 1, 0, 0
169800, 1309697, 1, 0, 0
169900, 1275859, 1, 0, 0
170000, 1254206, 1, 0, 0
170100, 1292775, 1, 0, 0
170200, 1351101, 1, 0, 0
170300, 1318972, 1, 0, 0
170400, 1297885, 1, 0, 0
170500, 1258493, 1, 0, 0
170600, 1264937, 1, 0, 0
170701, 1287722, 1, 0, 0
170800, 1316698, 1, 0, 0
170900, 1329778, 1, 0, 0
171000, 1335184, 1, 0, 0
171100, 1405851, 1, 0, 0
171200, 1296124, 1, 0, 0
171300, 1333021, 1, 0, 0
171400, 1268655, 1, 0, 0
171500, 1255036, 1, 0, 0
171600, 1284920, 1, 0, 0
171700, 1310476, 1, 0, 0
171800, 1254333, 1, 0, 0
171900, 1272963, 1, 0, 0
172000, 1246603, 1, 0, 0
172100, 1330464, 1, 0, 0
172200, 1348782, 1, 0, 0
172300, 1248168, 1, 0, 0
172400, 1314823, 1, 0, 0
172500, 1316693, 1, 0, 0
172600, 1401577, 1, 0, 0
172700, 1351295, 1, 0, 0
172800, 1305072, 1, 0, 0
172900, 1305638, 1, 0, 0
173001, 1242084, 1, 0, 0
173100, 1298312, 1, 0, 0
173200, 1284293, 1, 0, 0
173301, 1305289, 1, 0, 0
173401, 1249116, 1, 0, 0
173500, 1252676, 1, 0, 0
173600, 1250801, 1, 0, 0
173700, 1329426, 1, 0, 0
173800, 1254874, 1, 0, 0
173901, 1234782, 1, 0, 0
174000, 1229679, 1, 0, 0
174100, 1179106, 1, 0, 0
174200, 1267384, 1, 0, 0
174300, 1250638, 1, 0, 0
174400, 1219360, 1, 0, 0
174501, 1268916, 1, 0, 0
174600, 1317193, 1, 0, 0
174700, 1253311, 1, 0, 0
174801, 1268830, 1, 0, 0
174900, 1268364, 1, 0, 0
175000, 1283671, 1, 0, 0
175101, 1289438, 1, 0, 0
175200, 1254699, 1, 0, 0
175300, 1292458, 1, 0, 0
175400, 1234826, 1, 0, 0
175501, 1273494, 1, 0, 0
175600, 1245928, 1, 0, 0
175700, 1212774, 1, 0, 0
175800, 1262526, 1, 0, 0
175900, 1203729, 1, 0, 0
176001, 1194848, 1, 0, 0
176100, 1272162, 1, 0, 0
176200, 1248928, 1, 0, 0
176300, 1228552, 1, 0, 0
176400, 1280808, 1, 0, 0
176501, 1288333, 1, 0, 0
176601, 1218300, 1, 0, 0
176701, 1248549, 1, 0, 0
176800, 1244092, 1, 0, 0
176900, 1225522, 1, 0, 0
177001, 1212371, 1, 0, 0
177100, 1286456, 1, 0, 0
177200, 1275687, 1, 0, 0
177300, 1249432, 1, 0, 0
177401, 1292646, 1, 0, 0
177500, 1287935, 1, 0, 0
177600, 1313517, 1, 0, 0
177700, 1348969, 1, 0, 0
177800, 1247995, 1, 0, 0
177901, 1227756, 1, 0, 0
178001, 1269417, 1, 0, 0
178100, 1318825, 1, 0, 0
178200, 1262479, 1, 0, 0
178300, 1240437, 1, 0, 0
178401, 1258047, 1, 0, 0
178500, 1254639, 1, 0, 0
178600, 1314839, 1, 0, 0
178700, 1234347, 1, 0, 0
178800, 1243900, 1, 0, 0
178900, 1295740, 1, 0, 0
179000, 1250337, 1, 0, 0
179100, 1277810, 1, 0, 0
179200, 1232556, 1, 0, 0
179300, 1267037, 1, 0, 0
179400, 1251699, 1, 0, 0
179500, 1258937, 1, 0, 0
179600, 1296837, 1, 0, 0
179700, 1275121, 1, 0, 0
179801, 1245648, 1, 0, 0
179901, 1249992, 1, 0, 0
180000, 1320649, 1, 0, 0
180100, 1218580, 1, 0, 0
180200, 1259130, 1, 0, 0
180300, 1223756, 1, 0, 0
180401, 1273258, 1, 0, 0
180500, 1277074, 1, 0, 0
180600, 1251615, 1, 0, 0
180700, 1244374, 1, 0, 0
180801, 1325593, 1, 0, 0
180900, 1279232, 1, 0, 0
181000, 1309558, 1, 0, 0
181100, 1273397, 1, 0, 0
181200, 1320699, 1, 0, 0
181300, 1224868, 1, 0, 0
181400, 1279712, 1, 0, 0
181500, 1273324, 1, 0, 0
181601, 1269286, 1, 0, 0
181700, 1283696, 1, 0, 0
181800, 1267590, 1, 0, 0
181900, 1259086, 1, 0, 0
182000, 1289246, 1, 0, 0
182100, 1208110, 1, 0, 0
182200, 1264684, 1, 0, 0
182300, 1302289, 1, 0, 0
182400, 1214404, 1, 0, 0
182500, 1266870, 1, 0, 0
182600, 1202379, 1, 0, 0
182700, 1261759, 1, 0, 0
182800, 1174569, 1, 0, 0
182900, 1261257, 1, 0, 0
183000, 1314537, 1, 0, 0
183100, 1222060, 1, 0, 0
183200, 1249286, 1, 0, 0
183301, 1219735, 1, 0, 0
183401, 1332510, 1, 0, 0
183500, 1235259, 1, 0, 0
183600, 1312953, 1, 0, 0
183700, 1252615, 1, 0, 0
183800, 1245440, 1, 0, 0
183900, 1246037, 1, 0, 0
184000, 1284482, 1, 0, 0
184100, 1233527, 1, 0, 0
184200, 1246266, 1, 0, 0
184301, 1288170, 1, 0, 0
184401, 1297892, 1, 0, 0
184500, 1291004, 1, 0, 0
184600, 1253362, 1, 0, 0
184700, 1290923, 1, 0, 0
184800, 1239747, 1, 0, 0
184900, 1266700, 1, 0, 0
185000, 1292235, 1, 0, 0
185101, 1214710, 1, 0, 0
185200, 1244857, 1, 0, 0
185300, 1214563, 1, 0, 0
185400, 1312689, 1, 0, 0
185500, 1257752, 1, 0, 0
185602, 1213954, 1, 0, 0
185700, 1257167, 1, 0, 0
185800, 1229787, 1, 0, 0
185900, 1248168, 1, 0, 0
186000, 1244451, 1, 0, 0
186101, 1293355, 1, 0, 0
186200, 1258958, 1, 0, 0
186300, 1251032, 1, 0, 0
186400, 1254163, 1, 0, 0
186501, 1257775, 1, 0, 0
186600, 1223960, 1, 0, 0
186700, 1282433, 1, 0, 0
186800, 1325974, 1, 0, 0
186901, 1247233, 1, 0, 0
187001, 1216878, 1, 0, 0
187100, 1222941, 1, 0, 0
187200, 1384583, 1, 0, 0
187300, 1294840, 1, 0, 0
187400, 1316350, 1, 0, 0
187500, 1259960, 1, 0, 0
187600, 1305605, 1, 0, 0
187700, 1289035, 1, 0, 0
187800, 1281357, 1, 0, 0
187902, 1275755, 1, 0, 0
188000, 1298227, 1, 0, 0
188101, 1291815, 1, 0, 0
188200, 1285576, 1, 0, 0
188300, 1225081, 1, 0, 0
188400, 1223027, 1, 0, 0
188500, 1256969, 1, 0, 0
188600, 1273380, 1, 0, 0
188700, 1233947, 1, 0, 0
188801, 1287913, 1, 0, 0
188901, 1248590, 1, 0, 0
189000, 1262139, 1, 0, 0
189100, 1192571, 1, 0, 0
189200, 1232113, 1, 0, 0
189300, 1281295, 1, 0, 0
189400, 1253478, 1, 0, 0
189500, 1288816, 1, 0, 0
189600, 1253801, 1, 0, 0
189700, 1243153, 1, 0, 0
189800, 1266051, 1, 0, 0
189900, 1269532, 1, 0, 0
190000, 1273551, 1, 0, 0
190100, 1229498, 1, 0, 0
190200, 1270544, 1, 0, 0
190302, 1298145, 1, 0, 0
190400, 1273792, 1, 0, 0
190500, 1304146, 1, 0, 0
190601, 1316600, 1, 0, 0
190700, 1277872, 1, 0, 0
190800, 1256994, 1, 0, 0
190900, 1246541, 1, 0, 0
191000, 1244325, 1, 0, 0
191100, 1236995, 1, 0, 0
191201, 1273370, 1, 0, 0
191300, 1317998, 1, 0, 0
191400, 1266775, 1, 0, 0
191500, 1249841, 1, 0, 0
191600, 1273785, 1, 0, 0
191700, 1320790, 1, 0, 0
191800, 1214012, 1, 0, 0
191900, 1221045, 1, 0, 0
192000, 1241115, 1, 0, 0
192100, 1233901, 1, 0, 0
192200, 1303187, 1, 0, 0
192300, 1242781, 1, 0, 0
192401, 1226104, 1, 0, 0
192500, 1239222, 1, 0, 0
192600, 1258170, 1, 0, 0
192700, 1273840, 1, 0, 0
192800, 1261237, 1, 0, 0
192901, 1255050, 1, 0, 0
193000, 1303571, 1, 0, 0
193100, 1283581, 1, 0, 0
193200, 1249977, 1, 0, 0
193301, 1272267, 1, 0, 0
193400, 1221584, 1, 0, 0
193500, 1264785, 1, 0, 0
193600, 1256846, 1, 0, 0
193700, 1226386, 1, 0, 0
193800, 1246157, 1, 0, 0
193900, 1239503, 1, 0, 0
194000, 1261210, 1, 0, 0
194100, 1284019, 1, 0, 0
194200, 1280831, 1, 0, 0
194300, 1220861, 1, 0, 0
194400, 1262302, 1, 0, 0
194501, 1270563, 1, 0, 0
194600, 1271382, 1, 0, 0
194701, 1211348, 1, 0, 0
194800, 1260483, 1, 0, 0
194900, 1260201, 1, 0, 0
195000, 1264554, 1, 0, 0
195100, 1313653, 1, 0, 0
195200, 1288164, 1, 0, 0
195300, 1321049, 1, 0, 0
195401, 1207923, 1, 0, 0
195500, 1257388, 1, 0, 0
195600, 1279370, 1, 0, 0
195700, 1311942, 1, 0, 0
195800, 1335512, 1, 0, 0
195900, 1328824, 1, 0, 0
196000, 1228849, 1, 0, 0
196100, 1320624, 1, 0, 0
196200, 1233514, 1, 0, 0
196301, 1250258, 1, 0, 0
196400, 1220679, 1, 0, 0
196500, 1258465, 1, 0, 0
196600, 1277440, 1, 0, 0
196700, 1247336, 1, 0, 0
196801, 1267937, 1, 0, 0
196900, 1270768, 1, 0, 0
197001, 1257967, 1, 0, 0
197100, 1212622, 1, 0, 0
197200, 1290681, 1, 0, 0
197300, 1194272, 1, 0, 0
197401, 1315799, 1, 0, 0
197500, 1220245, 1, 0, 0
197601, 1260967, 1, 0, 0
197700, 1135858, 1, 0, 0
197801, 1233275, 1, 0, 0
197900, 1222461, 1, 0, 0
198000, 1202846, 1, 0, 0
198100, 1205984, 1, 0, 0
198200, 1244013, 1, 0, 0
198300, 1184753, 1, 0, 0
198401, 1212157, 1, 0, 0
198500, 1236095, 1, 0, 0
198600, 1231843, 1, 0, 0
198700, 1256802, 1, 0, 0
198800, 1171033, 1, 0, 0
198901, 1254548, 1, 0, 0
199001, 1189216, 1, 0, 0
199100, 1240359, 1, 0, 0
199200, 1177058, 1, 0, 0
199300, 1235545, 1, 0, 0
199400, 1255750, 1, 0, 0
199501, 1241293, 1, 0, 0
199600, 1207115, 1, 0, 0
199700, 1181332, 1, 0, 0
199800, 1239388, 1, 0, 0
199900, 1274645, 1, 0, 0
200000, 1207566, 1, 0, 0
200100, 1210823, 1, 0, 0
200200, 1253504, 1, 0, 0
200301, 1229638, 1, 0, 0
200400, 1210896, 1, 0, 0
200500, 1196528, 1, 0, 0
200600, 1189305, 1, 0, 0
200700, 1285592, 1, 0, 0
200801, 1273052, 1, 0, 0
200900, 1179168, 1, 0, 0
201000, 1229630, 1, 0, 0
201100, 1282771, 1, 0, 0
201200, 1222471, 1, 0, 0
201301, 1220347, 1, 0, 0
201400, 1230535, 1, 0, 0
201500, 1222902, 1, 0, 0
201601, 1276238, 1, 0, 0
201701, 1230016, 1, 0, 0
201800, 1277727, 1, 0, 0
201900, 1243686, 1, 0, 0
202000, 1212001, 1, 0, 0
202100, 1281708, 1, 0, 0
202200, 1237983, 1, 0, 0
202300, 1271615, 1, 0, 0
202401, 1234507, 1, 0, 0
202501, 1260373, 1, 0, 0
202601, 1187267, 1, 0, 0
202700, 1196717, 1, 0, 0
202800, 1244810, 1, 0, 0
202900, 1198341, 1, 0, 0
203000, 1205719, 1, 0, 0
203100, 1222845, 1, 0, 0
203200, 1261501, 1, 0, 0
203301, 1243491, 1, 0, 0
203400, 1193327, 1, 0, 0
203500, 1188235, 1, 0, 0
203600, 1213272, 1, 0, 0
203701, 1197593, 1, 0, 0
203800, 1236045, 1, 0, 0
203900, 1242409, 1, 0, 0
204000, 1231254, 1, 0, 0
204100, 1215613, 1, 0, 0
204200, 1267570, 1, 0, 0
204300, 1232656, 1, 0, 0
204401, 1249106, 1, 0, 0
204501, 1304851, 1, 0, 0
204600, 1265243, 1, 0, 0
204700, 1250862, 1, 0, 0
204800, 1210369, 1, 0, 0
204900, 1216993, 1, 0, 0
205000, 1206859, 1, 0, 0
205101, 1242241, 1, 0, 0
205200, 1271965, 1, 0, 0
205300, 1243423, 1, 0, 0
205400, 1206692, 1, 0, 0
205500, 1225399, 1, 0, 0
205600, 1191893, 1, 0, 0
205700, 1201723, 1, 0, 0
205801, 1240919, 1, 0, 0
205900, 1268296, 1, 0, 0
206000, 1243093, 1, 0, 0
206100, 1241610, 1, 0, 0
206200, 1200582, 1, 0, 0
206300, 1168531, 1, 0, 0
206400, 1269716, 1, 0, 0
206500, 1263206, 1, 0, 0
206600, 1251723, 1, 0, 0
206701, 1244300, 1, 0, 0
206800, 1255627, 1, 0, 0
206901, 1236740, 1, 0, 0
207001, 1266632, 1, 0, 0
207100, 1231541, 1, 0, 0
207200, 1228956, 1, 0, 0
207300, 1245634, 1, 0, 0
207400, 1311306, 1, 0, 0
207500, 1325538, 1, 0, 0
207601, 1247838, 1, 0, 0
207700, 1264438, 1, 0, 0
207800, 1295568, 1, 0, 0
207900, 1208850, 1, 0, 0
208000, 1180442, 1, 0, 0
208100, 1234948, 1, 0, 0
208200, 1261861, 1, 0, 0
208300, 1254419, 1, 0, 0
208400, 1224876, 1, 0, 0
208500, 1241974, 1, 0, 0
208600, 1231525, 1, 0, 0
208700, 1231131, 1, 0, 0
208800, 1268386, 1, 0, 0
208900, 1237679, 1, 0, 0
209000, 1303589, 1, 0, 0
209100, 1224595, 1, 0, 0
209200, 1297389, 1, 0, 0
209300, 1256795, 1, 0, 0
209401, 1250939, 1, 0, 0
209500, 1189906, 1, 0, 0
209602, 1263909, 1, 0, 0
209700, 1227415, 1, 0, 0
209800, 1237954, 1, 0, 0
209900, 1248900, 1, 0, 0
210000, 1261821, 1, 0, 0
210101, 1244254, 1, 0, 0
210200, 1254027, 1, 0, 0
210300, 1279979, 1, 0, 0
210401, 1261278, 1, 0, 0
210500, 1290058, 1, 0, 0
210600, 1211114, 1, 0, 0
210701, 1240375, 1, 0, 0
210800, 1209913, 1, 0, 0
210900, 1214590, 1, 0, 0
211000, 1180473, 1, 0, 0
211100, 1234583, 1, 0, 0
211200, 1223557, 1, 0, 0
211300, 1338592, 1, 0, 0
211400, 1245118, 1, 0, 0
211500, 1250628, 1, 0, 0
211600, 1248312, 1, 0, 0
211701, 1303759, 1, 0, 0
211800, 1255243, 1, 0, 0
211900, 1265496, 1, 0, 0
212001, 1193576, 1, 0, 0
212100, 1267116, 1, 0, 0
212200, 1295886, 1, 0, 0
212300, 1320018, 1, 0, 0
212400, 1267320, 1, 0, 0
212500, 1295103, 1, 0, 0
212601, 1251970, 1, 0, 0
212701, 1388728, 1, 0, 0
212801, 1293125, 1, 0, 0
212900, 1328363, 1, 0, 0
213001, 1273951, 1, 0, 0
213100, 1296589, 1, 0, 0
213200, 1284853, 1, 0, 0
213300, 1294032, 1, 0, 0
213400, 1182213, 1, 0, 0
213500, 1288724, 1, 0, 0
213601, 1268490, 1, 0, 0
213701, 1237561, 1, 0, 0
213800, 1211261, 1, 0, 0
213900, 1246854, 1, 0, 0
214001, 1221415, 1, 0, 0
214100, 1256120, 1, 0, 0
214201, 1252783, 1, 0, 0
214300, 1226588, 1, 0, 0
214400, 1221814, 1, 0, 0
214502, 1314811, 1, 0, 0
214600, 1230715, 1, 0, 0
214701, 1264767, 1, 0, 0
214800, 1238020, 1, 0, 0
214900, 1261857, 1, 0, 0
215000, 1224067, 1, 0, 0
215100, 1242875, 1, 0, 0
215201, 1276007, 1, 0, 0
215300, 1228339, 1, 0, 0
215400, 1264215, 1, 0, 0
215500, 1247275, 1, 0, 0
215600, 1227069, 1, 0, 0
215700, 1221421, 1, 0, 0
215800, 1169158, 1, 0, 0
215900, 1231551, 1, 0, 0
216000, 1253523, 1, 0, 0
216101, 1221543, 1, 0, 0
216200, 1212238, 1, 0, 0
216300, 1249333, 1, 0, 0
216401, 1226971, 1, 0, 0
216501, 1227373, 1, 0, 0
216600, 1254522, 1, 0, 0
216700, 1277664, 1, 0, 0
216800, 1233110, 1, 0, 0
216901, 1256453, 1, 0, 0
217000, 1256054, 1, 0, 0
217100, 1283289, 1, 0, 0
217200, 1257468, 1, 0, 0
217301, 1212319, 1, 0, 0
217400, 1220354, 1, 0, 0
217501, 1247073, 1, 0, 0
217600, 1220388, 1, 0, 0
217700, 1236628, 1, 0, 0
217801, 1274148, 1, 0, 0
217900, 1240086, 1, 0, 0
218000, 1312664, 1, 0, 0
218100, 1246539, 1, 0, 0
218200, 1217049, 1, 0, 0
218300, 1249557, 1, 0, 0
218400, 1231262, 1, 0, 0
218500, 1245365, 1, 0, 0
218600, 1199594, 1, 0, 0
218701, 1279735, 1, 0, 0
218801, 1276037, 1, 0, 0
218900, 1237733, 1, 0, 0
219000, 1231139, 1, 0, 0
219100, 1339908, 1, 0, 0
219200, 1340488, 1, 0, 0
219300, 1334049, 1, 0, 0
219400, 1269736, 1, 0, 0
219500, 1228915, 1, 0, 0
219600, 1276800, 1, 0, 0
219700, 1262099, 1, 0, 0
219800, 1248677, 1, 0, 0
219900, 1245779, 1, 0, 0
220000, 1270181, 1, 0, 0
220100, 1325323, 1, 0, 0
220201, 1231024, 1, 0, 0
220300, 1270425, 1, 0, 0
220400, 1246504, 1, 0, 0
220500, 1250847, 1, 0, 0
220600, 1298208, 1, 0, 0
220700, 1233876, 1, 0, 0
220800, 1245777, 1, 0, 0
220900, 1238907, 1, 0, 0
221000, 1191982, 1, 0, 0
221100, 1249778, 1, 0, 0
221200, 1250987, 1, 0, 0
221300, 1223562, 1, 0, 0
221400, 1283569, 1, 0, 0
221501, 1306200, 1, 0, 0
221600, 1260736, 1, 0, 0
221700, 1238387, 1, 0, 0
221801, 1308323, 1, 0, 0
221900, 1231184, 1, 0, 0
222000, 1215037, 1, 0, 0
222100, 1291119, 1, 0, 0
222200, 1269497, 1, 0, 0
222300, 1330241, 1, 0, 0
222400, 1276385, 1, 0, 0
222500, 1266951, 1, 0, 0
222600, 1205151, 1, 0, 0
222700, 1289460, 1, 0, 0
222800, 1231124, 1, 0, 0
222901, 1329470, 1, 0, 0
223000, 1296721, 1, 0, 0
223101, 1286345, 1, 0, 0
223200, 1299637, 1, 0, 0
223300, 1198948, 1, 0, 0
223400, 1263573, 1, 0, 0
223500, 1212365, 1, 0, 0
223600, 1279640, 1, 0, 0
223700, 1238226, 1, 0, 0
223800, 1205452, 1, 0, 0
223900, 1256597, 1, 0, 0
224000, 1276488, 1, 0, 0
224100, 1223215, 1, 0, 0
224200, 1249710, 1, 0, 0
224300, 1248936, 1, 0, 0
224400, 1202039, 1, 0, 0
224500, 1181234, 1, 0, 0
224601, 1262268, 1, 0, 0
224700, 1257471, 1, 0, 0
224800, 1201119, 1, 0, 0
224900, 1215760, 1, 0, 0
225000, 1297361, 1, 0, 0
225100, 1277757, 1, 0, 0
225201, 1263256, 1, 0, 0
225301, 1329686, 1, 0, 0
225400, 1207474, 1, 0, 0
225500, 1305791, 1, 0, 0
225601, 1217015, 1, 0, 0
225700, 1284507, 1, 0, 0
225800, 1215608, 1, 0, 0
225900, 1210826, 1, 0, 0
226000, 1215038, 1, 0, 0
226100, 1256002, 1, 0, 0
226201, 1326345, 1, 0, 0
226301, 1234051, 1, 0, 0
226400, 1239726, 1, 0, 0
226500, 1211061, 1, 0, 0
226600, 1282544, 1, 0, 0
226700, 1277880, 1, 0, 0
226800, 1266010, 1, 0, 0
226900, 1234052, 1, 0, 0
227001, 1256775, 1, 0, 0
227101, 1283042, 1, 0, 0
227200, 1212374, 1, 0, 0
227300, 1166447, 1, 0, 0
227400, 1201401, 1, 0, 0
227500, 1289730, 1, 0, 0
227600, 1226025, 1, 0, 0
227700, 1229953, 1, 0, 0
227800, 1196239, 1, 0, 0
227900, 1231436, 1, 0, 0
228000, 1240479, 1, 0, 0
228101, 1213407, 1, 0, 0
228201, 1247086, 1, 0, 0
228301, 1298123, 1, 0, 0
228400, 1239010, 1, 0, 0
228500, 1190288, 1, 0, 0
228600, 1242286, 1, 0, 0
228700, 1250784, 1, 0, 0
228800, 1281588, 1, 0, 0
228901, 1223371, 1, 0, 0
229000, 1229736, 1, 0, 0
229101, 1271198, 1, 0, 0
229200, 1212121, 1, 0, 0
229301, 1189805, 1, 0, 0
229400, 1221967, 1, 0, 0
229501, 1275742, 1, 0, 0
229600, 1244029, 1, 0, 0
229700, 1197234, 1, 0, 0
229800, 1282046, 1, 0, 0
229900, 1240121, 1, 0, 0
230000, 1258422, 1, 0, 0
230100, 1195201, 1, 0, 0
230200, 1261558, 1, 0, 0
230300, 1250286, 1, 0, 0
230400, 1215149, 1, 0, 0
230500, 1247760, 1, 0, 0
230600, 1255829, 1, 0, 0
230700, 1182728, 1, 0, 0
230800, 1263503, 1, 0, 0
230900, 1269066, 1, 0, 0
231000, 1280784, 1, 0, 0
231100, 1218747, 1, 0, 0
231200, 1257711, 1, 0, 0
231300, 1261704, 1, 0, 0
231400, 1255240, 1, 0, 0
231500, 1212648, 1, 0, 0
231601, 1196513, 1, 0, 0
231700, 1265316, 1, 0, 0
231800, 1238832, 1, 0, 0
231900, 1205983, 1, 0, 0
232000, 1225502, 1, 0, 0
232100, 1264759, 1, 0, 0
232200, 1295772, 1, 0, 0
232300, 1249326, 1, 0, 0
232400, 1348764, 1, 0, 0
232501, 1243324, 1, 0, 0
232600, 1220104, 1, 0, 0
232701, 1202086, 1, 0, 0
232800, 1269664, 1, 0, 0
232900, 1280473, 1, 0, 0
233000, 1204052, 1, 0, 0
233100, 1291249, 1, 0, 0
233200, 1217635, 1, 0, 0
233301, 1226890, 1, 0, 0
233400, 1214377, 1, 0, 0
233500, 1239851, 1, 0, 0
233600, 1241454, 1, 0, 0
233703, 1232212, 1, 0, 0
233801, 1252119, 1, 0, 0
233900, 1298098, 1, 0, 0
234000, 1251464, 1, 0, 0
234100, 1228315, 1, 0, 0
234201, 1214122, 1, 0, 0
234300, 1235744, 1, 0, 0
234400, 1222370, 1, 0, 0
234502, 1270067, 1, 0, 0
234600, 1196572, 1, 0, 0
234700, 1203056, 1, 0, 0
234801, 1265359, 1, 0, 0
234900, 1209163, 1, 0, 0
235000, 1206549, 1, 0, 0
235101, 1215850, 1, 0, 0
235200, 1229786, 1, 0, 0
235301, 1264897, 1, 0, 0
235400, 1231766, 1, 0, 0
235500, 1235537, 1, 0, 0
235600, 1233906, 1, 0, 0
235700, 1219657, 1, 0, 0
235800, 1295098, 1, 0, 0
235900, 1248962, 1, 0, 0
236000, 1206443, 1, 0, 0
236100, 1245769, 1, 0, 0
236200, 1293484, 1, 0, 0
236300, 1222306, 1, 0, 0
236400, 1221727, 1, 0, 0
236500, 1268785, 1, 0, 0
236600, 1297910, 1, 0, 0
236701, 1320893, 1, 0, 0
236800, 1252197, 1, 0, 0
236900, 1248079, 1, 0, 0
237000, 1295314, 1, 0, 0
237101, 1344044, 1, 0, 0
237200, 1239777, 1, 0, 0
237300, 1239132, 1, 0, 0
237400, 1360673, 1, 0, 0
237501, 1291181, 1, 0, 0
237601, 1275947, 1, 0, 0
237702, 1302120, 1, 0, 0
237800, 1332092, 1, 0, 0
237901, 1243579, 1, 0, 0
238000, 1268417, 1, 0, 0
238100, 1262122, 1, 0, 0
238201, 1245114, 1, 0, 0
238300, 1256963, 1, 0, 0
238400, 1258306, 1, 0, 0
238500, 1287377, 1, 0, 0
238600, 1334158, 1, 0, 0
238700, 1262199, 1, 0, 0
238800, 1253940, 1, 0, 0
238900, 1315114, 1, 0, 0
239000, 1239069, 1, 0, 0
239100, 1279349, 1, 0, 0
239200, 1291070, 1, 0, 0
239300, 1284078, 1, 0, 0
239400, 1315476, 1, 0, 0
239500, 1299466, 1, 0, 0
239602, 1335600, 1, 0, 0
239700, 1264726, 1, 0, 0
239800, 1272880, 1, 0, 0
239900, 1324413, 1, 0, 0
240000, 1279294, 1, 0, 0
240101, 1225958, 1, 0, 0
240200, 1289171, 1, 0, 0
240300, 1202989, 1, 0, 0
240400, 1190013, 1, 0, 0
240500, 1306594, 1, 0, 0
240600, 1265095, 1, 0, 0
240700, 1195087, 1, 0, 0
240800, 1212602, 1, 0, 0
240900, 1247150, 1, 0, 0
241000, 1260257, 1, 0, 0
241100, 1284405, 1, 0, 0
241200, 1349988, 1, 0, 0
241300, 1260788, 1, 0, 0
241401, 1293634, 1, 0, 0
241500, 1262198, 1, 0, 0
241600, 1235005, 1, 0, 0
241700, 1287482, 1, 0, 0
241801, 1285888, 1, 0, 0
241901, 1280207, 1, 0, 0
242000, 1323752, 1, 0, 0
242100, 1250395, 1, 0, 0
242200, 1240953, 1, 0, 0
242300, 1212401, 1, 0, 0
242400, 1250997, 1, 0, 0
242500, 1230941, 1, 0, 0
242600, 1319109, 1, 0, 0
242700, 1266519, 1, 0, 0
242801, 1284842, 1, 0, 0
242901, 1252034, 1, 0, 0
243000, 1234306, 1, 0, 0
243100, 1228935, 1, 0, 0
243200, 1312766, 1, 0, 0
243301, 1297333, 1, 0, 0
243400, 1278876, 1, 0, 0
243500, 1258850, 1, 0, 0
243600, 1241288, 1, 0, 0
243701, 1260329, 1, 0, 0
243800, 1204390, 1, 0, 0
243900, 1303058, 1, 0, 0
244001, 1302311, 1, 0, 0
244100, 1320974, 1, 0, 0
244200, 1311722, 1, 0, 0
244301, 1340728, 1, 0, 0
244400, 1283203, 1, 0, 0
244501, 1277579, 1, 0, 0
244601, 1298375, 1, 0, 0
244700, 1318959, 1, 0, 0
244800, 1361990, 1, 0, 0
244900, 1274249, 1, 0, 0
245000, 1293482, 1, 0, 0
245100, 1256948, 1, 0, 0
245200, 1227729, 1, 0, 0
245300, 1246550, 1, 0, 0
245400, 1277937, 1, 0, 0
245501, 1254150, 1, 0, 0
245600, 1308182, 1, 0, 0
245700, 1295600, 1, 0, 0
245801, 1267467, 1, 0, 0
245901, 1296549, 1, 0, 0
246001, 1279601, 1, 0, 0
246100, 1267030, 1, 0, 0
246200, 1206571, 1, 0, 0
246300, 1251703, 1, 0, 0
246400, 1251230, 1, 0, 0
246500, 1221902, 1, 0, 0
246600, 1225630, 1, 0, 0
246700, 1299492, 1, 0, 0
246801, 1233382, 1, 0, 0
246901, 1250858, 1, 0, 0
247000, 1309678, 1, 0, 0
247100, 1269506, 1, 0, 0
247201, 1276887, 1, 0, 0
247300, 1326307, 1, 0, 0
247400, 1293334, 1, 0, 0
247500, 1250088, 1, 0, 0
247601, 1255576, 1, 0, 0
247700, 1313684, 1, 0, 0
247800, 1315587, 1, 0, 0
247900, 1267763, 1, 0, 0
248000, 1215526, 1, 0, 0
248100, 1234847, 1, 0, 0
248200, 1245154, 1, 0, 0
248300, 1285674, 1, 0, 0
248400, 1271737, 1, 0, 0
248501, 1228195, 1, 0, 0
248600, 1236778, 1, 0, 0
248701, 1274456, 1, 0, 0
248800, 1255128, 1, 0, 0
248900, 1232042, 1, 0, 0
249000, 1238460, 1, 0, 0
249100, 1245713, 1, 0, 0
249200, 1213897, 1, 0, 0
249300, 1220074, 1, 0, 0
249400, 1264979, 1, 0, 0
249500, 1209878, 1, 0, 0
249600, 1258768, 1, 0, 0
249701, 1233766, 1, 0, 0
249800, 1308782, 1, 0, 0
249900, 1271167, 1, 0, 0
250000, 1274089, 1, 0, 0
250100, 1253184, 1, 0, 0
250200, 1281636, 1, 0, 0
250300, 1253074, 1, 0, 0
250400, 1283728, 1, 0, 0
250500, 1228609, 1, 0, 0
250600, 1232556, 1, 0, 0
250700, 1232838, 1, 0, 0
250800, 1278151, 1, 0, 0
250900, 1285896, 1, 0, 0
251000, 1325607, 1, 0, 0
251100, 1241093, 1, 0, 0
251200, 1286961, 1, 0, 0
251300, 1291703, 1, 0, 0
251400, 1278512, 1, 0, 0
251500, 1202006, 1, 0, 0
251600, 1270471, 1, 0, 0
251700, 1298271, 1, 0, 0
251801, 1222578, 1, 0, 0
251900, 1244861, 1, 0, 0
252000, 1217165, 1, 0, 0
252100, 1227615, 1, 0, 0
252200, 1206555, 1, 0, 0
252300, 1231417, 1, 0, 0
252401, 1325142, 1, 0, 0
252501, 1255782, 1, 0, 0
252600, 1253866, 1, 0, 0
252700, 1296575, 1, 0, 0
252800, 1244773, 1, 0, 0
252900, 1322172, 1, 0, 0
253001, 1302734, 1, 0, 0
253100, 1305210, 1, 0, 0
253201, 1271599, 1, 0, 0
253300, 1267471, 1, 0, 0
253400, 1214823, 1, 0, 0
253500, 1250231, 1, 0, 0
253601, 1265870, 1, 0, 0
253700, 1222651, 1, 0, 0
253800, 1257306, 1, 0, 0
253900, 1206812, 1, 0, 0
254001, 1285246, 1, 0, 0
254101, 1203446, 1, 0, 0
254200, 1203330, 1, 0, 0
254300, 1239272, 1, 0, 0
254400, 1259319, 1, 0, 0
254500, 1225649, 1, 0, 0
254600, 1221828, 1, 0, 0
254700, 1272951, 1, 0, 0
254800, 1281061, 1, 0, 0
254900, 1258027, 1, 0, 0
255000, 1238281, 1, 0, 0
255100, 1224678, 1, 0, 0
255200, 1186847, 1, 0, 0
255300, 1252678, 1, 0, 0
255401, 1262759, 1, 0, 0
255500, 1259186, 1, 0, 0
255600, 1187903, 1, 0, 0
255700, 1251355, 1, 0, 0
255800, 1204359, 1, 0, 0
255901, 1243645, 1, 0, 0
256000, 1266421, 1, 0, 0
256101, 1292046, 1, 0, 0
256200, 1241455, 1, 0, 0
256300, 1243125, 1, 0, 0
256400, 1239267, 1, 0, 0
256500, 1252545, 1, 0, 0
256600, 1303668, 1, 0, 0
256701, 1238758, 1, 0, 0
256801, 1204489, 1, 0, 0
256900, 1176499, 1, 0, 0
257000, 1191032, 1, 0, 0
257100, 1212680, 1, 0, 0
257200, 1237635, 1, 0, 0
257301, 1222966, 1, 0, 0
257400, 1220445, 1, 0, 0
257500, 1240022, 1, 0, 0
257600, 1280127, 1, 0, 0
257700, 1278351, 1, 0, 0
257800, 1189119, 1, 0, 0
257900, 1258880, 1, 0, 0
258000, 1232692, 1, 0, 0
258100, 1250941, 1, 0, 0
258200, 1281312, 1, 0, 0
258300, 1262412, 1, 0, 0
258400, 1190307, 1, 0, 0
258500, 1274083, 1, 0, 0
258601, 1246920, 1, 0, 0
258700, 1211978, 1, 0, 0
258801, 1163648, 1, 0, 0
258900, 1207016, 1, 0, 0
259000, 1276200, 1, 0, 0
259100, 1240171, 1, 0, 0
259201, 1206191, 1, 0, 0
259300, 1178832, 1, 0, 0
259400, 1191426, 1, 0, 0
259500, 1314216, 1, 0, 0
259600, 1249790, 1, 0, 0
259700, 1217851, 1, 0, 0
259800, 1203087, 1, 0, 0
259900, 1310483, 1, 0, 0
260000, 1232322, 1, 0, 0
260100, 1204117, 1, 0, 0
260200, 1198876, 1, 0, 0
260300, 1219504, 1, 0, 0
260401, 1261884, 1, 0, 0
260500, 1216058, 1, 0, 0
260601, 1198014, 1, 0, 0
260700, 1243037, 1, 0, 0
260800, 1219423, 1, 0, 0
260900, 1216558, 1, 0, 0
261000, 1231009, 1, 0, 0
261101, 1224918, 1, 0, 0
261200, 1191348, 1, 0, 0
261300, 1223696, 1, 0, 0
261400, 1238294, 1, 0, 0
261500, 1236267, 1, 0, 0
261600, 1192748, 1, 0, 0
261700, 1226729, 1, 0, 0
261800, 1214685, 1, 0, 0
261900, 1235225, 1, 0, 0
262000, 1182254, 1, 0, 0
262100, 1239953, 1, 0, 0
262200, 1330947, 1, 0, 0
262300, 1191923, 1, 0, 0
262400, 1245144, 1, 0, 0
262501, 1210676, 1, 0, 0
262600, 1210118, 1, 0, 0
262700, 1237575, 1, 0, 0
262800, 1255195, 1, 0, 0
262900, 1271375, 1, 0, 0
263000, 1238241, 1, 0, 0
263100, 1221522, 1, 0, 0
263201, 1271950, 1, 0, 0
263301, 1202485, 1, 0, 0
263400, 1287178, 1, 0, 0
263500, 1245777, 1, 0, 0
263601, 1246048, 1, 0, 0
263700, 1228725, 1, 0, 0
263800, 1252004, 1, 0, 0
263900, 1269299, 1, 0, 0
264000, 1246263, 1, 0, 0
264101, 1243803, 1, 0, 0
264200, 1211943, 1, 0, 0
264300, 1314004, 1, 0, 0
264401, 1218991, 1, 0, 0
264501, 1220231, 1, 0, 0
264600, 1289369, 1, 0, 0
264700, 1231812, 1, 0, 0
264801, 1209365, 1, 0, 0
264900, 1340391, 1, 0, 0
265001, 1238271, 1, 0, 0
265100, 1238220, 1, 0, 0
265200, 1191698, 1, 0, 0
265300, 1250767, 1, 0, 0
265401, 1208615, 1, 0, 0
265500, 1251504, 1, 0, 0
265600, 1203149, 1, 0, 0
265700, 1249499, 1, 0, 0
265800, 1297399, 1, 0, 0
265900, 1294237, 1, 0, 0
266001, 1256308, 1, 0, 0
266101, 1251083, 1, 0, 0
266200, 1252421, 1, 0, 0
266300, 1231151, 1, 0, 0
266401, 1210789, 1, 0, 0
266500, 1220533, 1, 0, 0
266600, 1249290, 1, 0, 0
266700, 1179530, 1, 0, 0
266800, 1225870, 1, 0, 0
266900, 1289126, 1, 0, 0
267000, 1266144, 1, 0, 0
267100, 1220774, 1, 0, 0
267200, 1178206, 1, 0, 0
267300, 1235198, 1, 0, 0
267400, 1171890, 1, 0, 0
267500, 1215379, 1, 0, 0
267601, 1227653, 1, 0, 0
267700, 1250480, 1, 0, 0
267801, 1188596, 1, 0, 0
267901, 1262380, 1, 0, 0
268000, 1180625, 1, 0, 0
268100, 1242679, 1, 0, 0
268200, 1236202, 1, 0, 0
268300, 1223339, 1, 0, 0
268400, 1264965, 1, 0, 0
268500, 1196486, 1, 0, 0
268601, 1266273, 1, 0, 0
268700, 1312131, 1, 0, 0
268800, 1231948, 1, 0, 0
268900, 1274290, 1, 0, 0
269000, 1214344, 1, 0, 0
269100, 1224009, 1, 0, 0
269200, 1187143, 1, 0, 0
269300, 1248667, 1, 0, 0
269400, 1252734, 1, 0, 0
269502, 1199133, 1, 0, 0
269600, 1245965, 1, 0, 0
269700, 1256705, 1, 0, 0
269800, 1272455, 1, 0, 0
269900, 1197869, 1, 0, 0
270000, 1178499, 1, 0, 0
270101, 1213617, 1, 0, 0
270200, 1247034, 1, 0, 0
270300, 1183543, 1, 0, 0
270400, 1201337, 1, 0, 0
270500, 1253524, 1, 0, 0
270600, 1222606, 1, 0, 0
270700, 1216728, 1, 0, 0
270800, 1203851, 1, 0, 0
270900, 1174199, 1, 0, 0
271001, 1200296, 1, 0, 0
271100, 1258140, 1, 0, 0
271200, 1219279, 1, 0, 0
271300, 1232573, 1, 0, 0
271400, 1206779, 1, 0, 0
271500, 1235190, 1, 0, 0
271601, 1211899, 1, 0, 0
271700, 1205314, 1, 0, 0
271800, 1204744, 1, 0, 0
271900, 1202989, 1, 0, 0
272002, 1311032, 1, 0, 0
272100, 1250357, 1, 0, 0
272200, 1236460, 1, 0, 0
272300, 1211866, 1, 0, 0
272400, 1230581, 1, 0, 0
272501, 1201272, 1, 0, 0
272600, 1222086, 1, 0, 0
272700, 1216012, 1, 0, 0
272800, 1207581, 1, 0, 0
272901, 1165278, 1, 0, 0
273000, 1145178, 1, 0, 0
273100, 1173329, 1, 0, 0
273200, 1229014, 1, 0, 0
273300, 1206976, 1, 0, 0
273400, 1173362, 1, 0, 0
273500, 1198389, 1, 0, 0
273600, 1205871, 1, 0, 0
273700, 1199534, 1, 0, 0
273800, 1207381, 1, 0, 0
273901, 1235990, 1, 0, 0
274001, 1189058, 1, 0, 0
274100, 1164370, 1, 0, 0
274200, 1194744, 1, 0, 0
274300, 1183566, 1, 0, 0
274400, 1200760, 1, 0, 0
274500, 1230038, 1, 0, 0
274600, 1204880, 1, 0, 0
274700, 1193149, 1, 0, 0
274800, 1250808, 1, 0, 0
274900, 1227066, 1, 0, 0
275000, 1179126, 1, 0, 0
275100, 1248277, 1, 0, 0
275200, 1231067, 1, 0, 0
275301, 1194667, 1, 0, 0
275400, 1208354, 1, 0, 0
275500, 1206213, 1, 0, 0
275600, 1179434, 1, 0, 0
275700, 1222163, 1, 0, 0
275800, 1233611, 1, 0, 0
275901, 1238145, 1, 0, 0
276000, 1225180, 1, 0, 0
276100, 1243391, 1, 0, 0
276201, 1274792, 1, 0, 0
276301, 1233666, 1, 0, 0
276400, 1224827, 1, 0, 0
276500, 1269301, 1, 0, 0
276600, 1215193, 1, 0, 0
276700, 1253814, 1, 0, 0
276800, 1183952, 1, 0, 0
276900, 1153480, 1, 0, 0
277000, 1192838, 1, 0, 0
277101, 1212498, 1, 0, 0
277200, 1217328, 1, 0, 0
277300, 1204045, 1, 0, 0
277400, 1204665, 1, 0, 0
277500, 1164049, 1, 0, 0
277600, 1211227, 1, 0, 0
277700, 1209161, 1, 0, 0
277800, 1258664, 1, 0, 0
277900, 1204257, 1, 0, 0
278000, 1198905, 1, 0, 0
278100, 1209533, 1, 0, 0
278200, 1259712, 1, 0, 0
278300, 1230940, 1, 0, 0
278400, 1171850, 1, 0, 0
278500, 1174194, 1, 0, 0
278601, 1246410, 1, 0, 0
278701, 1159847, 1, 0, 0
278800, 1151313, 1, 0, 0
278900, 1195609, 1, 0, 0
279000, 1228686, 1, 0, 0
279100, 1144851, 1, 0, 0
279200, 1176305, 1, 0, 0
279300, 1160425, 1, 0, 0
279400, 1222918, 1, 0, 0
279500, 1185347, 1, 0, 0
279600, 1204463, 1, 0, 0
279700, 1198293, 1, 0, 0
279800, 1221433, 1, 0, 0
279900, 1183136, 1, 0, 0
280001, 1255981, 1, 0, 0
280100, 1214553, 1, 0, 0
280200, 1187846, 1, 0, 0
280301, 1195104, 1, 0, 0
280400, 1181528, 1, 0, 0
280500, 1185621, 1, 0, 0
280600, 1171045, 1, 0, 0
280700, 1265422, 1, 0, 0
280800, 1202758, 1, 0, 0
280900, 1187474, 1, 0, 0
281001, 1226918, 1, 0, 0
281100, 1197156, 1, 0, 0
281200, 1211606, 1, 0, 0
281300, 1216887, 1, 0, 0
281401, 1214233, 1, 0, 0
281500, 1188980, 1, 0, 0
281600, 1227103, 1, 0, 0
281700, 1210626, 1, 0, 0
281800, 1199764, 1, 0, 0
281900, 1194467, 1, 0, 0
282000, 1207698, 1, 0, 0
282100, 1200756, 1, 0, 0
282200, 1200828, 1, 0, 0
282300, 1231610, 1, 0, 0
282401, 1193876, 1, 0, 0
282501, 1193139, 1, 0, 0
282600, 1165025, 1, 0, 0
282701, 1208099, 1, 0, 0
282800, 1223757, 1, 0, 0
282900, 1201702, 1, 0, 0
283000, 1266313, 1, 0, 0
283100, 1249753, 1, 0, 0
283200, 1218776, 1, 0, 0
283300, 1181998, 1, 0, 0
283401, 1226540, 1, 0, 0
283500, 1184593, 1, 0, 0
283600, 1225016, 1, 0, 0
283700, 1249906, 1, 0, 0
283800, 1247050, 1, 0, 0
283900, 1204527, 1, 0, 0
284000, 1242825, 1, 0, 0
284100, 1183168, 1, 0, 0
284200, 1224857, 1, 0, 0
284300, 1218440, 1, 0, 0
284400, 1230248, 1, 0, 0
284500, 1209411, 1, 0, 0
284600, 1186715, 1, 0, 0
284700, 1212961, 1, 0, 0
284800, 1206650, 1, 0, 0
284900, 1211631, 1, 0, 0
285000, 1190704, 1, 0, 0
285100, 1193715, 1, 0, 0
285200, 1211219, 1, 0, 0
285300, 1188000, 1, 0, 0
285401, 1199116, 1, 0, 0
285500, 1235874, 1, 0, 0
285602, 1246299, 1, 0, 0
285700, 1223754, 1, 0, 0
285800, 1216832, 1, 0, 0
285900, 1197545, 1, 0, 0
286000, 1234197, 1, 0, 0
286100, 1262233, 1, 0, 0
286200, 1251116, 1, 0, 0
286300, 1238281, 1, 0, 0
286400, 1223974, 1, 0, 0
286500, 1195271, 1, 0, 0
286600, 1199570, 1, 0, 0
286700, 1164172, 1, 0, 0
286801, 1268835, 1, 0, 0
286900, 1185932, 1, 0, 0
287000, 1267314, 1, 0, 0
287101, 1262315, 1, 0, 0
287200, 1233526, 1, 0, 0
287300, 1225848, 1, 0, 0
287400, 1185185, 1, 0, 0
287500, 1194514, 1, 0, 0
287600, 1216071, 1, 0, 0
287700, 1218216, 1, 0, 0
287800, 1224453, 1, 0, 0
287900, 1256054, 1, 0, 0
288000, 1199581, 1, 0, 0
288101, 1238415, 1, 0, 0
288201, 1248689, 1, 0, 0
288300, 1209904, 1, 0, 0
288400, 1202455, 1, 0, 0
288501, 1227214, 1, 0, 0
288600, 1223283, 1, 0, 0
288700, 1219348, 1, 0, 0
288801, 1191988, 1, 0, 0
288900, 1183940, 1, 0, 0
289000, 1244848, 1, 0, 0
289100, 1185776, 1, 0, 0
289201, 1184684, 1, 0, 0
289301, 1230939, 1, 0, 0
289401, 1187743, 1, 0, 0
289500, 1175976, 1, 0, 0
289600, 1237567, 1, 0, 0
289700, 1222604, 1, 0, 0
289801, 1191981, 1, 0, 0
289900, 1255796, 1, 0, 0
290000, 1172840, 1, 0, 0
290100, 1187506, 1, 0, 0
290200, 1189925, 1, 0, 0
290300, 1155635, 1, 0, 0
290401, 1244670, 1, 0, 0
290500, 1279684, 1, 0, 0
290600, 1263252, 1, 0, 0
290700, 1168001, 1, 0, 0
290801, 1271456, 1, 0, 0
290900, 1252232, 1, 0, 0
291000, 1248338, 1, 0, 0
291100, 1186550, 1, 0, 0
291201, 1187406, 1, 0, 0
291300, 1198005, 1, 0, 0
291400, 1242823, 1, 0, 0
291500, 1246596, 1, 0, 0
291600, 1209883, 1, 0, 0
291700, 1216509, 1, 0, 0
291800, 1203779, 1, 0, 0
291900, 1269284, 1, 0, 0
292000, 1224369, 1, 0, 0
292100, 1245135, 1, 0, 0
292201, 1271921, 1, 0, 0
292300, 1214098, 1, 0, 0
292400, 1214863, 1, 0, 0
292501, 1286806, 1, 0, 0
292600, 1267137, 1, 0, 0
292700, 1212425, 1, 0, 0
292800, 1231591, 1, 0, 0
292900, 1202007, 1, 0, 0
293000, 1201131, 1, 0, 0
293100, 1258775, 1, 0, 0
293200, 1229385, 1, 0, 0
293302, 1212829, 1, 0, 0
293400, 1193900, 1, 0, 0
293501, 1243099, 1, 0, 0
293600, 1169392, 1, 0, 0
293700, 1228875, 1, 0, 0
293800, 1327833, 1, 0, 0
293900, 1225332, 1, 0, 0
294000, 1231259, 1, 0, 0
294100, 1200062, 1, 0, 0
294201, 1211415, 1, 0, 0
294300, 1181686, 1, 0, 0
294400, 1260372, 1, 0, 0
294500, 1268857, 1, 0, 0
294600, 1259060, 1, 0, 0
294700, 1209793, 1, 0, 0
294800, 1200553, 1, 0, 0
294900, 1196508, 1, 0, 0
295000, 1268252, 1, 0, 0
295100, 1261752, 1, 0, 0
295200, 1213197, 1, 0, 0
295300, 1256281, 1, 0, 0
295400, 1185814, 1, 0, 0
295501, 1271267, 1, 0, 0
295601, 1232156, 1, 0, 0
295700, 1170420, 1, 0, 0
295800, 1229573, 1, 0, 0
295900, 1211292, 1, 0, 0
296000, 1207299, 1, 0, 0
296100, 1212242, 1, 0, 0
296200, 1231840, 1, 0, 0
296301, 1213886, 1, 0, 0
296400, 1270693, 1, 0, 0
296500, 1200245, 1, 0, 0
296600, 1220266, 1, 0, 0
296700, 1178573, 1, 0, 0
296801, 1188468, 1, 0, 0
296900, 1259663, 1, 0, 0
297000, 1217321, 1, 0, 0
297100, 1185550, 1, 0, 0
297201, 1186238, 1, 0, 0
297300, 1229189, 1, 0, 0
297400, 1155104, 1, 0, 0
297500, 1251079, 1, 0, 0
297600, 1229673, 1, 0, 0
297700, 1231305, 1, 0, 0
297800, 1174428, 1, 0, 0
297900, 1253827, 1, 0, 0
298000, 1215760, 1, 0, 0
298100, 1240251, 1, 0, 0
298200, 1231973, 1, 0, 0
298300, 1195978, 1, 0, 0
298400, 1223938, 1, 0, 0
298500, 1190982, 1, 0, 0
298600, 1216506, 1, 0, 0
298700, 1223919, 1, 0, 0
298800, 1199123, 1, 0, 0
298900, 1187361, 1, 0, 0
299000, 1195022, 1, 0, 0
299100, 1232978, 1, 0, 0
299200, 1228063, 1, 0, 0
299300, 1191312, 1, 0, 0
299400, 1134418, 1, 0, 0
299500, 1191969, 1, 0, 0
299600, 1176388, 1, 0, 0
299700, 1252726, 1, 0, 0
299800, 1274050, 1, 0, 0
299900, 1190837, 1, 0, 0
300000, 1177820, 1, 0, 0
300100, 1219200, 1, 0, 0
300200, 1212239, 1, 0, 0
300300, 1230075, 1, 0, 0
300400, 1183463, 1, 0, 0
300500, 1173149, 1, 0, 0
300600, 1213215, 1, 0, 0
300700, 1215323, 1, 0, 0
300800, 1262803, 1, 0, 0
300900, 1239692, 1, 0, 0
301000, 1234187, 1, 0, 0
301100, 1225172, 1, 0, 0
301200, 1228317, 1, 0, 0
301300, 1242218, 1, 0, 0
301400, 1154479, 1, 0, 0
301500, 1172215, 1, 0, 0
301601, 1227805, 1, 0, 0
301700, 1226772, 1, 0, 0
301800, 1245046, 1, 0, 0
301900, 1233503, 1, 0, 0
302000, 1229441, 1, 0, 0
302100, 1187327, 1, 0, 0
302200, 1232087, 1, 0, 0
302300, 1194269, 1, 0, 0
302400, 1182095, 1, 0, 0
302500, 1233291, 1, 0, 0
302600, 1240944, 1, 0, 0
302700, 1183797, 1, 0, 0
302800, 1166137, 1, 0, 0
302901, 1205560, 1, 0, 0
303000, 1160226, 1, 0, 0
303100, 1193895, 1, 0, 0
303200, 1250238, 1, 0, 0
303301, 1180326, 1, 0, 0
303400, 1258454, 1, 0, 0
303500, 1168480, 1, 0, 0
303600, 1229522, 1, 0, 0
303700, 1119195, 1, 0, 0
303801, 1235833, 1, 0, 0
303900, 1193466, 1, 0, 0
304000, 1172864, 1, 0, 0
304100, 1186066, 1, 0, 0
304200, 1240294, 1, 0, 0
304300, 1223446, 1, 0, 0
304400, 1175188, 1, 0, 0
304500, 1194456, 1, 0, 0
304600, 1197008, 1, 0, 0
304700, 1190084, 1, 0, 0
304800, 1244565, 1, 0, 0
304900, 1209966, 1, 0, 0
305000, 1232128, 1, 0, 0
305101, 1226027, 1, 0, 0
305200, 1226492, 1, 0, 0
305300, 1215628, 1, 0, 0
305400, 1264547, 1, 0, 0
305500, 1249803, 1, 0, 0
305600, 1211120, 1, 0, 0
305701, 1209563, 1, 0, 0
305800, 1285072, 1, 0, 0
305900, 1257354, 1, 0, 0
306001, 1205077, 1, 0, 0
306101, 1188033, 1, 0, 0
306200, 1200114, 1, 0, 0
306300, 1169382, 1, 0, 0
306400, 1237407, 1, 0, 0
306500, 1200891, 1, 0, 0
306600, 1217505, 1, 0, 0
306700, 1214502, 1, 0, 0
306801, 1197295, 1, 0, 0
306900, 1165695, 1, 0, 0
307001, 1288479, 1, 0, 0
307101, 1247151, 1, 0, 0
307200, 1240101, 1, 0, 0
307300, 1160872, 1, 0, 0
307400, 1188381, 1, 0, 0
307500, 1164180, 1, 0, 0
307600, 1181167, 1, 0, 0
307700, 1224507, 1, 0, 0
307800, 1197745, 1, 0, 0
307900, 1192576, 1, 0, 0
308000, 1227629, 1, 0, 0
308100, 1193073, 1, 0, 0
308200, 1236781, 1, 0, 0
308300, 1236973, 1, 0, 0
308400, 1227417, 1, 0, 0
308500, 1257587, 1, 0, 0
308600, 1172369, 1, 0, 0
308700, 1247240, 1, 0, 0
308800, 1278164, 1, 0, 0
308900, 1235217, 1, 0, 0
309000, 1224594, 1, 0, 0
309100, 1207020, 1, 0, 0
309200, 1204140, 1, 0, 0
309300, 1243758, 1, 0, 0
309400, 1192691, 1, 0, 0
309500, 1160602, 1, 0, 0
309600, 1187439, 1, 0, 0
309700, 1193816, 1, 0, 0
309800, 1148121, 1, 0, 0
309900, 1172577, 1, 0, 0
310000, 1288995, 1, 0, 0
310100, 1265925, 1, 0, 0
310200, 1243326, 1, 0, 0
310300, 1218795, 1, 0, 0
310400, 1221395, 1, 0, 0
310500, 1226856, 1, 0, 0
310600, 1226293, 1, 0, 0
310700, 1180481, 1, 0, 0
310800, 1234760, 1, 0, 0
310900, 1209361, 1, 0, 0
311000, 1243063, 1, 0, 0
311101, 1195949, 1, 0, 0
311200, 1169911, 1, 0, 0
311300, 1219032, 1, 0, 0
311400, 1217197, 1, 0, 0
311500, 1203279, 1, 0, 0
311600, 1255281, 1, 0, 0
311700, 1267464, 1, 0, 0
311801, 1194024, 1, 0, 0
311900, 1201431, 1, 0, 0
312001, 1191366, 1, 0, 0
312100, 1178103, 1, 0, 0
312200, 1191959, 1, 0, 0
312300, 1240921, 1, 0, 0
312400, 1193297, 1, 0, 0
312500, 1243369, 1, 0, 0
312600, 1230862, 1, 0, 0
312700, 1217794, 1, 0, 0
312800, 1197248, 1, 0, 0
312900, 1249249, 1, 0, 0
313000, 1205870, 1, 0, 0
313101, 1239471, 1, 0, 0
313200, 1216331, 1, 0, 0
313300, 1216483, 1, 0, 0
313400, 1202082, 1, 0, 0
313500, 1186892, 1, 0, 0
313600, 1223466, 1, 0, 0
313700, 1172084, 1, 0, 0
313801, 1269706, 1, 0, 0
313900, 1210960, 1, 0, 0
314000, 1204419, 1, 0, 0
314100, 1174258, 1, 0, 0
314200, 1246703, 1, 0, 0
314300, 1226220, 1, 0, 0
314401, 1259598, 1, 0, 0
314500, 1216305, 1, 0, 0
314600, 1172183, 1, 0, 0
314700, 1233798, 1, 0, 0
314800, 1194745, 1, 0, 0
314900, 1178502, 1, 0, 0
315001, 1223630, 1, 0, 0
315100, 1173112, 1, 0, 0
315200, 1196905, 1, 0, 0
315300, 1174690, 1, 0, 0
315400, 1159036, 1, 0, 0
315500, 1239842, 1, 0, 0
315600, 1211829, 1, 0, 0
315700, 1187611, 1, 0, 0
315800, 1250738, 1, 0, 0
315900, 1182214, 1, 0, 0
316000, 1219471, 1, 0, 0
316100, 1177690, 1, 0, 0
316200, 1234903, 1, 0, 0
316300, 1272485, 1, 0, 0
316400, 1200440, 1, 0, 0
316500, 1239900, 1, 0, 0
316600, 1198638, 1, 0, 0
316700, 1192245, 1, 0, 0
316801, 1194997, 1, 0, 0
316900, 1185046, 1, 0, 0
317000, 1216560, 1, 0, 0
317100, 1202765, 1, 0, 0
317201, 1206020, 1, 0, 0
317300, 1156088, 1, 0, 0
317400, 1181616, 1, 0, 0
317500, 1234889, 1, 0, 0
317600, 1195776, 1, 0, 0
317700, 1209217, 1, 0, 0
317800, 1205348, 1, 0, 0
317901, 1210181, 1, 0, 0
318000, 1207462, 1, 0, 0
318100, 1224852, 1, 0, 0
318200, 1196200, 1, 0, 0
318301, 1171652, 1, 0, 0
318401, 1164136, 1, 0, 0
318500, 1190984, 1, 0, 0
318600, 1190643, 1, 0, 0
318700, 1273633, 1, 0, 0
318800, 1201994, 1, 0, 0
318900, 1222727, 1, 0, 0
319000, 1238958, 1, 0, 0
319100, 1192721, 1, 0, 0
319200, 1231158, 1, 0, 0
319301, 1185520, 1, 0, 0
319401, 1215818, 1, 0, 0
319500, 1196129, 1, 0, 0
319600, 1274664, 1, 0, 0
319700, 1207329, 1, 0, 0
319800, 1162678, 1, 0, 0
319900, 1264817, 1, 0, 0
320000, 1217808, 1, 0, 0
320100, 1229130, 1, 0, 0
320201, 1180289, 1, 0, 0
320300, 1185057, 1, 0, 0
320400, 1193048, 1, 0, 0
320501, 1229251, 1, 0, 0
320600, 1210187, 1, 0, 0
320700, 1216556, 1, 0, 0
320802, 1195134, 1, 0, 0
320900, 1214035, 1, 0, 0
321000, 1186076, 1, 0, 0
321100, 1187681, 1, 0, 0
321200, 1171993, 1, 0, 0
321300, 1191500, 1, 0, 0
321400, 1197030, 1, 0, 0
321500, 1288726, 1, 0, 0
321600, 1188709, 1, 0, 0
321701, 1207492, 1, 0, 0
321800, 1218740, 1, 0, 0
321900, 1196990, 1, 0, 0
322000, 1233447, 1, 0, 0
322100, 1214938, 1, 0, 0
322200, 1200098, 1, 0, 0
322300, 1188890, 1, 0, 0
322401, 1182967, 1, 0, 0
322500, 1207063, 1, 0, 0
322600, 1203726, 1, 0, 0
322700, 1189153, 1, 0, 0
322800, 1230327, 1, 0, 0
322900, 1184030, 1, 0, 0
323000, 1155724, 1, 0, 0
323100, 1198789, 1, 0, 0
323200, 1171638, 1, 0, 0
323300, 1195007, 1, 0, 0
323400, 1218654, 1, 0, 0
323500, 1175156, 1, 0, 0
323600, 1296528, 1, 0, 0
323701, 1174438, 1, 0, 0
323800, 1192472, 1, 0, 0
323901, 1231053, 1, 0, 0
324000, 1220088, 1, 0, 0
324100, 1187630, 1, 0, 0
324200, 1272167, 1, 0, 0
324300, 1203426, 1, 0, 0
324400, 1199766, 1, 0, 0
324500, 1224255, 1, 0, 0
324601, 1244750, 1, 0, 0
324700, 1229915, 1, 0, 0
324800, 1216613, 1, 0, 0
324900, 1227371, 1, 0, 0
325000, 1261851, 1, 0, 0
325100, 1210793, 1, 0, 0
325200, 1225458, 1, 0, 0
325300, 1219488, 1, 0, 0
325400, 1201111, 1, 0, 0
325500, 1232090, 1, 0, 0
325600, 1190273, 1, 0, 0
325700, 1198103, 1, 0, 0
325800, 1203565, 1, 0, 0
325900, 1181947, 1, 0, 0
326000, 1223217, 1, 0, 0
326100, 1177189, 1, 0, 0
326200, 1164317, 1, 0, 0
326300, 1174543, 1, 0, 0
326400, 1287969, 1, 0, 0
326500, 1199268, 1, 0, 0
326600, 1187548, 1, 0, 0
326700, 1248870, 1, 0, 0
326800, 1196910, 1, 0, 0
326900, 1213620, 1, 0, 0
327000, 1192810, 1, 0, 0
327100, 1203454, 1, 0, 0
327200, 1214499, 1, 0, 0
327300, 1216231, 1, 0, 0
327400, 1249124, 1, 0, 0
327500, 1192367, 1, 0, 0
327600, 1211228, 1, 0, 0
327700, 1177437, 1, 0, 0
327800, 1220629, 1, 0, 0
327902, 1247835, 1, 0, 0
328000, 1224707, 1, 0, 0
328100, 1187623, 1, 0, 0
328200, 1196668, 1, 0, 0
328300, 1211041, 1, 0, 0
328400, 1202001, 1, 0, 0
328500, 1257241, 1, 0, 0
328600, 1206797, 1, 0, 0
328700, 1298585, 1, 0, 0
328800, 1300099, 1, 0, 0
328901, 1229771, 1, 0, 0
329000, 1221239, 1, 0, 0
329100, 1234069, 1, 0, 0
329200, 1250359, 1, 0, 0
329301, 1203405, 1, 0, 0
329400, 1226483, 1, 0, 0
329500, 1284224, 1, 0, 0
329600, 1192273, 1, 0, 0
329700, 1234911, 1, 0, 0
329800, 1271667, 1, 0, 0
329900, 1185770, 1, 0, 0
330001, 1237376, 1, 0, 0
330101, 1203243, 1, 0, 0
330200, 1219743, 1, 0, 0
330301, 1214216, 1, 0, 0
330401, 1265416, 1, 0, 0
330500, 1191308, 1, 0, 0
330601, 1231350, 1, 0, 0
330700, 1236849, 1, 0, 0
330800, 1280816, 1, 0, 0
330900, 1235418, 1, 0, 0
331001, 1236430, 1, 0, 0
331100, 1184178, 1, 0, 0
331200, 1185971, 1, 0, 0
331300, 1203250, 1, 0, 0
331401, 1269908, 1, 0, 0
331501, 1191546, 1, 0, 0
331600, 1272965, 1, 0, 0
331700, 1288119, 1, 0, 0
331800, 1232587, 1, 0, 0
331900, 1270045, 1, 0, 0
332000, 1247784, 1, 0, 0
332100, 1217971, 1, 0, 0
332200, 1188836, 1, 0, 0
332300, 1189656, 1, 0, 0
332400, 1260607, 1, 0, 0
332500, 1231364, 1, 0, 0
332600, 1198965, 1, 0, 0
332700, 1204225, 1, 0, 0
332801, 1185255, 1, 0, 0
332900, 1191181, 1, 0, 0
333000, 1246887, 1, 0, 0
333101, 1242657, 1, 0, 0
333200, 1254362, 1, 0, 0
333300, 1285190, 1, 0, 0
333400, 1240692, 1, 0, 0
333500, 1269434, 1, 0, 0
333600, 1200686, 1, 0, 0
333700, 1258652, 1, 0, 0
333800, 1192992, 1, 0, 0
333901, 1237861, 1, 0, 0
334000, 1191831, 1, 0, 0
334100, 1218526, 1, 0, 0
334201, 1244150, 1, 0, 0
334300, 1181737, 1, 0, 0
334400, 1227313, 1, 0, 0
334500, 1233466, 1, 0, 0
334600, 1233162, 1, 0, 0
334700, 1204495, 1, 0, 0
334800, 1212575, 1, 0, 0
334900, 1189257, 1, 0, 0
335001, 1248830, 1, 0, 0
335100, 1232154, 1, 0, 0
335201, 1227774, 1, 0, 0
335300, 1244378, 1, 0, 0
335400, 1239848, 1, 0, 0
335500, 1238027, 1, 0, 0
335600, 1283046, 1, 0, 0
335700, 1290131, 1, 0, 0
335800, 1237155, 1, 0, 0
335900, 1242626, 1, 0, 0
336000, 1228950, 1, 0, 0
336100, 1283181, 1, 0, 0
336200, 1204772, 1, 0, 0
336301, 1208831, 1, 0, 0
336400, 1190728, 1, 0, 0
336500, 1221088, 1, 0, 0
336600, 1237740, 1, 0, 0
336700, 1215995, 1, 0, 0
336801, 1237552, 1, 0, 0
336901, 1220457, 1, 0, 0
337000, 1151398, 1, 0, 0
337100, 1234526, 1, 0, 0
337200, 1175183, 1, 0, 0
337300, 1228389, 1, 0, 0
337400, 1217659, 1, 0, 0
337501, 1210903, 1, 0, 0
337601, 1217493, 1, 0, 0
337700, 1244009, 1, 0, 0
337800, 1196736, 1, 0, 0
337900, 1247703, 1, 0, 0
338000, 1204443, 1, 0, 0
338101, 1213065, 1, 0, 0
338200, 1218914, 1, 0, 0
338300, 1201866, 1, 0, 0
338400, 1169166, 1, 0, 0
338500, 1170735, 1, 0, 0
338600, 1210838, 1, 0, 0
338701, 1215584, 1, 0, 0
338800, 1207151, 1, 0, 0
338900, 1165391, 1, 0, 0
339000, 1225822, 1, 0, 0
339100, 1226030, 1, 0, 0
339200, 1246081, 1, 0, 0
339300, 1199171, 1, 0, 0
339401, 1211574, 1, 0, 0
339501, 1187765, 1, 0, 0
339600, 1193480, 1, 0, 0
339700, 1188271, 1, 0, 0
339800, 1190067, 1, 0, 0
339901, 1239828, 1, 0, 0
340000, 1191273, 1, 0, 0
340101, 1260551, 1, 0, 0
340200, 1208143, 1, 0, 0
340300, 1221883, 1, 0, 0
340400, 1244668, 1, 0, 0
340500, 1226793, 1, 0, 0
340600, 1211460, 1, 0, 0
340700, 1201089, 1, 0, 0
340800, 1272261, 1, 0, 0
340900, 1175829, 1, 0, 0
341000, 1222524, 1, 0, 0
341100, 1210496, 1, 0, 0
341200, 1209156, 1, 0, 0
341300, 1187963, 1, 0, 0
341400, 1279999, 1, 0, 0
341500, 1268756, 1, 0, 0
341600, 1214119, 1, 0, 0
341702, 1268456, 1, 0, 0
341800, 1191733, 1, 0, 0
341900, 1233799, 1, 0, 0
342000, 1186206, 1, 0, 0
342100, 1226925, 1, 0, 0
342200, 1194146, 1, 0, 0
342300, 1224104, 1, 0, 0
342400, 1312717, 1, 0, 0
342500, 1248480, 1, 0, 0
342600, 1223943, 1, 0, 0
342700, 1167803, 1, 0, 0
342800, 1198588, 1, 0, 0
342900, 1201003, 1, 0, 0
343000, 1174637, 1, 0, 0
343100, 1165740, 1, 0, 0
343200, 1217217, 1, 0, 0
343300, 1180833, 1, 0, 0
343401, 1215300, 1, 0, 0
343500, 1243402, 1, 0, 0
343600, 1180929, 1, 0, 0
343700, 1141484, 1, 0, 0
343801, 1208891, 1, 0, 0
343900, 1227871, 1, 0, 0
344000, 1229315, 1, 0, 0
344100, 1246927, 1, 0, 0
344200, 1184474, 1, 0, 0
344300, 1208204, 1, 0, 0
344400, 1200706, 1, 0, 0
344500, 1198934, 1, 0, 0
344600, 1201552, 1, 0, 0
344700, 1176979, 1, 0, 0
344800, 1195050, 1, 0, 0
344900, 1155222, 1, 0, 0
345000, 1199775, 1, 0, 0
345101, 1214284, 1, 0, 0
345200, 1208865, 1, 0, 0
345300, 1245365, 1, 0, 0
345401, 1213051, 1, 0, 0
345500, 1221161, 1, 0, 0
345600, 1240019, 1, 0, 0
345700, 1167535, 1, 0, 0
345800, 1190480, 1, 0, 0
345900, 1222349, 1, 0, 0
346000, 1218176, 1, 0, 0
346100, 1164092, 1, 0, 0
346200, 1226197, 1, 0, 0
346301, 1205170, 1, 0, 0
346400, 1276745, 1, 0, 0
346500, 1247824, 1, 0, 0
346600, 1198916, 1, 0, 0
346700, 1214493, 1, 0, 0
346800, 1207614, 1, 0, 0
346900, 1181256, 1, 0, 0
347000, 1188158, 1, 0, 0
347100, 1227217, 1, 0, 0
347201, 1191269, 1, 0, 0
347302, 1231185, 1, 0, 0
347400, 1223595, 1, 0, 0
347500, 1186983, 1, 0, 0
347600, 1120757, 1, 0, 0
347700, 1210150, 1, 0, 0
347800, 1157909, 1, 0, 0
347900, 1179536, 1, 0, 0
348000, 1193281, 1, 0, 0
348101, 1185313, 1, 0, 0
348200, 1198286, 1, 0, 0
348300, 1170445, 1, 0, 0
348400, 1201734, 1, 0, 0
348500, 1187750, 1, 0, 0
348600, 1171398, 1, 0, 0
348700, 1171128, 1, 0, 0
348800, 1198392, 1, 0, 0
348901, 1152166, 1, 0, 0
349000, 1178927, 1, 0, 0
349100, 1248297, 1, 0, 0
349201, 1182827, 1, 0, 0
349300, 1212372, 1, 0, 0
349400, 1184244, 1, 0, 0
349500, 1191248, 1, 0, 0
349600, 1213972, 1, 0, 0
349700, 1175797, 1, 0, 0
349800, 1179455, 1, 0, 0
349900, 1180391, 1, 0, 0
350000, 1188964, 1, 0, 0
350100, 1222604, 1, 0, 0
350200, 1199822, 1, 0, 0
350300, 1164833, 1, 0, 0
350400, 1155674, 1, 0, 0
350500, 1191939, 1, 0, 0
350600, 1156815, 1, 0, 0
350700, 1200207, 1, 0, 0
350800, 1205800, 1, 0, 0
350900, 1282276, 1, 0, 0
351001, 1256614, 1, 0, 0
351100, 1254870, 1, 0, 0
351200, 1226089, 1, 0, 0
351300, 1222469, 1, 0, 0
351401, 1224382, 1, 0, 0
351501, 1203786, 1, 0, 0
351600, 1206830, 1, 0, 0
351700, 1209714, 1, 0, 0
351800, 1257522, 1, 0, 0
351900, 1233541, 1, 0, 0
352001, 1224588, 1, 0, 0
352100, 1219877, 1, 0, 0
352200, 1182118, 1, 0, 0
352300, 1231324, 1, 0, 0
352400, 1217248, 1, 0, 0
352500, 1174263, 1, 0, 0
352600, 1247920, 1, 0, 0
352700, 1182393, 1, 0, 0
352800, 1255333, 1, 0, 0
352901, 1239462, 1, 0, 0
353000, 1210095, 1, 0, 0
353100, 1236081, 1, 0, 0
353201, 1233467, 1, 0, 0
353301, 1190619, 1, 0, 0
353400, 1218871, 1, 0, 0
353500, 1236708, 1, 0, 0
353601, 1211676, 1, 0, 0
353700, 1236620, 1, 0, 0
353800, 1231125, 1, 0, 0
353900, 1241551, 1, 0, 0
354000, 1240079, 1, 0, 0
354100, 1224078, 1, 0, 0
354200, 1233681, 1, 0, 0
354300, 1259621, 1, 0, 0
354401, 1237159, 1, 0, 0
354500, 1224723, 1, 0, 0
354600, 1232629, 1, 0, 0
354701, 1181405, 1, 0, 0
354801, 1267137, 1, 0, 0
354900, 1190688, 1, 0, 0
355001, 1243841, 1, 0, 0
355101, 1202984, 1, 0, 0
355200, 1213020, 1, 0, 0
355300, 1226492, 1, 0, 0
355401, 1214437, 1, 0, 0
355500, 1221650, 1, 0, 0
355600, 1211909, 1, 0, 0
355700, 1263398, 1, 0, 0
355800, 1223060, 1, 0, 0
355900, 1205537, 1, 0, 0
356000, 1237731, 1, 0, 0
356100, 1267986, 1, 0, 0
356200, 1222144, 1, 0, 0
356301, 1237825, 1, 0, 0
356401, 1186743, 1, 0, 0
356500, 1192499, 1, 0, 0
356600, 1174190, 1, 0, 0
356700, 1172579, 1, 0, 0
356800, 1220401, 1, 0, 0
356900, 1154499, 1, 0, 0
357000, 1158086, 1, 0, 0
357100, 1230605, 1, 0, 0
357200, 1245809, 1, 0, 0
357300, 1263641, 1, 0, 0
357400, 1237371, 1, 0, 0
357500, 1219017, 1, 0, 0
357600, 1195700, 1, 0, 0
357700, 1162481, 1, 0, 0
357800, 1228915, 1, 0, 0
357900, 1256467, 1, 0, 0
358000, 1253524, 1, 0, 0
358100, 1221578, 1, 0, 0
358200, 1230724, 1, 0, 0
358300, 1238335, 1, 0, 0
358400, 1227061, 1, 0, 0
358500, 1252663, 1, 0, 0
358600, 1214872, 1, 0, 0
358700, 1232669, 1, 0, 0
358800, 1216487, 1, 0, 0
358900, 1201641, 1, 0, 0
359000, 1174426, 1, 0, 0
359100, 1193987, 1, 0, 0
359200, 1206278, 1, 0, 0
359300, 1226692, 1, 0, 0
359400, 1217228, 1, 0, 0
359500, 1193921, 1, 0, 0
359600, 1185356, 1, 0, 0
359700, 1253116, 1, 0, 0
359800, 1235292, 1, 0, 0
359901, 1241558, 1, 0, 0
360000, 1300826, 1, 0, 0
360100, 1252104, 1, 0, 0
360201, 1208715, 1, 0, 0
360300, 1180294, 1, 0, 0
360400, 1206400, 1, 0, 0
360500, 1205126, 1, 0, 0
360600, 1168097, 1, 0, 0
360701, 1222079, 1, 0, 0
360800, 1262438, 1, 0, 0
360900, 1309932, 1, 0, 0
361000, 1179165, 1, 0, 0
361100, 1180694, 1, 0, 0
361200, 1182905, 1, 0, 0
361300, 1224608, 1, 0, 0
361400, 1146396, 1, 0, 0
361500, 1195120, 1, 0, 0
361601, 1208286, 1, 0, 0
361701, 1188838, 1, 0, 0
361800, 1196176, 1, 0, 0
361900, 1188824, 1, 0, 0
362001, 1196378, 1, 0, 0
362100, 1178719, 1, 0, 0
362200, 1161318, 1, 0, 0
362301, 1224538, 1, 0, 0
362400, 1226477, 1, 0, 0
362500, 1196674, 1, 0, 0
362601, 1132917, 1, 0, 0
362700, 1259905, 1, 0, 0
362800, 1180510, 1, 0, 0
362900, 1179487, 1, 0, 0
363001, 1254550, 1, 0, 0
363100, 1180803, 1, 0, 0
363201, 1198676, 1, 0, 0
363301, 1215632, 1, 0, 0
363400, 1169039, 1, 0, 0
363500, 1198259, 1, 0, 0
363601, 1239814, 1, 0, 0
363700, 1224177, 1, 0, 0
363800, 1238252, 1, 0, 0
363900, 1258727, 1, 0, 0
364000, 1216820, 1, 0, 0
364100, 1184986, 1, 0, 0
364200, 1253301, 1, 0, 0
364301, 1254336, 1, 0, 0
364400, 1170047, 1, 0, 0
364500, 1191402, 1, 0, 0
364600, 1194481, 1, 0, 0
364700, 1244744, 1, 0, 0
364800, 1169008, 1, 0, 0
364900, 1209562, 1, 0, 0
365001, 1235113, 1, 0, 0
365100, 1150734, 1, 0, 0
365201, 1206852, 1, 0, 0
365301, 1204431, 1, 0, 0
365400, 1225113, 1, 0, 0
365500, 1216901, 1, 0, 0
365601, 1195307, 1, 0, 0
365700, 1192642, 1, 0, 0
365800, 1192367, 1, 0, 0
365900, 1211865, 1, 0, 0
366000, 1232778, 1, 0, 0
366101, 1243939, 1, 0, 0
366200, 1164552, 1, 0, 0
366301, 1154534, 1, 0, 0
366400, 1182965, 1, 0, 0
366500, 1227211, 1, 0, 0
366600, 1192524, 1, 0, 0
366700, 1193269, 1, 0, 0
366800, 1159062, 1, 0, 0
366900, 1162976, 1, 0, 0
367000, 1209240, 1, 0, 0
367100, 1266147, 1, 0, 0
367200, 1178760, 1, 0, 0
367300, 1156543, 1, 0, 0
367400, 1216611, 1, 0, 0
367500, 1219093, 1, 0, 0
367600, 1196704, 1, 0, 0
367700, 1165397, 1, 0, 0
367800, 1201432, 1, 0, 0
367900, 1165098, 1, 0, 0
368001, 1206032, 1, 0, 0
368100, 1197424, 1, 0, 0
368200, 1161322, 1, 0, 0
368300, 1147990, 1, 0, 0
368400, 1202690, 1, 0, 0
368500, 1250805, 1, 0, 0
368601, 1152238, 1, 0, 0
368700, 1219882, 1, 0, 0
368800, 1203209, 1, 0, 0
368900, 1217346, 1, 0, 0
369001, 1197663, 1, 0, 0
369100, 1221142, 1, 0, 0
369201, 1242938, 1, 0, 0
369300, 1236440, 1, 0, 0
369400, 1197357, 1, 0, 0
369500, 1173039, 1, 0, 0
369600, 1243091, 1, 0, 0
369700, 1216275, 1, 0, 0
369800, 1236001, 1, 0, 0
369900, 1201353, 1, 0, 0
370000, 1188112, 1, 0, 0
370101, 1197986, 1, 0, 0
370200, 1187922, 1, 0, 0
370300, 1240849, 1, 0, 0
370401, 1220099, 1, 0, 0
370500, 1214423, 1, 0, 0
370600, 1179565, 1, 0, 0
370700, 1238587, 1, 0, 0
370801, 1224360, 1, 0, 0
370900, 1185567, 1, 0, 0
371000, 1259761, 1, 0, 0
371100, 1204283, 1, 0, 0
371200, 1171616, 1, 0, 0
371300, 1148308, 1, 0, 0
371400, 1201690, 1, 0, 0
371500, 1193915, 1, 0, 0
371600, 1197699, 1, 0, 0
371701, 1215019, 1, 0, 0
371801, 1168422, 1, 0, 0
371900, 1177448, 1, 0, 0
372000, 1227052, 1, 0, 0
372100, 1193897, 1, 0, 0
372200, 1196288, 1, 0, 0
372300, 1170279, 1, 0, 0
372400, 1208610, 1, 0, 0
372500, 1213055, 1, 0, 0
372600, 1182655, 1, 0, 0
372700, 1161605, 1, 0, 0
372800, 1251100, 1, 0, 0
372900, 1215103, 1, 0, 0
373001, 1203442, 1, 0, 0
373100, 1159912, 1, 0, 0
373200, 1203357, 1, 0, 0
373300, 1188689, 1, 0, 0
373400, 1162954, 1, 0, 0
373501, 1252550, 1, 0, 0
373600, 1192914, 1, 0, 0
373700, 1183422, 1, 0, 0
373800, 1185231, 1, 0, 0
373900, 1196514, 1, 0, 0
374000, 1192289, 1, 0, 0
374101, 1194663, 1, 0, 0
374200, 1321011, 1, 0, 0
374300, 1255716, 1, 0, 0
374400, 1214215, 1, 0, 0
374500, 1229021, 1, 0, 0
374600, 1229116, 1, 0, 0
374700, 1205076, 1, 0, 0
374800, 1220786, 1, 0, 0
374901, 1253524, 1, 0, 0
375000, 1169602, 1, 0, 0
375100, 1218937, 1, 0, 0
375201, 1164115, 1, 0, 0
375300, 1171324, 1, 0, 0
375400, 1161158, 1, 0, 0
375500, 1120820, 1, 0, 0
375600, 1254901, 1, 0, 0
375700, 1201985, 1, 0, 0
375800, 1241221, 1, 0, 0
375900, 1233930, 1, 0, 0
376000, 1210909, 1, 0, 0
376100, 1228526, 1, 0, 0
376200, 1251630, 1, 0, 0
376300, 1263573, 1, 0, 0
376402, 1253364, 1, 0, 0
376500, 1206205, 1, 0, 0
376600, 1317887, 1, 0, 0
376700, 1203508, 1, 0, 0
376800, 1216505, 1, 0, 0
376900, 1333648, 1, 0, 0
377000, 1243722, 1, 0, 0
377101, 1276274, 1, 0, 0
377200, 1250491, 1, 0, 0
377300, 1168985, 1, 0, 0
377401, 1164847, 1, 0, 0
377500, 1197580, 1, 0, 0
377600, 1208040, 1, 0, 0
377700, 1263899, 1, 0, 0
377800, 1212812, 1, 0, 0
377900, 1233332, 1, 0, 0
378000, 1256096, 1, 0, 0
378100, 1209332, 1, 0, 0
378200, 1238207, 1, 0, 0
378301, 1185420, 1, 0, 0
378400, 1191544, 1, 0, 0
378500, 1236421, 1, 0, 0
378600, 1268265, 1, 0, 0
378700, 1195296, 1, 0, 0
378800, 1273483, 1, 0, 0
378901, 1204011, 1, 0, 0
379000, 1205364, 1, 0, 0
379100, 1197830, 1, 0, 0
379200, 1229700, 1, 0, 0
379300, 1224080, 1, 0, 0
379401, 1276147, 1, 0, 0
379500, 1224366, 1, 0, 0
379600, 1184311, 1, 0, 0
379700, 1196542, 1, 0, 0
379800, 1274443, 1, 0, 0
379900, 1209259, 1, 0, 0
380000, 1263757, 1, 0, 0
380100, 1260027, 1, 0, 0
380200, 1206664, 1, 0, 0
380300, 1256156, 1, 0, 0
380400, 1237014, 1, 0, 0
380500, 1227820, 1, 0, 0
380600, 1259088, 1, 0, 0
380700, 1306028, 1, 0, 0
380800, 1239413, 1, 0, 0
380900, 1228386, 1, 0, 0
381000, 1211905, 1, 0, 0
381100, 1233759, 1, 0, 0
381200, 1241089, 1, 0, 0
381300, 1218959, 1, 0, 0
381400, 1269680, 1, 0, 0
381500, 1186992, 1, 0, 0
381600, 1231202, 1, 0, 0
381700, 1204462, 1, 0, 0
381801, 1207318, 1, 0, 0
381900, 1206312, 1, 0, 0
382000, 1227900, 1, 0, 0
382100, 1193255, 1, 0, 0
382200, 1221336, 1, 0, 0
382302, 1253390, 1, 0, 0
382400, 1242979, 1, 0, 0
382500, 1242562, 1, 0, 0
382600, 1279306, 1, 0, 0
382700, 1174553, 1, 0, 0
382800, 1184035, 1, 0, 0
382900, 1197505, 1, 0, 0
383000, 1208438, 1, 0, 0
383101, 1236092, 1, 0, 0
383200, 1203405, 1, 0, 0
383300, 1202356, 1, 0, 0
383400, 1319616, 1, 0, 0
383500, 1237209, 1, 0, 0
383600, 1192603, 1, 0, 0
383700, 1216564, 1, 0, 0
383800, 1218317, 1, 0, 0
383900, 1223914, 1, 0, 0
384000, 1278420, 1, 0, 0
384100, 1234226, 1, 0, 0
384200, 1232534, 1, 0, 0
384300, 1179980, 1, 0, 0
384400, 1209226, 1, 0, 0
384500, 1203850, 1, 0, 0
384600, 1178064, 1, 0, 0
384701, 1233521, 1, 0, 0
384800, 1258110, 1, 0, 0
384900, 1221729, 1, 0, 0
385000, 1251595, 1, 0, 0
385100, 1195997, 1, 0, 0
385200, 1212289, 1, 0, 0
385300, 1191436, 1, 0, 0
385401, 1209265, 1, 0, 0
385501, 1204854, 1, 0, 0
385600, 1188635, 1, 0, 0
385700, 1179071, 1, 0, 0
385801, 1209003, 1, 0, 0
385900, 1201029, 1, 0, 0
386000, 1186636, 1, 0, 0
386100, 1218711, 1, 0, 0
386200, 1253371, 1, 0, 0
386300, 1220948, 1, 0, 0
386401, 1210906, 1, 0, 0
386500, 1258534, 1, 0, 0
386600, 1244303, 1, 0, 0
386700, 1190184, 1, 0, 0
386801, 1238643, 1, 0, 0
386900, 1210056, 1, 0, 0
387000, 1192235, 1, 0, 0
387100, 1213811, 1, 0, 0
387200, 1265132, 1, 0, 0
387300, 1210337, 1, 0, 0
387400, 1232985, 1, 0, 0
387500, 1271510, 1, 0, 0
387600, 1260507, 1, 0, 0
387700, 1201280, 1, 0, 0
387800, 1253925, 1, 0, 0
387900, 1189835, 1, 0, 0
388001, 1297827, 1, 0, 0
388100, 1236723, 1, 0, 0
388200, 1234304, 1, 0, 0
388300, 1220636, 1, 0, 0
388400, 1245685, 1, 0, 0
388500, 1159903, 1, 0, 0
388600, 1195167, 1, 0, 0
388700, 1230526, 1, 0, 0
388800, 1239369, 1, 0, 0
388900, 1239138, 1, 0, 0
389000, 1257027, 1, 0, 0
389100, 1247287, 1, 0, 0
389200, 1210081, 1, 0, 0
389300, 1211839, 1, 0, 0
389400, 1208694, 1, 0, 0
389500, 1233331, 1, 0, 0
389600, 1198225, 1, 0, 0
389701, 1181244, 1, 0, 0
389800, 1226937, 1, 0, 0
389900, 1197916, 1, 0, 0
390000, 1208795, 1, 0, 0
390101, 1223845, 1, 0, 0
390200, 1207124, 1, 0, 0
390300, 1245175, 1, 0, 0
390400, 1277784, 1, 0, 0
390500, 1269112, 1, 0, 0
390601, 1273552, 1, 0, 0
390700, 1220237, 1, 0, 0
390800, 1233746, 1, 0, 0
390901, 1225958, 1, 0, 0
391000, 1221085, 1, 0, 0
391100, 1191061, 1, 0, 0
391201, 1209818, 1, 0, 0
391300, 1223090, 1, 0, 0
391400, 1214906, 1, 0, 0
391500, 1175799, 1, 0, 0
391600, 1201057, 1, 0, 0
391700, 1235718, 1, 0, 0
391800, 1204974, 1, 0, 0
391900, 1162531, 1, 0, 0
392000, 1153800, 1, 0, 0
392100, 1225754, 1, 0, 0
392200, 1196913, 1, 0, 0
392300, 1179996, 1, 0, 0
392400, 1222362, 1, 0, 0
392500, 1187776, 1, 0, 0
392601, 1229774, 1, 0, 0
392700, 1192738, 1, 0, 0
392800, 1262877, 1, 0, 0
392900, 1231190, 1, 0, 0
393001, 1246702, 1, 0, 0
393100, 1227029, 1, 0, 0
393200, 1212804, 1, 0, 0
393300, 1163698, 1, 0, 0
393400, 1213413, 1, 0, 0
393500, 1202723, 1, 0, 0
393600, 1193330, 1, 0, 0
393700, 1174419, 1, 0, 0
393800, 1227751, 1, 0, 0
393900, 1243793, 1, 0, 0
394001, 1244219, 1, 0, 0
394100, 1209854, 1, 0, 0
394201, 1225094, 1, 0, 0
394301, 1202840, 1, 0, 0
394400, 1225982, 1, 0, 0
394501, 1194698, 1, 0, 0
394600, 1209840, 1, 0, 0
394700, 1186108, 1, 0, 0
394800, 1202757, 1, 0, 0
394901, 1258749, 1, 0, 0
395001, 1203731, 1, 0, 0
395100, 1233478, 1, 0, 0
395200, 1254282, 1, 0, 0
395300, 1230281, 1, 0, 0
395400, 1222006, 1, 0, 0
395500, 1179045, 1, 0, 0
395600, 1193077, 1, 0, 0
395701, 1168473, 1, 0, 0
395800, 1138180, 1, 0, 0
395900, 1163204, 1, 0, 0
396001, 1167380, 1, 0, 0
396100, 1163269, 1, 0, 0
396200, 1174138, 1, 0, 0
396300, 1202904, 1, 0, 0
396400, 1184476, 1, 0, 0
396501, 1205164, 1, 0, 0
396600, 1162561, 1, 0, 0
396700, 1153854, 1, 0, 0
396800, 1162888, 1, 0, 0
396900, 1174581, 1, 0, 0
397000, 1163204, 1, 0, 0
397100, 1161625, 1, 0, 0
397200, 1175540, 1, 0, 0
397300, 1232504, 1, 0, 0
397400, 1173824, 1, 0, 0
397500, 1142605, 1, 0, 0
397600, 1220952, 1, 0, 0
397700, 1224670, 1, 0, 0
397800, 1251495, 1, 0, 0
397900, 1245361, 1, 0, 0
398000, 1230797, 1, 0, 0
398100, 1214306, 1, 0, 0
398200, 1191125, 1, 0, 0
398300, 1202939, 1, 0, 0
398401, 1227428, 1, 0, 0
398501, 1216383, 1, 0, 0
398600, 1205262, 1, 0, 0
398700, 1178038, 1, 0, 0
398800, 1248346, 1, 0, 0
398900, 1217464, 1, 0, 0
399000, 1175077, 1, 0, 0
399101, 1223445, 1, 0, 0
399200, 1242496, 1, 0, 0
399300, 1225172, 1, 0, 0
399400, 1197165, 1, 0, 0
399500, 1194632, 1, 0, 0
399601, 1182312, 1, 0, 0
399700, 1183677, 1, 0, 0
399800, 1190435, 1, 0, 0
399900, 1159255, 1, 0, 0
400000, 1228141, 1, 0, 0
400100, 1193733, 1, 0, 0
400200, 1158144, 1, 0, 0
400300, 1154762, 1, 0, 0
400400, 1238641, 1, 0, 0
400500, 1185685, 1, 0, 0
400601, 1212850, 1, 0, 0
400700, 1212017, 1, 0, 0
400800, 1225316, 1, 0, 0
400900, 1250856, 1, 0, 0
401000, 1242488, 1, 0, 0
401100, 1204140, 1, 0, 0
401201, 1200979, 1, 0, 0
401301, 1200655, 1, 0, 0
401400, 1208025, 1, 0, 0
401500, 1250991, 1, 0, 0
401600, 1181891, 1, 0, 0
401701, 1174487, 1, 0, 0
401800, 1214012, 1, 0, 0
401901, 1205516, 1, 0, 0
402000, 1249287, 1, 0, 0
402101, 1200637, 1, 0, 0
402201, 1233076, 1, 0, 0
402300, 1200140, 1, 0, 0
402400, 1202618, 1, 0, 0
402500, 1174862, 1, 0, 0
402600, 1199318, 1, 0, 0
402700, 1225237, 1, 0, 0
402801, 1200217, 1, 0, 0
402900, 1194296, 1, 0, 0
403000, 1189990, 1, 0, 0
403100, 1191247, 1, 0, 0
403200, 1185864, 1, 0, 0
403301, 1166584, 1, 0, 0
403400, 1206161, 1, 0, 0
403500, 1217569, 1, 0, 0
403600, 1191944, 1, 0, 0
403701, 1239435, 1, 0, 0
403800, 1220649, 1, 0, 0
403900, 1209486, 1, 0, 0
404000, 1267830, 1, 0, 0
404100, 1238849, 1, 0, 0
404200, 1188036, 1, 0, 0
404300, 1328423, 1, 0, 0
404401, 1215553, 1, 0, 0
404500, 1256914, 1, 0, 0
404600, 1163857, 1, 0, 0
404700, 1182768, 1, 0, 0
404800, 1189166, 1, 0, 0
404900, 1268614, 1, 0, 0
405000, 1209598, 1, 0, 0
405100, 1186345, 1, 0, 0
405200, 1168020, 1, 0, 0
405300, 1214759, 1, 0, 0
405400, 1261498, 1, 0, 0
405500, 1195264, 1, 0, 0
405600, 1197953, 1, 0, 0
405700, 1198160, 1, 0, 0
405800, 1279385, 1, 0, 0
405900, 1228915, 1, 0, 0
406001, 1219778, 1, 0, 0
406101, 1231279, 1, 0, 0
406200, 1210512, 1, 0, 0
406300, 1188881, 1, 0, 0
406400, 1191672, 1, 0, 0
406500, 1231428, 1, 0, 0
406600, 1215749, 1, 0, 0
406700, 1215017, 1, 0, 0
406800, 1208172, 1, 0, 0
406900, 1172243, 1, 0, 0
407000, 1201928, 1, 0, 0
407100, 1250670, 1, 0, 0
407201, 1205377, 1, 0, 0
407300, 1196916, 1, 0, 0
407400, 1196941, 1, 0, 0
407500, 1220307, 1, 0, 0
407601, 1195912, 1, 0, 0
407700, 1194207, 1, 0, 0
407800, 1173174, 1, 0, 0
407901, 1229608, 1, 0, 0
408000, 1248743, 1, 0, 0
408100, 1207040, 1, 0, 0
408200, 1252465, 1, 0, 0
408300, 1178550, 1, 0, 0
408400, 1167414, 1, 0, 0
408500, 1193001, 1, 0, 0
408600, 1222306, 1, 0, 0
408700, 1220501, 1, 0, 0
408800, 1208858, 1, 0, 0
408900, 1196436, 1, 0, 0
409000, 1204976, 1, 0, 0
409100, 1207191, 1, 0, 0
409200, 1259997, 1, 0, 0
409300, 1230305, 1, 0, 0
409400, 1233948, 1, 0, 0
409500, 1201936, 1, 0, 0
409600, 1218528, 1, 0, 0
409700, 1187444, 1, 0, 0
409800, 1167956, 1, 0, 0
409900, 1209940, 1, 0, 0
410000, 1215834, 1, 0, 0
410101, 1153489, 1, 0, 0
410201, 1189669, 1, 0, 0
410300, 1234830, 1, 0, 0
410400, 1182661, 1, 0, 0
410500, 1197130, 1, 0, 0
410600, 1185881, 1, 0, 0
410700, 1152593, 1, 0, 0
410800, 1242281, 1, 0, 0
410900, 1273960, 1, 0, 0
411001, 1249695, 1, 0, 0
411100, 1221022, 1, 0, 0
411200, 1211363, 1, 0, 0
411300, 1153934, 1, 0, 0
411400, 1209844, 1, 0, 0
411500, 1155018, 1, 0, 0
411601, 1141498, 1, 0, 0
411701, 1189871, 1, 0, 0
411800, 1151011, 1, 0, 0
411900, 1175761, 1, 0, 0
412000, 1187126, 1, 0, 0
412100, 1209642, 1, 0, 0
412200, 1224102, 1, 0, 0
412300, 1188404, 1, 0, 0
412400, 1189433, 1, 0, 0
412501, 1183335, 1, 0, 0
412600, 1206432, 1, 0, 0
412701, 1198005, 1, 0, 0
412800, 1229487, 1, 0, 0
412900, 1188236, 1, 0, 0
413000, 1211360, 1, 0, 0
413101, 1227085, 1, 0, 0
413200, 1187372, 1, 0, 0
413300, 1257846, 1, 0, 0
413400, 1190010, 1, 0, 0
413501, 1184807, 1, 0, 0
413600, 1213398, 1, 0, 0
413700, 1191537, 1, 0, 0
413800, 1204012, 1, 0, 0
413901, 1240750, 1, 0, 0
414000, 1259549, 1, 0, 0
414101, 1191583, 1, 0, 0
414200, 1177164, 1, 0, 0
414300, 1182174, 1, 0, 0
414400, 1168785, 1, 0, 0
414500, 1172466, 1, 0, 0
414600, 1182595, 1, 0, 0
414700, 1175280, 1, 0, 0
414800, 1230429, 1, 0, 0
414900, 1233435, 1, 0, 0
415000, 1194003, 1, 0, 0
415100, 1205561, 1, 0, 0
415200, 1264941, 1, 0, 0
415301, 1180402, 1, 0, 0
415400, 1198692, 1, 0, 0
415500, 1229394, 1, 0, 0
415600, 1214709, 1, 0, 0
415700, 1163071, 1, 0, 0
415800, 1199107, 1, 0, 0
415900, 1169924, 1, 0, 0
416000, 1212736, 1, 0, 0
416100, 1233891, 1, 0, 0
416200, 1191030, 1, 0, 0
416300, 1231106, 1, 0, 0
416400, 1156501, 1, 0, 0
416500, 1228009, 1, 0, 0
416600, 1218434, 1, 0, 0
416700, 1164861, 1, 0, 0
416800, 1207441, 1, 0, 0
416900, 1184920, 1, 0, 0
417000, 1181623, 1, 0, 0
417100, 1180040, 1, 0, 0
417200, 1184398, 1, 0, 0
417300, 1180597, 1, 0, 0
417400, 1239763, 1, 0, 0
417500, 1237556, 1, 0, 0
417600, 1217155, 1, 0, 0
417700, 1275727, 1, 0, 0
417801, 1173646, 1, 0, 0
417900, 1178467, 1, 0, 0
418000, 1173352, 1, 0, 0
418100, 1185316, 1, 0, 0
418200, 1220604, 1, 0, 0
418300, 1213820, 1, 0, 0
418400, 1167570, 1, 0, 0
418501, 1244782, 1, 0, 0
418600, 1181758, 1, 0, 0
418701, 1215738, 1, 0, 0
418800, 1223519, 1, 0, 0
418900, 1185274, 1, 0, 0
419000, 1138863, 1, 0, 0
419100, 1228270, 1, 0, 0
419201, 1228029, 1, 0, 0
419300, 1206506, 1, 0, 0
419400, 1160667, 1, 0, 0
419500, 1156531, 1, 0, 0
419600, 1170494, 1, 0, 0
419700, 1226331, 1, 0, 0
419800, 1251815, 1, 0, 0
419901, 1227121, 1, 0, 0
420000, 1193110, 1, 0, 0
420100, 1213144, 1, 0, 0
420201, 1172183, 1, 0, 0
420301, 1188419, 1, 0, 0
420400, 1246223, 1, 0, 0
420500, 1191088, 1, 0, 0
420600, 1214526, 1, 0, 0
420700, 1183821, 1, 0, 0
420800, 1190132, 1, 0, 0
420900, 1193868, 1, 0, 0
421002, 1236178, 1, 0, 0
421100, 1176753, 1, 0, 0
421200, 1229166, 1, 0, 0
421301, 1216033, 1, 0, 0
421400, 1190166, 1, 0, 0
421500, 1164361, 1, 0, 0
421601, 1253972, 1, 0, 0
421701, 1215168, 1, 0, 0
421801, 1216396, 1, 0, 0
421901, 1147940, 1, 0, 0
422000, 1190630, 1, 0, 0
422100, 1195058, 1, 0, 0
422200, 1206224, 1, 0, 0
422300, 1209027, 1, 0, 0
422401, 1148992, 1, 0, 0
422500, 1200954, 1, 0, 0
422600, 1179430, 1, 0, 0
422700, 1219570, 1, 0, 0
422800, 1208326, 1, 0, 0
422900, 1217500, 1, 0, 0
423001, 1187570, 1, 0, 0
423100, 1213274, 1, 0, 0
423200, 1239495, 1, 0, 0
423300, 1181186, 1, 0, 0
423401, 1138574, 1, 0, 0
423500, 1205193, 1, 0, 0
423600, 1201185, 1, 0, 0
423700, 1190490, 1, 0, 0
423800, 1203943, 1, 0, 0
423900, 1202348, 1, 0, 0
424001, 1226046, 1, 0, 0
424100, 1177994, 1, 0, 0
424200, 1197514, 1, 0, 0
424300, 1200465, 1, 0, 0
424401, 1165880, 1, 0, 0
424500, 1218862, 1, 0, 0
424600, 1163670, 1, 0, 0
424700, 1209430, 1, 0, 0
424800, 1225482, 1, 0, 0
424900, 1223273, 1, 0, 0
425000, 1276953, 1, 0, 0
425100, 1267985, 1, 0, 0
425200, 1201789, 1, 0, 0
425300, 1248271, 1, 0, 0
425400, 1232639, 1, 0, 0
425500, 1179258, 1, 0, 0
425600, 1180210, 1, 0, 0
425700, 1188126, 1, 0, 0
425800, 1215357, 1, 0, 0
425901, 1234906, 1, 0, 0
426001, 1166258, 1, 0, 0
426101, 1231708, 1, 0, 0
426200, 1212285, 1, 0, 0
426300, 1215531, 1, 0, 0
426400, 1168625, 1, 0, 0
426500, 1242279, 1, 0, 0
426600, 1194200, 1, 0, 0
426700, 1220059, 1, 0, 0
426800, 1261081, 1, 0, 0
426900, 1192320, 1, 0, 0
427000, 1257328, 1, 0, 0
427101, 1172745, 1, 0, 0
427200, 1235097, 1, 0, 0
427300, 1208208, 1, 0, 0
427400, 1173453, 1, 0, 0
427500, 1178495, 1, 0, 0
427600, 1159511, 1, 0, 0
427701, 1236036, 1, 0, 0
427800, 1211525, 1, 0, 0
427900, 1236769, 1, 0, 0
428000, 1257952, 1, 0, 0
428100, 1152395, 1, 0, 0
428200, 1200283, 1, 0, 0
428300, 1228417, 1, 0, 0
428400, 1135881, 1, 0, 0
428500, 1206473, 1, 0, 0
428600, 1216052, 1, 0, 0
428700, 1163795, 1, 0, 0
428800, 1231265, 1, 0, 0
428900, 1197764, 1, 0, 0
429000, 1253285, 1, 0, 0
429100, 1239953, 1, 0, 0
429201, 1171147, 1, 0, 0
429300, 1209873, 1, 0, 0
429400, 1171193, 1, 0, 0
429500, 1206229, 1, 0, 0
429600, 1243389, 1, 0, 0
429700, 1205911, 1, 0, 0
429800, 1168809, 1, 0, 0
429900, 1166947, 1, 0, 0
430000, 1188980, 1, 0, 0
430100, 1169191, 1, 0, 0
430200, 1132829, 1, 0, 0
430300, 1182754, 1, 0, 0
430401, 1206727, 1, 0, 0
430500, 1180981, 1, 0, 0
430600, 1208145, 1, 0, 0
430700, 1222173, 1, 0, 0
430800, 1218343, 1, 0, 0
430900, 1173749, 1, 0, 0
431001, 1172909, 1, 0, 0
431101, 1246088, 1, 0, 0
431200, 1201843, 1, 0, 0
431300, 1144373, 1, 0, 0
431401, 1137970, 1, 0, 0
431500, 1235392, 1, 0, 0
431600, 1155222, 1, 0, 0
431700, 1228797, 1, 0, 0
431800, 1193303, 1, 0, 0
431901, 1191027, 1, 0, 0
432000, 1273043, 1, 0, 0
432100, 1213682, 1, 0, 0
432200, 1231974, 1, 0, 0
432300, 1165647, 1, 0, 0
432400, 1183145, 1, 0, 0
432500, 1233250, 1, 0, 0
432601, 1205366, 1, 0, 0
432700, 1156999, 1, 0, 0
432800, 1162553, 1, 0, 0
432900, 1176512, 1, 0, 0
433000, 1189214, 1, 0, 0
433100, 1206205, 1, 0, 0
433201, 1177888, 1, 0, 0
433300, 1221437, 1, 0, 0
433401, 1197114, 1, 0, 0
433501, 1218937, 1, 0, 0
433600, 1193417, 1, 0, 0
433700, 1160764, 1, 0, 0
433801, 1239689, 1, 0, 0
433900, 1214707, 1, 0, 0
434000, 1214976, 1, 0, 0
434100, 1188205, 1, 0, 0
434200, 1205243, 1, 0, 0
434300, 1197553, 1, 0, 0
434401, 1226065, 1, 0, 0
434501, 1224148, 1, 0, 0
434601, 1240993, 1, 0, 0
434700, 1197240, 1, 0, 0
434800, 1181446, 1, 0, 0
434900, 1178337, 1, 0, 0
435000, 1243713, 1, 0, 0
435100, 1196364, 1, 0, 0
435200, 1166059, 1, 0, 0
435300, 1196328, 1, 0, 0
435400, 1197106, 1, 0, 0
435501, 1213502, 1, 0, 0
435600, 1229853, 1, 0, 0
435700, 1202589, 1, 0, 0
435800, 1177308, 1, 0, 0
435900, 1193547, 1, 0, 0
436000, 1250296, 1, 0, 0
436100, 1176422, 1, 0, 0
436200, 1185408, 1, 0, 0
436300, 1189908, 1, 0, 0
436401, 1193711, 1, 0, 0
436500, 1194817, 1, 0, 0
436600, 1146865, 1, 0, 0
436700, 1175803, 1, 0, 0
436800, 1219784, 1, 0, 0
436900, 1209879, 1, 0, 0
437000, 1207902, 1, 0, 0
437100, 1190694, 1, 0, 0
437201, 1176939, 1, 0, 0
437300, 1199409, 1, 0, 0
437400, 1169441, 1, 0, 0
437500, 1228382, 1, 0, 0
437600, 1222004, 1, 0, 0
437700, 1216947, 1, 0, 0
437800, 1246415, 1, 0, 0
437900, 1219254, 1, 0, 0
438000, 1227495, 1, 0, 0
438100, 1182288, 1, 0, 0
438200, 1182993, 1, 0, 0
438300, 1153384, 1, 0, 0
438401, 1164988, 1, 0, 0
438500, 1203146, 1, 0, 0
438600, 1221586, 1, 0, 0
438700, 1207415, 1, 0, 0
438801, 1205692, 1, 0, 0
438900, 1228465, 1, 0, 0
439000, 1250495, 1, 0, 0
439100, 1186041, 1, 0, 0
439201, 1196661, 1, 0, 0
439300, 1204680, 1, 0, 0
439401, 1198436, 1, 0, 0
439500, 1286115, 1, 0, 0
439600, 1247058, 1, 0, 0
439700, 1250333, 1, 0, 0
439800, 1231689, 1, 0, 0
439900, 1241564, 1, 0, 0
440001, 1276023, 1, 0, 0
440101, 1247772, 1, 0, 0
440200, 1180945, 1, 0, 0
440301, 1240508, 1, 0, 0
440400, 1201779, 1, 0, 0
440500, 1184412, 1, 0, 0
440600, 1234984, 1, 0, 0
440700, 1223903, 1, 0, 0
440800, 1237342, 1, 0, 0
440901, 1208531, 1, 0, 0
441000, 1288451, 1, 0, 0
441100, 1214632, 1, 0, 0
441200, 1249448, 1, 0, 0
441300, 1285079, 1, 0, 0
441400, 1235628, 1, 0, 0
441500, 1237297, 1, 0, 0
441600, 1208357, 1, 0, 0
441701, 1194906, 1, 0, 0
441800, 1251576, 1, 0, 0
441900, 1298788, 1, 0, 0
442000, 1186507, 1, 0, 0
442100, 1217460, 1, 0, 0
442200, 1219115, 1, 0, 0
442300, 1204432, 1, 0, 0
442400, 1193089, 1, 0, 0
442501, 1192329, 1, 0, 0
442600, 1232647, 1, 0, 0
442700, 1243739, 1, 0, 0
442800, 1188152, 1, 0, 0
442901, 1220178, 1, 0, 0
443001, 1187403, 1, 0, 0
443100, 1222864, 1, 0, 0
443201, 1216437, 1, 0, 0
443300, 1189065, 1, 0, 0
443400, 1231360, 1, 0, 0
443500, 1202362, 1, 0, 0
443600, 1223286, 1, 0, 0
443700, 1280807, 1, 0, 0
443800, 1214354, 1, 0, 0
443900, 1235801, 1, 0, 0
444001, 1206230, 1, 0, 0
444100, 1166589, 1, 0, 0
444200, 1158519, 1, 0, 0
444301, 1228784, 1, 0, 0
444400, 1244507, 1, 0, 0
444500, 1171078, 1, 0, 0
444600, 1211752, 1, 0, 0
444700, 1167968, 1, 0, 0
444800, 1198694, 1, 0, 0
444900, 1219381, 1, 0, 0
445000, 1229609, 1, 0, 0
445100, 1175915, 1, 0, 0
445200, 1245398, 1, 0, 0
445300, 1179585, 1, 0, 0
445400, 1209701, 1, 0, 0
445500, 1220401, 1, 0, 0
445600, 1235308, 1, 0, 0
445700, 1231965, 1, 0, 0
445800, 1201419, 1, 0, 0
445900, 1200185, 1, 0, 0
446001, 1213404, 1, 0, 0
446100, 1204444, 1, 0, 0
446200, 1210307, 1, 0, 0
446300, 1217426, 1, 0, 0
446400, 1229681, 1, 0, 0
446500, 1220232, 1, 0, 0
446600, 1213081, 1, 0, 0
446700, 1204468, 1, 0, 0
446800, 1258457, 1, 0, 0
446900, 1225588, 1, 0, 0
447000, 1241373, 1, 0, 0
447100, 1193375, 1, 0, 0
447200, 1182686, 1, 0, 0
447300, 1245122, 1, 0, 0
447400, 1253631, 1, 0, 0
447500, 1275669, 1, 0, 0
447600, 1207199, 1, 0, 0
447700, 1239669, 1, 0, 0
447800, 1185178, 1, 0, 0
447901, 1203074, 1, 0, 0
448001, 1176050, 1, 0, 0
448100, 1207075, 1, 0, 0
448200, 1214610, 1, 0, 0
448301, 1159729, 1, 0, 0
448400, 1240290, 1, 0, 0
448500, 1144118, 1, 0, 0
448600, 1234707, 1, 0, 0
448701, 1225262, 1, 0, 0
448801, 1202590, 1, 0, 0
448900, 1241825, 1, 0, 0
449000, 1229719, 1, 0, 0
449100, 1149663, 1, 0, 0
449200, 1191512, 1, 0, 0
449300, 1172315, 1, 0, 0
449400, 1159582, 1, 0, 0
449500, 1159775, 1, 0, 0
449600, 1259098, 1, 0, 0
449700, 1190076, 1, 0, 0
449800, 1202995, 1, 0, 0
449900, 1217370, 1, 0, 0
450001, 1168119, 1, 0, 0
450100, 1211440, 1, 0, 0
450201, 1181727, 1, 0, 0
450300, 1166804, 1, 0, 0
450400, 1187685, 1, 0, 0
450500, 1177333, 1, 0, 0
450600, 1224191, 1, 0, 0
450700, 1199043, 1, 0, 0
450800, 1209178, 1, 0, 0
450901, 1183336, 1, 0, 0
451000, 1185578, 1, 0, 0
451100, 1195018, 1, 0, 0
451200, 1169278, 1, 0, 0
451300, 1200597, 1, 0, 0
451400, 1175383, 1, 0, 0
451500, 1180405, 1, 0, 0
451600, 1195138, 1, 0, 0
451700, 1185534, 1, 0, 0
451801, 1180291, 1, 0, 0
451900, 1166708, 1, 0, 0
452000, 1123621, 1, 0, 0
452100, 1234553, 1, 0, 0
452200, 1229688, 1, 0, 0
452300, 1235836, 1, 0, 0
452401, 1205305, 1, 0, 0
452500, 1201223, 1, 0, 0
452600, 1187429, 1, 0, 0
452700, 1201081, 1, 0, 0
452800, 1219152, 1, 0, 0
452900, 1161954, 1, 0, 0
453000, 1202819, 1, 0, 0
453100, 1191074, 1, 0, 0
453200, 1233317, 1, 0, 0
453300, 1183102, 1, 0, 0
453400, 1254280, 1, 0, 0
453500, 1178515, 1, 0, 0
453600, 1223737, 1, 0, 0
453700, 1208688, 1, 0, 0
453800, 1215013, 1, 0, 0
453900, 1253764, 1, 0, 0
454000, 1203025, 1, 0, 0
454100, 1233949, 1, 0, 0
454200, 1248046, 1, 0, 0
454301, 1253701, 1, 0, 0
454400, 1209156, 1, 0, 0
454500, 1217461, 1, 0, 0
454600, 1131886, 1, 0, 0
454700, 1150367, 1, 0, 0
454801, 1194921, 1, 0, 0
454900, 1210760, 1, 0, 0
455000, 1205805, 1, 0, 0
455100, 1232533, 1, 0, 0
455201, 1191322, 1, 0, 0
455300, 1257704, 1, 0, 0
455400, 1244438, 1, 0, 0
455500, 1283030, 1, 0, 0
455600, 1200104, 1, 0, 0
455700, 1208692, 1, 0, 0
455800, 1187429, 1, 0, 0
455900, 1256281, 1, 0, 0
456000, 1169025, 1, 0, 0
456100, 1201903, 1, 0, 0
456201, 1207358, 1, 0, 0
456300, 1180266, 1, 0, 0
456400, 1221159, 1, 0, 0
456501, 1175461, 1, 0, 0
456600, 1177427, 1, 0, 0
456700, 1149685, 1, 0, 0
456800, 1186194, 1, 0, 0
456900, 1180582, 1, 0, 0
457000, 1174124, 1, 0, 0
457100, 1184869, 1, 0, 0
457200, 1210057, 1, 0, 0
457300, 1182137, 1, 0, 0
457400, 1158301, 1, 0, 0
457500, 1174112, 1, 0, 0
457600, 1187903, 1, 0, 0
457700, 1289883, 1, 0, 0
457800, 1247170, 1, 0, 0
457901, 1235195, 1, 0, 0
458001, 1215784, 1, 0, 0
458101, 1233051, 1, 0, 0
458201, 1231815, 1, 0, 0
458301, 1264353, 1, 0, 0
458400, 1182357, 1, 0, 0
458501, 1193015, 1, 0, 0
458600, 1220933, 1, 0, 0
458700, 1211594, 1, 0, 0
458800, 1155943, 1, 0, 0
458900, 1149511, 1, 0, 0
459000, 1217556, 1, 0, 0
459100, 1162908, 1, 0, 0
459200, 1196503, 1, 0, 0
459300, 1177837, 1, 0, 0
459400, 1182396, 1, 0, 0
459500, 1227968, 1, 0, 0
459600, 1188296, 1, 0, 0
459700, 1198855, 1, 0, 0
459800, 1160678, 1, 0, 0
459900, 1184780, 1, 0, 0
460000, 1219811, 1, 0, 0
460100, 1164882, 1, 0, 0
460200, 1138676, 1, 0, 0
460300, 1169425, 1, 0, 0
460400, 1197916, 1, 0, 0
460500, 1162147, 1, 0, 0
460600, 1211379, 1, 0, 0
460700, 1198583, 1, 0, 0
460801, 1205281, 1, 0, 0
460900, 1220539, 1, 0, 0
461000, 1186491, 1, 0, 0
461100, 1177040, 1, 0, 0
461200, 1177428, 1, 0, 0
461301, 1209567, 1, 0, 0
461400, 1196244, 1, 0, 0
461500, 1190921, 1, 0, 0
461600, 1186628, 1, 0, 0
461700, 1186608, 1, 0, 0
461800, 1207060, 1, 0, 0
461900, 1211343, 1, 0, 0
462000, 1151514, 1, 0, 0
462100, 1195250, 1, 0, 0
462201, 1217977, 1, 0, 0
462300, 1175049, 1, 0, 0
462400, 1207400, 1, 0, 0
462500, 1219726, 1, 0, 0
462600, 1224775, 1, 0, 0
462700, 1222733, 1, 0, 0
462800, 1197582, 1, 0, 0
462900, 1208610, 1, 0, 0
463000, 1197647, 1, 0, 0
463101, 1181437, 1, 0, 0
463200, 1215922, 1, 0, 0
463300, 1157198, 1, 0, 0
463400, 1205011, 1, 0, 0
463500, 1189063, 1, 0, 0
463600, 1236925, 1, 0, 0
463700, 1150372, 1, 0, 0
463800, 1165843, 1, 0, 0
463900, 1259420, 1, 0, 0
464000, 1187655, 1, 0, 0
464101, 1182482, 1, 0, 0
464200, 1226163, 1, 0, 0
464300, 1234147, 1, 0, 0
464400, 1194926, 1, 0, 0
464500, 1178287, 1, 0, 0
464601, 1181622, 1, 0, 0
464700, 1198265, 1, 0, 0
464800, 1201015, 1, 0, 0
464901, 1183126, 1, 0, 0
465001, 1213828, 1, 0, 0
465100, 1213544, 1, 0, 0
465200, 1216346, 1, 0, 0
465300, 1183561, 1, 0, 0
465400, 1191311, 1, 0, 0
465500, 1166260, 1, 0, 0
465600, 1199794, 1, 0, 0
465700, 1230093, 1, 0, 0
465801, 1180702, 1, 0, 0
465901, 1202816, 1, 0, 0
466000, 1193211, 1, 0, 0
466100, 1172035, 1, 0, 0
466200, 1148668, 1, 0, 0
466300, 1183982, 1, 0, 0
466401, 1188699, 1, 0, 0
466500, 1184717, 1, 0, 0
466600, 1177871, 1, 0, 0
466700, 1196394, 1, 0, 0
466800, 1198754, 1, 0, 0
466900, 1156828, 1, 0, 0
467000, 1173415, 1, 0, 0
467100, 1172755, 1, 0, 0
467200, 1197636, 1, 0, 0
467301, 1155543, 1, 0, 0
467400, 1258850, 1, 0, 0
467500, 1182547, 1, 0, 0
467600, 1179221, 1, 0, 0
467700, 1199930, 1, 0, 0
467800, 1208897, 1, 0, 0
467900, 1177646, 1, 0, 0
468001, 1202240, 1, 0, 0
468101, 1216272, 1, 0, 0
468200, 1171983, 1, 0, 0
468301, 1204514, 1, 0, 0
468400, 1239273, 1, 0, 0
468500, 1198345, 1, 0, 0
468600, 1158574, 1, 0, 0
468700, 1274253, 1, 0, 0
468800, 1197864, 1, 0, 0
468900, 1169616, 1, 0, 0
469000, 1208600, 1, 0, 0
469100, 1248253, 1, 0, 0
469200, 1215236, 1, 0, 0
469300, 1168248, 1, 0, 0
469400, 1246301, 1, 0, 0
469500, 1213774, 1, 0, 0
469600, 1185053, 1, 0, 0
469700, 1180110, 1, 0, 0
469800, 1218449, 1, 0, 0
469900, 1196659, 1, 0, 0
470001, 1199177, 1, 0, 0
470101, 1203113, 1, 0, 0
470200, 1176675, 1, 0, 0
470300, 1224147, 1, 0, 0
470401, 1237044, 1, 0, 0
470501, 1190910, 1, 0, 0
470600, 1206262, 1, 0, 0
470700, 1206796, 1, 0, 0
470800, 1190569, 1, 0, 0
470900, 1239888, 1, 0, 0
471000, 1249832, 1, 0, 0
471101, 1167220, 1, 0, 0
471201, 1174794, 1, 0, 0
471300, 1207838, 1, 0, 0
471401, 1215323, 1, 0, 0
471500, 1203791, 1, 0, 0
471600, 1187487, 1, 0, 0
471700, 1181548, 1, 0, 0
471800, 1173201, 1, 0, 0
471900, 1209836, 1, 0, 0
472000, 1176447, 1, 0, 0
472100, 1172147, 1, 0, 0
472200, 1152395, 1, 0, 0
472300, 1173383, 1, 0, 0
472400, 1207389, 1, 0, 0
472500, 1203066, 1, 0, 0
472600, 1203843, 1, 0, 0
472700, 1165001, 1, 0, 0
472800, 1245817, 1, 0, 0
472900, 1183686, 1, 0, 0
473000, 1195229, 1, 0, 0
473100, 1179653, 1, 0, 0
473200, 1202202, 1, 0, 0
473300, 1182756, 1, 0, 0
473400, 1187441, 1, 0, 0
473500, 1194937, 1, 0, 0
473600, 1225653, 1, 0, 0
473700, 1151782, 1, 0, 0
473800, 1219996, 1, 0, 0
473900, 1202479, 1, 0, 0
474001, 1222286, 1, 0, 0
474100, 1192341, 1, 0, 0
474200, 1178128, 1, 0, 0
474301, 1286287, 1, 0, 0
474400, 1254101, 1, 0, 0
474501, 1226069, 1, 0, 0
474601, 1159809, 1, 0, 0
474701, 1189163, 1, 0, 0
474800, 1273881, 1, 0, 0
474900, 1250265, 1, 0, 0
475000, 1241293, 1, 0, 0
475100, 1207057, 1, 0, 0
475200, 1225673, 1, 0, 0
475300, 1222835, 1, 0, 0
475401, 1197498, 1, 0, 0
475500, 1194847, 1, 0, 0
475600, 1241897, 1, 0, 0
475700, 1203312, 1, 0, 0
475800, 1241103, 1, 0, 0
475900, 1222871, 1, 0, 0
476000, 1206359, 1, 0, 0
476100, 1239060, 1, 0, 0
476200, 1259849, 1, 0, 0
476300, 1194775, 1, 0, 0
476400, 1189845, 1, 0, 0
476500, 1206381, 1, 0, 0
476600, 1170586, 1, 0, 0
476700, 1233718, 1, 0, 0
476800, 1193819, 1, 0, 0
476900, 1209743, 1, 0, 0
477000, 1228181, 1, 0, 0
477100, 1173330, 1, 0, 0
477200, 1228376, 1, 0, 0
477300, 1212515, 1, 0, 0
477400, 1232613, 1, 0, 0
477500, 1210405, 1, 0, 0
477600, 1240624, 1, 0, 0
477700, 1168791, 1, 0, 0
477800, 1195081, 1, 0, 0
477900, 1232240, 1, 0, 0
478000, 1222203, 1, 0, 0
478101, 1235692, 1, 0, 0
478200, 1229875, 1, 0, 0
478300, 1257893, 1, 0, 0
478400, 1251056, 1, 0, 0
478500, 1259967, 1, 0, 0
478602, 1263840, 1, 0, 0
478700, 1188368, 1, 0, 0
478800, 1206785, 1, 0, 0
478900, 1208397, 1, 0, 0
479000, 1183159, 1, 0, 0
479100, 1277447, 1, 0, 0
479200, 1225937, 1, 0, 0
479300, 1207136, 1, 0, 0
479400, 1263240, 1, 0, 0
479500, 1222607, 1, 0, 0
479601, 1192421, 1, 0, 0
479701, 1236868, 1, 0, 0
479800, 1279960, 1, 0, 0
479900, 1217234, 1, 0, 0
480000, 1221806, 1, 0, 0
480100, 1202435, 1, 0, 0
480201, 1270010, 1, 0, 0
480300, 1335926, 1, 0, 0
480401, 1257805, 1, 0, 0
480501, 1254946, 1, 0, 0
480600, 1239733, 1, 0, 0
480700, 1252788, 1, 0, 0
480800, 1235110, 1, 0, 0
480900, 1231942, 1, 0, 0
481000, 1282367, 1, 0, 0
481100, 1237187, 1, 0, 0
481200, 1275839, 1, 0, 0
481300, 1227211, 1, 0, 0
481400, 1288378, 1, 0, 0
481500, 1258244, 1, 0, 0
481600, 1216695, 1, 0, 0
481700, 1218293, 1, 0, 0
481800, 1238140, 1, 0, 0
481901, 1251912, 1, 0, 0
482000, 1223651, 1, 0, 0
482100, 1269925, 1, 0, 0
482200, 1278405, 1, 0, 0
482300, 1227039, 1, 0, 0
482400, 1269432, 1, 0, 0
482501, 1252413, 1, 0, 0
482600, 1250661, 1, 0, 0
482701, 1199691, 1, 0, 0
482800, 1242331, 1, 0, 0
482900, 1281290, 1, 0, 0
483001, 1242626, 1, 0, 0
483100, 1302587, 1, 0, 0
483200, 1226655, 1, 0, 0
483300, 1264677, 1, 0, 0
483400, 1212815, 1, 0, 0
483500, 1221561, 1, 0, 0
483600, 1220455, 1, 0, 0
483700, 1195291, 1, 0, 0
483800, 1249393, 1, 0, 0
483900, 1246895, 1, 0, 0
484000, 1252323, 1, 0, 0
484100, 1230159, 1, 0, 0
484200, 1234017, 1, 0, 0
484300, 1217498, 1, 0, 0
484400, 1217634, 1, 0, 0
484500, 1183875, 1, 0, 0
484601, 1231560, 1, 0, 0
484700, 1248754, 1, 0, 0
484800, 1222379, 1, 0, 0
484901, 1225889, 1, 0, 0
485000, 1182455, 1, 0, 0
485100, 1202776, 1, 0, 0
485200, 1225825, 1, 0, 0
485300, 1268667, 1, 0, 0
485400, 1261592, 1, 0, 0
485500, 1215440, 1, 0, 0
485600, 1238295, 1, 0, 0
485700, 1241764, 1, 0, 0
485801, 1195638, 1, 0, 0
485900, 1188386, 1, 0, 0
486000, 1193836, 1, 0, 0
486100, 1253407, 1, 0, 0
486200, 1215252, 1, 0, 0
486300, 1214863, 1, 0, 0
486400, 1252490, 1, 0, 0
486500, 1228254, 1, 0, 0
486601, 1211752, 1, 0, 0
486700, 1164112, 1, 0, 0
486800, 1208582, 1, 0, 0
486900, 1199082, 1, 0, 0
487000, 1224331, 1, 0, 0
487100, 1243163, 1, 0, 0
487200, 1274871, 1, 0, 0
487300, 1224226, 1, 0, 0
487400, 1193680, 1, 0, 0
487500, 1238095, 1, 0, 0
487600, 1229144, 1, 0, 0
487700, 1191602, 1, 0, 0
487801, 1209316, 1, 0, 0
487901, 1176548, 1, 0, 0
488000, 1225298, 1, 0, 0
488101, 1279146, 1, 0, 0
488200, 1229110, 1, 0, 0
488300, 1277272, 1, 0, 0
488400, 1201486, 1, 0, 0
488500, 1155688, 1, 0, 0
488600, 1200133, 1, 0, 0
488700, 1204244, 1, 0, 0
488801, 1220679, 1, 0, 0
488900, 1271703, 1, 0, 0
489000, 1218355, 1, 0, 0
489100, 1175832, 1, 0, 0
489200, 1216527, 1, 0, 0
489301, 1241088, 1, 0, 0
489400, 1196710, 1, 0, 0
489500, 1195703, 1, 0, 0
489600, 1174550, 1, 0, 0
489700, 1189479, 1, 0, 0
489800, 1187572, 1, 0, 0
489900, 1171493, 1, 0, 0
490000, 1198510, 1, 0, 0
490101, 1205298, 1, 0, 0
490200, 1258124, 1, 0, 0
490300, 1197601, 1, 0, 0
490400, 1202708, 1, 0, 0
490500, 1155869, 1, 0, 0
490600, 1153293, 1, 0, 0
490700, 1184720, 1, 0, 0
490800, 1219853, 1, 0, 0
490901, 1214676, 1, 0, 0
491001, 1202525, 1, 0, 0
491100, 1210780, 1, 0, 0
491200, 1130642, 1, 0, 0
491300, 1185269, 1, 0, 0
491401, 1186134, 1, 0, 0
491501, 1133321, 1, 0, 0
491600, 1223363, 1, 0, 0
491700, 1255778, 1, 0, 0
491801, 1204845, 1, 0, 0
491900, 1226855, 1, 0, 0
492000, 1244875, 1, 0, 0
492101, 1226298, 1, 0, 0
492201, 1234135, 1, 0, 0
492300, 1259129, 1, 0, 0
492400, 1215650, 1, 0, 0
492501, 1191002, 1, 0, 0
492600, 1208350, 1, 0, 0
492700, 1186509, 1, 0, 0
492800, 1204154, 1, 0, 0
492900, 1154777, 1, 0, 0
493001, 1191298, 1, 0, 0
493100, 1235192, 1, 0, 0
493200, 1202132, 1, 0, 0
493300, 1173028, 1, 0, 0
493400, 1228524, 1, 0, 0
493501, 1149220, 1, 0, 0
493601, 1202098, 1, 0, 0
493700, 1184597, 1, 0, 0
493800, 1217683, 1, 0, 0
493901, 1206307, 1, 0, 0
494000, 1122473, 1, 0, 0
494100, 1178346, 1, 0, 0
494200, 1216098, 1, 0, 0
494300, 1180372, 1, 0, 0
494400, 1175211, 1, 0, 0
494500, 1181425, 1, 0, 0
494600, 1163235, 1, 0, 0
494700, 1214901, 1, 0, 0
494800, 1151019, 1, 0, 0
494900, 1176672, 1, 0, 0
495000, 1154359, 1, 0, 0
495100, 1190737, 1, 0, 0
495200, 1191594, 1, 0, 0
495300, 1199299, 1, 0, 0
495400, 1185565, 1, 0, 0
495501, 1146273, 1, 0, 0
495601, 1260024, 1, 0, 0
495700, 1210745, 1, 0, 0
495800, 1186720, 1, 0, 0
495900, 1202865, 1, 0, 0
496000, 1147897, 1, 0, 0
496101, 1212219, 1, 0, 0
496200, 1193022, 1, 0, 0
496300, 1206112, 1, 0, 0
496400, 1202148, 1, 0, 0
496500, 1167810, 1, 0, 0
496600, 1197118, 1, 0, 0
496700, 1139776, 1, 0, 0
496800, 1186651, 1, 0, 0
496900, 1165121, 1, 0, 0
497000, 1193625, 1, 0, 0
497100, 1192520, 1, 0, 0
497200, 1155229, 1, 0, 0
497300, 1134896, 1, 0, 0
497400, 1170085, 1, 0, 0
497501, 1195671, 1, 0, 0
497601, 1176651, 1, 0, 0
497700, 1195812, 1, 0, 0
497800, 1202982, 1, 0, 0
497900, 1211112, 1, 0, 0
498000, 1142235, 1, 0, 0
498100, 1180592, 1, 0, 0
498200, 1215217, 1, 0, 0
498300, 1207522, 1, 0, 0
498400, 1147877, 1, 0, 0
498500, 1159953, 1, 0, 0
498600, 1161061, 1, 0, 0
498700, 1208514, 1, 0, 0
498800, 1171966, 1, 0, 0
498900, 1264663, 1, 0, 0
499000, 1161219, 1, 0, 0
499101, 1151499, 1, 0, 0
499200, 1213895, 1, 0, 0
499300, 1159147, 1, 0, 0
499400, 1205305, 1, 0, 0
499500, 1152481, 1, 0, 0
499600, 1217065, 1, 0, 0
499700, 1179869, 1, 0, 0
499800, 1183763, 1, 0, 0
499900, 1179203, 1, 0, 0
500000, 1202722, 1, 0, 0
500100, 1204860, 1, 0, 0
500200, 1186807, 1, 0, 0
500301, 1224367, 1, 0, 0
500400, 1174744, 1, 0, 0
500500, 1164724, 1, 0, 0
500600, 1158302, 1, 0, 0
500700, 1185171, 1, 0, 0
500800, 1221237, 1, 0, 0
500900, 1190831, 1, 0, 0
501000, 1189915, 1, 0, 0
501100, 1197415, 1, 0, 0
501200, 1202493, 1, 0, 0
501301, 1212594, 1, 0, 0
501400, 1181895, 1, 0, 0
501500, 1161215, 1, 0, 0
501601, 1194500, 1, 0, 0
501700, 1185250, 1, 0, 0
501800, 1184368, 1, 0, 0
501900, 1149507, 1, 0, 0
502000, 1174175, 1, 0, 0
502100, 1194234, 1, 0, 0
502200, 1226849, 1, 0, 0
502301, 1191290, 1, 0, 0
502400, 1206926, 1, 0, 0
502500, 1248924, 1, 0, 0
502600, 1202567, 1, 0, 0
502700, 1254425, 1, 0, 0
502801, 1219889, 1, 0, 0
502900, 1172789, 1, 0, 0
503000, 1218070, 1, 0, 0
503100, 1183845, 1, 0, 0
503200, 1232354, 1, 0, 0
503301, 1240584, 1, 0, 0
503401, 1230850, 1, 0, 0
503501, 1202148, 1, 0, 0
503600, 1244420, 1, 0, 0
503701, 1221136, 1, 0, 0
503801, 1231663, 1, 0, 0
503900, 1260953, 1, 0, 0
504001, 1192550, 1, 0, 0
504100, 1233637, 1, 0, 0
504201, 1185993, 1, 0, 0
504300, 1252647, 1, 0, 0
504400, 1192357, 1, 0, 0
504500, 1216586, 1, 0, 0
504601, 1232729, 1, 0, 0
504700, 1220042, 1, 0, 0
504800, 1210997, 1, 0, 0
504901, 1186232, 1, 0, 0
505000, 1165367, 1, 0, 0
505100, 1200561, 1, 0, 0
505200, 1269140, 1, 0, 0
505300, 1249476, 1, 0, 0
505400, 1209046, 1, 0, 0
505501, 1214171, 1, 0, 0
505600, 1220259, 1, 0, 0
505700, 1217407, 1, 0, 0
505800, 1218769, 1, 0, 0
505900, 1247598, 1, 0, 0
506000, 1222811, 1, 0, 0
506100, 1244086, 1, 0, 0
506200, 1189172, 1, 0, 0
506301, 1210839, 1, 0, 0
506401, 1207590, 1, 0, 0
506500, 1190227, 1, 0, 0
506600, 1296624, 1, 0, 0
506700, 1266937, 1, 0, 0
506800, 1232137, 1, 0, 0
506900, 1234166, 1, 0, 0
507000, 1180406, 1, 0, 0
507101, 1171153, 1, 0, 0
507200, 1243365, 1, 0, 0
507301, 1208658, 1, 0, 0
507401, 1233550, 1, 0, 0
507500, 1220330, 1, 0, 0
507600, 1234923, 1, 0, 0
507700, 1261105, 1, 0, 0
507800, 1231405, 1, 0, 0
507900, 1261847, 1, 0, 0
508000, 1221934, 1, 0, 0
508100, 1236025, 1, 0, 0
508200, 1288319, 1, 0, 0
508300, 1278730, 1, 0, 0
508400, 1202201, 1, 0, 0
508501, 1232632, 1, 0, 0
508601, 1202231, 1, 0, 0
508700, 1179282, 1, 0, 0
508800, 1203061, 1, 0, 0
508900, 1259226, 1, 0, 0
509000, 1211219, 1, 0, 0
509100, 1180912, 1, 0, 0
509200, 1198760, 1, 0, 0
509300, 1236740, 1, 0, 0
509400, 1236981, 1, 0, 0
509500, 1226389, 1, 0, 0
509600, 1209250, 1, 0, 0
509701, 1221344, 1, 0, 0
509801, 1202345, 1, 0, 0
509900, 1214333, 1, 0, 0
510000, 1218529, 1, 0, 0
510100, 1223545, 1, 0, 0
510201, 1199808, 1, 0, 0
510300, 1236561, 1, 0, 0
510400, 1166082, 1, 0, 0
510501, 1221320, 1, 0, 0
510601, 1279049, 1, 0, 0
510701, 1249749, 1, 0, 0
510800, 1271437, 1, 0, 0
510900, 1291003, 1, 0, 0
511000, 1237825, 1, 0, 0
511100, 1250039, 1, 0, 0
511200, 1296067, 1, 0, 0
511300, 1227362, 1, 0, 0
511401, 1228444, 1, 0, 0
511500, 1268130, 1, 0, 0
511600, 1279344, 1, 0, 0
511700, 1244858, 1, 0, 0
511801, 1262533, 1, 0, 0
511901, 1347492, 1, 0, 0
512000, 1226536, 1, 0, 0
512100, 1219640, 1, 0, 0
512200, 1244569, 1, 0, 0
512301, 1223749, 1, 0, 0
512400, 1199966, 1, 0, 0
512500, 1228500, 1, 0, 0
512600, 1236900, 1, 0, 0
512701, 1248462, 1, 0, 0
512800, 1215548, 1, 0, 0
512901, 1237223, 1, 0, 0
513000, 1226149, 1, 0, 0
513100, 1209230, 1, 0, 0
513200, 1254556, 1, 0, 0
513300, 1258570, 1, 0, 0
513400, 1207096, 1, 0, 0
513500, 1264221, 1, 0, 0
513601, 1285804, 1, 0, 0
513701, 1201500, 1, 0, 0
513800, 1285674, 1, 0, 0
513901, 1231729, 1, 0, 0
514000, 1252263, 1, 0, 0
514100, 1249749, 1, 0, 0
514200, 1245424, 1, 0, 0
514300, 1187534, 1, 0, 0
514400, 1187186, 1, 0, 0
514500, 1223389, 1, 0, 0
514600, 1213080, 1, 0, 0
514700, 1186542, 1, 0, 0
514801, 1184132, 1, 0, 0
514901, 1174282, 1, 0, 0
515000, 1190701, 1, 0, 0
515100, 1264939, 1, 0, 0
515201, 1213043, 1, 0, 0
515300, 1199258, 1, 0, 0
515400, 1229116, 1, 0, 0
515500, 1204348, 1, 0, 0
515600, 1199197, 1, 0, 0
515700, 1203500, 1, 0, 0
515800, 1200160, 1, 0, 0
515900, 1191257, 1, 0, 0
516000, 1212436, 1, 0, 0
516101, 1200394, 1, 0, 0
516200, 1223196, 1, 0, 0
516300, 1235163, 1, 0, 0
516400, 1212984, 1, 0, 0
516501, 1215337, 1, 0, 0
516601, 1217728, 1, 0, 0
516700, 1315266, 1, 0, 0
516801, 1230002, 1, 0, 0
516901, 1247509, 1, 0, 0
517000, 1197484, 1, 0, 0
517100, 1139342, 1, 0, 0
517201, 1172716, 1, 0, 0
517300, 1163845, 1, 0, 0
517400, 1194932, 1, 0, 0
517500, 1231555, 1, 0, 0
517600, 1231475, 1, 0, 0
517700, 1236665, 1, 0, 0
517800, 1228950, 1, 0, 0
517902, 1251896, 1, 0, 0
518000, 1216213, 1, 0, 0
518100, 1229449, 1, 0, 0
518200, 1217142, 1, 0, 0
518300, 1198403, 1, 0, 0
518400, 1265799, 1, 0, 0
518500, 1176313, 1, 0, 0
518601, 1193124, 1, 0, 0
518700, 1236606, 1, 0, 0
518801, 1200927, 1, 0, 0
518900, 1198500, 1, 0, 0
519001, 1204922, 1, 0, 0
519100, 1208695, 1, 0, 0
519200, 1219809, 1, 0, 0
519301, 1235043, 1, 0, 0
519401, 1193655, 1, 0, 0
519500, 1210439, 1, 0, 0
519601, 1207150, 1, 0, 0
519700, 1228226, 1, 0, 0
519800, 1241099, 1, 0, 0
519900, 1202317, 1, 0, 0
520000, 1206902, 1, 0, 0
520100, 1222665, 1, 0, 0
520200, 1198105, 1, 0, 0
520300, 1212491, 1, 0, 0
520400, 1184770, 1, 0, 0
520500, 1207840, 1, 0, 0
520600, 1168392, 1, 0, 0
520700, 1164709, 1, 0, 0
520800, 1147626, 1, 0, 0
520900, 1198084, 1, 0, 0
521000, 1146445, 1, 0, 0
521100, 1196845, 1, 0, 0
521201, 1179726, 1, 0, 0
521300, 1165905, 1, 0, 0
521400, 1202755, 1, 0, 0
521500, 1176689, 1, 0, 0
521601, 1196962, 1, 0, 0
521701, 1188852, 1, 0, 0
521801, 1177200, 1, 0, 0
521900, 1193487, 1, 0, 0
522000, 1215757, 1, 0, 0
522100, 1213324, 1, 0, 0
522200, 1194201, 1, 0, 0
522300, 1195223, 1, 0, 0
522400, 1192640, 1, 0, 0
522500, 1201215, 1, 0, 0
522600, 1267318, 1, 0, 0
522700, 1187033, 1, 0, 0
522800, 1228588, 1, 0, 0
522900, 1164485, 1, 0, 0
523000, 1192119, 1, 0, 0
523100, 1232517, 1, 0, 0
523200, 1234762, 1, 0, 0
523300, 1221440, 1, 0, 0
523400, 1194911, 1, 0, 0
523500, 1199342, 1, 0, 0
523601, 1241924, 1, 0, 0
523700, 1190618, 1, 0, 0
523800, 1143154, 1, 0, 0
523901, 1165164, 1, 0, 0
524001, 1184353, 1, 0, 0
524100, 1197756, 1, 0, 0
524200, 1235422, 1, 0, 0
524300, 1186137, 1, 0, 0
524400, 1212948, 1, 0, 0
524500, 1245645, 1, 0, 0
524600, 1208064, 1, 0, 0
524700, 1148408, 1, 0, 0
524800, 1196009, 1, 0, 0
524901, 1185823, 1, 0, 0
525001, 1194296, 1, 0, 0
525100, 1170763, 1, 0, 0
525201, 1172937, 1, 0, 0
525300, 1267792, 1, 0, 0
525401, 1198464, 1, 0, 0
525500, 1191811, 1, 0, 0
525601, 1262937, 1, 0, 0
525700, 1181832, 1, 0, 0
525800, 1214177, 1, 0, 0
525900, 1221138, 1, 0, 0
526000, 1242354, 1, 0, 0
526100, 1227916, 1, 0, 0
526200, 1189105, 1, 0, 0
526300, 1218911, 1, 0, 0
526400, 1190174, 1, 0, 0
526501, 1240790, 1, 0, 0
526600, 1163493, 1, 0, 0
526701, 1184855, 1, 0, 0
526800, 1242035, 1, 0, 0
526900, 1196108, 1, 0, 0
527001, 1229659, 1, 0, 0
527100, 1199756, 1, 0, 0
527200, 1241231, 1, 0, 0
527300, 1178536, 1, 0, 0
527400, 1196577, 1, 0, 0
527500, 1220866, 1, 0, 0
527600, 1245266, 1, 0, 0
527700, 1232204, 1, 0, 0
527800, 1217146, 1, 0, 0
527900, 1241020, 1, 0, 0
528000, 1236885, 1, 0, 0
528100, 1158181, 1, 0, 0
528200, 1160736, 1, 0, 0
528300, 1167988, 1, 0, 0
528401, 1196977, 1, 0, 0
528500, 1326850, 1, 0, 0
528600, 1245955, 1, 0, 0
528700, 1191654, 1, 0, 0
528800, 1208112, 1, 0, 0
528900, 1219739, 1, 0, 0
529000, 1208234, 1, 0, 0
529100, 1184047, 1, 0, 0
529200, 1173627, 1, 0, 0
529300, 1156164, 1, 0, 0
529400, 1152257, 1, 0, 0
529500, 1221018, 1, 0, 0
529600, 1242450, 1, 0, 0
529700, 1178755, 1, 0, 0
529800, 1182604, 1, 0, 0
529900, 1200966, 1, 0, 0
530000, 1233741, 1, 0, 0
530100, 1204366, 1, 0, 0
530200, 1138287, 1, 0, 0
530300, 1180460, 1, 0, 0
530401, 1185424, 1, 0, 0
530500, 1172153, 1, 0, 0
530600, 1238436, 1, 0, 0
530702, 1187117, 1, 0, 0
530800, 1241639, 1, 0, 0
530900, 1228802, 1, 0, 0
531000, 1170828, 1, 0, 0
531100, 1197935, 1, 0, 0
531200, 1141028, 1, 0, 0
531300, 1162464, 1, 0, 0
531400, 1199304, 1, 0, 0
531500, 1206366, 1, 0, 0
531600, 1207910, 1, 0, 0
531700, 1269743, 1, 0, 0
531800, 1207287, 1, 0, 0
531901, 1180498, 1, 0, 0
532001, 1161457, 1, 0, 0
532100, 1152073, 1, 0, 0
532200, 1181932, 1, 0, 0
532300, 1207720, 1, 0, 0
532400, 1194193, 1, 0, 0
532500, 1158342, 1, 0, 0
532602, 1224053, 1, 0, 0
532700, 1115968, 1, 0, 0
532801, 1139265, 1, 0, 0
532900, 1185364, 1, 0, 0
533002, 1189832, 1, 0, 0
533100, 1131972, 1, 0, 0
533200, 1223525, 1, 0, 0
533301, 1202752, 1, 0, 0
533400, 1129404, 1, 0, 0
533500, 1214969, 1, 0, 0
533600, 1147155, 1, 0, 0
533701, 1125399, 1, 0, 0
533800, 1213084, 1, 0, 0
533900, 1170798, 1, 0, 0
534001, 1170166, 1, 0, 0
534100, 1196130, 1, 0, 0
534200, 1228294, 1, 0, 0
534300, 1174681, 1, 0, 0
534400, 1217430, 1, 0, 0
534501, 1231879, 1, 0, 0
534601, 1168083, 1, 0, 0
534700, 1229000, 1, 0, 0
534801, 1235766, 1, 0, 0
534900, 1215234, 1, 0, 0
535000, 1238897, 1, 0, 0
535100, 1198557, 1, 0, 0
535200, 1185193, 1, 0, 0
535300, 1156252, 1, 0, 0
535401, 1272112, 1, 0, 0
535500, 1224749, 1, 0, 0
535600, 1227681, 1, 0, 0
535700, 1238381, 1, 0, 0
535800, 1191794, 1, 0, 0
535900, 1225855, 1, 0, 0
536000, 1208274, 1, 0, 0
536100, 1211723, 1, 0, 0
536200, 1154681, 1, 0, 0
536300, 1188189, 1, 0, 0
536400, 1192455, 1, 0, 0
536501, 1200314, 1, 0, 0
536600, 1230382, 1, 0, 0
536700, 1184886, 1, 0, 0
536800, 1187040, 1, 0, 0
536900, 1193890, 1, 0, 0
537000, 1173137, 1, 0, 0
537101, 1163113, 1, 0, 0
537200, 1151846, 1, 0, 0
537301, 1227039, 1, 0, 0
537400, 1195469, 1, 0, 0
537500, 1202107, 1, 0, 0
537600, 1165109, 1, 0, 0
537700, 1183755, 1, 0, 0
537801, 1196782, 1, 0, 0
537900, 1170044, 1, 0, 0
538000, 1229343, 1, 0, 0
538100, 1198031, 1, 0, 0
538200, 1163625, 1, 0, 0
538300, 1172852, 1, 0, 0
538400, 1193721, 1, 0, 0
538500, 1158206, 1, 0, 0
538601, 1223281, 1, 0, 0
538701, 1233173, 1, 0, 0
538800, 1234369, 1, 0, 0
538900, 1191364, 1, 0, 0
539000, 1195988, 1, 0, 0
539100, 1168254, 1, 0, 0
539201, 1181679, 1, 0, 0
539300, 1198580, 1, 0, 0
539400, 1200175, 1, 0, 0
539500, 1182809, 1, 0, 0
539600, 1210662, 1, 0, 0
539700, 1204860, 1, 0, 0
539800, 1187900, 1, 0, 0
539900, 1239710, 1, 0, 0
540000, 1217610, 1, 0, 0
540100, 1178546, 1, 0, 0
540200, 1176667, 1, 0, 0
540300, 1164859, 1, 0, 0
540400, 1190295, 1, 0, 0
540500, 1153765, 1, 0, 0
540600, 1211561, 1, 0, 0
540700, 1178413, 1, 0, 0
540800, 1233154, 1, 0, 0
540900, 1190189, 1, 0, 0
541000, 1202724, 1, 0, 0
541100, 1213385, 1, 0, 0
541200, 1174603, 1, 0, 0
541300, 1246003, 1, 0, 0
541400, 1192914, 1, 0, 0
541500, 1188096, 1, 0, 0
541601, 1207322, 1, 0, 0
541700, 1180710, 1, 0, 0
541801, 1223533, 1, 0, 0
541900, 1274011, 1, 0, 0
542001, 1168205, 1, 0, 0
542100, 1181010, 1, 0, 0
542200, 1164831, 1, 0, 0
542300, 1256681, 1, 0, 0
542400, 1194026, 1, 0, 0
542500, 1171436, 1, 0, 0
542600, 1220855, 1, 0, 0
542700, 1159201, 1, 0, 0
542800, 1205568, 1, 0, 0
542901, 1235386, 1, 0, 0
543000, 1236100, 1, 0, 0
543100, 1294914, 1, 0, 0
543200, 1168803, 1, 0, 0
543300, 1166700, 1, 0, 0
543401, 1184912, 1, 0, 0
543500, 1125857, 1, 0, 0
543600, 1162001, 1, 0, 0
543700, 1173114, 1, 0, 0
543802, 1197236, 1, 0, 0
543900, 1171396, 1, 0, 0
544000, 1169353, 1, 0, 0
544100, 1185078, 1, 0, 0
544200, 1133518, 1, 0, 0
544301, 1199675, 1, 0, 0
544400, 1210036, 1, 0, 0
544500, 1177430, 1, 0, 0
544600, 1139805, 1, 0, 0
544700, 1169019, 1, 0, 0
544800, 1154415, 1, 0, 0
544900, 1190003, 1, 0, 0
545000, 1166849, 1, 0, 0
545100, 1238034, 1, 0, 0
545200, 1173435, 1, 0, 0
545300, 1165341, 1, 0, 0
545400, 1217301, 1, 0, 0
545500, 1183834, 1, 0, 0
545600, 1206168, 1, 0, 0
545700, 1220508, 1, 0, 0
545800, 1158625, 1, 0, 0
545900, 1223530, 1, 0, 0
546000, 1212916, 1, 0, 0
546101, 1239518, 1, 0, 0
546200, 1183486, 1, 0, 0
546300, 1212129, 1, 0, 0
546400, 1158389, 1, 0, 0
546500, 1178505, 1, 0, 0
546600, 1239246, 1, 0, 0
546701, 1191594, 1, 0, 0
546800, 1150920, 1, 0, 0
546901, 1220586, 1, 0, 0
547000, 1195137, 1, 0, 0
547101, 1239899, 1, 0, 0
547200, 1172122, 1, 0, 0
547301, 1180865, 1, 0, 0
547400, 1214256, 1, 0, 0
547501, 1194976, 1, 0, 0
547600, 1180268, 1, 0, 0
547701, 1154178, 1, 0, 0
547800, 1221596, 1, 0, 0
547900, 1203671, 1, 0, 0
548002, 1180656, 1, 0, 0
548100, 1167841, 1, 0, 0
548200, 1248431, 1, 0, 0
548300, 1192184, 1, 0, 0
548401, 1176628, 1, 0, 0
548500, 1211424, 1, 0, 0
548600, 1154595, 1, 0, 0
548700, 1223127, 1, 0, 0
548800, 1161683, 1, 0, 0
548900, 1202551, 1, 0, 0
549001, 1238936, 1, 0, 0
549100, 1198013, 1, 0, 0
549200, 1190546, 1, 0, 0
549302, 1192838, 1, 0, 0
549400, 1211501, 1, 0, 0
549500, 1180678, 1, 0, 0
549600, 1183267, 1, 0, 0
549700, 1222796, 1, 0, 0
549800, 1220859, 1, 0, 0
549900, 1176428, 1, 0, 0
550000, 1135580, 1, 0, 0
550100, 1158374, 1, 0, 0
550200, 1215203, 1, 0, 0
550300, 1191673, 1, 0, 0
550400, 1167038, 1, 0, 0
550500, 1213195, 1, 0, 0
550600, 1165363, 1, 0, 0
550701, 1183875, 1, 0, 0
550800, 1180996, 1, 0, 0
550900, 1235942, 1, 0, 0
551000, 1210634, 1, 0, 0
551100, 1251956, 1, 0, 0
551200, 1220415, 1, 0, 0
551301, 1165073, 1, 0, 0
551401, 1201567, 1, 0, 0
551500, 1211292, 1, 0, 0
551600, 1212678, 1, 0, 0
551701, 1170979, 1, 0, 0
551800, 1205905, 1, 0, 0
551900, 1247991, 1, 0, 0
552000, 1211865, 1, 0, 0
552100, 1179871, 1, 0, 0
552200, 1207817, 1, 0, 0
552300, 1188207, 1, 0, 0
552401, 1227781, 1, 0, 0
552500, 1181017, 1, 0, 0
552600, 1256205, 1, 0, 0
552700, 1206134, 1, 0, 0
552800, 1170583, 1, 0, 0
552901, 1202776, 1, 0, 0
553000, 1179317, 1, 0, 0
553100, 1213299, 1, 0, 0
553200, 1167703, 1, 0, 0
553300, 1173886, 1, 0, 0
553400, 1180993, 1, 0, 0
553500, 1139512, 1, 0, 0
553600, 1190139, 1, 0, 0
553700, 1210729, 1, 0, 0
553800, 1236273, 1, 0, 0
553900, 1157042, 1, 0, 0
554000, 1224669, 1, 0, 0
554100, 1193794, 1, 0, 0
554200, 1220437, 1, 0, 0
554300, 1203499, 1, 0, 0
554400, 1183246, 1, 0, 0
554500, 1189402, 1, 0, 0
554600, 1234542, 1, 0, 0
554701, 1197483, 1, 0, 0
554800, 1176882, 1, 0, 0
554900, 1180685, 1, 0, 0
555001, 1221721, 1, 0, 0
555100, 1165255, 1, 0, 0
555200, 1175807, 1, 0, 0
555300, 1227552, 1, 0, 0
555400, 1192634, 1, 0, 0
555500, 1200126, 1, 0, 0
555601, 1199770, 1, 0, 0
555700, 1222602, 1, 0, 0
555800, 1208238, 1, 0, 0
555900, 1230376, 1, 0, 0
556001, 1164199, 1, 0, 0
556100, 1220895, 1, 0, 0
556200, 1185008, 1, 0, 0
556300, 1178612, 1, 0, 0
556400, 1209106, 1, 0, 0
556500, 1183474, 1, 0, 0
556601, 1226542, 1, 0, 0
556700, 1176124, 1, 0, 0
556800, 1250002, 1, 0, 0
556900, 1261736, 1, 0, 0
557000, 1209432, 1, 0, 0
557100, 1168143, 1, 0, 0
557200, 1253703, 1, 0, 0
557300, 1159934, 1, 0, 0
557400, 1197971, 1, 0, 0
557500, 1161274, 1, 0, 0
557600, 1217361, 1, 0, 0
557700, 1227137, 1, 0, 0
557800, 1183457, 1, 0, 0
557900, 1242582, 1, 0, 0
558000, 1197197, 1, 0, 0
558100, 1210352, 1, 0, 0
558200, 1252333, 1, 0, 0
558301, 1270970, 1, 0, 0
558400, 1235691, 1, 0, 0
558500, 1189153, 1, 0, 0
558600, 1235529, 1, 0, 0
558700, 1204598, 1, 0, 0
558800, 1144734, 1, 0, 0
558901, 1180819, 1, 0, 0
559000, 1192021, 1, 0, 0
559100, 1183320, 1, 0, 0
559201, 1204319, 1, 0, 0
559300, 1196183, 1, 0, 0
559400, 1232210, 1, 0, 0
559500, 1171218, 1, 0, 0
559600, 1146537, 1, 0, 0
559700, 1254889, 1, 0, 0
559800, 1213132, 1, 0, 0
559900, 1187311, 1, 0, 0
560000, 1221744, 1, 0, 0
560100, 1212649, 1, 0, 0
560200, 1168652, 1, 0, 0
560300, 1191714, 1, 0, 0
560400, 1214253, 1, 0, 0
560500, 1197707, 1, 0, 0
560600, 1186246, 1, 0, 0
560700, 1204557, 1, 0, 0
560800, 1231613, 1, 0, 0
560900, 1212036, 1, 0, 0
561000, 1177615, 1, 0, 0
561100, 1195399, 1, 0, 0
561200, 1199549, 1, 0, 0
561301, 1141107, 1, 0, 0
561400, 1157248, 1, 0, 0
561501, 1211304, 1, 0, 0
561601, 1181560, 1, 0, 0
561700, 1252182, 1, 0, 0
561800, 1247146, 1, 0, 0
561900, 1189826, 1, 0, 0
562000, 1186074, 1, 0, 0
562100, 1148581, 1, 0, 0
562202, 1196363, 1, 0, 0
562300, 1124896, 1, 0, 0
562400, 1212895, 1, 0, 0
562500, 1195751, 1, 0, 0
562601, 1170472, 1, 0, 0
562700, 1190710, 1, 0, 0
562801, 1156700, 1, 0, 0
562900, 1169696, 1, 0, 0
563000, 1172858, 1, 0, 0
563100, 1203943, 1, 0, 0
563200, 1272449, 1, 0, 0
563300, 1218935, 1, 0, 0
563400, 1175643, 1, 0, 0
563500, 1209008, 1, 0, 0
563601, 1192336, 1, 0, 0
563700, 1182975, 1, 0, 0
563800, 1160282, 1, 0, 0
563901, 1238694, 1, 0, 0
564000, 1168108, 1, 0, 0
564100, 1198513, 1, 0, 0
564200, 1225232, 1, 0, 0
564301, 1205511, 1, 0, 0
564401, 1188085, 1, 0, 0
564501, 1216326, 1, 0, 0
564600, 1195900, 1, 0, 0
564700, 1208046, 1, 0, 0
564800, 1196422, 1, 0, 0
564900, 1206463, 1, 0, 0
565000, 1214036, 1, 0, 0
565100, 1206719, 1, 0, 0
565200, 1214514, 1, 0, 0
565300, 1213058, 1, 0, 0
565400, 1216133, 1, 0, 0
565500, 1235997, 1, 0, 0
565600, 1204948, 1, 0, 0
565700, 1204262, 1, 0, 0
565800, 1225589, 1, 0, 0
565900, 1215987, 1, 0, 0
566000, 1178575, 1, 0, 0
566100, 1172044, 1, 0, 0
566200, 1182377, 1, 0, 0
566300, 1227577, 1, 0, 0
566400, 1229556, 1, 0, 0
566500, 1246058, 1, 0, 0
566600, 1180499, 1, 0, 0
566701, 1195441, 1, 0, 0
566800, 1224376, 1, 0, 0
566900, 1263924, 1, 0, 0
567000, 1216699, 1, 0, 0
567100, 1241228, 1, 0, 0
567200, 1210879, 1, 0, 0
567300, 1258359, 1, 0, 0
567401, 1225758, 1, 0, 0
567501, 1250300, 1, 0, 0
567601, 1330871, 1, 0, 0
567700, 1238574, 1, 0, 0
567800, 1235520, 1, 0, 0
567900, 1225719, 1, 0, 0
568001, 1243492, 1, 0, 0
568100, 1226246, 1, 0, 0
568200, 1204487, 1, 0, 0
568300, 1256939, 1, 0, 0
568400, 1187816, 1, 0, 0
568500, 1231676, 1, 0, 0
568601, 1200866, 1, 0, 0
568700, 1300835, 1, 0, 0
568800, 1277603, 1, 0, 0
568900, 1236402, 1, 0, 0
569000, 1253466, 1, 0, 0
569100, 1175363, 1, 0, 0
569200, 1241430, 1, 0, 0
569300, 1166936, 1, 0, 0
569401, 1175271, 1, 0, 0
569500, 1231654, 1, 0, 0
569601, 1219867, 1, 0, 0
569701, 1239607, 1, 0, 0
569800, 1158462, 1, 0, 0
569900, 1194430, 1, 0, 0
570001, 1254549, 1, 0, 0
570100, 1288848, 1, 0, 0
570200, 1170244, 1, 0, 0
570300, 1207485, 1, 0, 0
570400, 1237571, 1, 0, 0
570500, 1192414, 1, 0, 0
570600, 1249697, 1, 0, 0
570701, 1254659, 1, 0, 0
570800, 1200835, 1, 0, 0
570900, 1243637, 1, 0, 0
571000, 1199829, 1, 0, 0
571100, 1259558, 1, 0, 0
571200, 1189260, 1, 0, 0
571300, 1255522, 1, 0, 0
571400, 1217492, 1, 0, 0
571500, 1177028, 1, 0, 0
571601, 1189990, 1, 0, 0
571700, 1210153, 1, 0, 0
571801, 1272328, 1, 0, 0
571900, 1207955, 1, 0, 0
572000, 1221879, 1, 0, 0
572100, 1203765, 1, 0, 0
572200, 1279684, 1, 0, 0
572300, 1197105, 1, 0, 0
572400, 1243019, 1, 0, 0
572500, 1234936, 1, 0, 0
572601, 1227905, 1, 0, 0
572700, 1251707, 1, 0, 0
572800, 1210940, 1, 0, 0
572900, 1203830, 1, 0, 0
573000, 1213109, 1, 0, 0
573101, 1223129, 1, 0, 0
573200, 1208278, 1, 0, 0
573300, 1238165, 1, 0, 0
573400, 1250158, 1, 0, 0
573501, 1235075, 1, 0, 0
573600, 1207358, 1, 0, 0
573701, 1211860, 1, 0, 0
573800, 1214289, 1, 0, 0
573900, 1175779, 1, 0, 0
574000, 1252874, 1, 0, 0
574100, 1238400, 1, 0, 0
574200, 1230927, 1, 0, 0
574300, 1301390, 1, 0, 0
574400, 1215935, 1, 0, 0
574501, 1192047, 1, 0, 0
574600, 1206200, 1, 0, 0
574700, 1194463, 1, 0, 0
574800, 1227441, 1, 0, 0
574901, 1242376, 1, 0, 0
575000, 1235003, 1, 0, 0
575100, 1151388, 1, 0, 0
575201, 1197831, 1, 0, 0
575300, 1237569, 1, 0, 0
575400, 1237727, 1, 0, 0
575501, 1206574, 1, 0, 0
575600, 1184457, 1, 0, 0
575700, 1204844, 1, 0, 0
575800, 1221976, 1, 0, 0
575900, 1159530, 1, 0, 0
576000, 1221812, 1, 0, 0
576100, 1202662, 1, 0, 0
576200, 1246939, 1, 0, 0
576300, 1210435, 1, 0, 0
576400, 1217303, 1, 0, 0
576500, 1223451, 1, 0, 0
576600, 1210112, 1, 0, 0
576700, 1232090, 1, 0, 0
576800, 1146906, 1, 0, 0
576900, 1197095, 1, 0, 0
577000, 1180758, 1, 0, 0
577100, 1202135, 1, 0, 0
577200, 1216882, 1, 0, 0
577300, 1209327, 1, 0, 0
577400, 1232753, 1, 0, 0
577500, 1209617, 1, 0, 0
577600, 1188922, 1, 0, 0
577700, 1222654, 1, 0, 0
577800, 1191505, 1, 0, 0
577900, 1192582, 1, 0, 0
578000, 1251856, 1, 0, 0
578101, 1214594, 1, 0, 0
578200, 1282895, 1, 0, 0
578300, 1181691, 1, 0, 0
578400, 1219897, 1, 0, 0
578501, 1139247, 1, 0, 0
578600, 1139003, 1, 0, 0
578700, 1187684, 1, 0, 0
578800, 1231272, 1, 0, 0
578900, 1193959, 1, 0, 0
579000, 1240190, 1, 0, 0
579100, 1208064, 1, 0, 0
579201, 1184422, 1, 0, 0
579300, 1181291, 1, 0, 0
579400, 1230748, 1, 0, 0
579500, 1182352, 1, 0, 0
579600, 1192121, 1, 0, 0
579700, 1239267, 1, 0, 0
579800, 1194190, 1, 0, 0
579900, 1225365, 1, 0, 0
580000, 1188472, 1, 0, 0
580101, 1195751, 1, 0, 0
580200, 1238194, 1, 0, 0
580301, 1210129, 1, 0, 0
580400, 1247118, 1, 0, 0
580500, 1193098, 1, 0, 0
580600, 1220037, 1, 0, 0
580700, 1186220, 1, 0, 0
580800, 1207278, 1, 0, 0
580900, 1168713, 1, 0, 0
581000, 1157456, 1, 0, 0
581101, 1184884, 1, 0, 0
581200, 1200828, 1, 0, 0
581301, 1284200, 1, 0, 0
581400, 1192034, 1, 0, 0
581500, 1161860, 1, 0, 0
581601, 1183603, 1, 0, 0
581700, 1213113, 1, 0, 0
581800, 1178870, 1, 0, 0
581901, 1172292, 1, 0, 0
582000, 1171129, 1, 0, 0
582100, 1159366, 1, 0, 0
582200, 1191772, 1, 0, 0
582300, 1172659, 1, 0, 0
582400, 1224521, 1, 0, 0
582500, 1227483, 1, 0, 0
582600, 1184315, 1, 0, 0
582700, 1146821, 1, 0, 0
582800, 1158120, 1, 0, 0
582900, 1164639, 1, 0, 0
583000, 1176514, 1, 0, 0
583100, 1197460, 1, 0, 0
583200, 1190346, 1, 0, 0
583300, 1247804, 1, 0, 0
583400, 1228867, 1, 0, 0
583501, 1257805, 1, 0, 0
583600, 1198562, 1, 0, 0
583701, 1176774, 1, 0, 0
583800, 1177632, 1, 0, 0
583901, 1201104, 1, 0, 0
584000, 1208795, 1, 0, 0
584101, 1154576, 1, 0, 0
584200, 1162765, 1, 0, 0
584300, 1241852, 1, 0, 0
584400, 1258597, 1, 0, 0
584500, 1151101, 1, 0, 0
584602, 1207377, 1, 0, 0
584700, 1177707, 1, 0, 0
584800, 1192032, 1, 0, 0
584900, 1192002, 1, 0, 0
585000, 1185855, 1, 0, 0
585100, 1214172, 1, 0, 0
585200, 1259418, 1, 0, 0
585300, 1201572, 1, 0, 0
585401, 1159560, 1, 0, 0
585500, 1206505, 1, 0, 0
585600, 1193641, 1, 0, 0
585701, 1165869, 1, 0, 0
585800, 1175579, 1, 0, 0
585900, 1217290, 1, 0, 0
586000, 1195933, 1, 0, 0
586100, 1210875, 1, 0, 0
586200, 1180097, 1, 0, 0
586300, 1199287, 1, 0, 0
586401, 1196694, 1, 0, 0
586500, 1171491, 1, 0, 0
586600, 1229484, 1, 0, 0
586700, 1187124, 1, 0, 0
586800, 1159031, 1, 0, 0
586900, 1223359, 1, 0, 0
587000, 1216447, 1, 0, 0
587100, 1209583, 1, 0, 0
587200, 1241137, 1, 0, 0
587300, 1244439, 1, 0, 0
587400, 1262899, 1, 0, 0
587500, 1235525, 1, 0, 0
587600, 1214753, 1, 0, 0
587700, 1198128, 1, 0, 0
587800, 1190307, 1, 0, 0
587900, 1188254, 1, 0, 0
588000, 1217136, 1, 0, 0
588100, 1199486, 1, 0, 0
588200, 1202494, 1, 0, 0
588300, 1194432, 1, 0, 0
588400, 1223235, 1, 0, 0
588500, 1209305, 1, 0, 0
588600, 1202101, 1, 0, 0
588700, 1214551, 1, 0, 0
588800, 1222571, 1, 0, 0
588901, 1210762, 1, 0, 0
589000, 1207272, 1, 0, 0
589100, 1228514, 1, 0, 0
589200, 1197577, 1, 0, 0
589301, 1236315, 1, 0, 0
589400, 1220786, 1, 0, 0
589500, 1168916, 1, 0, 0
589600, 1227063, 1, 0, 0
589701, 1225009, 1, 0, 0
589801, 1187519, 1, 0, 0
589901, 1219506, 1, 0, 0
590000, 1147139, 1, 0, 0
590100, 1202317, 1, 0, 0
590200, 1189576, 1, 0, 0
590300, 1180840, 1, 0, 0
590400, 1189216, 1, 0, 0
590500, 1200400, 1, 0, 0
590600, 1206340, 1, 0, 0
590700, 1224869, 1, 0, 0
590800, 1217647, 1, 0, 0
590900, 1201406, 1, 0, 0
591000, 1202477, 1, 0, 0
591100, 1169812, 1, 0, 0
591200, 1185662, 1, 0, 0
591300, 1234460, 1, 0, 0
591400, 1215304, 1, 0, 0
591500, 1194835, 1, 0, 0
591600, 1217134, 1, 0, 0
591700, 1218398, 1, 0, 0
591800, 1180738, 1, 0, 0
591900, 1216466, 1, 0, 0
592000, 1159916, 1, 0, 0
592100, 1197504, 1, 0, 0
592200, 1166479, 1, 0, 0
592300, 1165513, 1, 0, 0
592400, 1166695, 1, 0, 0
592501, 1196858, 1, 0, 0
592600, 1170968, 1, 0, 0
592700, 1233351, 1, 0, 0
592800, 1256157, 1, 0, 0
592900, 1206537, 1, 0, 0
593000, 1145822, 1, 0, 0
593100, 1160122, 1, 0, 0
593201, 1155104, 1, 0, 0
593300, 1195052, 1, 0, 0
593401, 1202472, 1, 0, 0
593500, 1151817, 1, 0, 0
593600, 1245781, 1, 0, 0
593700, 1191171, 1, 0, 0
593801, 1252550, 1, 0, 0
593901, 1231846, 1, 0, 0
594001, 1296589, 1, 0, 0
594100, 1222453, 1, 0, 0
594200, 1172556, 1, 0, 0
594300, 1162703, 1, 0, 0
594400, 1198867, 1, 0, 0
594500, 1205396, 1, 0, 0
594600, 1134764, 1, 0, 0
594700, 1170885, 1, 0, 0
594800, 1189805, 1, 0, 0
594900, 1220639, 1, 0, 0
595000, 1222660, 1, 0, 0
595100, 1206312, 1, 0, 0
595201, 1266077, 1, 0, 0
595301, 1198690, 1, 0, 0
595400, 1168697, 1, 0, 0
595500, 1130283, 1, 0, 0
595601, 1159458, 1, 0, 0
595700, 1190742, 1, 0, 0
595800, 1198179, 1, 0, 0
595900, 1214334, 1, 0, 0
596001, 1233897, 1, 0, 0
596100, 1148508, 1, 0, 0
596200, 1206226, 1, 0, 0
596300, 1198671, 1, 0, 0
596400, 1174281, 1, 0, 0
596500, 1194950, 1, 0, 0
596600, 1234083, 1, 0, 0
596700, 1191055, 1, 0, 0
596801, 1205675, 1, 0, 0
596900, 1222681, 1, 0, 0
597000, 1222081, 1, 0, 0
597100, 1199714, 1, 0, 0
597200, 1189610, 1, 0, 0
597301, 1222606, 1, 0, 0
597400, 1242264, 1, 0, 0
597500, 1219742, 1, 0, 0
597600, 1214741, 1, 0, 0
597700, 1211183, 1, 0, 0
597801, 1260471, 1, 0, 0
597900, 1214019, 1, 0, 0
598000, 1222792, 1, 0, 0
598100, 1252740, 1, 0, 0
598200, 1243133, 1, 0, 0
598300, 1209984, 1, 0, 0
598400, 1224884, 1, 0, 0
598500, 1191017, 1, 0, 0
598600, 1157662, 1, 0, 0
598700, 1235262, 1, 0, 0
598800, 1200584, 1, 0, 0
598900, 1224738, 1, 0, 0
599000, 1273611, 1, 0, 0
599100, 1214802, 1, 0, 0
599201, 1185479, 1, 0, 0
599300, 1190612, 1, 0, 0
599400, 1232275, 1, 0, 0
599501, 1244667, 1, 0, 0
599600, 1191328, 1, 0, 0
599701, 1172050, 1, 0, 0
599800, 1158658, 1, 0, 0
599900, 1195853, 1, 0, 0
600000, 1176588, 1, 0, 0
