100, 899908, 1, 0, 0
200, 901537, 1, 0, 0
300, 899517, 1, 0, 0
400, 857606, 1, 0, 0
500, 893885, 1, 0, 0
600, 908840, 1, 0, 0
700, 865768, 1, 0, 0
800, 891962, 1, 0, 0
900, 911441, 1, 0, 0
1000, 912719, 1, 0, 0
1100, 878079, 1, 0, 0
1200, 868307, 1, 0, 0
1300, 922505, 1, 0, 0
1400, 844076, 1, 0, 0
1500, 882049, 1, 0, 0
1600, 920710, 1, 0, 0
1700, 871863, 1, 0, 0
1800, 880498, 1, 0, 0
1900, 923219, 1, 0, 0
2000, 881948, 1, 0, 0
2100, 886084, 1, 0, 0
2202, 950785, 1, 0, 0
2300, 902532, 1, 0, 0
2400, 875867, 1, 0, 0
2500, 892811, 1, 0, 0
2600, 871993, 1, 0, 0
2700, 922352, 1, 0, 0
2800, 867862, 1, 0, 0
2900, 889812, 1, 0, 0
3000, 939006, 1, 0, 0
3100, 915393, 1, 0, 0
3200, 904606, 1, 0, 0
3300, 902599, 1, 0, 0
3400, 903640, 1, 0, 0
3500, 967024, 1, 0, 0
3600, 882674, 1, 0, 0
3700, 918314, 1, 0, 0
3801, 913484, 1, 0, 0
3900, 929084, 1, 0, 0
4000, 908770, 1, 0, 0
4100, 955508, 1, 0, 0
4200, 876279, 1, 0, 0
4301, 924988, 1, 0, 0
4400, 885535, 1, 0, 0
4500, 904799, 1, 0, 0
4600, 870659, 1, 0, 0
4700, 939344, 1, 0, 0
4800, 898429, 1, 0, 0
4900, 900969, 1, 0, 0
5000, 875552, 1, 0, 0
5100, 912913, 1, 0, 0
5200, 943380, 1, 0, 0
5300, 950645, 1, 0, 0
5400, 884578, 1, 0, 0
5500, 874418, 1, 0, 0
5600, 867385, 1, 0, 0
5700, 877005, 1, 0, 0
5800, 879835, 1, 0, 0
5900, 839215, 1, 0, 0
6000, 872791, 1, 0, 0
6100, 842270, 1, 0, 0
6200, 867484, 1, 0, 0
6300, 875512, 1, 0, 0
6400, 832052, 1, 0, 0
6501, 842594, 1, 0, 0
6600, 858524, 1, 0, 0
6700, 880476, 1, 0, 0
6800, 844580, 1, 0, 0
6900, 859460, 1, 0, 0
7000, 887619, 1, 0, 0
7100, 866104, 1, 0, 0
7200, 838562, 1, 0, 0
7300, 875371, 1, 0, 0
7400, 872287, 1, 0, 0
7500, 842698, 1, 0, 0
7600, 875393, 1, 0, 0
7700, 913842, 1, 0, 0
7800, 877326, 1, 0, 0
7900, 856588, 1, 0, 0
8000, 826246, 1, 0, 0
8100, 854628, 1, 0, 0
8200, 885767, 1, 0, 0
8300, 832496, 1, 0, 0
8400, 840023, 1, 0, 0
8500, 849236, 1, 0, 0
8600, 882646, 1, 0, 0
8700, 907443, 1, 0, 0
8800, 933745, 1, 0, 0
8900, 964811, 1, 0, 0
9000, 918400, 1, 0, 0
9100, 858024, 1, 0, 0
9200, 891677, 1, 0, 0
9300, 864726, 1, 0, 0
9400, 860543, 1, 0, 0
9500, 936302, 1, 0, 0
9601, 892269, 1, 0, 0
9700, 888614, 1, 0, 0
9800, 925194, 1, 0, 0
9900, 965108, 1, 0, 0
10000, 894136, 1, 0, 0
10100, 911309, 1, 0, 0
10200, 906559, 1, 0, 0
10300, 916501, 1, 0, 0
10400, 894204, 1, 0, 0
10500, 941314, 1, 0, 0
10600, 937892, 1, 0, 0
10700, 907296, 1, 0, 0
10800, 915183, 1, 0, 0
10900, 933335, 1, 0, 0
11000, 906832, 1, 0, 0
11100, 907718, 1, 0, 0
11200, 888034, 1, 0, 0
11300, 941672, 1, 0, 0
11400, 963024, 1, 0, 0
11500, 869492, 1, 0, 0
11600, 932086, 1, 0, 0
11700, 913762, 1, 0, 0
11800, 890410, 1, 0, 0
11900, 921953, 1, 0, 0
12000, 855658, 1, 0, 0
12101, 926268, 1, 0, 0
12200, 912164, 1, 0, 0
12300, 897587, 1, 0, 0
12400, 908961, 1, 0, 0
12500, 943614, 1, 0, 0
12600, 923219, 1, 0, 0
12700, 892453, 1, 0, 0
12800, 894658, 1, 0, 0
12900, 929543, 1, 0, 0
13000, 879523, 1, 0, 0
13100, 880783, 1, 0, 0
13200, 929526, 1, 0, 0
13300, 862456, 1, 0, 0
13400, 861974, 1, 0, 0
13500, 837248, 1, 0, 0
13600, 878547, 1, 0, 0
13700, 883248, 1, 0, 0
13800, 913354, 1, 0, 0
13900, 928589, 1, 0, 0
14000, 856815, 1, 0, 0
14100, 895250, 1, 0, 0
14200, 923695, 1, 0, 0
14300, 884472, 1, 0, 0
14400, 865139, 1, 0, 0
14500, 903816, 1, 0, 0
14600, 898794, 1, 0, 0
14700, 872891, 1, 0, 0
14800, 878752, 1, 0, 0
14900, 876833, 1, 0, 0
15000, 840147, 1, 0, 0
15100, 861646, 1, 0, 0
15200, 905707, 1, 0, 0
15300, 938496, 1, 0, 0
15400, 887149, 1, 0, 0
15500, 911640, 1, 0, 0
15601, 886457, 1, 0, 0
15700, 913263, 1, 0, 0
15801, 913368, 1, 0, 0
15900, 897311, 1, 0, 0
16001, 872886, 1, 0, 0
16100, 856643, 1, 0, 0
16200, 917167, 1, 0, 0
16300, 885815, 1, 0, 0
16400, 920220, 1, 0, 0
16500, 911789, 1, 0, 0
16600, 914240, 1, 0, 0
16700, 851879, 1, 0, 0
16800, 915032, 1, 0, 0
16900, 896702, 1, 0, 0
17000, 902179, 1, 0, 0
17100, 887370, 1, 0, 0
17200, 913409, 1, 0, 0
17300, 878863, 1, 0, 0
17400, 892581, 1, 0, 0
17500, 891564, 1, 0, 0
17600, 880234, 1, 0, 0
17701, 871534, 1, 0, 0
17800, 895009, 1, 0, 0
17900, 975815, 1, 0, 0
18000, 893214, 1, 0, 0
18100, 863318, 1, 0, 0
18200, 870466, 1, 0, 0
18300, 849690, 1, 0, 0
18401, 880745, 1, 0, 0
18500, 891498, 1, 0, 0
18601, 942991, 1, 0, 0
18700, 994280, 1, 0, 0
18800, 918090, 1, 0, 0
18900, 884453, 1, 0, 0
19000, 918566, 1, 0, 0
19100, 907988, 1, 0, 0
19200, 894619, 1, 0, 0
19300, 872512, 1, 0, 0
19400, 931096, 1, 0, 0
19500, 904661, 1, 0, 0
19600, 894275, 1, 0, 0
19700, 875840, 1, 0, 0
19800, 910017, 1, 0, 0
19900, 852225, 1, 0, 0
20001, 844880, 1, 0, 0
20100, 896893, 1, 0, 0
20200, 869979, 1, 0, 0
20300, 874883, 1, 0, 0
20400, 925451, 1, 0, 0
20500, 884304, 1, 0, 0
20600, 887242, 1, 0, 0
20700, 878190, 1, 0, 0
20800, 894587, 1, 0, 0
20900, 879062, 1, 0, 0
21000, 897845, 1, 0, 0
21101, 907078, 1, 0, 0
21200, 859962, 1, 0, 0
21300, 885047, 1, 0, 0
21400, 848040, 1, 0, 0
21500, 825590, 1, 0, 0
21600, 861425, 1, 0, 0
21700, 927687, 1, 0, 0
21800, 895695, 1, 0, 0
21900, 930240, 1, 0, 0
22000, 974174, 1, 0, 0
22100, 909072, 1, 0, 0
22200, 914378, 1, 0, 0
22300, 892716, 1, 0, 0
22400, 921164, 1, 0, 0
22500, 920746, 1, 0, 0
22600, 934044, 1, 0, 0
22700, 879340, 1, 0, 0
22801, 903023, 1, 0, 0
22900, 966156, 1, 0, 0
23000, 928580, 1, 0, 0
23100, 928620, 1, 0, 0
23200, 906752, 1, 0, 0
23300, 905125, 1, 0, 0
23400, 879928, 1, 0, 0
23500, 889498, 1, 0, 0
23600, 864174, 1, 0, 0
23700, 867930, 1, 0, 0
23800, 932866, 1, 0, 0
23900, 863709, 1, 0, 0
24000, 898858, 1, 0, 0
24100, 852026, 1, 0, 0
24200, 840376, 1, 0, 0
24300, 901175, 1, 0, 0
24400, 907498, 1, 0, 0
24500, 919780, 1, 0, 0
24600, 857046, 1, 0, 0
24700, 937325, 1, 0, 0
24800, 855142, 1, 0, 0
24900, 877998, 1, 0, 0
25000, 904416, 1, 0, 0
25100, 888313, 1, 0, 0
25200, 889912, 1, 0, 0
25300, 882513, 1, 0, 0
25400, 869862, 1, 0, 0
25500, 947632, 1, 0, 0
25600, 917835, 1, 0, 0
25700, 894585, 1, 0, 0
25800, 910919, 1, 0, 0
25900, 923889, 1, 0, 0
26000, 869638, 1, 0, 0
26100, 849369, 1, 0, 0
26200, 869964, 1, 0, 0
26300, 860223, 1, 0, 0
26400, 860534, 1, 0, 0
26500, 881694, 1, 0, 0
26600, 956844, 1, 0, 0
26700, 840559, 1, 0, 0
26800, 855505, 1, 0, 0
26900, 906160, 1, 0, 0
27000, 865808, 1, 0, 0
27100, 880559, 1, 0, 0
27200, 872130, 1, 0, 0
27300, 901982, 1, 0, 0
27400, 921335, 1, 0, 0
27500, 890819, 1, 0, 0
27600, 909498, 1, 0, 0
27700, 868533, 1, 0, 0
27800, 859683, 1, 0, 0
27900, 894439, 1, 0, 0
28000, 894609, 1, 0, 0
28100, 877890, 1, 0, 0
28200, 913647, 1, 0, 0
28302, 1037114, 1, 0, 0
28400, 880625, 1, 0, 0
28500, 865050, 1, 0, 0
28600, 878983, 1, 0, 0
28700, 923306, 1, 0, 0
28800, 861507, 1, 0, 0
28900, 878097, 1, 0, 0
29000, 854682, 1, 0, 0
29100, 898802, 1, 0, 0
29200, 911631, 1, 0, 0
29300, 915725, 1, 0, 0
29400, 876456, 1, 0, 0
29500, 892569, 1, 0, 0
29600, 878986, 1, 0, 0
29700, 882851, 1, 0, 0
29800, 850998, 1, 0, 0
29900, 854955, 1, 0, 0
30000, 883113, 1, 0, 0
30100, 897633, 1, 0, 0
30200, 860418, 1, 0, 0
30300, 872291, 1, 0, 0
30401, 914576, 1, 0, 0
30500, 857433, 1, 0, 0
30600, 859009, 1, 0, 0
30700, 902455, 1, 0, 0
30800, 865633, 1, 0, 0
30900, 917452, 1, 0, 0
31000, 891992, 1, 0, 0
31100, 911780, 1, 0, 0
31200, 884816, 1, 0, 0
31300, 886969, 1, 0, 0
31400, 995403, 1, 0, 0
31500, 921912, 1, 0, 0
31600, 855510, 1, 0, 0
31700, 869586, 1, 0, 0
31800, 860915, 1, 0, 0
31900, 860620, 1, 0, 0
32000, 886763, 1, 0, 0
32100, 886006, 1, 0, 0
32200, 909771, 1, 0, 0
32300, 898919, 1, 0, 0
32400, 821271, 1, 0, 0
32500, 924242, 1, 0, 0
32600, 844610, 1, 0, 0
32700, 877096, 1, 0, 0
32800, 905514, 1, 0, 0
32900, 900498, 1, 0, 0
33000, 871094, 1, 0, 0
33100, 872449, 1, 0, 0
33200, 900585, 1, 0, 0
33300, 868385, 1, 0, 0
33400, 865695, 1, 0, 0
33500, 904167, 1, 0, 0
33600, 861563, 1, 0, 0
33700, 883938, 1, 0, 0
33800, 887011, 1, 0, 0
33900, 864086, 1, 0, 0
34000, 862252, 1, 0, 0
34100, 831611, 1, 0, 0
34200, 869283, 1, 0, 0
34300, 864744, 1, 0, 0
34401, 879218, 1, 0, 0
34500, 888287, 1, 0, 0
34600, 894770, 1, 0, 0
34700, 866192, 1, 0, 0
34800, 890512, 1, 0, 0
34900, 814545, 1, 0, 0
35000, 877657, 1, 0, 0
35100, 840273, 1, 0, 0
35200, 847132, 1, 0, 0
35300, 883856, 1, 0, 0
35400, 865375, 1, 0, 0
35500, 903363, 1, 0, 0
35600, 923017, 1, 0, 0
35700, 895349, 1, 0, 0
35800, 891369, 1, 0, 0
35900, 901062, 1, 0, 0
36000, 859111, 1, 0, 0
36100, 885251, 1, 0, 0
36200, 854721, 1, 0, 0
36300, 895797, 1, 0, 0
36400, 886182, 1, 0, 0
36500, 848799, 1, 0, 0
36600, 869885, 1, 0, 0
36700, 885660, 1, 0, 0
36800, 917750, 1, 0, 0
36900, 851826, 1, 0, 0
37000, 836321, 1, 0, 0
37100, 885592, 1, 0, 0
37200, 829166, 1, 0, 0
37300, 885831, 1, 0, 0
37400, 852170, 1, 0, 0
37500, 912238, 1, 0, 0
37600, 892275, 1, 0, 0
37701, 884684, 1, 0, 0
37800, 862817, 1, 0, 0
37900, 868508, 1, 0, 0
38000, 858743, 1, 0, 0
38100, 861816, 1, 0, 0
38200, 867184, 1, 0, 0
38300, 881300, 1, 0, 0
38400, 905206, 1, 0, 0
38500, 851849, 1, 0, 0
38600, 922115, 1, 0, 0
38700, 874064, 1, 0, 0
38800, 862861, 1, 0, 0
38900, 866178, 1, 0, 0
39000, 857821, 1, 0, 0
39100, 887979, 1, 0, 0
39200, 847461, 1, 0, 0
39300, 853363, 1, 0, 0
39400, 948095, 1, 0, 0
39500, 885743, 1, 0, 0
39600, 864923, 1, 0, 0
39700, 856848, 1, 0, 0
39800, 908810, 1, 0, 0
39900, 904703, 1, 0, 0
40000, 891029, 1, 0, 0
40100, 884180, 1, 0, 0
40200, 904536, 1, 0, 0
40301, 897520, 1, 0, 0
40401, 852636, 1, 0, 0
40500, 876883, 1, 0, 0
40600, 875073, 1, 0, 0
40700, 859171, 1, 0, 0
40800, 864356, 1, 0, 0
40900, 902743, 1, 0, 0
41000, 861290, 1, 0, 0
41100, 857643, 1, 0, 0
41200, 856169, 1, 0, 0
41300, 853699, 1, 0, 0
41400, 856293, 1, 0, 0
41500, 904840, 1, 0, 0
41604, 975813, 1, 0, 0
41700, 900969, 1, 0, 0
41800, 906024, 1, 0, 0
41900, 886955, 1, 0, 0
42001, 912648, 1, 0, 0
42100, 859233, 1, 0, 0
42200, 843042, 1, 0, 0
42302, 905595, 1, 0, 0
42400, 889886, 1, 0, 0
42500, 857082, 1, 0, 0
42600, 898046, 1, 0, 0
42700, 885453, 1, 0, 0
42800, 848665, 1, 0, 0
42900, 864779, 1, 0, 0
43000, 855662, 1, 0, 0
43101, 881422, 1, 0, 0
43200, 902943, 1, 0, 0
43300, 864949, 1, 0, 0
43400, 943268, 1, 0, 0
43500, 875346, 1, 0, 0
43600, 861760, 1, 0, 0
43700, 953594, 1, 0, 0
43800, 871708, 1, 0, 0
43900, 846145, 1, 0, 0
44000, 836485, 1, 0, 0
44100, 896457, 1, 0, 0
44200, 905062, 1, 0, 0
44300, 892305, 1, 0, 0
44400, 885827, 1, 0, 0
44500, 870060, 1, 0, 0
44600, 893411, 1, 0, 0
44700, 881866, 1, 0, 0
44800, 888705, 1, 0, 0
44902, 942873, 1, 0, 0
45000, 912209, 1, 0, 0
45100, 877484, 1, 0, 0
45200, 874050, 1, 0, 0
45300, 846807, 1, 0, 0
45400, 871877, 1, 0, 0
45500, 864666, 1, 0, 0
45600, 875192, 1, 0, 0
45700, 905032, 1, 0, 0
45800, 870722, 1, 0, 0
45900, 886697, 1, 0, 0
46000, 851602, 1, 0, 0
46100, 940176, 1, 0, 0
46200, 931064, 1, 0, 0
46300, 916730, 1, 0, 0
46400, 917032, 1, 0, 0
46500, 939715, 1, 0, 0
46600, 877819, 1, 0, 0
46700, 864750, 1, 0, 0
46800, 943604, 1, 0, 0
46900, 879017, 1, 0, 0
47000, 877846, 1, 0, 0
47100, 900975, 1, 0, 0
47200, 874091, 1, 0, 0
47300, 906605, 1, 0, 0
47400, 935274, 1, 0, 0
47500, 905153, 1, 0, 0
47600, 891880, 1, 0, 0
47700, 897710, 1, 0, 0
47801, 910727, 1, 0, 0
47900, 892680, 1, 0, 0
48000, 875490, 1, 0, 0
48100, 897450, 1, 0, 0
48200, 839697, 1, 0, 0
48300, 867541, 1, 0, 0
48400, 846998, 1, 0, 0
48500, 890834, 1, 0, 0
48600, 847569, 1, 0, 0
48700, 867167, 1, 0, 0
48800, 905816, 1, 0, 0
48900, 837998, 1, 0, 0
49000, 867028, 1, 0, 0
49100, 890326, 1, 0, 0
49200, 917277, 1, 0, 0
49300, 914671, 1, 0, 0
49400, 863428, 1, 0, 0
49500, 911088, 1, 0, 0
49600, 904269, 1, 0, 0
49700, 890606, 1, 0, 0
49800, 859204, 1, 0, 0
49900, 921371, 1, 0, 0
50000, 915119, 1, 0, 0
50100, 871942, 1, 0, 0
50200, 882941, 1, 0, 0
50300, 894954, 1, 0, 0
50400, 875297, 1, 0, 0
50500, 890848, 1, 0, 0
50600, 921507, 1, 0, 0
50700, 896218, 1, 0, 0
50800, 913322, 1, 0, 0
50900, 881595, 1, 0, 0
51000, 896802, 1, 0, 0
51100, 982189, 1, 0, 0
51200, 932552, 1, 0, 0
51300, 907026, 1, 0, 0
51400, 949646, 1, 0, 0
51500, 934905, 1, 0, 0
51600, 860286, 1, 0, 0
51700, 862329, 1, 0, 0
51800, 921810, 1, 0, 0
51900, 879065, 1, 0, 0
52000, 871384, 1, 0, 0
52100, 848875, 1, 0, 0
52200, 855846, 1, 0, 0
52300, 888319, 1, 0, 0
52400, 858623, 1, 0, 0
52500, 943489, 1, 0, 0
52600, 938585, 1, 0, 0
52700, 848047, 1, 0, 0
52800, 883760, 1, 0, 0
52900, 889516, 1, 0, 0
53000, 839199, 1, 0, 0
53100, 851105, 1, 0, 0
53200, 830886, 1, 0, 0
53300, 845549, 1, 0, 0
53400, 837468, 1, 0, 0
53500, 868927, 1, 0, 0
53600, 939325, 1, 0, 0
53700, 877640, 1, 0, 0
53800, 872207, 1, 0, 0
53900, 909185, 1, 0, 0
54000, 892106, 1, 0, 0
54100, 879676, 1, 0, 0
54200, 883856, 1, 0, 0
54300, 896784, 1, 0, 0
54400, 893158, 1, 0, 0
54500, 880763, 1, 0, 0
54600, 887186, 1, 0, 0
54700, 907538, 1, 0, 0
54800, 875470, 1, 0, 0
54900, 867916, 1, 0, 0
55000, 884101, 1, 0, 0
55100, 896307, 1, 0, 0
55200, 876317, 1, 0, 0
55300, 870349, 1, 0, 0
55400, 856165, 1, 0, 0
55500, 860020, 1, 0, 0
55600, 882480, 1, 0, 0
55700, 883508, 1, 0, 0
55800, 846107, 1, 0, 0
55900, 818695, 1, 0, 0
56000, 858039, 1, 0, 0
56100, 885634, 1, 0, 0
56200, 888908, 1, 0, 0
56300, 879075, 1, 0, 0
56400, 858879, 1, 0, 0
56500, 909283, 1, 0, 0
56601, 894544, 1, 0, 0
56700, 903884, 1, 0, 0
56800, 944443, 1, 0, 0
56900, 927296, 1, 0, 0
57000, 935554, 1, 0, 0
57100, 920418, 1, 0, 0
57200, 934492, 1, 0, 0
57300, 905927, 1, 0, 0
57400, 866262, 1, 0, 0
57501, 914617, 1, 0, 0
57600, 842296, 1, 0, 0
57700, 883972, 1, 0, 0
57800, 876155, 1, 0, 0
57901, 896844, 1, 0, 0
58000, 908110, 1, 0, 0
58100, 866592, 1, 0, 0
58200, 899965, 1, 0, 0
58300, 884640, 1, 0, 0
58400, 900160, 1, 0, 0
58500, 878629, 1, 0, 0
58600, 890564, 1, 0, 0
58700, 920648, 1, 0, 0
58800, 822189, 1, 0, 0
58900, 856554, 1, 0, 0
59000, 908747, 1, 0, 0
59100, 897469, 1, 0, 0
59200, 846192, 1, 0, 0
59300, 867684, 1, 0, 0
59400, 885781, 1, 0, 0
59500, 842736, 1, 0, 0
59600, 878757, 1, 0, 0
59700, 875448, 1, 0, 0
59800, 824571, 1, 0, 0
59900, 828313, 1, 0, 0
60000, 865124, 1, 0, 0
60100, 920380, 1, 0, 0
60200, 926349, 1, 0, 0
60300, 888051, 1, 0, 0
60400, 879710, 1, 0, 0
60500, 882150, 1, 0, 0
60600, 870694, 1, 0, 0
60700, 895312, 1, 0, 0
60800, 877725, 1, 0, 0
60900, 848165, 1, 0, 0
61000, 876089, 1, 0, 0
61100, 881981, 1, 0, 0
61200, 879227, 1, 0, 0
61300, 873692, 1, 0, 0
61400, 895533, 1, 0, 0
61500, 913494, 1, 0, 0
61600, 858740, 1, 0, 0
61700, 853321, 1, 0, 0
61800, 883082, 1, 0, 0
61901, 923638, 1, 0, 0
62000, 870227, 1, 0, 0
62100, 862426, 1, 0, 0
62201, 863767, 1, 0, 0
62300, 878723, 1, 0, 0
62400, 879088, 1, 0, 0
62500, 878336, 1, 0, 0
62600, 915709, 1, 0, 0
62700, 891171, 1, 0, 0
62800, 884888, 1, 0, 0
62900, 861082, 1, 0, 0
63000, 908033, 1, 0, 0
63100, 881361, 1, 0, 0
63200, 871532, 1, 0, 0
63300, 897279, 1, 0, 0
63400, 834588, 1, 0, 0
63500, 890627, 1, 0, 0
63600, 882967, 1, 0, 0
63700, 920190, 1, 0, 0
63800, 904935, 1, 0, 0
63900, 849092, 1, 0, 0
64000, 909670, 1, 0, 0
64100, 916089, 1, 0, 0
64200, 881183, 1, 0, 0
64300, 852296, 1, 0, 0
64400, 888747, 1, 0, 0
64500, 860049, 1, 0, 0
64600, 871812, 1, 0, 0
64700, 884050, 1, 0, 0
64800, 894783, 1, 0, 0
64900, 868152, 1, 0, 0
65000, 872250, 1, 0, 0
65100, 898009, 1, 0, 0
65200, 869586, 1, 0, 0
65300, 841195, 1, 0, 0
65400, 830365, 1, 0, 0
65500, 876824, 1, 0, 0
65600, 874178, 1, 0, 0
65700, 861725, 1, 0, 0
65800, 891935, 1, 0, 0
65900, 832283, 1, 0, 0
66000, 869444, 1, 0, 0
66100, 888591, 1, 0, 0
66200, 864451, 1, 0, 0
66300, 866928, 1, 0, 0
66400, 855953, 1, 0, 0
66500, 911549, 1, 0, 0
66600, 873145, 1, 0, 0
66700, 883647, 1, 0, 0
66800, 894064, 1, 0, 0
66900, 896762, 1, 0, 0
67000, 865674, 1, 0, 0
67100, 855823, 1, 0, 0
67200, 888759, 1, 0, 0
67300, 857196, 1, 0, 0
67400, 878512, 1, 0, 0
67500, 872748, 1, 0, 0
67600, 845929, 1, 0, 0
67700, 862663, 1, 0, 0
67800, 866890, 1, 0, 0
67900, 888274, 1, 0, 0
68001, 921126, 1, 0, 0
68100, 834292, 1, 0, 0
68200, 847429, 1, 0, 0
68300, 878757, 1, 0, 0
68400, 894136, 1, 0, 0
68500, 889709, 1, 0, 0
68600, 873337, 1, 0, 0
68700, 883085, 1, 0, 0
68800, 854060, 1, 0, 0
68900, 840159, 1, 0, 0
69000, 902331, 1, 0, 0
69100, 898230, 1, 0, 0
69200, 887001, 1, 0, 0
69300, 945691, 1, 0, 0
69400, 867064, 1, 0, 0
69500, 897337, 1, 0, 0
69600, 872346, 1, 0, 0
69700, 932156, 1, 0, 0
69800, 887040, 1, 0, 0
69900, 903776, 1, 0, 0
70000, 874702, 1, 0, 0
70100, 884978, 1, 0, 0
70200, 869348, 1, 0, 0
70300, 889905, 1, 0, 0
70400, 861710, 1, 0, 0
70500, 880136, 1, 0, 0
70600, 856844, 1, 0, 0
70700, 855778, 1, 0, 0
70800, 862548, 1, 0, 0
70900, 885013, 1, 0, 0
71000, 880212, 1, 0, 0
71100, 856345, 1, 0, 0
71200, 893796, 1, 0, 0
71300, 857944, 1, 0, 0
71400, 849038, 1, 0, 0
71500, 941135, 1, 0, 0
71600, 862439, 1, 0, 0
71700, 885323, 1, 0, 0
71800, 856089, 1, 0, 0
71900, 866287, 1, 0, 0
72001, 854908, 1, 0, 0
72101, 889927, 1, 0, 0
72200, 875407, 1, 0, 0
72300, 927947, 1, 0, 0
72400, 853141, 1, 0, 0
72500, 833065, 1, 0, 0
72600, 912254, 1, 0, 0
72700, 866554, 1, 0, 0
72800, 829999, 1, 0, 0
72900, 888331, 1, 0, 0
73000, 861876, 1, 0, 0
73100, 827190, 1, 0, 0
73200, 854367, 1, 0, 0
73300, 882059, 1, 0, 0
73400, 901342, 1, 0, 0
73500, 879867, 1, 0, 0
73600, 897181, 1, 0, 0
73700, 884090, 1, 0, 0
73800, 886200, 1, 0, 0
73900, 869780, 1, 0, 0
74000, 849855, 1, 0, 0
74100, 840286, 1, 0, 0
74200, 883422, 1, 0, 0
74300, 850369, 1, 0, 0
74400, 868889, 1, 0, 0
74500, 842577, 1, 0, 0
74600, 844953, 1, 0, 0
74700, 867022, 1, 0, 0
74800, 845154, 1, 0, 0
74900, 831340, 1, 0, 0
75000, 885110, 1, 0, 0
75101, 867590, 1, 0, 0
75200, 843835, 1, 0, 0
75301, 878976, 1, 0, 0
75400, 887641, 1, 0, 0
75500, 859751, 1, 0, 0
75600, 854412, 1, 0, 0
75700, 901254, 1, 0, 0
75801, 936126, 1, 0, 0
75900, 926129, 1, 0, 0
76000, 854216, 1, 0, 0
76100, 881135, 1, 0, 0
76200, 859506, 1, 0, 0
76300, 855288, 1, 0, 0
76400, 871385, 1, 0, 0
76500, 878716, 1, 0, 0
76600, 886677, 1, 0, 0
76702, 903729, 1, 0, 0
76800, 885043, 1, 0, 0
76900, 919371, 1, 0, 0
77000, 875679, 1, 0, 0
77100, 860227, 1, 0, 0
77200, 842276, 1, 0, 0
77300, 847639, 1, 0, 0
77400, 849428, 1, 0, 0
77500, 873510, 1, 0, 0
77600, 879765, 1, 0, 0
77700, 884570, 1, 0, 0
77800, 910603, 1, 0, 0
77901, 910336, 1, 0, 0
78000, 885195, 1, 0, 0
78100, 868749, 1, 0, 0
78200, 860776, 1, 0, 0
78300, 888687, 1, 0, 0
78400, 857896, 1, 0, 0
78500, 909976, 1, 0, 0
78600, 874714, 1, 0, 0
78700, 919035, 1, 0, 0
78801, 911814, 1, 0, 0
78900, 867993, 1, 0, 0
79000, 875139, 1, 0, 0
79100, 865792, 1, 0, 0
79200, 908099, 1, 0, 0
79300, 841039, 1, 0, 0
79400, 895676, 1, 0, 0
79500, 878578, 1, 0, 0
79600, 875734, 1, 0, 0
79700, 839623, 1, 0, 0
79800, 862275, 1, 0, 0
79900, 879374, 1, 0, 0
80000, 891106, 1, 0, 0
80100, 863545, 1, 0, 0
80200, 866397, 1, 0, 0
80300, 873771, 1, 0, 0
80400, 919043, 1, 0, 0
80500, 883210, 1, 0, 0
80600, 907699, 1, 0, 0
80700, 909085, 1, 0, 0
80800, 894210, 1, 0, 0
80900, 884224, 1, 0, 0
81000, 878729, 1, 0, 0
81100, 846095, 1, 0, 0
81200, 900487, 1, 0, 0
81300, 900917, 1, 0, 0
81400, 901841, 1, 0, 0
81500, 889599, 1, 0, 0
81600, 879824, 1, 0, 0
81700, 852796, 1, 0, 0
81800, 930859, 1, 0, 0
81900, 929902, 1, 0, 0
82000, 845468, 1, 0, 0
82100, 924676, 1, 0, 0
82200, 870834, 1, 0, 0
82300, 907612, 1, 0, 0
82400, 933033, 1, 0, 0
82500, 913211, 1, 0, 0
82600, 860666, 1, 0, 0
82700, 845875, 1, 0, 0
82800, 895412, 1, 0, 0
82900, 878980, 1, 0, 0
83000, 902782, 1, 0, 0
83100, 904247, 1, 0, 0
83200, 868321, 1, 0, 0
83300, 842939, 1, 0, 0
83400, 848480, 1, 0, 0
83500, 894564, 1, 0, 0
83600, 851350, 1, 0, 0
83700, 840484, 1, 0, 0
83800, 837447, 1, 0, 0
83900, 867932, 1, 0, 0
84000, 884857, 1, 0, 0
84100, 868069, 1, 0, 0
84200, 866858, 1, 0, 0
84300, 871436, 1, 0, 0
84400, 863488, 1, 0, 0
84500, 883034, 1, 0, 0
84600, 846161, 1, 0, 0
84700, 913930, 1, 0, 0
84800, 873176, 1, 0, 0
84900, 926874, 1, 0, 0
85000, 903044, 1, 0, 0
85100, 865018, 1, 0, 0
85200, 870963, 1, 0, 0
85301, 903553, 1, 0, 0
85400, 885297, 1, 0, 0
85500, 876495, 1, 0, 0
85600, 907423, 1, 0, 0
85700, 916594, 1, 0, 0
85800, 875480, 1, 0, 0
85900, 873593, 1, 0, 0
86000, 897929, 1, 0, 0
86100, 896516, 1, 0, 0
86200, 867459, 1, 0, 0
86300, 958050, 1, 0, 0
86401, 912774, 1, 0, 0
86500, 896517, 1, 0, 0
86600, 921580, 1, 0, 0
86700, 988856, 1, 0, 0
86800, 952443, 1, 0, 0
86900, 869148, 1, 0, 0
87000, 903359, 1, 0, 0
87100, 894577, 1, 0, 0
87200, 855833, 1, 0, 0
87300, 851766, 1, 0, 0
87400, 933685, 1, 0, 0
87500, 862430, 1, 0, 0
87600, 914039, 1, 0, 0
87700, 913935, 1, 0, 0
87800, 858715, 1, 0, 0
87900, 922666, 1, 0, 0
88000, 861424, 1, 0, 0
88100, 901903, 1, 0, 0
88200, 872311, 1, 0, 0
88300, 900525, 1, 0, 0
88400, 850664, 1, 0, 0
88500, 931848, 1, 0, 0
88600, 948422, 1, 0, 0
88700, 907083, 1, 0, 0
88800, 912603, 1, 0, 0
88901, 858928, 1, 0, 0
89000, 886242, 1, 0, 0
89100, 885695, 1, 0, 0
89200, 884170, 1, 0, 0
89300, 905121, 1, 0, 0
89400, 911000, 1, 0, 0
89500, 876251, 1, 0, 0
89601, 968080, 1, 0, 0
89700, 897801, 1, 0, 0
89800, 884560, 1, 0, 0
89900, 834474, 1, 0, 0
90000, 856959, 1, 0, 0
90100, 900621, 1, 0, 0
90200, 861584, 1, 0, 0
90300, 857644, 1, 0, 0
90400, 908748, 1, 0, 0
90500, 868167, 1, 0, 0
90600, 869017, 1, 0, 0
90700, 892867, 1, 0, 0
90801, 909007, 1, 0, 0
90900, 884579, 1, 0, 0
91000, 830413, 1, 0, 0
91100, 929569, 1, 0, 0
91201, 885253, 1, 0, 0
91300, 869431, 1, 0, 0
91400, 841390, 1, 0, 0
91500, 895828, 1, 0, 0
91600, 890680, 1, 0, 0
91700, 922622, 1, 0, 0
91800, 897953, 1, 0, 0
91900, 867852, 1, 0, 0
92000, 920097, 1, 0, 0
92100, 870348, 1, 0, 0
92200, 856618, 1, 0, 0
92300, 874822, 1, 0, 0
92400, 867695, 1, 0, 0
92500, 852853, 1, 0, 0
92600, 939385, 1, 0, 0
92700, 933321, 1, 0, 0
92800, 934119, 1, 0, 0
92900, 870061, 1, 0, 0
93000, 856384, 1, 0, 0
93100, 869741, 1, 0, 0
93200, 928306, 1, 0, 0
93300, 862623, 1, 0, 0
93400, 833735, 1, 0, 0
93500, 894683, 1, 0, 0
93600, 874114, 1, 0, 0
93700, 904990, 1, 0, 0
93800, 915789, 1, 0, 0
93900, 917239, 1, 0, 0
94000, 905040, 1, 0, 0
94100, 866305, 1, 0, 0
94200, 857855, 1, 0, 0
94301, 867959, 1, 0, 0
94400, 844424, 1, 0, 0
94500, 926425, 1, 0, 0
94600, 929820, 1, 0, 0
94700, 890174, 1, 0, 0
94800, 876932, 1, 0, 0
94900, 885644, 1, 0, 0
95000, 900756, 1, 0, 0
95100, 878010, 1, 0, 0
95200, 886737, 1, 0, 0
95300, 870311, 1, 0, 0
95401, 986829, 1, 0, 0
95500, 875532, 1, 0, 0
95600, 840256, 1, 0, 0
95700, 856731, 1, 0, 0
95800, 929270, 1, 0, 0
95900, 937793, 1, 0, 0
96000, 864136, 1, 0, 0
96100, 883906, 1, 0, 0
96200, 911580, 1, 0, 0
96300, 912751, 1, 0, 0
96400, 912512, 1, 0, 0
96500, 890459, 1, 0, 0
96600, 852122, 1, 0, 0
96700, 875693, 1, 0, 0
96800, 849405, 1, 0, 0
96900, 851010, 1, 0, 0
97000, 845988, 1, 0, 0
97100, 881851, 1, 0, 0
97200, 861689, 1, 0, 0
97300, 907075, 1, 0, 0
97400, 899502, 1, 0, 0
97500, 899939, 1, 0, 0
97600, 910219, 1, 0, 0
97700, 869912, 1, 0, 0
97800, 878118, 1, 0, 0
97900, 865756, 1, 0, 0
98000, 902479, 1, 0, 0
98100, 914145, 1, 0, 0
98200, 809861, 1, 0, 0
98300, 869406, 1, 0, 0
98400, 848283, 1, 0, 0
98500, 861496, 1, 0, 0
98600, 870872, 1, 0, 0
98700, 921879, 1, 0, 0
98800, 894641, 1, 0, 0
98901, 872744, 1, 0, 0
99000, 851803, 1, 0, 0
99100, 884803, 1, 0, 0
99200, 837825, 1, 0, 0
99300, 861063, 1, 0, 0
99400, 910608, 1, 0, 0
99500, 888654, 1, 0, 0
99600, 894673, 1, 0, 0
99700, 841362, 1, 0, 0
99800, 874036, 1, 0, 0
99900, 895781, 1, 0, 0
100000, 909237, 1, 0, 0
100100, 887930, 1, 0, 0
100200, 816245, 1, 0, 0
100300, 844990, 1, 0, 0
100400, 843613, 1, 0, 0
100500, 874665, 1, 0, 0
100600, 888117, 1, 0, 0
100700, 892891, 1, 0, 0
100800, 904454, 1, 0, 0
100900, 871940, 1, 0, 0
101000, 882825, 1, 0, 0
101100, 866607, 1, 0, 0
101200, 841850, 1, 0, 0
101300, 850594, 1, 0, 0
101400, 890223, 1, 0, 0
101500, 839920, 1, 0, 0
101600, 855055, 1, 0, 0
101700, 845695, 1, 0, 0
101800, 881516, 1, 0, 0
101900, 902109, 1, 0, 0
102000, 859565, 1, 0, 0
102100, 889732, 1, 0, 0
102200, 890101, 1, 0, 0
102300, 905592, 1, 0, 0
102400, 857431, 1, 0, 0
102500, 911683, 1, 0, 0
102600, 882476, 1, 0, 0
102700, 883377, 1, 0, 0
102800, 870524, 1, 0, 0
102900, 892624, 1, 0, 0
103000, 881285, 1, 0, 0
103100, 868866, 1, 0, 0
103200, 911769, 1, 0, 0
103300, 886231, 1, 0, 0
103400, 895835, 1, 0, 0
103500, 950700, 1, 0, 0
103600, 882063, 1, 0, 0
103700, 907113, 1, 0, 0
103800, 890113, 1, 0, 0
103900, 867396, 1, 0, 0
104000, 872734, 1, 0, 0
104100, 860992, 1, 0, 0
104201, 881240, 1, 0, 0
104300, 930430, 1, 0, 0
104400, 842739, 1, 0, 0
104500, 848419, 1, 0, 0
104600, 889836, 1, 0, 0
104700, 913231, 1, 0, 0
104800, 861748, 1, 0, 0
104900, 916469, 1, 0, 0
105000, 862718, 1, 0, 0
105100, 878982, 1, 0, 0
105200, 864654, 1, 0, 0
105300, 913022, 1, 0, 0
105400, 892933, 1, 0, 0
105500, 906140, 1, 0, 0
105600, 928280, 1, 0, 0
105700, 901800, 1, 0, 0
105800, 865808, 1, 0, 0
105900, 843691, 1, 0, 0
106000, 870124, 1, 0, 0
106100, 887900, 1, 0, 0
106200, 873919, 1, 0, 0
106300, 881146, 1, 0, 0
106400, 892018, 1, 0, 0
106500, 899785, 1, 0, 0
106600, 875773, 1, 0, 0
106700, 822540, 1, 0, 0
106800, 866227, 1, 0, 0
106900, 821425, 1, 0, 0
107000, 908976, 1, 0, 0
107100, 877193, 1, 0, 0
107200, 915746, 1, 0, 0
107300, 905749, 1, 0, 0
107400, 892027, 1, 0, 0
107500, 941888, 1, 0, 0
107600, 891148, 1, 0, 0
107700, 893636, 1, 0, 0
107800, 886323, 1, 0, 0
107900, 911101, 1, 0, 0
108000, 890948, 1, 0, 0
108100, 852996, 1, 0, 0
108200, 915303, 1, 0, 0
108300, 897672, 1, 0, 0
108401, 887617, 1, 0, 0
108500, 865908, 1, 0, 0
108600, 882947, 1, 0, 0
108700, 901721, 1, 0, 0
108801, 897279, 1, 0, 0
108900, 884658, 1, 0, 0
109000, 959696, 1, 0, 0
109100, 880539, 1, 0, 0
109200, 863535, 1, 0, 0
109300, 890225, 1, 0, 0
109400, 904926, 1, 0, 0
109500, 881266, 1, 0, 0
109600, 869905, 1, 0, 0
109700, 864535, 1, 0, 0
109800, 877553, 1, 0, 0
109900, 922358, 1, 0, 0
110000, 907507, 1, 0, 0
110100, 853612, 1, 0, 0
110200, 864278, 1, 0, 0
110300, 901987, 1, 0, 0
110400, 918241, 1, 0, 0
110500, 852200, 1, 0, 0
110600, 876883, 1, 0, 0
110700, 864566, 1, 0, 0
110801, 922216, 1, 0, 0
110900, 916251, 1, 0, 0
111000, 885346, 1, 0, 0
111100, 849508, 1, 0, 0
111200, 888854, 1, 0, 0
111300, 853232, 1, 0, 0
111400, 894091, 1, 0, 0
111500, 897889, 1, 0, 0
111600, 901318, 1, 0, 0
111700, 884830, 1, 0, 0
111800, 924201, 1, 0, 0
111900, 892060, 1, 0, 0
112000, 882733, 1, 0, 0
112100, 852621, 1, 0, 0
112200, 912074, 1, 0, 0
112300, 907369, 1, 0, 0
112400, 874397, 1, 0, 0
112500, 920846, 1, 0, 0
112600, 901142, 1, 0, 0
112700, 906300, 1, 0, 0
112800, 897414, 1, 0, 0
112900, 869076, 1, 0, 0
113000, 911539, 1, 0, 0
113100, 920885, 1, 0, 0
113200, 890971, 1, 0, 0
113300, 887437, 1, 0, 0
113400, 922575, 1, 0, 0
113500, 875318, 1, 0, 0
113600, 917276, 1, 0, 0
113700, 923992, 1, 0, 0
113800, 895998, 1, 0, 0
113900, 898570, 1, 0, 0
114000, 912395, 1, 0, 0
114100, 958808, 1, 0, 0
114200, 928695, 1, 0, 0
114300, 886563, 1, 0, 0
114400, 860100, 1, 0, 0
114500, 893235, 1, 0, 0
114600, 838172, 1, 0, 0
114700, 856217, 1, 0, 0
114800, 865796, 1, 0, 0
114900, 969355, 1, 0, 0
115002, 921083, 1, 0, 0
115100, 876135, 1, 0, 0
115200, 925811, 1, 0, 0
115300, 918367, 1, 0, 0
115400, 886010, 1, 0, 0
115500, 984977, 1, 0, 0
115600, 897931, 1, 0, 0
115700, 898813, 1, 0, 0
115800, 918047, 1, 0, 0
115900, 870123, 1, 0, 0
116001, 896160, 1, 0, 0
116100, 905468, 1, 0, 0
116200, 843678, 1, 0, 0
116300, 952446, 1, 0, 0
116401, 885518, 1, 0, 0
116500, 907856, 1, 0, 0
116600, 866718, 1, 0, 0
116700, 938455, 1, 0, 0
116800, 867633, 1, 0, 0
116900, 909820, 1, 0, 0
117000, 882695, 1, 0, 0
117100, 906607, 1, 0, 0
117200, 900755, 1, 0, 0
117300, 907353, 1, 0, 0
117400, 851478, 1, 0, 0
117500, 920115, 1, 0, 0
117600, 853372, 1, 0, 0
117700, 929595, 1, 0, 0
117800, 894514, 1, 0, 0
117901, 984903, 1, 0, 0
118000, 888147, 1, 0, 0
118100, 922616, 1, 0, 0
118200, 887048, 1, 0, 0
118301, 898928, 1, 0, 0
118400, 889196, 1, 0, 0
118500, 911766, 1, 0, 0
118600, 885654, 1, 0, 0
118700, 888774, 1, 0, 0
118800, 863338, 1, 0, 0
118900, 877669, 1, 0, 0
119000, 923925, 1, 0, 0
119101, 877483, 1, 0, 0
119200, 915371, 1, 0, 0
119300, 952036, 1, 0, 0
119400, 942072, 1, 0, 0
119500, 892655, 1, 0, 0
119600, 896705, 1, 0, 0
119700, 906220, 1, 0, 0
119800, 882549, 1, 0, 0
119900, 876132, 1, 0, 0
120000, 892888, 1, 0, 0
120100, 890810, 1, 0, 0
120200, 886016, 1, 0, 0
120300, 876115, 1, 0, 0
120400, 850450, 1, 0, 0
120505, 958690, 1, 0, 0
120600, 895150, 1, 0, 0
120700, 867986, 1, 0, 0
120800, 879973, 1, 0, 0
120900, 891863, 1, 0, 0
121001, 877823, 1, 0, 0
121100, 901941, 1, 0, 0
121200, 904937, 1, 0, 0
121300, 909601, 1, 0, 0
121400, 921426, 1, 0, 0
121500, 900061, 1, 0, 0
121600, 911015, 1, 0, 0
121700, 912691, 1, 0, 0
121800, 902687, 1, 0, 0
121900, 870878, 1, 0, 0
122000, 891004, 1, 0, 0
122100, 893665, 1, 0, 0
122200, 979655, 1, 0, 0
122300, 915228, 1, 0, 0
122400, 889287, 1, 0, 0
122500, 886896, 1, 0, 0
122600, 882133, 1, 0, 0
122700, 883168, 1, 0, 0
122800, 938294, 1, 0, 0
122900, 899195, 1, 0, 0
123001, 867625, 1, 0, 0
123100, 915533, 1, 0, 0
123201, 930822, 1, 0, 0
123300, 908154, 1, 0, 0
123400, 895170, 1, 0, 0
123500, 875313, 1, 0, 0
123600, 914309, 1, 0, 0
123700, 891007, 1, 0, 0
123800, 935638, 1, 0, 0
123900, 859896, 1, 0, 0
124000, 895801, 1, 0, 0
124100, 883252, 1, 0, 0
124200, 921638, 1, 0, 0
124300, 950625, 1, 0, 0
124400, 897379, 1, 0, 0
124500, 905415, 1, 0, 0
124600, 919120, 1, 0, 0
124700, 920745, 1, 0, 0
124800, 879897, 1, 0, 0
124900, 1005765, 1, 0, 0
125000, 912557, 1, 0, 0
125100, 888118, 1, 0, 0
125202, 917792, 1, 0, 0
125300, 907466, 1, 0, 0
125400, 889172, 1, 0, 0
125500, 899905, 1, 0, 0
125600, 931119, 1, 0, 0
125700, 881266, 1, 0, 0
125800, 878568, 1, 0, 0
125900, 914991, 1, 0, 0
126000, 883802, 1, 0, 0
126100, 967960, 1, 0, 0
126200, 912450, 1, 0, 0
126300, 910594, 1, 0, 0
126400, 902290, 1, 0, 0
126500, 932917, 1, 0, 0
126600, 948468, 1, 0, 0
126700, 938715, 1, 0, 0
126800, 891202, 1, 0, 0
126900, 929678, 1, 0, 0
127000, 869666, 1, 0, 0
127100, 896741, 1, 0, 0
127200, 890296, 1, 0, 0
127300, 886546, 1, 0, 0
127400, 911973, 1, 0, 0
127500, 879983, 1, 0, 0
127600, 897224, 1, 0, 0
127700, 872825, 1, 0, 0
127800, 870555, 1, 0, 0
127900, 918278, 1, 0, 0
128000, 896601, 1, 0, 0
128100, 937408, 1, 0, 0
128200, 927694, 1, 0, 0
128300, 916326, 1, 0, 0
128400, 897800, 1, 0, 0
128500, 923490, 1, 0, 0
128600, 887583, 1, 0, 0
128700, 879715, 1, 0, 0
128800, 899065, 1, 0, 0
128900, 946187, 1, 0, 0
129000, 958178, 1, 0, 0
129100, 907552, 1, 0, 0
129200, 887127, 1, 0, 0
129300, 873820, 1, 0, 0
129400, 892394, 1, 0, 0
129501, 863837, 1, 0, 0
129600, 869315, 1, 0, 0
129700, 975774, 1, 0, 0
129800, 884848, 1, 0, 0
129900, 869690, 1, 0, 0
130000, 858922, 1, 0, 0
130100, 880068, 1, 0, 0
130200, 862248, 1, 0, 0
130300, 870589, 1, 0, 0
130400, 896008, 1, 0, 0
130500, 878133, 1, 0, 0
130600, 867919, 1, 0, 0
130702, 901436, 1, 0, 0
130800, 920291, 1, 0, 0
130900, 861920, 1, 0, 0
131000, 859529, 1, 0, 0
131100, 907139, 1, 0, 0
131200, 891505, 1, 0, 0
131300, 961430, 1, 0, 0
131400, 941445, 1, 0, 0
131500, 886311, 1, 0, 0
131600, 903851, 1, 0, 0
131700, 832487, 1, 0, 0
131800, 896954, 1, 0, 0
131900, 874407, 1, 0, 0
132000, 916931, 1, 0, 0
132100, 890643, 1, 0, 0
132200, 888240, 1, 0, 0
132300, 907310, 1, 0, 0
132400, 885545, 1, 0, 0
132500, 905441, 1, 0, 0
132600, 867394, 1, 0, 0
132700, 866576, 1, 0, 0
132800, 959565, 1, 0, 0
132900, 890218, 1, 0, 0
133000, 924353, 1, 0, 0
133100, 936862, 1, 0, 0
133200, 920663, 1, 0, 0
133300, 881845, 1, 0, 0
133400, 896333, 1, 0, 0
133500, 935178, 1, 0, 0
133600, 887571, 1, 0, 0
133700, 1041917, 1, 0, 0
133800, 967338, 1, 0, 0
133900, 912768, 1, 0, 0
134000, 867294, 1, 0, 0
134100, 847237, 1, 0, 0
134200, 843512, 1, 0, 0
134300, 900435, 1, 0, 0
134400, 897713, 1, 0, 0
134500, 887083, 1, 0, 0
134600, 920738, 1, 0, 0
134700, 877146, 1, 0, 0
134800, 906069, 1, 0, 0
134900, 971369, 1, 0, 0
135000, 905475, 1, 0, 0
135100, 915094, 1, 0, 0
135200, 934719, 1, 0, 0
135300, 912450, 1, 0, 0
135400, 913170, 1, 0, 0
135500, 894852, 1, 0, 0
135600, 892705, 1, 0, 0
135700, 906158, 1, 0, 0
135800, 868464, 1, 0, 0
135902, 901748, 1, 0, 0
136000, 983275, 1, 0, 0
136100, 946261, 1, 0, 0
136200, 893128, 1, 0, 0
136301, 925929, 1, 0, 0
136400, 912834, 1, 0, 0
136500, 901350, 1, 0, 0
136600, 869896, 1, 0, 0
136700, 926707, 1, 0, 0
136800, 922848, 1, 0, 0
136900, 922017, 1, 0, 0
137000, 948515, 1, 0, 0
137100, 883477, 1, 0, 0
137200, 959890, 1, 0, 0
137300, 922838, 1, 0, 0
137400, 890692, 1, 0, 0
137500, 849803, 1, 0, 0
137600, 891224, 1, 0, 0
137700, 931504, 1, 0, 0
137800, 857409, 1, 0, 0
137901, 942172, 1, 0, 0
138000, 944271, 1, 0, 0
138100, 884630, 1, 0, 0
138200, 888742, 1, 0, 0
138300, 936010, 1, 0, 0
138400, 908386, 1, 0, 0
138500, 902684, 1, 0, 0
138600, 917870, 1, 0, 0
138700, 898027, 1, 0, 0
138800, 863896, 1, 0, 0
138900, 933353, 1, 0, 0
139000, 894262, 1, 0, 0
139100, 882357, 1, 0, 0
139200, 886222, 1, 0, 0
139301, 887331, 1, 0, 0
139400, 923882, 1, 0, 0
139500, 891355, 1, 0, 0
139600, 858249, 1, 0, 0
139700, 888761, 1, 0, 0
139800, 916787, 1, 0, 0
139900, 901147, 1, 0, 0
140000, 933093, 1, 0, 0
140100, 916001, 1, 0, 0
140200, 882707, 1, 0, 0
140300, 883750, 1, 0, 0
140400, 927255, 1, 0, 0
140500, 922324, 1, 0, 0
140600, 920695, 1, 0, 0
140700, 896826, 1, 0, 0
140800, 918089, 1, 0, 0
140900, 939842, 1, 0, 0
141000, 898909, 1, 0, 0
141100, 898794, 1, 0, 0
141200, 872695, 1, 0, 0
141301, 907250, 1, 0, 0
141400, 889711, 1, 0, 0
141500, 1000939, 1, 0, 0
141600, 940989, 1, 0, 0
141700, 914667, 1, 0, 0
141800, 884178, 1, 0, 0
141900, 896257, 1, 0, 0
142000, 967863, 1, 0, 0
142100, 873037, 1, 0, 0
142200, 868783, 1, 0, 0
142300, 878065, 1, 0, 0
142400, 907597, 1, 0, 0
142500, 915474, 1, 0, 0
142600, 896306, 1, 0, 0
142703, 918044, 1, 0, 0
142800, 910829, 1, 0, 0
142900, 884447, 1, 0, 0
143000, 938343, 1, 0, 0
143100, 892462, 1, 0, 0
143200, 939562, 1, 0, 0
143300, 853464, 1, 0, 0
143400, 893245, 1, 0, 0
143500, 918640, 1, 0, 0
143600, 914452, 1, 0, 0
143700, 869488, 1, 0, 0
143800, 894958, 1, 0, 0
143900, 903183, 1, 0, 0
144000, 879996, 1, 0, 0
144100, 915173, 1, 0, 0
144200, 850101, 1, 0, 0
144300, 904584, 1, 0, 0
144400, 853282, 1, 0, 0
144500, 951230, 1, 0, 0
144600, 908648, 1, 0, 0
144700, 852489, 1, 0, 0
144800, 873174, 1, 0, 0
144900, 919214, 1, 0, 0
145000, 890993, 1, 0, 0
145100, 842598, 1, 0, 0
145200, 861960, 1, 0, 0
145300, 880686, 1, 0, 0
145400, 864783, 1, 0, 0
145501, 909957, 1, 0, 0
145600, 924910, 1, 0, 0
145700, 893257, 1, 0, 0
145800, 891591, 1, 0, 0
145900, 936318, 1, 0, 0
146000, 839742, 1, 0, 0
146100, 891202, 1, 0, 0
146200, 877260, 1, 0, 0
146301, 956604, 1, 0, 0
146400, 890427, 1, 0, 0
146500, 866538, 1, 0, 0
146600, 912507, 1, 0, 0
146700, 869683, 1, 0, 0
146800, 912693, 1, 0, 0
146900, 947141, 1, 0, 0
147001, 899043, 1, 0, 0
147100, 845005, 1, 0, 0
147200, 878747, 1, 0, 0
147300, 935528, 1, 0, 0
147400, 926024, 1, 0, 0
147500, 899276, 1, 0, 0
147600, 922915, 1, 0, 0
147700, 866278, 1, 0, 0
147800, 925582, 1, 0, 0
147900, 894832, 1, 0, 0
148000, 862683, 1, 0, 0
148100, 914628, 1, 0, 0
148200, 904717, 1, 0, 0
148300, 907675, 1, 0, 0
148400, 894701, 1, 0, 0
148500, 890672, 1, 0, 0
148600, 919166, 1, 0, 0
148700, 901047, 1, 0, 0
148800, 883736, 1, 0, 0
148900, 890241, 1, 0, 0
149000, 887737, 1, 0, 0
149100, 860373, 1, 0, 0
149200, 876285, 1, 0, 0
149300, 916566, 1, 0, 0
149400, 895384, 1, 0, 0
149500, 882703, 1, 0, 0
149600, 896465, 1, 0, 0
149700, 924750, 1, 0, 0
149800, 859696, 1, 0, 0
149900, 865544, 1, 0, 0
150000, 860255, 1, 0, 0
150100, 910155, 1, 0, 0
150200, 861205, 1, 0, 0
150300, 884790, 1, 0, 0
150400, 915099, 1, 0, 0
150500, 866304, 1, 0, 0
150600, 867466, 1, 0, 0
150700, 966751, 1, 0, 0
150800, 888745, 1, 0, 0
150900, 866160, 1, 0, 0
151000, 866451, 1, 0, 0
151100, 865631, 1, 0, 0
151200, 863019, 1, 0, 0
151300, 872011, 1, 0, 0
151400, 880460, 1, 0, 0
151500, 859322, 1, 0, 0
151600, 882778, 1, 0, 0
151700, 892232, 1, 0, 0
151800, 895828, 1, 0, 0
151900, 880674, 1, 0, 0
152000, 898617, 1, 0, 0
152100, 946744, 1, 0, 0
152200, 846700, 1, 0, 0
152300, 877293, 1, 0, 0
152400, 968513, 1, 0, 0
152500, 872210, 1, 0, 0
152600, 872467, 1, 0, 0
152700, 871737, 1, 0, 0
152800, 890480, 1, 0, 0
152901, 900166, 1, 0, 0
153000, 884149, 1, 0, 0
153100, 893575, 1, 0, 0
153200, 836589, 1, 0, 0
153300, 902034, 1, 0, 0
153400, 897471, 1, 0, 0
153500, 888694, 1, 0, 0
153600, 878400, 1, 0, 0
153700, 861740, 1, 0, 0
153800, 885347, 1, 0, 0
153900, 930413, 1, 0, 0
154000, 937537, 1, 0, 0
154100, 925360, 1, 0, 0
154200, 910711, 1, 0, 0
154300, 829726, 1, 0, 0
154400, 923020, 1, 0, 0
154500, 900961, 1, 0, 0
154600, 873046, 1, 0, 0
154700, 900117, 1, 0, 0
154801, 900807, 1, 0, 0
154900, 931602, 1, 0, 0
155000, 901627, 1, 0, 0
155100, 926330, 1, 0, 0
155200, 945806, 1, 0, 0
155300, 942824, 1, 0, 0
155400, 917503, 1, 0, 0
155500, 897858, 1, 0, 0
155600, 853439, 1, 0, 0
155700, 884879, 1, 0, 0
155800, 867267, 1, 0, 0
155900, 853589, 1, 0, 0
156000, 890164, 1, 0, 0
156100, 869339, 1, 0, 0
156200, 858004, 1, 0, 0
156300, 888011, 1, 0, 0
156400, 938866, 1, 0, 0
156500, 870428, 1, 0, 0
156600, 887184, 1, 0, 0
156700, 892077, 1, 0, 0
156800, 866161, 1, 0, 0
156900, 879422, 1, 0, 0
157000, 879364, 1, 0, 0
157100, 879537, 1, 0, 0
157200, 865911, 1, 0, 0
157300, 869997, 1, 0, 0
157400, 877774, 1, 0, 0
157500, 921311, 1, 0, 0
157600, 918088, 1, 0, 0
157700, 889363, 1, 0, 0
157800, 863817, 1, 0, 0
157901, 869313, 1, 0, 0
158000, 878161, 1, 0, 0
158100, 894536, 1, 0, 0
158200, 893791, 1, 0, 0
158300, 860982, 1, 0, 0
158400, 882843, 1, 0, 0
158500, 873163, 1, 0, 0
158600, 892233, 1, 0, 0
158700, 859558, 1, 0, 0
158800, 866331, 1, 0, 0
158900, 981644, 1, 0, 0
159000, 920254, 1, 0, 0
159100, 877258, 1, 0, 0
159200, 881259, 1, 0, 0
159300, 884076, 1, 0, 0
159400, 858809, 1, 0, 0
159500, 845198, 1, 0, 0
159600, 874967, 1, 0, 0
159700, 922310, 1, 0, 0
159800, 881442, 1, 0, 0
159900, 900030, 1, 0, 0
160000, 862777, 1, 0, 0
160100, 905473, 1, 0, 0
160200, 888519, 1, 0, 0
160300, 878327, 1, 0, 0
160401, 930447, 1, 0, 0
160500, 896360, 1, 0, 0
160600, 897323, 1, 0, 0
160700, 891494, 1, 0, 0
160800, 923448, 1, 0, 0
160900, 950677, 1, 0, 0
161000, 867941, 1, 0, 0
161100, 884408, 1, 0, 0
161200, 895365, 1, 0, 0
161300, 885311, 1, 0, 0
161400, 894396, 1, 0, 0
161500, 872515, 1, 0, 0
161600, 874431, 1, 0, 0
161702, 936410, 1, 0, 0
161800, 928435, 1, 0, 0
161900, 958396, 1, 0, 0
162000, 904466, 1, 0, 0
162100, 885853, 1, 0, 0
162200, 912341, 1, 0, 0
162300, 861698, 1, 0, 0
162400, 880015, 1, 0, 0
162501, 878003, 1, 0, 0
162600, 916747, 1, 0, 0
162700, 888841, 1, 0, 0
162800, 921376, 1, 0, 0
162900, 907954, 1, 0, 0
163000, 873801, 1, 0, 0
163100, 877712, 1, 0, 0
163200, 908755, 1, 0, 0
163300, 900661, 1, 0, 0
163400, 888252, 1, 0, 0
163500, 875604, 1, 0, 0
163600, 878315, 1, 0, 0
163700, 843635, 1, 0, 0
163800, 900908, 1, 0, 0
163900, 853390, 1, 0, 0
164000, 897362, 1, 0, 0
164100, 879173, 1, 0, 0
164200, 953002, 1, 0, 0
164300, 886606, 1, 0, 0
164400, 887348, 1, 0, 0
164500, 938073, 1, 0, 0
164600, 826072, 1, 0, 0
164700, 851228, 1, 0, 0
164800, 900198, 1, 0, 0
164900, 838956, 1, 0, 0
165000, 914116, 1, 0, 0
165101, 917264, 1, 0, 0
165200, 871986, 1, 0, 0
165301, 922219, 1, 0, 0
165400, 869768, 1, 0, 0
165500, 916948, 1, 0, 0
165600, 875722, 1, 0, 0
165700, 914273, 1, 0, 0
165802, 858734, 1, 0, 0
165900, 881781, 1, 0, 0
166000, 860915, 1, 0, 0
166100, 862235, 1, 0, 0
166200, 880042, 1, 0, 0
166300, 847475, 1, 0, 0
166400, 903079, 1, 0, 0
166500, 864954, 1, 0, 0
166600, 923291, 1, 0, 0
166700, 890716, 1, 0, 0
166800, 910138, 1, 0, 0
166900, 890551, 1, 0, 0
167000, 884339, 1, 0, 0
167100, 932224, 1, 0, 0
167200, 895715, 1, 0, 0
167301, 934571, 1, 0, 0
167400, 892535, 1, 0, 0
167500, 894291, 1, 0, 0
167600, 1005587, 1, 0, 0
167700, 885604, 1, 0, 0
167800, 871998, 1, 0, 0
167900, 853902, 1, 0, 0
168000, 881585, 1, 0, 0
168100, 900440, 1, 0, 0
168200, 923623, 1, 0, 0
168300, 964892, 1, 0, 0
168400, 883953, 1, 0, 0
168500, 907236, 1, 0, 0
168601, 869613, 1, 0, 0
168700, 874680, 1, 0, 0
168800, 848451, 1, 0, 0
168900, 890199, 1, 0, 0
169000, 876256, 1, 0, 0
169100, 902747, 1, 0, 0
169200, 959097, 1, 0, 0
169300, 942619, 1, 0, 0
169400, 912724, 1, 0, 0
169500, 889979, 1, 0, 0
169600, 939488, 1, 0, 0
169700, 878486, 1, 0, 0
169800, 895697, 1, 0, 0
169900, 909819, 1, 0, 0
170000, 908588, 1, 0, 0
170100, 913551, 1, 0, 0
170200, 845131, 1, 0, 0
170300, 909448, 1, 0, 0
170400, 939492, 1, 0, 0
170500, 908930, 1, 0, 0
170600, 859965, 1, 0, 0
170700, 888676, 1, 0, 0
170800, 930303, 1, 0, 0
170900, 926284, 1, 0, 0
171000, 910248, 1, 0, 0
171100, 904230, 1, 0, 0
171200, 890762, 1, 0, 0
171300, 889500, 1, 0, 0
171400, 897000, 1, 0, 0
171500, 902525, 1, 0, 0
171601, 954375, 1, 0, 0
171700, 954012, 1, 0, 0
171800, 941738, 1, 0, 0
171900, 908220, 1, 0, 0
172000, 930184, 1, 0, 0
172100, 963069, 1, 0, 0
172200, 938601, 1, 0, 0
172300, 924558, 1, 0, 0
172400, 923527, 1, 0, 0
172500, 887731, 1, 0, 0
172600, 873196, 1, 0, 0
172700, 864992, 1, 0, 0
172805, 952215, 1, 0, 0
172900, 927062, 1, 0, 0
173000, 921512, 1, 0, 0
173100, 915649, 1, 0, 0
173200, 898068, 1, 0, 0
173300, 909526, 1, 0, 0
173400, 900026, 1, 0, 0
173500, 906082, 1, 0, 0
173600, 904066, 1, 0, 0
173700, 916280, 1, 0, 0
173800, 862117, 1, 0, 0
173901, 878032, 1, 0, 0
174000, 916652, 1, 0, 0
174100, 853069, 1, 0, 0
174200, 914972, 1, 0, 0
174300, 888821, 1, 0, 0
174400, 888734, 1, 0, 0
174500, 847540, 1, 0, 0
174600, 899864, 1, 0, 0
174700, 897840, 1, 0, 0
174800, 880886, 1, 0, 0
174900, 876685, 1, 0, 0
175000, 889641, 1, 0, 0
175100, 885971, 1, 0, 0
175200, 862432, 1, 0, 0
175300, 854554, 1, 0, 0
175400, 889734, 1, 0, 0
175500, 850194, 1, 0, 0
175600, 926778, 1, 0, 0
175700, 874694, 1, 0, 0
175800, 877920, 1, 0, 0
175900, 853715, 1, 0, 0
176000, 927886, 1, 0, 0
176100, 901968, 1, 0, 0
176200, 906165, 1, 0, 0
176300, 902551, 1, 0, 0
176400, 857717, 1, 0, 0
176501, 899343, 1, 0, 0
176600, 863340, 1, 0, 0
176700, 945887, 1, 0, 0
176800, 871923, 1, 0, 0
176900, 893277, 1, 0, 0
177000, 895564, 1, 0, 0
177100, 849977, 1, 0, 0
177200, 885397, 1, 0, 0
177300, 894516, 1, 0, 0
177400, 846189, 1, 0, 0
177500, 826404, 1, 0, 0
177600, 907026, 1, 0, 0
177700, 919019, 1, 0, 0
177800, 908959, 1, 0, 0
177900, 887945, 1, 0, 0
178000, 932276, 1, 0, 0
178100, 884424, 1, 0, 0
178200, 910724, 1, 0, 0
178300, 905970, 1, 0, 0
178400, 868590, 1, 0, 0
178500, 898069, 1, 0, 0
178600, 862196, 1, 0, 0
178700, 912988, 1, 0, 0
178800, 922035, 1, 0, 0
178900, 889418, 1, 0, 0
179000, 904743, 1, 0, 0
179100, 874566, 1, 0, 0
179200, 907307, 1, 0, 0
179300, 854327, 1, 0, 0
179400, 927904, 1, 0, 0
179500, 904147, 1, 0, 0
179600, 954293, 1, 0, 0
179700, 877190, 1, 0, 0
179800, 933022, 1, 0, 0
179900, 872256, 1, 0, 0
180000, 863585, 1, 0, 0
180100, 925589, 1, 0, 0
180200, 902378, 1, 0, 0
180300, 870423, 1, 0, 0
180400, 930544, 1, 0, 0
180500, 885806, 1, 0, 0
180600, 952004, 1, 0, 0
180700, 868973, 1, 0, 0
180800, 917413, 1, 0, 0
180901, 895333, 1, 0, 0
181000, 870531, 1, 0, 0
181101, 889961, 1, 0, 0
181200, 895421, 1, 0, 0
181300, 877700, 1, 0, 0
181400, 879450, 1, 0, 0
181500, 838109, 1, 0, 0
181600, 867899, 1, 0, 0
181700, 817856, 1, 0, 0
181800, 875503, 1, 0, 0
181900, 919731, 1, 0, 0
182000, 924720, 1, 0, 0
182100, 868551, 1, 0, 0
182200, 871764, 1, 0, 0
182300, 866729, 1, 0, 0
182400, 888666, 1, 0, 0
182500, 928808, 1, 0, 0
182600, 888367, 1, 0, 0
182700, 912778, 1, 0, 0
182800, 937002, 1, 0, 0
182900, 920156, 1, 0, 0
183000, 889391, 1, 0, 0
183100, 865790, 1, 0, 0
183200, 853951, 1, 0, 0
183300, 878223, 1, 0, 0
183400, 851018, 1, 0, 0
183500, 905912, 1, 0, 0
183600, 927780, 1, 0, 0
183700, 877323, 1, 0, 0
183800, 859583, 1, 0, 0
183900, 893528, 1, 0, 0
184000, 902362, 1, 0, 0
184100, 869759, 1, 0, 0
184200, 861966, 1, 0, 0
184301, 911032, 1, 0, 0
184400, 850455, 1, 0, 0
184501, 895393, 1, 0, 0
184600, 871209, 1, 0, 0
184701, 929750, 1, 0, 0
184800, 920395, 1, 0, 0
184900, 852556, 1, 0, 0
185000, 927530, 1, 0, 0
185100, 895555, 1, 0, 0
185200, 853291, 1, 0, 0
185300, 919878, 1, 0, 0
185400, 920380, 1, 0, 0
185500, 887841, 1, 0, 0
185600, 898215, 1, 0, 0
185700, 863788, 1, 0, 0
185800, 898723, 1, 0, 0
185900, 874020, 1, 0, 0
186000, 915338, 1, 0, 0
186100, 861088, 1, 0, 0
186200, 910629, 1, 0, 0
186300, 900372, 1, 0, 0
186400, 920110, 1, 0, 0
186500, 879269, 1, 0, 0
186600, 846912, 1, 0, 0
186700, 865597, 1, 0, 0
186800, 949935, 1, 0, 0
186900, 904205, 1, 0, 0
187000, 849370, 1, 0, 0
187101, 915661, 1, 0, 0
187200, 845586, 1, 0, 0
187300, 891654, 1, 0, 0
187400, 881970, 1, 0, 0
187500, 916278, 1, 0, 0
187600, 900202, 1, 0, 0
187700, 888996, 1, 0, 0
187800, 895977, 1, 0, 0
187900, 925311, 1, 0, 0
188000, 873063, 1, 0, 0
188100, 845753, 1, 0, 0
188200, 874783, 1, 0, 0
188300, 893829, 1, 0, 0
188400, 874560, 1, 0, 0
188500, 914246, 1, 0, 0
188600, 907242, 1, 0, 0
188700, 884654, 1, 0, 0
188800, 841285, 1, 0, 0
188900, 921632, 1, 0, 0
189001, 939979, 1, 0, 0
189100, 848412, 1, 0, 0
189200, 833598, 1, 0, 0
189300, 978975, 1, 0, 0
189400, 873005, 1, 0, 0
189500, 880519, 1, 0, 0
189600, 913087, 1, 0, 0
189700, 854471, 1, 0, 0
189800, 855226, 1, 0, 0
189900, 879913, 1, 0, 0
190000, 912626, 1, 0, 0
190100, 895782, 1, 0, 0
190200, 899776, 1, 0, 0
190300, 963447, 1, 0, 0
190400, 844550, 1, 0, 0
190500, 897756, 1, 0, 0
190600, 908549, 1, 0, 0
190700, 886956, 1, 0, 0
190800, 861596, 1, 0, 0
190900, 872498, 1, 0, 0
191000, 888038, 1, 0, 0
191100, 873478, 1, 0, 0
191200, 921596, 1, 0, 0
191300, 874066, 1, 0, 0
191400, 869975, 1, 0, 0
191500, 886158, 1, 0, 0
191600, 960529, 1, 0, 0
191701, 915706, 1, 0, 0
191800, 882071, 1, 0, 0
191900, 890032, 1, 0, 0
192000, 887606, 1, 0, 0
192100, 866484, 1, 0, 0
192200, 918311, 1, 0, 0
192300, 886252, 1, 0, 0
192400, 931589, 1, 0, 0
192500, 888190, 1, 0, 0
192600, 863033, 1, 0, 0
192700, 871074, 1, 0, 0
192800, 887090, 1, 0, 0
192900, 877512, 1, 0, 0
193000, 887730, 1, 0, 0
193100, 929360, 1, 0, 0
193200, 851521, 1, 0, 0
193300, 850558, 1, 0, 0
193400, 889845, 1, 0, 0
193500, 872467, 1, 0, 0
193600, 852854, 1, 0, 0
193700, 875617, 1, 0, 0
193800, 899134, 1, 0, 0
193900, 891438, 1, 0, 0
194000, 867033, 1, 0, 0
194100, 870569, 1, 0, 0
194200, 894481, 1, 0, 0
194300, 856652, 1, 0, 0
194400, 911214, 1, 0, 0
194501, 897904, 1, 0, 0
194600, 914054, 1, 0, 0
194700, 912435, 1, 0, 0
194800, 882302, 1, 0, 0
194900, 873135, 1, 0, 0
195000, 856928, 1, 0, 0
195100, 894645, 1, 0, 0
195200, 886759, 1, 0, 0
195300, 869212, 1, 0, 0
195400, 901203, 1, 0, 0
195500, 876208, 1, 0, 0
195600, 881026, 1, 0, 0
195700, 862421, 1, 0, 0
195800, 879888, 1, 0, 0
195900, 891262, 1, 0, 0
196000, 914369, 1, 0, 0
196100, 910966, 1, 0, 0
196200, 911200, 1, 0, 0
196300, 877975, 1, 0, 0
196400, 882226, 1, 0, 0
196500, 924969, 1, 0, 0
196600, 913095, 1, 0, 0
196700, 920401, 1, 0, 0
196800, 856930, 1, 0, 0
196900, 910860, 1, 0, 0
197000, 849615, 1, 0, 0
197100, 898533, 1, 0, 0
197200, 863932, 1, 0, 0
197300, 873815, 1, 0, 0
197400, 843946, 1, 0, 0
197500, 918939, 1, 0, 0
197600, 925787, 1, 0, 0
197700, 907359, 1, 0, 0
197800, 897010, 1, 0, 0
197900, 925303, 1, 0, 0
198000, 890746, 1, 0, 0
198100, 951060, 1, 0, 0
198200, 873069, 1, 0, 0
198300, 853639, 1, 0, 0
198400, 859052, 1, 0, 0
198500, 869083, 1, 0, 0
198600, 898659, 1, 0, 0
198700, 919188, 1, 0, 0
198800, 900626, 1, 0, 0
198900, 956375, 1, 0, 0
199000, 898133, 1, 0, 0
199100, 899129, 1, 0, 0
199200, 916303, 1, 0, 0
199301, 872086, 1, 0, 0
199400, 897432, 1, 0, 0
199500, 871485, 1, 0, 0
199600, 910756, 1, 0, 0
199700, 847599, 1, 0, 0
199800, 899372, 1, 0, 0
199901, 882361, 1, 0, 0
200000, 924875, 1, 0, 0
200100, 903611, 1, 0, 0
200200, 939773, 1, 0, 0
200300, 921933, 1, 0, 0
200400, 927432, 1, 0, 0
200500, 918484, 1, 0, 0
200600, 952213, 1, 0, 0
200700, 904481, 1, 0, 0
200800, 874043, 1, 0, 0
200900, 926933, 1, 0, 0
201000, 943581, 1, 0, 0
201100, 937873, 1, 0, 0
201200, 899192, 1, 0, 0
201300, 881736, 1, 0, 0
201400, 870226, 1, 0, 0
201501, 997472, 1, 0, 0
201600, 877246, 1, 0, 0
201700, 987994, 1, 0, 0
201801, 943927, 1, 0, 0
201900, 910680, 1, 0, 0
202000, 894481, 1, 0, 0
202100, 899278, 1, 0, 0
202200, 915214, 1, 0, 0
202300, 898189, 1, 0, 0
202400, 906529, 1, 0, 0
202500, 854076, 1, 0, 0
202600, 945091, 1, 0, 0
202700, 1038591, 1, 0, 0
202800, 935981, 1, 0, 0
202900, 854066, 1, 0, 0
203000, 901765, 1, 0, 0
203100, 909534, 1, 0, 0
203200, 864957, 1, 0, 0
203300, 921356, 1, 0, 0
203400, 934655, 1, 0, 0
203500, 883977, 1, 0, 0
203600, 895409, 1, 0, 0
203700, 863325, 1, 0, 0
203800, 914556, 1, 0, 0
203900, 907754, 1, 0, 0
204000, 902482, 1, 0, 0
204100, 906900, 1, 0, 0
204200, 921983, 1, 0, 0
204300, 911298, 1, 0, 0
204400, 937489, 1, 0, 0
204500, 898760, 1, 0, 0
204601, 880297, 1, 0, 0
204700, 890968, 1, 0, 0
204800, 898243, 1, 0, 0
204900, 906638, 1, 0, 0
205000, 889649, 1, 0, 0
205100, 907335, 1, 0, 0
205200, 867314, 1, 0, 0
205300, 897103, 1, 0, 0
205400, 923342, 1, 0, 0
205500, 855955, 1, 0, 0
205600, 949788, 1, 0, 0
205700, 912445, 1, 0, 0
205800, 905899, 1, 0, 0
205900, 892720, 1, 0, 0
206000, 930016, 1, 0, 0
206100, 900435, 1, 0, 0
206200, 886633, 1, 0, 0
206300, 896689, 1, 0, 0
206400, 874983, 1, 0, 0
206500, 905492, 1, 0, 0
206600, 885770, 1, 0, 0
206700, 895699, 1, 0, 0
206800, 920207, 1, 0, 0
206900, 949385, 1, 0, 0
207000, 895628, 1, 0, 0
207100, 884889, 1, 0, 0
207200, 907929, 1, 0, 0
207300, 948334, 1, 0, 0
207400, 908774, 1, 0, 0
207500, 920643, 1, 0, 0
207600, 941274, 1, 0, 0
207700, 946533, 1, 0, 0
207801, 877236, 1, 0, 0
207900, 966308, 1, 0, 0
208000, 962786, 1, 0, 0
208100, 996022, 1, 0, 0
208200, 895018, 1, 0, 0
208300, 899703, 1, 0, 0
208400, 910579, 1, 0, 0
208500, 914916, 1, 0, 0
208600, 894350, 1, 0, 0
208700, 896020, 1, 0, 0
208800, 930994, 1, 0, 0
208900, 935060, 1, 0, 0
209000, 889637, 1, 0, 0
209100, 890061, 1, 0, 0
209200, 880873, 1, 0, 0
209300, 868683, 1, 0, 0
209400, 885584, 1, 0, 0
209500, 902206, 1, 0, 0
209600, 864237, 1, 0, 0
209701, 902290, 1, 0, 0
209800, 947361, 1, 0, 0
209900, 924583, 1, 0, 0
210000, 887681, 1, 0, 0
210100, 1010930, 1, 0, 0
210200, 934116, 1, 0, 0
210300, 927526, 1, 0, 0
210400, 846924, 1, 0, 0
210500, 902392, 1, 0, 0
210600, 1022374, 1, 0, 0
210700, 890065, 1, 0, 0
210800, 945608, 1, 0, 0
210900, 945184, 1, 0, 0
211000, 897727, 1, 0, 0
211100, 919808, 1, 0, 0
211200, 906122, 1, 0, 0
211300, 990560, 1, 0, 0
211400, 948739, 1, 0, 0
211500, 933263, 1, 0, 0
211600, 922711, 1, 0, 0
211700, 924410, 1, 0, 0
211800, 875835, 1, 0, 0
211900, 934076, 1, 0, 0
212000, 972389, 1, 0, 0
212100, 967286, 1, 0, 0
212200, 898526, 1, 0, 0
212301, 956621, 1, 0, 0
212400, 992912, 1, 0, 0
212500, 933538, 1, 0, 0
212600, 909059, 1, 0, 0
212700, 891957, 1, 0, 0
212800, 931421, 1, 0, 0
212900, 961749, 1, 0, 0
213000, 910268, 1, 0, 0
213100, 959043, 1, 0, 0
213200, 929378, 1, 0, 0
213301, 907077, 1, 0, 0
213400, 971646, 1, 0, 0
213500, 976845, 1, 0, 0
213600, 918092, 1, 0, 0
213700, 1033874, 1, 0, 0
213800, 935286, 1, 0, 0
213900, 944607, 1, 0, 0
214000, 939261, 1, 0, 0
214100, 986978, 1, 0, 0
214200, 942269, 1, 0, 0
214300, 904164, 1, 0, 0
214400, 879189, 1, 0, 0
214500, 900810, 1, 0, 0
214600, 898092, 1, 0, 0
214700, 906020, 1, 0, 0
214800, 874854, 1, 0, 0
214900, 955630, 1, 0, 0
215000, 914389, 1, 0, 0
215100, 868325, 1, 0, 0
215200, 858713, 1, 0, 0
215301, 842580, 1, 0, 0
215400, 910599, 1, 0, 0
215500, 907603, 1, 0, 0
215600, 855589, 1, 0, 0
215700, 877949, 1, 0, 0
215800, 887542, 1, 0, 0
215900, 862367, 1, 0, 0
216000, 900470, 1, 0, 0
216100, 918303, 1, 0, 0
216200, 872395, 1, 0, 0
216300, 956124, 1, 0, 0
216400, 887295, 1, 0, 0
216500, 895181, 1, 0, 0
216600, 856916, 1, 0, 0
216700, 883450, 1, 0, 0
216800, 904445, 1, 0, 0
216900, 874974, 1, 0, 0
217000, 913262, 1, 0, 0
217100, 923810, 1, 0, 0
217202, 974994, 1, 0, 0
217300, 946287, 1, 0, 0
217400, 893994, 1, 0, 0
217500, 903967, 1, 0, 0
217600, 893521, 1, 0, 0
217700, 904254, 1, 0, 0
217800, 926366, 1, 0, 0
217900, 952519, 1, 0, 0
218000, 922515, 1, 0, 0
218100, 938155, 1, 0, 0
218200, 903610, 1, 0, 0
218300, 913611, 1, 0, 0
218400, 890549, 1, 0, 0
218500, 907561, 1, 0, 0
218602, 901190, 1, 0, 0
218700, 888362, 1, 0, 0
218800, 905320, 1, 0, 0
218900, 936624, 1, 0, 0
219000, 917803, 1, 0, 0
219100, 913640, 1, 0, 0
219200, 898298, 1, 0, 0
219300, 859318, 1, 0, 0
219400, 891157, 1, 0, 0
219500, 918307, 1, 0, 0
219600, 915702, 1, 0, 0
219700, 917722, 1, 0, 0
219802, 957344, 1, 0, 0
219900, 895996, 1, 0, 0
220000, 933594, 1, 0, 0
220100, 891361, 1, 0, 0
220200, 953246, 1, 0, 0
220300, 904857, 1, 0, 0
220400, 899288, 1, 0, 0
220501, 938677, 1, 0, 0
220600, 902503, 1, 0, 0
220700, 884912, 1, 0, 0
220800, 906616, 1, 0, 0
220900, 898215, 1, 0, 0
221000, 893840, 1, 0, 0
221101, 915785, 1, 0, 0
221200, 876575, 1, 0, 0
221300, 873937, 1, 0, 0
221400, 895355, 1, 0, 0
221500, 910173, 1, 0, 0
221600, 905443, 1, 0, 0
221700, 876877, 1, 0, 0
221800, 968404, 1, 0, 0
221900, 891420, 1, 0, 0
222000, 885082, 1, 0, 0
222100, 897388, 1, 0, 0
222200, 864746, 1, 0, 0
222300, 846658, 1, 0, 0
222400, 891323, 1, 0, 0
222500, 933108, 1, 0, 0
222600, 875047, 1, 0, 0
222700, 890683, 1, 0, 0
222800, 881521, 1, 0, 0
222900, 905097, 1, 0, 0
223000, 888167, 1, 0, 0
223101, 860721, 1, 0, 0
223200, 876193, 1, 0, 0
223300, 915147, 1, 0, 0
223402, 949717, 1, 0, 0
223500, 895172, 1, 0, 0
223600, 881315, 1, 0, 0
223700, 871418, 1, 0, 0
223800, 917626, 1, 0, 0
223900, 931974, 1, 0, 0
224000, 845863, 1, 0, 0
224100, 923323, 1, 0, 0
224200, 950020, 1, 0, 0
224300, 915201, 1, 0, 0
224400, 894334, 1, 0, 0
224500, 870205, 1, 0, 0
224600, 927987, 1, 0, 0
224700, 891418, 1, 0, 0
224800, 938572, 1, 0, 0
224900, 910809, 1, 0, 0
225000, 979870, 1, 0, 0
225100, 886762, 1, 0, 0
225200, 923352, 1, 0, 0
225301, 996512, 1, 0, 0
225400, 900312, 1, 0, 0
225500, 913230, 1, 0, 0
225600, 916357, 1, 0, 0
225700, 929991, 1, 0, 0
225800, 879828, 1, 0, 0
225900, 904675, 1, 0, 0
226003, 949461, 1, 0, 0
226100, 940855, 1, 0, 0
226200, 918373, 1, 0, 0
226300, 915345, 1, 0, 0
226400, 911690, 1, 0, 0
226500, 895738, 1, 0, 0
226600, 907321, 1, 0, 0
226700, 879713, 1, 0, 0
226800, 899894, 1, 0, 0
226901, 868117, 1, 0, 0
227000, 879778, 1, 0, 0
227100, 886767, 1, 0, 0
227200, 875695, 1, 0, 0
227300, 908201, 1, 0, 0
227400, 939109, 1, 0, 0
227500, 870644, 1, 0, 0
227600, 926808, 1, 0, 0
227700, 892743, 1, 0, 0
227800, 874587, 1, 0, 0
227900, 927666, 1, 0, 0
228000, 851130, 1, 0, 0
228100, 867957, 1, 0, 0
228200, 894496, 1, 0, 0
228300, 873856, 1, 0, 0
228400, 865916, 1, 0, 0
228500, 954146, 1, 0, 0
228600, 944917, 1, 0, 0
228700, 885284, 1, 0, 0
228800, 894696, 1, 0, 0
228900, 841309, 1, 0, 0
229000, 895428, 1, 0, 0
229100, 916269, 1, 0, 0
229200, 927132, 1, 0, 0
229300, 923452, 1, 0, 0
229400, 873553, 1, 0, 0
229500, 909333, 1, 0, 0
229600, 954292, 1, 0, 0
229700, 941816, 1, 0, 0
229800, 945517, 1, 0, 0
229900, 890867, 1, 0, 0
230000, 900947, 1, 0, 0
230100, 864938, 1, 0, 0
230201, 891069, 1, 0, 0
230300, 912036, 1, 0, 0
230400, 826557, 1, 0, 0
230500, 936959, 1, 0, 0
230600, 938862, 1, 0, 0
230700, 897576, 1, 0, 0
230800, 905220, 1, 0, 0
230900, 878511, 1, 0, 0
231000, 874860, 1, 0, 0
231100, 917594, 1, 0, 0
231200, 872097, 1, 0, 0
231300, 920871, 1, 0, 0
231400, 897005, 1, 0, 0
231500, 883624, 1, 0, 0
231600, 931982, 1, 0, 0
231700, 959901, 1, 0, 0
231800, 915483, 1, 0, 0
231900, 893990, 1, 0, 0
232000, 876710, 1, 0, 0
232100, 870472, 1, 0, 0
232200, 923877, 1, 0, 0
232300, 900222, 1, 0, 0
232401, 887034, 1, 0, 0
232500, 882846, 1, 0, 0
232600, 959952, 1, 0, 0
232700, 918060, 1, 0, 0
232800, 894727, 1, 0, 0
232900, 932652, 1, 0, 0
233000, 987593, 1, 0, 0
233100, 944546, 1, 0, 0
233200, 878170, 1, 0, 0
233300, 927404, 1, 0, 0
233400, 914197, 1, 0, 0
233500, 947415, 1, 0, 0
233600, 909122, 1, 0, 0
233700, 888175, 1, 0, 0
233800, 868865, 1, 0, 0
233900, 929350, 1, 0, 0
234000, 912058, 1, 0, 0
234100, 900452, 1, 0, 0
234200, 887264, 1, 0, 0
234300, 881284, 1, 0, 0
234400, 931200, 1, 0, 0
234500, 900282, 1, 0, 0
234600, 911710, 1, 0, 0
234700, 959955, 1, 0, 0
234800, 930451, 1, 0, 0
234901, 892780, 1, 0, 0
235000, 862798, 1, 0, 0
235100, 904386, 1, 0, 0
235200, 885961, 1, 0, 0
235300, 861562, 1, 0, 0
235400, 861498, 1, 0, 0
235501, 909547, 1, 0, 0
235600, 891784, 1, 0, 0
235700, 966546, 1, 0, 0
235800, 905478, 1, 0, 0
235900, 904857, 1, 0, 0
236000, 887277, 1, 0, 0
236100, 927505, 1, 0, 0
236200, 913348, 1, 0, 0
236300, 907895, 1, 0, 0
236400, 936081, 1, 0, 0
236500, 955541, 1, 0, 0
236601, 946154, 1, 0, 0
236700, 934548, 1, 0, 0
236800, 923353, 1, 0, 0
236900, 895707, 1, 0, 0
237000, 900580, 1, 0, 0
237100, 903666, 1, 0, 0
237200, 924459, 1, 0, 0
237300, 901805, 1, 0, 0
237400, 871443, 1, 0, 0
237500, 922963, 1, 0, 0
237600, 922548, 1, 0, 0
237700, 915855, 1, 0, 0
237800, 871908, 1, 0, 0
237901, 913832, 1, 0, 0
238000, 929801, 1, 0, 0
238100, 907820, 1, 0, 0
238200, 886867, 1, 0, 0
238300, 928719, 1, 0, 0
238400, 873920, 1, 0, 0
238500, 908232, 1, 0, 0
238600, 899744, 1, 0, 0
238700, 944246, 1, 0, 0
238800, 907147, 1, 0, 0
238900, 907869, 1, 0, 0
239000, 854536, 1, 0, 0
239100, 901639, 1, 0, 0
239200, 921634, 1, 0, 0
239300, 874497, 1, 0, 0
239400, 862018, 1, 0, 0
239500, 861112, 1, 0, 0
239600, 911424, 1, 0, 0
239700, 905691, 1, 0, 0
239800, 886282, 1, 0, 0
239900, 915872, 1, 0, 0
240000, 881602, 1, 0, 0
240100, 944774, 1, 0, 0
240200, 882412, 1, 0, 0
240300, 894145, 1, 0, 0
240400, 905544, 1, 0, 0
240500, 894712, 1, 0, 0
240600, 885840, 1, 0, 0
240700, 950045, 1, 0, 0
240800, 927996, 1, 0, 0
240900, 916411, 1, 0, 0
241000, 867609, 1, 0, 0
241100, 895221, 1, 0, 0
241202, 922908, 1, 0, 0
241300, 935834, 1, 0, 0
241400, 923373, 1, 0, 0
241500, 897987, 1, 0, 0
241600, 888195, 1, 0, 0
241700, 857215, 1, 0, 0
241800, 903289, 1, 0, 0
241900, 837138, 1, 0, 0
242000, 890626, 1, 0, 0
242100, 837092, 1, 0, 0
242200, 875283, 1, 0, 0
242300, 912262, 1, 0, 0
242401, 929997, 1, 0, 0
242500, 899783, 1, 0, 0
242600, 858087, 1, 0, 0
242700, 910046, 1, 0, 0
242801, 876547, 1, 0, 0
242900, 890280, 1, 0, 0
243000, 834923, 1, 0, 0
243100, 910408, 1, 0, 0
243200, 948590, 1, 0, 0
243300, 875265, 1, 0, 0
243400, 899572, 1, 0, 0
243500, 900219, 1, 0, 0
243600, 924655, 1, 0, 0
243700, 901197, 1, 0, 0
243800, 896309, 1, 0, 0
243900, 892841, 1, 0, 0
244000, 869272, 1, 0, 0
244100, 945952, 1, 0, 0
244200, 883748, 1, 0, 0
244300, 881105, 1, 0, 0
244400, 871408, 1, 0, 0
244500, 857087, 1, 0, 0
244600, 877296, 1, 0, 0
244700, 906475, 1, 0, 0
244800, 900601, 1, 0, 0
244900, 858189, 1, 0, 0
245000, 883412, 1, 0, 0
245100, 863385, 1, 0, 0
245200, 874734, 1, 0, 0
245300, 822091, 1, 0, 0
245400, 838223, 1, 0, 0
245500, 855510, 1, 0, 0
245600, 862780, 1, 0, 0
245700, 865710, 1, 0, 0
245801, 916055, 1, 0, 0
245900, 869972, 1, 0, 0
246000, 920090, 1, 0, 0
246100, 894063, 1, 0, 0
246201, 901582, 1, 0, 0
246300, 899498, 1, 0, 0
246400, 836070, 1, 0, 0
246500, 916050, 1, 0, 0
246600, 896231, 1, 0, 0
246700, 893831, 1, 0, 0
246800, 889549, 1, 0, 0
246900, 880252, 1, 0, 0
247000, 876384, 1, 0, 0
247100, 888270, 1, 0, 0
247200, 924207, 1, 0, 0
247301, 937785, 1, 0, 0
247400, 908670, 1, 0, 0
247500, 893549, 1, 0, 0
247600, 894040, 1, 0, 0
247700, 884015, 1, 0, 0
247800, 892934, 1, 0, 0
247900, 890295, 1, 0, 0
248000, 861778, 1, 0, 0
248100, 851422, 1, 0, 0
248200, 907946, 1, 0, 0
248300, 877327, 1, 0, 0
248400, 874242, 1, 0, 0
248500, 865016, 1, 0, 0
248600, 916841, 1, 0, 0
248700, 872590, 1, 0, 0
248800, 890510, 1, 0, 0
248900, 936683, 1, 0, 0
249000, 905653, 1, 0, 0
249100, 860335, 1, 0, 0
249201, 925414, 1, 0, 0
249300, 906432, 1, 0, 0
249400, 887559, 1, 0, 0
249500, 878254, 1, 0, 0
249600, 902178, 1, 0, 0
249700, 884463, 1, 0, 0
249800, 891241, 1, 0, 0
249900, 930771, 1, 0, 0
250000, 932631, 1, 0, 0
250100, 895659, 1, 0, 0
250200, 900152, 1, 0, 0
250300, 918169, 1, 0, 0
250401, 867288, 1, 0, 0
250500, 872258, 1, 0, 0
250600, 895326, 1, 0, 0
250700, 894558, 1, 0, 0
250800, 959498, 1, 0, 0
250900, 919781, 1, 0, 0
251000, 966255, 1, 0, 0
251100, 929867, 1, 0, 0
251201, 904570, 1, 0, 0
251300, 855621, 1, 0, 0
251400, 853938, 1, 0, 0
251500, 905560, 1, 0, 0
251600, 871276, 1, 0, 0
251700, 856356, 1, 0, 0
251800, 859361, 1, 0, 0
251900, 880696, 1, 0, 0
252000, 881893, 1, 0, 0
252100, 853950, 1, 0, 0
252200, 870049, 1, 0, 0
252300, 894479, 1, 0, 0
252400, 875139, 1, 0, 0
252500, 906077, 1, 0, 0
252600, 844962, 1, 0, 0
252700, 880816, 1, 0, 0
252800, 832002, 1, 0, 0
252900, 886450, 1, 0, 0
253000, 894151, 1, 0, 0
253100, 937612, 1, 0, 0
253200, 927975, 1, 0, 0
253300, 890224, 1, 0, 0
253400, 922043, 1, 0, 0
253500, 918701, 1, 0, 0
253600, 893924, 1, 0, 0
253700, 913662, 1, 0, 0
253800, 871052, 1, 0, 0
253900, 898616, 1, 0, 0
254001, 905800, 1, 0, 0
254100, 952586, 1, 0, 0
254200, 875136, 1, 0, 0
254300, 842046, 1, 0, 0
254400, 858287, 1, 0, 0
254500, 880336, 1, 0, 0
254601, 911080, 1, 0, 0
254700, 964961, 1, 0, 0
254800, 880984, 1, 0, 0
254900, 954346, 1, 0, 0
255000, 900939, 1, 0, 0
255100, 880275, 1, 0, 0
255200, 884794, 1, 0, 0
255300, 899286, 1, 0, 0
255400, 936456, 1, 0, 0
255500, 903100, 1, 0, 0
255600, 914278, 1, 0, 0
255701, 901105, 1, 0, 0
255800, 896482, 1, 0, 0
255900, 879998, 1, 0, 0
256000, 915225, 1, 0, 0
256100, 901931, 1, 0, 0
256200, 858609, 1, 0, 0
256300, 855421, 1, 0, 0
256400, 873128, 1, 0, 0
256500, 874007, 1, 0, 0
256600, 894231, 1, 0, 0
256700, 880240, 1, 0, 0
256800, 899955, 1, 0, 0
256900, 910687, 1, 0, 0
257000, 904204, 1, 0, 0
257100, 905731, 1, 0, 0
257200, 901423, 1, 0, 0
257300, 931363, 1, 0, 0
257400, 967726, 1, 0, 0
257500, 926786, 1, 0, 0
257600, 891910, 1, 0, 0
257700, 920317, 1, 0, 0
257800, 930612, 1, 0, 0
257900, 892665, 1, 0, 0
258000, 972613, 1, 0, 0
258100, 891968, 1, 0, 0
258200, 952141, 1, 0, 0
258300, 889108, 1, 0, 0
258400, 964878, 1, 0, 0
258500, 915473, 1, 0, 0
258600, 966295, 1, 0, 0
258700, 886584, 1, 0, 0
258800, 868528, 1, 0, 0
258900, 886704, 1, 0, 0
259000, 859722, 1, 0, 0
259100, 907140, 1, 0, 0
259200, 963804, 1, 0, 0
259300, 878219, 1, 0, 0
259400, 886051, 1, 0, 0
259500, 842964, 1, 0, 0
259600, 852949, 1, 0, 0
259700, 860362, 1, 0, 0
259800, 878046, 1, 0, 0
259900, 867750, 1, 0, 0
260000, 863159, 1, 0, 0
260100, 888571, 1, 0, 0
260200, 849985, 1, 0, 0
260300, 837989, 1, 0, 0
260401, 919416, 1, 0, 0
260500, 915995, 1, 0, 0
260600, 899924, 1, 0, 0
260700, 847650, 1, 0, 0
260800, 831327, 1, 0, 0
260901, 917210, 1, 0, 0
261001, 847485, 1, 0, 0
261100, 894350, 1, 0, 0
261200, 858153, 1, 0, 0
261301, 914202, 1, 0, 0
261400, 917122, 1, 0, 0
261500, 875609, 1, 0, 0
261601, 894831, 1, 0, 0
261700, 844191, 1, 0, 0
261800, 862952, 1, 0, 0
261900, 882284, 1, 0, 0
262000, 898341, 1, 0, 0
262100, 868000, 1, 0, 0
262200, 899136, 1, 0, 0
262300, 903286, 1, 0, 0
262401, 867564, 1, 0, 0
262500, 879896, 1, 0, 0
262600, 866973, 1, 0, 0
262700, 887839, 1, 0, 0
262800, 848127, 1, 0, 0
262901, 948414, 1, 0, 0
263000, 934451, 1, 0, 0
263100, 962283, 1, 0, 0
263200, 833105, 1, 0, 0
263300, 944292, 1, 0, 0
263400, 918808, 1, 0, 0
263500, 861888, 1, 0, 0
263600, 897281, 1, 0, 0
263700, 890797, 1, 0, 0
263800, 848245, 1, 0, 0
263900, 905465, 1, 0, 0
264000, 885410, 1, 0, 0
264100, 862033, 1, 0, 0
264200, 816221, 1, 0, 0
264300, 856635, 1, 0, 0
264400, 888797, 1, 0, 0
264500, 945935, 1, 0, 0
264600, 896496, 1, 0, 0
264700, 871701, 1, 0, 0
264800, 918437, 1, 0, 0
264900, 915065, 1, 0, 0
265000, 888054, 1, 0, 0
265100, 917332, 1, 0, 0
265200, 1064502, 1, 0, 0
265300, 896320, 1, 0, 0
265400, 862054, 1, 0, 0
265500, 874807, 1, 0, 0
265600, 924930, 1, 0, 0
265700, 936429, 1, 0, 0
265800, 982592, 1, 0, 0
265900, 864965, 1, 0, 0
266000, 839533, 1, 0, 0
266100, 899409, 1, 0, 0
266200, 892212, 1, 0, 0
266300, 874300, 1, 0, 0
266400, 921561, 1, 0, 0
266500, 905711, 1, 0, 0
266600, 888260, 1, 0, 0
266700, 846783, 1, 0, 0
266800, 916801, 1, 0, 0
266900, 946014, 1, 0, 0
267000, 930903, 1, 0, 0
267100, 928856, 1, 0, 0
267200, 946917, 1, 0, 0
267300, 906503, 1, 0, 0
267400, 911196, 1, 0, 0
267500, 977760, 1, 0, 0
267600, 989284, 1, 0, 0
267700, 982258, 1, 0, 0
267800, 885419, 1, 0, 0
267900, 932736, 1, 0, 0
268000, 952720, 1, 0, 0
268100, 898069, 1, 0, 0
268200, 952074, 1, 0, 0
268300, 974893, 1, 0, 0
268400, 954025, 1, 0, 0
268500, 943589, 1, 0, 0
268600, 908292, 1, 0, 0
268700, 945995, 1, 0, 0
268800, 980301, 1, 0, 0
268900, 920403, 1, 0, 0
269000, 930227, 1, 0, 0
269100, 959241, 1, 0, 0
269200, 969886, 1, 0, 0
269300, 916736, 1, 0, 0
269400, 905795, 1, 0, 0
269500, 926531, 1, 0, 0
269600, 919385, 1, 0, 0
269700, 849437, 1, 0, 0
269800, 864043, 1, 0, 0
269900, 882350, 1, 0, 0
270000, 856776, 1, 0, 0
270100, 883102, 1, 0, 0
270200, 844608, 1, 0, 0
270300, 853113, 1, 0, 0
270400, 887127, 1, 0, 0
270500, 881228, 1, 0, 0
270600, 896481, 1, 0, 0
270700, 845898, 1, 0, 0
270800, 885399, 1, 0, 0
270900, 856514, 1, 0, 0
271000, 866125, 1, 0, 0
271101, 945658, 1, 0, 0
271200, 877058, 1, 0, 0
271300, 951986, 1, 0, 0
271400, 844170, 1, 0, 0
271500, 873347, 1, 0, 0
271600, 859279, 1, 0, 0
271700, 861638, 1, 0, 0
271800, 907331, 1, 0, 0
271900, 937115, 1, 0, 0
272000, 944959, 1, 0, 0
272100, 946491, 1, 0, 0
272200, 928984, 1, 0, 0
272300, 901602, 1, 0, 0
272400, 897552, 1, 0, 0
272500, 926850, 1, 0, 0
272600, 898781, 1, 0, 0
272700, 926320, 1, 0, 0
272800, 865308, 1, 0, 0
272900, 910778, 1, 0, 0
273000, 849518, 1, 0, 0
273100, 886972, 1, 0, 0
273200, 854517, 1, 0, 0
273300, 882794, 1, 0, 0
273400, 859796, 1, 0, 0
273500, 880593, 1, 0, 0
273600, 855913, 1, 0, 0
273701, 895911, 1, 0, 0
273801, 843611, 1, 0, 0
273900, 924535, 1, 0, 0
274000, 882065, 1, 0, 0
274100, 908268, 1, 0, 0
274200, 883529, 1, 0, 0
274300, 858776, 1, 0, 0
274400, 897229, 1, 0, 0
274500, 873380, 1, 0, 0
274600, 897629, 1, 0, 0
274700, 872515, 1, 0, 0
274800, 921054, 1, 0, 0
274900, 883635, 1, 0, 0
275000, 856728, 1, 0, 0
275100, 843119, 1, 0, 0
275200, 873506, 1, 0, 0
275300, 867998, 1, 0, 0
275400, 876092, 1, 0, 0
275500, 877319, 1, 0, 0
275600, 855551, 1, 0, 0
275700, 832407, 1, 0, 0
275800, 881006, 1, 0, 0
275900, 874471, 1, 0, 0
276000, 859229, 1, 0, 0
276100, 883707, 1, 0, 0
276200, 891402, 1, 0, 0
276300, 857834, 1, 0, 0
276400, 897617, 1, 0, 0
276501, 872304, 1, 0, 0
276600, 848533, 1, 0, 0
276700, 829602, 1, 0, 0
276800, 816764, 1, 0, 0
276900, 856469, 1, 0, 0
277000, 916100, 1, 0, 0
277100, 883372, 1, 0, 0
277200, 857925, 1, 0, 0
277300, 868975, 1, 0, 0
277400, 874217, 1, 0, 0
277500, 862302, 1, 0, 0
277600, 873961, 1, 0, 0
277700, 892419, 1, 0, 0
277800, 843651, 1, 0, 0
277900, 844809, 1, 0, 0
278000, 912052, 1, 0, 0
278100, 839734, 1, 0, 0
278200, 881865, 1, 0, 0
278300, 837346, 1, 0, 0
278400, 842118, 1, 0, 0
278500, 856128, 1, 0, 0
278603, 864855, 1, 0, 0
278700, 903653, 1, 0, 0
278800, 847519, 1, 0, 0
278900, 868783, 1, 0, 0
279000, 893831, 1, 0, 0
279100, 854625, 1, 0, 0
279200, 889848, 1, 0, 0
279300, 870960, 1, 0, 0
279400, 842553, 1, 0, 0
279500, 869865, 1, 0, 0
279600, 860754, 1, 0, 0
279700, 906842, 1, 0, 0
279800, 868684, 1, 0, 0
279900, 873574, 1, 0, 0
280000, 921508, 1, 0, 0
280100, 864256, 1, 0, 0
280200, 847054, 1, 0, 0
280300, 844264, 1, 0, 0
280400, 905071, 1, 0, 0
280500, 876397, 1, 0, 0
280600, 810331, 1, 0, 0
280700, 907476, 1, 0, 0
280800, 897218, 1, 0, 0
280900, 845574, 1, 0, 0
281000, 863602, 1, 0, 0
281100, 855630, 1, 0, 0
281200, 899258, 1, 0, 0
281300, 870269, 1, 0, 0
281400, 861772, 1, 0, 0
281500, 844435, 1, 0, 0
281600, 898776, 1, 0, 0
281700, 872057, 1, 0, 0
281800, 875273, 1, 0, 0
281900, 874451, 1, 0, 0
282000, 874017, 1, 0, 0
282100, 869473, 1, 0, 0
282200, 881072, 1, 0, 0
282300, 911179, 1, 0, 0
282400, 883046, 1, 0, 0
282500, 885499, 1, 0, 0
282600, 879489, 1, 0, 0
282700, 834118, 1, 0, 0
282800, 868660, 1, 0, 0
282900, 842524, 1, 0, 0
283000, 894925, 1, 0, 0
283100, 864570, 1, 0, 0
283200, 815180, 1, 0, 0
283300, 881585, 1, 0, 0
283400, 848839, 1, 0, 0
283500, 841109, 1, 0, 0
283600, 862224, 1, 0, 0
283700, 850139, 1, 0, 0
283800, 834006, 1, 0, 0
283900, 859793, 1, 0, 0
284000, 865024, 1, 0, 0
284100, 870409, 1, 0, 0
284200, 864257, 1, 0, 0
284300, 859618, 1, 0, 0
284400, 853329, 1, 0, 0
284500, 903488, 1, 0, 0
284600, 860661, 1, 0, 0
284700, 856618, 1, 0, 0
284800, 867186, 1, 0, 0
284900, 923292, 1, 0, 0
285000, 913200, 1, 0, 0
285100, 875069, 1, 0, 0
285200, 862875, 1, 0, 0
285300, 869396, 1, 0, 0
285400, 841213, 1, 0, 0
285500, 890583, 1, 0, 0
285600, 885388, 1, 0, 0
285700, 942515, 1, 0, 0
285800, 860484, 1, 0, 0
285900, 855028, 1, 0, 0
286000, 938705, 1, 0, 0
286100, 912527, 1, 0, 0
286200, 859489, 1, 0, 0
286300, 855115, 1, 0, 0
286400, 887390, 1, 0, 0
286500, 884435, 1, 0, 0
286600, 858379, 1, 0, 0
286700, 864031, 1, 0, 0
286800, 867764, 1, 0, 0
286900, 897250, 1, 0, 0
287000, 893577, 1, 0, 0
287100, 936690, 1, 0, 0
287200, 941751, 1, 0, 0
287300, 891155, 1, 0, 0
287400, 908908, 1, 0, 0
287500, 889903, 1, 0, 0
287600, 901176, 1, 0, 0
287700, 885931, 1, 0, 0
287800, 879315, 1, 0, 0
287901, 877020, 1, 0, 0
288000, 895850, 1, 0, 0
288100, 859329, 1, 0, 0
288200, 902504, 1, 0, 0
288300, 835137, 1, 0, 0
288401, 891373, 1, 0, 0
288500, 862135, 1, 0, 0
288600, 872878, 1, 0, 0
288700, 852723, 1, 0, 0
288800, 855678, 1, 0, 0
288900, 846090, 1, 0, 0
289000, 885747, 1, 0, 0
289100, 842532, 1, 0, 0
289200, 872998, 1, 0, 0
289300, 893823, 1, 0, 0
289400, 870509, 1, 0, 0
289500, 897420, 1, 0, 0
289600, 882963, 1, 0, 0
289700, 858034, 1, 0, 0
289800, 862380, 1, 0, 0
289900, 812859, 1, 0, 0
290000, 909617, 1, 0, 0
290100, 882191, 1, 0, 0
290200, 865120, 1, 0, 0
290300, 848421, 1, 0, 0
290400, 882356, 1, 0, 0
290500, 896494, 1, 0, 0
290600, 847017, 1, 0, 0
290700, 856060, 1, 0, 0
290800, 863330, 1, 0, 0
290900, 860164, 1, 0, 0
291000, 875310, 1, 0, 0
291100, 845893, 1, 0, 0
291202, 858229, 1, 0, 0
291300, 861203, 1, 0, 0
291400, 863766, 1, 0, 0
291500, 875187, 1, 0, 0
291600, 877456, 1, 0, 0
291700, 911561, 1, 0, 0
291800, 885884, 1, 0, 0
291900, 857813, 1, 0, 0
292001, 876619, 1, 0, 0
292100, 897022, 1, 0, 0
292200, 876633, 1, 0, 0
292300, 928177, 1, 0, 0
292400, 875982, 1, 0, 0
292500, 871448, 1, 0, 0
292600, 886610, 1, 0, 0
292700, 863377, 1, 0, 0
292800, 878793, 1, 0, 0
292900, 850422, 1, 0, 0
293000, 879354, 1, 0, 0
293100, 861554, 1, 0, 0
293200, 867456, 1, 0, 0
293301, 911550, 1, 0, 0
293400, 850554, 1, 0, 0
293500, 877675, 1, 0, 0
293600, 884822, 1, 0, 0
293700, 886331, 1, 0, 0
293800, 863356, 1, 0, 0
293900, 833083, 1, 0, 0
294000, 891716, 1, 0, 0
294100, 870151, 1, 0, 0
294200, 871839, 1, 0, 0
294300, 846341, 1, 0, 0
294400, 869002, 1, 0, 0
294500, 826350, 1, 0, 0
294600, 906343, 1, 0, 0
294700, 869266, 1, 0, 0
294800, 893623, 1, 0, 0
294900, 856587, 1, 0, 0
295000, 861621, 1, 0, 0
295100, 878401, 1, 0, 0
295200, 857489, 1, 0, 0
295300, 841252, 1, 0, 0
295401, 857281, 1, 0, 0
295500, 879264, 1, 0, 0
295600, 906484, 1, 0, 0
295700, 919246, 1, 0, 0
295800, 886753, 1, 0, 0
295900, 929670, 1, 0, 0
296000, 884688, 1, 0, 0
296100, 880000, 1, 0, 0
296200, 909783, 1, 0, 0
296300, 874650, 1, 0, 0
296400, 895303, 1, 0, 0
296500, 856419, 1, 0, 0
296600, 858330, 1, 0, 0
296700, 860921, 1, 0, 0
296800, 902894, 1, 0, 0
296901, 854976, 1, 0, 0
297000, 898281, 1, 0, 0
297100, 870320, 1, 0, 0
297200, 871406, 1, 0, 0
297300, 878005, 1, 0, 0
297401, 881233, 1, 0, 0
297500, 873196, 1, 0, 0
297600, 867238, 1, 0, 0
297700, 924920, 1, 0, 0
297800, 861953, 1, 0, 0
297900, 893901, 1, 0, 0
298000, 859490, 1, 0, 0
298100, 907829, 1, 0, 0
298200, 892616, 1, 0, 0
298300, 867991, 1, 0, 0
298401, 908079, 1, 0, 0
298500, 895410, 1, 0, 0
298600, 911253, 1, 0, 0
298700, 855030, 1, 0, 0
298800, 887002, 1, 0, 0
298900, 876646, 1, 0, 0
299000, 898182, 1, 0, 0
299100, 873598, 1, 0, 0
299200, 918399, 1, 0, 0
299300, 867255, 1, 0, 0
299400, 860184, 1, 0, 0
299500, 863610, 1, 0, 0
299600, 891679, 1, 0, 0
299700, 876836, 1, 0, 0
299800, 857366, 1, 0, 0
299900, 871999, 1, 0, 0
300000, 888490, 1, 0, 0
300100, 860277, 1, 0, 0
300200, 887459, 1, 0, 0
300300, 891100, 1, 0, 0
300400, 888078, 1, 0, 0
300500, 924566, 1, 0, 0
300601, 900817, 1, 0, 0
300700, 892136, 1, 0, 0
300800, 844029, 1, 0, 0
300900, 860551, 1, 0, 0
301000, 840466, 1, 0, 0
301100, 883020, 1, 0, 0
301200, 891091, 1, 0, 0
301301, 901421, 1, 0, 0
301400, 882874, 1, 0, 0
301500, 846821, 1, 0, 0
301600, 868971, 1, 0, 0
301700, 881478, 1, 0, 0
301800, 864551, 1, 0, 0
301900, 876855, 1, 0, 0
302000, 898705, 1, 0, 0
302100, 906313, 1, 0, 0
302200, 879825, 1, 0, 0
302300, 867174, 1, 0, 0
302400, 854702, 1, 0, 0
302500, 836241, 1, 0, 0
302600, 837830, 1, 0, 0
302700, 879301, 1, 0, 0
302800, 882406, 1, 0, 0
302900, 851150, 1, 0, 0
303000, 893500, 1, 0, 0
303100, 871551, 1, 0, 0
303200, 874583, 1, 0, 0
303300, 862447, 1, 0, 0
303400, 879158, 1, 0, 0
303500, 895338, 1, 0, 0
303600, 862952, 1, 0, 0
303700, 912768, 1, 0, 0
303800, 864793, 1, 0, 0
303900, 817641, 1, 0, 0
304000, 890602, 1, 0, 0
304100, 869440, 1, 0, 0
304200, 856435, 1, 0, 0
304300, 853847, 1, 0, 0
304400, 866321, 1, 0, 0
304500, 877047, 1, 0, 0
304600, 857210, 1, 0, 0
304700, 906894, 1, 0, 0
304801, 860164, 1, 0, 0
304900, 869139, 1, 0, 0
305001, 849649, 1, 0, 0
305100, 842210, 1, 0, 0
305200, 847371, 1, 0, 0
305300, 874721, 1, 0, 0
305400, 892179, 1, 0, 0
305500, 900640, 1, 0, 0
305600, 872936, 1, 0, 0
305700, 893878, 1, 0, 0
305800, 897483, 1, 0, 0
305900, 891557, 1, 0, 0
306000, 853963, 1, 0, 0
306100, 876826, 1, 0, 0
306200, 876433, 1, 0, 0
306300, 878187, 1, 0, 0
306400, 866372, 1, 0, 0
306501, 906875, 1, 0, 0
306600, 818615, 1, 0, 0
306700, 871009, 1, 0, 0
306800, 887424, 1, 0, 0
306900, 870895, 1, 0, 0
307000, 849756, 1, 0, 0
307100, 884537, 1, 0, 0
307200, 863166, 1, 0, 0
307300, 879032, 1, 0, 0
307400, 934906, 1, 0, 0
307500, 894224, 1, 0, 0
307600, 889883, 1, 0, 0
307700, 833989, 1, 0, 0
307800, 885228, 1, 0, 0
307900, 844840, 1, 0, 0
308000, 833704, 1, 0, 0
308100, 892806, 1, 0, 0
308200, 866937, 1, 0, 0
308300, 830450, 1, 0, 0
308400, 865769, 1, 0, 0
308500, 892268, 1, 0, 0
308600, 851854, 1, 0, 0
308700, 876464, 1, 0, 0
308800, 926223, 1, 0, 0
308900, 861371, 1, 0, 0
309000, 871210, 1, 0, 0
309100, 872828, 1, 0, 0
309200, 882909, 1, 0, 0
309300, 883646, 1, 0, 0
309400, 856186, 1, 0, 0
309500, 850021, 1, 0, 0
309600, 873451, 1, 0, 0
309700, 872899, 1, 0, 0
309800, 869915, 1, 0, 0
309900, 878463, 1, 0, 0
310000, 875640, 1, 0, 0
310100, 853945, 1, 0, 0
310200, 886426, 1, 0, 0
310300, 884505, 1, 0, 0
310400, 886288, 1, 0, 0
310500, 845806, 1, 0, 0
310600, 873704, 1, 0, 0
310700, 949699, 1, 0, 0
310800, 894687, 1, 0, 0
310900, 866575, 1, 0, 0
311000, 915319, 1, 0, 0
311100, 877126, 1, 0, 0
311200, 864396, 1, 0, 0
311300, 869879, 1, 0, 0
311400, 859611, 1, 0, 0
311501, 907679, 1, 0, 0
311600, 831557, 1, 0, 0
311700, 829909, 1, 0, 0
311800, 879746, 1, 0, 0
311900, 856098, 1, 0, 0
312000, 908954, 1, 0, 0
312100, 892721, 1, 0, 0
312200, 854016, 1, 0, 0
312300, 848900, 1, 0, 0
312400, 851896, 1, 0, 0
312500, 864292, 1, 0, 0
312600, 866752, 1, 0, 0
312700, 933895, 1, 0, 0
312800, 853411, 1, 0, 0
312900, 855532, 1, 0, 0
313000, 910289, 1, 0, 0
313100, 917112, 1, 0, 0
313200, 858859, 1, 0, 0
313300, 843948, 1, 0, 0
313400, 922504, 1, 0, 0
313500, 845645, 1, 0, 0
313600, 863861, 1, 0, 0
313700, 869257, 1, 0, 0
313800, 884778, 1, 0, 0
313900, 878809, 1, 0, 0
314000, 861112, 1, 0, 0
314100, 868676, 1, 0, 0
314200, 867007, 1, 0, 0
314300, 829060, 1, 0, 0
314400, 848577, 1, 0, 0
314500, 870099, 1, 0, 0
314600, 892752, 1, 0, 0
314700, 921298, 1, 0, 0
314800, 923616, 1, 0, 0
314900, 889698, 1, 0, 0
315000, 848611, 1, 0, 0
315100, 881747, 1, 0, 0
315200, 945741, 1, 0, 0
315300, 877320, 1, 0, 0
315400, 867276, 1, 0, 0
315500, 841810, 1, 0, 0
315600, 886971, 1, 0, 0
315700, 849397, 1, 0, 0
315800, 903743, 1, 0, 0
315900, 861495, 1, 0, 0
316000, 890141, 1, 0, 0
316100, 866655, 1, 0, 0
316200, 854281, 1, 0, 0
316300, 881610, 1, 0, 0
316400, 891518, 1, 0, 0
316500, 854689, 1, 0, 0
316600, 853883, 1, 0, 0
316700, 847708, 1, 0, 0
316800, 877003, 1, 0, 0
316900, 885434, 1, 0, 0
317000, 902437, 1, 0, 0
317100, 895103, 1, 0, 0
317200, 850639, 1, 0, 0
317300, 853137, 1, 0, 0
317400, 863851, 1, 0, 0
317500, 888636, 1, 0, 0
317600, 861207, 1, 0, 0
317700, 942339, 1, 0, 0
317800, 887575, 1, 0, 0
317900, 904978, 1, 0, 0
318000, 888240, 1, 0, 0
318100, 937469, 1, 0, 0
318200, 934235, 1, 0, 0
318300, 893659, 1, 0, 0
318400, 831967, 1, 0, 0
318500, 878278, 1, 0, 0
318600, 897004, 1, 0, 0
318700, 853723, 1, 0, 0
318800, 867235, 1, 0, 0
318900, 865924, 1, 0, 0
319000, 857228, 1, 0, 0
319100, 896734, 1, 0, 0
319200, 879128, 1, 0, 0
319300, 905533, 1, 0, 0
319400, 889355, 1, 0, 0
319500, 881801, 1, 0, 0
319600, 879362, 1, 0, 0
319700, 897979, 1, 0, 0
319800, 881880, 1, 0, 0
319900, 885593, 1, 0, 0
320000, 862564, 1, 0, 0
320100, 923408, 1, 0, 0
320200, 925188, 1, 0, 0
320300, 874701, 1, 0, 0
320400, 869841, 1, 0, 0
320500, 849593, 1, 0, 0
320600, 818236, 1, 0, 0
320700, 904054, 1, 0, 0
320800, 832670, 1, 0, 0
320900, 901861, 1, 0, 0
321001, 839557, 1, 0, 0
321100, 862406, 1, 0, 0
321200, 890834, 1, 0, 0
321300, 930355, 1, 0, 0
321400, 865864, 1, 0, 0
321500, 878196, 1, 0, 0
321600, 876486, 1, 0, 0
321700, 846154, 1, 0, 0
321800, 862422, 1, 0, 0
321900, 876237, 1, 0, 0
322000, 865378, 1, 0, 0
322100, 890157, 1, 0, 0
322200, 878008, 1, 0, 0
322301, 907115, 1, 0, 0
322400, 859689, 1, 0, 0
322500, 881091, 1, 0, 0
322600, 878848, 1, 0, 0
322700, 895724, 1, 0, 0
322800, 886967, 1, 0, 0
322900, 880946, 1, 0, 0
323000, 863779, 1, 0, 0
323101, 868197, 1, 0, 0
323200, 843685, 1, 0, 0
323300, 883565, 1, 0, 0
323400, 879971, 1, 0, 0
323500, 884289, 1, 0, 0
323600, 922227, 1, 0, 0
323700, 880133, 1, 0, 0
323800, 892855, 1, 0, 0
323900, 878054, 1, 0, 0
324000, 835854, 1, 0, 0
324100, 908755, 1, 0, 0
324200, 890123, 1, 0, 0
324300, 921690, 1, 0, 0
324400, 909205, 1, 0, 0
324500, 876203, 1, 0, 0
324600, 884218, 1, 0, 0
324700, 852020, 1, 0, 0
324800, 876236, 1, 0, 0
324900, 942207, 1, 0, 0
325000, 901658, 1, 0, 0
325100, 845363, 1, 0, 0
325200, 889968, 1, 0, 0
325300, 869571, 1, 0, 0
325400, 906111, 1, 0, 0
325500, 848984, 1, 0, 0
325600, 905235, 1, 0, 0
325701, 880324, 1, 0, 0
325800, 847216, 1, 0, 0
325900, 866191, 1, 0, 0
326000, 936973, 1, 0, 0
326100, 852765, 1, 0, 0
326200, 846123, 1, 0, 0
326300, 898033, 1, 0, 0
326400, 872216, 1, 0, 0
326500, 876534, 1, 0, 0
326600, 860015, 1, 0, 0
326700, 862965, 1, 0, 0
326800, 884394, 1, 0, 0
326900, 874977, 1, 0, 0
327000, 903683, 1, 0, 0
327100, 863014, 1, 0, 0
327200, 884832, 1, 0, 0
327301, 881506, 1, 0, 0
327400, 915482, 1, 0, 0
327500, 889220, 1, 0, 0
327600, 869021, 1, 0, 0
327700, 896433, 1, 0, 0
327800, 881414, 1, 0, 0
327900, 863387, 1, 0, 0
328000, 868109, 1, 0, 0
328100, 892816, 1, 0, 0
328200, 910994, 1, 0, 0
328300, 846512, 1, 0, 0
328400, 890036, 1, 0, 0
328500, 894607, 1, 0, 0
328600, 893715, 1, 0, 0
328701, 915247, 1, 0, 0
328800, 896769, 1, 0, 0
328900, 870360, 1, 0, 0
329000, 921097, 1, 0, 0
329100, 905807, 1, 0, 0
329200, 834426, 1, 0, 0
329301, 855642, 1, 0, 0
329400, 820626, 1, 0, 0
329500, 859982, 1, 0, 0
329600, 909558, 1, 0, 0
329700, 886320, 1, 0, 0
329800, 850568, 1, 0, 0
329900, 887797, 1, 0, 0
330000, 896952, 1, 0, 0
330100, 901708, 1, 0, 0
330200, 853557, 1, 0, 0
330300, 856995, 1, 0, 0
330400, 911316, 1, 0, 0
330500, 879494, 1, 0, 0
330600, 890412, 1, 0, 0
330700, 901453, 1, 0, 0
330800, 924721, 1, 0, 0
330900, 882754, 1, 0, 0
331000, 940116, 1, 0, 0
331100, 870086, 1, 0, 0
331200, 852015, 1, 0, 0
331301, 834401, 1, 0, 0
331400, 896589, 1, 0, 0
331500, 847670, 1, 0, 0
331600, 899217, 1, 0, 0
331700, 915559, 1, 0, 0
331800, 877688, 1, 0, 0
331900, 884054, 1, 0, 0
332000, 887092, 1, 0, 0
332100, 929508, 1, 0, 0
332200, 839827, 1, 0, 0
332300, 833934, 1, 0, 0
332400, 868608, 1, 0, 0
332500, 889230, 1, 0, 0
332600, 812597, 1, 0, 0
332700, 884343, 1, 0, 0
332800, 888843, 1, 0, 0
332900, 833039, 1, 0, 0
333000, 869359, 1, 0, 0
333100, 828230, 1, 0, 0
333200, 863706, 1, 0, 0
333300, 880550, 1, 0, 0
333402, 855660, 1, 0, 0
333500, 873692, 1, 0, 0
333600, 891457, 1, 0, 0
333700, 886781, 1, 0, 0
333800, 901720, 1, 0, 0
333900, 884593, 1, 0, 0
334000, 910942, 1, 0, 0
334100, 894584, 1, 0, 0
334200, 863511, 1, 0, 0
334300, 889680, 1, 0, 0
334400, 889715, 1, 0, 0
334500, 896548, 1, 0, 0
334600, 874624, 1, 0, 0
334700, 867926, 1, 0, 0
334800, 868662, 1, 0, 0
334900, 960377, 1, 0, 0
335000, 867607, 1, 0, 0
335100, 859985, 1, 0, 0
335200, 843549, 1, 0, 0
335301, 878005, 1, 0, 0
335400, 859979, 1, 0, 0
335500, 875731, 1, 0, 0
335600, 866588, 1, 0, 0
335700, 877618, 1, 0, 0
335800, 838796, 1, 0, 0
335900, 869719, 1, 0, 0
336000, 897734, 1, 0, 0
336100, 910653, 1, 0, 0
336200, 861381, 1, 0, 0
336300, 901726, 1, 0, 0
336400, 899972, 1, 0, 0
336500, 879431, 1, 0, 0
336600, 842004, 1, 0, 0
336700, 832166, 1, 0, 0
336801, 875319, 1, 0, 0
336900, 883451, 1, 0, 0
337000, 874907, 1, 0, 0
337100, 876159, 1, 0, 0
337200, 915991, 1, 0, 0
337300, 881824, 1, 0, 0
337400, 937866, 1, 0, 0
337500, 853915, 1, 0, 0
337600, 865447, 1, 0, 0
337700, 879286, 1, 0, 0
337800, 865751, 1, 0, 0
337900, 905002, 1, 0, 0
338000, 847256, 1, 0, 0
338100, 838006, 1, 0, 0
338200, 870324, 1, 0, 0
338300, 918826, 1, 0, 0
338400, 873132, 1, 0, 0
338500, 890968, 1, 0, 0
338600, 892866, 1, 0, 0
338700, 852528, 1, 0, 0
338800, 852174, 1, 0, 0
338902, 869413, 1, 0, 0
339000, 856054, 1, 0, 0
339100, 884288, 1, 0, 0
339200, 900129, 1, 0, 0
339300, 869075, 1, 0, 0
339400, 876454, 1, 0, 0
339500, 910926, 1, 0, 0
339600, 857037, 1, 0, 0
339700, 875812, 1, 0, 0
339800, 906294, 1, 0, 0
339900, 866733, 1, 0, 0
340000, 918138, 1, 0, 0
340100, 852911, 1, 0, 0
340200, 864689, 1, 0, 0
340300, 889571, 1, 0, 0
340400, 902365, 1, 0, 0
340500, 878242, 1, 0, 0
340600, 848930, 1, 0, 0
340700, 845800, 1, 0, 0
340800, 858551, 1, 0, 0
340900, 865643, 1, 0, 0
341000, 885692, 1, 0, 0
341100, 898334, 1, 0, 0
341201, 894939, 1, 0, 0
341300, 894511, 1, 0, 0
341400, 875138, 1, 0, 0
341500, 846505, 1, 0, 0
341600, 905381, 1, 0, 0
341700, 910317, 1, 0, 0
341800, 889991, 1, 0, 0
341900, 840345, 1, 0, 0
342000, 888418, 1, 0, 0
342100, 880073, 1, 0, 0
342200, 894736, 1, 0, 0
342300, 905078, 1, 0, 0
342401, 878857, 1, 0, 0
342500, 897677, 1, 0, 0
342600, 863705, 1, 0, 0
342700, 919087, 1, 0, 0
342800, 871718, 1, 0, 0
342900, 874733, 1, 0, 0
343000, 885554, 1, 0, 0
343100, 929859, 1, 0, 0
343200, 852186, 1, 0, 0
343300, 859935, 1, 0, 0
343400, 906793, 1, 0, 0
343500, 891148, 1, 0, 0
343600, 932394, 1, 0, 0
343700, 895714, 1, 0, 0
343800, 893000, 1, 0, 0
343900, 873316, 1, 0, 0
344001, 868461, 1, 0, 0
344100, 934730, 1, 0, 0
344200, 898786, 1, 0, 0
344300, 872682, 1, 0, 0
344400, 872140, 1, 0, 0
344500, 891694, 1, 0, 0
344600, 884004, 1, 0, 0
344700, 889036, 1, 0, 0
344800, 852224, 1, 0, 0
344900, 861305, 1, 0, 0
345000, 847184, 1, 0, 0
345101, 917623, 1, 0, 0
345200, 901429, 1, 0, 0
345300, 912514, 1, 0, 0
345400, 865385, 1, 0, 0
345500, 896346, 1, 0, 0
345600, 852487, 1, 0, 0
345700, 879892, 1, 0, 0
345800, 895208, 1, 0, 0
345900, 826998, 1, 0, 0
346000, 840781, 1, 0, 0
346100, 924300, 1, 0, 0
346200, 872390, 1, 0, 0
346300, 875881, 1, 0, 0
346400, 916301, 1, 0, 0
346500, 918863, 1, 0, 0
346600, 852346, 1, 0, 0
346700, 849275, 1, 0, 0
346800, 931943, 1, 0, 0
346901, 850950, 1, 0, 0
347000, 879018, 1, 0, 0
347100, 917838, 1, 0, 0
347200, 849459, 1, 0, 0
347300, 856442, 1, 0, 0
347400, 869444, 1, 0, 0
347500, 908239, 1, 0, 0
347600, 909445, 1, 0, 0
347700, 880546, 1, 0, 0
347800, 867897, 1, 0, 0
347900, 936354, 1, 0, 0
348000, 892035, 1, 0, 0
348101, 842398, 1, 0, 0
348200, 917115, 1, 0, 0
348301, 914279, 1, 0, 0
348400, 875382, 1, 0, 0
348500, 869438, 1, 0, 0
348600, 865941, 1, 0, 0
348700, 902975, 1, 0, 0
348800, 877910, 1, 0, 0
348900, 889845, 1, 0, 0
349000, 898883, 1, 0, 0
349100, 917617, 1, 0, 0
349200, 936190, 1, 0, 0
349302, 873455, 1, 0, 0
349400, 873136, 1, 0, 0
349500, 850471, 1, 0, 0
349600, 864465, 1, 0, 0
349700, 864909, 1, 0, 0
349800, 888665, 1, 0, 0
349900, 855436, 1, 0, 0
350000, 879856, 1, 0, 0
350100, 926377, 1, 0, 0
350200, 930339, 1, 0, 0
350300, 921579, 1, 0, 0
350401, 839623, 1, 0, 0
350501, 898906, 1, 0, 0
350600, 867666, 1, 0, 0
350700, 873232, 1, 0, 0
350800, 878645, 1, 0, 0
350900, 904327, 1, 0, 0
351000, 887205, 1, 0, 0
351100, 852677, 1, 0, 0
351200, 856354, 1, 0, 0
351300, 861278, 1, 0, 0
351400, 851816, 1, 0, 0
351500, 859022, 1, 0, 0
351600, 888243, 1, 0, 0
351700, 870687, 1, 0, 0
351800, 867534, 1, 0, 0
351900, 854034, 1, 0, 0
352000, 927410, 1, 0, 0
352100, 885201, 1, 0, 0
352200, 851712, 1, 0, 0
352301, 870968, 1, 0, 0
352400, 872947, 1, 0, 0
352500, 893053, 1, 0, 0
352600, 922483, 1, 0, 0
352700, 888211, 1, 0, 0
352800, 879723, 1, 0, 0
352900, 847127, 1, 0, 0
353000, 887952, 1, 0, 0
353100, 844660, 1, 0, 0
353200, 880049, 1, 0, 0
353300, 889818, 1, 0, 0
353400, 854297, 1, 0, 0
353500, 836223, 1, 0, 0
353600, 890812, 1, 0, 0
353700, 884996, 1, 0, 0
353800, 873911, 1, 0, 0
353900, 902166, 1, 0, 0
354000, 918243, 1, 0, 0
354100, 939077, 1, 0, 0
354200, 866270, 1, 0, 0
354300, 943189, 1, 0, 0
354400, 935454, 1, 0, 0
354500, 919027, 1, 0, 0
354600, 867513, 1, 0, 0
354700, 865689, 1, 0, 0
354800, 876979, 1, 0, 0
354900, 873535, 1, 0, 0
355000, 887066, 1, 0, 0
355100, 871693, 1, 0, 0
355200, 842062, 1, 0, 0
355300, 852571, 1, 0, 0
355400, 842189, 1, 0, 0
355500, 875430, 1, 0, 0
355600, 893417, 1, 0, 0
355700, 821106, 1, 0, 0
355800, 873334, 1, 0, 0
355900, 886163, 1, 0, 0
356000, 865291, 1, 0, 0
356100, 874197, 1, 0, 0
356200, 856794, 1, 0, 0
356300, 891694, 1, 0, 0
356400, 882405, 1, 0, 0
356500, 854921, 1, 0, 0
356600, 860363, 1, 0, 0
356700, 844139, 1, 0, 0
356800, 951111, 1, 0, 0
356900, 919608, 1, 0, 0
357000, 860041, 1, 0, 0
357100, 890809, 1, 0, 0
357200, 845592, 1, 0, 0
357300, 903541, 1, 0, 0
357400, 845693, 1, 0, 0
357500, 860271, 1, 0, 0
357600, 882632, 1, 0, 0
357700, 891323, 1, 0, 0
357801, 888320, 1, 0, 0
357902, 881384, 1, 0, 0
358000, 897120, 1, 0, 0
358100, 901920, 1, 0, 0
358200, 958322, 1, 0, 0
358300, 948130, 1, 0, 0
358400, 909408, 1, 0, 0
358500, 862084, 1, 0, 0
358600, 868440, 1, 0, 0
358700, 889370, 1, 0, 0
358800, 840751, 1, 0, 0
358900, 888389, 1, 0, 0
359002, 886871, 1, 0, 0
359100, 913477, 1, 0, 0
359200, 824992, 1, 0, 0
359300, 867699, 1, 0, 0
359400, 867617, 1, 0, 0
359501, 879707, 1, 0, 0
359600, 870344, 1, 0, 0
359700, 882168, 1, 0, 0
359800, 883510, 1, 0, 0
359900, 881190, 1, 0, 0
360000, 924713, 1, 0, 0
360100, 900068, 1, 0, 0
360200, 907982, 1, 0, 0
360300, 881469, 1, 0, 0
360400, 887204, 1, 0, 0
360500, 854178, 1, 0, 0
360600, 869691, 1, 0, 0
360700, 840629, 1, 0, 0
360801, 895156, 1, 0, 0
360900, 893644, 1, 0, 0
361000, 899120, 1, 0, 0
361100, 836401, 1, 0, 0
361200, 870353, 1, 0, 0
361300, 854143, 1, 0, 0
361400, 840986, 1, 0, 0
361500, 869263, 1, 0, 0
361600, 883616, 1, 0, 0
361700, 875871, 1, 0, 0
361800, 838835, 1, 0, 0
361900, 890135, 1, 0, 0
362000, 824908, 1, 0, 0
362100, 852020, 1, 0, 0
362200, 884903, 1, 0, 0
362301, 887775, 1, 0, 0
362400, 877998, 1, 0, 0
362500, 913728, 1, 0, 0
362600, 918400, 1, 0, 0
362700, 899621, 1, 0, 0
362800, 905734, 1, 0, 0
362900, 845624, 1, 0, 0
363001, 855932, 1, 0, 0
363100, 843950, 1, 0, 0
363200, 884620, 1, 0, 0
363300, 867841, 1, 0, 0
363400, 868648, 1, 0, 0
363500, 848861, 1, 0, 0
363600, 900718, 1, 0, 0
363700, 884363, 1, 0, 0
363800, 845625, 1, 0, 0
363900, 897983, 1, 0, 0
364000, 907459, 1, 0, 0
364100, 859983, 1, 0, 0
364200, 875989, 1, 0, 0
364300, 913783, 1, 0, 0
364400, 915734, 1, 0, 0
364500, 897458, 1, 0, 0
364600, 902062, 1, 0, 0
364700, 913272, 1, 0, 0
364800, 864704, 1, 0, 0
364900, 880383, 1, 0, 0
365001, 887458, 1, 0, 0
365100, 920657, 1, 0, 0
365200, 865754, 1, 0, 0
365300, 872085, 1, 0, 0
365400, 880744, 1, 0, 0
365500, 952328, 1, 0, 0
365600, 896258, 1, 0, 0
365700, 888081, 1, 0, 0
365800, 843841, 1, 0, 0
365900, 894558, 1, 0, 0
366000, 825796, 1, 0, 0
366100, 897658, 1, 0, 0
366200, 862544, 1, 0, 0
366300, 884714, 1, 0, 0
366400, 876906, 1, 0, 0
366500, 876541, 1, 0, 0
366600, 886209, 1, 0, 0
366700, 875643, 1, 0, 0
366800, 901881, 1, 0, 0
366900, 892060, 1, 0, 0
367000, 899413, 1, 0, 0
367100, 910403, 1, 0, 0
367200, 874118, 1, 0, 0
367300, 914215, 1, 0, 0
367400, 885292, 1, 0, 0
367500, 926914, 1, 0, 0
367600, 883379, 1, 0, 0
367700, 926211, 1, 0, 0
367800, 849570, 1, 0, 0
367900, 872730, 1, 0, 0
368000, 920721, 1, 0, 0
368100, 872913, 1, 0, 0
368200, 924482, 1, 0, 0
368300, 879083, 1, 0, 0
368400, 897703, 1, 0, 0
368500, 846722, 1, 0, 0
368600, 910180, 1, 0, 0
368700, 882580, 1, 0, 0
368800, 842961, 1, 0, 0
368900, 862315, 1, 0, 0
369000, 860810, 1, 0, 0
369100, 870791, 1, 0, 0
369200, 855216, 1, 0, 0
369301, 896666, 1, 0, 0
369400, 898278, 1, 0, 0
369500, 846130, 1, 0, 0
369601, 873763, 1, 0, 0
369700, 879388, 1, 0, 0
369800, 864277, 1, 0, 0
369900, 846325, 1, 0, 0
370002, 926222, 1, 0, 0
370100, 898081, 1, 0, 0
370200, 866508, 1, 0, 0
370300, 868450, 1, 0, 0
370400, 909881, 1, 0, 0
370500, 962920, 1, 0, 0
370600, 921604, 1, 0, 0
370700, 865002, 1, 0, 0
370800, 931492, 1, 0, 0
370900, 903021, 1, 0, 0
371000, 883165, 1, 0, 0
371100, 879039, 1, 0, 0
371200, 851799, 1, 0, 0
371300, 867546, 1, 0, 0
371400, 858335, 1, 0, 0
371500, 883746, 1, 0, 0
371600, 907166, 1, 0, 0
371701, 932691, 1, 0, 0
371800, 856775, 1, 0, 0
371900, 876068, 1, 0, 0
372000, 870027, 1, 0, 0
372100, 895917, 1, 0, 0
372200, 867228, 1, 0, 0
372300, 921253, 1, 0, 0
372400, 957402, 1, 0, 0
372500, 864630, 1, 0, 0
372600, 921307, 1, 0, 0
372700, 895375, 1, 0, 0
372800, 930633, 1, 0, 0
372900, 866695, 1, 0, 0
373000, 871344, 1, 0, 0
373100, 884855, 1, 0, 0
373200, 909458, 1, 0, 0
373300, 838464, 1, 0, 0
373400, 830846, 1, 0, 0
373500, 849039, 1, 0, 0
373600, 875471, 1, 0, 0
373700, 848364, 1, 0, 0
373800, 838197, 1, 0, 0
373900, 932691, 1, 0, 0
374000, 877726, 1, 0, 0
374100, 812385, 1, 0, 0
374200, 868518, 1, 0, 0
374300, 871171, 1, 0, 0
374400, 898196, 1, 0, 0
374500, 903409, 1, 0, 0
374600, 940327, 1, 0, 0
374700, 861344, 1, 0, 0
374800, 905434, 1, 0, 0
374900, 881338, 1, 0, 0
375003, 926839, 1, 0, 0
375100, 949470, 1, 0, 0
375200, 886717, 1, 0, 0
375300, 901347, 1, 0, 0
375400, 897369, 1, 0, 0
375501, 883576, 1, 0, 0
375600, 895859, 1, 0, 0
375700, 870433, 1, 0, 0
375800, 883578, 1, 0, 0
375900, 869689, 1, 0, 0
376000, 868883, 1, 0, 0
376100, 903933, 1, 0, 0
376200, 888658, 1, 0, 0
376300, 885377, 1, 0, 0
376400, 895711, 1, 0, 0
376500, 876933, 1, 0, 0
376600, 891154, 1, 0, 0
376700, 877289, 1, 0, 0
376800, 895666, 1, 0, 0
376900, 859308, 1, 0, 0
377000, 874050, 1, 0, 0
377100, 873883, 1, 0, 0
377200, 923208, 1, 0, 0
377300, 886250, 1, 0, 0
377400, 919579, 1, 0, 0
377500, 911437, 1, 0, 0
377600, 880676, 1, 0, 0
377700, 929582, 1, 0, 0
377800, 881577, 1, 0, 0
377900, 829880, 1, 0, 0
378000, 864188, 1, 0, 0
378100, 830417, 1, 0, 0
378200, 869272, 1, 0, 0
378300, 849369, 1, 0, 0
378400, 904670, 1, 0, 0
378500, 920577, 1, 0, 0
378600, 854095, 1, 0, 0
378700, 904327, 1, 0, 0
378800, 922960, 1, 0, 0
378900, 907087, 1, 0, 0
379000, 907856, 1, 0, 0
379100, 887045, 1, 0, 0
379200, 908802, 1, 0, 0
379300, 910505, 1, 0, 0
379400, 879523, 1, 0, 0
379500, 853463, 1, 0, 0
379600, 858340, 1, 0, 0
379700, 846078, 1, 0, 0
379800, 859841, 1, 0, 0
379900, 912162, 1, 0, 0
380000, 868923, 1, 0, 0
380100, 902992, 1, 0, 0
380200, 881293, 1, 0, 0
380300, 930024, 1, 0, 0
380400, 893189, 1, 0, 0
380500, 863877, 1, 0, 0
380600, 897369, 1, 0, 0
380700, 911831, 1, 0, 0
380800, 927398, 1, 0, 0
380900, 858099, 1, 0, 0
381000, 907126, 1, 0, 0
381100, 877257, 1, 0, 0
381200, 881871, 1, 0, 0
381301, 926137, 1, 0, 0
381400, 855302, 1, 0, 0
381500, 894121, 1, 0, 0
381600, 862775, 1, 0, 0
381700, 938529, 1, 0, 0
381800, 904173, 1, 0, 0
381900, 904294, 1, 0, 0
382000, 919446, 1, 0, 0
382100, 891157, 1, 0, 0
382200, 872850, 1, 0, 0
382300, 938531, 1, 0, 0
382400, 979815, 1, 0, 0
382500, 870469, 1, 0, 0
382600, 933106, 1, 0, 0
382700, 905576, 1, 0, 0
382800, 920640, 1, 0, 0
382900, 868984, 1, 0, 0
383000, 846210, 1, 0, 0
383100, 871769, 1, 0, 0
383200, 950067, 1, 0, 0
383300, 888723, 1, 0, 0
383400, 916298, 1, 0, 0
383500, 1000874, 1, 0, 0
383600, 944788, 1, 0, 0
383700, 904062, 1, 0, 0
383800, 877540, 1, 0, 0
383900, 923163, 1, 0, 0
384001, 852841, 1, 0, 0
384100, 896739, 1, 0, 0
384200, 847913, 1, 0, 0
384300, 881066, 1, 0, 0
384400, 856589, 1, 0, 0
384500, 876364, 1, 0, 0
384600, 890478, 1, 0, 0
384700, 896994, 1, 0, 0
384800, 863605, 1, 0, 0
384900, 899471, 1, 0, 0
385000, 892684, 1, 0, 0
385100, 917828, 1, 0, 0
385200, 897791, 1, 0, 0
385300, 922498, 1, 0, 0
385400, 899195, 1, 0, 0
385500, 906429, 1, 0, 0
385600, 895109, 1, 0, 0
385700, 991971, 1, 0, 0
385800, 876629, 1, 0, 0
385900, 857751, 1, 0, 0
386000, 886471, 1, 0, 0
386100, 942319, 1, 0, 0
386200, 886236, 1, 0, 0
386300, 929635, 1, 0, 0
386400, 857868, 1, 0, 0
386500, 862065, 1, 0, 0
386601, 916968, 1, 0, 0
386700, 873111, 1, 0, 0
386800, 874286, 1, 0, 0
386900, 860432, 1, 0, 0
387000, 870181, 1, 0, 0
387100, 975231, 1, 0, 0
387200, 894977, 1, 0, 0
387300, 925370, 1, 0, 0
387400, 915385, 1, 0, 0
387500, 860155, 1, 0, 0
387600, 853628, 1, 0, 0
387700, 897457, 1, 0, 0
387800, 893388, 1, 0, 0
387900, 872206, 1, 0, 0
388000, 862376, 1, 0, 0
388100, 887569, 1, 0, 0
388200, 847884, 1, 0, 0
388300, 850644, 1, 0, 0
388400, 863363, 1, 0, 0
388500, 905339, 1, 0, 0
388600, 884169, 1, 0, 0
388700, 872918, 1, 0, 0
388800, 916302, 1, 0, 0
388900, 886612, 1, 0, 0
389000, 894135, 1, 0, 0
389100, 903362, 1, 0, 0
389200, 872235, 1, 0, 0
389300, 898733, 1, 0, 0
389400, 907046, 1, 0, 0
389500, 881191, 1, 0, 0
389600, 932034, 1, 0, 0
389700, 872387, 1, 0, 0
389800, 892184, 1, 0, 0
389902, 893965, 1, 0, 0
390000, 921922, 1, 0, 0
390100, 931586, 1, 0, 0
390200, 910148, 1, 0, 0
390300, 910258, 1, 0, 0
390400, 895395, 1, 0, 0
390500, 921761, 1, 0, 0
390600, 876724, 1, 0, 0
390700, 896730, 1, 0, 0
390800, 932659, 1, 0, 0
390900, 858224, 1, 0, 0
391000, 933286, 1, 0, 0
391100, 927818, 1, 0, 0
391200, 883269, 1, 0, 0
391300, 879359, 1, 0, 0
391400, 920827, 1, 0, 0
391500, 908714, 1, 0, 0
391600, 885435, 1, 0, 0
391700, 880969, 1, 0, 0
391800, 876756, 1, 0, 0
391900, 893128, 1, 0, 0
392000, 902030, 1, 0, 0
392100, 902941, 1, 0, 0
392200, 913037, 1, 0, 0
392300, 883929, 1, 0, 0
392400, 865510, 1, 0, 0
392500, 872849, 1, 0, 0
392600, 923751, 1, 0, 0
392700, 880040, 1, 0, 0
392800, 856869, 1, 0, 0
392900, 879099, 1, 0, 0
393000, 909570, 1, 0, 0
393100, 874742, 1, 0, 0
393200, 870799, 1, 0, 0
393300, 874938, 1, 0, 0
393400, 880458, 1, 0, 0
393500, 896404, 1, 0, 0
393600, 900343, 1, 0, 0
393700, 881459, 1, 0, 0
393800, 929856, 1, 0, 0
393900, 912462, 1, 0, 0
394000, 921246, 1, 0, 0
394100, 888586, 1, 0, 0
394200, 887936, 1, 0, 0
394300, 899655, 1, 0, 0
394400, 870579, 1, 0, 0
394500, 853880, 1, 0, 0
394600, 878403, 1, 0, 0
394700, 873927, 1, 0, 0
394800, 917951, 1, 0, 0
394900, 995034, 1, 0, 0
395000, 930358, 1, 0, 0
395100, 893665, 1, 0, 0
395200, 854602, 1, 0, 0
395300, 914156, 1, 0, 0
395400, 847542, 1, 0, 0
395500, 897422, 1, 0, 0
395600, 861664, 1, 0, 0
395700, 946828, 1, 0, 0
395800, 889757, 1, 0, 0
395900, 915590, 1, 0, 0
396002, 900213, 1, 0, 0
396100, 889505, 1, 0, 0
396200, 870772, 1, 0, 0
396300, 920823, 1, 0, 0
396400, 829055, 1, 0, 0
396500, 888396, 1, 0, 0
396600, 941089, 1, 0, 0
396700, 911018, 1, 0, 0
396800, 982530, 1, 0, 0
396900, 904527, 1, 0, 0
397000, 898719, 1, 0, 0
397100, 847098, 1, 0, 0
397200, 886560, 1, 0, 0
397301, 857097, 1, 0, 0
397400, 917486, 1, 0, 0
397500, 876639, 1, 0, 0
397600, 880274, 1, 0, 0
397700, 875930, 1, 0, 0
397800, 934592, 1, 0, 0
397900, 888853, 1, 0, 0
398000, 876152, 1, 0, 0
398100, 900653, 1, 0, 0
398200, 872890, 1, 0, 0
398301, 925923, 1, 0, 0
398400, 883433, 1, 0, 0
398500, 912414, 1, 0, 0
398600, 885484, 1, 0, 0
398700, 900573, 1, 0, 0
398800, 876739, 1, 0, 0
398901, 880090, 1, 0, 0
399000, 858804, 1, 0, 0
399100, 894740, 1, 0, 0
399200, 893595, 1, 0, 0
399300, 935405, 1, 0, 0
399400, 889646, 1, 0, 0
399500, 941731, 1, 0, 0
399600, 883057, 1, 0, 0
399700, 902766, 1, 0, 0
399801, 850436, 1, 0, 0
399900, 888136, 1, 0, 0
400000, 867397, 1, 0, 0
400100, 930752, 1, 0, 0
400200, 892493, 1, 0, 0
400300, 847692, 1, 0, 0
400400, 884968, 1, 0, 0
400500, 894454, 1, 0, 0
400600, 900757, 1, 0, 0
400700, 855061, 1, 0, 0
400800, 899146, 1, 0, 0
400900, 868261, 1, 0, 0
401000, 886702, 1, 0, 0
401100, 870712, 1, 0, 0
401200, 891215, 1, 0, 0
401300, 849037, 1, 0, 0
401400, 848120, 1, 0, 0
401500, 854783, 1, 0, 0
401600, 848966, 1, 0, 0
401700, 881799, 1, 0, 0
401800, 877053, 1, 0, 0
401900, 847116, 1, 0, 0
402000, 888751, 1, 0, 0
402100, 912751, 1, 0, 0
402200, 858132, 1, 0, 0
402300, 904655, 1, 0, 0
402400, 866698, 1, 0, 0
402500, 898105, 1, 0, 0
402600, 868097, 1, 0, 0
402700, 845491, 1, 0, 0
402800, 907586, 1, 0, 0
402900, 884412, 1, 0, 0
403000, 874830, 1, 0, 0
403100, 879046, 1, 0, 0
403200, 946648, 1, 0, 0
403300, 880829, 1, 0, 0
403400, 851051, 1, 0, 0
403500, 920889, 1, 0, 0
403600, 875244, 1, 0, 0
403700, 897572, 1, 0, 0
403800, 862134, 1, 0, 0
403900, 909809, 1, 0, 0
404000, 906767, 1, 0, 0
404100, 869502, 1, 0, 0
404200, 866834, 1, 0, 0
404300, 873747, 1, 0, 0
404400, 903193, 1, 0, 0
404500, 918383, 1, 0, 0
404600, 908300, 1, 0, 0
404700, 915660, 1, 0, 0
404800, 888229, 1, 0, 0
404900, 885732, 1, 0, 0
405000, 889106, 1, 0, 0
405100, 858599, 1, 0, 0
405200, 907560, 1, 0, 0
405300, 879747, 1, 0, 0
405400, 914085, 1, 0, 0
405500, 943127, 1, 0, 0
405600, 858482, 1, 0, 0
405700, 894857, 1, 0, 0
405800, 891195, 1, 0, 0
405900, 879678, 1, 0, 0
406000, 906161, 1, 0, 0
406100, 920643, 1, 0, 0
406200, 881926, 1, 0, 0
406300, 942587, 1, 0, 0
406400, 895805, 1, 0, 0
406500, 885650, 1, 0, 0
406600, 958715, 1, 0, 0
406700, 896907, 1, 0, 0
406800, 928014, 1, 0, 0
406900, 927940, 1, 0, 0
407000, 890018, 1, 0, 0
407100, 890491, 1, 0, 0
407200, 892284, 1, 0, 0
407300, 869285, 1, 0, 0
407400, 896335, 1, 0, 0
407500, 938796, 1, 0, 0
407600, 977400, 1, 0, 0
407700, 893647, 1, 0, 0
407800, 898721, 1, 0, 0
407900, 880238, 1, 0, 0
408001, 925183, 1, 0, 0
408100, 893483, 1, 0, 0
408200, 874450, 1, 0, 0
408301, 907450, 1, 0, 0
408400, 885713, 1, 0, 0
408500, 914757, 1, 0, 0
408600, 898018, 1, 0, 0
408700, 879723, 1, 0, 0
408800, 876375, 1, 0, 0
408900, 912308, 1, 0, 0
409000, 881992, 1, 0, 0
409100, 860389, 1, 0, 0
409200, 885813, 1, 0, 0
409300, 906329, 1, 0, 0
409400, 889443, 1, 0, 0
409500, 936242, 1, 0, 0
409600, 973068, 1, 0, 0
409700, 908360, 1, 0, 0
409800, 936047, 1, 0, 0
409900, 873484, 1, 0, 0
410000, 866723, 1, 0, 0
410100, 875286, 1, 0, 0
410200, 918322, 1, 0, 0
410300, 882052, 1, 0, 0
410400, 875396, 1, 0, 0
410500, 895229, 1, 0, 0
410600, 901652, 1, 0, 0
410700, 903819, 1, 0, 0
410800, 884438, 1, 0, 0
410902, 929367, 1, 0, 0
411000, 887794, 1, 0, 0
411100, 905047, 1, 0, 0
411200, 891208, 1, 0, 0
411300, 897316, 1, 0, 0
411400, 886789, 1, 0, 0
411500, 904033, 1, 0, 0
411600, 845362, 1, 0, 0
411700, 873791, 1, 0, 0
411800, 896387, 1, 0, 0
411900, 853326, 1, 0, 0
412001, 864450, 1, 0, 0
412100, 903310, 1, 0, 0
412200, 877708, 1, 0, 0
412300, 873598, 1, 0, 0
412400, 924204, 1, 0, 0
412500, 907636, 1, 0, 0
412600, 890681, 1, 0, 0
412700, 908355, 1, 0, 0
412800, 906707, 1, 0, 0
412901, 900120, 1, 0, 0
413000, 911005, 1, 0, 0
413100, 897010, 1, 0, 0
413200, 891019, 1, 0, 0
413300, 966749, 1, 0, 0
413400, 917682, 1, 0, 0
413500, 892248, 1, 0, 0
413600, 955993, 1, 0, 0
413700, 911708, 1, 0, 0
413800, 937894, 1, 0, 0
413900, 885796, 1, 0, 0
414000, 931537, 1, 0, 0
414100, 855656, 1, 0, 0
414200, 926975, 1, 0, 0
414300, 902421, 1, 0, 0
414401, 900508, 1, 0, 0
414500, 933357, 1, 0, 0
414600, 957452, 1, 0, 0
414700, 958263, 1, 0, 0
414800, 1004160, 1, 0, 0
414900, 883850, 1, 0, 0
415001, 896205, 1, 0, 0
415100, 934677, 1, 0, 0
415200, 923501, 1, 0, 0
415300, 919189, 1, 0, 0
415400, 946023, 1, 0, 0
415500, 917762, 1, 0, 0
415600, 934841, 1, 0, 0
415700, 938856, 1, 0, 0
415800, 918986, 1, 0, 0
415900, 894783, 1, 0, 0
416000, 904426, 1, 0, 0
416100, 875467, 1, 0, 0
416200, 868571, 1, 0, 0
416300, 938493, 1, 0, 0
416400, 844038, 1, 0, 0
416500, 990677, 1, 0, 0
416600, 871481, 1, 0, 0
416700, 905300, 1, 0, 0
416800, 958421, 1, 0, 0
416900, 979185, 1, 0, 0
417000, 873931, 1, 0, 0
417100, 924560, 1, 0, 0
417200, 918165, 1, 0, 0
417300, 910991, 1, 0, 0
417400, 882736, 1, 0, 0
417500, 889244, 1, 0, 0
417600, 945175, 1, 0, 0
417700, 882906, 1, 0, 0
417800, 963088, 1, 0, 0
417900, 959904, 1, 0, 0
418000, 932335, 1, 0, 0
418100, 880742, 1, 0, 0
418200, 897883, 1, 0, 0
418300, 913198, 1, 0, 0
418400, 875708, 1, 0, 0
418500, 903523, 1, 0, 0
418600, 883967, 1, 0, 0
418700, 911228, 1, 0, 0
418800, 855693, 1, 0, 0
418900, 893731, 1, 0, 0
419000, 981057, 1, 0, 0
419100, 929133, 1, 0, 0
419200, 897557, 1, 0, 0
419300, 1010156, 1, 0, 0
419401, 981725, 1, 0, 0
419500, 902549, 1, 0, 0
419600, 904893, 1, 0, 0
419701, 917833, 1, 0, 0
419800, 925308, 1, 0, 0
419900, 889004, 1, 0, 0
420000, 859778, 1, 0, 0
420100, 894121, 1, 0, 0
420200, 927954, 1, 0, 0
420300, 905851, 1, 0, 0
420400, 914196, 1, 0, 0
420500, 942097, 1, 0, 0
420600, 910733, 1, 0, 0
420700, 882597, 1, 0, 0
420800, 929752, 1, 0, 0
420900, 835338, 1, 0, 0
421000, 903037, 1, 0, 0
421100, 953939, 1, 0, 0
421200, 912799, 1, 0, 0
421300, 902209, 1, 0, 0
421400, 910413, 1, 0, 0
421500, 935158, 1, 0, 0
421600, 897156, 1, 0, 0
421700, 949499, 1, 0, 0
421800, 889743, 1, 0, 0
421900, 901613, 1, 0, 0
422000, 910890, 1, 0, 0
422100, 856864, 1, 0, 0
422200, 916521, 1, 0, 0
422300, 886151, 1, 0, 0
422400, 885274, 1, 0, 0
422500, 996279, 1, 0, 0
422600, 894098, 1, 0, 0
422700, 932970, 1, 0, 0
422800, 893573, 1, 0, 0
422900, 923373, 1, 0, 0
423000, 908007, 1, 0, 0
423100, 918891, 1, 0, 0
423200, 894716, 1, 0, 0
423300, 885762, 1, 0, 0
423400, 1022464, 1, 0, 0
423500, 998102, 1, 0, 0
423600, 942803, 1, 0, 0
423700, 908296, 1, 0, 0
423800, 876919, 1, 0, 0
423900, 913615, 1, 0, 0
424000, 924368, 1, 0, 0
424100, 881851, 1, 0, 0
424200, 986032, 1, 0, 0
424300, 899588, 1, 0, 0
424400, 869717, 1, 0, 0
424500, 910847, 1, 0, 0
424600, 886310, 1, 0, 0
424700, 927801, 1, 0, 0
424800, 955251, 1, 0, 0
424900, 924091, 1, 0, 0
425000, 887683, 1, 0, 0
425100, 895693, 1, 0, 0
425200, 918016, 1, 0, 0
425300, 854469, 1, 0, 0
425400, 949506, 1, 0, 0
425500, 918398, 1, 0, 0
425600, 876592, 1, 0, 0
425700, 924921, 1, 0, 0
425800, 926207, 1, 0, 0
425900, 932318, 1, 0, 0
426000, 862290, 1, 0, 0
426100, 949701, 1, 0, 0
426200, 943827, 1, 0, 0
426300, 863266, 1, 0, 0
426400, 841592, 1, 0, 0
426500, 926950, 1, 0, 0
426600, 882609, 1, 0, 0
426700, 916819, 1, 0, 0
426800, 877501, 1, 0, 0
426900, 884621, 1, 0, 0
427000, 912654, 1, 0, 0
427100, 918116, 1, 0, 0
427200, 912258, 1, 0, 0
427300, 833326, 1, 0, 0
427400, 877525, 1, 0, 0
427500, 995971, 1, 0, 0
427600, 949244, 1, 0, 0
427700, 916570, 1, 0, 0
427800, 912968, 1, 0, 0
427900, 910669, 1, 0, 0
428000, 924697, 1, 0, 0
428101, 921817, 1, 0, 0
428200, 897797, 1, 0, 0
428300, 917535, 1, 0, 0
428400, 858229, 1, 0, 0
428500, 901536, 1, 0, 0
428600, 877493, 1, 0, 0
428700, 882249, 1, 0, 0
428800, 935268, 1, 0, 0
428901, 964945, 1, 0, 0
429000, 874001, 1, 0, 0
429100, 865317, 1, 0, 0
429202, 950959, 1, 0, 0
429300, 897597, 1, 0, 0
429400, 878844, 1, 0, 0
429500, 912325, 1, 0, 0
429600, 883387, 1, 0, 0
429701, 922273, 1, 0, 0
429800, 908259, 1, 0, 0
429900, 903622, 1, 0, 0
430000, 942901, 1, 0, 0
430100, 904429, 1, 0, 0
430200, 881281, 1, 0, 0
430300, 928862, 1, 0, 0
430400, 881977, 1, 0, 0
430500, 922570, 1, 0, 0
430600, 931258, 1, 0, 0
430701, 893158, 1, 0, 0
430801, 947975, 1, 0, 0
430900, 917933, 1, 0, 0
431000, 905112, 1, 0, 0
431100, 901056, 1, 0, 0
431200, 928956, 1, 0, 0
431300, 947193, 1, 0, 0
431400, 950683, 1, 0, 0
431500, 910597, 1, 0, 0
431600, 849554, 1, 0, 0
431700, 931475, 1, 0, 0
431800, 895033, 1, 0, 0
431900, 889312, 1, 0, 0
432000, 887342, 1, 0, 0
432100, 897883, 1, 0, 0
432200, 923882, 1, 0, 0
432300, 957001, 1, 0, 0
432400, 884482, 1, 0, 0
432500, 863868, 1, 0, 0
432600, 936273, 1, 0, 0
432700, 907079, 1, 0, 0
432800, 891806, 1, 0, 0
432900, 922503, 1, 0, 0
433000, 843540, 1, 0, 0
433100, 909246, 1, 0, 0
433200, 909798, 1, 0, 0
433300, 958246, 1, 0, 0
433400, 947306, 1, 0, 0
433500, 846847, 1, 0, 0
433600, 934933, 1, 0, 0
433700, 937082, 1, 0, 0
433800, 903271, 1, 0, 0
433900, 890821, 1, 0, 0
434000, 930454, 1, 0, 0
434100, 875925, 1, 0, 0
434200, 890865, 1, 0, 0
434300, 935812, 1, 0, 0
434400, 883206, 1, 0, 0
434500, 880853, 1, 0, 0
434600, 880844, 1, 0, 0
434700, 992747, 1, 0, 0
434800, 966138, 1, 0, 0
434900, 938756, 1, 0, 0
435000, 886489, 1, 0, 0
435100, 871725, 1, 0, 0
435201, 899630, 1, 0, 0
435300, 1039240, 1, 0, 0
435400, 888465, 1, 0, 0
435500, 898466, 1, 0, 0
435600, 883557, 1, 0, 0
435700, 861254, 1, 0, 0
435800, 893699, 1, 0, 0
435900, 909273, 1, 0, 0
436000, 904863, 1, 0, 0
436100, 887323, 1, 0, 0
436200, 941805, 1, 0, 0
436300, 945742, 1, 0, 0
436400, 876704, 1, 0, 0
436500, 942727, 1, 0, 0
436600, 884118, 1, 0, 0
436700, 893259, 1, 0, 0
436800, 867820, 1, 0, 0
436900, 884417, 1, 0, 0
437000, 860353, 1, 0, 0
437100, 908507, 1, 0, 0
437200, 889901, 1, 0, 0
437300, 925492, 1, 0, 0
437400, 886877, 1, 0, 0
437500, 894146, 1, 0, 0
437600, 871518, 1, 0, 0
437700, 889907, 1, 0, 0
437800, 888657, 1, 0, 0
437900, 898604, 1, 0, 0
438000, 912157, 1, 0, 0
438100, 932924, 1, 0, 0
438200, 918244, 1, 0, 0
438300, 887742, 1, 0, 0
438400, 916032, 1, 0, 0
438500, 896163, 1, 0, 0
438600, 994384, 1, 0, 0
438700, 920153, 1, 0, 0
438800, 910593, 1, 0, 0
438900, 930802, 1, 0, 0
439000, 890058, 1, 0, 0
439100, 908269, 1, 0, 0
439200, 974063, 1, 0, 0
439300, 921627, 1, 0, 0
439400, 888522, 1, 0, 0
439500, 943219, 1, 0, 0
439600, 949565, 1, 0, 0
439700, 1010441, 1, 0, 0
439800, 983287, 1, 0, 0
439900, 887575, 1, 0, 0
440000, 932012, 1, 0, 0
440100, 906697, 1, 0, 0
440200, 884164, 1, 0, 0
440301, 901800, 1, 0, 0
440400, 901866, 1, 0, 0
440500, 889479, 1, 0, 0
440600, 922224, 1, 0, 0
440700, 959625, 1, 0, 0
440800, 969039, 1, 0, 0
440900, 916569, 1, 0, 0
441000, 934076, 1, 0, 0
441100, 951356, 1, 0, 0
441200, 986630, 1, 0, 0
441300, 992458, 1, 0, 0
441400, 960103, 1, 0, 0
441500, 900684, 1, 0, 0
441600, 916210, 1, 0, 0
441700, 898814, 1, 0, 0
441800, 954768, 1, 0, 0
441900, 880445, 1, 0, 0
442000, 934216, 1, 0, 0
442100, 956649, 1, 0, 0
442200, 969756, 1, 0, 0
442300, 890196, 1, 0, 0
442400, 940248, 1, 0, 0
442500, 988692, 1, 0, 0
442600, 970127, 1, 0, 0
442700, 894991, 1, 0, 0
442800, 947868, 1, 0, 0
442900, 919309, 1, 0, 0
443000, 957870, 1, 0, 0
443100, 907366, 1, 0, 0
443200, 925584, 1, 0, 0
443300, 947121, 1, 0, 0
443400, 878098, 1, 0, 0
443500, 1001772, 1, 0, 0
443600, 1015054, 1, 0, 0
443700, 922612, 1, 0, 0
443800, 926097, 1, 0, 0
443900, 936501, 1, 0, 0
444000, 902768, 1, 0, 0
444100, 898692, 1, 0, 0
444200, 950924, 1, 0, 0
444300, 959600, 1, 0, 0
444400, 916207, 1, 0, 0
444500, 886915, 1, 0, 0
444600, 906812, 1, 0, 0
444700, 926965, 1, 0, 0
444800, 921783, 1, 0, 0
444900, 883797, 1, 0, 0
445000, 970010, 1, 0, 0
445100, 927088, 1, 0, 0
445200, 886424, 1, 0, 0
445300, 922771, 1, 0, 0
445400, 940653, 1, 0, 0
445500, 916782, 1, 0, 0
445600, 925234, 1, 0, 0
445700, 966744, 1, 0, 0
445801, 901822, 1, 0, 0
445900, 896409, 1, 0, 0
446000, 927499, 1, 0, 0
446100, 905630, 1, 0, 0
446200, 893727, 1, 0, 0
446300, 886634, 1, 0, 0
446401, 953727, 1, 0, 0
446500, 1044443, 1, 0, 0
446600, 962435, 1, 0, 0
446700, 935949, 1, 0, 0
446800, 907378, 1, 0, 0
446900, 934020, 1, 0, 0
447000, 964913, 1, 0, 0
447100, 933741, 1, 0, 0
447200, 976699, 1, 0, 0
447300, 928912, 1, 0, 0
447400, 890468, 1, 0, 0
447500, 871352, 1, 0, 0
447600, 944142, 1, 0, 0
447700, 960195, 1, 0, 0
447800, 959974, 1, 0, 0
447900, 944115, 1, 0, 0
448000, 938787, 1, 0, 0
448100, 932787, 1, 0, 0
448200, 919625, 1, 0, 0
448300, 904640, 1, 0, 0
448400, 956633, 1, 0, 0
448500, 944890, 1, 0, 0
448600, 958406, 1, 0, 0
448700, 971397, 1, 0, 0
448800, 949540, 1, 0, 0
448900, 897891, 1, 0, 0
449000, 902857, 1, 0, 0
449101, 898482, 1, 0, 0
449200, 944371, 1, 0, 0
449300, 919858, 1, 0, 0
449400, 926094, 1, 0, 0
449500, 907650, 1, 0, 0
449600, 892160, 1, 0, 0
449700, 902405, 1, 0, 0
449800, 929724, 1, 0, 0
449900, 924699, 1, 0, 0
450001, 917941, 1, 0, 0
450100, 907950, 1, 0, 0
450200, 939857, 1, 0, 0
450300, 915117, 1, 0, 0
450400, 925334, 1, 0, 0
450500, 875749, 1, 0, 0
450600, 885778, 1, 0, 0
450702, 940338, 1, 0, 0
450800, 893752, 1, 0, 0
450900, 901028, 1, 0, 0
451001, 966757, 1, 0, 0
451100, 962659, 1, 0, 0
451200, 885039, 1, 0, 0
451300, 862318, 1, 0, 0
451400, 932336, 1, 0, 0
451502, 897410, 1, 0, 0
451600, 891868, 1, 0, 0
451700, 894293, 1, 0, 0
451800, 903758, 1, 0, 0
451900, 896057, 1, 0, 0
452000, 885595, 1, 0, 0
452100, 906678, 1, 0, 0
452200, 927546, 1, 0, 0
452300, 973293, 1, 0, 0
452400, 901876, 1, 0, 0
452500, 980805, 1, 0, 0
452600, 953874, 1, 0, 0
452700, 917443, 1, 0, 0
452800, 931318, 1, 0, 0
452900, 863724, 1, 0, 0
453000, 935372, 1, 0, 0
453100, 944029, 1, 0, 0
453202, 962740, 1, 0, 0
453300, 976144, 1, 0, 0
453400, 918114, 1, 0, 0
453500, 943259, 1, 0, 0
453600, 874843, 1, 0, 0
453700, 930639, 1, 0, 0
453800, 896513, 1, 0, 0
453900, 939401, 1, 0, 0
454000, 896873, 1, 0, 0
454100, 976491, 1, 0, 0
454200, 915761, 1, 0, 0
454300, 942579, 1, 0, 0
454401, 944289, 1, 0, 0
454500, 907936, 1, 0, 0
454600, 954199, 1, 0, 0
454700, 953394, 1, 0, 0
454800, 916599, 1, 0, 0
454900, 914661, 1, 0, 0
455000, 941021, 1, 0, 0
455100, 878659, 1, 0, 0
455200, 902984, 1, 0, 0
455300, 904137, 1, 0, 0
455400, 921747, 1, 0, 0
455500, 907856, 1, 0, 0
455600, 941030, 1, 0, 0
455700, 922617, 1, 0, 0
455800, 923657, 1, 0, 0
455900, 930201, 1, 0, 0
456000, 888676, 1, 0, 0
456100, 895982, 1, 0, 0
456200, 894323, 1, 0, 0
456300, 850162, 1, 0, 0
456401, 872694, 1, 0, 0
456500, 901126, 1, 0, 0
456600, 911617, 1, 0, 0
456700, 895747, 1, 0, 0
456801, 926687, 1, 0, 0
456900, 899006, 1, 0, 0
457001, 947466, 1, 0, 0
457100, 912470, 1, 0, 0
457200, 920039, 1, 0, 0
457300, 888937, 1, 0, 0
457400, 900069, 1, 0, 0
457500, 895462, 1, 0, 0
457600, 919829, 1, 0, 0
457700, 915988, 1, 0, 0
457800, 915473, 1, 0, 0
457900, 934289, 1, 0, 0
458001, 917122, 1, 0, 0
458100, 941566, 1, 0, 0
458200, 997830, 1, 0, 0
458300, 869867, 1, 0, 0
458400, 890013, 1, 0, 0
458500, 934199, 1, 0, 0
458600, 889636, 1, 0, 0
458700, 978085, 1, 0, 0
458800, 918276, 1, 0, 0
458900, 959871, 1, 0, 0
459000, 920662, 1, 0, 0
459100, 909432, 1, 0, 0
459200, 929081, 1, 0, 0
459301, 916719, 1, 0, 0
459400, 955039, 1, 0, 0
459500, 930796, 1, 0, 0
459600, 965010, 1, 0, 0
459700, 929000, 1, 0, 0
459800, 984022, 1, 0, 0
459900, 925479, 1, 0, 0
460000, 952692, 1, 0, 0
460100, 947898, 1, 0, 0
460200, 934973, 1, 0, 0
460300, 933478, 1, 0, 0
460400, 974335, 1, 0, 0
460500, 908100, 1, 0, 0
460600, 915150, 1, 0, 0
460700, 910133, 1, 0, 0
460800, 885199, 1, 0, 0
460900, 925625, 1, 0, 0
461000, 930404, 1, 0, 0
461100, 927336, 1, 0, 0
461200, 866467, 1, 0, 0
461300, 931562, 1, 0, 0
461400, 876797, 1, 0, 0
461500, 921838, 1, 0, 0
461600, 935125, 1, 0, 0
461700, 918945, 1, 0, 0
461800, 891502, 1, 0, 0
461900, 898549, 1, 0, 0
462000, 943486, 1, 0, 0
462101, 888637, 1, 0, 0
462200, 861552, 1, 0, 0
462300, 897790, 1, 0, 0
462400, 886732, 1, 0, 0
462500, 889096, 1, 0, 0
462600, 864186, 1, 0, 0
462702, 932295, 1, 0, 0
462800, 883960, 1, 0, 0
462900, 903539, 1, 0, 0
463000, 931974, 1, 0, 0
463100, 892253, 1, 0, 0
463200, 925693, 1, 0, 0
463300, 879926, 1, 0, 0
463400, 905530, 1, 0, 0
463500, 934803, 1, 0, 0
463600, 867910, 1, 0, 0
463700, 901425, 1, 0, 0
463800, 892545, 1, 0, 0
463900, 935099, 1, 0, 0
464000, 883873, 1, 0, 0
464100, 898103, 1, 0, 0
464200, 878212, 1, 0, 0
464300, 875962, 1, 0, 0
464400, 891268, 1, 0, 0
464500, 904999, 1, 0, 0
464600, 895218, 1, 0, 0
464700, 868607, 1, 0, 0
464800, 880065, 1, 0, 0
464900, 913769, 1, 0, 0
465000, 860550, 1, 0, 0
465100, 888397, 1, 0, 0
465200, 885378, 1, 0, 0
465300, 859264, 1, 0, 0
465400, 866697, 1, 0, 0
465500, 879721, 1, 0, 0
465600, 916722, 1, 0, 0
465700, 839148, 1, 0, 0
465800, 868328, 1, 0, 0
465900, 849153, 1, 0, 0
466000, 913744, 1, 0, 0
466100, 908270, 1, 0, 0
466200, 890671, 1, 0, 0
466300, 907886, 1, 0, 0
466400, 913424, 1, 0, 0
466500, 829904, 1, 0, 0
466600, 894216, 1, 0, 0
466701, 954353, 1, 0, 0
466800, 827742, 1, 0, 0
466900, 855233, 1, 0, 0
467001, 892387, 1, 0, 0
467100, 929956, 1, 0, 0
467200, 898211, 1, 0, 0
467300, 896015, 1, 0, 0
467400, 934950, 1, 0, 0
467500, 893412, 1, 0, 0
467600, 880070, 1, 0, 0
467700, 914285, 1, 0, 0
467800, 899578, 1, 0, 0
467900, 947699, 1, 0, 0
468000, 850056, 1, 0, 0
468100, 948374, 1, 0, 0
468200, 901841, 1, 0, 0
468300, 892696, 1, 0, 0
468400, 928074, 1, 0, 0
468500, 921692, 1, 0, 0
468600, 922520, 1, 0, 0
468700, 922509, 1, 0, 0
468800, 882763, 1, 0, 0
468900, 903979, 1, 0, 0
469000, 896812, 1, 0, 0
469100, 919358, 1, 0, 0
469200, 893387, 1, 0, 0
469300, 920583, 1, 0, 0
469400, 908695, 1, 0, 0
469500, 870300, 1, 0, 0
469600, 894008, 1, 0, 0
469700, 913475, 1, 0, 0
469800, 932427, 1, 0, 0
469900, 906942, 1, 0, 0
470000, 884901, 1, 0, 0
470100, 913333, 1, 0, 0
470200, 883528, 1, 0, 0
470300, 887914, 1, 0, 0
470401, 883997, 1, 0, 0
470500, 908412, 1, 0, 0
470600, 875653, 1, 0, 0
470703, 892935, 1, 0, 0
470800, 880913, 1, 0, 0
470900, 905082, 1, 0, 0
471000, 859889, 1, 0, 0
471100, 938409, 1, 0, 0
471200, 928981, 1, 0, 0
471300, 870481, 1, 0, 0
471400, 920530, 1, 0, 0
471500, 914780, 1, 0, 0
471600, 910898, 1, 0, 0
471701, 890344, 1, 0, 0
471800, 906762, 1, 0, 0
471900, 976230, 1, 0, 0
472000, 931301, 1, 0, 0
472100, 923023, 1, 0, 0
472200, 916669, 1, 0, 0
472300, 877197, 1, 0, 0
472400, 957796, 1, 0, 0
472500, 947149, 1, 0, 0
472600, 951791, 1, 0, 0
472700, 918166, 1, 0, 0
472800, 924608, 1, 0, 0
472900, 948920, 1, 0, 0
473000, 935240, 1, 0, 0
473101, 946553, 1, 0, 0
473200, 961831, 1, 0, 0
473301, 934796, 1, 0, 0
473401, 1003994, 1, 0, 0
473500, 994030, 1, 0, 0
473600, 987095, 1, 0, 0
473700, 930785, 1, 0, 0
473800, 932542, 1, 0, 0
473900, 928599, 1, 0, 0
474000, 900870, 1, 0, 0
474100, 882529, 1, 0, 0
474200, 918904, 1, 0, 0
474300, 934770, 1, 0, 0
474400, 892969, 1, 0, 0
474500, 887124, 1, 0, 0
474600, 932364, 1, 0, 0
474700, 899915, 1, 0, 0
474800, 923397, 1, 0, 0
474900, 965375, 1, 0, 0
475000, 912339, 1, 0, 0
475100, 888339, 1, 0, 0
475200, 912803, 1, 0, 0
475300, 979991, 1, 0, 0
475400, 946294, 1, 0, 0
475500, 882518, 1, 0, 0
475600, 934397, 1, 0, 0
475700, 918348, 1, 0, 0
475800, 913636, 1, 0, 0
475901, 911626, 1, 0, 0
476000, 923629, 1, 0, 0
476101, 887462, 1, 0, 0
476200, 885745, 1, 0, 0
476300, 904216, 1, 0, 0
476400, 962566, 1, 0, 0
476500, 953959, 1, 0, 0
476600, 1004133, 1, 0, 0
476700, 969018, 1, 0, 0
476800, 976084, 1, 0, 0
476900, 890146, 1, 0, 0
477000, 942109, 1, 0, 0
477100, 911270, 1, 0, 0
477201, 940948, 1, 0, 0
477300, 967022, 1, 0, 0
477401, 912842, 1, 0, 0
477500, 961327, 1, 0, 0
477600, 911132, 1, 0, 0
477700, 879299, 1, 0, 0
477800, 964655, 1, 0, 0
477900, 966740, 1, 0, 0
478000, 871592, 1, 0, 0
478100, 932310, 1, 0, 0
478200, 907909, 1, 0, 0
478301, 887951, 1, 0, 0
478400, 913795, 1, 0, 0
478500, 994662, 1, 0, 0
478600, 904766, 1, 0, 0
478700, 928087, 1, 0, 0
478801, 984822, 1, 0, 0
478900, 920724, 1, 0, 0
479000, 890265, 1, 0, 0
479100, 954882, 1, 0, 0
479200, 910782, 1, 0, 0
479300, 932724, 1, 0, 0
479400, 920688, 1, 0, 0
479500, 860160, 1, 0, 0
479600, 889366, 1, 0, 0
479700, 917732, 1, 0, 0
479800, 879897, 1, 0, 0
479900, 901202, 1, 0, 0
480000, 895684, 1, 0, 0
480100, 862058, 1, 0, 0
480200, 863310, 1, 0, 0
480300, 882419, 1, 0, 0
480400, 909574, 1, 0, 0
480500, 841645, 1, 0, 0
480600, 884662, 1, 0, 0
480700, 955930, 1, 0, 0
480800, 1017326, 1, 0, 0
480900, 908687, 1, 0, 0
481000, 976660, 1, 0, 0
481100, 876682, 1, 0, 0
481200, 906200, 1, 0, 0
481300, 916710, 1, 0, 0
481400, 905306, 1, 0, 0
481500, 919520, 1, 0, 0
481600, 887388, 1, 0, 0
481700, 926038, 1, 0, 0
481801, 977842, 1, 0, 0
481900, 945040, 1, 0, 0
482000, 887468, 1, 0, 0
482100, 937088, 1, 0, 0
482200, 923273, 1, 0, 0
482302, 893733, 1, 0, 0
482400, 914805, 1, 0, 0
482500, 974035, 1, 0, 0
482600, 950152, 1, 0, 0
482700, 885064, 1, 0, 0
482800, 915936, 1, 0, 0
482900, 881421, 1, 0, 0
483000, 897704, 1, 0, 0
483100, 913204, 1, 0, 0
483200, 920196, 1, 0, 0
483300, 848084, 1, 0, 0
483400, 892854, 1, 0, 0
483500, 979820, 1, 0, 0
483600, 966912, 1, 0, 0
483700, 883659, 1, 0, 0
483800, 910186, 1, 0, 0
483900, 919320, 1, 0, 0
484000, 908392, 1, 0, 0
484100, 951547, 1, 0, 0
484200, 867552, 1, 0, 0
484300, 910652, 1, 0, 0
484400, 923689, 1, 0, 0
484500, 914695, 1, 0, 0
484600, 888575, 1, 0, 0
484700, 850042, 1, 0, 0
484800, 920737, 1, 0, 0
484900, 867304, 1, 0, 0
485001, 862566, 1, 0, 0
485100, 914437, 1, 0, 0
485200, 936054, 1, 0, 0
485300, 922041, 1, 0, 0
485400, 841057, 1, 0, 0
485500, 886598, 1, 0, 0
485600, 926661, 1, 0, 0
485700, 911465, 1, 0, 0
485800, 923384, 1, 0, 0
485900, 980831, 1, 0, 0
486000, 866744, 1, 0, 0
486100, 885326, 1, 0, 0
486200, 960390, 1, 0, 0
486300, 940885, 1, 0, 0
486400, 892435, 1, 0, 0
486500, 906088, 1, 0, 0
486600, 942350, 1, 0, 0
486700, 882086, 1, 0, 0
486800, 857154, 1, 0, 0
486900, 932709, 1, 0, 0
487000, 926031, 1, 0, 0
487100, 914453, 1, 0, 0
487200, 919078, 1, 0, 0
487300, 920484, 1, 0, 0
487400, 855865, 1, 0, 0
487500, 897782, 1, 0, 0
487600, 926101, 1, 0, 0
487700, 894298, 1, 0, 0
487800, 942747, 1, 0, 0
487900, 939399, 1, 0, 0
488001, 914743, 1, 0, 0
488100, 901612, 1, 0, 0
488200, 908616, 1, 0, 0
488300, 904273, 1, 0, 0
488400, 993893, 1, 0, 0
488500, 921010, 1, 0, 0
488600, 883682, 1, 0, 0
488700, 927657, 1, 0, 0
488800, 913458, 1, 0, 0
488900, 952948, 1, 0, 0
489001, 942783, 1, 0, 0
489100, 896506, 1, 0, 0
489200, 923765, 1, 0, 0
489300, 937520, 1, 0, 0
489400, 940325, 1, 0, 0
489500, 926962, 1, 0, 0
489600, 894103, 1, 0, 0
489700, 906343, 1, 0, 0
489800, 908910, 1, 0, 0
489900, 876936, 1, 0, 0
490000, 918616, 1, 0, 0
490100, 917947, 1, 0, 0
490200, 861278, 1, 0, 0
490300, 862950, 1, 0, 0
490400, 886037, 1, 0, 0
490500, 986084, 1, 0, 0
490600, 899424, 1, 0, 0
490700, 908757, 1, 0, 0
490804, 953895, 1, 0, 0
490900, 889420, 1, 0, 0
491000, 903938, 1, 0, 0
491101, 900602, 1, 0, 0
491200, 948148, 1, 0, 0
491300, 905079, 1, 0, 0
491401, 915899, 1, 0, 0
491500, 991572, 1, 0, 0
491600, 867301, 1, 0, 0
491700, 911783, 1, 0, 0
491800, 918984, 1, 0, 0
491900, 870804, 1, 0, 0
492000, 931137, 1, 0, 0
492100, 894820, 1, 0, 0
492200, 890763, 1, 0, 0
492300, 864053, 1, 0, 0
492400, 920048, 1, 0, 0
492500, 947652, 1, 0, 0
492600, 887267, 1, 0, 0
492700, 880579, 1, 0, 0
492800, 879944, 1, 0, 0
492900, 902500, 1, 0, 0
493000, 844253, 1, 0, 0
493100, 876142, 1, 0, 0
493200, 888423, 1, 0, 0
493300, 917237, 1, 0, 0
493400, 861816, 1, 0, 0
493500, 856731, 1, 0, 0
493600, 888477, 1, 0, 0
493700, 923527, 1, 0, 0
493800, 881764, 1, 0, 0
493900, 899067, 1, 0, 0
494000, 919357, 1, 0, 0
494100, 925102, 1, 0, 0
494200, 902927, 1, 0, 0
494300, 883115, 1, 0, 0
494400, 870575, 1, 0, 0
494500, 866486, 1, 0, 0
494600, 930501, 1, 0, 0
494700, 869326, 1, 0, 0
494800, 908622, 1, 0, 0
494900, 835304, 1, 0, 0
495000, 938608, 1, 0, 0
495101, 982603, 1, 0, 0
495200, 898402, 1, 0, 0
495300, 925934, 1, 0, 0
495400, 901446, 1, 0, 0
495500, 944412, 1, 0, 0
495600, 894213, 1, 0, 0
495700, 937525, 1, 0, 0
495800, 858478, 1, 0, 0
495900, 918151, 1, 0, 0
496000, 959556, 1, 0, 0
496100, 910014, 1, 0, 0
496200, 907282, 1, 0, 0
496300, 892862, 1, 0, 0
496400, 948270, 1, 0, 0
496500, 855771, 1, 0, 0
496600, 893132, 1, 0, 0
496700, 909021, 1, 0, 0
496800, 933822, 1, 0, 0
496900, 907029, 1, 0, 0
497000, 876664, 1, 0, 0
497100, 940054, 1, 0, 0
497200, 875062, 1, 0, 0
497300, 915076, 1, 0, 0
497400, 908872, 1, 0, 0
497500, 904759, 1, 0, 0
497600, 937417, 1, 0, 0
497700, 885975, 1, 0, 0
497800, 917541, 1, 0, 0
497900, 895977, 1, 0, 0
498000, 884292, 1, 0, 0
498100, 877525, 1, 0, 0
498200, 875146, 1, 0, 0
498300, 865557, 1, 0, 0
498400, 949989, 1, 0, 0
498500, 886499, 1, 0, 0
498600, 880844, 1, 0, 0
498700, 854667, 1, 0, 0
498800, 853195, 1, 0, 0
498900, 865942, 1, 0, 0
499000, 905333, 1, 0, 0
499100, 870480, 1, 0, 0
499200, 943448, 1, 0, 0
499300, 937144, 1, 0, 0
499400, 920871, 1, 0, 0
499500, 891441, 1, 0, 0
499600, 922992, 1, 0, 0
499700, 939784, 1, 0, 0
499800, 918700, 1, 0, 0
499900, 904623, 1, 0, 0
500000, 851565, 1, 0, 0
500100, 882800, 1, 0, 0
500200, 890086, 1, 0, 0
500300, 879756, 1, 0, 0
500400, 887990, 1, 0, 0
500500, 867697, 1, 0, 0
500600, 871625, 1, 0, 0
500700, 861649, 1, 0, 0
500800, 887518, 1, 0, 0
500900, 870795, 1, 0, 0
501000, 890745, 1, 0, 0
501100, 837304, 1, 0, 0
501200, 922272, 1, 0, 0
501300, 912932, 1, 0, 0
501400, 923725, 1, 0, 0
501500, 900057, 1, 0, 0
501600, 886523, 1, 0, 0
501700, 919891, 1, 0, 0
501800, 909373, 1, 0, 0
501900, 905918, 1, 0, 0
502000, 937565, 1, 0, 0
502100, 907005, 1, 0, 0
502200, 886381, 1, 0, 0
502300, 886566, 1, 0, 0
502400, 903805, 1, 0, 0
502500, 875833, 1, 0, 0
502600, 846620, 1, 0, 0
502700, 877394, 1, 0, 0
502800, 921751, 1, 0, 0
502900, 845507, 1, 0, 0
503000, 887676, 1, 0, 0
503100, 912682, 1, 0, 0
503200, 878085, 1, 0, 0
503300, 905013, 1, 0, 0
503400, 882023, 1, 0, 0
503500, 907499, 1, 0, 0
503600, 909931, 1, 0, 0
503700, 914618, 1, 0, 0
503800, 887332, 1, 0, 0
503900, 918471, 1, 0, 0
504000, 872227, 1, 0, 0
504100, 904687, 1, 0, 0
504200, 885403, 1, 0, 0
504300, 906360, 1, 0, 0
504400, 918996, 1, 0, 0
504500, 869159, 1, 0, 0
504600, 881467, 1, 0, 0
504700, 955868, 1, 0, 0
504800, 941120, 1, 0, 0
504900, 922517, 1, 0, 0
505000, 914568, 1, 0, 0
505100, 952542, 1, 0, 0
505200, 900252, 1, 0, 0
505300, 934062, 1, 0, 0
505400, 916123, 1, 0, 0
505500, 909290, 1, 0, 0
505600, 907503, 1, 0, 0
505700, 907188, 1, 0, 0
505800, 951515, 1, 0, 0
505900, 928252, 1, 0, 0
506000, 865451, 1, 0, 0
506100, 882770, 1, 0, 0
506200, 906889, 1, 0, 0
506300, 887368, 1, 0, 0
506400, 903323, 1, 0, 0
506500, 883716, 1, 0, 0
506600, 933698, 1, 0, 0
506700, 879138, 1, 0, 0
506800, 904808, 1, 0, 0
506900, 875646, 1, 0, 0
507000, 918801, 1, 0, 0
507101, 866396, 1, 0, 0
507200, 940424, 1, 0, 0
507300, 880679, 1, 0, 0
507400, 924190, 1, 0, 0
507501, 863017, 1, 0, 0
507600, 888614, 1, 0, 0
507700, 910973, 1, 0, 0
507801, 903806, 1, 0, 0
507900, 955253, 1, 0, 0
508000, 909981, 1, 0, 0
508100, 869615, 1, 0, 0
508200, 874307, 1, 0, 0
508300, 906707, 1, 0, 0
508400, 923167, 1, 0, 0
508500, 950842, 1, 0, 0
508600, 885426, 1, 0, 0
508700, 893305, 1, 0, 0
508800, 893748, 1, 0, 0
508900, 931382, 1, 0, 0
509000, 881165, 1, 0, 0
509100, 899053, 1, 0, 0
509201, 908274, 1, 0, 0
509301, 924356, 1, 0, 0
509400, 889447, 1, 0, 0
509500, 916699, 1, 0, 0
509600, 885521, 1, 0, 0
509700, 882136, 1, 0, 0
509800, 898150, 1, 0, 0
509900, 884651, 1, 0, 0
510000, 917524, 1, 0, 0
510100, 897812, 1, 0, 0
510200, 896277, 1, 0, 0
510300, 877593, 1, 0, 0
510400, 889398, 1, 0, 0
510500, 910259, 1, 0, 0
510600, 895387, 1, 0, 0
510700, 873000, 1, 0, 0
510800, 864617, 1, 0, 0
510900, 910102, 1, 0, 0
511000, 872142, 1, 0, 0
511100, 885958, 1, 0, 0
511200, 889196, 1, 0, 0
511300, 854874, 1, 0, 0
511400, 907832, 1, 0, 0
511500, 898451, 1, 0, 0
511600, 863051, 1, 0, 0
511700, 869066, 1, 0, 0
511801, 899243, 1, 0, 0
511900, 861607, 1, 0, 0
512000, 840114, 1, 0, 0
512100, 846312, 1, 0, 0
512200, 898391, 1, 0, 0
512300, 844354, 1, 0, 0
512400, 883497, 1, 0, 0
512500, 879978, 1, 0, 0
512600, 879257, 1, 0, 0
512700, 960134, 1, 0, 0
512800, 890208, 1, 0, 0
512900, 925329, 1, 0, 0
513000, 888822, 1, 0, 0
513100, 928624, 1, 0, 0
513200, 876924, 1, 0, 0
513300, 939907, 1, 0, 0
513400, 876566, 1, 0, 0
513500, 852549, 1, 0, 0
513601, 874602, 1, 0, 0
513700, 897186, 1, 0, 0
513800, 906084, 1, 0, 0
513900, 929468, 1, 0, 0
514000, 907163, 1, 0, 0
514101, 879176, 1, 0, 0
514200, 859831, 1, 0, 0
514300, 940854, 1, 0, 0
514400, 861706, 1, 0, 0
514500, 923633, 1, 0, 0
514600, 905715, 1, 0, 0
514700, 922708, 1, 0, 0
514800, 929709, 1, 0, 0
514900, 906831, 1, 0, 0
515000, 923994, 1, 0, 0
515100, 903813, 1, 0, 0
515200, 947146, 1, 0, 0
515300, 914832, 1, 0, 0
515400, 975172, 1, 0, 0
515500, 929262, 1, 0, 0
515600, 953088, 1, 0, 0
515700, 909477, 1, 0, 0
515800, 899653, 1, 0, 0
515900, 966113, 1, 0, 0
516000, 935429, 1, 0, 0
516100, 968284, 1, 0, 0
516200, 922419, 1, 0, 0
516300, 885781, 1, 0, 0
516400, 890407, 1, 0, 0
516500, 906795, 1, 0, 0
516600, 973274, 1, 0, 0
516700, 918241, 1, 0, 0
516800, 926922, 1, 0, 0
516900, 997978, 1, 0, 0
517001, 923297, 1, 0, 0
517100, 889557, 1, 0, 0
517200, 904693, 1, 0, 0
517300, 895265, 1, 0, 0
517400, 884340, 1, 0, 0
517500, 963508, 1, 0, 0
517600, 910115, 1, 0, 0
517700, 901224, 1, 0, 0
517801, 980854, 1, 0, 0
517900, 967662, 1, 0, 0
518000, 907663, 1, 0, 0
518100, 868263, 1, 0, 0
518200, 877571, 1, 0, 0
518300, 873501, 1, 0, 0
518400, 858025, 1, 0, 0
518500, 886266, 1, 0, 0
518600, 909241, 1, 0, 0
518700, 900000, 1, 0, 0
518800, 901367, 1, 0, 0
518900, 903508, 1, 0, 0
519000, 898083, 1, 0, 0
519100, 939561, 1, 0, 0
519200, 904469, 1, 0, 0
519300, 905342, 1, 0, 0
519400, 886072, 1, 0, 0
519500, 852865, 1, 0, 0
519600, 877116, 1, 0, 0
519700, 893767, 1, 0, 0
519800, 883247, 1, 0, 0
519900, 869082, 1, 0, 0
520000, 897980, 1, 0, 0
520100, 877830, 1, 0, 0
520200, 898875, 1, 0, 0
520300, 928270, 1, 0, 0
520400, 906140, 1, 0, 0
520500, 933905, 1, 0, 0
520600, 910716, 1, 0, 0
520700, 884320, 1, 0, 0
520800, 900649, 1, 0, 0
520900, 863359, 1, 0, 0
521000, 919974, 1, 0, 0
521100, 934783, 1, 0, 0
521200, 857740, 1, 0, 0
521300, 857821, 1, 0, 0
521401, 918376, 1, 0, 0
521500, 873817, 1, 0, 0
521600, 884421, 1, 0, 0
521700, 891319, 1, 0, 0
521800, 885426, 1, 0, 0
521900, 923211, 1, 0, 0
522000, 875848, 1, 0, 0
522100, 930485, 1, 0, 0
522200, 881905, 1, 0, 0
522300, 843810, 1, 0, 0
522400, 879871, 1, 0, 0
522500, 852248, 1, 0, 0
522600, 857857, 1, 0, 0
522700, 859239, 1, 0, 0
522800, 881637, 1, 0, 0
522900, 854578, 1, 0, 0
523000, 838628, 1, 0, 0
523101, 901992, 1, 0, 0
523200, 904903, 1, 0, 0
523300, 910697, 1, 0, 0
523400, 851049, 1, 0, 0
523500, 845487, 1, 0, 0
523601, 911229, 1, 0, 0
523700, 851223, 1, 0, 0
523800, 890015, 1, 0, 0
523900, 919702, 1, 0, 0
524000, 909120, 1, 0, 0
524100, 883228, 1, 0, 0
524200, 889655, 1, 0, 0
524301, 887763, 1, 0, 0
524400, 877836, 1, 0, 0
524500, 898608, 1, 0, 0
524600, 885426, 1, 0, 0
524700, 906311, 1, 0, 0
524800, 859240, 1, 0, 0
524900, 938726, 1, 0, 0
525000, 889254, 1, 0, 0
525100, 896567, 1, 0, 0
525200, 869039, 1, 0, 0
525300, 869959, 1, 0, 0
525400, 920593, 1, 0, 0
525500, 967056, 1, 0, 0
525601, 918749, 1, 0, 0
525701, 899977, 1, 0, 0
525800, 887739, 1, 0, 0
525900, 896644, 1, 0, 0
526004, 944329, 1, 0, 0
526100, 928145, 1, 0, 0
526200, 887499, 1, 0, 0
526300, 889353, 1, 0, 0
526400, 911769, 1, 0, 0
526500, 880648, 1, 0, 0
526600, 887509, 1, 0, 0
526701, 897754, 1, 0, 0
526800, 940655, 1, 0, 0
526901, 911752, 1, 0, 0
527000, 887733, 1, 0, 0
527100, 895948, 1, 0, 0
527200, 914749, 1, 0, 0
527300, 969799, 1, 0, 0
527400, 917482, 1, 0, 0
527500, 902441, 1, 0, 0
527600, 897722, 1, 0, 0
527700, 870931, 1, 0, 0
527800, 852517, 1, 0, 0
527900, 875476, 1, 0, 0
528000, 980687, 1, 0, 0
528100, 915713, 1, 0, 0
528200, 929177, 1, 0, 0
528300, 913255, 1, 0, 0
528400, 895922, 1, 0, 0
528500, 867116, 1, 0, 0
528600, 863625, 1, 0, 0
528700, 859452, 1, 0, 0
528800, 891894, 1, 0, 0
528900, 896188, 1, 0, 0
529001, 922631, 1, 0, 0
529101, 885995, 1, 0, 0
529200, 895423, 1, 0, 0
529300, 853206, 1, 0, 0
529400, 880170, 1, 0, 0
529500, 867599, 1, 0, 0
529601, 889206, 1, 0, 0
529700, 872017, 1, 0, 0
529800, 859411, 1, 0, 0
529900, 900291, 1, 0, 0
530001, 901544, 1, 0, 0
530100, 896210, 1, 0, 0
530200, 889704, 1, 0, 0
530300, 893744, 1, 0, 0
530400, 917021, 1, 0, 0
530500, 880654, 1, 0, 0
530600, 873442, 1, 0, 0
530700, 895929, 1, 0, 0
530800, 887572, 1, 0, 0
530900, 879907, 1, 0, 0
531000, 900065, 1, 0, 0
531100, 900823, 1, 0, 0
531200, 926005, 1, 0, 0
531300, 892832, 1, 0, 0
531400, 910304, 1, 0, 0
531500, 880265, 1, 0, 0
531600, 880797, 1, 0, 0
531700, 843076, 1, 0, 0
531800, 890131, 1, 0, 0
531900, 918965, 1, 0, 0
532000, 896785, 1, 0, 0
532100, 894623, 1, 0, 0
532200, 930945, 1, 0, 0
532300, 865160, 1, 0, 0
532400, 906111, 1, 0, 0
532500, 953925, 1, 0, 0
532600, 914764, 1, 0, 0
532700, 925451, 1, 0, 0
532800, 931614, 1, 0, 0
532901, 874960, 1, 0, 0
533000, 939461, 1, 0, 0
533100, 907538, 1, 0, 0
533200, 912819, 1, 0, 0
533300, 889042, 1, 0, 0
533400, 913807, 1, 0, 0
533500, 880073, 1, 0, 0
533600, 910617, 1, 0, 0
533700, 919563, 1, 0, 0
533800, 940509, 1, 0, 0
533900, 936200, 1, 0, 0
534001, 981767, 1, 0, 0
534100, 939367, 1, 0, 0
534200, 846270, 1, 0, 0
534300, 898717, 1, 0, 0
534400, 888322, 1, 0, 0
534500, 909946, 1, 0, 0
534600, 903195, 1, 0, 0
534700, 910072, 1, 0, 0
534800, 901911, 1, 0, 0
534900, 910002, 1, 0, 0
535000, 906232, 1, 0, 0
535100, 868907, 1, 0, 0
535200, 929653, 1, 0, 0
535300, 896746, 1, 0, 0
535400, 896425, 1, 0, 0
535500, 907515, 1, 0, 0
535600, 918882, 1, 0, 0
535700, 884397, 1, 0, 0
535800, 874434, 1, 0, 0
535900, 856735, 1, 0, 0
536000, 905444, 1, 0, 0
536100, 870995, 1, 0, 0
536200, 855108, 1, 0, 0
536300, 889858, 1, 0, 0
536400, 871296, 1, 0, 0
536500, 894460, 1, 0, 0
536601, 917742, 1, 0, 0
536700, 940650, 1, 0, 0
536800, 945044, 1, 0, 0
536900, 893936, 1, 0, 0
537000, 871662, 1, 0, 0
537100, 896470, 1, 0, 0
537200, 850214, 1, 0, 0
537300, 853967, 1, 0, 0
537400, 945537, 1, 0, 0
537500, 920604, 1, 0, 0
537600, 879650, 1, 0, 0
537700, 949098, 1, 0, 0
537800, 942251, 1, 0, 0
537900, 860513, 1, 0, 0
538000, 891579, 1, 0, 0
538101, 902525, 1, 0, 0
538200, 910639, 1, 0, 0
538300, 837817, 1, 0, 0
538400, 884278, 1, 0, 0
538500, 856242, 1, 0, 0
538600, 863998, 1, 0, 0
538700, 901172, 1, 0, 0
538800, 858565, 1, 0, 0
538900, 905727, 1, 0, 0
539000, 865241, 1, 0, 0
539100, 899745, 1, 0, 0
539200, 877087, 1, 0, 0
539300, 882072, 1, 0, 0
539400, 879872, 1, 0, 0
539500, 887657, 1, 0, 0
539600, 891652, 1, 0, 0
539700, 894579, 1, 0, 0
539800, 898061, 1, 0, 0
539901, 890255, 1, 0, 0
540000, 903454, 1, 0, 0
540100, 891477, 1, 0, 0
540200, 902922, 1, 0, 0
540301, 893245, 1, 0, 0
540401, 900910, 1, 0, 0
540500, 890887, 1, 0, 0
540600, 884117, 1, 0, 0
540700, 846645, 1, 0, 0
540800, 929345, 1, 0, 0
540900, 942155, 1, 0, 0
541000, 885419, 1, 0, 0
541100, 882283, 1, 0, 0
541200, 893648, 1, 0, 0
541300, 867298, 1, 0, 0
541400, 857336, 1, 0, 0
541500, 883958, 1, 0, 0
541600, 861195, 1, 0, 0
541700, 855698, 1, 0, 0
541800, 855301, 1, 0, 0
541900, 866851, 1, 0, 0
542000, 902399, 1, 0, 0
542100, 913622, 1, 0, 0
542201, 862590, 1, 0, 0
542300, 854641, 1, 0, 0
542400, 867444, 1, 0, 0
542500, 878988, 1, 0, 0
542600, 878860, 1, 0, 0
542700, 930514, 1, 0, 0
542800, 909279, 1, 0, 0
542900, 927320, 1, 0, 0
543001, 903227, 1, 0, 0
543100, 882124, 1, 0, 0
543200, 923192, 1, 0, 0
543300, 854804, 1, 0, 0
543401, 880904, 1, 0, 0
543500, 891479, 1, 0, 0
543600, 864831, 1, 0, 0
543700, 845723, 1, 0, 0
543800, 829957, 1, 0, 0
543900, 880391, 1, 0, 0
544000, 888980, 1, 0, 0
544100, 907313, 1, 0, 0
544200, 901256, 1, 0, 0
544300, 914105, 1, 0, 0
544400, 864517, 1, 0, 0
544500, 942481, 1, 0, 0
544600, 891688, 1, 0, 0
544700, 888884, 1, 0, 0
544800, 918039, 1, 0, 0
544900, 904742, 1, 0, 0
545000, 920359, 1, 0, 0
545100, 888087, 1, 0, 0
545200, 889610, 1, 0, 0
545300, 904621, 1, 0, 0
545400, 925454, 1, 0, 0
545500, 874021, 1, 0, 0
545600, 843361, 1, 0, 0
545700, 858464, 1, 0, 0
545800, 894501, 1, 0, 0
545902, 904243, 1, 0, 0
546000, 913720, 1, 0, 0
546100, 905673, 1, 0, 0
546200, 946340, 1, 0, 0
546300, 891459, 1, 0, 0
546400, 882308, 1, 0, 0
546500, 919367, 1, 0, 0
546600, 948332, 1, 0, 0
546700, 935668, 1, 0, 0
546800, 862363, 1, 0, 0
546900, 906949, 1, 0, 0
547001, 932459, 1, 0, 0
547100, 937848, 1, 0, 0
547200, 878191, 1, 0, 0
547300, 895916, 1, 0, 0
547400, 963752, 1, 0, 0
547500, 878700, 1, 0, 0
547600, 910633, 1, 0, 0
547700, 847195, 1, 0, 0
547800, 935118, 1, 0, 0
547900, 884446, 1, 0, 0
548000, 955262, 1, 0, 0
548100, 880363, 1, 0, 0
548200, 912008, 1, 0, 0
548300, 849904, 1, 0, 0
548400, 888755, 1, 0, 0
548500, 859740, 1, 0, 0
548600, 861560, 1, 0, 0
548700, 847012, 1, 0, 0
548800, 890264, 1, 0, 0
548900, 872901, 1, 0, 0
549000, 868580, 1, 0, 0
549100, 841595, 1, 0, 0
549200, 889572, 1, 0, 0
549300, 923096, 1, 0, 0
549400, 965326, 1, 0, 0
549500, 875848, 1, 0, 0
549600, 892879, 1, 0, 0
549700, 876036, 1, 0, 0
549800, 907166, 1, 0, 0
549900, 890191, 1, 0, 0
550000, 896909, 1, 0, 0
550100, 859840, 1, 0, 0
550200, 873917, 1, 0, 0
550300, 945319, 1, 0, 0
550400, 861525, 1, 0, 0
550500, 902663, 1, 0, 0
550600, 927528, 1, 0, 0
550700, 907417, 1, 0, 0
550800, 877566, 1, 0, 0
550900, 884849, 1, 0, 0
551000, 856391, 1, 0, 0
551100, 856497, 1, 0, 0
551200, 850169, 1, 0, 0
551300, 929843, 1, 0, 0
551400, 852816, 1, 0, 0
551500, 858571, 1, 0, 0
551600, 868274, 1, 0, 0
551700, 873454, 1, 0, 0
551800, 902928, 1, 0, 0
551900, 884104, 1, 0, 0
552000, 920577, 1, 0, 0
552100, 866999, 1, 0, 0
552200, 881785, 1, 0, 0
552300, 839592, 1, 0, 0
552400, 872211, 1, 0, 0
552500, 855506, 1, 0, 0
552600, 861714, 1, 0, 0
552700, 885842, 1, 0, 0
552800, 865282, 1, 0, 0
552900, 876846, 1, 0, 0
553001, 893009, 1, 0, 0
553100, 919170, 1, 0, 0
553200, 827663, 1, 0, 0
553301, 940498, 1, 0, 0
553400, 919828, 1, 0, 0
553500, 902664, 1, 0, 0
553600, 867302, 1, 0, 0
553700, 911485, 1, 0, 0
553800, 944234, 1, 0, 0
553901, 894855, 1, 0, 0
554000, 860642, 1, 0, 0
554101, 903143, 1, 0, 0
554200, 906409, 1, 0, 0
554300, 920911, 1, 0, 0
554400, 874518, 1, 0, 0
554500, 924484, 1, 0, 0
554600, 864820, 1, 0, 0
554700, 885666, 1, 0, 0
554800, 876323, 1, 0, 0
554900, 907476, 1, 0, 0
555000, 903390, 1, 0, 0
555100, 871271, 1, 0, 0
555200, 903954, 1, 0, 0
555300, 882062, 1, 0, 0
555400, 841941, 1, 0, 0
555500, 867852, 1, 0, 0
555600, 968669, 1, 0, 0
555701, 941214, 1, 0, 0
555800, 859083, 1, 0, 0
555901, 910091, 1, 0, 0
556000, 935156, 1, 0, 0
556100, 921888, 1, 0, 0
556200, 933311, 1, 0, 0
556301, 904207, 1, 0, 0
556400, 895509, 1, 0, 0
556500, 862087, 1, 0, 0
556600, 916289, 1, 0, 0
556700, 882871, 1, 0, 0
556802, 930555, 1, 0, 0
556900, 922188, 1, 0, 0
557000, 894628, 1, 0, 0
557100, 927145, 1, 0, 0
557200, 889289, 1, 0, 0
557300, 880738, 1, 0, 0
557400, 899109, 1, 0, 0
557500, 889515, 1, 0, 0
557600, 969653, 1, 0, 0
557700, 916960, 1, 0, 0
557800, 955261, 1, 0, 0
557900, 919401, 1, 0, 0
558000, 906666, 1, 0, 0
558100, 947773, 1, 0, 0
558200, 869426, 1, 0, 0
558300, 904189, 1, 0, 0
558400, 880532, 1, 0, 0
558500, 873302, 1, 0, 0
558600, 880260, 1, 0, 0
558700, 949858, 1, 0, 0
558800, 873277, 1, 0, 0
558900, 950198, 1, 0, 0
559000, 916217, 1, 0, 0
559100, 908159, 1, 0, 0
559200, 892483, 1, 0, 0
559300, 951547, 1, 0, 0
559400, 919861, 1, 0, 0
559500, 924252, 1, 0, 0
559600, 912876, 1, 0, 0
559700, 906923, 1, 0, 0
559800, 909168, 1, 0, 0
559900, 928472, 1, 0, 0
560000, 903799, 1, 0, 0
560100, 899516, 1, 0, 0
560200, 926055, 1, 0, 0
560300, 912406, 1, 0, 0
560400, 934811, 1, 0, 0
560500, 959046, 1, 0, 0
560600, 923619, 1, 0, 0
560700, 883997, 1, 0, 0
560800, 874734, 1, 0, 0
560900, 893369, 1, 0, 0
561000, 897099, 1, 0, 0
561100, 893083, 1, 0, 0
561200, 914386, 1, 0, 0
561300, 903910, 1, 0, 0
561400, 847106, 1, 0, 0
561500, 904196, 1, 0, 0
561600, 917062, 1, 0, 0
561700, 873523, 1, 0, 0
561800, 876815, 1, 0, 0
561900, 896461, 1, 0, 0
562000, 871458, 1, 0, 0
562100, 874791, 1, 0, 0
562200, 891776, 1, 0, 0
562300, 911536, 1, 0, 0
562400, 852668, 1, 0, 0
562500, 858668, 1, 0, 0
562600, 874094, 1, 0, 0
562700, 897868, 1, 0, 0
562800, 870044, 1, 0, 0
562900, 918628, 1, 0, 0
563000, 901244, 1, 0, 0
563100, 889304, 1, 0, 0
563200, 882941, 1, 0, 0
563300, 885838, 1, 0, 0
563400, 905025, 1, 0, 0
563500, 894952, 1, 0, 0
563600, 904699, 1, 0, 0
563700, 878941, 1, 0, 0
563800, 877286, 1, 0, 0
563900, 918180, 1, 0, 0
564000, 888270, 1, 0, 0
564100, 914870, 1, 0, 0
564200, 910179, 1, 0, 0
564300, 877155, 1, 0, 0
564400, 876847, 1, 0, 0
564500, 906803, 1, 0, 0
564600, 857225, 1, 0, 0
564700, 882600, 1, 0, 0
564800, 865321, 1, 0, 0
564900, 887933, 1, 0, 0
565000, 905346, 1, 0, 0
565100, 900085, 1, 0, 0
565200, 877018, 1, 0, 0
565300, 880612, 1, 0, 0
565400, 856251, 1, 0, 0
565500, 851510, 1, 0, 0
565600, 875140, 1, 0, 0
565701, 882232, 1, 0, 0
565800, 861063, 1, 0, 0
565900, 867205, 1, 0, 0
566000, 880577, 1, 0, 0
566100, 872421, 1, 0, 0
566200, 933405, 1, 0, 0
566301, 887515, 1, 0, 0
566400, 879362, 1, 0, 0
566500, 893949, 1, 0, 0
566600, 929000, 1, 0, 0
566700, 933653, 1, 0, 0
566800, 871423, 1, 0, 0
566900, 889584, 1, 0, 0
567000, 896208, 1, 0, 0
567100, 864467, 1, 0, 0
567200, 852165, 1, 0, 0
567300, 937781, 1, 0, 0
567400, 932291, 1, 0, 0
567500, 874628, 1, 0, 0
567600, 841625, 1, 0, 0
567700, 895967, 1, 0, 0
567800, 840344, 1, 0, 0
567900, 885502, 1, 0, 0
568000, 882153, 1, 0, 0
568100, 961782, 1, 0, 0
568200, 860677, 1, 0, 0
568300, 871046, 1, 0, 0
568400, 914569, 1, 0, 0
568500, 839179, 1, 0, 0
568600, 852898, 1, 0, 0
568700, 894509, 1, 0, 0
568800, 935286, 1, 0, 0
568900, 871550, 1, 0, 0
569001, 896796, 1, 0, 0
569100, 891091, 1, 0, 0
569200, 890314, 1, 0, 0
569300, 929191, 1, 0, 0
569400, 877775, 1, 0, 0
569500, 867501, 1, 0, 0
569600, 860697, 1, 0, 0
569700, 858484, 1, 0, 0
569800, 902023, 1, 0, 0
569900, 885266, 1, 0, 0
570000, 902847, 1, 0, 0
570100, 843216, 1, 0, 0
570200, 850784, 1, 0, 0
570300, 872693, 1, 0, 0
570400, 878271, 1, 0, 0
570500, 842564, 1, 0, 0
570600, 883530, 1, 0, 0
570700, 845340, 1, 0, 0
570800, 844560, 1, 0, 0
570900, 915612, 1, 0, 0
571000, 908688, 1, 0, 0
571100, 858980, 1, 0, 0
571200, 885698, 1, 0, 0
571300, 898267, 1, 0, 0
571400, 854775, 1, 0, 0
571500, 927293, 1, 0, 0
571600, 868329, 1, 0, 0
571700, 859532, 1, 0, 0
571800, 881017, 1, 0, 0
571900, 859759, 1, 0, 0
572000, 893375, 1, 0, 0
572100, 929537, 1, 0, 0
572200, 865602, 1, 0, 0
572300, 859675, 1, 0, 0
572400, 916038, 1, 0, 0
572500, 855053, 1, 0, 0
572600, 863474, 1, 0, 0
572700, 898087, 1, 0, 0
572800, 902566, 1, 0, 0
572900, 863268, 1, 0, 0
573000, 857699, 1, 0, 0
573100, 861855, 1, 0, 0
573200, 890604, 1, 0, 0
573301, 852156, 1, 0, 0
573400, 886192, 1, 0, 0
573500, 883320, 1, 0, 0
573600, 901771, 1, 0, 0
573700, 878149, 1, 0, 0
573800, 888331, 1, 0, 0
573900, 894520, 1, 0, 0
574000, 893692, 1, 0, 0
574100, 855528, 1, 0, 0
574200, 887982, 1, 0, 0
574300, 899445, 1, 0, 0
574400, 907880, 1, 0, 0
574501, 893864, 1, 0, 0
574600, 888976, 1, 0, 0
574700, 909654, 1, 0, 0
574800, 901563, 1, 0, 0
574900, 910902, 1, 0, 0
575000, 888607, 1, 0, 0
575101, 897843, 1, 0, 0
575200, 902320, 1, 0, 0
575300, 879389, 1, 0, 0
575400, 907217, 1, 0, 0
575500, 879559, 1, 0, 0
575600, 896525, 1, 0, 0
575700, 870989, 1, 0, 0
575800, 906367, 1, 0, 0
575900, 867254, 1, 0, 0
576000, 897252, 1, 0, 0
576100, 884959, 1, 0, 0
576200, 896845, 1, 0, 0
576300, 906142, 1, 0, 0
576400, 842713, 1, 0, 0
576500, 913764, 1, 0, 0
576600, 848464, 1, 0, 0
576700, 851028, 1, 0, 0
576800, 876660, 1, 0, 0
576900, 884617, 1, 0, 0
577000, 932272, 1, 0, 0
577101, 856662, 1, 0, 0
577200, 839316, 1, 0, 0
577300, 915420, 1, 0, 0
577400, 893157, 1, 0, 0
577500, 912240, 1, 0, 0
577600, 905563, 1, 0, 0
577700, 918487, 1, 0, 0
577800, 893602, 1, 0, 0
577900, 859002, 1, 0, 0
578000, 892619, 1, 0, 0
578100, 841516, 1, 0, 0
578200, 937777, 1, 0, 0
578300, 898010, 1, 0, 0
578400, 903518, 1, 0, 0
578500, 885326, 1, 0, 0
578600, 872680, 1, 0, 0
578700, 917253, 1, 0, 0
578800, 878649, 1, 0, 0
578900, 860915, 1, 0, 0
579000, 923948, 1, 0, 0
579100, 935927, 1, 0, 0
579200, 853035, 1, 0, 0
579300, 939269, 1, 0, 0
579400, 882242, 1, 0, 0
579500, 847049, 1, 0, 0
579600, 890380, 1, 0, 0
579700, 911154, 1, 0, 0
579800, 885668, 1, 0, 0
579900, 907919, 1, 0, 0
580000, 851619, 1, 0, 0
580100, 864404, 1, 0, 0
580200, 869485, 1, 0, 0
580300, 898079, 1, 0, 0
580400, 849202, 1, 0, 0
580500, 877295, 1, 0, 0
580600, 907977, 1, 0, 0
580700, 849991, 1, 0, 0
580800, 906428, 1, 0, 0
580900, 914486, 1, 0, 0
581000, 897455, 1, 0, 0
581100, 861620, 1, 0, 0
581200, 873680, 1, 0, 0
581302, 925392, 1, 0, 0
581400, 905894, 1, 0, 0
581500, 907768, 1, 0, 0
581601, 907563, 1, 0, 0
581700, 867384, 1, 0, 0
581800, 936161, 1, 0, 0
581900, 892459, 1, 0, 0
582000, 892323, 1, 0, 0
582100, 907427, 1, 0, 0
582200, 859531, 1, 0, 0
582300, 876122, 1, 0, 0
582400, 928253, 1, 0, 0
582500, 850696, 1, 0, 0
582600, 876635, 1, 0, 0
582700, 898776, 1, 0, 0
582800, 852041, 1, 0, 0
582900, 893482, 1, 0, 0
583000, 874791, 1, 0, 0
583100, 879497, 1, 0, 0
583200, 846291, 1, 0, 0
583301, 911224, 1, 0, 0
583400, 924327, 1, 0, 0
583500, 853584, 1, 0, 0
583600, 856080, 1, 0, 0
583700, 879619, 1, 0, 0
583800, 897190, 1, 0, 0
583900, 896484, 1, 0, 0
584000, 909657, 1, 0, 0
584100, 882376, 1, 0, 0
584200, 878641, 1, 0, 0
584300, 827962, 1, 0, 0
584400, 859714, 1, 0, 0
584500, 872587, 1, 0, 0
584600, 874438, 1, 0, 0
584700, 875327, 1, 0, 0
584800, 961412, 1, 0, 0
584900, 918093, 1, 0, 0
585000, 860814, 1, 0, 0
585100, 883612, 1, 0, 0
585200, 942711, 1, 0, 0
585300, 886314, 1, 0, 0
585401, 949142, 1, 0, 0
585501, 943383, 1, 0, 0
585600, 965238, 1, 0, 0
585700, 921017, 1, 0, 0
585800, 927370, 1, 0, 0
585900, 867417, 1, 0, 0
586000, 875027, 1, 0, 0
586100, 869171, 1, 0, 0
586200, 905869, 1, 0, 0
586300, 908958, 1, 0, 0
586400, 880622, 1, 0, 0
586500, 964240, 1, 0, 0
586600, 863709, 1, 0, 0
586701, 925274, 1, 0, 0
586800, 889961, 1, 0, 0
586900, 867159, 1, 0, 0
587000, 901684, 1, 0, 0
587101, 886225, 1, 0, 0
587200, 898690, 1, 0, 0
587300, 892571, 1, 0, 0
587400, 944084, 1, 0, 0
587500, 881942, 1, 0, 0
587600, 972531, 1, 0, 0
587700, 852537, 1, 0, 0
587800, 922998, 1, 0, 0
587900, 933996, 1, 0, 0
588000, 896731, 1, 0, 0
588100, 898445, 1, 0, 0
588200, 882432, 1, 0, 0
588300, 868226, 1, 0, 0
588400, 898037, 1, 0, 0
588500, 886769, 1, 0, 0
588600, 951892, 1, 0, 0
588700, 884882, 1, 0, 0
588800, 915503, 1, 0, 0
588900, 886141, 1, 0, 0
589000, 868433, 1, 0, 0
589100, 914608, 1, 0, 0
589200, 894304, 1, 0, 0
589300, 884726, 1, 0, 0
589401, 879683, 1, 0, 0
589500, 929013, 1, 0, 0
589600, 928182, 1, 0, 0
589700, 921984, 1, 0, 0
589800, 902498, 1, 0, 0
589900, 889556, 1, 0, 0
590000, 885880, 1, 0, 0
590100, 956784, 1, 0, 0
590200, 899784, 1, 0, 0
590301, 895595, 1, 0, 0
590400, 888615, 1, 0, 0
590500, 909571, 1, 0, 0
590600, 881218, 1, 0, 0
590700, 897002, 1, 0, 0
590800, 886919, 1, 0, 0
590900, 900251, 1, 0, 0
591000, 873255, 1, 0, 0
591100, 884559, 1, 0, 0
591200, 968401, 1, 0, 0
591300, 891288, 1, 0, 0
591400, 904699, 1, 0, 0
591500, 949783, 1, 0, 0
591600, 881690, 1, 0, 0
591700, 892888, 1, 0, 0
591801, 916434, 1, 0, 0
591900, 894716, 1, 0, 0
592001, 938132, 1, 0, 0
592100, 865330, 1, 0, 0
592200, 919675, 1, 0, 0
592300, 894438, 1, 0, 0
592400, 887020, 1, 0, 0
592500, 866180, 1, 0, 0
592600, 935035, 1, 0, 0
592700, 861526, 1, 0, 0
592800, 886214, 1, 0, 0
592901, 898597, 1, 0, 0
593000, 883445, 1, 0, 0
593100, 922335, 1, 0, 0
593200, 860149, 1, 0, 0
593300, 935518, 1, 0, 0
593400, 892177, 1, 0, 0
593500, 935114, 1, 0, 0
593600, 885453, 1, 0, 0
593700, 899357, 1, 0, 0
593800, 862710, 1, 0, 0
593900, 894762, 1, 0, 0
594000, 951223, 1, 0, 0
594100, 866487, 1, 0, 0
594200, 893090, 1, 0, 0
594300, 862527, 1, 0, 0
594400, 884402, 1, 0, 0
594500, 871147, 1, 0, 0
594600, 916793, 1, 0, 0
594700, 914238, 1, 0, 0
594800, 858326, 1, 0, 0
594900, 852108, 1, 0, 0
595000, 870686, 1, 0, 0
595100, 919115, 1, 0, 0
595200, 940500, 1, 0, 0
595300, 873858, 1, 0, 0
595400, 884585, 1, 0, 0
595500, 898191, 1, 0, 0
595600, 869533, 1, 0, 0
595700, 873901, 1, 0, 0
595800, 837907, 1, 0, 0
595900, 904437, 1, 0, 0
596000, 875801, 1, 0, 0
596100, 843520, 1, 0, 0
596200, 898618, 1, 0, 0
596300, 871585, 1, 0, 0
596400, 895680, 1, 0, 0
596500, 948959, 1, 0, 0
596600, 895149, 1, 0, 0
596700, 885256, 1, 0, 0
596802, 922254, 1, 0, 0
596900, 923879, 1, 0, 0
597000, 909034, 1, 0, 0
597100, 857552, 1, 0, 0
597200, 885960, 1, 0, 0
597300, 816396, 1, 0, 0
597400, 885782, 1, 0, 0
597500, 910814, 1, 0, 0
597601, 907197, 1, 0, 0
597700, 888537, 1, 0, 0
597800, 877886, 1, 0, 0
597900, 901740, 1, 0, 0
598000, 895522, 1, 0, 0
598100, 897074, 1, 0, 0
598200, 867892, 1, 0, 0
598300, 883771, 1, 0, 0
598400, 887985, 1, 0, 0
598500, 878271, 1, 0, 0
598600, 865220, 1, 0, 0
598700, 938249, 1, 0, 0
598801, 918952, 1, 0, 0
598900, 843041, 1, 0, 0
599000, 909746, 1, 0, 0
599100, 889739, 1, 0, 0
599200, 878267, 1, 0, 0
599300, 902458, 1, 0, 0
599400, 871469, 1, 0, 0
599500, 870230, 1, 0, 0
599600, 887245, 1, 0, 0
599700, 852564, 1, 0, 0
599801, 891316, 1, 0, 0
599900, 898739, 1, 0, 0
600000, 904638, 1, 0, 0
