250, 756, 1, 0, 0
350, 760, 1, 0, 0
450, 780, 1, 0, 0
550, 870, 1, 0, 0
650, 770, 1, 0, 0
749, 787, 1, 0, 0
849, 770, 1, 0, 0
949, 780, 1, 0, 0
1049, 750, 1, 0, 0
1149, 790, 1, 0, 0
1249, 800, 1, 0, 0
1349, 790, 1, 0, 0
1450, 790, 1, 0, 0
1550, 790, 1, 0, 0
1650, 760, 1, 0, 0
1749, 787, 1, 0, 0
1849, 800, 1, 0, 0
1949, 800, 1, 0, 0
2049, 760, 1, 0, 0
2149, 800, 1, 0, 0
2249, 780, 1, 0, 0
2349, 800, 1, 0, 0
2449, 820, 1, 0, 0
2549, 840, 1, 0, 0
2649, 760, 1, 0, 0
2750, 780, 1, 0, 0
2850, 830, 1, 0, 0
2950, 780, 1, 0, 0
3050, 800, 1, 0, 0
3150, 810, 1, 0, 0
3249, 777, 1, 0, 0
3349, 800, 1, 0, 0
3449, 770, 1, 0, 0
3549, 760, 1, 0, 0
3649, 810, 1, 0, 0
3749, 770, 1, 0, 0
3849, 780, 1, 0, 0
3949, 750, 1, 0, 0
4049, 830, 1, 0, 0
4150, 780, 1, 0, 0
4249, 797, 1, 0, 0
4349, 790, 1, 0, 0
4449, 770, 1, 0, 0
4549, 790, 1, 0, 0
4649, 770, 1, 0, 0
4749, 780, 1, 0, 0
4849, 820, 1, 0, 0
4949, 770, 1, 0, 0
5049, 770, 1, 0, 0
5149, 760, 1, 0, 0
5249, 780, 1, 0, 0
5349, 770, 1, 0, 0
5449, 800, 1, 0, 0
5550, 850, 1, 0, 0
5650, 790, 1, 0, 0
5749, 767, 1, 0, 0
5849, 730, 1, 0, 0
5949, 790, 1, 0, 0
6049, 750, 1, 0, 0
6149, 740, 1, 0, 0
6249, 760, 1, 0, 0
6349, 740, 1, 0, 0
6449, 770, 1, 0, 0
6549, 780, 1, 0, 0
6649, 790, 1, 0, 0
6750, 780, 1, 0, 0
6850, 790, 1, 0, 0
6950, 800, 1, 0, 0
7050, 720, 1, 0, 0
7150, 760, 1, 0, 0
7249, 818, 1, 0, 0
7349, 810, 1, 0, 0
7449, 840, 1, 0, 0
7549, 780, 1, 0, 0
7649, 820, 1, 0, 0
7749, 790, 1, 0, 0
7849, 820, 1, 0, 0
7949, 800, 1, 0, 0
8049, 790, 1, 0, 0
8149, 770, 1, 0, 0
8250, 750, 1, 0, 0
8350, 800, 1, 0, 0
8450, 810, 1, 0, 0
8550, 800, 1, 0, 0
8650, 770, 1, 0, 0
8749, 777, 1, 0, 0
8849, 780, 1, 0, 0
8949, 780, 1, 0, 0
9049, 830, 1, 0, 0
9149, 790, 1, 0, 0
9249, 790, 1, 0, 0
9349, 780, 1, 0, 0
9449, 830, 1, 0, 0
9550, 800, 1, 0, 0
9650, 740, 1, 0, 0
9749, 777, 1, 0, 0
9849, 780, 1, 0, 0
9949, 740, 1, 0, 0
10049, 770, 1, 0, 0
10149, 750, 1, 0, 0
10249, 750, 1, 0, 0
10349, 820, 1, 0, 0
10449, 800, 1, 0, 0
10549, 800, 1, 0, 0
10649, 780, 1, 0, 0
10749, 810, 1, 0, 0
10850, 790, 1, 0, 0
10950, 830, 1, 0, 0
11050, 750, 1, 0, 0
11150, 810, 1, 0, 0
11249, 767, 1, 0, 0
11349, 820, 1, 0, 0
11449, 800, 1, 0, 0
11549, 810, 1, 0, 0
11649, 830, 1, 0, 0
11749, 800, 1, 0, 0
11849, 820, 1, 0, 0
11949, 790, 1, 0, 0
12049, 760, 1, 0, 0
12150, 820, 1, 0, 0
12250, 780, 1, 0, 0
12350, 780, 1, 0, 0
12450, 780, 1, 0, 0
12550, 820, 1, 0, 0
12650, 790, 1, 0, 0
12749, 787, 1, 0, 0
12849, 830, 1, 0, 0
12949, 780, 1, 0, 0
13049, 760, 1, 0, 0
13149, 810, 1, 0, 0
13249, 820, 1, 0, 0
13349, 800, 1, 0, 0
13449, 800, 1, 0, 0
13550, 830, 1, 0, 0
13650, 800, 1, 0, 0
13749, 878, 1, 0, 0
13849, 830, 1, 0, 0
13949, 790, 1, 0, 0
14049, 790, 1, 0, 0
14149, 830, 1, 0, 0
14249, 810, 1, 0, 0
14349, 810, 1, 0, 0
14449, 800, 1, 0, 0
14549, 780, 1, 0, 0
14649, 810, 1, 0, 0
14749, 870, 1, 0, 0
14849, 810, 1, 0, 0
14949, 750, 1, 0, 0
15050, 800, 1, 0, 0
15150, 780, 1, 0, 0
15249, 818, 1, 0, 0
15349, 800, 1, 0, 0
15449, 810, 1, 0, 0
15549, 770, 1, 0, 0
15649, 830, 1, 0, 0
15749, 810, 1, 0, 0
15849, 800, 1, 0, 0
15949, 800, 1, 0, 0
16049, 770, 1, 0, 0
16149, 770, 1, 0, 0
16250, 790, 1, 0, 0
16350, 810, 1, 0, 0
16450, 800, 1, 0, 0
16550, 820, 1, 0, 0
16650, 760, 1, 0, 0
16749, 848, 1, 0, 0
16849, 780, 1, 0, 0
16949, 820, 1, 0, 0
17049, 810, 1, 0, 0
17149, 820, 1, 0, 0
17249, 830, 1, 0, 0
17349, 790, 1, 0, 0
17449, 830, 1, 0, 0
17550, 860, 1, 0, 0
17650, 780, 1, 0, 0
17749, 858, 1, 0, 0
17849, 800, 1, 0, 0
17949, 830, 1, 0, 0
18049, 850, 1, 0, 0
18149, 810, 1, 0, 0
18249, 810, 1, 0, 0
18349, 830, 1, 0, 0
18449, 810, 1, 0, 0
18549, 790, 1, 0, 0
18649, 850, 1, 0, 0
18749, 830, 1, 0, 0
18850, 800, 1, 0, 0
18950, 830, 1, 0, 0
19050, 820, 1, 0, 0
19150, 800, 1, 0, 0
19249, 818, 1, 0, 0
19349, 810, 1, 0, 0
19449, 800, 1, 0, 0
19549, 800, 1, 0, 0
19649, 800, 1, 0, 0
19749, 810, 1, 0, 0
19849, 860, 1, 0, 0
19949, 830, 1, 0, 0
20049, 840, 1, 0, 0
20149, 840, 1, 0, 0
20250, 780, 1, 0, 0
20350, 810, 1, 0, 0
20450, 800, 1, 0, 0
20550, 870, 1, 0, 0
20650, 810, 1, 0, 0
20749, 828, 1, 0, 0
20849, 810, 1, 0, 0
20949, 800, 1, 0, 0
21049, 760, 1, 0, 0
21149, 810, 1, 0, 0
21249, 810, 1, 0, 0
21349, 850, 1, 0, 0
21449, 820, 1, 0, 0
21550, 800, 1, 0, 0
21650, 790, 1, 0, 0
21749, 838, 1, 0, 0
21849, 820, 1, 0, 0
21949, 780, 1, 0, 0
22049, 810, 1, 0, 0
22149, 820, 1, 0, 0
22249, 770, 1, 0, 0
22349, 850, 1, 0, 0
22449, 850, 1, 0, 0
22549, 820, 1, 0, 0
22649, 780, 1, 0, 0
22749, 820, 1, 0, 0
22849, 870, 1, 0, 0
22950, 840, 1, 0, 0
23050, 830, 1, 0, 0
23150, 820, 1, 0, 0
23249, 848, 1, 0, 0
23349, 830, 1, 0, 0
23449, 850, 1, 0, 0
23549, 820, 1, 0, 0
23649, 840, 1, 0, 0
23749, 780, 1, 0, 0
23849, 800, 1, 0, 0
23949, 830, 1, 0, 0
24049, 830, 1, 0, 0
24149, 840, 1, 0, 0
24250, 790, 1, 0, 0
24350, 830, 1, 0, 0
24450, 860, 1, 0, 0
24550, 850, 1, 0, 0
24650, 790, 1, 0, 0
24749, 838, 1, 0, 0
24849, 830, 1, 0, 0
24949, 830, 1, 0, 0
25049, 840, 1, 0, 0
25149, 830, 1, 0, 0
25249, 850, 1, 0, 0
25349, 830, 1, 0, 0
25449, 860, 1, 0, 0
25550, 820, 1, 0, 0
25650, 830, 1, 0, 0
25749, 838, 1, 0, 0
25849, 850, 1, 0, 0
25949, 850, 1, 0, 0
26049, 830, 1, 0, 0
26149, 870, 1, 0, 0
26249, 910, 1, 0, 0
26349, 830, 1, 0, 0
26449, 840, 1, 0, 0
26549, 850, 1, 0, 0
26649, 860, 1, 0, 0
26749, 850, 1, 0, 0
26849, 820, 1, 0, 0
26949, 800, 1, 0, 0
27050, 830, 1, 0, 0
27150, 810, 1, 0, 0
27249, 797, 1, 0, 0
27349, 860, 1, 0, 0
27449, 830, 1, 0, 0
27549, 840, 1, 0, 0
27649, 860, 1, 0, 0
27749, 850, 1, 0, 0
27849, 800, 1, 0, 0
27949, 830, 1, 0, 0
28049, 830, 1, 0, 0
28149, 820, 1, 0, 0
28250, 850, 1, 0, 0
28350, 810, 1, 0, 0
28450, 840, 1, 0, 0
28550, 870, 1, 0, 0
28650, 860, 1, 0, 0
28749, 868, 1, 0, 0
28849, 840, 1, 0, 0
28949, 870, 1, 0, 0
29049, 810, 1, 0, 0
29149, 870, 1, 0, 0
29249, 840, 1, 0, 0
29349, 880, 1, 0, 0
29449, 850, 1, 0, 0
29550, 900, 1, 0, 0
29650, 860, 1, 0, 0
29749, 858, 1, 0, 0
29849, 830, 1, 0, 0
29949, 850, 1, 0, 0
30049, 880, 1, 0, 0
30149, 840, 1, 0, 0
30249, 870, 1, 0, 0
30349, 850, 1, 0, 0
30449, 880, 1, 0, 0
30549, 850, 1, 0, 0
30649, 830, 1, 0, 0
30749, 830, 1, 0, 0
30850, 830, 1, 0, 0
30950, 880, 1, 0, 0
31050, 840, 1, 0, 0
31150, 860, 1, 0, 0
31249, 818, 1, 0, 0
31349, 830, 1, 0, 0
31449, 850, 1, 0, 0
31549, 850, 1, 0, 0
31649, 860, 1, 0, 0
31749, 800, 1, 0, 0
31849, 820, 1, 0, 0
31949, 820, 1, 0, 0
32049, 850, 1, 0, 0
32149, 870, 1, 0, 0
32250, 830, 1, 0, 0
32350, 860, 1, 0, 0
32450, 870, 1, 0, 0
32550, 870, 1, 0, 0
32650, 870, 1, 0, 0
32749, 868, 1, 0, 0
32849, 830, 1, 0, 0
32949, 870, 1, 0, 0
33049, 790, 1, 0, 0
33149, 850, 1, 0, 0
33249, 800, 1, 0, 0
33350, 820, 1, 0, 0
33450, 900, 1, 0, 0
33550, 820, 1, 0, 0
33650, 840, 1, 0, 0
33749, 898, 1, 0, 0
33849, 870, 1, 0, 0
33949, 850, 1, 0, 0
34049, 850, 1, 0, 0
34149, 800, 1, 0, 0
34249, 840, 1, 0, 0
34349, 880, 1, 0, 0
34449, 890, 1, 0, 0
34549, 890, 1, 0, 0
34649, 850, 1, 0, 0
34750, 840, 1, 0, 0
34850, 860, 1, 0, 0
34950, 880, 1, 0, 0
35050, 840, 1, 0, 0
35150, 810, 1, 0, 0
35249, 898, 1, 0, 0
35349, 820, 1, 0, 0
35449, 870, 1, 0, 0
35549, 820, 1, 0, 0
35649, 840, 1, 0, 0
35749, 850, 1, 0, 0
35849, 810, 1, 0, 0
35950, 860, 1, 0, 0
36050, 810, 1, 0, 0
36150, 830, 1, 0, 0
36249, 838, 1, 0, 0
36349, 850, 1, 0, 0
36449, 810, 1, 0, 0
36549, 880, 1, 0, 0
36649, 850, 1, 0, 0
36749, 850, 1, 0, 0
36849, 850, 1, 0, 0
36949, 860, 1, 0, 0
37049, 860, 1, 0, 0
37149, 860, 1, 0, 0
37250, 880, 1, 0, 0
37350, 860, 1, 0, 0
37450, 860, 1, 0, 0
37550, 850, 1, 0, 0
37650, 800, 1, 0, 0
37749, 808, 1, 0, 0
37849, 850, 1, 0, 0
37949, 810, 1, 0, 0
38049, 820, 1, 0, 0
38149, 890, 1, 0, 0
38249, 810, 1, 0, 0
38349, 840, 1, 0, 0
38449, 810, 1, 0, 0
38550, 830, 1, 0, 0
38650, 840, 1, 0, 0
38749, 858, 1, 0, 0
38849, 830, 1, 0, 0
38949, 860, 1, 0, 0
39049, 810, 1, 0, 0
39149, 850, 1, 0, 0
39249, 870, 1, 0, 0
39349, 840, 1, 0, 0
39449, 830, 1, 0, 0
39549, 860, 1, 0, 0
39649, 800, 1, 0, 0
39749, 830, 1, 0, 0
39850, 850, 1, 0, 0
39950, 800, 1, 0, 0
40050, 850, 1, 0, 0
40150, 840, 1, 0, 0
40249, 808, 1, 0, 0
40349, 880, 1, 0, 0
40449, 840, 1, 0, 0
40549, 870, 1, 0, 0
40649, 860, 1, 0, 0
40749, 840, 1, 0, 0
40849, 830, 1, 0, 0
40949, 850, 1, 0, 0
41050, 880, 1, 0, 0
41150, 890, 1, 0, 0
41249, 848, 1, 0, 0
41349, 860, 1, 0, 0
41449, 890, 1, 0, 0
41549, 830, 1, 0, 0
41649, 790, 1, 0, 0
41749, 810, 1, 0, 0
41849, 820, 1, 0, 0
41949, 840, 1, 0, 0
42049, 870, 1, 0, 0
42149, 840, 1, 0, 0
42250, 880, 1, 0, 0
42350, 860, 1, 0, 0
42450, 820, 1, 0, 0
42550, 850, 1, 0, 0
42650, 850, 1, 0, 0
42749, 838, 1, 0, 0
42849, 830, 1, 0, 0
42949, 880, 1, 0, 0
43049, 880, 1, 0, 0
43149, 800, 1, 0, 0
43249, 830, 1, 0, 0
43349, 850, 1, 0, 0
43449, 860, 1, 0, 0
43549, 820, 1, 0, 0
43650, 840, 1, 0, 0
43750, 780, 1, 0, 0
43850, 820, 1, 0, 0
43950, 830, 1, 0, 0
44050, 840, 1, 0, 0
44150, 850, 1, 0, 0
44249, 898, 1, 0, 0
44349, 840, 1, 0, 0
44449, 830, 1, 0, 0
44549, 830, 1, 0, 0
44649, 870, 1, 0, 0
44749, 880, 1, 0, 0
44849, 840, 1, 0, 0
44949, 860, 1, 0, 0
45050, 880, 1, 0, 0
45150, 890, 1, 0, 0
45249, 818, 1, 0, 0
45349, 880, 1, 0, 0
45449, 870, 1, 0, 0
45549, 810, 1, 0, 0
45649, 820, 1, 0, 0
45749, 840, 1, 0, 0
45849, 860, 1, 0, 0
45949, 890, 1, 0, 0
46049, 870, 1, 0, 0
46149, 880, 1, 0, 0
46250, 900, 1, 0, 0
46350, 880, 1, 0, 0
46450, 820, 1, 0, 0
46550, 850, 1, 0, 0
46650, 860, 1, 0, 0
46749, 858, 1, 0, 0
46849, 880, 1, 0, 0
46949, 870, 1, 0, 0
47049, 880, 1, 0, 0
47149, 870, 1, 0, 0
47249, 870, 1, 0, 0
47349, 890, 1, 0, 0
47449, 860, 1, 0, 0
47550, 860, 1, 0, 0
47650, 820, 1, 0, 0
47749, 848, 1, 0, 0
47849, 870, 1, 0, 0
47949, 860, 1, 0, 0
48049, 820, 1, 0, 0
48149, 840, 1, 0, 0
48249, 840, 1, 0, 0
48349, 860, 1, 0, 0
48449, 890, 1, 0, 0
48549, 840, 1, 0, 0
48649, 880, 1, 0, 0
48749, 900, 1, 0, 0
48849, 860, 1, 0, 0
48950, 860, 1, 0, 0
49050, 860, 1, 0, 0
49150, 870, 1, 0, 0
49249, 848, 1, 0, 0
49349, 820, 1, 0, 0
49449, 840, 1, 0, 0
49549, 870, 1, 0, 0
49649, 840, 1, 0, 0
49749, 810, 1, 0, 0
49849, 810, 1, 0, 0
49949, 870, 1, 0, 0
50049, 810, 1, 0, 0
50149, 760, 1, 0, 0
50250, 890, 1, 0, 0
50350, 870, 1, 0, 0
50450, 840, 1, 0, 0
50550, 860, 1, 0, 0
50650, 880, 1, 0, 0
50749, 878, 1, 0, 0
50849, 890, 1, 0, 0
50949, 810, 1, 0, 0
51049, 840, 1, 0, 0
51149, 820, 1, 0, 0
51249, 900, 1, 0, 0
51349, 870, 1, 0, 0
51449, 860, 1, 0, 0
51550, 830, 1, 0, 0
51650, 850, 1, 0, 0
51749, 828, 1, 0, 0
51849, 850, 1, 0, 0
51949, 840, 1, 0, 0
52049, 850, 1, 0, 0
52149, 830, 1, 0, 0
52249, 860, 1, 0, 0
52349, 820, 1, 0, 0
52449, 840, 1, 0, 0
52549, 840, 1, 0, 0
52649, 910, 1, 0, 0
52750, 860, 1, 0, 0
52850, 910, 1, 0, 0
52950, 870, 1, 0, 0
53050, 900, 1, 0, 0
53150, 880, 1, 0, 0
53249, 848, 1, 0, 0
53349, 860, 1, 0, 0
53449, 870, 1, 0, 0
53549, 850, 1, 0, 0
53649, 840, 1, 0, 0
53749, 820, 1, 0, 0
53849, 830, 1, 0, 0
53949, 810, 1, 0, 0
54049, 880, 1, 0, 0
54149, 890, 1, 0, 0
54250, 860, 1, 0, 0
54350, 830, 1, 0, 0
54450, 860, 1, 0, 0
54550, 870, 1, 0, 0
54650, 880, 1, 0, 0
54749, 858, 1, 0, 0
54849, 840, 1, 0, 0
54949, 900, 1, 0, 0
55049, 880, 1, 0, 0
55149, 840, 1, 0, 0
55249, 860, 1, 0, 0
55349, 860, 1, 0, 0
55449, 860, 1, 0, 0
55550, 870, 1, 0, 0
55650, 880, 1, 0, 0
55749, 919, 1, 0, 0
55849, 870, 1, 0, 0
55949, 860, 1, 0, 0
56049, 830, 1, 0, 0
56149, 900, 1, 0, 0
56249, 830, 1, 0, 0
56349, 870, 1, 0, 0
56449, 860, 1, 0, 0
56549, 870, 1, 0, 0
56649, 880, 1, 0, 0
56750, 860, 1, 0, 0
56850, 860, 1, 0, 0
56950, 850, 1, 0, 0
57050, 860, 1, 0, 0
57150, 880, 1, 0, 0
57249, 838, 1, 0, 0
57349, 920, 1, 0, 0
57449, 890, 1, 0, 0
57549, 830, 1, 0, 0
57649, 800, 1, 0, 0
57749, 850, 1, 0, 0
57849, 870, 1, 0, 0
57949, 860, 1, 0, 0
58050, 870, 1, 0, 0
58150, 860, 1, 0, 0
58249, 868, 1, 0, 0
58349, 870, 1, 0, 0
58449, 840, 1, 0, 0
58549, 880, 1, 0, 0
58649, 850, 1, 0, 0
58749, 850, 1, 0, 0
58849, 860, 1, 0, 0
58949, 860, 1, 0, 0
59049, 820, 1, 0, 0
59149, 830, 1, 0, 0
59249, 870, 1, 0, 0
59350, 870, 1, 0, 0
59450, 820, 1, 0, 0
59550, 830, 1, 0, 0
59650, 820, 1, 0, 0
59749, 808, 1, 0, 0
59849, 830, 1, 0, 0
59949, 870, 1, 0, 0
60049, 880, 1, 0, 0
60149, 870, 1, 0, 0
60249, 860, 1, 0, 0
60349, 830, 1, 0, 0
60449, 880, 1, 0, 0
60549, 860, 1, 0, 0
60650, 890, 1, 0, 0
60750, 910, 1, 0, 0
60850, 810, 1, 0, 0
60950, 800, 1, 0, 0
61050, 900, 1, 0, 0
61150, 890, 1, 0, 0
61249, 808, 1, 0, 0
61349, 920, 1, 0, 0
61449, 880, 1, 0, 0
61549, 870, 1, 0, 0
61649, 820, 1, 0, 0
61749, 830, 1, 0, 0
61849, 840, 1, 0, 0
61949, 830, 1, 0, 0
62050, 830, 1, 0, 0
62150, 890, 1, 0, 0
62249, 898, 1, 0, 0
62349, 850, 1, 0, 0
62449, 860, 1, 0, 0
62549, 890, 1, 0, 0
62649, 900, 1, 0, 0
62749, 870, 1, 0, 0
62849, 880, 1, 0, 0
62949, 830, 1, 0, 0
63049, 930, 1, 0, 0
63149, 910, 1, 0, 0
63250, 950, 1, 0, 0
63350, 840, 1, 0, 0
63450, 860, 1, 0, 0
63550, 870, 1, 0, 0
63650, 890, 1, 0, 0
63749, 909, 1, 0, 0
63849, 960, 1, 0, 0
63949, 850, 1, 0, 0
64049, 890, 1, 0, 0
64149, 880, 1, 0, 0
64249, 920, 1, 0, 0
64349, 880, 1, 0, 0
64449, 880, 1, 0, 0
64549, 870, 1, 0, 0
64649, 850, 1, 0, 0
64750, 910, 1, 0, 0
64850, 850, 1, 0, 0
64950, 840, 1, 0, 0
65050, 880, 1, 0, 0
65150, 850, 1, 0, 0
65249, 898, 1, 0, 0
65349, 860, 1, 0, 0
65449, 820, 1, 0, 0
65549, 880, 1, 0, 0
65649, 830, 1, 0, 0
65749, 880, 1, 0, 0
65849, 900, 1, 0, 0
65949, 860, 1, 0, 0
66050, 880, 1, 0, 0
66150, 880, 1, 0, 0
66249, 848, 1, 0, 0
66349, 860, 1, 0, 0
66449, 890, 1, 0, 0
66549, 890, 1, 0, 0
66649, 870, 1, 0, 0
66749, 910, 1, 0, 0
66849, 820, 1, 0, 0
66949, 880, 1, 0, 0
67049, 880, 1, 0, 0
67149, 840, 1, 0, 0
67249, 870, 1, 0, 0
67350, 900, 1, 0, 0
67450, 880, 1, 0, 0
67550, 830, 1, 0, 0
67650, 890, 1, 0, 0
67749, 868, 1, 0, 0
67849, 830, 1, 0, 0
67949, 860, 1, 0, 0
68049, 840, 1, 0, 0
68149, 820, 1, 0, 0
68249, 860, 1, 0, 0
68349, 880, 1, 0, 0
68449, 880, 1, 0, 0
68549, 890, 1, 0, 0
68650, 890, 1, 0, 0
68749, 909, 1, 0, 0
68849, 880, 1, 0, 0
68949, 900, 1, 0, 0
69049, 940, 1, 0, 0
69149, 880, 1, 0, 0
69249, 890, 1, 0, 0
69349, 870, 1, 0, 0
69449, 850, 1, 0, 0
69549, 860, 1, 0, 0
69649, 890, 1, 0, 0
69749, 900, 1, 0, 0
69849, 850, 1, 0, 0
69950, 890, 1, 0, 0
70050, 890, 1, 0, 0
70150, 910, 1, 0, 0
70249, 848, 1, 0, 0
70349, 870, 1, 0, 0
70449, 870, 1, 0, 0
70549, 880, 1, 0, 0
70649, 860, 1, 0, 0
70749, 900, 1, 0, 0
70849, 890, 1, 0, 0
70949, 850, 1, 0, 0
71049, 870, 1, 0, 0
71149, 900, 1, 0, 0
71250, 840, 1, 0, 0
71350, 880, 1, 0, 0
71450, 890, 1, 0, 0
71550, 900, 1, 0, 0
71650, 900, 1, 0, 0
71749, 868, 1, 0, 0
71849, 890, 1, 0, 0
71949, 900, 1, 0, 0
72049, 880, 1, 0, 0
72149, 880, 1, 0, 0
72249, 860, 1, 0, 0
72349, 860, 1, 0, 0
72449, 890, 1, 0, 0
72550, 850, 1, 0, 0
72650, 870, 1, 0, 0
72749, 848, 1, 0, 0
72849, 900, 1, 0, 0
72949, 880, 1, 0, 0
73049, 900, 1, 0, 0
73149, 890, 1, 0, 0
73249, 910, 1, 0, 0
73349, 880, 1, 0, 0
73449, 890, 1, 0, 0
73549, 930, 1, 0, 0
73649, 850, 1, 0, 0
73749, 910, 1, 0, 0
73849, 880, 1, 0, 0
73950, 900, 1, 0, 0
74050, 900, 1, 0, 0
74150, 890, 1, 0, 0
74249, 939, 1, 0, 0
74349, 870, 1, 0, 0
74449, 860, 1, 0, 0
74549, 870, 1, 0, 0
74649, 880, 1, 0, 0
74749, 910, 1, 0, 0
74849, 910, 1, 0, 0
74949, 910, 1, 0, 0
75049, 890, 1, 0, 0
75149, 850, 1, 0, 0
75250, 910, 1, 0, 0
75350, 900, 1, 0, 0
75450, 910, 1, 0, 0
75550, 920, 1, 0, 0
75650, 860, 1, 0, 0
75749, 828, 1, 0, 0
75849, 860, 1, 0, 0
75949, 860, 1, 0, 0
76049, 890, 1, 0, 0
76149, 890, 1, 0, 0
76249, 920, 1, 0, 0
76349, 910, 1, 0, 0
76449, 870, 1, 0, 0
76550, 930, 1, 0, 0
76650, 880, 1, 0, 0
76749, 909, 1, 0, 0
76849, 890, 1, 0, 0
76949, 980, 1, 0, 0
77049, 940, 1, 0, 0
77149, 920, 1, 0, 0
77249, 960, 1, 0, 0
77349, 940, 1, 0, 0
77449, 910, 1, 0, 0
77549, 900, 1, 0, 0
77649, 920, 1, 0, 0
77750, 860, 1, 0, 0
77850, 910, 1, 0, 0
77950, 900, 1, 0, 0
78050, 910, 1, 0, 0
78150, 910, 1, 0, 0
78249, 898, 1, 0, 0
78349, 820, 1, 0, 0
78449, 920, 1, 0, 0
78549, 910, 1, 0, 0
78649, 920, 1, 0, 0
78749, 920, 1, 0, 0
78849, 870, 1, 0, 0
78949, 920, 1, 0, 0
79049, 900, 1, 0, 0
79149, 880, 1, 0, 0
79250, 930, 1, 0, 0
79350, 910, 1, 0, 0
79450, 940, 1, 0, 0
79550, 910, 1, 0, 0
79650, 890, 1, 0, 0
79749, 919, 1, 0, 0
79849, 890, 1, 0, 0
79949, 880, 1, 0, 0
80049, 900, 1, 0, 0
80149, 940, 1, 0, 0
80249, 920, 1, 0, 0
80349, 900, 1, 0, 0
80449, 890, 1, 0, 0
80550, 890, 1, 0, 0
80650, 940, 1, 0, 0
80749, 868, 1, 0, 0
80849, 870, 1, 0, 0
80949, 850, 1, 0, 0
81049, 880, 1, 0, 0
81149, 910, 1, 0, 0
81249, 910, 1, 0, 0
81349, 840, 1, 0, 0
81449, 930, 1, 0, 0
81549, 900, 1, 0, 0
81649, 860, 1, 0, 0
81750, 870, 1, 0, 0
81850, 860, 1, 0, 0
81950, 890, 1, 0, 0
82050, 860, 1, 0, 0
82150, 880, 1, 0, 0
82249, 919, 1, 0, 0
82349, 930, 1, 0, 0
82449, 860, 1, 0, 0
82549, 890, 1, 0, 0
82649, 890, 1, 0, 0
82749, 890, 1, 0, 0
82849, 890, 1, 0, 0
82949, 870, 1, 0, 0
83050, 890, 1, 0, 0
83150, 900, 1, 0, 0
83249, 868, 1, 0, 0
83349, 870, 1, 0, 0
83449, 850, 1, 0, 0
83549, 890, 1, 0, 0
83649, 890, 1, 0, 0
83749, 910, 1, 0, 0
83849, 870, 1, 0, 0
83949, 910, 1, 0, 0
84049, 890, 1, 0, 0
84149, 900, 1, 0, 0
84250, 890, 1, 0, 0
84350, 880, 1, 0, 0
84450, 830, 1, 0, 0
84550, 890, 1, 0, 0
84650, 880, 1, 0, 0
84749, 909, 1, 0, 0
84849, 840, 1, 0, 0
84949, 850, 1, 0, 0
85049, 880, 1, 0, 0
85149, 940, 1, 0, 0
85249, 940, 1, 0, 0
85349, 910, 1, 0, 0
85449, 910, 1, 0, 0
85550, 860, 1, 0, 0
85650, 890, 1, 0, 0
85749, 878, 1, 0, 0
85849, 920, 1, 0, 0
85949, 920, 1, 0, 0
86049, 870, 1, 0, 0
86149, 890, 1, 0, 0
86249, 870, 1, 0, 0
86349, 940, 1, 0, 0
86449, 890, 1, 0, 0
86549, 910, 1, 0, 0
86649, 940, 1, 0, 0
86749, 940, 1, 0, 0
86849, 910, 1, 0, 0
86950, 920, 1, 0, 0
87050, 920, 1, 0, 0
87150, 870, 1, 0, 0
87249, 919, 1, 0, 0
87349, 900, 1, 0, 0
87449, 890, 1, 0, 0
87549, 890, 1, 0, 0
87649, 850, 1, 0, 0
87749, 870, 1, 0, 0
87849, 920, 1, 0, 0
87949, 940, 1, 0, 0
88049, 870, 1, 0, 0
88149, 930, 1, 0, 0
88250, 880, 1, 0, 0
88350, 890, 1, 0, 0
88450, 910, 1, 0, 0
88550, 900, 1, 0, 0
88650, 910, 1, 0, 0
88749, 878, 1, 0, 0
88849, 870, 1, 0, 0
88949, 910, 1, 0, 0
89049, 900, 1, 0, 0
89149, 890, 1, 0, 0
89249, 910, 1, 0, 0
89349, 890, 1, 0, 0
89449, 900, 1, 0, 0
89549, 910, 1, 0, 0
89650, 940, 1, 0, 0
89749, 909, 1, 0, 0
89849, 900, 1, 0, 0
89949, 890, 1, 0, 0
90049, 900, 1, 0, 0
90149, 910, 1, 0, 0
90249, 930, 1, 0, 0
90349, 860, 1, 0, 0
90449, 920, 1, 0, 0
90549, 860, 1, 0, 0
90649, 910, 1, 0, 0
90749, 940, 1, 0, 0
90849, 910, 1, 0, 0
90950, 890, 1, 0, 0
91050, 840, 1, 0, 0
91150, 850, 1, 0, 0
91249, 909, 1, 0, 0
91349, 870, 1, 0, 0
91449, 910, 1, 0, 0
91549, 900, 1, 0, 0
91649, 840, 1, 0, 0
91749, 900, 1, 0, 0
91849, 910, 1, 0, 0
91949, 860, 1, 0, 0
92049, 950, 1, 0, 0
92149, 920, 1, 0, 0
92250, 930, 1, 0, 0
92350, 870, 1, 0, 0
92450, 900, 1, 0, 0
92550, 940, 1, 0, 0
92650, 900, 1, 0, 0
92749, 939, 1, 0, 0
92849, 890, 1, 0, 0
92949, 950, 1, 0, 0
93049, 950, 1, 0, 0
93149, 910, 1, 0, 0
93249, 940, 1, 0, 0
93349, 910, 1, 0, 0
93449, 930, 1, 0, 0
93550, 900, 1, 0, 0
93650, 960, 1, 0, 0
93749, 929, 1, 0, 0
93849, 880, 1, 0, 0
93949, 930, 1, 0, 0
94049, 950, 1, 0, 0
94149, 940, 1, 0, 0
94249, 900, 1, 0, 0
94349, 890, 1, 0, 0
94449, 900, 1, 0, 0
94549, 930, 1, 0, 0
94649, 890, 1, 0, 0
94750, 910, 1, 0, 0
94850, 890, 1, 0, 0
94950, 920, 1, 0, 0
95050, 910, 1, 0, 0
95150, 890, 1, 0, 0
95249, 878, 1, 0, 0
95349, 900, 1, 0, 0
95449, 930, 1, 0, 0
95549, 900, 1, 0, 0
95649, 950, 1, 0, 0
95749, 910, 1, 0, 0
95849, 920, 1, 0, 0
95949, 910, 1, 0, 0
96050, 920, 1, 0, 0
96150, 910, 1, 0, 0
96249, 919, 1, 0, 0
96349, 930, 1, 0, 0
96449, 900, 1, 0, 0
96549, 900, 1, 0, 0
96649, 920, 1, 0, 0
96749, 930, 1, 0, 0
96849, 940, 1, 0, 0
96949, 910, 1, 0, 0
97049, 930, 1, 0, 0
97149, 870, 1, 0, 0
97249, 930, 1, 0, 0
97350, 920, 1, 0, 0
97450, 890, 1, 0, 0
97550, 910, 1, 0, 0
97650, 920, 1, 0, 0
97749, 898, 1, 0, 0
97849, 960, 1, 0, 0
97949, 890, 1, 0, 0
98049, 870, 1, 0, 0
98149, 940, 1, 0, 0
98249, 950, 1, 0, 0
98349, 870, 1, 0, 0
98449, 890, 1, 0, 0
98550, 890, 1, 0, 0
98650, 890, 1, 0, 0
98750, 910, 1, 0, 0
98850, 890, 1, 0, 0
98950, 910, 1, 0, 0
99050, 900, 1, 0, 0
99150, 910, 1, 0, 0
99249, 868, 1, 0, 0
99349, 910, 1, 0, 0
99449, 960, 1, 0, 0
99549, 900, 1, 0, 0
99649, 940, 1, 0, 0
99749, 910, 1, 0, 0
99849, 920, 1, 0, 0
99949, 890, 1, 0, 0
100050, 920, 1, 0, 0
100150, 910, 1, 0, 0
100249, 898, 1, 0, 0
100349, 940, 1, 0, 0
100449, 890, 1, 0, 0
100549, 980, 1, 0, 0
100649, 880, 1, 0, 0
100749, 910, 1, 0, 0
100849, 880, 1, 0, 0
100949, 850, 1, 0, 0
101049, 850, 1, 0, 0
101149, 920, 1, 0, 0
101250, 890, 1, 0, 0
101350, 890, 1, 0, 0
101450, 950, 1, 0, 0
101550, 930, 1, 0, 0
101650, 950, 1, 0, 0
101749, 858, 1, 0, 0
101849, 890, 1, 0, 0
101949, 920, 1, 0, 0
102049, 910, 1, 0, 0
102149, 880, 1, 0, 0
102249, 920, 1, 0, 0
102349, 860, 1, 0, 0
102449, 880, 1, 0, 0
102550, 910, 1, 0, 0
102650, 930, 1, 0, 0
102749, 898, 1, 0, 0
102849, 880, 1, 0, 0
102949, 870, 1, 0, 0
103049, 940, 1, 0, 0
103149, 880, 1, 0, 0
103249, 950, 1, 0, 0
103349, 900, 1, 0, 0
103449, 960, 1, 0, 0
103549, 980, 1, 0, 0
103650, 870, 1, 0, 0
103750, 890, 1, 0, 0
103850, 950, 1, 0, 0
103950, 920, 1, 0, 0
104050, 920, 1, 0, 0
104150, 960, 1, 0, 0
104249, 949, 1, 0, 0
104349, 900, 1, 0, 0
104449, 870, 1, 0, 0
104549, 910, 1, 0, 0
104649, 880, 1, 0, 0
104749, 950, 1, 0, 0
104849, 930, 1, 0, 0
104950, 920, 1, 0, 0
105050, 890, 1, 0, 0
105150, 950, 1, 0, 0
105249, 898, 1, 0, 0
105349, 930, 1, 0, 0
105449, 890, 1, 0, 0
105549, 890, 1, 0, 0
105649, 910, 1, 0, 0
105749, 910, 1, 0, 0
105849, 960, 1, 0, 0
105949, 940, 1, 0, 0
106049, 910, 1, 0, 0
106149, 950, 1, 0, 0
106250, 930, 1, 0, 0
106350, 920, 1, 0, 0
106450, 870, 1, 0, 0
106550, 960, 1, 0, 0
106650, 910, 1, 0, 0
106749, 919, 1, 0, 0
106849, 890, 1, 0, 0
106949, 920, 1, 0, 0
107049, 950, 1, 0, 0
107149, 960, 1, 0, 0
107249, 950, 1, 0, 0
107349, 940, 1, 0, 0
107449, 940, 1, 0, 0
107550, 980, 1, 0, 0
107650, 920, 1, 0, 0
107750, 930, 1, 0, 0
107850, 920, 1, 0, 0
107950, 930, 1, 0, 0
108050, 930, 1, 0, 0
108150, 910, 1, 0, 0
108249, 888, 1, 0, 0
108349, 940, 1, 0, 0
108449, 940, 1, 0, 0
108549, 940, 1, 0, 0
108649, 920, 1, 0, 0
108749, 950, 1, 0, 0
108850, 960, 1, 0, 0
108950, 920, 1, 0, 0
109050, 960, 1, 0, 0
109150, 890, 1, 0, 0
109249, 949, 1, 0, 0
109349, 960, 1, 0, 0
109449, 890, 1, 0, 0
109549, 930, 1, 0, 0
109649, 860, 1, 0, 0
109749, 910, 1, 0, 0
109849, 950, 1, 0, 0
109949, 870, 1, 0, 0
110049, 900, 1, 0, 0
110150, 930, 1, 0, 0
110250, 930, 1, 0, 0
110350, 850, 1, 0, 0
110450, 940, 1, 0, 0
110550, 890, 1, 0, 0
110650, 950, 1, 0, 0
110749, 959, 1, 0, 0
110849, 910, 1, 0, 0
110949, 890, 1, 0, 0
111049, 940, 1, 0, 0
111149, 900, 1, 0, 0
111249, 860, 1, 0, 0
111349, 920, 1, 0, 0
111449, 890, 1, 0, 0
111550, 920, 1, 0, 0
111650, 920, 1, 0, 0
111749, 919, 1, 0, 0
111849, 970, 1, 0, 0
111949, 970, 1, 0, 0
112049, 910, 1, 0, 0
112149, 890, 1, 0, 0
112249, 940, 1, 0, 0
112349, 920, 1, 0, 0
112449, 910, 1, 0, 0
112549, 950, 1, 0, 0
112649, 930, 1, 0, 0
112750, 930, 1, 0, 0
112850, 920, 1, 0, 0
112950, 920, 1, 0, 0
113050, 900, 1, 0, 0
113150, 900, 1, 0, 0
113249, 888, 1, 0, 0
113349, 920, 1, 0, 0
113449, 950, 1, 0, 0
113549, 940, 1, 0, 0
113649, 870, 1, 0, 0
113749, 920, 1, 0, 0
113849, 850, 1, 0, 0
113949, 860, 1, 0, 0
114050, 870, 1, 0, 0
114150, 910, 1, 0, 0
114249, 939, 1, 0, 0
114349, 930, 1, 0, 0
114449, 910, 1, 0, 0
114549, 880, 1, 0, 0
114649, 920, 1, 0, 0
114749, 900, 1, 0, 0
114849, 900, 1, 0, 0
114949, 930, 1, 0, 0
115049, 890, 1, 0, 0
115149, 890, 1, 0, 0
115249, 930, 1, 0, 0
115349, 970, 1, 0, 0
115450, 990, 1, 0, 0
115550, 830, 1, 0, 0
115650, 960, 1, 0, 0
115749, 939, 1, 0, 0
115849, 920, 1, 0, 0
115949, 940, 1, 0, 0
116049, 950, 1, 0, 0
116149, 980, 1, 0, 0
116249, 990, 1, 0, 0
116349, 900, 1, 0, 0
116449, 880, 1, 0, 0
116549, 910, 1, 0, 0
116650, 910, 1, 0, 0
116750, 900, 1, 0, 0
116850, 900, 1, 0, 0
116950, 870, 1, 0, 0
117050, 900, 1, 0, 0
117150, 930, 1, 0, 0
117249, 898, 1, 0, 0
117349, 910, 1, 0, 0
117449, 910, 1, 0, 0
117549, 970, 1, 0, 0
117649, 870, 1, 0, 0
117749, 910, 1, 0, 0
117849, 920, 1, 0, 0
117950, 910, 1, 0, 0
118050, 920, 1, 0, 0
118150, 940, 1, 0, 0
118249, 898, 1, 0, 0
118349, 910, 1, 0, 0
118449, 960, 1, 0, 0
118549, 960, 1, 0, 0
118649, 940, 1, 0, 0
118749, 930, 1, 0, 0
118849, 890, 1, 0, 0
118949, 920, 1, 0, 0
119049, 870, 1, 0, 0
119149, 940, 1, 0, 0
119250, 920, 1, 0, 0
119350, 910, 1, 0, 0
119450, 970, 1, 0, 0
119550, 940, 1, 0, 0
119650, 910, 1, 0, 0
119749, 898, 1, 0, 0
119849, 950, 1, 0, 0
119949, 940, 1, 0, 0
120049, 940, 1, 0, 0
120149, 940, 1, 0, 0
120249, 870, 1, 0, 0
120349, 910, 1, 0, 0
120449, 960, 1, 0, 0
120550, 890, 1, 0, 0
120650, 900, 1, 0, 0
120749, 888, 1, 0, 0
120849, 930, 1, 0, 0
120949, 940, 1, 0, 0
121049, 910, 1, 0, 0
121149, 960, 1, 0, 0
121249, 920, 1, 0, 0
121349, 920, 1, 0, 0
121449, 950, 1, 0, 0
121549, 910, 1, 0, 0
121649, 960, 1, 0, 0
121749, 910, 1, 0, 0
121849, 900, 1, 0, 0
121950, 920, 1, 0, 0
122050, 910, 1, 0, 0
122150, 900, 1, 0, 0
122249, 898, 1, 0, 0
122349, 930, 1, 0, 0
122449, 930, 1, 0, 0
122549, 940, 1, 0, 0
122649, 920, 1, 0, 0
122749, 950, 1, 0, 0
122849, 940, 1, 0, 0
122949, 900, 1, 0, 0
123049, 940, 1, 0, 0
123149, 930, 1, 0, 0
123250, 960, 1, 0, 0
123350, 930, 1, 0, 0
123450, 950, 1, 0, 0
123550, 960, 1, 0, 0
123650, 900, 1, 0, 0
123749, 929, 1, 0, 0
123849, 930, 1, 0, 0
123949, 950, 1, 0, 0
124049, 910, 1, 0, 0
124149, 890, 1, 0, 0
124249, 930, 1, 0, 0
124349, 900, 1, 0, 0
124449, 910, 1, 0, 0
124550, 900, 1, 0, 0
124650, 840, 1, 0, 0
124749, 919, 1, 0, 0
124849, 950, 1, 0, 0
124949, 930, 1, 0, 0
125049, 920, 1, 0, 0
125149, 940, 1, 0, 0
125249, 940, 1, 0, 0
125349, 890, 1, 0, 0
125449, 890, 1, 0, 0
125549, 940, 1, 0, 0
125649, 930, 1, 0, 0
125749, 970, 1, 0, 0
125849, 900, 1, 0, 0
125949, 950, 1, 0, 0
126050, 910, 1, 0, 0
126150, 920, 1, 0, 0
126249, 919, 1, 0, 0
126349, 940, 1, 0, 0
126449, 940, 1, 0, 0
126549, 920, 1, 0, 0
126649, 930, 1, 0, 0
126749, 950, 1, 0, 0
126849, 910, 1, 0, 0
126949, 930, 1, 0, 0
127049, 890, 1, 0, 0
127149, 940, 1, 0, 0
127250, 920, 1, 0, 0
127350, 950, 1, 0, 0
127450, 940, 1, 0, 0
127550, 930, 1, 0, 0
127650, 920, 1, 0, 0
127749, 979, 1, 0, 0
127849, 910, 1, 0, 0
127949, 920, 1, 0, 0
128049, 990, 1, 0, 0
128149, 990, 1, 0, 0
128249, 930, 1, 0, 0
128349, 940, 1, 0, 0
128449, 960, 1, 0, 0
128550, 940, 1, 0, 0
128650, 930, 1, 0, 0
128749, 959, 1, 0, 0
128849, 970, 1, 0, 0
128949, 940, 1, 0, 0
129049, 940, 1, 0, 0
129149, 970, 1, 0, 0
129249, 880, 1, 0, 0
129349, 950, 1, 0, 0
129449, 940, 1, 0, 0
129549, 910, 1, 0, 0
129649, 930, 1, 0, 0
129750, 930, 1, 0, 0
129850, 930, 1, 0, 0
129950, 910, 1, 0, 0
130050, 930, 1, 0, 0
130150, 920, 1, 0, 0
130249, 919, 1, 0, 0
130349, 870, 1, 0, 0
130449, 930, 1, 0, 0
130549, 930, 1, 0, 0
130649, 970, 1, 0, 0
130749, 960, 1, 0, 0
130849, 950, 1, 0, 0
130949, 950, 1, 0, 0
131050, 880, 1, 0, 0
131150, 920, 1, 0, 0
131249, 929, 1, 0, 0
131349, 880, 1, 0, 0
131449, 910, 1, 0, 0
131549, 890, 1, 0, 0
131649, 910, 1, 0, 0
131749, 870, 1, 0, 0
131849, 990, 1, 0, 0
131949, 920, 1, 0, 0
132049, 960, 1, 0, 0
132149, 930, 1, 0, 0
132249, 940, 1, 0, 0
132349, 930, 1, 0, 0
132450, 930, 1, 0, 0
132550, 940, 1, 0, 0
132650, 920, 1, 0, 0
132749, 909, 1, 0, 0
132849, 920, 1, 0, 0
132949, 960, 1, 0, 0
133049, 950, 1, 0, 0
133149, 940, 1, 0, 0
133249, 970, 1, 0, 0
133349, 940, 1, 0, 0
133449, 910, 1, 0, 0
133549, 940, 1, 0, 0
133649, 940, 1, 0, 0
133750, 970, 1, 0, 0
133850, 960, 1, 0, 0
133950, 930, 1, 0, 0
134050, 930, 1, 0, 0
134150, 900, 1, 0, 0
134249, 959, 1, 0, 0
134349, 970, 1, 0, 0
134449, 920, 1, 0, 0
134549, 900, 1, 0, 0
134649, 980, 1, 0, 0
134749, 920, 1, 0, 0
134849, 920, 1, 0, 0
134949, 920, 1, 0, 0
135050, 960, 1, 0, 0
135150, 950, 1, 0, 0
135250, 930, 1, 0, 0
135350, 930, 1, 0, 0
135450, 930, 1, 0, 0
135550, 940, 1, 0, 0
135650, 930, 1, 0, 0
135749, 898, 1, 0, 0
135849, 950, 1, 0, 0
135949, 900, 1, 0, 0
136049, 940, 1, 0, 0
136149, 920, 1, 0, 0
136249, 900, 1, 0, 0
136350, 890, 1, 0, 0
136450, 900, 1, 0, 0
136550, 910, 1, 0, 0
136650, 930, 1, 0, 0
136749, 919, 1, 0, 0
136849, 930, 1, 0, 0
136949, 900, 1, 0, 0
137049, 950, 1, 0, 0
137149, 930, 1, 0, 0
137249, 870, 1, 0, 0
137349, 920, 1, 0, 0
137449, 950, 1, 0, 0
137549, 940, 1, 0, 0
137649, 930, 1, 0, 0
137750, 890, 1, 0, 0
137850, 910, 1, 0, 0
137950, 910, 1, 0, 0
138050, 970, 1, 0, 0
138150, 940, 1, 0, 0
138249, 989, 1, 0, 0
138349, 920, 1, 0, 0
138449, 970, 1, 0, 0
138549, 960, 1, 0, 0
138649, 990, 1, 0, 0
138749, 910, 1, 0, 0
138849, 900, 1, 0, 0
138949, 910, 1, 0, 0
139050, 900, 1, 0, 0
139150, 960, 1, 0, 0
139249, 949, 1, 0, 0
139349, 930, 1, 0, 0
139449, 940, 1, 0, 0
139549, 950, 1, 0, 0
139649, 920, 1, 0, 0
139749, 920, 1, 0, 0
139849, 920, 1, 0, 0
139949, 940, 1, 0, 0
140049, 910, 1, 0, 0
140149, 940, 1, 0, 0
140250, 930, 1, 0, 0
140350, 890, 1, 0, 0
140450, 940, 1, 0, 0
140550, 940, 1, 0, 0
140650, 950, 1, 0, 0
140749, 919, 1, 0, 0
140849, 870, 1, 0, 0
140949, 890, 1, 0, 0
141049, 950, 1, 0, 0
141149, 940, 1, 0, 0
141249, 920, 1, 0, 0
141349, 910, 1, 0, 0
141449, 890, 1, 0, 0
141550, 940, 1, 0, 0
141650, 940, 1, 0, 0
141750, 900, 1, 0, 0
141850, 950, 1, 0, 0
141950, 930, 1, 0, 0
142050, 920, 1, 0, 0
142150, 920, 1, 0, 0
142249, 898, 1, 0, 0
142349, 930, 1, 0, 0
142449, 960, 1, 0, 0
142549, 940, 1, 0, 0
142649, 910, 1, 0, 0
142749, 920, 1, 0, 0
142850, 950, 1, 0, 0
142950, 930, 1, 0, 0
143050, 900, 1, 0, 0
143150, 970, 1, 0, 0
143249, 929, 1, 0, 0
143349, 920, 1, 0, 0
143449, 910, 1, 0, 0
143549, 900, 1, 0, 0
143649, 880, 1, 0, 0
143749, 890, 1, 0, 0
143849, 900, 1, 0, 0
143949, 930, 1, 0, 0
144049, 900, 1, 0, 0
144150, 900, 1, 0, 0
144250, 960, 1, 0, 0
144350, 920, 1, 0, 0
144450, 930, 1, 0, 0
144550, 910, 1, 0, 0
144650, 900, 1, 0, 0
144749, 959, 1, 0, 0
144849, 960, 1, 0, 0
144949, 940, 1, 0, 0
145049, 940, 1, 0, 0
145149, 930, 1, 0, 0
145249, 940, 1, 0, 0
145350, 920, 1, 0, 0
145450, 920, 1, 0, 0
145550, 900, 1, 0, 0
145650, 910, 1, 0, 0
145749, 878, 1, 0, 0
145849, 930, 1, 0, 0
145949, 980, 1, 0, 0
146049, 920, 1, 0, 0
146149, 900, 1, 0, 0
146249, 890, 1, 0, 0
146349, 930, 1, 0, 0
146449, 860, 1, 0, 0
146549, 890, 1, 0, 0
146649, 900, 1, 0, 0
146750, 940, 1, 0, 0
146850, 910, 1, 0, 0
146950, 900, 1, 0, 0
147050, 880, 1, 0, 0
147150, 970, 1, 0, 0
147249, 919, 1, 0, 0
147349, 940, 1, 0, 0
147449, 940, 1, 0, 0
147549, 900, 1, 0, 0
147649, 900, 1, 0, 0
147749, 940, 1, 0, 0
147849, 920, 1, 0, 0
147949, 870, 1, 0, 0
148050, 920, 1, 0, 0
148150, 910, 1, 0, 0
148249, 919, 1, 0, 0
148349, 910, 1, 0, 0
148449, 940, 1, 0, 0
148549, 900, 1, 0, 0
148649, 990, 1, 0, 0
148749, 940, 1, 0, 0
148849, 890, 1, 0, 0
148949, 940, 1, 0, 0
149049, 930, 1, 0, 0
149149, 940, 1, 0, 0
149250, 960, 1, 0, 0
149350, 950, 1, 0, 0
149450, 930, 1, 0, 0
149550, 920, 1, 0, 0
149650, 960, 1, 0, 0
149749, 909, 1, 0, 0
149849, 970, 1, 0, 0
149949, 940, 1, 0, 0
150049, 990, 1, 0, 0
150149, 940, 1, 0, 0
150249, 910, 1, 0, 0
150349, 950, 1, 0, 0
150449, 940, 1, 0, 0
150550, 940, 1, 0, 0
150650, 930, 1, 0, 0
150749, 929, 1, 0, 0
150849, 870, 1, 0, 0
150949, 890, 1, 0, 0
151049, 910, 1, 0, 0
151149, 880, 1, 0, 0
151249, 920, 1, 0, 0
151349, 860, 1, 0, 0
151449, 900, 1, 0, 0
151549, 960, 1, 0, 0
151649, 940, 1, 0, 0
151750, 950, 1, 0, 0
151850, 970, 1, 0, 0
151950, 950, 1, 0, 0
152050, 920, 1, 0, 0
152150, 870, 1, 0, 0
152249, 949, 1, 0, 0
152349, 970, 1, 0, 0
152449, 930, 1, 0, 0
152549, 940, 1, 0, 0
152649, 880, 1, 0, 0
152749, 910, 1, 0, 0
152849, 890, 1, 0, 0
152949, 910, 1, 0, 0
153050, 920, 1, 0, 0
153150, 930, 1, 0, 0
153250, 920, 1, 0, 0
153350, 920, 1, 0, 0
153450, 900, 1, 0, 0
153550, 890, 1, 0, 0
153650, 920, 1, 0, 0
153749, 939, 1, 0, 0
153849, 970, 1, 0, 0
153949, 920, 1, 0, 0
154049, 910, 1, 0, 0
154149, 960, 1, 0, 0
154249, 950, 1, 0, 0
154349, 900, 1, 0, 0
154450, 920, 1, 0, 0
154550, 890, 1, 0, 0
154650, 930, 1, 0, 0
154749, 929, 1, 0, 0
154849, 960, 1, 0, 0
154949, 920, 1, 0, 0
155049, 950, 1, 0, 0
155149, 940, 1, 0, 0
155249, 870, 1, 0, 0
155349, 940, 1, 0, 0
155449, 960, 1, 0, 0
155549, 940, 1, 0, 0
155649, 950, 1, 0, 0
155750, 920, 1, 0, 0
155850, 930, 1, 0, 0
155950, 910, 1, 0, 0
156050, 920, 1, 0, 0
156150, 900, 1, 0, 0
156249, 929, 1, 0, 0
156349, 850, 1, 0, 0
156449, 940, 1, 0, 0
156549, 920, 1, 0, 0
156649, 920, 1, 0, 0
156749, 920, 1, 0, 0
156849, 890, 1, 0, 0
156949, 910, 1, 0, 0
157050, 930, 1, 0, 0
157150, 940, 1, 0, 0
157249, 909, 1, 0, 0
157349, 900, 1, 0, 0
157449, 910, 1, 0, 0
157549, 950, 1, 0, 0
157649, 960, 1, 0, 0
157749, 880, 1, 0, 0
157849, 910, 1, 0, 0
157949, 920, 1, 0, 0
158049, 920, 1, 0, 0
158149, 950, 1, 0, 0
158250, 920, 1, 0, 0
158350, 950, 1, 0, 0
158450, 890, 1, 0, 0
158550, 900, 1, 0, 0
158650, 920, 1, 0, 0
158749, 939, 1, 0, 0
158849, 900, 1, 0, 0
158949, 920, 1, 0, 0
159049, 920, 1, 0, 0
159149, 930, 1, 0, 0
159249, 910, 1, 0, 0
159349, 880, 1, 0, 0
159449, 870, 1, 0, 0
159550, 900, 1, 0, 0
159650, 880, 1, 0, 0
159750, 910, 1, 0, 0
159850, 950, 1, 0, 0
159950, 930, 1, 0, 0
160050, 930, 1, 0, 0
160150, 940, 1, 0, 0
160249, 878, 1, 0, 0
160349, 860, 1, 0, 0
160449, 930, 1, 0, 0
160549, 910, 1, 0, 0
160649, 920, 1, 0, 0
160749, 970, 1, 0, 0
160849, 930, 1, 0, 0
160950, 920, 1, 0, 0
161050, 890, 1, 0, 0
161150, 950, 1, 0, 0
161249, 929, 1, 0, 0
161349, 910, 1, 0, 0
161449, 910, 1, 0, 0
161549, 860, 1, 0, 0
161649, 900, 1, 0, 0
161749, 930, 1, 0, 0
161849, 890, 1, 0, 0
161949, 870, 1, 0, 0
162049, 880, 1, 0, 0
162149, 900, 1, 0, 0
162250, 890, 1, 0, 0
162350, 910, 1, 0, 0
162450, 920, 1, 0, 0
162550, 880, 1, 0, 0
162650, 990, 1, 0, 0
162749, 969, 1, 0, 0
162849, 970, 1, 0, 0
162949, 960, 1, 0, 0
163049, 930, 1, 0, 0
163149, 920, 1, 0, 0
163249, 960, 1, 0, 0
163349, 950, 1, 0, 0
163450, 970, 1, 0, 0
163550, 930, 1, 0, 0
163650, 930, 1, 0, 0
163749, 888, 1, 0, 0
163849, 980, 1, 0, 0
163949, 950, 1, 0, 0
164049, 950, 1, 0, 0
164149, 950, 1, 0, 0
164249, 900, 1, 0, 0
164349, 990, 1, 0, 0
164449, 950, 1, 0, 0
164549, 900, 1, 0, 0
164649, 970, 1, 0, 0
164749, 950, 1, 0, 0
164850, 930, 1, 0, 0
164950, 910, 1, 0, 0
165050, 970, 1, 0, 0
165150, 980, 1, 0, 0
165249, 939, 1, 0, 0
165349, 920, 1, 0, 0
165449, 890, 1, 0, 0
165549, 890, 1, 0, 0
165649, 940, 1, 0, 0
165749, 920, 1, 0, 0
165849, 880, 1, 0, 0
165949, 910, 1, 0, 0
166050, 980, 1, 0, 0
166150, 920, 1, 0, 0
166249, 919, 1, 0, 0
166349, 920, 1, 0, 0
166449, 880, 1, 0, 0
166549, 930, 1, 0, 0
166649, 880, 1, 0, 0
166749, 900, 1, 0, 0
166849, 920, 1, 0, 0
166949, 950, 1, 0, 0
167049, 920, 1, 0, 0
167149, 920, 1, 0, 0
167249, 930, 1, 0, 0
167350, 930, 1, 0, 0
167450, 930, 1, 0, 0
167550, 930, 1, 0, 0
167650, 920, 1, 0, 0
167749, 919, 1, 0, 0
167849, 920, 1, 0, 0
167949, 940, 1, 0, 0
168049, 900, 1, 0, 0
168149, 910, 1, 0, 0
168249, 890, 1, 0, 0
168349, 960, 1, 0, 0
168449, 930, 1, 0, 0
168549, 950, 1, 0, 0
168650, 940, 1, 0, 0
168750, 960, 1, 0, 0
168850, 940, 1, 0, 0
168950, 950, 1, 0, 0
169050, 910, 1, 0, 0
169150, 940, 1, 0, 0
169249, 959, 1, 0, 0
169349, 920, 1, 0, 0
169449, 900, 1, 0, 0
169549, 930, 1, 0, 0
169649, 950, 1, 0, 0
169749, 930, 1, 0, 0
169849, 940, 1, 0, 0
169950, 910, 1, 0, 0
170050, 970, 1, 0, 0
170150, 940, 1, 0, 0
170249, 909, 1, 0, 0
170349, 900, 1, 0, 0
170449, 970, 1, 0, 0
170549, 960, 1, 0, 0
170649, 950, 1, 0, 0
170749, 990, 1, 0, 0
170849, 980, 1, 0, 0
170949, 920, 1, 0, 0
171049, 910, 1, 0, 0
171149, 950, 1, 0, 0
171250, 960, 1, 0, 0
171350, 950, 1, 0, 0
171450, 930, 1, 0, 0
171550, 930, 1, 0, 0
171650, 960, 1, 0, 0
171749, 919, 1, 0, 0
171849, 900, 1, 0, 0
171949, 960, 1, 0, 0
172049, 980, 1, 0, 0
172149, 910, 1, 0, 0
172249, 900, 1, 0, 0
172349, 920, 1, 0, 0
172449, 920, 1, 0, 0
172550, 920, 1, 0, 0
172650, 920, 1, 0, 0
172749, 929, 1, 0, 0
172849, 950, 1, 0, 0
172949, 930, 1, 0, 0
173049, 940, 1, 0, 0
173149, 940, 1, 0, 0
173249, 950, 1, 0, 0
173349, 920, 1, 0, 0
173449, 920, 1, 0, 0
173549, 910, 1, 0, 0
173649, 950, 1, 0, 0
173750, 900, 1, 0, 0
173850, 980, 1, 0, 0
173950, 920, 1, 0, 0
174050, 970, 1, 0, 0
174150, 930, 1, 0, 0
174249, 959, 1, 0, 0
174349, 940, 1, 0, 0
174449, 910, 1, 0, 0
174549, 960, 1, 0, 0
174649, 940, 1, 0, 0
174749, 970, 1, 0, 0
174849, 940, 1, 0, 0
174949, 930, 1, 0, 0
175049, 910, 1, 0, 0
175150, 930, 1, 0, 0
175250, 920, 1, 0, 0
175350, 930, 1, 0, 0
175450, 960, 1, 0, 0
175550, 930, 1, 0, 0
175650, 950, 1, 0, 0
175749, 929, 1, 0, 0
175849, 880, 1, 0, 0
175949, 930, 1, 0, 0
176049, 900, 1, 0, 0
176149, 950, 1, 0, 0
176249, 930, 1, 0, 0
176349, 950, 1, 0, 0
176450, 920, 1, 0, 0
176550, 900, 1, 0, 0
176650, 950, 1, 0, 0
176749, 989, 1, 0, 0
176849, 910, 1, 0, 0
176949, 950, 1, 0, 0
177049, 930, 1, 0, 0
177149, 990, 1, 0, 0
177249, 980, 1, 0, 0
177349, 970, 1, 0, 0
177449, 920, 1, 0, 0
177549, 930, 1, 0, 0
177649, 950, 1, 0, 0
177750, 960, 1, 0, 0
177850, 960, 1, 0, 0
177950, 970, 1, 0, 0
178050, 930, 1, 0, 0
178150, 920, 1, 0, 0
178249, 969, 1, 0, 0
178349, 940, 1, 0, 0
178449, 970, 1, 0, 0
178549, 970, 1, 0, 0
178649, 960, 1, 0, 0
178749, 930, 1, 0, 0
178849, 940, 1, 0, 0
178949, 980, 1, 0, 0
179050, 970, 1, 0, 0
179150, 960, 1, 0, 0
179249, 959, 1, 0, 0
179349, 950, 1, 0, 0
179449, 950, 1, 0, 0
179549, 950, 1, 0, 0
179649, 970, 1, 0, 0
179749, 930, 1, 0, 0
179849, 950, 1, 0, 0
179949, 960, 1, 0, 0
180049, 1000, 1, 0, 0
180149, 960, 1, 0, 0
180250, 940, 1, 0, 0
180350, 960, 1, 0, 0
180450, 940, 1, 0, 0
180550, 960, 1, 0, 0
180650, 890, 1, 0, 0
180749, 929, 1, 0, 0
180849, 950, 1, 0, 0
180949, 930, 1, 0, 0
181049, 920, 1, 0, 0
181149, 980, 1, 0, 0
181249, 940, 1, 0, 0
181349, 950, 1, 0, 0
181449, 890, 1, 0, 0
181550, 980, 1, 0, 0
181650, 960, 1, 0, 0
181750, 920, 1, 0, 0
181850, 950, 1, 0, 0
181950, 940, 1, 0, 0
182050, 920, 1, 0, 0
182150, 970, 1, 0, 0
182249, 989, 1, 0, 0
182349, 990, 1, 0, 0
182449, 940, 1, 0, 0
182549, 970, 1, 0, 0
182649, 1020, 1, 0, 0
182749, 960, 1, 0, 0
182850, 900, 1, 0, 0
182950, 910, 1, 0, 0
183050, 890, 1, 0, 0
183150, 940, 1, 0, 0
183249, 929, 1, 0, 0
183349, 950, 1, 0, 0
183449, 940, 1, 0, 0
183549, 980, 1, 0, 0
183649, 950, 1, 0, 0
183749, 960, 1, 0, 0
183849, 920, 1, 0, 0
183949, 930, 1, 0, 0
184049, 970, 1, 0, 0
184150, 940, 1, 0, 0
184250, 960, 1, 0, 0
184350, 1010, 1, 0, 0
184450, 1000, 1, 0, 0
184550, 940, 1, 0, 0
184650, 950, 1, 0, 0
184749, 959, 1, 0, 0
184849, 930, 1, 0, 0
184949, 940, 1, 0, 0
185049, 950, 1, 0, 0
185149, 930, 1, 0, 0
185249, 920, 1, 0, 0
185349, 900, 1, 0, 0
185449, 890, 1, 0, 0
185550, 940, 1, 0, 0
185650, 910, 1, 0, 0
185749, 929, 1, 0, 0
185849, 920, 1, 0, 0
185949, 960, 1, 0, 0
186049, 910, 1, 0, 0
186149, 940, 1, 0, 0
186249, 920, 1, 0, 0
186349, 950, 1, 0, 0
186449, 950, 1, 0, 0
186549, 920, 1, 0, 0
186649, 950, 1, 0, 0
186750, 960, 1, 0, 0
186850, 960, 1, 0, 0
186950, 910, 1, 0, 0
187050, 970, 1, 0, 0
187150, 970, 1, 0, 0
187249, 959, 1, 0, 0
187349, 990, 1, 0, 0
187449, 950, 1, 0, 0
187549, 960, 1, 0, 0
187649, 900, 1, 0, 0
187749, 930, 1, 0, 0
187849, 960, 1, 0, 0
187949, 950, 1, 0, 0
188050, 1010, 1, 0, 0
188150, 930, 1, 0, 0
188250, 980, 1, 0, 0
188350, 980, 1, 0, 0
188450, 920, 1, 0, 0
188550, 920, 1, 0, 0
188650, 950, 1, 0, 0
188749, 888, 1, 0, 0
188849, 940, 1, 0, 0
188949, 970, 1, 0, 0
189049, 960, 1, 0, 0
189149, 1000, 1, 0, 0
189249, 930, 1, 0, 0
189349, 970, 1, 0, 0
189450, 1000, 1, 0, 0
189550, 910, 1, 0, 0
189650, 980, 1, 0, 0
189749, 949, 1, 0, 0
189849, 920, 1, 0, 0
189949, 970, 1, 0, 0
190049, 950, 1, 0, 0
190149, 920, 1, 0, 0
190249, 960, 1, 0, 0
190349, 930, 1, 0, 0
190449, 950, 1, 0, 0
190549, 970, 1, 0, 0
190650, 960, 1, 0, 0
190750, 930, 1, 0, 0
190850, 960, 1, 0, 0
190950, 920, 1, 0, 0
191050, 950, 1, 0, 0
191150, 900, 1, 0, 0
191249, 969, 1, 0, 0
191349, 970, 1, 0, 0
191449, 940, 1, 0, 0
191549, 990, 1, 0, 0
191649, 970, 1, 0, 0
191749, 940, 1, 0, 0
191849, 950, 1, 0, 0
191950, 910, 1, 0, 0
192050, 990, 1, 0, 0
192150, 960, 1, 0, 0
192249, 929, 1, 0, 0
192349, 980, 1, 0, 0
192449, 950, 1, 0, 0
192549, 950, 1, 0, 0
192649, 970, 1, 0, 0
192749, 950, 1, 0, 0
192849, 940, 1, 0, 0
192949, 990, 1, 0, 0
193049, 950, 1, 0, 0
193149, 1000, 1, 0, 0
193250, 990, 1, 0, 0
193350, 960, 1, 0, 0
193450, 940, 1, 0, 0
193550, 990, 1, 0, 0
193650, 960, 1, 0, 0
193749, 939, 1, 0, 0
193849, 930, 1, 0, 0
193949, 970, 1, 0, 0
194049, 940, 1, 0, 0
194149, 940, 1, 0, 0
194249, 940, 1, 0, 0
194349, 980, 1, 0, 0
194449, 950, 1, 0, 0
194550, 950, 1, 0, 0
194650, 890, 1, 0, 0
194749, 989, 1, 0, 0
194849, 940, 1, 0, 0
194949, 960, 1, 0, 0
195049, 940, 1, 0, 0
195149, 970, 1, 0, 0
195249, 950, 1, 0, 0
195349, 940, 1, 0, 0
195449, 950, 1, 0, 0
195549, 970, 1, 0, 0
195649, 970, 1, 0, 0
195750, 930, 1, 0, 0
195850, 940, 1, 0, 0
195950, 940, 1, 0, 0
196050, 970, 1, 0, 0
196150, 970, 1, 0, 0
196249, 949, 1, 0, 0
196349, 910, 1, 0, 0
196449, 980, 1, 0, 0
196549, 910, 1, 0, 0
196649, 930, 1, 0, 0
196749, 970, 1, 0, 0
196849, 940, 1, 0, 0
196949, 930, 1, 0, 0
197049, 950, 1, 0, 0
197149, 960, 1, 0, 0
197250, 970, 1, 0, 0
197350, 980, 1, 0, 0
197450, 930, 1, 0, 0
197550, 950, 1, 0, 0
197650, 970, 1, 0, 0
197749, 939, 1, 0, 0
197849, 930, 1, 0, 0
197949, 950, 1, 0, 0
198049, 930, 1, 0, 0
198149, 950, 1, 0, 0
198249, 980, 1, 0, 0
198349, 1000, 1, 0, 0
198449, 940, 1, 0, 0
198550, 970, 1, 0, 0
198650, 960, 1, 0, 0
198749, 949, 1, 0, 0
198849, 980, 1, 0, 0
198949, 970, 1, 0, 0
199049, 920, 1, 0, 0
199149, 970, 1, 0, 0
199249, 970, 1, 0, 0
199349, 930, 1, 0, 0
199449, 970, 1, 0, 0
199549, 930, 1, 0, 0
199649, 950, 1, 0, 0
199749, 960, 1, 0, 0
199850, 970, 1, 0, 0
199950, 960, 1, 0, 0
200050, 950, 1, 0, 0
200150, 960, 1, 0, 0
200249, 939, 1, 0, 0
200349, 970, 1, 0, 0
200449, 960, 1, 0, 0
200549, 920, 1, 0, 0
200649, 920, 1, 0, 0
200749, 920, 1, 0, 0
200849, 950, 1, 0, 0
200949, 950, 1, 0, 0
201050, 930, 1, 0, 0
201150, 930, 1, 0, 0
201250, 930, 1, 0, 0
201350, 940, 1, 0, 0
201450, 920, 1, 0, 0
201550, 920, 1, 0, 0
201650, 950, 1, 0, 0
201749, 959, 1, 0, 0
201849, 950, 1, 0, 0
201949, 970, 1, 0, 0
202049, 940, 1, 0, 0
202149, 960, 1, 0, 0
202250, 1040, 1, 0, 0
202350, 950, 1, 0, 0
202450, 980, 1, 0, 0
202550, 970, 1, 0, 0
202650, 940, 1, 0, 0
202749, 969, 1, 0, 0
202849, 930, 1, 0, 0
202949, 960, 1, 0, 0
203049, 950, 1, 0, 0
203149, 900, 1, 0, 0
203249, 920, 1, 0, 0
203349, 930, 1, 0, 0
203449, 950, 1, 0, 0
203549, 940, 1, 0, 0
203650, 920, 1, 0, 0
203750, 910, 1, 0, 0
203850, 910, 1, 0, 0
203950, 890, 1, 0, 0
204050, 940, 1, 0, 0
204150, 940, 1, 0, 0
204249, 919, 1, 0, 0
204349, 940, 1, 0, 0
204449, 960, 1, 0, 0
204549, 970, 1, 0, 0
204649, 960, 1, 0, 0
204749, 970, 1, 0, 0
204850, 920, 1, 0, 0
204950, 940, 1, 0, 0
205050, 930, 1, 0, 0
205150, 930, 1, 0, 0
205249, 888, 1, 0, 0
205349, 960, 1, 0, 0
205449, 940, 1, 0, 0
205549, 970, 1, 0, 0
205649, 990, 1, 0, 0
205749, 920, 1, 0, 0
205849, 960, 1, 0, 0
205949, 910, 1, 0, 0
206049, 900, 1, 0, 0
206149, 920, 1, 0, 0
206250, 900, 1, 0, 0
206350, 950, 1, 0, 0
206450, 950, 1, 0, 0
206550, 940, 1, 0, 0
206650, 930, 1, 0, 0
206749, 939, 1, 0, 0
206849, 990, 1, 0, 0
206949, 960, 1, 0, 0
207049, 980, 1, 0, 0
207149, 920, 1, 0, 0
207249, 950, 1, 0, 0
207349, 950, 1, 0, 0
207449, 930, 1, 0, 0
207550, 1000, 1, 0, 0
207650, 940, 1, 0, 0
207749, 969, 1, 0, 0
207849, 970, 1, 0, 0
207949, 940, 1, 0, 0
208049, 950, 1, 0, 0
208149, 950, 1, 0, 0
208249, 940, 1, 0, 0
208349, 930, 1, 0, 0
208449, 910, 1, 0, 0
208549, 950, 1, 0, 0
208649, 930, 1, 0, 0
208750, 920, 1, 0, 0
208850, 960, 1, 0, 0
208950, 970, 1, 0, 0
209050, 950, 1, 0, 0
209150, 1000, 1, 0, 0
209249, 979, 1, 0, 0
209349, 960, 1, 0, 0
209449, 950, 1, 0, 0
209549, 950, 1, 0, 0
209649, 920, 1, 0, 0
209749, 930, 1, 0, 0
209849, 930, 1, 0, 0
209949, 950, 1, 0, 0
210050, 940, 1, 0, 0
210150, 970, 1, 0, 0
210249, 959, 1, 0, 0
210349, 920, 1, 0, 0
210449, 950, 1, 0, 0
210549, 950, 1, 0, 0
210649, 960, 1, 0, 0
210749, 930, 1, 0, 0
210849, 960, 1, 0, 0
210949, 920, 1, 0, 0
211049, 1000, 1, 0, 0
211149, 930, 1, 0, 0
211250, 960, 1, 0, 0
211350, 960, 1, 0, 0
211450, 950, 1, 0, 0
211550, 960, 1, 0, 0
211650, 980, 1, 0, 0
211749, 949, 1, 0, 0
211849, 950, 1, 0, 0
211949, 960, 1, 0, 0
212049, 940, 1, 0, 0
212149, 970, 1, 0, 0
212249, 920, 1, 0, 0
212349, 1020, 1, 0, 0
212449, 970, 1, 0, 0
212549, 960, 1, 0, 0
212650, 960, 1, 0, 0
212750, 940, 1, 0, 0
212850, 930, 1, 0, 0
212950, 1010, 1, 0, 0
213050, 960, 1, 0, 0
213150, 970, 1, 0, 0
213249, 929, 1, 0, 0
213349, 990, 1, 0, 0
213449, 980, 1, 0, 0
213549, 940, 1, 0, 0
213649, 960, 1, 0, 0
213749, 960, 1, 0, 0
213849, 960, 1, 0, 0
213950, 960, 1, 0, 0
214050, 910, 1, 0, 0
214150, 940, 1, 0, 0
214249, 929, 1, 0, 0
214349, 960, 1, 0, 0
214449, 940, 1, 0, 0
214549, 970, 1, 0, 0
214649, 920, 1, 0, 0
214749, 950, 1, 0, 0
214849, 970, 1, 0, 0
214949, 920, 1, 0, 0
215049, 950, 1, 0, 0
215149, 960, 1, 0, 0
215250, 960, 1, 0, 0
215350, 940, 1, 0, 0
215450, 950, 1, 0, 0
215550, 970, 1, 0, 0
215650, 940, 1, 0, 0
215749, 969, 1, 0, 0
215849, 990, 1, 0, 0
215949, 980, 1, 0, 0
216049, 930, 1, 0, 0
216149, 960, 1, 0, 0
216249, 990, 1, 0, 0
216349, 970, 1, 0, 0
216449, 960, 1, 0, 0
216550, 990, 1, 0, 0
216650, 940, 1, 0, 0
216749, 939, 1, 0, 0
216849, 990, 1, 0, 0
216949, 930, 1, 0, 0
217049, 1000, 1, 0, 0
217149, 960, 1, 0, 0
217249, 930, 1, 0, 0
217349, 1000, 1, 0, 0
217449, 980, 1, 0, 0
217550, 970, 1, 0, 0
217650, 930, 1, 0, 0
217750, 920, 1, 0, 0
217850, 940, 1, 0, 0
217950, 910, 1, 0, 0
218050, 930, 1, 0, 0
218150, 880, 1, 0, 0
218249, 949, 1, 0, 0
218349, 920, 1, 0, 0
218449, 960, 1, 0, 0
218549, 920, 1, 0, 0
218649, 910, 1, 0, 0
218750, 950, 1, 0, 0
218850, 940, 1, 0, 0
218950, 950, 1, 0, 0
219050, 960, 1, 0, 0
219150, 960, 1, 0, 0
219249, 959, 1, 0, 0
219349, 930, 1, 0, 0
219449, 910, 1, 0, 0
219549, 920, 1, 0, 0
219649, 880, 1, 0, 0
219749, 950, 1, 0, 0
219849, 920, 1, 0, 0
219949, 930, 1, 0, 0
220050, 950, 1, 0, 0
220150, 960, 1, 0, 0
220250, 940, 1, 0, 0
220350, 960, 1, 0, 0
220450, 940, 1, 0, 0
220550, 950, 1, 0, 0
220650, 870, 1, 0, 0
220749, 979, 1, 0, 0
220849, 940, 1, 0, 0
220949, 940, 1, 0, 0
221049, 940, 1, 0, 0
221149, 930, 1, 0, 0
221249, 900, 1, 0, 0
221350, 930, 1, 0, 0
221450, 940, 1, 0, 0
221550, 920, 1, 0, 0
221650, 920, 1, 0, 0
221749, 959, 1, 0, 0
221849, 930, 1, 0, 0
221949, 960, 1, 0, 0
222049, 950, 1, 0, 0
222149, 970, 1, 0, 0
222249, 970, 1, 0, 0
222349, 880, 1, 0, 0
222449, 930, 1, 0, 0
222549, 940, 1, 0, 0
222650, 960, 1, 0, 0
222750, 960, 1, 0, 0
222850, 960, 1, 0, 0
222950, 1010, 1, 0, 0
223050, 960, 1, 0, 0
223150, 1020, 1, 0, 0
223249, 909, 1, 0, 0
223349, 980, 1, 0, 0
223449, 910, 1, 0, 0
223549, 970, 1, 0, 0
223649, 960, 1, 0, 0
223749, 980, 1, 0, 0
223849, 930, 1, 0, 0
223950, 960, 1, 0, 0
224050, 920, 1, 0, 0
224150, 930, 1, 0, 0
224249, 939, 1, 0, 0
224349, 940, 1, 0, 0
224449, 910, 1, 0, 0
224549, 890, 1, 0, 0
224649, 970, 1, 0, 0
224749, 900, 1, 0, 0
224849, 950, 1, 0, 0
224949, 950, 1, 0, 0
225049, 970, 1, 0, 0
225150, 960, 1, 0, 0
225250, 980, 1, 0, 0
225350, 950, 1, 0, 0
225450, 1010, 1, 0, 0
225550, 1020, 1, 0, 0
225650, 930, 1, 0, 0
225749, 979, 1, 0, 0
225849, 910, 1, 0, 0
225949, 960, 1, 0, 0
226049, 990, 1, 0, 0
226149, 960, 1, 0, 0
226249, 970, 1, 0, 0
226349, 950, 1, 0, 0
226450, 980, 1, 0, 0
226550, 990, 1, 0, 0
226650, 1010, 1, 0, 0
226749, 909, 1, 0, 0
226849, 980, 1, 0, 0
226949, 1000, 1, 0, 0
227049, 970, 1, 0, 0
227149, 950, 1, 0, 0
227249, 1000, 1, 0, 0
227349, 1000, 1, 0, 0
227449, 910, 1, 0, 0
227549, 910, 1, 0, 0
227649, 940, 1, 0, 0
227750, 930, 1, 0, 0
227850, 960, 1, 0, 0
227950, 960, 1, 0, 0
228050, 930, 1, 0, 0
228150, 980, 1, 0, 0
228249, 989, 1, 0, 0
228349, 970, 1, 0, 0
228449, 940, 1, 0, 0
228549, 940, 1, 0, 0
228649, 970, 1, 0, 0
228749, 1000, 1, 0, 0
228849, 1030, 1, 0, 0
228949, 950, 1, 0, 0
229050, 980, 1, 0, 0
229150, 1000, 1, 0, 0
229249, 939, 1, 0, 0
229349, 950, 1, 0, 0
229449, 940, 1, 0, 0
229549, 1000, 1, 0, 0
229649, 950, 1, 0, 0
229749, 950, 1, 0, 0
229849, 1010, 1, 0, 0
229949, 950, 1, 0, 0
230049, 950, 1, 0, 0
230149, 990, 1, 0, 0
230249, 990, 1, 0, 0
230350, 940, 1, 0, 0
230450, 950, 1, 0, 0
230550, 940, 1, 0, 0
230650, 970, 1, 0, 0
230749, 929, 1, 0, 0
230849, 970, 1, 0, 0
230949, 970, 1, 0, 0
231049, 950, 1, 0, 0
231149, 940, 1, 0, 0
231249, 970, 1, 0, 0
231349, 970, 1, 0, 0
231449, 950, 1, 0, 0
231550, 960, 1, 0, 0
231650, 990, 1, 0, 0
231750, 920, 1, 0, 0
231850, 980, 1, 0, 0
231950, 970, 1, 0, 0
232050, 980, 1, 0, 0
232150, 960, 1, 0, 0
232249, 929, 1, 0, 0
232349, 980, 1, 0, 0
232449, 980, 1, 0, 0
232549, 920, 1, 0, 0
232649, 970, 1, 0, 0
232749, 960, 1, 0, 0
232849, 930, 1, 0, 0
232950, 960, 1, 0, 0
233050, 930, 1, 0, 0
233150, 970, 1, 0, 0
233249, 959, 1, 0, 0
233349, 980, 1, 0, 0
233449, 950, 1, 0, 0
233549, 990, 1, 0, 0
233649, 920, 1, 0, 0
233749, 950, 1, 0, 0
233849, 970, 1, 0, 0
233949, 930, 1, 0, 0
234049, 950, 1, 0, 0
234149, 940, 1, 0, 0
234250, 990, 1, 0, 0
234350, 940, 1, 0, 0
234450, 980, 1, 0, 0
234550, 1000, 1, 0, 0
234650, 930, 1, 0, 0
234749, 939, 1, 0, 0
234849, 940, 1, 0, 0
234949, 990, 1, 0, 0
235049, 960, 1, 0, 0
235149, 920, 1, 0, 0
235249, 960, 1, 0, 0
235349, 960, 1, 0, 0
235449, 980, 1, 0, 0
235550, 980, 1, 0, 0
235650, 960, 1, 0, 0
235749, 979, 1, 0, 0
235849, 960, 1, 0, 0
235949, 980, 1, 0, 0
236049, 960, 1, 0, 0
236149, 970, 1, 0, 0
236249, 950, 1, 0, 0
236349, 970, 1, 0, 0
236449, 930, 1, 0, 0
236549, 960, 1, 0, 0
236649, 950, 1, 0, 0
236750, 970, 1, 0, 0
236850, 990, 1, 0, 0
236950, 930, 1, 0, 0
237050, 910, 1, 0, 0
237150, 1000, 1, 0, 0
237249, 939, 1, 0, 0
237349, 940, 1, 0, 0
237449, 940, 1, 0, 0
237549, 930, 1, 0, 0
237649, 900, 1, 0, 0
237749, 950, 1, 0, 0
237849, 970, 1, 0, 0
237949, 990, 1, 0, 0
238049, 1010, 1, 0, 0
238150, 920, 1, 0, 0
238250, 900, 1, 0, 0
238350, 940, 1, 0, 0
238450, 940, 1, 0, 0
238550, 930, 1, 0, 0
238650, 950, 1, 0, 0
238749, 929, 1, 0, 0
238849, 970, 1, 0, 0
238949, 950, 1, 0, 0
239049, 920, 1, 0, 0
239149, 930, 1, 0, 0
239249, 940, 1, 0, 0
239349, 920, 1, 0, 0
239450, 980, 1, 0, 0
239550, 900, 1, 0, 0
239650, 940, 1, 0, 0
239749, 919, 1, 0, 0
239849, 960, 1, 0, 0
239949, 970, 1, 0, 0
240049, 960, 1, 0, 0
240149, 960, 1, 0, 0
240249, 910, 1, 0, 0
240349, 950, 1, 0, 0
240449, 960, 1, 0, 0
240549, 940, 1, 0, 0
240649, 980, 1, 0, 0
240750, 950, 1, 0, 0
240850, 930, 1, 0, 0
240950, 960, 1, 0, 0
241050, 960, 1, 0, 0
241150, 940, 1, 0, 0
241249, 929, 1, 0, 0
241349, 960, 1, 0, 0
241449, 930, 1, 0, 0
241549, 920, 1, 0, 0
241649, 1000, 1, 0, 0
241749, 960, 1, 0, 0
241849, 940, 1, 0, 0
241949, 990, 1, 0, 0
242050, 940, 1, 0, 0
242150, 970, 1, 0, 0
242250, 980, 1, 0, 0
242350, 930, 1, 0, 0
242450, 920, 1, 0, 0
242550, 910, 1, 0, 0
242650, 970, 1, 0, 0
242749, 929, 1, 0, 0
242849, 910, 1, 0, 0
242949, 940, 1, 0, 0
243049, 920, 1, 0, 0
243149, 940, 1, 0, 0
243250, 990, 1, 0, 0
243350, 940, 1, 0, 0
243450, 960, 1, 0, 0
243550, 960, 1, 0, 0
243650, 920, 1, 0, 0
243749, 929, 1, 0, 0
243849, 940, 1, 0, 0
243949, 960, 1, 0, 0
244049, 920, 1, 0, 0
244149, 940, 1, 0, 0
244249, 980, 1, 0, 0
244349, 950, 1, 0, 0
244449, 950, 1, 0, 0
244550, 890, 1, 0, 0
244650, 940, 1, 0, 0
244750, 920, 1, 0, 0
244850, 940, 1, 0, 0
244950, 970, 1, 0, 0
245050, 960, 1, 0, 0
245150, 950, 1, 0, 0
245249, 929, 1, 0, 0
245349, 980, 1, 0, 0
245449, 940, 1, 0, 0
245549, 950, 1, 0, 0
245649, 950, 1, 0, 0
245749, 950, 1, 0, 0
245850, 970, 1, 0, 0
245950, 970, 1, 0, 0
246050, 980, 1, 0, 0
246150, 980, 1, 0, 0
246249, 969, 1, 0, 0
246349, 950, 1, 0, 0
246449, 950, 1, 0, 0
246549, 970, 1, 0, 0
246649, 1010, 1, 0, 0
246749, 960, 1, 0, 0
246849, 970, 1, 0, 0
246949, 970, 1, 0, 0
247049, 960, 1, 0, 0
247149, 990, 1, 0, 0
247250, 990, 1, 0, 0
247350, 970, 1, 0, 0
247450, 920, 1, 0, 0
247550, 940, 1, 0, 0
247650, 980, 1, 0, 0
247749, 949, 1, 0, 0
247849, 940, 1, 0, 0
247949, 1000, 1, 0, 0
248049, 970, 1, 0, 0
248149, 990, 1, 0, 0
248249, 970, 1, 0, 0
248349, 960, 1, 0, 0
248449, 990, 1, 0, 0
248550, 970, 1, 0, 0
248650, 980, 1, 0, 0
248750, 1000, 1, 0, 0
248850, 1000, 1, 0, 0
248950, 940, 1, 0, 0
249050, 950, 1, 0, 0
249150, 950, 1, 0, 0
249249, 959, 1, 0, 0
249349, 980, 1, 0, 0
249449, 1020, 1, 0, 0
249549, 970, 1, 0, 0
249649, 970, 1, 0, 0
249749, 990, 1, 0, 0
249850, 960, 1, 0, 0
249950, 970, 1, 0, 0
250050, 920, 1, 0, 0
250150, 960, 1, 0, 0
250249, 979, 1, 0, 0
250349, 960, 1, 0, 0
250449, 1000, 1, 0, 0
250549, 940, 1, 0, 0
250649, 960, 1, 0, 0
250749, 960, 1, 0, 0
250849, 970, 1, 0, 0
250949, 990, 1, 0, 0
251049, 960, 1, 0, 0
251150, 980, 1, 0, 0
251250, 1020, 1, 0, 0
251350, 990, 1, 0, 0
251450, 970, 1, 0, 0
251550, 1000, 1, 0, 0
251650, 1020, 1, 0, 0
251749, 959, 1, 0, 0
251849, 970, 1, 0, 0
251949, 950, 1, 0, 0
252049, 940, 1, 0, 0
252149, 930, 1, 0, 0
252249, 980, 1, 0, 0
252349, 990, 1, 0, 0
252449, 1000, 1, 0, 0
252550, 970, 1, 0, 0
252650, 990, 1, 0, 0
252750, 950, 1, 0, 0
252850, 980, 1, 0, 0
252950, 940, 1, 0, 0
253050, 960, 1, 0, 0
253150, 1010, 1, 0, 0
253249, 1000, 1, 0, 0
253349, 960, 1, 0, 0
253449, 980, 1, 0, 0
253549, 1000, 1, 0, 0
253649, 990, 1, 0, 0
253750, 960, 1, 0, 0
253850, 990, 1, 0, 0
253950, 890, 1, 0, 0
254050, 950, 1, 0, 0
254150, 940, 1, 0, 0
254249, 949, 1, 0, 0
254349, 980, 1, 0, 0
254449, 960, 1, 0, 0
254549, 920, 1, 0, 0
254649, 960, 1, 0, 0
254749, 970, 1, 0, 0
254849, 980, 1, 0, 0
254949, 990, 1, 0, 0
255050, 930, 1, 0, 0
255150, 970, 1, 0, 0
255250, 980, 1, 0, 0
255350, 930, 1, 0, 0
255450, 930, 1, 0, 0
255550, 970, 1, 0, 0
255650, 930, 1, 0, 0
255749, 989, 1, 0, 0
255849, 970, 1, 0, 0
255949, 970, 1, 0, 0
256049, 910, 1, 0, 0
256149, 980, 1, 0, 0
256249, 920, 1, 0, 0
256350, 950, 1, 0, 0
256450, 960, 1, 0, 0
256550, 980, 1, 0, 0
256650, 970, 1, 0, 0
256749, 959, 1, 0, 0
256849, 930, 1, 0, 0
256949, 950, 1, 0, 0
257049, 980, 1, 0, 0
257149, 930, 1, 0, 0
257249, 930, 1, 0, 0
257349, 940, 1, 0, 0
257449, 960, 1, 0, 0
257549, 910, 1, 0, 0
257650, 920, 1, 0, 0
257750, 910, 1, 0, 0
257850, 920, 1, 0, 0
257950, 940, 1, 0, 0
258050, 950, 1, 0, 0
258150, 970, 1, 0, 0
258249, 959, 1, 0, 0
258349, 990, 1, 0, 0
258449, 990, 1, 0, 0
258549, 990, 1, 0, 0
258649, 960, 1, 0, 0
258749, 940, 1, 0, 0
258849, 930, 1, 0, 0
258950, 930, 1, 0, 0
259050, 980, 1, 0, 0
259150, 920, 1, 0, 0
259249, 959, 1, 0, 0
259349, 920, 1, 0, 0
259449, 970, 1, 0, 0
259549, 970, 1, 0, 0
259649, 960, 1, 0, 0
259749, 980, 1, 0, 0
259849, 970, 1, 0, 0
259949, 990, 1, 0, 0
260049, 960, 1, 0, 0
260150, 950, 1, 0, 0
260250, 960, 1, 0, 0
260350, 960, 1, 0, 0
260450, 970, 1, 0, 0
260550, 1000, 1, 0, 0
260650, 970, 1, 0, 0
260749, 959, 1, 0, 0
260849, 950, 1, 0, 0
260949, 990, 1, 0, 0
261049, 1000, 1, 0, 0
261149, 970, 1, 0, 0
261249, 920, 1, 0, 0
261349, 970, 1, 0, 0
261449, 940, 1, 0, 0
261550, 960, 1, 0, 0
261650, 960, 1, 0, 0
261749, 929, 1, 0, 0
261849, 940, 1, 0, 0
261949, 950, 1, 0, 0
262049, 950, 1, 0, 0
262149, 970, 1, 0, 0
262249, 920, 1, 0, 0
262349, 960, 1, 0, 0
262449, 960, 1, 0, 0
262549, 970, 1, 0, 0
262649, 970, 1, 0, 0
262750, 980, 1, 0, 0
262850, 960, 1, 0, 0
262950, 960, 1, 0, 0
263050, 970, 1, 0, 0
263150, 910, 1, 0, 0
263249, 888, 1, 0, 0
263349, 930, 1, 0, 0
263449, 940, 1, 0, 0
263549, 950, 1, 0, 0
263649, 950, 1, 0, 0
263749, 960, 1, 0, 0
263849, 920, 1, 0, 0
263949, 980, 1, 0, 0
264050, 940, 1, 0, 0
264150, 960, 1, 0, 0
264250, 940, 1, 0, 0
264350, 930, 1, 0, 0
264450, 980, 1, 0, 0
264550, 1000, 1, 0, 0
264650, 940, 1, 0, 0
264749, 969, 1, 0, 0
264849, 950, 1, 0, 0
264949, 990, 1, 0, 0
265049, 950, 1, 0, 0
265149, 970, 1, 0, 0
265249, 910, 1, 0, 0
265350, 920, 1, 0, 0
265450, 950, 1, 0, 0
265550, 950, 1, 0, 0
265650, 960, 1, 0, 0
265749, 939, 1, 0, 0
265849, 970, 1, 0, 0
265949, 940, 1, 0, 0
266049, 960, 1, 0, 0
266149, 940, 1, 0, 0
266249, 970, 1, 0, 0
266349, 990, 1, 0, 0
266449, 910, 1, 0, 0
266550, 970, 1, 0, 0
266650, 960, 1, 0, 0
266750, 990, 1, 0, 0
266850, 950, 1, 0, 0
266950, 980, 1, 0, 0
267050, 920, 1, 0, 0
267150, 950, 1, 0, 0
267249, 959, 1, 0, 0
267349, 960, 1, 0, 0
267449, 960, 1, 0, 0
267549, 950, 1, 0, 0
267649, 990, 1, 0, 0
267749, 950, 1, 0, 0
267849, 930, 1, 0, 0
267950, 910, 1, 0, 0
268050, 960, 1, 0, 0
268150, 960, 1, 0, 0
268249, 989, 1, 0, 0
268349, 930, 1, 0, 0
268449, 930, 1, 0, 0
268549, 900, 1, 0, 0
268649, 930, 1, 0, 0
268749, 940, 1, 0, 0
268849, 940, 1, 0, 0
268949, 1010, 1, 0, 0
269049, 940, 1, 0, 0
269150, 970, 1, 0, 0
269250, 990, 1, 0, 0
269350, 950, 1, 0, 0
269450, 950, 1, 0, 0
269550, 960, 1, 0, 0
269650, 930, 1, 0, 0
269749, 919, 1, 0, 0
269849, 950, 1, 0, 0
269949, 910, 1, 0, 0
270049, 970, 1, 0, 0
270149, 900, 1, 0, 0
270249, 940, 1, 0, 0
270349, 980, 1, 0, 0
270450, 990, 1, 0, 0
270550, 960, 1, 0, 0
270650, 980, 1, 0, 0
270750, 910, 1, 0, 0
270850, 1000, 1, 0, 0
270950, 980, 1, 0, 0
271050, 960, 1, 0, 0
271150, 960, 1, 0, 0
271249, 949, 1, 0, 0
271349, 950, 1, 0, 0
271449, 920, 1, 0, 0
271549, 990, 1, 0, 0
271650, 940, 1, 0, 0
271750, 920, 1, 0, 0
271850, 950, 1, 0, 0
271950, 920, 1, 0, 0
272050, 990, 1, 0, 0
272150, 950, 1, 0, 0
272249, 878, 1, 0, 0
272349, 920, 1, 0, 0
272449, 930, 1, 0, 0
272549, 920, 1, 0, 0
272649, 940, 1, 0, 0
272749, 960, 1, 0, 0
272849, 990, 1, 0, 0
272950, 980, 1, 0, 0
273050, 1000, 1, 0, 0
273150, 970, 1, 0, 0
273250, 960, 1, 0, 0
273350, 990, 1, 0, 0
273450, 960, 1, 0, 0
273550, 1000, 1, 0, 0
273650, 960, 1, 0, 0
273749, 1000, 1, 0, 0
273849, 1010, 1, 0, 0
273949, 970, 1, 0, 0
274049, 990, 1, 0, 0
274149, 950, 1, 0, 0
274250, 950, 1, 0, 0
274350, 1000, 1, 0, 0
274450, 980, 1, 0, 0
274550, 970, 1, 0, 0
274650, 960, 1, 0, 0
274749, 979, 1, 0, 0
274849, 940, 1, 0, 0
274949, 960, 1, 0, 0
275049, 970, 1, 0, 0
275149, 920, 1, 0, 0
275249, 990, 1, 0, 0
275349, 980, 1, 0, 0
275449, 930, 1, 0, 0
275550, 960, 1, 0, 0
275650, 970, 1, 0, 0
275750, 950, 1, 0, 0
275850, 990, 1, 0, 0
275950, 970, 1, 0, 0
276050, 950, 1, 0, 0
276150, 950, 1, 0, 0
276249, 929, 1, 0, 0
276349, 960, 1, 0, 0
276449, 990, 1, 0, 0
276549, 940, 1, 0, 0
276649, 980, 1, 0, 0
276749, 930, 1, 0, 0
276850, 970, 1, 0, 0
276950, 980, 1, 0, 0
277050, 920, 1, 0, 0
277150, 990, 1, 0, 0
277249, 929, 1, 0, 0
277349, 950, 1, 0, 0
277449, 920, 1, 0, 0
277549, 920, 1, 0, 0
277649, 940, 1, 0, 0
277749, 960, 1, 0, 0
277849, 910, 1, 0, 0
277949, 940, 1, 0, 0
278049, 920, 1, 0, 0
278150, 980, 1, 0, 0
278250, 970, 1, 0, 0
278350, 940, 1, 0, 0
278450, 950, 1, 0, 0
278550, 980, 1, 0, 0
278650, 950, 1, 0, 0
278749, 989, 1, 0, 0
278849, 890, 1, 0, 0
278949, 960, 1, 0, 0
279049, 990, 1, 0, 0
279149, 930, 1, 0, 0
279249, 970, 1, 0, 0
279350, 950, 1, 0, 0
279450, 960, 1, 0, 0
279550, 890, 1, 0, 0
279650, 910, 1, 0, 0
279749, 969, 1, 0, 0
279849, 950, 1, 0, 0
279949, 950, 1, 0, 0
280049, 990, 1, 0, 0
280149, 1000, 1, 0, 0
280249, 940, 1, 0, 0
280349, 940, 1, 0, 0
280449, 970, 1, 0, 0
280549, 970, 1, 0, 0
280650, 920, 1, 0, 0
280750, 970, 1, 0, 0
280850, 950, 1, 0, 0
280950, 970, 1, 0, 0
281050, 950, 1, 0, 0
281150, 910, 1, 0, 0
281249, 1000, 1, 0, 0
281349, 940, 1, 0, 0
281449, 950, 1, 0, 0
281549, 970, 1, 0, 0
281649, 980, 1, 0, 0
281749, 950, 1, 0, 0
281849, 970, 1, 0, 0
281950, 990, 1, 0, 0
282050, 950, 1, 0, 0
282150, 910, 1, 0, 0
282250, 920, 1, 0, 0
282350, 910, 1, 0, 0
282450, 920, 1, 0, 0
282550, 910, 1, 0, 0
282650, 890, 1, 0, 0
282749, 909, 1, 0, 0
282849, 910, 1, 0, 0
282949, 920, 1, 0, 0
283049, 910, 1, 0, 0
283149, 880, 1, 0, 0
283250, 920, 1, 0, 0
283350, 880, 1, 0, 0
283450, 940, 1, 0, 0
283550, 940, 1, 0, 0
283650, 890, 1, 0, 0
283749, 949, 1, 0, 0
283849, 1000, 1, 0, 0
283949, 980, 1, 0, 0
284049, 980, 1, 0, 0
284149, 930, 1, 0, 0
284249, 920, 1, 0, 0
284349, 960, 1, 0, 0
284449, 940, 1, 0, 0
284550, 990, 1, 0, 0
284650, 950, 1, 0, 0
284750, 970, 1, 0, 0
284850, 1000, 1, 0, 0
284950, 950, 1, 0, 0
285050, 940, 1, 0, 0
285150, 930, 1, 0, 0
285249, 1000, 1, 0, 0
285349, 970, 1, 0, 0
285449, 980, 1, 0, 0
285549, 960, 1, 0, 0
285649, 920, 1, 0, 0
285750, 960, 1, 0, 0
285850, 980, 1, 0, 0
285950, 950, 1, 0, 0
286050, 920, 1, 0, 0
286150, 930, 1, 0, 0
286249, 909, 1, 0, 0
286349, 920, 1, 0, 0
286449, 950, 1, 0, 0
286549, 970, 1, 0, 0
286649, 960, 1, 0, 0
286749, 930, 1, 0, 0
286849, 940, 1, 0, 0
286949, 920, 1, 0, 0
287050, 950, 1, 0, 0
287150, 930, 1, 0, 0
287250, 960, 1, 0, 0
287350, 980, 1, 0, 0
287450, 960, 1, 0, 0
287550, 940, 1, 0, 0
287650, 950, 1, 0, 0
287749, 949, 1, 0, 0
287849, 930, 1, 0, 0
287949, 880, 1, 0, 0
288049, 890, 1, 0, 0
288149, 950, 1, 0, 0
288249, 960, 1, 0, 0
288350, 970, 1, 0, 0
288450, 920, 1, 0, 0
288550, 970, 1, 0, 0
288650, 900, 1, 0, 0
288750, 910, 1, 0, 0
288850, 940, 1, 0, 0
288950, 930, 1, 0, 0
289050, 950, 1, 0, 0
289150, 960, 1, 0, 0
289249, 919, 1, 0, 0
289349, 940, 1, 0, 0
289449, 940, 1, 0, 0
289549, 970, 1, 0, 0
289649, 940, 1, 0, 0
289750, 940, 1, 0, 0
289850, 960, 1, 0, 0
289950, 940, 1, 0, 0
290050, 940, 1, 0, 0
290150, 950, 1, 0, 0
290249, 939, 1, 0, 0
290349, 920, 1, 0, 0
290449, 960, 1, 0, 0
290549, 910, 1, 0, 0
290649, 970, 1, 0, 0
290749, 950, 1, 0, 0
290849, 950, 1, 0, 0
290949, 920, 1, 0, 0
291050, 950, 1, 0, 0
291150, 970, 1, 0, 0
291250, 970, 1, 0, 0
291350, 960, 1, 0, 0
291450, 940, 1, 0, 0
291550, 930, 1, 0, 0
291650, 900, 1, 0, 0
291749, 929, 1, 0, 0
291849, 940, 1, 0, 0
291949, 940, 1, 0, 0
292049, 930, 1, 0, 0
292149, 980, 1, 0, 0
292250, 940, 1, 0, 0
292350, 980, 1, 0, 0
292450, 920, 1, 0, 0
292550, 940, 1, 0, 0
292650, 950, 1, 0, 0
292749, 898, 1, 0, 0
292849, 970, 1, 0, 0
292949, 910, 1, 0, 0
293049, 960, 1, 0, 0
293149, 960, 1, 0, 0
293249, 970, 1, 0, 0
293349, 870, 1, 0, 0
293449, 930, 1, 0, 0
293550, 940, 1, 0, 0
293650, 950, 1, 0, 0
293750, 900, 1, 0, 0
293850, 930, 1, 0, 0
293950, 940, 1, 0, 0
294050, 890, 1, 0, 0
294150, 860, 1, 0, 0
294249, 939, 1, 0, 0
294349, 970, 1, 0, 0
294449, 960, 1, 0, 0
294549, 950, 1, 0, 0
294649, 940, 1, 0, 0
294749, 910, 1, 0, 0
294849, 920, 1, 0, 0
294950, 960, 1, 0, 0
295050, 970, 1, 0, 0
295150, 940, 1, 0, 0
295250, 970, 1, 0, 0
295350, 940, 1, 0, 0
295450, 930, 1, 0, 0
295550, 980, 1, 0, 0
295650, 940, 1, 0, 0
295749, 979, 1, 0, 0
295849, 940, 1, 0, 0
295949, 930, 1, 0, 0
296049, 980, 1, 0, 0
296150, 1010, 1, 0, 0
296250, 970, 1, 0, 0
296350, 960, 1, 0, 0
296450, 950, 1, 0, 0
296550, 910, 1, 0, 0
296650, 940, 1, 0, 0
296749, 979, 1, 0, 0
296849, 990, 1, 0, 0
296949, 940, 1, 0, 0
297049, 920, 1, 0, 0
297149, 920, 1, 0, 0
297249, 950, 1, 0, 0
297349, 910, 1, 0, 0
297449, 960, 1, 0, 0
297550, 960, 1, 0, 0
297650, 950, 1, 0, 0
297750, 950, 1, 0, 0
297850, 940, 1, 0, 0
297950, 950, 1, 0, 0
298050, 940, 1, 0, 0
298150, 980, 1, 0, 0
298249, 969, 1, 0, 0
298349, 990, 1, 0, 0
298449, 980, 1, 0, 0
298549, 1030, 1, 0, 0
298649, 950, 1, 0, 0
298750, 950, 1, 0, 0
298850, 950, 1, 0, 0
298950, 960, 1, 0, 0
299050, 940, 1, 0, 0
299150, 980, 1, 0, 0
299249, 939, 1, 0, 0
299349, 930, 1, 0, 0
299449, 970, 1, 0, 0
299549, 920, 1, 0, 0
299649, 970, 1, 0, 0
299749, 990, 1, 0, 0
299849, 960, 1, 0, 0
299949, 910, 1, 0, 0
300050, 970, 1, 0, 0
300150, 950, 1, 0, 0
300250, 900, 1, 0, 0
300350, 920, 1, 0, 0
300450, 950, 1, 0, 0
300550, 920, 1, 0, 0
300650, 930, 1, 0, 0
300749, 989, 1, 0, 0
300849, 970, 1, 0, 0
300949, 950, 1, 0, 0
301049, 960, 1, 0, 0
301149, 990, 1, 0, 0
301250, 930, 1, 0, 0
301350, 920, 1, 0, 0
301450, 940, 1, 0, 0
301550, 930, 1, 0, 0
301650, 940, 1, 0, 0
301750, 920, 1, 0, 0
301850, 940, 1, 0, 0
301950, 980, 1, 0, 0
302050, 910, 1, 0, 0
302150, 940, 1, 0, 0
302249, 1000, 1, 0, 0
302349, 980, 1, 0, 0
302449, 950, 1, 0, 0
302549, 950, 1, 0, 0
302650, 1000, 1, 0, 0
302750, 950, 1, 0, 0
302850, 980, 1, 0, 0
302950, 980, 1, 0, 0
303050, 990, 1, 0, 0
303150, 1010, 1, 0, 0
303249, 989, 1, 0, 0
303349, 980, 1, 0, 0
303449, 950, 1, 0, 0
303549, 1010, 1, 0, 0
303649, 980, 1, 0, 0
303749, 1020, 1, 0, 0
303849, 1000, 1, 0, 0
303950, 970, 1, 0, 0
304050, 980, 1, 0, 0
304150, 960, 1, 0, 0
304250, 970, 1, 0, 0
304350, 950, 1, 0, 0
304450, 980, 1, 0, 0
304550, 920, 1, 0, 0
304650, 970, 1, 0, 0
304749, 1000, 1, 0, 0
304849, 1020, 1, 0, 0
304949, 960, 1, 0, 0
305049, 980, 1, 0, 0
305150, 1000, 1, 0, 0
305250, 980, 1, 0, 0
305350, 970, 1, 0, 0
305450, 970, 1, 0, 0
305550, 950, 1, 0, 0
305650, 970, 1, 0, 0
305749, 1020, 1, 0, 0
305849, 970, 1, 0, 0
305949, 980, 1, 0, 0
306049, 1010, 1, 0, 0
306149, 940, 1, 0, 0
306249, 970, 1, 0, 0
306349, 990, 1, 0, 0
306449, 940, 1, 0, 0
306550, 920, 1, 0, 0
306650, 920, 1, 0, 0
306750, 960, 1, 0, 0
306850, 970, 1, 0, 0
306950, 950, 1, 0, 0
307050, 980, 1, 0, 0
307150, 920, 1, 0, 0
307249, 1010, 1, 0, 0
307349, 940, 1, 0, 0
307449, 1030, 1, 0, 0
307550, 970, 1, 0, 0
307650, 990, 1, 0, 0
307750, 1010, 1, 0, 0
307850, 1010, 1, 0, 0
307950, 960, 1, 0, 0
308050, 1000, 1, 0, 0
308150, 970, 1, 0, 0
308249, 979, 1, 0, 0
308349, 960, 1, 0, 0
308449, 1000, 1, 0, 0
308549, 980, 1, 0, 0
308649, 940, 1, 0, 0
308750, 960, 1, 0, 0
308850, 980, 1, 0, 0
308950, 980, 1, 0, 0
309050, 990, 1, 0, 0
309150, 940, 1, 0, 0
309250, 980, 1, 0, 0
309350, 1000, 1, 0, 0
309450, 1000, 1, 0, 0
309550, 970, 1, 0, 0
309650, 930, 1, 0, 0
309749, 979, 1, 0, 0
309849, 950, 1, 0, 0
309949, 960, 1, 0, 0
310050, 990, 1, 0, 0
310150, 980, 1, 0, 0
310250, 950, 1, 0, 0
310350, 970, 1, 0, 0
310450, 970, 1, 0, 0
310550, 980, 1, 0, 0
310650, 1000, 1, 0, 0
310749, 949, 1, 0, 0
310849, 1000, 1, 0, 0
310949, 980, 1, 0, 0
311049, 970, 1, 0, 0
311149, 990, 1, 0, 0
311249, 940, 1, 0, 0
311350, 970, 1, 0, 0
311450, 980, 1, 0, 0
311550, 930, 1, 0, 0
311650, 940, 1, 0, 0
311750, 970, 1, 0, 0
311850, 960, 1, 0, 0
311950, 990, 1, 0, 0
312050, 970, 1, 0, 0
312150, 990, 1, 0, 0
312249, 959, 1, 0, 0
312349, 1010, 1, 0, 0
312449, 970, 1, 0, 0
312549, 990, 1, 0, 0
312650, 1000, 1, 0, 0
312750, 950, 1, 0, 0
312850, 960, 1, 0, 0
312950, 970, 1, 0, 0
313050, 1000, 1, 0, 0
313150, 950, 1, 0, 0
313249, 939, 1, 0, 0
313349, 960, 1, 0, 0
313449, 930, 1, 0, 0
313549, 930, 1, 0, 0
313649, 920, 1, 0, 0
313749, 930, 1, 0, 0
313849, 970, 1, 0, 0
313950, 930, 1, 0, 0
314050, 960, 1, 0, 0
314150, 980, 1, 0, 0
314250, 910, 1, 0, 0
314350, 950, 1, 0, 0
314450, 920, 1, 0, 0
314550, 910, 1, 0, 0
314650, 970, 1, 0, 0
314749, 1000, 1, 0, 0
314849, 990, 1, 0, 0
314949, 980, 1, 0, 0
315049, 920, 1, 0, 0
315150, 940, 1, 0, 0
315250, 960, 1, 0, 0
315350, 950, 1, 0, 0
315450, 970, 1, 0, 0
315550, 920, 1, 0, 0
315650, 950, 1, 0, 0
315749, 949, 1, 0, 0
315849, 970, 1, 0, 0
315949, 930, 1, 0, 0
316049, 920, 1, 0, 0
316149, 950, 1, 0, 0
316249, 970, 1, 0, 0
316350, 920, 1, 0, 0
316450, 920, 1, 0, 0
316550, 990, 1, 0, 0
316650, 940, 1, 0, 0
316750, 950, 1, 0, 0
316850, 950, 1, 0, 0
316950, 950, 1, 0, 0
317050, 960, 1, 0, 0
317150, 1010, 1, 0, 0
317249, 929, 1, 0, 0
317349, 980, 1, 0, 0
317449, 970, 1, 0, 0
317549, 1000, 1, 0, 0
317650, 990, 1, 0, 0
317750, 950, 1, 0, 0
317850, 990, 1, 0, 0
317950, 960, 1, 0, 0
318050, 1000, 1, 0, 0
318150, 960, 1, 0, 0
318249, 1000, 1, 0, 0
318349, 970, 1, 0, 0
318449, 950, 1, 0, 0
318549, 1010, 1, 0, 0
318649, 890, 1, 0, 0
318749, 930, 1, 0, 0
318849, 930, 1, 0, 0
318950, 910, 1, 0, 0
319050, 910, 1, 0, 0
319150, 1010, 1, 0, 0
319250, 940, 1, 0, 0
319350, 910, 1, 0, 0
319450, 920, 1, 0, 0
319550, 990, 1, 0, 0
319650, 990, 1, 0, 0
319749, 939, 1, 0, 0
319849, 950, 1, 0, 0
319949, 960, 1, 0, 0
320049, 960, 1, 0, 0
320149, 920, 1, 0, 0
320250, 970, 1, 0, 0
320350, 950, 1, 0, 0
320450, 930, 1, 0, 0
320550, 950, 1, 0, 0
320650, 960, 1, 0, 0
320750, 900, 1, 0, 0
320850, 990, 1, 0, 0
320950, 1000, 1, 0, 0
321050, 940, 1, 0, 0
321150, 900, 1, 0, 0
321249, 919, 1, 0, 0
321349, 960, 1, 0, 0
321449, 940, 1, 0, 0
321550, 920, 1, 0, 0
321650, 960, 1, 0, 0
321750, 980, 1, 0, 0
321850, 950, 1, 0, 0
321950, 1010, 1, 0, 0
322050, 990, 1, 0, 0
322150, 930, 1, 0, 0
322249, 949, 1, 0, 0
322349, 990, 1, 0, 0
322449, 930, 1, 0, 0
322549, 1040, 1, 0, 0
322649, 1000, 1, 0, 0
322750, 980, 1, 0, 0
322850, 980, 1, 0, 0
322950, 1000, 1, 0, 0
323050, 950, 1, 0, 0
323150, 980, 1, 0, 0
323250, 970, 1, 0, 0
323350, 940, 1, 0, 0
323450, 930, 1, 0, 0
323550, 960, 1, 0, 0
323650, 1000, 1, 0, 0
323749, 979, 1, 0, 0
323849, 950, 1, 0, 0
323949, 1000, 1, 0, 0
324049, 1010, 1, 0, 0
324150, 990, 1, 0, 0
324250, 990, 1, 0, 0
324350, 970, 1, 0, 0
324450, 1010, 1, 0, 0
324550, 980, 1, 0, 0
324650, 980, 1, 0, 0
324749, 888, 1, 0, 0
324849, 970, 1, 0, 0
324949, 1010, 1, 0, 0
325049, 970, 1, 0, 0
325149, 990, 1, 0, 0
325249, 1020, 1, 0, 0
325349, 1000, 1, 0, 0
325449, 970, 1, 0, 0
325550, 970, 1, 0, 0
325650, 950, 1, 0, 0
325750, 970, 1, 0, 0
325850, 940, 1, 0, 0
325950, 970, 1, 0, 0
326050, 980, 1, 0, 0
326150, 970, 1, 0, 0
326249, 989, 1, 0, 0
326349, 960, 1, 0, 0
326449, 980, 1, 0, 0
326549, 930, 1, 0, 0
326649, 900, 1, 0, 0
326750, 930, 1, 0, 0
326850, 930, 1, 0, 0
326950, 1000, 1, 0, 0
327050, 960, 1, 0, 0
327150, 1000, 1, 0, 0
327250, 990, 1, 0, 0
327350, 1010, 1, 0, 0
327450, 950, 1, 0, 0
327550, 980, 1, 0, 0
327650, 970, 1, 0, 0
327749, 989, 1, 0, 0
327849, 990, 1, 0, 0
327949, 920, 1, 0, 0
328050, 1010, 1, 0, 0
328150, 960, 1, 0, 0
328250, 950, 1, 0, 0
328350, 960, 1, 0, 0
328450, 970, 1, 0, 0
328550, 1000, 1, 0, 0
328650, 970, 1, 0, 0
328749, 959, 1, 0, 0
328849, 910, 1, 0, 0
328949, 940, 1, 0, 0
329049, 920, 1, 0, 0
329149, 970, 1, 0, 0
329250, 970, 1, 0, 0
329350, 960, 1, 0, 0
329450, 960, 1, 0, 0
329550, 980, 1, 0, 0
329650, 950, 1, 0, 0
329750, 970, 1, 0, 0
329850, 940, 1, 0, 0
329950, 980, 1, 0, 0
330050, 950, 1, 0, 0
330150, 930, 1, 0, 0
330249, 949, 1, 0, 0
330349, 980, 1, 0, 0
330449, 950, 1, 0, 0
330550, 960, 1, 0, 0
330650, 950, 1, 0, 0
330750, 990, 1, 0, 0
330850, 960, 1, 0, 0
330950, 940, 1, 0, 0
331050, 950, 1, 0, 0
331150, 960, 1, 0, 0
331249, 959, 1, 0, 0
331349, 940, 1, 0, 0
331449, 890, 1, 0, 0
331549, 920, 1, 0, 0
331649, 870, 1, 0, 0
331749, 930, 1, 0, 0
331849, 1010, 1, 0, 0
331950, 940, 1, 0, 0
332050, 960, 1, 0, 0
332150, 990, 1, 0, 0
332250, 950, 1, 0, 0
332350, 970, 1, 0, 0
332450, 980, 1, 0, 0
332550, 960, 1, 0, 0
332650, 950, 1, 0, 0
332749, 929, 1, 0, 0
332849, 970, 1, 0, 0
332949, 990, 1, 0, 0
333049, 950, 1, 0, 0
333149, 960, 1, 0, 0
333250, 960, 1, 0, 0
333350, 950, 1, 0, 0
333450, 930, 1, 0, 0
333550, 970, 1, 0, 0
333650, 930, 1, 0, 0
333750, 940, 1, 0, 0
333850, 920, 1, 0, 0
333950, 970, 1, 0, 0
334050, 970, 1, 0, 0
334150, 960, 1, 0, 0
334249, 909, 1, 0, 0
334349, 970, 1, 0, 0
334449, 960, 1, 0, 0
334550, 910, 1, 0, 0
334650, 920, 1, 0, 0
334750, 940, 1, 0, 0
334850, 980, 1, 0, 0
334950, 950, 1, 0, 0
335050, 990, 1, 0, 0
335150, 940, 1, 0, 0
335249, 919, 1, 0, 0
335349, 940, 1, 0, 0
335449, 930, 1, 0, 0
335549, 940, 1, 0, 0
335649, 980, 1, 0, 0
335749, 970, 1, 0, 0
335849, 980, 1, 0, 0
335950, 940, 1, 0, 0
336050, 910, 1, 0, 0
336150, 920, 1, 0, 0
336250, 1010, 1, 0, 0
336350, 980, 1, 0, 0
336450, 960, 1, 0, 0
336550, 960, 1, 0, 0
336650, 960, 1, 0, 0
336749, 929, 1, 0, 0
336849, 940, 1, 0, 0
336949, 970, 1, 0, 0
337049, 960, 1, 0, 0
337150, 980, 1, 0, 0
337250, 950, 1, 0, 0
337350, 940, 1, 0, 0
337450, 980, 1, 0, 0
337550, 980, 1, 0, 0
337650, 970, 1, 0, 0
337750, 970, 1, 0, 0
337850, 980, 1, 0, 0
337950, 1000, 1, 0, 0
338050, 960, 1, 0, 0
338150, 960, 1, 0, 0
338249, 929, 1, 0, 0
338349, 980, 1, 0, 0
338449, 950, 1, 0, 0
338550, 950, 1, 0, 0
338650, 930, 1, 0, 0
338750, 990, 1, 0, 0
338850, 980, 1, 0, 0
338950, 990, 1, 0, 0
339050, 990, 1, 0, 0
339150, 970, 1, 0, 0
339249, 979, 1, 0, 0
339349, 940, 1, 0, 0
339449, 960, 1, 0, 0
339549, 940, 1, 0, 0
339649, 940, 1, 0, 0
339750, 940, 1, 0, 0
339850, 960, 1, 0, 0
339950, 960, 1, 0, 0
340050, 950, 1, 0, 0
340150, 980, 1, 0, 0
340250, 980, 1, 0, 0
340350, 910, 1, 0, 0
340450, 990, 1, 0, 0
340550, 960, 1, 0, 0
340650, 990, 1, 0, 0
340749, 929, 1, 0, 0
340849, 990, 1, 0, 0
340949, 970, 1, 0, 0
341050, 950, 1, 0, 0
341150, 940, 1, 0, 0
341250, 940, 1, 0, 0
341350, 990, 1, 0, 0
341450, 960, 1, 0, 0
341550, 970, 1, 0, 0
341650, 950, 1, 0, 0
341749, 959, 1, 0, 0
341849, 970, 1, 0, 0
341949, 950, 1, 0, 0
342049, 970, 1, 0, 0
342149, 970, 1, 0, 0
342249, 980, 1, 0, 0
342350, 980, 1, 0, 0
342450, 930, 1, 0, 0
342550, 920, 1, 0, 0
342650, 930, 1, 0, 0
342750, 930, 1, 0, 0
342850, 920, 1, 0, 0
342950, 890, 1, 0, 0
343050, 960, 1, 0, 0
343150, 950, 1, 0, 0
343249, 929, 1, 0, 0
343349, 940, 1, 0, 0
343449, 940, 1, 0, 0
343549, 980, 1, 0, 0
343649, 960, 1, 0, 0
343750, 950, 1, 0, 0
343850, 920, 1, 0, 0
343950, 960, 1, 0, 0
344050, 990, 1, 0, 0
344150, 950, 1, 0, 0
344250, 990, 1, 0, 0
344350, 970, 1, 0, 0
344450, 910, 1, 0, 0
344550, 940, 1, 0, 0
344650, 940, 1, 0, 0
344749, 979, 1, 0, 0
344849, 930, 1, 0, 0
344949, 940, 1, 0, 0
345050, 960, 1, 0, 0
345150, 940, 1, 0, 0
345250, 920, 1, 0, 0
345350, 930, 1, 0, 0
345450, 980, 1, 0, 0
345550, 970, 1, 0, 0
345650, 950, 1, 0, 0
345749, 929, 1, 0, 0
345849, 960, 1, 0, 0
345949, 930, 1, 0, 0
346049, 960, 1, 0, 0
346149, 930, 1, 0, 0
346249, 940, 1, 0, 0
346349, 960, 1, 0, 0
346450, 980, 1, 0, 0
346550, 920, 1, 0, 0
346650, 950, 1, 0, 0
346750, 970, 1, 0, 0
346850, 930, 1, 0, 0
346950, 980, 1, 0, 0
347050, 930, 1, 0, 0
347150, 950, 1, 0, 0
347249, 949, 1, 0, 0
347349, 950, 1, 0, 0
347449, 950, 1, 0, 0
347549, 990, 1, 0, 0
347649, 980, 1, 0, 0
347750, 940, 1, 0, 0
347850, 950, 1, 0, 0
347950, 930, 1, 0, 0
348050, 970, 1, 0, 0
348150, 980, 1, 0, 0
348250, 940, 1, 0, 0
348350, 980, 1, 0, 0
348450, 950, 1, 0, 0
348550, 960, 1, 0, 0
348650, 920, 1, 0, 0
348749, 949, 1, 0, 0
348849, 950, 1, 0, 0
348949, 950, 1, 0, 0
349050, 930, 1, 0, 0
349150, 950, 1, 0, 0
349250, 990, 1, 0, 0
349350, 940, 1, 0, 0
349450, 960, 1, 0, 0
349550, 930, 1, 0, 0
349650, 950, 1, 0, 0
349749, 949, 1, 0, 0
349849, 990, 1, 0, 0
349949, 950, 1, 0, 0
350049, 960, 1, 0, 0
350149, 970, 1, 0, 0
350250, 950, 1, 0, 0
350350, 940, 1, 0, 0
350450, 960, 1, 0, 0
350550, 950, 1, 0, 0
350650, 940, 1, 0, 0
350750, 920, 1, 0, 0
350850, 930, 1, 0, 0
350950, 960, 1, 0, 0
351050, 970, 1, 0, 0
351150, 960, 1, 0, 0
351249, 949, 1, 0, 0
351349, 940, 1, 0, 0
351449, 950, 1, 0, 0
351550, 970, 1, 0, 0
351650, 990, 1, 0, 0
351750, 950, 1, 0, 0
351850, 920, 1, 0, 0
351950, 980, 1, 0, 0
352050, 990, 1, 0, 0
352150, 930, 1, 0, 0
352250, 950, 1, 0, 0
352350, 970, 1, 0, 0
352450, 940, 1, 0, 0
352550, 990, 1, 0, 0
352650, 990, 1, 0, 0
352749, 969, 1, 0, 0
352850, 940, 1, 0, 0
352950, 980, 1, 0, 0
353050, 940, 1, 0, 0
353150, 980, 1, 0, 0
353250, 970, 1, 0, 0
353350, 970, 1, 0, 0
353450, 1010, 1, 0, 0
353550, 970, 1, 0, 0
353650, 970, 1, 0, 0
353749, 959, 1, 0, 0
353849, 940, 1, 0, 0
353949, 1010, 1, 0, 0
354049, 930, 1, 0, 0
354149, 960, 1, 0, 0
354250, 980, 1, 0, 0
354350, 970, 1, 0, 0
354450, 970, 1, 0, 0
354550, 1010, 1, 0, 0
354650, 930, 1, 0, 0
354750, 960, 1, 0, 0
354850, 960, 1, 0, 0
354950, 980, 1, 0, 0
355050, 940, 1, 0, 0
355150, 950, 1, 0, 0
355249, 949, 1, 0, 0
355349, 950, 1, 0, 0
355449, 940, 1, 0, 0
355550, 950, 1, 0, 0
355650, 980, 1, 0, 0
355750, 1020, 1, 0, 0
355850, 980, 1, 0, 0
355950, 960, 1, 0, 0
356050, 980, 1, 0, 0
356150, 950, 1, 0, 0
356250, 1000, 1, 0, 0
356350, 960, 1, 0, 0
356450, 950, 1, 0, 0
356550, 990, 1, 0, 0
356650, 980, 1, 0, 0
356749, 1000, 1, 0, 0
356850, 930, 1, 0, 0
356950, 960, 1, 0, 0
357050, 950, 1, 0, 0
357150, 910, 1, 0, 0
357250, 980, 1, 0, 0
357350, 940, 1, 0, 0
357450, 980, 1, 0, 0
357550, 950, 1, 0, 0
357650, 940, 1, 0, 0
357749, 929, 1, 0, 0
357849, 970, 1, 0, 0
357949, 940, 1, 0, 0
358049, 930, 1, 0, 0
358149, 920, 1, 0, 0
358250, 910, 1, 0, 0
358350, 940, 1, 0, 0
358450, 960, 1, 0, 0
358550, 970, 1, 0, 0
358650, 960, 1, 0, 0
358750, 970, 1, 0, 0
358850, 950, 1, 0, 0
358950, 940, 1, 0, 0
359050, 930, 1, 0, 0
359150, 920, 1, 0, 0
359249, 989, 1, 0, 0
359349, 970, 1, 0, 0
359449, 990, 1, 0, 0
359550, 990, 1, 0, 0
359650, 940, 1, 0, 0
359750, 1000, 1, 0, 0
359850, 970, 1, 0, 0
359950, 970, 1, 0, 0
360050, 930, 1, 0, 0
360150, 960, 1, 0, 0
360249, 959, 1, 0, 0
360349, 930, 1, 0, 0
360449, 950, 1, 0, 0
360549, 940, 1, 0, 0
360649, 950, 1, 0, 0
360750, 990, 1, 0, 0
360850, 980, 1, 0, 0
360950, 960, 1, 0, 0
361050, 940, 1, 0, 0
361150, 960, 1, 0, 0
361250, 970, 1, 0, 0
361350, 960, 1, 0, 0
361450, 950, 1, 0, 0
361550, 960, 1, 0, 0
361650, 1000, 1, 0, 0
361749, 979, 1, 0, 0
361849, 960, 1, 0, 0
361949, 990, 1, 0, 0
362050, 960, 1, 0, 0
362150, 950, 1, 0, 0
362250, 980, 1, 0, 0
362350, 950, 1, 0, 0
362450, 970, 1, 0, 0
362550, 950, 1, 0, 0
362650, 950, 1, 0, 0
362749, 1000, 1, 0, 0
362849, 950, 1, 0, 0
362949, 960, 1, 0, 0
363049, 970, 1, 0, 0
363149, 960, 1, 0, 0
363250, 960, 1, 0, 0
363350, 950, 1, 0, 0
363450, 940, 1, 0, 0
363550, 920, 1, 0, 0
363650, 980, 1, 0, 0
363750, 960, 1, 0, 0
363850, 960, 1, 0, 0
363950, 980, 1, 0, 0
364050, 960, 1, 0, 0
364150, 980, 1, 0, 0
364249, 1010, 1, 0, 0
364349, 1000, 1, 0, 0
364449, 1000, 1, 0, 0
364550, 980, 1, 0, 0
364650, 980, 1, 0, 0
364750, 950, 1, 0, 0
364850, 990, 1, 0, 0
364950, 1010, 1, 0, 0
365050, 980, 1, 0, 0
365150, 940, 1, 0, 0
365250, 1000, 1, 0, 0
365350, 950, 1, 0, 0
365450, 960, 1, 0, 0
365550, 960, 1, 0, 0
365650, 960, 1, 0, 0
365749, 979, 1, 0, 0
365849, 1010, 1, 0, 0
365950, 940, 1, 0, 0
366050, 990, 1, 0, 0
366150, 970, 1, 0, 0
366250, 970, 1, 0, 0
366350, 990, 1, 0, 0
366450, 980, 1, 0, 0
366550, 990, 1, 0, 0
366650, 980, 1, 0, 0
366749, 989, 1, 0, 0
366849, 970, 1, 0, 0
366949, 960, 1, 0, 0
367049, 960, 1, 0, 0
367149, 940, 1, 0, 0
367250, 930, 1, 0, 0
367350, 960, 1, 0, 0
367450, 1000, 1, 0, 0
367550, 990, 1, 0, 0
367650, 940, 1, 0, 0
367750, 970, 1, 0, 0
367850, 1000, 1, 0, 0
367950, 980, 1, 0, 0
368050, 950, 1, 0, 0
368150, 1020, 1, 0, 0
368249, 1010, 1, 0, 0
368349, 970, 1, 0, 0
368449, 960, 1, 0, 0
368550, 940, 1, 0, 0
368650, 990, 1, 0, 0
368750, 970, 1, 0, 0
368850, 940, 1, 0, 0
368950, 1000, 1, 0, 0
369050, 960, 1, 0, 0
369150, 950, 1, 0, 0
369250, 930, 1, 0, 0
369350, 930, 1, 0, 0
369450, 990, 1, 0, 0
369550, 910, 1, 0, 0
369650, 1030, 1, 0, 0
369749, 949, 1, 0, 0
369850, 980, 1, 0, 0
369950, 960, 1, 0, 0
370050, 970, 1, 0, 0
370150, 970, 1, 0, 0
370250, 960, 1, 0, 0
370350, 930, 1, 0, 0
370450, 980, 1, 0, 0
370550, 920, 1, 0, 0
370650, 980, 1, 0, 0
370749, 1020, 1, 0, 0
370849, 980, 1, 0, 0
370949, 930, 1, 0, 0
371050, 970, 1, 0, 0
371150, 910, 1, 0, 0
371250, 1000, 1, 0, 0
371350, 990, 1, 0, 0
371450, 960, 1, 0, 0
371550, 900, 1, 0, 0
371650, 980, 1, 0, 0
371750, 970, 1, 0, 0
371850, 1020, 1, 0, 0
371950, 960, 1, 0, 0
372050, 950, 1, 0, 0
372150, 970, 1, 0, 0
372249, 939, 1, 0, 0
372349, 970, 1, 0, 0
372450, 950, 1, 0, 0
372550, 940, 1, 0, 0
372650, 960, 1, 0, 0
372750, 930, 1, 0, 0
372850, 960, 1, 0, 0
372950, 930, 1, 0, 0
373050, 950, 1, 0, 0
373150, 950, 1, 0, 0
373249, 989, 1, 0, 0
373349, 980, 1, 0, 0
373449, 990, 1, 0, 0
373549, 950, 1, 0, 0
373649, 1010, 1, 0, 0
373750, 1020, 1, 0, 0
373850, 1000, 1, 0, 0
373950, 970, 1, 0, 0
374050, 950, 1, 0, 0
374150, 1000, 1, 0, 0
374250, 1000, 1, 0, 0
374350, 950, 1, 0, 0
374450, 1010, 1, 0, 0
374550, 950, 1, 0, 0
374650, 970, 1, 0, 0
374749, 949, 1, 0, 0
374849, 960, 1, 0, 0
374949, 960, 1, 0, 0
375050, 960, 1, 0, 0
375150, 940, 1, 0, 0
375250, 990, 1, 0, 0
375350, 1000, 1, 0, 0
375450, 1000, 1, 0, 0
375550, 960, 1, 0, 0
375650, 1000, 1, 0, 0
375750, 990, 1, 0, 0
375850, 990, 1, 0, 0
375950, 960, 1, 0, 0
376050, 960, 1, 0, 0
376150, 950, 1, 0, 0
376249, 969, 1, 0, 0
376350, 950, 1, 0, 0
376450, 970, 1, 0, 0
376550, 950, 1, 0, 0
376650, 930, 1, 0, 0
376750, 920, 1, 0, 0
376850, 980, 1, 0, 0
376950, 990, 1, 0, 0
377050, 980, 1, 0, 0
377150, 970, 1, 0, 0
377249, 969, 1, 0, 0
377349, 960, 1, 0, 0
377449, 980, 1, 0, 0
377549, 950, 1, 0, 0
377649, 1020, 1, 0, 0
377750, 1000, 1, 0, 0
377850, 1000, 1, 0, 0
377950, 990, 1, 0, 0
378050, 1010, 1, 0, 0
378150, 970, 1, 0, 0
378250, 960, 1, 0, 0
378350, 940, 1, 0, 0
378450, 960, 1, 0, 0
378550, 990, 1, 0, 0
378650, 1000, 1, 0, 0
378749, 939, 1, 0, 0
378849, 970, 1, 0, 0
378949, 1020, 1, 0, 0
379050, 1010, 1, 0, 0
379150, 990, 1, 0, 0
379250, 970, 1, 0, 0
379350, 1010, 1, 0, 0
379450, 970, 1, 0, 0
379550, 1020, 1, 0, 0
379650, 1000, 1, 0, 0
379750, 920, 1, 0, 0
379850, 980, 1, 0, 0
379950, 990, 1, 0, 0
380050, 970, 1, 0, 0
380150, 970, 1, 0, 0
380249, 969, 1, 0, 0
380350, 990, 1, 0, 0
380450, 990, 1, 0, 0
380550, 950, 1, 0, 0
380650, 980, 1, 0, 0
380750, 930, 1, 0, 0
380850, 1010, 1, 0, 0
380950, 970, 1, 0, 0
381050, 930, 1, 0, 0
381150, 980, 1, 0, 0
381249, 989, 1, 0, 0
381349, 950, 1, 0, 0
381449, 970, 1, 0, 0
381549, 980, 1, 0, 0
381649, 990, 1, 0, 0
381750, 960, 1, 0, 0
381850, 1000, 1, 0, 0
381950, 910, 1, 0, 0
382050, 1000, 1, 0, 0
382150, 990, 1, 0, 0
382250, 1020, 1, 0, 0
382350, 1000, 1, 0, 0
382450, 990, 1, 0, 0
382550, 1000, 1, 0, 0
382650, 1010, 1, 0, 0
382749, 1030, 1, 0, 0
382849, 1050, 1, 0, 0
382949, 1040, 1, 0, 0
383050, 1010, 1, 0, 0
383150, 990, 1, 0, 0
383250, 1000, 1, 0, 0
383350, 970, 1, 0, 0
383450, 1000, 1, 0, 0
383550, 950, 1, 0, 0
383650, 980, 1, 0, 0
383750, 1000, 1, 0, 0
383850, 940, 1, 0, 0
383950, 970, 1, 0, 0
384050, 910, 1, 0, 0
384150, 1020, 1, 0, 0
384250, 979, 1, 0, 0
384350, 960, 1, 0, 0
384450, 980, 1, 0, 0
384550, 970, 1, 0, 0
384650, 940, 1, 0, 0
384750, 950, 1, 0, 0
384850, 970, 1, 0, 0
384950, 970, 1, 0, 0
385050, 940, 1, 0, 0
385150, 970, 1, 0, 0
385249, 939, 1, 0, 0
385349, 970, 1, 0, 0
385449, 1000, 1, 0, 0
385550, 980, 1, 0, 0
385650, 980, 1, 0, 0
385750, 970, 1, 0, 0
385850, 1010, 1, 0, 0
385950, 1020, 1, 0, 0
386050, 950, 1, 0, 0
386150, 980, 1, 0, 0
386250, 950, 1, 0, 0
386350, 990, 1, 0, 0
386450, 980, 1, 0, 0
386550, 960, 1, 0, 0
386650, 960, 1, 0, 0
386749, 979, 1, 0, 0
386849, 1020, 1, 0, 0
386949, 960, 1, 0, 0
387050, 1000, 1, 0, 0
387150, 980, 1, 0, 0
387250, 940, 1, 0, 0
387350, 950, 1, 0, 0
387450, 1000, 1, 0, 0
387550, 980, 1, 0, 0
387650, 970, 1, 0, 0
387750, 960, 1, 0, 0
387850, 990, 1, 0, 0
387950, 990, 1, 0, 0
388050, 990, 1, 0, 0
388150, 950, 1, 0, 0
388249, 989, 1, 0, 0
388350, 950, 1, 0, 0
388450, 950, 1, 0, 0
388550, 980, 1, 0, 0
388650, 970, 1, 0, 0
388750, 980, 1, 0, 0
388850, 950, 1, 0, 0
388950, 960, 1, 0, 0
389050, 940, 1, 0, 0
389150, 990, 1, 0, 0
389249, 1000, 1, 0, 0
389349, 1000, 1, 0, 0
389449, 980, 1, 0, 0
389549, 950, 1, 0, 0
389649, 950, 1, 0, 0
389750, 950, 1, 0, 0
389850, 960, 1, 0, 0
389950, 960, 1, 0, 0
390050, 1010, 1, 0, 0
390150, 1030, 1, 0, 0
390250, 990, 1, 0, 0
390350, 970, 1, 0, 0
390450, 920, 1, 0, 0
390550, 1010, 1, 0, 0
390650, 990, 1, 0, 0
390749, 959, 1, 0, 0
390849, 960, 1, 0, 0
390949, 960, 1, 0, 0
391050, 960, 1, 0, 0
391150, 950, 1, 0, 0
391250, 980, 1, 0, 0
391350, 980, 1, 0, 0
391450, 950, 1, 0, 0
391550, 980, 1, 0, 0
391650, 980, 1, 0, 0
391750, 970, 1, 0, 0
391850, 970, 1, 0, 0
391950, 970, 1, 0, 0
392050, 970, 1, 0, 0
392150, 950, 1, 0, 0
392250, 989, 1, 0, 0
392350, 910, 1, 0, 0
392450, 950, 1, 0, 0
392550, 940, 1, 0, 0
392650, 920, 1, 0, 0
392750, 990, 1, 0, 0
392850, 980, 1, 0, 0
392950, 990, 1, 0, 0
393050, 970, 1, 0, 0
393150, 940, 1, 0, 0
393249, 969, 1, 0, 0
393349, 940, 1, 0, 0
393449, 960, 1, 0, 0
393550, 960, 1, 0, 0
393650, 950, 1, 0, 0
393750, 940, 1, 0, 0
393850, 950, 1, 0, 0
393950, 950, 1, 0, 0
394050, 960, 1, 0, 0
394150, 980, 1, 0, 0
394250, 1000, 1, 0, 0
394350, 970, 1, 0, 0
394450, 990, 1, 0, 0
394550, 970, 1, 0, 0
394650, 900, 1, 0, 0
394749, 989, 1, 0, 0
394849, 900, 1, 0, 0
394950, 920, 1, 0, 0
395050, 940, 1, 0, 0
395150, 930, 1, 0, 0
395250, 1020, 1, 0, 0
395350, 990, 1, 0, 0
395450, 970, 1, 0, 0
395550, 960, 1, 0, 0
395650, 1010, 1, 0, 0
395750, 1000, 1, 0, 0
395850, 960, 1, 0, 0
395950, 980, 1, 0, 0
396050, 970, 1, 0, 0
396150, 930, 1, 0, 0
396250, 949, 1, 0, 0
396350, 930, 1, 0, 0
396450, 980, 1, 0, 0
396550, 950, 1, 0, 0
396650, 950, 1, 0, 0
396750, 990, 1, 0, 0
396850, 960, 1, 0, 0
396950, 970, 1, 0, 0
397050, 940, 1, 0, 0
397150, 970, 1, 0, 0
397249, 1000, 1, 0, 0
397349, 980, 1, 0, 0
397449, 950, 1, 0, 0
397550, 980, 1, 0, 0
397650, 980, 1, 0, 0
397750, 920, 1, 0, 0
397850, 970, 1, 0, 0
397950, 930, 1, 0, 0
398050, 970, 1, 0, 0
398150, 990, 1, 0, 0
398250, 970, 1, 0, 0
398350, 940, 1, 0, 0
398450, 950, 1, 0, 0
398550, 940, 1, 0, 0
398650, 930, 1, 0, 0
398750, 989, 1, 0, 0
398850, 970, 1, 0, 0
398950, 960, 1, 0, 0
399050, 960, 1, 0, 0
399150, 920, 1, 0, 0
399250, 910, 1, 0, 0
399350, 920, 1, 0, 0
399450, 940, 1, 0, 0
399550, 960, 1, 0, 0
399650, 940, 1, 0, 0
399749, 949, 1, 0, 0
399849, 970, 1, 0, 0
399949, 970, 1, 0, 0
400050, 1030, 1, 0, 0
400150, 1000, 1, 0, 0
400250, 980, 1, 0, 0
400350, 1000, 1, 0, 0
400450, 1000, 1, 0, 0
400550, 960, 1, 0, 0
400650, 1000, 1, 0, 0
400750, 990, 1, 0, 0
400850, 980, 1, 0, 0
400950, 1010, 1, 0, 0
401050, 950, 1, 0, 0
401150, 1010, 1, 0, 0
401249, 1000, 1, 0, 0
401349, 1010, 1, 0, 0
401450, 1030, 1, 0, 0
401550, 1020, 1, 0, 0
401650, 970, 1, 0, 0
401750, 980, 1, 0, 0
401850, 990, 1, 0, 0
401950, 970, 1, 0, 0
402050, 1010, 1, 0, 0
402150, 990, 1, 0, 0
402250, 980, 1, 0, 0
402350, 960, 1, 0, 0
402450, 1020, 1, 0, 0
402550, 1010, 1, 0, 0
402650, 960, 1, 0, 0
402750, 1030, 1, 0, 0
402850, 1010, 1, 0, 0
402950, 1000, 1, 0, 0
403050, 990, 1, 0, 0
403150, 960, 1, 0, 0
403250, 1020, 1, 0, 0
403350, 940, 1, 0, 0
403450, 970, 1, 0, 0
403550, 990, 1, 0, 0
403650, 930, 1, 0, 0
403749, 939, 1, 0, 0
403849, 950, 1, 0, 0
403949, 970, 1, 0, 0
404050, 990, 1, 0, 0
404150, 980, 1, 0, 0
404250, 950, 1, 0, 0
404350, 960, 1, 0, 0
404450, 950, 1, 0, 0
404550, 1000, 1, 0, 0
404650, 950, 1, 0, 0
404750, 930, 1, 0, 0
404850, 940, 1, 0, 0
404950, 950, 1, 0, 0
405050, 960, 1, 0, 0
405150, 950, 1, 0, 0
405249, 959, 1, 0, 0
405350, 990, 1, 0, 0
405450, 1000, 1, 0, 0
405550, 920, 1, 0, 0
405650, 980, 1, 0, 0
405750, 990, 1, 0, 0
405850, 940, 1, 0, 0
405950, 970, 1, 0, 0
406050, 940, 1, 0, 0
406150, 960, 1, 0, 0
406250, 940, 1, 0, 0
406350, 950, 1, 0, 0
406450, 970, 1, 0, 0
406550, 910, 1, 0, 0
406650, 940, 1, 0, 0
406750, 959, 1, 0, 0
406850, 950, 1, 0, 0
406950, 970, 1, 0, 0
407050, 980, 1, 0, 0
407150, 960, 1, 0, 0
407250, 940, 1, 0, 0
407350, 960, 1, 0, 0
407450, 940, 1, 0, 0
407550, 1000, 1, 0, 0
407650, 980, 1, 0, 0
407749, 949, 1, 0, 0
407849, 950, 1, 0, 0
407949, 980, 1, 0, 0
408050, 950, 1, 0, 0
408150, 930, 1, 0, 0
408250, 940, 1, 0, 0
408350, 970, 1, 0, 0
408450, 970, 1, 0, 0
408550, 950, 1, 0, 0
408650, 960, 1, 0, 0
408750, 960, 1, 0, 0
408850, 990, 1, 0, 0
408950, 970, 1, 0, 0
409050, 1020, 1, 0, 0
409150, 980, 1, 0, 0
409250, 939, 1, 0, 0
409350, 930, 1, 0, 0
409450, 950, 1, 0, 0
409550, 920, 1, 0, 0
409650, 970, 1, 0, 0
409750, 950, 1, 0, 0
409850, 1000, 1, 0, 0
409950, 950, 1, 0, 0
410050, 950, 1, 0, 0
410150, 960, 1, 0, 0
410249, 969, 1, 0, 0
410349, 960, 1, 0, 0
410449, 980, 1, 0, 0
410550, 970, 1, 0, 0
410650, 970, 1, 0, 0
410750, 950, 1, 0, 0
410850, 940, 1, 0, 0
410950, 960, 1, 0, 0
411050, 970, 1, 0, 0
411150, 910, 1, 0, 0
411250, 980, 1, 0, 0
411350, 930, 1, 0, 0
411450, 940, 1, 0, 0
411550, 930, 1, 0, 0
411650, 920, 1, 0, 0
411750, 969, 1, 0, 0
411850, 960, 1, 0, 0
411950, 890, 1, 0, 0
412050, 950, 1, 0, 0
412150, 960, 1, 0, 0
412250, 950, 1, 0, 0
412350, 920, 1, 0, 0
412450, 930, 1, 0, 0
412550, 930, 1, 0, 0
412650, 950, 1, 0, 0
412749, 969, 1, 0, 0
412849, 950, 1, 0, 0
412949, 980, 1, 0, 0
413050, 980, 1, 0, 0
413150, 960, 1, 0, 0
413250, 980, 1, 0, 0
413350, 960, 1, 0, 0
413450, 900, 1, 0, 0
413550, 990, 1, 0, 0
413650, 1020, 1, 0, 0
413750, 990, 1, 0, 0
413850, 980, 1, 0, 0
413950, 930, 1, 0, 0
414050, 970, 1, 0, 0
414150, 1010, 1, 0, 0
414249, 1010, 1, 0, 0
414350, 940, 1, 0, 0
414450, 940, 1, 0, 0
414550, 950, 1, 0, 0
414650, 970, 1, 0, 0
414750, 980, 1, 0, 0
414850, 970, 1, 0, 0
414950, 960, 1, 0, 0
415050, 950, 1, 0, 0
415150, 940, 1, 0, 0
415250, 930, 1, 0, 0
415350, 920, 1, 0, 0
415450, 970, 1, 0, 0
415550, 930, 1, 0, 0
415651, 930, 1, 0, 0
415750, 959, 1, 0, 0
415850, 990, 1, 0, 0
415950, 980, 1, 0, 0
416050, 980, 1, 0, 0
416150, 960, 1, 0, 0
416250, 990, 1, 0, 0
416350, 950, 1, 0, 0
416450, 970, 1, 0, 0
416550, 950, 1, 0, 0
416650, 960, 1, 0, 0
416749, 959, 1, 0, 0
416849, 990, 1, 0, 0
416950, 970, 1, 0, 0
417050, 940, 1, 0, 0
417150, 940, 1, 0, 0
417250, 980, 1, 0, 0
417350, 990, 1, 0, 0
417450, 900, 1, 0, 0
417550, 940, 1, 0, 0
417650, 960, 1, 0, 0
417750, 940, 1, 0, 0
417850, 920, 1, 0, 0
417950, 940, 1, 0, 0
418050, 950, 1, 0, 0
418150, 900, 1, 0, 0
418250, 1000, 1, 0, 0
418350, 930, 1, 0, 0
418450, 1000, 1, 0, 0
418550, 960, 1, 0, 0
418650, 960, 1, 0, 0
418750, 990, 1, 0, 0
418850, 970, 1, 0, 0
418950, 960, 1, 0, 0
419050, 920, 1, 0, 0
419150, 930, 1, 0, 0
419249, 969, 1, 0, 0
419349, 950, 1, 0, 0
419449, 990, 1, 0, 0
419550, 980, 1, 0, 0
419650, 970, 1, 0, 0
419750, 930, 1, 0, 0
419850, 950, 1, 0, 0
419950, 940, 1, 0, 0
420050, 1010, 1, 0, 0
420150, 940, 1, 0, 0
420250, 930, 1, 0, 0
420350, 950, 1, 0, 0
420450, 980, 1, 0, 0
420550, 970, 1, 0, 0
420650, 950, 1, 0, 0
420750, 949, 1, 0, 0
420850, 960, 1, 0, 0
420950, 920, 1, 0, 0
421050, 970, 1, 0, 0
421150, 940, 1, 0, 0
421250, 980, 1, 0, 0
421350, 980, 1, 0, 0
421450, 930, 1, 0, 0
421550, 970, 1, 0, 0
421650, 1000, 1, 0, 0
421750, 1000, 1, 0, 0
421850, 990, 1, 0, 0
421950, 1030, 1, 0, 0
422051, 960, 1, 0, 0
422151, 980, 1, 0, 0
422250, 979, 1, 0, 0
422350, 960, 1, 0, 0
422450, 950, 1, 0, 0
422550, 960, 1, 0, 0
422650, 970, 1, 0, 0
422750, 980, 1, 0, 0
422850, 990, 1, 0, 0
422950, 930, 1, 0, 0
423050, 940, 1, 0, 0
423150, 960, 1, 0, 0
423249, 949, 1, 0, 0
423350, 990, 1, 0, 0
423450, 960, 1, 0, 0
423550, 1010, 1, 0, 0
423650, 1000, 1, 0, 0
423750, 970, 1, 0, 0
423850, 1010, 1, 0, 0
423950, 980, 1, 0, 0
424050, 990, 1, 0, 0
424150, 980, 1, 0, 0
424250, 1020, 1, 0, 0
424350, 990, 1, 0, 0
424450, 930, 1, 0, 0
424550, 990, 1, 0, 0
424650, 980, 1, 0, 0
424750, 979, 1, 0, 0
424850, 1020, 1, 0, 0
424950, 980, 1, 0, 0
425050, 1010, 1, 0, 0
425150, 1000, 1, 0, 0
425250, 1000, 1, 0, 0
425350, 990, 1, 0, 0
425450, 1010, 1, 0, 0
425550, 1010, 1, 0, 0
425650, 980, 1, 0, 0
425749, 949, 1, 0, 0
425849, 1000, 1, 0, 0
425949, 970, 1, 0, 0
426050, 950, 1, 0, 0
426150, 1000, 1, 0, 0
426250, 1030, 1, 0, 0
426350, 980, 1, 0, 0
426450, 1000, 1, 0, 0
426550, 1010, 1, 0, 0
426650, 1030, 1, 0, 0
426750, 940, 1, 0, 0
426850, 1000, 1, 0, 0
426950, 950, 1, 0, 0
427050, 970, 1, 0, 0
427150, 950, 1, 0, 0
427249, 949, 1, 0, 0
427349, 990, 1, 0, 0
427450, 1020, 1, 0, 0
427550, 980, 1, 0, 0
427650, 960, 1, 0, 0
427750, 1000, 1, 0, 0
427850, 1000, 1, 0, 0
427950, 990, 1, 0, 0
428050, 940, 1, 0, 0
428150, 1010, 1, 0, 0
428250, 1000, 1, 0, 0
428350, 980, 1, 0, 0
428450, 980, 1, 0, 0
428550, 970, 1, 0, 0
428650, 960, 1, 0, 0
428750, 959, 1, 0, 0
428850, 970, 1, 0, 0
428950, 960, 1, 0, 0
429050, 970, 1, 0, 0
429150, 960, 1, 0, 0
429250, 1000, 1, 0, 0
429350, 960, 1, 0, 0
429450, 930, 1, 0, 0
429550, 940, 1, 0, 0
429650, 950, 1, 0, 0
429750, 980, 1, 0, 0
429850, 970, 1, 0, 0
429950, 930, 1, 0, 0
430050, 970, 1, 0, 0
430151, 950, 1, 0, 0
430250, 939, 1, 0, 0
430350, 940, 1, 0, 0
430450, 940, 1, 0, 0
430550, 930, 1, 0, 0
430650, 920, 1, 0, 0
430750, 960, 1, 0, 0
430850, 960, 1, 0, 0
430950, 910, 1, 0, 0
431050, 970, 1, 0, 0
431150, 950, 1, 0, 0
431249, 969, 1, 0, 0
431349, 960, 1, 0, 0
431449, 980, 1, 0, 0
431550, 980, 1, 0, 0
431650, 960, 1, 0, 0
431750, 1010, 1, 0, 0
431850, 970, 1, 0, 0
431950, 970, 1, 0, 0
432050, 920, 1, 0, 0
432150, 970, 1, 0, 0
432250, 990, 1, 0, 0
432350, 1000, 1, 0, 0
432450, 950, 1, 0, 0
432550, 970, 1, 0, 0
432651, 980, 1, 0, 0
432750, 989, 1, 0, 0
432850, 1010, 1, 0, 0
432950, 990, 1, 0, 0
433050, 990, 1, 0, 0
433150, 950, 1, 0, 0
433250, 980, 1, 0, 0
433350, 960, 1, 0, 0
433450, 970, 1, 0, 0
433550, 940, 1, 0, 0
433650, 960, 1, 0, 0
433749, 969, 1, 0, 0
433849, 970, 1, 0, 0
433949, 960, 1, 0, 0
434050, 990, 1, 0, 0
434150, 1000, 1, 0, 0
434250, 1000, 1, 0, 0
434350, 980, 1, 0, 0
434450, 990, 1, 0, 0
434550, 990, 1, 0, 0
434650, 960, 1, 0, 0
434750, 930, 1, 0, 0
434850, 960, 1, 0, 0
434950, 940, 1, 0, 0
435050, 970, 1, 0, 0
435150, 990, 1, 0, 0
435250, 989, 1, 0, 0
435350, 970, 1, 0, 0
435450, 920, 1, 0, 0
435550, 920, 1, 0, 0
435650, 970, 1, 0, 0
435750, 920, 1, 0, 0
435850, 950, 1, 0, 0
435950, 950, 1, 0, 0
436050, 890, 1, 0, 0
436150, 970, 1, 0, 0
436250, 930, 1, 0, 0
436350, 990, 1, 0, 0
436450, 970, 1, 0, 0
436551, 980, 1, 0, 0
436651, 970, 1, 0, 0
436750, 969, 1, 0, 0
436850, 960, 1, 0, 0
436950, 930, 1, 0, 0
437050, 960, 1, 0, 0
437150, 960, 1, 0, 0
437250, 960, 1, 0, 0
437350, 970, 1, 0, 0
437450, 990, 1, 0, 0
437550, 910, 1, 0, 0
437650, 950, 1, 0, 0
437750, 1010, 1, 0, 0
437850, 1010, 1, 0, 0
437950, 1020, 1, 0, 0
438050, 980, 1, 0, 0
438150, 980, 1, 0, 0
438250, 960, 1, 0, 0
438350, 970, 1, 0, 0
438450, 980, 1, 0, 0
438550, 990, 1, 0, 0
438650, 970, 1, 0, 0
438750, 910, 1, 0, 0
438850, 950, 1, 0, 0
438950, 950, 1, 0, 0
439051, 960, 1, 0, 0
439151, 970, 1, 0, 0
439250, 979, 1, 0, 0
439350, 980, 1, 0, 0
439450, 980, 1, 0, 0
439550, 940, 1, 0, 0
439650, 980, 1, 0, 0
439750, 950, 1, 0, 0
439850, 940, 1, 0, 0
439950, 950, 1, 0, 0
440050, 960, 1, 0, 0
440150, 1000, 1, 0, 0
440249, 929, 1, 0, 0
440349, 930, 1, 0, 0
440450, 950, 1, 0, 0
440550, 930, 1, 0, 0
440650, 950, 1, 0, 0
440750, 920, 1, 0, 0
440850, 940, 1, 0, 0
440950, 940, 1, 0, 0
441050, 980, 1, 0, 0
441150, 960, 1, 0, 0
441250, 990, 1, 0, 0
441350, 950, 1, 0, 0
441450, 980, 1, 0, 0
441550, 950, 1, 0, 0
441651, 960, 1, 0, 0
441750, 979, 1, 0, 0
441850, 940, 1, 0, 0
441950, 950, 1, 0, 0
442050, 970, 1, 0, 0
442150, 960, 1, 0, 0
442250, 950, 1, 0, 0
442350, 980, 1, 0, 0
442450, 930, 1, 0, 0
442550, 950, 1, 0, 0
442650, 900, 1, 0, 0
442749, 949, 1, 0, 0
442849, 970, 1, 0, 0
442950, 980, 1, 0, 0
443050, 960, 1, 0, 0
443150, 990, 1, 0, 0
443250, 1010, 1, 0, 0
443350, 940, 1, 0, 0
443450, 900, 1, 0, 0
443550, 980, 1, 0, 0
443650, 960, 1, 0, 0
443750, 940, 1, 0, 0
443850, 970, 1, 0, 0
443950, 1000, 1, 0, 0
444050, 1010, 1, 0, 0
444150, 990, 1, 0, 0
444250, 919, 1, 0, 0
444350, 960, 1, 0, 0
444450, 1000, 1, 0, 0
444550, 960, 1, 0, 0
444650, 1010, 1, 0, 0
444750, 1010, 1, 0, 0
444850, 960, 1, 0, 0
444950, 980, 1, 0, 0
445050, 1010, 1, 0, 0
445150, 1030, 1, 0, 0
445250, 1000, 1, 0, 0
445350, 1010, 1, 0, 0
445450, 990, 1, 0, 0
445551, 1000, 1, 0, 0
445651, 990, 1, 0, 0
445750, 959, 1, 0, 0
445850, 960, 1, 0, 0
445950, 1010, 1, 0, 0
446050, 930, 1, 0, 0
446150, 1000, 1, 0, 0
446250, 960, 1, 0, 0
446350, 970, 1, 0, 0
446450, 950, 1, 0, 0
446550, 980, 1, 0, 0
446650, 920, 1, 0, 0
446749, 1010, 1, 0, 0
446849, 980, 1, 0, 0
446949, 930, 1, 0, 0
447050, 940, 1, 0, 0
447150, 970, 1, 0, 0
447250, 980, 1, 0, 0
447350, 1020, 1, 0, 0
447450, 980, 1, 0, 0
447550, 930, 1, 0, 0
447650, 970, 1, 0, 0
447750, 970, 1, 0, 0
447850, 970, 1, 0, 0
447950, 980, 1, 0, 0
448050, 1030, 1, 0, 0
448150, 970, 1, 0, 0
448249, 969, 1, 0, 0
448350, 940, 1, 0, 0
448450, 990, 1, 0, 0
448550, 1010, 1, 0, 0
448650, 950, 1, 0, 0
448750, 1000, 1, 0, 0
448850, 1000, 1, 0, 0
448950, 950, 1, 0, 0
449050, 950, 1, 0, 0
449150, 980, 1, 0, 0
449250, 950, 1, 0, 0
449350, 970, 1, 0, 0
449450, 1000, 1, 0, 0
449551, 960, 1, 0, 0
449651, 920, 1, 0, 0
449750, 909, 1, 0, 0
449850, 960, 1, 0, 0
449950, 990, 1, 0, 0
450050, 990, 1, 0, 0
450150, 990, 1, 0, 0
450250, 960, 1, 0, 0
450350, 1010, 1, 0, 0
450450, 1010, 1, 0, 0
450550, 990, 1, 0, 0
450650, 990, 1, 0, 0
450749, 939, 1, 0, 0
450850, 960, 1, 0, 0
450950, 970, 1, 0, 0
451050, 960, 1, 0, 0
451150, 1000, 1, 0, 0
451250, 980, 1, 0, 0
451350, 1010, 1, 0, 0
451450, 930, 1, 0, 0
451550, 1010, 1, 0, 0
451650, 1010, 1, 0, 0
451750, 940, 1, 0, 0
451850, 960, 1, 0, 0
451950, 1020, 1, 0, 0
452050, 920, 1, 0, 0
452151, 940, 1, 0, 0
452250, 979, 1, 0, 0
452350, 1000, 1, 0, 0
452450, 960, 1, 0, 0
452550, 990, 1, 0, 0
452650, 1000, 1, 0, 0
452750, 990, 1, 0, 0
452850, 970, 1, 0, 0
452950, 960, 1, 0, 0
453050, 990, 1, 0, 0
453150, 980, 1, 0, 0
453250, 980, 1, 0, 0
453350, 1020, 1, 0, 0
453450, 980, 1, 0, 0
453551, 920, 1, 0, 0
453651, 970, 1, 0, 0
453750, 929, 1, 0, 0
453850, 910, 1, 0, 0
453950, 910, 1, 0, 0
454050, 970, 1, 0, 0
454150, 1000, 1, 0, 0
454250, 970, 1, 0, 0
454350, 990, 1, 0, 0
454450, 990, 1, 0, 0
454550, 990, 1, 0, 0
454650, 980, 1, 0, 0
454750, 969, 1, 0, 0
454850, 1010, 1, 0, 0
454950, 960, 1, 0, 0
455050, 980, 1, 0, 0
455150, 960, 1, 0, 0
455250, 940, 1, 0, 0
455350, 970, 1, 0, 0
455450, 910, 1, 0, 0
455550, 1020, 1, 0, 0
455650, 980, 1, 0, 0
455750, 980, 1, 0, 0
455850, 990, 1, 0, 0
455950, 960, 1, 0, 0
456051, 990, 1, 0, 0
456151, 990, 1, 0, 0
456250, 969, 1, 0, 0
456350, 980, 1, 0, 0
456450, 950, 1, 0, 0
456550, 970, 1, 0, 0
456650, 970, 1, 0, 0
456750, 940, 1, 0, 0
456850, 950, 1, 0, 0
456950, 990, 1, 0, 0
457050, 1010, 1, 0, 0
457150, 930, 1, 0, 0
457250, 980, 1, 0, 0
457350, 980, 1, 0, 0
457450, 990, 1, 0, 0
457551, 960, 1, 0, 0
457651, 970, 1, 0, 0
457750, 989, 1, 0, 0
457850, 990, 1, 0, 0
457950, 1010, 1, 0, 0
458050, 970, 1, 0, 0
458150, 950, 1, 0, 0
458250, 980, 1, 0, 0
458350, 990, 1, 0, 0
458450, 990, 1, 0, 0
458550, 920, 1, 0, 0
458650, 970, 1, 0, 0
458750, 959, 1, 0, 0
458850, 1030, 1, 0, 0
458950, 980, 1, 0, 0
459050, 980, 1, 0, 0
459150, 950, 1, 0, 0
459250, 970, 1, 0, 0
459350, 980, 1, 0, 0
459450, 970, 1, 0, 0
459550, 1000, 1, 0, 0
459650, 990, 1, 0, 0
459750, 1000, 1, 0, 0
459850, 980, 1, 0, 0
459950, 1000, 1, 0, 0
460050, 990, 1, 0, 0
460151, 970, 1, 0, 0
460250, 1000, 1, 0, 0
460350, 990, 1, 0, 0
460450, 950, 1, 0, 0
460550, 1010, 1, 0, 0
460650, 1010, 1, 0, 0
460750, 1000, 1, 0, 0
460850, 950, 1, 0, 0
460950, 980, 1, 0, 0
461050, 920, 1, 0, 0
461150, 980, 1, 0, 0
461250, 960, 1, 0, 0
461350, 980, 1, 0, 0
461451, 960, 1, 0, 0
461551, 990, 1, 0, 0
461651, 970, 1, 0, 0
461750, 989, 1, 0, 0
461850, 990, 1, 0, 0
461950, 980, 1, 0, 0
462050, 940, 1, 0, 0
462150, 950, 1, 0, 0
462250, 980, 1, 0, 0
462350, 1000, 1, 0, 0
462450, 1000, 1, 0, 0
462550, 960, 1, 0, 0
462650, 990, 1, 0, 0
462750, 1010, 1, 0, 0
462850, 990, 1, 0, 0
462950, 990, 1, 0, 0
463050, 970, 1, 0, 0
463150, 1000, 1, 0, 0
463250, 1010, 1, 0, 0
463350, 990, 1, 0, 0
463450, 990, 1, 0, 0
463550, 1040, 1, 0, 0
463650, 1030, 1, 0, 0
463750, 990, 1, 0, 0
463850, 990, 1, 0, 0
463950, 990, 1, 0, 0
464051, 1030, 1, 0, 0
464151, 1000, 1, 0, 0
464250, 1010, 1, 0, 0
464350, 1000, 1, 0, 0
464450, 990, 1, 0, 0
464550, 1000, 1, 0, 0
464650, 1000, 1, 0, 0
464750, 990, 1, 0, 0
464850, 990, 1, 0, 0
464950, 970, 1, 0, 0
465050, 940, 1, 0, 0
465150, 980, 1, 0, 0
465250, 960, 1, 0, 0
465350, 950, 1, 0, 0
465450, 990, 1, 0, 0
465551, 970, 1, 0, 0
465651, 1030, 1, 0, 0
465750, 939, 1, 0, 0
465850, 960, 1, 0, 0
465950, 980, 1, 0, 0
466050, 950, 1, 0, 0
466150, 1000, 1, 0, 0
466250, 1000, 1, 0, 0
466350, 950, 1, 0, 0
466450, 1010, 1, 0, 0
466550, 970, 1, 0, 0
466650, 990, 1, 0, 0
466750, 989, 1, 0, 0
466850, 1010, 1, 0, 0
466950, 970, 1, 0, 0
467050, 960, 1, 0, 0
467150, 990, 1, 0, 0
467250, 980, 1, 0, 0
467350, 980, 1, 0, 0
467450, 940, 1, 0, 0
467550, 950, 1, 0, 0
467650, 980, 1, 0, 0
467750, 960, 1, 0, 0
467850, 990, 1, 0, 0
467950, 1010, 1, 0, 0
468050, 980, 1, 0, 0
468150, 1010, 1, 0, 0
468250, 979, 1, 0, 0
468350, 970, 1, 0, 0
468450, 990, 1, 0, 0
468550, 960, 1, 0, 0
468650, 1000, 1, 0, 0
468750, 1020, 1, 0, 0
468850, 980, 1, 0, 0
468950, 960, 1, 0, 0
469050, 970, 1, 0, 0
469150, 960, 1, 0, 0
469250, 1010, 1, 0, 0
469350, 960, 1, 0, 0
469450, 970, 1, 0, 0
469551, 1000, 1, 0, 0
469651, 960, 1, 0, 0
469750, 1000, 1, 0, 0
469850, 950, 1, 0, 0
469950, 960, 1, 0, 0
470050, 950, 1, 0, 0
470150, 970, 1, 0, 0
470250, 960, 1, 0, 0
470350, 970, 1, 0, 0
470450, 930, 1, 0, 0
470550, 980, 1, 0, 0
470650, 990, 1, 0, 0
470750, 969, 1, 0, 0
470850, 990, 1, 0, 0
470950, 990, 1, 0, 0
471050, 940, 1, 0, 0
471150, 960, 1, 0, 0
471250, 950, 1, 0, 0
471350, 940, 1, 0, 0
471450, 1020, 1, 0, 0
471550, 990, 1, 0, 0
471650, 1000, 1, 0, 0
471750, 960, 1, 0, 0
471850, 960, 1, 0, 0
471950, 990, 1, 0, 0
472051, 920, 1, 0, 0
472151, 950, 1, 0, 0
472250, 959, 1, 0, 0
472350, 970, 1, 0, 0
472450, 960, 1, 0, 0
472550, 990, 1, 0, 0
472650, 1000, 1, 0, 0
472750, 940, 1, 0, 0
472850, 940, 1, 0, 0
472950, 950, 1, 0, 0
473050, 990, 1, 0, 0
473150, 970, 1, 0, 0
473249, 979, 1, 0, 0
473350, 980, 1, 0, 0
473450, 970, 1, 0, 0
473550, 990, 1, 0, 0
473650, 980, 1, 0, 0
473750, 960, 1, 0, 0
473850, 930, 1, 0, 0
473950, 990, 1, 0, 0
474050, 1000, 1, 0, 0
474150, 1040, 1, 0, 0
474250, 970, 1, 0, 0
474350, 1000, 1, 0, 0
474450, 950, 1, 0, 0
474550, 960, 1, 0, 0
474650, 980, 1, 0, 0
474750, 939, 1, 0, 0
474850, 940, 1, 0, 0
474950, 1010, 1, 0, 0
475050, 970, 1, 0, 0
475150, 920, 1, 0, 0
475250, 970, 1, 0, 0
475350, 1010, 1, 0, 0
475450, 980, 1, 0, 0
475550, 1000, 1, 0, 0
475650, 970, 1, 0, 0
475750, 1000, 1, 0, 0
475850, 1000, 1, 0, 0
475950, 940, 1, 0, 0
476051, 950, 1, 0, 0
476151, 980, 1, 0, 0
476250, 949, 1, 0, 0
476350, 970, 1, 0, 0
476450, 960, 1, 0, 0
476550, 990, 1, 0, 0
476650, 980, 1, 0, 0
476750, 930, 1, 0, 0
476850, 1000, 1, 0, 0
476950, 1010, 1, 0, 0
477050, 970, 1, 0, 0
477150, 980, 1, 0, 0
477250, 959, 1, 0, 0
477350, 960, 1, 0, 0
477450, 980, 1, 0, 0
477550, 1030, 1, 0, 0
477650, 950, 1, 0, 0
477750, 990, 1, 0, 0
477850, 980, 1, 0, 0
477950, 950, 1, 0, 0
478050, 920, 1, 0, 0
478150, 890, 1, 0, 0
478250, 990, 1, 0, 0
478350, 950, 1, 0, 0
478450, 900, 1, 0, 0
478550, 1000, 1, 0, 0
478651, 960, 1, 0, 0
478750, 989, 1, 0, 0
478850, 1000, 1, 0, 0
478950, 960, 1, 0, 0
479050, 1010, 1, 0, 0
479150, 950, 1, 0, 0
479250, 950, 1, 0, 0
479350, 980, 1, 0, 0
479450, 980, 1, 0, 0
479550, 940, 1, 0, 0
479650, 950, 1, 0, 0
479750, 930, 1, 0, 0
479850, 920, 1, 0, 0
479950, 990, 1, 0, 0
480051, 950, 1, 0, 0
480151, 950, 1, 0, 0
480250, 969, 1, 0, 0
480350, 1000, 1, 0, 0
480450, 930, 1, 0, 0
480550, 950, 1, 0, 0
480650, 970, 1, 0, 0
480750, 950, 1, 0, 0
480850, 970, 1, 0, 0
480950, 970, 1, 0, 0
481050, 980, 1, 0, 0
481150, 960, 1, 0, 0
481250, 949, 1, 0, 0
481350, 920, 1, 0, 0
481450, 980, 1, 0, 0
481550, 970, 1, 0, 0
481650, 940, 1, 0, 0
481750, 960, 1, 0, 0
481850, 930, 1, 0, 0
481950, 960, 1, 0, 0
482050, 920, 1, 0, 0
482150, 940, 1, 0, 0
482250, 940, 1, 0, 0
482350, 960, 1, 0, 0
482450, 940, 1, 0, 0
482551, 960, 1, 0, 0
482651, 930, 1, 0, 0
482750, 979, 1, 0, 0
482850, 950, 1, 0, 0
482950, 990, 1, 0, 0
483050, 960, 1, 0, 0
483150, 1000, 1, 0, 0
483250, 930, 1, 0, 0
483350, 970, 1, 0, 0
483450, 1010, 1, 0, 0
483550, 970, 1, 0, 0
483650, 950, 1, 0, 0
483750, 970, 1, 0, 0
483850, 940, 1, 0, 0
483950, 940, 1, 0, 0
484051, 960, 1, 0, 0
484151, 960, 1, 0, 0
484250, 989, 1, 0, 0
484350, 990, 1, 0, 0
484450, 920, 1, 0, 0
484550, 960, 1, 0, 0
484650, 1010, 1, 0, 0
484750, 940, 1, 0, 0
484850, 960, 1, 0, 0
484950, 950, 1, 0, 0
485050, 950, 1, 0, 0
485150, 1000, 1, 0, 0
485250, 980, 1, 0, 0
485351, 950, 1, 0, 0
485451, 970, 1, 0, 0
485551, 970, 1, 0, 0
485651, 970, 1, 0, 0
485750, 979, 1, 0, 0
485850, 1000, 1, 0, 0
485950, 940, 1, 0, 0
486050, 960, 1, 0, 0
486150, 960, 1, 0, 0
486250, 980, 1, 0, 0
486350, 980, 1, 0, 0
486450, 980, 1, 0, 0
486550, 970, 1, 0, 0
486650, 970, 1, 0, 0
486750, 979, 1, 0, 0
486850, 960, 1, 0, 0
486950, 940, 1, 0, 0
487050, 950, 1, 0, 0
487150, 980, 1, 0, 0
487250, 970, 1, 0, 0
487350, 1010, 1, 0, 0
487450, 990, 1, 0, 0
487550, 1020, 1, 0, 0
487650, 980, 1, 0, 0
487750, 980, 1, 0, 0
487850, 1000, 1, 0, 0
487950, 1010, 1, 0, 0
488051, 1000, 1, 0, 0
488151, 1000, 1, 0, 0
488250, 959, 1, 0, 0
488350, 1050, 1, 0, 0
488450, 950, 1, 0, 0
488550, 970, 1, 0, 0
488650, 950, 1, 0, 0
488750, 970, 1, 0, 0
488850, 960, 1, 0, 0
488950, 960, 1, 0, 0
489050, 910, 1, 0, 0
489150, 980, 1, 0, 0
489250, 990, 1, 0, 0
489351, 960, 1, 0, 0
489451, 980, 1, 0, 0
489551, 1000, 1, 0, 0
489651, 970, 1, 0, 0
489750, 989, 1, 0, 0
489850, 940, 1, 0, 0
489950, 940, 1, 0, 0
490050, 990, 1, 0, 0
490150, 980, 1, 0, 0
490250, 940, 1, 0, 0
490350, 1030, 1, 0, 0
490450, 1030, 1, 0, 0
490550, 980, 1, 0, 0
490650, 1010, 1, 0, 0
490750, 949, 1, 0, 0
490850, 950, 1, 0, 0
490950, 940, 1, 0, 0
491050, 910, 1, 0, 0
491150, 940, 1, 0, 0
491250, 960, 1, 0, 0
491350, 950, 1, 0, 0
491450, 930, 1, 0, 0
491550, 950, 1, 0, 0
491650, 950, 1, 0, 0
491750, 960, 1, 0, 0
491850, 990, 1, 0, 0
491950, 970, 1, 0, 0
492051, 960, 1, 0, 0
492151, 940, 1, 0, 0
492250, 969, 1, 0, 0
492350, 990, 1, 0, 0
492450, 960, 1, 0, 0
492550, 940, 1, 0, 0
492650, 990, 1, 0, 0
492750, 950, 1, 0, 0
492850, 950, 1, 0, 0
492950, 990, 1, 0, 0
493050, 960, 1, 0, 0
493150, 960, 1, 0, 0
493250, 980, 1, 0, 0
493351, 960, 1, 0, 0
493451, 930, 1, 0, 0
493551, 890, 1, 0, 0
493651, 950, 1, 0, 0
493750, 969, 1, 0, 0
493850, 970, 1, 0, 0
493950, 970, 1, 0, 0
494050, 940, 1, 0, 0
494150, 960, 1, 0, 0
494250, 940, 1, 0, 0
494350, 960, 1, 0, 0
494450, 960, 1, 0, 0
494550, 970, 1, 0, 0
494650, 960, 1, 0, 0
494750, 949, 1, 0, 0
494850, 940, 1, 0, 0
494950, 980, 1, 0, 0
495050, 950, 1, 0, 0
495150, 930, 1, 0, 0
495250, 960, 1, 0, 0
495350, 1040, 1, 0, 0
495450, 990, 1, 0, 0
495550, 960, 1, 0, 0
495650, 1020, 1, 0, 0
495750, 980, 1, 0, 0
495850, 980, 1, 0, 0
495950, 940, 1, 0, 0
496051, 940, 1, 0, 0
496151, 980, 1, 0, 0
496250, 969, 1, 0, 0
496350, 990, 1, 0, 0
496450, 930, 1, 0, 0
496550, 960, 1, 0, 0
496650, 970, 1, 0, 0
496750, 960, 1, 0, 0
496850, 990, 1, 0, 0
496950, 980, 1, 0, 0
497050, 960, 1, 0, 0
497150, 960, 1, 0, 0
497250, 950, 1, 0, 0
497350, 1010, 1, 0, 0
497450, 960, 1, 0, 0
497551, 930, 1, 0, 0
497651, 980, 1, 0, 0
497750, 969, 1, 0, 0
497850, 930, 1, 0, 0
497950, 970, 1, 0, 0
498050, 1000, 1, 0, 0
498150, 930, 1, 0, 0
498250, 960, 1, 0, 0
498350, 940, 1, 0, 0
498450, 940, 1, 0, 0
498550, 950, 1, 0, 0
498650, 970, 1, 0, 0
498750, 940, 1, 0, 0
498851, 970, 1, 0, 0
498951, 970, 1, 0, 0
499051, 990, 1, 0, 0
499151, 990, 1, 0, 0
499250, 929, 1, 0, 0
499350, 980, 1, 0, 0
499450, 970, 1, 0, 0
499550, 980, 1, 0, 0
499650, 970, 1, 0, 0
499750, 1000, 1, 0, 0
499850, 980, 1, 0, 0
499950, 930, 1, 0, 0
500050, 920, 1, 0, 0
500151, 910, 1, 0, 0
500250, 929, 1, 0, 0
500350, 940, 1, 0, 0
500450, 930, 1, 0, 0
500550, 970, 1, 0, 0
500650, 930, 1, 0, 0
500750, 960, 1, 0, 0
500850, 930, 1, 0, 0
500950, 960, 1, 0, 0
501050, 910, 1, 0, 0
501150, 950, 1, 0, 0
501250, 960, 1, 0, 0
501350, 950, 1, 0, 0
501450, 990, 1, 0, 0
501551, 950, 1, 0, 0
501651, 940, 1, 0, 0
501750, 989, 1, 0, 0
501850, 980, 1, 0, 0
501950, 950, 1, 0, 0
502050, 970, 1, 0, 0
502150, 970, 1, 0, 0
502250, 990, 1, 0, 0
502350, 1000, 1, 0, 0
502450, 990, 1, 0, 0
502550, 930, 1, 0, 0
502650, 990, 1, 0, 0
502750, 969, 1, 0, 0
502850, 980, 1, 0, 0
502950, 980, 1, 0, 0
503050, 1020, 1, 0, 0
503150, 1010, 1, 0, 0
503250, 960, 1, 0, 0
503350, 1010, 1, 0, 0
503450, 1000, 1, 0, 0
503550, 960, 1, 0, 0
503650, 990, 1, 0, 0
503750, 960, 1, 0, 0
503850, 970, 1, 0, 0
503950, 980, 1, 0, 0
504051, 1000, 1, 0, 0
504151, 1000, 1, 0, 0
504250, 979, 1, 0, 0
504350, 980, 1, 0, 0
504450, 1000, 1, 0, 0
504550, 960, 1, 0, 0
504650, 980, 1, 0, 0
504750, 940, 1, 0, 0
504850, 950, 1, 0, 0
504950, 960, 1, 0, 0
505050, 960, 1, 0, 0
505150, 980, 1, 0, 0
505250, 950, 1, 0, 0
505350, 990, 1, 0, 0
505451, 940, 1, 0, 0
505551, 920, 1, 0, 0
505651, 930, 1, 0, 0
505750, 989, 1, 0, 0
505850, 950, 1, 0, 0
505950, 990, 1, 0, 0
506050, 960, 1, 0, 0
506150, 930, 1, 0, 0
506250, 940, 1, 0, 0
506350, 980, 1, 0, 0
506450, 960, 1, 0, 0
506550, 940, 1, 0, 0
506650, 920, 1, 0, 0
506751, 960, 1, 0, 0
506851, 960, 1, 0, 0
506951, 1010, 1, 0, 0
507051, 940, 1, 0, 0
507151, 960, 1, 0, 0
507250, 969, 1, 0, 0
507350, 980, 1, 0, 0
507450, 930, 1, 0, 0
507550, 940, 1, 0, 0
507650, 970, 1, 0, 0
507750, 980, 1, 0, 0
507850, 990, 1, 0, 0
507950, 920, 1, 0, 0
508051, 990, 1, 0, 0
508151, 960, 1, 0, 0
508250, 959, 1, 0, 0
508350, 950, 1, 0, 0
508450, 950, 1, 0, 0
508550, 960, 1, 0, 0
508650, 990, 1, 0, 0
508750, 990, 1, 0, 0
508850, 930, 1, 0, 0
508950, 940, 1, 0, 0
509050, 870, 1, 0, 0
509150, 960, 1, 0, 0
509250, 970, 1, 0, 0
509350, 880, 1, 0, 0
509451, 920, 1, 0, 0
509551, 990, 1, 0, 0
509651, 950, 1, 0, 0
509750, 1010, 1, 0, 0
509850, 910, 1, 0, 0
509950, 930, 1, 0, 0
510050, 940, 1, 0, 0
510150, 940, 1, 0, 0
510250, 960, 1, 0, 0
510350, 980, 1, 0, 0
510450, 980, 1, 0, 0
510550, 970, 1, 0, 0
510651, 1000, 1, 0, 0
510750, 989, 1, 0, 0
510850, 990, 1, 0, 0
510950, 950, 1, 0, 0
511050, 970, 1, 0, 0
511150, 1000, 1, 0, 0
511250, 970, 1, 0, 0
511350, 990, 1, 0, 0
511450, 940, 1, 0, 0
511550, 950, 1, 0, 0
511650, 1000, 1, 0, 0
511750, 950, 1, 0, 0
511850, 1000, 1, 0, 0
511951, 980, 1, 0, 0
512051, 960, 1, 0, 0
512151, 940, 1, 0, 0
512250, 969, 1, 0, 0
512350, 960, 1, 0, 0
512450, 910, 1, 0, 0
512550, 990, 1, 0, 0
512650, 990, 1, 0, 0
512750, 990, 1, 0, 0
512850, 970, 1, 0, 0
512950, 950, 1, 0, 0
513050, 950, 1, 0, 0
513150, 940, 1, 0, 0
513251, 950, 1, 0, 0
513351, 960, 1, 0, 0
513451, 1000, 1, 0, 0
513551, 930, 1, 0, 0
513651, 970, 1, 0, 0
513750, 939, 1, 0, 0
513850, 960, 1, 0, 0
513950, 960, 1, 0, 0
514050, 960, 1, 0, 0
514150, 940, 1, 0, 0
514250, 970, 1, 0, 0
514350, 1000, 1, 0, 0
514450, 910, 1, 0, 0
514550, 950, 1, 0, 0
514651, 900, 1, 0, 0
514750, 939, 1, 0, 0
514850, 940, 1, 0, 0
514950, 940, 1, 0, 0
515050, 940, 1, 0, 0
515150, 960, 1, 0, 0
515250, 1020, 1, 0, 0
515350, 970, 1, 0, 0
515450, 980, 1, 0, 0
515550, 970, 1, 0, 0
515650, 960, 1, 0, 0
515750, 970, 1, 0, 0
515850, 920, 1, 0, 0
515950, 920, 1, 0, 0
516051, 950, 1, 0, 0
516151, 980, 1, 0, 0
516250, 949, 1, 0, 0
516350, 960, 1, 0, 0
516450, 950, 1, 0, 0
516550, 960, 1, 0, 0
516650, 960, 1, 0, 0
516750, 940, 1, 0, 0
516850, 930, 1, 0, 0
516950, 970, 1, 0, 0
517050, 960, 1, 0, 0
517151, 970, 1, 0, 0
517250, 979, 1, 0, 0
517350, 930, 1, 0, 0
517450, 940, 1, 0, 0
517550, 940, 1, 0, 0
517650, 950, 1, 0, 0
517750, 950, 1, 0, 0
517850, 970, 1, 0, 0
517950, 930, 1, 0, 0
518050, 970, 1, 0, 0
518150, 970, 1, 0, 0
518250, 950, 1, 0, 0
518350, 950, 1, 0, 0
518451, 940, 1, 0, 0
518551, 970, 1, 0, 0
518651, 930, 1, 0, 0
518750, 949, 1, 0, 0
518850, 960, 1, 0, 0
518950, 930, 1, 0, 0
519050, 930, 1, 0, 0
519150, 970, 1, 0, 0
519250, 920, 1, 0, 0
519350, 930, 1, 0, 0
519450, 970, 1, 0, 0
519550, 920, 1, 0, 0
519650, 930, 1, 0, 0
519751, 960, 1, 0, 0
519851, 990, 1, 0, 0
519951, 900, 1, 0, 0
520051, 910, 1, 0, 0
520151, 940, 1, 0, 0
520250, 939, 1, 0, 0
520350, 940, 1, 0, 0
520450, 930, 1, 0, 0
520550, 970, 1, 0, 0
520650, 960, 1, 0, 0
520750, 980, 1, 0, 0
520850, 930, 1, 0, 0
520950, 980, 1, 0, 0
521051, 990, 1, 0, 0
521151, 940, 1, 0, 0
521250, 989, 1, 0, 0
521350, 980, 1, 0, 0
521450, 920, 1, 0, 0
521550, 950, 1, 0, 0
521650, 930, 1, 0, 0
521750, 950, 1, 0, 0
521850, 990, 1, 0, 0
521950, 980, 1, 0, 0
522050, 950, 1, 0, 0
522150, 920, 1, 0, 0
522250, 930, 1, 0, 0
522350, 970, 1, 0, 0
522450, 880, 1, 0, 0
522551, 960, 1, 0, 0
522651, 980, 1, 0, 0
522750, 979, 1, 0, 0
522850, 970, 1, 0, 0
522950, 930, 1, 0, 0
523050, 950, 1, 0, 0
523150, 920, 1, 0, 0
523250, 960, 1, 0, 0
523350, 930, 1, 0, 0
523450, 950, 1, 0, 0
523550, 950, 1, 0, 0
523650, 970, 1, 0, 0
523751, 980, 1, 0, 0
523851, 940, 1, 0, 0
523951, 980, 1, 0, 0
524051, 960, 1, 0, 0
524151, 960, 1, 0, 0
524250, 949, 1, 0, 0
524350, 940, 1, 0, 0
524450, 1020, 1, 0, 0
524550, 950, 1, 0, 0
524650, 940, 1, 0, 0
524750, 980, 1, 0, 0
524850, 1020, 1, 0, 0
524950, 960, 1, 0, 0
525050, 1000, 1, 0, 0
525151, 940, 1, 0, 0
525250, 949, 1, 0, 0
525350, 990, 1, 0, 0
525450, 950, 1, 0, 0
525550, 990, 1, 0, 0
525650, 1000, 1, 0, 0
525750, 950, 1, 0, 0
525850, 980, 1, 0, 0
525950, 970, 1, 0, 0
526050, 950, 1, 0, 0
526150, 980, 1, 0, 0
526250, 990, 1, 0, 0
526350, 990, 1, 0, 0
526451, 980, 1, 0, 0
526551, 1010, 1, 0, 0
526651, 1000, 1, 0, 0
526750, 1000, 1, 0, 0
526850, 970, 1, 0, 0
526950, 980, 1, 0, 0
527050, 970, 1, 0, 0
527150, 1000, 1, 0, 0
527250, 980, 1, 0, 0
527350, 990, 1, 0, 0
527450, 970, 1, 0, 0
527550, 880, 1, 0, 0
527650, 960, 1, 0, 0
527751, 970, 1, 0, 0
527851, 980, 1, 0, 0
527951, 980, 1, 0, 0
528051, 980, 1, 0, 0
528151, 990, 1, 0, 0
528250, 959, 1, 0, 0
528350, 990, 1, 0, 0
528450, 980, 1, 0, 0
528550, 990, 1, 0, 0
528650, 1010, 1, 0, 0
528750, 950, 1, 0, 0
528850, 980, 1, 0, 0
528950, 950, 1, 0, 0
529051, 950, 1, 0, 0
529151, 890, 1, 0, 0
529250, 979, 1, 0, 0
529350, 990, 1, 0, 0
529450, 990, 1, 0, 0
529550, 970, 1, 0, 0
529650, 960, 1, 0, 0
529750, 930, 1, 0, 0
529850, 940, 1, 0, 0
529950, 990, 1, 0, 0
530050, 950, 1, 0, 0
530150, 1010, 1, 0, 0
530250, 990, 1, 0, 0
530350, 970, 1, 0, 0
530451, 960, 1, 0, 0
530551, 960, 1, 0, 0
530651, 990, 1, 0, 0
530750, 1000, 1, 0, 0
530850, 1010, 1, 0, 0
530950, 970, 1, 0, 0
531050, 940, 1, 0, 0
531150, 970, 1, 0, 0
531250, 990, 1, 0, 0
531350, 980, 1, 0, 0
531450, 990, 1, 0, 0
531550, 970, 1, 0, 0
531650, 970, 1, 0, 0
531751, 980, 1, 0, 0
531851, 960, 1, 0, 0
531951, 910, 1, 0, 0
532051, 960, 1, 0, 0
532151, 980, 1, 0, 0
532250, 949, 1, 0, 0
532350, 950, 1, 0, 0
532450, 960, 1, 0, 0
532550, 920, 1, 0, 0
532650, 930, 1, 0, 0
532750, 960, 1, 0, 0
532850, 950, 1, 0, 0
532950, 990, 1, 0, 0
533051, 980, 1, 0, 0
533151, 990, 1, 0, 0
533250, 919, 1, 0, 0
533350, 940, 1, 0, 0
533450, 930, 1, 0, 0
533550, 960, 1, 0, 0
533650, 930, 1, 0, 0
533750, 990, 1, 0, 0
533850, 970, 1, 0, 0
533950, 970, 1, 0, 0
534050, 950, 1, 0, 0
534150, 950, 1, 0, 0
534251, 930, 1, 0, 0
534351, 990, 1, 0, 0
534451, 1000, 1, 0, 0
534551, 1010, 1, 0, 0
534651, 980, 1, 0, 0
534750, 898, 1, 0, 0
534850, 960, 1, 0, 0
534950, 950, 1, 0, 0
535050, 980, 1, 0, 0
535150, 960, 1, 0, 0
535250, 920, 1, 0, 0
535350, 900, 1, 0, 0
535450, 900, 1, 0, 0
535550, 1010, 1, 0, 0
535651, 950, 1, 0, 0
535751, 920, 1, 0, 0
535851, 970, 1, 0, 0
535951, 940, 1, 0, 0
536051, 1000, 1, 0, 0
536151, 970, 1, 0, 0
536250, 939, 1, 0, 0
536350, 960, 1, 0, 0
536450, 940, 1, 0, 0
536550, 930, 1, 0, 0
536650, 950, 1, 0, 0
536750, 940, 1, 0, 0
536850, 880, 1, 0, 0
536951, 930, 1, 0, 0
537051, 890, 1, 0, 0
537151, 920, 1, 0, 0
537250, 929, 1, 0, 0
537350, 970, 1, 0, 0
537450, 940, 1, 0, 0
537550, 940, 1, 0, 0
537650, 900, 1, 0, 0
537750, 950, 1, 0, 0
537850, 930, 1, 0, 0
537950, 920, 1, 0, 0
538050, 920, 1, 0, 0
538150, 920, 1, 0, 0
538251, 910, 1, 0, 0
538351, 940, 1, 0, 0
538451, 920, 1, 0, 0
538551, 960, 1, 0, 0
538651, 920, 1, 0, 0
538750, 949, 1, 0, 0
538850, 970, 1, 0, 0
538950, 930, 1, 0, 0
539050, 960, 1, 0, 0
539150, 960, 1, 0, 0
539250, 950, 1, 0, 0
539350, 940, 1, 0, 0
539450, 960, 1, 0, 0
539551, 960, 1, 0, 0
539651, 960, 1, 0, 0
539750, 969, 1, 0, 0
539850, 960, 1, 0, 0
539950, 940, 1, 0, 0
540050, 960, 1, 0, 0
540150, 970, 1, 0, 0
540250, 990, 1, 0, 0
540350, 950, 1, 0, 0
540450, 910, 1, 0, 0
540550, 920, 1, 0, 0
540650, 970, 1, 0, 0
540751, 950, 1, 0, 0
540851, 970, 1, 0, 0
540951, 940, 1, 0, 0
541051, 920, 1, 0, 0
541151, 990, 1, 0, 0
541250, 979, 1, 0, 0
541350, 960, 1, 0, 0
541450, 990, 1, 0, 0
541550, 970, 1, 0, 0
541650, 950, 1, 0, 0
541750, 940, 1, 0, 0
541850, 920, 1, 0, 0
541950, 940, 1, 0, 0
542051, 910, 1, 0, 0
542151, 940, 1, 0, 0
542250, 989, 1, 0, 0
542350, 980, 1, 0, 0
542450, 970, 1, 0, 0
542550, 970, 1, 0, 0
542650, 990, 1, 0, 0
542750, 970, 1, 0, 0
542850, 980, 1, 0, 0
542950, 970, 1, 0, 0
543050, 950, 1, 0, 0
543150, 960, 1, 0, 0
543250, 960, 1, 0, 0
543350, 1000, 1, 0, 0
543451, 940, 1, 0, 0
543551, 960, 1, 0, 0
543651, 960, 1, 0, 0
543750, 989, 1, 0, 0
543850, 970, 1, 0, 0
543950, 1000, 1, 0, 0
544050, 970, 1, 0, 0
544150, 980, 1, 0, 0
544250, 950, 1, 0, 0
544350, 970, 1, 0, 0
544450, 970, 1, 0, 0
544550, 970, 1, 0, 0
544650, 950, 1, 0, 0
544751, 960, 1, 0, 0
544851, 990, 1, 0, 0
544951, 990, 1, 0, 0
545051, 990, 1, 0, 0
545151, 980, 1, 0, 0
545250, 1020, 1, 0, 0
545350, 940, 1, 0, 0
545450, 1000, 1, 0, 0
545550, 970, 1, 0, 0
545650, 980, 1, 0, 0
545750, 920, 1, 0, 0
545850, 970, 1, 0, 0
545950, 980, 1, 0, 0
546050, 1000, 1, 0, 0
546151, 980, 1, 0, 0
546251, 980, 1, 0, 0
546351, 1000, 1, 0, 0
546451, 980, 1, 0, 0
546551, 980, 1, 0, 0
546651, 1020, 1, 0, 0
546750, 929, 1, 0, 0
546850, 970, 1, 0, 0
546950, 930, 1, 0, 0
547050, 950, 1, 0, 0
547150, 970, 1, 0, 0
547250, 950, 1, 0, 0
547350, 1010, 1, 0, 0
547451, 950, 1, 0, 0
547551, 1000, 1, 0, 0
547651, 970, 1, 0, 0
547750, 989, 1, 0, 0
547850, 990, 1, 0, 0
547950, 1010, 1, 0, 0
548050, 990, 1, 0, 0
548150, 960, 1, 0, 0
548250, 970, 1, 0, 0
548350, 990, 1, 0, 0
548450, 990, 1, 0, 0
548550, 980, 1, 0, 0
548650, 1000, 1, 0, 0
548751, 980, 1, 0, 0
548851, 960, 1, 0, 0
548951, 980, 1, 0, 0
549051, 1020, 1, 0, 0
549151, 980, 1, 0, 0
549250, 979, 1, 0, 0
549350, 1010, 1, 0, 0
549450, 980, 1, 0, 0
549550, 1010, 1, 0, 0
549650, 960, 1, 0, 0
549750, 980, 1, 0, 0
549850, 1010, 1, 0, 0
549950, 1030, 1, 0, 0
550051, 1010, 1, 0, 0
550151, 960, 1, 0, 0
550250, 959, 1, 0, 0
550350, 1010, 1, 0, 0
550450, 940, 1, 0, 0
550550, 1000, 1, 0, 0
550650, 1000, 1, 0, 0
550750, 980, 1, 0, 0
550850, 980, 1, 0, 0
550950, 980, 1, 0, 0
551050, 980, 1, 0, 0
551150, 960, 1, 0, 0
551251, 980, 1, 0, 0
551351, 1000, 1, 0, 0
551451, 990, 1, 0, 0
551551, 950, 1, 0, 0
551651, 1020, 1, 0, 0
551750, 979, 1, 0, 0
551850, 1000, 1, 0, 0
551950, 970, 1, 0, 0
552050, 960, 1, 0, 0
552150, 970, 1, 0, 0
552250, 1010, 1, 0, 0
552350, 980, 1, 0, 0
552450, 940, 1, 0, 0
552551, 940, 1, 0, 0
552651, 940, 1, 0, 0
552750, 989, 1, 0, 0
552850, 980, 1, 0, 0
552950, 960, 1, 0, 0
553050, 1000, 1, 0, 0
553150, 980, 1, 0, 0
553250, 970, 1, 0, 0
553350, 960, 1, 0, 0
553450, 930, 1, 0, 0
553550, 940, 1, 0, 0
553650, 980, 1, 0, 0
553751, 950, 1, 0, 0
553851, 980, 1, 0, 0
553951, 910, 1, 0, 0
554051, 940, 1, 0, 0
554151, 980, 1, 0, 0
554250, 959, 1, 0, 0
554350, 970, 1, 0, 0
554450, 930, 1, 0, 0
554550, 1030, 1, 0, 0
554650, 990, 1, 0, 0
554750, 980, 1, 0, 0
554850, 990, 1, 0, 0
554950, 1010, 1, 0, 0
555050, 1010, 1, 0, 0
555150, 1010, 1, 0, 0
555251, 960, 1, 0, 0
555351, 1030, 1, 0, 0
555451, 960, 1, 0, 0
555551, 1020, 1, 0, 0
555651, 990, 1, 0, 0
555750, 989, 1, 0, 0
555850, 1020, 1, 0, 0
555950, 950, 1, 0, 0
556050, 990, 1, 0, 0
556150, 1010, 1, 0, 0
556250, 980, 1, 0, 0
556350, 950, 1, 0, 0
556450, 960, 1, 0, 0
556551, 990, 1, 0, 0
556651, 1000, 1, 0, 0
556751, 960, 1, 0, 0
556851, 960, 1, 0, 0
556951, 970, 1, 0, 0
557051, 980, 1, 0, 0
557151, 980, 1, 0, 0
557250, 959, 1, 0, 0
557350, 940, 1, 0, 0
557450, 990, 1, 0, 0
557550, 1000, 1, 0, 0
557650, 960, 1, 0, 0
557750, 930, 1, 0, 0
557851, 980, 1, 0, 0
557951, 980, 1, 0, 0
558051, 970, 1, 0, 0
558151, 960, 1, 0, 0
558250, 979, 1, 0, 0
558350, 980, 1, 0, 0
558450, 960, 1, 0, 0
558550, 970, 1, 0, 0
558650, 990, 1, 0, 0
558750, 1000, 1, 0, 0
558850, 960, 1, 0, 0
558950, 980, 1, 0, 0
559050, 990, 1, 0, 0
559151, 970, 1, 0, 0
559251, 980, 1, 0, 0
559351, 1000, 1, 0, 0
559451, 1010, 1, 0, 0
559551, 1020, 1, 0, 0
559651, 960, 1, 0, 0
559750, 1030, 1, 0, 0
559850, 980, 1, 0, 0
559950, 960, 1, 0, 0
560050, 960, 1, 0, 0
560150, 950, 1, 0, 0
560250, 950, 1, 0, 0
560350, 960, 1, 0, 0
560450, 980, 1, 0, 0
560551, 960, 1, 0, 0
560651, 1000, 1, 0, 0
560751, 960, 1, 0, 0
560851, 1010, 1, 0, 0
560951, 970, 1, 0, 0
561051, 1030, 1, 0, 0
561151, 970, 1, 0, 0
561250, 989, 1, 0, 0
561350, 910, 1, 0, 0
561450, 940, 1, 0, 0
561550, 1000, 1, 0, 0
561650, 1040, 1, 0, 0
561750, 970, 1, 0, 0
561851, 990, 1, 0, 0
561951, 970, 1, 0, 0
562051, 970, 1, 0, 0
562151, 990, 1, 0, 0
562250, 1030, 1, 0, 0
562350, 960, 1, 0, 0
562450, 980, 1, 0, 0
562550, 970, 1, 0, 0
562650, 990, 1, 0, 0
562750, 970, 1, 0, 0
562850, 990, 1, 0, 0
562950, 940, 1, 0, 0
563050, 950, 1, 0, 0
563150, 950, 1, 0, 0
563251, 990, 1, 0, 0
563351, 950, 1, 0, 0
563451, 960, 1, 0, 0
563551, 970, 1, 0, 0
563651, 950, 1, 0, 0
563750, 959, 1, 0, 0
563850, 960, 1, 0, 0
563950, 980, 1, 0, 0
564050, 1030, 1, 0, 0
564150, 980, 1, 0, 0
564250, 980, 1, 0, 0
564350, 970, 1, 0, 0
564450, 920, 1, 0, 0
564550, 980, 1, 0, 0
564651, 940, 1, 0, 0
564751, 970, 1, 0, 0
564851, 940, 1, 0, 0
564951, 950, 1, 0, 0
565051, 1010, 1, 0, 0
565151, 960, 1, 0, 0
565250, 979, 1, 0, 0
565350, 940, 1, 0, 0
565450, 990, 1, 0, 0
565550, 940, 1, 0, 0
565650, 960, 1, 0, 0
565750, 990, 1, 0, 0
565850, 940, 1, 0, 0
565950, 990, 1, 0, 0
566051, 950, 1, 0, 0
566151, 970, 1, 0, 0
566250, 989, 1, 0, 0
566350, 990, 1, 0, 0
566450, 950, 1, 0, 0
566550, 950, 1, 0, 0
566650, 950, 1, 0, 0
566750, 940, 1, 0, 0
566850, 920, 1, 0, 0
566950, 980, 1, 0, 0
567050, 960, 1, 0, 0
567150, 980, 1, 0, 0
567251, 960, 1, 0, 0
567351, 960, 1, 0, 0
567451, 970, 1, 0, 0
567551, 910, 1, 0, 0
567651, 1000, 1, 0, 0
567750, 939, 1, 0, 0
567850, 980, 1, 0, 0
567950, 980, 1, 0, 0
568050, 990, 1, 0, 0
568150, 980, 1, 0, 0
568250, 950, 1, 0, 0
568350, 970, 1, 0, 0
568450, 960, 1, 0, 0
568550, 910, 1, 0, 0
568651, 910, 1, 0, 0
568751, 940, 1, 0, 0
568851, 970, 1, 0, 0
568951, 970, 1, 0, 0
569051, 970, 1, 0, 0
569151, 950, 1, 0, 0
569250, 919, 1, 0, 0
569350, 980, 1, 0, 0
569450, 940, 1, 0, 0
569550, 950, 1, 0, 0
569650, 900, 1, 0, 0
569750, 950, 1, 0, 0
569850, 960, 1, 0, 0
569950, 950, 1, 0, 0
570051, 920, 1, 0, 0
570151, 920, 1, 0, 0
570250, 939, 1, 0, 0
570350, 900, 1, 0, 0
570450, 970, 1, 0, 0
570550, 960, 1, 0, 0
570650, 930, 1, 0, 0
570750, 950, 1, 0, 0
570850, 920, 1, 0, 0
570950, 960, 1, 0, 0
571050, 930, 1, 0, 0
571150, 920, 1, 0, 0
571250, 910, 1, 0, 0
571351, 960, 1, 0, 0
571451, 960, 1, 0, 0
571551, 990, 1, 0, 0
571651, 920, 1, 0, 0
571750, 888, 1, 0, 0
571850, 940, 1, 0, 0
571950, 940, 1, 0, 0
572050, 880, 1, 0, 0
572150, 920, 1, 0, 0
572250, 960, 1, 0, 0
572350, 940, 1, 0, 0
572450, 940, 1, 0, 0
572550, 980, 1, 0, 0
572650, 960, 1, 0, 0
572751, 950, 1, 0, 0
572851, 930, 1, 0, 0
572951, 1000, 1, 0, 0
573051, 930, 1, 0, 0
573151, 1030, 1, 0, 0
573250, 989, 1, 0, 0
573350, 950, 1, 0, 0
573450, 960, 1, 0, 0
573550, 950, 1, 0, 0
573650, 950, 1, 0, 0
573750, 950, 1, 0, 0
573850, 940, 1, 0, 0
573950, 970, 1, 0, 0
574051, 980, 1, 0, 0
574151, 910, 1, 0, 0
574251, 960, 1, 0, 0
574351, 980, 1, 0, 0
574451, 960, 1, 0, 0
574551, 990, 1, 0, 0
574651, 950, 1, 0, 0
574750, 979, 1, 0, 0
574850, 970, 1, 0, 0
574950, 990, 1, 0, 0
575050, 950, 1, 0, 0
575150, 960, 1, 0, 0
575251, 890, 1, 0, 0
575351, 910, 1, 0, 0
575451, 970, 1, 0, 0
575551, 910, 1, 0, 0
575651, 950, 1, 0, 0
575750, 969, 1, 0, 0
575850, 960, 1, 0, 0
575950, 920, 1, 0, 0
576050, 950, 1, 0, 0
576150, 930, 1, 0, 0
576250, 940, 1, 0, 0
576350, 930, 1, 0, 0
576450, 940, 1, 0, 0
576550, 950, 1, 0, 0
576650, 970, 1, 0, 0
576751, 960, 1, 0, 0
576851, 1000, 1, 0, 0
576951, 990, 1, 0, 0
577051, 970, 1, 0, 0
577151, 940, 1, 0, 0
577250, 969, 1, 0, 0
577350, 990, 1, 0, 0
577450, 970, 1, 0, 0
577550, 950, 1, 0, 0
577650, 1000, 1, 0, 0
577750, 980, 1, 0, 0
577850, 950, 1, 0, 0
577950, 970, 1, 0, 0
578051, 950, 1, 0, 0
578151, 940, 1, 0, 0
578251, 920, 1, 0, 0
578351, 930, 1, 0, 0
578451, 930, 1, 0, 0
578551, 980, 1, 0, 0
578651, 940, 1, 0, 0
578750, 949, 1, 0, 0
578850, 980, 1, 0, 0
578950, 960, 1, 0, 0
579050, 930, 1, 0, 0
579150, 910, 1, 0, 0
579250, 920, 1, 0, 0
579351, 980, 1, 0, 0
579451, 950, 1, 0, 0
579551, 990, 1, 0, 0
579651, 990, 1, 0, 0
579750, 989, 1, 0, 0
579850, 930, 1, 0, 0
579950, 1000, 1, 0, 0
580050, 970, 1, 0, 0
580150, 990, 1, 0, 0
580250, 980, 1, 0, 0
580350, 1040, 1, 0, 0
580450, 1000, 1, 0, 0
580550, 940, 1, 0, 0
580650, 970, 1, 0, 0
580751, 950, 1, 0, 0
580851, 950, 1, 0, 0
580951, 960, 1, 0, 0
581051, 1010, 1, 0, 0
581151, 960, 1, 0, 0
581250, 979, 1, 0, 0
581350, 940, 1, 0, 0
581450, 940, 1, 0, 0
581550, 950, 1, 0, 0
581650, 920, 1, 0, 0
581750, 960, 1, 0, 0
581850, 990, 1, 0, 0
581950, 970, 1, 0, 0
582050, 950, 1, 0, 0
582151, 990, 1, 0, 0
582251, 890, 1, 0, 0
582351, 980, 1, 0, 0
582451, 950, 1, 0, 0
582551, 960, 1, 0, 0
582651, 970, 1, 0, 0
582750, 949, 1, 0, 0
582850, 970, 1, 0, 0
582950, 1000, 1, 0, 0
583050, 940, 1, 0, 0
583150, 930, 1, 0, 0
583250, 920, 1, 0, 0
583350, 960, 1, 0, 0
583450, 960, 1, 0, 0
583551, 970, 1, 0, 0
583651, 940, 1, 0, 0
583751, 990, 1, 0, 0
583851, 990, 1, 0, 0
583951, 940, 1, 0, 0
584051, 990, 1, 0, 0
584151, 1010, 1, 0, 0
584250, 969, 1, 0, 0
584350, 950, 1, 0, 0
584450, 1000, 1, 0, 0
584550, 920, 1, 0, 0
584650, 990, 1, 0, 0
584751, 980, 1, 0, 0
584851, 940, 1, 0, 0
584951, 970, 1, 0, 0
585051, 940, 1, 0, 0
585151, 970, 1, 0, 0
585250, 969, 1, 0, 0
585350, 980, 1, 0, 0
585450, 970, 1, 0, 0
585550, 940, 1, 0, 0
585650, 990, 1, 0, 0
585750, 1010, 1, 0, 0
585850, 920, 1, 0, 0
585951, 980, 1, 0, 0
586051, 970, 1, 0, 0
586151, 960, 1, 0, 0
586251, 960, 1, 0, 0
586351, 930, 1, 0, 0
586451, 1010, 1, 0, 0
586551, 990, 1, 0, 0
586651, 980, 1, 0, 0
586750, 989, 1, 0, 0
586850, 940, 1, 0, 0
586950, 950, 1, 0, 0
587050, 960, 1, 0, 0
587150, 930, 1, 0, 0
587251, 950, 1, 0, 0
587351, 960, 1, 0, 0
587451, 930, 1, 0, 0
587551, 980, 1, 0, 0
587651, 950, 1, 0, 0
587750, 989, 1, 0, 0
587850, 950, 1, 0, 0
587950, 950, 1, 0, 0
588050, 940, 1, 0, 0
588150, 950, 1, 0, 0
588250, 980, 1, 0, 0
588350, 930, 1, 0, 0
588450, 960, 1, 0, 0
588550, 980, 1, 0, 0
588651, 970, 1, 0, 0
588751, 950, 1, 0, 0
588851, 970, 1, 0, 0
588951, 1000, 1, 0, 0
589051, 950, 1, 0, 0
589151, 950, 1, 0, 0
589250, 939, 1, 0, 0
589350, 940, 1, 0, 0
589450, 930, 1, 0, 0
589550, 940, 1, 0, 0
589650, 1000, 1, 0, 0
589750, 1000, 1, 0, 0
589850, 950, 1, 0, 0
589951, 980, 1, 0, 0
590051, 990, 1, 0, 0
590151, 1000, 1, 0, 0
590251, 1010, 1, 0, 0
590351, 990, 1, 0, 0
590451, 970, 1, 0, 0
590551, 970, 1, 0, 0
590651, 990, 1, 0, 0
590750, 1020, 1, 0, 0
590850, 960, 1, 0, 0
590950, 980, 1, 0, 0
591050, 930, 1, 0, 0
591150, 950, 1, 0, 0
591251, 1000, 1, 0, 0
591351, 980, 1, 0, 0
591451, 970, 1, 0, 0
591551, 1020, 1, 0, 0
591651, 1020, 1, 0, 0
591750, 979, 1, 0, 0
591850, 990, 1, 0, 0
591950, 1020, 1, 0, 0
592050, 990, 1, 0, 0
592150, 990, 1, 0, 0
592250, 960, 1, 0, 0
592350, 950, 1, 0, 0
592450, 960, 1, 0, 0
592551, 1020, 1, 0, 0
592651, 970, 1, 0, 0
592751, 980, 1, 0, 0
592851, 950, 1, 0, 0
592951, 1010, 1, 0, 0
593051, 970, 1, 0, 0
593151, 970, 1, 0, 0
593250, 1010, 1, 0, 0
593350, 1020, 1, 0, 0
593450, 1000, 1, 0, 0
593550, 980, 1, 0, 0
593650, 1030, 1, 0, 0
593750, 980, 1, 0, 0
593851, 990, 1, 0, 0
593951, 970, 1, 0, 0
594051, 920, 1, 0, 0
594151, 980, 1, 0, 0
594251, 960, 1, 0, 0
594351, 970, 1, 0, 0
594451, 1010, 1, 0, 0
594551, 980, 1, 0, 0
594651, 960, 1, 0, 0
594750, 979, 1, 0, 0
594850, 990, 1, 0, 0
594950, 960, 1, 0, 0
595050, 940, 1, 0, 0
595150, 1000, 1, 0, 0
595251, 950, 1, 0, 0
595351, 970, 1, 0, 0
595451, 1010, 1, 0, 0
595551, 990, 1, 0, 0
595651, 950, 1, 0, 0
595750, 949, 1, 0, 0
595850, 1000, 1, 0, 0
595950, 920, 1, 0, 0
596050, 960, 1, 0, 0
596150, 930, 1, 0, 0
596250, 1020, 1, 0, 0
596350, 940, 1, 0, 0
596450, 990, 1, 0, 0
596551, 970, 1, 0, 0
596651, 960, 1, 0, 0
596751, 1000, 1, 0, 0
596851, 980, 1, 0, 0
596951, 1010, 1, 0, 0
597051, 980, 1, 0, 0
597151, 990, 1, 0, 0
597250, 969, 1, 0, 0
597350, 970, 1, 0, 0
597450, 960, 1, 0, 0
597550, 950, 1, 0, 0
597650, 980, 1, 0, 0
597750, 940, 1, 0, 0
597851, 990, 1, 0, 0
597951, 920, 1, 0, 0
598051, 950, 1, 0, 0
598151, 960, 1, 0, 0
598251, 930, 1, 0, 0
598351, 970, 1, 0, 0
598451, 1000, 1, 0, 0
598551, 970, 1, 0, 0
598651, 980, 1, 0, 0
598750, 1020, 1, 0, 0
598850, 990, 1, 0, 0
598950, 960, 1, 0, 0
599050, 1010, 1, 0, 0
599150, 960, 1, 0, 0
599251, 970, 1, 0, 0
599351, 960, 1, 0, 0
599451, 960, 1, 0, 0
599551, 940, 1, 0, 0
599651, 980, 1, 0, 0
599750, 989, 1, 0, 0
599850, 950, 1, 0, 0
599950, 940, 1, 0, 0
